UCL_CODE_2021,MOL_SAL_Filipin_UOLSE_NWorNAA,MOL_SAL_Filipin_UOLSE_Tot,MOL_SAL_Filipin_NS,MOL_SAL_Filipin_Tot,MOL_SAL_Indon_SEO,MOL_SAL_Indon_UOLSE_VWorW,MOL_SAL_Indon_UOLSE_NWorNAA,MOL_SAL_Indon_UOLSE_Tot,MOL_SAL_Indon_NS,MOL_SAL_Indon_Tot,MOL_SAL_Tagalog_SEO,MOL_SAL_Tagalog_UOLSE_VWorW,MOL_SAL_Tagalog_UOLSE_NWorNAA,MOL_SAL_Tagalog_UOLSE_Tot,MOL_SAL_Tagalog_NS,MOL_SAL_Tagalog_Tot,MOL_SAL_Oth_SEO,MOL_SAL_Oth_UOLSE_VWorW,MOL_SAL_Oth_UOLSE_NWorNAA,MOL_SAL_Oth_UOLSE_Tot,MOL_SAL_Oth_NS,MOL_SAL_Oth_Tot,MOL_SAL_Tot_SEO,MOL_SAL_Tot_UOLSE_VWorW,MOL_SAL_Tot_UOLSE_NWorNAA,MOL_SAL_Tot_UOLSE_Tot,MOL_SAL_Tot_NS,MOL_SAL_Tot_Tot,MOL_Spanish_SEO,MOL_Spanish_UOLSE_VWorW,MOL_Spanish_UOLSE_NWorNAA,MOL_Spanish_UOLSE_Tot,MOL_Spanish_NS,MOL_Spanish_Tot,MOL_Tamil_SEO,MOL_Tamil_UOLSE_VWorW,MOL_Tamil_UOLSE_NWorNAA,MOL_Tamil_UOLSE_Tot,MOL_Tamil_NS,MOL_Tamil_Tot,MOL_Thai_SEO,MOL_Thai_UOLSE_VWorW,MOL_Thai_UOLSE_NWorNAA,MOL_Thai_UOLSE_Tot,MOL_Thai_NS,MOL_Thai_Tot,MOL_Turkish_SEO,MOL_Turkish_UOLSE_VWorW,MOL_Turkish_UOLSE_NWorNAA,MOL_Turkish_UOLSE_Tot,MOL_Turkish_NS,MOL_Turkish_Tot,MOL_Vietnamese_SEO,MOL_Vietnamese_UOLSE_VWorW,MOL_Vietnamese_UOLSE_NWorNAA,MOL_Vietnamese_UOLSE_Tot,MOL_Vietnamese_NS,MOL_Vietnamese_Tot,MOL_Oth_SEO,MOL_Oth_UOLSE_VWorW,MOL_Oth_UOLSE_NWorNAA,MOL_Oth_UOLSE_Tot,MOL_Oth_NS,MOL_Oth_Tot,MOL_Tot_SEO,MOL_Tot_UOLSE_VWorW,MOL_Tot_UOLSE_NWorNAA,MOL_Tot_UOLSE_Tot,MOL_Tot_NS,MOL_Tot_Tot,M_LUatH_NS_SEO,M_LUatH_NS_UOLSE_VWorW,M_LUatH_NS_UOLSE_NWorNAA,M_LUatH_NS_UOLSE_Tot,M_LUatH_NS_NS,M_LUatH_NS_Tot,M_Tot_SEO,M_Tot_UOLSE_VWorW,M_Tot_UOLSE_NWorNAA,M_Tot_UOLSE_Tot,M_Tot_NS,M_Tot_Tot,FSEO_SEO,FSEO_UOLSE_VWorW,FSEO_UOLSE_NWorNAA,FSEO_UOLSE_Tot,FSEO_NS,FSEO_Tot,FOL_Afrikaans_SEO,FOL_Afrikaans_UOLSE_VWorW,FOL_Afrikaans_UOLSE_NWorNAA,FOL_Afrikaans_UOLSE_Tot,FOL_Afrikaans_NS,FOL_Afrikaans_Tot,FOL_Arabic_SEO,FOL_Arabic_UOLSE_VWorW,FOL_Arabic_UOLSE_NWorNAA,FOL_Arabic_UOLSE_Tot,FOL_Arabic_NS,FOL_Arabic_Tot,FOL_AIndLng_SEO,FOL_AIndLng_UOLSE_VWorW,FOL_AIndLng_UOLSE_NWorNAA,FOL_AIndLng_UOLSE_Tot,FOL_AIndLng_NS,FOL_AIndLng_Tot,FOL_CL_Canton_SEO,FOL_CL_Canton_UOLSE_VWorW,FOL_CL_Canton_UOLSE_NWorNAA,FOL_CL_Canton_UOLSE_Tot,FOL_CL_Canton_NS,FOL_CL_Canton_Tot,FOL_CL_Mandarin_SEO,FOL_CL_Mandarin_UOLSE_VWorW,FOL_CL_Mandarin_UOLSE_NWorNAA,FOL_CL_Mandarin_UOLSE_Tot,FOL_CL_Mandarin_NS,FOL_CL_Mandarin_Tot,FOL_CL_Oth_SEO,FOL_CL_Oth_UOLSE_VWorW,FOL_CL_Oth_UOLSE_NWorNAA,FOL_CL_Oth_UOLSE_Tot,FOL_CL_Oth_NS,FOL_CL_Oth_Tot,FOL_CL_Tot_SEO,FOL_CL_Tot_UOLSE_VWorW,FOL_CL_Tot_UOLSE_NWorNAA,FOL_CL_Tot_UOLSE_Tot,FOL_CL_Tot_NS,FOL_CL_Tot_Tot,FOL_Croatian_SEO,FOL_Croatian_UOLSE_VWorW,FOL_Croatian_UOLSE_NWorNAA,FOL_Croatian_UOLSE_Tot,FOL_Croatian_NS,FOL_Croatian_Tot,FOL_French_SEO,FOL_French_UOLSE_VWorW,FOL_French_UOLSE_NWorNAA,FOL_French_UOLSE_Tot,FOL_French_NS,FOL_French_Tot,FOL_German_SEO,FOL_German_UOLSE_VWorW,FOL_German_UOLSE_NWorNAA,FOL_German_UOLSE_Tot,FOL_German_NS,FOL_German_Tot,FOL_Greek_SEO,FOL_Greek_UOLSE_VWorW,FOL_Greek_UOLSE_NWorNAA,FOL_Greek_UOLSE_Tot,FOL_Greek_NS,FOL_Greek_Tot,FOL_IAL_Bengali_SEO,FOL_IAL_Bengali_UOLSE_VWorW,FOL_IAL_Bengali_UOLSE_NWorNAA,FOL_IAL_Bengali_UOLSE_Tot,FOL_IAL_Bengali_NS,FOL_IAL_Bengali_Tot,FOL_IAL_Guj_SEO,FOL_IAL_Guj_UOLSE_VWorW,FOL_IAL_Guj_UOLSE_NWorNAA,FOL_IAL_Guj_UOLSE_Tot,FOL_IAL_Guj_NS,FOL_IAL_Guj_Tot,FOL_IAL_Hindi_SEO,FOL_IAL_Hindi_UOLSE_VWorW,FOL_IAL_Hindi_UOLSE_NWorNAA,FOL_IAL_Hindi_UOLSE_Tot,FOL_IAL_Hindi_NS,FOL_IAL_Hindi_Tot,FOL_IAL_Nepali_SEO,FOL_IAL_Nepali_UOLSE_VWorW,FOL_IAL_Nepali_UOLSE_NWorNAA,FOL_IAL_Nepali_UOLSE_Tot,FOL_IAL_Nepali_NS,FOL_IAL_Nepali_Tot,FOL_IAL_Punjabi_SEO,FOL_IAL_Punjabi_UOLSE_VWorW,FOL_IAL_Punjabi_UOLSE_NWorNAA,FOL_IAL_Punjabi_UOLSE_Tot,FOL_IAL_Punjabi_NS,FOL_IAL_Punjabi_Tot,FOL_IAL_Sinhal_SEO,FOL_IAL_Sinhal_UOLSE_VWorW,FOL_IAL_Sinhal_UOLSE_NWorNAA,FOL_IAL_Sinhal_UOLSE_Tot,FOL_IAL_Sinhal_NS,FOL_IAL_Sinhal_Tot,FOL_IAL_Urdu_SEO,FOL_IAL_Urdu_UOLSE_VWorW,FOL_IAL_Urdu_UOLSE_NWorNAA,FOL_IAL_Urdu_UOLSE_Tot,FOL_IAL_Urdu_NS,FOL_IAL_Urdu_Tot,FOL_IAL_Oth_SEO,FOL_IAL_Oth_UOLSE_VWorW,FOL_IAL_Oth_UOLSE_NWorNAA,FOL_IAL_Oth_UOLSE_Tot
UCL201001,206,8138,83,8221,..,6876,485,7358,84,7442,..,9958,263,10223,91,10315,..,4108,571,4671,42,4716,..,28865,1522,30391,302,30695,..,16706,1690,18397,184,18579,..,15390,969,16360,195,16551,..,3087,669,3757,38,3792,..,13199,2640,15840,119,15960,..,38561,13366,51927,408,52333,..,94475,17983,112451,2105,114563,..,671286,110652,781935,8218,790152,..,10590,2188,12778,97716,110495,1355143,681874,112838,794710,105935,2255791,1379759,..,..,..,..,1379759,..,2204,25,2229,17,2245,..,35581,7052,42629,283,42909,..,313,12,330,7,332,..,32401,10193,42588,265,42853,..,83935,29358,113294,896,114182,..,5931,2159,8090,40,8129,..,122265,41706,163978,1197,165168,..,7043,1216,8262,59,8322,..,8147,300,8447,95,8545,..,6556,162,6713,88,6804,..,43259,10371,53628,324,53949,..,6108,469,6575,61,6640,..,9640,891,10535,106,10635,..,28164,1624,29790,230,30023,..,8220,721,8936,72,9012,..,36809,4016,40816,483,41299,..,21096,1434,22531,172,22706,..,13698,1461,15160,229,15390,..,5504,273,5780
UCL203001,0,96,0,100,..,31,0,31,0,33,..,89,0,89,0,89,..,33,3,37,0,37,..,254,7,259,4,262,..,106,3,107,0,110,..,73,0,73,3,78,..,39,8,45,0,48,..,10,0,10,0,10,..,69,10,77,0,77,..,527,69,596,23,618,..,3426,316,3749,64,3810,..,132,13,144,2469,2615,44022,3560,332,3889,2535,50442,48271,..,..,..,..,48271,..,33,0,35,0,35,..,83,3,82,0,87,..,14,0,14,0,14,..,60,19,83,0,83,..,386,120,508,4,512,..,19,5,24,0,24,..,463,150,614,9,622,..,54,5,57,0,57,..,73,5,78,0,78,..,90,0,94,0,96,..,63,9,78,0,78,..,56,6,62,0,62,..,49,7,56,0,55,..,140,17,161,0,157,..,100,6,101,0,101,..,324,24,353,5,359,..,76,6,81,0,81,..,99,9,105,0,105,..,24,0,24
UCL203002,0,85,0,84,..,24,0,25,0,25,..,87,0,87,0,87,..,44,8,58,0,57,..,234,17,256,5,255,..,44,0,48,3,43,..,42,0,44,0,47,..,15,4,17,0,17,..,11,0,15,0,15,..,43,22,61,0,64,..,851,444,1296,29,1323,..,2826,653,3480,58,3541,..,128,24,153,2414,2562,42129,2956,681,3632,2467,48224,45890,..,..,..,..,45890,..,42,3,48,0,48,..,85,3,89,3,92,..,22,0,22,0,22,..,60,13,71,5,74,..,214,86,296,3,296,..,10,0,8,0,8,..,284,103,380,4,384,..,15,5,27,0,27,..,59,0,59,0,55,..,64,0,64,0,64,..,52,8,65,0,66,..,39,4,45,0,45,..,31,0,34,0,34,..,89,8,96,0,95,..,61,3,60,0,60,..,189,16,198,3,204,..,83,3,95,0,95,..,60,0,61,0,61,..,20,0,22
UCL203003,4,192,0,197,..,79,3,82,0,80,..,204,5,201,0,203,..,76,4,77,0,77,..,546,17,557,6,562,..,253,32,286,0,289,..,224,19,244,0,245,..,73,15,87,6,94,..,100,25,125,0,125,..,229,78,302,3,305,..,2211,574,2787,52,2840,..,11170,1603,12775,150,12928,..,272,39,312,4041,4358,70014,11447,1643,13095,4193,87298,75486,..,..,..,..,75486,..,94,0,94,0,94,..,285,64,343,0,348,..,23,0,23,0,23,..,188,33,224,3,226,..,775,194,973,7,984,..,34,7,36,0,36,..,991,234,1224,10,1239,..,748,190,937,4,939,..,171,8,178,0,176,..,220,5,226,3,227,..,289,45,336,8,342,..,85,9,94,0,94,..,152,7,165,0,161,..,325,17,342,3,346,..,171,4,175,5,175,..,707,59,767,15,785,..,224,14,243,0,243,..,175,29,203,0,207,..,67,0,65
UCL211001,0,40,0,39,..,0,0,4,0,4,..,43,0,47,0,47,..,7,0,7,0,7,..,94,3,98,0,100,..,23,3,25,0,25,..,10,0,10,0,10,..,12,0,8,0,8,..,0,0,0,0,0,..,63,43,109,0,109,..,270,70,343,9,355,..,1132,202,1335,18,1352,..,60,8,72,906,976,16124,1194,213,1410,921,18454,16978,..,..,..,..,16978,..,14,0,14,0,14,..,28,6,33,0,33,..,5,0,5,0,5,..,13,0,16,0,13,..,48,18,67,0,70,..,3,0,3,0,3,..,67,23,85,4,89,..,50,7,61,0,61,..,22,0,23,0,23,..,60,0,57,0,56,..,17,0,19,0,19,..,17,0,17,0,17,..,30,5,35,0,35,..,46,5,52,0,50,..,63,39,103,0,98,..,74,12,84,4,85,..,24,0,26,0,26,..,14,0,15,0,15,..,3,0,6
UCL211002,9,319,6,319,..,54,3,58,3,63,..,380,10,393,6,392,..,75,7,82,0,81,..,819,26,850,16,862,..,264,38,299,3,305,..,185,20,205,5,215,..,38,4,40,0,40,..,152,22,176,5,175,..,244,120,360,0,370,..,2480,518,2990,61,3057,..,10538,1433,11976,196,12168,..,261,60,326,2396,2721,22659,10802,1496,12299,2587,37551,23443,..,..,..,..,23443,..,24,0,24,0,24,..,359,64,424,5,426,..,7,0,7,0,7,..,62,15,83,0,83,..,140,59,200,3,203,..,36,9,48,0,48,..,237,91,327,3,327,..,106,25,131,0,131,..,60,0,63,0,63,..,59,3,58,0,58,..,150,33,184,0,188,..,296,45,342,6,348,..,84,13,98,0,97,..,532,44,573,10,584,..,92,41,132,0,133,..,2019,278,2294,50,2345,..,194,14,206,0,205,..,496,71,575,5,576,..,54,0,54
UCL212001,0,9,0,9,..,3,0,3,0,3,..,7,0,5,0,5,..,4,0,4,0,4,..,22,0,23,0,29,..,34,4,39,0,39,..,20,0,23,0,23,..,4,0,0,0,0,..,10,0,7,0,7,..,21,3,24,0,24,..,185,25,205,6,214,..,933,97,1025,14,1037,..,38,7,47,382,421,9064,970,101,1067,389,10526,9633,..,..,..,..,9633,..,12,0,15,0,15,..,19,0,19,0,22,..,3,0,3,0,3,..,11,0,9,0,9,..,26,12,33,0,33,..,3,0,3,0,3,..,34,10,50,0,50,..,26,0,28,0,28,..,11,0,11,0,11,..,17,0,17,0,17,..,26,8,31,0,31,..,14,0,14,0,14,..,9,6,13,0,13,..,42,6,50,0,48,..,0,0,0,0,0,..,233,27,261,8,262,..,10,0,11,0,11,..,17,5,27,0,25,..,7,0,7
UCL212002,0,14,0,14,..,0,0,0,0,0,..,23,0,23,0,22,..,0,0,0,0,0,..,39,0,39,0,40,..,9,0,9,0,9,..,3,0,3,0,3,..,0,5,5,0,5,..,0,0,0,0,0,..,8,5,9,0,9,..,31,7,43,0,43,..,270,31,302,5,303,..,29,0,28,396,429,5823,298,31,331,402,6552,6418,..,..,..,..,6418,..,9,0,9,0,7,..,7,0,7,0,7,..,18,0,18,0,18,..,7,0,11,0,11,..,13,0,14,0,19,..,0,0,0,0,0,..,19,6,24,0,25,..,0,0,0,0,0,..,8,0,10,0,10,..,0,0,0,0,0,..,8,0,12,0,11,..,4,0,8,0,8,..,0,0,0,0,0,..,7,0,7,0,7,..,14,3,14,0,14,..,10,0,10,0,10,..,33,7,33,0,33,..,7,0,7,0,7,..,0,0,0
UCL212003,4,45,0,41,..,3,7,14,0,14,..,39,6,44,0,44,..,95,46,144,0,141,..,184,60,243,4,242,..,9,0,11,0,11,..,31,10,43,0,40,..,17,27,43,0,42,..,122,60,186,0,184,..,98,81,185,6,195,..,477,168,644,6,651,..,1986,820,2804,50,2856,..,59,16,72,1238,1312,12962,2042,838,2880,1280,17129,14489,..,..,..,..,14489,..,22,0,22,0,22,..,25,9,36,0,36,..,13,0,13,0,13,..,40,24,64,0,64,..,199,168,366,3,370,..,4,0,6,0,6,..,250,186,433,3,439,..,23,3,24,0,24,..,10,5,13,0,10,..,21,0,21,0,21,..,86,18,104,0,104,..,18,0,18,0,18,..,17,0,16,0,23,..,28,0,29,0,29,..,29,6,33,0,33,..,127,19,150,3,149,..,23,4,20,0,20,..,8,0,8,0,8,..,3,0,3
UCL212004,0,5,0,5,..,3,0,3,0,3,..,0,0,0,0,0,..,0,0,0,0,0,..,8,0,8,0,8,..,30,0,30,0,30,..,0,0,0,0,0,..,0,0,0,0,0,..,0,0,0,0,0,..,3,0,3,0,3,..,66,0,63,0,69,..,258,13,270,5,279,..,15,3,16,446,466,9738,271,22,289,458,10477,10648,..,..,..,..,10648,..,3,0,3,0,3,..,7,0,7,0,7,..,0,0,0,0,0,..,0,0,4,0,4,..,27,5,32,0,32,..,6,0,6,0,6,..,28,6,39,0,39,..,8,0,8,0,8,..,22,0,22,0,22,..,42,0,42,0,42,..,23,0,23,0,26,..,0,0,0,0,0,..,0,0,0,0,0,..,0,0,0,0,0,..,0,0,0,0,0,..,9,0,9,0,9,..,0,0,0,0,0,..,0,0,0,0,0,..,0,0,0
UCL212005,0,113,0,114,..,19,4,26,0,26,..,113,0,115,0,117,..,94,59,152,4,160,..,338,71,409,9,422,..,24,7,27,0,27,..,70,9,74,0,74,..,26,10,39,0,39,..,148,51,194,0,200,..,30,10,36,0,37,..,931,374,1303,26,1333,..,4181,1040,5220,84,5304,..,104,29,135,1658,1787,17248,4291,1059,5354,1738,24344,18409,..,..,..,..,18409,..,27,0,27,0,27,..,459,206,668,5,671,..,44,0,44,5,47,..,28,16,47,0,47,..,192,133,330,11,338,..,4,4,10,0,10,..,229,150,381,11,387,..,11,0,13,0,14,..,18,0,18,0,18,..,20,0,18,0,18,..,70,17,87,0,87,..,30,0,30,0,30,..,72,15,87,0,89,..,71,12,80,0,80,..,35,14,52,0,52,..,492,107,596,4,606,..,70,4,70,3,70,..,82,8,88,0,88,..,28,0,31
UCL212006,8,37,0,37,..,10,0,8,0,8,..,58,0,58,0,58,..,13,0,13,0,13,..,115,7,120,0,120,..,46,13,58,0,58,..,10,0,10,0,10,..,24,7,26,0,26,..,23,3,23,0,27,..,20,7,25,0,27,..,222,41,261,6,269,..,1469,151,1621,20,1642,..,46,5,49,640,688,16197,1513,153,1668,658,18530,16795,..,..,..,..,16795,..,25,0,25,0,25,..,66,8,77,0,76,..,0,0,3,0,3,..,35,6,42,0,42,..,78,22,101,0,103,..,9,0,8,0,8,..,118,37,153,0,152,..,61,3,64,0,65,..,15,4,13,0,13,..,55,0,61,0,62,..,71,14,79,0,79,..,20,0,18,0,18,..,17,0,17,0,17,..,90,10,99,0,99,..,12,4,16,0,16,..,137,19,155,0,159,..,53,6,56,0,56,..,23,4,23,0,23,..,11,0,11
UCL212007,0,4,0,4,..,18,0,18,0,18,..,0,0,0,0,0,..,0,0,0,0,0,..,23,0,23,0,23,..,29,4,32,0,35,..,0,0,0,0,0,..,4,0,4,0,4,..,3,0,3,0,3,..,8,0,8,0,4,..,97,9,107,3,107,..,437,33,471,7,476,..,24,0,26,465,495,10298,456,37,493,475,11266,10657,..,..,..,..,10657,..,28,0,28,0,27,..,8,0,8,0,8,..,0,0,0,0,0,..,9,0,9,0,9,..,9,10,17,0,17,..,0,0,0,0,0,..,19,10,25,0,25,..,13,0,13,0,13,..,58,0,57,0,58,..,60,0,62,3,62,..,20,0,20,0,20,..,0,0,0,0,0,..,0,0,0,0,0,..,0,0,0,0,0,..,0,0,0,0,0,..,5,0,5,0,5,..,0,0,0,0,0,..,0,0,0,0,0,..,0,0,0
UCL212008,3,34,0,30,..,12,0,14,0,13,..,26,0,31,0,29,..,4,0,7,0,7,..,76,5,80,0,82,..,22,5,23,0,23,..,18,0,24,0,24,..,12,0,12,0,12,..,10,0,10,0,10,..,29,0,31,4,36,..,134,22,159,9,166,..,800,95,898,19,918,..,39,3,44,758,799,11551,841,102,939,779,13276,12430,..,..,..,..,12430,..,16,0,19,0,19,..,14,0,18,0,18,..,3,0,3,0,3,..,16,10,29,0,32,..,69,10,81,0,81,..,0,0,0,0,0,..,94,22,116,0,115,..,9,0,5,0,5,..,10,0,10,0,10,..,29,0,33,0,33,..,50,10,63,0,63,..,9,3,11,0,11,..,4,0,9,0,9,..,29,6,28,0,28,..,20,0,21,0,21,..,49,3,54,0,56,..,27,0,29,0,29,..,22,0,22,0,22,..,10,0,10
UCL212009,0,33,0,32,..,13,0,17,0,17,..,16,0,15,0,15,..,44,3,48,0,44,..,106,5,113,0,114,..,13,0,15,0,15,..,12,6,17,0,17,..,22,11,27,0,27,..,3,0,3,3,10,..,43,26,63,0,63,..,105,25,128,8,133,..,730,175,902,18,922,..,34,0,37,880,918,13936,761,180,941,897,15774,15229,..,..,..,..,15229,..,29,0,30,0,30,..,28,0,31,0,31,..,9,0,9,0,9,..,10,3,14,0,14,..,87,69,154,4,155,..,6,0,7,0,7,..,107,74,171,4,183,..,4,0,4,0,4,..,24,0,24,0,24,..,16,0,16,0,14,..,9,0,9,0,9,..,0,0,4,0,4,..,5,0,5,0,5,..,20,0,20,0,20,..,11,0,16,0,20,..,23,0,29,0,29,..,44,0,43,7,49,..,5,0,5,0,5,..,6,0,6
UCL213001,0,13,0,13,..,4,0,8,0,8,..,17,0,17,0,17,..,10,0,13,0,13,..,48,5,54,0,54,..,6,0,6,0,6,..,17,0,14,0,18,..,0,11,12,0,12,..,0,0,0,0,0,..,20,13,30,0,30,..,29,3,27,0,30,..,298,45,344,3,347,..,29,4,34,461,496,5651,330,52,379,466,6496,6276,..,..,..,..,6276,..,7,0,10,0,10,..,4,0,4,0,9,..,6,4,9,0,9,..,6,0,7,0,7,..,19,11,37,0,37,..,3,0,3,0,3,..,31,14,42,0,42,..,0,4,4,0,4,..,13,0,13,0,13,..,11,0,11,0,13,..,6,0,5,0,5,..,0,0,0,0,0,..,4,0,4,0,4,..,3,0,3,0,3,..,7,0,8,0,8,..,22,0,22,0,22,..,5,0,5,0,5,..,3,0,3,0,3,..,9,0,9
UCL213002,0,3,0,3,..,3,0,3,0,7,..,0,0,0,0,0,..,0,0,0,0,0,..,14,0,14,0,14,..,13,0,18,0,18,..,0,0,0,0,0,..,3,0,3,0,3,..,0,0,0,0,0,..,5,0,5,0,5,..,41,13,44,0,44,..,171,21,188,4,197,..,18,0,18,839,857,4158,189,21,209,847,5214,4733,..,..,..,..,4733,..,0,0,0,0,0,..,5,0,5,0,5,..,0,0,0,0,0,..,10,0,10,0,10,..,6,0,12,0,12,..,0,0,0,0,0,..,14,0,16,0,16,..,0,0,0,0,0,..,10,0,9,0,9,..,20,3,22,0,22,..,14,0,17,0,17,..,0,0,0,0,0,..,0,0,0,0,0,..,3,0,3,0,3,..,0,0,0,0,0,..,8,0,10,0,10,..,0,0,0,0,0,..,0,0,0,0,0,..,0,0,0
UCL213003,0,9,0,9,..,0,0,0,0,0,..,9,0,9,0,9,..,14,0,15,0,15,..,33,0,35,0,35,..,0,0,0,0,0,..,7,0,7,0,7,..,0,5,6,0,6,..,0,0,0,0,0,..,9,4,15,0,15,..,75,21,100,4,107,..,338,151,496,8,497,..,17,0,20,283,301,5244,360,153,511,287,6042,5590,..,..,..,..,5590,..,0,0,0,0,0,..,7,0,7,0,11,..,0,0,0,0,0,..,5,0,5,0,5,..,60,78,145,0,145,..,3,6,9,0,9,..,73,89,161,0,161,..,0,0,0,0,0,..,0,0,0,0,0,..,3,0,3,0,3,..,3,0,4,0,4,..,5,0,5,0,5,..,0,0,0,0,0,..,4,0,9,0,9,..,3,0,3,0,3,..,7,0,7,0,7,..,4,0,9,0,9,..,0,0,0,0,0,..,0,0,0
UCL213004,0,8,0,8,..,0,0,0,0,0,..,3,0,3,0,3,..,0,0,0,0,0,..,15,0,14,0,14,..,18,0,20,0,20,..,4,0,4,0,4,..,0,0,0,0,0,..,5,0,5,0,5,..,4,0,3,0,3,..,75,9,79,3,80,..,295,32,330,3,330,..,21,0,17,310,328,6356,316,34,350,313,7018,6999,..,..,..,..,6999,..,20,0,21,0,21,..,4,0,8,0,6,..,7,0,7,0,7,..,0,6,4,0,4,..,24,3,26,0,26,..,0,0,0,0,0,..,28,5,36,0,32,..,3,0,5,0,5,..,7,0,11,0,11,..,23,0,23,0,23,..,9,0,14,0,14,..,0,0,0,0,0,..,0,0,0,0,0,..,9,0,9,0,9,..,0,0,0,0,0,..,25,0,22,0,22,..,15,0,13,0,13,..,0,4,0,0,0,..,0,0,0
UCL213005,0,9,0,9,..,0,0,0,0,0,..,13,0,13,0,13,..,5,0,5,0,5,..,21,4,26,0,26,..,8,5,14,0,14,..,5,0,5,0,5,..,12,0,12,0,12,..,6,0,4,0,4,..,0,0,0,0,0,..,63,8,66,4,68,..,306,23,328,9,339,..,20,0,19,229,251,7219,324,25,351,243,7811,7681,..,..,..,..,7681,..,11,0,11,0,11,..,11,4,10,0,10,..,0,0,0,0,0,..,9,0,7,0,7,..,20,3,25,0,25,..,3,0,0,0,0,..,31,5,38,0,38,..,11,3,13,0,13,..,10,0,10,0,10,..,23,0,23,0,22,..,25,0,29,0,29,..,0,0,0,0,0,..,0,0,0,0,0,..,6,0,6,0,6,..,3,0,3,0,3,..,7,0,7,0,7,..,0,0,0,0,0,..,0,0,0,0,0,..,0,0,0
UCL213006,0,3,0,3,..,0,0,0,0,0,..,0,0,0,0,0,..,0,0,0,0,0,..,5,0,5,0,5,..,18,0,18,0,18,..,0,0,0,0,0,..,0,0,0,0,0,..,3,0,3,0,3,..,0,0,0,0,0,..,31,4,35,0,40,..,225,14,235,3,235,..,19,0,19,132,148,4965,238,14,253,135,5358,5161,..,..,..,..,5161,..,4,0,4,0,4,..,7,0,13,0,13,..,0,0,0,0,0,..,6,0,6,0,6,..,12,3,10,0,10,..,3,0,3,0,3,..,24,3,22,0,22,..,7,0,7,0,7,..,15,0,15,0,15,..,14,0,12,0,12,..,18,0,17,0,17,..,5,0,5,0,5,..,0,0,0,0,0,..,11,0,11,0,11,..,6,0,3,0,3,..,14,5,20,5,18,..,6,0,6,0,6,..,0,0,0,0,0,..,0,0,0
UCL213007,0,17,0,17,..,0,0,0,0,0,..,19,0,19,0,19,..,6,0,5,0,5,..,40,0,44,0,44,..,8,0,8,0,8,..,6,0,5,0,12,..,0,0,4,0,4,..,11,0,11,0,11,..,8,0,8,0,8,..,67,27,96,4,100,..,365,50,414,3,416,..,8,3,14,414,424,7022,377,55,426,420,7867,7510,..,..,..,..,7510,..,12,0,12,0,12,..,5,0,3,0,3,..,0,0,0,0,0,..,11,5,8,0,15,..,27,3,31,0,28,..,0,0,0,0,0,..,34,5,39,3,42,..,0,0,0,0,0,..,3,0,3,0,3,..,3,0,3,0,3,..,8,0,7,0,7,..,4,0,4,0,3,..,12,0,15,0,14,..,14,4,15,0,15,..,18,0,21,0,22,..,19,4,26,0,26,..,8,0,8,0,8,..,5,0,5,0,5,..,3,0,3
UCL213008,0,46,0,46,..,6,0,6,0,6,..,80,0,80,0,85,..,10,0,10,0,10,..,142,0,142,3,140,..,17,0,17,0,20,..,9,0,9,0,9,..,18,4,22,0,22,..,7,0,8,0,8,..,27,5,35,0,35,..,112,18,124,5,134,..,776,68,840,17,861,..,14,3,17,217,234,6621,786,72,858,230,7718,6921,..,..,..,..,6921,..,6,0,6,0,6,..,10,0,10,0,10,..,0,0,0,0,0,..,8,0,8,0,11,..,26,0,29,0,29,..,0,0,0,0,0,..,38,0,45,0,50,..,39,0,43,0,43,..,17,0,21,0,21,..,11,4,13,0,13,..,13,0,13,0,13,..,3,0,3,0,3,..,9,0,12,0,12,..,25,0,24,0,24,..,4,0,4,0,4,..,106,9,115,7,121,..,9,0,8,0,8,..,12,5,12,0,12,..,0,0,0
UCL213009,0,7,0,7,..,3,0,3,0,3,..,14,0,14,0,14,..,6,0,6,0,6,..,31,0,29,0,29,..,3,4,7,0,7,..,4,0,4,0,4,..,0,0,0,0,0,..,8,0,8,0,8,..,4,0,4,0,4,..,63,9,75,0,74,..,320,38,358,7,364,..,11,3,15,208,225,5369,333,44,373,217,5963,5676,..,..,..,..,5676,..,0,0,0,0,0,..,4,0,4,0,4,..,0,0,0,0,0,..,4,0,4,0,4,..,36,9,49,3,47,..,0,0,3,0,3,..,43,5,56,3,59,..,12,0,12,0,12,..,4,0,4,0,4,..,13,0,8,0,8,..,30,3,29,0,29,..,6,0,3,0,3,..,10,0,10,0,10,..,8,0,8,0,8,..,4,0,4,0,4,..,19,4,21,0,21,..,0,0,0,0,0,..,8,0,8,0,8,..,0,0,0
UCL213010,0,7,0,7,..,0,0,0,0,0,..,11,0,10,0,10,..,4,0,4,0,4,..,25,0,26,0,26,..,13,3,15,0,15,..,0,0,0,0,0,..,6,0,9,0,9,..,0,0,0,0,0,..,5,4,9,0,9,..,128,19,146,4,155,..,364,62,426,4,428,..,32,0,32,575,605,6614,400,62,456,573,7647,6990,..,..,..,..,6990,..,0,0,0,0,0,..,15,4,19,0,16,..,0,0,0,0,0,..,7,3,11,0,11,..,25,7,31,0,31,..,0,5,3,0,3,..,31,14,45,0,45,..,6,3,14,0,14,..,9,0,9,0,9,..,22,3,21,0,21,..,28,8,33,0,33,..,0,0,0,0,0,..,0,0,0,0,0,..,0,0,0,0,0,..,0,0,0,0,0,..,0,0,0,0,0,..,5,0,5,0,5,..,0,0,0,0,0,..,0,0,0
UCL213011,0,22,0,22,..,0,0,0,0,0,..,23,0,28,0,28,..,0,3,3,0,3,..,44,6,48,0,48,..,14,3,19,0,19,..,3,0,3,0,3,..,5,0,5,0,5,..,0,0,0,0,0,..,15,5,20,0,20,..,143,57,200,4,197,..,571,117,684,10,696,..,30,15,40,754,796,5456,599,128,729,762,6950,5542,..,..,..,..,5542,..,3,0,3,0,3,..,20,4,24,0,23,..,9,0,9,0,9,..,5,0,8,0,8,..,26,11,40,0,40,..,0,0,0,0,0,..,35,14,48,0,48,..,7,3,10,0,10,..,11,0,11,0,11,..,14,0,14,0,14,..,30,10,42,0,42,..,4,0,4,0,4,..,0,0,0,0,0,..,16,0,15,0,15,..,5,0,5,0,5,..,11,0,15,0,15,..,15,0,15,0,15,..,5,5,8,0,8,..,4,0,4
UCL213012,0,4,0,4,..,0,0,0,0,0,..,6,0,6,0,6,..,4,0,4,0,4,..,15,0,15,0,15,..,7,0,7,0,7,..,0,0,0,0,0,..,0,0,0,0,0,..,0,0,0,0,0,..,3,0,4,0,4,..,27,4,27,0,33,..,146,13,156,0,158,..,16,0,17,325,347,4615,159,16,174,328,5120,4793,..,..,..,..,4793,..,4,0,4,0,4,..,6,0,4,0,4,..,4,0,4,0,4,..,4,0,4,0,4,..,5,0,5,0,5,..,5,0,7,0,7,..,11,0,17,0,17,..,0,0,0,0,0,..,6,0,6,0,6,..,9,0,9,0,9,..,8,0,7,0,7,..,0,0,4,0,4,..,0,0,0,0,0,..,4,0,4,0,4,..,12,0,12,0,12,..,7,0,7,0,7,..,0,0,0,0,0,..,0,0,0,0,0,..,0,0,0
UCL213013,0,10,0,10,..,5,0,8,0,8,..,8,0,8,0,8,..,3,0,3,0,3,..,20,0,25,0,25,..,6,0,6,0,6,..,26,4,28,0,28,..,3,0,3,0,3,..,0,0,0,0,0,..,11,8,22,0,22,..,42,11,60,4,57,..,352,54,401,6,406,..,19,0,17,429,450,5892,372,54,424,434,6752,6418,..,..,..,..,6418,..,21,0,21,0,21,..,8,0,9,0,9,..,3,0,3,0,3,..,6,0,6,0,6,..,28,15,45,0,45,..,7,0,7,0,7,..,40,15,53,0,53,..,15,0,15,0,15,..,0,0,0,0,0,..,9,0,9,0,9,..,10,0,14,0,14,..,4,0,4,0,4,..,9,0,5,0,5,..,13,0,11,0,15,..,3,0,5,0,5,..,26,5,26,0,26,..,16,0,15,0,15,..,12,0,12,0,12,..,0,0,0
UCL213014,0,18,0,18,..,21,6,25,0,25,..,26,0,25,0,25,..,40,24,59,4,63,..,101,29,131,4,134,..,4,0,4,0,4,..,4,0,4,0,4,..,0,0,0,0,0,..,0,0,0,0,0,..,52,25,77,0,79,..,84,32,118,3,122,..,503,160,665,11,674,..,21,13,34,315,348,4132,526,169,695,324,5157,4621,..,..,..,..,4621,..,14,0,14,0,14,..,4,6,8,0,8,..,8,0,8,0,8,..,9,0,12,0,12,..,32,28,55,0,55,..,3,3,13,0,13,..,41,32,75,0,75,..,0,0,0,0,0,..,4,0,4,0,4,..,4,0,4,0,4,..,4,0,4,0,4,..,0,0,0,0,0,..,0,0,0,0,0,..,8,0,8,0,8,..,9,0,9,0,9,..,78,10,89,0,89,..,9,0,7,0,7,..,11,0,17,0,12,..,6,0,6
UCL213015,0,11,0,11,..,3,0,3,0,3,..,15,4,12,0,12,..,19,0,19,0,19,..,41,3,44,0,44,..,12,0,12,0,12,..,22,0,22,0,22,..,3,0,3,0,11,..,45,7,53,0,53,..,12,3,13,0,13,..,200,45,249,8,255,..,1237,125,1367,19,1381,..,29,0,36,307,343,5698,1265,126,1394,328,7419,5635,..,..,..,..,5635,..,12,0,12,0,10,..,58,16,76,0,76,..,8,0,8,0,8,..,12,0,13,0,13,..,22,4,29,0,29,..,7,0,9,0,9,..,39,10,47,0,47,..,8,0,8,0,8,..,7,0,7,0,7,..,10,0,10,0,10,..,40,3,40,0,40,..,4,0,4,0,4,..,4,0,5,0,5,..,65,8,69,3,74,..,6,0,11,0,11,..,283,33,319,5,324,..,41,0,42,0,43,..,34,3,33,0,33,..,6,0,6
UCL213016,0,22,0,22,..,0,0,0,0,0,..,20,0,20,0,20,..,14,0,15,0,15,..,52,0,53,0,53,..,8,0,6,0,14,..,12,0,14,0,14,..,6,7,7,0,7,..,0,0,0,0,3,..,8,4,11,0,11,..,60,4,66,8,73,..,467,54,524,15,533,..,31,4,32,481,511,8259,497,61,558,493,9307,9180,..,..,..,..,9180,..,8,0,8,0,8,..,4,0,4,0,4,..,3,0,3,0,3,..,7,0,9,0,9,..,32,6,40,0,40,..,0,0,0,0,0,..,38,9,50,0,50,..,3,0,3,0,3,..,12,0,12,0,12,..,16,0,16,0,16,..,9,0,10,0,10,..,0,0,0,0,0,..,0,0,0,0,0,..,5,0,5,0,5,..,34,0,33,0,36,..,32,7,37,0,37,..,15,0,15,0,15,..,6,0,11,0,11,..,7,0,7
UCL213017,0,11,0,11,..,15,0,15,0,15,..,3,0,3,0,3,..,3,0,3,0,3,..,43,0,43,0,40,..,22,4,21,0,21,..,10,0,8,0,8,..,3,5,10,0,10,..,0,0,0,0,0,..,18,7,25,0,25,..,110,9,119,0,119,..,547,70,621,10,626,..,17,3,22,400,425,8039,564,71,641,408,9088,8866,..,..,..,..,8866,..,10,0,10,0,10,..,3,0,7,0,7,..,3,0,3,0,3,..,14,4,10,0,10,..,77,19,99,0,99,..,0,5,3,0,3,..,91,21,113,0,113,..,5,3,6,0,6,..,11,0,11,0,12,..,19,0,19,0,19,..,14,3,16,0,16,..,0,0,0,0,0,..,10,0,10,0,10,..,24,0,24,0,24,..,0,0,0,0,0,..,42,7,46,0,46,..,27,0,31,0,31,..,21,0,21,0,21,..,3,0,3
UCL213018,0,9,0,9,..,0,0,0,0,0,..,3,0,3,0,3,..,0,0,4,0,4,..,15,0,16,0,16,..,3,0,3,0,3,..,0,0,0,0,0,..,4,0,4,0,4,..,0,0,0,0,0,..,4,0,0,0,0,..,21,0,21,0,21,..,121,16,134,0,136,..,13,0,13,229,242,3783,136,16,147,232,4159,3995,..,..,..,..,3995,..,0,0,0,0,0,..,0,0,0,0,0,..,0,0,0,0,0,..,11,3,16,0,16,..,3,0,3,0,3,..,0,0,0,0,0,..,9,5,16,0,16,..,10,0,6,0,6,..,0,0,0,0,0,..,0,0,0,0,0,..,3,0,3,0,3,..,0,0,0,0,0,..,4,0,4,0,4,..,0,0,0,0,0,..,5,0,5,0,5,..,13,0,13,0,13,..,3,0,3,0,3,..,10,0,10,0,10,..,0,0,0
UCL214001,0,6,0,6,..,7,0,4,0,4,..,8,0,8,0,8,..,4,0,4,0,4,..,21,3,27,0,27,..,0,0,0,0,0,..,0,0,0,0,0,..,0,0,0,0,0,..,3,0,3,0,3,..,10,0,9,0,9,..,53,8,56,5,58,..,209,36,248,7,249,..,12,0,12,193,197,2951,222,36,255,194,3395,3188,..,..,..,..,3188,..,0,0,0,0,0,..,11,0,11,0,11,..,3,0,3,0,3,..,0,5,8,0,8,..,16,23,40,0,40,..,0,0,0,0,0,..,21,25,40,0,40,..,3,0,6,0,6,..,0,0,0,0,0,..,3,0,3,0,3,..,0,0,0,0,0,..,0,0,0,0,0,..,3,0,3,0,3,..,0,0,0,0,0,..,6,0,4,0,4,..,26,0,20,0,20,..,3,0,3,0,3,..,16,3,14,0,14,..,3,0,3
UCL214002,0,0,0,0,..,0,0,0,0,0,..,0,0,0,0,0,..,0,0,0,0,0,..,0,0,0,0,0,..,10,0,10,0,10,..,0,0,0,0,0,..,0,0,3,0,3,..,0,0,0,0,0,..,4,0,0,0,0,..,21,5,29,0,33,..,92,9,108,0,107,..,6,0,6,99,106,2873,96,9,109,102,3085,2888,..,..,..,..,2888,..,0,0,0,0,0,..,4,0,4,0,4,..,0,0,0,0,0,..,3,0,3,0,3,..,6,0,6,0,6,..,0,0,0,0,0,..,3,0,3,0,3,..,7,5,11,0,11,..,6,0,6,0,6,..,0,0,0,0,0,..,4,0,4,0,4,..,0,0,0,0,0,..,0,0,0,0,0,..,0,0,0,0,0,..,0,0,0,0,0,..,3,0,3,0,3,..,0,0,0,0,0,..,0,0,0,0,0,..,0,0,0
UCL214003,0,3,0,3,..,0,0,0,0,0,..,0,0,0,0,0,..,0,0,0,0,0,..,3,0,3,0,3,..,0,0,0,0,0,..,8,0,8,0,8,..,0,0,0,0,0,..,0,0,0,0,0,..,0,0,0,0,0,..,20,0,20,0,25,..,182,15,195,8,206,..,6,0,6,363,378,4018,190,15,206,373,4597,4480,..,..,..,..,4480,..,0,0,0,0,0,..,8,7,12,0,12,..,0,0,0,0,0,..,6,0,6,0,6,..,7,4,12,0,12,..,0,4,4,0,4,..,11,9,23,0,23,..,0,0,0,0,0,..,11,0,11,0,11,..,14,0,16,0,16,..,9,0,9,5,14,..,4,0,4,0,4,..,0,0,0,0,0,..,4,0,4,0,4,..,5,0,9,0,10,..,18,0,16,0,16,..,5,0,5,0,5,..,6,0,6,0,7,..,0,0,0
UCL214004,0,3,0,3,..,0,0,0,0,0,..,9,0,9,0,9,..,31,10,41,3,42,..,38,10,51,3,54,..,4,0,4,0,4,..,3,0,3,0,3,..,6,5,9,0,9,..,0,0,3,0,3,..,0,0,0,0,0,..,15,4,15,0,12,..,260,104,368,8,373,..,12,3,12,162,180,2148,272,106,379,175,2698,2180,..,..,..,..,2180,..,0,0,0,0,0,..,17,5,29,0,29,..,0,0,0,0,0,..,0,0,5,0,5,..,26,34,65,0,69,..,0,0,0,0,0,..,32,38,70,0,75,..,0,0,0,0,0,..,0,0,0,0,0,..,5,0,5,0,5,..,0,0,0,0,0,..,0,0,3,0,3,..,3,0,3,0,3,..,0,0,0,0,0,..,0,0,0,0,0,..,37,7,44,0,44,..,3,0,7,0,7,..,0,0,0,0,0,..,0,0,0
UCL214005,0,0,0,0,..,0,0,0,0,0,..,0,0,0,0,0,..,0,0,0,0,0,..,0,0,0,0,0,..,0,0,0,0,0,..,0,0,0,0,0,..,0,0,0,0,0,..,0,0,0,0,0,..,0,0,0,0,0,..,0,0,0,0,0,..,8,0,7,0,7,..,0,0,0,24,24,463,8,0,7,24,495,468,..,..,..,..,468,..,0,0,0,0,0,..,0,0,0,0,0,..,0,0,0,0,0,..,0,0,0,0,0,..,5,0,5,0,5,..,0,0,0,0,0,..,5,0,5,0,5,..,0,0,0,0,0,..,0,0,0,0,0,..,0,0,0,0,0,..,0,0,0,0,0,..,0,0,0,0,0,..,0,0,0,0,0,..,0,0,0,0,0,..,0,0,0,0,0,..,0,0,0,0,0,..,0,0,0,0,0,..,0,0,0,0,0,..,0,0,0
UCL214006,0,3,0,3,..,3,0,3,0,3,..,0,0,0,0,0,..,0,0,0,0,0,..,11,0,7,0,7,..,14,0,11,0,11,..,0,0,0,0,0,..,4,0,4,0,4,..,0,0,0,0,0,..,7,0,13,0,13,..,31,4,32,0,32,..,231,21,256,0,256,..,8,0,8,189,201,2733,239,21,265,189,3192,3095,..,..,..,..,3095,..,0,0,0,0,0,..,0,0,0,0,0,..,0,0,0,0,0,..,5,10,13,0,13,..,9,9,18,0,18,..,0,0,0,0,0,..,11,13,26,0,26,..,0,0,0,0,0,..,5,0,6,0,6,..,20,0,20,0,20,..,16,5,26,0,26,..,0,0,0,0,0,..,4,0,4,0,4,..,3,0,3,0,4,..,5,0,5,0,5,..,21,0,21,0,21,..,0,0,0,0,0,..,0,0,0,0,0,..,0,0,0
UCL214007,0,22,0,22,..,3,0,3,0,3,..,30,0,30,0,30,..,9,0,9,0,9,..,64,0,63,0,63,..,15,0,18,0,21,..,3,0,3,0,3,..,8,0,6,0,6,..,5,0,5,0,5,..,3,0,7,0,7,..,56,3,57,5,68,..,530,32,567,7,577,..,6,0,4,100,106,1799,540,35,572,112,2486,1807,..,..,..,..,1807,..,0,0,0,0,0,..,16,0,16,0,16,..,0,0,0,0,0,..,8,0,7,0,7,..,7,3,12,0,12,..,0,0,0,0,0,..,19,6,24,0,24,..,18,0,19,0,19,..,0,0,0,0,0,..,3,0,3,0,3,..,11,0,11,0,11,..,6,0,3,0,3,..,19,0,20,0,20,..,35,0,40,0,40,..,11,0,6,0,6,..,107,17,130,7,131,..,16,0,16,0,16,..,15,0,17,0,22,..,11,0,11
UCL214008,0,5,0,5,..,3,0,3,0,3,..,4,0,4,0,4,..,0,0,0,0,0,..,9,0,9,0,9,..,3,0,3,0,4,..,0,0,0,0,0,..,3,0,3,0,3,..,0,0,0,0,0,..,3,0,3,0,3,..,33,3,35,3,42,..,147,21,165,7,172,..,13,0,13,228,242,4143,157,23,179,237,4559,4546,..,..,..,..,4546,..,6,0,6,0,6,..,0,0,0,0,0,..,0,0,0,0,0,..,6,0,6,0,3,..,16,4,20,0,20,..,0,0,0,0,0,..,20,4,19,0,23,..,0,0,0,0,0,..,0,0,0,0,0,..,9,0,9,0,9,..,3,0,3,0,0,..,6,0,6,0,6,..,3,0,3,0,3,..,3,0,3,0,3,..,5,0,5,0,5,..,6,0,6,0,6,..,5,0,5,0,5,..,5,0,5,0,5,..,0,0,0
UCL214009,0,5,0,5,..,0,0,0,0,0,..,0,0,0,0,0,..,0,0,0,0,0,..,11,0,13,0,13,..,7,0,8,0,8,..,0,0,0,0,0,..,3,0,3,0,3,..,0,0,0,0,0,..,0,0,0,0,0,..,38,6,42,0,44,..,151,19,177,7,176,..,25,4,26,192,214,3781,175,22,199,196,4172,4093,..,..,..,..,4093,..,3,0,4,0,4,..,3,0,0,0,0,..,7,0,7,0,7,..,4,0,4,0,4,..,5,0,9,0,9,..,0,0,0,0,0,..,13,0,15,0,15,..,0,0,0,0,0,..,0,0,0,0,0,..,29,0,29,0,29,..,14,0,14,0,14,..,0,0,0,0,0,..,0,0,0,0,0,..,3,0,0,0,0,..,0,0,0,0,0,..,0,0,0,0,0,..,0,0,0,0,0,..,0,0,0,0,0,..,0,0,0
UCL214010,0,0,0,0,..,0,0,0,0,0,..,0,0,0,0,0,..,0,0,0,0,0,..,5,0,5,0,5,..,4,0,4,0,4,..,0,0,0,0,0,..,3,0,3,0,3,..,0,0,0,0,0,..,3,0,3,0,3,..,16,3,18,0,24,..,119,9,122,0,127,..,12,0,12,122,131,2634,129,9,132,123,2891,2907,..,..,..,..,2907,..,0,0,0,0,0,..,3,0,5,0,5,..,0,0,0,0,0,..,0,0,0,0,0,..,5,0,4,0,10,..,0,0,0,0,0,..,5,0,4,0,10,..,0,0,0,0,0,..,6,0,6,0,6,..,6,0,10,0,10,..,5,0,5,0,5,..,0,0,0,0,0,..,0,0,0,0,0,..,0,0,0,0,0,..,0,0,0,0,0,..,0,0,0,0,0,..,0,0,0,0,0,..,0,0,0,0,0,..,0,0,0
UCL214011,0,0,0,0,..,0,0,0,0,0,..,7,0,7,0,7,..,0,0,0,0,0,..,11,0,11,0,11,..,11,0,11,0,11,..,3,0,3,0,3,..,7,0,7,0,7,..,7,0,7,0,7,..,0,0,0,0,0,..,48,7,56,0,59,..,265,28,293,5,299,..,12,0,12,203,219,3737,276,28,308,209,4253,3926,..,..,..,..,3926,..,7,0,9,0,9,..,5,0,8,0,8,..,0,0,0,0,0,..,0,0,3,0,3,..,21,6,30,0,30,..,3,0,3,0,3,..,27,10,31,0,31,..,3,0,3,0,3,..,7,0,7,0,7,..,19,0,17,0,17,..,13,0,13,0,13,..,5,0,5,0,5,..,0,0,0,0,0,..,20,0,24,0,24,..,0,0,0,0,0,..,33,0,37,0,40,..,5,0,5,0,5,..,8,0,7,0,7,..,0,0,0
UCL214012,0,18,0,18,..,0,0,0,0,0,..,3,0,3,0,3,..,0,0,5,0,5,..,27,0,24,0,24,..,0,0,0,0,0,..,0,0,3,0,3,..,6,0,6,0,6,..,0,0,0,0,0,..,0,0,0,0,0,..,29,4,31,6,32,..,121,15,138,8,139,..,14,0,19,168,184,2581,136,16,156,178,2905,2743,..,..,..,..,2743,..,0,0,0,0,0,..,3,0,3,0,3,..,0,0,0,0,0,..,4,0,3,0,3,..,0,5,5,0,5,..,0,0,0,0,0,..,4,8,12,0,12,..,0,0,0,0,0,..,0,0,0,0,0,..,4,0,4,0,7,..,0,0,0,0,0,..,5,0,5,0,5,..,0,0,0,0,0,..,0,0,0,0,0,..,0,0,0,0,0,..,3,0,11,0,11,..,0,0,0,0,0,..,0,0,0,0,0,..,0,0,0
UCL214013,0,0,0,0,..,0,0,0,0,0,..,5,0,5,0,5,..,6,3,7,0,7,..,11,3,12,0,12,..,6,0,10,0,10,..,0,0,0,0,0,..,5,0,5,0,5,..,0,0,0,0,0,..,0,0,0,0,0,..,19,0,18,0,18,..,115,45,157,6,161,..,4,0,4,93,95,2185,121,45,160,96,2442,2420,..,..,..,..,2420,..,0,0,0,0,0,..,0,0,0,0,0,..,0,0,0,0,0,..,0,0,0,0,0,..,13,16,29,0,29,..,0,0,0,0,0,..,17,16,30,0,30,..,0,0,0,0,0,..,12,0,12,0,12,..,4,0,4,0,4,..,8,0,8,0,8,..,0,0,0,0,0,..,0,0,0,0,0,..,3,0,3,0,3,..,0,0,0,0,0,..,7,0,5,0,5,..,0,0,0,0,0,..,0,0,0,0,0,..,0,0,0
UCL214014,0,8,0,8,..,0,0,0,0,0,..,5,0,5,0,5,..,0,0,0,0,0,..,11,0,11,0,11,..,0,0,0,0,0,..,0,0,0,0,0,..,0,0,0,0,0,..,0,0,0,0,0,..,10,0,9,0,9,..,22,0,26,0,30,..,126,19,142,3,143,..,10,0,10,324,330,2739,132,19,149,323,3219,2811,..,..,..,..,2811,..,4,0,4,0,4,..,4,0,4,0,4,..,0,0,0,0,0,..,5,0,5,0,5,..,16,7,19,0,19,..,0,0,0,0,0,..,15,7,27,0,27,..,0,0,0,0,0,..,8,0,8,0,8,..,15,0,15,0,15,..,12,0,12,0,13,..,0,0,0,0,0,..,0,0,3,0,3,..,4,0,4,0,4,..,0,0,0,0,0,..,13,0,13,0,16,..,0,0,0,0,0,..,0,0,0,0,0,..,0,0,0
UCL214015,0,3,0,3,..,3,0,3,0,3,..,4,0,6,0,6,..,0,0,0,0,0,..,8,0,12,0,12,..,5,0,5,0,5,..,5,0,5,0,5,..,0,0,0,0,0,..,0,0,0,0,0,..,0,3,3,0,3,..,14,0,23,0,23,..,117,19,129,0,129,..,7,0,7,142,147,2395,115,21,140,142,2673,2632,..,..,..,..,2632,..,0,0,0,0,0,..,3,0,3,0,3,..,0,0,0,0,0,..,0,0,0,0,0,..,6,3,8,0,8,..,0,0,0,0,0,..,9,3,9,0,9,..,0,0,0,0,0,..,3,0,9,0,9,..,6,0,6,0,6,..,3,0,9,0,9,..,0,0,0,0,0,..,0,0,0,0,0,..,0,0,0,0,0,..,0,0,0,0,0,..,4,0,3,0,3,..,0,0,4,0,4,..,0,0,0,0,0,..,0,0,0
UCL214016,0,6,0,6,..,0,0,0,0,0,..,5,0,5,0,5,..,4,0,4,0,4,..,20,0,20,0,20,..,3,0,3,0,3,..,0,0,0,0,0,..,0,0,0,0,0,..,6,0,6,0,6,..,0,0,3,0,3,..,19,5,21,0,21,..,112,8,120,0,120,..,15,0,19,202,217,3364,129,8,135,205,3711,3685,..,..,..,..,3685,..,0,0,0,0,0,..,0,0,0,0,0,..,0,0,0,0,0,..,0,0,3,0,3,..,10,0,11,0,11,..,6,0,6,0,6,..,16,3,16,0,16,..,0,0,0,0,0,..,0,0,0,0,0,..,0,0,4,0,4,..,7,0,7,0,7,..,0,0,0,0,0,..,0,0,0,0,0,..,4,0,4,0,4,..,14,0,13,0,13,..,3,0,3,0,3,..,4,0,4,0,4,..,0,0,0,0,0,..,0,0,0
UCL214017,0,0,0,0,..,3,0,3,0,3,..,4,0,4,0,4,..,0,0,0,0,0,..,5,0,5,0,5,..,0,0,3,0,3,..,0,0,0,0,0,..,5,0,5,0,5,..,0,0,0,0,0,..,0,0,0,0,0,..,15,0,15,0,15,..,73,3,82,0,82,..,3,0,3,157,164,2228,78,3,79,157,2467,2534,..,..,..,..,2534,..,0,0,0,0,0,..,0,0,0,0,0,..,0,0,0,0,0,..,0,0,0,0,0,..,3,0,8,0,8,..,0,0,0,0,0,..,4,0,8,0,8,..,4,0,4,0,4,..,3,0,3,0,3,..,12,0,12,0,12,..,6,0,5,0,5,..,0,0,0,0,0,..,0,0,0,0,0,..,3,0,3,0,3,..,7,0,7,0,7,..,0,0,3,0,3,..,0,0,0,0,0,..,0,0,0,0,0,..,0,0,0
UCL214018,0,0,0,0,..,0,0,0,0,0,..,0,0,0,0,0,..,0,0,0,0,0,..,4,0,4,0,4,..,5,0,5,0,5,..,0,0,0,0,0,..,0,0,0,0,0,..,0,0,0,0,0,..,7,0,7,0,7,..,61,3,65,0,65,..,271,40,307,5,313,..,18,0,18,316,334,3741,288,40,323,321,4387,4007,..,..,..,..,4007,..,0,0,0,0,0,..,4,0,3,0,3,..,0,0,0,0,0,..,0,0,6,0,6,..,5,0,8,0,8,..,0,0,0,0,0,..,11,0,10,0,10,..,19,5,20,0,20,..,9,0,9,0,9,..,10,0,10,0,10,..,59,18,74,0,74,..,0,0,0,0,0,..,0,0,0,0,0,..,0,0,0,0,0,..,0,0,0,0,0,..,0,0,0,0,0,..,0,0,0,0,0,..,0,0,0,0,0,..,0,0,0
UCL214019,0,9,0,9,..,0,0,0,0,0,..,15,0,15,0,15,..,0,0,0,0,0,..,26,0,27,0,27,..,0,0,0,0,0,..,0,0,0,0,0,..,0,0,4,0,4,..,0,0,0,0,0,..,4,3,3,0,3,..,14,0,15,0,15,..,183,36,222,0,224,..,8,3,11,286,300,2450,191,43,233,285,2977,2624,..,..,..,..,2624,..,0,0,0,0,0,..,0,0,0,0,0,..,0,0,0,0,0,..,0,0,0,0,0,..,15,13,31,0,31,..,0,0,0,0,0,..,16,16,28,0,28,..,0,0,0,0,0,..,0,0,0,0,0,..,3,0,3,0,3,..,9,0,9,0,9,..,0,0,0,0,0,..,5,0,5,0,5,..,9,0,9,0,9,..,7,0,7,0,7,..,12,0,12,0,12,..,4,0,4,0,4,..,0,0,0,0,0,..,0,0,0
UCL214020,0,19,0,19,..,4,0,4,0,4,..,11,0,10,0,10,..,0,0,4,0,4,..,36,5,40,0,40,..,3,0,3,0,3,..,5,0,5,0,5,..,0,0,0,0,0,..,0,0,0,0,0,..,3,0,3,0,3,..,56,5,63,0,71,..,180,42,222,0,224,..,7,0,12,244,252,2299,186,45,234,247,2772,2394,..,..,..,..,2394,..,3,0,6,0,6,..,0,0,0,0,0,..,0,0,0,0,0,..,0,0,0,0,0,..,21,19,46,0,46,..,5,0,5,0,5,..,27,19,52,0,52,..,0,0,0,0,0,..,0,0,0,0,0,..,3,0,6,0,6,..,3,0,3,0,3,..,0,0,3,0,3,..,0,0,0,0,0,..,0,0,0,0,0,..,4,0,4,0,4,..,17,0,13,0,13,..,0,0,0,0,0,..,0,0,0,0,0,..,0,0,0
UCL214021,0,0,0,0,..,0,0,0,0,0,..,3,0,3,0,3,..,0,0,0,0,0,..,3,0,3,0,3,..,3,0,3,0,3,..,0,0,0,0,0,..,3,0,3,0,3,..,3,0,3,0,3,..,3,0,3,0,3,..,11,4,16,0,15,..,126,16,142,3,148,..,4,0,4,95,104,2393,135,16,152,104,2642,2562,..,..,..,..,2562,..,4,0,4,0,4,..,0,0,3,0,7,..,0,0,0,0,0,..,0,0,0,0,0,..,5,0,6,0,6,..,0,0,0,0,0,..,5,0,6,0,6,..,5,0,5,0,5,..,3,0,3,0,3,..,5,0,5,0,5,..,4,3,10,0,10,..,0,0,0,0,0,..,0,0,0,0,0,..,5,0,5,0,5,..,0,0,0,0,0,..,0,0,0,0,0,..,4,0,4,0,4,..,0,0,0,0,0,..,0,0,0
UCL214022,0,0,0,0,..,0,0,0,0,0,..,0,0,0,0,0,..,0,0,0,0,0,..,0,0,0,0,0,..,7,0,7,0,7,..,7,0,7,0,7,..,8,3,5,0,5,..,0,0,0,0,0,..,0,0,5,0,5,..,32,13,42,0,42,..,167,29,194,5,201,..,8,0,11,217,228,3584,178,29,206,218,4008,3873,..,..,..,..,3873,..,3,0,3,0,3,..,5,0,5,0,5,..,0,0,0,0,0,..,3,0,5,0,5,..,11,7,19,0,19,..,0,0,0,0,0,..,10,7,21,0,21,..,0,0,0,0,0,..,6,0,6,0,6,..,11,0,11,0,11,..,5,0,0,0,0,..,3,0,3,0,3,..,0,0,0,0,0,..,8,0,8,0,8,..,12,0,11,0,11,..,5,0,5,0,5,..,0,0,0,0,0,..,0,0,0,0,0,..,0,0,0
UCL215001,0,0,0,0,..,0,0,0,0,0,..,0,0,0,0,0,..,0,0,0,0,0,..,0,0,0,0,0,..,3,0,4,0,4,..,0,0,0,0,0,..,0,0,0,0,0,..,0,0,0,0,0,..,0,0,0,0,0,..,0,0,0,0,3,..,12,4,15,0,18,..,0,0,0,47,56,620,18,4,15,52,685,643,..,..,..,..,643,..,0,0,0,0,0,..,0,0,0,0,0,..,0,0,0,0,0,..,0,0,0,0,0,..,0,0,0,0,0,..,0,0,0,0,0,..,0,0,0,0,0,..,0,0,0,0,0,..,0,0,0,0,0,..,5,0,3,0,3,..,0,0,0,0,0,..,0,0,0,0,0,..,0,0,0,0,0,..,0,0,0,0,0,..,0,0,0,0,0,..,0,0,0,0,0,..,0,0,0,0,0,..,0,0,0,0,0,..,0,0,0
UCL215002,0,0,0,0,..,0,0,0,0,0,..,0,0,0,0,0,..,0,0,0,0,0,..,0,0,0,0,0,..,0,0,0,0,0,..,0,0,0,0,0,..,0,0,0,0,0,..,0,0,0,0,0,..,3,0,3,0,3,..,6,5,5,0,5,..,31,3,37,0,37,..,0,0,0,64,64,1101,31,3,33,64,1206,1170,..,..,..,..,1170,..,0,0,0,0,0,..,0,0,0,0,0,..,0,0,0,0,0,..,0,0,0,0,0,..,3,0,3,0,3,..,0,0,0,0,0,..,3,0,3,0,3,..,0,0,0,0,0,..,0,0,0,0,0,..,3,0,3,0,3,..,0,0,0,0,0,..,0,0,0,0,0,..,0,0,0,0,0,..,3,0,3,0,3,..,0,0,0,0,0,..,0,0,0,0,0,..,0,0,0,0,0,..,0,0,0,0,0,..,0,0,0
UCL215003,0,0,0,0,..,0,0,0,0,0,..,0,0,0,0,0,..,0,0,0,0,0,..,0,0,0,0,0,..,7,0,7,0,7,..,0,0,0,0,0,..,0,0,0,0,0,..,0,0,0,0,0,..,0,0,0,0,0,..,9,0,15,0,15,..,52,5,56,0,56,..,5,0,5,101,101,1408,56,5,59,101,1567,1489,..,..,..,..,1489,..,0,0,0,0,0,..,0,0,0,0,0,..,0,0,0,0,0,..,0,0,0,0,0,..,0,0,3,0,3,..,0,0,0,0,0,..,0,0,3,0,3,..,0,0,0,0,0,..,3,0,8,0,7,..,0,0,0,0,0,..,0,0,0,0,0,..,0,0,0,0,0,..,0,0,0,0,0,..,0,0,0,0,0,..,0,0,0,0,0,..,0,0,0,0,0,..,0,0,0,0,0,..,0,0,0,0,0,..,0,0,0
UCL215004,0,5,0,5,..,12,0,12,0,12,..,0,0,0,0,0,..,0,0,0,0,0,..,11,0,11,0,11,..,0,0,0,0,0,..,0,0,0,0,0,..,0,0,0,0,0,..,0,0,0,0,0,..,0,0,0,0,0,..,11,0,7,0,7,..,65,9,76,0,76,..,0,0,0,81,90,584,66,9,75,81,745,593,..,..,..,..,593,..,0,0,0,0,0,..,0,0,0,0,0,..,0,0,0,0,0,..,3,0,7,0,7,..,7,0,7,0,7,..,0,0,0,0,0,..,12,3,17,0,17,..,0,0,0,0,0,..,3,0,3,0,3,..,5,0,5,0,5,..,8,0,11,0,11,..,0,0,0,0,0,..,0,0,0,0,0,..,0,0,0,0,0,..,0,0,0,0,0,..,4,0,4,0,4,..,5,0,5,0,5,..,0,0,0,0,0,..,0,0,0
UCL215005,0,0,0,0,..,0,0,0,0,0,..,0,0,0,0,0,..,0,0,0,0,0,..,0,0,0,0,0,..,0,0,0,0,0,..,0,0,0,0,0,..,0,0,0,0,0,..,0,0,0,0,0,..,0,0,0,0,0,..,3,0,3,0,3,..,8,0,8,0,8,..,0,0,0,42,46,513,8,0,6,42,566,517,..,..,..,..,517,..,0,0,0,0,0,..,0,0,0,0,0,..,0,0,0,0,0,..,0,0,0,0,0,..,0,0,0,0,0,..,0,0,0,0,0,..,0,0,0,0,0,..,0,0,0,0,0,..,0,0,0,0,0,..,0,0,0,0,0,..,0,0,0,0,0,..,0,0,0,0,0,..,0,0,0,0,0,..,0,0,0,0,0,..,0,0,0,0,0,..,0,0,0,0,0,..,0,0,0,0,0,..,0,0,0,0,0,..,0,0,0
UCL215006,0,0,0,0,..,0,0,0,0,0,..,0,0,0,0,0,..,0,0,0,0,0,..,0,0,0,0,0,..,0,0,0,0,0,..,0,0,0,0,0,..,0,0,0,0,0,..,0,0,0,0,0,..,0,0,0,0,0,..,17,0,14,0,14,..,48,0,52,0,52,..,0,0,0,48,49,1137,42,0,50,48,1234,1262,..,..,..,..,1262,..,0,0,0,0,0,..,0,0,0,0,0,..,0,0,0,0,0,..,0,0,0,0,0,..,0,0,5,0,5,..,0,0,0,0,0,..,0,0,6,0,6,..,3,0,3,0,3,..,0,0,0,0,0,..,3,0,3,0,3,..,3,0,5,0,5,..,0,0,0,0,0,..,0,0,0,0,0,..,3,0,3,0,3,..,0,0,0,0,0,..,0,0,3,0,3,..,0,0,0,0,0,..,0,0,0,0,0,..,0,0,0
UCL215007,0,0,0,0,..,0,0,0,0,0,..,0,0,0,0,0,..,0,0,0,0,0,..,0,0,0,0,0,..,4,0,4,0,3,..,0,0,0,0,0,..,0,0,0,0,0,..,0,0,0,0,0,..,0,0,0,0,0,..,9,0,9,0,9,..,22,0,20,0,21,..,4,0,4,79,76,1125,26,0,25,76,1227,1193,..,..,..,..,1193,..,0,0,0,0,0,..,0,0,0,0,0,..,0,0,0,0,0,..,0,0,0,0,0,..,0,0,0,0,0,..,0,0,0,0,0,..,4,0,4,0,4,..,0,0,0,0,0,..,5,0,5,0,5,..,3,0,3,0,3,..,0,0,0,0,0,..,0,0,0,0,0,..,0,0,0,0,0,..,0,0,0,0,0,..,0,0,0,0,0,..,0,0,0,0,0,..,0,0,0,0,0,..,0,0,0,0,0,..,0,0,0
UCL215008,0,0,0,0,..,0,0,0,0,0,..,0,0,0,0,0,..,0,0,0,0,0,..,0,0,0,0,0,..,4,0,4,0,4,..,0,0,0,0,0,..,0,0,0,0,0,..,0,0,0,0,0,..,0,0,0,0,0,..,7,3,13,0,13,..,25,3,32,0,32,..,4,0,4,18,24,904,29,3,33,18,963,937,..,..,..,..,937,..,0,0,0,0,0,..,0,0,0,0,0,..,0,0,0,0,0,..,0,0,0,0,0,..,0,0,0,0,0,..,0,0,0,0,0,..,0,0,0,0,0,..,0,0,0,0,0,..,6,0,6,0,6,..,0,0,0,0,0,..,0,0,0,0,0,..,0,0,0,0,0,..,0,0,0,0,0,..,0,0,0,0,0,..,0,0,0,0,0,..,0,0,0,0,0,..,0,0,0,0,0,..,0,0,0,0,0,..,0,0,0
UCL215009,0,0,0,0,..,0,0,0,0,0,..,0,0,0,0,0,..,0,0,0,0,0,..,0,0,0,0,0,..,0,0,0,0,0,..,0,0,0,0,0,..,0,0,0,0,0,..,0,0,0,0,0,..,0,0,0,0,0,..,0,0,0,0,0,..,0,0,0,0,0,..,0,0,0,40,38,444,0,0,4,40,490,406,..,..,..,..,406,..,0,0,0,0,0,..,0,0,0,0,0,..,0,0,0,0,0,..,0,0,0,0,0,..,0,0,0,0,0,..,0,0,0,0,0,..,0,0,0,0,0,..,0,0,0,0,0,..,0,0,0,0,0,..,0,0,0,0,0,..,0,0,0,0,0,..,0,0,0,0,0,..,0,0,0,0,0,..,0,0,0,0,0,..,0,0,0,0,0,..,0,0,0,0,0,..,0,0,0,0,0,..,0,0,0,0,0,..,0,0,0
UCL215010,0,0,0,0,..,0,0,0,0,0,..,0,0,0,0,0,..,0,0,0,0,0,..,0,0,0,0,0,..,7,0,7,0,7,..,0,0,0,0,0,..,5,0,5,0,5,..,0,0,0,0,0,..,0,0,0,0,0,..,7,3,12,0,10,..,47,7,50,0,52,..,0,0,0,56,56,1061,47,7,50,59,1172,990,..,..,..,..,990,..,0,0,0,0,0,..,0,0,0,0,0,..,0,0,0,0,0,..,0,0,0,0,0,..,0,0,0,0,0,..,0,0,0,0,0,..,0,0,0,0,0,..,0,0,0,0,0,..,4,0,4,0,4,..,7,0,7,0,7,..,0,0,0,0,0,..,0,0,0,0,0,..,0,0,0,0,0,..,0,0,0,0,0,..,0,0,0,0,0,..,0,0,0,0,0,..,0,0,0,0,0,..,0,0,0,0,0,..,0,0,0
UCL215011,0,0,0,0,..,0,0,0,0,0,..,0,0,0,0,0,..,0,0,0,0,0,..,0,0,0,0,0,..,0,0,0,0,0,..,0,0,0,0,0,..,0,0,0,0,0,..,0,0,0,0,0,..,0,0,0,0,0,..,4,0,4,0,4,..,17,0,16,0,16,..,0,0,0,48,48,506,17,0,16,48,569,525,..,..,..,..,525,..,0,0,0,0,0,..,0,0,0,0,0,..,0,0,0,0,0,..,0,0,0,0,0,..,0,0,0,0,0,..,0,0,0,0,0,..,0,0,0,0,0,..,0,0,0,0,0,..,0,0,0,0,0,..,0,0,0,0,0,..,6,0,6,0,6,..,0,0,0,0,0,..,0,0,0,0,0,..,0,0,0,0,0,..,0,0,0,0,0,..,0,0,0,0,0,..,0,0,0,0,0,..,0,0,0,0,0,..,0,0,0
UCL215012,0,0,0,0,..,5,0,5,0,5,..,4,0,4,0,4,..,0,0,0,0,0,..,7,0,7,0,7,..,3,0,3,0,3,..,0,0,0,0,0,..,0,0,0,0,0,..,0,0,0,0,0,..,0,0,0,0,0,..,11,3,17,0,16,..,64,3,67,0,70,..,0,0,0,60,62,1401,63,3,71,59,1529,1592,..,..,..,..,1592,..,0,0,0,0,0,..,0,0,0,0,0,..,0,0,0,0,0,..,0,0,4,0,4,..,4,0,4,0,4,..,0,0,0,0,0,..,4,0,8,0,8,..,5,0,5,0,5,..,3,0,3,0,3,..,4,0,8,0,8,..,0,0,0,0,0,..,0,0,0,0,0,..,0,0,0,0,0,..,0,0,0,0,0,..,0,0,0,0,0,..,0,0,0,0,0,..,0,0,0,0,0,..,0,0,0,0,0,..,0,0,0
UCL215013,0,0,0,0,..,0,0,0,0,0,..,11,0,11,0,11,..,6,0,6,0,6,..,20,0,20,0,20,..,5,0,5,0,5,..,8,0,12,0,11,..,3,0,3,0,3,..,26,0,26,0,26,..,5,0,0,0,0,..,91,9,96,3,101,..,506,39,548,13,560,..,6,6,3,83,87,1458,512,41,552,91,2099,1457,..,..,..,..,1457,..,4,0,4,0,4,..,15,0,17,0,17,..,0,0,0,0,0,..,0,0,0,0,0,..,8,0,9,0,9,..,0,0,0,0,0,..,8,0,9,0,9,..,9,0,9,0,9,..,0,0,0,0,0,..,0,0,0,0,0,..,19,0,19,0,19,..,0,0,0,0,0,..,8,0,6,0,6,..,29,6,36,0,36,..,0,0,0,0,0,..,146,23,169,0,169,..,13,0,14,0,14,..,10,0,10,0,10,..,6,0,6
UCL215014,0,0,0,0,..,0,0,0,0,0,..,0,0,0,0,0,..,0,0,0,0,0,..,0,0,0,0,0,..,0,0,0,0,0,..,0,0,0,0,0,..,0,0,0,0,0,..,0,0,0,0,0,..,0,0,0,0,0,..,0,0,0,0,0,..,19,0,15,0,15,..,0,0,0,20,17,581,21,0,17,20,617,578,..,..,..,..,578,..,0,0,0,0,0,..,0,0,0,0,0,..,0,0,0,0,0,..,0,0,0,0,0,..,0,0,0,0,0,..,0,0,0,0,0,..,0,0,0,0,0,..,3,0,3,0,3,..,0,0,0,0,0,..,0,0,0,0,0,..,0,0,0,0,0,..,0,0,0,0,0,..,0,0,0,0,0,..,3,0,3,0,3,..,0,0,0,0,0,..,0,0,0,0,0,..,0,0,0,0,0,..,0,0,0,0,0,..,0,0,0
UCL215015,0,0,0,0,..,0,0,0,0,0,..,0,0,0,0,0,..,0,0,0,0,0,..,0,0,0,0,0,..,0,0,4,0,4,..,0,0,0,0,0,..,0,0,0,0,0,..,0,0,0,0,0,..,0,0,0,0,0,..,19,3,27,0,22,..,80,10,86,3,87,..,0,0,0,100,101,1018,77,10,90,99,1207,1067,..,..,..,..,1067,..,0,0,0,0,0,..,3,0,3,0,3,..,6,0,10,0,10,..,0,0,0,0,0,..,0,0,0,0,0,..,0,0,0,0,0,..,0,0,0,0,0,..,3,0,3,0,3,..,3,0,3,0,3,..,7,0,7,0,7,..,8,5,10,0,10,..,0,0,0,0,0,..,0,0,0,0,0,..,0,0,0,0,0,..,3,0,3,0,3,..,0,0,0,0,0,..,0,0,0,0,0,..,0,0,0,0,0,..,0,0,0
UCL215016,0,0,0,0,..,0,0,0,0,0,..,3,0,3,0,3,..,0,0,0,0,0,..,4,0,4,0,4,..,5,0,5,0,5,..,0,0,0,0,0,..,0,0,0,0,0,..,0,0,0,0,0,..,0,0,0,0,0,..,16,0,14,0,14,..,55,6,60,0,60,..,8,0,8,86,95,1881,62,6,66,86,2037,1861,..,..,..,..,1861,..,0,0,0,0,0,..,0,0,0,0,0,..,0,0,0,0,0,..,0,0,0,0,0,..,0,0,0,0,0,..,0,0,0,0,0,..,3,0,3,0,3,..,0,0,0,0,0,..,0,0,0,0,0,..,7,0,7,0,7,..,6,0,6,0,6,..,0,0,0,0,0,..,0,0,0,0,0,..,0,0,0,0,0,..,0,0,0,0,0,..,0,0,0,0,0,..,0,0,0,0,0,..,0,0,0,0,0,..,0,0,0
UCL215017,0,0,0,0,..,0,0,0,0,0,..,0,0,0,0,0,..,0,0,0,0,0,..,0,0,0,0,0,..,0,0,0,0,0,..,0,0,0,0,0,..,0,0,0,0,0,..,0,0,0,0,0,..,0,0,0,0,0,..,3,0,9,0,9,..,19,8,19,0,19,..,0,0,0,76,79,1238,21,8,25,76,1340,1258,..,..,..,..,1258,..,0,0,0,0,0,..,0,0,0,0,0,..,0,0,0,0,0,..,0,0,0,0,0,..,0,0,0,0,0,..,0,0,0,0,0,..,0,0,0,0,0,..,0,0,0,0,0,..,0,0,0,0,0,..,5,0,5,0,5,..,0,0,0,0,0,..,0,0,0,0,0,..,0,0,0,0,0,..,0,0,0,0,0,..,0,0,0,0,0,..,0,0,0,0,0,..,0,0,0,0,0,..,0,0,0,0,0,..,0,0,0
UCL215018,0,0,0,0,..,0,0,0,0,0,..,0,0,0,0,0,..,0,0,0,0,0,..,3,0,3,0,3,..,0,0,0,0,0,..,0,0,0,0,0,..,0,0,0,0,0,..,0,0,0,0,0,..,0,0,0,0,0,..,0,0,0,0,0,..,30,5,33,0,33,..,4,0,4,81,84,1275,30,5,33,81,1391,1373,..,..,..,..,1373,..,0,0,0,0,0,..,0,0,0,0,0,..,0,0,0,0,0,..,0,0,0,0,0,..,0,0,0,0,0,..,0,0,0,0,0,..,0,0,0,0,0,..,0,0,0,0,0,..,0,0,0,0,0,..,0,0,0,0,0,..,0,0,0,0,0,..,0,0,0,0,0,..,0,0,0,0,0,..,0,0,0,0,0,..,3,0,3,0,3,..,0,0,0,0,0,..,0,0,0,0,0,..,0,0,0,0,0,..,0,0,0
UCL215019,0,0,0,0,..,0,0,0,0,0,..,0,0,0,0,0,..,0,0,0,0,0,..,0,0,0,0,0,..,0,0,0,0,0,..,0,0,0,0,0,..,0,0,0,0,0,..,0,0,0,0,0,..,0,0,0,0,0,..,6,0,6,0,6,..,51,6,53,0,56,..,0,0,0,125,127,941,52,6,51,125,1115,980,..,..,..,..,980,..,0,0,0,0,0,..,0,0,0,0,0,..,0,0,0,0,0,..,0,0,0,0,0,..,3,0,7,0,7,..,0,0,0,0,0,..,3,0,7,0,7,..,3,0,3,0,3,..,3,0,3,0,3,..,5,0,5,0,5,..,3,0,3,0,5,..,0,0,0,0,0,..,0,0,0,0,0,..,0,0,0,0,0,..,0,0,0,0,0,..,0,0,0,0,0,..,0,0,0,0,0,..,0,0,0,0,0,..,0,0,0
UCL215020,0,0,0,0,..,0,0,0,0,0,..,0,0,0,0,0,..,0,0,0,0,0,..,0,0,0,0,0,..,0,0,0,0,0,..,0,0,0,0,0,..,0,0,0,0,0,..,0,0,0,0,0,..,0,0,0,0,0,..,5,0,5,0,5,..,30,0,34,0,34,..,4,0,4,32,34,560,33,0,35,32,627,638,..,..,..,..,638,..,0,0,0,0,0,..,0,0,0,0,0,..,0,0,0,0,0,..,0,0,0,0,0,..,0,0,0,0,0,..,0,0,0,0,0,..,0,0,0,0,0,..,0,0,0,0,0,..,0,0,0,0,0,..,0,0,0,0,0,..,0,0,0,0,0,..,0,0,0,0,0,..,0,0,0,0,0,..,0,0,0,0,0,..,3,0,3,0,3,..,4,0,4,0,4,..,0,0,0,0,0,..,0,0,0,0,0,..,0,0,0
UCL215021,0,0,0,0,..,0,0,0,0,0,..,0,0,0,0,0,..,0,0,0,0,0,..,0,0,0,0,0,..,0,0,0,0,0,..,0,0,0,0,0,..,0,0,0,0,0,..,0,0,0,0,0,..,0,0,0,0,0,..,3,0,5,0,5,..,11,0,9,0,9,..,0,0,0,36,36,538,11,0,9,36,579,578,..,..,..,..,578,..,0,0,0,0,0,..,0,0,0,0,0,..,0,0,0,0,0,..,0,0,0,0,0,..,0,0,0,0,0,..,0,0,0,0,0,..,0,0,0,0,0,..,0,0,0,0,0,..,0,0,0,0,0,..,0,0,0,0,0,..,0,0,0,0,0,..,0,0,0,0,0,..,0,0,0,0,0,..,0,0,0,0,0,..,0,0,0,0,0,..,0,0,0,0,0,..,0,0,0,0,0,..,0,0,0,0,0,..,0,0,0
UCL215022,0,0,0,0,..,0,0,0,0,0,..,0,0,0,0,0,..,3,0,3,0,3,..,3,0,3,0,3,..,4,0,4,0,4,..,0,0,0,0,0,..,3,0,3,0,3,..,0,0,0,0,0,..,0,0,0,0,0,..,25,4,24,5,32,..,96,6,100,4,106,..,12,0,12,188,200,1990,103,6,113,193,2298,2050,..,..,..,..,2050,..,0,0,0,0,0,..,5,0,3,0,3,..,0,0,0,0,0,..,0,0,0,0,0,..,3,0,6,0,6,..,0,0,0,0,0,..,4,0,8,0,8,..,0,0,0,0,0,..,5,0,5,0,5,..,0,0,0,0,0,..,0,0,0,0,0,..,8,0,4,0,4,..,0,0,0,0,0,..,0,0,0,0,0,..,0,0,0,0,0,..,9,0,9,0,9,..,4,0,4,0,4,..,4,0,8,0,8,..,0,0,0
UCL215023,0,0,0,0,..,0,0,0,0,0,..,0,0,0,0,0,..,0,0,0,0,0,..,0,0,0,0,0,..,0,0,0,0,0,..,0,0,0,0,0,..,0,0,0,0,0,..,0,0,0,0,0,..,0,0,0,0,0,..,0,0,0,0,0,..,11,0,10,0,10,..,0,0,0,32,32,684,11,0,10,32,730,730,..,..,..,..,730,..,0,0,0,0,0,..,0,0,0,0,0,..,0,0,0,0,0,..,0,0,0,0,0,..,0,0,0,0,0,..,0,0,0,0,0,..,0,0,0,0,0,..,0,0,0,0,0,..,0,0,0,0,0,..,3,0,3,0,3,..,0,0,0,0,0,..,0,0,0,0,0,..,0,0,0,0,0,..,0,0,0,0,0,..,6,0,6,0,6,..,0,0,0,0,0,..,0,0,0,0,0,..,0,0,0,0,0,..,0,0,0
UCL215024,0,4,0,4,..,0,0,0,0,0,..,0,0,0,0,0,..,0,0,0,0,0,..,4,0,4,0,4,..,0,0,0,0,0,..,0,0,0,0,0,..,0,0,0,0,0,..,0,0,0,0,0,..,0,0,0,0,0,..,0,0,0,0,0,..,19,4,27,0,26,..,0,0,0,75,81,788,23,4,28,75,891,868,..,..,..,..,868,..,0,0,0,0,0,..,6,0,5,0,5,..,0,0,0,0,0,..,0,0,0,0,0,..,0,0,0,0,0,..,0,0,0,0,0,..,0,0,0,0,0,..,0,0,0,0,0,..,0,0,0,0,0,..,0,0,0,0,0,..,0,0,0,0,0,..,0,0,0,0,0,..,0,0,0,0,0,..,0,0,0,0,0,..,3,0,3,0,3,..,0,0,5,0,5,..,0,0,0,0,0,..,0,0,0,0,0,..,0,0,0
UCL215025,0,0,0,0,..,0,0,0,0,0,..,0,0,0,0,0,..,0,0,0,0,0,..,0,0,0,0,0,..,0,0,4,0,4,..,0,0,0,0,0,..,0,0,0,0,0,..,0,0,0,0,0,..,0,0,0,0,0,..,5,3,6,0,6,..,21,3,29,0,28,..,5,0,5,28,29,482,23,3,28,33,545,455,..,..,..,..,455,..,0,0,0,0,0,..,3,0,3,0,3,..,0,0,0,0,0,..,0,0,0,0,0,..,0,0,0,0,0,..,0,0,0,0,0,..,0,0,0,0,0,..,0,0,0,0,0,..,0,0,0,0,0,..,0,0,0,0,0,..,0,0,0,0,0,..,0,0,0,0,0,..,0,0,0,0,0,..,0,0,0,0,0,..,0,0,0,0,0,..,0,0,0,0,0,..,0,0,0,0,0,..,0,0,0,0,0,..,0,0,0
UCL215026,0,0,0,0,..,0,0,0,0,0,..,0,0,0,0,0,..,0,0,0,0,0,..,0,0,0,0,0,..,0,0,0,0,0,..,0,0,0,0,0,..,0,0,0,0,0,..,0,0,0,0,0,..,0,0,0,0,0,..,3,0,3,0,3,..,26,0,29,0,29,..,0,0,0,52,48,484,27,0,32,52,564,461,..,..,..,..,461,..,0,0,0,0,0,..,0,0,0,0,0,..,0,0,0,0,0,..,0,0,0,0,0,..,0,0,0,0,0,..,0,0,0,0,0,..,0,0,0,0,0,..,0,0,0,0,0,..,4,0,6,0,6,..,3,0,3,0,3,..,10,0,13,0,13,..,0,0,0,0,0,..,0,0,0,0,0,..,0,0,0,0,0,..,0,0,0,0,0,..,0,0,0,0,0,..,0,0,0,0,0,..,0,0,0,0,0,..,0,0,0
UCL215027,0,3,0,3,..,0,0,0,0,0,..,3,0,3,0,3,..,0,0,0,0,0,..,8,0,8,0,8,..,0,0,0,0,0,..,0,0,0,0,0,..,0,0,0,0,0,..,0,0,0,0,0,..,0,0,0,0,0,..,0,3,3,0,3,..,20,3,22,0,24,..,3,0,3,72,74,481,27,3,30,73,584,520,..,..,..,..,520,..,0,0,0,0,0,..,0,0,0,0,0,..,0,0,0,0,0,..,0,0,0,0,0,..,0,0,0,0,0,..,0,0,0,0,0,..,4,0,4,0,4,..,0,0,0,0,0,..,6,0,6,0,6,..,4,0,4,0,4,..,0,0,0,0,0,..,0,0,0,0,0,..,0,0,0,0,0,..,0,0,0,0,0,..,0,0,0,0,0,..,4,0,4,0,4,..,0,0,0,0,0,..,0,0,0,0,0,..,0,0,0
UCL215028,0,3,0,3,..,0,0,0,0,0,..,3,0,5,0,5,..,3,0,3,0,3,..,4,0,6,0,6,..,0,0,0,0,0,..,0,0,0,0,0,..,0,0,0,0,0,..,0,0,0,0,0,..,0,0,0,0,0,..,9,0,9,0,9,..,41,8,50,0,50,..,4,0,4,131,131,1177,44,8,50,131,1356,1238,..,..,..,..,1238,..,0,0,0,0,0,..,0,0,0,0,0,..,0,0,0,0,0,..,0,0,3,0,3,..,0,0,0,0,0,..,0,0,0,0,0,..,0,0,6,0,6,..,0,0,0,0,0,..,3,0,3,0,3,..,0,0,0,0,0,..,0,0,0,0,0,..,0,0,0,0,0,..,0,0,0,0,0,..,0,0,0,0,0,..,0,0,0,0,0,..,3,0,3,0,3,..,4,0,4,0,4,..,0,0,0,0,0,..,0,0,0
UCL215029,0,0,0,0,..,0,0,0,0,0,..,0,0,0,0,0,..,0,0,0,0,0,..,0,0,0,0,0,..,7,0,7,0,7,..,0,0,0,0,0,..,0,0,3,0,3,..,0,0,0,0,0,..,0,0,0,0,0,..,22,0,22,0,22,..,130,7,144,0,144,..,6,0,6,111,118,1454,135,7,148,111,1711,1716,..,..,..,..,1716,..,0,0,0,0,0,..,5,0,5,0,5,..,0,0,0,0,0,..,0,0,0,0,0,..,10,0,14,0,14,..,0,0,0,0,0,..,11,0,16,0,16,..,4,0,4,0,4,..,5,0,5,0,5,..,12,0,12,0,12,..,6,0,6,0,6,..,0,0,0,0,0,..,0,0,0,0,0,..,3,0,3,0,3,..,7,0,12,0,12,..,5,0,5,0,5,..,0,0,0,0,0,..,0,0,0,0,0,..,0,0,0
UCL215030,0,0,0,0,..,0,0,0,0,0,..,0,0,0,0,0,..,0,0,0,0,0,..,0,0,0,0,0,..,0,0,0,0,0,..,0,0,0,0,0,..,0,0,0,0,0,..,0,0,0,0,0,..,0,0,0,0,0,..,4,0,4,0,4,..,10,0,14,0,14,..,0,0,0,43,43,580,10,0,14,43,633,624,..,..,..,..,624,..,0,0,0,0,0,..,0,0,0,0,0,..,0,0,0,0,0,..,0,0,0,0,0,..,0,0,0,0,0,..,0,0,0,0,0,..,0,0,0,0,0,..,0,0,0,0,0,..,0,0,0,0,0,..,0,0,0,0,0,..,0,0,0,0,0,..,0,0,0,0,0,..,0,0,0,0,0,..,0,0,0,0,0,..,0,0,0,0,0,..,0,0,0,0,0,..,0,0,0,0,0,..,0,0,0,0,0,..,0,0,0
UCL215031,0,5,0,6,..,0,0,0,0,0,..,0,0,5,0,5,..,0,0,0,0,0,..,5,0,11,0,8,..,0,0,0,0,0,..,0,0,0,0,0,..,3,0,3,0,3,..,0,0,0,0,0,..,0,0,0,0,0,..,3,0,8,0,8,..,27,4,33,0,39,..,5,0,5,56,58,577,37,4,41,55,678,602,..,..,..,..,602,..,0,0,0,0,0,..,0,0,0,0,0,..,0,0,0,0,0,..,0,0,0,0,0,..,3,0,3,0,3,..,0,0,0,0,0,..,3,0,3,0,3,..,0,0,0,0,0,..,0,0,0,0,0,..,0,0,0,0,0,..,0,0,0,0,0,..,0,0,0,0,0,..,0,0,0,0,0,..,0,0,0,0,0,..,5,0,5,0,5,..,0,0,0,0,0,..,0,0,0,0,0,..,0,0,0,0,0,..,0,0,0
UCL215032,0,3,0,3,..,0,0,0,0,0,..,0,0,0,0,0,..,3,0,3,0,3,..,9,0,9,0,9,..,0,0,0,0,0,..,3,0,3,0,3,..,0,0,0,0,0,..,0,0,0,0,0,..,0,0,0,0,0,..,5,0,7,0,7,..,43,0,46,0,46,..,3,0,3,128,132,1316,46,0,52,128,1496,1444,..,..,..,..,1444,..,0,0,0,0,0,..,0,0,0,0,0,..,0,0,0,0,0,..,3,0,3,0,3,..,3,0,10,0,10,..,0,0,0,0,0,..,12,0,17,0,17,..,0,0,0,0,0,..,0,0,0,0,0,..,0,0,0,0,0,..,0,0,0,0,0,..,0,0,0,0,0,..,0,0,0,0,0,..,0,0,0,0,0,..,4,0,5,0,5,..,0,0,0,0,0,..,0,0,0,0,0,..,0,0,0,0,0,..,0,0,0
UCL215033,0,12,0,12,..,0,0,0,0,0,..,5,0,9,0,9,..,0,0,0,0,0,..,17,0,15,0,15,..,6,4,14,0,14,..,0,0,0,0,0,..,0,0,0,0,0,..,0,0,0,0,0,..,3,0,3,0,7,..,25,7,32,0,32,..,102,15,115,0,118,..,0,0,4,22,27,1247,104,15,122,19,1389,1283,..,..,..,..,1283,..,3,0,3,0,3,..,0,0,0,0,0,..,3,0,3,0,3,..,0,0,0,0,0,..,4,0,5,0,5,..,0,0,0,0,0,..,4,0,5,0,5,..,14,0,14,0,14,..,4,0,4,0,4,..,0,0,0,0,0,..,3,0,3,0,3,..,0,0,3,0,3,..,0,0,0,0,0,..,9,0,9,0,9,..,0,0,0,0,0,..,0,0,0,0,0,..,0,0,0,0,0,..,0,0,0,0,0,..,0,0,0
UCL215034,0,0,0,0,..,0,0,0,0,0,..,0,0,0,0,0,..,0,0,0,0,0,..,4,0,4,0,4,..,0,0,0,0,0,..,0,0,0,0,0,..,0,0,0,0,0,..,0,0,0,0,0,..,6,0,3,0,8,..,7,0,7,0,8,..,26,5,30,3,28,..,0,0,0,56,56,517,26,5,30,62,602,612,..,..,..,..,612,..,0,0,0,0,0,..,0,0,0,0,0,..,0,0,0,0,0,..,0,0,0,0,0,..,4,0,4,0,4,..,0,0,0,0,0,..,4,0,4,0,4,..,0,0,0,0,0,..,0,0,0,0,0,..,0,0,6,0,6,..,0,0,0,0,0,..,0,0,0,0,0,..,0,0,0,0,0,..,0,0,0,0,0,..,0,0,0,0,0,..,5,0,5,0,5,..,0,0,0,0,0,..,0,0,0,0,0,..,0,0,0
UCL215035,0,0,0,0,..,0,0,0,0,0,..,0,0,0,0,0,..,0,0,0,0,0,..,0,0,0,0,0,..,0,0,0,0,0,..,0,0,0,0,0,..,0,0,0,0,0,..,0,0,0,0,0,..,0,0,0,0,0,..,0,0,0,0,0,..,11,6,15,0,15,..,0,0,0,52,53,768,17,6,18,52,835,747,..,..,..,..,747,..,0,0,0,0,0,..,0,0,0,0,0,..,0,0,0,0,0,..,0,0,0,0,0,..,0,0,0,0,0,..,0,0,0,0,0,..,0,0,0,0,0,..,0,0,0,0,0,..,0,0,0,0,0,..,3,0,3,0,3,..,0,0,0,0,0,..,0,0,0,0,0,..,0,0,0,0,0,..,0,0,0,0,0,..,0,0,0,0,0,..,0,0,0,0,0,..,3,0,0,0,0,..,0,0,0,0,0,..,0,0,0
UCL215036,0,0,0,0,..,0,0,0,0,0,..,0,0,0,0,0,..,0,0,0,0,0,..,0,0,0,0,0,..,0,0,0,0,0,..,0,0,0,0,0,..,0,0,0,0,0,..,0,0,0,0,0,..,0,0,0,0,0,..,4,0,4,0,4,..,11,0,11,0,11,..,0,0,0,48,48,550,11,0,11,48,610,536,..,..,..,..,536,..,0,0,0,0,0,..,0,0,0,0,0,..,0,0,0,0,0,..,0,0,0,0,0,..,0,0,0,0,0,..,0,0,0,0,0,..,5,0,5,0,5,..,0,0,0,0,0,..,0,0,0,0,0,..,5,0,5,0,5,..,0,0,0,0,0,..,0,0,0,0,0,..,0,0,0,0,0,..,0,0,0,0,0,..,0,0,0,0,0,..,0,0,0,0,0,..,0,0,0,0,0,..,0,0,0,0,0,..,0,0,0
UCL215037,0,0,0,0,..,0,0,0,0,0,..,0,0,0,0,0,..,0,0,0,0,0,..,0,0,0,0,0,..,0,0,0,0,0,..,0,0,0,0,0,..,0,0,0,0,0,..,0,0,0,0,0,..,0,0,0,0,0,..,9,0,9,0,9,..,27,0,25,0,22,..,0,0,0,50,53,600,24,0,27,46,675,622,..,..,..,..,622,..,0,0,0,0,0,..,0,0,0,0,0,..,0,0,0,0,0,..,0,0,0,0,0,..,0,0,0,0,0,..,0,0,0,0,0,..,0,0,0,0,0,..,0,0,0,0,0,..,0,0,0,0,0,..,0,0,0,0,0,..,3,0,3,0,3,..,0,0,0,0,0,..,0,0,0,0,0,..,0,0,0,0,0,..,0,0,0,0,0,..,0,0,0,0,0,..,0,0,0,0,0,..,0,0,0,0,0,..,0,0,0
UCL215038,0,4,0,4,..,0,0,0,0,0,..,0,0,0,0,0,..,0,0,0,0,0,..,8,0,8,0,8,..,0,0,0,0,0,..,0,0,0,0,0,..,0,0,0,0,0,..,0,0,0,0,0,..,0,0,0,0,0,..,6,0,6,0,3,..,24,4,30,0,29,..,3,0,3,99,106,779,30,4,25,100,911,818,..,..,..,..,818,..,0,0,0,0,0,..,0,0,0,0,0,..,0,0,0,0,0,..,0,0,4,0,4,..,0,0,0,0,0,..,0,0,0,0,0,..,0,3,4,0,4,..,0,0,0,0,0,..,0,0,0,0,0,..,0,0,0,0,0,..,0,0,0,0,0,..,0,0,0,0,0,..,0,0,0,0,0,..,0,0,0,0,0,..,0,0,0,0,0,..,0,0,0,0,0,..,0,0,0,0,0,..,0,0,0,0,0,..,0,0,0
UCL215039,0,0,0,0,..,0,0,0,0,0,..,0,0,0,0,0,..,0,0,0,0,0,..,0,0,0,0,0,..,0,0,0,0,0,..,0,0,0,0,0,..,0,0,0,0,0,..,0,0,0,0,0,..,0,0,0,0,0,..,4,0,4,0,4,..,17,0,15,0,15,..,0,0,0,74,75,688,18,0,18,74,780,665,..,..,..,..,665,..,0,0,0,0,0,..,0,0,0,0,0,..,0,0,0,0,0,..,0,0,0,0,0,..,4,0,4,0,4,..,0,0,0,0,0,..,4,0,4,0,4,..,0,0,0,0,0,..,5,0,5,0,5,..,0,0,0,0,0,..,0,0,0,0,0,..,0,0,0,0,0,..,0,0,0,0,0,..,0,0,0,0,0,..,0,0,0,0,0,..,0,0,0,0,0,..,0,0,0,0,0,..,0,0,0,0,0,..,0,0,0
UCL215040,0,0,0,0,..,0,0,0,0,0,..,0,0,0,0,0,..,0,0,0,0,0,..,0,0,0,0,0,..,0,0,0,0,0,..,0,0,0,0,0,..,0,0,0,0,0,..,0,0,0,0,0,..,0,0,6,0,6,..,4,0,12,0,10,..,14,4,17,0,21,..,0,0,0,74,81,569,18,4,23,75,663,577,..,..,..,..,577,..,0,0,0,0,0,..,0,0,0,0,0,..,0,0,0,0,0,..,0,0,0,0,0,..,0,0,0,0,0,..,0,0,0,0,0,..,0,0,0,0,0,..,0,0,0,0,0,..,0,0,0,0,0,..,0,0,0,0,0,..,4,0,4,0,4,..,0,0,0,0,0,..,0,0,0,0,0,..,0,0,0,0,0,..,0,0,0,0,0,..,0,0,0,0,0,..,0,0,0,0,0,..,0,0,0,0,0,..,0,0,0
UCL215041,0,3,0,3,..,0,0,0,0,0,..,3,0,3,0,3,..,0,0,0,0,0,..,10,0,8,0,8,..,0,0,0,0,0,..,0,0,0,0,0,..,4,0,4,0,4,..,0,0,0,0,0,..,0,0,0,0,0,..,6,0,6,0,11,..,42,0,43,0,48,..,0,0,0,132,128,1596,45,0,47,129,1770,1749,..,..,..,..,1749,..,0,0,0,0,0,..,0,0,0,0,0,..,0,0,0,0,0,..,0,0,0,0,0,..,0,0,0,0,0,..,0,0,0,0,0,..,3,0,3,0,3,..,3,0,3,0,3,..,0,0,0,0,0,..,0,0,0,0,0,..,6,0,9,0,9,..,0,0,0,0,0,..,0,0,0,0,0,..,0,0,0,0,0,..,0,0,0,0,0,..,0,0,3,0,3,..,0,0,0,0,0,..,0,0,0,0,0,..,0,0,0
UCL215042,0,0,0,0,..,0,0,0,0,0,..,0,0,0,0,0,..,0,0,0,0,0,..,0,0,0,0,0,..,0,0,0,0,0,..,0,0,0,0,0,..,0,0,0,0,0,..,0,0,0,0,0,..,0,0,0,0,0,..,10,0,10,0,10,..,13,0,18,0,18,..,5,0,5,39,39,591,16,0,20,44,651,537,..,..,..,..,537,..,0,0,0,0,0,..,0,0,0,0,0,..,0,0,0,0,0,..,0,0,0,0,0,..,0,0,0,0,0,..,0,0,0,0,0,..,0,0,0,0,0,..,0,0,0,0,0,..,0,0,0,0,0,..,0,0,0,0,0,..,0,0,0,0,0,..,0,0,0,0,0,..,0,0,0,0,0,..,0,0,0,0,0,..,0,0,0,0,0,..,0,0,0,0,0,..,0,0,0,0,0,..,0,0,0,0,0,..,0,0,0
UCL215043,0,0,0,0,..,0,0,0,0,0,..,0,0,0,0,0,..,0,0,0,0,0,..,8,0,8,0,8,..,0,0,0,0,0,..,4,0,4,0,4,..,0,0,0,0,0,..,0,0,0,0,0,..,0,0,0,0,0,..,12,3,14,0,14,..,62,7,67,0,70,..,4,0,4,46,56,1482,71,7,78,50,1605,1576,..,..,..,..,1576,..,0,0,0,0,0,..,3,0,3,0,3,..,0,0,0,0,0,..,0,0,0,0,0,..,0,0,0,0,0,..,0,0,0,0,0,..,0,0,0,0,0,..,0,0,0,0,0,..,0,0,0,0,0,..,3,0,3,0,3,..,0,0,0,0,0,..,0,0,0,0,0,..,0,0,0,0,0,..,0,0,0,0,0,..,0,0,0,0,0,..,3,0,3,0,3,..,0,0,0,0,0,..,0,0,0,0,0,..,0,0,0
UCL215044,0,0,0,0,..,0,0,0,0,0,..,0,0,0,0,0,..,0,0,0,0,0,..,0,0,0,0,0,..,0,0,0,0,0,..,0,0,0,0,0,..,0,0,0,0,0,..,0,0,0,0,0,..,0,0,0,0,0,..,0,0,4,0,4,..,15,0,16,0,16,..,5,0,5,34,35,753,16,0,22,34,808,821,..,..,..,..,821,..,0,0,0,0,0,..,0,0,0,0,0,..,0,0,0,0,0,..,0,0,0,0,0,..,0,0,0,0,0,..,0,0,0,0,0,..,0,0,0,0,0,..,0,0,0,0,0,..,0,0,0,0,0,..,3,0,3,0,3,..,0,0,0,0,0,..,0,0,0,0,0,..,0,0,0,0,0,..,0,0,0,0,0,..,0,0,0,0,0,..,0,0,4,0,4,..,0,0,0,0,0,..,0,0,0,0,0,..,0,0,0
UCL215045,0,0,0,0,..,0,0,0,0,0,..,5,0,5,0,5,..,0,0,0,0,0,..,5,0,5,0,5,..,0,0,0,0,0,..,0,0,0,0,0,..,0,0,0,0,0,..,0,0,0,0,0,..,3,0,5,0,5,..,17,0,20,0,19,..,70,13,77,0,80,..,0,0,0,95,92,1670,73,13,85,93,1846,1789,..,..,..,..,1789,..,0,0,0,0,0,..,5,0,5,0,5,..,0,0,0,0,0,..,0,0,0,0,0,..,0,0,6,0,6,..,0,0,0,0,0,..,3,3,7,0,7,..,3,0,3,0,3,..,7,0,7,0,7,..,5,0,5,0,5,..,0,0,0,0,0,..,0,0,0,0,0,..,0,0,0,0,0,..,3,0,5,0,5,..,0,0,0,0,0,..,3,0,10,0,10,..,0,0,0,0,0,..,0,0,0,0,0,..,0,0,0
UCL215046,0,0,0,0,..,0,0,0,0,0,..,3,0,3,0,3,..,0,0,0,0,0,..,5,0,5,0,5,..,0,0,0,0,0,..,0,0,0,0,0,..,0,0,0,0,0,..,0,0,0,0,0,..,0,0,0,0,0,..,3,0,3,0,3,..,29,0,27,0,27,..,3,0,3,44,49,713,31,0,33,44,789,831,..,..,..,..,831,..,0,0,0,0,0,..,0,0,0,0,0,..,0,0,0,0,0,..,0,0,0,0,0,..,0,0,0,0,0,..,0,0,0,0,0,..,4,0,4,0,4,..,0,0,0,0,0,..,0,0,0,0,0,..,7,0,7,0,7,..,0,0,0,0,0,..,0,0,0,0,0,..,0,0,0,0,0,..,0,0,0,0,0,..,0,0,0,0,0,..,0,0,0,0,0,..,0,0,0,0,0,..,0,0,0,0,0,..,0,0,0
UCL215047,0,0,0,0,..,0,0,0,0,0,..,0,0,0,0,0,..,0,0,0,0,0,..,0,0,0,0,0,..,0,0,0,0,0,..,0,0,0,0,0,..,0,0,0,0,0,..,0,0,4,0,4,..,0,0,0,0,0,..,11,0,11,0,11,..,25,3,33,0,33,..,3,0,7,59,67,964,28,10,34,59,1059,1005,..,..,..,..,1005,..,0,0,0,0,0,..,0,0,3,0,3,..,0,0,0,0,0,..,0,0,0,0,0,..,0,0,0,0,0,..,0,0,0,0,0,..,0,0,0,0,0,..,0,0,3,0,3,..,0,0,0,0,0,..,0,0,0,0,0,..,0,0,0,0,0,..,0,0,0,0,0,..,0,0,0,0,0,..,0,0,0,0,0,..,0,0,0,0,0,..,0,0,0,0,0,..,0,0,0,0,0,..,0,0,0,0,0,..,0,0,0
UCL215048,0,0,0,0,..,0,0,0,0,0,..,0,0,0,0,0,..,0,0,0,0,0,..,0,0,0,0,0,..,0,0,0,0,0,..,0,0,0,0,0,..,0,0,0,0,0,..,0,0,0,0,0,..,0,0,0,0,0,..,17,4,12,0,12,..,45,5,47,0,47,..,4,0,4,65,72,798,51,5,51,70,922,871,..,..,..,..,871,..,0,0,0,0,0,..,4,0,4,0,4,..,0,0,0,0,0,..,0,0,0,0,0,..,6,0,6,0,6,..,0,0,0,0,0,..,6,0,4,0,4,..,0,0,0,0,0,..,0,0,0,0,0,..,0,0,0,0,0,..,0,0,0,0,0,..,0,0,0,0,0,..,0,0,0,0,0,..,3,0,3,0,3,..,0,0,0,0,0,..,4,0,4,0,4,..,10,0,10,0,10,..,0,0,0,0,0,..,0,0,0
UCL215049,0,0,0,0,..,4,0,4,0,4,..,0,0,0,0,0,..,0,0,0,0,0,..,0,0,0,0,0,..,12,0,12,0,9,..,0,0,0,0,0,..,0,0,0,0,0,..,0,0,0,0,0,..,0,0,0,0,0,..,6,0,6,0,6,..,56,5,54,0,63,..,0,0,0,57,62,532,56,5,59,64,656,491,..,..,..,..,491,..,0,0,0,0,0,..,0,0,0,0,0,..,0,0,0,0,0,..,0,0,0,0,0,..,4,3,9,0,9,..,0,0,0,0,0,..,3,3,7,0,7,..,0,0,0,0,0,..,0,0,0,0,0,..,3,0,3,0,3,..,5,0,5,0,5,..,0,0,0,0,0,..,0,0,0,0,0,..,0,0,0,0,0,..,4,0,5,0,5,..,4,0,4,0,4,..,0,0,0,0,0,..,0,0,0,0,0,..,0,0,0
UCL215050,0,0,0,0,..,0,0,0,0,0,..,0,0,0,0,0,..,0,0,0,0,0,..,0,0,0,0,0,..,0,0,0,0,0,..,0,0,0,0,0,..,0,0,0,0,0,..,0,0,0,0,0,..,0,0,0,0,0,..,18,0,19,0,19,..,59,0,58,0,60,..,5,0,5,84,91,1371,57,0,59,88,1512,1270,..,..,..,..,1270,..,6,0,6,0,6,..,0,0,0,0,0,..,0,0,0,0,0,..,0,0,0,0,0,..,0,0,0,0,0,..,0,0,0,0,0,..,0,0,3,0,3,..,6,0,5,0,5,..,5,0,5,0,5,..,5,0,5,0,5,..,7,0,7,0,7,..,0,0,0,0,0,..,0,0,0,0,0,..,0,0,0,0,0,..,0,0,0,0,0,..,0,0,0,0,0,..,0,0,0,0,0,..,0,0,0,0,0,..,0,0,0
UCL215051,0,0,0,0,..,0,0,0,0,0,..,6,0,6,0,6,..,0,0,0,0,0,..,3,0,4,0,4,..,5,0,5,0,5,..,0,0,0,0,0,..,0,0,0,0,0,..,0,0,0,0,0,..,4,0,0,0,0,..,9,0,11,0,7,..,49,5,55,0,55,..,0,0,0,125,129,2002,55,5,57,130,2187,2189,..,..,..,..,2189,..,0,0,0,0,0,..,0,0,0,0,0,..,0,0,0,0,0,..,0,0,0,0,0,..,5,4,4,0,4,..,0,0,0,0,0,..,6,4,6,0,6,..,0,0,0,0,0,..,0,0,0,0,0,..,6,0,6,0,3,..,0,0,0,0,0,..,0,0,0,0,0,..,0,0,0,0,0,..,3,0,3,0,3,..,0,0,0,0,0,..,3,3,4,0,4,..,0,0,0,0,0,..,0,0,0,0,0,..,0,0,0
UCL215052,0,0,0,0,..,0,0,0,0,0,..,0,0,0,0,0,..,0,0,0,0,0,..,0,0,0,0,0,..,0,0,0,0,0,..,0,0,0,0,0,..,0,0,0,0,0,..,0,0,0,0,0,..,0,0,0,0,0,..,7,0,7,0,7,..,13,0,13,0,13,..,0,0,0,20,19,625,14,0,14,20,660,675,..,..,..,..,675,..,0,0,0,0,0,..,0,0,0,0,0,..,0,0,0,0,0,..,0,0,0,0,0,..,0,0,0,0,0,..,0,0,0,0,0,..,0,0,0,0,0,..,0,0,0,0,0,..,0,0,0,0,0,..,0,0,0,0,0,..,0,0,0,0,0,..,0,0,0,0,0,..,0,0,0,0,0,..,0,0,0,0,0,..,0,0,0,0,0,..,0,0,0,0,0,..,0,0,0,0,0,..,0,0,0,0,0,..,0,0,0
UCL215053,0,0,0,0,..,0,0,0,0,0,..,0,0,0,0,0,..,0,0,0,0,0,..,6,0,6,0,6,..,8,0,8,0,8,..,0,0,0,0,0,..,0,0,5,0,5,..,0,0,0,0,0,..,4,0,4,0,4,..,6,0,10,0,10,..,77,6,81,0,82,..,8,0,8,101,110,1706,85,6,88,103,1902,1866,..,..,..,..,1866,..,0,0,0,0,0,..,0,0,0,0,0,..,0,0,0,0,0,..,0,0,5,0,5,..,11,4,14,0,14,..,0,0,0,0,0,..,16,5,17,0,17,..,0,0,0,0,0,..,8,0,8,0,8,..,28,0,28,0,28,..,0,0,0,0,0,..,0,0,0,0,0,..,0,0,0,0,0,..,0,0,4,0,4,..,0,0,0,0,0,..,7,0,7,0,7,..,0,0,0,0,0,..,7,0,8,0,7,..,0,0,0
UCL215054,0,0,0,0,..,0,0,0,0,0,..,0,0,0,0,0,..,0,0,0,0,0,..,0,0,0,0,0,..,0,0,0,0,0,..,0,0,0,0,0,..,0,0,0,0,0,..,0,0,0,0,0,..,0,0,0,0,0,..,4,4,9,0,11,..,18,8,22,0,24,..,0,0,0,89,93,892,20,8,26,89,1013,951,..,..,..,..,951,..,0,0,0,0,0,..,0,0,0,0,0,..,0,0,0,0,0,..,0,0,0,0,0,..,0,0,0,0,0,..,0,0,0,0,0,..,0,0,0,0,0,..,0,0,0,0,0,..,0,0,0,0,0,..,0,0,0,0,0,..,0,0,0,0,0,..,0,0,0,0,0,..,0,0,0,0,0,..,0,0,0,0,0,..,0,0,0,0,0,..,5,0,5,0,5,..,0,0,0,0,0,..,0,0,0,0,0,..,0,0,0
UCL215055,0,4,0,4,..,0,0,0,0,0,..,0,0,0,0,0,..,0,0,0,0,0,..,4,0,4,0,4,..,3,0,3,0,3,..,0,0,0,0,0,..,0,0,0,0,0,..,0,0,0,0,0,..,0,0,0,0,0,..,0,4,3,0,3,..,21,4,20,0,20,..,3,0,3,52,53,724,22,4,24,52,804,729,..,..,..,..,729,..,0,0,0,0,0,..,0,0,0,0,0,..,0,0,0,0,0,..,0,0,0,0,0,..,0,0,0,0,0,..,0,0,0,0,0,..,0,0,0,0,0,..,0,0,0,0,0,..,0,0,0,0,0,..,4,0,4,0,4,..,3,0,3,0,3,..,0,0,0,0,0,..,0,0,0,0,0,..,0,0,0,0,0,..,0,0,0,0,0,..,0,0,0,0,0,..,0,0,0,0,0,..,0,0,0,0,0,..,0,0,0
UCL215056,0,0,0,0,..,0,0,0,0,0,..,0,0,0,0,0,..,0,0,0,0,0,..,0,0,0,0,0,..,0,0,0,0,0,..,0,0,0,0,0,..,0,0,0,0,0,..,0,0,0,0,0,..,0,0,0,0,0,..,11,0,11,0,11,..,23,0,29,0,26,..,6,0,6,91,95,681,28,0,28,90,800,681,..,..,..,..,681,..,0,0,0,0,0,..,0,0,0,0,0,..,0,0,0,0,0,..,0,0,0,0,0,..,0,0,0,0,0,..,0,0,0,0,0,..,0,0,0,0,0,..,0,0,0,0,0,..,0,0,0,0,0,..,0,0,0,0,0,..,0,0,0,0,0,..,0,0,0,0,0,..,0,0,0,0,0,..,0,0,0,0,0,..,0,0,0,0,0,..,0,0,0,0,0,..,0,0,0,0,0,..,0,0,0,0,0,..,0,0,0
UCL215057,0,0,0,0,..,3,0,3,0,3,..,0,0,0,0,0,..,3,0,3,0,3,..,3,0,3,0,3,..,0,0,0,0,0,..,0,0,0,0,0,..,0,0,0,0,0,..,0,0,0,0,0,..,3,0,4,0,4,..,0,0,7,0,7,..,21,5,27,0,27,..,0,0,0,56,56,765,21,5,27,56,845,806,..,..,..,..,806,..,0,0,0,0,0,..,0,0,0,0,0,..,0,0,0,0,0,..,0,0,0,0,0,..,0,0,0,0,0,..,0,0,0,0,0,..,0,0,0,0,0,..,0,0,0,0,0,..,0,0,0,0,0,..,0,0,4,0,4,..,0,0,0,0,0,..,0,0,0,0,0,..,0,0,0,0,0,..,0,0,0,0,0,..,0,0,0,0,0,..,0,0,0,0,0,..,0,0,0,0,0,..,0,0,0,0,0,..,0,0,0
UCL215058,0,8,0,8,..,0,0,0,0,0,..,0,0,0,0,0,..,0,0,0,0,0,..,8,0,8,0,8,..,4,0,4,0,4,..,0,0,0,0,0,..,0,0,0,0,0,..,0,0,0,0,0,..,0,0,0,0,0,..,3,0,3,0,3,..,20,0,20,0,20,..,0,0,0,28,31,491,19,0,19,28,539,559,..,..,..,..,559,..,0,0,0,0,0,..,0,0,0,0,0,..,0,0,0,0,0,..,0,0,0,0,0,..,0,0,0,0,0,..,0,0,0,0,0,..,0,0,0,0,0,..,0,0,0,0,0,..,0,0,0,0,0,..,3,0,3,0,3,..,0,0,0,0,0,..,0,0,0,0,0,..,0,0,0,0,0,..,0,0,0,0,0,..,0,0,0,0,0,..,0,0,0,0,0,..,0,0,0,0,0,..,0,0,0,0,0,..,0,0,0
UCL215059,0,0,0,0,..,4,0,4,0,4,..,0,0,0,0,0,..,0,0,0,0,0,..,3,0,3,0,3,..,0,0,0,0,0,..,0,0,0,0,0,..,3,0,3,0,3,..,0,0,0,0,0,..,0,0,0,0,0,..,8,0,8,0,12,..,51,0,58,0,60,..,4,0,4,53,55,1004,57,0,58,58,1122,982,..,..,..,..,982,..,0,0,0,0,0,..,0,0,0,0,0,..,0,0,0,0,0,..,0,0,0,0,0,..,7,0,7,0,7,..,0,0,0,0,0,..,7,0,7,0,7,..,0,0,0,0,0,..,6,0,7,0,10,..,16,0,16,0,16,..,5,0,5,0,5,..,0,0,0,0,0,..,0,0,0,0,0,..,0,0,0,0,0,..,0,0,0,0,0,..,0,0,9,0,9,..,0,0,0,0,0,..,0,0,0,0,0,..,0,0,0
UCL215060,0,12,0,14,..,0,0,0,0,0,..,7,0,7,0,7,..,0,0,0,0,0,..,23,0,21,0,25,..,0,0,0,0,0,..,0,0,0,0,0,..,0,0,0,0,0,..,0,0,0,0,0,..,0,0,0,0,0,..,11,0,8,0,11,..,122,26,152,5,153,..,0,3,4,54,58,1154,128,31,154,56,1367,1228,..,..,..,..,1228,..,5,0,5,0,5,..,0,0,0,0,0,..,0,0,0,0,0,..,0,0,3,0,3,..,0,0,0,0,0,..,0,0,0,0,0,..,0,0,3,0,3,..,0,0,0,0,0,..,0,0,0,0,0,..,8,0,8,0,8,..,0,0,0,0,0,..,0,0,0,0,0,..,5,0,4,0,4,..,3,0,3,0,3,..,8,0,8,0,8,..,0,0,0,0,0,..,0,0,0,0,0,..,0,0,0,0,0,..,0,0,0
UCL215061,0,3,0,3,..,0,0,0,0,0,..,0,0,0,0,0,..,0,0,0,0,0,..,7,0,3,0,3,..,0,0,0,0,0,..,0,0,0,0,0,..,0,0,0,0,0,..,0,0,0,0,0,..,0,3,5,0,5,..,5,3,6,0,6,..,48,12,59,3,60,..,0,0,0,82,82,858,50,12,60,84,1001,889,..,..,..,..,889,..,0,0,0,0,0,..,0,0,0,0,0,..,0,0,0,0,0,..,0,0,0,0,0,..,4,0,6,0,6,..,0,0,0,0,0,..,5,0,11,0,11,..,0,0,0,0,0,..,0,0,0,0,0,..,0,0,0,0,0,..,3,0,3,0,3,..,0,0,0,0,0,..,0,0,0,0,0,..,0,0,0,0,0,..,0,0,0,0,0,..,0,0,0,0,0,..,0,0,0,0,0,..,5,0,5,0,0,..,0,0,0
UCL215062,0,0,0,0,..,0,0,0,0,0,..,4,0,4,0,4,..,0,0,0,0,0,..,9,0,9,0,9,..,0,0,0,0,0,..,0,0,0,0,0,..,0,0,0,0,0,..,0,0,0,0,0,..,0,0,0,0,0,..,6,0,8,0,3,..,15,0,18,0,22,..,3,0,3,37,37,701,22,0,22,34,758,714,..,..,..,..,714,..,0,0,0,0,0,..,0,0,0,0,0,..,0,0,0,0,0,..,0,0,0,0,0,..,4,0,4,0,4,..,0,0,0,0,0,..,4,0,4,0,4,..,0,0,0,0,0,..,0,0,0,0,0,..,0,0,0,0,0,..,0,0,0,0,0,..,0,0,0,0,0,..,0,0,0,0,0,..,0,0,0,0,0,..,0,0,0,0,0,..,0,0,0,0,0,..,0,0,0,0,0,..,0,0,0,0,0,..,0,0,0
UCL215063,0,0,0,0,..,0,0,0,0,0,..,0,0,0,0,0,..,0,0,0,0,0,..,0,0,0,0,0,..,0,0,0,0,0,..,0,0,0,0,0,..,4,0,4,0,4,..,0,0,0,0,0,..,0,0,0,0,0,..,0,0,0,0,0,..,8,0,8,0,8,..,0,0,0,35,40,504,13,0,13,35,550,492,..,..,..,..,492,..,0,0,0,0,0,..,0,0,0,0,0,..,0,0,0,0,0,..,0,0,0,0,0,..,0,0,0,0,0,..,0,0,0,0,0,..,0,0,0,0,0,..,0,0,0,0,0,..,0,0,0,0,0,..,0,0,0,0,0,..,0,0,0,0,0,..,0,0,0,0,0,..,0,0,0,0,0,..,0,0,0,0,0,..,0,0,0,0,0,..,0,0,0,0,0,..,0,0,0,0,0,..,0,0,0,0,0,..,0,0,0
UCL215064,0,0,0,0,..,0,0,0,0,0,..,0,0,0,0,0,..,0,0,0,0,0,..,7,0,7,0,7,..,0,0,0,0,0,..,0,0,0,0,0,..,0,0,0,0,0,..,0,0,0,0,0,..,3,0,0,0,0,..,63,62,128,0,128,..,104,64,165,0,165,..,5,3,10,62,68,722,105,67,172,62,952,766,..,..,..,..,766,..,0,0,0,0,0,..,0,0,0,0,0,..,0,0,0,0,0,..,0,0,0,0,0,..,4,0,4,0,4,..,0,0,0,0,0,..,4,0,4,0,4,..,0,0,0,0,0,..,0,0,0,0,0,..,0,0,0,0,0,..,0,0,0,0,0,..,0,0,0,0,0,..,0,0,0,0,0,..,0,0,0,0,0,..,3,0,3,0,3,..,3,0,3,0,3,..,0,0,0,0,0,..,6,0,6,0,6,..,0,0,0
UCL215065,0,0,0,0,..,0,0,0,0,0,..,0,0,0,0,0,..,0,0,0,0,0,..,3,0,3,0,3,..,0,0,0,0,0,..,0,0,0,0,0,..,5,0,5,0,5,..,0,0,0,0,0,..,0,3,5,0,5,..,10,3,13,0,13,..,38,12,50,0,50,..,8,0,8,172,181,1607,43,12,55,172,1834,1733,..,..,..,..,1733,..,0,0,0,0,0,..,0,0,0,0,0,..,0,0,0,0,0,..,5,0,5,0,5,..,4,4,5,0,5,..,0,0,0,0,0,..,9,4,8,0,8,..,0,0,0,0,0,..,3,0,3,0,3,..,0,0,0,0,0,..,0,0,0,0,0,..,0,0,0,0,0,..,0,0,0,0,0,..,4,0,4,0,4,..,0,0,0,0,0,..,3,0,3,0,7,..,4,0,4,0,4,..,0,0,0,0,0,..,0,0,0
UCL215066,0,0,0,0,..,0,0,0,0,0,..,4,0,4,0,4,..,0,0,0,0,0,..,4,0,4,0,4,..,0,0,0,0,0,..,0,0,0,0,0,..,0,0,0,0,0,..,0,0,0,0,0,..,0,0,0,0,0,..,5,0,5,0,9,..,21,3,25,0,22,..,0,0,0,104,107,865,20,3,25,103,995,881,..,..,..,..,881,..,0,0,0,0,0,..,0,0,0,0,0,..,4,0,4,0,4,..,0,0,0,0,0,..,4,5,6,0,6,..,0,0,0,0,0,..,4,5,6,0,6,..,0,0,0,0,0,..,0,0,0,0,0,..,0,0,0,0,0,..,0,0,0,0,0,..,0,0,0,0,0,..,0,0,0,0,0,..,0,0,0,0,0,..,0,0,0,0,0,..,0,0,0,0,0,..,0,0,0,0,0,..,0,0,0,0,0,..,0,0,0
UCL215067,0,0,0,0,..,0,0,0,0,0,..,0,0,0,0,0,..,0,0,0,0,0,..,0,0,0,0,0,..,0,0,0,0,0,..,0,0,0,0,0,..,0,0,0,0,0,..,0,0,0,0,0,..,0,0,0,0,0,..,9,0,9,0,9,..,19,3,20,0,20,..,3,0,3,49,47,453,23,3,26,49,520,437,..,..,..,..,437,..,0,0,0,0,0,..,0,0,0,0,0,..,0,0,0,0,0,..,0,0,0,0,0,..,0,0,0,0,0,..,0,0,0,0,0,..,0,0,0,0,0,..,0,0,0,0,0,..,0,0,0,0,0,..,0,0,0,0,0,..,4,0,0,0,0,..,0,0,0,0,0,..,0,0,0,0,0,..,0,0,0,0,0,..,0,0,0,0,0,..,3,0,7,0,7,..,0,0,0,0,0,..,0,0,0,0,0,..,0,0,0
UCL215068,0,0,0,0,..,0,0,0,0,0,..,0,0,0,0,0,..,0,0,0,0,0,..,0,0,0,0,0,..,3,0,3,0,3,..,0,0,0,0,0,..,0,0,0,0,0,..,0,0,0,0,0,..,0,0,0,0,0,..,8,0,8,0,8,..,48,3,53,0,55,..,0,0,0,57,57,1531,48,3,53,58,1645,1746,..,..,..,..,1746,..,0,0,0,0,0,..,0,0,0,0,0,..,0,0,0,0,0,..,0,0,0,0,0,..,8,3,9,0,9,..,0,0,0,0,0,..,8,3,9,0,9,..,0,0,0,0,0,..,0,0,0,0,0,..,5,0,5,0,5,..,3,0,3,0,3,..,0,0,0,0,0,..,0,0,0,0,0,..,0,0,0,0,0,..,4,0,4,0,4,..,0,0,0,0,0,..,0,0,0,0,0,..,0,0,0,0,0,..,0,0,0
UCL215069,0,0,0,0,..,0,0,0,0,0,..,0,0,0,0,0,..,0,0,0,0,0,..,0,0,0,0,0,..,0,0,0,0,0,..,0,0,0,0,0,..,0,0,0,0,0,..,0,0,0,0,0,..,0,0,0,0,0,..,4,0,5,0,5,..,31,5,37,0,37,..,5,0,5,97,102,1452,34,5,37,97,1591,1689,..,..,..,..,1689,..,4,0,4,0,4,..,0,0,0,0,0,..,0,0,0,0,0,..,0,0,0,0,0,..,0,0,0,0,0,..,0,0,0,0,0,..,0,0,0,0,0,..,0,0,0,0,0,..,5,0,5,0,5,..,3,0,3,0,3,..,3,0,3,0,3,..,0,0,0,0,0,..,0,0,0,0,0,..,0,0,0,0,0,..,0,0,0,0,0,..,0,0,0,0,0,..,0,0,0,0,0,..,0,0,0,0,0,..,0,0,0
UCL215070,0,0,0,0,..,4,0,9,0,9,..,0,0,0,0,0,..,13,4,22,0,22,..,22,8,23,0,23,..,0,0,0,0,0,..,0,0,0,0,0,..,0,0,0,0,0,..,4,0,4,0,4,..,5,0,4,0,6,..,20,3,25,0,27,..,90,28,117,3,117,..,7,0,7,143,155,1251,96,28,122,144,1519,1343,..,..,..,..,1343,..,9,0,9,0,9,..,0,0,0,0,0,..,0,0,0,0,0,..,0,0,0,0,0,..,4,3,10,0,10,..,0,0,0,0,0,..,4,3,10,0,10,..,0,0,0,0,0,..,0,0,0,0,0,..,5,0,5,0,5,..,0,0,3,0,3,..,0,0,0,0,0,..,0,0,0,0,0,..,0,0,0,0,0,..,0,0,0,0,0,..,0,0,0,0,0,..,0,0,0,0,0,..,0,0,0,0,0,..,0,0,0
UCL215071,0,0,0,0,..,0,0,0,0,0,..,0,0,0,0,0,..,0,0,0,0,0,..,0,0,0,0,0,..,3,0,3,0,3,..,0,0,0,0,0,..,0,0,0,0,0,..,0,0,0,0,0,..,0,0,0,0,0,..,12,0,12,0,12,..,48,0,44,0,46,..,0,0,0,56,58,1600,47,0,50,60,1708,1748,..,..,..,..,1748,..,0,0,0,0,0,..,0,0,0,0,0,..,0,0,0,0,0,..,0,0,0,0,0,..,7,0,6,0,7,..,0,0,0,0,0,..,7,0,6,0,7,..,0,0,0,0,0,..,5,0,5,0,5,..,5,0,5,0,5,..,3,0,3,0,3,..,0,0,0,0,0,..,0,0,0,0,0,..,0,0,0,0,0,..,0,0,0,0,0,..,0,0,0,0,0,..,0,0,0,0,0,..,0,0,0,0,4,..,0,0,0
UCL215072,0,8,0,8,..,0,0,0,0,0,..,10,0,10,0,10,..,36,41,78,0,76,..,56,38,94,0,97,..,0,0,0,0,0,..,9,0,9,0,9,..,7,11,22,0,22,..,0,0,0,0,0,..,35,70,102,6,107,..,133,72,208,5,214,..,341,272,613,9,622,..,6,5,15,163,180,452,348,280,624,176,1249,453,..,..,..,..,453,..,0,0,0,0,0,..,0,0,0,0,0,..,7,3,10,0,10,..,7,3,13,0,13,..,28,47,81,3,77,..,3,6,10,0,10,..,42,62,99,3,99,..,0,0,0,0,0,..,0,0,0,0,0,..,0,0,0,0,0,..,6,4,8,0,8,..,0,0,0,0,0,..,0,0,0,0,0,..,5,0,4,0,4,..,3,0,3,0,3,..,4,0,4,0,4,..,6,0,6,0,6,..,0,0,0,0,0,..,0,0,0
UCL215073,0,0,0,0,..,3,0,3,0,3,..,0,0,0,0,0,..,0,0,6,0,3,..,7,0,5,0,9,..,0,0,0,0,0,..,0,0,0,0,0,..,3,0,3,0,3,..,0,0,0,0,0,..,0,0,0,0,0,..,6,0,6,0,6,..,18,13,31,0,32,..,7,0,7,95,100,1229,25,13,34,96,1362,1321,..,..,..,..,1321,..,0,0,0,0,0,..,0,0,0,0,0,..,0,0,0,0,0,..,0,0,0,0,0,..,0,0,10,0,10,..,0,0,0,0,0,..,0,0,7,0,7,..,0,0,0,0,0,..,0,0,0,0,0,..,0,0,0,0,0,..,0,0,0,0,0,..,0,0,0,0,0,..,0,0,0,0,0,..,4,0,4,0,4,..,0,0,0,0,0,..,0,0,0,0,0,..,0,0,0,0,0,..,0,0,0,0,0,..,0,0,0
UCL215074,0,0,0,0,..,0,0,0,0,0,..,0,0,0,0,0,..,0,0,0,0,0,..,3,0,3,0,3,..,5,0,10,0,10,..,0,0,0,0,0,..,0,0,0,0,0,..,7,0,7,0,7,..,0,0,0,0,0,..,14,0,14,0,14,..,68,4,73,0,73,..,3,0,3,87,85,2307,73,4,74,87,2467,2291,..,..,..,..,2291,..,6,0,6,0,6,..,10,4,12,0,12,..,0,0,0,0,0,..,0,0,0,0,0,..,0,6,4,0,4,..,0,0,0,0,0,..,0,6,4,0,4,..,6,0,6,0,6,..,3,0,3,0,3,..,5,0,5,0,5,..,14,0,13,0,13,..,0,0,0,0,0,..,0,0,0,0,0,..,0,0,0,0,0,..,0,0,0,0,0,..,5,0,5,0,5,..,0,0,0,0,0,..,0,0,0,0,0,..,0,0,0
UCL215075,0,0,0,0,..,0,0,0,0,0,..,0,0,0,0,0,..,0,0,0,0,0,..,0,0,0,0,0,..,0,0,0,0,0,..,0,0,0,0,0,..,0,0,0,0,0,..,0,0,0,0,0,..,0,0,0,0,0,..,0,0,0,0,0,..,7,0,10,0,10,..,0,0,0,69,69,547,8,0,11,69,631,543,..,..,..,..,543,..,0,0,0,0,0,..,0,0,0,0,0,..,0,0,0,0,0,..,0,0,0,0,0,..,0,0,4,0,4,..,0,0,0,0,0,..,3,0,5,0,5,..,0,0,0,0,0,..,0,0,0,0,0,..,0,0,0,0,0,..,0,0,0,0,0,..,0,0,0,0,0,..,0,0,0,0,0,..,0,0,0,0,0,..,0,0,0,0,0,..,0,0,0,0,0,..,0,0,0,0,0,..,0,0,0,0,0,..,0,0,0
UCL215076,0,0,0,0,..,0,0,0,0,0,..,0,0,0,0,0,..,0,0,0,0,0,..,0,0,0,0,3,..,0,0,0,0,0,..,0,0,0,0,0,..,0,0,0,0,0,..,0,0,0,0,0,..,0,0,0,0,0,..,11,0,13,0,13,..,19,4,23,0,22,..,4,0,4,36,40,1051,18,4,21,42,1113,1140,..,..,..,..,1140,..,0,0,0,0,0,..,0,0,0,0,0,..,0,0,0,0,0,..,0,0,0,0,0,..,0,0,0,0,0,..,0,0,0,0,0,..,0,0,0,0,0,..,0,0,0,0,0,..,0,0,0,0,0,..,0,0,0,0,0,..,0,0,0,0,0,..,0,0,0,0,0,..,0,0,0,0,0,..,0,0,0,0,0,..,0,0,0,0,0,..,0,0,0,0,0,..,0,0,0,0,0,..,0,0,0,0,0,..,0,0,0
UCL215077,0,0,0,0,..,0,0,0,0,0,..,0,0,0,0,0,..,0,0,0,0,0,..,3,0,3,0,3,..,0,0,0,0,0,..,0,0,0,0,0,..,3,0,3,0,5,..,0,0,0,0,0,..,0,0,0,0,0,..,3,0,3,0,3,..,42,0,47,0,46,..,3,0,3,76,82,688,51,0,52,74,812,726,..,..,..,..,726,..,0,0,0,0,0,..,3,0,3,0,3,..,0,0,0,0,0,..,3,0,6,0,6,..,4,0,7,0,7,..,3,0,3,0,3,..,9,3,10,0,10,..,0,0,0,0,0,..,0,0,0,0,0,..,4,0,4,0,4,..,0,0,0,0,0,..,0,0,0,0,0,..,0,0,0,0,0,..,0,0,0,0,0,..,0,0,0,0,0,..,3,0,3,0,3,..,0,0,0,0,0,..,0,0,0,0,0,..,0,0,0
UCL215078,0,0,0,0,..,4,0,4,0,4,..,0,0,0,0,0,..,0,0,0,0,0,..,0,0,0,0,0,..,0,0,0,0,0,..,0,0,0,0,0,..,0,0,0,0,0,..,0,0,0,0,0,..,0,0,0,0,0,..,13,3,13,0,19,..,24,9,39,0,38,..,3,0,3,30,30,898,31,9,40,35,961,898,..,..,..,..,898,..,0,0,0,0,0,..,0,0,0,0,0,..,0,0,0,0,0,..,0,0,0,0,0,..,0,0,0,0,0,..,0,0,0,0,0,..,0,0,0,0,0,..,0,0,0,0,0,..,7,0,7,0,7,..,3,0,3,0,3,..,3,0,3,0,3,..,0,0,0,0,0,..,0,0,0,0,0,..,0,0,0,0,0,..,0,0,0,0,0,..,0,0,0,0,0,..,0,0,0,0,0,..,0,0,0,0,0,..,0,0,0
UCL215079,0,0,0,0,..,0,0,0,0,0,..,0,0,0,0,0,..,0,0,0,0,0,..,3,0,3,0,3,..,0,0,0,0,0,..,0,0,0,0,0,..,0,0,0,0,0,..,0,0,0,0,0,..,0,0,0,0,0,..,3,0,3,0,3,..,19,7,24,0,24,..,0,0,0,75,72,913,24,7,25,72,1012,1009,..,..,..,..,1009,..,0,0,0,0,0,..,0,0,0,0,0,..,0,0,0,0,0,..,0,0,0,0,0,..,0,0,0,0,0,..,0,0,0,0,0,..,0,0,0,0,0,..,0,0,0,0,0,..,0,0,0,0,0,..,5,0,5,0,5,..,0,0,0,0,0,..,0,0,0,0,0,..,0,0,0,0,0,..,0,0,0,0,0,..,0,0,0,0,0,..,0,0,0,0,0,..,0,0,0,0,0,..,0,0,0,0,0,..,0,0,0
UCL215080,0,0,0,0,..,0,0,0,0,0,..,0,0,0,0,0,..,0,0,0,0,0,..,0,0,0,0,0,..,0,0,0,0,0,..,0,0,0,0,0,..,0,0,0,0,0,..,3,0,3,0,3,..,0,0,0,0,0,..,6,0,6,0,4,..,13,0,14,0,19,..,0,0,0,32,32,1017,13,0,14,33,1068,1047,..,..,..,..,1047,..,0,0,0,0,0,..,0,0,0,0,0,..,0,0,0,0,0,..,0,0,0,0,0,..,0,0,0,0,0,..,0,0,0,0,0,..,0,0,0,0,0,..,0,0,0,0,0,..,0,0,0,0,0,..,0,0,0,0,0,..,0,0,0,0,0,..,0,0,0,0,0,..,0,0,0,0,0,..,0,0,0,0,0,..,0,0,0,0,0,..,0,0,0,0,0,..,0,0,0,0,0,..,0,0,0,0,0,..,0,0,0
UCL215081,0,5,0,5,..,0,0,0,3,5,..,0,0,0,0,0,..,0,0,0,0,0,..,8,0,8,3,7,..,0,0,0,0,0,..,0,0,0,0,0,..,3,0,0,0,0,..,26,9,35,0,35,..,4,3,4,0,4,..,9,5,15,0,15,..,136,27,166,3,168,..,5,0,3,147,157,1782,143,27,167,151,2099,1799,..,..,..,..,1799,..,0,0,0,0,0,..,0,0,0,0,0,..,4,0,4,0,4,..,0,0,0,0,0,..,6,3,13,0,13,..,0,0,0,0,0,..,7,3,14,0,14,..,0,0,0,0,0,..,0,0,0,0,0,..,4,0,3,0,3,..,0,0,0,0,0,..,0,0,0,0,0,..,0,0,0,0,0,..,8,0,8,0,8,..,3,0,3,0,3,..,6,0,6,0,6,..,0,0,0,0,0,..,0,0,0,0,0,..,0,0,0
UCL215082,0,0,0,0,..,0,0,0,0,0,..,0,0,0,0,0,..,0,0,0,0,0,..,0,0,0,0,0,..,0,0,0,0,0,..,0,0,0,0,0,..,0,0,0,0,0,..,5,0,5,0,5,..,0,0,0,0,0,..,8,0,8,0,8,..,27,0,31,0,31,..,0,0,0,53,53,1059,27,0,31,53,1137,1032,..,..,..,..,1032,..,0,0,0,0,0,..,0,0,0,0,0,..,0,0,0,0,0,..,0,0,3,0,3,..,0,0,0,0,0,..,0,0,0,0,0,..,0,0,0,0,0,..,0,0,0,0,0,..,0,0,0,0,0,..,0,0,0,0,0,..,0,0,0,0,0,..,0,0,0,0,0,..,0,0,0,0,0,..,0,0,0,0,0,..,0,0,0,0,0,..,0,0,0,0,0,..,0,0,0,0,0,..,0,0,0,0,0,..,0,0,0
UCL215083,0,0,0,0,..,0,0,0,0,0,..,0,0,0,0,0,..,0,0,0,0,0,..,0,0,0,0,0,..,6,0,6,0,6,..,0,0,0,0,0,..,0,0,0,0,0,..,0,0,0,0,0,..,0,0,0,0,0,..,3,0,3,0,3,..,21,3,20,0,20,..,0,0,3,55,56,883,23,9,25,55,967,965,..,..,..,..,965,..,0,0,0,0,0,..,0,0,0,0,0,..,0,0,0,0,0,..,0,0,0,0,0,..,6,0,3,0,3,..,0,0,0,0,0,..,6,0,3,0,3,..,0,0,0,0,0,..,0,0,0,0,0,..,0,0,0,0,0,..,0,0,0,0,0,..,0,0,0,0,0,..,0,0,0,0,0,..,0,0,0,0,0,..,3,0,3,0,4,..,0,0,3,0,3,..,0,0,0,0,0,..,0,0,0,0,0,..,0,0,0
UCL215084,0,5,0,5,..,0,0,0,0,0,..,0,0,0,0,0,..,0,0,0,0,0,..,5,0,5,0,5,..,4,0,4,0,4,..,0,0,0,0,0,..,0,0,0,0,0,..,0,0,0,0,0,..,0,0,0,0,0,..,6,0,6,0,6,..,16,0,16,0,16,..,0,0,0,36,36,606,16,0,16,36,658,614,..,..,..,..,614,..,0,0,0,0,0,..,0,0,0,0,0,..,0,0,0,0,0,..,0,0,0,0,0,..,0,0,0,0,0,..,0,0,0,0,0,..,0,0,0,0,0,..,0,0,0,0,0,..,0,0,0,0,0,..,0,0,0,0,0,..,0,0,0,0,0,..,0,0,0,0,0,..,0,0,0,0,0,..,0,0,0,0,0,..,0,0,0,0,0,..,5,0,5,0,5,..,0,0,0,0,0,..,0,0,0,0,0,..,0,0,0
UCL215085,0,0,0,0,..,0,0,0,0,0,..,3,0,3,0,3,..,0,0,0,0,0,..,4,0,4,0,4,..,0,0,0,0,0,..,0,0,0,0,0,..,0,0,0,0,0,..,0,0,0,0,0,..,0,0,0,0,0,..,6,0,0,0,0,..,18,0,16,0,19,..,0,0,0,50,50,571,18,0,16,56,642,509,..,..,..,..,509,..,0,0,0,0,0,..,0,0,0,0,0,..,0,0,0,0,0,..,0,0,0,0,0,..,0,0,0,0,0,..,0,0,0,0,0,..,0,0,0,0,0,..,0,0,0,0,0,..,0,0,0,0,0,..,0,0,0,0,0,..,0,0,0,0,0,..,0,0,0,0,0,..,0,0,0,0,0,..,0,0,0,0,0,..,0,0,0,0,0,..,0,0,0,0,0,..,0,0,0,0,0,..,0,0,0,0,0,..,0,0,0
UCL215086,0,0,0,0,..,0,0,0,0,0,..,0,0,0,0,0,..,0,0,0,0,0,..,0,0,0,0,0,..,0,0,0,0,0,..,3,0,3,0,3,..,0,0,0,0,0,..,0,0,0,0,0,..,6,5,6,0,6,..,11,5,17,0,17,..,60,22,81,0,81,..,8,0,8,73,82,1654,71,22,91,73,1818,1816,..,..,..,..,1816,..,0,0,0,0,0,..,3,0,3,0,3,..,0,0,0,0,0,..,0,0,0,0,0,..,3,4,3,0,3,..,0,0,0,0,0,..,6,4,8,0,8,..,0,0,0,0,0,..,0,0,0,0,0,..,3,0,3,0,3,..,0,0,0,0,0,..,0,0,0,0,0,..,0,0,0,0,0,..,0,0,0,0,0,..,0,0,0,0,0,..,0,0,9,0,9,..,0,0,0,0,0,..,3,0,3,0,3,..,0,0,0
UCL215087,0,0,0,0,..,0,0,0,0,0,..,0,0,0,0,0,..,0,0,0,0,0,..,0,0,0,0,0,..,0,0,0,0,0,..,0,0,0,0,0,..,3,0,3,0,3,..,0,0,0,0,0,..,0,0,0,0,0,..,8,0,9,0,9,..,38,5,40,0,40,..,0,0,0,66,68,785,38,5,41,66,892,710,..,..,..,..,710,..,0,0,0,0,0,..,0,0,0,0,0,..,0,0,0,0,0,..,0,0,0,0,0,..,0,0,0,0,0,..,0,0,0,0,0,..,0,0,0,0,0,..,0,0,0,0,0,..,0,0,0,0,0,..,3,0,3,0,3,..,0,0,0,0,0,..,0,0,0,0,0,..,0,0,0,0,0,..,0,0,0,0,0,..,0,0,0,0,0,..,0,0,0,0,0,..,3,0,3,0,3,..,5,0,5,0,5,..,0,0,0
UCL215088,0,0,0,0,..,0,0,0,0,0,..,0,0,0,0,0,..,0,0,0,0,0,..,0,0,0,0,0,..,4,0,4,0,4,..,0,0,0,0,0,..,0,0,0,0,0,..,0,0,0,0,0,..,0,0,0,0,0,..,24,0,24,0,22,..,43,3,51,0,47,..,3,0,3,125,123,758,48,3,50,126,927,810,..,..,..,..,810,..,0,0,0,0,0,..,0,0,0,0,0,..,0,0,0,0,0,..,0,0,0,0,0,..,0,0,5,0,5,..,0,0,0,0,0,..,5,0,0,0,0,..,0,0,0,0,0,..,0,0,0,0,0,..,4,0,4,0,4,..,0,0,0,0,0,..,0,0,0,0,0,..,0,0,0,0,0,..,0,0,0,0,0,..,0,0,0,0,0,..,0,0,0,0,0,..,0,0,0,0,0,..,0,0,0,0,0,..,0,0,0
UCL215089,0,0,0,0,..,0,0,0,0,0,..,0,0,0,0,0,..,0,0,0,0,3,..,0,0,0,0,3,..,0,0,0,0,0,..,0,0,0,0,0,..,0,0,0,0,0,..,0,0,0,0,0,..,0,0,0,0,0,..,3,0,3,0,3,..,29,0,25,0,31,..,0,0,0,92,92,975,29,0,25,93,1095,987,..,..,..,..,987,..,0,0,0,0,0,..,0,0,0,0,0,..,0,0,0,0,0,..,0,0,0,0,0,..,0,0,3,0,3,..,0,0,0,0,0,..,0,0,3,0,3,..,0,0,0,0,0,..,0,0,0,0,0,..,0,0,0,0,0,..,4,0,4,0,4,..,0,0,0,0,0,..,0,0,0,0,0,..,0,0,0,0,0,..,7,0,7,0,7,..,0,0,3,0,3,..,3,0,3,0,3,..,4,0,4,0,4,..,0,0,0
UCL215090,0,5,0,5,..,0,0,0,0,0,..,0,0,3,0,3,..,0,0,0,0,0,..,3,0,8,0,8,..,0,0,0,0,0,..,0,0,0,0,0,..,0,0,0,0,0,..,0,0,0,0,0,..,0,0,0,0,0,..,4,0,4,0,4,..,23,0,29,0,29,..,5,0,4,79,85,879,26,0,33,79,986,940,..,..,..,..,940,..,0,0,0,0,0,..,0,0,0,0,0,..,0,0,0,0,0,..,0,0,0,0,0,..,0,0,0,0,0,..,0,0,0,0,0,..,0,0,0,0,0,..,0,0,0,0,0,..,0,0,0,0,0,..,7,0,7,0,9,..,3,0,3,0,3,..,0,0,0,0,0,..,0,0,0,0,0,..,0,0,0,0,0,..,0,0,0,0,0,..,0,0,0,0,0,..,0,0,0,0,0,..,0,0,0,0,0,..,0,0,0
UCL215091,0,0,0,0,..,0,0,0,0,0,..,0,0,0,0,0,..,0,0,0,0,0,..,0,0,0,0,0,..,0,0,0,0,0,..,0,0,0,0,0,..,0,0,0,0,0,..,0,0,0,0,0,..,0,0,0,0,0,..,3,0,8,0,8,..,27,3,30,0,30,..,3,0,3,23,19,731,28,3,32,23,781,704,..,..,..,..,704,..,0,0,0,0,0,..,0,0,0,0,0,..,0,0,0,0,0,..,4,0,4,0,4,..,6,0,4,0,4,..,0,0,0,0,0,..,7,0,11,0,11,..,0,0,0,0,0,..,0,0,0,0,0,..,0,0,0,0,0,..,5,0,5,0,5,..,0,0,0,0,0,..,0,0,0,0,0,..,0,0,0,0,0,..,0,0,0,0,0,..,0,0,0,0,0,..,0,0,0,0,0,..,0,0,0,0,0,..,0,0,0
UCL215092,0,6,0,6,..,0,0,0,0,0,..,5,0,5,0,5,..,0,0,0,0,0,..,11,0,11,0,11,..,9,0,9,0,9,..,0,0,0,0,0,..,0,0,0,0,0,..,0,0,0,0,0,..,4,0,3,0,3,..,25,0,24,0,24,..,80,15,90,0,90,..,12,0,9,65,76,2045,89,17,103,65,2213,2229,..,..,..,..,2229,..,3,0,3,0,3,..,0,0,0,0,0,..,0,0,0,0,0,..,0,3,4,0,4,..,0,0,3,0,3,..,0,0,0,0,0,..,5,3,10,0,10,..,0,0,0,0,3,..,14,0,14,0,14,..,17,0,23,0,21,..,5,0,5,0,5,..,0,0,0,0,0,..,0,0,0,0,0,..,0,0,0,0,0,..,4,0,6,0,6,..,0,0,0,0,0,..,0,0,0,0,0,..,0,0,0,0,0,..,0,0,0
UCL215093,0,0,0,0,..,0,0,0,0,0,..,0,0,0,0,0,..,0,0,0,0,0,..,0,0,0,0,0,..,0,0,5,0,5,..,0,0,0,0,0,..,0,0,0,0,0,..,0,0,0,0,0,..,0,0,0,0,0,..,6,3,14,0,14,..,34,5,40,0,40,..,5,0,5,53,62,2001,45,5,49,53,2105,1992,..,..,..,..,1992,..,0,0,0,0,0,..,0,0,0,0,0,..,0,0,0,0,0,..,0,0,0,0,0,..,0,4,3,0,3,..,0,0,0,0,0,..,0,4,3,0,3,..,0,0,0,0,0,..,0,0,0,0,0,..,11,0,11,0,11,..,0,0,0,0,0,..,0,0,0,0,0,..,0,0,0,0,0,..,0,0,0,0,0,..,0,0,0,0,0,..,0,0,0,0,0,..,0,0,0,0,0,..,0,0,0,0,0,..,0,0,0
UCL215094,0,0,0,0,..,0,0,0,0,0,..,0,0,0,0,0,..,0,0,0,0,0,..,0,0,0,0,0,..,0,0,0,0,0,..,0,0,0,0,0,..,0,0,0,0,0,..,0,0,0,0,0,..,0,0,0,0,0,..,0,0,0,0,0,..,20,0,21,0,21,..,0,0,0,27,31,433,19,0,27,27,488,482,..,..,..,..,482,..,6,0,4,0,4,..,0,0,4,0,4,..,0,0,0,0,0,..,0,0,0,0,0,..,0,0,0,0,0,..,0,0,0,0,0,..,0,0,0,0,0,..,0,0,0,0,0,..,0,0,0,0,0,..,0,0,0,0,0,..,0,0,0,0,0,..,0,0,0,0,0,..,0,0,0,0,0,..,0,0,0,0,0,..,0,0,0,0,0,..,0,0,0,0,0,..,0,0,0,0,0,..,0,0,0,0,0,..,0,0,0
UCL215095,0,0,0,0,..,0,0,0,0,0,..,0,0,0,0,0,..,0,0,0,0,0,..,0,0,0,0,0,..,0,0,0,0,0,..,0,0,0,0,0,..,0,0,0,0,0,..,0,0,0,0,0,..,0,0,0,0,0,..,0,0,5,0,5,..,3,0,7,0,7,..,0,0,0,35,35,512,3,0,7,35,550,516,..,..,..,..,516,..,0,0,0,0,0,..,0,0,0,0,0,..,0,0,0,0,0,..,0,0,0,0,0,..,0,0,0,0,0,..,0,0,0,0,0,..,0,0,0,0,0,..,0,0,0,0,0,..,0,0,0,0,0,..,0,0,0,0,0,..,0,0,0,0,0,..,0,0,0,0,0,..,0,0,0,0,0,..,0,0,0,0,0,..,0,0,0,0,0,..,0,0,0,0,0,..,0,0,0,0,0,..,0,0,0,0,0,..,0,0,0
UCL215096,0,0,0,0,..,0,0,0,0,0,..,0,0,0,0,0,..,0,0,0,0,0,..,0,0,0,0,0,..,0,0,0,0,0,..,0,0,0,0,0,..,0,0,0,0,0,..,0,0,0,0,0,..,0,0,0,0,0,..,4,0,5,0,5,..,21,4,21,0,21,..,0,0,0,38,35,1141,21,4,23,38,1202,1144,..,..,..,..,1144,..,0,0,0,0,0,..,0,0,0,0,0,..,0,0,0,0,0,..,0,0,0,0,0,..,0,0,0,0,0,..,0,0,0,0,0,..,0,0,0,0,0,..,0,0,0,0,0,..,0,0,0,0,0,..,3,0,3,0,3,..,3,0,3,0,3,..,0,0,0,0,0,..,0,0,0,0,0,..,0,0,0,0,0,..,0,0,0,0,0,..,0,0,0,0,0,..,0,0,0,0,0,..,0,0,0,0,0,..,0,0,0
UCL215097,0,0,0,0,..,0,0,0,0,0,..,0,0,0,0,0,..,0,0,0,0,0,..,0,0,0,0,0,..,0,0,0,0,0,..,0,0,0,0,0,..,0,0,0,0,0,..,0,0,0,0,0,..,3,5,9,0,9,..,7,0,7,0,7,..,35,4,40,0,39,..,3,0,4,111,112,1462,43,6,44,113,1617,1498,..,..,..,..,1498,..,0,0,0,0,0,..,0,0,0,0,0,..,0,0,0,0,0,..,0,0,0,0,0,..,6,3,4,0,4,..,0,0,0,0,0,..,6,3,4,0,4,..,0,0,0,0,0,..,0,0,0,0,0,..,6,0,6,0,6,..,0,0,0,0,0,..,0,0,0,0,0,..,0,0,0,0,0,..,0,0,0,0,0,..,0,0,0,0,0,..,0,0,0,0,0,..,0,0,0,0,0,..,0,0,0,0,0,..,0,0,0
UCL215098,0,0,0,0,..,0,0,0,0,0,..,0,0,0,0,0,..,0,0,0,0,0,..,0,0,0,0,0,..,0,0,0,0,0,..,0,0,0,0,0,..,0,0,0,0,0,..,0,0,0,0,0,..,0,0,0,0,0,..,4,0,10,0,10,..,12,0,18,0,18,..,0,0,0,31,29,648,18,0,18,31,690,662,..,..,..,..,662,..,0,0,0,0,0,..,0,0,0,0,0,..,0,0,0,0,0,..,0,0,0,0,0,..,0,0,0,0,0,..,0,0,0,0,0,..,0,0,0,0,0,..,0,0,0,0,0,..,0,0,0,0,0,..,0,0,0,0,0,..,0,0,0,0,0,..,0,0,0,0,0,..,0,0,0,0,0,..,0,0,0,0,0,..,0,0,0,0,0,..,0,0,0,0,0,..,4,0,4,0,4,..,0,0,0,0,0,..,0,0,0
UCL215099,0,0,0,0,..,0,0,0,0,0,..,0,0,0,0,0,..,0,0,0,0,0,..,0,0,0,0,0,..,0,0,0,0,0,..,0,0,0,0,0,..,0,0,0,0,0,..,0,0,0,0,0,..,0,4,4,0,4,..,0,0,0,0,0,..,19,7,26,0,26,..,5,0,5,64,68,711,22,7,32,64,803,802,..,..,..,..,802,..,0,0,0,0,0,..,0,0,0,0,0,..,0,0,0,0,0,..,0,0,0,0,0,..,0,0,0,0,0,..,0,0,0,0,0,..,0,0,5,0,5,..,0,0,0,0,0,..,0,0,0,0,0,..,0,0,0,0,0,..,0,0,0,0,0,..,0,0,0,0,0,..,0,0,0,0,0,..,0,0,0,0,0,..,0,0,0,0,0,..,0,0,0,0,0,..,0,0,0,0,0,..,0,0,0,0,0,..,0,0,0
UCL215100,0,0,0,0,..,0,0,0,0,0,..,0,0,0,0,0,..,0,0,0,0,0,..,0,0,0,0,0,..,0,0,0,0,0,..,0,0,0,0,0,..,0,0,0,0,0,..,0,0,0,0,0,..,0,0,0,0,0,..,0,0,0,0,0,..,9,0,9,0,9,..,3,0,3,40,42,559,10,0,10,40,609,604,..,..,..,..,604,..,0,0,0,0,0,..,0,0,0,0,0,..,0,0,0,0,0,..,6,0,6,0,6,..,6,0,6,0,6,..,0,0,0,0,0,..,5,0,5,0,5,..,0,0,0,0,0,..,4,0,4,0,4,..,0,0,0,0,0,..,0,0,0,0,0,..,0,0,0,0,0,..,0,0,0,0,0,..,0,0,0,0,0,..,0,0,0,0,0,..,0,0,0,0,0,..,0,0,0,0,0,..,0,0,0,0,0,..,0,0,0
UCL221001,0,0,0,0,..,0,0,0,0,0,..,0,0,0,0,0,..,0,0,0,0,0,..,0,0,0,0,0,..,3,0,3,0,3,..,0,0,0,0,0,..,0,0,0,0,0,..,0,0,0,0,0,..,0,0,0,0,0,..,0,0,0,0,0,..,3,0,3,0,3,..,0,0,0,18,20,334,4,0,4,18,358,335,..,..,..,..,335,..,0,0,0,0,0,..,0,0,0,0,0,..,0,0,0,0,0,..,0,0,0,0,0,..,0,0,0,0,0,..,0,0,0,0,0,..,0,0,0,0,0,..,0,0,0,0,0,..,0,0,0,0,0,..,0,0,0,0,0,..,0,0,0,0,0,..,0,0,0,0,0,..,0,0,0,0,0,..,0,0,0,0,0,..,0,0,0,0,0,..,0,0,0,0,0,..,0,0,0,0,0,..,0,0,0,0,0,..,0,0,0
UCL221002,0,0,0,0,..,0,0,0,0,0,..,0,0,0,0,0,..,0,0,0,0,0,..,0,0,0,0,0,..,0,0,0,0,0,..,0,0,0,0,0,..,0,0,0,0,0,..,0,0,0,0,0,..,0,0,0,0,0,..,0,0,0,0,0,..,9,0,9,0,9,..,3,0,3,11,17,394,10,0,10,11,413,401,..,..,..,..,401,..,0,0,0,0,0,..,0,0,0,0,0,..,0,0,0,0,0,..,0,0,0,0,0,..,0,0,3,0,3,..,0,0,0,0,0,..,0,0,3,0,3,..,0,0,0,0,0,..,0,0,0,0,0,..,0,0,0,0,0,..,0,0,0,0,0,..,0,0,0,0,0,..,0,0,0,0,0,..,0,0,0,0,0,..,0,0,0,0,0,..,0,0,0,0,0,..,0,0,0,0,0,..,0,0,0,0,0,..,0,0,0
UCL221003,0,0,0,0,..,0,0,0,0,0,..,0,0,0,0,0,..,0,0,0,0,0,..,0,0,0,0,0,..,0,0,0,0,0,..,0,0,0,0,0,..,0,0,0,0,0,..,0,0,0,0,0,..,0,0,0,0,0,..,0,4,4,0,4,..,7,4,5,0,5,..,0,0,3,31,33,257,6,3,10,31,295,245,..,..,..,..,245,..,0,0,0,0,0,..,0,0,0,0,0,..,0,0,0,0,0,..,0,0,0,0,0,..,0,0,0,0,0,..,0,0,0,0,0,..,0,0,0,0,0,..,0,0,0,0,0,..,0,0,0,0,0,..,0,0,0,0,0,..,0,0,0,0,0,..,0,0,0,0,0,..,0,0,0,0,0,..,0,0,0,0,0,..,0,0,0,0,0,..,0,0,0,0,0,..,0,0,0,0,0,..,0,0,0,0,0,..,0,0,0
UCL221004,0,0,0,0,..,0,0,0,0,0,..,0,0,0,0,0,..,0,0,0,0,0,..,0,0,0,0,0,..,0,0,0,0,0,..,0,0,0,0,0,..,0,0,0,0,0,..,4,0,4,0,4,..,0,0,0,0,0,..,9,0,5,0,5,..,34,0,39,0,39,..,0,0,0,11,18,531,35,0,39,11,583,500,..,..,..,..,500,..,0,0,0,0,0,..,5,0,5,0,5,..,0,0,0,0,0,..,0,0,0,0,0,..,0,0,0,0,0,..,0,0,0,0,0,..,0,0,0,0,0,..,11,0,11,0,11,..,0,0,0,0,0,..,0,0,0,0,0,..,7,0,7,0,7,..,0,0,0,0,0,..,0,0,0,0,0,..,0,0,0,0,0,..,0,0,0,0,0,..,0,0,0,0,0,..,0,0,0,0,0,..,0,0,0,0,0,..,0,0,0
UCL221005,0,0,0,0,..,0,0,0,0,0,..,0,0,0,0,0,..,0,0,0,0,0,..,0,0,0,0,0,..,0,0,0,0,0,..,0,0,0,0,0,..,0,0,0,0,0,..,0,0,0,0,0,..,0,0,0,0,0,..,0,0,0,0,0,..,20,3,22,0,27,..,0,0,0,28,28,285,20,3,22,26,334,297,..,..,..,..,297,..,0,0,0,0,0,..,0,0,0,0,0,..,0,0,0,0,0,..,0,0,0,0,0,..,0,0,0,0,0,..,0,0,0,0,0,..,0,0,0,0,0,..,0,0,0,0,0,..,0,0,0,0,0,..,0,0,0,0,0,..,0,0,0,0,0,..,0,0,0,0,0,..,0,0,0,0,0,..,0,0,0,0,0,..,0,0,0,0,0,..,0,0,0,0,0,..,0,0,0,0,0,..,0,0,0,0,0,..,0,0,0
UCL221006,0,0,0,0,..,0,0,0,0,0,..,0,0,0,0,0,..,0,0,0,0,0,..,0,0,0,0,0,..,0,0,0,0,0,..,0,0,0,0,0,..,0,0,0,0,0,..,0,0,0,0,0,..,0,0,0,0,0,..,0,0,0,0,0,..,5,0,5,0,5,..,0,0,0,17,17,304,5,0,5,17,325,293,..,..,..,..,293,..,0,0,0,0,0,..,0,0,0,0,0,..,0,0,0,0,0,..,0,0,0,0,0,..,0,0,0,0,0,..,0,0,0,0,0,..,0,0,0,0,0,..,0,0,0,0,0,..,0,0,0,0,0,..,0,0,0,0,0,..,0,0,0,0,0,..,0,0,0,0,0,..,0,0,0,0,0,..,0,0,0,0,0,..,0,0,0,0,0,..,0,0,0,0,0,..,0,0,0,0,0,..,0,0,0,0,0,..,0,0,0
UCL221007,0,0,0,0,..,0,0,0,0,0,..,0,0,0,0,0,..,0,0,0,0,0,..,0,0,0,0,0,..,0,0,0,0,0,..,0,0,0,0,0,..,0,0,0,0,0,..,0,0,0,0,0,..,0,0,0,0,0,..,3,0,3,0,3,..,0,0,0,0,0,..,0,0,0,17,17,234,0,0,0,17,255,248,..,..,..,..,248,..,0,0,0,0,0,..,0,0,0,0,0,..,0,0,0,0,0,..,0,0,0,0,0,..,0,0,0,0,0,..,0,0,0,0,0,..,0,0,0,0,0,..,0,0,0,0,0,..,0,0,0,0,0,..,0,0,0,0,0,..,0,0,0,0,0,..,0,0,0,0,0,..,0,0,0,0,0,..,0,0,0,0,0,..,0,0,0,0,0,..,0,0,0,0,0,..,0,0,0,0,0,..,0,0,0,0,0,..,0,0,0
UCL221008,0,0,0,0,..,0,0,0,0,0,..,0,0,0,0,0,..,0,0,0,0,0,..,0,0,0,0,0,..,0,0,0,0,0,..,0,0,0,0,0,..,0,0,0,0,0,..,0,0,0,0,0,..,0,0,0,0,0,..,0,0,0,0,0,..,9,0,13,0,13,..,0,0,0,74,74,291,9,0,13,74,374,334,..,..,..,..,334,..,0,0,0,0,0,..,0,0,0,0,0,..,0,0,0,0,0,..,0,0,0,0,0,..,0,0,0,0,0,..,0,0,0,0,0,..,0,0,0,0,0,..,0,0,0,0,0,..,0,0,0,0,0,..,0,0,0,0,0,..,0,0,0,0,0,..,0,0,0,0,0,..,0,0,0,0,0,..,0,0,0,0,0,..,0,0,0,0,0,..,0,0,0,0,0,..,0,0,0,0,0,..,0,0,0,0,0,..,0,0,0
UCL221009,0,0,0,0,..,0,0,0,0,0,..,0,0,0,0,0,..,0,0,0,0,0,..,0,0,0,0,0,..,0,0,0,0,0,..,0,0,0,0,0,..,0,0,0,0,0,..,0,0,0,0,0,..,0,0,0,0,0,..,3,0,3,0,3,..,4,0,4,0,4,..,0,0,0,28,28,269,4,0,4,28,299,294,..,..,..,..,294,..,0,0,0,0,0,..,0,0,0,0,0,..,0,0,0,0,0,..,0,0,0,0,0,..,0,0,0,0,0,..,0,0,0,0,0,..,0,0,0,0,0,..,0,0,0,0,0,..,0,0,0,0,0,..,0,0,0,0,0,..,0,0,0,0,0,..,0,0,0,0,0,..,0,0,0,0,0,..,0,0,0,0,0,..,0,0,0,0,0,..,0,0,0,0,0,..,0,0,0,0,0,..,0,0,0,0,0,..,0,0,0
UCL221010,0,0,0,0,..,0,0,0,0,0,..,0,0,0,0,0,..,0,0,0,0,0,..,0,0,0,0,0,..,0,0,0,0,0,..,0,0,0,0,0,..,0,0,0,0,0,..,0,0,0,0,0,..,0,0,0,0,0,..,3,0,3,0,3,..,9,0,13,0,13,..,0,0,0,16,16,261,12,0,7,16,287,259,..,..,..,..,259,..,0,0,0,0,0,..,0,0,0,0,0,..,0,0,0,0,0,..,0,0,0,0,0,..,0,0,0,0,0,..,0,0,0,0,0,..,0,0,0,0,0,..,0,0,0,0,0,..,0,0,0,0,0,..,0,0,0,0,0,..,0,0,0,0,0,..,0,0,0,0,0,..,0,0,0,0,0,..,0,0,0,0,0,..,0,0,0,0,0,..,0,0,0,0,0,..,0,0,0,0,0,..,0,0,0,0,0,..,0,0,0
UCL221011,0,0,0,0,..,0,0,0,0,0,..,0,0,0,0,0,..,0,0,0,0,0,..,0,0,0,0,0,..,0,0,0,0,0,..,0,0,0,0,0,..,0,0,0,0,0,..,0,0,0,0,0,..,0,0,0,0,0,..,0,0,0,0,0,..,11,0,11,0,11,..,0,0,0,12,10,309,8,0,8,12,325,288,..,..,..,..,288,..,0,0,0,0,0,..,0,0,0,0,0,..,0,0,0,0,0,..,0,0,0,0,0,..,0,0,0,0,0,..,0,0,0,0,0,..,0,0,0,0,0,..,0,0,0,0,0,..,0,0,0,0,0,..,0,0,0,0,0,..,0,0,0,0,0,..,0,0,0,0,0,..,0,0,0,0,0,..,0,0,0,0,0,..,0,0,0,0,0,..,0,0,0,0,0,..,0,0,0,0,0,..,0,0,0,0,0,..,0,0,0
UCL221012,0,0,0,0,..,0,0,0,0,0,..,0,0,0,0,0,..,0,0,0,0,0,..,0,0,0,0,0,..,0,0,0,0,0,..,0,0,0,0,0,..,0,0,0,0,0,..,0,0,0,0,0,..,0,0,0,0,0,..,0,0,0,0,0,..,8,0,10,0,10,..,0,0,0,23,27,221,10,0,10,23,251,216,..,..,..,..,216,..,0,0,0,0,0,..,0,0,0,0,0,..,0,0,0,0,0,..,0,0,0,0,0,..,0,0,0,0,0,..,0,0,0,0,0,..,0,0,0,0,0,..,0,0,0,0,0,..,0,0,0,0,0,..,0,0,0,0,0,..,0,0,0,0,0,..,0,0,0,0,0,..,0,0,0,0,0,..,0,0,0,0,0,..,0,0,0,0,0,..,0,0,0,0,0,..,0,0,0,0,0,..,0,0,0,0,0,..,0,0,0
UCL221013,0,0,0,0,..,0,0,0,0,0,..,0,0,0,0,0,..,0,0,0,0,0,..,0,0,0,0,0,..,0,0,0,0,0,..,0,0,0,0,0,..,0,0,0,0,0,..,0,0,0,0,0,..,0,0,0,0,0,..,0,0,3,0,3,..,10,4,13,0,13,..,0,0,0,23,23,287,10,4,13,23,318,265,..,..,..,..,265,..,0,0,0,0,0,..,5,0,5,0,5,..,0,0,0,0,0,..,0,0,0,0,0,..,0,0,0,0,0,..,0,0,0,0,0,..,0,0,0,0,0,..,0,0,0,0,0,..,0,0,0,0,0,..,0,0,0,0,0,..,0,0,0,0,0,..,0,0,0,0,0,..,0,0,0,0,0,..,0,0,0,0,0,..,0,0,0,0,0,..,0,0,0,0,0,..,0,0,0,0,0,..,0,0,0,0,0,..,0,0,0
UCL221014,0,0,0,0,..,0,0,0,0,0,..,0,0,0,0,0,..,0,0,0,0,0,..,0,0,0,0,0,..,0,0,5,0,5,..,0,0,0,0,0,..,0,0,0,0,0,..,0,0,0,0,0,..,0,0,0,0,0,..,0,0,3,0,3,..,16,3,18,0,18,..,0,0,0,17,17,439,16,3,18,17,474,444,..,..,..,..,444,..,0,0,0,0,0,..,0,0,0,0,0,..,0,0,0,0,0,..,0,0,0,0,0,..,0,0,3,0,3,..,0,0,0,0,0,..,0,0,4,0,4,..,0,0,0,0,0,..,0,0,0,0,0,..,3,0,3,0,3,..,4,0,4,0,4,..,0,0,0,0,0,..,0,0,0,0,0,..,0,0,0,0,0,..,0,0,0,0,0,..,0,0,0,0,0,..,0,0,0,0,0,..,0,0,0,0,0,..,0,0,0
UCL221015,0,0,0,0,..,0,0,0,0,0,..,0,0,0,0,0,..,0,0,0,0,0,..,0,0,0,0,0,..,0,0,0,0,0,..,0,0,0,0,0,..,0,0,0,0,0,..,0,0,0,0,0,..,0,0,0,0,0,..,0,0,0,0,0,..,10,0,10,0,10,..,0,0,0,18,18,221,10,0,10,18,239,234,..,..,..,..,234,..,0,0,0,0,0,..,0,0,0,0,0,..,0,0,0,0,0,..,0,0,0,0,0,..,0,0,0,0,0,..,0,0,0,0,0,..,0,0,0,0,0,..,0,0,0,0,0,..,0,0,0,0,0,..,0,0,0,0,0,..,0,0,0,0,0,..,0,0,0,0,0,..,0,0,0,0,0,..,0,0,0,0,0,..,0,0,0,0,0,..,0,0,0,0,0,..,0,0,0,0,0,..,0,0,0,0,0,..,0,0,0
UCL221016,0,0,0,0,..,0,0,0,0,0,..,0,0,0,0,0,..,0,0,0,0,0,..,0,0,0,0,0,..,0,0,0,0,0,..,0,0,0,0,0,..,0,0,0,0,0,..,0,0,0,0,0,..,0,0,0,0,0,..,6,0,8,0,8,..,14,0,13,0,13,..,0,0,0,16,16,430,14,0,13,16,460,455,..,..,..,..,455,..,0,0,0,0,0,..,0,0,0,0,0,..,0,0,0,0,0,..,0,0,0,0,0,..,0,0,0,0,0,..,0,0,0,0,0,..,0,0,0,0,0,..,0,0,0,0,0,..,0,0,0,0,0,..,0,0,0,0,0,..,0,0,0,0,0,..,0,0,0,0,0,..,0,0,0,0,0,..,0,0,0,0,0,..,0,0,0,0,0,..,0,0,0,0,0,..,0,0,0,0,0,..,0,0,0,0,0,..,0,0,0
UCL221017,0,0,0,0,..,0,0,0,0,0,..,0,0,0,0,0,..,0,0,0,0,0,..,0,0,0,0,0,..,0,0,0,0,0,..,0,0,0,0,0,..,0,0,0,0,0,..,0,0,0,0,0,..,0,0,0,0,0,..,0,0,0,0,0,..,4,3,9,0,9,..,10,0,10,20,27,426,15,3,15,20,469,427,..,..,..,..,427,..,0,0,0,0,0,..,0,0,0,0,0,..,0,0,0,0,0,..,0,0,0,0,0,..,0,0,0,0,0,..,0,0,0,0,0,..,0,0,0,0,0,..,0,0,0,0,0,..,0,0,0,0,0,..,0,0,0,0,0,..,0,0,0,0,0,..,0,0,0,0,0,..,0,0,0,0,0,..,0,0,0,0,0,..,0,0,0,0,0,..,0,0,0,0,0,..,0,0,0,0,0,..,0,0,0,0,0,..,0,0,0
UCL221018,0,0,0,0,..,0,0,0,0,0,..,0,0,0,0,0,..,0,0,0,0,0,..,0,0,0,0,0,..,0,0,0,0,0,..,0,0,0,0,0,..,0,0,0,0,0,..,0,0,0,0,0,..,0,0,0,0,0,..,3,0,3,0,3,..,11,4,17,0,17,..,5,0,0,63,65,417,16,4,19,63,496,436,..,..,..,..,436,..,0,0,0,0,0,..,0,0,0,0,0,..,0,0,0,0,0,..,0,0,0,0,0,..,0,6,7,0,7,..,0,0,0,0,0,..,0,6,7,0,7,..,0,0,0,0,0,..,0,0,0,0,0,..,0,0,0,0,0,..,0,0,0,0,0,..,0,0,0,0,0,..,0,0,0,0,0,..,0,0,0,0,0,..,0,0,0,0,0,..,0,0,0,0,0,..,0,0,0,0,0,..,0,0,0,0,0,..,0,0,0
UCL221019,0,0,0,0,..,0,0,0,0,0,..,0,0,0,0,0,..,0,0,0,0,0,..,0,0,0,0,0,..,0,0,0,0,0,..,0,0,0,0,0,..,0,0,0,0,0,..,0,0,0,0,0,..,0,0,0,0,0,..,6,0,6,0,6,..,8,0,8,0,8,..,0,0,0,25,25,394,8,0,8,25,433,420,..,..,..,..,420,..,0,0,0,0,0,..,0,0,0,0,0,..,0,0,0,0,0,..,0,0,0,0,0,..,0,0,0,0,0,..,0,0,0,0,0,..,4,0,4,0,4,..,0,0,0,0,0,..,0,0,0,0,0,..,0,0,0,0,0,..,0,0,0,0,0,..,0,0,0,0,0,..,0,0,0,0,0,..,0,0,0,0,0,..,0,0,0,0,0,..,0,0,0,0,0,..,0,0,0,0,0,..,0,0,0,0,0,..,0,0,0
UCL221020,0,0,0,0,..,0,0,0,0,0,..,0,0,0,0,0,..,0,0,0,0,0,..,0,0,0,0,0,..,0,0,0,0,0,..,0,0,0,0,0,..,0,0,0,0,0,..,0,0,0,0,0,..,0,0,0,0,0,..,0,0,0,0,0,..,11,0,11,0,11,..,5,0,5,27,34,372,11,0,11,27,416,407,..,..,..,..,407,..,0,0,0,0,0,..,0,0,0,0,0,..,0,0,0,0,0,..,0,0,0,0,0,..,4,0,4,0,4,..,0,0,0,0,0,..,3,0,3,0,3,..,0,0,0,0,0,..,0,0,0,0,0,..,0,0,0,0,0,..,0,0,0,0,0,..,0,0,0,0,0,..,0,0,0,0,0,..,0,0,0,0,0,..,0,0,0,0,0,..,0,0,0,0,0,..,0,0,0,0,0,..,0,0,0,0,0,..,0,0,0
UCL221021,0,3,0,3,..,0,0,0,0,0,..,0,0,0,0,0,..,0,0,0,0,0,..,3,0,3,0,3,..,4,0,4,0,4,..,0,0,0,0,0,..,0,0,0,0,0,..,0,0,0,0,0,..,0,0,0,0,0,..,0,0,0,0,0,..,13,0,13,0,13,..,0,0,0,26,23,310,13,0,13,26,346,333,..,..,..,..,333,..,0,0,0,0,0,..,0,0,0,0,0,..,0,0,0,0,0,..,0,0,0,0,0,..,0,0,0,0,0,..,0,0,0,0,0,..,0,0,0,0,0,..,0,0,0,0,0,..,0,0,0,0,0,..,0,0,0,0,0,..,0,0,0,0,0,..,0,0,0,0,0,..,0,0,0,0,0,..,0,0,0,0,0,..,0,0,0,0,0,..,0,0,0,0,0,..,0,0,0,0,0,..,0,0,0,0,0,..,0,0,0
UCL221022,0,0,0,0,..,0,0,0,0,0,..,0,0,0,0,0,..,0,0,0,0,0,..,0,0,0,0,0,..,0,0,0,0,0,..,0,0,0,0,0,..,0,0,0,0,0,..,0,0,0,0,0,..,0,0,0,0,0,..,3,0,3,0,3,..,3,0,3,0,3,..,0,0,0,11,9,241,9,0,9,11,258,227,..,..,..,..,227,..,0,0,0,0,0,..,0,0,0,0,0,..,0,0,0,0,0,..,0,0,0,0,0,..,0,0,0,0,0,..,0,0,0,0,0,..,0,0,0,0,0,..,0,0,0,0,0,..,0,0,0,0,0,..,0,0,0,0,0,..,0,0,0,0,0,..,0,0,0,0,0,..,0,0,0,0,0,..,0,0,0,0,0,..,0,0,0,0,0,..,0,0,0,0,0,..,0,0,0,0,0,..,0,0,0,0,0,..,0,0,0
UCL221023,0,0,0,0,..,0,0,0,0,0,..,0,0,0,0,0,..,0,0,0,0,0,..,0,0,0,0,0,..,0,0,0,0,0,..,0,0,0,0,0,..,0,0,0,0,0,..,0,0,0,0,0,..,0,0,0,0,0,..,0,0,0,0,0,..,3,0,7,0,7,..,0,0,0,24,24,299,3,0,7,24,327,332,..,..,..,..,332,..,0,0,0,0,0,..,0,0,0,0,0,..,0,0,0,0,0,..,0,0,0,0,0,..,0,0,0,0,0,..,0,0,0,0,0,..,0,0,0,0,0,..,0,0,0,0,0,..,0,0,0,0,0,..,0,0,0,0,0,..,0,0,0,0,0,..,0,0,0,0,0,..,0,0,0,0,0,..,0,0,0,0,0,..,0,0,0,0,0,..,0,0,0,0,0,..,0,0,0,0,0,..,0,0,0,0,0,..,0,0,0
UCL221024,0,0,0,0,..,0,0,0,0,0,..,0,0,0,0,0,..,0,0,0,0,0,..,0,0,0,0,0,..,3,0,3,0,3,..,0,0,0,0,0,..,0,0,0,0,0,..,0,0,0,0,0,..,0,6,6,0,6,..,0,0,0,0,0,..,12,6,13,0,13,..,5,0,4,20,26,461,9,6,18,20,489,467,..,..,..,..,467,..,0,0,0,0,0,..,0,0,0,0,0,..,0,0,0,0,0,..,0,0,0,0,0,..,0,0,0,0,0,..,0,0,0,0,0,..,0,0,0,0,0,..,0,0,0,0,0,..,0,0,0,0,0,..,0,0,0,0,0,..,0,0,0,0,0,..,0,0,0,0,0,..,0,0,0,0,0,..,0,0,0,0,0,..,0,0,0,0,0,..,0,0,0,0,0,..,0,0,0,0,0,..,0,0,0,0,0,..,0,0,0
UCL221025,0,0,0,0,..,0,0,0,0,0,..,3,0,3,0,3,..,0,0,0,0,0,..,3,0,3,0,3,..,0,0,0,0,0,..,0,0,0,0,0,..,0,0,0,0,0,..,0,0,0,0,0,..,0,0,0,0,0,..,0,0,0,0,0,..,17,0,23,0,23,..,0,0,0,30,30,293,17,0,23,30,344,326,..,..,..,..,326,..,0,0,0,0,0,..,0,0,0,0,0,..,0,0,0,0,0,..,0,0,0,0,0,..,0,0,0,0,0,..,0,0,0,0,0,..,0,0,0,0,0,..,0,0,0,0,0,..,0,0,0,0,0,..,0,0,0,0,0,..,0,0,0,0,0,..,0,0,0,0,0,..,0,0,0,0,0,..,0,0,0,0,0,..,0,0,0,0,0,..,0,0,0,0,0,..,0,0,0,0,0,..,0,0,0,0,0,..,0,0,0
UCL221026,0,0,0,0,..,0,0,0,0,0,..,0,0,0,0,0,..,0,0,0,0,0,..,0,0,0,0,0,..,0,0,0,0,0,..,0,0,0,0,0,..,0,0,0,0,0,..,0,0,0,0,0,..,0,0,0,0,0,..,0,0,0,0,0,..,12,6,9,0,11,..,0,0,0,23,23,346,12,6,9,25,382,305,..,..,..,..,305,..,0,0,0,0,0,..,0,0,0,0,0,..,0,0,0,0,0,..,0,0,0,0,0,..,0,0,0,0,0,..,0,0,0,0,0,..,0,0,0,0,0,..,0,0,0,0,0,..,0,0,0,0,0,..,0,0,0,0,0,..,0,0,0,0,0,..,0,0,0,0,0,..,0,0,0,0,0,..,0,0,0,0,0,..,0,0,0,0,0,..,0,0,0,0,0,..,0,0,0,0,0,..,0,0,0,0,0,..,0,0,0
UCL221027,0,0,0,0,..,0,0,0,0,0,..,0,0,0,0,0,..,0,0,0,0,0,..,0,0,0,0,0,..,0,0,0,0,0,..,0,0,0,0,0,..,0,0,0,0,0,..,0,0,0,0,0,..,0,0,0,0,0,..,9,0,9,0,7,..,5,0,6,0,9,..,0,0,0,49,49,315,5,0,6,44,368,329,..,..,..,..,329,..,0,0,0,0,0,..,0,0,0,0,0,..,0,0,0,0,0,..,0,0,0,0,0,..,0,0,0,0,0,..,0,0,0,0,0,..,0,0,0,0,0,..,0,0,0,0,0,..,0,0,0,0,0,..,0,0,0,0,0,..,0,0,0,0,0,..,0,0,0,0,0,..,0,0,0,0,0,..,0,0,0,0,0,..,0,0,0,0,0,..,0,0,0,0,0,..,0,0,0,0,0,..,0,0,0,0,0,..,0,0,0
UCL221028,0,0,0,0,..,0,0,0,0,0,..,0,0,0,0,0,..,0,0,0,0,0,..,0,0,0,0,0,..,0,0,0,0,0,..,0,0,0,0,0,..,0,0,0,0,0,..,0,0,0,0,0,..,0,0,0,0,0,..,3,0,3,0,3,..,19,0,22,0,22,..,0,0,0,41,41,345,19,0,22,41,405,359,..,..,..,..,359,..,0,0,0,0,0,..,0,0,0,0,0,..,0,0,0,0,0,..,0,0,0,0,0,..,0,0,0,0,0,..,0,0,0,0,0,..,0,0,0,0,0,..,0,0,0,0,0,..,3,0,3,0,3,..,0,0,0,0,0,..,0,0,0,0,0,..,0,0,0,0,0,..,0,0,0,0,0,..,0,0,0,0,0,..,0,0,0,0,0,..,0,0,0,0,0,..,0,0,0,0,0,..,0,0,0,0,0,..,0,0,0
UCL221029,0,0,0,0,..,0,0,0,0,0,..,0,0,0,0,0,..,0,0,0,0,0,..,0,0,0,0,0,..,0,0,0,0,0,..,0,0,0,0,0,..,0,0,0,0,0,..,0,0,0,0,0,..,0,0,0,0,0,..,5,0,5,0,5,..,0,0,0,0,0,..,0,0,0,7,7,326,0,0,0,7,345,352,..,..,..,..,352,..,0,0,0,0,0,..,0,0,0,0,0,..,0,0,0,0,0,..,0,0,0,0,0,..,0,0,0,0,0,..,0,0,0,0,0,..,0,0,0,0,0,..,0,0,0,0,0,..,0,0,0,0,0,..,0,0,0,0,0,..,0,0,0,0,0,..,0,0,0,0,0,..,0,0,0,0,0,..,0,0,0,0,0,..,0,0,0,0,0,..,0,0,0,0,0,..,0,0,0,0,0,..,0,0,0,0,0,..,0,0,0
UCL221030,0,0,0,0,..,0,0,0,0,0,..,0,0,0,0,0,..,0,0,0,0,0,..,0,0,0,0,0,..,0,0,4,0,4,..,0,0,0,0,0,..,0,0,0,0,0,..,0,0,0,0,0,..,0,0,0,0,0,..,4,0,4,0,4,..,9,0,12,0,12,..,0,0,0,15,16,249,10,0,12,15,273,207,..,..,..,..,207,..,0,0,0,0,0,..,0,0,0,0,0,..,0,0,0,0,0,..,0,0,0,0,0,..,3,0,3,0,3,..,0,0,0,0,0,..,3,0,3,0,3,..,0,0,0,0,0,..,0,0,0,0,0,..,0,0,0,0,0,..,0,0,0,0,0,..,0,0,0,0,0,..,0,0,0,0,0,..,0,0,0,0,0,..,0,0,0,0,0,..,0,0,0,0,0,..,0,0,0,0,0,..,0,0,0,0,0,..,0,0,0
UCL221031,0,0,0,0,..,0,0,0,0,0,..,0,0,0,0,0,..,0,0,0,0,0,..,0,0,0,0,0,..,0,0,0,0,0,..,0,0,0,0,0,..,0,0,0,0,0,..,0,0,0,0,0,..,3,0,3,0,3,..,3,0,3,0,3,..,16,0,18,0,18,..,0,0,0,14,14,254,16,0,18,14,287,293,..,..,..,..,293,..,0,0,0,0,0,..,6,0,6,0,6,..,0,0,0,0,0,..,0,0,0,0,0,..,0,0,0,0,0,..,0,0,0,0,0,..,0,0,0,0,0,..,0,0,0,0,0,..,0,0,0,0,0,..,3,0,3,0,3,..,0,0,0,0,0,..,0,0,0,0,0,..,0,0,0,0,0,..,0,0,0,0,0,..,0,0,0,0,0,..,0,0,0,0,0,..,0,0,0,0,0,..,0,0,0,0,0,..,0,0,0
UCL221032,0,0,0,0,..,0,0,0,0,0,..,0,0,0,0,0,..,0,0,0,0,0,..,0,0,0,0,0,..,0,0,0,0,0,..,0,0,0,0,0,..,0,0,0,0,0,..,0,0,0,0,0,..,0,0,0,0,0,..,0,0,4,0,4,..,3,0,5,0,5,..,0,0,0,21,21,257,3,0,5,21,276,267,..,..,..,..,267,..,0,0,0,0,0,..,0,0,0,0,0,..,0,0,0,0,0,..,0,0,0,0,0,..,0,0,0,0,0,..,0,0,0,0,0,..,0,0,0,0,0,..,0,0,0,0,0,..,0,0,0,0,0,..,0,0,0,0,0,..,0,0,0,0,0,..,0,0,0,0,0,..,0,0,0,0,0,..,0,0,0,0,0,..,0,0,0,0,0,..,0,0,0,0,0,..,0,0,0,0,0,..,0,0,0,0,0,..,0,0,0
UCL221033,0,0,0,0,..,0,0,0,0,0,..,0,0,0,0,0,..,0,0,0,0,0,..,0,0,0,0,0,..,0,0,0,0,0,..,0,0,0,0,0,..,0,0,0,0,0,..,0,0,0,0,0,..,0,0,0,0,0,..,0,5,5,0,5,..,6,3,8,0,8,..,0,0,0,18,18,220,6,3,8,18,254,235,..,..,..,..,235,..,0,0,0,0,0,..,0,0,0,0,0,..,0,0,0,0,0,..,0,0,0,0,0,..,0,0,0,0,0,..,0,0,0,0,0,..,0,0,0,0,0,..,0,0,0,0,0,..,0,0,0,0,0,..,0,0,0,0,0,..,0,0,0,0,0,..,0,0,0,0,0,..,0,0,0,0,0,..,0,0,0,0,0,..,0,0,0,0,0,..,0,0,0,0,0,..,0,0,0,0,0,..,0,0,0,0,0,..,0,0,0
UCL221034,0,0,0,0,..,0,0,0,0,0,..,4,0,4,0,4,..,0,0,0,0,0,..,4,0,4,0,4,..,0,0,0,0,0,..,0,0,0,0,0,..,0,0,0,0,0,..,0,0,0,0,0,..,0,0,0,0,0,..,13,0,16,0,16,..,33,0,34,0,34,..,0,0,0,4,8,418,32,3,37,4,461,411,..,..,..,..,411,..,0,0,0,0,0,..,0,0,0,0,0,..,0,0,0,0,0,..,0,0,0,0,0,..,0,0,0,0,0,..,0,0,0,0,0,..,0,0,3,0,3,..,0,0,0,0,0,..,0,0,0,0,0,..,0,0,0,0,0,..,0,0,0,0,0,..,0,0,0,0,0,..,0,0,0,0,0,..,0,0,0,0,0,..,0,0,0,0,0,..,0,0,0,0,0,..,0,0,0,0,0,..,0,0,0,0,0,..,0,0,0
UCL221035,0,0,0,0,..,0,0,0,0,0,..,0,0,0,0,0,..,0,0,0,0,0,..,0,0,0,0,0,..,0,0,0,0,0,..,0,0,0,0,0,..,0,0,0,0,0,..,0,0,0,0,0,..,0,0,0,0,0,..,0,0,0,0,0,..,3,0,3,0,3,..,0,0,0,33,33,350,3,0,3,33,391,349,..,..,..,..,349,..,0,0,0,0,0,..,0,0,0,0,0,..,0,0,0,0,0,..,0,0,0,0,0,..,0,0,0,0,0,..,0,0,0,0,0,..,0,0,0,0,0,..,0,0,0,0,0,..,0,0,0,0,0,..,0,0,0,0,0,..,0,0,0,0,0,..,0,0,0,0,0,..,0,0,0,0,0,..,0,0,0,0,0,..,0,0,0,0,0,..,0,0,0,0,0,..,0,0,0,0,0,..,0,0,0,0,0,..,0,0,0
UCL221036,0,0,0,0,..,0,0,0,0,0,..,0,0,0,0,0,..,0,0,0,0,0,..,0,0,0,0,0,..,0,0,0,0,0,..,0,0,0,0,0,..,0,0,0,0,0,..,0,0,0,0,0,..,0,0,0,0,0,..,4,0,4,0,4,..,6,0,6,0,10,..,0,0,0,18,22,366,11,0,11,23,392,351,..,..,..,..,351,..,0,0,0,0,0,..,0,0,0,0,0,..,0,0,0,0,0,..,0,0,0,0,0,..,0,0,0,0,0,..,0,0,0,0,0,..,0,0,0,0,0,..,0,0,0,0,0,..,0,0,0,0,0,..,0,0,0,0,0,..,0,0,0,0,0,..,0,0,0,0,0,..,0,0,0,0,0,..,0,0,0,0,0,..,0,0,0,0,0,..,0,0,0,0,0,..,0,0,0,0,0,..,0,0,0,0,0,..,0,0,0
UCL221037,0,0,0,0,..,0,0,0,0,0,..,0,0,0,0,0,..,0,0,0,0,0,..,0,0,0,0,0,..,0,0,0,0,0,..,0,0,0,0,0,..,0,0,0,0,0,..,0,0,0,0,0,..,0,0,0,0,0,..,3,0,3,0,3,..,12,0,12,0,12,..,0,0,0,14,14,300,12,0,12,14,318,337,..,..,..,..,337,..,0,0,0,0,0,..,0,0,0,0,0,..,0,0,0,0,0,..,0,0,0,0,0,..,0,0,0,0,0,..,0,0,0,0,0,..,0,0,0,0,0,..,0,0,0,0,0,..,0,0,0,0,0,..,0,0,0,0,0,..,0,0,0,0,0,..,0,0,0,0,0,..,0,0,0,0,0,..,0,0,0,0,0,..,0,0,0,0,0,..,0,0,0,0,0,..,0,0,0,0,0,..,0,0,0,0,0,..,0,0,0
UCL221038,0,0,0,0,..,0,0,0,0,0,..,0,0,0,0,0,..,0,0,0,0,0,..,0,0,0,0,0,..,4,0,4,0,4,..,0,0,0,0,0,..,0,0,0,0,0,..,0,0,7,0,7,..,0,0,0,0,0,..,5,0,5,0,5,..,19,0,23,0,23,..,0,0,0,48,48,391,19,0,23,48,460,374,..,..,..,..,374,..,0,0,0,0,0,..,0,0,0,0,0,..,0,0,0,0,0,..,0,0,0,0,0,..,0,0,0,0,0,..,0,0,0,0,0,..,0,0,0,0,0,..,0,0,0,0,0,..,0,0,0,0,0,..,0,0,0,0,0,..,8,0,8,0,8,..,0,0,0,0,0,..,0,0,0,0,0,..,0,0,0,0,0,..,0,0,0,0,0,..,0,0,0,0,0,..,0,0,0,0,0,..,0,0,0,0,0,..,0,0,0
UCL221039,0,0,0,0,..,3,0,3,0,3,..,0,0,0,0,0,..,0,0,0,0,0,..,3,0,3,0,3,..,0,0,0,0,0,..,0,0,0,0,0,..,0,0,0,0,0,..,0,0,0,0,0,..,0,0,0,0,0,..,0,0,0,0,0,..,8,0,10,0,10,..,0,0,0,43,43,329,8,0,10,43,381,328,..,..,..,..,328,..,0,0,0,0,0,..,0,0,0,0,0,..,0,0,0,0,0,..,0,0,0,0,0,..,0,0,0,0,0,..,0,0,0,0,0,..,0,0,0,0,0,..,0,0,0,0,0,..,0,0,0,0,0,..,0,0,0,0,0,..,0,0,0,0,0,..,0,0,0,0,0,..,0,0,0,0,0,..,0,0,0,0,0,..,0,0,0,0,0,..,0,0,0,0,0,..,0,0,0,0,0,..,0,0,0,0,0,..,0,0,0
UCL221040,0,0,0,0,..,0,0,0,0,0,..,0,0,0,0,0,..,0,0,0,0,0,..,0,0,0,0,0,..,0,0,0,0,0,..,0,0,0,0,0,..,0,0,0,0,0,..,0,0,0,0,0,..,0,0,0,0,0,..,0,0,0,0,0,..,4,0,10,0,10,..,0,0,0,9,15,304,7,0,12,9,326,322,..,..,..,..,322,..,0,0,0,0,0,..,0,0,0,0,0,..,0,0,0,0,0,..,0,0,0,0,0,..,0,0,0,0,0,..,0,0,0,0,0,..,0,0,0,0,0,..,0,0,0,0,0,..,0,0,0,0,0,..,0,0,0,0,0,..,0,0,0,0,0,..,0,0,0,0,0,..,0,0,0,0,0,..,0,0,0,0,0,..,0,0,0,0,0,..,0,0,0,0,0,..,0,0,0,0,0,..,0,0,0,0,0,..,0,0,0
UCL221041,0,0,0,0,..,0,0,0,0,0,..,0,0,0,0,0,..,0,0,0,0,0,..,0,0,0,0,0,..,0,0,0,0,0,..,0,0,0,0,0,..,0,0,0,0,0,..,0,0,0,0,0,..,0,0,0,0,0,..,3,0,4,0,4,..,6,0,3,0,3,..,0,0,0,17,17,299,6,0,3,17,323,297,..,..,..,..,297,..,0,0,0,0,0,..,0,0,0,0,0,..,0,0,0,0,0,..,0,0,0,0,0,..,0,0,0,0,0,..,0,0,0,0,0,..,0,0,0,0,0,..,0,0,0,0,0,..,0,0,0,0,0,..,0,0,0,0,0,..,0,0,0,0,0,..,0,0,0,0,0,..,0,0,0,0,0,..,0,0,0,0,0,..,0,0,0,0,0,..,0,0,0,0,0,..,0,0,0,0,0,..,0,0,0,0,0,..,0,0,0
UCL221042,0,0,0,0,..,0,0,0,0,0,..,0,0,0,0,0,..,13,4,21,0,21,..,13,4,21,0,21,..,0,0,0,0,0,..,0,0,0,0,0,..,0,0,0,0,0,..,0,0,0,0,0,..,0,0,0,0,0,..,4,0,4,0,4,..,26,9,35,0,35,..,3,0,3,22,18,237,26,9,37,22,296,222,..,..,..,..,222,..,0,0,0,0,0,..,0,0,0,0,0,..,0,0,0,0,0,..,0,0,0,0,0,..,0,0,3,0,3,..,0,0,0,0,0,..,0,0,3,0,3,..,0,0,0,0,0,..,0,0,0,0,0,..,0,0,0,0,0,..,0,0,0,0,0,..,0,0,0,0,0,..,0,0,0,0,0,..,0,0,0,0,0,..,0,0,0,0,0,..,0,0,0,0,0,..,0,0,0,0,0,..,0,0,0,0,0,..,0,0,0
UCL221043,0,0,0,0,..,0,0,0,0,0,..,5,0,5,0,5,..,0,0,0,0,0,..,5,0,5,0,5,..,0,0,0,0,0,..,0,0,0,0,0,..,0,0,0,0,0,..,0,0,0,0,0,..,3,0,3,0,3,..,6,0,6,0,6,..,25,0,24,0,24,..,0,0,0,44,46,492,20,0,28,44,554,413,..,..,..,..,413,..,0,0,0,0,0,..,0,0,0,0,0,..,0,0,0,0,0,..,0,0,0,0,0,..,0,0,0,0,0,..,0,0,0,0,0,..,0,0,0,0,0,..,0,0,0,0,0,..,0,0,0,0,0,..,5,0,5,0,5,..,0,0,0,0,0,..,0,0,0,0,0,..,0,0,0,0,0,..,0,0,0,0,0,..,0,0,0,0,0,..,0,0,0,0,0,..,0,0,0,0,0,..,0,0,0,0,0,..,0,0,0
UCL221044,0,0,0,0,..,0,0,0,0,0,..,0,0,0,0,0,..,0,0,0,0,0,..,0,0,0,0,0,..,0,0,0,0,0,..,0,0,0,0,0,..,0,0,0,0,0,..,0,0,0,0,0,..,0,0,0,0,0,..,0,0,4,0,4,..,17,0,16,0,16,..,0,0,0,35,35,481,17,0,16,35,535,511,..,..,..,..,511,..,0,0,0,0,0,..,0,0,0,0,0,..,0,0,0,0,0,..,0,0,0,0,0,..,0,0,0,0,0,..,4,0,4,0,4,..,4,0,0,0,0,..,0,0,0,0,0,..,8,0,8,0,8,..,4,0,4,0,4,..,6,0,4,0,4,..,0,0,0,0,0,..,0,0,0,0,0,..,0,0,0,0,0,..,0,0,0,0,0,..,0,0,0,0,0,..,0,0,0,0,0,..,0,0,0,0,0,..,0,0,0
UCL221045,0,0,0,0,..,0,0,0,0,0,..,0,0,0,0,0,..,0,0,0,0,0,..,0,0,0,0,0,..,3,0,5,0,5,..,0,0,0,0,0,..,0,0,0,0,0,..,0,0,0,0,0,..,0,0,0,0,0,..,4,0,4,0,4,..,15,0,19,0,19,..,0,0,0,18,18,342,18,0,21,18,384,327,..,..,..,..,327,..,0,0,0,0,0,..,0,0,0,0,0,..,3,0,3,0,3,..,0,0,0,0,0,..,0,0,0,0,0,..,0,0,0,0,0,..,0,0,0,0,0,..,0,0,0,0,0,..,0,0,0,0,0,..,0,0,0,0,0,..,0,0,0,0,0,..,0,0,0,0,0,..,0,0,0,0,0,..,0,0,0,0,0,..,0,0,0,0,0,..,0,0,0,0,0,..,0,0,0,0,0,..,0,0,0,0,0,..,0,0,0
UCL221046,0,3,0,3,..,0,0,0,0,0,..,0,0,0,0,0,..,0,0,0,0,0,..,3,0,3,0,3,..,0,0,0,0,0,..,0,0,0,0,0,..,0,0,0,0,0,..,0,0,0,0,0,..,0,0,0,0,0,..,7,4,15,0,12,..,24,9,33,0,32,..,0,0,0,28,28,690,24,9,33,26,751,699,..,..,..,..,699,..,0,0,0,0,0,..,0,0,0,0,0,..,4,0,4,0,4,..,0,0,0,0,0,..,0,0,0,0,0,..,0,0,0,0,0,..,0,0,0,0,0,..,0,0,0,0,0,..,0,0,0,0,0,..,0,0,0,0,0,..,0,0,0,0,0,..,0,0,0,0,0,..,0,0,0,0,0,..,0,0,3,0,3,..,0,0,0,0,0,..,0,0,3,0,3,..,0,0,0,0,0,..,0,0,0,0,0,..,0,0,0
UCL221047,0,0,0,0,..,0,0,0,0,0,..,0,0,0,0,0,..,0,0,0,0,0,..,0,0,0,0,0,..,0,0,0,0,0,..,0,0,0,0,0,..,0,0,0,0,0,..,0,0,0,0,0,..,0,0,0,0,0,..,3,0,3,0,3,..,8,0,8,0,8,..,0,0,0,20,20,303,8,0,8,20,329,296,..,..,..,..,296,..,0,0,0,0,0,..,0,0,0,0,0,..,0,0,0,0,0,..,0,0,0,0,0,..,0,0,0,0,0,..,0,0,0,0,0,..,0,0,0,0,0,..,0,0,0,0,0,..,0,0,0,0,0,..,0,0,0,0,0,..,0,0,0,0,0,..,0,0,0,0,0,..,0,0,0,0,0,..,0,0,0,0,0,..,0,0,0,0,0,..,0,0,0,0,0,..,0,0,0,0,0,..,0,0,0,0,0,..,0,0,0
UCL221048,0,0,0,0,..,0,0,0,0,0,..,0,0,0,0,0,..,0,0,0,0,0,..,0,0,0,0,0,..,0,0,0,0,0,..,0,0,0,0,0,..,0,0,0,0,0,..,0,0,0,0,0,..,0,0,0,0,0,..,0,0,0,0,0,..,3,0,3,0,8,..,0,0,0,13,13,221,3,0,3,16,240,256,..,..,..,..,256,..,0,0,0,0,0,..,0,0,0,0,0,..,0,0,0,0,0,..,0,0,0,0,0,..,0,0,0,0,0,..,0,0,0,0,0,..,0,0,0,0,0,..,0,0,0,0,0,..,0,0,0,0,0,..,0,0,0,0,0,..,0,0,0,0,0,..,0,0,0,0,0,..,0,0,0,0,0,..,0,0,0,0,0,..,0,0,0,0,0,..,0,0,0,0,0,..,0,0,0,0,0,..,0,0,0,0,0,..,0,0,0
UCL221049,0,0,0,0,..,0,0,0,0,0,..,0,0,0,0,0,..,0,0,0,0,0,..,0,0,0,0,0,..,0,0,0,0,0,..,0,0,0,0,0,..,0,0,0,0,0,..,0,0,0,0,0,..,0,0,0,0,0,..,0,0,0,0,0,..,6,0,6,0,6,..,0,0,0,5,5,324,6,0,6,5,335,341,..,..,..,..,341,..,0,0,0,0,0,..,0,0,0,0,0,..,0,0,0,0,0,..,0,0,0,0,0,..,0,0,0,0,0,..,0,0,0,0,0,..,0,0,0,0,0,..,0,0,0,0,0,..,0,0,0,0,0,..,5,0,5,0,5,..,0,0,0,0,0,..,0,0,0,0,0,..,0,0,0,0,0,..,0,0,0,0,0,..,0,0,0,0,0,..,0,0,0,0,0,..,0,0,0,0,0,..,0,0,0,0,0,..,0,0,0
UCL221050,0,0,0,0,..,0,0,0,0,0,..,0,0,0,0,0,..,0,0,0,0,0,..,3,0,3,0,3,..,0,0,0,0,0,..,0,0,0,0,0,..,0,0,0,0,0,..,0,0,0,0,0,..,0,0,0,0,0,..,4,0,4,0,4,..,13,0,10,0,10,..,0,0,0,26,28,368,11,0,17,26,410,332,..,..,..,..,332,..,0,0,0,0,0,..,0,0,0,0,0,..,0,0,0,0,0,..,0,0,0,0,0,..,0,0,0,0,0,..,0,0,0,0,0,..,0,0,0,0,0,..,0,0,0,0,0,..,0,0,0,0,0,..,0,0,0,0,0,..,0,0,0,0,0,..,0,0,0,0,0,..,0,0,0,0,0,..,0,0,0,0,0,..,0,0,0,0,0,..,0,0,0,0,0,..,0,0,0,0,0,..,0,0,0,0,0,..,0,0,0
UCL221051,0,0,0,0,..,0,0,0,0,0,..,0,0,0,0,0,..,0,0,0,0,0,..,0,0,0,0,0,..,0,0,0,0,0,..,0,0,0,0,0,..,0,0,0,0,0,..,0,0,0,0,0,..,0,0,0,0,0,..,0,0,0,0,0,..,9,0,9,0,9,..,0,0,0,24,24,371,9,0,9,24,401,351,..,..,..,..,351,..,0,0,0,0,0,..,0,0,0,0,0,..,0,0,0,0,0,..,0,0,0,0,0,..,0,0,0,0,0,..,0,0,0,0,0,..,0,0,0,0,0,..,0,0,0,0,0,..,0,0,0,0,0,..,0,0,0,0,0,..,0,0,0,0,0,..,0,0,0,0,0,..,0,0,0,0,0,..,0,0,0,0,0,..,0,0,0,0,0,..,5,0,5,0,5,..,0,0,0,0,0,..,0,0,0,0,0,..,0,0,0
UCL221052,0,0,0,0,..,0,0,0,0,0,..,0,0,0,0,0,..,0,0,0,0,0,..,0,0,0,0,0,..,0,0,0,0,0,..,0,0,0,0,0,..,0,0,0,0,0,..,0,0,0,0,0,..,0,0,0,0,0,..,6,0,3,0,3,..,11,0,11,0,11,..,0,0,0,16,16,234,11,0,11,16,261,243,..,..,..,..,243,..,0,0,0,0,0,..,0,0,0,0,0,..,0,0,0,0,0,..,0,0,0,0,0,..,0,0,0,0,0,..,0,0,0,0,0,..,0,0,0,0,0,..,0,0,0,0,0,..,0,0,0,0,0,..,0,0,0,0,0,..,0,0,0,0,0,..,0,0,0,0,0,..,0,0,0,0,0,..,0,0,0,0,0,..,0,0,0,0,0,..,0,0,0,0,0,..,0,0,0,0,0,..,0,0,0,0,0,..,0,0,0
UCL221053,0,0,0,0,..,0,0,0,0,0,..,0,0,0,0,0,..,0,0,0,0,0,..,0,0,0,0,0,..,0,0,0,0,0,..,0,0,0,0,0,..,0,0,0,0,0,..,0,0,0,0,0,..,0,0,0,0,0,..,0,0,0,0,0,..,3,0,3,0,3,..,0,0,0,18,14,351,8,0,8,18,367,351,..,..,..,..,351,..,0,0,0,0,0,..,0,0,0,0,0,..,0,0,0,0,0,..,0,0,0,0,0,..,3,0,3,0,3,..,0,0,0,0,0,..,3,0,3,0,3,..,0,0,0,0,0,..,0,0,0,0,0,..,6,0,6,0,6,..,0,0,0,0,0,..,0,0,0,0,0,..,0,0,0,0,0,..,0,0,0,0,0,..,0,0,0,0,0,..,0,0,0,0,0,..,0,0,0,0,0,..,0,0,0,0,0,..,0,0,0
UCL221054,0,0,0,0,..,0,0,0,0,0,..,0,0,0,0,0,..,0,0,0,0,0,..,0,0,0,0,0,..,0,0,0,0,0,..,0,0,0,0,0,..,0,0,0,0,0,..,0,0,0,0,0,..,0,0,0,0,0,..,0,0,5,0,5,..,6,0,6,0,7,..,0,0,0,18,18,311,6,0,6,21,338,289,..,..,..,..,289,..,0,0,0,0,0,..,0,0,0,0,0,..,0,0,0,0,0,..,0,0,0,0,0,..,0,0,0,0,0,..,0,0,0,0,0,..,0,0,0,0,0,..,0,0,0,0,0,..,0,0,0,0,0,..,0,0,0,0,0,..,5,0,5,0,5,..,0,0,0,0,0,..,0,0,0,0,0,..,0,0,0,0,0,..,0,0,0,0,0,..,0,0,0,0,0,..,0,0,0,0,0,..,0,0,0,0,0,..,0,0,0
UCL221055,0,0,0,0,..,0,0,0,0,0,..,0,0,0,0,0,..,0,0,0,0,0,..,0,0,0,0,0,..,0,0,0,0,0,..,0,0,0,0,0,..,0,0,0,0,0,..,0,0,0,0,0,..,0,0,0,0,0,..,3,0,3,0,3,..,3,0,6,0,6,..,0,0,0,16,16,301,3,0,6,16,320,317,..,..,..,..,317,..,0,0,0,0,0,..,0,0,0,0,0,..,0,0,0,0,0,..,0,0,0,0,0,..,0,0,0,0,0,..,0,0,0,0,0,..,0,0,0,0,0,..,0,0,0,0,0,..,0,0,0,0,0,..,0,0,0,0,0,..,0,0,0,0,0,..,0,0,0,0,0,..,0,0,0,0,0,..,0,0,0,0,0,..,0,0,0,0,0,..,0,0,0,0,0,..,0,0,0,0,0,..,0,0,0,0,0,..,0,0,0
UCL221056,0,0,0,0,..,0,0,0,0,0,..,0,0,0,0,0,..,0,0,0,0,0,..,0,0,0,0,0,..,0,0,0,0,0,..,0,0,0,0,0,..,0,0,0,0,0,..,0,0,0,0,0,..,0,0,0,0,0,..,0,0,0,0,0,..,5,11,13,0,13,..,0,0,0,38,38,233,5,11,13,38,283,201,..,..,..,..,201,..,3,0,3,0,3,..,0,0,0,0,0,..,0,0,0,0,0,..,0,0,0,0,0,..,0,3,3,0,3,..,0,0,0,0,0,..,0,3,6,0,6,..,0,0,0,0,0,..,0,0,0,0,0,..,0,0,0,0,0,..,0,0,0,0,0,..,0,0,0,0,0,..,0,0,0,0,0,..,0,0,0,0,0,..,0,0,0,0,0,..,0,0,0,0,0,..,0,0,0,0,0,..,0,0,0,0,0,..,0,0,0
UCL221057,0,0,0,0,..,0,0,0,0,0,..,0,0,0,0,0,..,0,0,0,0,0,..,0,0,0,0,0,..,0,0,0,0,0,..,0,0,0,0,0,..,0,0,0,0,0,..,0,0,0,0,0,..,0,0,0,0,0,..,0,0,0,0,0,..,4,0,5,0,5,..,0,0,0,29,24,363,7,0,4,29,394,354,..,..,..,..,354,..,0,0,0,0,0,..,0,0,0,0,0,..,0,0,0,0,0,..,0,0,0,0,0,..,0,0,0,0,0,..,0,0,0,0,0,..,0,0,0,0,0,..,0,0,0,0,0,..,0,0,0,0,0,..,0,0,0,0,0,..,0,0,0,0,0,..,0,0,0,0,0,..,0,0,0,0,0,..,0,0,0,0,0,..,0,0,0,0,0,..,0,0,0,0,0,..,0,0,0,0,0,..,0,0,0,0,0,..,0,0,0
UCL221058,0,0,0,0,..,0,0,0,0,0,..,0,0,0,0,0,..,0,0,0,0,0,..,0,0,0,0,0,..,0,0,0,0,0,..,0,0,0,0,0,..,0,0,0,0,0,..,0,0,0,0,0,..,0,0,0,0,0,..,0,0,0,0,0,..,7,0,7,0,4,..,0,0,0,14,16,218,3,0,3,12,238,242,..,..,..,..,242,..,0,0,0,0,0,..,0,0,0,0,0,..,0,0,0,0,0,..,0,0,0,0,0,..,0,0,0,0,0,..,0,0,0,0,0,..,0,0,0,0,0,..,0,0,0,0,0,..,0,0,0,0,0,..,0,0,0,0,0,..,0,0,0,0,0,..,0,0,0,0,0,..,6,0,6,0,6,..,0,0,0,0,0,..,0,0,0,0,0,..,0,0,0,0,0,..,0,0,0,0,0,..,0,0,0,0,0,..,0,0,0
UCL221059,0,0,0,0,..,0,0,0,0,0,..,0,0,0,0,0,..,0,0,0,0,0,..,0,0,0,0,0,..,0,0,0,0,0,..,0,0,0,0,0,..,0,0,0,0,0,..,0,0,0,0,0,..,0,0,0,0,0,..,0,0,0,0,0,..,3,0,3,0,3,..,0,0,0,24,25,334,10,0,10,24,362,389,..,..,..,..,389,..,0,0,0,0,0,..,0,0,0,0,0,..,0,0,0,0,0,..,0,0,0,0,0,..,0,0,0,0,0,..,0,0,0,0,0,..,0,0,0,0,0,..,0,0,0,0,0,..,0,0,0,0,0,..,0,0,0,0,0,..,0,0,0,0,0,..,0,0,0,0,0,..,0,0,0,0,0,..,0,0,0,0,0,..,0,0,0,0,0,..,0,0,0,0,0,..,0,0,0,0,0,..,0,0,0,0,0,..,0,0,0
UCL221060,0,0,0,0,..,0,0,0,0,0,..,0,0,0,0,0,..,0,0,0,0,0,..,0,0,0,0,0,..,3,0,3,0,3,..,0,0,0,0,0,..,0,0,0,0,0,..,0,0,0,0,0,..,0,0,0,0,0,..,0,0,0,0,0,..,13,0,6,0,6,..,0,0,0,15,15,270,13,0,6,15,283,281,..,..,..,..,281,..,0,0,0,0,0,..,0,0,0,0,0,..,0,0,0,0,0,..,0,0,0,0,0,..,0,0,0,0,0,..,0,0,0,0,0,..,0,0,0,0,0,..,0,0,0,0,0,..,0,0,0,0,0,..,0,0,0,0,0,..,0,0,0,0,0,..,0,0,0,0,0,..,0,0,0,0,0,..,0,0,0,0,0,..,0,0,0,0,0,..,0,0,0,0,0,..,0,0,0,0,0,..,0,0,0,0,0,..,0,0,0
UCL221061,0,0,0,0,..,0,0,0,0,0,..,0,0,0,0,0,..,0,0,0,0,0,..,0,0,0,0,0,..,0,0,0,0,0,..,0,0,0,0,0,..,0,0,0,0,0,..,0,0,0,0,0,..,0,0,0,0,0,..,0,0,0,0,0,..,8,0,8,0,8,..,0,0,0,24,27,337,7,0,7,24,369,323,..,..,..,..,323,..,0,0,0,0,0,..,0,0,0,0,0,..,0,0,0,0,0,..,0,0,0,0,0,..,0,0,0,0,0,..,0,0,0,0,0,..,0,0,0,0,0,..,0,0,0,0,0,..,0,0,0,0,0,..,0,0,0,0,0,..,0,0,0,0,0,..,0,0,0,0,0,..,0,0,0,0,0,..,0,0,0,0,0,..,0,0,0,0,0,..,0,0,0,0,0,..,0,0,0,0,0,..,0,0,0,0,0,..,0,0,0
UCL221062,0,0,0,0,..,0,0,0,0,0,..,0,0,0,0,0,..,0,0,0,0,0,..,0,0,0,0,0,..,0,0,0,0,0,..,0,0,0,0,0,..,0,8,5,0,5,..,0,0,0,0,0,..,0,0,0,0,0,..,0,5,3,0,3,..,12,13,23,0,23,..,0,0,0,43,47,413,9,13,25,43,483,421,..,..,..,..,421,..,0,0,0,0,0,..,0,0,0,0,0,..,0,0,0,0,0,..,0,0,0,0,0,..,0,0,0,0,0,..,0,0,0,0,0,..,0,0,0,0,0,..,0,0,0,0,0,..,0,0,0,0,0,..,0,0,0,0,0,..,0,0,0,0,0,..,0,0,0,0,0,..,0,0,0,0,0,..,0,0,0,0,0,..,0,0,0,0,0,..,6,0,0,0,0,..,0,0,0,0,0,..,0,0,0,0,0,..,0,0,0
UCL221063,0,0,0,0,..,0,0,0,0,0,..,0,0,0,0,0,..,0,0,0,0,0,..,0,0,0,0,0,..,0,0,0,0,0,..,0,0,0,0,0,..,0,0,0,0,0,..,0,0,0,0,0,..,0,0,0,0,0,..,0,0,0,0,0,..,6,0,9,0,9,..,0,0,0,15,17,265,7,0,10,15,294,248,..,..,..,..,248,..,0,0,0,0,0,..,0,0,0,0,0,..,0,0,0,0,0,..,0,0,0,0,0,..,0,0,0,0,0,..,0,0,0,0,0,..,0,0,0,0,0,..,0,0,0,0,0,..,0,0,0,0,0,..,0,0,0,0,0,..,0,0,0,0,0,..,0,0,0,0,0,..,0,0,0,0,0,..,0,0,0,0,0,..,0,0,0,0,0,..,0,0,0,0,0,..,0,0,0,0,0,..,0,0,0,0,0,..,0,0,0
UCL221064,0,0,0,0,..,0,0,0,0,0,..,0,0,0,0,0,..,0,0,0,0,0,..,0,0,0,0,0,..,0,0,0,0,0,..,0,0,0,0,0,..,0,0,0,0,0,..,0,0,0,0,0,..,0,0,0,0,0,..,0,0,0,0,0,..,4,0,4,0,4,..,0,0,0,21,21,314,8,0,8,21,339,325,..,..,..,..,325,..,0,0,0,0,0,..,0,0,0,0,0,..,0,0,0,0,0,..,0,0,0,0,0,..,0,0,0,0,0,..,0,0,0,0,0,..,0,0,0,0,0,..,0,0,0,0,0,..,0,0,0,0,0,..,0,0,0,0,0,..,0,0,0,0,0,..,0,0,0,0,0,..,0,0,0,0,0,..,0,0,0,0,0,..,0,0,0,0,0,..,0,0,0,0,0,..,0,0,0,0,0,..,0,0,0,0,0,..,0,0,0
UCL221065,0,0,0,0,..,0,0,0,0,0,..,0,0,0,0,0,..,0,0,0,0,0,..,0,0,0,0,0,..,0,0,0,0,0,..,0,0,0,0,0,..,0,0,0,0,0,..,0,0,0,0,0,..,0,0,0,0,0,..,0,0,0,0,0,..,3,0,3,0,3,..,0,0,0,11,11,243,3,0,3,11,259,239,..,..,..,..,239,..,0,0,0,0,0,..,0,0,0,0,0,..,0,0,0,0,0,..,0,0,0,0,0,..,0,0,0,0,0,..,0,0,0,0,0,..,0,0,0,0,0,..,0,0,0,0,0,..,0,0,0,0,0,..,0,0,0,0,0,..,0,0,0,0,0,..,0,0,0,0,0,..,0,0,0,0,0,..,0,0,0,0,0,..,0,0,0,0,0,..,0,0,0,0,0,..,0,0,0,0,0,..,0,0,0,0,0,..,0,0,0
UCL221066,0,0,0,0,..,0,0,0,0,0,..,0,0,0,0,0,..,0,0,0,0,0,..,0,0,0,0,0,..,0,0,0,0,0,..,0,0,0,0,0,..,0,0,0,0,0,..,0,0,0,0,0,..,0,0,0,0,0,..,0,0,4,0,4,..,9,0,8,0,8,..,0,0,0,29,29,354,9,0,8,29,393,312,..,..,..,..,312,..,0,0,0,0,0,..,0,0,0,0,0,..,0,0,0,0,0,..,0,0,0,0,0,..,0,0,0,0,0,..,0,0,0,0,0,..,0,0,0,0,0,..,0,0,0,0,0,..,0,0,0,0,0,..,0,0,0,0,0,..,0,0,0,0,0,..,0,0,0,0,0,..,0,0,0,0,0,..,0,0,0,0,0,..,0,0,0,0,0,..,0,0,0,0,0,..,0,0,0,0,0,..,0,0,0,0,0,..,0,0,0
UCL221067,0,5,0,5,..,0,0,0,0,0,..,0,0,0,0,0,..,0,0,0,0,0,..,5,0,5,0,5,..,0,0,0,0,0,..,0,0,0,0,0,..,0,0,0,0,0,..,0,0,0,0,0,..,0,0,0,0,0,..,0,3,6,0,6,..,7,3,10,0,10,..,0,0,0,14,16,284,9,3,12,14,306,245,..,..,..,..,245,..,0,0,0,0,0,..,0,0,0,0,0,..,0,0,0,0,0,..,0,0,0,0,0,..,0,0,0,0,0,..,0,0,0,0,0,..,0,0,0,0,0,..,0,0,0,0,0,..,0,0,0,0,0,..,0,0,0,0,0,..,0,0,0,0,0,..,0,0,0,0,0,..,0,0,0,0,0,..,0,0,0,0,0,..,0,0,0,0,0,..,0,0,0,0,0,..,0,0,0,0,0,..,0,0,0,0,0,..,0,0,0
UCL221068,0,0,0,0,..,0,0,0,0,0,..,0,0,0,0,0,..,0,0,0,0,0,..,6,0,6,0,6,..,0,0,0,0,0,..,0,0,0,0,0,..,0,0,0,0,0,..,0,0,0,0,0,..,0,0,0,0,0,..,0,0,0,0,0,..,5,0,8,0,8,..,0,0,0,13,13,240,6,0,8,13,260,246,..,..,..,..,246,..,0,0,0,0,0,..,0,0,0,0,0,..,0,0,0,0,0,..,0,0,0,0,0,..,0,0,0,0,0,..,0,0,0,0,0,..,0,0,0,0,0,..,0,0,0,0,0,..,0,0,0,0,0,..,0,0,0,0,0,..,5,0,5,0,5,..,0,0,0,0,0,..,0,0,0,0,0,..,0,0,0,0,0,..,0,0,0,0,0,..,0,0,0,0,0,..,0,0,0,0,0,..,0,0,0,0,0,..,0,0,0
UCL221069,0,0,0,0,..,0,0,0,0,0,..,0,0,0,0,0,..,0,0,0,0,0,..,0,0,0,0,0,..,3,0,3,0,3,..,0,0,0,0,0,..,0,0,0,0,0,..,0,0,0,0,0,..,0,0,5,0,5,..,7,0,9,0,9,..,16,5,16,0,19,..,9,0,4,36,40,448,20,5,26,37,513,400,..,..,..,..,400,..,0,0,0,0,0,..,0,0,0,0,0,..,0,0,0,0,0,..,0,0,0,0,0,..,4,0,4,0,4,..,0,0,0,0,0,..,9,0,9,0,9,..,0,0,0,0,0,..,0,0,0,0,0,..,0,0,0,0,0,..,0,0,5,0,5,..,0,0,0,0,0,..,0,0,0,0,0,..,0,0,0,0,0,..,0,0,0,0,0,..,0,0,0,0,0,..,0,0,0,0,4,..,0,0,0,0,0,..,0,0,0
UCL221070,0,0,0,0,..,0,0,0,0,0,..,0,0,0,0,0,..,3,0,0,0,0,..,3,0,0,0,0,..,0,0,0,0,0,..,0,0,0,0,0,..,0,0,0,0,0,..,0,0,0,0,0,..,0,0,0,0,0,..,3,0,6,0,6,..,22,6,17,0,21,..,0,0,0,30,30,446,22,6,17,28,500,458,..,..,..,..,458,..,0,0,0,0,0,..,0,0,0,0,0,..,0,0,0,0,0,..,0,0,0,0,0,..,0,0,0,0,0,..,0,0,0,0,0,..,0,0,0,0,0,..,0,0,0,0,0,..,0,0,0,0,0,..,0,0,0,0,0,..,0,0,0,0,0,..,0,0,0,0,0,..,0,0,0,0,0,..,0,0,0,0,0,..,0,0,0,0,0,..,0,0,0,0,0,..,0,0,0,0,0,..,0,0,0,0,0,..,0,0,0
UCL221071,0,0,0,0,..,0,0,0,0,0,..,0,0,0,0,0,..,0,0,0,0,0,..,0,0,0,0,0,..,0,0,0,0,0,..,0,0,0,0,0,..,0,0,0,0,0,..,0,0,0,0,0,..,0,0,0,0,0,..,3,0,3,0,3,..,11,0,11,0,11,..,0,0,0,29,29,375,11,0,11,29,416,373,..,..,..,..,373,..,0,0,0,0,0,..,0,0,0,0,0,..,0,0,0,0,0,..,0,0,0,0,0,..,0,0,0,0,0,..,0,0,0,0,0,..,0,0,0,0,0,..,0,0,0,0,0,..,0,0,0,0,0,..,0,0,0,0,0,..,0,0,0,0,0,..,0,0,0,0,0,..,0,0,0,0,0,..,0,0,0,0,0,..,0,0,0,0,0,..,0,0,0,0,0,..,0,0,0,0,0,..,0,0,0,0,0,..,0,0,0
UCL221072,0,0,0,0,..,0,0,0,0,0,..,0,0,0,0,0,..,0,0,0,0,0,..,0,0,0,0,0,..,0,0,0,0,0,..,0,0,0,0,0,..,0,0,0,0,0,..,0,0,0,0,0,..,0,0,0,0,0,..,0,0,0,0,0,..,0,0,0,0,0,..,0,0,0,19,25,230,0,0,0,19,254,230,..,..,..,..,230,..,0,0,0,0,0,..,0,0,0,0,0,..,0,0,0,0,0,..,0,0,0,0,0,..,0,0,0,0,0,..,0,0,0,0,0,..,0,0,0,0,0,..,0,0,0,0,0,..,0,0,0,0,0,..,0,0,0,0,0,..,0,0,0,0,0,..,0,0,0,0,0,..,0,0,0,0,0,..,0,0,0,0,0,..,0,0,0,0,0,..,0,0,0,0,0,..,0,0,0,0,0,..,0,0,0,0,0,..,0,0,0
UCL221073,0,0,0,0,..,0,0,0,0,0,..,0,0,0,0,0,..,0,0,0,0,0,..,0,0,0,0,0,..,0,0,0,0,0,..,0,0,0,0,0,..,0,0,0,0,0,..,0,0,0,0,0,..,0,0,0,0,0,..,4,0,4,0,4,..,0,0,0,0,0,..,0,0,0,5,7,236,5,0,5,5,248,249,..,..,..,..,249,..,0,0,0,0,0,..,0,0,0,0,0,..,0,0,0,0,0,..,0,0,0,0,0,..,0,0,0,0,0,..,0,0,0,0,0,..,0,0,0,0,0,..,0,0,0,0,0,..,0,0,0,0,0,..,0,0,0,0,0,..,0,0,0,0,0,..,0,0,0,0,0,..,0,0,0,0,0,..,0,0,0,0,0,..,0,0,0,0,0,..,0,0,0,0,0,..,0,0,0,0,0,..,0,0,0,0,0,..,0,0,0
UCL221074,0,0,0,0,..,0,0,0,0,0,..,0,0,0,0,0,..,0,0,0,0,0,..,0,0,0,0,0,..,0,0,0,0,0,..,0,0,0,0,0,..,0,0,0,0,0,..,0,0,0,0,0,..,0,0,0,0,0,..,3,0,5,0,3,..,6,0,10,0,13,..,5,0,5,28,30,361,14,0,14,29,406,385,..,..,..,..,385,..,0,0,0,0,0,..,0,0,0,0,0,..,0,0,0,0,0,..,0,0,0,0,0,..,0,0,0,0,0,..,0,0,0,0,0,..,0,0,0,0,0,..,0,0,0,0,0,..,4,0,4,0,4,..,7,0,7,0,7,..,0,0,0,0,0,..,0,0,0,0,0,..,0,0,0,0,0,..,0,0,0,0,0,..,0,0,0,0,0,..,0,0,0,0,0,..,0,0,0,0,0,..,0,0,0,0,0,..,0,0,0
UCL221075,0,0,0,0,..,0,0,0,0,0,..,0,0,0,0,0,..,0,0,0,0,0,..,0,0,0,0,0,..,0,0,0,0,0,..,0,0,0,0,0,..,0,0,0,0,0,..,0,0,0,0,0,..,0,0,0,0,0,..,3,0,3,0,3,..,18,0,19,0,19,..,0,0,0,22,26,358,22,0,19,22,404,384,..,..,..,..,384,..,0,0,0,0,0,..,0,0,0,0,0,..,0,0,0,0,0,..,0,0,0,0,0,..,0,0,0,0,0,..,0,0,0,0,0,..,0,0,0,0,0,..,0,0,0,0,0,..,0,0,0,0,0,..,0,0,0,0,0,..,3,0,3,0,3,..,0,0,0,0,0,..,0,0,0,0,0,..,0,0,0,0,0,..,0,0,0,0,0,..,0,0,0,0,0,..,0,0,0,0,0,..,0,0,0,0,0,..,0,0,0
UCL221076,0,0,0,0,..,0,0,0,0,0,..,0,0,0,0,0,..,0,0,0,0,0,..,0,0,0,0,0,..,0,0,0,0,5,..,0,0,0,0,0,..,0,0,0,0,0,..,0,0,0,0,0,..,0,0,0,0,0,..,7,0,7,0,7,..,22,0,27,0,25,..,0,0,0,31,31,412,22,0,27,35,479,365,..,..,..,..,365,..,0,0,0,0,0,..,0,0,0,0,0,..,0,0,0,0,0,..,0,0,0,0,0,..,3,0,3,0,3,..,0,0,0,0,0,..,0,0,0,0,0,..,0,0,0,0,0,..,0,0,0,0,0,..,3,0,3,0,3,..,5,0,4,0,4,..,0,0,0,0,0,..,0,0,0,0,0,..,0,0,0,0,0,..,0,0,0,0,0,..,0,0,0,0,0,..,0,0,0,0,0,..,0,0,0,0,0,..,0,0,0
UCL221077,0,0,0,0,..,0,0,0,0,0,..,0,0,0,0,0,..,0,0,0,0,0,..,0,0,0,0,0,..,0,0,0,0,0,..,0,0,0,0,0,..,0,0,0,0,0,..,0,0,0,0,0,..,0,0,0,0,0,..,3,4,3,0,3,..,11,4,16,0,16,..,6,0,3,32,34,287,17,5,25,32,345,324,..,..,..,..,324,..,0,0,0,0,0,..,0,0,0,0,0,..,0,0,0,0,0,..,0,0,0,0,3,..,4,0,4,0,4,..,0,0,0,0,0,..,4,0,4,0,3,..,0,0,0,0,0,..,0,0,0,0,0,..,0,0,0,0,0,..,0,0,0,0,0,..,0,0,0,0,0,..,0,0,0,0,0,..,0,0,0,0,0,..,0,0,0,0,0,..,0,0,0,0,0,..,0,0,0,0,0,..,0,0,0,0,0,..,0,0,0
UCL221078,0,0,0,0,..,0,0,0,0,0,..,0,0,0,0,0,..,0,0,0,0,0,..,0,0,0,0,0,..,0,0,0,0,0,..,0,0,0,0,0,..,0,0,0,0,0,..,0,0,0,0,0,..,0,0,0,0,0,..,7,0,7,0,7,..,3,0,3,0,3,..,0,0,0,12,12,273,3,0,3,12,292,237,..,..,..,..,237,..,0,0,0,0,0,..,0,0,0,0,0,..,0,0,0,0,0,..,0,0,0,0,0,..,0,0,0,0,0,..,0,0,0,0,0,..,0,0,0,0,0,..,0,0,0,0,0,..,0,0,0,0,0,..,0,0,0,0,0,..,0,0,0,0,0,..,0,0,0,0,0,..,0,0,0,0,0,..,0,0,0,0,0,..,0,0,0,0,0,..,0,0,0,0,0,..,0,0,0,0,0,..,0,0,0,0,0,..,0,0,0
UCL221079,0,0,0,0,..,0,0,0,0,0,..,0,0,0,0,0,..,0,0,0,0,0,..,0,0,0,0,0,..,0,0,0,0,0,..,0,0,0,0,0,..,0,0,0,0,0,..,0,0,0,0,0,..,0,0,0,0,0,..,0,0,0,0,0,..,6,0,6,0,6,..,5,0,5,29,38,275,10,0,10,29,313,289,..,..,..,..,289,..,0,0,0,0,0,..,0,0,0,0,0,..,0,0,0,0,0,..,0,0,0,0,0,..,0,0,0,0,0,..,0,0,0,0,0,..,0,0,0,0,0,..,0,0,0,0,0,..,0,0,0,0,0,..,0,0,0,0,0,..,0,0,0,0,0,..,0,0,0,0,0,..,0,0,0,0,0,..,0,0,0,0,0,..,0,0,0,0,0,..,0,0,0,0,0,..,0,0,0,0,0,..,0,0,0,0,0,..,0,0,0
UCL221080,0,0,0,0,..,0,0,0,0,0,..,0,0,0,0,0,..,0,0,0,0,0,..,0,0,0,0,0,..,0,0,0,0,0,..,0,0,0,0,0,..,0,0,0,0,0,..,0,0,0,0,0,..,0,0,0,0,0,..,5,0,5,0,5,..,20,0,15,4,21,..,0,0,0,11,10,254,19,0,21,14,288,248,..,..,..,..,248,..,0,0,0,0,0,..,0,0,0,0,0,..,0,0,0,0,0,..,0,0,0,0,0,..,0,0,0,0,0,..,0,0,0,0,0,..,0,0,0,0,0,..,0,0,0,0,0,..,0,0,0,0,0,..,0,0,0,0,0,..,6,0,6,0,6,..,0,0,0,0,0,..,0,0,0,0,0,..,0,0,0,0,0,..,0,0,0,0,0,..,0,0,3,0,3,..,0,0,0,0,0,..,0,0,0,0,0,..,0,0,0
UCL221081,0,0,0,0,..,0,0,0,0,0,..,0,0,0,0,0,..,8,0,8,0,8,..,9,0,9,0,9,..,0,0,0,0,0,..,0,0,0,0,0,..,0,0,0,0,0,..,0,0,0,0,0,..,0,0,0,0,0,..,3,0,3,0,3,..,9,0,9,0,9,..,0,0,0,24,24,248,9,0,9,24,280,238,..,..,..,..,238,..,0,0,0,0,0,..,0,0,0,0,0,..,0,0,0,0,0,..,0,0,0,0,0,..,5,0,5,0,5,..,0,0,0,0,0,..,5,0,5,0,5,..,0,0,0,0,0,..,0,0,0,0,0,..,0,0,0,0,0,..,0,0,0,0,0,..,0,0,0,0,0,..,0,0,0,0,0,..,0,0,0,0,0,..,0,0,0,0,0,..,0,0,0,0,0,..,0,0,0,0,0,..,0,0,0,0,0,..,0,0,0
UCL221082,0,0,0,0,..,0,0,0,0,0,..,0,0,0,0,0,..,0,0,0,0,0,..,5,0,5,0,5,..,3,0,3,0,3,..,0,0,0,0,0,..,0,0,0,0,0,..,0,0,0,0,0,..,0,6,3,0,3,..,22,0,24,0,24,..,101,5,113,0,113,..,3,0,3,42,52,296,106,5,116,42,454,306,..,..,..,..,306,..,0,0,0,0,0,..,0,0,0,0,0,..,0,0,0,0,0,..,0,0,0,0,0,..,3,3,7,0,7,..,0,0,0,0,0,..,10,0,15,0,15,..,0,0,0,0,0,..,0,0,0,0,0,..,0,0,0,0,0,..,0,0,0,0,0,..,0,0,0,0,0,..,0,0,0,0,0,..,16,0,16,0,16,..,3,0,0,0,0,..,3,0,3,0,3,..,6,0,6,0,6,..,5,0,5,0,5,..,6,0,6
UCL221083,0,0,0,0,..,0,0,0,0,0,..,0,0,0,0,0,..,0,0,0,0,0,..,0,0,0,0,0,..,0,0,0,0,0,..,0,0,0,0,0,..,0,0,0,0,0,..,0,0,0,0,0,..,0,0,0,0,0,..,5,0,5,0,5,..,8,0,7,0,7,..,0,0,0,24,24,488,8,0,7,24,523,555,..,..,..,..,555,..,0,0,0,0,0,..,0,0,0,0,0,..,0,0,0,0,0,..,0,0,0,0,0,..,0,0,0,0,0,..,0,0,0,0,0,..,0,0,0,0,0,..,0,0,0,0,0,..,0,0,0,0,0,..,0,0,0,0,0,..,0,0,0,0,0,..,0,0,0,0,0,..,0,0,0,0,0,..,0,0,0,0,0,..,0,0,0,0,0,..,0,0,0,0,0,..,0,0,0,0,0,..,0,0,0,0,0,..,0,0,0
UCL221084,0,0,0,0,..,0,0,0,0,0,..,0,0,0,0,0,..,0,0,0,0,0,..,0,0,0,0,0,..,0,0,0,0,0,..,0,0,0,0,0,..,0,0,0,0,0,..,0,0,0,0,0,..,0,0,0,0,0,..,7,0,7,0,7,..,10,0,10,0,10,..,0,0,0,21,21,383,10,0,10,21,411,386,..,..,..,..,386,..,0,0,0,0,0,..,0,0,0,0,0,..,0,0,0,0,0,..,0,0,0,0,0,..,0,0,0,0,0,..,0,0,0,0,0,..,0,0,0,0,0,..,0,0,0,0,0,..,0,0,0,0,0,..,0,0,0,0,0,..,0,0,0,0,0,..,0,0,0,0,0,..,0,0,0,0,0,..,0,0,0,0,0,..,0,0,0,0,0,..,0,0,0,0,0,..,0,0,0,0,0,..,0,0,0,0,0,..,0,0,0
UCL222001,0,0,0,0,..,0,0,0,0,0,..,0,0,0,0,0,..,0,0,0,0,0,..,0,0,0,0,0,..,0,0,0,0,0,..,0,0,0,0,0,..,0,0,0,0,0,..,0,0,0,0,0,..,0,0,0,0,0,..,0,0,0,0,0,..,4,0,4,0,4,..,0,0,0,0,0,131,4,0,4,0,138,125,..,..,..,..,125,..,0,0,0,0,0,..,0,0,0,0,0,..,0,0,0,0,0,..,0,0,0,0,0,..,0,0,0,0,0,..,0,0,0,0,0,..,0,0,0,0,0,..,0,0,0,0,0,..,0,0,0,0,0,..,0,0,0,0,0,..,0,0,0,0,0,..,0,0,0,0,0,..,0,0,0,0,0,..,0,0,0,0,0,..,0,0,0,0,0,..,0,0,0,0,0,..,0,0,0,0,0,..,0,0,0,0,0,..,0,0,0
UCL222002,0,0,0,0,..,0,0,0,0,0,..,0,0,0,0,0,..,0,0,0,0,0,..,0,0,0,0,0,..,0,0,0,0,0,..,0,0,0,0,0,..,0,0,0,0,0,..,0,0,0,0,0,..,0,0,0,0,0,..,5,0,5,0,5,..,4,0,8,0,8,..,0,0,0,3,3,195,4,0,8,3,211,185,..,..,..,..,185,..,0,0,0,0,0,..,0,0,0,0,0,..,0,0,0,0,0,..,0,0,0,0,0,..,0,0,0,0,0,..,0,0,0,0,0,..,0,0,0,0,0,..,0,0,0,0,0,..,0,0,0,0,0,..,0,0,0,0,0,..,0,0,4,0,4,..,0,0,0,0,0,..,0,0,0,0,0,..,0,0,0,0,0,..,0,0,0,0,0,..,0,0,0,0,0,..,0,0,0,0,0,..,0,0,0,0,0,..,0,0,0
UCL222003,0,0,0,0,..,0,0,0,0,0,..,0,0,0,0,0,..,0,0,0,0,0,..,0,0,0,0,0,..,0,0,0,0,0,..,0,0,0,0,0,..,0,0,0,0,0,..,0,0,0,0,0,..,0,0,0,0,0,..,0,0,0,0,0,..,0,0,0,0,0,..,0,0,0,12,12,172,0,0,0,12,188,148,..,..,..,..,148,..,0,0,0,0,0,..,0,0,0,0,0,..,0,0,0,0,0,..,0,0,0,0,0,..,0,0,0,0,0,..,0,0,0,0,0,..,0,0,0,0,0,..,0,0,0,0,0,..,0,0,0,0,0,..,0,0,0,0,0,..,0,0,0,0,0,..,0,0,0,0,0,..,0,0,0,0,0,..,0,0,0,0,0,..,0,0,0,0,0,..,0,0,0,0,0,..,0,0,0,0,0,..,0,0,0,0,0,..,0,0,0
UCL222004,0,0,0,0,..,0,0,0,0,0,..,0,0,0,0,0,..,0,0,0,0,0,..,0,0,0,0,0,..,0,0,0,0,0,..,0,0,0,0,0,..,0,0,0,0,0,..,0,0,0,0,0,..,0,0,0,0,0,..,0,0,0,0,0,..,4,0,11,0,11,..,0,0,0,3,3,6,4,0,11,3,20,3,..,..,..,..,3,..,0,0,0,0,0,..,0,0,0,0,0,..,0,0,0,0,0,..,0,0,0,0,0,..,3,0,4,0,4,..,0,0,0,0,0,..,3,0,4,0,4,..,0,0,0,0,0,..,0,0,0,0,0,..,0,0,0,0,0,..,0,0,0,0,0,..,0,0,0,0,0,..,0,0,0,0,0,..,0,0,0,0,0,..,0,0,0,0,0,..,0,0,0,0,0,..,0,0,0,0,0,..,0,0,0,0,0,..,0,0,0
UCL222005,0,0,0,0,..,0,0,0,0,0,..,0,0,0,0,0,..,0,0,0,0,0,..,0,0,0,0,0,..,0,0,0,0,0,..,0,0,0,0,0,..,0,0,0,0,0,..,0,0,0,0,0,..,0,0,0,0,0,..,0,0,0,0,0,..,6,0,6,0,6,..,0,0,0,8,8,101,6,0,6,8,108,96,..,..,..,..,96,..,0,0,0,0,0,..,0,0,0,0,0,..,0,0,0,0,0,..,0,0,0,0,0,..,0,0,0,0,0,..,0,0,0,0,0,..,0,0,0,0,0,..,0,0,0,0,0,..,0,0,0,0,0,..,0,0,0,0,0,..,0,0,0,0,0,..,0,0,0,0,0,..,0,0,0,0,0,..,0,0,0,0,0,..,0,0,0,0,0,..,0,0,0,0,0,..,0,0,0,0,0,..,0,0,0,0,0,..,0,0,0
UCL222006,0,0,0,0,..,0,0,0,0,0,..,0,0,0,0,0,..,0,0,0,0,0,..,0,0,0,0,0,..,0,0,0,0,0,..,0,0,0,0,0,..,0,0,0,0,0,..,0,0,0,0,0,..,0,0,0,0,0,..,0,0,0,0,0,..,3,0,3,0,3,..,0,0,0,9,9,182,3,0,3,9,191,188,..,..,..,..,188,..,0,0,0,0,0,..,0,0,0,0,0,..,0,0,0,0,0,..,0,0,0,0,0,..,0,0,0,0,0,..,0,0,0,0,0,..,0,0,0,0,0,..,0,0,0,0,0,..,0,0,0,0,0,..,0,0,0,0,0,..,0,0,0,0,0,..,0,0,0,0,0,..,0,0,0,0,0,..,0,0,0,0,0,..,0,0,0,0,0,..,0,0,0,0,0,..,0,0,0,0,0,..,0,0,0,0,0,..,0,0,0
UCL222007,0,0,0,0,..,0,0,0,0,0,..,0,0,0,0,0,..,0,0,0,0,0,..,0,0,0,0,0,..,0,0,0,0,0,..,0,0,0,0,0,..,0,0,0,0,0,..,0,0,0,0,0,..,0,0,0,0,0,..,3,0,3,0,3,..,4,0,4,0,4,..,0,0,0,6,6,89,4,0,4,6,104,94,..,..,..,..,94,..,0,0,0,0,0,..,0,0,0,0,0,..,0,0,0,0,0,..,0,0,0,0,0,..,0,0,0,0,0,..,0,0,0,0,0,..,0,0,0,0,0,..,0,0,0,0,0,..,0,0,0,0,0,..,0,0,0,0,0,..,0,0,0,0,0,..,0,0,0,0,0,..,0,0,0,0,0,..,0,0,0,0,0,..,0,0,0,0,0,..,0,0,0,0,0,..,0,0,0,0,0,..,0,0,0,0,0,..,0,0,0
UCL222008,0,0,0,0,..,0,0,0,0,0,..,0,0,0,0,0,..,0,0,0,0,0,..,0,0,0,0,0,..,0,0,0,0,0,..,0,0,0,0,0,..,0,0,0,0,0,..,0,0,0,0,0,..,0,0,0,0,0,..,6,0,8,0,8,..,11,5,16,0,16,..,0,0,0,12,12,169,11,5,16,12,196,162,..,..,..,..,162,..,0,0,0,0,0,..,0,0,0,0,0,..,0,0,0,0,0,..,0,0,0,0,0,..,0,0,0,0,0,..,0,0,0,0,0,..,0,0,0,0,0,..,0,0,0,0,0,..,3,0,3,0,4,..,0,0,0,0,0,..,0,0,0,0,0,..,0,0,0,0,0,..,0,0,0,0,0,..,0,0,0,0,0,..,0,0,0,0,0,..,0,0,0,0,0,..,0,0,0,0,0,..,0,0,0,0,0,..,0,0,0
UCL222009,0,0,0,0,..,0,0,0,0,0,..,0,0,0,0,0,..,0,0,0,0,0,..,0,0,0,0,0,..,0,0,0,0,0,..,0,0,0,0,0,..,0,0,0,0,0,..,0,0,0,0,0,..,0,0,0,0,0,..,0,0,0,0,0,..,0,0,0,0,0,..,0,0,0,13,13,154,0,0,0,13,166,153,..,..,..,..,153,..,0,0,0,0,0,..,0,0,0,0,0,..,0,0,0,0,0,..,0,0,0,0,0,..,0,0,0,0,0,..,0,0,0,0,0,..,0,0,0,0,0,..,0,0,0,0,0,..,0,0,0,0,0,..,0,0,0,0,0,..,0,0,0,0,0,..,0,0,0,0,0,..,0,0,0,0,0,..,0,0,0,0,0,..,0,0,0,0,0,..,0,0,0,0,0,..,0,0,0,0,0,..,0,0,0,0,0,..,0,0,0
UCL222010,0,0,0,0,..,0,0,0,0,0,..,0,0,0,0,0,..,0,0,0,0,0,..,0,0,0,0,0,..,0,0,0,0,0,..,0,0,0,0,0,..,0,0,0,0,0,..,3,0,3,0,3,..,0,0,0,0,0,..,3,0,3,0,3,..,22,0,25,0,25,..,0,0,0,10,10,142,22,0,25,10,181,149,..,..,..,..,149,..,0,0,0,0,0,..,0,0,0,0,0,..,0,0,0,0,0,..,0,0,0,0,0,..,3,0,3,0,3,..,0,0,0,0,0,..,3,0,3,0,3,..,0,0,0,0,0,..,0,0,0,0,0,..,0,0,0,0,0,..,7,0,6,0,6,..,0,0,0,0,0,..,0,0,0,0,0,..,0,0,0,0,0,..,0,0,0,0,0,..,0,0,0,0,0,..,0,0,0,0,0,..,0,0,0,0,0,..,0,0,0
UCL222011,0,0,0,0,..,0,0,0,0,0,..,0,0,0,0,0,..,0,0,0,0,0,..,0,0,0,0,0,..,0,0,0,0,0,..,0,0,0,0,0,..,3,0,3,0,3,..,0,0,0,0,0,..,0,0,0,0,0,..,0,0,0,0,0,..,3,0,3,0,3,..,0,0,0,9,11,166,4,0,4,9,177,169,..,..,..,..,169,..,0,0,0,0,0,..,0,0,0,0,0,..,0,0,0,0,0,..,0,0,0,0,0,..,0,0,0,0,0,..,0,0,0,0,0,..,0,0,0,0,0,..,0,0,0,0,0,..,0,0,0,0,0,..,0,0,0,0,0,..,0,0,0,0,0,..,0,0,0,0,0,..,0,0,0,0,0,..,0,0,0,0,0,..,0,0,0,0,0,..,0,0,0,0,0,..,0,0,0,0,0,..,0,0,0,0,0,..,0,0,0
UCL222012,0,0,0,0,..,0,0,0,0,0,..,0,0,0,0,0,..,0,0,0,0,0,..,0,0,0,0,0,..,0,0,0,0,0,..,0,0,0,0,0,..,0,0,0,0,0,..,0,0,0,0,0,..,0,0,0,0,0,..,0,0,0,0,0,..,0,0,0,0,0,..,0,0,0,9,14,189,0,0,0,9,204,187,..,..,..,..,187,..,0,0,0,0,0,..,0,0,0,0,0,..,0,0,0,0,0,..,0,0,0,0,0,..,0,0,0,0,0,..,0,0,0,0,0,..,0,0,0,0,0,..,0,0,0,0,0,..,0,0,0,0,0,..,6,0,6,0,6,..,0,0,0,0,0,..,0,0,0,0,0,..,0,0,0,0,0,..,0,0,0,0,0,..,0,0,0,0,0,..,0,0,0,0,0,..,0,0,0,0,0,..,0,0,0,0,0,..,0,0,0
UCL222013,0,0,0,0,..,0,0,0,0,0,..,0,0,0,0,0,..,0,0,0,0,0,..,0,0,0,0,0,..,0,0,0,0,0,..,0,0,0,0,0,..,0,0,0,0,0,..,0,0,0,0,0,..,0,0,0,0,0,..,0,0,0,0,0,..,4,0,4,0,4,..,0,0,0,14,14,104,4,0,4,14,121,109,..,..,..,..,109,..,0,0,0,0,0,..,0,0,0,0,0,..,0,0,0,0,0,..,0,0,0,0,0,..,0,0,0,0,0,..,0,0,0,0,0,..,0,0,0,0,0,..,0,0,0,0,0,..,0,0,0,0,0,..,0,0,0,0,0,..,0,0,0,0,0,..,0,0,0,0,0,..,0,0,0,0,0,..,0,0,0,0,0,..,0,0,0,0,0,..,0,0,0,0,0,..,0,0,0,0,0,..,0,0,0,0,0,..,0,0,0
UCL222014,0,0,0,0,..,0,0,0,0,0,..,0,0,0,0,0,..,0,0,0,0,0,..,0,0,0,0,0,..,0,0,0,0,0,..,0,0,0,0,0,..,0,0,0,0,0,..,0,0,0,0,0,..,0,0,0,0,0,..,0,0,0,0,0,..,0,0,0,0,0,..,0,0,0,13,18,186,0,0,0,13,203,186,..,..,..,..,186,..,0,0,0,0,0,..,0,0,0,0,0,..,0,0,0,0,0,..,0,0,0,0,0,..,0,0,0,0,0,..,0,0,0,0,0,..,0,0,0,0,0,..,0,0,0,0,0,..,0,0,0,0,0,..,0,0,0,0,0,..,0,0,0,0,0,..,0,0,0,0,0,..,0,0,0,0,0,..,0,0,0,0,0,..,0,0,0,0,0,..,0,0,0,0,0,..,0,0,0,0,0,..,0,0,0,0,0,..,0,0,0
UCL222015,0,0,0,0,..,0,0,0,0,0,..,0,0,0,0,0,..,0,0,0,0,0,..,0,0,0,0,0,..,0,0,0,0,0,..,0,0,0,0,0,..,4,0,4,0,4,..,0,0,0,0,0,..,0,0,0,0,0,..,0,0,0,0,0,..,7,0,7,0,7,..,0,0,0,9,9,189,7,0,7,9,197,182,..,..,..,..,182,..,0,0,0,0,0,..,0,0,0,0,0,..,0,0,0,0,0,..,0,0,0,0,0,..,0,0,0,0,0,..,0,0,0,0,0,..,0,0,0,0,0,..,0,0,0,0,0,..,0,0,0,0,0,..,0,0,0,0,0,..,0,0,0,0,0,..,0,0,0,0,0,..,0,0,0,0,0,..,0,0,0,0,0,..,0,0,0,0,0,..,0,0,0,0,0,..,0,0,0,0,0,..,0,0,0,0,0,..,0,0,0
UCL222016,0,0,0,0,..,0,0,0,0,0,..,0,0,0,0,0,..,0,0,0,0,0,..,0,0,0,0,0,..,0,0,0,0,0,..,0,0,0,0,0,..,0,0,0,0,0,..,0,0,0,0,0,..,0,0,0,0,0,..,0,0,0,0,0,..,3,0,3,0,3,..,0,0,0,3,3,124,3,0,3,3,134,111,..,..,..,..,111,..,0,0,0,0,0,..,0,0,0,0,0,..,0,0,0,0,0,..,0,0,0,0,0,..,0,0,0,0,0,..,0,0,0,0,0,..,0,0,0,0,0,..,0,0,0,0,0,..,0,0,0,0,0,..,0,0,0,0,0,..,0,0,0,0,0,..,0,0,0,0,0,..,0,0,0,0,0,..,0,0,0,0,0,..,0,0,0,0,0,..,0,0,0,0,0,..,0,0,0,0,0,..,0,0,0,0,0,..,0,0,0
UCL222017,0,0,0,0,..,0,0,0,0,0,..,0,0,0,0,0,..,0,0,0,0,0,..,0,0,0,0,0,..,0,0,0,0,0,..,0,0,0,0,0,..,0,0,0,0,0,..,0,0,0,0,0,..,0,0,0,0,0,..,0,0,0,0,0,..,7,0,7,0,7,..,0,0,0,11,13,82,7,0,7,11,97,84,..,..,..,..,84,..,0,0,0,0,0,..,0,0,0,0,0,..,0,0,0,0,0,..,0,0,0,0,0,..,0,0,0,0,0,..,0,0,0,0,0,..,0,0,0,0,0,..,0,0,0,0,0,..,0,0,0,0,0,..,0,0,0,0,0,..,3,0,3,0,3,..,0,0,0,0,0,..,0,0,0,0,0,..,0,0,0,0,0,..,0,0,0,0,0,..,0,0,0,0,0,..,0,0,0,0,0,..,0,0,0,0,0,..,0,0,0
UCL222018,0,0,0,0,..,0,0,0,0,0,..,0,0,0,0,0,..,0,0,0,0,0,..,0,0,0,0,0,..,0,0,0,0,0,..,0,0,0,0,0,..,0,0,0,0,0,..,0,0,0,0,0,..,0,0,0,0,0,..,0,0,0,0,0,..,0,0,0,0,0,..,0,0,0,9,11,55,0,0,3,9,67,50,..,..,..,..,50,..,0,0,0,0,0,..,0,0,0,0,0,..,0,0,0,0,0,..,0,0,0,0,0,..,0,4,5,0,5,..,0,0,0,0,0,..,0,4,5,0,5,..,0,0,0,0,0,..,0,0,0,0,0,..,0,0,0,0,0,..,0,0,0,0,0,..,0,0,0,0,0,..,0,0,0,0,0,..,0,0,0,0,0,..,0,0,0,0,0,..,0,0,0,0,0,..,0,0,0,0,0,..,0,0,0,0,0,..,0,0,0
UCL222019,0,0,0,0,..,0,0,0,0,0,..,0,0,0,0,0,..,0,0,0,0,0,..,0,0,0,0,0,..,0,0,0,0,0,..,0,0,0,0,0,..,0,0,0,0,0,..,0,0,0,0,0,..,0,0,0,0,0,..,0,0,0,0,0,..,3,0,3,0,3,..,0,0,0,14,14,184,3,0,3,14,194,170,..,..,..,..,170,..,0,0,0,0,0,..,0,0,0,0,0,..,0,0,0,0,0,..,0,0,0,0,0,..,0,0,0,0,0,..,0,0,0,0,0,..,0,0,0,0,0,..,0,0,0,0,0,..,0,0,0,0,0,..,0,0,0,0,0,..,0,0,0,0,0,..,0,0,0,0,0,..,0,0,0,0,0,..,0,0,0,0,0,..,0,0,0,0,0,..,0,0,0,0,0,..,0,0,0,0,0,..,0,0,0,0,0,..,0,0,0
UCL222020,0,0,0,0,..,0,0,0,0,0,..,0,0,0,0,0,..,0,0,0,0,0,..,0,0,0,0,0,..,0,0,0,0,0,..,0,0,0,0,0,..,0,0,0,0,0,..,0,0,0,0,0,..,0,0,0,0,0,..,0,0,0,0,0,..,0,0,0,0,0,..,0,0,0,10,10,111,0,0,0,10,124,124,..,..,..,..,124,..,0,0,0,0,0,..,0,0,0,0,0,..,0,0,0,0,0,..,0,0,0,0,0,..,0,0,0,0,0,..,0,0,0,0,0,..,0,0,0,0,0,..,0,0,0,0,0,..,0,0,0,0,0,..,0,0,0,0,0,..,0,0,0,0,0,..,0,0,0,0,0,..,0,0,0,0,0,..,0,0,0,0,0,..,0,0,0,0,0,..,0,0,0,0,0,..,0,0,0,0,0,..,0,0,0,0,0,..,0,0,0
UCL222021,0,0,0,0,..,0,0,0,0,0,..,0,0,0,0,0,..,0,0,0,0,0,..,0,0,0,0,0,..,0,0,0,0,0,..,0,0,0,0,0,..,0,0,0,0,0,..,0,0,0,0,0,..,0,0,0,0,0,..,0,0,4,0,4,..,7,0,10,0,10,..,0,0,0,11,17,137,9,0,10,11,158,130,..,..,..,..,130,..,0,0,0,0,0,..,0,0,0,0,0,..,0,0,0,0,0,..,0,0,0,0,0,..,0,0,0,0,0,..,0,0,0,0,0,..,0,0,0,0,0,..,0,0,0,0,0,..,0,0,0,0,0,..,0,0,0,0,0,..,0,0,0,0,0,..,0,0,0,0,0,..,0,0,0,0,0,..,0,0,0,0,0,..,0,0,0,0,0,..,0,0,0,0,0,..,0,0,0,0,0,..,0,0,0,0,0,..,0,0,0
UCL222022,0,0,0,0,..,0,0,0,0,0,..,0,0,0,0,0,..,0,0,0,0,0,..,0,0,0,0,0,..,0,0,4,0,4,..,0,0,0,0,0,..,0,0,0,0,0,..,0,0,0,0,0,..,0,0,0,0,0,..,0,0,0,0,0,..,0,0,0,0,0,..,0,0,6,9,11,124,3,5,6,9,144,120,..,..,..,..,120,..,0,0,0,0,0,..,0,0,0,0,0,..,0,0,0,0,0,..,0,0,0,0,0,..,0,0,0,0,0,..,0,0,0,0,0,..,0,0,0,0,0,..,0,0,0,0,0,..,0,0,0,0,0,..,0,0,0,0,0,..,0,0,0,0,0,..,0,0,0,0,0,..,0,0,0,0,0,..,0,0,0,0,0,..,0,0,0,0,0,..,0,0,0,0,0,..,0,0,0,0,0,..,0,0,0,0,0,..,0,0,0
UCL222023,0,0,0,0,..,0,0,0,0,0,..,0,0,0,0,0,..,0,0,0,0,0,..,0,0,0,0,0,..,0,0,0,0,0,..,0,0,0,0,0,..,0,0,0,0,0,..,0,0,0,0,0,..,0,0,0,0,0,..,0,0,0,0,0,..,8,0,8,0,8,..,0,0,0,12,17,211,10,0,10,12,234,222,..,..,..,..,222,..,0,0,0,0,0,..,0,0,0,0,0,..,0,0,0,0,0,..,0,0,0,0,0,..,0,0,0,0,0,..,0,0,0,0,0,..,3,0,3,0,3,..,0,0,0,0,0,..,0,0,0,0,0,..,0,0,0,0,0,..,0,0,0,0,0,..,0,0,0,0,0,..,0,0,0,0,0,..,0,0,0,0,0,..,0,0,0,0,0,..,0,0,0,0,0,..,0,0,0,0,0,..,0,0,0,0,0,..,0,0,0
UCL222024,0,0,0,0,..,0,0,0,0,0,..,6,0,6,0,6,..,0,0,0,0,0,..,0,0,0,0,0,..,0,0,0,0,0,..,0,0,0,0,0,..,0,0,0,0,0,..,0,0,0,0,0,..,0,0,0,0,0,..,3,0,3,0,3,..,9,4,15,0,15,..,0,0,0,41,41,114,9,4,15,41,171,106,..,..,..,..,106,..,0,0,0,0,0,..,0,0,0,0,0,..,0,0,0,0,0,..,0,0,0,0,0,..,0,7,10,0,10,..,0,0,0,0,0,..,3,7,9,0,9,..,0,0,0,0,0,..,0,0,0,0,0,..,0,0,0,0,0,..,0,0,0,0,0,..,0,0,0,0,0,..,0,0,0,0,0,..,0,0,0,0,0,..,0,0,0,0,0,..,0,0,0,0,0,..,0,0,0,0,0,..,0,0,0,0,0,..,0,0,0
UCL222025,0,0,0,0,..,0,0,0,0,0,..,0,0,0,0,0,..,0,0,0,0,0,..,0,0,0,0,0,..,0,0,0,0,0,..,0,0,0,0,0,..,0,0,0,0,0,..,0,0,0,0,0,..,0,0,0,0,0,..,0,0,3,0,3,..,3,0,0,0,0,..,0,0,0,13,13,85,3,0,0,13,99,98,..,..,..,..,98,..,0,0,0,0,0,..,0,0,0,0,0,..,0,0,0,0,0,..,0,0,0,0,0,..,0,0,0,0,0,..,0,0,0,0,0,..,0,0,0,0,0,..,0,0,0,0,0,..,0,0,0,0,0,..,0,0,0,0,0,..,0,0,0,0,0,..,0,0,0,0,0,..,0,0,0,0,0,..,0,0,0,0,0,..,0,0,0,0,0,..,0,0,0,0,0,..,0,0,0,0,0,..,0,0,0,0,0,..,0,0,0
UCL222026,0,0,0,0,..,0,0,0,0,0,..,0,0,0,0,0,..,0,0,0,0,0,..,0,0,0,0,0,..,0,0,0,0,0,..,0,0,0,0,0,..,3,0,3,0,3,..,0,0,0,0,0,..,0,0,0,0,0,..,5,0,5,0,5,..,8,0,5,0,5,..,0,0,0,5,5,160,8,0,5,5,169,147,..,..,..,..,147,..,0,0,0,0,0,..,0,0,0,0,0,..,0,0,0,0,0,..,0,0,0,0,0,..,0,0,0,0,0,..,0,0,0,0,0,..,0,0,0,0,0,..,0,0,0,0,0,..,0,0,0,0,0,..,0,0,0,0,0,..,0,0,0,0,0,..,0,0,0,0,0,..,0,0,0,0,0,..,0,0,0,0,0,..,0,0,0,0,0,..,0,0,0,0,0,..,0,0,0,0,0,..,0,0,0,0,0,..,0,0,0
UCL222027,0,0,0,0,..,0,0,0,0,0,..,0,0,0,0,0,..,0,0,0,0,0,..,0,0,0,0,0,..,0,0,0,0,0,..,0,0,0,0,0,..,0,0,0,0,0,..,0,0,0,0,0,..,0,0,0,0,0,..,0,0,0,0,0,..,3,0,3,0,3,..,0,0,0,10,10,153,3,0,3,10,169,169,..,..,..,..,169,..,0,0,0,0,0,..,0,0,0,0,0,..,0,0,0,0,0,..,0,0,0,0,0,..,0,0,0,0,0,..,0,0,0,0,0,..,0,0,0,0,0,..,0,0,0,0,0,..,0,0,0,0,0,..,0,0,0,0,0,..,0,0,0,0,0,..,0,0,0,0,0,..,0,0,0,0,0,..,0,0,0,0,0,..,0,0,0,0,0,..,0,0,0,0,0,..,0,0,0,0,0,..,0,0,0,0,0,..,0,0,0
UCL222028,0,0,0,0,..,0,0,0,0,0,..,0,0,0,0,0,..,0,0,0,0,0,..,0,0,0,0,0,..,0,0,0,0,0,..,0,0,0,0,0,..,0,0,0,0,0,..,0,0,0,0,0,..,0,0,0,0,0,..,0,0,0,0,0,..,0,0,0,0,0,..,0,0,0,18,18,140,0,0,0,18,157,142,..,..,..,..,142,..,0,0,0,0,0,..,0,0,0,0,0,..,0,0,0,0,0,..,0,0,0,0,0,..,0,0,0,0,0,..,0,0,0,0,0,..,0,0,0,0,0,..,0,0,0,0,0,..,0,0,0,0,0,..,0,0,0,0,0,..,0,0,0,0,0,..,0,0,0,0,0,..,0,0,0,0,0,..,0,0,0,0,0,..,0,0,0,0,0,..,0,0,0,0,0,..,0,0,0,0,0,..,0,0,0,0,0,..,0,0,0
UCL222029,0,0,0,0,..,0,0,0,0,0,..,0,0,0,0,0,..,0,0,0,0,0,..,0,0,0,0,0,..,0,0,0,0,0,..,0,0,0,0,0,..,0,0,0,0,0,..,0,0,0,0,0,..,0,0,0,0,0,..,0,0,0,0,0,..,0,0,0,0,0,..,0,0,0,3,3,97,0,0,0,3,108,95,..,..,..,..,95,..,0,0,0,0,0,..,0,0,0,0,0,..,0,0,0,0,0,..,0,0,0,0,0,..,0,0,0,0,0,..,0,0,0,0,0,..,0,0,0,0,0,..,0,0,0,0,0,..,0,0,0,0,0,..,0,0,0,0,0,..,0,0,0,0,0,..,0,0,0,0,0,..,0,0,0,0,0,..,0,0,0,0,0,..,0,0,0,0,0,..,0,0,0,0,0,..,0,0,0,0,0,..,0,0,0,0,0,..,0,0,0
UCL222030,0,0,0,0,..,0,0,0,0,0,..,0,0,0,0,0,..,0,0,0,0,0,..,0,0,0,0,0,..,0,0,0,0,0,..,0,0,0,0,0,..,0,0,0,0,0,..,0,0,0,0,0,..,0,0,0,0,0,..,0,0,0,0,0,..,0,0,0,0,0,..,0,0,0,7,7,98,0,0,0,7,110,118,..,..,..,..,118,..,0,0,0,0,0,..,0,0,0,0,0,..,0,0,0,0,0,..,0,0,0,0,0,..,0,0,0,0,0,..,0,0,0,0,0,..,0,0,0,0,0,..,0,0,0,0,0,..,0,0,0,0,0,..,0,0,0,0,0,..,0,0,0,0,0,..,0,0,0,0,0,..,0,0,0,0,0,..,0,0,0,0,0,..,0,0,0,0,0,..,0,0,0,0,0,..,0,0,0,0,0,..,0,0,0,0,0,..,0,0,0
UCL222031,0,5,0,5,..,0,0,0,0,0,..,0,0,0,0,0,..,0,0,0,0,0,..,5,0,5,0,5,..,0,0,0,0,0,..,0,0,0,0,0,..,0,0,0,0,0,..,0,0,0,0,0,..,0,0,0,0,0,..,0,0,0,0,0,..,8,0,8,0,8,..,0,0,0,16,16,137,8,0,8,16,155,126,..,..,..,..,126,..,0,0,0,0,0,..,0,0,0,0,0,..,0,0,0,0,0,..,0,0,0,0,0,..,0,0,0,0,0,..,0,0,0,0,0,..,0,0,0,0,0,..,0,0,0,0,0,..,0,0,0,0,0,..,0,0,0,0,0,..,0,0,0,0,0,..,0,0,0,0,0,..,0,0,0,0,0,..,0,0,0,0,0,..,0,0,0,0,0,..,0,0,0,0,0,..,0,0,0,0,0,..,0,0,0,0,0,..,0,0,0
UCL222032,0,0,0,0,..,0,0,0,0,0,..,0,0,0,0,0,..,0,0,0,0,0,..,0,0,0,0,0,..,0,0,0,0,0,..,0,0,0,0,0,..,0,0,0,0,0,..,0,0,0,0,0,..,0,0,0,0,0,..,3,0,3,0,3,..,17,0,17,0,17,..,0,0,0,28,28,153,17,0,17,28,201,138,..,..,..,..,138,..,0,0,0,0,0,..,0,0,0,0,0,..,0,0,0,0,0,..,0,0,0,0,0,..,0,0,0,0,0,..,0,0,0,0,0,..,0,0,0,0,0,..,0,0,0,0,0,..,0,0,0,0,0,..,4,0,4,0,4,..,0,0,0,0,0,..,0,0,0,0,0,..,0,0,0,0,0,..,0,0,0,0,0,..,0,0,0,0,0,..,0,0,0,0,0,..,0,0,0,0,0,..,0,0,0,0,0,..,0,0,0
UCL222033,0,0,0,0,..,0,0,0,0,0,..,0,0,0,0,0,..,0,0,0,0,0,..,0,0,0,0,0,..,0,0,0,0,0,..,0,0,0,0,0,..,0,0,0,0,0,..,0,0,0,0,0,..,0,0,0,0,0,..,6,0,6,0,6,..,6,0,6,0,6,..,0,0,0,27,27,147,6,0,6,27,185,139,..,..,..,..,139,..,0,0,0,0,0,..,0,0,0,0,0,..,0,0,0,0,0,..,0,0,0,0,0,..,0,0,0,0,0,..,0,0,0,0,0,..,0,0,0,0,0,..,0,0,0,0,0,..,0,0,0,0,0,..,0,0,0,0,0,..,0,0,0,0,0,..,0,0,0,0,0,..,0,0,0,0,0,..,0,0,0,0,0,..,0,0,0,0,0,..,0,0,0,0,0,..,0,0,0,0,0,..,0,0,0,0,0,..,0,0,0
UCL222034,0,0,0,0,..,0,0,0,0,0,..,0,0,0,0,0,..,0,0,0,0,0,..,0,0,0,0,0,..,0,0,0,0,0,..,0,0,0,0,0,..,0,0,0,0,0,..,0,0,0,0,0,..,0,0,0,0,0,..,0,0,0,0,0,..,8,0,8,0,8,..,0,0,0,19,19,150,11,0,11,19,179,130,..,..,..,..,130,..,0,0,0,0,0,..,0,0,0,0,0,..,0,0,0,0,0,..,0,0,0,0,0,..,0,0,0,0,0,..,0,0,0,0,0,..,0,0,0,0,0,..,0,0,0,0,0,..,0,0,0,0,0,..,0,0,0,0,0,..,0,0,0,0,0,..,0,0,0,0,0,..,0,0,0,0,0,..,0,0,0,0,0,..,0,0,0,0,0,..,0,0,0,0,0,..,0,0,0,0,0,..,0,0,0,0,0,..,0,0,0
UCL222035,0,0,0,0,..,0,0,0,0,0,..,0,0,0,0,0,..,0,0,0,0,0,..,0,0,0,0,0,..,0,0,0,0,0,..,0,0,0,0,0,..,0,0,0,0,0,..,0,0,0,0,0,..,0,0,0,0,0,..,0,0,0,0,0,..,6,0,10,0,6,..,0,0,0,19,19,143,6,0,10,17,168,130,..,..,..,..,130,..,0,0,0,0,0,..,0,0,0,0,0,..,0,0,0,0,0,..,0,0,0,0,0,..,0,0,0,0,0,..,0,0,0,0,0,..,0,0,0,0,0,..,0,0,0,0,0,..,0,0,0,0,0,..,0,0,0,0,0,..,0,0,0,0,0,..,0,0,0,0,0,..,0,0,0,0,0,..,0,0,0,0,0,..,0,0,0,0,0,..,0,0,0,0,0,..,0,0,0,0,0,..,0,0,0,0,0,..,0,0,0
UCL222036,0,0,0,0,..,0,0,0,0,0,..,0,0,0,0,0,..,0,0,0,0,0,..,0,0,0,0,0,..,0,0,0,0,0,..,0,0,0,0,0,..,0,0,0,0,0,..,0,0,0,0,0,..,0,0,0,0,0,..,3,4,4,0,4,..,3,5,7,0,7,..,0,0,0,18,16,101,7,5,8,18,124,97,..,..,..,..,97,..,0,0,0,0,0,..,0,0,0,0,0,..,0,0,0,0,0,..,0,0,0,0,0,..,0,0,0,0,0,..,0,0,0,0,0,..,0,0,0,0,0,..,0,0,0,0,0,..,0,0,0,0,0,..,0,0,0,0,0,..,0,0,0,0,0,..,0,0,0,0,0,..,0,0,0,0,0,..,0,0,0,0,0,..,0,0,0,0,0,..,0,0,0,0,0,..,0,0,0,0,0,..,0,0,0,0,0,..,0,0,0
UCL222037,0,0,0,0,..,0,0,0,0,0,..,0,0,0,0,0,..,0,0,0,0,0,..,0,0,0,0,0,..,0,0,0,0,0,..,0,0,0,0,0,..,0,0,0,0,0,..,0,0,0,0,0,..,0,0,0,0,0,..,0,0,0,0,0,..,0,0,0,0,0,..,0,0,0,5,5,115,0,0,0,5,120,127,..,..,..,..,127,..,0,0,0,0,0,..,0,0,0,0,0,..,0,0,0,0,0,..,0,0,0,0,0,..,0,0,0,0,0,..,0,0,0,0,0,..,0,0,0,0,0,..,0,0,0,0,0,..,0,0,0,0,0,..,0,0,0,0,0,..,0,0,0,0,0,..,0,0,0,0,0,..,0,0,0,0,0,..,0,0,0,0,0,..,0,0,0,0,0,..,0,0,0,0,0,..,0,0,0,0,0,..,0,0,0,0,0,..,0,0,0
UCL222038,0,0,0,0,..,0,0,0,0,0,..,0,0,0,0,0,..,0,0,0,0,0,..,0,0,0,0,0,..,0,0,0,0,0,..,0,0,0,0,0,..,0,0,0,0,0,..,0,0,0,0,0,..,0,0,0,0,0,..,0,0,0,0,0,..,0,0,0,0,0,..,0,0,0,7,7,113,0,0,0,7,123,92,..,..,..,..,92,..,0,0,0,0,0,..,0,0,0,0,0,..,0,0,0,0,0,..,0,0,0,0,0,..,0,0,0,0,0,..,0,0,0,0,0,..,0,0,0,0,0,..,0,0,0,0,0,..,0,0,0,0,0,..,4,0,4,0,4,..,0,0,0,0,0,..,0,0,0,0,0,..,0,0,0,0,0,..,0,0,0,0,0,..,0,0,0,0,0,..,0,0,0,0,0,..,0,0,0,0,0,..,0,0,0,0,0,..,0,0,0
UCL222039,0,0,0,0,..,0,0,0,0,0,..,0,0,0,0,0,..,0,0,0,0,0,..,0,0,0,0,0,..,0,0,0,0,0,..,0,0,0,0,0,..,0,0,0,0,0,..,0,0,0,0,0,..,0,0,0,0,0,..,0,0,0,0,0,..,0,0,0,0,0,..,0,0,0,13,13,135,0,0,0,13,151,154,..,..,..,..,154,..,0,0,0,0,0,..,0,0,0,0,0,..,0,0,0,0,0,..,0,0,0,0,0,..,0,0,0,0,0,..,0,0,0,0,0,..,0,0,0,0,0,..,0,0,0,0,0,..,0,0,0,0,0,..,0,0,0,0,0,..,0,0,0,0,0,..,0,0,0,0,0,..,0,0,0,0,0,..,0,0,0,0,0,..,0,0,0,0,0,..,0,0,0,0,0,..,0,0,0,0,0,..,0,0,0,0,0,..,0,0,0
UCL222040,0,0,0,0,..,0,0,0,0,0,..,0,0,0,0,0,..,0,0,0,0,0,..,0,0,0,0,0,..,4,0,4,0,4,..,0,0,0,0,0,..,0,0,0,0,0,..,0,0,0,0,0,..,0,0,0,0,0,..,8,0,8,0,8,..,10,0,10,0,10,..,0,0,0,14,14,205,10,0,10,14,231,195,..,..,..,..,195,..,0,0,0,0,0,..,0,0,0,0,0,..,0,0,0,0,0,..,0,0,0,0,0,..,0,0,0,0,0,..,0,0,0,0,0,..,0,0,0,0,0,..,0,0,0,0,0,..,0,0,0,0,0,..,0,0,0,0,0,..,0,0,0,0,0,..,0,0,0,0,0,..,0,0,0,0,0,..,0,0,0,0,0,..,0,0,0,0,0,..,0,0,0,0,0,..,0,0,0,0,0,..,0,0,0,0,0,..,0,0,0
UCL222041,0,0,0,0,..,0,0,0,0,0,..,0,0,0,0,0,..,0,0,0,0,0,..,0,0,0,0,0,..,0,0,0,0,0,..,0,0,0,0,0,..,0,0,0,0,0,..,0,0,0,0,0,..,0,0,0,0,0,..,6,0,6,0,6,..,0,0,0,0,0,..,0,0,0,7,7,126,0,0,0,7,134,133,..,..,..,..,133,..,0,0,0,0,0,..,0,0,0,0,0,..,0,0,0,0,0,..,0,0,0,0,0,..,0,0,0,0,0,..,0,0,0,0,0,..,0,0,0,0,0,..,0,0,0,0,0,..,0,0,0,0,0,..,0,0,0,0,0,..,0,0,0,0,0,..,0,0,0,0,0,..,0,0,0,0,0,..,0,0,0,0,0,..,0,0,0,0,0,..,0,0,0,0,0,..,0,0,0,0,0,..,0,0,0,0,0,..,0,0,0
UCL222042,0,0,0,0,..,0,0,0,0,0,..,0,0,0,0,0,..,0,0,0,0,0,..,0,0,0,0,0,..,0,0,0,0,0,..,0,0,0,0,0,..,0,0,0,0,0,..,0,0,0,0,0,..,0,0,0,0,0,..,0,0,0,0,0,..,0,0,0,0,0,..,0,0,0,13,13,119,0,0,0,13,129,111,..,..,..,..,111,..,0,0,0,0,0,..,0,0,0,0,0,..,0,0,0,0,0,..,0,0,0,0,0,..,0,0,0,0,0,..,0,0,0,0,0,..,0,0,0,0,0,..,0,0,0,0,0,..,0,0,0,0,0,..,0,0,0,0,0,..,0,0,0,0,0,..,0,0,0,0,0,..,0,0,0,0,0,..,0,0,0,0,0,..,0,0,0,0,0,..,0,0,0,0,0,..,0,0,0,0,0,..,0,0,0,0,0,..,0,0,0
UCL222043,0,0,0,0,..,0,0,0,0,0,..,0,0,0,0,0,..,0,0,0,0,0,..,0,0,0,0,0,..,0,0,0,0,0,..,0,0,0,0,0,..,0,0,0,0,0,..,0,0,0,0,0,..,0,0,0,0,0,..,0,0,0,0,0,..,3,0,3,0,3,..,0,0,0,10,8,193,4,0,4,11,206,206,..,..,..,..,206,..,0,0,0,0,0,..,0,0,0,0,0,..,0,0,0,0,0,..,0,0,0,0,0,..,0,0,0,0,0,..,0,0,0,0,0,..,0,0,0,0,0,..,0,0,0,0,0,..,0,0,0,0,0,..,0,0,0,0,0,..,0,0,0,0,0,..,0,0,0,0,0,..,0,0,0,0,0,..,0,0,0,0,0,..,0,0,0,0,0,..,0,0,0,0,0,..,0,0,0,0,0,..,0,0,0,0,0,..,0,0,0
UCL222044,0,0,0,0,..,0,0,0,0,0,..,0,0,0,0,0,..,0,0,0,0,0,..,0,0,0,0,0,..,0,0,0,0,0,..,0,0,0,0,0,..,0,0,0,0,0,..,0,0,0,0,0,..,0,0,0,0,0,..,0,0,0,0,0,..,5,0,5,0,5,..,3,0,3,23,19,142,4,0,4,23,168,132,..,..,..,..,132,..,0,0,0,0,0,..,0,0,0,0,0,..,0,0,0,0,0,..,0,0,0,0,0,..,0,0,0,0,0,..,0,0,0,0,0,..,0,0,0,0,0,..,0,0,0,0,0,..,0,0,0,0,0,..,0,0,0,0,0,..,0,0,0,0,0,..,0,0,0,0,0,..,0,0,0,0,0,..,0,0,0,0,0,..,0,0,0,0,0,..,0,0,0,0,0,..,0,0,0,0,0,..,0,0,0,0,0,..,0,0,0
UCL222045,0,0,0,0,..,0,0,0,0,0,..,0,0,0,0,0,..,0,0,0,0,0,..,0,0,0,0,0,..,3,0,3,0,3,..,0,0,0,0,0,..,0,0,0,0,0,..,0,0,0,0,0,..,0,0,0,0,0,..,0,0,0,0,0,..,3,0,3,0,3,..,0,0,0,18,19,130,4,0,0,18,153,123,..,..,..,..,123,..,0,0,0,0,0,..,0,0,0,0,0,..,0,0,0,0,0,..,0,0,0,0,0,..,0,0,0,0,0,..,0,0,0,0,0,..,0,0,0,0,0,..,0,0,0,0,0,..,0,0,0,0,0,..,0,0,0,0,0,..,0,0,0,0,0,..,0,0,0,0,0,..,0,0,0,0,0,..,0,0,0,0,0,..,0,0,0,0,0,..,0,0,0,0,0,..,0,0,0,0,0,..,0,0,0,0,0,..,0,0,0
UCL222046,0,0,0,0,..,0,0,0,0,0,..,0,0,0,0,0,..,0,0,0,0,0,..,0,0,0,0,0,..,0,0,0,0,0,..,0,0,0,0,0,..,0,0,0,0,0,..,0,0,0,0,0,..,0,0,0,0,0,..,0,0,0,0,0,..,3,0,3,0,3,..,0,0,0,18,14,165,7,0,7,18,190,183,..,..,..,..,183,..,0,0,0,0,0,..,0,0,0,0,0,..,0,0,0,0,0,..,0,0,0,0,0,..,0,0,0,0,0,..,0,0,0,0,0,..,0,0,0,0,0,..,0,0,0,0,0,..,0,0,0,0,0,..,0,0,0,0,0,..,0,0,0,0,0,..,0,0,0,0,0,..,0,0,0,0,0,..,0,0,0,0,0,..,0,0,0,0,0,..,0,0,0,0,0,..,0,0,0,0,0,..,0,0,0,0,0,..,0,0,0
UCL222047,0,0,0,0,..,0,0,0,0,0,..,0,0,0,0,0,..,0,0,0,0,0,..,0,0,0,0,0,..,0,0,0,0,0,..,0,0,0,0,0,..,0,0,0,0,0,..,0,0,0,0,0,..,0,0,0,0,0,..,0,0,0,0,0,..,0,0,0,0,0,..,0,0,0,4,4,99,0,0,0,4,100,97,..,..,..,..,97,..,0,0,0,0,0,..,0,0,0,0,0,..,0,0,0,0,0,..,0,0,0,0,0,..,0,0,0,0,0,..,0,0,0,0,0,..,0,0,0,0,0,..,0,0,0,0,0,..,0,0,0,0,0,..,0,0,0,0,0,..,0,0,0,0,0,..,0,0,0,0,0,..,0,0,0,0,0,..,0,0,0,0,0,..,0,0,0,0,0,..,0,0,0,0,0,..,0,0,0,0,0,..,0,0,0,0,0,..,0,0,0
UCL222048,0,0,0,0,..,0,0,0,0,0,..,0,0,0,0,0,..,0,0,0,0,0,..,0,0,0,0,0,..,0,0,0,0,0,..,0,0,0,0,0,..,0,0,0,0,0,..,0,0,0,0,0,..,0,0,0,0,0,..,0,0,0,0,0,..,3,0,3,0,3,..,0,0,0,0,0,84,7,0,7,0,94,95,..,..,..,..,95,..,0,0,0,0,0,..,0,0,0,0,0,..,0,0,0,0,0,..,0,0,0,0,0,..,0,0,0,0,0,..,0,0,0,0,0,..,0,0,0,0,0,..,0,0,0,0,0,..,0,0,0,0,0,..,0,0,0,0,0,..,0,0,0,0,0,..,0,0,0,0,0,..,0,0,0,0,0,..,0,0,0,0,0,..,0,0,0,0,0,..,5,0,7,0,7,..,0,0,0,0,0,..,0,0,0,0,0,..,0,0,0
UCL222049,0,0,0,0,..,0,0,0,0,0,..,0,0,0,0,0,..,0,0,0,0,0,..,0,0,0,0,0,..,0,0,0,0,0,..,0,0,0,0,0,..,0,0,0,0,0,..,0,0,0,0,0,..,0,0,0,0,0,..,0,0,0,0,0,..,4,0,4,0,4,..,0,0,0,3,7,114,5,0,5,3,128,124,..,..,..,..,124,..,0,0,0,0,0,..,0,0,0,0,0,..,0,0,0,0,0,..,0,0,0,0,0,..,0,0,0,0,0,..,0,0,0,0,0,..,0,0,0,0,0,..,0,0,0,0,0,..,0,0,0,0,0,..,0,0,0,0,0,..,0,0,0,0,0,..,0,0,0,0,0,..,0,0,0,0,0,..,0,0,0,0,0,..,0,0,0,0,0,..,0,0,0,0,0,..,0,0,0,0,0,..,0,0,0,0,0,..,0,0,0
UCL222050,0,0,0,0,..,0,0,0,0,0,..,0,0,0,0,0,..,0,0,0,0,0,..,0,0,0,0,0,..,0,0,0,0,0,..,0,0,0,0,0,..,0,0,0,0,0,..,0,0,0,0,0,..,0,0,0,0,0,..,0,0,0,0,0,..,4,0,4,0,4,..,0,0,0,19,19,218,4,0,6,19,244,231,..,..,..,..,231,..,0,0,0,0,0,..,0,0,0,0,0,..,0,0,0,0,0,..,0,0,0,0,0,..,0,0,0,0,0,..,0,0,0,0,0,..,0,0,0,0,0,..,0,0,0,0,0,..,0,0,0,0,0,..,0,0,0,0,0,..,0,0,0,0,0,..,0,0,0,0,0,..,0,0,0,0,0,..,0,0,0,0,0,..,0,0,0,0,0,..,0,0,0,0,0,..,0,0,0,0,0,..,0,0,0,0,0,..,0,0,0
UCL222051,0,0,0,0,..,0,0,0,0,0,..,0,0,0,0,0,..,0,0,0,0,0,..,0,0,0,0,0,..,0,0,0,0,0,..,0,0,0,0,0,..,0,0,0,0,0,..,0,0,0,0,0,..,0,0,0,0,0,..,3,0,3,0,3,..,21,0,23,0,23,..,0,0,0,9,11,199,21,0,27,9,234,182,..,..,..,..,182,..,0,0,0,0,0,..,0,0,0,0,0,..,0,0,0,0,0,..,0,0,0,0,0,..,0,0,0,0,0,..,0,0,0,0,0,..,0,0,0,0,0,..,0,0,0,0,0,..,0,0,0,0,0,..,0,0,0,0,0,..,0,0,0,0,0,..,0,0,0,0,0,..,0,0,0,0,0,..,0,0,0,0,0,..,0,0,0,0,0,..,3,0,3,0,3,..,0,0,0,0,0,..,0,0,0,0,0,..,0,0,0
UCL222052,0,0,0,0,..,0,0,0,0,0,..,0,0,0,0,0,..,0,0,0,0,0,..,0,0,0,0,0,..,0,0,0,0,0,..,0,0,0,0,0,..,0,0,0,0,0,..,0,0,0,0,0,..,0,0,0,0,0,..,0,0,0,0,0,..,6,0,6,0,6,..,0,0,0,10,10,197,6,0,6,10,207,197,..,..,..,..,197,..,0,0,0,0,0,..,0,0,0,0,0,..,0,0,0,0,0,..,0,0,0,0,0,..,0,0,0,0,0,..,0,0,0,0,0,..,0,0,0,0,0,..,0,0,0,0,0,..,0,0,0,0,0,..,0,0,0,0,0,..,0,0,0,0,0,..,0,0,0,0,0,..,0,0,0,0,0,..,0,0,0,0,0,..,0,0,0,0,0,..,0,0,0,0,0,..,0,0,0,0,0,..,0,0,0,0,0,..,0,0,0
UCL222053,0,0,0,0,..,0,0,0,0,0,..,0,0,0,0,0,..,0,0,0,0,0,..,0,0,0,0,0,..,0,0,0,0,0,..,0,0,0,0,0,..,0,0,0,0,0,..,0,0,0,0,0,..,0,0,0,0,0,..,0,3,3,0,3,..,14,3,18,0,18,..,0,0,0,16,24,204,14,3,21,16,240,185,..,..,..,..,185,..,0,0,0,0,0,..,0,0,0,0,0,..,0,0,0,0,0,..,0,0,0,0,0,..,0,0,0,0,0,..,0,0,0,0,0,..,0,0,0,0,0,..,0,0,0,0,0,..,0,0,0,0,0,..,0,0,0,0,0,..,0,0,0,0,0,..,0,0,0,0,0,..,0,0,0,0,0,..,0,0,0,0,0,..,0,0,0,0,0,..,0,0,0,0,0,..,0,0,0,0,0,..,0,0,0,0,0,..,0,0,0
UCL222054,0,0,0,0,..,0,0,0,0,0,..,0,0,0,0,0,..,0,0,0,0,0,..,0,0,0,0,0,..,0,0,0,0,0,..,0,0,0,0,0,..,0,0,0,0,0,..,0,0,0,0,0,..,0,0,0,0,0,..,0,0,0,0,0,..,0,0,0,0,0,..,0,0,0,6,6,120,0,0,0,6,127,139,..,..,..,..,139,..,0,0,0,0,0,..,0,0,0,0,0,..,0,0,0,0,0,..,0,0,0,0,0,..,0,0,0,0,0,..,0,0,0,0,0,..,0,0,0,0,0,..,0,0,0,0,0,..,0,0,0,0,0,..,0,0,0,0,0,..,0,0,0,0,0,..,0,0,0,0,0,..,0,0,0,0,0,..,0,0,0,0,0,..,0,0,0,0,0,..,0,0,0,0,0,..,0,0,0,0,0,..,0,0,0,0,0,..,0,0,0
UCL222055,0,0,0,0,..,0,0,0,0,0,..,0,0,0,0,0,..,0,0,0,0,0,..,0,0,0,0,0,..,0,0,0,0,0,..,0,0,0,0,0,..,0,0,0,0,4,..,0,0,0,0,0,..,0,0,0,0,0,..,0,3,3,0,3,..,4,3,12,0,9,..,0,0,0,17,18,180,5,3,6,16,207,187,..,..,..,..,187,..,0,0,0,0,0,..,0,0,0,0,0,..,0,0,0,0,0,..,0,0,0,0,0,..,0,0,0,0,0,..,0,0,0,0,0,..,0,0,0,0,0,..,0,0,0,0,0,..,0,0,0,0,0,..,0,0,0,0,0,..,0,0,0,0,0,..,0,0,0,0,0,..,0,0,0,0,0,..,0,0,0,0,0,..,0,0,0,0,0,..,0,0,0,0,0,..,0,0,0,0,0,..,0,0,0,0,0,..,0,0,0
UCL222056,0,0,0,0,..,0,0,0,0,0,..,0,0,0,0,0,..,0,0,0,0,0,..,0,0,0,0,0,..,6,0,6,0,6,..,0,0,0,0,0,..,0,0,0,0,0,..,0,0,0,0,0,..,0,0,0,0,0,..,0,0,0,0,0,..,11,5,14,0,14,..,0,0,0,55,56,91,16,5,17,55,166,78,..,..,..,..,78,..,0,0,0,0,0,..,0,0,0,0,0,..,0,0,0,0,0,..,0,0,0,0,0,..,5,3,3,0,3,..,0,0,0,0,0,..,5,0,5,0,5,..,0,0,0,0,0,..,0,0,0,0,0,..,0,0,0,0,0,..,0,0,0,0,0,..,0,0,0,0,0,..,0,0,0,0,0,..,0,0,0,0,0,..,0,0,0,0,0,..,0,0,0,0,0,..,0,0,0,0,0,..,0,0,0,0,0,..,0,0,0
UCL222057,0,0,0,0,..,0,0,0,0,0,..,0,0,0,0,0,..,0,0,0,0,0,..,0,0,0,0,0,..,0,0,0,0,0,..,0,0,0,0,0,..,0,0,0,0,0,..,0,0,0,0,0,..,0,0,0,0,0,..,6,0,6,0,6,..,12,0,12,0,12,..,0,0,0,15,17,142,8,0,8,15,167,135,..,..,..,..,135,..,0,0,0,0,0,..,0,0,0,0,0,..,0,0,0,0,0,..,0,0,0,0,0,..,0,0,0,0,0,..,0,0,0,0,0,..,0,0,0,0,0,..,0,0,0,0,0,..,0,0,0,0,0,..,0,0,0,0,0,..,0,0,0,0,0,..,0,0,0,0,0,..,0,0,0,0,0,..,0,0,0,0,0,..,0,0,0,0,0,..,0,0,0,0,0,..,0,0,0,0,0,..,0,0,0,0,0,..,0,0,0
UCL222058,0,0,0,0,..,0,0,0,0,0,..,0,0,0,0,0,..,0,0,0,0,0,..,0,0,0,0,0,..,0,0,0,0,0,..,0,0,0,0,0,..,0,0,0,0,0,..,0,0,0,0,0,..,0,0,0,0,0,..,0,0,0,0,0,..,3,0,3,0,3,..,0,0,0,11,11,55,3,0,3,11,76,41,..,..,..,..,41,..,0,0,0,0,0,..,0,0,0,0,0,..,0,0,0,0,0,..,0,0,0,0,0,..,4,0,4,0,4,..,0,0,0,0,0,..,4,0,8,0,8,..,0,0,0,0,0,..,0,0,0,0,0,..,0,0,0,0,0,..,0,0,0,0,0,..,0,0,0,0,0,..,0,0,0,0,0,..,0,0,0,0,0,..,0,0,0,0,0,..,0,0,0,0,0,..,0,0,0,0,0,..,0,0,0,0,0,..,0,0,0
UCL222059,0,0,0,0,..,0,0,0,0,0,..,0,0,0,0,0,..,0,0,0,0,0,..,0,0,0,0,0,..,0,0,0,0,0,..,0,0,0,0,0,..,0,0,0,0,0,..,0,0,0,0,0,..,0,0,0,0,0,..,0,0,0,0,0,..,0,0,0,0,0,..,0,0,0,8,8,99,0,0,0,8,101,94,..,..,..,..,94,..,0,0,0,0,0,..,0,0,0,0,0,..,0,0,0,0,0,..,0,0,0,0,0,..,4,0,4,0,4,..,0,0,0,0,0,..,4,0,4,0,4,..,0,0,0,0,0,..,0,0,0,0,0,..,0,0,0,0,0,..,0,0,0,0,0,..,0,0,0,0,0,..,0,0,0,0,0,..,0,0,0,0,0,..,0,0,0,0,0,..,0,0,0,0,0,..,0,0,0,0,0,..,0,0,0,0,0,..,0,0,0
UCL222060,0,0,0,0,..,0,0,0,0,0,..,0,0,0,0,0,..,0,0,0,0,0,..,0,0,0,0,0,..,0,0,0,0,0,..,0,0,0,0,0,..,0,0,0,0,0,..,0,0,0,0,0,..,0,0,0,0,0,..,0,0,0,0,0,..,7,0,7,0,7,..,0,0,0,8,8,103,7,0,7,8,117,79,..,..,..,..,79,..,0,0,0,0,0,..,0,0,0,0,0,..,0,0,0,0,0,..,0,0,0,0,0,..,0,0,0,0,0,..,0,0,0,0,0,..,0,0,0,0,0,..,0,0,0,0,0,..,0,0,0,0,0,..,0,0,0,0,0,..,0,0,0,0,0,..,0,0,0,0,0,..,0,0,0,0,0,..,0,0,0,0,0,..,0,0,0,0,0,..,0,0,0,0,0,..,0,0,0,0,0,..,0,0,0,0,0,..,0,0,0
UCL222061,0,0,0,0,..,0,0,0,0,0,..,0,0,0,0,0,..,0,0,0,0,0,..,0,0,0,0,0,..,0,0,0,0,0,..,0,0,0,0,0,..,0,0,0,0,0,..,0,0,0,0,0,..,0,0,0,0,0,..,0,0,0,0,0,..,5,0,5,0,5,..,0,0,0,7,7,100,5,0,5,7,110,102,..,..,..,..,102,..,0,0,0,0,0,..,0,0,0,0,0,..,0,0,0,0,0,..,0,0,0,0,0,..,0,0,0,0,0,..,0,0,0,0,0,..,0,0,0,0,0,..,0,0,0,0,0,..,0,0,0,0,0,..,0,0,0,0,0,..,0,0,0,0,0,..,0,0,0,0,0,..,0,0,0,0,0,..,0,0,0,0,0,..,0,0,0,0,0,..,0,0,0,0,0,..,0,0,0,0,0,..,0,0,0,0,0,..,0,0,0
UCL222062,0,0,0,0,..,0,0,0,0,0,..,0,0,0,0,0,..,0,0,0,0,0,..,0,0,0,0,0,..,0,0,0,0,0,..,0,0,0,0,0,..,0,0,0,0,0,..,0,0,0,0,0,..,0,0,0,0,0,..,4,0,4,0,4,..,3,0,4,0,4,..,3,0,3,16,20,169,9,0,7,16,190,208,..,..,..,..,208,..,0,0,0,0,0,..,0,0,0,0,0,..,0,0,0,0,0,..,0,0,0,0,0,..,0,0,3,0,3,..,0,0,0,0,0,..,0,0,0,0,0,..,0,0,0,0,0,..,0,0,0,0,0,..,0,0,0,0,0,..,0,0,0,0,0,..,0,0,0,0,0,..,0,0,0,0,0,..,0,0,0,0,0,..,0,0,0,0,0,..,0,0,0,0,0,..,0,0,0,0,0,..,0,0,0,0,0,..,0,0,0
UCL222063,0,0,0,0,..,0,0,0,0,0,..,0,0,0,0,0,..,0,0,0,0,0,..,0,0,0,0,0,..,0,0,0,0,0,..,0,0,0,0,0,..,0,0,0,0,0,..,0,0,0,0,0,..,0,0,0,0,0,..,0,0,0,0,0,..,11,0,11,0,11,..,3,0,3,11,15,196,9,0,9,11,220,213,..,..,..,..,213,..,0,0,0,0,0,..,0,0,0,0,0,..,0,0,0,0,0,..,0,0,0,0,0,..,0,0,0,0,0,..,0,0,0,0,0,..,4,0,4,0,4,..,0,0,0,0,0,..,0,0,0,0,0,..,0,0,0,0,0,..,0,0,0,0,0,..,0,0,0,0,0,..,0,0,0,0,0,..,0,0,0,0,0,..,0,0,0,0,0,..,0,0,0,0,0,..,0,0,0,0,0,..,0,0,0,0,0,..,0,0,0
UCL222064,0,0,0,0,..,0,0,0,0,0,..,0,0,0,0,0,..,0,0,0,0,0,..,0,0,0,0,0,..,0,0,0,0,0,..,0,0,0,0,0,..,0,0,0,0,0,..,0,0,0,0,0,..,0,0,0,0,0,..,0,0,0,0,0,..,0,0,0,0,0,..,0,0,0,12,12,107,0,0,0,12,124,136,..,..,..,..,136,..,0,0,0,0,0,..,0,0,0,0,0,..,0,0,0,0,0,..,0,0,0,0,0,..,0,0,0,0,0,..,0,0,0,0,0,..,0,0,0,0,0,..,0,0,0,0,0,..,0,0,0,0,0,..,0,0,0,0,0,..,0,0,0,0,0,..,0,0,0,0,0,..,0,0,0,0,0,..,0,0,0,0,0,..,0,0,0,0,0,..,0,0,0,0,0,..,0,0,0,0,0,..,0,0,0,0,0,..,0,0,0
UCL222065,0,0,0,0,..,0,0,0,0,0,..,0,0,0,0,0,..,0,0,0,0,0,..,0,0,0,0,0,..,0,0,0,0,0,..,0,0,0,0,0,..,0,0,0,0,0,..,0,0,0,0,0,..,0,0,0,0,0,..,0,0,0,0,0,..,0,0,0,0,0,..,0,0,0,7,8,105,0,0,0,7,116,88,..,..,..,..,88,..,0,0,0,0,0,..,0,0,0,0,0,..,0,0,0,0,0,..,0,0,0,0,0,..,0,0,0,0,0,..,0,0,0,0,0,..,0,0,0,0,0,..,0,0,0,0,0,..,0,0,0,0,0,..,0,0,0,0,0,..,0,0,0,0,0,..,0,0,0,0,0,..,0,0,0,0,0,..,0,0,0,0,0,..,0,0,0,0,0,..,0,0,0,0,0,..,0,0,0,0,0,..,0,0,0,0,0,..,0,0,0
UCL222066,0,0,0,0,..,0,0,0,0,0,..,0,0,0,0,0,..,0,8,8,0,8,..,0,8,8,0,8,..,0,0,0,0,0,..,0,0,0,0,0,..,0,0,0,0,0,..,0,0,0,0,0,..,0,4,4,0,4,..,0,0,0,0,0,..,9,10,11,0,11,..,0,0,0,19,17,112,9,10,13,19,142,113,..,..,..,..,113,..,0,0,0,0,0,..,0,0,0,0,0,..,0,0,0,0,0,..,0,0,0,0,0,..,0,0,0,0,0,..,0,0,0,0,0,..,0,0,0,0,0,..,0,0,0,0,0,..,0,0,0,0,0,..,0,0,0,0,0,..,0,0,0,0,0,..,0,0,0,0,0,..,0,0,0,0,0,..,0,0,0,0,0,..,0,0,0,0,0,..,0,0,0,0,0,..,0,0,0,0,0,..,0,0,0,0,0,..,0,0,0
UCL222067,0,0,0,0,..,0,0,0,0,0,..,0,0,0,0,0,..,0,0,0,0,0,..,0,0,0,0,0,..,0,0,0,0,0,..,0,0,0,0,0,..,0,0,0,0,0,..,0,0,0,0,0,..,0,0,0,0,0,..,0,0,0,0,0,..,0,0,0,0,4,..,0,0,0,18,18,95,0,0,0,17,114,111,..,..,..,..,111,..,0,0,0,0,0,..,0,0,0,0,0,..,0,0,0,0,0,..,0,0,0,0,0,..,0,0,0,0,0,..,0,0,0,0,0,..,0,0,0,0,0,..,0,0,0,0,0,..,0,0,0,0,0,..,0,0,0,0,0,..,0,0,0,0,0,..,0,0,0,0,0,..,0,0,0,0,0,..,0,0,0,0,0,..,0,0,0,0,0,..,0,0,0,0,0,..,0,0,0,0,0,..,0,0,0,0,0,..,0,0,0
UCL222068,0,0,0,0,..,0,0,0,0,0,..,0,0,0,0,0,..,0,0,0,0,0,..,0,0,0,0,0,..,0,0,0,0,0,..,0,0,0,0,0,..,0,0,0,0,0,..,0,0,0,0,0,..,0,0,0,0,0,..,0,0,0,0,0,..,3,0,6,0,6,..,0,0,0,13,13,89,3,0,6,13,104,86,..,..,..,..,86,..,0,0,0,0,0,..,0,0,0,0,0,..,0,0,0,0,0,..,0,0,0,0,0,..,0,0,0,0,0,..,0,0,0,0,0,..,0,0,0,0,0,..,0,0,0,0,0,..,0,0,0,0,0,..,0,0,0,0,0,..,0,0,0,0,0,..,0,0,0,0,0,..,0,0,0,0,0,..,0,0,0,0,0,..,0,0,0,0,0,..,0,0,0,0,0,..,0,0,0,0,0,..,0,0,0,0,0,..,0,0,0
UCL222069,0,0,0,0,..,0,0,0,0,0,..,0,0,0,0,0,..,0,0,0,0,0,..,0,0,0,0,0,..,0,0,0,0,0,..,0,0,0,0,0,..,0,0,0,0,0,..,0,0,0,0,0,..,0,0,0,0,0,..,0,0,0,0,0,..,5,0,5,0,5,..,0,0,0,15,16,231,9,0,9,15,256,216,..,..,..,..,216,..,0,0,0,0,0,..,0,0,0,0,0,..,0,0,0,0,0,..,0,0,0,0,0,..,0,0,0,0,0,..,0,0,0,0,0,..,0,0,0,0,0,..,0,0,0,0,0,..,0,0,0,0,0,..,0,0,0,0,0,..,0,0,0,0,0,..,0,0,0,0,0,..,0,0,0,0,0,..,0,0,0,0,0,..,0,0,0,0,0,..,0,0,0,0,0,..,0,0,0,0,0,..,0,0,0,0,0,..,0,0,0
UCL222070,0,0,0,0,..,0,0,0,0,0,..,0,0,0,0,0,..,0,0,0,0,0,..,0,0,0,0,0,..,0,0,0,0,0,..,0,0,0,0,0,..,0,0,0,0,0,..,0,0,0,0,0,..,0,0,0,0,0,..,0,0,0,0,0,..,0,0,0,0,0,..,0,0,0,7,9,103,3,0,3,7,110,101,..,..,..,..,101,..,0,0,0,0,0,..,0,0,0,0,0,..,0,0,0,0,0,..,0,0,0,0,0,..,0,0,0,0,0,..,0,0,0,0,0,..,0,0,0,0,0,..,0,0,0,0,0,..,0,0,0,0,0,..,0,0,0,0,0,..,0,0,0,0,0,..,0,0,0,0,0,..,0,0,0,0,0,..,0,0,0,0,0,..,0,0,0,0,0,..,0,0,0,0,0,..,0,0,0,0,0,..,0,0,0,0,0,..,0,0,0
UCL222071,0,0,0,0,..,0,0,0,0,0,..,0,0,0,0,0,..,0,0,0,0,0,..,0,0,0,0,0,..,0,0,0,0,0,..,0,0,0,0,0,..,0,0,0,0,0,..,0,0,0,0,0,..,0,0,0,0,0,..,0,4,7,0,7,..,5,3,9,0,9,..,0,0,0,19,18,158,8,3,12,19,187,178,..,..,..,..,178,..,0,0,0,0,0,..,0,0,0,0,0,..,0,0,0,0,0,..,0,0,0,0,0,..,0,0,0,0,0,..,0,0,0,0,0,..,0,0,0,0,0,..,0,0,0,0,0,..,0,0,0,0,0,..,0,0,0,0,0,..,0,0,0,0,0,..,0,0,0,0,0,..,0,0,0,0,0,..,0,0,0,0,0,..,0,0,0,0,0,..,0,0,0,0,0,..,0,0,0,0,0,..,0,0,0,0,0,..,0,0,0
UCL222072,0,0,0,0,..,0,0,0,0,0,..,0,0,0,0,0,..,0,0,0,0,0,..,0,0,0,0,0,..,0,0,0,0,0,..,0,0,0,0,0,..,0,0,0,0,0,..,0,0,0,0,0,..,0,0,0,0,0,..,4,0,4,0,4,..,5,0,5,0,5,..,0,0,0,28,28,150,5,0,5,28,178,143,..,..,..,..,143,..,0,0,0,0,0,..,0,0,0,0,0,..,0,0,0,0,0,..,0,0,0,0,0,..,0,0,0,0,0,..,0,0,0,0,0,..,0,0,0,0,0,..,0,0,0,0,0,..,0,0,0,0,0,..,0,0,0,0,0,..,0,0,0,0,0,..,0,0,0,0,0,..,0,0,0,0,0,..,0,0,0,0,0,..,0,0,0,0,0,..,0,0,0,0,0,..,0,0,0,0,0,..,0,0,0,0,0,..,0,0,0
UCL222073,0,0,0,0,..,4,0,4,0,4,..,0,0,0,0,0,..,0,0,0,0,0,..,4,0,4,0,4,..,5,0,5,0,5,..,0,0,0,0,0,..,0,0,0,0,0,..,0,0,0,0,0,..,0,0,0,0,0,..,0,0,0,0,0,..,6,0,8,0,8,..,0,0,0,11,11,99,6,0,8,11,117,97,..,..,..,..,97,..,0,0,0,0,0,..,0,0,0,0,0,..,0,0,0,0,0,..,0,0,0,0,0,..,0,0,0,0,0,..,0,0,0,0,0,..,0,0,0,0,0,..,0,0,0,0,0,..,0,0,0,0,0,..,0,0,0,0,0,..,0,0,0,0,0,..,0,0,0,0,0,..,0,0,0,0,0,..,0,0,0,0,0,..,0,0,0,0,0,..,0,0,0,0,0,..,0,0,0,0,0,..,0,0,0,0,0,..,0,0,0
UCL222074,0,0,0,0,..,0,0,0,0,0,..,0,0,0,0,0,..,0,0,0,0,0,..,0,0,0,0,0,..,0,0,0,0,0,..,0,0,0,0,0,..,0,0,0,0,0,..,0,0,0,0,0,..,0,0,0,0,0,..,0,0,0,0,0,..,0,0,0,0,0,..,0,0,0,15,18,96,4,0,4,15,116,78,..,..,..,..,78,..,0,0,0,0,0,..,0,0,0,0,0,..,0,0,0,0,0,..,0,0,0,0,0,..,0,0,0,0,0,..,0,0,0,0,0,..,0,0,0,0,0,..,0,0,0,0,0,..,0,0,0,0,0,..,0,0,0,0,0,..,0,0,0,0,0,..,0,0,0,0,0,..,0,0,0,0,0,..,0,0,0,0,0,..,0,0,0,0,0,..,0,0,0,0,0,..,0,0,0,0,0,..,0,0,0,0,0,..,0,0,0
UCL222075,0,0,0,0,..,0,0,0,0,0,..,0,0,0,0,0,..,0,0,0,0,0,..,0,0,0,0,0,..,0,0,0,0,0,..,0,0,0,0,0,..,0,0,0,0,0,..,0,0,0,0,0,..,0,0,0,0,0,..,0,0,0,0,0,..,6,0,9,0,9,..,0,0,0,16,21,218,8,0,12,16,244,209,..,..,..,..,209,..,0,0,0,0,0,..,0,0,0,0,0,..,0,0,0,0,0,..,0,0,0,0,0,..,0,0,0,0,0,..,0,0,0,0,0,..,0,0,0,0,0,..,0,0,0,0,0,..,0,0,0,0,0,..,0,0,0,0,0,..,0,0,0,0,0,..,0,0,0,0,0,..,0,0,0,0,0,..,0,0,0,0,0,..,0,0,0,0,0,..,0,0,0,0,0,..,0,0,0,0,0,..,0,0,0,0,0,..,0,0,0
UCL222076,0,20,0,20,..,0,0,0,0,0,..,16,0,11,0,11,..,5,0,5,0,5,..,40,0,40,0,40,..,0,0,0,0,0,..,0,0,0,0,0,..,0,0,0,0,0,..,0,0,0,0,0,..,0,0,0,0,0,..,0,0,0,0,0,..,41,3,43,0,43,..,0,0,0,26,26,163,41,3,43,26,230,175,..,..,..,..,175,..,0,0,0,0,0,..,0,0,0,0,0,..,0,0,0,0,0,..,0,0,0,0,0,..,0,0,0,0,0,..,0,0,0,0,0,..,0,0,0,0,0,..,0,0,0,0,0,..,0,0,0,0,0,..,0,0,0,0,0,..,5,0,5,0,5,..,0,0,0,0,0,..,0,0,0,0,0,..,0,0,0,0,0,..,0,0,0,0,0,..,0,0,0,0,0,..,0,0,0,0,0,..,0,0,0,0,0,..,0,0,0
UCL222077,0,0,0,0,..,0,0,0,0,0,..,0,0,0,0,0,..,0,0,0,0,0,..,0,0,0,0,0,..,0,0,0,0,0,..,0,0,0,0,0,..,0,0,0,0,0,..,0,0,0,0,0,..,4,0,4,0,4,..,3,0,3,0,3,..,7,0,7,0,7,..,0,0,0,22,22,211,7,0,7,22,243,199,..,..,..,..,199,..,0,0,0,0,0,..,0,0,4,0,4,..,0,0,0,0,0,..,0,0,0,0,0,..,0,0,0,0,0,..,0,0,0,0,0,..,0,0,0,0,0,..,0,0,0,0,0,..,0,0,0,0,0,..,0,0,0,0,0,..,0,0,0,0,0,..,0,0,0,0,0,..,0,0,0,0,0,..,0,0,0,0,0,..,0,0,0,0,0,..,0,0,0,0,0,..,0,0,0,0,0,..,0,0,0,0,0,..,0,0,0
UCL222078,0,0,0,0,..,0,0,0,0,0,..,0,0,0,0,0,..,0,0,0,0,0,..,0,0,0,0,0,..,0,0,0,0,0,..,0,0,0,0,0,..,0,0,0,0,0,..,0,0,0,0,0,..,0,0,0,0,0,..,0,0,0,0,0,..,0,0,0,0,0,..,0,0,0,11,11,139,0,0,0,11,149,122,..,..,..,..,122,..,0,0,0,0,0,..,0,0,0,0,0,..,0,0,0,0,0,..,0,0,0,0,0,..,0,0,0,0,0,..,0,0,0,0,0,..,0,0,0,0,0,..,0,0,0,0,0,..,0,0,0,0,0,..,0,0,0,0,0,..,0,0,0,0,0,..,0,0,0,0,0,..,0,0,0,0,0,..,0,0,0,0,0,..,0,0,0,0,0,..,0,0,0,0,0,..,0,0,0,0,0,..,0,0,0,0,0,..,0,0,0
UCL222079,0,0,0,0,..,0,0,0,0,0,..,0,0,0,0,0,..,0,0,0,0,0,..,0,0,0,0,0,..,0,0,0,0,0,..,0,0,0,0,0,..,0,0,0,0,0,..,0,0,0,0,0,..,0,0,0,0,0,..,3,0,3,0,3,..,7,0,7,0,7,..,0,0,0,9,9,216,7,0,7,9,232,215,..,..,..,..,215,..,0,0,0,0,0,..,0,0,0,0,0,..,0,0,0,0,0,..,0,0,0,0,0,..,0,0,0,0,0,..,0,0,0,0,0,..,0,0,0,0,0,..,0,0,0,0,0,..,0,0,0,0,0,..,0,0,0,0,0,..,0,0,0,0,0,..,0,0,0,0,0,..,0,0,0,0,0,..,0,0,0,0,0,..,0,0,0,0,0,..,0,0,0,0,0,..,0,0,0,0,0,..,0,0,0,0,0,..,0,0,0
UCL222080,0,0,0,0,..,0,0,0,0,0,..,0,0,0,0,0,..,0,0,0,0,0,..,0,0,0,0,0,..,3,3,7,0,7,..,0,0,0,0,0,..,0,0,0,0,0,..,0,0,0,0,0,..,0,0,0,0,0,..,5,0,3,0,3,..,12,7,16,0,16,..,0,0,0,11,8,150,17,7,20,11,177,150,..,..,..,..,150,..,0,0,0,0,0,..,0,0,0,0,0,..,0,0,0,0,0,..,0,0,0,0,0,..,0,0,0,0,0,..,0,0,0,0,0,..,0,0,0,0,0,..,0,0,0,0,0,..,0,0,0,0,0,..,0,0,0,0,0,..,0,0,0,0,0,..,0,0,0,0,0,..,0,0,0,0,0,..,0,0,0,0,0,..,0,0,0,0,0,..,0,0,0,0,0,..,0,0,0,0,0,..,0,0,0,0,0,..,0,0,0
UCL222081,0,0,0,0,..,0,0,0,0,0,..,0,0,0,0,0,..,0,0,0,0,0,..,0,0,0,0,0,..,0,0,0,0,0,..,0,0,0,0,0,..,0,0,0,0,0,..,0,0,0,0,0,..,0,0,0,0,0,..,0,0,0,0,0,..,0,0,0,0,0,..,0,0,0,11,11,123,0,0,0,11,136,109,..,..,..,..,109,..,0,0,0,0,0,..,0,0,0,0,0,..,0,0,0,0,0,..,0,0,0,0,0,..,0,0,0,0,0,..,0,0,0,0,0,..,0,0,0,0,0,..,0,0,0,0,0,..,0,0,0,0,0,..,0,0,0,0,0,..,0,0,0,0,0,..,0,0,0,0,0,..,0,0,0,0,0,..,0,0,0,0,0,..,0,0,0,0,0,..,0,0,0,0,0,..,0,0,0,0,0,..,0,0,0,0,0,..,0,0,0
UCL222082,0,0,0,0,..,0,0,0,0,0,..,0,0,0,0,0,..,0,0,0,0,0,..,0,0,0,0,0,..,0,0,0,0,0,..,0,0,0,0,0,..,0,0,0,0,0,..,0,0,0,0,0,..,0,0,0,0,0,..,0,0,0,0,0,..,4,0,4,0,4,..,0,0,0,16,17,101,9,0,9,16,122,93,..,..,..,..,93,..,0,0,0,0,0,..,0,0,0,0,0,..,0,0,0,0,0,..,0,0,0,0,0,..,0,0,0,0,0,..,0,0,0,0,0,..,0,0,0,0,0,..,0,0,0,0,0,..,0,0,0,0,0,..,0,0,0,0,0,..,0,0,0,0,0,..,0,0,0,0,0,..,0,0,0,0,0,..,0,0,0,0,0,..,0,0,0,0,0,..,0,0,0,0,0,..,0,0,0,0,0,..,0,0,0,0,0,..,0,0,0
UCL222083,0,0,0,0,..,0,0,0,0,0,..,0,0,0,0,0,..,0,0,0,0,0,..,0,0,0,0,0,..,0,0,0,0,0,..,0,0,0,0,0,..,0,0,0,0,0,..,0,0,0,0,0,..,0,0,0,0,0,..,0,0,0,0,0,..,3,0,3,0,3,..,0,0,0,0,0,104,3,0,3,4,108,93,..,..,..,..,93,..,0,0,0,0,0,..,0,0,0,0,0,..,0,0,0,0,0,..,0,0,0,0,0,..,0,0,0,0,0,..,0,0,0,0,0,..,0,0,0,0,0,..,0,0,0,0,0,..,0,0,0,0,0,..,0,0,0,0,0,..,3,0,3,0,3,..,0,0,0,0,0,..,0,0,0,0,0,..,0,0,0,0,0,..,0,0,0,0,0,..,0,0,0,0,0,..,0,0,0,0,0,..,0,0,0,0,0,..,0,0,0
UCL222084,0,0,0,0,..,0,0,0,0,0,..,0,0,0,0,0,..,0,0,0,0,0,..,0,0,0,0,0,..,0,0,0,0,0,..,0,0,0,0,0,..,0,0,0,0,0,..,0,0,0,0,0,..,0,0,0,0,0,..,0,0,0,0,0,..,4,0,4,0,4,..,0,0,0,25,28,201,7,0,7,25,232,204,..,..,..,..,204,..,0,0,0,0,0,..,0,0,0,0,0,..,0,0,0,0,0,..,0,0,0,0,0,..,0,0,0,0,0,..,0,0,0,0,0,..,0,0,0,0,0,..,0,0,0,0,0,..,0,0,0,0,0,..,0,0,4,0,4,..,0,0,0,0,0,..,0,0,0,0,0,..,0,0,0,0,0,..,0,0,0,0,0,..,0,0,0,0,0,..,0,0,0,0,0,..,0,0,0,0,0,..,0,0,0,0,0,..,0,0,0
UCL222085,0,0,0,0,..,0,0,0,0,0,..,0,0,0,0,0,..,0,0,0,0,0,..,0,0,0,0,0,..,0,0,0,0,0,..,0,0,0,0,0,..,0,0,0,0,0,..,0,0,0,0,0,..,0,0,0,0,0,..,0,0,0,0,0,..,11,0,13,0,13,..,0,0,0,4,4,135,11,0,13,4,154,140,..,..,..,..,140,..,0,0,0,0,0,..,0,0,0,0,0,..,0,0,0,0,0,..,0,0,0,0,0,..,0,0,0,0,0,..,0,0,0,0,0,..,0,0,0,0,0,..,0,0,0,0,0,..,0,0,0,0,0,..,0,0,0,0,0,..,6,0,6,0,6,..,0,0,0,0,0,..,0,0,0,0,0,..,0,0,0,0,0,..,0,0,0,0,0,..,0,0,0,0,0,..,0,0,0,0,0,..,0,0,0,0,0,..,0,0,0
UCL222086,0,0,0,0,..,0,0,0,0,0,..,0,0,0,0,0,..,0,0,0,0,0,..,0,0,0,0,0,..,0,0,0,0,0,..,0,0,0,0,0,..,0,0,0,0,0,..,0,0,0,0,0,..,0,0,0,0,0,..,0,0,0,0,0,..,4,0,9,0,9,..,0,0,0,16,18,175,6,0,3,16,197,170,..,..,..,..,170,..,0,0,0,0,0,..,0,0,0,0,0,..,0,0,0,0,0,..,0,0,0,0,0,..,0,0,0,0,0,..,0,0,0,0,0,..,6,0,6,0,6,..,0,0,0,0,0,..,0,0,0,0,0,..,0,0,0,0,0,..,0,0,0,0,0,..,0,0,0,0,0,..,0,0,0,0,0,..,0,0,0,0,0,..,0,0,0,0,0,..,0,0,0,0,0,..,0,0,0,0,0,..,0,0,0,0,0,..,0,0,0
UCL222087,0,0,0,0,..,0,0,0,0,0,..,0,0,0,0,0,..,0,0,0,0,0,..,0,0,0,0,0,..,0,0,0,0,0,..,0,0,0,0,0,..,0,0,0,0,0,..,0,0,0,0,0,..,0,0,0,0,0,..,0,0,0,0,0,..,6,0,6,0,5,..,0,0,0,8,12,217,5,0,5,14,234,232,..,..,..,..,232,..,0,0,0,0,0,..,0,0,0,0,0,..,0,0,0,0,0,..,0,0,0,0,0,..,0,0,0,0,0,..,0,0,0,0,0,..,0,0,0,0,0,..,0,0,0,0,0,..,0,0,0,0,0,..,0,0,0,0,0,..,0,0,0,0,0,..,0,0,0,0,0,..,0,0,0,0,0,..,0,0,0,0,0,..,0,0,0,0,0,..,0,0,0,0,0,..,0,0,0,0,0,..,0,0,0,0,0,..,0,0,0
UCL222088,0,0,0,0,..,0,0,0,0,0,..,0,0,0,0,0,..,0,0,0,0,0,..,0,0,0,0,0,..,0,0,0,0,0,..,0,0,0,0,0,..,0,0,0,0,0,..,0,0,0,0,0,..,0,0,0,0,0,..,3,0,3,0,3,..,8,0,8,0,8,..,0,0,0,9,9,130,8,0,8,9,141,105,..,..,..,..,105,..,0,0,0,0,0,..,0,0,0,0,0,..,0,0,0,0,0,..,0,0,0,0,0,..,0,0,0,0,0,..,0,0,0,0,0,..,0,0,0,0,0,..,0,0,0,0,0,..,0,0,0,0,0,..,0,0,3,0,3,..,0,0,0,0,0,..,0,0,0,0,0,..,0,0,0,0,0,..,0,0,0,0,0,..,0,0,0,0,0,..,0,0,0,0,0,..,0,0,0,0,0,..,0,0,0,0,0,..,0,0,0
UCL222089,0,0,0,0,..,0,0,0,0,0,..,0,0,0,0,0,..,0,0,0,0,0,..,0,0,0,0,0,..,0,0,0,0,0,..,0,0,0,0,0,..,0,0,0,0,0,..,0,0,0,0,0,..,0,0,0,0,0,..,0,0,0,0,0,..,0,0,0,0,0,..,0,0,0,7,4,96,0,0,0,7,104,100,..,..,..,..,100,..,0,0,0,0,0,..,0,0,0,0,0,..,0,0,0,0,0,..,0,0,0,0,0,..,0,0,0,0,0,..,0,0,0,0,0,..,0,0,0,0,0,..,0,0,0,0,0,..,0,0,0,0,0,..,0,0,0,0,0,..,0,0,0,0,0,..,0,0,0,0,0,..,0,0,0,0,0,..,0,0,0,0,0,..,0,0,0,0,0,..,0,0,0,0,0,..,0,0,0,0,0,..,0,0,0,0,0,..,0,0,0
UCL222090,0,0,0,0,..,0,0,0,0,0,..,0,0,0,0,0,..,0,0,0,0,0,..,0,0,0,0,0,..,0,0,0,0,0,..,0,0,0,0,0,..,0,0,0,0,0,..,0,0,0,0,0,..,0,0,0,0,0,..,0,0,0,0,0,..,0,0,0,0,0,..,0,0,0,21,21,112,0,0,0,21,131,94,..,..,..,..,94,..,0,0,0,0,0,..,0,0,0,0,0,..,0,0,0,0,0,..,0,0,0,0,0,..,0,0,0,0,0,..,0,0,0,0,0,..,0,0,0,0,0,..,5,0,5,0,5,..,0,0,0,0,0,..,0,0,0,0,0,..,0,0,0,0,0,..,0,0,0,0,0,..,0,0,0,0,0,..,0,0,0,0,0,..,0,0,0,0,0,..,0,0,0,0,0,..,0,0,0,0,0,..,0,0,0,0,0,..,0,0,0
UCL222091,0,0,0,0,..,0,0,0,0,0,..,0,0,0,0,0,..,0,0,0,0,0,..,0,0,0,0,0,..,0,0,0,0,0,..,0,0,0,0,0,..,0,3,3,0,3,..,0,0,0,0,0,..,0,0,0,0,0,..,0,0,0,0,0,..,0,3,7,0,7,..,0,0,0,12,12,188,0,3,7,12,202,188,..,..,..,..,188,..,0,0,0,0,0,..,0,0,0,0,0,..,0,0,0,0,0,..,0,0,0,0,0,..,0,0,0,0,0,..,0,0,0,0,0,..,0,0,0,0,0,..,0,0,0,0,0,..,0,0,0,0,0,..,0,0,0,0,0,..,0,0,0,0,0,..,0,0,0,0,0,..,0,0,0,0,0,..,0,0,0,0,0,..,0,0,0,0,0,..,0,0,0,0,0,..,0,0,0,0,0,..,0,0,0,0,0,..,0,0,0
UCL222092,0,0,0,0,..,0,0,0,0,0,..,0,0,0,0,0,..,0,0,0,0,0,..,0,0,0,0,0,..,0,0,0,0,0,..,0,0,0,0,0,..,0,0,0,0,0,..,0,0,0,0,0,..,0,0,0,0,0,..,0,0,0,3,5,..,5,0,5,3,4,..,0,0,0,9,13,173,4,0,4,13,187,156,..,..,..,..,156,..,0,0,0,0,0,..,0,0,0,0,0,..,0,0,0,0,0,..,0,0,0,0,0,..,0,0,0,0,0,..,0,0,0,0,0,..,0,0,0,0,0,..,0,0,0,0,0,..,0,0,0,0,0,..,0,0,0,0,0,..,0,0,0,0,0,..,0,0,0,0,0,..,0,0,0,0,0,..,0,0,0,0,0,..,0,0,0,0,0,..,0,0,0,0,0,..,0,0,0,0,0,..,0,0,0,0,0,..,0,0,0
UCL222093,0,0,0,0,..,0,0,0,0,0,..,0,0,0,0,0,..,0,0,0,0,0,..,0,0,0,0,0,..,0,0,0,0,0,..,0,0,0,0,0,..,0,0,0,0,0,..,0,0,0,0,0,..,0,0,0,0,0,..,0,0,0,0,0,..,4,0,4,0,4,..,0,0,0,19,19,185,4,0,4,19,212,185,..,..,..,..,185,..,0,0,0,0,0,..,0,0,0,0,0,..,0,0,0,0,0,..,0,0,0,0,0,..,0,0,0,0,0,..,0,0,0,0,0,..,0,0,0,0,0,..,0,0,0,0,0,..,0,0,0,0,0,..,0,0,0,0,0,..,0,0,0,0,0,..,0,0,0,0,0,..,0,0,0,0,0,..,0,0,0,0,0,..,0,0,0,0,0,..,0,0,0,0,0,..,0,0,0,0,0,..,0,0,0,0,0,..,0,0,0
UCL222094,0,0,0,0,..,0,0,0,0,0,..,0,0,0,0,0,..,0,0,0,0,0,..,0,0,0,0,0,..,0,0,0,0,0,..,0,0,0,0,0,..,0,0,0,0,0,..,0,0,0,0,0,..,0,0,0,0,0,..,0,0,0,0,0,..,0,0,0,0,0,..,0,0,0,16,16,158,0,0,0,16,178,158,..,..,..,..,158,..,0,0,0,0,0,..,0,0,0,0,0,..,0,0,0,0,0,..,0,0,0,0,0,..,0,0,0,0,0,..,0,0,0,0,0,..,0,0,0,0,0,..,0,0,0,0,0,..,0,0,0,0,0,..,0,0,0,0,0,..,0,0,0,0,0,..,0,0,0,0,0,..,0,0,0,0,0,..,0,0,0,0,0,..,0,0,0,0,0,..,0,0,0,0,0,..,0,0,0,0,0,..,0,0,0,0,0,..,0,0,0
UCL222095,0,0,0,0,..,0,0,0,0,0,..,0,0,0,0,0,..,0,0,0,0,0,..,0,0,0,0,0,..,0,0,0,0,0,..,0,0,0,0,0,..,0,0,0,0,0,..,0,0,0,0,0,..,0,0,0,0,0,..,0,0,0,0,0,..,0,0,0,0,0,..,0,0,0,3,3,86,0,0,0,3,89,89,..,..,..,..,89,..,0,0,0,0,0,..,0,0,0,0,0,..,0,0,0,0,0,..,0,0,0,0,0,..,0,0,0,0,0,..,0,0,0,0,0,..,0,0,0,0,0,..,0,0,0,0,0,..,0,0,0,0,0,..,0,0,0,0,0,..,0,0,0,0,0,..,0,0,0,0,0,..,0,0,0,0,0,..,0,0,0,0,0,..,0,0,0,0,0,..,0,0,0,0,0,..,0,0,0,0,0,..,0,0,0,0,0,..,0,0,0
UCL222096,0,0,0,0,..,0,0,0,0,0,..,0,0,0,0,0,..,0,0,0,0,0,..,0,0,0,0,0,..,0,0,0,0,0,..,0,0,0,0,0,..,0,0,0,0,0,..,0,0,0,0,0,..,0,0,0,0,0,..,0,0,0,0,0,..,9,0,9,0,9,..,0,0,0,10,10,174,9,0,9,10,194,206,..,..,..,..,206,..,0,0,0,0,0,..,0,0,0,0,0,..,0,0,0,0,0,..,0,0,0,0,0,..,0,0,0,0,0,..,0,0,0,0,0,..,0,0,0,0,0,..,0,0,0,0,0,..,0,0,0,0,0,..,0,0,0,0,0,..,0,0,0,0,0,..,0,0,0,0,0,..,0,0,0,0,0,..,0,0,0,0,0,..,0,0,0,0,0,..,0,0,0,0,0,..,0,0,0,0,0,..,0,0,0,0,0,..,0,0,0
UCL222097,0,0,0,0,..,0,0,0,0,0,..,0,0,0,0,0,..,0,0,0,0,0,..,0,0,0,0,0,..,0,0,0,0,0,..,0,0,0,0,0,..,0,0,0,0,0,..,0,0,0,0,0,..,0,0,0,0,0,..,0,0,0,0,0,..,0,0,0,0,0,..,0,0,0,9,9,147,0,0,0,9,161,160,..,..,..,..,160,..,0,0,0,0,0,..,0,0,0,0,0,..,0,0,0,0,0,..,0,0,0,0,0,..,0,0,0,0,0,..,0,0,0,0,0,..,0,0,0,0,0,..,0,0,0,0,0,..,0,0,0,0,0,..,0,0,0,0,0,..,0,0,0,0,0,..,0,0,0,0,0,..,0,0,0,0,0,..,0,0,0,0,0,..,0,0,0,0,0,..,0,0,0,0,0,..,0,0,0,0,0,..,0,0,0,0,0,..,0,0,0
UCL222098,0,0,0,0,..,0,0,0,0,0,..,0,0,0,0,0,..,0,0,0,0,0,..,0,0,0,0,0,..,0,0,0,0,0,..,0,0,0,0,0,..,0,0,0,0,0,..,0,0,0,0,0,..,0,0,0,0,0,..,0,0,0,0,0,..,7,0,7,0,7,..,0,0,0,6,6,164,8,0,8,6,180,169,..,..,..,..,169,..,0,0,0,0,0,..,0,0,0,0,0,..,0,0,0,0,0,..,0,0,0,0,0,..,0,0,0,0,0,..,0,0,0,0,0,..,0,0,0,0,0,..,0,0,0,0,0,..,0,0,0,0,0,..,3,0,3,0,3,..,0,0,0,0,0,..,0,0,0,0,0,..,0,0,0,0,0,..,0,0,0,0,0,..,0,0,0,0,0,..,0,0,0,0,0,..,0,0,0,0,0,..,0,0,0,0,0,..,0,0,0
UCL222099,0,0,0,0,..,0,0,0,0,0,..,0,0,0,0,0,..,0,0,0,0,0,..,0,0,0,0,0,..,0,0,0,0,0,..,0,0,0,0,0,..,0,0,0,0,0,..,0,0,0,0,0,..,0,0,0,0,0,..,3,0,5,0,5,..,6,0,7,0,7,..,0,0,0,6,6,89,6,0,7,6,107,99,..,..,..,..,99,..,0,0,0,0,0,..,0,0,0,0,0,..,0,0,0,0,0,..,0,0,0,0,0,..,0,0,0,0,0,..,0,0,0,0,0,..,0,0,0,0,0,..,0,0,0,0,0,..,0,0,0,0,0,..,0,0,0,0,0,..,0,0,0,0,0,..,0,0,0,0,0,..,0,0,0,0,0,..,0,0,0,0,0,..,0,0,0,0,0,..,0,0,0,0,0,..,0,0,0,0,0,..,0,0,0,0,0,..,0,0,0
UCL222100,0,0,0,0,..,0,0,0,0,0,..,0,0,0,0,0,..,0,0,0,0,0,..,0,0,0,0,0,..,0,0,0,0,0,..,0,0,0,0,0,..,0,0,0,0,0,..,0,0,0,0,0,..,0,0,0,0,0,..,3,3,3,0,3,..,0,3,7,0,7,..,0,0,0,14,18,103,9,3,6,14,126,98,..,..,..,..,98,..,0,0,0,0,0,..,0,0,0,0,0,..,0,0,0,0,0,..,0,0,0,0,0,..,0,0,0,0,0,..,0,0,0,0,0,..,0,0,0,0,0,..,0,0,0,0,0,..,0,0,0,0,0,..,0,0,0,0,0,..,0,0,0,0,0,..,0,0,0,0,0,..,0,0,0,0,0,..,0,0,0,0,0,..,0,0,0,0,0,..,0,0,0,0,0,..,0,0,0,0,0,..,0,0,0,0,0,..,0,0,0
UCL222101,0,0,0,0,..,0,0,0,0,0,..,0,0,0,0,0,..,0,0,0,0,0,..,0,0,0,0,0,..,0,0,0,0,0,..,0,0,0,0,0,..,0,0,0,0,0,..,0,0,0,0,0,..,0,0,0,0,0,..,0,0,0,0,0,..,4,0,4,0,4,..,0,0,0,17,17,124,4,0,4,17,144,115,..,..,..,..,115,..,0,0,0,0,0,..,0,0,0,0,0,..,0,0,0,0,0,..,0,0,0,0,0,..,4,0,6,0,6,..,0,0,0,0,0,..,4,0,3,0,3,..,0,0,0,0,0,..,0,0,0,0,0,..,0,0,0,0,0,..,0,0,0,0,0,..,0,0,0,0,0,..,0,0,0,0,0,..,0,0,0,0,0,..,0,0,0,0,0,..,0,0,0,0,0,..,0,0,0,0,0,..,0,0,0,0,0,..,0,0,0
UCL222102,0,0,0,0,..,0,0,0,0,0,..,0,0,0,0,0,..,0,0,0,0,0,..,0,0,0,0,0,..,3,0,3,0,3,..,0,0,0,0,0,..,0,0,0,0,0,..,0,0,0,0,0,..,0,0,0,0,0,..,0,0,0,0,0,..,8,0,9,0,9,..,0,0,0,15,15,180,8,0,9,15,200,188,..,..,..,..,188,..,0,0,0,0,0,..,0,0,0,0,0,..,0,0,0,0,0,..,0,0,0,0,0,..,0,0,0,0,0,..,0,0,0,0,0,..,0,0,0,0,0,..,0,0,0,0,0,..,0,0,0,0,0,..,0,0,0,0,0,..,4,0,4,0,4,..,0,0,0,0,0,..,0,0,0,0,0,..,0,0,0,0,0,..,0,0,0,0,0,..,0,0,0,0,0,..,0,0,0,0,0,..,0,0,0,0,0,..,0,0,0
UCL222103,0,0,0,0,..,0,0,0,0,0,..,0,0,0,0,0,..,0,0,0,0,0,..,0,0,0,0,0,..,0,0,0,0,0,..,0,0,0,0,0,..,0,0,0,0,0,..,0,0,0,0,0,..,0,0,0,0,0,..,0,0,0,0,0,..,0,0,0,0,0,..,0,0,0,3,3,109,0,0,0,3,113,104,..,..,..,..,104,..,0,0,0,0,0,..,0,0,0,0,0,..,0,0,0,0,0,..,0,0,0,0,0,..,0,0,0,0,0,..,0,0,0,0,0,..,0,0,0,0,0,..,0,0,0,0,0,..,0,0,0,0,0,..,0,0,0,0,0,..,0,0,0,0,0,..,0,0,0,0,0,..,0,0,0,0,0,..,0,0,0,0,0,..,0,0,0,0,0,..,0,0,0,0,0,..,0,0,0,0,0,..,0,0,0,0,0,..,0,0,0
UCL222104,0,0,0,0,..,0,0,0,0,0,..,0,0,0,0,0,..,0,0,0,0,0,..,0,0,0,0,0,..,0,0,0,0,0,..,0,0,0,0,0,..,0,0,0,0,0,..,0,0,0,0,0,..,0,0,0,0,0,..,0,0,0,0,0,..,0,4,4,0,7,..,0,0,0,19,19,132,0,4,4,20,161,125,..,..,..,..,125,..,0,0,0,0,0,..,0,0,0,0,0,..,0,0,0,0,0,..,0,0,0,0,0,..,0,0,0,0,0,..,0,0,0,0,0,..,0,0,0,0,0,..,0,0,0,0,0,..,0,0,0,0,0,..,0,0,0,0,0,..,0,0,0,0,0,..,0,0,0,0,0,..,0,0,0,0,0,..,0,0,0,0,0,..,0,0,0,0,0,..,0,0,0,0,0,..,0,0,0,0,0,..,0,0,0,0,0,..,0,0,0
UCL222105,0,0,0,0,..,0,0,0,0,0,..,0,0,0,0,0,..,0,0,0,0,0,..,0,0,0,0,0,..,0,0,0,0,0,..,0,0,0,0,0,..,0,0,0,0,0,..,0,0,0,0,0,..,0,0,0,0,0,..,0,0,0,0,0,..,4,0,4,0,4,..,0,0,0,11,11,100,4,0,4,11,111,96,..,..,..,..,96,..,0,0,0,0,0,..,0,0,0,0,0,..,0,0,0,0,0,..,0,0,0,0,0,..,0,0,0,0,0,..,0,0,0,0,0,..,0,0,0,0,0,..,0,0,0,0,0,..,0,0,0,0,0,..,0,0,0,0,0,..,0,0,0,0,0,..,0,0,0,0,0,..,0,0,0,0,0,..,0,0,0,0,0,..,0,0,0,0,0,..,0,0,0,0,0,..,0,0,0,0,0,..,0,0,0,0,0,..,0,0,0
UCL231001,4,181,0,182,..,51,14,64,6,68,..,148,10,157,3,159,..,149,63,206,6,208,..,526,82,607,15,619,..,273,16,291,3,294,..,37,8,45,0,47,..,107,74,182,8,187,..,152,18,175,0,175,..,141,56,194,0,192,..,1646,227,1875,37,1913,..,7899,1154,9054,129,9185,..,459,43,504,19535,20039,192589,8365,1200,9558,19655,221807,182593,..,..,..,..,182593,..,191,0,187,0,192,..,279,25,306,6,307,..,31,0,31,0,31,..,98,27,123,0,123,..,434,215,643,6,653,..,20,11,32,0,32,..,554,244,801,6,805,..,193,23,225,0,224,..,241,17,257,0,256,..,577,12,587,5,595,..,408,62,471,7,482,..,18,0,20,0,20,..,16,0,18,0,18,..,67,6,71,0,71,..,12,0,10,0,10,..,223,45,266,0,270,..,49,0,52,0,52,..,39,3,43,0,43,..,3,0,3
UCL279997,0,0,0,0,..,0,0,0,0,0,..,3,0,3,0,3,..,0,0,0,0,0,..,5,0,5,0,5,..,0,0,0,0,0,..,0,0,0,0,0,..,0,0,0,0,0,..,0,0,0,0,0,..,0,0,0,0,0,..,0,0,0,0,0,..,5,0,5,0,5,..,0,0,0,24,24,9,5,0,5,24,36,0,..,..,..,..,0,..,0,0,0,0,0,..,0,0,0,0,0,..,0,0,0,0,0,..,0,0,0,0,0,..,0,0,0,0,0,..,0,0,0,0,0,..,0,0,0,0,0,..,0,0,0,0,0,..,0,0,0,0,0,..,0,0,0,0,0,..,0,0,0,0,0,..,0,0,0,0,0,..,0,0,0,0,0,..,0,0,0,0,0,..,0,0,0,0,0,..,0,0,0,0,0,..,0,0,0,0,0,..,0,0,0,0,0,..,0,0,0
UCL299994,0,10,0,10,..,3,0,3,0,3,..,7,0,7,0,7,..,6,0,6,0,6,..,27,0,27,0,27,..,17,3,27,0,27,..,3,0,6,0,6,..,0,0,0,0,0,..,19,3,20,0,20,..,14,8,19,0,19,..,102,18,120,6,120,..,403,77,481,9,490,..,28,3,28,2206,2238,2445,428,84,510,2215,5170,2041,..,..,..,..,2041,..,0,0,0,0,0,..,37,3,38,0,38,..,0,0,0,0,0,..,7,0,15,0,15,..,51,16,61,0,61,..,4,0,4,0,4,..,60,18,78,0,78,..,0,0,4,0,4,..,14,0,15,0,15,..,12,0,9,0,9,..,14,0,14,0,13,..,0,0,0,0,0,..,0,0,0,0,0,..,13,0,13,0,13,..,4,0,4,0,4,..,5,0,7,0,7,..,9,0,9,0,9,..,0,0,4,0,4,..,0,0,0
