UCL_CODE_2021,M_0_cond_0_14,M_0_cond_15_24,M_0_cond_25_34,M_0_cond_35_44,M_0_cond_45_54,M_0_cond_55_64,M_0_cond_65_74,M_0_cond_75_84,M_0_cond_85_over,M_0_cond_Tot,M_1_cond_0_14,M_1_cond_15_24,M_1_cond_25_34,M_1_cond_35_44,M_1_cond_45_54,M_1_cond_55_64,M_1_cond_65_74,M_1_cond_75_84,M_1_cond_85_over,M_1_cond_Tot,M_2_cond_0_14,M_2_cond_15_24,M_2_cond_25_34,M_2_cond_35_44,M_2_cond_45_54,M_2_cond_55_64,M_2_cond_65_74,M_2_cond_75_84,M_2_cond_85_over,M_2_cond_Tot,M_3_or_mo_cond_0_14,M_3_or_mo_cond_15_24,M_3_or_mo_cond_25_34,M_3_or_mo_cond_35_44,M_3_or_mo_cond_45_54,M_3_or_mo_cond_55_64,M_3_or_mo_cond_65_74,M_3_or_mo_cond_75_84,M_3_or_mo_cond_85_over,M_3_or_mo_cond_Tot,M_1m_cond_Tot_0_14,M_1m_cond_Tot_15_24,M_1m_cond_Tot_25_34,M_1m_cond_Tot_35_44,M_1m_cond_Tot_45_54,M_1m_cond_Tot_55_64,M_1m_cond_Tot_65_74,M_1m_cond_Tot_75_84,M_1m_cond_Tot_85_over,M_1m_cond_Tot_Tot,M_cond_NS_0_14,M_cond_NS_15_24,M_cond_NS_25_34,M_cond_NS_35_44,M_cond_NS_45_54,M_cond_NS_55_64,M_cond_NS_65_74,M_cond_NS_75_84,M_cond_NS_85_over,M_cond_NS_Tot,M_Tot_0_14,M_Tot_15_24,M_Tot_25_34,M_Tot_35_44,M_Tot_45_54,M_Tot_55_64,M_Tot_65_74,M_Tot_75_84,M_Tot_85_over,M_Tot_Tot,F_0_cond_0_14,F_0_cond_15_24,F_0_cond_25_34,F_0_cond_35_44,F_0_cond_45_54,F_0_cond_55_64,F_0_cond_65_74,F_0_cond_75_84,F_0_cond_85_over,F_0_cond_Tot,F_1_cond_0_14,F_1_cond_15_24,F_1_cond_25_34,F_1_cond_35_44,F_1_cond_45_54,F_1_cond_55_64,F_1_cond_65_74,F_1_cond_75_84,F_1_cond_85_over,F_1_cond_Tot,F_2_cond_0_14,F_2_cond_15_24,F_2_cond_25_34,F_2_cond_35_44,F_2_cond_45_54,F_2_cond_55_64,F_2_cond_65_74,F_2_cond_75_84,F_2_cond_85_over,F_2_cond_Tot,F_3_or_mo_cond_0_14,F_3_or_mo_cond_15_24,F_3_or_mo_cond_25_34,F_3_or_mo_cond_35_44,F_3_or_mo_cond_45_54,F_3_or_mo_cond_55_64,F_3_or_mo_cond_65_74,F_3_or_mo_cond_75_84,F_3_or_mo_cond_85_over,F_3_or_mo_cond_Tot,F_1m_cond_Tot_0_14,F_1m_cond_Tot_15_24,F_1m_cond_Tot_25_34,F_1m_cond_Tot_35_44,F_1m_cond_Tot_45_54,F_1m_cond_Tot_55_64,F_1m_cond_Tot_65_74,F_1m_cond_Tot_75_84,F_1m_cond_Tot_85_over,F_1m_cond_Tot_Tot,F_cond_NS_0_14,F_cond_NS_15_24,F_cond_NS_25_34,F_cond_NS_35_44,F_cond_NS_45_54,F_cond_NS_55_64,F_cond_NS_65_74,F_cond_NS_75_84,F_cond_NS_85_over,F_cond_NS_Tot,F_Tot_0_14,F_Tot_15_24,F_Tot_25_34,F_Tot_35_44,F_Tot_45_54,F_Tot_55_64,F_Tot_65_74,F_Tot_75_84,F_Tot_85_over,F_Tot_Tot,P_0_cond_0_14,P_0_cond_15_24,P_0_cond_25_34,P_0_cond_35_44,P_0_cond_45_54,P_0_cond_55_64,P_0_cond_65_74,P_0_cond_75_84,P_0_cond_85_over,P_0_cond_Tot,P_1_cond_0_14,P_1_cond_15_24,P_1_cond_25_34,P_1_cond_35_44,P_1_cond_45_54,P_1_cond_55_64,P_1_cond_65_74,P_1_cond_75_84,P_1_cond_85_over,P_1_cond_Tot,P_2_cond_0_14,P_2_cond_15_24,P_2_cond_25_34,P_2_cond_35_44,P_2_cond_45_54,P_2_cond_55_64,P_2_cond_65_74,P_2_cond_75_84,P_2_cond_85_over,P_2_cond_Tot,P_3_or_mo_cond_0_14,P_3_or_mo_cond_15_24,P_3_or_mo_cond_25_34,P_3_or_mo_cond_35_44,P_3_or_mo_cond_45_54,P_3_or_mo_cond_55_64,P_3_or_mo_cond_65_74,P_3_or_mo_cond_75_84,P_3_or_mo_cond_85_over,P_3_or_mo_cond_Tot,P_1m_cond_Tot_0_14,P_1m_cond_Tot_15_24,P_1m_cond_Tot_25_34,P_1m_cond_Tot_35_44,P_1m_cond_Tot_45_54,P_1m_cond_Tot_55_64,P_1m_cond_Tot_65_74,P_1m_cond_Tot_75_84,P_1m_cond_Tot_85_over,P_1m_cond_Tot_Tot,P_cond_NS_0_14,P_cond_NS_15_24,P_cond_NS_25_34,P_cond_NS_35_44,P_cond_NS_45_54,P_cond_NS_55_64,P_cond_NS_65_74,P_cond_NS_75_84,P_cond_NS_85_over,P_cond_NS_Tot
UCL201001,355911,226407,283802,256664,195799,137037,74814,30338,8255,1569025,35469,37173,49432,51907,53791,58232,52784,31434,10820,381043,1731,3670,6860,8138,11268,17561,22883,17829,7289,97228,101,250,731,1439,3436,7736,13090,13317,6901,46994,37304,41095,57015,61486,68493,83526,88761,62587,25003,525268,29333,21585,28779,23900,20655,16099,10762,6992,3390,161494,422549,289091,369594,342049,284946,236664,174337,99909,36647,2255791,346915,200901,271453,252722,198276,141176,83789,34332,10966,1540528,24210,47078,64034,58840,60602,63237,60691,39522,17754,435971,1275,7692,13052,12469,16420,22104,26869,22244,12675,134794,62,411,1402,2548,5712,10293,15053,15720,11657,62862,25546,55184,78485,73857,82738,95624,102610,77485,42092,633627,27696,19023,25687,22057,19278,15663,12101,8303,5790,155596,400163,275116,375628,348635,300286,252467,198500,120121,58840,2329751,702824,427310,555252,509388,394075,278211,158602,64672,19220,3109557,59682,84257,113466,110751,114392,121465,113472,70959,28575,817017,3006,11360,19909,20602,27688,39662,49755,40076,19972,232026,165,666,2128,3990,9147,18024,28139,29038,18553,109857,62857,96281,135507,135344,151225,179152,191371,140073,67096,1158893,57030,40617,54467,45951,39935,31762,22863,15296,9177,317085
UCL203001,7636,4542,4942,3975,3455,2762,1754,690,186,29940,1344,1270,1517,1322,1389,1519,1580,881,272,11091,110,166,295,319,393,599,754,569,212,3424,0,17,41,91,153,333,545,487,203,1879,1461,1451,1852,1730,1938,2458,2876,1936,693,16394,882,587,563,434,545,440,341,219,107,4112,9984,6580,7352,6143,5936,5659,4969,2844,982,50442,7640,4022,4270,3995,3569,3074,2062,877,315,29837,976,1621,1968,1740,1664,1692,1820,1122,572,13186,90,367,580,539,629,784,1050,722,411,5168,0,31,82,153,312,494,657,550,335,2612,1068,2015,2639,2430,2602,2969,3524,2400,1314,20966,815,570,564,476,471,403,364,260,176,4108,9522,6612,7475,6906,6641,6448,5957,3538,1807,54908,15281,8566,9211,7971,7021,5838,3817,1568,502,59778,2320,2892,3484,3063,3052,3211,3398,2004,853,24277,203,530,872,857,1022,1387,1803,1295,616,8588,0,48,124,243,465,830,1198,1038,536,4491,2527,3471,4489,4168,4540,5428,6402,4341,2003,37360,1694,1156,1128,909,1017,837,708,474,283,8219
UCL203002,7571,4248,4476,3774,3355,2652,1816,694,177,28768,1184,1083,1332,1270,1234,1502,1582,888,273,10338,91,141,229,280,361,552,795,536,243,3218,8,14,35,65,146,303,514,517,242,1832,1276,1233,1594,1615,1744,2357,2889,1938,749,15387,854,548,567,453,481,465,337,226,134,4066,9704,6030,6635,5839,5580,5475,5046,2852,1063,48224,7439,3835,4206,3796,3352,2854,1943,779,271,28473,855,1479,1814,1550,1546,1761,1835,1082,489,12409,56,340,554,482,581,819,984,668,368,4852,0,23,71,140,271,506,631,580,346,2576,916,1843,2438,2180,2396,3080,3448,2325,1198,19835,846,485,523,477,444,446,344,298,251,4119,9202,6167,7170,6455,6195,6383,5740,3398,1714,52426,15006,8085,8680,7570,6712,5511,3765,1470,448,57241,2034,2557,3146,2823,2777,3263,3415,1965,754,22749,143,480,787,767,947,1371,1774,1201,612,8068,11,41,105,208,414,807,1143,1094,586,4408,2191,3077,4040,3796,4139,5436,6335,4265,1946,35226,1700,1031,1090,933,921,913,687,519,387,8184
UCL203003,13024,8557,10514,7734,6482,4894,3090,1343,396,56036,1848,1928,2275,2188,2206,2438,2376,1382,490,17130,128,258,413,391,575,862,1134,810,337,4894,5,17,34,83,221,480,752,641,341,2570,1978,2203,2722,2655,3000,3775,4258,2835,1171,24591,1267,1058,1063,833,809,714,504,292,136,6674,16265,11822,14297,11230,10283,9378,7853,4465,1698,87298,12718,7433,9315,7623,6538,5371,3538,1571,550,54671,1411,2639,3190,2721,2570,2764,2780,1801,846,20718,84,538,791,737,867,1114,1334,1051,556,7066,3,35,97,174,394,706,931,880,704,3921,1497,3212,4080,3634,3823,4581,5041,3733,2105,31705,1233,934,932,810,775,663,604,385,231,6563,15456,11585,14331,12067,11140,10613,9185,5689,2885,92940,25747,15990,19829,15358,13016,10266,6626,2921,955,110707,3257,4574,5471,4905,4773,5202,5158,3184,1333,37849,211,794,1206,1124,1443,1972,2464,1861,890,11961,5,49,132,259,615,1184,1675,1521,1049,6486,3475,5416,6804,6289,6822,8353,9298,6561,3272,56296,2496,1995,1997,1646,1586,1375,1113,680,363,13239
UCL211001,2937,1789,1778,1415,1282,1000,643,237,60,11149,430,400,496,488,522,552,575,281,66,3817,50,74,75,123,159,238,323,174,51,1267,4,4,8,35,46,138,224,179,59,695,486,477,575,640,730,923,1125,629,186,5778,336,242,214,188,177,170,125,64,18,1523,3756,2510,2573,2251,2191,2094,1888,929,267,18454,2956,1313,1565,1451,1235,1066,734,295,104,10714,405,522,635,603,600,623,654,362,111,4519,35,123,191,205,243,288,320,228,67,1696,0,8,38,69,118,230,259,190,80,993,447,652,865,876,962,1142,1231,778,260,7212,353,180,183,176,167,156,129,78,39,1464,3754,2144,2615,2506,2361,2355,2096,1150,407,19388,5893,3102,3347,2868,2518,2065,1372,532,167,21865,839,922,1132,1092,1124,1171,1234,641,181,8332,82,196,265,327,405,525,642,401,125,2968,3,10,47,106,165,369,484,362,141,1690,928,1131,1441,1518,1690,2068,2360,1410,442,12986,689,418,393,366,340,319,253,143,64,2985
UCL211002,7684,3377,4451,4249,2436,1432,808,240,43,24714,954,640,935,1031,869,820,765,287,66,6382,70,104,159,207,258,326,411,218,42,1796,4,8,32,54,100,208,347,221,50,1019,1034,754,1119,1296,1237,1355,1527,724,163,9198,1057,489,576,547,406,288,175,86,14,3641,9775,4616,6143,6085,4081,3078,2503,1050,219,37551,7839,2989,4676,3861,2126,1422,844,236,55,24036,698,851,1196,1137,987,906,864,335,107,7080,60,176,367,366,413,463,485,253,93,2675,7,6,50,119,213,310,413,199,91,1403,762,1037,1616,1621,1616,1687,1758,782,289,11167,1013,460,612,560,374,252,204,82,30,3592,9612,4483,6895,6040,4120,3365,2807,1097,371,38794,15527,6362,9123,8115,4562,2848,1649,477,93,48754,1652,1496,2133,2171,1859,1732,1638,618,177,13463,134,282,521,568,675,797,893,467,129,4470,7,13,83,178,320,518,756,415,139,2428,1795,1787,2739,2917,2847,3044,3285,1502,449,20358,2075,945,1182,1101,789,541,376,173,53,7227
UCL212001,1876,892,1132,1025,782,555,323,109,25,6711,275,175,279,288,296,292,315,142,30,2098,21,25,39,58,75,96,153,91,32,600,0,3,4,11,27,41,121,98,34,354,300,208,328,356,405,431,591,336,95,3052,194,87,115,95,96,79,63,27,4,762,2371,1189,1575,1482,1281,1068,977,471,129,10526,1762,785,1063,914,780,598,368,130,41,6441,201,269,388,375,330,316,343,199,78,2495,17,55,106,114,114,162,184,131,66,954,0,4,13,32,61,81,137,113,75,519,220,326,507,518,507,560,662,439,221,3965,182,87,110,100,89,75,67,42,16,765,2162,1194,1678,1531,1373,1237,1097,616,277,11169,3637,1673,2193,1940,1560,1148,691,236,67,13149,475,441,671,657,627,609,660,342,110,4592,42,83,153,174,189,263,337,220,97,1558,3,4,22,47,95,122,260,213,112,874,522,531,843,872,909,997,1253,774,311,7021,370,177,216,198,188,155,130,68,21,1529
UCL212002,900,552,518,433,493,481,293,134,27,3827,137,112,149,128,160,197,266,154,56,1358,13,26,21,28,46,78,110,109,38,457,0,0,6,3,17,45,82,95,30,278,142,136,175,165,220,317,460,354,128,2095,119,69,84,54,81,68,75,52,30,636,1167,759,776,650,800,867,824,534,190,6552,899,495,507,442,492,502,348,156,54,3886,113,162,190,175,205,245,275,218,92,1682,11,34,43,45,67,105,142,92,55,590,0,0,11,22,47,64,97,94,50,376,127,200,255,240,315,412,516,398,191,2651,98,59,64,60,82,84,82,61,78,668,1126,753,828,745,884,1000,943,612,322,7203,1805,1042,1025,875,986,983,639,284,81,7717,255,275,343,307,363,443,544,368,152,3039,20,55,66,72,112,181,248,198,89,1049,0,0,16,23,56,109,180,185,77,650,271,333,431,402,535,731,972,755,319,4740,217,134,147,117,163,152,155,112,106,1302
UCL212003,2485,1498,1857,1319,1156,998,635,278,73,10300,372,350,389,370,404,484,530,288,118,3299,25,40,79,66,148,188,237,221,63,1065,3,3,14,20,37,122,195,164,60,621,400,396,480,450,593,795,961,672,244,4989,390,252,248,220,221,205,147,100,60,1834,3278,2143,2586,1986,1977,1999,1742,1048,373,17129,2513,1333,1756,1352,1217,1004,729,319,134,10357,289,392,542,467,505,606,553,393,198,3943,22,89,111,130,192,240,309,246,94,1442,0,9,34,38,113,177,226,206,113,914,308,485,681,631,812,1024,1097,844,409,6293,383,210,267,233,206,183,176,112,102,1867,3201,2029,2709,2221,2235,2206,2000,1273,645,18526,4994,2831,3617,2670,2380,2007,1365,596,205,20659,661,745,925,840,911,1090,1081,684,315,7241,43,131,190,190,343,431,551,470,162,2512,3,6,45,55,149,303,422,367,172,1529,709,882,1163,1084,1406,1816,2054,1517,651,11285,773,462,512,454,428,380,324,214,159,3704
UCL212004,1872,802,623,988,928,744,619,175,44,6785,216,149,146,256,274,338,417,206,61,2067,19,15,21,48,65,102,208,118,38,643,0,0,0,6,12,44,93,91,35,291,238,165,178,309,352,484,718,414,139,3000,129,67,52,89,82,87,110,61,18,693,2239,1036,850,1385,1355,1318,1447,650,207,10477,1866,675,652,1054,1082,896,715,214,47,7194,166,204,215,318,308,409,484,230,93,2435,10,30,47,81,97,137,199,129,79,799,0,3,3,14,19,58,108,85,54,341,175,238,268,406,429,607,782,445,224,3576,136,75,59,95,83,113,116,61,36,783,2181,990,975,1555,1593,1619,1613,727,315,11553,3740,1475,1271,2040,2006,1643,1331,389,95,13982,387,353,363,573,582,743,901,435,159,4498,27,42,70,122,163,238,403,247,123,1443,0,6,6,23,32,105,199,174,92,634,413,403,445,717,780,1095,1500,865,367,6573,268,141,109,187,161,198,226,129,56,1473
UCL212005,4007,2113,2353,2023,1706,1279,799,343,101,14725,560,486,515,490,635,715,752,435,138,4725,42,61,88,112,175,301,325,259,93,1461,0,6,18,19,83,155,250,281,126,928,601,552,624,625,896,1172,1324,976,356,7121,561,370,345,303,284,257,168,137,60,2499,5178,3034,3317,2948,2890,2717,2295,1459,515,24344,3801,1909,2335,1961,1616,1323,895,368,134,14346,423,564,687,610,682,736,769,546,220,5228,32,120,206,205,280,372,445,344,180,2172,4,18,28,60,138,257,340,278,215,1346,460,699,920,882,1102,1360,1549,1171,616,8748,522,302,347,324,255,246,204,156,83,2428,4786,2905,3598,3166,2963,2930,2640,1693,838,25520,7809,4023,4690,3982,3322,2603,1689,709,239,29072,988,1046,1203,1103,1318,1450,1516,983,360,9953,74,186,288,320,456,673,769,607,269,3640,4,20,47,83,223,415,587,558,339,2274,1065,1247,1545,1506,1994,2528,2872,2144,971,15868,1083,673,689,628,536,513,374,295,141,4928
UCL212006,2905,1706,1857,1667,1579,1182,543,179,34,11665,510,448,530,529,554,595,508,226,63,3966,32,53,62,96,145,223,251,149,50,1057,0,10,13,23,36,105,196,131,65,588,546,502,603,647,735,925,960,502,179,5612,259,179,202,175,178,133,80,36,19,1261,3708,2396,2662,2485,2493,2238,1583,723,242,18530,2830,1437,1694,1656,1565,1207,662,196,59,11306,368,499,702,630,662,696,608,282,114,4557,41,108,161,165,207,281,306,207,104,1585,3,7,27,43,95,151,185,154,100,767,409,615,894,841,961,1128,1098,642,321,6902,290,150,174,158,169,157,75,64,31,1269,3535,2200,2759,2656,2696,2499,1829,900,404,19482,5740,3150,3551,3321,3139,2390,1204,381,90,22974,878,945,1231,1155,1215,1293,1112,503,183,8522,79,161,222,264,358,502,557,348,150,2639,4,15,35,64,126,257,383,288,170,1353,960,1122,1492,1488,1695,2054,2057,1146,501,12513,548,335,377,336,350,288,151,102,53,2531
UCL212007,2237,869,820,1277,1112,715,531,154,42,7760,243,168,182,301,281,293,317,186,35,2015,11,19,19,41,48,83,149,68,19,452,0,0,0,7,15,24,66,63,28,207,254,181,205,348,342,404,535,319,84,2673,168,92,66,116,137,91,93,36,32,835,2653,1147,1089,1737,1588,1206,1162,513,165,11266,2098,753,871,1398,1146,756,550,181,50,7797,150,223,233,387,323,351,363,180,63,2278,11,24,40,49,67,77,147,102,44,566,0,0,0,6,13,26,65,57,52,221,154,250,275,439,406,452,576,339,163,3061,170,96,89,117,121,81,95,48,43,868,2424,1105,1233,1961,1675,1294,1220,568,254,11729,4334,1624,1689,2670,2262,1473,1079,332,92,15555,393,393,417,685,609,640,682,367,102,4295,19,49,55,90,114,159,298,172,63,1014,0,0,0,12,26,55,129,122,83,422,412,438,476,790,746,858,1109,663,249,5731,338,189,154,237,256,172,192,94,80,1710
UCL212008,2048,1132,1273,1083,941,775,484,196,42,7974,307,273,327,350,331,424,413,222,59,2698,22,38,64,64,82,147,224,172,48,865,0,0,11,14,40,81,160,129,54,492,325,316,399,421,456,656,800,518,164,4052,235,136,152,141,148,155,107,109,58,1244,2607,1587,1831,1644,1543,1586,1391,820,269,13276,1976,971,1223,1108,881,850,517,193,55,7769,245,325,491,388,420,467,518,299,127,3281,15,74,142,124,154,237,277,194,103,1317,0,10,23,39,59,156,174,162,67,688,269,406,652,547,635,862,966,657,292,5280,246,153,151,147,123,143,127,108,113,1299,2490,1527,2022,1801,1633,1855,1607,953,459,14356,4021,2099,2500,2189,1822,1622,998,389,98,15747,555,600,815,730,753,893,932,515,184,5978,41,120,206,180,240,385,497,366,155,2186,0,8,30,56,103,238,337,290,118,1175,596,728,1051,965,1084,1512,1769,1173,460,9334,480,288,301,285,270,297,228,216,172,2549
UCL212009,2281,1284,1494,1225,1182,1046,683,261,87,9541,346,302,373,352,407,500,587,326,112,3304,23,38,62,73,102,177,244,186,72,982,0,3,3,15,41,71,138,128,63,480,368,343,444,444,554,756,977,637,246,4766,332,207,165,212,180,144,113,89,44,1468,2976,1835,2109,1880,1916,1939,1763,987,375,15774,2169,1185,1383,1261,1292,1195,763,370,137,9756,250,404,472,425,488,572,639,408,210,3869,17,75,130,114,154,239,293,198,127,1340,0,3,17,41,56,154,196,175,111,755,264,481,612,587,700,961,1127,775,442,5963,249,160,149,176,172,158,133,119,92,1405,2676,1829,2148,2027,2160,2311,2024,1271,674,17118,4443,2469,2882,2488,2471,2239,1444,634,224,19292,598,700,846,780,898,1070,1230,726,318,7168,37,116,191,183,252,420,539,389,193,2326,0,8,22,57,101,228,336,304,175,1231,636,829,1057,1025,1256,1720,2099,1423,689,10725,579,369,312,394,352,296,245,205,128,2877
UCL213001,918,528,548,410,424,372,325,185,38,3740,114,131,129,120,135,192,242,181,60,1307,13,21,31,34,41,81,137,105,45,515,0,0,5,7,20,45,88,83,36,286,130,149,170,159,196,324,462,375,142,2104,135,72,72,61,62,76,78,62,36,658,1182,746,785,627,683,773,862,620,212,6496,923,452,492,435,431,417,358,166,57,3738,95,146,209,185,194,249,313,253,89,1732,7,35,57,50,73,113,147,149,54,682,0,4,6,13,36,68,99,110,40,386,105,180,271,247,305,439,558,507,183,2803,113,65,76,49,75,78,83,67,85,697,1141,700,838,737,811,936,1001,742,324,7238,1840,976,1037,852,856,795,687,354,93,7479,214,273,340,303,332,446,553,439,147,3035,22,50,82,84,107,199,284,255,98,1196,0,4,11,20,56,116,186,189,81,669,234,326,441,406,503,762,1029,879,327,4900,251,138,146,107,145,151,156,132,124,1352
UCL213002,651,299,269,338,370,346,310,116,29,2717,72,53,71,119,133,190,237,127,49,1048,8,11,17,19,35,57,78,89,25,344,0,0,0,5,11,32,47,40,22,158,72,70,88,141,179,277,362,258,99,1547,62,81,232,188,141,82,69,53,39,948,793,445,588,668,691,700,738,426,165,5214,599,216,247,367,424,401,365,142,54,2817,49,81,120,158,176,205,277,198,75,1337,0,23,17,38,52,82,122,96,61,488,0,0,0,8,17,37,69,64,37,245,53,100,135,202,253,321,474,361,171,2072,51,35,22,41,56,56,63,73,79,472,705,351,404,611,732,776,897,579,307,5361,1249,520,518,712,791,742,674,259,82,5532,118,137,191,276,312,392,514,326,127,2379,8,36,27,58,89,138,203,183,84,834,0,0,3,8,28,71,118,106,65,402,130,167,222,343,428,603,830,618,274,3616,119,113,261,226,199,135,125,122,120,1418
UCL213003,866,519,628,462,433,339,248,120,37,3654,109,103,111,151,152,197,232,151,54,1251,4,12,17,26,37,79,90,95,25,394,0,0,3,4,10,30,68,70,30,223,111,108,128,178,207,307,392,320,112,1872,100,65,75,53,63,60,47,40,23,520,1084,695,839,696,702,705,681,478,173,6042,842,433,528,423,395,389,303,151,53,3519,69,137,157,142,178,229,240,192,128,1472,4,25,44,42,67,82,99,99,57,528,0,0,7,17,27,32,85,65,60,289,75,164,210,196,270,346,423,357,249,2292,83,52,52,53,59,59,71,48,19,500,1000,648,783,673,727,788,802,554,319,6310,1710,951,1157,885,824,727,551,270,91,7170,180,234,268,292,334,423,472,345,183,2728,11,37,56,64,106,163,191,197,85,923,0,0,8,21,40,66,148,134,90,515,192,276,339,383,477,657,815,675,360,4161,185,118,125,100,125,114,123,83,36,1017
UCL213004,1142,528,660,506,444,368,301,124,33,4108,183,138,178,185,155,222,278,164,27,1531,26,16,22,29,62,79,110,90,27,465,3,0,10,6,19,50,86,101,50,319,210,153,209,224,236,348,480,351,109,2312,153,84,78,72,68,55,49,34,11,602,1509,762,948,799,741,771,832,509,143,7018,1205,477,687,495,480,420,318,129,35,4247,140,197,278,217,230,251,275,178,44,1810,13,34,64,65,65,133,160,98,39,667,0,7,6,12,41,79,94,103,96,436,157,236,351,296,333,457,530,380,178,2914,135,48,72,75,63,70,61,34,12,577,1504,762,1108,863,874,949,911,547,225,7743,2351,1001,1353,1003,921,790,615,250,64,8350,327,329,458,401,378,467,562,338,75,3344,40,47,85,91,124,210,271,194,66,1137,3,7,17,22,60,128,178,201,143,755,368,387,561,518,570,807,1012,731,283,5235,292,129,145,140,127,126,110,73,23,1174
UCL213005,1180,583,592,590,551,491,454,176,34,4656,193,146,176,202,214,255,373,190,50,1785,11,18,21,36,59,92,165,115,32,554,0,0,4,12,27,42,101,88,33,317,206,163,199,252,295,390,639,393,117,2650,102,75,55,54,42,46,62,36,19,502,1488,819,849,897,890,934,1154,610,174,7811,1108,467,554,606,548,626,496,168,40,4614,111,197,219,248,269,370,367,230,89,2096,21,42,57,70,78,136,193,145,52,790,0,0,4,17,35,71,110,78,48,365,127,243,279,336,388,571,667,462,186,3251,114,48,41,66,45,57,68,61,22,519,1354,755,877,1003,974,1252,1228,691,255,8392,2286,1049,1143,1195,1098,1118,951,348,79,9270,302,341,397,446,483,625,737,424,138,3880,32,60,77,112,140,227,357,263,90,1347,0,0,7,28,59,114,211,171,82,679,333,404,480,584,683,964,1305,855,301,5907,218,125,98,124,89,101,126,101,44,1026
UCL213006,1122,506,353,538,523,338,169,65,17,3635,141,81,56,145,175,154,141,96,29,1010,10,6,9,26,28,59,53,46,16,254,0,0,0,0,7,15,32,45,16,112,149,92,64,178,207,222,219,187,61,1376,85,57,24,52,47,28,30,16,4,340,1360,655,447,767,774,592,416,272,80,5358,1093,435,340,618,550,367,185,80,18,3686,104,110,103,193,179,132,158,110,55,1146,4,19,14,45,50,60,72,62,28,355,0,0,0,7,10,16,39,42,26,152,109,125,122,243,233,210,276,216,118,1653,57,37,23,60,45,36,29,16,6,301,1255,593,480,922,833,620,486,313,140,5645,2207,941,689,1162,1072,708,356,148,34,7323,243,187,162,342,352,290,297,206,83,2156,15,26,26,73,76,115,127,108,51,611,0,0,0,3,18,37,72,86,46,266,257,215,183,423,440,438,493,399,177,3028,145,91,48,113,91,63,49,32,6,645
UCL213007,1245,658,742,578,535,458,326,158,44,4739,146,189,188,177,183,267,255,169,62,1644,13,19,38,46,46,98,127,96,40,530,0,0,0,12,24,55,68,73,46,288,166,205,229,240,251,419,454,340,150,2462,150,107,98,68,56,76,61,37,22,663,1553,964,1067,888,842,950,843,532,221,7867,1194,554,683,555,536,536,347,195,77,4675,122,203,275,233,207,262,316,234,117,1976,12,41,57,63,84,126,157,117,69,718,0,3,16,16,48,86,90,82,65,409,138,250,349,318,336,477,556,434,250,3105,126,94,94,74,63,56,56,53,28,639,1454,896,1126,946,935,1066,959,679,359,8424,2446,1206,1431,1132,1071,989,678,350,118,9418,273,388,466,414,391,536,566,404,180,3622,20,56,97,114,134,220,281,212,113,1246,0,3,15,33,69,139,156,161,111,699,297,458,576,559,588,901,1015,772,408,5572,266,197,189,144,115,133,115,91,56,1302
UCL213008,1327,671,860,757,638,409,227,69,15,4984,213,182,199,187,226,213,222,110,31,1576,12,18,19,46,57,75,122,61,20,435,0,4,3,7,24,44,68,56,15,228,222,201,234,240,308,335,411,231,70,2234,121,62,64,59,73,60,40,19,9,494,1669,929,1156,1057,1013,800,678,314,93,7718,1330,588,793,756,589,400,281,88,15,4843,170,169,292,281,294,191,227,122,51,1797,11,33,73,82,103,100,139,92,41,677,0,3,6,11,26,49,84,65,44,296,178,209,368,374,423,341,448,285,139,2765,104,61,55,51,54,29,56,15,14,449,1613,854,1218,1180,1070,770,793,383,169,8058,2661,1262,1655,1511,1225,813,510,156,36,9831,379,352,496,469,515,403,444,229,76,3367,18,54,95,124,167,181,258,155,62,1109,0,4,10,20,53,91,157,119,64,522,398,411,599,615,733,671,860,509,206,5002,219,113,122,110,123,86,101,34,27,940
UCL213009,970,540,522,508,464,370,249,93,15,3733,152,131,143,153,173,184,167,151,41,1293,8,19,25,29,36,58,90,88,36,379,0,0,6,5,6,28,59,48,28,186,168,147,165,185,219,272,312,282,104,1855,91,36,54,37,55,37,34,22,9,365,1218,727,734,728,739,688,603,402,128,5963,897,434,506,522,486,424,273,131,21,3686,81,166,212,200,213,221,226,144,51,1510,9,22,53,51,62,90,114,96,52,552,0,0,5,11,28,33,57,61,41,242,92,190,266,261,299,345,406,299,145,2304,79,37,46,37,46,43,39,39,6,373,1064,657,816,823,828,812,713,467,177,6359,1865,977,1023,1027,953,798,527,223,39,7422,233,288,350,352,385,405,390,292,94,2800,19,48,73,73,94,150,203,188,87,930,0,0,8,21,35,69,122,107,65,431,255,337,430,449,513,620,722,582,245,4161,169,74,100,73,99,78,70,55,16,739
UCL213010,869,570,647,445,444,467,346,138,42,3966,196,154,225,163,195,291,293,164,58,1742,17,29,30,54,68,142,180,113,39,667,0,4,7,12,35,78,146,114,56,442,216,188,262,226,303,506,611,390,149,2845,192,97,108,84,99,100,80,46,19,833,1276,859,1012,754,848,1074,1040,576,216,7647,914,462,546,443,464,437,358,145,46,3816,136,195,268,201,239,298,291,200,90,1915,15,48,67,79,116,138,211,147,87,920,0,3,14,37,72,120,170,138,85,642,152,250,357,320,425,557,666,485,267,3483,163,91,91,93,99,99,94,56,28,812,1228,806,992,863,989,1100,1112,685,340,8109,1785,1030,1191,892,910,909,696,281,86,7779,333,346,492,364,433,588,581,363,153,3655,34,81,98,128,188,282,384,258,124,1585,0,10,21,51,106,192,312,250,138,1083,365,439,615,545,728,1068,1284,875,416,6328,353,189,196,178,206,206,173,98,49,1648
UCL213011,857,492,497,402,404,376,256,95,36,3411,176,140,169,158,222,253,271,137,42,1562,24,29,53,50,69,106,145,89,27,592,0,0,6,21,36,81,102,98,29,387,195,170,220,232,332,436,521,330,103,2538,223,116,130,116,140,98,84,47,42,1001,1281,770,851,749,875,905,858,475,176,6950,849,461,441,338,372,382,231,120,35,3220,104,178,216,170,197,252,248,166,84,1621,17,59,97,60,99,138,139,102,40,751,0,9,14,37,80,119,140,96,55,545,117,239,327,261,376,510,534,370,186,2914,199,121,126,128,101,97,71,61,76,982,1170,817,891,726,849,992,830,551,291,7119,1708,946,938,735,775,756,489,216,67,6634,281,316,381,329,416,503,519,310,129,3185,34,86,143,109,171,239,287,198,71,1340,0,10,22,50,121,203,245,191,87,923,316,409,546,496,713,942,1045,696,284,5451,428,230,256,244,242,197,155,111,115,1982
UCL213012,642,402,333,333,390,386,282,103,30,2904,87,97,78,89,136,205,231,109,30,1074,10,20,12,24,54,76,106,77,17,398,0,0,0,7,17,59,70,54,30,249,101,124,97,123,206,342,404,234,88,1714,103,61,48,65,70,54,65,28,4,501,843,584,479,514,667,788,754,366,125,5120,646,324,326,324,362,350,271,99,51,2741,66,117,113,152,170,233,229,131,71,1287,0,29,43,37,71,103,113,74,36,507,0,3,10,21,24,76,78,64,36,324,73,150,161,211,267,408,417,272,152,2116,94,38,47,69,49,62,54,38,13,463,811,509,538,599,676,823,748,411,213,5329,1286,719,656,653,752,738,556,202,82,5647,154,218,197,244,305,440,461,237,105,2365,16,48,52,64,130,177,218,157,57,905,0,3,8,24,44,135,146,120,71,568,169,270,255,331,480,753,827,517,234,3840,191,105,98,133,116,116,119,65,23,964
UCL213013,1057,543,596,510,428,422,284,122,23,3994,135,141,165,151,162,206,218,141,59,1369,18,19,32,28,51,68,128,104,41,490,0,5,5,9,25,47,94,70,24,271,151,165,197,186,239,319,439,313,120,2126,100,83,94,78,90,64,69,25,25,633,1311,799,892,768,758,810,786,461,170,6752,990,436,536,511,502,444,335,145,35,3932,126,173,217,191,198,223,263,198,92,1687,12,44,78,70,104,100,140,109,65,711,0,3,5,26,59,91,103,93,50,431,139,221,300,289,356,411,500,399,212,2830,106,75,60,77,80,58,61,44,40,595,1232,729,892,870,941,907,893,588,293,7350,2052,977,1126,1021,936,868,613,264,63,7919,259,316,381,345,359,429,480,335,149,3053,28,62,100,100,161,170,264,209,102,1200,0,7,9,31,83,132,200,168,70,703,293,383,498,472,596,732,936,715,328,4951,203,162,157,150,169,118,124,70,67,1227
UCL213014,752,444,542,437,318,327,200,86,33,3138,139,100,125,102,121,145,156,93,51,1040,8,18,23,19,29,61,66,65,24,314,0,0,5,7,5,33,44,49,26,167,150,112,152,128,163,241,263,211,102,1526,108,66,79,55,49,57,39,28,9,495,1011,616,768,617,533,627,509,330,150,5157,817,393,568,443,332,316,234,125,61,3292,93,132,159,115,109,177,155,165,78,1169,5,21,47,35,48,64,81,86,60,451,0,0,4,22,26,29,55,61,44,243,94,144,209,174,187,271,289,315,177,1868,147,56,82,61,40,57,53,34,28,551,1056,594,857,679,560,644,581,472,265,5706,1566,829,1106,880,659,643,438,211,92,6432,231,221,287,220,232,323,306,262,125,2207,13,34,65,55,84,122,152,153,88,767,0,0,8,31,31,59,96,116,69,415,246,256,360,301,347,509,560,530,281,3385,261,121,152,113,87,118,95,60,39,1048
UCL213015,1499,689,867,813,540,368,146,38,6,4965,223,137,188,189,200,203,152,57,13,1355,15,14,27,34,55,85,63,35,8,338,0,0,6,6,17,38,56,26,5,149,240,152,221,226,272,324,272,114,20,1844,166,77,88,106,66,54,37,19,0,611,1908,918,1174,1145,875,747,451,171,31,7419,1396,539,871,709,498,332,156,50,8,4555,155,183,272,239,231,209,144,39,14,1490,18,22,73,77,80,94,78,35,5,479,0,8,7,21,34,57,48,30,11,221,170,211,356,341,343,362,270,109,37,2189,167,81,99,82,59,46,25,21,3,578,1730,826,1320,1127,905,741,454,173,47,7324,2888,1227,1734,1525,1038,700,300,83,18,9521,373,318,459,429,433,411,296,92,22,2841,30,33,101,112,134,182,142,67,15,819,0,5,10,27,54,91,102,61,16,376,407,366,574,569,617,680,544,221,54,4036,338,156,185,183,121,97,61,33,5,1188
UCL213016,1287,748,739,642,655,566,390,182,64,5280,259,186,207,275,264,303,328,240,89,2148,18,43,39,42,64,117,183,129,50,685,0,0,6,12,29,62,114,134,43,401,274,234,250,334,352,476,628,504,186,3233,171,83,90,84,80,96,90,62,36,793,1734,1066,1084,1057,1088,1142,1106,745,281,9307,1344,655,722,635,723,611,446,244,112,5488,161,254,278,326,277,362,412,338,143,2554,16,61,84,89,109,151,217,172,108,1005,0,11,11,29,60,92,127,130,91,546,177,328,368,438,446,607,758,635,341,4095,153,92,102,80,102,93,80,73,49,827,1672,1081,1185,1152,1270,1314,1276,953,510,10411,2628,1405,1461,1277,1375,1181,832,433,175,10763,422,445,486,599,539,663,742,569,237,4697,31,109,120,126,166,267,398,299,166,1688,0,11,12,43,88,155,235,262,136,944,453,560,616,768,791,1086,1380,1133,531,7324,324,178,188,164,186,189,167,133,87,1620
UCL213017,1423,740,914,713,639,524,379,160,45,5536,219,178,215,231,251,298,289,206,49,1922,11,27,27,50,67,101,169,132,52,633,0,0,9,8,16,50,116,103,48,348,229,201,250,283,332,450,572,441,145,2909,132,80,97,86,81,61,63,33,17,650,1782,1023,1260,1084,1045,1037,1016,636,206,9088,1431,716,877,706,642,573,444,198,79,5655,136,239,282,256,298,360,343,237,114,2268,11,48,85,101,123,115,217,147,52,899,0,4,7,19,44,86,103,117,84,470,145,292,384,376,466,562,663,505,253,3635,164,72,114,78,97,74,69,64,31,754,1740,1076,1371,1157,1198,1207,1168,763,356,10044,2857,1454,1787,1416,1276,1104,819,359,119,11191,353,415,495,484,550,655,633,446,163,4194,24,72,113,148,188,220,387,280,103,1529,0,5,19,28,62,131,220,223,128,816,375,496,630,664,796,1009,1231,944,394,6545,291,153,212,161,167,132,131,101,51,1406
UCL213018,552,286,238,233,285,299,266,125,33,2316,69,59,65,78,99,139,209,140,35,891,0,7,14,11,27,47,115,105,35,358,0,0,0,4,14,22,68,86,38,236,75,67,79,92,131,207,397,333,104,1490,59,41,39,38,26,41,51,51,15,355,681,389,363,362,444,549,708,513,150,4159,557,246,247,262,265,293,281,124,44,2336,50,50,81,84,93,170,247,165,64,1002,3,6,26,17,57,50,124,73,44,397,0,0,4,3,19,39,87,78,56,293,50,62,112,108,171,262,457,315,165,1699,54,30,31,45,41,34,65,55,30,385,664,338,393,417,478,595,810,491,234,4419,1109,534,494,502,555,587,550,248,77,4654,119,106,148,156,196,306,458,304,97,1898,3,15,38,29,79,99,232,181,78,760,0,0,4,7,25,64,157,169,94,529,125,130,197,197,304,477,856,646,267,3188,108,67,70,81,65,82,120,107,46,738
UCL214001,429,269,322,206,212,212,170,75,18,1907,87,78,78,86,76,107,135,71,28,754,8,13,19,16,29,62,78,41,25,285,0,0,0,3,17,38,35,49,25,172,98,94,103,104,124,202,253,160,78,1207,48,27,46,30,36,34,28,17,10,281,581,389,468,332,367,448,456,252,102,3395,414,232,292,207,202,215,161,93,33,1838,58,102,95,76,119,133,169,95,49,892,0,19,36,30,42,56,73,76,34,374,0,0,3,15,20,51,39,48,46,215,61,119,135,118,182,243,279,218,131,1485,47,38,37,30,29,39,35,21,16,297,524,393,463,356,417,492,474,330,172,3622,846,500,612,410,414,428,330,167,51,3750,148,179,178,159,191,238,306,167,80,1652,16,32,54,49,73,116,152,113,59,660,0,4,5,16,41,88,75,95,67,383,166,215,234,221,302,449,531,373,207,2692,103,68,81,56,64,72,70,42,23,572
UCL214002,650,283,288,298,266,147,93,35,4,2061,106,58,57,93,81,69,82,39,14,585,7,3,15,12,20,15,33,22,6,142,0,0,0,4,5,5,21,24,7,71,110,58,76,106,107,90,136,85,26,798,67,23,30,39,36,14,10,11,0,231,822,372,391,438,403,255,244,123,39,3085,599,212,246,313,249,120,112,35,5,1892,71,65,110,127,94,80,67,41,19,667,4,6,21,21,26,35,45,30,12,202,0,0,0,10,11,14,22,25,34,125,76,71,130,155,132,121,134,102,68,990,67,19,24,39,27,16,18,3,3,212,747,300,400,507,412,257,260,138,79,3093,1253,492,528,608,513,267,208,63,12,3945,171,119,166,220,172,144,148,79,26,1253,8,10,40,32,46,50,74,54,24,340,0,0,0,9,22,20,46,53,38,195,181,134,208,264,238,213,267,187,98,1789,129,43,55,77,61,28,26,17,8,444
UCL214003,484,325,340,238,276,298,247,118,32,2357,74,92,96,105,101,181,183,127,46,1008,10,16,17,21,37,65,127,90,49,423,0,4,3,4,19,53,74,98,35,288,77,112,119,139,155,300,387,310,137,1724,107,65,55,50,55,62,53,39,23,515,662,500,515,425,485,665,686,471,184,4597,525,263,298,250,271,335,279,128,67,2416,68,103,119,109,153,193,237,164,91,1239,4,25,41,40,60,87,121,124,75,574,0,0,11,23,24,70,105,87,42,370,72,123,168,178,231,354,468,375,212,2177,97,46,53,49,64,60,55,71,44,548,694,431,517,471,576,754,802,577,318,5145,1004,586,640,489,549,634,531,248,94,4773,138,196,212,217,249,377,418,291,140,2244,12,32,56,63,92,153,247,208,123,993,0,3,9,29,45,122,181,185,82,657,152,235,283,311,385,655,854,688,344,3897,204,109,113,103,121,126,106,112,66,1060
UCL214004,333,186,233,200,182,155,120,64,21,1502,45,45,44,43,55,96,91,88,26,538,6,12,9,16,22,36,63,55,22,245,0,0,0,3,5,21,41,55,19,149,52,56,55,68,86,151,198,200,68,935,58,30,33,37,21,26,35,18,17,266,439,279,321,299,288,337,357,280,107,2698,333,147,191,178,149,160,131,55,29,1384,32,49,64,54,87,76,136,92,39,641,7,10,13,14,25,26,61,56,26,240,0,0,0,12,21,24,38,48,24,169,44,65,78,82,127,133,239,191,92,1046,54,30,34,23,24,16,44,25,14,258,427,241,298,284,309,313,411,271,133,2694,668,340,427,378,337,320,255,119,46,2885,75,97,108,99,144,173,233,185,69,1181,13,28,28,36,43,64,126,112,49,487,0,0,0,16,29,48,81,98,42,316,91,122,136,145,216,287,438,392,161,1980,107,61,64,62,47,49,76,44,28,522
UCL214005,55,35,36,28,44,28,31,9,5,281,7,4,3,9,15,19,23,7,6,99,0,0,3,6,10,10,19,12,3,52,0,0,0,0,0,0,12,14,0,24,7,4,7,14,23,29,49,31,5,179,11,3,8,4,9,3,4,5,3,47,77,43,46,49,70,65,84,43,9,495,57,30,22,37,42,35,31,7,4,270,7,10,16,7,16,17,30,9,3,122,0,0,3,3,5,10,10,6,0,46,0,0,0,0,6,8,5,7,0,27,10,13,14,15,29,35,48,21,5,193,14,0,4,8,9,3,5,3,0,37,83,41,41,59,71,75,84,29,14,504,120,61,56,73,88,62,59,19,10,554,20,14,19,18,32,37,59,15,9,217,0,0,0,8,12,24,31,19,3,93,0,0,0,0,3,14,19,15,0,53,16,14,24,21,47,66,105,56,14,365,21,5,9,10,15,5,7,5,3,81
UCL214006,380,155,190,206,221,233,232,94,18,1733,66,41,44,58,65,129,194,110,33,731,0,5,7,11,27,54,97,70,21,294,0,0,0,3,8,20,60,59,15,161,66,40,45,72,97,200,345,237,77,1181,40,13,12,25,40,39,60,33,16,278,483,210,254,302,358,469,636,367,111,3192,377,153,178,205,242,299,259,107,49,1876,38,45,65,75,76,165,234,107,56,857,0,11,16,25,28,60,111,79,38,357,0,0,3,6,17,32,68,54,22,199,38,54,84,103,123,252,411,234,114,1417,44,12,19,32,37,65,58,36,30,322,458,213,278,340,396,610,735,381,185,3610,759,308,369,404,467,531,495,202,68,3605,104,85,107,131,142,289,430,215,86,1588,0,11,18,33,56,115,208,152,62,651,0,0,3,8,23,52,127,108,37,359,104,96,124,175,222,451,762,471,188,2595,80,22,37,58,77,95,117,73,46,597
UCL214007,457,178,452,334,138,116,49,11,0,1733,52,29,86,71,47,63,41,12,0,413,0,8,18,20,20,23,27,20,0,139,0,0,0,4,0,8,10,11,0,34,61,38,108,93,72,90,79,44,4,587,30,23,50,22,16,18,10,4,0,171,546,240,609,450,223,224,137,57,7,2486,454,145,451,279,152,112,40,15,4,1641,43,48,138,77,63,63,47,10,0,492,3,13,30,24,24,31,32,3,0,169,0,0,3,3,15,24,15,10,3,71,48,62,174,103,100,119,100,23,7,727,41,13,27,26,19,14,8,0,0,152,542,226,651,406,268,246,138,38,8,2526,915,329,898,605,289,224,83,18,9,3371,92,78,225,148,108,125,94,22,0,899,10,23,53,41,40,57,61,22,4,303,0,0,3,6,16,24,29,18,3,107,101,102,282,198,167,209,177,65,10,1313,69,31,82,48,34,34,14,7,0,327
UCL214008,619,394,392,293,306,311,219,117,45,2695,98,93,106,90,115,139,189,102,45,965,7,13,13,16,31,54,89,70,30,323,0,0,3,5,18,31,52,58,27,193,103,103,122,111,159,232,333,221,98,1480,79,40,49,49,37,38,42,36,20,384,807,533,564,452,497,578,590,376,158,4559,639,319,325,303,314,320,262,129,61,2664,70,132,133,116,133,186,208,146,78,1206,7,26,26,37,58,80,115,97,52,495,0,0,7,10,20,52,51,75,31,251,78,161,172,166,213,322,372,317,158,1956,65,54,37,35,32,38,50,54,36,392,779,528,532,509,549,681,681,502,256,5019,1261,708,719,596,615,628,480,247,103,5361,167,222,240,203,245,326,391,248,120,2171,10,40,43,57,86,136,200,163,80,819,0,0,10,19,33,87,105,131,56,441,181,267,291,276,365,548,705,543,258,3436,144,89,84,83,67,80,83,86,51,780
UCL214009,588,311,333,309,342,292,193,78,33,2475,93,76,75,92,119,168,169,103,29,913,5,10,13,20,31,56,64,73,14,281,0,0,4,0,10,17,45,60,30,168,90,83,89,112,158,235,284,233,74,1362,50,45,36,41,31,66,30,23,6,331,732,443,464,462,527,594,501,335,108,4172,600,268,302,329,311,331,209,88,28,2461,50,98,111,129,139,171,181,109,43,1029,5,13,22,38,62,92,96,80,39,446,0,0,4,7,20,37,45,63,65,239,55,111,136,174,215,298,321,256,145,1715,56,35,47,32,41,60,43,25,12,354,710,414,491,540,575,684,571,363,184,4528,1185,576,639,638,656,622,396,170,55,4933,138,169,184,220,255,330,350,212,73,1942,3,25,33,58,92,144,161,153,55,723,0,0,6,13,32,55,92,122,92,411,147,196,229,287,375,539,607,484,219,3077,104,84,87,76,73,126,71,48,16,687
UCL214010,380,188,145,206,191,236,225,98,24,1690,40,35,34,55,50,99,189,104,19,623,5,5,4,9,9,43,72,57,21,216,0,0,0,0,7,16,60,44,22,158,50,37,38,65,66,155,319,203,66,999,43,19,10,21,23,30,33,19,15,207,467,245,193,285,281,419,575,321,98,2891,401,135,162,232,212,249,248,106,26,1776,30,34,48,59,77,130,214,114,40,745,3,6,10,15,19,51,85,62,28,275,0,0,0,6,4,23,51,53,27,165,31,38,53,79,103,205,347,232,95,1189,28,11,9,19,17,20,35,35,17,192,459,188,231,329,330,481,628,372,138,3154,778,326,315,439,404,486,472,206,52,3467,72,67,77,116,124,230,400,215,56,1365,6,8,16,20,32,92,154,125,47,499,0,0,0,5,13,33,111,97,55,321,80,79,91,138,167,362,672,436,155,2181,71,34,19,35,44,49,63,54,31,398
UCL214011,684,425,378,333,326,242,142,57,14,2607,110,85,78,106,105,116,123,80,21,827,15,12,20,17,33,56,71,53,16,289,0,0,5,8,11,32,49,66,26,190,123,101,102,123,152,203,239,200,64,1305,62,40,37,40,45,42,25,31,9,342,872,560,520,498,521,493,408,290,89,4253,677,318,359,317,354,206,162,77,25,2495,58,103,151,123,145,138,153,121,41,1033,5,21,34,32,46,65,87,66,26,381,0,0,0,12,17,36,83,64,42,256,65,126,183,169,210,241,322,243,113,1670,85,49,34,50,43,37,38,15,18,369,824,499,577,535,608,483,516,336,156,4533,1361,743,735,646,686,450,306,137,37,5096,174,193,225,225,254,255,272,195,62,1860,16,32,50,47,79,126,159,120,40,668,0,0,5,15,24,67,132,132,71,446,190,225,283,289,364,441,562,446,177,2976,147,91,75,87,91,82,59,46,27,710
UCL214012,405,230,206,176,210,186,129,81,17,1643,58,66,73,57,59,111,114,70,44,657,5,9,14,17,17,34,49,61,22,229,0,0,0,5,6,19,39,40,22,138,66,75,89,76,89,164,203,175,94,1025,57,32,19,24,28,18,28,26,11,244,536,336,310,272,321,370,356,277,124,2905,385,203,205,185,186,186,173,81,31,1645,47,54,62,70,90,116,131,120,64,739,0,13,17,25,46,45,61,53,41,315,0,3,8,9,12,29,37,42,36,173,46,69,88,105,144,188,234,214,137,1226,35,16,21,30,22,31,34,24,15,236,467,286,320,325,347,406,438,324,188,3102,797,436,407,364,391,370,302,163,55,3283,111,118,135,121,147,221,251,191,105,1395,5,23,34,42,64,74,107,116,72,546,0,3,5,13,23,52,71,89,58,316,113,141,174,181,228,346,436,391,230,2250,99,45,49,53,51,54,62,47,27,474
UCL214013,326,177,164,185,222,136,122,55,21,1411,46,43,47,79,89,66,95,70,26,559,6,0,13,10,25,29,37,40,31,188,0,0,0,3,9,17,24,34,22,104,48,48,59,87,121,114,159,150,78,855,40,15,18,21,19,23,14,14,8,174,418,239,240,300,359,273,294,216,110,2442,359,132,163,212,236,174,139,61,37,1518,33,50,70,86,91,91,100,72,43,644,6,8,13,17,12,30,48,59,34,225,0,0,0,0,19,20,23,35,38,147,41,66,79,109,122,142,171,166,113,1011,23,24,21,16,19,26,20,20,12,178,427,215,263,336,377,342,334,246,162,2706,688,314,323,397,454,314,267,114,62,2921,80,99,117,169,180,158,196,145,68,1203,8,12,27,30,37,63,82,101,59,414,0,0,7,4,24,32,55,73,62,248,88,109,145,200,242,255,336,317,190,1869,64,31,36,39,44,47,34,35,21,356
UCL214014,364,174,149,174,182,219,237,86,18,1607,45,50,36,51,61,108,204,117,32,702,9,7,10,11,15,48,97,83,16,296,0,0,0,4,3,28,74,65,17,189,54,56,47,63,87,181,366,265,60,1182,79,33,35,52,45,61,58,45,17,428,498,260,230,288,310,467,665,396,103,3219,315,155,171,150,177,232,249,97,31,1581,32,49,53,75,71,130,198,112,58,770,0,14,16,26,37,57,106,61,32,345,0,0,0,6,23,35,59,61,18,208,36,65,73,110,132,218,360,227,106,1324,81,35,40,39,41,46,65,35,23,407,425,251,283,296,347,499,676,367,165,3311,679,324,316,324,361,449,486,188,52,3185,77,91,92,131,132,239,399,225,88,1472,10,18,25,40,54,102,199,144,48,640,0,0,0,11,30,62,133,125,36,397,90,111,120,174,216,404,729,496,170,2509,157,73,77,86,84,107,129,81,42,832
UCL214015,440,191,199,202,179,178,151,64,12,1609,77,57,40,71,53,81,102,77,18,572,0,7,3,9,16,34,48,43,6,165,0,0,0,3,0,16,25,29,14,98,77,56,47,84,71,126,178,154,47,833,56,27,18,27,18,23,29,26,11,228,573,275,263,311,263,321,356,245,66,2673,383,190,180,213,170,193,172,68,31,1595,39,56,65,85,88,87,141,105,39,708,4,17,9,22,17,54,55,58,26,263,0,0,3,6,9,20,49,36,40,166,42,71,80,115,116,169,243,194,104,1132,42,19,20,22,24,22,28,22,16,214,467,284,283,352,310,377,445,289,148,2947,821,381,380,410,346,371,328,132,40,3201,116,111,105,155,140,169,239,188,56,1279,4,18,19,34,34,85,102,101,34,428,0,0,0,11,9,34,72,63,56,255,118,127,126,196,190,287,420,354,148,1969,98,42,36,53,39,38,53,48,27,441
UCL214016,435,250,254,185,227,208,187,109,25,1885,82,84,75,58,92,119,183,146,49,885,8,13,12,17,49,75,92,80,32,380,0,0,3,4,21,40,63,78,32,246,88,90,96,81,164,229,345,304,112,1510,65,31,36,23,46,24,39,31,19,315,587,379,384,291,433,466,574,445,152,3711,439,206,238,178,207,223,232,115,49,1881,54,91,99,79,117,161,206,165,71,1043,6,29,33,33,65,83,108,86,56,498,0,0,9,17,27,69,86,76,38,324,62,121,142,132,207,310,391,332,169,1862,64,36,26,24,31,35,33,41,24,312,561,363,403,333,455,564,658,487,233,4061,872,458,488,363,434,433,425,225,71,3769,130,168,175,134,205,271,394,313,124,1926,18,40,45,50,115,157,198,166,86,875,0,0,12,21,49,114,144,159,65,570,149,214,240,209,371,539,735,635,279,3367,139,69,58,54,74,57,70,73,41,632
UCL214017,240,140,106,128,158,208,243,112,33,1366,29,28,18,26,44,96,192,105,37,579,0,0,4,0,15,28,75,65,26,216,0,0,0,0,0,10,30,31,12,83,30,28,24,34,57,129,296,206,81,881,26,10,10,16,15,39,49,39,18,215,300,182,134,183,236,377,587,358,123,2467,275,104,98,158,206,277,293,148,38,1591,16,40,22,28,54,115,180,123,58,626,0,3,4,10,11,28,80,56,34,230,0,3,0,0,0,9,38,30,32,112,13,43,22,41,62,155,291,213,124,976,26,14,7,19,18,34,58,39,12,229,309,163,130,222,289,471,640,404,168,2797,508,243,204,290,364,488,535,262,69,2961,43,68,35,63,98,211,370,227,97,1204,0,6,3,11,26,55,151,120,64,447,0,3,4,0,0,15,67,69,44,204,47,79,45,74,123,281,587,420,202,1855,47,23,21,40,37,70,112,72,22,446
UCL214018,388,185,211,203,295,388,429,147,37,2283,58,53,56,78,104,189,307,165,28,1044,0,5,16,15,19,84,144,96,17,411,0,0,0,6,17,20,92,67,17,219,59,63,67,99,141,299,545,332,70,1664,46,20,21,36,55,77,88,69,23,441,493,267,301,335,492,765,1058,547,126,4387,368,154,183,235,294,434,467,144,22,2290,37,71,78,83,141,243,330,171,45,1194,7,16,15,24,48,95,151,92,28,479,0,0,4,5,27,65,92,61,19,272,44,92,92,118,215,402,569,325,93,1944,48,22,13,34,36,75,73,69,60,424,459,264,287,378,544,902,1111,542,174,4660,751,335,392,441,589,819,891,287,60,4570,100,125,127,162,241,435,640,333,73,2235,5,28,30,42,68,181,296,194,53,885,0,0,3,12,42,84,185,123,38,491,106,152,155,210,353,699,1109,652,161,3611,92,41,36,69,95,145,165,139,81,868
UCL214019,335,277,220,168,180,184,126,40,18,1548,63,67,70,57,76,104,117,65,17,640,5,9,14,16,28,51,73,47,10,255,0,0,9,5,12,28,42,41,22,163,72,79,92,80,118,182,234,152,53,1061,74,44,52,46,46,41,38,13,4,365,476,400,365,299,342,409,399,205,71,2977,334,204,192,156,192,202,115,56,25,1468,47,75,101,77,82,111,137,66,40,738,0,18,25,31,46,61,69,53,26,329,0,0,3,7,25,29,58,45,19,194,47,99,136,118,157,201,262,162,88,1258,59,30,43,35,36,51,32,13,22,312,437,328,366,308,377,455,402,230,134,3045,664,475,412,323,371,388,242,95,40,3021,109,143,174,132,160,212,251,131,64,1374,5,24,42,50,73,112,145,98,37,584,0,3,11,20,37,65,96,88,43,358,119,170,223,194,268,383,497,317,140,2315,128,78,93,81,82,93,72,31,25,680
UCL214020,335,191,240,174,145,177,135,52,14,1465,48,66,63,49,76,110,114,75,21,622,8,9,10,12,17,62,49,33,13,204,0,0,4,4,18,26,44,34,8,146,51,80,74,67,110,195,206,142,46,972,64,31,37,34,32,48,46,33,15,342,449,301,349,273,293,418,388,226,79,2772,320,179,216,145,170,161,149,64,17,1420,41,55,75,70,82,111,124,79,45,681,3,17,16,17,35,46,55,59,21,265,0,0,3,13,22,45,59,29,8,175,43,75,93,103,142,204,231,163,75,1122,48,19,30,24,34,23,39,38,53,315,415,270,338,262,343,396,418,269,143,2856,652,365,457,315,314,336,285,119,30,2880,84,125,132,120,159,218,239,156,68,1303,12,26,26,30,48,109,99,91,34,468,0,0,3,16,37,69,100,61,20,321,99,152,166,170,252,402,438,304,116,2091,113,48,71,56,66,75,83,76,70,655
UCL214021,433,283,196,192,228,142,77,24,11,1590,56,74,72,69,98,65,85,41,26,592,4,13,12,14,19,21,43,33,9,159,0,0,0,0,4,9,24,29,16,88,60,88,75,77,117,103,159,101,51,836,38,33,16,24,24,22,23,21,11,211,538,398,291,296,371,265,252,143,70,2642,427,213,209,208,228,127,100,52,17,1576,50,75,69,85,95,85,113,45,27,655,0,16,21,22,34,52,57,41,26,274,0,0,0,13,21,11,16,30,41,133,49,93,92,120,146,148,184,126,103,1065,50,24,22,24,23,19,23,23,17,212,526,326,327,350,393,294,310,192,137,2854,868,495,411,400,450,270,174,78,25,3167,103,154,145,155,196,148,195,92,55,1253,7,27,31,36,51,70,105,76,41,433,0,0,3,13,20,26,44,62,57,222,114,180,170,201,269,253,341,226,157,1903,89,56,39,48,49,35,48,39,33,428
UCL214022,483,299,274,256,277,252,214,95,21,2167,75,69,80,81,93,136,189,122,40,891,10,8,15,27,25,63,89,84,25,352,0,0,0,11,12,38,78,82,38,266,86,82,100,116,134,239,357,288,102,1506,52,36,34,29,36,45,44,36,19,337,625,414,409,400,449,531,622,420,139,4008,474,242,232,232,257,283,245,96,28,2101,51,101,116,107,112,172,221,159,66,1099,3,17,36,29,52,91,123,86,55,504,0,0,4,8,32,56,107,79,57,340,52,112,154,146,199,321,451,323,176,1940,67,26,40,42,35,43,64,42,21,380,591,380,425,423,493,650,761,466,224,4420,957,538,506,494,538,536,464,191,46,4270,127,169,198,183,204,308,409,279,105,1992,13,25,52,55,80,159,217,174,79,853,0,0,4,16,45,97,180,163,97,605,138,196,257,264,329,563,805,609,277,3444,122,64,70,74,68,89,112,81,40,714
UCL215001,65,51,34,35,62,94,61,21,0,419,4,7,6,11,19,31,51,22,0,147,0,0,0,0,4,10,14,9,3,38,0,0,0,0,0,0,9,5,0,18,4,7,3,11,26,43,72,34,7,205,6,10,6,5,12,9,12,5,0,64,78,66,39,48,98,147,145,57,7,685,60,24,32,44,66,107,62,17,0,418,5,13,10,4,20,40,42,21,10,167,0,0,0,5,3,12,13,6,3,43,0,0,0,0,0,4,3,7,4,23,5,14,14,3,18,59,62,34,19,231,6,3,11,4,7,7,12,4,0,59,75,49,43,52,97,176,143,51,19,710,122,80,61,75,133,199,120,41,3,840,12,21,14,11,34,72,93,44,12,313,0,0,0,5,4,20,23,12,6,80,0,0,0,0,0,9,11,11,3,39,12,22,18,15,41,101,132,69,21,431,15,12,7,18,24,23,31,5,6,130
UCL215002,154,90,72,73,72,74,75,27,3,649,16,14,11,24,37,61,63,43,6,274,0,3,0,4,9,18,31,24,5,107,0,0,0,0,6,6,22,26,11,76,20,19,16,29,55,84,115,92,23,458,19,11,8,7,9,21,6,11,0,102,192,124,97,112,144,183,197,129,31,1206,136,65,70,82,84,79,64,23,20,632,12,21,17,35,37,46,96,36,7,299,0,4,4,9,15,27,47,28,14,148,0,0,0,0,4,18,22,34,24,103,12,22,21,39,50,87,161,104,44,555,14,10,14,6,11,16,10,13,4,92,160,102,104,129,147,190,237,140,64,1277,290,151,147,157,160,152,136,54,25,1280,26,33,28,57,75,107,158,78,10,578,6,9,5,8,25,44,83,56,20,256,0,0,0,0,16,28,41,60,30,177,30,40,36,75,109,179,277,190,69,1007,34,20,22,15,23,40,19,23,4,192
UCL215003,208,93,82,118,126,152,125,54,11,970,15,20,20,32,28,54,86,48,10,313,0,4,3,6,0,21,43,25,8,107,0,0,0,0,0,8,23,17,14,58,15,22,27,34,33,78,144,95,27,472,32,7,10,10,18,22,25,7,0,120,256,119,116,163,176,250,297,157,35,1567,169,73,99,116,123,184,163,46,16,985,12,18,29,32,40,56,69,51,14,327,3,0,7,4,3,24,41,31,12,125,0,0,0,0,8,5,15,10,27,65,11,18,33,40,48,89,127,100,50,517,12,5,8,15,19,21,22,6,10,124,201,103,137,168,192,295,319,151,75,1627,379,165,184,230,250,333,290,96,23,1958,22,40,49,65,72,109,159,98,24,635,3,7,9,10,5,47,86,64,17,229,0,0,0,0,7,7,36,33,34,123,27,45,51,75,77,161,277,191,79,992,44,11,20,24,32,43,46,14,10,245
UCL215004,82,43,69,45,61,63,56,11,3,439,10,5,9,9,23,31,35,14,0,138,0,0,0,0,6,8,17,20,5,43,0,0,0,0,3,10,4,3,3,24,10,6,9,11,27,48,52,42,4,211,19,5,8,7,13,13,13,3,0,95,115,61,82,72,101,130,124,50,17,745,68,37,56,59,73,75,61,20,4,452,5,10,13,10,15,19,34,13,16,129,0,0,3,0,9,8,9,13,6,53,0,0,0,0,3,6,6,8,0,24,5,8,11,14,23,39,50,34,21,213,11,5,12,11,11,8,15,13,3,83,86,44,77,80,105,120,132,69,34,749,157,79,117,105,132,133,119,31,6,886,9,18,19,24,34,54,68,32,18,272,0,0,3,5,9,18,22,30,7,102,0,0,0,0,0,15,15,12,3,54,9,15,24,24,53,90,105,79,30,420,35,8,16,15,24,24,29,14,12,183
UCL215005,66,34,35,24,37,36,42,12,9,297,11,8,11,6,18,18,34,11,4,115,0,0,4,4,4,7,15,10,5,51,0,0,0,0,6,7,14,15,5,48,11,8,14,13,25,31,69,39,14,211,10,10,4,5,10,7,8,5,0,57,88,44,53,37,66,73,117,61,25,566,72,26,32,38,34,25,32,14,0,282,10,12,14,7,20,20,22,15,8,119,0,0,0,3,6,16,15,10,4,57,0,0,0,0,4,6,17,10,16,52,10,11,14,15,32,38,49,37,30,232,11,0,3,10,7,3,14,7,0,57,96,41,51,56,70,65,96,60,27,563,140,58,69,59,72,64,76,32,9,582,18,19,26,15,30,35,58,28,7,235,0,0,3,10,8,19,32,21,7,111,0,0,0,0,5,17,33,22,21,98,18,23,29,24,50,64,124,73,38,438,24,9,6,12,11,11,21,15,5,108
UCL215006,190,76,114,119,82,77,51,14,6,725,29,26,19,41,33,51,37,33,4,277,0,11,8,8,6,13,20,19,4,85,0,0,0,4,0,12,15,24,3,53,31,37,25,52,42,74,67,77,8,419,14,9,14,13,8,15,13,4,0,86,231,115,158,184,128,171,133,90,19,1234,200,70,112,110,83,89,50,23,10,742,27,26,41,40,40,54,53,39,13,320,0,4,9,19,21,36,30,9,19,146,0,0,0,5,4,15,21,19,6,73,29,25,52,66,61,103,98,64,39,533,24,10,18,11,11,13,11,11,6,101,248,95,173,179,157,201,162,97,57,1377,388,141,230,224,167,162,101,35,16,1473,60,51,61,82,65,103,89,73,15,600,4,11,12,28,24,52,45,30,21,226,0,0,3,4,0,27,28,35,16,128,62,63,75,116,97,180,172,143,52,951,35,16,29,23,22,28,23,11,8,188
UCL215007,216,85,49,109,104,90,83,33,15,782,20,10,16,29,21,41,52,34,4,228,0,0,0,3,5,14,27,31,5,87,0,0,0,0,0,3,6,14,4,35,22,10,18,28,29,55,94,83,16,351,24,4,14,15,13,11,10,6,0,97,261,104,77,151,141,160,187,121,32,1227,207,58,58,126,132,114,75,32,18,816,10,17,14,35,28,51,61,39,13,266,0,0,0,6,7,18,25,20,9,84,0,0,0,0,3,7,7,16,6,40,10,22,17,38,39,70,94,80,22,393,22,7,6,14,16,8,12,10,6,96,233,87,80,176,185,192,182,124,44,1303,424,146,100,228,237,203,158,64,28,1594,24,31,27,64,55,87,112,78,20,501,0,3,0,6,11,26,54,52,16,169,0,0,0,0,0,12,22,36,11,74,33,35,34,70,67,125,190,163,45,743,45,13,18,26,27,22,17,18,4,192
UCL215008,187,73,82,79,88,65,34,14,0,626,35,24,14,29,32,31,25,9,0,199,0,0,9,4,9,14,13,0,0,55,0,0,0,3,3,3,8,7,0,21,36,24,21,35,50,51,47,14,0,273,16,14,9,13,3,4,3,0,0,63,242,107,108,129,145,116,84,24,4,963,215,70,82,90,83,65,34,7,0,653,19,23,29,41,38,35,18,3,0,217,3,4,0,10,11,8,13,8,0,56,0,0,0,0,5,0,8,0,0,17,27,27,29,49,56,44,39,11,5,292,13,12,3,0,6,6,0,0,0,48,259,112,127,141,143,110,74,22,3,989,403,148,163,176,174,124,64,19,8,1276,60,46,50,63,78,72,45,9,0,418,6,4,10,20,22,20,22,3,0,107,0,0,0,0,5,3,13,11,0,39,61,52,59,83,104,94,81,26,3,559,35,25,15,16,15,13,9,0,0,117
UCL215009,47,26,19,33,32,34,28,18,0,247,18,6,9,13,4,30,26,19,3,128,4,0,0,0,0,0,18,9,0,38,0,0,0,0,0,4,13,8,0,23,17,3,9,13,6,41,61,32,3,188,4,4,5,12,6,9,8,7,6,49,74,40,35,55,46,83,95,56,10,490,42,25,15,28,28,48,30,20,4,237,9,9,5,10,9,26,25,13,0,97,0,0,0,8,9,0,10,0,0,38,0,0,0,0,3,6,15,9,0,29,12,7,6,10,17,33,50,23,3,164,7,3,5,7,11,5,10,4,0,42,64,35,25,46,58,80,94,41,5,448,95,50,34,59,67,81,55,39,4,487,26,8,19,18,20,57,54,33,3,230,6,5,0,8,9,7,33,11,0,74,0,0,0,0,3,4,27,13,0,56,28,11,22,24,23,72,115,56,4,352,10,14,11,14,7,10,16,7,6,93
UCL215010,228,132,50,116,114,93,52,10,0,803,18,26,12,21,33,31,25,10,0,183,0,3,3,0,11,18,21,16,3,71,0,0,0,0,0,0,7,3,9,23,21,31,11,24,42,51,55,33,17,278,14,13,4,14,9,17,10,3,0,94,262,179,71,155,160,163,113,45,16,1172,192,98,48,119,108,93,48,6,6,721,7,27,15,21,48,43,24,18,0,211,0,4,6,6,14,13,11,10,4,62,0,0,0,0,0,7,10,9,6,31,7,27,22,25,61,58,43,38,7,304,15,8,5,11,15,13,10,0,3,83,217,133,76,156,182,163,108,49,19,1105,420,235,98,241,218,190,102,19,8,1522,32,49,27,44,84,70,57,29,0,392,0,4,8,6,19,26,34,23,9,132,0,0,0,0,0,8,16,15,10,54,34,59,38,52,103,106,103,65,23,581,30,20,11,21,25,28,21,9,3,175
UCL215011,60,31,23,30,49,33,36,13,3,280,16,5,15,9,15,25,33,18,3,137,0,3,8,6,9,10,22,8,0,62,0,0,0,0,0,6,9,16,5,41,16,11,17,12,18,46,65,40,11,230,10,4,4,7,8,10,10,4,0,56,88,47,45,48,73,79,106,57,18,569,60,28,28,32,27,38,40,20,8,267,9,10,8,12,21,24,36,25,9,147,0,0,0,8,15,14,15,12,10,77,0,0,5,0,4,8,8,11,11,46,9,17,15,17,35,42,64,47,26,273,15,4,8,7,13,5,4,3,7,56,78,48,47,62,74,85,103,71,30,598,116,59,52,57,70,72,71,34,7,546,22,19,25,21,33,51,63,38,11,287,0,8,9,9,19,20,38,23,9,134,0,0,5,0,3,16,23,20,15,87,22,28,33,33,56,87,124,87,36,505,25,9,11,14,16,11,13,5,7,115
UCL215012,220,87,82,123,140,111,105,32,9,910,27,19,20,26,49,50,95,37,12,329,0,0,5,13,10,22,29,24,3,116,0,0,0,0,3,8,14,33,5,63,27,25,20,39,58,84,137,97,22,503,16,16,9,14,15,19,11,13,0,115,268,125,110,166,210,209,258,140,35,1529,233,79,74,138,146,137,115,39,17,983,15,29,29,53,68,70,90,54,22,428,0,3,5,7,15,26,45,31,16,162,0,0,0,0,4,3,26,20,12,70,17,38,36,65,89,94,164,111,55,658,11,10,8,19,14,17,14,16,5,116,266,120,118,223,247,252,294,163,74,1762,454,163,156,257,282,249,223,67,25,1894,41,47,52,80,112,121,182,91,34,755,0,8,12,20,28,45,75,62,22,276,0,0,0,0,10,7,45,54,24,139,44,59,58,102,145,179,296,208,77,1165,33,26,17,34,23,36,30,25,10,230
UCL215013,511,170,317,295,163,73,28,3,0,1558,60,26,57,54,51,32,24,4,0,316,5,3,5,12,7,3,8,0,0,47,0,0,0,0,3,4,5,3,0,17,57,35,64,68,61,45,37,10,0,380,39,28,21,31,25,15,0,0,0,163,610,229,404,394,239,132,76,15,0,2099,490,149,326,262,120,83,27,4,0,1475,41,27,81,68,54,37,24,3,0,335,0,4,19,22,22,12,5,0,0,80,0,0,0,0,5,8,7,4,0,29,43,36,99,87,77,55,42,8,0,440,41,16,26,18,21,16,3,0,0,143,583,199,452,368,222,150,71,11,0,2058,1005,318,647,555,283,155,61,12,0,3032,96,59,137,121,100,75,48,9,0,650,4,9,23,27,32,14,10,5,3,128,0,0,0,0,6,11,13,7,0,44,105,70,166,161,136,97,76,15,3,822,80,40,46,54,43,29,8,0,0,301
UCL215014,108,39,66,44,52,42,27,3,0,380,14,15,24,8,16,19,18,14,3,135,0,5,0,0,9,5,9,8,6,35,0,0,0,0,3,7,8,3,4,23,14,14,24,15,29,35,34,26,6,195,10,11,6,3,6,10,5,0,0,48,130,63,96,56,90,82,60,28,11,617,104,45,60,53,39,34,11,6,0,359,10,18,23,16,24,28,21,6,0,155,0,0,6,0,12,5,6,5,0,43,0,0,3,0,0,7,0,3,0,19,10,23,28,19,41,45,34,12,3,219,9,5,3,7,8,7,5,0,0,38,123,76,89,78,86,89,49,26,3,612,214,88,122,101,92,73,34,9,0,740,21,28,47,26,45,50,42,22,4,291,0,9,6,4,21,20,17,11,6,79,0,0,3,0,3,16,8,8,8,42,21,40,49,29,72,82,63,38,9,409,21,11,9,9,11,13,4,4,0,84
UCL215015,141,78,77,106,112,100,81,22,3,724,29,18,14,18,19,48,45,35,12,239,0,0,0,6,10,12,27,21,10,84,0,0,0,0,0,0,10,19,7,32,28,18,16,23,35,61,82,68,23,349,20,19,15,8,15,17,16,17,4,129,186,121,116,134,158,175,183,110,32,1207,141,74,78,117,125,89,84,43,6,757,15,21,20,18,27,50,48,41,11,253,0,6,10,8,7,10,20,25,4,84,0,0,0,0,0,7,16,14,4,45,15,26,27,25,39,74,85,75,26,379,10,13,12,6,19,14,18,25,16,139,165,109,110,151,177,180,185,144,49,1278,283,149,154,225,230,191,174,68,13,1484,41,39,34,34,51,102,95,73,21,490,0,6,10,10,17,21,45,50,17,162,0,0,0,3,3,6,21,29,9,76,40,39,42,42,68,132,165,146,47,731,28,35,32,16,30,31,31,34,28,266
UCL215016,333,161,222,161,139,129,80,26,6,1254,39,35,53,57,55,55,76,27,3,407,3,3,11,11,20,25,28,23,5,135,0,0,0,0,12,19,31,19,4,95,49,43,68,73,91,101,128,73,16,631,28,12,32,19,24,19,6,5,0,153,412,218,320,255,247,246,217,98,23,2037,313,139,168,161,125,112,68,26,9,1124,34,36,65,46,77,80,62,41,24,461,0,13,28,29,33,35,33,15,6,186,0,0,4,5,14,26,26,15,3,93,36,53,90,80,118,136,120,70,30,738,41,16,22,25,26,17,12,8,14,176,394,210,281,264,269,268,201,101,51,2037,647,302,391,322,266,238,151,52,10,2379,77,75,119,103,131,138,131,67,25,868,6,19,32,43,48,63,59,40,8,318,3,0,0,6,26,43,56,37,12,182,83,92,159,156,207,242,244,139,50,1369,73,38,57,46,41,42,20,9,14,334
UCL215017,267,140,115,115,96,88,34,21,7,883,33,16,23,32,30,49,38,22,12,252,0,0,4,0,7,12,17,14,3,70,0,0,0,3,0,0,6,12,9,33,34,16,26,35,38,63,61,49,15,348,24,10,17,10,12,10,3,7,4,102,333,164,150,161,149,166,104,80,28,1340,236,109,95,121,94,81,48,26,10,816,14,32,43,39,41,48,46,27,12,299,0,10,5,7,11,18,11,21,4,94,0,0,0,3,4,12,6,9,10,45,23,35,51,45,59,73,66,62,28,435,34,10,20,13,16,6,4,6,3,116,287,160,162,175,169,160,117,93,47,1372,504,245,204,242,188,168,81,44,22,1705,54,50,68,70,75,94,80,51,21,554,3,10,8,9,18,33,28,36,13,156,0,0,0,7,5,12,16,22,12,82,54,53,72,82,96,135,128,114,44,784,60,21,34,15,30,23,15,14,10,215
UCL215018,170,101,106,86,88,96,82,41,10,776,25,36,17,23,34,57,70,41,14,317,0,0,9,9,9,19,32,33,8,124,0,0,0,0,0,5,15,11,10,44,28,33,26,28,55,87,119,91,28,489,18,19,10,12,14,22,22,4,3,126,218,155,145,126,154,201,221,140,43,1391,167,79,89,84,78,99,97,66,20,784,20,24,25,31,49,46,78,54,27,355,0,4,7,18,24,37,24,39,21,157,0,0,5,0,0,26,31,30,11,93,20,29,28,51,72,103,130,118,54,604,21,7,9,12,14,9,16,15,6,106,205,118,125,145,161,207,245,196,81,1491,343,175,193,171,169,195,177,110,31,1564,45,57,42,54,82,98,148,95,40,670,0,7,7,19,31,52,61,71,24,280,0,0,3,0,7,35,39,42,16,139,48,63,53,78,125,188,245,207,81,1094,38,30,21,20,28,31,31,20,14,232
UCL215019,173,78,58,92,103,92,44,13,0,656,22,15,20,29,40,36,54,24,0,234,3,0,6,0,6,14,18,4,3,56,0,0,0,4,0,8,7,10,0,23,24,17,28,34,49,60,72,33,6,313,24,12,22,18,19,20,19,8,0,141,222,102,106,147,166,176,138,53,6,1115,165,85,83,116,110,79,52,6,4,705,16,14,19,23,33,50,45,7,3,219,0,0,3,4,9,16,12,12,8,63,0,0,6,3,8,5,14,11,0,38,12,22,32,33,43,71,70,29,11,321,29,19,24,23,23,18,18,5,0,163,214,127,132,168,176,171,141,44,13,1186,341,161,143,207,211,172,101,19,3,1358,39,32,43,49,73,85,91,30,7,451,3,4,9,10,14,34,30,23,5,119,0,0,6,0,6,16,22,16,0,61,37,35,54,64,90,130,139,68,12,634,50,33,43,45,44,43,36,15,4,307
UCL215020,63,40,39,31,27,49,42,19,4,320,9,5,9,9,13,34,41,23,13,154,0,0,0,0,5,8,22,18,8,65,0,0,0,0,0,3,15,13,5,41,9,4,9,9,19,48,80,54,26,261,3,3,6,4,5,7,6,8,4,44,75,54,56,43,53,107,128,75,31,627,66,44,34,25,30,62,48,36,12,356,5,9,6,15,21,35,22,33,16,163,0,0,4,0,4,16,14,19,16,75,0,0,6,0,0,7,15,16,21,55,7,9,12,21,24,57,55,66,50,298,5,10,0,0,5,6,13,11,3,59,78,58,50,47,56,126,113,111,69,712,130,90,79,58,56,112,90,52,14,674,16,14,9,28,37,74,62,55,24,320,0,5,3,0,12,26,34,37,26,138,0,0,6,0,0,8,32,28,26,99,15,14,21,31,44,103,132,119,74,554,5,11,11,3,12,18,21,17,9,102
UCL215021,61,43,37,34,43,48,24,9,4,304,14,10,15,15,22,25,35,18,0,145,3,0,0,0,3,15,17,10,3,44,0,0,0,0,3,3,12,12,5,31,17,10,15,13,29,39,62,32,3,222,8,9,4,5,11,8,7,3,0,51,92,53,53,54,91,98,92,40,10,579,66,42,24,26,52,46,33,15,0,300,15,10,15,17,31,30,29,16,6,158,3,0,9,4,7,12,24,8,0,64,4,0,0,0,5,9,13,14,0,40,12,17,19,26,42,49,58,32,5,265,10,10,5,8,9,11,0,4,3,64,96,65,51,56,101,106,93,50,9,625,126,87,56,60,99,96,59,25,0,606,31,22,28,29,52,52,62,27,6,308,4,0,3,4,14,26,37,11,3,109,4,0,0,3,9,10,29,23,7,76,32,21,31,34,68,88,123,63,13,485,18,15,9,12,23,19,7,9,3,113
UCL215022,343,182,177,137,125,127,80,32,6,1210,63,54,66,66,61,79,69,48,3,507,6,15,16,18,21,36,54,29,7,187,0,0,3,5,14,27,46,33,4,137,66,70,86,86,91,142,172,103,14,833,70,54,30,36,21,21,14,8,0,259,481,309,293,259,237,284,263,150,23,2298,295,153,163,146,128,136,83,22,7,1133,52,77,87,72,74,85,81,46,5,579,0,20,37,22,31,35,62,33,10,254,0,4,10,4,12,33,54,28,3,143,55,98,125,100,117,153,201,105,14,972,59,63,37,35,27,28,17,14,5,276,414,310,331,276,271,312,302,139,22,2385,646,331,342,277,246,259,167,55,12,2341,111,138,151,141,133,166,153,91,6,1084,7,35,53,40,50,71,114,65,10,438,0,5,14,8,24,65,96,57,3,278,122,172,213,187,210,294,364,215,28,1804,126,116,67,72,47,45,33,23,10,534
UCL215023,99,67,43,33,50,53,35,22,9,398,23,8,15,8,25,33,34,18,3,168,0,0,4,0,8,12,14,14,5,63,0,0,0,0,0,3,15,12,8,39,23,8,22,6,36,48,57,46,21,268,4,11,7,3,4,3,12,6,3,60,122,89,71,52,88,99,105,71,32,730,88,43,37,36,63,57,39,32,11,408,13,9,26,10,22,24,33,25,17,183,0,5,10,7,3,18,13,17,6,82,0,0,0,0,7,10,9,22,8,50,12,15,36,19,38,49,57,64,29,317,6,9,3,3,3,3,7,8,8,51,110,67,79,62,104,115,103,98,49,776,184,114,78,74,109,105,76,53,18,806,32,19,42,15,53,56,65,40,20,350,0,5,12,7,16,33,25,34,20,146,0,0,0,0,5,16,21,34,12,91,31,24,53,28,72,98,114,105,49,584,14,17,13,7,14,11,13,17,10,112
UCL215024,89,39,48,46,59,57,64,27,13,440,16,11,18,13,26,26,45,36,14,205,0,0,0,0,6,14,28,25,12,89,0,0,4,6,5,3,23,25,10,60,15,13,24,20,30,45,92,79,34,352,26,7,0,14,9,13,19,13,8,93,127,59,70,76,103,117,171,116,53,891,103,42,46,55,56,57,71,37,15,478,15,12,16,21,23,23,50,48,23,226,0,5,6,3,11,20,29,32,15,107,0,0,0,0,4,17,25,10,8,68,15,17,15,29,40,60,100,83,45,410,14,5,4,9,9,12,17,15,4,88,138,67,69,91,101,125,195,134,64,979,196,74,89,95,115,111,137,68,30,920,30,27,32,39,49,49,96,80,33,428,0,0,10,6,15,33,56,50,31,203,0,0,4,7,8,20,49,33,15,133,35,29,39,49,73,102,197,161,78,761,36,10,10,24,15,24,31,24,12,186
UCL215025,61,32,18,36,27,70,40,12,3,302,10,7,14,10,12,26,36,9,4,119,0,0,3,5,5,5,19,3,0,44,0,0,0,0,0,4,8,5,3,24,7,7,11,12,23,30,60,21,7,191,10,6,7,3,4,6,10,6,5,47,82,45,37,47,59,111,108,39,12,545,53,23,23,33,24,51,30,9,0,248,8,4,13,7,17,26,39,17,4,130,0,0,8,4,7,14,16,9,0,62,0,0,0,0,0,4,13,3,0,30,5,4,21,16,26,45,71,28,5,214,13,4,5,0,9,10,10,0,0,51,72,30,46,51,57,102,113,36,5,513,122,53,42,65,56,121,73,19,3,550,12,11,21,14,28,47,71,28,6,247,0,0,13,3,14,16,39,10,0,108,0,0,0,0,0,15,24,13,3,57,18,11,34,27,46,73,132,47,10,403,25,8,9,9,11,14,18,9,5,99
UCL215026,60,33,26,35,58,37,24,15,6,294,12,6,4,10,11,26,40,24,6,132,0,0,4,0,0,10,17,10,3,50,0,0,0,0,0,6,5,11,0,30,12,3,8,12,12,47,54,40,7,205,7,8,8,6,0,3,12,9,0,61,84,44,44,48,79,93,94,61,13,564,63,26,37,25,38,48,37,8,4,293,5,6,10,13,9,24,29,20,3,127,0,0,4,9,5,15,15,9,0,47,0,0,0,0,0,8,16,6,0,39,3,6,17,23,18,50,61,36,7,212,5,5,4,9,5,10,3,9,0,48,68,42,60,58,66,101,101,45,11,549,122,60,66,64,99,80,61,20,4,583,18,14,22,24,24,54,70,41,7,260,0,0,7,8,6,27,31,10,6,100,0,0,0,0,4,21,23,20,0,64,15,15,25,30,31,98,116,72,17,418,14,9,14,17,8,13,14,12,0,111
UCL215027,68,23,45,31,31,50,29,12,10,302,6,10,7,9,16,24,24,10,14,126,5,0,3,0,8,9,8,18,3,51,0,0,0,0,0,4,5,11,3,31,9,10,11,9,22,36,41,44,16,201,9,7,7,6,15,10,10,9,9,75,89,50,62,55,69,92,80,63,31,584,70,29,28,41,35,41,25,25,10,302,6,11,10,16,18,26,34,33,11,150,0,0,7,3,0,10,11,10,13,56,0,0,0,0,5,5,3,11,10,39,6,11,14,17,19,43,50,53,27,242,5,11,3,8,11,7,9,6,3,56,83,43,44,63,65,89,90,82,43,602,137,54,72,72,66,89,54,40,17,604,15,19,16,24,31,45,55,39,23,280,5,0,3,4,5,19,23,27,18,101,0,0,0,0,5,11,15,25,6,61,20,21,24,31,40,82,92,88,45,440,14,19,12,13,23,12,19,14,6,135
UCL215028,174,80,80,81,104,91,63,31,10,710,28,14,25,35,39,45,56,39,8,293,3,4,4,6,17,17,33,30,13,122,0,0,0,0,3,12,32,20,13,88,26,24,30,46,56,81,115,90,44,500,20,18,7,17,22,18,21,10,6,142,226,122,119,135,185,188,204,131,55,1356,149,64,71,82,78,112,88,43,12,693,27,20,38,31,44,57,67,54,16,344,0,3,5,17,14,25,34,19,23,148,0,0,4,8,11,17,31,20,18,103,27,27,48,49,67,98,135,94,57,598,28,10,14,26,16,19,18,10,9,153,199,107,122,151,167,233,233,149,77,1439,324,143,146,160,185,200,151,73,26,1402,48,42,61,63,77,105,118,89,29,636,3,6,12,20,28,42,71,48,36,270,0,0,4,10,14,32,59,46,31,194,48,50,72,94,127,179,244,185,101,1094,52,31,16,37,38,43,43,22,11,293
UCL215029,157,93,122,121,158,180,148,36,7,1008,19,22,23,29,49,83,72,33,15,336,0,5,10,3,13,18,37,34,15,125,0,6,0,0,4,17,24,22,3,81,21,23,30,35,63,120,135,87,33,545,23,10,11,18,14,23,35,17,5,155,192,123,157,172,246,327,315,132,47,1711,184,58,101,104,196,215,131,66,9,1063,22,13,44,52,57,87,97,63,38,463,0,10,6,16,19,39,51,33,35,200,0,0,0,4,12,15,30,24,22,102,23,28,44,63,92,140,176,112,83,770,20,16,19,12,20,35,46,15,7,190,230,96,161,184,300,397,349,191,106,2018,340,145,214,224,352,396,277,95,22,2075,40,34,62,75,111,166,170,97,51,801,0,15,15,18,31,61,83,64,49,327,0,6,0,4,20,35,49,44,22,178,38,46,77,102,157,262,308,202,113,1316,41,24,29,31,35,64,77,27,14,342
UCL215030,56,40,34,35,35,49,42,15,9,319,10,18,8,9,13,30,31,25,3,150,0,3,3,0,7,14,23,17,9,80,0,0,0,0,0,11,9,10,7,37,13,18,11,13,27,50,62,44,17,266,7,4,0,10,4,6,14,8,7,55,77,61,55,58,65,104,114,68,30,633,70,42,36,29,43,48,29,21,6,324,8,11,19,15,21,25,34,20,18,177,0,3,3,4,8,13,16,19,4,80,0,0,0,0,8,8,16,5,0,39,8,16,22,20,41,53,64,46,28,301,6,4,7,0,3,7,5,6,7,53,87,56,64,48,90,112,98,75,42,676,128,82,75,61,83,95,74,36,20,640,20,29,28,26,38,57,60,47,22,327,0,4,8,8,16,30,37,33,17,158,0,0,0,3,12,17,25,18,3,78,21,30,33,34,66,106,126,95,46,559,13,11,6,18,9,11,17,12,8,112
UCL215031,78,51,32,23,40,46,37,15,8,348,17,4,16,15,17,31,31,18,12,162,0,0,3,0,9,14,15,8,6,56,0,0,0,0,0,4,17,14,9,42,17,4,20,20,29,48,60,41,21,254,14,9,6,6,10,9,6,11,3,72,111,65,62,53,79,98,110,68,31,678,70,27,36,36,43,50,37,19,3,327,10,7,7,14,24,31,31,20,17,167,3,5,3,3,9,15,17,19,5,79,0,0,0,0,0,7,11,18,12,51,11,10,19,21,31,49,59,55,39,299,14,8,4,5,11,6,10,4,11,71,94,42,57,63,84,111,105,83,55,693,151,81,75,68,83,96,75,35,11,672,29,13,24,33,35,59,66,44,24,331,3,3,9,4,12,28,29,31,13,135,0,0,0,0,3,9,27,33,25,97,28,17,34,36,57,97,119,100,60,559,30,13,8,14,22,19,12,11,11,144
UCL215032,173,111,93,89,80,92,97,48,8,794,21,21,27,23,31,50,66,46,17,303,4,3,4,8,4,19,36,22,12,106,0,0,0,3,0,11,38,30,28,113,21,25,27,37,39,75,139,99,59,529,31,22,9,19,15,27,21,16,11,169,221,152,136,147,136,194,258,165,76,1496,171,76,95,91,94,112,91,57,15,797,18,22,35,39,33,64,83,53,33,378,0,0,8,13,15,21,44,39,17,159,0,0,0,3,14,17,28,32,39,132,22,21,43,58,64,104,161,119,93,673,26,9,16,21,12,25,23,12,9,151,215,111,149,168,167,238,275,184,115,1621,343,188,190,179,173,205,192,103,24,1595,39,42,65,70,67,110,147,100,50,686,7,3,8,28,17,42,80,55,34,265,0,0,0,3,16,30,72,62,63,248,42,49,71,100,103,181,300,213,148,1199,57,33,23,38,32,48,44,27,18,323
UCL215033,356,88,99,180,164,59,35,5,0,980,46,22,34,56,42,30,20,9,0,258,6,4,3,3,11,18,12,4,0,55,0,0,0,5,5,9,4,5,0,21,47,25,35,64,51,49,42,11,0,334,27,6,7,18,3,8,3,0,0,74,429,119,143,259,220,122,82,14,0,1389,337,106,121,205,127,46,39,10,0,979,31,31,31,64,48,33,25,4,0,263,0,0,10,17,9,22,13,4,0,81,0,0,3,3,9,9,12,0,0,34,32,31,49,81,64,59,49,14,0,371,27,13,12,17,10,12,5,0,0,83,394,142,179,302,195,115,95,16,0,1439,689,191,222,377,286,103,75,13,0,1957,77,50,61,115,90,59,46,11,0,520,0,9,14,27,15,35,29,3,0,128,0,0,3,6,10,14,16,11,0,53,81,56,81,151,118,109,91,22,3,707,51,19,20,25,15,20,9,0,0,161
UCL215034,51,23,22,32,29,38,33,19,9,253,10,11,0,15,16,31,37,29,15,158,0,0,3,3,6,3,24,16,10,73,0,0,0,0,4,7,10,20,7,47,8,9,4,16,18,40,78,66,28,271,17,3,7,6,11,4,13,11,10,82,73,37,40,53,58,85,119,98,47,602,50,31,14,26,33,48,47,29,11,283,4,17,15,15,19,24,43,31,21,188,0,5,5,0,0,14,31,29,20,101,0,0,0,0,7,9,11,13,10,49,4,19,16,15,27,50,90,75,49,333,9,15,8,6,9,6,18,12,7,89,62,51,40,46,64,104,153,118,65,705,99,49,38,57,59,84,74,46,17,538,10,25,15,28,30,51,83,66,36,344,0,5,3,5,10,21,52,45,29,171,0,0,0,0,5,19,22,27,15,94,11,25,22,26,47,91,160,142,74,607,25,12,16,12,14,15,33,21,21,167
UCL215035,164,71,69,78,65,57,30,10,5,541,30,12,14,22,24,11,20,18,3,157,0,0,3,0,0,5,8,13,0,32,0,0,4,0,0,4,10,7,0,23,30,12,20,22,31,18,35,36,10,222,17,6,11,6,6,7,11,3,0,76,209,91,90,107,101,84,81,57,11,835,130,67,79,62,52,39,37,11,3,476,21,15,28,28,25,23,25,19,4,187,0,3,0,4,8,13,13,7,7,59,0,0,0,0,0,4,8,5,0,23,21,20,34,28,31,41,49,34,12,268,12,7,9,6,5,12,13,8,0,64,158,87,116,97,89,92,97,55,13,810,284,137,141,136,115,99,71,23,4,1017,47,24,47,49,47,36,44,37,11,345,0,3,5,4,10,17,21,19,7,92,0,0,3,0,3,6,15,15,3,50,47,33,53,58,65,58,88,71,21,486,28,12,15,12,12,19,25,14,0,143
UCL215036,98,60,47,40,55,39,20,8,0,373,20,14,11,18,19,20,18,7,0,117,3,5,0,0,7,5,7,6,0,32,0,0,0,0,0,0,4,5,0,17,22,16,12,14,19,31,31,18,3,167,15,8,8,8,3,14,8,3,0,68,137,90,62,64,79,85,54,30,3,610,89,40,37,44,51,41,28,8,0,340,13,12,10,18,23,24,19,11,6,146,0,0,0,3,9,6,3,3,0,28,0,0,0,0,0,4,11,5,4,26,15,13,13,26,27,31,36,22,9,198,22,4,6,9,16,12,5,4,0,78,126,62,54,72,89,86,68,39,13,618,192,106,85,78,105,82,45,21,0,713,33,26,19,33,35,47,40,25,7,264,5,3,4,3,7,15,12,10,0,65,0,0,0,0,4,4,14,11,4,40,35,31,28,41,52,64,66,43,13,368,34,16,7,15,21,26,17,7,0,148
UCL215037,71,30,44,44,56,58,35,19,5,369,12,6,18,17,19,19,47,13,3,153,0,0,4,3,5,3,16,6,0,46,0,0,0,0,4,13,21,8,6,51,12,12,16,20,27,33,82,29,7,246,8,0,8,6,11,3,10,11,5,67,88,47,73,74,94,100,128,58,13,675,77,29,44,36,43,62,31,14,0,339,12,8,25,16,25,34,31,14,5,163,7,3,11,4,7,12,15,8,0,66,0,0,3,0,5,12,21,4,4,53,13,18,35,23,35,58,66,31,9,289,8,5,5,11,6,9,11,10,7,55,97,45,85,70,80,127,105,54,9,675,142,63,88,81,97,125,71,34,6,704,21,22,39,36,44,55,79,20,7,316,7,9,13,10,11,14,35,17,0,110,0,0,3,0,11,27,40,20,6,99,28,27,55,49,61,91,152,60,12,529,17,9,13,20,11,9,16,15,7,122
UCL215038,84,45,42,43,55,71,48,25,13,429,8,5,15,16,17,31,57,35,8,196,3,0,5,0,5,24,28,26,5,98,0,0,0,0,6,10,17,24,16,77,13,5,15,18,33,64,99,85,27,365,16,11,6,17,19,21,13,10,3,109,110,61,70,77,106,153,159,123,46,911,64,32,37,48,34,59,54,27,19,364,11,12,14,25,19,52,65,34,12,245,0,3,5,10,15,26,34,23,12,132,0,0,0,3,8,15,25,26,8,80,10,17,26,34,42,88,128,87,36,456,24,10,10,9,15,11,9,12,5,112,95,57,76,93,91,153,187,124,59,939,152,76,79,94,91,122,103,51,29,798,20,15,32,36,32,78,121,74,21,442,6,3,9,13,16,51,61,54,17,226,0,0,0,3,14,24,49,50,22,157,20,21,45,50,68,150,224,174,64,826,43,20,18,23,35,28,20,21,8,223
UCL215039,102,65,53,51,34,45,38,17,3,410,16,13,20,11,20,18,47,16,0,166,0,4,0,5,3,12,18,14,4,59,0,0,0,0,3,9,14,17,0,46,16,10,24,15,30,42,82,43,3,269,11,14,14,11,9,11,23,6,4,93,136,82,88,72,72,103,142,72,15,780,88,40,43,44,42,34,42,21,6,357,14,12,24,17,16,28,45,23,6,182,3,0,3,0,8,9,19,13,12,83,0,0,0,0,4,10,11,12,14,53,16,16,24,23,28,50,75,46,33,312,14,10,13,9,7,7,12,6,3,83,115,62,81,76,84,91,122,74,41,751,190,102,95,95,78,83,75,43,9,766,30,24,45,32,40,49,84,39,9,343,4,0,8,9,9,25,41,27,18,144,0,0,3,0,8,22,29,25,14,98,35,26,50,39,54,90,152,93,35,584,27,15,27,18,14,23,37,16,7,179
UCL215040,92,45,39,32,31,47,40,14,3,349,14,13,11,16,16,31,29,9,8,141,0,3,4,10,5,0,18,11,0,50,0,0,0,0,4,12,8,5,8,38,14,14,14,26,20,44,54,24,16,226,10,8,9,8,11,12,15,5,7,88,122,68,60,70,62,105,112,46,21,663,76,30,31,27,39,41,39,8,6,299,9,8,18,11,16,30,33,19,10,162,0,0,10,5,10,16,14,10,9,73,0,0,0,0,5,6,10,10,4,43,9,14,27,23,30,54,64,38,27,279,15,8,8,6,7,9,13,0,15,88,95,53,63,57,77,99,121,55,48,662,167,79,73,61,72,81,82,23,11,647,26,20,29,33,31,54,70,28,20,300,0,0,10,13,17,17,36,19,10,127,0,0,5,3,8,21,21,18,10,82,29,24,39,46,49,98,119,65,42,510,23,22,14,19,17,22,35,4,16,175
UCL215041,228,115,99,106,111,129,102,47,14,955,37,40,39,27,47,51,65,50,25,387,3,7,6,10,19,21,48,31,20,161,0,0,3,0,5,10,28,29,12,92,40,42,49,33,72,89,149,115,51,640,40,21,12,23,17,20,23,12,14,181,312,176,157,168,204,241,273,169,77,1770,233,96,94,104,103,135,80,56,25,924,33,33,40,50,49,68,92,65,42,469,0,5,14,14,22,38,32,46,21,198,0,3,6,4,19,24,41,35,30,148,32,41,57,64,85,126,166,145,92,813,36,12,15,17,23,20,23,19,18,191,295,150,166,187,213,286,268,218,133,1924,463,215,194,213,212,263,178,101,38,1879,70,74,79,76,96,125,165,119,61,859,7,8,22,20,42,59,76,77,43,354,0,3,7,5,23,34,67,66,39,236,75,82,104,98,160,219,310,255,144,1450,74,34,28,39,41,43,50,31,27,366
UCL215042,102,69,47,57,54,55,21,9,0,411,13,10,11,15,30,21,23,6,0,129,0,0,0,3,3,15,10,3,0,37,0,0,0,0,0,5,4,5,0,12,13,15,12,13,33,41,36,17,0,180,8,4,6,9,15,7,3,0,0,55,123,88,67,79,109,99,62,24,0,651,90,49,41,49,46,51,20,5,0,358,7,15,15,23,18,20,17,8,0,119,0,0,3,0,16,5,12,0,0,41,0,0,0,4,4,9,10,7,0,28,7,15,21,23,39,40,29,16,0,188,7,7,6,7,13,4,5,0,0,52,104,69,62,82,101,91,55,22,0,596,189,113,90,107,108,105,39,16,0,770,17,24,34,33,53,43,38,8,0,249,0,0,0,4,20,27,20,0,0,73,0,0,0,4,0,15,11,14,0,44,20,27,36,41,74,76,69,26,0,370,19,14,10,10,29,13,10,0,0,110
UCL215043,303,131,187,126,110,79,37,13,5,988,55,32,54,48,47,41,33,23,10,341,5,7,9,14,10,15,18,13,0,88,0,0,0,4,5,15,14,10,9,48,61,38,56,61,64,73,65,44,17,477,41,3,21,22,16,6,17,3,9,139,401,176,265,207,186,159,120,62,28,1605,330,150,208,132,82,68,25,19,11,1030,42,28,69,54,46,30,40,25,29,369,9,9,16,20,21,21,21,7,10,135,0,0,5,6,7,13,26,13,7,77,48,40,89,81,68,65,87,53,48,583,35,8,13,12,13,10,11,8,10,118,418,203,307,228,167,142,124,78,66,1732,639,280,393,260,195,148,65,31,14,2018,103,61,118,104,95,73,77,47,36,707,7,17,22,34,26,41,42,23,16,228,0,0,5,8,11,23,36,24,15,125,109,76,146,149,133,137,152,99,60,1059,71,15,36,36,25,18,24,10,16,258
UCL215044,145,53,64,54,66,60,51,10,0,503,24,23,21,22,26,21,31,13,3,186,0,4,4,3,4,10,14,9,5,45,0,0,0,0,0,0,3,3,3,20,25,24,23,30,23,32,55,31,11,255,13,16,6,0,3,10,7,0,0,52,179,86,89,87,96,105,101,44,9,808,147,64,72,61,61,68,37,21,5,536,20,17,31,29,23,30,35,13,6,205,0,5,9,9,9,14,13,9,3,58,0,0,0,0,0,7,12,3,0,34,22,14,36,35,32,51,56,34,17,296,8,7,8,3,7,7,4,7,5,54,178,93,112,102,100,122,97,57,21,893,287,116,134,117,130,127,82,36,3,1037,43,32,49,48,47,59,72,31,14,398,0,5,13,10,10,22,20,18,7,107,0,0,0,3,4,7,17,9,6,48,51,41,57,62,62,84,108,58,24,550,17,25,11,8,10,17,7,9,5,111
UCL215045,273,145,154,95,119,114,92,36,17,1047,49,40,41,50,49,62,80,49,20,428,5,4,3,8,10,19,38,29,19,142,0,0,0,0,12,9,29,27,14,90,53,48,48,60,68,96,150,100,50,659,24,21,16,15,7,27,17,18,4,141,354,208,219,162,196,235,262,150,66,1846,239,104,141,105,130,130,97,41,15,1011,39,43,51,65,66,76,82,47,31,504,0,10,22,15,18,30,53,28,27,212,0,0,0,5,10,26,35,29,24,125,38,56,80,86,92,136,168,106,82,838,37,16,12,14,30,22,25,20,10,170,318,172,229,197,251,285,286,164,110,2020,521,247,289,201,251,246,195,79,30,2056,86,83,95,111,115,138,165,94,49,927,6,16,34,19,21,53,93,58,50,357,0,0,5,3,19,31,61,52,36,209,92,96,129,142,157,226,316,203,134,1495,56,35,25,28,35,48,37,33,13,309
UCL215046,117,67,69,79,56,58,38,7,0,490,20,14,18,21,15,21,28,15,0,153,0,0,0,3,0,3,16,8,0,45,0,0,4,4,0,10,12,6,0,33,22,16,24,27,17,36,56,25,0,226,15,7,9,8,6,6,12,3,0,69,150,88,100,113,83,104,102,39,4,789,166,59,74,71,63,68,38,15,0,567,16,12,35,22,29,34,27,14,5,204,0,5,3,7,4,14,21,6,0,52,0,0,0,5,0,5,12,3,0,19,19,15,41,24,34,50,54,25,9,279,9,11,3,9,6,7,13,4,0,62,197,83,121,106,103,126,106,41,10,907,285,124,144,149,119,127,74,25,5,1056,34,34,53,40,48,55,56,33,8,359,8,0,10,8,7,19,33,9,0,97,0,0,3,4,0,15,17,7,0,51,42,38,63,51,53,87,115,52,11,504,23,11,12,16,15,19,18,6,0,132
UCL215047,184,83,146,76,76,64,32,8,6,670,29,16,36,32,18,27,32,12,0,195,4,0,9,7,4,10,7,12,0,56,0,0,3,0,4,15,9,4,4,36,25,22,51,42,31,41,45,25,6,289,27,16,12,13,15,6,15,3,4,102,235,114,215,131,113,109,88,35,14,1059,203,73,135,66,68,44,29,13,3,630,21,30,54,32,31,32,26,15,13,249,0,10,18,13,10,18,17,7,0,90,0,0,0,0,8,0,6,14,8,37,21,48,70,41,53,52,47,34,18,383,19,11,10,14,9,8,3,3,0,86,245,127,217,124,130,94,83,50,20,1093,391,159,282,143,138,101,53,23,7,1298,48,52,89,57,55,57,56,22,12,446,4,17,29,23,18,21,28,16,6,147,0,0,6,3,12,16,16,16,7,76,52,64,119,84,84,92,98,62,23,673,44,23,26,29,17,13,22,8,3,187
UCL215048,167,76,102,80,45,50,21,12,0,547,27,17,38,29,26,20,25,13,3,193,0,7,6,7,7,5,11,11,6,59,0,0,0,0,0,13,9,9,0,37,23,18,46,30,35,43,44,29,9,282,34,14,11,16,9,9,7,0,0,98,223,104,160,130,89,97,69,37,12,922,189,61,100,59,37,48,30,9,0,538,24,17,54,34,25,28,19,4,4,217,3,4,16,13,5,20,5,12,3,86,0,0,0,0,7,8,17,7,0,51,31,21,72,52,37,60,47,33,10,354,33,9,22,10,7,11,8,8,0,102,252,86,192,125,84,120,85,45,10,997,355,132,209,140,88,92,50,16,0,1081,49,36,91,62,52,57,47,22,4,410,3,8,22,18,14,27,23,23,5,141,0,0,3,5,7,21,27,20,0,81,55,45,114,83,72,103,94,59,12,638,64,12,34,26,19,23,10,8,0,200
UCL215049,55,46,71,41,45,64,51,18,8,395,0,10,4,10,8,19,40,21,9,118,0,0,0,0,0,9,12,18,7,49,0,0,0,0,0,0,5,3,4,17,0,10,5,15,9,31,64,39,15,183,12,10,7,3,12,9,20,6,7,75,71,67,84,52,61,99,129,60,28,656,36,17,55,42,34,59,56,23,6,339,6,8,7,3,13,31,37,21,11,137,0,0,0,3,0,9,15,10,8,44,0,0,0,0,0,3,3,0,0,12,6,13,11,9,16,35,58,33,23,196,0,5,7,3,7,13,14,9,9,65,49,36,75,53,61,113,131,58,35,596,99,64,125,83,78,126,106,39,13,732,11,21,16,11,17,48,82,40,20,258,0,0,4,4,4,17,26,25,9,88,0,0,0,0,0,5,13,7,6,28,11,26,17,18,20,68,122,69,33,375,8,13,18,11,14,22,33,19,12,144
UCL215050,286,111,57,144,170,136,81,40,7,1027,31,26,12,29,36,46,64,24,0,269,0,5,0,5,6,15,22,17,0,73,0,0,0,0,6,6,10,12,3,32,31,26,12,31,43,70,96,55,5,371,29,9,15,8,17,19,16,8,3,120,352,156,80,179,232,225,198,95,12,1512,228,94,56,136,158,121,102,22,0,923,21,19,15,41,36,51,57,29,3,275,3,0,4,5,11,12,24,8,0,71,0,0,0,3,0,5,9,5,3,36,23,19,18,48,52,68,89,50,10,377,21,5,4,12,23,8,23,5,0,110,268,111,75,201,233,202,219,78,10,1411,522,208,112,280,329,256,184,62,7,1955,49,39,29,67,69,103,128,55,6,543,8,5,4,10,18,29,45,26,7,138,0,0,0,3,6,7,20,21,5,66,53,44,29,79,95,143,191,99,19,742,47,21,12,24,41,30,42,10,3,231
UCL215051,368,150,184,151,125,147,138,37,3,1306,33,37,46,51,45,66,73,54,25,439,6,3,6,5,15,24,40,31,4,145,0,0,0,3,5,24,34,27,14,110,41,42,58,59,64,113,148,113,48,691,55,26,9,33,17,25,18,5,5,185,464,216,254,245,207,283,313,153,61,2187,329,160,174,165,124,134,108,50,17,1261,27,51,56,69,56,88,72,76,29,529,4,13,9,19,27,44,68,53,12,236,0,0,0,0,8,36,41,30,19,143,30,69,70,94,90,162,179,155,62,909,48,18,26,20,18,19,29,12,3,193,408,242,269,283,234,314,313,222,89,2359,700,306,357,319,252,278,248,85,29,2573,58,91,107,124,98,154,146,131,60,967,10,14,18,28,41,65,108,80,21,387,0,0,0,8,17,55,77,57,36,248,72,107,129,149,156,271,327,268,110,1596,100,40,38,52,32,39,44,18,11,379
UCL215052,55,32,31,34,50,62,63,31,9,367,6,3,8,4,14,32,53,18,9,151,0,0,0,0,4,7,25,9,10,59,0,0,0,0,4,10,8,16,4,43,6,3,10,4,26,54,86,47,23,251,8,4,4,3,0,10,10,4,0,36,69,43,43,40,78,119,162,84,27,660,56,27,25,37,61,77,74,26,10,398,0,5,9,17,17,38,45,29,10,177,0,0,3,4,3,21,17,6,6,68,0,0,0,0,4,4,14,10,5,36,0,5,17,16,24,65,77,50,21,282,0,3,0,6,5,14,10,4,0,46,67,39,38,60,87,155,163,82,29,728,114,67,60,70,115,143,138,55,15,766,6,14,14,22,31,67,100,51,19,322,0,0,5,4,15,31,46,22,12,133,0,0,0,0,7,15,17,28,6,76,4,14,20,24,47,117,166,101,41,536,11,5,8,3,5,20,21,10,0,83
UCL215053,297,120,165,164,136,142,118,51,5,1194,36,20,30,39,45,69,72,38,13,371,5,0,0,3,10,20,27,28,4,106,0,0,0,0,5,4,21,25,14,70,41,22,33,50,62,90,121,95,39,544,31,15,22,24,19,17,18,16,0,166,369,157,219,233,214,246,255,157,43,1902,316,80,145,171,134,163,113,68,10,1194,24,26,62,55,53,79,80,64,29,473,0,9,10,7,21,32,41,27,24,168,0,0,0,0,6,11,27,15,34,91,25,29,72,61,78,125,150,113,81,731,34,17,17,28,15,24,17,21,4,171,376,120,232,256,223,310,278,197,98,2093,604,197,313,333,268,309,228,119,16,2390,63,40,90,99,102,146,153,107,49,841,3,6,14,11,24,48,72,58,26,275,0,0,0,0,10,17,47,40,49,159,63,52,107,110,134,216,274,201,117,1272,65,32,35,52,34,44,34,28,3,330
UCL215054,140,62,78,49,58,57,37,8,5,500,26,17,31,23,35,39,39,31,10,243,0,5,8,4,9,15,22,9,6,82,0,0,0,0,5,12,28,21,11,72,30,17,45,25,49,69,87,56,30,400,14,8,13,16,17,15,14,8,0,113,185,94,134,87,124,139,138,74,38,1013,141,53,72,55,49,56,35,23,17,508,20,23,31,31,24,47,27,36,25,254,3,6,4,10,7,19,19,11,14,99,0,0,4,3,9,23,24,10,11,82,24,35,38,43,41,86,69,58,45,438,24,14,15,5,16,19,11,9,7,122,194,99,125,104,113,161,114,91,67,1068,289,116,154,104,104,114,72,33,25,1007,44,40,63,46,56,86,61,62,31,502,6,6,10,14,24,38,49,29,21,184,0,0,6,5,12,34,46,28,19,154,50,52,83,65,92,152,155,119,73,840,44,21,25,19,32,32,22,22,9,228
UCL215055,74,32,37,45,45,94,102,21,3,455,3,4,5,9,17,26,65,40,4,179,0,0,0,0,3,12,30,21,3,75,0,0,0,0,3,11,17,9,0,35,9,4,9,8,21,51,105,69,6,288,4,10,3,9,10,7,11,4,7,68,88,42,41,61,71,155,228,99,15,804,76,20,27,47,65,94,82,18,3,443,8,12,6,19,15,47,58,20,0,185,0,0,4,0,3,18,11,19,3,60,0,0,0,0,5,15,16,11,0,38,7,12,9,18,22,78,85,43,4,291,14,8,3,0,10,17,7,3,0,70,103,42,44,71,97,189,180,74,12,804,151,53,64,87,111,190,188,43,4,895,15,12,13,24,31,72,119,58,9,360,3,0,6,4,3,30,43,39,3,132,0,0,0,0,8,20,28,15,3,78,20,12,15,27,41,129,191,121,10,573,21,16,9,12,16,23,23,9,9,136
UCL215056,102,57,75,52,58,49,23,7,4,430,18,12,26,28,19,34,29,7,3,180,4,0,7,6,9,13,15,3,3,59,0,0,0,0,0,8,5,0,0,22,21,17,38,31,37,50,48,13,9,258,24,15,14,13,15,14,7,4,0,112,149,81,127,100,108,115,81,21,14,800,105,39,69,65,38,39,18,7,3,387,10,19,21,17,30,39,21,8,3,169,0,0,10,7,4,18,23,4,0,82,0,0,4,7,7,17,7,12,4,62,10,20,36,31,40,75,62,26,8,309,24,10,13,17,13,7,3,0,0,89,142,69,112,108,88,125,85,41,16,783,202,94,141,118,98,91,42,14,9,809,27,34,46,46,54,67,48,18,6,348,4,4,19,13,20,31,39,8,4,143,0,0,4,7,7,27,18,12,3,74,32,36,70,62,76,129,108,39,17,567,54,26,31,30,24,21,12,9,0,207
UCL215057,151,66,47,63,77,51,42,16,0,522,18,16,10,20,22,38,27,18,6,170,0,0,0,3,3,4,18,11,3,56,0,0,0,0,0,13,7,15,12,41,16,15,13,24,22,56,53,46,17,264,23,5,5,6,5,9,8,9,0,67,188,89,68,93,109,112,102,71,23,845,127,44,52,61,68,69,37,17,3,478,24,16,19,27,25,26,40,17,13,206,0,0,0,8,9,23,14,20,11,84,0,0,0,0,3,3,22,17,20,63,24,16,22,38,40,58,73,49,38,352,20,4,7,4,3,6,12,4,3,68,161,64,83,109,121,131,124,67,47,901,278,116,98,121,145,121,81,31,4,996,37,28,35,42,48,64,63,34,16,373,0,4,5,12,14,33,29,30,10,141,0,0,0,0,3,17,27,30,29,108,37,35,36,58,65,115,124,90,55,612,36,7,15,18,15,15,21,8,4,135
UCL215058,75,38,31,28,39,33,30,15,0,287,12,8,6,7,14,18,30,22,8,117,0,0,0,5,3,5,12,14,0,44,0,0,0,3,4,5,9,3,6,35,16,8,6,12,23,31,51,37,13,196,6,5,9,8,11,9,13,0,0,50,103,51,45,43,72,69,93,55,18,539,69,34,37,27,40,46,36,23,7,314,9,12,12,14,16,31,29,18,9,138,0,0,7,0,8,14,14,12,5,60,0,0,0,0,5,13,12,10,14,51,9,10,16,14,18,54,48,39,26,245,3,3,9,8,5,8,5,3,3,46,81,47,59,51,64,105,93,68,37,606,148,71,66,53,77,77,66,30,12,604,22,19,17,22,28,51,55,38,14,256,0,0,8,10,11,17,26,27,5,101,0,0,0,3,6,15,17,16,23,83,29,18,25,26,45,79,100,82,41,439,15,5,13,14,13,16,21,4,3,100
UCL215059,158,69,83,91,94,98,82,28,5,703,16,15,14,22,21,34,61,32,9,230,0,0,3,3,0,9,29,14,5,71,0,0,0,0,0,5,15,4,4,33,16,17,21,28,27,53,108,52,18,340,18,4,5,9,14,16,13,3,0,81,182,98,106,127,131,164,205,88,29,1122,137,65,56,90,93,97,89,25,4,662,16,15,23,35,26,43,67,35,23,273,0,4,11,0,8,12,13,17,7,70,0,0,0,3,0,8,9,10,3,34,15,15,30,40,31,70,85,53,36,378,9,7,5,11,10,19,10,11,4,84,158,86,96,135,136,185,191,97,43,1130,292,132,143,177,188,195,173,56,16,1366,32,30,43,57,52,82,126,65,27,501,0,8,10,9,10,25,46,29,15,145,0,0,0,3,0,12,28,12,12,68,32,37,46,69,60,125,192,106,52,716,22,13,10,16,22,32,30,16,5,165
UCL215060,192,101,98,107,88,109,74,28,13,807,23,22,32,25,41,53,58,41,18,310,0,0,6,0,14,7,29,23,16,105,0,0,0,0,5,9,18,19,13,59,26,22,35,30,52,74,102,83,43,471,12,13,6,16,8,15,4,3,8,88,239,133,144,147,150,202,176,111,65,1367,184,85,93,97,112,106,81,43,12,816,14,27,35,35,29,59,59,47,35,342,6,0,12,13,11,27,27,44,18,153,0,0,0,5,8,13,14,25,17,81,17,25,41,52,51,96,104,116,74,579,5,6,12,3,11,17,15,14,8,90,212,123,147,151,170,213,192,175,92,1480,382,189,190,200,191,216,158,72,28,1616,41,43,66,65,67,111,114,93,53,649,3,0,14,15,24,36,60,72,35,261,0,0,0,5,10,21,25,43,31,141,44,50,77,78,106,164,203,204,121,1048,21,19,18,18,21,33,18,17,13,175
UCL215061,128,60,77,71,49,75,67,20,4,550,14,7,13,21,24,41,55,25,10,210,3,0,5,3,4,17,24,10,8,74,0,0,0,0,5,9,18,15,5,53,20,7,17,23,32,62,90,53,19,336,14,11,8,10,8,17,15,21,13,119,158,80,101,105,90,153,171,98,35,1001,126,60,72,70,62,67,47,27,5,528,10,6,13,29,17,40,60,36,15,239,0,0,4,0,6,20,16,16,6,86,0,0,0,0,3,13,18,9,11,57,17,9,22,36,31,77,100,66,31,384,18,8,9,12,11,15,22,13,20,120,159,72,105,118,100,152,169,103,54,1031,252,117,147,138,113,139,115,44,12,1075,30,19,32,53,45,77,112,66,20,449,3,0,14,10,14,39,45,30,20,163,0,0,5,5,10,26,33,26,11,105,36,18,49,59,68,138,191,118,48,721,34,15,16,24,20,33,36,31,29,240
UCL215062,101,63,52,52,37,40,44,18,5,412,19,13,12,18,24,36,28,18,10,183,0,4,0,7,11,13,18,13,6,76,0,0,0,3,0,10,13,17,5,45,19,17,19,26,35,62,55,45,22,300,13,5,4,8,0,5,6,5,0,52,140,92,70,80,79,102,110,60,31,758,77,55,44,44,35,49,37,19,4,362,10,24,18,16,27,24,28,17,9,172,0,3,9,5,9,18,25,20,15,109,0,0,0,0,5,13,17,19,19,70,14,31,22,21,38,57,72,55,43,349,14,10,5,3,0,8,8,0,4,54,99,94,75,71,76,116,115,78,46,770,178,124,94,97,75,86,77,34,12,771,30,37,30,28,54,64,56,39,22,357,0,7,9,16,15,34,48,30,27,183,0,0,0,3,5,26,27,29,19,108,32,45,43,48,71,120,128,99,63,646,25,12,9,11,4,17,19,10,4,108
UCL215063,91,44,38,31,31,35,24,14,0,310,9,11,7,12,13,27,23,12,7,124,0,0,4,0,6,4,19,9,3,49,0,0,0,6,0,3,10,7,5,25,9,15,13,14,20,36,48,30,5,199,13,0,4,5,4,6,6,4,0,41,115,57,55,55,53,74,84,48,11,550,73,37,46,34,32,21,30,17,0,286,6,16,13,12,5,23,27,16,11,136,0,3,4,0,0,7,6,8,10,39,0,0,0,5,6,3,10,7,5,24,7,21,18,13,15,39,43,26,18,199,11,0,4,9,0,4,9,8,6,45,91,50,71,57,51,60,83,42,25,534,166,73,90,72,61,60,59,31,0,596,15,31,24,26,21,52,54,29,10,261,0,4,6,0,6,13,30,12,8,88,0,0,0,4,0,6,15,17,4,50,17,30,32,27,33,70,99,60,30,400,24,5,6,14,3,3,13,5,7,85
UCL215064,111,79,94,67,60,66,36,32,13,572,17,19,24,17,27,26,27,22,14,191,0,0,0,3,9,14,19,14,3,56,0,0,0,0,7,5,15,9,9,52,13,19,31,24,36,43,60,46,29,299,15,7,6,8,5,13,5,3,5,81,147,109,129,100,109,122,103,82,46,952,127,70,104,49,58,42,43,27,17,541,13,13,19,19,33,37,28,43,24,226,0,0,6,8,11,22,9,19,19,92,0,0,0,0,0,8,7,20,10,56,13,13,30,29,38,68,46,87,45,374,10,3,11,12,9,9,7,8,11,80,146,88,142,85,105,118,103,127,83,992,240,150,201,113,123,109,86,56,37,1118,25,31,48,37,55,61,62,68,40,418,0,0,9,14,16,35,26,31,19,146,0,0,6,5,9,19,20,37,19,104,23,32,60,51,76,113,111,138,70,676,28,15,17,20,14,22,14,14,17,159
UCL215065,196,114,135,94,117,114,84,49,16,913,43,41,34,39,38,60,98,45,28,423,7,6,14,14,14,25,40,39,15,169,0,0,0,0,8,26,25,29,14,100,53,45,47,50,59,104,165,112,60,692,50,20,30,24,37,30,26,13,4,232,296,182,206,164,211,256,272,178,78,1834,203,111,101,85,100,108,97,44,14,873,43,35,49,49,58,68,95,70,58,518,4,9,11,22,25,30,45,45,22,212,0,3,3,6,11,36,29,44,23,153,46,46,61,72,98,138,171,154,98,888,42,24,31,21,32,27,24,8,4,214,286,189,198,186,228,271,292,213,120,1969,400,231,237,177,207,224,178,99,27,1783,88,72,84,88,103,128,188,113,81,943,11,19,23,29,44,53,85,76,36,378,0,3,3,3,14,59,57,72,36,250,97,90,109,127,157,243,333,264,156,1577,93,41,60,45,69,57,50,26,16,446
UCL215066,119,58,38,39,50,78,65,25,8,489,14,12,17,19,24,45,52,33,4,229,3,4,3,0,9,13,18,22,10,90,0,0,0,5,6,18,20,16,8,61,18,13,21,24,33,73,90,72,21,377,20,8,18,13,18,20,19,12,6,127,158,75,83,73,112,170,175,109,33,995,116,50,58,56,55,74,44,28,10,487,20,10,15,17,25,38,48,36,21,227,0,4,9,6,13,14,33,21,15,112,0,0,3,0,3,15,16,15,3,60,17,14,28,25,43,68,94,75,40,396,28,9,19,14,20,18,23,13,3,149,162,67,100,91,111,155,158,115,59,1026,236,107,96,94,105,150,103,54,21,976,32,24,36,39,45,82,101,64,27,454,0,7,14,7,21,29,56,43,27,199,0,0,3,5,7,34,31,36,8,119,37,26,48,49,75,138,188,148,61,774,45,18,34,25,39,36,41,27,9,276
UCL215067,38,33,49,38,32,32,33,18,10,284,0,10,7,11,8,21,29,15,3,110,0,0,0,0,5,6,12,3,6,38,0,0,0,0,0,3,7,6,0,28,8,13,11,7,19,26,45,27,13,170,12,4,7,4,7,12,5,6,4,71,59,53,67,52,57,75,86,52,24,520,64,22,33,21,28,32,40,9,14,263,5,3,15,12,12,11,31,12,19,116,0,0,3,9,0,5,12,5,12,45,0,0,0,0,5,6,4,8,5,22,6,8,13,15,19,24,44,29,35,184,5,5,5,4,3,14,5,0,3,52,75,33,52,38,47,68,90,45,50,502,106,56,81,58,58,68,77,27,22,548,3,12,19,20,20,30,55,30,26,227,3,5,6,8,4,15,21,14,10,84,0,0,0,0,6,4,13,14,5,51,7,20,26,28,30,53,88,61,44,352,23,6,19,8,11,25,10,9,7,118
UCL215068,105,71,58,61,87,137,166,82,13,774,19,14,24,18,33,76,148,99,23,472,0,5,0,3,17,23,70,66,15,196,0,0,0,0,4,18,34,40,12,112,24,18,28,27,52,120,252,206,58,785,7,0,5,5,12,8,21,21,6,86,135,97,91,88,146,270,442,299,81,1645,146,65,68,65,106,151,181,95,19,890,15,27,28,26,48,100,156,82,43,529,0,0,0,3,15,40,61,53,32,214,0,0,0,3,15,14,44,30,14,120,21,34,31,36,72,153,264,171,89,863,16,4,4,8,9,10,16,20,11,106,175,101,98,110,188,326,462,281,118,1859,249,139,121,129,192,291,343,168,34,1663,33,40,50,46,80,179,306,185,74,997,4,7,8,9,29,56,130,120,45,411,0,0,0,6,13,36,86,67,31,236,40,49,59,63,123,274,524,372,146,1646,20,7,11,13,19,26,41,40,15,195
UCL215069,251,87,72,151,111,126,117,58,18,985,27,21,16,21,32,47,89,48,17,313,0,3,3,3,11,14,32,18,16,98,0,0,0,0,5,9,13,23,6,56,32,26,16,24,46,63,138,89,36,469,17,10,12,7,10,19,25,19,4,133,298,122,100,182,166,209,285,163,62,1591,242,80,86,133,131,149,157,49,16,1043,25,25,30,45,37,71,87,61,24,408,4,3,7,13,12,15,43,45,24,160,0,0,0,0,9,11,27,18,18,87,24,33,36,56,54,99,153,126,71,652,20,11,11,9,10,15,30,17,16,141,284,120,142,200,197,263,342,193,98,1833,490,161,157,284,238,273,279,106,28,2029,51,50,47,67,69,115,177,112,43,725,5,10,13,17,19,32,79,65,33,259,0,3,0,0,10,17,39,37,28,138,51,62,58,83,95,165,291,215,105,1124,40,19,20,17,23,31,56,39,23,274
UCL215070,208,114,127,103,92,76,49,25,12,813,59,23,42,31,43,63,53,27,14,357,0,5,8,14,8,24,23,17,6,105,0,0,0,0,9,15,13,16,7,63,59,33,47,48,56,96,96,62,24,528,38,19,26,16,26,14,18,11,3,180,310,166,202,170,179,192,167,100,41,1519,194,100,107,99,78,82,61,24,19,760,40,45,53,38,47,42,45,35,25,359,3,14,16,20,20,29,33,21,21,180,0,0,0,5,13,21,30,17,15,98,41,55,65,59,78,93,109,78,61,634,28,28,22,19,20,19,19,15,0,160,268,184,192,174,173,190,181,113,82,1552,407,209,228,202,173,162,111,48,31,1573,98,66,87,73,87,104,97,67,32,719,3,19,24,36,29,54,61,36,27,283,0,0,5,3,20,31,45,34,19,161,102,88,116,107,134,186,201,146,85,1167,63,42,52,32,45,32,40,22,3,336
UCL215071,272,174,112,146,151,150,56,20,5,1083,39,34,22,46,52,79,52,32,0,358,0,4,9,4,8,24,27,23,4,101,0,0,0,0,0,5,18,6,0,32,39,32,30,49,61,116,94,61,6,492,35,22,10,12,24,19,5,9,5,132,346,225,150,210,233,286,155,88,16,1708,298,140,109,138,202,135,86,26,3,1130,35,53,43,52,77,73,59,30,6,426,6,7,15,14,19,28,41,18,5,150,0,0,0,3,5,7,15,11,0,42,43,57,58,76,97,100,109,59,15,620,34,14,10,14,24,9,7,5,0,118,374,215,173,222,324,249,202,87,16,1874,569,309,221,286,347,289,133,48,0,2219,74,91,70,96,128,151,112,59,3,783,6,10,18,19,23,51,67,44,13,254,0,0,0,3,7,16,30,20,0,77,85,99,88,121,160,219,204,121,20,1110,70,38,17,26,52,29,16,5,6,251
UCL215072,147,93,192,167,92,66,47,16,0,827,11,12,6,10,18,26,29,11,5,125,0,4,0,0,5,12,14,12,0,50,0,0,0,0,3,5,12,3,0,23,11,13,6,16,26,40,58,22,7,197,43,35,43,45,23,26,19,7,4,224,203,135,243,225,136,129,116,53,15,1249,166,59,155,137,68,77,41,12,6,715,16,5,24,19,18,32,35,13,8,161,0,6,0,0,8,9,14,11,12,58,0,0,0,0,4,7,9,8,12,40,17,10,23,24,25,53,54,28,30,263,41,28,32,30,20,11,20,15,24,212,229,94,210,188,111,142,115,48,52,1188,317,148,343,299,164,143,90,26,4,1542,33,18,30,24,34,59,61,27,13,295,0,6,0,7,15,19,29,16,13,107,0,0,0,0,5,10,19,6,8,61,28,24,33,34,48,93,112,54,37,457,82,59,75,70,37,37,36,19,23,436
UCL215073,139,100,80,64,96,89,82,34,10,702,33,21,20,32,25,68,54,57,21,322,4,0,3,6,12,28,31,29,11,126,0,0,0,0,4,16,27,23,10,85,41,20,23,34,45,116,116,111,42,531,17,13,5,10,22,13,19,16,6,130,191,129,113,110,165,222,217,158,59,1362,145,84,70,72,95,93,86,39,12,704,27,32,23,29,33,76,60,61,28,353,5,15,5,16,20,20,34,37,32,174,0,0,0,0,13,22,19,19,13,90,28,38,29,39,54,113,116,115,77,612,13,12,7,12,15,18,18,19,14,125,193,133,108,123,169,220,216,176,107,1442,289,183,157,132,200,182,167,76,31,1405,63,43,39,56,55,140,112,115,49,674,9,15,3,20,29,50,70,70,39,297,0,0,3,3,17,36,43,45,27,176,67,59,45,77,97,224,224,224,115,1144,33,22,17,24,40,37,34,33,19,258
UCL215074,430,207,266,211,205,148,88,27,9,1590,52,61,62,62,86,70,65,32,10,506,9,5,14,10,27,33,29,21,5,145,0,0,0,3,0,8,19,16,6,60,59,63,75,83,113,114,118,72,16,709,33,17,26,13,14,22,15,17,0,161,528,285,369,309,332,286,217,111,24,2467,417,163,246,199,199,135,83,27,4,1467,60,52,87,71,82,73,82,33,6,553,9,19,19,23,27,36,51,21,0,213,0,0,3,12,10,21,26,22,9,86,63,67,111,105,118,130,160,78,10,844,39,20,24,23,17,14,17,5,3,160,519,252,383,319,333,280,253,104,19,2469,850,366,514,406,401,284,171,49,6,3055,113,114,152,133,165,148,151,70,14,1051,13,24,31,39,58,71,80,47,4,355,0,0,3,14,11,30,43,37,6,143,128,131,187,184,234,247,272,157,29,1560,67,33,53,40,30,36,32,14,5,321
UCL215075,82,32,59,38,29,42,22,9,0,322,13,14,19,12,16,21,19,13,3,136,0,6,6,7,4,4,15,14,5,57,0,0,0,0,0,8,4,6,0,30,13,25,19,19,21,34,42,37,9,222,21,5,13,9,10,17,8,10,0,86,116,67,89,72,59,92,76,53,9,631,72,27,49,31,30,46,29,3,0,292,7,18,20,18,16,18,24,14,7,145,5,4,7,8,13,10,18,11,0,70,0,0,0,3,14,9,4,9,4,45,6,21,21,28,39,40,45,35,8,256,20,10,12,5,3,10,4,0,5,75,103,62,82,66,74,98,85,42,14,622,158,63,106,68,62,93,57,16,5,613,23,36,40,31,33,43,44,26,5,279,5,11,7,16,19,14,40,27,5,127,0,0,0,11,8,21,14,15,4,71,25,44,43,47,60,75,93,66,12,475,42,18,19,18,9,22,12,15,5,165
UCL215076,154,46,66,68,81,84,68,25,10,598,29,21,30,23,33,50,64,30,10,284,3,6,0,7,12,11,26,23,3,89,0,0,0,4,3,13,14,14,6,48,35,26,27,35,45,68,104,68,17,428,13,14,6,6,13,10,5,11,6,83,202,84,109,106,135,167,175,111,28,1113,147,88,84,75,80,90,78,30,9,693,22,22,35,32,36,44,60,22,15,291,3,4,0,6,3,21,35,14,13,97,0,0,0,3,4,5,12,12,14,57,24,32,41,39,45,69,104,56,37,446,13,8,4,9,12,12,7,11,0,82,189,133,128,126,135,171,195,89,47,1213,296,139,151,148,161,173,147,56,11,1289,58,46,66,53,69,89,117,55,26,578,4,8,3,14,15,32,58,36,15,189,0,0,0,8,8,18,27,26,15,107,62,56,67,74,87,138,206,124,56,873,30,25,13,10,20,24,14,20,3,158
UCL215077,114,39,47,64,49,67,57,16,6,458,3,3,13,16,19,37,49,16,5,169,0,0,3,5,3,12,13,13,4,51,0,0,0,0,0,8,14,7,3,30,3,3,14,22,23,55,80,40,8,248,13,12,9,13,21,18,17,8,12,105,131,53,69,96,92,138,149,61,24,812,96,33,42,75,48,75,66,20,4,456,7,18,9,15,25,48,45,25,13,202,0,0,0,0,3,16,21,15,3,62,0,0,0,0,0,7,8,10,9,28,11,17,14,17,35,66,69,45,23,291,14,5,7,7,12,24,9,13,6,107,124,57,65,101,96,164,147,75,29,852,209,69,89,136,101,144,124,32,11,917,12,21,20,33,47,88,97,45,11,367,0,0,4,7,11,29,32,28,6,115,0,0,0,0,0,11,21,18,11,58,12,19,26,44,56,123,153,85,28,544,31,12,18,21,34,36,24,20,17,211
UCL215078,200,89,94,82,81,64,23,11,0,640,27,15,26,29,27,30,18,11,0,184,0,3,5,0,8,10,8,6,0,50,0,0,0,0,0,0,7,11,0,19,26,23,31,34,32,39,34,24,6,254,19,13,9,9,5,9,0,0,0,67,242,117,133,125,118,114,62,38,8,961,165,56,88,85,52,65,32,6,0,556,26,29,41,35,46,34,26,10,3,253,0,8,13,0,11,14,6,8,0,65,0,0,0,0,0,4,6,4,0,20,27,38,52,39,58,56,41,27,8,335,9,9,9,10,13,3,0,0,0,57,203,106,147,134,123,126,76,31,7,953,370,146,179,168,135,130,55,16,0,1197,51,51,66,67,70,64,48,20,8,434,0,10,13,4,12,30,23,16,3,116,0,0,0,7,5,7,13,10,0,41,48,57,84,72,90,94,75,53,13,591,27,19,15,23,19,12,4,0,0,124
UCL215079,117,66,78,47,77,55,46,30,16,538,18,14,17,15,21,38,53,47,14,244,0,0,6,4,5,14,26,20,4,83,0,0,0,0,4,14,19,12,0,47,18,16,15,27,34,67,99,76,21,373,17,10,11,6,9,15,14,11,12,107,149,93,113,85,123,136,161,118,45,1012,104,69,66,52,64,69,44,32,13,517,15,19,24,18,31,45,60,54,19,287,0,4,9,8,11,20,31,27,15,120,0,0,0,0,6,15,19,14,16,68,13,23,30,27,51,81,107,97,41,473,19,6,12,10,19,8,14,13,12,119,141,101,107,79,138,166,165,140,71,1113,221,134,148,93,148,129,97,57,29,1056,28,37,38,40,54,84,114,100,31,523,0,5,9,13,17,35,57,47,23,203,0,0,0,0,12,27,34,21,13,118,29,41,50,54,84,144,206,174,64,846,39,18,18,19,31,22,24,26,25,225
UCL215080,192,76,112,81,63,50,58,17,7,646,28,15,23,25,17,25,44,18,3,213,0,0,3,3,13,20,32,8,0,82,0,0,0,0,4,8,16,8,5,39,29,19,33,27,35,52,95,34,10,332,17,21,14,9,9,8,9,4,0,86,236,114,149,114,107,109,161,57,16,1068,173,83,100,76,56,75,57,23,4,653,20,21,42,31,32,39,50,23,7,263,0,6,10,7,3,12,27,14,3,93,0,0,4,5,7,8,8,10,0,41,24,26,53,39,44,65,83,45,13,389,14,14,8,4,4,9,9,8,0,76,209,122,162,125,104,144,149,77,17,1117,369,159,214,163,115,127,116,39,7,1299,47,41,68,58,56,67,94,40,16,475,4,6,13,10,15,29,63,22,4,169,0,0,7,0,10,12,26,16,5,78,53,48,84,73,78,111,178,77,21,722,32,31,19,15,21,19,17,9,0,160
UCL215081,329,139,184,107,148,138,93,35,14,1193,50,38,64,54,59,63,92,52,13,482,3,5,5,11,16,23,29,28,5,126,0,0,0,7,5,16,17,39,7,95,58,37,63,68,78,103,141,117,27,704,34,21,34,16,25,30,21,16,0,210,417,201,282,193,253,273,255,174,45,2099,265,123,175,138,138,153,91,51,7,1151,27,40,62,46,63,70,78,75,26,491,0,9,10,12,24,38,41,30,21,190,0,6,4,4,4,29,32,36,12,118,35,53,74,67,94,130,154,141,62,801,29,22,19,26,30,24,17,28,10,206,329,198,267,229,261,307,264,214,79,2155,594,261,362,247,282,288,185,90,26,2340,83,77,122,102,128,135,171,126,41,980,0,11,15,19,41,54,78,67,33,316,0,6,4,9,13,47,46,69,23,209,87,88,139,124,176,232,295,263,88,1505,67,46,51,44,59,60,39,42,15,416
UCL215082,234,94,97,114,109,70,49,12,0,782,26,26,21,27,41,38,34,7,0,214,0,4,0,9,9,7,13,7,0,43,0,0,0,0,0,3,6,0,7,17,26,29,22,36,44,47,48,19,9,275,18,9,7,9,17,12,5,5,0,79,277,135,128,159,171,129,97,34,8,1137,206,72,74,122,87,74,34,6,5,677,38,24,28,37,35,40,35,3,0,251,0,3,10,14,7,18,18,11,0,77,0,0,0,4,8,11,7,0,0,36,40,32,34,59,51,71,62,14,5,362,17,11,4,14,14,3,6,0,0,71,264,110,116,194,153,148,103,20,9,1107,440,163,175,237,196,148,81,15,0,1458,60,58,43,64,71,83,70,12,0,459,4,7,11,22,13,24,27,16,4,123,0,0,0,3,5,11,10,6,7,53,63,63,56,94,93,116,112,33,14,638,35,19,14,26,28,16,14,7,0,153
UCL215083,130,66,62,50,68,57,48,26,9,529,10,13,33,22,25,43,38,23,12,223,0,4,3,0,5,17,19,18,9,77,0,0,0,0,3,8,16,9,9,54,15,19,37,25,32,73,69,55,35,359,20,11,6,6,9,3,16,5,0,81,158,102,108,84,110,142,134,85,45,967,126,47,60,60,55,77,56,27,8,530,17,26,31,21,30,56,42,33,21,272,0,7,3,7,18,21,18,14,11,94,0,0,0,4,5,19,10,18,8,71,17,33,34,34,51,92,63,69,43,436,16,8,5,8,12,7,16,15,7,98,152,89,103,109,115,182,135,117,56,1058,252,119,127,115,121,136,101,59,20,1056,25,40,67,46,52,97,77,64,35,501,0,10,7,5,20,39,38,33,14,172,0,0,3,4,10,28,25,34,18,120,27,48,73,59,81,166,138,122,76,791,30,25,12,14,15,17,33,17,7,172
UCL215084,97,40,56,29,43,33,25,15,4,347,14,10,17,18,14,21,36,18,9,161,0,0,0,0,4,3,11,7,6,32,0,0,0,0,3,9,19,14,8,47,18,13,17,20,27,30,64,34,15,240,11,18,5,4,7,7,4,3,4,77,128,76,78,55,75,72,91,56,22,658,101,48,59,30,38,35,21,14,3,352,15,16,18,16,12,28,30,13,24,168,0,0,3,3,15,9,13,13,6,62,0,0,0,0,10,6,8,5,9,37,16,17,28,17,33,44,46,28,32,268,13,10,10,3,7,5,4,4,4,55,133,73,90,56,79,80,79,45,41,672,200,89,118,58,85,65,46,26,14,700,31,26,33,36,29,45,63,32,32,328,4,0,3,3,19,16,21,19,12,97,0,0,0,0,12,16,26,17,13,78,35,32,39,42,54,78,113,67,53,504,29,22,13,10,17,12,14,11,5,127
UCL215085,131,43,55,63,46,45,21,3,0,412,16,14,7,10,16,18,20,4,0,112,0,4,3,0,3,8,11,6,0,35,0,0,0,0,4,4,4,4,0,16,16,14,9,15,23,25,36,17,3,165,11,4,10,14,8,12,6,4,0,70,161,61,69,91,74,89,67,25,8,642,100,42,41,66,39,25,25,6,0,342,7,13,7,19,11,16,11,11,7,99,0,0,4,4,8,0,14,0,0,37,0,0,0,0,8,6,6,7,0,21,7,14,12,24,26,27,34,13,8,159,14,5,4,6,4,6,4,0,0,48,120,57,62,101,72,63,58,20,11,556,232,86,96,133,83,75,48,5,0,756,21,24,14,30,26,33,33,13,10,214,0,9,5,6,14,3,22,11,6,74,0,0,0,0,8,4,13,6,0,41,21,33,22,38,45,47,69,34,11,324,26,4,7,20,13,26,8,4,0,114
UCL215086,318,144,156,165,135,97,71,48,15,1139,58,28,43,37,50,48,68,37,7,381,0,0,7,6,8,20,35,20,11,109,0,0,0,0,5,10,27,19,8,60,58,28,50,49,63,79,127,80,26,556,24,19,12,21,12,7,10,14,10,126,398,191,220,231,210,182,206,132,45,1818,312,139,141,153,141,104,97,39,10,1133,35,49,58,64,60,57,82,46,16,475,0,12,13,17,27,18,43,36,12,170,0,0,4,0,9,18,30,15,3,73,42,56,69,79,91,95,161,97,35,723,24,15,15,12,22,11,17,19,27,160,377,210,226,249,252,206,278,154,75,2016,633,279,297,313,274,201,167,85,21,2270,92,81,100,102,111,107,148,84,32,856,0,12,20,26,36,33,79,56,28,282,0,0,4,0,10,32,54,37,12,138,95,89,119,131,151,172,286,170,59,1279,50,30,28,30,32,20,30,35,36,292
UCL215087,142,65,75,76,71,67,37,8,0,548,23,17,21,20,38,32,33,9,3,194,0,0,0,3,3,10,15,4,0,42,0,0,0,0,4,9,11,0,0,28,23,17,23,23,48,47,59,20,4,265,15,10,11,11,7,12,13,0,0,83,192,89,102,111,121,132,106,35,3,892,141,58,64,65,73,64,33,10,0,501,16,17,21,19,30,28,21,3,0,155,0,0,3,0,10,10,10,3,5,48,0,0,0,5,0,7,8,3,0,25,15,21,23,30,39,49,37,10,3,232,10,9,15,9,12,18,5,3,0,80,164,82,96,103,125,132,80,23,7,814,281,121,137,144,142,132,75,20,4,1052,38,31,43,41,64,64,52,16,3,353,0,0,3,3,15,20,27,12,5,88,0,0,0,5,3,16,19,9,0,57,41,36,42,52,81,104,94,34,8,499,33,12,26,17,19,28,22,5,0,159
UCL215088,100,60,46,47,99,90,52,20,7,521,17,6,13,22,23,37,33,22,5,180,0,3,0,4,5,15,24,6,8,67,0,0,0,0,0,3,11,3,3,24,22,15,16,31,29,51,65,38,16,270,25,21,11,10,28,17,17,7,4,135,142,97,71,84,156,162,130,65,22,927,99,47,35,63,99,81,51,19,6,509,3,15,16,20,36,47,40,25,3,206,0,0,6,8,8,17,24,14,11,85,0,0,0,0,3,10,15,9,9,49,5,16,17,24,50,73,76,41,24,341,15,19,12,12,34,19,20,9,4,137,125,81,66,99,186,178,146,75,34,985,202,107,82,111,200,174,105,42,18,1027,28,26,25,40,60,86,70,46,8,391,4,3,3,10,16,26,46,19,18,153,0,0,0,3,3,12,21,14,9,75,34,28,29,56,83,125,136,83,40,613,40,38,20,17,63,39,35,16,6,276
UCL215089,143,74,71,46,52,82,57,19,8,545,34,15,27,15,34,46,58,35,13,268,0,4,0,6,11,19,35,12,11,107,0,3,0,3,5,9,12,17,3,53,30,20,30,29,46,78,102,63,26,425,22,10,18,11,9,11,15,19,8,124,198,105,116,87,110,169,178,98,38,1095,107,64,54,63,65,80,39,27,7,500,14,27,33,21,23,42,61,38,21,278,0,8,11,14,23,21,34,25,13,142,0,0,4,3,11,10,21,17,9,69,15,34,46,31,55,72,114,75,40,492,21,9,16,6,15,11,20,20,22,141,149,100,121,102,136,161,169,123,74,1127,250,136,128,113,112,157,97,39,6,1046,43,45,59,41,59,85,114,71,37,545,5,9,16,14,35,43,68,39,18,246,0,3,4,3,13,20,36,30,14,124,46,54,75,59,102,151,211,143,70,921,42,15,33,16,27,17,35,43,31,267
UCL215090,155,56,104,81,61,59,38,13,0,567,18,20,29,24,16,25,51,12,11,201,3,5,9,4,5,19,22,12,5,75,0,0,0,3,0,9,23,10,0,49,20,23,33,32,25,54,90,33,17,327,22,12,14,9,12,13,9,4,0,93,191,96,151,128,90,126,141,50,17,986,137,52,107,67,69,68,38,12,6,566,17,12,37,31,18,45,45,35,22,263,0,7,4,6,7,13,17,19,7,76,0,0,0,7,5,11,16,7,9,49,13,16,45,46,37,64,78,61,38,393,23,13,10,12,8,11,6,3,0,89,173,82,161,131,114,142,121,77,45,1049,288,107,208,149,128,130,77,34,12,1131,27,29,68,59,42,68,97,47,32,462,3,11,12,17,12,28,36,28,15,155,0,0,4,6,5,17,39,18,9,98,30,44,81,77,56,117,163,91,55,717,45,24,21,26,21,19,18,9,0,187
UCL215091,97,110,35,52,88,91,45,7,0,531,9,18,12,9,13,38,40,11,3,149,0,0,0,0,3,9,10,0,0,27,0,0,0,0,0,0,5,3,0,7,12,21,17,9,16,52,53,15,7,196,8,11,8,5,10,12,4,4,0,56,119,141,55,63,111,154,99,27,9,781,118,75,37,57,89,108,43,5,3,542,0,26,5,14,20,32,23,9,0,133,0,0,5,0,4,7,3,3,4,33,0,0,0,0,0,3,0,5,0,11,0,22,12,14,25,45,32,16,6,171,13,3,0,4,3,8,7,0,0,48,132,108,53,78,121,156,86,23,3,762,224,187,75,109,177,191,88,19,3,1077,9,40,22,24,31,71,65,15,5,278,0,0,6,0,8,14,16,9,7,65,0,0,0,0,0,4,5,8,0,19,12,44,20,22,42,92,85,27,11,363,18,10,9,10,12,24,16,6,0,101
UCL215092,401,145,127,194,207,157,120,48,8,1409,62,25,30,55,59,54,83,58,24,449,0,0,6,8,20,25,49,38,9,148,0,0,3,0,3,14,12,22,4,57,62,31,35,67,81,93,151,116,35,661,33,17,7,18,20,13,15,10,0,143,493,188,175,284,307,263,285,177,46,2213,387,131,120,202,227,154,125,57,7,1409,37,42,46,77,98,80,109,53,22,576,0,8,6,15,30,31,56,38,25,213,0,0,0,0,12,16,19,31,22,100,39,51,56,99,137,128,184,125,71,892,27,14,9,16,23,20,14,17,5,140,458,199,184,322,386,293,322,196,91,2446,783,276,244,403,433,311,247,105,21,2820,104,67,78,138,162,139,200,110,47,1023,0,7,14,24,45,48,100,77,40,361,0,0,6,0,8,32,33,53,32,163,102,82,92,166,219,218,334,238,110,1551,59,30,17,37,44,33,25,25,14,286
UCL215093,361,198,253,177,147,125,76,18,3,1361,65,41,66,54,60,62,70,25,3,444,3,3,9,13,9,18,32,15,0,101,0,0,0,0,4,11,11,10,0,44,65,50,74,68,72,91,105,49,13,584,44,16,18,21,25,15,5,9,0,155,474,269,349,265,240,227,192,78,11,2105,357,142,211,149,140,112,75,21,8,1231,37,57,104,74,64,77,58,25,14,519,11,11,21,17,24,21,33,15,6,162,0,0,5,0,7,16,31,8,0,68,48,70,125,90,94,118,123,50,26,750,33,16,11,18,18,17,10,0,0,118,436,228,348,254,255,255,208,76,27,2096,722,343,467,327,289,238,159,43,10,2588,102,97,172,130,119,144,121,53,25,963,9,20,27,25,38,39,64,27,12,262,0,0,4,3,8,23,44,20,7,114,113,125,202,150,167,204,232,100,33,1335,74,30,31,40,43,33,12,9,0,274
UCL215094,88,38,17,41,55,41,16,7,0,299,19,16,7,11,14,18,14,5,0,95,0,0,4,0,3,5,15,6,0,34,0,0,0,5,6,3,10,3,0,26,19,16,5,9,21,30,38,15,0,154,9,3,9,6,8,3,0,0,0,39,112,56,35,57,83,71,52,25,0,488,84,43,16,38,49,33,16,4,3,285,11,14,11,15,19,29,24,8,0,129,0,11,7,5,3,14,12,4,0,51,0,0,0,0,6,9,10,4,0,18,11,23,21,19,34,42,36,16,0,202,12,12,6,5,11,12,4,0,0,52,106,78,39,61,88,86,57,19,3,540,172,85,34,80,99,72,28,12,4,587,30,28,18,19,33,43,35,14,0,224,0,11,9,5,5,18,17,9,0,83,0,0,0,0,12,10,21,8,0,46,30,39,30,31,52,70,76,27,0,357,20,14,13,10,18,10,5,0,0,90
UCL215095,77,43,44,38,37,45,25,4,0,316,13,9,16,16,23,26,21,0,4,116,0,0,0,0,4,8,9,8,0,37,0,0,0,0,0,6,10,4,0,21,13,12,12,20,29,41,39,15,7,173,12,4,6,3,3,6,7,0,0,58,103,66,67,56,70,94,74,21,8,550,90,40,55,26,39,35,15,5,5,306,9,18,23,15,13,22,14,6,9,127,0,0,9,11,3,6,7,8,0,43,0,0,3,0,5,4,12,4,5,34,10,23,29,21,27,35,31,19,9,207,5,4,7,3,3,5,11,3,0,48,104,64,88,57,73,78,61,26,9,557,165,92,97,64,76,77,41,9,3,625,18,29,36,29,32,51,36,12,6,241,0,0,7,7,15,19,17,11,0,79,0,0,3,0,13,7,24,5,4,58,20,30,44,40,55,78,73,26,11,379,19,10,17,12,9,14,18,8,0,105
UCL215096,214,97,104,107,112,64,46,28,0,775,25,37,29,22,25,28,36,23,4,238,0,3,3,3,6,21,20,8,5,64,0,0,0,0,0,7,11,13,4,40,27,34,36,27,34,54,71,46,17,346,6,8,14,15,17,12,10,3,5,83,256,140,151,149,157,131,133,70,20,1202,183,75,112,93,104,73,57,25,5,729,19,19,30,28,45,36,55,24,5,262,0,7,9,9,15,19,18,16,3,85,0,0,0,0,4,3,9,10,0,33,21,22,42,37,56,56,80,50,14,383,29,10,12,14,10,10,10,9,0,105,230,111,163,144,171,143,146,82,17,1215,402,171,218,205,210,138,106,44,9,1504,43,52,61,54,70,68,94,46,10,499,3,11,4,13,20,34,38,23,8,156,0,0,0,6,4,6,22,22,9,68,45,62,72,67,90,112,151,93,22,724,38,13,24,28,23,27,22,11,3,194
UCL215097,249,173,121,123,138,93,55,20,9,980,32,29,34,28,40,50,54,41,12,318,0,0,3,0,11,11,19,18,15,87,0,0,0,0,0,13,14,22,11,67,33,36,40,37,52,79,89,79,40,476,32,29,21,17,26,18,19,5,4,167,308,231,179,176,208,187,158,110,51,1617,246,99,115,128,115,84,79,37,10,904,28,32,34,50,50,38,64,35,18,350,3,10,12,8,16,27,32,25,13,154,0,0,0,0,3,23,27,20,13,88,33,41,53,57,75,84,123,77,46,597,34,12,16,19,34,12,20,9,7,161,316,153,183,209,226,181,222,126,58,1660,495,271,239,249,250,178,132,55,12,1884,61,65,69,78,93,86,110,76,36,674,7,10,20,9,29,39,59,47,26,243,0,0,0,3,11,36,41,37,25,154,64,80,86,97,130,161,208,160,88,1069,68,41,35,38,55,27,39,21,9,327
UCL215098,114,51,73,55,32,41,35,16,0,423,14,18,18,10,10,25,23,12,0,135,0,3,0,0,3,11,11,6,3,47,0,0,0,0,0,4,19,9,0,39,14,17,21,15,14,39,59,29,9,224,9,8,7,5,3,5,7,5,3,48,134,75,105,72,57,85,96,53,16,690,104,37,71,51,31,50,44,9,0,408,8,16,20,16,14,30,25,16,3,150,4,3,7,4,9,18,16,11,7,75,0,0,0,0,3,10,18,10,6,50,11,17,28,22,32,57,55,35,16,271,4,4,3,0,0,0,7,0,0,26,123,57,101,76,61,108,99,45,14,699,217,88,147,109,63,95,71,30,4,828,23,25,38,33,27,49,48,26,8,286,4,5,7,5,14,28,30,16,11,116,0,0,0,7,3,13,38,18,8,91,28,35,44,42,46,93,109,67,26,490,16,5,13,4,3,8,10,5,4,74
UCL215099,87,75,42,43,46,52,50,18,7,426,11,15,14,12,21,33,34,25,13,182,0,3,0,0,8,11,22,13,11,71,0,0,0,0,4,10,15,13,9,53,12,13,14,20,31,54,73,53,30,307,13,11,3,9,13,5,9,3,8,67,112,98,61,74,88,114,137,80,43,803,96,42,42,38,47,63,51,31,21,426,11,21,18,22,26,28,39,42,21,221,0,4,0,14,10,21,34,26,6,121,0,0,6,4,4,10,21,21,4,69,14,21,22,34,40,61,96,85,36,410,19,10,16,14,5,10,12,9,6,96,126,73,79,84,88,133,152,124,65,929,186,118,85,80,97,114,99,49,26,856,24,31,32,32,45,64,77,62,33,402,0,9,0,15,15,30,59,41,17,189,0,0,6,8,7,18,36,34,15,129,29,38,37,55,67,115,173,136,65,719,34,19,17,24,11,15,17,12,9,169
UCL215100,69,40,39,24,35,40,48,19,6,323,10,7,3,16,9,24,26,29,0,132,0,0,0,4,9,10,12,14,3,55,0,0,0,0,0,6,13,15,8,45,13,8,6,16,17,40,56,53,16,233,8,0,3,9,5,12,11,8,0,55,93,51,44,57,58,99,113,83,21,609,78,26,24,32,38,48,45,26,4,329,7,15,14,8,14,43,28,20,11,159,0,0,0,12,13,15,18,15,12,83,0,0,4,0,0,5,17,10,8,44,8,16,17,20,28,60,60,47,27,285,11,6,4,0,6,10,6,9,3,61,92,49,51,57,75,121,106,85,39,669,144,61,60,58,83,96,88,50,6,649,16,22,16,25,23,68,52,49,10,296,0,5,3,17,13,22,29,31,15,137,0,0,4,0,0,14,26,23,21,86,21,27,23,38,42,101,114,105,48,518,18,4,11,17,10,21,18,16,5,113
UCL221001,56,28,36,22,29,28,13,0,0,227,13,5,6,17,10,9,18,4,0,79,0,0,0,0,5,0,6,4,0,11,0,0,0,0,3,0,0,4,0,6,13,5,7,17,15,11,17,9,0,91,4,6,3,3,4,4,9,3,0,38,75,44,49,42,52,46,40,13,0,358,67,33,27,30,32,21,8,6,0,226,4,5,16,13,11,11,13,8,0,81,0,0,3,4,3,0,6,0,0,19,0,0,0,0,6,0,0,0,0,6,4,4,20,16,26,16,19,7,3,110,7,6,0,0,0,0,5,0,0,20,72,42,45,48,54,41,36,14,3,361,121,62,60,58,69,51,19,8,0,453,9,13,18,28,27,25,25,6,0,162,0,0,3,4,4,3,9,0,0,27,0,0,0,0,4,0,0,3,0,13,9,12,26,27,42,25,37,14,3,206,8,10,5,7,4,4,12,4,0,59
UCL221002,58,32,29,24,29,34,28,11,5,251,10,9,4,7,16,22,24,6,4,99,0,0,0,0,5,9,12,5,0,32,0,0,0,0,4,0,9,4,6,19,10,8,4,12,22,29,39,17,0,151,0,4,0,0,3,3,0,0,0,12,65,42,37,35,50,66,66,30,12,413,53,23,20,44,35,53,26,10,5,264,6,9,11,8,11,11,24,16,0,90,0,0,0,3,4,5,14,7,3,35,0,0,0,3,3,8,3,5,0,22,9,9,11,11,16,24,41,25,11,155,6,0,0,7,4,6,6,0,0,25,59,33,36,61,58,76,73,35,13,438,114,54,56,65,63,84,53,22,11,510,9,19,20,17,27,30,46,21,0,190,0,0,0,3,7,15,26,11,3,72,0,0,0,3,3,5,10,7,8,40,11,20,20,25,38,50,85,40,13,306,6,0,3,8,6,10,6,0,0,35
UCL221003,47,21,24,19,16,16,12,3,0,156,17,0,7,12,12,10,7,0,0,72,0,0,5,0,0,8,3,4,0,23,0,0,0,0,0,0,0,5,0,11,17,7,14,18,14,23,11,11,0,107,11,4,10,3,5,4,4,0,0,38,67,28,46,35,27,45,25,22,0,295,41,15,24,20,18,17,6,3,0,140,5,6,12,4,10,18,3,3,0,75,0,0,7,3,6,3,5,4,0,18,0,0,0,0,0,8,5,0,0,10,5,9,20,14,13,26,15,7,0,105,8,9,5,0,5,3,0,0,0,34,52,32,46,35,39,45,18,14,0,281,86,34,45,35,31,31,16,4,0,292,20,13,23,19,22,26,11,13,0,147,0,4,7,4,4,16,8,7,0,40,0,0,0,4,0,12,4,7,0,29,20,15,34,26,26,46,26,24,3,216,13,9,13,8,6,5,3,4,0,68
UCL221004,108,67,24,48,73,52,17,12,0,398,27,10,9,22,18,14,16,9,4,123,0,0,0,0,0,4,4,0,0,18,0,0,0,0,0,0,3,4,0,9,27,10,9,29,18,23,27,8,4,154,4,10,0,0,6,0,0,0,0,29,140,87,32,80,101,78,41,20,3,583,100,68,17,55,71,47,22,9,0,386,12,11,4,18,20,9,14,0,0,94,0,0,0,3,5,3,4,8,0,24,0,0,0,0,0,0,3,0,0,6,12,11,6,23,20,15,19,9,0,121,10,3,0,0,5,10,4,0,0,45,126,95,25,78,99,72,38,16,0,557,208,139,46,105,143,94,39,15,0,792,43,27,9,40,34,25,26,11,4,218,0,0,0,3,9,9,12,3,0,44,0,0,0,0,0,5,6,4,0,16,43,27,15,51,42,41,46,22,3,279,16,12,5,6,15,13,4,3,4,72
UCL221005,46,16,30,29,25,18,22,7,0,194,3,0,4,3,15,14,19,7,4,73,0,0,0,0,6,3,5,7,0,24,0,0,0,0,0,6,4,5,0,11,3,4,8,3,18,18,27,19,7,104,7,0,0,0,8,9,5,9,0,35,57,24,38,33,47,40,51,33,8,334,57,14,30,21,19,23,20,7,4,206,0,9,7,4,10,11,19,5,5,65,0,0,0,0,9,6,10,6,0,22,0,0,0,0,5,8,3,4,8,24,0,9,10,4,17,15,33,12,13,104,5,4,0,4,3,0,6,0,5,33,62,26,43,32,46,43,53,26,20,343,103,37,61,49,45,39,38,18,9,398,3,8,14,10,23,20,33,14,9,135,0,0,0,0,11,3,9,5,3,44,0,0,0,0,5,8,11,3,7,33,3,11,16,10,38,31,55,29,16,212,8,4,0,3,14,9,9,9,4,64
UCL221006,69,22,22,39,24,21,20,3,0,218,7,0,5,9,3,5,12,6,0,55,0,0,0,0,0,0,9,5,0,21,0,0,0,0,0,0,5,0,0,7,7,0,5,7,4,10,26,16,0,82,7,7,0,0,0,0,3,0,0,21,83,29,24,50,34,34,52,20,0,325,41,13,32,31,22,28,14,0,0,184,0,0,6,11,12,5,14,3,0,64,0,0,0,0,3,4,6,8,0,26,0,0,0,0,0,0,8,0,0,10,0,3,13,12,18,11,30,13,0,105,0,0,0,0,0,6,4,0,0,13,52,20,40,42,40,46,52,17,0,303,112,37,51,69,48,48,38,10,0,404,11,0,13,16,19,13,28,13,4,121,0,0,0,0,6,3,17,10,0,51,0,0,0,0,0,3,10,0,0,17,15,3,13,22,21,22,57,29,6,189,7,7,0,4,0,9,7,0,0,31
UCL221007,34,18,19,15,18,25,8,0,0,138,10,0,5,5,10,9,13,5,0,69,0,0,0,0,3,10,4,5,0,16,0,0,0,0,0,3,0,4,0,10,10,5,5,10,10,19,21,15,0,89,7,0,5,4,4,3,0,0,0,25,49,19,29,29,35,43,29,14,3,255,29,22,20,12,16,27,10,4,0,134,10,0,9,13,7,16,7,6,3,72,0,0,4,4,6,10,5,3,0,34,0,0,0,0,0,4,5,0,0,14,10,4,12,12,18,36,15,7,0,116,12,4,6,5,0,5,5,0,0,33,48,24,37,32,30,66,33,17,0,282,68,31,37,31,28,47,21,7,0,272,13,3,18,20,21,29,22,8,3,140,0,3,4,4,6,15,4,10,0,49,0,0,0,0,0,8,9,4,0,23,13,9,22,28,28,49,43,22,5,209,17,4,9,12,5,9,3,0,0,53
UCL221008,37,17,13,23,8,27,24,9,0,160,5,4,4,7,15,17,23,16,8,92,3,0,0,0,0,7,11,8,8,31,0,0,0,0,0,0,8,5,0,13,6,4,4,7,14,22,35,30,20,135,13,7,0,6,8,13,13,10,7,76,55,24,21,36,32,53,69,49,25,374,54,15,15,23,17,23,32,12,8,199,0,13,7,3,13,14,13,19,18,100,0,0,4,0,4,6,5,5,12,27,0,0,0,0,0,7,6,3,3,17,0,12,9,3,18,20,23,31,32,150,10,7,3,7,12,14,12,6,19,85,67,32,26,31,47,60,68,50,61,438,96,30,27,52,30,47,52,22,6,358,7,20,11,9,27,28,33,30,26,193,3,0,4,0,3,13,9,18,17,64,0,0,0,0,0,7,12,7,9,29,9,18,18,9,34,45,59,53,44,287,19,14,5,11,14,24,24,20,26,161
UCL221009,39,30,26,27,18,19,18,0,3,182,11,7,6,7,4,11,17,8,0,64,0,0,0,0,0,0,6,0,0,13,0,0,0,0,0,5,3,0,0,7,11,7,10,9,9,14,21,10,0,88,9,9,8,3,5,5,0,0,0,35,61,45,36,41,30,38,38,7,3,299,53,21,21,28,23,27,12,0,0,188,8,0,12,9,5,16,8,4,0,69,0,4,3,0,0,6,8,0,0,28,0,0,0,3,0,6,5,10,0,19,10,7,19,17,11,21,19,13,0,108,3,5,4,4,3,0,5,3,0,24,70,30,41,43,30,50,40,13,0,322,94,52,47,54,39,47,29,3,4,367,20,11,18,16,11,19,28,8,0,129,3,4,4,9,0,7,17,0,0,38,0,0,0,3,3,5,9,7,0,25,15,17,21,24,18,32,44,18,0,195,14,14,12,13,4,4,5,3,0,60
UCL221010,49,33,28,25,20,31,4,3,0,193,3,0,4,3,4,9,8,11,3,46,0,0,0,0,0,0,3,0,0,7,0,0,0,0,0,4,8,0,0,10,3,0,4,5,3,19,16,11,6,69,8,4,0,3,3,3,0,0,0,25,60,37,32,35,28,50,29,14,9,287,39,9,23,20,23,22,14,4,0,156,0,11,9,5,12,9,6,13,0,70,0,0,6,0,0,8,3,0,0,26,0,0,0,0,0,4,3,0,0,12,0,6,17,12,21,19,17,13,0,102,10,0,5,3,0,6,0,0,0,28,52,19,41,34,44,49,32,12,5,284,90,41,49,48,41,51,20,5,4,345,10,8,13,6,17,21,15,19,3,118,0,0,6,6,5,11,6,0,0,29,0,0,0,0,3,8,12,0,0,25,10,11,20,17,25,37,36,19,0,175,13,0,9,7,3,6,4,0,5,53
UCL221011,55,29,14,33,38,32,14,6,0,219,12,7,7,4,6,12,16,7,0,69,0,0,0,5,0,5,0,0,0,9,0,0,0,0,0,0,4,0,0,10,12,7,7,7,11,16,23,7,3,86,6,0,0,4,5,4,0,0,0,20,70,46,21,43,49,47,39,12,3,325,43,27,16,19,42,28,15,4,0,204,3,10,5,7,10,9,11,0,0,53,0,0,0,3,0,4,0,0,0,11,0,0,0,0,0,0,0,0,0,3,3,10,8,15,15,16,8,3,0,71,3,3,0,3,0,8,4,0,0,22,53,42,22,40,57,48,24,5,0,298,98,60,33,56,79,61,31,5,0,420,15,15,8,15,17,20,24,13,0,125,0,0,0,5,3,8,0,0,0,24,0,0,0,0,0,0,7,0,0,8,19,15,14,14,23,27,32,15,3,155,13,5,0,11,4,7,4,0,0,42
UCL221012,49,24,20,18,24,28,4,4,0,174,0,0,5,3,6,11,6,6,0,34,0,0,0,0,0,4,3,0,0,13,0,0,0,0,0,0,0,5,0,4,0,0,5,4,11,19,11,8,0,52,5,4,0,5,7,4,4,0,0,25,56,29,20,28,39,52,17,9,3,251,43,21,12,23,28,21,8,0,0,160,0,4,4,10,7,9,10,3,4,52,0,0,0,0,6,3,0,0,0,7,0,0,0,0,0,0,0,0,0,5,0,9,10,10,11,14,10,3,3,70,4,3,0,4,3,0,4,5,0,22,45,32,20,30,45,42,25,4,6,253,94,44,30,39,50,53,15,3,3,332,3,5,7,9,13,23,12,5,4,87,0,0,0,0,5,9,3,0,0,23,0,0,0,0,0,0,5,5,3,9,3,3,8,9,22,35,18,10,5,115,6,7,0,3,10,11,9,3,0,54
UCL221013,50,20,29,24,30,32,13,0,0,205,3,0,7,5,7,9,7,3,0,49,0,0,0,0,3,9,4,3,0,28,0,0,0,0,0,5,0,0,0,9,3,7,7,10,13,24,11,6,7,84,9,0,0,12,7,12,0,5,0,36,56,28,35,43,42,64,23,12,3,318,47,19,25,26,27,24,4,5,0,184,0,7,7,10,10,7,10,0,0,47,0,0,3,0,9,5,8,0,0,19,0,0,0,0,0,6,0,0,4,12,0,7,9,13,12,12,18,9,0,79,6,6,0,9,4,11,5,5,0,31,56,29,33,44,45,48,22,11,0,294,99,44,54,53,53,57,16,9,0,386,4,7,12,16,18,16,18,7,0,100,0,0,3,5,9,11,5,4,0,45,0,0,0,0,0,11,3,0,6,19,3,14,14,21,28,40,31,12,9,162,14,3,0,20,11,18,4,3,0,72
UCL221014,45,28,22,37,43,37,38,12,8,263,11,3,5,9,20,31,36,12,3,124,0,0,3,0,4,7,14,4,3,31,0,0,0,0,0,0,12,9,0,18,11,3,8,11,19,32,56,24,10,177,3,0,0,7,7,7,8,3,0,39,61,36,31,51,62,75,102,40,9,474,38,27,25,27,33,46,40,11,0,252,4,11,9,15,14,23,27,18,6,125,0,0,0,0,4,13,7,14,5,50,0,0,0,0,0,10,9,3,5,26,4,12,10,18,24,46,43,32,13,202,6,0,0,9,6,7,9,0,0,29,52,38,40,50,56,98,88,49,11,482,91,53,54,57,70,78,81,28,3,509,16,13,14,22,33,50,58,30,5,251,0,0,7,5,9,22,23,18,9,85,0,0,0,0,0,7,19,11,4,45,16,19,14,30,38,79,102,59,23,378,9,0,0,13,7,14,15,8,0,66
UCL221015,18,13,12,17,23,25,34,6,0,153,0,4,4,3,7,10,15,5,0,56,0,0,0,0,0,0,8,4,0,12,0,0,0,0,0,0,0,0,0,7,0,4,4,3,8,19,22,6,3,64,6,4,0,4,5,0,4,0,0,22,28,17,15,20,41,43,58,17,3,239,32,16,13,17,24,32,13,5,0,145,4,10,0,6,4,16,13,4,3,62,0,0,4,0,0,7,10,0,0,22,0,0,0,0,0,0,3,3,0,3,4,10,5,4,7,23,26,10,3,86,8,0,3,0,4,7,3,0,0,26,37,27,18,22,29,62,44,17,3,262,47,27,22,31,47,62,47,17,0,298,7,9,4,4,13,25,33,11,3,115,0,0,4,0,3,3,11,0,0,35,0,0,0,0,0,3,3,3,0,7,7,9,13,4,16,36,50,17,9,156,16,6,3,9,11,7,6,0,0,50
UCL221016,122,35,34,56,29,20,7,0,0,312,8,13,9,7,21,8,12,0,0,87,0,0,0,4,0,5,9,0,0,16,0,0,0,0,0,0,3,6,0,10,8,19,4,17,20,8,22,3,0,111,13,5,7,4,3,4,0,6,0,42,145,55,47,78,61,33,33,6,3,460,117,31,39,59,29,23,10,0,0,314,19,16,17,15,12,7,9,4,0,102,0,3,0,9,5,0,8,0,0,26,0,0,0,0,0,0,0,0,0,5,20,19,17,24,19,16,21,3,5,137,22,7,0,5,0,6,0,0,0,46,157,63,58,84,57,41,20,7,5,495,244,65,70,114,62,48,16,0,0,623,27,35,20,26,37,16,19,7,0,189,0,3,3,13,7,3,12,4,0,48,0,0,0,0,0,4,3,6,0,12,30,39,22,37,43,26,37,8,4,247,36,13,10,15,7,7,0,3,0,82
UCL221017,74,30,24,30,38,41,24,4,0,275,12,8,11,5,15,20,14,11,0,95,0,0,0,5,3,3,16,6,0,37,0,0,0,0,4,3,11,4,3,28,14,4,11,14,20,26,43,23,3,156,9,0,4,6,9,4,3,3,0,35,100,42,40,41,65,67,74,33,3,469,60,25,33,27,29,25,28,9,3,242,9,14,12,9,13,25,25,12,4,116,0,0,8,7,8,12,7,10,0,51,0,0,0,4,0,0,8,0,0,18,9,14,19,15,21,45,39,21,9,191,6,0,4,7,0,0,8,4,0,26,75,45,53,47,46,72,74,32,4,457,135,56,58,58,66,66,55,15,3,518,22,18,22,9,27,45,37,16,4,207,0,9,8,11,13,14,28,16,0,91,0,0,0,4,5,10,22,5,6,42,24,21,28,23,38,74,86,41,10,341,18,3,11,10,8,3,7,6,0,64
UCL221018,52,27,27,20,36,40,31,13,0,238,4,9,10,4,15,17,35,14,11,117,0,0,0,0,0,12,16,8,5,40,0,0,0,0,4,3,10,7,5,29,4,5,10,8,20,31,62,30,14,184,11,9,4,8,7,14,9,10,3,72,61,45,37,35,68,80,107,53,21,496,47,27,27,18,34,40,30,6,6,228,0,9,10,4,15,28,21,17,5,107,0,4,0,3,5,13,8,12,10,56,0,0,0,0,0,11,15,5,5,46,0,13,9,11,19,43,50,36,26,207,0,4,7,3,8,9,4,9,11,64,48,40,37,32,60,95,92,57,44,494,97,48,50,36,65,75,64,16,7,472,6,14,12,8,30,42,54,31,18,222,0,9,0,5,5,21,28,19,12,94,0,0,0,0,4,17,27,17,12,67,6,19,21,16,43,76,109,68,36,390,13,12,9,8,16,25,13,20,15,134
UCL221019,47,20,33,25,32,26,24,10,5,215,12,3,6,10,14,18,31,3,4,103,0,0,0,0,8,10,14,12,0,47,0,3,0,4,0,8,8,5,0,31,11,11,6,11,20,37,49,22,10,179,7,3,9,3,8,10,3,5,0,40,63,32,42,36,58,75,77,36,16,433,39,12,27,26,33,33,37,7,0,212,5,16,6,15,13,27,23,4,8,114,0,3,3,7,10,16,4,9,3,54,0,0,0,0,7,8,12,7,0,41,5,20,12,21,30,51,39,23,15,211,9,4,6,3,3,7,3,4,4,31,57,38,43,52,64,87,77,33,24,452,90,28,61,44,61,62,56,19,4,431,15,23,12,23,24,43,48,14,16,210,0,0,3,10,14,26,21,22,4,99,0,3,0,3,14,17,17,15,9,73,15,29,17,35,51,88,88,42,24,386,9,5,10,6,9,13,11,3,5,74
UCL221020,40,20,18,16,28,37,26,10,9,206,0,5,9,6,14,17,21,17,6,96,0,0,0,0,0,16,14,9,6,55,0,0,0,0,0,5,3,8,3,23,4,9,7,8,19,38,43,32,10,165,3,0,0,8,9,3,13,4,0,40,50,29,26,32,56,78,81,42,18,416,48,16,16,27,19,43,22,17,13,216,7,8,8,7,15,23,25,12,20,123,0,0,3,6,8,9,13,3,11,45,0,0,0,0,4,7,7,9,6,33,7,8,14,8,26,34,47,25,35,204,4,0,5,3,8,9,3,6,4,33,55,30,28,37,46,81,76,44,53,450,82,37,33,47,45,76,52,28,22,425,6,17,15,6,27,35,46,29,23,212,0,0,6,6,10,17,31,10,12,97,0,0,0,0,3,12,12,16,9,59,6,22,15,21,40,68,88,60,45,369,13,3,3,9,10,10,13,4,4,75
UCL221021,48,22,37,25,26,32,9,4,0,204,10,10,15,15,0,12,8,6,0,76,0,0,4,7,5,4,11,0,0,28,0,0,0,0,0,0,8,0,0,10,10,11,14,16,7,19,33,8,5,116,4,6,7,0,4,5,4,0,0,29,62,37,52,40,38,55,46,15,5,346,60,23,35,40,18,24,12,0,0,211,7,10,10,14,10,12,6,3,0,77,0,0,8,3,3,12,7,0,0,33,0,0,0,0,3,4,4,3,0,12,7,9,14,20,18,29,20,4,3,119,4,6,0,14,5,4,5,4,0,39,65,33,55,64,42,61,38,11,0,376,108,40,74,64,48,57,21,11,0,412,14,15,25,27,11,27,16,8,0,151,0,4,3,3,10,18,20,0,0,62,0,0,0,0,4,3,13,4,3,25,14,23,29,35,20,46,44,14,0,235,11,10,9,12,9,9,10,4,0,74
UCL221022,36,16,27,15,24,8,24,0,0,160,6,0,0,0,12,16,11,13,0,63,0,0,0,0,0,3,4,8,0,12,0,0,0,0,0,0,0,0,0,5,6,4,0,0,9,19,20,13,3,81,3,0,0,0,0,0,7,4,0,18,46,15,29,20,36,32,52,22,5,258,35,12,14,18,20,16,25,11,0,142,3,4,6,6,3,8,13,9,7,56,0,0,0,0,7,3,5,3,0,22,0,0,0,0,0,4,0,0,0,12,8,4,5,13,12,15,23,11,7,88,0,0,0,4,0,0,11,4,0,22,42,17,19,31,41,29,48,17,11,258,68,28,43,37,51,27,46,10,5,307,15,3,6,12,14,23,25,15,3,115,0,0,0,0,6,7,10,3,0,40,0,0,0,0,0,4,3,5,0,10,12,5,10,10,24,36,37,27,5,165,5,0,0,4,4,0,15,5,6,38
UCL221023,23,20,9,10,31,19,18,12,0,132,12,5,5,5,3,27,21,16,3,94,0,0,0,0,0,12,13,6,4,39,0,0,0,0,3,8,7,12,0,33,15,5,5,6,14,43,47,31,7,168,7,4,0,3,3,3,3,7,0,23,37,22,12,18,41,64,68,51,11,327,38,12,10,10,24,24,23,10,0,150,3,10,4,8,10,14,25,16,3,94,0,0,0,5,5,11,12,11,0,50,0,0,0,0,3,12,8,13,4,43,3,10,11,13,18,36,45,36,8,183,4,5,5,4,0,5,0,4,0,23,45,22,23,28,42,62,68,55,14,351,58,30,19,19,48,46,38,27,5,286,15,10,12,15,20,44,47,29,6,192,0,0,0,5,5,21,23,19,6,84,0,0,0,0,3,17,21,23,5,78,17,7,10,18,30,83,93,68,17,348,11,9,5,8,3,3,7,7,0,52
UCL221024,42,37,18,21,32,60,46,16,0,278,3,3,6,3,11,17,27,18,3,107,0,0,0,4,3,8,8,14,6,48,0,0,0,0,0,5,16,8,6,29,9,4,8,3,17,35,59,38,11,188,5,3,0,7,4,0,6,4,0,28,60,43,29,28,55,100,116,55,12,489,31,25,25,16,43,53,54,7,0,260,7,5,5,7,18,26,36,16,8,131,0,0,3,5,9,9,18,10,4,52,0,0,0,0,0,0,11,0,3,27,7,5,8,11,27,40,65,33,17,210,3,0,0,0,3,5,3,4,0,28,42,32,32,31,75,101,122,41,23,499,79,58,43,36,76,121,99,25,0,537,9,6,7,8,33,50,65,42,10,236,0,3,5,4,13,20,31,21,9,102,0,0,0,0,0,11,31,8,7,58,14,13,11,12,43,69,126,69,26,397,7,3,0,7,11,8,12,8,3,60
UCL221025,34,15,23,21,24,30,24,5,5,177,4,5,0,7,7,11,16,18,3,75,0,4,0,0,0,6,8,10,8,37,0,0,0,0,5,7,0,5,4,23,8,9,5,7,15,24,31,33,14,131,0,3,3,4,4,3,11,4,4,30,41,21,29,33,40,51,63,41,20,344,43,9,24,13,19,31,20,9,0,168,3,3,3,7,12,14,14,12,14,84,0,0,3,5,4,4,12,13,8,52,0,0,0,4,5,8,6,11,10,37,3,4,8,13,25,26,34,33,31,167,8,3,0,3,4,0,8,4,5,29,56,17,29,32,43,58,61,42,33,370,82,24,50,35,42,57,45,10,8,351,6,8,4,15,22,24,33,30,13,155,0,5,4,5,3,12,21,16,15,84,0,0,0,0,4,9,12,14,16,61,9,12,10,22,35,46,60,63,41,304,3,6,3,5,9,6,17,8,8,60
UCL221026,36,16,26,19,24,32,17,9,3,171,6,3,11,12,15,19,25,11,3,95,0,0,0,4,0,3,15,7,5,41,0,0,0,0,0,4,16,11,7,35,6,4,11,13,14,31,53,27,15,170,8,3,0,3,4,5,7,0,0,40,47,23,27,33,42,68,81,34,17,382,25,20,20,15,22,25,15,4,7,151,6,5,6,9,16,13,15,17,4,82,0,4,3,4,4,10,7,6,8,45,0,0,0,0,3,5,7,8,8,22,6,8,10,8,18,29,28,24,17,153,7,0,4,3,0,6,0,0,0,28,35,30,34,30,52,60,45,32,26,339,58,36,41,30,50,55,32,12,12,326,8,12,16,19,28,31,37,29,9,180,0,0,3,9,6,16,21,14,8,79,0,0,0,0,3,15,19,13,13,64,8,15,18,24,34,59,80,53,33,323,13,4,3,3,14,10,10,0,0,71
UCL221027,52,11,24,14,22,28,15,12,4,181,9,4,0,5,8,10,21,14,6,72,0,0,0,0,6,8,15,6,3,32,0,0,0,0,0,5,8,6,0,24,9,4,9,4,17,22,36,25,4,132,4,3,7,8,12,5,9,10,0,54,64,23,36,30,45,63,58,42,8,368,47,16,21,18,21,26,10,6,6,168,0,3,11,8,11,19,17,18,8,100,0,0,4,3,9,14,7,6,4,48,0,0,0,0,3,6,9,3,0,25,4,5,16,12,17,39,33,30,15,167,7,6,8,3,4,0,0,13,0,43,54,24,41,39,42,68,43,54,15,380,93,28,46,34,43,59,29,21,7,352,16,6,16,12,18,34,35,32,10,172,0,5,4,3,7,19,18,15,5,81,0,0,0,4,11,12,13,9,4,51,14,7,18,19,35,65,67,56,18,302,12,9,10,14,17,8,10,20,0,98
UCL221028,33,23,5,19,20,37,49,22,0,211,0,0,0,0,5,20,36,23,0,93,0,0,0,0,0,5,8,15,9,35,0,0,0,0,0,0,11,4,0,16,0,0,0,0,11,24,51,44,11,143,4,4,0,5,5,10,12,13,3,51,37,26,10,26,31,74,108,77,12,405,31,20,8,14,31,47,51,26,5,226,4,0,0,7,7,19,27,24,4,94,0,0,0,0,0,3,9,11,0,28,0,0,0,0,0,0,9,0,0,9,4,0,0,6,7,27,44,40,4,135,0,5,0,4,7,13,16,8,3,51,33,21,7,22,40,87,111,72,12,408,60,38,12,32,48,90,103,50,7,437,4,9,3,7,11,43,62,44,7,190,0,0,0,0,0,8,17,23,9,61,0,0,0,0,0,0,11,13,0,30,4,9,3,9,17,53,92,81,13,275,9,7,3,4,6,26,24,18,5,106
UCL221029,56,30,39,17,34,37,13,0,0,224,6,7,10,9,4,16,6,3,0,66,4,0,0,0,0,6,3,0,0,21,0,0,0,0,0,0,3,3,0,15,7,7,10,12,10,23,12,9,0,98,4,0,4,4,0,0,0,0,0,19,66,42,52,35,47,58,23,14,7,345,61,22,24,27,35,33,8,5,0,219,10,14,22,8,10,11,5,4,0,82,0,0,0,4,3,8,0,0,0,16,0,0,0,0,4,6,4,10,0,19,10,14,22,9,16,22,9,13,0,119,3,3,0,0,5,0,4,0,0,16,76,40,45,38,59,57,22,18,0,355,126,61,65,45,63,60,20,6,0,446,13,27,28,18,19,29,12,11,3,156,5,0,0,4,3,5,6,3,0,35,0,0,0,0,3,11,5,9,0,29,13,27,30,22,30,50,26,26,0,222,13,3,4,5,7,0,5,3,0,42
UCL221030,7,8,4,8,21,35,25,6,0,124,0,6,0,7,14,29,20,13,0,82,0,0,0,0,5,8,13,8,0,25,0,0,0,0,0,5,6,0,0,20,0,6,4,4,21,34,41,19,0,128,0,0,0,0,8,6,3,4,0,24,11,11,12,18,47,77,67,26,0,273,9,3,0,3,18,42,25,7,0,108,0,6,0,0,0,21,16,8,0,60,0,0,0,4,3,10,5,5,0,24,0,0,0,0,4,5,7,5,0,23,0,4,0,9,11,35,32,14,0,111,0,0,0,0,3,4,4,0,0,20,8,7,5,12,35,82,60,18,0,237,20,8,11,13,43,82,48,11,0,233,0,5,9,9,19,49,38,18,4,141,0,0,0,3,10,15,22,6,0,54,0,0,0,0,8,13,17,10,0,42,0,7,8,15,29,68,71,39,4,233,8,3,0,0,8,12,12,0,0,46
UCL221031,42,26,20,28,24,27,12,6,0,185,3,4,7,9,12,12,9,0,0,57,0,0,0,5,0,5,6,4,0,18,0,0,0,0,0,0,0,3,0,3,3,4,9,11,12,12,16,9,0,79,12,0,0,5,5,0,0,0,0,24,63,32,34,48,40,38,28,9,0,287,70,19,15,31,22,20,10,7,0,197,5,9,9,15,8,10,3,3,4,64,0,0,0,0,4,8,0,6,0,16,0,0,0,3,0,0,3,3,0,15,7,9,13,19,16,19,9,12,4,96,12,6,0,9,0,0,0,0,0,27,85,32,33,57,42,36,18,12,4,319,112,44,42,59,46,41,24,12,0,383,14,14,21,20,19,18,16,7,4,126,0,0,3,4,4,7,3,6,0,31,0,0,0,3,0,0,6,6,0,15,12,14,18,29,27,31,27,13,5,178,23,3,0,15,5,5,4,0,0,49
UCL221032,45,15,17,23,25,19,13,3,0,156,4,3,6,7,6,11,14,7,0,53,0,0,0,0,4,3,11,6,0,29,0,0,0,0,0,0,7,5,0,11,5,6,6,7,11,14,26,19,0,85,3,5,3,5,7,4,5,3,0,31,58,23,21,39,34,36,42,21,0,276,39,18,13,20,25,6,17,7,0,152,4,5,6,10,10,11,7,9,3,68,0,0,0,0,0,5,7,0,0,14,0,0,0,0,0,9,5,3,0,21,4,5,7,13,15,22,20,18,6,107,7,5,3,8,4,6,4,4,0,34,49,29,22,40,42,37,41,26,6,294,85,34,30,47,45,28,32,6,0,308,9,11,9,16,13,21,18,17,7,122,0,0,0,3,4,9,13,5,0,43,0,0,0,0,0,5,8,11,0,29,12,12,10,15,24,34,46,36,8,195,12,11,8,13,12,15,3,4,0,64
UCL221033,16,9,16,10,9,25,21,10,0,123,3,4,7,4,3,10,10,8,11,65,0,0,0,3,0,5,8,8,4,26,0,0,0,0,4,3,4,6,6,14,3,5,9,10,7,19,27,19,18,108,5,0,0,4,0,9,3,0,0,22,22,14,27,20,16,44,49,26,16,254,16,5,10,10,11,25,19,6,3,108,3,5,7,4,7,15,14,11,13,78,0,0,4,0,0,0,11,7,8,29,0,0,0,0,0,3,4,5,5,18,3,5,11,4,9,20,24,22,22,126,7,6,0,6,3,4,0,0,0,26,24,19,25,23,24,44,51,31,31,258,30,14,29,22,25,50,41,12,3,229,7,9,14,7,12,25,28,19,23,144,0,0,5,4,0,3,15,11,10,53,0,0,0,0,4,9,3,8,6,29,7,8,22,15,14,34,44,40,40,228,7,11,0,9,4,8,10,5,3,51
UCL221034,100,52,22,52,49,33,13,6,0,332,13,6,6,13,10,18,4,0,0,81,0,0,0,0,6,0,7,4,0,22,0,0,0,0,0,0,4,4,0,9,13,6,9,21,21,23,19,10,0,115,4,0,0,6,8,0,3,0,0,18,119,60,29,74,76,55,34,14,0,461,103,40,19,58,53,19,11,0,0,302,15,13,10,15,22,12,12,0,0,93,0,0,0,6,4,4,7,0,0,25,0,0,0,0,0,0,5,3,0,14,15,13,10,20,33,19,16,4,3,128,4,5,0,0,7,3,0,0,0,24,115,61,32,84,85,37,31,5,3,450,202,91,41,110,100,48,34,3,0,630,26,17,12,34,41,32,18,0,0,179,0,0,0,8,9,5,18,4,0,42,0,0,0,0,4,9,7,3,0,23,26,19,17,39,50,41,36,11,0,243,6,8,0,8,14,5,4,0,0,42
UCL221035,35,27,16,13,26,17,21,13,3,176,8,7,9,6,22,14,17,8,3,91,0,0,0,4,6,8,16,6,3,40,0,0,0,0,0,3,12,8,3,35,9,7,12,8,32,26,39,20,10,165,3,7,0,4,5,7,6,5,6,43,47,37,28,26,63,57,67,39,22,391,41,14,15,13,20,20,18,5,9,155,5,12,13,12,7,18,10,13,12,96,0,0,5,6,10,4,18,3,9,53,0,0,0,0,0,3,10,12,14,46,9,12,19,15,18,34,37,27,26,191,6,0,0,8,6,6,6,6,14,47,51,31,30,36,44,51,59,47,42,397,82,38,30,25,44,34,42,22,9,332,12,17,24,17,28,37,28,24,15,188,0,0,8,4,17,11,35,8,9,93,0,0,5,0,5,11,25,21,17,78,11,18,28,25,51,56,80,52,41,356,11,9,3,5,8,14,15,12,20,94
UCL221036,67,36,37,22,38,35,21,6,0,255,5,9,3,11,16,21,11,5,0,86,0,0,0,6,7,3,6,3,0,20,0,0,0,0,0,4,0,0,0,4,12,9,6,13,19,27,18,8,0,112,9,0,5,0,4,3,4,0,0,25,87,48,43,37,58,60,38,14,0,392,65,27,24,35,30,27,21,0,0,243,3,9,6,8,8,20,16,0,0,72,0,3,0,0,6,8,3,0,4,26,0,0,0,0,0,4,0,4,0,9,3,13,12,7,11,27,20,8,6,108,8,0,0,6,0,5,0,0,0,34,81,45,36,52,49,66,38,8,6,382,134,63,60,60,74,61,38,10,0,494,11,18,11,22,26,38,27,7,4,159,0,3,5,4,4,9,11,7,4,48,0,0,0,0,0,9,0,4,0,13,15,20,17,28,33,56,39,10,6,219,20,0,3,3,8,12,3,3,0,54
UCL221037,38,26,22,20,24,27,26,4,0,187,0,5,4,8,3,16,11,5,0,58,0,0,0,0,5,7,10,12,9,35,0,0,0,0,0,0,12,4,0,27,0,5,5,9,11,19,36,26,11,118,3,0,3,0,0,0,0,0,0,16,43,38,35,29,29,48,66,27,12,318,41,19,20,17,28,11,25,8,0,176,9,9,5,4,10,28,19,15,9,105,0,0,5,0,0,10,12,8,3,48,0,0,0,0,0,0,3,7,0,17,9,9,13,7,16,42,37,29,17,172,3,5,0,8,0,0,0,3,5,21,50,33,30,38,42,53,62,43,24,368,75,49,43,37,47,41,56,11,7,362,7,14,12,11,19,42,30,19,8,161,0,0,7,4,10,16,25,16,14,82,0,0,0,3,5,0,16,16,0,41,7,12,15,16,25,60,70,55,30,284,7,5,0,8,0,8,0,3,5,38
UCL221038,78,43,33,40,50,34,18,10,0,303,7,6,3,17,11,16,7,3,0,75,0,0,0,0,8,4,6,4,0,20,0,0,0,0,0,0,3,0,0,10,7,6,7,19,21,17,23,6,0,102,8,9,11,5,11,9,3,0,0,59,96,55,47,62,80,60,49,12,5,460,76,29,32,34,45,23,17,5,0,264,7,3,12,14,15,13,10,0,0,80,0,0,3,4,4,9,11,3,0,29,0,0,0,0,3,0,0,0,0,10,7,7,10,20,21,18,26,3,0,118,7,3,10,11,9,5,3,3,0,56,93,40,60,61,78,55,37,11,0,439,152,76,66,74,97,58,33,14,0,565,12,9,15,35,24,25,17,6,0,147,0,0,4,3,8,4,22,3,0,59,0,0,0,0,3,4,8,0,0,16,14,12,20,38,39,35,44,16,0,221,16,9,17,11,19,12,12,5,0,112
UCL221039,42,35,30,20,27,30,11,5,0,203,7,7,4,6,9,12,25,14,0,88,0,0,0,4,5,5,4,7,0,20,0,0,0,0,0,0,11,0,0,12,7,7,4,10,14,21,38,22,0,123,13,10,9,7,8,7,8,5,0,54,62,44,46,35,40,56,63,29,0,381,50,25,30,22,26,32,21,8,0,212,4,4,4,5,8,17,17,16,3,79,0,0,6,0,4,4,10,7,0,29,0,0,0,0,4,3,0,4,0,13,4,12,8,0,16,26,25,22,3,123,11,7,7,4,6,9,0,0,4,48,59,43,41,30,47,65,49,31,11,379,95,59,58,42,56,59,30,17,0,417,12,11,8,12,16,29,40,30,5,166,0,0,6,5,5,6,13,17,0,52,0,0,0,0,4,4,9,9,0,21,12,15,16,16,25,43,69,46,10,241,22,12,10,13,15,20,7,8,4,100
UCL221040,42,32,21,14,27,22,28,14,0,195,0,0,3,7,7,18,14,8,0,56,0,3,0,0,4,0,6,3,0,27,0,0,0,0,0,0,3,9,0,16,0,6,9,8,12,17,27,22,3,102,0,4,3,0,6,5,8,3,0,29,46,38,29,18,42,53,63,39,7,326,39,22,18,18,29,29,25,13,0,196,4,4,6,4,11,21,15,15,0,85,0,3,0,0,4,0,10,7,0,20,0,0,0,4,0,0,4,0,0,6,4,7,7,9,20,23,28,22,0,113,0,3,0,5,7,6,5,8,0,30,42,34,23,31,49,61,55,37,4,337,76,54,37,31,58,59,51,24,6,392,4,6,9,7,20,35,31,23,0,139,0,3,0,0,7,3,18,10,7,51,0,0,0,6,5,0,6,6,0,29,4,13,10,15,24,44,57,39,6,217,3,5,0,8,14,9,8,6,0,57
UCL221041,55,25,33,22,34,31,17,3,0,221,4,0,10,12,3,9,8,3,0,54,0,0,4,3,10,0,4,0,0,17,0,0,0,0,0,0,0,0,0,8,4,0,15,16,7,11,10,8,0,82,7,0,3,3,0,3,0,0,0,16,72,31,49,43,44,45,31,9,0,323,57,15,30,18,28,22,16,0,0,195,8,8,3,16,13,17,9,3,0,73,0,0,0,5,3,8,3,6,0,33,0,0,0,0,0,6,0,0,0,4,8,10,6,23,13,28,17,5,0,104,11,4,5,4,5,6,0,0,0,26,77,30,40,42,47,50,27,7,3,326,115,47,65,45,59,49,33,0,0,419,15,10,16,25,15,26,14,5,0,127,0,0,4,9,11,10,8,6,0,44,0,0,0,0,5,4,0,0,0,14,15,13,19,32,26,37,29,12,0,184,17,3,4,3,4,3,6,0,0,39
UCL221042,34,11,39,28,19,21,15,6,0,175,3,0,4,9,8,11,14,7,0,59,0,0,0,4,3,0,4,4,0,22,0,0,0,3,0,0,4,3,0,12,3,4,3,9,16,16,20,14,5,89,7,9,4,0,3,4,8,0,0,33,48,27,52,37,34,37,34,16,4,296,33,15,23,17,16,13,14,4,3,136,3,0,3,8,8,12,17,4,4,61,0,4,0,0,0,4,5,0,0,19,0,0,0,0,0,5,3,9,0,17,3,8,4,10,12,19,24,17,5,97,6,4,0,3,6,7,4,0,0,30,40,17,30,35,29,37,45,24,5,261,71,26,62,47,31,35,29,9,4,306,11,6,3,18,16,20,26,9,3,114,0,3,3,4,4,6,8,7,3,33,0,0,0,3,0,3,11,12,0,32,11,4,8,22,20,35,40,26,8,182,11,9,11,3,12,11,11,0,0,60
UCL221043,15,8,3,17,30,55,53,17,0,203,14,9,4,0,16,52,70,22,3,182,0,0,3,0,7,18,23,12,0,71,0,0,0,0,4,11,23,10,5,52,11,3,10,3,25,84,117,36,10,303,0,5,0,0,4,14,14,6,0,50,32,18,14,18,59,153,184,64,10,554,12,14,3,4,32,54,46,14,3,181,0,3,4,0,18,31,47,21,3,133,0,3,3,5,8,23,23,13,0,80,0,0,0,0,5,8,15,8,0,37,0,9,7,7,36,61,85,42,9,248,0,0,0,3,7,4,8,7,0,36,13,20,16,17,71,119,135,60,7,465,28,23,11,24,60,108,96,32,5,383,14,7,5,3,33,78,114,40,3,310,0,6,8,3,19,47,48,24,3,147,0,0,0,0,5,17,44,12,3,92,13,14,9,13,55,140,205,78,14,547,0,5,5,3,11,21,27,16,0,87
UCL221044,42,20,19,31,28,57,56,12,0,261,3,4,6,4,10,20,43,25,6,132,0,0,0,0,5,18,21,12,4,60,0,0,0,0,0,3,9,8,6,25,3,8,6,5,20,44,66,46,11,214,0,4,0,3,6,21,12,8,0,59,46,29,30,43,51,118,135,68,20,535,61,24,20,30,27,64,54,15,4,303,9,4,8,12,23,30,33,21,11,160,0,0,0,0,5,6,22,9,4,40,0,0,0,0,0,3,12,5,4,25,9,4,11,12,30,42,60,33,21,224,3,0,3,3,7,9,17,10,3,57,69,29,37,50,68,117,133,62,28,588,104,40,40,60,57,114,109,32,11,568,13,5,13,18,40,58,76,54,15,288,0,0,0,0,9,26,36,19,7,98,0,0,0,0,4,11,18,10,10,52,13,10,15,24,49,91,129,83,34,441,3,5,9,7,17,29,28,11,3,112
UCL221045,63,26,26,33,34,41,19,7,0,247,6,4,3,7,11,16,11,6,0,65,0,0,0,0,4,4,8,4,0,23,0,0,0,5,0,3,6,0,0,14,7,4,3,15,15,25,27,6,3,103,0,3,4,0,4,0,4,3,0,30,74,42,39,45,53,66,45,13,3,384,52,14,19,31,35,27,19,7,0,194,7,3,16,10,11,20,15,5,0,95,0,0,3,5,10,10,8,7,0,34,0,0,0,0,0,0,0,0,0,6,8,3,18,15,23,28,30,11,0,137,3,3,3,3,0,7,0,3,0,20,60,26,39,43,55,61,48,19,0,356,116,46,50,61,66,66,38,9,0,441,12,12,19,16,27,34,29,10,3,161,0,0,3,11,11,13,16,9,0,64,0,0,0,0,0,4,11,0,0,23,13,17,21,33,33,47,53,17,7,245,3,10,6,5,4,12,6,0,0,57
UCL221046,181,45,133,93,31,30,17,3,0,534,26,12,28,23,19,12,5,3,3,131,5,0,0,5,3,5,3,4,0,22,0,0,0,0,0,4,6,8,0,22,34,12,25,23,21,20,24,11,3,173,16,0,12,10,3,0,0,0,0,48,227,60,169,128,60,48,43,18,3,751,189,48,121,85,29,26,17,5,0,521,19,11,42,26,6,17,10,4,0,138,0,0,7,9,5,8,12,0,0,39,0,0,3,8,0,5,9,0,0,15,17,13,50,41,15,29,22,4,0,197,14,4,9,9,5,4,4,0,0,35,221,62,178,125,49,57,43,10,0,753,371,100,253,171,62,52,40,6,0,1056,45,23,66,44,24,26,16,12,5,266,7,0,7,14,10,11,16,4,0,61,3,0,0,8,0,9,11,8,0,39,51,23,77,63,35,49,46,18,3,372,24,5,13,22,9,5,4,0,0,82
UCL221047,46,43,23,38,35,23,11,3,0,224,8,3,5,6,9,9,13,3,0,56,0,0,0,0,0,0,4,0,0,17,0,0,0,0,0,0,5,0,0,8,8,3,3,6,13,11,16,4,0,72,9,3,0,4,3,6,4,3,4,28,66,49,27,45,53,40,35,10,4,329,55,24,16,29,41,15,8,6,0,204,6,5,11,4,10,10,11,0,0,59,0,0,0,0,5,4,0,0,0,24,0,0,0,0,0,0,7,0,0,8,6,8,11,10,16,23,22,5,4,93,0,0,3,3,0,5,0,0,4,22,63,37,28,40,59,40,34,5,5,317,106,67,39,65,76,38,22,3,0,429,17,7,11,12,16,20,17,4,0,114,0,0,0,0,8,10,10,9,0,37,0,0,0,0,0,0,6,0,0,10,17,11,17,10,30,30,35,13,4,163,10,4,4,9,3,10,9,3,8,50
UCL221048,33,27,14,15,21,15,13,4,0,147,7,3,3,0,3,5,11,5,3,52,0,0,0,0,4,0,4,0,4,17,0,0,0,0,0,0,0,3,0,9,7,3,3,7,7,11,18,7,6,78,3,0,3,6,0,3,0,0,0,16,48,31,24,26,30,28,30,16,11,240,39,18,27,14,21,14,13,9,0,160,3,7,5,6,10,9,16,10,3,65,0,0,3,0,4,5,5,0,0,24,0,0,0,0,0,0,4,0,0,8,3,11,9,10,10,13,19,16,6,95,0,5,0,3,0,3,0,0,0,20,51,30,34,31,31,34,36,27,5,275,75,41,42,34,40,34,31,15,0,306,8,8,13,11,14,14,29,16,6,111,0,0,3,0,3,4,10,4,3,41,0,0,0,3,0,5,4,3,0,16,14,12,14,16,19,22,39,27,10,170,9,5,0,8,0,3,3,4,0,36
UCL221049,71,24,16,42,35,27,10,3,0,235,8,4,4,8,7,12,13,7,0,67,0,0,0,5,5,0,4,0,0,14,0,0,0,0,0,0,7,0,0,8,8,6,4,11,11,14,24,6,0,88,3,0,0,6,0,5,0,0,0,13,85,37,28,59,48,42,35,10,5,335,78,28,25,40,30,25,21,3,0,241,6,6,7,15,16,16,3,3,0,73,0,4,0,3,5,0,0,0,0,27,0,0,0,0,0,0,0,0,0,4,16,4,8,23,17,22,6,9,0,103,0,3,4,3,0,0,0,0,0,15,89,38,34,59,52,40,31,6,0,359,149,54,41,76,62,52,31,7,0,477,21,8,12,23,24,26,21,3,0,141,0,3,0,8,8,4,5,4,5,38,0,0,0,0,0,0,7,0,0,6,23,8,16,31,31,26,34,14,5,192,9,4,5,8,0,4,3,0,0,27
UCL221050,52,28,22,18,29,29,18,14,0,210,4,3,9,9,12,15,19,14,8,91,0,0,6,0,4,4,13,5,0,38,0,0,0,0,4,7,15,12,0,30,4,3,12,11,21,31,46,23,9,159,6,5,0,0,6,7,6,10,0,38,59,41,42,34,53,60,71,43,14,410,41,15,18,23,28,28,24,5,0,181,6,6,9,5,12,16,21,9,4,95,0,3,3,0,4,10,15,4,0,42,0,0,0,0,4,4,11,4,0,25,6,13,17,4,23,35,37,12,8,160,3,0,0,5,0,5,6,4,4,33,54,32,33,34,52,63,75,19,18,369,93,45,43,43,57,48,44,19,0,391,14,13,20,10,28,35,39,17,9,186,0,3,4,0,12,12,29,4,6,73,0,0,3,0,8,15,22,14,0,53,14,15,27,15,41,61,86,36,15,310,7,5,10,5,10,7,15,11,3,74
UCL221051,55,33,23,19,30,31,19,4,0,211,12,10,0,9,10,14,21,13,5,98,6,0,0,6,3,11,5,5,4,35,0,0,0,0,0,8,10,8,0,18,11,13,5,15,13,31,35,23,10,150,12,9,5,0,4,0,4,0,3,36,72,53,27,34,46,67,61,32,6,401,45,19,18,16,25,18,24,4,0,183,11,11,12,11,10,18,19,13,0,114,0,3,0,3,8,6,9,5,3,38,0,0,0,0,3,0,7,3,0,19,11,12,12,13,19,30,43,25,8,168,6,0,3,0,4,5,4,3,6,24,59,38,40,37,47,48,67,42,11,371,97,55,42,35,54,51,45,17,0,397,19,18,12,28,19,32,47,26,8,210,6,5,0,3,8,18,13,12,5,78,0,0,0,0,3,10,13,6,0,36,19,25,17,31,33,57,80,47,16,321,12,10,8,4,8,8,7,3,4,58
UCL221052,49,19,19,16,23,27,8,3,0,171,3,4,3,0,8,12,5,3,0,40,0,0,0,0,0,3,4,0,0,17,0,0,0,0,0,0,0,0,0,8,4,5,6,4,8,18,12,4,0,66,0,3,0,0,8,7,3,0,0,23,55,24,25,26,34,47,23,8,0,261,44,15,32,17,23,27,8,0,0,168,7,5,8,6,4,13,5,5,0,51,0,0,3,0,5,5,5,0,0,10,0,0,0,0,0,3,0,3,0,9,7,5,6,7,6,18,16,9,0,78,0,0,0,3,0,10,3,0,0,17,55,26,38,21,34,53,29,9,0,264,97,38,55,37,47,54,19,3,0,335,12,11,10,10,13,21,14,9,0,95,0,0,8,0,3,9,9,5,0,35,0,0,0,0,0,3,6,3,0,13,12,11,16,15,18,38,31,12,4,142,3,3,4,7,8,10,6,0,0,45
UCL221053,33,15,14,14,21,35,40,19,0,193,5,5,3,3,14,15,32,20,3,102,0,0,0,7,3,8,15,3,0,29,0,0,0,0,0,5,9,3,0,20,5,5,3,8,14,28,56,31,3,153,4,0,0,0,0,5,3,7,0,22,45,21,22,20,40,68,99,56,6,367,37,12,11,20,20,34,38,11,3,193,3,4,4,4,17,22,38,17,5,100,0,3,5,0,5,5,12,7,0,43,0,0,0,0,0,0,12,5,0,17,3,7,7,6,19,29,56,28,4,162,0,3,0,3,0,6,6,3,0,20,41,17,17,33,49,65,99,47,10,381,69,29,22,32,45,70,79,33,4,385,9,9,12,5,21,39,67,39,8,206,0,3,5,3,7,12,31,14,3,77,0,0,0,0,0,9,18,11,0,38,13,7,13,17,33,54,111,55,9,322,4,3,0,3,0,11,9,8,5,45
UCL221054,55,23,19,19,21,23,20,9,0,195,8,5,4,10,9,11,25,9,0,81,0,0,0,3,0,9,9,6,0,32,0,0,0,0,0,8,8,0,0,9,8,5,5,13,11,26,39,23,0,124,0,3,0,0,4,5,9,0,0,21,62,26,24,31,34,52,67,23,6,338,40,11,18,23,25,20,25,9,0,173,0,6,10,6,5,11,10,10,0,68,0,0,0,0,0,11,15,3,3,28,0,0,0,0,0,3,7,5,0,17,0,6,10,6,4,26,27,20,3,109,9,3,0,4,0,11,10,0,0,35,53,22,27,37,40,55,62,22,5,318,93,33,39,42,49,42,46,13,5,362,14,10,11,15,17,27,35,24,0,145,0,0,0,6,4,18,22,14,5,64,0,0,0,0,0,7,11,4,0,27,14,10,12,20,21,53,66,41,6,235,9,4,0,3,4,13,13,0,0,53
UCL221055,77,23,23,39,34,12,8,3,0,216,5,7,4,13,6,13,9,0,3,62,0,0,0,0,0,0,3,0,0,14,0,0,0,0,0,0,0,4,0,4,5,7,4,13,10,16,16,4,4,76,9,3,0,3,3,6,0,6,0,28,90,32,25,54,51,34,23,13,5,320,95,25,19,43,30,20,11,0,0,243,3,6,4,9,11,9,6,0,0,60,0,0,0,0,4,4,0,0,0,14,0,0,0,0,0,0,0,0,0,6,3,4,4,8,18,17,5,9,3,75,3,0,0,7,4,4,0,0,0,18,108,31,27,59,53,39,15,7,3,338,174,46,41,80,70,39,13,8,0,459,11,9,12,21,22,24,13,3,3,120,0,0,0,0,7,10,3,3,0,23,0,0,0,0,0,0,0,4,0,10,11,10,12,23,32,31,18,7,8,155,13,3,0,7,9,10,0,6,0,43
UCL221056,36,11,21,13,16,14,5,5,0,115,10,8,7,3,5,10,13,4,0,56,0,0,0,0,0,7,12,8,0,28,0,0,0,0,0,4,5,9,0,30,10,12,10,3,5,23,29,20,7,121,7,9,3,4,7,4,0,6,0,46,52,27,37,23,29,45,45,24,8,283,33,12,21,13,14,8,4,0,0,105,4,4,6,8,9,9,6,3,4,54,0,3,0,4,5,9,3,6,0,31,0,0,0,0,6,5,0,5,3,19,4,3,8,11,20,22,15,13,9,102,12,4,7,5,3,4,3,0,0,41,50,15,35,31,38,37,22,14,9,253,69,20,41,32,26,27,12,3,4,221,11,12,18,13,11,17,21,8,3,111,0,3,0,4,5,15,18,13,0,61,0,0,0,0,4,8,6,10,5,50,11,14,20,17,23,43,47,30,11,221,15,7,12,10,13,16,6,4,0,91
UCL221057,76,29,28,38,30,22,8,0,0,227,18,8,3,17,11,21,14,4,3,92,6,3,0,0,4,8,5,0,0,29,0,0,0,0,3,0,0,3,0,14,21,8,3,18,21,24,20,8,0,137,5,6,6,7,5,3,5,0,0,33,105,45,35,60,50,48,39,14,0,394,60,24,34,38,33,24,17,3,0,230,8,8,4,8,12,25,4,3,0,80,0,0,5,8,9,0,6,0,0,33,0,0,0,0,0,8,3,0,0,13,8,9,11,13,22,35,14,10,0,123,14,5,4,7,4,3,0,0,0,41,87,35,45,67,56,57,29,12,0,396,137,54,59,78,59,47,24,6,0,458,27,14,11,28,27,46,15,7,3,171,8,7,3,5,12,8,11,0,0,57,0,0,0,4,7,8,4,11,0,27,30,18,20,31,46,61,40,22,8,259,22,12,5,20,3,7,7,0,0,75
UCL221058,46,22,17,24,20,9,12,4,0,148,0,3,0,7,9,12,12,3,0,54,0,0,0,0,0,8,3,3,0,19,0,0,0,0,0,0,0,0,0,0,0,3,0,9,8,18,17,8,0,74,0,0,0,3,4,0,0,0,0,15,48,24,20,32,32,28,31,18,0,238,61,7,15,29,27,22,15,3,3,163,7,3,4,5,9,10,12,3,0,48,0,0,0,5,4,0,3,0,0,17,0,0,0,0,4,0,4,0,0,9,7,7,4,9,16,8,18,5,0,73,6,4,0,0,0,3,4,0,0,22,75,19,21,39,39,30,30,12,3,262,106,26,31,55,46,28,23,3,3,317,10,6,9,8,14,16,20,10,0,102,0,0,0,4,5,7,6,7,0,35,0,0,0,0,4,0,4,0,0,8,10,12,9,18,21,27,31,22,0,142,13,7,0,8,11,3,5,3,0,36
UCL221059,66,23,32,35,33,25,14,7,0,237,3,3,4,11,12,13,16,7,0,66,0,0,0,0,0,4,8,4,0,18,0,0,0,0,0,0,4,4,0,5,3,3,4,11,9,17,25,12,0,94,5,10,0,4,8,9,7,0,0,30,68,31,39,49,52,55,45,23,9,362,55,31,34,44,41,26,23,9,0,267,3,4,4,18,12,13,14,6,6,82,0,0,0,0,0,7,7,10,0,26,0,0,0,0,0,3,0,7,0,13,3,4,3,15,13,24,22,20,5,117,4,0,0,0,7,3,5,0,0,24,66,30,46,60,62,58,49,28,7,411,121,48,66,80,78,53,35,17,0,501,7,8,11,26,24,28,29,15,5,150,0,0,0,0,3,11,12,9,3,41,0,0,0,0,0,5,3,6,0,18,7,8,14,23,23,47,52,31,12,212,5,10,0,0,10,12,10,3,0,57
UCL221060,11,10,0,5,13,28,45,14,3,131,0,0,4,4,4,10,37,20,3,82,0,0,0,0,3,3,7,13,3,27,0,0,0,0,0,0,3,10,5,24,0,0,4,3,7,20,49,41,13,134,0,0,0,0,0,3,10,8,0,19,15,9,5,12,21,47,104,56,10,283,10,6,10,10,16,21,39,12,0,131,0,0,3,3,6,18,33,25,4,89,0,0,0,0,3,12,15,5,0,40,0,0,0,0,0,6,9,4,3,26,4,0,4,3,12,32,57,37,10,154,0,0,0,0,0,7,12,3,0,17,10,7,16,14,26,60,104,54,10,301,21,17,8,17,29,43,89,32,5,260,3,0,3,5,12,30,70,45,6,174,0,0,0,0,8,17,23,15,3,67,0,0,0,0,0,11,15,13,6,45,3,0,6,8,16,52,110,75,17,291,0,0,6,0,0,10,13,4,0,39
UCL221061,25,17,11,21,20,42,43,10,0,185,7,0,6,12,8,26,35,9,0,96,0,0,0,0,0,3,12,7,0,32,0,0,0,0,0,3,8,7,3,22,7,0,7,12,8,29,55,26,3,146,0,6,3,3,0,5,15,3,0,35,41,21,14,34,31,76,112,41,6,369,16,18,10,14,20,46,36,10,3,178,6,4,3,9,12,22,31,9,5,95,0,0,0,0,0,3,8,10,0,27,0,0,0,0,0,10,9,0,0,15,6,3,3,9,14,33,45,15,5,136,9,0,0,9,3,10,14,3,0,43,28,30,12,27,34,88,101,29,10,362,44,35,26,34,40,88,80,21,4,365,11,5,3,16,21,44,64,26,5,190,0,3,3,0,0,9,23,15,0,58,0,0,0,0,0,8,12,8,3,36,11,7,10,16,20,69,104,45,10,284,13,3,3,12,3,14,28,5,0,79
UCL221062,37,19,16,18,34,37,35,14,6,216,4,11,5,10,15,22,41,17,7,124,0,6,0,0,3,0,14,19,8,47,0,0,0,0,0,8,8,5,9,34,4,8,5,11,13,34,66,34,21,202,4,4,3,4,8,11,15,5,3,58,54,37,24,37,60,85,120,47,28,483,51,18,17,19,32,35,22,14,4,204,12,8,14,12,15,25,25,24,6,138,0,0,3,0,5,5,18,15,4,50,0,0,0,0,5,3,13,10,4,49,13,8,20,15,25,42,57,46,17,236,8,6,4,6,5,8,4,0,3,51,74,25,40,34,62,79,89,61,20,491,90,36,35,35,67,66,57,24,6,420,19,15,17,21,31,47,66,37,13,261,0,6,3,0,8,16,31,29,11,104,0,0,0,0,3,15,22,18,18,77,16,18,22,26,40,74,123,80,37,436,17,6,3,11,10,23,27,9,0,112
UCL221063,27,29,14,11,17,16,20,4,0,142,8,0,8,9,9,19,7,9,4,69,0,0,0,6,0,4,9,0,0,21,0,0,0,0,4,3,8,5,5,26,8,0,8,10,14,30,27,13,5,117,0,8,9,0,3,6,4,3,0,36,42,36,29,25,33,46,50,22,8,294,35,18,14,9,20,18,16,6,0,129,3,3,8,7,4,7,9,8,9,57,0,0,0,3,4,12,8,7,9,41,0,0,0,0,0,9,4,0,6,20,5,0,11,7,6,27,21,14,16,119,0,0,6,0,3,5,0,0,3,21,41,22,30,17,26,53,34,22,21,269,65,43,26,25,32,30,31,11,4,269,6,3,17,13,8,28,17,17,8,123,3,0,0,7,4,19,17,9,6,68,0,0,0,0,0,15,13,9,8,42,12,3,19,24,17,61,44,30,22,237,5,8,12,0,7,6,9,8,5,58
UCL221064,58,28,44,31,33,20,0,0,0,223,13,9,10,16,14,9,3,0,0,69,0,0,0,3,0,4,0,5,0,7,0,0,0,0,0,0,7,0,0,8,13,9,12,18,12,10,7,3,0,93,8,4,0,3,5,3,4,0,0,26,80,45,49,59,49,40,16,6,0,339,64,24,36,32,26,13,11,0,0,210,12,10,15,15,15,14,8,0,0,83,0,4,6,0,11,4,6,0,0,25,0,0,0,0,0,4,0,0,0,9,12,10,21,14,20,20,19,8,0,118,6,0,3,5,6,3,0,0,0,25,81,41,59,53,52,38,23,6,0,355,121,59,79,64,51,39,11,3,0,435,21,20,24,27,21,19,18,5,0,154,0,4,4,4,7,5,4,3,0,33,0,0,0,0,0,7,8,5,0,17,21,24,29,32,32,32,25,12,0,205,12,4,3,9,11,5,4,0,0,53
UCL221065,37,14,14,15,23,31,23,7,5,171,0,0,0,5,0,15,19,12,0,43,0,0,0,0,0,5,0,6,0,23,0,0,0,0,0,3,4,0,0,4,0,0,0,5,3,18,22,17,8,70,0,0,5,3,0,0,5,3,3,14,42,20,16,18,29,48,50,27,13,259,28,6,11,11,26,22,27,12,24,173,0,5,5,4,5,13,17,8,0,50,0,0,0,0,0,3,3,6,0,12,0,0,0,0,0,0,0,3,0,10,0,5,5,0,5,17,16,14,0,71,0,0,0,0,0,0,5,0,0,11,28,9,16,16,30,43,51,32,29,253,66,18,24,25,50,50,49,25,31,345,0,5,5,5,3,25,35,21,3,101,0,0,0,0,0,7,4,5,0,36,0,0,0,0,0,0,3,6,0,10,0,5,5,8,9,39,43,34,8,143,0,0,4,4,0,0,4,5,3,26
UCL221066,54,35,28,30,24,18,16,4,0,209,22,7,10,17,13,11,15,3,0,90,0,0,0,3,0,12,4,8,0,29,0,0,0,0,0,0,12,0,0,17,22,11,13,21,18,19,27,8,0,133,14,7,8,0,4,11,4,0,0,48,85,50,43,51,42,47,44,18,0,393,63,29,27,18,27,11,14,0,0,200,9,10,0,9,8,12,11,6,0,58,0,0,5,8,3,8,6,3,0,29,0,0,0,3,6,10,3,3,0,21,9,10,10,17,19,18,24,5,0,111,9,6,3,6,7,3,4,0,0,33,75,45,41,42,53,39,38,12,0,342,117,67,55,50,53,30,25,9,0,404,29,15,10,27,21,20,26,8,0,150,0,0,7,10,7,13,13,4,0,62,0,0,0,3,10,12,10,0,0,35,29,18,22,39,31,42,47,18,0,244,18,13,8,4,11,15,7,4,0,80
UCL221067,51,26,30,25,26,16,15,4,0,182,8,3,8,8,9,11,10,6,0,59,0,4,4,0,3,3,13,0,0,24,0,0,0,0,0,3,3,0,0,13,8,11,12,6,14,13,22,9,0,98,8,5,0,0,7,3,11,0,0,28,68,37,39,36,38,38,41,10,3,306,44,20,24,16,19,17,9,3,0,149,14,3,6,9,3,17,3,0,0,59,0,7,3,4,4,3,6,0,0,26,0,0,0,0,0,0,4,0,0,9,14,8,11,14,13,20,15,0,4,93,5,0,0,3,3,3,0,0,0,17,62,26,34,34,29,36,25,5,3,261,88,44,52,42,44,35,18,3,0,328,23,11,19,14,13,30,14,3,0,123,0,5,9,7,7,3,17,0,0,53,0,0,0,3,3,4,5,0,0,19,23,19,24,20,20,35,39,6,5,194,11,5,3,0,10,5,11,0,0,48
UCL221068,50,12,19,26,12,17,12,0,0,152,10,6,5,11,9,9,13,4,0,60,0,0,5,3,3,4,3,0,0,22,0,0,0,0,0,0,0,3,0,9,10,3,10,13,17,12,15,4,0,82,6,0,0,0,5,0,5,0,0,19,63,19,32,43,31,28,35,4,0,260,46,21,25,27,19,19,10,0,0,163,10,5,7,13,3,8,3,0,0,53,0,0,0,8,0,10,4,0,0,24,0,0,0,0,0,0,4,6,0,10,9,8,10,14,8,20,10,0,4,85,6,4,6,8,0,7,6,0,0,26,65,30,38,51,24,45,22,7,4,274,98,30,39,54,32,33,25,0,0,315,18,9,12,18,16,18,17,7,0,113,0,4,4,9,3,16,3,6,0,46,0,0,0,4,0,3,7,5,0,16,18,15,17,29,19,34,26,8,4,173,9,7,10,8,5,7,9,0,0,50
UCL221069,84,38,40,43,43,54,21,3,0,330,12,3,7,10,12,31,16,4,3,100,0,3,0,3,0,4,5,5,0,24,0,0,0,0,0,0,5,3,0,12,12,9,10,13,13,39,30,15,0,136,13,3,0,10,3,9,4,4,0,42,101,54,48,61,63,102,53,20,3,513,66,29,33,30,34,48,19,0,0,258,6,6,11,11,23,17,19,11,0,105,0,0,0,3,4,10,8,4,0,39,0,0,0,0,5,7,4,7,0,17,6,6,14,13,36,38,29,18,5,159,7,10,4,8,11,3,3,0,0,52,75,40,49,55,76,83,56,25,5,468,142,68,70,72,81,102,38,10,0,592,15,7,19,25,36,50,30,12,4,197,0,3,4,4,5,17,21,9,0,66,0,0,0,0,5,7,13,6,0,32,19,7,21,28,44,71,64,29,6,298,17,13,0,21,13,10,9,7,0,95
UCL221070,68,30,44,26,32,39,30,22,3,297,5,6,0,9,11,24,17,12,5,96,0,5,0,0,3,9,7,8,4,33,0,0,0,0,0,8,6,3,5,32,5,7,4,10,20,35,35,21,11,161,6,0,3,3,5,5,11,5,7,50,83,43,56,40,54,77,72,50,24,500,73,29,34,23,25,31,26,10,3,255,5,11,11,20,16,14,19,10,12,120,0,0,0,0,4,11,16,3,6,44,0,0,0,0,3,8,12,6,16,46,5,13,11,21,26,40,41,24,32,215,3,0,5,8,3,3,5,4,15,48,77,43,48,51,56,69,77,43,55,520,140,61,75,55,57,67,49,37,10,545,16,21,16,25,30,37,40,21,16,213,0,4,3,0,10,16,23,14,5,80,0,0,3,0,11,16,16,10,27,80,16,21,14,28,43,73,76,53,45,369,9,4,10,7,8,6,10,11,23,98
UCL221071,61,33,26,19,35,34,21,15,4,253,15,12,5,8,5,23,17,13,5,96,0,0,0,3,4,0,7,6,3,26,0,0,0,0,0,0,5,4,0,7,15,13,9,15,5,24,24,18,8,123,8,6,6,5,3,4,6,5,6,42,76,54,36,40,43,62,51,39,16,416,47,32,26,22,30,29,25,16,8,231,5,9,7,4,8,15,15,19,4,93,0,0,0,3,5,6,11,4,6,35,0,0,0,0,0,4,4,0,6,19,5,9,5,5,16,19,24,26,13,139,4,6,3,4,0,5,4,7,4,43,53,44,34,41,53,56,60,47,24,408,103,65,54,48,69,67,47,24,10,485,15,20,15,11,12,37,31,31,13,183,0,0,3,5,9,4,11,15,12,54,0,0,0,4,0,4,6,6,3,21,15,20,16,18,23,50,51,52,22,258,10,16,5,14,3,4,13,12,11,81
UCL221072,36,17,23,20,11,21,12,0,0,137,8,4,6,9,9,5,16,3,0,58,0,0,0,3,0,9,6,0,0,18,0,0,0,0,0,3,0,0,0,6,8,3,6,10,6,15,26,10,0,82,12,0,0,7,0,3,3,0,0,32,49,21,33,36,18,39,44,9,0,254,38,18,31,17,11,26,11,3,0,152,6,3,6,0,4,7,5,0,0,38,0,0,3,3,5,3,3,0,0,20,0,0,0,0,0,0,3,0,0,9,6,3,8,9,10,15,21,5,0,68,14,0,5,4,0,6,7,0,0,39,60,21,45,30,19,48,35,5,0,258,75,32,58,36,22,41,21,3,0,289,12,4,12,8,12,17,20,8,0,92,0,0,3,3,3,12,14,3,0,39,0,0,0,0,0,3,13,0,0,18,12,9,16,18,17,33,41,8,0,154,27,3,11,9,3,9,11,0,0,67
UCL221073,42,32,18,28,28,27,8,4,0,186,7,3,5,6,6,9,9,3,0,38,0,0,0,0,6,3,3,0,0,11,0,0,0,0,0,0,5,0,0,3,10,3,5,3,10,10,14,3,0,53,3,4,0,0,0,3,0,0,0,11,53,40,23,34,36,39,22,7,0,248,40,35,17,27,26,19,9,3,0,172,3,10,5,4,11,11,7,3,0,54,0,0,0,0,8,0,8,0,0,13,0,0,0,0,7,0,7,0,0,6,3,7,5,4,14,12,16,3,0,79,0,0,0,0,0,3,0,4,0,10,44,46,20,29,45,31,24,3,0,256,83,69,32,51,55,40,20,3,0,353,15,12,7,13,17,16,15,6,0,95,0,0,0,0,6,4,9,0,0,25,0,0,0,0,7,0,3,0,0,10,13,11,7,10,24,26,29,6,0,130,3,3,0,0,0,4,0,4,0,22
UCL221074,54,16,12,27,22,48,26,14,0,213,0,5,3,4,13,17,34,18,5,101,0,6,0,0,0,5,13,8,0,32,0,0,0,0,0,4,5,3,0,14,0,4,3,9,18,23,51,30,4,152,5,4,4,3,4,6,8,10,7,48,70,18,15,36,50,74,80,50,11,406,28,16,20,24,32,48,35,15,0,221,3,3,6,6,10,24,24,14,4,90,0,0,0,0,3,9,12,11,0,43,0,0,0,0,0,0,9,3,0,21,3,7,6,6,16,33,46,24,6,154,3,0,0,0,6,8,3,11,20,48,35,20,26,35,55,93,84,54,24,426,82,28,30,50,56,88,56,28,0,436,8,7,9,10,27,34,56,32,9,192,0,4,0,0,11,22,23,14,0,78,0,0,0,0,0,0,15,10,0,34,8,8,12,17,35,58,94,60,11,302,14,3,5,4,6,11,15,14,23,94
UCL221075,46,21,21,25,36,45,42,12,5,241,5,0,4,4,11,14,31,14,0,91,0,0,0,3,0,5,8,8,5,29,0,0,0,0,0,0,5,6,0,15,5,6,7,7,11,19,46,32,8,136,4,4,0,0,3,6,7,4,0,24,52,26,24,32,49,76,92,44,8,404,47,11,18,34,22,56,34,15,0,237,7,0,8,9,16,20,27,12,3,98,0,0,0,0,6,0,13,5,6,40,0,0,3,0,0,3,4,9,0,23,6,5,14,3,22,25,49,31,10,160,5,0,0,0,3,7,10,0,0,30,53,17,27,40,49,94,93,45,10,424,89,30,32,56,61,105,73,30,8,483,13,3,12,8,27,34,57,25,6,186,0,0,4,5,6,3,21,17,7,66,0,0,3,0,0,3,16,18,0,40,10,8,17,12,32,42,98,59,13,295,6,3,0,3,5,13,18,3,0,53
UCL221076,37,12,21,21,36,54,47,8,0,247,0,0,5,6,17,24,28,10,4,98,0,0,0,3,0,8,20,17,0,52,0,0,0,0,0,8,9,7,0,29,0,4,8,10,23,42,62,32,10,186,4,0,8,3,4,15,9,6,7,50,42,17,28,36,60,108,116,47,14,479,32,9,15,28,23,48,41,14,0,217,3,3,13,9,14,22,31,7,0,97,0,0,3,4,9,11,10,6,0,45,0,0,0,0,4,9,7,5,6,29,4,3,16,12,26,41,50,21,3,166,3,4,3,4,0,7,12,4,0,41,42,14,34,42,49,95,100,38,3,426,74,24,31,54,62,102,89,25,0,466,4,9,19,13,33,42,62,17,4,198,0,0,6,4,9,20,29,17,0,97,0,0,0,0,3,13,15,15,4,55,5,8,20,22,48,85,108,46,12,345,10,4,10,5,4,24,16,13,3,92
UCL221077,39,20,13,12,22,25,28,11,0,173,0,0,3,12,8,11,24,12,8,77,0,0,0,0,3,6,7,7,0,36,0,0,0,0,0,0,9,7,3,27,5,0,3,12,17,25,39,25,11,135,5,6,5,0,8,0,9,7,0,38,48,22,15,26,44,51,71,43,18,345,34,13,10,25,14,37,23,4,5,164,4,0,11,9,12,24,14,17,11,104,0,0,3,0,4,12,9,7,8,50,0,0,0,0,0,0,3,3,6,19,4,0,9,11,20,41,30,26,28,169,8,5,0,4,4,15,5,0,4,35,41,21,25,37,32,91,58,37,32,375,76,29,25,32,33,61,47,19,12,338,0,0,14,16,24,41,38,26,19,185,0,0,3,3,13,19,25,11,9,84,0,0,0,3,0,5,6,15,5,45,5,0,13,26,34,61,71,52,39,304,9,13,5,6,5,17,7,7,4,78
UCL221078,35,24,24,26,17,18,14,3,0,172,6,4,6,12,10,10,10,3,0,64,0,4,0,3,5,10,3,8,0,26,0,0,0,0,0,0,5,4,0,11,10,6,6,10,18,21,12,9,0,98,5,0,9,3,0,4,0,0,0,19,49,29,44,44,37,44,27,18,0,292,28,15,26,16,23,21,14,0,0,143,4,15,6,8,11,11,10,0,0,67,0,0,0,3,11,5,8,0,0,22,0,0,0,0,0,4,0,0,0,7,4,16,6,11,25,17,15,0,3,92,8,0,4,4,3,0,0,0,0,17,37,30,36,32,47,41,27,3,5,256,69,36,50,48,43,43,25,3,0,317,11,12,17,21,25,23,18,10,0,123,0,4,0,5,10,11,10,8,0,53,0,0,0,0,4,9,5,4,0,20,7,13,15,18,41,36,28,11,4,194,14,0,11,9,3,5,6,0,0,34
UCL221079,21,12,9,15,17,19,18,11,3,122,9,0,3,4,12,21,19,8,0,80,0,0,0,0,0,13,10,7,3,44,0,0,0,4,4,9,12,10,0,42,13,6,6,8,17,40,41,26,7,156,6,3,0,0,4,11,5,5,0,39,35,16,19,19,44,65,68,44,6,313,35,12,14,8,13,24,14,12,7,147,5,5,11,3,9,10,24,6,3,75,0,4,0,0,7,9,6,3,0,41,0,0,0,0,7,12,5,7,0,39,5,3,7,3,23,37,41,20,7,144,8,4,0,5,7,9,0,3,0,43,47,23,25,19,41,65,64,37,12,337,56,24,25,23,31,45,34,22,5,268,11,3,12,3,24,31,36,24,4,151,0,0,4,3,11,20,23,11,3,77,0,0,6,5,10,21,18,19,3,74,10,11,13,9,38,73,85,43,6,306,11,9,3,7,12,14,7,8,0,81
UCL221080,24,14,13,32,24,25,14,8,0,159,3,3,4,3,0,14,18,5,3,56,0,0,0,4,4,3,4,6,0,27,0,0,0,0,0,8,4,7,0,16,3,3,4,4,7,23,28,22,6,102,0,0,0,0,0,4,0,3,0,22,35,23,20,34,38,58,46,36,3,288,29,11,15,26,21,24,21,0,4,150,3,8,4,8,20,12,12,7,0,73,0,0,0,0,4,9,11,7,0,27,0,0,0,0,0,5,6,0,0,22,3,8,4,10,25,24,28,17,4,117,0,0,0,0,5,0,4,4,0,13,35,18,17,32,45,45,54,19,10,284,55,26,32,54,43,54,39,5,4,309,11,7,6,7,24,26,28,21,3,135,0,0,0,5,7,11,15,13,3,53,0,0,0,0,0,12,11,5,0,36,10,7,6,12,30,44,56,38,9,226,0,4,0,0,6,4,5,4,0,32
UCL221081,29,14,14,9,20,24,17,15,0,148,3,3,4,0,8,12,18,3,7,58,0,4,0,0,4,0,3,0,0,20,0,0,0,0,3,6,4,3,0,16,3,5,7,0,12,19,26,15,6,95,0,3,0,3,6,4,6,6,7,31,40,19,24,19,38,47,44,32,18,280,31,5,22,9,18,22,22,10,0,141,0,9,8,0,9,12,5,10,7,55,0,0,0,0,5,3,10,0,0,31,0,0,0,0,0,3,0,9,0,20,4,8,9,0,13,16,17,23,9,102,3,0,0,4,5,5,3,7,12,34,34,19,27,14,37,45,43,43,25,281,66,24,41,24,42,48,33,27,0,296,5,11,10,3,11,19,28,13,4,111,0,4,0,0,13,4,13,7,3,52,0,0,0,0,5,6,4,13,6,34,7,11,14,3,24,35,47,33,15,200,3,3,0,7,10,9,6,12,19,69
UCL221082,62,47,51,56,49,29,11,0,0,304,10,0,7,14,10,10,9,6,0,70,0,0,0,4,3,6,5,0,0,17,0,0,0,0,0,0,0,0,0,0,10,0,8,20,16,17,14,6,0,89,6,7,15,15,5,10,0,0,0,52,77,55,71,91,67,54,28,10,0,454,59,55,49,44,54,40,8,0,0,311,3,8,16,13,15,13,8,3,0,84,0,5,0,3,4,0,7,0,0,18,0,0,0,0,3,3,3,0,0,11,3,18,18,18,23,22,12,3,0,115,8,15,7,6,14,6,6,0,0,59,68,90,79,70,91,66,22,4,0,487,119,95,105,106,100,66,15,0,0,616,9,12,24,27,30,17,21,11,0,151,0,5,4,3,8,8,12,0,0,41,0,0,0,0,3,10,6,0,0,19,9,21,26,36,37,38,31,9,0,208,8,29,18,21,21,12,4,0,0,115
UCL221083,85,31,32,36,37,44,32,10,3,309,8,7,0,9,13,29,24,17,6,125,3,4,0,0,0,7,10,11,8,37,0,0,0,0,0,0,4,7,6,20,16,8,0,14,15,33,37,32,20,176,7,0,0,4,3,3,0,0,6,35,101,50,32,48,56,84,73,48,30,523,79,22,31,45,46,54,26,16,3,327,11,6,6,13,16,27,34,19,15,137,0,0,0,7,3,4,12,15,15,59,0,0,0,0,5,0,6,3,10,29,11,6,6,19,24,38,51,40,43,222,7,5,0,4,4,3,9,3,5,42,98,29,38,72,71,95,81,59,51,596,167,53,64,84,80,98,57,28,8,633,17,10,7,22,28,55,59,36,27,259,3,4,0,6,7,10,19,26,22,100,0,0,0,0,5,3,7,11,15,42,19,18,7,28,40,65,88,72,61,404,12,6,3,9,5,9,9,4,10,73
UCL221084,79,32,47,38,25,26,17,4,5,274,4,14,13,5,5,13,8,3,3,73,0,0,0,5,3,3,10,7,0,18,0,0,0,0,0,0,5,3,3,14,4,14,16,6,7,19,23,12,4,109,4,5,10,3,4,0,6,0,4,34,89,47,71,49,38,48,48,18,9,411,66,23,46,36,26,30,12,8,6,245,4,11,15,7,11,15,10,10,5,90,0,0,4,4,4,5,10,7,7,35,0,0,0,0,0,3,5,4,0,16,8,10,18,13,19,26,28,20,3,146,0,0,0,0,0,4,8,4,0,22,77,32,63,41,42,62,48,26,10,411,145,52,97,75,48,58,33,11,5,516,13,19,30,13,17,34,25,13,4,168,0,0,0,3,5,6,15,11,3,51,0,0,0,0,0,9,13,9,3,33,11,24,34,16,24,44,49,31,13,251,10,8,11,3,6,10,15,4,4,58
UCL222001,19,15,5,5,20,20,10,3,0,101,0,4,0,0,0,8,6,3,0,21,0,0,0,0,0,0,5,0,0,7,0,0,0,0,0,0,0,0,0,3,0,0,0,0,0,7,14,3,0,30,3,0,0,0,0,0,0,0,0,7,23,21,7,5,26,29,20,10,0,138,17,18,7,4,23,19,7,5,0,93,3,0,0,3,0,4,10,6,0,23,0,0,0,0,3,3,3,0,0,9,0,0,0,0,0,3,0,0,4,0,3,0,0,3,5,4,9,3,4,34,0,0,0,0,4,0,0,0,0,16,16,22,8,9,27,27,16,10,4,139,39,29,14,7,43,38,15,9,0,198,0,4,4,5,7,6,14,3,0,44,0,0,0,0,3,0,9,0,0,17,0,0,0,0,0,6,0,0,4,8,0,0,6,5,4,17,22,8,3,66,0,0,4,0,11,0,0,4,0,20
UCL222002,26,13,3,21,24,18,10,12,4,142,0,0,4,9,8,11,11,3,0,42,0,0,0,0,0,5,6,5,0,13,0,0,0,0,0,0,4,0,0,4,0,0,4,9,12,9,21,6,0,55,0,0,6,0,3,7,0,0,0,13,33,21,14,29,36,37,29,14,7,211,38,12,4,27,24,23,11,7,0,149,6,0,4,0,3,6,8,3,0,37,0,0,0,0,4,0,3,0,4,8,0,0,0,0,0,0,0,0,0,0,6,0,4,4,5,9,14,7,5,49,0,0,0,0,0,0,0,0,0,9,43,16,7,30,33,37,23,14,3,206,62,29,11,46,51,43,21,20,3,289,8,4,4,12,12,12,19,4,4,78,0,0,0,0,7,4,7,4,4,25,0,0,0,0,0,0,3,0,0,3,8,4,7,13,16,19,31,8,3,103,0,0,6,0,3,6,0,0,0,17
UCL222003,40,11,21,13,11,13,3,0,0,110,3,5,5,0,3,0,9,6,0,38,0,0,0,0,0,0,4,0,0,8,0,0,0,0,0,0,7,3,0,4,3,5,5,0,3,6,17,3,0,56,5,0,0,0,0,3,0,0,0,23,53,15,32,16,16,20,26,10,0,188,35,10,14,12,8,12,3,4,0,97,4,0,11,0,0,9,5,0,0,32,0,0,3,3,0,5,0,0,0,13,0,0,0,0,3,0,5,0,0,3,4,0,15,3,8,12,10,3,0,50,0,0,4,0,0,5,0,0,0,15,35,13,31,19,15,23,13,7,3,161,74,16,36,25,16,23,12,5,0,208,9,7,12,6,11,15,10,9,0,68,0,0,4,3,0,5,4,0,0,20,0,0,0,0,3,0,4,3,0,10,9,7,19,4,9,16,21,13,0,101,5,0,8,0,0,5,3,0,0,36
UCL222004,3,0,6,3,0,0,0,0,0,15,0,0,0,0,0,0,0,0,0,0,0,0,0,0,0,0,0,0,0,0,0,0,0,0,0,0,0,0,0,0,0,0,0,0,0,0,0,0,0,0,3,0,0,0,0,0,0,0,0,6,8,6,6,4,0,0,5,0,0,20,0,3,3,0,0,0,0,0,0,9,0,0,0,0,0,0,0,0,0,0,0,0,0,0,0,0,0,0,0,0,0,0,0,0,0,0,0,0,0,0,0,0,0,0,0,0,0,0,0,0,0,0,0,3,0,0,0,0,0,3,0,3,6,3,0,0,0,0,0,13,3,3,7,6,0,0,0,0,0,20,0,0,0,0,0,0,0,0,0,0,0,0,0,0,0,0,0,0,0,0,0,0,0,0,0,0,0,0,0,0,0,0,0,0,0,0,0,0,0,0,4,0,0,5,0,0,0,0,0,12
UCL222005,5,5,6,7,9,11,10,0,0,66,0,0,3,3,4,8,8,0,0,29,0,0,0,0,0,0,0,4,3,10,0,0,0,0,0,0,0,0,0,0,0,0,5,0,4,11,7,4,3,40,0,0,0,0,0,0,0,0,0,8,11,6,16,11,7,24,19,4,5,108,15,5,3,7,10,6,6,0,0,54,0,5,3,3,3,4,3,0,3,22,0,0,0,7,4,0,10,0,0,16,0,0,0,0,0,0,0,0,0,9,0,5,3,3,10,4,11,4,3,42,5,0,0,0,0,0,4,0,0,10,18,7,9,13,17,13,22,6,3,108,27,11,11,15,14,22,15,0,0,121,0,3,9,8,4,8,13,0,3,50,0,0,0,4,4,3,6,5,3,26,0,0,0,0,0,0,5,0,0,5,0,3,6,11,10,20,25,8,6,79,0,0,0,0,0,5,9,0,0,17
UCL222006,29,8,7,16,24,23,16,3,3,129,0,4,0,4,0,5,7,5,0,36,0,0,0,0,0,3,0,0,0,16,0,0,0,0,0,0,0,0,0,4,0,4,0,3,0,14,14,6,0,52,0,0,0,0,0,5,3,0,0,8,31,12,13,23,28,41,35,9,5,191,35,12,12,21,13,22,19,5,0,121,0,0,5,5,3,7,8,7,0,36,0,0,0,3,0,10,4,3,0,25,0,0,0,0,0,0,4,0,0,5,0,0,5,13,12,12,15,13,0,65,0,0,0,0,0,3,4,0,0,16,38,15,14,31,19,39,37,13,0,203,58,26,21,30,37,49,33,6,3,253,4,4,4,14,3,17,19,10,0,69,0,0,0,3,0,12,11,7,0,38,0,0,0,0,0,0,5,5,0,12,4,6,4,18,12,28,31,13,0,119,5,6,0,0,5,6,6,0,0,26
UCL222007,9,3,6,3,9,13,3,3,0,56,3,0,0,0,3,8,5,0,0,26,0,0,0,0,0,0,3,0,0,9,0,0,0,0,0,3,0,0,0,4,3,0,0,0,3,11,11,0,0,37,0,0,0,4,3,0,0,0,0,10,13,7,7,12,17,23,15,3,0,104,10,4,0,8,7,10,13,6,0,53,0,0,4,0,3,9,5,0,4,27,0,0,0,0,5,4,0,0,0,17,0,0,0,0,0,0,0,0,0,4,0,0,3,5,7,14,10,4,4,45,0,0,0,0,0,0,0,0,0,11,15,4,8,8,17,25,17,0,4,97,23,6,7,15,18,23,11,7,0,105,3,3,6,3,6,14,14,3,4,58,0,0,0,0,4,4,3,0,0,20,0,0,0,0,0,3,6,0,0,10,3,3,3,10,12,25,20,8,0,82,0,0,0,4,4,4,0,0,0,12
UCL222008,25,13,11,17,23,14,13,3,0,111,7,0,3,9,8,13,4,0,0,45,0,0,0,0,5,0,0,0,0,15,0,0,0,0,0,0,5,0,0,3,8,0,3,6,13,19,10,5,0,64,3,0,0,3,3,3,0,0,0,18,36,16,15,31,40,35,20,9,0,196,21,10,11,20,20,12,13,0,0,107,0,0,3,8,12,3,3,3,0,39,0,0,0,0,9,8,4,0,0,16,0,0,0,0,0,0,0,0,0,3,0,0,3,8,17,17,9,6,0,61,3,0,0,3,9,0,4,0,0,16,25,8,13,25,47,30,17,6,0,184,51,20,17,34,44,28,23,3,0,219,9,0,11,15,20,18,6,10,0,83,0,0,0,4,6,8,4,0,0,30,0,0,0,0,0,0,5,0,0,11,11,0,11,17,30,33,17,13,0,125,9,0,0,4,13,10,3,0,0,36
UCL222009,19,7,18,9,12,15,8,5,0,94,0,4,0,0,4,9,16,7,0,40,0,0,0,0,0,3,6,0,0,16,0,0,0,0,0,0,7,4,0,11,0,4,5,0,0,10,22,13,0,64,4,4,3,0,0,0,3,5,0,18,23,21,21,15,18,24,34,19,0,166,17,6,12,11,9,13,9,3,3,80,3,0,7,0,0,5,8,4,3,37,0,0,0,5,6,8,8,7,0,28,0,0,0,0,0,6,0,0,0,6,3,0,7,8,3,17,15,14,3,67,0,0,0,0,0,0,5,0,0,17,24,7,22,16,12,35,19,16,8,166,35,14,29,22,16,31,17,6,3,174,11,4,10,4,3,12,19,11,3,75,0,0,0,4,6,8,9,10,3,38,0,0,0,0,0,7,7,4,0,20,11,4,13,9,8,26,36,24,9,131,7,9,3,4,3,4,6,3,0,35
UCL222010,16,12,19,17,19,15,10,3,0,105,0,5,0,4,6,7,15,7,0,45,0,0,0,0,0,0,3,0,0,3,0,0,0,0,0,0,0,0,0,0,0,5,0,4,8,9,18,10,0,51,0,3,5,0,3,4,0,0,0,21,14,19,29,22,33,25,27,10,0,181,22,17,12,19,22,11,3,0,0,108,5,10,0,5,3,3,10,9,0,37,0,0,0,0,3,4,3,0,0,17,0,0,0,0,0,0,0,0,0,0,5,10,3,5,8,5,15,7,0,52,11,4,0,0,7,0,0,0,0,23,34,29,15,24,36,23,21,7,0,184,35,32,26,31,36,27,13,4,0,212,6,9,4,5,11,11,21,8,0,76,0,0,0,0,0,3,5,3,0,19,0,0,0,0,0,0,0,0,0,5,6,9,3,9,13,14,26,19,0,103,11,3,10,5,8,3,0,0,0,45
UCL222011,30,18,10,18,24,12,8,0,0,124,4,0,4,0,7,9,0,3,0,33,0,0,0,0,0,0,6,0,0,4,0,0,0,0,0,0,0,0,0,4,4,0,4,3,11,10,5,6,0,41,0,4,0,0,0,3,0,0,0,10,34,23,9,25,32,21,22,4,0,177,31,24,4,17,18,11,8,3,0,116,3,4,6,5,5,6,7,0,0,35,0,0,0,0,0,0,0,0,0,3,0,0,0,0,0,0,5,0,0,7,3,4,3,10,7,8,9,3,0,53,3,0,0,0,3,6,0,0,0,11,34,27,14,26,28,20,16,3,0,177,57,45,17,39,45,22,19,3,0,238,9,6,9,7,8,15,10,4,0,69,0,0,0,3,6,3,3,0,0,11,0,0,0,0,0,0,5,3,0,9,9,6,8,13,15,19,16,7,0,87,5,6,4,0,4,0,0,0,0,24
UCL222012,28,14,3,13,25,29,13,5,0,118,5,3,3,4,9,7,9,7,0,56,0,0,0,0,0,4,9,0,0,8,0,0,0,0,0,0,3,0,0,10,5,3,3,5,9,19,18,9,0,77,0,0,0,0,0,0,3,0,0,15,34,15,9,15,34,44,35,15,0,204,31,14,11,14,16,25,7,4,0,124,0,0,0,4,8,12,10,4,0,35,0,0,0,0,6,6,4,0,0,19,0,0,0,0,0,3,5,0,0,9,0,0,0,4,10,18,19,5,0,60,0,3,0,0,0,4,0,0,0,14,31,17,12,19,33,42,32,14,0,201,53,25,19,25,43,49,18,7,0,246,5,5,5,6,16,23,17,14,0,94,0,0,0,0,6,16,13,0,0,31,0,0,0,0,0,3,5,3,0,16,5,5,5,6,25,36,38,11,0,134,0,4,0,3,5,6,8,4,0,31
UCL222013,3,11,8,6,6,11,4,10,0,63,3,0,0,0,0,8,3,5,0,28,0,0,0,0,0,0,6,0,3,8,0,0,0,0,0,5,0,0,0,5,3,0,0,0,0,10,13,10,4,43,4,3,0,0,6,4,0,4,0,20,12,16,12,9,17,29,17,18,4,121,6,10,8,6,14,14,9,5,0,64,0,0,0,0,5,5,9,5,0,34,0,0,0,0,0,0,6,3,3,7,0,0,0,0,0,0,0,0,0,0,0,0,0,0,3,8,16,5,0,47,0,0,0,0,3,0,0,0,0,10,10,11,12,6,19,22,27,13,0,125,15,22,22,14,16,24,14,11,0,131,4,0,6,0,8,16,16,13,5,58,0,0,0,0,0,0,10,6,3,22,0,0,0,0,0,5,4,0,0,6,4,0,6,4,6,17,23,16,6,91,4,3,0,3,8,0,4,0,0,27
UCL222014,35,17,13,27,29,19,6,4,0,135,0,6,8,5,11,3,4,5,0,31,0,0,0,0,0,4,4,0,0,9,0,0,0,0,0,4,7,0,0,10,0,6,5,5,13,5,10,3,0,50,5,3,3,0,5,3,0,0,0,20,38,22,23,28,40,27,19,6,0,203,45,6,20,26,11,13,4,0,0,128,8,4,4,7,8,5,8,0,0,39,0,4,0,0,5,0,3,3,0,17,0,0,0,0,0,4,3,0,0,4,8,6,4,11,14,13,9,4,0,60,0,0,0,0,0,0,3,0,0,10,49,13,24,34,23,25,19,6,0,195,75,24,32,49,41,24,5,3,0,265,8,8,8,14,15,13,12,5,0,70,0,4,0,0,8,3,4,3,0,25,0,0,0,0,0,7,5,0,0,15,5,8,4,16,19,24,23,6,0,112,5,9,5,0,4,6,4,0,0,24
UCL222015,31,15,14,18,28,11,4,3,0,126,11,4,13,0,6,5,8,4,0,50,0,0,0,0,0,4,0,3,0,9,0,0,0,0,0,0,0,0,0,5,11,4,13,0,6,7,11,6,0,56,0,5,3,3,5,0,0,0,0,15,43,17,27,21,36,19,19,10,0,197,34,20,12,16,24,7,5,0,0,123,3,8,5,0,8,10,6,3,0,41,0,0,0,3,0,7,0,0,0,15,0,0,0,0,0,0,0,0,0,3,3,8,3,3,9,14,6,3,0,65,0,0,0,0,0,0,0,3,0,3,39,30,18,25,34,28,10,4,0,193,65,38,23,35,50,24,14,9,0,246,18,12,12,0,12,16,19,0,0,91,0,0,0,6,0,10,0,5,0,28,0,0,0,0,0,0,0,0,0,6,18,12,16,11,19,23,20,10,0,122,0,5,3,6,5,0,0,3,0,21
UCL222016,14,7,9,13,4,12,5,0,0,74,0,0,4,0,0,10,8,5,0,32,0,0,0,0,0,9,5,0,0,19,0,0,0,0,0,0,0,3,0,4,0,0,4,0,0,15,18,13,0,51,0,0,0,0,0,3,5,0,0,8,14,7,13,16,10,32,29,11,0,134,12,8,5,6,12,15,9,3,0,72,0,3,3,0,6,5,5,0,0,27,0,0,0,0,3,0,0,0,0,5,0,0,0,0,0,0,0,0,0,3,0,3,3,3,8,6,11,6,0,38,0,0,0,0,0,0,3,0,0,4,14,9,8,8,19,20,19,4,0,113,26,13,18,20,18,24,17,4,0,140,0,3,7,4,4,16,15,6,0,57,0,0,0,0,0,8,7,0,0,25,0,0,0,0,0,0,4,5,0,8,0,3,6,9,8,26,24,10,0,88,0,0,0,0,0,3,8,0,0,15
UCL222017,7,3,3,0,9,10,3,9,0,45,0,0,0,0,0,4,4,7,0,16,0,0,0,0,0,8,7,3,0,10,0,0,0,0,0,5,6,0,0,6,0,0,0,0,4,11,8,10,0,35,5,0,4,0,5,0,0,3,0,15,15,4,8,7,12,23,19,15,3,97,4,4,3,6,3,8,6,0,3,38,0,0,0,0,5,7,9,8,4,27,0,0,0,0,0,4,0,5,0,11,0,0,0,0,0,5,5,0,0,10,0,0,0,0,9,9,10,13,4,52,0,0,0,0,0,0,0,0,0,7,8,5,11,5,11,19,20,14,0,99,10,9,9,5,6,23,16,9,3,87,0,0,0,0,4,5,12,15,3,41,0,0,0,0,0,10,6,5,0,28,0,0,0,0,4,9,9,0,0,21,0,0,0,4,10,24,18,20,8,89,7,0,3,3,4,0,0,0,0,27
UCL222018,7,4,9,3,14,0,0,0,0,43,0,3,3,0,0,0,0,0,0,10,0,0,0,3,0,0,0,0,0,5,0,0,0,0,0,0,0,0,0,0,0,3,0,3,0,0,0,0,0,16,0,3,0,0,5,0,0,0,0,9,3,10,16,11,13,7,7,0,0,67,4,6,8,7,10,4,4,0,0,38,0,0,0,0,3,0,0,0,0,7,0,0,0,0,0,5,0,0,0,3,0,0,0,0,0,0,0,0,0,0,0,0,0,0,3,5,0,0,0,8,0,0,0,0,0,0,0,0,0,5,3,11,7,7,9,9,5,0,0,57,10,17,16,10,21,11,5,0,0,82,0,4,3,0,3,0,3,0,0,16,0,0,0,3,0,5,0,0,0,7,0,0,0,0,0,0,0,0,0,0,0,7,7,7,3,5,3,0,0,25,3,3,3,4,0,0,0,0,0,16
UCL222019,22,29,8,16,21,15,8,0,0,119,6,9,5,0,8,14,8,8,0,52,0,0,0,0,0,4,3,5,0,13,0,0,0,0,0,0,3,0,0,6,6,9,5,0,9,15,13,9,0,66,5,0,0,4,0,3,0,0,0,12,34,32,17,20,23,38,21,14,0,194,26,14,12,14,19,24,15,4,0,120,0,3,5,4,8,6,4,3,0,37,0,0,0,0,0,5,5,3,0,8,0,0,0,0,0,5,0,0,0,6,0,3,5,4,4,15,10,12,0,50,0,0,0,0,0,5,4,0,0,16,23,15,19,24,23,32,27,12,0,188,49,37,18,32,34,42,15,4,0,237,6,11,11,10,11,18,12,11,0,87,0,0,0,0,0,5,6,5,0,20,0,0,0,0,0,4,6,0,0,8,6,11,11,5,14,26,30,12,0,122,9,0,0,0,0,4,5,0,0,26
UCL222020,14,6,8,5,10,15,8,0,0,70,0,6,0,5,4,9,5,4,0,32,0,0,0,0,0,3,0,0,0,8,0,0,0,0,0,0,0,0,0,4,0,6,0,5,4,12,7,3,0,46,5,0,0,3,0,0,0,3,0,9,22,16,9,12,16,22,17,9,0,124,21,9,4,11,15,7,5,3,0,73,4,3,3,8,4,10,4,0,0,37,0,4,0,3,0,3,6,0,0,16,0,0,0,0,0,4,0,4,0,10,10,9,3,7,8,19,11,8,0,57,4,0,0,0,0,0,0,0,0,8,30,9,7,20,17,23,14,10,5,139,35,15,13,18,22,22,13,3,0,138,6,3,3,8,10,11,11,7,0,66,0,4,0,3,0,8,4,0,0,19,0,0,0,0,0,3,0,6,0,13,11,8,3,10,11,26,12,10,4,99,11,6,6,3,0,0,0,3,0,17
UCL222021,30,8,10,12,13,9,6,0,0,91,0,0,7,6,4,13,8,3,0,31,0,0,0,0,0,0,6,5,0,10,0,0,0,0,0,0,3,0,0,3,0,0,7,4,7,12,11,6,0,45,5,6,0,0,4,5,0,3,0,25,32,14,17,17,18,24,15,10,6,158,12,3,19,14,8,16,8,3,0,85,0,3,0,4,6,5,4,0,0,21,0,0,0,0,0,0,3,0,0,6,0,0,0,0,0,7,0,0,0,8,0,3,0,3,4,11,6,0,0,37,4,0,0,5,6,3,0,0,0,22,20,10,21,22,20,27,18,12,0,143,42,17,30,28,20,26,17,6,0,176,3,3,4,7,7,17,11,4,0,60,0,0,0,0,0,5,6,4,0,19,0,0,0,0,0,7,7,0,0,8,3,3,4,8,12,26,19,11,0,85,3,11,6,8,7,8,4,4,0,45
UCL222022,14,8,9,11,15,13,11,0,0,83,4,0,0,3,5,4,4,6,0,28,0,0,0,0,5,0,5,0,0,9,0,0,0,0,0,0,0,3,0,9,4,0,0,3,6,10,13,15,0,50,0,0,0,0,0,0,0,0,0,7,25,8,10,11,21,27,23,14,3,144,18,6,8,13,9,9,8,4,0,63,0,7,3,5,7,5,9,7,6,42,0,0,0,0,3,6,5,4,4,16,0,0,0,0,0,0,0,0,0,5,0,7,3,5,8,13,14,12,3,64,0,0,0,4,0,3,0,0,0,11,16,11,8,18,18,21,26,13,7,132,33,11,19,20,21,19,20,0,0,149,6,3,3,0,10,11,11,14,5,72,0,0,0,0,4,5,7,0,4,26,0,0,0,0,0,4,5,4,0,9,6,3,6,0,14,18,26,29,7,109,0,3,0,4,0,4,3,0,0,21
UCL222023,46,12,17,20,24,11,4,5,0,142,3,7,8,6,15,7,6,0,0,52,0,0,0,0,0,3,0,7,0,14,0,0,0,0,0,0,0,0,0,3,6,9,10,9,20,9,7,7,0,70,12,0,3,0,6,0,5,0,0,25,62,17,28,35,44,23,15,10,0,234,48,7,25,20,18,24,9,0,0,142,6,5,3,14,5,4,7,4,0,49,0,0,6,4,0,9,0,4,0,21,0,0,0,0,0,6,0,0,0,8,6,5,12,16,11,16,8,4,0,77,8,0,0,6,3,3,0,0,0,17,57,17,30,39,35,39,18,8,0,248,91,25,42,42,41,32,14,3,0,288,14,8,16,23,19,11,12,4,0,108,0,0,4,4,4,6,0,8,0,38,0,0,0,0,4,7,0,0,0,12,15,10,22,29,25,29,14,11,3,156,13,0,5,3,7,3,5,0,0,42
UCL222024,12,21,27,13,11,4,3,6,0,99,0,3,3,4,4,0,3,0,0,20,0,0,0,0,0,0,0,0,0,4,0,0,0,0,0,0,0,0,0,4,0,3,3,4,4,3,8,0,0,22,3,14,7,3,8,0,3,0,0,44,16,44,43,23,25,11,9,6,0,171,9,27,29,11,5,4,0,0,0,91,0,3,6,6,8,3,0,0,0,23,0,0,0,0,0,0,0,0,0,5,0,0,0,0,0,0,0,0,0,0,0,10,6,7,8,4,0,0,0,30,0,16,11,0,3,0,0,0,0,31,14,49,36,22,17,14,0,0,0,149,27,45,58,23,21,13,6,6,0,193,0,10,7,10,5,4,3,0,0,49,0,0,0,0,0,0,0,0,0,6,0,0,0,0,0,0,0,0,0,4,0,14,9,9,5,6,8,0,0,51,6,30,16,9,15,0,5,0,0,75
UCL222025,16,0,4,8,9,8,5,0,0,53,0,0,0,5,4,0,4,4,0,22,0,0,0,0,0,0,0,0,0,7,0,0,0,0,0,0,0,0,0,5,0,0,0,5,4,4,8,7,0,33,0,3,0,0,4,0,3,0,0,15,16,10,4,12,17,10,15,10,0,99,19,3,3,13,10,9,11,4,0,69,0,0,0,0,4,6,7,0,0,22,0,0,0,0,0,0,7,0,0,6,0,0,0,0,0,0,4,0,0,5,0,0,0,0,4,6,13,5,0,28,0,0,0,0,3,0,5,0,0,16,20,5,3,15,14,9,27,11,0,107,30,10,9,24,20,14,19,3,0,123,0,0,0,0,6,4,12,6,0,37,0,0,0,0,0,0,3,0,0,9,0,0,0,0,0,0,4,3,0,10,0,0,0,0,6,5,21,10,4,58,0,9,0,0,6,0,5,5,0,24
UCL222026,34,5,7,15,11,9,9,0,0,102,11,0,3,0,0,6,5,5,0,37,0,0,0,3,0,5,5,0,0,17,0,0,0,0,0,3,0,0,0,8,11,0,3,3,8,12,14,10,0,60,5,0,0,0,0,0,0,0,0,4,49,11,9,27,21,25,22,11,0,169,21,14,6,11,15,10,11,0,0,88,0,3,7,6,3,7,12,0,0,45,0,0,0,0,0,6,10,0,0,19,0,0,0,0,0,0,0,0,3,5,0,3,7,11,3,20,16,0,3,66,0,0,0,0,0,0,0,0,0,5,20,13,18,23,21,23,24,0,3,158,62,20,18,32,29,20,14,0,0,188,13,5,16,9,5,18,16,8,0,79,0,0,0,7,0,7,12,0,0,32,0,0,0,0,0,3,4,0,5,11,13,5,16,17,14,26,27,7,0,125,3,0,0,4,0,0,0,0,0,11
UCL222027,25,4,17,15,12,10,20,0,0,98,9,0,8,3,7,5,6,4,0,41,0,0,0,0,0,0,5,0,0,9,0,0,0,0,0,5,7,0,0,5,9,5,8,3,4,11,16,3,0,59,0,0,4,0,0,0,4,0,0,4,32,9,23,17,18,21,39,9,0,169,33,13,7,15,12,7,20,7,0,111,0,4,10,8,4,9,5,0,0,39,0,0,3,0,3,5,3,0,0,18,0,0,0,0,0,0,4,3,0,10,0,3,13,12,8,20,12,6,0,65,3,0,0,6,0,4,0,3,0,16,40,12,15,32,16,31,29,15,0,188,59,15,22,26,25,17,32,6,0,206,12,3,14,16,7,21,12,7,0,84,0,3,3,0,3,6,3,3,0,24,0,0,0,0,0,6,6,3,0,16,12,8,18,19,16,25,24,12,0,126,6,0,6,5,0,7,4,3,0,19
UCL222028,27,13,10,13,16,7,7,4,0,96,9,0,5,3,0,9,10,0,0,36,0,3,0,0,0,0,5,0,0,10,0,0,0,0,5,0,3,0,0,11,9,0,8,3,7,10,12,3,0,49,3,0,0,0,0,3,0,0,0,15,37,21,20,22,19,18,22,9,0,157,24,10,15,14,12,9,12,0,0,97,5,3,4,7,0,0,4,0,4,29,0,6,0,0,0,0,0,0,0,13,0,0,0,0,0,7,3,0,0,8,6,6,7,11,0,7,8,3,4,50,5,0,3,5,0,0,0,0,0,17,33,22,23,32,16,21,18,0,3,166,53,20,29,29,23,18,17,0,0,186,11,5,8,9,0,4,13,0,4,62,0,4,3,0,3,5,3,0,0,19,0,0,0,0,5,5,9,0,0,20,9,14,14,14,6,14,24,5,4,103,8,5,6,4,4,8,0,0,0,35
UCL222029,20,3,9,6,6,10,7,5,3,66,0,0,0,0,0,6,3,7,0,19,0,0,0,0,0,0,0,0,0,13,0,0,0,0,0,3,6,0,0,10,0,0,4,4,7,8,7,6,0,30,0,0,0,0,0,0,0,5,0,9,20,7,9,9,11,20,18,14,3,108,15,5,8,6,0,8,5,0,6,55,0,0,0,3,0,0,0,6,0,16,0,0,0,0,3,0,6,3,0,14,0,0,0,0,0,0,3,4,0,8,0,0,0,0,4,7,11,10,3,42,0,0,0,0,0,0,0,4,0,6,20,4,6,10,8,15,18,14,4,98,37,10,10,11,3,21,15,3,5,120,3,3,4,3,5,3,7,10,0,35,0,0,3,3,3,3,9,3,0,25,0,0,0,0,6,7,0,8,0,14,3,3,6,4,8,12,23,16,3,77,4,0,0,3,0,0,0,3,0,12
UCL222030,21,8,5,10,5,3,7,5,0,59,0,0,0,0,5,3,4,0,0,16,0,0,0,0,0,0,5,0,5,12,0,0,0,0,0,0,0,0,4,7,0,0,0,0,3,7,6,5,6,30,3,0,0,7,0,0,3,0,0,16,30,5,7,19,10,8,19,5,6,110,20,6,6,15,8,9,4,3,0,69,3,0,0,3,3,7,0,0,4,26,0,0,0,0,3,0,5,0,0,11,0,0,0,0,0,0,0,0,0,6,3,0,0,7,4,12,3,6,4,44,9,0,3,6,0,0,0,0,0,22,32,10,9,21,14,28,8,7,5,132,44,7,12,21,14,13,8,10,0,128,3,4,0,7,5,14,7,7,0,44,0,0,0,6,4,5,3,0,5,16,0,0,0,0,0,0,4,0,4,8,3,4,0,7,10,20,14,14,7,77,13,0,3,13,0,4,3,0,0,32
UCL222031,20,12,12,10,16,6,9,3,0,82,4,4,0,6,3,10,6,0,0,31,0,0,0,0,0,0,5,0,0,15,0,0,0,0,0,0,8,0,4,8,4,4,0,4,8,11,21,0,3,57,5,5,0,0,3,4,4,0,0,16,25,16,12,15,22,21,31,6,5,155,23,4,9,5,12,12,9,4,0,77,0,4,4,0,3,4,4,6,0,27,0,0,0,3,0,0,5,0,0,16,0,0,0,0,0,0,4,0,0,8,0,4,4,6,3,7,15,8,3,54,5,0,0,6,0,7,0,0,0,16,28,3,16,16,20,26,23,11,4,151,44,14,16,19,23,13,13,4,0,166,5,7,6,6,8,10,15,4,0,58,0,0,0,4,3,4,7,4,0,29,0,0,0,0,0,5,10,3,4,17,5,7,6,8,9,22,34,15,3,110,5,5,0,6,4,3,9,0,0,29
UCL222032,23,6,20,13,9,10,11,6,0,103,0,4,4,7,0,4,11,3,0,37,0,0,0,0,3,4,12,0,0,15,0,0,0,0,0,0,4,4,0,4,0,4,4,7,4,10,23,7,0,65,6,5,7,5,5,3,4,0,0,31,33,12,29,26,16,23,37,12,4,201,21,9,19,14,12,15,6,6,0,99,0,3,7,8,4,12,9,4,0,41,0,0,0,0,0,4,0,0,0,6,0,0,0,0,0,0,0,0,0,5,0,3,11,4,4,10,13,3,0,55,4,0,4,0,0,5,5,0,0,15,25,11,33,23,13,27,21,8,0,169,41,11,46,28,23,26,20,3,3,200,7,4,9,9,9,15,20,8,0,79,0,0,0,0,3,7,16,0,0,26,0,0,0,0,0,0,4,3,3,8,7,4,13,10,11,22,35,12,7,118,7,5,11,5,3,4,7,0,0,46
UCL222033,27,6,17,11,18,16,4,4,0,100,0,5,6,3,7,12,6,0,0,36,0,0,0,0,0,6,0,3,0,10,0,0,0,0,0,0,6,0,0,6,0,5,6,3,6,13,13,9,0,52,0,0,5,8,9,10,4,0,0,34,30,12,24,23,32,37,17,7,0,185,25,4,11,13,13,14,6,6,0,96,7,3,8,5,5,3,5,0,0,33,0,0,0,4,0,0,3,0,0,11,0,0,0,0,0,0,0,0,0,3,7,3,7,10,7,0,7,3,0,44,3,0,4,5,3,0,3,0,0,25,36,11,25,23,22,24,18,6,0,168,51,14,31,26,27,31,11,8,0,202,12,7,12,11,13,14,13,5,0,72,0,0,0,4,5,0,3,0,0,17,0,0,0,0,0,0,6,0,0,3,12,7,12,16,12,14,20,10,0,96,6,0,7,11,10,15,5,0,0,56
UCL222034,23,14,12,15,14,13,10,4,0,105,4,4,4,4,8,6,4,3,0,30,0,0,0,0,7,0,3,0,0,9,0,0,0,0,3,3,8,0,0,13,4,3,4,4,12,3,15,7,0,49,3,3,4,0,6,4,7,0,0,24,32,16,15,22,27,23,29,6,0,179,17,9,10,14,10,9,4,0,0,74,0,9,3,3,5,0,8,0,3,32,0,0,0,3,4,3,4,0,0,18,0,0,0,0,0,0,4,0,0,11,0,12,3,5,10,11,13,0,3,58,4,4,0,0,0,8,3,0,0,20,18,21,15,23,21,21,21,0,0,155,38,20,26,29,24,24,15,4,0,184,4,10,8,11,9,5,12,3,3,63,0,5,0,3,10,3,10,0,0,20,0,0,0,0,4,7,6,3,0,23,4,13,8,12,24,13,29,7,3,109,7,7,4,4,7,7,14,0,0,41
UCL222035,10,8,3,4,13,8,12,3,0,74,0,0,8,4,6,14,8,0,0,43,0,0,0,0,3,4,0,5,0,17,0,0,0,3,0,3,9,0,0,20,0,4,8,11,8,19,18,11,6,83,0,0,0,0,5,0,3,5,7,19,14,10,13,14,20,33,39,11,8,168,17,3,9,9,3,22,10,0,0,77,0,3,0,3,0,9,8,0,3,27,0,0,0,3,0,10,0,4,0,18,0,0,0,0,0,3,7,3,0,14,0,3,3,8,0,20,15,7,6,58,0,0,0,0,0,4,0,3,7,16,18,7,7,17,8,42,27,9,11,152,31,8,11,14,18,30,24,5,0,147,0,4,5,10,4,21,17,4,4,71,0,0,0,5,4,11,8,5,3,37,0,0,0,3,0,12,10,7,0,33,0,4,10,17,11,46,38,17,8,139,4,0,0,0,0,4,7,8,11,38
UCL222036,16,8,11,4,8,5,3,0,0,61,6,0,0,0,3,5,0,0,0,23,0,0,0,3,0,3,0,5,0,7,0,0,0,0,0,0,3,3,0,5,6,0,4,4,6,3,6,8,6,35,0,5,3,0,3,5,4,0,0,24,16,17,21,11,12,9,11,6,7,124,14,11,9,0,6,10,3,3,0,60,6,0,3,6,3,9,4,4,0,27,0,0,0,0,0,5,3,0,0,11,0,0,0,0,0,0,0,0,0,3,3,0,3,7,3,13,7,8,0,46,0,0,0,0,0,3,5,0,0,9,19,12,8,11,11,23,14,14,4,113,29,17,18,15,17,17,10,6,4,125,5,0,4,7,4,12,8,7,6,51,0,0,0,3,0,5,3,5,0,21,0,0,0,0,0,0,5,8,0,12,10,4,10,9,8,20,14,13,4,82,0,10,3,5,3,4,3,0,0,35
UCL222037,16,10,10,14,10,8,0,0,0,71,5,0,5,0,7,0,4,0,0,20,0,0,0,0,0,6,6,0,0,11,0,0,0,0,3,4,0,0,0,7,5,0,5,0,10,8,9,3,0,37,0,0,0,0,4,0,0,0,0,3,19,16,18,7,24,18,9,4,4,120,27,10,10,8,10,6,0,6,0,77,0,3,4,3,9,8,3,0,0,38,0,0,0,0,5,0,0,3,0,10,0,0,0,0,4,0,0,0,0,8,0,3,8,3,10,9,7,3,0,56,0,0,0,0,0,0,0,0,0,9,33,16,14,12,20,22,10,8,3,138,44,19,21,17,19,14,3,6,6,150,3,10,5,3,14,10,8,0,0,56,0,0,0,0,5,7,5,5,0,21,0,0,0,0,5,4,0,0,0,12,3,10,7,7,23,17,15,9,0,91,0,0,3,0,0,0,0,0,0,14
UCL222038,23,17,8,10,9,8,3,3,0,78,8,0,0,0,5,8,6,4,0,23,0,0,0,0,0,0,0,0,0,4,0,0,0,0,0,0,0,0,0,0,8,3,0,0,9,6,12,3,0,36,5,0,0,3,0,0,0,0,0,10,33,22,8,17,17,17,14,3,0,123,17,9,5,6,9,5,6,0,0,60,0,3,0,5,5,5,10,0,0,26,0,0,0,0,3,4,0,0,0,6,0,0,0,0,0,0,0,0,0,0,0,3,0,5,7,10,10,0,0,34,3,0,0,0,5,0,0,0,0,5,20,10,14,11,19,17,12,0,3,102,39,22,16,22,16,13,6,5,3,139,8,3,0,5,8,10,12,4,0,53,0,0,0,0,6,6,4,0,0,12,0,0,0,0,0,0,0,0,0,5,8,7,0,5,13,12,17,3,0,66,10,0,0,3,5,0,0,0,0,16
UCL222039,19,8,13,12,11,17,6,5,0,93,3,0,0,4,3,11,4,0,0,29,0,0,0,0,0,0,0,0,0,9,0,0,0,0,0,0,0,0,0,5,3,4,0,6,5,11,4,0,0,40,7,3,0,7,0,3,0,0,0,21,35,18,12,19,19,29,15,10,0,151,24,16,10,4,15,16,11,0,0,102,5,4,6,6,10,5,4,3,0,38,0,0,0,0,0,7,5,0,0,7,0,0,0,0,0,0,0,0,0,3,5,5,4,6,14,9,9,0,0,53,4,3,0,5,3,0,0,0,0,14,32,19,15,15,29,31,17,7,0,159,48,24,19,17,25,38,14,4,0,190,7,6,3,11,18,14,8,4,0,69,0,3,0,0,0,3,7,3,0,19,0,0,0,0,0,0,0,0,0,8,7,6,6,9,18,19,11,9,0,92,9,4,0,3,6,3,0,4,0,27
UCL222040,28,11,5,19,24,25,17,7,0,137,3,0,0,3,5,10,10,3,4,48,0,0,0,0,0,0,4,5,0,14,0,0,0,0,0,0,4,4,0,5,3,0,0,3,11,15,20,8,3,73,0,0,3,0,4,3,5,6,0,18,39,16,6,25,37,42,40,25,3,231,24,13,14,9,17,30,14,0,0,122,0,3,3,4,10,7,14,8,4,55,0,0,0,0,4,8,4,3,3,15,0,0,0,0,0,0,4,0,4,10,0,3,3,4,12,12,25,9,7,78,3,0,0,0,0,5,0,0,0,17,27,13,17,13,32,51,39,7,7,220,50,22,21,27,50,55,32,8,0,265,4,0,7,9,13,24,27,6,6,102,0,0,0,0,4,5,14,7,4,34,0,0,0,0,0,0,10,4,4,16,4,0,7,9,25,26,48,22,13,150,4,6,3,0,3,10,6,5,0,41
UCL222041,17,10,13,11,11,12,6,4,0,83,3,0,0,0,3,0,6,3,5,28,3,0,0,0,0,0,0,0,0,4,0,0,0,0,0,8,4,0,0,8,6,0,0,0,3,3,10,8,3,40,0,0,0,0,0,0,0,3,0,9,23,9,13,12,23,20,24,9,3,134,22,11,10,11,14,12,11,0,0,88,3,0,0,5,6,3,8,4,0,21,0,5,3,0,0,4,0,3,0,13,0,0,0,0,0,0,3,0,0,5,3,3,4,5,9,5,10,8,0,42,0,0,0,0,3,0,0,6,0,5,24,18,10,17,18,19,14,12,0,138,33,22,21,21,27,27,18,6,0,166,10,3,0,5,11,7,10,3,5,54,3,5,3,0,0,4,4,3,0,19,0,0,0,0,0,4,3,3,0,13,11,3,6,5,7,14,24,8,4,87,0,0,0,0,3,0,6,4,0,16
UCL222042,19,12,5,3,11,17,5,0,0,62,3,0,0,0,3,5,3,6,4,35,0,0,0,0,0,0,6,3,0,13,0,0,0,0,0,0,6,3,0,9,3,0,0,0,4,12,18,11,0,58,0,0,4,0,0,5,0,0,0,10,20,13,3,0,18,27,22,11,9,129,19,3,4,4,3,18,3,6,0,62,4,4,0,6,8,5,8,8,0,33,0,0,0,0,0,0,0,4,0,13,0,0,0,0,0,0,0,0,0,10,4,3,3,7,8,6,11,8,0,45,4,6,0,0,0,0,0,0,0,8,24,10,6,10,14,26,16,15,6,118,31,13,8,3,11,33,8,4,0,124,8,4,0,3,9,10,14,14,3,62,0,0,0,0,0,4,4,8,0,21,0,0,0,0,0,4,7,3,0,15,8,7,3,10,10,16,32,26,9,102,4,6,4,0,3,3,0,0,3,19
UCL222043,25,5,15,4,20,3,13,4,0,98,13,3,4,6,7,12,9,10,0,57,0,0,0,0,3,3,3,0,0,21,0,0,0,0,0,0,6,3,0,15,12,3,8,6,12,17,20,13,4,93,3,0,5,0,0,0,0,0,0,11,40,15,27,14,28,29,33,14,4,206,28,9,14,8,18,18,10,0,0,100,4,5,10,4,5,7,13,6,0,57,8,3,0,0,6,4,0,3,0,31,0,0,0,0,0,0,6,0,8,14,9,4,13,10,12,16,24,16,5,104,3,0,0,0,0,0,0,0,0,12,41,15,25,18,32,32,36,17,8,219,48,16,27,15,37,21,25,4,0,205,20,7,19,13,13,17,22,13,0,118,5,4,4,0,11,9,6,3,4,50,0,0,0,0,0,6,16,9,8,29,22,12,21,17,21,33,45,25,8,197,8,0,5,4,0,7,5,0,0,28
UCL222044,14,5,12,11,10,16,3,0,0,73,3,3,5,3,0,3,11,8,0,41,0,0,0,0,0,3,7,3,0,16,0,0,0,0,0,3,8,0,3,12,5,3,5,3,3,14,24,5,9,72,3,0,6,4,0,5,9,0,0,19,20,15,15,20,10,36,31,4,9,168,16,7,8,7,12,15,5,5,0,70,5,5,5,3,4,4,9,7,0,43,0,0,3,0,3,5,4,0,0,16,0,0,0,0,0,9,7,0,0,10,5,7,10,5,9,17,16,6,0,70,3,0,0,3,0,4,0,0,0,20,18,10,14,9,23,35,24,12,0,154,24,13,16,16,17,36,11,7,0,145,4,9,12,7,7,17,18,13,0,80,0,0,3,0,0,6,6,3,0,29,0,0,0,0,0,5,9,0,5,28,5,9,14,8,9,29,42,14,11,141,9,3,7,9,0,3,7,0,0,39
UCL222045,23,10,12,13,11,4,3,4,0,76,4,5,3,5,10,7,10,5,0,36,0,0,0,0,0,0,0,3,0,8,0,0,0,0,0,0,0,5,0,8,9,4,3,5,13,6,6,9,0,50,5,8,0,3,4,3,0,0,0,27,33,20,9,16,26,21,16,12,0,153,22,7,6,3,10,13,10,0,0,73,0,5,0,5,3,0,7,3,0,29,4,0,0,3,3,9,4,0,0,12,0,0,0,0,0,0,0,0,0,7,4,5,0,10,12,7,13,3,0,49,3,3,0,3,7,3,0,0,0,18,29,17,9,18,22,23,22,3,0,142,40,16,13,18,21,19,16,4,0,152,5,9,3,9,16,10,12,3,0,65,4,0,0,3,0,7,3,5,3,20,0,0,0,0,0,3,3,5,0,12,8,10,7,13,16,16,21,14,4,101,11,13,6,4,10,5,3,0,0,43
UCL222046,15,7,8,7,12,12,12,4,0,76,3,8,6,0,6,12,6,6,3,59,0,3,4,0,0,3,3,4,3,21,0,0,0,0,0,4,3,4,0,12,8,11,9,5,6,19,17,14,6,92,4,0,5,0,0,3,3,4,3,22,27,18,17,6,19,32,34,23,15,190,25,13,6,3,6,12,12,8,0,89,3,9,3,11,10,4,3,5,5,48,0,0,0,0,0,4,9,4,0,18,0,0,0,0,0,3,8,4,0,18,8,9,3,8,10,14,18,10,9,86,0,10,3,0,5,3,0,3,5,27,33,29,10,19,19,27,28,23,11,202,43,15,8,12,16,31,25,7,0,162,13,18,6,12,14,17,13,10,8,111,0,3,4,0,0,12,9,8,4,40,0,0,0,0,0,5,8,4,7,33,9,17,10,12,16,31,36,28,15,181,5,12,4,0,10,3,3,3,3,52
UCL222047,14,9,4,8,3,10,5,3,0,59,0,0,0,0,3,10,0,0,0,25,0,0,0,0,0,4,3,0,0,10,0,0,0,0,0,0,4,0,0,3,0,0,0,5,3,14,13,0,0,36,0,0,0,0,0,0,3,0,0,7,18,9,3,8,8,18,21,11,3,100,11,3,4,5,3,9,3,0,0,53,0,0,4,0,8,4,3,4,3,22,0,0,0,5,5,3,3,4,0,12,0,0,0,4,0,0,0,0,0,8,0,0,4,4,11,7,14,7,6,43,0,0,0,0,0,0,0,0,0,3,12,8,5,7,14,20,15,14,9,103,26,9,8,9,9,22,12,9,0,108,0,0,4,0,8,13,11,6,3,44,0,0,0,5,5,8,4,4,0,26,0,0,0,7,0,0,9,0,0,13,0,0,5,4,11,18,24,14,8,83,5,0,0,0,0,0,3,0,0,11
UCL222048,8,7,0,0,5,10,6,0,0,43,0,0,3,0,6,3,6,7,5,34,0,0,0,0,0,6,0,0,0,9,0,0,0,0,0,7,0,5,0,9,0,0,3,0,6,16,12,6,3,50,0,0,0,0,0,0,0,0,0,3,8,10,3,3,12,29,17,6,6,94,5,5,6,3,10,11,6,6,0,45,0,3,0,0,6,13,5,7,3,41,0,0,0,0,0,8,0,3,0,13,0,0,0,0,0,6,0,0,0,3,0,3,0,4,6,18,3,12,9,53,0,0,0,0,0,0,0,0,0,4,8,4,6,4,14,26,5,14,10,101,12,10,4,0,15,19,7,6,4,83,0,7,6,0,10,13,12,12,9,67,0,0,0,0,0,9,0,3,0,19,0,0,0,0,0,9,0,5,0,10,0,7,6,4,10,35,18,18,10,103,0,0,0,0,0,0,0,0,0,9
UCL222049,11,11,4,7,18,15,21,9,0,91,0,0,0,0,3,3,14,3,0,23,0,0,0,0,0,0,3,3,0,7,0,0,0,0,0,0,0,0,0,3,0,0,0,0,3,4,16,7,0,32,0,0,0,0,0,0,0,0,0,10,11,12,9,7,20,18,35,16,3,128,13,8,9,12,11,14,18,10,0,90,0,0,0,0,0,3,12,3,0,26,0,0,0,0,0,3,6,3,0,7,0,0,0,0,0,0,4,0,0,6,0,0,0,3,0,6,22,6,4,45,0,0,0,0,0,4,0,0,0,8,17,8,11,18,11,23,38,16,4,145,20,17,10,22,28,26,34,20,0,177,3,0,0,0,3,9,26,5,0,53,0,0,0,0,5,3,4,5,6,20,0,0,0,0,0,0,4,0,0,6,3,0,5,3,7,14,33,10,4,78,0,0,0,0,4,4,0,3,0,14
UCL222050,20,17,11,18,16,23,20,8,0,138,3,0,0,0,6,17,21,5,0,58,0,0,3,0,0,7,5,0,0,18,0,0,0,0,0,0,3,3,0,9,3,0,8,3,8,22,30,11,4,81,0,3,6,0,0,8,7,0,0,25,27,21,22,22,28,52,58,18,4,244,28,3,21,19,26,27,17,6,4,151,3,0,0,4,4,15,13,10,0,58,0,0,5,0,0,0,4,5,0,13,0,0,0,0,0,0,0,3,0,7,3,0,3,4,4,15,23,12,0,73,3,0,0,0,5,7,4,4,0,23,36,8,29,21,31,50,40,20,7,247,48,23,30,34,39,47,42,14,5,282,7,6,8,10,13,30,31,14,0,112,0,0,0,0,0,7,9,6,0,32,0,0,0,0,0,3,3,8,0,18,7,6,13,10,12,38,47,22,5,158,3,3,6,0,5,13,10,4,0,49
UCL222051,15,13,20,14,10,18,26,13,3,132,0,4,0,3,4,12,17,14,4,58,0,0,0,0,0,5,9,6,0,17,0,0,0,0,0,5,0,0,6,9,0,4,5,3,11,23,24,16,6,84,0,0,0,0,5,0,5,3,0,22,17,19,22,22,23,39,55,31,9,234,12,11,16,5,12,29,20,10,0,118,0,6,5,5,4,11,12,3,0,39,0,0,0,0,3,9,7,8,4,26,0,0,0,0,0,0,5,0,0,9,0,6,3,3,9,18,19,6,0,74,9,0,0,4,0,0,6,4,0,24,24,16,17,17,20,48,46,18,0,217,32,21,32,21,28,44,50,26,3,252,3,3,5,7,12,24,24,14,4,101,0,0,0,0,3,9,10,4,4,41,0,0,0,0,0,8,3,0,7,17,3,12,8,6,15,37,49,18,9,158,5,0,0,5,4,4,12,8,0,42
UCL222052,27,11,24,18,19,13,12,5,0,124,11,6,6,6,6,4,7,4,0,45,0,0,0,0,3,5,8,0,0,17,0,0,0,0,0,0,5,0,0,3,11,6,6,7,12,6,19,0,0,68,5,3,0,0,3,0,3,0,0,12,40,16,26,23,29,24,30,11,0,207,23,15,17,15,18,13,8,5,3,118,4,4,5,8,12,8,10,0,0,44,0,0,4,3,4,3,4,0,0,18,0,0,0,0,0,0,4,0,0,5,6,6,7,9,16,11,15,4,0,68,4,7,0,0,0,7,0,0,0,18,35,21,28,26,35,30,20,6,8,203,48,27,46,32,33,25,15,6,3,241,16,10,5,12,15,9,15,5,0,90,0,0,4,0,8,6,13,0,3,36,0,0,0,0,0,6,6,0,0,16,15,9,11,16,23,18,35,10,3,135,10,6,5,0,3,7,5,4,0,28
UCL222053,27,14,10,13,14,18,8,8,0,117,8,0,9,3,7,8,9,8,0,60,0,0,6,4,7,3,8,0,0,21,0,0,0,0,0,5,6,0,0,18,8,4,11,7,15,17,24,6,0,93,5,0,5,5,9,7,6,0,0,31,38,18,34,23,35,40,40,11,0,240,23,10,17,12,7,20,7,7,0,100,3,8,8,4,6,13,11,6,3,64,0,0,0,3,4,4,4,6,0,24,0,0,0,6,0,4,5,0,4,16,3,8,9,10,12,19,24,11,8,101,0,5,0,0,6,3,0,0,0,13,29,23,20,28,22,47,31,13,10,213,49,28,28,29,24,34,15,8,0,212,9,9,16,10,12,24,22,16,4,118,0,3,3,8,9,8,13,3,0,41,0,4,0,6,4,9,14,0,4,32,9,18,18,21,30,40,45,16,6,194,5,3,10,5,6,7,8,0,0,43
UCL222054,22,11,4,7,9,6,9,0,0,79,0,0,0,5,0,9,4,4,0,31,4,0,0,0,0,0,3,3,0,11,0,0,0,0,0,0,0,0,0,3,3,0,0,5,0,9,13,5,0,46,3,0,0,0,0,0,0,5,0,10,30,11,4,14,15,18,22,14,0,127,23,10,4,12,12,14,6,6,0,79,0,0,3,3,5,7,9,8,0,37,0,0,0,0,3,0,0,0,3,13,0,0,0,0,0,0,0,0,0,8,0,0,3,3,10,11,12,7,7,54,0,0,0,0,4,0,0,0,0,10,27,10,10,16,19,26,15,12,7,143,42,18,13,22,21,19,12,6,0,161,8,0,3,8,5,14,19,9,3,65,4,0,0,0,3,6,9,3,3,21,0,0,0,0,0,0,3,0,0,7,9,0,3,11,11,23,21,15,6,93,0,0,0,5,3,3,0,6,0,18
UCL222055,17,14,9,4,9,15,10,0,0,85,5,0,0,3,3,4,7,16,3,46,0,0,0,0,0,7,4,7,7,29,0,0,0,0,0,3,8,5,5,19,5,4,7,6,8,15,22,21,11,94,0,6,5,0,0,10,9,6,0,29,23,14,17,8,24,38,40,32,12,207,15,6,12,7,12,14,13,8,4,84,3,3,3,5,7,10,11,6,6,61,0,5,0,6,4,5,3,4,3,23,0,0,0,0,0,6,3,3,5,28,3,5,3,11,13,22,18,16,19,108,0,0,0,0,0,3,10,0,0,14,22,11,16,20,28,40,35,20,24,216,31,16,20,13,29,31,20,10,5,172,8,5,4,7,13,13,16,23,12,106,0,4,0,4,6,13,14,4,4,55,0,0,0,0,3,10,12,9,9,41,8,8,6,15,19,41,44,33,30,201,0,5,3,0,4,8,12,3,4,43
UCL222056,9,25,39,7,7,8,0,0,0,91,0,3,7,0,0,0,3,0,0,15,0,0,0,0,0,0,0,0,0,0,0,0,0,0,0,0,0,0,0,0,0,3,7,0,0,0,3,0,0,15,6,11,27,7,0,8,0,5,0,64,12,41,71,17,7,14,4,5,0,166,5,32,21,3,6,9,0,0,0,76,0,4,4,0,0,0,0,0,0,10,0,0,0,0,0,0,0,0,0,3,0,0,0,0,0,0,0,0,0,0,0,4,6,0,0,0,0,0,0,14,3,20,21,9,6,6,0,4,0,83,11,56,49,10,16,10,3,4,0,168,14,51,61,13,10,12,0,0,0,167,0,7,8,4,0,3,5,0,0,20,0,0,0,0,0,0,0,0,0,3,0,0,0,0,0,0,0,0,0,0,0,6,8,4,0,3,5,0,0,21,6,40,53,15,10,7,6,8,0,145
UCL222057,19,16,9,15,16,9,10,0,0,98,5,0,0,0,5,11,3,0,0,34,0,0,0,4,3,4,5,0,0,16,0,0,0,0,0,0,0,0,0,3,5,3,0,9,4,14,14,3,0,56,6,3,0,5,3,3,0,0,0,22,25,19,12,28,29,32,22,3,0,167,37,7,8,15,14,4,4,0,0,89,0,0,6,12,6,4,6,3,0,35,0,0,0,0,0,0,0,0,0,9,0,0,0,0,0,5,0,3,0,10,0,0,6,11,9,8,10,4,0,52,0,0,0,4,0,0,0,0,0,5,39,7,16,29,16,23,12,4,0,153,52,16,22,27,31,20,7,0,0,182,4,0,7,17,4,20,11,3,0,71,0,0,0,3,3,4,12,4,0,20,0,0,0,0,0,4,3,3,0,16,4,3,6,22,16,26,23,10,0,106,7,3,0,13,3,6,0,0,0,30
UCL222058,0,13,8,5,3,3,0,0,0,46,0,0,3,0,0,0,0,0,0,9,0,0,0,0,0,0,0,0,0,3,0,0,0,0,0,0,0,0,0,0,0,0,6,8,0,0,0,0,0,13,0,8,11,0,0,0,0,0,0,17,5,22,27,12,8,3,0,0,0,76,5,11,9,3,6,0,0,0,0,39,0,0,0,0,3,0,0,0,0,6,0,0,0,0,0,0,0,0,0,4,0,0,0,0,0,0,0,0,0,0,0,0,0,0,3,0,0,0,0,9,0,0,0,0,3,0,0,0,0,11,5,11,14,3,10,0,3,0,0,58,7,19,24,11,12,10,0,0,0,80,0,0,8,0,5,0,0,0,0,13,0,0,0,0,0,0,0,0,0,7,0,0,0,0,0,0,0,0,0,0,0,3,11,8,5,0,0,0,0,24,0,4,8,0,9,0,0,0,0,28
UCL222059,17,16,4,6,6,7,6,0,0,69,0,0,0,3,5,7,0,0,0,18,0,0,0,0,0,3,0,0,0,7,0,0,0,0,0,0,3,0,0,8,0,0,0,3,5,10,7,4,0,30,0,0,0,0,4,0,0,0,0,8,19,16,8,8,9,14,14,8,0,101,13,4,13,5,10,6,4,5,0,56,0,0,4,0,5,7,3,0,0,22,0,0,0,0,0,6,0,0,0,9,0,0,0,0,5,0,0,3,0,4,0,0,4,3,9,11,3,10,0,37,0,0,0,3,3,0,0,0,0,9,15,6,17,11,15,13,12,11,0,104,29,20,16,10,16,12,10,3,0,126,3,0,3,4,5,12,7,0,0,39,0,0,0,0,0,3,4,8,0,19,0,0,0,0,5,0,3,4,0,9,3,0,3,9,7,21,13,8,0,72,0,0,0,3,3,0,0,0,0,12
UCL222060,8,0,12,8,11,14,7,5,0,71,3,3,0,0,0,3,3,4,0,24,0,0,0,0,0,0,0,4,0,3,0,0,0,0,0,0,0,0,0,4,3,3,0,0,3,4,3,8,0,34,6,0,3,0,0,4,0,0,0,16,16,8,14,8,23,22,14,9,4,117,9,3,6,9,4,13,3,6,0,53,5,3,0,0,3,3,7,4,4,21,0,0,0,0,0,0,3,0,0,6,0,0,0,0,0,5,0,0,0,7,5,3,0,0,3,7,6,9,4,32,8,0,0,3,3,0,0,0,0,11,18,9,9,15,10,20,10,10,8,100,22,5,19,19,17,25,12,5,3,126,5,11,4,0,9,5,5,7,4,44,0,0,0,0,0,0,0,4,0,12,0,0,0,0,0,5,0,0,0,7,5,6,4,0,8,15,9,13,4,63,8,4,3,3,3,4,0,0,0,27
UCL222061,17,18,10,9,14,6,3,0,0,73,6,0,0,3,0,0,0,0,0,15,0,0,0,0,0,0,0,0,0,4,0,0,0,0,0,0,5,0,0,4,6,0,0,3,0,5,3,0,0,25,6,0,0,6,0,5,0,0,0,13,24,16,8,12,21,15,14,3,0,110,11,11,6,9,9,9,4,3,0,57,0,3,5,0,4,7,3,3,0,28,0,0,0,0,3,3,0,0,0,14,0,0,0,0,0,0,0,0,0,4,0,3,5,4,10,9,11,3,0,46,7,0,4,0,4,0,0,0,0,11,16,15,14,11,25,18,14,8,0,114,26,29,11,15,26,21,9,0,0,130,6,3,3,7,3,9,8,5,0,46,0,0,0,0,3,4,4,0,0,14,0,0,0,0,0,0,4,0,3,6,6,3,11,5,13,8,14,8,3,69,10,0,4,3,4,7,0,0,0,23
UCL222062,8,3,19,11,15,34,6,7,0,111,6,0,5,3,12,13,0,6,0,37,0,0,0,0,0,0,9,0,4,11,0,0,0,0,0,0,6,7,6,13,6,0,6,3,12,14,11,11,4,65,3,0,3,4,0,4,0,3,0,16,18,4,23,19,25,56,25,18,8,190,17,15,14,17,22,24,5,6,3,116,0,3,0,6,6,8,3,5,3,40,0,0,0,0,4,0,6,6,4,19,0,0,0,0,0,3,3,0,18,33,0,3,6,6,11,20,17,11,20,93,3,0,0,4,0,4,0,0,3,13,19,21,18,25,31,40,27,21,28,230,31,13,28,29,40,59,14,12,4,233,6,3,8,11,12,18,10,11,3,80,0,0,5,0,4,4,15,6,4,31,0,0,0,0,0,5,10,7,25,47,6,3,5,11,20,30,34,24,30,157,6,0,0,3,5,3,0,3,3,28
UCL222063,20,9,9,9,13,23,14,4,0,111,0,3,3,10,7,12,20,7,3,65,0,0,0,3,0,3,7,3,0,21,0,0,0,0,0,0,0,0,0,3,4,6,3,10,7,22,31,10,11,85,0,0,0,0,0,7,0,0,0,18,24,12,19,17,16,50,47,20,10,220,25,12,13,7,13,25,20,8,3,135,0,3,3,5,10,17,17,6,0,58,0,0,0,5,0,0,8,6,0,16,0,4,0,0,0,0,4,4,0,10,0,5,4,11,10,17,24,14,0,84,0,5,4,0,0,8,0,0,0,23,30,23,23,19,25,51,44,23,3,236,47,26,25,17,28,47,32,15,5,240,0,5,6,13,12,26,36,15,5,120,0,0,0,8,0,6,12,11,0,42,0,4,0,0,0,0,6,4,4,17,7,12,9,19,12,33,56,23,11,174,0,3,6,0,0,15,5,3,0,39
UCL222064,23,9,7,7,3,10,5,0,0,72,0,0,0,0,9,6,4,5,0,21,0,0,0,0,3,4,0,0,0,8,0,0,0,0,0,0,3,0,0,5,0,0,6,3,9,11,9,5,0,37,7,3,0,0,4,0,0,0,0,19,30,22,11,7,15,20,13,7,0,124,31,14,9,9,16,3,3,0,0,94,4,9,4,4,0,3,0,0,0,33,0,0,0,0,0,3,0,5,3,15,0,0,0,0,0,0,3,0,0,3,4,9,4,0,6,8,4,0,3,46,0,0,0,6,3,0,0,0,0,12,35,21,13,20,28,18,13,8,4,147,54,29,17,15,21,11,12,5,0,164,4,14,6,5,10,9,5,4,0,52,0,0,0,0,4,9,5,5,3,21,0,0,0,0,0,0,6,0,0,11,4,14,5,4,12,20,15,10,0,79,10,3,3,3,7,0,0,0,0,25
UCL222065,15,8,4,0,12,14,3,3,0,68,0,0,4,4,3,0,6,0,0,18,3,0,0,0,0,0,0,0,0,6,0,0,0,0,0,0,0,0,0,0,3,0,4,4,6,0,5,4,0,29,6,0,0,0,3,0,0,0,0,18,22,12,9,5,17,22,16,4,3,116,10,7,9,0,11,4,6,0,0,52,0,0,0,0,0,7,9,0,0,23,0,0,0,0,6,3,0,0,0,12,0,0,0,0,0,0,0,0,0,0,0,0,0,0,12,11,8,0,0,38,0,0,0,0,0,3,0,0,0,4,13,4,12,5,22,18,15,0,0,96,27,9,15,4,24,20,10,0,0,120,0,0,3,6,8,8,12,0,0,46,3,0,0,0,7,3,4,0,0,15,0,0,0,0,0,0,0,0,0,4,8,0,3,6,10,13,13,4,3,64,6,0,0,0,4,4,0,0,0,23
UCL222066,12,9,13,10,6,14,9,3,0,73,0,0,5,0,4,11,10,0,0,30,0,0,0,0,0,5,4,3,0,9,0,0,0,0,0,0,0,0,4,0,4,0,5,0,9,13,12,4,5,46,0,4,0,4,0,3,0,0,0,18,14,10,15,13,16,32,22,8,8,142,14,6,13,4,13,10,4,9,0,64,3,0,3,4,4,6,5,0,0,29,0,0,0,0,0,4,3,0,0,13,0,0,0,0,0,4,0,4,0,6,3,0,5,4,6,13,12,8,0,49,5,0,0,0,4,0,5,0,0,16,23,11,22,13,14,21,19,14,0,134,21,15,24,14,15,24,15,12,3,144,4,3,7,4,4,15,16,5,0,60,0,0,0,0,4,6,9,0,0,22,0,0,0,0,0,3,6,4,4,11,3,3,10,4,9,28,22,10,3,100,6,4,0,3,3,7,4,8,0,39
UCL222067,8,6,9,4,11,7,12,0,0,56,0,0,0,0,6,4,3,6,5,20,0,0,0,0,0,0,0,4,0,6,0,0,0,0,0,0,5,0,0,4,0,0,6,0,3,4,9,12,5,35,4,0,0,3,3,6,3,3,0,22,12,13,11,7,16,19,17,11,3,114,10,7,6,10,8,8,8,0,0,68,0,3,0,4,5,7,4,3,0,33,0,0,0,0,0,0,0,3,0,3,0,0,0,0,0,0,0,0,4,6,0,3,0,7,9,11,4,3,4,43,0,4,0,3,0,6,4,0,4,16,10,16,10,17,16,24,18,7,6,129,15,13,15,13,15,22,15,0,0,125,0,3,4,9,3,10,10,9,5,52,0,0,0,0,0,0,0,5,0,12,0,0,0,0,0,0,5,6,0,16,0,3,6,11,9,16,13,16,8,78,4,4,0,4,3,10,10,3,4,38
UCL222068,8,10,8,7,13,6,3,0,0,54,0,8,0,7,0,8,0,0,0,28,0,0,3,0,0,0,0,0,0,7,0,0,0,0,0,0,0,0,0,0,0,6,8,4,0,10,7,0,0,33,3,0,0,0,4,3,0,0,0,13,13,14,11,11,17,19,7,5,0,104,12,9,4,3,9,9,3,0,0,59,3,5,4,0,5,5,0,3,0,26,0,4,0,0,0,0,0,0,0,3,0,0,0,0,0,0,0,0,0,0,3,6,6,0,9,5,0,3,0,31,3,0,0,0,0,0,0,0,0,8,19,13,12,9,18,19,5,3,0,103,24,16,8,12,21,17,9,3,0,117,3,6,5,3,5,19,4,0,0,50,0,4,7,0,0,0,0,0,0,11,0,0,0,0,0,0,0,0,0,3,3,11,8,7,7,15,3,9,0,70,3,0,0,4,6,4,5,0,0,22
UCL222069,36,11,6,12,18,23,12,10,0,140,7,5,0,6,0,14,15,4,4,54,0,0,0,0,3,5,6,3,0,23,0,0,0,0,0,3,3,4,0,15,10,3,3,6,10,16,29,7,0,88,8,0,0,3,9,9,6,0,0,23,53,19,14,21,29,46,49,14,0,256,21,16,6,12,16,27,15,6,0,118,0,3,8,3,7,4,11,10,3,52,0,0,0,0,7,6,0,0,7,19,0,0,0,0,0,3,4,4,8,29,0,6,6,5,11,19,24,16,22,100,0,0,0,0,4,6,0,0,0,19,24,20,16,19,29,51,35,23,25,240,58,27,11,28,35,48,26,11,0,256,9,10,9,11,9,14,26,12,3,104,0,0,0,3,5,7,13,4,7,40,0,0,3,0,7,4,10,9,15,42,10,11,13,17,16,34,44,21,26,188,10,4,0,5,7,13,6,0,0,48
UCL222070,15,3,8,3,10,19,14,4,0,73,3,0,0,0,0,5,0,7,0,20,0,0,0,0,0,0,0,3,0,6,0,0,0,0,0,0,0,0,0,0,3,0,3,0,0,5,8,13,0,28,0,0,0,0,0,0,0,0,0,3,12,3,10,3,6,26,20,19,0,110,13,3,7,3,11,13,11,3,3,76,0,0,0,0,4,6,3,0,0,22,0,0,0,0,0,0,0,0,0,0,0,0,0,0,0,0,0,0,0,0,0,0,0,0,4,4,3,0,0,24,0,0,0,0,3,3,4,6,0,11,13,3,12,5,11,22,22,6,6,108,26,9,16,11,16,32,22,10,3,149,3,0,4,0,5,6,5,7,3,44,0,0,0,0,0,0,0,5,0,10,0,0,0,0,0,0,0,0,0,4,3,0,3,0,5,15,13,14,4,51,0,0,0,0,0,3,6,6,0,19
UCL222071,27,16,20,16,11,13,11,0,0,114,10,0,5,3,0,3,9,6,0,40,0,0,0,0,0,5,4,0,0,7,0,0,0,0,0,0,0,0,0,3,9,0,5,7,6,11,8,5,0,54,10,0,4,0,0,4,5,3,0,24,40,17,31,31,17,26,24,10,0,187,34,17,18,12,11,14,13,0,0,110,5,8,4,10,7,11,8,0,0,50,0,0,0,3,0,10,6,9,0,19,0,0,0,0,0,3,0,0,0,9,5,8,11,10,8,17,13,10,0,76,0,0,0,5,0,0,0,0,0,16,31,19,23,26,21,30,29,11,0,201,58,26,42,29,25,22,24,3,0,224,10,7,9,15,6,13,15,6,0,87,0,0,0,3,6,8,8,8,0,30,0,0,0,0,0,4,0,3,0,12,12,7,12,20,12,29,27,14,5,128,7,4,8,6,5,6,7,0,0,36
UCL222072,14,4,10,6,11,18,7,5,0,79,0,3,6,0,0,10,20,4,0,38,0,0,0,0,0,4,6,4,0,14,0,0,0,0,4,0,10,7,0,23,0,3,6,0,4,14,35,14,0,76,5,0,0,4,4,7,3,0,0,27,13,8,15,10,21,41,48,25,0,178,17,10,10,8,14,8,14,0,0,85,0,8,6,0,4,6,19,9,0,40,0,0,3,0,0,8,0,5,0,12,0,0,0,0,0,0,3,0,0,6,0,8,3,5,6,10,21,15,0,62,0,0,0,3,8,4,6,5,0,20,23,9,19,15,19,23,38,18,0,163,29,15,22,17,24,21,28,11,0,165,0,8,6,0,6,12,32,12,6,85,0,0,3,0,0,14,4,4,0,27,0,0,0,0,4,5,10,8,0,26,0,8,9,5,12,27,47,25,5,135,5,0,0,6,5,9,12,7,0,44
UCL222073,15,15,12,10,11,9,7,0,0,88,0,0,0,0,0,3,0,0,0,15,0,0,0,0,0,0,0,0,0,3,0,0,0,0,0,0,0,0,0,0,0,0,0,0,0,3,4,7,0,20,3,0,3,0,0,3,0,0,0,15,17,15,18,15,13,15,10,4,0,117,25,9,6,8,15,11,4,0,3,78,0,0,3,3,0,3,6,0,0,24,0,0,0,0,0,0,0,0,0,6,0,0,0,0,0,0,0,0,0,3,5,0,3,7,3,6,8,0,0,31,0,0,3,0,0,0,0,0,0,7,21,9,15,15,13,18,10,9,5,115,40,22,22,21,24,23,13,4,0,161,4,0,0,7,0,7,5,4,0,40,0,0,0,0,0,0,0,0,0,8,0,0,0,0,0,0,0,0,0,5,0,0,3,9,3,10,7,7,0,50,3,0,6,0,0,3,0,0,0,22
UCL222074,14,20,6,5,16,10,6,6,0,73,0,0,0,0,6,3,0,0,0,14,0,0,0,0,0,0,0,0,0,4,0,0,0,0,0,0,3,0,0,0,0,0,0,0,8,5,3,3,0,28,0,3,0,3,4,3,0,0,0,17,20,27,7,7,23,19,9,3,0,116,15,12,7,5,10,7,0,4,0,51,0,0,0,5,10,5,5,0,0,18,0,0,0,0,0,0,5,0,0,7,0,0,0,0,0,0,0,0,0,3,0,0,0,5,11,4,6,8,0,29,0,0,0,5,4,0,3,0,0,12,15,14,9,13,18,13,11,4,0,94,27,27,13,8,24,18,9,6,4,129,0,3,0,4,9,8,6,0,0,33,0,0,3,0,0,0,4,0,0,14,0,0,0,0,0,0,3,0,0,10,0,3,3,4,15,9,11,7,0,51,0,3,0,5,3,3,3,0,0,28
UCL222075,41,20,15,16,26,12,8,3,0,144,7,0,3,3,12,11,14,3,0,50,0,0,0,0,3,0,3,5,0,22,0,0,0,0,0,4,6,4,0,11,7,0,0,8,16,16,17,9,3,79,5,3,0,0,3,0,3,0,0,17,51,31,23,20,47,31,32,16,3,244,39,11,21,18,21,16,5,5,0,138,4,3,0,9,9,15,3,0,0,50,0,5,3,0,3,4,3,5,0,24,0,0,0,0,0,0,3,0,3,9,4,6,4,8,13,20,7,4,5,79,3,4,5,3,0,3,3,0,0,21,51,23,25,30,39,35,22,10,5,238,80,32,37,33,43,27,17,10,0,281,9,7,5,18,19,19,13,3,0,96,0,5,4,0,8,9,9,8,0,39,0,0,0,0,0,3,4,4,3,19,9,13,7,17,30,37,30,18,6,165,5,8,4,0,4,0,6,0,0,42
UCL222076,28,13,8,23,15,13,4,3,3,120,0,0,6,3,8,5,15,5,0,46,0,3,0,0,6,11,4,0,0,26,0,0,0,0,0,0,0,0,0,7,0,3,7,0,11,18,22,10,3,75,7,5,3,0,7,3,4,4,0,31,42,24,19,34,29,31,28,15,6,230,36,17,17,13,13,16,10,3,3,123,3,8,0,8,10,15,8,7,6,59,0,0,0,0,3,5,6,0,4,18,0,0,0,0,4,0,5,5,0,10,3,8,0,6,16,22,18,12,10,94,3,3,0,7,3,9,5,0,0,26,40,26,21,27,31,40,34,15,14,246,63,33,23,35,25,25,16,7,7,241,3,6,4,5,17,23,26,13,8,102,0,3,0,0,9,14,11,3,3,50,0,0,0,0,7,3,5,4,0,12,3,8,5,15,28,37,36,19,13,167,13,6,4,11,8,11,8,3,0,64
UCL222077,35,14,17,20,5,14,12,5,4,128,0,0,0,3,8,6,15,0,3,47,4,0,0,6,3,7,11,0,0,29,0,0,0,0,0,9,7,0,0,18,6,0,0,11,10,22,33,7,6,92,3,0,3,0,0,5,3,3,5,29,42,19,18,26,20,41,51,20,10,243,16,13,16,11,8,14,14,4,6,107,0,0,7,8,8,7,15,10,0,60,0,0,0,5,5,9,9,4,0,26,0,0,0,0,0,4,0,7,3,15,0,0,9,9,7,21,30,22,4,99,4,0,0,4,0,0,3,4,15,33,20,14,26,30,26,32,41,32,21,241,55,26,32,26,23,28,33,12,6,234,5,6,9,17,8,15,33,14,4,107,4,0,0,4,10,16,18,5,0,52,0,0,0,0,4,7,10,10,3,38,9,6,12,20,19,42,62,30,8,199,8,3,3,4,0,7,8,9,13,55
UCL222078,20,13,7,7,12,18,0,0,0,73,4,3,4,0,4,3,7,7,0,40,0,0,0,0,4,5,3,0,0,15,0,0,0,0,5,0,0,0,0,6,4,4,4,3,10,9,13,8,0,56,0,5,0,0,0,3,0,0,0,17,29,16,13,14,17,25,20,8,0,149,8,6,3,0,14,4,8,5,0,54,4,7,8,0,8,0,3,4,0,38,0,0,0,0,4,0,0,7,0,20,0,0,0,0,0,3,0,0,0,6,3,6,8,0,10,3,11,14,4,58,3,0,4,0,0,4,0,0,0,19,20,14,19,5,27,15,14,15,4,136,34,16,12,13,22,17,14,5,0,127,8,7,16,5,13,5,13,5,0,72,0,0,0,0,3,5,4,7,4,31,0,0,0,0,5,6,3,0,0,14,9,12,9,9,18,18,22,17,9,123,6,5,4,5,0,9,0,0,0,34
UCL222079,49,13,14,23,17,23,11,5,0,149,3,3,0,3,3,11,18,3,0,45,0,0,0,0,4,0,8,5,0,14,0,0,0,0,0,0,0,0,0,3,0,3,0,5,9,7,21,5,4,67,3,6,0,0,6,3,0,0,0,17,48,19,13,32,30,32,38,12,3,232,34,16,11,18,22,31,11,7,0,143,0,7,3,4,12,14,10,3,3,62,0,0,0,6,0,6,6,7,0,13,0,0,0,0,0,0,0,0,0,8,0,7,3,7,11,20,15,8,5,76,0,3,0,0,5,4,0,0,0,11,35,26,16,24,42,47,25,14,5,234,77,27,20,45,46,48,21,14,0,291,5,12,9,10,14,23,25,8,5,106,0,0,0,3,3,6,11,8,0,29,0,0,0,0,3,0,0,5,0,5,7,12,9,13,24,26,31,13,7,147,3,8,0,0,5,5,0,0,0,26
UCL222080,23,12,12,7,6,18,18,5,0,99,4,3,3,4,0,12,0,6,4,33,0,0,0,0,0,3,3,0,0,18,0,0,0,0,0,5,3,4,0,12,4,3,3,3,6,17,13,3,7,61,0,0,0,3,0,7,0,0,0,11,23,14,20,14,18,39,30,13,7,177,10,10,7,3,11,9,12,8,0,79,9,0,7,7,0,9,3,8,0,44,0,0,0,0,5,3,3,9,0,18,0,0,0,0,5,9,12,8,5,29,9,4,7,3,13,21,16,22,6,91,0,0,0,0,0,0,5,6,0,8,17,13,16,12,24,28,31,30,8,180,33,19,26,17,13,25,33,6,0,173,8,8,5,7,3,24,11,11,4,75,0,0,0,4,6,4,9,7,0,40,0,0,0,0,5,8,13,9,9,43,8,12,9,9,13,36,26,28,13,155,0,0,0,3,0,9,4,4,0,24
UCL222081,12,10,8,11,8,12,16,3,0,78,0,0,0,0,3,0,11,8,0,25,0,0,0,0,0,4,8,0,0,12,0,0,0,0,0,0,3,0,0,4,4,0,0,0,3,4,17,7,0,45,0,4,4,0,5,4,4,0,0,19,14,13,8,14,17,22,34,13,0,136,13,5,4,10,14,14,10,4,0,72,0,0,4,0,5,3,3,4,0,24,0,0,0,0,0,0,3,4,0,13,0,0,0,0,0,0,0,0,0,3,0,0,6,0,5,7,13,13,0,36,0,0,0,0,3,3,0,0,0,7,16,3,7,7,17,28,27,14,0,116,24,13,9,18,23,32,24,10,0,151,3,0,4,0,8,6,18,8,0,49,0,0,0,0,0,4,12,3,0,21,0,0,0,0,0,0,0,4,0,9,4,0,6,0,8,13,32,14,0,76,0,3,4,5,3,8,4,0,0,26
UCL222082,16,4,4,5,14,16,6,5,0,80,0,5,0,3,6,3,3,0,0,16,0,0,0,0,0,0,3,0,0,6,0,0,0,0,0,0,0,0,0,4,0,5,0,7,5,3,7,0,0,26,3,0,0,4,3,0,0,0,0,16,21,16,4,14,28,15,16,9,0,122,17,4,10,18,14,7,11,5,0,76,0,0,0,3,7,7,0,0,0,15,0,0,0,0,0,0,0,0,0,0,0,0,0,0,0,0,0,0,0,5,0,0,0,3,3,4,0,0,0,25,3,4,4,3,0,0,0,0,0,16,20,8,10,25,20,15,14,3,0,113,33,11,11,21,27,25,18,8,0,151,0,5,0,8,10,8,5,3,0,35,0,0,0,0,0,0,3,0,0,10,0,0,0,0,0,3,4,0,0,4,0,5,0,7,10,7,6,7,0,49,4,7,4,3,4,3,7,0,0,32
UCL222083,16,12,12,19,5,11,11,0,0,80,4,0,0,3,0,0,6,0,0,22,0,0,0,0,3,0,0,0,0,5,0,0,0,0,0,0,0,0,0,0,4,0,0,3,3,0,10,0,0,29,0,0,0,5,0,0,0,0,0,5,22,13,12,24,16,12,12,0,0,108,16,11,9,9,0,12,5,0,0,60,0,3,0,9,0,8,3,0,3,25,0,0,0,0,0,6,0,0,0,3,0,0,0,0,0,4,0,0,0,3,0,4,0,7,0,9,3,4,3,36,3,0,3,0,0,3,0,0,0,10,22,9,9,20,3,26,4,4,6,108,34,18,18,24,12,23,14,0,0,143,4,0,0,10,0,7,9,0,3,44,0,0,0,0,3,6,0,0,0,9,0,0,0,0,0,6,0,0,0,8,4,3,0,14,6,14,13,9,3,57,3,0,4,5,0,3,0,0,0,18
UCL222084,17,15,11,17,17,16,13,0,0,109,0,0,0,6,7,9,11,6,0,37,0,0,0,5,0,4,8,0,0,27,0,0,0,0,0,11,8,6,0,26,4,0,0,8,10,23,28,20,5,89,7,4,0,3,4,6,4,4,0,30,33,14,8,25,34,44,43,19,5,232,18,11,7,12,7,18,15,8,0,95,3,3,5,8,12,10,5,3,5,56,0,3,0,0,6,6,4,7,7,37,0,0,0,0,0,5,5,7,3,22,4,11,6,11,18,26,8,15,19,118,5,5,0,10,0,5,0,0,4,34,34,21,19,26,27,45,25,27,24,244,40,20,23,27,29,30,22,11,4,203,11,10,7,18,22,15,12,9,8,100,4,3,0,6,0,16,15,10,10,59,0,0,0,0,0,16,7,14,3,43,6,9,12,21,24,50,34,34,24,208,14,10,0,8,5,16,7,0,4,67
UCL222085,19,14,10,13,8,17,11,0,0,97,0,0,3,4,3,6,5,4,0,28,0,0,0,0,4,0,3,0,0,13,0,0,0,0,0,0,0,0,0,6,0,0,3,3,4,11,12,10,0,46,0,0,0,0,0,5,0,0,0,10,21,15,11,20,16,29,26,10,3,154,21,6,14,15,17,25,8,0,0,108,0,0,0,5,0,9,10,0,0,28,0,0,0,0,0,3,0,4,0,6,0,0,0,0,0,0,0,0,0,5,0,0,0,4,0,7,13,3,0,40,3,0,0,0,0,3,0,0,0,12,23,9,17,20,17,43,23,10,0,159,35,20,26,24,24,50,19,8,0,202,0,4,4,11,8,16,16,5,0,58,0,0,0,0,4,6,10,0,0,20,0,0,0,0,0,4,0,4,0,8,0,4,4,9,11,23,26,12,3,88,3,0,0,0,0,5,0,0,0,19
UCL222086,27,20,10,18,20,18,12,0,0,124,8,0,6,7,6,6,8,7,0,40,0,0,0,0,0,0,3,4,0,10,0,0,0,0,0,3,3,0,0,3,8,0,6,5,6,13,12,6,0,50,3,3,0,0,3,0,3,3,0,24,38,28,14,21,27,29,27,9,0,197,31,14,12,11,17,14,14,0,0,109,0,3,3,9,7,8,9,7,0,47,0,0,0,0,0,0,5,0,0,10,0,0,0,0,0,0,4,0,0,5,0,7,3,10,8,11,16,3,0,60,0,0,0,0,3,0,4,0,0,16,28,24,16,20,24,27,38,4,3,183,55,35,17,28,31,29,30,4,0,238,3,7,7,16,16,14,17,9,0,87,0,0,0,0,0,0,7,5,0,17,0,0,0,0,0,3,8,0,0,13,3,4,7,20,15,20,27,12,0,111,6,12,6,3,7,3,3,3,0,38
UCL222087,24,16,19,12,17,20,10,4,0,116,5,8,6,4,7,6,13,10,3,58,0,0,5,0,0,4,8,4,0,25,0,0,0,0,3,4,3,4,0,14,5,8,10,8,7,10,20,18,7,93,6,3,0,0,0,3,5,0,0,18,43,24,28,21,28,34,40,28,5,234,40,7,21,17,20,17,12,5,4,142,3,3,0,12,4,10,7,9,4,52,0,0,0,3,4,4,7,4,0,29,0,0,0,0,0,3,5,0,0,12,3,5,7,11,6,16,17,12,7,99,0,0,0,3,0,0,3,0,0,11,44,17,26,31,28,41,34,19,10,248,67,25,40,20,31,36,20,13,5,259,11,12,10,13,9,15,26,15,4,111,0,0,6,3,3,10,13,7,0,52,0,0,0,0,0,8,8,3,0,29,11,12,12,19,19,32,42,31,8,187,7,3,0,7,3,3,6,0,0,34
UCL222088,8,11,8,4,4,19,17,0,0,65,0,0,0,0,4,6,15,0,6,38,0,0,0,0,6,3,4,0,0,17,0,0,0,0,0,5,9,0,0,14,0,0,0,0,4,15,27,5,6,64,0,0,0,6,0,4,0,0,0,14,9,13,9,8,15,37,46,5,5,141,5,6,0,0,15,16,8,5,0,50,0,3,0,4,4,13,3,4,3,35,0,0,0,0,0,3,5,3,0,18,0,0,0,0,0,4,5,4,0,7,0,3,0,3,8,19,10,6,3,58,3,0,0,0,4,4,0,0,0,22,10,7,0,5,20,32,23,14,3,125,15,16,7,8,17,28,20,9,0,113,0,0,0,7,8,16,22,11,5,67,0,0,0,0,4,6,13,4,0,31,0,0,0,0,0,10,6,5,0,21,0,3,0,10,14,34,41,11,6,121,3,3,0,4,9,8,0,0,0,35
UCL222089,15,6,10,6,9,8,9,0,0,56,6,4,0,0,0,5,6,0,0,24,0,0,0,0,3,0,0,0,0,6,0,0,0,0,0,4,0,0,0,3,6,4,0,0,5,12,7,0,0,35,0,0,0,0,0,4,0,0,0,8,17,15,13,6,15,25,17,7,0,104,15,8,5,0,10,16,0,0,0,58,0,5,0,0,5,0,0,3,0,15,0,0,0,0,0,4,3,5,0,13,0,0,0,0,3,0,4,0,0,11,0,5,3,3,8,3,10,5,4,45,0,0,0,0,0,6,0,0,0,3,15,12,8,4,17,19,12,5,4,102,25,16,15,8,14,25,7,0,0,112,3,6,3,4,8,12,7,3,0,49,0,0,0,0,3,3,5,4,0,20,0,0,0,0,3,4,4,3,0,15,3,8,0,6,15,14,21,6,3,82,0,0,0,0,0,5,0,0,0,7
UCL222090,22,3,7,15,3,12,4,5,0,74,6,0,0,5,3,9,6,0,0,28,0,0,0,0,0,3,0,0,0,5,0,0,0,0,0,0,3,0,0,3,6,0,0,5,9,8,12,0,0,36,3,5,3,5,3,5,0,0,0,30,30,8,10,20,12,21,17,5,0,131,16,9,4,11,3,9,9,0,0,57,0,0,0,0,4,5,0,0,4,18,0,0,0,0,0,0,0,0,0,9,0,0,0,0,0,4,0,0,0,0,0,0,5,0,4,12,4,3,4,33,4,0,0,0,6,3,0,0,0,20,18,13,9,15,16,22,14,6,4,109,36,14,11,25,11,19,9,5,0,133,7,0,4,3,6,10,5,6,4,42,0,0,0,0,0,8,3,0,0,16,0,0,0,0,0,4,5,0,0,3,7,3,4,3,6,18,14,4,4,64,11,3,3,5,4,12,5,5,0,46
UCL222091,39,20,14,17,9,16,9,5,0,135,3,0,3,0,10,3,4,5,0,37,0,0,0,5,0,6,5,4,0,16,0,0,0,0,0,3,4,0,0,6,3,4,3,6,12,14,15,8,0,58,3,0,0,0,0,4,0,0,0,9,48,23,18,20,23,30,26,11,0,202,39,6,12,13,14,16,8,3,0,120,5,9,3,6,6,7,13,0,0,51,0,0,4,0,3,4,3,0,0,18,0,0,0,0,0,0,0,0,0,6,4,3,9,6,8,16,15,3,3,74,6,0,0,0,3,3,0,0,0,7,46,17,21,26,25,33,18,10,3,201,84,30,24,35,24,32,17,12,0,257,4,12,7,8,15,14,18,6,0,85,0,3,4,0,4,7,9,0,0,27,0,0,0,0,0,3,0,0,0,14,12,10,13,14,16,30,29,13,4,130,7,0,0,0,3,4,0,0,0,21
UCL222092,36,14,11,18,15,15,9,0,0,122,8,0,3,6,3,11,3,0,0,39,0,0,0,0,0,0,0,0,0,4,0,0,0,0,0,0,3,0,0,3,8,0,3,6,3,6,13,0,0,52,5,0,0,4,3,0,0,0,0,16,54,14,17,31,25,23,22,5,0,187,33,11,8,15,24,3,4,0,0,99,3,3,3,11,4,6,8,0,0,40,0,0,0,5,0,6,3,0,0,9,0,0,0,0,0,0,0,0,0,5,3,3,3,13,6,13,11,5,0,56,4,0,0,3,5,0,3,0,0,13,38,13,12,31,32,18,14,3,0,169,71,26,22,32,34,20,12,5,0,219,17,4,11,19,11,15,15,7,0,82,0,0,0,4,0,3,7,0,0,17,0,0,0,0,0,0,3,0,0,6,17,4,11,22,8,21,25,4,0,110,5,0,0,9,10,0,6,0,0,29
UCL222093,21,20,11,13,18,14,16,7,0,106,0,0,0,4,3,7,7,7,5,44,0,0,3,0,0,8,9,0,0,23,0,0,0,0,0,0,3,0,0,15,0,4,4,3,3,16,23,16,5,79,5,0,5,3,0,3,3,0,3,31,28,21,18,17,19,38,40,24,10,212,24,15,10,4,15,18,20,9,0,106,3,4,0,8,4,12,10,11,0,55,0,0,0,0,0,5,3,4,0,12,0,0,0,0,0,0,8,0,0,13,3,4,0,8,4,18,19,15,0,74,4,4,0,8,0,5,3,4,3,37,37,23,10,19,19,39,44,29,3,218,48,27,18,18,28,35,33,8,0,213,4,5,4,10,7,23,16,21,7,99,0,0,3,0,0,9,6,10,3,34,0,0,0,0,0,5,12,6,0,20,4,5,6,9,8,33,47,34,8,154,13,10,5,9,4,8,5,8,4,64
UCL222094,21,10,8,14,5,15,9,4,0,89,11,0,4,0,10,7,7,4,0,41,0,0,0,0,0,7,10,0,0,15,0,0,0,0,0,0,3,0,0,6,11,0,4,0,12,11,21,6,0,57,5,0,3,0,6,0,4,5,0,26,34,8,19,12,20,26,38,11,0,178,21,13,12,10,7,13,12,0,0,87,5,0,3,3,3,9,10,4,0,41,0,0,0,0,0,6,0,0,0,20,0,0,0,0,0,4,0,0,0,11,5,4,4,3,4,22,14,9,0,69,3,0,0,0,4,8,0,0,0,17,29,12,20,8,18,43,25,17,0,171,38,19,22,15,19,29,18,3,0,176,11,0,6,9,15,15,19,10,0,81,0,4,0,0,0,7,12,5,0,32,0,0,0,0,0,4,6,0,0,21,11,3,7,8,13,27,33,19,0,126,5,0,6,0,9,8,8,6,0,45
UCL222095,15,5,15,5,5,8,3,3,0,57,0,0,0,0,0,5,9,0,0,22,0,0,0,0,0,0,0,0,0,0,0,0,0,0,0,0,0,0,0,3,0,0,0,0,0,3,10,0,0,30,3,0,0,0,0,0,0,0,0,3,18,10,12,3,9,11,18,6,0,89,13,8,3,8,3,11,0,0,0,49,3,0,5,4,6,3,8,0,0,27,0,4,0,0,0,0,0,5,0,7,0,0,0,0,0,0,3,0,0,5,3,3,5,4,6,4,8,4,0,43,0,0,0,0,0,0,0,0,0,5,15,15,11,11,11,13,15,4,0,96,26,12,19,14,13,19,11,3,0,108,6,3,8,3,6,7,21,0,0,54,0,4,0,0,0,0,0,5,0,7,0,0,0,0,0,3,4,0,0,8,6,7,8,3,6,9,23,10,0,67,3,0,0,0,0,0,0,0,0,15
UCL222096,38,10,15,26,17,12,6,4,0,130,0,0,3,3,15,7,14,5,0,37,0,0,0,0,3,4,0,0,0,7,0,0,0,0,0,0,4,0,0,3,0,0,3,0,12,9,16,5,0,48,3,0,0,0,3,5,4,0,0,17,39,10,15,33,34,26,29,3,0,194,44,10,21,12,23,11,13,5,0,133,6,7,3,13,8,9,8,0,0,60,0,0,0,0,3,5,3,0,0,13,0,0,0,0,0,0,3,0,0,6,9,5,3,13,8,16,16,3,3,79,0,0,0,0,4,0,7,0,0,10,50,24,24,32,33,27,25,8,3,227,78,23,31,42,43,23,16,0,0,256,6,5,5,15,21,17,24,0,0,103,0,5,0,0,3,9,3,3,0,21,0,0,0,0,4,0,4,0,0,12,5,6,7,19,27,23,30,6,3,132,3,0,0,0,0,6,10,0,0,30
UCL222097,26,17,14,13,22,16,0,0,0,105,5,0,3,0,0,10,3,3,0,24,0,0,0,0,0,3,0,0,0,8,0,0,0,0,0,0,0,0,0,0,5,0,3,0,0,7,3,0,0,34,6,3,0,3,0,3,0,0,0,13,32,22,19,17,24,27,7,7,0,161,25,18,14,7,16,15,4,6,0,102,3,4,4,4,0,4,6,0,0,31,0,3,0,5,0,3,0,0,4,16,0,0,0,0,0,0,0,0,0,0,3,5,9,7,3,12,6,6,6,49,12,3,3,4,4,4,0,0,0,27,34,27,18,21,21,28,5,5,6,181,51,39,27,17,37,27,8,3,0,209,9,4,10,3,8,14,9,5,0,54,0,3,0,8,0,4,0,4,6,21,0,0,0,0,0,0,0,0,0,7,9,4,11,9,4,20,11,5,7,82,11,7,5,6,4,8,0,0,0,39
UCL222098,33,10,12,19,17,16,12,3,3,119,7,3,3,0,4,13,3,4,0,39,0,0,0,0,0,0,0,0,0,3,0,0,0,0,0,0,3,0,0,3,7,3,3,0,4,11,9,4,0,42,4,0,0,0,0,3,0,5,0,12,40,10,17,22,25,37,22,7,3,180,32,10,5,24,21,15,14,5,0,124,0,0,4,6,4,7,4,3,0,39,0,0,0,0,0,3,0,0,0,7,0,0,0,0,0,0,0,0,0,0,0,0,4,6,9,13,4,12,0,52,0,5,0,0,0,0,0,0,0,13,38,15,12,28,32,27,18,14,0,184,66,16,19,38,38,31,24,3,3,248,4,3,10,6,12,16,8,11,0,71,0,0,0,0,0,3,4,4,0,11,0,0,0,0,0,0,3,0,0,3,4,3,7,7,16,21,14,13,0,92,5,4,0,0,0,5,0,4,0,21
UCL222099,21,3,9,12,0,7,0,0,0,57,5,0,3,0,8,7,4,0,0,32,0,0,0,0,0,4,0,0,0,6,0,0,0,0,0,0,3,0,0,3,5,0,3,0,8,12,4,0,0,43,0,0,3,5,4,0,0,0,0,9,24,7,13,19,12,13,8,6,0,107,18,3,10,6,6,14,5,0,0,62,0,0,3,0,0,4,4,0,0,21,0,0,3,0,0,0,0,3,0,15,0,0,0,0,4,0,4,0,0,6,0,0,8,0,3,12,3,7,0,38,3,0,0,3,0,0,0,0,0,13,24,10,20,16,12,24,9,7,0,115,42,6,26,19,7,16,7,0,0,118,5,0,8,8,8,9,10,0,0,48,0,0,3,0,0,6,3,3,0,17,0,0,0,0,4,5,0,0,0,12,5,5,11,8,18,20,14,7,0,78,5,0,5,6,3,0,0,0,0,26
UCL222100,9,6,0,3,11,8,11,0,0,48,0,0,4,0,8,5,4,4,0,29,0,3,0,6,0,5,7,0,0,19,0,0,0,0,0,3,0,5,0,13,0,3,4,4,10,17,7,14,0,62,0,0,0,0,0,0,0,0,0,17,6,12,5,4,28,32,23,19,3,126,5,4,5,0,4,9,4,6,0,34,0,0,0,0,4,9,7,5,0,28,0,0,0,0,0,3,8,0,0,18,0,0,0,0,0,3,3,6,0,11,0,0,0,3,8,11,16,13,0,57,3,0,0,0,4,3,4,4,0,22,15,9,8,7,17,23,22,19,3,114,13,13,3,4,15,16,13,5,0,84,0,0,4,0,12,11,14,11,0,62,0,4,3,6,0,8,11,6,0,35,0,0,0,0,3,7,3,12,0,25,0,4,3,8,19,27,27,32,3,114,3,4,0,0,9,6,5,8,0,40
UCL222101,31,8,8,14,5,13,8,4,0,92,0,0,5,4,0,0,7,0,0,21,0,0,0,0,0,3,0,0,0,10,0,0,0,0,0,0,0,0,0,5,0,0,0,5,3,3,9,0,0,34,7,0,0,5,4,4,0,0,0,21,44,11,10,22,10,19,17,12,0,144,19,8,13,10,7,12,5,0,0,73,4,4,5,3,6,8,7,0,0,33,0,6,0,0,0,0,5,5,0,10,0,0,0,0,0,4,0,0,0,7,4,6,7,9,10,9,10,5,0,47,9,0,0,5,0,0,0,0,0,23,33,14,12,19,18,19,18,8,0,139,52,14,19,21,15,25,14,4,0,168,4,3,4,11,9,6,13,0,0,53,0,6,0,0,5,3,4,9,0,19,0,0,0,0,0,0,0,0,0,8,4,9,9,10,8,11,17,9,0,78,14,4,0,4,5,3,0,6,0,39
UCL222102,27,11,17,13,13,23,3,0,0,114,0,6,4,3,8,9,9,6,0,49,0,0,0,0,4,0,3,0,0,11,0,0,0,0,0,4,5,0,0,6,0,6,5,4,8,12,18,10,0,72,5,4,0,0,9,4,0,0,0,14,31,20,22,25,23,36,25,15,0,200,38,18,16,14,12,24,7,0,0,118,4,3,8,4,7,10,8,9,0,51,0,0,0,5,6,5,5,0,0,17,0,0,0,0,0,0,0,3,0,6,4,3,7,9,19,16,12,6,0,78,0,3,4,3,0,7,0,0,0,20,41,27,25,20,25,49,22,9,0,220,64,29,30,35,18,46,18,0,0,236,5,10,10,11,13,26,18,13,0,102,0,0,3,3,7,3,3,0,0,30,0,0,0,0,0,0,8,7,0,16,5,12,11,14,29,29,33,17,0,152,3,3,4,3,9,13,0,3,0,34
UCL222103,16,18,3,8,16,4,5,6,0,73,3,0,0,3,4,4,3,0,0,21,0,0,0,0,0,3,3,4,0,7,0,0,0,0,0,0,0,0,0,0,3,0,0,3,3,11,10,0,0,27,0,3,0,0,0,5,0,3,0,11,23,17,3,11,21,13,13,12,0,113,23,3,0,8,16,3,4,0,0,65,0,7,0,4,0,7,4,8,0,20,0,0,0,0,0,4,0,0,0,7,0,0,0,0,0,0,0,0,0,0,0,7,0,4,0,11,6,4,0,29,0,0,0,0,4,0,4,4,0,10,29,8,5,14,21,10,10,11,0,104,36,25,7,18,33,11,5,7,0,137,3,5,0,4,4,7,5,8,0,44,0,0,0,0,5,9,4,5,0,13,0,0,0,0,0,0,0,0,0,0,3,5,0,11,5,16,7,12,0,59,0,3,0,0,4,5,3,8,0,22
UCL222104,14,11,10,10,12,13,6,0,0,80,3,3,0,3,0,0,12,0,0,27,0,0,0,0,0,5,5,0,0,16,0,0,0,0,0,0,3,0,0,8,3,3,5,3,0,4,16,8,3,51,9,4,4,0,0,7,3,3,0,33,27,16,19,17,9,25,25,16,5,161,19,10,6,9,7,7,9,3,0,73,0,0,7,3,3,3,4,3,0,24,0,4,3,0,0,4,9,0,0,17,0,0,0,0,0,0,0,0,0,9,0,3,8,3,3,4,12,3,0,45,8,0,0,0,4,8,4,3,0,28,28,10,18,18,15,20,23,10,3,146,40,16,21,20,17,18,12,0,3,155,5,3,6,3,3,4,17,5,0,47,0,4,6,3,0,9,12,0,0,36,0,0,0,0,0,3,3,7,0,14,5,8,8,9,6,12,28,12,3,95,12,8,7,0,3,11,9,3,3,59
UCL222105,7,7,7,9,10,16,4,3,0,56,6,3,0,3,5,3,0,7,3,27,0,0,0,0,0,0,0,5,0,10,0,0,0,0,0,0,0,0,0,0,6,6,0,3,4,3,8,4,3,40,0,0,0,0,0,4,3,0,5,10,13,14,10,16,13,20,13,13,6,111,10,3,7,4,6,8,3,0,0,55,0,5,3,6,4,5,3,4,0,26,0,0,0,0,6,3,4,0,0,7,0,0,0,0,0,3,4,3,0,6,0,8,3,6,7,6,7,8,0,42,0,4,0,0,0,0,0,0,0,12,12,12,18,9,18,23,12,4,0,105,17,12,16,14,13,20,8,4,0,118,8,3,0,8,6,3,9,7,3,54,0,0,0,0,3,4,5,5,0,19,0,0,0,0,0,8,3,3,0,11,8,8,0,11,16,14,13,10,3,83,0,4,0,0,0,3,9,3,6,25
UCL231001,29854,17854,12972,15375,19781,19972,13184,4315,760,134063,3536,3244,2813,3842,5921,8815,9337,4184,858,42541,195,336,357,675,1378,2926,4120,2238,532,12762,8,22,70,135,482,1296,2364,1707,404,6486,3741,3595,3240,4652,7784,13043,15818,8124,1799,61788,3855,2741,3043,3395,3827,3966,3212,1527,369,25946,37453,24196,19262,23421,31393,36977,32210,13965,2926,221807,28720,14858,11837,14877,18998,18614,11374,3371,726,123380,2659,3706,3767,4824,6557,8780,8077,3662,891,42931,151,553,837,1138,2093,3297,3499,1810,597,13963,10,47,151,275,753,1563,1988,1220,425,6427,2822,4295,4756,6235,9398,13639,13567,6690,1912,63314,3626,2229,1803,2320,2977,3253,2550,1253,391,20401,35171,21383,18401,23422,31378,35508,27492,11317,3033,207104,58576,32708,24815,30246,38780,38586,24557,7691,1485,257447,6195,6950,6576,8669,12480,17594,17412,7847,1755,85474,351,882,1196,1811,3468,6220,7616,4049,1125,26726,16,68,219,407,1234,2860,4350,2932,832,12909,6564,7898,7995,10884,17179,26677,29379,14816,3712,125111,7484,4975,4847,5718,6814,7225,5760,2781,763,46350
UCL279997,0,0,0,0,0,3,0,0,0,10,0,0,0,0,0,0,0,0,0,0,0,0,0,0,0,0,0,0,0,0,0,0,0,0,0,0,0,0,0,0,0,0,0,0,0,0,0,0,0,0,0,0,0,11,3,7,0,0,0,25,0,0,6,16,3,10,4,0,0,36,0,0,0,0,0,0,0,0,0,0,0,0,0,0,0,0,0,0,0,0,0,0,0,0,0,0,0,0,0,0,0,0,0,0,0,0,0,0,0,0,0,0,0,0,0,0,0,0,0,0,0,0,0,0,0,3,0,0,0,3,0,0,0,0,0,6,0,0,0,6,0,0,0,0,0,6,0,0,0,14,0,0,0,0,0,0,0,0,0,0,0,0,0,0,0,0,0,0,0,0,0,0,0,0,0,0,0,0,0,0,0,0,0,0,0,0,0,0,0,0,0,0,0,11,3,9,0,0,0,29
UCL299994,273,237,381,275,225,184,109,24,0,1707,56,96,127,147,137,98,73,24,0,755,7,14,28,48,48,44,53,18,0,260,0,7,10,12,39,36,25,3,4,138,58,118,167,203,228,174,153,43,4,1152,263,221,392,530,468,284,133,19,8,2314,594,575,939,1008,912,644,392,90,15,5170,258,206,345,176,105,153,66,13,3,1322,44,121,161,128,88,80,47,16,9,696,6,39,40,48,68,34,20,12,3,264,0,8,21,27,38,46,23,9,0,164,48,165,223,204,190,155,91,40,10,1124,235,183,312,354,183,122,67,9,6,1475,549,556,878,730,479,429,224,58,19,3915,535,449,725,446,326,333,176,41,10,3028,100,209,293,272,223,178,121,42,7,1453,10,59,71,99,114,75,74,23,4,520,0,10,25,37,80,78,52,15,5,303,109,278,386,408,411,335,242,85,14,2271,501,403,707,880,652,410,198,23,9,3785
