UCL_CODE_2021,P_15_19_Num_chld_evr_brn_Nne,P_15_19_Num_chld_evr_brn_1,P_15_19_Num_chld_evr_brn_2,P_15_19_Num_chld_evr_brn_3,P_15_19_Num_chld_evr_brn_4,P_15_19_Num_chld_evr_brn_5,P_15_19_Num_chd_evr_brn_6_mr,P_15_19_Num_chld_evr_brn_ns,P_15_19_yrs_Total,P_20_24_Num_chld_evr_brn_Nne,P_20_24_Num_chld_evr_brn_1,P_20_24_Num_chld_evr_brn_2,P_20_24_Num_chld_evr_brn_3,P_20_24_Num_chld_evr_brn_4,P_20_24_Num_chld_evr_brn_5,P_20_24_Num_chd_evr_brn_6_mr,P_20_24_Num_chld_evr_brn_ns,P_20_24_yrs_Total,P_25_29_Num_chld_evr_brn_Nne,P_25_29_Num_chld_evr_brn_1,P_25_29_Num_chld_evr_brn_2,P_25_29_Num_chld_evr_brn_3,P_25_29_Num_chld_evr_brn_4,P_25_29_Num_chld_evr_brn_5,P_25_29_Num_chd_evr_brn_6_mr,P_25_29_Num_chld_evr_brn_ns,P_25_29_yrs_Total,P_30_34_Num_chld_evr_brn_Nne,P_30_34_Num_chld_evr_brn_1,P_30_34_Num_chld_evr_brn_2,P_30_34_Num_chld_evr_brn_3,P_30_34_Num_chld_evr_brn_4,P_30_34_Num_chld_evr_brn_5,P_30_34_Num_chd_evr_brn_6_mr,P_30_34_Num_chld_evr_brn_ns,P_30_34_yrs_Total,P_35_39_Num_chld_evr_brn_Nne,P_35_39_Num_chld_evr_brn_1,P_35_39_Num_chld_evr_brn_2,P_35_39_Num_chld_evr_brn_3,P_35_39_Num_chld_evr_brn_4,P_35_39_Num_chld_evr_brn_5,P_35_39_Num_chd_evr_brn_6_mr,P_35_39_Num_chld_evr_brn_ns,P_35_39_yrs_Total,P_40_44_Num_chld_evr_brn_Nne,P_40_44_Num_chld_evr_brn_1,P_40_44_Num_chld_evr_brn_2,P_40_44_Num_chld_evr_brn_3,P_40_44_Num_chld_evr_brn_4,P_40_44_Num_chld_evr_brn_5,P_40_44_Num_chd_evr_brn_6_mr,P_40_44_Num_chld_evr_brn_ns,P_40_44_yrs_Total,P_45_49_Num_chld_evr_brn_Nne,P_45_49_Num_chld_evr_brn_1,P_45_49_Num_chld_evr_brn_2,P_45_49_Num_chld_evr_brn_3,P_45_49_Num_chld_evr_brn_4,P_45_49_Num_chld_evr_brn_5,P_45_49_Num_chd_evr_brn_6_mr,P_45_49_Num_chld_evr_brn_ns,P_45_49_yrs_Total,P_50_54_Num_chld_evr_brn_Nne,P_50_54_Num_chld_evr_brn_1,P_50_54_Num_chld_evr_brn_2,P_50_54_Num_chld_evr_brn_3,P_50_54_Num_chld_evr_brn_4,P_50_54_Num_chld_evr_brn_5,P_50_54_Num_chd_evr_brn_6_mr,P_50_54_Num_chld_evr_brn_ns,P_50_54_yrs_Total,P_55_59_Num_chld_evr_brn_Nne,P_55_59_Num_chld_evr_brn_1,P_55_59_Num_chld_evr_brn_2,P_55_59_Num_chld_evr_brn_3,P_55_59_Num_chld_evr_brn_4,P_55_59_Num_chld_evr_brn_5,P_55_59_Num_chd_evr_brn_6_mr,P_55_59_Num_chld_evr_brn_ns,P_55_59_yrs_Total,P_60_64_Num_chld_evr_brn_Nne,P_60_64_Num_chld_evr_brn_1,P_60_64_Num_chld_evr_brn_2,P_60_64_Num_chld_evr_brn_3,P_60_64_Num_chld_evr_brn_4,P_60_64_Num_chld_evr_brn_5,P_60_64_Num_chd_evr_brn_6_mr,P_60_64_Num_chld_evr_brn_ns,P_60_64_yrs_Total,P_65_69_Num_chld_evr_brn_Nne,P_65_69_Num_chld_evr_brn_1,P_65_69_Num_chld_evr_brn_2,P_65_69_Num_chld_evr_brn_3,P_65_69_Num_chld_evr_brn_4,P_65_69_Num_chld_evr_brn_5,P_65_69_Num_chd_evr_brn_6_mr,P_65_69_Num_chld_evr_brn_ns,P_65_69_yrs_Total,P_70_74_Num_chld_evr_brn_Nne,P_70_74_Num_chld_evr_brn_1,P_70_74_Num_chld_evr_brn_2,P_70_74_Num_chld_evr_brn_3,P_70_74_Num_chld_evr_brn_4,P_70_74_Num_chld_evr_brn_5,P_70_74_Num_chd_evr_brn_6_mr,P_70_74_Num_chld_evr_brn_ns,P_70_74_yrs_Total,P_75_79_Num_chld_evr_brn_Nne,P_75_79_Num_chld_evr_brn_1,P_75_79_Num_chld_evr_brn_2,P_75_79_Num_chld_evr_brn_3,P_75_79_Num_chld_evr_brn_4,P_75_79_Num_chld_evr_brn_5,P_75_79_Num_chd_evr_brn_6_mr,P_75_79_Num_chld_evr_brn_ns,P_75_79_yrs_Total,P_80_84_Num_chld_evr_brn_Nne,P_80_84_Num_chld_evr_brn_1,P_80_84_Num_chld_evr_brn_2,P_80_84_Num_chld_evr_brn_3,P_80_84_Num_chld_evr_brn_4,P_80_84_Num_chld_evr_brn_5,P_80_84_Num_chd_evr_brn_6_mr,P_80_84_Num_chld_evr_brn_ns,P_80_84_yrs_Total,P_85_ov_Num_chld_evr_brn_Nne,P_85_ov_Num_chld_evr_brn_1,P_85_ov_Num_chld_evr_brn_2,P_85_ov_Num_chld_evr_brn_3,P_85_ov_Num_chld_evr_brn_4,P_85_ov_Num_chld_evr_brn_5,P_85_ov_Num_chd_evr_brn_6_mr,P_85_ov_Num_chld_evr_brn_ns,P_85ov_Total,Tot_Nmbr_child_ever_born_None,Tot_Nmbr_children_ever_born_1,Tot_Nmbr_children_ever_born_2,Tot_Nmbr_children_ever_born_3,Tot_Nmbr_children_ever_born_4,Tot_Nmbr_children_ever_born_5,Tot_Nmbr_chidrn_ever_brn_6_mr,Tot_Nmbr_childrn_ever_born_Ns,Total_Total
UCL201001,113970,292,35,4,0,4,15,9605,123919,134192,3774,1274,208,35,7,26,11676,151199,137387,16986,8460,2481,610,156,82,13407,179571,97818,42055,32695,8795,2303,644,338,11400,196055,51542,39537,62569,18754,4880,1397,915,9429,189018,31348,27031,61964,22921,6098,1854,1321,7080,159618,27069,24142,58914,25211,7074,2192,1631,6482,152713,24241,21974,57908,26222,7509,2123,1563,6037,147581,20001,19088,50579,25475,7718,2075,1443,5347,131720,16535,16778,45317,25143,8288,2224,1492,4975,120744,12632,14003,39071,22590,7863,2206,1439,4844,104647,9080,9841,35792,22219,7951,2282,1536,5148,93851,5524,5791,24705,17150,7029,2272,1694,4617,68774,3479,3705,15730,12890,6447,2407,2216,4473,51351,3936,4635,15221,13067,7372,3344,3752,7519,58840,688742,249628,510226,243119,81180,25180,19468,112039,1929594
UCL203001,2826,25,0,0,0,0,0,271,3123,2875,224,81,21,5,0,0,279,3487,2485,563,372,115,33,13,7,306,3906,1355,710,807,396,83,34,8,186,3572,785,623,1198,548,152,49,27,165,3549,539,481,1190,668,213,65,37,165,3355,514,470,1133,678,244,74,59,171,3353,481,415,1159,689,243,84,60,160,3290,455,350,1134,711,270,79,48,152,3204,445,334,1066,815,299,82,53,144,3241,372,294,1078,765,298,84,48,151,3093,258,189,969,747,361,103,60,178,2864,176,149,560,498,292,123,87,197,2080,118,68,316,335,240,103,112,165,1460,149,103,306,341,301,159,176,271,1807,13827,5002,11372,7340,3041,1054,788,2956,45383
UCL203002,2639,22,0,0,0,0,0,266,2927,2725,210,72,12,0,0,5,222,3240,2191,554,422,138,42,9,6,236,3593,1252,760,872,351,103,33,11,188,3574,654,553,1121,622,178,54,32,182,3389,513,387,1057,629,205,70,40,168,3064,421,398,1076,666,259,75,47,180,3123,429,375,1059,639,284,84,59,141,3070,393,347,1013,742,315,89,62,165,3132,372,341,1053,821,335,92,65,171,3247,283,230,1049,767,336,89,56,163,2975,229,205,920,767,313,111,52,176,2767,159,92,525,532,291,92,72,157,1921,103,83,304,353,250,104,93,188,1484,101,91,316,329,279,121,145,331,1714,12452,4650,10856,7373,3194,1023,752,2926,43222
UCL203003,4638,17,0,0,0,0,4,393,5058,5614,255,97,15,0,0,0,536,6521,5248,879,487,144,36,5,3,498,7300,3064,1647,1354,433,111,32,5,384,7033,1484,1186,2207,879,235,64,29,323,6421,1045,833,2031,972,322,93,60,289,5646,867,793,2112,1111,356,95,83,277,5699,815,723,1992,1075,386,109,76,261,5445,760,640,1887,1208,478,105,80,225,5375,656,568,1869,1290,443,109,71,231,5239,498,475,1724,1189,433,118,53,252,4744,385,337,1667,1123,423,134,68,297,4441,230,207,1034,868,409,128,85,262,3230,152,136,628,622,402,148,126,245,2462,186,222,659,657,442,211,213,293,2885,25647,8920,19760,11610,4466,1358,962,4759,77486
UCL211001,1005,10,0,0,0,0,0,102,1118,807,95,36,11,0,0,0,75,1025,670,222,183,61,26,3,0,76,1242,397,319,368,157,39,20,4,69,1374,258,192,467,222,82,20,17,77,1334,167,163,403,246,79,29,29,51,1171,144,156,409,262,85,34,26,47,1174,134,149,440,264,100,28,27,53,1193,113,122,461,277,103,21,19,60,1182,133,104,438,272,122,45,17,38,1173,99,112,405,302,120,28,13,62,1136,67,95,337,231,121,29,18,67,960,44,38,202,191,94,28,28,52,669,28,29,100,99,97,43,28,49,483,23,31,88,91,70,29,27,41,407,4097,1840,4338,2676,1157,353,263,908,15638
UCL211002,1913,16,0,0,0,0,0,251,2184,1717,251,96,22,0,0,0,203,2302,1500,623,425,160,47,12,4,277,3052,942,1005,1014,391,140,68,33,261,3852,592,593,1157,501,190,69,67,242,3414,380,410,797,461,196,84,97,197,2626,260,279,658,396,191,83,99,145,2100,237,249,610,418,187,84,84,146,2015,166,189,561,391,175,73,43,103,1710,130,142,612,412,188,61,41,83,1656,81,130,585,427,149,52,25,105,1557,52,83,442,333,167,46,32,89,1247,24,49,210,186,84,45,39,71,709,16,24,86,94,64,24,37,49,391,17,17,79,80,55,30,41,41,371,8024,4066,7340,4271,1830,737,638,2286,29181
UCL212001,549,0,0,0,0,0,0,46,599,522,24,12,5,0,0,0,33,599,486,150,79,18,5,0,0,42,786,298,202,257,76,23,8,3,34,895,128,141,345,129,22,10,3,29,813,97,106,260,149,49,13,6,27,713,101,88,275,145,40,12,3,30,697,75,101,248,138,59,21,5,24,674,64,62,235,158,51,10,11,40,616,58,63,240,162,55,14,10,20,622,43,51,198,161,62,11,11,31,554,41,49,201,132,59,18,7,35,542,28,18,120,109,55,10,6,35,381,16,9,58,66,37,19,11,19,228,18,21,47,75,42,28,34,21,277,2527,1081,2581,1516,551,172,113,457,9006
UCL212002,322,0,0,0,0,0,0,40,360,309,41,5,3,0,0,0,34,386,221,70,61,15,6,0,4,32,412,147,77,107,42,11,0,0,26,416,70,58,111,73,16,10,8,18,362,63,53,113,82,36,9,3,20,382,42,52,148,106,36,6,4,23,423,62,38,172,98,46,13,6,32,465,65,45,163,125,45,15,3,34,494,57,47,165,143,50,10,3,27,506,38,41,188,156,51,7,3,27,503,30,24,155,121,48,10,7,43,430,25,17,97,95,47,15,11,37,343,17,8,51,67,40,32,14,40,276,15,17,41,55,38,32,34,86,322,1479,584,1580,1193,468,156,103,518,6077
UCL212003,845,7,0,0,0,0,0,116,971,838,85,32,7,0,0,0,90,1060,801,210,169,53,19,4,0,129,1382,418,272,273,157,55,19,8,124,1329,217,182,358,163,80,25,17,102,1143,172,158,339,192,73,15,32,94,1077,158,121,360,217,96,28,30,76,1092,135,116,364,265,97,41,29,97,1148,137,94,379,251,99,35,17,84,1092,135,103,391,245,106,32,35,66,1112,99,74,355,260,95,26,16,69,997,66,62,343,278,111,33,25,89,1008,51,29,186,189,112,41,24,62,693,37,27,105,148,107,58,37,69,585,26,39,119,119,126,63,57,97,645,4135,1594,3786,2531,1172,417,338,1353,15322
UCL212004,530,0,0,0,0,0,0,63,584,363,3,4,0,0,0,0,35,400,292,37,20,4,0,0,0,36,391,255,136,128,39,6,0,0,21,582,152,111,319,141,27,3,3,35,791,86,77,364,167,33,3,0,38,761,109,106,361,195,44,13,4,34,857,106,87,301,145,48,7,6,38,733,132,62,287,180,54,9,3,37,756,122,61,342,213,63,11,4,48,857,104,66,324,229,76,10,0,58,872,50,62,294,201,61,22,8,51,746,38,31,159,124,59,7,4,25,448,14,17,80,83,34,17,14,19,271,19,31,79,61,47,22,16,42,315,2372,889,3047,1775,540,136,64,549,9372
UCL212005,1279,17,3,0,0,0,0,142,1446,1111,129,57,5,3,0,0,156,1460,976,333,219,91,23,10,4,156,1808,557,363,425,184,64,22,19,159,1789,281,231,515,290,110,55,27,149,1648,199,186,523,288,126,39,55,103,1520,170,163,483,327,110,49,65,104,1478,178,147,527,336,117,49,42,92,1483,166,160,473,372,139,47,42,112,1501,145,122,465,355,160,39,38,113,1425,101,107,475,368,154,40,25,98,1362,72,84,433,353,163,39,40,94,1279,59,43,231,251,168,54,43,105,958,35,26,137,197,118,67,52,96,729,41,46,147,180,145,71,70,116,838,5372,2158,5104,3606,1601,577,525,1796,20739
UCL212006,1020,0,0,0,0,0,0,76,1100,961,57,9,0,0,0,0,63,1102,892,212,100,28,0,0,0,60,1303,539,359,357,106,23,5,5,74,1457,300,254,520,218,37,11,10,52,1394,180,187,531,216,62,12,12,54,1263,180,195,507,265,85,28,6,60,1323,168,158,554,305,84,29,9,59,1374,138,161,531,335,105,21,15,47,1339,114,114,464,279,115,17,18,38,1154,91,106,378,261,104,26,18,25,1009,41,75,312,216,108,25,4,39,822,40,39,186,133,76,17,11,40,547,25,20,83,98,62,20,22,34,357,23,34,104,99,59,31,22,34,404,4724,1975,4642,2553,911,242,142,762,15947
UCL212007,573,0,0,0,0,0,0,54,625,437,9,0,0,0,0,0,36,475,387,41,14,3,0,0,0,43,491,348,181,140,43,3,0,0,25,743,209,159,415,163,32,3,0,40,1014,153,107,399,212,36,4,8,33,941,123,114,378,199,31,10,3,37,896,109,93,328,171,38,6,3,32,777,84,71,236,132,55,11,6,23,621,89,60,271,176,38,6,0,35,672,48,51,249,181,67,10,9,35,653,39,35,227,156,60,15,3,30,565,12,17,140,122,30,11,5,18,353,5,12,54,63,30,17,14,27,216,6,14,41,57,36,16,15,78,254,2628,947,2891,1664,456,114,62,545,9303
UCL212008,708,3,0,0,0,0,0,58,769,601,66,27,7,5,0,0,66,759,622,171,101,30,4,0,0,64,1000,331,212,284,99,17,10,3,66,1025,181,139,338,154,49,16,12,63,958,118,112,321,155,63,18,10,42,845,104,111,316,172,55,9,12,28,823,88,91,306,189,71,13,6,44,814,113,80,319,230,88,24,17,62,929,88,85,323,239,97,22,8,58,922,69,52,314,212,93,25,17,44,833,38,50,273,198,95,28,11,81,774,26,29,149,149,80,30,22,61,545,20,16,89,98,66,25,15,81,409,19,26,76,96,62,39,35,109,459,3129,1250,3237,2028,852,272,176,917,11861
UCL212009,865,3,0,0,0,0,0,87,958,749,43,12,0,0,0,0,56,874,681,165,107,29,3,6,0,78,1069,396,246,238,102,25,6,0,61,1083,178,164,369,156,52,7,8,59,994,153,172,365,186,66,21,14,61,1033,163,99,328,260,89,24,14,74,1048,144,129,393,251,105,25,15,38,1112,151,90,377,287,118,33,17,54,1131,160,112,354,314,128,33,18,63,1183,104,94,357,277,121,33,15,52,1048,82,49,277,299,133,45,21,71,975,59,32,179,194,95,63,25,72,730,40,20,94,138,93,36,61,64,543,35,31,111,123,107,55,84,118,674,3975,1450,3561,2619,1144,387,299,1015,14439
UCL213001,299,5,5,0,0,0,0,33,340,259,48,13,4,0,0,0,35,365,239,73,62,19,13,0,0,32,437,127,82,83,51,25,10,6,32,407,78,50,94,61,33,11,0,22,347,65,66,114,62,36,9,8,31,385,76,39,128,70,36,7,10,38,403,64,45,136,82,42,13,3,18,412,61,42,153,93,43,7,16,34,449,69,53,147,116,45,10,7,42,489,69,37,159,108,53,12,19,31,482,58,39,167,128,60,19,3,54,523,24,26,154,94,52,19,4,44,424,28,19,69,78,51,17,13,47,320,21,20,43,59,46,24,19,90,324,1524,633,1531,1037,536,164,102,568,6099
UCL213002,203,0,0,0,0,0,0,31,233,99,6,0,0,0,0,0,6,120,99,27,24,3,4,0,0,14,165,103,56,45,13,4,0,0,13,242,84,62,106,32,6,0,0,17,312,82,45,95,38,16,4,5,18,300,74,78,115,54,8,8,0,24,362,72,69,121,62,15,4,3,23,369,83,49,144,58,14,5,6,26,386,102,42,115,72,26,6,3,18,390,86,47,168,75,39,10,0,28,462,72,44,140,89,28,10,5,48,433,47,24,103,77,30,14,6,45,339,18,8,55,53,44,18,10,42,240,18,10,45,47,30,13,8,132,307,1239,574,1290,663,265,91,48,482,4660
UCL213003,304,3,0,0,0,0,0,29,331,268,25,9,3,0,0,0,13,317,241,66,49,16,4,0,0,26,397,106,75,108,53,18,3,3,15,387,68,56,117,62,23,5,0,15,348,44,34,86,79,42,10,6,17,323,45,39,106,76,36,4,3,14,333,57,43,137,93,41,10,9,13,403,52,34,113,92,52,18,8,21,379,46,28,111,120,67,17,3,15,411,37,36,124,95,51,18,7,31,394,30,24,101,105,66,18,19,38,406,32,10,74,63,53,19,12,25,297,17,11,54,71,33,29,23,25,260,20,16,42,79,50,28,42,44,319,1359,501,1228,1004,539,194,144,337,5301
UCL213004,339,3,0,0,0,0,0,30,370,305,39,12,0,0,0,0,30,392,303,110,73,31,7,0,0,44,568,135,127,160,68,19,3,0,25,546,92,63,160,84,39,4,3,30,471,53,52,118,95,29,18,7,25,391,61,54,140,95,25,10,9,18,421,54,54,167,101,46,13,4,16,454,44,40,158,123,42,18,10,24,455,52,48,165,135,53,14,11,20,499,40,31,149,114,65,14,8,24,447,28,28,159,141,42,14,8,29,462,16,19,113,96,46,16,8,8,329,14,5,51,60,40,17,10,21,218,11,6,49,53,42,19,24,11,225,1550,669,1676,1197,506,169,99,370,6236
UCL213005,378,0,0,0,0,0,0,29,410,300,16,15,6,0,0,0,17,348,262,67,46,11,4,0,0,14,405,154,92,145,47,11,4,0,16,472,110,83,202,92,30,4,0,23,536,65,73,176,94,29,12,3,14,463,99,68,175,99,36,15,6,14,499,69,59,169,114,37,8,10,6,479,75,74,237,125,40,13,6,20,587,80,60,248,166,79,12,3,19,664,73,56,261,171,54,8,5,19,653,46,51,235,136,50,14,8,27,579,28,28,136,133,57,6,8,27,429,20,10,63,72,38,20,13,24,256,12,24,68,76,24,12,14,22,255,1767,761,2173,1342,493,131,82,288,7036
UCL213006,345,0,0,0,0,0,0,22,368,210,4,0,0,0,0,0,15,226,156,33,16,8,0,0,0,11,212,100,68,64,21,3,0,0,0,261,54,58,230,93,13,5,0,18,465,49,61,215,89,21,4,4,16,456,41,43,199,123,25,4,0,4,446,26,49,164,102,25,6,5,8,385,26,29,141,86,26,5,4,10,333,25,23,110,85,30,8,0,9,287,25,29,73,57,22,0,0,11,215,13,18,102,74,31,11,3,6,265,5,10,81,59,24,9,8,12,205,7,8,33,27,17,14,0,12,108,6,11,32,21,24,0,12,43,140,1089,445,1459,851,258,66,37,187,4391
UCL213007,358,9,0,0,0,0,0,46,417,366,38,24,4,0,0,0,43,477,317,100,75,22,8,0,0,34,564,195,115,137,71,11,3,4,28,560,86,82,166,109,33,6,9,21,510,58,55,149,83,40,9,6,26,442,60,43,165,120,32,8,6,29,470,52,42,169,126,36,7,9,27,466,59,37,190,146,57,15,12,22,529,64,35,181,143,63,19,9,21,536,61,31,176,119,66,25,8,29,511,44,28,131,137,49,17,11,32,448,13,24,100,105,74,22,8,34,378,21,16,54,75,60,22,17,37,304,23,12,59,86,70,34,26,41,359,1782,675,1788,1345,596,195,121,471,6964
UCL213008,409,0,0,0,0,0,0,22,437,372,27,6,0,0,0,0,22,419,345,98,63,17,9,0,0,19,558,209,165,167,74,19,4,0,23,653,151,127,235,97,24,10,3,17,649,89,90,208,96,27,8,3,21,535,67,67,245,98,32,15,4,18,543,68,63,217,127,34,3,3,10,528,50,37,173,94,22,8,5,8,394,36,28,138,107,39,14,11,13,376,37,37,158,123,40,6,9,19,425,24,27,137,101,40,12,5,25,366,13,12,69,52,36,18,11,19,222,3,5,47,38,29,15,15,16,166,8,10,32,40,34,9,13,8,169,1878,784,1898,1054,375,116,75,261,6445
UCL213009,338,0,0,0,0,0,0,11,352,279,13,5,0,0,0,0,14,311,238,52,39,8,4,0,0,16,363,139,113,142,35,6,5,0,19,459,94,58,172,75,15,8,0,13,446,53,51,155,71,23,11,0,6,382,77,50,169,85,21,9,0,11,418,58,51,176,67,30,5,0,18,411,54,37,156,104,34,7,8,10,410,53,33,153,104,31,13,3,3,403,44,26,141,90,34,5,3,16,359,26,25,136,96,36,11,6,25,354,22,14,102,60,30,3,6,31,270,6,8,48,58,32,5,3,33,198,5,6,19,31,25,0,4,83,177,1483,551,1625,896,323,81,34,304,5295
UCL213010,330,6,0,0,0,0,0,39,377,310,49,24,0,0,0,0,45,425,273,90,73,26,7,3,0,45,521,132,97,122,54,11,5,9,40,469,105,69,123,76,34,9,4,50,469,72,47,122,73,30,7,9,36,393,61,55,146,77,37,11,11,39,448,60,59,174,112,52,28,21,38,544,60,56,174,127,54,17,15,50,548,57,47,173,129,63,23,16,47,548,56,39,197,160,60,9,12,47,587,40,39,155,148,59,28,8,43,526,13,25,101,99,44,33,17,44,371,7,12,70,79,53,27,31,32,313,19,21,59,75,66,27,34,30,340,1601,710,1719,1239,560,226,197,621,6878
UCL213011,310,8,0,0,0,0,0,62,379,282,52,25,5,0,0,0,70,441,182,74,67,21,12,0,0,53,410,125,84,113,49,17,9,7,62,480,95,47,78,64,27,15,7,63,393,59,44,78,48,21,12,18,55,336,66,42,123,73,38,15,20,39,404,64,56,123,73,38,8,25,60,449,65,43,161,96,41,17,10,48,488,70,43,140,109,53,18,17,48,503,25,27,151,112,51,17,3,42,432,37,13,138,108,39,14,6,42,394,19,12,77,96,38,21,12,38,310,9,8,46,70,32,18,19,42,240,8,10,59,40,38,20,28,87,291,1420,568,1383,984,446,177,162,812,5949
UCL213012,254,5,0,0,0,0,0,25,279,170,26,8,5,0,0,0,23,231,146,45,34,20,3,0,0,17,273,76,58,77,16,7,9,5,23,260,57,38,101,51,15,9,3,33,308,39,44,105,52,20,8,3,19,297,52,43,140,78,22,12,3,17,368,41,36,129,62,29,7,7,11,315,51,51,138,72,37,16,6,17,389,47,38,149,114,36,11,8,29,435,34,38,150,113,47,11,10,25,425,28,31,112,82,34,14,6,16,317,11,7,63,59,37,11,10,26,227,9,11,41,39,33,9,14,22,184,5,12,51,44,40,23,22,21,213,1008,488,1304,806,372,133,86,320,4517
UCL213013,338,8,0,0,0,0,0,31,378,284,30,10,4,0,0,0,26,350,265,71,56,10,3,0,0,32,438,149,104,104,51,13,3,4,19,449,71,77,170,76,30,8,3,34,475,57,38,137,83,40,8,3,24,395,57,56,154,102,29,9,9,21,438,80,60,156,121,47,10,9,33,505,57,33,161,104,32,15,11,17,418,52,44,178,119,54,16,6,18,488,45,26,169,113,49,17,10,28,467,28,24,148,116,52,19,5,30,426,19,17,92,92,57,17,15,32,335,10,4,43,71,42,23,23,33,253,13,13,44,51,43,29,27,74,293,1522,606,1633,1113,495,164,118,460,6119
UCL213014,224,4,0,0,0,0,0,22,249,273,25,9,0,0,0,0,37,344,234,77,60,17,6,4,0,44,450,121,85,107,44,10,3,5,31,412,55,64,117,69,24,4,3,30,363,48,38,95,52,29,17,3,20,317,26,25,88,71,29,12,5,11,270,36,28,82,82,26,15,7,16,286,34,25,99,111,28,15,5,22,337,30,19,107,80,38,6,6,18,306,26,10,101,95,32,15,3,17,296,19,7,85,78,38,10,9,28,280,16,11,55,67,47,15,16,21,244,5,10,39,60,37,30,22,28,228,13,8,38,52,54,20,37,40,265,1172,445,1077,886,398,165,114,394,4649
UCL213015,377,5,0,0,0,0,0,49,429,315,43,9,0,0,0,0,29,401,315,119,87,29,10,0,0,40,612,179,191,200,71,19,8,3,38,704,101,118,234,117,26,5,7,25,639,69,59,178,105,42,12,11,22,495,54,67,155,96,39,15,10,15,446,58,49,162,107,44,10,10,18,452,46,39,149,90,38,10,3,19,394,29,30,128,92,26,11,4,11,345,17,24,73,79,29,5,6,14,251,16,25,74,48,21,6,5,9,200,5,12,39,33,14,4,9,10,122,3,0,9,12,8,5,4,8,53,0,3,16,15,5,4,8,0,47,1588,789,1512,894,332,98,73,300,5589
UCL213016,494,0,0,0,0,0,0,64,566,407,52,14,7,0,0,0,33,512,350,102,73,23,0,0,0,58,611,198,105,137,70,20,3,5,32,575,115,86,194,87,22,11,3,25,542,94,78,210,132,39,13,11,27,609,101,72,202,123,58,11,7,48,627,73,60,228,159,49,23,13,39,645,90,54,199,163,65,20,5,35,643,69,73,218,172,80,28,5,32,669,58,37,210,174,92,21,8,37,634,59,41,193,188,84,17,10,51,636,51,32,143,139,72,19,25,60,538,22,13,83,107,71,28,26,57,411,34,12,100,111,81,43,47,80,510,2215,829,2217,1651,746,241,166,674,8739
UCL213017,506,4,0,0,0,0,0,40,551,439,40,16,5,0,0,0,31,521,418,101,69,25,6,0,0,53,681,222,146,190,78,11,7,0,45,691,136,100,208,119,33,6,4,31,640,91,67,183,112,31,11,0,26,516,68,70,200,142,43,9,8,21,575,71,60,223,156,59,21,8,26,622,76,71,195,135,54,13,6,18,572,69,48,201,178,79,13,13,35,641,58,39,214,169,63,20,9,36,597,39,42,187,161,64,20,13,34,570,38,27,135,134,56,25,14,36,462,11,12,64,80,59,27,17,27,306,19,26,57,85,62,25,42,39,356,2265,840,2136,1576,621,203,145,510,8306
UCL213018,170,4,0,0,0,0,0,4,177,121,20,10,0,0,0,0,16,164,112,32,29,8,0,0,0,11,196,46,49,53,23,11,4,4,11,191,36,21,71,53,17,3,4,11,218,24,12,68,54,19,6,3,14,204,17,30,73,52,22,0,3,13,223,33,25,83,60,30,10,6,12,260,39,23,94,76,15,10,0,10,267,28,21,110,106,32,16,0,13,326,46,32,140,112,33,17,10,28,405,30,26,139,110,49,13,5,37,402,16,23,81,72,40,16,20,40,295,16,6,47,38,34,16,9,29,198,19,20,44,30,48,12,22,44,234,749,335,1044,794,329,117,87,302,3756
UCL214001,166,0,0,0,0,0,0,19,190,140,25,9,0,0,0,0,28,206,115,22,34,19,0,3,4,22,224,71,44,62,32,7,0,0,16,240,38,19,53,32,14,3,6,18,178,29,20,57,35,17,0,0,13,177,29,18,64,37,22,10,0,15,186,37,18,85,52,19,6,3,11,231,46,30,76,49,20,10,11,18,254,21,18,75,67,23,6,5,17,241,18,23,83,71,29,5,3,21,248,28,15,61,66,25,11,11,15,227,11,12,48,50,24,8,9,12,188,13,9,31,31,22,8,16,15,143,11,3,21,39,38,26,13,20,172,791,274,765,582,262,88,78,250,3093
UCL214002,175,0,0,0,0,0,0,13,191,96,6,0,0,0,0,0,8,112,97,20,24,6,0,0,0,3,156,44,55,96,36,8,0,0,11,241,36,47,102,59,12,6,0,10,273,32,18,93,65,7,4,0,13,229,30,20,87,61,14,0,3,5,225,21,16,93,32,13,9,4,4,188,12,17,53,32,11,5,3,7,139,5,6,47,40,14,6,0,5,116,9,6,60,40,17,3,0,6,139,0,14,47,38,10,4,0,4,123,3,4,19,24,12,3,5,4,77,4,3,16,13,10,3,9,4,56,3,7,19,12,15,9,7,9,79,562,241,753,461,150,44,32,98,2348
UCL214003,192,3,0,0,0,0,0,28,223,170,5,3,3,0,0,0,20,207,126,40,50,14,0,0,0,23,260,96,49,62,30,8,0,0,24,257,49,26,80,44,12,5,3,29,250,42,28,61,49,13,6,0,15,222,47,30,64,51,17,8,3,30,242,50,45,106,65,27,6,5,20,330,49,35,117,76,37,10,4,19,352,62,41,124,97,40,10,7,27,401,36,48,128,89,39,18,8,14,377,44,37,157,101,39,9,11,36,425,29,19,97,71,40,21,10,38,312,14,7,51,60,41,27,11,44,264,24,15,56,67,38,24,33,68,318,1024,415,1151,813,347,149,97,448,4446
UCL214004,104,4,0,0,0,0,0,15,121,76,17,10,0,0,0,0,7,113,77,22,20,11,0,0,0,5,140,58,23,38,15,6,0,0,16,160,24,11,41,31,11,3,3,8,135,24,16,46,28,14,6,7,10,149,23,16,53,27,10,0,0,9,147,18,12,46,40,17,5,4,12,164,12,14,59,36,22,3,3,5,155,14,10,47,35,21,12,0,9,160,18,8,60,59,25,0,0,16,199,5,13,62,61,32,9,3,19,211,4,4,37,44,15,13,11,9,141,12,8,18,24,25,6,7,21,131,9,5,24,23,22,19,11,16,133,485,184,567,448,231,84,64,201,2267
UCL214005,22,0,0,0,0,0,0,5,26,17,0,0,0,0,0,0,0,18,12,3,0,0,0,0,0,0,19,5,3,6,5,0,0,0,0,24,0,8,10,9,0,0,0,0,25,0,8,7,7,3,0,0,4,30,9,4,6,9,0,0,3,3,37,9,8,9,5,7,0,0,3,42,9,4,16,0,3,0,0,0,29,9,4,21,8,6,0,0,0,39,6,5,8,13,0,5,0,0,36,6,4,17,18,4,0,0,4,49,3,0,3,6,0,0,0,0,21,0,0,0,0,3,0,0,4,10,0,0,0,0,3,0,3,0,14,92,47,119,87,33,11,11,22,421
UCL214006,114,0,0,0,0,0,0,7,120,86,3,4,0,0,0,0,4,97,65,25,16,3,0,0,0,10,126,52,25,42,19,0,0,0,11,156,32,28,55,21,6,0,3,14,173,24,26,70,31,7,0,0,6,167,30,31,54,39,6,0,5,16,189,44,28,65,38,10,0,3,10,211,42,32,103,52,21,4,5,17,277,46,43,124,66,22,3,5,30,336,31,30,139,98,45,4,3,34,392,27,21,146,86,32,9,5,23,346,14,14,74,73,26,0,3,30,238,9,5,34,43,22,5,3,18,146,13,12,46,46,29,13,3,28,185,628,323,980,627,239,50,38,266,3145
UCL214007,89,0,0,0,0,0,0,5,96,120,4,0,0,0,0,0,7,132,213,47,35,4,3,0,0,13,310,133,89,86,19,6,0,0,13,341,58,61,89,20,3,0,0,8,246,34,43,48,24,4,9,0,10,158,26,17,42,22,8,0,0,3,120,23,23,57,30,11,0,0,4,150,17,17,40,28,13,0,0,4,115,9,14,43,29,8,3,0,11,127,7,10,33,18,6,4,0,0,75,6,10,17,17,9,0,3,3,64,0,3,10,6,5,5,0,0,24,0,0,6,6,4,3,0,0,17,0,0,0,0,4,0,0,4,8,725,341,497,225,74,18,10,96,1986
UCL214008,239,5,0,0,0,0,0,34,287,194,24,4,0,0,0,0,17,246,133,57,42,15,0,0,0,12,263,100,57,66,19,13,5,3,13,270,46,38,74,54,27,0,3,19,263,25,32,94,58,22,7,4,12,241,40,28,87,56,22,7,12,17,255,35,41,103,70,27,8,0,16,294,50,20,120,79,36,6,6,12,341,39,29,121,84,27,7,11,21,339,38,30,110,105,35,10,3,16,356,28,20,110,80,49,6,5,26,324,15,13,85,73,38,19,12,31,287,15,8,42,51,35,16,13,30,211,13,9,52,52,42,22,31,40,256,1025,398,1108,796,368,113,101,320,4236
UCL214009,199,0,0,0,0,0,0,20,225,168,5,5,0,0,0,0,12,192,149,36,22,9,0,0,0,9,228,94,60,51,33,11,0,0,11,265,62,36,99,44,16,0,0,17,275,48,41,87,45,21,8,4,10,264,42,41,108,59,18,8,5,24,299,44,41,98,58,14,0,8,13,273,57,38,111,68,18,6,7,13,325,47,40,135,69,30,5,3,23,357,26,32,109,76,31,7,0,10,297,30,25,111,43,26,11,0,21,270,15,20,71,62,22,9,10,10,228,10,8,27,33,30,9,11,9,138,12,13,48,29,27,14,17,17,184,1012,444,1083,640,267,88,56,234,3820
UCL214010,103,0,0,0,0,0,0,13,107,64,4,5,0,0,0,0,5,74,61,13,5,0,0,0,0,3,91,55,23,40,13,6,0,0,7,139,36,17,66,32,3,0,0,3,158,18,20,67,45,12,4,4,3,166,19,15,58,38,6,0,0,12,151,33,20,63,40,10,0,0,12,179,33,25,76,43,13,0,0,5,199,46,17,118,76,10,11,0,5,284,38,25,120,88,20,3,5,22,325,28,9,120,74,44,10,4,15,308,16,16,75,64,30,8,6,14,235,11,4,36,37,29,8,3,12,139,13,12,28,29,24,11,3,21,138,578,226,872,592,195,55,29,141,2691
UCL214011,247,0,0,0,0,0,0,31,275,178,19,9,0,0,0,0,16,218,167,40,34,15,5,0,0,24,280,81,59,84,42,14,0,0,13,294,55,44,96,45,23,4,0,27,288,41,30,92,48,16,7,4,14,248,35,35,127,70,25,8,0,10,315,27,43,115,58,21,5,9,16,296,29,29,79,69,23,4,3,16,246,28,24,79,57,35,4,0,12,240,18,22,79,56,20,6,13,14,228,15,35,95,84,21,9,8,23,286,8,19,70,58,24,16,5,13,204,5,13,28,26,21,9,12,13,133,8,10,43,20,26,11,16,22,156,938,430,1028,652,257,78,66,268,3710
UCL214012,140,4,0,0,0,0,0,9,150,102,21,7,3,0,0,0,4,135,71,25,24,12,3,0,0,16,157,32,29,44,30,6,0,0,17,165,29,28,52,29,9,8,5,8,169,24,13,55,35,18,5,3,10,156,9,20,45,38,23,5,0,0,151,28,14,59,45,21,0,3,11,195,13,18,67,51,26,9,8,20,206,23,11,58,58,31,4,6,12,199,17,8,77,65,29,5,5,16,235,24,7,58,56,28,10,5,22,207,16,3,40,58,36,20,3,16,188,7,10,28,23,28,12,9,16,137,9,7,26,35,36,16,21,43,188,548,216,640,546,304,90,63,227,2634
UCL214013,114,0,0,0,0,0,0,8,123,81,3,0,0,0,0,0,7,91,81,20,12,0,0,0,0,12,125,67,28,33,11,4,0,0,6,137,38,34,64,21,4,0,0,11,170,31,28,74,21,8,0,0,0,169,47,28,64,21,8,4,4,8,187,59,25,59,31,12,3,0,7,190,46,21,40,30,8,5,4,9,161,51,14,49,33,18,0,4,3,177,23,21,56,40,17,3,0,6,172,21,17,50,43,17,9,0,13,167,19,10,45,28,17,8,7,9,135,20,9,23,26,15,8,4,10,118,14,11,39,32,29,11,10,15,162,709,268,599,345,149,50,31,126,2282
UCL214014,115,0,0,0,0,0,0,28,148,74,8,4,0,0,0,0,12,105,51,25,20,14,4,0,0,23,135,39,30,38,20,7,0,0,12,151,24,16,50,32,15,0,4,19,153,29,10,44,32,6,5,4,8,141,22,12,46,41,7,0,0,19,151,24,29,59,48,7,0,3,26,197,31,32,78,41,24,6,4,19,234,35,27,70,71,20,12,4,26,265,27,31,115,100,37,12,3,29,352,22,28,135,76,27,9,4,26,319,15,18,63,62,24,6,4,25,221,6,8,37,34,16,12,9,25,143,7,11,32,39,25,12,8,28,165,532,274,793,614,215,77,62,330,2887
UCL214015,160,0,0,0,0,0,0,14,173,83,7,5,0,0,0,0,10,109,64,22,9,5,0,0,0,10,113,38,32,45,30,3,3,0,11,166,26,27,63,33,15,5,0,6,177,15,22,68,38,14,4,5,11,172,26,22,54,28,12,5,3,8,159,18,13,58,34,17,5,3,8,153,35,16,60,33,16,10,0,10,170,23,13,68,58,28,9,3,11,211,18,18,70,56,26,4,4,8,204,29,23,77,61,27,9,9,6,240,11,11,41,41,19,12,8,11,151,3,3,37,34,21,12,9,18,134,8,9,23,31,32,20,11,8,148,572,235,665,484,239,79,52,143,2476
UCL214016,165,0,0,0,0,0,0,23,193,120,19,12,4,0,0,0,22,170,104,45,32,19,4,5,0,7,209,57,34,55,21,7,3,0,11,191,31,37,55,23,10,11,5,10,178,21,16,52,29,17,6,0,13,152,35,27,59,50,27,7,7,19,218,41,31,60,56,24,9,8,9,233,40,31,79,67,29,4,3,18,269,35,36,83,63,38,6,8,19,295,38,26,122,60,40,11,9,21,321,27,26,97,89,40,10,6,41,334,31,17,77,69,36,14,3,35,279,8,11,41,54,42,16,11,27,209,18,16,52,44,32,26,16,30,233,777,365,879,637,332,127,72,304,3494
UCL214017,79,0,0,0,0,0,0,5,81,67,4,0,0,0,0,0,5,81,47,3,0,0,0,0,0,0,55,31,20,17,9,0,0,0,0,79,18,16,40,15,4,0,0,7,102,20,22,45,17,0,0,0,12,114,22,13,58,27,6,0,0,3,139,28,26,49,36,8,0,0,4,157,39,26,77,39,14,0,0,9,207,51,23,82,66,21,9,0,18,263,52,22,115,79,31,7,0,23,341,25,26,111,88,24,4,3,20,300,16,14,84,74,25,0,4,19,239,12,0,44,42,30,7,13,18,164,11,4,35,53,29,18,9,7,168,522,215,767,537,198,50,31,161,2487
UCL214018,127,0,0,0,0,0,0,14,136,107,5,3,0,0,0,0,7,122,88,17,7,4,0,0,0,5,131,73,29,32,15,0,0,5,10,158,51,34,42,22,10,5,0,18,191,56,21,54,31,12,5,4,10,184,66,29,63,35,15,3,6,17,228,75,42,91,58,28,9,0,18,313,79,40,117,76,24,6,5,20,365,77,55,202,116,48,5,0,34,539,84,63,214,150,51,4,9,42,620,63,36,171,124,38,17,3,40,492,31,20,108,95,35,13,4,48,348,5,10,40,63,31,8,8,31,193,5,11,21,44,24,11,8,56,174,984,411,1167,831,313,81,48,362,4206
UCL214019,125,0,0,0,0,0,0,11,140,137,18,4,5,0,0,0,19,185,105,26,34,9,0,0,0,19,200,61,34,33,25,3,0,3,16,169,36,29,45,15,6,5,0,20,157,24,18,51,29,5,5,10,13,154,25,26,63,36,18,9,0,15,196,23,21,54,37,27,5,5,8,181,23,29,71,50,15,11,8,27,236,32,26,68,39,24,7,5,24,221,16,21,71,53,29,8,4,11,217,15,19,61,59,18,11,4,13,192,7,7,41,31,22,7,3,14,138,0,3,23,31,9,8,5,17,95,8,10,25,26,20,19,7,27,134,648,294,642,437,207,88,54,244,2607
UCL214020,120,0,0,0,0,0,0,8,126,109,9,4,0,0,0,0,7,140,91,33,27,5,0,0,0,15,173,55,40,34,22,6,0,0,8,168,35,17,40,21,12,4,3,14,144,17,18,38,23,12,0,0,6,123,27,11,50,27,14,4,3,6,149,26,17,66,35,29,5,4,16,194,23,20,70,52,20,10,0,10,201,23,19,58,34,20,13,0,15,194,18,14,72,56,21,9,0,13,210,16,19,60,56,27,10,0,20,215,10,11,51,38,24,10,6,29,161,3,3,22,21,13,3,6,28,109,13,3,19,19,12,9,0,53,143,587,246,616,415,212,82,33,255,2439
UCL214021,159,0,0,0,0,0,0,18,178,135,4,0,0,0,0,0,9,153,99,33,13,3,0,0,0,5,157,48,42,53,11,10,0,0,9,172,26,19,78,34,15,0,0,3,184,15,23,66,44,19,0,0,8,168,25,18,80,53,15,9,0,11,213,23,23,74,36,11,0,0,0,177,13,18,67,41,12,4,0,13,164,10,13,39,37,10,3,0,9,127,14,16,60,37,20,4,0,8,169,8,3,44,49,19,3,0,10,140,7,8,45,21,15,7,4,10,117,4,4,16,16,21,9,3,13,74,5,18,33,26,19,12,11,17,137,601,244,668,407,190,58,24,134,2330
UCL214022,177,0,0,0,0,0,0,21,194,152,16,6,0,0,0,0,11,186,116,46,26,5,3,0,0,18,224,58,41,44,26,11,3,0,23,204,41,38,73,37,11,3,0,23,218,23,32,66,43,17,0,3,19,209,40,37,67,49,17,12,8,14,237,46,33,74,50,20,16,3,11,254,46,38,77,83,24,8,3,20,292,50,37,119,74,31,11,9,27,358,46,43,126,77,34,13,9,26,359,32,26,129,107,40,18,4,43,406,17,16,72,67,35,14,11,39,275,5,11,32,60,30,17,12,24,195,11,14,51,59,33,14,17,28,224,862,422,960,744,309,118,68,345,3828
UCL215001,27,0,0,0,0,0,0,5,32,9,0,0,0,0,0,0,0,13,15,3,0,0,0,0,0,0,16,20,0,0,0,0,0,0,4,32,6,6,19,0,0,0,0,4,32,4,5,8,0,3,0,0,0,21,5,3,21,12,0,0,0,5,46,14,7,16,6,4,0,0,5,53,22,6,40,7,3,0,0,3,80,28,9,29,22,4,0,0,3,96,14,4,28,22,6,0,0,12,82,5,6,15,17,0,0,0,6,54,3,3,8,5,8,0,0,0,27,4,0,9,0,6,4,0,0,24,0,0,0,4,0,3,0,5,19,177,63,199,95,41,11,5,47,637
UCL215002,46,0,0,0,0,0,0,10,58,24,4,0,0,0,0,0,3,38,26,6,6,0,0,0,0,14,49,21,14,9,9,0,0,0,0,59,10,14,23,8,3,0,0,5,62,12,8,34,16,0,0,0,0,65,8,18,32,12,5,0,0,6,79,13,8,23,19,0,3,0,7,69,15,16,36,24,3,0,0,7,91,16,14,35,8,18,3,0,10,101,12,11,37,27,7,4,0,3,103,18,11,40,40,20,5,3,5,136,12,3,19,29,7,0,0,4,68,6,6,17,12,8,3,8,13,71,4,3,13,19,4,6,4,3,64,236,129,319,218,76,27,18,79,1114
UCL215003,54,0,0,0,0,0,0,0,59,42,3,0,0,0,0,0,0,46,47,6,0,0,0,0,0,9,58,44,14,14,9,0,0,0,3,76,21,18,22,8,3,0,0,4,86,22,10,37,9,5,0,0,0,87,18,11,44,17,7,0,0,3,102,22,8,30,19,0,0,0,3,86,15,13,56,28,15,0,0,9,143,30,12,56,27,11,0,6,10,153,21,11,54,40,14,5,0,9,158,16,10,60,37,20,6,0,5,162,8,3,46,27,7,3,3,5,99,3,4,11,16,7,7,0,0,48,4,11,10,21,6,4,4,10,75,363,130,448,263,99,26,16,89,1427
UCL215004,27,0,0,0,0,0,0,3,32,12,0,0,0,0,0,0,0,16,24,3,0,0,0,0,0,3,37,17,7,8,0,0,0,0,5,41,13,4,20,8,0,0,0,4,43,16,4,10,5,3,0,0,0,39,7,10,12,5,0,0,0,5,38,12,15,21,14,4,0,0,3,70,14,10,13,15,4,0,0,3,55,13,8,17,22,0,0,0,3,66,6,9,27,12,4,3,0,10,76,8,3,18,12,4,0,0,7,49,0,4,21,5,3,0,0,6,30,3,0,10,7,5,4,4,8,39,0,0,3,8,10,4,0,9,34,167,81,185,118,34,5,5,72,661
UCL215005,21,0,0,0,0,0,0,3,26,11,0,0,0,0,0,0,3,16,13,7,6,4,0,0,0,0,28,7,3,3,3,4,0,0,0,22,4,8,4,0,0,0,0,10,35,3,6,0,9,4,4,0,3,23,11,4,9,6,0,5,0,6,31,9,4,7,5,7,0,0,7,37,3,6,10,4,5,0,0,0,28,10,0,11,8,5,0,3,0,41,13,9,8,9,0,0,0,3,46,9,4,16,12,7,4,0,5,48,4,0,5,3,9,0,0,8,33,6,0,4,8,6,4,0,3,21,0,0,7,0,8,4,6,3,27,109,54,101,75,45,20,20,47,469
UCL215006,48,0,0,0,0,0,0,0,53,42,0,0,0,0,0,0,0,47,48,14,15,0,4,0,0,5,87,32,20,24,8,0,0,0,6,88,22,15,24,20,7,0,0,8,94,23,14,27,22,0,4,0,0,91,20,9,23,4,6,4,0,8,80,13,10,25,9,6,0,0,0,73,12,13,33,25,5,5,0,3,107,17,12,28,17,16,0,0,7,90,8,9,35,9,11,4,0,6,80,7,8,26,17,9,3,0,8,79,14,7,11,20,10,3,0,4,72,0,5,5,3,9,7,3,3,31,0,0,11,9,9,8,6,5,57,308,127,290,180,93,42,14,68,1122
UCL215007,51,0,0,0,0,0,0,11,60,24,0,0,0,0,0,0,3,30,26,3,0,0,0,0,0,0,30,13,10,11,3,0,0,0,4,48,21,10,34,23,5,0,0,8,99,7,5,34,20,0,0,0,8,80,8,10,45,23,5,0,0,6,89,16,12,44,13,5,0,0,3,98,10,10,33,16,4,0,0,0,72,15,11,34,30,9,3,0,9,114,8,10,42,25,8,0,0,4,96,10,3,39,16,4,6,0,8,83,3,0,36,26,6,0,3,6,78,9,0,16,11,3,0,0,6,41,7,0,12,12,5,3,9,4,44,224,90,384,223,51,13,15,70,1065
UCL215008,64,0,0,0,0,0,0,6,75,33,0,4,0,0,0,0,0,34,29,6,5,4,0,0,0,0,48,10,13,28,14,0,0,0,4,76,11,10,33,15,8,0,0,0,77,12,8,30,11,3,3,0,3,68,7,5,40,12,4,0,0,0,75,8,7,36,15,9,3,0,0,72,12,4,24,16,13,0,0,0,62,4,6,18,13,9,0,0,0,51,0,8,14,17,4,0,0,0,38,6,5,9,7,5,0,0,0,34,3,0,4,6,3,0,0,0,9,0,0,0,0,0,0,0,0,4,0,5,0,0,0,0,0,0,3,189,74,244,132,56,15,6,20,728
UCL215009,16,0,0,0,0,0,0,3,16,16,4,0,0,0,0,0,0,23,3,0,0,0,0,0,0,0,10,7,3,0,6,0,0,0,3,23,5,6,3,9,0,0,0,0,27,3,0,5,5,0,0,0,0,14,7,0,8,0,0,0,0,0,18,9,3,19,3,5,0,0,5,33,3,6,9,10,5,3,0,3,37,8,0,18,4,10,0,0,4,42,3,5,13,14,6,0,0,10,48,0,4,12,7,8,3,0,8,40,0,0,7,8,7,0,0,4,36,0,0,3,0,5,0,0,0,9,0,0,0,0,0,0,0,0,5,77,34,108,81,37,12,5,41,384
UCL215010,84,0,0,0,0,0,0,9,90,35,0,0,0,0,0,0,4,43,26,10,0,0,0,0,0,0,40,11,6,13,6,0,0,0,0,37,4,12,39,11,3,0,0,7,80,0,9,45,21,7,0,0,0,80,10,9,48,25,0,0,0,3,96,6,5,38,29,3,0,0,9,94,6,3,32,30,4,0,0,8,84,9,12,26,23,10,0,3,0,83,9,4,24,9,6,0,0,3,55,4,0,22,10,4,0,3,9,50,0,0,16,8,0,0,0,6,36,0,0,3,5,0,0,0,0,12,0,0,3,4,4,0,0,5,19,202,72,301,187,38,8,7,67,890
UCL215011,15,0,0,0,0,0,0,0,18,23,0,7,0,0,0,0,6,28,14,3,0,3,0,0,0,0,24,3,0,8,0,4,0,0,9,21,4,3,17,3,0,0,0,6,33,3,3,4,3,0,4,0,3,29,6,3,3,3,0,0,0,0,25,6,11,16,9,4,0,0,0,46,3,0,17,7,0,0,0,0,39,9,13,16,9,3,0,0,7,46,6,5,20,11,0,0,0,0,52,3,3,21,7,7,0,0,4,55,5,0,14,8,0,3,0,6,44,0,0,6,10,4,0,3,3,30,3,3,4,4,3,3,0,8,30,107,46,153,88,34,21,10,45,512
UCL215012,76,0,0,0,0,0,0,13,87,35,0,0,0,0,0,0,3,40,40,5,9,0,0,0,0,4,56,30,14,10,4,0,0,0,0,61,25,14,40,20,5,0,0,8,118,17,11,44,21,3,0,0,8,109,21,20,58,22,8,0,0,7,133,22,18,41,21,10,0,0,6,109,25,15,50,15,9,7,0,7,129,22,15,44,29,12,0,0,9,122,25,14,54,30,11,8,7,6,156,20,17,39,28,17,5,4,0,142,20,8,24,19,5,0,3,4,100,9,4,16,16,8,4,3,4,65,8,7,14,15,16,7,3,7,74,396,165,441,242,99,45,17,89,1493
UCL215013,104,0,0,0,0,0,0,13,111,71,10,3,0,0,0,0,0,84,107,38,20,8,0,0,0,14,191,62,89,82,17,6,0,0,11,263,24,29,104,42,9,0,0,6,214,20,27,62,30,9,9,3,3,155,19,22,49,29,9,5,6,6,130,17,8,30,18,12,9,0,7,90,12,11,34,16,8,5,4,3,90,5,6,22,14,10,3,0,4,64,0,3,17,10,4,6,0,3,42,3,0,8,7,6,0,0,0,30,0,0,3,0,0,0,0,0,7,0,0,3,0,0,0,0,0,4,0,0,0,0,0,0,0,0,0,421,249,435,191,67,31,20,71,1478
UCL215014,35,0,0,0,0,0,0,4,41,29,5,0,0,0,0,0,3,37,25,13,3,4,0,0,0,0,43,15,9,21,3,0,0,0,4,46,9,7,14,7,4,0,0,0,37,0,6,16,10,3,0,0,3,39,8,12,18,3,3,0,0,0,41,6,0,21,8,3,0,0,3,47,4,4,16,12,5,0,0,0,48,0,0,18,13,5,0,0,0,36,0,0,9,8,0,0,0,3,19,0,0,9,9,0,3,0,4,23,0,0,3,3,0,0,0,0,16,0,0,3,5,0,0,0,0,11,0,0,4,0,0,0,0,0,3,130,58,151,87,31,7,3,22,486
UCL215015,50,0,0,0,0,0,0,8,57,47,3,0,0,0,0,0,8,55,46,4,3,0,0,0,0,9,66,23,10,7,0,0,0,0,6,48,31,7,22,12,9,5,0,0,83,11,3,33,10,3,0,0,9,71,21,17,30,10,3,3,0,4,94,15,13,25,22,0,0,0,8,86,9,10,37,12,9,0,0,5,80,26,11,25,21,9,0,0,6,97,16,8,35,18,7,0,0,3,83,15,9,33,21,17,0,0,9,98,8,3,27,20,7,3,3,18,95,7,7,11,14,8,3,3,7,49,4,4,6,6,6,0,0,23,49,326,103,292,167,68,15,7,119,1110
UCL215016,96,0,0,0,0,0,0,8,103,87,6,4,0,0,0,0,6,104,78,28,27,7,0,0,0,5,143,38,17,44,16,3,0,0,14,141,31,14,43,25,8,0,0,8,134,17,17,49,28,10,3,0,5,128,18,23,37,33,12,3,5,9,135,21,21,34,34,12,0,0,12,135,12,4,40,42,14,0,3,4,133,22,17,32,35,19,6,0,10,138,9,13,46,20,16,0,3,3,118,6,7,31,21,14,0,5,8,84,7,10,15,14,10,9,4,5,67,0,3,5,9,8,5,3,5,36,0,4,4,12,9,4,3,15,51,453,192,413,303,126,34,28,110,1645
UCL215017,81,0,0,0,0,0,0,8,92,56,6,0,0,0,0,0,3,68,40,18,17,5,0,0,0,9,75,18,19,28,11,0,0,0,13,84,15,7,50,14,5,3,0,5,96,6,8,35,19,7,0,0,7,78,12,3,25,19,10,0,3,11,86,4,4,22,20,7,0,0,3,77,7,10,33,19,16,0,0,7,92,4,4,30,22,5,0,0,3,68,6,0,23,21,7,3,0,0,54,3,3,21,14,7,0,5,0,59,3,0,14,21,6,0,0,8,58,0,0,5,7,6,3,0,8,37,4,8,4,8,14,4,9,5,47,264,90,308,207,91,20,22,83,1082
UCL215018,58,0,0,0,0,0,0,9,67,43,5,0,0,0,0,0,6,46,30,15,10,3,0,0,0,3,58,19,14,10,17,4,0,0,5,72,19,6,24,10,4,3,0,4,61,13,10,21,20,12,4,0,4,82,11,3,21,9,14,0,0,3,72,13,12,22,25,9,6,3,8,96,10,8,32,26,11,5,3,9,101,6,14,37,27,13,0,0,7,111,15,6,43,30,12,0,0,16,119,19,6,34,39,16,4,0,6,119,9,0,27,32,16,9,4,10,96,7,4,12,19,16,9,7,12,95,3,10,6,16,12,6,11,18,81,281,114,299,269,148,49,26,114,1285
UCL215019,67,0,0,0,0,0,0,13,78,34,0,3,0,0,0,0,13,57,40,6,7,4,0,0,0,7,56,25,9,13,9,3,0,0,16,77,19,10,22,20,3,0,0,8,81,6,8,44,10,3,0,0,13,90,13,15,40,8,6,3,0,12,95,11,16,22,23,0,0,0,9,78,14,10,33,16,4,0,0,7,75,11,10,33,15,7,0,0,11,98,9,6,29,20,10,0,0,10,81,3,13,22,11,5,3,0,8,59,5,0,8,15,5,0,0,8,35,3,0,0,3,0,0,0,0,8,0,5,6,0,0,0,0,0,13,264,100,270,154,41,8,5,134,980
UCL215020,30,0,0,0,0,0,0,0,27,19,9,4,0,0,0,0,4,33,17,5,5,0,0,0,0,0,25,7,3,7,4,0,0,0,0,24,6,4,6,6,3,0,0,0,28,5,0,3,8,0,0,3,0,20,4,4,3,8,8,0,0,3,29,11,8,10,10,7,0,0,0,31,11,7,19,10,7,7,0,4,62,17,0,19,20,4,0,0,3,63,16,5,16,9,4,5,0,8,68,11,4,13,10,3,0,0,3,48,8,4,12,12,6,10,4,9,62,6,0,10,10,4,7,5,7,47,3,5,3,18,16,5,13,6,69,143,59,127,127,64,30,31,52,636
UCL215021,35,3,0,0,0,0,0,6,41,24,3,0,0,0,0,0,0,31,11,3,0,0,0,0,0,5,26,9,9,5,0,3,0,0,0,23,0,4,3,5,4,0,0,3,21,6,4,6,10,6,0,6,5,34,10,7,16,7,0,0,0,5,43,8,8,13,7,4,0,0,4,55,10,0,18,10,8,0,3,3,61,11,10,10,12,0,0,0,3,52,8,7,13,8,7,5,0,0,39,0,0,15,21,4,0,0,0,53,5,0,8,8,0,0,0,0,24,0,0,6,0,5,8,4,3,24,0,0,0,3,3,0,5,3,9,126,64,126,99,42,20,18,39,532
UCL215022,102,0,0,0,0,0,0,25,125,122,18,9,0,0,0,0,34,184,81,31,30,7,6,0,0,20,176,36,23,39,25,9,0,0,13,152,28,19,50,24,13,5,4,17,160,8,16,33,21,9,3,3,12,119,18,21,46,20,13,6,4,7,136,20,13,43,23,13,5,5,16,133,17,14,50,39,17,6,3,13,155,11,8,53,42,27,6,3,7,164,9,15,56,47,19,6,5,11,167,6,3,46,41,18,9,4,10,138,0,4,28,27,16,4,5,4,88,0,0,13,15,3,0,4,11,49,0,4,0,5,3,0,0,5,22,462,196,511,333,170,62,35,204,1971
UCL215023,33,0,0,0,0,0,0,0,37,24,4,0,0,0,0,0,5,30,25,3,15,3,0,0,0,0,39,9,5,9,11,3,0,0,0,36,7,0,9,5,6,0,0,0,29,0,7,10,7,0,0,0,0,35,6,4,15,10,6,3,0,0,41,12,0,19,20,4,0,0,6,62,4,6,21,20,8,0,0,0,62,9,12,14,6,0,4,0,5,49,0,3,14,19,7,7,0,0,60,5,3,11,14,3,3,0,0,43,10,0,14,16,5,0,4,5,64,4,0,5,8,7,4,3,8,39,5,0,7,9,6,4,3,6,49,149,44,167,148,61,33,22,48,672
UCL215024,28,0,0,0,0,0,0,4,35,16,6,4,0,0,0,0,0,31,11,11,8,0,0,0,0,0,35,5,3,13,9,0,0,0,4,38,12,5,19,8,4,0,0,4,48,9,8,10,7,5,0,0,7,45,13,5,13,17,4,0,0,0,54,7,4,15,11,9,0,5,7,53,6,4,13,16,5,0,0,3,46,10,5,26,19,6,3,0,6,72,11,4,25,35,14,0,0,6,91,8,7,33,21,15,0,4,8,100,9,0,19,15,12,3,0,11,64,3,0,13,7,15,11,8,8,66,5,0,6,9,25,3,6,11,64,144,60,206,180,113,32,22,81,845
UCL215025,12,0,0,0,0,0,0,4,19,7,0,0,0,0,0,0,0,11,16,0,6,0,0,0,0,0,21,6,0,5,8,0,0,0,0,22,3,8,9,4,6,0,0,0,27,6,6,7,5,4,0,0,0,23,0,0,10,11,3,0,0,0,25,3,6,9,4,4,0,0,5,30,10,3,18,19,5,0,0,6,67,7,0,13,13,0,0,0,0,42,3,5,29,20,5,0,0,9,69,6,0,19,15,3,0,0,0,42,6,0,5,9,4,0,0,0,29,0,0,0,0,0,0,5,0,8,0,0,0,0,0,0,0,0,5,99,36,125,95,35,4,8,35,437
UCL215026,13,0,0,0,0,0,0,6,22,18,0,0,0,0,0,0,0,17,16,3,0,0,0,0,0,4,26,10,10,5,3,0,0,0,0,36,6,4,5,3,0,0,0,3,29,0,3,11,3,0,0,0,6,26,8,3,7,5,3,0,0,5,34,0,7,12,3,4,0,0,3,32,11,10,17,7,5,4,0,7,47,8,0,25,18,5,0,0,3,51,5,5,20,10,8,0,0,0,45,0,7,18,14,8,0,0,3,52,0,0,11,6,0,0,0,9,32,4,0,0,0,3,0,0,0,10,0,0,0,3,3,0,0,0,11,105,66,137,76,38,13,3,45,481
UCL215027,17,0,0,0,0,0,0,10,22,13,3,0,0,0,0,0,0,22,12,7,0,6,0,0,0,3,27,3,3,5,0,0,0,0,0,21,6,6,18,9,3,0,0,6,38,6,3,5,4,5,0,0,3,24,4,0,13,0,0,5,0,3,22,3,0,14,7,3,0,5,9,40,9,0,12,14,8,4,0,4,39,5,0,14,15,3,0,0,6,49,6,0,12,7,3,0,0,4,42,6,4,20,3,6,3,0,3,45,4,5,9,13,3,4,0,0,43,0,0,8,11,11,3,0,9,37,0,4,4,11,11,3,6,11,43,97,38,133,102,54,19,15,66,518
UCL215028,57,0,0,0,0,0,0,5,66,32,3,0,0,0,0,0,7,40,27,11,13,9,0,0,0,5,52,17,11,13,13,0,0,0,5,67,16,11,22,11,3,0,0,11,78,10,7,23,13,0,0,3,10,80,11,13,26,12,4,0,0,8,78,9,11,36,13,12,0,0,13,87,14,9,37,17,10,7,0,8,102,23,11,42,24,14,3,3,16,129,14,15,41,25,11,3,0,10,128,20,0,34,24,14,6,0,5,111,9,6,22,26,6,0,3,6,80,0,0,15,16,4,14,4,13,71,7,4,7,17,12,0,5,24,77,274,113,328,223,90,38,25,147,1236
UCL215029,43,0,0,0,0,0,0,12,55,36,0,0,0,0,0,0,6,43,49,0,0,3,0,0,0,7,65,42,9,14,3,0,0,0,12,93,25,19,16,19,3,0,0,5,78,31,24,27,13,0,0,0,7,108,46,24,27,14,4,5,0,9,127,60,34,51,16,5,0,0,13,173,68,23,50,14,9,3,0,14,182,71,23,51,34,12,4,0,15,212,52,19,63,32,9,3,0,22,194,23,24,46,27,12,3,0,18,158,17,10,32,27,7,9,3,4,105,5,10,22,22,11,3,4,13,89,8,6,18,17,16,11,10,16,106,570,240,421,235,87,43,25,169,1785
UCL215030,30,0,0,0,0,0,0,4,36,18,7,0,0,0,0,0,0,23,21,3,10,6,0,0,0,6,36,9,5,9,6,0,0,0,0,24,3,6,11,4,4,0,0,6,26,4,3,6,6,0,0,0,0,25,7,8,4,10,3,0,5,5,39,11,4,18,8,7,0,0,3,44,7,7,12,12,0,0,0,6,51,8,4,28,10,7,0,0,4,62,7,6,10,10,6,0,0,6,51,3,5,15,6,11,3,0,9,50,3,0,16,14,3,6,0,4,42,4,3,3,11,8,4,0,3,37,4,0,10,12,4,0,0,13,42,135,68,153,107,52,16,10,57,590
UCL215031,20,0,0,0,0,0,0,5,26,12,0,5,0,0,0,0,3,17,15,3,6,0,0,0,0,0,26,11,4,6,4,0,0,0,4,30,4,3,6,10,5,5,0,4,25,3,4,9,7,0,0,0,0,35,6,3,12,8,9,0,0,5,38,7,4,14,11,4,3,0,4,47,11,0,10,19,13,0,0,5,62,8,3,16,11,5,4,0,0,44,4,8,14,20,4,0,0,3,56,3,3,13,17,15,0,0,4,52,7,3,6,10,5,0,8,0,40,4,3,11,15,3,0,0,6,46,4,4,3,19,10,9,5,14,55,108,38,131,146,73,26,12,64,598
UCL215032,54,0,0,0,0,0,0,9,70,35,3,4,0,0,0,0,3,41,38,12,15,4,0,0,0,6,80,23,14,17,8,5,0,0,8,71,20,20,18,9,5,4,0,12,83,21,15,27,18,5,0,0,7,89,14,13,28,17,3,0,0,9,85,6,17,21,17,6,8,0,4,82,13,14,37,24,7,3,0,11,107,18,16,42,26,11,0,0,10,125,12,12,43,39,15,3,0,7,141,7,5,57,29,9,0,6,14,136,12,6,21,29,14,0,9,11,102,8,3,11,21,11,6,4,8,82,16,3,18,28,23,6,7,10,115,295,159,357,271,127,40,38,125,1406
UCL215033,93,0,0,0,0,0,0,3,96,39,0,3,0,0,0,0,0,46,37,10,7,7,0,0,0,0,62,26,33,38,19,0,0,0,4,118,20,24,60,34,7,0,0,0,145,15,32,76,27,3,0,0,0,154,13,13,57,14,10,0,0,0,109,12,15,37,19,0,0,0,3,86,8,3,26,15,9,0,0,4,66,5,0,25,12,0,0,0,0,47,0,0,26,7,9,4,0,0,53,0,0,12,19,4,3,0,0,43,0,3,3,4,0,0,0,0,16,0,0,0,0,3,0,0,0,5,0,0,0,0,0,0,0,0,0,271,138,372,185,44,11,6,21,1043
UCL215034,26,0,0,0,0,0,0,5,32,18,0,0,0,0,0,0,7,24,15,5,3,0,0,0,0,0,17,11,4,5,0,0,0,0,0,17,4,6,4,0,7,0,0,0,23,0,3,14,7,0,0,0,3,26,4,5,11,4,3,0,0,0,30,5,9,10,3,0,0,0,10,33,8,3,14,8,3,0,0,3,44,10,5,20,6,10,0,0,0,59,9,3,26,13,12,0,0,7,74,10,9,19,25,6,0,0,18,79,7,0,22,18,6,0,0,6,66,4,0,11,15,8,0,4,6,49,3,0,14,21,14,7,0,3,65,134,42,170,128,75,21,14,68,650
UCL215035,46,0,0,0,0,0,0,4,51,31,0,0,0,0,0,0,0,34,37,15,3,0,0,0,0,3,56,18,14,19,9,0,0,0,0,64,3,0,22,9,7,0,0,0,49,0,0,17,17,9,0,3,4,53,8,7,18,12,0,5,5,0,49,0,9,14,8,0,0,0,0,45,4,6,12,11,0,0,3,0,45,4,3,15,8,6,3,0,4,48,9,3,21,13,0,0,0,7,52,4,0,15,13,7,0,0,3,45,0,0,9,15,3,0,0,3,29,0,0,8,5,5,0,0,9,18,0,0,0,6,0,0,6,0,13,166,60,183,134,37,8,17,42,652
UCL215036,25,0,0,0,0,0,0,7,38,26,0,0,0,0,0,0,4,29,11,8,0,4,0,0,0,0,19,8,10,9,6,0,0,0,0,33,3,5,13,6,0,0,0,4,32,3,7,23,6,5,0,0,6,44,4,3,14,14,3,0,0,9,52,4,3,16,10,0,0,0,0,41,10,4,15,10,11,0,0,6,55,0,4,14,6,3,0,0,8,37,0,5,10,17,0,0,0,0,39,0,4,13,7,3,0,0,3,31,0,3,14,4,0,3,0,0,25,0,0,3,3,0,0,0,3,14,0,0,0,0,3,0,0,0,13,107,46,144,91,34,6,7,54,490
UCL215037,15,0,0,0,0,0,0,0,18,27,5,0,0,0,0,0,0,28,22,12,10,4,0,0,0,3,50,17,13,7,0,0,0,0,0,37,5,6,13,7,5,0,0,0,37,10,8,10,9,0,0,0,3,35,7,5,8,8,3,0,0,3,33,7,6,13,13,0,0,0,3,43,15,3,22,10,9,5,0,10,66,7,6,14,15,9,0,0,3,57,6,6,20,16,4,3,0,4,59,0,3,17,11,4,3,0,4,45,3,4,9,10,6,0,3,10,38,0,0,0,3,0,0,0,5,17,0,0,0,3,0,0,0,3,9,134,75,157,106,36,18,11,53,580
UCL215038,20,0,0,0,0,0,0,3,22,25,5,0,0,0,0,0,6,33,15,8,4,0,0,0,0,11,32,12,8,6,6,3,0,0,8,42,5,8,7,7,0,0,0,0,36,15,13,4,9,3,7,0,11,54,11,6,13,3,3,3,0,5,47,3,9,13,4,0,0,0,10,45,9,13,26,7,4,0,5,8,64,13,5,26,25,9,0,6,7,91,14,8,34,23,7,0,3,9,95,15,10,26,18,7,5,0,9,90,5,10,15,9,3,4,5,13,69,3,8,12,6,8,5,4,15,56,3,5,12,14,4,6,8,6,59,166,108,200,144,60,31,30,103,837
UCL215039,37,0,0,0,0,0,0,4,38,14,6,0,0,0,0,0,4,26,14,11,10,0,0,0,0,3,34,12,11,13,9,5,0,0,3,46,6,3,10,14,3,0,0,3,44,5,9,5,5,3,0,0,3,31,8,3,18,6,3,0,0,5,40,5,0,4,16,14,0,0,5,40,8,6,16,7,7,5,0,5,52,5,0,9,9,4,5,0,5,42,3,3,19,18,8,3,0,4,61,3,0,17,19,11,5,3,4,64,0,3,8,21,9,0,0,0,42,4,0,5,10,12,0,6,0,32,0,5,20,5,5,4,4,4,41,115,55,156,130,77,28,14,61,634
UCL215040,29,0,0,0,0,0,0,9,36,11,3,0,0,0,0,0,5,17,11,3,4,4,0,0,0,4,39,4,4,8,6,0,0,0,0,30,6,4,13,3,0,0,0,7,36,3,8,0,5,4,0,0,0,24,3,4,9,3,6,4,0,3,34,9,11,19,4,0,0,0,3,44,0,3,16,15,3,0,0,4,44,4,4,22,5,10,0,4,10,57,8,5,20,15,9,0,0,7,61,6,0,18,16,0,3,0,10,55,0,0,15,4,0,0,0,3,26,0,0,6,4,4,6,3,0,29,0,5,5,4,4,13,5,12,48,102,62,150,89,44,26,14,78,566
UCL215041,61,0,0,0,0,0,0,9,82,59,13,4,0,0,0,0,4,72,29,16,18,10,3,0,0,8,84,25,16,18,10,4,0,0,4,82,16,9,27,28,8,0,3,9,92,10,11,24,15,15,6,4,7,93,19,13,13,13,10,6,7,4,89,16,11,30,33,16,3,5,11,128,16,11,36,50,15,7,3,9,132,17,12,33,54,13,9,6,11,154,15,5,37,35,25,0,0,14,130,11,9,33,40,25,3,6,5,137,11,4,25,39,20,8,5,13,120,8,0,24,27,15,4,6,21,100,3,8,22,29,34,11,15,19,133,313,132,339,371,209,61,55,149,1621
UCL215042,28,0,0,0,0,0,0,6,37,28,6,0,0,0,0,0,0,32,19,8,6,0,0,0,0,0,28,17,8,6,3,0,0,0,0,37,6,3,12,10,4,0,0,0,35,11,0,12,5,4,0,0,8,43,10,4,16,6,0,5,0,8,53,13,0,25,6,4,5,0,6,55,10,0,13,13,9,0,0,0,48,4,5,25,8,0,0,0,0,48,4,8,15,5,3,0,0,0,29,0,3,4,6,0,0,0,0,30,0,0,8,4,0,0,0,0,11,0,0,0,0,0,0,0,0,7,0,0,0,0,0,0,0,0,0,149,42,137,73,27,12,5,38,490
UCL215043,106,0,0,0,0,0,0,6,113,72,10,0,0,0,0,0,8,85,71,38,32,3,0,0,0,4,145,34,28,66,19,3,0,0,3,156,18,19,49,19,4,3,5,8,129,14,23,35,24,9,0,0,9,101,3,15,30,23,13,5,4,3,92,7,5,33,17,0,4,0,0,72,4,5,31,25,7,5,0,0,79,3,7,22,18,4,3,0,3,63,0,5,19,10,9,3,4,3,54,4,9,19,18,8,0,3,4,71,3,0,11,12,7,3,0,3,44,5,4,4,7,7,4,0,5,38,3,0,17,14,10,8,4,10,66,343,168,365,217,91,34,17,73,1316
UCL215044,45,0,0,0,0,0,0,9,51,28,3,0,0,0,0,0,3,38,23,10,8,0,0,0,0,4,46,17,16,17,9,0,0,0,3,65,4,11,28,3,9,0,0,4,54,0,3,17,12,4,0,0,3,44,3,4,18,14,3,0,0,4,42,16,5,21,15,4,0,0,0,59,5,3,16,16,14,0,0,3,60,6,7,15,19,11,5,8,7,64,12,0,17,13,5,4,0,9,65,4,0,6,14,0,0,0,6,36,4,0,11,10,4,0,3,4,42,0,0,5,0,0,0,5,0,15,0,0,0,0,4,4,3,5,21,175,72,186,129,54,17,17,60,710
UCL215045,82,0,0,0,0,0,0,10,87,58,7,4,0,0,0,0,7,83,64,13,19,4,0,0,0,4,111,31,19,28,25,7,0,0,8,121,28,13,26,25,8,7,0,10,105,19,6,28,19,4,0,0,4,90,14,26,36,30,7,6,3,5,120,11,12,40,40,14,3,3,9,133,17,4,37,40,19,9,0,7,131,24,20,49,35,18,0,3,11,158,24,17,47,40,17,5,3,11,158,14,9,33,38,14,0,3,7,128,5,8,32,39,14,0,0,10,107,0,0,12,11,15,9,3,9,61,0,4,21,37,28,6,9,14,110,387,165,411,377,162,38,35,124,1705
UCL215046,42,0,0,0,0,0,0,4,45,34,3,0,0,0,0,0,3,42,31,10,8,0,0,0,0,0,46,22,18,25,5,0,0,0,3,74,16,12,22,12,0,0,0,3,64,7,3,22,5,3,0,0,4,47,5,6,16,9,4,4,0,3,50,11,3,22,9,5,0,0,0,50,4,4,19,18,4,0,0,6,58,10,6,24,14,6,3,3,0,69,7,6,22,12,8,0,0,0,61,5,4,11,12,5,0,0,6,46,3,5,6,7,6,0,0,0,30,0,0,3,3,0,0,0,4,9,0,0,0,3,4,0,0,0,10,186,77,207,123,52,8,4,43,705
UCL215047,56,0,0,0,0,0,0,5,61,54,4,0,0,0,0,0,3,70,57,28,16,8,0,0,0,0,108,29,17,31,16,0,0,0,9,100,7,10,21,16,6,0,5,10,78,4,4,20,14,0,0,0,10,50,5,7,18,10,9,5,5,4,66,3,4,21,10,12,0,0,6,62,0,4,22,16,5,3,0,5,52,3,9,16,11,6,0,0,7,42,4,5,12,7,3,0,0,3,38,0,0,14,14,5,4,3,0,45,0,6,11,7,5,0,0,4,30,0,0,5,3,0,0,5,0,17,0,0,4,3,7,0,0,0,20,234,94,219,131,63,17,15,58,847
UCL215048,36,3,0,0,0,0,0,3,41,35,4,0,0,0,0,0,0,47,36,22,18,3,3,0,0,10,98,24,22,26,14,4,0,0,5,97,14,11,17,8,10,0,0,11,71,13,6,11,11,4,0,0,0,52,3,4,15,7,3,4,0,3,34,8,4,13,10,3,5,3,7,49,4,9,14,5,17,8,0,4,61,4,7,14,15,7,3,0,6,51,5,3,13,14,3,0,0,3,52,0,3,15,14,4,4,0,0,39,0,4,9,6,6,3,5,0,30,0,3,5,3,0,0,0,5,15,0,0,0,4,0,0,3,0,10,188,111,170,121,57,23,18,71,750
UCL215049,14,0,0,0,0,0,0,0,15,16,0,0,0,0,0,0,0,15,29,0,0,0,0,0,0,0,30,22,11,0,0,0,0,0,5,45,7,6,5,6,0,0,0,0,22,4,3,11,0,0,0,0,5,27,3,3,10,3,3,0,0,0,22,8,3,9,10,0,0,0,7,35,4,8,14,11,4,0,0,5,54,9,6,15,23,3,0,0,7,59,12,10,30,14,11,3,0,10,74,9,0,18,17,4,0,0,4,58,0,4,14,6,3,0,0,0,34,0,0,6,8,3,0,0,3,24,0,6,4,10,3,0,0,8,35,139,57,144,112,30,9,0,58,550
UCL215050,74,0,0,0,0,0,0,10,78,29,5,0,0,0,0,0,5,34,16,3,3,0,0,0,0,8,29,18,11,12,0,0,0,0,0,46,9,11,45,19,5,0,0,6,99,15,10,41,26,0,6,0,6,109,12,5,50,25,5,4,0,8,116,20,6,44,22,10,0,0,10,114,16,14,44,22,3,0,0,6,108,9,6,42,16,9,0,0,9,98,4,8,55,26,5,4,0,7,109,16,6,26,28,3,12,4,12,107,5,5,19,12,3,4,0,3,52,4,6,6,12,0,0,0,0,27,0,3,4,3,0,0,0,0,10,246,109,403,208,54,27,12,81,1141
UCL215051,115,0,0,0,0,0,0,11,125,84,14,7,0,0,0,0,8,113,62,24,19,3,3,0,0,14,125,37,25,38,28,10,0,0,8,143,21,13,52,24,20,3,0,9,145,17,9,44,41,18,3,4,6,138,12,12,36,26,16,0,3,8,114,11,16,38,30,13,0,0,13,121,17,7,57,44,12,0,3,10,149,15,16,49,56,17,5,4,5,163,7,9,50,42,16,9,3,13,155,6,11,53,42,19,7,4,13,162,6,6,36,34,15,6,10,10,136,4,9,14,30,10,3,7,10,84,4,6,17,19,20,5,8,6,89,429,164,511,423,187,55,57,136,1953
UCL215052,19,0,0,0,0,0,0,7,25,13,0,0,0,0,0,0,0,13,16,6,0,0,0,0,0,0,21,9,4,8,0,0,0,0,0,22,12,8,6,0,0,0,0,0,26,7,3,8,5,0,0,0,4,31,15,4,10,0,3,0,0,0,39,14,9,15,6,0,0,0,0,51,21,14,21,15,3,0,0,7,77,24,8,20,9,9,0,0,4,74,19,18,26,13,6,0,0,3,92,13,4,25,13,4,0,0,8,72,8,8,17,11,0,3,0,0,52,6,5,6,5,0,0,4,0,32,0,3,8,7,0,3,4,3,29,201,86,177,97,37,9,9,42,665
UCL215053,62,0,0,0,0,0,0,9,69,44,0,4,0,0,0,0,7,51,91,15,5,3,0,0,0,11,126,35,22,29,11,5,0,0,3,105,22,21,40,26,4,3,0,11,129,12,17,42,29,16,0,0,11,130,18,13,36,19,10,0,0,11,113,20,11,39,29,6,3,3,3,110,23,11,47,32,8,0,0,5,137,19,18,70,39,18,3,0,15,180,14,21,55,38,4,3,0,15,146,17,11,51,27,19,0,0,11,137,11,8,34,29,17,3,4,10,121,8,3,12,14,16,3,0,12,77,5,4,18,23,13,13,7,0,98,400,175,481,328,144,35,29,125,1726
UCL215054,45,0,0,0,0,0,0,5,52,29,7,3,0,0,0,0,3,46,35,17,14,3,0,0,0,4,72,11,6,19,6,3,0,0,6,56,10,14,17,12,3,0,0,3,55,4,7,9,13,5,0,0,4,49,0,9,13,6,4,0,0,8,49,5,7,14,19,7,7,0,8,62,9,8,31,12,4,4,0,0,73,8,12,26,13,12,5,7,15,91,7,9,12,11,8,4,0,4,64,5,5,23,13,3,0,0,10,58,4,0,7,11,9,3,0,3,44,3,3,6,12,9,3,0,4,42,0,7,7,18,15,6,7,7,67,192,106,199,165,79,25,20,88,876
UCL215055,20,0,0,0,0,0,0,3,27,13,0,0,0,0,0,0,0,12,18,3,0,0,0,0,0,0,25,9,6,7,0,0,0,0,4,23,3,6,16,7,3,0,0,3,36,8,5,9,3,0,0,0,4,34,10,4,16,9,0,0,0,3,46,8,6,22,5,0,0,0,3,57,10,10,18,19,0,0,0,5,74,26,13,27,25,9,3,0,6,115,18,9,32,18,7,0,0,4,91,13,4,43,13,8,0,0,4,91,3,6,24,4,6,0,0,4,51,3,3,6,9,0,0,0,0,26,0,0,3,0,0,0,0,0,12,162,72,230,127,49,10,3,48,702
UCL215056,28,0,0,0,0,0,0,3,40,17,3,0,0,0,0,0,5,36,29,13,4,3,0,0,0,0,53,22,7,6,9,3,0,0,6,60,12,10,14,11,7,0,0,3,56,6,7,18,12,10,0,0,3,56,4,9,13,6,0,4,0,0,39,4,3,13,4,8,3,0,8,49,7,10,19,16,9,0,3,4,57,13,7,25,8,8,5,5,0,70,10,3,18,9,3,3,0,6,53,6,3,13,3,0,0,3,3,32,0,0,13,3,0,0,0,3,20,0,0,3,7,4,0,0,4,15,0,0,3,3,3,0,0,0,16,175,89,152,95,39,13,13,71,641
UCL215057,37,0,0,0,0,0,0,3,46,18,0,0,0,0,0,0,0,20,12,8,3,5,0,0,0,6,32,16,11,7,7,0,0,0,3,48,17,6,16,7,4,0,0,3,57,3,9,14,10,8,4,0,3,51,10,3,17,19,4,0,0,5,64,7,8,19,16,6,3,0,3,52,7,6,26,9,3,0,0,3,54,10,11,25,22,5,3,0,9,80,3,9,21,19,7,5,0,9,65,8,0,13,19,11,0,0,7,60,3,0,7,19,7,0,0,0,40,3,0,10,8,0,0,0,5,21,5,0,7,16,3,5,3,0,47,152,77,190,168,66,18,10,55,735
UCL215058,26,0,0,0,0,0,0,4,33,14,4,0,0,0,0,0,0,17,10,7,3,0,0,0,0,3,31,5,7,4,4,4,0,0,3,33,8,5,6,3,0,0,0,0,25,3,4,0,11,6,0,0,0,22,7,5,9,15,0,0,0,0,25,6,4,14,5,5,0,0,3,33,21,5,14,13,6,0,0,0,57,11,4,10,10,8,0,0,3,47,9,0,15,23,3,0,0,0,46,8,7,15,12,0,0,0,7,43,3,5,15,3,6,0,0,3,37,0,0,7,9,7,3,0,3,31,4,3,8,3,8,4,0,9,37,137,46,110,102,50,18,12,44,525
UCL215059,42,0,0,0,0,0,0,0,46,31,0,0,0,0,0,0,6,38,25,3,0,0,0,0,0,10,33,24,15,12,0,6,0,0,0,62,17,11,16,11,0,3,0,0,58,7,13,33,15,3,0,0,6,79,18,9,24,16,7,3,0,3,80,12,6,23,14,4,0,0,9,65,15,8,26,20,8,0,0,0,82,19,11,38,14,0,0,3,8,102,17,10,31,20,9,3,0,4,99,10,8,36,27,7,0,0,6,91,12,13,18,15,7,0,0,3,62,0,0,8,5,8,0,4,5,33,0,3,14,13,9,9,0,5,43,253,106,281,158,61,20,10,72,969
UCL215060,49,0,0,0,0,0,0,0,49,51,11,6,0,0,0,0,3,70,43,10,4,7,0,0,0,7,71,28,16,20,7,0,0,0,3,67,13,16,25,14,4,0,3,5,76,15,6,24,20,7,6,0,5,72,15,14,23,19,6,0,0,4,82,14,7,26,21,9,0,0,3,87,12,9,43,24,10,0,0,3,102,15,8,40,26,12,0,0,10,112,8,7,39,35,10,0,0,7,101,7,11,30,29,12,3,4,10,93,12,6,25,28,19,5,5,11,97,4,3,23,20,9,8,6,14,76,9,4,21,16,20,7,7,16,92,288,129,330,259,101,33,22,98,1268
UCL215061,38,0,0,0,0,0,0,9,46,24,6,4,0,0,0,0,0,33,20,11,13,3,0,0,0,0,51,21,12,16,4,5,0,0,0,56,20,6,20,7,0,0,0,6,66,11,0,15,12,3,0,0,7,52,10,4,16,8,3,3,0,4,52,8,4,20,4,4,3,0,4,50,9,12,21,13,4,0,0,7,68,13,9,29,16,12,5,0,9,85,6,9,24,18,13,3,0,3,84,3,0,36,18,12,5,0,11,88,7,0,20,18,14,9,0,15,77,0,0,5,5,0,4,5,3,26,3,0,11,5,0,0,4,21,54,191,86,250,144,65,22,18,100,877
UCL215062,39,0,0,0,0,0,0,3,47,34,0,0,0,0,0,0,4,44,13,9,0,5,0,0,0,5,30,15,14,6,4,0,0,0,0,41,0,9,17,10,5,0,0,6,42,3,4,5,10,3,3,0,4,28,6,6,8,7,9,0,0,0,38,4,0,14,7,7,0,0,0,33,4,4,22,8,8,9,0,3,59,9,3,18,11,10,0,3,5,53,7,4,9,18,5,0,0,3,57,3,3,16,18,7,3,5,3,55,3,0,11,10,11,4,0,7,42,3,3,9,5,10,8,4,0,40,4,5,7,6,5,9,4,3,46,144,62,148,127,86,35,21,47,667
UCL215063,22,0,0,0,0,0,0,0,22,25,6,0,0,0,0,0,0,28,13,4,0,0,0,0,0,3,30,12,3,9,4,7,0,0,0,39,8,3,8,4,3,5,0,0,20,5,0,15,6,3,0,0,4,38,7,0,6,8,0,0,0,0,24,5,3,7,8,5,0,0,0,23,3,5,13,3,0,0,0,0,34,3,7,8,0,5,3,0,0,33,4,0,21,11,0,6,0,0,42,0,0,15,10,4,6,0,4,36,0,6,8,10,0,4,0,0,28,4,0,4,9,4,0,0,6,16,0,0,4,7,3,4,4,5,25,108,43,121,86,37,19,8,28,444
UCL215064,36,0,0,0,0,0,0,6,39,44,4,0,0,0,0,0,0,45,43,7,15,0,0,0,0,8,72,20,11,18,11,4,0,0,9,71,8,3,18,14,0,0,5,5,46,9,7,11,10,5,0,0,3,39,9,6,19,3,3,4,0,3,47,7,5,24,14,4,0,3,3,60,0,3,21,13,7,5,0,8,55,13,6,15,12,7,0,0,3,59,9,6,20,8,10,4,0,7,62,5,0,14,9,8,0,0,5,40,6,3,12,21,11,0,0,7,65,0,5,12,20,12,3,4,7,62,15,6,12,9,7,9,4,10,83,225,70,209,140,75,31,21,78,852
UCL215065,81,0,0,0,0,0,0,9,93,63,8,8,0,0,0,0,13,96,55,18,16,0,0,0,0,18,112,19,14,19,9,5,6,0,12,86,20,14,27,13,8,0,0,15,97,3,16,22,22,11,3,0,11,82,12,13,28,30,13,0,4,10,103,14,11,32,32,16,9,0,15,125,12,15,43,45,14,3,4,7,141,14,6,37,30,20,0,3,13,124,11,9,46,33,19,6,0,15,136,16,14,34,40,28,12,3,19,158,9,3,28,30,28,6,8,11,118,7,6,14,17,23,14,3,9,98,9,10,23,15,20,14,15,10,120,341,163,371,313,197,72,40,184,1678
UCL215066,35,0,0,0,0,0,0,9,38,24,4,0,0,0,0,0,4,33,18,3,12,4,0,0,0,8,49,9,9,15,6,4,0,0,3,49,11,8,16,7,4,4,0,0,48,3,3,17,14,9,0,0,8,51,4,5,11,10,6,0,0,11,49,9,8,22,19,0,6,6,3,63,10,5,24,16,9,8,0,4,75,6,5,17,24,17,0,3,4,81,3,6,26,21,6,3,3,16,91,6,3,20,22,8,0,0,10,66,9,7,13,30,4,3,0,12,79,0,0,11,13,5,0,4,0,35,3,0,12,14,6,0,12,7,59,157,59,216,194,77,27,22,110,869
UCL215067,11,0,0,0,0,0,0,3,17,10,0,0,0,0,0,0,0,12,19,5,5,0,0,0,0,5,28,4,9,7,3,0,0,0,0,26,0,3,11,6,0,0,0,3,19,4,3,4,8,0,0,0,4,19,3,0,8,8,4,0,0,0,23,3,0,6,0,3,0,0,0,26,6,0,11,3,7,3,0,7,42,0,0,10,5,6,0,0,0,27,3,0,9,11,8,3,0,0,40,3,0,14,14,8,0,4,3,50,3,3,3,11,4,4,0,3,28,3,0,0,0,0,0,0,0,15,0,0,9,6,10,9,4,13,50,82,26,95,82,50,22,18,52,427
UCL215068,47,0,0,0,0,0,0,7,53,40,9,0,0,0,0,0,5,47,30,10,0,0,0,0,0,5,46,19,7,16,9,0,0,0,0,55,11,12,21,9,5,0,0,0,50,10,11,23,6,5,0,0,3,58,16,14,31,10,10,0,3,6,84,25,14,36,14,5,0,0,0,106,24,15,58,31,11,7,0,7,152,27,28,50,35,9,6,3,11,175,39,30,85,52,14,0,3,9,232,32,16,97,47,22,0,3,7,237,20,14,66,38,23,0,0,12,172,10,8,37,31,8,9,0,9,108,9,11,30,27,13,7,10,8,118,359,196,551,318,121,26,25,85,1682
UCL215069,74,0,0,0,0,0,0,9,80,36,4,0,0,0,0,0,4,46,38,6,3,0,0,0,0,4,56,32,13,26,8,3,0,0,9,81,21,12,39,17,3,0,0,5,99,9,7,36,35,5,0,0,5,99,12,9,27,23,4,0,0,9,92,20,11,36,21,9,0,0,9,106,20,9,42,27,8,0,0,8,119,20,11,48,41,12,7,0,8,146,25,10,48,45,24,7,7,12,171,15,14,54,45,18,8,4,17,173,8,4,31,35,16,0,3,9,111,3,3,18,19,18,0,3,9,80,5,6,14,19,13,7,10,25,98,341,122,423,331,138,37,25,130,1550
UCL215070,80,3,0,0,0,0,0,15,101,62,3,4,0,0,0,0,11,84,40,23,14,7,0,0,0,7,102,27,16,24,11,7,0,0,5,94,13,10,32,14,9,0,5,3,90,16,6,19,20,7,0,0,11,84,5,11,25,17,12,4,4,6,81,0,7,41,18,7,4,4,7,93,9,10,25,19,10,4,3,14,91,10,7,37,18,9,0,4,8,98,7,8,27,17,11,4,3,17,88,8,9,27,15,12,7,0,10,93,0,6,16,18,7,6,0,11,58,4,4,11,8,10,9,0,12,50,0,6,19,12,14,5,13,9,82,290,123,323,205,122,45,41,152,1290
UCL215071,115,0,0,0,0,0,0,12,122,81,5,3,0,0,0,0,6,89,52,17,5,0,0,0,0,0,72,38,28,29,11,0,0,0,3,105,14,18,48,21,6,0,0,3,107,14,21,48,24,4,6,0,3,119,16,26,56,33,10,0,0,12,150,16,18,86,29,8,3,0,9,168,16,19,51,29,10,3,0,0,128,12,15,43,33,15,0,0,3,118,7,6,50,27,9,3,0,5,111,5,7,33,30,10,5,0,0,92,7,4,11,14,9,5,5,4,58,4,4,6,12,8,3,0,3,34,0,3,0,9,0,0,0,0,16,394,168,473,276,93,26,11,65,1499
UCL215072,27,0,0,0,0,0,0,12,40,29,7,0,0,0,0,0,17,56,44,7,7,6,0,0,0,17,83,39,15,22,11,9,0,3,33,123,15,17,26,11,8,4,0,24,106,14,15,17,10,8,0,0,17,87,9,15,7,6,3,6,3,8,66,9,10,12,6,3,0,4,10,49,9,6,14,10,9,3,3,12,65,12,12,11,15,8,13,7,9,77,0,6,19,15,10,10,0,10,64,3,4,12,9,3,0,4,12,56,0,0,6,0,3,0,9,7,21,3,0,7,6,3,3,9,6,27,0,0,5,3,10,5,8,20,52,233,105,161,110,76,40,42,192,967
UCL215073,63,0,0,0,0,0,0,12,75,48,7,0,0,0,0,0,10,60,32,17,7,0,4,0,0,6,63,8,9,16,9,8,0,0,5,44,12,7,19,12,4,7,0,0,58,4,12,14,12,12,0,0,8,59,15,11,19,22,0,3,0,5,83,13,12,25,21,16,0,5,5,86,14,0,43,36,17,0,0,6,112,11,12,31,24,15,0,3,6,114,11,5,39,29,19,5,5,6,126,3,3,31,23,14,0,8,6,90,11,0,25,27,11,7,6,18,111,7,3,16,11,10,6,3,15,69,0,6,19,26,16,10,12,18,107,244,94,310,253,146,42,41,115,1250
UCL215074,133,0,0,0,0,0,0,11,149,92,3,3,0,0,0,0,3,104,94,45,22,8,3,0,0,11,171,62,41,64,23,4,0,0,5,210,30,27,54,38,16,0,3,7,170,28,13,64,31,17,0,0,5,151,28,22,69,42,9,4,0,0,179,15,20,63,30,16,4,0,3,157,21,18,55,30,12,0,0,4,144,20,8,50,30,16,3,4,7,141,12,11,39,37,19,0,0,3,125,10,9,48,33,9,9,4,7,126,9,4,21,21,4,0,4,11,71,0,3,11,6,8,0,0,6,31,0,0,4,6,6,4,3,0,19,559,224,559,328,132,35,19,86,1944
UCL215075,20,0,0,0,0,0,0,0,23,31,0,0,0,0,0,0,4,35,19,7,10,4,0,0,0,8,46,4,9,6,0,4,0,0,7,35,11,6,10,0,0,0,0,4,39,0,7,8,4,3,0,0,0,28,9,4,11,3,0,4,0,0,37,6,6,6,14,4,0,0,0,38,0,6,16,11,5,0,0,4,40,5,4,12,7,14,4,0,9,56,3,0,13,12,14,0,0,5,53,3,0,10,8,0,5,0,7,30,3,0,10,5,6,3,0,7,35,0,4,0,0,3,0,0,0,10,0,0,0,6,0,0,0,3,14,120,57,117,76,57,16,14,67,523
UCL215076,72,0,0,0,0,0,0,3,79,48,0,0,0,0,0,0,0,50,41,10,7,0,0,0,0,3,61,21,19,21,8,4,0,0,0,71,9,11,18,11,4,0,0,4,54,7,14,24,16,10,0,0,5,72,11,10,22,7,3,0,0,0,69,4,10,31,22,4,0,0,6,68,16,7,24,15,4,6,5,7,77,9,17,27,22,8,0,0,4,93,9,13,32,26,17,0,0,7,106,5,0,32,28,10,0,4,4,92,9,0,17,13,4,5,4,11,60,6,0,6,3,0,5,0,10,30,4,3,16,9,7,5,0,3,47,268,117,272,190,80,22,11,64,1022
UCL215077,30,0,0,0,0,0,0,8,36,18,0,0,0,0,0,0,0,20,10,3,0,0,0,0,0,3,15,17,12,13,0,0,0,0,0,46,15,11,16,13,0,0,0,0,53,10,3,19,4,0,0,0,3,42,5,3,21,5,0,5,0,7,54,6,8,13,11,5,0,0,4,45,8,4,32,22,0,0,0,6,76,14,10,28,22,8,3,0,5,87,10,9,34,21,3,0,0,9,87,9,6,23,21,7,0,0,3,61,3,0,16,19,4,0,4,3,43,3,4,10,3,7,0,4,3,30,3,0,6,9,7,5,5,4,29,153,71,234,140,44,11,10,59,731
UCL215078,48,0,0,0,0,0,0,3,51,49,0,3,0,0,0,0,4,53,46,11,7,3,0,0,0,3,73,15,15,30,10,0,0,0,4,74,7,11,37,15,3,0,0,0,68,12,3,29,14,0,0,0,3,63,3,6,31,21,3,0,0,0,63,12,9,20,15,5,4,0,3,62,8,4,22,11,7,5,0,0,54,3,11,27,18,7,0,0,3,67,4,5,20,17,4,3,0,0,53,3,0,6,9,0,0,0,0,23,0,0,7,10,4,0,0,0,16,0,0,3,3,4,5,0,0,17,0,5,3,0,0,0,0,0,7,210,73,229,150,46,14,3,24,752
UCL215079,49,0,0,0,0,0,0,5,50,40,3,0,0,0,0,0,0,45,28,5,10,9,3,0,0,3,50,12,9,18,6,0,0,0,3,57,11,8,7,8,4,0,0,4,37,5,0,17,6,8,0,0,5,42,10,0,22,16,3,0,0,6,62,6,7,16,13,8,0,3,12,75,13,9,31,13,10,0,4,4,75,11,4,23,21,16,5,3,8,82,11,6,23,20,6,6,3,5,80,12,5,23,25,10,0,0,11,90,4,3,26,20,4,3,0,12,75,6,0,14,13,11,0,5,10,62,0,4,8,8,10,3,8,28,71,223,66,240,180,93,29,30,103,967
UCL215080,51,0,0,0,0,0,0,8,56,55,7,0,0,0,0,0,4,68,43,17,10,10,0,0,0,7,84,20,18,36,4,7,0,0,0,83,10,16,17,14,4,0,3,4,66,5,8,15,15,4,0,0,3,59,6,8,20,6,10,0,0,0,54,6,7,21,15,8,0,0,4,54,14,4,12,18,3,0,0,0,62,10,12,23,21,9,5,0,6,80,9,0,29,20,5,7,0,0,70,3,8,30,14,13,3,0,5,76,4,0,15,10,8,0,0,4,46,0,3,6,9,3,0,3,0,31,0,3,0,3,4,3,0,0,17,241,104,239,160,74,17,15,51,905
UCL215081,81,0,0,0,0,0,0,19,102,74,12,4,0,0,0,0,3,96,82,17,12,6,0,0,0,4,133,42,25,47,20,4,0,0,6,142,21,7,48,18,0,0,0,11,118,20,11,39,20,7,3,0,9,112,21,19,42,27,11,4,0,7,127,15,12,43,38,10,4,0,16,138,23,21,43,41,10,0,0,3,151,13,15,48,42,16,6,4,13,154,11,4,55,41,18,5,0,11,139,10,8,34,36,18,0,4,12,121,3,4,34,27,29,0,5,16,117,6,7,17,22,17,0,5,23,97,6,4,6,14,17,11,7,18,79,422,170,481,355,154,49,33,169,1828
UCL215082,53,0,0,0,0,0,0,6,57,41,0,0,0,0,0,0,3,52,26,16,7,0,0,0,0,7,50,14,12,30,6,3,0,0,0,61,20,19,38,14,3,0,0,7,113,12,13,28,22,4,0,0,4,86,3,3,35,25,4,0,0,0,74,9,17,30,16,13,0,0,3,81,16,9,32,14,11,0,0,0,80,16,7,15,16,8,0,0,4,67,3,4,20,20,4,0,0,3,54,3,0,20,10,4,5,0,4,46,0,0,3,6,6,0,0,0,13,0,0,0,3,4,0,0,0,6,0,0,0,0,0,0,0,0,9,219,89,257,155,61,13,11,38,845
UCL215083,39,0,0,0,0,0,0,10,45,34,6,0,0,0,0,0,3,38,33,10,7,3,0,0,0,0,52,16,7,13,5,0,0,0,3,49,8,9,15,12,8,0,0,8,56,9,6,10,10,4,0,0,0,52,10,3,17,17,0,3,0,3,64,9,8,16,9,4,0,0,3,59,19,13,21,15,11,0,3,3,85,9,7,37,31,8,4,6,5,97,10,5,17,17,15,0,4,9,72,5,7,11,19,9,5,0,8,58,0,9,8,12,7,3,7,7,48,9,0,10,12,10,11,9,7,64,5,4,5,7,6,10,11,6,56,216,78,190,175,90,43,41,66,904
UCL215084,26,0,0,0,0,0,0,6,29,28,4,5,0,0,0,0,3,42,23,3,8,10,5,0,0,3,47,9,0,19,13,0,0,0,0,45,6,3,7,4,0,0,0,3,30,7,3,3,0,8,0,0,0,22,7,5,10,11,0,0,0,0,44,0,3,8,11,0,3,0,7,42,6,0,12,16,0,0,5,0,43,5,3,7,12,4,4,0,5,41,0,0,12,6,6,7,0,0,39,5,3,14,6,6,0,0,5,40,0,0,10,5,5,0,0,3,23,0,0,5,5,3,0,3,8,22,6,0,4,8,11,4,0,0,41,119,40,133,111,51,28,15,44,540
UCL215085,35,0,0,0,0,0,0,4,32,23,0,0,0,0,0,0,5,27,9,7,3,4,0,0,0,0,25,8,10,12,0,3,0,0,0,38,10,10,18,21,0,0,0,0,60,0,4,18,8,3,0,0,0,36,4,12,12,6,3,0,0,0,40,4,4,11,3,0,0,0,0,29,8,0,14,7,6,0,3,3,27,5,6,13,6,0,0,0,0,31,3,0,10,6,3,0,0,4,37,0,5,10,9,4,3,0,0,27,0,0,0,3,0,0,0,0,11,0,0,0,8,0,0,0,0,8,0,0,0,6,4,0,0,4,11,101,52,125,88,34,12,6,19,432
UCL215086,114,0,0,0,0,0,0,13,127,72,6,4,0,0,0,0,4,82,53,21,21,9,0,0,0,7,112,36,32,28,19,5,0,0,3,117,12,26,40,27,8,0,5,6,130,18,18,39,26,4,0,0,0,117,14,17,40,29,11,3,0,3,125,12,8,39,34,17,3,3,5,126,5,5,36,30,8,0,0,0,87,20,7,44,30,16,3,0,7,120,10,6,37,40,22,4,5,4,127,4,8,51,42,20,7,0,9,149,3,5,28,18,10,5,0,14,84,0,3,13,11,9,7,3,14,71,0,4,5,11,15,6,8,31,75,395,171,424,319,135,38,30,122,1644
UCL215087,32,0,0,0,0,0,0,5,39,40,0,0,0,0,0,0,5,47,24,10,4,0,0,0,0,7,40,12,4,15,7,0,0,0,4,53,8,6,18,20,0,0,0,3,54,7,8,18,9,4,0,0,6,53,3,0,38,15,6,0,0,8,68,15,3,11,18,0,5,0,3,55,11,3,30,14,3,3,5,5,67,4,3,26,21,6,0,0,3,66,4,3,8,7,3,0,0,3,40,4,0,15,11,9,0,0,3,42,0,4,6,0,0,0,0,3,14,0,0,0,0,0,0,0,0,3,0,0,0,0,0,0,0,0,7,160,51,188,126,34,15,7,68,646
UCL215088,39,0,0,0,0,0,0,10,48,21,3,0,0,0,0,0,8,31,15,11,5,0,0,0,0,3,35,8,6,3,0,0,0,0,0,24,9,9,12,4,0,0,0,7,49,3,16,18,7,7,0,0,0,45,20,16,27,4,3,0,0,18,97,26,12,29,11,4,4,0,9,92,19,22,23,11,4,3,4,11,97,16,7,22,19,11,0,3,7,84,17,8,16,12,11,3,0,13,81,9,8,20,8,12,0,0,13,70,8,4,13,14,0,0,0,8,41,4,3,3,7,4,5,0,6,26,4,4,9,11,4,0,0,3,34,208,131,195,120,53,17,10,117,858
UCL215089,35,0,0,0,0,0,0,12,50,32,7,3,0,0,0,0,4,57,29,9,10,0,0,0,0,5,64,13,10,17,13,0,0,0,11,58,11,0,6,12,3,5,0,4,49,5,10,18,18,8,0,0,3,58,3,10,14,9,12,5,5,6,49,13,6,27,18,8,3,5,9,84,14,6,24,15,6,0,0,4,72,9,9,27,26,13,0,3,0,91,5,3,33,29,7,0,0,3,90,7,6,21,15,20,3,4,11,82,6,5,20,7,14,5,4,9,75,5,4,10,11,11,4,4,8,51,0,0,4,12,9,5,9,29,74,191,77,238,182,116,35,22,119,982
UCL215090,33,0,0,0,0,0,0,15,44,36,0,0,0,0,0,0,3,38,41,18,16,5,0,0,0,3,89,23,25,16,9,0,0,0,6,80,19,12,20,8,0,0,0,5,67,9,12,15,4,5,0,0,7,63,14,11,24,5,0,8,0,8,63,6,12,12,5,6,0,0,5,53,13,10,23,14,0,3,0,8,73,4,8,29,13,6,0,4,10,72,4,9,24,16,11,0,3,4,68,5,3,23,16,7,0,0,4,58,6,0,9,11,6,4,0,8,45,4,0,3,4,3,0,0,10,33,0,0,8,4,4,3,3,25,45,222,124,214,116,57,25,13,112,880
UCL215091,56,0,0,0,0,0,0,0,55,50,0,0,0,0,0,0,4,51,18,0,0,0,0,0,0,0,22,16,4,3,0,0,0,0,0,25,3,0,15,7,0,0,0,0,29,4,4,19,16,5,0,0,0,52,4,5,24,13,6,0,0,0,62,3,10,33,9,5,0,0,0,58,3,3,44,22,0,0,0,5,85,4,8,24,28,3,4,0,7,77,3,3,13,15,5,0,0,0,46,5,3,12,10,4,0,0,0,38,0,3,5,7,6,0,0,0,14,0,0,3,0,0,0,0,0,8,0,0,0,0,5,0,0,0,3,168,47,209,135,36,11,5,22,630
UCL215092,117,4,0,0,0,0,0,11,128,54,3,0,0,0,0,0,9,64,51,11,4,0,0,0,0,5,74,34,33,26,8,0,0,0,3,108,24,26,50,17,3,0,0,4,123,26,32,85,42,4,0,0,8,191,29,23,82,44,5,0,0,8,192,37,32,69,40,10,0,3,11,200,27,16,56,31,13,3,0,5,157,26,12,47,31,5,8,0,3,135,26,24,50,38,11,10,4,3,166,26,12,60,27,18,3,5,4,159,15,6,36,27,19,12,6,12,126,9,7,8,21,11,8,0,0,71,5,6,26,17,17,9,5,8,91,511,245,609,347,114,47,22,95,1992
UCL215093,110,0,0,0,0,0,0,10,123,84,10,6,0,0,0,0,4,103,84,41,31,5,0,0,0,8,173,46,40,57,20,8,5,0,6,179,15,28,52,31,5,0,0,6,140,20,8,43,32,7,0,0,3,116,16,26,37,30,14,0,3,6,132,15,6,46,36,13,0,4,5,123,10,14,66,27,13,3,5,6,143,9,6,40,30,17,3,0,0,113,7,14,31,29,17,7,3,6,113,11,9,37,30,5,0,0,0,93,0,4,17,14,4,0,0,0,41,0,0,5,9,14,0,0,3,36,0,0,9,8,3,3,3,0,27,442,208,480,290,122,27,19,64,1658
UCL215094,34,0,0,0,0,0,0,4,46,26,6,0,0,0,0,0,8,34,12,4,3,0,0,0,0,5,22,5,5,9,0,8,0,0,0,18,0,0,11,5,0,0,0,0,26,5,3,11,7,0,3,0,4,32,5,0,15,15,5,0,0,0,41,4,5,19,11,3,3,0,3,52,0,3,11,9,4,0,0,6,32,4,0,20,10,12,0,0,5,51,0,5,16,5,3,0,0,3,31,0,0,9,11,0,5,0,3,27,0,0,3,0,0,0,0,0,8,0,0,0,0,3,0,0,0,8,3,0,0,0,0,0,0,0,3,95,29,130,79,35,9,6,41,435
UCL215095,27,0,0,0,0,0,0,0,31,28,5,0,0,0,0,0,7,31,23,8,16,3,0,0,0,3,50,9,11,18,7,0,0,0,3,42,7,6,5,7,0,0,0,4,24,3,4,16,3,4,0,0,3,30,6,6,10,3,4,0,0,0,36,10,0,15,3,6,0,0,3,37,3,3,20,10,13,0,0,0,44,3,4,8,9,4,4,0,4,33,0,0,12,3,7,0,0,4,30,7,0,9,3,3,0,0,7,31,0,0,0,9,0,3,0,0,13,0,0,3,0,7,0,0,0,11,0,0,0,5,3,0,0,0,9,113,49,133,55,49,12,6,37,460
UCL215096,54,0,0,0,0,0,0,3,57,44,3,0,0,0,0,0,0,51,44,16,12,0,0,0,0,6,67,25,14,25,20,0,0,0,4,89,21,13,29,20,4,0,0,4,85,11,10,26,17,0,0,0,0,62,8,15,40,19,10,3,0,0,90,13,10,25,21,10,0,0,4,79,3,9,28,26,9,0,0,3,70,9,9,38,11,4,0,0,0,72,6,8,27,12,10,3,0,0,66,3,5,37,26,9,5,0,3,83,3,0,17,16,9,3,0,3,50,0,3,8,10,0,0,0,6,31,4,0,4,3,6,0,0,0,17,237,114,305,193,65,18,5,47,984
UCL215097,69,0,0,0,0,0,0,9,79,66,3,0,0,0,0,0,3,73,37,23,7,0,0,0,0,4,71,23,23,35,12,0,0,0,8,105,15,24,51,18,5,4,0,10,126,13,11,26,17,5,0,0,5,76,12,5,35,30,8,0,0,10,105,15,18,31,27,6,0,3,15,118,7,10,27,23,19,0,0,6,91,8,9,30,19,13,0,0,8,85,17,12,33,24,20,7,0,4,104,9,10,42,30,13,4,3,9,120,8,3,25,17,11,3,3,11,79,4,0,13,14,6,3,9,3,47,5,0,19,19,11,6,0,0,58,286,161,375,249,109,28,19,114,1345
UCL215098,24,0,0,0,0,0,0,6,29,22,6,0,0,0,0,0,4,27,29,10,8,0,0,0,0,0,51,16,11,20,8,0,0,0,0,46,5,3,17,9,4,0,0,0,50,0,7,8,9,3,0,0,0,33,8,3,11,5,0,0,0,0,32,4,4,7,6,8,5,0,0,34,3,9,24,9,6,7,0,0,54,11,10,22,12,3,0,0,4,60,0,3,18,20,5,0,0,0,52,5,0,23,13,7,3,0,3,51,3,0,4,7,7,0,0,0,26,0,0,0,9,0,4,0,3,19,0,0,4,3,4,3,0,4,14,141,59,165,110,47,21,10,25,577
UCL215099,38,0,0,0,0,0,0,4,41,23,5,0,0,0,0,0,4,34,15,5,5,4,0,0,0,6,28,9,7,13,14,0,0,0,8,53,7,11,12,8,4,0,0,7,48,8,4,7,3,4,0,0,8,38,10,5,6,3,6,0,0,0,31,8,6,17,18,5,5,0,5,54,9,8,16,17,9,0,6,5,53,11,13,18,16,15,3,0,7,76,8,8,22,18,10,0,0,6,73,9,7,20,17,8,0,0,7,78,7,8,9,13,7,0,3,10,64,3,3,11,19,16,9,5,4,65,3,0,6,16,12,9,8,12,65,165,83,163,164,82,25,19,82,804
UCL215100,22,0,0,0,0,0,0,8,30,14,0,0,0,0,0,0,0,16,13,4,3,0,0,0,0,0,22,6,6,11,8,0,0,0,4,31,8,7,7,0,3,0,0,0,33,4,6,7,3,0,0,0,0,23,3,3,11,11,4,0,0,4,33,6,9,8,4,8,4,0,7,38,11,4,13,14,3,0,0,4,49,9,8,18,19,10,0,7,9,73,8,7,26,10,4,0,0,8,61,4,4,16,9,0,5,3,8,44,0,0,17,11,8,0,0,11,52,3,0,5,7,5,0,4,4,37,0,0,15,14,6,3,0,5,39,113,57,153,122,43,16,13,62,582
UCL221001,17,0,0,0,0,0,0,3,22,21,0,0,0,0,0,0,0,21,12,7,0,0,0,0,0,0,25,3,5,8,3,0,0,0,0,19,5,0,12,3,0,0,0,4,29,0,0,8,5,0,0,0,0,19,3,3,11,0,5,0,0,0,28,5,0,8,10,3,0,4,0,29,0,5,12,3,0,0,0,0,18,0,0,6,6,5,0,0,0,17,3,0,3,9,0,0,0,3,13,0,0,5,0,3,0,0,6,19,0,0,0,3,0,0,0,0,5,0,0,0,4,3,6,0,0,8,0,0,0,0,0,4,0,0,3,80,28,76,53,22,9,4,14,283
UCL221002,14,0,0,0,0,0,0,6,21,11,3,0,0,0,0,0,0,18,9,3,4,0,0,0,0,0,17,4,3,6,0,0,0,0,0,12,7,6,5,4,6,0,0,0,25,9,0,12,3,0,0,0,4,32,3,6,13,10,4,0,0,0,32,9,0,10,9,5,0,0,0,23,8,0,4,10,0,0,0,4,31,5,3,12,15,3,0,0,7,45,6,0,16,10,4,0,0,0,40,0,4,13,9,3,0,0,4,36,0,0,6,6,4,0,0,3,24,0,0,0,0,3,0,0,0,9,0,0,0,3,4,0,0,0,13,89,47,104,77,35,6,4,25,376
UCL221003,16,0,0,0,0,0,0,4,18,6,0,0,0,0,0,0,6,18,6,9,0,0,0,0,0,9,19,0,0,14,4,0,0,0,0,22,0,0,11,0,0,0,0,0,14,0,6,0,9,3,0,0,4,23,0,0,7,4,0,0,0,0,14,3,0,9,6,5,0,0,0,24,0,4,9,4,0,0,0,6,18,3,3,10,4,5,0,0,0,30,0,0,5,4,0,0,0,0,8,0,3,6,6,0,0,0,0,10,0,0,5,0,0,0,0,0,4,0,0,0,0,0,0,0,0,4,0,0,0,0,0,0,0,0,0,47,28,69,34,14,0,8,25,223
UCL221004,54,0,0,0,0,0,0,5,52,32,0,0,0,0,0,0,4,36,9,0,0,0,0,0,0,0,11,7,0,7,5,0,0,0,4,18,4,0,9,15,5,0,0,0,35,3,7,13,13,9,0,0,0,39,3,3,14,23,4,3,0,0,50,0,5,27,7,6,0,0,0,47,9,4,12,17,0,0,0,0,41,0,5,5,9,4,0,0,3,26,0,0,16,8,0,0,0,0,23,0,0,6,10,3,0,0,0,22,0,0,5,4,0,0,0,0,12,0,0,0,0,0,0,0,0,3,0,0,0,0,0,0,0,0,0,117,23,119,100,31,15,5,19,423
UCL221005,13,0,0,0,0,0,0,3,21,8,0,0,0,0,0,0,0,8,13,0,0,0,0,0,0,0,18,8,6,8,0,0,0,0,4,25,0,0,4,3,6,0,0,0,19,0,5,0,4,0,0,0,0,17,4,0,11,3,0,0,0,3,20,0,3,4,7,8,0,0,0,23,0,0,6,3,3,0,0,0,16,7,0,4,6,7,0,0,0,20,4,0,3,4,0,0,0,0,19,3,4,11,8,9,0,0,6,33,0,0,4,4,6,0,0,4,18,0,0,0,0,0,0,0,5,13,0,4,0,5,3,7,4,6,20,60,22,43,60,35,7,13,26,280
UCL221006,13,0,0,0,0,0,0,0,13,3,0,0,0,0,0,0,0,6,10,0,0,0,0,0,0,0,17,13,5,8,4,0,0,0,0,31,6,4,14,8,0,0,0,0,23,0,0,5,7,0,0,0,0,18,7,4,9,8,0,0,0,0,22,4,0,7,4,5,0,0,0,18,3,3,3,9,6,0,0,3,23,0,3,5,5,0,0,0,4,23,7,0,5,6,0,0,0,0,24,0,0,6,11,4,0,0,0,29,0,0,3,5,0,0,0,0,9,0,0,0,3,0,0,0,0,7,0,0,0,0,0,0,0,0,0,68,25,70,57,18,0,0,12,257
UCL221007,9,0,0,0,0,0,0,4,13,12,4,0,0,0,0,0,0,13,11,0,0,0,0,0,0,6,13,3,4,4,3,0,0,0,3,20,3,0,0,3,0,0,0,0,13,0,0,5,8,0,0,0,0,16,0,0,4,5,0,0,0,0,8,0,0,6,0,4,0,0,0,15,8,0,8,7,0,0,0,0,24,6,0,12,7,4,0,0,5,40,0,6,3,3,3,0,0,0,17,0,3,4,3,5,0,0,0,17,0,3,0,0,0,0,0,0,10,0,0,0,0,0,3,0,0,6,0,0,0,0,0,0,0,0,0,57,27,49,47,24,3,8,22,235
UCL221008,14,0,0,0,0,0,0,5,19,11,3,0,0,0,0,0,0,16,10,4,0,0,0,0,0,0,12,3,3,3,0,0,0,0,3,14,0,0,6,7,0,0,0,4,14,0,5,6,4,0,0,0,4,17,4,4,5,4,0,0,3,3,19,0,0,8,6,4,0,0,6,23,3,0,6,12,0,0,0,3,29,4,0,6,9,5,0,0,6,31,4,0,5,5,9,0,0,6,36,0,0,5,11,5,0,0,10,32,0,0,3,11,3,0,0,3,27,0,0,5,3,5,0,0,6,19,6,0,9,10,13,4,3,21,61,51,25,69,74,41,10,6,81,365
UCL221009,14,0,0,0,0,0,0,4,15,10,0,0,0,0,0,0,4,12,11,0,0,4,0,0,0,0,18,3,6,5,0,5,0,0,3,24,4,0,11,3,0,0,0,0,24,0,5,4,4,0,0,0,4,22,0,0,4,4,0,0,0,3,17,0,0,4,5,5,0,0,0,18,4,3,0,4,5,0,0,0,17,6,0,19,3,9,0,0,0,31,5,0,12,5,3,0,0,0,31,3,0,0,4,0,0,0,0,14,0,0,5,4,0,0,0,0,9,0,0,0,0,0,0,0,0,3,0,0,0,0,0,0,0,0,0,64,25,59,46,25,7,6,22,255
UCL221010,4,0,0,0,0,0,0,0,9,9,0,0,0,0,0,0,0,11,8,6,7,0,0,0,0,0,17,7,4,4,0,0,0,0,3,24,0,3,4,5,0,0,0,0,12,3,3,13,3,0,0,0,0,21,5,4,3,6,3,0,0,0,20,4,3,12,5,0,0,0,0,23,4,0,9,3,6,0,0,0,21,6,0,6,5,5,0,0,3,27,0,4,12,4,6,0,0,4,19,0,0,3,5,5,0,0,0,15,0,0,4,0,0,0,0,0,6,0,0,0,0,3,0,0,0,4,0,0,0,0,0,0,0,0,5,50,24,79,34,21,8,0,17,233
UCL221011,27,0,0,0,0,0,0,0,28,7,0,0,0,0,0,0,0,11,5,0,4,0,0,0,0,0,12,5,0,3,5,0,0,0,0,10,0,0,8,0,0,0,0,0,15,0,6,5,10,0,0,0,0,27,6,5,10,3,5,0,0,0,29,3,0,16,7,4,0,0,0,31,0,4,12,11,5,0,0,0,28,0,3,6,7,4,0,0,0,17,3,4,9,4,3,0,0,0,19,0,0,6,4,0,0,0,0,10,0,0,0,0,0,0,0,0,6,0,0,0,0,0,0,0,0,0,0,0,0,0,0,0,0,0,0,58,16,80,50,17,6,0,6,241
UCL221012,16,0,0,0,0,0,0,5,26,5,0,0,0,0,0,0,0,4,0,0,0,0,0,0,0,0,0,3,0,6,3,0,0,0,0,19,0,3,3,0,0,0,0,0,14,4,0,10,5,0,0,0,0,18,3,6,6,12,0,0,0,0,25,0,0,8,9,4,0,0,0,22,0,0,8,11,0,0,0,0,19,0,0,8,5,6,0,0,0,21,0,0,5,0,0,0,0,0,8,0,0,6,0,0,0,0,0,14,0,0,0,0,0,0,0,0,0,0,0,0,0,0,0,0,0,3,0,0,0,0,0,0,4,0,6,37,12,65,44,14,3,3,24,207
UCL221013,18,0,0,0,0,0,0,0,15,7,0,0,0,0,0,0,0,12,8,0,3,0,0,0,0,0,11,8,6,10,0,0,0,0,0,20,6,0,9,4,5,0,0,3,22,9,0,8,3,0,0,0,3,17,0,0,6,6,0,0,0,0,18,10,0,15,4,4,0,0,5,30,0,0,11,5,0,0,0,3,26,0,3,9,9,0,0,0,0,24,0,0,3,0,0,0,0,0,10,0,0,5,8,0,0,0,0,12,0,0,0,5,0,0,0,0,9,4,0,0,0,0,0,0,0,4,0,0,0,0,0,0,0,0,0,61,19,72,41,14,3,3,16,239
UCL221014,16,0,0,0,0,0,0,5,26,18,0,0,0,0,0,0,0,18,15,0,0,0,0,0,0,0,12,8,6,3,3,0,0,0,0,27,6,0,10,5,0,0,0,3,27,3,0,7,4,0,0,0,0,21,3,6,7,9,0,0,0,0,22,6,4,9,9,0,0,0,0,30,7,4,13,9,7,0,3,0,33,6,4,17,14,11,0,0,6,59,5,4,23,13,4,0,0,8,60,3,5,11,9,3,0,0,0,30,3,6,11,9,4,0,0,0,30,0,0,0,6,4,0,0,0,19,0,0,0,3,0,3,0,0,11,113,42,116,96,31,5,3,20,433
UCL221015,17,0,0,0,0,0,0,0,15,6,0,0,0,0,0,0,3,14,5,6,0,0,0,0,0,0,4,4,5,0,3,0,0,0,0,14,3,0,0,4,0,0,0,0,14,0,0,8,0,0,0,0,3,11,5,0,7,3,0,0,0,0,19,4,0,9,0,0,0,0,3,15,8,4,6,4,0,0,0,0,24,4,0,19,10,0,0,0,0,37,6,0,9,5,0,0,0,0,24,0,0,11,6,0,0,0,0,22,0,0,4,5,0,0,0,0,12,0,0,0,0,0,0,0,0,3,0,0,0,0,0,0,0,0,3,61,27,71,39,8,0,3,17,220
UCL221016,34,0,0,0,0,0,0,4,41,19,0,0,0,0,0,0,0,19,8,0,4,0,0,0,0,0,20,5,5,12,9,3,0,0,0,41,9,8,22,6,5,0,0,0,45,3,4,21,10,4,0,0,0,44,3,3,11,12,7,3,0,0,34,4,3,9,3,0,3,0,0,20,6,3,11,5,0,0,0,6,25,4,0,3,4,0,0,0,0,16,0,0,7,5,0,0,0,0,15,0,0,5,0,4,0,0,0,14,0,0,4,0,0,0,0,0,4,0,0,0,0,0,0,0,0,0,0,0,0,0,0,0,0,0,5,92,39,102,56,16,7,5,19,335
UCL221017,21,0,0,0,0,0,0,0,23,13,0,0,0,0,0,0,0,20,13,0,4,0,0,0,0,0,20,6,4,12,9,3,0,0,3,35,0,0,3,3,4,0,0,0,23,0,7,5,5,6,0,4,4,32,10,3,0,7,0,0,0,0,24,0,0,13,8,6,0,0,0,25,6,3,13,12,3,0,0,0,37,3,5,6,13,9,0,0,0,35,3,5,21,8,5,0,0,0,40,3,0,6,13,4,3,0,4,30,0,0,0,3,4,0,0,0,19,0,0,4,0,0,0,0,0,19,0,0,4,4,0,0,0,0,4,79,34,95,93,41,9,5,22,383
UCL221018,13,0,0,0,0,0,0,4,17,17,0,0,0,0,0,0,3,22,16,3,0,0,0,0,0,0,21,8,5,9,0,0,0,0,4,19,0,0,0,3,3,0,0,0,12,0,3,3,4,0,0,0,3,18,0,4,4,4,5,3,3,0,25,8,7,12,8,0,0,0,3,33,7,7,14,10,7,3,0,6,44,0,7,11,19,5,0,0,4,44,10,7,12,14,4,3,0,4,49,9,0,8,11,8,6,0,7,40,0,0,7,7,4,0,3,4,27,5,0,0,8,5,3,5,5,28,4,0,6,4,9,8,0,17,44,85,39,88,96,40,19,12,59,452
UCL221019,20,0,0,0,0,0,0,6,24,9,0,0,0,0,0,0,0,11,8,8,0,0,0,0,0,0,22,4,5,4,4,0,0,0,0,21,3,3,3,3,0,0,0,0,23,8,4,9,0,0,0,0,0,30,8,4,7,3,8,0,0,3,27,9,6,7,4,0,0,0,3,36,10,7,12,8,0,0,0,0,46,7,5,10,11,0,3,0,0,43,6,4,11,15,3,3,0,4,45,3,6,11,10,0,0,0,0,25,0,0,10,4,3,0,0,4,23,4,0,0,0,4,4,0,0,10,0,0,6,8,4,0,5,0,24,102,62,88,75,30,5,5,29,403
UCL221020,10,0,0,0,0,0,0,0,10,16,0,0,0,0,0,0,0,18,3,0,0,4,0,0,0,0,10,4,3,0,0,0,0,0,3,17,0,8,5,3,0,0,0,0,24,0,0,9,0,0,0,0,0,12,4,0,8,4,0,0,0,8,22,4,4,8,3,6,0,0,0,23,7,3,10,9,0,0,0,3,37,4,8,13,7,5,0,0,3,48,6,0,23,12,5,0,0,0,43,0,0,3,10,0,4,3,9,32,0,0,6,4,8,4,3,3,29,3,0,5,0,4,6,6,0,14,3,0,4,14,14,3,4,5,53,70,35,92,81,45,18,23,36,400
UCL221021,9,0,0,0,0,0,0,0,12,15,3,0,0,0,0,0,0,19,13,0,5,0,0,0,0,0,24,10,3,6,5,0,0,0,0,29,4,8,17,5,0,0,0,5,37,14,3,8,0,0,0,0,0,30,0,3,5,3,0,0,0,4,20,0,5,8,6,0,0,0,4,24,5,5,8,9,5,0,0,0,31,4,6,7,15,4,0,0,0,29,0,0,6,8,5,0,0,3,27,0,0,3,0,0,0,0,0,12,0,0,0,0,0,0,0,0,6,0,0,0,0,0,0,0,0,6,0,0,0,0,0,0,0,0,0,88,38,69,51,21,3,3,33,308
UCL221022,3,0,0,0,0,0,0,0,6,5,0,0,0,0,0,0,0,5,9,0,0,0,0,0,0,0,12,3,0,4,0,0,0,0,0,9,5,0,0,0,0,0,0,0,10,5,0,11,5,3,0,0,0,19,3,5,4,0,0,0,0,0,17,0,3,10,3,0,0,0,0,18,0,4,7,8,0,0,0,0,15,5,0,0,4,3,0,0,0,19,6,0,10,9,0,0,0,9,32,0,4,6,5,0,0,0,0,20,7,0,3,3,0,0,0,4,17,3,0,0,4,0,0,0,0,7,0,0,0,0,0,0,0,4,11,57,20,54,48,14,4,5,20,217
UCL221023,12,0,0,0,0,0,0,0,9,9,4,0,0,0,0,0,0,12,3,0,0,0,0,0,0,0,11,0,0,3,0,6,0,0,0,9,0,5,3,4,0,0,0,4,19,7,0,8,0,0,0,0,0,14,0,3,3,3,4,0,0,0,17,6,0,6,8,4,0,0,0,25,3,0,11,7,4,0,0,0,28,4,6,15,5,0,0,0,0,40,11,3,13,6,5,0,0,7,36,6,5,9,8,9,0,0,0,35,3,0,9,8,0,0,0,5,32,6,4,6,5,4,0,0,0,21,0,0,0,0,0,4,5,0,14,63,34,83,55,32,6,7,20,308
UCL221024,17,0,0,0,0,0,0,0,17,16,0,0,0,0,0,0,0,18,18,0,0,0,0,0,0,0,18,7,5,3,4,0,0,0,0,15,5,4,4,0,0,0,0,0,15,3,0,3,0,4,0,0,0,11,5,4,9,6,8,0,0,0,30,10,3,19,9,0,4,0,0,42,7,3,25,10,0,0,0,3,45,13,12,12,15,0,0,0,4,58,3,9,24,15,8,0,0,0,59,5,5,19,19,9,0,0,4,66,0,5,6,9,3,0,0,5,29,0,0,4,4,3,0,0,4,11,0,3,3,0,12,0,0,6,23,104,47,139,91,49,9,4,22,462
UCL221025,12,0,0,0,0,0,0,0,10,9,0,0,0,0,0,0,0,10,9,3,0,0,0,0,0,0,19,0,0,4,4,0,0,0,0,18,3,0,0,5,0,0,0,0,11,3,5,3,4,4,0,0,3,13,0,0,3,4,0,0,0,0,14,4,5,10,3,4,0,4,3,30,12,4,0,4,3,6,0,0,29,0,3,9,11,0,0,0,6,29,6,0,9,7,7,0,0,9,27,0,0,10,7,3,0,0,8,34,0,0,10,3,7,0,0,4,23,3,0,0,4,0,3,0,0,15,0,0,6,6,8,4,6,8,33,56,31,72,71,31,11,10,36,318
UCL221026,15,0,0,0,0,0,0,4,14,12,3,0,0,0,0,0,0,15,7,6,0,0,0,0,0,0,16,10,3,3,0,0,0,0,4,20,8,0,0,5,0,0,0,0,15,4,0,5,3,0,0,0,0,18,8,7,3,3,4,0,0,0,28,5,0,8,0,3,0,0,0,24,3,4,14,6,6,0,0,3,29,3,0,11,6,0,0,0,0,35,5,5,13,0,3,0,0,7,29,0,0,7,4,5,0,0,0,16,0,6,3,4,4,0,0,0,17,0,0,3,4,0,0,0,3,13,4,0,6,4,7,0,0,5,26,81,27,83,38,33,10,4,28,308
UCL221027,7,0,0,0,0,0,0,0,8,6,0,0,0,0,0,0,5,14,9,3,3,3,0,0,0,3,23,12,0,0,3,0,0,0,3,15,5,5,7,3,0,0,0,0,19,0,3,3,0,4,0,0,3,20,3,0,5,4,0,0,0,0,17,4,8,11,0,5,0,0,6,29,6,5,6,10,3,0,0,3,40,0,0,11,13,0,0,0,0,34,0,3,7,3,0,0,0,0,19,0,0,7,6,3,0,0,6,20,5,0,9,7,5,0,0,5,35,4,0,5,3,0,0,0,3,20,0,0,0,4,4,0,0,0,15,65,37,78,60,27,8,11,40,329
UCL221028,11,0,0,0,0,0,0,3,15,9,0,0,0,0,0,0,0,9,3,0,0,0,0,0,0,0,6,5,0,0,0,0,0,0,0,0,0,0,9,5,0,0,0,0,12,0,0,4,0,3,0,0,0,13,5,4,9,0,0,0,0,3,20,6,3,4,0,0,0,0,0,20,3,0,18,12,9,0,0,3,37,5,8,7,16,7,0,0,3,50,18,0,22,7,3,5,0,9,55,4,3,17,12,7,0,0,6,57,3,0,15,20,10,0,0,4,56,0,4,5,8,6,0,0,4,18,0,0,5,4,0,0,0,3,12,79,29,98,85,37,7,0,43,376
UCL221029,15,0,0,0,0,0,0,4,18,22,3,0,0,0,0,0,0,23,14,0,11,0,0,0,0,0,29,6,5,7,4,0,0,0,0,21,0,0,14,5,0,0,0,0,23,0,3,6,5,3,0,0,0,13,0,0,14,9,0,0,0,0,34,0,0,10,6,5,0,0,0,26,0,3,20,6,0,0,0,0,25,3,4,3,11,3,0,0,0,26,4,0,7,5,4,0,0,0,15,0,0,0,3,5,0,0,0,6,0,0,9,5,0,0,0,3,13,0,0,0,4,0,3,0,0,5,0,0,0,0,0,0,0,0,0,65,23,96,55,21,9,0,12,281
UCL221030,8,0,0,0,0,0,0,0,7,0,0,0,0,0,0,0,0,0,3,0,0,0,0,0,0,0,3,0,0,0,0,0,0,0,0,0,0,0,0,0,0,0,0,3,3,0,0,6,0,0,0,0,0,10,8,0,6,0,0,0,0,0,17,3,3,3,8,0,0,0,0,16,10,6,17,4,0,0,0,0,36,5,0,16,8,4,0,0,3,46,0,4,7,11,3,5,0,7,27,0,5,11,6,0,0,0,4,34,0,0,5,3,0,0,0,0,10,0,0,4,0,0,3,0,0,10,0,0,0,0,0,0,0,0,0,38,19,65,42,13,11,6,22,228
UCL221031,20,0,0,0,0,0,0,0,15,11,0,0,0,0,0,0,5,11,12,0,0,0,0,0,0,0,14,4,4,9,0,0,0,0,0,16,5,7,7,3,0,0,0,0,33,0,0,9,9,5,0,0,3,28,4,3,6,7,0,0,0,0,19,4,0,8,6,0,0,0,0,18,0,0,7,6,0,0,0,0,19,4,0,8,9,4,0,0,0,24,5,0,4,0,0,0,0,5,15,0,0,0,3,0,0,0,0,6,0,0,0,0,5,3,0,0,14,0,0,0,0,0,0,0,0,3,0,0,0,0,0,0,0,0,4,62,28,64,40,14,9,3,13,233
UCL221032,14,0,0,0,0,0,0,0,15,9,0,0,0,0,0,0,0,9,3,0,4,0,0,0,0,0,11,5,6,5,0,0,0,0,0,16,0,6,0,0,0,0,0,0,18,0,5,8,3,0,0,0,4,24,5,4,6,4,3,0,0,5,26,0,0,4,4,5,0,0,0,17,5,0,7,3,0,0,0,3,15,3,4,3,6,0,0,0,4,19,3,5,3,7,6,0,0,0,23,0,0,11,5,3,0,0,0,19,0,0,4,6,0,0,0,0,21,0,0,5,0,3,0,0,0,7,0,0,0,0,0,6,0,0,6,49,32,63,45,14,7,0,23,243
UCL221033,12,0,0,0,0,0,0,0,11,0,0,0,0,0,0,0,0,0,5,5,3,0,0,0,0,0,10,5,0,0,3,0,4,0,0,15,3,0,0,3,0,0,0,6,11,0,0,0,0,0,0,0,0,6,0,0,0,0,0,0,0,0,3,8,0,5,4,3,0,0,0,15,4,0,3,6,7,0,0,0,26,0,0,6,5,4,0,0,0,19,0,0,4,6,0,0,0,0,21,3,3,7,11,0,0,0,0,23,0,0,5,5,4,0,0,0,12,0,0,0,5,6,0,0,0,10,4,0,3,4,14,0,5,0,31,47,20,49,54,32,12,3,10,229
UCL221034,28,0,0,0,0,0,0,5,34,24,0,0,0,0,0,0,5,25,4,0,3,0,0,0,0,0,13,5,8,6,0,0,0,0,0,16,0,4,21,10,3,0,0,0,35,0,3,17,11,5,0,0,3,43,4,8,16,16,3,0,0,0,44,0,5,22,8,3,0,0,0,43,0,0,9,4,0,0,0,0,16,0,0,12,5,3,0,0,0,22,0,0,6,10,3,0,0,0,22,0,0,7,4,6,0,0,0,11,0,0,0,0,0,0,0,0,6,0,0,0,0,0,0,0,0,0,0,0,0,0,3,0,0,0,3,78,30,118,65,25,3,0,15,338
UCL221035,19,0,0,0,0,0,0,0,19,10,3,0,0,0,0,0,4,12,11,0,3,0,0,0,0,0,10,6,0,7,0,0,0,0,0,19,3,3,6,5,3,0,0,0,16,5,0,4,4,0,0,0,5,17,3,0,7,3,0,0,0,0,19,4,0,7,11,0,0,0,0,24,4,9,4,3,0,0,0,0,18,4,6,8,5,4,0,0,4,27,0,0,10,11,7,0,0,6,37,4,0,9,4,3,0,0,0,26,0,0,5,6,4,0,0,5,26,3,0,3,0,7,3,4,4,22,3,0,3,7,3,0,3,13,42,67,25,74,66,28,14,19,46,339
UCL221036,23,0,0,0,0,0,0,0,25,14,0,0,0,0,0,0,0,15,7,0,3,0,0,0,0,0,12,8,8,4,0,0,0,0,0,23,3,0,10,3,0,0,0,5,33,4,6,7,5,9,0,0,0,21,0,6,7,11,0,0,0,0,18,4,5,11,7,3,0,0,0,30,0,5,12,8,5,4,0,0,39,5,4,5,5,0,0,0,0,25,0,3,5,8,3,0,0,3,20,0,0,5,7,0,0,0,0,18,0,0,0,0,0,0,0,0,4,0,0,0,0,0,0,0,0,7,0,0,3,0,0,0,0,0,6,79,33,79,57,24,8,3,21,302
UCL221037,21,0,0,0,0,0,0,0,21,9,0,0,0,0,0,0,0,12,13,5,5,0,0,0,0,0,19,5,3,4,0,0,0,0,0,11,0,0,3,8,3,0,0,0,20,4,6,3,3,0,3,0,3,15,3,0,6,9,0,0,0,0,16,9,0,11,8,0,0,0,0,24,5,0,10,6,0,0,3,0,30,0,0,7,8,0,0,0,0,28,0,0,9,8,4,0,0,0,32,4,0,5,13,4,0,0,0,34,0,0,0,11,4,0,0,0,15,0,0,3,8,6,5,0,0,23,0,0,3,9,7,0,5,0,24,76,20,85,71,30,11,10,22,321
UCL221038,25,0,0,0,0,0,0,0,23,13,3,0,0,0,0,0,0,16,6,4,0,0,0,0,0,4,22,16,7,5,3,0,0,0,0,40,10,4,12,7,0,0,0,0,32,4,0,13,5,0,0,0,3,32,3,0,22,4,5,0,0,6,39,0,5,20,8,0,0,0,3,41,0,4,4,3,3,0,0,0,23,3,6,7,7,3,0,0,4,28,0,0,5,9,4,0,0,0,21,0,4,4,3,0,0,0,0,21,0,0,0,0,3,0,0,0,8,0,0,0,0,0,0,0,0,4,0,0,0,0,0,0,0,0,0,83,45,108,50,17,4,0,37,345
UCL221039,17,0,0,0,0,0,0,0,20,15,0,0,0,0,0,0,7,24,9,0,0,0,0,0,0,0,14,11,3,9,8,0,0,0,0,26,0,3,5,4,0,0,0,3,17,0,0,6,5,0,0,0,5,17,0,0,4,7,4,0,0,0,25,4,3,3,5,0,0,0,5,26,3,0,7,9,3,0,0,7,34,4,4,11,9,3,0,0,0,31,0,4,7,4,0,0,0,0,26,0,4,8,7,3,0,0,0,21,0,3,4,6,5,0,0,0,26,0,0,0,3,4,0,0,3,10,0,0,0,3,0,0,0,4,11,72,24,78,77,30,0,0,43,320
UCL221040,18,0,0,0,0,0,0,0,25,8,0,0,0,0,0,0,0,11,5,10,0,0,0,0,0,0,10,7,3,0,3,0,0,0,0,12,3,0,6,0,3,0,0,0,17,0,5,8,0,0,0,0,0,18,0,3,5,5,4,0,0,0,23,8,3,9,3,0,0,0,0,24,3,4,6,11,5,0,0,5,30,5,5,15,4,0,0,0,0,31,4,3,12,9,0,0,0,0,33,3,0,10,4,0,0,0,5,24,0,0,11,7,0,3,0,3,27,4,0,0,0,6,0,0,0,14,0,0,0,0,3,0,0,0,4,76,32,83,54,31,10,0,12,297
UCL221041,18,0,0,0,0,0,0,0,21,9,0,0,0,0,0,0,0,10,6,3,3,0,0,0,0,0,19,7,6,7,3,0,0,0,0,23,8,4,10,3,0,0,0,4,26,6,0,4,4,0,0,0,0,12,0,5,6,3,0,0,0,0,17,3,7,9,7,0,0,0,5,29,8,0,11,10,0,0,0,0,33,5,4,3,3,3,0,0,0,16,4,0,11,0,4,0,0,0,22,0,0,5,0,0,0,0,0,9,0,0,0,0,0,0,0,0,5,0,0,0,0,0,0,0,0,4,0,0,0,0,0,0,0,0,3,69,31,70,38,16,9,5,14,245
UCL221042,11,0,0,0,0,0,0,0,16,5,0,0,0,0,0,0,0,7,9,0,0,0,0,0,0,0,12,3,4,4,4,0,0,0,0,18,5,5,3,4,3,0,0,0,21,0,0,4,7,0,0,0,0,12,0,0,4,3,6,0,0,3,17,3,0,5,3,0,0,0,4,15,0,0,6,8,7,0,0,4,23,0,0,9,3,0,0,0,0,12,0,0,10,6,4,0,0,5,23,4,6,4,6,0,0,0,0,16,0,0,4,0,0,0,0,0,7,0,0,6,4,3,0,0,0,9,0,0,0,3,3,0,0,0,5,48,17,53,39,29,3,0,28,219
UCL221043,6,0,0,0,0,0,0,3,10,7,4,0,0,0,0,0,0,9,6,3,0,0,0,0,0,0,6,5,0,0,0,0,0,0,0,7,0,0,0,3,0,0,0,0,5,3,0,3,0,0,0,0,0,4,5,5,3,4,0,0,0,6,33,8,9,18,7,0,0,0,0,40,4,0,16,10,6,3,0,8,48,17,4,30,12,4,0,0,3,73,12,13,16,13,7,0,0,0,70,4,3,23,19,6,4,0,8,66,3,0,10,8,0,0,0,11,37,0,4,3,10,0,0,3,5,25,0,0,0,5,0,0,0,0,7,77,49,131,84,44,16,10,40,453
UCL221044,17,0,0,0,0,0,0,6,19,8,0,0,0,0,0,0,0,10,7,3,0,0,0,0,0,0,15,6,6,5,6,0,0,0,4,19,5,6,4,5,0,0,0,0,25,3,0,11,6,0,0,0,4,25,4,5,9,6,0,0,0,4,30,7,0,11,10,0,0,0,0,36,6,3,16,6,4,0,0,3,44,14,10,25,14,5,0,0,4,73,10,11,18,13,4,0,0,3,62,14,12,23,10,4,0,0,8,70,6,5,10,11,6,3,0,0,38,3,0,6,6,5,0,0,3,19,4,6,4,8,4,0,0,4,28,111,63,157,95,35,6,6,46,513
UCL221045,13,0,0,0,0,0,0,6,10,5,0,0,0,0,0,0,5,9,8,4,4,0,0,0,0,3,16,6,4,7,0,0,0,0,0,22,5,0,9,3,0,0,0,0,18,6,5,13,7,0,0,0,0,30,9,0,8,0,0,0,0,0,13,6,4,11,9,8,0,0,0,37,4,0,7,8,0,0,0,0,27,11,4,9,4,0,0,0,0,29,0,0,9,9,4,0,0,0,29,5,0,6,3,0,0,0,0,20,0,3,3,3,5,0,0,4,14,0,0,0,0,0,0,0,0,5,0,0,0,0,0,0,5,0,0,73,37,86,51,15,9,9,18,293
UCL221046,36,0,0,0,0,0,0,4,45,20,3,0,0,0,0,0,5,21,45,27,11,4,0,0,0,3,91,16,16,29,15,5,0,0,7,86,3,8,32,19,3,0,0,8,77,4,3,22,11,8,6,0,0,48,3,9,9,14,0,0,0,0,33,0,3,3,6,0,4,0,0,19,6,4,8,4,0,0,0,0,30,6,4,0,8,0,0,0,0,26,0,5,10,6,7,0,0,5,34,0,0,6,4,4,0,0,0,15,0,0,0,5,0,0,0,0,3,0,3,0,0,0,0,0,0,5,0,0,0,0,0,0,0,0,0,140,86,146,86,29,12,0,27,535
UCL221047,15,0,0,0,0,0,0,3,18,14,0,0,0,0,0,0,0,17,7,3,0,0,0,0,0,0,16,7,6,0,0,0,0,0,0,18,0,0,12,6,4,0,0,0,30,0,0,6,6,0,0,0,0,15,3,0,13,3,4,0,0,0,24,0,4,16,5,4,0,0,0,33,4,0,9,6,0,0,0,0,21,0,0,8,12,4,0,0,0,19,0,0,10,6,0,0,0,0,17,0,0,9,0,3,0,0,0,17,4,0,6,0,0,0,0,0,5,0,0,0,0,0,0,0,0,0,0,0,3,0,0,0,0,4,5,64,14,85,47,18,0,4,21,257
UCL221048,17,0,0,0,0,0,0,0,14,7,3,0,0,0,0,0,0,9,8,0,0,0,3,0,0,0,15,7,3,4,0,0,0,0,0,20,0,3,5,8,0,0,0,3,16,5,0,5,5,5,0,0,0,14,4,0,3,7,0,0,0,0,13,4,0,10,0,0,0,0,0,13,0,4,6,0,0,0,0,3,19,3,0,5,4,0,0,0,0,15,0,0,12,3,0,0,0,0,20,6,0,5,11,0,0,0,0,19,0,3,3,3,3,0,0,0,9,0,0,6,3,4,0,0,4,11,0,0,0,0,0,0,0,0,5,59,23,51,39,20,5,5,18,225
UCL221049,21,0,0,0,0,0,0,0,25,8,0,0,0,0,0,0,0,8,9,3,0,0,0,0,0,0,17,4,0,7,0,0,0,0,4,19,3,8,4,10,0,0,0,0,25,6,5,21,3,7,0,0,0,35,3,9,7,10,0,0,0,0,22,3,4,10,7,3,0,0,0,26,0,3,11,10,6,0,0,0,19,0,0,10,5,4,0,0,0,20,0,0,9,3,0,0,0,0,15,0,0,3,4,0,0,0,0,19,0,0,3,0,0,0,0,0,6,0,0,0,0,0,0,0,0,4,0,0,0,0,0,0,0,0,0,63,28,84,50,17,3,0,11,262
UCL221050,20,0,0,0,0,0,0,3,18,9,0,0,0,0,0,0,0,9,3,4,6,3,0,0,0,0,12,4,3,5,3,0,0,0,0,21,4,0,4,3,0,0,0,0,15,0,0,10,0,0,0,0,0,16,0,4,4,8,3,0,4,0,25,0,0,11,8,0,0,0,0,26,6,6,11,6,6,0,0,0,33,0,6,8,3,3,0,0,4,28,0,6,18,4,5,0,3,4,40,0,0,10,8,4,5,0,7,36,0,0,3,0,5,0,0,0,14,0,0,0,4,3,0,0,0,12,0,4,0,3,3,0,4,3,18,49,28,92,73,24,9,9,26,315
UCL221051,24,0,0,0,0,0,0,0,27,5,0,0,0,0,0,0,0,10,3,5,0,0,0,0,0,0,18,0,3,8,0,4,0,0,3,18,4,0,3,5,0,0,0,0,18,0,5,0,0,0,0,0,0,17,0,4,10,3,0,0,0,0,21,0,6,10,8,4,0,0,4,22,0,0,3,5,0,0,0,4,27,0,0,13,3,5,0,0,0,23,9,3,9,7,0,0,3,3,34,6,0,10,3,3,4,0,5,31,0,0,8,4,3,0,4,0,22,0,0,3,3,0,3,0,0,19,0,0,0,7,5,0,0,0,11,65,35,86,65,28,9,7,24,315
UCL221052,13,0,0,0,0,0,0,0,14,9,0,0,0,0,0,0,0,8,17,6,4,0,0,0,0,0,21,6,3,4,3,0,3,0,0,15,0,0,5,3,0,0,0,0,7,0,3,8,0,0,0,0,3,14,3,3,0,3,0,0,0,0,18,3,3,8,5,0,0,0,0,20,0,0,6,12,0,0,0,5,23,3,0,7,8,7,0,0,3,29,0,0,9,7,0,0,0,0,18,0,0,6,3,0,0,0,0,18,0,0,0,0,3,0,0,0,5,0,0,0,3,0,0,0,0,3,0,0,0,0,0,0,0,0,0,54,16,51,49,14,7,5,10,212
UCL221053,15,0,0,0,0,0,0,0,15,6,0,0,0,0,0,0,0,9,0,0,0,0,0,0,0,0,7,8,0,5,0,0,0,0,0,14,0,0,6,7,0,0,0,0,11,0,3,8,0,0,0,0,0,13,8,3,9,0,0,0,0,0,19,10,0,8,7,3,0,0,0,27,4,3,11,12,0,0,0,0,27,4,5,15,6,5,0,0,4,39,12,6,19,13,3,0,0,3,50,0,0,24,15,4,0,0,3,54,0,7,9,9,4,0,0,0,33,0,0,6,3,0,0,0,0,8,0,3,0,0,0,3,0,0,10,71,36,111,75,23,10,5,18,339
UCL221054,12,0,0,0,0,0,0,5,15,10,0,0,0,0,0,0,0,11,5,3,0,0,0,0,0,0,16,8,0,0,3,0,0,0,0,14,0,0,8,4,0,0,0,0,16,0,4,12,0,3,0,0,0,22,5,0,4,6,0,0,0,0,15,0,3,8,6,0,0,0,0,23,0,4,12,0,0,0,0,4,25,8,3,8,3,0,0,0,0,29,3,3,10,7,5,0,0,3,29,3,3,8,4,4,0,0,0,31,0,0,0,0,3,0,0,0,7,0,0,6,8,4,0,0,0,20,0,0,0,0,0,0,0,0,5,64,34,78,46,22,4,5,19,269
UCL221055,19,0,0,0,0,0,0,0,22,5,0,0,0,0,0,0,0,5,7,4,0,0,0,0,0,0,11,0,8,3,6,0,0,0,0,21,0,4,11,10,3,0,0,0,28,0,3,22,3,0,0,0,0,33,0,0,7,10,0,0,0,0,25,0,0,8,13,0,0,0,0,27,0,6,8,5,3,0,0,0,21,3,0,8,0,0,0,0,0,20,0,0,3,4,0,0,0,0,6,0,0,0,3,0,0,0,0,7,0,0,0,0,0,0,0,0,0,0,0,3,0,0,0,0,0,3,0,0,0,3,0,0,0,0,3,47,18,82,56,13,5,0,13,236
UCL221056,11,0,0,0,0,0,0,0,8,8,0,0,0,0,0,0,0,5,7,4,0,0,0,0,0,3,14,8,0,3,0,0,0,0,4,20,0,0,4,3,0,3,0,0,18,0,0,6,4,4,0,0,0,14,4,0,0,0,4,3,4,4,16,3,3,9,3,4,0,0,3,23,0,0,4,6,4,0,0,3,20,0,0,4,5,4,4,0,3,17,0,0,0,6,0,0,0,0,12,0,0,4,3,0,0,0,0,12,0,0,0,0,0,0,0,0,8,0,0,0,0,0,0,0,0,8,6,0,0,0,3,0,0,0,9,46,12,39,34,30,12,0,24,204
UCL221057,18,0,0,0,0,0,0,3,21,18,0,0,0,0,0,0,0,19,8,3,0,0,0,0,0,0,17,4,4,10,9,4,0,0,0,33,5,9,10,3,5,0,0,5,41,5,4,8,3,0,0,0,5,25,9,7,9,3,0,0,0,0,25,3,0,11,7,0,0,0,0,28,6,6,14,0,4,0,0,5,27,4,5,10,7,3,5,0,3,32,0,0,8,9,6,0,0,0,19,0,0,3,0,0,0,0,3,10,0,0,4,0,3,0,0,0,7,0,0,0,4,0,0,0,0,4,0,0,0,0,0,0,0,0,0,78,43,90,51,23,10,4,21,311
UCL221058,13,0,0,0,0,0,0,3,13,0,0,0,0,0,0,0,0,3,3,0,0,0,0,0,0,0,3,4,3,6,0,0,0,0,0,13,0,0,13,7,0,0,0,0,24,0,0,6,3,0,0,0,0,17,0,0,6,0,0,0,0,3,18,5,4,3,8,0,0,0,0,19,4,0,3,3,0,0,0,0,14,0,0,6,8,6,0,0,0,16,0,0,5,3,0,0,0,0,13,0,0,8,4,0,0,0,5,11,4,0,0,0,3,0,0,0,6,0,0,0,0,0,0,0,0,3,0,0,0,0,0,0,0,0,3,38,16,56,43,15,0,0,11,189
UCL221059,16,0,0,0,0,0,0,3,24,6,0,0,0,0,0,0,0,7,18,0,0,0,0,0,0,0,13,10,3,10,0,0,0,0,0,24,10,6,16,3,0,0,0,0,34,9,4,15,3,0,0,0,0,26,12,8,9,6,0,0,0,3,37,9,3,8,9,0,0,0,0,28,3,6,8,6,0,0,0,0,27,4,5,8,6,0,0,0,0,31,3,0,16,5,0,0,0,3,27,0,0,8,3,6,0,0,0,19,4,0,6,7,6,0,0,0,16,3,0,7,0,0,0,0,0,12,0,5,0,4,0,0,0,0,7,105,41,106,57,20,4,0,18,344
UCL221060,4,0,0,0,0,0,0,0,4,6,0,0,0,0,0,0,0,6,4,0,0,0,0,0,0,0,6,0,0,3,0,0,0,0,0,3,0,0,0,0,0,0,0,0,8,3,0,0,0,0,0,0,0,4,4,4,4,0,0,0,0,0,17,5,4,5,3,0,0,0,0,14,4,0,8,4,0,0,0,3,19,8,8,15,4,0,0,0,4,37,8,5,27,6,0,0,0,5,46,11,4,28,11,0,0,0,0,58,4,3,6,6,6,0,0,3,31,8,0,6,9,0,0,0,5,25,0,0,4,6,0,0,0,0,10,69,32,103,43,16,0,0,19,290
UCL221061,21,0,0,0,0,0,0,0,21,7,0,0,0,0,0,0,0,7,5,0,0,0,0,0,0,0,8,3,0,5,0,0,0,0,0,3,3,9,3,0,0,0,0,3,16,0,0,4,4,0,0,0,0,4,0,0,6,3,0,0,0,0,18,4,0,10,3,0,0,0,0,19,8,8,12,3,0,0,0,6,40,8,6,23,11,5,3,0,3,52,3,4,15,12,5,0,0,11,56,7,3,20,10,5,0,0,0,43,0,3,4,3,4,0,0,8,26,0,0,0,0,3,0,0,0,5,0,0,3,3,0,0,0,0,10,73,31,111,58,29,7,3,29,329
UCL221062,12,0,0,0,0,0,0,3,13,5,0,0,0,0,0,0,5,13,6,3,4,3,0,0,0,0,22,0,3,7,4,0,0,0,0,15,3,0,3,0,3,0,0,3,17,3,0,10,4,0,0,0,3,19,6,0,3,4,0,0,0,5,29,4,4,8,11,0,0,0,4,34,6,0,9,6,0,4,0,3,33,0,3,13,14,0,0,0,9,48,3,4,16,10,3,0,5,4,39,7,5,13,12,9,0,0,0,50,6,0,12,4,8,0,0,6,34,0,0,4,13,4,0,4,3,33,0,0,5,4,0,4,0,10,20,75,27,115,83,35,15,18,57,418
UCL221063,7,0,0,0,0,0,0,0,7,4,9,0,0,0,0,0,0,11,4,3,3,0,0,0,0,0,17,5,0,0,3,0,0,0,0,16,0,0,3,0,0,0,0,0,10,0,3,4,4,0,0,0,0,8,0,0,3,3,0,0,0,0,10,0,3,5,6,0,4,0,0,20,5,3,5,5,0,0,0,3,18,0,0,9,10,9,4,0,0,30,0,0,0,0,6,0,0,0,14,0,0,8,5,5,0,0,3,23,0,0,0,3,3,0,0,4,14,0,0,0,5,6,0,0,0,9,0,0,0,0,0,3,4,3,21,35,22,44,49,30,14,19,24,230
UCL221064,21,0,0,0,0,0,0,4,25,19,0,0,0,0,0,0,0,25,16,12,4,0,0,0,0,0,25,10,8,12,0,0,0,0,0,29,0,3,6,6,0,0,0,0,19,4,0,17,5,0,0,0,5,31,6,4,10,0,0,0,0,4,23,3,3,3,9,0,0,0,0,33,3,5,8,0,0,0,0,0,20,0,4,12,6,0,0,0,3,17,4,4,8,6,4,0,0,0,18,3,0,7,3,0,0,0,0,8,0,3,4,0,0,0,0,0,7,0,0,0,0,0,0,0,0,0,0,0,0,0,0,0,0,0,0,82,38,77,45,10,3,3,20,275
UCL221065,5,0,0,0,0,0,0,0,4,0,0,0,0,0,0,0,0,0,5,0,0,0,0,0,0,0,5,10,0,0,0,0,0,0,0,15,3,0,4,0,0,0,0,0,8,0,0,4,0,0,0,0,0,4,5,4,9,3,0,0,0,0,16,3,3,3,4,4,0,0,0,20,0,0,10,5,0,0,0,5,12,5,0,19,7,0,0,0,0,25,0,0,15,7,0,0,0,5,25,0,4,11,9,0,0,0,0,23,0,0,7,4,0,0,0,0,23,0,0,0,9,7,0,0,0,17,0,0,8,5,11,0,0,0,29,35,16,77,56,21,4,6,14,223
UCL221066,14,0,0,0,0,0,0,0,18,19,0,0,0,0,0,0,4,23,9,3,6,5,0,0,0,0,19,0,10,8,6,0,0,0,3,22,4,3,15,4,0,0,0,0,25,0,4,9,0,0,0,0,4,18,5,0,4,11,0,0,0,0,24,0,0,10,5,0,0,0,3,30,6,0,6,4,0,0,0,6,16,6,3,9,9,0,0,0,0,25,3,4,4,0,0,0,0,3,15,0,0,9,4,0,0,0,3,18,0,0,0,0,0,0,0,0,4,0,0,0,0,0,0,0,0,4,0,0,0,0,0,0,0,0,0,66,29,73,45,13,4,3,21,267
UCL221067,17,0,0,0,0,0,0,0,19,9,4,3,0,0,0,0,0,13,3,0,7,3,0,0,0,0,14,7,4,10,6,0,0,0,0,19,0,0,3,0,0,0,0,0,14,0,0,4,6,3,0,0,0,16,6,0,3,3,4,0,0,0,15,0,0,5,6,3,0,0,6,16,0,0,3,4,0,0,0,0,12,4,3,0,5,0,0,0,0,20,0,0,5,4,0,0,0,0,11,0,0,8,4,5,0,0,0,14,0,0,0,0,0,0,0,0,3,0,0,0,0,0,0,0,0,0,0,0,0,0,0,0,0,0,3,51,10,52,42,16,3,4,11,200
UCL221068,19,0,0,0,0,0,0,4,16,7,0,0,0,0,0,0,0,7,8,0,0,0,0,0,0,0,10,6,3,4,3,0,0,0,6,27,5,3,7,10,4,0,0,0,23,3,4,3,10,4,0,0,4,26,0,0,5,5,0,0,0,0,14,7,3,3,0,3,0,0,0,15,0,7,7,5,0,0,0,3,20,0,4,10,5,0,0,0,6,21,6,0,3,3,6,0,0,0,14,0,0,0,3,3,0,0,0,11,0,0,3,0,0,0,0,0,6,0,0,0,0,0,0,0,0,0,0,0,0,0,0,0,0,4,4,61,23,49,32,19,5,0,19,215
UCL221069,17,0,0,0,0,0,0,3,26,11,0,0,0,0,0,0,4,14,25,0,6,5,0,0,0,0,28,5,7,3,0,0,0,0,0,22,3,7,12,8,0,0,0,5,24,0,0,16,6,0,0,0,6,28,4,9,11,13,0,0,0,4,39,10,11,5,7,0,0,0,9,39,4,3,17,5,4,0,0,0,41,13,0,9,10,6,0,0,0,42,7,0,15,6,0,3,0,0,23,4,0,3,5,7,0,0,0,26,4,0,3,8,0,0,0,0,15,0,0,0,4,0,0,0,0,9,0,0,0,0,0,0,0,0,5,109,36,102,73,21,8,0,39,393
UCL221070,24,0,0,0,0,0,0,0,21,16,5,0,0,0,0,0,3,19,9,9,6,0,0,0,0,0,18,7,5,9,4,0,0,0,0,27,10,6,6,5,0,5,0,3,34,6,0,10,7,0,0,0,0,21,3,0,5,10,0,5,0,0,29,7,3,14,0,3,0,0,0,20,0,0,18,13,3,0,0,0,35,4,6,13,12,0,0,0,4,32,6,10,12,7,4,0,0,0,41,3,0,16,11,0,0,0,0,37,0,0,13,3,6,0,0,3,25,0,0,3,3,5,0,4,4,20,0,4,11,6,0,4,5,21,55,90,44,119,98,29,10,11,36,435
UCL221071,28,0,0,0,0,0,0,0,27,8,0,0,0,0,0,0,4,18,7,0,3,0,0,0,0,0,17,7,0,11,0,0,0,0,3,18,0,4,6,4,0,0,0,0,18,0,0,8,11,0,0,0,0,17,3,0,7,9,0,0,0,5,21,4,4,9,12,3,0,0,0,31,3,3,8,6,5,5,0,0,32,3,4,12,5,0,3,0,0,32,0,0,11,3,4,0,0,4,33,4,0,4,6,7,0,0,0,27,0,0,9,8,4,0,0,0,24,4,0,3,4,0,4,0,0,20,0,0,0,5,6,0,3,8,24,72,33,87,77,31,22,6,34,359
UCL221072,5,0,0,0,0,0,0,5,8,6,0,0,0,0,0,0,0,6,14,4,0,0,0,0,0,0,17,5,7,9,0,0,0,0,0,31,0,3,11,0,0,0,0,3,19,0,0,6,6,0,0,0,0,7,5,0,4,0,0,0,0,0,8,0,0,7,3,0,0,0,0,11,0,6,10,3,5,0,0,3,24,0,3,6,6,0,0,0,0,18,0,0,4,8,0,0,0,3,15,3,0,5,4,3,0,0,3,17,0,0,0,3,0,0,0,0,3,0,0,0,0,0,0,0,0,0,0,0,0,0,0,0,0,0,0,48,23,57,37,14,0,0,16,195
UCL221073,29,0,0,0,0,0,0,0,29,15,0,0,0,0,0,0,0,13,5,0,3,0,0,0,0,0,11,0,5,7,3,0,0,0,0,13,0,5,6,4,0,0,0,0,13,0,0,4,3,0,0,0,0,16,0,6,3,3,0,0,0,0,18,0,0,6,13,0,0,0,0,30,0,4,10,6,4,0,0,0,20,4,0,3,3,0,0,0,4,15,4,4,7,9,0,0,0,0,19,4,0,0,0,0,0,0,0,4,0,0,0,0,0,0,0,0,3,0,0,0,0,0,0,0,0,0,0,0,0,0,0,0,0,0,0,59,18,55,47,18,3,0,4,211
UCL221074,11,0,0,0,0,0,0,0,10,4,0,0,0,0,0,0,5,4,12,0,0,0,0,0,0,0,11,12,0,4,0,0,0,0,4,16,4,7,4,5,0,0,0,0,18,9,0,0,0,4,0,0,0,12,9,5,5,6,4,0,0,0,28,9,7,9,4,0,0,0,0,24,17,3,16,9,0,0,0,4,43,19,8,6,3,4,0,0,5,46,15,5,17,4,5,0,0,6,51,11,4,15,0,3,0,3,0,35,0,0,10,10,0,0,0,3,31,0,0,4,6,0,0,0,12,26,0,0,0,6,0,0,0,20,24,115,46,92,53,18,5,7,51,389
UCL221075,8,0,0,0,0,0,0,0,8,6,0,0,0,0,0,0,0,0,9,0,0,0,0,0,0,0,12,7,7,4,0,0,0,0,0,15,4,3,7,8,0,0,0,0,22,5,3,4,3,0,0,0,0,16,0,7,8,3,0,0,0,0,18,8,0,15,0,4,0,0,3,28,3,5,14,10,4,0,0,0,33,13,3,21,13,4,0,0,6,58,11,0,18,12,0,3,0,3,51,8,0,16,9,5,0,0,5,40,0,3,13,3,6,0,0,0,31,0,0,7,0,0,0,0,0,13,0,0,0,0,0,3,3,0,10,90,36,125,69,30,8,3,27,372
UCL221076,6,0,0,0,0,0,0,0,12,6,0,0,0,0,0,0,3,4,12,3,4,0,0,0,0,8,20,8,0,4,0,0,0,0,0,10,4,9,8,0,0,0,0,0,17,14,3,6,3,0,0,0,3,25,8,3,5,6,0,0,0,0,21,6,8,12,0,4,0,0,0,28,3,7,14,11,0,0,0,10,45,10,9,21,8,0,0,4,0,45,8,6,17,15,3,0,0,3,52,0,0,13,15,9,0,0,4,45,0,0,8,10,6,0,0,0,30,0,0,0,0,4,0,0,0,9,0,0,0,0,0,0,0,0,3,87,47,116,69,25,5,3,34,381
UCL221077,11,0,0,0,0,0,0,5,17,9,0,0,0,0,0,0,0,8,10,0,3,0,0,0,0,0,13,5,3,0,4,0,0,0,0,12,5,4,5,4,0,0,0,4,22,4,4,5,3,0,0,0,0,18,3,3,0,5,0,0,0,3,18,4,4,3,0,0,0,0,0,16,14,3,12,0,4,4,0,0,37,9,0,18,16,7,0,0,7,52,4,5,7,5,3,0,0,0,32,0,0,10,10,4,0,0,0,24,4,0,9,6,5,0,0,0,28,6,0,0,0,7,0,0,0,12,5,4,12,8,5,0,0,6,32,76,42,83,51,39,3,0,36,336
UCL221078,6,0,0,0,0,0,0,0,6,17,0,0,0,0,0,0,0,20,10,0,0,0,0,0,0,3,13,4,7,7,3,0,0,0,0,23,3,0,8,4,0,0,0,0,21,0,3,10,3,0,0,0,0,14,6,3,6,3,0,0,0,0,19,6,4,7,6,6,0,0,0,24,4,3,9,7,0,0,0,3,25,3,3,5,4,0,0,0,0,18,0,0,7,3,0,0,0,0,14,0,0,6,5,0,0,0,0,10,0,0,0,0,0,0,0,0,0,0,0,0,0,0,0,0,0,0,0,0,0,4,0,0,0,0,5,64,35,63,35,9,3,0,8,214
UCL221079,8,0,0,0,0,0,0,3,13,6,0,0,0,0,0,0,0,10,9,9,3,0,0,0,0,0,22,4,4,0,0,0,0,0,0,13,0,4,0,0,0,0,0,0,8,0,0,0,4,0,0,0,4,10,0,3,7,0,3,3,0,0,19,4,0,3,3,6,0,0,0,29,3,4,13,8,4,0,0,0,36,5,5,14,8,0,4,4,0,33,4,0,5,12,4,0,0,3,29,3,3,7,7,5,0,0,0,29,0,0,0,10,0,4,8,6,17,0,0,4,3,0,5,0,7,18,0,0,5,7,3,0,0,0,12,53,27,55,62,31,14,10,35,289
UCL221080,14,0,0,0,0,0,0,4,15,6,0,0,0,0,0,0,0,6,3,0,0,0,0,0,0,0,11,0,0,3,0,0,0,0,0,9,9,0,7,0,0,0,0,0,17,5,4,7,3,0,0,0,0,15,3,0,4,3,3,0,0,0,13,6,0,14,4,0,0,0,0,29,4,6,4,5,4,0,0,0,20,3,3,9,4,0,0,0,0,30,4,4,11,7,0,0,0,0,29,4,0,11,3,3,0,0,3,26,0,0,8,3,0,0,0,5,9,0,0,0,9,0,0,0,0,10,0,0,0,0,4,0,0,0,10,65,27,71,40,18,8,6,15,246
UCL221081,9,0,0,0,0,0,0,0,13,7,0,0,0,0,0,0,0,6,4,0,3,0,0,0,0,0,6,6,6,0,3,0,0,0,0,17,0,0,0,3,0,0,0,0,7,0,0,3,0,0,0,0,5,11,0,0,8,4,0,0,0,0,15,0,8,11,6,0,0,0,5,21,4,4,3,3,3,0,0,0,18,9,0,3,8,3,0,0,4,26,0,0,4,6,4,4,0,0,17,0,0,5,7,5,3,0,3,20,0,0,5,4,8,3,4,0,19,0,0,4,0,3,0,0,7,21,0,0,5,5,0,0,4,12,25,47,20,51,43,29,13,11,36,249
UCL221082,27,0,0,0,0,0,0,5,28,44,0,0,0,0,0,0,13,58,35,5,3,0,0,0,0,4,45,19,6,0,0,0,0,0,9,34,11,9,12,0,4,0,0,0,40,5,7,9,6,3,0,0,3,30,4,6,21,14,0,0,0,5,55,0,4,7,8,0,0,0,9,33,3,0,14,4,8,0,0,4,34,5,3,20,5,0,0,0,0,36,0,0,4,3,0,0,0,0,17,0,5,0,0,0,0,0,0,8,0,0,0,0,0,0,0,0,4,0,0,0,0,0,0,0,0,0,0,0,0,0,0,0,0,0,0,150,53,100,43,20,0,0,53,423
UCL221083,15,0,0,0,0,0,0,3,18,7,0,0,0,0,0,0,0,12,11,4,4,0,0,0,0,0,16,8,5,7,6,0,0,0,0,25,12,0,6,11,4,0,0,3,33,4,7,15,5,0,0,0,0,38,0,3,18,10,0,0,0,3,41,8,5,12,6,0,0,0,0,31,10,3,12,11,0,0,0,3,37,3,7,18,15,5,0,0,0,53,4,5,13,10,6,0,0,0,34,4,10,10,15,4,0,0,9,47,0,3,9,6,3,0,3,0,27,5,3,9,5,3,4,0,0,30,8,4,8,4,11,4,7,4,51,102,49,144,104,41,17,8,33,493
UCL221084,13,0,0,0,0,0,0,0,13,16,4,0,0,0,0,0,0,17,17,5,11,0,0,0,0,0,36,10,4,3,4,0,0,0,3,34,0,0,14,10,0,0,0,0,28,0,5,4,3,3,0,0,0,14,0,4,3,5,0,0,0,0,21,0,0,12,3,0,0,0,0,20,3,0,11,9,0,0,0,0,31,0,3,15,0,3,0,0,5,30,0,0,8,9,6,0,0,5,30,0,0,3,3,7,0,0,0,18,0,0,4,3,0,0,0,0,14,0,0,3,0,0,4,0,0,17,0,0,3,0,0,3,0,0,10,68,41,106,57,28,7,5,17,334
UCL222001,9,0,0,0,0,0,0,0,9,3,0,0,0,0,0,0,0,3,4,0,0,0,0,0,0,0,0,0,3,0,0,0,0,0,0,4,0,0,0,0,0,0,0,0,6,0,0,0,0,0,0,0,0,0,0,0,8,9,0,0,0,0,18,3,0,7,9,0,0,0,0,11,0,0,10,0,0,0,0,0,16,0,4,9,0,0,0,0,0,15,0,0,5,8,0,0,0,0,13,0,0,4,0,0,0,0,0,7,0,0,0,0,0,0,0,0,6,0,0,0,0,0,0,0,0,0,0,0,0,0,0,0,0,0,4,27,7,42,29,11,3,0,3,119
UCL222002,12,0,0,0,0,0,0,6,10,3,0,0,0,0,0,0,0,6,0,0,0,0,0,0,0,0,0,3,5,0,0,0,0,0,0,6,0,4,3,0,0,0,0,0,15,3,3,3,0,0,0,0,0,18,6,0,9,4,0,0,0,0,14,7,0,11,0,0,0,0,0,16,3,0,0,9,0,0,0,0,15,7,3,3,4,0,0,0,3,24,0,0,0,8,0,0,0,0,14,4,0,3,4,0,0,0,0,8,0,0,0,3,0,0,0,0,12,0,0,0,3,0,0,0,0,9,0,0,6,0,0,0,0,0,3,37,19,51,40,12,0,0,11,162
UCL222003,6,0,0,0,0,0,0,0,6,5,0,0,0,0,0,0,0,3,3,0,3,0,0,0,0,3,12,4,6,5,5,0,0,0,0,18,3,0,6,5,0,0,0,0,15,0,0,0,0,0,0,0,0,5,0,3,0,4,0,0,0,0,8,0,0,6,0,0,0,0,0,10,0,0,4,0,0,0,0,6,10,0,0,8,4,4,0,0,0,14,0,0,3,0,0,0,0,0,9,0,0,0,0,0,0,3,0,7,0,0,0,0,0,0,0,0,3,0,0,0,0,0,0,0,4,0,0,0,0,0,0,0,0,0,3,21,17,30,20,15,3,3,7,122
UCL222004,0,0,0,0,0,0,0,0,0,3,0,0,0,0,0,0,0,3,0,0,0,0,0,0,0,0,0,0,0,0,0,0,0,0,0,0,0,0,0,0,0,0,0,0,4,0,0,0,0,0,0,0,0,0,0,0,0,0,0,0,0,0,0,0,0,0,0,0,0,0,0,0,0,0,0,0,0,0,0,0,0,0,0,0,0,0,0,0,0,0,0,0,0,0,0,0,0,0,0,0,0,0,0,0,0,0,0,0,0,0,0,0,0,0,0,0,0,0,0,0,0,0,0,0,0,0,0,0,0,0,0,0,0,0,0,10,0,0,0,0,0,0,7,12
UCL222005,4,0,0,0,0,0,0,0,4,0,0,0,0,0,0,0,0,0,3,7,0,0,0,0,0,0,9,0,0,3,0,0,0,0,0,4,0,0,3,0,0,0,0,0,4,0,0,4,0,0,0,0,0,6,0,0,0,0,0,0,0,0,3,0,3,4,3,4,5,0,0,12,0,0,0,5,0,0,0,0,6,0,0,0,0,0,0,0,0,3,4,0,3,4,0,0,0,4,9,0,0,4,4,0,0,0,0,11,0,0,0,0,0,0,4,0,6,0,0,0,0,0,0,0,0,0,0,0,0,0,0,0,0,0,3,19,12,23,14,9,3,4,9,83
UCL222006,10,0,0,0,0,0,0,0,9,9,0,0,0,0,0,0,0,8,0,0,0,0,0,0,0,0,3,0,3,6,0,0,0,0,0,8,3,5,7,7,0,0,0,0,14,5,0,4,0,0,0,0,0,14,0,0,3,4,0,0,0,0,5,0,0,5,0,0,0,0,0,11,0,0,9,4,4,0,0,0,15,4,0,3,4,3,3,0,0,17,5,0,9,3,0,0,0,0,18,0,0,3,9,0,0,0,0,17,0,0,7,6,0,0,0,0,13,0,0,0,0,0,0,0,0,0,0,0,0,0,0,0,0,0,0,37,15,53,33,9,3,0,11,164
UCL222007,0,0,0,0,0,0,0,0,7,3,0,0,0,0,0,0,0,3,4,0,0,0,0,0,0,0,5,0,0,0,0,0,0,0,0,5,0,4,0,0,0,0,0,0,7,0,0,0,0,0,0,0,0,3,0,0,0,4,0,0,0,0,12,3,0,3,0,0,0,0,0,11,5,0,6,0,0,0,0,0,16,0,0,4,0,0,0,0,0,5,0,0,0,4,0,0,0,0,6,0,0,3,0,0,0,0,0,6,0,0,0,6,0,0,0,0,0,0,0,0,0,0,0,0,0,0,0,0,0,0,0,0,0,0,4,21,13,22,20,4,0,8,5,89
UCL222008,11,0,0,0,0,0,0,3,11,0,0,0,0,0,0,0,0,0,3,6,0,0,0,0,0,0,7,0,0,0,0,0,0,0,0,7,6,0,5,4,0,0,0,0,10,7,3,0,0,0,0,0,3,17,11,3,8,0,0,0,0,0,30,3,3,4,0,0,0,0,3,20,0,0,7,0,0,0,0,4,15,0,4,3,0,0,0,0,0,13,5,0,10,6,0,0,0,4,17,0,0,7,0,0,0,0,0,5,0,0,3,0,0,0,0,0,10,0,0,0,0,0,0,0,0,0,0,0,0,0,0,0,0,0,0,49,28,40,14,12,0,0,18,156
UCL222009,3,0,0,0,0,0,0,0,3,0,0,0,0,0,0,0,0,3,8,3,0,0,0,0,0,0,12,0,0,4,0,0,0,0,0,11,0,0,7,0,0,0,0,0,4,6,0,0,9,4,0,0,0,8,0,0,0,0,0,0,0,0,5,5,0,0,4,0,0,0,0,9,9,0,4,0,0,0,0,0,16,0,0,7,6,0,0,0,0,22,0,0,4,4,0,0,0,0,14,0,0,3,0,0,0,0,3,11,0,0,0,0,5,0,0,4,11,0,0,0,3,0,0,0,0,7,0,0,3,3,0,0,0,5,8,35,8,40,24,12,3,0,22,146
UCL222010,19,0,0,0,0,0,0,0,15,11,0,0,0,0,0,0,0,11,8,0,0,0,0,0,0,0,9,0,0,4,0,0,0,0,4,5,3,0,0,0,0,0,0,0,12,3,5,9,0,0,0,0,0,11,0,0,7,3,0,0,0,0,13,0,4,8,0,0,0,0,0,18,0,0,4,3,3,0,0,0,11,0,0,6,4,3,0,0,0,10,0,4,5,0,0,0,0,0,11,0,0,0,0,0,0,0,0,9,0,0,3,0,0,0,0,0,5,0,0,0,0,0,0,0,0,0,0,0,0,0,0,0,0,0,0,49,18,45,20,8,0,0,8,153
UCL222011,12,0,0,0,0,0,0,6,19,7,0,0,0,0,0,0,0,7,5,0,0,0,0,0,0,0,4,0,0,7,0,0,0,0,0,8,3,3,6,3,0,0,0,0,10,3,0,7,3,0,0,0,0,13,0,0,13,4,0,0,0,0,12,0,0,5,6,0,0,0,0,15,0,0,0,9,0,0,0,0,10,0,0,7,0,3,0,0,0,15,0,0,3,5,0,5,0,0,7,0,0,0,4,0,0,0,0,10,0,0,0,0,0,0,0,0,0,0,0,0,0,0,0,0,0,0,0,0,0,0,0,0,0,0,0,37,8,35,31,4,6,0,7,137
UCL222012,9,0,0,0,0,0,0,0,10,7,0,0,0,0,0,0,0,9,0,0,0,0,0,0,0,0,3,4,0,0,0,0,0,0,0,6,0,0,3,0,3,0,0,0,7,0,3,7,0,0,0,0,0,10,4,3,3,5,0,0,0,0,14,4,0,5,0,0,0,0,4,18,3,0,11,9,0,0,0,0,22,7,0,12,6,0,0,0,0,22,3,0,11,6,0,0,0,3,21,0,0,3,5,4,0,0,0,16,0,0,3,0,0,0,0,0,11,0,0,0,4,0,0,0,0,4,0,0,0,0,0,0,0,0,0,41,12,53,37,10,3,0,15,173
UCL222013,4,0,0,0,0,0,0,0,4,5,0,0,0,0,0,0,0,5,8,0,0,0,0,0,0,0,10,0,0,0,0,0,0,0,0,3,0,0,0,0,4,0,0,0,11,0,0,0,0,0,0,0,0,0,0,0,3,0,0,0,0,3,6,0,0,6,9,0,0,0,0,10,0,0,5,0,0,0,0,0,8,7,0,3,3,3,0,0,0,12,0,0,5,3,5,3,0,0,18,0,0,9,0,0,0,0,0,12,0,0,0,5,0,0,0,0,9,6,0,0,0,0,0,0,0,10,0,0,0,0,0,0,0,0,0,29,5,30,23,12,3,0,10,111
UCL222014,7,0,0,0,0,0,0,0,9,3,0,0,0,0,0,0,4,4,5,0,4,0,0,0,0,0,11,0,4,5,0,0,0,0,0,13,4,0,0,4,3,0,0,0,14,3,3,12,8,0,0,0,0,22,5,3,0,3,0,0,0,0,19,0,0,4,0,0,0,0,3,14,0,0,3,10,0,0,0,0,11,0,0,9,5,0,0,0,0,12,0,0,0,4,0,0,0,0,3,0,4,7,0,3,0,0,0,15,0,0,0,0,0,0,0,0,4,0,0,0,0,0,0,0,0,0,0,0,0,0,0,0,0,0,0,36,17,50,26,6,0,0,9,148
UCL222015,15,0,0,0,0,0,0,0,17,12,0,0,0,0,0,0,0,11,11,0,0,0,0,0,0,0,9,4,0,4,0,0,0,0,0,8,0,0,4,4,0,0,0,0,17,0,0,0,0,0,0,0,0,12,4,0,10,3,0,0,0,0,15,0,0,8,9,4,0,0,0,21,0,0,3,0,0,0,0,0,6,0,4,4,6,0,0,0,0,17,0,0,0,0,0,0,0,0,7,0,0,0,4,0,0,0,0,4,0,0,0,0,0,0,0,0,6,0,0,0,0,0,0,0,0,4,0,0,0,0,0,0,0,0,0,41,10,35,33,11,9,4,10,150
UCL222016,12,0,0,0,0,0,0,0,12,3,0,0,0,0,0,0,0,3,6,0,4,0,0,0,0,0,4,0,0,0,0,0,0,0,0,6,5,0,0,0,0,0,0,0,10,0,0,6,0,0,0,0,0,6,0,0,4,4,0,0,0,0,9,0,0,0,0,0,0,0,0,10,5,0,0,0,0,0,0,0,7,0,0,5,4,0,0,0,0,13,0,0,4,0,0,0,0,0,14,0,4,0,0,0,0,0,0,8,3,0,0,3,0,0,0,0,4,0,0,0,0,0,0,0,0,0,0,0,0,0,0,0,0,0,0,29,9,32,19,9,6,0,8,101
UCL222017,0,0,0,0,0,0,0,0,3,0,0,0,0,0,0,0,0,0,0,0,0,0,0,0,0,0,3,7,0,0,0,0,0,0,0,7,0,0,0,0,0,0,0,0,3,0,0,3,0,0,0,0,0,4,0,0,0,0,0,0,0,0,8,0,0,0,0,0,6,0,0,4,0,0,6,0,0,0,0,0,12,0,0,4,4,0,0,0,3,11,0,0,4,0,0,0,0,0,9,0,0,4,4,3,0,0,0,13,0,0,0,0,3,0,0,3,9,0,3,5,0,0,0,0,0,9,0,0,0,0,0,0,0,0,0,14,5,29,15,11,3,0,10,90
UCL222018,4,0,0,0,0,0,0,5,6,3,0,0,0,0,0,0,0,3,6,0,0,0,0,0,0,0,4,0,0,0,0,0,0,0,0,0,4,0,0,0,0,0,0,0,6,0,0,4,0,0,0,0,0,5,0,0,4,0,0,0,0,0,5,0,0,4,0,0,0,0,0,3,0,0,0,0,0,0,0,0,4,0,0,0,0,0,0,0,0,3,0,4,0,0,0,0,0,0,4,0,0,0,0,0,0,0,0,0,0,0,0,0,0,0,0,0,0,0,0,0,0,0,0,0,0,0,0,0,0,0,0,0,0,0,0,27,4,14,0,0,0,0,9,52
UCL222019,9,0,0,0,0,0,0,0,9,6,0,0,0,0,0,0,0,6,3,0,5,0,0,0,0,0,12,3,4,3,0,0,0,0,0,12,6,0,0,0,0,0,0,0,8,3,0,7,0,0,0,0,0,12,0,3,0,0,0,0,0,0,11,0,0,8,0,0,0,0,0,12,0,0,0,3,0,0,0,4,15,0,3,8,10,4,0,0,0,22,4,0,4,0,4,0,0,0,18,0,0,4,0,0,0,0,0,10,0,0,0,0,0,0,0,0,6,0,0,0,0,0,4,0,0,12,0,0,0,0,0,0,0,0,0,39,17,50,32,8,6,3,10,156
UCL222020,7,0,0,0,0,0,0,0,11,0,0,0,0,0,0,0,0,0,0,0,0,0,0,0,0,0,0,0,5,0,0,0,0,0,0,8,0,0,0,0,0,0,0,0,4,0,4,3,6,0,0,0,3,16,0,0,5,5,0,0,0,0,7,0,0,3,0,4,0,0,0,11,3,5,0,4,0,0,0,0,6,3,3,3,0,5,0,4,4,18,0,0,4,0,0,0,0,0,3,0,0,0,0,0,0,0,0,6,0,0,0,0,5,0,0,3,5,0,0,0,4,0,0,0,0,4,0,0,0,0,0,0,0,0,5,19,18,24,20,7,3,4,10,108
UCL222021,0,0,0,0,0,0,0,0,8,0,0,0,0,0,0,0,0,6,5,0,6,0,0,0,0,0,7,3,3,4,0,0,0,0,0,14,8,6,0,0,0,0,0,0,11,0,0,3,0,3,0,0,0,11,0,0,0,0,0,0,0,0,8,4,0,0,0,3,0,0,0,13,0,0,5,3,0,0,0,0,17,0,0,6,4,0,0,0,0,16,0,0,4,3,0,0,0,0,13,0,0,3,4,0,0,0,0,7,0,0,3,0,0,0,0,0,6,0,0,0,4,0,0,0,0,3,0,0,0,0,0,0,0,0,0,35,11,39,17,12,4,0,9,130
UCL222022,9,0,0,0,0,0,0,0,7,0,0,0,0,0,0,0,0,3,0,0,0,0,0,0,0,0,4,0,0,3,0,0,0,0,0,5,0,0,0,0,0,0,0,0,6,4,0,4,0,0,0,0,0,9,0,0,3,0,0,0,0,0,3,0,0,0,0,3,0,0,0,16,3,0,3,0,0,0,0,0,8,5,0,3,4,0,0,0,4,8,0,4,5,0,0,0,0,0,10,0,0,4,3,0,3,0,0,9,0,0,0,6,3,0,0,0,11,0,0,0,0,0,0,0,0,0,0,0,0,4,0,3,0,0,7,22,12,30,22,10,7,5,9,120
UCL222023,8,0,0,0,0,0,0,0,12,7,0,0,0,0,0,0,0,7,6,0,3,0,0,0,0,3,12,9,5,3,0,0,0,0,0,17,5,0,14,3,0,0,0,6,19,5,5,6,0,0,0,0,0,18,0,4,11,0,3,0,0,5,20,0,0,3,7,0,0,0,0,15,0,0,15,4,0,0,0,0,20,0,5,0,3,3,3,0,0,21,0,0,3,9,0,0,0,0,14,0,0,5,0,0,0,0,0,7,0,0,0,0,0,0,0,0,3,0,0,0,0,0,0,0,0,3,0,0,0,0,0,0,0,0,0,36,17,69,25,14,4,3,15,184
UCL222024,7,0,0,0,0,0,0,3,15,19,0,0,0,0,0,0,10,34,22,0,0,0,0,0,0,3,27,8,3,0,0,0,0,0,8,12,8,3,0,0,0,0,0,0,12,6,0,4,0,0,0,0,0,6,0,0,0,0,0,0,0,0,4,0,0,3,4,0,0,0,4,13,4,3,0,0,0,0,0,0,4,4,0,0,0,0,0,0,0,9,0,0,0,0,0,0,0,0,0,0,0,0,0,0,0,0,0,0,0,0,0,0,0,0,0,0,0,0,0,0,0,0,0,0,0,0,0,0,0,0,0,0,0,0,0,76,8,11,12,0,0,0,29,138
UCL222025,6,0,0,0,0,0,0,0,3,0,0,0,0,0,0,0,0,6,0,0,0,0,0,0,0,0,3,0,0,0,0,0,0,0,0,3,0,0,0,0,0,0,0,0,6,0,0,0,3,0,0,0,0,4,0,0,0,5,0,3,0,0,6,0,0,0,0,6,0,0,0,11,0,0,0,0,0,0,0,0,5,0,0,4,3,0,0,0,0,5,0,0,5,4,0,0,0,3,15,6,0,6,0,0,3,0,0,12,0,0,0,0,0,0,0,0,3,0,0,0,0,0,0,0,0,5,0,0,0,0,0,0,0,0,0,16,4,23,19,9,7,5,11,90
UCL222026,9,0,0,0,0,0,0,0,9,3,0,0,0,0,0,0,0,3,5,0,0,0,0,0,0,0,5,0,4,0,6,3,0,0,0,10,0,0,4,3,0,0,0,0,11,0,5,0,3,0,0,0,0,11,0,0,9,0,0,0,0,0,12,0,0,7,0,0,0,0,0,10,4,0,0,0,0,0,0,0,9,0,3,6,6,3,3,0,0,17,0,0,0,4,4,0,0,0,14,0,0,3,5,0,0,0,0,10,0,0,0,5,0,0,0,0,0,0,0,0,0,0,0,0,0,0,0,0,0,0,0,0,0,0,3,30,11,35,34,13,4,0,4,133
UCL222027,7,0,0,0,0,0,0,0,11,8,0,0,0,0,0,0,0,4,6,0,0,0,0,0,0,0,8,0,0,6,0,0,0,0,0,12,0,0,5,4,0,0,0,0,11,4,0,4,0,0,0,0,5,16,3,0,3,0,0,0,0,0,6,0,0,5,3,0,0,0,0,11,0,0,4,4,0,0,0,5,7,0,3,6,0,0,0,0,3,19,0,0,9,0,0,0,5,0,18,0,0,8,6,0,0,0,0,10,0,0,6,3,0,0,0,3,10,0,0,0,4,0,0,0,0,7,0,0,0,0,0,0,0,0,0,31,10,53,23,4,4,5,12,149
UCL222028,10,0,0,0,0,0,0,0,10,5,0,0,0,0,0,0,0,8,3,5,0,0,0,0,0,0,11,0,3,0,0,0,0,0,3,16,5,3,3,0,0,0,0,0,13,0,5,4,6,0,0,0,0,19,0,5,0,0,0,0,0,0,3,0,0,0,0,0,0,0,0,10,0,0,3,7,0,0,0,0,10,0,4,3,3,0,0,0,0,14,3,0,0,0,4,0,0,0,8,0,0,3,8,0,0,0,0,11,0,0,0,0,0,0,0,0,0,0,0,0,0,0,0,0,0,0,0,0,0,0,0,0,0,0,3,29,26,27,20,7,4,0,12,128
UCL222029,0,0,0,0,0,0,0,0,0,0,0,0,0,0,0,0,0,4,4,0,0,0,0,0,0,0,8,4,0,0,0,0,0,0,0,5,0,0,3,0,0,0,0,0,11,0,0,0,0,0,0,0,0,0,0,0,0,0,0,0,0,0,0,4,0,0,0,0,0,0,0,10,3,0,4,0,0,0,0,0,11,0,0,4,0,0,0,0,0,3,3,0,0,0,0,0,0,0,12,0,0,4,3,0,5,0,0,8,0,0,0,0,3,0,0,0,5,0,0,0,3,0,0,0,0,8,0,0,0,0,3,0,0,0,4,18,5,20,13,12,6,0,0,81
UCL222030,3,0,0,0,0,0,0,0,6,3,0,0,0,0,0,0,0,3,0,0,0,0,0,0,0,0,0,0,0,0,0,0,0,0,3,8,0,0,5,4,0,0,0,0,12,0,0,8,3,0,0,0,0,14,6,0,3,0,0,0,0,0,5,0,0,4,0,0,0,0,0,7,3,0,5,0,0,0,0,0,11,0,4,0,0,0,0,3,0,13,0,0,0,0,0,0,0,0,5,0,0,0,0,0,0,0,0,8,0,0,0,3,0,0,0,0,6,0,0,0,0,0,0,0,0,4,0,0,0,0,0,0,0,0,5,20,7,31,17,0,4,5,7,95
UCL222031,3,0,0,0,0,0,0,0,3,0,0,0,0,0,0,0,0,0,0,0,0,0,0,0,0,0,6,0,0,3,0,0,0,0,0,8,0,0,4,3,0,0,0,0,8,0,0,3,0,0,0,0,6,9,4,0,3,0,3,0,0,0,11,6,0,0,0,0,0,0,0,10,0,0,5,4,0,0,0,3,13,0,0,0,4,0,6,0,0,12,3,0,11,0,0,0,0,0,13,0,0,8,3,0,0,0,0,13,0,0,3,0,0,0,0,0,10,0,0,0,0,0,0,0,0,0,0,0,0,0,0,0,0,0,4,20,5,41,16,11,8,3,13,119
UCL222032,4,0,0,0,0,0,0,0,4,3,0,0,0,0,0,0,0,3,9,3,3,0,0,0,0,0,15,8,3,0,0,0,0,0,3,19,5,0,3,0,0,0,0,0,9,3,4,3,3,0,0,0,0,15,0,0,5,0,0,0,0,0,7,4,0,4,0,0,0,0,0,11,0,0,5,0,0,0,0,0,7,0,0,6,10,0,0,0,5,18,0,0,4,4,0,0,0,0,11,0,0,5,0,0,0,0,0,11,0,0,0,3,0,0,0,0,9,0,0,0,0,0,0,0,0,0,0,0,0,0,5,0,0,0,0,53,15,34,29,6,4,0,13,144
UCL222033,0,0,0,0,0,0,0,0,4,5,0,0,0,0,0,0,0,3,8,0,0,0,0,0,0,0,5,5,5,3,5,0,0,0,3,19,5,0,3,0,0,0,0,0,10,0,0,11,4,0,0,0,4,19,3,0,11,6,0,0,0,6,20,4,0,3,0,0,0,0,0,3,4,0,0,0,0,0,0,0,6,0,0,6,6,0,0,0,0,15,0,0,5,0,0,0,0,0,11,0,0,9,0,0,0,0,0,11,0,0,3,0,0,0,0,0,3,0,0,0,0,0,0,0,0,0,0,0,0,0,0,0,0,0,0,39,13,45,14,4,0,0,18,134
UCL222034,10,0,0,0,0,0,0,4,7,12,0,0,0,0,0,0,0,15,3,3,0,0,0,0,0,0,10,4,0,0,0,0,0,0,0,6,3,3,3,0,0,0,0,0,13,0,3,3,4,0,0,0,0,12,0,0,0,3,0,0,0,0,11,4,0,5,4,0,0,0,0,16,4,0,0,0,0,0,0,3,4,9,0,5,0,0,0,0,4,12,0,5,3,5,0,4,0,6,20,0,0,3,0,0,0,0,0,9,0,0,0,0,0,0,0,0,0,0,0,0,0,0,0,0,0,0,0,0,0,3,0,0,0,0,0,39,15,29,22,6,4,0,24,137
UCL222035,3,0,0,0,0,0,0,0,3,5,0,0,0,0,0,0,0,5,0,0,0,0,0,0,0,0,0,0,8,4,0,0,0,0,0,6,0,0,4,0,0,0,0,0,7,0,0,0,3,0,0,0,0,8,0,0,0,0,0,0,0,0,5,0,0,0,4,0,0,0,0,4,0,3,6,0,3,0,0,0,15,5,3,4,8,3,8,0,0,25,4,0,3,7,0,0,0,0,20,0,0,0,6,0,0,0,0,12,0,0,0,0,0,0,0,0,7,0,0,0,0,0,0,0,0,0,0,0,0,4,0,0,0,7,11,18,12,27,36,12,10,4,14,133
UCL222036,6,0,0,0,0,0,0,0,4,4,0,0,0,0,0,0,0,3,0,0,0,0,0,0,0,0,5,0,0,5,0,0,0,0,0,9,0,0,5,0,0,0,0,0,3,0,0,0,0,0,0,0,0,9,0,0,3,0,0,0,0,0,4,0,0,3,6,0,0,0,0,7,0,0,0,0,0,0,0,0,10,0,6,0,3,0,0,0,4,15,0,0,0,4,0,0,0,0,6,0,0,0,3,0,0,0,3,4,0,0,0,0,0,0,0,0,3,0,0,0,0,0,0,0,0,11,0,0,0,0,4,0,0,0,4,17,10,27,20,7,7,5,13,95
UCL222037,3,0,0,0,0,0,0,0,3,10,0,0,0,0,0,0,0,8,4,0,0,0,0,0,0,0,6,3,3,8,0,0,0,0,0,11,0,0,0,4,0,0,0,0,6,4,0,0,0,0,0,0,0,7,0,0,0,7,0,0,0,0,7,0,0,7,6,0,0,0,0,10,3,0,4,3,0,0,0,0,12,0,0,3,4,0,0,0,0,9,0,0,0,0,0,0,0,0,5,0,0,0,6,0,0,0,0,3,0,0,0,0,0,0,0,0,6,0,0,0,0,0,0,0,0,0,0,0,0,0,0,0,0,0,3,27,9,27,29,4,3,0,9,108
UCL222038,8,0,0,0,0,0,0,0,8,3,0,0,0,0,0,0,0,4,5,0,0,0,0,0,0,0,3,0,0,0,0,0,0,0,0,8,0,0,5,3,0,0,0,0,5,0,0,0,4,0,0,0,0,5,0,4,3,3,0,0,0,0,9,0,0,7,4,0,0,0,4,7,0,0,3,3,0,0,0,0,8,0,0,0,0,0,0,0,0,8,0,0,0,0,3,0,0,0,7,0,0,4,5,0,0,0,0,7,0,0,0,0,0,0,0,0,0,0,0,0,0,0,0,0,0,0,0,0,0,0,0,0,0,0,3,17,3,20,25,8,0,0,7,83
UCL222039,12,0,0,0,0,0,0,0,8,9,0,0,0,0,0,0,0,10,4,3,0,0,0,0,0,0,7,5,4,3,3,0,0,0,0,7,0,0,3,0,0,0,0,0,11,0,0,0,3,3,0,0,0,7,0,0,0,6,0,0,0,0,11,5,0,6,5,0,0,0,0,23,0,4,10,3,0,0,0,0,12,4,0,3,0,0,0,0,0,14,0,4,0,3,0,0,0,0,10,0,0,3,0,0,0,0,0,8,0,0,0,0,0,0,0,0,8,0,0,0,0,0,0,0,0,0,0,0,0,0,0,0,0,0,0,33,19,42,19,10,3,0,6,131
UCL222040,8,0,0,0,0,0,0,0,14,3,0,0,0,0,0,0,0,5,8,0,0,0,0,0,0,0,8,0,3,0,0,0,0,0,0,11,5,0,6,0,0,0,0,0,5,0,0,0,3,0,0,0,0,7,0,4,5,0,0,0,0,0,19,4,4,0,0,5,0,0,0,16,10,4,15,5,4,0,0,0,26,5,4,6,3,0,0,0,4,24,3,4,8,4,0,0,0,0,27,0,0,8,3,0,0,0,0,13,0,0,4,0,0,0,0,0,6,0,0,0,0,0,0,0,0,3,0,0,0,0,0,0,0,0,7,46,28,58,28,10,4,0,11,192
UCL222041,11,0,0,0,0,0,0,0,12,0,0,0,0,0,0,0,0,4,5,0,0,0,0,0,0,0,5,3,0,0,0,0,0,0,0,11,0,0,3,4,0,0,0,0,3,7,0,0,0,0,0,0,0,8,0,0,0,0,0,4,0,0,9,6,0,0,0,0,0,0,0,6,6,0,3,0,0,0,0,0,11,0,0,3,4,0,0,0,0,14,0,0,3,0,0,0,0,0,8,0,0,0,0,0,0,0,0,7,0,0,0,5,0,0,0,0,3,0,0,0,0,0,0,0,0,4,0,0,0,0,0,0,0,0,0,34,9,20,21,10,9,6,8,111
UCL222042,8,0,0,0,0,0,0,0,11,0,0,0,0,0,0,0,0,0,0,4,0,0,0,0,0,0,6,0,0,0,3,0,0,0,0,3,0,0,5,0,0,0,0,0,4,0,0,0,0,0,4,0,0,4,0,0,0,0,0,0,0,0,7,0,0,4,4,0,0,0,0,11,0,0,5,8,7,0,0,0,17,4,0,7,0,0,0,0,0,8,5,0,0,5,3,0,0,0,10,0,0,0,0,5,0,0,0,4,0,0,0,6,0,0,0,0,9,0,0,3,0,0,0,0,0,7,0,0,0,0,0,0,0,0,6,12,9,26,23,11,4,6,5,98
UCL222043,9,0,0,0,0,0,0,0,9,4,0,0,0,0,0,0,0,6,3,3,0,0,0,0,0,0,4,5,5,3,6,0,0,0,0,17,5,0,3,0,0,0,0,0,10,3,0,0,0,0,0,0,0,13,0,0,3,5,0,0,0,0,15,6,4,0,7,0,0,0,0,15,7,0,0,0,0,0,0,3,11,3,5,5,4,0,0,0,3,23,4,3,4,3,3,0,0,0,18,3,6,11,0,3,0,0,0,20,0,0,3,0,0,0,0,0,3,0,0,0,0,0,0,0,0,11,0,0,0,4,0,0,0,0,8,48,27,43,25,26,0,4,9,177
UCL222044,6,0,0,0,0,0,0,3,6,6,0,0,0,0,0,0,0,6,3,3,0,0,0,0,0,0,11,4,0,4,0,0,0,0,0,11,3,0,0,0,0,0,0,0,3,0,0,5,0,0,0,0,0,3,0,0,4,0,0,0,0,3,7,6,0,0,0,4,0,0,0,14,5,0,4,4,0,0,0,0,14,4,0,7,3,5,0,0,4,22,0,0,7,0,3,0,0,0,15,0,0,3,5,0,0,0,0,13,0,0,0,0,0,0,0,0,5,0,0,0,0,5,0,0,0,10,0,0,0,0,0,0,0,0,0,31,12,34,22,15,7,0,20,137
UCL222045,5,0,0,0,0,0,0,0,7,7,0,0,0,0,0,0,0,10,0,0,0,0,0,0,0,0,4,0,0,5,0,0,0,0,0,4,0,0,0,3,0,0,0,3,9,0,0,5,0,0,0,0,0,10,0,4,6,0,0,0,0,5,16,5,0,3,0,0,0,0,0,7,5,3,7,4,3,0,0,0,13,0,0,5,0,0,0,0,3,8,6,0,0,0,0,0,0,0,7,5,0,0,6,0,0,0,0,14,0,0,0,0,0,0,0,0,3,0,0,0,0,0,0,0,0,0,0,0,0,0,0,0,0,0,0,27,5,28,23,8,0,4,9,109
UCL222046,17,0,0,0,0,0,0,6,18,8,4,0,0,0,0,0,7,13,0,0,0,0,0,0,0,0,4,0,3,0,3,0,0,0,0,7,0,0,4,0,0,0,0,0,4,0,0,9,6,3,0,0,0,13,0,0,0,0,3,0,0,3,10,0,4,4,0,0,0,0,4,13,0,0,9,5,3,0,0,0,12,0,0,4,3,3,0,0,6,12,0,0,3,4,6,0,0,0,25,0,5,0,0,3,5,0,0,9,0,0,4,4,0,0,0,0,9,0,0,0,0,4,0,0,0,11,0,0,0,0,0,0,0,0,11,32,9,36,31,24,12,6,18,169
UCL222047,8,0,0,0,0,0,0,0,8,0,0,0,0,0,0,0,0,0,3,0,0,0,0,0,0,0,3,3,0,0,0,0,0,0,0,5,0,0,3,0,0,0,0,0,4,0,3,0,0,0,0,0,0,4,0,0,0,4,0,0,0,0,4,0,0,4,0,0,0,0,0,10,0,3,3,4,0,0,0,0,10,0,0,3,0,0,0,0,0,12,4,0,0,0,0,0,0,0,11,0,0,0,0,0,0,0,0,8,0,0,3,0,0,0,0,0,7,0,0,0,0,0,0,0,0,4,0,0,0,0,0,0,0,0,9,26,12,22,20,3,0,0,6,94
UCL222048,5,0,0,0,0,0,0,0,5,4,0,0,0,0,0,0,0,4,0,0,0,0,0,0,0,0,5,4,0,0,0,0,0,0,0,7,0,0,0,0,0,0,0,0,0,0,0,0,0,0,0,0,0,7,0,0,0,0,0,0,0,0,0,0,3,6,3,0,0,0,0,12,0,0,11,0,3,0,0,0,16,0,0,7,3,0,0,0,0,9,0,0,5,0,0,0,0,0,10,0,0,0,0,0,0,0,0,6,0,0,0,0,0,5,0,4,8,0,0,0,0,0,0,3,0,5,0,0,0,3,0,3,0,0,10,15,4,26,10,14,5,3,9,94
UCL222049,0,0,0,0,0,0,0,0,0,3,0,0,0,0,0,0,0,3,4,0,0,0,0,0,0,0,4,7,0,0,0,0,0,0,0,3,0,0,3,0,0,0,0,0,10,8,0,3,0,0,0,0,0,11,0,0,6,0,0,0,0,0,7,0,0,0,5,0,0,0,3,7,7,0,3,0,0,0,0,0,14,0,0,4,0,0,0,0,0,8,9,0,11,3,0,0,0,0,24,0,0,6,3,3,0,0,0,15,3,0,0,6,3,0,0,0,10,0,0,0,3,0,0,0,0,4,0,0,0,0,0,0,0,0,4,35,13,41,14,10,0,0,11,124
UCL222050,5,0,0,0,0,0,0,0,5,0,0,0,0,0,0,0,0,0,8,0,0,0,0,0,0,0,11,7,3,5,0,0,0,0,0,15,7,4,3,0,4,0,0,0,14,9,0,6,0,0,0,0,0,13,3,3,5,0,0,0,0,0,14,3,3,4,0,0,0,0,0,16,3,0,10,6,0,0,0,0,25,0,4,7,6,0,0,0,0,23,0,0,7,9,0,0,0,4,24,0,0,12,0,0,0,0,0,17,0,0,9,3,0,0,0,0,16,0,0,0,0,3,0,0,0,10,0,0,0,0,0,0,0,0,7,40,19,70,39,16,3,3,18,210
UCL222051,4,0,0,0,0,0,0,0,3,8,0,0,0,0,0,0,0,8,4,0,3,0,0,0,0,0,11,5,5,3,0,3,0,0,0,12,0,3,4,0,0,0,0,0,9,5,0,0,0,0,0,0,0,6,4,0,3,6,0,0,0,0,11,5,0,5,0,0,0,0,0,14,3,0,8,0,0,0,0,0,18,5,4,14,3,0,4,0,0,29,0,0,8,3,0,0,0,3,19,4,0,14,4,0,0,0,0,29,0,0,8,4,0,0,0,0,17,0,0,0,4,0,0,0,0,9,0,0,0,0,0,0,0,0,0,53,12,68,30,6,5,0,16,196
UCL222052,15,0,0,0,0,0,0,0,15,4,3,0,0,0,0,0,0,9,9,0,0,0,0,0,0,0,9,10,4,3,3,0,0,0,0,21,7,3,4,0,0,0,0,0,10,5,3,0,7,0,0,0,0,11,0,3,5,7,0,3,0,0,17,0,0,0,5,0,0,0,0,15,3,4,8,6,0,0,0,0,20,0,0,7,0,0,0,0,0,13,0,0,5,0,0,0,0,0,13,0,0,0,0,3,0,0,0,6,0,0,0,4,0,0,0,0,4,0,0,4,0,0,0,0,0,6,0,0,0,0,5,0,0,0,8,48,23,36,25,21,3,5,10,171
UCL222053,9,0,0,0,0,0,0,4,12,4,3,0,0,0,0,0,3,14,3,7,0,0,0,0,0,0,11,3,0,3,0,0,0,0,0,10,0,3,3,0,0,0,0,0,11,0,4,5,4,3,3,0,5,18,0,0,5,7,0,0,0,0,10,0,0,6,4,0,0,0,0,10,0,0,10,7,4,0,0,0,24,5,0,7,6,0,0,0,0,19,3,0,6,4,3,0,3,3,21,0,0,0,4,5,0,0,0,7,0,0,0,0,4,0,0,0,9,0,0,0,0,0,0,0,0,7,0,0,0,3,0,0,0,0,10,36,13,46,35,24,6,10,24,191
UCL222054,4,0,0,0,0,0,0,0,4,0,0,0,0,0,0,0,0,0,0,3,0,0,0,0,0,0,0,0,0,3,0,0,0,0,0,0,0,0,6,4,0,0,0,0,13,4,3,4,0,0,0,0,0,8,0,5,0,0,0,0,0,0,10,5,0,0,6,0,0,0,0,10,0,0,3,3,0,0,0,0,8,0,3,3,3,0,0,0,0,21,0,0,6,4,0,0,0,0,6,0,0,3,0,3,0,0,0,7,0,0,4,7,0,0,0,0,13,0,0,0,0,0,0,0,0,3,0,0,0,0,3,4,0,0,7,20,15,28,27,12,3,0,3,117
UCL222055,5,0,0,0,0,0,0,0,5,5,0,0,0,0,0,0,0,5,4,0,0,0,0,0,0,0,11,4,0,0,3,0,0,0,0,11,4,0,0,4,0,0,0,0,9,0,7,6,0,0,0,0,0,8,5,6,4,0,3,0,0,0,8,0,3,3,3,0,0,0,0,18,3,0,5,4,0,5,0,3,25,5,0,6,4,0,0,0,0,21,0,0,10,5,4,0,0,7,22,0,0,6,0,7,0,0,0,14,0,0,0,0,4,0,4,0,14,0,0,0,6,3,0,3,0,10,0,0,7,3,0,4,7,4,24,41,20,50,28,19,10,8,9,190
UCL222056,10,0,0,0,0,0,0,6,15,22,0,0,0,0,0,0,20,40,19,0,0,0,0,0,0,14,32,9,4,0,0,0,0,0,8,14,4,0,0,0,0,0,0,4,6,0,0,0,0,0,0,0,6,5,0,0,0,0,0,0,0,3,10,0,0,4,0,0,0,0,4,5,0,0,0,3,0,0,0,5,11,0,0,0,0,0,0,0,0,3,0,0,0,0,0,0,0,0,0,0,0,0,0,0,0,0,0,0,0,0,0,0,0,0,0,4,4,0,0,0,0,0,0,0,0,0,0,0,0,0,0,0,0,0,0,59,10,9,5,0,0,0,76,152
UCL222057,5,0,0,0,0,0,0,0,5,0,0,0,0,0,0,0,0,4,8,0,0,0,0,0,0,0,8,5,0,0,0,0,0,0,0,9,0,0,8,0,0,0,0,6,13,0,6,9,0,0,0,0,0,17,4,0,0,0,0,0,0,0,8,4,0,3,0,0,0,0,0,10,0,0,6,3,4,0,0,4,15,0,0,0,0,0,0,0,0,5,0,0,0,3,0,0,0,0,8,0,3,4,0,0,0,0,0,11,0,0,0,0,5,0,0,0,6,0,0,0,0,0,0,0,0,0,0,0,0,0,0,0,0,0,0,28,13,36,19,7,0,4,7,107
UCL222058,0,0,0,0,0,0,0,0,0,5,0,0,0,0,0,0,0,14,7,0,0,0,0,0,0,0,9,3,0,0,0,0,0,0,0,3,4,0,0,0,0,0,0,0,3,0,0,0,0,0,0,0,0,0,5,0,0,0,0,0,0,0,7,0,0,3,0,0,0,0,0,3,0,0,0,0,0,0,0,0,0,0,0,0,0,0,0,0,0,0,0,0,0,0,0,0,0,0,3,0,0,0,0,0,0,0,0,0,0,0,0,0,0,0,0,0,0,0,0,0,0,0,0,0,0,0,0,0,0,0,0,0,0,0,0,31,0,5,0,0,0,0,11,54
UCL222059,0,0,0,0,0,0,0,0,3,4,0,0,0,0,0,0,0,3,8,0,0,0,0,0,0,0,5,3,0,0,4,0,0,0,0,8,0,0,0,0,0,0,0,0,3,0,0,0,0,0,0,0,3,5,0,0,4,0,3,0,0,0,8,0,0,0,6,0,0,0,0,7,0,0,0,0,0,0,0,0,5,0,0,0,0,0,0,0,0,8,5,0,0,0,3,0,0,0,5,0,0,0,0,0,0,0,0,3,0,0,4,3,0,0,0,0,10,0,0,0,0,0,0,0,0,0,0,0,0,0,0,0,0,0,0,21,11,24,15,11,5,0,5,87
UCL222060,4,0,0,0,0,0,0,0,4,6,0,0,0,0,0,0,0,6,5,0,3,0,0,0,0,0,5,0,0,5,0,0,0,0,0,3,0,0,4,0,0,0,0,0,3,0,0,0,0,0,0,0,0,4,0,0,3,0,0,0,0,0,7,0,0,0,0,0,0,0,0,3,0,0,3,3,0,0,0,0,11,0,0,0,9,0,0,0,0,12,0,0,5,0,0,0,0,0,3,0,0,6,0,0,0,0,3,11,0,0,0,0,0,0,0,0,3,0,0,0,4,0,0,0,0,6,0,0,0,0,0,0,0,0,8,14,3,23,15,13,3,0,6,84
UCL222061,7,0,0,0,0,0,0,0,7,10,0,0,0,0,0,0,0,11,5,0,0,0,0,0,0,0,5,3,0,0,0,0,0,0,4,8,0,0,4,0,0,0,0,0,7,4,0,0,5,0,0,0,0,10,0,3,6,0,0,3,0,0,12,0,0,4,3,0,0,0,3,9,5,0,0,6,0,0,0,0,15,0,0,4,0,0,0,0,0,6,0,0,5,0,0,0,0,0,5,0,0,0,3,0,0,0,0,6,0,0,0,0,0,0,0,0,3,0,0,3,0,0,0,0,0,3,0,0,0,0,0,0,0,0,0,33,6,27,19,3,7,0,7,98
UCL222062,10,0,0,0,0,0,0,0,10,6,0,0,0,0,0,0,0,8,9,0,0,0,0,0,0,0,9,6,0,0,0,0,0,0,0,12,8,3,4,0,0,0,0,0,10,3,0,0,0,0,0,0,3,10,7,4,3,4,0,0,0,0,19,3,0,8,3,0,0,0,0,15,5,0,3,6,0,0,0,0,23,0,0,8,5,0,0,0,0,21,0,0,4,5,0,0,0,0,12,0,0,3,8,0,0,0,0,14,4,0,3,6,0,0,0,0,12,0,0,0,3,4,0,0,0,8,0,5,3,5,4,3,3,4,28,71,29,39,42,8,7,6,15,208
UCL222063,8,0,0,0,0,0,0,3,12,10,0,0,0,0,0,0,0,10,10,0,4,0,0,0,0,0,13,5,0,0,0,0,0,0,3,9,0,8,0,3,0,0,0,0,12,0,0,3,0,0,0,0,0,10,0,0,7,0,0,0,0,0,7,3,6,3,3,0,0,0,0,17,4,4,5,4,0,0,0,0,21,0,5,10,7,4,0,0,4,28,0,0,6,3,0,0,0,0,15,3,3,14,7,5,0,0,0,28,0,0,4,7,7,3,0,0,17,0,0,0,0,0,0,0,0,7,0,0,0,0,0,0,0,0,3,48,26,65,42,9,3,3,11,203
UCL222064,13,0,0,0,0,0,0,0,13,3,0,0,0,0,0,0,0,3,3,0,0,0,0,0,0,0,3,0,0,8,3,0,0,0,0,9,0,0,0,0,0,0,0,0,4,3,0,0,0,0,0,0,0,11,0,0,3,4,0,0,0,3,17,0,0,0,0,0,0,0,0,5,0,0,5,0,6,0,0,0,8,4,0,0,3,0,0,0,0,9,0,0,0,0,3,0,0,0,4,0,0,0,4,0,0,0,0,6,0,0,0,0,0,0,0,0,4,0,0,0,0,0,0,0,0,3,0,0,0,0,0,0,0,0,4,34,6,19,25,14,4,4,9,111
UCL222065,3,0,0,0,0,0,0,0,3,0,0,0,0,0,0,0,0,4,0,0,0,0,0,0,0,0,5,0,0,0,5,0,0,0,0,8,0,0,0,3,0,0,0,0,6,0,0,0,0,0,0,0,0,0,0,0,5,3,0,0,0,0,8,0,0,4,3,4,0,0,0,15,0,0,0,4,0,0,0,0,7,0,3,4,0,0,0,0,4,10,0,0,0,7,0,0,3,0,8,0,0,5,5,0,0,0,0,3,0,0,0,0,0,0,0,0,0,0,0,0,0,0,0,0,0,0,0,0,0,0,0,0,0,0,0,15,7,15,19,5,4,4,7,82
UCL222066,0,0,0,0,0,0,0,0,0,3,0,0,0,0,0,0,0,7,9,6,5,0,0,0,0,0,12,0,4,0,0,0,0,0,0,3,4,0,0,0,0,0,0,0,8,0,0,0,0,0,0,0,0,3,0,0,0,5,0,0,0,0,7,0,0,7,4,0,0,0,0,15,0,0,0,0,4,0,0,0,7,3,3,5,5,0,0,0,0,17,0,0,0,3,0,0,0,0,8,3,0,3,3,0,0,0,0,9,0,0,3,0,0,0,0,4,13,0,0,0,0,0,0,0,0,4,0,0,0,0,0,0,0,0,0,27,15,18,24,10,0,0,16,118
UCL222067,5,0,0,0,0,0,0,4,5,4,0,0,0,0,0,0,0,8,4,5,0,0,0,0,0,0,5,3,0,0,0,0,0,0,0,5,9,0,3,0,0,0,0,0,15,0,0,3,0,0,0,0,0,8,0,0,0,0,0,0,0,0,5,3,0,3,4,0,0,0,0,10,7,0,4,0,0,0,0,0,20,0,0,5,0,0,0,0,7,9,0,0,0,0,0,0,0,0,10,0,0,0,4,0,0,0,0,6,0,0,3,0,0,0,0,0,3,0,0,0,0,0,0,0,0,7,0,0,0,4,0,0,0,6,6,39,10,25,16,6,9,0,16,116
UCL222068,4,0,0,0,0,0,0,0,4,10,0,0,0,0,0,0,0,10,3,0,0,0,0,0,0,0,3,0,0,0,0,0,0,0,0,5,0,0,3,0,0,0,0,0,10,0,0,0,0,0,0,0,0,0,0,0,0,4,0,0,0,0,6,0,4,6,0,0,0,0,0,11,3,3,4,0,0,0,0,0,7,0,0,3,3,0,0,0,0,11,0,0,0,0,0,0,0,0,4,0,0,0,0,0,0,0,0,3,0,0,0,0,0,0,0,0,0,0,0,0,3,0,0,0,0,5,0,0,0,0,0,0,0,0,0,22,10,21,17,0,0,0,3,85
UCL222069,15,0,0,0,0,0,0,0,15,6,0,0,0,0,0,0,0,6,3,3,5,0,0,0,0,0,8,0,0,0,0,0,0,0,0,3,3,0,3,3,0,0,0,0,18,0,0,4,0,4,0,0,0,7,0,0,4,5,0,0,0,0,15,3,0,4,3,0,0,0,0,15,3,0,10,7,0,0,0,3,26,0,0,6,4,0,0,0,5,24,5,0,4,5,0,0,0,0,18,0,0,4,0,0,0,0,3,15,0,0,6,4,0,0,0,0,14,0,0,3,0,0,0,0,0,9,5,0,0,12,4,0,0,0,25,44,15,58,44,21,10,4,25,212
UCL222070,6,0,0,0,0,0,0,0,6,0,0,0,0,0,0,0,0,0,3,0,0,0,0,0,0,0,8,0,0,6,0,0,0,0,0,6,0,0,0,0,0,0,0,0,5,0,0,3,0,0,0,0,0,3,0,0,0,0,0,0,0,0,0,5,0,4,3,0,0,0,0,14,0,0,3,5,3,0,0,0,7,0,0,0,0,0,0,0,0,9,0,0,9,4,0,0,0,0,17,0,0,3,0,0,0,0,0,5,0,0,4,0,0,0,0,0,10,0,0,0,0,0,0,0,0,3,0,0,0,0,0,0,0,0,6,24,7,32,16,4,0,0,6,89
UCL222071,17,0,0,0,0,0,0,0,16,4,0,0,0,0,0,0,0,10,4,5,0,0,0,0,0,0,12,4,3,3,0,0,0,0,0,11,0,4,3,6,0,0,0,5,16,5,0,0,0,0,0,0,4,8,5,0,0,3,0,0,0,0,9,0,0,8,7,0,0,0,0,13,4,0,0,4,0,0,0,0,10,3,3,4,5,3,0,0,0,19,6,0,3,4,0,0,0,0,15,0,0,5,3,0,0,0,4,13,0,0,4,0,0,3,0,0,10,0,0,0,0,0,0,0,0,3,0,0,0,0,0,0,0,0,0,43,22,30,34,7,9,0,18,167
UCL222072,0,0,0,0,0,0,0,0,3,6,0,0,0,0,0,0,0,7,3,4,0,0,0,0,0,0,7,0,5,0,0,0,0,0,0,8,5,3,0,0,0,0,0,3,9,0,0,0,0,0,0,0,0,4,0,0,0,0,0,0,0,0,7,3,0,7,6,0,0,0,0,11,0,0,4,3,0,0,0,0,11,0,0,4,3,0,0,0,0,10,0,4,8,4,0,0,0,3,24,3,3,0,3,0,0,0,0,13,0,0,7,0,0,0,0,0,13,0,0,0,0,0,0,0,3,4,0,0,0,0,0,0,0,0,0,31,19,40,22,11,0,0,22,145
UCL222073,5,0,0,0,0,0,0,0,5,0,0,0,0,0,0,0,0,3,8,0,0,0,0,0,0,0,7,4,0,4,0,0,0,0,0,5,9,0,0,4,0,0,0,0,12,0,0,0,0,0,0,0,0,0,0,0,7,0,0,0,0,0,9,0,0,6,0,0,0,0,0,8,0,0,0,0,0,4,0,0,8,0,0,0,5,0,0,0,0,8,0,0,3,6,0,0,0,3,13,0,0,0,0,0,0,0,0,0,0,0,0,0,0,0,0,0,5,0,0,0,0,0,0,0,0,3,0,0,0,0,0,0,0,0,5,25,4,28,15,9,3,0,8,90
UCL222074,7,0,0,0,0,0,0,0,8,5,0,0,0,0,0,0,0,5,0,0,0,0,0,0,0,0,3,0,0,0,0,0,0,0,0,3,0,0,0,0,0,0,0,0,4,0,0,0,0,0,0,0,3,10,0,0,0,3,0,0,0,4,12,0,0,0,0,0,0,0,0,12,0,4,0,0,0,0,0,3,6,0,0,5,0,0,0,0,0,4,0,0,0,6,0,0,0,0,5,0,0,5,0,0,0,0,0,6,0,0,0,4,0,0,0,0,5,0,0,0,0,0,0,0,0,0,0,0,0,0,0,0,0,0,0,25,6,11,12,7,4,8,8,83
UCL222075,10,0,0,0,0,0,0,4,15,5,0,0,0,0,0,0,0,9,11,6,6,0,0,0,0,0,17,0,3,0,0,0,0,0,0,6,0,0,3,3,5,0,0,0,11,3,0,4,5,3,0,0,0,19,5,4,6,3,0,0,0,0,21,3,0,0,7,5,0,0,0,22,3,0,12,3,0,4,0,0,19,4,3,8,5,0,0,0,0,17,0,3,0,0,0,0,0,0,5,0,0,4,0,0,0,0,0,10,0,0,0,0,0,0,3,0,5,0,0,0,0,0,0,0,0,5,0,0,0,0,4,0,0,0,5,50,23,39,32,22,0,5,23,186
UCL222076,14,0,0,0,0,0,0,4,18,6,0,0,0,0,0,0,0,6,10,6,0,0,0,0,0,0,10,3,0,0,0,3,0,0,0,12,0,3,7,3,0,0,0,3,13,0,3,3,3,5,0,0,3,15,8,0,4,0,5,0,0,0,17,0,3,4,5,0,0,0,0,17,0,0,7,3,5,0,0,0,19,0,0,0,4,4,0,3,5,17,6,0,5,3,3,0,3,0,20,0,0,0,5,0,0,0,0,14,0,0,4,0,0,0,0,0,9,0,0,0,0,0,4,0,0,8,0,0,0,3,0,0,5,5,14,44,16,40,38,19,11,9,29,209
UCL222077,8,0,0,0,0,0,0,0,9,3,0,0,0,0,0,0,0,0,4,0,0,0,0,0,0,0,6,8,3,5,0,0,0,0,0,14,0,0,3,8,0,0,0,0,12,4,0,0,0,5,0,0,4,14,0,5,3,7,0,0,0,0,5,6,0,8,6,0,0,0,0,14,0,0,0,5,0,4,0,0,15,0,3,10,3,3,0,0,0,23,4,4,5,8,0,0,0,0,24,0,6,6,7,6,0,0,0,24,4,0,0,0,3,0,0,3,18,0,0,0,0,5,0,0,0,12,0,0,5,3,0,6,0,14,21,38,24,39,54,23,11,3,32,220
UCL222078,7,0,0,0,0,0,0,0,12,6,0,0,0,0,0,0,0,10,6,0,3,0,0,0,0,3,7,0,4,5,0,0,0,0,0,7,0,0,0,0,0,0,0,0,3,0,0,0,0,0,0,0,0,8,3,0,4,3,0,0,0,0,14,0,0,0,0,6,0,0,0,8,0,0,0,0,0,0,0,0,5,0,0,0,0,4,0,0,0,6,0,0,8,0,0,0,0,0,13,0,0,0,0,0,0,0,0,3,0,0,3,5,0,0,0,0,7,0,0,0,0,0,0,0,0,3,0,0,0,0,0,0,0,0,4,29,7,30,17,9,11,8,6,109
UCL222079,14,0,0,0,0,0,0,0,15,10,0,0,0,0,0,0,0,10,6,0,0,0,0,0,0,0,6,8,0,0,0,0,0,0,0,8,0,0,0,0,0,0,0,0,9,0,0,6,0,0,0,0,0,18,4,0,9,9,0,0,0,0,22,0,3,9,3,0,0,0,0,16,11,0,9,0,4,0,0,0,23,3,4,13,6,0,0,0,0,24,0,0,5,4,0,0,0,0,14,0,0,3,6,0,0,0,0,5,0,0,3,3,0,0,0,0,6,0,0,3,3,0,0,0,0,9,0,0,0,0,0,0,0,0,5,56,25,63,40,5,0,0,6,199
UCL222080,10,0,0,0,0,0,0,0,10,0,0,0,0,0,0,0,0,5,5,0,0,0,0,0,0,0,10,7,0,0,0,0,0,0,0,9,0,3,4,0,0,0,0,0,6,0,0,0,0,0,0,3,0,3,0,0,6,0,0,0,0,0,13,0,0,0,4,3,0,0,0,13,0,0,8,5,3,0,0,0,19,0,0,6,0,0,0,0,0,11,0,0,3,3,8,0,0,5,15,0,0,4,9,0,0,0,0,15,0,0,6,0,3,0,0,0,11,3,0,0,5,0,0,0,0,13,0,0,3,0,0,0,0,0,8,35,14,44,34,18,0,5,15,165
UCL222081,3,0,0,0,0,0,0,0,3,0,0,0,0,0,0,0,0,0,0,0,0,0,0,0,0,0,0,0,0,0,0,0,0,0,0,4,0,0,0,0,0,0,0,0,6,0,0,0,6,0,0,0,0,3,5,0,4,0,0,0,0,0,11,0,0,0,0,0,0,0,0,6,0,0,3,6,0,0,0,0,6,0,0,3,5,0,0,0,0,18,0,0,10,0,0,0,0,0,14,0,0,6,3,0,0,0,0,12,0,0,6,4,0,0,0,0,11,0,0,0,0,0,0,0,0,3,0,0,0,0,0,0,0,0,0,23,6,40,24,6,3,0,5,104
UCL222082,3,0,0,0,0,0,0,0,8,3,0,0,0,0,0,0,0,6,4,0,0,0,0,0,0,0,4,0,0,0,0,0,0,0,0,0,5,6,4,0,0,0,0,0,8,3,7,0,0,0,0,0,0,14,5,0,3,0,0,0,0,0,8,3,0,0,0,4,0,0,0,12,0,3,5,3,0,0,0,0,10,0,0,0,0,0,0,0,0,7,0,0,3,0,0,0,0,5,10,9,0,0,0,0,0,0,0,9,0,0,0,0,0,0,0,0,4,0,0,0,0,0,0,0,0,0,0,0,0,0,0,0,0,0,0,32,20,16,7,0,0,0,16,95
UCL222083,4,0,0,0,0,0,0,0,4,9,0,0,0,0,0,0,0,9,6,0,0,0,0,0,0,0,9,0,0,0,0,0,0,0,0,6,5,0,3,0,0,0,0,0,8,0,0,10,0,0,0,0,0,12,0,0,0,0,0,0,0,0,4,0,0,0,0,0,0,0,0,6,0,0,4,4,4,0,0,0,16,0,3,6,6,0,0,0,0,9,0,0,0,0,0,0,0,0,5,0,0,0,0,0,0,0,0,3,0,0,0,0,0,0,0,0,0,0,0,0,0,0,0,0,0,0,0,0,0,0,3,0,0,0,6,22,4,28,20,11,0,4,3,90
UCL222084,13,0,0,0,0,0,0,4,15,3,0,0,0,0,0,0,0,3,0,4,0,0,0,0,0,0,8,8,3,3,0,0,0,0,0,9,6,0,4,4,0,0,0,6,18,0,0,3,5,0,0,0,0,9,5,3,4,0,3,0,0,0,12,0,0,7,3,0,0,0,0,10,4,0,7,0,0,0,0,3,17,4,0,11,8,0,0,0,5,28,0,0,0,6,0,0,0,0,10,0,5,3,4,0,0,0,3,16,3,0,3,0,0,0,0,0,14,0,0,4,0,0,4,0,0,17,0,3,3,8,5,0,3,4,24,49,16,55,42,12,3,9,25,205
UCL222085,5,0,0,0,0,0,0,0,3,7,0,0,0,0,0,0,0,7,9,0,0,0,0,0,0,0,6,3,0,0,0,0,0,0,0,5,5,0,3,3,0,0,0,0,11,0,5,3,0,0,0,0,0,10,0,0,3,0,0,0,0,0,11,0,0,4,0,0,0,0,0,11,4,0,9,9,0,0,0,0,20,3,0,3,8,3,0,0,3,28,0,0,8,4,0,0,0,0,9,0,0,3,0,3,0,0,0,9,0,0,4,0,0,0,0,0,5,0,0,0,0,0,0,0,0,3,0,0,0,0,0,0,0,0,0,30,11,45,30,7,0,0,5,137
UCL222086,4,0,0,0,0,0,0,0,6,10,0,0,0,0,0,0,3,20,6,0,0,0,0,0,0,0,6,0,0,4,0,0,0,0,0,8,3,0,3,0,0,0,0,0,13,0,0,3,0,3,0,0,0,8,5,0,4,0,6,0,0,0,11,0,0,3,8,3,0,0,0,13,4,3,3,0,0,0,0,0,10,3,0,4,4,0,0,0,0,12,4,0,7,4,0,0,0,0,25,0,0,0,4,0,0,0,0,14,0,0,0,0,0,0,0,0,3,0,0,3,0,0,0,0,0,3,0,0,0,0,0,0,0,0,3,44,9,43,29,9,0,4,17,153
UCL222087,8,0,0,0,0,0,0,0,8,8,0,0,0,0,0,0,0,14,7,0,4,0,0,0,0,0,12,0,7,3,6,0,0,0,0,12,3,4,3,0,0,0,0,0,16,0,3,7,5,0,0,0,5,17,0,0,3,0,0,0,0,0,7,4,0,3,5,0,0,0,0,18,4,0,9,4,4,0,0,0,19,3,0,8,5,0,0,0,0,15,0,0,5,4,6,5,0,0,17,0,0,3,6,0,0,0,5,16,3,0,4,4,0,0,0,0,16,0,0,0,0,5,0,0,0,9,0,0,0,6,0,0,3,0,10,44,13,63,45,25,5,4,15,208
UCL222088,4,0,0,0,0,0,0,0,8,7,0,0,0,0,0,0,0,7,0,0,0,0,0,0,0,0,0,0,0,0,0,0,0,0,0,0,0,0,0,0,0,0,0,0,0,0,0,0,0,0,0,0,0,6,0,0,5,5,0,0,0,4,14,0,3,0,5,0,0,0,0,5,3,0,3,0,0,0,0,0,5,9,5,8,4,3,0,0,4,23,3,0,4,0,0,0,0,0,6,8,0,0,4,3,0,0,0,12,0,3,3,5,0,0,0,0,11,0,0,0,0,0,0,0,3,3,0,0,0,3,0,0,0,0,3,30,13,26,25,7,0,4,15,114
UCL222089,3,0,0,0,0,0,0,0,3,9,0,0,0,0,0,0,0,9,3,0,0,0,0,0,0,0,6,0,0,0,4,0,0,0,0,4,6,0,0,0,0,0,0,0,9,0,0,0,0,0,0,0,0,0,6,0,6,0,0,0,0,0,11,0,0,0,6,0,0,0,0,14,0,0,3,0,0,0,0,0,6,0,0,10,0,0,0,0,3,17,0,0,4,0,0,0,0,0,3,0,0,0,0,0,0,0,0,3,0,0,3,0,0,0,0,0,0,0,0,0,0,0,0,0,0,5,0,0,3,0,0,0,0,0,4,27,3,29,13,9,3,0,6,91
UCL222090,6,0,0,0,0,0,0,4,9,0,0,0,0,0,0,0,0,4,0,0,0,0,0,0,0,0,0,3,0,0,4,0,0,0,0,7,0,0,4,0,0,0,0,0,6,0,0,4,0,0,0,0,0,11,0,0,0,0,3,0,0,3,6,0,0,0,0,0,0,0,4,5,0,0,6,0,4,0,0,0,9,0,0,7,3,0,0,0,4,11,0,0,0,3,0,0,0,0,5,0,0,0,3,0,0,0,0,3,0,0,0,0,0,0,0,0,5,0,0,0,0,0,0,0,0,3,0,0,0,0,0,0,0,0,4,19,0,23,19,7,0,0,16,96
UCL222091,9,0,0,0,0,0,0,0,9,4,0,0,0,0,0,0,0,5,0,5,3,0,0,0,0,0,11,0,8,0,3,0,0,0,0,16,0,0,5,5,0,0,0,0,11,0,4,8,5,0,0,0,0,17,0,0,6,3,4,0,0,3,20,0,0,3,0,0,0,0,0,7,0,0,10,4,0,0,0,0,19,0,0,3,0,7,3,0,0,14,0,0,4,4,0,0,0,0,14,0,0,0,5,0,0,0,0,11,0,0,4,3,0,0,0,0,5,0,0,0,0,0,0,0,0,0,0,0,0,0,0,0,0,0,3,23,17,56,33,15,6,0,7,154
UCL222092,12,0,0,0,0,0,0,4,14,6,0,0,0,0,0,0,0,6,0,4,3,0,0,0,0,0,9,0,3,3,0,0,0,0,0,10,0,4,6,0,3,0,0,3,20,0,0,11,0,0,0,0,0,17,0,0,9,5,0,0,0,0,16,0,0,11,0,0,0,0,0,15,0,0,0,0,4,0,0,0,10,0,0,3,3,0,0,0,0,10,0,0,4,4,0,0,0,0,9,0,0,0,0,0,0,0,0,4,0,0,0,0,0,0,0,0,0,0,0,0,0,0,0,0,0,4,0,0,0,0,0,0,0,0,0,26,16,49,23,11,4,0,11,129
UCL222093,7,0,0,0,0,0,0,4,9,5,0,3,0,0,0,0,0,12,0,0,0,0,0,0,0,0,5,0,5,0,0,0,0,0,0,9,0,0,0,0,3,0,0,3,7,0,3,0,0,0,0,0,0,12,0,3,0,3,0,0,0,0,10,0,0,5,3,0,0,0,5,13,4,0,3,8,0,0,0,0,18,3,5,9,3,0,0,0,4,23,0,0,8,0,5,0,0,0,17,0,0,7,3,6,0,3,0,26,0,0,4,3,3,0,0,0,9,0,3,3,4,0,0,0,4,15,0,0,0,0,0,0,0,3,3,37,17,51,24,23,0,6,24,184
UCL222094,3,0,0,0,0,0,0,0,7,4,0,0,0,0,0,0,0,7,4,5,3,0,0,0,0,0,8,0,0,5,5,0,0,0,0,12,0,4,0,0,0,0,0,0,10,0,0,5,0,0,0,0,0,0,0,0,6,0,0,0,0,3,7,0,0,0,5,0,0,0,3,9,4,0,7,0,5,0,0,3,24,0,4,3,0,4,0,0,4,17,0,0,3,3,0,0,0,0,13,0,0,7,8,0,0,0,0,12,0,0,5,0,0,0,0,0,10,0,0,0,0,0,0,0,0,4,0,0,0,0,0,0,0,0,0,26,12,42,27,11,5,5,18,142
UCL222095,3,0,0,0,0,0,0,0,9,3,0,0,0,0,0,0,0,3,0,0,0,0,0,0,0,0,6,0,0,4,0,0,0,0,0,5,0,0,0,0,0,0,0,0,3,0,0,3,0,0,0,0,0,7,0,0,0,0,0,0,0,0,0,0,0,3,4,4,0,0,0,11,0,0,0,4,0,0,0,0,5,6,3,0,4,0,0,0,0,13,0,0,8,4,0,0,0,0,9,0,0,0,0,0,0,0,0,5,0,0,0,0,5,0,0,0,5,0,0,0,0,0,0,0,0,0,0,0,0,0,0,0,0,0,0,20,8,27,11,11,0,0,3,80
UCL222096,11,0,0,0,0,0,0,0,13,7,0,0,0,0,0,0,0,13,8,0,0,0,0,0,0,0,12,3,0,5,4,0,0,0,0,15,4,3,3,0,0,0,0,0,15,6,5,11,0,0,0,0,0,15,4,7,9,4,0,0,0,0,26,0,0,5,5,0,0,0,0,12,7,3,6,0,3,0,0,0,14,3,0,3,0,0,0,0,0,10,0,4,4,3,4,0,0,7,20,0,0,0,6,0,0,0,0,7,0,0,0,4,0,0,0,0,6,0,0,0,0,0,0,0,0,0,0,0,0,0,0,0,0,0,3,53,18,47,29,9,5,0,9,173
UCL222097,15,0,0,0,0,0,0,4,19,10,0,0,0,0,0,0,0,10,8,0,0,0,0,0,0,0,8,0,3,7,0,0,0,0,0,11,3,0,4,0,0,0,0,0,10,6,0,0,0,3,0,0,0,13,0,0,0,0,3,0,0,3,13,0,0,5,0,5,0,0,0,5,0,0,8,4,3,0,3,4,25,0,0,0,3,0,0,0,0,5,0,0,3,0,0,0,0,0,3,0,0,0,0,0,3,0,0,6,0,0,0,0,0,0,0,0,4,0,0,0,0,0,0,0,0,3,0,0,0,0,0,0,0,0,6,49,6,29,17,15,3,6,13,140
UCL222098,12,0,0,0,0,0,0,0,12,0,0,0,0,0,0,0,0,5,3,0,0,0,0,0,0,0,3,4,3,4,4,0,0,0,0,9,4,3,4,0,0,0,0,0,13,0,4,6,3,0,0,0,0,18,0,0,4,4,0,0,0,0,9,3,0,3,3,0,0,0,0,13,3,0,3,0,0,0,0,0,12,0,0,9,4,0,0,0,0,12,0,0,0,0,0,0,0,0,10,4,0,0,5,0,0,0,0,9,0,0,0,4,0,0,0,3,6,0,0,0,4,0,0,0,0,0,0,0,0,0,0,0,0,0,0,43,12,47,27,0,4,5,5,146
UCL222099,3,0,0,0,0,0,0,0,3,4,0,0,0,0,0,0,0,4,9,4,0,0,0,0,0,0,9,7,4,5,0,0,0,0,0,14,0,0,4,0,0,0,0,4,9,0,0,4,0,0,0,0,0,6,3,0,0,0,0,0,0,0,5,3,0,0,0,0,0,0,0,8,0,4,0,0,0,0,0,0,9,0,4,5,0,3,0,0,0,10,0,0,0,0,0,0,0,0,5,0,0,0,0,0,0,0,0,3,0,0,0,0,0,0,0,0,6,0,0,0,0,5,0,0,0,0,0,0,0,0,0,0,0,0,0,20,15,24,15,12,4,0,9,91
UCL222100,0,0,0,0,0,0,0,0,0,3,0,0,0,0,0,0,0,3,0,0,0,0,0,0,0,0,0,0,0,0,0,0,0,0,0,5,0,0,0,0,0,0,0,0,0,0,0,0,0,0,0,0,0,0,5,3,0,0,0,0,0,0,11,0,0,0,0,0,3,0,0,7,3,0,3,3,0,0,0,0,9,0,0,10,0,0,0,0,0,12,0,0,3,0,3,0,0,0,13,0,0,3,0,0,0,0,4,8,0,0,3,4,0,3,4,0,12,0,0,0,3,0,0,0,0,3,0,0,0,0,0,0,0,0,3,22,8,27,10,10,7,6,15,103
UCL222101,10,0,0,0,0,0,0,0,11,9,0,0,0,0,0,0,0,8,5,0,4,0,0,0,0,0,7,3,0,4,3,0,0,0,0,7,0,6,3,0,0,0,0,0,12,0,0,4,0,0,0,0,0,8,0,0,7,4,0,0,0,0,6,0,0,0,4,4,0,0,0,9,0,0,8,0,0,0,0,0,10,0,0,0,3,0,0,0,0,9,3,0,8,0,0,0,0,0,9,0,0,0,0,0,0,0,0,6,0,0,0,0,0,0,0,0,4,0,0,0,0,3,0,0,0,3,0,0,0,0,0,0,0,0,0,24,3,36,20,7,0,0,11,111
UCL222102,10,0,0,0,0,0,0,0,10,8,0,0,0,0,0,0,4,10,3,3,0,0,0,0,0,0,11,3,0,8,0,0,0,0,4,11,0,0,5,0,0,0,0,0,13,5,0,9,5,4,0,0,0,11,0,3,9,0,0,0,0,0,11,0,0,9,4,0,0,0,0,12,0,9,3,3,3,0,0,3,20,3,0,6,6,3,0,0,4,26,0,0,8,0,0,0,0,0,16,0,0,0,3,0,0,0,0,6,0,0,5,0,0,0,0,4,8,0,0,0,0,0,0,0,0,0,0,0,0,0,0,0,0,0,0,41,18,56,28,17,3,3,21,175
UCL222103,9,0,0,0,0,0,0,0,9,3,0,0,0,0,0,0,0,3,0,0,0,0,0,0,0,0,0,0,0,0,0,0,0,0,0,4,0,0,3,0,0,0,0,0,4,0,0,6,6,0,0,0,0,13,0,0,8,0,0,0,0,0,12,0,0,4,6,0,0,0,0,8,0,0,0,0,0,0,0,0,6,0,0,4,0,0,0,0,0,4,0,0,0,0,0,0,0,4,8,0,0,0,0,0,0,0,0,3,0,0,8,0,0,0,0,0,7,0,0,0,4,0,0,0,0,4,0,0,0,0,0,0,0,0,0,13,6,37,15,5,0,0,4,83
UCL222104,10,0,0,0,0,0,0,0,8,3,0,0,0,0,0,0,0,5,8,0,0,0,0,0,0,0,10,0,0,0,0,0,0,0,0,7,0,0,4,0,0,0,0,0,10,0,3,0,4,0,0,0,0,13,0,0,0,3,0,0,0,0,5,0,0,4,4,0,0,0,0,8,0,0,0,3,0,0,0,3,16,0,0,0,0,0,0,0,0,9,3,4,3,5,4,0,0,0,14,0,3,5,0,0,0,0,6,5,0,0,0,0,0,0,0,0,4,0,0,0,0,0,0,0,0,0,0,0,0,0,0,0,0,0,3,28,14,19,22,10,4,5,11,118
UCL222105,9,0,0,0,0,0,0,0,9,6,0,0,0,0,0,0,0,6,3,3,0,0,0,0,0,0,7,0,5,0,0,0,0,0,0,7,0,0,5,0,0,0,0,0,8,0,0,0,6,0,0,0,0,3,0,0,0,0,0,0,0,0,8,0,0,3,6,0,0,0,0,12,4,0,4,0,3,0,0,0,8,0,0,0,3,0,0,0,0,8,3,0,3,0,4,0,0,0,8,0,0,4,0,0,0,0,0,3,0,0,0,0,0,0,0,0,8,0,0,0,0,0,0,0,0,0,0,0,0,0,0,0,0,0,0,30,7,20,17,10,0,3,3,95
UCL231001,11023,42,3,0,0,0,4,1555,12624,7288,415,129,26,5,0,0,895,8759,5174,1298,958,342,64,5,11,797,8653,2948,1815,2509,1235,334,54,37,817,9745,1863,1419,3721,2386,727,179,92,926,11318,1596,1246,4176,2745,959,272,133,988,12112,2000,1466,4939,3295,1174,302,178,1121,14484,2228,1642,5704,4008,1444,359,233,1283,16892,2316,1577,5934,4188,1661,464,260,1365,17764,2082,1423,5676,4492,1900,504,263,1397,17743,1578,1168,4833,3970,1731,476,262,1290,15311,1030,845,3806,3213,1536,463,217,1070,12180,510,398,2062,1856,1036,368,269,826,7320,232,204,838,1030,655,298,257,489,3998,145,139,568,616,561,251,305,441,3033,42010,15093,45848,33412,13781,4001,2527,15252,171931
UCL279997,0,0,0,0,0,0,0,0,0,0,0,0,0,0,0,0,0,0,0,0,0,0,0,0,0,0,0,0,0,0,0,0,0,0,0,0,0,0,0,0,0,0,0,0,0,0,0,0,0,0,0,0,0,0,0,0,0,0,0,0,0,0,0,0,0,0,0,0,0,0,0,0,0,0,0,0,0,0,0,3,6,0,0,0,0,0,0,0,0,0,0,0,0,0,0,0,0,0,0,0,0,0,0,0,0,0,0,0,0,0,0,0,0,0,0,0,0,0,0,0,0,0,0,0,0,0,0,0,0,0,0,0,0,0,0,0,0,0,0,0,0,0,3,6
UCL299994,142,3,0,0,0,0,0,86,229,187,28,8,3,0,0,0,94,321,218,29,41,13,10,0,4,148,450,145,41,33,27,8,9,7,162,425,86,39,41,28,17,4,10,182,416,53,23,34,23,10,4,7,162,321,41,26,33,12,13,0,5,106,238,53,19,41,24,13,6,5,88,242,30,17,45,41,8,0,0,63,212,31,24,55,38,14,4,0,56,217,20,13,27,16,5,5,0,51,141,9,5,29,14,4,0,0,23,74,5,3,9,11,3,0,0,16,42,0,0,4,6,0,0,0,0,14,0,0,0,4,3,5,0,5,19,1016,266,399,261,111,38,42,1239,3373
