UCL_CODE_2021,Aust_BP_B_OS,Aust_FO_B_OS,Aust_MO_B_OS,Aust_Both_parents_born_Aust,Aust_Birthplace_not_stated,Aust_Tot_resp,Aust_Abor_BP_B_OS,Aust_Abor_FO_B_OS,Aust_Abor_MO_B_OS,Aust_Abor_BP_B_Aus,Aust_Abor_BP_NS,Aust_Abor_Tot_resp,Chinese_BP_B_OS,Chinese_FO_B_OS,Chinese_MO_B_OS,Chinese_BP_B_Aus,Chinese_BP_NS,Chinese_Tot_resp,Croatian_BP_B_OS,Croatian_FO_B_OS,Croatian_MO_B_OS,Croatian_BP_B_Aus,Croatian_BP_NS,Croatian_Tot_resp,Dutch_BP_B_OS,Dutch_FO_B_OS,Dutch_MO_B_OS,Dutch_BP_B_Aus,Dutch_BP_NS,Dutch_Tot_resp,English_BP_B_OS,English_FO_B_OS,English_MO_B_OS,English_BP_B_Aus,English_BP_NS,English_Tot_resp,Filipino_BP_B_OS,Filipino_FO_B_OS,Filipino_MO_B_OS,Filipino_BP_B_Aus,Filipino_BP_NS,Filipino_Tot_resp,French_BP_B_OS,French_FO_B_OS,French_MO_B_OS,French_BP_B_Aus,French_BP_NS,French_Tot_resp,German_BP_B_OS,German_FO_B_OS,German_MO_B_OS,German_BP_B_Aus,German_BP_NS,German_Tot_resp,Greek_BP_B_OS,Greek_FO_B_OS,Greek_MO_B_OS,Greek_BP_B_Aus,Greek_BP_NS,Greek_Tot_resp,Hungarian_BP_B_OS,Hungarian_FO_B_OS,Hungarian_MO_B_OS,Hungarian_BP_B_Aus,Hungarian_BP_NS,Hungarian_Tot_resp,Indian_BP_B_OS,Indian_FO_B_OS,Indian_MO_B_OS,Indian_BP_B_Aus,Indian_BP_NS,Indian_Tot_resp,Irish_BP_B_OS,Irish_FO_B_OS,Irish_MO_B_OS,Irish_BP_B_Aus,Irish_BP_NS,Irish_Tot_resp,Italian_BP_B_OS,Italian_FO_B_OS,Italian_MO_B_OS,Italian_BP_B_Aus,Italian_BP_NS,Italian_Tot_resp,Korean_BP_B_OS,Korean_FO_B_OS,Korean_MO_B_OS,Korean_BP_B_Aus,Korean_BP_NS,Korean_Tot_resp,Lebanese_BP_B_OS,Lebanese_FO_B_OS,Lebanese_MO_B_OS,Lebanese_BP_B_Aus,Lebanese_BP_NS,Lebanese_Tot_resp,Macedonian_BP_B_OS,Macdonian_FO_B_OS,Macdonian_MO_B_OS,Macdonian_BP_B_Aus,Macdonian_BP_NS,Macedonian_Tot_resp,Maltese_BP_B_OS,Maltese_FO_B_OS,Maltese_MO_B_OS,Maltese_BP_B_Aus,Maltese_BP_NS,Maltese_Tot_resp,Maori_BP_B_OS,Maori_FO_B_OS,Maori_MO_B_OS,Maori_BP_B_Aus,Maori_BP_NS,Maori_Tot_resp,NZ_BP_B_OS,NZ_FO_B_OS,NZ_MO_B_OS,NZ_BP_B_Aus,NZ_BP_NS,NZ_Tot_resp,Polish_BP_B_OS,Polish_FO_B_OS,Polish_MO_B_OS,Polish_BP_B_Aus,Polish_BP_NS,Polish_Tot_resp,Russian_BP_B_OS,Russian_FO_B_OS,Russian_MO_B_OS,Russian_BP_B_Aus,Russian_BP_NS,Russian_Tot_resp,Samoan_BP_B_OS,Samoan_FO_B_OS,Samoan_MO_B_OS,Samoan_BP_B_Aus,Samoan_BP_NS,Samoan_Tot_resp,Scottish_BP_B_OS,Scottish_FO_B_OS,Scottish_MO_B_OS,Scottish_BP_B_Aus,Scottish_BP_NS,Scottish_Tot_resp,Serbian_BP_B_OS,Serbian_FO_B_OS,Serbian_MO_B_OS,Serbian_BP_B_Aus,Serbian_BP_NS,Serbian_Tot_resp,Sth_African_BP_B_OS,Sth_African_FO_B_OS,Sth_African_MO_B_OS,Sth_Afrcan_BP_B_Aus,Sth_African_BP_NS,Sth_African_Tot_resp,Spanish_BP_B_OS,Spanish_FO_B_OS,Spanish_MO_B_OS,Spanish_BP_B_Aus,Spanish_BP_NS,Spanish_Tot_resp,Sri_Lankan_BP_B_OS,Sri_Lankan_FO_B_OS,Sri_Lankan_MO_B_OS,Sri_Lankan_BP_B_Aus,Sri_Lankan_BP_NS,Sri_Lankan_Tot_resp,Vietnamese_BP_B_OS,Vietnamese_FO_B_OS,Vietnamese_MO_B_OS,Vietnamese_BP_B_Aus,Vietnamese_BP_NS,Vietnamese_Tot_resp,Welsh_BP_B_OS,Welsh_FO_B_OS,Welsh_MO_B_OS,Welsh_BP_B_Aus,Welsh_BP_NS,Welsh_Tot_resp,Other_BP_B_OS,Other_FO_B_OS,Other_MO_B_OS,Other_BP_B_Aus,Other_BP_NS,Other_Tot_resp,Ancestry_NS_BP_B_OS,Ancestry_NS_FO_B_OS,Ancestry_NS_MO_B_OS,Ancestry_NS_BP_B_Aus,Ancestry_NS_BP_NS,Ancestry_NS_Tot_resp,Tot_P_BP_B_OS,Tot_P_FO_B_OS,Tot_P_MO_B_OS,Tot_P_BP_B_Aus,Tot_P_BP_NS,Tot_P_Tot_resp
UCL201001,73044,139561,106805,704892,7841,1032156,1145,2154,1206,22735,382,27623,378051,5604,10954,8940,2000,405539,25362,3858,2088,7994,259,39563,28196,9867,6191,21002,272,65519,266609,115193,85575,660803,8763,1136942,68261,1656,6492,1374,233,78020,15500,2368,1778,7180,130,26953,40765,12510,8830,64819,833,127753,98583,15804,8359,43589,1020,167350,11300,2311,1347,4233,134,19322,241337,4385,3148,2358,493,251720,63605,29321,20260,258741,1969,373902,143570,34425,16396,109758,1774,305926,18122,214,756,226,51,19368,29919,6779,3170,6248,236,46353,30069,4092,2326,7769,252,44509,30333,7214,4284,19280,347,61452,15161,2128,1583,1056,152,20075,17108,5705,4230,2309,145,29489,29296,5030,3885,10880,252,49337,17612,1564,1673,2767,139,23754,16991,1433,652,271,203,19556,62624,28164,21575,204334,1590,318286,19779,2038,1275,2315,198,25606,15765,2599,2104,925,66,21470,17830,1435,1231,2910,118,23527,40260,2754,1943,2126,152,47240,108478,1867,3574,1758,525,116202,8163,2361,1694,8880,65,21163,728378,48551,40632,55795,4942,878302,39609,2405,1878,12131,188843,244869,2331856,296213,218046,1521511,217917,4585537
UCL203001,479,3166,2202,34945,446,41242,18,74,47,1730,22,1896,1309,52,96,397,10,1857,236,58,26,186,0,518,907,455,284,1254,17,2913,3959,2910,2091,34489,457,43908,679,27,121,26,14,866,137,38,24,269,0,474,618,291,221,3437,29,4596,202,66,26,273,0,564,115,35,11,72,0,236,1772,64,29,58,4,1926,991,770,519,13452,97,15831,489,302,104,1890,23,2810,78,3,12,8,0,102,27,25,3,50,0,105,43,4,0,40,0,89,157,86,35,311,7,598,98,57,30,50,0,237,213,146,88,93,7,547,239,85,51,253,5,634,133,11,22,54,0,221,45,7,13,0,0,65,1116,899,570,10510,89,13188,98,31,8,36,0,174,140,42,24,28,4,230,128,16,18,88,0,249,122,23,22,27,0,193,173,6,14,6,0,201,154,70,44,363,4,641,4167,650,522,1413,44,6802,178,31,26,795,4763,5793,15724,5938,4120,73751,5807,105348
UCL203002,408,2592,1732,35378,421,40528,3,77,30,2148,45,2288,845,61,68,545,13,1527,79,32,17,95,0,229,432,246,152,677,8,1510,2925,2519,1737,35379,466,43024,679,20,128,30,0,854,83,39,25,246,0,406,430,261,153,3541,31,4422,136,62,15,195,6,415,61,29,17,59,0,169,1241,54,23,44,0,1368,641,601,344,12110,110,13808,417,291,107,2333,17,3165,79,8,6,4,0,93,28,14,5,32,0,75,20,7,3,15,0,48,82,63,21,151,4,323,104,36,30,56,0,224,139,109,82,99,0,425,122,51,23,170,4,366,79,12,11,54,0,157,21,23,0,5,0,56,803,632,457,9923,76,11886,48,14,9,32,0,103,139,36,17,24,3,227,103,15,17,96,6,237,146,23,8,13,0,194,144,9,26,4,0,179,116,74,35,349,6,576,4580,503,353,1255,59,6749,210,36,27,942,4741,5959,12907,4923,3229,73817,5765,100649
UCL203003,1325,6224,4607,49572,667,62387,37,108,76,2166,33,2419,2928,98,164,396,9,3600,2315,349,188,840,30,3729,1801,684,433,1816,24,4750,8956,5602,4032,46846,652,66089,1610,63,296,75,24,2063,292,78,55,371,6,804,1758,692,421,5020,58,7954,751,218,90,604,10,1678,433,99,59,229,0,819,3920,96,58,71,13,4167,2261,1471,987,17792,137,22656,2930,887,369,4161,53,8403,190,5,18,13,0,218,149,47,25,92,9,313,1034,159,83,311,9,1596,340,133,81,471,7,1034,312,104,56,53,7,539,446,261,203,123,4,1036,1021,230,162,613,9,2026,349,61,58,120,8,594,77,29,11,9,0,124,2560,1591,1168,14682,117,20122,893,107,52,137,12,1199,358,90,62,66,3,578,514,93,81,174,10,878,395,47,29,47,6,525,635,25,44,9,0,717,345,159,106,565,7,1189,13525,1424,1123,2449,148,18678,606,65,64,991,7775,9507,46328,12223,8701,103511,9472,180239
UCL211001,181,1169,856,13427,132,15761,3,35,23,1211,17,1290,208,6,12,83,0,314,176,22,23,54,4,277,264,123,64,296,0,749,1309,1045,779,11775,132,15040,290,13,63,15,0,376,45,15,5,95,0,158,463,192,134,1802,25,2623,40,9,9,75,3,136,71,18,7,35,0,128,436,18,3,17,0,478,267,229,128,3690,25,4341,206,134,61,773,9,1177,30,0,0,0,0,30,24,0,5,36,0,66,12,0,4,9,0,27,37,23,17,75,0,149,66,11,19,18,0,111,69,42,49,43,0,210,128,24,16,104,0,280,30,3,6,23,0,64,9,3,5,3,0,20,406,234,208,2999,22,3869,72,13,6,32,0,121,39,13,3,9,0,69,38,4,3,38,0,88,47,3,4,9,0,56,176,5,12,3,0,198,74,24,7,104,0,202,1719,219,182,509,25,2653,90,15,10,314,1703,2132,5842,2085,1538,26353,2025,37839
UCL211002,1696,2278,1514,14093,214,19794,35,77,40,1116,6,1276,1062,39,57,85,11,1252,418,67,58,152,6,695,329,114,72,240,7,755,3930,1727,1308,11671,204,18843,2403,36,191,25,11,2672,130,19,10,74,3,238,630,186,136,1054,15,2022,388,138,70,298,5,902,129,31,14,61,0,237,5019,87,34,31,13,5179,652,348,225,3122,38,4385,947,393,197,1301,20,2854,83,0,8,0,0,92,218,46,15,47,0,325,400,75,36,109,5,621,1543,425,273,1276,30,3547,549,59,76,26,4,713,366,105,78,56,3,612,333,73,45,218,5,674,65,11,9,33,0,117,1564,72,36,11,8,1693,875,371,287,2654,18,4217,478,65,27,68,6,647,106,13,12,5,9,155,345,24,10,53,7,443,369,24,0,13,0,411,724,21,55,17,3,824,102,30,12,113,0,260,15687,742,493,768,97,17785,857,39,39,282,4740,5957,36246,4545,3186,27008,5360,76346
UCL212001,187,904,621,6702,60,8466,3,24,13,290,4,340,125,12,12,31,0,178,100,27,15,65,3,209,182,73,42,186,3,476,1287,758,594,5769,82,8487,116,14,25,0,0,155,25,12,0,31,0,75,198,78,59,547,5,885,90,27,11,97,0,220,56,11,6,28,0,102,519,24,8,18,0,569,290,151,126,2003,17,2588,261,116,58,493,3,926,17,3,0,0,0,18,20,8,0,18,0,43,31,6,4,9,0,57,265,116,63,320,9,776,59,10,10,5,0,79,85,39,46,20,0,185,119,32,20,90,0,260,16,0,0,14,0,39,51,11,4,0,0,68,395,188,140,1689,22,2432,56,14,12,16,3,102,44,6,8,9,0,65,56,7,7,12,0,79,33,8,0,0,0,39,50,0,8,0,0,59,50,14,13,49,0,125,1275,193,126,280,15,1891,54,12,12,148,730,954,4938,1625,1170,13046,919,21692
UCL212002,57,324,263,5096,89,5830,0,13,11,558,6,598,60,4,5,24,0,88,8,4,6,10,0,29,47,25,17,58,3,154,469,313,240,4780,83,5881,130,0,16,7,0,147,22,4,6,17,0,57,59,28,29,427,3,552,25,10,3,8,0,38,10,3,3,9,0,32,98,3,0,5,0,101,108,57,35,1421,13,1638,84,39,20,274,4,420,11,0,0,0,0,11,0,0,0,7,0,7,0,0,0,0,0,3,18,12,5,29,0,65,45,8,6,0,0,63,20,15,13,18,0,64,23,5,9,20,0,52,4,0,0,3,0,10,0,0,0,0,0,0,138,86,53,1244,10,1527,11,0,0,0,0,9,10,5,4,0,0,17,7,0,0,19,0,37,40,5,4,6,0,45,26,3,0,0,0,29,16,3,5,35,0,58,301,45,34,115,5,494,20,7,0,113,721,859,1520,607,463,10266,906,13764
UCL212003,298,785,504,10537,167,12288,19,85,21,1705,38,1864,910,3,12,53,8,995,116,22,14,76,3,234,110,45,21,114,3,295,1118,711,462,10192,165,12648,316,5,39,5,0,371,33,5,0,74,0,112,194,86,50,1362,18,1705,201,44,16,181,3,448,42,9,3,39,0,101,453,11,6,0,0,471,166,137,66,2619,27,3013,848,237,121,1280,25,2508,56,0,3,0,0,64,5,6,0,4,0,10,13,0,0,3,0,20,19,15,6,42,0,76,52,13,11,13,0,94,73,35,26,22,0,152,48,22,7,61,0,141,21,5,0,9,0,33,75,13,13,0,6,107,225,144,124,2558,19,3063,24,3,0,0,0,30,50,3,0,0,0,59,33,4,6,24,0,63,30,9,3,9,0,43,326,0,3,3,8,337,30,17,18,76,0,140,3043,274,139,406,33,3896,175,19,7,284,2354,2841,7920,1638,1000,22303,2795,35652
UCL212004,96,936,650,7288,99,9062,0,5,9,122,5,146,79,18,21,56,0,178,39,10,5,28,0,76,230,90,61,184,4,574,1358,799,581,6775,114,9622,25,0,5,0,0,26,34,12,9,57,0,116,196,67,57,661,10,986,57,27,7,56,0,143,29,8,9,25,0,70,38,10,0,10,0,56,291,236,136,3031,29,3717,216,83,44,407,10,755,0,0,0,0,0,4,4,0,0,21,0,24,12,6,0,9,0,29,83,26,16,62,0,187,18,16,9,12,0,47,55,34,26,20,0,132,67,22,11,47,3,147,15,4,0,7,0,27,4,0,0,3,0,3,349,245,150,2258,24,3033,16,0,0,7,0,20,53,19,16,6,0,94,24,4,0,21,0,50,3,3,0,4,0,15,7,4,3,3,0,21,70,22,20,95,4,210,493,176,149,340,4,1158,22,10,8,169,899,1109,3116,1635,1139,15014,1129,22035
UCL212005,674,1091,689,13151,220,15824,9,84,25,1936,47,2103,690,16,24,87,4,816,44,26,7,35,3,116,231,97,58,281,3,675,1610,1001,673,12895,218,16396,644,6,91,8,9,759,33,3,5,87,0,127,223,86,78,1114,5,1510,249,45,11,206,0,517,42,11,8,13,0,65,1511,24,6,12,3,1569,259,228,121,4311,34,4953,1350,343,135,1886,27,3742,15,0,4,0,0,21,8,0,3,9,0,14,146,21,5,97,0,270,34,18,10,69,3,130,68,20,26,23,0,138,96,27,26,35,4,184,55,22,7,74,0,160,15,9,0,12,0,34,256,13,0,3,0,280,347,264,148,3444,30,4242,29,8,6,16,0,57,63,3,10,5,0,79,75,16,4,40,0,129,84,0,8,11,0,104,76,4,8,4,0,91,24,17,5,72,0,117,6652,318,189,624,65,7856,298,29,21,300,3111,3760,14040,2294,1434,28411,3683,49862
UCL212006,283,1623,1227,11044,70,14249,4,27,10,412,9,464,357,30,58,69,0,509,246,64,25,116,6,454,253,118,89,274,0,736,2543,1289,1012,9525,82,14449,376,31,79,24,0,507,70,8,12,69,0,157,403,120,109,860,5,1494,201,76,32,207,0,502,74,23,17,45,4,165,750,39,22,26,0,843,765,371,223,3546,33,4924,842,304,157,1273,6,2589,28,0,6,0,0,36,87,13,7,34,0,149,67,20,0,31,0,128,561,198,125,574,0,1460,126,27,10,17,0,180,160,84,65,29,0,336,221,55,39,181,0,502,58,12,9,21,0,106,64,17,3,5,0,96,740,331,229,2679,18,4000,91,19,4,16,0,128,79,26,9,19,0,131,90,18,9,32,0,149,101,20,12,31,0,162,78,7,9,3,0,104,78,16,21,101,0,212,1916,345,268,555,17,3105,117,19,16,188,1262,1602,9479,3063,2205,21807,1460,38010
UCL212007,100,944,813,6795,90,8739,0,12,4,129,0,149,90,26,19,90,0,228,51,19,12,55,0,144,239,88,63,193,4,582,1500,852,703,6876,44,9980,33,4,21,12,0,66,91,27,10,61,0,189,268,102,80,623,8,1080,69,35,12,71,6,189,45,12,6,26,0,90,61,8,11,16,0,95,403,240,179,2911,15,3742,322,126,57,549,7,1066,7,0,3,0,0,15,9,9,0,34,0,49,34,5,0,16,0,64,113,18,22,95,0,251,31,11,16,0,0,58,81,56,47,15,0,204,91,46,21,100,0,249,31,5,3,20,0,56,4,0,0,0,0,3,412,221,172,2246,16,3068,22,3,0,15,0,44,96,23,20,3,0,141,44,12,6,21,0,84,13,4,5,10,0,38,19,0,7,0,0,26,59,15,18,92,0,193,674,222,219,385,8,1509,25,8,16,81,920,1046,3899,1806,1435,14763,1086,22998
UCL212008,162,912,630,9000,92,10782,0,9,4,391,4,414,276,15,11,31,0,339,40,11,5,25,0,83,351,149,111,437,3,1057,1340,870,619,8148,121,11095,215,19,59,20,3,315,30,4,11,50,0,88,257,101,75,771,13,1212,106,31,9,89,0,229,22,14,0,33,0,73,334,0,6,20,0,369,288,188,133,2208,25,2836,431,132,44,690,4,1299,14,0,0,0,0,13,4,5,0,6,0,14,3,0,0,3,0,9,118,55,24,201,3,400,72,18,27,23,0,142,56,54,15,28,0,158,116,29,14,91,0,255,15,9,12,6,0,46,6,8,0,0,0,18,451,248,222,2246,17,3187,16,7,0,10,0,37,41,15,0,6,0,62,60,9,9,32,0,109,42,4,7,8,0,57,54,0,0,3,0,55,45,12,10,59,0,140,1088,145,86,385,20,1724,58,26,15,219,1605,1918,5071,1773,1219,17712,1857,27628
UCL212009,104,839,629,11038,159,12766,9,26,12,622,13,680,380,9,23,59,5,474,18,0,0,30,0,47,213,115,37,258,3,628,1053,755,529,11033,150,13520,227,5,40,12,4,282,29,14,10,112,0,172,146,68,58,1058,8,1333,35,16,7,65,0,127,8,4,3,14,0,30,169,20,4,5,0,199,280,240,133,5501,43,6200,90,66,18,394,4,579,34,0,0,0,0,38,11,6,0,18,0,31,0,0,0,10,0,11,38,12,5,44,0,98,83,17,24,11,3,138,70,37,32,25,0,162,41,21,4,42,0,103,26,3,3,9,0,45,9,5,4,0,0,23,327,204,162,3404,29,4120,9,0,0,0,0,9,89,12,8,0,0,107,32,10,0,24,0,63,62,11,3,0,0,73,107,0,5,0,0,106,29,17,13,90,0,149,941,166,128,291,12,1543,52,13,16,346,1636,2062,3901,1546,1106,24359,1984,32894
UCL213001,52,374,303,4624,91,5444,0,14,9,639,10,674,105,13,8,26,5,153,13,0,0,5,0,20,120,34,18,112,0,279,627,376,294,4392,129,5815,138,3,20,11,3,180,15,8,0,17,0,43,118,28,29,391,6,569,14,12,0,28,0,59,18,7,0,11,0,29,98,4,6,10,3,120,94,55,44,1106,20,1316,162,48,18,320,4,548,11,0,0,3,0,18,0,0,0,3,0,4,3,0,0,0,0,6,29,4,5,23,0,67,15,4,9,3,0,33,26,16,11,16,0,75,25,9,0,15,0,60,13,0,0,3,0,10,0,3,0,4,0,6,165,101,74,1124,8,1473,5,0,0,5,0,10,28,0,0,3,0,30,6,0,0,3,0,14,4,8,0,4,0,20,52,0,5,0,0,55,19,22,3,31,0,74,387,74,39,147,13,657,48,0,6,111,880,1049,2000,715,519,9369,1132,13734
UCL213002,41,385,237,2882,56,3598,0,8,0,107,0,110,37,5,0,21,0,60,22,3,0,3,0,29,76,29,8,57,3,165,612,434,269,3200,43,4552,21,0,9,0,0,34,26,13,10,23,5,69,121,46,35,352,0,549,26,8,0,22,0,60,17,12,4,13,0,41,43,6,0,3,0,57,150,128,89,1342,14,1719,71,31,21,198,5,325,0,0,0,0,0,0,0,0,0,0,0,4,0,0,0,0,0,4,21,5,0,17,0,45,4,3,3,4,0,21,31,18,10,9,0,73,47,14,3,22,0,84,9,6,0,9,0,20,0,4,0,4,0,11,195,129,89,1088,11,1510,16,0,0,0,0,19,14,5,5,0,0,19,4,3,0,9,0,16,8,3,4,0,0,20,3,0,0,0,0,5,38,12,4,47,0,113,307,100,48,178,6,640,10,4,0,79,1213,1311,1474,785,473,6516,1324,10577
UCL213003,51,298,210,4509,75,5136,0,5,4,182,5,196,265,0,8,13,3,285,5,4,0,13,0,23,72,29,14,88,3,205,350,286,168,4097,74,4977,86,0,5,0,0,91,14,4,4,24,0,42,52,21,17,320,0,413,21,14,0,5,0,45,11,0,0,0,0,16,54,3,3,0,0,68,72,70,37,1616,17,1815,90,39,4,232,3,363,16,0,0,0,0,19,7,0,0,10,0,13,0,0,0,0,0,0,22,16,0,15,0,49,30,11,8,0,0,48,21,13,7,7,0,49,18,0,0,18,0,35,4,0,0,6,0,12,25,0,0,0,0,25,110,94,57,1243,15,1517,9,0,0,6,0,14,0,0,0,0,0,5,4,0,0,8,0,10,11,0,0,0,0,12,10,0,0,0,0,11,12,4,0,30,0,41,425,49,55,79,4,608,28,9,5,159,517,721,1615,574,349,9129,681,12348
UCL213004,82,605,422,5051,45,6213,3,10,3,258,3,277,86,6,9,16,0,123,31,8,7,12,0,56,234,59,55,201,9,560,998,570,401,4548,56,6580,65,6,20,0,0,92,22,4,5,34,0,70,160,45,42,388,3,638,33,6,4,37,0,86,49,6,0,23,0,78,83,20,0,10,0,115,192,125,69,1202,16,1605,123,70,25,272,0,486,0,0,3,0,0,5,3,0,0,0,0,10,8,7,0,3,0,15,33,12,7,24,0,80,47,7,5,3,0,62,45,32,25,15,0,119,55,8,10,35,0,118,23,4,3,7,0,35,0,4,0,0,0,3,247,123,107,1142,10,1626,20,4,5,7,0,35,53,13,4,6,0,71,29,3,0,12,0,46,30,10,5,7,0,47,14,0,0,0,0,16,40,21,5,40,0,91,480,86,67,159,8,801,46,4,6,114,597,767,2677,1084,760,9524,716,14764
UCL213005,83,672,444,4967,62,6233,3,16,7,197,0,222,87,5,18,45,0,152,60,16,3,33,0,114,190,70,25,127,0,412,1395,608,463,4938,70,7471,83,4,22,9,3,123,30,16,3,43,0,93,202,55,39,495,9,793,86,18,8,60,0,175,24,8,3,11,0,41,84,12,0,8,0,96,292,131,90,1631,19,2158,199,98,32,314,3,646,4,0,3,0,0,10,10,5,0,11,0,26,10,10,0,14,0,29,125,27,9,68,4,230,16,15,6,10,0,51,42,26,15,17,0,100,77,24,7,53,0,156,20,7,0,14,0,44,4,0,0,3,0,14,321,170,118,1461,14,2082,14,3,5,0,0,29,63,7,5,3,0,77,27,4,0,17,0,53,18,3,5,0,0,26,16,0,0,0,0,18,54,8,13,45,0,126,462,146,83,192,5,886,32,8,15,118,413,586,3303,1237,838,10269,552,16199
UCL213006,68,533,361,3445,60,4469,0,4,9,94,0,104,60,7,15,31,0,110,53,12,3,35,0,106,75,33,34,92,0,234,729,432,340,3195,39,4728,20,0,9,3,0,35,24,15,0,27,0,66,108,65,24,273,3,475,33,20,13,55,4,122,19,6,5,5,0,35,65,9,0,0,0,66,197,137,89,1214,9,1638,154,71,38,313,4,586,3,0,3,0,0,0,3,0,0,3,0,7,16,3,3,21,0,48,149,52,26,138,0,363,18,6,8,6,0,39,45,30,16,10,0,102,67,27,7,55,0,159,15,3,0,15,0,36,9,0,0,0,0,4,190,125,71,953,8,1352,11,6,0,4,0,21,34,8,6,0,0,45,24,5,0,5,0,30,20,11,13,0,0,35,14,8,0,0,0,17,38,10,0,40,0,90,314,106,73,182,0,672,23,5,4,63,321,409,2019,954,659,6953,417,10999
UCL213007,44,311,219,6098,87,6758,0,12,4,292,8,320,89,5,9,20,0,127,6,11,0,7,0,27,73,33,28,105,3,240,320,289,224,5809,93,6731,113,0,19,13,0,148,14,0,0,55,0,63,59,35,37,1498,14,1644,23,7,4,20,3,52,12,0,0,7,0,24,188,0,0,6,0,199,89,50,33,1472,22,1662,142,33,27,315,0,514,4,0,0,0,0,4,8,0,0,5,0,14,0,0,3,0,0,10,8,9,0,11,0,25,14,0,3,0,0,14,20,16,7,6,0,45,31,8,0,32,0,71,3,0,4,4,0,10,0,0,0,0,0,0,78,68,59,1575,14,1800,5,0,0,3,0,5,20,8,0,0,0,35,14,5,0,8,0,21,13,3,0,6,0,17,14,0,0,3,0,20,9,7,3,52,0,82,470,53,35,115,0,683,28,6,4,193,745,972,1623,570,421,12743,931,16289
UCL213008,137,669,460,4856,34,6153,7,11,6,215,0,236,105,8,13,33,0,168,115,28,10,84,5,254,190,78,51,187,6,511,981,516,395,4218,29,6147,359,8,24,18,0,405,27,10,8,19,0,55,155,57,50,486,4,758,28,10,6,41,0,81,44,17,4,33,0,94,286,3,3,10,0,309,249,127,95,1388,6,1871,181,80,28,335,4,625,3,0,0,0,0,12,3,6,4,8,0,22,40,15,0,29,0,84,73,23,12,85,0,191,24,18,5,3,0,45,45,33,16,18,0,111,86,14,8,59,0,175,37,7,5,7,0,52,31,9,3,0,0,45,299,144,110,1222,9,1782,65,14,16,28,0,121,22,8,0,11,0,37,49,12,15,24,0,95,18,0,0,0,0,21,56,0,10,0,0,76,34,25,16,45,0,115,862,123,85,213,10,1289,41,8,11,72,426,551,3788,1176,820,9464,517,15772
UCL213009,79,444,318,3978,71,4887,0,9,8,131,4,147,107,3,15,26,0,155,56,15,3,28,0,102,164,73,29,186,8,454,714,400,306,3712,46,5177,106,5,11,0,0,129,9,3,7,34,0,56,126,50,37,396,6,619,59,22,11,44,0,130,21,9,0,9,0,36,126,5,4,7,0,138,160,94,67,1143,5,1474,189,70,29,277,7,573,0,0,0,0,0,0,4,5,0,8,0,14,3,0,0,6,0,14,47,20,11,45,0,118,26,0,0,0,0,32,33,20,14,14,0,80,71,19,11,68,0,165,11,5,0,3,0,24,0,0,0,0,0,6,166,120,80,1098,6,1466,14,3,0,7,0,26,25,10,4,7,0,42,16,4,0,15,0,46,10,6,6,0,0,17,7,0,3,0,0,16,43,10,12,45,0,106,398,86,61,140,9,696,34,11,7,83,429,563,2288,859,605,8007,564,12319
UCL213010,160,574,382,4967,127,6203,0,11,3,358,11,386,94,0,9,22,0,124,55,6,7,9,3,73,304,76,50,207,7,644,904,514,363,4176,128,6091,163,7,36,4,3,210,14,4,3,27,0,54,191,78,28,390,14,705,55,11,5,39,0,114,35,6,4,9,0,52,29,5,0,3,0,50,172,113,49,1098,25,1458,126,31,25,209,9,400,5,0,0,0,0,7,3,0,0,0,0,11,14,0,0,0,0,14,243,42,22,181,10,488,25,6,6,11,0,44,24,25,15,14,0,76,112,25,7,46,0,185,23,0,0,12,0,39,36,0,0,0,0,36,304,129,95,1050,34,1612,60,4,3,16,3,79,11,4,5,4,0,22,25,3,0,13,3,46,8,5,0,6,0,15,13,0,0,0,0,18,37,4,13,34,0,87,525,95,68,192,22,906,60,12,10,171,1087,1337,3152,1047,707,9462,1394,15758
UCL213011,147,371,289,3902,111,4825,0,13,4,362,8,390,81,0,3,21,0,112,42,5,0,18,0,62,173,51,47,114,0,384,700,381,241,3657,141,5120,189,3,15,3,0,207,25,0,0,19,0,43,127,32,29,285,13,487,75,13,8,27,0,122,28,8,0,12,0,48,136,8,0,3,0,146,147,90,31,842,19,1130,513,69,24,315,15,930,0,0,0,0,0,0,3,3,0,0,0,9,0,0,0,0,0,6,168,25,7,107,3,312,24,3,0,13,0,43,27,9,16,12,0,71,79,12,3,24,0,118,25,0,3,10,0,33,4,0,0,4,0,15,226,101,74,886,20,1307,21,0,0,10,0,29,8,0,0,0,0,12,28,3,4,12,0,51,33,4,5,5,0,45,23,0,0,0,0,23,11,7,3,21,0,38,720,54,55,127,16,976,67,9,10,163,1442,1688,3257,750,518,7801,1745,14068
UCL213012,42,278,197,3800,57,4374,0,9,7,271,4,298,32,3,3,23,0,67,13,3,0,8,0,19,98,26,28,78,0,228,447,287,193,3525,62,4513,69,3,18,4,0,92,11,0,0,13,0,32,72,23,25,468,3,589,21,6,0,9,0,37,5,0,0,0,0,8,45,4,0,12,0,59,74,55,37,906,13,1081,42,21,6,91,0,160,0,0,0,0,0,0,0,3,0,0,0,3,4,0,0,0,0,4,35,5,5,29,0,70,28,8,0,6,0,39,24,9,9,9,0,61,13,4,0,16,0,32,6,0,0,5,0,18,3,0,0,0,0,3,123,99,55,987,9,1276,0,0,0,0,0,7,10,0,5,0,0,20,14,0,0,6,0,20,6,0,0,3,0,8,14,0,0,0,0,17,20,5,6,43,0,72,249,48,43,88,6,427,19,9,8,98,573,713,1253,546,373,7580,703,10450
UCL213013,79,466,387,4925,58,5919,0,17,4,322,14,359,133,3,12,31,0,186,42,12,0,20,0,79,137,52,26,139,0,359,700,432,325,4252,65,5773,109,9,29,11,0,149,23,0,0,18,0,43,93,39,27,345,6,507,30,12,8,37,0,84,12,4,0,5,0,22,168,6,5,4,0,183,139,94,62,1320,17,1638,114,40,28,283,0,463,0,0,3,6,0,6,7,3,0,19,0,26,6,0,0,13,0,20,15,8,0,40,0,64,15,4,5,4,0,29,23,26,8,11,0,65,59,7,5,33,0,106,21,0,0,11,0,36,3,0,0,0,0,3,189,106,88,1137,12,1536,18,5,0,9,0,28,40,6,0,4,0,51,14,0,0,13,0,29,28,3,7,4,0,52,59,0,8,0,0,63,27,18,4,49,0,97,508,90,75,181,10,869,36,6,7,113,760,925,2306,835,643,9409,910,14100
UCL213014,47,185,142,3753,51,4176,0,7,0,397,6,418,164,4,13,25,0,203,5,0,0,4,0,10,31,23,8,49,0,110,283,168,162,3364,49,4026,132,0,13,0,3,149,5,0,0,22,0,30,30,14,14,357,3,418,4,0,7,13,0,22,10,3,0,13,0,24,131,11,0,0,0,152,50,28,25,1191,10,1292,231,63,6,356,3,664,6,0,0,3,0,8,0,0,0,7,0,5,0,0,0,0,0,0,0,6,3,10,0,16,4,8,0,8,0,15,14,8,3,3,0,22,3,3,0,7,0,11,0,0,0,0,0,0,0,4,0,0,0,0,57,37,41,911,12,1056,3,0,0,3,0,6,19,0,0,0,0,19,7,0,0,9,0,21,6,0,0,0,0,6,146,0,0,0,0,146,5,3,0,33,0,35,676,36,25,100,3,849,32,0,3,103,647,785,1842,362,281,7618,767,10869
UCL213015,174,530,347,4142,32,5214,3,19,7,300,7,333,103,0,3,26,0,131,50,5,3,25,0,85,66,26,7,84,0,185,736,395,275,3375,34,4819,112,0,30,3,0,151,29,3,5,25,0,66,111,42,38,349,5,548,98,50,27,103,0,280,22,8,8,12,0,44,619,17,11,7,0,654,133,92,48,1105,4,1385,355,136,66,530,6,1094,5,0,0,0,0,5,65,18,5,20,0,114,77,17,10,51,0,155,182,72,26,169,3,439,48,12,5,3,0,72,41,24,26,16,0,107,56,7,3,30,0,105,9,3,3,11,0,24,84,10,6,4,0,100,168,97,62,839,3,1174,14,9,0,0,0,27,40,6,3,4,0,48,24,6,4,23,0,51,68,6,9,6,0,86,23,0,5,3,0,24,24,7,7,20,0,60,1640,185,77,209,17,2137,79,6,7,110,599,806,4378,1047,660,7971,684,14741
UCL213016,105,570,362,6622,114,7764,0,16,5,382,4,410,98,0,11,60,0,170,36,5,0,11,0,51,131,54,30,114,6,328,599,573,390,6698,133,8392,138,0,22,8,9,175,23,7,0,55,0,91,118,61,36,646,11,863,30,12,10,29,0,83,36,7,5,24,0,71,129,3,0,12,0,146,118,144,61,2442,34,2801,478,150,57,714,10,1411,0,0,0,0,0,4,3,3,0,10,0,16,6,0,0,10,0,12,13,7,0,23,0,38,13,10,5,5,0,36,24,17,15,15,0,79,39,4,7,26,0,76,9,5,0,10,0,27,14,0,5,3,0,25,187,133,87,1834,27,2262,15,0,4,4,0,23,33,6,0,7,0,49,19,3,0,13,0,43,21,5,0,0,0,28,17,0,0,0,0,22,22,11,6,64,0,98,577,103,71,257,8,1009,44,11,6,185,937,1181,2595,1105,681,14111,1221,19712
UCL213017,118,730,547,6127,75,7585,0,13,13,191,0,222,188,5,16,29,0,239,46,15,3,15,0,76,258,92,53,252,9,661,1141,655,481,5862,80,8211,90,12,30,11,0,140,29,5,8,49,4,89,189,57,59,541,9,856,61,14,4,57,0,132,55,13,0,19,0,96,236,16,7,8,0,266,258,146,112,1761,17,2293,183,93,24,399,3,708,10,0,0,0,0,10,6,0,0,6,0,15,3,0,0,0,0,10,23,11,8,47,0,87,31,18,5,5,0,64,52,20,31,18,0,124,62,17,9,54,0,146,28,7,3,19,0,56,6,0,3,0,0,13,279,186,124,1713,14,2312,26,5,0,6,0,41,47,0,3,7,0,60,27,8,3,15,4,56,47,7,0,4,0,61,57,0,4,0,0,59,39,11,5,49,0,106,845,117,119,290,13,1384,45,9,8,147,774,978,3619,1300,938,12325,958,19134
UCL213018,47,232,129,3088,38,3527,0,4,4,93,0,107,59,0,0,13,0,75,22,0,0,5,0,29,47,17,7,32,0,100,323,199,111,3104,56,3790,53,0,9,0,0,66,5,0,0,13,0,23,55,13,8,218,0,304,16,8,0,15,0,37,15,0,0,0,0,15,40,0,0,0,0,46,65,46,16,1080,12,1215,53,32,4,162,7,248,0,0,0,0,0,0,6,0,0,0,0,0,3,0,0,0,0,4,27,4,3,22,0,66,12,5,6,0,0,14,7,4,5,0,0,12,16,5,0,10,0,31,7,0,0,5,0,14,0,0,0,0,0,0,117,44,27,818,10,1022,4,0,0,0,0,7,3,0,5,0,0,11,10,0,0,4,0,16,6,3,0,0,0,7,7,0,0,0,0,7,7,3,3,17,0,32,149,20,25,81,0,274,12,7,0,85,444,547,984,386,213,6450,550,8580
UCL214001,42,158,113,2537,65,2920,5,3,0,98,0,104,69,0,4,3,0,84,3,4,0,7,0,14,35,14,9,27,0,85,227,159,106,2358,65,2917,64,0,10,0,0,74,5,0,0,17,0,20,43,27,22,335,11,432,0,0,0,0,0,7,8,0,5,7,0,22,100,0,0,4,0,107,35,38,29,684,10,791,29,15,9,100,4,149,9,0,0,0,0,6,11,0,0,0,0,13,0,0,0,0,0,0,7,0,0,3,0,12,30,12,5,8,6,66,14,9,0,8,0,27,9,3,0,7,0,20,0,0,0,0,0,5,35,0,0,4,0,37,49,38,34,723,11,866,10,0,0,0,0,10,3,0,0,0,0,8,3,0,0,5,0,11,10,0,0,0,0,10,15,0,3,0,0,20,8,6,0,15,4,27,232,25,16,64,4,338,14,4,0,90,337,444,945,314,206,5072,474,7015
UCL214002,34,222,195,2355,22,2823,0,0,0,75,0,82,12,0,9,6,0,29,41,12,8,39,0,105,53,29,23,82,0,185,338,216,158,1819,12,2548,10,0,3,0,0,13,9,3,0,14,0,23,50,32,20,202,0,306,5,10,7,13,0,28,21,9,0,7,0,40,13,0,3,6,0,18,64,36,18,562,4,684,43,36,11,155,0,239,0,0,0,0,0,0,0,0,0,0,0,0,9,3,6,5,0,13,34,0,4,30,0,81,7,0,0,6,0,18,19,6,7,5,0,40,28,11,5,31,0,76,10,0,0,5,0,19,5,0,0,0,0,6,83,40,52,517,0,691,13,6,4,0,0,26,14,6,4,5,0,29,5,0,0,15,0,21,0,0,0,0,0,0,4,3,0,0,0,7,10,4,0,18,0,39,134,42,33,85,4,297,14,3,0,69,196,279,869,410,338,4335,227,6178
UCL214003,45,273,154,3306,71,3837,0,6,0,177,3,192,50,3,4,15,0,77,6,0,0,0,0,15,78,25,10,52,0,163,395,278,177,3170,84,4110,35,0,7,0,4,43,16,3,4,14,0,34,106,30,26,294,12,469,23,13,0,14,0,45,14,6,0,9,0,23,85,0,0,0,0,91,102,63,39,1124,28,1349,57,31,3,143,5,246,0,0,0,0,0,0,12,0,0,5,0,13,3,0,0,0,0,4,13,7,3,8,0,35,4,0,0,0,0,6,18,12,3,0,0,28,44,4,4,13,0,56,10,0,6,4,0,23,0,0,0,0,0,0,98,87,52,995,13,1244,9,0,0,0,0,10,6,3,6,0,0,13,4,0,0,11,0,16,8,0,0,0,0,8,0,0,0,0,0,3,10,6,5,32,0,50,288,42,25,79,7,445,17,4,0,88,700,810,1257,517,304,6787,874,9742
UCL214004,60,135,73,1541,12,1826,0,0,0,109,3,112,158,3,0,11,0,172,6,0,0,7,0,16,24,9,4,28,0,65,276,136,79,1552,42,2092,41,0,0,0,0,41,5,0,0,0,0,6,29,14,12,154,3,212,3,0,0,3,0,14,5,0,0,3,0,9,61,0,0,4,0,61,43,32,14,510,12,607,250,65,11,288,3,615,0,0,0,0,0,3,4,0,0,0,0,7,0,0,0,5,0,5,4,0,0,3,0,11,25,4,0,0,0,26,15,3,4,8,0,31,7,0,5,3,0,18,5,0,0,5,0,12,0,0,0,0,0,0,46,32,18,412,5,516,0,4,0,0,0,6,0,0,0,0,0,0,0,0,0,0,0,5,0,0,0,0,0,0,0,0,0,0,0,0,3,0,0,13,0,12,324,26,10,56,9,425,19,9,8,57,286,382,1211,303,148,3368,363,5389
UCL214005,3,14,13,432,4,465,0,0,0,16,0,16,7,0,0,0,0,4,0,0,0,0,0,0,3,0,0,5,0,8,47,22,18,357,9,445,0,0,0,0,0,0,0,0,0,4,0,7,11,0,5,48,0,59,0,0,0,0,0,0,3,0,0,0,0,0,4,0,0,0,0,3,5,9,0,117,0,134,7,3,0,19,0,22,0,0,0,0,0,0,0,0,0,0,0,0,0,0,0,0,0,0,0,0,0,0,0,0,0,0,0,0,0,0,7,0,0,0,0,7,0,0,0,0,0,0,0,0,0,0,0,0,0,0,0,0,0,0,9,3,7,66,0,82,0,0,0,0,0,0,0,0,0,0,0,0,0,0,0,0,0,0,0,0,0,0,0,0,0,0,0,0,0,0,0,0,0,0,0,0,12,0,3,9,0,27,0,0,0,11,48,62,93,27,33,785,62,1004
UCL214006,63,264,167,1901,29,2426,0,0,0,65,0,64,70,0,8,4,0,79,11,0,4,3,0,18,83,22,11,40,7,167,685,245,170,1792,64,2956,27,0,5,0,0,40,15,0,0,8,3,30,79,17,16,130,0,243,52,9,0,12,0,73,11,0,0,4,0,20,67,0,4,0,0,69,133,53,19,584,17,807,147,23,9,112,0,286,0,0,0,0,0,0,4,3,0,6,0,19,12,0,3,0,0,20,42,3,3,21,0,71,21,0,3,0,0,24,19,19,3,0,0,45,42,3,0,9,0,58,7,0,3,12,0,18,4,0,0,0,0,14,163,65,49,518,17,806,9,0,0,0,0,5,13,0,6,0,0,21,16,0,0,10,3,30,7,0,0,0,0,9,15,3,0,0,0,22,34,0,6,13,0,55,269,52,32,78,3,436,10,0,0,34,374,427,1728,471,319,3802,485,6797
UCL214007,86,160,129,1191,25,1591,0,4,0,62,0,68,68,4,4,4,0,78,49,10,4,19,0,83,19,11,9,30,0,67,213,137,99,909,4,1365,178,0,17,3,0,204,12,3,0,5,0,21,33,14,15,106,0,167,25,16,8,35,0,79,7,6,4,9,0,22,410,3,6,13,3,434,50,24,23,326,0,423,125,53,26,181,0,388,13,0,0,0,0,13,13,8,0,0,0,21,33,3,3,17,0,60,55,46,13,84,0,199,10,5,0,4,0,22,30,0,0,0,0,32,33,3,14,30,0,80,0,0,6,3,0,7,9,3,0,3,0,17,55,30,27,262,3,381,15,3,4,0,0,21,9,0,0,0,0,11,23,8,0,0,6,32,21,0,4,3,0,29,23,0,0,3,0,23,7,3,0,12,0,28,564,62,51,60,5,735,17,0,0,30,187,229,1850,364,267,2302,226,5011
UCL214008,38,218,165,3626,68,4117,0,0,5,213,0,225,51,3,7,16,0,75,3,3,0,6,0,21,73,29,11,70,0,182,314,198,176,3189,58,3929,20,0,4,0,0,24,5,4,4,12,0,18,46,34,17,567,11,675,16,3,0,12,0,25,0,4,0,6,0,5,81,0,0,0,0,82,47,56,24,956,17,1103,25,13,3,77,0,128,3,0,0,0,0,3,3,0,0,0,0,5,0,0,0,0,0,0,6,3,4,7,0,22,50,0,9,4,0,69,12,15,6,13,0,42,11,0,0,4,0,24,5,0,0,3,0,9,0,0,0,0,0,0,91,73,36,1077,9,1291,3,0,0,0,0,3,29,4,8,0,0,42,8,0,0,4,0,13,9,0,0,0,0,9,14,0,0,0,0,14,17,3,4,14,0,41,209,28,20,68,8,341,8,7,0,125,484,631,961,418,302,7274,627,9577
UCL214009,57,374,298,2593,36,3349,0,19,12,230,3,268,44,3,3,14,0,65,12,3,4,4,0,20,141,51,32,106,5,337,765,361,315,2564,37,4038,22,0,0,0,0,28,13,0,0,20,0,38,147,40,28,282,7,499,12,5,7,22,3,44,28,3,3,13,5,40,29,9,0,0,0,34,164,81,46,868,9,1171,79,35,11,144,0,272,0,0,0,0,0,0,5,0,0,3,0,9,5,0,0,0,0,8,11,5,0,16,0,34,11,3,4,12,0,30,24,23,5,8,3,59,34,6,8,26,0,77,7,0,0,3,0,6,0,0,0,0,0,0,216,79,74,725,10,1099,4,0,0,7,0,9,14,4,0,0,0,23,10,0,9,5,0,24,7,0,4,6,0,16,5,0,0,0,0,4,20,5,4,29,0,58,253,64,54,135,3,518,18,4,3,49,382,464,1685,672,537,5328,481,8698
UCL214010,31,221,202,1877,39,2376,0,4,0,26,0,32,12,0,3,19,0,35,12,0,0,7,0,29,110,30,31,89,3,261,423,201,178,1789,41,2634,15,4,0,0,0,16,17,0,3,17,0,41,80,24,24,137,0,263,9,0,3,19,0,35,11,0,0,0,0,16,13,3,0,6,0,15,92,45,48,686,14,880,90,24,13,142,5,273,3,0,0,0,0,3,3,0,0,0,0,9,0,0,0,0,0,0,14,7,0,9,0,32,3,8,0,3,0,18,17,10,15,8,0,45,20,0,0,15,0,34,8,0,6,0,0,10,0,0,0,0,0,0,142,75,57,577,10,857,4,0,0,0,0,4,13,3,3,0,0,21,8,3,0,8,0,20,0,0,0,0,0,4,3,0,0,0,0,3,16,6,0,23,0,42,163,37,25,80,3,309,4,0,0,52,231,289,1087,400,344,3889,325,6046
UCL214011,65,337,232,2836,22,3492,0,7,3,142,0,159,66,5,0,14,0,85,16,3,0,15,0,39,65,30,11,67,0,168,491,278,203,2463,19,3457,47,0,10,6,0,65,9,0,0,25,0,34,86,35,22,212,7,358,42,8,6,27,0,80,8,4,3,0,0,12,113,6,0,4,0,128,171,91,68,1010,8,1343,134,64,25,244,0,466,4,0,0,0,0,4,8,6,0,8,0,18,16,12,3,15,0,52,77,31,13,106,0,226,17,6,3,6,0,32,19,11,7,7,0,46,25,0,5,26,0,60,4,5,0,10,0,14,12,7,0,0,0,16,119,67,58,674,4,920,9,0,0,4,0,14,13,5,0,5,0,23,8,5,11,3,0,24,4,0,0,3,0,10,12,0,0,0,0,13,22,6,0,19,0,46,346,74,63,136,5,620,28,4,3,97,432,560,1663,617,416,5602,482,8786
UCL214012,20,155,111,2175,46,2508,0,3,4,140,0,148,15,0,0,12,0,31,3,6,5,0,0,9,38,3,7,38,0,81,198,140,103,2118,40,2596,61,0,10,4,0,71,5,0,0,5,0,18,35,12,13,179,4,238,11,0,0,9,0,27,10,0,0,0,0,11,32,0,0,0,0,31,48,14,19,634,6,720,142,15,9,176,4,342,4,0,0,0,0,4,0,0,0,0,0,0,4,0,0,4,0,6,6,4,4,5,0,11,6,0,0,0,0,12,13,8,10,0,0,33,0,0,4,6,0,13,0,0,0,4,0,4,0,0,0,0,0,4,43,30,21,505,8,610,5,0,0,0,0,3,3,0,0,0,0,3,8,0,0,0,0,16,7,0,0,0,0,0,0,0,0,0,0,0,5,0,5,9,0,19,126,19,20,74,0,240,9,3,0,49,324,378,699,248,194,4468,409,6010
UCL214013,34,199,170,1572,13,1991,0,0,0,39,0,45,65,4,0,8,0,73,12,4,0,3,0,16,37,13,9,20,0,74,366,189,137,1573,19,2287,38,0,3,0,0,42,19,0,4,7,0,37,49,28,18,137,0,229,6,3,6,12,0,31,16,6,0,3,0,25,34,0,0,3,0,41,88,46,40,716,7,898,40,15,7,76,0,132,0,0,0,0,0,0,0,0,0,3,0,9,3,6,0,0,0,8,11,8,6,15,4,33,12,0,0,5,0,10,20,9,12,0,0,38,18,9,3,14,0,41,3,0,0,6,0,9,0,0,0,0,0,3,114,63,40,516,8,739,3,0,0,0,0,9,13,6,0,0,0,20,6,0,0,7,0,12,3,0,0,5,0,8,9,0,4,3,0,9,18,5,4,32,0,56,164,46,24,68,0,307,9,3,3,35,188,235,924,371,284,3328,238,5151
UCL214014,50,194,150,2088,36,2528,0,10,7,188,5,207,44,3,5,8,0,59,10,0,0,0,0,17,87,17,8,43,0,160,418,173,134,1853,58,2640,37,0,5,0,0,41,11,0,3,21,0,37,67,9,11,161,4,253,43,3,0,16,0,63,15,0,0,0,0,13,22,0,0,0,0,26,76,39,23,487,13,627,85,32,5,139,3,267,4,0,0,0,0,5,0,0,0,0,0,0,0,0,0,0,0,0,34,6,0,16,0,55,16,4,3,5,0,22,19,8,0,4,0,40,20,4,0,8,0,34,10,0,0,3,0,19,0,0,3,0,0,6,115,43,35,494,14,702,5,0,0,5,0,10,9,0,0,0,0,7,3,0,0,6,0,14,0,0,0,5,0,4,16,3,0,3,0,18,10,0,0,9,4,24,168,27,24,78,3,309,8,3,0,42,577,633,1159,349,243,4088,696,6527
UCL214015,28,207,152,1949,46,2384,0,0,0,35,0,34,30,0,0,3,0,36,4,4,0,9,0,15,105,25,23,70,0,224,260,193,141,1882,41,2518,39,0,14,4,0,55,5,4,0,14,0,23,47,12,12,128,4,210,3,0,0,5,0,6,3,0,0,0,0,0,85,5,0,6,0,90,56,53,36,531,9,683,80,24,11,137,4,262,5,0,0,0,0,5,3,0,0,0,0,7,0,0,0,0,0,0,11,6,6,9,0,29,0,0,0,0,0,0,10,12,5,18,0,44,3,0,0,13,0,17,0,0,0,3,0,4,0,0,4,0,0,8,62,40,43,548,0,704,5,0,0,0,0,4,0,0,0,0,0,8,3,0,0,10,0,9,11,0,0,0,0,11,4,0,0,0,0,7,11,3,0,18,0,29,107,29,30,51,0,218,8,5,3,37,236,285,826,375,269,3825,319,5618
UCL214016,21,161,133,2989,59,3366,0,6,4,167,9,185,35,0,7,27,0,63,4,0,0,8,0,12,66,7,4,30,0,107,338,178,136,2812,85,3555,54,0,12,0,0,61,3,4,0,12,0,20,44,20,20,205,0,291,23,7,0,17,0,49,12,0,0,4,0,22,25,4,0,0,0,27,59,30,24,731,6,849,36,12,5,156,0,214,0,0,0,0,0,0,0,0,0,0,0,6,0,0,0,0,0,0,14,8,0,9,0,30,11,4,0,0,0,16,13,4,4,4,0,28,17,7,0,9,0,29,3,0,0,0,0,13,0,0,0,0,0,0,76,52,33,737,13,904,7,0,0,0,0,7,0,0,0,0,0,0,4,0,0,4,0,10,7,0,0,0,0,10,9,0,0,0,0,9,11,3,0,26,0,37,163,24,13,58,3,256,17,3,3,61,356,441,885,308,239,5827,505,7769
UCL214017,23,220,119,1460,24,1842,0,3,0,8,0,10,13,0,5,12,0,32,11,0,0,0,0,12,52,17,16,30,0,116,306,200,132,1882,36,2550,6,0,5,0,0,13,8,7,8,23,0,46,27,14,12,145,0,204,18,4,0,7,0,29,5,5,0,7,0,22,19,6,0,0,0,29,58,39,28,791,18,927,49,19,10,63,5,142,0,0,0,0,0,0,0,0,5,0,0,9,0,0,0,0,0,0,24,3,0,10,0,41,0,0,6,0,0,7,8,11,4,3,0,28,24,6,0,7,0,37,7,0,0,6,0,11,0,0,3,0,0,3,89,56,42,673,10,871,0,0,0,0,0,0,4,0,0,6,0,15,5,0,3,0,0,9,4,3,0,0,0,6,9,0,0,0,0,9,7,8,3,19,0,38,120,19,33,80,3,252,0,0,6,29,283,312,725,367,243,3593,338,5265
UCL214018,75,298,170,2439,57,3046,0,4,0,71,3,82,14,4,0,27,0,45,84,12,4,16,0,107,84,28,12,28,0,159,658,292,188,2516,48,3703,16,0,5,4,0,26,19,7,4,27,0,58,88,22,13,203,6,335,197,13,8,30,0,244,12,4,0,0,0,20,21,5,0,6,0,35,143,73,50,1057,18,1340,250,39,16,160,9,482,0,0,0,0,0,0,6,0,0,3,0,7,15,0,0,4,0,20,208,24,10,35,0,281,18,9,6,4,0,40,36,17,11,3,0,60,56,3,3,7,0,72,18,0,0,6,0,22,0,8,0,0,0,5,173,80,50,808,17,1124,18,0,0,0,0,21,15,0,0,3,0,18,14,0,0,8,0,25,4,4,0,0,0,10,3,0,3,0,0,8,24,5,7,40,0,78,266,52,35,108,4,464,17,4,0,52,588,674,2134,582,337,5272,721,9048
UCL214019,33,161,103,1999,69,2363,0,7,0,169,5,180,129,0,0,10,0,143,12,0,0,9,0,29,39,16,15,25,0,101,223,168,110,1764,69,2341,71,0,3,0,0,76,3,0,0,7,0,19,50,24,10,170,7,266,18,6,0,12,0,42,8,4,0,4,0,18,27,0,0,0,0,27,56,32,26,601,16,727,87,23,11,128,3,244,3,0,0,0,0,3,0,0,0,4,0,7,0,0,0,0,0,0,16,0,0,18,0,37,3,3,0,0,0,14,8,3,3,8,0,24,27,7,0,24,5,59,8,0,5,0,0,14,0,0,0,0,0,0,62,52,33,490,16,647,5,0,0,5,0,7,0,3,0,0,0,5,8,0,0,5,0,11,9,0,0,0,0,9,13,0,0,0,0,12,6,5,5,21,0,38,161,25,26,66,6,278,7,5,3,51,487,556,918,319,216,3929,637,6016
UCL214020,31,119,83,2057,47,2345,0,0,3,87,0,89,69,0,0,0,4,74,0,0,0,5,0,4,29,15,4,18,0,73,170,136,85,1823,38,2246,102,5,8,0,6,115,0,0,0,8,0,6,21,19,8,207,9,268,8,0,0,5,0,21,3,4,0,8,0,14,37,7,0,0,0,40,33,21,12,497,7,571,9,6,0,64,0,83,3,0,0,0,0,3,0,0,0,0,0,0,0,0,0,0,0,3,4,5,0,8,0,14,3,0,0,0,0,4,8,11,0,12,0,28,7,0,0,6,0,12,0,3,0,3,0,5,8,0,0,0,0,8,42,31,23,500,5,600,0,0,0,3,0,8,7,0,0,3,0,8,4,0,0,0,0,9,3,0,0,0,0,3,3,0,0,0,0,6,0,4,0,13,0,17,239,19,24,60,4,346,8,3,0,58,449,528,723,238,158,3961,549,5627
UCL214021,34,186,132,1927,6,2290,0,9,0,68,0,76,22,6,0,10,0,33,11,10,7,8,0,37,50,13,8,42,0,112,287,152,131,1676,30,2278,20,4,9,0,0,31,14,0,0,13,0,22,31,17,16,137,0,207,36,9,11,29,0,87,11,4,0,15,0,33,16,4,5,0,0,32,57,41,33,517,0,653,149,65,24,261,0,504,0,0,0,0,0,0,7,3,0,11,0,14,29,10,7,25,0,65,38,15,7,22,0,87,21,4,6,9,0,33,8,3,10,9,0,20,10,4,6,14,0,35,4,0,0,9,0,11,9,0,0,0,3,8,75,37,23,440,3,573,6,0,9,0,0,15,11,4,0,0,0,17,3,0,0,10,0,14,3,7,0,4,0,13,11,0,0,0,0,12,12,5,0,14,0,30,123,19,20,71,0,234,18,5,3,26,195,239,909,363,267,3719,237,5497
UCL214022,67,315,202,2642,70,3299,0,5,3,148,4,160,39,3,3,26,0,69,11,0,0,3,0,12,109,44,21,69,5,240,618,315,194,2542,67,3734,34,0,9,0,0,49,15,3,0,17,0,32,79,32,15,196,8,321,8,0,3,3,0,19,6,0,0,5,0,17,71,9,3,8,0,91,124,39,36,692,17,905,210,64,20,248,11,556,0,0,0,0,0,0,0,0,0,0,0,0,0,0,0,0,0,3,9,3,0,20,0,33,16,5,3,0,0,25,15,5,7,3,0,35,12,3,0,15,0,30,12,3,0,0,0,11,0,0,0,0,0,0,167,98,38,703,13,1014,3,0,0,0,0,5,12,4,0,0,0,15,13,0,0,5,0,16,0,0,0,0,0,8,5,3,0,0,0,14,22,4,0,29,0,62,268,39,35,100,0,449,24,4,0,69,455,549,1607,580,357,5279,604,8430
UCL215001,9,42,52,385,5,498,0,0,0,6,0,6,3,4,0,5,0,11,6,0,0,0,0,6,18,4,0,5,0,24,70,53,26,417,7,578,0,0,0,0,0,0,3,5,0,8,0,7,23,5,11,34,0,80,3,0,0,9,0,11,3,0,0,0,0,3,0,0,0,0,0,0,27,20,13,199,4,260,21,0,0,17,0,40,0,0,0,0,0,0,0,0,0,0,0,0,3,0,0,0,0,3,4,0,0,4,0,5,0,0,0,0,0,0,7,0,3,3,0,12,13,0,0,4,0,24,0,0,0,0,0,3,0,0,0,0,0,0,32,12,20,163,0,227,0,0,0,0,0,0,0,0,0,0,0,6,0,0,0,3,0,5,5,0,5,0,0,3,0,0,0,0,0,0,3,0,0,5,0,10,39,11,7,22,0,78,0,0,0,4,86,90,227,87,86,898,103,1395
UCL215002,13,73,41,821,17,972,0,0,0,51,0,55,15,0,0,0,0,11,0,0,0,3,0,3,32,10,8,12,0,59,149,82,59,863,6,1160,3,0,0,0,0,8,5,0,0,9,0,16,31,6,4,45,5,83,5,0,0,0,0,6,3,0,0,0,0,7,15,0,0,0,0,15,17,24,13,233,5,291,18,3,0,40,0,57,0,0,0,0,0,0,0,4,0,0,0,6,5,0,0,0,0,3,3,0,0,8,0,14,0,4,0,0,0,5,3,0,0,5,0,11,5,0,0,5,0,13,6,0,0,3,0,8,0,0,0,0,0,0,48,29,9,263,0,353,0,0,0,3,0,6,0,0,0,3,0,6,3,0,0,0,0,3,0,0,0,0,0,0,3,0,4,0,0,9,7,0,0,3,0,16,56,18,3,21,0,100,8,3,3,35,123,168,355,153,86,1729,154,2480
UCL215003,15,155,104,959,16,1253,0,0,0,10,0,5,12,7,5,11,0,22,7,0,0,7,0,16,32,6,7,21,0,57,139,131,91,1010,20,1387,3,0,0,0,6,5,15,0,4,11,0,25,35,15,7,83,0,144,6,5,0,5,0,22,5,0,7,0,0,12,0,0,0,0,0,3,53,40,33,440,3,573,26,12,6,45,0,94,0,0,0,0,0,0,0,0,0,0,0,0,0,0,0,4,0,6,4,4,0,5,0,14,0,0,0,0,0,0,4,4,4,0,0,12,22,3,3,12,0,32,5,3,4,5,0,8,4,10,0,0,0,11,62,32,29,378,4,499,0,0,0,0,0,6,5,0,0,0,0,5,4,0,0,0,0,3,0,0,0,0,0,8,0,0,0,0,0,0,3,5,0,12,0,20,68,33,20,27,3,161,0,3,0,22,163,194,404,276,185,2129,205,3191
UCL215004,5,41,34,380,8,475,0,0,0,23,0,31,31,0,0,0,0,34,4,0,0,0,0,4,14,4,4,8,0,31,88,39,35,395,10,565,7,0,0,0,0,7,11,5,0,6,0,20,13,3,4,56,0,82,21,4,3,6,0,28,6,0,0,0,0,6,12,0,0,0,0,12,29,13,28,180,5,252,6,6,3,14,0,33,0,0,0,0,0,3,0,0,0,0,0,0,3,0,0,0,0,3,6,0,0,3,0,8,0,0,0,0,0,4,3,4,0,0,0,13,3,0,0,0,0,8,4,0,0,0,0,4,0,0,0,0,0,0,22,19,14,113,0,171,0,0,0,0,0,0,0,0,0,3,0,9,3,0,0,0,0,0,4,0,0,0,0,3,0,0,0,0,0,0,4,0,0,3,0,4,69,10,20,20,0,114,0,0,0,8,153,159,324,91,79,821,176,1491
UCL215005,4,24,17,442,6,495,0,0,0,14,0,13,0,0,0,0,0,0,0,0,0,0,0,0,9,6,4,10,0,29,59,16,28,402,9,503,5,0,0,0,0,5,4,0,0,0,0,4,5,0,0,24,0,33,3,0,0,0,0,3,0,0,0,4,0,11,0,0,0,0,0,0,7,6,6,115,0,127,0,5,0,5,0,8,0,0,0,0,0,0,0,0,0,0,0,0,0,0,0,0,0,0,7,3,0,0,0,6,0,0,0,5,0,7,0,0,3,0,0,4,3,0,0,0,0,7,0,0,0,0,0,0,0,0,0,0,0,0,14,7,11,112,0,141,0,0,0,0,0,0,0,0,0,0,0,0,0,0,0,0,0,0,0,0,0,0,0,0,0,0,0,0,0,0,3,0,6,5,0,11,13,0,4,5,0,21,0,0,0,4,73,80,107,34,39,865,86,1129
UCL215006,15,122,56,884,13,1090,0,0,0,36,0,33,9,0,0,3,0,16,11,0,0,4,3,15,19,4,4,16,0,46,194,88,72,762,10,1129,7,0,4,0,0,8,4,0,4,8,0,13,20,20,9,61,0,116,10,0,0,8,0,21,3,0,4,0,0,13,12,3,3,0,0,12,56,18,17,273,4,371,22,9,6,44,0,78,0,0,0,0,0,0,0,0,0,0,0,0,3,7,0,3,0,9,28,17,3,37,0,82,9,0,0,3,0,13,9,5,0,5,0,14,11,0,3,3,0,24,0,0,0,0,0,0,0,0,0,0,0,0,52,25,9,225,6,314,3,0,3,0,0,8,0,6,0,0,0,3,0,0,0,3,0,6,3,3,0,0,0,4,0,0,0,0,0,0,3,4,0,6,0,14,66,20,10,28,0,130,4,10,3,15,85,112,469,213,118,1690,114,2613
UCL215007,11,101,81,790,13,1000,0,0,0,13,0,13,6,4,0,4,0,13,5,0,7,0,0,7,26,3,7,16,0,55,241,106,85,730,11,1175,0,0,0,0,0,0,0,6,3,11,0,14,29,21,12,53,0,114,5,0,0,0,0,9,8,0,0,0,0,7,10,0,3,3,0,18,50,33,20,257,3,369,17,14,3,40,0,77,0,0,0,0,0,0,0,0,0,0,0,0,0,0,0,0,0,0,3,3,0,4,0,11,0,0,0,0,0,0,15,6,7,0,0,25,16,3,0,14,0,34,0,0,0,3,0,4,0,0,0,0,0,0,60,41,19,256,6,372,0,0,0,0,0,0,6,4,0,0,0,9,0,0,0,0,0,0,0,0,0,0,0,0,0,0,0,0,0,0,12,5,5,14,0,33,45,21,25,23,0,113,0,0,0,8,127,146,434,203,153,1576,158,2528
UCL215008,11,77,53,811,5,958,0,4,0,34,0,36,0,0,0,11,0,11,5,4,0,4,0,11,23,9,3,13,0,56,82,62,57,652,4,856,6,0,0,0,0,6,5,0,0,0,0,11,31,12,5,105,0,155,3,0,0,0,0,5,3,0,0,0,0,6,3,0,0,0,0,3,7,15,11,177,0,215,9,4,4,39,0,55,0,0,0,0,0,0,0,0,0,0,0,0,0,0,0,0,0,0,0,0,0,6,0,8,4,8,3,0,0,14,9,4,0,0,0,10,3,5,0,7,0,10,0,0,0,0,0,0,0,0,0,0,0,0,27,17,11,208,0,261,4,0,0,0,0,4,3,0,4,0,0,7,0,0,0,0,0,0,0,0,0,0,0,5,0,0,0,0,0,0,3,0,0,11,0,17,42,10,8,31,0,88,0,9,0,7,38,50,212,136,91,1471,42,1950
UCL215009,3,18,7,420,3,454,0,0,0,11,0,11,0,0,0,0,0,0,0,0,0,0,0,0,7,7,0,14,0,27,28,14,18,293,9,363,0,0,0,0,0,0,0,0,0,0,0,6,3,0,0,29,0,31,0,0,0,0,0,0,0,0,0,0,0,0,0,0,0,0,0,4,3,4,3,99,0,110,4,0,0,22,0,29,0,0,0,0,0,0,0,0,0,0,0,0,0,0,0,0,0,0,5,0,0,3,0,6,5,0,0,0,0,5,4,0,0,0,0,8,4,0,0,0,0,3,0,0,0,0,0,0,0,0,0,0,0,0,6,7,5,73,0,91,0,0,0,0,0,0,0,0,0,0,0,0,0,0,0,0,0,0,0,0,0,0,0,0,0,0,0,0,0,0,0,0,0,0,0,4,9,0,0,5,0,13,0,0,0,15,66,80,60,44,21,732,75,938
UCL215010,13,126,98,805,4,1046,0,0,0,0,0,3,8,4,3,0,0,18,6,4,0,4,0,13,43,18,11,49,4,122,168,86,62,549,12,886,0,0,0,3,0,4,5,3,0,4,0,7,29,5,3,47,0,85,11,0,0,9,0,22,0,5,0,3,0,10,9,7,8,8,0,24,31,24,12,169,3,238,40,16,3,57,0,112,0,0,0,0,0,0,0,0,0,7,0,7,0,0,0,0,0,0,3,0,4,10,0,15,3,0,0,0,0,3,5,0,0,0,0,10,10,8,0,4,0,12,5,0,0,0,0,10,3,5,0,0,0,6,51,26,22,128,4,223,5,0,0,0,0,8,0,0,0,3,0,9,0,0,0,0,0,4,9,6,0,0,0,12,0,0,0,0,0,0,7,3,0,6,0,12,83,18,22,25,4,152,0,0,0,15,97,115,437,209,159,1355,119,2274
UCL215011,7,28,33,378,11,465,0,0,0,25,0,27,3,0,0,5,0,4,3,0,0,0,0,3,9,0,0,11,0,22,84,32,27,377,18,537,5,0,0,0,0,5,0,0,0,0,0,4,12,3,4,30,0,39,4,0,0,6,0,3,0,0,0,0,0,0,0,0,0,0,0,0,5,5,0,132,0,145,0,3,0,10,0,18,0,0,0,0,0,0,0,0,0,0,0,0,0,0,0,5,0,4,0,0,0,0,0,0,0,0,0,0,0,0,3,0,3,0,0,9,0,0,0,3,0,3,0,0,0,0,0,0,0,0,0,0,0,0,17,10,6,115,4,142,0,0,0,0,0,0,6,0,0,0,0,7,0,0,0,4,0,4,0,0,0,0,0,0,0,0,0,0,0,0,3,0,0,5,0,9,22,6,12,5,0,46,0,0,0,9,86,93,151,53,51,789,116,1166
UCL215012,18,131,97,976,16,1242,0,5,3,27,0,35,12,0,0,9,0,22,9,0,0,4,0,17,32,16,10,20,0,76,206,126,95,1058,14,1488,22,0,0,0,0,24,7,5,0,11,0,28,48,13,12,140,0,218,5,3,0,4,0,10,3,4,0,0,0,10,16,6,0,0,0,17,41,30,36,491,3,601,28,15,3,66,0,114,0,0,0,0,0,0,0,0,0,0,0,0,0,0,0,0,0,0,6,0,0,0,0,4,4,0,0,4,0,12,12,3,0,3,0,16,4,0,0,12,0,22,3,0,0,0,0,3,0,0,0,0,0,0,44,40,18,405,9,507,0,0,0,0,0,3,8,0,0,0,0,8,4,0,0,4,0,9,0,0,0,0,0,0,0,0,0,0,0,0,14,0,0,19,0,34,95,27,28,63,0,209,0,0,0,13,118,137,495,240,179,2214,154,3291
UCL215013,77,151,105,1036,6,1369,0,0,4,43,0,48,33,3,0,3,0,43,19,6,8,18,0,50,16,8,5,32,0,60,195,108,75,735,4,1122,52,0,12,10,0,75,8,0,0,12,0,21,33,15,3,62,0,110,43,15,6,47,0,111,4,0,0,8,0,10,295,7,6,0,0,307,56,28,29,221,0,331,98,36,13,160,0,307,3,0,0,0,0,3,17,0,0,8,0,29,30,5,5,17,0,59,36,19,9,64,0,126,25,4,4,0,0,34,13,0,3,3,0,27,9,0,3,5,0,20,5,0,0,0,0,4,38,0,6,0,0,44,51,15,28,140,0,232,0,0,0,3,0,11,3,0,0,0,0,3,9,3,0,4,0,21,17,0,0,0,0,19,18,0,0,0,0,17,0,4,0,6,0,9,672,58,44,81,4,864,35,7,0,37,151,226,1589,297,210,1895,162,4160
UCL215014,9,49,39,438,6,542,0,0,0,6,0,6,7,0,0,0,0,10,4,0,0,6,0,9,21,7,4,9,0,37,88,54,43,356,8,555,7,0,0,0,0,7,0,0,0,5,0,5,14,4,0,38,0,57,3,0,0,0,0,3,4,0,0,0,0,4,8,0,0,0,0,8,16,12,0,95,0,128,8,4,6,33,0,48,0,0,0,0,0,0,0,0,0,0,0,0,0,0,0,0,0,0,4,0,0,4,0,8,0,0,0,0,0,0,0,0,0,4,0,4,4,4,3,0,0,7,5,0,0,0,0,4,3,0,0,0,0,3,11,14,12,75,0,114,0,0,0,5,0,3,0,0,0,0,0,0,0,0,0,0,0,0,0,0,0,0,0,4,0,0,0,0,0,0,3,0,0,3,0,15,28,15,4,19,0,65,6,0,0,28,30,67,205,108,71,804,44,1231
UCL215015,12,110,80,684,12,897,0,0,0,23,0,21,9,0,0,10,0,23,7,0,0,0,0,5,24,11,9,14,0,56,195,87,77,674,16,1047,3,0,3,0,0,10,10,0,0,8,0,15,52,5,9,69,0,141,12,4,0,4,0,16,0,0,0,0,0,6,8,0,0,0,0,8,35,17,13,234,4,302,43,9,0,52,0,102,0,0,0,0,0,0,3,0,0,0,0,3,0,0,0,0,0,0,0,0,0,5,0,8,7,4,0,0,0,12,7,10,0,0,0,20,16,0,0,6,0,21,3,0,0,4,0,5,0,0,0,0,0,4,42,26,25,221,0,306,0,0,0,0,0,0,0,0,0,0,0,0,4,0,0,4,0,10,0,0,0,0,0,0,0,0,0,0,0,0,5,0,4,7,0,15,111,23,15,30,11,191,0,0,4,11,197,217,503,178,140,1432,233,2481
UCL215016,18,160,103,1516,15,1810,4,6,4,91,4,105,11,0,0,6,0,22,3,0,0,9,0,12,24,16,17,40,0,94,188,146,91,1300,24,1745,10,0,7,0,0,19,3,0,0,3,0,11,43,17,11,122,4,196,16,5,0,9,0,32,0,0,0,6,0,8,6,0,0,0,0,14,33,36,18,417,3,507,45,11,8,69,0,138,0,0,0,0,0,0,0,0,0,0,0,4,10,6,3,5,0,22,26,10,12,22,0,65,8,0,0,0,0,9,5,8,6,4,0,22,15,7,6,9,0,38,5,0,0,0,0,5,6,0,0,0,0,6,56,32,25,351,3,468,6,0,0,0,0,6,5,0,0,0,0,10,0,0,0,0,0,7,0,0,0,0,0,0,0,0,0,0,0,0,11,0,0,9,0,21,75,39,25,60,0,195,5,9,0,47,166,227,515,293,189,2871,207,4076
UCL215017,20,106,74,1053,11,1271,0,3,0,23,0,28,0,0,0,4,0,11,10,5,0,6,0,16,39,18,7,58,0,126,165,100,87,779,18,1138,9,0,10,5,0,20,3,0,0,0,0,10,17,6,13,50,0,84,3,0,0,11,0,18,4,0,0,3,0,8,0,0,0,0,0,6,38,29,13,272,0,360,28,14,0,55,0,102,0,0,0,0,0,0,0,0,0,0,0,0,0,0,0,0,0,4,7,0,4,19,0,24,4,0,0,0,0,3,5,5,0,3,0,17,6,3,0,10,0,26,4,0,0,0,0,6,0,0,0,0,0,0,34,28,18,144,0,221,0,0,0,0,0,0,3,3,0,0,0,5,4,0,0,4,0,6,0,0,0,0,0,4,0,0,0,0,0,4,5,3,0,6,0,17,40,21,8,38,0,107,0,0,0,17,142,170,359,203,146,1834,169,2707
UCL215018,0,86,47,1127,19,1280,0,5,0,29,0,27,5,0,0,0,0,5,0,3,0,0,0,3,22,6,5,9,0,47,87,68,42,1013,25,1230,17,0,0,0,0,22,0,0,0,3,0,7,17,3,3,52,0,80,0,0,0,0,0,4,0,0,0,0,0,0,0,0,0,3,0,0,22,14,9,375,3,427,5,0,6,29,0,39,0,0,0,0,0,0,0,0,0,0,0,0,0,0,0,0,0,0,0,0,0,0,0,0,8,0,0,0,0,6,4,0,0,0,0,9,6,0,0,0,0,6,4,0,0,0,0,4,0,0,0,0,0,0,25,20,11,295,3,362,0,3,0,0,0,0,0,0,0,3,0,0,9,0,0,3,0,16,3,0,0,0,0,3,0,0,0,0,0,0,0,0,0,5,0,11,65,7,0,26,0,108,0,0,0,36,129,169,268,136,80,2228,170,2884
UCL215019,18,84,61,687,21,872,0,4,0,24,3,31,5,0,3,4,0,16,7,0,0,0,0,13,28,8,9,25,0,73,150,84,69,590,26,910,17,0,3,0,0,31,6,3,0,3,0,14,28,12,8,55,0,105,9,9,0,5,0,24,3,0,7,0,0,9,4,0,0,3,0,9,44,19,11,193,3,267,30,9,0,33,4,76,0,0,0,0,0,6,0,0,0,0,0,0,3,0,0,6,0,4,5,0,0,0,0,8,0,0,0,0,0,5,11,12,5,0,0,26,13,0,5,6,0,21,0,0,0,0,0,4,0,0,0,0,0,0,47,25,17,163,0,266,4,0,0,0,0,4,12,3,0,0,0,13,9,0,0,0,0,9,3,0,0,0,0,4,0,0,0,0,0,0,8,0,0,9,0,12,63,16,9,31,0,124,7,0,0,12,247,269,410,183,121,1290,292,2301
UCL215020,4,33,26,505,13,575,0,0,0,20,0,19,3,0,0,0,0,4,5,0,0,0,0,3,11,0,3,3,0,17,59,23,24,454,13,571,9,0,0,0,0,9,0,0,0,0,0,5,4,4,3,43,0,50,0,0,0,0,0,0,0,0,0,0,0,0,25,0,0,0,0,20,15,3,5,164,5,193,3,0,0,0,0,11,0,0,0,0,0,0,0,0,0,0,0,0,0,0,0,0,0,0,3,0,0,3,0,8,10,0,0,0,0,5,5,0,0,0,0,6,3,0,0,0,0,3,0,0,0,0,0,0,0,0,0,0,0,0,16,3,5,135,3,160,3,0,0,0,0,0,3,0,0,0,0,3,0,0,0,3,0,3,0,0,0,0,0,0,0,0,0,0,0,0,0,0,0,7,0,7,39,4,4,4,0,43,0,0,0,16,67,86,168,48,39,986,93,1336
UCL215021,13,45,30,436,9,529,0,0,0,16,0,18,0,0,0,6,0,3,3,3,0,0,0,6,8,8,0,12,0,32,83,43,31,382,5,545,7,0,0,0,0,7,3,0,3,7,0,8,12,4,4,29,0,57,0,0,0,0,0,0,0,0,0,3,0,0,0,0,0,0,0,0,4,7,3,127,4,149,6,3,0,10,0,24,0,0,0,0,0,0,0,0,0,0,0,0,0,0,0,0,0,0,0,0,0,0,0,0,0,3,0,0,0,3,0,5,0,0,0,6,3,0,0,7,0,7,0,0,0,0,0,0,0,0,0,0,0,0,13,5,6,108,0,133,7,0,0,3,0,10,3,0,0,0,0,3,0,0,0,0,0,4,0,0,0,0,0,0,0,0,0,0,0,0,6,0,0,3,0,12,18,10,6,10,0,38,0,0,0,14,64,85,141,84,53,845,86,1208
UCL215022,35,170,124,1597,28,1957,0,3,3,130,3,138,23,0,0,5,0,27,11,0,0,0,0,17,84,28,17,67,0,198,245,159,125,1248,27,1804,35,0,17,7,0,62,0,0,0,11,0,11,53,17,13,107,6,189,4,0,0,4,0,11,7,0,0,5,0,16,20,0,0,0,0,21,46,40,15,353,8,456,45,20,16,71,3,146,0,0,0,0,0,0,5,0,0,0,0,4,3,0,0,0,0,3,20,9,6,45,0,81,14,0,0,0,0,17,8,7,4,3,0,26,33,4,3,13,0,48,8,0,0,0,0,10,0,4,0,0,0,4,84,33,41,330,5,495,4,5,0,3,0,7,3,0,5,0,0,10,7,0,0,0,0,10,3,0,0,0,0,6,0,0,0,0,0,0,5,7,0,24,0,36,163,21,16,39,0,243,12,3,0,41,380,433,810,313,239,2867,455,4679
UCL215023,5,48,18,636,12,715,0,0,0,31,0,30,0,0,0,5,0,6,0,0,0,0,0,0,15,4,11,5,3,40,42,33,18,535,18,651,0,0,0,0,0,0,0,0,0,0,0,0,7,0,0,21,0,26,4,3,4,0,0,10,0,0,0,0,0,0,0,0,0,0,0,0,21,9,5,154,4,189,0,7,0,5,0,11,0,0,0,0,0,0,0,0,0,0,0,0,0,0,0,0,0,0,0,0,0,0,0,6,0,0,0,3,0,7,9,4,0,0,0,7,0,0,0,0,0,0,0,0,0,0,0,0,0,0,0,0,0,0,9,9,3,125,7,144,0,0,0,0,0,0,0,0,0,0,0,3,0,0,0,4,0,4,0,0,0,0,0,0,0,0,0,0,0,0,0,0,0,3,0,3,15,3,4,0,3,29,0,0,0,30,64,95,106,62,44,1195,103,1503
UCL215024,4,34,20,718,19,800,0,0,0,42,0,44,5,0,0,3,0,9,0,0,0,0,0,0,16,4,4,9,0,33,54,38,13,697,21,826,14,0,0,0,0,14,0,0,0,3,0,3,4,0,0,55,0,65,0,0,0,0,0,3,0,0,0,0,0,0,22,0,0,0,0,22,8,9,3,182,6,210,3,3,0,27,4,40,0,0,0,0,0,0,5,0,0,0,0,5,0,0,0,0,0,0,5,0,0,0,0,6,0,0,0,0,0,3,6,0,0,0,0,4,5,0,0,0,0,6,0,0,0,0,0,0,0,0,0,0,0,0,7,12,3,158,5,182,0,0,0,0,0,0,0,0,0,0,0,0,0,0,0,0,0,3,0,0,0,0,0,0,0,0,0,0,0,0,0,4,0,4,0,5,19,10,0,12,0,46,0,0,0,28,119,149,160,73,33,1446,169,1870
UCL215025,10,32,44,293,11,391,0,0,0,10,0,10,6,0,0,3,0,5,4,0,0,6,0,10,24,5,3,19,0,48,134,31,35,266,5,466,0,0,3,0,0,7,6,0,0,3,0,9,19,3,0,17,0,32,7,0,0,0,0,17,0,0,0,0,0,3,0,0,0,0,0,0,30,10,5,77,0,118,8,5,4,23,0,41,0,0,0,0,0,0,0,0,0,0,0,5,0,0,0,0,0,0,13,0,0,0,0,12,5,0,0,0,0,10,0,0,0,0,0,3,5,0,0,0,0,7,5,0,0,0,0,5,0,0,0,0,0,0,21,15,5,75,0,116,3,0,0,0,0,3,3,0,5,0,0,8,0,0,0,0,0,0,3,0,0,0,0,11,0,0,4,0,0,6,3,0,0,0,0,8,43,5,3,12,0,65,7,0,0,15,60,79,276,56,70,574,78,1056
UCL215026,18,52,39,290,9,395,0,0,0,6,0,6,0,0,0,4,0,0,7,8,0,0,0,17,15,3,3,4,0,24,105,51,28,275,8,470,9,0,0,0,0,13,9,0,0,0,0,11,13,4,3,20,0,46,19,0,0,6,0,26,0,0,0,3,0,3,0,0,0,0,0,0,27,11,6,97,3,147,21,10,3,32,5,69,0,0,0,0,0,0,0,0,0,0,0,0,0,0,0,3,0,3,9,3,0,4,0,15,0,0,0,0,0,0,3,0,0,0,0,3,5,0,0,3,0,7,3,0,0,3,0,8,0,0,0,0,0,0,23,15,9,89,4,145,0,0,0,0,0,0,0,0,0,0,0,4,0,0,0,0,0,0,0,0,0,0,0,0,0,0,0,0,0,3,0,0,0,0,0,4,31,3,10,4,0,57,0,0,0,9,77,92,258,93,71,588,99,1108
UCL215027,3,33,14,425,5,479,0,0,0,15,0,18,4,0,0,4,0,9,5,0,0,0,0,7,12,0,4,0,0,24,43,28,16,407,0,492,20,0,0,0,0,24,0,0,0,0,0,5,4,3,3,47,0,54,0,0,0,0,0,0,4,0,0,0,0,3,4,0,0,0,0,4,6,3,5,118,0,141,3,11,0,14,0,29,0,0,0,0,0,0,0,0,0,0,0,0,0,0,0,0,0,0,0,0,0,0,0,3,0,0,0,0,0,0,3,0,0,0,0,4,0,0,0,0,0,0,0,0,0,0,0,0,0,0,0,0,0,0,9,12,9,102,0,133,0,0,0,0,0,4,0,0,0,0,0,0,0,0,0,0,0,0,0,0,0,0,0,0,0,0,0,0,0,0,0,0,0,0,0,0,17,0,0,4,0,27,0,0,0,10,119,134,144,53,30,823,131,1186
UCL215028,11,87,47,909,13,1065,0,0,0,31,0,36,7,0,0,7,0,17,3,3,0,0,0,4,49,11,14,44,0,111,148,77,66,861,20,1164,11,0,4,0,0,12,3,0,6,6,0,8,31,11,11,89,0,137,11,0,0,4,0,15,0,0,0,0,0,3,6,4,0,0,0,9,42,27,13,317,0,395,16,11,4,59,0,84,0,0,0,0,0,0,0,0,0,0,0,5,3,0,0,0,0,0,4,0,0,0,0,7,0,0,0,0,0,0,13,5,0,0,0,24,10,6,0,4,0,14,5,3,0,0,0,4,0,0,0,0,0,0,28,34,11,281,3,360,4,0,0,4,0,8,0,4,0,0,0,4,0,0,0,5,0,3,3,0,0,0,0,3,0,0,0,0,0,0,4,7,0,15,0,25,65,12,0,27,0,102,5,5,0,28,263,297,374,166,101,1858,295,2794
UCL215029,17,128,71,841,14,1070,0,3,0,36,0,36,29,0,0,13,0,49,17,0,0,0,0,22,39,10,13,15,0,86,287,146,90,1031,20,1577,6,0,0,0,0,13,16,0,0,12,0,35,55,22,12,107,0,192,19,5,0,7,0,31,10,0,0,0,0,15,28,6,0,0,0,33,74,41,21,516,8,663,69,36,11,131,0,249,0,0,0,0,0,0,4,0,0,3,0,8,5,5,0,0,0,10,13,0,4,11,0,34,0,5,0,0,0,4,4,3,8,0,0,12,21,9,0,4,0,38,12,0,4,3,0,18,0,0,0,0,0,0,81,35,17,451,5,589,17,0,0,0,0,21,9,0,0,0,0,17,5,0,0,0,0,12,3,0,0,0,0,4,0,0,0,0,0,0,14,7,3,10,0,31,198,31,27,61,4,316,5,0,0,27,246,275,844,280,157,2162,289,3732
UCL215030,5,27,28,468,6,536,0,0,0,42,0,42,0,0,0,0,0,10,0,0,0,0,0,4,11,3,4,4,0,26,49,38,18,440,13,558,5,0,3,0,0,7,0,0,0,3,0,3,8,7,3,141,4,162,0,0,0,0,0,0,4,0,0,0,0,0,0,0,0,0,0,0,10,12,4,117,0,141,3,3,0,10,0,12,0,0,0,0,0,0,0,0,0,0,0,0,0,0,0,0,0,0,0,0,0,0,0,0,0,0,0,0,0,0,0,0,0,0,0,0,0,0,0,5,0,5,0,0,0,0,0,0,0,0,0,0,0,0,8,11,3,128,0,156,0,0,0,0,0,0,0,0,0,0,0,0,0,0,0,0,0,0,0,0,0,0,0,4,0,0,0,0,0,0,3,0,0,0,0,6,12,9,0,9,0,39,0,0,0,11,74,86,113,61,38,1001,98,1315
UCL215031,0,31,22,485,13,557,0,0,0,25,0,23,3,0,0,3,0,8,0,0,0,0,0,0,4,4,3,5,0,19,49,28,25,460,7,574,21,0,0,0,0,21,0,0,0,4,0,4,3,3,0,42,3,53,0,0,0,0,0,4,4,0,0,0,0,4,10,0,0,0,0,10,9,5,4,164,6,184,10,0,3,22,0,33,0,0,0,0,0,0,0,0,0,0,0,0,0,0,0,0,0,0,0,0,0,0,0,0,0,0,0,0,0,4,3,0,0,0,0,3,3,0,0,0,0,5,0,0,4,0,0,5,0,0,0,0,0,0,12,13,5,146,6,171,0,0,0,0,0,4,0,0,0,0,0,5,4,0,0,0,0,4,0,0,0,0,0,0,0,0,0,0,0,0,0,4,0,3,0,8,30,3,8,23,0,62,12,0,0,10,101,120,153,54,35,1010,127,1375
UCL215032,20,78,56,1137,21,1312,0,0,0,54,4,59,22,0,3,8,0,30,0,4,0,0,0,4,17,6,4,3,0,32,121,66,54,1057,24,1323,30,0,0,0,0,34,0,0,0,12,0,13,13,7,5,73,0,99,4,0,0,3,0,8,3,0,0,9,0,8,9,0,0,0,0,9,28,20,9,412,7,486,8,0,0,32,0,43,0,0,0,0,0,0,0,0,0,0,0,0,0,0,0,0,0,0,0,0,0,3,0,6,0,0,0,3,0,8,0,0,0,0,0,3,0,0,0,11,0,16,5,0,0,3,0,4,0,0,0,0,0,0,27,23,15,312,8,387,0,0,0,0,0,0,0,0,0,0,0,0,0,0,0,7,0,10,0,0,0,0,0,0,0,0,0,0,0,0,0,4,0,9,0,18,59,9,12,33,0,112,5,3,0,40,220,266,318,131,89,2314,267,3116
UCL215033,7,125,95,938,4,1174,0,0,0,46,0,46,20,0,8,9,0,33,20,4,0,7,0,40,9,9,5,34,0,52,208,116,75,638,3,1033,50,5,14,3,0,71,4,0,0,3,0,8,24,11,6,79,0,122,5,5,0,3,0,22,5,0,0,0,0,8,27,6,4,0,0,39,53,18,15,186,0,270,36,24,14,81,0,152,4,0,0,0,0,4,6,0,0,9,0,15,3,0,0,0,0,11,44,24,21,62,0,144,13,0,5,0,0,25,10,0,0,0,0,18,30,9,3,20,0,58,5,4,0,4,0,14,3,0,0,0,0,10,68,32,15,187,0,299,3,3,0,3,0,17,7,3,5,3,0,17,4,0,0,3,0,6,6,0,0,0,0,8,9,0,3,0,4,12,19,0,7,10,0,32,141,35,15,39,0,236,16,0,0,16,41,74,688,244,189,1649,56,2826
UCL215034,6,45,31,425,10,507,0,3,0,18,3,21,5,0,0,3,0,8,0,0,0,4,0,3,22,7,0,6,0,41,90,46,32,365,9,543,15,0,0,0,0,15,9,0,0,0,0,9,12,0,0,22,0,38,0,0,0,0,0,4,0,0,0,0,0,0,0,0,0,0,0,0,25,11,12,127,7,173,15,4,0,22,0,43,0,0,0,0,0,0,0,0,0,0,0,0,0,0,0,0,0,0,0,0,0,0,0,4,0,0,0,0,0,0,3,4,0,3,0,8,3,0,0,0,0,4,0,0,0,0,0,0,0,0,0,0,0,0,25,17,9,111,5,162,0,0,0,0,0,0,0,0,0,0,0,0,3,0,0,0,0,3,0,0,0,0,0,0,0,0,0,0,0,0,10,0,0,3,0,6,28,3,0,15,0,50,12,0,0,9,108,127,233,84,42,813,133,1308
UCL215035,10,81,70,618,6,784,0,6,0,19,0,17,0,0,0,3,0,3,3,0,0,0,0,3,30,7,15,23,4,77,78,69,46,460,11,665,10,0,3,0,0,12,0,0,0,0,0,4,17,0,4,34,0,54,3,0,0,7,0,8,3,0,0,0,0,0,6,6,0,0,0,14,23,23,8,154,5,216,15,11,5,19,0,39,0,0,0,0,0,0,0,0,0,0,0,0,3,0,0,0,0,3,3,6,3,3,0,19,0,0,5,0,0,8,3,0,0,0,0,4,4,6,0,0,0,15,0,0,0,0,0,4,0,0,0,0,0,0,21,11,10,105,0,140,0,0,0,0,0,3,0,7,0,0,0,7,0,0,0,0,0,0,4,0,0,0,0,4,0,0,0,0,0,0,6,0,0,9,0,12,24,9,11,10,0,53,0,0,0,28,86,117,211,140,104,1081,109,1644
UCL215036,4,65,35,414,5,526,0,0,7,18,0,24,8,0,0,0,0,6,4,0,0,0,0,5,11,9,0,18,0,40,101,59,30,324,11,521,0,0,0,0,0,0,0,0,0,3,0,6,19,4,0,26,0,50,0,0,0,4,0,7,0,0,0,0,0,6,0,0,0,0,0,0,17,8,0,112,3,147,13,11,4,40,0,65,0,0,0,0,0,0,0,0,0,0,0,0,0,0,0,0,0,0,4,0,0,3,0,6,0,0,0,0,0,0,6,0,3,0,0,11,0,0,0,0,0,0,3,0,0,3,0,4,0,0,0,0,0,0,15,13,3,82,0,115,3,0,4,0,0,5,3,0,0,0,0,3,0,0,0,0,0,0,0,0,0,0,0,0,4,0,0,0,0,4,8,0,4,0,0,19,35,5,3,8,0,57,0,0,0,10,103,107,208,102,59,737,125,1226
UCL215037,5,58,35,384,10,487,0,0,0,21,0,24,3,0,0,0,0,5,0,0,0,0,0,4,24,10,6,15,3,51,155,71,42,361,12,649,4,0,0,0,0,4,0,0,0,0,0,3,13,8,0,19,0,45,10,5,3,3,0,15,3,0,0,6,0,12,3,0,0,0,0,3,31,13,16,89,3,145,14,7,6,19,0,44,0,0,0,0,0,0,0,0,0,0,0,0,0,0,0,6,0,6,0,0,0,0,0,4,8,0,3,0,0,11,5,0,0,0,0,7,4,0,4,0,0,7,0,0,0,0,0,7,0,5,0,0,0,4,32,16,8,91,0,145,0,0,0,0,0,0,0,0,0,0,0,4,0,0,0,0,0,0,0,0,0,0,0,0,3,0,0,0,0,3,8,0,0,4,0,18,35,5,7,7,0,58,0,0,0,7,73,87,303,125,80,747,98,1357
UCL215038,16,57,31,570,18,685,0,0,3,31,0,31,9,0,0,5,3,9,4,0,0,0,0,4,17,4,4,3,0,29,111,43,29,561,22,774,11,0,3,0,0,16,4,0,0,6,0,6,20,0,4,49,0,80,6,0,0,6,0,22,5,0,0,0,0,5,3,0,0,0,0,3,16,11,10,254,0,295,16,0,5,38,0,60,0,0,0,0,0,0,0,0,0,0,0,0,0,0,0,0,0,0,10,0,0,0,0,9,0,0,0,0,0,0,0,0,0,0,0,4,6,0,0,0,0,7,0,0,0,5,0,4,0,0,0,0,0,0,26,13,11,154,0,200,0,0,0,0,0,3,3,0,0,0,0,0,0,0,0,0,0,0,0,0,0,0,0,0,0,0,0,0,0,0,3,0,0,9,0,11,34,8,7,15,0,67,5,0,0,7,169,181,270,87,60,1213,215,1844
UCL215039,10,43,30,575,14,672,0,0,0,29,0,27,3,0,0,8,0,11,3,0,0,5,0,11,13,9,5,10,0,38,68,31,26,464,14,604,0,0,0,0,0,5,0,0,3,0,0,5,5,3,0,32,0,43,0,0,0,0,0,0,0,0,0,0,0,0,3,0,0,0,0,3,11,9,4,164,0,191,8,0,0,17,0,31,0,0,0,0,0,0,0,0,0,0,0,0,0,0,0,0,0,0,0,0,0,0,0,0,5,0,0,0,0,6,0,3,0,0,0,8,12,0,0,4,0,17,0,0,0,0,0,0,4,0,0,0,0,4,13,12,6,112,4,136,0,0,0,0,0,0,0,0,0,0,0,0,0,0,0,0,0,0,0,0,0,0,0,0,0,0,3,0,0,3,6,0,0,3,0,13,26,7,7,9,0,56,5,0,0,21,128,154,170,73,51,1075,157,1529
UCL215040,5,28,22,478,17,538,0,4,4,95,5,108,0,0,0,0,0,0,0,0,0,0,0,0,16,3,0,6,0,20,48,24,27,402,5,504,7,0,5,0,0,8,0,0,0,0,0,3,4,6,0,44,0,58,4,0,0,8,0,8,3,0,0,0,0,4,0,0,0,0,0,0,8,6,4,98,0,120,0,0,0,7,0,13,0,0,0,0,0,0,0,0,0,0,0,0,0,0,0,0,0,0,8,0,0,11,0,24,4,0,0,6,0,7,0,0,3,0,0,4,0,0,0,0,0,5,0,0,0,0,0,0,0,0,0,6,0,3,15,3,5,89,0,121,0,0,0,0,0,0,0,0,0,0,0,0,0,0,0,0,0,3,0,0,0,0,0,0,7,0,0,0,0,7,0,0,0,3,0,3,16,7,7,6,0,32,0,0,0,18,147,164,120,48,49,933,173,1328
UCL215041,26,69,50,1420,28,1599,0,0,0,132,4,137,8,0,0,9,0,14,3,0,0,0,0,4,14,0,4,12,0,36,116,74,74,1392,38,1689,19,0,4,0,0,28,0,0,0,5,0,5,22,3,9,117,0,150,8,0,0,12,0,24,3,0,0,3,0,8,17,0,0,0,0,17,15,14,14,347,5,397,14,8,0,53,0,76,0,0,0,0,0,0,0,0,0,0,0,0,0,0,0,0,0,0,3,0,0,0,0,3,7,0,0,0,0,7,8,3,0,0,0,11,4,0,0,4,0,5,0,0,0,0,0,0,0,0,0,0,0,0,25,31,20,356,6,432,0,0,0,0,0,0,8,8,0,0,0,12,0,0,0,3,0,3,0,0,0,0,0,0,0,0,0,0,0,0,4,0,0,9,0,9,75,13,0,23,4,113,9,0,0,38,217,259,324,140,102,2842,286,3696
UCL215042,11,74,41,405,16,551,0,4,0,29,0,32,6,0,0,0,0,6,0,4,0,5,0,12,7,5,0,10,0,29,79,66,28,387,9,570,0,0,0,0,0,0,3,0,0,9,0,17,15,16,3,28,0,53,4,0,0,6,0,15,5,0,0,0,0,7,0,0,0,0,0,0,13,12,8,124,3,164,16,6,8,31,0,58,0,0,0,0,0,0,0,0,0,0,0,4,9,3,0,0,0,7,9,0,3,7,0,19,0,0,0,0,0,0,0,0,0,0,0,6,4,0,0,0,0,13,0,0,0,0,0,0,0,0,0,0,0,0,20,12,14,90,0,129,0,0,0,0,0,3,6,0,0,0,0,6,0,0,0,0,0,0,0,0,0,0,0,0,0,0,0,0,0,0,4,0,0,3,0,10,23,4,10,10,0,51,0,0,0,10,70,76,178,125,72,776,96,1247
UCL215043,18,140,115,1205,24,1504,0,0,4,51,3,54,0,0,0,4,0,6,5,0,0,3,0,9,30,17,11,61,4,128,194,131,119,1008,14,1464,12,0,3,5,0,20,3,0,0,10,0,13,27,20,7,70,0,126,5,0,0,16,0,16,8,0,0,5,0,8,23,3,0,3,0,32,27,23,28,261,4,338,66,22,12,87,0,193,0,0,0,0,0,0,0,0,0,0,0,0,0,0,0,0,0,0,5,3,0,5,0,15,8,8,0,0,0,18,12,4,4,6,0,35,5,8,0,3,0,15,0,5,0,0,0,7,0,0,0,0,0,0,33,26,22,224,5,308,4,0,0,0,0,8,7,0,0,0,0,7,0,0,0,3,0,3,8,3,0,6,0,20,0,0,0,0,0,0,11,0,0,13,0,23,112,21,16,32,0,192,13,4,4,22,110,148,516,255,209,2206,154,3336
UCL215044,5,43,27,633,8,717,0,0,0,43,4,44,0,0,0,4,0,4,0,0,0,0,0,4,10,6,4,8,0,23,73,38,22,576,19,733,4,0,0,0,0,14,5,0,0,0,0,3,9,4,0,66,0,74,3,0,0,0,0,4,0,0,0,0,0,0,7,0,0,0,0,5,13,11,13,332,5,370,3,3,5,7,0,18,0,0,0,0,0,0,0,0,0,0,0,0,0,0,0,0,0,0,0,0,0,3,0,8,0,0,0,0,0,4,3,0,0,0,0,9,0,0,0,0,0,3,0,0,0,0,0,0,0,0,0,0,0,0,13,6,5,162,0,190,0,0,0,0,0,0,0,0,0,0,0,5,0,0,0,0,0,0,0,0,0,0,0,0,0,0,0,0,0,0,0,0,0,3,0,8,28,6,8,8,0,55,0,0,0,11,68,85,148,79,56,1317,101,1705
UCL215045,23,137,101,1352,22,1637,0,0,0,34,4,38,19,0,3,16,0,41,7,4,0,5,0,8,48,18,12,38,4,114,223,124,83,1221,20,1670,20,0,0,0,0,22,9,4,0,11,0,19,32,11,12,124,0,173,4,0,0,9,0,16,8,0,0,4,0,11,28,6,0,9,0,36,35,30,11,305,0,382,89,11,9,100,9,214,3,0,0,0,0,3,4,0,0,0,0,9,0,0,0,0,0,0,7,3,0,8,0,13,9,0,0,4,0,14,3,3,11,0,0,16,3,3,0,12,0,16,3,0,0,4,0,9,0,0,0,4,0,9,41,37,18,337,4,441,0,0,0,0,0,0,7,0,0,0,0,6,3,0,0,4,0,11,5,0,0,0,0,5,8,0,6,0,0,15,17,5,0,13,0,36,87,36,21,48,3,198,5,4,9,29,181,232,619,262,176,2578,233,3869
UCL215046,4,54,61,593,20,734,0,0,0,16,0,17,4,0,0,5,0,11,7,0,0,3,0,7,12,4,10,18,0,38,94,62,62,462,19,691,20,0,0,0,0,24,4,0,0,0,0,10,16,3,7,36,0,63,3,0,0,11,0,17,0,0,0,0,0,5,0,0,0,0,0,6,21,18,23,221,9,288,13,15,3,38,0,74,0,0,0,0,0,0,0,0,0,0,0,0,4,0,0,5,0,8,5,5,3,9,0,28,0,0,0,6,0,9,7,5,3,0,0,16,3,4,0,0,0,8,5,0,0,0,0,3,0,0,0,0,0,5,35,14,11,153,0,218,4,0,0,0,0,5,0,0,0,0,0,3,6,0,0,6,0,10,0,0,0,0,0,0,0,0,0,0,0,0,0,0,0,10,0,9,40,10,6,22,0,67,0,0,0,11,72,93,251,113,104,1113,118,1691
UCL215047,22,94,66,853,19,1050,0,0,0,20,0,22,3,0,0,8,0,13,10,0,0,8,0,12,23,6,7,37,0,69,133,70,69,588,14,877,3,0,0,0,0,3,4,0,0,0,0,10,22,10,0,44,0,75,10,0,5,9,0,25,3,0,0,0,0,6,6,0,0,3,0,11,34,15,15,119,0,180,21,7,3,57,0,95,0,0,0,0,0,0,0,0,0,4,0,4,0,0,0,0,0,0,3,0,5,9,0,10,6,0,8,0,0,15,4,0,6,0,0,11,9,4,0,6,0,14,0,0,0,0,0,0,5,0,0,0,0,5,26,17,11,155,5,221,0,0,0,0,0,0,0,0,0,0,0,0,0,0,0,4,0,3,0,0,0,0,0,4,0,0,0,0,0,0,5,0,0,3,0,8,68,19,11,29,3,125,0,0,0,22,103,131,318,147,119,1431,141,2153
UCL215048,9,65,50,784,19,925,0,0,0,28,0,27,11,0,0,0,0,18,5,0,0,6,0,5,19,12,5,31,0,70,115,60,59,544,12,789,4,0,0,0,0,4,0,0,0,3,0,0,16,3,0,40,8,60,0,0,0,6,0,7,6,0,0,3,0,11,25,0,0,0,0,25,24,9,12,147,8,190,7,9,3,43,0,59,0,0,0,0,0,0,0,0,0,0,0,0,0,0,0,0,0,0,3,3,0,9,0,11,3,0,0,5,0,4,13,4,4,0,0,20,3,0,0,3,0,9,0,0,0,0,0,0,0,0,0,0,0,0,27,13,17,114,0,174,0,0,0,0,0,0,0,0,0,0,0,0,6,3,0,3,0,10,13,0,0,0,0,13,0,0,0,0,0,3,4,0,0,0,0,6,58,18,9,19,0,95,0,0,0,20,137,164,299,114,89,1249,172,1923
UCL215049,0,24,23,289,6,336,0,0,0,15,0,15,15,0,0,0,0,17,4,0,0,0,0,3,7,5,0,3,0,12,58,45,37,387,5,529,5,0,0,0,0,5,0,0,0,0,0,5,13,5,8,26,0,50,16,4,0,5,0,25,0,0,0,5,0,8,5,0,0,0,0,5,21,13,5,182,0,214,22,0,0,13,0,37,0,0,0,0,0,0,0,0,0,0,0,0,0,0,0,0,0,0,5,0,0,3,0,7,8,0,0,0,0,10,4,0,5,0,0,8,5,0,0,0,0,9,0,0,0,0,0,0,0,0,0,0,0,0,14,12,12,145,0,189,0,0,0,0,0,0,0,0,0,0,0,7,0,0,0,0,0,3,0,0,0,0,0,0,7,0,0,0,0,7,3,0,0,0,0,4,61,16,9,21,0,99,3,0,0,10,109,124,240,71,63,768,111,1248
UCL215050,20,119,135,843,10,1127,0,0,3,15,0,17,11,4,9,9,0,32,10,0,4,0,0,17,30,15,3,29,0,80,234,121,93,754,13,1208,3,0,0,0,0,3,5,0,3,9,0,19,45,11,5,82,0,148,23,0,4,8,0,35,7,0,0,0,0,11,8,5,0,0,0,11,63,40,27,368,6,505,34,6,13,69,0,122,6,0,0,0,0,6,0,5,0,0,0,5,4,0,0,0,0,8,12,16,4,18,0,49,0,0,0,0,0,3,9,7,3,0,0,18,26,0,3,11,0,41,3,0,0,3,0,9,0,0,0,0,0,0,69,28,31,263,0,394,4,0,0,0,0,4,7,4,3,0,0,18,0,0,3,6,0,6,0,0,0,0,0,5,9,0,5,0,0,15,16,4,0,16,0,33,109,27,40,43,0,220,3,0,4,16,148,169,588,231,208,1719,178,2926
UCL215051,15,140,81,1764,18,2019,0,4,5,73,0,77,9,0,6,11,0,33,4,5,5,3,0,14,42,23,10,49,0,125,176,131,85,1594,34,2018,11,0,0,0,0,10,6,0,0,14,0,20,29,13,8,123,0,168,0,3,0,10,0,17,6,0,0,0,0,7,25,0,0,0,0,24,37,20,17,459,6,537,14,9,3,64,0,84,0,0,0,0,0,0,0,0,0,5,0,4,0,0,0,0,0,0,3,0,0,3,0,9,8,0,0,3,0,10,6,4,0,0,0,18,18,0,0,12,0,37,6,0,0,3,0,6,0,0,0,0,0,0,43,27,17,430,4,523,0,0,0,0,0,0,3,0,0,0,0,5,4,0,0,0,0,4,0,0,0,0,0,0,16,0,0,0,0,16,3,3,0,17,0,22,80,19,16,68,3,188,3,4,0,58,216,282,459,240,149,3428,271,4548
UCL215052,0,49,34,381,14,476,0,0,0,9,0,9,0,0,0,5,0,5,3,0,0,0,0,4,32,0,3,4,0,38,147,57,42,459,0,705,6,0,0,0,0,6,7,0,0,9,0,19,11,8,5,42,0,64,5,0,0,0,0,5,3,3,0,0,0,14,7,0,0,0,0,3,28,14,12,210,0,259,4,5,0,21,0,33,0,0,0,0,0,0,0,0,0,0,0,0,0,0,0,0,0,0,3,0,0,0,0,4,0,0,0,0,0,0,3,3,5,0,0,14,5,0,0,0,0,10,0,0,0,6,0,0,0,0,0,0,0,0,18,10,7,165,0,202,0,0,0,0,0,0,4,0,0,0,0,5,0,0,0,0,0,5,0,0,0,0,0,0,0,0,0,0,0,3,11,7,0,5,0,18,35,12,6,13,0,61,0,0,0,17,48,62,251,101,67,907,59,1381
UCL215053,10,167,107,1314,23,1622,0,3,0,44,0,49,26,0,5,6,0,41,5,6,0,0,0,3,36,17,18,25,0,90,193,129,107,1237,11,1673,4,0,3,0,0,9,10,0,4,9,0,26,67,19,16,121,0,229,3,9,0,13,0,24,7,0,0,0,0,10,4,0,0,0,0,7,53,29,26,505,0,621,28,20,14,54,0,108,0,0,0,0,0,6,0,0,0,7,0,7,0,0,0,3,0,8,0,6,0,9,0,13,4,0,6,3,0,8,11,10,0,6,0,29,8,6,0,6,0,23,8,0,0,5,0,7,0,0,0,0,0,0,64,41,29,404,5,545,5,0,0,0,0,5,5,3,0,0,0,6,3,4,0,5,0,10,0,0,0,0,0,6,0,0,0,0,0,0,9,3,0,18,0,31,135,28,23,54,0,241,0,0,0,26,214,245,566,282,205,2696,251,3999
UCL215054,5,51,30,773,21,874,0,4,0,101,3,107,0,0,0,0,0,4,11,5,0,4,0,22,12,5,4,4,0,16,56,53,27,759,33,921,6,0,3,0,0,10,3,4,0,5,0,13,17,8,0,87,0,112,4,0,0,0,0,9,0,4,0,0,0,3,6,0,0,0,0,3,11,6,0,171,3,197,16,11,3,36,0,68,0,0,0,0,0,0,0,0,0,0,0,0,0,0,0,0,0,0,0,0,0,0,0,5,0,0,0,0,0,3,4,4,0,3,0,10,0,0,0,0,0,5,0,0,0,0,0,0,0,0,0,0,0,0,25,6,5,162,3,202,0,0,0,0,0,3,0,0,0,3,0,4,0,0,0,0,0,0,0,0,0,0,0,0,0,0,0,0,0,0,0,0,5,3,0,14,34,14,9,18,8,83,4,5,3,24,162,193,176,96,51,1532,226,2077
UCL215055,15,42,40,447,11,555,0,0,0,19,0,19,3,0,0,7,0,9,4,0,0,0,0,4,30,3,7,13,0,52,180,49,44,463,8,745,7,0,0,0,0,7,0,0,0,5,0,5,24,3,4,35,0,72,6,0,0,6,0,10,3,0,0,0,0,9,4,0,0,0,0,5,31,9,5,141,0,191,14,6,0,19,0,48,0,0,0,0,0,0,0,0,0,4,0,3,0,0,0,0,0,0,4,0,0,0,0,8,0,0,0,0,0,0,3,0,0,0,0,9,5,0,0,0,0,5,0,0,0,0,0,0,0,0,0,0,0,0,45,11,11,162,6,230,0,0,0,0,0,0,10,0,0,0,0,10,3,0,0,0,0,3,0,0,0,0,0,0,3,0,3,0,0,6,11,4,0,9,0,18,42,0,3,12,0,67,0,0,0,15,91,103,363,90,77,964,111,1605
UCL215056,13,78,52,478,7,626,0,0,0,17,0,19,3,0,0,4,0,6,4,0,0,0,0,3,26,0,0,11,0,40,122,66,50,439,16,696,10,0,0,0,0,9,7,0,0,4,0,9,24,13,5,47,0,95,0,0,0,3,0,10,5,0,0,4,0,13,3,0,0,0,0,5,19,11,6,135,3,174,11,5,0,27,0,42,0,0,0,0,0,0,0,0,0,0,0,0,4,0,0,0,0,4,0,0,0,0,0,5,4,0,0,3,0,11,3,0,3,0,0,5,12,4,0,0,0,14,0,0,0,0,0,3,0,0,0,0,0,0,20,18,9,118,0,164,0,0,0,0,0,0,0,0,0,0,0,3,0,0,0,0,0,7,0,0,0,0,0,0,0,0,0,0,0,0,3,0,0,0,0,6,39,15,8,20,0,89,3,0,0,17,161,175,266,119,91,915,181,1584
UCL215057,10,61,55,589,11,727,0,0,0,12,0,11,7,0,0,0,0,10,5,0,0,0,0,5,30,13,6,20,0,80,129,74,42,559,9,818,5,0,4,0,0,8,0,3,0,3,0,10,19,5,3,41,0,70,0,0,0,0,0,0,9,3,0,3,0,10,3,0,0,0,0,3,19,10,13,158,5,198,35,9,5,32,0,82,0,0,0,0,0,0,0,0,0,0,0,0,0,0,0,0,0,0,0,0,0,0,0,0,0,0,0,3,0,6,12,5,0,0,0,11,3,3,0,5,0,13,3,0,0,0,0,6,0,0,0,0,0,0,28,17,23,149,5,217,0,0,0,0,0,0,0,0,0,0,0,0,0,0,0,3,0,3,0,0,0,0,0,0,3,0,0,0,0,4,5,0,0,5,0,11,21,8,14,10,0,51,4,0,0,4,94,101,280,117,100,1130,119,1752
UCL215058,3,31,28,417,10,487,0,0,4,12,0,16,6,0,0,0,0,3,0,0,6,4,0,3,10,6,0,8,0,24,64,38,28,415,12,556,9,0,0,0,0,9,4,0,0,0,0,4,9,3,3,24,0,43,0,0,0,0,0,0,0,0,0,0,0,0,0,0,0,0,0,0,7,11,8,111,4,140,3,0,0,6,0,13,0,0,0,0,0,0,0,0,0,0,0,0,0,0,0,0,0,0,3,3,0,5,0,9,3,0,0,0,0,7,5,0,0,0,0,11,0,0,0,0,0,3,0,0,0,0,0,0,0,0,0,0,0,0,21,7,7,129,0,158,0,0,0,0,0,6,0,0,0,0,0,0,0,0,0,0,0,3,0,0,0,0,0,0,0,0,0,0,0,0,0,0,0,0,0,0,18,6,7,9,0,33,0,0,0,5,60,65,135,58,48,827,82,1147
UCL215059,10,94,66,650,15,832,0,0,4,5,0,11,12,0,4,7,0,29,5,0,0,7,0,13,32,7,4,7,0,53,159,71,64,651,7,958,4,0,5,0,0,14,15,0,3,8,0,29,51,11,9,97,0,167,4,0,0,3,0,8,4,0,0,0,0,10,10,0,4,0,5,17,32,16,7,222,8,284,34,12,0,45,0,90,3,0,0,0,0,0,0,0,0,3,0,7,3,0,0,4,0,7,3,0,0,0,0,5,4,3,4,3,0,15,14,6,0,4,0,21,4,4,0,6,0,20,3,0,0,0,0,3,0,0,0,0,0,0,57,23,19,207,0,313,3,0,0,0,0,3,0,0,0,0,0,0,0,0,0,0,0,3,0,0,0,0,0,0,4,0,0,0,0,4,14,0,0,8,0,23,131,21,12,35,3,204,6,0,0,5,108,121,487,156,125,1336,137,2249
UCL215060,12,83,41,853,21,1018,0,0,6,27,0,38,10,0,0,15,0,23,7,3,0,0,0,10,35,3,8,17,0,68,117,103,43,778,14,1059,58,0,4,0,0,60,7,3,0,0,0,11,28,13,3,72,0,115,4,0,0,0,0,7,0,3,0,0,0,3,15,0,0,0,0,20,22,34,9,253,4,310,273,44,21,197,7,541,0,0,0,0,0,0,0,4,0,0,0,3,0,0,0,0,0,0,0,0,0,7,0,4,6,0,0,0,0,5,6,5,0,7,0,14,4,0,0,4,0,13,4,0,3,0,0,9,0,0,0,0,0,0,38,16,18,218,7,301,0,0,0,0,0,0,4,0,3,0,0,6,10,0,0,4,0,18,0,0,0,0,0,0,3,3,0,0,0,8,0,0,0,3,0,16,98,16,7,26,3,147,6,0,0,8,114,128,660,198,97,1726,169,2846
UCL215061,7,45,40,704,18,823,0,0,0,51,0,51,13,0,0,0,0,17,0,0,0,0,0,0,10,4,3,3,4,19,98,31,34,644,21,823,12,0,6,0,0,15,3,0,0,3,0,8,8,7,0,52,0,71,0,3,0,4,0,8,0,0,0,0,0,4,7,0,0,0,0,7,20,20,9,231,5,282,31,4,8,33,0,70,0,0,0,0,0,0,0,0,0,0,0,0,0,0,0,4,0,3,4,0,0,3,0,10,9,0,0,0,0,5,0,3,0,0,0,3,10,0,0,3,0,17,0,0,0,0,0,0,0,0,0,0,0,0,20,6,5,177,3,218,0,0,0,0,0,0,0,0,0,0,0,0,0,0,0,0,0,0,0,0,0,0,0,0,0,0,0,0,0,4,3,0,0,5,0,3,48,0,7,13,0,73,9,0,0,23,151,190,280,83,64,1407,202,2036
UCL215062,0,48,17,614,13,688,0,0,0,55,0,54,7,0,0,0,0,11,0,0,0,0,0,0,15,0,3,13,0,25,47,42,27,553,11,684,16,0,0,0,0,16,0,0,0,8,0,8,8,0,4,30,0,42,3,3,0,0,0,11,0,0,0,0,0,0,0,0,0,0,0,0,10,6,8,192,5,224,11,4,0,21,0,37,0,0,0,0,0,0,0,0,0,0,0,0,0,0,0,0,0,0,6,0,0,3,0,9,3,0,0,0,0,3,3,4,0,0,0,7,0,0,0,0,0,0,0,0,0,0,0,0,0,0,0,0,0,0,12,10,10,135,5,165,0,0,0,0,0,0,4,0,0,0,0,3,0,0,0,0,0,0,0,0,0,0,0,0,0,0,0,0,0,0,5,0,0,0,0,7,17,9,3,14,0,44,3,0,0,9,60,73,144,71,41,1190,83,1529
UCL215063,3,36,32,387,5,467,0,0,3,10,0,16,3,0,0,0,0,7,4,0,0,0,0,3,8,0,3,21,6,40,70,45,35,319,12,480,0,0,0,0,0,0,4,0,0,7,0,8,11,3,3,26,0,52,0,0,0,4,0,6,0,0,0,0,0,0,0,0,0,0,0,0,16,0,14,117,0,147,9,0,3,18,0,21,0,0,0,0,0,0,0,0,0,0,0,0,0,0,3,0,0,0,4,0,0,0,0,4,0,5,0,0,0,3,6,3,0,0,0,10,4,5,0,0,0,6,0,3,0,0,0,3,0,0,0,0,0,0,17,11,7,101,3,142,0,0,0,0,0,0,0,0,0,0,0,0,0,0,0,6,0,5,0,0,0,0,0,0,0,0,0,0,0,0,3,0,5,0,0,12,12,3,0,9,0,29,0,0,0,14,51,61,158,71,64,719,71,1081
UCL215064,10,26,26,606,22,685,0,0,0,19,0,20,4,0,0,3,0,9,0,0,0,0,0,0,8,0,4,3,0,14,71,35,20,577,12,721,22,0,5,0,0,28,3,0,0,5,0,8,11,3,5,226,0,242,0,0,0,0,0,3,0,0,0,0,0,0,29,0,0,0,0,29,14,0,0,118,0,125,4,0,0,18,0,21,0,0,0,0,0,0,0,0,0,0,0,0,0,0,0,0,0,0,0,0,0,0,0,0,0,0,0,0,0,0,0,0,0,0,0,4,0,0,0,7,0,11,0,0,0,0,0,0,4,0,0,0,0,4,15,10,4,147,0,172,0,0,0,0,0,0,10,4,0,0,0,9,0,0,0,0,0,0,0,0,0,0,0,0,3,0,0,0,0,6,0,0,0,0,0,6,277,3,0,10,4,293,0,0,0,23,121,149,440,54,34,1257,160,1949
UCL215065,15,97,69,1407,23,1609,0,0,0,74,0,74,19,0,0,6,0,23,0,0,0,0,0,5,34,7,3,13,0,61,132,106,62,1283,23,1605,21,0,3,0,0,24,0,0,0,4,0,4,15,8,0,104,6,130,6,0,3,0,0,6,0,0,0,0,0,3,16,0,0,0,0,16,21,10,14,413,5,476,23,11,0,77,0,109,0,0,0,0,0,0,0,0,0,0,0,0,6,0,3,0,0,3,6,0,4,0,0,8,0,0,0,0,0,7,9,0,8,0,0,20,7,4,0,0,0,6,0,0,0,0,0,0,0,0,4,0,0,0,30,25,16,312,3,383,0,0,0,0,0,0,4,0,0,0,0,7,0,0,0,10,0,13,4,0,0,0,0,4,8,0,0,0,0,8,6,0,0,16,0,22,56,16,13,32,0,120,0,8,0,48,319,377,363,173,120,2786,368,3807
UCL215066,10,50,34,646,23,769,0,4,0,120,0,129,10,0,0,9,0,19,0,0,0,0,0,4,14,8,4,14,0,33,82,52,25,650,16,832,12,0,0,0,0,13,0,0,0,4,0,6,19,13,0,49,6,81,0,0,0,3,0,7,5,5,0,0,0,3,7,0,0,0,0,4,15,11,5,149,0,185,24,9,0,33,0,67,0,0,0,0,0,0,0,0,0,0,0,0,0,0,0,0,0,0,0,0,0,3,0,8,0,0,0,0,0,0,0,0,0,3,0,3,3,3,0,4,0,11,0,0,0,0,0,0,0,0,0,0,0,0,20,14,9,157,3,198,0,0,0,0,0,0,9,0,0,0,0,7,0,0,0,0,0,6,0,0,0,0,0,0,0,0,0,0,0,6,4,3,0,5,0,9,32,10,4,17,8,63,3,0,0,20,201,229,241,115,53,1368,247,2024
UCL215067,0,14,13,401,4,437,0,0,0,15,0,16,4,0,0,0,0,4,0,0,0,0,0,0,0,0,0,0,0,0,28,14,14,318,6,375,5,0,0,0,0,0,0,0,0,0,0,0,7,0,0,55,0,55,5,0,0,0,0,7,0,0,0,0,0,0,19,0,0,0,0,19,8,3,0,100,0,116,5,0,0,28,0,29,0,0,0,0,0,0,0,0,0,0,0,0,0,0,0,0,0,0,0,0,0,0,0,0,9,0,0,0,0,6,0,0,0,0,0,0,0,0,0,0,0,0,0,0,0,0,0,0,0,0,0,0,0,0,4,9,0,85,3,99,0,0,0,0,0,0,0,0,0,0,0,0,0,0,0,0,0,0,0,0,0,0,0,0,0,0,0,0,0,0,0,0,0,0,0,5,21,0,0,6,0,30,0,0,0,23,89,114,94,25,22,777,104,1022
UCL215068,17,108,68,1074,18,1283,0,0,0,38,4,48,16,0,0,9,0,27,0,0,0,0,0,0,60,10,0,15,0,87,367,120,66,1204,24,1779,21,0,10,0,0,32,12,0,0,14,0,30,49,10,5,97,3,160,6,4,0,6,0,18,8,0,0,0,0,12,11,0,0,0,0,15,54,19,18,334,8,430,19,4,0,30,0,55,0,0,0,0,0,0,0,0,0,3,0,3,0,0,0,0,0,0,10,0,0,6,0,18,6,3,0,0,0,6,3,9,4,4,0,19,13,0,0,9,0,28,4,0,0,0,0,4,0,0,0,0,0,0,94,33,36,356,6,519,0,0,0,0,0,3,0,0,0,0,0,0,3,0,0,0,0,3,0,0,0,0,0,0,5,0,0,0,0,6,12,0,5,8,0,25,73,13,11,35,0,142,11,0,0,17,91,127,721,205,123,2313,138,3505
UCL215069,11,101,51,1133,13,1315,0,4,0,32,3,39,10,6,0,15,0,29,0,0,3,0,0,4,21,16,3,18,0,57,146,93,47,1107,21,1416,7,0,0,0,0,7,0,0,0,13,0,18,14,13,0,117,5,151,6,0,0,10,0,12,0,0,0,0,0,0,5,0,0,0,0,5,38,40,17,698,4,806,8,8,0,36,0,54,0,0,0,0,0,0,0,0,0,0,0,3,0,7,0,0,0,6,3,0,0,5,0,9,0,0,5,4,0,9,10,5,3,0,0,23,6,0,0,3,0,14,0,0,0,0,0,3,0,0,0,0,0,0,41,29,20,426,6,521,0,0,0,0,0,0,7,5,0,0,0,16,0,0,0,5,0,5,6,0,0,0,0,6,6,0,0,0,0,6,9,4,0,13,0,29,43,12,10,39,5,109,0,0,0,30,193,228,325,190,96,2576,237,3424
UCL215070,26,60,46,1122,28,1284,0,8,3,146,7,164,23,0,0,10,0,29,4,0,0,6,0,10,11,3,0,9,0,23,110,62,47,989,23,1230,15,0,0,0,0,15,3,0,0,3,0,11,18,7,0,146,0,174,10,4,0,9,0,17,0,0,0,0,0,10,10,0,0,3,0,11,15,14,6,222,5,258,34,18,8,83,0,142,6,0,0,0,0,6,0,0,0,0,0,0,0,0,0,0,0,0,3,0,0,4,0,8,0,3,3,9,0,16,8,0,6,3,0,12,4,0,4,0,0,9,0,0,0,0,0,0,0,3,0,0,0,7,30,21,11,234,0,301,0,0,0,0,0,5,10,0,0,0,0,10,0,0,0,0,0,0,0,0,0,0,0,0,5,0,0,0,0,5,4,0,0,11,0,19,116,4,11,35,8,171,9,0,0,20,248,280,396,129,84,2152,309,3070
UCL215071,21,140,112,1198,0,1475,0,3,3,31,0,33,15,0,0,4,0,23,5,6,0,12,0,29,25,16,10,26,0,72,247,143,98,1114,4,1603,4,0,5,3,0,6,8,0,0,14,0,25,35,20,14,114,0,185,10,4,9,10,0,34,8,0,0,0,0,7,3,0,0,4,0,8,55,38,23,407,0,531,52,15,10,78,0,156,0,0,0,4,0,3,0,0,0,4,0,4,0,0,5,0,0,6,47,11,12,57,0,118,6,3,3,0,0,11,14,7,9,3,0,31,14,5,0,25,0,45,3,0,6,3,0,10,0,0,4,0,0,5,65,49,19,361,6,496,0,0,0,0,0,0,10,4,3,0,0,13,6,0,0,0,0,8,5,6,0,0,0,14,0,0,0,0,0,0,14,5,9,15,0,35,74,22,18,48,0,159,7,0,0,26,110,143,585,277,201,2399,120,3574
UCL215072,54,23,24,263,0,366,0,22,0,193,3,222,212,0,4,0,0,213,3,0,0,0,0,3,9,3,3,0,0,13,102,27,11,193,3,343,46,0,7,0,0,54,0,0,0,0,0,4,13,3,0,14,0,30,17,0,0,9,0,27,0,0,0,0,0,0,19,0,0,0,0,26,4,0,0,79,0,84,60,9,9,51,0,128,0,0,0,0,0,0,0,0,0,0,0,0,0,0,0,0,0,0,0,0,0,0,0,0,0,0,0,7,0,11,0,0,5,0,0,5,0,0,0,0,0,0,0,0,0,0,0,0,6,0,0,8,0,15,3,5,0,51,0,61,0,0,0,0,0,0,0,0,0,0,0,0,0,0,0,0,0,0,13,0,0,0,0,13,168,0,0,5,4,178,0,0,0,5,0,5,676,35,23,36,4,776,66,0,0,6,323,392,1313,78,56,649,347,2441
UCL215073,7,57,49,1095,25,1231,0,0,0,57,0,61,14,0,0,4,0,20,0,0,0,0,0,0,9,0,0,8,0,23,97,63,43,1028,19,1251,10,0,0,0,0,11,0,0,0,4,0,10,14,6,6,81,0,104,0,0,0,5,0,9,0,0,0,0,0,0,5,0,0,0,0,5,18,14,13,300,13,360,11,8,3,23,0,51,0,0,0,0,0,0,0,0,0,0,0,0,0,0,0,0,0,4,0,0,0,6,0,7,0,0,0,0,0,0,3,0,0,3,0,5,0,0,0,3,0,9,0,0,0,0,0,5,0,0,0,0,0,0,24,20,15,239,4,290,0,0,0,0,0,0,0,0,0,0,0,0,0,0,0,0,0,0,0,0,0,0,0,0,0,0,0,0,0,0,0,0,0,5,0,3,31,8,7,36,0,74,5,4,0,15,189,210,212,112,77,2166,234,2802
UCL215074,19,223,141,1719,13,2113,0,3,0,64,0,69,8,0,6,15,0,30,11,4,0,12,0,23,28,6,7,41,0,89,291,212,147,1434,24,2108,9,0,0,0,0,14,10,0,5,11,0,25,37,24,9,154,3,222,19,7,7,33,0,68,12,0,0,10,0,13,19,7,3,4,0,28,54,51,31,558,9,697,81,30,11,159,0,284,0,0,0,0,0,0,5,7,3,8,0,22,10,0,0,6,0,20,44,32,12,59,0,147,16,0,3,0,0,14,12,10,6,0,0,32,22,11,3,25,0,60,5,0,0,0,0,10,8,0,0,0,0,8,87,41,31,428,5,593,4,0,0,0,0,11,6,3,0,0,0,18,7,4,0,0,0,7,3,0,4,0,0,8,3,0,0,0,0,3,7,0,4,12,0,29,110,44,28,66,4,254,5,3,0,16,139,167,762,409,265,3305,183,4934
UCL215075,9,43,21,483,17,567,0,0,0,23,0,21,7,0,0,0,0,5,0,0,0,0,0,0,12,10,0,11,5,35,68,39,26,384,6,524,4,0,8,0,0,18,0,0,0,0,0,0,6,3,0,31,0,40,0,0,0,0,0,0,0,0,0,0,0,0,0,0,0,0,0,0,19,3,3,94,3,125,6,4,4,11,0,24,0,0,6,0,0,0,0,0,0,0,0,0,0,0,0,0,0,0,4,0,0,3,0,10,0,0,0,0,0,0,0,3,0,0,0,5,4,0,0,0,0,4,0,0,0,0,0,9,0,0,0,0,0,0,15,6,13,105,0,146,3,0,0,0,0,3,0,0,0,0,0,0,0,0,0,0,0,0,0,0,0,0,0,0,0,0,0,0,0,0,4,0,0,5,0,9,20,14,4,8,0,40,5,0,0,9,109,118,144,69,48,844,138,1249
UCL215076,0,56,37,877,7,978,0,0,5,45,0,47,4,0,0,5,0,11,0,3,3,0,0,6,20,0,3,7,0,33,102,67,39,865,9,1081,4,0,0,0,0,3,0,0,0,4,0,5,23,7,3,111,0,144,5,0,0,3,0,5,0,0,0,0,0,0,8,4,0,0,0,5,17,10,12,347,3,388,13,0,5,50,0,70,0,0,0,0,0,0,0,0,0,0,0,0,0,0,0,0,0,3,0,0,0,0,0,6,6,0,3,0,0,12,9,3,0,0,0,8,0,0,0,0,0,4,0,0,0,0,0,0,0,0,0,3,0,0,25,12,4,247,3,298,0,0,0,0,0,0,0,0,0,0,0,0,0,0,0,0,0,0,4,0,0,0,0,4,0,0,0,0,0,0,3,0,0,4,0,5,30,9,5,23,0,74,0,4,0,22,76,100,212,103,75,1845,93,2324
UCL215077,11,70,43,476,11,621,0,0,3,11,0,16,23,0,0,0,0,29,0,0,0,0,0,0,23,11,0,9,0,41,123,47,52,469,13,703,3,7,0,0,0,13,5,0,0,0,0,12,24,11,7,19,0,58,8,0,0,4,0,15,4,0,0,0,0,4,10,0,0,0,0,16,20,22,5,182,0,223,22,3,3,29,4,60,0,0,0,0,0,0,0,0,0,0,0,0,0,0,0,0,0,0,6,0,0,0,0,8,3,0,0,0,0,6,3,0,0,0,0,10,3,0,0,5,0,9,0,3,0,0,0,3,0,0,0,0,0,0,39,20,6,118,3,191,0,0,0,0,0,0,0,0,0,0,0,0,4,0,3,0,0,4,3,0,3,5,0,5,0,0,0,0,0,0,8,0,0,3,0,14,72,8,3,21,0,104,3,0,0,9,144,157,337,114,90,963,166,1664
UCL215078,12,101,65,687,0,866,0,0,0,16,0,16,7,0,0,10,0,12,6,0,0,0,0,3,44,18,9,44,0,112,144,86,63,578,3,881,6,0,0,0,0,5,4,0,0,3,5,12,29,6,9,61,0,105,0,0,0,7,0,6,0,0,0,0,0,0,4,0,3,0,0,9,38,25,17,162,4,238,22,13,8,49,0,87,0,0,0,0,0,0,0,0,0,0,0,3,0,0,0,3,0,3,0,4,0,3,0,10,6,0,0,0,0,4,4,5,6,0,0,17,6,4,6,4,0,14,0,0,0,0,0,0,0,0,0,0,0,0,27,20,14,152,0,211,0,0,0,0,0,0,8,0,4,0,0,4,3,0,0,0,0,3,0,0,0,0,0,0,0,0,0,0,0,0,5,0,4,8,0,16,40,6,21,36,0,106,3,3,0,6,47,65,313,180,115,1253,56,1918
UCL215079,14,53,30,809,19,926,0,4,0,24,0,31,0,0,0,5,0,6,5,0,0,0,0,6,20,3,3,7,0,29,74,52,28,764,33,946,19,0,0,0,0,25,0,0,0,4,0,9,11,5,0,55,0,84,8,0,0,0,0,9,10,0,0,0,0,10,4,0,0,0,0,3,15,8,4,239,9,267,5,5,0,40,0,48,0,0,0,0,0,0,0,0,0,0,0,0,0,0,0,0,0,0,6,3,0,0,0,8,3,0,0,0,0,0,0,0,0,0,0,3,3,3,0,0,0,9,0,0,0,0,0,0,0,0,0,0,0,0,10,13,7,227,8,263,0,0,0,0,0,0,0,0,0,0,0,0,3,0,0,0,0,4,0,0,0,0,0,0,3,0,0,0,0,3,0,0,0,10,0,6,20,4,3,15,0,47,0,0,0,22,138,164,181,89,48,1611,195,2126
UCL215080,13,56,51,900,14,1026,0,0,0,38,4,40,3,0,0,7,0,10,0,0,0,0,0,0,21,4,4,23,0,49,101,72,62,723,13,966,4,0,3,6,0,8,0,5,0,0,0,8,19,8,4,57,0,85,0,0,0,6,0,11,5,5,0,0,0,10,0,0,0,0,0,4,26,14,3,213,0,256,4,5,5,28,0,43,0,0,0,0,0,0,0,0,0,0,0,0,0,0,0,0,0,0,5,0,0,3,0,10,0,4,0,6,0,10,6,6,3,5,0,22,5,5,3,3,0,20,5,0,0,3,0,5,0,0,0,0,0,0,36,11,9,182,4,234,0,0,0,0,0,0,7,0,0,0,0,7,5,0,0,3,0,9,0,0,0,0,0,0,3,0,0,4,0,9,8,0,0,4,0,10,41,8,12,29,4,92,5,0,4,33,66,109,236,110,100,1645,90,2185
UCL215081,30,126,75,1396,20,1648,0,4,3,97,0,99,20,0,0,6,0,29,3,0,0,5,0,11,33,15,8,35,0,93,142,123,74,1345,20,1696,22,0,3,0,0,21,7,0,0,4,0,14,24,13,5,112,0,154,0,3,0,9,0,16,0,0,0,3,0,3,20,0,0,3,0,17,29,32,20,472,7,563,204,36,23,199,3,463,0,0,0,0,0,0,0,0,0,0,0,0,0,0,0,0,0,0,4,0,0,4,0,13,7,3,4,0,0,10,5,4,4,9,0,20,3,0,0,4,0,9,3,0,3,0,0,9,5,0,0,0,0,5,42,39,16,342,0,443,0,0,0,0,0,0,0,0,0,0,0,0,0,0,0,12,0,17,0,0,0,4,0,5,13,0,5,0,0,14,12,0,6,0,0,23,174,27,17,43,3,271,16,0,5,26,266,305,688,252,154,2849,314,4259
UCL215082,10,111,76,895,10,1090,0,6,0,26,0,35,4,0,0,0,0,8,14,5,0,8,0,23,34,18,9,22,0,81,160,62,59,587,8,880,0,0,0,0,0,3,5,0,0,7,0,10,25,3,7,56,0,88,8,0,0,3,0,6,5,3,0,5,0,12,6,0,0,0,0,6,25,21,9,175,0,229,23,7,6,62,0,94,0,0,0,0,0,0,0,0,0,0,0,0,3,0,0,0,0,3,16,7,4,30,0,52,0,0,0,0,0,0,9,11,0,3,0,24,12,5,0,0,0,24,0,0,0,4,0,5,0,0,0,0,0,0,49,21,18,185,6,275,3,3,0,0,0,6,0,0,0,0,0,0,4,0,3,0,0,4,0,0,0,5,0,4,0,0,0,0,0,0,3,0,0,12,0,19,51,14,20,28,3,118,5,0,5,13,95,117,346,165,123,1499,112,2244
UCL215083,3,39,27,780,28,869,0,0,0,25,0,29,7,0,0,0,0,13,0,0,0,0,0,0,11,3,5,11,0,35,47,40,37,689,16,823,0,0,0,0,0,3,0,4,0,3,0,9,5,3,0,46,0,59,0,0,0,0,0,7,0,0,0,0,0,4,21,0,0,0,0,21,12,20,6,320,7,366,10,6,0,21,0,37,0,0,0,0,0,0,0,0,0,0,0,0,0,0,0,0,0,0,0,0,0,10,0,9,4,4,0,0,0,3,9,0,0,3,0,13,0,0,0,0,0,0,0,0,0,0,0,0,0,0,0,0,0,0,13,15,8,189,8,231,0,0,0,0,0,0,0,0,0,0,0,0,0,0,0,0,0,0,0,0,0,0,0,0,0,0,0,0,0,0,0,0,0,0,0,7,29,0,4,9,0,53,3,0,0,20,117,149,152,79,57,1566,164,2020
UCL215084,4,36,18,556,22,635,0,0,0,42,3,45,0,0,0,4,0,3,0,0,0,0,0,0,9,0,0,3,0,14,36,27,19,430,8,518,20,0,5,0,0,26,0,0,0,0,0,0,7,0,0,41,0,48,0,0,0,0,0,0,0,0,0,0,0,0,18,0,0,0,0,18,9,0,6,121,4,130,0,0,0,17,0,18,0,0,0,0,0,0,0,0,0,0,0,0,0,0,0,0,0,0,0,0,0,4,0,4,3,0,3,0,0,3,0,0,0,0,0,0,0,5,0,0,0,3,0,0,0,0,0,0,0,0,0,0,0,0,13,3,9,117,9,151,0,0,0,0,0,0,0,0,0,0,0,0,0,0,0,0,0,4,0,0,0,0,0,0,0,0,0,0,0,0,3,0,0,0,0,6,13,4,0,12,0,34,0,0,0,17,92,115,110,60,37,1001,124,1331
UCL215085,3,65,44,431,10,545,0,0,0,12,0,13,4,0,0,0,0,4,9,0,0,5,0,12,18,13,7,16,0,50,74,48,32,331,7,489,5,0,0,0,0,10,5,3,0,0,0,8,9,3,3,34,0,53,0,0,0,11,0,10,4,0,0,9,0,13,0,0,0,0,0,0,4,9,4,79,0,100,10,11,7,19,0,48,0,0,0,0,0,0,0,0,0,0,0,0,0,0,0,0,0,0,0,0,0,5,0,5,5,0,0,0,0,5,3,4,3,3,0,11,5,0,0,0,0,0,0,0,0,0,0,0,0,0,0,0,0,0,18,11,6,49,0,91,0,0,0,3,0,3,0,0,0,0,0,0,0,5,0,0,0,5,0,0,0,0,0,0,0,0,0,0,0,0,0,0,0,3,0,8,18,0,7,25,0,49,9,0,3,27,66,104,170,98,74,773,87,1196
UCL215086,13,126,92,1374,16,1627,0,0,0,43,0,52,18,0,0,0,0,22,0,0,0,3,0,5,44,13,13,62,0,138,197,130,97,1245,19,1687,12,0,7,0,0,16,0,0,0,11,0,16,22,11,14,113,0,163,0,0,0,3,0,9,5,0,0,3,0,7,23,0,0,0,0,25,24,40,13,362,4,442,51,23,7,86,0,167,0,0,0,0,0,0,0,0,0,0,0,0,0,0,0,0,0,0,20,9,0,16,0,44,3,0,0,0,0,10,10,0,0,15,0,27,8,3,3,11,0,21,0,0,0,0,0,0,10,0,0,0,0,10,59,44,23,313,4,439,0,0,0,5,0,7,9,0,0,0,0,14,0,0,0,3,0,3,0,0,0,0,0,0,19,0,0,0,0,19,3,0,3,8,0,20,81,24,10,61,0,169,7,0,3,56,161,227,549,244,168,2671,198,3839
UCL215087,12,62,33,564,16,682,0,0,0,20,0,20,0,0,0,0,0,0,9,0,0,4,0,9,10,0,4,6,0,16,58,52,32,487,5,640,5,0,4,0,0,6,0,0,0,0,0,3,19,5,4,38,0,65,5,3,0,9,0,17,0,0,0,0,0,0,0,0,0,0,0,6,12,10,3,202,8,231,31,17,4,75,4,134,0,0,0,0,0,0,0,0,0,0,0,0,15,0,0,13,0,28,13,12,9,13,0,44,0,0,0,0,0,0,9,8,0,0,0,22,0,0,0,3,0,11,0,0,0,0,0,4,0,0,0,0,0,0,19,12,13,146,3,186,0,0,0,0,0,7,0,0,0,0,0,0,3,0,0,0,0,3,10,0,0,0,0,8,0,0,0,0,0,0,3,0,0,3,0,9,47,5,15,23,0,91,0,0,0,14,119,129,235,111,81,1125,152,1705
UCL215088,11,88,62,459,14,631,0,0,0,13,0,12,14,0,0,3,0,17,4,0,0,0,0,4,42,7,3,20,0,76,196,88,71,464,13,822,7,0,9,0,0,9,0,4,0,0,0,10,32,10,4,46,0,92,8,7,6,12,3,26,10,0,0,3,0,13,8,0,0,0,0,5,38,23,13,156,3,240,14,5,4,19,0,38,0,0,0,0,0,0,0,0,0,0,0,0,7,0,0,0,0,7,0,0,0,3,0,12,7,0,0,0,0,7,7,3,4,0,0,21,18,0,0,6,0,30,5,0,0,0,0,6,0,0,0,0,0,0,45,25,8,136,6,216,3,0,0,0,0,3,0,0,0,0,0,0,4,0,0,5,0,13,0,0,0,0,0,0,0,0,0,0,0,0,4,0,3,9,0,12,97,15,14,21,0,151,10,0,0,4,230,239,451,162,120,920,261,1913
UCL215089,9,36,30,885,18,975,0,0,0,44,0,50,3,0,0,0,0,4,4,0,0,0,0,4,8,0,3,3,0,19,70,32,34,739,15,884,5,0,0,0,0,5,0,0,0,5,0,3,9,7,3,178,0,200,9,0,0,0,0,7,0,0,0,0,0,0,20,0,0,4,0,20,8,7,0,193,4,211,14,5,0,9,0,22,0,0,0,0,0,0,0,5,0,0,0,5,0,0,0,0,0,0,3,3,0,3,0,13,0,0,0,0,0,3,8,0,0,0,0,8,3,0,0,8,0,7,5,0,0,0,0,3,0,0,0,0,0,0,18,10,4,192,0,219,5,0,0,0,0,5,0,0,0,0,0,4,0,0,0,0,0,3,3,0,0,0,0,3,0,0,0,0,0,0,0,0,0,5,0,10,37,8,6,25,0,73,3,0,3,23,182,210,202,63,56,1688,214,2227
UCL215090,10,93,39,743,11,893,0,0,0,19,0,24,0,0,0,3,0,5,0,0,0,0,0,9,23,3,0,20,0,47,106,64,39,595,12,818,13,0,0,0,9,27,3,0,0,3,0,10,19,10,7,43,5,83,0,5,0,6,0,17,0,0,0,0,0,0,12,3,0,0,0,15,15,15,18,189,4,243,15,5,3,25,0,45,0,0,0,0,0,0,0,0,0,6,0,4,0,0,0,0,0,0,6,0,4,8,0,20,4,0,0,0,0,0,5,8,0,0,0,16,5,0,0,4,0,12,0,0,0,0,0,7,0,0,0,0,0,0,26,14,15,168,0,223,0,0,0,0,0,5,0,0,0,0,0,0,3,0,0,0,0,3,0,0,0,0,0,5,0,0,0,0,0,0,4,0,0,3,0,8,36,15,9,15,0,71,0,6,0,13,164,181,248,144,81,1369,196,2032
UCL215091,21,80,39,498,3,635,0,0,0,0,0,0,18,0,3,0,0,21,6,0,0,4,0,10,24,8,0,23,0,61,120,82,45,481,0,727,6,0,0,0,0,5,0,0,0,3,0,3,21,7,0,38,0,72,12,3,4,12,0,26,0,0,0,0,0,0,11,0,3,0,0,11,30,10,3,139,0,182,25,9,0,31,0,75,0,0,0,0,0,0,0,0,0,0,0,0,6,4,0,0,0,8,0,0,3,0,0,5,0,0,0,0,0,0,14,0,0,3,0,16,5,0,0,7,0,15,0,0,0,0,0,0,0,0,0,0,0,0,26,13,8,133,0,176,0,0,0,0,0,0,0,0,0,0,0,0,0,0,0,0,0,0,0,0,0,0,0,4,3,0,0,0,0,7,0,0,0,4,0,9,53,12,5,28,0,94,4,0,0,8,37,44,306,140,70,987,36,1542
UCL215092,32,255,157,1280,11,1736,0,4,0,27,0,33,17,0,9,3,0,35,11,7,3,7,0,26,53,15,13,27,0,110,430,228,148,1277,16,2094,16,0,3,0,0,19,17,9,6,11,0,43,64,33,19,114,0,233,6,8,6,16,0,26,11,3,3,0,0,22,15,4,7,0,0,26,106,81,35,643,10,872,74,32,19,96,0,226,0,0,0,0,0,0,0,0,0,7,0,7,0,0,0,0,0,0,34,4,3,27,0,69,4,0,3,3,0,10,9,7,4,0,0,26,29,3,6,9,0,53,6,0,0,0,0,7,4,0,0,0,0,0,114,64,54,492,8,731,3,0,0,3,0,9,0,0,0,0,0,6,3,3,0,3,0,15,3,0,0,0,0,6,0,0,0,0,0,6,27,3,7,19,0,55,176,57,40,70,0,337,5,0,0,20,145,175,968,462,293,2752,183,4663
UCL215093,18,233,163,1510,4,1931,0,3,4,74,0,83,15,3,3,11,0,33,10,0,0,7,0,21,72,25,17,107,0,225,316,230,161,1232,6,1945,9,0,15,3,0,29,10,4,0,6,0,19,57,22,16,135,0,233,7,0,3,15,0,26,5,0,4,0,0,8,7,10,0,0,0,19,74,38,21,347,3,492,20,32,16,93,0,149,0,0,0,0,0,0,0,0,0,4,0,4,0,0,0,0,0,0,7,0,0,8,0,19,9,3,0,0,0,14,10,7,6,3,0,30,6,9,0,5,0,17,8,0,0,4,0,11,0,0,4,0,0,0,61,50,36,316,0,464,0,0,0,3,0,7,4,5,0,5,0,13,0,0,0,3,0,11,3,3,0,5,0,13,0,0,0,0,0,0,16,4,0,4,0,21,78,27,24,60,0,192,7,4,0,35,91,135,636,413,270,2776,103,4198
UCL215094,6,32,31,397,12,483,0,0,0,27,0,31,3,0,0,4,0,7,0,0,0,0,0,6,11,6,3,5,0,29,55,38,27,298,4,420,5,0,0,0,0,5,0,6,0,0,0,7,7,8,0,35,0,51,3,0,0,0,0,3,0,0,0,0,0,0,0,0,0,0,0,0,9,6,6,74,0,92,8,7,4,20,0,32,0,0,0,0,0,0,0,0,0,0,0,0,0,0,0,0,0,0,0,0,0,3,0,5,0,0,4,0,0,3,0,0,4,0,0,6,4,0,0,8,0,15,0,0,0,0,0,0,3,0,0,0,0,3,11,8,9,74,0,101,3,0,0,0,0,3,8,0,0,0,0,8,0,0,0,0,0,0,6,0,0,0,0,6,0,0,0,0,0,3,3,0,0,0,0,8,32,9,4,7,0,49,3,0,0,12,58,76,145,66,48,682,79,1027
UCL215095,13,47,26,499,6,597,0,0,0,24,0,27,4,0,0,0,0,3,0,0,0,0,0,0,7,5,0,11,0,26,46,33,24,316,11,432,8,0,6,5,0,17,0,0,0,4,0,5,3,6,0,25,0,42,0,0,0,0,0,0,0,0,0,3,0,0,0,0,0,0,0,0,8,3,5,61,0,81,6,4,0,14,0,33,0,0,0,0,0,0,0,0,0,0,0,0,0,0,0,0,0,0,12,8,0,12,0,31,0,0,0,0,0,0,4,0,5,0,0,5,0,0,0,3,0,6,3,0,0,0,0,3,0,0,0,0,0,4,11,12,4,99,0,128,0,0,0,0,0,0,0,0,0,0,0,0,0,0,0,0,0,0,0,0,0,0,0,0,0,0,0,0,0,3,0,4,0,0,0,4,14,3,5,16,0,40,0,0,0,5,54,61,127,76,48,780,79,1107
UCL215096,16,111,96,802,10,1034,0,4,5,33,0,37,4,3,5,0,0,9,0,0,0,0,0,0,31,12,7,47,0,99,217,105,107,765,7,1197,3,0,0,0,0,7,0,0,0,0,0,11,24,11,3,70,0,109,3,0,0,10,0,11,6,0,0,0,0,3,4,0,0,0,0,4,50,15,19,224,0,308,26,13,8,55,0,98,0,0,0,0,0,0,0,0,0,0,0,6,0,0,0,0,0,0,6,0,0,0,0,6,10,0,3,0,0,9,11,4,7,0,0,19,0,3,0,0,0,7,0,0,0,0,0,3,0,0,0,0,0,0,51,23,25,198,0,291,0,0,0,0,0,0,11,7,0,0,0,14,0,0,0,3,0,7,0,4,0,0,0,3,0,0,0,0,0,0,5,0,0,7,0,11,49,11,18,41,0,122,5,0,0,13,66,90,409,180,179,1574,80,2417
UCL215097,18,152,103,1201,27,1507,0,0,0,29,0,33,4,0,0,3,0,9,4,6,0,0,0,14,51,9,7,30,0,99,248,127,112,909,15,1417,4,0,0,0,0,3,0,5,0,3,0,7,42,7,12,83,4,145,0,0,0,7,0,13,0,0,0,0,0,3,7,0,0,0,0,7,46,31,23,253,6,358,25,5,0,44,0,81,0,0,0,0,0,3,3,0,3,0,0,7,0,0,0,0,0,0,5,0,3,12,0,24,9,5,3,0,0,19,8,3,0,3,0,22,16,3,0,12,0,31,0,0,0,0,0,0,0,0,0,0,0,0,54,28,21,211,3,319,4,0,0,0,0,4,4,0,0,4,0,10,4,0,0,6,0,7,6,3,3,4,0,13,4,0,0,0,0,7,7,3,0,0,0,15,50,23,16,40,5,133,7,0,4,34,207,249,519,238,191,2074,263,3283
UCL215098,0,42,44,534,3,630,0,0,0,3,0,8,3,0,4,3,0,8,0,0,0,3,0,3,19,9,0,15,0,47,94,23,40,488,5,658,5,0,4,4,0,11,0,0,0,0,0,3,7,0,0,19,0,29,0,0,0,0,0,0,5,0,0,8,0,7,7,0,0,0,0,11,13,10,6,112,6,146,11,0,0,22,0,39,0,0,0,0,0,0,0,0,0,0,0,0,0,0,0,0,0,0,8,0,3,0,0,12,0,0,0,0,0,3,3,0,0,0,0,3,4,0,0,0,0,9,0,0,0,0,0,0,0,0,0,0,0,0,24,17,13,114,3,165,0,0,0,0,0,3,0,0,0,0,0,3,0,0,0,0,0,0,3,0,0,0,0,3,0,0,0,0,0,0,0,0,0,0,0,3,36,9,8,19,0,63,0,0,0,15,38,50,220,67,68,975,55,1387
UCL215099,11,54,37,597,13,709,0,0,0,28,0,30,3,0,0,5,0,13,3,0,0,0,0,3,21,4,0,13,0,39,107,55,37,528,13,740,7,0,3,0,0,16,0,0,0,4,0,4,22,10,3,46,0,79,0,0,0,0,0,6,4,0,0,0,0,4,12,0,0,0,0,12,16,22,6,146,4,193,12,8,0,24,0,43,0,0,0,0,0,0,0,0,0,0,0,0,0,0,0,0,0,0,0,0,0,0,0,0,0,0,0,5,0,13,5,0,4,0,0,4,3,0,0,0,0,13,0,0,0,0,0,0,0,6,0,0,0,6,14,24,8,134,5,182,0,0,0,0,0,0,0,0,0,0,0,0,0,0,0,4,0,4,0,0,0,0,0,0,6,0,0,0,0,9,0,0,0,5,0,5,30,4,9,19,7,67,10,0,0,11,134,157,261,101,59,1143,172,1739
UCL215100,3,35,47,404,3,489,0,4,0,22,0,26,11,0,0,0,0,10,0,0,0,0,0,0,11,4,0,14,0,29,89,29,30,442,7,604,4,0,9,0,0,11,0,0,0,3,0,6,12,10,0,22,4,44,0,0,0,0,0,3,0,0,0,0,0,0,0,0,0,0,0,0,21,8,4,160,5,193,5,0,0,12,0,20,0,0,0,0,0,0,0,0,0,0,0,0,0,0,0,0,0,0,0,0,0,0,0,0,0,0,0,0,0,0,4,4,4,0,0,11,3,0,0,0,0,6,0,0,0,0,0,0,0,0,0,0,0,0,25,9,9,132,0,175,0,0,0,0,0,0,0,0,0,0,0,0,0,0,0,0,0,4,0,0,0,0,0,0,6,0,0,0,0,6,6,4,0,4,0,10,17,8,4,23,0,53,5,0,0,10,78,91,177,71,64,883,90,1279
UCL221001,0,16,17,307,0,342,0,0,0,6,0,6,0,0,0,0,0,0,0,0,0,0,0,0,3,3,6,8,0,21,12,22,13,257,7,308,3,0,0,0,0,3,0,0,0,0,0,0,0,0,4,26,0,25,0,0,0,4,0,5,0,0,0,0,0,0,0,0,0,0,0,0,4,4,0,100,0,113,7,0,0,8,0,10,0,0,0,0,0,0,0,0,0,0,0,0,0,0,0,0,0,0,0,0,0,0,0,3,0,0,4,0,0,3,5,0,0,0,0,3,0,0,0,0,0,0,0,0,0,0,0,0,0,0,0,0,0,0,4,7,4,73,0,89,0,0,0,0,0,0,0,0,0,0,0,0,0,0,0,0,0,0,0,0,0,0,0,0,0,0,0,0,0,0,0,0,0,3,0,3,9,0,4,0,0,10,0,0,0,16,34,45,35,34,26,580,43,718
UCL221002,0,33,26,323,0,379,0,0,0,7,0,7,9,0,4,5,0,11,0,0,0,0,0,0,3,3,0,4,0,12,56,22,24,274,7,385,5,0,0,0,0,8,0,0,0,0,0,0,9,0,0,24,0,32,3,0,0,0,0,3,0,0,0,0,0,0,0,0,0,0,0,0,10,7,5,104,0,135,4,5,0,23,0,29,0,0,0,0,0,0,0,0,0,0,0,0,0,0,0,0,0,0,0,5,0,0,0,5,0,0,0,0,0,0,3,0,0,0,0,4,3,0,0,0,0,3,0,0,0,0,0,0,0,0,0,0,0,0,17,13,6,97,0,127,0,0,0,0,0,0,0,0,0,0,0,0,0,0,0,0,0,0,0,0,0,0,0,0,0,0,0,0,0,0,0,0,0,4,0,6,15,0,3,8,0,26,0,0,0,3,20,29,112,54,39,615,28,852
UCL221003,0,19,10,217,7,255,0,0,0,26,0,26,0,0,0,0,0,0,0,0,0,0,0,5,0,0,0,11,0,15,21,8,14,189,3,243,0,0,0,0,0,0,0,0,0,0,0,0,5,0,0,27,0,36,0,0,0,0,0,0,0,0,0,0,0,3,0,0,4,0,0,4,9,0,4,56,0,68,5,0,0,3,0,10,0,0,0,0,0,0,0,0,0,0,0,0,0,0,0,0,0,0,0,0,0,0,0,0,0,0,0,0,0,0,0,0,0,0,0,0,4,0,0,0,0,4,0,0,0,0,0,0,0,0,0,0,0,0,4,0,0,39,0,49,0,0,0,0,0,0,0,0,0,0,0,0,0,0,0,0,0,0,0,0,0,0,0,0,0,0,0,0,0,0,6,0,0,0,0,6,9,0,0,10,0,18,0,0,0,11,56,64,51,23,20,423,62,572
UCL221004,0,51,30,384,0,473,0,0,0,10,0,10,0,0,0,0,0,0,19,7,0,22,0,49,17,7,12,31,0,66,44,46,27,299,0,412,0,0,0,0,0,0,0,0,0,0,0,0,6,5,0,23,0,31,0,0,0,9,0,10,7,0,0,0,0,5,0,0,0,0,0,0,16,11,14,138,0,169,27,11,6,42,0,87,0,0,0,0,0,0,0,0,0,0,0,0,4,0,0,8,0,15,0,0,0,7,0,11,0,0,0,0,0,0,0,0,0,0,0,0,10,0,3,0,0,13,3,6,0,0,0,5,0,0,0,0,0,0,11,7,10,100,0,129,3,0,0,0,0,4,3,0,0,0,0,5,5,0,0,0,0,5,0,0,0,0,0,0,0,0,0,0,0,0,0,0,0,5,0,8,41,10,3,20,0,78,0,0,0,0,27,28,175,97,68,761,35,1139
UCL221005,8,8,17,261,6,291,0,0,0,11,0,10,0,0,0,0,0,4,0,0,0,0,0,0,4,0,5,0,0,8,23,11,15,195,9,241,3,0,0,0,0,4,0,0,3,0,0,0,0,0,0,12,0,17,0,0,0,0,0,0,0,0,0,0,0,0,7,0,0,0,0,7,3,0,0,112,4,125,0,0,0,0,0,3,0,0,0,0,0,0,0,0,0,0,0,0,0,0,0,0,0,0,0,0,0,0,0,0,8,0,0,0,0,8,0,0,0,0,0,3,0,0,0,0,0,4,0,0,0,0,0,0,0,0,0,0,0,0,0,3,0,72,0,80,0,0,0,0,0,0,0,0,0,0,0,0,0,0,0,0,0,0,0,0,0,0,0,0,0,0,0,0,0,0,0,0,0,0,0,0,17,0,3,5,0,28,0,0,0,7,43,53,72,13,22,510,58,674
UCL221006,4,28,13,218,0,257,0,0,0,10,0,9,0,0,0,0,0,0,0,0,0,0,0,3,9,0,0,0,0,13,54,25,21,196,3,299,0,0,0,0,0,0,0,0,0,0,0,5,11,3,0,20,0,33,0,0,0,0,0,0,0,0,0,0,0,0,0,0,0,0,0,0,9,15,0,95,0,123,3,0,0,4,0,8,0,0,0,0,0,0,0,0,0,4,0,4,0,0,0,0,0,0,0,0,0,0,0,3,0,0,0,0,0,0,4,0,0,0,0,4,0,0,0,0,0,0,0,4,0,0,0,4,0,0,0,0,0,0,17,6,6,67,3,98,0,0,0,0,0,0,0,0,0,0,0,0,0,0,0,0,0,0,0,0,0,0,0,0,0,0,0,0,0,0,0,0,0,4,0,7,16,0,6,5,0,26,0,0,0,0,23,29,90,54,26,435,28,628
UCL221007,0,11,18,163,4,197,0,0,0,12,0,11,0,0,0,0,0,0,0,0,0,0,0,0,3,5,0,5,0,13,45,16,22,168,6,255,3,0,0,0,0,3,0,0,0,4,0,3,6,0,0,5,0,19,0,3,0,0,0,3,0,0,0,0,0,0,0,0,0,0,0,0,8,8,3,47,0,59,0,0,0,5,0,10,0,0,0,0,0,0,0,0,0,0,0,0,0,0,0,0,0,0,3,0,0,6,0,12,0,0,0,0,0,0,0,0,0,0,0,0,0,0,0,0,0,3,0,0,0,0,0,0,0,0,0,0,0,0,10,6,3,40,0,56,0,0,0,0,0,0,0,0,0,0,0,0,6,0,0,0,0,6,0,0,0,0,0,0,0,0,0,0,0,0,0,0,0,0,0,6,12,0,4,10,0,26,0,0,0,13,45,56,82,29,37,342,52,534
UCL221008,0,21,10,252,10,294,0,0,0,10,0,11,0,0,0,0,0,0,0,0,0,0,0,0,4,0,0,0,0,4,23,19,7,260,3,316,3,0,0,0,0,7,0,0,0,3,0,3,3,0,0,22,0,25,0,0,0,0,0,0,0,0,0,0,0,0,23,0,0,0,0,23,6,3,6,62,0,78,3,4,0,10,0,14,0,0,0,0,0,0,0,0,0,0,0,0,0,0,0,0,0,0,0,0,0,0,0,0,0,0,0,0,0,3,0,0,0,0,0,0,0,0,0,3,0,3,0,0,0,0,0,0,0,0,0,0,0,0,10,5,0,68,0,93,0,0,0,0,0,0,0,0,0,0,0,0,0,0,0,4,0,4,0,0,0,0,0,0,0,0,0,0,0,0,0,0,0,0,0,0,17,0,3,0,0,22,0,0,0,0,142,144,79,35,17,528,154,808
UCL221009,4,25,16,231,4,273,0,0,0,6,0,6,0,0,0,0,0,0,0,0,0,7,0,3,7,3,0,3,0,17,37,28,10,221,4,299,0,0,0,0,0,0,0,0,0,0,0,0,0,0,0,12,0,22,4,0,0,0,0,3,0,0,0,0,0,0,0,0,0,0,0,0,8,0,0,65,0,81,0,0,0,7,0,6,0,0,0,0,0,0,0,0,0,0,0,0,0,0,0,0,0,0,0,0,0,0,0,0,3,0,0,0,0,5,0,0,0,0,0,0,0,0,0,8,0,8,0,0,0,0,0,0,7,0,0,0,0,7,12,3,0,55,0,73,0,0,0,0,0,0,0,0,0,0,0,0,0,0,0,0,0,0,0,0,0,0,0,0,0,0,0,0,0,0,0,0,0,0,0,3,5,0,0,11,0,15,0,0,0,0,53,56,66,35,27,432,59,626
UCL221010,6,12,17,208,0,240,0,0,3,15,0,21,0,0,0,0,0,0,0,0,0,0,0,0,5,0,3,3,0,10,26,19,25,185,4,257,0,0,0,0,0,0,3,0,0,0,0,6,0,0,4,17,0,17,0,0,0,0,0,0,0,0,0,0,0,0,0,0,0,0,0,0,7,0,7,57,0,70,6,0,0,11,0,15,0,0,0,0,0,0,0,0,0,0,0,0,0,0,0,0,0,0,0,0,0,0,0,7,0,0,0,0,0,0,0,0,0,0,0,0,8,0,5,3,0,11,0,0,0,0,0,0,0,0,0,0,0,0,8,8,0,45,0,58,0,0,0,0,0,0,0,0,0,0,0,0,0,0,0,0,0,3,0,0,0,0,0,0,0,0,0,0,0,0,0,0,0,0,0,0,10,4,3,12,0,28,0,0,0,8,35,42,56,34,30,410,40,574
UCL221011,4,23,6,199,0,230,0,0,0,12,0,14,0,0,0,0,0,0,0,0,0,0,0,0,5,0,0,10,0,18,24,16,9,247,0,293,0,0,0,0,0,0,0,0,0,8,0,3,0,0,5,22,0,26,0,0,0,0,0,0,0,0,0,0,0,0,0,0,0,0,0,0,3,3,3,102,0,119,0,0,0,5,0,0,0,0,0,0,0,0,0,0,0,0,0,0,0,0,0,0,0,0,0,0,0,0,0,0,0,3,0,0,0,8,0,0,0,0,0,0,0,0,0,3,0,3,0,0,0,0,0,0,0,0,0,0,0,0,7,0,3,84,0,103,0,0,0,0,0,0,0,0,0,0,0,0,0,0,0,0,0,0,0,0,0,0,0,0,0,0,0,0,0,0,4,0,0,3,0,5,5,0,0,10,0,19,0,0,0,0,18,14,46,36,16,508,18,619
UCL221012,0,8,8,201,9,223,0,0,0,3,0,4,0,0,0,0,0,0,0,0,0,8,0,4,0,3,0,0,0,5,5,4,0,131,0,150,0,0,0,0,0,0,0,0,0,0,0,0,0,5,0,29,0,32,5,0,0,4,0,5,0,0,0,0,0,0,0,0,0,0,0,0,3,0,0,37,0,44,27,4,0,18,3,52,0,0,0,0,0,0,0,0,0,0,0,0,0,0,0,0,0,0,0,0,0,0,0,0,0,0,0,0,0,0,0,0,0,0,0,0,0,0,0,0,0,0,0,0,0,0,0,0,0,0,0,0,0,0,4,5,0,44,0,52,0,0,0,0,0,0,0,0,3,0,0,5,0,0,0,0,0,0,0,0,0,0,0,0,0,0,0,0,0,0,0,0,0,0,0,0,7,0,0,6,0,11,0,0,0,9,41,54,56,20,11,360,57,504
UCL221013,5,31,25,198,0,260,0,0,0,12,0,13,0,0,0,0,0,3,0,3,0,0,0,4,6,7,0,12,0,27,43,29,20,164,3,260,0,0,0,0,0,0,5,0,0,0,0,0,8,7,0,15,0,33,0,0,0,0,0,0,3,0,0,0,0,0,0,0,3,0,0,7,13,6,0,47,0,65,15,3,0,19,0,39,0,0,0,0,0,0,0,0,3,0,0,3,0,0,0,0,0,0,0,0,0,0,0,4,6,0,0,0,0,7,6,0,5,0,0,8,4,3,0,0,0,6,0,0,0,0,0,0,0,0,0,0,0,0,9,3,0,29,0,43,0,0,0,0,0,0,0,0,0,0,0,0,0,0,0,0,0,0,0,0,0,0,0,0,0,0,0,0,0,3,0,0,0,0,0,3,13,4,0,5,0,21,0,0,0,4,36,43,110,54,40,365,45,617
UCL221014,4,35,31,296,0,367,0,0,0,0,0,0,5,0,0,3,0,5,0,0,0,5,0,6,16,8,0,3,0,23,72,34,25,272,10,404,0,0,0,0,0,0,3,0,0,4,0,10,15,3,0,28,0,48,3,0,0,0,0,7,0,0,0,0,0,0,0,0,0,0,0,0,17,11,7,119,4,153,18,4,4,36,0,66,0,0,0,0,0,0,0,0,0,0,0,4,0,0,0,0,0,0,3,0,0,0,0,3,0,0,0,0,0,0,12,5,0,0,0,14,4,0,0,4,0,6,0,0,0,0,0,0,0,0,0,0,0,0,23,9,4,123,0,158,0,0,0,0,0,0,3,0,0,0,0,3,6,0,0,0,0,6,0,0,0,0,0,0,0,0,0,0,0,0,0,4,0,3,0,8,16,4,7,19,0,43,0,0,0,0,30,33,174,73,45,632,41,960
UCL221015,5,9,13,157,5,180,0,0,0,5,0,5,3,0,0,0,0,4,0,0,0,0,0,0,7,0,3,0,0,9,49,18,17,123,8,208,0,0,0,0,0,0,4,0,0,0,0,7,7,4,4,13,0,23,5,0,0,0,0,5,0,0,0,0,0,0,0,0,0,0,0,0,12,0,6,46,0,67,8,0,0,7,0,21,0,0,0,0,0,0,0,0,0,0,0,0,0,0,0,0,0,0,0,0,0,0,0,0,0,0,0,0,0,0,4,0,0,0,0,7,7,0,0,0,0,3,0,0,0,0,0,0,0,0,0,0,0,0,11,9,7,47,0,77,0,0,0,0,0,0,8,0,0,0,0,8,5,0,0,0,0,5,0,0,0,0,0,5,0,0,0,0,0,0,0,0,0,3,0,3,18,0,3,0,0,30,0,0,0,3,37,38,110,30,30,293,45,503
UCL221016,0,31,18,390,5,442,0,0,0,7,0,7,4,4,0,7,0,11,0,0,0,0,0,5,3,3,4,15,0,21,21,18,14,327,0,386,0,0,0,0,0,5,0,0,0,0,0,0,7,0,4,44,0,49,4,0,3,3,0,9,0,0,0,5,0,5,8,0,0,0,0,11,9,0,4,123,0,137,5,0,0,19,0,28,0,0,0,0,0,0,0,0,0,0,0,0,0,0,0,0,0,0,0,5,0,0,0,7,0,0,0,0,0,0,4,0,0,0,0,4,0,5,0,5,0,3,0,0,0,3,0,3,0,0,0,0,0,0,7,6,4,92,0,113,0,0,0,0,0,0,3,3,0,0,0,8,3,3,0,0,0,4,0,0,0,0,0,0,0,0,0,0,0,0,0,0,0,10,0,10,28,3,9,6,0,44,0,0,0,9,30,37,85,50,35,755,34,957
UCL221017,0,35,20,355,8,423,0,0,0,8,0,4,4,0,0,7,0,7,0,0,0,0,0,0,8,6,6,14,0,24,54,23,24,360,3,464,5,3,0,0,0,3,0,0,0,0,0,0,3,3,0,23,0,30,3,7,0,9,0,13,0,0,0,0,0,0,0,0,0,0,0,0,10,6,0,81,0,104,8,3,0,35,0,47,0,0,0,0,0,0,0,0,0,0,0,0,0,0,0,0,0,0,0,0,0,0,0,0,0,0,0,0,0,0,3,0,0,0,0,5,0,0,0,0,0,0,0,0,0,0,0,0,0,0,0,0,0,0,12,6,0,75,0,94,0,0,0,0,0,0,0,0,0,0,0,0,0,0,0,0,0,0,0,0,0,0,0,0,0,0,0,0,0,0,0,0,0,3,0,4,9,6,0,0,0,12,0,0,3,9,36,48,85,55,37,695,52,920
UCL221018,4,27,17,368,11,413,0,0,0,6,0,6,8,0,0,0,0,4,4,0,0,0,0,4,8,3,0,3,0,13,32,17,14,285,5,355,3,0,0,0,0,3,0,0,0,0,0,3,3,0,0,15,0,18,0,0,0,0,0,3,0,0,0,0,0,0,8,0,0,0,0,8,5,7,0,143,0,154,0,3,0,13,0,19,0,0,0,0,0,0,0,0,0,0,0,0,0,0,0,0,0,0,0,0,0,0,0,6,0,0,0,0,0,0,0,0,0,0,0,0,3,0,0,3,0,6,0,0,0,0,0,0,0,0,0,0,0,0,6,3,3,83,4,104,3,0,0,0,0,3,0,0,0,0,0,0,0,3,0,0,0,3,0,0,0,0,0,0,0,0,0,0,0,3,4,0,0,0,0,4,12,3,10,14,0,42,5,0,0,14,114,128,98,40,26,706,131,993
UCL221019,4,34,20,262,12,333,0,0,0,23,0,26,8,0,0,8,0,10,9,0,0,3,0,9,7,0,0,6,0,14,66,23,30,271,10,405,5,0,0,0,0,3,0,0,0,0,0,6,20,3,0,20,0,40,0,0,0,4,0,10,0,0,0,0,0,0,0,0,0,0,0,0,11,10,6,94,0,124,12,5,5,19,0,35,0,0,0,0,0,0,0,0,0,0,0,0,0,0,0,0,0,0,3,6,0,8,0,20,0,0,0,0,0,0,3,0,0,4,0,3,7,3,0,5,0,8,0,0,0,0,0,0,0,0,0,0,0,0,25,7,7,91,0,125,0,0,0,0,0,0,0,0,0,0,0,0,0,0,0,0,0,0,0,0,0,0,0,0,0,0,0,4,0,4,3,0,0,3,0,9,22,10,3,20,3,62,3,0,0,4,34,40,155,55,43,581,57,886
UCL221020,9,20,12,314,3,360,0,0,0,23,0,23,4,0,3,3,0,10,0,0,0,0,0,0,5,6,0,0,0,10,57,22,9,287,11,382,5,0,0,0,0,5,0,0,0,0,0,5,6,3,0,32,0,42,0,0,0,0,0,4,0,0,0,0,0,0,0,0,0,0,0,0,16,4,0,101,6,126,0,0,0,3,0,8,0,0,0,0,0,0,0,0,0,0,0,0,0,0,0,0,0,0,5,0,0,0,0,3,3,0,0,0,0,3,9,0,0,0,0,3,0,0,0,0,0,0,0,0,0,3,0,0,0,0,0,0,0,0,8,10,6,90,0,117,0,0,0,0,0,0,0,0,0,0,0,0,0,0,0,0,0,0,0,0,0,0,0,0,0,0,0,0,0,0,0,0,0,0,0,3,18,0,5,9,0,27,0,0,0,3,46,48,115,36,26,623,66,867
UCL221021,3,23,29,241,10,306,0,0,0,8,0,10,0,0,0,0,0,3,0,0,0,0,0,0,4,0,3,5,0,11,62,24,24,210,8,329,9,0,5,0,0,10,3,0,0,4,0,4,3,0,0,14,0,15,0,0,0,0,0,0,0,0,0,0,0,0,5,0,0,0,0,5,15,7,9,56,0,83,4,6,5,31,0,45,0,0,0,0,0,0,0,0,0,0,0,0,0,0,0,0,0,0,0,0,0,0,0,3,3,0,0,0,0,0,0,0,3,0,0,3,4,0,0,0,0,5,0,0,0,0,0,0,0,0,0,0,0,0,7,4,5,55,0,75,0,0,0,0,0,0,0,4,0,0,0,3,4,0,0,0,0,5,0,0,0,0,0,0,0,0,0,0,0,0,3,0,0,6,0,8,23,5,0,6,0,39,0,0,0,10,39,48,128,44,52,448,55,721
UCL221022,0,8,15,148,0,170,0,0,0,6,0,10,0,0,0,0,0,0,0,0,0,0,0,0,4,0,0,5,0,7,20,4,8,196,3,229,0,0,0,0,0,0,4,0,0,0,0,4,9,0,0,30,0,38,3,0,0,5,0,4,3,0,0,6,0,8,0,0,0,0,0,0,9,0,3,89,3,106,3,0,0,7,0,11,0,0,0,0,0,0,0,0,0,0,0,0,0,0,0,0,0,0,0,0,3,0,0,5,3,0,0,0,0,3,3,0,0,0,0,5,0,0,0,7,0,10,0,0,0,0,0,3,0,0,0,0,0,0,9,4,5,83,0,105,0,0,0,0,0,0,0,0,0,0,0,0,0,0,0,0,0,0,0,0,0,0,0,0,0,0,0,0,0,0,0,0,0,4,0,0,5,0,0,3,0,13,0,0,0,5,22,27,56,16,23,390,27,511
UCL221023,3,22,14,235,9,281,0,3,0,14,0,18,7,0,0,3,0,7,0,0,0,0,0,0,4,0,3,3,0,13,51,24,19,221,14,316,0,0,0,0,0,0,0,0,0,0,0,0,6,0,0,15,0,22,5,0,5,0,0,3,0,0,0,0,0,3,0,0,0,0,0,0,10,5,0,65,0,88,4,0,0,4,0,11,0,0,0,0,0,0,0,0,0,0,0,0,0,0,0,0,0,0,0,0,0,0,0,0,0,0,0,0,0,0,0,0,0,0,0,0,0,0,0,0,0,0,0,0,0,0,0,0,0,0,0,0,0,0,9,7,0,79,0,105,0,0,0,0,0,0,0,0,0,0,0,0,0,0,0,0,0,0,0,0,0,0,0,0,0,0,0,0,0,0,0,0,0,0,0,0,4,6,0,7,0,22,0,0,0,0,36,42,93,43,27,462,61,680
UCL221024,11,40,15,346,8,417,0,0,0,17,0,19,6,5,4,4,0,13,3,0,0,0,0,4,20,5,0,3,0,23,76,44,24,317,7,465,3,0,0,0,0,4,0,0,0,3,0,3,10,8,5,42,0,66,0,0,0,0,0,0,0,0,0,0,0,0,6,0,0,0,0,6,8,7,6,84,0,109,9,5,0,5,0,19,0,0,0,0,0,3,0,0,0,0,0,0,0,0,0,0,0,0,0,0,0,0,0,3,0,0,0,0,0,0,0,0,0,0,0,0,3,0,0,0,0,8,0,0,0,0,0,0,0,0,0,0,0,0,19,14,6,103,0,142,0,0,0,0,0,0,0,0,0,0,0,0,0,0,0,0,0,0,0,0,0,0,0,0,0,0,5,0,0,4,5,0,0,0,0,4,16,0,8,9,0,34,5,0,0,3,28,33,161,70,45,675,40,994
UCL221025,4,19,8,240,15,287,0,0,0,21,0,20,0,0,0,0,0,0,0,0,0,0,0,0,6,0,0,3,0,21,29,16,12,210,5,273,8,0,4,3,0,12,0,0,0,4,0,0,5,4,3,35,0,47,0,0,0,0,0,3,0,0,0,0,0,0,15,0,0,0,0,22,5,0,3,78,0,83,0,0,0,5,0,6,0,0,0,0,0,0,0,0,0,0,0,0,0,0,0,0,0,0,0,3,0,0,0,4,0,0,0,0,0,0,0,0,0,0,0,0,0,0,0,0,0,4,0,0,0,0,0,0,0,0,0,0,0,6,9,0,7,68,0,77,0,0,0,0,0,0,4,0,0,4,0,5,0,0,0,0,0,0,0,0,0,0,0,0,0,0,0,0,0,0,5,0,0,0,0,8,25,7,0,3,0,30,5,0,0,7,50,60,90,35,22,492,70,713
UCL221026,7,23,14,213,7,268,0,0,0,12,0,12,0,0,0,0,0,3,0,0,0,3,0,9,11,0,0,0,0,14,71,18,19,222,4,330,6,0,0,0,0,6,0,0,0,0,0,0,12,0,0,18,0,29,0,0,0,0,0,0,4,0,0,0,0,4,10,0,0,0,0,10,6,6,4,76,0,94,0,0,3,14,0,17,0,0,0,0,0,0,0,0,0,0,0,0,0,0,0,0,0,0,0,0,0,0,0,0,0,0,0,0,0,0,0,4,3,0,0,9,7,0,0,0,0,5,4,0,0,0,0,4,0,0,0,0,0,0,10,11,0,63,4,90,0,0,0,0,0,0,0,0,0,0,0,0,0,0,0,0,0,0,0,0,0,0,0,0,0,0,0,0,0,0,0,0,0,0,0,0,28,9,7,3,0,45,3,0,0,9,42,59,141,46,28,450,59,725
UCL221027,0,10,14,270,3,297,0,0,0,14,0,17,0,0,0,4,0,4,0,0,0,0,0,0,3,4,4,3,0,15,27,14,13,225,4,288,0,0,0,0,0,9,0,0,0,0,0,0,4,0,0,15,0,26,0,0,0,0,0,4,0,0,0,0,0,0,0,0,0,0,0,0,0,5,5,101,3,112,6,0,0,14,0,19,0,0,0,0,0,0,0,0,0,0,0,0,0,0,0,0,0,0,6,0,0,8,0,13,0,0,0,0,0,0,0,5,0,0,0,5,6,0,3,0,0,3,0,0,0,0,0,0,0,0,0,0,0,0,11,5,0,82,0,100,0,0,0,0,0,0,0,3,0,0,0,3,0,0,0,0,0,0,0,0,0,0,0,0,0,0,0,0,0,0,4,0,0,0,0,4,19,0,0,9,0,28,0,0,0,7,79,90,72,22,27,541,87,753
UCL221028,5,29,16,190,0,237,0,0,0,0,0,3,0,0,0,0,0,5,0,0,0,0,0,0,5,0,0,4,0,14,74,45,22,289,0,426,0,0,0,0,0,0,0,0,0,4,0,0,8,4,0,11,0,26,0,0,0,4,0,3,0,4,0,0,0,4,0,0,0,0,0,0,21,7,6,113,0,146,6,3,0,7,0,20,0,0,0,0,0,0,0,0,0,6,0,3,0,0,0,0,0,0,0,0,0,0,0,3,0,0,0,0,0,0,0,0,6,0,0,4,0,0,0,0,0,0,0,0,0,0,0,0,0,0,0,0,0,0,16,8,10,105,0,139,0,0,0,0,0,0,0,0,0,0,0,0,0,0,0,0,0,0,0,0,0,0,0,0,0,0,0,0,0,0,0,0,0,0,0,0,17,7,3,10,0,33,0,0,0,0,81,79,135,63,38,494,87,811
UCL221029,0,24,17,295,3,337,0,0,0,14,3,19,0,0,0,0,0,3,0,0,0,0,0,0,14,12,0,14,0,43,15,23,18,224,9,292,0,0,0,0,0,0,0,0,0,0,0,0,9,0,0,13,0,25,0,0,0,0,0,0,5,0,0,3,0,5,0,0,0,0,0,0,7,9,4,64,0,85,0,4,0,22,0,24,0,0,0,0,0,0,0,0,0,0,0,0,0,0,0,0,0,0,4,0,0,7,0,10,0,0,0,0,0,0,0,0,0,0,0,0,0,0,0,4,0,11,3,0,0,0,0,6,0,0,0,0,0,0,4,3,3,50,0,71,0,0,0,0,0,0,0,0,0,0,0,0,0,0,0,0,0,0,0,0,0,0,0,0,0,0,0,0,0,0,0,0,0,0,0,0,10,0,0,4,0,14,0,0,0,11,17,35,64,43,27,539,30,703
UCL221030,7,11,3,146,4,171,0,0,0,10,0,5,0,0,0,0,0,0,4,0,0,0,0,9,4,0,0,0,0,3,62,13,15,145,4,235,0,0,0,0,0,0,3,0,0,0,0,3,5,4,0,9,0,16,4,0,0,0,0,3,0,0,0,0,0,0,0,0,0,0,0,0,7,5,4,51,0,73,8,0,0,5,0,13,0,0,0,0,0,0,0,0,0,0,0,0,0,0,0,0,0,0,7,0,0,0,0,10,0,0,0,0,0,0,3,0,0,0,0,3,0,0,0,0,0,4,5,0,0,0,0,5,0,0,0,0,0,0,13,5,0,41,0,59,0,0,0,0,0,0,0,0,0,0,0,0,3,0,0,0,0,5,0,0,0,0,0,0,0,0,0,0,0,0,3,0,0,0,0,5,29,0,0,0,0,27,5,0,3,0,26,39,140,18,23,291,39,510
UCL221031,10,26,17,185,3,237,0,0,0,9,0,6,0,0,0,0,0,0,3,0,0,5,0,5,3,5,0,9,0,10,58,34,12,146,7,246,3,0,0,0,0,3,0,0,0,4,0,3,5,7,0,21,0,42,0,0,0,0,0,7,3,0,0,0,0,4,0,0,0,0,0,0,12,6,0,78,3,107,0,8,0,10,0,19,0,0,0,0,0,0,0,0,0,0,0,0,0,0,0,0,0,0,15,6,0,16,3,35,0,0,0,0,0,0,0,0,0,0,0,6,5,0,0,0,0,4,0,0,5,0,0,7,0,0,0,0,0,0,8,11,5,55,0,76,3,0,0,0,0,3,9,0,0,0,0,3,0,0,0,0,0,0,0,0,0,0,0,0,5,0,0,0,0,5,0,0,0,0,0,4,11,6,0,7,0,25,0,0,0,0,29,29,125,55,25,365,40,607
UCL221032,0,10,15,194,0,216,0,0,0,3,0,3,0,0,0,0,0,3,0,0,0,0,0,0,0,3,0,0,0,4,18,21,10,220,0,269,0,0,0,0,0,0,0,0,0,0,0,0,5,9,5,21,0,31,3,0,0,0,0,6,0,0,0,0,0,3,0,0,0,0,0,0,3,6,0,77,0,90,6,0,0,7,0,8,0,0,0,0,0,0,0,0,0,0,0,0,0,0,0,4,0,4,0,0,0,0,0,0,0,0,0,0,0,0,0,0,0,0,0,3,0,0,0,0,0,0,0,0,0,0,0,0,0,0,0,0,0,0,8,9,9,59,0,77,0,0,0,0,0,0,0,0,0,0,0,0,0,0,0,0,0,0,0,0,0,0,0,0,0,0,0,0,0,0,0,0,0,0,0,0,13,4,3,5,0,27,0,0,0,14,37,54,48,38,20,423,45,570
UCL221033,0,12,13,229,0,255,0,0,0,6,0,6,5,0,0,0,0,4,0,0,0,0,0,0,5,0,4,0,0,5,17,9,6,159,0,208,0,0,0,0,0,0,3,0,0,0,0,3,4,0,0,35,0,40,0,3,0,0,0,3,6,0,0,0,0,6,16,0,0,0,0,16,6,0,0,37,0,43,0,0,0,5,0,6,0,0,0,0,0,0,0,0,0,0,0,0,0,0,0,0,0,0,0,0,0,0,0,0,0,0,0,0,0,0,0,0,0,0,0,0,0,0,0,0,0,0,0,0,0,0,0,0,0,0,0,0,0,0,8,0,0,28,0,36,0,0,0,0,0,0,0,0,0,0,0,0,0,0,0,0,0,0,0,0,0,0,0,0,0,0,0,0,0,0,0,0,0,0,0,0,3,0,0,0,0,12,0,0,0,11,25,30,48,25,24,389,28,509
UCL221034,13,45,36,252,0,349,0,0,0,4,0,4,9,0,0,4,0,6,11,0,0,5,0,19,0,0,3,3,0,12,47,24,31,219,0,321,8,3,0,0,0,7,0,0,0,0,0,5,6,7,4,26,0,41,8,3,6,0,0,9,0,4,0,4,0,5,4,0,0,0,0,14,13,3,9,60,0,81,17,7,3,32,0,65,0,0,0,0,0,0,0,0,0,0,0,0,6,0,0,3,0,12,81,20,12,63,0,180,4,0,0,0,0,4,3,0,0,0,0,4,0,0,3,8,0,11,0,0,0,0,0,0,0,0,0,0,0,0,15,7,6,41,0,71,0,0,0,0,0,0,0,0,0,0,0,0,0,0,0,0,0,0,0,0,0,4,0,6,0,0,0,0,0,0,0,0,0,0,0,0,40,7,20,10,0,79,0,0,0,0,13,17,237,86,66,514,11,914
UCL221035,3,17,15,288,11,332,0,3,0,16,3,22,0,0,0,3,0,4,0,0,0,0,0,0,13,6,0,3,0,19,50,10,12,266,10,350,0,0,0,0,0,0,0,0,0,0,0,0,0,0,0,13,0,14,0,0,0,0,0,0,0,0,0,0,0,0,4,0,0,0,0,4,4,0,4,75,3,89,4,0,0,4,0,10,0,0,0,0,0,0,0,0,0,0,0,0,0,0,0,0,0,0,0,0,0,0,0,0,0,0,0,0,0,0,0,0,0,0,0,0,4,0,5,0,0,5,0,0,0,0,0,0,0,0,0,0,0,0,13,9,6,80,0,106,0,0,0,0,0,0,0,0,0,0,0,0,0,0,0,0,0,0,0,0,0,0,0,0,7,0,0,0,0,7,3,0,0,7,0,3,11,4,0,11,0,20,0,0,0,5,61,72,83,29,25,561,84,779
UCL221036,3,28,21,279,0,339,0,0,0,10,0,12,0,0,0,5,0,0,0,0,0,0,0,0,8,3,0,7,0,24,48,31,22,244,4,345,0,0,0,0,0,0,3,5,0,7,0,8,7,3,0,20,0,30,0,0,0,4,0,6,0,0,0,0,0,0,0,0,0,0,0,0,10,7,7,74,0,102,11,0,0,15,0,28,0,0,0,0,0,0,0,0,0,0,0,0,0,0,0,0,0,0,0,0,0,0,0,3,0,0,0,0,0,0,5,3,0,0,0,5,0,0,0,3,0,3,0,0,0,0,0,0,0,0,0,0,0,0,10,10,8,77,0,99,0,0,0,0,0,0,0,0,0,0,0,0,5,0,0,0,0,8,0,0,0,0,0,0,0,0,0,0,0,0,6,0,0,6,0,10,15,0,9,4,0,32,0,0,0,4,35,44,111,52,41,534,45,773
UCL221037,0,16,10,275,3,310,0,0,0,8,0,8,0,0,0,0,0,0,0,0,0,0,0,0,3,0,0,6,0,9,27,19,16,254,4,317,4,0,0,0,0,5,0,0,0,0,0,0,5,0,0,39,0,45,4,0,0,0,0,4,5,0,0,0,0,5,0,0,0,0,0,0,6,3,0,44,0,61,9,0,0,8,0,17,0,0,0,0,0,0,0,0,0,0,0,0,0,0,0,0,0,0,3,0,0,0,0,4,0,0,0,0,0,0,0,0,0,0,0,0,6,0,0,0,0,6,0,5,0,0,0,5,0,0,0,0,0,0,7,3,10,58,0,72,0,0,0,0,0,0,0,0,0,0,0,0,0,0,0,0,0,0,0,0,0,0,0,0,0,0,0,0,0,0,0,0,0,4,0,3,8,0,0,11,0,19,3,0,0,6,27,28,68,32,25,533,33,683
UCL221038,10,32,27,301,7,372,0,0,0,5,0,10,0,0,0,0,0,0,4,0,0,3,0,12,0,3,0,5,0,12,43,36,21,236,5,344,0,3,0,0,0,0,3,0,0,0,0,5,7,9,0,21,0,35,9,6,3,0,0,17,3,0,0,4,0,4,0,0,0,0,0,0,15,3,7,82,0,109,13,9,0,30,3,53,0,0,0,0,0,0,0,0,0,0,0,0,0,0,0,0,0,3,3,0,0,3,0,7,0,0,0,0,0,0,3,0,0,0,0,3,5,0,0,0,0,5,0,0,0,0,0,0,0,0,0,0,0,0,3,12,7,74,0,102,3,0,0,0,0,3,3,0,0,0,0,3,0,0,0,0,0,0,0,0,0,0,0,0,0,0,0,0,0,0,3,0,0,4,0,7,19,7,9,20,0,58,0,0,0,8,85,96,124,69,50,560,94,901
UCL221039,0,18,6,285,0,310,0,6,0,14,0,16,7,0,0,0,0,3,0,0,0,0,0,0,0,0,0,6,0,6,25,16,4,267,6,323,0,0,0,0,0,0,0,0,0,0,0,0,0,3,0,18,0,30,0,0,0,0,0,0,4,0,0,0,0,4,0,0,0,0,0,0,9,0,4,73,0,82,12,4,0,28,0,44,0,0,0,0,0,0,0,0,0,0,0,0,0,0,0,0,0,0,0,0,0,0,0,0,0,0,0,0,0,0,0,0,0,0,0,0,0,0,0,0,0,0,0,0,0,0,0,0,0,0,0,0,0,0,3,3,0,78,3,84,0,0,0,0,0,0,0,0,0,0,0,0,0,0,0,0,0,0,0,0,0,0,0,0,0,0,0,0,0,0,0,0,0,0,0,3,10,5,0,5,0,20,0,0,0,4,84,85,64,37,9,558,93,762
UCL221040,6,21,16,236,5,280,0,0,0,20,0,23,0,0,0,6,0,5,0,0,0,0,0,0,6,3,3,6,0,16,39,16,20,205,3,276,0,0,0,0,0,0,4,3,0,5,0,6,10,5,0,11,0,26,0,0,0,0,0,0,0,0,0,0,0,0,5,0,0,0,0,5,9,4,7,74,0,91,3,0,0,20,0,31,0,0,0,0,0,0,0,0,0,0,0,0,4,0,0,0,0,6,4,0,0,3,0,6,0,0,0,0,0,0,4,0,0,0,0,4,3,0,0,0,0,4,0,0,0,0,0,0,0,0,0,0,0,0,22,7,4,64,0,99,0,0,0,0,0,0,3,0,0,0,0,3,0,0,0,4,0,4,0,0,0,0,0,0,0,0,0,0,0,0,0,0,0,0,0,0,13,4,0,22,0,43,6,0,0,4,14,24,105,39,33,470,25,661
UCL221041,4,34,17,210,0,277,0,0,0,0,0,0,0,0,0,4,0,4,4,6,0,3,0,16,6,7,7,7,0,25,32,28,23,193,3,279,3,0,0,0,0,3,0,0,0,0,0,3,9,0,3,18,0,29,0,0,0,0,0,0,0,0,0,0,0,0,0,0,0,0,0,0,3,7,7,71,0,88,8,0,0,14,0,23,0,0,0,0,0,0,0,0,0,0,0,0,0,0,0,0,0,0,4,0,0,0,0,7,3,0,0,0,0,3,0,0,0,0,0,4,5,0,0,0,0,6,0,0,0,0,0,3,0,0,0,0,0,0,12,8,3,56,0,77,0,0,0,0,0,0,0,0,0,0,0,0,0,0,0,3,0,8,0,0,0,0,0,0,0,0,0,0,0,0,0,0,0,0,0,0,10,11,0,11,0,27,0,0,0,0,25,21,91,63,39,425,30,641
UCL221042,9,16,23,189,0,233,0,0,4,9,0,12,0,0,0,0,0,0,0,0,0,0,0,0,0,0,0,7,0,12,19,6,16,163,0,198,3,0,5,0,0,10,0,0,0,6,0,6,0,0,0,11,0,18,0,0,0,0,0,0,0,0,0,0,0,0,0,0,0,0,0,0,4,3,0,60,0,70,3,0,0,11,0,13,0,0,0,0,0,0,0,0,0,0,0,0,0,0,0,0,0,0,0,0,0,0,0,3,0,0,0,0,0,0,0,0,0,0,0,0,0,0,0,0,0,4,0,0,0,0,0,0,0,0,0,0,0,0,8,0,5,55,0,59,0,0,0,0,0,0,0,0,0,0,0,0,0,0,0,0,0,0,0,0,0,5,0,3,0,0,0,0,0,0,3,0,0,6,0,8,50,0,0,7,7,57,4,0,0,9,39,51,91,19,25,372,42,554
UCL221043,5,37,20,233,11,303,0,0,0,20,0,19,6,0,0,0,0,6,0,0,0,0,0,0,21,0,3,0,0,26,114,36,37,288,17,486,4,0,0,0,0,4,4,0,0,0,0,3,21,4,0,22,3,53,4,0,0,0,0,4,6,0,0,0,0,6,0,0,0,0,0,0,29,8,8,98,0,135,5,3,0,9,0,17,0,0,0,0,0,0,0,0,0,0,0,0,0,0,0,0,0,5,12,0,0,0,0,12,6,0,0,0,0,6,3,0,0,0,0,11,7,4,0,0,0,8,3,0,0,0,0,4,0,0,0,0,0,0,19,14,9,73,0,117,5,0,0,0,0,8,0,0,0,0,0,0,3,0,0,0,0,6,3,0,0,0,0,3,0,0,0,0,0,0,4,0,0,0,0,7,36,6,5,12,0,57,3,0,0,3,62,66,267,73,46,546,82,1020
UCL221044,6,38,32,258,4,336,0,0,0,8,0,8,11,0,0,5,0,17,0,0,0,0,0,0,20,4,0,6,0,31,103,45,37,334,0,523,11,0,0,0,0,11,0,0,0,9,0,10,33,3,0,31,0,73,9,3,0,0,0,11,3,0,0,0,0,3,0,0,0,0,0,0,21,10,8,127,0,161,4,0,0,7,0,24,0,0,0,0,0,0,0,0,0,0,0,0,0,0,0,0,0,0,0,3,0,0,0,5,0,0,0,0,0,4,3,3,4,0,0,18,3,0,0,0,0,7,0,0,0,0,0,0,0,0,0,0,0,0,21,7,6,141,0,176,0,0,0,0,0,0,0,0,0,0,0,0,0,0,0,5,0,11,0,0,0,0,0,0,0,0,0,0,0,0,0,3,0,7,0,7,55,12,8,26,0,101,0,0,0,0,77,82,238,77,61,654,81,1118
UCL221045,0,41,5,224,4,281,0,0,0,13,0,13,0,0,0,4,0,6,0,0,0,0,0,0,3,3,3,10,0,18,50,42,11,253,8,361,0,0,0,0,0,0,0,0,0,0,0,4,4,8,0,32,0,42,4,0,0,0,0,7,0,0,0,0,0,0,4,0,0,0,0,4,14,11,3,90,0,119,7,9,4,11,0,26,0,0,0,0,0,0,0,0,0,0,0,0,0,0,0,0,0,0,0,0,0,4,0,0,0,3,0,0,0,5,4,0,0,0,0,8,3,0,0,0,0,8,0,0,0,0,0,0,0,0,0,0,0,0,16,7,3,71,0,97,0,0,0,0,0,0,0,0,0,0,0,0,0,0,0,0,0,0,0,0,0,0,0,0,0,0,0,0,0,0,0,3,0,5,0,10,25,12,7,14,3,58,0,0,0,3,29,32,109,84,20,481,39,736
UCL221046,4,57,28,703,4,796,0,0,0,21,0,22,0,0,0,5,0,11,0,0,0,3,0,3,4,7,0,11,0,28,34,31,22,505,4,605,7,0,4,0,0,11,0,0,0,5,0,5,5,3,3,45,0,54,0,0,0,0,0,0,3,0,0,0,0,3,14,0,0,0,0,20,4,7,3,138,0,150,0,0,3,38,0,40,0,0,0,0,0,0,0,0,0,0,0,0,0,0,0,0,0,0,0,0,0,8,0,8,0,0,0,0,0,0,0,0,0,0,0,0,4,0,0,5,0,10,0,0,0,0,0,0,0,0,0,0,0,0,4,8,7,104,0,128,0,0,0,7,0,7,5,3,0,0,0,9,0,0,0,4,0,5,0,0,0,0,0,0,0,0,0,0,0,0,0,0,0,5,0,8,37,0,4,20,0,60,0,0,0,14,53,67,117,72,45,1206,61,1508
UCL221047,8,30,27,241,0,314,0,0,0,15,0,15,0,0,0,0,0,0,3,0,0,0,0,0,20,9,0,26,0,60,39,20,17,142,9,229,0,0,0,0,0,0,0,0,0,0,0,0,12,4,0,10,8,31,0,0,0,0,0,0,3,0,0,0,0,3,0,0,0,0,0,0,5,3,6,44,0,62,9,4,0,16,0,28,0,0,0,0,0,0,0,0,0,0,0,0,0,0,0,0,0,0,0,0,0,0,0,0,3,0,0,0,0,3,0,0,4,0,0,3,0,0,0,3,0,3,0,0,0,0,0,7,0,0,0,0,0,0,11,0,3,40,3,57,0,0,0,0,0,0,0,0,0,0,0,0,0,3,0,0,0,9,0,0,0,0,0,3,0,0,0,0,0,3,0,0,0,0,0,0,15,3,4,3,0,30,0,0,0,0,29,33,125,53,41,388,38,646
UCL221048,3,23,11,189,0,235,0,0,0,9,0,9,0,0,0,0,0,0,0,0,0,0,0,0,13,5,0,18,0,37,35,23,13,162,3,234,0,0,0,0,0,0,0,0,0,0,0,0,3,0,0,21,0,23,0,0,0,0,0,3,0,0,0,0,0,0,0,0,0,0,0,0,6,3,0,31,0,45,5,0,0,21,0,22,0,0,0,0,0,0,0,0,0,0,0,0,0,0,0,0,0,0,0,0,0,0,0,0,0,0,0,0,0,0,0,0,0,0,0,3,3,0,0,0,0,4,0,0,0,0,0,0,0,0,0,0,0,0,7,3,4,46,0,56,0,0,0,0,0,0,0,0,0,0,0,0,0,0,0,0,0,0,0,0,0,0,0,0,0,0,0,0,0,0,0,0,0,0,0,0,7,0,3,4,0,13,0,0,0,8,28,36,66,34,20,355,34,516
UCL221049,0,26,13,274,6,315,0,0,0,0,0,0,0,0,0,0,0,0,0,0,0,6,0,6,8,5,5,6,0,19,30,23,12,229,3,303,0,0,0,0,0,0,0,0,0,0,0,0,3,3,0,33,0,36,0,0,0,0,0,0,0,0,0,0,0,0,0,0,0,0,0,0,11,7,3,79,0,97,7,8,0,14,0,24,0,0,0,0,0,0,0,0,0,0,0,0,0,0,0,0,0,0,0,0,0,4,0,3,0,0,0,0,0,0,0,0,0,0,0,4,0,0,0,7,0,7,0,0,0,0,0,0,0,0,0,0,0,0,7,3,3,75,0,88,0,0,0,0,0,0,0,0,0,0,0,0,4,0,0,3,0,4,0,0,0,0,0,0,0,0,0,0,0,0,0,0,0,4,0,9,11,8,0,12,0,31,0,0,0,8,12,16,71,43,21,534,23,691
UCL221050,0,22,18,261,13,314,0,0,0,37,0,35,0,0,0,7,0,3,0,0,0,0,0,0,9,0,0,0,0,15,37,20,20,247,5,329,3,0,0,0,0,4,0,0,0,6,0,6,4,0,0,27,0,30,3,0,0,0,0,3,0,0,0,0,0,0,0,0,0,0,0,0,4,15,0,89,0,113,10,0,0,9,0,23,0,0,0,0,0,0,0,0,0,0,0,0,0,0,0,4,0,3,0,0,0,0,0,0,0,3,0,0,0,8,0,0,0,0,0,0,0,0,0,0,0,0,0,0,0,0,0,0,0,0,0,0,0,0,9,10,4,66,0,91,0,0,0,0,0,0,0,0,0,0,0,0,0,0,0,0,0,0,0,0,0,0,0,0,0,0,0,0,0,0,3,0,0,0,0,0,25,3,6,4,0,40,8,0,0,21,49,70,105,43,35,540,64,775
UCL221051,3,14,19,285,4,318,0,6,0,16,0,16,0,0,0,3,0,5,0,0,0,8,0,6,3,0,0,0,0,4,17,9,16,292,0,330,3,0,4,0,0,9,0,0,0,6,0,6,5,3,3,64,4,80,0,0,0,0,0,0,0,0,0,0,0,0,8,0,0,0,0,5,5,4,0,68,0,85,0,0,0,14,0,15,0,0,0,0,0,0,0,0,0,0,0,3,0,0,0,0,0,0,0,0,0,0,0,5,0,0,0,0,0,0,0,0,0,0,0,0,0,0,0,0,0,5,0,0,0,0,0,0,0,0,0,0,0,0,7,11,4,64,5,84,0,0,0,0,0,0,0,0,0,0,0,0,0,0,0,0,0,0,0,0,0,0,0,0,0,0,0,0,0,0,0,0,0,0,0,6,18,0,5,4,0,28,0,0,0,6,32,40,67,28,33,611,43,780
UCL221052,3,15,23,202,0,242,0,5,0,9,0,9,9,0,0,0,0,9,3,0,0,0,0,3,12,3,0,11,0,25,48,20,16,128,4,210,0,0,0,4,0,8,0,0,0,0,0,0,3,5,0,10,0,14,0,0,0,0,0,0,0,0,0,0,0,0,0,0,0,0,0,0,9,8,0,40,0,47,0,0,0,14,0,14,0,0,0,0,0,0,0,0,0,0,0,0,0,0,0,0,0,0,0,0,3,0,0,4,0,0,0,0,0,0,0,6,0,3,0,7,0,0,0,0,0,7,0,0,0,0,0,0,0,0,0,0,0,0,11,6,7,27,0,47,0,0,0,0,0,0,0,0,0,0,0,0,0,0,0,0,0,0,0,0,0,0,0,0,0,0,0,0,0,0,0,0,0,5,0,3,10,0,0,11,0,22,3,4,0,4,21,35,99,43,32,328,29,526
UCL221053,6,22,21,232,0,289,0,0,0,3,0,3,5,0,0,0,0,0,0,0,0,0,0,4,16,0,0,7,0,24,68,26,14,259,8,371,4,0,0,0,0,5,0,0,0,3,0,8,19,5,0,17,0,43,0,0,0,0,0,4,0,0,0,0,0,0,4,0,0,0,0,4,10,0,3,57,0,77,8,0,0,7,0,12,0,0,0,0,0,0,0,0,0,0,0,0,0,0,0,0,0,0,6,0,0,0,0,9,0,0,0,0,0,0,0,0,0,0,0,0,4,0,0,0,0,3,0,0,0,0,0,0,0,0,0,0,0,0,16,7,6,55,4,85,0,0,0,0,0,0,5,0,0,0,0,5,0,0,0,0,0,0,0,0,0,0,0,0,0,0,0,0,0,0,4,0,0,10,0,14,12,7,0,11,0,32,4,0,0,3,19,29,153,47,33,485,36,748
UCL221054,0,19,13,215,0,253,0,0,0,5,0,0,0,0,0,5,0,8,0,0,0,0,0,0,5,0,3,8,0,15,53,21,15,213,5,308,0,0,0,0,0,0,0,3,0,0,0,4,4,0,0,21,0,23,4,0,0,0,0,4,0,0,0,0,0,0,0,0,0,0,0,0,13,12,4,85,0,113,3,0,0,20,0,23,0,0,0,0,0,0,0,0,0,0,0,0,0,0,0,0,0,0,3,0,0,0,0,3,0,0,0,0,0,3,6,0,4,0,0,6,0,0,0,0,0,6,0,0,0,0,0,3,0,0,0,0,0,0,3,11,4,67,0,92,0,0,0,0,0,0,0,0,0,0,0,0,0,0,0,0,0,0,0,0,0,0,0,0,0,0,0,0,0,0,5,0,0,3,0,13,23,11,0,17,0,40,0,0,0,9,26,34,97,44,33,450,38,656
UCL221055,3,10,8,270,0,296,0,0,0,12,0,12,0,0,3,0,0,4,0,0,0,3,0,9,4,0,3,0,0,9,15,16,11,253,3,297,0,0,0,0,0,0,0,0,0,0,0,0,3,0,3,29,0,39,0,0,0,3,0,5,0,0,0,0,0,0,0,0,0,0,0,0,4,0,0,56,0,61,13,0,0,38,0,56,0,0,0,0,0,0,0,0,0,0,0,0,0,0,0,0,0,0,0,0,0,0,0,0,0,0,0,0,0,0,0,0,0,0,0,0,0,0,0,0,0,3,0,0,0,0,0,0,0,0,0,0,0,0,4,0,4,67,0,78,0,0,0,0,0,0,0,0,0,0,0,3,0,4,0,0,0,4,0,0,0,0,0,0,0,0,0,0,0,0,0,0,0,0,0,0,10,0,6,12,0,37,0,0,0,12,24,28,48,22,24,541,21,660
UCL221056,5,11,6,207,7,226,0,0,0,44,0,40,12,0,0,0,3,16,0,0,0,0,0,0,7,0,0,0,0,8,17,8,8,145,0,174,0,0,0,0,0,0,0,0,0,0,0,0,0,0,0,23,0,30,0,0,0,0,0,4,0,0,0,3,0,5,0,0,0,0,0,0,0,3,0,45,0,47,4,0,0,0,0,3,0,0,0,0,0,0,0,0,0,0,0,0,0,0,0,0,0,0,0,0,0,0,0,0,0,0,0,0,0,0,0,0,0,0,0,0,0,0,0,0,0,0,0,0,0,0,0,0,0,0,0,0,0,0,4,4,0,35,0,47,0,0,0,0,0,0,11,0,0,0,0,11,0,0,0,0,0,0,0,0,0,0,0,0,0,0,0,0,0,0,0,0,0,0,0,0,13,0,4,7,3,24,7,0,0,4,68,77,65,16,16,363,77,532
UCL221057,6,41,35,300,0,389,0,0,0,12,0,12,0,0,0,0,0,0,0,0,0,0,0,0,5,8,5,6,0,32,79,38,21,226,0,363,0,0,0,0,0,0,0,0,0,5,0,0,3,5,0,13,0,17,0,0,0,0,0,0,0,0,0,0,0,3,0,0,0,4,0,0,15,4,6,51,0,77,0,4,0,11,0,22,0,0,0,0,0,0,0,0,0,0,0,0,0,0,0,0,0,0,0,0,0,0,0,3,0,0,0,0,0,0,0,0,0,0,0,3,0,0,0,0,0,0,0,0,0,0,0,0,0,0,0,0,0,4,21,7,3,53,0,83,0,0,0,0,0,0,0,0,0,0,0,0,0,0,0,0,0,0,0,0,0,0,0,6,0,0,0,0,0,0,0,0,0,0,0,0,5,0,6,14,0,24,0,0,0,0,55,56,126,62,45,500,61,789
UCL221058,4,21,10,207,0,250,0,0,0,3,0,3,0,0,0,0,0,4,0,0,0,0,0,0,3,5,0,8,0,14,23,19,4,156,0,210,0,0,0,0,0,0,0,0,0,0,0,0,3,0,0,20,0,27,0,0,0,0,0,0,0,0,0,0,0,0,3,0,0,0,0,3,4,0,3,52,0,56,8,0,0,16,0,23,0,0,0,0,0,0,0,0,0,0,0,0,0,0,0,0,0,0,0,0,0,0,0,3,0,0,0,0,0,0,0,0,0,0,0,0,0,0,0,0,0,0,0,0,0,0,0,0,0,0,0,0,0,0,6,0,0,52,0,57,0,0,0,0,0,0,0,0,0,0,0,0,0,0,0,0,0,0,0,0,0,0,0,0,0,0,0,0,0,0,0,0,0,0,0,0,12,0,0,0,0,11,0,0,0,4,30,34,55,28,13,373,29,503
UCL221059,6,35,18,252,5,312,0,0,0,5,0,5,0,0,0,4,0,4,0,0,0,0,0,0,7,3,0,7,0,23,55,40,13,234,0,340,0,0,0,0,0,0,6,0,0,0,0,10,14,13,4,15,0,48,0,0,0,0,0,4,0,0,0,0,0,5,0,0,0,0,0,0,14,3,4,83,0,108,7,4,4,19,0,34,0,0,0,0,0,0,0,0,0,0,0,0,0,0,0,0,0,0,0,0,0,0,0,0,0,3,0,0,0,4,3,0,3,0,0,7,0,0,0,0,0,4,0,0,0,3,0,3,0,0,0,0,0,0,11,3,8,64,0,91,0,0,0,0,0,0,0,0,0,0,0,0,5,0,0,0,0,4,0,0,0,0,0,0,0,0,0,0,0,0,3,5,0,3,0,7,21,17,3,11,0,57,0,0,0,7,29,43,119,68,32,512,46,771
UCL221060,6,33,17,150,4,206,0,0,0,6,0,6,0,0,0,0,0,6,0,0,0,0,0,0,17,0,0,0,0,17,65,37,16,177,9,299,0,0,0,0,0,0,0,0,0,0,0,0,14,5,5,15,4,33,0,0,0,0,0,4,5,0,0,0,0,5,0,0,0,0,0,5,16,14,3,53,3,88,6,0,0,0,0,8,0,0,0,0,0,0,0,0,0,0,0,0,0,0,0,0,0,0,0,0,0,0,0,0,0,0,0,0,0,0,0,0,0,0,0,0,0,0,0,0,0,0,0,0,0,0,0,4,0,0,0,0,0,0,14,19,0,62,3,95,0,0,0,0,0,0,0,0,0,0,0,0,0,0,0,0,0,0,0,0,0,0,0,0,0,0,0,0,0,0,0,0,3,0,0,10,25,6,0,3,0,31,4,0,0,0,20,20,139,63,29,324,31,589
UCL221061,7,25,10,191,6,240,0,0,0,0,0,0,0,0,0,0,0,5,3,0,0,0,0,4,13,0,0,10,0,18,90,35,22,171,6,326,0,0,0,0,0,0,0,0,0,6,0,4,12,3,4,19,0,38,3,0,0,0,0,3,0,0,0,0,0,9,0,0,0,0,0,0,15,12,3,64,0,100,18,0,0,11,0,36,0,0,0,0,0,0,0,0,0,0,0,0,0,0,0,0,0,0,5,0,0,0,0,3,3,0,0,0,0,3,4,0,0,0,0,3,4,0,0,0,0,4,0,0,0,0,0,0,0,0,0,0,0,0,21,10,7,83,0,122,0,0,0,0,0,0,0,0,0,0,0,0,0,0,0,0,0,0,0,0,0,0,0,0,0,0,0,0,0,0,4,0,0,5,0,11,18,0,3,7,0,31,0,0,0,5,52,59,178,59,33,404,58,729
UCL221062,4,16,21,330,3,382,0,0,0,20,3,19,5,0,0,4,0,12,0,0,0,0,0,0,11,3,0,3,0,25,48,20,28,310,9,417,7,0,5,0,0,11,0,0,0,0,0,0,10,0,3,33,0,46,0,0,0,0,0,4,0,0,0,0,0,0,3,0,0,3,0,8,3,0,9,98,0,118,3,3,0,11,0,20,0,0,0,0,0,0,0,0,0,0,0,0,4,0,0,0,0,4,0,0,0,3,0,9,0,0,0,0,0,0,6,0,0,0,0,3,0,0,0,0,0,0,0,0,0,0,0,0,0,0,0,0,0,0,6,3,3,88,0,103,0,0,0,0,0,0,0,0,0,0,0,0,0,0,0,0,0,5,0,0,0,0,0,0,0,0,0,0,0,0,4,0,0,0,0,0,34,0,0,4,0,41,0,0,0,7,79,93,131,39,46,662,97,972
UCL221063,5,18,3,198,6,231,0,0,0,9,0,9,0,0,0,0,0,0,0,0,0,0,0,0,3,0,0,3,0,6,16,18,9,196,0,240,0,0,0,0,0,0,0,0,0,3,0,3,0,0,0,19,0,17,0,0,0,0,0,0,0,0,0,0,0,0,0,0,0,0,0,0,3,0,0,68,0,70,0,0,0,8,0,11,0,0,0,0,0,0,0,0,0,0,0,0,0,0,0,0,0,0,3,0,0,0,0,3,0,3,0,0,0,6,0,0,0,0,0,0,0,0,0,0,0,0,0,0,0,0,0,0,0,0,0,0,0,0,3,0,3,53,4,62,0,0,0,0,0,0,0,0,0,0,0,0,0,0,0,0,0,0,0,0,0,0,0,0,0,0,0,0,0,0,0,0,0,0,0,0,19,0,0,3,0,24,0,0,0,8,32,42,60,27,13,421,42,562
UCL221064,5,45,31,252,0,331,0,0,0,10,0,10,0,0,5,0,0,5,0,0,0,4,0,0,15,3,3,21,0,46,44,34,25,213,0,308,0,0,0,0,0,3,0,0,0,3,0,9,5,5,0,21,0,31,0,0,0,4,0,4,0,0,0,0,0,0,0,0,0,0,0,0,11,3,3,71,0,83,5,0,0,14,0,16,0,0,0,0,0,0,0,0,0,0,0,0,0,0,0,0,0,0,0,0,0,0,0,0,0,0,0,0,0,0,0,8,4,0,0,12,9,0,7,4,0,12,0,0,0,0,0,0,0,0,0,0,0,0,6,12,0,62,0,83,0,0,0,0,0,0,0,0,0,0,0,0,0,0,0,0,0,0,0,0,0,0,0,0,0,0,0,0,0,0,3,0,0,0,0,7,23,5,0,9,0,32,0,0,0,7,37,44,98,65,43,455,38,695
UCL221065,0,32,13,120,0,172,0,0,0,0,0,0,0,0,0,0,0,0,0,0,0,0,0,0,6,0,0,0,0,11,47,35,20,170,6,277,0,0,0,0,0,0,3,0,0,3,0,9,3,3,0,17,0,25,0,0,0,0,0,0,0,0,0,0,0,0,0,0,0,0,0,0,8,8,0,49,0,67,10,5,0,7,0,18,0,0,0,0,0,0,0,0,0,0,0,0,0,0,0,0,0,0,0,0,0,0,0,0,0,0,0,0,0,0,0,3,0,0,0,5,3,0,0,0,0,6,0,0,0,0,0,0,0,0,0,0,0,0,16,9,0,63,0,78,0,0,0,0,0,0,0,0,0,0,0,0,0,0,0,0,0,0,0,0,6,0,0,6,0,0,0,0,0,0,3,0,0,0,0,3,10,3,0,3,0,22,0,0,0,0,17,18,87,57,27,315,22,515
UCL221066,8,13,17,286,13,329,0,0,0,11,0,18,3,0,0,0,0,3,4,4,0,0,0,5,17,4,0,10,0,28,28,18,17,254,3,326,3,0,0,0,0,3,0,0,0,0,0,3,9,0,4,30,0,41,4,0,0,3,0,0,0,0,0,3,0,3,0,0,0,0,0,0,5,0,6,74,5,86,0,3,0,8,0,11,0,0,0,0,0,0,0,0,0,0,0,0,0,0,0,0,0,0,4,6,0,3,3,13,0,0,0,0,0,0,0,0,0,0,0,0,0,0,0,0,0,3,0,0,0,0,0,0,0,0,0,0,0,0,4,0,0,56,0,63,0,0,0,0,0,0,6,0,0,0,0,6,0,0,0,0,0,0,0,0,0,0,0,0,0,0,0,3,0,0,0,0,0,0,0,0,6,0,5,4,0,19,0,0,0,10,46,56,83,31,23,529,64,731
UCL221067,0,8,19,214,7,254,0,0,0,16,0,16,0,0,5,3,0,5,0,0,0,0,0,0,0,0,0,0,0,3,15,9,15,220,7,272,10,0,0,0,0,10,0,0,0,0,0,0,0,0,0,17,0,20,0,0,0,0,0,0,0,0,0,0,0,0,0,0,0,0,0,0,0,5,0,65,0,78,0,0,0,19,0,18,0,0,0,0,0,0,0,0,0,0,0,0,0,0,0,0,0,0,0,0,0,7,0,8,5,0,0,0,0,5,0,0,0,0,0,0,0,0,0,0,0,3,0,0,0,0,0,0,0,0,0,0,0,0,7,0,8,39,0,54,0,0,0,0,0,0,0,0,0,0,0,0,0,0,0,0,0,0,0,0,0,0,0,0,0,0,0,0,0,0,0,0,0,0,0,0,0,0,0,6,0,8,3,0,0,9,29,41,48,17,29,433,43,572
UCL221068,4,17,19,186,0,230,0,0,0,12,0,10,0,0,0,0,0,6,0,0,0,3,0,8,0,0,0,3,0,9,38,30,19,145,8,238,10,0,3,0,0,8,0,0,0,0,0,3,8,3,0,16,0,26,3,7,0,0,0,13,3,0,0,0,0,6,0,0,0,3,0,4,4,9,0,69,0,85,0,0,3,5,0,9,0,0,0,0,0,0,0,0,0,0,0,0,4,0,0,5,0,9,0,0,0,0,0,0,0,0,0,0,0,3,0,0,0,0,0,5,0,0,0,0,0,0,0,0,0,0,0,0,0,0,0,0,0,0,4,7,0,40,0,50,0,0,0,5,0,6,0,0,0,0,0,4,0,0,0,0,0,0,0,3,0,0,0,4,0,0,0,0,0,0,0,0,0,0,0,0,21,5,3,5,0,39,0,0,0,0,18,21,80,50,37,338,27,533
UCL221069,9,61,32,293,6,398,0,0,0,13,0,12,4,0,0,0,0,6,4,0,0,0,0,4,14,0,3,12,0,35,62,32,33,228,7,370,3,3,0,0,0,3,3,0,0,4,0,5,7,5,9,30,0,45,4,0,0,0,0,11,3,0,0,0,0,3,0,0,0,0,0,0,22,10,10,95,0,132,18,6,5,24,0,50,0,0,0,0,0,0,0,0,0,0,0,0,0,0,0,0,0,0,10,0,0,6,0,23,3,3,4,0,0,8,0,0,0,0,0,3,4,0,0,0,0,6,0,0,0,0,0,0,0,0,0,0,0,0,17,8,6,74,0,105,0,0,0,0,0,0,3,0,0,0,0,3,0,0,0,0,0,0,0,0,0,0,0,5,6,0,0,0,0,6,6,0,3,7,0,16,32,13,11,12,0,79,0,0,0,10,66,79,191,85,66,559,84,981
UCL221070,4,29,23,351,6,419,0,0,0,19,0,19,0,0,0,3,0,4,0,0,0,5,0,6,9,3,5,5,0,19,46,22,25,319,3,416,0,0,0,0,0,0,0,0,0,0,0,0,11,4,0,43,0,60,0,0,0,0,0,0,4,0,0,0,0,8,4,0,0,0,0,5,4,6,0,127,0,142,10,0,0,7,0,21,0,0,0,0,0,0,0,0,0,0,0,0,0,0,0,0,0,0,0,0,0,0,0,0,0,0,0,0,0,0,0,0,0,0,0,6,0,0,0,4,0,5,0,0,0,0,0,0,6,0,0,0,0,12,17,8,10,94,0,124,0,0,0,0,0,0,0,0,0,0,0,0,0,0,0,0,0,0,0,0,0,0,0,0,0,0,0,0,0,0,0,0,0,0,0,5,31,0,9,21,0,53,0,0,0,8,66,74,129,47,42,718,77,1016
UCL221071,0,22,22,291,4,343,0,0,0,0,0,0,4,0,0,0,0,4,0,0,0,0,0,0,15,0,3,10,0,30,41,20,20,306,9,394,5,0,3,0,0,8,0,0,0,0,0,0,3,7,0,13,0,21,0,0,0,4,0,4,0,0,0,0,0,0,4,0,0,0,0,4,14,0,0,78,0,99,0,0,0,10,0,12,0,0,0,0,0,0,0,0,0,0,0,0,0,0,0,0,0,0,0,0,0,0,0,4,4,0,0,0,0,4,6,3,0,0,0,7,0,0,0,0,0,0,0,0,0,0,0,0,0,0,0,0,0,0,4,9,4,85,6,108,0,0,0,0,0,0,0,0,0,0,0,0,0,0,0,0,0,0,0,0,0,0,0,0,0,0,0,0,0,0,0,0,0,0,0,4,15,3,0,8,0,27,0,0,0,20,51,71,83,38,34,606,64,830
UCL221072,0,11,15,198,3,229,0,0,0,14,0,14,0,0,0,0,0,0,0,0,0,0,0,0,8,0,0,4,0,17,15,17,16,146,0,194,0,0,0,0,0,6,0,0,0,0,0,0,3,4,0,12,0,21,0,0,0,0,0,0,0,0,0,0,0,0,0,0,0,0,0,0,7,3,3,54,0,67,6,0,0,18,0,20,0,0,0,0,0,0,0,0,0,0,0,0,0,0,0,0,0,0,0,0,0,0,0,0,0,0,0,0,0,0,0,0,0,0,0,0,0,0,0,0,0,0,0,0,0,0,0,0,0,0,0,0,0,0,7,3,0,30,0,42,0,0,0,0,0,0,0,0,0,0,0,0,0,0,0,0,0,0,0,0,0,0,0,0,0,0,0,0,0,0,0,0,0,0,0,0,3,0,0,4,0,8,0,0,0,18,46,60,45,25,27,366,53,513
UCL221073,4,30,12,221,6,273,0,0,0,5,0,12,0,0,0,0,0,3,0,0,0,0,0,0,8,10,4,7,0,25,12,17,13,162,3,207,0,0,0,0,0,0,0,0,0,0,0,0,6,0,5,13,0,20,0,0,0,0,0,0,0,0,0,0,0,0,3,0,0,0,0,4,3,3,0,27,0,39,0,6,0,18,0,30,0,0,0,0,0,0,0,0,0,0,0,0,0,0,0,0,0,0,0,5,0,0,0,3,0,0,0,0,0,0,0,0,0,0,0,0,0,0,0,5,0,14,0,0,0,0,0,0,0,0,0,0,0,0,9,0,5,48,0,53,0,0,0,0,0,0,0,3,3,0,0,5,0,0,0,0,0,0,0,0,0,0,0,0,0,0,0,0,0,0,0,0,0,0,0,5,12,3,0,8,0,22,0,0,0,6,7,18,40,49,22,373,16,507
UCL221074,7,33,17,193,5,255,0,0,0,0,0,0,0,0,0,0,0,4,5,0,0,0,0,6,4,0,0,5,0,10,97,24,19,266,3,419,3,0,0,0,0,3,8,0,0,0,0,15,11,3,3,19,0,35,3,0,0,0,0,0,0,0,0,0,0,3,3,0,0,0,0,10,20,6,7,146,3,180,5,0,0,4,0,16,0,0,0,0,0,0,0,0,0,0,0,0,0,0,0,0,0,0,3,3,0,0,0,9,5,0,0,0,0,5,0,0,0,0,0,8,8,0,0,3,0,9,0,0,0,0,0,0,0,0,0,0,0,0,26,9,3,86,0,125,0,0,0,0,0,0,0,0,0,0,0,0,4,0,0,5,0,7,0,0,0,0,0,0,0,0,0,0,0,0,9,4,0,5,0,13,21,5,4,8,0,43,0,0,0,5,54,53,191,56,29,496,64,827
UCL221075,6,46,21,227,4,309,0,0,0,3,0,3,0,0,0,5,0,9,0,0,0,6,0,4,10,6,5,4,0,19,73,30,17,221,7,347,0,0,0,0,0,0,3,3,0,0,0,3,19,8,5,23,0,50,7,0,3,7,0,22,0,0,0,0,0,0,0,0,0,0,0,0,20,15,3,85,0,124,9,13,0,20,0,33,0,0,0,0,0,0,0,0,0,0,0,0,0,0,0,0,0,0,0,0,0,0,0,0,0,3,0,5,0,7,6,0,0,0,0,13,10,0,0,0,0,8,0,0,0,0,0,0,6,5,0,0,0,4,25,9,3,77,0,118,0,0,0,0,0,0,0,0,0,0,0,0,0,0,0,0,0,0,0,0,0,0,0,0,0,0,0,0,0,0,0,0,0,0,0,6,28,6,8,8,0,49,10,4,0,0,39,53,185,75,31,481,47,826
UCL221076,0,31,24,227,0,287,0,0,0,8,0,8,3,0,0,0,0,3,5,0,0,0,0,5,13,9,0,8,0,29,85,43,20,228,6,381,8,0,0,0,0,8,0,0,0,0,0,6,22,9,0,26,0,47,12,0,0,0,0,12,4,0,0,0,0,5,0,0,0,0,0,8,19,16,0,111,0,144,8,4,0,11,3,25,0,0,0,0,0,0,0,0,0,0,0,0,0,0,0,0,0,3,0,0,0,0,0,0,0,0,0,0,0,0,4,0,0,0,0,5,12,0,5,0,0,15,0,0,0,0,0,0,0,0,0,0,0,0,18,11,12,99,0,138,0,0,0,0,0,0,0,0,3,0,0,5,3,0,0,0,0,3,0,0,0,0,0,4,0,0,0,0,0,0,0,0,0,0,0,8,33,11,7,11,0,58,3,0,0,8,55,70,207,75,42,516,66,904
UCL221077,0,24,15,201,9,242,0,0,0,18,0,25,7,0,0,0,0,13,0,0,0,0,0,0,7,3,0,3,0,19,36,23,15,238,3,314,0,0,0,0,0,0,0,0,0,3,0,3,9,0,0,11,0,25,0,0,0,0,0,4,5,0,0,0,0,5,3,0,0,0,0,3,7,10,0,85,0,105,0,3,0,3,0,10,0,0,0,0,0,0,0,0,0,0,0,0,0,0,0,0,0,0,3,0,0,0,0,4,0,6,0,0,0,4,0,5,0,0,0,3,0,0,0,0,0,3,0,0,0,0,0,0,0,0,0,0,0,0,12,14,0,60,0,85,0,0,0,0,0,0,4,0,0,0,0,4,0,0,0,0,0,0,0,0,0,0,0,0,3,0,0,0,0,3,4,0,5,5,0,9,15,0,0,9,0,27,4,0,0,7,66,79,101,51,26,459,78,717
UCL221078,4,31,23,168,0,228,0,0,0,8,0,9,0,0,0,8,0,8,0,0,0,0,0,0,7,0,0,9,0,15,59,27,22,155,0,260,5,0,0,0,0,5,0,0,0,0,0,0,8,0,0,9,0,18,0,0,0,0,0,6,7,0,0,0,0,7,0,0,0,0,0,0,6,4,0,50,0,65,4,3,4,13,0,20,0,0,0,0,0,0,0,0,0,0,0,0,0,0,0,0,0,0,4,0,0,4,0,4,7,0,0,0,0,6,4,0,0,0,0,3,0,0,0,0,0,0,0,0,0,0,0,0,0,0,0,0,0,0,15,13,7,43,0,76,0,0,0,0,0,0,0,0,0,0,0,0,0,0,0,0,0,0,0,0,0,0,0,4,0,0,0,0,0,0,0,3,0,4,0,3,13,5,0,8,0,25,0,0,0,0,23,20,103,46,41,328,24,541
UCL221079,0,23,15,215,4,270,0,0,0,14,0,14,0,0,0,3,0,8,0,0,0,0,0,0,8,0,0,0,0,7,45,23,11,178,4,258,4,0,0,0,0,4,4,0,0,0,0,3,8,0,0,12,0,19,0,0,0,0,0,0,0,0,0,0,0,0,0,0,0,0,0,0,10,6,3,64,0,75,4,3,0,9,0,18,0,0,0,0,0,0,0,0,0,0,0,0,0,0,0,0,0,0,5,0,0,0,0,4,0,0,0,0,0,0,3,0,3,0,0,3,0,0,0,0,0,0,0,0,0,0,0,0,0,0,0,0,0,0,10,4,5,64,0,93,0,0,0,0,0,0,3,0,0,0,0,3,0,0,0,0,0,0,0,0,0,0,0,0,0,0,0,0,0,0,0,0,0,0,0,0,18,3,4,6,0,29,0,0,0,6,57,69,100,35,22,423,71,650
UCL221080,4,16,8,149,0,185,0,0,0,0,0,3,6,0,0,0,0,8,8,0,0,0,0,9,0,0,0,6,0,16,67,12,11,116,0,207,4,0,0,0,0,4,3,0,0,0,0,3,6,0,4,19,0,29,3,0,0,0,0,8,5,0,0,0,0,0,3,0,0,0,0,3,15,4,3,48,0,70,22,8,0,17,0,45,9,0,0,0,0,9,0,0,0,4,0,0,0,0,0,0,0,0,20,5,0,7,0,24,3,0,0,0,0,3,3,0,0,0,0,0,3,4,0,4,0,8,4,0,0,0,0,4,0,0,0,0,0,0,13,5,8,30,0,61,0,5,0,0,0,5,4,0,0,0,0,4,0,0,0,0,0,6,0,0,0,0,0,0,0,0,0,0,0,0,0,0,3,0,0,5,26,0,5,15,0,42,6,0,0,0,13,15,181,41,26,297,19,570
UCL221081,8,7,3,183,0,200,0,0,0,0,0,0,4,0,0,0,0,3,0,0,0,0,0,0,3,0,0,0,0,3,19,6,0,184,0,214,0,0,0,0,0,0,0,0,0,0,0,0,7,0,0,13,0,14,0,0,0,0,0,0,0,0,0,0,0,0,0,0,0,0,0,0,9,0,0,107,0,118,0,0,0,3,0,9,0,0,0,0,0,0,0,0,0,0,0,0,0,0,0,0,0,0,5,0,0,0,0,5,0,0,0,0,0,0,0,0,0,0,0,0,0,0,0,0,0,0,0,0,0,0,0,0,0,0,0,0,0,0,5,8,0,92,0,115,0,0,0,0,0,0,0,0,0,0,0,0,0,0,0,0,0,0,0,0,0,0,0,0,0,0,0,0,0,0,0,0,0,3,0,4,8,4,7,8,0,19,0,0,7,9,51,62,52,17,7,427,57,562
UCL221082,15,26,19,127,0,188,4,0,0,3,0,11,36,3,0,0,3,45,7,3,0,4,0,15,3,3,0,0,0,8,58,21,22,95,3,207,20,0,0,0,0,20,4,0,0,0,0,4,12,10,8,7,0,31,9,4,0,7,0,20,0,0,0,0,0,3,61,0,0,0,0,61,17,4,0,31,0,59,27,9,3,26,0,69,0,0,0,0,0,0,0,0,0,0,0,0,11,3,0,0,0,15,27,5,3,12,0,48,4,0,3,0,0,6,4,0,0,0,0,7,6,0,0,0,0,8,8,0,0,0,0,8,3,0,0,0,0,3,26,3,5,35,0,68,3,0,0,0,0,8,17,0,0,0,0,13,0,0,0,0,0,3,3,0,0,0,0,3,17,0,0,0,0,17,9,0,0,4,0,15,131,31,7,12,0,184,13,0,0,0,97,115,465,66,53,253,102,939
UCL221083,4,29,13,413,5,467,0,0,0,20,0,20,0,0,0,0,0,0,3,0,0,4,0,8,19,7,0,5,0,24,81,45,34,334,14,507,0,0,0,0,0,0,0,3,0,3,0,7,17,0,5,59,0,83,0,0,0,0,0,0,3,0,0,3,0,7,0,0,0,0,0,0,15,14,9,134,7,176,6,5,4,21,0,41,0,0,0,0,0,0,0,0,0,0,0,0,0,0,0,0,0,0,6,0,6,6,0,10,0,0,0,0,0,0,4,4,0,0,0,3,10,0,0,0,0,9,0,0,0,4,0,4,0,0,0,0,0,0,27,8,5,120,0,158,0,0,0,0,0,3,0,0,0,0,0,0,0,0,0,0,0,0,0,0,6,0,0,0,0,0,0,0,0,0,4,0,0,0,0,9,20,4,9,11,0,46,0,0,0,9,45,50,159,66,44,773,67,1113
UCL221084,0,25,21,310,8,368,0,0,0,3,0,3,0,0,0,0,0,3,0,0,0,0,0,0,16,3,0,15,0,32,46,20,14,278,3,364,3,0,0,0,0,4,0,0,0,0,0,0,5,6,0,21,0,33,0,0,0,0,0,0,0,0,0,0,0,0,0,0,0,0,0,0,11,5,3,65,0,86,0,3,0,30,0,41,0,0,0,0,0,0,0,0,0,0,0,0,0,0,0,0,0,0,3,0,0,14,0,19,0,0,0,0,0,0,8,0,0,0,0,7,5,0,0,3,0,5,0,0,0,0,0,0,0,0,0,0,0,0,8,7,12,88,3,113,0,0,0,0,0,0,0,0,0,0,0,0,0,0,0,0,0,0,0,0,0,0,0,0,0,0,0,0,0,0,0,0,0,5,0,4,12,7,9,3,0,28,0,0,0,7,33,42,97,49,38,594,46,826
UCL222001,0,10,6,88,0,102,0,0,0,6,0,6,3,0,0,0,0,3,0,0,0,0,0,0,4,0,0,0,0,7,8,4,7,92,0,109,0,0,0,0,0,0,0,0,0,0,0,3,0,0,0,8,0,7,0,0,0,0,0,3,0,0,0,0,0,0,0,0,0,0,0,0,0,0,5,48,0,55,13,0,0,9,0,24,0,0,0,0,0,0,0,3,0,0,0,5,0,0,0,0,0,0,0,0,0,0,0,0,0,0,0,0,0,0,0,0,0,0,0,0,0,0,0,0,0,0,0,0,0,0,0,0,0,0,0,0,0,0,0,4,0,36,0,38,0,0,0,0,0,0,0,0,0,0,0,0,0,0,0,3,0,8,0,0,0,0,0,0,0,0,0,0,0,0,0,0,0,0,0,0,0,0,0,12,0,11,0,0,0,7,6,7,46,13,16,206,5,284
UCL222002,0,19,9,126,3,152,0,0,0,0,0,0,0,0,0,3,0,3,0,0,0,0,0,0,3,4,0,5,0,15,30,22,8,124,5,185,0,0,0,0,0,3,3,0,0,0,0,3,3,7,0,11,0,24,10,0,0,7,0,20,0,0,0,3,0,5,0,0,0,0,0,0,5,6,3,35,0,42,11,5,0,12,0,30,0,0,0,0,0,0,0,0,0,0,0,0,0,0,0,3,0,4,0,0,0,0,0,4,0,0,0,0,0,0,3,0,0,0,0,3,0,0,0,0,0,5,0,0,0,0,0,0,0,0,0,0,0,0,9,0,3,35,0,46,0,0,0,0,0,0,0,4,0,0,0,4,0,0,0,0,0,0,0,0,0,0,0,0,0,0,0,0,0,0,0,0,0,0,0,3,15,7,7,5,0,32,0,0,0,0,14,12,90,36,22,251,17,414
UCL222003,0,11,5,148,0,163,0,0,0,9,0,12,0,0,0,0,0,0,0,0,0,0,0,0,0,0,0,0,0,0,12,9,4,112,0,140,0,0,0,0,0,0,5,0,0,0,0,5,0,9,0,12,0,15,0,0,0,0,0,0,0,0,0,0,0,0,0,0,0,0,0,0,0,8,0,46,0,52,5,0,0,4,0,6,0,0,0,0,0,0,0,0,0,0,0,0,0,0,0,0,0,0,0,0,0,0,0,0,0,0,0,3,0,5,0,0,0,0,0,0,0,0,0,0,0,3,0,0,0,0,0,0,0,0,0,0,0,0,3,0,0,25,0,33,0,0,0,0,0,0,0,0,0,0,0,0,0,0,0,0,0,0,0,0,0,0,0,0,0,0,0,0,0,0,3,0,0,0,0,6,0,0,0,0,0,9,0,0,0,0,20,23,21,19,12,272,22,348
UCL222004,0,0,0,6,0,6,0,0,0,0,0,0,9,0,0,0,0,9,0,0,0,0,0,0,0,0,0,0,0,0,0,0,0,5,0,5,0,0,0,0,0,0,0,0,0,0,0,0,0,0,0,0,0,0,0,0,0,0,0,0,0,0,0,0,0,0,0,0,0,0,0,0,0,0,0,0,0,0,0,0,0,0,0,0,0,0,0,0,0,0,0,0,0,0,0,0,0,0,0,0,0,0,0,0,0,0,0,0,0,0,0,0,0,0,0,0,0,0,0,0,0,0,0,0,0,0,0,0,0,0,0,0,0,0,0,0,0,0,0,0,0,0,0,0,0,0,0,0,0,0,0,0,0,0,0,0,0,0,0,0,0,0,0,0,0,0,0,0,0,0,0,0,0,0,0,0,0,0,0,0,3,0,0,0,0,3,0,0,0,0,10,8,18,0,0,9,10,30
UCL222005,0,9,10,85,0,104,0,0,0,9,0,9,0,0,0,0,0,0,0,0,0,0,0,0,0,0,0,6,0,7,5,5,6,69,3,87,3,0,0,0,0,3,0,0,0,0,0,0,0,0,0,3,0,3,0,0,0,0,0,0,0,0,0,0,0,0,4,0,0,0,0,4,4,0,0,23,0,29,3,0,0,0,0,4,0,0,0,0,0,0,0,0,0,0,0,0,0,0,0,0,0,0,0,0,0,0,0,0,0,0,0,0,0,0,0,0,0,0,0,0,0,0,0,0,0,0,0,0,0,0,0,0,0,0,0,0,0,0,0,0,0,34,0,32,0,0,0,0,0,0,0,0,0,0,0,0,0,0,0,0,0,0,0,0,0,0,0,0,0,0,0,0,0,0,0,0,0,0,0,0,8,0,0,0,0,9,0,0,0,4,10,16,21,10,12,162,11,217
UCL222006,0,14,5,146,0,170,0,0,0,8,0,8,4,0,0,0,0,7,0,0,4,0,0,5,0,0,0,9,0,7,17,7,13,121,0,155,0,0,0,0,0,0,0,0,0,3,0,3,5,0,0,15,0,26,0,0,0,0,0,0,0,0,0,0,0,0,0,0,0,0,0,0,4,3,6,31,0,43,0,0,0,0,0,3,0,0,0,0,0,0,0,0,0,0,0,0,0,0,0,3,0,10,0,0,0,3,0,0,0,0,0,0,0,0,0,0,0,0,0,3,5,0,0,4,0,7,0,0,0,0,0,0,0,0,0,0,0,0,7,0,0,35,0,48,3,0,4,0,0,3,0,0,0,0,0,0,0,0,0,0,0,0,0,0,0,0,0,0,0,0,0,0,0,0,6,0,0,0,0,7,9,0,0,0,0,8,0,0,0,0,16,15,60,17,20,286,18,393
UCL222007,0,8,4,66,0,85,0,0,0,4,0,9,0,0,0,0,0,0,0,0,0,0,0,0,4,0,0,0,0,5,19,3,4,53,6,83,0,0,0,0,0,0,0,0,0,0,0,0,3,0,0,7,0,13,0,0,0,0,0,0,0,0,0,0,0,0,0,0,0,0,0,0,4,0,0,24,0,33,0,0,0,0,0,0,0,0,0,0,0,0,0,0,0,0,0,0,0,0,0,0,0,0,0,0,0,0,0,0,0,0,0,0,0,0,0,0,0,0,0,5,0,0,0,0,0,0,0,0,0,0,0,0,0,0,0,0,0,0,4,4,0,16,0,22,0,0,0,0,0,0,0,0,0,0,0,3,0,0,0,0,0,0,0,0,0,0,0,0,0,0,0,0,0,0,0,0,0,0,0,0,4,0,0,0,0,14,0,0,0,0,8,8,35,15,8,132,14,198
UCL222008,5,14,4,110,0,137,0,0,0,5,0,9,5,0,0,3,0,6,0,0,0,0,0,5,3,0,0,8,0,11,34,12,6,95,0,151,0,0,0,0,0,0,0,0,0,0,0,3,0,0,4,19,0,23,0,0,0,0,0,0,0,0,0,0,0,0,0,0,0,0,0,3,12,0,3,46,0,67,4,0,0,9,0,17,0,0,0,0,0,0,0,0,0,0,0,0,0,0,0,0,0,0,0,0,0,4,0,5,0,0,0,0,0,0,5,3,0,0,0,5,0,0,0,0,0,0,0,0,0,0,0,0,0,0,0,0,0,0,10,3,0,37,0,56,0,0,0,0,0,0,0,0,0,0,0,0,0,0,0,0,0,0,0,0,0,0,0,0,0,0,0,0,0,0,0,0,0,0,0,0,25,0,0,9,0,39,0,0,0,5,22,29,89,19,12,234,21,381
UCL222009,0,3,3,116,5,130,0,0,0,15,0,18,0,0,0,0,0,0,0,0,0,0,0,0,4,0,0,0,0,4,13,3,7,115,0,144,0,0,0,0,0,0,0,0,0,0,0,0,0,0,0,19,0,17,0,0,0,0,0,0,0,0,0,0,0,0,4,0,0,0,0,4,0,0,0,42,0,55,0,0,0,6,0,6,0,0,0,0,0,0,4,0,0,0,0,4,0,0,0,0,0,0,0,0,0,0,0,0,0,0,0,0,0,0,0,0,0,0,0,0,0,0,0,0,0,0,0,0,0,0,0,0,0,0,0,0,0,0,4,0,0,42,0,54,0,0,0,0,0,0,0,0,0,0,0,0,0,0,0,0,0,0,0,0,0,0,0,0,0,0,0,0,0,0,0,0,0,3,0,4,0,0,0,0,0,0,0,0,0,5,28,30,35,12,6,255,29,341
UCL222010,4,16,8,87,0,112,0,0,0,3,0,3,5,0,0,0,0,5,4,3,0,0,0,10,0,5,0,5,0,11,16,9,8,59,0,97,0,0,0,0,0,0,0,0,0,0,0,8,0,0,0,8,0,10,3,0,0,0,0,9,0,0,0,0,0,0,0,0,0,4,0,4,8,3,3,27,0,37,27,0,0,25,0,60,0,0,0,0,0,0,0,0,0,0,0,3,0,0,0,0,0,0,7,3,0,4,0,17,0,0,0,0,0,0,0,0,0,0,0,0,0,0,0,5,0,3,0,0,0,0,0,0,0,0,0,0,0,0,7,3,0,21,0,30,0,0,0,0,0,0,0,0,0,0,0,0,3,4,0,3,0,11,0,0,0,0,0,0,0,0,0,0,0,0,0,0,0,0,0,0,33,4,3,7,0,45,0,0,0,0,20,26,110,33,20,179,23,354
UCL222011,0,11,9,170,0,195,0,0,0,0,0,0,0,0,0,0,0,0,0,0,0,0,0,0,3,5,6,3,0,20,11,12,18,114,0,145,0,0,0,0,0,3,0,0,0,0,0,0,0,0,0,9,0,9,0,0,0,0,0,0,0,0,0,0,0,0,0,0,0,0,0,0,5,3,0,23,0,30,7,0,0,11,0,12,0,0,0,0,0,0,0,0,0,0,0,0,0,0,0,0,0,0,0,0,0,0,0,0,0,0,0,0,0,0,0,0,0,5,0,10,0,0,0,0,0,0,0,0,0,0,0,0,0,0,0,0,0,0,3,5,0,26,0,32,0,0,0,0,0,0,0,0,0,0,0,0,0,0,0,0,0,0,0,0,0,0,0,0,0,0,0,0,0,0,0,0,0,0,0,3,0,5,0,6,0,12,0,0,0,0,11,11,20,25,21,272,14,347
UCL222012,4,16,7,166,4,186,0,0,0,5,0,7,0,0,0,0,0,0,0,0,0,0,0,0,0,0,3,0,0,3,23,4,12,141,5,187,0,0,0,0,0,0,0,0,0,0,0,0,3,0,6,13,0,22,0,0,0,0,0,5,3,0,0,0,0,3,3,0,0,0,0,3,3,3,0,44,0,52,4,0,0,5,0,14,0,0,0,0,0,0,0,0,0,0,0,0,0,0,0,0,0,0,0,0,0,3,0,3,0,0,0,0,0,0,0,0,0,0,0,3,5,0,0,0,0,3,0,0,0,0,0,0,0,0,0,0,0,0,4,9,4,45,0,53,0,0,0,0,0,0,0,0,0,0,0,0,0,0,0,3,0,3,0,0,0,0,0,0,0,0,0,0,0,0,0,0,0,0,0,0,9,0,0,0,0,8,0,0,0,3,20,27,48,20,16,299,26,405
UCL222013,0,15,7,76,0,108,0,0,0,0,0,0,0,0,0,0,0,0,0,0,0,0,0,0,3,5,0,0,0,7,22,17,7,75,0,116,0,0,0,0,0,0,0,0,0,0,0,0,6,0,0,8,0,14,0,0,0,0,0,0,0,0,0,0,0,0,0,0,0,0,0,0,0,0,0,19,0,17,3,0,0,0,0,3,0,0,0,0,0,0,0,0,0,0,0,0,0,0,0,0,0,0,0,0,0,0,0,0,0,0,0,0,0,0,0,0,0,0,0,0,3,0,0,0,0,3,0,0,0,0,0,0,0,0,0,0,0,0,3,7,0,18,0,27,0,0,0,0,0,0,0,0,0,0,0,0,0,0,0,0,0,0,0,0,0,0,0,0,0,0,0,0,0,0,0,0,0,0,0,0,3,0,0,0,0,3,0,0,0,0,23,23,35,25,13,150,26,243
UCL222014,0,10,18,124,0,152,0,0,0,0,0,0,0,0,0,0,0,0,0,0,0,0,0,0,0,3,0,0,0,8,24,11,16,105,0,156,4,0,0,0,0,4,0,0,0,0,0,0,12,0,0,5,0,23,6,0,0,0,0,11,4,3,0,0,0,3,0,0,0,0,0,0,3,6,0,43,0,54,10,0,3,15,0,29,0,0,0,0,0,0,0,0,0,0,0,0,0,0,0,0,0,0,4,6,4,3,0,21,0,0,0,0,0,0,0,0,5,0,0,5,5,5,0,3,0,7,0,0,0,0,0,0,0,0,0,0,0,0,3,7,0,36,0,50,0,0,0,0,0,0,0,0,0,0,0,0,0,0,0,0,0,0,0,0,0,0,0,0,3,0,0,0,0,3,0,0,0,0,0,6,11,0,0,7,0,21,3,0,0,0,19,21,74,26,26,253,21,403
UCL222015,0,17,12,144,6,181,0,0,0,9,0,9,0,0,0,0,0,0,0,0,0,0,0,0,6,3,3,8,0,20,20,16,10,140,4,188,0,0,0,0,0,0,0,0,0,0,0,3,8,3,3,18,0,28,0,0,0,0,0,0,0,0,0,0,0,0,0,0,0,0,0,0,0,0,6,35,0,37,0,0,0,6,0,7,0,0,0,0,0,0,0,0,0,0,0,0,0,0,0,0,0,0,0,0,0,0,0,0,0,0,0,0,0,0,0,0,0,0,0,6,3,0,0,0,0,3,0,0,0,0,0,0,0,0,0,0,0,0,0,0,3,38,0,42,0,0,0,0,0,0,0,0,0,0,0,0,0,0,0,0,0,0,0,0,0,0,0,0,0,0,0,0,0,0,0,0,0,0,0,0,7,0,0,4,0,8,0,0,0,0,8,8,41,30,17,285,17,386
UCL222016,4,6,0,106,3,115,0,0,0,7,0,7,0,0,0,0,0,0,0,0,0,0,0,0,0,0,0,0,0,0,9,10,0,86,0,108,0,0,0,0,0,0,0,0,0,0,0,0,4,0,0,14,0,12,0,0,0,0,0,0,0,0,0,0,0,0,0,0,0,0,0,0,0,0,0,26,0,26,0,0,0,0,0,0,0,0,0,0,0,0,0,0,0,0,0,0,0,0,0,0,0,0,0,0,0,0,0,0,0,0,0,0,0,0,0,0,0,0,0,0,0,0,0,0,0,0,0,0,0,0,0,0,0,0,0,0,0,0,3,0,0,20,0,22,0,0,0,0,0,0,0,0,0,0,0,0,0,0,0,0,0,0,0,0,0,0,0,0,0,0,0,0,0,0,0,0,0,0,0,0,0,0,0,0,0,0,0,0,0,6,7,16,14,14,3,200,14,244
UCL222017,0,6,9,62,0,76,0,0,0,0,0,0,0,0,0,0,0,0,0,0,0,0,0,0,0,4,0,0,0,4,9,3,3,54,0,75,0,0,0,0,0,0,0,0,0,0,0,0,0,0,0,4,0,4,0,0,0,0,0,3,0,0,0,0,0,0,0,0,0,0,0,0,0,3,0,12,0,14,6,0,0,6,0,6,0,0,0,0,0,0,0,0,0,0,0,0,0,0,0,0,0,0,0,0,0,0,0,3,3,0,0,0,0,3,0,0,0,0,0,0,0,0,0,0,0,0,0,0,0,0,0,0,0,0,0,0,0,0,0,0,0,19,0,23,0,0,0,0,0,0,0,0,0,0,0,0,0,0,0,0,0,0,0,0,0,0,0,0,0,0,0,0,0,0,0,0,0,0,0,0,0,0,0,0,0,8,0,0,0,6,18,24,29,12,9,125,17,192
UCL222018,0,7,3,35,0,44,0,0,0,6,0,6,4,0,0,0,0,4,0,0,0,0,0,0,0,0,0,4,0,7,10,4,6,33,0,54,0,0,0,0,0,0,0,0,0,0,0,0,0,0,0,0,0,6,0,0,0,0,0,0,0,0,0,0,0,0,0,0,0,0,0,0,0,0,0,10,0,13,3,0,0,3,0,8,0,0,0,0,0,0,0,0,0,0,0,0,0,0,0,0,0,0,0,0,0,0,0,0,0,0,0,0,0,0,0,0,0,0,0,0,0,0,0,3,0,6,0,0,0,0,0,0,0,0,0,0,0,0,0,3,0,12,0,15,0,0,0,0,0,0,0,0,0,0,0,0,0,0,0,0,0,0,0,0,0,0,0,0,0,0,0,0,0,0,0,0,0,0,0,0,9,0,0,7,0,7,0,0,0,0,11,11,27,5,4,69,12,127
UCL222019,3,17,9,153,3,187,0,0,0,4,0,4,3,0,0,0,0,3,0,0,0,0,0,0,4,0,0,3,0,13,32,13,19,103,4,172,0,0,0,0,0,0,0,0,0,0,0,3,7,0,0,10,4,16,0,4,0,0,0,0,0,0,0,0,0,0,0,0,0,0,0,0,13,3,4,39,0,50,3,0,0,7,0,17,0,0,0,0,0,0,0,0,0,0,0,0,0,0,0,0,0,0,4,0,0,0,0,4,0,0,0,0,0,0,3,0,0,0,0,3,3,0,0,4,0,7,0,0,0,0,0,0,0,0,0,0,0,0,6,8,5,24,0,35,0,0,0,0,0,0,3,0,0,0,0,3,0,0,0,0,0,0,0,0,0,0,0,3,0,0,0,0,0,0,0,0,0,0,0,6,8,8,0,0,0,19,0,0,0,3,22,25,67,32,23,236,29,386
UCL222020,0,10,0,86,6,99,0,0,0,0,0,0,0,0,0,0,0,0,0,0,0,0,0,0,0,0,0,0,0,0,8,3,4,102,3,121,0,0,0,0,0,0,0,0,0,0,0,0,4,0,0,4,0,4,0,0,0,0,0,5,0,0,0,0,0,0,0,0,0,0,0,0,9,0,0,32,0,32,0,0,0,10,0,10,0,0,0,0,0,0,0,0,0,0,0,0,0,0,0,0,0,0,0,0,0,0,0,0,0,0,0,0,0,0,0,0,0,0,0,0,0,0,0,0,0,0,0,0,0,0,0,0,0,0,0,0,0,0,3,4,0,33,0,39,0,0,0,0,0,0,0,0,0,0,0,0,0,0,0,0,0,0,0,0,0,0,0,0,0,0,0,0,0,0,0,0,0,0,0,4,0,0,0,0,0,0,0,0,0,0,17,22,28,11,3,195,18,260
UCL222021,5,9,11,97,4,124,0,0,0,0,0,0,0,0,0,0,0,0,0,0,0,0,0,0,3,0,4,3,0,11,29,9,12,69,0,118,0,0,0,0,0,0,0,0,4,0,0,5,4,3,0,3,0,12,0,0,0,0,0,0,0,0,0,0,0,3,3,0,0,0,0,3,15,0,4,29,0,45,0,0,0,0,0,8,0,0,0,0,0,0,0,0,0,0,0,0,0,0,0,0,0,0,0,0,0,0,0,4,0,0,0,0,0,0,0,0,0,0,0,0,0,0,0,0,0,0,0,0,0,0,0,0,0,0,0,0,0,0,7,3,10,24,0,43,0,0,0,0,0,0,0,0,0,0,0,0,0,0,0,0,0,0,0,0,0,0,0,0,0,0,0,0,0,0,0,0,0,0,0,0,6,0,0,7,0,18,0,0,0,3,22,23,68,15,24,173,26,307
UCL222022,0,14,5,90,0,106,0,0,0,6,0,6,0,0,0,0,0,0,0,0,0,0,0,0,4,0,0,4,0,11,12,8,4,84,0,106,0,0,0,0,0,0,0,0,0,0,0,0,5,6,0,8,0,13,0,0,0,0,0,0,0,0,0,0,0,0,0,0,0,0,0,0,0,3,0,37,0,47,0,0,0,6,0,3,0,0,0,0,0,0,0,0,0,0,0,0,0,0,0,0,0,0,0,0,0,0,0,0,0,0,0,0,0,0,7,0,0,0,0,10,0,0,0,0,0,0,0,0,0,0,0,0,0,0,0,0,0,0,4,5,0,24,0,37,0,0,0,0,0,0,0,0,0,0,0,0,0,0,0,0,0,0,0,0,0,0,0,0,0,0,0,0,0,0,0,0,0,0,0,0,4,4,0,6,0,19,0,0,0,6,19,24,33,22,12,189,18,273
UCL222023,0,15,17,180,5,218,0,0,0,12,0,12,4,0,3,0,0,14,0,0,0,0,0,4,5,3,0,6,0,21,25,15,6,132,0,182,0,0,0,0,0,0,0,0,6,0,0,0,10,0,9,10,0,31,4,0,3,0,0,5,0,0,0,0,0,0,0,0,0,0,0,0,4,9,0,48,0,59,5,0,0,7,0,11,0,0,0,0,0,0,0,0,0,0,0,0,0,0,0,0,0,0,4,0,4,0,0,10,0,0,0,0,0,0,0,0,0,0,0,0,0,0,0,0,0,0,0,0,0,0,0,0,0,0,0,0,0,0,4,8,0,34,0,44,0,0,0,0,0,0,0,0,0,0,0,4,0,0,0,0,0,0,0,0,0,0,0,0,0,0,0,0,0,0,0,0,0,0,0,0,12,7,5,7,0,28,0,0,0,0,27,29,67,31,31,324,38,483
UCL222024,0,12,15,69,0,97,0,0,0,4,0,4,16,0,0,0,0,16,0,0,0,0,0,0,0,0,0,4,0,8,9,3,16,87,0,108,0,0,0,0,0,0,0,0,0,0,0,0,4,0,0,11,0,15,0,0,0,0,0,0,0,0,0,0,0,0,0,0,0,0,0,0,0,0,5,27,0,32,0,0,0,8,0,6,0,0,0,0,0,0,0,0,0,0,0,0,0,0,0,0,0,0,0,0,0,0,0,0,0,0,0,0,0,0,0,0,0,0,0,0,0,0,0,3,0,8,0,0,0,0,0,0,0,0,0,0,0,0,0,0,5,11,0,12,0,0,0,0,0,0,0,0,0,0,0,0,0,0,0,0,0,0,0,0,0,0,0,0,0,0,0,0,0,0,0,0,0,0,0,0,13,5,3,0,0,26,0,0,0,0,69,76,50,15,26,163,70,321
UCL222025,3,3,3,54,0,65,0,0,0,5,0,5,0,0,0,0,0,4,0,0,0,0,0,0,8,0,0,12,0,20,17,4,0,75,0,100,0,0,0,0,0,0,0,0,0,0,0,0,4,0,0,5,0,11,0,0,0,0,0,0,0,0,0,0,0,0,0,0,0,0,0,0,6,3,0,38,0,40,0,0,4,4,0,11,0,0,0,0,0,0,0,0,0,0,0,0,0,0,0,0,0,0,0,0,0,0,0,0,0,0,0,0,0,0,0,0,0,0,0,0,0,0,0,0,0,0,0,0,0,0,0,0,0,0,0,0,0,0,3,3,3,23,0,29,0,0,0,0,0,0,0,0,0,0,0,0,0,0,0,0,0,0,0,0,0,0,0,0,0,0,0,0,0,0,0,0,0,0,0,0,0,0,0,3,0,7,0,0,0,0,18,18,33,11,5,131,23,207
UCL222026,0,6,0,120,0,130,0,0,0,6,0,6,5,0,0,0,0,5,0,0,0,0,0,0,12,0,0,0,0,14,14,8,4,120,0,153,0,0,0,0,0,0,0,0,0,5,0,4,4,0,0,18,0,22,0,0,0,0,0,0,0,0,0,0,0,0,0,0,0,0,0,0,8,5,0,48,0,57,3,0,0,16,0,23,0,0,0,0,0,0,0,0,0,0,0,0,0,0,0,0,0,0,0,0,0,0,0,0,0,0,0,0,0,0,0,0,0,0,0,0,3,0,0,0,0,0,0,0,0,0,0,0,0,0,0,0,0,0,9,0,3,41,0,46,0,0,0,0,0,0,0,0,0,0,0,0,0,0,0,0,0,0,0,0,0,0,0,0,0,0,0,0,0,0,6,0,0,0,0,3,7,3,0,3,0,16,0,0,0,0,0,0,50,18,12,256,0,330
UCL222027,0,8,8,136,0,151,0,0,0,8,0,8,0,0,0,0,0,0,0,0,0,0,0,0,0,0,0,6,0,12,11,4,9,124,0,143,3,0,0,0,0,3,0,0,0,0,0,0,7,3,3,13,0,24,0,0,0,0,0,0,0,0,0,0,0,0,0,0,0,0,0,0,4,4,3,41,0,55,0,0,0,11,0,18,0,0,0,0,0,0,0,0,0,0,0,0,0,0,0,0,0,0,4,0,0,0,0,4,0,0,0,0,0,0,0,3,0,7,0,4,0,0,0,0,0,0,0,0,0,0,0,0,0,0,0,0,0,0,0,0,4,38,0,42,0,0,0,0,0,0,0,0,0,0,0,0,0,0,0,0,0,0,0,0,0,0,0,0,0,0,3,0,0,0,0,0,0,0,0,0,9,0,0,0,0,9,0,0,0,7,19,33,33,11,11,275,21,355
UCL222028,0,0,5,118,11,139,0,0,0,11,0,11,0,0,0,0,0,0,0,0,0,0,0,0,0,0,0,3,0,3,11,9,6,118,4,142,0,0,0,0,0,0,0,0,0,0,0,0,3,0,0,14,0,17,0,0,0,3,0,3,0,0,0,0,0,0,0,0,0,0,0,0,0,3,0,49,0,52,0,0,0,4,0,4,0,0,0,0,0,0,0,0,0,0,0,0,0,0,0,0,0,0,0,0,0,0,0,0,0,0,0,0,0,0,0,0,0,0,0,0,0,0,0,3,0,3,0,0,0,0,0,0,0,0,0,0,0,0,6,4,3,35,0,41,0,0,0,0,0,0,0,0,0,0,0,0,0,0,0,0,0,0,0,0,0,0,0,0,0,0,0,0,0,0,0,0,0,0,0,0,3,0,0,0,0,9,0,0,0,6,23,28,20,14,12,249,36,326
UCL222029,3,7,0,81,0,94,0,0,0,9,0,9,0,0,0,0,0,0,0,0,0,0,0,0,0,0,0,0,0,0,6,0,3,77,5,94,0,0,0,0,0,3,0,0,0,0,0,0,0,0,0,19,0,22,0,0,0,0,0,0,0,0,0,0,0,0,0,0,0,0,0,0,0,0,0,13,0,18,0,0,3,3,0,5,0,0,0,0,0,0,0,0,0,0,0,0,0,0,0,0,0,0,0,0,0,4,0,4,0,0,0,0,0,0,0,0,0,0,0,0,0,0,0,0,0,0,0,0,0,0,0,0,0,0,0,0,0,0,0,0,0,20,0,25,0,0,0,0,0,0,0,0,0,0,0,0,0,0,0,0,0,0,0,0,0,0,0,0,0,0,0,0,0,0,0,0,0,3,0,4,0,0,0,0,0,3,0,0,0,7,9,13,17,7,4,163,13,208
UCL222030,0,5,3,77,0,91,0,0,0,3,0,10,0,0,0,0,0,0,0,0,0,0,0,0,5,0,0,3,0,3,14,11,11,56,0,91,0,0,0,0,0,0,0,0,0,0,0,0,3,0,0,7,0,11,0,0,0,0,0,3,0,0,0,0,0,0,0,0,0,5,0,0,7,0,4,24,3,43,8,0,0,8,0,17,0,0,0,0,0,0,0,0,0,0,0,0,0,0,0,0,0,0,0,0,0,0,0,0,0,0,0,0,0,0,0,0,0,0,0,6,0,0,0,0,0,4,0,0,0,0,0,0,0,0,0,0,0,0,0,0,5,19,5,26,0,0,0,0,0,0,0,0,0,0,0,0,0,0,0,0,0,0,0,0,0,0,0,0,0,0,0,0,0,0,0,0,0,0,0,0,6,0,0,11,0,18,4,0,0,0,21,23,34,14,10,147,25,240
UCL222031,3,12,7,128,6,144,0,0,0,0,0,0,0,0,0,0,0,0,4,0,0,0,0,4,0,0,0,0,0,4,10,6,4,101,4,119,11,0,0,0,0,11,0,0,0,0,0,3,0,0,0,6,0,10,0,0,0,0,0,0,0,0,0,0,0,0,0,0,0,0,0,0,0,3,0,18,0,25,0,5,3,3,0,10,0,0,0,0,0,0,0,0,0,0,0,0,0,0,0,0,0,0,0,0,0,0,0,0,0,0,0,0,0,0,0,0,0,0,0,0,0,0,0,0,0,0,0,0,0,0,0,0,0,0,0,0,0,0,3,0,0,29,0,35,0,0,0,0,0,0,0,0,0,0,0,0,0,0,0,0,0,0,0,0,0,0,0,0,0,0,0,0,0,0,0,0,0,0,0,0,3,0,3,0,0,7,0,0,0,4,18,25,29,12,3,228,31,303
UCL222032,0,6,5,118,0,136,0,0,0,15,0,13,0,0,0,0,0,0,0,0,0,0,0,0,11,4,0,3,0,19,23,18,11,89,0,140,0,0,0,0,0,0,0,0,0,0,0,4,4,0,0,17,3,27,0,0,0,0,0,0,0,0,0,0,0,0,0,0,0,0,0,0,6,4,0,21,0,31,0,6,0,4,0,5,0,0,0,0,0,0,0,0,0,0,0,0,0,0,0,0,0,0,0,0,0,0,0,0,0,0,0,0,0,0,0,0,0,0,0,0,0,0,0,0,0,3,0,0,0,0,0,0,0,0,0,0,0,0,3,0,0,34,0,46,0,0,0,0,0,0,0,0,0,0,0,7,0,0,0,0,0,0,0,0,0,0,0,0,0,0,0,0,0,0,0,0,0,0,0,5,17,0,0,5,0,23,4,0,0,4,41,46,64,23,18,219,50,363
UCL222033,0,11,11,81,0,103,0,0,0,0,0,0,0,0,5,0,0,4,0,0,0,0,0,0,11,3,3,4,0,20,30,12,4,82,3,134,0,0,0,0,0,4,0,0,0,0,0,0,3,0,0,6,0,12,0,0,0,0,0,0,0,0,0,0,0,0,0,0,0,0,0,0,8,3,0,42,0,62,3,4,0,4,0,13,0,0,0,0,0,0,0,0,0,0,0,3,0,0,0,0,0,0,0,0,0,0,0,0,0,0,0,0,0,0,0,0,0,0,0,0,5,0,0,0,0,3,0,0,0,0,0,0,0,0,0,0,0,0,13,4,5,26,0,43,0,0,0,0,0,0,0,0,0,0,0,0,0,0,0,0,0,0,0,0,0,0,0,0,0,0,0,0,0,0,0,0,0,0,0,5,10,3,0,13,0,20,0,0,3,3,52,59,65,25,22,186,54,354
UCL222034,4,17,20,101,0,136,0,0,0,5,0,5,0,0,0,0,0,0,0,0,0,0,0,0,5,0,0,0,0,8,14,12,10,88,8,134,0,0,0,0,0,0,0,0,0,0,0,0,3,0,0,10,0,15,0,0,0,0,0,0,0,0,0,0,0,0,0,0,0,0,0,0,0,4,0,22,0,29,4,0,0,3,0,10,0,0,0,0,0,0,0,0,0,0,0,4,0,0,0,0,0,0,0,0,0,0,0,0,0,0,0,0,0,0,0,0,0,0,0,0,0,0,0,0,0,4,0,0,0,0,0,0,0,0,0,0,0,0,4,7,0,18,0,30,0,0,0,0,0,0,0,0,0,0,0,0,6,0,0,0,0,5,3,0,0,0,0,3,5,0,0,0,0,5,4,0,0,0,0,4,15,0,0,3,5,28,0,0,0,3,31,38,61,25,19,188,44,332
UCL222035,3,9,3,105,0,126,0,0,0,3,0,6,0,0,0,0,0,0,0,0,0,0,0,0,3,0,0,0,0,0,25,5,3,81,7,121,0,0,0,0,0,4,5,0,0,0,0,5,9,0,0,21,0,22,4,0,0,0,0,4,0,0,0,0,0,0,4,0,0,0,0,6,3,0,0,18,0,25,0,0,0,0,0,0,0,0,0,0,0,0,0,0,0,0,0,0,0,0,0,0,0,0,0,0,0,0,0,0,0,0,0,0,0,0,0,0,0,0,0,5,0,0,0,0,0,4,0,0,0,0,0,0,0,0,0,0,0,0,9,0,4,16,0,32,0,0,0,0,0,0,5,0,0,0,0,5,0,0,0,0,0,0,0,0,0,0,0,0,0,0,0,0,0,0,0,0,0,0,0,0,5,0,0,5,4,12,0,0,0,11,26,36,59,16,9,203,39,326
UCL222036,4,8,3,77,4,83,0,0,0,4,0,6,0,0,0,0,0,0,4,0,0,0,0,4,0,0,0,0,0,0,14,4,3,65,3,89,0,0,0,0,0,0,0,0,0,0,0,0,0,0,0,7,0,6,0,0,0,0,0,0,0,0,0,0,0,0,0,0,0,0,0,0,0,7,0,26,5,32,0,0,0,6,0,6,0,0,0,0,0,0,0,0,0,0,0,0,0,0,0,0,0,0,0,0,0,0,0,0,0,0,0,0,0,0,6,0,0,0,0,0,0,0,0,0,0,0,0,0,0,0,0,0,0,0,0,0,0,0,0,0,0,22,0,23,0,0,0,0,0,0,0,0,0,0,0,0,0,0,0,0,0,0,0,0,0,0,0,0,0,0,0,0,0,0,0,0,0,0,0,0,13,0,0,3,0,12,0,0,0,4,25,30,35,9,4,159,33,240
UCL222037,0,10,5,104,3,121,0,0,0,11,0,18,0,0,0,0,0,0,0,0,0,0,0,0,0,0,0,4,0,10,11,5,6,97,0,120,4,0,0,0,0,4,0,0,0,0,0,0,0,3,0,7,0,11,0,0,0,0,0,0,0,0,0,0,0,0,0,0,0,0,0,0,0,0,0,30,0,30,0,0,0,5,0,3,0,0,0,0,0,0,0,0,0,0,0,0,0,0,0,0,0,0,0,0,0,0,0,0,0,0,0,4,0,4,0,0,0,0,0,0,0,0,0,0,0,0,0,0,0,0,0,0,0,0,0,0,0,0,0,0,0,22,0,27,0,0,0,0,0,0,0,0,0,0,0,0,0,0,0,0,0,0,0,0,0,0,0,0,0,0,0,0,0,0,0,0,0,0,0,0,3,0,5,5,0,8,0,0,0,4,7,9,17,18,3,205,16,255
UCL222038,0,6,0,100,0,113,0,0,0,0,0,0,0,0,0,0,0,0,0,0,0,0,0,0,0,0,0,0,0,0,7,16,9,85,0,113,0,0,0,0,0,0,0,0,0,0,0,0,0,0,3,4,0,5,0,0,0,0,0,5,0,0,0,0,0,0,0,0,0,0,0,0,0,3,0,19,0,22,0,0,0,10,0,9,0,0,0,0,0,0,0,0,0,0,0,0,0,0,0,0,0,0,0,0,0,0,0,0,0,0,0,0,0,0,0,0,0,0,0,0,0,0,0,0,0,0,0,0,0,0,0,0,0,0,0,0,0,0,0,4,0,19,0,29,0,0,0,0,0,0,0,0,0,0,0,0,0,0,0,0,0,0,0,0,0,0,0,0,0,0,0,0,0,0,0,0,0,0,0,0,0,0,0,0,0,3,0,0,0,0,11,11,10,19,9,176,14,222
UCL222039,0,16,3,157,0,171,0,0,0,3,0,3,0,0,0,0,0,0,0,0,0,3,0,3,0,8,0,0,0,12,11,9,3,93,0,118,0,0,0,0,0,0,0,0,0,0,0,0,0,0,0,18,0,22,0,0,0,0,0,0,0,0,0,0,0,0,0,0,0,0,0,0,0,0,0,30,0,31,0,0,0,0,0,0,0,0,0,0,0,0,0,0,0,0,0,0,0,0,0,0,0,0,0,0,0,0,0,0,0,0,0,0,0,0,0,0,0,0,0,0,0,0,0,0,0,0,0,0,0,0,0,0,0,0,0,0,0,0,0,8,0,19,0,24,0,0,0,0,0,0,0,0,0,0,0,0,0,0,0,0,0,0,0,0,0,0,0,0,0,0,0,0,0,0,3,0,0,0,0,6,3,4,3,3,0,20,0,0,0,3,22,31,23,20,8,238,22,310
UCL222040,4,18,6,132,0,158,0,0,0,0,0,0,0,0,0,0,0,0,0,0,0,0,0,0,8,0,0,0,0,9,44,19,14,118,5,196,0,0,0,0,0,0,0,0,0,0,0,5,5,3,0,12,0,19,0,0,0,0,0,0,4,0,0,0,0,4,0,0,0,0,0,0,3,6,4,48,0,62,6,3,0,19,0,27,0,0,0,0,0,0,0,0,0,0,0,0,0,0,0,0,0,6,0,0,0,0,0,4,0,0,0,0,0,0,0,0,0,0,0,0,0,0,0,0,0,0,0,0,0,0,0,0,0,0,0,0,0,0,8,7,3,51,0,73,0,0,0,0,0,0,0,0,0,0,0,0,0,0,0,0,0,0,0,0,0,0,0,0,0,0,0,0,0,0,3,0,0,0,0,5,11,5,0,5,0,21,5,0,0,3,27,31,91,32,23,269,28,453
UCL222041,5,4,6,125,0,140,0,0,0,3,0,3,0,0,0,0,0,0,0,0,0,0,0,0,5,0,0,0,0,3,4,11,9,70,0,96,0,0,0,0,0,0,0,0,0,0,0,0,0,0,0,4,0,9,0,0,0,0,0,0,0,0,0,0,0,0,0,0,0,0,0,0,3,8,5,37,0,48,0,0,0,5,0,6,0,0,0,0,0,0,0,0,0,0,0,0,0,0,0,0,0,0,0,0,0,0,0,0,0,0,0,0,0,0,0,0,0,0,0,0,0,0,0,0,0,3,0,0,0,0,0,0,0,0,0,0,0,0,5,0,0,25,0,20,0,0,0,0,0,0,0,0,0,0,0,0,0,0,0,0,0,0,0,0,0,0,0,0,0,0,0,0,0,0,0,0,0,0,0,0,7,0,0,5,0,10,0,0,0,4,8,9,23,14,15,208,11,272
UCL222042,0,6,3,109,0,115,0,0,0,10,0,7,0,0,0,0,0,0,0,0,0,0,0,0,0,0,0,0,0,3,6,5,0,90,9,113,6,0,0,0,0,6,0,0,0,0,0,0,0,0,0,18,0,18,0,0,0,0,0,0,0,0,0,0,0,0,0,0,0,0,0,0,0,0,0,17,0,21,0,0,0,0,0,3,0,0,0,0,0,0,0,0,0,0,0,0,0,0,0,0,0,0,0,0,0,0,0,0,0,0,0,0,0,0,0,0,0,0,0,0,0,0,0,0,0,0,0,0,0,0,0,0,0,0,0,0,0,0,0,0,0,21,0,21,0,0,0,0,0,0,0,0,0,0,0,0,0,0,0,0,0,0,0,0,0,0,0,0,0,0,0,0,0,0,0,0,0,0,0,0,0,0,0,0,0,0,0,0,0,10,12,26,14,9,10,207,19,250
UCL222043,0,8,9,139,12,172,0,0,0,3,0,3,0,0,0,5,0,3,0,0,0,0,0,0,11,0,6,3,0,19,44,22,11,130,3,207,0,0,0,0,0,0,0,0,0,0,0,0,0,0,0,10,0,18,0,0,0,0,0,5,0,0,0,0,0,0,0,0,0,0,0,0,0,0,0,41,0,44,0,0,0,3,0,4,0,0,0,0,0,0,0,0,0,0,0,0,0,0,0,0,0,0,3,0,0,3,0,4,0,0,0,0,0,0,0,0,0,0,0,0,0,0,0,0,0,3,0,0,0,0,0,0,0,0,0,0,0,0,0,3,0,57,0,67,0,0,0,0,0,0,0,0,0,0,0,0,0,0,0,0,0,0,0,4,0,0,0,5,0,0,0,0,0,0,0,0,0,3,0,5,9,0,0,4,0,18,0,0,0,0,9,13,72,28,18,279,26,423
UCL222044,0,8,9,117,3,142,0,0,0,10,4,13,0,0,0,0,0,0,0,0,0,0,0,7,0,0,0,0,0,0,12,7,3,87,0,118,0,0,0,0,0,0,0,0,0,0,0,0,4,0,0,3,0,8,0,0,0,0,0,0,0,0,0,0,0,0,0,0,0,0,0,0,0,0,0,23,0,28,5,0,0,0,0,4,0,0,0,0,0,0,0,0,0,0,0,0,0,0,0,0,0,0,4,0,0,0,0,5,0,0,0,0,0,0,3,0,0,0,0,5,0,0,0,0,0,0,0,0,0,0,0,0,0,0,0,0,0,0,12,0,0,23,3,36,0,0,0,0,0,4,0,0,0,0,0,0,0,0,0,0,0,0,0,0,0,0,0,0,0,0,0,0,0,0,0,0,0,0,0,0,3,0,0,3,0,14,3,3,0,0,29,31,41,17,14,206,44,321
UCL222045,0,8,6,97,8,121,0,3,0,3,0,10,0,0,0,0,0,0,0,0,0,0,0,0,5,4,0,4,0,9,10,9,11,76,3,112,0,0,0,0,0,0,0,0,0,0,0,0,0,3,0,10,0,12,0,0,0,0,0,0,0,0,0,0,0,0,0,0,0,0,0,0,8,5,0,34,0,48,4,0,0,6,0,8,0,0,0,0,0,0,0,0,0,0,0,0,0,0,0,0,0,0,0,0,0,3,0,9,0,0,0,0,0,0,0,0,0,0,0,0,0,0,0,0,0,0,0,0,0,0,0,0,0,0,0,0,0,0,9,5,0,29,0,38,0,0,0,0,0,0,0,0,0,0,0,0,0,0,0,0,0,4,0,0,0,0,0,0,0,0,0,0,0,0,0,0,0,0,0,3,4,0,0,9,0,12,0,0,0,0,28,31,40,20,7,184,37,292
UCL222046,0,15,7,163,0,185,0,0,0,27,0,29,0,0,0,4,0,4,3,0,0,0,0,3,0,0,0,0,0,0,8,16,5,119,5,147,0,0,0,0,0,0,0,0,0,0,0,0,0,0,0,9,0,15,0,0,0,0,0,0,0,0,0,0,0,0,0,0,0,0,0,0,4,5,0,36,0,47,5,0,0,4,0,13,0,0,0,0,0,0,0,0,0,0,0,0,0,0,0,0,0,0,0,0,0,0,0,0,0,0,0,0,0,0,0,0,0,0,0,0,0,0,0,0,0,0,0,0,0,0,0,0,0,0,0,0,0,0,3,4,0,53,0,54,0,0,0,0,0,0,0,0,0,0,0,0,0,0,0,0,0,0,0,0,0,0,0,0,0,0,0,0,0,0,0,0,0,0,0,0,0,0,0,4,0,8,0,0,0,4,33,37,26,23,3,300,44,395
UCL222047,0,9,10,75,0,94,0,0,0,0,0,0,0,0,0,0,0,0,0,0,0,0,0,0,0,0,0,0,0,4,11,5,0,68,0,89,4,0,0,0,0,4,0,0,0,0,0,0,4,0,0,9,0,12,0,0,0,0,0,0,0,0,0,0,0,0,0,0,0,0,0,0,0,0,0,27,0,32,0,0,0,0,0,0,0,0,0,0,0,0,0,0,0,0,0,0,0,0,0,0,0,0,0,0,0,0,0,0,0,0,5,0,0,4,0,0,0,0,0,0,0,0,0,0,0,0,0,0,0,0,0,0,0,0,0,0,0,0,4,0,5,13,0,22,0,0,0,0,0,0,0,0,0,0,0,0,0,0,0,0,0,0,0,0,0,0,0,0,0,0,0,0,0,0,0,0,0,0,0,0,3,6,0,6,0,6,0,0,0,0,7,7,22,14,11,147,9,204
UCL222048,0,4,4,92,0,105,0,0,0,5,0,5,0,0,0,0,0,0,0,0,0,0,0,0,0,0,0,0,0,0,3,0,0,66,0,69,4,0,0,0,0,4,0,0,0,0,0,0,0,0,0,8,0,9,0,0,0,0,0,0,0,0,0,0,0,0,0,0,0,0,0,0,0,0,4,24,0,27,5,0,0,9,0,5,0,0,0,0,0,0,0,0,0,0,0,0,0,0,0,0,0,0,0,0,0,0,0,0,0,0,0,0,0,0,0,0,0,0,0,0,0,0,0,0,0,0,0,0,0,0,0,0,0,0,0,0,0,0,0,0,4,7,0,11,0,0,0,0,0,0,0,0,0,0,0,0,0,0,0,0,0,0,0,0,0,0,0,0,0,0,0,0,0,0,0,0,0,0,0,0,6,0,0,0,6,16,0,0,0,0,0,0,23,4,3,146,8,193
UCL222049,0,3,10,49,0,70,0,0,0,3,0,3,7,0,0,5,0,3,0,0,0,0,0,0,4,0,0,0,0,5,18,10,4,87,0,125,0,0,0,0,0,3,0,0,0,0,0,0,0,0,0,13,0,16,0,0,0,0,0,4,0,0,0,0,0,0,0,0,0,0,0,0,9,5,4,36,0,47,0,0,0,0,0,5,0,0,0,0,0,0,0,0,0,0,0,0,0,0,0,0,0,0,4,0,0,0,0,4,0,0,0,0,0,0,0,0,0,0,0,0,0,0,0,0,0,0,0,0,0,0,0,0,0,0,0,0,0,0,8,4,0,36,0,58,0,0,0,0,0,0,0,0,0,0,0,0,0,0,0,0,0,0,0,0,0,0,0,0,0,0,0,0,0,0,4,0,0,0,0,8,19,0,4,4,0,26,0,0,0,0,10,10,62,15,11,165,15,272
UCL222050,0,13,14,166,0,195,0,0,0,6,0,0,0,0,7,10,0,14,0,0,0,0,0,6,7,3,0,7,0,17,26,14,14,170,5,229,0,0,0,0,0,0,0,0,0,5,0,5,3,3,0,17,0,23,0,0,0,0,0,0,0,0,0,0,0,6,3,0,0,0,0,3,11,7,5,42,0,65,6,0,4,6,0,15,0,0,0,0,0,0,0,0,0,0,0,0,0,0,0,0,0,0,0,0,0,0,0,0,0,0,4,0,0,4,0,0,0,0,0,0,3,0,0,0,0,6,0,0,0,0,0,0,0,0,0,0,0,0,5,3,7,52,0,68,0,0,0,0,0,0,0,0,0,0,0,0,0,0,0,0,0,0,0,0,0,0,0,0,0,0,0,0,0,0,0,0,0,0,0,0,10,0,0,8,0,16,0,0,0,10,36,40,61,23,24,335,44,491
UCL222051,3,20,11,127,0,161,0,0,0,12,0,12,12,0,0,0,0,10,0,0,0,0,0,0,0,0,0,9,0,13,47,17,13,108,0,189,0,0,0,0,0,0,0,0,0,0,0,3,10,0,0,12,0,24,0,0,0,0,0,0,3,0,0,0,0,7,8,0,0,0,0,8,0,3,4,29,0,35,4,0,0,6,0,17,0,0,0,0,0,0,0,0,0,0,0,0,0,0,0,0,0,0,0,0,0,0,0,6,0,0,0,0,0,0,0,0,0,0,0,0,3,0,0,0,0,9,4,0,0,0,0,4,0,0,0,0,0,0,8,5,3,49,0,61,6,0,0,0,0,6,0,0,0,0,0,0,0,0,0,0,0,8,0,0,0,0,0,0,0,0,0,0,0,0,0,0,0,0,0,0,26,0,3,8,0,36,4,0,0,0,31,32,124,25,17,250,31,453
UCL222052,0,18,5,137,3,170,0,0,0,8,0,6,0,0,0,0,0,0,6,0,0,0,0,6,6,4,0,13,0,18,23,16,11,127,4,186,0,0,0,0,0,0,0,0,0,0,0,0,6,5,0,15,0,19,0,0,0,0,0,0,0,0,0,0,0,0,0,0,0,0,0,0,6,4,0,42,0,61,0,0,0,3,0,5,0,0,0,0,0,0,0,0,0,0,0,0,0,0,0,0,0,0,0,0,0,0,0,0,0,0,0,0,0,0,0,0,0,0,0,0,0,0,0,0,0,0,0,0,0,0,0,0,0,0,0,0,0,0,13,3,4,36,0,54,0,0,0,0,0,0,3,0,0,0,0,3,3,0,0,0,0,6,0,0,0,0,0,0,0,0,0,0,0,0,0,0,0,0,0,0,4,3,4,7,0,19,0,0,0,14,11,31,65,32,13,276,18,412
UCL222053,5,8,8,135,4,161,0,0,0,18,3,20,0,0,0,0,0,0,0,0,0,0,0,0,4,0,0,0,0,6,18,4,13,143,0,183,3,0,0,0,0,9,0,0,0,0,0,0,0,0,0,8,0,10,0,0,0,0,0,0,0,0,0,0,0,0,0,0,0,0,0,0,0,0,3,45,0,46,9,0,5,17,0,28,0,0,0,0,0,0,0,0,0,0,0,0,0,0,0,0,0,0,0,0,0,0,0,0,0,0,0,0,0,0,0,0,0,0,0,0,0,0,0,0,0,0,0,0,0,0,0,0,4,0,0,0,0,4,7,4,5,46,3,60,0,0,0,0,0,0,0,0,0,0,0,0,0,0,0,0,0,0,0,0,0,0,0,0,0,0,0,0,0,0,0,0,0,0,0,0,31,4,0,3,0,40,5,0,0,4,30,39,81,19,18,308,39,454
UCL222054,0,4,4,101,0,115,0,0,0,8,0,8,0,0,0,0,0,0,0,0,0,0,0,0,0,0,0,9,0,6,17,4,7,103,4,135,3,0,0,0,0,3,0,0,0,0,0,0,0,4,0,3,0,7,0,0,0,0,0,0,0,0,0,0,0,0,0,0,0,0,0,0,3,0,3,45,0,56,4,0,0,10,0,15,0,0,0,0,0,0,0,0,0,0,0,0,0,0,0,0,0,0,0,0,0,0,0,0,0,0,0,0,0,0,0,0,0,0,0,0,0,0,0,0,0,0,0,0,0,0,0,0,0,0,0,0,0,0,0,0,6,39,0,41,0,0,0,0,0,0,9,0,0,0,0,10,0,0,0,0,0,0,0,0,0,0,0,0,0,0,0,0,0,0,0,0,0,0,0,0,4,0,0,9,0,7,0,0,0,0,7,7,28,13,10,211,11,270
UCL222055,4,13,5,154,11,186,0,3,0,8,0,5,0,0,0,0,0,0,0,0,0,0,0,6,0,0,0,0,0,3,23,17,3,86,16,139,0,0,0,0,0,0,0,0,0,0,0,0,3,4,0,16,3,29,0,0,0,0,0,0,0,0,0,0,0,0,5,0,0,0,0,3,4,7,0,26,0,36,0,0,0,3,0,5,0,0,0,0,0,0,0,0,0,0,0,0,0,0,0,0,0,0,5,0,0,4,0,9,0,0,0,0,0,0,0,0,0,0,0,0,0,0,0,0,0,0,0,0,0,0,0,0,0,0,0,0,0,0,10,3,0,26,0,32,0,0,0,0,0,3,0,0,0,0,0,0,0,0,0,0,0,0,0,0,0,0,0,0,0,0,0,0,0,0,0,0,0,0,0,3,15,0,0,5,0,31,0,0,0,3,33,34,53,27,9,262,64,424
UCL222056,0,8,10,58,4,72,0,0,0,0,0,0,8,0,0,0,0,8,0,0,0,0,0,0,0,0,0,3,0,4,15,3,4,60,5,93,0,0,0,0,0,0,0,0,0,0,0,0,0,0,0,4,0,14,0,0,0,0,0,0,0,0,0,0,0,0,0,0,0,0,0,0,8,0,3,11,0,21,9,0,0,4,0,9,0,0,0,0,0,0,0,0,0,0,0,0,0,0,0,0,0,0,0,0,0,0,0,0,0,0,0,0,0,0,0,0,0,0,0,0,0,0,0,0,0,0,0,0,0,0,0,0,0,0,0,0,0,0,0,0,3,15,0,21,0,0,0,0,0,0,0,0,0,0,0,0,5,0,0,0,0,5,0,0,0,0,0,0,0,0,0,0,0,0,0,0,0,0,0,0,14,0,0,0,0,15,0,0,0,0,135,137,51,18,18,115,133,333
UCL222057,3,3,10,88,0,108,0,0,0,5,0,5,6,0,0,0,0,6,5,0,3,0,0,7,8,0,0,5,0,8,21,13,8,74,0,122,0,0,0,0,0,0,0,0,0,4,0,4,0,3,0,8,0,16,0,0,0,0,0,0,3,0,0,0,0,4,0,0,0,0,0,0,16,3,7,43,0,68,4,0,0,6,0,9,0,0,0,0,0,0,0,0,0,0,0,0,0,0,0,4,0,3,0,0,0,0,0,4,0,0,0,0,0,3,0,0,0,0,0,0,0,0,0,0,0,3,5,0,0,0,0,3,0,0,0,0,0,0,11,0,0,23,0,40,6,3,0,0,0,5,0,0,0,0,0,0,0,0,0,0,0,0,0,0,0,0,0,0,0,0,0,0,0,0,0,0,0,0,0,0,8,0,0,6,0,19,0,0,0,0,23,26,69,20,19,181,29,322
UCL222058,4,6,6,28,0,34,0,0,0,0,0,0,3,0,0,0,0,3,0,0,0,0,0,0,0,0,0,0,0,4,3,0,8,31,0,49,0,0,0,0,0,0,0,0,0,0,0,0,0,0,3,8,0,5,0,0,0,0,0,0,0,0,0,0,0,0,0,0,0,0,0,0,0,0,0,15,0,21,0,0,0,0,0,5,0,0,0,0,0,0,0,0,0,0,0,0,0,0,0,0,0,0,0,0,0,0,0,0,0,0,0,0,0,0,0,0,0,0,0,0,0,0,0,0,0,0,0,0,0,0,0,0,0,0,0,0,0,0,0,0,0,9,0,13,0,0,0,0,0,0,0,0,0,0,0,0,0,0,0,0,0,0,0,0,0,0,0,0,0,0,0,0,0,0,0,0,0,0,0,0,9,0,0,0,0,3,0,0,0,0,23,25,29,6,12,66,23,128
UCL222059,4,3,0,77,4,89,0,0,0,3,0,3,0,0,0,0,0,0,0,0,0,0,0,0,0,0,0,0,0,0,11,5,0,73,0,90,0,0,0,0,0,0,0,0,0,0,0,0,4,0,0,16,0,21,0,0,0,0,0,0,0,0,0,0,0,0,0,0,0,0,0,0,0,0,0,29,0,24,3,3,0,0,0,3,0,0,0,0,0,0,0,0,0,0,0,0,0,0,0,0,0,0,0,0,0,0,0,0,0,0,0,0,0,0,5,0,0,0,0,5,0,0,0,0,0,0,0,0,0,0,0,3,0,0,0,0,0,0,3,0,0,32,0,31,0,0,0,0,0,0,0,0,0,0,0,0,0,0,0,0,0,0,0,0,0,0,0,0,0,0,0,0,0,0,0,0,0,0,0,0,6,0,0,3,0,9,0,0,0,0,8,8,21,9,3,157,12,208
UCL222060,0,4,7,84,0,96,0,0,0,4,0,4,0,0,0,0,0,0,0,0,0,0,0,0,0,4,0,0,0,5,8,0,6,68,0,81,7,0,0,0,0,7,0,0,0,0,0,0,0,0,0,22,0,26,0,0,0,0,0,0,0,0,0,0,0,0,0,0,0,0,0,0,3,0,0,16,0,20,0,0,0,0,0,0,0,0,0,0,0,0,0,0,0,0,0,0,0,0,0,0,0,0,0,0,0,0,0,0,0,0,0,0,0,0,0,0,0,0,0,0,0,0,0,0,0,0,0,0,0,0,0,0,0,0,0,0,0,0,0,0,0,18,0,25,0,0,0,0,0,0,0,0,0,0,0,0,0,0,0,0,0,0,0,0,0,0,0,0,0,0,0,0,0,0,0,0,0,0,0,0,4,0,0,0,0,16,0,0,0,0,17,16,19,9,8,162,15,214
UCL222061,4,10,7,90,5,120,0,0,0,3,0,3,0,0,0,3,0,3,0,0,0,0,0,0,0,0,0,0,0,0,8,12,9,56,0,80,0,0,0,0,0,0,0,0,0,0,0,0,0,0,0,6,0,4,0,0,0,0,0,0,0,0,0,0,0,0,0,0,0,0,0,0,3,5,4,23,0,31,7,0,0,0,0,6,0,0,0,0,0,0,0,0,0,0,0,0,0,0,0,0,0,0,7,0,0,5,0,6,0,0,0,0,0,0,0,0,0,0,0,0,0,0,0,0,0,0,0,0,0,0,0,0,0,0,0,0,0,0,4,5,0,10,0,18,0,0,0,0,0,0,0,0,0,0,0,0,0,0,0,0,0,0,0,0,0,0,0,0,0,0,0,0,0,0,0,0,0,0,0,0,6,0,0,3,0,12,0,0,0,0,13,13,32,14,8,146,17,220
UCL222062,4,11,8,141,0,166,0,0,0,0,0,5,4,0,0,0,0,4,0,0,0,0,0,0,0,0,0,3,0,0,19,17,6,141,0,187,5,0,0,0,0,4,0,0,0,0,0,0,0,0,0,35,0,36,0,0,0,0,0,5,0,0,0,0,0,0,3,0,0,0,0,3,5,0,3,34,0,39,0,0,0,3,0,3,0,0,0,0,0,0,0,0,0,0,0,0,0,0,0,0,0,0,0,0,0,0,0,0,0,0,0,0,0,0,0,0,0,0,0,0,3,0,0,0,0,3,0,0,0,0,0,0,0,0,0,0,0,0,7,0,0,36,0,46,0,0,0,0,0,0,0,0,0,0,0,0,0,0,0,0,0,0,0,0,0,0,0,0,0,0,0,0,0,0,0,5,0,0,0,6,9,4,4,6,0,24,0,0,0,8,26,33,51,29,16,300,27,421
UCL222063,3,15,12,148,5,184,0,0,0,0,0,0,7,0,0,0,0,7,0,0,0,0,0,0,11,0,0,5,0,22,36,19,23,140,0,214,3,0,0,0,0,3,0,0,0,0,0,0,4,0,0,12,0,9,0,0,0,0,0,0,0,0,0,0,0,6,0,0,0,3,0,3,7,8,4,44,0,62,7,0,0,3,0,13,3,0,0,0,0,3,0,0,0,0,0,0,0,0,0,0,0,0,5,0,0,0,0,5,0,0,0,0,0,0,0,0,0,0,0,0,0,0,0,3,0,3,3,0,0,0,0,4,0,0,0,0,0,0,12,0,8,31,4,57,0,0,0,0,0,0,0,0,0,0,0,0,0,0,0,0,0,0,0,0,0,0,0,0,0,0,0,0,0,0,0,0,0,3,0,4,18,5,0,3,0,27,0,0,0,0,23,23,98,32,24,272,29,455
UCL222064,0,11,3,84,0,97,0,0,0,6,0,3,0,0,0,0,0,0,0,0,0,3,0,3,5,0,0,4,0,7,9,14,7,109,0,130,0,0,0,0,0,0,0,0,0,0,0,4,0,0,0,12,0,13,3,0,0,0,0,3,0,0,0,3,0,3,0,5,0,0,0,5,0,0,0,39,0,41,0,0,0,9,0,13,0,0,0,0,0,0,0,0,0,0,0,0,3,0,0,0,0,3,0,0,0,0,0,0,0,0,0,0,0,0,0,0,0,0,0,4,0,0,0,0,0,0,0,0,0,0,0,0,0,0,0,0,0,0,0,4,0,40,0,42,0,0,0,0,0,0,0,0,0,0,0,0,0,0,0,0,0,0,0,0,0,0,0,0,0,0,0,0,0,0,0,0,0,0,0,0,0,0,0,3,0,4,0,0,0,3,27,32,17,18,7,207,25,274
UCL222065,0,0,4,70,4,82,0,0,0,5,0,5,0,0,0,0,0,0,0,0,0,0,0,0,4,0,4,0,0,5,9,9,0,65,0,76,0,0,0,0,0,0,0,0,0,0,0,0,0,0,0,8,0,15,0,0,0,0,0,0,0,0,0,0,0,0,0,0,0,0,0,0,0,0,0,42,3,48,0,0,0,0,0,0,0,0,0,0,0,0,0,0,0,0,0,0,0,0,0,0,0,0,0,0,0,0,0,0,4,0,4,0,0,5,0,0,0,0,0,0,0,0,0,0,0,0,0,0,0,0,0,0,0,0,0,0,0,0,7,3,0,32,3,42,0,0,0,0,0,0,0,0,0,0,0,0,0,0,0,0,0,0,0,0,0,0,0,0,0,0,0,0,0,0,0,0,0,0,0,0,0,0,0,0,0,0,0,0,0,4,13,20,15,11,4,151,20,207
UCL222066,0,5,0,114,0,123,0,0,0,8,0,12,4,0,0,0,0,4,0,0,0,0,0,0,0,0,0,0,0,0,4,4,0,88,3,105,0,0,0,0,0,0,0,0,0,0,0,0,0,0,0,3,0,14,0,0,0,0,0,0,0,0,0,0,0,0,0,0,0,0,0,0,0,3,0,25,0,25,3,0,0,0,0,4,0,0,0,0,0,0,0,0,0,0,0,0,0,0,0,0,0,0,5,0,0,3,0,8,0,0,0,0,0,0,0,0,0,0,0,0,0,0,0,0,0,0,0,0,0,0,0,0,0,0,0,0,0,0,0,3,0,27,0,31,0,0,0,0,0,0,0,0,0,0,0,0,0,0,0,0,0,0,0,0,0,0,0,0,4,0,0,0,0,4,0,0,0,0,0,0,10,0,0,3,0,12,0,0,0,5,24,27,33,9,3,201,29,270
UCL222067,0,3,10,75,0,86,0,0,0,0,0,0,6,0,0,0,0,6,0,0,0,0,0,0,0,0,0,4,0,6,12,6,8,63,4,98,0,0,0,0,0,0,0,0,0,0,0,0,3,0,0,11,0,16,0,0,0,0,0,0,0,0,0,0,0,0,4,0,0,0,0,3,0,0,3,32,0,37,0,0,0,0,0,0,0,0,0,0,0,0,0,0,0,0,0,0,0,0,0,0,0,0,0,0,0,0,0,0,0,0,0,0,0,0,0,0,0,0,0,0,0,0,0,0,0,0,0,0,0,0,0,0,0,0,0,0,0,0,8,9,4,23,0,35,0,0,0,0,0,0,0,0,0,0,0,0,0,0,0,0,0,0,0,0,0,0,0,0,4,0,0,0,0,4,0,0,0,0,0,0,5,0,0,6,0,5,0,0,0,0,30,32,33,11,18,150,29,242
UCL222068,4,14,10,63,3,89,0,0,0,0,0,0,0,0,0,0,0,3,0,0,0,0,0,0,6,0,0,0,0,3,18,16,6,50,0,87,0,0,0,0,0,0,4,0,0,0,0,4,5,0,0,5,0,14,0,0,0,0,0,3,0,0,0,0,0,0,0,0,0,0,0,0,4,0,0,22,0,24,0,4,0,6,0,11,0,0,0,0,0,0,0,0,0,0,0,0,0,0,0,0,0,0,0,0,0,0,0,0,0,0,0,0,0,0,0,0,0,0,0,0,3,0,0,0,0,3,0,0,0,0,0,0,0,0,0,0,0,0,3,0,6,12,0,24,0,0,0,0,0,0,0,0,0,0,0,0,0,0,0,0,0,0,0,0,0,0,0,0,0,0,0,0,0,0,0,0,0,0,0,0,9,5,4,4,0,18,0,0,0,0,11,18,34,25,14,115,17,205
UCL222069,3,3,6,191,0,204,0,0,0,28,0,32,0,0,0,5,0,5,0,5,0,0,0,3,4,0,0,4,0,11,19,3,8,163,0,196,0,0,0,0,0,0,0,0,0,0,0,0,12,0,4,27,0,43,0,0,0,0,0,5,0,0,0,0,0,0,0,0,0,0,0,0,3,5,4,67,0,76,0,0,0,6,0,11,0,0,0,0,0,0,0,0,0,0,0,0,0,0,0,0,0,0,0,0,0,0,0,0,0,0,0,0,0,0,0,0,0,0,0,3,0,0,0,0,0,0,0,0,0,0,0,0,0,0,0,0,0,0,11,3,0,66,0,78,0,0,0,0,0,0,0,0,0,0,0,0,0,0,0,0,0,5,0,0,0,0,0,0,0,0,0,0,0,0,3,0,0,0,0,5,3,0,0,0,0,0,0,0,0,4,25,29,48,17,16,379,33,491
UCL222070,0,8,5,70,0,83,0,0,0,0,0,0,0,0,0,0,0,0,0,0,0,0,0,0,0,0,0,0,0,4,7,11,0,83,0,105,0,0,5,0,0,7,6,0,0,0,0,6,0,0,0,13,0,10,0,0,0,0,0,0,0,0,0,0,0,0,0,0,0,0,0,0,0,9,0,48,0,55,0,0,0,0,0,6,0,0,0,0,0,0,0,0,0,0,0,0,0,0,0,0,0,0,0,0,0,0,0,0,0,0,0,5,0,3,0,0,0,0,0,0,0,0,0,0,0,0,0,0,0,0,0,0,0,0,0,0,0,0,0,3,0,19,0,25,0,0,0,0,0,0,0,0,0,0,0,0,0,0,0,0,0,0,0,0,0,0,0,0,0,0,0,0,0,0,0,0,0,0,0,0,0,0,0,0,0,6,0,0,0,0,6,12,21,12,10,163,7,214
UCL222071,0,17,14,128,0,160,0,0,0,9,0,9,0,0,0,0,0,4,0,0,0,0,0,0,0,0,5,9,0,13,23,12,13,129,3,175,0,0,0,0,0,3,4,0,0,0,0,4,5,0,0,8,0,12,0,0,0,0,0,0,0,0,0,0,0,0,0,0,0,0,0,0,5,0,0,33,0,43,0,0,0,4,0,4,3,0,0,0,0,6,0,0,0,0,0,0,0,0,0,0,0,0,0,0,0,0,0,3,0,4,0,0,0,5,0,0,0,0,0,0,0,0,0,0,0,0,0,0,0,7,0,7,0,0,0,0,0,0,4,6,0,33,0,41,0,0,0,0,0,0,0,0,0,0,0,0,0,0,0,0,0,0,0,0,0,0,0,0,0,0,0,0,0,0,0,0,0,0,0,5,11,3,3,3,0,15,0,0,0,3,32,34,49,28,17,263,35,389
UCL222072,0,5,11,105,0,128,0,0,0,8,0,11,0,0,0,0,0,3,0,0,0,0,0,0,6,0,0,0,0,4,26,6,15,95,0,144,0,0,0,0,0,0,0,0,0,0,0,0,4,0,0,9,0,8,0,0,0,0,0,0,0,0,0,0,0,0,0,0,0,0,0,0,4,0,0,32,0,39,4,0,0,0,0,3,0,0,0,0,0,0,0,0,0,0,0,0,0,0,0,0,0,0,3,0,0,0,0,3,0,0,0,0,0,0,0,0,0,0,0,0,4,0,0,0,0,4,0,0,0,0,0,0,0,0,0,0,0,0,9,10,6,38,0,54,0,0,0,0,0,0,3,0,0,0,0,3,0,0,0,0,0,0,0,0,0,0,0,0,0,0,0,0,0,0,0,0,0,0,0,5,6,3,3,8,0,19,0,0,0,0,42,42,52,21,22,211,48,349
UCL222073,0,0,12,83,0,105,0,0,0,0,0,0,5,0,0,0,0,5,0,0,0,0,0,0,0,0,3,0,0,5,9,5,7,54,0,69,0,0,0,0,0,0,0,0,4,0,0,5,0,0,0,3,0,3,0,0,0,0,0,0,0,0,0,0,0,0,0,0,0,0,0,0,5,0,0,14,0,13,3,0,0,8,0,11,0,0,0,0,0,0,0,0,0,0,0,0,0,0,0,0,0,0,0,0,0,0,0,0,0,0,0,0,0,0,0,0,0,0,0,0,0,0,0,0,0,0,0,0,0,0,0,0,0,0,0,0,0,0,5,0,4,29,0,44,0,0,0,0,0,0,0,0,0,0,0,0,0,0,0,0,0,0,0,0,0,0,0,0,0,0,0,0,0,0,0,0,0,0,0,9,13,0,4,9,0,27,0,0,0,7,13,21,34,5,24,154,13,231
UCL222074,0,10,4,73,0,91,0,0,0,5,0,5,0,0,0,0,0,4,0,0,0,0,0,0,0,0,0,0,0,0,12,13,5,56,0,86,0,0,0,0,0,0,0,0,0,0,0,0,3,0,0,9,0,15,0,0,0,0,0,0,0,0,0,0,0,0,0,0,0,0,0,0,3,0,0,23,0,30,0,0,0,12,0,10,0,0,0,0,0,0,0,0,0,0,0,0,0,0,0,0,0,0,0,0,0,0,0,0,0,0,0,0,0,0,0,0,0,0,0,0,0,0,0,0,0,0,0,0,0,0,0,0,0,0,0,0,0,0,0,0,0,19,0,17,0,0,0,0,0,0,0,0,0,0,0,0,0,0,0,0,0,0,0,0,0,0,0,0,0,0,0,0,0,0,0,0,0,0,0,0,4,0,0,0,0,8,0,0,0,3,22,25,25,17,5,131,27,212
UCL222075,4,27,21,148,0,195,0,0,0,4,0,4,0,0,0,0,0,0,0,0,0,0,0,0,6,4,0,3,0,13,23,21,13,125,4,193,0,0,0,0,0,0,0,0,0,0,0,4,0,0,6,12,0,17,7,0,0,5,0,14,0,0,0,0,0,0,0,0,0,0,0,0,8,7,0,48,0,63,17,8,3,5,0,34,0,0,0,0,0,0,3,5,0,0,0,7,0,0,0,0,0,0,0,0,0,0,0,5,0,0,0,0,0,0,0,0,0,0,0,0,4,0,3,0,0,6,0,0,0,0,0,0,0,0,0,0,0,0,4,4,7,37,0,46,0,0,0,0,0,0,0,0,0,0,0,0,0,0,0,0,0,0,0,0,0,0,0,0,0,0,0,0,0,0,0,0,0,3,0,3,13,0,0,3,0,18,0,0,0,13,30,37,72,43,30,303,33,478
UCL222076,3,8,12,121,7,143,0,0,0,6,0,6,3,0,0,0,0,6,0,0,0,0,0,0,4,0,0,4,0,9,15,8,10,150,7,187,79,0,0,0,4,85,0,0,0,0,0,0,8,0,0,7,0,9,0,0,0,0,0,0,4,0,0,0,0,4,0,0,0,0,0,0,4,0,0,34,0,48,0,0,0,4,0,6,0,0,0,0,0,0,0,0,0,0,0,3,0,0,0,0,0,0,0,0,0,0,0,0,0,0,0,0,0,0,0,0,0,0,0,0,0,0,0,0,0,0,0,0,0,0,0,0,0,0,0,0,0,0,8,0,0,33,0,41,0,0,0,0,0,0,0,0,0,0,0,0,0,0,0,0,0,3,0,0,0,0,0,0,0,0,0,0,0,0,0,0,0,0,0,0,4,0,0,5,0,12,0,0,0,8,48,57,122,10,20,267,60,475
UCL222077,0,12,8,148,4,174,0,0,0,4,0,4,0,0,0,3,0,3,0,0,0,0,0,0,0,4,0,0,0,4,24,10,10,178,0,229,9,0,0,0,0,9,0,0,0,0,0,0,0,0,6,71,0,80,0,0,0,0,0,0,0,0,0,0,0,0,4,0,0,0,0,4,0,0,3,36,0,45,0,6,0,0,0,7,0,0,0,0,0,0,0,0,0,0,0,0,0,0,0,0,0,0,0,0,0,0,0,0,0,0,0,0,0,0,5,0,0,6,0,3,0,0,4,0,0,5,0,0,0,0,0,0,0,0,0,0,0,0,6,6,0,33,0,43,0,0,0,0,0,0,0,0,0,0,0,0,0,0,0,0,0,0,0,0,0,0,0,0,0,0,0,0,0,0,0,0,0,0,0,4,16,0,0,4,0,24,0,0,0,0,45,48,56,16,20,333,50,487
UCL222078,0,10,9,97,0,120,0,0,0,0,0,0,0,0,0,0,0,0,0,0,0,0,0,0,9,0,0,0,0,9,21,9,8,85,0,123,0,0,0,0,0,0,0,0,0,0,0,0,3,0,0,3,0,10,0,0,0,0,0,0,0,0,0,0,0,0,0,0,0,0,0,0,3,9,0,19,3,42,0,0,0,0,0,0,0,0,0,0,0,0,0,0,0,0,0,0,0,0,0,0,0,0,0,0,0,0,0,0,0,0,0,0,0,0,0,0,0,0,0,0,0,0,0,0,0,0,0,0,0,0,0,0,0,0,0,0,0,0,8,10,0,34,0,51,0,0,0,0,0,0,0,0,0,0,0,0,0,0,0,0,0,0,0,0,0,0,0,0,0,0,0,0,0,0,0,0,0,0,0,0,3,0,0,3,0,8,0,0,0,3,16,18,39,25,14,189,21,281
UCL222079,0,26,22,95,0,148,0,0,0,0,0,0,0,0,0,3,0,6,3,4,0,0,0,12,4,0,0,4,0,12,53,24,24,154,4,254,0,0,0,0,0,0,3,0,3,0,0,4,7,0,0,14,0,22,0,0,0,9,0,11,0,0,0,0,0,0,0,0,4,0,0,5,9,10,4,56,3,84,9,3,0,11,0,23,0,0,0,0,0,0,0,0,0,0,0,0,0,0,0,0,0,0,0,0,0,0,0,0,0,0,0,0,0,0,0,0,3,0,0,6,0,0,0,0,0,6,0,0,0,0,0,0,0,0,0,0,0,0,13,0,0,49,0,69,0,0,0,0,0,0,0,0,0,0,0,3,0,0,0,0,0,0,0,0,0,0,0,0,0,0,0,0,0,0,0,0,0,0,0,4,10,9,9,3,0,29,0,0,0,7,9,20,90,51,39,272,16,466
UCL222080,0,3,0,139,0,147,0,0,0,4,0,4,0,0,0,0,0,0,0,0,0,0,0,0,0,0,0,0,0,3,11,7,4,97,0,126,0,0,0,0,0,4,0,0,0,0,0,0,3,0,0,10,0,16,0,0,0,0,0,0,0,0,0,0,0,0,4,0,0,0,0,4,0,0,6,26,0,29,5,0,0,3,0,8,0,0,0,0,0,0,0,0,0,0,0,0,0,0,0,0,0,0,0,0,0,0,0,0,0,0,0,0,0,0,0,0,0,0,0,0,4,0,0,0,0,6,0,0,0,0,0,0,0,0,0,0,0,0,0,3,0,38,0,41,0,0,0,0,0,0,0,0,0,0,0,0,3,0,0,0,0,3,0,0,0,0,0,0,0,0,0,0,0,0,0,0,0,0,0,0,27,0,0,0,0,32,0,0,0,11,23,29,58,19,6,248,23,353
UCL222081,0,11,3,72,0,85,0,0,0,0,0,0,0,0,0,0,0,0,0,0,0,0,0,0,0,4,0,4,0,7,22,5,6,70,0,104,0,0,0,0,0,0,0,0,0,3,0,3,7,0,0,3,0,12,0,0,0,0,0,0,0,0,0,0,0,4,0,0,0,0,0,0,5,0,0,37,0,42,3,0,0,3,0,6,0,0,0,0,0,0,0,0,0,0,0,0,0,0,0,0,0,0,0,0,0,0,0,0,0,0,0,0,0,0,0,0,0,0,0,0,4,0,0,6,0,11,0,0,0,0,0,0,0,0,0,0,0,0,5,0,0,26,0,33,0,0,0,0,0,0,0,0,0,0,0,0,0,0,0,0,0,0,0,0,0,0,0,0,0,0,0,0,0,0,0,0,0,0,0,0,9,4,6,0,0,14,4,3,0,8,14,21,53,18,10,160,22,254
UCL222082,0,12,9,60,0,80,0,0,0,0,0,0,4,0,0,0,0,5,3,0,0,0,0,3,4,0,0,0,0,3,13,9,4,63,0,95,0,0,0,0,0,5,0,0,0,0,0,0,7,0,0,3,0,10,0,0,0,0,0,0,0,0,0,0,0,0,0,0,0,0,0,0,3,0,0,25,0,24,3,0,0,0,0,3,0,0,0,0,0,0,0,0,0,0,0,0,0,0,0,0,0,0,0,0,0,0,0,0,0,0,0,0,0,0,0,0,0,0,0,0,0,0,0,0,0,5,0,0,0,0,0,0,0,0,0,0,0,0,3,0,5,16,0,20,0,0,0,0,0,0,0,0,0,0,0,0,0,0,0,0,0,0,0,0,0,0,0,0,0,0,0,0,0,0,0,0,0,0,0,6,10,9,4,3,0,18,0,0,0,0,30,33,44,19,12,128,29,234
UCL222083,5,4,0,90,3,100,0,0,0,0,0,0,0,0,0,0,0,0,0,0,0,0,0,0,0,3,0,0,0,4,6,0,0,77,3,83,0,0,0,0,0,0,0,0,0,0,0,0,0,0,0,9,0,7,3,4,0,7,3,14,0,0,0,0,0,0,0,0,0,0,0,0,0,0,0,18,0,16,5,0,0,16,0,27,0,0,0,0,0,0,0,0,0,0,0,0,4,0,0,0,0,3,0,0,0,0,0,0,0,0,0,0,0,0,0,0,0,0,0,0,0,0,0,0,0,0,0,0,0,0,0,0,0,0,0,0,0,0,0,0,0,17,0,20,0,0,0,0,0,0,0,0,0,0,0,0,3,0,0,0,0,3,0,0,0,0,0,0,0,0,0,0,0,0,0,0,0,0,0,0,0,0,0,0,0,0,0,0,0,4,6,10,34,8,0,161,11,220
UCL222084,3,10,7,170,6,199,0,0,0,0,0,6,0,0,0,0,0,0,0,0,0,0,0,0,3,0,0,4,0,4,29,10,14,127,5,188,4,0,0,0,0,4,4,0,0,0,0,4,9,6,0,9,0,15,0,0,0,0,0,0,0,0,0,0,0,0,0,0,0,0,0,0,3,5,5,67,0,79,0,0,0,5,0,10,0,0,0,0,0,0,0,0,0,0,0,0,0,0,0,0,0,0,5,0,0,0,0,5,0,0,0,0,0,0,0,0,0,0,0,0,0,0,0,0,0,0,0,0,0,0,0,0,0,0,0,0,0,0,7,3,0,54,0,65,7,0,0,0,0,7,0,0,0,0,0,0,0,0,0,0,0,0,0,0,0,0,0,0,0,0,0,0,0,0,0,0,0,0,0,0,3,7,0,7,0,18,0,0,0,3,47,56,53,20,16,320,57,469
UCL222085,0,4,8,69,0,85,0,0,0,0,0,0,0,0,0,0,0,0,0,0,0,0,0,0,8,0,4,3,0,10,24,6,16,98,0,142,0,0,0,0,0,0,10,3,0,0,0,12,3,0,0,8,0,10,4,4,0,0,0,9,0,0,0,0,0,0,0,0,0,0,0,0,7,0,7,43,0,64,10,3,0,8,0,19,0,0,0,0,0,0,0,0,0,0,0,0,0,0,0,0,0,0,0,0,0,0,0,0,0,0,0,0,0,0,0,0,0,0,0,0,10,0,0,0,0,9,0,0,0,0,0,0,0,0,0,0,0,0,5,0,0,28,0,36,0,0,0,4,0,4,0,0,0,0,0,0,3,0,0,0,0,3,0,0,0,4,0,4,0,0,0,0,0,0,0,0,0,0,0,5,25,3,3,10,0,29,0,0,0,0,5,8,87,14,26,180,12,315
UCL222086,5,24,14,122,0,162,0,0,0,0,0,0,6,0,0,0,0,6,0,0,0,0,0,0,8,4,3,0,0,12,32,15,11,109,0,162,0,0,3,0,0,4,0,0,0,0,0,0,4,0,0,4,0,18,0,0,0,0,0,0,0,0,0,0,0,0,0,0,0,0,0,0,3,0,3,41,0,53,0,0,0,4,0,8,0,0,0,0,0,0,0,0,0,0,0,0,0,0,0,0,0,0,0,0,0,0,0,0,0,0,0,0,0,0,0,0,0,0,0,4,0,0,0,0,0,6,0,0,0,0,0,0,0,0,0,0,0,0,11,3,4,39,0,64,0,0,0,0,0,0,0,0,0,0,0,0,0,0,0,0,0,0,0,0,0,0,0,0,0,0,0,0,0,0,0,0,0,0,0,0,15,6,0,0,0,27,0,0,0,5,25,35,64,35,23,232,32,385
UCL222087,3,13,14,216,0,247,0,0,0,7,0,11,0,0,0,6,0,6,0,0,0,0,0,0,5,0,0,9,0,11,13,19,7,158,3,202,8,0,3,0,0,12,0,0,0,0,0,0,0,0,0,13,0,14,0,0,0,0,0,0,0,0,0,0,0,0,0,6,0,0,0,3,0,3,3,55,0,62,0,0,0,8,0,8,0,0,0,0,0,0,0,0,0,0,0,0,0,0,0,0,0,0,0,0,0,0,0,0,3,0,0,0,0,3,0,0,0,0,0,0,0,0,0,0,0,0,0,0,0,0,0,0,0,0,0,0,0,0,8,8,5,50,0,61,0,0,0,0,0,0,0,0,0,0,0,0,0,0,0,0,0,0,0,0,0,0,0,0,0,0,0,0,0,0,3,0,0,0,0,3,6,0,0,4,0,11,0,0,0,0,17,16,41,31,22,372,22,486
UCL222088,0,8,4,89,0,103,0,0,0,10,0,12,3,0,0,0,0,6,0,0,0,0,0,0,11,0,0,0,0,11,14,9,6,90,0,118,3,0,0,0,0,3,0,0,0,0,0,0,5,0,0,0,0,12,0,0,0,0,0,0,8,0,0,0,0,4,0,0,0,0,0,0,5,0,0,27,0,30,0,0,0,8,0,3,0,0,0,0,0,0,0,0,0,0,0,0,0,0,0,0,0,0,3,0,0,0,0,3,0,0,0,0,0,0,0,0,0,0,0,0,0,0,0,0,0,0,3,0,0,0,0,3,0,0,0,0,0,0,0,0,0,23,0,23,0,0,0,0,0,0,0,0,0,0,0,0,0,0,0,0,0,0,0,0,0,0,0,0,0,0,0,0,0,0,0,0,0,0,0,0,4,3,0,7,0,11,0,0,0,0,28,28,48,14,7,171,27,271
UCL222089,0,7,0,83,6,95,0,0,0,4,0,4,0,0,0,0,0,0,0,0,0,0,0,0,0,0,0,0,0,0,19,10,7,65,0,97,0,0,0,0,0,0,0,0,0,0,0,0,3,0,3,7,0,13,0,0,0,0,0,0,0,0,0,0,0,0,0,0,0,0,0,0,5,3,0,24,0,29,4,0,0,0,0,4,0,0,0,0,0,0,0,0,0,0,0,0,0,0,0,0,0,0,0,0,0,4,0,4,0,0,0,0,0,0,0,0,0,0,0,0,0,0,0,0,0,0,0,0,0,0,0,0,0,0,0,0,0,0,0,3,0,14,0,24,0,0,0,0,0,0,0,0,0,0,0,0,0,0,0,0,0,0,0,0,0,0,0,0,0,0,0,0,0,0,0,0,0,0,0,0,0,4,0,0,0,5,0,0,0,0,8,8,23,11,7,152,6,207
UCL222090,0,9,6,87,0,97,0,0,0,8,0,8,0,0,0,0,0,0,5,0,0,4,0,3,0,0,0,0,0,4,10,4,3,81,4,104,0,0,0,0,0,0,0,0,0,0,0,0,0,0,0,10,0,10,0,0,0,0,0,0,0,0,0,0,0,0,0,0,0,0,0,0,3,0,0,32,0,33,0,0,0,4,0,6,0,0,0,0,0,0,0,0,0,0,0,0,0,0,0,0,0,0,0,0,0,0,0,0,0,0,0,0,0,0,0,0,0,0,0,0,0,0,0,0,0,0,0,0,0,0,0,0,0,0,0,0,0,0,3,0,0,26,0,27,0,0,0,0,0,0,0,0,0,0,0,0,0,0,0,0,0,0,0,0,0,0,0,0,0,0,0,0,0,0,0,0,0,0,0,0,0,0,0,0,0,0,0,0,0,3,35,37,15,5,8,176,40,245
UCL222091,0,5,9,196,0,214,0,0,0,5,0,7,0,0,0,0,0,0,0,0,0,6,0,6,6,0,0,8,0,15,6,10,3,139,0,160,0,0,0,0,0,0,0,0,0,0,0,0,0,3,0,19,0,27,0,0,0,0,0,0,0,0,0,0,0,0,0,0,0,3,0,3,4,0,0,39,0,36,0,0,0,4,0,0,0,0,0,0,0,0,0,0,0,5,0,5,0,0,0,0,0,0,0,0,0,0,0,0,0,0,0,0,0,0,0,0,0,0,0,0,0,0,0,0,0,0,0,0,0,0,0,0,0,0,0,0,0,0,3,4,4,36,0,43,0,0,0,0,0,0,0,0,0,0,0,0,0,0,0,0,0,0,0,0,0,0,0,0,0,0,0,0,0,0,0,0,0,4,0,3,8,0,3,5,0,9,0,0,0,12,17,27,21,20,12,341,17,412
UCL222092,0,4,9,143,0,150,0,0,0,5,0,6,0,0,0,0,0,0,0,0,0,0,0,0,6,0,0,4,0,11,10,8,9,128,0,154,0,0,0,0,0,0,0,0,0,0,0,0,0,0,5,5,0,9,0,0,0,0,0,0,0,0,0,0,0,0,0,0,0,0,0,0,0,3,0,44,0,51,4,0,0,12,0,19,0,0,0,0,0,0,0,0,0,0,0,0,0,0,0,0,0,0,0,0,0,0,0,4,0,0,0,0,0,0,0,0,0,0,0,0,0,0,0,0,0,0,0,0,0,0,0,0,0,0,0,0,0,0,4,0,5,25,0,30,0,0,0,0,0,0,0,0,0,0,0,0,0,0,0,3,0,0,0,0,0,0,0,0,0,0,0,0,0,0,0,0,0,0,0,0,0,0,0,6,0,8,0,0,0,0,23,21,19,18,7,291,22,355
UCL222093,0,27,8,127,4,159,0,0,0,4,0,6,0,0,0,0,0,3,0,0,0,0,0,0,9,0,0,0,0,9,34,19,9,132,9,201,0,0,0,0,0,0,0,0,0,0,0,0,3,5,0,7,0,21,0,0,0,0,0,0,0,0,0,0,0,0,0,0,0,0,0,0,3,0,0,37,0,41,6,3,0,10,0,18,0,0,0,0,0,0,0,0,0,0,0,0,0,0,0,0,0,0,0,0,0,0,0,0,0,0,0,0,0,0,0,0,0,0,0,0,0,0,0,0,0,0,0,0,0,0,0,0,0,0,0,0,0,0,6,6,0,42,0,55,0,0,0,0,0,0,0,0,0,0,0,0,0,0,0,0,0,0,0,0,0,0,0,0,0,0,0,0,0,0,0,0,0,0,0,0,11,4,0,0,0,16,0,0,0,0,50,54,68,38,14,256,59,432
UCL222094,0,6,0,157,3,165,0,0,0,14,0,16,0,0,0,0,0,0,0,0,0,0,0,0,0,0,0,0,0,7,8,6,0,125,0,146,0,0,0,0,0,0,0,0,0,0,0,0,0,0,0,11,0,10,0,0,0,0,0,0,0,0,0,0,0,0,0,0,0,0,0,0,0,0,4,42,0,41,0,0,0,0,0,4,0,0,0,0,0,0,0,0,0,0,0,0,0,0,0,0,0,0,0,0,0,0,0,0,0,0,0,0,0,0,0,0,0,0,0,0,0,0,0,0,0,5,0,0,0,0,0,0,0,0,0,0,0,0,3,0,0,16,0,14,0,0,0,0,0,0,0,0,0,0,0,0,0,0,0,0,0,0,0,0,0,0,0,0,0,0,0,0,0,0,0,0,0,0,0,0,0,0,0,3,0,7,0,0,0,0,25,29,18,11,4,280,37,348
UCL222095,0,0,4,74,0,77,0,0,0,13,0,13,0,0,0,0,0,0,0,0,0,0,0,0,0,0,0,5,0,0,9,4,3,63,3,87,0,0,0,0,0,0,0,0,0,0,0,0,3,0,0,3,0,4,0,0,0,0,0,0,0,0,0,0,0,0,0,0,0,0,0,0,0,0,3,18,3,21,3,0,0,5,0,7,0,0,0,0,0,0,0,0,0,0,0,0,0,0,0,0,0,0,0,0,0,0,0,6,0,0,0,0,0,0,0,0,0,0,0,0,0,0,0,0,0,0,0,0,0,0,0,0,0,0,0,0,0,0,5,4,0,10,0,22,0,0,0,0,0,0,0,0,0,0,0,0,0,0,0,0,0,0,0,0,0,0,0,0,0,0,0,0,0,0,0,0,0,0,0,0,0,0,0,0,0,5,0,0,0,3,11,10,22,9,7,140,12,187
UCL222096,3,16,23,132,4,183,0,0,0,6,0,6,0,0,0,0,0,0,0,0,0,4,0,7,0,3,0,3,0,4,53,16,12,115,0,199,0,0,0,0,0,0,0,0,0,0,0,4,3,5,0,13,0,17,0,0,0,0,0,0,0,0,0,0,0,0,4,0,0,0,0,4,7,0,3,54,0,63,3,0,0,9,4,16,0,0,0,0,0,0,0,0,0,0,0,0,0,0,0,0,0,0,0,3,0,4,0,8,0,0,0,0,0,0,0,0,0,0,0,0,0,0,0,0,0,3,0,0,0,0,0,0,0,0,0,0,0,0,13,6,0,28,3,54,4,0,0,0,0,4,0,0,3,0,0,3,0,4,0,0,0,4,0,0,0,0,0,0,0,0,0,0,0,0,4,0,0,0,0,3,5,0,4,3,0,19,0,0,0,4,16,22,79,32,27,248,27,418
UCL222097,4,10,6,113,0,133,0,0,0,8,0,8,0,0,0,0,0,0,0,0,0,0,0,0,14,5,0,3,0,16,24,19,16,71,0,131,0,0,0,0,0,0,0,0,0,0,0,6,0,0,0,7,0,6,0,0,0,4,0,3,0,0,0,0,0,0,0,0,0,0,0,0,7,3,7,41,0,53,0,3,12,8,0,21,0,0,0,0,0,0,0,0,0,0,0,0,0,0,0,0,0,0,0,0,0,0,0,3,0,0,0,0,0,0,0,0,0,0,0,3,0,0,0,0,0,0,0,0,0,0,0,0,0,0,0,0,0,0,5,3,0,21,0,41,0,0,0,0,0,0,4,0,0,0,0,4,0,0,0,0,0,0,0,0,0,0,0,0,0,0,0,0,0,0,0,0,0,0,0,0,3,5,0,6,0,19,0,0,0,7,21,37,50,26,26,211,23,333
UCL222098,0,9,21,118,0,154,0,0,0,0,0,0,5,0,6,0,0,3,0,0,0,0,0,0,10,0,0,8,0,19,15,15,18,106,0,161,0,0,0,0,0,0,6,0,0,0,0,0,9,0,0,15,0,24,0,0,0,0,0,4,0,0,0,0,0,0,0,0,0,0,0,0,0,3,3,39,0,52,5,0,0,3,0,10,0,0,0,0,0,0,0,0,0,0,0,0,0,0,0,0,0,0,0,0,0,0,0,6,0,0,0,0,0,8,0,0,0,0,0,5,3,0,0,0,0,9,0,0,0,0,0,0,0,0,0,0,0,0,3,3,0,26,0,38,0,0,0,0,0,0,0,0,0,0,0,3,0,0,0,0,0,0,0,0,0,0,0,0,0,0,0,0,0,0,0,0,0,4,0,4,11,0,5,0,0,16,0,0,0,0,14,15,57,22,31,240,19,362
UCL222099,0,14,4,88,0,107,0,0,0,16,0,16,0,0,0,0,0,0,0,0,0,0,0,0,0,0,0,0,0,4,14,17,5,73,0,113,0,0,0,0,0,0,0,0,0,0,0,0,0,0,0,5,0,4,0,0,0,0,0,0,0,0,0,0,0,3,0,0,0,0,0,0,4,3,0,15,0,17,5,0,0,3,0,10,0,0,0,0,0,0,0,0,0,0,0,0,0,0,0,0,0,0,0,0,0,0,0,0,0,0,0,0,0,0,0,0,0,0,0,0,0,0,0,0,0,6,0,0,0,0,0,0,0,0,0,0,0,0,0,0,0,12,0,18,0,0,0,0,0,0,0,0,0,0,0,0,0,0,0,0,0,0,0,0,0,0,0,0,0,0,0,0,0,0,0,0,0,0,0,4,0,0,0,0,0,0,0,0,0,0,16,16,26,23,7,152,17,217
UCL222100,0,11,0,69,0,85,0,0,0,0,0,5,0,0,0,0,0,0,0,0,0,0,0,0,6,3,0,0,0,9,18,8,4,68,0,101,4,0,0,0,0,8,0,0,0,0,0,0,0,0,3,7,0,8,0,0,0,0,0,3,0,0,0,0,0,0,0,0,0,0,0,0,6,4,0,22,0,32,0,0,0,0,0,3,0,0,0,0,0,0,0,0,0,0,0,0,0,0,0,0,0,0,0,0,0,0,0,0,0,0,0,0,0,0,0,0,0,0,0,0,0,0,0,0,0,0,0,0,0,0,0,0,0,0,0,0,0,0,10,0,0,20,0,32,0,0,0,0,0,0,0,0,0,0,0,0,4,0,0,0,0,4,0,0,0,0,0,0,0,0,0,0,0,0,0,0,0,0,0,0,8,0,0,0,0,8,0,0,0,0,24,27,50,16,5,138,31,240
UCL222101,0,6,3,90,3,115,0,0,0,0,0,0,5,0,0,0,0,5,0,0,0,0,0,0,5,5,0,10,0,24,18,18,7,88,0,134,0,0,0,0,0,0,0,0,0,0,0,0,0,0,0,4,0,0,0,0,0,0,0,0,0,0,0,0,0,0,0,0,0,0,0,0,0,0,0,18,0,24,3,0,0,4,0,11,0,0,0,0,0,0,0,0,0,0,0,0,0,0,0,0,0,0,0,0,0,5,0,6,0,0,0,0,0,0,0,0,0,0,0,0,0,0,0,0,0,0,0,0,0,0,0,0,0,0,0,0,0,0,0,3,3,26,0,39,0,0,0,0,0,0,0,0,0,0,0,0,0,0,0,0,0,0,0,0,0,0,0,0,0,0,0,0,0,0,0,0,0,0,0,0,4,0,0,4,0,12,0,0,0,10,25,35,34,21,11,187,28,285
UCL222102,0,36,15,122,3,178,0,0,0,6,0,6,4,0,0,0,0,4,0,0,0,0,0,0,0,0,0,0,0,11,34,16,13,111,6,186,5,0,0,0,0,5,0,0,0,0,0,0,5,3,0,5,0,13,8,0,0,0,0,8,0,0,0,0,0,0,0,3,0,0,0,3,6,7,0,33,0,50,4,3,0,7,0,12,0,0,0,0,0,6,0,0,0,0,0,0,4,0,0,0,0,4,0,0,0,0,0,4,0,0,0,0,0,0,0,0,0,0,0,0,0,0,0,0,0,0,0,0,0,0,0,0,0,0,0,0,0,0,10,3,0,31,0,49,0,0,0,3,0,5,0,0,0,0,0,0,0,0,0,0,0,0,0,0,0,0,0,0,0,0,0,0,0,0,0,0,0,3,0,7,9,10,0,9,0,22,0,0,0,8,26,39,70,54,23,236,39,421
UCL222103,0,8,3,57,0,70,0,0,0,0,0,0,0,0,0,0,0,0,0,0,0,0,0,0,3,0,0,0,0,5,10,17,4,80,0,107,0,0,0,0,0,0,4,0,0,5,0,8,5,3,5,8,0,20,0,0,0,0,0,0,0,0,0,0,0,0,0,0,0,0,0,7,6,0,3,28,0,33,4,9,0,3,0,11,0,0,0,0,0,0,0,0,0,0,0,0,0,0,0,0,0,0,0,0,0,0,0,0,0,0,0,0,0,0,0,0,0,0,0,0,0,0,0,0,0,4,0,0,0,0,0,0,0,0,0,0,0,0,0,5,0,24,0,28,0,0,0,0,0,0,0,0,0,0,0,0,0,0,0,0,0,0,0,0,0,0,0,0,0,0,0,0,0,0,0,0,0,0,0,0,12,0,4,10,0,23,0,0,0,0,5,5,41,29,11,142,10,222
UCL222104,0,3,7,135,9,149,0,0,0,11,0,11,3,0,0,0,0,8,0,0,0,0,0,0,0,3,0,0,0,3,7,3,0,103,10,118,0,0,0,0,0,0,0,0,0,0,0,0,0,0,0,5,0,3,0,0,0,0,0,0,0,0,0,0,0,0,0,0,0,0,0,0,0,0,0,17,6,26,4,3,0,14,0,17,0,0,0,0,0,0,0,0,0,0,0,0,0,0,0,0,0,0,0,0,0,0,0,0,0,0,0,0,0,0,0,0,0,0,0,0,0,0,0,0,0,0,0,0,0,0,0,0,0,0,0,0,0,0,0,0,0,32,0,36,0,0,0,0,0,0,0,0,0,0,0,0,0,0,0,0,0,0,0,0,0,0,0,0,0,0,0,0,0,0,0,0,0,0,0,0,8,0,3,3,0,17,0,0,0,4,24,28,18,11,9,235,36,300
UCL222105,0,0,0,95,0,94,0,0,0,9,0,9,0,0,0,0,0,0,0,0,0,0,0,0,0,0,0,0,0,0,7,3,0,88,0,96,0,0,0,0,0,0,0,0,0,0,0,0,3,0,0,3,0,8,0,0,0,0,0,0,0,0,0,0,0,0,0,0,0,0,0,0,0,0,5,22,0,29,0,0,0,4,0,4,0,0,0,0,0,0,0,0,0,0,0,0,0,0,0,0,0,0,0,0,0,0,0,0,0,0,0,0,0,0,0,0,0,0,0,0,0,0,0,0,0,0,0,0,0,0,0,0,0,0,0,0,0,0,4,0,0,11,0,18,0,0,0,0,0,0,0,0,0,0,0,0,0,0,0,0,0,0,0,0,0,0,0,0,0,0,0,0,0,0,0,0,0,0,0,0,3,0,0,0,0,9,0,0,0,7,17,23,19,3,5,181,17,221
UCL231001,2107,12916,9905,145935,1904,172765,42,201,137,5060,87,5530,1805,115,186,812,30,2946,1022,211,94,465,22,1811,4602,1616,1012,3411,86,10727,21316,11982,9312,128444,2157,173210,1488,22,372,72,26,1976,672,126,131,955,17,1908,4151,1345,1057,13220,204,19982,1470,370,148,1007,31,3024,617,162,81,246,10,1118,1093,100,91,126,8,1417,4474,2857,2003,43863,599,53793,6149,1953,766,8801,172,17834,92,7,15,6,0,124,351,117,69,155,4,693,470,80,24,191,15,786,1912,516,305,1329,23,4094,549,128,115,112,10,902,1147,498,425,287,22,2378,1269,319,208,760,21,2576,442,71,51,206,7,779,202,20,13,10,3,251,5444,3129,2513,39219,445,50749,481,75,36,111,3,708,623,109,129,74,4,939,450,65,62,325,11,917,240,88,46,69,5,452,434,34,59,13,14,551,771,227,159,1172,16,2347,10406,2176,1766,4676,226,19247,650,197,163,3524,32595,37136,61884,24325,18115,287216,37363,428903
UCL279997,0,0,0,0,0,0,0,0,0,0,0,0,0,0,0,0,0,0,0,0,0,0,0,0,0,0,0,0,0,0,0,0,0,7,0,5,3,0,0,0,0,3,0,0,0,0,0,0,0,0,0,0,0,0,0,0,0,0,0,0,0,0,0,0,0,0,0,0,0,0,0,0,0,0,0,0,0,0,0,0,0,0,0,0,0,0,0,0,0,0,0,0,0,0,0,0,0,0,0,0,0,0,0,0,0,0,0,0,0,0,0,0,0,0,0,0,0,0,0,0,0,0,0,0,0,0,0,0,0,0,0,0,0,0,0,0,0,0,0,0,0,3,0,3,0,0,0,0,0,0,0,0,0,0,0,0,0,0,0,0,0,0,0,0,0,0,0,0,0,0,0,0,0,0,0,0,0,0,0,0,0,0,0,0,0,0,0,0,0,0,27,27,3,0,0,7,28,38
UCL299994,61,230,123,1415,47,1874,7,9,6,208,5,242,179,7,4,13,0,206,18,0,0,0,0,24,53,31,5,42,0,126,370,173,124,1249,35,1952,54,0,8,0,0,55,25,5,0,14,0,47,74,23,13,136,4,250,34,18,4,18,0,77,11,0,0,6,0,21,95,0,4,3,0,99,106,48,23,445,7,626,72,22,20,106,3,222,4,0,0,0,0,7,27,6,0,8,0,38,10,0,0,8,0,19,12,8,6,27,0,53,44,0,9,5,0,58,43,12,5,0,3,65,23,6,3,19,0,52,18,0,0,0,0,18,23,0,0,0,0,23,103,60,48,350,7,572,22,0,0,0,0,23,14,0,0,0,0,21,20,3,0,3,0,29,19,5,0,0,0,26,48,0,3,0,0,48,14,5,5,15,4,37,595,69,42,93,19,810,32,9,4,45,3572,3671,1800,426,258,2909,3693,9089
