SAL_CODE_2021,P_15_19_Num_chld_evr_brn_Nne,P_15_19_Num_chld_evr_brn_1,P_15_19_Num_chld_evr_brn_2,P_15_19_Num_chld_evr_brn_3,P_15_19_Num_chld_evr_brn_4,P_15_19_Num_chld_evr_brn_5,P_15_19_Num_chd_evr_brn_6_mr,P_15_19_Num_chld_evr_brn_ns,P_15_19_yrs_Total,P_20_24_Num_chld_evr_brn_Nne,P_20_24_Num_chld_evr_brn_1,P_20_24_Num_chld_evr_brn_2,P_20_24_Num_chld_evr_brn_3,P_20_24_Num_chld_evr_brn_4,P_20_24_Num_chld_evr_brn_5,P_20_24_Num_chd_evr_brn_6_mr,P_20_24_Num_chld_evr_brn_ns,P_20_24_yrs_Total,P_25_29_Num_chld_evr_brn_Nne,P_25_29_Num_chld_evr_brn_1,P_25_29_Num_chld_evr_brn_2,P_25_29_Num_chld_evr_brn_3,P_25_29_Num_chld_evr_brn_4,P_25_29_Num_chld_evr_brn_5,P_25_29_Num_chd_evr_brn_6_mr,P_25_29_Num_chld_evr_brn_ns,P_25_29_yrs_Total,P_30_34_Num_chld_evr_brn_Nne,P_30_34_Num_chld_evr_brn_1,P_30_34_Num_chld_evr_brn_2,P_30_34_Num_chld_evr_brn_3,P_30_34_Num_chld_evr_brn_4,P_30_34_Num_chld_evr_brn_5,P_30_34_Num_chd_evr_brn_6_mr,P_30_34_Num_chld_evr_brn_ns,P_30_34_yrs_Total,P_35_39_Num_chld_evr_brn_Nne,P_35_39_Num_chld_evr_brn_1,P_35_39_Num_chld_evr_brn_2,P_35_39_Num_chld_evr_brn_3,P_35_39_Num_chld_evr_brn_4,P_35_39_Num_chld_evr_brn_5,P_35_39_Num_chd_evr_brn_6_mr,P_35_39_Num_chld_evr_brn_ns,P_35_39_yrs_Total,P_40_44_Num_chld_evr_brn_Nne,P_40_44_Num_chld_evr_brn_1,P_40_44_Num_chld_evr_brn_2,P_40_44_Num_chld_evr_brn_3,P_40_44_Num_chld_evr_brn_4,P_40_44_Num_chld_evr_brn_5,P_40_44_Num_chd_evr_brn_6_mr,P_40_44_Num_chld_evr_brn_ns,P_40_44_yrs_Total,P_45_49_Num_chld_evr_brn_Nne,P_45_49_Num_chld_evr_brn_1,P_45_49_Num_chld_evr_brn_2,P_45_49_Num_chld_evr_brn_3,P_45_49_Num_chld_evr_brn_4,P_45_49_Num_chld_evr_brn_5,P_45_49_Num_chd_evr_brn_6_mr,P_45_49_Num_chld_evr_brn_ns,P_45_49_yrs_Total,P_50_54_Num_chld_evr_brn_Nne,P_50_54_Num_chld_evr_brn_1,P_50_54_Num_chld_evr_brn_2,P_50_54_Num_chld_evr_brn_3,P_50_54_Num_chld_evr_brn_4,P_50_54_Num_chld_evr_brn_5,P_50_54_Num_chd_evr_brn_6_mr,P_50_54_Num_chld_evr_brn_ns,P_50_54_yrs_Total,P_55_59_Num_chld_evr_brn_Nne,P_55_59_Num_chld_evr_brn_1,P_55_59_Num_chld_evr_brn_2,P_55_59_Num_chld_evr_brn_3,P_55_59_Num_chld_evr_brn_4,P_55_59_Num_chld_evr_brn_5,P_55_59_Num_chd_evr_brn_6_mr,P_55_59_Num_chld_evr_brn_ns,P_55_59_yrs_Total,P_60_64_Num_chld_evr_brn_Nne,P_60_64_Num_chld_evr_brn_1,P_60_64_Num_chld_evr_brn_2,P_60_64_Num_chld_evr_brn_3,P_60_64_Num_chld_evr_brn_4,P_60_64_Num_chld_evr_brn_5,P_60_64_Num_chd_evr_brn_6_mr,P_60_64_Num_chld_evr_brn_ns,P_60_64_yrs_Total,P_65_69_Num_chld_evr_brn_Nne,P_65_69_Num_chld_evr_brn_1,P_65_69_Num_chld_evr_brn_2,P_65_69_Num_chld_evr_brn_3,P_65_69_Num_chld_evr_brn_4,P_65_69_Num_chld_evr_brn_5,P_65_69_Num_chd_evr_brn_6_mr,P_65_69_Num_chld_evr_brn_ns,P_65_69_yrs_Total,P_70_74_Num_chld_evr_brn_Nne,P_70_74_Num_chld_evr_brn_1,P_70_74_Num_chld_evr_brn_2,P_70_74_Num_chld_evr_brn_3,P_70_74_Num_chld_evr_brn_4,P_70_74_Num_chld_evr_brn_5,P_70_74_Num_chd_evr_brn_6_mr,P_70_74_Num_chld_evr_brn_ns,P_70_74_yrs_Total,P_75_79_Num_chld_evr_brn_Nne,P_75_79_Num_chld_evr_brn_1,P_75_79_Num_chld_evr_brn_2,P_75_79_Num_chld_evr_brn_3,P_75_79_Num_chld_evr_brn_4,P_75_79_Num_chld_evr_brn_5,P_75_79_Num_chd_evr_brn_6_mr,P_75_79_Num_chld_evr_brn_ns,P_75_79_yrs_Total,P_80_84_Num_chld_evr_brn_Nne,P_80_84_Num_chld_evr_brn_1,P_80_84_Num_chld_evr_brn_2,P_80_84_Num_chld_evr_brn_3,P_80_84_Num_chld_evr_brn_4,P_80_84_Num_chld_evr_brn_5,P_80_84_Num_chd_evr_brn_6_mr,P_80_84_Num_chld_evr_brn_ns,P_80_84_yrs_Total,P_85_ov_Num_chld_evr_brn_Nne,P_85_ov_Num_chld_evr_brn_1,P_85_ov_Num_chld_evr_brn_2,P_85_ov_Num_chld_evr_brn_3,P_85_ov_Num_chld_evr_brn_4,P_85_ov_Num_chld_evr_brn_5,P_85_ov_Num_chd_evr_brn_6_mr,P_85_ov_Num_chld_evr_brn_ns,P_85ov_Total,Tot_Nmbr_child_ever_born_None,Tot_Nmbr_children_ever_born_1,Tot_Nmbr_children_ever_born_2,Tot_Nmbr_children_ever_born_3,Tot_Nmbr_children_ever_born_4,Tot_Nmbr_children_ever_born_5,Tot_Nmbr_chidrn_ever_brn_6_mr,Tot_Nmbr_childrn_ever_born_Ns,Total_Total
SAL20001,0,0,0,0,0,0,0,0,0,0,0,0,0,0,0,0,0,0,0,0,0,0,0,0,0,0,0,0,0,0,0,0,0,0,0,0,0,0,0,0,0,0,0,0,0,0,0,0,0,0,0,0,0,0,0,0,0,0,0,0,0,0,0,0,0,0,0,0,0,0,0,0,0,0,0,0,0,0,0,0,0,0,0,0,0,0,0,0,0,0,0,0,0,0,0,0,0,0,0,0,0,0,0,0,0,0,0,0,0,0,0,0,0,0,0,0,0,0,0,0,0,0,0,0,0,0,0,0,0,0,0,0,0,0,0,0,0,0,0,0,0,0,0,0
SAL20002,90,0,0,0,0,0,0,11,108,323,0,0,0,0,0,0,31,357,719,13,3,0,0,0,0,71,807,658,75,24,0,0,0,0,52,804,301,99,50,10,5,3,0,40,505,162,47,53,13,0,0,0,19,296,120,33,40,15,0,0,0,11,217,72,23,55,14,5,0,0,13,184,42,26,52,28,7,0,0,14,173,41,22,57,20,14,4,0,9,165,36,15,50,21,6,0,0,8,138,26,8,41,24,5,5,0,7,121,15,11,28,14,7,4,0,9,82,19,3,18,6,6,4,0,0,62,17,9,19,13,4,6,3,4,71,2641,398,484,177,61,19,10,295,4083
SAL20003,159,0,0,0,0,0,0,9,170,144,0,0,0,0,0,0,7,152,87,4,0,0,0,0,0,9,100,45,15,14,5,0,0,0,6,89,31,18,36,18,0,0,0,8,112,22,17,53,23,0,0,0,8,130,19,19,83,34,10,3,0,4,170,10,33,84,37,0,6,4,3,177,19,19,75,37,13,0,0,4,163,20,3,59,35,9,0,0,5,130,11,12,34,26,3,0,5,4,94,13,10,32,16,5,0,4,3,81,7,0,14,8,4,0,0,3,43,0,6,10,3,8,0,0,3,34,0,4,15,18,5,0,3,9,45,601,167,509,262,49,20,16,70,1702
SAL20004,0,0,0,0,0,0,0,0,0,0,0,0,0,0,0,0,0,0,0,0,0,0,0,0,0,0,0,0,0,0,0,0,0,0,0,0,0,0,0,0,0,0,0,0,0,0,0,0,0,0,0,0,0,0,0,0,0,0,0,0,0,0,0,0,0,0,0,0,0,0,0,0,0,0,0,0,0,0,0,0,0,0,0,0,0,0,0,0,0,0,0,0,0,0,0,0,0,0,0,0,0,0,0,0,0,0,0,0,0,0,0,0,0,0,0,0,0,0,0,0,0,0,0,0,0,0,0,0,0,0,0,0,0,0,0,0,0,0,0,0,0,0,0,3
SAL20005,5,0,0,0,0,0,0,0,5,0,0,0,0,0,0,0,0,0,0,0,0,0,0,0,0,0,0,0,0,0,0,0,0,0,0,0,0,0,0,0,0,0,0,0,0,0,0,0,0,0,0,0,0,5,4,0,0,3,0,0,0,0,4,0,0,4,0,0,0,0,0,9,0,0,0,0,0,0,0,0,4,0,0,0,3,0,0,0,0,8,0,4,0,0,0,0,0,0,10,4,0,0,4,5,0,0,0,10,0,0,0,0,0,0,0,0,5,0,0,0,0,0,0,0,0,4,0,0,0,0,0,0,0,0,4,20,12,15,12,7,0,0,0,67
SAL20006,0,0,0,0,0,0,0,0,0,0,0,0,0,0,0,0,0,0,0,0,0,0,0,0,0,0,0,0,0,0,0,0,0,0,0,0,0,0,0,0,0,0,0,0,0,0,0,0,0,0,0,0,0,0,0,0,0,0,0,0,0,0,0,0,0,0,0,0,0,0,0,0,0,0,0,0,0,0,0,0,0,0,0,0,0,0,0,0,0,0,0,0,0,0,0,0,0,0,0,0,0,0,0,0,0,0,0,0,0,0,0,0,0,0,0,0,0,0,0,0,0,0,0,0,0,0,0,0,0,0,0,0,0,0,0,0,0,0,0,0,0,0,0,0
SAL20007,0,0,0,0,0,0,0,0,0,0,0,0,0,0,0,0,0,3,0,0,0,0,0,0,0,0,0,0,0,4,0,0,0,0,0,0,0,0,0,0,0,0,0,0,3,0,0,0,0,0,0,0,0,7,0,0,0,0,0,0,0,0,5,0,0,0,0,0,0,0,0,3,0,0,0,0,0,0,0,0,0,0,0,0,0,0,0,0,0,0,0,0,5,0,0,0,0,0,3,0,0,0,0,0,0,0,0,0,0,0,0,0,0,0,0,0,0,0,0,0,0,0,0,0,0,0,0,0,0,0,0,0,0,0,0,0,4,8,6,0,0,0,6,27
SAL20008,0,0,0,0,0,0,0,0,6,0,0,0,0,0,0,0,0,0,0,0,0,0,0,0,0,0,7,0,0,0,0,0,0,0,0,0,0,0,0,0,0,0,0,0,0,0,0,0,0,0,0,0,0,0,0,0,0,0,0,0,0,0,3,0,0,0,0,0,0,0,0,0,0,0,0,0,0,0,0,0,4,0,0,0,0,0,0,0,0,0,0,0,0,0,0,0,0,0,0,0,0,4,0,0,0,0,0,7,0,0,0,0,3,0,0,0,9,0,0,0,0,0,0,0,0,0,0,0,0,0,0,0,0,0,4,0,3,6,9,6,0,0,4,29
SAL20009,0,0,0,0,0,0,0,0,0,0,0,0,0,0,0,0,0,0,0,0,0,0,0,0,0,0,0,0,0,0,0,0,0,0,0,0,0,0,0,0,0,0,0,0,0,0,0,0,0,0,0,0,0,0,0,0,0,0,0,0,0,0,0,0,0,4,3,0,0,0,0,5,0,0,3,0,0,0,0,0,7,0,0,0,0,0,0,0,0,0,0,0,0,0,0,0,0,0,3,0,0,0,0,0,0,0,0,3,0,0,0,0,0,0,0,0,5,0,0,0,0,0,0,0,0,0,0,0,0,0,0,0,0,0,0,7,0,11,12,4,5,0,0,32
SAL20010,0,0,0,0,0,0,0,0,0,0,0,0,0,0,0,0,0,0,0,0,0,0,0,0,0,0,0,0,0,0,0,0,0,0,0,0,0,0,0,0,0,0,0,0,0,0,0,0,0,0,0,0,0,0,0,0,0,0,0,0,0,0,0,0,0,0,0,0,0,0,0,5,0,0,0,0,0,0,0,0,4,0,0,0,0,0,0,0,3,0,0,0,3,4,0,0,0,0,4,0,0,0,0,0,0,0,0,0,0,0,0,0,0,0,0,3,4,0,0,0,0,0,0,0,0,0,0,0,0,0,0,0,0,0,0,4,0,6,4,0,0,0,3,27
SAL20011,128,0,0,0,0,0,0,21,153,175,5,0,0,0,0,0,15,197,173,85,46,6,0,0,0,17,334,141,203,200,40,8,0,0,23,617,60,148,289,79,14,3,0,26,623,17,45,138,52,11,6,0,10,277,15,25,61,30,7,4,9,10,153,3,5,54,29,8,0,0,7,112,6,6,38,19,5,0,3,5,81,4,8,31,24,8,9,0,0,78,0,9,18,19,11,0,5,7,66,0,4,10,8,0,0,5,0,27,0,0,6,5,0,3,0,4,13,0,0,0,0,5,0,3,0,7,0,0,0,0,0,3,0,0,6,734,535,887,308,70,36,25,153,2755
SAL20012,0,0,0,0,0,0,0,0,0,0,0,0,0,0,0,0,0,0,0,0,0,0,0,0,0,0,0,0,0,0,0,0,0,0,0,0,0,0,0,0,0,0,0,0,0,0,0,0,0,0,0,0,0,0,0,0,0,0,0,0,0,0,0,0,0,0,0,0,0,0,0,0,0,0,0,0,0,0,0,0,0,0,0,0,0,0,0,0,0,0,0,0,0,0,0,0,0,0,0,0,0,0,0,0,0,0,0,0,0,0,0,0,0,0,0,0,0,0,0,0,0,0,0,0,0,0,0,0,0,0,0,0,0,0,0,0,0,0,0,0,0,0,0,0
SAL20013,18,0,0,0,0,0,0,5,18,8,0,0,0,0,0,0,0,7,4,0,0,0,0,0,0,0,9,19,3,0,0,0,0,0,4,27,5,5,15,0,0,0,0,4,26,3,0,5,0,0,0,0,0,15,0,3,17,6,0,0,0,5,29,14,4,13,3,3,0,0,3,38,15,3,25,13,0,0,0,0,62,18,8,19,13,3,0,0,3,69,12,6,22,14,3,0,0,6,64,9,7,6,11,4,0,0,0,42,5,0,6,0,4,0,0,3,17,0,0,7,0,6,0,0,0,18,0,0,0,4,0,3,0,6,15,128,43,138,72,27,6,3,48,455
SAL20014,7,0,0,0,0,0,0,0,7,0,0,0,0,0,0,0,0,0,0,0,0,0,0,0,0,0,5,0,3,0,0,0,0,0,0,3,0,0,3,0,4,0,0,0,4,0,0,0,4,0,0,0,0,4,0,5,0,0,0,0,0,0,7,0,0,3,0,0,0,0,0,4,0,0,4,3,0,0,0,0,11,0,0,0,0,0,0,0,0,3,0,0,4,0,0,0,0,4,9,0,0,0,0,0,0,0,0,7,0,0,0,0,0,0,0,0,0,0,0,0,0,0,0,0,0,0,0,0,0,0,0,0,0,0,0,13,8,19,11,10,0,0,8,65
SAL20015,153,0,0,0,0,0,0,3,158,148,3,0,0,0,0,0,14,167,255,17,8,0,0,0,0,22,307,185,104,56,11,0,0,0,11,365,100,77,135,23,5,0,0,8,358,75,49,110,29,8,4,0,13,287,67,51,102,38,13,0,0,5,272,59,34,80,43,10,4,0,5,239,49,39,93,43,15,0,0,6,244,36,30,100,42,11,3,0,4,224,23,21,84,57,17,6,0,3,209,18,14,82,73,19,3,0,14,229,8,3,59,61,22,8,5,14,174,5,10,49,42,25,9,4,18,160,8,20,53,23,17,13,5,11,140,1184,489,990,492,150,47,17,164,3539
SAL20016,0,0,0,0,0,0,0,0,0,0,0,0,0,0,0,0,0,0,0,0,0,0,0,0,0,0,0,0,0,0,0,0,0,0,0,0,0,0,0,0,0,0,0,0,0,0,0,0,0,0,0,0,0,0,0,0,0,0,0,0,0,0,0,0,0,0,0,0,0,0,0,0,0,0,0,0,0,0,0,0,0,0,0,0,0,0,0,0,0,0,0,0,0,0,0,0,0,0,0,0,0,0,0,0,0,0,0,0,0,0,0,0,0,0,0,0,0,0,0,0,0,0,0,0,0,0,0,0,0,0,0,0,0,0,0,0,0,0,0,0,0,0,0,0
SAL20017,148,0,0,0,0,0,0,23,169,147,11,3,0,0,0,0,16,173,108,40,18,14,0,3,0,12,196,70,51,48,15,7,0,0,12,199,39,41,66,27,7,4,3,13,207,33,31,53,35,13,0,5,22,199,25,17,73,29,9,3,0,7,168,15,31,59,30,15,9,5,11,167,11,19,56,39,19,3,0,5,156,17,14,67,43,21,6,3,10,179,0,15,67,56,21,8,4,8,176,9,10,56,39,15,8,11,4,154,0,6,30,16,13,4,5,9,91,0,6,8,9,9,5,0,0,42,0,4,0,7,6,0,14,0,31,635,291,599,350,159,49,51,159,2294
SAL20018,144,0,0,0,0,0,0,6,150,101,4,0,0,0,0,0,8,114,109,7,0,0,0,0,0,4,123,105,27,17,3,0,0,0,10,165,86,44,68,19,5,0,0,15,238,63,39,77,19,8,0,0,7,213,61,52,85,28,4,4,0,5,240,90,44,123,26,7,0,0,8,295,66,34,75,29,10,0,0,12,225,61,37,65,37,0,0,0,10,211,35,25,60,27,9,0,0,12,172,36,24,63,37,10,0,0,10,190,26,16,47,37,13,5,0,7,154,19,8,44,20,9,0,0,3,97,11,3,20,11,14,0,0,8,68,1009,364,747,297,85,13,10,134,2662
SAL20019,3,0,0,0,0,0,0,0,4,4,0,0,0,0,0,0,0,4,0,4,4,0,0,0,0,0,9,0,0,3,0,0,0,0,0,8,3,0,3,4,0,0,0,0,8,0,0,0,0,0,0,0,0,3,0,0,4,0,0,0,0,0,9,0,0,3,4,0,0,0,0,15,3,0,0,6,0,0,0,0,12,0,0,10,4,0,0,4,0,18,3,0,5,3,0,0,0,0,9,0,0,6,6,0,0,0,0,17,0,0,0,0,4,0,0,0,4,0,0,0,0,0,0,0,0,0,0,0,0,0,0,0,0,0,0,16,14,41,25,11,7,3,10,122
SAL20020,0,0,0,0,0,0,0,0,0,0,0,0,0,0,0,0,0,0,0,0,0,0,0,0,0,0,0,0,0,0,0,0,0,0,0,3,0,0,0,4,0,0,0,0,5,0,0,0,0,0,0,0,0,0,0,0,0,3,0,0,0,0,5,0,0,0,0,0,0,0,0,4,0,0,0,0,0,0,0,0,3,0,0,0,0,0,0,0,0,0,0,0,0,3,0,0,0,0,7,0,0,0,0,0,0,0,0,0,0,0,0,0,0,0,0,0,0,0,0,0,0,0,0,0,0,3,0,0,0,0,0,0,0,0,0,9,0,7,14,3,0,0,6,36
SAL20021,74,0,0,0,0,0,0,0,81,109,6,3,0,0,0,0,18,129,152,24,8,4,5,0,0,17,215,133,45,25,6,0,0,0,18,233,63,41,51,16,6,0,0,20,189,44,25,30,18,5,0,0,8,129,32,13,33,18,0,4,5,8,100,25,22,26,10,5,0,0,6,92,25,13,30,14,4,0,4,9,102,29,15,30,16,7,8,6,12,113,12,9,27,6,10,0,3,16,83,7,7,27,17,5,7,0,12,81,6,5,25,14,11,0,0,14,78,0,0,10,8,5,5,0,7,42,0,4,17,12,8,9,9,6,55,715,230,344,168,56,35,22,150,1722
SAL20022,56,0,0,0,0,0,0,10,66,29,4,0,0,0,0,0,5,47,30,8,4,0,0,0,0,14,59,23,14,10,11,0,0,0,0,67,10,16,23,12,3,0,0,5,72,8,8,31,13,0,4,0,0,73,12,18,37,17,6,0,0,6,89,16,8,26,24,0,3,0,7,82,15,13,37,23,3,0,0,7,101,18,14,39,22,18,3,0,10,117,17,10,38,37,12,4,0,3,119,18,11,43,38,15,3,4,5,143,8,3,21,29,9,0,0,4,70,6,6,19,12,8,3,7,10,75,4,10,13,23,4,6,4,3,68,275,140,364,253,84,26,18,83,1241
SAL20023,423,0,0,0,0,0,0,32,462,327,19,9,0,0,0,0,23,383,208,63,25,8,4,0,0,20,323,112,78,107,51,8,10,0,10,382,60,81,199,83,16,12,0,20,468,45,53,191,106,39,5,3,8,450,36,47,177,91,41,5,7,15,416,28,43,167,90,29,8,3,3,370,38,51,132,92,23,0,3,9,354,18,26,116,89,37,4,3,9,298,22,26,98,80,29,9,0,9,272,23,19,90,68,30,11,5,6,242,12,14,52,36,23,10,10,3,164,4,3,27,33,25,6,10,10,116,3,8,18,15,11,8,11,6,76,1371,525,1400,845,307,78,60,198,4780
SAL20024,0,0,0,0,0,0,0,0,0,0,0,0,0,0,0,0,0,0,0,0,0,0,0,0,0,0,0,0,0,0,0,0,0,0,0,0,0,0,0,0,0,0,0,0,0,0,0,0,0,0,0,0,0,0,0,0,0,0,0,0,0,0,0,0,0,0,0,0,0,0,0,0,0,0,0,0,0,0,0,0,0,0,0,0,0,0,0,0,0,0,3,0,0,0,0,0,0,0,5,0,0,0,0,0,0,0,0,0,0,0,0,0,0,0,0,0,0,0,0,0,0,0,0,0,0,0,0,0,0,0,0,0,0,0,0,5,0,0,0,0,0,0,0,7
SAL20025,0,0,0,0,0,0,0,0,0,0,0,0,0,0,0,0,0,0,0,0,0,0,0,0,0,0,0,0,0,0,0,0,0,0,0,0,0,0,0,0,0,0,0,0,0,0,0,0,0,0,0,0,0,5,0,0,6,0,0,0,0,3,10,0,0,4,0,0,0,0,4,7,0,0,0,0,0,0,0,0,0,0,0,0,0,0,0,0,0,0,0,0,0,0,0,0,0,0,3,0,0,0,0,0,0,0,0,0,0,0,0,0,0,0,0,0,0,0,0,0,0,0,0,0,0,0,0,0,0,0,0,0,0,0,0,8,0,10,4,3,0,0,9,29
SAL20026,0,0,0,0,0,0,0,0,0,0,0,0,0,0,0,0,0,4,0,0,0,0,0,0,0,0,0,0,0,0,0,0,0,0,0,3,0,0,0,0,0,0,0,0,0,0,0,0,0,0,0,0,0,0,0,0,0,0,0,0,0,0,0,0,0,0,4,0,0,0,0,3,0,0,0,0,0,0,0,0,5,0,0,0,0,0,0,0,0,4,0,0,0,0,0,0,0,0,5,0,0,0,0,0,0,0,0,0,0,0,0,0,0,0,0,0,0,0,0,0,0,0,0,0,0,0,0,0,0,0,0,0,0,0,6,6,6,5,3,4,0,0,0,25
SAL20027,3,0,0,0,0,0,0,8,10,0,0,0,0,0,0,0,0,0,4,0,0,0,0,0,0,0,3,0,0,0,0,0,0,0,0,3,4,0,0,5,0,0,0,0,7,0,6,0,6,0,0,0,0,12,0,0,3,5,0,0,0,3,14,0,5,3,4,3,0,0,6,15,0,0,6,4,0,0,0,0,12,0,0,4,3,4,0,0,0,13,0,0,6,0,0,0,0,4,11,0,0,5,0,0,0,0,0,9,0,0,0,0,0,0,0,0,5,0,0,0,0,0,0,0,0,3,0,0,0,0,0,0,0,0,0,21,13,27,27,12,0,0,19,113
SAL20028,38,0,0,0,0,0,0,4,41,28,3,0,0,0,0,0,0,31,22,9,4,0,0,0,0,3,40,7,9,12,5,0,0,0,0,32,12,9,16,11,0,0,0,5,52,3,0,21,14,6,0,0,0,43,7,3,18,11,5,0,0,3,50,3,4,24,18,6,0,4,0,66,6,4,21,6,3,0,3,4,42,4,4,14,13,6,0,0,7,52,3,0,13,17,5,0,0,5,50,0,0,12,8,10,3,0,6,39,0,3,8,6,0,0,0,0,19,0,0,0,7,0,6,0,0,13,0,0,0,0,0,4,4,0,13,144,52,165,119,44,18,14,36,581
SAL20029,10,0,0,0,0,0,0,0,10,0,0,0,0,0,0,0,0,0,0,0,0,0,0,0,0,0,0,0,0,0,0,0,0,0,0,0,5,0,5,0,0,0,0,0,14,0,0,4,0,0,0,0,0,7,0,0,3,0,0,0,0,0,7,5,3,3,5,0,0,0,3,15,0,0,0,0,0,0,0,0,4,5,0,0,0,0,0,0,0,8,0,0,5,0,0,0,0,0,5,0,0,0,0,0,0,0,0,3,0,0,0,0,0,0,0,0,3,0,0,0,0,0,0,0,0,0,0,0,0,0,0,0,0,0,4,26,9,22,10,3,0,0,7,82
SAL20030,3,0,0,0,0,0,0,0,3,0,0,0,0,0,0,0,0,0,0,0,0,0,0,0,0,0,0,0,0,0,0,0,0,0,0,4,0,0,5,0,0,0,0,0,3,0,4,0,0,0,0,0,0,7,0,0,0,4,0,0,0,0,5,6,0,3,3,0,0,0,0,10,0,0,0,0,0,0,0,0,4,0,0,3,3,0,0,0,0,10,0,0,0,5,0,0,0,0,8,0,0,0,0,0,0,0,0,10,0,0,0,0,0,0,0,0,0,0,0,0,0,0,0,0,0,0,0,0,0,0,0,0,0,0,0,8,11,20,14,4,0,4,7,63
SAL20031,3,0,0,0,0,0,0,0,3,0,0,0,0,0,0,0,0,3,4,0,0,0,0,0,0,0,4,0,0,0,0,0,0,0,0,0,0,0,0,0,3,0,0,3,6,0,0,0,0,0,0,0,0,5,3,0,0,5,0,0,0,0,8,0,0,6,0,0,0,0,3,9,0,0,0,0,0,0,0,0,5,6,0,3,0,0,0,0,0,8,0,0,4,0,4,0,0,0,6,0,0,0,3,0,0,0,0,4,0,0,0,0,0,0,0,0,4,0,0,0,0,0,0,0,0,4,0,0,0,0,0,0,0,0,0,15,9,18,11,11,4,0,8,76
SAL20032,3,0,0,0,0,0,0,0,3,0,0,0,0,0,0,0,0,0,0,0,0,0,0,0,0,0,0,0,0,0,0,0,0,0,0,0,0,0,0,0,0,0,0,0,0,0,0,0,0,0,0,0,0,0,0,0,0,0,0,0,0,0,0,0,0,0,0,3,0,0,0,3,0,0,0,0,0,0,0,0,0,0,0,0,0,0,0,0,0,0,0,0,0,0,0,0,0,0,0,0,0,0,0,0,0,0,0,0,0,0,0,0,0,0,0,0,0,0,0,0,0,0,0,0,0,0,0,0,0,0,0,0,0,0,0,4,0,8,0,3,0,0,0,11
SAL20033,3,0,0,0,0,0,0,0,3,0,0,0,0,0,0,0,0,0,0,0,0,0,0,0,0,0,0,0,3,0,0,0,0,0,0,4,0,0,0,0,0,0,0,0,0,0,0,0,0,0,0,0,0,0,0,0,0,0,0,0,0,0,0,0,0,0,0,0,0,0,0,6,0,0,0,0,0,0,0,0,3,0,0,0,0,0,0,0,3,5,0,0,0,0,0,0,0,0,0,0,0,6,0,0,0,0,0,4,0,0,0,0,0,0,0,0,0,0,0,0,0,0,0,0,0,4,0,0,0,0,0,0,0,0,0,3,3,8,0,3,0,0,6,28
SAL20034,152,0,0,0,0,0,0,6,156,182,0,0,0,0,0,0,16,199,226,6,0,0,0,0,0,21,259,174,38,12,3,0,0,0,5,237,98,35,72,15,0,0,0,9,234,46,42,78,19,0,0,0,3,180,48,36,72,33,6,0,0,7,204,56,34,100,33,3,0,0,3,229,45,36,105,42,7,6,0,15,248,40,20,68,31,6,0,4,12,173,31,21,56,29,5,0,0,0,148,15,16,49,18,6,0,0,0,105,10,7,17,20,6,4,6,0,69,0,9,15,16,6,4,0,0,49,7,5,27,18,3,0,4,0,61,1127,298,665,275,47,6,12,110,2552
SAL20035,240,0,0,0,0,0,0,13,257,202,3,0,0,0,0,0,16,220,245,31,12,0,0,0,0,21,313,243,99,74,12,0,0,0,22,453,167,124,148,46,5,0,0,33,523,132,87,167,53,8,0,5,18,462,110,69,152,60,14,3,3,25,436,115,59,158,55,18,5,5,11,432,79,47,125,51,16,10,0,14,337,68,48,115,70,25,6,6,8,344,50,51,104,63,19,6,3,9,315,33,28,118,75,24,0,3,19,309,16,16,78,62,28,14,3,5,228,9,16,50,47,37,4,8,9,179,17,19,61,47,23,11,11,23,214,1731,693,1365,637,220,67,41,260,5015
SAL20036,378,0,0,0,0,0,0,27,410,423,19,4,5,0,0,0,30,487,408,74,38,12,5,0,0,56,584,335,164,119,25,15,0,3,35,693,208,164,228,59,19,3,0,49,726,129,121,254,81,24,11,4,28,648,122,94,209,108,37,6,3,32,602,145,103,259,99,27,10,10,33,681,113,100,275,136,31,16,4,25,693,70,69,286,150,48,14,7,23,665,57,74,218,124,46,15,12,30,570,40,49,170,120,49,23,11,40,497,17,24,93,78,31,11,12,20,299,10,16,61,53,41,5,13,19,215,9,26,85,54,30,17,16,22,260,2469,1103,2285,1104,399,117,99,467,8045
SAL20037,261,0,0,0,0,0,0,28,292,249,17,9,0,0,0,0,22,301,300,49,40,17,3,0,0,45,450,245,126,92,37,15,5,0,45,570,152,114,149,76,26,6,4,27,561,91,79,166,55,24,16,13,28,481,98,47,115,45,18,24,13,23,389,90,58,123,41,17,12,6,24,370,51,32,83,45,15,0,9,12,256,36,36,82,61,15,8,9,17,259,22,30,93,55,23,15,14,14,271,14,26,95,74,26,6,7,14,262,9,20,118,78,36,7,7,28,307,12,19,83,93,35,11,16,29,290,22,28,99,84,39,24,16,23,334,1663,677,1357,759,293,133,119,392,5398
SAL20038,6,0,0,0,0,0,0,0,6,3,0,0,0,0,0,0,0,6,0,0,0,0,0,0,0,0,4,0,0,0,0,0,0,0,0,7,0,0,0,0,0,0,0,0,0,0,0,0,3,0,0,0,0,4,0,0,4,3,0,0,0,0,8,0,0,0,0,0,0,0,0,3,0,0,5,5,0,0,0,0,5,0,0,3,0,0,0,0,0,8,0,0,0,0,0,0,0,0,0,0,0,0,3,0,0,0,0,5,0,0,0,0,0,0,0,0,5,0,0,0,0,0,0,0,0,0,0,0,0,0,0,0,0,0,6,14,4,12,12,8,3,0,10,57
SAL20039,4,0,0,0,0,0,0,0,0,0,0,0,0,0,0,0,0,0,0,0,0,0,0,0,0,0,0,0,0,0,0,0,0,0,0,0,0,0,0,0,0,0,0,0,0,0,0,0,0,0,0,0,0,0,0,0,0,0,0,0,0,0,0,0,0,0,0,0,0,0,0,0,0,0,0,0,0,0,0,0,3,0,0,0,6,0,0,0,0,7,0,0,4,0,0,0,0,0,4,0,0,0,0,0,0,0,0,3,0,0,0,0,0,0,0,0,0,0,0,0,0,0,0,0,0,0,0,0,0,0,0,0,0,0,0,3,4,8,4,0,0,0,3,32
SAL20040,0,0,0,0,0,0,0,0,0,0,0,0,0,0,0,0,0,0,0,0,0,0,0,0,0,0,0,0,0,0,0,0,0,0,0,0,0,0,0,0,0,0,0,0,0,0,0,0,0,0,0,0,0,0,0,0,0,0,0,0,0,0,0,0,0,0,0,0,0,0,0,0,0,0,0,0,0,0,0,0,0,0,0,0,0,0,0,0,0,0,0,0,0,0,0,0,0,0,0,0,0,0,0,0,0,0,0,0,0,0,0,0,0,0,0,0,0,0,0,0,0,0,0,0,0,0,0,0,0,0,0,0,0,0,0,0,0,0,0,0,0,0,0,5
SAL20041,5,0,0,0,0,0,0,0,5,4,0,0,0,0,0,0,0,4,4,0,0,0,0,0,0,0,3,0,0,3,0,0,0,0,0,0,0,0,6,0,0,0,0,0,7,0,0,0,3,0,0,0,0,4,0,0,0,0,0,0,0,0,0,4,0,4,4,0,0,0,0,12,0,0,7,0,0,0,0,0,10,3,0,3,0,0,0,0,0,12,4,0,0,0,0,0,0,0,12,0,0,5,8,0,0,0,7,16,0,0,0,3,0,0,0,3,4,0,0,0,0,6,0,0,0,5,0,0,0,0,0,0,0,0,5,20,5,25,21,8,10,0,9,106
SAL20042,20,0,0,0,0,0,0,3,24,16,0,0,0,0,0,0,3,18,13,0,0,0,0,0,0,4,15,4,5,0,3,0,0,0,5,21,3,3,7,3,0,0,0,0,14,0,0,9,9,0,0,0,8,32,4,4,14,8,0,0,0,0,26,5,5,9,10,0,0,0,6,31,3,4,6,7,0,0,0,4,28,5,4,9,9,0,0,0,0,26,0,0,10,3,0,0,0,4,22,0,3,7,3,5,0,0,0,18,0,0,0,0,0,0,0,0,8,0,0,0,5,4,0,0,0,12,0,0,0,0,0,0,0,0,6,72,37,80,51,12,5,6,29,295
SAL20043,0,0,0,0,0,0,0,0,0,0,0,0,0,0,0,0,0,5,0,0,0,0,0,0,0,0,0,0,0,0,0,0,0,0,0,0,0,0,3,0,0,0,0,0,3,0,0,0,0,0,0,0,0,0,0,0,0,0,0,0,0,0,6,0,0,0,0,0,0,0,0,4,0,0,6,0,0,0,0,0,6,0,0,0,0,0,0,0,0,0,0,0,6,0,0,0,0,0,9,0,0,0,0,0,0,0,0,4,0,0,0,0,0,0,0,0,0,0,0,0,0,0,0,0,0,0,0,0,0,0,0,0,0,0,0,5,5,15,10,0,0,0,4,42
SAL20044,0,0,0,0,0,0,0,0,0,0,0,0,0,0,0,0,0,0,0,0,0,0,0,0,0,0,0,0,0,0,0,0,0,0,0,0,0,0,0,0,0,0,0,0,3,0,0,0,0,0,0,0,0,0,0,0,0,0,0,0,0,0,0,0,0,0,0,0,0,0,0,0,0,0,0,0,0,0,0,0,0,0,0,0,0,0,0,0,0,0,0,0,0,0,4,0,0,0,4,0,0,0,0,0,0,0,0,0,0,0,0,0,0,0,0,0,0,0,0,0,0,0,0,0,0,0,0,0,0,0,0,0,0,0,0,0,0,0,0,0,0,0,3,7
SAL20045,0,0,0,0,0,0,0,0,0,0,0,0,0,0,0,0,0,0,0,0,0,0,0,0,0,0,0,0,0,0,0,0,0,0,0,0,0,0,0,0,0,0,0,0,0,0,0,0,0,0,0,0,0,0,0,0,0,0,0,0,0,0,0,0,0,0,0,0,0,0,3,0,0,0,0,0,0,0,0,0,0,0,0,0,0,0,0,0,0,0,0,0,0,0,0,0,0,0,0,0,0,0,0,0,0,0,0,0,0,0,0,0,0,0,0,0,0,0,0,0,0,0,0,0,0,0,0,0,0,0,0,0,0,0,0,0,0,0,0,0,0,0,5,13
SAL20046,55,0,0,0,0,0,0,0,58,42,3,0,0,0,0,0,0,46,47,6,0,0,0,0,0,9,61,44,14,14,9,0,0,0,3,76,21,18,22,8,3,0,0,4,86,22,10,37,9,5,0,0,4,88,18,11,44,17,7,0,0,3,102,22,8,30,19,0,0,0,3,87,15,13,56,28,15,0,0,9,143,30,12,56,27,11,0,6,10,153,21,11,54,40,14,5,0,9,158,16,10,60,37,20,6,0,5,162,8,3,46,27,7,3,3,5,99,3,4,11,16,7,7,0,0,48,4,11,10,21,6,4,4,10,75,366,130,453,263,99,26,15,85,1434
SAL20047,3,0,0,0,0,0,0,0,3,0,0,0,0,0,0,0,0,0,0,0,0,0,0,0,0,0,0,0,0,0,0,0,0,0,0,0,0,0,0,0,0,0,0,0,0,0,0,0,0,0,0,0,0,6,0,0,0,0,0,0,0,0,0,0,0,0,0,0,0,0,0,0,0,0,0,0,0,0,0,0,0,0,0,0,0,0,0,0,0,0,0,0,0,0,0,0,0,0,0,0,0,0,0,0,0,0,0,0,0,0,0,0,0,0,0,0,0,0,0,0,0,0,0,0,0,0,0,0,0,0,0,0,0,0,0,0,0,0,5,3,0,0,0,15
SAL20048,0,0,0,0,0,0,0,0,0,0,0,0,0,0,0,0,0,0,0,0,0,0,0,0,0,0,0,0,0,0,0,0,0,0,0,3,0,0,0,0,0,0,0,0,0,0,0,0,0,0,0,0,0,0,0,0,0,0,0,0,0,0,0,0,0,0,0,0,0,0,0,0,0,0,0,0,0,0,0,0,0,0,0,0,0,0,0,0,0,0,0,0,0,0,0,0,0,0,0,0,0,0,0,0,0,0,0,0,0,0,0,0,0,0,0,0,0,0,0,0,0,0,0,0,0,0,0,0,0,0,0,0,0,0,0,8,0,0,9,0,0,0,0,19
SAL20049,34,0,0,0,0,0,0,3,36,18,0,0,0,0,0,0,0,19,27,3,4,0,0,0,0,3,33,20,11,9,0,0,0,0,4,48,11,11,20,6,0,0,0,5,53,16,4,10,7,0,0,0,0,42,3,10,18,9,0,0,0,3,43,16,13,26,14,4,0,0,11,80,11,14,14,17,4,0,0,3,63,16,9,26,24,0,0,0,4,86,11,12,37,16,3,3,0,12,90,15,0,22,17,6,0,0,7,66,4,4,17,13,3,0,0,6,43,3,0,13,7,5,4,4,8,38,0,0,3,8,10,4,0,9,34,194,92,219,134,41,8,5,86,780
SAL20050,0,0,0,0,0,0,0,0,0,0,0,0,0,0,0,0,0,0,0,0,0,0,0,0,0,0,0,0,0,0,0,0,0,0,0,0,0,0,0,0,0,0,0,0,0,0,0,0,0,0,0,0,0,0,0,0,0,0,0,0,0,0,0,0,0,0,0,0,0,0,0,0,0,0,0,0,0,0,0,0,4,0,0,0,0,0,0,0,0,0,0,0,0,0,0,0,0,0,0,0,0,0,0,0,0,0,0,0,0,0,0,0,0,0,0,0,0,0,0,0,0,0,0,0,0,0,0,0,0,0,0,0,0,0,0,4,0,0,4,0,0,0,0,4
SAL20051,0,0,0,0,0,0,0,0,0,0,0,0,0,0,0,0,0,0,0,0,0,0,0,0,0,0,0,3,0,0,0,0,0,0,0,3,0,0,0,0,0,0,0,0,0,0,0,0,0,0,0,0,0,0,0,0,0,0,0,0,0,0,0,0,0,0,0,0,0,0,0,0,0,0,0,0,0,0,0,0,0,0,0,0,0,0,0,0,0,0,0,0,0,0,0,0,0,0,0,0,0,0,0,0,0,0,0,3,0,0,0,0,0,0,0,0,0,0,0,0,0,0,0,0,0,0,0,0,0,0,0,0,0,0,0,0,0,4,0,3,0,0,0,13
SAL20052,3,0,0,0,0,0,0,0,3,0,0,0,0,0,0,0,0,3,6,0,0,0,0,0,0,0,8,0,4,0,0,0,0,0,0,5,0,0,0,5,0,0,0,0,6,0,0,0,5,0,0,0,0,5,5,0,0,0,0,0,0,0,8,7,0,0,0,0,0,0,4,10,0,0,0,0,0,0,0,5,10,7,4,5,7,0,0,0,4,24,0,0,12,0,3,0,0,0,22,0,0,3,4,0,0,0,0,8,0,0,0,0,0,0,0,0,0,0,0,0,0,0,0,4,0,12,0,0,0,0,0,0,0,0,8,25,11,30,26,17,0,4,25,135
SAL20053,179,0,0,0,0,0,0,22,208,149,25,9,0,0,0,0,28,213,132,27,34,23,0,3,4,26,242,74,46,75,40,13,0,0,14,258,45,23,60,35,13,3,6,18,200,27,24,64,40,17,0,0,19,197,31,22,77,41,29,10,7,15,219,46,19,101,59,19,6,3,12,262,47,29,80,60,23,4,10,18,278,27,19,83,68,29,6,5,18,266,22,23,90,76,31,5,3,21,263,32,20,65,69,30,12,11,16,250,17,8,54,54,33,8,10,13,202,13,9,38,31,23,8,16,15,150,11,3,24,42,37,25,13,22,180,858,307,861,642,284,93,82,270,3395
SAL20054,0,0,0,0,0,0,0,0,0,0,0,0,0,0,0,0,0,0,0,0,0,0,0,0,0,0,0,0,0,0,0,0,0,0,0,0,0,0,0,0,0,0,0,0,0,0,0,0,0,0,0,0,0,0,0,0,0,0,0,0,0,3,8,0,0,3,0,0,0,0,0,6,0,0,0,0,0,0,0,0,5,3,0,0,0,0,0,0,0,6,0,0,6,0,0,0,0,0,6,0,0,4,0,0,0,0,0,3,0,0,0,0,0,0,0,0,0,0,0,0,0,0,0,0,0,0,0,0,0,0,0,0,0,0,0,7,0,10,7,3,4,0,3,34
SAL20055,0,0,0,0,0,0,0,0,0,0,0,0,0,0,0,0,0,0,0,0,0,0,0,0,0,0,0,0,0,0,0,0,0,0,0,0,0,0,0,0,0,0,0,0,0,0,0,0,0,0,0,0,0,0,0,0,0,0,0,0,0,0,0,0,0,0,0,0,0,0,0,0,0,0,0,0,0,0,0,0,0,0,0,0,0,0,0,0,0,0,0,0,0,0,0,0,0,0,0,0,0,0,0,0,0,0,0,0,0,0,0,0,0,0,0,0,0,0,0,0,0,0,0,0,0,0,0,0,0,0,0,0,0,0,0,0,0,0,0,0,0,0,0,0
SAL20056,10,0,0,0,0,0,0,0,12,6,0,0,0,0,0,0,0,10,4,0,0,0,0,0,0,0,4,4,6,0,0,0,0,0,0,9,0,0,0,0,0,0,0,0,3,0,0,3,0,0,0,0,0,8,0,0,7,0,0,0,0,0,6,4,0,4,4,0,0,0,0,8,0,0,3,0,0,0,0,0,3,3,0,0,0,0,0,0,0,4,0,0,3,4,0,0,0,0,6,0,0,0,0,0,0,0,0,0,0,0,0,0,0,0,0,0,3,0,0,0,0,0,4,0,0,3,0,0,0,0,0,0,0,0,0,31,3,21,14,4,3,0,4,80
SAL20057,4,0,0,0,0,0,0,0,4,0,0,0,0,0,0,0,0,0,0,0,0,0,0,0,0,0,0,0,4,0,0,0,0,0,0,5,0,0,0,0,0,0,0,0,0,0,0,0,0,0,0,0,0,3,0,0,4,0,0,0,0,0,7,3,0,0,0,4,0,0,0,5,0,0,0,0,0,0,0,0,7,0,0,0,0,0,0,0,0,3,0,0,5,0,0,0,0,0,3,0,0,0,0,0,0,0,0,0,0,0,0,0,0,0,0,0,0,0,0,0,0,0,0,0,0,3,0,0,0,0,0,0,0,0,3,14,12,12,0,9,0,0,4,47
SAL20058,0,0,0,0,0,0,0,0,0,0,0,0,0,0,0,0,0,0,0,0,0,0,0,0,0,0,0,0,0,0,0,0,0,0,0,0,0,0,0,0,0,0,0,0,0,0,0,0,0,0,0,0,0,0,0,0,0,0,0,0,0,0,3,0,0,0,0,0,0,0,0,0,0,0,0,0,0,0,0,0,0,0,0,0,0,0,0,0,0,0,0,0,0,0,0,0,0,0,0,0,0,0,0,0,0,0,0,0,0,0,0,0,0,0,0,0,3,0,0,0,0,0,0,0,0,0,0,0,0,0,0,0,0,0,0,0,0,0,0,0,0,0,0,12
SAL20059,0,0,0,0,0,0,0,0,0,0,0,0,0,0,0,0,0,0,0,0,0,0,0,0,0,0,3,0,0,0,0,0,0,0,0,0,0,0,0,0,0,0,0,0,0,0,0,0,0,0,0,0,0,0,0,0,0,0,0,0,0,0,0,0,0,0,0,0,0,0,0,0,0,0,0,0,0,0,0,0,0,0,0,0,0,0,0,0,0,0,0,0,0,0,0,0,0,0,0,0,0,0,0,0,0,0,0,0,0,0,0,0,0,0,0,0,0,0,0,0,0,0,0,0,0,0,0,0,0,0,0,0,0,0,0,0,0,0,0,0,0,0,3,3
SAL20060,0,0,0,0,0,0,0,0,0,0,0,0,0,0,0,0,0,0,0,0,0,0,0,0,0,0,0,0,0,0,0,0,0,0,0,0,0,0,0,0,0,0,0,0,0,0,0,0,0,0,0,0,0,0,0,0,0,0,0,0,0,0,0,0,0,0,0,0,0,0,0,0,0,0,0,0,0,0,0,0,0,0,0,0,0,0,0,0,0,0,0,0,0,0,0,0,0,0,0,0,0,0,0,0,0,0,0,0,0,0,0,0,0,0,0,0,0,0,0,0,0,0,0,0,0,0,0,0,0,0,0,0,0,0,0,0,0,0,0,0,0,0,0,5
SAL20061,0,0,0,0,0,0,0,0,0,0,0,0,0,0,0,0,0,0,0,0,0,0,0,0,0,4,4,0,0,0,0,0,0,0,0,0,0,0,0,0,0,0,0,0,0,0,0,0,0,0,0,0,0,0,0,0,0,0,0,0,0,0,0,0,0,4,0,0,0,0,0,4,0,0,0,0,0,0,0,0,0,4,0,0,0,0,0,0,0,5,0,0,0,0,0,0,0,0,6,0,0,0,0,0,0,0,0,0,0,0,0,0,0,0,0,0,0,0,0,0,0,0,0,0,0,0,0,0,0,0,0,0,0,0,0,3,0,4,0,3,0,0,3,16
SAL20062,48,0,0,0,0,0,0,12,60,58,0,0,0,0,0,0,15,74,87,16,12,0,0,0,0,16,134,64,44,21,7,0,0,0,10,146,54,34,35,11,5,0,0,9,148,26,26,31,15,10,0,0,9,118,22,17,27,19,4,3,0,6,90,11,17,26,6,6,0,0,6,78,14,3,16,9,10,0,0,11,57,9,6,28,13,4,0,0,0,65,14,11,19,6,12,0,3,5,73,7,3,30,7,5,7,0,8,70,0,7,16,8,0,3,3,3,41,3,4,14,8,0,4,4,3,34,8,6,30,13,5,0,4,8,82,423,204,287,136,59,27,22,128,1282
SAL20063,10,0,0,0,0,0,0,0,12,12,6,0,0,0,0,0,0,13,7,0,0,0,0,0,0,0,10,5,3,5,0,0,0,0,4,20,3,0,0,3,3,0,0,0,14,0,3,5,7,5,0,0,0,14,3,0,3,6,0,0,0,4,16,0,0,0,0,0,0,0,0,7,4,3,7,6,0,0,0,0,23,0,0,0,4,6,0,0,0,10,0,0,7,3,0,0,0,0,12,0,0,4,6,0,0,0,0,12,0,0,3,4,0,0,0,0,6,0,0,0,3,0,0,0,0,0,0,0,0,0,0,0,0,0,0,41,13,31,41,21,5,7,17,178
SAL20064,0,0,0,0,0,0,0,0,0,0,0,0,0,0,0,0,0,3,0,0,0,0,0,0,0,0,0,0,0,0,0,0,0,0,0,0,0,0,0,0,0,0,0,0,0,0,0,0,0,0,0,0,0,0,0,0,0,0,0,0,0,0,0,0,0,0,0,0,0,0,0,0,0,0,0,0,0,0,0,0,0,0,0,0,0,0,0,0,0,0,0,0,0,0,0,0,0,0,0,0,0,0,0,0,0,0,0,0,0,0,0,0,0,0,0,0,0,0,0,0,0,0,0,0,0,0,0,0,0,0,0,0,0,0,0,0,0,0,0,0,0,0,4,4
SAL20065,0,0,0,0,0,0,0,0,0,0,4,0,0,0,0,0,0,7,3,0,0,0,0,0,0,0,3,0,0,0,0,0,0,0,0,0,0,0,0,0,0,0,0,3,7,4,0,0,0,0,0,0,0,8,0,0,0,6,0,0,0,0,10,0,0,0,0,3,0,0,0,11,0,4,0,0,0,0,0,0,9,3,0,4,4,0,0,0,7,15,0,0,10,5,4,0,0,0,13,0,4,3,5,0,0,0,0,14,0,0,0,3,0,0,0,5,8,0,0,0,0,6,0,0,0,9,0,0,0,0,0,0,0,0,3,20,15,21,21,10,3,4,23,113
SAL20066,173,0,0,0,0,0,0,12,185,354,0,0,0,0,0,0,31,389,531,7,5,0,0,0,0,33,580,370,60,30,3,0,0,0,13,474,222,76,94,20,5,0,0,22,437,131,65,73,34,0,0,0,14,315,99,65,86,43,4,6,0,16,319,90,51,96,56,9,0,3,20,328,77,41,80,46,12,3,0,6,271,65,30,84,51,14,0,0,4,245,80,27,73,44,9,4,0,7,238,47,28,93,44,24,3,0,6,250,39,28,69,46,17,8,3,7,217,14,16,35,25,14,5,6,18,140,15,10,29,27,20,7,7,22,128,2312,507,844,449,128,32,16,225,4513
SAL20067,0,0,0,0,0,0,0,0,0,3,0,0,0,0,0,0,0,3,0,0,0,0,0,0,0,0,0,0,0,0,0,0,0,0,0,0,0,0,0,0,0,0,0,0,0,0,0,0,0,0,0,0,0,3,0,0,0,0,0,0,0,0,0,0,0,3,3,0,0,0,0,5,0,0,0,0,0,0,0,0,3,0,0,3,3,0,0,0,0,7,0,0,0,0,0,0,0,0,3,0,0,0,0,0,0,0,0,6,0,0,0,0,0,0,0,0,3,0,0,0,0,0,0,0,0,3,0,0,0,0,0,0,0,0,0,8,4,11,9,3,0,0,6,38
SAL20068,233,0,0,0,0,0,0,22,250,394,22,0,0,0,0,0,27,450,457,102,60,9,4,0,0,37,671,257,197,202,59,9,3,0,21,753,96,119,230,103,29,3,7,15,599,61,71,162,72,16,8,6,14,414,40,26,110,54,17,0,0,16,270,27,30,71,48,20,6,0,6,210,22,24,68,40,20,5,4,6,191,6,23,51,47,23,0,4,5,170,4,8,59,41,18,0,5,5,138,3,20,45,25,10,6,0,4,105,3,0,26,13,4,0,0,7,54,0,0,12,12,7,3,0,4,42,4,5,15,17,13,4,0,7,68,1613,655,1122,543,198,46,30,188,4385
SAL20069,0,0,0,0,0,0,0,0,5,0,0,0,0,0,0,0,0,0,0,0,0,0,0,0,0,0,0,0,0,0,0,0,0,0,0,0,0,0,0,0,0,0,0,0,3,0,0,0,0,0,0,0,0,4,0,3,0,0,0,0,0,0,3,0,0,0,0,0,0,0,0,5,0,0,0,0,0,0,0,0,0,0,0,6,0,0,0,0,0,0,0,0,0,0,0,0,0,0,3,0,0,0,0,0,0,0,0,0,0,0,0,0,0,0,0,0,0,0,0,0,0,0,0,0,0,0,0,0,4,0,0,0,3,0,0,7,3,6,6,3,0,3,0,25
SAL20070,0,0,0,0,0,0,0,0,0,0,0,0,0,0,0,0,0,0,0,0,0,0,0,0,0,0,0,0,0,0,0,0,0,0,0,0,0,0,0,0,0,0,0,0,0,0,0,0,0,0,0,0,0,0,0,0,0,0,0,0,0,0,0,0,0,0,0,0,0,0,0,0,0,0,0,0,0,0,0,0,0,0,0,0,0,0,0,0,0,0,0,0,0,0,0,0,0,0,0,0,0,0,0,0,0,0,0,0,0,0,0,0,0,0,0,0,0,0,0,0,0,0,0,0,0,0,0,0,0,0,0,0,0,0,0,3,0,0,0,0,0,0,0,7
SAL20071,12,0,0,0,0,0,0,0,8,18,0,0,0,0,0,0,6,18,3,0,0,0,0,0,0,0,10,0,3,0,0,0,0,0,0,4,4,0,4,4,0,0,0,0,10,3,0,4,0,0,0,0,3,9,0,3,6,7,0,0,0,0,19,3,0,10,4,0,0,0,0,16,7,0,4,10,0,0,0,0,16,3,5,11,9,0,0,0,5,25,0,0,4,4,5,0,0,3,22,3,0,5,7,0,3,0,0,20,0,0,5,0,0,0,0,0,8,4,0,0,0,7,0,0,0,6,0,0,0,0,0,0,0,0,4,65,19,49,39,13,5,0,17,203
SAL20072,12,0,0,0,0,0,0,6,10,3,0,0,0,0,0,0,0,6,0,0,0,0,0,0,0,0,0,3,5,0,0,0,0,0,0,6,0,4,3,0,0,0,0,0,15,3,3,3,0,0,0,0,0,18,6,0,9,4,0,0,0,0,14,7,0,11,0,0,0,0,0,16,3,0,0,9,0,0,0,0,15,7,3,3,4,0,0,0,3,24,0,0,0,8,0,0,0,0,14,4,0,3,4,0,0,0,0,8,0,0,0,3,0,0,0,0,12,0,0,0,3,0,0,0,0,9,0,0,6,0,0,0,0,0,3,37,19,51,40,12,0,0,11,162
SAL20073,3,0,0,0,0,0,0,0,3,3,0,0,0,0,0,0,0,3,0,0,0,0,0,0,0,0,0,0,0,0,0,0,0,0,0,3,0,0,0,0,0,0,0,0,3,0,0,0,0,0,0,0,0,3,0,0,0,0,0,0,0,0,0,0,0,0,0,0,0,0,0,0,0,0,0,0,0,0,0,3,3,0,0,0,0,0,0,0,0,4,0,0,0,0,0,0,0,0,0,0,0,0,0,0,0,0,0,0,0,0,0,0,0,0,0,0,0,0,0,0,0,0,0,0,0,0,0,0,0,0,0,0,0,0,3,13,0,9,3,8,0,0,8,38
SAL20074,73,0,0,0,0,0,0,8,77,46,4,4,0,0,0,0,9,59,58,20,12,7,0,0,0,3,106,23,10,37,12,4,0,0,3,85,14,22,37,16,11,0,0,9,107,9,12,28,20,10,3,0,0,86,6,9,21,21,7,0,4,0,72,3,10,27,21,7,0,0,0,63,9,5,31,18,14,3,4,4,78,8,12,30,28,9,0,0,9,84,3,7,26,25,5,0,0,4,70,4,3,31,9,9,0,0,0,46,0,4,17,15,6,3,0,6,50,4,0,0,4,3,0,0,3,16,0,0,0,3,4,0,0,0,13,256,120,288,198,83,15,12,49,1015
SAL20075,287,0,0,0,0,0,0,26,317,425,8,7,0,0,0,0,43,481,540,34,16,11,0,0,0,63,651,477,120,73,8,3,0,0,68,754,247,166,168,48,12,0,3,36,684,141,105,233,70,10,4,3,32,597,130,94,203,75,18,5,4,26,551,143,82,188,63,18,3,6,22,526,113,64,149,72,15,3,0,21,434,105,70,145,67,20,4,3,30,448,63,42,122,65,20,0,8,19,343,49,29,75,49,15,8,4,9,235,19,18,47,28,17,6,4,17,162,6,11,33,33,16,13,7,12,123,8,17,34,25,17,12,13,8,139,2756,848,1502,621,183,62,56,429,6451
SAL20076,10,0,0,0,0,0,0,6,14,0,0,0,0,0,0,0,0,0,0,0,0,0,0,0,0,0,0,0,0,0,0,0,0,0,0,4,0,0,7,0,0,0,0,0,7,0,3,0,5,0,0,0,0,9,0,0,9,0,0,0,0,0,13,4,0,6,5,0,0,0,0,6,3,0,3,0,0,0,0,0,18,0,4,3,0,0,0,0,0,7,4,0,0,0,0,0,0,0,9,0,0,3,0,0,0,0,0,7,0,0,0,0,0,0,0,0,4,0,0,0,0,0,0,0,0,0,0,0,0,0,0,0,0,0,0,27,7,38,13,0,0,0,10,96
SAL20077,262,0,0,0,0,0,0,11,275,180,0,0,0,0,0,0,13,195,145,11,3,0,0,0,0,7,161,92,56,30,5,6,0,0,11,194,48,50,93,36,3,0,0,9,245,31,50,146,49,13,0,0,3,294,40,40,171,48,10,0,4,3,321,36,54,162,64,12,5,0,3,337,45,45,119,51,8,0,0,7,275,37,43,100,47,11,3,0,11,247,25,29,67,50,12,0,0,12,196,17,19,59,34,5,5,5,9,157,15,19,47,29,8,4,0,3,126,7,9,36,23,10,5,0,10,107,15,11,28,30,17,11,9,37,155,997,445,1062,462,109,29,30,145,3267
SAL20078,195,0,0,0,0,0,0,13,208,188,0,3,0,0,0,0,13,210,195,16,5,0,0,0,0,19,233,144,74,32,5,0,0,0,11,270,72,60,100,9,3,5,0,15,261,47,55,114,34,4,0,0,0,259,46,50,101,48,6,0,0,8,265,42,48,93,30,16,7,0,9,241,41,49,78,28,8,0,3,11,219,34,30,71,28,13,0,4,8,185,27,39,69,40,10,0,0,9,190,18,29,59,25,9,0,0,15,152,15,22,47,25,12,8,0,5,124,5,11,35,26,16,3,0,11,104,13,22,52,30,25,9,11,8,172,1071,500,853,325,119,34,26,164,3100
SAL20079,213,0,0,0,0,0,0,17,228,164,4,0,0,0,0,0,8,176,106,14,7,0,0,0,0,10,140,86,50,52,7,4,0,0,3,202,61,51,109,45,3,0,0,4,277,50,40,116,51,9,0,0,6,273,36,40,143,70,9,0,0,11,303,31,44,122,59,12,0,8,11,282,37,40,95,59,17,0,0,7,261,25,20,90,55,18,5,3,11,219,10,19,72,38,15,8,5,7,168,8,10,53,48,14,4,0,12,153,7,11,43,38,11,0,5,9,120,6,6,26,17,12,0,4,8,91,0,6,37,20,15,3,5,7,98,856,351,959,499,149,29,27,125,2996
SAL20080,239,0,0,0,0,0,0,6,251,181,0,0,0,0,0,0,4,187,106,0,0,0,0,0,0,8,113,45,33,30,11,0,0,0,6,115,23,37,88,34,8,0,0,10,190,24,34,128,36,3,0,0,4,229,18,22,137,42,12,4,3,4,248,30,35,177,48,8,3,0,3,313,27,46,116,54,20,3,0,0,265,19,36,78,50,11,6,0,5,215,16,27,48,38,18,5,0,0,143,14,12,66,24,12,4,0,14,148,12,6,43,28,9,4,6,10,119,3,9,28,30,10,4,0,9,95,7,5,18,25,11,4,7,8,83,762,305,964,425,132,39,14,84,2730
SAL20081,4,0,0,0,0,0,0,3,4,5,0,0,0,0,0,0,0,4,3,0,4,0,0,0,0,0,3,0,0,0,0,0,0,0,0,7,0,0,0,0,0,0,0,0,3,0,0,0,0,0,0,0,0,0,0,0,0,0,0,0,0,0,3,0,0,0,0,0,0,0,0,7,0,0,6,0,3,0,0,0,3,0,0,0,0,0,0,0,0,3,0,0,0,0,0,0,0,0,4,0,0,0,0,0,0,0,0,0,0,0,0,0,0,0,0,0,0,0,0,0,0,0,0,0,0,0,0,0,0,0,0,0,0,0,0,10,4,13,10,8,0,0,8,58
SAL20082,139,0,0,0,0,0,0,7,141,115,0,0,0,0,0,0,4,131,58,12,5,0,0,0,0,6,77,33,8,22,4,3,0,0,7,78,18,13,36,17,5,0,0,4,96,6,8,60,19,3,5,0,0,100,11,12,84,24,11,0,0,3,157,13,20,77,28,11,3,0,0,154,14,12,76,32,6,0,0,7,150,6,13,64,38,8,3,5,5,139,7,11,45,21,9,6,0,3,88,0,3,19,17,0,3,0,4,53,6,0,11,8,9,0,0,4,31,0,4,8,0,0,3,0,5,22,0,0,5,6,3,0,3,0,14,432,105,510,219,76,17,11,62,1421
SAL20083,0,0,0,0,0,0,0,0,0,0,0,0,0,0,0,0,0,0,0,0,0,0,0,0,0,0,0,0,0,0,0,0,0,0,0,0,0,0,0,0,0,0,0,0,0,0,0,0,0,0,0,0,0,0,0,0,0,0,0,0,0,0,0,0,0,0,0,0,0,0,0,0,0,0,0,0,0,0,0,0,0,0,0,0,0,0,0,0,0,0,0,0,0,0,0,0,0,0,0,0,0,0,0,0,0,0,0,0,0,0,0,0,0,0,0,0,0,0,0,0,0,0,0,0,0,0,0,0,0,0,0,0,0,0,0,0,0,0,0,0,0,0,0,0
SAL20084,0,0,0,0,0,0,0,0,0,0,0,0,0,0,0,0,0,0,0,0,0,0,0,0,0,0,0,0,0,0,0,0,0,0,0,0,0,0,0,0,0,0,0,0,0,0,0,0,0,0,0,0,0,0,0,0,0,0,0,0,0,0,0,0,0,0,0,0,0,0,0,0,0,0,0,0,0,0,0,0,0,0,0,0,0,0,0,0,0,0,0,0,0,0,0,0,0,0,0,0,0,0,0,0,0,0,0,0,0,0,0,0,0,0,0,0,0,0,0,0,0,0,0,0,0,0,0,0,0,0,0,0,0,0,0,0,0,0,0,0,0,0,0,3
SAL20085,10,0,0,0,0,0,0,0,14,0,0,0,0,0,0,0,0,3,4,0,3,0,0,0,0,0,3,0,0,0,0,0,0,0,0,4,0,0,4,4,0,0,0,0,9,0,0,0,5,0,0,0,0,6,0,0,5,4,0,0,0,0,4,0,0,8,0,0,0,0,0,11,0,0,4,0,0,0,0,0,11,0,3,0,0,0,0,0,0,8,0,0,0,0,0,0,0,0,4,0,0,3,3,5,0,0,0,12,0,0,4,0,0,0,0,0,4,0,0,0,0,0,0,0,0,0,0,0,0,0,0,0,0,0,0,25,14,30,11,3,3,4,3,92
SAL20086,23,0,0,0,0,0,0,6,25,16,3,0,0,0,0,0,0,22,14,3,4,0,0,0,0,0,23,6,6,9,0,0,0,0,0,22,9,9,5,5,6,0,0,0,30,9,0,15,5,4,0,0,4,43,7,8,7,10,4,0,0,0,40,5,0,15,9,4,0,0,0,34,10,0,10,13,0,0,0,4,38,6,3,12,13,3,0,0,7,50,6,0,21,19,8,0,0,0,51,0,4,18,9,3,3,0,4,42,0,0,9,11,5,0,0,3,28,0,0,0,6,3,0,0,0,12,0,0,3,3,4,0,0,0,14,118,48,139,99,39,7,5,24,481
SAL20087,29,0,0,0,0,0,0,0,33,14,0,0,0,0,0,0,3,17,15,7,6,4,0,0,0,0,29,8,8,9,3,4,0,0,0,31,3,8,4,3,0,0,0,9,38,4,6,7,11,3,4,0,5,35,11,6,13,6,0,5,0,6,42,9,6,8,10,5,0,0,9,47,3,5,16,6,3,0,0,0,36,5,0,13,6,5,0,0,0,44,8,6,15,15,3,0,0,5,56,10,4,17,12,11,3,3,4,58,4,0,11,3,9,0,0,8,41,6,0,4,8,6,4,0,3,25,0,0,7,0,8,4,6,3,27,126,59,131,89,54,23,21,56,558
SAL20088,0,0,0,0,0,0,0,0,0,0,0,0,0,0,0,0,0,0,0,0,0,0,0,0,0,0,0,0,0,0,0,0,0,0,0,0,0,0,0,0,0,0,0,0,0,0,0,0,0,0,0,0,0,0,0,0,0,0,0,0,0,0,0,0,0,0,0,0,0,0,0,0,0,0,0,0,0,0,0,0,0,0,0,0,0,0,0,0,0,0,0,0,0,0,0,0,0,0,0,0,0,0,0,0,0,0,0,0,0,0,0,0,0,0,0,0,0,0,0,0,0,0,0,0,0,0,0,0,0,0,0,0,0,0,0,0,0,0,0,0,0,0,0,0
SAL20089,273,0,0,0,0,0,0,17,292,229,3,0,0,0,0,0,19,258,221,19,15,0,0,0,0,17,271,182,101,66,16,0,0,0,14,379,81,75,169,62,3,0,0,22,422,67,66,203,55,17,4,5,12,424,68,52,139,77,15,3,0,11,366,73,47,158,75,11,0,0,16,380,57,49,163,62,20,9,4,16,377,52,38,121,90,36,3,3,13,365,42,51,148,100,24,6,0,18,386,30,30,192,104,42,9,9,19,428,23,24,140,99,46,21,6,33,398,14,18,122,77,28,10,15,40,322,15,20,99,91,36,12,19,60,355,1431,601,1732,918,273,76,61,323,5418
SAL20090,0,0,0,0,0,0,0,0,0,0,0,0,0,0,0,0,0,0,0,0,0,0,0,0,0,0,0,0,0,0,0,0,0,0,0,0,0,0,0,0,0,0,0,0,0,0,0,0,0,0,0,0,0,0,0,0,0,0,0,0,0,0,7,0,0,0,0,0,0,0,0,0,0,0,0,0,0,0,0,0,0,0,0,0,0,0,0,0,0,0,0,0,0,0,0,0,0,0,0,0,0,4,0,0,0,0,0,3,0,0,0,0,0,0,0,0,0,0,0,0,0,0,0,0,0,0,0,0,0,0,0,0,0,0,0,6,0,6,0,4,0,0,0,17
SAL20091,27,0,0,0,0,0,0,9,28,13,0,0,0,0,0,0,0,13,16,0,4,0,0,0,0,0,17,5,5,8,3,0,0,0,0,23,5,10,21,7,0,0,0,5,42,6,0,16,6,0,0,0,0,31,3,9,18,6,0,0,0,0,33,4,3,12,8,0,0,0,0,26,0,3,9,14,0,0,0,0,31,0,3,12,8,0,0,0,0,36,4,0,5,6,0,0,0,0,18,0,6,0,7,0,0,0,0,15,0,0,3,0,0,0,0,0,5,0,0,0,0,0,0,0,0,3,0,0,0,0,0,0,0,0,0,89,45,108,61,13,0,0,17,334
SAL20092,15,0,0,0,0,0,0,6,20,16,0,0,0,0,0,0,0,16,0,0,0,0,0,0,0,0,0,0,0,6,0,0,0,0,0,3,0,3,3,0,0,0,0,0,8,4,0,6,8,0,0,0,0,17,0,0,7,6,3,0,0,0,21,0,3,6,6,4,0,0,0,20,5,4,11,3,4,0,0,4,23,0,0,3,5,8,0,0,0,16,0,0,9,4,4,0,0,0,15,0,0,3,5,6,0,0,0,12,0,0,0,0,0,0,0,4,3,0,0,0,0,0,0,0,0,0,0,0,0,0,0,0,0,0,0,37,11,59,37,17,4,0,12,174
SAL20093,16,0,0,0,0,0,0,0,19,14,0,0,0,0,0,0,0,12,8,3,6,0,0,0,0,3,23,5,11,15,6,0,0,0,3,46,4,3,12,11,3,0,0,4,36,0,0,6,3,4,0,0,3,20,5,3,11,7,9,0,0,6,33,3,0,8,8,0,0,0,0,31,5,6,11,8,0,0,0,3,34,0,4,10,5,7,0,0,0,31,5,0,12,9,3,0,0,4,33,0,5,3,0,7,0,3,6,19,0,5,4,3,0,0,0,0,11,0,0,3,0,0,0,0,3,13,0,0,0,0,0,0,0,0,0,69,47,97,67,38,5,6,30,361
SAL20094,0,0,0,0,0,0,0,0,0,0,0,0,0,0,0,0,0,5,0,0,0,0,0,0,0,0,0,0,0,0,0,0,0,0,0,0,0,0,0,0,0,0,0,0,0,0,0,0,0,0,0,0,0,0,0,0,0,0,0,0,0,0,0,0,0,0,0,0,0,0,0,0,0,0,0,0,0,0,0,0,0,0,0,0,0,0,0,0,0,0,0,0,0,0,0,0,0,0,0,0,0,0,0,0,0,0,0,0,0,0,0,0,0,0,0,0,0,0,0,0,0,0,0,0,0,0,0,0,0,0,0,0,0,0,0,4,0,3,0,0,0,0,4,18
SAL20095,161,0,0,0,0,0,0,15,183,175,9,6,0,0,0,0,15,209,195,43,24,12,3,0,0,25,305,110,85,77,18,11,0,0,13,310,40,47,106,37,11,4,0,10,255,26,35,82,57,12,6,3,14,227,36,30,88,42,9,0,0,14,223,42,35,81,48,19,8,0,11,239,28,20,80,44,11,6,0,13,205,25,21,84,56,16,8,0,12,234,19,20,100,66,19,7,5,12,248,18,16,95,78,26,10,3,23,276,15,5,67,59,27,7,0,23,202,14,6,32,36,17,8,9,15,142,8,8,26,34,17,11,19,11,123,912,387,941,587,205,62,36,225,3365
SAL20096,3,0,0,0,0,0,0,0,3,8,0,0,0,0,0,0,0,4,6,0,0,0,0,0,0,0,9,0,5,0,0,0,0,0,0,8,4,0,0,6,0,0,0,0,11,0,4,4,3,0,0,0,0,7,5,0,7,0,0,0,0,3,11,0,0,0,4,0,0,0,0,14,4,0,4,7,4,0,0,0,17,0,0,10,4,0,0,0,0,13,0,3,3,3,0,0,0,0,18,3,0,6,0,3,0,0,0,10,0,0,3,0,3,0,0,0,3,0,0,0,0,0,0,0,0,0,0,0,0,0,0,0,0,0,0,29,19,38,25,11,6,0,7,139
SAL20097,30,0,0,0,0,0,0,3,34,24,0,0,0,0,0,0,0,29,31,12,10,5,0,0,0,3,58,20,16,4,8,3,0,0,4,58,10,6,14,6,3,0,0,6,43,0,4,25,9,5,0,0,4,56,4,8,17,10,5,3,0,7,59,7,8,17,9,4,0,0,0,52,9,9,17,17,8,3,0,4,60,6,3,32,19,5,5,0,6,72,3,10,21,20,12,4,0,5,65,5,3,24,13,3,0,0,4,49,0,5,13,7,0,0,0,0,26,0,0,3,3,6,0,0,0,12,0,0,0,7,3,4,3,4,17,156,84,207,121,46,18,10,40,684
SAL20098,0,0,0,0,0,0,0,0,0,0,0,0,0,0,0,0,0,0,0,0,0,0,0,0,0,0,0,0,0,0,0,0,0,0,0,0,0,0,0,0,0,0,0,0,0,0,0,0,0,0,0,0,0,0,0,0,0,0,0,0,0,0,0,0,0,0,0,0,0,0,0,0,0,0,0,0,0,0,0,0,0,0,0,0,0,0,0,0,0,0,0,0,0,0,0,0,0,0,0,0,0,0,0,0,0,0,0,0,0,0,0,0,0,0,0,0,0,0,0,0,0,0,0,0,0,0,0,0,0,0,0,0,0,0,0,0,0,0,3,0,0,0,0,3
SAL20099,9,0,0,0,0,0,0,0,14,8,0,0,0,0,0,0,0,8,12,3,0,0,0,0,0,0,14,7,4,3,0,0,0,0,0,12,3,0,4,6,0,0,0,0,17,3,0,3,3,0,0,0,0,8,0,0,3,0,0,0,0,0,10,5,0,4,5,0,0,0,0,15,0,0,7,0,8,0,0,0,15,0,0,4,4,0,0,0,0,15,0,0,7,4,0,0,0,0,9,0,0,0,3,5,0,0,0,6,0,0,3,0,0,0,0,0,3,0,0,0,0,0,0,0,0,0,0,0,0,0,0,0,0,0,3,39,11,37,22,14,4,0,9,139
SAL20100,0,0,0,0,0,0,0,0,0,0,0,0,0,0,0,0,0,0,0,0,0,0,0,0,0,0,0,0,0,0,0,0,0,0,0,0,0,0,0,0,0,0,0,0,0,0,0,0,0,0,0,0,0,0,0,0,4,0,0,0,0,0,4,0,0,0,0,0,0,0,0,0,0,0,0,0,0,0,0,0,0,0,0,0,0,0,0,0,0,4,0,0,0,0,0,0,0,0,3,0,0,0,0,0,0,0,0,3,0,0,0,0,0,0,0,0,0,0,0,0,0,0,0,0,0,0,0,0,0,0,0,0,0,0,0,0,0,7,0,0,0,0,0,17
SAL20101,0,0,0,0,0,0,0,0,0,0,0,0,0,0,0,0,0,0,6,0,0,0,0,0,0,0,6,0,0,0,0,0,0,0,0,0,0,0,0,0,0,0,0,0,0,0,0,0,0,0,0,0,0,0,0,0,0,0,0,0,0,0,0,0,0,0,0,0,0,0,0,0,0,0,0,0,0,0,0,0,0,0,0,0,0,0,0,0,6,4,0,0,0,0,0,0,0,0,0,0,0,0,0,0,0,0,0,0,0,0,0,0,0,0,0,0,3,0,0,0,0,0,0,0,0,0,0,0,0,0,0,0,0,0,0,5,0,3,9,5,0,0,3,20
SAL20102,0,0,0,0,0,0,0,0,0,0,0,0,0,0,0,0,0,0,0,0,0,0,0,0,0,0,0,0,0,0,0,0,0,0,0,0,0,0,3,0,0,0,0,0,4,0,0,0,0,0,0,0,0,5,0,0,0,0,0,0,0,0,0,4,0,0,0,0,0,0,0,4,0,0,3,0,0,0,0,0,7,0,0,6,0,0,0,0,0,6,0,0,4,0,0,0,0,0,3,0,0,0,0,0,0,0,0,6,0,0,0,0,0,0,0,0,0,0,0,0,4,0,0,0,0,3,0,0,0,0,0,0,0,0,5,4,4,12,11,3,0,0,3,45
SAL20103,169,0,5,0,0,0,0,21,197,160,33,8,0,0,0,0,27,221,158,44,36,16,8,0,0,16,275,75,50,43,25,13,6,0,16,234,54,29,56,41,22,3,0,10,219,46,36,63,46,14,3,10,14,226,47,27,71,38,30,10,8,17,244,43,22,68,56,22,7,5,14,241,36,34,88,48,26,6,10,19,266,45,31,87,77,29,9,10,28,308,47,19,81,55,26,8,13,20,267,27,17,74,60,33,3,3,29,254,13,12,76,61,27,7,8,23,226,12,10,30,44,32,14,4,24,176,15,8,30,41,23,14,11,64,201,942,374,809,606,311,81,62,356,3545
SAL20104,4,0,0,0,0,0,0,0,4,9,0,0,0,0,0,0,0,8,9,0,0,0,0,0,0,0,11,3,7,0,0,0,0,0,0,8,4,0,3,0,0,0,0,0,3,0,0,0,3,0,0,0,3,7,0,0,6,0,0,0,0,0,7,5,0,0,0,0,0,0,0,8,0,5,0,0,0,0,0,0,3,0,0,4,0,0,0,0,0,5,0,0,0,0,0,0,0,0,3,0,0,5,0,0,0,0,0,5,0,0,0,6,0,0,0,0,6,0,0,0,0,0,0,0,0,0,0,0,0,0,0,0,0,0,0,33,13,21,10,4,5,0,9,84
SAL20105,72,0,0,0,0,0,0,15,86,167,4,3,0,0,0,0,31,211,320,9,11,0,0,0,0,28,371,249,40,12,4,0,0,4,26,333,168,46,42,8,3,0,3,17,283,99,36,40,12,0,0,5,13,210,85,36,39,13,0,0,3,14,191,57,29,27,13,3,0,4,4,142,41,22,31,9,0,0,0,10,109,45,9,28,7,7,0,3,7,110,28,19,28,10,10,0,0,8,99,23,21,19,10,3,0,0,0,89,5,8,14,15,0,0,3,6,54,8,5,15,0,3,0,3,6,39,4,9,14,8,0,0,0,4,40,1380,293,319,115,39,5,32,187,2375
SAL20106,4,0,0,0,0,0,0,0,4,4,0,0,0,0,0,0,0,4,0,0,0,0,0,0,0,0,0,0,0,0,0,0,0,0,0,3,0,0,0,0,0,0,0,0,3,0,0,0,0,0,0,0,0,6,0,0,0,0,0,0,0,0,3,0,0,0,4,0,0,0,0,13,0,0,6,0,0,0,0,0,4,0,0,0,0,0,0,0,0,3,0,0,0,0,0,0,0,0,0,0,0,0,0,0,0,0,0,0,0,0,0,0,0,0,0,0,5,0,0,0,0,0,0,0,0,0,0,0,0,0,0,0,0,0,0,11,3,10,9,0,3,0,0,39
SAL20107,0,0,0,0,0,0,0,0,0,0,0,0,0,0,0,0,0,0,0,0,0,0,0,0,0,0,4,0,0,0,0,0,0,0,0,5,0,0,0,4,0,0,0,0,5,0,0,0,0,0,0,0,0,4,0,0,0,0,0,0,0,0,0,0,0,0,0,0,0,0,0,0,0,0,3,0,0,0,0,0,3,0,0,0,0,0,0,0,0,0,0,0,0,0,0,0,0,0,0,0,0,0,0,0,0,0,0,0,0,0,0,0,0,0,0,0,0,0,0,0,0,0,0,0,0,0,0,0,0,0,0,0,0,0,0,3,0,6,3,4,0,0,3,21
SAL20108,73,0,0,0,0,0,0,3,75,54,4,0,0,0,0,0,0,59,52,14,17,0,3,0,0,6,98,32,23,27,16,0,0,0,6,108,26,21,37,23,7,0,0,8,111,25,14,34,28,4,4,0,0,116,27,12,45,14,10,0,0,7,117,24,12,40,12,14,4,0,0,114,19,10,48,40,10,7,0,8,142,19,8,36,23,13,0,0,7,116,8,12,34,15,9,3,0,6,95,12,10,34,20,11,3,0,13,107,13,8,11,21,10,3,0,5,76,0,5,3,4,10,7,3,3,35,0,0,11,10,12,8,8,5,62,379,158,394,232,110,47,20,84,1429
SAL20109,3,0,0,0,0,0,0,0,3,0,0,0,0,0,0,0,0,0,0,4,0,0,0,0,0,0,4,0,0,0,0,0,0,0,0,0,0,0,0,0,0,0,0,0,5,0,0,0,0,0,0,0,0,0,0,0,0,0,0,0,0,0,4,0,0,0,0,0,0,0,0,0,0,0,0,0,0,0,0,0,4,0,0,0,0,0,0,0,0,0,0,0,0,0,0,0,0,0,0,0,0,0,0,0,0,0,0,0,0,0,0,0,0,0,0,0,0,0,0,0,0,0,0,0,0,0,0,0,0,0,0,0,0,0,0,3,3,4,3,0,0,0,4,27
SAL20110,0,0,0,0,0,0,0,0,0,0,0,0,0,0,0,0,0,0,0,0,0,0,0,0,0,0,0,0,0,0,0,0,0,0,0,0,0,0,0,0,0,0,0,0,0,0,0,0,0,0,0,0,0,0,0,0,0,0,0,0,0,0,0,0,0,0,0,0,0,0,0,0,0,0,0,0,0,0,0,0,0,0,0,0,0,0,0,0,0,0,0,0,0,0,0,0,0,0,0,0,0,0,0,0,0,0,0,0,0,0,0,0,0,0,0,0,0,0,0,0,0,0,0,0,0,0,0,0,0,0,0,0,0,0,0,0,0,0,6,0,0,0,0,9
SAL20111,125,0,0,0,0,0,0,11,138,191,6,0,0,0,0,0,24,220,155,16,11,0,0,0,0,15,199,109,32,23,8,0,0,0,7,192,69,36,50,22,0,0,0,11,177,42,30,73,29,6,0,0,13,189,46,35,61,28,8,0,0,12,192,37,31,58,35,11,8,3,8,182,36,19,69,36,16,0,3,14,194,36,33,66,39,15,8,0,9,202,20,28,55,32,8,3,0,13,157,20,10,52,31,29,3,0,17,164,9,6,21,24,11,0,0,13,91,7,3,20,16,9,7,8,17,78,5,8,15,7,9,3,9,29,81,901,287,565,303,122,36,29,206,2453
SAL20112,120,0,0,0,0,0,0,13,134,145,17,8,0,0,0,0,19,193,170,29,18,9,0,4,0,21,250,97,34,27,13,4,0,0,11,192,55,37,46,28,15,0,6,16,200,37,24,50,34,9,0,5,13,176,35,27,49,24,14,5,4,17,173,45,25,49,33,12,3,3,6,180,40,19,65,40,20,3,3,8,196,36,24,63,36,9,10,6,3,190,31,24,63,46,22,5,3,8,201,23,13,72,54,18,7,0,6,194,21,12,41,44,20,10,10,9,158,19,3,28,21,13,9,13,8,113,24,19,23,44,27,19,17,44,223,903,303,601,425,187,69,66,209,2762
SAL20113,91,0,0,0,0,0,0,4,93,97,8,0,0,0,0,0,4,111,97,12,11,4,0,0,0,15,134,47,27,28,16,0,0,0,8,125,25,24,38,25,8,0,0,7,132,21,14,45,25,0,0,4,6,117,24,16,42,28,8,0,3,4,120,24,19,48,32,7,0,6,9,138,9,20,51,35,6,0,0,3,133,23,15,48,38,13,3,5,4,141,14,12,41,26,14,4,0,4,112,11,10,39,27,13,3,0,3,111,14,3,24,29,20,11,6,11,117,7,5,17,27,13,7,6,12,87,10,8,29,28,15,13,15,19,135,517,187,457,346,122,47,37,106,1809
SAL20114,5,0,0,0,0,0,0,3,5,0,0,0,0,0,0,0,0,4,3,0,0,0,0,0,0,0,3,0,0,0,0,0,0,0,0,0,0,0,0,0,0,0,0,0,4,0,0,0,0,0,0,0,0,3,0,0,0,0,0,0,0,0,7,0,0,4,0,0,0,0,0,3,0,4,0,0,0,0,0,0,4,0,0,0,3,0,0,0,0,5,0,0,4,4,0,0,0,0,10,0,0,0,0,0,0,0,0,4,0,0,0,0,0,0,0,0,4,0,0,0,0,0,0,0,0,3,0,0,0,0,0,0,0,0,0,5,4,7,15,8,0,0,6,54
SAL20115,8,0,0,0,0,0,0,0,8,0,0,0,0,0,0,0,0,5,0,3,0,0,0,0,0,0,0,0,0,0,0,0,0,0,0,3,0,0,0,5,0,0,0,4,8,3,0,3,0,4,0,0,3,14,0,0,0,3,0,0,0,0,11,0,0,6,0,0,0,0,4,7,0,0,5,5,0,0,0,7,11,0,0,0,5,0,0,0,0,7,0,0,3,0,3,0,0,0,9,5,0,0,0,0,0,0,0,6,0,0,0,0,0,0,0,0,0,0,0,0,0,0,0,0,0,3,0,0,0,0,0,0,0,0,0,20,14,19,15,8,3,0,16,98
SAL20116,4,0,0,0,0,0,0,0,4,3,0,0,0,0,0,0,0,7,0,0,0,0,0,0,0,0,0,0,0,0,0,0,0,0,0,6,0,0,3,0,0,0,0,0,4,0,0,5,0,0,0,0,0,9,0,0,4,0,0,0,0,0,3,0,0,0,0,0,0,0,0,7,0,0,0,0,0,0,0,0,9,0,0,0,0,0,0,0,0,9,0,0,4,3,3,0,0,0,11,0,0,0,0,0,0,0,3,3,0,0,0,0,0,0,0,0,0,0,0,0,0,0,0,0,0,0,0,0,0,0,0,0,0,0,0,15,11,19,10,6,0,0,15,76
SAL20117,0,0,0,0,0,0,0,0,0,3,0,0,0,0,0,0,0,3,0,0,0,0,0,0,0,0,0,0,0,0,0,0,0,0,0,0,0,0,0,0,0,0,0,0,5,0,0,0,4,0,0,0,0,5,0,0,0,0,0,0,0,0,0,0,0,0,3,0,0,0,0,3,0,0,0,0,4,0,0,0,3,0,0,5,0,0,0,0,0,5,0,0,0,0,0,0,0,0,4,0,0,0,0,0,0,0,0,0,0,0,0,0,0,0,0,0,0,0,0,0,0,0,0,0,0,0,0,0,0,0,0,0,0,0,3,5,0,5,6,5,0,0,0,26
SAL20118,0,0,0,0,0,0,0,0,0,0,0,0,0,0,0,0,0,0,6,0,0,0,0,0,0,0,3,0,0,0,0,0,0,0,0,6,0,0,0,0,0,0,0,0,3,0,0,3,0,0,0,0,0,3,0,0,0,0,0,0,0,0,5,0,0,0,0,0,0,0,0,3,0,0,0,3,0,0,0,0,9,0,0,0,0,0,0,0,0,6,0,0,0,0,0,0,0,0,0,0,0,0,0,0,0,0,0,3,0,0,0,3,0,0,0,0,3,0,0,0,3,0,0,0,0,3,0,0,0,0,0,0,0,0,0,13,4,11,11,4,0,0,6,51
SAL20119,8,0,0,0,0,0,0,0,5,3,0,0,0,0,0,0,0,6,0,4,0,0,0,0,0,0,4,4,0,0,0,0,0,0,0,4,0,0,6,0,0,0,0,0,9,0,0,0,0,0,0,0,0,4,0,0,3,5,0,0,0,0,6,0,4,10,0,0,0,0,0,18,0,0,5,6,4,0,0,0,11,3,0,6,0,8,0,0,5,16,0,7,0,5,0,0,0,0,15,0,0,0,3,0,0,0,4,8,0,0,0,0,0,0,0,0,5,0,0,0,0,0,0,0,0,4,0,0,0,0,0,0,0,3,3,34,11,32,24,17,6,0,15,123
SAL20120,57,0,0,0,0,0,0,8,71,24,0,0,0,0,0,0,0,30,27,3,0,0,0,0,0,0,31,12,13,13,3,0,0,0,8,47,16,7,38,18,0,0,0,8,88,12,11,33,21,0,0,0,3,74,6,13,39,16,0,0,0,0,86,14,14,43,16,10,0,0,5,103,9,9,37,13,4,0,0,6,79,16,14,33,25,8,5,0,4,108,11,9,29,21,6,0,0,8,81,9,3,37,13,6,6,0,3,73,4,3,20,21,4,0,0,0,60,4,0,12,6,0,0,0,0,30,7,3,13,16,5,3,0,0,40,221,102,349,193,46,16,10,60,1000
SAL20121,7,0,0,0,0,0,0,0,7,4,0,0,0,0,0,0,0,0,5,0,0,0,0,0,0,0,5,0,0,0,0,0,0,0,0,4,0,0,6,4,0,0,0,0,8,5,0,3,7,0,0,0,0,17,0,0,10,0,0,0,0,0,17,5,0,4,0,0,0,0,0,13,0,4,6,5,0,0,0,0,14,3,0,8,5,0,0,0,0,22,0,0,8,5,3,0,0,0,24,0,0,13,11,0,0,0,0,28,0,0,9,9,0,0,0,5,22,4,0,8,4,0,0,0,0,14,0,0,5,0,3,0,3,0,6,41,12,78,43,10,0,4,10,205
SAL20122,0,0,0,0,0,0,0,0,0,0,0,0,0,0,0,0,0,0,0,0,0,0,0,0,0,0,0,0,0,0,0,0,0,0,0,0,0,0,0,0,0,0,0,0,0,0,0,0,0,0,0,0,0,0,0,0,0,0,0,0,0,0,0,0,0,0,0,0,0,0,0,0,0,0,0,0,0,0,0,0,0,0,0,0,0,0,0,0,0,0,0,0,0,0,0,0,0,0,0,0,0,0,0,0,0,0,0,0,0,0,0,0,0,0,0,0,0,0,0,0,0,0,0,0,0,0,0,0,0,0,0,0,0,0,0,0,0,0,0,0,0,0,0,3
SAL20123,438,0,0,0,0,0,0,25,460,417,0,0,0,0,0,0,29,444,311,21,3,0,0,0,0,15,356,180,77,46,10,0,0,0,11,328,91,130,191,38,5,0,0,14,463,50,108,236,51,11,0,0,11,461,50,110,239,78,7,0,0,20,506,52,110,253,92,18,3,0,14,544,50,82,222,95,14,3,0,3,473,60,74,169,71,17,8,0,15,415,47,90,145,73,29,7,0,14,404,47,47,134,91,29,0,9,6,358,45,23,119,81,22,5,11,18,315,41,25,79,50,15,7,3,11,241,50,20,82,75,42,15,17,24,330,1926,908,1919,794,218,56,35,238,6097
SAL20124,810,0,0,0,0,0,0,49,857,648,3,0,0,0,0,0,34,682,383,32,4,3,3,0,0,20,448,207,92,105,20,0,0,0,15,441,100,118,255,60,10,0,0,21,564,65,124,394,130,31,3,0,10,761,50,152,431,168,34,8,0,25,871,59,130,462,191,29,10,0,30,918,65,124,372,187,41,6,0,18,816,65,125,286,135,34,9,0,9,674,45,103,204,117,26,4,0,10,509,50,53,207,122,32,6,0,10,484,33,31,152,82,33,6,0,17,351,26,19,106,87,26,3,8,17,296,27,29,118,92,60,20,22,34,397,2641,1137,3108,1396,357,71,44,310,9062
SAL20125,13,0,0,0,0,0,0,4,15,6,3,0,0,0,0,0,0,9,3,0,3,0,0,0,0,0,14,4,6,7,4,0,0,0,0,12,0,4,0,7,6,0,0,0,15,0,0,6,3,0,0,0,0,10,5,0,7,5,0,0,0,0,12,4,0,10,4,4,0,0,0,21,0,0,7,7,0,0,0,0,21,0,0,5,4,0,0,0,0,17,0,4,5,5,0,0,0,0,20,0,0,3,4,0,0,0,0,9,0,0,0,5,0,0,0,3,11,0,0,0,0,0,0,0,0,7,0,0,0,0,0,0,0,0,6,40,12,49,45,18,3,8,17,194
SAL20126,3,0,0,0,0,0,0,3,12,10,0,0,0,0,0,0,0,10,3,5,0,0,0,0,0,0,9,0,0,0,0,0,0,0,0,4,0,0,6,0,0,0,0,0,12,0,0,3,0,0,0,0,4,11,0,3,0,5,5,0,0,0,14,0,0,0,3,0,0,0,0,9,0,0,3,0,0,0,0,3,11,0,0,0,0,0,0,0,0,10,0,3,7,0,0,0,0,0,5,0,0,0,0,0,0,0,0,0,0,0,0,0,0,0,0,0,5,0,0,0,3,0,0,0,0,0,0,0,0,0,0,0,0,0,0,23,13,25,14,12,0,0,23,114
SAL20127,0,0,0,0,0,0,0,0,0,0,0,0,0,0,0,0,0,0,0,0,0,0,0,0,0,0,0,0,0,0,0,0,0,0,0,0,0,0,4,0,0,0,0,0,0,0,0,0,0,0,0,0,0,6,0,0,0,0,0,0,0,0,4,0,0,0,0,0,0,0,0,0,0,0,4,0,0,0,0,0,9,0,0,0,0,0,0,0,0,4,0,0,4,0,0,0,0,0,8,0,0,0,0,4,0,0,0,4,0,0,0,3,0,0,0,0,3,0,0,0,0,0,0,0,0,0,0,0,0,0,0,0,0,0,0,10,7,11,5,0,0,0,3,47
SAL20128,0,0,0,0,0,0,0,0,0,0,0,0,0,0,0,0,0,0,0,0,0,0,0,0,0,0,0,0,0,0,0,0,0,0,0,0,0,0,0,0,0,0,0,0,0,0,0,4,0,0,0,0,0,0,0,0,0,0,0,0,0,0,0,0,0,0,0,0,0,0,0,0,0,0,0,0,0,0,0,0,3,0,0,0,0,0,0,0,0,0,0,0,0,0,0,0,0,0,0,0,0,0,0,0,0,0,0,0,0,0,0,0,0,0,0,0,0,0,0,0,0,0,0,0,0,0,0,0,0,0,0,0,0,0,0,5,0,8,3,0,0,0,0,16
SAL20129,16,0,0,0,0,0,0,0,19,24,4,0,0,0,0,0,5,24,11,4,3,0,0,0,0,0,25,10,14,9,7,0,0,0,0,40,4,0,7,9,0,3,0,0,32,0,4,10,10,0,0,0,0,26,5,0,0,4,0,0,0,0,13,0,0,6,0,0,0,0,0,14,4,0,0,0,6,0,0,0,8,0,0,6,0,6,0,0,0,12,0,0,3,4,0,0,0,0,7,0,0,0,3,0,0,0,0,9,0,0,3,0,0,0,0,0,7,0,0,0,0,0,0,0,0,0,0,0,0,0,0,0,0,0,4,77,29,56,43,13,7,4,10,237
SAL20130,0,0,0,0,0,0,0,0,0,0,0,0,0,0,0,0,0,0,0,0,0,0,0,0,0,0,0,0,0,0,0,0,0,0,0,0,0,0,0,0,0,0,0,0,0,0,0,0,0,0,0,0,0,0,0,0,0,0,0,0,0,0,0,0,0,0,0,0,0,0,0,0,0,0,0,0,0,0,0,0,0,0,0,0,0,0,0,0,0,0,0,0,0,0,0,0,0,0,0,0,0,0,0,0,0,0,0,0,0,0,0,0,0,0,0,0,0,0,0,0,0,0,0,0,0,0,0,0,0,0,0,0,0,0,0,8,3,3,4,0,0,0,0,22
SAL20131,4,0,0,0,0,0,0,0,3,5,0,0,0,0,0,0,0,5,3,0,0,0,0,0,0,0,3,3,4,0,0,0,0,0,0,4,3,0,0,0,0,0,0,0,5,0,0,5,0,0,0,0,0,5,3,0,0,0,0,0,0,0,11,5,3,5,3,0,0,0,4,20,4,0,10,0,0,0,0,0,13,8,0,10,8,0,3,0,0,28,6,6,15,9,0,0,0,9,50,6,4,19,28,8,5,0,4,71,5,3,21,14,15,4,0,11,73,0,5,11,14,11,6,0,5,51,0,3,4,8,4,3,0,14,42,56,39,107,84,45,13,3,43,387
SAL20132,0,0,0,0,0,0,0,0,0,0,0,0,0,0,0,0,0,0,0,0,0,0,0,0,0,0,0,4,0,0,0,0,0,0,0,7,0,0,0,0,0,0,0,0,0,0,0,4,0,0,0,0,0,6,0,0,0,0,0,0,0,0,6,0,0,0,0,0,0,0,0,0,0,0,0,0,0,0,0,0,0,0,0,0,0,0,0,0,0,0,0,0,0,0,0,0,0,0,0,0,0,0,0,0,0,0,0,0,0,0,0,0,0,0,0,0,0,0,0,0,0,0,0,0,0,0,0,0,0,0,0,0,0,0,0,9,0,0,0,8,3,0,5,23
SAL20133,186,0,0,0,0,0,0,15,202,104,6,0,0,0,0,0,8,118,103,25,24,6,0,0,0,3,167,44,55,96,35,8,0,0,11,245,33,47,107,62,15,6,0,16,282,32,20,98,66,7,4,0,11,247,30,28,91,61,14,0,3,4,228,21,21,94,36,17,9,4,4,195,15,14,58,34,11,5,3,6,152,7,13,50,42,14,6,0,5,130,11,7,63,38,17,3,0,6,154,0,12,50,40,10,4,0,4,126,3,4,19,28,12,3,5,4,82,4,3,16,13,10,3,9,4,56,3,7,20,13,15,9,7,13,78,587,257,791,482,149,44,32,111,2460
SAL20134,0,0,0,0,0,0,0,0,0,0,0,0,0,0,0,0,0,0,0,0,0,0,0,0,0,0,0,0,0,0,0,0,0,0,0,0,0,0,0,0,0,0,0,0,0,0,0,0,0,0,0,0,0,0,0,0,0,0,0,0,0,0,0,0,0,0,0,0,0,0,0,0,0,0,4,0,0,0,0,0,4,0,0,0,0,0,0,0,0,0,0,0,0,0,0,0,0,0,0,0,0,0,0,0,0,0,0,0,0,0,0,0,0,0,0,0,0,0,0,0,0,0,0,0,0,0,0,0,0,0,0,0,0,0,0,0,0,4,0,0,0,0,0,9
SAL20135,0,0,0,0,0,0,0,0,0,0,0,0,0,0,0,0,0,0,0,0,0,0,0,0,0,0,0,0,0,0,0,0,0,0,0,0,0,0,0,0,0,0,0,0,0,0,0,0,0,0,0,0,0,0,0,0,0,0,0,0,0,0,0,0,0,0,0,0,0,0,0,0,0,0,0,0,0,0,0,0,3,0,0,0,0,0,0,0,0,0,0,0,0,0,0,0,0,0,0,0,0,0,0,0,0,0,0,0,0,0,0,0,0,0,0,0,0,0,0,0,0,0,0,0,0,0,0,0,0,0,0,0,0,0,0,0,0,0,0,0,0,0,0,8
SAL20136,80,0,0,0,0,0,0,8,92,49,0,4,0,0,0,0,0,59,55,23,10,6,0,0,0,0,94,19,22,48,19,0,0,0,5,115,18,10,44,23,8,0,0,0,106,12,7,38,19,9,3,0,3,88,10,15,44,20,3,4,0,0,101,8,11,38,25,9,3,0,0,86,10,11,30,22,14,0,0,0,87,4,6,26,13,10,0,0,0,62,8,7,23,16,4,0,0,0,60,5,5,28,19,3,0,4,6,61,4,0,19,14,6,3,0,0,57,4,0,17,12,13,5,6,3,56,3,10,18,26,22,12,6,13,105,288,129,382,228,105,37,19,46,1231
SAL20137,0,0,0,0,0,0,0,0,0,6,0,0,0,0,0,0,0,6,0,0,0,0,0,0,0,0,0,0,0,0,0,0,0,0,0,0,0,0,0,0,0,0,0,0,3,0,4,0,0,0,0,0,0,4,0,0,0,0,0,0,0,0,4,0,0,0,0,0,0,0,0,3,0,0,4,0,5,0,0,0,3,0,0,0,0,0,0,0,0,4,0,0,0,0,0,0,0,0,0,0,0,3,3,5,0,0,0,10,0,0,0,0,0,0,0,0,0,0,0,0,0,0,0,0,0,0,0,0,0,0,0,0,0,0,0,10,6,10,4,6,0,0,3,42
SAL20138,3,0,0,0,0,0,0,0,3,0,0,0,0,0,0,0,0,0,5,0,0,0,0,0,0,0,3,0,0,0,0,0,0,0,0,3,0,0,0,0,0,0,0,0,3,0,0,0,3,0,0,0,0,3,0,0,0,0,0,0,0,0,3,3,0,3,0,0,0,0,0,5,0,0,3,0,0,0,0,0,7,0,0,6,4,3,0,0,0,11,0,0,0,0,0,0,0,0,6,0,0,7,4,0,0,0,0,6,4,0,0,0,0,0,0,0,7,0,0,0,0,0,0,0,0,0,0,0,0,0,0,0,0,0,5,22,3,17,20,7,0,0,4,75
SAL20139,0,0,0,0,0,0,0,0,0,0,0,0,0,0,0,0,0,0,0,0,0,0,0,0,0,0,0,0,0,0,0,0,0,0,0,0,0,0,0,0,0,0,0,0,0,0,0,0,0,0,0,0,0,0,0,0,0,0,0,0,0,0,0,0,0,0,0,0,0,0,0,0,0,0,0,0,0,0,0,0,0,0,0,0,0,0,0,0,0,0,0,0,0,0,0,0,0,0,0,0,0,0,0,0,0,0,0,0,0,0,0,0,0,0,0,0,0,0,0,0,0,0,0,0,0,0,0,0,0,0,0,0,0,0,0,0,6,0,0,0,0,0,0,4
SAL20140,0,0,0,0,0,0,0,0,0,0,0,0,0,0,0,0,0,0,4,0,0,0,0,0,0,0,0,0,0,0,0,0,0,0,0,4,0,0,5,0,0,0,0,0,3,0,0,0,0,0,0,0,0,6,0,0,4,0,0,0,0,0,3,0,0,5,0,0,0,0,0,4,0,0,6,0,0,0,0,0,8,0,0,5,0,0,0,0,4,6,0,0,0,0,0,0,0,0,4,0,0,0,3,0,0,0,0,11,0,0,0,0,0,0,0,0,0,0,0,3,0,0,0,0,0,3,0,0,0,0,0,0,0,0,0,9,0,24,18,6,3,0,3,57
SAL20141,9,0,0,0,0,0,0,0,9,5,0,0,0,0,0,0,0,5,9,4,0,0,0,0,0,3,16,4,0,4,0,0,0,0,0,8,3,0,3,5,0,0,0,0,12,0,0,10,0,0,0,0,0,13,5,0,3,0,0,0,0,0,14,5,0,8,0,0,0,0,0,14,6,0,8,0,3,0,0,0,28,5,0,6,3,3,0,0,0,25,10,4,4,4,0,0,0,0,20,0,0,4,0,5,0,0,0,12,0,0,3,0,0,0,0,0,13,0,0,4,0,0,0,0,0,7,0,0,0,0,0,0,0,4,3,51,19,67,23,15,8,6,13,192
SAL20142,0,0,0,0,0,0,0,0,3,0,0,0,0,0,0,0,0,0,0,0,0,0,0,0,0,0,0,0,0,0,0,0,0,0,0,0,0,0,0,0,0,0,0,0,0,0,0,0,0,0,0,0,0,3,3,0,0,0,0,0,0,0,3,0,0,4,0,0,0,0,0,6,0,0,0,0,0,0,0,0,0,0,0,0,0,0,0,0,0,3,0,0,0,4,0,0,0,0,4,0,0,0,0,0,0,0,0,0,0,0,0,0,0,0,0,0,7,0,0,0,0,0,0,0,0,0,0,0,0,0,0,0,0,0,0,3,4,5,8,0,0,0,0,24
SAL20143,0,0,0,0,0,0,0,0,0,0,0,0,0,0,0,0,0,3,0,0,0,0,0,0,0,0,3,0,0,0,0,0,0,0,0,0,0,0,0,0,0,0,0,0,3,0,0,0,0,0,0,0,0,0,0,0,0,0,0,0,0,0,0,0,0,0,0,0,0,0,0,0,0,0,6,0,0,0,0,0,3,0,0,0,0,0,0,0,0,3,0,0,0,0,0,0,0,0,0,0,0,0,0,0,0,0,0,0,0,0,0,0,0,0,0,0,0,0,0,0,0,0,0,0,0,0,0,0,0,0,0,0,0,0,0,3,8,7,3,0,0,0,0,20
SAL20144,0,0,0,0,0,0,0,0,0,0,0,0,0,0,0,0,0,4,4,0,0,0,0,0,0,0,3,0,0,0,0,0,0,0,0,4,0,0,4,0,0,0,0,0,9,0,3,0,0,0,0,0,0,0,0,0,0,3,0,0,0,0,11,3,0,0,3,0,0,0,0,14,0,3,6,0,0,0,0,0,9,0,0,7,3,0,0,0,0,13,0,4,5,0,0,0,0,0,11,0,0,3,0,0,4,5,0,14,0,0,0,0,4,0,0,0,3,0,0,0,0,0,0,0,0,3,0,0,0,0,0,0,0,0,4,21,10,33,16,11,10,5,7,103
SAL20145,0,0,0,0,0,0,0,0,0,0,0,0,0,0,0,0,0,0,0,0,0,0,0,0,0,0,0,0,0,0,0,0,0,0,0,0,0,0,0,0,0,0,0,0,0,0,0,0,0,0,0,0,0,0,0,0,0,0,0,0,0,0,0,0,0,0,0,0,0,0,0,0,0,0,0,0,0,0,0,0,0,0,0,0,0,0,0,0,0,0,0,0,0,0,0,0,0,0,0,0,0,0,0,0,0,0,0,0,0,0,0,0,0,0,0,0,0,0,0,0,0,0,0,0,0,0,0,0,0,0,0,0,0,0,0,0,0,0,0,0,0,0,0,10
SAL20146,26,0,0,0,0,0,0,3,35,16,0,0,0,0,0,0,6,26,16,12,4,0,0,0,0,9,32,0,5,16,8,0,0,0,5,31,3,3,18,0,0,0,0,4,25,3,7,11,7,3,0,0,6,44,5,0,12,10,3,0,0,5,35,4,3,18,7,5,0,0,0,41,0,3,16,9,4,0,0,5,37,5,7,13,7,3,0,0,3,43,0,0,6,7,4,0,0,0,22,0,3,11,0,4,0,0,4,23,0,0,5,0,0,0,0,0,7,0,0,0,0,0,0,0,0,7,0,0,0,0,0,0,0,0,3,96,45,126,66,23,6,8,39,395
SAL20147,4,0,0,0,0,0,0,0,9,7,0,0,0,0,0,0,0,7,0,0,0,0,0,0,0,0,0,0,0,0,0,0,0,0,0,3,0,0,0,0,0,0,0,0,4,0,0,0,0,0,0,0,0,10,0,0,3,4,0,0,0,0,6,0,0,0,0,0,0,0,0,8,0,0,7,3,0,0,0,0,12,0,0,0,3,0,0,0,0,8,0,0,6,0,0,0,0,0,12,0,0,0,0,0,0,0,0,3,0,0,0,0,0,0,0,0,3,0,0,0,0,0,0,0,0,0,0,0,0,0,0,0,0,0,0,14,3,24,19,8,0,0,13,80
SAL20148,3,0,0,0,0,0,0,0,3,0,0,0,0,0,0,0,0,0,0,0,0,0,0,0,0,0,0,0,0,0,0,0,0,0,3,3,4,0,0,0,0,0,0,0,12,0,0,0,0,0,0,0,0,3,4,0,0,0,0,0,0,0,7,0,0,0,5,0,0,0,0,8,0,0,6,0,0,0,0,0,8,0,0,5,0,0,0,0,0,5,0,0,0,0,0,0,0,0,0,0,0,0,0,0,0,0,0,0,0,0,0,0,0,0,0,0,4,0,0,0,0,0,0,0,0,0,0,0,0,0,0,0,0,0,0,15,3,12,9,5,0,0,7,56
SAL20149,11,0,0,0,0,0,0,0,9,8,0,0,0,0,0,0,3,11,10,0,3,0,0,0,0,0,13,3,3,3,0,0,0,0,0,12,4,9,0,3,0,0,0,0,14,0,3,5,0,3,0,0,0,13,4,0,4,4,6,0,0,0,15,0,4,4,8,8,0,0,0,18,0,0,6,0,0,0,0,0,18,0,3,9,6,6,0,0,0,24,0,0,5,3,0,0,0,0,10,0,0,0,3,0,0,0,0,15,0,0,3,0,0,0,0,0,3,0,0,0,0,0,0,0,0,5,0,0,0,0,0,0,0,0,0,46,19,44,31,23,6,0,10,177
SAL20150,9,0,0,0,0,0,0,0,9,5,0,0,0,0,0,0,0,11,3,0,0,0,0,0,0,0,10,0,0,0,0,0,0,0,0,6,0,0,3,0,0,0,0,0,9,0,0,0,6,0,0,0,0,13,3,0,3,0,0,0,0,0,4,0,0,6,3,0,0,0,0,7,5,0,0,0,0,0,0,0,15,0,0,0,3,0,0,0,0,6,0,0,3,3,0,0,0,0,10,0,0,0,0,3,0,0,0,6,0,0,4,4,0,0,0,0,6,0,0,0,0,0,0,0,0,3,0,0,0,0,0,0,0,0,5,24,8,26,19,14,4,0,8,107
SAL20151,11,0,0,0,0,0,0,6,15,3,0,0,0,0,0,0,0,3,8,4,0,0,0,0,0,4,7,0,0,3,0,0,0,0,0,3,0,0,0,0,0,0,0,0,0,3,0,0,3,0,0,0,0,11,0,0,0,0,0,0,0,0,8,0,0,0,4,0,0,0,0,4,3,0,7,0,0,0,0,0,8,0,0,8,4,0,0,0,0,13,0,0,0,4,5,0,0,0,10,0,0,0,0,0,0,0,5,5,0,0,0,0,0,0,0,0,5,0,0,0,0,0,0,0,0,0,0,0,0,0,0,0,0,0,0,29,7,29,18,11,5,0,13,108
SAL20152,0,0,0,0,0,0,0,0,0,0,0,0,0,0,0,0,0,0,0,0,0,0,0,0,0,0,0,0,0,0,0,0,0,0,0,0,0,0,0,0,0,0,0,0,0,0,0,0,0,0,0,0,0,0,0,0,0,0,0,0,0,0,0,0,0,0,0,0,0,0,0,0,0,0,0,0,0,0,0,0,0,0,0,0,0,0,0,0,0,4,0,0,0,0,0,0,0,0,0,0,0,0,0,0,0,0,0,0,0,0,0,0,0,0,0,0,0,0,0,0,0,0,0,0,0,0,0,0,0,0,0,0,0,0,0,0,0,0,5,0,0,0,0,12
SAL20153,0,0,0,0,0,0,0,0,0,0,0,0,0,0,0,0,0,0,0,0,0,0,0,0,0,0,0,0,0,0,0,0,0,0,0,0,0,0,0,0,0,0,0,0,0,0,0,0,0,0,0,0,0,0,0,0,0,0,0,0,0,0,0,0,0,0,0,0,0,0,0,0,0,0,0,0,0,0,0,0,0,0,0,0,0,0,0,0,0,0,0,0,0,0,0,0,0,0,0,0,0,0,0,0,0,0,0,0,0,0,0,0,0,0,0,0,0,0,0,0,0,0,0,0,0,0,0,0,0,0,0,0,0,0,0,3,0,0,0,0,0,0,0,4
SAL20154,3,0,0,0,0,0,0,0,3,0,0,0,0,0,0,0,0,0,0,0,0,0,0,0,0,0,4,0,0,0,0,0,0,0,0,0,0,0,0,0,0,0,0,0,0,0,0,0,0,0,0,0,0,0,0,0,0,0,0,0,0,0,0,0,0,0,0,0,0,0,0,3,0,0,0,0,0,0,0,0,0,0,0,0,0,0,0,0,0,0,0,0,0,0,0,0,0,0,4,0,0,0,0,0,0,0,0,0,0,0,0,0,0,0,0,0,0,0,0,0,0,0,0,0,0,0,0,0,0,0,0,0,0,0,0,0,6,0,0,3,0,0,5,14
SAL20155,0,0,0,0,0,0,0,0,0,0,0,0,0,0,0,0,0,0,0,0,0,0,0,0,0,0,0,0,0,0,0,0,0,0,0,0,0,0,0,0,0,0,0,0,0,0,0,0,0,0,0,0,0,0,0,0,0,0,0,0,0,0,0,0,0,0,0,0,0,0,0,0,0,0,0,0,0,0,0,0,0,0,0,0,0,0,0,0,0,0,0,0,0,0,0,0,0,0,0,0,0,0,0,0,0,0,0,0,0,0,0,0,0,0,0,0,0,0,0,0,0,0,0,0,0,0,0,0,0,0,0,0,0,0,0,0,0,0,0,0,0,0,0,0
SAL20156,0,0,0,0,0,0,0,0,0,0,0,0,0,0,0,0,0,0,0,0,0,0,0,0,0,0,0,0,0,0,0,0,0,0,0,0,3,0,0,0,0,0,0,0,7,0,0,0,0,0,0,0,0,0,0,0,0,0,0,0,0,0,0,0,0,0,0,0,0,0,0,0,0,3,6,0,0,0,0,0,8,0,0,0,0,0,0,0,0,0,0,0,0,0,0,0,0,0,0,0,0,0,0,0,0,0,0,0,0,0,0,0,0,0,0,0,0,0,0,0,0,0,0,0,0,0,0,0,0,0,0,0,0,0,0,6,0,4,3,3,0,0,0,19
SAL20157,0,0,0,0,0,0,0,0,0,0,0,0,0,0,0,0,0,0,0,0,0,0,0,0,0,0,0,0,0,0,0,0,0,0,0,0,0,0,0,0,0,0,0,0,0,0,0,0,0,0,0,0,0,0,0,0,0,0,0,0,0,0,0,0,0,0,0,0,0,0,0,0,0,0,0,0,0,0,0,0,0,0,0,0,0,0,0,0,0,0,0,0,0,0,0,0,0,0,0,0,0,0,4,0,0,0,0,3,0,0,0,0,0,0,0,0,0,0,0,0,0,0,0,0,0,0,0,0,0,0,0,0,0,0,0,0,0,8,3,0,0,0,0,16
SAL20158,0,0,0,0,0,0,0,0,0,0,0,0,0,0,0,0,0,0,0,0,0,0,0,0,0,0,0,0,0,0,0,0,0,0,0,0,0,0,0,0,0,0,0,0,0,0,0,0,0,0,0,0,0,0,0,0,0,0,0,0,0,0,0,0,0,0,0,0,0,0,0,0,0,0,0,0,0,0,0,0,0,0,0,0,0,0,0,0,0,0,0,0,0,0,0,0,0,0,5,0,0,0,0,0,0,0,0,0,0,0,0,0,0,0,0,0,0,0,0,0,0,0,0,0,0,0,0,0,0,0,0,0,0,0,0,0,0,0,0,0,0,0,0,3
SAL20159,4,0,0,0,0,0,0,0,4,0,0,0,0,0,0,0,0,0,0,0,0,0,0,0,0,0,0,0,0,0,0,0,0,0,0,0,5,0,0,0,0,0,0,0,5,0,0,0,0,0,0,0,0,0,0,0,0,0,0,0,0,0,7,0,0,4,0,0,0,0,0,0,0,0,0,0,4,0,0,0,5,0,0,0,0,0,0,0,0,0,0,0,3,0,0,0,0,0,5,0,0,0,0,0,0,0,0,3,0,0,0,0,0,0,0,3,4,0,0,0,0,0,0,0,0,0,0,0,0,0,0,0,0,0,0,6,3,10,5,3,0,0,3,35
SAL20160,4,0,0,0,0,0,0,0,5,0,0,0,0,0,0,0,0,0,4,4,0,0,0,0,0,0,3,0,0,0,0,0,0,0,0,3,0,0,4,0,0,0,0,0,6,0,0,4,0,0,0,0,0,10,0,0,5,0,0,0,0,0,8,0,0,4,0,0,0,0,0,3,0,0,5,0,0,0,0,0,10,0,0,10,4,0,0,0,3,15,0,0,7,8,0,0,0,0,12,0,0,6,4,0,0,0,0,12,0,0,5,0,0,0,0,0,5,0,0,0,0,0,0,0,0,0,0,0,0,0,0,0,0,0,0,21,8,46,22,7,0,0,3,107
SAL20161,6,0,0,0,0,0,0,0,6,0,0,0,0,0,0,0,0,0,0,0,0,0,0,0,0,0,0,0,0,0,0,0,0,0,0,8,5,0,4,0,0,0,0,0,6,0,0,0,0,0,0,0,0,0,3,0,3,0,0,0,0,0,12,0,0,0,4,0,0,0,0,5,0,0,0,0,0,0,0,0,5,0,0,5,0,0,0,0,0,4,0,0,0,0,0,0,0,0,3,0,0,0,0,0,0,0,0,9,0,0,0,0,0,0,0,0,0,0,0,0,0,0,0,0,0,0,0,0,0,0,0,0,0,0,3,11,5,14,14,0,0,0,9,57
SAL20162,117,0,0,0,0,0,0,12,126,66,0,0,0,0,0,0,4,70,47,0,4,0,0,0,0,5,53,34,15,10,7,0,0,0,3,77,16,15,45,29,0,0,0,10,124,21,10,73,44,4,0,0,8,158,9,21,79,52,11,0,3,13,184,14,18,69,43,7,0,0,15,171,23,13,57,34,10,0,0,7,135,28,9,72,54,9,0,0,14,193,22,8,69,57,14,0,0,15,176,9,16,54,48,16,4,5,12,156,11,5,37,26,6,0,0,4,88,0,0,14,20,9,9,0,7,54,3,3,10,12,11,0,3,10,55,413,133,580,415,101,16,17,139,1820
SAL20163,0,0,0,0,0,0,0,0,0,0,0,0,0,0,0,0,0,0,0,0,0,0,0,0,0,0,0,0,0,0,0,0,0,0,0,0,0,0,0,0,0,0,0,0,0,0,0,0,0,0,0,0,0,0,0,0,0,0,0,0,0,0,0,0,0,0,0,0,0,0,0,3,0,0,0,0,0,0,0,0,0,0,0,0,0,0,0,0,0,0,0,0,0,0,0,0,0,0,4,0,0,0,0,0,0,0,0,0,0,0,0,0,0,0,0,0,0,0,0,0,0,0,0,0,0,3,0,0,0,0,0,0,0,0,0,0,0,3,3,0,0,0,0,14
SAL20164,9,0,0,0,0,0,0,3,18,5,4,0,0,0,0,0,0,8,5,0,0,0,0,0,0,0,4,4,0,0,0,0,0,0,0,11,3,0,3,7,0,0,0,0,15,0,0,8,0,0,0,0,0,9,8,0,0,3,4,0,0,0,16,0,4,11,4,0,0,0,0,20,0,8,7,6,0,0,0,0,19,4,0,5,9,0,0,0,0,15,0,0,3,0,0,0,0,0,15,0,0,3,6,0,0,0,0,15,0,0,4,0,0,0,0,0,9,0,0,0,0,0,0,0,0,0,0,0,0,0,0,0,0,0,0,44,17,49,29,13,4,0,20,176
SAL20165,54,0,0,0,0,0,0,5,52,32,0,0,0,0,0,0,4,36,9,0,0,0,0,0,0,0,11,7,0,7,5,0,0,0,4,18,4,0,9,15,5,0,0,0,35,3,7,13,13,9,0,0,0,39,3,3,14,23,4,3,0,0,50,0,5,27,7,6,0,0,0,47,9,4,12,17,0,0,0,0,41,0,5,5,9,4,0,0,3,26,0,0,16,8,0,0,0,0,23,0,0,6,10,3,0,0,0,22,0,0,5,4,0,0,0,0,12,0,0,0,0,0,0,0,0,3,0,0,0,0,0,0,0,0,0,117,23,119,100,31,15,5,19,423
SAL20166,4,0,0,0,0,0,0,0,4,3,0,0,0,0,0,0,0,3,0,0,0,0,0,0,0,0,0,0,0,0,0,0,0,0,0,0,0,0,0,0,0,0,0,0,0,0,0,0,0,0,0,0,0,0,0,0,0,0,0,0,0,0,0,0,0,0,7,0,0,0,0,3,0,0,0,0,0,0,0,0,0,0,0,0,0,0,0,0,0,0,0,0,0,0,0,3,0,0,7,0,0,0,0,0,0,0,0,0,0,0,0,0,0,0,0,0,0,0,0,0,0,0,0,0,0,0,0,0,0,0,0,0,0,0,0,9,0,5,8,0,3,0,5,33
SAL20167,0,0,0,0,0,0,0,0,0,0,0,0,0,0,0,0,0,0,0,0,0,0,0,0,0,0,0,0,0,0,0,0,0,0,0,0,0,0,0,0,0,0,0,0,0,0,0,0,0,0,0,0,0,0,0,0,0,0,0,0,0,0,0,0,0,0,0,0,0,0,0,0,0,0,0,0,0,0,0,0,0,0,0,0,0,0,0,0,0,0,0,0,0,0,0,0,0,0,0,0,0,0,0,0,0,0,0,0,0,0,0,0,0,0,0,0,0,0,0,0,0,0,0,0,0,0,0,0,0,0,0,0,0,0,0,0,0,0,0,0,0,0,0,0
SAL20168,0,0,0,0,0,0,0,0,0,3,0,0,0,0,0,0,0,3,0,0,0,0,0,0,0,0,0,0,0,0,0,0,0,0,0,0,0,0,0,0,0,0,0,0,4,0,0,0,0,0,0,0,0,0,0,0,0,0,0,0,0,0,0,0,0,0,0,0,0,0,0,0,0,0,0,0,0,0,0,0,0,0,0,0,0,0,0,0,0,0,0,0,0,0,0,0,0,0,0,0,0,0,0,0,0,0,0,0,0,0,0,0,0,0,0,0,0,0,0,0,0,0,0,0,0,0,0,0,0,0,0,0,0,0,0,10,0,0,0,0,0,0,7,12
SAL20169,50,0,0,0,0,0,0,3,53,51,4,0,0,0,0,0,7,61,65,11,12,0,0,0,0,5,94,33,20,25,3,4,0,0,4,88,18,13,17,9,3,0,0,5,68,8,7,16,15,3,0,0,4,52,8,10,25,8,5,0,0,6,64,11,12,30,19,3,0,0,10,74,5,13,36,21,5,0,0,3,83,4,14,35,21,8,3,0,3,88,3,4,27,23,4,0,0,0,73,5,9,24,16,8,0,0,0,61,0,0,20,7,9,3,0,3,45,4,6,9,8,0,0,0,4,31,0,0,6,5,4,4,0,0,23,268,126,269,149,65,14,5,61,962
SAL20170,0,0,0,0,0,0,0,0,0,0,0,0,0,0,0,0,0,0,0,0,0,0,0,0,0,0,0,0,0,0,0,0,0,0,0,0,0,0,0,0,0,0,0,0,0,0,0,0,0,0,0,0,0,4,0,0,0,0,0,0,0,0,0,0,0,0,0,0,0,0,0,0,0,0,0,0,0,0,0,0,0,0,0,0,0,0,0,0,0,0,0,0,0,0,0,0,0,0,0,0,0,0,0,0,0,0,0,0,0,0,0,0,0,0,0,0,0,0,0,0,0,0,0,0,0,0,0,0,0,0,0,0,0,0,0,5,0,6,0,0,0,0,3,12
SAL20171,19,0,0,0,0,0,0,0,21,18,0,0,0,0,0,0,0,18,0,0,5,0,0,0,0,0,8,8,0,0,4,0,0,0,0,11,0,0,10,0,0,0,0,0,17,0,0,0,5,0,0,0,0,19,0,0,8,4,0,0,0,0,15,0,0,4,9,3,0,0,0,12,0,0,6,5,0,4,0,0,18,4,0,6,0,5,0,0,0,18,0,0,8,0,0,0,0,0,12,0,0,4,0,4,0,0,0,15,0,0,0,0,4,5,0,4,11,0,0,0,0,0,0,0,0,3,0,0,0,0,0,0,0,0,0,53,10,53,28,11,5,0,10,185
SAL20172,0,0,0,0,0,0,0,0,0,0,0,0,0,0,0,0,0,0,0,0,0,0,0,0,0,0,0,0,0,0,0,0,0,0,0,3,0,0,0,0,0,0,0,0,5,4,0,0,0,0,0,0,0,4,0,0,0,0,0,0,0,0,4,0,0,0,0,0,0,0,0,4,0,0,0,0,0,0,0,3,8,0,0,0,0,0,0,0,0,8,0,0,0,0,0,0,0,0,5,0,0,4,0,0,0,0,0,4,0,0,0,0,0,0,0,0,0,0,0,0,0,0,0,0,0,0,0,0,0,4,0,0,0,0,4,12,0,8,7,5,0,3,6,41
SAL20173,233,0,0,0,0,0,0,22,255,312,16,5,0,0,0,0,30,360,362,50,23,3,3,0,0,35,471,282,134,88,23,4,0,0,23,552,150,144,168,42,8,6,0,34,547,78,81,162,52,13,3,0,15,413,69,64,145,45,23,6,0,9,369,74,70,142,66,17,11,6,9,390,51,61,118,56,29,4,0,17,336,43,60,126,76,12,6,3,12,334,18,42,108,71,31,6,0,13,296,18,39,122,80,22,10,11,15,312,24,21,72,49,27,12,0,13,219,5,13,57,45,30,7,4,18,176,18,20,38,44,17,14,11,58,218,1736,817,1362,659,238,81,42,323,5263
SAL20174,182,0,0,0,0,0,0,14,199,202,5,6,0,0,0,0,11,230,239,30,13,0,0,0,0,22,310,165,96,69,29,4,0,0,20,379,112,94,165,45,11,3,0,15,446,48,71,120,30,11,3,0,12,304,57,49,105,48,5,5,0,14,287,56,44,109,50,16,3,0,12,279,39,36,95,63,22,4,3,12,273,30,42,108,73,29,0,0,7,287,36,29,98,45,16,3,4,5,232,23,26,69,41,22,9,3,14,199,8,8,54,33,18,0,8,9,128,7,6,24,21,12,3,0,14,95,6,14,33,32,18,13,9,62,185,1200,552,1058,519,187,53,34,235,3829
SAL20175,254,0,0,0,0,0,0,10,267,229,3,0,0,0,0,0,8,244,125,18,15,0,0,0,0,9,165,68,47,54,11,0,0,0,10,192,31,40,97,37,11,0,3,4,229,15,40,130,64,10,0,0,11,269,20,23,151,77,14,3,0,8,304,21,36,150,84,15,3,4,7,325,26,26,102,76,27,0,0,0,265,13,24,78,47,20,5,3,12,204,12,15,61,39,15,5,0,8,155,8,12,55,41,10,0,0,8,137,0,4,23,32,18,4,0,8,94,6,5,24,16,5,0,3,5,64,0,0,8,8,3,5,0,4,40,838,294,948,542,155,34,25,114,2940
SAL20176,102,0,0,0,0,0,0,9,113,55,0,0,0,0,0,0,6,63,36,8,3,0,0,0,0,0,55,15,14,14,5,0,0,0,0,49,8,10,43,19,3,0,0,7,94,5,14,52,24,5,0,0,4,101,11,8,56,34,3,0,0,7,121,6,6,51,31,5,0,0,9,117,12,10,40,35,3,5,0,8,119,8,11,35,28,13,0,5,4,112,12,8,33,15,8,0,0,3,70,3,3,26,21,7,0,3,9,69,4,0,18,8,5,0,0,8,53,0,0,7,4,0,0,0,0,19,0,0,3,3,9,0,0,5,26,279,95,393,236,60,14,11,87,1177
SAL20177,0,0,0,0,0,0,0,0,0,0,0,0,0,0,0,0,0,0,0,0,0,0,0,0,0,0,3,3,0,0,0,0,0,0,0,4,0,0,0,0,0,0,0,0,0,0,0,3,0,0,0,0,0,8,0,0,0,0,0,0,0,0,7,0,0,3,0,0,0,0,0,4,0,0,0,5,0,0,0,0,9,0,4,6,4,5,0,0,0,18,0,0,9,4,3,3,0,0,15,6,0,0,0,0,0,0,0,10,0,0,0,0,0,0,0,0,3,0,0,0,0,0,0,0,0,7,0,0,0,0,0,0,0,0,7,13,8,23,16,11,3,0,7,83
SAL20178,4,0,0,0,0,0,0,0,4,0,0,0,0,0,0,0,0,0,0,0,0,0,0,0,0,0,0,0,0,0,0,0,0,0,0,5,0,0,0,0,0,0,0,0,5,0,0,0,0,0,0,0,0,5,0,0,3,0,0,0,0,0,3,4,0,3,0,0,0,0,0,8,4,5,0,5,0,0,0,0,12,0,0,0,0,0,0,0,0,5,0,0,0,4,0,0,0,0,8,0,0,7,6,0,0,0,0,13,0,0,0,4,0,0,0,0,9,0,0,0,0,0,0,0,0,0,0,0,0,0,0,0,0,0,0,18,10,16,16,6,6,3,5,72
SAL20179,4,0,0,0,0,0,0,0,4,3,0,0,0,0,0,0,0,3,0,0,0,0,0,0,0,0,0,0,0,0,0,0,0,0,0,0,0,0,0,0,0,0,0,0,0,0,0,0,0,0,0,0,0,4,0,0,0,0,0,0,0,0,0,0,0,0,4,0,0,0,0,4,0,0,0,0,0,0,0,0,0,0,0,0,0,0,0,0,0,4,0,0,0,0,0,0,0,0,0,0,0,0,0,0,0,0,0,4,0,0,0,5,0,0,0,0,5,0,0,0,0,0,0,0,0,0,0,0,0,0,0,0,0,0,0,4,0,3,11,3,0,0,3,19
SAL20180,0,0,0,0,0,0,0,0,0,0,0,0,0,0,0,0,0,0,0,0,0,0,0,0,0,0,0,0,0,3,0,0,0,0,0,3,0,0,0,0,0,0,0,0,0,0,0,0,5,0,0,0,0,5,0,0,0,0,0,0,0,0,0,0,0,0,0,0,0,0,0,5,0,0,0,0,0,0,0,0,0,0,0,0,0,0,0,0,0,0,0,0,0,0,0,0,0,0,0,0,0,0,0,0,0,0,0,0,0,0,0,0,0,0,0,0,0,0,0,0,0,0,0,0,0,0,0,0,0,0,0,0,0,0,0,4,0,3,3,0,0,0,0,13
SAL20181,40,0,0,0,0,0,0,4,51,23,4,7,0,0,0,0,6,33,15,7,0,3,0,0,0,0,32,10,5,15,0,4,0,0,4,44,9,3,22,5,0,0,0,6,45,12,6,9,9,0,4,0,3,38,8,3,6,15,3,4,0,5,41,5,10,24,16,11,0,0,4,73,13,5,16,14,0,5,0,0,49,10,9,23,13,4,0,0,3,66,14,9,22,19,10,0,0,3,78,5,3,25,16,14,0,0,3,73,5,0,14,7,0,3,0,6,50,0,0,6,11,5,0,0,9,30,3,3,4,4,3,3,0,8,36,161,67,202,139,63,23,14,63,737
SAL20182,490,0,0,0,0,0,0,27,517,330,4,0,0,0,0,0,10,341,182,3,0,0,0,0,0,12,208,82,48,38,11,0,0,0,10,191,57,43,138,40,3,0,0,7,294,49,50,224,88,12,0,0,9,436,55,53,302,134,16,0,0,12,581,70,68,338,153,22,3,5,11,681,55,73,254,113,22,4,0,17,540,56,58,231,113,22,6,5,6,498,61,61,197,97,23,7,5,17,458,56,38,187,97,34,7,0,14,441,24,35,138,88,19,6,0,17,324,18,10,75,65,28,7,0,13,210,11,14,70,79,45,5,16,11,260,1612,560,2196,1085,253,43,37,203,5982
SAL20183,0,0,0,0,0,0,0,0,0,0,0,0,0,0,0,0,0,0,0,0,0,0,0,0,0,0,0,0,0,0,0,0,0,0,0,0,0,0,0,0,0,0,0,0,0,0,0,0,0,0,0,0,0,0,0,0,0,0,0,0,0,0,0,0,0,0,0,0,0,0,0,0,0,0,0,4,0,0,0,0,4,0,0,0,0,0,0,0,0,0,0,0,0,0,0,0,0,0,0,0,0,0,0,0,0,0,0,0,0,0,0,0,0,0,0,0,0,0,0,0,0,0,0,0,0,0,0,0,0,0,0,0,0,0,0,0,0,0,3,3,0,0,0,12
SAL20184,3,0,0,0,0,0,0,0,3,0,0,0,0,0,0,0,0,0,3,0,0,0,0,0,0,0,14,0,3,3,0,0,0,0,0,10,0,0,9,0,0,0,0,0,11,3,0,3,0,4,0,0,0,10,0,0,0,0,0,0,0,0,7,4,3,4,6,3,3,0,0,18,0,0,3,4,0,0,0,3,20,0,0,3,0,0,0,0,4,8,4,0,5,3,0,0,0,4,17,3,0,4,6,0,4,0,0,19,0,0,3,0,0,0,4,0,3,0,0,0,0,0,0,0,0,0,0,0,0,0,0,0,5,0,3,27,15,44,24,17,11,6,14,157
SAL20185,0,0,0,0,0,0,0,0,0,0,0,0,0,0,0,0,0,0,0,0,0,0,0,0,0,0,0,0,0,0,0,0,0,0,0,5,0,0,0,0,0,0,0,0,3,6,0,0,0,0,0,0,0,5,0,0,0,0,0,0,0,0,5,0,0,0,0,0,0,0,0,5,4,0,0,0,0,0,0,0,8,0,0,4,0,0,0,0,3,6,0,0,0,0,0,0,0,0,3,0,0,0,3,0,0,0,0,0,0,0,0,0,0,0,0,0,0,0,0,0,0,0,0,0,0,0,0,0,0,0,0,0,0,0,0,11,4,10,8,7,0,0,14,48
SAL20186,93,0,0,0,0,0,0,17,114,42,0,0,0,0,0,0,6,48,46,6,7,0,0,0,0,3,69,33,14,18,9,5,0,0,3,78,32,20,50,23,6,0,0,9,146,21,15,54,20,3,0,0,9,131,25,26,65,32,10,0,0,9,170,23,16,56,35,7,0,0,13,151,39,15,58,24,10,7,0,8,165,31,20,62,35,14,0,0,5,165,32,23,69,35,11,9,3,6,190,25,24,45,38,19,5,4,6,163,21,8,28,25,8,0,4,8,113,9,4,16,16,8,4,3,4,65,12,9,10,15,16,7,5,5,82,490,203,539,309,115,47,28,117,1848
SAL20187,0,0,0,0,0,0,0,0,0,0,0,0,0,0,0,0,0,0,4,0,0,0,0,0,0,0,4,0,0,0,0,0,0,0,0,0,0,0,0,0,0,0,0,0,0,0,0,0,0,0,0,0,0,0,0,0,0,0,0,0,0,0,0,0,0,0,0,0,0,0,0,0,0,0,0,0,0,0,0,0,0,0,0,0,0,0,0,0,0,0,0,0,0,0,0,0,0,0,0,0,0,0,0,0,0,0,0,0,0,0,0,0,0,0,0,0,0,0,0,0,0,0,0,0,0,0,0,0,0,0,0,0,0,0,0,6,0,0,0,0,0,0,0,6
SAL20188,96,0,0,0,0,0,0,11,106,78,0,0,0,0,0,0,4,86,78,7,6,0,0,0,0,8,95,74,37,30,8,0,0,0,10,156,45,33,61,15,3,0,0,5,167,31,35,66,20,5,0,0,3,164,25,24,61,26,9,0,0,8,154,27,23,53,26,6,0,0,3,133,21,14,42,39,21,0,0,0,139,15,14,39,19,10,0,0,3,104,10,9,32,26,7,6,0,0,100,11,4,20,20,8,5,5,8,83,3,10,19,9,4,0,0,0,42,0,3,6,6,3,0,3,0,18,3,0,0,0,0,3,0,0,15,517,219,443,211,79,16,10,66,1559
SAL20189,47,0,0,0,0,0,0,0,47,40,0,0,0,0,0,0,4,42,25,3,0,0,0,0,0,0,29,18,0,5,0,0,0,0,0,29,12,8,21,11,0,0,0,6,58,9,13,22,10,4,0,0,0,57,8,9,23,13,6,0,0,3,51,12,0,14,16,5,0,0,0,51,5,9,29,11,9,0,0,0,61,4,0,22,11,3,0,0,0,44,8,3,12,10,4,3,0,0,34,0,7,23,6,5,0,0,0,40,0,0,9,0,0,0,0,0,11,0,0,3,0,0,0,6,0,10,3,0,0,0,0,0,3,0,3,177,54,181,88,33,8,4,21,568
SAL20190,58,0,0,0,0,0,0,5,59,52,0,0,0,0,0,0,0,54,25,0,3,0,0,0,0,3,34,14,11,12,3,0,0,0,0,32,7,9,22,8,3,0,0,0,53,3,4,20,21,0,0,0,5,59,0,13,23,16,3,0,0,0,49,7,3,23,25,8,0,0,0,70,5,5,24,15,4,0,0,0,60,0,0,29,21,3,3,0,0,69,5,5,21,14,12,0,3,0,63,6,0,26,6,0,0,0,0,39,4,3,6,12,0,0,0,5,29,5,0,5,5,0,0,0,0,16,0,0,0,0,4,0,0,0,3,188,58,220,142,43,14,5,26,696
SAL20191,124,0,0,0,0,0,0,6,135,145,8,4,0,0,0,0,14,167,159,35,16,4,0,0,0,9,225,84,42,46,10,3,0,0,12,204,42,31,50,30,11,7,0,12,185,33,23,41,18,15,0,3,11,138,24,29,75,26,9,0,3,11,189,22,18,53,31,16,5,0,7,154,19,23,59,42,10,3,5,4,160,18,20,54,41,15,0,7,6,164,16,9,78,44,10,3,0,9,177,13,12,90,42,17,3,0,10,196,3,5,54,40,15,11,3,10,143,12,6,38,44,18,3,8,15,137,7,4,21,39,7,7,9,10,98,727,268,689,406,142,45,41,160,2470
SAL20192,102,0,0,0,0,0,0,14,124,133,4,0,0,0,0,0,16,156,123,27,14,7,0,0,0,0,179,60,55,31,13,12,0,0,8,181,41,26,55,24,9,5,0,15,161,31,22,60,21,7,3,0,8,153,24,20,54,22,11,3,3,15,150,22,20,58,28,17,8,3,8,158,15,19,60,23,14,0,0,8,136,18,16,63,50,13,3,0,0,168,8,11,58,29,16,8,0,10,145,18,13,75,53,15,7,0,9,197,13,9,62,33,19,0,8,13,148,0,7,39,15,8,3,3,5,86,3,6,19,24,7,4,7,12,84,599,252,649,352,148,44,30,140,2217
SAL20193,3,0,0,0,0,0,0,0,3,11,0,0,0,0,0,0,0,11,0,0,0,0,0,0,0,0,4,0,0,0,0,0,0,0,0,0,0,0,0,3,0,0,0,0,5,0,0,0,0,0,0,0,0,3,0,0,3,0,0,0,0,0,4,0,0,0,0,0,0,0,0,12,0,4,3,6,0,0,0,0,12,0,0,0,0,0,0,0,0,9,0,0,5,3,0,0,0,0,14,0,0,3,0,0,0,0,0,4,0,0,6,3,0,0,0,0,10,0,0,0,3,0,0,0,0,5,0,0,0,0,0,0,0,0,4,17,4,19,18,5,0,0,7,81
SAL20194,0,0,0,0,0,0,0,0,0,0,0,0,0,0,0,0,0,0,0,0,0,0,0,0,0,0,0,0,0,0,0,0,0,0,0,0,0,0,0,0,0,0,0,0,0,0,0,0,0,0,0,0,0,0,0,0,0,0,0,0,0,0,0,0,0,0,0,0,0,0,0,0,0,0,0,0,0,0,0,0,0,0,0,0,0,0,0,0,0,0,0,0,0,0,0,0,0,0,0,0,0,0,0,0,0,0,0,0,0,0,0,0,0,0,0,0,0,0,0,0,0,0,0,0,0,0,0,0,0,0,0,0,0,0,0,0,0,0,0,0,0,0,0,4
SAL20195,25,0,0,0,0,0,0,0,36,7,0,0,0,0,0,0,0,10,7,0,0,0,0,0,0,3,11,10,4,4,3,0,0,0,3,21,6,4,11,16,0,0,0,9,46,5,4,14,5,0,0,0,0,30,9,3,15,4,0,0,0,7,35,9,0,5,13,4,0,0,0,34,0,4,17,13,7,0,0,0,41,3,3,15,20,6,0,0,7,48,5,3,16,5,0,0,0,7,47,3,0,16,11,8,3,0,3,51,7,4,12,26,5,8,0,6,62,0,4,17,20,5,3,6,13,55,3,0,3,9,9,0,5,23,52,105,35,152,143,34,10,9,76,575
SAL20196,10,0,0,0,0,0,0,0,9,9,0,0,0,0,0,0,0,8,0,0,0,0,0,0,0,0,3,0,3,6,0,0,0,0,0,8,3,5,7,7,0,0,0,0,14,5,0,4,0,0,0,0,0,14,0,0,3,4,0,0,0,0,5,0,0,5,0,0,0,0,0,11,0,0,9,4,4,0,0,0,15,4,0,3,4,3,3,0,0,17,5,0,9,3,0,0,0,0,18,0,0,3,9,0,0,0,0,17,0,0,7,6,0,0,0,0,13,0,0,0,0,0,0,0,0,0,0,0,0,0,0,0,0,0,0,37,15,53,33,9,3,0,11,164
SAL20197,0,0,0,0,0,0,0,0,0,0,0,0,0,0,0,0,0,0,5,0,0,0,0,0,0,0,5,0,0,0,0,0,0,0,0,3,0,0,0,0,0,0,0,0,0,0,0,0,0,0,0,0,0,0,0,0,0,0,0,0,0,0,5,0,0,0,0,0,0,0,0,0,0,0,0,0,0,0,0,0,0,0,0,5,0,0,0,0,0,6,0,0,0,0,0,0,0,0,3,0,0,0,0,0,0,0,0,0,0,0,0,0,0,0,0,0,0,0,0,0,0,0,0,0,0,0,0,0,0,0,0,0,0,0,0,3,3,10,0,4,0,0,6,26
SAL20198,48,0,0,0,0,0,0,0,50,48,4,0,0,0,0,0,3,52,72,14,0,0,0,0,0,4,91,49,17,10,7,0,0,0,0,83,20,31,25,7,0,4,0,9,97,19,13,17,9,0,0,0,7,67,8,5,26,10,0,3,0,0,54,19,5,18,11,5,0,0,7,72,9,10,21,10,5,0,0,3,57,9,4,17,12,4,6,3,5,51,5,8,10,20,6,0,3,6,47,4,12,11,7,3,4,5,0,38,0,0,0,9,0,4,4,0,15,0,0,8,4,0,0,4,0,17,0,0,3,6,0,5,3,0,22,298,129,158,106,30,17,25,53,820
SAL20199,0,0,0,0,0,0,0,0,0,0,0,0,0,0,0,0,0,0,0,0,0,0,0,0,0,0,0,0,0,0,0,0,0,0,0,0,0,0,0,0,0,0,0,0,0,0,0,0,0,0,0,0,0,0,0,0,0,0,0,0,0,0,0,0,0,0,0,0,0,0,0,0,0,0,0,0,0,0,0,0,0,0,0,0,0,0,0,0,0,0,0,0,0,0,0,0,0,0,0,0,0,0,0,0,0,0,0,0,0,0,0,0,0,0,0,0,0,0,0,0,0,0,0,0,0,0,0,0,0,0,0,0,0,0,0,0,0,0,0,0,0,0,0,0
SAL20200,3,0,0,0,0,0,0,0,3,0,0,0,0,0,0,0,0,0,0,0,0,0,0,0,0,0,4,0,0,0,0,0,0,0,0,3,0,0,0,0,0,0,0,0,0,0,0,0,5,0,0,0,0,5,0,0,3,0,4,0,0,0,9,4,0,0,0,0,0,0,0,9,0,0,4,0,0,0,0,0,6,0,0,0,0,0,0,0,0,4,0,0,3,0,0,0,0,0,5,3,0,0,3,0,0,0,0,7,3,0,0,0,0,0,0,0,0,0,0,0,0,0,0,0,0,0,0,0,0,0,0,0,0,0,0,21,4,19,8,0,0,0,5,65
SAL20201,304,0,0,0,0,0,0,23,328,437,19,3,0,0,0,0,32,490,515,74,32,10,0,0,0,36,665,313,165,108,22,7,0,0,19,641,151,97,208,74,19,4,0,29,580,90,72,149,79,28,5,9,18,448,78,54,184,83,32,0,4,23,461,78,55,177,67,18,9,4,15,422,72,44,139,77,38,8,7,29,415,51,40,138,94,33,4,8,15,385,55,47,131,105,36,0,6,11,398,52,34,161,83,41,5,4,26,396,32,23,89,94,40,5,10,23,309,19,16,46,59,33,20,15,20,226,27,23,77,73,51,30,15,37,330,2274,755,1659,924,365,95,69,357,6508
SAL20202,0,0,0,0,0,0,0,0,0,0,0,0,0,0,0,0,0,0,0,0,0,0,0,0,0,0,0,0,0,0,0,0,0,0,0,0,0,0,0,0,0,0,0,0,0,0,0,0,0,0,0,0,0,0,0,0,0,0,0,0,0,0,0,0,0,0,0,0,0,0,0,0,0,0,0,0,0,0,0,0,4,0,0,0,0,0,0,0,0,6,0,0,0,6,0,0,0,0,8,0,0,0,0,0,0,0,0,0,0,0,0,0,0,0,0,0,4,0,0,0,3,0,0,0,4,4,0,0,0,0,0,0,0,0,3,5,7,7,8,0,0,0,3,30
SAL20203,5,0,0,0,0,0,0,0,5,0,0,0,0,0,0,0,0,7,8,0,0,0,0,0,0,0,8,11,0,3,0,0,0,0,0,15,0,0,3,0,0,0,0,0,3,0,0,5,0,0,0,0,0,7,0,0,4,0,0,0,0,0,5,4,0,5,3,4,0,0,0,15,0,0,6,8,0,0,0,0,16,0,3,3,7,0,0,0,0,19,0,0,4,3,0,0,0,0,7,0,0,7,3,0,0,0,0,11,0,0,0,0,4,0,0,0,7,0,0,0,0,0,0,0,0,0,0,0,0,0,6,0,0,0,4,28,9,37,33,11,7,0,9,123
SAL20204,220,3,0,0,0,0,0,32,251,183,7,8,3,0,0,0,29,235,141,36,55,14,0,0,0,26,277,103,50,63,28,9,0,0,25,281,50,33,93,50,11,7,3,29,275,46,34,73,53,10,6,0,15,246,52,30,82,52,22,9,3,29,285,55,54,122,78,30,13,5,29,380,60,36,131,86,44,10,9,32,406,68,47,143,114,47,10,7,27,449,39,51,142,102,41,19,8,23,424,48,44,165,113,47,11,11,39,466,30,19,99,79,40,25,7,41,342,19,7,60,63,48,27,11,49,280,19,15,56,73,42,26,32,68,327,1132,462,1284,894,381,158,106,499,4916
SAL20205,0,0,0,0,0,0,0,0,0,0,0,0,0,0,0,0,0,0,0,0,0,0,0,0,0,0,3,0,0,0,0,0,0,0,0,0,3,0,0,0,0,0,0,0,8,0,0,0,0,0,0,0,0,4,0,0,0,0,0,0,0,4,5,0,0,0,0,0,0,0,0,0,3,0,0,0,0,0,0,0,9,0,0,4,0,0,0,0,0,5,0,0,0,0,0,0,0,5,6,0,0,0,0,0,0,0,0,9,0,0,0,0,0,0,0,0,3,0,0,0,0,0,0,0,0,4,0,0,0,0,0,0,0,0,0,16,0,19,12,6,3,0,20,69
SAL20206,6,0,0,0,0,0,0,0,6,0,0,0,0,0,0,0,0,0,4,0,0,0,0,0,0,0,4,0,0,0,0,0,0,0,0,0,0,0,0,0,0,0,0,0,3,0,0,0,0,0,0,0,0,0,0,0,0,0,0,0,0,0,0,0,0,0,3,0,0,0,3,3,0,0,6,0,0,0,0,0,6,0,0,0,3,0,0,0,0,3,0,0,0,0,0,0,0,0,0,0,0,0,0,0,0,0,0,0,0,0,0,0,0,0,0,0,4,0,0,0,0,0,0,0,0,0,0,0,0,0,0,0,0,0,0,10,0,9,9,0,0,0,4,32
SAL20207,4,0,0,0,0,0,0,0,4,7,0,0,0,0,0,0,0,7,0,0,0,0,0,0,0,0,9,3,0,0,0,0,0,0,0,9,0,0,4,0,0,0,0,0,0,0,0,8,0,0,0,0,0,11,4,4,0,0,0,0,0,0,15,0,5,4,0,4,0,0,0,9,0,4,0,0,0,0,0,0,12,0,0,3,0,0,0,0,0,11,4,0,5,8,0,0,0,0,16,3,3,3,0,0,0,0,0,17,0,0,0,0,0,0,0,0,0,0,0,0,0,0,0,0,0,3,0,0,0,0,0,0,0,0,0,33,10,38,11,3,0,0,3,108
SAL20208,142,0,0,0,0,0,0,10,154,180,13,0,0,0,0,0,19,210,183,25,8,7,3,0,0,11,236,119,37,37,12,0,0,4,8,212,48,30,46,18,4,0,0,12,162,35,16,47,17,3,3,0,14,140,47,23,66,31,18,0,4,14,204,34,31,63,37,18,4,0,8,192,37,34,71,47,13,0,0,17,228,26,26,60,53,13,3,3,14,205,21,23,62,37,24,7,0,14,187,24,19,55,48,14,4,0,11,168,16,6,25,26,14,0,8,7,100,7,0,11,15,6,4,0,14,59,3,3,9,15,12,5,6,28,87,915,285,562,363,149,33,31,186,2532
SAL20209,5,0,0,0,0,0,0,0,0,0,0,0,0,0,0,0,0,0,0,0,0,0,0,0,0,0,0,0,0,0,0,0,0,0,0,0,0,0,0,0,0,0,0,0,0,0,0,4,0,0,0,0,0,4,0,0,0,0,0,0,0,0,0,0,0,0,0,0,0,0,0,0,0,0,0,0,0,0,0,0,4,0,0,5,0,0,0,0,0,7,0,3,0,0,0,0,0,0,8,0,0,5,0,0,0,0,0,10,0,0,0,0,0,0,0,0,3,0,0,0,0,0,0,0,0,0,0,0,0,0,0,0,0,0,0,5,4,13,13,3,4,0,5,47
SAL20210,6,0,0,0,0,0,0,0,6,0,0,0,0,0,0,0,0,0,0,0,0,0,0,0,0,0,0,0,0,0,0,0,0,0,0,4,0,0,0,0,0,0,0,0,3,0,0,0,0,0,0,0,0,0,0,0,5,0,0,0,0,0,5,0,0,0,0,0,0,0,0,0,0,0,3,4,0,0,0,0,6,0,0,0,0,0,0,0,0,0,0,0,0,0,3,0,0,0,3,0,0,0,0,0,0,0,0,0,0,0,0,0,0,0,0,0,0,0,0,0,0,0,0,0,0,0,0,0,0,0,0,0,0,0,0,6,0,15,9,6,0,0,4,36
SAL20211,5,0,0,0,0,0,0,0,5,0,0,0,0,0,0,0,0,0,0,0,0,0,0,0,0,0,0,0,0,0,0,0,0,0,0,0,0,0,0,0,0,0,0,0,0,0,0,0,0,0,0,0,0,3,0,0,3,0,0,0,0,0,3,0,0,0,0,0,0,0,0,0,0,0,6,0,0,0,0,0,6,0,0,0,0,0,0,0,0,0,0,0,0,0,0,0,0,0,0,0,0,0,0,0,0,0,0,0,0,0,0,0,0,0,0,0,0,0,0,0,0,0,0,0,0,0,0,0,0,0,0,0,0,0,0,0,0,9,3,0,0,0,0,19
SAL20212,6,0,0,0,0,0,0,0,6,7,0,0,0,0,0,0,0,7,0,0,0,0,0,0,0,0,5,0,0,0,0,0,0,0,0,3,0,0,3,0,0,0,0,0,5,0,0,0,0,0,0,0,4,5,0,0,0,0,0,0,0,0,0,0,0,0,6,0,0,0,0,3,0,0,3,0,0,0,0,0,3,0,0,4,0,0,0,0,0,7,0,0,3,0,0,0,0,0,0,0,0,0,0,0,0,0,0,0,0,0,0,0,0,0,0,0,0,0,0,0,0,0,0,0,0,0,0,0,0,0,0,0,0,0,0,20,5,13,5,3,0,0,5,53
SAL20213,0,0,0,0,0,0,0,0,0,0,0,0,0,0,0,0,0,0,0,0,0,0,0,0,0,0,3,0,0,0,0,0,0,0,0,0,0,0,0,0,0,0,0,0,0,0,0,0,0,0,0,0,0,4,0,0,0,0,0,0,0,0,0,0,0,0,6,0,0,0,0,3,0,0,0,0,0,0,0,0,0,0,0,0,0,0,0,0,0,0,0,0,3,0,0,0,0,0,0,0,0,3,0,0,0,0,0,5,0,0,0,0,0,0,0,0,0,0,0,0,0,0,0,0,0,0,0,0,0,0,0,0,0,0,0,4,0,3,4,3,0,0,5,14
SAL20214,493,0,0,0,0,0,0,39,532,474,8,0,0,0,0,0,27,511,473,29,11,0,0,0,0,30,540,371,125,70,17,0,0,0,28,613,188,183,255,47,3,0,0,30,701,121,139,310,92,10,0,0,18,695,122,128,331,121,19,4,0,23,752,96,112,325,131,21,3,0,27,725,99,97,266,85,23,3,0,18,597,70,92,207,101,27,3,0,12,520,68,80,147,76,29,0,0,20,428,56,43,159,62,19,0,0,21,358,32,23,103,63,16,5,0,16,264,21,22,72,54,17,8,7,12,205,29,24,72,57,22,14,8,27,248,2714,1095,2332,911,212,45,26,342,7680
SAL20215,867,0,0,0,0,0,0,66,930,678,8,0,0,0,0,0,54,745,570,50,19,0,0,0,0,32,666,419,247,143,26,3,0,0,31,869,232,286,557,96,19,0,5,33,1230,156,222,617,205,30,5,0,33,1269,150,208,620,215,29,10,3,40,1277,169,203,545,186,32,7,5,28,1159,138,165,380,138,35,10,3,31,904,136,135,333,158,31,7,0,19,816,109,101,265,124,45,11,4,28,686,56,98,259,109,35,9,3,34,596,27,52,193,103,40,9,4,29,455,28,17,134,97,44,9,14,17,361,30,50,136,130,65,28,27,34,509,3753,1844,4195,1580,404,102,70,505,12461
SAL20216,0,0,0,0,0,0,0,0,0,0,0,0,0,0,0,0,0,0,0,0,0,0,0,0,0,0,0,0,0,0,0,0,0,0,0,0,0,0,0,0,0,0,0,0,0,0,0,0,0,0,0,0,0,0,0,0,0,0,0,0,0,0,0,0,0,0,0,0,0,0,0,0,0,0,0,0,0,0,0,0,0,0,0,0,0,0,0,0,0,0,0,0,0,0,0,0,0,0,0,0,0,0,0,0,0,0,0,0,0,0,0,0,0,0,0,0,0,0,0,0,0,0,0,0,0,0,0,0,0,0,0,0,0,0,0,0,0,0,0,0,0,0,0,0
SAL20217,4,0,0,0,0,0,0,0,4,3,0,0,0,0,0,0,0,4,6,0,0,0,0,0,0,0,5,0,0,0,0,0,0,0,0,6,0,0,0,0,0,0,0,0,4,0,0,0,0,0,0,0,0,3,0,0,4,3,0,0,0,0,3,5,0,4,4,0,0,0,0,18,6,0,6,0,0,0,0,0,6,0,0,6,0,6,0,0,0,8,4,0,0,0,0,0,0,0,0,0,0,0,0,0,0,0,0,4,0,0,0,0,0,0,0,0,0,0,0,0,0,0,0,0,0,4,0,0,0,0,0,0,0,0,0,19,14,19,12,0,0,0,5,66
SAL20218,4,0,0,0,0,0,0,0,4,0,0,0,0,0,0,0,0,0,0,0,0,0,0,0,0,0,0,0,0,0,0,0,0,0,0,0,0,0,0,0,0,0,0,0,0,0,0,0,0,0,0,0,0,0,0,0,0,0,0,0,0,0,3,0,0,0,0,0,0,0,0,4,0,0,0,0,0,0,0,0,3,0,0,0,0,0,0,0,0,5,0,0,5,0,0,0,0,0,0,0,0,0,0,0,0,0,0,0,0,0,0,0,0,0,0,0,0,0,0,0,0,0,0,0,0,0,0,0,0,0,0,0,0,0,0,6,0,4,4,0,0,0,3,20
SAL20219,4,0,0,0,0,0,0,0,6,3,0,0,0,0,0,0,0,6,0,0,4,0,0,0,0,5,7,0,0,0,3,0,0,0,0,3,4,4,3,0,0,0,0,0,11,0,0,0,0,0,0,0,0,3,0,0,0,6,0,0,0,6,7,0,0,0,0,0,0,0,0,7,0,0,0,3,0,0,0,0,4,0,0,4,0,0,0,0,0,9,5,0,3,0,0,0,0,0,6,0,0,0,0,0,0,0,0,9,3,0,0,0,0,0,0,0,4,0,0,0,0,0,0,0,0,4,0,0,0,0,0,0,0,0,0,26,8,16,11,8,4,0,14,82
SAL20220,0,0,0,0,0,0,0,0,0,0,0,0,0,0,0,0,0,0,0,0,0,0,0,0,0,0,0,0,0,0,0,0,0,0,0,0,0,0,0,0,0,0,0,0,0,0,0,0,0,0,0,0,0,0,0,0,0,0,0,0,0,0,0,0,0,0,0,0,0,0,0,0,0,0,0,0,0,0,0,0,4,0,0,0,6,0,0,0,0,8,0,0,0,0,0,0,0,0,0,0,0,0,0,0,0,0,0,0,0,0,0,0,0,0,0,0,0,0,0,0,0,0,0,0,0,0,0,0,0,0,0,0,0,0,0,5,0,4,8,0,0,0,4,15
SAL20221,7,0,0,0,0,0,0,0,7,3,0,0,0,0,0,0,0,5,5,0,0,0,0,0,0,0,0,0,0,0,0,0,0,0,0,4,0,0,5,4,0,0,0,0,6,0,0,0,4,0,0,0,0,4,0,0,6,0,0,0,0,0,5,0,0,4,4,0,0,0,0,8,0,0,3,3,0,5,0,0,8,0,0,0,0,0,0,0,0,4,0,0,0,0,0,0,0,0,0,0,0,3,0,0,0,0,0,4,0,0,0,3,0,0,0,0,3,0,0,0,0,0,0,0,0,0,0,0,0,0,0,0,0,0,3,15,4,15,19,5,6,0,8,68
SAL20222,0,0,0,0,0,0,0,0,0,3,0,0,0,0,0,0,0,3,0,0,0,0,0,0,0,0,0,0,0,0,0,0,0,0,0,0,0,0,0,0,0,0,0,0,0,0,0,0,0,0,0,0,0,0,0,0,0,0,0,0,0,0,0,0,0,0,0,0,0,0,0,0,0,0,0,0,0,0,0,0,0,0,0,0,0,0,0,0,0,0,0,0,0,0,0,0,0,0,0,0,0,0,0,0,0,0,0,0,0,0,0,0,0,0,0,0,0,0,0,0,0,0,0,0,0,0,0,0,0,0,0,0,0,0,0,4,3,4,0,0,0,0,3,15
SAL20223,9,0,0,0,0,0,0,0,9,0,0,0,0,0,0,0,0,0,0,0,0,0,0,0,0,0,3,0,0,0,0,0,0,0,0,3,0,0,3,0,0,0,0,0,3,0,0,0,0,0,0,0,0,3,0,0,3,0,0,0,0,0,5,3,0,4,0,0,0,0,0,11,3,0,3,5,0,0,0,0,12,0,0,4,0,0,0,0,0,5,3,0,0,4,0,0,0,0,7,0,0,3,6,0,0,0,0,8,0,0,0,0,0,0,0,0,0,0,0,0,0,0,0,0,0,0,0,0,0,0,0,0,0,0,0,18,8,23,18,3,0,0,11,75
SAL20224,1641,3,0,0,0,0,0,96,1737,1286,51,18,4,0,0,0,109,1463,916,167,103,22,11,0,0,89,1303,522,412,386,112,24,4,4,75,1545,279,421,906,259,65,21,12,71,2027,213,336,912,343,111,20,10,60,2008,184,292,918,361,102,27,24,70,1978,157,250,823,400,127,30,17,60,1857,154,210,648,315,103,15,9,46,1506,110,160,530,306,91,18,14,37,1262,94,143,461,249,72,21,15,55,1106,58,79,400,230,78,35,15,48,940,41,63,293,199,84,29,17,52,785,31,37,160,174,90,23,19,58,586,51,44,133,141,98,50,32,66,621,5735,2672,6680,3114,1039,298,192,992,20721
SAL20225,5,0,0,0,0,0,0,0,5,0,0,0,0,0,0,0,0,0,0,0,0,0,0,0,0,0,4,0,0,0,0,0,0,0,0,5,0,0,0,0,0,0,0,0,0,0,0,0,0,0,0,0,0,0,0,0,0,0,4,0,0,0,4,0,0,0,0,0,0,0,0,0,0,0,0,0,0,0,0,0,5,0,0,0,0,3,0,0,0,3,0,0,4,0,4,0,0,0,9,0,0,4,0,0,0,0,0,9,0,0,0,0,0,0,0,0,0,0,0,0,0,0,0,0,0,0,0,0,0,0,0,0,0,0,0,4,3,9,5,14,0,0,3,37
SAL20226,3,0,0,0,0,0,0,0,3,0,0,0,0,0,0,0,0,3,0,0,0,0,0,0,0,0,0,0,0,5,0,0,0,0,0,8,0,0,0,0,0,0,0,0,5,0,0,0,0,0,0,0,0,0,0,0,0,0,0,0,0,0,5,0,0,0,0,0,0,0,0,4,0,0,4,0,0,0,0,0,7,0,0,3,0,0,0,0,0,0,0,0,0,5,0,0,0,0,7,0,0,4,0,0,0,0,0,6,0,0,0,0,0,0,0,0,0,0,0,0,0,0,0,0,0,0,0,0,0,0,0,0,0,0,0,9,0,14,13,4,3,0,9,51
SAL20227,0,0,0,0,0,0,0,0,0,0,0,0,0,0,0,0,0,0,0,0,0,0,0,0,0,0,0,0,0,0,0,0,0,0,0,5,0,0,0,0,0,0,0,0,0,0,0,6,0,0,0,0,0,6,0,0,0,0,0,0,0,0,0,0,0,0,3,0,0,0,0,6,0,0,0,0,0,0,0,0,5,0,0,0,0,0,0,0,0,0,0,0,0,0,0,0,0,0,0,0,0,0,0,0,0,0,0,0,0,0,0,0,0,0,0,0,6,0,0,0,0,0,0,0,0,0,0,0,0,0,0,0,0,0,4,5,0,6,6,6,0,0,3,30
SAL20228,0,0,0,0,0,0,0,0,0,0,0,0,0,0,0,0,0,0,0,0,0,0,0,0,0,0,0,0,0,0,0,0,0,0,0,0,0,0,0,0,0,0,0,0,0,0,0,0,0,0,0,0,0,0,0,0,0,0,0,0,0,0,0,0,0,0,0,0,0,0,0,0,0,0,0,0,0,0,0,0,0,0,0,0,0,0,0,0,0,0,0,0,0,0,0,0,0,0,0,0,0,0,0,0,0,0,0,0,0,0,0,0,0,0,0,0,0,0,0,0,0,0,0,0,0,0,0,0,0,0,0,0,0,0,0,0,0,0,0,0,0,0,0,4
SAL20229,12,0,0,0,0,0,0,0,10,5,0,0,0,0,0,0,0,5,4,0,3,0,0,0,0,0,9,3,4,0,0,0,0,0,0,11,6,4,3,0,5,0,0,0,18,0,3,7,9,4,0,0,0,18,0,0,3,4,0,0,0,0,16,5,7,12,7,0,0,0,0,28,5,4,12,5,0,0,0,0,36,0,0,9,3,0,0,0,0,15,6,0,0,4,0,0,0,0,17,0,0,5,5,3,0,0,0,13,0,0,0,6,4,0,0,0,9,0,0,0,0,0,0,0,0,0,0,0,0,0,0,0,0,0,4,51,27,62,45,14,3,8,8,205
SAL20230,4,0,0,0,0,0,0,0,4,0,0,0,0,0,0,0,0,0,0,0,0,0,0,0,0,0,0,0,0,0,0,0,0,0,0,4,0,0,4,0,0,0,0,0,4,0,0,0,0,0,0,0,0,0,0,0,0,0,0,0,0,0,3,0,0,0,0,0,0,0,0,0,0,0,0,0,0,0,0,0,4,0,0,0,0,0,0,0,0,3,0,0,0,0,0,0,0,0,3,0,0,0,0,0,0,0,0,0,0,0,3,0,0,0,0,0,3,0,0,0,0,0,0,0,0,3,0,0,0,0,0,0,0,0,0,4,3,18,3,5,0,0,3,38
SAL20231,0,0,0,0,0,0,0,0,0,4,0,0,0,0,0,0,0,4,0,0,3,0,0,0,0,0,5,0,0,4,3,0,0,0,0,8,0,0,0,6,0,0,0,0,9,0,0,0,0,0,0,0,0,6,0,0,0,5,0,0,0,0,7,0,0,5,6,0,0,0,0,9,0,0,4,6,0,0,0,0,17,0,0,7,6,4,0,0,0,18,0,0,3,4,0,0,0,0,10,0,4,3,0,0,0,0,0,15,5,0,4,0,4,0,0,0,12,0,0,0,0,0,0,0,0,0,0,0,0,0,3,0,0,0,6,18,12,29,30,20,3,0,4,118
SAL20232,7,0,0,0,0,0,0,5,12,8,0,0,0,0,0,0,0,7,3,0,0,0,0,0,0,0,8,3,0,3,3,0,0,0,4,15,0,3,5,3,0,0,0,0,10,0,4,5,4,0,0,0,0,10,0,0,3,0,0,0,0,0,12,0,0,4,0,0,0,0,3,12,4,0,5,0,0,0,0,3,13,0,0,8,7,0,0,0,0,19,0,0,0,0,0,0,0,0,4,0,0,3,0,0,0,0,0,3,0,0,0,0,0,0,0,0,8,0,0,0,0,0,0,0,0,4,0,0,0,0,0,0,0,0,0,23,8,37,25,10,3,0,21,126
SAL20233,112,0,0,0,0,0,0,9,130,82,13,3,0,0,0,0,0,97,107,44,21,8,0,0,0,13,202,69,91,83,18,6,0,0,9,276,20,29,108,44,9,0,0,8,222,20,24,68,33,6,8,3,4,166,20,20,55,29,9,5,6,7,144,17,8,36,23,9,9,4,8,109,9,13,37,16,13,5,4,0,103,5,6,33,20,10,3,0,4,75,8,4,25,13,6,0,0,8,72,3,0,12,12,9,0,0,4,45,0,0,3,3,0,0,0,3,15,0,0,4,0,0,0,3,4,7,0,0,0,0,0,0,0,0,3,472,265,496,227,74,33,22,87,1673
SAL20234,0,0,0,0,0,0,0,0,0,0,0,0,0,0,0,0,0,0,0,0,0,0,0,0,0,0,0,0,0,0,0,0,0,0,0,0,0,0,0,0,0,0,0,0,0,0,0,0,0,0,0,0,0,0,0,0,0,0,0,0,0,0,0,0,0,0,0,0,0,0,0,0,0,0,0,0,0,0,0,0,0,0,0,0,0,0,0,0,0,0,0,0,0,0,0,0,0,0,0,0,0,0,0,0,0,0,0,0,0,0,0,0,0,0,0,0,0,0,0,0,0,0,0,0,0,0,0,0,0,0,0,0,0,0,0,0,0,0,0,0,0,0,0,4
SAL20235,6,0,0,0,0,0,0,0,6,8,0,0,0,0,0,0,0,8,0,0,0,0,0,0,0,0,4,4,3,4,0,0,0,0,0,8,4,4,5,0,0,0,0,0,13,0,3,3,4,0,0,0,3,12,0,5,4,0,0,0,0,0,6,0,3,7,0,0,0,0,0,11,0,0,6,3,0,0,0,0,10,0,0,0,6,0,0,0,0,12,0,0,0,0,0,0,0,0,3,0,0,3,0,0,0,0,0,8,0,0,0,0,4,0,0,0,5,0,0,0,0,0,0,0,0,0,0,0,0,0,0,0,0,0,0,30,18,35,14,9,3,0,7,108
SAL20236,0,0,0,0,0,0,0,0,0,0,0,0,0,0,0,0,0,0,0,0,0,0,0,0,0,0,0,0,0,0,0,0,0,0,0,0,0,0,0,0,0,0,0,0,0,0,0,0,0,0,0,0,0,4,0,0,0,0,0,0,0,0,0,0,0,0,0,0,0,0,0,0,0,0,0,0,0,0,0,0,0,0,0,0,0,0,0,0,0,0,0,0,0,0,0,0,0,0,0,0,0,0,0,0,0,0,0,0,0,0,0,0,3,0,0,0,7,0,0,0,0,0,0,0,0,0,0,0,0,0,0,0,0,0,0,3,9,0,3,3,0,0,4,18
SAL20237,0,0,0,0,0,0,0,0,0,6,0,0,0,0,0,0,0,6,0,0,0,0,0,0,0,0,5,0,0,0,0,0,0,0,0,0,0,0,0,0,0,0,0,0,0,0,0,0,0,0,0,0,0,0,0,0,0,0,0,0,0,0,0,0,0,0,0,0,0,0,0,3,0,3,0,0,0,0,0,0,9,0,0,0,0,0,0,0,0,3,0,0,0,0,0,0,0,0,0,0,0,3,0,0,0,0,0,3,0,0,0,0,0,0,0,0,3,0,0,0,0,0,0,0,0,0,0,0,0,0,0,0,0,0,0,8,7,5,4,0,0,0,0,24
SAL20238,0,0,0,0,0,0,0,0,0,0,0,0,0,0,0,0,0,0,0,0,0,0,0,0,0,0,0,0,0,0,0,0,0,0,0,0,0,0,0,0,0,0,0,0,0,0,0,0,0,0,0,0,0,0,0,0,0,0,0,0,0,0,0,0,0,0,0,0,0,0,0,0,0,0,0,0,0,0,0,0,4,0,0,0,0,4,0,0,0,6,0,0,0,0,0,0,0,0,4,0,0,0,0,0,0,0,0,0,0,0,0,0,0,0,0,0,0,0,0,0,0,0,0,0,0,0,0,0,0,0,0,0,0,0,0,0,0,3,6,6,0,0,0,19
SAL20239,0,0,0,0,0,0,0,0,0,0,0,0,0,0,0,0,0,0,0,0,0,0,0,0,0,0,0,0,0,0,0,0,0,0,0,0,0,0,0,0,0,0,0,0,0,0,0,0,0,0,0,0,0,0,0,0,0,0,0,0,0,0,0,0,0,0,0,0,0,0,0,0,0,0,0,0,0,0,0,0,0,0,0,0,0,0,0,0,0,0,0,0,0,0,0,0,0,0,0,0,0,0,0,0,0,0,0,0,0,0,0,0,0,0,0,0,0,0,0,0,0,0,0,0,0,0,0,0,0,0,0,0,0,0,0,0,0,0,0,0,0,0,0,0
SAL20240,0,0,0,0,0,0,0,0,0,0,0,0,0,0,0,0,0,0,0,0,0,0,0,0,0,0,0,0,0,0,0,0,0,0,0,0,0,0,0,0,0,0,0,0,0,0,0,0,0,0,0,0,0,0,0,0,0,0,0,0,0,0,0,0,0,0,0,0,0,0,0,0,0,0,0,0,0,0,0,0,0,0,0,0,0,0,0,0,0,0,0,0,0,0,0,0,0,0,0,0,0,0,0,0,0,0,0,0,0,0,0,0,0,0,0,0,0,0,0,0,0,0,0,0,0,0,0,0,0,0,0,0,0,0,0,0,0,0,0,0,0,0,0,5
SAL20241,0,0,0,0,0,0,0,0,0,0,0,0,0,0,0,0,0,0,0,0,0,0,0,0,0,0,0,0,0,0,0,0,0,0,0,0,0,0,0,0,0,0,0,0,0,0,0,0,0,0,0,0,0,0,0,0,0,0,0,0,0,0,0,0,0,4,0,0,0,0,0,4,0,0,0,0,0,0,0,0,0,0,0,0,0,0,0,0,0,6,0,0,0,3,0,0,0,0,0,0,0,0,0,0,0,0,0,0,0,0,4,0,0,0,0,0,4,0,0,0,0,0,0,0,0,0,0,0,0,0,0,0,0,0,0,0,4,8,8,0,0,0,3,18
SAL20242,5,0,0,0,0,0,0,0,3,0,0,0,0,0,0,0,0,0,0,0,0,0,0,0,0,0,0,0,0,0,0,0,0,0,0,0,0,0,0,0,0,0,0,0,3,0,0,6,0,0,0,0,0,9,0,0,0,4,0,0,0,0,7,0,4,4,0,0,0,0,0,4,0,0,0,0,0,0,0,0,0,0,0,0,4,0,0,0,0,3,0,0,0,0,0,0,0,0,5,0,0,0,0,0,0,0,0,9,0,0,0,0,0,0,0,0,0,0,0,0,0,0,0,0,0,4,0,0,0,0,0,0,0,0,3,8,5,12,15,5,0,0,5,53
SAL20243,0,0,0,0,0,0,0,0,0,0,0,0,0,0,0,0,0,0,0,0,0,0,0,0,0,0,0,0,0,0,0,0,0,0,0,0,0,0,0,0,0,0,0,0,0,0,0,0,0,0,0,0,0,0,0,0,0,0,0,0,0,0,0,0,0,0,0,0,0,0,0,0,0,0,0,0,0,0,0,0,0,0,0,0,0,0,0,0,0,0,0,0,0,0,0,0,0,0,0,0,0,0,0,0,0,0,0,0,0,0,0,0,0,0,0,0,0,0,0,0,0,0,0,0,0,0,0,0,0,0,0,0,0,0,0,0,0,3,0,0,0,0,0,3
SAL20244,13,0,0,0,0,0,0,3,21,8,0,0,0,0,0,0,0,8,13,0,0,0,0,0,0,0,18,8,6,8,0,0,0,0,4,25,0,0,4,3,6,0,0,0,19,0,5,0,4,0,0,0,0,17,4,0,11,3,0,0,0,3,20,4,3,3,7,8,0,0,0,26,0,0,4,3,3,0,0,0,22,7,0,4,6,7,0,0,0,20,4,0,5,4,0,0,0,0,17,3,4,11,8,10,0,0,6,33,0,0,4,8,6,0,0,4,22,0,0,0,0,0,0,0,5,13,0,4,0,5,3,7,4,6,20,65,22,45,61,39,7,13,26,284
SAL20245,0,0,0,0,0,0,0,0,0,0,0,0,0,0,0,0,0,0,0,0,0,0,0,0,0,0,0,0,0,0,0,0,0,0,0,0,0,0,0,0,0,0,0,0,0,0,0,0,0,0,0,0,0,0,0,0,0,0,0,0,0,0,0,0,0,0,0,0,0,0,0,0,0,0,0,0,0,0,0,0,0,0,0,0,0,0,0,0,0,0,0,0,0,0,0,0,0,0,0,0,0,0,0,0,0,0,0,0,0,0,0,0,0,0,0,0,0,0,0,0,0,0,0,0,0,0,0,0,0,0,0,0,0,0,0,3,0,0,0,0,0,0,0,5
SAL20246,24,0,0,0,0,0,0,7,29,9,0,0,0,0,0,0,0,9,9,0,3,0,0,0,0,0,14,4,4,5,5,0,0,0,3,20,0,0,7,7,0,0,0,3,24,0,5,13,3,3,0,0,3,25,0,3,11,3,0,0,0,4,24,0,0,18,0,0,0,0,0,25,0,3,14,3,0,0,0,4,21,0,0,12,7,10,0,0,5,30,3,0,6,5,3,0,0,0,17,0,0,3,3,0,0,0,0,15,0,0,0,0,0,3,0,6,7,0,0,4,0,0,0,0,0,3,0,0,0,0,0,0,3,4,7,50,19,93,45,28,5,4,40,280
SAL20247,14,0,0,0,0,0,0,0,14,12,0,0,0,0,0,0,4,12,24,0,4,0,0,0,0,0,25,12,7,11,3,0,0,0,0,39,6,9,12,11,0,0,0,0,36,0,0,8,9,0,0,0,0,24,5,4,11,9,0,0,0,0,23,5,6,6,6,4,0,0,3,25,6,3,10,12,6,0,0,3,38,0,5,10,12,4,0,0,6,38,8,0,7,13,0,0,0,3,39,3,0,11,10,9,0,0,0,34,0,0,4,5,0,0,0,0,16,0,0,0,3,0,0,0,0,6,0,0,0,0,0,0,0,0,0,92,42,91,91,26,7,0,27,384
SAL20248,97,0,0,0,0,0,0,13,111,82,6,0,0,0,0,0,5,96,61,13,16,0,0,0,0,4,100,32,24,41,9,8,0,0,3,114,21,20,54,22,7,0,0,7,138,10,14,42,25,3,0,0,3,101,22,27,67,30,7,0,0,8,160,23,18,67,34,6,0,0,4,155,21,21,65,37,13,6,0,8,165,25,16,62,49,9,4,0,4,171,15,14,58,30,12,0,3,12,143,11,19,87,33,14,0,0,6,173,5,8,56,33,10,0,4,7,126,3,4,12,16,3,0,4,6,47,6,0,7,6,4,0,3,5,31,427,202,629,326,109,17,17,87,1818
SAL20249,45,0,0,0,0,0,0,4,49,40,4,0,0,0,0,0,5,47,53,4,4,4,0,0,0,3,70,31,9,23,3,0,0,0,3,66,23,16,32,12,0,0,0,8,92,16,14,25,11,3,0,0,3,77,15,12,20,11,4,0,3,8,70,15,9,30,12,4,0,0,4,71,13,7,22,18,8,3,0,5,73,14,8,16,15,12,0,0,7,72,8,8,24,22,3,0,0,7,74,3,3,21,20,0,0,8,0,52,8,3,4,6,6,0,3,3,30,0,0,0,3,7,5,0,0,16,3,0,11,0,10,0,8,3,41,293,103,233,136,51,9,14,60,898
SAL20250,6,0,0,0,0,0,0,0,6,9,0,0,0,0,0,0,0,9,7,0,0,0,0,0,0,0,3,3,0,0,0,0,0,0,6,13,0,0,0,0,0,0,0,0,6,0,0,0,0,0,0,0,0,7,0,0,4,0,0,0,0,0,3,0,0,4,0,0,0,0,0,10,0,0,6,3,0,0,0,12,22,4,0,0,4,4,0,0,5,13,0,0,3,0,0,0,0,0,9,0,0,0,0,0,0,0,3,6,0,0,0,0,0,0,0,3,6,0,0,0,0,0,0,0,0,0,0,0,0,0,0,0,0,0,0,29,6,22,13,8,0,0,27,102
SAL20251,215,0,0,0,0,0,0,13,221,141,0,0,0,0,0,0,3,148,75,8,5,0,0,0,0,3,87,73,23,21,3,0,0,0,4,125,33,25,57,17,0,0,0,3,137,38,24,87,37,8,0,0,13,207,33,36,108,47,3,0,0,13,237,44,47,129,58,5,3,0,4,290,40,40,118,46,19,4,0,7,267,32,42,99,65,15,0,4,13,260,37,19,107,49,10,9,0,11,227,22,27,115,54,16,0,0,4,240,18,24,64,51,15,5,4,4,175,8,10,32,23,11,0,7,3,93,10,13,36,26,26,3,4,9,124,815,326,978,460,121,25,11,105,2843
SAL20252,415,0,0,0,0,0,0,24,439,441,4,0,0,0,0,0,41,483,358,20,4,0,0,0,0,16,400,289,96,42,12,0,0,0,24,456,159,137,175,31,12,0,0,18,519,85,89,220,73,17,3,0,20,503,84,97,231,91,24,4,0,11,543,94,76,233,105,26,0,3,19,554,86,71,179,88,18,6,3,12,467,73,82,169,88,23,5,0,9,454,62,56,119,69,22,11,4,8,350,38,37,145,80,26,10,0,17,343,19,22,100,61,25,3,3,7,248,23,4,66,53,21,9,7,18,205,24,12,69,81,54,16,18,61,334,2254,804,1758,834,262,55,41,301,6307
SAL20253,209,0,0,0,0,0,0,15,219,215,0,0,0,0,0,0,11,227,157,17,7,0,0,0,0,3,179,93,65,42,7,5,0,0,12,225,76,78,120,34,11,0,0,6,316,42,43,150,53,8,6,0,5,305,41,46,147,57,8,0,0,8,304,27,44,133,44,12,0,0,7,264,48,55,106,34,9,0,0,3,249,27,40,76,42,3,4,0,10,197,18,29,61,40,4,0,3,5,163,7,16,52,30,9,5,0,5,122,5,10,60,35,16,0,0,8,129,6,5,38,45,23,7,3,9,128,7,7,44,37,16,10,17,9,139,972,449,1035,463,116,31,30,91,3182
SAL20254,293,0,0,0,0,0,0,12,300,278,0,0,0,0,0,0,20,304,206,14,15,4,0,0,0,16,260,152,84,53,14,0,4,0,15,321,81,81,158,35,6,0,0,15,377,52,68,168,56,10,0,0,5,353,47,56,194,79,12,0,0,19,403,59,77,194,79,13,0,0,10,435,48,65,131,58,5,7,5,9,337,44,79,108,49,15,4,8,9,315,56,51,107,49,15,9,0,10,299,36,35,110,54,25,4,6,8,279,16,33,75,53,26,9,3,7,220,16,24,86,55,33,12,13,9,237,28,23,95,50,38,32,19,23,302,1410,691,1495,620,211,72,48,190,4734
SAL20255,0,0,0,0,0,0,0,0,0,0,0,0,0,0,0,0,0,0,0,0,0,0,0,0,0,0,3,0,0,0,0,0,0,0,0,0,0,0,0,0,0,0,0,0,0,0,0,0,0,0,0,0,0,0,0,0,0,0,0,0,0,0,0,0,0,0,0,0,0,0,0,0,0,0,3,0,0,0,0,0,7,0,0,0,0,0,0,0,0,0,0,0,0,0,0,0,0,0,0,0,0,0,0,0,0,0,0,0,0,0,0,0,0,0,0,0,0,0,0,0,0,0,0,0,0,0,0,0,0,0,0,0,0,0,0,3,0,3,0,0,0,0,0,10
SAL20256,11,0,0,0,0,0,0,3,11,0,0,0,0,0,0,0,0,0,3,6,0,0,0,0,0,0,7,0,0,0,0,0,0,0,0,7,5,0,5,4,0,0,0,0,14,7,3,0,0,0,0,0,3,17,11,3,8,0,0,0,0,0,35,3,3,4,0,0,0,0,3,20,0,0,7,0,0,0,0,4,15,0,4,3,0,0,0,0,0,13,5,0,10,6,0,0,0,4,17,0,0,7,0,0,0,0,0,5,0,0,3,0,0,0,0,0,10,0,0,0,0,0,0,0,0,0,0,0,0,0,0,0,0,0,0,52,28,40,14,12,0,0,13,161
SAL20257,54,0,0,0,0,0,0,13,65,38,0,0,0,0,0,0,11,44,21,3,0,0,0,0,0,0,28,23,11,11,4,0,0,0,5,55,13,15,17,8,0,0,0,7,59,6,7,23,8,3,0,0,6,46,13,12,28,10,0,0,0,9,73,11,12,36,25,3,0,0,0,93,20,11,35,21,0,0,0,16,114,31,15,51,30,11,0,3,10,151,15,13,62,35,13,5,0,13,155,11,10,79,42,15,5,0,16,181,0,8,38,35,12,0,0,16,119,6,10,12,25,4,0,0,7,63,3,0,4,6,7,3,0,13,40,267,130,405,250,70,10,6,131,1277
SAL20258,0,0,0,0,0,0,0,0,0,0,0,0,0,0,0,0,0,0,0,0,0,0,0,0,0,0,0,0,0,0,0,0,0,0,0,0,0,0,0,0,0,0,0,0,0,0,0,0,0,0,0,0,0,0,0,0,0,0,0,0,0,0,0,0,0,3,3,0,0,0,0,4,0,0,0,0,0,0,0,0,0,0,0,0,0,0,0,0,0,0,0,0,0,0,0,0,0,0,0,0,0,0,0,0,0,0,0,0,0,0,0,0,0,0,0,0,0,0,0,0,0,0,0,0,0,0,0,0,0,0,0,0,0,0,0,5,4,5,3,0,0,0,0,17
SAL20259,4,0,0,0,0,0,0,0,4,4,0,0,0,0,0,0,0,4,10,0,0,0,0,0,0,4,12,0,0,0,0,0,0,0,0,4,0,0,0,0,0,0,0,0,7,4,0,5,0,0,0,0,0,6,4,0,3,0,0,0,0,0,13,0,0,0,0,0,0,0,0,11,0,0,4,4,0,0,0,0,5,3,0,0,0,0,0,0,0,8,0,0,4,4,0,0,0,0,10,0,3,0,0,0,0,0,0,6,0,0,0,0,0,0,0,0,0,0,0,0,0,0,0,0,0,0,0,0,0,0,0,0,0,0,0,35,8,23,11,11,0,3,11,99
SAL20260,35,0,0,0,0,0,0,3,42,27,5,0,0,0,0,0,3,36,26,13,3,4,0,0,0,0,47,15,9,21,3,0,0,0,4,46,9,7,13,7,4,0,0,0,36,0,6,16,10,3,0,0,3,41,8,12,18,8,3,0,0,0,39,6,0,21,8,3,0,0,3,47,4,4,20,14,5,0,0,0,48,0,0,18,11,5,0,3,0,38,0,0,9,11,5,0,0,4,31,0,0,9,14,0,3,0,4,27,0,0,3,3,0,0,0,0,16,0,0,3,3,0,0,0,0,9,0,0,4,0,0,0,0,0,3,133,58,151,94,32,7,4,30,511
SAL20261,0,0,0,0,0,0,0,0,0,3,0,0,0,0,0,0,0,3,0,0,0,0,0,0,0,0,0,0,0,0,0,0,0,0,0,0,0,0,0,0,0,0,0,0,0,0,0,0,0,0,0,0,0,0,0,0,0,0,0,0,0,0,5,0,0,0,0,0,0,0,0,3,0,0,0,0,0,0,0,0,4,0,0,3,0,3,0,0,0,6,0,0,0,0,0,0,0,0,3,0,0,0,0,0,0,0,0,0,0,0,0,0,0,0,0,0,0,0,0,0,0,0,0,0,0,0,0,0,0,0,0,0,0,0,0,4,3,9,5,5,0,0,0,34
SAL20262,0,0,0,0,0,0,0,0,0,0,0,0,0,0,0,0,0,0,0,0,0,0,0,0,0,0,0,0,0,0,0,0,0,0,0,0,0,0,0,0,0,0,0,0,0,0,0,0,0,0,0,0,0,0,0,0,0,0,0,0,0,0,5,0,0,0,0,0,0,0,0,0,0,0,0,0,0,0,0,0,0,0,0,0,0,0,0,0,0,0,0,0,0,0,0,0,0,0,0,0,0,0,0,0,0,0,0,0,0,0,0,0,0,0,0,0,0,0,0,0,0,0,0,0,0,0,0,0,0,0,0,0,0,0,0,5,0,3,6,0,0,0,0,9
SAL20263,0,0,0,0,0,0,0,0,0,0,0,0,0,0,0,0,0,0,0,0,0,0,0,0,0,0,4,0,0,0,0,0,0,0,0,0,0,0,3,0,0,0,0,0,4,0,0,0,0,0,0,0,0,0,0,0,0,0,0,0,0,0,0,0,0,0,0,0,0,0,0,3,4,0,0,4,0,0,0,4,8,0,0,0,0,0,0,0,0,0,0,0,0,0,0,0,0,0,3,0,0,0,0,0,0,0,0,0,0,0,0,0,0,0,0,0,0,0,0,0,0,0,0,0,0,0,0,0,0,0,0,0,0,0,0,10,5,11,7,5,0,0,0,42
SAL20264,7,0,0,0,0,0,0,3,9,0,0,0,0,0,0,0,0,0,0,0,0,0,0,0,0,0,0,0,0,0,0,0,0,0,0,0,0,0,0,0,0,0,0,0,0,0,0,0,0,0,0,0,0,0,0,0,0,0,0,0,0,0,3,0,0,0,0,0,0,0,0,6,0,0,0,0,0,0,0,0,3,0,0,0,0,0,0,0,0,4,0,0,0,0,0,0,0,0,5,0,0,0,0,0,0,0,0,3,0,0,0,0,0,0,0,0,0,0,0,0,0,0,0,0,0,0,0,0,0,0,0,0,0,0,0,7,0,9,9,0,0,0,8,32
SAL20265,0,0,0,0,0,0,0,0,0,0,0,0,0,0,0,0,0,0,0,0,0,0,0,0,0,0,0,0,0,0,0,0,0,0,0,0,0,0,0,0,0,0,0,0,0,0,0,0,0,0,0,0,0,0,0,0,0,0,0,0,0,0,0,0,0,0,0,0,0,0,0,0,0,0,0,0,0,0,0,0,0,0,0,0,0,0,0,0,0,0,0,0,0,0,0,0,0,0,0,0,0,0,0,0,0,0,0,0,0,0,0,0,0,0,0,0,0,0,0,0,0,0,0,0,0,0,0,0,0,0,0,0,0,0,0,0,0,0,0,0,0,0,0,0
SAL20266,0,0,0,0,0,0,0,0,0,0,0,0,0,0,0,0,0,0,0,0,0,0,0,0,0,0,0,4,0,0,0,0,0,0,0,3,0,0,0,0,0,0,0,0,0,0,0,0,0,0,0,0,0,0,0,0,0,0,0,0,0,0,0,0,0,0,0,0,0,0,0,5,0,0,0,0,0,0,0,0,4,4,0,4,0,0,0,0,0,8,0,0,0,0,0,0,0,0,9,0,0,0,3,0,0,0,0,3,0,0,0,0,0,0,0,0,5,0,0,0,0,0,0,0,0,0,0,0,0,0,0,0,0,0,0,10,0,11,5,3,0,4,0,40
SAL20267,0,0,0,0,0,0,0,0,0,0,0,0,0,0,0,0,0,0,0,0,0,0,0,0,0,0,0,0,0,0,0,0,0,0,0,0,0,0,0,0,0,0,0,0,0,0,0,0,0,0,0,0,0,0,0,0,0,0,0,0,0,0,5,0,0,0,0,0,0,0,0,0,0,0,0,0,0,0,0,0,0,0,0,0,0,0,0,0,0,6,0,0,0,0,0,0,0,0,4,0,0,0,0,0,0,0,0,3,4,0,0,0,0,0,0,0,4,0,0,0,0,0,0,0,0,0,0,0,0,0,0,0,0,0,0,15,6,3,4,4,0,0,5,36
SAL20268,0,0,0,0,0,0,0,0,0,0,0,0,0,0,0,0,0,0,0,0,0,0,0,0,0,0,0,0,0,0,0,0,0,0,0,0,0,0,0,0,0,0,0,0,0,0,0,0,0,0,0,0,0,0,0,0,0,0,0,0,0,0,0,0,0,0,0,0,0,0,0,0,0,0,0,0,0,0,0,0,0,0,0,0,0,0,0,0,0,0,0,0,0,0,0,0,0,0,0,0,0,0,0,0,0,0,0,0,0,0,0,0,0,0,0,0,0,0,0,0,0,0,0,0,0,0,0,0,0,0,0,0,0,0,0,0,0,0,0,0,0,0,0,6
SAL20269,0,0,0,0,0,0,0,0,0,0,0,0,0,0,0,0,0,0,0,0,0,0,0,0,0,0,0,0,0,0,0,0,0,0,0,0,0,0,0,0,0,0,0,0,0,0,0,0,0,0,0,0,0,0,0,0,0,0,0,0,0,0,0,0,0,0,0,0,0,0,0,0,0,0,0,0,0,0,0,0,0,0,0,0,0,0,0,0,0,0,0,0,0,0,0,0,0,0,0,0,0,0,0,0,0,0,0,0,0,0,0,0,0,0,0,0,0,0,0,0,0,0,0,0,0,0,0,0,0,0,0,0,0,0,0,0,0,0,0,0,0,0,0,4
SAL20270,13,0,0,0,0,0,0,0,19,4,3,0,0,0,0,0,0,5,0,0,0,0,0,0,0,0,0,0,0,7,0,0,0,0,0,8,0,0,3,0,0,0,0,4,12,0,9,0,3,0,0,0,0,11,0,0,3,0,0,0,0,0,12,0,0,3,5,0,0,0,0,12,0,0,0,3,0,0,0,0,9,0,0,3,4,0,0,0,0,4,0,0,5,7,0,0,0,0,12,0,0,0,5,0,0,0,0,8,0,0,0,0,0,0,0,3,6,0,0,0,5,0,0,0,0,6,0,0,0,0,0,0,0,0,0,23,16,25,30,6,4,0,20,127
SAL20271,0,0,0,0,0,0,0,0,0,0,0,0,0,0,0,0,0,0,0,0,0,0,0,0,0,0,0,0,0,0,0,0,0,0,0,0,0,0,0,0,0,0,0,0,0,0,0,0,0,0,0,0,0,0,0,0,0,0,0,0,0,0,0,0,0,0,0,0,0,0,0,0,0,0,0,0,0,0,0,0,0,0,0,0,0,0,0,0,0,0,0,0,0,0,0,0,0,0,0,0,0,0,0,0,0,0,0,0,0,0,0,0,0,0,0,0,0,0,0,0,0,0,0,0,0,0,0,0,0,0,0,0,0,0,0,0,0,0,0,0,0,0,0,0
SAL20272,12,0,0,0,0,0,0,0,12,3,0,0,0,0,0,0,0,3,0,0,0,0,0,0,0,0,0,0,0,0,0,0,0,0,0,0,0,0,0,0,0,0,0,0,0,3,0,4,0,0,0,0,0,7,0,3,5,0,0,0,0,0,13,4,5,6,0,0,0,0,4,18,3,3,0,0,0,0,0,0,6,0,0,3,0,0,0,0,0,6,0,0,6,0,0,0,0,0,4,0,0,3,4,0,0,0,0,11,0,0,0,0,0,0,0,0,0,0,0,0,0,0,0,0,0,0,0,0,0,0,0,0,0,0,0,28,14,26,8,7,0,0,6,83
SAL20273,0,0,0,0,0,0,0,0,0,0,0,0,0,0,0,0,0,0,0,0,0,0,0,0,0,0,0,0,0,0,0,0,0,0,0,0,0,0,0,0,0,0,0,0,0,0,0,0,0,0,0,0,0,0,0,0,0,0,0,0,0,0,0,0,0,0,0,0,0,0,0,0,0,0,0,0,0,0,0,0,0,0,0,0,0,0,0,0,0,0,0,0,0,0,0,0,0,0,0,0,0,0,0,0,0,0,0,0,0,0,0,0,0,0,0,0,0,0,0,0,0,0,0,0,0,0,0,0,0,0,0,0,0,0,0,0,0,0,0,0,0,0,0,8
SAL20274,20,0,0,0,0,0,0,0,20,8,0,0,0,0,0,0,0,8,0,0,5,0,0,0,0,0,8,0,3,3,3,0,0,0,5,22,0,0,8,8,0,0,0,0,21,5,0,7,5,0,0,0,4,15,0,0,10,3,4,0,0,4,19,0,0,7,5,4,0,0,0,21,7,4,6,6,0,0,0,0,26,0,0,14,13,5,0,0,0,36,0,0,10,3,0,0,0,0,23,0,0,11,5,0,4,0,3,29,0,0,0,3,0,3,0,0,11,0,0,3,0,0,0,0,0,11,0,0,0,0,0,0,0,0,0,49,20,94,57,16,5,0,21,261
SAL20275,3,0,0,0,0,0,0,3,5,0,0,0,0,0,0,0,0,0,0,0,0,0,0,0,0,0,0,0,0,0,0,0,0,0,0,0,0,0,0,0,0,0,0,0,0,0,0,0,4,0,0,0,0,4,0,0,0,0,0,0,0,0,0,0,0,0,0,0,0,0,0,3,0,0,0,0,0,0,0,0,0,0,0,0,0,0,0,0,0,0,0,0,5,0,0,0,0,0,5,0,0,0,0,0,0,0,0,0,0,0,0,0,0,0,0,0,0,0,0,0,0,0,0,0,0,0,0,0,0,0,0,0,0,0,0,6,4,3,3,0,0,0,6,24
SAL20276,0,0,0,0,0,0,0,3,4,3,0,0,0,0,0,0,0,3,3,0,0,0,0,0,0,0,3,0,0,0,0,0,0,0,0,0,0,0,0,0,0,0,0,0,0,0,0,0,0,0,0,0,0,3,0,0,0,0,0,0,0,0,3,0,0,4,0,0,0,0,0,3,0,0,0,4,0,0,0,0,9,3,0,0,0,0,0,0,0,4,0,0,0,0,0,0,0,0,6,0,0,0,0,0,0,0,0,3,0,0,0,0,0,0,0,0,6,0,0,0,0,0,0,0,0,0,0,0,0,0,0,0,0,0,0,11,5,10,6,8,0,0,8,46
SAL20277,0,0,0,0,0,0,0,0,0,0,0,0,0,0,0,0,0,0,0,0,0,0,0,0,0,0,0,0,0,0,0,0,0,0,0,0,0,0,0,0,0,0,0,0,0,0,0,0,0,0,0,0,0,0,0,0,0,0,0,0,0,0,0,0,0,0,0,0,0,0,0,0,0,0,0,0,0,0,0,0,7,0,0,0,4,0,0,0,0,8,0,0,0,0,0,0,0,0,0,0,0,0,0,0,0,0,0,0,0,0,0,0,0,0,0,0,0,0,0,0,0,0,0,0,0,0,0,0,0,0,0,0,0,0,0,9,0,7,3,0,0,0,4,22
SAL20278,131,0,0,0,0,0,0,9,145,127,0,0,0,0,0,0,12,137,199,15,9,0,0,0,0,17,240,139,73,49,3,4,0,0,9,278,76,69,96,19,3,4,0,19,281,66,48,115,32,10,0,0,10,284,59,42,80,24,9,0,0,10,223,67,50,85,29,18,5,0,18,266,47,32,91,36,10,0,0,18,240,36,34,82,41,18,7,0,7,220,37,27,79,46,18,3,0,13,221,14,26,71,32,6,0,0,18,172,11,15,43,32,11,3,7,4,122,13,3,13,18,20,0,4,11,85,7,4,29,23,18,8,14,19,120,1029,436,855,344,129,29,26,195,3034
SAL20279,46,0,0,0,0,0,0,3,48,70,0,0,0,0,0,0,19,90,26,0,0,0,0,0,0,4,29,7,0,4,0,0,0,0,0,7,0,3,4,0,0,0,0,0,15,0,0,4,3,0,0,0,0,12,4,0,0,0,0,0,0,0,7,0,0,0,6,0,0,0,0,11,0,0,3,4,0,0,0,0,14,4,0,5,7,0,0,0,0,17,0,0,6,7,0,0,0,0,17,0,0,8,0,0,0,0,0,9,0,0,0,4,0,0,0,0,6,0,0,0,0,0,0,0,0,0,0,0,0,0,0,0,0,0,0,164,8,46,34,3,3,3,28,293
SAL20280,9,0,0,0,0,0,0,0,9,7,0,0,0,0,0,0,6,10,6,0,0,0,0,0,0,0,8,5,0,0,0,0,0,0,0,4,0,3,0,0,0,0,0,0,5,0,0,3,5,0,0,0,0,5,0,0,5,0,0,0,0,0,6,0,0,6,0,4,0,0,0,21,0,3,5,0,6,3,0,3,15,0,5,0,6,0,0,0,0,17,7,4,3,0,0,0,0,0,12,0,0,5,0,0,0,0,0,7,0,0,3,4,3,0,0,0,6,0,0,0,0,0,0,0,0,0,0,0,0,3,6,0,3,0,8,34,11,30,23,18,9,4,12,140
SAL20281,0,0,0,0,0,0,0,0,0,0,0,0,0,0,0,0,0,0,0,0,0,0,0,0,0,0,0,0,0,0,0,0,0,0,0,3,0,0,4,0,0,0,0,0,4,0,0,4,0,0,0,0,0,0,0,0,0,0,0,0,0,0,0,0,0,0,0,0,0,0,0,0,0,0,0,0,0,0,0,0,0,0,0,0,0,0,0,0,0,3,0,0,0,0,0,0,0,0,0,0,0,0,0,0,0,0,0,0,0,0,0,0,0,0,0,0,0,0,0,0,0,0,0,0,0,0,0,0,0,0,0,0,0,0,0,0,0,8,0,0,4,0,0,15
SAL20282,5,0,0,0,0,0,0,0,5,10,3,0,0,0,0,0,0,13,7,3,0,0,0,0,0,3,14,4,3,0,0,0,0,0,0,15,0,0,5,0,0,0,0,0,9,0,0,5,3,0,0,0,0,14,0,0,4,0,0,0,0,0,8,0,0,0,0,0,0,0,0,3,0,0,4,5,0,0,0,0,15,0,0,8,0,4,0,0,0,15,0,0,7,4,5,0,0,0,18,0,0,3,4,0,0,0,0,12,0,0,0,3,0,0,0,0,6,0,0,0,0,0,0,0,0,0,0,0,0,0,0,0,0,0,0,28,11,46,20,9,0,0,10,127
SAL20283,19,0,0,0,0,0,0,0,19,8,0,0,0,0,0,0,0,13,13,9,0,0,0,0,0,0,25,8,4,0,0,0,0,0,0,17,4,3,0,0,0,0,0,0,7,0,0,6,0,5,0,0,0,14,7,4,3,7,0,0,0,0,23,0,3,10,7,0,0,0,3,23,0,0,8,7,4,5,0,0,22,0,0,23,9,8,0,0,6,37,3,4,22,11,0,0,0,0,44,0,0,17,5,0,0,0,6,28,0,0,0,3,0,0,0,0,10,0,0,0,4,0,0,0,0,5,0,0,0,0,0,0,0,0,4,69,31,95,48,21,8,0,21,291
SAL20284,22,0,0,0,0,0,0,6,22,38,3,5,0,0,0,0,3,53,51,12,5,6,0,0,0,5,77,14,9,13,6,0,0,0,0,51,6,6,8,4,0,3,0,0,27,6,8,4,4,0,4,0,5,32,0,0,10,3,3,0,0,0,23,3,0,10,3,3,0,0,0,21,0,0,9,12,3,0,0,0,28,0,0,10,4,0,4,0,0,22,0,0,0,0,0,0,0,0,4,0,0,5,0,0,0,0,0,9,0,4,0,0,0,0,0,0,5,0,0,0,0,0,0,0,0,6,0,0,0,0,0,0,0,0,4,143,63,86,43,18,9,0,17,377
SAL20285,4,0,0,0,0,0,0,0,3,0,0,0,0,0,0,0,0,7,3,0,0,0,0,0,0,0,3,0,0,0,0,0,0,0,0,5,0,0,0,0,0,0,0,0,3,0,0,0,0,0,0,0,0,0,0,0,0,4,0,0,0,0,0,0,0,4,3,0,0,0,0,7,0,3,3,4,7,0,0,0,12,0,0,0,0,0,0,0,0,6,0,0,0,0,0,0,0,0,0,0,0,0,5,5,0,0,0,6,0,0,0,0,0,0,0,0,3,0,0,0,0,0,0,0,0,0,0,0,0,0,0,0,0,0,0,8,9,12,15,8,0,0,3,62
SAL20286,0,0,0,0,0,0,0,0,0,0,0,0,0,0,0,0,0,0,0,0,0,0,0,0,0,0,0,0,0,0,0,0,0,0,0,0,0,0,0,0,0,0,0,0,0,0,0,0,0,0,0,0,0,0,0,0,0,0,0,0,0,0,0,0,0,0,0,0,0,0,0,0,0,0,0,0,0,0,0,0,0,0,0,0,0,0,0,0,0,0,0,0,0,0,0,0,0,0,0,0,0,0,0,0,0,0,0,0,0,0,0,0,0,0,0,0,0,0,0,0,0,0,0,0,0,0,0,0,0,0,0,0,0,0,0,0,0,0,0,0,0,0,0,0
SAL20287,0,0,0,0,0,0,0,0,0,0,0,0,0,0,0,0,0,0,0,0,0,0,0,0,0,0,0,0,0,0,0,0,0,0,0,0,0,0,0,0,0,0,0,0,0,0,0,0,0,0,0,0,0,0,0,0,0,0,0,0,0,0,0,0,0,0,0,0,0,0,0,0,0,0,0,0,0,0,0,0,0,0,0,0,0,0,0,0,0,0,0,0,0,0,0,0,0,0,0,0,0,0,0,0,0,0,0,0,0,0,0,0,0,0,0,0,0,0,0,0,0,0,0,0,0,0,0,0,0,0,0,0,0,0,0,4,0,0,0,0,0,0,0,4
SAL20288,23,0,0,0,0,0,0,5,32,18,4,0,0,0,0,0,4,25,25,4,6,0,0,0,0,4,37,12,9,4,3,0,0,0,3,30,5,0,3,10,3,0,0,0,32,3,5,5,12,0,0,0,3,24,0,0,10,6,0,0,0,0,19,5,3,8,8,8,0,0,0,39,10,3,15,11,5,0,0,3,47,12,3,28,16,7,0,0,11,78,3,6,10,5,3,0,0,0,28,0,10,12,8,5,0,0,5,41,0,3,3,6,0,0,0,0,17,0,0,3,3,4,3,0,0,12,0,0,0,4,0,0,0,0,5,116,43,104,85,36,6,5,54,463
SAL20289,0,0,0,0,0,0,0,0,0,0,0,0,0,0,0,0,0,0,0,0,0,0,0,0,0,0,0,0,0,0,0,0,0,0,0,0,4,0,0,0,0,0,0,0,5,0,0,0,0,0,0,0,0,3,0,0,0,0,0,0,0,0,0,0,0,4,3,0,0,0,0,4,0,0,0,0,0,0,0,0,9,3,0,3,4,0,0,0,0,10,3,0,0,3,0,0,0,0,12,0,0,0,0,0,0,0,0,0,0,0,0,0,3,0,0,0,3,0,0,0,0,0,0,0,0,0,0,0,0,0,0,0,0,0,0,7,0,16,12,4,0,0,6,56
SAL20290,0,0,0,0,0,0,0,0,0,0,0,0,0,0,0,0,0,0,0,0,0,0,0,0,0,0,0,0,0,0,0,0,0,0,0,0,0,0,0,0,0,0,0,0,0,0,0,0,0,0,0,0,0,0,0,0,0,0,0,0,0,0,0,0,0,0,0,0,0,0,0,0,0,0,0,0,0,0,0,0,0,0,0,0,0,0,0,0,0,0,0,0,0,0,0,0,0,0,0,0,0,0,0,0,0,0,0,0,0,0,0,0,0,0,0,0,0,0,0,0,0,0,0,0,0,0,0,0,0,0,0,0,0,0,0,0,0,5,0,0,0,0,0,7
SAL20291,0,0,0,0,0,0,0,0,0,0,0,0,0,0,0,0,0,0,0,0,0,0,0,0,0,0,0,0,0,0,0,0,0,0,0,0,0,0,0,0,0,0,0,0,0,0,0,0,0,3,0,0,0,7,0,0,0,0,0,0,0,0,0,0,0,0,0,0,0,0,0,0,0,0,0,0,0,0,0,0,0,0,0,0,0,5,0,0,0,4,0,0,0,0,0,0,0,0,0,0,0,0,0,0,0,0,0,0,0,0,0,0,0,0,0,0,0,0,0,0,0,0,0,0,0,0,0,0,0,0,0,0,0,0,0,0,0,0,4,3,0,0,0,16
SAL20292,0,0,0,0,0,0,0,0,0,0,0,0,0,0,0,0,0,0,0,0,0,0,0,0,0,0,0,0,0,0,0,0,0,0,0,0,0,0,0,0,0,0,0,0,0,0,0,0,0,0,0,0,0,5,0,0,0,0,0,0,0,0,0,0,0,0,0,0,0,0,0,0,0,0,0,0,0,0,0,0,0,0,0,0,0,0,0,0,0,0,0,0,0,0,0,0,0,0,0,0,0,0,0,0,0,0,0,0,0,0,0,0,0,0,0,0,0,0,0,0,0,0,0,0,0,0,0,0,0,0,0,0,0,0,0,0,0,3,0,0,0,0,0,7
SAL20293,0,0,0,0,0,0,0,0,0,0,0,0,0,0,0,0,0,0,0,0,0,0,0,0,0,0,0,0,0,0,0,0,0,0,0,0,0,0,0,0,0,0,0,0,0,0,0,0,0,0,0,0,0,0,0,0,0,0,0,0,0,0,0,0,0,0,0,0,0,0,0,0,0,0,0,0,0,0,0,0,0,0,0,0,0,0,0,0,0,0,0,0,0,0,0,0,0,0,0,0,0,0,0,0,0,0,0,0,0,0,0,0,0,0,0,0,0,0,0,0,0,0,0,0,0,0,0,0,0,0,0,0,0,0,0,0,4,0,0,0,0,0,0,9
SAL20294,0,0,0,0,0,0,0,0,0,0,0,0,0,0,0,0,0,0,3,0,0,0,0,0,0,0,0,0,0,0,0,0,0,0,0,4,0,0,3,0,0,0,0,0,3,0,0,0,0,0,0,0,0,5,0,0,0,0,0,0,0,0,4,0,0,4,4,4,0,0,0,10,0,0,0,0,0,0,0,0,5,4,0,0,0,0,0,0,0,3,0,0,0,0,0,0,0,0,5,0,0,0,5,0,0,0,0,6,0,0,0,0,0,0,0,0,4,0,0,0,0,0,0,0,0,0,0,0,0,0,0,0,0,0,0,7,4,7,16,13,4,0,4,49
SAL20295,0,0,0,0,0,0,0,0,0,0,0,0,0,0,0,0,0,4,0,0,0,0,0,0,0,0,5,0,0,0,0,0,0,0,0,0,0,0,0,0,0,0,0,0,0,0,0,0,0,0,0,0,0,3,0,0,3,0,0,0,0,0,6,0,0,0,0,0,0,0,0,3,0,0,0,0,4,0,0,0,4,0,0,0,0,0,0,0,0,0,0,0,0,0,0,0,0,0,5,0,0,3,0,0,0,0,0,5,0,0,0,0,0,0,0,0,7,0,0,0,0,0,0,0,0,6,0,0,0,0,0,0,0,0,0,7,8,16,5,9,0,0,5,48
SAL20296,0,0,0,0,0,0,0,0,0,0,0,0,0,0,0,0,0,0,0,0,0,0,0,0,0,0,0,0,0,0,0,0,0,0,0,0,0,0,0,0,0,0,0,0,0,0,0,0,0,0,0,0,0,0,0,0,0,0,0,0,0,0,0,0,0,0,0,0,0,0,0,0,0,0,0,0,0,0,0,0,0,0,0,0,0,0,0,0,0,0,0,0,0,0,0,0,0,0,0,0,0,0,0,0,0,0,0,0,0,0,0,0,0,0,0,0,0,0,0,0,0,0,0,0,0,0,0,0,0,0,0,0,0,0,0,0,0,4,0,0,0,0,5,7
SAL20297,0,0,0,0,0,0,0,0,0,0,0,0,0,0,0,0,0,0,0,0,0,0,0,0,0,0,0,0,0,0,0,0,0,0,0,0,0,0,3,3,0,0,0,0,7,0,0,0,0,0,0,0,0,0,0,0,0,0,0,0,0,0,0,0,0,0,0,0,0,0,0,3,0,0,0,0,0,0,0,0,0,0,0,0,0,0,0,0,0,3,0,0,0,0,0,0,0,0,3,0,0,0,0,0,0,0,0,0,0,0,0,0,0,0,0,0,0,0,0,0,0,0,0,0,0,0,0,0,0,0,0,0,0,0,0,3,4,5,5,0,0,0,0,20
SAL20298,5,0,0,0,0,0,0,0,7,3,0,0,0,0,0,0,3,9,0,0,0,0,0,0,0,0,0,0,0,0,0,0,0,0,0,0,0,0,0,5,0,0,0,0,3,0,0,0,0,0,0,0,0,0,0,0,0,0,0,0,0,0,4,3,0,3,0,0,0,0,0,8,0,0,3,6,0,0,0,0,9,4,0,5,0,0,0,0,0,5,0,0,5,0,0,0,0,0,0,0,0,0,4,0,0,0,0,6,0,0,0,0,0,0,0,0,0,0,0,0,0,0,0,0,0,0,0,0,0,0,0,0,0,0,0,27,4,9,19,0,0,0,5,68
SAL20299,5,0,0,0,0,0,0,0,5,0,0,0,0,0,0,0,0,0,0,0,0,0,0,0,0,0,0,0,4,0,0,0,0,0,0,4,0,0,0,0,0,0,0,0,0,0,0,0,0,0,0,0,0,5,0,0,0,0,0,0,0,0,0,0,0,3,0,0,0,0,0,3,0,0,0,0,0,0,0,0,0,0,0,5,0,0,0,0,0,4,0,0,0,0,0,0,0,0,0,0,0,0,0,0,0,0,0,5,0,0,0,0,0,0,0,0,0,0,0,0,0,0,0,0,0,0,0,0,0,0,0,0,0,0,0,0,4,9,3,0,0,0,0,22
SAL20300,20,0,0,0,0,0,0,5,23,9,3,0,0,0,0,0,0,18,7,4,0,0,0,0,0,0,12,3,3,9,0,0,0,0,3,22,0,0,7,7,0,0,0,4,23,0,5,6,4,5,0,0,4,19,4,5,5,4,0,0,3,3,26,0,0,10,9,4,0,0,6,21,3,3,8,14,3,0,0,3,37,4,0,13,4,0,0,0,12,36,4,0,5,10,3,4,0,6,43,0,0,5,11,5,0,0,10,36,0,0,3,9,4,0,0,3,31,0,0,5,3,5,0,0,6,21,6,0,7,9,13,4,3,21,60,61,28,84,90,48,9,8,82,415
SAL20301,0,0,0,0,0,0,0,0,4,4,0,0,0,0,0,0,0,4,3,0,0,0,0,0,0,0,4,0,0,0,0,0,0,0,0,4,0,5,0,0,0,0,0,0,5,0,0,0,0,0,0,0,0,0,0,0,0,0,0,0,0,0,0,0,0,0,0,0,0,0,0,5,0,0,0,4,0,0,0,0,4,0,0,0,0,0,0,0,0,9,0,0,0,0,0,0,0,0,0,0,0,0,0,0,0,0,0,3,0,0,0,0,0,0,0,0,0,0,0,0,0,0,0,0,0,0,0,0,0,0,0,0,0,0,0,9,4,6,9,4,0,0,8,40
SAL20302,0,0,0,0,0,0,0,0,6,0,0,0,0,0,0,0,0,0,0,0,0,0,0,0,0,0,5,0,0,0,0,0,0,0,0,5,0,0,0,0,0,0,0,0,0,0,0,0,0,0,0,0,0,0,0,0,5,0,0,0,0,0,5,6,0,0,0,0,0,0,0,3,0,0,0,0,0,0,0,0,3,0,0,3,0,0,0,0,0,6,0,0,0,0,0,0,0,0,0,0,0,0,0,0,0,0,0,0,0,0,0,0,0,0,0,0,0,0,0,0,0,0,0,0,0,0,0,0,0,0,0,0,0,0,0,6,0,12,6,0,0,0,0,33
SAL20303,0,0,0,0,0,0,0,0,0,0,0,0,0,0,0,0,0,0,0,0,0,0,0,0,0,0,0,0,0,0,0,0,0,0,0,0,0,0,0,0,0,0,0,0,0,0,0,0,0,0,0,0,0,0,0,0,0,0,0,0,0,0,0,0,0,0,0,0,0,0,0,0,0,0,0,0,0,0,0,0,0,0,0,0,0,0,0,0,0,3,0,0,0,0,0,0,0,0,3,0,0,0,0,0,0,0,0,0,0,0,0,0,0,0,0,0,0,0,0,0,0,0,0,0,0,0,0,0,0,0,0,0,0,0,0,0,0,7,0,3,0,0,4,12
SAL20304,469,0,0,0,0,0,0,39,512,559,21,0,0,0,0,0,52,645,647,109,50,13,6,0,0,44,874,499,265,195,42,7,3,0,56,1068,256,211,304,95,21,4,4,44,938,201,149,330,129,30,5,0,30,875,165,134,258,108,33,8,0,33,739,128,123,270,142,46,10,8,21,738,104,119,257,141,45,8,5,27,710,88,99,257,149,56,6,9,28,698,85,78,275,152,59,17,3,27,698,43,60,219,148,72,19,3,35,593,26,21,147,100,62,16,12,32,411,26,16,111,67,53,25,12,43,352,16,18,85,63,35,31,30,45,313,3309,1418,2768,1351,519,145,93,564,10161
SAL20305,0,0,0,0,0,0,0,0,0,0,0,0,0,0,0,0,0,0,0,0,0,0,0,0,0,0,0,0,0,0,0,0,0,0,0,5,0,0,0,0,0,0,0,0,0,0,0,4,0,0,0,0,0,4,0,0,0,0,0,0,0,0,4,0,0,0,0,0,0,0,0,0,0,0,0,0,0,0,0,0,0,0,0,0,0,0,0,0,0,0,0,0,0,0,0,0,0,0,4,0,0,0,0,0,0,0,3,3,0,0,0,0,0,0,0,0,0,0,0,0,0,0,0,0,0,0,0,0,0,0,0,0,0,0,0,7,0,6,3,0,0,0,4,23
SAL20306,0,0,0,0,0,0,0,0,0,0,0,0,0,0,0,0,0,3,0,0,0,0,0,0,0,0,0,0,0,0,0,0,0,0,0,0,0,0,0,0,0,0,0,0,0,0,0,0,0,0,0,0,0,0,0,0,0,0,0,0,0,0,4,0,0,0,0,0,0,0,0,0,0,0,0,3,0,0,0,0,0,0,0,4,0,3,0,0,0,10,0,0,0,0,0,0,0,0,5,0,0,0,0,0,0,0,0,3,0,0,0,4,0,0,0,0,3,0,0,0,0,0,0,0,0,0,0,0,0,0,0,0,0,0,0,12,5,5,9,0,0,4,0,38
SAL20307,172,0,0,0,0,0,0,3,174,165,18,4,0,0,0,0,7,193,150,65,36,13,0,0,0,13,286,114,87,128,45,3,0,0,7,385,48,44,149,52,12,4,4,8,322,23,38,107,59,10,6,0,0,243,30,29,80,43,18,0,0,3,212,16,31,88,37,13,3,0,3,186,14,14,71,44,11,7,0,4,150,3,10,66,49,10,0,0,4,145,9,10,35,27,5,7,0,0,93,3,0,21,17,18,4,0,0,63,0,0,14,6,0,0,0,0,27,0,0,4,3,0,0,0,0,11,0,0,0,0,0,0,0,0,6,741,342,806,398,97,30,8,61,2494
SAL20308,0,0,0,0,0,0,0,0,0,0,0,0,0,0,0,0,0,0,0,0,0,0,0,0,0,0,0,5,0,5,0,0,0,0,0,7,0,0,0,0,0,0,0,0,3,0,0,0,0,0,0,0,0,4,0,0,0,0,0,0,0,0,0,0,0,0,4,0,0,0,0,4,0,0,0,0,0,0,0,0,7,0,0,0,0,0,0,0,0,8,0,0,0,4,3,0,0,4,5,0,0,0,0,0,0,0,0,3,0,0,0,0,0,3,0,0,3,0,0,0,0,0,0,0,0,0,0,0,0,0,0,0,0,0,0,7,0,16,9,5,4,0,11,50
SAL20309,0,0,0,0,0,0,0,0,0,4,0,0,0,0,0,0,0,4,0,0,0,0,0,0,0,0,4,0,3,0,0,0,0,0,0,6,0,0,0,4,0,0,0,0,3,0,0,0,0,0,0,0,0,7,0,0,0,0,0,0,0,0,6,0,0,0,0,0,0,0,5,4,0,0,0,3,0,0,0,3,8,0,0,0,0,0,0,0,0,3,0,0,0,0,3,0,0,0,6,0,0,0,5,4,0,0,4,13,0,0,0,4,0,0,0,0,3,0,0,0,0,0,0,0,0,0,0,0,0,0,0,0,0,0,0,8,6,24,16,12,0,0,15,84
SAL20310,3,0,0,0,0,0,0,0,3,0,0,0,0,0,0,0,0,0,0,0,0,0,0,0,0,0,0,0,0,0,0,0,0,0,0,4,0,0,0,0,0,0,0,0,0,0,0,0,0,0,0,0,0,0,0,0,3,0,0,0,0,0,3,0,0,0,0,0,0,0,0,3,0,0,0,0,0,0,0,0,0,0,0,0,0,0,0,0,0,0,0,0,0,0,0,0,0,0,3,0,0,0,0,0,0,0,0,0,0,0,0,0,0,0,0,0,0,0,0,0,0,0,0,0,0,0,0,0,0,0,0,0,0,0,0,4,0,9,0,0,0,0,0,16
SAL20311,3,0,0,0,0,0,0,0,3,0,0,0,0,0,0,0,0,0,0,0,0,0,0,0,0,0,0,0,0,0,0,0,0,0,0,0,0,0,0,0,0,0,0,0,0,0,0,0,0,0,0,0,0,0,0,0,0,0,0,0,0,0,0,0,0,0,0,0,0,0,0,3,0,0,0,0,0,0,0,0,4,0,0,0,0,0,0,0,0,0,0,0,0,0,0,0,0,0,4,0,0,0,0,0,0,0,0,0,0,0,0,0,0,0,0,0,0,0,0,0,0,0,0,0,0,0,0,0,0,0,0,0,0,0,0,7,0,3,0,0,0,0,0,19
SAL20312,0,0,0,0,0,0,0,0,0,0,0,0,0,0,0,0,0,0,0,0,0,0,0,0,0,0,0,0,0,0,0,0,0,0,0,0,0,0,0,0,0,0,0,0,0,0,0,0,0,0,0,0,0,4,0,0,0,0,0,0,0,0,4,0,0,0,0,0,0,0,0,6,0,0,0,0,0,0,0,0,5,0,0,5,4,0,0,0,0,6,0,0,0,0,0,0,0,0,0,0,0,0,0,0,0,0,0,5,0,0,0,0,0,0,0,0,3,0,0,0,0,0,0,0,0,0,0,0,0,0,0,0,0,0,0,5,8,8,12,0,0,0,3,39
SAL20313,4,0,0,0,0,0,0,0,4,0,0,0,0,0,0,0,0,0,0,0,0,0,0,0,0,0,0,0,0,0,0,0,0,0,0,0,0,0,0,0,0,0,0,0,0,0,0,0,5,0,0,0,0,5,0,0,0,0,0,0,0,0,3,0,0,0,0,0,0,0,0,0,0,0,0,0,0,0,0,0,0,0,0,0,0,0,0,0,0,0,0,0,0,3,0,0,0,0,3,0,0,0,0,0,0,0,0,0,0,0,0,0,0,0,0,0,0,0,0,0,0,0,0,0,0,0,0,0,0,0,0,0,0,0,0,5,0,0,9,3,0,0,0,16
SAL20314,297,0,0,0,0,0,0,38,339,806,13,4,0,0,0,0,124,942,862,62,8,3,0,0,0,108,1047,552,139,53,7,0,0,0,72,827,204,163,115,25,3,0,0,34,546,110,114,125,29,6,0,0,29,419,85,131,136,36,3,0,0,34,418,64,112,130,44,16,5,3,22,397,58,106,95,36,8,0,0,24,320,55,96,86,31,15,8,0,15,291,28,106,74,34,4,4,0,16,265,36,49,72,29,11,0,0,17,211,12,26,76,33,9,7,4,16,181,17,14,65,49,18,8,0,36,204,25,20,76,54,31,9,18,73,305,3212,1150,1110,399,124,41,28,660,6726
SAL20315,342,0,0,0,0,0,0,20,360,344,8,0,0,0,0,0,27,378,392,36,3,5,0,0,0,42,477,273,144,76,8,5,0,0,23,526,128,130,171,29,3,0,0,22,480,66,95,177,44,11,0,0,15,417,77,91,180,67,6,5,0,13,439,80,86,182,58,9,0,0,13,438,57,94,132,60,12,3,3,8,368,53,87,128,55,18,4,0,11,356,36,83,101,48,16,3,0,11,299,29,45,86,51,22,0,0,7,249,21,17,57,37,16,3,5,7,160,9,7,60,49,16,5,3,7,161,16,6,65,34,27,9,6,13,174,1916,945,1412,560,157,32,26,233,5289
SAL20316,298,0,0,0,0,0,0,12,311,302,0,0,0,0,0,0,9,313,218,18,10,0,0,0,0,10,257,136,79,40,11,0,0,0,9,273,68,63,106,25,0,0,0,16,283,49,69,157,47,3,0,0,5,331,46,61,135,48,10,3,0,3,316,48,56,142,78,15,0,0,9,349,41,57,102,49,11,0,0,14,275,49,58,92,38,12,4,0,4,261,45,46,70,31,10,0,0,12,212,37,22,55,41,14,6,6,8,191,24,14,37,29,12,0,0,0,129,13,6,29,16,18,3,0,4,94,17,10,33,36,14,3,10,12,135,1387,569,1004,437,124,26,23,142,3715
SAL20317,0,0,0,0,0,0,0,0,0,0,0,0,0,0,0,0,0,0,0,0,0,0,0,0,0,0,0,0,0,0,0,0,0,0,0,0,0,0,0,0,0,0,0,0,0,0,0,0,0,0,0,0,0,0,0,0,0,0,0,0,0,0,0,0,0,0,0,0,0,0,0,0,0,0,0,0,0,0,0,0,0,0,0,0,0,0,0,0,0,0,0,0,0,0,0,0,0,0,0,0,0,0,0,0,0,0,0,0,0,0,0,0,0,0,0,0,0,0,0,0,0,0,0,0,0,0,0,0,0,0,0,0,0,0,0,0,0,0,4,0,0,0,0,7
SAL20318,0,0,0,0,0,0,0,0,0,0,0,0,0,0,0,0,0,0,0,0,0,0,0,0,0,0,0,0,0,0,0,0,0,0,0,0,0,0,0,0,0,0,0,0,0,0,0,0,0,0,0,0,0,0,0,0,0,0,0,0,0,0,0,0,0,0,0,0,0,0,0,0,0,0,0,0,0,0,0,0,0,0,0,0,0,0,0,0,0,0,0,0,0,0,0,0,0,0,6,0,0,0,0,0,0,0,0,0,0,0,0,0,0,0,0,0,0,0,0,0,0,0,0,0,0,0,0,0,0,0,0,0,0,0,0,0,0,0,0,0,0,0,0,6
SAL20319,0,0,0,0,0,0,0,0,0,0,0,0,0,0,0,0,0,0,0,0,0,0,0,0,0,0,0,0,0,0,0,0,0,0,0,0,0,0,0,0,0,0,0,0,0,0,0,0,0,0,0,0,0,0,0,0,0,0,0,0,0,0,5,0,0,0,0,0,0,0,0,3,0,0,0,0,0,0,0,0,0,0,0,0,0,0,0,0,0,0,0,0,0,0,0,0,0,0,0,0,0,0,0,0,0,0,0,0,0,0,0,0,0,0,0,0,0,0,0,0,0,0,0,0,0,0,0,0,0,0,0,0,0,0,0,3,0,0,8,5,0,0,0,10
SAL20320,0,0,0,0,0,0,0,0,0,0,0,0,0,0,0,0,0,0,0,0,0,0,0,0,0,0,0,0,0,0,0,0,0,0,0,0,0,0,0,0,0,0,0,0,0,0,0,0,0,0,0,0,0,0,0,0,0,0,0,0,0,0,0,0,0,0,0,0,0,0,0,0,0,0,0,0,0,0,0,0,0,0,0,0,0,0,0,0,0,0,0,0,0,0,0,0,0,0,0,0,0,0,0,0,0,0,0,0,0,0,0,0,0,0,0,0,0,0,0,0,0,0,0,0,0,0,0,0,0,0,0,0,0,0,0,3,0,3,0,0,0,0,0,7
SAL20321,0,0,0,0,0,0,0,0,0,3,0,0,0,0,0,0,0,3,3,0,0,0,0,0,0,0,8,0,0,0,0,0,0,0,0,3,0,0,0,0,0,0,0,0,5,0,0,0,0,0,0,0,0,7,0,0,5,0,0,0,0,0,3,0,0,0,0,0,0,0,0,5,0,0,0,0,0,0,0,0,0,0,0,0,0,0,0,0,0,4,0,0,0,0,0,0,0,0,0,0,0,0,0,5,0,0,0,5,0,0,0,0,0,0,0,0,0,0,0,0,0,0,0,0,0,0,0,0,0,0,0,0,0,0,0,15,5,11,8,4,0,0,5,46
SAL20322,4,0,0,0,0,0,0,3,9,5,0,0,0,0,0,0,0,5,9,3,0,0,0,0,0,0,12,0,0,0,0,0,0,0,0,3,4,0,0,6,0,0,0,0,11,0,0,6,0,0,0,0,0,11,0,0,4,0,0,0,0,0,11,0,0,11,3,0,0,0,0,14,0,0,7,3,0,0,0,0,14,0,0,3,5,0,0,0,0,11,3,0,7,0,0,0,0,0,12,0,0,0,3,0,0,0,0,8,0,0,0,0,0,0,0,0,3,0,0,0,0,0,4,0,0,8,0,0,0,0,0,0,0,0,0,32,11,36,26,10,4,0,8,132
SAL20323,0,0,0,0,0,0,0,0,0,0,0,0,0,0,0,0,0,0,0,0,0,0,0,0,0,0,0,0,0,0,0,0,0,0,0,0,0,0,0,0,0,0,0,0,0,0,0,0,0,0,0,0,0,0,0,0,0,0,0,0,0,0,0,0,0,0,0,0,0,0,0,0,0,0,0,0,0,0,0,0,0,0,0,0,0,0,0,0,0,0,0,0,0,0,0,0,0,0,0,0,0,0,0,0,0,0,0,0,0,0,0,0,0,0,0,0,0,0,0,0,0,0,0,0,0,0,0,0,0,0,0,0,0,0,0,0,0,0,4,0,0,0,0,3
SAL20324,251,0,0,0,0,0,0,27,276,270,9,9,3,0,0,0,53,336,376,60,28,7,3,0,0,45,521,263,114,63,24,0,0,0,38,503,125,84,93,46,16,5,0,34,395,68,60,100,48,8,0,5,33,320,48,42,84,50,24,12,8,7,274,51,54,99,38,12,9,9,14,287,35,42,69,43,13,5,6,21,231,42,37,79,42,26,15,8,15,271,40,34,71,41,30,7,9,16,252,30,13,34,33,21,15,12,17,178,13,5,19,18,13,8,10,9,92,0,5,9,10,7,7,18,4,58,0,5,8,10,5,9,18,13,74,1612,562,765,404,179,91,111,343,4064
SAL20325,0,0,0,0,0,0,0,0,0,0,0,0,0,0,0,0,0,0,4,0,0,0,0,0,0,0,7,0,0,0,0,0,0,0,0,4,0,0,0,0,0,0,0,0,0,0,0,0,0,0,0,0,0,0,0,0,0,0,0,0,0,0,0,0,0,0,0,0,0,0,0,0,0,0,0,0,0,0,0,0,0,0,0,0,0,0,0,0,0,0,0,0,0,0,0,0,0,0,0,0,0,0,0,0,0,0,0,0,0,0,0,0,0,0,0,0,0,0,0,0,0,0,0,0,0,0,0,0,0,0,0,0,0,0,0,4,0,0,5,0,0,0,0,9
SAL20326,8,0,0,0,0,0,0,0,14,31,0,0,0,0,0,0,6,35,28,10,4,0,0,0,0,10,53,14,4,9,4,0,0,0,0,43,6,10,4,6,0,0,0,0,34,14,6,8,4,0,0,0,7,34,7,7,3,4,0,0,0,8,34,12,9,10,4,3,4,0,4,37,7,6,6,3,3,0,0,7,41,7,5,12,10,0,0,0,0,37,3,5,11,0,4,0,0,4,29,0,0,5,9,4,5,0,0,24,0,0,7,6,4,0,0,9,24,0,0,3,3,0,4,0,0,14,0,0,3,4,0,3,0,4,17,138,60,96,56,33,12,3,62,469
SAL20327,0,0,0,0,0,0,0,0,0,0,0,0,0,0,0,0,0,0,0,0,0,0,0,0,0,0,0,7,0,0,0,0,0,0,0,8,0,0,0,0,0,0,0,0,10,3,0,3,0,0,0,0,0,6,0,0,0,0,0,0,0,0,0,0,0,0,0,0,0,0,0,0,0,0,0,0,0,0,0,0,3,5,3,0,0,0,0,0,0,9,0,0,4,0,0,0,0,0,9,0,3,0,0,0,0,0,0,8,5,0,0,0,0,0,0,0,3,0,0,0,0,0,0,0,0,0,0,0,0,0,0,0,0,0,4,20,11,18,8,0,0,0,0,54
SAL20328,0,0,0,0,0,0,0,0,0,0,0,0,0,0,0,0,0,0,0,0,0,0,0,0,0,0,0,0,0,0,0,0,0,0,0,0,0,0,0,0,0,0,0,0,0,0,0,0,0,0,0,0,0,0,0,0,0,0,0,0,0,0,0,0,0,0,0,0,0,0,0,0,0,0,0,0,0,0,0,0,0,4,0,0,0,0,0,0,0,4,0,0,0,0,0,0,0,0,0,0,0,0,0,0,0,0,0,0,0,0,0,0,0,0,0,0,0,0,0,0,0,0,0,0,0,0,0,0,0,0,0,0,0,0,0,3,0,0,0,6,0,0,0,9
SAL20329,0,0,0,0,0,0,0,0,0,6,0,0,0,0,0,0,0,6,0,0,0,0,0,0,0,0,0,0,0,0,0,0,0,0,0,0,0,0,0,0,0,0,0,0,0,0,0,0,0,0,0,0,0,0,0,0,0,0,0,0,0,0,0,0,0,0,0,0,0,0,0,6,0,0,0,0,0,0,0,0,3,0,0,0,0,0,0,0,0,0,0,0,0,0,0,0,0,0,0,0,0,0,0,0,0,0,0,0,0,0,0,0,0,0,0,0,0,0,0,0,0,0,0,0,0,3,0,0,0,0,0,0,0,0,0,4,0,6,4,7,3,0,0,17
SAL20330,23,0,0,0,0,0,0,4,26,22,4,0,0,0,0,0,4,30,19,0,3,3,0,0,0,0,25,5,8,7,0,0,0,0,8,35,9,4,15,3,0,0,0,3,34,4,5,9,5,0,0,0,4,29,0,3,6,11,8,0,0,3,40,9,0,7,13,5,0,0,0,33,3,3,10,3,5,3,0,7,37,6,3,30,13,10,0,5,0,72,0,5,20,15,3,0,0,4,46,6,0,5,11,0,0,0,3,29,0,0,5,5,0,0,0,3,22,0,0,0,0,0,0,0,0,3,0,0,0,0,0,0,0,0,5,109,40,125,96,38,12,5,38,470
SAL20331,66,0,0,0,0,0,0,6,77,59,0,0,0,0,0,0,6,69,68,5,0,0,0,0,0,3,76,51,33,28,0,4,0,0,0,118,17,33,54,9,4,0,0,0,120,28,22,52,18,0,0,0,0,128,21,20,49,29,10,0,0,7,128,15,16,41,23,6,0,0,10,116,20,16,48,20,10,0,0,3,117,18,12,35,22,5,0,0,6,101,5,13,50,19,15,0,0,6,101,4,13,32,33,11,6,5,4,99,6,4,37,12,7,3,0,0,72,4,0,12,16,11,6,0,9,58,3,8,13,5,3,0,0,0,24,390,183,440,217,77,14,3,63,1394
SAL20332,0,0,0,0,0,0,0,0,0,0,0,0,0,0,0,0,0,4,0,0,0,0,0,0,0,0,0,0,0,0,0,0,0,0,0,0,0,0,4,0,0,0,0,0,5,0,0,0,0,0,0,0,0,8,0,0,4,0,0,0,0,0,4,0,0,4,0,0,0,0,0,8,0,0,0,0,0,0,0,0,3,4,0,0,3,0,0,0,0,9,0,0,0,0,0,0,0,0,9,0,0,0,0,0,0,0,0,5,0,0,0,0,0,0,0,0,0,0,0,0,0,0,0,0,0,0,0,0,0,0,0,0,0,0,0,14,0,14,14,0,0,0,4,50
SAL20333,0,0,0,0,0,0,0,0,0,0,0,0,0,0,0,0,4,3,4,0,0,0,0,0,0,0,4,0,0,0,0,0,0,0,0,0,4,0,0,0,0,0,0,0,5,0,0,0,0,0,0,0,0,9,0,0,0,0,0,0,0,0,9,0,0,0,0,0,0,0,0,4,0,0,0,0,0,0,0,0,0,3,0,3,0,0,0,0,0,10,4,0,0,0,0,0,0,0,7,0,0,0,6,0,0,0,0,7,0,0,0,0,0,0,0,0,0,0,0,0,0,0,0,0,0,0,0,0,0,0,0,0,0,0,0,15,8,18,7,10,0,0,5,56
SAL20334,3,0,0,0,0,0,0,0,3,0,0,0,0,0,0,0,0,0,3,0,0,0,0,0,0,0,3,0,0,0,0,0,0,0,0,0,0,0,0,4,0,0,0,0,4,0,0,0,0,0,0,0,0,0,0,0,0,0,0,0,0,0,0,0,0,0,0,0,0,0,0,0,0,0,0,4,0,0,0,0,9,0,0,0,0,0,0,0,0,0,0,0,0,0,0,0,0,0,0,0,0,0,0,0,0,0,0,0,0,0,0,0,0,0,0,0,0,0,0,0,0,0,0,0,0,0,0,0,0,0,0,0,0,0,0,7,0,9,7,0,0,0,0,25
SAL20335,3,0,0,0,0,0,0,0,3,0,0,0,0,0,0,0,0,3,8,3,0,0,0,0,0,0,12,0,0,4,0,0,0,0,0,11,0,0,7,0,0,0,0,0,4,6,0,0,9,4,0,0,0,8,0,0,0,0,0,0,0,0,5,5,0,0,4,0,0,0,0,9,9,0,4,0,0,0,0,0,16,0,0,7,6,0,0,0,0,22,0,0,4,4,0,0,0,0,14,0,0,3,0,0,0,0,3,11,0,0,0,0,5,0,0,4,11,0,0,0,3,0,0,0,0,7,0,0,3,3,0,0,0,5,8,35,8,40,24,12,3,0,22,146
SAL20336,47,0,0,0,0,0,0,7,54,47,3,0,0,0,0,0,8,55,46,4,3,0,0,0,0,9,66,23,10,5,0,0,0,0,6,51,31,12,25,10,9,5,0,0,85,10,3,34,7,5,0,0,8,77,24,17,31,10,3,3,0,4,100,15,13,24,26,3,0,0,11,89,9,10,41,14,10,0,0,5,84,23,9,28,21,9,0,0,6,103,16,9,36,19,7,0,0,3,89,15,9,39,21,17,0,0,9,104,8,3,36,20,7,5,3,18,97,7,7,11,14,8,3,3,7,49,4,4,8,10,6,0,5,23,56,335,108,315,178,77,18,10,127,1159
SAL20337,710,0,0,0,0,0,0,38,757,551,5,0,0,0,0,0,21,580,394,19,6,3,0,0,0,16,438,316,93,56,12,0,0,0,37,513,218,135,197,56,10,0,0,24,644,122,109,306,100,12,0,0,25,684,137,165,362,171,41,3,5,32,913,141,160,416,199,36,4,0,47,1010,147,151,351,204,36,5,3,30,925,147,109,334,160,46,11,0,29,842,128,123,297,132,39,10,0,31,754,101,94,340,149,52,13,0,41,783,69,57,255,143,48,16,3,44,629,39,32,156,93,42,17,13,48,439,67,48,133,130,65,28,27,92,592,3281,1297,3213,1561,428,112,63,555,10502
SAL20338,541,0,0,0,0,0,0,39,582,370,5,0,0,0,0,0,24,397,213,14,4,0,0,0,0,18,256,150,73,61,6,0,0,0,7,307,93,96,201,49,4,0,0,10,463,70,85,294,96,9,0,0,18,568,56,110,355,123,31,0,4,27,710,67,110,333,131,32,3,0,18,700,82,114,261,102,18,5,4,9,592,80,89,214,82,15,7,0,9,507,77,57,183,90,16,4,6,19,453,53,57,174,78,13,9,3,21,405,68,38,142,77,31,0,7,39,402,34,23,113,83,34,8,3,31,326,45,53,165,139,58,20,12,83,573,2006,924,2497,1066,268,53,32,385,7236
SAL20339,5,0,0,0,0,0,0,3,7,4,0,0,0,0,0,0,0,4,0,0,0,0,0,0,0,0,4,0,0,5,0,0,0,0,0,3,0,0,0,0,0,0,0,0,4,0,0,0,3,0,0,0,0,6,4,0,0,0,0,0,0,0,5,0,0,4,5,0,0,0,3,10,0,0,4,0,0,0,0,0,0,0,0,3,5,0,0,0,0,12,0,0,4,0,0,0,0,0,6,6,0,0,0,0,0,0,0,7,0,0,0,0,0,0,0,0,4,0,0,0,0,0,0,0,0,0,0,0,0,0,0,0,0,0,0,16,3,15,20,8,0,0,7,71
SAL20340,0,0,0,0,0,0,0,0,0,0,0,0,0,0,0,0,0,0,0,0,0,0,0,0,0,0,0,0,0,0,0,0,0,0,0,0,0,0,0,0,0,0,0,0,0,0,0,0,0,0,0,0,0,0,0,0,0,0,0,0,0,0,0,0,0,0,0,0,0,0,0,0,0,0,0,0,0,0,0,0,0,0,0,0,0,0,0,0,0,0,0,0,0,0,0,0,0,0,0,0,0,0,0,0,0,0,0,0,0,0,0,0,0,0,0,0,0,0,0,0,0,0,0,0,0,0,0,0,0,0,0,0,0,0,0,0,0,0,0,0,0,0,3,3
SAL20341,0,0,0,0,0,0,0,0,0,0,0,0,0,0,0,0,0,0,0,0,0,0,0,0,0,0,0,0,0,0,0,0,0,0,0,0,0,0,0,0,0,0,0,0,0,0,0,0,0,0,0,0,0,0,0,0,0,0,0,0,0,0,6,0,0,0,0,0,0,0,0,0,0,0,0,0,0,0,0,0,3,0,0,4,6,0,0,0,0,3,0,0,0,0,0,0,0,0,0,0,0,0,0,0,0,0,0,0,0,0,0,0,0,0,0,0,0,0,0,0,0,0,0,0,0,0,0,0,0,0,0,0,0,0,0,5,0,4,3,5,0,0,3,23
SAL20342,0,0,0,0,0,0,0,0,0,0,0,0,0,0,0,0,0,8,0,0,0,0,0,0,0,0,0,0,0,0,0,0,0,0,0,0,0,0,0,0,0,0,0,0,0,0,0,0,0,0,0,0,0,3,0,0,0,0,0,0,0,0,5,0,0,0,0,0,0,0,0,7,0,0,0,0,0,0,0,0,6,0,0,0,0,0,0,0,0,0,0,0,0,0,0,0,0,0,0,0,0,0,0,0,0,0,0,0,0,0,0,0,0,0,0,0,0,0,0,0,0,0,0,0,0,0,0,0,0,0,0,0,0,0,0,4,5,9,3,0,0,0,0,35
SAL20343,0,0,0,0,0,0,0,0,0,0,0,0,0,0,0,0,0,0,0,0,0,0,0,0,0,0,0,0,0,0,0,0,0,0,0,0,0,0,0,0,0,0,0,0,0,0,0,0,0,0,0,0,0,0,0,0,0,0,0,0,0,0,0,0,0,0,0,0,0,0,0,0,0,0,0,0,0,0,0,0,0,0,0,0,0,0,0,0,0,0,0,0,0,0,0,0,0,0,0,0,0,0,0,0,0,0,0,0,0,0,0,0,0,0,0,0,0,0,0,0,0,0,0,0,0,0,0,0,0,0,0,0,0,0,0,0,0,0,3,0,0,0,0,9
SAL20344,0,0,0,0,0,0,0,0,0,0,0,0,0,0,0,0,0,0,0,0,0,0,0,0,0,0,0,0,0,0,0,0,0,0,0,0,0,0,0,0,0,0,0,0,0,0,0,0,0,0,0,0,0,0,0,0,0,0,0,0,0,0,0,0,0,0,0,0,0,0,0,5,0,0,0,3,0,0,0,0,0,0,0,0,0,0,0,0,0,0,0,0,0,0,0,0,0,0,0,0,0,0,0,0,0,0,0,0,0,0,0,0,0,0,0,0,0,0,0,0,0,0,0,0,0,0,0,0,0,0,0,0,0,0,0,3,0,3,4,5,0,0,0,15
SAL20345,111,0,0,0,0,0,0,8,118,99,5,4,0,0,0,0,11,122,88,28,27,7,0,0,0,5,152,41,31,50,17,0,0,0,14,156,29,19,47,25,10,0,0,9,139,22,23,52,33,9,3,0,10,148,22,20,40,38,13,3,5,12,152,28,19,42,39,15,3,0,12,162,14,10,54,47,15,0,3,12,153,21,14,45,42,21,6,0,11,160,13,13,48,29,13,0,3,4,133,10,7,31,27,15,0,5,8,89,7,13,22,12,13,9,4,5,77,0,3,12,9,8,3,3,5,44,0,4,9,13,10,3,3,15,57,507,210,468,345,146,36,26,124,1870
SAL20346,306,0,0,0,0,0,0,51,359,335,18,17,4,0,0,0,49,427,275,82,62,32,5,0,0,55,516,171,105,92,60,22,15,9,63,534,85,72,101,66,48,10,16,54,463,65,40,95,45,45,17,20,45,380,45,41,64,58,25,12,21,31,293,54,38,67,51,41,17,25,44,338,45,33,61,67,33,16,30,27,309,35,25,74,46,28,14,22,37,278,24,21,42,30,15,7,22,10,177,15,12,42,35,27,12,18,13,172,5,7,39,29,20,6,13,13,140,4,7,12,28,14,21,11,17,108,3,7,16,20,20,15,16,6,107,1469,509,786,566,345,162,236,520,4593
SAL20347,4,0,0,0,0,0,0,0,4,4,0,0,0,0,0,0,0,4,0,0,0,0,0,0,0,0,0,0,0,0,0,0,0,0,0,3,0,0,0,0,0,0,0,0,0,0,0,0,0,0,0,0,0,0,0,0,0,0,0,0,0,0,4,0,0,6,0,0,0,0,3,6,0,0,0,0,0,0,0,0,5,0,0,0,0,0,0,0,0,0,0,0,0,4,0,0,0,0,6,0,0,0,0,0,0,0,0,0,0,0,0,0,0,0,0,0,0,0,0,0,0,0,0,0,0,0,0,0,0,0,0,0,0,0,0,4,3,6,3,4,0,0,3,28
SAL20348,0,0,0,0,0,0,0,0,0,0,0,0,0,0,0,0,0,0,0,0,0,0,0,0,0,0,0,0,0,0,0,0,0,0,0,6,0,0,0,0,0,0,0,0,0,0,0,0,0,0,0,0,0,0,0,0,0,0,0,0,0,0,0,0,0,0,0,0,0,0,0,0,0,0,0,0,0,0,0,0,3,0,0,0,0,0,0,0,0,0,0,0,0,0,0,0,0,0,3,0,0,0,0,0,0,0,0,0,0,0,0,0,0,0,0,0,0,0,0,0,0,0,0,0,0,0,0,0,0,0,0,0,0,0,0,7,0,4,3,0,0,0,0,12
SAL20349,0,0,0,0,0,0,0,0,0,0,0,0,0,0,0,0,0,0,0,0,0,0,0,0,0,0,0,0,0,0,0,0,0,0,0,0,0,0,0,0,0,0,0,0,0,0,0,0,0,0,0,0,0,0,0,0,0,0,0,0,0,0,0,0,0,0,0,0,0,0,0,6,0,0,0,0,0,0,0,0,0,3,0,0,0,0,0,0,0,8,0,0,0,0,0,0,0,0,0,0,0,0,0,0,0,0,0,0,0,0,0,0,0,0,0,0,0,0,0,0,0,0,0,0,0,0,0,0,0,0,0,0,0,0,0,4,0,4,9,0,0,0,3,16
SAL20350,0,0,0,0,0,0,0,0,0,0,0,0,0,0,0,0,0,0,0,0,0,0,0,0,0,0,0,0,0,0,0,0,0,0,0,0,0,0,0,0,0,0,0,0,0,0,0,0,0,0,0,0,0,3,0,0,0,0,0,0,0,0,0,0,0,0,0,0,0,0,0,3,0,0,0,0,0,0,0,0,0,0,0,0,0,0,0,0,0,3,0,0,0,0,0,0,0,0,0,0,0,0,0,0,0,0,0,0,0,0,0,0,0,0,0,0,5,0,0,0,0,0,0,0,0,0,0,0,0,0,0,0,0,0,0,0,0,0,0,3,3,0,0,16
SAL20351,290,0,0,0,0,0,0,50,343,256,23,8,0,0,0,0,24,320,169,96,61,20,3,0,0,31,379,99,120,122,54,17,16,9,26,464,74,73,170,79,40,17,16,25,488,43,53,126,68,41,14,18,24,385,28,24,109,51,25,9,13,14,279,32,31,87,70,26,4,11,12,277,11,25,91,59,25,9,8,7,236,17,17,87,58,28,6,6,6,221,9,11,84,61,20,10,0,9,206,9,8,51,42,22,6,10,16,171,3,7,37,35,12,5,6,8,107,5,3,18,20,13,4,3,8,75,0,3,5,20,17,6,7,9,63,1054,508,1050,628,287,103,117,281,4023
SAL20352,22,0,0,0,0,0,0,4,28,45,3,0,0,0,0,0,3,53,104,23,4,0,0,0,0,10,141,78,25,10,4,0,0,0,13,127,25,17,24,8,0,0,0,0,82,24,12,7,0,0,0,0,0,53,20,5,15,5,0,0,0,0,49,16,10,27,4,0,0,0,0,60,9,6,22,3,3,0,0,5,58,4,8,13,14,0,3,0,3,44,4,5,9,0,0,3,0,0,29,0,4,6,9,4,0,0,9,30,0,0,14,3,0,0,0,0,18,0,0,4,4,0,0,4,0,20,0,0,6,8,0,0,4,0,25,372,123,156,72,14,10,9,45,816
SAL20353,0,0,0,0,0,0,0,0,0,0,0,0,0,0,0,0,0,0,0,0,0,0,0,0,0,0,0,0,0,0,0,0,0,0,0,0,0,0,0,0,0,0,0,0,0,0,0,0,0,0,0,0,0,0,0,0,0,0,0,0,0,0,0,0,0,0,0,0,0,0,0,3,0,0,0,0,0,0,0,0,0,0,0,0,0,0,0,0,0,0,0,0,0,0,0,0,0,0,0,0,0,0,0,0,0,0,0,0,0,0,0,0,0,0,0,0,0,0,0,0,0,0,0,0,0,0,0,0,0,0,0,0,0,0,0,0,6,4,0,0,0,0,0,6
SAL20354,0,0,0,0,0,0,0,0,9,6,0,0,0,0,0,0,0,8,0,0,4,0,0,0,0,3,6,4,0,0,0,0,0,0,0,3,0,0,0,0,0,0,0,0,6,0,0,0,0,0,0,0,0,0,0,0,0,5,0,0,0,0,8,3,0,3,6,0,0,0,0,11,6,0,0,0,0,0,0,0,7,0,0,5,0,0,0,0,3,11,0,0,3,3,0,0,0,0,15,0,0,0,0,0,0,0,0,10,0,0,0,0,0,0,0,0,4,0,0,0,0,0,0,0,0,0,0,0,0,0,0,0,0,0,0,23,5,29,15,0,0,0,14,91
SAL20355,4,0,0,0,0,0,0,0,4,0,0,0,0,0,0,0,0,0,0,0,0,0,0,0,0,0,0,0,0,0,0,0,0,0,0,0,0,0,0,0,0,0,0,0,0,0,0,0,0,0,0,0,0,4,0,0,0,0,0,0,0,0,0,0,0,0,0,0,0,0,0,8,0,0,0,0,0,0,0,0,0,0,0,0,0,0,0,0,0,0,0,0,0,0,0,0,0,0,0,0,0,0,0,0,0,0,0,4,0,0,0,0,0,0,0,0,0,0,0,0,4,0,0,0,0,4,0,0,0,0,0,0,0,0,0,8,0,0,5,4,0,0,3,24
SAL20356,87,0,0,0,0,0,0,3,94,91,4,3,0,0,0,0,9,105,141,32,9,5,0,0,0,10,194,65,41,53,22,4,0,0,0,182,34,39,71,28,10,0,0,7,194,24,20,55,25,8,3,0,0,142,18,22,56,34,10,4,3,7,146,23,23,43,27,5,5,4,3,130,10,15,40,34,18,3,0,7,128,22,19,44,44,5,10,5,5,143,16,11,30,28,16,11,6,3,112,12,7,31,30,12,3,9,9,107,7,0,24,8,4,3,0,4,58,5,4,10,4,5,4,9,6,41,4,0,0,6,12,4,6,6,42,553,231,472,300,112,50,31,82,1822
SAL20357,4,0,0,0,0,0,0,0,4,3,0,0,0,0,0,0,0,3,0,0,0,0,0,0,0,0,0,0,0,0,0,0,0,0,0,0,0,0,0,0,0,0,0,0,7,0,0,0,0,0,0,0,0,0,0,0,5,0,0,0,0,0,7,0,0,0,3,0,0,0,0,3,0,0,6,0,0,0,0,0,4,0,0,0,0,0,0,0,0,4,0,0,3,0,3,0,0,0,4,0,0,3,0,0,0,0,0,4,0,0,0,0,0,0,0,0,0,0,0,0,0,0,0,0,0,0,0,0,0,0,0,0,0,0,0,7,3,15,4,3,0,0,0,43
SAL20358,0,0,0,0,0,0,0,0,0,0,0,0,0,0,0,0,0,0,0,0,0,0,0,0,0,0,0,0,0,0,0,0,0,0,0,0,0,0,0,0,4,0,0,0,5,0,0,0,6,0,0,0,0,3,0,0,0,0,0,0,0,0,4,0,0,0,3,0,0,0,0,3,0,0,0,0,0,0,0,0,0,0,0,4,0,0,0,0,0,9,0,0,0,0,0,0,0,0,0,0,0,4,4,4,0,0,0,9,0,0,0,0,0,0,0,0,0,0,0,0,0,0,0,0,0,0,0,0,0,0,0,0,0,0,0,7,3,5,8,12,0,0,4,45
SAL20359,0,0,0,0,0,0,0,0,0,4,0,0,0,0,0,0,4,5,0,0,0,0,0,0,0,0,0,0,0,0,0,0,0,0,0,5,0,4,0,0,0,0,0,0,8,0,0,0,0,0,0,0,0,4,0,0,0,0,0,0,0,0,0,0,0,0,6,0,0,0,0,5,0,0,5,0,0,0,0,0,4,0,0,0,0,0,0,0,0,8,0,0,0,0,0,0,0,0,3,0,0,0,0,0,0,0,0,0,0,0,0,0,0,0,0,0,5,0,0,0,0,0,0,0,0,0,0,0,0,0,0,0,0,0,0,16,6,13,7,5,4,5,0,54
SAL20360,0,0,0,0,0,0,0,0,0,0,0,0,0,0,0,0,0,0,0,0,0,0,0,0,0,0,0,0,0,0,0,0,0,0,0,0,0,0,0,0,0,0,0,0,0,0,0,0,0,0,0,0,0,0,0,0,0,0,0,0,0,0,0,0,0,0,0,0,0,0,0,0,0,0,0,0,0,0,0,0,0,0,0,0,0,0,0,0,0,0,0,0,0,0,0,0,0,0,0,0,0,0,0,0,0,0,0,0,0,0,0,0,0,0,0,0,0,0,0,0,0,0,0,0,0,0,0,0,0,0,0,0,0,0,0,0,0,0,0,0,0,0,0,0
SAL20361,314,0,0,0,0,0,0,26,344,1161,0,0,0,0,0,0,94,1268,1802,19,5,4,0,0,0,129,1958,1512,167,40,11,3,0,0,114,1845,777,216,183,21,4,3,0,44,1258,440,152,238,44,7,0,0,29,913,303,115,200,70,7,0,7,30,732,239,108,189,54,13,4,0,26,643,205,93,158,54,20,0,0,21,549,185,90,150,81,29,3,3,14,545,112,66,130,56,30,7,8,18,421,84,42,103,69,22,8,3,22,364,39,14,93,61,23,10,0,21,253,23,28,89,69,24,12,11,13,262,14,31,99,61,26,9,14,15,268,7215,1136,1673,662,209,57,50,616,11607
SAL20362,170,0,0,0,0,0,0,13,178,580,7,0,0,0,0,0,43,623,1026,14,6,5,0,0,0,67,1115,1063,88,18,4,0,0,0,76,1249,560,137,73,12,6,0,0,45,828,309,89,120,28,4,0,0,40,586,178,59,107,20,8,0,0,18,388,123,58,91,29,3,0,0,17,315,101,38,95,30,5,0,0,13,279,70,39,71,30,16,4,0,15,238,40,23,66,24,4,0,0,8,176,23,24,54,30,15,0,0,14,164,11,13,32,34,3,7,0,6,108,4,5,42,28,11,9,0,7,109,5,13,30,17,6,0,3,8,98,4263,599,798,295,86,19,19,386,6459
SAL20363,249,0,0,0,0,0,0,29,272,603,5,0,0,0,0,0,69,672,884,41,9,9,0,0,0,66,1006,707,117,52,4,0,0,0,74,952,386,149,116,32,4,4,0,42,732,219,103,160,37,3,0,0,25,550,157,63,156,49,7,3,0,16,453,149,58,150,49,16,4,0,16,442,119,62,136,47,8,0,0,11,381,99,50,100,42,18,3,10,8,326,68,36,88,45,20,8,3,18,276,43,29,67,43,20,5,0,13,224,19,24,66,31,11,6,5,10,169,14,8,53,45,15,4,3,17,160,13,20,62,40,16,9,8,18,181,3736,760,1206,478,132,43,33,412,6805
SAL20364,13,0,0,0,0,0,0,7,19,12,0,0,0,0,0,0,0,11,15,3,7,0,0,0,0,0,28,8,6,5,0,0,0,0,3,32,0,3,11,3,4,0,0,0,20,3,3,15,3,0,0,0,0,30,5,4,10,3,4,0,0,5,25,10,3,10,3,0,0,0,0,28,4,4,12,4,3,3,0,3,32,3,0,15,10,8,0,0,3,38,0,5,9,8,0,0,0,4,24,0,0,5,6,0,0,0,0,17,0,0,3,6,0,4,0,0,17,0,0,0,0,3,0,0,0,5,0,0,0,0,5,0,4,0,3,81,34,99,53,33,5,5,27,335
SAL20365,5,0,0,0,0,0,0,0,5,0,0,0,0,0,0,0,0,0,0,0,0,0,0,0,0,0,0,0,0,0,0,0,0,0,0,6,0,0,0,0,0,0,0,0,0,0,0,0,0,0,0,0,0,4,0,0,4,0,0,0,0,0,4,0,0,0,0,0,0,0,0,6,0,3,3,0,0,0,0,3,6,0,0,0,0,0,0,0,0,8,0,0,0,0,0,0,0,0,6,0,0,0,0,0,0,0,0,3,0,0,0,0,0,0,0,0,4,0,0,0,0,0,0,0,0,0,0,0,0,0,0,0,0,0,4,14,9,12,8,7,0,3,4,45
SAL20366,4,0,0,0,0,0,0,7,10,4,0,0,0,0,0,0,4,0,0,0,0,0,0,0,0,0,6,0,0,0,0,0,0,0,0,5,0,0,0,0,0,0,0,0,4,0,0,3,0,0,0,0,0,9,0,0,0,0,0,0,0,0,3,0,0,3,0,4,0,0,0,9,0,0,0,4,0,0,0,0,7,0,0,3,4,0,0,0,0,10,0,0,3,4,0,0,0,0,10,0,0,0,0,0,0,0,0,4,0,0,0,0,0,0,0,0,5,0,0,0,0,0,0,0,0,4,0,0,0,0,0,0,0,0,4,16,10,16,15,6,0,0,22,87
SAL20367,0,0,0,0,0,0,0,0,0,0,0,0,0,0,0,0,0,0,0,0,0,0,0,0,0,0,3,0,0,4,0,0,0,0,0,9,0,4,0,0,0,0,0,0,4,0,0,0,0,0,0,0,0,3,0,0,0,0,0,0,0,0,4,0,0,0,0,0,0,0,0,3,0,0,3,0,0,0,0,0,6,0,0,0,0,0,0,0,0,0,0,0,0,0,0,0,0,0,0,0,0,0,0,0,0,0,0,4,0,0,0,0,0,0,0,0,0,0,0,3,0,0,0,0,0,9,0,0,0,0,0,0,0,0,0,8,4,14,8,7,0,0,0,38
SAL20368,0,0,0,0,0,0,0,0,0,0,0,0,0,0,0,0,0,0,0,0,0,0,0,0,0,0,3,3,0,0,0,0,0,0,0,3,0,0,0,0,0,0,0,0,4,4,0,0,0,0,0,0,0,8,0,0,0,0,0,0,0,0,6,0,0,0,0,0,0,0,0,0,0,0,0,0,0,0,0,0,8,0,0,9,4,0,0,0,0,10,0,0,0,0,0,0,0,0,3,0,0,0,5,0,0,0,0,4,0,0,3,0,0,0,0,0,8,0,0,0,0,0,0,0,0,4,0,0,0,0,0,0,0,0,0,17,7,16,16,0,4,4,0,61
SAL20369,7,0,0,0,0,0,0,0,7,3,0,0,0,0,0,0,0,3,0,0,3,0,0,0,0,0,10,4,0,0,0,0,0,0,0,9,0,0,4,3,0,0,0,0,5,0,0,5,3,0,0,0,5,11,0,0,5,0,0,0,0,0,5,0,0,3,8,0,0,0,0,6,0,0,6,0,0,0,0,0,8,0,0,0,0,0,0,0,0,6,0,0,0,0,0,0,0,0,0,0,0,0,0,0,0,0,0,0,0,0,0,0,0,0,0,0,0,0,0,0,0,0,0,0,0,0,0,0,0,0,0,0,0,0,0,20,7,26,18,3,0,0,4,79
SAL20370,0,0,0,0,0,0,0,0,0,0,0,0,0,0,0,0,0,0,0,0,0,0,0,0,0,0,0,0,0,0,0,0,0,0,0,0,0,0,0,0,0,0,0,0,0,0,0,0,0,0,0,0,0,0,0,0,0,0,0,0,0,0,0,0,0,0,0,0,0,0,0,0,0,0,0,0,0,0,0,0,0,0,0,0,0,0,0,0,0,0,0,0,0,0,0,0,0,0,0,0,0,0,0,0,0,0,0,0,0,0,0,0,0,0,0,0,0,0,0,0,0,0,0,0,0,0,0,0,0,0,0,0,0,0,0,4,0,0,3,0,0,0,0,10
SAL20371,3,0,0,0,0,0,0,0,3,0,0,0,0,0,0,0,0,0,0,0,0,0,0,0,0,0,0,0,0,0,0,0,0,0,0,0,0,0,0,0,0,0,0,0,0,0,0,0,0,0,0,0,0,0,0,0,0,0,0,0,0,0,4,0,0,0,0,0,0,0,0,0,0,0,0,0,0,0,0,0,5,0,0,0,0,0,0,0,0,0,0,0,0,0,0,0,0,0,0,0,0,0,0,0,0,0,0,3,0,0,0,0,0,0,0,0,0,0,0,0,0,0,0,0,0,0,0,0,0,0,0,0,0,0,0,3,7,3,3,6,0,0,6,19
SAL20372,0,0,0,0,0,0,0,0,0,0,0,0,0,0,0,0,0,0,0,0,0,0,0,0,0,0,0,0,0,0,0,0,0,0,0,0,0,0,0,0,0,0,0,0,0,0,0,0,0,0,0,0,0,0,0,0,0,0,0,0,0,0,0,0,0,0,0,0,0,0,0,0,0,0,0,0,0,0,0,0,0,0,0,0,0,0,0,0,0,0,0,0,0,0,0,0,0,0,0,0,0,0,0,0,0,0,0,0,0,0,0,0,0,0,0,0,0,0,0,0,0,0,0,0,0,0,0,0,0,0,0,0,0,0,0,0,0,0,0,0,0,0,0,0
SAL20373,5,0,0,0,0,0,0,0,4,3,0,0,0,0,0,0,0,3,0,0,0,0,0,0,0,0,0,0,0,0,0,0,0,0,0,4,0,4,0,0,0,0,0,0,7,0,0,4,0,0,0,0,0,8,6,0,0,0,0,0,0,0,4,0,0,0,6,6,0,0,0,4,0,0,3,3,0,0,0,0,3,0,0,0,0,0,0,0,0,5,0,0,0,0,0,0,0,0,3,0,0,0,0,0,0,0,0,3,0,0,0,0,0,0,0,0,0,0,0,0,0,3,0,0,0,3,0,0,0,0,0,0,0,0,0,10,9,12,12,15,3,0,7,56
SAL20374,0,0,0,0,0,0,0,0,0,0,0,0,0,0,0,0,0,0,0,0,0,0,0,0,0,0,0,0,0,0,0,0,0,0,0,0,0,0,0,0,0,0,0,0,0,0,0,0,0,0,0,0,0,0,0,0,0,0,0,0,0,0,0,0,0,0,0,0,0,0,0,0,0,0,0,0,0,0,0,0,0,0,0,0,0,0,0,0,0,0,0,0,0,0,0,0,0,0,0,0,0,0,0,0,0,0,0,0,0,0,0,0,0,0,0,0,0,0,0,0,0,0,0,0,0,0,0,0,0,0,0,0,0,0,0,0,0,0,0,0,0,0,0,0
SAL20375,9,0,0,0,0,0,0,5,14,6,0,0,0,0,0,0,0,7,5,0,0,0,0,0,0,0,0,0,0,3,0,0,0,0,0,3,0,0,0,3,6,0,0,3,7,0,0,0,4,0,0,0,0,8,0,0,3,3,0,0,0,0,9,0,0,3,0,0,0,0,5,11,0,3,3,0,0,0,0,0,13,0,0,0,5,0,0,0,3,8,0,0,3,5,0,0,0,0,11,0,0,0,3,0,0,0,0,10,0,0,0,0,0,0,0,0,7,0,0,0,0,0,0,0,0,4,0,0,0,0,0,0,0,0,0,25,6,34,22,8,0,3,17,114
SAL20376,13,0,0,0,0,0,0,0,13,3,0,0,0,0,0,0,0,9,0,0,0,0,0,0,0,0,0,3,0,0,0,0,0,0,0,8,0,0,0,0,0,0,0,0,6,0,0,7,6,0,0,0,0,4,0,0,5,0,0,0,0,4,6,3,0,7,4,0,0,0,0,11,4,0,6,4,0,0,0,0,19,0,5,10,0,0,0,0,0,15,0,0,3,6,0,0,0,0,16,0,0,0,0,0,0,0,0,12,0,0,4,0,0,0,0,0,4,0,0,0,0,0,0,0,0,0,0,0,0,0,0,0,0,0,0,27,12,38,26,7,5,5,5,123
SAL20377,0,0,0,0,0,0,0,0,5,0,0,0,0,0,0,0,0,0,0,0,0,0,0,0,0,0,0,3,0,0,0,0,0,0,0,3,0,0,0,3,0,0,0,0,4,0,0,0,3,0,0,0,0,6,0,0,0,0,0,0,0,0,4,0,0,3,0,0,0,0,0,6,0,0,0,0,0,0,0,0,3,0,0,0,0,0,0,0,0,0,0,0,0,0,0,0,0,0,4,0,0,0,0,0,0,0,0,0,0,0,0,0,0,0,0,0,0,0,0,0,0,0,0,0,0,0,0,0,0,0,0,0,0,0,0,6,0,6,12,0,0,0,0,36
SAL20378,0,0,0,0,0,0,0,0,0,0,0,0,0,0,0,0,0,0,0,0,0,0,0,0,0,0,0,0,0,0,0,0,0,0,0,0,0,0,0,0,0,0,0,0,0,0,0,0,0,0,0,0,0,0,0,0,0,0,0,0,0,0,0,0,0,0,0,0,0,0,0,0,0,0,0,0,0,0,0,0,0,0,0,0,0,0,0,0,0,0,0,0,0,0,0,0,0,0,0,0,0,0,0,0,0,0,0,0,0,0,0,0,0,0,0,0,0,0,0,0,0,0,0,0,0,0,0,0,0,0,0,0,0,0,0,0,0,0,0,0,0,0,0,3
SAL20379,0,0,0,0,0,0,0,0,0,0,0,0,0,0,0,0,0,0,0,0,0,0,0,0,0,0,0,0,0,0,0,0,0,0,0,0,0,0,0,0,0,0,0,0,0,0,0,0,0,0,0,0,0,0,0,0,0,0,0,0,0,0,0,0,0,0,0,0,0,0,0,0,0,0,0,0,0,0,0,0,0,0,0,0,0,0,0,0,0,0,0,0,0,0,0,0,0,0,0,0,0,0,0,0,0,0,0,0,0,0,0,0,0,0,0,0,0,0,0,0,0,0,0,0,0,0,0,0,0,0,0,0,0,0,0,0,0,0,0,0,0,0,0,0
SAL20380,0,0,0,0,0,0,0,0,0,0,0,0,0,0,0,0,0,0,0,0,0,0,0,0,0,0,0,0,0,0,0,0,0,0,0,0,0,0,0,0,0,0,0,0,0,0,0,0,0,0,0,0,0,0,0,0,0,0,0,0,0,0,0,0,0,0,0,0,0,0,0,0,0,0,0,0,0,0,0,0,0,0,0,0,0,0,0,0,0,0,0,0,0,0,0,0,0,0,0,0,0,0,0,0,0,0,0,0,0,0,0,0,0,0,0,0,0,0,0,0,0,0,0,0,0,0,0,0,0,0,0,0,0,0,0,0,0,4,0,0,0,0,0,8
SAL20381,23,0,0,0,0,0,0,4,25,18,0,0,0,0,0,0,0,23,13,4,0,0,0,0,0,0,18,3,0,3,0,0,0,0,4,14,4,0,3,0,0,0,0,3,16,6,5,9,3,0,0,0,0,19,0,5,14,4,0,0,0,0,25,7,4,11,3,0,0,0,7,35,5,4,10,3,3,0,0,0,21,0,0,3,4,3,0,0,4,21,6,0,5,6,0,0,0,0,25,0,0,10,3,0,0,0,0,17,0,4,10,0,6,0,0,0,14,0,0,0,3,0,0,0,0,4,0,0,0,0,0,0,0,0,3,78,27,77,36,21,3,4,19,269
SAL20382,0,0,0,0,0,0,0,0,0,0,0,0,0,0,0,0,0,0,0,0,0,0,0,0,0,0,0,0,0,0,0,0,0,0,0,0,0,0,0,0,0,0,0,0,4,0,0,0,0,0,0,0,0,0,0,0,0,0,0,0,0,0,0,0,0,0,0,0,0,0,0,0,0,0,0,0,0,0,0,0,0,0,0,0,0,0,0,0,0,0,0,0,0,0,0,0,0,0,0,0,0,0,0,0,0,0,0,0,0,0,0,0,0,0,0,0,0,0,0,0,0,0,0,0,0,0,0,0,0,0,0,0,0,0,0,0,0,4,0,0,0,0,0,6
SAL20383,0,0,0,0,0,0,0,0,3,5,0,0,0,0,0,0,0,5,0,0,0,0,0,0,0,0,0,0,0,0,0,0,0,0,0,0,0,0,0,0,0,0,0,0,3,0,0,0,0,0,0,0,0,0,0,0,0,0,0,0,0,0,0,0,0,0,3,0,0,0,0,3,0,0,0,0,0,0,0,0,4,0,0,0,0,0,0,0,0,4,0,0,0,0,0,0,0,0,5,0,0,0,0,0,0,0,0,4,0,0,0,0,0,0,0,0,8,0,0,0,0,0,0,0,0,0,0,0,0,0,0,0,0,0,3,3,5,8,4,7,0,0,5,34
SAL20384,0,0,0,0,0,0,0,0,5,0,0,0,0,0,0,0,0,0,0,0,0,0,0,0,0,0,0,0,0,0,0,0,0,0,0,0,0,0,0,0,0,0,0,0,3,0,0,0,0,0,0,0,0,0,0,0,0,0,0,0,0,0,3,0,0,0,0,0,0,0,5,3,5,0,0,0,0,0,0,0,6,0,0,0,4,0,0,0,0,7,0,0,0,0,0,0,0,0,0,0,3,5,0,0,0,0,0,3,0,0,0,0,0,0,0,0,0,0,0,0,0,0,0,0,0,0,0,0,0,0,0,0,0,0,0,5,7,12,3,0,0,0,6,36
SAL20385,0,0,0,0,0,0,0,0,0,0,0,0,0,0,0,0,0,0,0,0,0,0,0,0,0,0,0,0,0,0,0,0,0,0,0,0,0,0,0,0,0,0,0,0,0,0,0,0,0,0,0,0,0,0,0,0,0,0,0,0,0,0,5,0,0,0,0,0,0,0,0,0,0,0,0,0,0,0,0,0,4,6,0,0,0,0,0,0,0,9,0,0,0,0,0,0,0,0,0,0,0,0,0,0,0,0,0,0,0,0,0,0,0,0,0,0,0,0,0,0,0,0,0,0,0,3,0,0,0,0,0,0,0,0,0,4,4,7,4,0,0,0,0,18
SAL20386,279,0,0,0,0,0,0,18,295,290,0,0,0,0,0,0,16,307,242,28,3,0,0,0,0,20,298,183,71,58,11,0,0,0,9,324,97,65,119,38,0,0,0,15,337,60,63,167,56,11,3,0,6,359,71,60,159,56,13,3,0,8,368,70,79,190,56,16,0,0,16,427,51,69,181,71,22,0,5,13,406,39,69,141,61,21,4,0,12,348,32,47,99,74,24,9,3,9,293,21,37,131,97,27,8,0,16,333,16,17,130,88,21,14,6,15,296,12,13,115,72,39,10,10,19,298,16,25,88,79,31,14,12,19,279,1469,645,1568,751,222,73,33,199,4959
SAL20387,12,0,0,0,0,0,0,4,18,13,5,0,0,0,0,0,3,15,5,0,0,0,0,0,0,0,5,0,3,5,3,5,0,0,0,13,3,0,9,6,0,0,0,5,18,6,0,16,6,0,0,0,0,21,6,3,5,4,0,0,0,5,28,0,3,13,4,0,0,0,3,22,6,4,11,10,0,0,0,0,33,5,4,13,3,5,0,0,6,31,0,6,10,3,8,0,0,4,24,0,0,4,4,9,0,0,7,24,0,0,3,0,0,0,0,0,4,0,0,0,0,0,0,0,0,4,0,0,0,0,0,0,0,5,8,55,31,82,36,25,0,5,35,266
SAL20388,0,0,0,0,0,0,0,0,0,4,0,0,0,0,0,0,0,3,0,0,0,0,0,0,0,0,3,0,0,0,0,0,0,0,0,0,0,0,0,0,0,0,0,0,0,0,0,0,0,0,0,0,0,0,0,0,0,0,0,0,0,0,0,0,0,0,0,0,0,0,0,3,0,0,0,0,0,0,0,0,4,0,0,0,0,0,0,0,0,3,0,0,4,0,0,0,0,0,5,0,0,0,5,0,0,0,0,3,0,0,0,0,0,0,0,0,7,0,0,0,0,0,0,0,0,0,0,0,0,0,0,0,0,0,3,11,3,7,6,3,0,0,4,35
SAL20389,0,0,0,0,0,0,0,0,0,0,0,0,0,0,0,0,0,0,0,0,0,0,0,0,0,0,0,0,0,0,0,0,0,0,0,0,0,0,0,0,0,0,0,0,0,0,0,0,0,0,0,0,0,4,0,0,0,0,0,0,0,0,0,0,0,0,0,0,0,0,0,0,0,0,0,0,0,0,0,0,0,0,0,0,0,0,0,0,0,0,0,0,0,0,0,0,0,0,0,0,0,0,0,0,0,0,0,0,0,0,0,0,0,0,0,0,0,0,0,0,0,0,0,0,0,0,0,0,0,0,0,0,0,0,0,4,4,0,0,0,0,0,4,17
SAL20390,18,0,0,0,0,0,0,6,18,14,0,0,0,0,0,0,0,18,6,0,0,0,0,0,0,0,12,3,0,5,0,0,5,0,0,11,3,0,4,7,0,0,0,0,16,3,0,9,5,4,0,0,0,19,0,4,16,4,0,0,0,0,23,0,3,3,9,7,0,0,3,22,0,0,7,9,0,3,0,0,17,0,5,6,0,3,0,0,3,27,3,0,6,4,5,5,0,0,20,0,0,6,4,0,0,0,0,8,0,0,0,0,0,0,0,0,6,0,0,0,0,0,0,0,0,0,0,0,0,0,0,0,0,0,0,58,15,63,47,15,10,0,13,223
SAL20391,3,0,0,0,0,0,0,0,3,5,0,0,0,0,0,0,0,5,0,0,0,0,0,0,0,0,11,0,0,0,0,0,0,0,0,4,0,0,0,0,0,0,0,0,4,0,0,0,0,0,0,0,0,5,0,0,0,0,0,0,0,0,0,6,0,8,0,0,0,0,4,13,0,0,3,0,0,0,0,0,10,4,0,0,0,0,0,0,3,7,0,0,0,4,0,0,0,0,6,0,0,0,4,0,0,0,0,4,0,0,0,0,0,0,0,0,9,0,0,0,0,3,0,0,0,6,0,0,0,0,0,0,0,0,0,21,6,19,12,6,0,0,6,82
SAL20392,0,0,0,0,0,0,0,0,3,3,0,0,0,0,0,0,0,3,0,3,0,0,0,0,0,0,3,0,0,3,0,0,0,0,0,5,0,0,0,0,0,0,0,0,0,0,0,0,0,0,0,0,0,7,0,0,0,0,0,0,0,0,4,0,0,0,0,0,0,0,0,0,0,0,0,0,0,0,0,0,3,0,0,0,5,0,0,0,0,5,0,0,0,0,0,0,0,0,3,0,0,0,0,0,0,0,0,0,0,0,0,0,0,0,0,0,0,0,0,0,0,0,0,0,0,0,0,0,0,0,0,0,0,0,0,6,5,6,8,3,0,0,3,38
SAL20393,7,0,0,0,0,0,0,0,7,3,0,0,0,0,0,0,0,3,9,0,0,0,0,0,0,0,9,0,0,10,0,0,0,0,0,12,4,0,6,6,0,0,0,0,14,0,0,4,0,5,0,0,0,9,5,3,4,6,0,0,0,0,15,3,0,3,4,0,0,0,0,5,6,0,0,0,0,0,0,3,14,0,3,9,3,0,0,0,0,17,0,0,0,3,0,0,0,0,3,0,0,0,0,0,0,0,0,6,0,0,0,0,0,0,0,0,3,0,0,0,0,0,0,0,0,3,0,0,0,0,0,0,0,0,0,25,15,31,23,5,0,3,12,119
SAL20394,8,0,0,0,0,0,0,4,9,3,0,0,0,0,0,0,0,3,5,0,0,0,0,0,0,0,6,3,0,4,0,0,0,0,0,13,3,0,0,4,0,0,0,0,10,0,0,6,3,0,0,0,0,9,0,0,5,0,0,0,0,0,4,0,0,3,0,0,0,0,0,4,0,0,0,0,0,0,0,3,8,0,0,5,0,0,0,0,0,6,0,0,0,4,0,0,0,0,9,0,0,0,0,0,0,0,0,5,0,0,0,0,0,0,0,0,0,0,0,0,0,0,0,0,0,0,0,0,0,0,0,0,0,0,0,25,7,17,17,9,0,0,15,88
SAL20395,15,0,0,0,0,0,0,0,12,8,0,0,0,0,0,0,0,9,6,0,0,0,0,0,0,0,3,3,9,0,0,0,0,0,0,15,0,0,4,0,3,0,0,0,7,0,3,7,0,0,0,0,0,14,4,3,5,7,0,0,0,0,17,4,0,6,3,0,0,0,4,16,3,4,12,8,3,0,0,0,29,4,0,11,9,0,0,0,3,30,0,3,11,3,0,0,0,3,26,0,0,4,5,4,0,0,0,21,0,0,3,0,0,0,0,0,11,0,0,0,4,0,0,0,0,4,0,0,0,0,0,0,0,0,0,53,22,67,47,12,3,0,18,217
SAL20396,0,0,0,0,0,0,0,0,0,0,0,0,0,0,0,0,0,0,0,0,0,0,0,0,0,0,0,0,0,0,0,0,0,0,0,0,0,0,0,0,0,0,0,0,0,0,0,0,0,0,0,0,0,4,0,0,0,0,0,0,0,0,0,0,0,0,0,0,0,0,0,5,0,0,0,0,0,0,0,0,0,0,0,0,3,0,0,0,0,5,0,0,0,0,0,0,0,0,0,0,0,0,0,0,0,0,0,0,0,0,0,0,0,0,0,0,0,0,0,0,0,0,0,0,0,0,0,0,0,0,0,0,0,0,0,8,0,4,6,0,0,0,0,20
SAL20397,0,0,0,0,0,0,0,0,0,0,0,0,0,0,0,0,0,0,0,0,0,0,0,0,0,0,0,0,0,0,0,0,0,0,0,0,0,0,0,0,0,0,0,0,0,0,0,0,0,0,0,0,0,0,0,0,0,0,0,0,0,0,0,0,0,0,0,0,0,0,0,0,0,0,0,0,0,0,0,0,0,0,0,0,0,0,0,0,0,0,0,0,0,0,0,0,0,0,0,0,0,0,0,0,0,0,0,0,0,0,0,0,0,0,0,0,0,0,0,0,0,0,0,0,0,0,0,0,0,0,0,0,0,0,0,0,0,0,0,0,0,0,0,0
SAL20398,0,0,0,0,0,0,0,0,0,0,0,0,0,0,0,0,0,0,0,0,0,0,0,0,0,0,0,0,0,0,0,0,0,0,0,0,0,0,0,0,0,0,0,0,3,0,0,0,0,0,0,0,0,5,0,0,0,0,0,0,0,0,3,0,0,0,5,0,0,0,0,5,0,0,0,0,0,0,0,0,0,0,0,6,0,0,0,0,0,8,0,0,0,0,0,0,0,0,0,0,0,0,0,0,0,0,0,0,0,0,0,0,0,0,0,0,0,0,0,0,0,0,0,0,0,0,0,0,0,0,0,0,0,0,5,4,7,4,8,0,0,0,0,25
SAL20399,745,3,0,0,0,0,0,83,824,1113,12,3,0,0,0,0,131,1264,806,76,44,9,5,0,0,78,1011,508,243,164,45,10,0,0,48,1015,251,188,318,87,24,4,3,40,913,141,128,322,111,26,7,6,24,773,147,142,405,160,19,9,7,22,917,124,134,380,181,35,11,7,39,913,101,143,384,156,34,6,4,25,863,84,119,345,168,46,11,3,33,804,75,79,270,160,47,8,0,19,661,45,74,276,166,55,16,3,31,657,22,45,221,142,51,17,10,40,546,21,19,131,100,50,8,8,29,371,12,42,109,104,57,22,24,64,429,4192,1449,3377,1585,462,116,80,711,11977
SAL20400,0,0,0,0,0,0,0,0,4,0,0,0,0,0,0,0,0,0,0,0,0,0,0,0,0,0,0,0,0,0,0,0,0,0,0,0,0,0,0,0,0,0,0,0,0,0,0,0,0,0,0,0,0,0,0,0,0,0,0,0,0,0,0,0,0,0,0,0,0,0,0,0,0,0,3,0,0,0,0,0,6,0,0,0,5,0,0,0,0,5,0,0,0,0,0,0,0,0,3,0,0,0,0,0,0,0,0,0,0,0,0,0,0,0,0,0,0,0,0,0,0,0,0,0,0,3,0,0,0,0,0,0,0,0,0,3,5,6,5,0,0,0,3,32
SAL20401,3,0,0,0,0,0,0,0,3,0,0,0,0,0,0,0,0,5,0,0,0,0,0,0,0,0,4,0,0,0,0,0,0,0,0,0,0,0,0,0,0,0,0,0,0,0,0,0,0,0,0,0,0,3,0,0,6,0,0,0,0,0,3,0,0,0,0,0,0,0,0,3,0,0,0,0,0,0,0,0,6,0,0,0,0,0,0,0,0,0,0,0,0,0,0,0,0,0,0,0,0,0,0,0,0,0,0,3,0,0,0,0,0,0,0,0,0,0,0,0,0,0,0,0,0,0,0,0,0,0,0,0,0,0,0,4,5,6,4,5,6,0,4,27
SAL20402,0,0,0,0,0,0,0,0,0,0,0,0,0,0,0,0,0,0,0,0,0,0,0,0,0,0,0,0,0,0,0,0,0,0,0,4,0,0,0,0,0,0,0,0,0,0,0,0,0,0,0,0,0,0,4,0,0,0,0,0,0,0,4,0,3,0,0,0,0,0,0,0,0,0,0,0,0,0,0,0,0,0,0,0,0,0,0,0,0,3,0,0,0,0,0,0,0,0,0,0,0,0,0,0,0,0,0,0,0,0,0,0,0,0,0,0,0,0,0,0,0,0,0,0,0,0,0,0,0,0,0,0,0,0,0,3,3,3,3,0,0,0,0,11
SAL20403,0,0,0,0,0,0,0,3,6,4,0,0,0,0,0,0,0,4,0,0,0,0,0,0,0,0,0,0,0,0,0,0,0,0,0,0,0,0,6,0,0,0,0,0,8,0,0,0,0,0,0,0,0,0,0,0,0,0,0,0,0,0,5,0,0,0,0,0,0,0,0,4,0,0,0,3,0,0,0,0,7,0,0,0,0,0,0,0,0,5,0,0,5,0,0,0,0,0,4,0,0,0,0,0,0,0,0,0,0,0,0,0,0,0,0,0,4,0,0,0,0,0,0,0,0,0,0,0,0,0,0,0,0,0,0,0,3,13,9,0,0,0,3,34
SAL20404,17,0,0,0,0,0,0,0,17,8,0,0,0,0,0,0,0,9,3,0,0,0,0,0,0,0,3,0,5,0,0,0,0,0,0,8,0,0,0,3,0,0,0,0,7,0,0,4,0,0,0,0,0,4,6,0,9,6,0,0,0,0,17,3,0,5,4,0,0,0,0,12,0,0,3,0,0,0,0,3,8,0,0,0,5,3,0,0,0,8,0,0,4,4,5,0,0,0,7,0,0,3,0,0,0,0,0,4,0,0,0,0,0,0,0,3,4,0,0,0,0,0,0,0,0,0,0,0,0,0,0,0,0,0,0,39,4,32,25,9,0,0,16,128
SAL20405,0,0,0,0,0,0,0,0,3,0,0,0,0,0,0,0,0,0,0,0,0,0,0,0,0,0,0,0,0,0,0,0,0,0,0,0,0,0,0,0,0,0,0,0,3,0,0,0,0,0,0,0,0,0,0,0,0,0,0,0,0,0,0,0,0,0,0,0,0,0,0,0,0,0,0,0,0,0,0,0,0,0,0,0,0,0,0,0,0,0,0,0,0,0,0,0,0,0,0,0,0,0,0,0,0,0,0,0,0,0,0,0,0,0,0,0,0,0,0,0,0,0,0,0,0,0,0,0,0,0,0,0,0,0,0,4,0,3,3,0,0,0,7,12
SAL20406,3,0,0,0,0,0,0,0,3,0,0,0,0,0,0,0,0,0,0,0,0,0,0,0,0,0,0,0,0,0,0,0,0,0,0,0,0,0,0,0,0,0,0,0,0,0,0,0,0,0,0,0,0,0,0,0,0,0,0,0,0,0,3,0,0,0,0,0,0,0,0,5,0,0,0,0,0,0,0,0,0,0,0,0,0,0,0,0,0,0,0,0,0,0,0,0,0,0,0,0,0,0,0,0,0,0,0,0,0,0,0,0,0,0,0,0,4,0,0,0,0,0,0,0,0,0,0,0,0,0,0,0,0,0,0,7,0,7,4,0,3,0,0,20
SAL20407,0,0,0,0,0,0,0,0,0,0,0,0,0,0,0,0,0,0,0,0,0,0,0,0,0,0,0,0,0,0,0,0,0,0,0,0,0,0,0,0,0,0,0,0,0,0,0,0,0,0,0,0,0,0,0,0,0,0,0,0,0,0,0,0,0,0,0,0,0,0,0,0,0,0,0,0,0,0,0,0,0,0,0,0,0,0,0,0,0,0,0,0,0,0,0,0,0,0,0,0,0,0,0,0,0,0,0,0,0,0,0,0,0,0,0,0,0,0,0,0,0,0,0,0,0,0,0,0,0,0,0,0,0,0,0,0,0,0,0,0,0,0,0,0
SAL20408,0,0,0,0,0,0,0,0,0,0,0,0,0,0,0,0,0,0,0,0,0,0,0,0,0,0,0,0,0,0,0,0,0,0,0,0,0,0,0,0,0,0,0,0,0,0,0,0,0,0,0,0,0,0,0,0,0,0,0,0,0,0,0,0,0,0,0,0,0,0,0,0,0,0,0,0,0,0,0,0,0,0,0,0,0,0,0,0,0,0,0,0,0,0,0,0,0,0,0,0,0,0,0,0,0,0,0,0,0,0,0,0,0,0,0,0,0,0,0,0,0,0,0,0,0,0,0,0,0,0,0,0,0,0,0,0,0,3,0,0,0,5,4,9
SAL20409,116,0,0,0,0,0,0,10,125,47,3,0,0,0,0,0,5,55,34,9,7,0,0,0,0,3,48,8,17,17,13,5,0,0,0,61,10,14,46,23,6,0,0,3,102,11,12,61,34,15,3,0,7,144,18,21,65,40,13,3,0,6,163,13,11,71,34,10,0,0,3,143,18,14,55,36,12,0,0,0,133,15,8,55,46,18,0,0,0,140,20,12,64,34,14,4,0,10,156,14,6,51,38,11,3,0,5,123,7,3,25,10,9,3,0,0,59,0,0,11,12,6,0,6,7,45,7,7,7,9,10,0,3,0,41,332,134,530,326,118,20,16,63,1545
SAL20410,8,0,0,0,0,0,0,0,8,5,0,0,0,0,0,0,0,5,3,0,0,0,0,0,0,0,3,0,0,0,4,0,0,0,0,7,3,0,0,0,0,0,0,3,6,0,0,4,0,0,0,0,0,3,0,0,4,0,0,0,0,0,8,0,0,6,0,0,0,0,0,11,0,0,7,4,0,0,0,0,18,4,0,0,4,3,0,0,0,11,6,0,0,0,0,0,0,0,6,0,0,0,4,0,0,0,0,9,0,0,0,0,0,0,0,0,7,0,0,0,0,0,0,0,0,0,0,0,0,0,0,0,0,0,0,37,5,27,21,10,0,0,4,113
SAL20411,97,0,0,0,0,0,0,16,109,65,4,0,0,0,0,0,3,76,45,18,12,5,0,0,0,9,84,18,14,26,13,4,0,0,13,94,15,9,51,20,5,3,5,5,112,8,8,45,28,7,0,0,7,99,15,4,29,27,16,3,3,7,107,12,8,30,23,7,0,0,4,95,8,7,42,23,17,0,0,6,113,8,6,31,19,8,0,0,3,85,6,0,27,24,9,3,0,0,66,3,10,26,14,12,0,5,0,68,10,0,20,22,6,0,0,13,66,0,0,5,12,6,3,4,8,41,4,8,9,8,14,4,9,5,48,309,112,351,238,103,20,25,99,1253
SAL20412,0,0,0,0,0,0,0,0,4,0,0,0,0,0,0,0,0,0,3,4,0,0,0,0,0,0,10,4,0,0,0,0,0,0,0,0,0,0,0,0,0,0,0,0,3,0,0,0,0,0,0,0,0,4,0,0,0,3,0,0,0,0,8,4,0,0,0,0,0,0,0,3,0,0,0,3,0,0,0,0,7,0,0,3,0,0,0,0,0,3,0,0,0,0,0,0,0,0,0,0,0,0,0,0,0,0,0,7,0,0,0,0,0,0,0,0,0,0,0,0,0,0,0,0,0,0,0,0,0,0,0,0,0,0,0,9,5,5,13,5,0,0,3,39
SAL20413,0,0,0,0,0,0,0,0,0,0,0,0,0,0,0,0,0,0,0,0,0,0,0,0,0,0,0,0,0,0,0,0,0,0,0,0,0,0,0,0,0,0,0,0,0,0,0,0,0,0,0,0,0,0,0,0,0,0,0,0,0,0,0,0,0,0,0,0,0,0,0,0,0,0,0,0,0,0,0,0,0,0,0,0,0,0,0,0,0,0,0,0,0,0,0,0,0,0,0,0,0,0,0,0,0,0,0,0,0,0,0,0,0,0,0,0,0,0,0,0,0,0,0,0,0,0,0,0,0,0,0,0,0,0,0,0,0,0,0,0,0,0,0,0
SAL20414,0,0,0,0,0,0,0,0,0,0,0,0,0,0,0,0,0,0,0,0,0,0,0,0,0,0,0,0,0,0,0,0,0,0,0,0,0,0,0,0,0,0,0,0,0,0,0,0,0,0,0,0,0,0,0,0,0,0,0,0,0,0,0,0,0,0,0,0,0,0,0,0,0,0,0,0,0,0,0,0,0,0,0,0,0,0,0,0,0,0,0,0,0,0,0,0,0,0,0,0,0,0,0,0,0,0,0,0,0,0,0,0,0,0,0,0,0,0,0,0,0,0,0,0,0,0,0,0,0,0,0,0,0,0,0,0,0,0,0,0,0,0,0,0
SAL20415,0,0,0,0,0,0,0,0,0,0,0,0,0,0,0,0,0,0,0,0,0,0,0,0,0,0,0,0,0,0,0,0,0,0,0,0,0,0,0,0,0,0,0,0,0,0,0,0,0,0,0,0,0,0,0,0,0,0,0,0,0,0,0,0,0,0,0,0,0,0,0,0,0,0,0,0,0,0,0,0,0,0,0,0,0,0,0,0,0,0,0,0,0,0,0,0,0,0,0,0,0,0,0,0,0,0,0,4,0,0,0,0,0,0,0,0,0,0,0,0,0,0,0,0,0,0,0,0,0,0,0,0,0,0,0,0,0,0,3,0,0,0,0,7
SAL20416,0,0,0,0,0,0,0,0,0,0,0,0,0,0,0,0,0,0,0,0,0,0,0,0,0,0,0,0,0,0,0,0,0,0,0,0,0,0,0,0,0,0,0,0,0,0,0,0,0,0,0,0,0,0,0,0,0,0,0,0,0,0,6,0,0,0,0,0,0,0,0,0,0,0,0,0,0,0,0,0,4,0,0,0,0,0,0,0,0,0,0,0,0,3,0,0,0,0,3,0,0,0,0,0,0,0,0,0,0,0,0,0,0,0,0,0,0,0,0,0,0,0,0,0,0,0,0,0,0,0,0,0,0,0,0,4,0,0,3,0,0,0,3,17
SAL20417,0,0,0,0,0,0,0,0,0,0,0,0,0,0,0,0,0,0,0,0,0,0,0,0,0,0,0,0,0,0,0,0,0,0,0,0,0,0,0,0,0,0,0,0,0,0,0,0,0,0,0,0,0,0,0,0,0,0,0,0,0,0,0,0,0,3,0,0,0,0,0,5,0,0,0,0,0,0,0,0,0,0,0,0,0,0,0,0,0,0,0,0,0,0,0,0,0,0,0,0,0,0,0,0,0,0,0,0,0,0,0,0,0,0,0,0,0,0,0,0,0,0,0,0,0,0,0,0,0,0,0,0,0,0,0,0,0,3,6,5,0,0,3,15
SAL20418,17,0,0,0,0,0,0,0,20,44,0,0,0,0,0,0,0,46,64,0,0,0,0,0,0,9,76,35,6,3,0,0,0,0,0,44,12,0,8,4,0,0,0,6,38,10,5,6,4,0,0,0,0,22,3,4,6,0,0,0,0,0,11,10,6,5,6,0,0,0,0,27,8,3,3,0,0,0,0,0,19,9,0,8,3,0,0,0,0,11,4,3,5,0,0,0,0,0,16,5,0,0,0,0,0,0,0,10,0,0,6,3,0,0,0,0,6,0,0,0,3,0,0,0,0,5,0,0,4,0,0,0,0,0,3,221,26,55,28,3,0,0,27,361
SAL20419,205,0,0,0,0,0,0,9,215,135,7,0,0,0,0,0,13,152,105,22,15,8,0,0,0,17,173,54,47,55,16,0,0,0,4,180,15,38,100,38,9,3,3,9,216,21,37,101,39,12,3,5,3,216,25,32,81,43,11,10,4,6,202,8,19,71,36,15,9,0,3,161,19,19,77,34,9,3,0,7,177,15,11,58,35,12,0,6,4,150,8,7,40,27,17,0,9,3,114,7,15,27,30,12,5,0,9,108,5,7,23,14,14,0,8,13,89,8,4,16,18,6,5,3,11,68,4,5,23,22,12,10,7,28,117,632,270,695,369,138,44,52,153,2355
SAL20420,207,0,0,0,0,0,0,10,218,138,0,0,0,0,0,0,17,160,117,20,18,3,0,0,0,9,163,45,61,88,28,7,0,0,5,230,41,75,203,56,11,6,4,10,411,40,55,163,56,19,0,0,6,340,15,31,110,42,7,0,3,12,226,15,28,79,31,17,4,9,3,180,12,12,76,32,7,0,0,0,138,6,11,35,27,13,0,0,3,96,5,9,30,23,10,3,5,5,89,0,8,16,15,8,0,6,4,53,0,0,10,11,4,0,3,0,29,0,0,4,0,5,0,0,0,16,0,0,0,0,0,0,3,0,0,641,303,831,320,108,29,39,78,2338
SAL20421,0,0,0,0,0,0,0,0,0,0,0,0,0,0,0,0,0,0,0,0,0,0,0,0,0,0,0,0,0,0,0,0,0,0,0,0,0,0,0,0,0,0,0,0,0,0,0,0,0,0,0,0,0,0,0,0,0,0,0,0,0,0,0,0,0,0,0,0,0,0,0,0,0,0,0,3,0,0,0,0,4,0,0,0,0,0,0,0,0,0,0,0,0,4,0,0,0,0,4,0,0,0,0,0,0,0,0,0,0,0,0,0,0,0,0,0,0,0,0,0,0,0,0,0,0,0,0,0,0,0,0,0,0,0,0,0,0,0,7,0,0,0,0,15
SAL20422,8,0,0,0,0,0,0,0,7,4,0,0,0,0,0,0,0,5,4,0,0,0,0,0,0,0,7,0,5,0,0,0,0,0,0,11,0,0,0,0,0,0,0,0,13,0,3,0,0,0,0,0,0,7,0,0,3,0,0,0,0,0,7,4,3,0,5,5,0,0,0,15,0,0,0,3,3,0,0,0,6,5,0,0,0,0,0,0,0,6,0,0,0,0,0,0,0,0,5,0,0,0,0,0,0,0,0,0,0,0,0,0,0,0,0,0,0,0,0,0,0,0,0,0,0,0,0,0,0,0,0,0,0,0,0,23,9,20,11,11,8,0,5,87
SAL20423,0,0,0,0,0,0,0,0,0,0,0,0,0,0,0,0,0,0,0,0,0,0,0,0,0,0,0,0,0,0,0,0,0,0,0,0,0,0,0,0,0,0,0,0,0,0,0,0,0,0,0,0,0,0,0,0,0,0,0,0,0,0,0,0,0,0,0,0,0,0,0,0,0,0,0,0,0,0,0,0,3,0,0,0,0,0,0,0,0,0,0,0,0,0,0,0,0,0,0,0,0,0,0,0,0,0,0,0,0,0,0,0,0,0,0,0,0,0,0,0,0,0,0,0,0,0,0,0,0,0,0,0,0,0,0,3,0,0,0,0,0,0,0,13
SAL20424,0,0,0,0,0,0,0,0,0,0,0,0,0,0,0,0,0,0,0,0,0,0,0,0,0,0,0,0,0,0,0,0,0,0,0,0,0,0,0,0,0,0,0,0,3,0,0,0,0,0,0,0,0,0,0,0,0,0,0,0,0,0,0,0,0,0,0,0,0,0,0,0,0,0,0,0,0,0,0,0,0,0,0,0,0,0,0,0,0,0,0,0,0,0,0,0,0,0,0,0,0,0,0,0,0,0,0,3,0,0,0,0,0,0,0,0,0,0,0,0,0,0,0,0,0,0,0,0,0,0,0,0,0,0,0,0,4,0,4,0,0,0,0,14
SAL20425,0,0,0,0,0,0,0,0,0,0,0,0,0,0,0,0,0,0,3,0,0,0,0,0,0,0,3,3,0,0,0,0,0,0,0,3,4,0,0,3,0,0,0,0,5,0,0,7,0,0,0,0,0,10,0,3,0,0,0,0,0,0,7,0,0,3,4,0,0,0,5,6,0,0,5,3,0,0,0,0,9,0,0,3,0,0,0,0,0,10,4,5,3,4,0,0,0,7,14,0,0,8,3,0,0,0,0,10,5,0,0,0,0,0,0,0,4,0,0,0,0,0,0,0,4,4,0,0,0,0,0,0,0,0,0,23,11,21,21,11,0,0,19,102
SAL20426,541,5,0,0,0,0,0,39,582,823,7,3,0,0,0,0,97,928,591,34,4,3,0,0,0,63,697,331,122,70,11,3,0,0,52,580,164,120,142,34,13,0,0,21,492,67,95,170,45,9,3,0,13,413,79,94,217,52,17,0,0,22,487,53,96,186,68,13,9,5,14,441,67,97,148,62,10,5,0,17,400,51,80,133,53,9,6,0,14,349,54,63,109,38,24,0,0,14,304,27,50,115,49,18,5,7,15,283,32,25,90,67,24,13,4,4,263,31,18,92,69,28,14,4,12,263,29,30,112,73,49,11,20,22,349,2944,938,1574,637,208,56,48,417,6826
SAL20427,226,0,0,0,0,0,0,10,235,348,0,0,0,0,0,0,19,365,332,17,4,4,0,0,0,29,388,198,110,64,9,0,0,0,21,397,89,106,117,31,0,4,0,10,350,52,64,149,35,5,3,0,10,315,62,81,140,57,0,4,0,7,350,51,58,159,57,6,8,0,3,352,47,74,123,42,12,3,0,10,300,45,63,136,44,11,0,0,3,309,26,68,107,39,23,4,0,13,283,23,41,111,73,30,5,0,11,281,22,24,118,91,26,7,7,14,297,21,18,89,73,26,14,9,11,270,14,17,57,52,19,12,5,5,190,1555,736,1376,601,159,60,29,179,4690
SAL20428,21,0,0,0,0,0,0,0,25,12,0,0,0,0,0,0,0,15,9,0,4,0,0,0,0,0,12,0,0,6,5,0,0,0,0,11,0,0,5,0,0,0,0,0,13,0,0,12,8,0,0,0,0,18,6,0,11,5,3,0,0,0,24,5,0,18,11,4,0,0,0,37,3,4,8,11,5,4,0,4,29,0,3,6,8,3,0,0,0,12,4,0,9,0,3,0,0,5,19,0,0,3,4,0,0,0,0,14,0,0,0,0,3,0,0,0,3,0,0,0,0,0,0,0,0,3,0,0,0,0,0,0,0,0,0,61,17,76,46,20,8,0,13,231
SAL20429,3,0,0,0,0,0,0,0,3,0,0,0,0,0,0,0,0,0,0,0,0,0,0,0,0,0,5,0,0,0,0,0,0,0,0,3,0,0,0,0,0,0,0,0,0,0,0,0,0,0,0,0,0,0,0,0,4,0,0,0,0,0,4,0,0,0,0,0,0,0,0,3,0,0,0,0,0,0,0,0,0,0,0,3,0,0,0,0,0,6,3,0,0,0,0,0,0,0,5,0,0,0,0,0,0,0,0,0,0,0,0,0,0,0,0,0,3,0,0,0,0,0,0,0,0,0,0,0,0,0,0,0,0,0,0,7,3,6,0,0,0,0,5,26
SAL20430,0,0,0,0,0,0,0,0,0,0,0,0,0,0,0,0,0,0,0,0,0,0,0,0,0,0,0,0,0,0,0,0,0,0,0,0,0,0,0,0,0,0,0,0,0,0,0,0,0,0,0,0,0,0,0,0,0,0,0,0,0,0,0,0,0,0,0,0,0,0,0,0,0,0,0,0,0,0,0,0,0,0,0,0,0,0,0,0,0,0,0,0,0,0,0,0,0,0,0,0,0,0,0,0,0,0,0,0,0,0,0,0,0,0,0,0,0,0,0,0,0,0,0,0,0,0,0,0,0,0,0,0,0,0,0,0,0,0,0,0,0,0,0,0
SAL20431,6,0,0,0,0,0,0,0,6,6,0,0,0,0,0,0,0,6,8,0,0,0,0,0,0,0,12,10,6,0,0,0,0,0,0,15,0,0,12,5,4,0,0,0,16,0,0,3,0,0,0,0,0,10,3,0,8,0,0,0,0,4,19,3,3,12,8,0,0,0,4,34,6,0,11,4,0,0,0,0,17,7,0,7,8,3,0,0,4,33,5,3,12,5,4,3,0,3,32,4,0,12,4,4,0,0,0,28,0,0,0,5,0,0,0,0,6,6,0,0,0,0,0,0,0,10,0,0,3,0,0,0,0,0,12,77,22,72,44,15,3,0,23,254
SAL20432,0,0,0,0,0,0,0,0,0,6,0,0,0,0,0,0,0,6,0,0,0,0,0,0,0,0,0,0,0,0,0,0,0,0,0,3,0,0,0,0,0,0,0,0,0,0,0,0,0,0,0,0,0,3,0,0,5,0,0,0,0,0,5,4,0,4,0,0,0,0,0,8,0,0,0,0,0,0,0,0,4,3,0,4,0,0,0,0,0,4,0,0,5,0,0,0,0,0,5,5,0,0,0,0,0,0,0,4,0,0,0,0,0,0,0,0,0,0,0,0,0,0,0,0,0,4,0,0,0,0,0,0,0,0,0,19,3,14,10,5,0,0,3,53
SAL20433,7,0,0,0,0,0,0,0,7,0,0,0,0,0,0,0,0,0,0,0,0,0,0,0,0,0,5,0,0,0,0,0,0,0,0,0,0,0,4,3,0,0,0,0,5,0,0,0,3,0,0,0,0,6,0,0,0,0,0,0,0,0,3,0,0,0,3,0,0,0,0,0,0,0,0,0,3,0,0,0,3,0,0,0,4,0,0,0,0,9,0,0,0,0,0,0,0,0,0,0,0,0,4,0,0,0,0,9,0,0,0,0,0,0,0,0,3,0,0,0,0,0,0,0,0,0,0,0,0,0,0,0,0,0,0,13,0,9,14,6,0,0,0,51
SAL20434,5,0,0,0,0,0,0,0,5,5,0,0,0,0,0,0,0,5,0,0,0,0,0,0,0,0,3,0,0,0,0,0,0,0,0,4,0,0,0,0,0,0,0,0,0,0,3,4,0,0,0,0,0,6,0,0,0,0,0,0,0,0,3,0,0,4,0,0,0,0,0,6,0,0,7,5,0,0,0,0,14,0,0,0,4,0,0,0,0,3,0,5,0,0,3,0,0,0,10,0,0,0,0,0,0,0,0,4,0,0,0,0,0,0,0,0,0,0,0,0,0,0,0,4,0,4,0,0,0,0,0,0,0,0,0,10,11,16,11,13,0,4,4,66
SAL20435,0,0,0,0,0,0,0,0,0,0,0,0,0,0,0,0,0,0,0,0,0,0,0,0,0,0,0,0,0,0,0,0,0,0,0,3,0,0,0,0,0,0,0,0,4,0,0,0,0,0,0,0,0,4,0,4,0,0,0,0,0,0,0,0,0,0,0,0,0,0,0,8,0,0,0,0,0,0,0,0,6,0,3,0,0,0,0,0,0,9,0,0,0,0,0,0,0,0,3,0,0,0,0,0,0,0,0,0,0,0,0,0,0,0,0,0,0,0,0,0,0,0,0,0,0,0,0,0,0,0,0,0,0,3,4,7,6,7,5,3,0,0,8,42
SAL20436,8,0,0,0,0,0,0,0,6,3,0,0,0,0,0,0,0,3,0,0,0,0,0,0,0,0,0,0,0,0,0,0,0,0,3,4,0,0,0,5,0,0,0,0,9,0,0,0,0,3,0,0,0,5,4,0,0,0,0,0,0,0,6,0,0,6,3,0,0,0,0,11,4,3,0,0,0,0,0,0,8,0,0,0,0,0,0,0,0,5,0,0,0,0,0,0,0,0,5,0,0,4,3,0,0,0,0,7,0,0,0,0,0,0,0,0,0,0,0,0,0,0,0,0,0,0,0,0,0,0,0,0,0,0,0,21,8,16,16,0,3,4,5,67
SAL20437,16,0,0,0,0,0,0,5,26,5,0,0,0,0,0,0,0,4,0,0,0,0,0,0,0,0,0,3,0,6,3,0,0,0,0,15,0,3,3,0,0,0,0,0,14,4,0,8,3,0,0,0,0,17,3,6,6,12,0,0,0,0,25,0,0,8,9,4,0,0,0,22,0,0,8,10,0,0,0,0,23,0,0,8,5,0,0,0,0,18,0,0,5,0,0,0,0,0,8,0,0,10,0,0,0,0,0,15,0,0,0,0,0,0,0,0,0,0,0,0,0,0,0,0,0,3,0,0,0,0,0,0,4,0,6,37,12,58,44,9,3,3,24,192
SAL20438,0,0,0,0,0,0,0,0,0,0,0,0,0,0,0,0,0,0,0,0,0,0,0,0,0,0,0,0,0,0,0,0,0,0,0,0,0,0,0,0,0,0,0,0,0,0,0,0,0,0,0,0,0,0,0,0,0,0,0,0,0,0,0,0,0,0,0,0,0,0,0,0,0,0,0,0,0,0,0,0,0,0,0,0,0,0,0,0,0,0,0,0,0,0,0,0,0,0,3,0,0,0,0,0,0,0,0,0,0,0,0,0,0,0,0,0,0,0,0,0,0,0,0,0,0,0,0,0,0,0,0,0,0,0,0,3,0,5,0,0,0,0,0,6
SAL20439,0,0,0,0,0,0,0,0,0,0,0,0,0,0,0,0,0,0,0,0,0,0,0,0,0,0,0,0,0,0,0,0,0,0,0,0,0,0,0,0,0,0,0,0,0,0,0,0,0,0,0,0,0,0,3,0,0,0,0,0,0,0,5,0,0,0,0,0,0,0,0,5,0,0,0,0,0,0,0,0,0,0,0,0,0,0,0,0,0,0,0,0,0,0,0,0,0,0,6,0,0,0,0,0,0,0,0,0,0,0,0,0,0,0,0,0,0,0,0,0,0,0,0,0,0,0,0,0,0,0,0,0,0,0,0,7,3,0,6,0,0,0,5,17
SAL20440,0,0,0,0,0,0,0,0,0,0,0,0,0,0,0,0,0,0,0,0,0,0,0,0,0,0,0,0,0,0,0,0,0,0,0,0,0,0,0,0,0,0,0,0,0,0,0,0,0,0,0,0,0,0,0,0,0,0,0,0,0,0,0,0,0,0,0,0,0,0,0,0,0,0,0,0,0,0,0,0,0,0,0,0,0,0,0,0,0,0,0,0,0,0,0,0,0,0,0,0,0,0,0,0,0,0,0,0,0,0,0,0,0,0,0,0,0,0,0,0,0,0,0,0,0,0,0,0,0,0,0,0,0,0,0,0,0,0,0,0,0,0,4,5
SAL20441,362,0,0,0,0,0,0,29,390,334,8,3,0,0,0,0,26,370,254,35,24,10,0,0,0,27,348,116,60,74,18,4,3,0,26,300,66,63,146,49,12,3,0,15,355,46,56,165,85,26,7,9,4,399,35,66,175,80,35,8,8,13,425,43,45,169,103,22,5,5,12,403,27,44,135,82,23,7,5,10,325,24,28,102,82,38,5,3,5,290,9,21,79,61,27,4,13,9,227,16,12,37,29,21,8,6,5,142,6,6,21,13,8,6,13,3,71,0,0,9,3,5,6,8,0,31,9,0,8,16,7,8,26,0,67,1336,451,1145,629,228,74,101,189,4150
SAL20442,0,0,0,0,0,0,0,0,0,0,0,0,0,0,0,0,0,0,0,0,0,0,0,0,0,0,0,0,0,0,0,0,0,0,0,0,0,0,0,0,0,0,0,0,0,0,0,0,0,0,0,0,0,0,0,0,0,0,0,0,0,0,0,0,0,0,0,0,0,0,0,0,0,0,0,0,0,0,0,0,0,0,0,0,0,0,0,0,0,0,0,0,0,0,0,0,0,0,0,0,0,0,0,0,0,0,0,0,0,0,0,0,0,0,0,0,0,0,0,0,0,0,0,0,0,0,0,0,0,0,0,0,0,0,0,0,0,0,0,0,0,0,0,0
SAL20443,8,0,0,0,0,0,0,0,6,4,0,0,0,0,0,0,0,4,0,0,0,0,0,0,0,0,4,0,0,0,0,0,0,0,0,5,0,0,4,3,0,0,0,0,4,0,0,0,5,0,0,0,0,5,0,0,4,0,0,0,0,0,7,0,0,6,5,0,0,0,0,13,0,0,0,0,0,0,0,0,4,0,0,0,0,0,0,0,0,6,0,0,0,0,0,0,0,0,3,0,0,0,0,0,0,0,4,4,0,0,0,0,0,0,0,0,5,0,0,0,0,0,0,0,0,0,0,0,0,0,0,0,0,0,0,16,8,18,13,0,0,3,6,65
SAL20444,121,3,0,0,0,0,0,22,152,121,12,0,0,0,0,0,9,157,77,20,23,10,3,0,0,16,144,41,25,45,19,8,3,4,15,165,23,17,33,31,9,3,4,16,137,28,18,33,29,11,8,4,12,148,18,15,35,19,22,12,0,10,135,13,16,34,18,14,3,4,16,131,24,11,43,33,20,11,0,8,149,13,20,49,43,20,8,6,15,167,7,17,34,30,16,13,3,5,126,7,9,36,30,22,8,8,23,139,4,0,20,29,10,9,0,12,89,8,0,19,22,7,0,10,5,71,4,3,13,13,9,9,6,19,82,520,196,421,331,166,82,54,213,1978
SAL20445,10,0,0,0,0,0,0,0,10,3,3,0,0,0,0,0,0,10,0,0,0,0,0,0,0,0,0,3,0,0,3,0,0,0,0,8,0,0,0,0,0,0,0,0,9,0,0,0,0,0,0,0,0,9,0,0,0,0,0,0,0,0,10,0,0,0,0,0,0,0,0,3,0,0,0,0,0,0,0,0,0,0,0,5,4,0,0,0,0,6,0,0,0,3,0,0,0,0,3,0,0,0,4,4,0,0,0,9,0,0,0,0,0,0,0,0,0,0,0,0,0,0,0,0,0,0,0,0,0,0,0,0,0,0,0,16,7,9,14,11,0,5,5,67
SAL20446,0,0,0,0,0,0,0,0,0,0,0,0,0,0,0,0,0,0,0,0,0,0,0,0,0,0,0,0,0,0,0,0,0,0,0,0,0,0,0,0,0,0,0,0,0,0,0,0,0,0,0,0,0,0,0,0,0,0,0,0,0,0,0,0,0,0,0,0,0,0,0,0,0,0,3,0,0,0,0,0,0,0,0,0,0,0,0,0,0,0,0,0,0,0,0,0,0,0,0,0,0,0,0,0,0,0,0,0,0,0,0,0,0,0,0,0,0,0,0,0,0,0,0,0,0,0,0,0,0,0,0,0,0,0,0,8,0,6,3,6,0,0,0,16
SAL20447,11,0,0,0,0,0,0,0,9,6,0,0,0,0,0,0,3,9,5,0,0,0,0,0,0,0,9,3,3,3,0,0,0,0,0,15,0,0,4,0,0,0,0,4,11,0,3,10,0,0,0,0,3,19,0,5,3,4,0,0,0,0,12,5,3,5,0,0,0,0,0,12,0,0,7,8,0,3,0,0,15,4,0,5,0,0,0,0,0,12,0,3,3,3,3,0,0,0,14,0,0,4,0,0,0,0,0,3,0,0,6,0,0,0,0,0,5,0,0,0,5,0,0,0,0,5,0,0,0,0,0,0,0,0,0,32,20,44,29,11,3,0,14,152
SAL20448,0,0,0,0,0,0,0,0,0,0,0,0,0,0,0,0,0,0,0,0,0,0,0,0,0,0,0,0,0,0,0,0,0,0,0,0,0,0,0,0,0,0,0,0,3,0,0,0,0,0,0,0,0,0,0,0,0,0,0,0,0,0,0,0,0,0,0,0,0,0,0,0,0,0,0,0,0,0,0,0,0,0,0,0,0,0,0,0,0,0,0,0,0,0,0,0,0,0,0,0,0,0,0,0,0,0,0,0,0,0,0,0,0,0,0,0,0,0,0,0,0,0,0,0,0,0,0,0,0,0,0,0,0,0,0,4,0,3,4,0,0,0,0,13
SAL20449,0,0,0,0,0,0,0,0,0,0,0,0,0,0,0,0,0,0,0,0,0,0,0,0,0,0,0,0,0,0,0,0,0,0,0,0,0,0,0,0,0,0,0,0,0,0,0,0,0,0,0,0,0,0,0,0,0,0,0,0,0,0,0,0,0,0,0,0,0,0,0,0,0,0,0,0,0,0,0,0,0,0,0,0,0,0,0,0,0,0,0,0,0,0,0,0,0,0,0,0,0,0,0,0,0,0,0,0,0,0,0,0,0,0,0,0,0,0,0,0,0,0,0,0,0,0,0,0,0,0,0,0,0,0,0,0,0,0,0,0,0,0,0,6
SAL20450,0,0,0,0,0,0,0,0,0,0,0,0,0,0,0,0,0,0,0,0,0,0,0,0,0,0,0,0,0,0,0,0,0,0,0,0,0,0,0,0,0,0,0,0,0,0,0,0,0,0,0,0,0,0,0,0,0,0,0,0,0,0,0,0,0,0,0,0,0,0,0,0,0,0,0,0,0,0,0,0,0,0,0,0,0,0,0,0,0,0,0,0,0,0,0,0,0,0,0,0,0,0,0,0,0,0,0,0,0,0,0,0,0,0,0,0,0,0,0,0,0,0,0,0,0,0,0,0,0,0,0,0,0,0,0,3,4,0,0,0,0,0,0,11
SAL20451,3,0,0,0,0,0,0,0,3,0,0,0,0,0,0,0,0,0,0,0,0,0,0,0,0,0,0,0,0,0,0,0,0,0,0,0,4,0,3,0,3,0,0,0,7,0,0,0,0,0,0,0,0,9,0,0,0,5,0,0,0,0,3,0,0,4,5,0,0,0,0,8,0,0,4,0,0,0,0,0,5,0,0,5,0,0,0,0,0,8,0,0,0,0,0,0,0,0,4,0,0,3,4,0,0,0,6,12,0,0,0,0,0,0,0,0,0,0,0,0,0,0,0,0,0,0,0,0,0,0,0,0,0,0,0,9,4,16,20,9,3,0,6,67
SAL20452,0,0,0,0,0,0,0,0,0,0,0,0,0,0,0,0,0,0,0,0,0,0,0,0,0,0,0,0,0,0,0,0,0,0,0,0,0,0,0,0,0,0,0,0,0,0,0,0,0,0,0,0,0,0,0,0,0,0,0,0,0,0,0,0,0,0,0,0,0,0,0,0,0,0,0,0,0,0,0,0,0,0,0,0,0,0,0,0,0,0,0,0,0,0,0,0,0,0,0,0,0,0,0,0,0,0,0,0,0,0,0,0,0,0,0,0,0,0,0,0,0,0,0,0,0,0,0,0,0,0,0,0,0,0,0,0,0,0,0,0,0,0,0,0
SAL20453,759,0,0,0,0,0,0,46,807,749,0,0,0,0,0,0,40,793,575,31,5,5,0,0,0,33,648,328,110,74,7,0,0,0,15,534,155,149,256,61,5,0,0,28,655,122,114,273,115,25,5,0,24,673,109,132,356,120,44,7,0,21,788,100,137,404,171,36,8,0,22,870,98,117,307,180,28,4,0,24,761,89,102,285,153,36,4,6,21,689,76,98,243,132,29,10,5,14,610,87,65,244,110,38,12,3,16,570,66,40,182,118,37,15,7,27,496,45,23,112,113,49,8,9,16,370,84,47,177,146,89,36,15,39,639,3454,1159,2914,1421,421,99,58,397,9913
SAL20454,5,0,0,0,0,0,0,0,5,0,0,0,0,0,0,0,0,0,5,0,0,0,0,0,0,0,4,0,0,5,0,0,0,0,0,5,0,0,3,5,0,0,0,0,8,0,0,0,3,0,0,0,0,3,0,3,9,3,3,0,0,0,17,0,0,6,0,0,0,0,0,10,0,0,0,5,0,0,0,0,6,0,0,0,0,0,0,0,0,3,0,6,0,7,0,0,0,0,4,3,0,0,3,0,0,0,0,7,0,0,0,0,0,0,0,0,6,0,0,0,0,0,0,0,0,0,0,0,0,0,0,0,0,0,0,20,15,26,29,6,3,5,0,98
SAL20455,116,0,0,0,0,0,0,7,125,107,12,4,6,0,0,0,13,145,91,25,31,10,3,0,0,14,172,59,18,38,21,14,0,0,7,159,36,22,28,28,22,13,0,11,154,19,16,32,20,23,4,5,14,129,18,9,21,24,21,11,9,9,123,26,8,22,38,17,10,7,9,145,17,11,18,22,15,11,9,8,122,16,10,26,26,15,9,12,6,114,3,9,38,22,15,8,13,11,111,7,10,60,37,21,13,13,13,158,0,6,41,27,12,8,3,7,103,0,10,22,19,14,3,10,8,79,3,5,9,12,11,4,12,8,60,520,162,387,296,194,94,99,153,1900
SAL20456,0,0,0,0,0,0,0,0,0,0,0,0,0,0,0,0,0,0,0,0,0,0,0,0,0,0,0,0,0,0,0,0,0,0,0,0,0,0,0,0,0,0,0,0,0,0,0,0,0,0,0,0,0,0,0,0,0,0,0,0,0,0,0,0,0,0,0,0,0,0,0,0,0,0,0,0,0,0,0,0,0,0,0,0,0,0,0,0,0,0,0,0,0,0,0,0,0,0,0,0,0,0,0,0,0,0,0,0,0,0,0,0,0,0,0,0,0,0,0,0,0,0,0,0,0,0,0,0,0,0,0,0,0,0,0,4,0,3,0,0,0,0,0,6
SAL20457,61,0,0,0,0,0,0,0,60,35,0,0,0,0,0,0,5,43,21,8,12,4,3,0,0,5,46,15,11,20,9,4,0,0,5,54,11,11,23,11,4,0,0,7,66,15,6,26,12,7,0,0,0,66,19,10,29,25,0,3,0,5,92,18,20,27,12,0,0,0,5,84,15,7,33,10,7,0,0,4,87,9,6,25,18,3,0,0,3,72,6,4,25,10,6,0,3,0,63,10,3,26,22,0,0,0,10,74,3,0,21,3,5,3,0,8,43,0,0,4,5,6,0,3,3,22,0,0,9,3,0,0,0,5,15,232,105,276,153,52,13,14,54,887
SAL20458,0,0,0,0,0,0,0,0,0,5,0,0,0,0,0,0,0,5,0,0,0,0,0,0,0,0,0,0,0,0,0,0,0,0,0,0,0,0,0,0,0,0,0,0,0,0,0,0,0,0,0,0,0,0,0,0,0,0,0,0,0,0,0,4,0,0,0,0,0,0,0,4,0,0,0,3,0,0,0,0,3,0,0,0,0,0,0,0,0,3,0,0,0,0,0,0,0,0,0,0,0,0,0,0,0,0,0,3,0,0,0,0,0,0,0,0,0,0,0,0,0,0,0,0,0,0,0,0,0,0,0,0,0,0,0,7,0,5,4,0,0,0,0,22
SAL20459,0,0,0,0,0,0,0,0,0,0,0,0,0,0,0,0,0,0,0,0,0,0,0,0,0,0,0,0,0,0,0,0,0,0,0,0,0,0,0,0,0,0,0,0,3,0,0,0,0,0,0,0,0,0,0,0,0,0,0,0,0,0,4,0,0,0,0,0,0,0,0,0,0,0,0,0,0,0,0,0,0,0,0,0,0,0,0,0,0,4,0,0,0,0,0,0,0,0,0,0,0,0,0,0,0,0,0,0,0,0,0,0,0,0,0,0,0,0,0,0,0,0,0,0,0,0,0,0,0,0,0,0,0,0,4,3,0,5,3,0,0,0,0,20
SAL20460,66,0,0,0,0,0,0,14,87,50,5,0,0,0,0,0,0,58,39,14,10,3,0,0,0,9,68,26,16,15,17,4,0,0,5,87,19,6,26,13,4,3,0,7,73,8,10,26,21,14,4,0,3,92,18,3,25,19,14,0,0,10,84,19,13,34,27,9,6,3,10,105,16,8,39,34,11,5,3,9,114,7,14,38,29,17,6,0,8,123,15,6,43,34,16,0,0,18,133,19,6,40,45,14,4,0,9,136,9,0,25,36,21,7,4,10,116,6,6,13,21,16,13,7,16,103,3,10,6,18,12,6,11,19,83,315,121,338,323,157,51,24,141,1476
SAL20461,110,0,0,0,0,0,0,8,116,114,5,6,0,0,0,0,10,134,114,26,21,4,0,0,0,15,168,78,26,28,15,10,0,0,6,157,37,21,53,24,9,0,0,3,144,19,16,45,33,4,0,7,4,130,21,18,45,28,12,0,6,3,138,26,14,38,28,12,3,0,6,121,15,7,35,19,5,6,3,5,100,24,16,30,38,18,3,0,0,121,10,17,56,33,13,3,3,6,142,4,7,37,28,15,3,0,7,102,7,0,19,13,11,5,3,13,69,4,0,3,11,7,3,4,11,45,3,8,12,13,17,6,8,22,89,574,179,420,289,123,31,28,119,1774
SAL20462,0,0,0,0,0,0,0,0,0,0,0,0,0,0,0,0,0,0,0,0,0,0,0,0,0,0,0,0,0,0,0,0,0,0,0,0,0,0,0,0,0,0,0,0,0,0,0,0,0,0,0,0,0,0,0,0,0,0,0,0,0,0,0,0,0,0,0,0,0,0,0,0,0,0,0,0,0,0,0,0,0,0,0,0,0,0,0,0,0,0,0,0,0,0,0,0,0,0,0,0,0,0,0,0,0,0,0,0,0,0,0,0,0,0,0,0,0,0,0,0,0,0,0,0,0,0,0,0,0,0,0,0,0,0,0,0,0,0,0,0,0,0,0,0
SAL20463,0,0,0,0,0,0,0,0,0,0,0,0,0,0,0,0,0,0,0,0,0,0,0,0,0,0,0,0,0,0,0,0,0,0,0,5,0,0,0,0,0,0,0,0,7,0,0,0,0,0,0,0,0,0,0,0,0,0,0,0,0,0,0,5,0,0,0,0,0,0,0,11,0,0,0,0,4,0,0,0,5,0,0,0,0,0,0,0,0,0,0,0,0,0,0,0,0,0,0,0,0,0,0,0,0,0,0,0,0,0,0,0,0,0,0,0,0,0,0,0,0,0,0,0,0,0,0,0,0,0,0,0,0,0,0,7,3,10,0,3,0,0,7,33
SAL20464,3,0,0,0,0,0,0,0,4,5,0,0,0,0,0,0,0,6,0,0,0,0,0,0,0,0,0,0,0,0,0,0,0,0,0,3,3,0,5,0,0,0,0,0,6,0,0,0,0,0,0,0,0,4,0,0,0,0,0,0,0,0,0,0,0,3,0,0,0,0,4,13,0,0,9,0,0,0,0,0,6,3,0,8,3,4,0,0,5,17,0,0,3,0,0,0,0,0,3,0,0,0,0,0,0,0,0,4,0,0,0,0,0,0,0,0,4,0,0,0,0,0,0,0,0,0,0,0,0,0,0,0,0,0,0,14,12,25,12,6,0,0,11,84
SAL20465,0,0,0,0,0,0,0,0,0,0,0,0,0,0,0,0,0,0,0,0,0,0,0,0,0,0,0,0,0,0,0,0,0,0,0,0,0,0,0,0,0,0,0,0,0,0,0,0,0,0,0,0,0,0,0,0,0,0,0,0,0,0,0,0,0,0,0,0,0,0,0,0,0,0,0,0,0,0,0,0,0,0,0,0,0,0,0,0,0,0,0,0,0,0,0,0,0,0,0,0,0,0,0,0,0,0,0,0,0,0,0,0,0,0,0,0,0,0,0,0,0,0,0,0,0,0,0,0,0,0,0,0,0,0,0,0,0,0,4,0,0,0,0,3
SAL20466,18,0,0,0,0,0,0,0,15,7,0,0,0,0,0,0,0,12,8,0,3,0,0,0,0,0,11,8,3,10,0,0,0,0,0,27,9,0,9,4,5,0,0,4,24,3,0,8,3,0,0,0,3,19,0,0,9,6,0,0,0,0,22,11,0,15,4,4,0,0,5,31,0,0,11,5,0,0,0,3,26,0,3,7,9,0,0,0,0,24,0,0,3,0,0,0,3,0,9,0,0,5,8,0,0,0,0,12,0,0,0,5,0,0,0,0,9,4,0,0,0,0,0,0,0,4,0,0,0,0,0,0,0,0,0,67,18,77,41,14,3,5,21,249
SAL20467,5,0,0,0,0,0,0,0,5,0,0,0,0,0,0,0,0,0,0,0,0,0,0,0,0,0,0,0,0,0,0,0,0,0,0,0,0,0,0,0,0,0,0,0,0,0,0,0,0,0,0,0,0,0,0,0,0,4,0,0,0,0,0,0,0,0,0,0,0,0,0,0,0,0,0,0,0,0,0,0,3,0,0,0,0,0,0,0,0,0,0,0,0,0,0,0,0,0,3,0,0,0,0,0,0,0,0,0,0,0,0,0,0,0,0,0,0,0,0,0,0,0,0,0,0,0,0,0,0,0,0,0,0,0,0,6,0,0,3,0,0,0,0,16
SAL20468,315,0,0,0,0,0,0,19,341,234,0,0,0,0,0,0,18,251,135,14,5,0,0,0,0,8,162,80,28,13,0,0,0,0,10,137,44,43,83,17,6,0,0,0,192,19,47,117,43,5,0,0,8,246,28,42,135,67,16,3,0,7,308,20,48,143,84,17,0,0,5,311,37,56,129,65,18,0,0,3,309,25,45,98,57,12,3,0,0,245,25,37,119,45,13,4,0,12,258,19,27,99,70,18,3,5,8,248,28,22,68,48,8,5,4,9,184,19,6,36,31,14,3,5,10,124,23,19,43,44,23,7,6,33,204,1070,427,1093,568,145,38,22,152,3508
SAL20469,3,0,0,0,0,0,0,0,3,0,0,0,0,0,0,0,0,0,0,0,0,0,0,0,0,0,0,0,0,0,0,0,0,0,0,0,0,0,4,0,0,0,0,0,6,0,0,4,0,0,0,0,0,4,0,0,0,0,0,0,0,0,0,0,0,0,0,0,0,0,0,6,0,0,4,5,4,0,0,0,15,4,0,3,0,0,0,0,0,11,0,0,0,0,3,0,0,0,9,0,0,0,0,0,0,0,0,0,0,0,0,0,0,0,0,0,4,0,0,0,0,0,0,0,0,0,0,0,0,0,0,0,0,0,0,12,0,20,14,6,3,7,4,63
SAL20470,5,0,0,0,0,0,0,3,4,0,0,0,0,0,0,0,0,0,0,0,0,0,0,0,0,0,5,0,0,0,0,0,0,0,0,0,0,0,0,0,0,0,0,0,0,0,0,0,0,0,0,0,0,0,3,0,4,0,0,0,0,0,12,0,0,0,0,0,0,0,0,0,0,0,4,0,0,0,0,0,11,0,0,0,0,0,0,0,0,3,0,0,0,3,3,0,0,0,10,0,0,0,0,0,0,0,0,3,0,0,4,0,0,0,0,0,8,0,0,0,0,0,0,0,0,0,0,0,0,0,0,0,0,0,0,19,5,18,8,3,0,5,7,63
SAL20471,0,0,0,0,0,0,0,0,0,0,0,0,0,0,0,0,0,0,0,0,0,0,0,0,0,0,0,0,0,0,0,0,0,0,0,0,0,0,0,0,0,0,0,0,0,0,0,0,0,0,0,0,0,0,0,0,0,0,0,0,0,0,0,0,0,0,0,0,0,0,0,0,0,0,0,0,0,0,0,0,0,0,0,0,0,0,0,0,0,0,0,0,0,0,0,0,0,0,0,0,0,0,0,0,0,0,0,0,0,0,0,0,0,0,0,0,0,0,0,0,0,0,0,0,0,0,0,0,0,0,0,0,0,0,0,0,0,0,0,0,0,0,0,0
SAL20472,0,0,0,0,0,0,0,0,0,0,0,0,0,0,0,0,0,0,0,0,0,0,0,0,0,0,0,0,0,0,0,0,0,0,0,0,0,0,0,0,0,0,0,0,0,0,0,0,0,0,0,0,0,0,0,0,0,0,0,0,0,0,0,0,0,0,0,0,0,0,0,0,0,0,0,0,0,0,0,0,0,0,0,4,0,0,0,0,0,4,0,0,0,0,0,0,0,0,0,3,0,0,0,0,0,0,0,3,0,0,0,0,0,0,0,0,0,0,0,0,0,0,0,0,0,0,0,0,0,0,0,0,0,0,0,0,3,3,5,0,0,0,4,14
SAL20473,23,0,0,0,0,0,0,6,27,15,0,0,0,0,0,0,0,15,15,0,0,0,0,0,0,0,12,13,6,6,3,0,0,0,0,30,6,3,10,5,5,0,0,3,30,3,0,15,4,0,0,0,0,28,10,6,12,9,0,0,0,0,27,14,4,11,9,0,0,0,0,39,9,7,12,6,7,0,3,0,43,13,5,27,23,9,0,0,6,74,7,5,21,22,9,0,0,8,68,3,5,11,7,3,0,0,0,34,3,6,11,9,4,0,0,0,34,0,0,5,6,4,0,0,0,17,0,0,0,7,0,3,0,0,18,130,47,144,111,36,9,4,24,502
SAL20474,17,0,0,0,0,0,0,0,15,6,0,0,0,0,0,0,3,14,4,6,0,0,0,0,0,0,6,10,5,0,3,0,0,0,0,15,3,0,0,4,0,0,0,0,14,0,0,8,0,0,0,0,3,6,5,0,6,3,0,0,0,0,20,4,0,7,0,0,0,0,3,15,8,4,13,4,0,0,0,0,23,4,0,22,10,0,0,0,0,38,8,3,10,8,0,0,0,0,31,0,0,11,5,0,0,4,0,23,0,0,4,5,0,0,0,0,18,0,0,0,0,0,0,0,0,7,0,0,0,0,0,0,0,0,3,68,27,86,46,8,0,4,23,252
SAL20475,67,0,0,0,0,0,0,13,78,34,0,3,0,0,0,0,13,57,40,6,7,4,0,0,0,7,56,25,9,13,9,3,0,0,16,77,19,10,22,20,3,0,0,8,81,6,8,44,10,3,0,0,13,90,13,15,40,8,6,3,0,12,95,11,16,22,23,0,0,0,9,78,14,10,33,16,4,0,0,7,75,11,10,33,15,7,0,0,11,98,9,6,29,20,10,0,0,10,81,3,13,22,11,5,3,0,8,59,5,0,8,15,5,0,0,8,35,3,0,0,3,0,0,0,0,8,0,5,6,0,0,0,0,0,13,264,100,270,154,41,8,5,134,980
SAL20476,75,0,0,0,0,0,0,6,88,58,6,3,0,0,0,0,6,77,68,21,17,5,0,0,0,4,117,39,20,33,21,0,0,0,11,127,31,22,45,13,0,0,0,9,128,23,22,41,12,7,0,0,9,109,18,19,36,18,14,0,0,9,106,20,24,44,33,10,3,0,11,147,31,20,41,36,16,3,0,3,144,19,19,59,29,14,4,0,16,163,21,21,66,48,16,4,0,15,194,39,21,78,54,17,3,0,21,238,28,14,79,63,26,6,0,24,239,24,10,60,52,30,14,3,29,221,28,26,108,103,64,15,9,64,412,523,257,717,481,211,55,23,237,2510
SAL20477,0,0,0,0,0,0,0,3,3,0,0,0,0,0,0,0,0,0,0,0,0,0,0,0,0,4,0,0,0,0,0,0,0,0,0,0,0,0,0,0,0,0,0,0,6,0,0,0,0,0,0,0,0,0,0,0,0,0,0,0,0,0,0,0,0,0,0,0,0,0,0,0,0,0,0,4,0,0,0,0,0,0,0,0,0,0,0,0,0,0,0,0,0,0,0,0,0,0,0,0,0,0,0,0,0,0,0,4,0,0,0,0,0,0,0,0,0,0,0,0,0,0,0,0,0,0,0,0,0,0,0,0,0,0,0,4,0,0,3,0,0,0,8,20
SAL20478,0,0,0,0,0,0,0,0,0,0,0,0,0,0,0,0,0,0,0,0,0,0,0,0,0,0,0,0,0,0,0,0,0,0,0,0,0,4,0,0,0,0,0,0,0,0,0,0,0,0,0,0,0,0,0,0,0,0,0,0,0,0,0,0,0,3,0,0,0,0,0,4,0,0,0,0,0,0,0,0,7,0,0,0,0,0,0,0,0,0,0,0,0,0,0,0,0,4,10,0,0,0,0,0,0,0,0,7,0,0,0,0,0,0,0,0,0,0,0,0,0,0,0,0,0,0,0,0,0,0,0,0,0,0,0,6,3,5,10,7,0,0,5,31
SAL20479,0,0,0,0,0,0,0,0,0,0,0,0,0,0,0,0,0,0,0,0,0,0,0,0,0,0,0,0,0,0,0,0,0,0,0,0,0,0,0,0,0,0,0,0,0,0,0,0,0,0,0,0,0,0,0,0,0,0,0,0,0,0,0,0,0,0,0,0,0,0,0,0,0,0,0,0,0,0,0,0,0,0,0,0,0,0,0,0,0,0,0,0,0,0,0,0,0,0,0,0,0,0,0,0,0,0,0,0,0,0,0,0,0,0,0,0,0,0,0,0,0,0,0,0,0,0,0,0,0,0,0,0,0,0,0,0,0,0,0,0,0,0,0,0
SAL20480,6,0,0,0,0,0,0,0,6,3,0,0,0,0,0,0,4,3,0,0,0,0,0,0,0,0,5,0,5,0,0,0,0,0,0,5,0,4,0,3,0,0,0,0,10,0,0,0,0,0,0,0,0,7,0,0,3,0,0,0,0,0,10,0,0,0,0,0,0,0,0,5,0,0,5,4,0,0,0,0,14,0,0,0,5,0,0,0,0,3,0,0,5,0,0,0,0,0,12,0,3,0,5,3,0,0,0,7,0,0,0,0,0,0,0,3,6,0,0,0,0,0,0,0,0,0,0,0,0,0,0,0,0,0,5,19,15,20,16,8,8,8,7,102
SAL20481,0,0,0,0,0,0,0,0,0,0,0,0,0,0,0,0,0,0,0,0,0,0,0,0,0,0,0,0,0,0,0,0,0,0,0,0,0,0,0,0,0,0,0,0,0,0,0,0,0,0,0,0,0,0,0,0,0,0,0,0,0,0,0,0,0,0,0,0,0,0,0,4,0,0,0,0,0,0,0,0,7,0,0,0,0,0,0,0,0,0,0,0,0,0,0,0,0,0,0,0,0,0,0,0,0,0,0,3,0,0,0,0,0,0,0,0,3,0,0,0,0,0,0,0,0,0,0,0,0,0,0,0,0,0,0,4,0,4,3,6,0,0,4,23
SAL20482,0,0,0,0,0,0,0,0,0,0,0,0,0,0,0,0,0,0,0,0,0,0,0,0,0,0,0,0,0,0,0,0,0,0,0,0,0,0,0,4,0,0,0,0,4,0,0,0,0,0,0,0,0,0,0,0,0,0,0,0,0,0,0,0,0,0,0,0,0,0,0,0,0,0,0,0,0,0,0,0,0,0,0,0,0,0,0,0,0,0,0,0,0,0,0,0,0,0,0,0,0,0,0,0,0,0,0,3,0,0,0,0,0,0,0,0,0,0,0,0,0,0,0,0,0,0,0,0,0,0,0,0,0,0,0,4,0,3,8,0,0,0,0,12
SAL20483,0,0,0,0,0,0,0,0,0,0,0,0,0,0,0,0,0,0,0,0,0,0,0,0,0,0,0,0,0,0,0,0,0,0,0,0,0,0,0,0,0,0,0,0,0,0,0,0,0,0,0,0,0,3,0,0,0,0,0,0,0,0,0,0,0,0,0,0,0,0,0,7,0,0,0,0,0,0,0,0,0,0,0,0,0,0,0,0,0,0,0,0,0,0,0,0,0,0,4,3,0,0,0,0,0,0,0,3,0,0,0,0,0,0,0,0,0,0,0,0,0,0,0,0,0,0,0,0,0,0,0,0,0,0,0,11,5,3,5,0,0,0,0,25
SAL20484,0,0,0,0,0,0,0,4,4,0,0,0,0,0,0,0,0,0,5,0,0,0,0,0,0,0,5,0,0,0,0,0,0,0,0,5,0,0,0,0,0,0,0,0,4,0,3,0,0,0,0,0,0,6,0,0,0,0,0,0,0,0,6,0,0,0,0,0,0,0,0,4,0,0,0,3,0,0,0,0,6,0,0,0,3,0,0,0,0,3,0,0,3,0,0,0,0,0,8,0,0,7,0,0,0,0,0,3,0,0,0,0,0,0,0,0,0,0,0,0,0,0,0,0,0,0,0,0,0,0,0,0,0,0,0,9,4,12,4,3,0,4,5,39
SAL20485,57,0,0,0,0,0,0,7,65,31,4,0,0,0,0,0,0,32,12,4,0,0,0,0,0,4,15,6,8,8,6,0,0,0,0,27,0,8,12,11,0,3,0,0,32,3,4,23,15,0,0,0,0,44,0,4,18,14,6,4,0,3,50,4,4,15,15,4,0,0,0,42,0,0,5,9,7,6,0,0,33,0,0,12,4,0,0,0,0,24,0,0,5,3,4,0,0,0,18,0,0,8,4,0,0,0,0,16,0,0,0,3,0,0,0,0,7,0,0,0,0,0,0,0,0,0,0,0,0,0,0,0,0,0,4,120,36,110,82,34,13,9,12,408
SAL20486,34,0,0,0,0,0,0,4,41,19,0,0,0,0,0,0,0,19,8,0,4,0,0,0,0,0,20,5,5,12,9,3,0,0,0,41,9,8,22,6,5,0,0,0,45,3,4,21,10,4,0,0,0,44,3,3,11,12,7,3,0,0,34,4,3,9,3,0,3,0,0,20,6,3,11,5,0,0,0,6,25,4,0,3,4,0,0,0,0,16,0,0,7,5,0,0,0,0,15,0,0,5,0,4,0,0,0,14,0,0,4,0,0,0,0,0,4,0,0,0,0,0,0,0,0,0,0,0,0,0,0,0,0,0,5,92,39,102,56,16,7,5,19,335
SAL20487,15,0,0,0,0,0,0,0,15,4,0,0,0,0,0,0,4,9,5,0,0,0,0,0,0,0,5,0,0,0,0,0,0,0,0,7,0,8,3,0,3,0,0,0,16,3,5,6,5,0,0,0,0,9,0,0,8,0,0,0,0,0,13,0,3,7,4,0,0,0,0,17,0,0,9,0,4,0,0,0,16,0,0,8,0,0,0,0,3,10,0,0,8,3,3,0,0,0,12,3,0,4,0,0,0,0,0,11,0,0,0,0,0,0,0,0,3,0,0,3,0,0,0,0,0,3,0,0,0,0,0,0,0,0,0,38,13,41,20,15,5,0,16,140
SAL20488,31,0,0,0,0,0,0,0,31,10,0,0,0,0,0,0,0,12,17,3,0,0,0,0,0,0,29,5,4,13,10,0,0,0,0,28,4,4,7,4,0,0,0,0,17,3,3,4,10,3,0,0,4,20,3,0,12,12,3,0,3,0,39,0,3,12,5,0,0,0,0,30,5,3,12,6,0,0,0,3,35,0,0,11,6,0,0,0,6,24,0,0,4,9,0,0,0,0,17,0,0,0,6,0,0,0,0,7,0,0,0,3,0,0,0,0,10,0,0,0,0,0,0,0,0,8,0,0,0,0,0,0,0,0,3,86,25,80,76,15,7,7,22,321
SAL20489,5,0,0,0,0,0,0,0,5,0,0,0,0,0,0,0,0,0,0,0,0,0,0,0,0,0,0,0,0,0,0,0,0,0,0,0,0,0,0,0,0,0,0,0,0,0,0,0,0,0,0,0,5,6,0,0,0,0,0,0,0,0,3,0,0,0,0,0,0,0,0,0,0,0,0,0,0,0,0,0,0,0,0,0,0,0,0,0,0,0,0,0,0,0,0,0,0,0,0,0,0,0,0,0,0,0,0,0,0,0,0,0,0,0,0,0,0,0,0,0,0,0,0,0,0,0,0,0,0,0,0,0,0,0,0,5,0,4,3,0,0,0,5,18
SAL20490,0,0,0,0,0,0,0,0,0,0,0,0,0,0,0,0,0,0,0,0,0,0,0,0,0,0,0,0,0,0,0,0,0,0,0,0,0,0,0,0,0,0,0,0,0,0,0,0,0,0,0,0,0,0,0,0,0,0,0,0,0,0,0,0,0,0,0,0,0,0,0,0,0,0,0,0,0,0,0,0,0,0,0,0,0,0,0,0,0,0,0,0,3,0,0,0,0,0,5,0,0,0,0,0,0,0,0,0,0,0,0,0,0,0,0,0,0,0,0,0,0,0,0,0,0,0,0,0,0,0,0,0,0,0,0,0,0,3,3,0,0,0,0,9
SAL20491,0,0,0,0,0,0,0,0,0,0,0,0,0,0,0,0,0,0,0,0,0,0,0,0,0,0,0,0,0,0,0,0,0,0,0,0,0,0,0,0,0,0,0,0,0,0,0,0,0,0,0,0,0,0,0,0,0,0,0,0,0,0,0,0,0,0,0,0,0,0,0,0,0,0,0,0,0,0,0,0,0,0,0,0,0,0,0,0,0,0,0,0,0,0,0,0,0,0,0,0,0,0,0,0,0,0,0,0,0,0,0,0,0,0,0,0,0,0,0,0,0,0,0,0,0,0,0,0,0,0,0,0,0,0,0,0,0,5,0,0,0,0,0,3
SAL20492,26,0,0,0,0,0,0,0,32,26,0,0,0,0,0,0,0,27,13,0,6,0,0,0,0,0,23,8,6,11,9,3,0,0,3,38,3,3,12,4,4,0,0,3,28,0,5,5,8,8,0,4,4,40,10,3,3,12,0,0,0,0,26,7,0,13,12,8,4,0,3,38,6,4,13,12,3,0,0,0,46,3,5,10,18,9,3,0,0,40,3,5,22,9,9,0,0,0,51,4,3,6,15,7,5,0,6,43,0,3,0,3,3,0,0,0,19,0,0,4,0,5,0,0,0,16,0,0,4,4,0,0,0,0,4,96,44,123,112,54,18,7,29,486
SAL20493,6,0,0,0,0,0,0,0,6,4,0,0,0,0,0,0,0,4,6,0,0,0,0,0,0,0,8,0,0,0,0,0,0,0,0,3,0,0,0,0,0,0,0,0,3,0,0,0,0,0,0,0,0,7,0,0,0,0,0,0,0,0,9,0,0,3,3,0,0,0,0,10,0,0,0,5,0,0,0,0,11,0,5,0,0,0,0,0,0,4,0,0,0,0,0,0,0,0,8,0,0,0,0,0,0,0,0,0,0,0,0,0,0,0,0,0,0,0,0,0,0,0,0,0,0,0,0,0,0,0,0,0,0,0,0,22,11,14,14,4,0,5,5,69
SAL20494,12,0,0,0,0,0,0,0,13,0,0,0,0,0,0,0,0,3,4,0,0,0,0,0,0,0,4,0,0,3,0,0,0,0,0,3,0,3,4,0,0,0,0,0,19,0,5,9,0,0,0,0,0,10,0,0,3,6,0,0,0,3,16,0,3,4,0,0,0,0,0,14,3,3,5,0,0,0,0,0,12,7,0,0,0,5,0,0,0,19,0,0,4,4,6,0,0,3,20,0,4,3,5,0,0,0,4,12,0,0,5,8,0,0,0,0,11,0,0,0,0,0,0,0,0,5,0,0,0,0,0,0,0,0,0,39,24,47,23,13,4,3,16,162
SAL20495,528,0,0,0,0,0,0,41,573,1848,5,4,0,0,0,0,160,2024,1555,31,3,0,0,0,0,158,1751,787,66,23,10,6,0,0,65,950,343,75,45,9,12,9,5,46,528,142,52,50,16,8,0,3,24,301,94,41,46,19,6,3,3,25,237,83,47,69,25,7,0,3,24,255,67,43,69,28,9,7,0,17,246,58,29,46,27,18,0,9,12,192,46,35,52,30,11,0,5,18,192,35,30,55,34,9,5,0,9,175,24,16,38,21,10,4,6,4,130,13,4,32,18,13,4,10,10,104,15,11,36,25,16,7,5,14,132,5648,487,570,248,125,43,52,628,7799
SAL20496,77,0,0,0,0,0,0,10,85,345,0,0,0,0,0,0,27,378,498,8,0,0,0,0,0,26,537,330,39,15,0,0,0,0,15,399,152,59,37,3,0,0,0,15,265,73,27,69,11,0,0,0,5,187,61,31,52,18,0,0,0,0,166,57,38,50,13,6,0,0,5,172,51,25,42,17,3,0,0,6,144,49,29,54,22,5,0,0,4,158,38,24,40,21,6,0,0,7,134,37,13,51,27,4,0,0,0,141,14,11,37,11,13,0,0,6,94,7,3,22,11,0,4,0,5,52,0,4,17,12,7,0,4,4,59,1789,312,469,181,52,5,11,138,2954
SAL20497,3,0,0,0,0,0,0,0,3,0,0,0,0,0,0,0,0,0,3,0,0,0,0,0,0,0,3,0,0,0,0,0,0,0,0,0,0,0,0,0,0,0,0,0,0,0,0,0,0,0,0,0,0,0,0,0,4,0,0,0,0,0,4,0,0,0,0,0,0,0,0,5,0,0,0,0,0,0,0,0,4,0,0,0,0,0,0,0,0,3,0,0,0,0,0,0,0,0,5,0,0,0,0,0,0,0,0,3,0,0,0,0,0,0,0,0,0,0,0,0,0,0,0,0,0,0,0,0,0,0,0,0,0,0,5,9,0,14,6,4,0,0,0,37
SAL20498,303,0,0,0,0,0,0,26,326,680,0,0,0,0,0,0,45,724,912,55,9,0,0,0,0,54,1038,666,175,83,6,0,0,0,39,969,331,228,243,31,4,0,0,26,863,201,109,199,49,0,0,0,16,584,146,106,180,70,6,5,0,18,538,123,86,192,76,13,0,0,15,495,138,85,184,58,22,0,0,12,493,107,104,161,45,18,8,0,12,454,69,58,142,40,26,3,0,15,366,64,72,137,57,15,0,0,29,369,52,28,116,49,15,0,0,23,283,25,25,89,47,9,6,0,31,224,27,18,78,53,16,11,6,80,284,3834,1153,1804,575,149,36,18,446,8019
SAL20499,3,0,0,0,0,0,0,0,3,4,0,0,0,0,0,0,0,4,3,3,0,0,0,0,0,0,7,0,3,0,4,0,0,0,0,9,0,0,0,0,0,0,0,0,4,0,0,5,0,0,0,0,0,4,0,0,0,0,0,0,0,0,0,3,0,0,0,0,0,0,0,7,0,0,0,0,0,0,0,0,0,0,0,3,3,4,0,0,0,8,0,0,0,4,0,0,0,0,9,0,0,0,0,3,0,0,0,4,0,0,0,3,0,0,0,0,4,0,0,0,0,0,0,0,0,0,0,0,0,0,0,0,0,0,0,18,8,17,13,9,0,0,0,69
SAL20500,905,4,0,0,0,0,0,76,985,672,14,9,0,0,0,0,56,749,475,110,57,12,8,0,0,51,710,266,189,189,76,16,9,0,42,787,181,184,432,128,32,10,3,43,1019,96,167,556,223,57,16,6,42,1159,127,171,534,222,63,22,9,37,1203,89,124,389,172,62,11,6,41,897,75,78,231,125,31,10,13,25,587,41,61,200,109,35,5,14,23,487,26,51,162,107,35,8,16,10,421,14,31,127,92,40,14,7,13,337,9,18,50,44,18,13,6,12,162,4,12,30,26,16,10,11,5,103,4,7,17,12,9,3,8,0,67,3003,1214,2979,1343,425,128,97,474,9675
SAL20501,6,0,0,0,0,0,0,0,3,0,0,0,0,0,0,0,0,0,0,0,0,0,0,0,0,0,0,0,0,0,0,0,0,0,0,3,0,0,0,0,0,0,0,0,3,0,0,3,0,0,0,0,0,5,0,0,0,0,0,0,0,0,0,0,0,0,0,0,0,0,0,0,0,0,0,0,0,0,0,0,3,0,0,0,0,0,0,0,0,0,0,0,0,6,0,0,0,0,6,0,0,0,0,0,0,0,0,5,0,0,0,0,0,3,0,0,3,0,0,0,0,0,0,0,0,0,0,0,0,0,0,0,0,0,0,7,6,6,14,0,6,0,13,45
SAL20502,3,0,0,0,0,0,0,0,3,0,0,0,0,0,0,0,0,9,0,0,0,0,0,0,0,0,0,0,0,0,0,0,0,0,0,0,0,0,0,0,0,0,0,0,6,0,0,0,0,0,0,0,0,6,0,0,0,0,0,0,0,0,6,0,0,0,0,0,0,0,0,3,0,0,3,0,0,0,0,0,3,0,0,0,0,0,0,0,0,6,0,0,0,4,0,0,0,0,7,0,0,0,0,0,0,0,0,3,0,0,0,0,0,0,0,0,0,0,0,0,0,0,0,0,0,0,0,0,0,0,0,0,0,0,0,15,0,8,7,6,0,0,4,40
SAL20503,0,0,0,0,0,0,0,0,0,0,0,0,0,0,0,0,0,0,0,0,0,0,0,0,0,0,0,0,0,0,0,0,0,0,0,0,0,0,0,0,0,0,0,0,4,0,0,0,0,0,0,0,0,0,3,0,4,0,0,0,0,0,4,0,0,0,4,0,0,0,0,3,0,0,5,3,4,0,0,0,6,4,0,0,0,0,0,0,0,6,0,0,0,0,0,0,0,0,0,0,0,3,0,0,0,0,0,3,0,0,0,0,0,0,0,0,0,0,0,0,0,0,0,0,0,0,0,0,0,0,0,0,0,0,0,16,6,14,11,0,0,3,5,48
SAL20504,0,0,0,0,0,0,0,0,0,0,0,0,0,0,0,0,0,0,0,0,0,0,0,0,0,0,0,0,0,0,0,0,0,0,0,3,0,0,0,0,0,0,0,0,0,0,0,0,0,0,0,0,0,0,0,0,0,0,0,0,0,0,0,0,0,0,0,0,0,0,0,0,0,0,0,0,0,0,0,0,0,0,0,0,0,0,0,0,0,0,0,0,4,0,0,0,0,0,4,0,0,0,0,0,0,0,0,0,0,0,0,0,0,0,0,0,0,0,0,0,0,0,0,0,0,0,0,0,0,0,0,0,0,0,0,0,0,9,0,4,0,0,6,18
SAL20505,0,0,0,0,0,0,0,0,0,0,0,0,0,0,0,0,0,0,0,0,0,0,0,0,0,0,0,0,0,0,0,0,0,0,0,0,0,0,0,0,0,0,0,0,0,0,0,0,0,0,0,0,0,0,0,0,0,0,0,0,0,0,0,0,0,0,0,0,0,0,0,3,0,0,0,0,0,0,0,0,4,0,0,0,0,0,0,0,0,0,0,0,0,0,0,0,0,0,0,0,0,0,0,0,0,0,0,0,0,0,0,0,0,0,0,0,0,0,0,0,0,0,0,0,0,0,0,0,0,0,0,0,0,0,0,8,0,5,5,5,0,0,0,17
SAL20506,5,0,0,0,0,0,0,0,5,0,0,0,0,0,0,0,0,0,0,0,0,0,0,0,0,0,0,0,0,0,0,0,0,0,0,0,0,0,0,0,0,0,0,0,0,0,0,0,0,0,0,0,0,0,0,0,0,0,0,0,0,0,0,0,0,0,0,0,0,0,0,0,0,0,0,0,0,0,0,0,0,0,0,0,0,0,0,0,0,0,0,0,0,0,0,0,0,0,0,0,0,0,0,0,0,0,0,0,0,0,0,0,0,0,0,0,0,0,0,0,0,0,0,0,0,0,0,0,0,0,0,0,0,0,0,5,0,0,0,0,0,0,0,9
SAL20507,79,0,0,0,0,0,0,6,86,81,3,0,0,0,0,0,5,84,81,15,4,0,0,0,0,11,116,92,36,42,9,0,0,0,8,187,54,38,63,26,3,0,0,11,192,37,32,55,12,7,7,0,3,161,44,34,59,13,9,0,0,8,154,37,28,53,23,3,0,0,6,146,25,19,50,22,7,4,0,3,137,27,21,41,45,9,7,6,9,156,12,18,52,36,12,0,0,0,135,14,16,47,24,12,3,0,0,113,10,11,29,14,15,0,0,0,78,0,3,19,14,3,0,0,6,55,4,4,16,8,7,4,5,0,47,589,279,528,253,81,28,9,77,1852
SAL20508,483,4,0,0,0,0,0,44,533,565,48,12,0,0,0,0,43,666,576,136,105,19,5,4,0,51,897,389,262,220,69,19,6,0,48,1012,227,174,298,112,25,9,4,40,883,143,142,257,110,44,10,9,28,745,128,133,229,113,52,21,11,37,721,114,127,261,131,46,16,9,21,727,84,114,242,174,63,14,8,28,723,63,90,214,121,45,16,8,25,590,46,64,191,119,58,19,5,21,514,37,48,170,74,35,14,10,36,418,14,26,99,66,37,12,4,24,290,7,16,54,36,32,14,11,27,205,14,22,67,72,39,12,19,41,282,2875,1402,2419,1212,504,153,108,523,9193
SAL20509,0,0,0,0,0,0,0,0,0,5,0,0,0,0,0,0,0,5,0,0,0,0,0,0,0,0,0,0,0,0,0,0,0,0,0,3,0,0,0,0,0,0,0,0,0,0,0,0,0,0,0,0,3,6,0,0,0,0,0,0,0,0,4,0,0,0,0,0,0,0,0,0,0,0,4,0,0,0,0,0,6,0,0,3,0,0,0,0,0,9,0,0,0,0,0,0,0,0,0,0,0,0,0,0,0,0,0,0,0,0,0,0,0,0,0,0,0,0,0,0,0,0,0,0,0,0,0,0,0,0,0,0,0,0,0,4,0,5,5,7,0,0,8,24
SAL20510,3,0,0,0,0,0,0,0,3,0,0,0,0,0,0,0,0,3,0,0,0,0,0,0,0,0,7,0,0,5,0,0,0,0,0,8,4,0,7,0,0,0,0,0,8,0,0,0,0,0,0,0,0,3,0,0,3,3,0,0,0,0,4,0,4,7,0,0,0,0,0,13,0,0,3,3,0,0,0,6,8,0,0,4,3,0,0,0,0,6,0,0,3,0,0,0,0,0,10,0,0,0,0,0,0,0,0,7,0,0,0,0,0,0,0,0,4,0,0,0,0,0,0,0,0,0,0,0,0,0,0,0,0,0,4,8,9,31,15,7,0,0,7,81
SAL20511,0,0,0,0,0,0,0,0,0,0,0,0,0,0,0,0,0,0,0,0,0,0,0,0,0,0,0,0,0,0,0,0,0,0,0,0,0,0,0,0,0,0,0,0,0,0,0,0,0,0,0,0,0,0,0,0,0,0,0,0,0,0,0,0,0,0,0,0,0,0,0,0,0,0,0,0,0,0,0,0,0,0,0,0,0,0,0,0,0,0,0,0,0,0,0,0,0,0,0,0,0,0,0,0,0,0,0,0,0,0,0,0,0,0,0,0,0,0,0,0,0,0,0,0,0,0,0,0,0,0,0,0,0,0,0,0,0,0,0,0,0,0,0,7
SAL20512,9,0,0,0,0,0,0,0,9,8,0,0,0,0,0,0,0,8,0,0,0,0,0,0,0,0,3,0,0,0,0,0,0,0,0,4,4,0,0,4,0,0,0,0,9,0,0,4,0,0,0,0,0,9,4,0,0,0,0,0,0,0,11,0,0,3,0,3,0,0,0,17,0,0,3,3,0,0,0,0,15,3,0,5,5,0,0,0,0,18,0,0,0,0,0,0,0,3,9,3,0,0,0,0,0,0,0,6,0,0,0,0,0,0,0,0,0,0,0,0,0,0,0,0,0,0,0,0,0,0,0,0,0,0,0,43,3,31,11,10,0,0,7,101
SAL20513,33,0,0,0,0,0,0,3,36,23,7,4,0,0,0,0,4,38,20,4,5,0,0,0,0,0,30,6,3,5,4,0,0,0,0,24,6,4,8,6,6,0,0,0,31,5,0,9,4,0,0,4,4,25,3,4,14,12,3,0,0,3,39,6,8,10,10,6,0,0,3,42,11,9,24,21,7,7,0,6,79,16,8,23,20,4,4,0,3,83,15,5,21,15,10,5,4,8,84,8,4,19,14,3,0,0,9,64,12,4,17,14,12,10,4,9,73,6,0,12,15,7,7,5,10,60,3,5,3,21,16,5,13,7,69,170,64,170,166,80,33,30,69,787
SAL20514,0,0,0,0,0,0,0,0,0,0,0,0,0,0,0,0,0,0,0,0,0,0,0,0,0,0,0,0,0,0,0,0,0,0,0,3,0,0,0,0,0,0,0,4,0,0,0,0,4,0,0,0,0,4,0,0,0,0,0,0,0,0,5,0,0,5,0,0,0,0,0,0,0,0,0,4,0,0,0,0,3,0,0,3,0,0,0,0,0,3,0,0,0,0,0,0,0,0,4,0,0,0,0,0,0,0,0,0,0,0,0,0,0,0,0,3,3,0,0,0,0,0,0,0,0,0,0,0,0,0,0,0,0,0,0,5,0,8,6,0,0,0,8,33
SAL20515,0,0,0,0,0,0,0,0,0,6,0,0,0,0,0,0,0,6,0,0,0,0,0,0,0,0,0,0,0,0,0,0,0,0,0,9,0,0,0,0,0,0,0,0,0,0,0,3,4,0,0,0,0,5,0,0,0,0,0,0,0,0,4,0,0,0,0,0,0,0,0,4,0,0,4,0,0,0,0,0,4,0,0,0,0,0,0,0,0,6,0,0,3,0,0,0,0,0,3,0,0,5,0,0,0,0,0,3,0,0,0,6,0,0,0,0,3,0,0,0,0,0,0,0,0,0,0,0,0,0,0,0,0,0,0,14,5,10,9,8,0,0,4,48
SAL20516,122,0,0,0,0,0,0,22,146,57,0,0,0,0,0,0,7,73,69,6,11,4,0,0,0,7,99,77,40,19,7,0,0,0,8,152,71,43,70,16,4,5,0,8,217,55,34,59,26,5,3,5,18,206,52,57,70,25,4,3,0,18,237,47,42,85,38,12,0,3,17,252,58,45,93,35,9,0,3,19,265,81,34,80,42,19,3,6,15,274,71,35,125,64,32,10,0,19,355,53,32,98,57,16,10,4,37,311,35,19,83,68,24,10,4,43,276,16,8,44,43,31,12,6,37,198,17,10,37,39,22,6,3,128,273,879,414,883,457,187,67,37,397,3318
SAL20517,8,0,0,0,0,0,0,0,11,4,0,0,0,0,0,0,0,3,3,4,4,0,0,0,0,0,9,0,3,6,0,0,0,0,0,5,0,0,4,3,0,0,0,0,3,0,0,3,0,0,0,0,0,11,3,3,8,4,0,0,0,0,13,0,4,4,0,0,0,0,0,10,5,5,9,0,0,0,0,0,15,3,0,3,0,3,0,0,0,12,0,0,0,4,0,0,0,0,6,0,4,0,0,0,0,0,0,5,0,0,0,0,0,0,0,0,4,0,0,0,0,0,0,0,0,6,0,0,0,0,0,0,0,0,3,33,20,35,12,5,0,5,6,122
SAL20518,0,0,0,0,0,0,0,0,0,0,0,0,0,0,0,0,0,6,0,0,0,0,0,0,0,0,0,0,0,0,0,0,0,0,0,0,0,0,0,0,0,0,0,0,3,0,0,0,0,0,0,0,0,0,0,0,0,0,0,0,0,0,0,0,0,0,0,0,0,0,0,6,0,0,4,0,0,0,0,0,3,0,0,5,4,0,0,0,0,7,0,0,4,0,0,0,0,0,12,0,0,0,0,0,0,0,0,0,0,0,0,0,0,0,0,0,0,0,0,0,0,0,0,0,0,0,0,0,0,0,0,0,0,0,3,6,5,13,6,0,0,0,10,46
SAL20519,0,0,0,0,0,0,0,0,0,0,0,0,0,0,0,0,0,0,0,0,0,0,0,0,0,0,0,0,0,0,0,0,0,0,0,0,0,0,0,0,0,0,0,0,0,0,0,0,0,0,0,0,0,0,0,0,0,0,0,0,0,0,0,0,0,0,0,0,0,0,0,0,0,0,0,0,0,0,0,0,3,0,0,0,0,0,0,0,0,0,0,0,0,0,0,0,0,0,0,0,0,0,0,0,0,0,0,0,0,0,0,0,0,0,0,0,0,0,0,0,0,0,0,0,0,0,0,0,0,0,0,0,0,0,0,3,6,0,4,0,4,0,0,17
SAL20520,0,0,0,0,0,0,0,0,0,0,0,0,0,0,0,0,0,0,0,0,0,0,0,0,0,0,0,0,0,0,0,0,0,0,0,0,0,0,0,0,0,0,0,0,0,0,0,0,0,0,0,0,0,0,0,0,0,0,0,0,0,0,0,0,0,0,0,0,0,0,0,0,0,0,0,0,0,0,0,0,0,0,0,0,0,0,0,0,0,0,0,0,0,0,0,0,0,0,0,0,0,0,0,0,0,0,0,0,0,0,0,0,0,0,0,0,0,0,0,0,0,0,0,0,0,0,0,0,0,0,0,0,0,0,0,0,0,0,0,0,0,0,0,3
SAL20521,124,0,0,0,0,0,0,11,135,147,0,0,0,0,0,0,19,166,199,10,0,0,0,0,0,6,214,121,37,32,5,0,0,0,6,199,71,38,58,27,6,0,0,16,209,38,22,65,37,7,0,0,8,180,32,24,54,39,3,3,0,4,163,34,29,85,40,10,5,4,10,215,22,21,63,25,10,0,0,9,145,21,23,60,30,6,3,0,8,144,26,19,83,34,9,0,0,13,187,19,19,95,42,12,0,0,8,197,5,15,35,30,10,4,0,3,109,14,15,37,21,8,3,0,4,112,16,26,73,32,12,4,3,13,186,893,300,736,375,99,26,16,131,2568
SAL20522,33,0,0,0,0,0,0,4,38,96,0,0,0,0,0,0,7,104,72,0,0,0,0,0,0,6,85,42,7,8,0,0,0,0,5,57,20,9,13,3,0,0,0,0,47,9,8,11,0,0,0,0,0,31,10,5,12,5,0,0,0,0,29,11,10,19,0,0,0,0,0,44,3,5,14,4,0,0,0,3,37,6,11,5,7,3,0,0,0,29,7,3,15,10,0,0,0,0,33,13,3,6,8,0,0,0,0,25,3,0,4,0,0,0,0,0,14,0,0,3,0,0,0,0,0,3,0,6,3,0,0,0,0,0,8,323,64,109,39,4,4,0,39,586
SAL20523,393,0,0,0,0,0,0,19,413,662,8,3,0,0,0,0,63,734,694,28,19,7,0,0,0,71,819,450,118,64,26,8,5,4,35,705,214,118,123,76,22,6,5,38,595,135,76,173,80,29,0,7,17,524,106,64,148,108,34,4,5,24,500,86,72,178,101,35,8,5,16,495,69,60,144,87,20,10,10,14,406,70,51,169,128,35,7,8,14,476,60,51,165,102,39,7,9,25,459,48,60,161,120,20,13,4,32,453,26,22,105,71,31,0,0,20,277,18,19,66,56,17,3,0,26,211,31,32,120,98,28,17,6,63,397,3056,786,1637,1053,312,82,57,474,7474
SAL20524,315,0,0,0,0,0,0,20,329,271,3,0,0,0,0,0,14,285,277,15,3,0,0,0,0,33,328,233,90,63,3,3,0,0,26,416,103,94,177,44,3,0,0,27,450,76,79,185,68,7,0,0,15,442,70,58,212,71,16,0,0,13,444,66,74,205,86,8,4,0,10,455,47,55,164,75,11,0,0,12,371,56,44,160,76,14,3,0,10,369,49,45,152,65,13,4,4,5,339,41,54,161,80,13,3,0,17,375,20,29,85,43,11,0,0,9,194,8,17,65,35,17,3,0,11,152,15,28,87,42,23,8,9,10,220,1648,683,1728,699,147,30,17,226,5170
SAL20525,4,0,0,0,0,0,0,0,4,0,0,0,0,0,0,0,0,0,0,0,0,0,0,0,0,0,0,0,0,0,0,0,0,0,0,0,0,0,0,0,0,0,0,0,0,0,0,0,0,0,0,0,0,0,0,0,0,0,0,0,0,0,0,3,0,0,0,0,0,0,0,3,0,0,0,0,0,0,0,0,4,0,0,0,0,0,0,0,0,5,0,4,0,0,0,0,0,0,3,0,0,0,0,0,0,0,0,0,0,0,0,0,0,0,0,0,0,0,0,0,0,0,0,0,0,0,0,0,0,0,0,0,0,0,0,9,0,0,5,0,0,0,0,21
SAL20526,8,0,0,0,0,0,0,0,8,4,0,0,0,0,0,0,0,8,3,0,0,0,0,0,0,0,5,3,0,0,0,0,0,0,0,14,6,0,4,0,0,0,0,3,13,0,4,0,0,0,0,0,0,5,0,0,4,5,0,0,0,0,14,0,5,5,0,0,0,0,0,13,3,0,0,6,0,0,0,0,12,0,0,3,4,0,0,0,0,8,3,0,9,3,5,0,0,0,21,0,0,10,5,0,0,0,5,13,0,0,0,0,0,0,0,0,5,0,0,0,0,0,0,0,0,4,0,0,0,4,0,0,0,0,4,34,16,42,30,16,0,5,13,154
SAL20527,10,0,0,0,0,0,0,0,10,7,0,0,0,0,0,0,0,7,5,0,0,0,0,0,0,0,10,0,0,0,0,0,0,0,0,4,0,0,0,5,0,0,0,0,5,0,0,5,5,0,0,0,0,5,0,0,4,5,0,0,0,0,14,0,0,3,10,0,0,0,0,12,0,0,8,5,0,0,0,0,14,0,0,4,0,3,0,0,0,3,0,0,9,0,0,0,0,0,7,0,0,4,0,0,0,0,0,3,0,0,4,0,0,0,0,0,4,0,0,0,0,0,0,0,0,0,0,0,0,0,0,0,0,0,0,26,3,35,24,8,0,0,7,104
SAL20528,179,0,0,0,0,0,0,11,193,316,4,0,0,0,0,0,23,340,359,26,8,3,0,0,0,30,426,308,115,64,8,3,0,0,41,538,151,102,130,22,3,0,0,24,432,78,70,134,28,11,0,5,23,349,64,68,117,28,8,5,4,10,301,67,44,104,23,10,3,3,15,259,40,58,84,26,14,7,10,8,254,36,47,78,33,14,0,5,7,218,12,41,67,39,9,6,3,9,184,14,34,54,38,20,4,0,0,164,6,12,58,36,4,6,4,5,146,3,4,43,25,12,3,4,9,106,3,9,19,26,16,3,7,6,94,1632,640,973,354,113,36,42,225,4010
SAL20529,0,0,0,0,0,0,0,0,0,0,0,0,0,0,0,0,0,0,0,0,0,0,0,0,0,0,0,0,0,0,0,0,0,0,0,0,0,0,0,0,0,0,0,0,0,0,0,0,0,0,0,0,0,0,0,0,0,0,0,0,0,0,0,0,0,0,0,0,0,0,0,0,0,0,0,0,0,0,0,0,0,0,0,0,0,0,0,0,0,0,0,0,0,0,0,0,0,0,0,0,0,0,0,0,0,0,0,0,0,0,0,0,0,0,0,0,0,0,0,0,0,0,0,0,0,0,0,0,0,0,0,0,0,0,0,0,0,0,0,0,0,0,0,0
SAL20530,0,0,0,0,0,0,0,0,0,0,0,0,0,0,0,0,0,0,0,0,0,0,0,0,0,0,0,0,0,0,0,0,0,0,0,0,0,0,0,0,0,0,0,0,0,0,0,0,0,0,0,0,0,0,0,0,0,0,0,0,0,0,0,0,0,0,0,0,0,0,0,0,0,0,0,0,0,0,0,0,0,0,0,0,0,0,0,0,0,0,0,0,0,0,0,0,0,0,0,0,0,0,0,0,0,0,0,0,0,0,0,0,0,0,0,0,0,0,0,0,0,0,0,0,0,0,0,0,0,0,0,0,0,0,0,0,0,0,0,0,0,0,0,0
SAL20531,0,0,0,0,0,0,0,0,0,0,0,0,0,0,0,0,0,3,0,0,0,0,0,0,0,0,0,0,0,0,0,0,0,0,0,0,0,0,0,0,0,0,0,0,5,0,0,0,0,0,0,0,0,0,0,0,0,0,0,0,0,0,0,0,0,0,0,0,0,0,0,0,0,0,0,0,0,0,0,0,6,0,0,0,0,0,0,0,0,0,0,0,0,0,0,0,0,0,3,0,0,0,0,0,0,0,0,0,0,0,0,0,0,0,0,0,0,0,0,0,0,0,0,0,0,0,0,0,0,0,0,0,0,0,0,7,0,0,0,0,0,0,5,17
SAL20532,0,0,0,0,0,0,0,0,0,0,0,0,0,0,0,0,0,0,0,0,0,0,0,0,0,0,0,0,0,0,0,0,0,0,0,0,0,0,0,3,0,0,0,0,3,0,0,0,0,0,0,0,0,0,0,0,0,0,0,0,0,0,0,0,0,0,0,0,0,0,0,0,0,0,0,0,0,0,0,0,0,0,0,0,0,0,0,0,0,6,0,0,0,0,0,0,0,0,0,0,0,0,0,0,0,0,0,3,0,0,0,0,0,0,0,0,0,0,0,0,0,0,0,0,0,0,0,0,0,0,0,0,0,0,0,8,0,0,9,3,0,0,4,19
SAL20533,43,0,0,0,0,0,0,3,44,171,3,0,0,0,0,0,7,184,136,31,26,4,0,0,0,10,203,84,54,40,3,0,0,3,10,197,31,26,40,8,4,0,0,9,115,13,13,21,9,4,0,0,4,62,7,7,20,5,4,0,3,0,45,9,13,19,13,6,3,0,0,51,4,6,25,14,5,0,0,0,56,0,0,17,13,8,0,0,5,38,3,4,11,11,7,0,0,0,29,0,0,14,7,0,0,0,0,23,5,0,6,0,0,0,0,0,18,0,0,8,0,0,0,0,0,9,0,0,10,3,5,4,0,4,28,510,158,239,93,33,10,8,47,1103
SAL20534,3,0,0,0,0,0,0,0,4,4,0,0,0,0,0,0,0,4,0,0,0,0,0,0,0,0,0,0,0,3,0,0,0,0,0,5,0,0,0,0,0,0,0,0,0,0,0,0,0,0,0,0,0,0,0,0,7,0,0,0,0,0,5,0,0,0,0,0,0,0,0,0,0,0,0,0,0,0,0,0,0,0,0,0,0,0,0,0,0,9,0,0,0,0,0,0,0,0,0,0,0,0,0,0,0,0,0,3,0,0,0,0,0,0,0,0,0,0,0,0,0,0,0,0,0,0,0,0,0,0,0,0,0,0,0,4,3,6,8,4,6,0,0,32
SAL20535,16,0,0,0,0,0,0,4,22,17,0,0,0,0,0,0,3,22,16,3,0,0,0,0,0,6,20,8,7,10,4,0,0,0,4,20,0,0,0,5,3,0,0,0,11,0,3,3,10,0,0,0,3,22,3,4,5,5,3,3,3,0,28,8,7,12,8,0,0,0,3,37,7,7,14,13,4,3,0,6,47,0,7,13,21,4,0,0,4,53,10,7,18,10,4,3,0,4,48,9,0,9,14,11,6,0,7,46,0,0,7,7,4,0,3,3,24,5,0,0,8,5,3,5,5,28,4,0,6,4,9,8,0,17,44,92,46,97,105,46,19,12,62,483
SAL20536,0,0,0,0,0,0,0,0,0,0,0,0,0,0,0,0,0,0,0,0,0,0,0,0,0,0,0,0,0,0,0,0,0,0,0,0,0,0,0,0,0,0,0,0,4,0,0,0,0,0,0,0,0,0,0,0,0,0,0,0,0,0,4,0,0,0,0,0,0,0,0,0,0,0,0,0,0,0,0,0,0,0,0,3,0,0,0,0,0,4,0,0,0,0,0,0,0,0,0,0,0,0,0,0,0,0,0,0,0,0,0,0,0,0,0,0,0,0,0,0,0,0,0,0,0,0,0,0,0,0,0,0,0,0,0,3,0,6,0,4,0,0,0,15
SAL20537,139,0,0,0,0,0,0,18,157,142,7,0,0,0,0,0,10,164,202,24,8,0,0,0,0,21,259,230,69,49,14,3,0,0,13,393,113,75,117,24,10,0,0,20,358,82,62,115,41,5,0,0,10,321,76,60,104,42,8,0,0,13,307,61,62,117,26,13,0,0,17,288,59,40,91,41,12,3,0,11,252,48,42,87,40,18,0,0,13,242,37,26,84,49,22,4,0,21,242,40,32,103,50,20,0,0,9,253,12,18,61,35,14,0,5,13,167,19,14,44,28,23,11,3,10,143,15,19,52,54,27,12,10,30,217,1275,554,1033,443,169,36,23,216,3748
SAL20538,139,0,0,0,0,0,0,13,155,131,3,0,0,0,0,0,3,136,93,3,3,0,0,0,0,3,110,67,48,50,3,0,0,0,4,174,39,41,110,21,4,0,0,0,214,20,26,109,38,10,4,0,7,208,24,31,94,38,3,3,0,12,207,26,37,67,32,15,3,4,5,187,18,28,84,27,9,3,0,6,173,21,24,66,35,14,6,0,9,169,18,17,53,45,4,4,6,11,149,9,15,59,35,11,6,0,11,148,13,7,38,29,18,5,3,5,113,6,3,26,12,14,10,3,4,81,5,7,17,12,8,5,4,5,65,630,289,776,315,115,35,14,99,2274
SAL20539,595,0,0,0,0,0,0,33,633,540,10,3,0,0,0,0,35,588,572,48,10,4,0,0,0,37,664,450,250,128,17,0,0,0,40,881,277,255,330,83,15,0,0,31,999,181,186,384,111,25,3,0,36,930,171,161,407,147,20,4,0,30,941,143,155,332,122,29,5,0,26,804,131,105,297,113,48,5,0,27,719,97,101,248,138,28,8,0,16,637,111,84,221,112,31,3,0,15,576,59,66,231,131,42,9,6,30,574,37,52,186,108,46,8,3,38,473,42,27,115,95,33,18,16,31,371,52,43,171,158,76,27,23,72,618,3456,1548,3048,1337,383,102,54,497,10418
SAL20540,0,0,0,0,0,0,0,0,0,0,0,0,0,0,0,0,0,4,0,0,0,0,0,0,0,0,0,0,0,0,0,0,0,0,0,0,0,0,0,0,0,0,0,0,3,0,0,0,0,0,0,0,0,0,0,0,0,0,0,0,0,0,0,0,0,0,0,6,0,0,0,6,0,0,3,0,0,0,0,0,4,0,0,0,0,0,0,3,0,0,0,0,0,0,0,0,0,0,0,0,0,0,0,0,0,0,0,5,0,0,0,0,0,0,0,0,0,0,0,0,0,0,0,0,0,0,0,0,0,0,0,0,0,0,0,0,0,7,3,3,0,3,0,24
SAL20541,0,0,0,0,0,0,0,0,0,0,0,0,0,0,0,0,0,0,0,0,0,0,0,0,0,0,0,0,0,0,0,0,0,0,0,0,0,0,0,0,0,0,0,0,0,3,0,3,0,0,0,0,0,6,0,0,0,0,0,0,0,0,5,0,0,0,0,0,0,0,0,5,0,0,0,0,0,0,0,0,5,0,0,0,0,0,0,0,0,4,0,0,0,0,0,0,0,0,0,0,0,0,4,0,0,0,0,4,0,0,0,0,0,0,0,0,0,0,0,0,0,0,0,0,0,0,0,0,0,0,0,0,0,0,0,7,0,5,3,0,0,0,5,22
SAL20542,0,0,0,0,0,0,0,0,0,0,0,0,0,0,0,0,0,0,0,0,0,0,0,0,0,0,0,0,0,0,0,0,0,0,0,0,0,0,0,0,0,0,0,0,0,0,0,0,0,0,0,0,0,0,0,0,0,0,0,0,0,0,0,0,0,0,0,0,0,0,0,0,0,0,0,0,0,0,0,0,0,0,0,0,0,0,0,0,0,0,0,0,0,0,0,0,0,0,0,0,0,0,0,0,0,0,0,0,0,0,0,0,0,0,0,0,0,0,0,0,0,0,0,0,0,0,0,0,0,0,0,0,0,0,0,0,0,0,0,0,0,0,0,0
SAL20543,0,0,0,0,0,0,0,0,0,0,0,0,0,0,0,0,0,4,3,0,0,0,0,0,0,0,3,0,4,0,0,0,0,0,0,6,0,0,0,0,0,0,0,0,7,5,0,0,0,0,0,0,0,7,0,0,0,0,0,0,0,0,0,4,0,5,0,0,0,0,0,7,0,0,3,0,0,0,0,0,6,0,0,0,4,5,0,0,0,10,0,0,0,0,0,0,0,0,11,6,0,0,6,0,0,0,0,16,0,0,0,0,0,0,0,0,3,0,0,0,0,0,0,0,0,3,0,0,0,0,0,0,0,0,0,23,10,12,14,10,4,0,10,82
SAL20544,0,0,0,0,0,0,0,0,0,0,0,0,0,0,0,0,0,0,0,0,0,0,0,0,0,0,0,0,0,0,0,0,0,0,0,0,0,0,0,0,0,0,0,0,0,0,0,0,0,0,0,0,0,0,0,0,0,0,0,0,0,0,0,0,0,0,0,0,0,0,0,0,0,0,0,0,0,0,0,0,0,0,0,0,0,0,0,0,0,0,0,0,0,0,0,0,0,0,0,0,0,0,0,0,0,0,0,0,0,0,0,0,0,0,0,0,0,0,0,0,0,0,0,0,0,0,0,0,0,0,0,0,0,0,0,0,0,0,0,0,0,0,0,0
SAL20545,4,0,0,0,0,0,0,0,3,0,0,0,0,0,0,0,0,0,0,0,0,0,0,0,0,4,6,3,0,3,0,0,0,0,4,8,0,0,0,0,0,0,0,0,7,0,0,4,0,0,0,0,0,11,3,4,0,0,0,0,0,0,8,0,0,0,0,0,0,0,0,8,0,5,5,0,0,0,0,0,7,3,4,0,0,0,0,0,0,7,0,0,5,0,5,0,0,0,9,0,0,4,0,0,0,0,0,5,0,0,0,0,0,0,0,0,0,0,0,0,0,0,0,0,0,0,0,0,0,0,0,0,0,0,0,20,7,23,8,3,3,0,4,83
SAL20546,0,0,0,0,0,0,0,0,0,0,0,0,0,0,0,0,0,0,0,0,0,0,0,0,0,0,5,0,0,0,0,0,0,0,0,0,0,0,0,0,0,0,0,0,5,0,0,0,0,0,0,0,0,0,0,0,0,0,0,0,0,0,0,0,0,0,0,0,0,0,0,0,0,0,0,0,0,0,0,0,0,4,0,0,0,0,0,0,0,3,0,0,0,0,0,0,0,0,7,0,0,0,0,0,0,0,0,3,0,0,0,0,0,0,0,0,0,0,0,0,0,0,0,0,0,0,0,0,0,0,0,0,0,0,0,3,0,4,10,3,0,0,3,29
SAL20547,4,0,0,0,0,0,0,0,10,3,0,0,0,0,0,0,0,9,8,0,0,0,0,0,0,0,15,12,3,9,0,0,0,0,0,23,8,9,5,0,0,0,0,3,23,6,10,4,0,0,0,0,0,20,8,10,9,0,3,0,0,4,34,12,5,6,4,0,0,0,4,33,7,9,15,6,0,0,0,6,37,11,4,9,0,3,0,0,8,37,10,6,13,5,0,0,0,0,37,6,0,9,4,0,0,0,4,26,3,0,4,0,0,0,0,0,14,0,0,0,3,5,0,0,3,9,0,0,0,0,0,0,0,0,4,104,52,95,29,12,4,8,42,344
SAL20548,0,0,0,0,0,0,0,0,0,0,0,0,0,0,0,0,0,0,0,0,0,0,0,0,0,0,0,0,0,0,0,0,0,0,0,3,0,0,0,0,0,0,0,0,0,3,0,0,0,0,0,0,0,4,0,0,0,0,0,0,0,0,0,0,0,0,0,0,0,0,0,0,0,0,0,0,0,0,0,0,0,0,0,0,0,0,0,0,0,0,0,0,0,0,0,0,0,0,7,0,0,0,0,0,0,0,0,0,0,0,0,0,0,0,0,0,0,0,0,0,0,0,0,0,0,0,0,0,0,0,0,0,0,0,0,5,5,0,0,5,0,0,0,19
SAL20549,4,0,0,0,0,0,0,0,4,3,0,0,0,0,0,0,0,6,0,0,0,0,0,0,0,0,0,0,0,0,0,0,0,0,0,4,0,0,0,0,0,0,0,0,5,0,0,0,0,0,0,0,0,3,0,0,0,0,0,0,0,0,5,0,0,0,0,0,0,0,0,0,0,0,4,0,0,0,0,0,11,0,0,0,0,0,0,0,0,4,0,0,0,3,0,0,0,0,6,0,0,0,0,0,0,0,0,4,0,0,0,0,0,0,0,0,0,0,0,0,0,0,0,0,0,0,0,0,0,0,0,0,0,0,3,11,6,12,9,3,0,0,4,37
SAL20550,0,0,0,0,0,0,0,0,0,0,0,0,0,0,0,0,0,0,0,0,0,0,0,0,0,0,0,0,0,0,0,0,0,0,0,0,0,0,0,0,0,0,0,0,0,0,0,0,0,0,0,0,0,0,0,0,0,0,0,0,0,0,0,0,0,0,0,0,0,0,0,0,0,0,0,0,0,0,0,0,0,0,0,0,0,0,0,0,0,0,0,0,0,0,0,0,0,0,0,0,0,0,0,0,0,0,0,0,0,0,0,0,0,0,0,0,0,0,0,0,0,0,0,0,0,0,0,0,0,0,0,0,0,0,0,0,0,4,0,0,0,0,0,4
SAL20551,47,3,0,0,0,0,0,6,53,32,3,0,0,0,0,0,0,34,13,6,0,0,0,0,0,5,28,9,8,6,0,3,0,0,0,30,6,4,8,7,8,0,0,3,34,11,9,7,13,4,0,6,5,47,8,8,19,11,0,0,0,3,64,9,12,24,12,3,3,0,4,67,11,0,24,14,12,4,3,3,78,9,11,17,21,3,0,0,7,72,6,7,21,13,7,5,0,0,58,0,4,17,25,4,5,0,0,60,5,0,9,13,6,0,0,4,43,0,0,5,4,6,8,6,6,37,0,0,0,0,3,0,5,3,11,167,75,169,128,60,26,17,42,698
SAL20552,0,0,0,0,0,0,0,0,0,0,0,0,0,0,0,0,0,0,0,0,0,0,0,0,0,0,0,0,0,0,0,0,0,0,0,0,0,0,3,0,0,0,0,0,3,0,0,0,0,0,0,0,0,0,0,0,0,0,0,0,0,0,3,0,0,0,0,0,0,0,0,3,0,0,3,0,0,0,0,0,5,0,0,0,0,0,0,0,0,3,0,0,0,0,0,0,0,0,4,0,0,0,0,0,0,0,0,3,0,0,0,3,0,0,0,0,3,0,0,0,0,0,0,0,0,0,0,0,0,0,0,0,0,0,6,3,5,12,3,4,0,0,0,33
SAL20553,3,0,0,0,0,0,0,0,3,0,0,0,0,0,0,0,0,0,0,0,0,0,0,0,0,0,0,0,0,0,0,0,0,0,0,0,0,0,0,0,0,0,0,0,0,0,0,0,0,0,0,0,0,0,0,0,0,0,0,0,0,0,0,0,0,0,0,0,0,0,0,0,0,0,0,0,0,0,0,0,0,0,0,0,0,0,0,0,0,0,0,0,0,0,0,0,0,0,0,0,0,0,0,0,0,0,0,0,0,0,0,0,0,0,0,0,0,0,0,0,0,0,0,0,0,0,0,0,0,0,0,0,0,0,0,3,0,0,0,0,0,0,0,4
SAL20554,0,0,0,0,0,0,0,0,0,0,0,0,0,0,0,0,0,0,0,0,0,0,0,0,0,0,0,0,0,0,0,0,0,0,0,0,0,0,0,0,0,0,0,0,0,0,0,0,0,0,0,0,0,0,0,0,0,0,0,0,0,0,0,0,0,0,0,0,0,0,0,0,0,0,0,0,0,0,0,0,0,0,0,0,0,0,0,0,0,0,0,0,0,0,0,0,0,0,0,0,0,0,0,0,0,0,0,0,0,0,0,0,0,0,0,0,0,0,0,0,0,0,0,0,0,0,0,0,0,0,0,0,0,0,0,0,0,0,3,0,0,0,0,6
SAL20555,0,0,0,0,0,0,0,0,4,0,0,0,0,0,0,0,0,0,0,0,0,0,0,0,0,0,0,0,0,0,0,0,0,0,0,0,0,0,0,0,0,0,0,0,6,0,0,0,0,0,0,0,0,10,0,0,4,0,0,0,0,0,5,0,4,0,0,0,0,0,0,4,0,0,3,0,0,0,0,0,5,0,0,3,0,0,0,0,0,4,0,0,0,0,0,0,0,0,0,0,0,0,0,0,0,0,3,4,0,0,0,0,0,0,0,0,0,0,0,0,0,0,0,0,0,0,0,0,0,0,0,0,0,0,0,3,7,13,4,0,3,0,6,36
SAL20556,317,0,0,0,0,0,0,26,351,320,6,10,0,0,0,0,14,345,232,58,17,3,0,0,0,18,335,166,97,116,36,3,0,0,13,435,73,82,198,78,16,5,4,10,458,43,60,152,78,12,6,5,11,364,41,51,165,83,30,3,4,13,393,31,52,170,79,23,5,9,11,382,27,42,149,96,29,4,3,15,363,33,33,138,90,38,10,8,6,361,12,30,152,94,27,3,0,12,334,16,19,139,82,32,3,0,9,313,12,17,76,62,40,6,0,16,219,4,6,45,40,23,7,3,8,131,3,10,25,18,17,8,0,7,91,1334,570,1557,838,281,58,39,194,4887
SAL20557,0,0,0,0,0,0,0,0,0,0,0,0,0,0,0,0,0,0,0,0,0,0,0,0,0,0,0,0,0,0,0,0,0,0,0,0,0,0,0,0,0,0,0,0,0,0,0,0,0,0,0,0,0,0,0,0,0,0,0,0,0,0,0,0,0,0,0,0,0,0,0,0,0,0,0,0,0,0,0,0,0,0,0,0,0,0,0,0,0,0,0,0,0,0,0,0,0,0,0,0,0,0,0,0,0,0,0,0,0,0,0,0,0,0,0,0,0,0,0,0,0,0,0,0,0,0,0,0,0,0,0,0,0,0,0,0,0,0,3,0,0,0,0,3
SAL20558,4,0,0,0,0,0,0,0,4,0,0,0,0,0,0,0,0,0,3,0,0,0,0,0,0,0,4,0,0,0,0,0,0,0,0,0,0,0,0,0,0,0,0,0,0,0,0,0,0,0,0,0,0,0,0,0,0,0,0,0,0,0,3,0,0,0,0,0,0,0,0,0,0,0,0,0,0,0,0,0,7,0,0,0,0,0,0,0,0,3,0,0,4,0,0,0,0,0,8,0,0,0,0,0,0,0,0,0,0,0,0,0,0,0,0,0,0,0,0,0,0,0,0,0,0,0,0,0,0,0,0,0,0,0,0,9,0,3,5,10,0,0,4,30
SAL20559,10,0,0,0,0,0,0,0,10,11,0,0,0,0,0,0,0,10,11,0,0,0,0,0,0,0,11,3,0,6,0,0,0,0,0,5,4,3,4,0,0,0,0,4,14,0,0,0,0,0,0,0,0,6,3,0,6,4,0,0,0,0,16,0,3,9,3,0,0,0,0,17,0,5,3,5,0,0,0,0,16,0,0,12,3,0,0,0,0,16,0,0,6,4,0,0,0,0,10,0,0,4,0,0,0,0,0,5,0,0,0,0,0,0,0,0,3,0,0,0,0,0,0,0,0,0,0,0,0,0,0,0,0,0,0,39,17,50,26,4,0,0,10,149
SAL20560,19,0,0,0,0,0,0,0,18,28,0,0,0,0,0,0,3,27,15,3,0,0,0,0,0,0,21,17,0,5,3,3,0,0,0,28,7,5,14,3,4,0,0,0,27,4,0,7,3,3,0,0,0,26,7,7,15,6,0,0,0,0,30,0,4,14,10,5,0,0,0,33,4,3,12,10,3,3,0,5,36,3,11,19,9,7,0,0,5,55,0,3,15,14,4,6,0,0,42,3,0,11,0,0,4,0,3,27,4,0,3,0,4,0,0,0,19,3,0,0,3,0,0,0,0,11,0,0,3,0,6,0,0,0,12,107,37,122,65,34,19,6,17,405
SAL20561,110,0,0,0,0,0,0,25,131,130,18,9,0,0,0,0,36,194,81,31,33,7,6,0,0,20,174,44,23,43,25,10,0,0,13,162,25,21,49,27,13,5,4,17,167,12,13,38,21,9,3,4,12,124,21,23,50,22,9,6,4,7,143,17,14,51,25,13,5,5,16,145,17,18,53,39,17,3,3,13,163,15,13,64,46,27,6,3,7,176,9,12,61,51,28,6,5,11,182,6,6,45,40,16,9,4,10,144,0,4,27,27,14,4,3,4,92,0,0,13,15,7,0,4,11,56,0,4,8,7,3,0,0,5,25,489,207,546,351,182,64,37,205,2081
SAL20562,0,0,0,0,0,0,0,0,0,0,0,0,0,0,0,0,0,0,0,0,0,0,0,0,0,0,0,0,0,0,0,0,0,0,0,0,0,0,0,0,0,0,0,0,0,0,0,0,0,0,0,0,0,0,0,0,0,0,0,0,0,0,0,0,0,0,0,0,0,0,0,0,0,0,0,0,0,0,0,0,0,0,0,0,0,0,0,0,0,0,0,0,0,0,0,0,0,0,0,0,0,0,0,0,0,0,0,0,0,0,0,0,0,0,0,0,0,0,0,0,0,0,0,0,0,0,0,0,0,0,0,0,0,0,0,0,0,0,0,0,0,0,0,0
SAL20563,0,0,0,0,0,0,0,0,0,0,0,0,0,0,0,0,0,0,0,0,0,0,0,0,0,0,0,0,0,0,0,0,0,0,0,0,0,0,0,0,0,0,0,0,0,0,0,0,0,0,0,0,0,0,0,0,0,0,0,0,0,0,0,0,0,0,0,0,0,0,0,0,0,0,0,0,0,0,0,0,0,0,0,0,0,0,0,0,0,0,0,0,0,0,0,0,0,0,0,0,0,0,0,0,0,0,0,0,0,0,0,0,0,0,0,0,0,0,0,0,0,0,0,0,0,0,0,0,0,0,0,0,0,0,0,0,0,4,4,0,0,0,0,3
SAL20564,4,0,0,0,0,0,0,0,4,0,0,0,0,0,0,0,0,0,0,0,0,0,0,0,0,0,0,3,5,4,0,0,0,0,0,10,0,0,0,0,0,0,0,0,5,0,0,0,5,0,0,0,0,5,0,0,0,4,0,0,0,0,3,0,0,0,0,0,0,0,0,3,0,0,4,0,0,0,0,0,9,0,0,0,0,0,0,0,0,0,0,0,0,0,0,0,0,0,5,0,0,3,3,0,0,0,0,11,0,0,0,0,0,0,0,0,6,0,0,0,0,0,0,0,0,0,0,0,0,0,0,0,0,0,0,11,4,12,12,3,3,0,5,57
SAL20565,0,0,0,0,0,0,0,0,0,0,0,0,0,0,0,0,0,0,0,0,0,0,0,0,0,0,0,0,0,0,0,0,0,0,0,0,0,0,0,0,0,0,0,0,0,0,0,0,0,0,0,0,0,0,0,0,0,0,0,0,0,0,0,0,0,4,0,0,0,0,0,4,0,0,0,0,0,0,0,0,0,0,0,0,0,0,0,0,0,0,0,0,0,0,0,0,0,0,4,0,0,0,0,0,0,0,0,0,0,0,0,0,0,0,0,0,0,0,0,0,0,0,0,0,0,0,0,0,0,0,0,0,0,0,0,4,0,3,3,0,0,0,0,12
SAL20566,150,0,0,0,0,0,0,15,170,165,6,0,0,0,0,0,14,180,147,15,5,0,0,0,0,15,187,100,62,34,10,5,0,0,13,227,67,54,106,23,0,4,0,11,279,46,39,91,31,9,5,0,10,227,37,29,73,32,11,3,0,9,197,39,37,117,47,5,4,0,5,255,33,42,115,54,15,3,0,12,268,31,37,106,52,7,6,0,7,249,25,38,86,66,30,6,6,9,255,27,32,106,65,21,3,7,7,259,12,17,60,40,16,11,13,17,174,10,8,42,32,19,6,5,25,145,4,22,50,24,17,6,10,48,178,894,451,990,478,146,45,44,215,3255
SAL20567,7,0,0,0,0,0,0,0,6,6,0,0,0,0,0,0,0,11,3,0,3,0,0,0,0,0,10,5,0,0,0,0,0,0,6,9,0,0,0,0,0,0,0,0,0,0,0,3,5,0,0,0,0,12,0,0,0,3,3,0,0,0,12,0,0,0,6,0,0,0,0,11,3,3,8,5,0,0,0,0,18,5,0,0,3,0,0,0,0,11,0,0,3,4,0,0,0,0,8,0,0,5,0,0,0,0,0,9,0,0,0,0,0,0,0,5,7,0,0,0,0,4,0,0,0,9,0,0,0,0,0,0,0,0,0,24,8,22,15,11,7,3,12,112
SAL20568,0,0,0,0,0,0,0,0,0,6,0,0,0,0,0,0,0,6,0,0,0,0,0,0,0,0,0,0,0,0,0,0,0,0,0,0,0,0,0,0,0,4,0,0,4,0,0,0,0,5,0,0,0,0,0,0,0,0,0,0,0,0,0,0,0,0,0,0,0,0,0,4,0,0,0,0,0,0,0,0,4,0,0,0,0,0,0,0,0,0,0,0,0,0,0,0,0,0,4,0,0,0,0,0,0,0,0,0,0,0,0,0,0,0,0,0,0,0,0,0,0,0,0,0,0,0,0,0,0,0,0,0,0,0,0,8,0,4,4,3,3,0,0,25
SAL20569,584,0,0,0,0,0,0,43,636,1688,18,3,0,0,0,0,173,1885,1149,86,22,0,0,0,0,158,1412,579,199,93,7,0,0,0,82,958,216,143,142,28,9,0,0,47,573,86,73,132,18,9,0,0,27,349,67,64,79,28,5,3,0,22,272,64,72,115,28,10,0,0,15,310,47,88,86,35,13,5,0,12,279,46,60,81,41,12,0,0,19,257,37,58,78,33,10,0,0,15,234,26,29,67,30,11,5,0,13,181,16,20,72,32,15,5,0,20,179,21,14,66,46,26,10,0,25,206,23,20,75,44,35,12,6,78,303,4644,947,1109,375,151,44,22,742,8039
SAL20570,276,0,0,0,0,0,0,29,307,430,15,0,0,0,0,0,51,499,560,83,26,6,0,0,0,43,715,305,179,90,16,4,0,0,35,640,135,133,153,37,15,4,0,26,501,92,73,159,49,15,3,8,21,398,75,67,136,51,18,4,3,14,371,64,64,147,36,15,6,0,13,353,45,64,123,50,15,7,6,19,330,35,57,110,43,22,10,0,11,293,31,44,101,57,24,10,5,18,290,28,41,122,49,19,6,3,18,282,13,20,100,50,20,8,6,16,236,8,7,73,44,20,13,9,15,187,4,17,48,42,21,14,9,12,169,2100,861,1397,526,208,78,53,334,5576
SAL20571,0,0,0,0,0,0,0,0,0,0,0,0,0,0,0,0,0,0,0,0,0,0,0,0,0,0,0,0,0,0,0,0,0,0,0,0,0,0,0,0,0,0,0,0,0,0,0,0,0,0,0,0,0,0,0,0,0,0,0,0,0,0,0,0,0,4,0,0,0,0,0,4,0,0,0,0,0,0,0,0,3,0,0,0,0,0,0,0,0,4,0,0,0,0,0,0,0,0,0,0,0,0,0,0,0,0,0,0,0,0,0,0,0,0,0,0,0,0,0,0,0,0,0,0,0,0,0,0,0,0,0,0,0,0,0,4,0,8,6,0,0,0,0,19
SAL20572,9,0,0,0,0,0,0,0,10,5,3,0,0,0,0,0,0,4,3,3,0,0,0,0,0,0,6,5,5,3,0,0,0,0,0,17,5,0,4,3,0,0,0,0,13,3,0,8,3,0,0,0,0,10,5,0,4,6,0,0,0,0,16,0,3,0,4,0,0,0,0,13,0,0,4,3,0,3,4,0,13,0,0,0,5,0,0,3,0,13,0,0,4,4,0,0,0,0,9,0,0,5,0,0,0,0,0,4,0,0,0,5,0,0,0,0,5,0,0,0,0,3,3,0,0,3,0,0,0,0,0,0,0,0,3,39,18,35,23,6,9,5,3,140
SAL20573,5,0,0,0,0,0,0,0,8,3,0,0,0,0,0,0,0,4,3,0,0,0,0,0,0,0,5,0,0,0,4,0,0,0,5,10,0,0,0,5,0,0,0,0,11,0,0,0,0,0,0,0,4,6,0,0,0,0,0,0,0,0,0,4,0,3,0,0,0,0,0,5,5,0,3,0,0,0,0,0,13,3,0,4,3,0,0,0,3,12,7,0,0,0,0,0,0,0,4,0,0,3,0,0,0,0,0,7,0,0,0,0,0,0,0,0,0,0,0,0,0,0,0,0,0,0,0,0,0,0,0,0,0,0,0,26,8,27,13,5,0,3,9,97
SAL20574,108,0,0,0,0,0,0,8,121,155,0,0,0,0,0,0,13,176,302,3,5,0,0,0,0,23,339,335,48,23,0,0,0,0,11,429,138,55,78,14,0,0,0,10,297,69,55,91,29,5,0,0,3,244,56,37,77,27,8,0,0,10,214,69,29,75,19,4,0,0,3,205,57,26,63,9,5,0,0,8,170,65,29,57,17,3,4,4,10,184,50,26,41,36,3,0,0,12,169,37,25,52,22,8,0,0,5,149,17,15,23,13,7,0,4,5,78,3,8,18,11,9,0,0,3,54,3,3,18,12,4,0,0,0,51,1482,350,608,226,59,17,12,123,2876
SAL20575,158,0,0,0,0,0,0,19,175,139,11,7,0,0,0,0,8,164,110,26,21,4,4,0,0,8,171,74,35,52,15,6,0,0,9,199,54,46,90,33,9,0,0,7,237,27,27,78,37,16,7,0,4,208,51,31,77,37,20,5,3,13,240,33,36,97,58,22,3,3,8,253,51,37,136,66,24,4,7,10,322,45,30,132,85,45,8,5,11,353,33,32,126,90,27,4,4,8,321,24,21,103,76,34,4,11,15,294,19,18,79,67,25,4,0,10,218,13,9,30,32,32,4,11,17,133,4,7,20,31,8,0,0,10,82,821,367,1046,632,257,50,41,144,3369
SAL20576,6,0,0,0,0,0,0,0,11,8,0,0,0,0,0,0,0,8,6,0,0,0,0,0,0,0,6,4,4,3,4,0,0,0,0,10,0,0,5,0,0,0,0,0,11,0,6,4,3,0,0,0,3,20,0,0,5,0,0,0,0,0,9,4,0,6,4,0,0,0,0,18,0,4,5,3,0,0,0,0,10,0,0,3,0,0,0,0,0,13,3,0,3,3,3,0,0,0,10,0,0,5,5,0,0,0,0,11,0,0,4,0,0,0,0,0,11,0,0,0,0,0,0,0,0,0,0,0,0,0,0,0,0,0,0,34,21,38,30,4,0,0,15,144
SAL20577,0,0,0,0,0,0,0,0,0,0,0,0,0,0,0,0,0,0,0,0,0,0,0,0,0,0,0,0,0,0,0,0,0,0,0,0,0,0,0,0,0,0,0,0,0,0,0,0,0,0,0,0,0,0,0,0,0,0,0,0,0,0,0,0,0,0,0,0,0,0,0,0,0,0,0,0,0,0,0,0,0,0,0,0,0,0,0,0,0,0,0,0,0,0,0,0,0,0,0,0,0,0,0,0,0,0,0,0,0,0,0,0,0,0,0,0,0,0,0,0,0,0,0,0,0,0,0,0,0,0,0,0,0,0,0,6,0,0,0,0,0,0,0,6
SAL20578,3,0,0,0,0,0,0,0,3,7,0,0,0,0,0,0,0,7,3,5,0,0,0,0,0,5,8,0,0,0,0,0,0,0,0,3,3,0,4,0,0,0,0,0,5,0,0,0,0,0,0,0,0,6,0,0,0,3,0,0,0,0,4,0,0,0,0,0,0,0,5,3,0,0,3,0,0,0,0,3,9,0,0,4,0,0,3,0,0,11,0,0,0,5,0,0,0,0,0,0,0,4,0,0,0,0,0,0,0,0,0,0,0,0,0,0,0,0,0,0,0,0,0,0,0,0,0,0,0,0,0,0,0,0,0,25,3,18,14,7,6,0,11,74
SAL20579,0,0,0,0,0,0,0,0,0,0,0,0,0,0,0,0,0,0,0,0,0,0,0,0,0,0,0,0,0,0,0,0,0,0,0,0,0,0,0,0,0,0,0,0,0,0,0,0,0,0,0,0,0,0,0,0,0,0,0,0,0,0,0,0,0,0,0,0,0,0,0,0,0,0,0,0,0,0,0,0,0,0,0,0,0,0,0,0,0,0,0,0,0,0,0,0,0,0,3,0,0,0,0,0,0,0,0,0,0,0,0,0,0,0,0,0,0,0,0,0,0,0,0,0,0,0,0,0,0,0,0,0,0,0,0,0,0,4,0,0,0,0,0,11
SAL20580,41,0,0,0,0,0,0,8,44,24,0,3,0,0,0,0,0,29,16,8,0,7,0,0,0,0,30,10,10,13,7,0,0,0,3,46,7,7,13,5,3,0,0,0,41,21,9,10,7,6,0,0,0,56,14,8,17,9,9,0,0,8,61,17,9,20,5,5,3,0,6,69,10,17,27,21,5,0,3,4,94,15,11,18,19,12,3,3,5,77,15,16,27,24,7,5,0,7,93,4,9,13,11,6,0,0,0,51,3,4,15,10,3,0,0,8,49,8,3,7,3,5,4,0,0,28,0,5,6,3,4,0,5,0,27,207,107,188,136,64,19,15,54,801
SAL20581,196,0,0,0,0,0,0,17,219,321,40,17,7,0,0,0,24,407,402,196,95,28,4,0,0,37,768,246,269,217,56,9,4,7,42,841,128,146,255,61,17,7,0,22,632,44,72,130,51,18,11,3,19,349,26,35,79,40,14,8,0,16,216,10,35,74,45,26,3,7,5,207,13,21,61,56,12,5,0,0,170,9,15,59,33,15,3,6,3,144,6,6,25,18,7,3,0,6,79,4,8,19,18,6,3,4,6,71,0,6,5,6,3,0,3,4,29,0,0,5,4,4,0,3,0,15,0,0,0,4,3,3,0,0,13,1400,860,1043,420,138,48,34,206,4145
SAL20582,698,0,0,0,0,0,0,60,766,741,64,27,0,0,0,0,54,897,760,335,171,34,13,0,0,92,1408,487,666,569,115,30,9,7,70,1948,228,490,916,246,76,19,12,59,2040,108,211,573,203,42,10,18,39,1188,66,128,339,162,60,21,16,15,816,49,92,233,145,46,18,13,22,621,22,53,197,90,37,11,17,18,441,22,53,140,92,37,4,14,16,374,14,38,134,90,24,7,3,16,335,12,22,121,82,22,14,12,14,293,8,19,75,35,20,13,10,12,191,0,4,26,21,10,4,4,3,75,0,3,12,15,3,5,0,9,44,3221,2175,3531,1339,426,133,120,501,11446
SAL20583,3,0,0,0,0,0,0,0,5,4,0,0,0,0,0,0,0,4,0,0,0,0,0,0,0,0,0,0,0,0,0,0,0,0,0,3,0,0,3,0,0,0,0,0,3,0,0,0,0,0,0,0,0,3,0,0,3,0,0,0,0,0,7,0,0,5,0,0,0,0,0,10,0,0,6,0,0,0,0,0,6,0,0,0,3,0,0,0,0,5,0,0,0,0,0,0,0,0,0,0,0,3,0,0,0,0,0,4,0,0,0,0,0,0,0,0,0,0,0,0,0,0,0,0,0,0,0,0,0,0,0,0,0,0,0,7,8,17,8,0,7,0,3,47
SAL20584,0,0,0,0,0,0,0,0,0,0,0,0,0,0,0,0,0,0,0,0,0,0,0,0,0,0,0,0,0,0,0,0,0,0,0,0,0,0,0,0,0,0,0,0,0,0,0,0,0,0,0,0,0,0,0,0,0,0,0,0,0,0,0,5,0,0,0,0,0,0,0,3,0,0,0,0,0,0,0,0,0,0,4,0,4,0,0,0,0,7,0,0,0,3,0,0,0,0,7,0,0,0,0,0,0,0,4,3,0,0,0,0,0,0,0,0,0,0,0,0,0,0,0,0,0,0,0,0,0,0,0,0,0,0,0,9,7,4,5,0,0,0,4,23
SAL20585,0,0,0,0,0,0,0,0,0,0,0,0,0,0,0,0,0,0,0,0,0,0,0,0,0,0,0,0,0,0,0,0,0,0,0,0,0,0,0,0,0,0,0,0,0,0,3,5,0,0,0,0,0,3,0,0,0,0,0,0,0,0,0,0,0,0,0,0,0,0,0,0,0,0,0,0,0,0,0,0,0,0,0,0,0,0,0,0,0,3,0,0,0,0,0,0,0,0,0,0,0,0,0,0,0,0,0,0,0,0,0,0,0,0,0,0,0,0,0,0,0,0,0,0,0,0,0,0,0,0,0,0,0,0,0,6,3,12,0,0,0,0,5,21
SAL20586,8,0,0,0,0,0,0,4,10,9,0,0,0,0,0,0,0,9,4,0,0,0,0,0,0,0,12,3,0,0,0,0,0,0,0,3,0,0,0,0,0,0,0,0,5,0,0,4,3,0,0,0,0,7,0,4,0,4,0,0,0,0,7,0,0,6,3,0,0,0,0,6,3,3,0,3,0,0,0,0,13,0,0,5,3,0,0,0,0,7,0,0,0,0,0,0,0,4,7,0,0,0,3,0,0,0,0,9,0,0,0,3,0,0,0,0,3,0,0,0,4,0,0,0,0,4,0,0,0,0,0,0,0,0,0,25,5,26,23,5,3,0,9,99
SAL20587,0,0,0,0,0,0,0,0,8,0,0,0,0,0,0,0,0,0,0,3,0,0,0,0,0,0,0,0,3,0,0,0,0,0,0,6,0,0,0,0,0,0,0,0,7,0,0,0,0,0,0,0,0,0,0,0,0,0,0,0,0,0,9,0,0,0,4,0,0,0,0,0,0,0,0,0,0,0,0,0,5,0,3,0,5,0,0,0,0,8,0,0,0,0,0,0,0,0,0,4,0,0,5,0,0,0,0,7,0,0,0,0,0,0,0,0,0,0,0,0,0,0,0,0,0,0,0,0,0,0,0,0,0,0,0,10,8,10,14,0,0,0,8,41
SAL20588,0,0,0,0,0,0,0,0,0,0,0,0,0,0,0,0,0,0,0,0,0,0,0,0,0,0,0,0,0,0,0,0,0,0,0,0,0,0,0,0,0,0,0,0,0,0,0,0,0,0,0,0,0,0,0,0,0,0,0,0,0,0,0,0,0,0,0,0,0,0,0,0,0,0,0,0,0,0,0,0,0,0,0,0,0,0,0,0,0,0,0,0,0,0,0,0,0,0,0,0,0,0,0,0,0,0,0,0,0,0,0,0,0,0,0,0,0,0,0,0,0,0,0,0,0,0,0,0,0,0,0,0,0,0,0,0,0,0,0,0,0,0,0,0
SAL20589,0,0,0,0,0,0,0,0,0,0,0,0,0,0,0,0,0,0,0,0,0,0,0,0,0,0,0,0,0,0,0,0,0,0,0,0,0,0,0,0,0,0,0,0,0,0,0,0,0,0,0,0,0,0,0,0,0,0,0,0,0,0,0,0,0,0,0,0,0,0,0,0,0,0,0,0,0,0,0,0,0,0,0,0,0,0,0,0,0,0,0,0,0,0,0,0,0,0,0,0,0,0,0,0,0,0,0,0,0,0,0,0,0,0,0,0,0,0,0,0,0,0,0,0,0,0,0,0,0,0,0,0,0,0,0,0,0,0,0,0,0,0,0,0
SAL20590,66,0,0,0,0,0,0,13,83,68,8,7,0,0,0,0,6,99,92,36,29,8,4,0,0,15,178,54,116,91,24,9,0,0,9,311,22,32,87,20,7,5,0,17,199,21,24,30,18,7,4,0,12,124,3,8,15,13,10,4,4,8,66,0,6,13,13,6,8,4,4,54,4,0,16,11,0,0,0,7,36,4,3,17,8,5,0,0,0,38,0,0,17,3,0,0,0,0,24,0,0,3,0,5,0,0,0,14,0,0,0,0,0,0,0,0,0,0,0,0,0,0,0,0,0,0,0,0,0,0,0,0,0,0,4,346,247,333,122,54,25,14,91,1225
SAL20591,39,0,0,0,0,0,0,3,45,28,4,0,0,0,0,0,5,34,26,8,10,3,0,0,0,0,48,7,5,8,12,3,0,0,0,43,7,6,9,10,3,0,0,0,42,0,6,7,8,0,4,0,0,38,3,5,17,12,6,3,0,4,50,9,7,25,22,4,0,0,5,77,4,6,27,25,5,0,0,0,70,13,9,24,15,3,4,0,5,73,0,5,14,20,11,7,0,0,63,5,3,15,15,6,3,0,3,53,10,0,18,15,5,0,4,8,63,4,0,9,10,7,4,3,8,41,5,0,12,9,11,4,3,9,54,169,56,205,166,77,35,22,60,792
SAL20592,116,4,0,0,0,0,0,15,135,83,17,10,7,0,0,0,13,123,85,26,30,11,0,0,0,11,156,64,26,43,14,6,0,0,16,167,22,11,44,38,15,3,3,12,150,23,19,61,30,17,4,7,14,177,27,16,56,29,8,0,0,12,158,20,11,54,46,18,8,4,13,176,13,12,63,44,25,4,3,11,175,23,15,56,58,28,12,0,12,193,24,15,72,75,30,8,7,24,248,11,22,74,72,47,11,3,28,259,4,6,49,49,20,16,11,10,167,12,8,24,32,29,9,9,21,145,9,5,24,28,26,19,11,18,140,532,214,644,533,267,98,66,239,2583
SAL20593,5,0,0,0,0,0,0,0,9,8,0,0,0,0,0,0,0,9,5,0,0,0,0,0,0,0,5,0,0,0,0,0,0,0,0,6,0,0,3,0,0,0,0,0,3,0,0,0,5,0,0,0,0,8,0,0,0,7,3,0,0,0,8,0,0,5,3,0,0,0,0,9,0,0,5,3,0,4,0,0,16,0,0,0,0,0,0,0,0,10,3,0,0,0,0,0,0,0,5,0,0,4,0,0,0,0,0,11,0,0,0,0,0,0,0,0,0,0,0,0,0,0,0,0,0,0,0,0,0,0,0,0,0,0,0,19,4,26,21,3,3,0,8,88
SAL20594,0,0,0,0,0,0,0,0,0,0,0,0,0,0,0,0,0,0,0,0,0,0,0,0,0,0,0,0,0,0,0,0,0,0,0,0,0,0,0,0,0,0,0,0,0,0,0,0,0,0,0,0,0,0,0,0,0,0,0,0,0,0,0,0,0,0,3,0,0,0,0,7,0,0,0,0,0,0,0,0,6,0,0,0,0,0,0,0,0,0,0,0,0,0,0,0,0,0,0,0,0,0,0,0,0,0,0,4,0,0,0,0,0,0,0,0,0,0,0,0,0,0,0,0,0,0,0,0,0,0,0,0,0,0,5,3,6,4,8,4,0,0,3,29
SAL20595,0,0,0,0,0,0,0,0,0,0,0,0,0,0,0,0,0,0,0,0,0,0,0,0,0,0,0,0,0,0,0,0,0,0,0,0,0,0,4,0,0,0,0,0,4,0,0,0,0,0,0,0,0,0,0,0,0,0,0,0,0,0,0,0,0,0,0,0,0,0,0,0,0,0,0,0,0,0,0,0,0,0,0,0,0,0,0,0,0,0,0,0,0,3,0,0,0,0,3,0,0,0,0,0,0,0,0,3,0,0,0,0,0,0,0,0,0,0,0,0,0,0,0,0,0,0,0,0,0,0,0,0,0,0,0,0,0,5,3,3,0,0,0,18
SAL20596,560,0,0,0,0,0,0,38,597,811,0,5,0,0,0,0,91,916,1136,37,29,4,0,0,0,118,1322,880,182,94,19,7,0,3,80,1268,589,236,287,54,3,4,8,46,1226,277,192,388,100,24,4,3,35,1020,280,157,345,124,31,4,9,31,977,228,154,335,112,38,0,9,39,917,182,96,238,130,28,16,11,26,718,169,106,203,102,50,7,4,29,672,98,66,173,106,45,22,16,14,539,69,40,158,103,43,21,11,31,478,22,22,118,98,46,16,9,20,347,16,26,115,104,43,14,12,18,347,27,35,118,81,48,13,28,24,372,5327,1363,2594,1130,406,138,122,639,11709
SAL20597,178,0,0,0,0,0,0,12,187,180,6,3,0,0,0,0,20,207,232,9,13,3,0,0,0,26,280,231,53,36,11,0,0,0,24,362,132,102,136,15,3,0,0,19,409,69,67,130,34,4,11,0,20,337,95,64,111,42,6,3,0,17,336,62,36,115,31,13,0,3,14,279,62,33,78,29,5,7,5,17,224,32,28,63,30,13,6,4,13,189,21,18,51,23,11,6,0,8,143,13,14,47,21,8,6,4,7,118,9,11,34,27,14,0,5,10,105,7,7,46,34,12,3,8,15,126,11,14,55,41,21,9,16,47,214,1335,463,906,347,117,54,44,259,3529
SAL20598,0,0,0,0,0,0,0,0,0,0,0,0,0,0,0,0,0,0,0,0,0,0,0,0,0,0,0,0,0,0,0,0,0,0,0,0,0,0,0,0,0,0,0,0,0,0,0,0,0,0,0,0,0,0,0,0,0,0,0,0,0,0,0,0,0,0,0,0,0,0,0,0,0,0,0,0,0,0,0,0,0,0,0,0,0,0,0,0,0,0,0,0,0,0,0,0,0,0,0,0,0,0,0,0,0,0,0,0,0,0,0,0,0,0,0,0,0,0,0,0,0,0,0,0,0,0,0,0,0,0,0,0,0,0,0,0,0,0,0,0,0,0,0,0
SAL20599,0,0,0,0,0,0,0,0,0,0,0,0,0,0,0,0,0,0,0,0,0,0,0,0,0,0,0,0,0,0,0,0,0,0,0,0,0,0,0,0,0,0,0,0,0,0,0,0,0,0,0,0,0,0,0,0,0,0,0,0,0,0,0,0,0,0,0,0,0,0,0,0,0,0,0,0,0,0,0,0,4,0,0,0,0,0,0,0,0,0,0,0,0,0,0,0,0,0,0,0,0,0,0,0,0,0,0,0,0,0,0,0,0,0,0,0,0,0,0,0,0,0,0,0,0,0,0,0,0,0,0,0,0,0,0,0,0,0,0,0,0,0,0,3
SAL20600,109,0,0,0,0,0,0,11,126,74,5,0,0,0,0,0,9,90,63,26,17,8,4,0,0,7,124,46,39,46,23,3,0,0,17,175,27,27,62,29,5,0,0,9,159,27,21,42,36,5,0,0,9,157,17,18,72,35,18,4,0,15,179,19,17,64,38,10,0,0,11,163,21,18,47,29,16,3,0,11,147,12,20,46,33,17,8,0,10,150,8,11,29,25,13,0,0,7,91,4,0,22,17,14,0,0,13,74,9,0,14,3,8,0,4,0,29,0,0,0,3,9,0,0,0,10,0,4,0,3,3,0,0,4,21,442,202,463,287,107,28,10,143,1692
SAL20601,0,0,0,0,0,0,0,0,0,0,0,0,0,0,0,0,0,0,0,0,0,0,0,0,0,0,0,0,0,0,0,0,0,0,0,0,0,0,0,0,0,0,0,0,0,0,0,0,0,0,0,0,0,0,0,0,0,0,0,0,0,0,0,0,0,0,0,0,0,0,0,0,0,0,0,0,0,0,0,0,0,0,0,0,0,0,0,0,0,0,0,0,0,0,0,0,0,0,0,0,0,0,0,0,0,0,0,0,0,0,0,0,0,0,0,0,0,0,0,0,0,0,0,0,0,0,0,0,0,0,0,0,0,0,0,0,0,0,0,0,0,0,0,0
SAL20602,0,0,0,0,0,0,0,0,0,0,0,0,0,0,0,0,0,0,0,0,0,0,0,0,0,0,0,0,0,0,0,0,0,0,0,0,0,0,0,0,0,0,0,0,0,0,0,3,0,0,0,0,0,0,0,0,0,0,0,0,0,0,0,0,0,0,0,0,0,0,0,3,0,0,0,0,0,0,0,0,0,0,0,0,0,0,0,0,0,0,0,0,4,0,0,0,0,0,4,0,0,0,0,0,0,0,0,0,0,0,0,0,0,0,0,0,0,0,0,0,0,0,0,0,0,0,0,0,0,0,0,0,0,0,0,3,5,5,0,0,0,0,0,14
SAL20603,3,0,0,0,0,0,0,0,3,0,0,0,0,0,0,0,0,0,0,0,0,0,0,0,0,0,0,0,0,0,0,0,0,0,0,0,0,0,4,0,0,0,0,0,3,0,0,0,0,0,0,0,0,0,0,0,0,0,0,0,0,0,0,0,0,0,0,0,0,0,0,0,0,0,0,3,0,0,0,0,5,0,0,0,0,0,0,0,0,0,0,0,4,0,0,0,0,0,3,0,0,0,0,0,0,0,6,3,0,0,0,0,0,0,0,0,0,0,0,0,0,0,0,0,0,0,0,0,0,0,0,0,0,0,0,7,5,11,6,0,0,0,0,31
SAL20604,38,0,0,0,0,0,0,9,49,23,6,4,0,0,0,0,4,45,16,10,12,0,0,0,0,0,42,12,5,9,11,7,0,0,4,44,15,5,21,11,4,0,0,4,55,9,8,13,8,9,0,3,7,55,13,5,24,23,3,0,0,3,67,8,10,21,25,10,0,5,7,80,5,4,23,18,10,4,0,9,74,10,5,33,32,6,3,0,13,105,9,4,31,37,17,0,0,13,112,10,7,33,34,15,3,7,11,121,9,0,15,19,12,7,0,10,73,3,0,13,11,19,15,8,7,78,5,0,8,12,25,0,6,11,74,183,71,264,250,140,42,29,94,1070
SAL20605,11,0,0,0,0,0,0,0,11,12,0,0,0,0,0,0,0,13,0,0,0,0,0,0,0,0,0,4,0,0,0,0,0,0,0,3,8,0,11,3,0,0,0,0,17,3,0,0,3,0,0,0,0,11,0,0,4,4,0,0,0,0,10,5,0,14,4,0,0,0,0,21,0,7,3,0,0,0,0,4,14,3,3,4,9,0,0,0,0,24,0,0,3,4,0,0,0,0,15,0,0,3,7,0,0,0,0,14,0,0,3,5,0,0,0,0,10,0,0,0,0,0,0,0,0,0,0,0,0,0,0,0,0,0,0,53,10,48,36,10,0,0,9,167
SAL20606,0,0,0,0,0,0,0,0,0,0,0,0,0,0,0,0,0,0,0,0,0,0,0,0,0,0,0,0,0,0,0,0,0,0,0,0,0,0,0,0,0,0,0,0,0,0,0,0,0,0,0,0,0,0,0,0,0,0,0,0,0,0,0,0,0,0,0,0,0,0,0,0,0,0,0,0,0,0,0,0,0,0,0,0,0,0,0,0,0,0,0,0,0,0,0,0,0,0,0,0,0,0,0,0,0,0,0,0,0,0,0,0,0,0,0,0,0,0,0,0,0,0,0,0,0,0,0,0,0,0,0,0,0,0,0,0,0,0,0,0,0,0,0,0
SAL20607,199,3,0,0,0,0,0,23,223,197,21,3,3,0,0,0,14,238,194,51,39,17,4,0,0,21,322,90,57,82,33,13,0,3,15,294,47,38,79,39,13,3,0,16,243,36,27,56,53,31,9,5,15,232,37,29,67,43,27,8,3,16,224,51,30,100,67,32,8,6,11,304,45,22,66,61,38,11,8,19,273,43,26,80,90,43,17,3,14,317,29,31,92,62,37,14,6,24,297,27,21,79,91,54,17,13,29,332,29,9,58,41,45,18,11,21,237,15,7,50,52,24,25,21,23,217,21,18,40,73,49,23,34,44,297,1048,390,895,718,409,150,126,306,4040
SAL20608,3,0,0,0,0,0,0,0,3,0,0,0,0,0,0,0,0,0,0,0,0,0,0,0,0,0,0,0,0,0,0,0,0,0,0,3,0,0,0,0,0,0,0,0,0,0,0,0,0,0,0,0,0,0,0,0,0,0,0,0,0,0,0,0,0,0,4,0,0,0,0,3,0,0,0,0,0,0,0,0,0,0,0,0,0,3,0,0,0,5,0,0,0,0,0,0,0,0,3,0,0,0,0,0,0,0,0,0,0,0,0,0,0,0,0,0,0,0,0,0,0,0,0,0,0,0,0,0,0,0,0,0,0,0,0,3,4,6,12,3,0,0,0,21
SAL20609,0,0,0,0,0,0,0,0,0,7,0,0,0,0,0,0,0,11,10,0,0,0,0,0,0,0,7,5,7,0,0,0,0,0,0,12,0,0,6,0,0,0,0,0,5,0,0,0,0,0,0,0,0,0,0,0,0,0,0,0,0,0,3,0,3,0,0,0,0,0,0,4,0,0,0,6,0,0,0,0,7,0,0,0,0,0,0,0,0,3,0,0,5,3,0,0,0,3,11,0,0,3,0,0,0,0,3,3,0,0,0,3,0,0,0,0,7,0,0,0,0,0,0,0,0,0,0,0,0,0,0,0,0,0,0,22,11,13,15,5,0,0,4,77
SAL20610,0,0,0,0,0,0,0,0,0,0,0,0,0,0,0,0,0,0,0,0,0,0,0,0,0,0,0,0,0,3,0,0,0,0,3,10,0,0,4,0,0,0,0,0,3,0,0,0,0,0,0,0,0,0,0,0,0,0,0,0,0,0,0,0,0,0,0,0,0,0,0,4,0,0,0,0,0,0,0,0,0,0,0,0,0,0,0,0,0,0,0,0,0,0,0,0,0,0,0,0,0,0,0,0,0,0,0,0,0,0,0,0,0,0,0,0,0,0,0,0,0,0,0,0,0,0,0,0,0,0,0,0,0,0,0,4,6,5,4,0,0,0,6,29
SAL20611,0,0,0,0,0,0,0,0,0,0,0,0,0,0,0,0,0,0,0,0,0,0,0,0,0,4,9,3,0,0,0,0,0,0,3,8,0,0,3,3,0,0,0,0,8,0,0,0,0,0,0,0,0,3,3,0,3,0,0,0,0,0,5,0,0,0,3,0,0,0,4,8,0,0,3,0,0,0,0,0,4,0,0,4,5,3,0,0,3,16,0,0,5,4,0,3,0,0,11,0,0,4,0,3,0,0,0,7,0,0,0,4,0,0,0,0,3,0,0,0,0,0,0,0,0,3,0,0,0,0,0,0,3,0,5,11,3,27,22,11,7,10,14,97
SAL20612,0,0,0,0,0,0,0,6,3,0,0,0,0,0,0,0,0,0,0,0,0,0,0,0,0,0,0,0,0,0,0,0,0,0,0,0,0,0,0,0,0,0,0,0,0,0,0,0,0,0,0,0,0,0,0,0,0,0,0,0,0,0,5,0,0,0,0,0,0,0,0,0,0,0,0,0,0,0,0,0,0,0,0,0,0,0,0,0,0,4,0,0,0,0,0,0,0,0,0,0,0,0,0,0,0,0,0,0,0,0,0,0,0,0,0,0,0,0,0,0,0,0,0,0,0,0,0,0,0,0,0,0,0,0,0,4,0,4,0,0,0,0,6,16
SAL20613,52,0,0,0,0,0,0,9,58,39,0,0,0,0,0,0,3,45,46,11,9,3,0,0,0,12,77,20,13,32,12,0,0,0,8,86,12,11,31,18,3,0,0,7,81,12,10,37,11,0,0,0,5,68,0,7,28,18,4,0,0,0,55,10,4,23,13,0,0,0,0,56,12,5,23,30,9,3,0,3,81,3,7,19,22,12,0,5,0,70,4,5,32,17,9,0,0,3,75,3,0,20,23,6,0,0,0,48,4,6,14,5,4,0,3,5,32,0,0,6,8,0,0,0,0,12,0,0,0,0,3,0,0,0,14,222,87,265,173,46,10,10,57,862
SAL20614,13,0,0,0,0,0,0,4,12,17,0,0,0,0,0,0,0,25,3,0,0,4,0,0,0,0,10,5,3,3,0,0,0,0,3,21,0,8,11,3,0,0,0,3,29,0,0,5,4,0,0,0,0,17,9,0,8,5,0,0,0,5,31,4,0,10,10,3,0,0,0,31,6,6,10,13,5,0,0,7,48,4,8,20,14,5,0,0,3,54,3,4,26,12,5,0,0,0,52,4,0,3,15,5,4,3,8,41,0,0,3,7,8,4,3,3,35,3,0,5,3,4,6,5,0,22,3,0,4,11,9,3,4,5,60,82,43,109,100,52,21,19,46,477
SAL20615,9,0,0,0,0,0,0,0,9,8,0,0,0,0,0,0,0,8,6,4,3,0,0,0,0,0,18,8,3,0,0,0,0,0,0,10,0,5,0,0,0,0,0,0,5,8,0,0,0,0,0,0,5,13,0,0,4,0,0,0,0,0,6,0,0,0,5,0,0,0,0,5,0,0,4,3,0,0,0,4,19,4,0,0,0,0,0,0,4,10,0,0,3,0,0,0,0,0,4,0,0,0,4,0,0,0,0,3,0,0,0,5,0,0,0,0,5,0,0,0,0,0,0,0,0,0,0,0,0,0,0,0,0,0,4,37,15,21,16,5,0,3,15,113
SAL20616,88,0,0,0,0,0,0,17,109,294,12,0,0,0,0,0,31,340,743,20,12,9,4,0,0,75,864,666,49,18,14,3,3,0,44,795,315,66,41,14,4,3,5,36,483,173,33,54,19,10,0,0,18,310,123,46,42,7,10,9,0,32,270,96,42,41,18,7,0,4,17,227,59,32,34,9,5,0,0,14,151,43,18,34,25,15,3,3,11,151,22,21,28,25,4,0,0,10,111,15,12,20,19,11,6,4,5,88,7,4,24,12,8,4,4,7,65,3,3,11,7,3,0,0,5,40,5,0,14,10,0,3,10,5,41,2650,350,377,179,83,35,36,323,4037
SAL20617,0,0,0,0,0,0,0,0,0,0,0,0,0,0,0,0,0,0,0,0,0,0,0,0,0,0,0,0,0,0,0,0,0,0,0,0,0,0,0,0,0,0,0,0,0,0,0,0,0,0,0,0,0,0,0,0,0,0,0,0,0,0,0,0,0,0,0,0,0,0,0,0,0,0,0,0,0,0,0,0,0,0,0,0,0,0,0,0,0,0,0,0,0,0,0,0,0,0,0,0,0,0,0,0,0,0,0,0,0,0,0,0,0,0,0,0,0,0,0,0,0,0,0,0,0,0,0,0,0,0,0,0,0,0,0,0,0,0,0,0,0,0,0,5
SAL20618,3,0,0,0,0,0,0,6,4,0,0,0,0,0,0,0,4,4,5,0,0,0,0,0,0,0,3,0,0,0,0,0,0,0,0,0,0,0,0,0,0,0,0,0,0,0,0,0,0,0,0,0,0,3,0,0,0,0,0,0,0,0,7,4,0,0,0,0,0,0,0,11,5,0,3,0,0,0,0,0,9,0,0,7,0,0,0,0,0,9,0,0,0,3,0,0,0,0,7,0,0,0,5,0,0,0,0,4,0,0,0,0,0,0,0,0,6,0,0,0,0,0,0,0,0,0,0,0,0,0,0,0,0,0,0,18,5,21,11,3,0,0,8,67
SAL20619,0,0,0,0,0,0,0,0,0,5,0,0,0,0,0,0,0,5,0,0,0,0,0,0,0,0,7,0,0,0,0,0,0,0,0,0,0,0,0,0,0,0,0,0,0,0,0,0,0,0,0,0,0,3,0,0,0,0,0,0,0,0,4,0,0,5,0,0,0,0,0,8,0,0,0,0,0,0,0,0,0,0,0,0,3,0,0,0,0,5,0,0,0,0,5,0,0,0,5,0,0,0,0,0,0,0,0,0,0,0,0,0,0,0,0,0,0,0,0,0,0,0,0,0,0,0,0,0,0,0,0,0,0,0,0,11,3,14,4,4,0,0,5,44
SAL20620,16,0,0,0,0,0,0,0,18,17,0,0,0,0,0,0,0,19,13,6,4,0,0,0,0,0,24,3,0,5,0,0,0,0,0,8,0,4,8,3,4,0,0,0,22,3,4,7,4,0,0,0,4,17,0,5,10,6,3,0,0,0,22,5,0,10,9,3,0,0,0,27,0,4,9,3,7,5,0,3,30,0,0,4,5,3,0,0,0,19,3,0,5,3,3,0,0,0,19,0,0,0,9,0,0,0,0,6,0,0,0,0,0,0,0,0,5,0,0,0,0,0,0,0,0,7,0,0,0,0,0,0,0,0,0,58,25,60,55,21,7,0,16,238
SAL20621,20,0,0,0,0,0,0,0,20,23,0,0,0,0,0,0,6,26,7,0,0,0,0,0,0,0,11,7,5,3,0,0,0,0,0,8,8,0,13,5,0,0,0,0,25,6,3,9,9,0,0,0,3,30,0,7,17,8,0,0,0,0,43,12,4,16,9,5,0,0,4,45,6,5,13,4,3,0,0,0,44,12,0,12,17,4,0,0,0,46,7,4,24,14,8,0,0,3,51,0,0,14,11,0,0,0,0,34,0,0,5,8,0,0,0,0,18,0,0,0,0,0,0,0,0,0,0,0,4,0,0,0,0,0,3,102,30,130,94,23,0,6,19,397
SAL20622,0,0,0,0,0,0,0,0,0,0,0,0,0,0,0,0,0,0,0,0,0,0,0,0,0,0,0,0,0,0,0,0,0,0,0,0,0,0,0,0,0,0,0,0,0,0,0,0,0,0,0,0,0,0,0,0,0,0,0,0,0,0,0,0,0,0,0,0,0,0,0,0,0,0,0,0,0,0,0,0,0,0,0,0,0,0,0,0,0,0,0,0,0,0,0,0,0,0,0,0,0,0,0,0,0,0,0,0,0,0,0,0,0,0,0,0,0,0,0,0,0,0,0,0,0,0,0,0,0,0,0,0,0,0,3,0,0,3,3,0,0,0,0,10
SAL20623,0,0,0,0,0,0,0,0,0,0,0,0,0,0,0,0,0,0,0,0,0,0,0,0,0,0,0,0,0,0,0,0,0,0,0,0,0,0,0,0,0,0,0,0,0,0,0,0,0,0,0,0,0,4,0,0,0,0,0,0,0,0,0,0,0,0,0,0,0,0,0,4,0,0,0,0,0,0,0,0,0,0,0,0,0,0,0,0,0,0,0,0,0,0,0,0,0,0,4,0,0,0,0,0,0,0,0,0,0,0,0,0,0,0,0,0,0,0,0,0,0,0,0,0,0,0,0,0,0,0,0,0,0,0,0,4,0,3,6,0,0,0,0,17
SAL20624,75,0,0,0,0,0,0,14,87,88,9,3,0,0,0,0,10,104,49,22,20,9,0,0,0,15,104,24,24,20,21,10,0,3,3,108,20,8,25,16,6,0,4,12,88,25,6,18,26,12,5,7,9,102,12,9,16,13,13,4,8,9,78,20,16,28,17,10,9,3,4,97,8,6,24,23,10,5,3,4,75,4,9,20,18,11,5,0,14,83,7,3,17,21,9,6,3,4,76,5,0,19,28,7,7,9,6,78,3,3,15,21,17,5,4,8,73,4,9,6,19,9,7,9,0,63,0,4,19,14,8,7,12,9,64,338,118,244,229,120,61,58,111,1287
SAL20625,4,0,0,0,0,0,0,0,4,0,0,0,0,0,0,0,0,0,0,0,0,0,0,0,0,0,0,0,0,0,0,0,0,0,0,0,0,0,0,0,0,0,0,0,0,0,0,3,0,0,0,0,0,0,0,0,0,0,0,0,0,0,3,0,0,3,0,0,0,0,0,4,4,0,3,0,0,0,0,0,10,0,0,0,0,0,0,0,0,3,0,0,4,0,0,0,0,0,5,0,0,0,0,0,0,0,0,0,0,0,0,0,0,0,0,0,0,0,0,0,0,0,0,0,0,0,0,0,0,0,0,0,0,0,0,12,0,13,8,7,5,0,4,39
SAL20626,5,0,0,0,0,0,0,0,5,7,0,0,0,0,0,0,0,4,5,0,0,0,0,0,0,0,5,0,0,0,0,0,0,0,0,4,0,0,0,0,0,0,0,0,3,0,0,0,0,0,0,0,4,3,0,0,0,4,0,0,0,0,7,0,0,0,0,0,0,0,0,3,0,0,0,0,0,0,0,0,3,0,0,0,3,5,0,0,6,11,0,0,0,0,0,0,0,0,0,0,0,0,0,0,0,0,0,3,0,0,0,0,0,0,0,0,0,0,0,0,0,0,0,0,0,4,0,0,0,0,0,0,0,0,0,22,4,10,7,4,0,0,11,58
SAL20627,12,0,0,0,0,0,0,0,16,3,0,0,0,0,0,0,0,3,7,0,0,0,0,0,0,0,8,3,0,0,0,0,0,0,0,4,0,0,5,0,0,0,0,0,11,0,0,8,5,0,0,0,0,6,4,0,4,3,0,0,0,0,15,4,0,4,3,3,0,0,0,15,4,0,0,5,0,0,0,0,9,5,3,7,3,0,0,0,3,19,0,0,6,6,0,0,0,0,11,0,0,0,6,0,0,0,0,9,0,0,0,0,0,0,0,0,4,0,0,0,6,0,0,0,0,6,0,0,0,0,0,0,0,0,0,34,13,40,25,6,4,0,12,129
SAL20628,6,0,0,0,0,0,0,0,6,6,0,0,0,0,0,0,4,11,0,0,0,0,0,0,0,0,0,0,0,0,0,0,0,0,0,0,0,0,3,0,0,0,0,0,5,0,0,5,0,0,0,0,0,4,3,0,5,0,0,0,0,0,12,0,3,0,4,0,0,0,0,13,3,0,0,0,0,0,0,0,8,0,0,8,3,0,0,0,0,13,0,0,5,8,0,0,0,0,16,0,0,4,7,0,0,0,4,12,0,0,6,0,0,0,0,0,11,0,0,7,0,0,0,0,0,8,0,0,0,0,0,0,0,0,0,24,13,32,22,6,0,0,12,103
SAL20629,0,0,0,0,0,0,0,0,0,0,0,0,0,0,0,0,0,0,0,0,0,0,0,0,0,0,0,0,0,0,0,0,0,0,0,0,0,0,0,0,0,0,0,0,0,0,0,0,0,0,0,0,0,0,0,0,0,0,0,0,0,0,0,0,0,0,0,0,0,0,0,0,0,0,0,0,0,0,0,0,5,0,0,0,0,0,0,0,0,0,0,0,0,0,0,0,0,0,0,0,0,0,0,0,0,0,0,0,0,0,0,0,0,0,0,0,0,0,0,0,0,0,0,0,0,0,0,0,0,0,0,0,0,0,0,0,0,0,5,0,0,0,6,10
SAL20630,0,0,0,0,0,0,0,0,0,0,0,0,0,0,0,0,0,0,0,0,0,0,0,0,0,0,0,0,0,0,0,0,0,0,0,0,0,0,0,0,0,0,0,0,0,0,0,0,0,0,0,0,0,0,0,0,0,0,0,0,0,0,0,0,0,0,0,0,0,0,0,0,0,0,0,0,0,0,0,0,0,0,0,0,0,0,0,0,0,0,0,0,0,0,0,0,0,0,0,0,0,0,0,0,0,0,0,0,0,0,0,0,0,0,0,0,0,0,0,0,0,0,0,0,0,0,0,0,0,0,0,0,0,0,0,0,0,0,0,0,0,0,5,5
SAL20631,8,0,0,0,0,0,0,0,8,9,0,0,0,0,0,0,0,9,3,0,0,0,0,0,0,0,3,0,3,0,0,0,0,0,0,5,4,0,6,0,0,0,0,0,11,0,0,0,0,0,0,0,0,7,3,0,5,0,0,0,0,0,9,0,0,0,0,0,0,6,0,12,0,0,3,0,6,0,4,0,20,0,0,3,0,0,0,0,0,12,0,0,0,9,0,0,0,0,5,0,0,0,0,0,0,0,0,3,0,0,0,0,3,0,0,0,6,0,0,0,0,0,0,0,0,0,0,0,0,0,0,0,0,0,0,25,9,28,21,14,0,7,3,114
SAL20632,0,0,0,0,0,0,0,0,0,0,0,0,0,0,0,0,0,0,0,0,0,0,0,0,0,0,0,0,0,0,0,0,0,0,0,0,0,0,0,0,0,0,0,0,0,0,0,0,0,0,0,0,0,0,0,0,0,0,0,0,0,0,0,0,0,0,0,0,0,0,0,0,0,0,0,0,0,0,0,0,3,0,0,0,0,0,0,0,0,5,0,0,0,0,0,0,0,0,0,0,0,0,0,0,0,0,0,0,0,0,0,0,0,0,0,0,0,0,0,0,0,0,0,0,0,3,0,0,0,0,0,0,0,0,0,0,0,3,3,0,0,0,3,18
SAL20633,11,0,0,0,0,0,0,0,9,6,0,0,0,0,0,0,0,6,0,0,0,0,0,0,0,0,5,0,0,0,0,0,0,0,0,4,0,0,0,0,0,0,0,0,4,0,0,0,7,0,0,0,0,7,0,0,0,3,0,0,0,0,8,0,0,0,3,0,0,0,0,10,0,0,3,0,0,0,0,0,9,0,0,5,0,3,0,0,0,9,4,0,0,0,0,0,0,0,8,0,0,0,0,4,0,0,0,8,0,0,0,0,0,0,0,0,4,0,0,0,0,0,0,0,3,0,0,0,0,0,0,0,0,0,0,23,6,22,16,12,0,0,7,84
SAL20634,3,0,0,0,0,0,0,0,3,0,0,0,0,0,0,0,0,0,0,0,0,0,0,0,0,0,0,0,0,0,0,0,0,0,0,0,0,0,0,0,0,0,0,0,0,0,0,0,0,0,0,0,0,4,0,0,0,0,0,0,0,0,0,0,0,0,0,0,0,0,0,0,0,0,0,0,0,0,0,0,0,0,0,0,3,0,0,0,0,3,0,0,0,0,0,0,0,0,0,0,0,0,4,0,0,0,0,4,0,0,0,0,0,0,0,0,0,0,0,0,0,0,0,0,0,0,0,0,0,0,0,0,0,0,0,6,0,0,10,0,0,0,0,12
SAL20635,0,0,0,0,0,0,0,0,0,0,0,0,0,0,0,0,0,0,0,0,0,0,0,0,0,0,0,0,0,0,0,0,0,0,0,3,0,0,0,0,0,0,0,0,0,0,0,0,0,0,0,0,0,0,0,0,0,0,0,0,0,0,0,0,0,0,0,0,0,0,0,0,0,0,0,0,0,0,0,0,0,0,0,0,0,0,0,0,0,0,0,0,0,0,0,0,0,0,0,0,0,0,0,0,0,0,0,0,0,0,0,0,0,0,0,0,0,0,0,0,0,0,0,0,0,0,0,0,0,0,0,0,0,0,0,0,0,0,0,0,0,0,0,4
SAL20636,8,0,0,0,0,0,0,0,6,3,0,0,0,0,0,0,0,5,0,0,0,0,0,0,0,0,4,0,0,0,0,0,0,0,0,0,3,0,0,0,0,0,0,0,6,0,0,6,0,0,0,0,0,8,6,0,3,0,0,0,0,0,5,0,0,0,0,0,0,0,0,4,0,0,0,0,3,0,0,0,6,0,0,0,0,0,0,0,0,9,0,0,0,0,0,0,0,0,3,0,0,4,4,0,0,0,0,6,0,0,0,0,0,0,0,0,0,0,0,0,0,0,0,0,0,0,0,0,0,0,0,0,0,0,0,20,4,16,9,8,3,0,3,68
SAL20637,0,0,0,0,0,0,0,0,0,0,0,0,0,0,0,0,0,0,0,0,0,0,0,0,0,0,0,3,0,0,0,0,0,0,0,3,0,0,0,0,0,0,0,0,0,0,0,0,0,0,0,0,0,0,0,0,0,0,0,0,0,0,0,0,0,0,0,0,0,0,0,5,0,0,3,0,0,0,0,0,7,0,0,0,0,0,0,0,0,6,0,0,5,0,0,0,0,0,3,0,0,0,0,0,0,0,0,9,0,0,0,0,0,0,0,0,0,0,0,0,0,0,0,0,0,0,0,0,0,0,0,0,0,0,0,9,0,13,10,4,0,0,0,41
SAL20638,4,0,0,0,0,0,0,0,4,0,0,0,0,0,0,0,0,0,3,0,0,0,0,0,0,0,4,0,0,0,0,0,0,0,0,0,0,0,5,0,0,0,0,0,5,0,0,3,4,0,0,0,0,3,0,0,0,0,0,0,0,0,5,0,0,6,3,0,0,0,0,4,0,0,0,0,0,0,0,0,4,4,0,0,0,0,0,0,0,7,0,0,4,3,0,0,0,0,9,0,0,0,5,0,0,0,0,6,0,0,0,0,0,0,0,0,3,0,0,0,0,0,0,0,0,0,0,0,0,0,0,0,0,0,0,12,5,20,13,0,0,0,0,52
SAL20639,17,0,0,0,0,0,0,4,21,8,0,0,0,0,0,0,0,12,14,0,6,0,0,0,0,0,25,6,3,6,8,0,0,0,0,27,8,8,10,4,5,0,0,0,34,8,0,10,5,4,0,0,0,28,0,4,10,11,3,0,0,4,26,3,6,14,5,3,0,0,5,36,13,3,19,19,9,0,0,6,68,7,5,13,14,0,0,0,0,43,3,8,29,20,5,0,0,9,70,6,0,18,10,6,0,0,0,45,6,0,5,12,4,0,0,0,30,0,0,0,5,0,0,5,0,12,0,0,0,0,0,0,0,0,5,107,41,134,108,45,3,11,38,489
SAL20640,572,5,0,0,0,0,0,67,645,391,51,28,7,0,0,0,62,530,332,116,92,41,7,0,0,56,648,169,95,102,75,23,9,0,55,523,111,65,122,69,32,24,8,32,455,67,77,102,74,36,22,13,58,446,75,57,142,88,53,31,15,34,495,57,57,133,87,57,17,20,45,478,67,59,140,108,71,19,20,22,506,49,49,145,116,44,14,13,31,462,27,28,132,91,47,16,7,35,380,32,25,106,86,49,16,10,37,360,9,15,70,53,37,19,12,29,242,3,11,37,44,27,14,9,28,161,3,7,20,12,26,14,14,13,119,1955,702,1381,946,502,209,155,599,6453
SAL20641,0,0,0,0,0,0,0,0,0,0,0,0,0,0,0,0,0,0,0,0,0,0,0,0,0,0,0,0,0,0,0,0,0,0,0,0,0,0,0,0,0,0,0,0,0,0,0,0,0,0,0,0,0,0,0,0,0,0,0,0,0,0,0,0,0,0,0,0,0,0,0,4,0,0,0,0,0,0,0,0,3,0,0,0,0,0,0,0,0,0,0,0,0,0,0,0,0,0,0,0,0,0,0,0,0,0,0,0,0,0,0,0,0,0,0,0,0,0,0,0,0,0,0,0,0,0,0,0,0,0,0,0,0,0,0,5,0,4,6,0,0,0,0,9
SAL20642,4,0,0,0,0,0,0,0,4,0,0,0,0,0,0,0,0,0,0,0,0,0,0,0,0,0,0,0,0,0,0,0,0,0,0,0,0,0,0,0,0,0,0,0,0,0,0,0,0,0,0,0,0,0,0,0,0,0,0,0,0,0,0,0,0,0,0,0,0,0,0,4,0,0,0,0,0,0,0,0,0,0,0,0,0,0,0,0,0,0,0,0,0,0,0,0,0,0,0,0,0,0,0,0,0,0,0,0,0,0,0,0,0,0,0,0,0,0,0,0,0,0,0,0,0,0,0,0,0,0,0,0,0,0,0,5,0,3,5,0,0,0,0,18
SAL20643,0,0,0,0,0,0,0,0,0,0,0,0,0,0,0,0,0,0,0,0,0,0,0,0,0,0,0,0,0,0,0,0,0,0,0,0,0,0,0,0,0,0,0,0,0,0,0,0,0,0,0,0,0,3,0,0,0,5,0,0,0,0,4,0,0,0,3,0,0,0,0,11,0,0,0,0,0,0,0,0,0,0,0,0,0,0,0,0,0,5,0,0,5,0,0,0,0,0,4,0,0,0,0,0,0,0,0,5,0,0,0,0,0,0,0,0,4,0,0,0,0,0,0,0,0,0,0,0,0,0,0,0,0,0,0,6,0,14,12,0,0,0,3,43
SAL20644,13,0,0,0,0,0,0,6,22,18,0,0,0,0,0,0,0,17,16,3,0,0,0,0,0,4,26,10,10,5,3,0,0,0,0,36,6,4,5,3,0,0,0,3,29,0,3,11,3,0,0,0,6,26,8,3,7,5,3,0,0,5,34,0,7,12,3,4,0,0,3,32,11,10,17,7,5,4,0,7,47,8,0,25,18,5,0,0,3,51,5,5,20,10,8,0,0,0,45,0,7,18,14,8,0,0,3,52,0,0,11,6,0,0,0,9,32,4,0,0,0,3,0,0,0,10,0,0,0,3,3,0,0,0,11,105,66,137,76,38,13,3,45,481
SAL20645,0,0,0,0,0,0,0,0,0,0,0,0,0,0,0,0,0,0,0,0,0,0,0,0,0,0,0,0,0,0,0,0,0,0,0,3,0,0,0,0,0,0,0,0,0,0,0,0,0,0,0,0,4,3,0,0,0,0,5,0,0,0,4,0,0,0,0,0,0,0,0,7,0,0,4,0,0,0,0,0,7,0,0,0,3,0,0,0,3,9,0,0,5,0,0,0,0,0,4,0,0,0,0,0,0,0,0,3,0,0,4,0,0,0,0,0,9,0,0,0,0,0,0,0,0,3,0,0,0,0,0,0,0,0,0,16,5,14,5,7,8,0,14,63
SAL20646,5,0,0,0,0,0,0,3,13,4,0,0,0,0,0,0,0,7,13,3,0,0,0,0,0,5,19,0,4,7,6,0,0,0,0,11,0,0,0,3,0,0,0,0,7,4,0,3,5,0,0,0,0,11,0,0,3,0,0,0,0,0,9,0,0,7,0,0,0,0,0,10,4,0,3,9,3,0,0,0,18,0,3,3,0,0,0,0,3,14,7,0,0,5,0,0,0,0,11,0,0,0,0,0,0,0,3,6,0,0,3,0,0,0,0,0,5,0,0,0,0,0,0,0,0,0,0,0,0,0,0,0,0,0,0,40,13,19,27,10,4,3,16,138
SAL20647,0,0,0,0,0,0,0,0,0,0,0,0,0,0,0,0,0,0,0,0,0,0,0,0,0,0,0,0,0,0,0,0,0,0,0,0,0,0,0,0,0,0,0,0,0,0,0,0,0,0,0,0,0,0,0,0,0,0,0,0,0,0,0,0,0,0,0,0,0,0,0,0,0,0,0,0,0,0,0,0,0,0,0,0,0,0,0,0,0,0,0,0,0,0,0,0,0,0,0,0,0,0,0,0,0,0,0,0,0,0,0,0,0,0,0,0,0,0,0,0,0,0,0,0,0,0,0,0,0,0,0,0,0,0,0,4,0,0,0,0,0,0,0,9
SAL20648,14,0,0,0,0,0,0,10,21,19,3,0,0,0,0,0,0,25,12,7,6,4,0,0,0,3,32,5,3,8,4,0,0,0,3,22,6,6,18,11,3,0,0,6,40,4,3,3,6,5,0,0,3,26,4,0,12,3,0,5,0,3,26,4,0,13,9,3,0,5,6,46,8,0,20,18,3,4,0,4,53,5,0,20,14,4,0,0,4,52,12,4,18,10,3,0,0,4,51,6,5,23,8,6,3,0,3,52,4,5,16,13,11,4,0,0,54,0,0,8,11,11,3,0,9,37,0,4,4,11,11,3,6,11,43,104,40,158,111,62,19,15,67,580
SAL20649,3,0,0,0,0,0,0,0,3,3,0,0,0,0,0,0,0,3,0,0,0,0,0,0,0,0,0,0,0,0,0,0,0,0,0,3,0,0,0,0,0,0,0,0,0,0,0,0,0,0,0,0,0,3,0,0,0,0,0,0,0,0,0,0,0,0,0,0,0,0,0,0,0,0,0,0,0,0,0,0,8,0,0,5,0,0,0,0,0,8,0,0,0,0,3,0,0,0,5,0,0,0,0,0,0,0,0,0,0,0,0,0,0,0,4,0,5,0,0,0,0,0,0,0,0,0,0,0,0,0,0,0,0,0,0,14,5,8,4,9,0,3,0,40
SAL20650,5,0,0,0,0,0,0,0,5,0,0,0,0,0,0,0,0,0,0,0,0,0,0,0,0,0,0,0,0,0,0,0,0,0,0,0,0,0,0,0,0,0,0,0,0,0,0,0,0,0,0,0,0,0,0,0,0,0,0,0,0,0,0,0,0,0,0,0,0,0,0,3,0,0,0,0,0,0,0,0,7,0,0,0,0,0,0,0,0,3,0,0,0,0,0,0,0,0,0,0,0,0,0,0,0,0,0,0,0,0,0,0,0,0,0,0,0,0,0,5,0,0,0,0,0,5,0,0,0,0,0,0,0,0,0,9,0,8,3,0,0,0,6,23
SAL20651,0,0,0,0,0,0,0,0,0,0,0,0,0,0,0,0,0,0,0,0,0,0,0,0,0,0,0,0,0,0,4,0,0,0,0,4,0,0,0,0,0,0,0,0,0,0,0,0,0,0,0,0,0,0,0,0,0,0,0,0,0,0,6,0,0,0,0,0,0,0,0,0,0,0,0,0,0,0,0,0,4,3,0,0,0,0,0,0,0,3,0,0,0,0,0,0,0,0,4,0,0,0,0,0,0,0,0,0,0,0,0,0,0,0,0,0,0,0,0,0,0,0,0,0,0,0,0,0,0,0,0,0,0,0,0,7,0,5,3,5,0,0,0,16
SAL20652,0,0,0,0,0,0,0,0,0,0,0,0,0,0,0,0,0,0,0,0,0,0,0,0,0,0,0,0,0,0,0,0,0,0,0,3,0,0,0,0,0,0,0,0,0,0,0,0,0,0,0,0,0,0,0,5,0,0,0,0,0,0,0,0,0,0,0,0,0,0,0,0,0,0,0,0,0,0,0,0,4,0,0,0,0,0,0,0,0,5,0,0,0,0,0,0,0,0,5,0,0,0,4,0,0,0,0,5,0,0,0,0,0,0,0,0,3,0,0,0,0,0,0,0,0,0,0,0,0,0,0,0,0,0,0,3,3,4,9,0,0,0,4,25
SAL20653,0,0,0,0,0,0,0,0,0,0,0,0,0,0,0,0,0,0,0,0,0,0,0,0,0,0,0,0,0,0,0,0,0,0,0,0,0,0,0,0,0,0,0,0,0,0,0,0,0,0,0,0,0,0,0,0,0,0,0,0,0,0,0,0,0,0,0,0,0,0,0,0,0,0,0,0,0,0,0,0,0,0,0,0,0,0,0,0,0,0,0,0,0,0,0,0,0,0,0,0,0,0,0,0,0,0,0,0,0,0,0,0,0,0,0,0,0,0,0,0,0,0,0,0,0,0,0,0,0,0,0,0,0,0,0,0,0,4,0,0,0,0,0,3
SAL20654,19,0,0,0,0,0,0,0,19,20,0,0,0,0,0,0,4,19,12,0,0,0,0,0,0,0,12,3,6,4,0,0,0,0,0,11,5,0,0,0,0,0,0,0,9,0,3,9,0,0,0,0,0,18,0,0,7,3,0,0,0,0,19,10,5,10,5,0,0,0,0,31,4,3,5,9,0,0,0,0,26,8,7,16,8,0,0,0,0,38,5,3,9,10,3,0,0,5,30,3,3,8,0,4,0,0,0,17,0,0,5,0,0,0,0,0,7,0,0,3,0,0,0,0,0,12,0,0,0,0,0,0,0,0,3,80,22,72,49,21,4,0,10,266
SAL20655,0,0,0,0,0,0,0,0,0,0,0,0,0,0,0,0,0,0,0,0,0,0,0,0,0,0,0,0,0,0,0,0,0,0,0,0,0,0,0,0,0,0,0,0,0,0,0,0,0,0,0,0,0,0,0,0,0,0,0,0,0,0,0,0,0,0,0,0,0,0,0,0,0,0,0,0,0,0,0,0,0,0,0,0,0,0,0,0,0,0,0,0,0,0,0,0,0,0,0,0,0,0,0,0,0,0,0,0,0,0,0,0,0,0,0,0,0,0,0,0,0,0,0,0,0,0,0,0,0,0,0,0,0,0,0,0,0,0,0,0,0,0,0,0
SAL20656,0,0,0,0,0,0,0,0,0,4,0,0,0,0,0,0,0,4,0,0,0,0,0,0,0,0,0,0,3,0,0,0,0,0,0,3,0,0,0,0,0,0,0,0,0,0,0,0,0,0,0,0,0,0,0,0,0,0,0,0,0,0,0,0,0,0,0,0,0,0,0,0,0,0,0,0,0,0,0,0,0,0,0,0,0,0,0,0,0,0,0,0,0,0,0,0,0,0,0,0,0,0,0,0,0,0,0,0,0,0,0,0,0,0,0,0,0,0,0,0,0,0,0,0,0,0,0,0,0,0,0,0,0,0,0,5,3,3,0,6,0,0,0,16
SAL20657,107,0,0,0,0,0,0,7,115,84,3,4,0,0,0,0,0,94,63,25,14,3,0,0,0,10,119,52,25,44,18,0,0,0,10,155,33,28,57,30,5,0,3,18,171,26,26,70,31,7,0,0,6,164,28,31,58,39,10,0,5,12,186,41,28,72,39,16,0,3,7,206,41,32,97,50,21,4,5,19,263,41,37,120,64,21,3,0,31,322,28,30,138,95,46,3,3,26,369,27,21,140,81,32,3,5,22,326,6,14,74,73,25,4,4,28,215,9,8,34,43,23,5,3,18,139,13,12,41,43,28,13,3,28,180,604,315,950,608,230,48,36,254,3040
SAL20658,0,0,0,0,0,0,0,0,0,3,0,0,0,0,0,0,0,3,0,0,0,0,0,0,0,0,0,0,0,0,0,0,0,0,0,0,0,0,0,0,0,0,0,0,0,0,0,0,0,0,0,0,0,0,0,0,0,0,0,0,0,0,0,0,0,0,0,0,0,0,0,0,0,0,0,0,0,0,0,0,0,0,0,0,0,0,0,0,0,4,0,0,0,0,0,0,0,0,0,0,0,0,0,0,0,0,0,0,0,0,0,0,0,0,0,0,0,0,0,0,0,0,0,0,0,0,0,0,0,0,0,0,0,0,0,3,0,0,4,0,0,0,0,14
SAL20659,7,0,0,0,0,0,0,3,12,7,0,0,0,0,0,0,5,11,9,0,3,0,0,0,0,6,15,5,0,6,0,0,0,0,0,4,0,0,3,3,0,0,0,0,11,6,0,3,4,0,0,0,0,10,0,0,4,0,0,0,0,0,14,3,0,0,4,4,0,0,3,16,3,0,4,3,4,0,0,0,18,0,0,3,4,0,0,0,0,19,0,0,10,7,3,0,0,3,25,0,0,3,0,0,0,0,0,7,0,0,0,0,0,0,0,0,7,0,0,0,0,0,0,0,0,0,0,0,0,0,0,0,0,0,0,35,10,42,34,16,6,0,27,169
SAL20660,4,0,0,0,0,0,0,0,4,3,0,0,0,0,0,0,0,3,0,0,0,0,0,0,0,0,0,0,0,0,0,0,0,0,0,7,0,0,0,0,0,0,0,0,0,0,0,0,0,0,0,0,0,0,0,0,0,0,0,0,0,0,0,0,0,0,0,0,0,0,0,0,0,0,0,0,0,0,0,0,5,0,0,0,0,0,0,0,0,5,0,0,0,0,0,0,0,0,9,0,0,0,0,0,0,0,0,0,0,0,0,0,0,0,0,0,0,0,0,0,0,0,0,0,0,0,0,0,0,0,0,0,0,0,0,7,0,0,6,0,0,0,3,27
SAL20661,1742,10,0,0,0,0,0,210,1960,1803,113,40,9,0,0,0,144,2109,1437,479,266,83,22,4,0,161,2455,841,844,1017,327,96,19,7,161,3310,446,711,1363,459,162,40,25,176,3387,275,376,985,467,182,61,33,120,2490,230,228,652,389,163,69,49,71,1857,180,178,625,382,157,59,61,90,1721,128,163,509,337,179,65,56,69,1506,101,99,424,269,114,44,62,45,1154,56,83,292,240,113,52,59,36,921,36,54,194,164,67,34,62,28,630,20,25,104,75,46,26,44,29,362,7,9,44,50,43,22,35,27,232,0,10,25,34,23,20,42,50,213,7298,3373,6535,3277,1353,515,538,1420,24300
SAL20662,535,3,0,0,0,0,0,64,600,589,61,26,5,0,0,0,72,756,452,151,80,32,7,8,0,85,814,319,209,227,72,29,4,3,82,942,153,146,257,110,43,10,14,69,806,106,102,245,107,39,17,20,39,673,94,106,195,125,50,26,28,60,685,97,82,213,116,56,20,25,54,657,76,62,177,137,79,22,11,45,613,46,54,178,136,64,25,20,37,558,28,39,174,123,44,15,9,28,458,19,32,140,94,39,9,10,39,389,14,18,70,58,27,14,10,22,237,3,13,45,42,26,15,10,12,168,12,9,22,30,15,16,20,20,145,2535,1091,2051,1189,511,208,175,735,8495
SAL20663,725,6,0,0,0,0,0,75,808,647,66,22,0,0,0,0,49,783,414,201,127,42,7,0,0,71,860,272,362,369,86,32,0,3,63,1191,156,261,649,163,76,18,17,63,1401,74,149,419,169,64,30,17,32,964,61,98,254,127,50,29,28,27,679,43,78,220,109,46,21,22,23,567,39,34,141,81,53,10,11,13,385,18,28,116,68,28,16,10,21,301,21,32,99,69,30,14,7,11,276,24,31,131,91,48,11,10,26,377,10,22,105,72,32,9,7,16,285,12,13,57,64,38,6,10,20,214,9,17,51,63,41,19,18,32,249,2526,1386,2759,1214,546,206,158,539,9340
SAL20664,782,4,0,0,0,0,0,74,860,665,43,13,0,0,0,0,66,793,449,167,123,31,12,0,0,56,844,295,275,322,107,27,16,4,53,1094,131,243,532,186,67,28,18,48,1255,89,135,420,157,59,32,20,24,935,68,128,333,148,76,32,34,20,839,53,98,251,136,63,29,23,27,679,51,65,242,117,51,20,16,17,579,41,55,176,124,49,12,15,26,484,12,28,128,80,34,13,7,13,318,7,18,86,77,25,7,3,8,243,4,18,50,40,22,10,6,8,171,3,3,27,16,17,6,12,7,93,0,5,8,14,7,0,12,7,60,2661,1292,2709,1243,511,222,167,452,9252
SAL20665,78,0,0,0,0,0,0,12,88,84,4,3,0,0,0,0,7,102,105,40,17,3,0,0,0,4,165,55,32,45,13,0,0,0,3,153,21,18,50,19,9,0,0,9,127,15,12,31,27,5,0,0,4,86,21,12,40,14,6,0,0,5,100,8,13,37,24,7,0,0,3,95,3,13,43,16,12,0,0,8,106,9,0,34,27,5,0,7,0,87,5,3,36,17,8,4,4,3,82,4,3,23,12,12,0,0,3,53,0,0,15,9,9,0,0,6,38,3,0,3,4,3,0,0,4,14,0,0,0,0,0,0,0,0,7,413,166,369,186,75,17,10,69,1303
SAL20666,475,4,0,0,0,0,0,48,521,475,48,11,3,0,0,0,38,578,459,180,109,28,10,4,0,46,835,262,313,365,89,22,3,4,53,1112,146,232,446,147,44,14,12,37,1072,85,144,289,122,42,14,21,27,743,78,89,196,111,37,8,21,26,568,64,61,146,89,36,23,22,17,464,38,48,160,84,34,17,8,14,414,24,48,119,78,33,12,3,18,339,27,39,93,76,26,10,11,16,291,11,11,87,64,26,17,8,14,242,4,9,44,25,14,5,0,7,119,10,5,20,21,8,0,6,4,85,0,12,35,24,10,4,5,15,103,2144,1235,2118,966,352,134,130,388,7470
SAL20667,0,0,0,0,0,0,0,0,0,0,0,0,0,0,0,0,0,0,0,0,0,0,0,0,0,0,0,0,0,0,0,0,0,0,0,0,0,0,0,0,0,0,0,0,0,0,0,0,0,0,0,0,0,0,0,0,0,0,0,0,0,0,0,0,0,0,0,0,0,0,0,0,0,0,0,0,0,0,0,0,0,0,0,0,0,0,0,0,0,0,0,0,0,0,0,0,0,0,0,0,0,0,0,0,0,0,0,5,0,0,0,0,0,0,0,0,0,0,0,0,0,0,0,0,0,0,0,0,0,0,0,0,0,0,0,3,3,4,0,0,0,0,0,15
SAL20668,0,0,0,0,0,0,0,0,0,0,0,0,0,0,0,0,0,0,0,0,0,0,0,0,0,0,0,0,0,0,0,0,0,0,0,0,0,0,0,0,0,0,0,0,0,0,0,0,0,0,0,0,0,3,0,0,0,0,0,0,0,0,6,0,0,0,0,0,0,0,0,0,0,0,0,0,0,0,0,0,0,0,0,0,0,0,0,0,0,0,0,0,0,0,0,0,0,0,0,6,0,0,0,0,0,0,0,0,0,0,0,5,0,0,0,0,4,0,0,0,0,0,0,0,0,0,0,0,0,0,0,0,0,0,0,5,0,5,4,0,0,0,0,15
SAL20669,0,0,0,0,0,0,0,3,6,0,0,0,0,0,0,0,0,0,5,0,0,0,0,0,0,0,7,0,0,3,0,0,0,0,0,3,0,0,0,0,0,0,0,0,0,0,0,0,0,0,0,0,0,8,5,0,0,0,0,0,0,0,4,0,0,3,0,0,0,0,0,3,0,0,5,0,0,0,0,0,7,0,0,0,0,0,0,0,0,5,4,0,6,5,0,0,0,0,9,0,0,5,5,0,0,0,0,12,0,0,0,0,0,0,0,0,0,0,0,0,0,0,0,0,0,0,0,0,0,0,0,0,0,0,0,17,4,23,8,6,0,0,8,69
SAL20670,26,0,0,0,0,0,0,0,26,81,0,0,0,0,0,0,3,82,189,9,0,0,0,0,0,17,213,153,16,4,0,0,0,0,3,181,72,16,7,0,0,0,0,5,100,34,13,16,0,0,0,0,0,65,21,14,18,3,0,0,0,0,63,21,5,18,3,3,0,0,5,49,13,5,18,4,0,0,0,5,44,10,9,11,10,0,0,0,0,42,4,5,11,0,0,0,0,0,18,3,0,8,0,0,0,0,0,20,0,4,4,0,0,0,0,0,16,0,0,0,3,4,0,0,0,11,0,0,3,0,0,0,0,0,3,632,93,125,27,8,0,3,42,933
SAL20671,0,0,0,0,0,0,0,0,0,3,0,0,0,0,0,0,0,3,0,0,0,0,0,0,0,0,4,0,0,0,0,0,0,0,0,5,3,0,0,0,0,0,0,0,7,0,0,0,0,0,0,0,0,0,0,0,0,0,0,0,0,0,6,0,0,0,0,0,0,0,0,6,0,0,0,0,0,0,0,3,8,0,0,0,5,0,0,0,0,10,0,0,0,0,0,0,0,0,8,0,0,0,0,3,0,0,0,5,0,0,0,0,0,0,0,0,5,0,0,0,4,0,0,3,0,8,0,0,0,0,0,0,0,0,0,19,9,13,20,7,4,4,4,74
SAL20672,67,0,0,0,0,0,0,5,71,42,3,0,0,0,0,0,9,49,28,19,15,4,0,0,0,5,71,20,14,21,13,0,0,0,5,82,20,8,29,19,3,0,0,11,88,14,13,22,19,4,0,3,10,91,16,14,34,19,9,7,0,13,99,17,14,40,20,6,4,0,14,111,20,9,41,23,12,7,0,6,119,23,11,50,31,16,3,3,16,140,19,15,45,31,12,3,3,16,148,24,0,40,29,18,6,3,7,125,9,6,24,26,8,0,3,15,89,0,0,15,19,4,14,7,13,72,7,4,7,18,12,0,7,24,81,327,133,379,263,101,45,34,158,1441
SAL20673,0,0,0,0,0,0,0,0,4,0,0,0,0,0,0,0,0,0,0,0,0,0,0,0,0,0,0,0,0,0,0,0,0,0,0,6,0,0,0,4,0,0,0,0,4,0,0,0,0,0,0,0,0,0,0,0,0,0,0,0,0,0,0,0,0,0,0,0,0,0,0,0,0,0,0,0,0,0,0,0,0,0,0,0,0,0,0,0,0,0,0,0,0,0,0,0,0,0,0,0,0,0,0,0,0,0,0,0,0,0,0,0,0,0,0,0,0,0,0,0,0,0,0,0,0,0,0,0,0,0,0,0,0,0,0,3,4,0,10,0,0,0,0,22
SAL20674,92,4,0,0,0,0,0,16,108,61,4,0,0,0,0,0,4,77,51,26,15,5,0,0,0,4,104,37,32,30,12,6,0,0,0,124,25,22,47,16,5,0,4,10,118,19,16,45,16,4,5,0,7,107,17,17,45,20,7,3,0,8,119,28,17,39,31,11,0,4,14,135,14,13,42,25,7,0,0,10,111,16,10,41,28,10,0,0,7,115,11,8,33,28,8,3,0,5,97,13,12,25,18,9,9,0,6,77,7,0,19,11,14,5,0,4,55,0,0,3,7,3,3,0,5,22,0,0,0,0,0,4,5,6,16,385,179,377,223,80,31,17,90,1372
SAL20675,0,0,0,0,0,0,0,0,0,0,0,0,0,0,0,0,0,0,0,0,0,0,0,0,0,0,0,0,0,0,0,0,0,0,0,0,0,0,0,0,0,0,0,0,0,0,0,0,0,0,0,0,0,0,0,0,0,0,0,0,0,0,0,0,0,0,0,0,0,0,0,0,0,0,0,0,0,0,0,0,0,0,0,0,0,0,0,0,0,0,0,0,0,0,0,0,0,0,0,0,0,0,0,0,0,0,0,0,0,0,0,0,0,0,0,0,0,0,0,0,0,0,0,0,0,0,0,0,0,0,0,0,0,0,0,0,0,0,0,0,0,0,0,0
SAL20676,0,0,0,0,0,0,0,0,0,0,0,0,0,0,0,0,0,0,0,0,0,0,0,0,0,0,0,0,0,0,0,0,0,0,0,0,0,0,0,0,0,0,0,0,0,0,0,0,0,0,0,0,0,0,0,0,0,0,0,0,0,0,0,0,0,0,0,0,0,0,0,0,0,0,0,0,0,0,0,0,0,0,0,0,0,0,0,0,0,0,0,0,0,0,0,0,0,0,5,0,0,0,0,0,0,0,0,0,0,0,0,0,0,0,0,0,0,0,0,0,0,0,0,0,0,0,0,0,0,0,0,0,0,0,0,0,0,4,0,0,0,0,0,4
SAL20677,0,0,0,0,0,0,0,0,0,0,0,0,0,0,0,0,0,0,0,0,0,0,0,0,0,0,0,0,0,0,0,0,0,0,0,0,0,0,0,0,0,0,0,0,0,0,0,0,0,0,0,0,0,0,0,0,0,0,0,0,0,0,0,0,0,0,0,0,0,0,0,6,0,0,0,0,0,0,0,0,0,0,0,0,0,0,0,0,0,0,0,0,0,0,0,0,0,0,3,0,0,0,0,0,0,0,0,0,0,0,0,0,0,0,0,0,0,0,0,0,0,0,0,0,0,0,0,0,0,0,0,0,0,0,0,6,0,7,3,0,0,0,0,11
SAL20678,4,0,0,0,0,0,0,0,4,0,0,0,0,0,0,0,3,3,3,0,0,0,0,0,0,0,0,0,0,0,0,0,0,0,0,3,6,0,4,0,0,0,0,0,10,0,0,0,3,0,0,0,0,3,0,0,0,3,0,0,0,0,9,0,0,0,9,0,0,0,0,8,5,0,3,7,5,0,0,0,14,4,0,0,0,0,0,0,0,7,0,3,4,7,0,0,0,0,12,0,0,0,5,0,0,0,0,7,0,0,0,0,0,0,0,0,4,0,0,0,0,0,0,0,0,0,0,0,0,0,0,0,0,0,0,24,9,12,29,11,0,7,6,96
SAL20679,0,0,0,0,0,0,0,0,0,0,0,0,0,0,0,0,3,3,3,0,0,0,0,0,0,0,10,0,0,0,0,0,0,0,0,0,0,0,0,0,0,0,0,0,4,0,0,0,0,0,0,0,0,0,0,0,3,0,0,0,0,0,8,0,0,0,6,3,0,0,0,14,0,0,4,0,3,0,0,0,12,0,0,0,6,4,0,0,0,8,0,0,0,0,4,0,0,0,5,0,0,3,0,0,0,0,0,9,0,0,0,0,0,0,0,0,5,0,0,0,0,0,0,0,0,0,0,0,0,0,0,0,0,0,0,16,5,12,6,11,4,0,12,68
SAL20680,3,0,0,0,0,0,0,0,3,0,0,0,0,0,0,0,0,0,0,0,0,0,0,0,0,0,0,0,0,0,0,0,0,0,0,0,0,0,0,0,0,0,0,0,0,0,0,0,0,0,0,0,0,4,0,0,0,0,0,0,0,0,3,0,3,0,3,0,0,0,0,3,0,0,0,0,0,0,0,0,0,3,0,0,0,0,0,0,4,6,0,0,3,0,0,0,0,0,4,0,0,0,0,0,0,0,0,0,0,0,0,0,0,0,0,0,6,0,0,0,0,0,0,0,0,0,0,0,0,0,0,0,0,0,0,4,6,7,3,4,0,0,0,30
SAL20681,6,0,0,0,0,0,0,0,6,0,0,0,0,0,0,0,0,0,0,0,0,0,0,0,0,0,0,0,0,0,0,0,0,0,0,3,0,0,0,0,0,0,0,0,0,0,0,0,0,0,0,0,0,0,0,0,0,0,0,0,0,0,0,5,0,0,5,4,0,0,0,7,0,0,0,0,0,0,0,0,4,0,0,0,0,0,0,0,0,4,0,0,0,0,0,0,0,0,0,0,0,0,0,0,0,0,0,0,0,0,0,0,0,0,0,0,0,0,0,0,0,0,0,0,0,0,0,0,0,0,0,0,0,0,0,11,0,10,7,0,0,0,0,30
SAL20682,624,0,0,0,0,0,0,40,660,667,33,9,0,0,0,0,55,757,680,121,64,18,3,0,0,59,949,543,285,245,66,9,0,0,53,1200,315,246,427,133,29,8,6,43,1207,208,160,357,125,34,8,7,27,922,194,167,324,151,27,18,17,33,932,165,123,328,198,48,14,4,34,914,115,119,323,163,62,17,10,37,850,112,99,288,192,66,8,7,27,803,89,100,271,208,68,22,7,24,785,55,96,325,223,78,21,7,42,853,47,48,241,180,84,23,8,43,675,31,38,146,139,75,30,15,39,522,37,50,160,142,104,43,34,58,625,3876,1688,3507,1939,694,213,120,611,12652
SAL20683,166,0,0,0,0,0,0,3,168,145,0,0,0,0,0,0,3,150,79,12,3,0,0,0,0,0,99,48,26,39,5,0,0,0,4,126,26,30,64,18,0,0,0,7,149,7,25,62,36,12,0,0,0,151,10,31,96,39,6,0,0,0,184,20,15,114,46,10,0,0,10,218,20,13,109,58,13,0,0,5,219,9,14,67,59,12,5,0,0,168,8,12,69,44,9,0,0,9,152,8,10,42,29,5,0,0,3,97,6,3,30,16,6,3,4,0,72,0,4,13,3,3,0,0,4,34,5,0,14,0,4,0,0,3,26,552,198,737,365,95,11,9,43,2010
SAL20684,213,0,0,0,0,0,0,8,228,206,0,0,0,0,0,0,10,221,162,25,11,4,0,0,0,9,208,114,75,56,16,0,0,0,10,278,73,66,139,39,10,0,0,12,339,42,42,100,59,11,4,0,8,264,37,43,117,56,13,0,0,6,271,30,41,132,65,15,0,0,7,288,34,36,128,73,12,3,0,11,303,22,29,127,80,19,5,0,3,287,21,27,83,55,17,3,4,4,226,10,18,72,53,18,6,0,14,193,6,10,43,36,10,3,4,15,120,0,0,26,19,18,11,3,8,91,4,9,24,17,13,10,3,30,97,985,423,1067,569,150,42,22,153,3410
SAL20685,99,0,0,0,0,0,0,11,107,111,0,6,0,0,0,0,8,120,110,17,12,0,0,0,0,11,152,66,55,41,6,3,0,0,10,188,40,39,75,22,3,0,0,3,184,28,25,69,32,11,0,0,8,168,31,32,77,25,3,3,0,10,183,16,14,71,33,3,5,5,6,152,19,20,63,31,9,0,3,3,150,17,26,42,34,11,0,0,8,131,8,17,57,28,12,6,0,0,126,9,13,59,33,17,0,0,0,134,4,9,27,18,20,5,4,0,80,3,7,14,19,8,4,3,4,54,0,0,13,16,5,4,0,3,41,556,254,626,300,112,35,13,76,1972
SAL20686,0,0,0,0,0,0,0,0,0,0,0,0,0,0,0,0,0,0,0,0,0,0,0,0,0,0,0,0,0,0,0,0,0,0,0,0,0,0,0,0,0,0,0,0,0,0,0,0,0,0,0,0,0,0,0,0,0,0,0,0,0,0,0,0,0,0,0,0,0,0,0,0,0,0,0,0,0,0,0,0,0,0,0,0,0,0,0,0,0,0,0,0,0,0,0,0,0,0,0,0,0,0,0,0,0,0,0,0,0,0,0,0,0,0,0,0,0,0,0,0,0,0,0,0,0,0,0,0,0,0,0,0,0,0,0,0,0,3,0,0,0,0,0,6
SAL20687,11,0,0,0,0,0,0,0,11,6,0,0,0,0,0,0,0,4,9,0,0,0,0,0,0,0,6,0,0,0,0,0,0,0,0,6,0,0,9,0,0,0,0,0,13,0,0,3,3,0,0,0,0,11,0,0,7,3,0,0,0,0,16,0,0,9,3,7,0,0,0,15,0,0,0,0,0,0,0,0,5,0,0,4,0,7,0,0,0,12,0,0,0,0,0,0,0,0,3,0,0,0,0,0,0,0,0,0,0,0,0,0,0,0,0,0,3,0,0,0,0,0,0,0,0,0,0,0,0,0,0,0,0,0,0,32,8,32,17,13,3,0,0,110
SAL20688,4,0,0,0,0,0,0,3,10,3,0,0,0,0,0,0,0,4,4,0,0,0,0,0,0,5,8,3,0,0,0,0,0,0,0,4,4,0,0,0,0,0,0,3,6,0,0,0,4,0,0,0,3,3,0,0,0,0,3,0,0,4,7,0,0,0,5,0,0,0,7,15,0,0,8,0,0,0,0,0,20,3,0,3,3,0,0,0,0,15,0,0,0,0,0,0,0,0,5,0,0,3,0,0,3,0,0,12,0,0,0,0,0,0,0,5,5,0,0,3,0,0,0,0,0,7,0,0,0,0,0,0,0,0,0,23,7,23,24,13,3,0,29,117
SAL20689,3,0,0,0,0,0,0,0,3,0,0,0,0,0,0,0,0,0,0,0,0,0,0,0,0,0,0,0,0,0,0,0,0,0,0,0,0,0,0,0,0,0,0,0,0,0,0,0,0,0,0,0,0,3,0,0,0,0,0,0,0,0,4,0,0,0,0,0,0,0,0,5,0,0,0,3,0,0,0,0,8,0,0,0,0,0,0,0,0,10,0,0,0,3,0,0,0,0,4,0,0,0,0,0,0,0,0,5,0,0,0,0,0,0,0,0,0,0,0,0,0,0,0,0,0,0,0,0,0,0,0,0,0,0,0,5,0,12,7,8,3,0,4,32
SAL20690,0,0,0,0,0,0,0,0,0,0,0,0,0,0,0,0,0,3,0,0,0,0,0,0,0,0,0,0,0,0,0,0,0,0,0,0,0,0,0,0,0,0,0,0,0,0,0,0,0,0,0,0,0,0,0,0,0,0,0,0,0,0,0,0,0,0,0,0,0,0,0,4,0,0,0,0,0,0,0,0,0,0,0,0,0,0,0,0,0,0,0,0,0,0,3,0,0,0,3,0,0,0,0,0,0,0,0,0,0,0,0,0,0,0,0,0,0,0,0,0,0,0,0,0,0,0,0,0,0,0,0,0,0,0,0,0,0,4,0,3,0,0,0,14
SAL20691,0,0,0,0,0,0,0,0,0,0,0,0,0,0,0,0,0,0,0,0,0,0,0,0,0,0,0,0,3,0,0,0,0,0,0,3,0,0,0,0,0,0,0,0,6,0,0,0,0,0,0,0,0,0,0,0,0,0,0,0,0,0,0,0,0,0,0,0,0,0,0,4,0,0,0,0,0,0,0,0,0,0,0,0,0,0,0,0,0,0,0,0,0,0,0,0,0,0,0,0,0,0,0,0,0,0,0,0,0,0,0,0,0,0,0,0,0,0,0,0,0,0,0,0,0,0,0,0,0,0,0,0,0,0,0,5,3,3,0,0,0,0,0,19
SAL20692,3,0,0,0,0,0,0,0,3,0,0,0,0,0,0,0,0,5,0,0,0,0,0,0,0,0,0,0,0,0,0,0,0,0,0,0,0,0,0,0,0,0,0,0,0,0,0,0,0,0,0,0,0,3,0,0,0,0,0,0,0,0,0,0,0,0,0,0,0,0,0,5,0,0,0,0,0,0,0,0,3,0,0,0,0,0,0,0,0,5,0,0,0,4,0,0,0,0,6,0,0,0,0,0,0,0,0,0,0,0,0,0,0,0,0,0,0,0,0,0,0,0,0,0,0,0,0,0,0,0,0,0,0,0,0,4,0,9,5,6,0,0,4,26
SAL20693,0,0,0,0,0,0,0,0,0,0,0,0,0,0,0,0,0,0,0,0,0,0,0,0,0,0,0,0,0,0,0,0,0,0,0,0,0,0,0,0,0,0,0,0,0,0,0,0,0,0,0,0,0,0,0,0,0,0,0,0,0,0,0,0,0,0,0,0,0,0,0,0,0,0,0,0,0,0,0,0,0,0,0,0,0,0,0,0,0,0,0,0,0,0,0,0,0,0,4,0,0,0,0,0,0,0,0,0,0,0,0,0,0,0,0,0,0,0,0,0,0,0,0,0,0,0,0,0,0,0,0,0,0,0,0,0,0,0,5,0,0,0,0,3
SAL20694,0,0,0,0,0,0,0,0,0,0,0,0,0,0,0,0,0,0,0,0,0,0,0,0,0,0,0,0,0,0,0,0,0,0,0,0,0,0,0,0,0,0,0,0,0,0,0,0,0,0,0,0,0,0,0,0,0,0,0,0,0,0,0,0,0,0,0,0,0,0,0,0,0,0,0,0,0,0,0,0,0,0,0,0,0,0,0,0,0,0,0,0,0,0,0,0,0,0,0,0,0,0,0,0,0,0,0,0,0,0,0,0,0,0,0,0,0,0,0,0,0,0,0,0,0,0,0,0,0,0,0,0,0,0,0,3,0,0,0,0,0,0,0,4
SAL20695,0,0,0,0,0,0,0,0,0,0,0,0,0,0,0,0,0,0,0,0,0,0,0,0,0,0,0,0,0,0,0,0,0,0,0,0,0,0,0,0,0,0,0,0,0,0,0,0,0,0,0,0,0,0,0,0,0,0,0,0,0,0,0,0,0,0,0,0,0,0,0,0,0,0,0,0,0,0,0,0,0,0,0,0,0,0,0,0,0,0,0,0,0,0,0,0,0,0,0,0,0,0,0,0,0,0,0,0,0,0,0,0,0,0,0,0,0,0,0,0,0,0,0,0,0,0,0,0,0,0,0,0,0,0,0,0,3,3,0,0,0,0,0,6
SAL20696,0,0,0,0,0,0,0,0,0,0,0,0,0,0,0,0,0,0,4,0,0,0,0,0,0,0,4,0,0,4,0,0,0,0,0,8,0,0,0,3,0,0,0,0,3,0,3,0,0,0,0,0,0,3,0,0,4,0,0,0,0,0,3,0,0,3,0,0,0,0,0,4,0,0,4,3,3,0,0,0,5,0,0,0,0,0,0,0,0,0,0,0,4,5,0,0,0,0,5,0,0,0,0,0,0,0,0,0,0,0,0,0,0,0,0,0,0,0,0,0,0,0,0,0,0,0,0,0,0,0,0,0,0,0,0,8,4,14,9,5,0,0,7,43
SAL20697,128,0,0,0,0,0,0,6,126,91,3,0,0,0,0,0,0,97,102,32,17,9,3,0,0,3,163,58,41,63,15,6,4,0,3,192,45,25,63,43,11,4,0,10,193,17,27,54,34,4,5,0,8,144,20,23,43,33,9,0,0,0,131,14,10,42,19,9,0,5,0,95,8,13,56,25,7,7,0,3,116,8,15,55,39,11,5,0,0,136,16,3,42,28,11,0,0,0,102,3,12,41,22,5,0,0,6,88,0,0,15,18,6,0,4,5,52,0,3,5,3,3,3,0,0,23,0,0,4,4,0,0,3,0,16,513,206,491,295,91,25,11,56,1685
SAL20698,0,0,0,0,0,0,0,0,0,0,0,0,0,0,0,0,0,0,3,0,0,0,0,0,0,0,3,0,0,0,0,0,0,0,0,0,0,0,0,0,0,0,0,0,0,0,0,0,0,0,0,0,0,0,0,0,0,0,0,0,0,0,0,0,0,0,0,0,0,0,0,0,0,0,0,0,0,0,0,0,0,0,0,0,0,0,0,0,0,6,0,0,0,0,0,0,0,0,0,0,0,0,0,0,0,0,0,0,0,0,0,0,0,0,0,0,0,0,0,0,0,0,0,0,0,0,0,0,0,0,0,0,0,0,0,4,0,6,0,0,0,0,0,8
SAL20699,0,0,0,0,0,0,0,0,0,0,0,0,0,0,0,0,0,0,0,0,0,0,0,0,0,0,0,0,0,0,0,0,0,0,0,0,0,0,0,0,0,0,0,0,0,0,0,0,0,0,0,0,0,0,0,0,0,0,0,0,0,0,0,0,0,0,0,0,0,0,0,0,0,0,0,0,0,0,0,0,0,0,0,0,0,3,0,0,0,3,0,0,0,4,0,0,0,0,5,0,0,0,3,0,0,0,0,5,0,0,0,0,0,0,0,0,0,0,0,0,3,0,0,0,0,3,0,0,0,0,0,0,0,0,0,8,3,6,5,4,0,0,0,27
SAL20700,14,0,0,0,0,0,0,0,13,3,0,0,0,0,0,0,5,3,7,0,0,0,0,0,0,0,8,0,0,0,0,0,0,0,0,8,0,0,0,0,3,0,0,0,8,0,4,3,4,0,5,0,0,10,0,0,10,6,3,0,0,0,13,4,4,5,4,0,0,0,0,14,4,0,0,8,0,0,0,0,18,0,0,3,0,0,0,0,0,8,0,3,4,10,0,0,0,0,23,0,0,5,3,0,0,0,0,17,0,0,3,3,0,0,0,0,12,0,0,0,0,4,0,0,0,4,0,0,0,0,3,0,0,0,3,35,12,44,40,17,5,3,11,169
SAL20701,7,0,0,0,0,0,0,0,9,3,0,0,0,0,0,0,4,4,5,0,4,0,0,0,0,0,11,0,4,5,0,0,0,0,0,13,4,0,0,4,3,0,0,0,14,3,3,12,8,0,0,0,0,22,5,3,0,3,0,0,0,0,19,0,0,4,0,0,0,0,3,14,0,0,3,10,0,0,0,0,11,0,0,9,5,0,0,0,0,12,0,0,0,4,0,0,0,0,3,0,4,7,0,3,0,0,0,15,0,0,0,0,0,0,0,0,4,0,0,0,0,0,0,0,0,0,0,0,0,0,0,0,0,0,0,36,17,50,26,6,0,0,9,148
SAL20702,202,0,0,0,0,0,0,42,243,187,23,6,0,0,0,0,25,246,106,31,27,20,4,5,0,26,215,57,25,58,44,19,14,9,30,247,28,22,57,48,28,17,10,11,227,22,7,45,39,18,13,11,18,175,26,14,51,41,23,9,13,25,207,20,12,53,41,21,13,10,22,191,25,17,35,45,25,7,7,24,179,21,16,33,28,19,13,16,10,154,7,10,33,21,19,0,10,16,120,5,11,22,33,23,13,8,11,128,0,3,23,23,17,4,4,16,105,0,3,19,15,12,7,3,4,63,0,3,13,16,17,6,11,8,68,701,211,481,422,244,115,109,289,2571
SAL20703,3,0,0,0,0,0,0,3,5,4,0,0,0,0,0,0,0,4,0,0,0,0,0,0,0,5,4,4,0,0,0,0,0,0,0,4,0,0,0,0,0,0,0,0,0,0,0,0,0,0,0,0,0,0,0,0,3,0,0,0,0,6,6,3,0,6,0,0,0,0,0,13,0,0,5,0,0,0,0,0,3,0,0,0,0,0,0,0,0,4,0,0,0,0,0,0,0,0,0,0,0,0,4,0,0,0,0,0,0,0,0,0,0,0,0,0,3,0,0,0,0,0,0,0,0,0,0,0,0,0,0,0,0,0,0,15,3,17,8,5,0,0,14,60
SAL20704,0,0,0,0,0,0,0,0,0,3,0,0,0,0,0,0,0,3,0,0,0,0,0,0,0,0,0,0,0,0,0,0,0,0,0,0,0,0,0,0,0,0,0,0,0,0,0,0,0,0,0,0,0,0,0,0,0,0,0,0,0,0,0,0,0,0,4,0,0,0,0,3,0,0,0,6,0,0,0,0,6,0,0,0,0,0,0,0,0,3,0,0,0,4,0,0,0,0,3,0,0,0,0,0,0,0,0,0,0,0,0,0,0,0,0,0,0,0,0,0,0,0,0,0,0,0,0,0,0,0,0,0,0,0,0,7,0,7,8,0,0,0,0,28
SAL20705,0,0,0,0,0,0,0,0,0,0,0,0,0,0,0,0,0,0,0,0,0,0,0,0,0,0,0,0,0,0,0,0,0,0,0,0,0,0,0,0,0,0,0,0,0,0,0,0,0,0,0,0,0,0,0,0,0,0,0,0,0,0,0,0,0,0,0,0,0,0,0,0,0,0,0,0,0,0,0,0,0,0,0,0,0,0,0,0,0,0,0,0,0,0,0,0,0,0,0,0,0,0,0,0,0,0,0,0,0,0,0,0,0,0,0,0,0,0,0,0,0,0,0,0,0,0,0,0,0,0,0,0,0,0,0,0,0,0,0,0,0,0,0,0
SAL20706,9,0,0,0,0,0,0,0,12,16,3,0,0,0,0,0,0,21,13,0,5,0,0,0,0,0,24,13,5,12,3,4,0,0,0,41,4,8,13,5,0,0,0,5,36,11,3,8,6,0,0,0,0,35,4,3,5,10,0,0,0,4,26,0,5,9,5,0,0,0,4,25,5,0,7,9,8,0,0,0,31,3,6,6,11,8,0,0,0,40,0,0,7,6,5,0,0,3,35,0,0,3,3,0,0,0,0,12,0,0,4,0,0,0,0,0,9,0,0,0,0,0,0,0,0,6,0,0,0,0,0,0,0,0,3,92,43,82,63,29,6,5,34,349
SAL20707,634,3,0,0,0,0,0,114,754,831,88,39,3,0,0,0,124,1093,821,229,136,62,14,4,3,121,1398,493,338,247,122,53,9,4,126,1394,248,201,314,188,76,29,16,105,1169,155,135,253,143,73,29,30,100,930,134,104,185,123,65,41,34,70,751,111,98,188,105,46,29,30,62,659,100,108,193,97,51,20,21,61,650,81,97,204,110,45,19,32,50,646,76,80,160,94,40,21,15,53,537,55,59,136,100,36,14,16,46,463,30,33,109,71,36,18,16,41,351,19,31,95,64,42,22,17,42,332,35,31,87,90,54,25,40,35,391,3830,1635,2342,1375,631,280,272,1157,11520
SAL20708,553,3,0,0,0,0,0,65,624,543,21,11,3,3,0,0,56,635,480,111,68,17,4,0,0,75,750,271,213,174,53,12,11,0,57,787,166,154,288,100,40,12,4,64,829,98,111,261,129,48,29,15,40,726,85,122,229,109,43,17,15,43,659,85,90,239,132,49,20,16,49,681,66,82,254,142,30,15,11,34,641,58,85,260,145,57,22,9,39,666,44,78,237,147,55,25,8,44,625,34,74,215,156,47,27,7,33,586,20,30,161,99,57,20,12,34,439,13,22,83,79,30,16,10,22,277,12,35,85,74,32,23,26,47,328,2538,1230,2539,1378,514,219,134,711,9259
SAL20709,0,0,0,0,0,0,0,0,0,0,0,0,0,0,0,0,0,4,4,0,0,0,0,0,0,0,4,0,0,0,0,0,0,0,0,4,0,0,0,0,0,0,0,0,3,0,0,0,0,0,0,0,0,0,4,0,6,0,0,0,0,0,5,0,0,0,0,0,0,0,0,4,0,0,0,0,0,0,0,0,0,0,0,0,0,0,0,0,0,3,0,0,0,0,0,0,0,0,0,0,0,3,0,0,0,0,0,3,0,0,0,0,0,0,0,0,5,0,0,0,0,0,0,0,0,0,0,0,0,0,0,0,0,0,0,13,3,9,6,4,0,0,4,38
SAL20710,0,0,0,0,0,0,0,0,0,0,0,0,0,0,0,0,0,0,0,0,0,0,0,0,0,0,0,0,0,0,0,0,0,0,0,0,0,0,0,0,0,0,0,0,0,0,0,0,0,0,0,0,0,0,0,0,0,0,0,0,0,0,0,0,0,0,0,0,0,0,0,0,0,0,0,0,0,0,0,0,0,0,0,0,0,0,0,0,0,0,0,0,0,0,0,0,0,0,0,0,0,0,0,0,0,0,0,0,0,0,0,0,0,0,0,0,0,0,0,0,0,0,0,0,0,0,0,0,0,0,0,0,0,0,0,0,0,0,0,0,0,0,0,0
SAL20711,0,0,0,0,0,0,0,0,0,0,0,0,0,0,0,0,0,0,0,0,0,0,0,0,0,0,0,0,0,0,0,0,0,0,0,4,0,0,0,0,0,0,0,0,0,0,0,5,0,0,0,0,0,3,0,0,0,0,0,0,0,0,0,0,0,0,0,0,0,0,0,0,0,0,0,0,0,0,0,0,7,0,0,5,0,0,0,0,0,5,0,0,5,0,0,0,0,7,9,3,0,0,3,0,0,0,0,7,0,0,0,0,0,0,0,0,0,0,0,0,0,0,0,0,0,0,0,0,0,0,0,0,0,0,0,6,4,11,6,3,0,0,9,44
SAL20712,284,0,0,0,0,0,0,26,307,232,12,0,5,0,0,0,11,260,168,41,34,10,0,0,0,12,268,111,64,117,28,6,5,0,12,348,52,48,147,55,12,5,3,12,333,43,41,126,65,19,12,0,14,314,37,39,137,65,33,5,3,13,328,27,47,130,69,23,13,3,12,324,19,29,119,93,19,10,3,12,307,23,35,110,81,30,11,0,7,299,18,21,73,74,30,0,3,8,222,15,17,79,38,14,4,0,13,185,10,7,30,28,18,0,0,5,110,0,5,11,13,9,7,5,6,60,0,10,16,26,21,10,3,3,98,1039,412,1131,647,243,78,40,169,3762
SAL20713,0,0,0,0,0,0,0,0,0,0,0,0,0,0,0,0,0,0,0,0,0,0,0,0,0,0,0,0,0,0,0,0,0,0,0,0,0,0,0,0,0,0,0,0,0,0,0,0,0,0,0,0,0,0,0,0,0,0,0,0,0,0,0,3,0,0,0,0,0,0,0,5,0,0,0,0,0,0,0,0,0,0,0,0,0,0,0,0,0,0,0,0,0,0,0,0,0,0,0,0,0,0,0,0,0,0,0,3,0,0,0,0,0,0,0,0,0,0,0,0,0,0,0,0,0,0,0,0,0,0,0,0,0,0,0,6,0,8,4,0,0,0,0,17
SAL20714,3,0,0,0,0,0,0,0,3,4,0,0,0,0,0,0,0,4,0,0,0,0,0,0,0,0,4,0,0,0,0,0,0,0,0,0,0,0,0,0,0,0,0,0,0,0,0,0,0,0,0,0,0,0,0,0,0,0,0,0,0,0,0,0,0,4,0,0,0,0,0,10,0,0,0,0,0,0,0,0,0,0,0,0,0,0,0,0,0,3,0,0,0,0,0,0,0,4,7,0,0,0,0,0,0,0,0,0,0,0,0,0,0,0,0,0,0,0,0,0,0,0,0,0,0,0,0,0,0,0,0,0,0,0,0,7,0,5,4,3,0,0,6,34
SAL20715,25,0,0,0,0,0,0,3,31,19,0,0,0,0,0,0,0,20,7,0,0,0,0,0,0,0,11,4,3,7,4,0,0,0,0,19,6,0,9,7,0,0,0,3,27,4,3,4,6,0,4,0,5,26,4,0,10,4,4,3,0,0,28,3,4,11,11,7,0,0,0,37,3,3,4,9,4,0,0,0,24,0,3,13,9,0,0,0,0,28,0,0,0,4,8,0,0,0,14,0,5,0,4,4,5,3,0,9,0,0,3,0,0,0,0,0,11,0,0,0,4,0,0,0,0,7,0,0,0,0,0,0,0,0,0,78,21,64,63,21,14,9,29,297
SAL20716,15,0,0,0,0,0,0,0,16,7,0,0,0,0,0,0,0,6,5,0,0,0,0,0,0,0,9,3,0,0,0,0,0,0,0,10,5,3,3,0,0,0,0,0,9,0,0,3,3,0,0,0,0,13,4,4,9,4,5,0,0,0,16,3,7,6,5,0,0,0,6,17,4,0,3,3,0,0,0,4,23,3,0,4,4,0,0,0,0,14,0,0,14,4,0,0,0,0,14,0,0,3,0,0,0,0,0,11,0,0,0,0,0,0,0,0,5,0,0,0,0,0,0,0,0,0,0,0,0,0,0,0,0,0,3,49,17,41,26,12,5,0,19,166
SAL20717,0,0,0,0,0,0,0,0,0,0,0,0,0,0,0,0,0,0,0,0,0,0,0,0,0,0,0,0,0,0,0,0,0,0,0,0,0,0,0,0,0,0,0,0,0,0,0,0,0,0,0,0,0,0,0,0,0,0,0,0,0,0,0,0,0,0,0,0,0,0,0,0,0,0,0,0,0,0,0,0,0,0,0,0,0,0,0,0,0,0,0,0,0,0,0,0,0,0,0,0,0,0,0,0,0,0,0,0,0,0,0,0,0,0,0,0,0,0,0,0,0,0,0,0,0,0,0,0,0,0,0,0,0,0,0,0,0,0,0,0,0,0,0,3
SAL20718,12,0,0,0,0,0,0,0,12,4,0,0,0,0,0,0,0,3,4,0,4,0,0,0,0,0,5,0,0,3,0,0,0,0,0,3,5,0,0,0,0,0,0,0,8,3,0,6,0,0,0,0,0,9,0,0,4,4,0,0,0,0,9,0,0,7,0,0,0,0,0,13,5,0,5,3,0,0,0,0,11,0,0,5,4,0,0,0,0,15,0,0,8,0,0,0,0,3,15,0,4,6,0,0,0,0,0,7,3,0,0,3,0,0,0,0,7,0,0,0,0,0,0,0,0,3,0,0,0,0,0,0,0,0,4,34,9,39,19,7,3,0,11,124
SAL20719,3,0,0,0,0,0,0,0,3,0,0,0,0,0,0,0,0,0,0,0,0,0,0,0,0,0,0,0,0,0,0,0,0,0,0,0,0,0,0,0,0,0,0,3,7,0,0,0,0,0,0,0,0,0,0,0,0,0,0,0,0,0,0,0,0,0,0,0,0,0,0,0,0,0,0,6,0,0,0,0,6,0,0,4,0,0,0,0,0,4,0,0,4,0,0,0,0,0,14,0,0,0,0,0,0,0,3,5,0,0,0,0,0,0,0,0,3,0,0,0,0,0,0,0,0,0,0,0,0,0,0,0,0,0,0,12,8,8,3,5,0,0,13,47
SAL20720,0,0,0,0,0,0,0,0,0,0,0,0,0,0,0,0,0,0,0,0,0,0,0,0,0,0,0,0,0,0,0,0,0,0,0,0,0,0,0,0,0,0,0,0,4,0,0,0,0,0,0,0,0,0,0,0,0,0,0,0,0,0,0,0,0,0,0,0,0,0,0,0,0,0,0,0,0,0,0,0,0,0,0,0,0,0,0,0,0,4,0,0,3,0,0,0,0,0,5,0,0,0,0,0,0,0,0,0,0,0,0,0,0,0,0,0,0,0,0,0,0,0,0,0,0,0,0,0,0,0,0,0,0,0,0,0,0,4,6,0,0,0,4,22
SAL20721,33,0,0,0,0,0,0,6,41,30,0,0,0,0,0,0,6,30,43,0,3,3,0,0,0,3,55,32,13,9,0,0,0,0,9,76,18,15,14,11,3,0,0,5,60,22,15,25,7,0,0,0,8,83,33,11,15,12,3,5,0,6,87,38,26,33,12,0,0,3,4,111,49,17,29,13,9,3,0,17,135,62,16,50,21,5,4,0,14,173,38,16,38,24,13,0,0,12,141,24,16,25,24,12,0,0,17,118,18,9,23,21,7,3,4,5,88,3,9,13,17,8,4,0,9,67,4,11,17,11,13,12,9,17,86,434,180,304,165,74,39,18,132,1345
SAL20722,3,0,0,0,0,0,0,5,3,0,0,0,0,0,0,0,0,0,0,0,0,0,0,0,0,0,0,0,0,0,0,0,0,0,0,0,0,0,5,0,0,0,0,0,6,0,0,3,0,0,0,0,0,3,4,0,0,3,0,0,0,0,8,0,0,0,0,0,0,0,0,3,0,4,0,0,0,0,0,0,3,0,0,0,0,0,0,0,0,6,0,0,0,6,0,0,0,0,4,0,0,0,0,0,0,0,0,0,0,0,0,0,0,0,0,0,0,0,0,0,0,0,0,0,0,0,0,0,0,0,0,0,0,0,0,10,5,8,14,0,3,4,6,44
SAL20723,10,0,0,0,0,0,0,3,12,0,0,0,0,0,0,0,0,3,5,0,0,0,0,0,0,4,9,3,3,0,0,0,0,0,4,7,0,0,4,0,0,0,0,5,9,0,0,8,3,0,0,0,3,16,5,0,4,0,0,0,0,0,13,3,0,5,6,0,0,0,3,15,0,0,10,0,0,0,0,0,16,6,0,8,5,3,0,0,3,19,0,0,4,7,0,0,0,0,8,3,0,0,0,3,0,0,0,8,0,0,3,6,0,0,0,0,7,0,0,0,0,0,0,0,0,0,0,0,0,4,0,0,0,0,4,45,8,42,26,6,0,0,26,160
SAL20724,22,0,0,0,0,0,0,0,22,27,0,0,0,0,0,0,3,33,25,8,3,0,0,0,0,0,32,19,3,10,6,0,0,0,3,38,4,8,17,9,0,0,0,0,36,0,4,11,7,5,0,0,0,35,0,4,3,7,0,0,0,0,19,0,0,0,10,0,0,0,0,9,0,0,5,0,0,0,0,0,6,0,0,4,6,0,0,0,0,7,0,0,3,0,0,0,0,0,5,0,0,4,3,0,0,0,0,8,0,0,0,0,0,0,0,0,0,0,0,0,0,0,0,0,0,0,0,0,0,0,0,0,0,0,0,99,27,61,37,6,3,0,12,251
SAL20725,0,0,0,0,0,0,0,0,0,0,0,0,0,0,0,0,0,0,0,0,0,0,0,0,0,0,0,0,0,0,0,0,0,0,0,0,0,0,0,0,0,0,0,0,0,0,0,0,0,0,0,0,0,0,0,0,0,0,0,0,0,0,3,0,0,0,0,0,0,0,0,0,0,0,0,0,0,0,0,0,0,0,0,0,0,0,0,0,0,0,0,0,0,0,0,0,0,0,0,0,0,0,0,0,0,0,0,0,0,0,0,0,0,0,0,0,0,0,0,0,0,0,0,0,0,0,0,0,0,0,0,0,0,0,0,4,0,0,4,0,0,0,0,4
SAL20726,0,0,0,0,0,0,0,0,0,7,0,0,0,0,0,0,0,7,4,0,6,0,0,0,0,4,10,0,4,0,0,0,0,0,0,4,0,0,0,0,0,0,0,0,5,0,0,3,0,0,0,0,0,7,0,0,0,0,0,0,0,0,5,0,0,0,0,0,0,0,0,6,0,0,6,0,0,0,0,0,9,0,0,3,0,0,0,0,0,15,0,0,0,0,0,0,0,0,9,0,0,0,0,0,0,0,3,4,0,0,0,0,0,0,0,0,6,0,0,0,0,0,0,0,0,0,0,0,0,0,0,0,0,0,0,18,7,21,7,6,4,4,7,80
SAL20727,3,0,0,0,0,0,0,0,3,4,0,0,0,0,0,0,0,4,0,0,0,0,0,0,0,0,0,0,0,4,0,0,0,0,0,6,0,0,0,4,0,0,0,4,9,0,0,3,0,0,0,0,0,9,0,0,0,0,0,0,0,0,4,0,4,0,5,0,0,0,0,9,0,0,5,4,0,0,0,0,9,0,0,0,0,0,0,0,0,0,0,0,5,8,0,0,0,7,17,0,0,0,3,0,0,0,0,3,0,0,0,0,0,0,0,0,0,0,0,0,0,0,0,0,0,3,0,0,0,0,0,0,0,0,0,14,9,28,26,3,0,6,8,86
SAL20728,77,0,0,0,0,0,0,5,78,70,0,0,0,0,0,0,7,75,56,3,0,0,0,0,0,4,59,18,4,12,0,0,0,0,0,33,15,12,21,4,0,0,0,4,57,8,9,40,14,5,0,0,0,76,4,11,34,11,6,0,0,0,64,3,12,41,18,0,0,0,0,81,5,18,30,22,4,5,0,0,83,11,6,21,18,0,0,0,3,62,14,15,28,9,5,0,0,0,68,6,11,25,12,4,3,0,0,67,9,3,18,17,3,0,3,0,53,8,3,12,17,10,3,0,0,57,15,5,15,17,7,4,4,6,70,322,127,297,155,41,17,8,27,992
SAL20729,400,0,0,0,0,0,0,62,465,432,20,5,3,0,0,0,59,516,450,112,57,26,0,0,0,68,721,271,192,183,91,17,7,0,67,837,157,167,221,115,41,10,13,55,776,91,106,221,83,36,16,11,42,603,117,97,142,78,44,18,11,39,542,84,80,171,96,35,10,10,35,511,50,58,143,115,32,11,18,22,447,37,53,176,97,49,12,11,30,470,26,55,163,121,47,13,14,22,456,14,37,149,101,40,18,12,34,406,3,19,69,67,23,16,10,16,230,10,9,50,30,26,9,17,25,171,5,8,22,22,6,4,14,6,92,2147,1018,1777,1032,400,135,140,590,7242
SAL20730,153,0,0,0,0,0,0,21,171,142,16,3,4,0,0,0,17,184,107,42,20,11,0,0,0,21,206,54,45,49,30,3,0,0,12,194,22,24,54,20,7,0,5,7,145,24,15,56,31,14,4,0,15,161,21,18,55,40,10,6,4,10,147,14,17,57,44,18,4,6,12,161,18,12,65,36,15,5,5,5,156,23,10,61,35,16,0,11,8,162,19,8,68,54,31,7,3,3,185,11,9,63,32,19,10,4,8,150,8,12,31,28,17,11,0,8,106,8,0,30,15,21,3,4,11,91,7,12,33,33,17,12,14,13,137,628,239,636,411,190,63,56,167,2387
SAL20731,222,0,0,0,0,0,0,27,246,251,10,0,0,0,0,0,14,276,229,41,17,8,0,0,0,25,322,87,67,66,20,9,0,0,16,266,67,52,84,40,5,7,3,20,280,32,29,80,36,13,9,0,11,217,33,46,97,51,25,7,5,16,272,27,50,157,73,19,6,3,8,346,25,42,105,92,27,10,0,15,320,22,41,123,55,28,8,4,16,290,26,15,89,55,30,10,3,13,243,6,12,61,40,28,9,0,17,171,4,5,53,22,10,10,5,4,118,0,8,14,12,12,4,5,3,58,3,6,14,7,10,7,7,6,64,1033,431,967,512,205,73,57,210,3487
SAL20732,0,0,0,0,0,0,0,0,0,0,0,0,0,0,0,0,0,0,0,0,0,0,0,0,0,0,0,0,0,0,0,0,0,0,0,0,0,0,0,0,0,0,0,0,0,0,0,0,0,0,0,0,0,0,0,0,0,0,0,0,0,0,0,0,0,0,0,0,0,0,0,0,0,0,0,0,0,0,0,0,4,0,0,0,0,0,0,0,0,0,0,0,0,0,0,0,0,0,0,0,0,0,0,0,0,0,0,0,0,0,0,0,0,0,0,0,0,0,0,0,0,0,0,0,0,0,0,0,0,0,0,0,0,0,0,0,0,0,3,0,0,0,0,6
SAL20733,0,0,0,0,0,0,0,0,0,3,0,0,0,0,0,0,0,3,0,0,0,0,0,0,0,0,4,0,0,0,0,0,0,0,0,0,0,0,0,0,0,0,0,0,0,0,0,0,0,0,0,0,0,0,0,0,0,0,0,0,0,0,0,0,0,0,0,0,0,0,0,0,0,0,0,0,0,0,0,0,0,0,0,0,0,0,0,0,0,3,0,0,0,0,0,0,0,0,3,0,0,0,0,0,0,0,0,0,0,0,0,0,0,0,0,0,0,0,0,0,0,0,0,0,0,0,0,0,0,0,0,0,0,0,0,3,0,3,5,0,0,0,0,18
SAL20734,3,0,0,0,0,0,0,0,3,0,0,0,0,0,0,0,0,0,0,0,0,0,0,0,0,0,0,0,0,0,0,0,0,0,0,0,0,0,0,0,4,0,0,0,0,0,0,0,0,0,0,0,0,0,0,0,0,0,0,0,0,0,0,0,0,0,0,0,0,0,0,0,0,0,0,0,0,0,0,0,0,0,0,0,0,0,0,0,0,3,0,0,0,0,0,0,0,0,0,0,0,0,0,0,0,0,0,0,0,0,0,0,0,0,0,0,0,0,0,0,0,0,0,0,0,0,0,0,0,0,0,0,0,0,0,4,0,3,6,0,0,0,0,14
SAL20735,0,0,0,0,0,0,0,0,0,0,0,0,0,0,0,0,0,0,0,0,0,0,0,0,0,0,0,0,0,0,0,0,0,0,0,0,0,0,0,0,0,0,0,0,0,0,0,0,0,0,0,0,0,0,0,0,0,0,0,0,0,0,6,0,0,0,0,0,0,0,0,0,0,0,0,0,0,0,0,0,0,0,0,0,0,0,0,0,0,0,0,0,0,0,0,0,0,0,0,0,0,0,0,0,0,0,0,0,0,0,0,0,0,0,0,0,3,0,0,0,0,0,0,0,0,0,0,0,0,0,0,0,0,0,0,0,0,8,0,0,0,0,0,9
SAL20736,21,0,0,0,0,0,0,0,18,7,3,0,0,0,0,0,0,8,8,4,7,0,0,0,0,9,15,5,0,0,0,0,0,0,4,14,7,0,3,0,3,0,0,0,18,0,0,3,6,3,0,0,4,22,0,0,4,4,0,0,0,4,19,3,0,5,0,0,0,0,0,11,0,0,3,3,3,0,0,0,12,0,0,7,3,0,0,0,0,7,0,0,3,3,4,0,0,0,13,0,0,6,0,0,0,0,0,7,0,0,0,0,0,0,0,3,5,0,0,0,0,0,0,0,0,0,0,0,0,0,0,0,0,0,0,50,12,38,30,17,5,3,25,173
SAL20737,57,0,0,0,0,0,0,3,71,47,4,4,0,0,0,0,9,65,48,19,7,0,0,0,0,3,85,21,19,23,9,0,0,0,9,77,8,21,28,15,4,0,0,0,76,11,12,33,10,6,0,0,6,72,12,0,24,22,8,0,0,4,70,7,9,28,18,10,0,0,5,74,13,3,20,10,4,0,0,0,55,0,6,15,4,4,0,0,0,31,0,0,19,14,4,5,0,3,46,3,0,8,10,4,6,0,4,40,4,4,9,6,7,6,0,9,34,0,0,0,0,0,0,6,0,6,0,0,7,5,3,4,0,0,14,228,96,208,130,56,21,13,57,814
SAL20738,0,0,0,0,0,0,0,0,0,3,0,0,0,0,0,0,0,4,0,0,0,0,0,0,0,0,6,0,0,0,0,0,0,0,0,0,0,0,0,4,0,0,0,0,3,0,0,0,0,0,0,0,0,0,0,0,0,0,0,0,0,0,7,5,0,0,0,0,0,0,0,5,0,0,0,0,0,0,0,0,3,0,0,5,5,0,0,0,0,6,0,0,0,3,0,0,0,5,6,4,0,5,3,0,0,0,0,10,0,0,0,0,0,0,0,0,7,0,0,0,0,0,0,0,0,0,0,0,0,0,0,0,0,0,0,20,3,12,16,4,0,0,4,67
SAL20739,0,0,0,0,0,0,0,0,0,0,0,0,0,0,0,0,0,0,0,0,0,0,0,0,0,0,0,0,0,0,0,0,0,0,0,0,0,0,0,0,0,0,0,0,0,0,0,0,0,0,0,0,0,0,0,0,0,0,0,0,0,0,0,0,0,0,0,0,0,0,0,0,0,0,0,0,0,0,0,0,0,0,0,0,0,0,0,0,0,0,0,0,0,0,0,0,0,0,0,0,0,0,0,0,0,0,0,0,0,0,0,0,0,0,0,0,0,0,0,0,0,0,0,0,0,0,0,0,0,0,0,0,0,0,0,0,0,0,0,0,0,0,0,0
SAL20740,0,0,0,0,0,0,0,0,0,0,0,0,0,0,0,0,0,0,0,0,0,0,0,0,0,0,0,0,0,0,0,0,0,0,0,0,0,0,0,0,0,0,0,0,0,0,0,0,0,0,0,0,0,0,0,0,0,0,0,0,0,0,0,0,0,0,0,0,0,0,0,0,0,0,0,0,0,0,0,0,0,0,0,0,0,0,0,0,0,0,0,0,0,0,0,0,0,0,0,0,0,0,0,0,0,0,0,0,0,0,0,0,0,0,0,0,0,0,0,0,0,0,0,0,0,0,0,0,0,0,0,0,0,0,0,0,0,5,3,0,0,0,0,3
SAL20741,26,0,0,0,0,0,0,3,26,7,3,0,0,0,0,0,4,11,7,3,0,0,0,0,0,0,16,3,0,4,9,0,0,0,0,15,3,0,3,0,4,0,0,8,24,3,3,3,0,0,0,0,0,12,5,3,7,5,4,0,0,6,27,0,4,4,4,0,0,0,5,24,4,5,10,3,8,0,0,4,31,7,3,11,0,3,0,3,8,34,0,0,5,7,0,0,0,0,19,0,3,4,9,0,0,0,3,19,0,0,4,0,5,0,0,4,12,0,0,4,0,0,0,0,0,6,0,0,0,0,0,0,0,0,0,69,27,58,40,23,9,8,40,266
SAL20742,3,0,0,0,0,0,0,0,3,0,0,0,0,0,0,0,0,0,0,0,0,0,0,0,0,0,0,0,0,0,0,0,0,0,0,0,0,0,0,0,0,0,0,0,0,0,0,0,0,0,0,0,0,4,0,0,0,0,0,0,0,0,0,0,0,3,0,0,0,0,0,9,0,0,0,0,0,0,0,0,0,0,0,0,0,0,0,0,0,0,0,0,0,0,0,0,0,0,5,0,0,0,3,0,0,0,0,0,0,0,0,0,0,0,0,0,3,0,0,0,0,0,0,0,0,0,0,0,0,0,0,0,0,0,0,8,0,8,5,0,0,0,3,26
SAL20743,250,0,0,0,0,0,0,23,277,192,8,6,0,0,0,0,25,226,173,40,24,3,0,0,0,21,258,84,97,83,20,7,0,0,22,313,63,94,200,83,23,9,7,26,516,61,53,192,69,22,11,7,8,428,34,55,123,58,29,7,8,9,323,19,28,95,47,16,9,11,7,230,20,30,50,26,21,8,3,3,150,14,10,50,35,17,11,5,9,142,8,18,43,29,12,5,0,4,112,0,7,22,7,5,3,5,0,50,6,6,5,10,9,0,6,4,43,0,0,3,4,0,0,5,0,15,0,0,0,0,5,0,0,5,13,916,440,896,394,162,55,68,169,3105
SAL20744,0,0,0,0,0,0,0,0,0,0,0,0,0,0,0,0,0,0,0,0,0,0,0,0,0,0,0,0,0,0,0,0,0,0,0,5,0,0,0,0,0,0,0,0,3,0,0,0,0,0,0,0,0,0,0,0,0,0,0,0,0,0,4,0,0,0,0,0,0,0,0,0,0,0,0,3,0,0,0,0,3,4,0,0,0,0,0,0,0,6,0,0,3,4,0,0,0,0,5,0,0,3,0,0,0,0,5,8,0,0,0,0,0,0,0,0,0,0,0,0,0,0,0,0,0,0,0,0,0,0,0,0,0,0,0,14,7,13,8,0,0,0,8,45
SAL20745,0,0,0,0,0,0,0,0,3,0,0,0,0,0,0,0,0,3,3,0,0,0,0,0,0,0,4,6,0,0,0,0,0,0,0,15,0,0,0,8,0,0,0,0,13,0,0,3,3,0,0,0,0,6,0,0,0,8,0,0,0,0,11,0,0,5,0,0,6,0,0,8,5,0,9,4,0,0,0,0,16,4,0,10,5,0,0,0,6,24,0,0,9,4,0,0,0,0,17,5,0,11,0,3,0,0,5,21,0,0,0,0,4,0,0,4,9,0,3,4,0,0,3,0,0,12,0,0,5,0,0,0,0,0,3,25,10,53,28,15,15,0,18,162
SAL20746,4,0,0,0,0,0,0,0,4,0,0,0,0,0,0,0,0,0,3,0,0,0,0,0,0,0,5,0,0,0,0,0,0,0,0,6,6,0,0,0,0,0,0,6,8,0,0,0,0,0,0,0,0,3,0,0,0,0,0,0,0,0,13,0,3,0,3,0,0,0,0,7,0,0,0,0,0,0,0,0,10,0,0,3,0,0,0,0,0,10,0,0,11,0,0,0,0,0,8,0,0,3,0,3,0,0,0,9,0,0,0,0,0,0,0,0,8,0,0,0,0,0,0,0,0,0,0,0,0,0,0,0,0,0,0,12,16,18,17,9,0,0,10,84
SAL20747,0,0,0,0,0,0,0,0,0,0,0,0,0,0,0,0,0,0,7,0,0,0,0,0,0,0,7,0,0,0,0,0,0,0,0,0,0,0,0,0,0,0,0,0,0,0,0,0,0,0,0,0,0,0,0,0,0,0,0,0,0,0,0,0,0,0,0,0,0,0,0,0,0,0,0,0,0,0,0,0,0,0,0,0,0,0,0,0,0,0,0,0,0,0,0,0,0,0,0,0,0,0,0,0,0,0,0,0,0,0,0,0,0,0,0,0,0,0,0,0,0,0,0,0,0,0,0,0,0,0,0,0,0,0,0,7,0,5,0,0,0,0,0,7
SAL20748,27,0,0,0,0,0,0,15,38,33,0,0,0,0,0,0,5,42,26,7,5,0,0,0,0,7,43,10,10,16,5,0,0,0,4,51,0,0,15,7,0,0,0,3,28,5,4,24,4,3,0,0,5,45,10,5,20,6,4,0,0,5,49,12,9,29,13,8,7,0,0,73,7,4,14,15,6,0,0,9,53,7,4,18,9,0,0,0,0,52,0,3,14,16,8,0,0,9,42,5,3,15,15,4,0,0,4,48,3,3,6,9,6,3,0,4,34,0,5,0,6,3,3,4,4,18,0,0,0,5,0,0,0,0,6,149,64,168,109,39,18,9,68,624
SAL20749,6,0,0,0,0,0,0,0,6,0,0,0,0,0,0,0,0,6,5,0,4,0,0,0,0,0,6,0,0,0,0,0,0,0,0,0,3,0,8,0,0,0,0,0,13,9,0,6,0,0,0,0,0,11,0,0,3,5,7,0,0,0,12,0,4,6,3,0,0,0,0,16,0,0,5,0,0,3,0,0,15,0,0,11,4,0,0,0,0,20,3,0,3,8,4,5,0,0,19,0,0,0,0,0,0,0,0,8,0,0,3,0,0,0,0,0,7,0,0,4,0,0,0,0,0,8,0,0,0,0,0,0,0,0,4,33,13,42,24,16,10,4,13,150
SAL20750,5,0,0,0,0,0,0,0,5,0,0,0,0,0,0,0,0,0,0,0,0,0,0,0,0,0,3,0,0,3,0,0,0,0,0,5,0,0,0,0,0,0,0,0,0,5,0,3,0,0,0,0,5,6,0,0,0,0,0,0,0,0,3,0,0,4,0,0,0,0,0,11,0,0,0,0,0,0,0,0,0,0,0,0,0,0,0,0,0,4,0,0,3,3,0,0,0,0,8,0,0,3,0,0,0,0,0,10,0,0,0,0,0,0,0,0,0,0,0,0,0,0,0,0,0,7,0,0,5,0,0,0,0,0,5,16,3,23,8,7,0,0,9,67
SAL20751,6,0,0,0,0,0,0,0,6,3,0,0,0,0,0,0,0,5,0,0,0,0,0,0,0,0,5,0,0,0,0,0,0,0,0,3,0,0,0,0,0,0,0,0,3,0,3,5,0,0,0,0,0,4,0,0,0,5,0,0,0,0,6,3,0,4,3,0,0,0,0,15,0,4,0,3,0,0,0,0,13,0,0,0,0,0,0,0,0,3,0,0,0,0,0,0,0,0,4,0,0,0,0,0,0,0,0,5,0,0,0,0,0,0,0,0,0,0,0,0,0,0,0,0,0,0,0,0,0,0,0,0,0,0,4,23,11,15,16,4,7,3,0,76
SAL20752,437,0,0,0,0,0,0,20,463,360,6,0,0,0,0,0,11,378,235,26,12,6,0,0,0,12,295,172,94,99,30,5,0,0,12,418,87,87,164,69,13,4,0,7,427,31,59,185,109,17,0,0,4,415,44,59,245,116,23,3,0,18,513,39,52,238,99,23,4,0,16,479,36,44,251,132,33,5,3,11,512,20,24,172,123,34,3,3,11,389,27,16,127,92,24,6,8,9,307,19,13,100,65,26,6,4,11,238,7,8,54,47,15,9,0,9,147,4,8,16,23,15,9,4,9,82,11,4,20,19,7,10,4,7,72,1520,512,1680,916,234,71,34,167,5134
SAL20753,3,0,0,0,0,0,0,0,7,0,0,0,0,0,0,0,0,6,0,0,0,0,0,0,0,0,0,0,0,0,0,0,0,0,0,3,0,0,0,0,0,0,0,0,7,0,0,0,0,0,0,0,0,4,0,0,0,4,0,0,0,0,3,0,0,0,5,0,0,0,0,3,0,0,0,0,0,0,0,0,0,0,0,0,0,3,0,0,0,9,0,0,0,0,0,0,0,0,5,0,0,0,5,0,0,0,4,6,0,0,0,0,0,0,0,0,3,0,0,0,0,0,0,0,0,4,0,0,0,0,0,0,0,0,0,10,4,5,14,3,0,0,7,49
SAL20754,104,0,0,0,0,0,0,9,115,131,6,0,0,0,0,0,12,152,218,47,38,4,3,0,0,15,317,139,89,84,21,6,0,0,14,353,56,61,93,25,3,0,0,12,263,34,45,54,24,5,7,0,15,186,24,23,42,26,6,4,0,8,142,21,25,61,33,11,0,0,11,164,17,19,48,32,10,0,0,3,133,13,14,52,38,14,5,0,17,155,6,10,43,23,11,3,5,5,102,7,8,24,28,4,0,3,9,91,0,0,11,11,3,5,0,0,34,0,0,4,6,4,3,0,6,25,0,0,0,4,3,0,0,4,10,779,356,562,277,89,25,11,137,2243
SAL20755,0,0,0,0,0,0,0,0,0,0,0,0,0,0,0,0,0,3,3,0,0,0,0,0,0,0,3,0,0,0,0,0,0,0,0,5,0,0,0,0,0,0,0,0,0,0,0,0,0,0,0,0,0,0,0,0,0,0,0,0,0,0,4,0,0,0,4,0,0,0,0,4,0,0,4,4,0,0,0,0,6,0,0,0,0,0,0,0,0,0,0,0,0,0,0,0,0,0,0,0,0,0,0,0,0,0,0,5,0,0,0,0,0,0,0,0,0,0,0,0,0,0,0,0,0,0,0,0,0,0,0,0,0,0,0,10,0,8,8,0,0,0,3,33
SAL20756,37,0,0,0,0,0,0,4,46,21,7,0,0,0,0,0,0,28,23,7,10,6,0,0,0,6,40,10,5,3,10,0,0,0,0,33,4,8,12,11,5,0,0,6,42,6,9,4,4,0,0,0,0,33,8,6,12,15,3,0,6,5,55,12,4,20,15,4,0,0,3,59,9,6,9,10,0,0,0,6,50,11,4,39,16,12,0,0,4,86,7,4,16,12,7,0,0,6,61,3,5,17,4,11,3,0,9,54,3,0,20,12,3,5,0,3,48,7,3,3,11,8,4,0,3,36,4,6,10,12,9,0,0,13,42,164,78,186,127,59,21,9,64,711
SAL20757,0,0,0,0,0,0,0,3,0,4,0,0,0,0,0,0,0,4,4,3,0,0,0,0,0,0,8,4,0,0,0,0,0,0,0,6,0,0,4,0,0,0,0,0,5,0,0,0,0,0,0,0,0,4,0,0,0,0,0,0,0,0,3,0,3,0,3,0,0,0,0,10,4,0,0,4,0,0,0,0,10,4,0,0,0,0,0,0,0,3,0,0,3,0,0,0,0,0,3,0,0,0,0,3,0,0,3,5,0,0,0,6,0,0,0,0,11,0,0,0,0,0,0,0,0,4,0,0,0,3,0,0,0,0,5,20,11,11,18,12,6,0,5,82
SAL20758,296,0,0,0,0,0,0,16,319,235,3,0,0,0,0,0,12,247,151,16,3,7,0,0,0,3,182,89,55,55,11,0,0,0,5,220,77,68,123,47,5,0,0,13,333,34,56,194,71,12,4,4,13,384,34,61,186,76,18,0,0,6,380,45,44,196,74,13,6,0,15,394,41,47,162,80,16,0,0,12,351,46,46,167,79,11,0,3,8,365,19,31,143,70,27,3,4,9,318,22,26,141,97,17,0,5,13,333,18,22,99,72,22,7,0,17,259,5,14,53,52,14,3,4,11,156,15,14,64,44,26,6,6,19,191,1130,499,1585,794,178,38,29,174,4430
SAL20759,0,0,0,0,0,0,0,0,6,0,0,0,0,0,0,0,0,0,0,0,0,0,0,0,0,0,0,0,0,0,0,0,0,0,0,3,0,4,0,0,0,0,0,0,3,0,0,0,0,0,0,0,0,3,0,0,0,0,0,0,0,0,0,0,0,0,0,0,0,0,0,3,0,0,0,0,0,0,0,0,3,0,0,0,0,0,0,0,0,0,0,0,0,4,0,0,0,0,8,0,0,3,0,0,0,0,0,0,0,0,0,0,0,0,0,0,0,0,0,0,0,0,0,0,0,0,0,0,0,0,0,0,0,0,0,7,0,8,11,8,0,0,3,34
SAL20760,4,0,0,0,0,0,0,5,6,3,0,0,0,0,0,0,0,3,6,0,0,0,0,0,0,0,4,0,0,0,0,0,0,0,0,0,4,0,0,0,0,0,0,0,6,0,0,4,0,0,0,0,0,5,0,0,4,0,0,0,0,0,5,0,0,4,0,0,0,0,0,3,0,0,0,0,0,0,0,0,4,0,0,0,0,0,0,0,0,3,0,4,0,0,0,0,0,0,4,0,0,0,0,0,0,0,0,0,0,0,0,0,0,0,0,0,0,0,0,0,0,0,0,0,0,0,0,0,0,0,0,0,0,0,0,27,4,14,0,0,0,0,9,54
SAL20761,0,0,0,0,0,0,0,0,3,5,0,0,0,0,0,0,0,5,0,0,0,0,0,0,0,0,0,0,0,0,0,0,0,0,0,0,0,0,0,0,0,0,0,0,3,0,0,3,0,0,0,0,0,7,0,0,0,5,0,0,0,0,5,0,0,3,0,0,0,0,0,8,0,0,3,0,0,0,0,0,3,0,0,0,0,0,0,0,0,5,0,0,0,0,0,0,0,0,3,0,0,0,0,0,0,0,0,7,0,0,0,0,0,0,0,0,0,0,0,0,0,0,0,0,4,0,0,0,0,0,0,0,0,0,4,6,4,11,22,3,0,5,7,55
SAL20762,3,0,0,0,0,0,0,3,11,0,0,0,0,0,0,0,0,10,3,0,0,0,0,0,0,0,4,0,3,5,0,0,0,0,0,10,6,4,0,0,0,0,0,0,8,3,0,6,0,0,0,0,0,7,0,0,4,0,0,0,0,0,5,8,0,3,6,3,0,0,0,16,0,0,11,5,0,0,0,4,17,0,0,7,4,3,0,0,0,16,0,0,0,4,0,0,0,0,9,3,0,0,6,0,0,0,0,17,0,0,0,3,0,0,0,0,15,0,0,0,0,0,0,0,0,4,0,0,0,0,0,0,0,0,4,31,14,49,24,13,0,0,20,147
SAL20763,0,0,0,0,0,0,0,0,0,0,0,0,0,0,0,0,0,0,0,0,0,0,0,0,0,0,0,0,0,0,0,0,0,0,0,0,0,0,0,0,0,0,0,0,6,0,0,0,0,0,0,0,0,0,0,0,0,0,0,0,0,0,0,0,0,0,0,0,0,0,0,0,0,0,0,0,0,0,0,0,0,0,0,0,0,0,0,0,0,0,0,0,0,0,0,0,0,0,0,0,0,0,0,0,0,0,0,0,0,0,0,0,0,0,0,0,3,0,0,0,0,0,0,0,0,0,0,0,0,0,0,0,0,0,0,0,0,4,0,0,0,0,0,14
SAL20764,0,0,0,0,0,0,0,0,0,5,0,0,0,0,0,0,0,5,0,0,0,0,0,0,0,0,0,6,0,0,0,0,0,0,0,3,0,0,0,0,0,0,0,0,0,0,0,0,0,0,0,0,0,3,0,0,0,6,0,0,0,0,7,0,0,0,0,0,0,0,0,5,0,0,0,3,0,0,0,0,0,0,0,5,0,6,0,0,0,12,0,0,0,4,0,0,0,0,0,0,0,0,0,0,0,0,0,0,0,0,0,0,0,0,0,0,4,0,0,0,0,0,0,0,0,0,0,0,0,0,0,0,0,0,0,14,0,6,12,6,3,0,0,48
SAL20765,0,0,0,0,0,0,0,0,0,0,0,0,0,0,0,0,0,0,0,0,0,0,0,0,0,0,0,0,0,0,0,0,0,0,0,0,0,0,0,0,0,0,0,0,0,0,0,0,0,0,0,0,0,0,0,0,0,0,0,0,0,0,3,0,0,3,0,0,0,0,0,0,0,0,0,0,0,0,0,0,0,0,0,0,0,0,0,0,0,3,0,0,0,0,0,0,0,0,3,0,0,0,0,0,0,0,0,0,0,0,0,0,0,0,0,0,0,0,0,0,0,0,0,0,0,0,0,0,0,0,0,0,0,0,0,4,5,3,5,7,0,0,0,26
SAL20766,116,0,0,0,0,0,0,10,124,692,15,0,0,0,0,0,92,796,1213,80,18,0,0,0,0,168,1477,1015,230,64,7,0,0,0,162,1479,462,195,94,14,3,0,0,82,851,230,95,57,9,0,0,0,40,441,152,78,56,18,0,0,0,35,339,106,62,94,33,4,0,0,31,325,73,74,100,37,9,7,0,44,348,34,62,83,45,4,4,0,23,256,22,38,64,36,10,0,0,18,189,18,28,45,30,3,5,0,6,133,4,11,25,12,11,0,0,8,64,0,3,8,6,3,0,0,12,39,0,4,8,6,3,3,0,0,26,4147,967,706,247,54,20,5,728,6874
SAL20767,0,0,0,0,0,0,0,0,0,0,0,0,0,0,0,0,0,0,0,0,0,0,0,0,0,0,0,0,0,0,0,0,0,0,0,0,0,0,0,0,0,0,0,0,0,0,0,0,0,0,0,0,0,0,0,0,0,0,0,0,0,0,0,0,0,0,0,0,0,0,0,0,0,0,0,0,0,0,0,0,0,0,0,0,0,0,0,0,0,0,0,0,0,0,0,0,0,0,0,0,0,0,0,0,0,0,0,0,0,0,0,0,0,0,0,0,0,0,0,0,0,0,0,0,0,0,0,0,0,0,0,0,0,0,0,0,0,6,0,0,0,0,0,6
SAL20768,0,0,0,0,0,0,0,0,0,0,0,0,0,0,0,0,0,0,0,0,0,0,0,0,0,0,0,0,0,0,0,0,0,0,0,0,0,0,0,0,0,0,0,0,0,0,0,0,5,0,0,0,0,3,0,0,0,0,0,0,0,0,3,0,0,0,0,0,0,0,0,0,0,0,0,0,0,0,0,0,4,0,0,0,0,0,0,0,0,3,0,0,0,0,0,0,0,0,0,0,0,0,0,0,0,0,0,3,0,0,0,0,0,0,0,0,0,0,0,0,0,0,0,0,0,0,0,0,0,0,0,0,0,0,0,8,0,11,5,0,0,0,5,26
SAL20769,14,0,0,0,0,0,0,0,16,12,0,0,0,0,0,0,0,12,4,0,7,0,0,0,0,3,9,5,4,3,0,0,0,0,0,14,7,5,3,3,0,0,0,0,16,3,3,9,8,0,0,0,0,22,0,3,7,0,4,0,0,0,19,0,0,11,6,0,0,0,0,24,4,0,4,7,0,0,0,4,24,0,3,14,8,0,0,0,5,31,4,0,9,0,3,0,0,3,22,0,0,4,0,0,0,0,0,10,0,0,5,0,5,0,0,0,4,4,0,0,0,0,4,0,0,11,0,0,0,0,0,0,0,0,0,56,20,67,43,17,3,0,21,232
SAL20770,19,0,0,0,0,0,0,5,26,13,0,5,0,0,0,0,3,19,19,5,7,0,0,0,0,0,31,12,4,6,4,0,0,0,4,34,4,3,6,8,5,0,3,4,33,3,4,11,7,0,0,0,0,39,6,3,12,10,9,0,0,5,41,6,4,14,11,4,3,0,4,50,11,0,14,23,13,0,0,5,66,8,6,18,11,5,4,0,0,49,4,8,14,20,6,4,0,3,57,3,3,13,16,15,0,0,4,51,7,3,6,13,5,0,8,0,42,4,3,11,15,3,0,4,6,46,4,4,3,19,9,9,5,14,59,112,42,140,155,71,28,17,68,628
SAL20771,577,0,0,0,0,0,0,23,597,746,9,3,0,0,0,0,36,786,807,81,17,7,0,0,0,49,963,564,246,135,29,10,0,0,51,1026,322,272,305,60,11,0,0,47,1020,174,190,281,85,15,3,0,34,777,148,178,302,102,12,3,0,37,775,108,167,337,118,27,6,0,27,804,121,183,322,117,26,0,3,26,790,85,187,267,128,23,8,3,13,718,73,146,250,138,30,8,4,26,677,58,90,270,168,57,15,3,23,676,53,38,252,181,58,9,10,23,625,25,43,211,134,61,21,16,27,541,34,49,167,141,78,22,18,51,554,3877,1883,3119,1406,404,89,50,498,11328
SAL20772,720,0,0,0,0,0,0,45,765,742,10,0,0,0,0,0,34,786,619,47,24,9,0,0,0,40,734,430,239,220,46,10,0,0,42,974,238,318,530,106,21,3,0,37,1255,154,247,574,143,24,3,0,38,1183,130,227,452,125,28,12,0,35,1013,117,190,430,170,40,16,0,25,989,131,197,471,176,37,3,0,35,1059,90,217,381,207,56,5,3,31,992,87,194,351,156,47,6,3,36,878,54,95,345,215,59,14,6,37,824,42,61,279,205,71,11,15,35,726,30,37,186,184,88,25,14,34,589,24,39,160,160,86,35,26,42,571,3617,2109,4401,1894,566,137,71,541,13335
SAL20773,28,0,0,0,0,0,0,4,36,65,10,0,0,0,0,0,11,82,83,36,5,3,0,0,0,19,144,59,59,47,7,3,0,0,20,194,25,31,42,9,0,0,0,19,126,6,8,21,6,4,0,0,6,50,0,7,7,9,0,0,0,7,32,0,5,15,5,0,0,0,8,38,0,4,8,6,0,0,3,5,26,0,0,8,8,0,0,0,3,25,0,0,7,0,5,0,0,0,16,0,0,3,0,0,0,0,0,3,0,0,0,0,0,0,0,0,0,0,0,0,0,0,0,0,0,5,0,0,0,0,0,0,0,0,3,276,155,170,54,14,8,3,98,782
SAL20774,371,0,0,0,0,0,0,20,393,330,0,0,0,0,0,0,18,350,187,8,7,4,0,0,0,16,223,138,85,61,13,6,0,0,19,326,73,86,160,47,9,0,0,11,382,66,73,202,58,13,0,0,11,427,68,64,223,91,10,4,0,17,470,50,67,228,94,18,4,0,4,473,51,58,170,95,23,5,3,14,415,56,78,165,93,24,8,0,13,430,39,48,135,87,19,0,3,9,340,35,34,155,105,27,7,0,19,380,12,15,114,91,43,8,5,20,313,5,22,88,84,39,13,4,29,279,24,28,100,71,51,19,18,53,355,1507,666,1809,938,276,64,34,283,5576
SAL20775,0,0,0,0,0,0,0,0,0,0,0,0,0,0,0,0,0,0,0,0,0,0,0,0,0,0,0,0,0,0,0,0,0,0,0,0,0,0,0,0,0,0,0,0,0,0,0,0,0,0,0,0,0,0,0,0,0,0,0,0,0,0,0,0,0,0,0,0,0,0,0,0,0,0,0,0,0,0,0,0,0,0,0,0,0,0,0,0,0,0,0,0,0,0,0,0,0,0,0,0,0,0,0,0,0,0,0,0,0,0,0,0,0,0,0,0,0,0,0,0,0,0,0,0,0,0,0,0,0,0,0,0,0,0,0,0,0,0,4,0,0,0,0,6
SAL20776,3,0,0,0,0,0,0,0,3,6,0,0,0,0,0,0,0,6,0,0,0,0,0,0,0,0,6,0,0,0,4,0,0,0,0,3,0,0,0,0,0,0,0,0,10,0,0,3,0,0,0,0,0,5,0,0,8,0,0,0,0,0,12,0,0,3,0,0,0,0,0,8,0,0,0,3,3,0,0,0,12,0,0,4,4,5,0,0,0,14,0,0,0,5,0,0,0,0,3,0,0,0,5,0,0,0,0,5,0,0,0,5,3,0,0,0,6,0,0,4,0,0,0,0,0,7,0,0,0,0,0,0,0,0,0,24,6,29,26,8,0,0,6,98
SAL20777,13,0,0,0,0,0,0,0,13,4,0,0,0,0,0,0,0,4,0,0,0,0,0,0,0,0,3,0,5,0,0,0,0,0,0,8,0,4,0,0,0,0,0,0,5,0,4,0,4,0,0,0,3,11,0,0,0,5,0,0,0,0,9,0,0,4,0,4,0,0,0,16,3,5,0,0,0,0,0,0,15,0,3,3,0,3,0,4,4,18,3,0,8,0,0,0,0,0,9,0,0,0,4,0,0,0,0,11,0,0,0,0,5,0,0,3,5,0,0,0,7,0,0,0,0,6,0,0,0,0,0,0,0,0,3,34,21,31,25,17,5,4,12,140
SAL20778,3,0,0,0,0,0,0,0,8,13,0,0,0,0,0,0,0,7,0,0,0,0,0,0,0,0,0,0,0,0,0,0,0,0,0,0,0,0,0,0,0,0,0,0,0,0,0,0,0,0,0,0,0,0,0,0,0,0,0,0,0,0,3,0,0,0,0,0,0,0,0,0,0,0,0,0,0,0,0,0,0,0,0,0,0,0,0,0,0,0,0,0,0,0,0,0,0,0,0,0,0,0,0,0,0,0,0,0,0,0,0,0,0,0,0,0,0,0,0,0,0,0,0,0,0,0,0,0,0,0,0,0,0,0,0,20,0,0,0,0,0,0,0,24
SAL20779,839,0,0,0,0,0,0,52,895,594,31,4,0,0,0,0,39,664,492,131,75,18,6,0,0,34,773,379,307,356,111,25,6,0,49,1236,194,263,588,237,64,15,6,42,1398,137,176,521,267,73,13,8,37,1222,109,135,500,226,51,8,3,24,1065,67,84,341,177,49,11,0,21,764,52,62,221,152,52,5,11,17,566,24,50,218,146,50,16,11,18,524,12,44,212,153,40,5,7,11,483,26,24,148,126,37,12,8,14,402,0,12,74,73,36,12,5,6,222,0,3,17,22,17,5,7,0,75,0,0,12,10,6,7,0,7,52,2952,1324,3293,1717,511,121,66,366,10340
SAL20780,0,0,0,0,0,0,0,0,0,0,0,0,0,0,0,0,0,0,0,0,0,0,0,0,0,0,0,0,0,0,0,0,0,0,0,0,0,0,0,0,0,0,0,0,0,0,0,0,0,0,0,0,0,0,0,0,0,0,0,0,0,0,0,0,0,0,0,0,0,0,0,0,0,0,0,0,0,0,0,0,4,0,0,0,0,0,0,0,0,0,0,0,0,0,0,0,0,0,0,0,0,0,0,0,0,0,0,0,0,0,0,0,0,0,0,0,0,0,0,0,0,0,0,0,0,0,0,0,0,0,0,0,0,0,0,0,0,0,0,3,0,0,0,6
SAL20781,0,0,0,0,0,0,0,0,0,0,0,0,0,0,0,0,0,0,0,0,0,0,0,0,0,0,0,0,0,0,0,0,0,0,0,0,0,0,0,0,0,0,0,0,0,0,0,0,0,0,0,0,0,0,0,0,0,0,0,0,0,0,0,0,0,0,0,0,0,0,0,0,0,0,0,0,0,0,0,0,0,0,0,0,0,0,0,0,0,0,0,0,0,0,0,0,0,0,0,0,0,0,0,0,0,0,0,0,0,0,0,0,0,0,0,0,0,0,0,0,0,0,0,0,0,0,0,0,0,0,0,0,0,0,0,0,0,0,0,0,0,0,0,0
SAL20782,0,0,0,0,0,0,0,0,0,0,0,0,0,0,0,0,0,0,0,0,0,0,0,0,0,0,0,0,0,0,0,0,0,0,0,0,0,0,3,0,0,0,0,0,3,0,0,0,0,0,0,0,0,4,0,0,3,0,0,0,0,0,4,0,0,0,0,0,0,0,0,0,0,0,0,0,0,0,0,0,3,0,0,0,0,0,0,0,0,4,0,0,0,4,0,0,0,0,5,0,0,0,0,0,0,0,0,3,0,0,0,0,0,0,0,0,0,0,0,0,0,0,0,0,0,0,0,0,0,0,0,0,0,0,0,3,0,9,6,4,0,0,0,24
SAL20783,237,0,0,0,0,0,0,37,272,215,28,12,0,0,0,0,33,289,211,62,51,14,3,4,5,38,389,126,104,81,42,11,0,0,38,404,65,52,89,48,23,8,7,31,332,54,44,95,36,24,11,13,23,309,39,36,56,32,24,15,16,17,243,45,23,43,43,12,12,9,25,214,32,35,70,35,18,9,19,12,224,32,27,73,42,12,9,3,23,227,28,21,69,42,17,3,9,21,204,9,14,59,29,17,3,5,22,162,10,10,24,17,7,10,7,26,112,0,9,12,17,13,11,10,17,92,5,11,15,22,15,10,10,27,98,1107,461,758,430,196,104,117,400,3575
SAL20784,6,0,0,0,0,0,0,0,6,0,0,0,0,0,0,0,0,0,0,0,0,0,0,0,0,0,0,0,0,0,0,0,0,0,0,0,0,0,0,0,0,0,0,0,3,0,0,0,0,0,0,0,0,0,0,0,0,0,0,0,0,0,4,0,0,0,0,0,0,0,0,4,0,0,0,0,0,0,0,0,3,0,0,0,0,0,0,0,0,0,0,0,0,0,0,0,0,0,4,0,0,0,0,0,0,0,0,0,0,0,0,0,0,0,0,0,0,0,0,0,0,0,0,0,0,0,0,0,0,0,0,0,0,0,0,9,0,4,0,3,3,0,4,24
SAL20785,0,0,0,0,0,0,0,0,0,0,0,0,0,0,0,0,0,0,0,0,0,0,0,0,0,0,0,0,0,0,0,0,0,0,0,0,0,0,0,0,0,0,0,0,0,0,0,0,0,0,0,0,0,0,0,0,0,0,0,0,0,0,0,0,0,0,0,0,0,0,0,0,0,0,0,0,0,0,0,0,0,0,0,0,0,0,0,0,0,0,0,0,0,0,0,0,0,0,0,0,0,0,0,0,0,0,0,0,0,0,0,0,0,0,0,0,0,0,0,0,0,0,0,0,0,0,0,0,0,0,0,0,0,0,0,0,0,4,0,3,5,0,0,12
SAL20786,4,0,0,0,0,0,0,0,0,0,0,0,0,0,0,0,0,4,0,0,0,0,0,0,0,0,0,0,0,0,0,0,0,0,0,3,0,0,4,0,0,0,0,0,9,0,0,5,0,0,0,0,0,0,0,0,0,0,0,0,0,0,0,0,0,0,5,0,0,0,0,4,0,0,6,0,0,0,0,0,3,0,0,0,0,0,0,0,0,5,0,0,0,0,0,0,0,0,0,0,0,0,0,0,0,0,0,0,0,0,0,0,0,0,0,0,0,0,0,0,0,0,0,0,0,0,0,0,0,0,0,0,0,0,0,8,0,15,4,0,0,0,6,41
SAL20787,0,0,0,0,0,0,0,0,0,0,0,0,0,0,0,0,0,0,0,0,0,0,0,0,0,0,0,0,0,0,0,0,0,0,0,0,0,0,0,0,0,0,0,0,0,0,0,0,0,0,0,0,0,0,0,0,0,0,0,0,0,0,0,0,0,0,0,0,0,0,0,3,0,0,0,0,0,0,0,0,0,0,0,0,3,0,0,0,0,4,0,0,0,3,0,0,0,0,6,0,0,0,0,0,0,0,0,3,0,0,0,0,0,0,0,0,0,0,0,0,0,0,0,0,0,0,0,0,0,0,0,0,0,0,0,5,0,4,4,0,0,0,0,16
SAL20788,117,0,0,0,0,0,0,25,141,119,7,5,0,0,0,0,15,148,84,28,11,4,0,0,0,5,135,70,31,52,7,6,0,0,19,184,25,39,65,19,4,0,0,13,167,36,30,67,32,5,3,0,24,201,25,35,77,24,12,0,0,21,190,44,44,79,51,20,3,4,27,263,32,23,77,43,15,3,0,22,211,29,27,109,58,17,3,0,17,266,48,27,112,67,19,4,5,27,296,20,13,117,61,23,4,3,21,258,11,13,57,44,25,8,3,21,182,14,6,32,41,14,0,3,14,125,10,12,18,30,11,7,3,13,103,679,331,875,480,171,42,25,275,2887
SAL20789,0,0,0,0,0,0,0,0,0,0,0,0,0,0,0,0,0,0,0,0,0,0,0,0,0,0,0,0,0,0,0,0,0,0,0,0,0,0,0,0,0,0,0,0,0,0,0,0,0,0,0,0,0,0,0,0,0,0,0,0,0,0,0,0,0,0,0,0,0,0,0,0,0,0,0,0,0,0,0,0,0,0,0,0,0,0,0,0,0,0,0,0,0,0,0,0,0,0,0,0,0,0,0,0,0,0,0,5,0,0,0,0,0,0,0,0,0,0,0,0,0,0,0,0,0,0,0,0,0,0,0,0,0,0,0,0,0,0,0,0,0,0,0,5
SAL20790,346,3,0,0,0,0,0,30,383,315,39,12,0,0,0,0,30,401,306,110,76,31,7,0,0,44,571,139,129,170,74,19,3,0,26,560,92,65,168,87,39,4,3,32,492,55,52,122,96,34,19,8,25,412,67,54,150,99,25,18,9,18,432,57,57,173,103,44,13,4,20,471,47,38,163,124,46,20,10,26,468,55,48,169,137,54,14,11,22,513,44,31,158,119,75,14,8,24,468,30,32,162,145,48,19,9,29,475,16,19,112,102,50,16,8,8,331,14,5,50,67,40,15,10,24,228,11,6,56,53,48,19,24,16,227,1596,684,1740,1230,526,176,103,381,6439
SAL20791,4,0,0,0,0,0,0,0,4,4,0,0,0,0,0,0,0,3,3,5,0,0,0,0,0,0,6,0,0,0,0,0,0,0,0,9,0,0,0,0,0,0,0,0,0,0,0,0,0,0,0,0,0,3,3,0,4,3,0,0,0,0,6,0,5,0,0,5,0,0,0,10,0,0,3,3,0,0,0,0,8,0,0,3,0,0,0,0,0,3,0,0,0,0,0,0,0,0,3,0,0,0,0,0,0,0,0,5,0,0,0,0,0,0,0,0,3,0,0,0,0,0,0,0,0,0,0,0,0,0,5,0,0,0,5,19,11,15,18,11,0,0,4,71
SAL20792,12,0,0,0,0,0,0,0,12,4,0,0,0,0,0,0,0,9,0,0,0,0,0,0,0,0,4,0,0,0,0,0,0,0,0,5,0,0,4,0,0,0,0,0,7,0,0,0,0,0,0,0,0,5,6,5,4,4,3,5,0,0,15,4,0,8,0,0,0,0,0,17,0,0,5,0,0,0,0,0,12,3,7,4,7,0,0,0,0,20,0,0,9,0,0,0,0,0,10,0,0,3,0,0,0,0,0,12,0,0,0,0,0,0,0,0,8,0,0,0,0,0,0,0,0,3,0,0,0,0,0,0,0,0,0,41,13,38,22,11,3,0,8,138
SAL20793,5,0,0,0,0,0,0,0,5,5,0,0,0,0,0,0,0,5,7,0,0,0,0,0,0,0,6,0,0,0,0,0,0,0,0,0,0,3,4,0,0,0,0,0,9,0,0,4,4,0,0,0,0,8,0,0,8,0,0,0,0,0,16,0,0,3,3,0,0,0,0,13,0,3,10,0,0,0,0,0,17,0,4,0,4,3,0,0,0,23,0,4,4,9,0,0,0,0,14,0,0,6,4,4,0,0,0,21,0,0,5,0,0,0,0,3,6,0,0,0,0,0,0,0,0,4,0,0,0,0,0,0,0,0,3,28,16,45,34,10,9,0,14,146
SAL20794,0,0,0,0,0,0,0,0,0,0,0,0,0,0,0,0,0,0,0,0,0,0,0,0,0,0,0,0,0,0,0,0,0,0,0,0,0,0,0,0,0,0,0,0,0,0,0,0,0,0,0,0,0,0,0,0,0,0,0,0,0,0,0,0,0,0,0,0,0,0,0,0,0,0,0,0,0,0,0,0,3,0,0,0,0,0,0,0,0,0,0,0,0,0,0,0,0,0,6,0,0,0,0,0,0,0,0,0,0,0,0,0,0,0,0,0,0,0,0,0,0,0,0,0,0,5,0,0,0,0,0,0,0,0,0,0,0,6,3,0,0,0,3,15
SAL20795,0,0,0,0,0,0,0,0,0,0,0,0,0,0,0,0,0,0,0,0,0,0,0,0,0,0,3,0,0,0,0,0,0,0,0,0,0,0,0,0,0,0,0,0,0,0,0,0,4,0,0,0,0,3,0,0,4,0,0,0,0,0,11,0,0,3,0,0,0,0,5,8,0,0,3,0,0,0,0,0,0,0,0,3,4,6,0,0,0,14,0,0,0,0,0,0,0,0,5,0,0,0,0,0,0,0,3,6,0,0,0,0,0,0,0,0,0,0,0,0,4,0,0,0,0,4,0,0,0,0,0,0,0,0,3,8,4,14,19,8,0,0,11,62
SAL20796,17,0,0,0,0,0,0,0,16,10,0,0,0,0,0,0,0,11,12,0,0,0,0,0,0,0,12,6,5,0,0,0,0,0,0,15,8,3,7,0,0,0,0,0,20,0,0,3,0,0,0,0,0,11,5,0,3,4,0,4,0,4,21,6,8,8,0,4,0,0,0,17,0,6,15,4,3,0,5,0,25,7,3,3,7,5,0,0,0,27,0,4,7,7,9,0,0,0,24,0,0,10,9,0,0,0,0,26,0,0,0,11,0,0,0,5,18,0,0,0,0,0,0,0,0,6,0,0,0,3,0,0,0,0,7,77,32,60,50,19,4,4,11,256
SAL20797,0,0,0,0,0,0,0,0,0,0,0,0,0,0,0,0,0,0,0,0,0,0,0,0,0,0,0,0,0,0,0,0,0,0,0,0,0,0,0,0,0,0,0,0,3,0,0,0,0,0,0,0,0,0,0,0,0,0,0,0,0,0,0,0,0,0,0,0,0,0,0,5,0,0,0,0,0,0,0,0,0,0,0,0,0,0,0,0,0,0,0,0,0,0,0,0,0,0,0,0,0,0,0,0,0,0,0,0,0,0,0,0,0,0,0,0,0,0,0,0,0,0,0,0,0,0,0,0,0,0,0,0,0,0,0,3,0,5,3,0,0,0,0,16
SAL20798,7,0,0,0,0,0,0,0,7,4,0,0,0,0,0,0,0,4,0,0,0,0,0,0,0,5,5,0,0,0,0,0,0,0,0,0,3,0,0,5,0,0,0,0,6,6,0,3,3,0,0,0,0,11,4,0,5,6,0,0,0,0,18,5,0,5,0,0,0,0,0,13,0,0,5,0,0,0,0,0,14,3,0,5,4,0,0,0,0,12,6,0,0,4,0,0,0,0,14,0,0,8,0,0,0,0,4,15,0,0,0,0,0,0,0,0,0,0,0,0,0,0,0,0,0,0,0,0,0,0,0,0,0,0,0,39,14,39,23,4,0,0,12,122
SAL20799,8,0,0,0,0,0,0,0,11,7,0,0,0,0,0,0,0,6,3,0,0,0,0,0,0,0,3,0,0,0,0,0,0,0,0,0,0,0,4,0,0,0,0,0,5,5,0,0,4,0,0,0,3,6,4,0,6,0,0,0,0,0,12,4,0,0,4,0,0,0,4,12,0,0,0,6,4,0,0,0,9,4,0,0,0,0,0,0,0,6,0,0,4,4,0,0,0,0,13,7,0,0,0,0,0,0,0,7,0,0,0,0,0,0,0,0,0,0,0,0,0,0,0,0,0,0,0,0,0,0,0,0,0,0,5,32,7,19,16,4,0,4,7,92
SAL20800,3,0,0,0,0,0,0,0,3,6,0,0,0,0,0,0,0,6,0,0,0,0,0,0,0,0,0,0,0,0,0,0,0,0,0,0,0,0,0,0,0,0,0,0,0,0,0,0,0,0,0,0,0,5,0,0,0,4,0,0,0,0,4,0,0,6,3,0,0,0,0,4,0,0,4,0,0,0,0,0,9,0,0,4,5,0,0,0,0,4,0,0,0,0,0,0,0,0,3,0,0,0,0,0,0,0,0,3,0,0,0,0,0,0,0,0,0,0,0,0,0,0,0,0,0,0,0,0,0,0,0,0,0,0,0,13,0,14,14,0,0,0,4,43
SAL20801,0,0,0,0,0,0,0,0,0,0,0,0,0,0,0,0,0,0,0,0,0,0,0,0,0,0,0,0,0,0,0,0,0,0,0,0,0,0,0,0,0,0,0,0,0,0,0,0,0,0,0,0,0,0,0,0,0,0,0,0,0,0,0,0,0,0,0,0,0,0,0,0,0,0,0,0,0,0,0,0,3,0,0,0,0,0,0,0,0,0,0,0,0,0,0,0,0,0,4,0,0,0,0,0,0,0,0,6,0,0,0,0,0,0,0,0,0,0,0,0,0,0,0,0,0,0,0,0,0,0,0,0,0,0,0,4,0,5,6,0,0,0,0,18
SAL20802,116,0,0,0,0,0,0,10,128,87,3,0,0,0,0,0,3,96,50,10,6,0,6,0,0,8,77,27,19,24,15,0,0,0,5,93,16,15,53,18,8,0,0,4,114,19,16,55,23,8,3,0,0,131,19,16,64,36,9,8,0,0,152,24,21,51,36,7,10,0,5,151,22,23,61,48,13,5,0,4,179,25,13,80,59,23,4,0,12,210,29,15,95,55,22,0,4,18,245,23,19,98,48,18,3,0,11,220,12,15,51,51,20,3,4,15,167,10,0,28,38,9,13,6,8,114,10,15,43,41,17,7,11,15,158,489,203,707,475,161,53,31,114,2249
SAL20803,0,0,0,0,0,0,0,0,0,0,0,0,0,0,0,0,0,0,0,0,0,0,0,0,0,0,0,3,0,0,0,0,0,0,0,4,0,0,0,0,0,0,0,0,0,0,0,0,0,0,0,0,0,0,0,0,0,0,0,0,0,0,0,0,0,0,0,0,0,0,0,0,0,0,0,0,0,0,0,0,0,0,0,0,0,0,0,0,0,0,0,0,0,0,0,0,0,0,0,0,0,0,0,0,0,0,0,0,0,0,0,0,0,0,0,0,0,0,0,0,0,0,0,0,0,0,0,0,0,0,0,0,0,0,0,5,0,6,0,6,0,0,0,19
SAL20804,9,0,0,0,0,0,0,4,14,4,0,0,0,0,0,0,0,4,4,5,0,0,0,0,0,0,8,3,4,0,5,0,0,0,0,7,3,3,4,6,0,0,0,0,19,0,0,0,0,0,0,0,3,10,3,0,0,0,0,0,0,3,10,0,7,5,3,0,0,0,0,20,3,0,5,7,3,0,0,4,22,3,0,5,5,3,0,0,0,13,5,0,4,8,5,0,0,4,26,0,0,0,5,3,0,0,3,15,0,0,0,0,5,0,0,0,9,0,0,0,0,0,0,0,0,3,0,0,0,0,0,0,3,0,3,42,23,27,43,22,0,4,21,183
SAL20805,0,0,0,0,0,0,0,0,0,3,0,0,0,0,0,0,0,3,8,0,0,0,0,0,0,0,8,5,0,0,0,0,0,0,0,5,0,0,0,0,0,0,0,0,0,0,0,0,0,0,0,0,0,0,0,0,5,0,0,0,0,0,4,0,0,0,4,0,0,0,0,9,0,0,0,3,0,0,0,0,8,0,0,0,0,0,0,0,0,6,0,0,0,0,0,0,0,0,0,0,0,0,0,0,0,0,0,0,0,0,0,0,0,0,0,0,0,0,0,0,0,0,0,0,0,0,0,0,0,0,0,0,0,0,0,10,3,13,9,5,4,0,0,41
SAL20806,0,0,0,0,0,0,0,0,0,0,0,0,0,0,0,0,0,0,0,0,0,0,0,0,0,0,0,0,0,0,0,0,0,0,0,0,0,0,0,0,0,0,0,0,0,0,0,0,0,0,0,0,0,0,0,0,0,0,0,0,0,0,0,0,0,0,0,0,0,0,0,0,0,0,0,0,0,0,0,0,0,0,0,0,3,0,0,0,0,6,0,0,0,0,0,0,0,0,0,0,0,0,0,0,0,0,0,0,0,0,0,0,0,0,0,0,0,0,0,0,0,0,0,0,0,0,0,0,0,0,0,0,0,0,0,0,3,0,3,0,0,0,0,10
SAL20807,0,0,0,0,0,0,0,0,0,0,0,0,0,0,0,0,0,0,0,0,4,0,0,0,0,0,4,0,0,0,0,0,0,0,0,0,0,0,0,0,0,0,0,0,0,0,0,0,0,0,0,0,0,0,0,0,0,0,0,0,0,0,4,0,0,0,0,0,0,0,0,5,4,0,0,0,0,0,0,0,5,5,0,3,0,0,0,0,0,6,0,0,0,0,0,0,0,0,3,0,6,3,0,0,0,0,0,3,0,0,0,0,0,0,0,0,0,0,0,0,0,0,0,0,0,0,0,0,0,0,0,0,0,0,0,8,4,12,8,0,0,0,0,34
SAL20808,0,0,0,0,0,0,0,0,0,0,0,0,0,0,0,0,0,0,0,0,0,0,0,0,0,0,0,0,0,0,0,0,0,0,0,4,0,0,0,0,0,0,0,0,0,0,0,0,0,0,0,0,0,0,0,0,0,0,0,0,0,0,0,0,0,0,0,0,0,0,0,0,0,0,0,0,0,0,0,0,6,0,0,0,3,0,0,0,0,6,0,0,0,0,0,0,0,0,0,0,0,0,0,0,0,0,0,0,0,0,0,0,0,0,0,0,0,0,0,0,0,0,0,0,0,0,0,0,0,0,0,0,0,0,0,3,0,3,7,0,0,0,3,19
SAL20809,9,0,0,0,0,0,0,3,13,14,0,0,0,0,0,0,0,14,19,6,0,0,0,0,0,0,19,3,5,4,0,0,0,0,0,13,5,3,4,0,0,0,0,0,16,5,0,14,8,3,0,0,0,31,7,5,4,0,0,0,0,0,22,3,4,12,11,0,0,0,0,32,0,4,3,10,0,0,0,0,19,3,0,3,5,7,0,0,0,27,7,0,10,9,0,0,0,9,41,0,5,10,6,6,0,0,4,30,7,0,3,5,0,0,0,4,16,3,0,0,4,0,0,0,0,7,0,0,0,0,0,0,0,0,11,79,25,63,64,23,3,3,23,292
SAL20810,0,0,0,0,0,0,0,0,0,4,0,0,0,0,0,0,0,4,0,0,0,0,0,0,0,0,0,0,0,0,0,0,0,0,0,0,0,0,0,0,0,0,0,0,0,0,0,0,0,0,0,0,0,0,0,0,0,0,0,0,0,0,0,0,0,0,0,0,0,0,0,0,0,0,0,0,0,0,0,0,5,0,0,0,0,0,0,0,0,0,0,0,0,0,0,0,0,0,0,0,0,0,0,0,0,0,0,0,0,0,0,0,0,0,0,0,0,0,0,0,0,0,0,0,0,0,0,0,0,0,0,0,0,0,4,6,3,0,5,0,5,0,0,19
SAL20811,0,0,0,0,0,0,0,0,0,0,0,0,0,0,0,0,0,0,0,0,0,0,0,0,0,0,0,0,0,0,0,0,0,0,0,0,0,0,0,0,0,0,0,0,0,0,0,0,0,0,0,0,0,0,0,0,0,0,0,0,0,0,0,0,0,0,0,0,0,0,0,0,0,0,0,0,0,0,0,0,4,0,0,0,0,0,0,0,0,0,0,0,0,0,0,0,0,0,0,0,0,0,0,0,0,0,0,0,0,0,0,0,0,0,0,0,0,0,0,0,0,0,0,0,0,0,0,0,0,0,0,0,0,0,0,0,3,0,0,0,0,0,0,3
SAL20812,5,0,0,0,0,0,0,0,5,10,0,0,0,0,0,0,0,10,4,0,0,0,0,0,0,0,6,0,0,0,0,0,0,0,0,5,0,0,0,0,0,0,0,0,9,0,0,3,0,0,0,0,0,4,0,0,0,7,0,0,0,0,10,0,3,3,0,0,0,0,0,10,0,0,0,3,0,3,0,0,10,0,0,0,3,0,0,0,0,4,0,0,0,4,0,0,0,0,9,0,0,6,0,0,3,0,0,6,0,0,0,0,0,0,4,0,5,0,0,0,0,0,0,0,0,4,0,0,0,0,0,0,0,0,6,26,10,21,19,3,5,8,8,97
SAL20813,12,0,0,0,0,0,0,0,14,12,4,0,0,0,0,0,0,15,3,3,0,0,0,0,0,0,12,0,0,6,0,6,0,0,3,13,0,0,5,3,5,0,0,4,21,5,0,8,0,0,0,0,0,13,3,3,5,0,4,0,4,3,25,6,0,6,10,4,0,0,0,33,4,0,13,11,5,0,0,0,35,10,3,18,14,7,0,0,5,53,10,5,15,6,5,0,0,5,47,6,7,10,12,9,0,0,0,40,4,5,9,12,6,5,0,5,38,6,4,6,5,4,0,0,0,21,0,0,4,0,0,4,5,0,12,78,48,107,76,34,14,13,31,396
SAL20814,0,0,0,0,0,0,0,0,0,0,0,0,0,0,0,0,0,0,0,0,0,0,0,0,0,0,0,0,0,0,0,0,0,0,0,0,0,0,0,0,0,0,0,0,0,0,0,0,0,0,0,0,0,0,0,0,0,0,0,0,0,0,0,0,0,4,0,0,0,0,0,9,0,0,0,0,0,0,0,0,0,0,0,0,0,0,0,0,0,5,0,0,0,0,0,0,0,0,3,0,0,0,0,0,0,0,0,0,0,0,0,0,0,0,0,0,0,0,0,0,0,0,0,0,0,0,0,0,0,0,0,0,0,0,0,8,5,12,4,0,0,0,0,30
SAL20815,4,0,0,0,0,0,0,0,4,0,0,0,0,0,0,0,0,0,0,0,0,0,0,0,0,0,0,0,0,0,0,0,0,0,0,0,0,0,0,0,0,0,0,0,0,0,0,0,0,0,0,0,0,0,0,0,0,0,0,0,0,0,0,0,0,0,0,0,0,0,0,0,0,0,0,0,0,0,0,0,0,0,0,0,0,0,0,0,0,0,0,0,0,0,0,0,0,0,0,0,0,0,0,0,0,0,0,3,0,0,0,0,0,0,0,0,0,0,0,0,0,0,0,0,0,0,0,0,0,0,0,0,0,0,0,4,0,0,0,0,0,0,0,5
SAL20816,11,0,0,0,0,0,0,0,11,0,4,0,0,0,0,0,0,6,4,0,0,0,0,0,0,0,9,4,6,0,0,0,0,0,0,4,5,0,8,0,0,0,0,0,23,0,4,4,3,0,0,0,0,12,4,5,8,3,0,0,0,0,14,0,5,10,3,0,0,0,0,21,3,5,9,0,0,0,0,0,18,0,0,9,4,3,0,0,0,12,0,0,5,0,0,0,0,0,10,0,3,0,0,0,0,0,0,7,0,0,3,3,0,0,0,0,5,0,0,0,0,0,0,0,0,0,0,0,0,0,0,0,0,0,0,40,22,52,23,11,0,0,10,161
SAL20817,0,0,0,0,0,0,0,0,0,0,0,0,0,0,0,0,0,0,0,0,0,0,0,0,0,0,0,0,6,0,0,0,0,0,0,6,0,0,0,0,0,0,0,0,0,0,0,0,0,0,0,0,0,3,0,0,0,0,0,0,0,0,0,0,0,0,0,0,0,0,0,0,0,0,0,0,0,0,0,0,0,0,0,0,0,0,0,0,0,7,0,0,0,0,3,0,0,0,8,0,0,0,0,0,0,0,0,0,0,0,0,0,0,0,0,0,0,0,0,0,0,0,0,0,0,0,0,0,0,0,0,0,0,0,0,3,6,4,3,4,4,0,0,25
SAL20818,0,0,0,0,0,0,0,0,0,0,0,0,0,0,0,0,0,0,0,0,0,0,0,0,0,0,0,0,0,0,0,0,0,0,0,0,0,0,0,0,0,0,0,0,0,0,0,0,0,0,0,0,0,0,0,0,0,0,0,0,0,0,0,0,0,0,0,0,0,0,0,0,0,0,0,0,0,0,0,0,0,0,0,0,0,0,0,0,0,0,0,0,0,0,0,0,0,0,4,0,0,0,0,0,0,0,0,4,0,0,0,0,0,0,0,0,0,0,0,0,0,0,0,0,0,0,0,0,0,0,0,0,0,0,0,0,0,0,9,4,0,0,0,13
SAL20819,0,0,0,0,0,0,0,0,0,0,0,0,0,0,0,0,0,0,0,0,0,0,0,0,0,0,0,0,0,0,0,0,0,0,0,0,0,0,0,0,0,0,0,0,0,0,0,0,0,0,0,0,0,0,0,0,0,0,0,0,0,0,0,0,0,0,0,0,0,0,0,0,0,0,0,0,0,0,0,0,0,0,0,0,0,0,0,0,0,0,0,0,0,0,0,0,0,0,0,0,0,0,0,0,0,0,0,0,0,0,0,0,0,0,0,0,0,0,0,0,0,0,0,0,0,0,0,0,0,0,0,0,0,0,0,0,0,0,0,0,0,0,0,0
SAL20820,6,0,0,0,0,0,0,0,6,0,0,0,0,0,0,0,0,0,0,0,0,0,0,0,0,0,0,0,0,0,0,0,0,0,0,0,0,0,0,0,0,0,0,0,0,0,0,0,0,0,0,0,0,4,0,0,0,0,0,0,0,0,0,0,0,0,0,0,0,0,0,0,0,0,3,0,0,0,0,0,11,0,0,0,0,0,0,0,0,4,0,0,0,0,0,0,0,0,6,0,0,0,0,0,0,0,0,0,0,0,0,0,0,0,0,0,0,0,0,0,0,0,0,0,0,0,0,0,0,0,0,0,0,0,0,12,0,11,7,0,4,0,0,35
SAL20821,0,0,0,0,0,0,0,0,0,0,0,0,0,0,0,0,0,0,0,0,0,0,0,0,0,0,0,0,0,0,0,0,0,0,0,0,0,0,0,0,0,0,0,0,0,0,0,0,0,0,0,0,0,0,0,0,0,0,0,0,0,0,0,0,0,0,0,0,0,0,0,0,0,0,0,0,0,0,0,0,0,4,0,0,0,0,0,0,0,4,0,0,0,0,0,0,0,0,0,0,0,0,0,0,0,0,0,0,0,0,0,0,0,0,0,0,0,0,0,0,0,0,0,0,0,0,0,0,0,0,0,0,0,0,0,3,0,4,3,0,0,0,0,10
SAL20822,26,0,0,0,0,0,0,0,21,15,0,0,0,0,0,0,0,16,24,4,0,0,0,0,0,0,25,9,5,9,4,0,0,0,0,22,5,0,10,0,0,0,0,0,26,3,0,3,6,4,0,0,0,15,11,3,18,6,8,0,0,0,41,10,3,19,4,4,4,0,0,48,14,7,27,9,5,0,0,3,61,17,11,17,18,0,0,0,3,69,9,10,34,17,6,0,6,0,79,5,5,35,24,17,0,0,3,94,5,3,10,8,3,0,0,6,38,0,0,3,0,3,0,0,4,16,0,0,4,0,9,0,3,4,27,137,62,194,112,62,9,9,27,609
SAL20823,129,0,0,0,0,0,0,13,142,125,19,6,0,0,0,0,5,156,104,37,39,8,5,0,0,12,200,53,28,45,20,11,0,0,15,178,43,27,44,24,3,0,0,7,149,29,22,48,32,4,3,0,9,146,26,19,56,35,14,5,4,9,162,40,20,62,40,16,11,4,14,201,29,28,62,34,15,5,0,11,189,31,23,63,55,22,5,13,7,205,19,16,61,51,29,8,6,12,210,17,13,59,54,26,9,4,17,198,14,5,31,35,24,5,6,7,126,7,4,20,15,21,3,6,7,89,0,10,16,19,13,8,9,11,85,649,256,606,433,204,70,50,152,2425
SAL20824,0,0,0,0,0,0,0,0,0,0,0,0,0,0,0,0,0,0,0,0,0,0,0,0,0,0,0,0,0,0,0,0,0,0,0,0,0,0,0,0,0,0,0,0,0,0,0,0,0,0,0,0,0,0,0,0,0,0,0,0,0,0,0,0,0,0,0,0,0,0,0,0,0,0,0,0,0,0,0,0,0,0,0,0,0,0,0,0,0,0,0,0,0,0,0,0,0,0,0,0,0,0,0,0,0,0,0,0,0,0,0,0,0,0,0,0,0,0,0,0,0,0,0,0,0,0,0,0,0,0,0,0,0,0,0,0,0,0,0,0,0,0,0,4
SAL20825,107,0,0,0,0,0,0,14,123,135,0,0,0,0,0,0,6,147,78,0,0,0,0,0,0,0,83,65,6,12,7,0,0,0,4,105,41,16,36,9,7,0,0,9,116,10,22,53,16,0,0,0,0,104,18,19,42,35,13,0,0,6,138,16,12,68,39,5,0,0,4,147,16,29,73,31,7,0,0,5,160,17,23,55,41,19,0,0,0,151,14,21,51,47,5,0,0,8,142,12,12,48,26,12,4,0,5,112,10,14,27,20,9,0,3,3,84,4,0,13,11,10,0,0,3,48,3,6,14,19,10,5,5,0,66,554,176,510,285,104,14,4,73,1722
SAL20826,0,0,0,0,0,0,0,3,3,0,0,0,0,0,0,0,0,0,0,0,0,0,0,0,0,0,0,0,0,0,0,0,0,0,0,0,0,0,0,0,0,0,0,0,0,0,0,0,0,0,0,0,0,0,0,0,0,0,0,0,0,0,4,3,0,0,0,0,0,0,0,0,0,0,0,0,0,0,0,0,6,0,0,0,3,0,0,0,0,3,0,0,3,0,0,0,0,0,8,0,0,0,0,0,0,0,0,4,0,0,0,0,0,0,0,0,5,0,0,0,0,0,0,0,0,0,0,0,0,0,0,0,0,0,0,10,0,13,8,3,0,0,3,33
SAL20827,28,4,0,0,0,0,0,9,38,23,10,3,5,0,0,0,5,40,20,9,5,0,0,0,0,10,43,10,8,3,3,0,0,0,12,37,3,4,3,4,0,0,0,3,22,3,9,5,6,3,3,0,8,39,12,4,11,6,4,0,0,9,50,10,4,14,14,9,8,0,0,56,7,5,17,12,7,0,0,8,56,6,7,11,4,4,0,0,9,36,4,5,14,11,7,4,3,0,53,7,0,15,19,7,4,0,7,52,0,0,8,11,0,9,0,6,35,0,0,10,4,0,3,4,0,17,0,0,6,0,6,0,0,3,19,136,60,126,96,54,22,13,83,598
SAL20828,50,0,0,0,0,0,0,4,50,58,4,4,0,0,0,0,8,71,51,6,17,3,0,0,0,9,80,34,29,16,3,0,0,0,6,92,26,10,16,8,0,3,0,8,69,7,6,17,12,0,0,0,3,51,12,7,24,4,5,0,0,3,58,11,10,23,16,6,0,0,3,77,14,0,29,20,3,0,4,9,72,14,11,25,23,3,3,0,5,91,11,3,39,17,5,0,0,3,82,8,4,16,12,10,8,0,3,65,0,0,18,10,7,3,0,4,39,7,9,10,20,6,3,3,7,55,6,8,14,12,14,9,9,3,70,317,97,257,164,68,28,19,74,1022
SAL20829,89,0,0,0,0,0,0,6,98,115,9,0,0,0,0,0,11,131,127,9,3,0,0,0,0,8,151,106,37,23,4,0,0,0,3,171,34,29,52,13,3,0,0,0,135,37,19,31,19,8,0,0,8,129,36,29,41,19,3,0,0,8,138,34,26,49,31,9,0,0,8,166,37,23,56,34,7,4,0,9,168,34,24,51,25,7,0,0,5,146,27,12,50,31,8,8,0,0,131,18,11,30,22,8,4,4,8,100,3,3,22,23,5,0,0,7,66,0,0,12,8,7,4,0,7,45,0,8,7,11,3,5,3,4,44,708,235,430,238,83,18,12,98,1822
SAL20830,47,0,0,0,0,0,0,5,56,137,0,0,0,0,0,0,13,153,275,0,0,0,0,0,0,16,292,238,26,3,3,0,0,0,20,284,154,32,18,4,3,0,0,24,238,99,15,14,4,0,0,0,15,149,80,20,18,4,3,0,0,4,138,78,20,31,15,3,0,0,16,159,68,22,50,19,4,6,3,10,174,46,20,58,28,13,0,0,12,177,46,21,53,42,11,3,3,12,190,30,22,41,37,9,3,0,21,159,15,7,33,28,6,0,0,4,101,14,3,20,9,5,0,0,0,48,19,11,21,15,7,8,0,10,84,1342,217,364,205,61,21,11,182,2401
SAL20831,7,0,0,0,0,0,0,0,7,36,0,0,0,0,0,0,0,43,4,0,0,0,0,0,0,0,9,3,0,0,0,0,0,0,0,3,0,0,0,0,0,0,0,0,0,0,0,0,3,0,0,0,0,0,0,0,0,0,0,0,0,0,0,0,0,0,0,0,0,0,0,0,0,0,0,0,0,0,0,0,0,0,0,0,0,0,0,0,0,0,0,0,0,0,0,0,0,0,0,0,0,0,0,0,0,0,0,0,0,0,0,0,0,0,0,0,0,0,0,0,0,0,0,0,0,0,0,0,0,0,0,0,0,0,0,51,0,0,5,0,0,0,9,62
SAL20832,0,0,0,0,0,0,0,0,0,3,0,0,0,0,0,0,0,4,0,0,0,0,0,0,0,0,0,0,0,0,5,0,0,0,0,5,0,0,0,0,0,0,0,0,0,0,0,0,0,0,0,0,0,0,0,0,0,0,0,0,0,0,3,0,5,0,0,0,0,0,0,4,0,0,0,0,0,0,0,0,6,0,0,3,0,0,0,0,0,3,0,0,0,0,0,0,0,0,0,0,0,0,0,0,0,0,0,0,0,0,0,0,0,0,0,0,0,0,0,0,0,0,0,0,0,0,0,0,0,0,0,0,0,0,0,0,3,0,8,0,0,0,0,27
SAL20833,11,0,0,0,0,0,0,3,17,8,0,0,0,0,0,0,3,17,12,0,7,0,0,0,0,0,20,6,8,11,4,0,0,0,0,25,8,5,0,0,0,0,0,5,27,3,4,10,0,3,0,0,3,22,7,5,5,0,4,0,0,4,25,11,0,7,3,8,0,0,5,39,6,3,12,5,5,0,0,3,34,6,4,14,15,5,6,0,4,47,3,3,8,13,3,0,0,4,36,9,3,4,6,0,0,0,3,23,0,0,9,5,0,3,3,3,20,4,0,0,5,0,0,0,0,8,0,0,0,0,0,0,0,0,8,106,46,89,61,22,8,0,33,373
SAL20834,0,0,0,0,0,0,0,0,0,0,0,0,0,0,0,0,0,0,0,0,0,0,0,0,0,0,0,0,0,0,0,0,0,0,0,0,0,0,0,0,0,0,0,0,0,0,0,0,0,0,0,0,0,0,0,0,0,0,0,0,0,0,0,0,0,0,0,0,0,0,0,0,0,0,0,0,0,0,0,0,0,0,0,0,0,0,0,0,0,0,0,0,0,6,0,0,0,0,3,0,0,0,0,0,0,0,0,0,0,0,0,4,0,0,0,0,3,0,0,0,0,0,0,0,0,0,0,0,0,0,0,0,0,0,0,3,7,6,7,0,0,0,0,22
SAL20835,0,0,0,0,0,0,0,0,0,0,0,0,0,0,0,0,0,0,0,0,0,0,0,0,0,0,0,0,0,0,0,0,0,0,0,0,0,0,0,0,0,0,0,0,0,0,0,0,0,0,0,0,0,0,0,0,0,0,0,0,0,0,0,0,0,0,0,0,0,0,0,0,0,0,0,0,0,0,0,0,0,0,0,0,0,0,0,0,0,0,0,0,0,0,0,0,0,0,0,0,0,0,0,0,0,0,0,0,0,0,0,0,0,0,0,0,0,0,0,0,0,0,0,0,0,0,0,0,0,0,0,0,0,0,0,0,0,0,0,0,0,0,0,3
SAL20836,68,0,0,0,0,0,0,0,65,46,0,0,0,0,0,0,0,54,32,16,13,4,0,0,0,0,63,22,11,17,15,10,0,0,0,74,3,12,31,15,11,0,0,0,74,10,7,26,10,13,4,0,5,74,14,8,37,14,5,0,0,0,85,8,12,34,14,4,5,0,0,68,13,3,28,20,8,0,3,6,73,15,9,36,25,0,3,0,0,91,19,5,40,26,4,0,0,3,97,20,13,45,37,12,3,0,3,132,6,15,56,20,7,4,0,13,121,12,7,25,22,13,0,4,12,100,3,3,10,18,3,5,8,19,69,276,121,393,236,100,27,21,73,1247
SAL20837,3,0,0,0,0,0,0,0,5,0,0,0,0,0,0,0,0,0,0,0,0,0,0,0,0,0,0,0,0,0,0,0,0,0,0,3,0,0,0,0,0,0,0,0,0,0,0,4,0,0,0,0,0,6,0,0,0,0,0,0,0,0,0,0,0,0,6,0,0,0,0,4,0,0,5,0,3,0,0,0,6,0,0,0,0,0,0,0,0,5,0,0,0,0,0,0,0,0,3,0,0,0,0,0,0,0,0,4,0,0,0,4,0,0,0,0,6,0,0,0,0,0,0,0,0,0,0,0,0,0,0,0,0,0,0,6,3,12,11,4,0,0,0,37
SAL20838,366,0,0,0,0,0,0,42,408,332,41,5,3,0,0,0,36,415,232,71,58,15,6,0,4,32,425,158,79,118,45,11,0,0,25,446,68,68,133,81,17,14,8,19,406,69,58,127,96,40,10,6,20,423,48,53,166,129,35,6,4,21,469,64,36,202,111,52,8,6,33,521,71,51,181,136,45,13,3,31,531,62,46,177,172,61,14,3,26,563,37,41,205,165,51,10,3,29,543,34,29,168,123,47,10,7,48,465,29,17,100,102,50,12,8,47,373,17,8,55,68,45,30,14,42,285,15,17,45,65,43,32,34,86,333,1601,622,1738,1315,507,178,110,540,6613
SAL20839,23,0,0,0,0,0,0,0,25,13,0,0,0,0,0,0,0,8,3,0,3,0,0,0,0,0,5,7,0,0,0,0,0,0,0,10,5,3,10,3,0,0,0,0,20,0,0,9,3,0,0,0,0,13,0,4,10,3,3,0,0,0,24,5,0,9,9,4,0,0,0,21,0,0,6,4,6,0,0,0,20,3,3,14,6,0,0,0,0,31,0,0,5,9,0,0,0,0,20,0,0,9,10,0,0,0,0,24,0,0,0,0,3,0,0,0,14,0,0,0,0,0,0,0,0,3,0,0,0,0,0,0,3,3,6,58,19,77,44,21,4,3,7,242
SAL20840,10,0,0,0,0,0,0,0,13,6,0,0,0,0,0,0,0,6,0,0,0,0,0,0,0,0,3,8,3,0,0,0,0,0,0,9,0,3,11,3,0,0,0,0,12,0,0,5,0,0,0,0,0,10,0,0,10,9,0,0,0,0,22,3,0,6,5,0,0,0,0,21,0,0,9,9,0,0,0,0,13,0,3,4,10,3,0,0,0,19,5,0,4,3,0,0,0,0,12,0,0,6,4,0,0,0,6,17,0,0,0,0,0,0,0,0,0,0,0,0,4,0,0,0,0,5,0,0,0,0,0,0,0,0,0,41,11,50,39,9,9,0,8,173
SAL20841,3,0,0,0,0,0,0,0,5,11,0,0,0,0,0,0,0,7,10,3,0,0,0,0,0,3,10,5,0,0,0,0,0,0,0,9,0,0,3,0,0,0,0,0,7,0,0,0,0,0,0,0,0,0,0,0,0,4,0,0,0,0,7,4,0,0,0,0,0,0,0,7,0,0,0,0,3,0,0,0,11,0,0,4,0,3,0,0,0,5,0,0,0,0,0,0,0,0,0,0,0,0,0,0,0,0,0,4,0,0,0,0,0,0,0,0,0,0,0,0,0,0,0,0,0,0,0,0,0,0,0,0,0,0,0,28,4,10,12,11,4,0,8,86
SAL20842,0,0,0,0,0,0,0,0,0,0,0,0,0,0,0,0,0,0,5,0,0,0,0,0,0,0,5,0,0,0,0,0,0,0,0,4,0,0,0,0,0,0,0,4,9,0,0,4,0,0,0,0,0,3,0,0,0,4,0,0,0,0,8,0,0,0,0,0,0,0,0,3,0,0,0,0,0,0,0,0,5,0,0,0,0,0,0,0,0,0,0,0,0,0,0,0,0,0,4,0,0,0,3,0,0,0,0,3,0,0,0,0,0,0,0,0,4,0,0,0,0,0,0,0,0,0,0,0,0,0,0,0,0,0,5,13,6,10,8,6,4,0,3,46
SAL20843,34,0,0,0,0,0,0,5,39,34,0,0,0,0,0,0,6,34,17,0,0,0,0,0,0,3,20,4,0,4,0,0,0,0,0,14,7,0,11,4,0,0,0,4,28,3,4,12,10,0,0,0,0,41,7,5,24,11,5,0,0,5,50,8,6,28,11,4,0,0,0,60,7,3,15,12,3,0,0,9,47,3,8,20,18,5,0,0,4,60,3,0,17,10,5,0,0,0,35,0,0,14,13,3,0,0,4,34,0,3,5,0,0,0,0,3,11,0,0,0,6,0,0,0,0,8,0,0,0,4,0,0,0,0,9,127,38,159,93,31,5,4,35,492
SAL20844,17,0,0,0,0,0,0,5,17,5,0,0,0,0,0,0,0,8,17,3,0,0,0,0,0,0,21,4,0,4,9,0,0,0,0,24,3,0,8,3,0,0,0,0,20,3,5,3,8,3,0,0,3,18,0,0,7,4,4,0,0,4,21,4,5,10,9,3,0,4,6,38,12,4,9,7,0,6,0,0,43,4,3,11,12,4,0,0,6,41,6,6,9,9,9,0,0,5,40,0,3,15,7,5,0,0,9,43,0,0,10,3,7,0,0,4,23,3,0,0,4,0,3,0,0,16,0,0,6,10,7,4,6,8,34,75,32,95,88,47,15,10,46,406
SAL20845,0,0,0,0,0,0,0,0,5,5,0,0,0,0,0,0,0,5,0,0,0,0,0,0,0,0,0,0,0,0,0,0,0,0,0,0,0,0,0,0,0,0,0,0,0,0,0,5,5,0,0,0,0,4,0,0,0,0,0,0,0,0,3,0,0,0,0,0,0,0,0,0,0,0,0,0,0,0,0,0,0,0,0,0,0,0,0,0,0,6,0,0,3,0,0,0,0,0,8,8,0,0,0,0,0,0,0,4,0,0,0,0,0,0,0,0,0,0,0,0,0,0,0,0,0,0,0,0,0,0,0,0,0,0,0,16,3,9,7,3,3,3,0,40
SAL20846,0,0,0,0,0,0,0,0,0,0,0,0,0,0,0,0,0,0,3,0,0,0,0,0,0,0,0,0,0,0,0,0,0,0,0,0,0,0,0,0,0,0,0,0,0,0,0,0,0,0,0,0,0,0,0,0,0,0,0,0,0,0,0,0,0,0,0,0,0,0,0,0,0,0,0,0,0,0,0,0,4,0,0,0,0,0,0,0,0,0,0,0,0,0,0,0,0,0,0,0,0,3,0,0,0,0,0,3,0,0,0,0,0,0,0,0,0,0,0,0,0,0,0,0,0,0,0,0,0,0,0,0,0,0,0,3,0,6,3,4,0,0,0,25
SAL20847,0,0,0,0,0,0,0,0,0,0,0,0,0,0,0,0,0,0,0,0,0,0,0,0,0,0,0,0,0,0,0,0,0,0,0,0,0,0,0,0,0,0,0,0,0,0,0,0,0,0,0,0,0,4,0,0,0,0,0,0,0,0,7,0,0,0,0,0,0,0,0,7,0,0,0,0,0,0,0,0,3,0,0,3,0,0,0,0,0,7,0,0,0,0,0,0,0,0,4,0,0,0,0,0,0,0,0,0,0,0,0,0,0,0,0,0,0,0,0,0,0,0,0,0,0,0,0,0,5,0,0,0,0,0,3,10,5,10,5,4,0,3,0,38
SAL20848,150,0,0,0,0,0,0,10,156,137,4,0,0,0,0,0,8,153,161,17,5,0,0,0,0,11,189,114,65,35,10,0,0,0,15,237,73,55,107,20,0,0,0,12,262,35,49,97,48,3,0,0,11,250,49,34,104,26,9,3,0,3,231,46,46,100,53,9,0,0,4,262,44,32,82,48,10,0,0,4,219,31,31,88,35,14,3,0,3,202,23,16,50,26,6,0,0,6,133,14,20,39,36,8,3,0,5,121,3,13,51,24,9,4,0,5,108,3,0,30,17,16,0,0,12,83,0,3,17,21,11,8,5,15,79,890,382,803,352,99,25,10,115,2680
SAL20849,0,0,0,0,0,0,0,0,0,0,0,0,0,0,0,0,3,4,3,0,0,0,0,0,0,0,3,5,6,0,0,0,0,0,5,4,0,0,3,0,0,0,0,0,4,4,0,0,0,0,0,0,0,8,3,0,3,0,0,0,0,0,12,4,0,0,0,0,0,0,0,12,9,0,3,0,0,0,0,0,11,0,0,3,0,0,0,0,4,8,5,0,5,5,0,0,0,0,11,0,0,3,0,0,0,0,0,10,0,0,0,0,0,0,0,0,0,0,0,0,0,0,0,0,0,0,0,0,0,0,0,0,0,0,0,30,9,24,13,4,0,0,12,94
SAL20850,15,0,0,0,0,0,0,4,18,14,3,0,0,0,0,0,0,17,8,6,0,0,0,0,0,0,14,10,3,3,0,0,0,0,4,19,8,0,0,6,3,0,0,0,19,3,4,6,3,0,0,0,0,21,11,7,3,3,4,0,0,0,24,7,5,9,3,3,0,0,0,30,3,4,19,8,3,0,0,5,42,5,6,14,12,4,0,0,0,42,5,10,14,5,3,0,0,3,39,3,0,10,8,5,0,0,4,23,0,6,11,3,6,0,0,0,26,0,0,5,3,0,0,0,6,17,4,0,3,4,9,0,0,5,29,98,32,114,59,41,13,4,35,392
SAL20851,6,0,0,0,0,0,0,3,6,3,0,0,0,0,0,0,0,3,4,0,0,0,0,0,0,5,6,4,0,0,0,0,0,0,0,5,0,0,0,3,0,0,0,0,6,5,0,4,5,0,0,0,0,11,0,0,0,4,0,0,0,0,7,0,5,0,0,0,0,0,0,3,0,0,4,0,0,0,0,0,5,3,0,0,0,0,0,0,0,7,0,0,4,0,0,0,0,0,3,5,0,3,3,0,0,0,0,12,0,0,0,0,0,0,0,0,6,0,0,0,0,0,0,0,0,3,0,0,0,0,0,0,0,0,6,32,9,16,18,4,0,4,13,96
SAL20852,9,0,0,0,0,0,0,0,7,0,0,0,0,0,0,0,0,3,4,0,0,0,0,0,0,0,3,0,0,3,0,0,0,0,0,7,0,0,0,0,0,0,0,0,6,4,0,8,6,0,0,0,0,17,3,0,0,0,0,0,0,0,8,0,0,5,10,3,0,0,0,18,9,0,6,0,0,0,0,0,15,0,5,3,4,0,0,0,4,16,0,4,5,4,0,0,0,0,14,0,0,4,3,0,3,0,0,12,0,0,6,3,3,0,0,0,15,0,0,0,0,0,0,0,0,0,0,0,0,4,0,3,0,0,7,28,11,44,32,16,7,3,9,159
SAL20853,0,0,0,0,0,0,0,0,0,0,0,0,0,0,0,0,0,0,0,0,0,0,0,0,0,0,0,3,0,0,0,0,0,0,0,3,0,0,0,0,0,0,0,0,0,0,0,0,0,0,0,0,0,0,0,0,0,0,0,0,0,0,0,0,0,0,0,0,0,0,0,0,0,0,4,0,0,0,0,0,4,0,0,0,0,0,0,0,0,0,0,0,0,0,0,0,0,0,5,0,0,0,0,0,0,0,0,0,0,0,0,0,0,0,0,0,0,0,0,0,0,0,0,0,0,0,0,0,0,0,0,0,0,0,0,4,0,3,0,0,0,0,0,17
SAL20854,0,0,0,0,0,0,0,0,0,5,0,0,0,0,0,0,0,4,0,0,0,0,0,0,0,0,3,0,0,0,0,0,0,0,0,3,0,0,0,0,0,0,0,0,0,0,0,0,0,0,0,0,0,0,0,0,0,0,0,0,0,0,0,0,0,0,0,0,0,0,0,3,0,0,0,0,0,0,0,0,4,0,0,0,0,0,0,0,0,0,0,0,0,0,0,0,0,0,0,0,0,0,0,0,0,0,0,0,0,0,0,0,0,0,0,0,0,0,0,0,0,0,0,0,0,0,0,0,0,0,0,0,0,0,0,3,3,4,4,0,0,0,3,27
SAL20855,3,0,0,0,0,0,0,0,3,0,0,0,0,0,0,0,0,4,0,0,0,0,0,0,0,0,5,0,0,0,0,0,0,0,0,0,0,0,0,3,0,0,0,0,4,0,0,0,0,0,0,0,0,0,0,0,6,0,0,0,0,0,9,0,0,0,0,0,0,0,0,3,0,0,0,0,0,0,0,0,3,0,0,0,0,0,0,0,0,3,0,0,0,3,0,0,0,0,5,0,0,0,0,0,0,0,0,0,0,0,0,0,0,0,0,0,0,0,0,0,0,0,0,0,0,0,0,0,0,0,0,0,0,0,0,10,3,8,6,0,4,3,5,43
SAL20856,0,0,0,0,0,0,0,0,0,0,0,0,0,0,0,0,0,0,0,0,0,0,0,0,0,0,0,0,0,0,0,0,0,0,0,0,0,0,0,0,0,0,0,0,0,0,0,0,0,0,0,0,0,0,0,0,0,0,0,0,0,0,0,0,0,0,0,0,0,0,0,0,0,0,0,0,0,0,0,0,0,0,0,0,0,0,0,0,0,0,0,0,0,0,0,0,0,0,0,0,0,0,0,0,0,0,0,0,0,0,0,0,0,0,0,0,0,0,0,0,0,0,0,0,0,0,0,0,0,0,0,0,0,0,0,0,0,0,0,0,0,0,0,0
SAL20857,3,0,0,0,0,0,0,0,3,0,0,0,0,0,0,0,0,3,3,0,0,0,0,0,0,0,3,0,0,3,0,0,0,0,0,9,0,0,0,5,0,0,0,0,14,0,0,5,0,0,0,0,0,10,4,0,0,6,0,0,0,0,10,0,0,3,0,0,0,0,0,7,0,0,0,0,0,0,0,0,3,0,0,0,0,0,0,0,0,7,0,0,0,0,0,0,0,0,0,0,0,3,0,0,0,0,0,5,0,0,0,0,0,0,0,0,5,0,0,0,0,0,0,0,0,0,0,0,0,0,0,0,0,0,0,19,8,25,14,3,3,0,5,74
SAL20858,3,0,0,0,0,0,0,0,7,0,0,0,0,0,0,0,0,0,0,3,0,0,0,0,0,0,4,0,0,5,0,0,0,0,0,0,3,0,0,0,0,0,0,0,10,3,0,0,3,0,0,0,0,9,0,0,0,0,0,0,0,0,4,0,0,0,0,0,0,0,0,0,5,0,4,5,0,0,0,0,7,4,0,0,0,0,0,0,0,3,0,0,0,0,0,0,0,0,3,0,0,0,0,0,0,0,0,5,0,0,0,0,0,0,0,0,0,0,0,0,0,0,0,0,0,0,0,0,0,0,0,0,0,0,0,21,6,11,9,0,0,0,0,59
SAL20859,110,0,0,0,0,0,0,8,119,71,0,0,0,0,0,0,0,74,51,12,13,0,0,0,0,0,71,15,18,26,14,3,0,0,0,83,16,12,38,22,10,6,0,0,107,9,11,39,33,10,0,0,3,100,7,13,40,38,6,0,0,0,117,4,10,41,33,13,5,0,0,111,7,8,48,31,17,0,0,4,113,7,3,35,36,21,0,0,0,106,8,3,33,36,13,6,0,10,111,4,3,17,20,14,0,3,4,70,3,5,13,15,12,4,3,0,55,0,0,3,17,10,5,3,0,46,0,0,0,9,4,7,0,0,24,318,110,356,298,137,44,18,37,1314
SAL20860,9,0,0,0,0,0,0,0,8,7,0,0,0,0,0,0,0,7,4,3,0,0,0,0,0,0,5,0,0,0,0,0,0,0,0,3,0,0,0,0,0,0,0,0,5,0,0,4,0,0,0,0,0,6,0,0,5,0,0,0,0,0,4,0,5,3,0,0,0,0,0,8,0,5,4,5,0,0,0,0,11,0,0,3,0,0,0,0,0,7,0,0,3,0,0,0,0,0,3,0,0,6,4,0,0,0,0,5,0,0,0,0,0,0,0,0,4,0,0,0,3,0,0,0,0,4,0,0,0,0,0,0,0,0,0,26,12,24,17,3,3,0,7,93
SAL20861,0,0,0,0,0,0,0,0,0,3,0,0,0,0,0,0,0,0,0,0,0,0,0,0,0,0,0,0,0,0,0,0,0,0,0,0,0,0,0,0,0,0,0,0,0,3,0,0,0,0,0,0,0,3,0,0,0,0,3,0,0,4,9,0,0,0,0,0,0,0,0,3,4,0,4,3,0,0,0,3,14,0,3,0,0,0,0,0,0,7,0,0,4,4,0,0,0,4,11,0,0,3,9,0,0,0,0,6,0,0,0,0,0,0,0,0,6,0,0,0,0,0,0,0,0,7,0,0,0,0,0,0,0,3,3,18,6,15,19,6,0,0,16,83
SAL20862,11,0,0,0,0,0,0,0,10,6,0,0,0,0,0,0,6,16,9,6,3,3,0,0,0,3,27,12,0,3,3,0,0,0,0,19,6,5,7,5,0,0,0,0,19,0,3,3,0,4,0,0,3,20,3,4,8,5,0,0,0,0,18,4,4,11,3,5,0,0,4,33,6,6,6,7,3,3,0,5,41,0,0,11,13,0,0,0,0,32,0,3,14,5,3,0,0,0,25,0,0,6,4,3,0,0,6,23,4,0,9,7,7,0,0,5,34,4,0,5,3,0,0,3,3,20,0,0,0,4,4,3,0,0,20,69,40,86,69,31,7,12,53,366
SAL20863,8,0,0,0,0,0,0,4,11,13,0,0,0,0,0,0,0,12,6,3,0,3,0,0,0,0,17,7,3,0,3,0,0,0,6,19,3,6,0,4,0,0,0,4,14,0,0,14,3,0,0,0,0,23,7,0,9,3,0,0,0,0,20,8,3,9,0,0,0,0,4,34,7,3,10,3,0,0,3,0,26,0,0,10,8,3,0,0,0,26,6,4,11,10,4,0,0,6,30,0,3,5,4,4,0,0,4,21,0,0,0,6,0,0,0,0,12,0,0,0,0,0,0,0,3,15,0,0,0,0,0,0,0,0,0,73,32,69,41,16,3,9,24,270
SAL20864,308,0,0,0,0,0,0,18,328,282,4,6,8,0,0,0,19,313,436,16,7,0,0,0,0,32,493,354,81,41,7,4,6,3,28,513,173,68,86,25,9,3,7,24,391,105,63,137,59,9,0,5,14,394,91,52,134,70,7,9,5,8,384,88,65,159,52,11,3,5,13,398,85,58,135,52,3,0,3,5,337,77,50,108,44,13,0,0,12,308,60,46,107,29,10,3,4,9,272,50,48,88,41,12,10,4,16,276,18,18,64,37,12,5,4,10,164,15,12,46,26,14,3,5,10,132,14,25,61,39,13,0,4,8,171,2164,611,1169,483,124,42,51,220,4860
SAL20865,589,0,0,0,0,0,0,42,635,440,4,4,0,0,0,0,23,468,283,21,9,4,0,0,0,14,332,210,100,85,20,5,0,0,10,428,105,130,258,85,16,0,0,6,600,68,109,302,103,20,3,0,22,628,73,105,386,169,26,11,4,22,791,85,98,358,177,37,4,5,22,775,71,75,299,167,34,5,0,16,673,73,69,316,160,56,4,5,22,705,49,64,282,179,50,16,4,12,657,37,29,224,136,51,12,0,18,509,19,37,141,87,33,15,3,20,349,6,7,54,45,32,3,5,10,175,13,14,43,37,29,11,5,21,168,2126,851,2774,1373,371,73,41,285,7900
SAL20866,215,0,0,0,0,0,0,13,223,184,0,0,0,0,0,0,4,188,118,3,9,3,0,0,0,0,129,53,43,33,3,0,0,0,0,140,27,39,92,35,3,0,0,9,203,21,23,136,58,5,0,0,7,247,21,36,136,51,9,0,0,9,271,16,33,146,66,14,4,3,6,280,30,21,129,52,25,0,0,7,272,15,31,127,74,26,3,3,7,284,14,17,101,64,20,0,0,4,227,10,15,73,42,11,0,0,8,163,7,5,30,24,3,5,5,0,82,3,0,8,13,4,9,0,7,36,0,0,3,5,8,0,4,0,28,742,262,1026,490,130,24,11,66,2769
SAL20867,220,0,0,0,0,0,0,15,238,353,0,0,0,0,0,0,45,400,794,21,3,0,0,0,0,72,887,736,114,38,5,0,0,0,69,969,513,167,104,24,3,0,0,83,892,307,105,133,39,3,0,0,39,630,279,117,151,54,11,0,0,36,642,253,81,178,53,7,0,0,34,612,176,90,129,60,5,0,0,31,493,145,72,124,55,13,4,6,19,439,84,44,109,36,9,0,0,14,297,34,34,102,27,12,0,0,19,225,20,15,61,31,10,0,0,12,145,11,8,27,19,9,3,0,11,80,11,4,18,19,12,3,3,14,89,3941,878,1171,419,99,10,13,505,7044
SAL20868,158,0,0,0,0,0,0,8,175,130,5,0,0,0,0,0,16,152,82,11,8,0,0,0,0,6,111,65,28,32,18,0,0,0,3,145,29,33,71,30,3,0,0,7,184,31,24,105,38,10,0,0,8,212,28,27,94,45,10,5,0,15,222,32,27,99,55,15,3,5,9,242,26,16,76,65,15,3,0,0,211,33,20,68,48,17,3,0,3,205,15,19,67,49,31,3,0,3,188,18,14,66,42,15,7,6,0,160,7,0,29,23,20,3,0,8,91,5,6,13,10,7,5,7,5,56,0,3,13,14,9,3,0,16,61,669,233,749,441,153,34,14,122,2413
SAL20869,0,0,0,0,0,0,0,0,0,0,0,0,0,0,0,0,0,0,0,0,0,0,0,0,0,0,0,0,0,0,0,0,0,0,0,0,0,0,0,0,0,0,0,0,0,0,0,0,0,0,0,0,0,0,0,0,0,0,0,0,0,0,0,0,0,0,0,0,0,0,0,0,0,0,0,0,0,0,0,0,3,0,0,3,0,0,0,0,0,3,0,0,0,0,0,0,0,0,0,0,0,0,3,0,0,0,0,6,0,0,0,0,0,0,0,0,4,0,0,0,0,0,0,0,0,0,0,0,0,0,0,0,0,0,0,0,0,8,4,0,0,0,0,19
SAL20870,13,0,0,0,0,0,0,0,13,6,0,0,0,0,0,0,0,6,3,4,0,0,0,0,0,0,7,0,0,0,0,0,0,0,0,4,0,0,3,0,0,0,0,0,8,0,6,3,0,4,0,0,0,17,4,0,0,5,0,0,0,0,11,0,0,6,0,0,0,0,0,18,0,0,12,4,0,0,0,0,14,0,0,18,3,7,0,0,0,26,3,0,3,0,0,0,0,0,9,0,0,0,3,0,0,0,0,9,0,0,0,0,0,0,0,0,4,0,0,0,0,0,0,0,0,0,0,0,0,0,0,0,0,0,0,34,14,51,24,17,0,0,7,142
SAL20871,606,0,0,0,0,0,0,63,669,599,21,10,0,0,0,0,59,692,554,82,55,21,3,0,0,55,781,328,200,177,65,18,6,0,45,849,173,173,307,120,42,17,6,56,893,116,127,320,134,46,12,3,32,792,103,126,274,130,50,19,8,41,759,74,107,291,163,47,20,16,39,762,75,132,347,163,62,20,14,30,862,62,142,402,207,60,26,14,40,943,49,102,335,189,50,25,9,34,789,48,67,220,127,47,11,18,44,587,22,34,107,74,41,14,13,15,315,4,24,54,59,27,12,19,19,214,10,12,39,54,40,16,25,19,213,2821,1359,2944,1510,545,207,154,584,10123
SAL20872,8,0,0,0,0,0,0,0,12,4,0,0,0,0,0,0,0,4,11,7,10,0,0,0,0,3,20,9,6,3,0,0,0,0,0,14,5,0,14,3,0,0,0,6,23,5,5,6,0,0,0,0,0,15,0,4,8,0,3,0,0,5,21,0,0,5,8,3,0,0,0,26,0,0,16,4,0,0,0,0,23,0,5,7,8,3,4,0,0,26,0,0,4,7,0,0,0,0,16,0,0,5,0,0,0,0,0,3,0,0,0,0,0,0,3,0,6,0,0,0,0,0,0,0,0,3,0,0,0,0,0,0,0,0,0,46,26,74,36,18,3,8,15,223
SAL20873,0,0,0,0,0,0,0,0,0,0,0,0,0,0,0,0,0,0,0,0,0,0,0,0,0,0,0,0,0,0,0,0,0,0,0,0,0,0,0,0,0,0,0,0,0,0,0,0,0,0,0,0,0,0,0,0,0,0,0,0,0,0,0,0,0,0,0,0,0,0,0,3,0,0,0,0,0,0,0,0,0,0,0,0,0,0,0,0,0,0,0,0,0,0,0,0,0,0,0,0,0,0,0,0,0,0,0,0,0,0,0,0,0,0,0,0,0,0,0,0,0,0,0,0,0,0,0,0,0,0,0,0,0,0,0,0,3,3,4,0,0,0,0,8
SAL20874,0,0,0,0,0,0,0,0,0,0,0,0,0,0,0,0,0,0,0,0,0,0,0,0,0,0,0,0,0,0,0,0,0,0,0,0,0,0,0,0,0,0,0,0,0,0,0,0,0,0,0,0,0,0,0,0,0,0,0,0,0,0,0,0,0,0,0,0,0,0,0,0,0,0,0,0,0,0,0,0,0,0,0,0,0,0,0,0,0,0,0,0,0,0,0,0,0,0,0,0,0,0,0,0,0,0,0,0,0,0,0,0,0,0,0,0,0,0,0,0,0,0,0,0,0,0,0,0,0,0,0,0,0,0,0,0,0,0,0,0,0,0,0,0
SAL20875,0,0,0,0,0,0,0,0,0,0,0,0,0,0,0,0,0,0,3,0,0,0,0,0,0,0,3,0,0,5,0,0,0,0,0,5,0,0,0,0,0,0,0,0,0,0,0,0,0,0,0,0,0,0,0,0,0,0,0,0,0,0,4,0,0,6,0,0,0,0,0,8,4,5,0,4,0,0,0,0,8,0,0,0,0,0,0,0,0,0,0,0,4,0,0,0,0,0,6,0,0,0,0,0,0,0,3,5,0,0,0,6,4,0,0,0,10,0,0,0,0,0,0,0,0,0,0,0,0,5,0,0,0,0,3,12,6,19,13,7,0,0,3,64
SAL20876,0,0,0,0,0,0,0,0,0,0,0,0,0,0,0,0,0,0,3,0,0,0,0,0,0,0,3,0,0,0,0,0,0,0,0,0,0,0,0,0,0,0,0,0,0,0,0,0,0,0,0,0,0,0,0,0,0,0,0,0,0,0,0,0,0,3,0,0,0,0,0,7,0,0,0,0,0,0,0,0,0,0,0,0,4,0,0,0,0,5,0,0,0,0,0,0,0,0,0,0,0,0,0,0,0,0,0,0,0,0,0,0,0,0,0,0,0,0,0,0,0,0,0,0,0,0,0,0,0,0,0,0,0,0,0,0,0,3,4,4,0,0,0,16
SAL20877,20,0,0,0,0,0,0,4,19,13,0,0,0,0,0,0,0,16,11,0,0,0,0,0,0,4,13,5,7,8,4,0,0,0,0,25,6,0,11,0,0,0,0,4,23,0,3,12,3,0,0,0,0,26,3,0,7,14,0,3,0,0,31,3,4,11,7,0,0,0,3,32,5,4,7,6,0,0,0,0,30,3,3,11,5,4,0,0,3,31,5,3,5,9,4,0,0,0,29,0,0,9,7,5,0,0,3,23,3,0,0,0,0,0,0,0,8,0,0,0,0,0,0,0,0,0,0,0,0,0,0,0,0,0,0,74,30,73,59,18,9,0,38,298
SAL20878,823,0,0,0,0,0,0,64,896,893,32,11,6,0,0,0,74,1017,776,196,106,23,6,0,0,120,1229,503,335,318,119,36,8,3,89,1411,257,291,572,197,45,18,15,85,1482,169,189,454,186,79,17,14,49,1170,166,148,415,206,61,27,17,35,1081,124,124,411,184,72,25,13,38,987,96,118,410,225,74,17,20,45,1010,58,90,363,194,84,23,15,48,878,38,65,292,169,63,11,19,40,705,30,40,207,137,76,14,24,54,588,21,21,87,83,37,15,9,64,332,6,9,64,45,23,18,16,97,271,10,10,48,46,17,23,17,212,376,3975,1681,3756,1829,681,215,183,1115,13431
SAL20879,123,0,0,0,0,0,0,14,147,116,7,3,0,0,0,0,4,143,123,52,40,12,0,0,0,9,235,69,41,69,26,9,0,0,8,217,39,23,99,45,15,3,0,4,233,16,19,54,32,13,4,5,3,151,16,16,59,38,11,4,4,3,149,16,19,37,29,13,3,9,3,131,3,11,41,32,12,7,0,0,113,8,14,58,25,21,8,0,0,143,8,4,46,40,13,4,0,3,120,0,6,23,26,13,7,3,3,85,7,0,20,22,10,0,3,4,63,0,4,3,4,6,4,0,0,26,0,0,10,11,4,0,0,7,26,552,233,553,335,148,38,35,83,1982
SAL20880,0,0,0,0,0,0,0,0,0,5,0,0,0,0,0,0,0,4,0,0,0,0,0,0,0,0,3,0,0,0,0,0,0,0,0,0,0,0,0,3,0,0,0,0,0,0,0,0,0,0,0,0,0,3,0,0,0,0,0,0,0,0,0,0,0,0,0,0,0,0,0,5,0,0,0,0,0,0,0,0,0,0,0,0,0,0,0,0,0,0,0,0,0,0,0,0,0,0,0,0,0,0,0,0,0,0,0,4,0,0,0,0,0,0,0,0,0,0,0,0,0,0,0,0,0,0,0,0,0,0,0,0,0,0,0,8,4,6,10,0,0,0,6,34
SAL20881,10,0,0,0,0,0,0,0,10,6,0,0,0,0,0,0,0,6,0,0,0,0,0,0,0,0,5,0,0,0,0,0,0,0,0,0,0,0,0,0,0,0,0,0,5,4,0,0,0,0,0,0,0,0,0,0,3,4,0,0,0,0,11,0,0,0,0,0,0,0,0,10,0,0,5,3,4,0,0,0,3,0,4,9,3,3,0,0,0,9,0,0,0,4,0,0,0,0,6,0,0,0,0,0,0,0,0,3,0,0,0,0,0,0,0,0,3,0,0,0,0,0,0,0,0,0,0,0,0,0,0,0,0,0,3,22,4,22,16,12,0,0,8,79
SAL20882,0,0,0,0,0,0,0,0,0,0,0,0,0,0,0,0,0,0,0,0,0,0,0,0,0,0,0,0,0,0,0,0,0,0,0,0,0,0,0,0,0,0,0,0,0,0,0,0,0,0,0,0,0,0,0,0,0,0,0,0,0,0,0,0,0,0,0,0,0,0,0,0,0,0,0,0,0,0,0,0,0,0,0,0,0,0,0,0,0,0,0,0,0,0,0,0,0,0,0,0,0,0,0,0,0,0,0,0,0,0,0,0,0,0,0,0,0,0,0,0,0,0,0,0,0,0,0,0,0,0,0,0,0,0,0,0,0,0,0,0,0,0,0,0
SAL20883,5,0,0,0,0,0,0,0,5,3,0,0,0,0,0,0,0,3,5,0,0,0,0,0,0,7,7,0,0,0,0,0,0,0,0,3,0,0,0,0,0,0,0,0,6,0,0,0,0,0,0,0,0,0,0,0,4,3,0,0,0,0,10,0,0,5,5,0,0,0,0,13,0,0,4,4,0,0,0,0,17,0,0,3,3,0,0,0,0,12,0,0,0,5,0,0,0,0,13,0,0,0,4,4,0,0,4,12,0,0,0,3,0,0,0,0,8,0,0,0,0,0,0,0,0,0,0,0,0,0,0,0,0,0,0,21,5,19,26,15,4,0,6,99
SAL20884,0,0,0,0,0,0,0,0,0,0,0,0,0,0,0,0,0,0,0,0,0,0,0,0,0,0,0,0,0,0,0,0,0,0,0,0,0,0,0,0,0,0,0,0,0,0,0,0,0,0,0,0,0,0,0,0,0,0,0,0,0,0,0,0,0,0,0,0,0,0,0,0,0,0,0,0,0,0,0,0,0,0,0,0,0,0,0,0,0,0,0,0,0,0,0,0,0,0,0,0,0,0,0,0,0,0,0,0,0,0,0,0,0,0,0,0,0,0,0,0,0,0,0,0,0,0,0,0,0,0,0,0,0,0,0,0,0,6,0,0,0,0,0,6
SAL20885,553,0,0,0,0,0,0,29,584,720,7,0,0,0,0,0,65,794,739,39,3,3,0,0,0,75,859,558,145,70,11,0,0,0,43,835,320,150,231,59,12,0,0,37,802,188,114,287,101,14,0,0,32,739,165,124,297,146,23,0,0,28,793,153,90,335,160,31,12,3,24,797,111,91,285,162,35,3,3,24,700,107,73,265,135,42,3,0,21,654,97,61,203,113,40,9,5,18,549,54,32,145,114,33,6,10,22,415,32,16,99,82,31,11,4,21,305,24,21,65,46,32,14,15,17,235,34,30,67,92,45,29,37,19,349,3848,990,2357,1232,343,92,78,463,9409
SAL20886,0,0,0,0,0,0,0,0,0,0,0,0,0,0,0,0,0,0,0,0,0,0,0,0,0,0,0,0,0,0,0,0,0,0,0,0,0,0,0,0,0,0,0,0,0,0,0,0,0,0,0,0,0,0,0,0,0,0,0,0,0,0,4,0,0,0,0,0,0,0,0,0,0,0,0,0,0,0,0,0,0,0,0,0,0,0,0,0,0,0,0,0,0,0,0,0,0,0,0,0,0,0,0,0,0,0,0,0,0,0,0,0,0,0,0,0,0,0,0,0,0,0,0,0,0,0,0,0,0,0,0,0,0,0,0,4,0,0,0,0,0,0,0,6
SAL20887,73,0,0,0,0,0,0,0,73,103,0,0,0,0,0,0,9,107,126,5,0,0,0,0,0,8,146,107,26,16,0,0,0,0,11,160,55,39,42,7,0,0,0,8,153,17,25,31,14,0,0,0,9,95,27,14,41,13,0,0,0,3,102,31,14,40,17,3,0,0,7,113,24,13,27,21,0,0,0,7,96,14,15,25,18,3,0,0,3,84,17,11,35,10,8,0,0,8,92,3,4,26,15,5,0,0,3,54,0,5,12,10,3,0,0,6,39,3,6,9,8,8,3,0,3,39,3,4,20,18,10,0,9,0,66,618,175,334,152,48,5,10,78,1412
SAL20888,58,0,0,0,0,0,0,0,60,44,0,0,0,0,0,0,4,44,23,0,0,0,0,0,0,0,28,35,8,7,0,0,0,0,5,52,16,10,26,7,0,0,0,0,57,7,7,17,13,7,0,0,0,46,5,13,32,19,3,0,0,0,73,9,7,33,16,0,0,0,0,65,4,14,18,16,6,0,0,0,60,7,0,12,3,0,0,0,0,37,0,4,18,5,3,4,0,4,40,3,4,15,9,0,0,0,0,32,4,4,9,6,0,0,0,0,22,0,0,4,7,5,0,0,0,25,0,4,0,5,10,5,0,5,26,210,65,197,115,27,10,0,24,660
SAL20889,46,0,0,0,0,0,0,3,53,56,3,0,0,0,0,0,6,73,58,14,15,5,0,0,0,11,101,43,33,19,12,0,0,0,5,114,18,13,21,13,3,0,0,3,80,12,14,22,8,6,4,0,8,70,9,13,14,11,6,6,4,5,67,11,13,15,3,6,6,3,0,49,10,4,16,8,8,0,0,0,46,9,5,21,8,5,8,0,13,72,0,5,22,10,7,0,0,3,46,5,3,15,11,10,3,5,9,45,4,4,11,9,10,4,0,6,46,0,0,13,3,3,0,5,6,33,0,0,8,10,0,0,9,8,40,286,129,207,112,60,26,23,84,926
SAL20890,0,0,0,0,0,0,0,0,0,4,0,0,0,0,0,0,0,4,0,0,0,0,0,0,0,0,0,0,0,0,0,0,0,0,0,0,0,0,0,0,0,0,0,0,0,0,0,0,0,0,0,0,0,0,0,0,0,0,0,0,0,0,0,0,0,0,5,0,0,0,0,5,0,0,0,0,0,0,0,0,4,0,0,0,0,0,0,0,0,0,0,0,0,0,0,0,0,0,0,0,0,0,0,0,0,0,0,0,0,0,0,0,0,0,0,0,0,0,0,0,0,0,0,0,0,0,0,0,0,0,0,0,0,0,0,4,0,3,0,4,0,0,0,20
SAL20891,17,0,0,0,0,0,0,0,20,21,0,0,0,0,0,0,3,26,16,5,3,0,0,0,0,4,32,9,4,3,0,0,0,0,0,25,3,6,7,3,0,0,0,0,19,0,3,9,4,0,0,0,0,19,6,3,5,0,0,0,0,3,21,0,0,6,0,5,0,0,5,17,0,7,7,4,0,0,0,0,21,6,0,5,0,0,6,0,0,23,4,0,0,3,0,0,0,0,18,0,5,3,4,0,0,0,0,17,3,0,0,0,5,3,0,0,15,0,0,0,0,0,0,3,0,3,0,0,6,0,0,0,0,0,9,88,31,66,33,19,10,3,29,270
SAL20892,67,0,0,0,0,0,0,9,78,40,3,4,0,0,0,0,5,49,43,13,15,4,0,0,0,6,81,24,14,20,6,5,0,0,6,77,15,18,25,13,5,4,0,12,92,17,11,30,18,8,0,0,7,95,14,15,29,18,3,0,0,7,93,14,19,24,20,10,8,3,4,93,17,18,41,33,7,3,0,10,130,23,14,45,30,17,0,0,17,155,16,18,53,46,21,3,0,10,167,12,8,61,29,9,0,6,22,146,14,6,24,32,12,3,9,14,112,8,3,11,20,16,6,4,11,87,16,8,18,32,23,6,8,10,120,335,178,407,305,148,39,36,146,1590
SAL20893,3,0,0,0,0,0,0,4,8,3,0,0,0,0,0,0,0,8,0,0,0,0,0,0,0,0,5,4,0,0,0,0,0,0,0,4,6,0,7,0,0,0,0,0,11,0,0,0,0,0,0,0,0,4,4,0,0,0,0,0,0,3,13,0,4,3,0,0,0,0,0,8,5,0,0,0,0,0,0,5,12,0,0,6,0,0,0,0,4,19,0,0,6,0,0,0,0,0,10,0,0,0,3,0,0,0,0,3,0,0,0,0,0,0,0,0,3,0,0,0,0,0,0,0,0,0,0,0,0,0,0,0,0,0,4,29,10,22,23,0,3,0,23,104
SAL20894,0,0,0,0,0,0,0,0,4,6,0,0,0,0,0,0,0,6,5,0,0,0,0,0,0,0,3,0,0,0,0,0,0,0,0,4,0,0,0,0,0,0,0,0,0,3,0,0,0,0,0,0,0,3,0,0,0,0,0,0,0,0,4,0,0,0,0,0,0,0,0,4,5,0,0,0,0,0,0,0,6,0,0,3,4,0,0,0,0,9,6,0,3,0,0,0,0,5,12,0,0,0,0,0,0,0,0,6,0,0,0,0,0,0,0,0,0,0,0,0,0,0,0,0,0,0,0,0,0,0,0,0,0,0,0,18,5,16,7,9,4,5,7,55
SAL20895,0,0,0,0,0,0,0,0,0,0,0,0,0,0,0,0,0,0,0,0,0,0,0,0,0,0,0,0,0,0,0,0,0,0,0,0,0,0,0,0,0,0,0,0,0,0,0,0,0,0,0,0,0,0,0,0,0,0,0,0,0,0,0,0,0,0,0,0,0,0,0,0,0,0,0,0,0,0,0,0,0,0,0,0,0,0,0,0,0,0,0,0,0,0,0,0,0,0,0,0,0,0,0,0,0,0,0,0,0,0,0,0,0,0,0,0,0,0,0,0,0,0,0,0,0,0,0,0,0,0,0,0,0,0,0,0,0,0,5,0,0,0,0,4
SAL20896,4,0,0,0,0,0,0,0,4,3,0,0,0,0,0,0,6,11,0,0,0,0,0,0,0,0,3,0,3,0,0,0,0,0,0,5,0,0,0,0,0,0,0,0,6,0,0,0,3,0,0,0,4,9,0,3,9,0,0,0,0,0,7,3,0,0,0,0,0,0,0,6,3,0,0,3,0,0,0,0,9,0,0,3,0,0,0,0,0,4,0,0,3,4,0,0,0,0,6,0,0,3,0,3,3,0,0,7,0,0,0,8,3,0,0,0,12,0,0,0,0,0,0,0,0,0,0,0,0,0,0,0,0,0,0,19,7,20,21,3,3,0,10,83
SAL20897,3,0,0,0,0,0,0,0,3,0,0,0,0,0,0,0,0,0,4,0,0,0,0,0,0,0,4,6,0,0,0,0,0,0,0,6,0,0,0,0,0,0,0,0,0,0,0,5,0,0,0,0,0,9,0,0,3,0,0,0,0,0,9,0,0,3,0,0,0,0,0,10,0,0,3,0,0,0,0,0,6,3,0,4,6,6,0,0,0,15,0,0,0,0,0,0,0,0,4,0,0,0,0,0,0,0,0,5,0,0,0,0,0,0,0,0,3,0,0,0,0,0,0,0,0,0,0,0,0,0,0,0,0,0,0,14,7,20,4,7,4,5,5,61
SAL20898,0,0,0,0,0,0,0,0,0,0,0,0,0,0,0,0,0,0,0,0,0,3,0,0,0,0,4,0,0,0,0,0,0,0,0,0,0,0,0,0,0,0,0,0,4,0,0,0,6,0,0,0,0,10,0,0,0,0,0,0,0,0,0,0,0,3,0,0,0,0,0,3,0,0,0,3,0,0,0,0,5,0,0,5,3,0,0,0,0,3,0,3,0,0,0,0,0,0,9,0,0,0,0,0,0,0,0,4,0,0,0,0,0,0,0,0,0,0,0,0,0,0,0,0,0,0,0,0,0,0,0,0,0,0,0,15,3,13,10,5,0,0,8,51
SAL20899,93,0,0,0,0,0,0,9,100,39,0,3,0,0,0,0,0,46,37,10,7,7,0,0,0,0,62,26,33,38,19,0,0,0,4,118,20,24,61,34,7,0,0,0,148,15,32,76,27,3,0,0,0,154,13,13,57,14,10,0,0,3,109,12,15,37,19,0,0,0,3,86,8,3,26,15,9,0,0,4,66,5,0,25,12,0,0,0,0,47,0,0,26,7,9,4,0,0,53,0,0,12,19,4,3,0,0,43,0,3,3,4,0,0,0,0,16,0,0,0,0,3,0,0,0,5,0,0,0,3,0,0,0,0,3,271,138,372,185,44,11,6,27,1050
SAL20900,4,0,0,0,0,0,0,0,4,0,0,0,0,0,0,0,0,0,0,0,0,0,0,0,0,0,0,0,0,0,0,0,0,0,0,0,0,0,0,0,0,0,0,0,0,0,0,0,0,0,0,0,0,0,0,0,0,0,0,0,0,0,0,0,0,0,0,0,0,0,0,0,0,0,5,0,0,0,0,0,3,0,0,0,0,0,0,0,0,0,0,0,0,0,0,0,0,5,4,0,0,0,0,0,0,0,0,0,0,0,0,0,0,0,0,0,0,0,0,0,0,0,0,0,0,0,0,0,0,0,0,0,0,0,0,5,0,3,8,0,0,0,4,20
SAL20901,127,0,0,0,0,0,0,14,140,173,0,0,0,0,0,0,9,189,263,4,6,0,0,0,0,19,289,262,46,22,3,0,0,0,17,352,160,55,85,21,0,0,0,16,336,82,40,88,19,5,0,0,5,244,74,43,82,40,5,0,0,12,249,66,34,66,36,6,0,0,10,217,67,31,75,30,10,0,0,9,213,37,28,50,28,4,3,0,10,162,41,18,48,20,8,0,0,8,139,25,11,28,36,12,0,0,10,128,8,6,24,25,14,0,0,6,80,6,6,20,20,9,0,0,0,63,4,0,34,14,9,3,0,3,73,1393,318,618,286,83,16,6,148,2873
SAL20902,10,0,0,0,0,0,0,0,10,3,0,0,0,0,0,0,0,3,9,0,0,0,0,0,0,0,9,0,0,0,0,0,0,0,0,7,0,3,0,0,0,0,0,0,6,0,0,0,0,3,0,0,0,8,0,3,7,0,0,0,0,0,11,5,0,3,0,0,0,0,0,15,4,3,12,0,0,0,0,0,23,6,0,10,4,3,0,0,0,26,0,3,3,7,0,0,0,0,13,0,0,10,7,0,0,0,0,16,0,0,3,0,0,0,0,0,14,0,0,0,0,0,0,0,0,0,0,0,0,0,0,0,0,0,0,44,18,60,28,10,4,0,8,168
SAL20903,0,0,0,0,0,0,0,0,0,0,0,0,0,0,0,0,0,0,0,0,0,0,0,0,0,0,0,0,0,0,0,0,0,0,0,0,0,0,0,0,0,0,0,0,0,0,0,0,0,0,0,0,0,0,0,0,0,0,0,0,0,0,0,0,0,0,0,0,0,0,0,0,0,0,0,0,0,0,0,0,0,0,0,0,0,0,0,0,0,0,0,0,0,0,0,0,0,0,0,0,0,0,0,0,0,0,0,0,0,0,0,0,0,0,0,0,0,0,0,0,0,0,0,0,0,0,0,0,0,0,0,0,0,0,0,0,0,0,0,0,0,0,0,7
SAL20904,4,0,0,0,0,0,0,0,4,3,0,0,0,0,0,0,0,5,0,0,0,0,0,0,0,0,4,0,0,0,0,0,0,0,0,0,0,0,0,0,0,0,0,0,5,0,0,0,0,0,0,0,0,4,0,0,0,0,0,0,0,0,3,0,0,0,0,0,0,0,0,3,0,0,0,0,0,0,0,0,4,0,0,0,0,0,0,0,0,3,0,0,4,0,0,0,0,0,7,0,0,0,0,0,0,0,0,0,0,0,0,0,0,0,0,0,0,0,0,0,0,0,0,0,0,0,0,0,0,0,0,0,0,0,0,6,3,12,3,6,3,0,0,39
SAL20905,0,0,0,0,0,0,0,0,0,0,0,0,0,0,0,0,0,0,0,0,0,0,0,0,0,0,0,0,0,0,0,0,0,0,0,0,0,0,0,0,0,0,0,0,0,0,0,0,0,0,0,0,0,0,0,0,0,0,0,0,0,0,0,0,0,0,0,0,0,0,0,0,0,0,0,0,0,0,0,0,0,0,0,0,0,0,0,0,0,0,0,0,0,0,0,0,0,0,0,0,0,0,0,0,0,0,0,0,0,0,0,0,0,0,0,0,0,0,0,0,0,0,0,0,0,0,0,0,0,0,0,0,0,0,0,0,0,0,0,0,0,0,0,0
SAL20906,7,0,0,0,0,0,0,3,15,19,0,0,0,0,0,0,10,34,22,0,0,0,0,0,0,3,27,8,3,0,0,0,0,0,8,12,8,3,0,0,0,0,0,0,12,6,0,4,0,0,0,0,0,6,0,0,0,0,0,0,0,0,4,0,0,3,4,0,0,0,4,13,4,3,0,0,0,0,0,0,4,4,0,0,0,0,0,0,0,9,0,0,0,0,0,0,0,0,0,0,0,0,0,0,0,0,0,0,0,0,0,0,0,0,0,0,0,0,0,0,0,0,0,0,0,0,0,0,0,0,0,0,0,0,0,76,8,11,12,0,0,0,29,138
SAL20907,6,0,0,0,0,0,0,0,6,4,0,0,0,0,0,0,0,4,0,0,0,0,0,0,0,0,0,3,0,0,0,0,0,0,0,3,0,0,4,0,0,0,0,0,3,0,0,0,4,0,0,0,0,7,4,0,6,0,0,0,0,0,15,0,0,0,0,0,0,0,0,4,0,0,7,5,0,0,0,0,7,5,0,0,4,0,0,0,3,12,0,4,5,5,0,0,0,0,6,0,0,0,4,0,0,0,0,10,0,0,0,0,0,0,0,0,0,0,0,0,0,0,0,0,0,0,0,0,0,0,0,0,0,0,0,19,14,15,17,3,0,0,0,79
SAL20908,0,0,0,0,0,0,0,0,0,0,0,0,0,0,0,0,6,6,0,0,0,0,0,0,0,0,0,0,0,0,0,0,0,0,0,0,0,0,0,0,0,0,0,0,0,0,0,0,0,0,0,0,0,0,0,0,0,0,0,0,0,0,10,0,0,0,0,0,0,0,0,9,0,0,3,0,0,0,0,0,4,0,0,0,0,0,0,0,0,0,0,0,0,0,0,0,0,0,4,0,0,3,0,0,0,0,0,3,0,0,0,5,0,0,0,0,5,0,0,0,0,0,0,0,0,0,0,0,0,0,0,0,0,0,0,0,0,16,9,0,0,0,4,29
SAL20909,306,0,0,0,0,0,0,54,364,340,24,12,3,0,0,0,36,416,283,59,50,23,10,0,0,40,473,226,115,118,65,27,4,4,50,607,114,106,137,111,48,16,12,37,582,72,57,138,81,44,14,10,37,444,62,47,109,57,26,12,14,21,350,63,47,112,68,30,8,9,18,364,70,33,99,74,31,11,14,10,335,45,29,103,71,20,8,8,22,303,33,19,67,61,24,12,14,18,239,21,8,85,45,30,10,15,17,232,12,14,72,65,24,11,7,18,215,3,11,88,83,29,20,10,27,269,12,33,94,87,29,7,20,38,311,1657,611,1276,882,366,138,126,444,5506
SAL20910,0,0,0,0,0,0,0,0,0,0,0,0,0,0,0,0,0,0,0,0,0,0,0,0,0,0,0,0,0,0,0,0,0,0,0,0,0,0,0,0,0,0,0,0,0,0,0,0,0,0,0,0,0,0,0,0,0,0,0,0,0,0,0,0,0,3,0,0,0,0,0,5,0,0,4,0,0,0,0,0,4,0,0,0,0,0,0,0,0,0,0,0,0,0,0,0,0,0,5,0,0,0,0,0,0,0,0,0,0,0,0,0,0,0,0,0,0,0,0,0,0,0,0,0,0,0,0,0,0,0,0,0,0,0,0,0,0,6,0,4,0,0,0,10
SAL20911,0,0,0,0,0,0,0,0,0,0,0,0,0,0,0,0,0,0,0,0,0,0,0,0,0,0,0,0,0,0,0,0,0,0,0,0,0,0,0,0,0,0,0,0,0,0,0,0,0,0,0,0,0,0,0,0,0,0,0,0,0,0,0,0,0,0,0,0,0,0,0,0,0,0,0,0,0,0,0,0,0,0,0,0,0,0,0,0,0,0,0,0,0,0,0,0,0,0,0,0,0,0,0,0,0,0,0,0,0,0,0,0,0,0,0,0,0,0,0,0,0,0,0,0,0,0,0,0,0,0,0,0,0,0,0,0,0,0,4,0,0,0,4,5
SAL20912,0,0,0,0,0,0,0,0,0,3,0,0,0,0,0,0,0,8,0,0,0,0,0,0,0,0,0,0,0,0,0,0,0,0,0,0,0,0,0,0,0,0,0,0,3,0,0,4,0,0,0,0,0,9,0,0,0,0,0,0,0,0,5,0,0,0,0,0,0,0,0,4,0,4,5,0,0,0,0,3,5,0,0,0,0,0,0,0,0,3,0,0,0,0,0,0,0,0,6,0,0,0,0,0,0,0,3,9,0,0,0,6,0,0,0,5,3,0,0,0,0,0,0,0,0,3,0,0,0,0,0,0,0,0,0,9,3,17,8,3,0,0,14,57
SAL20913,4,0,0,0,0,0,0,0,4,0,0,0,0,0,0,0,0,0,3,4,0,0,0,0,0,0,8,0,5,0,0,0,0,0,0,7,0,0,0,0,0,0,0,0,6,0,0,0,0,0,0,0,0,12,0,0,4,0,0,0,0,0,5,0,0,0,3,0,0,0,0,3,0,0,0,7,0,0,0,0,7,0,0,4,4,0,0,0,0,13,4,0,4,0,0,0,0,0,9,0,0,0,0,0,0,0,0,0,0,0,0,0,0,0,0,0,3,0,0,0,0,0,0,0,0,0,0,0,0,0,0,0,0,0,0,15,8,16,20,3,9,0,3,74
SAL20914,0,0,0,0,0,0,0,0,0,0,0,0,0,0,0,0,0,0,0,0,0,0,0,0,0,0,0,0,0,0,0,0,0,0,0,6,0,0,0,0,0,0,0,0,0,0,0,0,0,0,0,0,0,0,0,3,0,0,0,0,0,0,3,0,0,0,0,0,0,0,0,3,0,0,0,0,0,0,0,0,0,0,0,0,0,0,0,0,0,0,0,0,0,0,0,0,0,0,0,0,0,0,0,0,0,0,0,0,0,0,0,0,0,0,0,0,0,0,0,0,0,0,0,0,0,0,0,0,0,0,0,0,0,0,0,4,3,4,5,0,0,3,0,21
SAL20915,0,0,0,0,0,0,0,0,0,0,0,0,0,0,0,0,0,0,0,0,0,0,0,0,0,0,0,0,0,0,0,0,0,0,0,0,0,0,0,0,0,0,0,0,0,0,0,0,0,0,0,0,0,0,0,0,0,0,0,0,0,0,0,0,0,0,0,0,0,0,0,0,0,0,0,0,0,0,0,0,0,0,0,0,0,0,0,0,0,0,0,0,0,0,0,0,0,0,0,0,0,0,0,0,0,0,0,0,0,0,0,0,0,0,0,0,0,0,0,0,0,0,0,0,0,0,0,0,0,0,0,0,0,0,0,0,0,4,0,0,0,0,0,7
SAL20916,0,0,0,0,0,0,0,0,0,0,0,0,0,0,0,0,0,0,0,0,0,0,0,0,0,0,0,0,0,0,0,0,0,0,0,0,0,0,0,0,0,0,0,0,0,0,0,0,0,0,0,0,0,0,0,0,0,0,0,0,0,0,0,0,0,0,0,0,0,0,0,0,0,0,0,0,0,0,0,0,0,0,0,0,0,0,0,0,0,0,0,0,0,0,0,0,0,0,0,0,0,0,0,0,0,0,0,0,0,0,0,0,0,0,0,0,0,0,0,0,0,0,0,0,0,0,0,0,0,0,0,0,0,0,0,0,0,0,0,0,0,0,0,0
SAL20917,715,0,0,0,0,0,0,45,763,642,21,4,0,0,0,0,58,724,608,104,49,19,0,0,0,41,821,430,240,213,54,12,0,3,47,1003,254,205,397,120,22,9,5,45,1056,183,192,396,163,40,5,0,31,1009,164,144,375,169,44,12,9,39,957,138,135,387,166,53,14,9,24,934,119,121,339,213,59,16,5,33,907,92,110,334,190,69,12,9,30,841,69,81,314,177,77,10,8,26,761,45,68,260,184,81,20,12,23,695,27,32,192,132,59,27,7,31,505,16,19,91,81,48,30,13,34,342,20,20,64,83,60,20,16,36,319,3523,1505,3416,1747,623,178,100,539,11635
SAL20918,44,0,0,0,0,0,0,3,47,32,0,0,0,0,0,0,0,33,19,5,0,0,0,0,0,0,22,16,4,3,0,0,0,0,0,28,8,8,10,6,0,0,0,6,45,10,7,28,7,0,0,0,0,58,7,12,28,11,0,0,0,0,61,14,9,27,16,3,0,0,0,74,17,5,16,14,5,0,0,0,55,4,8,27,12,3,0,0,0,56,7,9,14,15,4,0,0,0,47,5,5,19,3,5,0,0,0,42,0,3,4,11,4,0,0,4,27,4,5,5,0,0,0,0,0,6,0,0,0,5,0,0,0,0,12,183,81,188,99,31,6,3,25,615
SAL20919,0,0,0,0,0,0,0,0,0,0,0,0,0,0,0,0,0,0,0,0,0,0,0,0,0,0,0,0,0,0,0,0,0,0,0,0,0,0,0,0,0,0,0,0,0,0,0,0,0,0,0,0,0,0,0,0,0,0,0,0,0,0,0,0,0,0,0,0,0,0,0,4,0,0,0,0,0,0,0,0,3,0,0,0,0,0,0,0,0,0,0,0,0,0,0,0,0,0,0,0,0,0,0,0,0,0,0,0,0,0,0,0,0,0,0,0,0,0,0,0,0,0,0,0,0,0,0,0,0,0,0,0,0,0,0,0,0,0,4,0,0,0,5,11
SAL20920,9,0,0,0,0,0,0,6,17,8,0,0,0,0,0,0,0,8,4,0,0,0,0,0,0,0,7,0,0,3,0,0,0,0,0,5,4,0,5,0,0,0,0,0,16,3,0,5,4,0,0,0,0,13,0,3,9,0,0,0,0,7,19,3,6,7,5,0,0,0,0,34,5,0,16,8,0,0,0,6,34,6,4,12,12,6,0,0,6,45,5,4,13,11,3,0,0,0,33,3,0,11,8,0,0,0,6,32,0,4,4,0,0,0,0,0,13,0,3,5,0,0,0,0,0,3,0,0,0,0,0,0,0,0,0,67,27,88,47,13,3,0,32,280
SAL20921,22,0,0,0,0,0,0,3,22,14,0,3,0,0,0,0,0,11,11,0,0,0,0,0,0,0,15,5,4,0,5,3,0,0,0,10,5,0,4,3,0,6,0,0,22,6,0,6,3,0,0,0,5,22,3,4,8,4,6,5,0,0,32,0,0,8,9,6,0,0,4,24,4,5,13,12,0,0,0,0,32,7,4,9,10,6,0,0,5,42,4,3,9,7,3,0,0,3,39,8,0,19,12,4,3,0,3,43,0,3,8,4,0,3,0,0,21,0,0,5,3,5,0,0,0,17,0,0,0,0,0,0,4,0,6,79,31,91,73,30,15,8,28,358
SAL20922,0,0,0,0,0,0,0,0,0,0,0,0,0,0,0,0,0,0,0,0,0,0,0,0,0,0,0,0,0,0,0,0,0,0,0,0,0,0,0,0,0,0,0,0,0,0,0,0,0,0,0,0,0,0,0,0,0,0,0,0,0,0,0,0,0,0,0,0,0,0,0,0,0,0,0,0,0,0,0,0,0,0,0,0,0,0,0,0,0,0,0,0,0,0,0,0,0,0,0,0,0,0,0,0,0,0,0,0,0,0,0,0,0,0,0,0,0,0,0,0,0,0,0,0,0,0,0,0,0,0,0,0,0,0,0,0,0,3,0,0,0,0,0,4
SAL20923,0,0,0,0,0,0,0,0,0,0,0,0,0,0,0,0,0,0,0,0,0,0,0,0,0,0,0,0,0,0,0,0,0,0,0,0,0,0,0,0,0,0,0,0,0,0,0,0,0,0,0,0,0,0,0,0,0,0,0,0,0,0,4,0,0,0,0,0,0,0,0,0,0,0,0,0,0,0,0,0,0,0,0,0,0,0,0,0,0,0,0,0,0,0,0,0,0,0,0,0,0,0,0,0,0,0,0,0,0,0,0,0,0,0,0,0,0,0,0,0,0,0,0,0,0,0,0,0,0,0,0,0,0,0,0,0,0,0,0,4,0,0,0,5
SAL20924,124,0,0,0,0,0,0,21,146,352,4,0,0,0,0,0,66,418,767,18,16,9,0,0,0,84,889,595,50,30,5,9,8,0,56,753,339,63,56,13,3,6,3,52,541,157,61,63,16,3,0,4,25,336,133,36,61,13,6,3,3,21,273,127,62,69,17,6,6,0,28,310,85,35,70,31,19,0,0,18,262,89,44,52,33,7,4,3,27,261,39,45,47,26,8,0,5,15,187,32,26,54,31,9,3,3,13,164,20,11,35,24,8,0,6,14,121,10,3,24,19,3,3,0,9,71,12,5,23,9,9,9,8,9,80,2882,466,590,246,91,38,36,476,4824
SAL20925,226,0,0,0,0,0,0,23,249,448,6,0,0,0,0,0,46,489,855,12,0,0,0,0,0,77,939,625,79,26,9,0,0,0,48,781,294,92,72,13,0,0,5,29,499,191,79,161,33,11,0,0,22,506,121,67,128,47,8,8,0,14,405,141,58,113,49,16,0,0,24,400,101,43,105,36,6,0,3,10,309,105,48,112,42,4,6,0,18,337,84,49,106,31,12,5,5,21,316,59,40,101,61,19,6,3,13,298,33,25,69,45,14,10,3,16,210,25,26,42,39,14,0,6,17,165,19,17,46,45,18,9,7,17,182,3324,635,1095,444,119,47,37,382,6076
SAL20926,3,0,0,0,0,0,0,0,3,0,0,0,0,0,0,0,0,0,3,0,0,0,0,0,0,0,5,0,0,0,0,0,0,0,0,4,0,0,0,0,0,0,0,0,0,0,0,4,0,0,0,0,0,4,0,0,0,0,0,0,0,0,0,0,0,0,0,0,0,0,0,4,0,0,3,3,0,0,0,0,3,0,0,6,0,0,0,0,0,7,0,0,0,0,0,0,0,0,4,0,0,0,0,0,0,0,0,3,0,0,0,0,0,0,0,0,3,0,0,0,0,0,0,0,0,0,0,0,0,0,0,0,0,0,0,14,0,16,7,3,0,0,3,43
SAL20927,0,0,0,0,0,0,0,0,3,0,0,0,0,0,0,0,0,0,0,0,0,0,0,0,0,0,0,0,0,0,0,0,0,0,0,0,0,0,0,0,0,0,0,0,0,0,0,0,0,0,0,0,0,3,0,0,0,0,0,0,0,0,6,0,0,0,0,0,0,0,0,3,0,0,5,0,0,0,0,0,7,0,0,0,0,0,0,0,0,0,0,0,0,0,0,0,0,0,9,0,0,5,3,0,0,0,0,6,0,0,0,0,0,0,0,0,0,0,0,0,0,0,0,0,0,0,0,0,0,0,0,0,0,0,5,3,0,15,7,3,4,4,4,44
SAL20928,0,0,0,0,0,0,0,0,0,0,0,0,0,0,0,0,0,0,0,0,0,0,0,0,0,0,0,0,0,0,0,0,0,0,0,0,0,0,0,0,0,0,0,0,0,0,0,0,0,0,0,0,0,0,0,0,0,0,0,0,0,0,0,0,0,0,0,0,0,0,0,0,0,0,0,0,0,0,0,0,0,0,0,0,0,0,0,0,0,0,0,0,0,0,0,0,0,0,0,0,0,0,0,0,0,0,0,0,0,0,0,0,0,0,0,0,0,0,0,0,0,0,0,0,0,0,0,0,0,0,0,0,0,0,0,0,0,0,0,0,0,0,0,0
SAL20929,137,0,0,0,0,0,0,21,161,238,7,3,4,0,0,0,34,286,375,15,5,10,0,0,0,56,468,319,51,30,3,0,0,0,38,450,151,62,53,14,4,3,5,31,322,107,31,72,24,8,0,3,26,270,75,31,55,20,9,0,0,14,205,78,37,62,28,12,5,0,19,246,44,37,49,21,8,4,0,13,176,49,16,53,23,18,6,5,15,174,33,24,35,21,7,0,8,15,148,29,20,31,17,3,0,0,15,125,11,4,24,8,4,6,5,6,64,3,10,16,12,3,9,9,6,72,5,0,14,18,11,4,9,16,76,1661,340,500,229,98,48,45,318,3235
SAL20930,11,0,0,0,0,0,0,3,15,19,0,0,0,0,0,0,5,19,9,0,0,0,0,0,0,3,12,0,0,3,0,0,0,0,0,11,0,0,7,5,0,0,0,4,20,3,5,6,0,4,0,0,0,15,5,5,7,0,0,0,0,3,24,12,3,11,6,0,0,0,0,30,9,3,17,13,9,0,0,6,53,7,10,24,14,11,0,0,9,75,23,3,23,13,3,5,0,9,67,7,5,21,18,9,5,0,7,68,7,0,10,20,10,0,0,4,60,4,3,3,7,6,0,0,0,25,0,0,7,5,0,0,0,6,16,113,45,135,109,47,10,0,65,521
SAL20931,162,0,0,0,0,0,0,12,177,260,8,5,0,0,0,0,22,291,130,16,11,9,0,0,0,13,181,80,38,34,7,0,0,0,12,170,29,24,36,25,8,3,0,8,134,24,23,52,19,8,3,0,9,134,20,17,45,23,10,5,3,5,128,14,7,35,25,11,3,0,6,91,17,15,28,14,6,0,3,0,94,7,9,33,20,8,3,3,6,96,14,7,40,11,10,0,0,5,91,12,7,22,10,8,0,0,7,57,7,0,14,10,3,0,3,4,51,0,5,10,8,5,3,4,4,38,3,4,19,15,19,3,3,0,71,781,193,383,201,93,28,25,115,1814
SAL20932,18,0,0,0,0,0,0,10,26,16,0,0,0,0,0,0,3,18,9,8,0,0,0,0,0,4,17,9,3,3,0,0,0,0,3,16,8,9,7,6,0,0,0,0,25,3,4,4,4,0,0,0,11,29,0,0,5,6,5,0,0,8,27,7,3,8,7,0,0,0,4,31,4,4,7,6,0,0,0,3,30,9,3,10,10,0,0,0,5,36,0,9,8,8,4,4,0,11,33,4,5,8,5,0,0,0,3,15,0,0,5,4,0,0,0,0,13,0,0,0,0,0,0,0,4,10,0,0,0,3,0,0,0,0,0,80,43,67,48,12,6,3,66,322
SAL20933,6,0,0,0,0,0,0,0,6,0,0,0,0,0,0,0,0,0,7,0,0,0,0,0,0,0,6,5,0,0,0,0,0,0,0,9,0,0,0,0,0,0,0,0,8,0,0,5,0,0,0,0,0,9,0,0,5,0,0,0,0,0,8,6,0,0,0,0,0,0,0,10,0,0,5,0,0,0,0,0,7,0,0,7,0,0,0,0,0,6,0,0,0,0,0,0,0,0,5,0,0,0,0,0,0,0,0,3,0,0,0,3,0,0,0,0,3,0,0,0,0,0,0,0,0,5,0,0,0,0,0,0,0,0,0,22,6,22,7,4,0,4,12,75
SAL20934,0,0,0,0,0,0,0,0,0,3,0,0,0,0,0,0,0,3,0,0,0,0,0,0,0,0,0,0,0,0,0,0,0,0,0,0,0,0,0,0,0,0,0,0,0,0,0,0,0,0,0,0,0,0,0,0,0,0,0,0,0,0,0,0,0,0,0,0,0,0,0,0,0,0,0,0,0,0,0,0,0,0,0,0,0,0,0,0,0,0,0,0,0,0,0,0,0,0,0,0,0,0,0,0,0,0,0,0,0,0,0,0,0,0,0,0,0,0,0,0,0,0,0,0,0,0,0,0,0,0,0,0,0,0,0,3,0,3,0,0,0,0,0,7
SAL20935,199,0,0,0,0,0,0,32,234,613,4,3,0,0,0,0,68,694,1030,59,15,4,0,0,0,128,1239,960,149,75,12,3,0,6,122,1322,463,188,137,34,3,0,0,71,892,238,108,132,39,5,0,0,30,559,186,89,110,32,6,5,0,32,473,144,72,86,28,7,3,7,35,394,111,51,91,42,19,6,0,32,353,85,68,91,55,16,3,3,26,356,41,36,71,46,17,8,4,20,240,28,29,55,41,20,3,0,24,207,16,9,45,26,11,4,9,26,147,13,17,34,31,17,4,13,32,155,15,12,41,29,19,8,13,73,211,4155,911,997,431,139,50,57,743,7475
SAL20936,9,0,0,0,0,0,0,0,9,5,0,0,0,0,0,0,0,5,5,0,0,0,0,0,0,0,4,0,0,0,0,0,0,0,0,3,0,0,0,0,0,0,0,0,0,0,0,4,0,0,0,0,0,8,0,0,5,5,0,0,0,0,8,0,0,5,4,0,0,0,0,11,4,4,0,0,0,0,0,0,4,0,0,0,0,4,0,0,0,6,0,0,0,0,0,0,0,0,5,0,0,0,0,0,0,0,0,4,4,0,0,0,0,0,0,0,4,0,0,0,0,0,0,0,0,0,0,0,0,0,0,0,0,0,0,18,12,15,10,8,0,0,6,64
SAL20937,271,0,0,0,0,0,0,9,281,261,4,0,0,0,0,0,19,284,219,19,10,5,0,0,0,16,274,157,86,69,4,0,0,0,12,325,92,113,137,29,14,3,3,18,407,59,83,175,40,9,4,0,17,381,88,73,177,54,13,0,0,19,415,56,60,163,50,17,0,4,11,362,60,80,127,48,15,4,0,9,337,50,82,124,48,14,8,4,7,330,44,73,92,43,21,9,0,14,292,41,32,93,79,28,5,3,22,298,22,20,100,61,21,14,7,11,258,14,15,84,69,30,10,4,17,250,23,22,76,61,40,15,24,12,279,1460,756,1432,578,212,75,45,209,4774
SAL20938,18,0,0,0,0,0,0,3,23,8,0,0,0,0,0,0,0,7,3,4,0,0,0,0,0,0,7,3,0,0,0,0,0,0,0,4,0,0,4,0,0,0,0,0,8,0,0,6,0,0,0,0,0,10,3,0,4,0,0,0,0,0,14,0,3,6,8,5,0,0,0,18,0,0,0,0,0,0,0,0,7,0,0,7,6,3,0,0,0,14,0,0,4,0,4,0,0,0,11,0,0,4,3,0,0,0,0,8,0,0,0,6,0,0,0,0,5,0,0,0,0,0,0,0,0,9,0,0,0,0,0,0,0,0,0,47,14,34,29,16,0,0,15,150
SAL20939,3,0,0,0,0,0,0,0,3,0,0,0,0,0,0,0,0,0,5,0,0,0,0,0,0,0,5,7,4,0,0,0,0,0,3,8,5,0,3,0,0,0,0,3,11,0,0,4,4,0,0,0,0,8,6,0,6,0,0,0,0,0,11,5,0,0,0,4,0,0,0,10,0,0,4,7,0,0,0,4,14,6,0,6,0,0,0,0,0,18,3,3,0,0,3,0,0,0,12,0,3,0,0,4,0,0,3,17,0,4,0,0,0,0,0,0,7,0,0,0,0,0,0,0,0,6,0,0,3,0,0,0,0,0,4,35,11,27,13,12,0,0,15,122
SAL20940,36,0,0,0,0,0,0,8,46,22,0,0,0,0,0,0,7,31,18,5,3,4,0,0,0,3,33,7,0,11,4,0,0,0,9,31,12,3,13,4,10,0,0,3,41,4,3,19,7,3,0,0,3,37,6,8,21,10,3,0,0,3,55,10,5,17,9,8,0,0,7,62,19,6,25,16,3,0,0,9,80,20,9,31,21,14,4,4,5,108,12,3,39,19,10,3,0,7,100,17,12,26,38,9,0,0,15,118,10,4,24,23,14,3,0,7,79,4,0,15,18,8,0,6,6,62,3,0,17,21,14,7,0,3,75,193,72,251,195,101,23,16,104,956
SAL20941,7,0,0,0,0,0,0,0,3,0,0,0,0,0,0,0,0,0,3,0,0,0,0,0,0,0,3,0,0,0,0,0,0,0,0,0,0,0,3,0,0,0,0,0,3,0,0,0,0,0,0,0,0,0,5,0,7,0,0,0,0,0,11,3,0,0,4,0,0,0,0,9,7,0,0,3,6,0,0,0,13,0,0,0,4,0,0,0,0,4,0,3,0,0,0,0,0,0,10,0,0,9,0,0,0,0,0,9,0,0,0,0,0,0,0,0,6,0,0,0,0,0,0,0,0,0,0,0,0,0,0,0,0,0,3,21,4,21,12,3,0,0,0,75
SAL20942,0,0,0,0,0,0,0,0,0,0,0,0,0,0,0,0,0,0,0,0,0,0,0,0,0,0,0,0,0,0,0,0,0,0,0,0,0,0,0,0,0,0,0,0,0,0,0,0,0,0,0,0,0,0,0,0,4,0,0,0,0,0,4,0,0,0,0,0,0,0,0,3,0,0,0,0,0,0,0,0,0,0,0,0,0,0,0,0,0,6,0,0,0,0,0,0,0,0,5,0,0,0,0,0,0,0,0,0,0,0,0,0,0,0,0,0,3,0,0,0,0,0,0,0,0,0,0,0,0,0,0,0,0,0,0,4,0,4,4,0,0,0,5,22
SAL20943,0,0,0,0,0,0,0,0,0,0,0,0,0,0,0,0,0,0,0,0,0,0,0,0,0,0,0,0,0,0,0,0,0,0,0,0,0,0,0,0,0,0,0,0,0,0,0,0,0,0,0,0,0,0,0,0,0,0,0,0,0,0,0,0,0,0,0,0,0,0,0,0,0,0,0,0,0,0,0,0,0,0,0,0,0,0,0,0,0,5,0,0,0,0,0,0,0,0,5,0,0,0,0,0,0,0,0,0,0,0,0,0,0,0,0,0,0,0,0,0,0,0,0,0,0,0,0,0,0,0,0,0,0,0,0,0,0,5,5,0,0,0,0,13
SAL20944,3,0,0,0,0,0,0,0,4,3,0,0,0,0,0,0,0,5,0,0,0,0,0,0,0,0,5,0,0,0,0,0,0,0,0,0,0,0,0,0,0,0,0,0,4,0,0,0,0,0,0,0,0,3,0,0,5,0,0,0,0,0,12,5,3,3,0,4,0,0,0,17,0,0,0,0,0,0,0,0,0,0,0,3,0,0,0,0,0,3,0,0,0,0,0,0,0,0,0,0,0,0,0,0,0,0,0,3,0,0,0,0,0,0,0,0,0,0,0,0,0,0,0,0,0,0,0,0,0,0,0,0,0,0,0,8,8,12,3,9,0,8,10,61
SAL20945,0,0,0,0,0,0,0,0,0,0,0,0,0,0,0,0,0,0,0,0,0,0,0,0,0,0,0,0,0,0,0,0,0,0,0,0,0,0,0,0,0,0,0,0,0,0,0,0,0,0,0,0,0,0,0,0,0,0,0,0,0,0,0,0,0,0,0,0,0,0,0,0,0,0,0,0,0,0,0,0,0,0,0,0,0,0,0,0,0,0,0,0,0,0,0,0,0,0,0,0,0,0,0,0,0,0,0,0,0,0,0,0,0,0,0,0,0,0,0,0,0,0,0,0,0,0,0,0,0,0,0,0,0,0,0,0,0,0,3,0,0,0,4,13
SAL20946,0,0,0,0,0,0,0,0,0,0,0,0,0,0,0,0,0,0,0,0,0,0,0,0,0,0,0,4,0,0,0,0,0,0,0,3,0,0,0,0,0,0,0,0,0,0,0,0,0,0,0,0,0,0,0,0,0,0,0,0,0,0,4,0,0,0,0,0,0,0,0,0,0,0,0,0,0,0,0,0,5,0,0,0,0,0,0,0,0,3,0,0,0,0,0,0,0,0,0,0,0,0,0,0,0,0,0,4,0,0,0,0,0,0,0,0,3,0,0,0,0,0,0,0,0,0,0,0,0,0,0,0,0,0,0,8,7,4,3,0,0,0,0,25
SAL20947,822,10,0,0,0,0,0,108,936,915,37,20,0,0,0,0,105,1083,957,175,113,26,8,3,0,139,1422,700,354,283,75,28,10,3,113,1555,398,290,407,154,42,12,4,110,1421,273,211,392,187,61,13,13,92,1243,248,220,412,173,59,21,25,96,1258,220,168,408,223,72,22,18,78,1208,200,172,348,197,93,25,24,69,1117,167,142,427,252,87,20,11,68,1171,117,140,348,215,81,19,15,76,1004,95,119,392,210,73,25,13,67,994,51,55,242,169,81,25,12,66,701,32,35,135,111,63,22,16,63,479,28,42,107,97,51,22,24,118,494,5226,2160,4018,2095,810,243,173,1370,16097
SAL20948,112,0,0,0,0,0,0,28,140,127,18,11,0,0,0,0,20,179,128,45,40,13,0,0,0,32,254,77,37,55,17,7,3,0,34,227,52,29,53,34,14,0,0,25,208,36,27,29,21,8,3,6,20,150,35,31,31,17,10,5,9,28,155,29,22,37,26,15,9,11,24,178,30,19,37,26,19,13,0,22,160,16,20,56,29,18,0,0,13,157,15,16,30,31,10,0,3,9,115,8,9,35,24,15,8,0,10,115,10,4,34,22,15,7,3,23,121,5,8,11,24,14,5,8,10,74,6,12,26,27,23,8,17,11,136,686,295,482,317,162,70,61,297,2369
SAL20949,518,0,0,0,0,0,0,38,554,404,6,0,0,0,0,0,31,439,239,47,14,3,0,0,0,14,319,182,114,123,25,7,0,0,15,463,93,124,260,85,21,0,4,25,605,83,88,312,130,28,10,0,13,665,72,93,321,130,29,11,5,19,678,76,97,329,147,32,13,0,22,716,82,70,260,146,32,3,3,19,609,60,55,255,171,41,3,0,12,605,51,60,231,130,30,12,7,12,537,56,47,231,126,37,4,0,32,531,39,35,173,106,50,10,0,28,442,11,27,109,72,30,19,7,38,321,38,27,98,105,53,26,23,118,484,1994,890,2712,1374,386,112,43,432,7950
SAL20950,243,6,0,0,0,0,0,21,264,195,5,4,0,0,0,0,21,216,225,71,32,7,0,0,0,19,351,150,156,190,56,11,0,0,25,593,82,114,228,75,18,0,7,27,541,41,93,190,80,14,4,0,7,426,25,33,126,61,19,0,0,6,276,17,27,73,44,16,11,0,5,182,8,23,70,35,15,9,0,5,160,3,13,62,36,11,9,5,4,139,0,8,44,36,15,6,0,0,101,0,0,15,19,8,4,0,3,54,0,0,3,9,3,0,4,0,24,0,0,3,4,4,0,0,0,15,0,0,0,4,0,0,6,0,5,988,554,1031,458,118,37,25,144,3354
SAL20951,5,0,0,0,0,0,0,0,5,3,0,5,0,0,0,0,0,3,6,0,0,0,0,0,0,0,6,0,0,0,0,0,0,0,0,0,0,0,0,0,0,0,0,0,0,0,0,4,0,0,0,0,0,4,0,0,3,0,0,0,0,0,6,0,0,0,0,0,0,0,0,3,0,0,0,0,0,0,0,0,7,0,0,0,5,0,0,0,0,6,0,0,0,0,0,0,0,0,6,0,0,3,0,0,0,0,3,7,0,0,0,0,0,0,0,0,3,0,0,0,0,0,0,0,0,0,0,0,0,0,0,0,0,0,0,19,7,18,11,3,0,0,3,62
SAL20952,9,0,0,0,0,0,0,0,9,0,0,0,0,0,0,0,0,0,0,0,0,0,0,0,0,0,0,3,0,0,0,0,0,0,0,6,6,0,0,0,0,0,0,0,5,0,0,0,0,5,0,0,0,6,0,0,4,0,0,0,0,0,0,0,0,0,0,0,0,0,0,4,0,4,5,0,0,0,0,0,11,3,0,0,0,0,0,0,0,6,0,0,0,3,0,0,0,0,9,0,0,4,0,0,0,0,0,5,0,0,0,0,0,0,0,0,0,0,0,0,0,0,0,0,0,0,0,0,0,0,0,0,0,0,0,20,7,12,6,3,0,0,4,60
SAL20953,0,0,0,0,0,0,0,0,0,0,0,0,0,0,0,0,0,0,0,0,0,0,0,0,0,0,0,0,0,0,0,0,0,0,0,0,0,0,0,0,0,0,0,0,0,0,0,0,0,0,0,0,0,0,0,0,0,0,0,0,0,0,0,0,0,0,0,0,0,0,0,0,0,0,0,0,0,0,0,0,3,0,0,0,0,0,0,0,0,0,0,0,0,0,0,0,0,0,0,0,0,0,0,0,0,0,0,0,0,0,0,0,0,0,0,0,0,0,0,0,0,0,0,0,0,0,0,0,0,0,0,0,0,0,0,0,0,0,0,0,0,0,0,3
SAL20954,20,0,0,0,0,0,0,7,26,8,0,0,0,0,0,0,0,8,4,0,0,0,0,0,0,0,4,4,0,0,0,0,0,0,0,7,0,0,0,5,0,0,0,0,10,3,0,6,9,0,0,0,5,18,5,6,10,0,0,0,0,0,19,0,0,8,4,0,0,0,0,16,0,0,8,0,0,0,0,0,8,0,0,8,5,0,0,0,0,21,0,0,10,4,5,0,0,0,18,3,0,4,5,4,0,0,4,17,0,0,0,3,3,0,0,0,15,0,0,0,0,0,0,0,0,0,0,0,0,0,0,0,0,0,4,55,19,55,32,16,6,0,13,197
SAL20955,0,0,0,0,0,0,0,0,0,0,0,0,0,0,0,0,0,0,3,0,0,0,0,0,0,0,7,5,0,0,0,0,0,0,0,4,4,5,0,0,0,0,0,0,8,5,0,3,0,0,0,0,0,12,3,0,0,0,0,0,0,0,7,5,0,4,0,0,0,0,0,13,9,0,3,5,0,0,0,0,13,0,0,5,0,0,0,0,0,11,3,0,5,0,0,0,0,0,12,0,0,0,0,0,0,0,0,7,0,0,0,0,0,0,0,0,7,0,0,0,0,0,0,0,0,4,0,0,0,0,0,0,0,0,4,45,12,24,14,3,0,3,7,104
SAL20956,9,0,0,0,0,0,0,0,12,0,0,0,0,0,0,0,0,4,6,7,0,0,0,0,0,0,9,0,0,0,0,0,0,0,0,7,0,0,3,6,0,0,0,5,7,0,0,0,0,0,0,0,0,6,0,0,3,0,0,0,0,0,7,0,0,3,0,0,0,0,0,6,0,0,0,0,0,0,0,3,5,3,0,0,5,0,0,0,0,7,0,0,0,0,0,0,0,0,10,0,0,0,0,0,0,0,0,4,0,0,0,0,0,0,0,0,0,0,0,0,0,0,0,0,0,0,0,0,0,0,0,0,0,0,0,21,6,16,14,0,3,0,13,74
SAL20957,0,0,0,0,0,0,0,0,0,0,0,0,0,0,0,0,0,0,0,0,0,0,0,0,0,0,3,0,0,0,0,0,0,0,0,0,0,0,0,0,0,0,0,0,0,0,0,0,0,0,0,0,0,0,0,0,0,0,0,0,0,0,0,0,0,0,0,0,0,0,0,0,0,0,0,0,0,0,0,0,0,0,0,0,0,0,0,0,0,0,0,0,0,0,0,0,0,0,0,0,0,0,0,0,0,0,0,0,0,0,0,0,0,0,0,0,0,0,0,0,0,0,0,0,0,0,0,0,0,0,0,0,0,0,0,3,0,0,0,0,0,0,0,10
SAL20958,0,0,0,0,0,0,0,0,0,0,0,0,0,0,0,0,0,0,0,0,0,0,0,0,0,0,0,0,0,0,0,0,0,0,0,0,0,0,0,0,0,0,0,0,0,0,0,0,0,0,0,0,0,3,0,0,0,0,0,0,0,0,0,0,0,0,0,0,0,0,0,5,0,0,0,0,0,0,0,0,0,0,0,0,0,0,0,0,0,3,0,0,0,0,0,0,0,0,0,0,0,0,0,0,0,0,0,0,0,0,0,0,3,0,0,0,4,0,0,0,0,0,0,0,0,0,0,0,5,0,0,0,0,0,5,7,4,4,6,4,0,0,0,24
SAL20959,0,0,0,0,0,0,0,0,0,0,0,0,0,0,0,0,0,0,0,0,0,0,0,0,0,0,0,0,0,0,0,0,0,0,0,0,0,0,0,0,0,0,0,0,0,0,0,0,0,0,0,0,0,0,0,0,6,0,0,0,0,0,6,0,0,0,0,0,0,0,0,0,0,0,0,0,0,0,0,0,5,0,0,0,0,0,0,0,0,4,0,0,0,0,0,0,0,0,3,0,0,0,0,0,0,0,0,0,0,0,0,0,0,0,0,0,0,0,0,0,0,0,0,0,0,0,0,0,0,0,0,0,0,0,0,4,0,3,3,0,0,0,3,15
SAL20960,30,0,0,0,0,0,0,5,35,28,0,0,0,0,0,0,8,35,28,5,3,0,0,0,0,0,40,22,24,11,4,0,0,0,0,59,9,21,33,8,7,0,0,4,78,4,9,19,8,0,0,0,5,37,13,7,13,5,0,0,0,0,32,0,4,13,11,3,0,0,0,30,0,0,17,5,4,0,0,4,36,5,4,9,10,0,0,0,0,31,3,0,4,6,0,0,0,0,19,0,4,5,8,0,0,0,0,19,0,0,0,3,5,5,0,0,9,0,0,0,0,0,0,0,0,0,0,0,0,0,0,0,0,0,3,147,69,142,61,23,5,3,16,459
SAL20961,0,0,0,0,0,0,0,0,0,0,0,0,0,0,0,0,0,0,0,0,0,0,0,0,0,0,0,0,0,0,0,0,0,0,0,0,0,0,0,0,0,0,0,0,0,0,0,0,0,0,0,0,0,0,0,0,0,0,0,0,0,0,0,0,0,0,0,0,0,0,0,0,0,0,0,0,0,0,0,0,0,0,0,0,0,0,0,0,0,0,0,0,0,0,0,0,0,0,0,0,0,0,0,0,0,0,0,0,0,0,0,0,0,0,0,0,0,0,0,0,0,0,0,0,0,0,0,0,0,0,0,0,0,0,0,0,0,0,0,0,0,0,0,0
SAL20962,0,0,0,0,0,0,0,0,0,0,0,0,0,0,0,0,0,0,0,0,0,0,0,0,0,0,0,0,0,0,0,0,0,0,0,0,0,0,0,0,0,0,0,0,0,0,0,0,3,0,0,0,0,5,0,0,0,0,0,0,0,0,0,0,0,0,0,0,0,0,0,0,0,0,4,0,0,0,0,0,6,0,0,0,0,0,0,0,0,3,0,0,0,0,0,0,0,0,3,0,0,0,0,0,0,0,0,0,0,0,0,0,0,0,0,0,0,0,0,0,0,0,0,0,0,0,0,0,0,0,0,0,0,0,0,8,4,4,6,0,0,0,3,24
SAL20963,6,0,0,0,0,0,0,0,9,0,0,0,0,0,0,0,0,0,0,0,0,3,0,0,0,0,4,0,0,0,0,0,0,0,0,0,0,0,0,0,0,0,0,0,0,0,0,0,0,0,0,0,0,0,5,0,0,3,0,0,0,0,10,0,0,0,0,0,0,0,0,3,0,0,0,0,5,0,0,0,3,0,0,0,0,0,0,0,0,0,0,0,0,0,0,0,0,0,0,0,0,0,0,0,0,0,0,0,0,0,0,5,0,0,0,0,0,0,0,0,0,0,0,0,0,0,0,0,0,0,0,0,0,0,0,10,0,6,5,7,0,0,4,43
SAL20964,4,0,0,0,0,0,0,0,4,3,0,0,0,0,0,0,0,4,4,0,0,0,0,0,0,0,4,0,0,0,0,0,0,0,0,6,0,0,0,0,0,0,0,0,0,0,0,5,0,0,0,0,0,3,0,0,5,0,0,0,0,0,3,0,0,0,3,0,0,0,0,4,0,0,0,0,0,0,0,0,9,0,0,0,6,0,0,0,0,4,0,0,0,0,0,0,0,0,4,0,0,0,3,0,0,0,0,5,0,0,0,0,0,0,0,0,0,0,0,0,4,0,0,0,0,9,0,0,0,0,0,0,0,0,6,20,0,18,12,5,7,0,8,66
SAL20965,28,0,0,0,0,0,0,0,24,26,0,0,0,0,0,0,0,26,30,0,0,0,0,0,0,4,34,33,8,5,0,0,0,0,0,44,18,7,11,4,0,0,0,3,44,8,5,14,8,0,0,0,6,44,13,0,11,7,0,0,0,3,34,3,13,16,6,0,0,0,0,35,9,9,11,12,0,0,0,0,32,8,4,14,0,0,0,0,0,19,5,0,4,4,0,0,0,6,20,3,3,9,0,0,0,0,0,21,4,0,8,0,0,0,0,0,18,0,0,5,0,0,0,0,0,10,0,0,4,4,0,0,0,0,10,181,55,112,49,5,0,0,20,423
SAL20966,63,0,0,0,0,0,0,9,74,46,0,0,0,0,0,0,3,45,49,16,5,0,0,0,0,3,70,24,18,22,11,0,0,0,3,78,7,3,22,12,7,0,0,0,53,0,0,22,19,9,0,3,0,62,5,7,22,15,6,5,3,0,57,9,13,22,11,0,0,0,4,61,4,8,17,24,5,0,8,5,71,3,4,24,17,9,3,0,7,67,8,3,21,17,4,0,0,9,61,4,3,15,22,7,0,0,3,53,0,0,17,8,5,0,0,4,44,0,0,11,5,5,0,0,9,20,0,0,0,6,0,6,3,0,15,222,81,223,170,52,12,22,64,848
SAL20967,5,0,0,0,0,0,0,0,4,4,0,0,0,0,0,0,0,4,6,0,0,0,0,0,0,0,6,9,0,3,0,0,0,0,0,9,0,0,0,0,4,0,0,0,9,0,0,5,0,0,0,0,0,3,0,0,0,0,0,0,0,0,6,0,5,5,0,0,0,0,4,14,5,0,5,0,0,0,0,4,15,4,0,0,4,4,0,0,5,10,0,0,5,0,0,3,0,0,12,0,0,3,3,0,0,0,0,5,0,0,0,6,0,0,0,0,5,0,0,0,0,0,0,0,0,0,0,0,0,0,0,0,0,0,0,25,4,31,19,6,3,0,15,96
SAL20968,4,0,0,0,0,0,0,0,6,0,0,0,0,0,0,0,0,0,0,0,0,0,0,0,0,0,3,0,0,0,0,0,0,0,0,0,0,0,0,0,0,0,0,0,0,0,3,4,0,0,0,0,0,13,6,0,0,0,0,0,0,3,9,0,4,0,0,0,0,0,6,6,0,0,0,0,0,0,0,0,4,0,0,0,0,0,0,0,0,4,0,0,0,0,0,0,0,0,3,0,0,0,0,0,0,0,0,0,0,0,0,0,0,0,0,3,3,0,0,0,0,0,0,0,0,0,0,0,0,0,0,0,0,0,0,11,6,8,6,7,0,0,12,52
SAL20969,9,0,0,0,0,0,0,0,13,4,0,0,0,0,0,0,0,10,4,0,0,0,0,0,0,0,9,4,0,5,0,0,0,0,0,10,0,0,0,0,4,0,0,0,8,0,0,6,0,0,0,0,0,6,0,0,0,0,0,0,0,0,4,0,0,0,3,0,3,0,0,8,0,0,0,3,0,0,0,0,7,0,0,0,0,4,0,0,4,7,0,0,0,7,0,0,0,0,4,0,0,0,0,0,0,0,0,0,0,0,0,0,0,0,0,0,4,0,0,0,0,0,0,0,0,0,0,0,0,0,0,0,0,0,0,27,3,23,16,9,3,4,9,93
SAL20970,0,0,0,0,0,0,0,0,0,0,0,0,0,0,0,0,0,0,0,0,0,0,0,0,0,0,0,0,0,0,0,0,0,0,0,0,0,0,0,0,0,0,0,0,0,0,0,0,0,0,0,0,0,0,0,0,0,0,0,0,0,0,0,0,0,0,0,0,0,0,0,0,0,0,0,0,0,0,0,0,0,0,0,0,0,0,0,0,0,0,0,0,0,0,0,0,0,0,0,0,0,0,0,0,0,0,0,0,0,0,0,0,0,0,0,0,0,0,0,0,0,0,0,0,0,0,0,0,0,0,0,0,0,0,0,0,0,0,0,0,0,0,0,0
SAL20971,0,0,0,0,0,0,0,0,0,0,0,0,0,0,0,0,0,0,0,0,0,0,0,0,0,0,0,0,0,0,0,0,0,0,0,0,0,0,0,0,0,0,0,0,0,0,0,0,0,0,0,0,0,4,0,0,0,0,0,0,0,0,6,0,0,0,0,0,0,0,0,0,0,0,0,0,0,0,0,0,0,0,0,0,0,0,0,0,0,0,0,0,0,0,0,0,0,0,0,0,0,0,0,0,0,0,0,0,0,0,0,0,0,0,0,0,0,0,0,0,0,0,0,0,0,0,0,0,0,0,0,0,0,0,0,0,0,4,5,4,0,0,0,12
SAL20972,0,0,0,0,0,0,0,0,0,0,0,0,0,0,0,0,0,0,3,0,0,0,0,0,0,0,3,0,0,0,0,0,0,0,0,3,0,0,0,0,0,0,0,0,3,0,0,0,0,0,0,0,0,0,0,0,0,0,0,0,0,0,0,0,0,0,0,0,0,0,0,0,0,0,0,0,0,0,0,0,7,0,0,0,0,0,0,0,0,4,0,0,0,0,0,0,0,0,0,0,0,0,0,0,0,0,0,0,0,0,0,0,0,0,0,0,0,0,0,0,0,0,0,0,0,0,0,0,0,0,0,0,0,0,0,3,6,3,3,0,0,0,0,19
SAL20973,156,0,0,0,0,0,0,10,158,277,0,0,0,0,0,0,28,306,273,17,3,0,0,0,0,29,319,134,34,18,3,0,0,0,18,207,68,35,32,8,3,0,0,10,161,46,28,43,16,3,4,0,8,147,33,23,52,36,4,0,5,8,163,46,26,57,27,7,0,0,7,172,33,20,70,47,18,0,0,11,208,40,35,88,46,12,3,5,13,231,40,26,65,43,17,4,0,15,213,28,11,59,54,15,4,0,9,184,3,11,31,27,16,0,4,6,97,3,5,22,17,6,3,4,7,68,10,14,33,16,15,3,8,4,103,1180,284,579,348,124,28,22,183,2741
SAL20974,136,0,0,0,0,0,0,13,150,242,7,0,0,0,0,0,23,281,249,27,10,0,0,0,0,24,309,211,81,56,10,0,0,0,26,383,102,73,117,36,4,0,0,12,341,73,48,91,30,7,0,4,8,259,62,42,101,48,4,0,0,5,266,43,23,101,45,9,0,0,15,229,50,33,78,35,11,4,3,9,216,47,28,68,49,9,0,0,4,213,24,31,64,35,14,3,0,12,195,11,11,46,36,7,5,0,14,139,14,9,28,23,10,3,0,10,92,5,7,14,18,13,8,4,11,78,4,9,23,15,5,9,0,8,63,1271,427,798,367,89,39,14,188,3199
SAL20975,0,0,0,0,0,0,0,0,0,0,0,0,0,0,0,0,0,0,0,0,0,0,0,0,0,0,0,0,0,0,0,0,0,0,0,0,0,0,0,0,0,0,0,0,0,0,0,0,0,0,0,0,0,0,0,0,0,0,0,0,0,0,0,0,0,0,0,0,0,0,0,0,0,0,0,0,0,0,0,0,4,0,0,0,0,0,0,0,0,0,0,0,0,0,0,0,0,0,4,0,0,0,0,0,0,0,0,0,0,0,0,0,0,0,0,0,0,0,0,0,0,0,0,0,0,0,0,0,0,0,0,0,0,0,0,0,0,3,3,0,0,0,0,12
SAL20976,5,0,0,0,0,0,0,4,7,3,0,0,0,0,0,0,0,3,5,0,0,0,0,0,0,0,4,0,0,0,0,0,0,0,0,4,0,0,0,0,0,0,0,0,6,0,0,0,0,0,0,0,0,3,0,0,7,0,6,0,0,3,14,0,0,5,0,0,0,0,5,13,0,0,0,0,0,0,0,0,11,0,0,4,0,0,0,0,0,5,0,0,8,3,0,5,0,3,17,0,0,3,0,3,0,4,3,13,0,0,0,0,0,0,0,0,0,0,0,4,0,0,0,0,0,4,0,0,0,0,0,0,0,0,0,18,8,28,14,5,3,3,17,98
SAL20977,0,0,0,0,0,0,0,0,0,0,0,0,0,0,0,0,0,0,0,0,0,0,0,0,0,0,0,0,0,0,0,0,0,0,0,0,0,0,0,0,0,0,0,0,0,0,0,0,0,0,0,0,0,0,0,0,0,0,0,0,0,0,0,0,0,0,0,0,0,0,0,0,0,0,0,0,0,0,0,0,3,0,0,0,0,0,0,0,0,0,0,0,0,0,0,0,0,0,0,0,0,0,0,0,0,0,0,0,0,0,0,0,0,0,0,0,0,0,0,0,0,0,0,0,0,0,0,0,0,0,0,0,0,0,0,6,0,4,0,0,0,0,0,13
SAL20978,0,0,0,0,0,0,0,0,0,0,0,0,0,0,0,0,0,0,0,0,0,0,0,0,0,0,0,0,0,0,0,0,0,0,0,0,0,0,0,0,0,0,0,0,0,0,0,0,0,0,0,0,0,5,0,0,0,0,0,0,0,0,0,0,0,0,0,3,0,0,0,3,0,0,0,0,0,0,0,0,5,0,0,0,0,0,0,0,0,3,0,0,0,0,0,0,0,0,0,0,0,0,0,0,0,0,0,0,0,0,0,0,0,0,0,0,0,0,0,0,0,0,0,0,0,0,0,0,0,0,0,0,0,0,0,0,0,5,0,3,0,0,3,17
SAL20979,54,0,0,0,0,0,0,14,64,59,3,0,0,0,0,0,6,66,26,12,5,0,0,0,0,5,50,25,12,25,12,6,0,0,8,85,5,3,22,16,8,0,0,3,59,9,6,32,19,5,0,0,13,88,8,7,39,33,8,0,5,15,112,15,4,33,13,3,0,0,13,89,18,8,44,27,11,0,0,8,112,8,5,30,21,6,4,0,14,87,4,8,26,21,8,3,0,6,72,0,0,19,9,9,0,0,4,47,3,3,14,9,3,3,0,5,42,0,0,3,4,7,0,0,5,23,0,0,0,0,6,3,0,3,18,231,88,290,184,62,17,9,128,1011
SAL20980,0,0,0,0,0,0,0,0,0,0,0,0,0,0,0,0,0,0,0,0,0,0,0,0,0,0,0,0,0,0,0,0,0,0,0,0,0,0,0,0,0,0,0,0,0,0,0,0,0,0,0,0,0,0,0,0,0,0,0,0,0,0,0,0,0,4,0,0,0,0,0,3,0,0,0,0,0,0,0,0,0,0,0,3,0,0,0,0,0,6,0,0,0,0,0,0,0,0,3,0,0,0,0,0,0,0,0,0,0,0,0,0,0,0,0,0,0,0,0,0,0,0,0,0,0,0,0,0,0,0,0,0,0,0,0,4,5,7,4,5,0,0,3,32
SAL20981,0,0,0,0,0,0,0,0,0,0,0,0,0,0,0,0,0,0,0,0,0,0,0,0,0,0,0,0,0,0,0,0,0,0,0,0,0,0,0,0,0,0,0,0,0,0,0,0,0,0,0,0,0,0,0,0,0,0,0,0,0,0,0,0,0,0,0,0,0,0,0,0,0,0,0,0,0,0,0,0,0,0,0,0,0,0,0,0,0,0,0,0,0,0,0,0,0,0,0,0,0,0,0,0,0,0,0,0,0,0,0,0,0,0,0,0,0,0,0,0,0,0,0,0,0,0,0,0,0,0,0,0,0,0,0,0,0,0,0,0,0,0,0,0
SAL20982,0,0,0,0,0,0,0,0,0,5,0,0,0,0,0,0,0,5,0,0,0,0,0,0,0,0,0,0,0,0,0,0,0,0,0,0,0,0,0,0,0,0,0,0,0,0,0,5,0,0,0,0,0,3,0,0,4,0,0,0,0,0,4,0,0,0,0,0,0,0,0,3,0,0,3,0,4,0,0,0,3,0,0,0,0,0,0,0,0,5,0,0,0,0,0,0,0,0,6,0,0,0,0,0,0,0,0,0,0,0,0,0,0,0,0,0,0,0,0,0,0,0,0,0,0,0,0,0,0,0,0,0,0,0,0,6,0,11,6,3,0,0,0,31
SAL20983,0,0,0,0,0,0,0,0,0,0,0,0,0,0,0,0,0,0,0,0,0,0,0,0,0,0,0,0,0,0,0,0,0,0,0,0,0,0,0,0,0,0,0,0,0,0,0,0,0,0,0,0,0,0,0,0,0,0,0,0,0,0,0,0,0,0,0,0,0,0,0,0,0,0,0,0,0,0,0,0,0,0,0,0,0,0,0,0,0,0,0,0,0,0,0,0,0,0,0,0,0,0,0,0,0,0,0,0,0,0,0,0,0,0,0,0,0,0,0,0,0,0,0,0,0,0,0,0,0,0,0,0,0,0,0,0,0,0,4,0,0,0,0,3
SAL20984,0,0,0,0,0,0,0,0,0,0,0,0,0,0,0,0,0,0,0,0,0,0,0,0,0,0,0,0,0,0,0,0,0,0,0,3,0,0,0,0,0,0,0,0,6,0,0,0,0,0,0,0,0,0,0,0,0,0,0,0,0,0,3,0,0,0,0,0,0,0,0,0,0,0,3,0,3,0,0,0,7,0,0,0,0,0,0,0,0,7,0,0,0,0,0,0,0,0,4,0,0,0,0,0,0,0,0,0,0,0,0,0,0,0,0,0,0,0,0,0,0,0,0,0,0,0,0,0,0,0,0,0,0,0,0,6,5,5,6,5,0,0,0,28
SAL20985,6,0,0,0,0,0,0,0,3,0,0,0,0,0,0,0,0,0,3,0,0,0,0,0,0,0,3,0,0,0,0,0,0,0,0,0,0,0,3,3,0,0,4,0,6,0,0,0,0,0,0,0,0,0,3,0,0,3,0,0,0,0,3,0,0,0,0,0,0,0,0,5,0,0,0,0,0,0,0,0,5,0,0,0,0,0,0,0,0,5,0,0,0,0,0,0,0,0,5,0,0,0,0,0,0,0,0,0,0,0,0,0,0,0,0,0,0,0,0,0,0,0,0,0,0,0,0,0,0,0,0,0,0,0,0,14,5,4,10,0,0,3,4,36
SAL20986,0,0,0,0,0,0,0,0,0,0,0,0,0,0,0,0,0,0,0,0,0,0,0,0,0,0,0,0,0,0,0,0,0,0,0,0,0,0,0,0,0,0,0,0,0,0,0,0,0,0,0,0,0,0,0,0,0,0,0,0,0,0,0,0,0,0,0,0,0,0,0,0,0,0,0,0,0,0,0,0,0,0,0,0,0,0,0,0,0,0,0,0,0,0,0,0,0,0,0,0,0,0,0,0,0,0,0,0,0,0,0,0,0,0,0,0,0,0,0,0,0,0,0,0,0,0,0,0,0,0,0,0,0,0,0,0,0,0,0,0,0,0,0,7
SAL20987,0,0,0,0,0,0,0,0,0,0,0,0,0,0,0,0,0,0,0,0,0,0,0,0,0,0,0,0,0,0,0,0,0,0,0,0,0,0,0,0,0,0,0,0,0,0,0,0,0,0,0,0,0,0,0,0,0,0,0,0,0,0,0,0,0,0,0,0,0,0,0,0,0,0,0,0,0,0,0,0,0,0,0,0,0,0,0,0,0,0,0,0,0,0,0,0,0,0,0,0,0,0,0,0,0,0,0,0,0,0,0,0,0,0,0,0,0,0,0,0,0,0,0,0,0,0,0,0,0,0,0,0,0,0,0,0,0,0,0,0,0,0,0,0
SAL20988,0,0,0,0,0,0,0,0,0,0,0,0,0,0,0,0,0,0,0,0,0,0,0,0,0,0,0,0,0,0,0,0,0,0,0,0,0,0,0,0,0,0,0,0,0,0,0,0,0,0,0,0,0,0,0,0,0,0,0,0,0,0,0,0,0,0,0,0,0,0,0,0,0,0,0,0,0,0,0,0,4,0,0,0,0,0,0,0,0,3,0,0,0,0,0,0,0,0,0,0,0,0,0,0,0,0,0,0,0,0,0,0,0,0,0,0,0,0,0,0,0,0,0,0,0,0,0,0,0,0,0,0,0,0,0,0,0,3,4,0,0,0,4,7
SAL20989,25,0,0,0,0,0,0,0,24,3,0,0,0,0,0,0,0,4,5,0,0,0,0,0,0,0,8,0,3,0,0,0,0,0,0,7,4,7,9,0,0,0,0,0,12,5,0,3,3,4,0,0,0,13,0,4,6,0,0,0,0,0,10,0,0,7,4,0,0,0,0,17,4,0,8,6,0,0,0,0,23,3,3,4,0,0,0,0,0,14,0,0,11,0,0,0,0,0,7,0,0,3,3,0,0,0,0,8,0,0,0,0,0,0,0,0,5,0,0,0,0,0,0,0,0,3,0,0,0,0,0,0,0,0,0,46,19,51,24,8,3,0,6,164
SAL20990,9,0,0,0,0,0,0,3,9,0,0,0,0,0,0,0,0,0,0,0,0,0,0,0,0,0,0,4,0,0,0,0,0,0,0,3,0,0,0,0,0,0,0,0,4,0,0,3,0,0,0,0,0,3,0,0,0,0,0,0,0,0,5,0,0,4,0,0,0,0,0,8,0,0,0,5,0,0,0,0,5,0,0,0,0,0,0,0,0,5,0,0,0,0,0,0,0,0,4,0,0,0,0,0,0,0,0,3,0,0,0,0,4,0,0,0,4,0,0,0,0,0,0,0,0,0,0,0,0,0,0,0,0,0,4,14,7,17,10,5,0,5,11,60
SAL20991,0,0,0,0,0,0,0,0,0,0,0,0,0,0,0,0,0,0,0,0,0,0,0,0,0,0,0,0,0,0,0,0,0,0,0,0,0,0,0,0,0,0,0,0,0,0,0,0,0,0,0,0,0,0,0,0,4,0,0,0,0,0,3,0,0,0,0,0,0,0,0,3,0,0,0,0,0,0,0,0,5,0,0,0,0,0,0,0,0,0,0,0,0,0,0,0,0,0,4,0,0,0,0,0,0,0,0,4,0,0,0,0,0,0,0,0,0,0,0,0,0,0,0,0,0,0,0,0,0,0,0,0,0,0,0,5,0,6,3,0,0,0,3,21
SAL20992,5,0,0,0,0,0,0,0,5,0,0,0,0,0,0,0,0,0,0,0,0,0,0,0,0,0,3,0,4,0,0,0,0,0,0,3,0,0,0,0,0,0,0,0,0,0,0,0,0,0,0,0,0,0,0,0,0,0,0,0,0,0,0,0,0,0,3,0,0,0,0,4,0,0,0,0,0,0,0,0,4,0,0,4,0,3,0,0,0,8,0,0,0,0,0,0,0,0,0,0,0,0,0,0,0,0,0,0,0,0,0,0,0,0,0,0,0,0,0,0,0,0,0,0,0,0,0,0,0,0,0,0,0,0,0,14,9,7,4,0,0,0,0,29
SAL20993,0,0,0,0,0,0,0,0,0,0,0,0,0,0,0,0,4,3,0,0,0,0,0,0,0,0,0,0,0,0,0,0,0,0,0,0,0,0,0,0,0,0,0,0,0,0,0,0,0,0,0,0,0,0,0,0,0,0,0,0,0,0,4,0,0,0,0,0,0,0,0,0,0,0,0,0,0,0,0,0,0,0,0,0,4,0,0,0,5,5,0,0,0,3,0,5,0,0,4,0,0,0,0,0,0,0,0,0,0,0,0,0,0,0,0,0,0,0,0,0,0,0,0,0,0,0,0,0,0,0,0,0,0,0,0,3,4,5,6,0,5,0,7,29
SAL20994,0,0,0,0,0,0,0,0,0,0,0,0,0,0,0,0,0,0,0,0,0,0,0,0,0,0,0,0,0,0,0,0,0,0,0,0,0,0,0,0,0,0,0,0,0,0,0,0,0,0,0,0,0,0,0,0,0,0,0,0,0,0,0,0,0,0,0,0,0,0,0,0,0,0,0,0,0,0,0,0,0,0,0,0,0,0,0,0,0,0,0,0,0,0,0,0,0,0,0,0,0,0,0,0,0,0,0,0,0,0,0,0,0,0,0,0,0,0,0,0,0,0,0,0,0,0,0,0,0,0,0,0,0,0,0,0,0,0,0,0,0,0,0,5
SAL20995,0,0,0,0,0,0,0,0,0,0,0,0,0,0,0,0,4,4,0,0,0,0,0,0,0,0,0,0,0,0,0,0,0,0,0,0,0,0,0,0,0,0,0,0,0,0,0,0,0,0,0,0,0,0,0,0,0,0,0,0,0,0,4,0,0,0,0,0,0,0,0,3,0,0,0,0,0,0,0,6,4,0,0,0,0,0,0,0,0,5,0,0,0,0,0,0,0,0,3,0,0,0,0,0,0,0,0,3,0,0,0,0,0,0,0,0,6,0,0,0,0,0,0,0,0,0,0,0,0,0,0,0,0,0,0,3,6,8,5,5,0,0,4,28
SAL20996,0,0,0,0,0,0,0,0,0,0,0,0,0,0,0,0,0,0,0,0,0,0,0,0,0,0,0,0,0,0,0,0,0,0,0,4,0,0,0,0,0,0,0,0,0,0,0,0,0,0,0,0,0,0,0,0,0,0,0,0,0,0,0,0,0,0,0,0,0,0,0,3,4,0,0,0,0,0,0,0,6,0,0,0,0,0,0,0,0,0,0,0,0,0,0,0,0,0,0,0,0,0,0,0,0,0,0,0,0,0,0,0,0,0,0,0,0,0,0,0,0,0,0,0,0,0,0,0,0,0,0,0,0,0,0,6,0,0,3,4,0,6,0,14
SAL20997,0,0,0,0,0,0,0,0,0,0,0,0,0,0,0,0,0,0,0,0,0,0,0,0,0,0,0,0,0,0,0,0,0,0,0,0,0,0,0,0,0,0,0,0,0,0,0,0,0,0,0,0,0,0,0,0,0,0,0,0,0,0,0,0,0,0,0,0,0,0,0,0,0,0,0,0,0,0,0,0,0,0,0,0,0,0,0,0,0,0,0,0,0,0,0,0,0,0,0,0,0,0,0,0,0,0,0,0,0,0,0,0,0,0,0,0,0,0,0,0,0,0,0,0,0,0,0,0,0,0,0,0,0,0,0,0,0,0,0,0,0,0,0,0
SAL20998,0,0,0,0,0,0,0,0,0,0,0,0,0,0,0,0,0,0,0,0,0,0,0,0,0,0,0,0,0,0,0,0,0,0,0,0,0,0,0,0,0,0,0,0,0,0,0,0,0,0,0,0,0,3,0,0,0,0,0,0,0,0,0,0,0,0,0,0,0,0,0,4,0,0,0,0,0,0,0,0,0,0,0,0,0,0,0,0,0,0,0,0,0,0,0,0,0,0,0,0,0,0,0,0,0,0,0,0,0,0,0,0,0,0,0,0,0,0,0,0,0,0,0,0,0,0,0,0,0,0,0,0,0,0,4,0,0,3,0,0,0,0,5,14
SAL20999,12,0,0,0,0,0,0,4,15,11,0,0,3,0,0,0,0,20,14,0,0,0,0,0,0,0,23,0,4,5,0,0,0,0,0,14,4,0,3,0,0,0,0,3,14,0,0,11,0,0,0,0,0,14,0,0,0,6,4,0,0,0,13,0,0,6,10,0,0,0,0,20,4,0,3,0,3,0,0,5,22,3,3,7,0,3,0,0,0,18,0,0,3,6,3,0,0,0,22,0,6,3,4,0,0,0,0,10,0,0,6,4,3,0,0,0,15,0,0,0,3,0,3,0,0,6,0,0,0,0,0,3,0,0,11,61,16,58,39,17,12,7,24,231
SAL21000,0,0,0,0,0,0,0,0,0,0,0,0,0,0,0,0,0,0,5,0,0,0,0,0,0,0,0,0,0,0,0,0,0,0,0,3,0,5,0,0,0,0,0,0,4,0,0,3,0,0,0,0,0,6,0,0,3,0,0,0,0,4,5,0,0,0,0,0,0,0,0,5,0,0,0,0,0,0,0,0,0,0,0,0,0,0,0,0,0,3,0,0,4,0,0,0,0,0,5,0,0,0,0,3,0,0,0,3,0,0,0,0,0,0,0,4,0,0,0,0,0,0,0,0,0,0,0,0,0,0,0,0,0,0,0,9,3,13,5,10,0,0,6,54
SAL21001,309,0,0,0,0,0,0,22,334,188,4,0,0,0,0,0,11,203,140,26,14,5,0,0,0,10,199,89,62,68,21,3,0,0,6,243,42,52,192,88,10,5,0,13,420,49,56,189,87,19,6,4,13,422,34,36,176,107,24,8,3,8,407,28,45,146,102,21,4,3,16,361,33,27,131,73,25,3,4,10,321,32,19,113,86,26,8,0,9,297,24,26,71,60,24,4,0,5,220,14,16,94,63,31,14,5,15,254,6,14,62,50,14,13,4,13,176,3,5,22,25,18,12,0,11,89,0,5,23,6,16,0,6,43,97,1000,398,1320,789,227,64,30,205,4032
SAL21002,18,0,0,0,0,0,0,0,26,14,0,0,0,0,0,0,0,14,14,3,0,0,0,0,0,5,19,3,0,6,0,0,0,0,0,13,0,6,8,5,0,0,0,0,23,0,0,15,13,0,0,0,0,32,5,0,16,3,0,0,0,0,27,3,4,8,13,0,0,0,5,33,5,3,18,7,4,0,0,5,47,0,6,11,10,3,0,0,0,34,4,0,11,9,0,0,0,5,27,0,0,7,5,6,0,0,0,21,0,0,3,0,3,0,0,0,10,0,0,3,6,0,0,0,0,6,0,0,0,0,0,0,0,7,7,71,31,113,75,22,0,0,30,350
SAL21003,0,0,0,0,0,0,0,0,0,0,0,0,0,0,0,0,0,0,0,0,0,0,0,0,0,0,0,0,0,0,0,0,0,0,0,0,0,0,0,0,0,0,0,0,0,0,0,0,0,0,0,0,0,0,0,0,0,0,0,0,0,0,0,0,0,0,0,0,0,0,0,0,0,0,0,0,0,0,0,0,0,0,0,0,0,0,0,0,0,0,0,0,0,0,0,0,0,0,0,0,0,0,0,0,0,0,0,0,0,0,0,0,0,0,0,0,0,0,0,0,0,0,0,0,0,0,0,0,0,0,0,0,0,0,0,0,0,0,3,0,0,0,0,7
SAL21004,176,0,0,0,0,0,0,14,195,160,3,3,0,0,0,0,19,189,159,23,13,12,3,0,0,9,209,103,73,64,20,9,0,0,10,269,59,51,104,45,11,0,4,13,294,36,33,100,44,23,3,0,11,253,49,25,91,54,15,0,0,11,252,29,34,75,47,15,0,4,11,222,27,35,91,69,31,0,5,13,270,22,25,94,53,20,9,8,13,242,14,29,99,73,24,7,3,11,268,20,20,142,85,30,8,5,18,333,19,13,85,48,17,4,5,13,204,6,14,40,33,23,4,3,6,132,9,3,26,19,9,10,7,3,97,895,382,1042,592,228,57,46,185,3430
SAL21005,17,0,0,0,0,0,0,3,19,7,0,0,0,0,0,0,0,7,5,0,0,0,0,0,0,0,6,7,4,7,0,0,0,0,0,13,4,4,6,5,0,0,0,0,7,3,0,3,4,3,0,0,0,13,3,0,5,3,0,0,0,4,20,5,0,13,6,0,0,0,0,19,8,0,4,8,0,0,0,0,20,0,0,5,4,0,0,0,4,10,0,0,4,3,0,0,0,0,16,0,3,5,0,5,0,0,3,20,0,0,0,0,0,0,0,0,3,4,0,5,0,0,0,0,0,7,0,0,0,0,0,0,0,0,4,58,15,47,25,12,0,3,20,187
SAL21006,5,0,0,0,0,0,0,0,5,0,0,0,0,0,0,0,0,0,4,0,0,0,0,0,0,0,3,0,0,0,0,0,0,0,0,5,0,5,0,0,0,0,0,0,7,0,0,0,0,0,0,0,0,4,0,0,4,6,0,0,0,0,4,0,4,0,4,3,0,0,0,4,0,0,0,0,0,0,0,0,5,4,0,6,0,4,0,0,0,9,0,0,3,0,0,0,0,0,9,0,0,0,0,0,0,0,0,0,0,0,0,0,0,0,0,0,0,0,0,0,0,4,0,0,0,4,0,0,0,0,0,0,0,0,0,15,7,19,11,10,0,0,5,69
SAL21007,0,0,0,0,0,0,0,0,0,0,0,0,0,0,0,0,0,0,0,0,0,0,0,0,0,0,7,0,0,4,0,0,0,0,0,5,0,0,0,0,0,0,0,0,0,0,0,0,0,0,0,0,0,0,0,0,0,0,0,0,0,0,0,0,0,0,0,0,0,0,0,0,0,0,0,0,0,0,0,0,0,0,0,0,4,0,0,0,0,6,0,0,0,0,0,0,0,0,4,0,0,0,0,0,0,0,0,0,0,0,0,0,0,0,0,0,0,0,0,0,0,0,0,0,0,0,0,0,0,0,0,0,0,0,0,7,0,4,10,0,0,0,3,19
SAL21008,5,0,0,0,0,0,0,0,5,0,0,0,0,0,0,0,0,0,0,0,0,0,0,0,0,0,0,0,0,0,0,0,0,0,0,0,0,0,0,0,0,0,0,0,0,0,0,3,0,0,0,0,0,3,0,0,0,0,0,0,0,0,6,0,0,4,0,0,0,0,0,9,4,0,4,0,0,0,0,0,8,0,3,3,0,0,0,0,0,7,0,0,4,0,0,0,0,0,6,0,0,0,0,0,0,0,0,6,0,0,0,0,0,0,0,0,4,0,0,0,0,0,0,0,0,0,0,0,0,0,0,0,0,0,0,19,4,15,5,5,0,0,6,51
SAL21009,72,0,0,0,0,0,0,12,79,147,4,0,0,0,0,0,18,168,287,18,0,0,0,0,0,26,330,189,71,36,0,0,0,0,18,315,106,83,53,4,0,0,0,9,254,45,46,61,4,5,0,0,3,171,52,29,41,6,3,0,0,8,135,47,30,33,6,0,0,0,5,129,26,23,43,13,0,0,0,9,116,25,23,36,12,4,0,0,3,101,33,20,49,15,6,0,0,3,125,21,15,52,22,0,6,0,3,116,10,10,27,7,3,0,0,5,73,5,4,12,12,3,0,0,4,42,5,9,10,11,4,0,0,0,39,1064,382,444,121,29,10,3,130,2190
SAL21010,863,0,0,0,0,0,0,46,907,889,0,0,0,0,0,0,53,949,709,32,6,0,0,0,0,50,803,509,162,95,13,5,0,0,31,816,261,190,324,68,6,0,0,36,889,164,150,404,143,26,5,0,31,905,137,156,462,224,33,3,0,31,1049,138,156,457,201,39,4,0,19,1017,126,151,414,166,30,5,7,17,918,90,122,332,156,32,7,5,19,761,116,93,271,129,31,8,5,19,672,79,68,233,126,40,3,3,16,563,55,56,176,103,43,9,5,16,470,34,25,107,78,35,11,3,28,318,43,31,103,77,43,13,3,27,353,4223,1385,3386,1484,361,69,36,457,11391
SAL21011,6,0,0,0,0,0,0,0,3,5,0,0,0,0,0,0,0,5,6,0,0,0,0,0,0,0,3,0,0,0,0,0,0,0,0,0,0,0,0,0,0,0,0,0,0,0,0,0,0,0,0,0,0,3,0,0,0,0,0,0,0,0,0,0,0,5,0,0,0,0,0,4,0,0,0,0,0,0,0,0,4,0,0,3,3,0,0,0,0,8,0,0,4,6,0,0,0,0,8,0,0,0,0,0,0,0,0,3,0,0,0,0,0,0,0,0,0,0,0,0,0,0,0,0,0,0,0,0,0,0,0,0,0,0,0,6,9,15,14,0,0,0,4,40
SAL21012,0,0,0,0,0,0,0,0,0,0,0,0,0,0,0,0,0,0,0,0,0,0,0,0,0,0,0,0,0,0,0,0,0,0,0,0,0,0,0,0,0,0,0,0,4,0,0,0,0,0,0,0,0,0,0,0,0,0,0,0,0,0,0,0,0,0,0,0,0,0,0,0,0,0,0,0,0,0,0,0,0,0,0,0,0,0,0,0,0,0,0,0,0,0,0,0,0,0,0,0,0,0,0,0,0,0,0,0,0,0,0,0,0,0,0,0,0,0,0,0,0,0,0,0,0,0,0,0,0,0,0,0,0,0,0,6,0,0,0,0,0,0,6,13
SAL21013,1216,0,0,0,0,0,0,89,1298,1257,10,5,0,0,0,0,80,1354,984,69,25,4,0,0,0,92,1171,546,282,225,31,3,0,0,76,1167,242,369,748,130,17,0,0,62,1568,158,342,775,205,31,10,0,49,1571,142,307,742,223,42,10,3,58,1527,122,285,671,217,52,3,4,29,1380,133,246,624,183,47,4,8,43,1294,114,277,561,195,38,7,3,47,1242,108,271,449,181,58,15,6,34,1106,79,154,454,254,68,18,4,34,1059,58,84,399,210,61,20,13,45,886,42,55,269,214,83,27,20,45,757,47,62,234,177,104,44,49,97,806,5254,2807,6173,2228,594,168,97,871,18191
SAL21014,0,0,0,0,0,0,0,0,0,0,0,0,0,0,0,0,0,0,0,0,0,0,0,0,0,0,0,0,0,0,0,0,0,0,0,0,0,0,0,0,0,0,0,0,0,0,0,0,0,0,0,0,0,0,0,0,0,0,0,0,0,0,0,0,0,0,0,0,0,0,0,0,0,0,0,0,0,0,0,0,0,0,0,0,0,0,0,0,0,0,0,0,0,0,0,0,0,0,0,0,0,0,0,0,0,0,0,0,0,0,0,0,0,0,0,0,0,0,0,0,0,0,0,0,0,0,0,0,0,0,0,0,0,0,0,0,0,0,0,0,0,0,0,0
SAL21015,0,0,0,0,0,0,0,0,0,0,0,0,0,0,0,0,0,0,0,0,0,0,0,0,0,0,0,0,0,0,0,0,0,0,0,0,0,0,0,0,0,0,0,0,0,0,0,0,0,0,0,0,0,0,0,0,0,0,0,0,0,0,0,0,0,0,0,0,0,0,0,0,0,0,0,0,0,0,0,0,0,0,0,0,0,0,0,0,0,3,0,0,0,0,0,0,0,0,0,0,0,0,0,0,0,0,0,0,0,0,0,0,0,0,0,0,0,0,0,0,0,0,0,0,0,0,0,0,0,0,0,0,0,0,0,0,0,4,4,0,0,0,0,9
SAL21016,0,0,0,0,0,0,0,0,0,0,0,0,0,0,0,0,0,0,0,0,0,0,0,0,0,0,0,0,0,0,0,0,0,0,0,0,0,0,0,0,0,0,0,0,0,0,0,0,0,0,0,0,0,0,0,0,0,4,0,0,0,0,0,0,0,0,0,0,0,0,0,0,0,0,0,0,0,0,0,0,0,0,0,0,0,0,0,0,0,4,0,0,0,0,0,0,0,0,3,0,0,0,0,0,0,0,0,0,0,0,0,0,0,0,0,0,3,0,0,0,0,0,0,0,0,0,0,0,0,0,0,0,0,0,0,5,6,3,4,0,0,0,5,22
SAL21017,0,0,0,0,0,0,0,0,0,0,0,0,0,0,0,0,0,0,3,0,0,0,0,0,0,0,3,0,0,0,0,0,0,0,0,0,0,0,0,0,0,0,0,0,0,0,0,0,0,0,0,0,0,0,0,0,0,0,0,0,0,0,0,0,0,0,0,0,0,0,0,3,0,0,0,0,0,0,0,0,0,0,0,0,0,0,0,0,0,0,0,0,0,0,0,0,0,0,0,0,0,0,0,0,0,0,0,0,0,0,0,0,0,0,0,0,0,0,0,0,0,0,0,0,0,0,0,0,0,0,0,0,0,0,0,3,0,0,5,0,0,0,0,9
SAL21018,3,0,0,0,0,0,0,0,4,4,0,0,0,0,0,0,0,8,0,0,0,0,0,0,0,0,0,6,0,0,3,0,0,0,0,8,0,0,4,0,0,0,0,0,5,0,0,0,0,0,0,0,0,3,4,0,5,0,0,0,0,0,12,0,0,0,0,0,0,0,0,3,6,6,3,0,3,0,0,0,13,0,0,4,0,0,0,0,0,7,0,0,0,0,0,0,0,0,3,0,0,0,0,0,0,0,0,3,0,0,0,0,0,0,0,0,0,0,0,0,3,0,0,0,0,3,0,0,0,0,0,0,0,0,0,14,10,22,15,4,0,0,7,75
SAL21019,0,0,0,0,0,0,0,0,0,0,0,0,0,0,0,0,0,0,0,0,0,0,0,0,0,0,0,0,0,0,0,0,0,0,0,0,0,0,0,0,0,0,0,0,0,0,0,0,0,0,0,0,0,0,0,0,0,0,0,0,0,0,3,0,0,0,0,0,0,0,0,5,0,0,0,0,0,0,0,0,0,0,0,0,0,0,0,0,0,0,0,0,0,0,0,0,0,0,0,0,0,0,0,0,0,0,0,0,0,0,0,0,0,0,0,0,0,0,0,0,0,0,0,0,0,0,0,0,0,0,0,0,0,0,0,5,0,0,4,0,0,0,0,11
SAL21020,12,0,0,0,0,0,0,4,16,5,0,0,0,0,0,0,3,10,3,0,0,0,0,0,0,0,4,0,4,4,0,0,0,0,0,9,0,0,4,0,0,0,0,0,5,0,3,6,5,0,0,0,7,16,3,0,4,7,0,0,0,4,19,3,0,3,7,0,0,0,0,16,4,5,6,3,4,0,0,4,17,4,4,0,5,3,0,0,0,18,6,4,7,0,3,0,0,0,23,0,0,9,5,0,0,0,4,14,0,0,4,0,0,0,0,0,10,0,0,0,0,0,0,0,0,5,0,0,0,0,0,0,0,0,5,43,19,38,43,13,0,0,22,181
SAL21021,0,0,0,0,0,0,0,0,0,0,0,0,0,0,0,0,0,0,0,0,0,0,0,0,0,0,0,0,0,0,0,0,0,0,0,3,0,0,0,0,0,0,0,0,0,0,0,0,0,0,0,0,0,4,0,0,0,0,0,0,0,0,0,0,0,0,0,0,0,0,0,0,0,0,0,0,0,0,0,0,0,0,0,0,0,0,0,0,0,4,0,0,0,0,0,0,0,0,0,0,0,0,0,0,0,0,0,0,0,0,0,0,0,0,0,0,0,0,0,0,0,0,0,0,0,0,0,0,0,0,0,0,0,0,0,4,3,3,3,0,0,0,0,15
SAL21022,3,0,0,0,0,0,0,0,3,0,0,0,0,0,0,0,0,0,0,0,0,0,0,0,0,0,0,0,0,0,0,0,0,0,0,0,0,0,0,0,0,0,0,0,0,0,0,0,0,0,0,0,0,0,0,0,0,0,0,0,0,0,0,0,0,0,0,0,0,0,0,0,0,0,0,0,0,0,0,0,0,0,0,0,0,0,0,0,0,0,0,0,0,0,0,0,0,0,0,0,0,0,0,0,0,0,0,0,0,0,0,0,0,0,0,0,0,0,0,0,0,0,0,0,0,0,0,0,0,0,0,0,0,0,0,0,0,0,0,0,0,0,0,6
SAL21023,0,0,0,0,0,0,0,0,0,0,0,0,0,0,0,0,0,0,0,0,0,0,0,0,0,0,0,0,0,0,0,0,0,0,0,0,0,0,0,0,0,0,0,0,0,0,0,0,0,0,0,0,0,0,0,0,0,0,0,0,0,0,0,0,0,0,0,0,0,0,0,0,0,0,0,0,0,0,0,0,0,0,0,0,0,0,0,0,0,0,0,0,0,0,0,0,0,0,0,0,0,0,0,0,0,0,0,0,0,0,0,0,0,0,0,0,0,0,0,0,0,0,0,0,0,0,0,0,0,0,0,0,0,0,0,0,0,0,0,0,0,0,0,0
SAL21024,3,0,0,0,0,0,0,0,3,0,0,0,0,0,0,0,0,0,0,0,0,0,0,0,0,0,0,0,0,0,3,0,0,0,0,7,0,0,0,0,0,0,0,0,3,0,0,0,0,5,0,0,0,4,0,0,5,0,0,0,0,0,5,0,0,3,0,0,0,0,0,6,0,0,0,0,0,0,0,0,4,0,0,0,0,0,7,0,0,4,0,0,0,0,0,0,0,0,3,0,0,0,0,0,0,0,0,0,0,0,0,0,0,0,0,0,0,0,0,0,0,0,0,0,0,4,0,0,0,0,0,0,0,0,0,8,0,14,7,7,5,0,6,49
SAL21025,27,0,0,0,0,0,0,3,30,22,3,0,0,0,0,0,0,26,21,6,11,0,0,0,0,3,40,11,7,12,0,0,0,0,0,28,0,6,19,8,0,0,0,4,37,0,5,9,14,3,0,0,0,32,3,3,11,17,0,0,0,0,46,3,5,14,9,11,0,0,0,34,5,6,24,10,6,0,0,4,51,3,4,15,13,4,0,0,0,43,6,0,16,9,9,0,0,3,39,0,0,8,4,5,0,0,0,12,0,0,9,6,0,0,0,6,13,0,0,0,4,0,3,0,0,5,0,0,4,3,0,0,0,0,7,104,37,144,91,34,7,0,26,451
SAL21026,11,0,0,0,0,0,0,0,10,0,0,0,0,0,0,0,0,9,0,3,0,0,0,0,0,0,5,0,0,3,0,0,0,0,0,4,4,0,0,0,0,0,0,0,6,0,0,0,3,0,0,0,0,4,0,5,5,3,0,0,0,0,12,0,0,3,0,0,0,0,0,3,0,0,10,0,0,0,0,0,10,0,0,4,0,0,0,0,0,4,0,0,0,0,0,0,0,0,3,0,0,4,0,4,0,0,0,8,0,0,3,0,0,0,0,0,3,0,0,0,0,0,0,0,0,0,0,0,0,0,0,0,0,0,0,16,11,26,11,7,0,6,8,80
SAL21027,6,0,0,0,0,0,0,3,6,0,0,0,0,0,0,0,0,0,0,0,0,0,0,0,0,3,5,0,0,0,0,0,0,0,0,0,0,0,0,0,0,0,0,0,6,0,0,0,0,0,0,0,0,4,0,0,0,4,0,0,0,0,5,0,0,0,5,0,0,0,0,8,0,0,0,0,0,0,0,0,3,0,0,0,0,0,0,0,0,4,0,0,4,0,0,0,0,0,11,0,0,0,0,0,0,0,0,3,0,0,3,3,0,0,0,0,3,0,0,0,0,0,0,0,0,0,0,0,0,0,0,0,0,0,0,18,7,15,19,6,0,0,7,65
SAL21028,0,0,0,0,0,0,0,0,0,0,0,0,0,0,0,0,0,0,0,0,0,0,0,0,0,0,0,0,0,0,0,0,0,0,0,0,0,0,0,0,0,0,0,0,0,0,0,0,0,0,0,0,0,0,0,0,0,0,0,0,0,0,0,0,0,0,0,0,0,0,0,0,0,0,0,0,0,0,0,0,0,0,0,0,0,0,0,0,0,0,0,0,0,0,0,0,0,0,0,0,0,0,0,0,0,0,0,0,0,0,0,0,0,0,0,0,0,0,0,0,0,0,0,0,0,0,0,0,0,0,0,0,0,0,0,0,0,3,0,0,0,0,0,5
SAL21029,5,0,0,0,0,0,0,0,5,0,0,0,0,0,0,0,0,0,0,0,0,0,0,0,0,0,0,0,0,0,0,0,0,0,0,0,0,0,0,0,0,0,0,0,0,0,0,4,0,0,0,0,0,3,0,0,0,0,0,0,0,0,5,0,0,0,0,0,0,0,0,0,0,0,0,0,0,0,0,0,4,0,0,0,0,0,0,0,0,0,0,0,0,0,0,0,0,0,0,0,0,3,0,0,0,0,0,3,0,0,3,0,0,0,0,0,3,0,0,0,0,0,0,0,0,0,0,0,0,0,0,0,0,0,0,14,0,10,4,0,0,0,0,30
SAL21030,0,0,0,0,0,0,0,0,0,0,0,0,0,0,0,0,0,0,0,0,0,0,0,0,0,0,0,0,0,0,0,0,0,0,0,0,0,0,0,0,0,0,0,0,0,0,0,0,0,0,0,0,0,0,0,0,0,0,0,0,0,0,0,0,0,0,0,0,0,0,0,0,0,0,0,0,0,0,0,0,0,0,0,0,0,0,0,0,0,0,0,0,0,0,0,0,0,0,0,0,0,0,0,0,0,0,0,0,0,0,0,0,0,0,0,0,0,0,0,0,0,0,0,0,0,0,0,0,0,0,0,0,0,0,0,0,0,0,5,0,0,0,0,5
SAL21031,0,0,0,0,0,0,0,0,0,0,0,0,0,0,0,0,0,0,4,0,0,0,0,0,0,0,4,0,0,0,0,0,0,0,0,0,0,0,0,0,0,0,0,0,0,0,0,0,0,0,0,0,0,0,0,0,0,0,0,0,0,0,0,0,0,0,0,0,0,0,0,0,0,0,0,0,0,0,0,0,0,0,0,0,0,0,0,0,0,0,0,0,0,0,0,0,0,0,0,0,0,0,0,0,0,0,0,0,0,0,0,0,0,0,0,0,0,0,0,0,0,0,0,0,0,0,0,0,0,0,0,0,0,0,0,4,0,0,0,5,0,0,0,9
SAL21032,5,0,0,0,0,0,0,0,5,4,0,0,0,0,0,0,0,4,0,0,0,0,0,0,0,0,3,0,0,0,0,0,0,0,0,0,0,0,0,0,0,0,0,0,0,0,0,4,0,0,0,0,0,0,0,0,0,0,0,0,0,0,0,0,0,4,5,0,0,0,0,3,0,0,0,0,0,0,0,0,0,0,0,0,0,0,0,0,0,5,0,0,0,0,0,0,0,0,0,0,0,0,0,0,0,0,0,0,0,0,0,0,0,0,0,0,0,0,0,0,0,0,0,0,0,0,0,0,0,0,0,0,0,0,0,8,5,10,9,0,0,0,0,29
SAL21033,0,0,0,0,0,0,0,0,0,0,0,0,0,0,0,0,0,0,0,0,0,0,0,0,0,0,0,0,0,0,0,0,0,0,0,0,0,0,0,0,0,0,0,0,0,0,0,0,0,0,0,0,0,0,0,0,0,0,0,0,0,0,0,0,0,0,0,0,0,0,0,0,0,0,0,0,0,0,0,0,0,0,0,0,0,0,0,0,0,0,0,0,0,0,0,0,0,0,0,0,0,0,0,0,0,0,0,0,0,0,0,0,0,0,0,0,0,0,0,0,0,0,0,0,0,0,0,0,0,0,0,0,0,0,0,0,0,0,0,0,0,0,0,3
SAL21034,0,0,0,0,0,0,0,0,0,0,0,0,0,0,0,0,0,0,0,0,0,0,0,0,0,0,0,0,0,0,0,0,0,0,0,0,0,0,0,0,0,0,0,0,0,0,0,0,0,0,0,0,0,0,0,0,0,0,0,0,0,0,6,0,0,0,0,0,0,0,0,3,0,0,0,0,0,0,0,0,0,0,0,0,0,0,0,0,0,0,0,0,0,0,0,0,0,0,0,0,0,0,0,0,0,0,0,0,0,0,0,0,0,0,0,0,0,0,0,0,0,0,0,0,0,0,0,0,0,0,0,0,0,0,0,5,0,0,3,0,0,0,3,11
SAL21035,0,0,0,0,0,0,0,0,0,0,0,0,0,0,0,0,0,0,5,0,0,0,0,0,0,0,5,0,0,0,0,0,0,0,0,0,0,0,0,0,0,0,0,0,0,0,0,0,0,0,0,0,0,0,0,0,0,0,0,0,0,0,0,0,0,0,0,0,0,0,0,0,0,0,0,0,0,0,0,0,0,0,0,0,0,0,0,0,0,0,0,0,0,0,0,0,0,0,0,0,0,0,0,0,0,0,0,0,0,0,0,0,0,0,0,0,0,0,0,0,0,0,0,0,0,0,0,0,0,0,0,0,0,0,0,5,0,0,0,0,0,0,0,3
SAL21036,0,0,0,0,0,0,0,0,0,0,0,0,0,0,0,0,0,0,0,0,0,0,0,0,0,0,0,0,0,0,0,0,0,0,0,0,0,0,0,0,0,0,0,0,0,0,0,0,0,0,0,0,0,0,0,0,0,0,0,0,0,0,0,0,0,0,0,0,0,0,0,0,0,0,0,0,0,0,0,0,0,0,0,0,0,0,0,0,0,0,0,0,0,0,0,0,0,0,0,0,0,0,0,0,0,0,0,0,0,0,0,0,0,0,0,0,0,0,0,0,0,0,0,0,0,0,0,0,0,0,0,0,0,0,0,0,0,5,0,0,0,0,0,3
SAL21037,0,0,0,0,0,0,0,0,0,0,0,0,0,0,0,0,0,0,0,0,0,0,0,0,0,0,0,0,0,0,0,0,0,0,0,0,0,0,0,0,0,0,0,0,0,0,0,0,0,0,0,0,0,0,0,0,0,0,0,0,0,0,0,0,0,0,0,0,0,0,0,0,0,0,0,0,0,0,0,0,5,0,0,0,0,0,0,0,0,0,0,0,0,0,0,0,0,0,4,0,0,0,0,0,0,0,0,3,0,0,0,0,0,0,0,0,0,0,0,0,0,0,0,0,0,0,0,0,0,0,0,0,0,0,0,3,0,5,0,0,0,0,0,8
SAL21038,7,0,0,0,0,0,0,3,9,11,4,0,0,0,0,0,0,8,3,0,0,0,0,0,0,0,5,6,0,0,0,0,0,0,0,11,0,0,3,0,0,0,0,0,17,5,0,0,3,0,0,0,0,9,4,4,5,0,0,0,0,0,14,3,0,3,0,0,0,0,4,14,10,0,4,0,0,0,0,5,20,6,0,3,0,3,0,0,0,11,5,0,6,0,0,0,0,3,25,0,0,8,3,0,0,0,0,15,0,3,6,6,0,0,0,0,21,0,0,0,0,0,0,0,0,3,0,0,0,0,0,0,0,0,3,58,19,50,32,10,5,0,15,181
SAL21039,5,0,0,0,0,0,0,0,5,3,0,0,0,0,0,0,0,3,0,0,0,0,0,0,0,3,7,5,0,4,0,0,0,0,0,7,0,0,0,0,0,0,0,0,4,0,0,0,0,0,0,0,0,0,0,0,3,5,0,0,0,4,9,3,6,5,0,0,0,0,0,14,0,0,3,3,3,0,0,0,21,0,0,0,3,0,0,0,0,10,0,3,0,5,5,0,0,0,15,0,0,6,0,0,0,0,0,5,0,0,0,0,6,0,0,0,6,0,0,6,0,0,0,0,0,4,0,0,0,0,0,0,0,0,0,18,12,27,20,14,0,0,8,110
SAL21040,5,0,0,0,0,0,0,0,5,6,0,0,0,0,0,0,0,6,0,0,0,0,0,0,0,0,3,0,0,0,0,0,0,0,0,0,0,0,0,0,0,0,0,0,0,0,0,0,0,0,0,0,0,4,0,0,0,0,0,0,0,0,0,0,0,0,0,0,0,0,3,3,0,0,4,0,0,0,0,0,0,0,0,0,0,0,0,0,0,0,0,0,0,0,0,0,0,0,0,0,0,0,0,0,0,0,0,0,0,0,0,0,0,0,0,0,0,0,0,0,0,0,0,0,0,0,0,0,0,0,0,0,0,0,0,9,0,8,4,0,0,0,11,30
SAL21041,0,0,0,0,0,0,0,0,0,0,0,0,0,0,0,0,0,0,4,0,0,0,0,0,0,0,3,0,0,0,0,0,0,0,0,0,0,0,0,0,0,0,0,0,3,5,0,0,0,0,0,0,0,5,0,0,0,0,0,0,0,0,0,0,0,8,0,0,0,0,0,10,0,0,3,0,0,0,0,0,10,3,0,0,0,0,0,0,0,8,5,0,0,3,0,0,0,3,10,0,0,0,0,0,0,0,0,5,0,0,0,0,0,0,0,0,0,0,0,0,0,0,0,0,0,0,0,0,0,0,0,0,0,0,0,14,3,15,12,6,0,0,5,54
SAL21042,0,0,0,0,0,0,0,0,0,0,0,0,0,0,0,0,0,0,0,0,0,0,0,0,0,0,4,0,0,0,0,0,0,0,0,0,0,0,0,0,0,0,0,0,3,0,0,0,0,0,0,0,0,4,0,0,0,0,0,0,0,0,0,0,0,0,0,0,0,0,0,3,0,0,0,0,0,0,0,0,3,0,0,0,0,0,0,0,0,4,0,0,0,0,0,0,0,0,0,0,0,0,0,0,0,0,0,0,0,0,0,0,0,0,0,0,0,0,0,0,0,0,0,0,0,0,0,0,0,0,0,0,0,0,0,3,0,11,3,0,0,0,5,25
SAL21043,0,0,0,0,0,0,0,7,7,4,0,0,0,0,0,0,0,8,0,0,0,0,0,0,0,0,0,3,0,0,4,0,0,0,0,3,0,0,0,0,0,0,0,0,4,0,0,0,0,0,0,0,0,0,0,0,5,0,0,0,0,0,3,0,0,0,3,4,0,0,0,7,0,0,0,0,3,0,0,0,3,0,0,0,0,0,0,0,0,5,0,0,0,0,0,0,0,0,0,0,0,0,0,0,0,0,0,5,0,0,0,0,0,0,0,0,4,0,0,0,0,0,0,0,0,0,0,0,0,0,0,0,0,0,0,14,3,5,4,7,0,0,12,48
SAL21044,0,0,0,0,0,0,0,0,0,0,0,0,0,0,0,0,0,0,0,0,0,0,0,0,0,0,0,0,0,0,0,0,0,0,0,0,0,0,0,0,0,0,0,0,0,0,0,0,0,0,0,0,0,0,0,0,0,0,0,0,0,0,0,0,0,0,0,0,0,0,0,0,0,0,0,0,0,0,0,0,0,0,0,0,0,0,0,0,0,0,0,0,0,0,0,0,0,0,0,0,0,0,0,0,0,0,0,0,0,0,0,0,0,0,0,0,0,0,0,0,0,0,0,0,0,0,0,0,0,0,0,0,0,0,0,0,6,0,3,0,0,0,0,11
SAL21045,31,0,0,0,0,0,0,3,34,14,0,0,0,0,0,0,0,18,12,0,4,0,0,0,0,3,17,6,3,12,6,3,0,0,3,30,0,7,13,10,0,0,0,5,37,6,5,12,4,0,0,0,3,33,4,5,15,6,0,0,0,0,32,3,7,14,9,0,3,0,0,34,0,7,5,10,0,3,0,0,35,7,3,15,9,8,0,3,5,56,0,3,15,12,6,0,5,5,40,3,8,14,16,0,0,0,0,38,0,0,7,7,0,0,0,3,19,0,0,4,4,0,0,0,0,11,0,0,0,0,0,0,0,0,3,94,44,128,94,22,18,6,40,438
SAL21046,0,0,0,0,0,0,0,0,0,0,0,0,0,0,0,0,0,0,0,0,0,0,0,0,0,0,0,0,6,0,0,0,0,0,0,6,0,0,0,0,0,0,0,0,0,0,0,0,0,0,0,0,0,0,0,0,0,0,0,0,0,0,4,0,0,0,0,0,0,0,0,4,0,0,0,0,0,0,0,0,6,0,0,4,0,0,0,0,0,3,3,0,0,0,0,0,0,0,7,0,0,0,0,0,0,0,0,0,0,0,0,0,0,0,0,0,0,0,0,0,3,0,0,0,0,3,0,0,0,0,0,0,0,0,0,9,5,7,4,3,3,0,0,35
SAL21047,415,0,0,0,0,0,0,40,456,742,37,18,6,0,0,0,85,885,899,135,59,18,3,0,4,116,1237,631,294,199,72,22,4,0,90,1312,289,243,252,97,25,19,9,67,1001,206,136,223,95,29,21,12,42,768,162,86,200,70,27,14,12,46,624,134,85,203,75,36,14,15,40,600,108,81,213,90,43,13,20,37,598,73,57,144,89,37,3,10,29,448,49,57,127,82,34,11,15,32,399,37,38,93,102,41,14,15,31,368,27,29,108,72,42,15,15,28,334,16,24,104,79,49,22,25,36,348,33,41,143,116,56,25,31,89,525,3813,1330,2076,1054,457,188,185,804,9907
SAL21048,4,0,0,0,0,0,0,0,4,5,0,0,0,0,0,0,0,4,0,0,0,0,0,0,0,0,0,0,0,0,0,0,0,0,0,7,0,0,0,0,0,0,0,0,6,0,0,4,0,4,0,0,0,10,4,0,6,0,0,0,0,0,7,0,0,6,0,0,0,0,0,5,4,0,0,0,0,0,0,0,10,0,0,4,4,0,0,0,0,13,4,3,4,3,0,0,0,0,14,0,0,0,6,0,0,0,0,6,0,0,0,0,0,0,0,0,0,0,0,3,0,0,0,0,0,7,0,0,0,0,0,0,0,0,3,24,15,30,15,6,0,3,12,104
SAL21049,0,0,0,0,0,0,0,0,0,0,0,0,0,0,0,0,0,0,0,0,0,0,0,0,0,0,0,0,0,0,0,0,0,0,0,0,0,0,0,0,0,0,0,0,0,0,0,0,0,0,0,0,0,0,0,0,0,0,0,0,0,0,0,0,0,0,0,0,0,0,0,0,0,0,0,0,0,0,0,0,3,0,0,0,0,0,0,0,0,0,0,0,0,0,0,0,0,0,0,0,0,0,0,0,0,0,0,0,0,0,0,0,0,0,0,0,0,0,0,0,0,0,0,0,0,0,0,0,0,0,0,0,0,0,0,0,6,0,0,0,0,0,0,9
SAL21050,12,0,0,0,0,0,0,0,12,7,0,0,0,0,0,0,0,10,5,0,0,0,0,0,0,0,4,0,0,3,0,0,0,0,0,4,0,0,4,0,0,0,0,0,9,0,0,6,0,3,0,0,0,4,0,0,6,3,0,0,0,0,15,0,0,13,4,5,0,0,0,13,0,0,0,5,0,0,0,6,8,0,0,4,0,0,0,0,0,5,0,0,5,4,0,0,0,0,6,0,0,6,3,0,0,0,0,15,0,0,0,0,0,0,0,0,0,0,0,0,0,0,0,0,0,0,0,0,0,0,0,0,0,0,0,26,7,39,19,13,3,0,5,103
SAL21051,0,0,0,0,0,0,0,3,3,0,0,0,0,0,0,0,0,0,0,0,0,0,0,0,0,0,5,0,0,0,0,0,0,0,0,7,0,0,0,0,0,0,0,0,0,0,0,0,0,4,0,0,0,4,0,0,3,0,0,0,0,0,6,0,0,0,0,0,0,0,0,11,0,0,4,0,0,0,0,0,10,0,0,4,0,0,0,0,0,4,0,0,0,0,0,0,0,0,6,0,0,0,0,0,0,0,0,0,0,0,0,0,0,0,0,0,0,0,0,0,0,0,0,0,0,0,0,0,0,0,0,0,0,0,0,12,6,10,5,4,0,0,6,47
SAL21052,0,0,0,0,0,0,0,0,0,0,0,0,0,0,0,0,0,0,0,0,0,0,0,0,0,0,5,0,0,0,0,0,0,0,0,0,0,0,0,0,0,0,0,0,0,0,0,0,0,0,0,0,0,0,0,0,0,0,0,0,0,0,5,0,0,0,0,0,0,0,0,3,0,0,0,0,0,0,0,0,0,0,0,0,0,0,0,0,0,3,0,0,0,0,0,0,0,0,0,0,0,0,0,0,0,0,0,0,0,0,0,0,0,0,0,0,0,0,0,0,0,0,0,0,0,0,0,0,0,0,0,0,0,0,0,7,0,0,0,0,0,0,5,15
SAL21053,0,0,0,0,0,0,0,0,0,0,0,0,0,0,0,0,0,0,0,0,0,0,0,0,0,0,0,0,0,0,0,0,0,0,0,5,0,0,0,0,0,0,0,0,0,0,0,0,0,0,0,0,0,0,0,0,0,0,0,0,0,0,0,3,0,3,0,0,0,0,0,9,0,0,0,0,0,0,0,0,5,0,0,0,5,0,0,0,0,5,0,0,6,0,0,0,0,0,6,0,0,0,0,0,0,0,0,6,0,0,0,0,0,0,0,0,0,0,0,0,0,0,0,0,0,0,0,0,0,0,0,0,0,0,0,10,0,10,12,4,0,0,4,37
SAL21054,8,0,0,0,0,0,0,0,8,0,0,0,0,0,0,0,0,0,3,0,0,0,0,0,0,0,3,0,0,0,0,0,0,0,0,0,0,0,0,0,0,0,0,0,0,0,0,6,0,0,0,0,0,8,8,0,9,0,0,0,0,0,15,3,3,5,0,0,0,0,0,13,0,0,7,5,0,0,0,0,24,4,0,19,9,5,0,0,5,34,0,5,0,9,5,5,0,3,19,0,0,7,3,0,0,0,0,22,0,0,5,3,0,0,0,3,7,0,0,0,0,0,0,0,0,8,0,0,0,0,0,0,0,0,0,30,12,51,29,8,7,0,14,156
SAL21055,3,0,0,0,0,0,0,0,3,3,0,0,0,0,0,0,0,3,0,0,0,0,0,0,0,0,6,0,3,0,0,0,0,0,0,9,0,0,0,3,0,0,0,0,9,0,0,4,0,0,0,0,0,3,0,0,3,0,0,0,0,0,4,0,0,3,4,0,0,0,0,3,0,0,0,5,0,0,0,0,6,0,0,4,4,0,0,3,0,11,0,0,0,0,0,0,0,0,12,0,0,5,3,0,0,0,0,8,0,0,3,0,0,0,0,0,6,0,0,0,0,0,0,0,0,0,0,0,0,0,0,0,0,0,0,18,4,25,19,8,0,3,6,84
SAL21056,42,0,0,0,0,0,0,9,47,77,0,0,0,0,0,0,4,88,76,10,3,0,0,0,0,11,105,43,3,12,10,0,0,0,10,78,23,15,9,8,3,0,0,5,70,15,5,25,10,4,0,3,5,69,26,11,27,11,3,0,0,3,79,14,16,23,10,6,0,0,0,70,20,7,22,16,7,0,0,3,70,16,15,19,15,5,0,3,4,74,16,20,23,24,0,4,0,3,92,6,8,13,15,8,0,0,0,48,0,11,15,9,0,0,3,7,43,6,0,4,4,9,3,6,3,30,0,0,6,3,4,0,4,0,22,385,121,204,123,50,20,20,68,992
SAL21057,3,0,0,0,0,0,0,0,3,0,0,0,0,0,0,0,0,0,0,0,0,0,0,0,0,0,6,0,0,0,0,0,0,0,0,0,0,0,0,0,0,0,0,0,0,5,0,0,0,0,0,0,0,6,0,0,0,0,0,0,0,0,10,0,0,0,0,0,0,0,0,0,0,3,8,0,0,0,0,0,8,0,0,3,0,6,0,0,0,5,0,0,0,0,0,0,0,0,6,0,0,0,0,0,0,0,0,3,0,0,0,0,0,0,0,0,4,0,0,0,0,0,0,0,0,0,0,0,0,0,0,0,0,0,0,13,8,11,8,5,0,0,4,47
SAL21058,221,0,0,0,0,0,0,14,242,223,18,9,0,0,0,0,20,263,223,41,30,5,5,0,3,22,334,142,99,87,35,5,4,0,20,392,74,67,87,45,24,6,0,14,318,60,49,95,42,10,14,6,16,294,49,43,87,46,18,9,3,12,265,45,41,93,56,27,5,0,15,289,25,30,103,60,31,11,8,15,274,28,29,100,76,34,6,4,10,300,19,19,90,72,29,11,3,22,261,28,17,98,78,27,11,0,18,276,19,15,54,63,25,11,10,18,208,10,14,18,32,32,12,3,22,139,14,14,36,40,28,13,23,62,226,1186,491,989,655,291,103,62,305,4082
SAL21059,3,0,0,0,0,0,0,0,0,4,0,0,0,0,0,0,0,4,0,0,0,0,0,0,0,0,0,4,6,7,0,0,0,0,6,15,3,0,9,3,0,0,0,0,10,0,0,3,0,0,0,0,3,9,0,5,0,0,0,0,0,0,10,0,0,4,0,0,0,0,6,7,3,0,4,0,0,0,0,0,11,0,0,8,0,0,0,0,0,10,0,0,0,0,0,0,0,0,0,0,0,3,0,0,0,0,0,6,0,0,0,0,0,0,0,0,4,0,0,0,0,0,0,0,0,0,0,0,0,0,0,0,0,0,3,22,13,32,3,8,5,0,20,94
SAL21060,0,0,0,0,0,0,0,0,0,0,0,0,0,0,0,0,0,0,0,0,0,0,0,0,0,0,0,0,0,0,0,0,0,0,0,0,0,0,0,0,0,0,0,0,0,0,0,0,0,0,0,0,0,0,0,0,0,0,0,0,0,0,0,0,0,0,0,0,0,0,0,0,0,0,0,4,0,0,0,0,4,0,0,0,0,0,0,0,0,0,0,0,0,0,0,0,0,0,0,0,0,0,0,0,0,0,0,3,0,0,0,0,0,0,0,0,0,0,0,0,0,0,0,0,0,0,0,0,0,0,0,0,0,0,0,0,0,0,0,0,0,0,5,16
SAL21061,0,0,0,0,0,0,0,0,0,0,0,0,0,0,0,0,0,0,0,0,0,0,0,0,0,0,0,0,0,0,0,0,0,0,0,0,0,0,0,0,0,0,0,0,0,0,0,0,0,0,0,0,0,0,0,0,0,0,0,0,0,0,0,0,0,0,0,0,0,0,0,0,0,0,0,0,0,0,0,0,0,0,0,0,0,0,0,0,0,0,0,0,0,0,0,0,0,0,0,0,0,0,0,0,0,0,0,0,0,0,0,0,0,0,0,0,0,0,0,0,0,0,0,0,0,0,0,0,0,0,0,0,0,0,0,0,0,3,0,0,0,0,0,5
SAL21062,0,0,0,0,0,0,0,0,0,4,0,0,0,0,0,0,0,4,0,0,0,0,0,0,0,0,0,0,0,0,0,0,0,0,0,0,0,0,0,0,0,0,0,0,0,0,0,0,0,0,0,0,0,0,0,0,0,0,0,0,0,0,0,0,0,4,3,0,0,0,0,4,0,0,0,0,0,0,0,0,4,0,0,0,3,0,0,0,0,3,0,0,0,0,0,0,0,0,0,0,0,0,0,0,0,0,0,0,0,0,0,0,0,0,0,0,0,0,0,0,0,0,0,0,0,0,0,0,0,0,0,0,0,0,4,0,0,6,4,0,0,0,0,18
SAL21063,5,0,0,0,0,0,0,0,5,0,0,0,0,0,0,0,0,3,0,0,0,0,0,0,0,0,0,0,0,0,0,0,0,0,0,0,0,0,3,0,0,0,0,0,3,0,0,0,0,0,0,0,0,0,0,0,0,0,0,0,0,0,4,7,0,0,0,0,0,0,3,7,0,0,0,3,0,0,0,0,4,0,0,0,0,0,0,0,0,4,0,0,3,0,0,0,0,0,6,0,0,0,0,0,0,0,0,0,0,0,0,0,0,0,0,0,0,0,0,0,0,0,0,0,0,0,0,0,0,0,0,0,0,0,0,6,0,11,8,5,0,0,3,40
SAL21064,5,0,0,0,0,0,0,0,5,0,0,0,0,0,0,0,0,0,0,0,0,0,0,0,0,0,0,0,0,0,0,0,0,0,0,5,0,0,5,0,0,0,0,0,3,0,0,0,0,0,0,0,0,6,0,0,0,0,0,0,0,0,0,0,0,0,0,0,0,0,0,3,3,0,0,6,0,0,0,0,6,0,0,4,4,0,0,0,0,8,0,0,3,3,0,0,0,0,13,0,0,3,0,0,0,0,0,6,0,0,0,0,0,0,0,0,0,0,0,0,0,0,0,0,0,0,0,0,0,0,0,0,0,0,0,11,7,17,14,5,0,0,4,59
SAL21065,0,0,0,0,0,0,0,0,0,0,0,0,0,0,0,0,0,0,0,0,0,0,0,0,0,0,0,0,0,0,0,0,0,0,0,0,0,0,0,0,0,0,0,0,0,0,0,0,0,0,0,0,0,0,0,0,0,0,0,0,0,0,0,0,0,0,0,0,0,0,0,0,0,0,0,0,0,0,0,0,0,0,0,5,0,0,0,0,0,3,0,0,0,0,0,0,0,0,5,0,0,0,0,0,0,0,0,0,0,0,0,0,0,0,0,0,0,0,0,0,0,0,0,0,0,0,0,0,0,0,0,0,0,0,0,9,0,5,0,4,0,0,0,12
SAL21066,3,0,0,0,0,0,0,0,3,3,0,0,0,0,0,0,0,3,0,0,0,0,0,0,0,0,0,3,0,0,0,0,0,0,0,3,5,0,0,0,0,0,0,0,5,0,0,0,0,0,0,0,0,4,0,0,0,0,0,0,0,0,0,0,0,4,4,0,0,0,0,4,0,0,3,0,0,0,0,0,8,0,0,4,0,0,0,0,0,12,0,0,3,0,0,0,0,0,8,0,0,0,0,0,0,0,0,8,0,0,0,0,0,0,0,0,0,0,0,0,0,0,0,0,0,0,0,0,0,0,0,0,0,0,0,17,6,19,7,5,0,0,0,61
SAL21067,0,0,0,0,0,0,0,0,0,0,0,0,0,0,0,0,0,0,0,0,0,0,0,0,0,0,0,0,0,0,0,0,0,0,0,3,0,0,0,0,0,0,0,0,0,0,0,0,0,0,0,0,0,0,0,0,0,0,0,0,0,0,0,0,0,0,0,0,0,0,0,0,0,0,5,0,0,0,0,3,9,0,0,0,0,0,0,0,0,3,0,0,0,0,0,0,0,0,3,0,0,0,0,0,0,0,0,0,0,0,0,0,0,0,0,0,0,0,0,0,0,0,0,0,0,0,0,0,0,0,0,0,0,0,0,10,0,10,4,4,0,0,3,26
SAL21068,6,0,0,0,0,0,0,0,4,3,0,0,0,0,0,0,0,4,7,0,0,0,0,0,0,0,5,0,0,5,0,0,0,0,0,4,6,0,5,0,0,0,0,0,11,0,0,4,0,0,0,0,0,4,0,0,4,0,0,0,0,0,7,5,0,3,0,0,0,0,0,8,0,0,3,4,0,0,0,3,16,0,0,3,0,6,0,0,0,13,6,0,6,3,0,0,0,0,13,0,0,3,5,0,0,0,0,15,0,0,0,0,0,4,0,0,8,0,0,0,0,3,0,0,0,5,0,0,0,0,0,0,0,0,0,30,0,32,26,7,4,0,12,115
SAL21069,29,0,0,0,0,0,0,0,24,10,3,0,0,0,0,0,7,19,8,7,0,0,0,0,0,0,17,0,9,5,5,0,0,0,4,26,8,3,7,0,0,0,0,0,22,0,6,8,11,0,0,0,5,31,4,5,8,0,0,0,0,0,18,0,3,7,4,5,0,0,0,20,6,4,13,11,0,0,0,0,25,3,3,13,0,0,0,0,0,25,3,0,3,0,5,0,0,0,17,0,0,3,9,0,0,0,0,18,0,0,3,0,0,0,0,0,14,0,0,0,0,0,0,0,0,3,0,0,0,0,0,0,0,0,3,73,44,77,46,17,11,3,27,284
SAL21070,3,0,0,0,0,0,0,0,3,0,0,0,0,0,0,0,0,0,0,0,0,0,0,0,0,0,0,0,0,0,0,0,0,0,0,0,0,0,0,0,0,0,0,0,0,0,0,0,0,0,0,0,0,0,0,0,0,0,0,0,0,0,0,0,0,0,0,0,0,0,0,0,0,0,0,0,0,0,0,0,0,0,0,0,0,0,0,0,0,0,0,0,0,0,0,0,0,0,0,0,0,0,0,0,0,0,0,5,0,0,0,0,0,0,0,0,0,0,0,0,0,0,0,0,0,0,0,0,0,0,0,0,0,0,0,5,0,0,0,0,0,0,0,9
SAL21071,4,0,0,0,0,0,0,0,4,11,0,0,0,0,0,0,0,10,3,0,0,0,0,0,0,0,8,0,4,3,5,0,0,0,0,5,0,0,0,0,0,0,0,0,4,0,3,3,0,0,0,0,0,7,3,0,6,0,0,0,0,0,12,0,0,6,3,0,0,0,0,11,0,0,0,3,0,0,0,0,10,0,0,0,3,0,0,0,0,9,4,0,6,0,0,0,0,0,7,0,0,0,0,0,0,0,0,0,0,0,0,0,0,0,0,0,4,0,0,0,0,0,0,0,0,0,0,0,0,0,0,0,0,0,7,27,12,29,24,3,0,0,7,94
SAL21072,8,0,0,0,0,0,0,0,8,5,0,0,0,0,0,0,0,7,0,0,0,0,0,0,0,0,7,3,4,0,0,0,0,0,0,7,0,0,4,0,0,0,0,0,3,0,0,3,0,0,0,0,0,4,0,3,5,3,3,0,0,0,18,0,0,3,4,0,0,0,0,14,3,0,3,3,0,0,0,0,15,0,0,3,0,0,0,0,0,6,0,0,3,0,0,0,0,0,10,0,0,0,0,0,0,0,0,8,0,0,0,0,0,0,0,0,0,0,0,0,0,0,0,0,0,0,0,0,0,0,0,0,0,0,0,30,19,32,10,4,0,0,5,97
SAL21073,36,0,0,0,0,0,0,3,40,22,0,0,0,0,0,0,3,25,11,7,4,0,0,0,0,0,23,13,7,8,5,5,0,0,0,39,17,13,12,11,5,0,0,0,59,4,11,10,9,3,0,0,8,49,14,0,20,15,5,0,0,3,57,4,6,16,6,5,0,0,5,47,10,5,19,16,5,3,0,0,61,9,11,16,13,5,0,0,0,49,0,4,14,6,3,5,0,8,36,5,4,11,14,0,0,0,5,32,0,3,9,3,5,3,0,0,25,4,0,0,0,6,0,0,0,7,0,0,0,5,0,0,0,0,11,152,72,139,101,32,13,9,39,558
SAL21074,7,0,0,0,0,0,0,0,7,3,0,0,0,0,0,0,0,3,0,4,0,0,0,0,0,0,3,0,5,0,0,0,0,0,0,10,0,0,6,3,0,0,0,4,17,6,0,4,9,0,0,0,0,12,4,0,0,0,0,0,0,0,6,0,0,4,5,0,0,0,0,5,0,0,7,0,0,0,0,0,12,0,0,0,5,0,0,0,0,14,0,0,0,5,3,0,0,3,14,0,0,4,0,0,0,0,0,9,0,0,0,3,0,0,0,0,4,0,0,0,3,0,0,0,0,9,0,0,0,0,0,0,0,0,0,25,11,31,28,5,4,4,12,121
SAL21075,3,0,0,0,0,0,0,0,3,0,0,0,0,0,0,0,0,4,4,0,0,0,0,0,0,0,3,4,0,0,0,0,0,0,0,10,0,0,9,0,0,0,0,0,13,0,0,3,0,0,0,0,0,3,0,0,0,0,0,0,0,0,8,3,0,0,0,0,0,0,0,13,3,0,6,0,0,0,0,0,6,0,0,4,0,0,0,0,0,4,3,0,0,0,0,0,0,0,17,0,0,4,3,0,5,0,0,8,0,0,0,0,4,0,0,0,12,0,0,0,9,0,0,0,3,12,0,0,0,0,3,0,0,0,4,21,8,34,25,15,7,4,11,119
SAL21076,0,0,0,0,0,0,0,0,0,0,0,0,0,0,0,0,0,0,0,0,0,0,0,0,0,0,4,0,0,0,0,0,0,0,0,0,0,0,0,0,0,0,0,0,0,0,0,0,0,0,0,0,0,0,0,0,0,0,0,0,0,0,4,0,0,0,0,0,0,0,0,0,0,0,0,0,0,0,0,0,0,0,0,0,0,0,0,0,0,4,0,0,0,0,0,0,0,0,0,0,0,0,0,0,0,0,0,0,0,0,0,0,0,0,0,0,0,0,0,0,0,0,0,0,0,0,0,0,0,0,0,0,0,0,0,0,0,0,3,0,0,0,0,16
SAL21077,7,0,0,0,0,0,0,0,7,3,0,0,0,0,0,0,0,6,7,0,0,0,0,0,0,6,11,5,0,5,0,0,0,0,0,8,0,0,0,0,0,0,0,0,4,0,0,0,0,0,0,0,0,4,0,0,7,0,0,0,0,4,7,3,0,7,0,0,0,0,4,10,6,5,0,6,0,0,0,0,22,3,0,5,5,0,0,0,0,21,0,6,3,6,0,0,0,0,17,0,0,6,9,0,0,0,0,14,0,0,0,4,0,0,0,0,5,0,0,0,0,0,0,0,0,6,0,0,4,0,0,0,0,0,10,32,17,45,25,8,0,3,18,143
SAL21078,3,0,0,0,0,0,0,0,3,0,0,0,0,0,0,0,0,0,3,0,0,0,0,0,0,0,3,0,0,0,0,0,0,0,0,3,0,0,0,0,0,0,0,0,0,0,0,0,0,0,0,0,0,0,0,0,4,0,0,0,0,0,5,0,0,0,0,0,0,0,0,0,4,0,0,0,0,0,0,0,7,0,0,4,3,0,0,0,0,8,0,0,0,3,0,0,0,0,8,0,0,0,0,0,0,0,0,3,0,0,0,0,0,0,0,0,0,0,0,0,0,0,0,0,0,0,0,0,0,0,0,0,0,0,0,11,4,6,5,6,0,0,0,39
SAL21079,101,0,0,0,0,0,0,0,103,62,0,0,0,0,0,0,3,65,51,3,4,0,0,0,0,8,69,46,21,19,0,0,0,0,4,93,15,19,41,10,4,0,0,0,96,12,24,55,23,3,5,0,3,114,13,18,78,15,8,3,0,0,138,17,21,58,21,9,0,0,0,119,13,13,44,19,0,0,0,3,89,7,9,33,11,3,0,0,0,66,7,9,26,17,6,0,0,0,64,3,9,26,21,3,0,0,6,61,9,4,22,11,8,5,0,6,68,3,6,12,13,9,3,0,3,56,0,0,9,13,3,0,0,10,43,370,153,426,178,58,16,9,49,1258
SAL21080,0,0,0,0,0,0,0,0,0,0,0,0,0,0,0,0,0,0,0,0,0,0,0,0,0,0,0,0,0,0,0,0,0,0,0,0,0,0,0,0,0,0,0,0,0,0,0,0,0,0,0,0,0,0,0,0,0,0,0,0,0,0,0,0,0,0,0,0,0,0,0,0,0,0,0,0,0,0,0,0,0,0,0,0,0,0,0,0,0,0,0,0,0,0,0,0,0,0,0,0,0,0,0,0,0,0,0,0,0,0,0,0,0,0,0,0,0,0,0,0,0,0,0,0,0,0,0,0,0,0,0,0,0,0,0,0,0,0,0,0,0,0,0,0
SAL21081,0,0,0,0,0,0,0,0,0,0,0,0,0,0,0,0,0,0,0,0,0,0,0,0,0,0,0,0,0,0,0,0,0,0,0,0,0,0,0,0,0,0,0,0,0,0,0,0,0,0,0,0,0,0,0,0,0,0,0,0,0,0,0,0,0,0,0,0,0,0,0,0,0,0,0,0,0,0,0,0,0,0,0,0,0,0,0,0,0,0,0,0,0,0,0,0,0,0,4,0,0,0,0,0,0,0,0,0,0,0,0,0,0,0,0,0,0,0,0,0,0,0,0,0,0,0,0,0,0,0,0,0,0,0,0,0,0,0,3,0,0,0,0,5
SAL21082,0,0,0,0,0,0,0,0,0,0,0,0,0,0,0,0,0,0,0,0,0,0,0,0,0,0,0,0,0,0,0,0,0,0,0,0,0,0,0,0,0,0,0,0,0,0,0,0,0,0,0,0,0,0,0,0,0,0,0,0,0,0,0,0,0,0,0,0,0,0,0,0,0,0,0,0,0,0,0,0,0,0,0,4,0,0,0,0,0,4,0,0,0,0,0,0,0,0,4,0,0,0,0,0,0,0,0,0,0,0,0,0,0,0,0,0,0,0,0,0,0,0,0,0,0,0,0,0,0,0,0,0,0,0,0,0,0,3,0,0,0,0,3,9
SAL21083,0,0,0,0,0,0,0,0,0,3,0,0,0,0,0,0,0,3,0,0,0,0,0,0,0,0,0,0,0,0,0,0,0,0,0,0,0,0,0,0,0,0,0,0,0,0,0,0,0,0,0,0,0,0,0,0,0,0,0,0,0,0,3,0,0,0,0,0,0,0,0,6,0,0,0,0,0,0,0,0,0,0,0,0,0,0,0,0,0,4,0,0,0,0,0,0,0,0,0,0,0,0,0,0,0,0,0,0,0,0,0,0,0,0,0,0,0,0,0,0,0,0,0,0,0,0,0,0,0,0,0,0,0,0,0,5,0,8,7,0,0,0,0,16
SAL21084,15,0,0,0,0,0,0,0,19,16,4,0,0,0,0,0,0,20,8,0,5,0,0,0,0,0,13,6,3,7,0,0,0,0,0,8,0,0,4,5,0,0,0,3,16,7,0,9,6,3,0,0,0,22,0,6,3,5,3,0,0,4,18,3,0,14,3,3,0,0,0,23,0,6,16,10,4,0,0,0,43,0,0,7,7,8,4,0,0,32,0,3,4,5,6,0,0,0,24,0,0,4,7,0,0,0,0,10,0,0,5,0,3,0,0,0,8,0,0,0,0,4,0,0,0,3,0,0,3,0,0,0,0,0,8,58,19,77,59,30,8,4,16,271
SAL21085,0,0,0,0,0,0,0,0,0,0,0,0,0,0,0,0,0,0,0,0,0,0,0,0,0,0,0,0,0,0,0,0,0,0,0,0,0,0,0,0,0,0,0,0,0,0,0,0,0,0,0,0,0,0,0,0,0,0,0,0,0,0,0,0,0,0,0,0,0,0,0,0,0,0,0,0,0,0,0,0,0,0,0,0,0,0,0,0,0,0,0,0,0,0,0,0,0,0,0,0,0,0,0,0,0,0,0,0,0,0,0,0,0,0,0,0,0,0,0,0,0,0,0,0,0,0,0,0,0,0,0,0,0,0,0,0,0,0,0,0,0,0,0,0
SAL21086,0,0,0,0,0,0,0,0,0,0,0,0,0,0,0,0,0,0,0,0,0,0,0,0,0,0,0,0,0,0,0,0,0,0,0,0,0,0,0,0,0,0,0,0,0,0,0,0,0,0,0,0,0,0,0,0,0,0,0,0,0,0,0,0,0,0,0,0,0,0,0,0,0,0,0,0,0,0,0,0,0,0,0,0,0,0,0,0,0,0,0,0,0,0,0,0,0,0,0,0,0,0,0,0,0,0,0,0,0,0,0,0,0,0,0,0,0,0,0,0,0,0,0,0,0,0,0,0,0,0,0,0,0,0,0,0,0,0,0,0,0,0,0,0
SAL21087,3,0,0,0,0,0,0,0,3,3,0,0,0,0,0,0,0,3,0,0,0,0,0,0,0,0,5,0,0,0,0,0,0,0,0,3,0,0,0,3,0,0,0,0,4,0,0,4,0,0,0,0,0,3,0,0,0,0,0,0,0,0,3,0,0,3,5,0,0,0,0,3,0,0,0,4,0,0,0,0,4,0,0,0,3,0,0,0,0,9,0,0,0,0,0,0,0,0,3,0,0,0,0,0,0,0,0,5,0,0,0,0,0,0,0,0,0,0,0,0,0,0,0,0,0,0,0,0,0,0,0,0,0,0,0,17,4,12,12,3,0,0,0,52
SAL21088,9,0,0,0,0,0,0,0,10,7,0,0,0,0,0,0,0,7,3,0,0,0,0,0,0,0,3,3,0,5,0,0,0,0,0,9,0,0,3,0,0,0,0,0,3,0,0,6,0,0,0,0,0,5,0,0,0,5,0,0,0,0,12,0,0,3,3,0,0,0,0,13,3,0,4,4,0,0,0,0,12,0,3,5,0,0,0,0,3,18,0,0,5,3,0,0,0,0,12,0,0,0,6,0,3,0,0,4,0,0,6,0,0,0,0,3,6,0,0,4,0,0,0,0,0,7,0,0,0,0,0,0,0,0,0,28,14,36,23,3,9,3,3,113
SAL21089,14,0,0,0,0,0,0,0,14,26,4,0,0,0,0,0,0,26,16,9,5,3,0,0,0,0,34,9,7,8,3,0,0,0,0,30,5,0,9,0,5,0,0,3,25,3,5,4,7,0,0,0,0,30,0,5,16,5,3,0,0,0,31,5,4,18,10,4,0,0,0,39,13,5,18,5,7,0,0,4,58,7,4,13,14,7,0,0,11,58,7,7,19,11,8,3,0,8,67,0,3,13,14,4,0,0,4,39,0,0,3,7,6,0,3,7,28,0,0,0,0,0,3,0,0,15,0,0,0,6,0,0,0,0,8,113,58,133,94,38,9,9,43,499
SAL21090,0,0,0,0,0,0,0,0,0,0,0,0,0,0,0,0,0,0,0,0,0,0,0,0,0,0,0,0,0,0,0,0,0,0,0,0,0,0,0,0,0,0,0,0,0,0,0,0,0,0,0,0,0,7,0,0,0,0,0,0,0,0,3,0,0,0,0,4,0,0,0,3,5,0,4,0,0,0,0,0,10,0,0,4,0,0,0,0,0,9,0,0,0,0,0,0,0,0,3,0,0,3,0,0,0,0,0,6,0,0,0,0,0,0,0,0,0,0,0,0,0,0,0,0,0,0,0,0,0,0,0,0,0,0,0,11,0,18,3,3,0,0,0,38
SAL21091,0,0,0,0,0,0,0,0,0,0,0,0,0,0,0,0,0,0,4,0,0,0,0,0,0,0,4,0,0,0,0,0,0,0,0,0,0,0,0,0,0,0,0,0,3,0,0,0,0,0,0,0,0,0,0,0,0,0,0,0,0,0,0,0,0,4,0,0,0,0,0,4,0,0,0,3,0,0,0,0,3,0,0,0,0,0,0,0,0,0,0,0,0,0,0,0,0,0,0,0,0,0,0,0,0,0,0,0,0,0,0,0,0,0,0,0,0,0,0,0,0,0,0,0,0,0,0,0,0,0,0,0,0,0,0,9,0,4,8,0,0,0,3,25
SAL21092,12,0,0,0,0,0,0,0,15,8,0,0,0,0,0,0,4,17,0,0,0,0,0,0,0,0,5,0,4,6,0,0,0,0,0,8,6,0,3,8,0,0,0,0,15,0,0,3,0,4,0,0,0,11,0,4,10,4,3,0,0,0,18,3,4,0,3,0,0,0,0,13,0,0,0,3,0,0,0,0,16,0,0,10,4,0,0,0,0,15,0,0,3,0,4,0,0,0,7,0,0,7,0,0,0,0,0,9,0,0,0,0,0,0,0,0,0,0,0,0,0,0,0,0,0,0,0,0,0,0,0,0,0,0,3,43,12,52,26,12,3,3,6,154
SAL21093,0,0,0,0,0,0,0,0,0,0,0,0,0,0,0,0,0,0,0,0,0,0,0,0,0,0,0,0,0,0,0,0,0,0,0,0,0,0,0,0,0,0,0,0,0,0,0,0,0,0,0,0,0,0,0,0,0,0,0,0,0,0,0,0,0,0,0,0,0,0,0,0,0,0,0,0,0,0,0,0,0,0,0,0,0,0,0,0,0,0,0,0,0,0,0,0,0,0,0,0,0,0,0,0,0,0,0,0,0,0,0,0,0,0,0,0,0,0,0,0,0,0,0,0,0,0,0,0,0,0,0,0,0,0,0,0,0,0,0,0,0,0,0,0
SAL21094,0,0,0,0,0,0,0,0,0,0,0,0,0,0,0,0,0,0,0,0,0,0,0,0,0,0,0,0,0,0,0,0,0,0,0,0,0,0,0,0,0,0,0,0,0,0,0,0,0,0,0,0,0,3,0,0,0,0,0,0,0,0,0,0,0,0,0,0,0,0,0,6,0,0,0,0,0,0,0,0,0,0,0,0,0,0,0,0,0,3,0,0,0,0,0,0,0,0,0,0,0,0,0,0,0,0,0,0,0,0,0,0,0,0,0,0,3,0,0,0,0,0,0,0,0,0,0,0,0,0,0,0,0,0,0,3,4,7,4,0,0,0,0,16
SAL21095,0,0,0,0,0,0,0,0,0,0,0,0,0,0,0,0,0,0,0,0,0,0,0,0,0,0,0,0,0,0,0,0,0,0,0,0,0,0,0,0,0,0,0,0,0,0,0,0,0,0,0,0,0,0,0,0,0,0,0,0,0,0,0,0,0,0,0,0,0,0,0,0,0,0,0,0,0,0,0,0,0,0,0,0,0,0,0,0,0,0,0,0,0,0,0,0,0,0,0,0,0,0,0,0,0,0,0,0,0,0,0,0,0,0,0,0,0,0,0,0,0,0,0,0,0,0,0,0,0,0,0,0,0,0,0,0,0,0,0,0,0,0,0,0
SAL21096,0,0,0,0,0,0,0,0,0,0,0,0,0,0,0,0,0,0,0,0,0,0,0,0,0,0,0,0,0,0,0,0,0,0,0,0,0,0,0,0,0,0,0,0,0,0,0,0,0,0,0,0,0,0,0,0,0,0,0,0,0,0,0,0,0,0,0,0,0,0,0,0,0,0,0,0,0,0,0,0,0,0,0,0,0,0,0,0,0,0,0,0,0,0,0,0,0,0,0,0,0,0,0,0,0,0,0,0,0,0,0,0,0,0,0,0,0,0,0,0,0,0,0,0,0,0,0,0,0,0,0,0,0,0,0,0,0,0,0,0,0,0,0,4
SAL21097,0,0,0,0,0,0,0,0,0,0,0,0,0,0,0,0,0,0,0,0,0,0,0,0,0,0,0,0,0,0,0,0,0,0,0,0,0,0,0,0,0,0,0,0,0,0,0,0,0,0,0,0,0,0,0,0,0,0,0,0,0,0,0,0,0,0,0,0,0,0,0,0,0,0,0,0,0,0,0,0,0,0,0,0,0,0,0,0,0,0,0,0,0,0,0,0,0,0,0,0,0,0,0,0,0,0,0,0,0,0,0,0,0,0,0,0,4,0,0,0,0,0,0,0,0,0,0,0,0,0,0,0,0,0,0,0,0,0,3,0,0,0,0,4
SAL21098,15,0,0,0,0,0,0,0,14,3,0,0,0,0,0,0,0,8,0,0,0,0,0,0,0,0,0,4,6,3,0,0,0,0,0,8,0,3,4,4,0,0,0,0,15,3,0,3,3,0,0,0,0,13,3,4,10,4,0,0,0,0,26,0,4,0,6,0,0,0,0,18,6,0,6,0,0,0,0,0,20,0,0,8,3,4,0,0,0,17,5,0,10,4,0,0,0,3,28,3,0,4,6,3,0,0,0,10,3,0,3,0,0,0,0,0,15,6,0,0,0,0,0,0,0,4,0,0,0,0,0,0,0,0,0,41,19,55,28,14,4,3,22,189
SAL21099,3,0,0,0,0,0,0,0,3,0,0,0,0,0,0,0,0,0,0,0,0,0,0,0,0,0,0,0,0,0,0,0,0,0,0,0,0,0,0,0,0,0,0,0,0,0,0,0,0,0,0,0,0,0,0,0,0,0,0,0,0,0,0,0,0,0,0,0,0,0,0,0,0,0,0,0,0,0,0,0,0,0,0,0,0,0,0,0,0,0,0,0,0,0,0,0,0,0,0,0,0,0,0,0,0,0,0,0,0,0,0,0,0,0,0,0,0,0,0,0,0,0,0,0,0,0,0,0,0,0,0,0,0,0,0,3,0,0,0,0,0,0,0,9
SAL21100,5,0,0,0,0,0,0,0,5,0,0,0,0,0,0,0,0,0,0,0,0,0,0,0,0,0,0,0,0,0,0,0,0,0,0,0,0,3,0,0,0,0,0,0,3,0,0,0,0,0,0,0,0,0,0,0,0,0,0,0,0,0,4,0,0,0,0,0,0,0,0,3,0,0,0,0,0,0,0,0,0,0,0,0,3,0,0,0,0,9,4,0,0,0,0,0,0,0,5,0,0,0,0,0,0,0,0,0,0,0,0,0,0,0,0,0,0,0,0,0,5,0,0,0,0,0,0,0,0,0,0,0,0,0,0,8,5,9,3,0,0,0,7,30
SAL21101,18,0,0,0,0,0,0,0,23,6,0,0,0,0,0,0,0,9,6,3,0,0,0,0,0,0,7,0,6,3,5,0,0,0,5,16,0,0,4,3,0,0,0,0,11,10,4,13,9,0,0,0,0,33,0,3,3,6,0,0,0,0,17,4,6,10,3,3,0,0,0,24,4,4,6,7,4,0,0,0,21,0,3,4,11,0,0,0,0,23,0,0,4,4,0,0,0,0,15,0,0,8,5,3,0,0,0,15,0,0,5,0,0,0,0,0,11,0,0,4,5,0,0,0,0,5,0,0,0,0,4,0,0,0,5,59,23,67,51,16,0,0,10,236
SAL21102,0,0,0,0,0,0,0,0,0,0,0,0,0,0,0,0,0,0,0,0,0,0,0,0,0,0,0,6,0,0,0,0,0,0,0,0,0,0,0,0,0,0,0,0,3,0,0,0,0,0,0,0,0,0,0,0,4,0,0,0,0,0,4,0,0,0,3,6,0,0,0,5,0,0,0,0,0,0,0,0,0,0,0,0,0,0,0,0,0,0,3,0,0,0,0,0,0,0,5,0,0,0,0,0,0,0,0,3,0,0,0,0,0,0,0,0,0,0,0,0,0,0,0,0,0,0,0,0,0,0,0,0,0,0,0,10,4,5,3,6,0,0,0,22
SAL21103,3,0,0,0,0,0,0,0,3,0,0,0,0,0,0,0,0,0,0,0,0,0,0,0,0,0,6,0,0,0,0,0,0,0,0,0,0,0,0,0,0,0,0,0,0,0,0,0,0,0,0,0,0,0,0,0,0,0,0,0,0,0,0,0,0,0,0,0,0,0,0,0,0,0,0,0,0,0,0,0,0,0,0,0,0,0,0,0,0,0,0,0,0,0,0,0,0,0,0,0,0,0,0,0,0,0,0,0,0,0,0,0,0,0,0,0,0,0,0,0,0,0,0,0,0,0,0,0,0,0,0,0,0,0,0,8,3,5,5,0,0,0,0,19
SAL21104,560,0,0,0,0,0,0,23,587,426,6,0,0,0,0,0,18,447,407,36,15,0,0,0,0,26,482,351,196,155,15,5,0,0,23,741,184,182,354,76,16,0,0,29,841,127,144,367,121,28,6,0,22,809,107,111,338,135,23,11,0,19,743,108,96,326,136,30,14,3,23,730,69,70,289,130,33,14,7,4,613,76,81,291,155,52,8,8,20,671,51,67,287,162,49,8,11,11,639,40,47,256,154,48,12,12,25,585,16,26,154,101,43,12,10,19,390,21,20,83,69,33,9,12,11,263,22,25,82,76,57,27,21,21,329,2570,1101,2990,1344,412,112,75,281,8883
SAL21105,664,0,0,0,0,0,0,40,707,684,14,3,5,0,0,0,46,744,559,110,54,15,3,0,0,37,784,273,204,243,75,9,3,0,50,857,149,154,306,139,57,7,7,31,853,64,100,292,149,51,20,3,21,707,51,77,281,168,67,21,17,27,704,55,60,365,189,60,17,5,22,776,32,57,335,181,64,19,4,25,720,42,40,240,161,45,19,8,20,573,20,28,169,121,45,11,15,9,410,12,19,117,109,30,11,7,13,324,3,17,57,45,28,6,12,6,177,3,0,22,23,4,4,4,4,72,0,4,24,10,9,8,9,3,76,2609,885,2508,1393,463,142,110,353,8473
SAL21106,0,0,0,0,0,0,0,0,0,0,0,0,0,0,0,0,0,0,0,0,0,0,0,0,0,0,0,0,0,0,0,0,0,0,0,0,0,0,0,0,0,0,0,0,0,0,0,0,0,0,0,0,0,3,0,0,0,0,0,0,0,0,3,0,0,0,0,0,0,0,0,3,0,0,0,0,0,0,0,0,4,0,0,0,0,0,0,0,0,0,0,0,0,0,0,0,0,0,0,0,0,0,0,0,0,0,0,0,0,0,0,0,0,0,0,0,0,0,0,0,0,0,0,0,0,0,0,0,0,0,0,0,0,0,0,9,8,0,5,0,0,0,0,26
SAL21107,0,0,0,0,0,0,0,0,0,5,0,0,0,0,0,0,0,4,0,0,0,0,0,0,0,0,0,0,0,0,0,0,0,0,0,0,4,0,0,0,0,0,0,0,4,0,0,0,0,0,0,0,0,4,0,0,0,0,0,0,0,0,3,0,0,0,0,0,0,0,0,0,0,0,0,0,0,0,0,0,8,0,0,0,3,0,0,0,0,6,0,0,0,6,0,0,0,0,8,0,0,0,0,0,0,0,0,3,0,0,0,0,0,0,0,0,4,0,0,0,0,0,0,0,0,0,0,0,0,0,0,0,0,0,0,11,3,3,15,3,3,0,0,41
SAL21108,4,0,0,0,0,0,0,0,4,0,0,0,0,0,0,0,0,6,0,0,0,0,0,0,0,0,0,0,0,0,0,0,0,0,0,0,0,0,0,0,0,0,0,0,3,0,0,0,0,0,0,0,0,0,0,0,0,0,0,0,0,0,6,0,4,0,0,4,0,0,0,3,0,0,0,3,0,0,0,0,3,0,0,0,0,0,0,0,0,5,0,0,0,0,0,0,0,0,0,0,0,0,0,0,0,0,0,0,0,0,0,0,0,0,0,0,0,0,0,0,0,0,0,0,0,0,0,0,0,0,0,0,0,0,0,11,8,3,11,4,0,4,0,39
SAL21109,3,0,0,0,0,0,0,0,4,0,0,0,0,0,0,0,0,0,0,0,0,0,0,0,0,0,0,0,0,0,0,0,0,0,0,0,0,0,0,0,0,0,0,0,5,0,0,3,0,0,0,0,0,6,3,0,0,3,0,0,0,0,5,0,0,3,0,0,0,0,0,4,0,0,0,0,0,0,0,0,5,6,0,0,0,0,0,0,0,5,0,0,0,4,0,0,0,0,4,0,0,3,4,0,0,0,0,8,0,0,0,0,0,0,0,0,4,0,0,0,0,0,0,0,0,3,0,0,0,0,0,0,0,0,0,11,5,13,10,0,3,0,6,54
SAL21110,3,0,0,0,0,0,0,4,8,0,0,0,0,0,0,0,0,0,5,0,0,0,0,0,0,0,5,0,0,0,0,0,0,0,0,0,0,0,0,0,0,0,0,0,5,0,0,0,0,0,0,0,0,0,0,0,0,4,0,0,0,0,10,4,0,3,0,0,0,0,0,7,0,0,0,0,0,0,0,0,0,0,0,3,0,3,0,0,3,15,0,0,3,5,0,0,0,0,9,0,0,0,0,0,0,0,0,9,0,0,0,0,0,0,0,0,7,0,0,4,0,0,0,0,0,7,0,0,0,0,0,0,0,0,0,22,7,18,11,6,0,0,6,72
SAL21111,0,0,0,0,0,0,0,0,0,0,0,0,0,0,0,0,0,0,0,0,0,0,0,0,0,0,0,0,0,0,0,0,0,0,0,0,0,0,0,0,0,0,0,0,0,0,0,0,0,0,0,0,0,0,0,0,0,0,0,0,0,0,0,0,0,0,0,0,0,0,0,0,0,0,0,0,0,0,0,0,0,0,0,0,0,0,0,0,0,0,0,0,0,0,0,0,0,0,0,0,0,0,0,0,0,0,0,0,0,0,0,0,0,0,0,0,0,0,0,0,0,0,0,0,0,0,0,0,0,0,0,0,0,0,0,0,0,0,0,0,0,0,0,0
SAL21112,0,0,0,0,0,0,0,0,3,0,0,0,0,0,0,0,0,0,0,0,0,0,0,0,0,0,3,0,0,0,0,0,0,0,0,0,0,0,0,0,0,0,0,0,0,0,0,0,0,0,0,0,0,0,0,0,0,0,0,0,0,0,0,0,0,0,0,0,0,0,0,0,0,0,3,0,0,0,0,0,3,0,0,0,0,0,0,0,0,0,0,0,0,0,0,0,0,0,0,0,0,0,0,0,0,0,0,0,0,0,0,0,0,0,0,0,0,0,0,0,0,0,0,0,0,0,0,0,0,0,0,0,0,0,0,5,0,5,4,3,0,0,0,16
SAL21113,0,0,0,0,0,0,0,0,0,5,0,0,0,0,0,0,0,5,0,0,0,0,0,0,0,0,0,0,0,0,0,0,0,0,0,0,0,0,0,3,0,0,0,0,8,0,0,0,0,0,0,0,0,0,0,0,0,0,0,0,0,0,0,0,0,0,0,0,0,0,0,0,0,0,0,0,0,0,0,0,4,0,0,0,0,0,0,0,0,0,0,0,0,0,0,0,0,0,0,0,0,0,0,0,0,0,0,0,0,0,0,0,0,0,0,0,0,0,0,0,0,0,0,0,0,0,0,0,0,0,0,0,0,0,0,5,4,0,8,3,0,0,0,20
SAL21114,368,0,0,0,0,0,0,20,389,436,22,5,3,0,0,0,31,486,402,67,36,5,5,0,0,24,538,225,126,109,36,8,3,0,15,523,115,93,166,70,22,0,0,18,491,84,75,174,79,25,10,6,9,453,66,68,157,88,29,5,4,21,435,50,52,167,88,23,8,5,13,406,52,59,151,117,44,7,6,11,442,49,36,172,127,51,8,8,13,463,54,49,163,120,45,13,3,17,456,39,18,165,149,41,11,6,21,459,24,27,132,99,44,12,12,26,370,13,18,65,70,48,17,10,21,262,28,43,102,120,82,42,35,43,480,1994,741,1761,1175,466,133,90,297,6650
SAL21115,24,0,0,0,0,0,0,4,31,36,0,0,0,0,0,0,7,49,11,0,0,0,0,0,0,0,18,4,7,7,4,0,0,0,0,23,4,0,8,3,0,0,0,4,28,0,0,12,4,0,0,0,0,19,3,9,19,3,0,0,0,0,35,14,7,19,13,3,0,0,0,52,4,6,22,9,3,0,0,6,43,8,4,19,12,4,0,0,0,39,3,0,15,6,4,0,0,3,31,3,0,10,8,4,0,0,0,16,0,0,6,10,3,3,0,0,23,0,0,3,0,4,0,0,0,7,0,0,6,0,0,0,0,0,13,123,37,131,71,18,4,0,28,418
SAL21116,3,0,0,0,0,0,0,0,6,7,0,0,0,0,0,0,0,7,0,0,0,0,0,0,0,0,4,5,0,0,0,0,0,0,0,11,0,0,5,0,0,0,0,0,10,5,0,6,3,0,0,0,0,16,4,0,6,0,0,0,0,0,13,0,0,4,0,0,0,0,0,11,5,7,6,0,0,0,0,0,18,0,5,5,0,0,0,3,0,20,4,0,0,0,0,0,0,0,8,0,0,3,3,0,0,0,0,14,0,0,0,3,0,0,0,0,9,0,0,3,0,0,0,0,0,5,0,0,0,0,0,0,0,0,5,37,14,46,15,3,4,4,9,137
SAL21117,4,0,0,0,0,0,0,0,3,9,0,0,0,0,0,0,3,14,5,5,0,0,0,0,0,0,15,4,0,3,0,0,0,0,0,13,0,0,7,3,0,0,0,0,13,0,0,7,4,0,0,0,3,14,4,0,7,9,5,0,0,0,18,6,0,12,0,0,0,0,0,20,3,0,7,4,0,0,0,4,24,0,0,6,8,3,6,0,6,24,3,0,10,0,0,0,0,0,21,0,4,6,6,0,0,0,0,17,0,0,3,5,0,0,5,3,14,0,0,4,0,3,0,0,5,14,0,0,0,0,0,0,0,0,4,41,17,72,37,16,9,8,29,223
SAL21118,6,0,0,0,0,0,0,0,6,5,0,0,0,0,0,0,0,0,0,0,0,0,0,0,0,0,3,4,0,0,0,0,0,0,0,4,0,0,5,3,0,0,0,0,10,4,3,0,0,0,0,0,0,7,4,0,0,3,0,0,0,0,8,4,0,6,0,0,0,0,4,11,0,0,0,0,0,0,0,0,3,0,0,3,5,0,0,0,0,9,0,0,0,4,0,0,0,0,9,0,0,0,5,0,0,0,0,8,0,0,0,0,0,0,0,0,0,0,0,0,0,0,0,0,0,0,0,0,0,0,0,0,0,3,3,19,8,19,20,7,4,0,14,87
SAL21119,0,0,0,0,0,0,0,0,0,0,0,0,0,0,0,0,0,0,0,0,0,0,0,0,0,0,0,0,0,0,0,0,0,0,0,0,0,0,0,0,0,0,0,0,0,0,0,0,0,0,0,0,0,0,0,0,0,0,0,0,0,0,0,0,0,0,0,0,0,0,0,0,0,0,0,0,0,0,0,0,0,0,0,0,0,0,0,0,0,0,0,0,0,0,0,0,0,0,0,0,0,0,0,0,0,0,0,0,0,0,0,0,0,0,0,0,0,0,0,0,0,0,0,0,0,0,0,0,0,0,0,0,0,0,0,0,0,0,0,0,0,0,0,0
SAL21120,0,0,0,0,0,0,0,0,0,0,0,0,0,0,0,0,0,0,0,0,0,0,0,0,0,0,0,0,0,0,0,0,0,0,0,0,0,0,0,0,0,0,0,0,0,0,0,0,0,0,0,0,0,0,0,0,0,0,0,0,0,0,0,0,0,0,0,0,0,0,0,0,0,0,0,0,0,0,0,0,0,0,0,0,0,0,0,0,0,8,0,0,0,0,0,0,0,0,0,0,0,0,0,0,0,0,0,0,0,0,0,0,0,0,0,0,0,0,0,0,0,0,0,0,0,0,0,0,0,0,0,0,0,0,0,0,0,0,4,0,0,0,3,12
SAL21121,17,0,0,0,0,0,0,0,15,7,0,0,0,0,0,0,0,7,10,0,0,0,0,0,0,0,7,0,0,6,0,0,0,0,0,9,0,0,0,4,0,0,0,0,6,0,0,5,0,0,0,0,0,11,5,0,4,4,0,0,0,0,20,5,0,3,9,0,0,0,0,18,0,0,11,4,0,0,0,0,15,0,0,3,3,0,0,0,0,13,0,3,0,3,5,0,0,0,13,0,0,3,4,0,0,0,0,10,4,0,0,0,0,0,0,3,6,0,0,0,0,0,0,0,0,0,0,0,0,0,0,0,0,0,0,49,21,43,34,5,3,0,12,159
SAL21122,4,0,0,0,0,0,0,0,4,0,0,0,0,0,0,0,0,0,0,0,0,0,0,0,0,0,7,0,0,0,0,0,0,0,0,0,0,0,0,0,0,0,0,0,0,0,0,0,0,0,0,0,0,0,0,0,0,3,0,0,0,0,3,0,0,0,4,0,0,0,0,4,0,0,0,0,0,0,0,0,0,0,0,0,0,0,0,0,0,0,0,0,4,0,0,0,0,0,6,0,0,0,0,0,0,0,0,0,0,0,0,0,0,0,0,3,3,0,0,0,0,0,0,0,0,0,0,0,0,0,0,0,0,0,0,11,5,3,6,0,0,0,3,27
SAL21123,39,0,0,0,0,0,0,3,40,25,4,0,0,0,0,0,3,33,8,7,3,6,0,0,0,0,20,12,8,16,0,3,0,0,0,42,8,0,22,7,0,0,0,0,34,3,5,17,10,3,0,4,0,34,3,0,19,18,0,4,0,0,42,4,3,15,13,3,3,0,0,47,11,5,21,17,6,0,0,0,63,0,3,19,13,7,0,0,7,46,0,0,11,4,6,0,0,3,31,3,0,15,6,4,0,0,0,27,5,0,3,3,3,0,0,0,16,0,0,4,0,0,0,0,0,10,0,0,0,0,0,0,0,0,3,126,35,171,90,30,14,4,24,494
SAL21124,123,0,0,0,0,0,0,17,136,130,14,0,0,0,0,0,11,155,168,34,18,7,4,0,0,18,246,146,71,51,26,9,3,0,18,319,67,56,75,30,10,10,0,15,266,35,27,67,20,14,8,4,3,176,45,35,52,27,11,9,5,13,195,47,19,54,17,9,0,7,11,174,29,24,65,28,3,4,0,15,167,26,16,50,32,10,4,3,8,146,11,11,31,24,10,6,5,8,115,9,16,37,31,12,3,4,15,118,8,7,37,28,14,6,0,6,110,3,8,52,39,26,13,8,15,160,4,9,42,21,25,10,8,10,125,851,335,620,323,163,82,46,186,2605
SAL21125,283,0,0,0,0,0,0,39,319,297,21,12,0,0,0,0,39,370,232,68,47,17,0,0,0,34,406,135,89,91,45,12,4,4,23,395,70,75,110,55,32,13,11,32,400,62,47,99,49,23,14,17,18,325,37,48,102,44,35,15,16,38,337,34,48,118,62,15,7,13,23,339,47,55,138,74,29,14,13,11,383,28,51,128,73,20,8,7,14,339,24,40,103,67,17,0,4,15,275,18,22,82,44,21,12,5,11,219,3,15,53,38,18,6,4,16,156,7,10,34,20,21,8,5,6,123,12,18,46,49,25,16,21,26,204,1302,616,1168,642,271,124,127,344,4594
SAL21126,4,0,0,0,0,0,0,0,3,0,0,0,0,0,0,0,0,0,0,0,0,0,0,0,0,0,0,0,0,3,5,0,0,0,0,9,4,0,0,0,0,0,0,3,5,0,0,0,0,0,0,0,0,3,0,0,4,0,0,0,0,0,3,0,0,0,0,0,0,0,0,5,0,0,4,5,0,0,0,0,4,0,0,0,0,0,0,0,0,0,0,0,0,0,0,0,0,0,7,0,0,0,0,0,0,0,0,0,0,0,0,0,0,0,0,0,0,0,0,0,0,0,0,0,0,0,0,0,0,0,0,0,0,0,0,8,5,16,10,4,0,0,7,48
SAL21127,9,0,0,0,0,0,0,0,9,7,0,0,0,0,0,0,0,9,13,3,3,0,0,0,0,0,16,10,3,0,0,0,0,0,3,25,5,0,3,0,0,0,0,0,13,0,8,3,3,0,0,0,0,22,0,0,8,0,0,0,0,0,8,4,3,3,0,0,0,0,0,14,0,0,6,3,4,0,0,0,15,0,0,4,10,0,0,0,3,23,0,0,4,5,0,0,0,0,16,0,0,5,0,0,0,0,0,12,0,0,0,3,0,0,0,0,8,0,0,0,3,0,0,0,0,9,0,0,0,0,5,0,0,0,0,60,21,43,32,10,3,0,17,200
SAL21128,0,0,0,0,0,0,0,0,0,4,0,0,0,0,0,0,0,4,0,5,0,0,0,0,0,0,4,0,0,0,0,0,0,0,0,4,0,0,0,0,0,0,0,0,0,0,0,0,0,0,0,0,0,3,0,0,3,6,0,0,0,0,10,0,0,5,3,0,0,0,0,4,4,0,0,0,0,0,0,0,10,0,0,3,3,0,0,0,0,3,0,0,0,0,0,0,0,0,4,0,0,0,5,0,0,0,0,3,0,0,3,0,0,0,0,0,4,0,0,0,4,6,0,0,0,6,0,0,0,0,0,0,0,0,0,18,13,13,16,3,0,0,8,65
SAL21129,263,5,0,0,0,0,0,36,305,207,24,4,0,0,0,0,23,259,144,53,41,15,0,0,0,17,275,99,60,69,26,9,5,3,17,289,54,39,81,62,30,0,3,14,288,27,30,104,61,27,6,4,12,267,48,29,99,72,23,8,12,18,289,39,44,115,73,29,8,4,13,325,56,20,129,85,40,6,6,18,369,47,33,133,88,32,9,11,22,368,38,30,111,112,44,10,3,22,378,28,14,118,85,49,5,5,26,342,19,13,93,76,38,23,8,32,299,15,8,40,59,35,18,13,30,219,14,9,54,51,43,22,31,43,266,1088,418,1198,853,404,123,101,341,4538
SAL21130,156,4,0,0,0,0,0,14,174,187,8,9,0,0,0,0,14,210,213,33,8,3,0,0,0,19,276,138,60,48,11,3,0,0,11,278,50,46,82,34,7,0,0,18,244,41,27,74,34,7,5,4,12,196,40,22,72,51,10,5,5,5,205,41,23,73,41,13,3,3,15,211,26,26,75,39,12,0,0,3,188,36,23,86,55,11,4,0,5,217,15,12,63,54,4,3,0,4,157,13,13,59,39,12,5,5,6,156,8,5,43,24,11,0,5,6,102,10,8,26,28,15,5,0,10,97,13,10,39,34,22,10,15,16,150,977,323,752,453,134,38,34,145,2859
SAL21131,445,0,0,0,0,0,0,15,467,333,3,0,0,0,0,0,20,352,221,8,0,0,0,0,0,16,247,177,53,41,8,0,0,0,14,292,122,82,133,35,0,0,0,10,380,78,72,200,70,12,0,0,28,465,91,66,258,116,11,3,0,21,572,76,78,282,142,32,4,0,15,626,87,79,240,112,19,3,0,24,562,83,61,204,73,31,5,4,14,479,63,57,151,80,29,9,0,24,407,42,42,146,88,24,11,0,17,375,30,23,98,67,23,5,0,25,269,23,23,50,46,15,9,8,4,179,10,23,53,38,18,19,7,15,175,1875,661,1861,877,226,60,24,257,5846
SAL21132,113,0,0,0,0,0,0,9,128,114,0,0,0,0,0,0,9,122,117,12,0,0,0,0,0,14,146,91,44,25,7,0,0,0,12,181,45,62,86,16,7,4,0,13,221,50,37,72,24,10,0,0,7,213,42,36,70,20,4,0,0,8,190,34,32,84,37,0,0,0,8,192,43,26,74,27,11,0,4,12,198,25,26,52,25,10,0,4,8,151,18,18,45,15,9,0,0,7,112,13,24,41,12,10,3,0,9,105,9,18,27,23,9,0,0,10,90,3,9,16,19,13,0,4,8,69,5,7,26,21,4,0,7,6,78,732,352,634,241,74,17,18,134,2198
SAL21133,719,3,0,0,0,0,0,93,815,762,72,27,3,6,0,0,90,957,566,205,129,40,3,3,0,105,1046,299,251,234,115,36,14,7,76,1034,170,165,303,162,72,26,20,69,978,79,129,261,140,59,41,20,57,777,98,120,246,142,60,31,30,59,787,94,111,293,141,60,33,30,49,812,73,121,291,169,74,25,21,29,808,56,109,254,163,65,19,26,46,726,37,61,183,109,46,18,10,35,494,14,35,106,102,49,11,11,34,363,10,20,71,48,25,13,14,16,212,5,9,37,34,25,16,12,13,160,10,9,25,20,17,11,25,6,114,2988,1411,2445,1374,602,260,236,769,10088
SAL21134,7,0,0,0,0,0,0,0,5,0,0,0,0,0,0,0,0,0,0,0,0,0,0,0,0,0,0,0,0,0,0,0,0,0,0,4,0,0,0,4,0,0,0,0,5,0,0,8,0,0,0,0,0,6,0,0,4,0,0,0,0,0,4,0,0,3,0,0,0,0,0,8,0,0,4,0,0,0,0,0,5,0,0,0,0,0,0,0,0,6,0,0,0,5,0,0,0,0,3,0,0,0,0,0,0,0,0,4,0,0,0,0,0,0,0,0,4,0,0,0,0,0,0,0,0,4,0,0,0,0,0,0,0,0,0,11,0,22,13,6,0,0,0,57
SAL21135,0,0,0,0,0,0,0,0,0,0,0,0,0,0,0,0,0,0,6,0,0,0,0,0,0,0,6,0,0,0,0,0,0,0,0,0,0,0,3,0,0,0,0,0,0,0,0,4,0,0,0,0,0,3,0,0,0,0,0,0,0,0,4,0,0,0,0,0,0,0,0,0,0,0,0,0,0,0,0,0,4,0,0,0,0,0,0,0,0,5,0,0,0,0,0,0,0,0,4,0,0,0,0,0,0,0,0,0,0,0,0,0,0,0,0,0,5,0,0,0,0,0,0,0,0,0,0,0,0,0,0,0,0,0,0,4,8,10,7,0,0,0,5,34
SAL21136,0,0,0,0,0,0,0,0,0,5,0,0,0,0,0,0,0,5,0,0,0,0,0,0,0,0,0,0,0,0,0,0,0,0,0,0,0,0,0,0,0,0,0,5,3,0,0,0,0,0,0,0,0,3,0,0,0,0,0,0,0,0,0,0,0,0,0,3,0,0,0,4,0,0,0,0,3,4,0,0,4,0,0,0,0,0,0,0,0,4,0,0,0,0,0,0,0,0,0,0,0,0,0,0,0,0,0,0,0,0,0,0,0,0,0,0,0,0,0,0,0,0,0,0,0,0,0,0,0,0,0,0,0,0,0,5,0,0,5,8,4,0,8,31
SAL21137,25,0,0,0,0,0,0,0,25,21,0,0,0,0,0,0,0,19,14,0,4,0,0,0,0,3,23,8,9,12,0,0,0,0,3,30,3,6,10,4,0,0,0,0,27,5,5,7,10,0,0,0,4,31,7,4,14,8,5,0,0,9,38,0,5,12,7,3,0,0,0,32,8,6,9,11,0,0,0,5,35,0,9,14,8,6,3,0,4,48,3,8,11,8,6,0,0,3,37,0,6,14,12,5,0,0,3,36,0,0,13,4,0,0,0,4,24,0,0,5,3,4,0,0,0,13,0,0,0,0,0,6,0,4,12,95,50,123,80,24,10,4,35,421
SAL21138,5,0,0,0,0,0,0,3,5,3,0,0,0,0,0,0,0,5,6,0,3,0,0,0,0,0,4,4,3,0,0,0,0,0,0,10,0,0,6,0,0,0,0,0,4,0,0,4,0,0,0,0,0,5,4,0,5,0,0,0,0,3,12,0,0,3,5,0,0,0,0,10,4,6,3,3,0,0,0,0,16,0,0,9,10,5,0,0,3,20,5,0,0,0,0,0,0,0,12,0,0,7,4,0,0,0,0,11,0,0,0,0,0,0,0,0,4,0,0,0,0,0,0,0,0,0,0,0,0,0,0,0,0,4,5,32,11,32,26,4,0,0,14,126
SAL21139,31,0,0,0,0,0,0,5,37,35,0,0,0,0,0,0,0,39,9,0,0,0,0,0,0,0,14,9,3,3,0,0,0,0,0,22,4,3,20,0,0,0,0,0,31,0,0,11,7,0,0,0,0,25,0,4,17,19,3,0,0,6,53,0,4,20,12,3,0,0,0,43,3,0,15,4,0,0,0,6,42,3,5,6,12,0,0,0,4,28,0,0,9,10,0,0,0,0,24,0,0,7,8,5,0,0,5,23,3,4,3,5,0,0,0,0,16,0,0,0,0,0,0,0,0,7,0,0,0,0,0,0,0,0,10,110,30,121,78,27,7,3,24,399
SAL21140,346,3,0,0,0,0,0,38,390,284,44,10,4,0,0,0,33,377,234,85,70,28,8,0,0,43,469,134,153,192,80,17,14,0,45,633,103,125,248,92,37,3,15,52,672,65,77,151,76,29,10,26,27,462,37,57,123,73,31,12,26,22,380,36,26,114,65,29,22,19,15,329,29,24,75,64,28,8,5,18,241,11,13,77,54,26,11,5,14,215,9,11,87,51,25,10,3,11,208,8,7,37,37,14,9,0,12,129,0,4,24,16,6,12,5,3,78,0,0,13,4,3,3,6,7,35,0,0,3,0,0,0,7,0,19,1291,623,1225,647,261,107,119,347,4621
SAL21141,5,0,0,0,0,0,0,0,5,0,0,0,0,0,0,0,0,0,0,0,0,0,0,0,0,0,0,0,0,0,0,0,0,0,0,0,0,0,0,0,0,0,0,0,0,0,0,0,0,0,0,0,0,5,0,0,0,0,0,0,0,0,0,0,0,4,0,0,0,0,0,4,0,0,0,0,0,0,0,0,0,0,0,3,0,0,0,0,0,4,3,0,3,0,0,0,0,0,8,0,0,0,0,0,0,0,0,0,0,0,0,0,0,0,0,0,0,0,0,0,0,0,0,0,0,0,0,0,0,0,0,0,0,0,0,9,0,10,0,0,0,0,5,30
SAL21142,3,0,0,0,0,0,0,0,3,6,0,0,0,0,0,0,0,6,8,0,0,0,0,0,0,0,5,11,5,3,0,0,0,0,3,21,5,0,3,0,0,0,0,0,7,0,7,10,4,0,0,0,7,26,5,0,12,3,0,0,0,6,24,0,0,9,0,0,0,0,0,12,4,0,0,4,0,0,0,0,13,0,0,12,6,0,0,0,6,23,0,0,5,0,0,0,0,5,14,0,0,8,3,0,0,0,0,10,0,0,3,0,0,0,0,0,3,0,0,0,0,0,0,0,0,0,0,0,0,0,0,0,0,0,0,50,21,62,24,4,3,0,30,188
SAL21143,6,0,0,0,0,0,0,0,4,0,0,0,0,0,0,0,0,0,0,0,0,0,0,0,0,0,0,0,0,0,0,0,0,0,0,3,0,0,0,0,0,0,0,0,8,0,0,0,0,0,0,0,0,3,0,0,0,3,0,0,0,0,10,0,0,0,4,0,0,0,3,7,0,0,0,0,0,0,0,0,7,0,0,4,4,0,0,0,0,8,0,0,0,4,0,0,0,0,9,0,0,0,5,0,0,0,0,3,0,0,0,0,0,0,0,0,5,0,0,0,0,0,0,0,0,4,0,0,0,0,0,0,0,0,6,12,3,13,21,3,0,4,8,68
SAL21144,0,0,0,0,0,0,0,0,0,0,0,0,0,0,0,0,0,0,0,0,0,0,0,0,0,0,0,0,0,5,0,0,0,0,0,3,0,0,0,0,0,0,0,0,0,5,0,5,0,0,0,0,0,11,0,0,0,8,0,0,0,0,9,0,0,0,0,0,0,0,0,10,0,0,0,0,0,0,0,0,0,0,5,0,3,0,0,0,0,12,0,0,9,0,0,0,0,0,12,0,0,0,0,0,0,0,0,0,0,0,0,0,0,0,0,0,0,0,0,0,0,0,0,0,0,0,0,0,0,0,0,0,0,0,0,8,6,22,11,9,0,0,6,64
SAL21145,243,0,0,0,0,0,0,30,276,191,12,7,0,3,0,0,23,236,159,64,50,13,0,0,6,27,313,120,73,96,26,18,6,0,20,360,61,57,106,64,18,4,4,32,350,66,47,77,50,19,4,0,28,302,44,31,103,49,24,11,0,27,296,39,47,126,68,31,7,5,16,335,38,27,91,76,36,5,8,18,302,45,30,99,77,32,8,10,28,323,42,28,105,93,40,10,3,22,344,31,28,130,87,37,5,6,33,348,22,30,99,63,39,7,11,32,297,17,6,56,57,24,9,8,24,206,7,12,40,38,26,10,15,28,170,1138,488,1184,767,348,98,75,373,4473
SAL21146,0,0,0,0,0,0,0,0,0,0,0,0,0,0,0,0,0,0,0,0,0,0,0,0,0,0,0,0,0,0,0,0,0,0,0,0,0,0,0,0,0,0,0,0,0,0,0,0,0,0,0,0,0,0,0,0,0,0,0,0,0,0,0,0,0,0,0,0,0,0,0,0,0,0,0,0,0,0,0,0,3,0,0,0,0,0,0,0,0,0,0,0,0,3,0,0,0,0,3,0,0,0,0,0,0,0,0,0,0,0,0,0,0,0,0,0,0,0,0,0,0,0,0,0,0,0,0,0,0,0,0,0,0,0,0,0,0,0,3,0,0,0,4,9
SAL21147,4,0,0,0,0,0,0,6,3,4,0,0,0,0,0,0,0,4,0,0,0,0,0,0,0,0,0,0,0,0,0,0,0,0,0,0,0,0,0,0,0,0,0,0,3,0,0,0,0,0,0,0,0,0,0,0,0,0,0,0,0,0,0,4,0,0,0,0,0,0,0,7,0,0,0,0,0,0,0,0,8,0,0,0,0,0,0,0,0,4,0,0,0,0,0,0,0,0,3,0,0,3,0,0,0,0,0,5,0,0,0,0,0,0,0,0,0,0,0,0,0,0,0,0,0,0,0,0,0,0,0,0,0,0,0,9,4,8,3,7,0,0,6,36
SAL21148,43,0,0,0,0,0,0,6,42,28,0,0,0,0,0,0,0,27,15,9,4,0,0,0,0,0,27,0,7,11,7,0,0,0,0,27,8,4,21,17,5,0,0,0,47,5,6,24,7,0,4,0,4,49,3,3,22,24,10,0,0,3,59,0,3,26,25,3,0,0,5,57,3,0,17,25,0,0,0,0,51,7,0,24,16,7,0,0,0,54,4,3,10,15,4,0,0,0,43,0,6,13,3,4,4,0,0,32,0,5,8,0,4,3,0,0,20,0,0,0,0,0,0,0,0,4,0,0,0,0,0,0,4,0,3,123,38,171,138,40,12,7,18,553
SAL21149,0,0,0,0,0,0,0,0,0,0,0,0,0,0,0,0,0,0,0,0,0,0,0,0,0,0,0,0,0,0,0,0,0,0,0,0,0,0,0,0,0,0,0,0,0,0,0,0,0,0,0,0,0,0,0,0,0,0,0,0,0,0,0,0,0,0,0,0,0,0,0,0,0,0,0,0,0,0,0,0,0,0,0,0,0,0,0,0,0,4,0,0,0,0,0,0,0,0,0,0,0,0,0,0,0,0,0,0,0,0,0,0,0,0,0,0,0,0,0,0,0,0,0,0,0,0,0,0,0,0,0,0,0,0,0,0,4,7,0,0,0,0,0,13
SAL21150,5,0,0,0,0,0,0,4,13,7,0,0,0,0,0,0,0,9,4,0,4,0,0,0,0,0,13,6,4,0,0,0,0,0,0,14,4,0,6,0,0,0,0,0,5,0,0,3,0,0,0,0,0,4,0,0,3,0,0,0,0,0,11,4,0,3,0,3,5,0,5,19,3,0,7,9,0,0,0,3,25,3,0,0,3,0,0,0,0,11,0,0,0,0,0,0,0,0,0,3,0,3,0,0,0,0,0,7,0,0,3,0,0,0,0,0,9,0,0,0,0,0,0,0,0,3,0,0,0,0,0,0,0,0,3,40,5,35,20,4,10,6,9,133
SAL21151,0,0,0,0,0,0,0,0,0,0,0,0,0,0,0,0,0,0,0,0,0,0,0,0,0,0,0,0,0,0,0,0,0,0,0,0,0,0,0,0,0,0,0,0,0,0,0,0,0,0,0,0,0,0,0,0,0,0,0,0,0,0,0,0,0,0,0,0,0,0,0,0,0,0,0,0,0,0,0,0,0,0,0,0,0,0,0,0,0,0,0,0,3,0,0,0,0,0,3,0,0,0,0,0,0,0,0,0,0,0,0,0,0,0,0,0,0,0,0,0,0,0,0,0,0,0,0,0,0,0,0,0,0,0,0,0,0,3,0,0,0,0,0,3
SAL21152,564,0,0,0,0,0,0,44,612,1027,3,0,0,0,0,0,66,1100,1252,25,6,0,0,0,0,72,1357,943,138,56,12,0,0,0,63,1205,499,162,168,38,3,0,0,35,907,294,118,228,77,5,0,0,32,759,177,91,230,133,26,5,0,18,681,174,98,209,142,24,6,0,22,674,152,64,190,122,33,4,0,26,596,113,57,178,114,23,3,0,24,529,98,65,158,102,30,3,3,18,474,100,59,170,108,28,14,5,20,496,62,17,139,86,33,3,3,24,365,35,11,51,60,22,6,7,14,210,38,21,83,41,39,14,6,11,250,5530,930,1869,1034,270,58,26,503,10220
SAL21153,365,0,0,0,0,0,0,15,389,602,0,0,0,0,0,0,35,636,759,11,4,0,0,0,0,41,819,503,93,61,3,0,0,0,36,698,272,120,133,42,7,0,0,23,597,124,92,201,57,8,0,0,19,500,121,101,201,98,19,0,0,20,552,90,59,176,96,25,5,0,15,464,69,65,169,76,20,3,0,14,409,95,54,137,77,21,4,0,17,397,69,52,119,70,11,0,0,14,347,57,43,106,66,26,4,4,18,312,40,21,77,54,19,7,0,14,233,31,12,40,45,31,4,7,11,188,52,15,43,37,23,13,10,14,207,3247,738,1470,717,197,44,22,302,6744
SAL21154,3,0,0,0,0,0,0,0,3,0,0,0,0,0,0,0,0,0,3,0,0,0,0,0,0,0,0,0,0,0,3,0,0,0,0,3,0,0,0,0,0,0,0,0,0,0,0,0,0,0,0,0,0,0,0,0,0,0,0,0,0,0,0,0,0,0,0,0,0,0,0,5,0,0,0,0,0,0,0,0,0,0,0,0,0,0,0,0,0,3,0,0,0,0,0,0,0,0,0,0,0,0,0,0,0,0,0,0,0,0,0,0,0,0,0,0,0,0,0,0,0,0,0,0,0,0,0,0,0,0,0,0,0,0,0,6,0,0,0,3,0,0,0,14
SAL21155,0,0,0,0,0,0,0,0,0,4,0,0,0,0,0,0,0,4,0,0,0,0,0,0,0,0,3,3,0,0,0,0,0,0,0,9,5,0,5,0,0,0,0,0,8,0,0,0,4,0,0,0,0,9,0,0,0,0,0,0,0,0,5,0,0,0,5,3,0,0,0,6,0,0,4,3,3,0,0,0,16,0,0,8,0,0,0,0,0,5,0,0,0,0,0,0,0,0,3,0,0,0,0,0,0,0,0,3,0,0,0,5,0,0,0,0,8,0,0,0,0,0,0,0,0,6,0,0,0,0,0,0,0,0,0,20,11,23,10,10,0,0,3,79
SAL21156,32,0,0,0,0,0,0,0,32,30,0,0,0,0,0,0,0,31,23,5,7,0,0,0,0,0,41,12,7,9,5,4,0,0,0,27,6,6,24,15,0,3,0,0,53,3,3,17,10,9,0,0,3,50,8,5,27,8,6,0,0,0,58,4,8,26,15,12,4,0,7,65,3,3,39,16,7,0,0,6,72,0,3,21,17,9,4,0,3,56,4,5,13,20,11,0,0,3,53,4,0,14,15,0,0,0,0,35,0,0,10,3,0,3,0,0,25,0,0,0,6,0,4,0,0,12,4,0,0,0,0,0,0,0,11,133,54,205,118,54,18,4,27,618
SAL21157,13,0,0,0,0,0,0,0,12,6,0,0,0,0,0,0,0,6,4,0,0,0,0,0,0,0,7,0,3,3,4,0,0,0,0,13,3,0,4,0,0,0,0,0,5,0,0,6,0,0,0,0,0,13,0,0,0,0,0,0,0,0,3,0,0,3,0,3,0,0,0,8,0,0,3,3,3,0,0,0,18,0,0,5,0,0,0,0,0,9,0,0,4,4,3,0,0,0,10,0,0,5,0,0,0,0,0,9,0,0,0,0,0,0,0,0,6,0,0,0,0,0,0,0,0,5,0,0,0,0,0,0,0,0,0,30,8,35,13,16,4,0,7,117
SAL21158,190,0,0,0,0,0,0,21,213,154,9,5,0,0,0,0,9,171,132,30,11,3,0,0,0,7,184,83,49,48,21,3,0,0,11,220,54,34,87,35,17,0,0,15,238,46,42,69,40,17,3,0,6,228,35,36,103,51,17,0,3,18,266,41,37,82,50,12,0,8,14,249,56,36,114,66,17,4,0,17,306,44,31,108,61,28,4,8,18,298,31,22,90,66,29,7,0,3,249,27,20,94,46,23,13,0,18,238,16,19,67,55,24,10,4,12,202,15,8,20,29,28,9,11,9,128,12,11,44,29,19,15,16,17,166,922,386,937,564,229,64,49,212,3353
SAL21159,7,0,0,0,0,0,0,0,7,8,0,0,0,0,0,0,0,8,3,0,0,0,0,0,0,0,4,0,0,3,0,0,0,0,0,5,0,0,0,0,0,0,0,0,3,0,0,0,0,0,0,0,0,3,0,0,4,0,0,0,0,0,5,5,0,0,0,0,0,0,0,7,0,0,0,0,0,0,0,0,11,0,0,0,0,0,0,0,0,3,3,0,6,0,0,0,0,0,4,0,0,4,5,0,0,0,0,8,0,0,0,5,0,0,0,0,4,0,0,0,0,0,0,0,0,0,0,0,0,0,0,0,0,0,0,27,8,21,14,3,0,0,3,77
SAL21160,36,0,0,0,0,0,0,5,41,34,0,0,0,0,0,0,5,46,20,5,6,0,0,0,0,12,46,16,13,11,11,3,0,0,8,65,15,14,13,12,0,0,0,6,60,22,11,15,12,0,7,0,14,77,17,17,25,10,5,3,0,13,85,17,14,30,11,5,0,3,15,97,8,10,46,21,10,0,3,19,121,14,19,46,39,10,4,0,10,148,16,16,52,33,12,3,5,17,151,14,6,46,30,8,7,0,7,124,11,14,22,18,9,7,4,14,98,3,8,13,19,13,3,11,15,76,3,4,12,15,8,4,11,10,68,251,142,330,232,84,36,45,173,1292
SAL21161,7,0,0,0,0,0,0,4,16,13,0,0,0,0,0,0,0,14,16,6,3,0,0,0,0,0,20,9,3,6,8,0,0,0,3,30,5,6,8,0,3,0,0,0,23,3,9,9,3,0,0,0,4,25,0,0,15,9,0,0,0,5,32,9,0,3,7,0,3,0,5,28,3,0,4,5,3,0,0,0,20,3,0,12,12,4,0,0,0,33,4,4,3,6,0,5,0,0,25,0,0,9,9,0,0,0,5,21,0,0,0,4,0,0,0,4,6,0,0,0,0,0,0,0,0,0,0,0,0,0,0,0,0,0,0,70,29,82,65,19,6,4,19,303
SAL21162,0,0,0,0,0,0,0,0,0,0,0,0,0,0,0,0,0,0,0,0,0,0,0,0,0,5,3,0,0,0,0,0,0,0,0,0,0,0,0,0,0,0,0,0,0,0,0,0,0,0,0,0,0,0,0,0,0,0,0,0,0,0,0,0,0,0,0,0,0,0,0,0,0,0,0,0,0,0,0,0,0,0,0,0,0,0,0,0,0,0,0,0,0,0,0,0,0,0,5,0,0,0,0,0,0,0,0,0,0,0,0,0,0,0,0,0,0,0,0,0,0,0,0,0,0,0,0,0,0,0,0,0,0,0,0,3,0,6,0,0,0,0,0,9
SAL21163,100,0,0,0,0,0,0,0,104,62,0,0,0,0,0,0,12,70,52,3,0,0,0,0,0,6,65,46,19,12,6,0,0,0,4,77,17,23,32,13,0,0,0,0,90,5,17,59,25,5,0,0,0,116,17,19,77,22,3,0,0,0,136,22,23,54,21,12,0,0,4,141,15,29,31,7,3,0,0,0,81,9,18,33,18,4,0,0,0,82,9,7,20,8,4,0,0,3,58,8,5,28,12,0,3,0,14,68,4,4,13,8,4,0,0,7,39,3,0,7,0,4,0,0,3,21,0,0,6,0,3,0,0,0,20,354,171,365,143,42,13,0,65,1157
SAL21164,5,0,0,0,0,0,0,0,5,0,0,0,0,0,0,0,0,3,9,4,0,0,0,0,0,0,10,4,4,0,0,0,0,0,0,8,0,0,0,0,0,0,0,0,0,0,0,6,0,0,0,0,0,4,0,0,3,4,0,0,0,0,12,0,0,5,0,0,0,0,4,6,0,0,0,0,0,0,0,0,4,0,0,5,0,3,0,0,0,12,0,0,0,4,0,0,0,3,11,0,6,0,3,0,0,0,0,11,0,0,0,4,0,0,0,0,5,0,0,0,0,0,0,0,0,0,0,0,3,0,0,0,0,0,4,19,14,24,16,7,0,0,10,100
SAL21165,290,0,0,0,0,0,0,11,295,206,3,0,0,0,0,0,19,232,178,21,9,0,0,0,0,8,212,126,85,57,10,4,0,0,9,295,75,82,162,49,6,0,0,16,395,49,57,178,55,11,4,3,9,365,58,61,168,79,22,8,0,12,403,60,42,137,65,24,6,0,12,347,39,47,134,78,9,5,0,7,310,41,25,99,59,23,4,0,9,257,27,27,90,64,27,5,0,7,248,24,25,111,55,27,8,3,11,265,17,15,84,47,17,8,5,9,201,5,11,31,40,20,8,3,10,120,4,8,26,27,22,10,5,18,122,1199,511,1287,621,215,53,25,161,4074
SAL21166,0,0,0,0,0,0,0,0,0,3,0,0,0,0,0,0,0,3,0,0,3,0,0,0,0,0,0,0,0,0,0,0,0,0,0,0,0,0,0,0,0,0,0,0,6,0,0,3,0,0,0,0,0,3,0,0,0,0,0,0,0,0,0,0,0,0,3,0,0,0,0,8,3,0,0,0,0,0,0,0,5,0,0,0,0,0,0,0,0,4,0,0,5,0,0,0,0,0,4,0,0,0,4,0,0,0,0,6,0,0,0,3,0,0,0,0,5,0,0,0,0,0,0,0,0,0,0,0,0,0,0,0,0,0,0,4,4,13,8,3,0,0,3,40
SAL21167,144,0,0,0,0,0,0,10,154,180,6,0,0,0,0,0,12,196,257,17,5,0,0,0,0,29,307,229,74,35,7,3,0,0,16,361,136,74,79,25,0,0,0,8,325,81,48,106,52,4,0,0,15,306,59,32,92,41,3,0,0,9,239,40,33,81,27,9,4,4,8,203,42,23,93,28,6,0,0,11,210,39,23,79,41,13,0,0,11,199,26,29,63,24,8,3,3,14,165,21,17,64,32,9,0,0,9,161,21,18,68,45,10,0,0,8,165,18,3,28,31,18,5,7,10,116,9,6,44,29,10,5,8,12,125,1301,395,839,368,97,21,22,183,3236
SAL21168,115,0,0,0,0,0,0,15,127,191,9,0,0,0,0,0,28,226,270,29,16,0,3,0,3,12,332,252,79,41,11,3,0,0,25,410,98,82,76,20,0,5,0,16,285,65,45,72,24,6,0,0,15,237,64,30,65,28,4,0,8,17,210,56,33,67,26,7,3,5,17,210,71,37,64,24,13,9,4,8,224,45,33,70,30,12,0,0,11,206,25,21,40,16,15,6,3,3,138,9,15,28,23,10,0,7,3,101,9,8,21,10,4,3,0,6,67,5,4,13,18,10,5,9,3,57,7,10,26,17,5,3,11,8,85,1275,428,602,263,101,30,43,184,2921
SAL21169,113,0,0,0,0,0,0,13,130,181,7,8,0,0,0,0,11,203,207,20,11,3,0,0,0,23,272,128,70,22,0,3,0,3,30,260,68,42,46,14,3,8,5,11,194,32,27,52,11,12,3,9,15,155,33,25,37,17,9,0,9,15,151,23,31,40,16,11,3,8,13,144,33,21,49,18,15,9,3,7,150,32,24,27,19,19,7,4,11,149,12,15,29,17,14,6,6,22,115,10,9,20,23,7,9,0,7,90,12,5,13,8,11,3,3,9,63,7,3,8,10,4,4,8,3,52,0,9,18,9,10,7,6,4,57,894,308,373,178,112,64,80,193,2190
SAL21170,0,0,0,0,0,0,0,0,0,3,0,0,0,0,0,0,0,3,0,0,0,0,0,0,0,0,3,0,0,0,0,0,0,0,0,0,0,0,0,0,0,0,0,0,0,0,0,0,3,0,0,0,0,6,0,0,0,0,0,0,0,0,0,0,0,0,0,0,0,0,0,0,0,0,0,0,0,0,0,0,0,0,0,0,0,0,0,0,0,5,0,0,4,0,0,0,0,0,4,0,0,0,0,0,0,0,0,0,0,0,0,0,0,0,0,0,0,0,0,0,0,0,0,0,0,0,0,0,0,0,0,0,0,0,0,8,3,5,5,0,0,0,0,33
SAL21171,0,0,0,0,0,0,0,0,0,0,0,0,0,0,0,0,0,0,0,0,0,0,0,0,0,0,0,0,0,0,0,0,0,0,0,0,0,0,0,0,0,0,0,0,0,0,0,0,0,0,0,0,0,3,0,0,0,0,0,0,0,0,0,0,0,0,0,0,0,0,0,3,0,0,3,0,0,0,0,0,7,3,0,0,0,4,0,0,0,6,0,0,0,0,3,0,0,0,6,0,0,0,0,0,0,0,0,0,0,0,0,0,0,0,0,0,0,0,0,0,0,0,0,0,0,3,0,0,0,0,0,0,0,0,0,4,4,11,9,9,0,0,0,33
SAL21172,15,0,0,0,0,0,0,3,14,3,0,0,0,0,0,0,0,3,10,0,0,0,0,0,0,3,7,8,0,4,0,0,0,0,0,12,6,3,5,7,0,0,0,0,17,8,3,3,6,0,0,0,0,20,7,4,9,10,0,0,0,4,36,10,3,11,3,4,0,0,0,35,12,9,6,6,0,0,0,0,31,10,8,0,5,0,0,0,3,21,11,3,11,8,3,0,0,4,42,6,3,7,6,0,0,0,0,19,0,0,8,5,0,0,0,0,13,0,0,0,0,3,0,0,3,10,0,0,0,0,0,4,4,0,9,100,42,67,48,10,4,7,24,298
SAL21173,0,0,0,0,0,0,0,6,6,3,0,0,0,0,0,0,0,3,0,0,0,0,0,0,0,0,5,3,0,0,0,0,0,0,0,11,4,0,5,0,0,0,0,0,8,4,3,0,0,0,0,0,0,7,4,4,3,0,0,0,0,0,9,7,3,9,0,0,0,0,0,24,4,4,6,4,0,0,0,5,16,4,3,3,4,4,0,0,4,22,0,7,8,0,0,0,0,4,24,0,0,10,5,0,0,0,5,20,0,5,4,0,0,0,0,0,6,0,0,4,4,0,0,0,3,8,0,0,0,3,0,0,0,0,3,58,23,49,19,7,3,0,21,182
SAL21174,69,0,0,0,0,0,0,9,77,104,3,0,0,0,0,0,11,119,144,8,8,4,0,0,0,4,167,84,38,35,6,0,0,0,3,163,41,24,53,21,6,0,0,3,151,30,11,34,18,7,0,0,0,110,29,20,37,17,7,0,0,0,120,21,14,35,21,3,6,0,3,98,15,12,27,36,10,0,0,5,94,20,9,46,28,5,3,0,4,105,7,15,35,19,7,0,0,3,85,7,9,28,13,0,0,0,3,70,8,5,12,19,5,8,0,3,56,5,0,8,4,11,4,0,4,42,7,3,5,6,11,7,0,8,63,593,183,368,210,73,27,12,70,1528
SAL21175,15,0,0,0,0,0,0,0,22,7,0,0,0,0,0,0,0,4,5,4,0,0,0,0,0,0,14,3,4,6,0,0,0,0,0,6,3,0,8,0,5,0,0,0,13,0,0,5,0,5,0,0,0,8,0,0,5,4,0,4,0,5,13,0,0,4,0,0,0,0,0,7,0,0,4,5,0,0,0,0,11,0,4,9,3,0,0,0,0,14,0,0,6,0,0,0,0,0,11,0,0,0,3,0,0,0,0,3,0,0,3,0,0,0,0,0,3,0,0,0,0,0,0,0,0,0,0,0,0,0,0,0,0,0,0,38,14,35,21,9,5,0,16,134
SAL21176,0,0,0,0,0,0,0,0,3,0,0,0,0,0,0,0,0,3,0,0,0,0,0,0,0,0,0,0,0,0,0,0,0,0,0,0,5,0,0,0,0,0,0,0,4,0,0,0,0,0,0,0,0,0,0,0,3,0,0,0,0,0,3,7,0,0,0,0,0,0,5,13,0,0,0,0,0,0,0,0,9,0,0,5,0,0,0,0,4,11,0,0,3,0,0,0,0,5,8,0,0,0,4,0,0,0,0,5,0,0,0,0,0,0,0,0,3,0,0,0,0,0,0,0,0,0,0,0,0,0,0,0,0,0,0,17,3,18,17,0,0,0,13,70
SAL21177,4,0,0,0,0,0,0,0,4,0,0,0,0,0,0,0,0,0,0,0,0,0,0,0,0,0,0,0,0,0,0,0,0,0,0,0,0,0,0,0,0,0,0,0,0,0,0,0,0,0,0,0,0,0,0,0,0,0,0,0,0,0,0,0,0,0,0,0,0,0,0,0,0,0,0,0,0,0,0,0,0,0,0,0,0,0,0,0,0,0,0,0,0,0,0,0,0,0,0,0,0,0,0,0,0,0,0,0,0,0,0,0,0,0,0,0,0,0,0,0,0,0,0,0,0,0,0,0,0,0,0,0,0,0,0,6,0,0,0,0,0,0,0,9
SAL21178,10,0,0,0,0,0,0,0,10,4,0,0,0,0,0,0,0,4,0,0,0,0,0,0,0,0,3,0,0,0,0,0,0,0,0,5,0,0,0,0,0,0,0,0,3,0,0,0,0,0,0,0,0,0,0,0,0,3,0,0,0,0,6,0,0,0,0,0,0,0,0,6,0,0,5,0,0,0,0,0,4,0,0,0,0,0,0,0,0,5,0,0,0,0,0,0,0,0,6,0,0,0,0,0,0,0,0,4,0,0,0,0,0,0,0,0,3,0,0,0,0,0,0,0,0,6,0,0,0,0,0,0,0,0,0,24,4,8,13,12,0,0,4,60
SAL21179,59,0,0,0,0,0,0,13,64,24,6,0,0,0,0,0,4,32,19,11,9,0,0,0,0,4,51,13,11,16,10,5,0,0,5,54,6,8,14,17,7,0,0,4,58,3,3,15,9,3,0,0,4,43,13,3,22,13,6,0,3,11,66,9,0,14,19,13,0,0,5,58,13,7,23,24,10,5,0,9,86,5,3,18,16,8,5,0,13,66,3,6,22,18,11,3,4,9,72,3,0,22,24,12,11,0,7,78,3,3,9,19,9,0,0,0,51,4,0,5,10,6,0,6,0,31,0,5,20,7,9,4,11,0,49,162,68,204,185,96,35,20,96,862
SAL21180,0,0,0,0,0,0,0,0,0,0,0,0,0,0,0,0,0,0,0,0,0,0,0,0,0,0,0,0,0,0,0,0,0,0,0,0,0,0,0,0,0,0,0,0,0,0,0,0,0,0,0,0,0,0,0,0,0,0,0,0,0,0,0,0,0,0,0,0,0,0,0,0,0,0,0,0,0,0,0,0,0,0,0,0,0,0,0,0,0,0,0,0,0,0,0,0,0,0,4,0,0,0,0,0,0,0,0,0,0,0,0,0,0,0,0,0,0,0,0,0,0,0,0,0,0,0,0,0,0,0,0,0,0,0,0,6,0,3,5,3,0,0,0,18
SAL21181,34,0,0,0,0,0,0,12,41,15,0,4,0,0,0,0,5,29,20,13,11,3,0,0,0,4,52,11,9,15,6,0,0,0,3,39,9,10,12,5,0,0,0,7,54,6,4,10,13,0,3,0,0,41,7,9,14,4,8,4,0,6,49,7,11,25,5,8,0,0,4,62,5,5,24,19,3,0,0,0,59,5,9,29,9,10,0,4,18,82,8,5,21,23,6,0,0,7,72,8,0,18,21,0,3,0,15,61,0,0,11,4,0,5,0,3,29,0,3,6,4,3,6,3,0,31,0,5,10,4,7,13,5,17,47,141,80,213,125,57,26,18,103,753
SAL21182,3,0,0,0,0,0,0,0,3,0,0,0,0,0,0,0,0,0,0,0,0,0,0,0,0,0,0,0,0,0,0,0,0,0,0,0,0,0,0,0,0,0,0,0,0,0,0,0,0,0,0,0,0,3,0,0,0,0,0,0,0,0,0,0,0,0,0,0,0,0,0,0,0,0,0,0,0,0,0,0,0,0,0,4,0,0,0,0,0,4,0,0,0,0,6,0,0,0,6,0,0,0,0,0,0,0,0,3,0,0,0,0,0,0,0,0,0,0,0,0,0,0,0,0,0,0,0,0,0,0,0,0,0,0,0,5,0,3,0,5,0,0,0,19
SAL21183,0,0,0,0,0,0,0,0,0,0,0,0,0,0,0,0,0,0,0,0,0,0,0,0,0,0,0,0,0,0,0,0,0,0,0,0,0,0,0,0,0,0,0,0,0,0,0,0,0,0,0,0,0,0,0,0,0,0,0,0,0,0,0,0,0,0,0,0,0,0,0,0,0,0,0,0,0,0,0,0,0,0,0,0,0,0,0,0,0,0,0,0,0,0,0,0,0,0,0,0,0,0,0,0,0,0,0,0,0,0,0,0,0,0,0,0,0,0,0,0,0,0,0,0,0,0,0,0,0,0,0,0,0,0,0,6,0,3,0,0,0,0,0,7
SAL21184,5,0,0,0,0,0,0,0,5,6,0,0,0,0,0,0,4,7,0,0,0,0,0,0,0,0,0,0,0,0,0,0,0,0,0,0,0,0,0,0,0,0,0,0,0,0,0,0,6,0,0,0,0,10,0,0,0,0,0,0,0,0,4,0,0,3,3,0,0,0,0,4,0,0,0,5,0,0,0,0,3,0,0,0,0,0,0,0,0,3,3,0,0,0,0,0,0,0,10,0,0,0,0,0,0,0,0,3,0,0,0,0,0,0,0,0,0,0,0,0,0,0,0,0,0,0,0,0,0,0,0,0,0,0,0,16,7,9,12,3,0,0,9,52
SAL21185,284,0,0,0,0,0,0,22,305,253,0,0,0,0,0,0,13,266,305,15,7,4,0,0,0,25,356,256,125,66,6,0,0,0,22,478,153,112,179,29,5,0,0,20,498,104,97,196,59,16,0,0,23,484,118,79,192,77,12,5,0,25,508,84,90,190,70,16,4,0,12,455,70,55,152,72,18,0,0,9,371,79,69,126,54,20,0,0,8,350,54,51,107,58,12,0,0,14,300,35,41,111,53,18,3,0,19,280,20,38,80,39,15,4,0,9,205,12,10,43,29,18,10,9,7,127,20,13,51,32,20,12,5,31,185,1843,797,1502,577,156,38,22,246,5179
SAL21186,0,0,0,0,0,0,0,0,0,0,0,0,0,0,0,0,0,0,0,0,0,0,0,0,0,0,0,0,0,0,0,0,0,0,0,0,3,0,0,0,0,0,0,0,3,0,0,0,0,0,0,0,0,3,4,0,0,0,0,0,0,4,9,6,0,0,0,0,0,0,0,4,0,0,3,0,0,0,0,3,8,0,0,5,0,0,0,0,0,7,0,0,4,0,0,0,0,0,5,0,0,0,3,0,0,0,0,7,0,0,0,0,0,0,0,0,0,0,0,0,0,0,0,0,0,3,0,0,0,0,0,0,0,0,0,18,3,20,11,0,0,0,7,64
SAL21187,579,0,0,0,0,0,0,41,619,663,12,0,0,0,0,0,58,725,478,43,10,7,0,0,0,47,583,251,142,131,31,4,4,0,29,583,127,127,289,117,24,0,0,17,706,87,80,335,141,60,9,0,10,721,74,88,358,146,43,5,3,17,738,72,87,293,145,38,10,4,14,660,75,78,275,142,43,8,4,13,645,61,78,255,153,33,16,0,10,617,43,52,213,154,51,17,0,29,563,35,44,206,136,41,13,3,27,500,27,34,142,132,42,12,0,30,414,18,3,91,83,56,8,15,16,294,15,14,78,65,46,11,14,12,260,2591,884,2688,1451,476,114,58,373,8632
SAL21188,0,0,0,0,0,0,0,0,0,0,0,0,0,0,0,0,0,0,0,0,0,0,0,0,0,0,0,0,0,0,0,0,0,0,0,0,0,0,0,0,0,0,0,0,0,0,0,3,0,0,0,0,0,3,0,0,0,0,0,0,0,0,0,0,0,0,0,0,0,0,0,0,0,0,0,0,0,0,0,0,0,0,0,0,0,0,0,0,5,5,0,0,0,0,0,0,0,0,0,0,0,0,0,0,0,0,0,0,0,0,0,0,0,0,0,0,0,0,0,0,0,0,0,0,0,0,0,0,0,0,0,0,0,0,0,0,0,3,0,0,0,0,0,7
SAL21189,5,0,0,0,0,0,0,0,5,5,0,0,0,0,0,0,0,5,0,0,0,0,0,0,0,0,5,0,4,0,0,0,0,0,0,4,0,0,3,0,0,0,0,0,4,0,0,0,0,0,0,0,0,7,0,0,3,0,0,0,0,0,9,0,0,6,0,0,0,0,0,10,0,0,0,4,0,0,0,0,5,0,0,5,0,0,0,0,0,6,0,0,0,5,0,0,0,0,3,0,0,0,3,0,0,0,0,8,0,0,0,3,0,0,0,0,8,0,0,0,0,0,0,0,0,3,0,0,0,0,0,0,0,0,0,18,8,22,16,3,0,3,0,74
SAL21190,0,0,0,0,0,0,0,0,0,0,0,0,0,0,0,0,0,0,3,0,0,0,0,0,0,0,5,0,0,0,0,0,0,0,0,0,3,0,0,0,0,0,0,0,7,0,0,0,0,0,0,0,0,0,0,0,0,0,0,0,0,0,0,0,0,3,0,0,0,0,0,3,0,0,0,0,0,0,0,0,3,0,0,0,0,0,0,0,0,4,0,0,0,0,0,0,0,0,4,0,0,0,0,0,0,0,0,7,0,0,0,0,0,0,0,0,6,0,0,0,0,0,0,0,0,0,0,0,0,0,0,0,0,0,0,13,6,7,3,5,0,0,4,41
SAL21191,12,0,0,0,0,0,0,0,16,4,0,0,0,0,0,0,0,5,4,0,0,0,0,0,0,0,4,3,0,0,0,0,0,0,0,3,5,0,0,0,3,0,0,0,9,0,0,9,0,0,0,0,0,15,6,3,0,6,0,0,0,0,9,0,0,4,5,0,0,0,0,9,4,0,0,5,3,0,0,0,16,3,4,0,4,3,0,0,0,20,0,0,4,0,0,0,0,0,19,0,5,4,3,0,0,0,3,8,0,0,0,3,0,0,0,0,8,0,0,0,0,0,0,0,0,5,0,0,0,0,0,0,0,0,0,38,15,31,27,7,5,5,9,130
SAL21192,8,0,0,0,0,0,0,0,10,3,0,0,0,0,0,0,0,9,4,3,0,0,0,0,0,0,3,0,4,4,4,0,0,0,0,13,0,6,3,6,0,0,0,0,9,0,0,5,0,0,0,0,0,11,0,7,5,4,0,0,0,0,8,0,4,7,4,0,0,0,0,14,0,0,0,5,0,0,0,0,7,0,0,4,3,3,0,0,0,10,0,0,3,4,0,0,0,0,12,0,0,0,0,0,0,0,0,3,0,0,0,0,4,0,0,0,7,0,0,0,0,0,0,0,0,4,0,0,0,0,0,0,0,0,0,27,17,33,24,5,5,0,5,114
SAL21193,669,0,0,0,0,0,0,51,718,586,10,6,0,0,0,0,34,637,367,59,28,5,0,0,0,29,493,211,114,143,45,11,0,0,26,547,97,90,247,92,25,8,5,24,590,79,88,291,139,33,9,7,26,670,74,93,377,168,50,13,14,20,799,65,83,304,152,50,14,5,25,693,42,49,291,160,40,14,4,18,610,29,44,179,115,35,13,3,14,429,19,31,136,72,33,11,6,12,323,6,19,114,70,27,9,4,14,257,5,11,41,46,21,5,6,8,141,3,5,19,14,19,0,13,6,80,0,3,16,20,8,5,3,4,60,2244,702,2189,1103,342,101,68,300,7043
SAL21194,0,0,0,0,0,0,0,0,0,0,0,0,0,0,0,0,0,0,0,0,0,0,0,0,0,0,0,0,0,0,0,0,0,0,0,0,0,0,0,0,0,0,0,0,0,0,0,0,0,0,0,0,0,0,0,0,6,0,0,0,0,0,6,0,0,0,0,0,0,0,0,0,0,0,0,0,0,0,0,0,0,0,0,0,0,0,0,0,0,0,0,0,0,0,0,0,0,0,0,0,0,0,0,0,0,0,4,4,0,0,0,0,0,0,0,0,0,0,0,0,0,0,0,0,0,0,0,0,0,0,0,0,0,0,0,0,0,4,0,0,0,0,4,5
SAL21195,64,0,0,0,0,0,0,6,63,69,6,0,0,0,0,0,0,75,28,3,4,5,0,0,0,0,38,6,3,6,4,0,0,0,3,19,3,0,8,3,0,0,0,0,25,8,5,8,0,0,0,0,4,25,3,0,3,0,0,0,0,0,9,0,0,0,0,0,0,0,0,0,0,0,0,5,0,0,0,0,9,0,0,0,0,0,0,0,0,3,0,0,0,0,0,0,0,0,0,0,0,0,0,0,0,0,0,0,0,0,0,0,0,0,0,0,0,0,0,0,0,0,0,0,0,0,0,0,0,0,0,0,0,0,0,184,22,33,17,0,0,0,12,261
SAL21196,9,0,0,0,0,0,0,0,14,14,0,0,0,0,0,0,0,17,9,0,5,0,0,0,0,4,14,14,4,0,0,0,0,0,0,21,6,0,8,7,0,0,0,0,22,5,3,7,4,3,0,0,0,23,4,0,6,6,0,0,0,5,24,5,3,12,6,0,0,0,0,23,0,0,6,5,0,0,0,0,23,9,4,5,10,0,0,0,0,29,3,6,10,4,0,0,0,0,18,0,0,12,6,0,5,0,0,28,0,0,4,3,0,0,0,4,9,0,0,0,0,0,0,0,0,6,0,0,3,0,0,0,0,0,8,79,21,85,50,14,9,0,16,273
SAL21197,0,0,0,0,0,0,0,0,0,0,0,0,0,0,0,0,0,0,0,0,0,0,0,0,0,0,0,0,0,0,0,0,0,0,0,0,0,0,0,0,0,0,0,0,0,0,0,0,0,0,0,0,0,0,0,0,0,0,0,0,0,0,0,0,0,0,0,0,0,0,6,6,0,0,0,0,0,0,0,0,0,0,0,0,0,0,0,0,0,0,0,0,0,0,0,0,0,0,3,0,0,0,0,0,0,0,0,0,0,0,0,0,0,0,0,0,0,0,0,0,0,0,0,0,0,0,0,0,0,0,0,0,0,0,0,0,0,4,0,0,0,0,4,11
SAL21198,0,0,0,0,0,0,0,0,0,0,0,0,0,0,0,0,0,0,0,0,0,0,0,0,0,0,0,0,0,0,0,0,0,0,0,0,0,0,0,0,0,0,0,0,0,0,0,0,0,0,0,0,0,0,0,0,0,0,0,0,0,0,0,0,0,0,0,0,0,0,0,6,0,0,0,0,0,0,0,0,0,0,0,0,0,0,0,0,0,0,0,0,0,0,0,0,0,0,4,0,0,0,0,0,0,0,0,3,0,0,0,0,0,0,0,0,0,0,0,0,0,0,0,0,0,0,0,0,0,0,0,0,0,0,0,5,0,4,3,4,0,0,0,15
SAL21199,0,0,0,0,0,0,0,0,0,0,0,0,0,0,0,0,0,0,0,0,0,0,0,0,0,0,0,0,0,0,0,0,0,0,0,0,0,0,0,0,0,0,0,0,6,0,0,0,0,0,0,0,0,0,0,0,0,0,0,0,0,0,3,0,0,0,0,0,0,0,0,0,0,0,0,0,0,0,0,0,0,0,0,0,0,0,0,0,0,0,0,0,0,0,0,0,0,0,0,0,0,0,0,0,0,0,0,0,0,0,0,0,0,0,0,0,0,0,0,0,0,0,0,0,0,0,0,0,0,0,0,0,0,0,0,0,0,0,4,5,0,0,4,15
SAL21200,0,0,0,0,0,0,0,0,0,0,0,0,0,0,0,0,0,4,0,0,0,0,0,0,0,0,0,0,0,0,0,0,0,0,0,0,0,0,0,0,0,0,0,0,4,0,0,0,0,0,0,0,0,4,0,0,0,0,0,0,0,0,0,0,0,0,0,0,0,0,0,4,0,0,0,0,0,0,0,0,0,0,0,0,0,0,0,0,0,0,0,0,0,5,0,0,0,0,5,0,0,0,0,0,0,0,0,0,0,0,0,0,0,0,0,0,0,0,0,0,0,0,0,0,0,0,0,0,0,0,0,0,0,0,0,0,3,7,3,3,0,0,4,26
SAL21201,12,0,0,0,0,0,0,0,11,0,0,0,0,0,0,0,0,0,7,5,3,0,0,0,0,0,11,5,0,5,0,0,4,0,0,14,0,3,4,3,5,0,0,6,21,0,0,3,4,3,0,0,0,16,0,0,0,3,0,0,0,0,11,9,0,8,5,0,0,0,0,26,3,0,4,10,7,0,0,0,25,0,0,13,8,3,0,0,0,26,0,0,8,13,5,4,0,0,34,3,3,11,14,0,0,0,0,27,0,0,4,9,4,0,4,0,19,0,0,0,7,6,0,0,0,14,4,0,3,4,14,0,5,0,31,58,27,66,79,39,13,5,16,293
SAL21202,28,0,0,0,0,0,0,5,34,24,0,0,0,0,0,0,5,25,4,0,3,0,0,0,0,0,13,5,8,6,0,0,0,0,0,16,0,4,21,10,3,0,0,0,35,0,3,17,11,5,0,0,3,43,4,8,16,16,3,0,0,0,44,0,5,22,8,3,0,0,0,43,0,0,9,4,0,0,0,0,16,0,0,12,5,3,0,0,0,22,0,0,6,10,3,0,0,0,22,0,0,7,4,6,0,0,0,11,0,0,0,0,0,0,0,0,6,0,0,0,0,0,0,0,0,0,0,0,0,0,3,0,0,0,3,78,30,118,65,25,3,0,15,338
SAL21203,980,5,0,0,0,0,0,98,1081,966,56,23,0,0,0,0,119,1165,812,180,116,49,11,0,0,108,1283,455,338,285,113,44,15,8,123,1373,265,266,491,174,78,23,13,112,1432,196,185,379,179,77,37,34,72,1163,150,188,414,193,78,33,21,65,1150,151,155,484,250,96,43,22,36,1240,129,152,489,320,86,33,29,52,1293,108,146,466,285,109,24,24,52,1217,59,114,373,230,81,23,13,46,937,46,67,323,212,98,25,20,52,855,17,29,149,121,61,14,22,31,441,10,17,64,81,41,22,22,11,275,7,16,55,55,35,18,27,16,223,4358,1915,4106,2259,910,320,260,976,15105
SAL21204,0,0,0,0,0,0,0,0,0,0,0,0,0,0,0,0,0,0,0,0,0,0,0,0,0,0,0,0,0,0,0,0,0,0,0,0,0,0,0,0,0,0,0,0,0,0,0,0,0,0,0,0,0,0,0,0,0,0,0,0,0,0,0,0,0,0,0,0,0,0,0,6,0,0,0,0,0,0,0,0,3,0,0,0,0,0,0,0,0,0,0,0,0,0,0,0,0,0,0,0,0,0,0,0,0,0,0,0,0,0,0,0,0,0,0,0,0,0,0,0,0,0,0,0,0,0,0,0,0,0,0,0,0,0,0,7,0,6,0,0,0,0,0,17
SAL21205,3,0,0,0,0,0,0,0,3,0,0,0,0,0,0,0,0,0,0,0,0,0,0,0,0,0,0,0,0,0,0,0,0,0,0,0,0,0,0,0,0,0,0,0,8,0,0,0,0,0,0,0,0,0,3,0,0,0,0,0,0,0,7,0,0,0,0,0,0,0,0,0,0,0,0,0,0,0,0,0,0,0,0,0,0,0,0,0,0,6,0,0,0,0,0,0,0,0,0,0,0,0,3,0,0,0,0,3,0,0,0,0,0,0,0,0,0,0,0,0,0,0,0,0,0,5,0,0,0,0,0,0,0,0,0,6,0,4,12,3,3,0,6,38
SAL21206,327,9,0,0,0,0,0,37,376,348,38,26,4,0,0,0,43,462,307,94,70,22,8,0,0,32,538,193,104,127,63,11,3,4,23,538,80,76,149,96,24,6,9,18,466,51,56,136,79,39,7,6,28,402,59,41,154,103,31,8,5,27,424,52,43,149,109,35,7,7,23,418,51,37,171,124,58,15,11,22,485,61,35,161,129,55,22,8,21,491,54,29,170,101,61,25,3,29,476,40,25,120,133,49,17,11,36,419,9,18,100,102,71,22,8,34,368,21,16,53,75,60,21,17,37,300,23,12,58,85,69,34,26,41,355,1687,641,1643,1238,560,186,115,459,6524
SAL21207,0,0,0,0,0,0,0,0,0,5,0,0,0,0,0,0,0,14,7,0,0,0,0,0,0,0,9,3,0,0,0,0,0,0,0,3,4,0,0,0,0,0,0,0,3,0,0,0,0,0,0,0,0,0,5,0,0,0,0,0,0,0,7,0,0,3,0,0,0,0,0,3,0,0,0,0,0,0,0,0,0,0,0,0,0,0,0,0,0,0,0,0,0,0,0,0,0,0,3,0,0,0,0,0,0,0,0,0,0,0,0,0,0,0,0,0,0,0,0,0,0,0,0,0,0,0,0,0,0,0,0,0,0,0,0,31,0,5,0,0,0,0,11,54
SAL21208,5,0,0,0,0,0,0,0,5,0,0,0,0,0,0,0,0,0,0,0,0,0,0,0,0,0,0,0,0,0,0,0,0,0,0,0,0,0,0,0,0,0,0,0,0,0,0,0,0,0,0,0,0,0,0,0,0,0,0,0,0,0,3,0,0,0,0,0,0,0,0,6,0,0,0,0,0,0,0,0,0,0,0,0,0,0,0,0,0,0,0,0,0,0,0,0,0,0,0,0,0,0,0,0,0,0,0,0,0,0,0,0,0,0,0,0,0,0,0,0,0,0,0,0,0,0,0,0,0,0,0,0,0,0,0,5,0,3,3,0,0,0,3,15
SAL21209,0,0,0,0,0,0,0,0,0,0,0,0,0,0,0,0,0,0,0,0,0,0,0,0,0,0,0,0,0,0,0,0,0,0,0,0,0,0,0,0,0,0,0,0,3,0,0,0,0,0,0,0,0,0,0,0,0,0,0,0,0,0,0,0,0,3,0,0,0,0,0,7,0,0,3,0,0,0,0,0,9,0,0,0,0,0,0,0,0,0,0,0,3,0,0,0,0,0,5,0,0,0,0,0,0,0,0,0,0,0,0,0,0,0,0,0,0,0,0,0,0,0,0,0,0,0,0,0,0,0,0,0,0,0,0,8,0,13,4,0,0,0,3,28
SAL21210,0,0,0,0,0,0,0,0,0,0,0,0,0,0,0,0,0,0,0,0,0,0,0,0,0,0,0,0,0,0,0,0,0,0,0,0,0,0,0,0,0,0,0,0,0,0,0,0,0,0,0,0,0,0,0,0,0,0,0,0,0,0,0,0,0,0,0,0,0,0,0,0,0,0,0,0,0,0,0,0,0,0,0,0,0,0,0,0,0,0,0,0,0,0,0,0,0,0,0,0,0,0,0,0,0,0,0,0,0,0,0,0,0,0,0,0,0,0,0,0,0,0,0,0,0,0,0,0,0,0,0,0,0,0,0,0,0,0,0,0,0,0,0,0
SAL21211,37,0,0,0,0,0,0,3,38,0,0,0,0,0,0,0,0,0,3,0,0,0,0,0,0,0,3,4,0,0,0,0,0,0,0,6,0,0,0,0,0,0,0,0,7,0,0,0,0,0,0,0,0,0,0,0,0,0,0,0,0,0,0,0,0,0,0,0,0,0,0,0,0,0,3,0,0,0,0,0,6,0,0,0,0,0,0,0,0,8,0,0,0,0,0,0,0,0,0,0,0,0,0,0,0,0,0,0,0,0,0,0,0,0,0,0,0,0,0,0,0,0,0,0,0,0,0,0,0,0,0,0,0,0,0,49,0,7,0,0,0,0,3,73
SAL21212,0,0,0,0,0,0,0,0,0,0,0,0,0,0,0,0,0,0,0,0,0,0,0,0,0,0,0,0,0,0,0,0,0,0,0,0,0,0,0,0,0,0,0,0,0,0,0,0,0,0,0,0,0,0,0,0,0,0,0,0,0,0,0,0,0,0,0,0,0,0,0,0,0,0,0,0,0,0,0,0,0,0,0,0,0,0,0,0,0,0,0,0,0,0,0,0,0,0,0,0,0,0,0,0,0,0,0,0,0,0,0,0,0,0,0,0,0,0,0,0,0,0,0,0,0,0,0,0,0,0,0,0,0,0,0,0,0,0,0,0,0,0,0,0
SAL21213,0,0,0,0,0,0,0,0,0,0,0,0,0,0,0,0,0,4,4,0,0,0,0,0,0,0,3,0,0,0,0,0,0,0,0,0,0,0,0,0,0,0,0,0,5,0,0,0,0,0,0,0,0,4,0,0,0,0,0,0,0,0,0,0,0,0,0,0,0,0,0,3,0,0,4,0,0,0,0,0,5,0,0,0,0,0,0,0,0,5,0,0,0,0,0,0,0,0,4,0,0,0,0,0,0,0,0,0,0,0,0,0,0,0,0,0,0,0,0,0,0,0,0,0,0,0,0,0,0,0,0,0,0,0,0,13,0,7,0,3,0,0,6,30
SAL21214,189,0,0,0,0,0,0,13,205,270,0,0,0,0,0,0,18,289,285,16,6,0,0,0,0,17,323,181,73,26,9,0,0,0,12,297,90,82,95,14,4,0,0,21,302,53,58,102,31,6,0,0,6,259,50,60,105,34,15,0,0,9,265,56,69,110,41,5,0,0,11,299,34,43,84,39,3,4,4,10,227,41,41,72,29,9,9,0,0,208,27,21,56,26,6,0,0,3,147,19,27,54,39,7,0,0,0,149,7,5,58,24,11,4,0,5,117,15,7,42,24,11,0,0,7,103,12,16,36,27,16,9,15,7,128,1333,531,843,340,92,20,23,140,3317
SAL21215,9,0,0,0,0,0,0,0,9,6,0,0,0,0,0,0,4,11,9,0,0,0,0,0,0,0,7,4,0,5,0,0,0,0,0,5,0,0,0,5,0,0,0,0,10,0,0,0,6,0,0,0,0,8,0,0,11,3,0,0,0,0,14,0,0,10,4,0,0,0,0,13,0,0,7,3,0,0,0,0,18,3,0,9,0,3,0,0,0,23,0,0,4,0,0,0,0,0,4,0,0,6,0,0,0,0,0,7,0,0,0,0,0,0,0,0,0,0,0,0,4,0,0,0,0,3,0,0,0,0,0,0,0,0,3,33,7,50,27,11,0,0,11,140
SAL21216,0,0,0,0,0,0,0,0,0,0,0,0,0,0,0,0,0,0,0,0,0,0,0,0,0,0,0,0,0,0,0,0,0,0,0,0,0,0,0,0,0,0,0,0,0,0,0,0,0,0,0,0,0,0,0,0,0,0,0,0,0,0,0,0,0,0,0,0,0,0,0,5,0,0,0,0,0,0,0,0,0,0,0,0,0,0,0,0,0,0,0,0,0,0,0,0,0,0,0,0,0,0,0,0,0,0,0,0,0,0,0,0,0,0,0,0,0,0,0,0,0,0,0,0,0,0,0,0,0,0,0,0,0,0,0,3,0,4,0,0,0,0,0,14
SAL21217,0,0,0,0,0,0,0,0,0,0,0,0,0,0,0,0,0,0,0,0,0,0,0,0,0,0,0,0,0,0,0,0,0,0,0,0,0,0,0,0,0,0,0,0,0,0,0,0,0,0,0,0,0,0,0,0,0,0,0,0,0,0,0,0,0,0,0,0,0,0,0,0,0,0,0,0,0,0,0,0,0,0,0,0,0,0,0,0,0,4,0,0,0,0,0,0,0,0,0,0,0,0,0,0,0,0,0,0,0,0,0,0,0,0,0,0,0,0,0,0,0,0,0,0,0,0,0,0,0,0,0,0,0,0,0,3,0,3,0,0,0,0,0,11
SAL21218,46,0,0,0,0,0,0,3,51,72,0,0,0,0,0,0,9,75,75,0,0,0,0,0,0,9,84,39,18,10,0,0,0,0,6,87,20,18,23,5,0,0,0,4,70,16,11,32,11,0,0,0,5,73,15,16,24,9,0,0,0,0,63,11,4,23,6,3,0,0,3,63,11,7,15,9,6,0,0,4,54,0,9,16,4,4,0,0,0,39,5,11,13,6,0,0,0,3,35,6,0,15,0,0,0,0,3,29,0,0,3,5,0,9,0,0,23,0,0,6,4,7,0,0,0,11,0,3,4,9,7,5,0,0,20,324,108,191,73,21,11,6,42,784
SAL21219,85,0,0,0,0,0,0,17,101,80,15,3,0,0,0,0,10,110,79,27,26,11,3,0,0,12,155,45,35,44,28,7,0,0,9,169,23,29,50,33,12,3,5,9,159,15,11,35,28,12,4,4,10,116,6,12,37,19,10,0,0,10,97,10,9,39,28,12,3,0,3,103,14,10,29,27,4,4,3,4,105,7,8,23,32,6,3,0,9,89,0,5,19,26,10,3,0,6,68,6,4,17,20,4,5,5,5,55,0,0,6,6,0,0,0,0,20,0,0,0,6,0,0,0,0,12,0,4,5,3,3,0,0,0,14,374,161,348,258,80,28,22,106,1376
SAL21220,0,0,0,0,0,0,0,0,0,0,0,0,0,0,0,0,0,0,0,0,0,0,0,0,0,0,0,0,0,0,0,0,0,0,0,0,0,0,0,0,0,0,0,0,0,0,0,3,0,0,0,0,0,4,0,0,0,0,0,0,0,0,0,0,0,0,0,0,0,0,0,0,0,0,0,0,0,0,0,0,0,0,0,0,0,0,0,0,0,0,0,0,0,0,0,0,0,0,0,0,0,0,0,0,0,0,0,0,0,0,0,0,0,0,0,0,0,0,0,0,0,0,0,0,0,0,0,0,0,0,0,0,0,0,0,3,0,9,4,0,0,0,0,16
SAL21221,12,0,0,0,0,0,0,0,12,3,0,0,0,0,0,0,0,3,0,0,0,0,0,0,0,0,5,0,0,0,4,0,0,0,0,5,0,0,4,0,0,0,0,0,6,0,0,6,0,0,0,0,0,4,3,4,4,0,0,0,0,0,10,0,0,4,0,0,0,0,0,8,0,4,0,4,0,0,0,0,7,0,3,0,0,6,0,0,0,12,0,0,0,0,0,0,4,0,12,0,0,4,6,0,0,0,0,8,0,0,0,0,0,0,0,0,0,0,0,0,0,0,0,0,0,0,0,0,0,0,0,0,0,0,0,25,8,21,14,13,0,4,0,86
SAL21222,11,0,0,0,0,0,0,0,10,0,0,0,0,0,0,0,0,0,0,3,0,0,0,0,0,0,5,0,0,0,0,0,0,0,0,5,0,6,12,9,0,0,0,0,22,0,3,8,6,0,0,0,0,17,0,0,3,4,0,0,0,0,11,0,0,5,0,6,0,0,0,13,0,6,6,0,0,0,0,0,6,0,0,3,4,0,0,0,0,12,0,0,4,6,0,0,0,0,6,0,0,3,5,0,0,0,0,5,0,0,3,0,0,0,0,0,7,0,0,3,0,0,0,0,0,3,0,0,0,0,0,0,0,0,0,15,16,44,23,3,0,0,7,114
SAL21223,97,0,0,0,0,0,0,6,107,88,4,0,0,0,0,0,3,93,67,10,0,3,0,0,0,4,81,32,24,24,10,0,0,0,6,93,15,14,42,19,4,0,0,4,104,22,15,74,16,10,0,0,6,134,16,29,48,28,5,5,3,0,145,15,18,75,30,3,0,0,3,147,13,21,47,35,13,3,0,0,127,19,12,54,47,11,4,0,0,142,13,13,34,32,13,0,0,5,111,8,10,31,20,7,3,0,0,75,0,3,15,16,7,4,0,3,50,0,0,7,3,0,3,0,0,23,0,0,4,3,0,0,4,0,14,409,163,460,272,69,18,15,53,1455
SAL21224,0,0,0,0,0,0,0,0,0,0,0,0,0,0,0,0,0,0,0,0,0,0,0,0,0,0,0,0,0,0,0,0,0,0,0,0,0,0,0,0,0,0,0,0,0,0,0,0,0,0,0,0,0,3,0,0,0,0,0,0,0,0,0,0,0,0,0,0,0,0,0,4,0,0,0,0,0,0,0,0,0,0,0,0,0,0,0,0,0,3,0,0,0,0,0,0,0,0,6,0,0,0,0,0,0,0,0,5,0,0,0,0,0,0,0,0,0,0,0,0,0,0,0,0,0,0,0,0,0,0,0,0,0,0,0,3,0,4,5,0,0,0,0,16
SAL21225,0,0,0,0,0,0,0,0,0,0,0,0,0,0,0,0,0,0,0,0,0,0,0,0,0,0,0,0,0,0,0,0,0,0,0,0,0,0,0,0,0,0,0,0,0,0,0,0,0,0,0,0,0,0,0,0,0,0,0,0,0,0,0,0,0,0,0,0,0,0,0,5,0,0,0,0,0,0,0,0,0,0,0,0,6,0,0,0,0,6,0,0,3,3,0,0,0,0,4,0,0,0,0,0,0,0,0,0,0,0,0,0,0,0,0,0,0,0,0,0,0,0,0,0,0,0,0,0,0,0,0,0,0,0,0,0,3,3,9,3,0,0,0,26
SAL21226,0,0,0,0,0,0,0,0,0,0,0,0,0,0,0,0,0,0,0,0,0,0,0,0,0,0,0,0,0,0,0,0,0,0,0,0,0,0,0,0,0,0,0,0,3,0,0,0,0,0,0,0,0,0,0,0,0,0,0,0,0,0,0,0,0,0,0,0,0,0,0,0,0,0,0,0,0,0,0,0,0,0,0,0,0,0,0,0,0,0,0,0,0,0,0,0,0,0,0,0,0,0,0,0,0,0,0,0,0,0,0,0,0,0,0,0,0,0,0,0,0,0,0,0,0,0,0,0,0,0,0,0,0,0,0,3,3,0,0,0,0,0,0,11
SAL21227,5,0,0,0,0,0,0,0,5,0,0,0,0,0,0,0,0,0,3,0,0,0,0,0,0,0,3,5,0,0,0,0,0,0,0,4,0,0,0,0,0,0,0,0,3,0,0,0,0,0,0,0,0,3,0,0,0,0,0,0,0,0,0,0,0,0,0,0,0,0,0,0,0,0,0,0,0,0,0,0,4,0,0,0,0,0,0,0,0,3,0,0,0,0,0,0,0,0,3,0,0,0,0,0,0,0,0,0,0,0,0,0,0,0,0,0,0,0,0,0,0,0,0,0,0,0,0,0,0,0,0,0,0,0,0,13,3,7,3,3,0,0,0,31
SAL21228,12,0,0,0,0,0,0,0,8,4,0,0,0,0,0,0,0,4,3,0,0,0,0,0,0,0,0,0,0,4,0,0,0,0,0,6,0,4,7,0,0,0,0,0,11,0,0,7,0,0,0,0,0,6,0,0,3,5,0,0,0,0,15,8,0,4,3,0,0,0,0,13,0,0,3,6,4,0,0,0,17,0,0,5,3,0,0,0,0,13,0,0,8,0,0,0,0,0,14,0,0,0,0,0,0,0,0,3,0,0,0,0,4,0,0,0,7,0,0,0,3,0,0,0,0,3,0,0,0,0,0,0,0,0,0,26,13,37,27,11,3,0,3,124
SAL21229,12,0,0,0,0,0,0,0,12,18,0,0,0,0,0,0,0,21,9,0,0,0,0,0,0,0,13,12,0,3,4,0,0,0,0,16,12,0,6,5,0,0,0,5,21,5,3,10,10,4,0,0,0,38,15,4,12,11,0,0,0,0,34,10,6,14,11,0,0,0,0,44,8,17,22,14,10,0,0,3,75,4,7,27,21,8,0,0,3,68,20,4,40,18,6,0,4,10,105,7,3,30,20,4,5,0,9,78,8,0,10,19,0,0,0,3,34,0,0,3,18,8,0,0,3,31,0,0,0,8,0,0,0,0,12,140,51,175,142,43,12,9,41,611
SAL21230,16,0,0,0,0,0,0,0,16,3,0,0,0,0,0,0,0,3,5,0,0,0,0,0,0,0,5,5,0,0,0,0,0,0,3,12,3,0,5,0,0,0,0,0,9,0,4,3,0,0,0,0,0,4,0,0,0,5,3,0,0,0,9,0,0,0,5,0,0,0,0,9,0,0,5,6,0,0,0,0,19,3,6,11,6,9,4,0,4,27,0,0,5,4,0,0,0,0,12,0,0,5,4,0,0,0,0,8,0,0,0,0,0,0,0,0,5,0,0,0,0,0,0,0,0,3,0,0,0,0,0,0,0,0,3,40,13,42,33,9,6,0,8,146
SAL21231,18,0,0,0,0,0,0,0,18,10,3,0,0,0,0,0,4,12,11,0,3,0,0,0,0,0,12,12,0,7,0,0,0,0,0,22,3,3,4,3,3,0,0,0,19,5,0,4,4,0,0,0,5,14,6,0,7,3,0,0,0,0,18,4,0,12,12,0,0,0,0,25,4,9,9,10,0,0,0,0,25,4,6,7,8,4,0,0,5,33,0,0,15,11,7,0,0,4,41,6,0,9,6,3,0,0,6,31,0,0,5,6,4,0,0,5,26,0,0,3,4,7,3,4,4,24,3,0,3,7,3,0,3,13,42,76,30,88,81,32,15,19,43,376
SAL21232,0,0,0,0,0,0,0,0,0,0,0,0,0,0,0,0,0,0,0,0,0,0,0,0,0,0,0,0,0,0,0,0,0,0,0,4,0,0,0,0,0,0,0,0,9,0,0,0,0,0,0,0,3,3,0,0,0,0,0,0,0,0,3,0,0,0,0,0,0,0,0,0,0,0,0,0,0,0,0,0,0,0,0,0,0,0,0,0,0,0,0,0,0,0,0,0,0,0,0,0,0,3,0,0,0,0,0,7,0,0,0,0,0,0,0,0,0,0,0,0,0,0,0,0,0,0,0,0,0,0,0,0,0,0,0,12,0,7,3,0,0,0,7,29
SAL21233,21,0,0,0,0,0,0,0,25,12,0,0,0,0,0,0,0,12,8,6,4,0,0,0,0,0,19,6,7,6,0,0,0,0,4,20,7,0,8,8,3,0,0,0,23,0,7,0,0,0,0,0,0,8,4,0,16,3,3,0,0,0,19,0,5,11,0,0,0,0,0,20,4,0,13,6,5,5,0,6,32,0,4,5,7,4,3,0,0,23,5,4,5,6,0,0,0,0,14,0,0,3,0,0,0,0,0,7,0,0,4,0,0,0,0,5,7,0,0,0,0,0,0,0,0,5,0,0,0,0,0,0,0,0,4,61,30,66,35,25,11,3,17,242
SAL21234,50,0,0,0,0,0,0,4,49,30,0,0,0,0,0,0,0,32,11,4,3,0,0,0,0,0,26,9,15,12,9,0,0,0,0,49,12,9,37,21,3,0,0,7,80,6,12,28,15,8,0,0,4,70,13,5,13,14,0,0,0,5,55,10,9,17,18,9,0,0,5,64,8,7,25,15,9,4,0,3,70,7,9,20,10,4,0,0,5,54,3,6,8,12,3,0,0,5,38,0,0,13,11,0,0,0,4,38,0,0,6,3,0,0,0,0,10,0,0,0,0,0,0,0,0,6,0,0,3,0,0,0,0,0,9,154,71,192,130,53,4,7,40,653
SAL21235,116,0,0,0,0,0,0,13,130,70,4,5,0,0,0,0,5,87,69,18,5,0,0,0,0,3,94,54,24,46,13,3,0,0,8,146,34,17,71,41,4,0,0,3,171,18,20,69,46,17,4,4,8,180,19,22,64,40,12,0,0,12,169,31,22,81,46,12,0,0,8,198,39,27,80,49,16,0,0,5,220,46,21,126,80,14,11,5,9,308,40,24,124,100,21,3,5,22,339,28,17,126,74,44,10,4,16,316,21,16,75,70,30,8,6,20,245,11,4,37,39,28,8,3,8,145,13,12,28,29,26,11,3,21,140,620,246,939,632,218,55,31,156,2896
SAL21236,30,0,0,0,0,0,0,0,27,15,0,0,0,0,0,0,0,19,4,0,4,0,0,0,0,0,8,0,3,3,7,0,0,0,0,19,3,0,8,3,0,0,0,0,18,0,0,10,5,4,3,0,0,22,0,3,11,14,6,0,0,0,35,4,3,16,14,3,0,0,0,34,4,0,12,9,9,3,0,0,35,0,0,13,9,5,0,0,0,29,4,3,11,10,3,0,0,0,36,3,0,11,14,3,0,4,0,43,0,0,3,0,8,0,0,0,15,0,0,3,0,0,4,0,0,5,0,0,0,0,0,4,0,0,4,71,20,99,84,42,10,0,6,345
SAL21237,54,0,0,0,0,0,0,0,54,40,0,0,0,0,0,0,0,44,24,6,0,0,0,0,0,0,35,11,5,14,0,0,0,0,3,40,9,8,14,5,4,0,0,0,39,4,3,12,9,5,5,0,0,34,3,5,31,13,8,0,0,0,58,0,6,29,15,4,4,0,0,66,6,7,32,19,3,5,0,6,83,3,11,30,15,9,0,0,6,83,8,9,28,25,4,3,0,0,77,4,4,23,13,3,5,4,4,56,3,4,19,12,9,4,0,0,43,0,0,4,11,8,4,4,6,39,0,0,3,6,0,4,4,0,23,183,70,231,148,48,28,14,33,763
SAL21238,10,0,0,0,0,0,0,0,12,9,0,0,0,0,0,0,0,9,0,0,0,0,0,0,0,0,5,3,0,5,0,0,0,0,0,5,0,0,0,0,0,0,0,0,5,0,0,0,0,0,0,0,0,5,4,0,3,4,0,0,0,0,16,0,0,7,0,0,0,0,0,11,0,0,0,0,0,0,0,0,4,3,0,3,0,0,0,0,0,6,0,3,0,0,0,0,0,0,6,0,0,0,3,0,0,0,0,3,0,0,0,0,0,0,0,0,6,0,0,0,0,0,0,5,0,4,0,0,0,0,0,0,0,0,8,36,8,18,21,9,3,6,6,107
SAL21239,0,0,0,0,0,0,0,0,4,0,0,0,0,0,0,0,0,0,8,0,0,0,0,0,0,0,8,0,0,0,0,0,0,0,0,4,0,0,0,0,0,0,0,0,5,0,3,0,0,0,0,0,0,4,0,0,0,0,0,0,0,0,0,0,0,0,0,0,0,0,0,0,0,0,0,0,0,0,0,0,0,3,0,0,0,0,0,0,0,7,4,0,0,0,0,0,0,0,9,0,0,0,0,0,0,0,0,0,0,0,0,0,0,0,0,0,0,0,0,0,0,0,0,0,0,0,0,0,0,0,0,0,0,0,0,9,7,7,3,0,3,0,8,40
SAL21240,0,0,0,0,0,0,0,0,0,0,0,0,0,0,0,0,0,0,0,0,0,0,0,0,0,0,0,0,0,0,0,0,0,0,0,0,0,0,0,0,0,0,0,0,0,0,0,0,0,0,0,0,0,0,0,0,0,0,0,0,0,0,0,0,0,0,0,0,0,0,0,0,0,0,0,0,0,0,0,0,0,0,0,0,0,0,0,0,0,0,0,0,0,0,0,0,0,0,0,0,0,0,0,0,0,0,0,0,0,0,0,0,0,0,0,0,0,0,0,0,0,0,0,0,0,0,0,0,0,0,0,0,0,0,0,0,0,0,4,0,0,0,0,5
SAL21241,22,0,0,0,0,0,0,3,23,43,3,0,0,0,0,0,4,50,28,9,3,0,0,0,0,5,47,22,10,6,3,0,0,0,4,42,6,11,8,4,0,0,0,4,37,4,9,12,5,4,0,0,4,35,0,4,16,5,0,0,0,0,36,10,10,15,3,0,0,0,3,31,4,3,20,6,3,0,0,4,45,6,7,20,16,0,0,0,7,47,0,3,9,4,0,0,0,3,32,0,5,7,9,3,0,0,0,41,0,4,4,3,3,0,0,3,16,3,5,4,4,5,0,0,0,19,3,0,3,7,0,0,0,10,26,159,77,135,63,28,7,6,52,519
SAL21242,12,0,0,0,0,0,0,4,15,3,0,0,0,0,0,0,0,3,0,0,3,0,0,0,0,0,7,3,0,0,0,0,0,0,0,3,4,0,0,4,0,0,0,0,9,0,0,0,0,0,0,0,0,10,0,5,9,0,3,0,0,0,12,0,0,0,5,0,0,0,3,17,5,0,3,3,0,0,0,0,17,0,0,0,4,0,0,0,0,8,0,0,8,3,3,0,0,0,13,0,0,3,5,3,0,0,3,17,0,0,5,0,0,0,0,0,3,0,0,0,0,0,0,0,0,3,0,0,0,0,0,0,0,0,0,38,9,32,28,16,4,0,19,138
SAL21243,0,0,0,0,0,0,0,0,3,4,0,0,0,0,0,0,0,5,0,0,0,0,0,0,0,0,0,0,0,0,0,0,0,0,0,6,0,0,0,0,0,0,0,0,4,0,0,0,0,0,0,0,0,0,0,0,0,0,0,0,0,0,3,0,0,0,0,0,0,0,0,8,0,0,0,0,0,0,0,0,3,0,0,0,0,0,0,0,0,4,0,0,3,3,0,0,0,0,0,0,0,0,0,0,0,0,0,3,0,0,0,0,0,0,0,0,4,0,0,0,0,0,0,0,0,0,0,0,0,0,0,0,0,0,0,14,3,7,8,0,0,3,3,42
SAL21244,0,0,0,0,0,0,0,0,0,0,0,0,0,0,0,0,0,0,3,0,3,0,0,0,0,0,3,0,0,0,0,0,0,0,0,0,0,0,0,0,0,0,0,0,0,0,0,4,0,0,0,0,0,4,0,0,0,0,0,0,0,0,0,0,0,0,0,0,0,0,0,3,0,0,0,0,0,0,0,0,4,0,0,0,0,0,0,0,0,0,0,0,0,0,3,0,0,0,10,0,0,0,0,0,0,0,0,0,0,0,0,0,0,0,0,0,4,0,0,0,0,0,0,0,0,0,0,0,0,0,0,0,0,0,0,7,0,14,6,4,0,0,0,34
SAL21245,170,0,0,0,0,0,0,21,191,125,14,4,0,0,0,0,15,161,107,29,25,7,0,0,0,17,181,42,37,40,22,8,3,0,17,168,29,15,50,35,18,5,0,25,178,20,10,72,42,18,3,8,11,175,16,6,83,52,22,0,5,15,204,20,21,73,71,27,0,0,21,237,13,11,56,42,25,3,0,10,170,17,16,76,49,21,7,3,12,199,10,13,49,40,20,3,0,21,156,6,12,60,38,12,10,4,10,148,4,3,37,17,16,8,3,8,101,5,4,20,17,15,9,3,4,76,3,4,17,9,10,14,0,8,71,580,207,650,444,220,59,31,217,2418
SAL21246,376,0,0,0,0,0,0,18,394,424,0,0,0,0,0,0,23,447,447,17,0,0,0,0,0,27,499,329,85,47,8,0,0,0,17,488,186,110,143,33,4,3,0,20,498,104,98,193,64,3,6,0,18,477,94,72,181,69,8,0,0,21,452,93,70,205,88,15,3,0,14,482,79,73,208,75,19,4,0,18,476,80,56,163,79,26,6,0,12,432,75,45,144,73,21,4,0,11,379,68,40,119,70,22,6,4,16,352,29,15,77,52,25,11,0,13,211,15,21,60,44,21,6,3,7,170,24,28,66,53,37,14,18,13,254,2430,728,1605,704,202,60,38,260,6031
SAL21247,132,0,0,0,0,0,0,0,130,119,0,0,0,0,0,0,6,126,76,0,0,0,0,0,0,4,84,41,21,10,0,0,0,0,0,70,29,14,41,17,0,0,0,6,103,18,20,43,31,0,0,0,8,119,15,22,71,27,5,0,0,0,147,22,30,69,38,10,0,0,3,168,12,29,61,33,3,4,0,0,148,17,30,61,31,4,0,0,4,141,12,11,41,16,9,0,0,3,96,9,15,57,27,9,3,0,7,124,3,5,27,13,10,0,0,0,73,3,4,12,9,4,0,3,3,43,8,3,14,18,10,0,4,3,54,517,201,518,256,60,17,10,61,1633
SAL21248,40,0,0,0,0,0,0,0,43,49,3,0,0,0,0,0,8,65,73,16,0,0,0,0,0,11,105,48,27,14,15,4,0,0,11,118,22,10,18,8,5,0,0,8,70,12,11,22,10,0,0,0,4,64,9,4,9,7,4,4,4,3,51,10,4,10,17,6,0,0,0,56,10,5,18,13,6,0,0,3,58,4,4,14,18,4,4,0,6,56,7,6,33,3,4,0,0,0,64,0,4,12,7,5,0,0,4,30,10,0,8,15,5,0,0,4,38,0,3,4,8,8,0,3,7,38,5,0,9,3,6,8,7,3,31,311,109,178,118,59,17,18,82,891
SAL21249,4,0,0,0,0,0,0,0,4,0,0,0,0,0,0,0,0,0,0,0,0,0,0,0,0,0,3,3,0,0,0,0,0,0,0,6,0,0,0,0,0,0,0,0,3,0,0,3,4,0,0,0,0,8,0,0,4,0,0,0,0,0,7,0,0,3,3,0,0,0,0,10,0,0,0,0,0,0,0,0,0,0,0,5,0,0,0,0,0,9,0,0,4,0,0,0,0,0,10,0,0,0,0,0,0,0,0,3,0,0,5,0,0,0,0,0,4,0,0,0,0,0,0,0,0,3,0,0,0,0,0,0,0,0,0,13,6,24,13,7,5,0,8,69
SAL21250,37,4,0,0,0,0,0,3,49,66,11,9,0,0,0,0,7,91,61,29,23,4,0,0,0,3,132,33,25,38,18,0,3,0,9,120,10,8,17,15,4,4,0,0,63,0,9,9,17,6,4,3,0,50,4,8,14,13,7,3,0,4,52,6,0,16,7,3,0,0,0,30,5,4,9,14,0,0,0,0,42,0,6,8,12,0,4,0,0,31,0,0,12,12,7,0,0,0,29,0,4,6,8,5,0,8,0,26,0,0,0,7,3,0,0,0,11,0,0,5,0,3,0,0,0,8,0,0,0,0,0,0,0,0,4,236,105,166,117,41,20,10,28,729
SAL21251,0,0,0,0,0,0,0,0,0,0,0,0,0,0,0,0,0,0,0,0,0,0,0,0,0,0,0,0,0,0,0,0,0,0,0,0,0,0,0,0,0,0,0,0,0,0,0,0,0,0,0,0,0,0,0,0,0,0,0,0,0,0,0,0,0,0,0,0,0,0,0,0,0,0,0,0,0,0,0,0,0,0,0,0,0,0,0,0,0,5,0,0,0,0,0,0,0,0,0,0,0,0,0,0,0,0,0,0,0,0,0,0,0,0,0,0,0,0,0,0,0,0,0,0,0,0,0,0,0,0,0,0,0,0,0,0,5,3,0,0,0,0,0,12
SAL21252,0,0,0,0,0,0,0,0,3,0,0,0,0,0,0,0,0,0,0,0,0,0,0,0,0,0,0,0,0,0,0,0,0,0,0,5,0,0,0,0,0,0,0,0,0,0,0,0,0,0,0,0,0,5,4,0,0,0,0,0,0,0,6,3,0,0,0,0,0,0,0,3,4,0,0,0,0,0,0,0,3,0,0,3,0,0,0,0,0,3,0,0,0,0,0,0,0,0,0,0,0,0,0,0,0,0,0,3,0,0,0,0,0,0,0,0,0,0,0,0,0,0,0,0,0,5,0,0,0,0,0,0,0,0,0,15,9,12,11,3,0,0,0,47
SAL21253,4,0,0,0,0,0,0,0,7,0,0,0,0,0,0,0,0,0,0,0,0,0,0,0,0,0,3,0,0,0,0,0,0,0,0,5,3,0,3,0,0,0,0,0,7,0,0,3,0,0,0,0,5,11,4,0,6,0,0,0,0,0,7,0,0,3,0,0,0,0,3,6,3,0,4,5,0,0,0,10,21,0,4,3,8,4,0,0,3,18,0,0,9,0,0,0,0,5,20,0,0,9,9,0,0,0,5,25,0,0,7,3,0,0,0,4,22,0,0,0,0,3,0,0,6,7,0,0,3,0,0,0,0,0,9,30,14,57,25,10,6,0,36,171
SAL21254,117,0,0,0,0,0,0,9,127,68,0,0,0,0,0,0,10,77,74,3,0,0,0,0,0,8,86,80,26,19,6,0,0,0,13,148,43,24,52,19,0,0,0,9,148,21,30,76,46,0,0,0,5,185,26,28,81,38,6,0,0,5,186,20,20,68,34,13,0,0,8,160,16,14,49,26,15,0,0,10,130,19,14,54,21,6,0,0,9,121,15,9,46,38,5,4,0,4,117,4,8,36,22,3,0,0,0,74,5,0,27,14,6,0,0,0,42,0,0,8,0,3,3,0,0,24,0,0,3,5,3,0,0,4,13,504,168,514,277,61,11,5,98,1634
SAL21255,0,0,0,0,0,0,0,0,0,0,0,0,0,0,0,0,0,0,0,0,0,0,0,0,0,0,0,0,0,0,0,0,0,0,0,0,0,0,0,0,0,0,0,0,0,0,0,0,0,0,0,0,0,0,0,0,0,0,0,0,0,0,0,0,0,0,0,0,0,0,0,0,0,0,0,0,0,0,0,0,3,0,0,0,0,0,0,0,0,0,0,0,0,0,0,0,0,0,0,0,0,0,0,0,0,0,0,0,0,0,0,0,0,0,0,0,0,0,0,0,0,0,0,0,0,0,0,0,0,0,0,0,0,0,0,6,0,0,0,0,0,0,0,8
SAL21256,3,0,0,0,0,0,0,0,3,3,0,0,0,0,0,0,0,10,3,0,0,0,0,0,0,0,0,0,5,0,0,0,0,0,0,4,0,0,0,0,0,0,0,3,3,0,0,0,0,0,0,0,0,7,0,0,6,0,0,0,0,0,7,0,0,0,0,3,0,0,0,7,0,0,0,0,0,0,0,0,3,0,0,0,0,0,0,0,0,3,0,0,0,4,0,0,0,0,4,0,0,0,0,0,0,0,0,0,0,0,0,5,0,0,0,0,9,0,0,0,0,0,0,0,0,0,0,0,0,0,0,0,0,0,0,14,7,18,10,11,3,4,6,76
SAL21257,0,0,0,0,0,0,0,5,5,0,0,0,0,0,0,0,0,0,0,0,0,0,0,0,0,0,0,0,0,0,0,0,0,0,0,0,0,0,0,0,0,0,0,0,0,0,0,0,0,0,0,0,0,3,0,0,5,0,0,0,0,0,4,0,0,0,0,0,0,0,0,0,0,0,0,0,0,0,0,0,3,0,0,0,0,0,0,0,0,0,0,0,0,0,0,0,0,0,0,0,0,0,0,0,0,0,0,0,0,0,0,0,0,0,0,0,0,0,0,0,0,0,0,0,0,0,0,0,0,0,0,0,0,0,0,0,0,4,4,0,0,0,8,15
SAL21258,0,0,0,0,0,0,0,0,0,0,0,0,0,0,0,0,0,0,3,0,3,0,0,0,0,0,7,0,0,0,0,0,0,0,0,0,0,0,0,4,0,0,0,0,3,0,0,0,0,0,0,0,0,0,0,0,0,0,0,0,0,0,4,0,0,0,6,0,0,0,0,6,0,0,0,4,0,0,0,0,4,0,0,0,0,0,0,0,0,3,0,0,0,0,3,0,0,0,4,0,0,0,3,0,0,0,0,4,0,0,0,0,0,0,0,0,4,0,0,0,0,0,0,0,0,0,0,0,0,0,0,0,0,0,0,10,0,5,18,7,0,0,8,45
SAL21259,0,0,0,0,0,0,0,0,0,0,0,0,0,0,0,0,0,0,0,0,0,0,0,0,0,0,0,0,0,0,0,0,0,0,0,0,0,0,0,0,0,0,0,0,0,0,0,0,0,0,0,0,0,0,0,0,0,0,0,0,0,0,3,0,0,0,0,6,0,0,0,6,0,0,0,0,0,0,0,0,0,0,0,0,0,0,0,0,0,0,0,0,0,0,0,0,0,0,0,0,0,0,0,0,0,0,0,6,0,0,0,0,0,0,0,0,0,0,0,0,0,0,0,0,0,0,0,0,0,0,0,0,0,0,0,4,3,6,0,4,0,0,0,15
SAL21260,4,0,0,0,0,0,0,0,4,0,0,0,0,0,0,0,0,0,0,0,0,0,0,0,0,0,0,0,0,0,0,0,0,0,0,7,0,0,0,0,0,0,0,0,0,0,0,0,0,0,0,0,0,0,0,0,0,0,0,0,0,0,0,0,0,0,0,0,0,0,0,6,0,0,0,0,0,0,0,0,0,0,0,0,0,0,0,0,0,6,0,0,0,0,0,0,0,0,4,0,0,0,0,0,0,0,0,0,0,0,0,0,0,0,0,0,0,0,0,0,0,0,0,0,0,0,0,0,0,0,0,0,0,0,0,5,9,6,8,3,0,0,0,29
SAL21261,12,0,0,0,0,0,0,0,17,7,0,0,0,0,0,0,0,7,10,0,0,0,0,0,0,0,13,4,0,4,4,0,0,0,0,8,0,3,5,8,0,0,0,4,25,0,3,10,4,0,0,0,0,13,0,3,4,0,0,0,0,0,15,0,6,7,5,0,0,0,4,23,0,0,12,4,0,0,0,3,25,5,7,18,10,3,0,0,0,38,0,3,8,6,3,0,0,0,28,0,0,6,5,0,3,0,0,24,0,0,0,0,0,0,0,0,3,0,0,0,0,0,0,0,0,0,0,0,0,0,0,0,0,0,0,39,32,70,51,15,4,0,14,238
SAL21262,0,0,0,0,0,0,0,0,4,0,0,0,0,0,0,0,0,0,3,0,0,0,0,0,0,0,3,0,0,0,0,0,0,0,0,5,0,4,0,0,0,0,0,0,5,0,0,3,0,0,0,0,0,3,6,0,0,0,0,0,0,0,6,0,0,0,0,0,0,0,0,9,0,0,0,0,0,0,0,0,5,0,0,3,4,0,0,0,0,6,0,0,4,0,0,0,0,0,4,0,0,0,0,0,0,0,0,0,0,0,0,0,0,0,0,0,0,0,0,0,0,0,0,0,0,0,0,0,0,0,0,0,0,0,0,12,7,11,9,3,6,0,3,53
SAL21263,0,0,0,0,0,0,0,0,0,0,0,0,0,0,0,0,0,0,0,0,0,0,0,0,0,0,0,0,0,0,0,0,0,0,0,0,0,0,0,0,0,0,0,0,0,0,0,0,0,0,0,0,0,0,0,0,0,0,0,0,0,0,0,0,0,0,0,0,0,0,0,0,0,0,0,0,0,0,0,0,0,0,0,0,0,0,0,0,0,5,0,0,0,0,0,0,0,0,0,0,0,0,0,0,0,0,0,0,0,0,0,0,0,0,0,0,0,0,0,0,0,0,0,0,0,0,0,0,0,0,0,0,0,0,0,0,0,0,4,0,0,0,0,11
SAL21264,0,0,0,0,0,0,0,0,0,0,0,0,0,0,0,0,0,0,0,0,0,0,0,0,0,0,0,0,0,0,0,0,0,0,0,0,0,0,0,0,0,0,0,0,0,0,0,0,0,0,0,0,0,0,0,0,0,0,0,0,0,0,0,0,0,0,0,0,0,0,0,0,0,0,0,0,0,0,0,0,0,0,0,0,0,0,0,0,0,0,0,0,0,0,0,0,0,0,0,0,0,0,0,0,0,0,0,0,0,0,0,0,0,0,0,0,0,0,0,0,0,0,0,0,0,0,0,0,0,0,0,0,0,0,0,0,0,0,0,0,0,0,0,6
SAL21265,11,0,0,0,0,0,0,0,10,8,0,0,0,0,0,0,0,8,0,0,0,0,0,0,0,0,4,0,8,4,0,0,0,0,0,15,0,0,9,0,0,0,0,0,13,0,0,0,6,0,0,0,0,10,0,5,0,4,0,0,0,0,10,4,3,0,5,0,0,0,0,15,3,3,5,9,5,0,0,0,27,3,3,9,12,3,8,0,0,29,4,0,5,11,0,0,0,0,20,0,0,0,7,0,0,0,0,14,0,0,0,0,3,0,0,0,7,0,0,0,0,0,0,0,0,0,0,0,5,4,0,0,0,7,15,38,15,40,52,15,11,7,17,197
SAL21266,0,0,0,0,0,0,0,0,0,0,0,0,0,0,0,0,0,0,0,0,0,0,0,0,0,0,0,0,0,0,0,0,0,0,0,0,0,0,0,0,0,0,0,0,0,0,0,0,0,0,0,0,0,0,0,0,0,0,0,0,0,0,0,0,0,0,0,0,0,0,0,0,0,0,0,0,0,0,0,0,0,0,0,0,0,0,0,0,0,0,0,0,0,0,0,0,0,0,0,0,0,0,0,0,0,0,0,0,0,0,0,0,0,0,0,0,0,0,0,0,0,0,0,0,0,0,0,0,0,0,0,0,0,0,0,0,0,0,0,0,0,0,0,0
SAL21267,0,0,0,0,0,0,0,0,0,0,0,0,0,0,0,0,0,0,0,0,0,0,0,0,0,0,0,0,0,0,0,0,0,0,0,0,0,0,0,0,0,0,0,0,0,0,0,0,0,0,0,0,0,0,0,0,0,0,0,0,0,0,0,0,0,0,0,0,0,0,0,0,0,0,0,0,0,0,0,0,0,0,0,0,0,0,0,0,0,0,0,0,0,0,0,0,0,0,0,0,0,0,0,0,0,0,0,0,0,0,0,0,0,0,0,0,0,0,0,0,0,0,0,0,0,0,0,0,0,0,0,0,0,0,0,0,0,0,0,0,0,0,0,3
SAL21268,0,0,0,0,0,0,0,0,0,0,0,0,0,0,0,0,0,0,0,0,0,0,0,0,0,0,0,0,0,0,0,0,0,0,0,0,0,0,0,0,0,0,0,0,0,0,0,0,0,0,0,0,0,0,0,0,0,0,0,0,0,0,0,0,0,0,0,0,0,0,0,0,0,0,0,0,0,0,0,0,0,0,0,0,0,0,0,0,0,4,0,0,0,0,0,0,0,0,0,0,0,0,0,0,0,0,0,0,0,0,0,0,0,0,0,0,0,0,0,0,0,0,0,0,0,0,0,0,0,0,0,0,0,0,0,0,0,0,0,0,0,0,0,7
SAL21269,13,0,0,0,0,0,0,0,13,13,0,0,0,0,0,0,0,13,10,0,0,0,0,0,0,0,11,3,0,0,4,0,0,0,0,11,0,0,9,5,0,0,0,0,15,0,0,9,5,0,0,0,0,16,0,0,6,3,0,0,0,0,17,4,0,11,8,0,0,0,0,22,0,3,13,6,7,0,0,0,30,4,0,7,8,0,0,0,5,30,4,0,5,3,0,0,0,0,20,0,4,6,0,7,5,0,5,17,0,0,6,0,3,0,0,0,15,0,0,0,0,0,0,0,0,3,0,0,0,0,0,0,0,0,0,60,16,67,49,16,8,3,12,242
SAL21270,0,0,0,0,0,0,0,0,0,0,0,0,0,0,0,0,0,0,0,0,0,0,0,0,0,0,0,0,0,0,0,0,0,0,0,0,0,0,0,0,0,0,0,0,0,0,0,0,0,0,0,0,0,0,0,0,0,0,0,0,0,0,0,0,0,0,0,0,0,0,0,4,0,0,0,0,0,0,0,0,0,0,0,0,0,0,0,0,0,0,0,0,0,0,0,0,0,0,0,0,0,0,0,0,0,0,0,0,0,0,0,0,0,0,0,0,0,0,0,0,0,0,0,0,0,0,0,0,0,0,0,0,0,0,0,0,0,0,0,0,0,0,0,13
SAL21271,0,0,0,0,0,0,0,0,0,0,0,0,0,0,0,0,0,0,0,0,0,0,0,0,0,0,0,0,0,0,0,0,0,0,0,0,0,0,0,0,0,0,0,0,0,0,0,0,0,0,0,0,0,0,0,0,0,0,0,0,0,0,0,0,0,0,0,0,0,0,0,0,0,0,0,0,0,0,0,0,3,0,0,0,0,0,0,0,0,0,0,0,0,0,0,0,0,0,0,0,0,0,0,0,0,0,0,0,0,0,0,0,0,0,0,0,0,0,0,0,0,0,0,0,0,0,0,0,0,0,0,0,0,0,0,0,0,3,3,6,0,0,0,9
SAL21272,0,0,0,0,0,0,0,0,0,0,0,0,0,0,0,0,0,0,0,0,0,0,0,0,0,0,0,0,0,0,0,0,0,0,0,0,0,0,0,0,0,0,0,0,0,0,0,0,0,0,0,0,0,0,0,0,0,0,0,0,0,0,0,3,0,0,0,0,0,0,0,0,4,0,0,0,0,0,0,0,12,5,0,0,0,0,0,0,0,7,0,0,0,0,0,0,0,0,4,0,0,0,0,0,0,0,0,4,0,0,0,0,0,0,0,0,0,0,0,0,0,0,0,0,0,0,0,0,0,0,0,0,0,0,0,10,3,8,4,0,0,0,3,33
SAL21273,10,0,0,0,0,0,0,3,14,5,0,0,0,0,0,0,4,10,0,0,0,0,0,0,0,0,5,0,0,3,0,0,0,0,0,7,0,0,0,5,0,0,0,0,3,3,0,4,0,0,0,0,3,8,0,0,3,0,0,0,0,0,10,0,0,6,5,0,0,0,0,9,0,0,4,4,0,0,0,0,10,0,0,3,3,6,0,0,0,15,0,3,3,3,4,0,0,0,18,6,0,0,8,0,0,0,0,20,0,5,5,0,0,0,0,0,16,0,0,4,3,0,0,0,0,6,0,0,0,0,0,0,0,0,0,27,14,41,32,7,5,0,23,149
SAL21274,0,0,0,0,0,0,0,0,0,0,0,0,0,0,0,0,0,0,0,0,0,0,0,0,0,0,0,0,0,0,0,0,0,0,0,0,0,0,0,0,0,0,0,0,0,0,0,0,0,0,0,0,0,0,0,0,0,0,0,0,0,0,0,0,0,0,0,0,0,0,0,0,0,0,0,0,0,0,0,0,3,0,0,0,0,0,0,0,0,0,0,0,0,0,0,0,0,0,3,0,0,0,0,0,0,0,0,0,0,0,0,0,0,0,0,0,0,0,0,0,0,0,0,0,0,0,0,0,0,0,0,0,0,0,0,0,0,0,3,0,0,0,0,5
SAL21275,0,0,0,0,0,0,0,0,0,0,0,0,0,0,0,0,0,0,0,0,0,0,0,0,0,0,0,0,0,0,0,0,0,0,0,0,0,0,0,0,0,0,0,0,0,0,0,0,0,0,0,0,0,0,0,0,0,0,0,0,0,0,5,0,0,0,0,0,0,0,0,0,0,0,0,0,0,0,0,0,4,0,0,0,0,0,0,0,0,3,0,0,0,0,0,0,0,0,4,0,0,0,0,0,0,0,0,0,0,0,0,0,0,0,0,0,0,0,0,0,0,0,0,0,0,0,0,0,0,0,0,0,0,0,0,7,0,0,6,0,0,0,0,15
SAL21276,12,0,0,0,0,0,0,0,12,3,0,0,0,0,0,0,0,3,0,0,0,0,0,0,0,0,3,0,0,0,0,0,0,0,0,0,0,0,0,0,0,0,0,0,3,0,0,0,0,0,0,0,0,0,0,0,5,4,0,0,0,0,11,0,0,0,0,0,0,0,0,4,4,0,0,0,0,0,0,0,10,0,0,4,0,0,0,0,0,3,0,0,4,0,0,0,0,0,3,0,0,4,0,0,0,0,0,3,0,0,0,0,0,0,0,0,0,0,0,0,0,0,0,0,0,3,0,0,0,0,0,0,0,0,0,20,7,17,7,3,0,0,0,64
SAL21277,17,0,0,0,0,0,0,0,17,22,0,0,0,0,0,0,0,26,28,10,0,0,0,0,0,4,43,11,9,10,6,0,0,0,4,35,5,4,0,4,0,0,0,0,14,4,6,8,6,3,0,0,0,24,3,3,3,3,4,0,0,0,21,0,6,6,7,0,0,0,0,20,3,0,9,4,3,0,0,0,25,6,6,13,6,5,3,0,5,32,0,0,17,10,4,3,0,6,37,4,4,17,14,3,0,3,5,48,0,3,16,9,6,5,0,4,47,3,9,9,20,5,5,8,0,54,4,7,14,23,11,4,4,6,80,108,58,135,110,41,15,11,28,509
SAL21278,0,0,0,0,0,0,0,0,0,0,0,0,0,0,0,0,0,0,0,0,0,0,0,0,0,0,0,0,0,0,0,0,0,0,0,0,0,0,0,0,0,0,0,0,0,0,0,0,0,0,0,0,0,0,0,0,0,0,0,0,0,0,0,0,0,0,0,0,0,0,0,0,0,0,0,0,0,0,0,0,0,0,0,0,0,0,0,0,0,0,0,0,0,0,0,0,0,0,0,0,0,0,0,0,0,0,0,0,0,0,0,0,0,0,0,0,0,0,0,0,0,0,0,0,0,0,0,0,0,0,0,0,0,0,0,0,0,0,0,0,0,0,0,0
SAL21279,126,0,0,0,0,0,0,5,138,52,0,0,0,0,0,0,0,57,38,0,9,0,0,0,0,3,50,10,13,34,10,0,0,0,0,74,9,16,62,33,4,0,0,9,133,12,14,68,43,7,4,0,5,147,12,15,75,46,9,0,0,0,154,9,12,46,38,9,0,0,9,134,6,13,41,42,3,4,4,8,122,18,8,50,24,13,0,5,0,123,10,10,47,37,20,3,4,4,124,8,4,22,35,16,4,0,7,100,8,4,25,25,14,6,0,9,85,0,8,22,14,8,0,3,8,80,0,0,7,6,9,5,0,3,30,335,117,502,354,112,34,18,72,1540
SAL21280,0,0,0,0,0,0,0,0,4,0,0,0,0,0,0,0,0,0,0,0,0,0,0,0,0,0,0,0,0,0,0,0,0,0,0,3,0,0,0,0,0,0,0,0,5,0,0,0,0,0,0,0,0,0,0,0,0,0,0,0,0,0,5,0,0,6,0,0,0,0,0,5,0,0,4,0,0,0,0,0,7,0,0,0,0,0,0,0,0,5,0,0,0,0,0,0,0,0,0,0,0,0,0,0,4,0,0,0,0,0,0,0,0,0,0,0,0,0,0,0,0,0,0,0,0,0,0,0,0,0,0,0,0,0,0,4,4,15,5,3,4,0,5,35
SAL21281,0,0,0,0,0,0,0,0,0,0,0,0,0,0,0,0,0,0,0,0,0,0,0,0,0,0,0,0,0,0,0,0,0,0,0,0,0,0,0,0,0,0,0,0,0,0,0,0,0,0,0,0,0,0,0,0,0,0,0,0,0,0,0,0,0,0,3,0,0,0,0,3,0,0,0,0,0,0,0,0,4,0,0,0,0,0,0,0,0,0,0,0,0,0,0,0,0,0,5,0,0,0,0,0,0,0,0,0,0,0,0,0,0,0,0,0,0,0,0,0,0,0,0,0,0,0,0,0,0,0,0,0,0,0,0,8,0,0,7,4,0,0,0,17
SAL21282,28,0,0,0,0,0,0,10,38,12,0,0,0,0,0,0,0,18,9,0,0,0,0,0,0,6,20,13,12,7,3,4,0,0,9,43,3,0,14,9,0,0,0,5,27,6,0,10,3,0,0,0,0,23,6,3,13,3,3,0,0,4,33,10,9,18,16,3,0,0,5,58,0,6,14,8,8,0,0,0,39,6,6,15,15,3,0,0,9,61,3,3,25,22,4,0,0,11,79,0,5,22,12,4,0,0,0,49,0,3,13,11,3,0,0,6,42,0,0,5,8,3,0,4,7,27,4,5,7,3,6,0,5,9,41,115,58,158,127,45,8,14,75,588
SAL21283,3,0,0,0,0,0,0,0,6,0,0,0,0,0,0,0,0,0,0,0,0,0,0,0,0,0,3,0,0,0,0,0,0,0,0,0,0,0,0,0,0,0,0,0,0,0,0,0,0,0,0,0,0,4,0,0,0,0,0,0,0,0,6,0,0,0,4,0,0,0,3,12,0,0,5,0,0,0,0,0,4,0,0,4,3,3,0,0,0,9,0,0,4,3,0,0,0,0,8,0,6,0,0,0,0,0,0,7,0,0,0,3,0,0,0,0,6,0,0,0,0,0,0,0,0,0,0,0,0,0,0,0,0,0,0,10,12,20,17,9,0,0,11,65
SAL21284,67,0,0,0,0,0,0,8,77,129,11,3,3,0,0,0,7,150,163,100,47,7,0,0,0,32,351,126,155,144,33,7,0,0,24,484,54,97,137,13,4,0,0,15,329,21,26,65,23,14,0,4,21,171,11,10,34,16,7,4,3,10,94,5,10,27,18,8,0,6,12,84,7,4,29,18,6,6,8,5,76,0,4,22,23,7,3,0,3,66,0,6,15,11,0,0,0,0,38,0,4,9,5,4,0,0,3,28,0,3,0,5,3,0,0,0,13,0,0,0,0,0,0,0,0,5,0,0,0,0,0,0,0,0,0,572,437,525,178,64,14,23,146,1958
SAL21285,0,0,0,0,0,0,0,0,0,0,0,0,0,0,0,0,0,0,0,0,0,0,0,0,0,0,0,0,0,0,0,0,0,0,0,0,0,0,0,0,0,0,0,0,0,0,0,0,0,0,0,0,0,0,0,0,0,0,0,0,0,0,0,0,0,0,0,0,0,0,0,0,0,0,0,0,0,0,0,0,0,0,0,4,0,0,0,0,0,4,0,0,0,0,0,0,0,0,0,0,0,0,0,0,0,0,0,0,0,0,0,0,0,0,0,0,0,0,0,0,0,0,0,0,0,0,0,0,0,0,0,0,0,0,0,0,0,5,3,0,0,0,0,12
SAL21286,39,0,0,0,0,0,0,3,39,26,0,0,0,0,0,0,5,30,20,0,0,0,0,0,0,0,18,14,12,9,0,0,0,0,0,28,16,11,12,4,0,0,0,0,49,8,6,18,7,3,0,0,0,55,12,10,21,6,6,0,0,0,60,6,3,17,14,5,0,0,4,50,4,10,22,12,0,0,0,3,53,4,8,18,11,6,0,0,3,57,6,8,17,15,6,0,0,6,62,11,4,17,9,5,0,0,0,50,3,0,15,3,0,0,0,0,23,0,0,8,0,3,0,0,0,19,0,0,4,6,0,5,0,0,8,184,79,175,99,31,11,0,27,603
SAL21287,26,0,0,0,0,0,0,0,25,25,0,0,0,0,0,0,4,28,12,0,0,0,0,0,0,0,14,18,15,9,0,0,0,0,0,46,15,19,14,3,4,0,0,3,52,8,14,21,3,0,0,0,3,45,14,9,31,9,3,0,0,0,65,4,9,17,16,0,0,0,0,41,5,4,10,9,4,0,0,0,37,9,9,16,13,0,0,0,0,53,9,0,13,8,4,0,0,4,35,6,0,9,10,4,0,0,0,26,0,8,3,8,0,0,0,0,20,0,0,0,0,3,0,0,0,6,0,0,6,0,0,0,0,0,4,149,79,150,82,30,0,4,16,505
SAL21288,0,0,0,0,0,0,0,0,0,0,0,0,0,0,0,0,0,0,0,0,0,0,0,0,0,0,0,0,0,0,0,0,0,0,0,0,0,0,0,0,0,0,0,0,0,0,0,0,0,0,0,0,0,0,0,0,0,0,0,0,0,0,3,0,0,0,0,0,0,0,0,0,0,0,0,0,0,0,0,0,0,0,0,0,0,0,0,0,0,0,0,0,0,0,0,0,0,0,0,0,0,0,0,0,0,0,0,0,0,0,0,0,0,0,0,0,0,0,0,0,0,0,0,0,0,0,0,0,0,0,0,0,0,0,0,0,0,6,0,0,0,4,0,8
SAL21289,3,0,0,0,0,0,0,0,3,0,0,0,0,0,0,0,0,0,0,0,0,0,0,0,0,0,0,0,0,0,0,0,0,0,0,7,0,0,0,0,0,0,0,0,0,0,0,0,0,0,0,0,0,3,0,0,0,0,0,0,0,0,5,0,0,0,0,3,0,0,0,3,0,0,0,0,0,0,0,0,0,0,0,0,0,0,0,0,0,0,0,0,4,0,0,0,0,0,3,0,0,0,0,0,0,0,0,0,0,0,0,0,0,0,0,0,5,0,0,0,0,0,0,0,0,0,0,0,0,0,0,0,0,0,0,7,3,16,3,4,3,0,0,34
SAL21290,0,0,0,0,0,0,0,0,0,0,0,0,0,0,0,0,0,0,0,0,0,0,0,0,0,0,0,0,0,0,0,0,0,0,0,0,0,0,0,0,0,0,0,0,0,0,0,0,0,0,0,0,0,0,0,0,0,0,0,0,0,0,0,0,0,0,0,0,0,0,0,0,0,0,0,0,0,0,0,0,4,0,0,0,0,0,0,0,0,0,0,0,0,0,0,0,0,0,0,0,0,0,0,0,0,0,0,0,0,0,0,0,0,0,0,0,0,0,0,0,0,0,0,0,0,0,0,0,0,0,0,0,0,0,0,0,0,0,0,0,0,0,0,8
SAL21291,0,0,0,0,0,0,0,0,0,0,0,0,0,0,0,0,0,0,0,0,0,0,0,0,0,0,0,0,0,0,0,0,0,0,0,0,0,0,0,0,0,0,0,0,0,0,0,0,0,0,0,0,0,0,0,0,0,0,0,0,0,0,0,0,0,0,0,0,0,0,0,0,0,0,0,0,0,0,0,0,0,0,0,0,0,0,0,0,0,0,0,0,0,0,0,0,0,0,0,0,0,0,0,0,0,0,0,0,0,0,0,0,0,0,0,0,0,0,0,0,0,0,0,0,0,0,0,0,0,0,0,0,0,0,0,0,0,0,5,0,0,0,0,9
SAL21292,3,0,0,0,0,0,0,0,3,3,0,0,0,0,0,0,0,3,0,0,0,0,0,0,0,0,0,0,0,0,0,0,0,0,0,0,0,0,0,0,0,0,0,0,4,0,0,0,0,0,0,0,0,0,0,0,0,0,0,0,0,0,0,0,0,0,0,0,0,0,0,0,0,0,0,0,0,0,0,0,4,0,0,0,0,0,0,0,0,3,0,0,0,3,0,0,0,0,4,0,0,4,0,0,0,0,0,8,0,0,0,0,0,0,0,0,0,0,0,0,0,0,0,0,0,0,0,0,0,0,0,0,0,0,0,8,3,9,8,5,0,0,3,35
SAL21293,233,5,0,0,0,0,0,41,282,225,25,3,0,0,0,0,27,285,202,65,47,21,6,0,0,34,371,130,84,94,29,19,0,5,24,385,57,69,105,69,20,6,3,27,357,65,57,96,30,17,9,3,16,304,43,43,110,58,23,8,6,21,317,57,38,106,47,27,12,11,23,308,48,39,123,88,46,12,10,24,390,39,32,115,81,44,9,7,29,366,37,37,134,84,46,9,15,26,392,30,25,127,113,57,20,7,31,404,23,14,89,87,62,16,10,31,333,16,13,65,77,41,32,17,48,294,16,13,51,48,52,20,24,87,319,1230,559,1279,837,455,144,116,478,5104
SAL21294,51,0,0,0,0,0,0,8,62,26,0,0,0,0,0,0,4,30,15,0,4,0,0,0,0,5,18,10,0,10,0,0,0,0,0,22,9,6,17,6,0,0,0,0,31,7,4,13,12,0,0,0,3,41,11,4,13,17,0,0,0,7,57,0,0,15,18,0,0,0,0,39,3,8,19,12,4,0,0,4,58,5,5,14,8,0,0,0,6,46,4,0,18,0,0,0,0,0,24,4,0,5,6,8,0,0,0,26,3,0,9,5,3,0,0,0,19,0,0,9,7,0,0,0,0,11,0,0,0,0,0,0,0,0,3,145,36,147,98,21,12,0,36,497
SAL21295,25,0,0,0,0,0,0,5,21,11,6,0,0,0,0,0,0,14,14,5,5,0,0,0,0,0,18,3,4,9,0,0,0,0,0,14,0,3,4,8,4,0,0,0,26,4,6,5,3,0,3,0,3,24,3,0,6,6,0,0,0,0,24,11,0,15,10,0,0,0,4,38,9,0,17,12,3,0,3,0,35,8,0,16,13,0,0,0,5,38,0,0,9,8,4,0,0,0,35,7,0,10,15,4,0,0,0,37,0,0,0,11,4,0,0,0,15,0,0,3,11,6,5,0,0,25,0,0,3,9,4,0,5,0,26,87,27,101,98,36,13,10,22,395
SAL21296,0,0,0,0,0,0,0,0,0,0,0,0,0,0,0,0,0,0,0,0,0,0,0,0,0,0,0,0,0,0,0,0,0,0,0,0,0,0,0,0,0,0,0,0,0,0,0,0,0,0,0,0,0,4,0,0,0,0,0,0,0,0,0,0,4,0,0,0,0,0,0,0,0,0,0,0,0,0,0,0,3,0,0,0,0,0,0,0,0,0,0,0,6,0,0,0,0,0,6,0,0,0,0,0,0,0,0,6,0,0,0,0,0,0,0,0,0,0,0,0,0,0,0,0,0,0,0,0,0,0,0,0,0,0,0,5,0,9,3,0,0,0,0,22
SAL21297,0,0,0,0,0,0,0,0,0,0,0,0,0,0,0,0,0,0,0,0,0,0,0,0,0,0,0,0,0,0,0,0,0,0,0,0,0,0,0,0,0,0,0,0,0,0,0,0,0,0,0,0,0,0,0,0,0,0,0,0,0,0,0,0,0,0,0,0,0,0,0,0,0,0,0,0,0,0,0,0,0,0,0,0,0,0,0,0,0,0,0,0,0,0,0,0,0,0,0,0,0,0,0,0,0,0,0,0,0,0,0,0,0,0,0,0,0,0,0,0,0,0,0,0,0,0,0,0,0,0,0,0,0,0,0,0,0,0,0,0,0,0,0,3
SAL21298,0,0,0,0,0,0,0,0,0,0,0,0,0,0,0,0,0,0,0,0,0,0,0,0,0,0,0,0,0,0,0,0,0,0,0,0,0,0,0,0,0,0,0,0,0,0,0,0,0,0,0,0,0,0,0,0,0,0,0,0,0,0,0,0,0,0,0,0,0,0,0,3,0,0,0,0,0,0,0,0,0,5,0,0,0,0,0,0,0,3,0,0,0,0,0,0,0,0,0,0,0,0,0,0,0,0,0,0,0,0,0,0,0,0,0,0,0,0,0,0,0,0,0,0,0,0,0,0,0,0,0,0,0,0,0,8,6,0,0,4,0,0,0,20
SAL21299,0,0,0,0,0,0,0,0,0,0,0,0,0,0,0,0,0,0,5,0,0,0,0,0,0,0,5,0,0,0,0,0,0,0,0,0,0,0,0,0,0,0,0,0,0,0,0,0,0,0,0,0,0,0,0,0,0,0,0,0,0,0,0,0,0,0,0,0,0,0,0,0,0,0,0,0,0,0,0,0,0,0,0,0,0,0,0,0,0,0,0,0,0,0,0,0,0,0,0,0,0,0,0,0,0,0,0,0,0,0,0,0,0,0,0,0,0,0,0,0,0,0,0,0,0,4,0,0,0,0,0,0,0,0,0,5,0,0,5,4,0,0,0,15
SAL21300,7,0,0,0,0,0,0,0,7,0,0,0,0,0,0,0,0,0,3,0,0,0,0,0,0,0,3,0,0,0,0,0,0,0,0,0,0,0,6,0,0,0,0,0,6,4,0,0,0,0,0,0,0,3,0,0,0,8,0,0,0,0,6,3,0,4,0,0,0,0,0,11,0,0,3,0,0,0,0,0,7,0,0,0,0,0,0,0,0,5,0,0,5,0,0,0,0,0,5,0,0,0,3,0,0,0,0,10,0,0,0,0,0,0,0,0,4,0,0,0,0,0,0,0,0,0,0,0,0,0,0,0,0,0,0,18,3,17,13,4,0,0,0,70
SAL21301,3,0,0,0,0,0,0,0,3,0,0,0,0,0,0,0,0,0,0,0,0,0,0,0,0,0,0,0,0,0,0,0,0,0,0,3,0,0,6,5,0,0,0,0,5,0,0,0,0,0,0,0,0,0,0,0,3,0,0,0,0,0,7,4,0,5,0,0,0,0,0,13,0,0,0,0,0,0,0,0,6,0,0,0,0,0,0,0,0,0,0,0,0,0,0,0,0,0,5,0,0,0,0,0,0,0,0,0,0,0,0,0,0,0,0,0,0,0,0,0,0,0,0,0,0,0,0,0,0,0,0,0,0,0,0,18,7,17,10,0,0,0,0,54
SAL21302,5,0,0,0,0,0,0,0,5,0,0,0,0,0,0,0,0,0,0,0,0,0,0,0,0,0,0,0,0,0,0,0,0,0,0,0,0,0,0,0,0,0,0,0,6,0,0,0,0,0,0,0,0,4,0,0,0,0,0,0,0,0,3,0,0,4,0,0,0,0,0,0,0,0,0,0,0,0,0,0,0,0,0,0,4,0,0,0,0,5,0,0,0,6,0,0,0,0,7,0,0,0,0,0,0,0,0,5,0,0,0,0,0,0,0,0,0,0,0,0,0,0,0,0,0,0,0,0,0,0,0,0,0,0,0,10,0,10,10,4,0,0,0,40
SAL21303,0,0,0,0,0,0,0,0,0,0,0,0,0,0,0,0,0,0,0,0,0,0,0,0,0,0,0,0,0,0,0,0,0,0,0,0,0,0,0,0,0,0,0,0,0,0,0,0,0,0,0,0,0,0,0,0,0,0,0,0,0,0,0,0,0,0,0,0,0,0,0,0,0,0,0,0,0,0,0,0,0,0,0,0,0,0,0,0,0,0,0,0,0,0,0,0,0,0,0,0,0,0,0,0,0,0,0,0,0,0,0,0,0,0,0,0,0,0,0,0,0,0,0,0,0,0,0,0,0,0,0,0,0,0,0,0,0,0,5,0,0,0,0,3
SAL21304,0,0,0,0,0,0,0,0,0,0,0,0,0,0,0,0,0,0,0,0,0,0,0,0,0,0,0,0,0,0,0,0,0,0,0,4,0,0,0,0,0,0,0,0,0,0,0,0,0,0,0,0,0,0,0,0,0,0,0,0,0,0,0,0,0,0,0,0,0,0,0,0,0,0,0,0,0,0,0,0,0,0,0,0,0,0,0,0,0,3,0,0,0,0,0,0,0,0,4,0,0,0,0,0,0,0,0,3,0,0,0,0,0,0,0,0,0,0,0,0,0,0,0,0,0,0,0,0,0,0,0,0,0,0,0,3,0,4,3,0,0,0,3,17
SAL21305,0,0,0,0,0,0,0,0,0,0,0,0,0,0,0,0,0,0,0,0,0,0,0,0,0,0,0,0,0,0,0,0,0,0,0,0,0,0,0,0,0,0,0,0,0,0,0,0,0,0,0,0,0,0,0,0,0,0,0,0,0,0,0,0,0,0,0,0,0,0,0,0,0,0,0,0,0,0,0,0,0,0,0,0,0,0,0,0,0,0,0,0,0,0,0,0,0,0,0,0,0,0,0,0,0,0,0,0,0,0,0,0,0,0,0,0,0,0,0,0,0,0,0,0,0,0,0,0,0,0,0,0,0,0,0,0,0,0,0,0,0,0,0,6
SAL21306,13,0,0,0,0,0,0,0,13,14,0,0,0,0,0,0,0,16,9,0,0,0,0,0,0,3,15,3,0,0,4,0,0,0,0,13,0,0,4,3,0,0,0,0,11,3,3,9,0,0,0,0,0,10,0,0,3,3,0,0,0,0,13,0,0,8,0,0,0,0,0,11,0,0,3,6,0,0,0,6,18,0,6,0,7,0,0,0,4,21,0,0,0,7,0,0,0,0,12,0,0,0,6,0,0,0,3,12,3,0,0,3,0,0,0,0,5,0,0,0,0,0,0,6,0,10,0,0,0,0,4,0,0,0,3,48,9,45,43,11,6,5,16,188
SAL21307,0,0,0,0,0,0,0,0,4,0,0,0,0,0,0,0,0,0,0,0,0,0,0,0,0,0,0,0,0,0,0,0,0,0,0,0,0,0,0,0,0,0,0,0,0,0,0,0,0,0,0,0,0,0,0,0,0,0,0,0,0,0,0,0,0,0,0,0,0,0,0,0,0,0,0,0,0,0,0,0,0,0,0,0,0,0,0,0,0,0,0,0,0,0,0,0,0,0,0,0,0,0,0,0,0,0,0,0,0,0,0,0,0,0,0,0,0,0,0,0,0,0,0,0,0,0,0,0,0,0,0,0,0,0,0,3,0,5,3,0,0,0,0,11
SAL21308,0,0,0,0,0,0,0,0,0,3,0,0,0,0,0,0,0,3,0,0,0,0,0,0,0,0,0,0,0,0,0,0,0,0,0,0,0,0,0,0,0,0,0,0,3,0,0,4,0,0,0,0,0,8,0,0,0,0,0,0,0,0,0,0,0,0,0,0,0,0,0,7,0,0,4,0,0,0,0,0,8,0,0,3,0,0,0,0,0,6,0,0,0,0,0,0,0,0,3,0,0,0,0,0,0,0,0,0,0,0,0,0,0,0,0,0,0,0,0,0,0,0,0,0,0,0,0,0,0,0,0,0,0,0,0,9,7,13,9,3,0,0,5,44
SAL21309,15,0,0,0,0,0,0,0,15,12,0,0,0,0,0,0,3,15,9,5,0,0,0,0,0,0,8,5,3,8,0,0,0,0,0,15,3,0,3,3,3,0,0,0,13,3,0,3,3,3,0,0,0,16,0,0,8,3,0,0,0,0,17,0,0,9,6,5,0,0,6,24,0,0,7,8,0,0,0,4,22,0,0,7,4,0,0,0,0,15,0,0,4,3,0,0,0,0,8,0,0,0,7,4,0,0,0,15,0,0,0,4,0,0,0,0,12,0,0,0,0,0,0,0,0,3,0,0,0,0,0,0,0,0,3,51,15,43,46,19,5,0,15,195
SAL21310,25,5,0,0,0,0,0,6,30,20,3,0,0,0,0,0,0,28,26,0,0,0,0,0,0,5,34,4,5,3,5,0,0,0,5,37,10,0,7,7,0,0,0,0,31,4,4,11,7,3,0,0,0,36,9,3,9,4,8,5,0,4,35,0,5,11,13,5,0,0,0,34,6,4,10,3,4,0,0,6,27,4,0,3,10,4,0,0,0,27,0,0,6,11,3,0,0,3,26,0,3,4,6,3,0,0,3,23,0,3,3,0,0,0,0,0,15,0,0,0,0,0,0,0,0,8,0,0,0,0,0,0,0,0,0,103,40,81,71,42,8,13,36,391
SAL21311,7,0,0,0,0,0,0,0,7,0,0,0,0,0,0,0,0,0,0,0,0,0,0,0,0,0,3,0,0,0,0,0,0,0,0,4,0,0,0,0,0,0,0,0,3,0,0,0,0,0,0,0,0,3,0,0,0,0,0,0,0,0,6,0,0,3,0,0,0,0,0,10,0,0,6,5,0,0,0,0,16,0,0,0,0,0,0,0,0,5,0,3,5,3,0,0,0,0,13,0,0,0,0,0,0,0,0,8,0,0,0,0,0,0,0,0,0,0,0,0,0,0,0,0,0,0,0,0,0,0,0,0,0,0,4,18,6,14,17,10,0,8,3,77
SAL21312,65,0,0,0,0,0,0,10,71,89,4,0,0,0,0,0,3,103,100,17,8,3,0,0,0,8,131,46,22,31,3,3,0,0,12,120,26,19,38,10,0,3,0,9,102,26,27,50,19,0,0,0,14,132,17,11,39,21,12,5,0,0,102,15,11,36,21,3,3,5,8,98,7,18,36,16,9,6,3,4,103,10,9,44,28,8,3,0,10,111,16,13,51,38,7,5,0,8,125,3,10,41,17,8,0,0,0,80,0,4,18,19,5,3,0,4,50,0,0,4,0,5,0,0,0,19,0,0,3,5,3,4,3,0,21,418,162,383,201,57,28,17,78,1347
SAL21313,5,0,0,0,0,0,0,0,5,0,0,0,0,0,0,0,0,0,0,0,0,0,0,0,0,0,0,0,0,0,0,0,0,0,0,3,0,0,0,0,0,0,0,0,0,0,0,0,0,0,0,0,0,3,0,0,0,6,0,0,0,0,6,0,0,0,0,0,0,0,0,6,0,0,0,0,0,0,0,0,0,0,0,0,4,0,0,0,0,0,0,0,0,0,0,0,0,0,0,0,0,0,0,0,0,0,0,0,0,0,0,0,0,0,0,0,0,0,0,0,0,0,0,0,0,0,0,0,0,0,0,0,0,0,0,3,0,3,8,0,0,0,0,23
SAL21314,181,0,0,0,0,0,0,12,199,152,3,0,0,0,0,0,9,164,99,6,3,0,0,0,0,10,122,66,37,35,5,0,0,0,8,152,25,28,73,19,3,0,0,5,156,13,30,80,35,6,4,0,7,165,17,22,94,48,11,4,4,9,200,24,26,103,52,15,4,3,6,234,24,28,96,50,15,4,0,5,219,23,23,96,51,16,6,0,8,212,7,17,90,42,8,0,0,9,185,15,10,87,65,33,3,0,0,211,11,9,46,53,11,5,4,11,145,4,0,43,18,14,0,3,4,90,4,15,41,25,23,11,10,17,141,664,254,885,464,152,44,28,104,2594
SAL21315,252,0,0,0,0,0,0,19,275,261,6,0,0,0,0,0,26,299,220,29,14,9,0,0,0,16,293,147,59,65,17,5,4,0,21,314,73,61,95,53,12,4,0,16,307,35,48,115,42,16,3,9,10,276,42,45,121,37,23,9,3,21,300,42,32,130,71,19,3,8,14,315,27,37,160,104,22,10,5,12,383,19,44,181,115,39,3,5,10,423,18,32,155,119,30,11,14,27,398,15,26,120,78,29,9,3,14,287,11,14,71,47,23,7,9,9,176,6,11,48,43,19,5,3,8,134,6,4,38,29,20,6,10,4,125,1168,452,1302,764,250,78,74,220,4300
SAL21316,400,0,0,0,0,0,0,23,423,319,4,3,0,0,0,0,26,352,300,27,7,0,0,0,0,21,352,196,129,100,25,3,0,0,25,486,87,99,176,60,16,5,0,25,469,80,79,222,84,14,0,0,13,498,83,71,265,112,19,0,0,18,564,96,67,238,81,22,10,0,22,527,60,64,190,99,22,9,0,13,469,60,46,166,94,26,0,0,13,397,34,31,151,104,26,8,0,13,373,23,44,198,140,27,8,3,24,464,16,26,190,120,50,15,10,23,448,14,24,122,97,36,17,11,23,346,14,32,74,65,42,14,26,19,288,1784,741,2114,1093,306,79,63,292,6476
SAL21317,47,0,0,0,0,0,0,0,51,57,0,0,0,0,0,0,0,52,36,5,0,0,0,0,0,7,46,23,8,13,0,0,0,0,3,43,16,4,24,7,5,0,0,0,50,0,4,17,11,0,0,0,0,30,8,5,33,9,0,0,0,0,57,5,3,32,22,7,4,0,3,73,6,14,32,23,9,3,0,0,80,4,4,39,19,7,0,0,0,76,0,5,30,11,0,0,0,0,52,0,0,15,10,3,0,0,6,35,0,3,9,3,5,0,0,0,25,3,0,6,0,9,0,0,0,19,0,0,0,3,0,0,0,0,12,213,60,252,116,33,14,4,25,718
SAL21318,3,0,0,0,0,0,0,0,3,0,0,0,0,0,0,0,0,0,0,0,0,0,0,0,0,0,3,0,0,0,0,0,0,0,0,0,0,0,0,0,0,0,0,0,0,0,0,0,0,0,0,0,0,0,0,0,0,0,0,0,0,0,0,0,0,0,0,0,0,0,0,0,0,0,0,0,0,0,0,0,0,0,0,0,0,0,0,0,0,3,0,0,0,0,0,0,0,0,4,0,0,0,4,0,0,0,0,4,0,0,0,0,0,0,0,0,3,0,0,0,0,0,0,0,0,0,0,0,0,0,0,0,0,0,0,4,0,9,5,0,0,0,8,33
SAL21319,53,0,0,0,0,0,0,6,56,52,0,0,0,0,0,0,0,56,46,13,3,3,0,0,0,3,69,22,21,16,6,0,0,0,9,71,15,15,37,14,0,0,0,3,83,20,13,41,12,3,0,0,4,95,15,13,52,21,0,0,0,3,109,10,9,27,18,3,0,0,3,72,6,14,22,12,4,0,0,8,62,8,11,30,21,6,3,0,0,82,0,4,39,25,4,0,0,0,72,5,3,62,38,12,9,0,7,138,0,8,42,30,4,3,0,4,92,0,0,20,12,4,4,5,8,56,0,0,5,12,3,0,0,4,33,260,116,398,218,55,18,10,60,1141
SAL21320,0,0,0,0,0,0,0,0,0,0,0,0,0,0,0,0,0,0,0,0,0,0,0,0,0,0,0,0,0,0,0,0,0,0,0,0,0,0,0,0,0,0,0,0,0,0,0,0,0,0,0,0,0,0,0,0,0,0,0,0,0,0,0,0,0,0,0,0,0,0,0,0,0,0,0,0,0,0,0,0,0,0,0,0,0,0,0,0,0,0,0,0,0,0,0,0,0,0,0,0,0,0,0,0,0,0,0,0,0,0,0,0,0,0,0,0,0,0,0,0,0,0,0,0,0,0,0,0,0,0,0,0,0,0,0,0,0,0,0,0,0,0,0,8
SAL21321,5,0,0,0,0,0,0,0,5,0,0,0,0,0,0,0,0,0,0,0,0,0,0,0,0,0,0,0,0,0,0,0,0,0,0,0,0,0,0,0,0,0,0,0,0,0,0,0,3,5,0,0,0,9,0,0,0,4,0,0,0,0,6,0,0,0,0,0,0,0,0,0,0,0,0,0,0,0,0,0,0,0,0,4,0,0,0,0,0,3,0,0,0,0,0,0,0,0,9,0,0,0,0,0,0,0,0,5,0,0,0,0,0,0,0,0,0,0,0,0,0,0,0,0,0,0,0,0,0,0,0,0,0,0,0,7,4,3,8,5,0,0,3,27
SAL21322,0,0,0,0,0,0,0,0,0,0,0,0,0,0,0,0,0,0,0,0,0,0,0,0,0,0,0,0,0,0,0,0,0,0,0,5,0,0,0,0,0,0,0,0,0,0,0,0,0,0,0,0,0,0,0,0,0,0,0,0,0,0,0,0,0,0,0,0,0,0,0,0,0,0,0,0,0,0,0,0,0,0,0,0,0,0,0,0,0,0,0,0,0,0,0,0,0,0,0,0,0,0,0,0,0,0,0,0,0,0,0,0,0,0,0,0,0,0,0,0,0,0,0,0,0,0,0,0,0,0,0,0,0,0,0,6,3,4,3,0,0,0,0,13
SAL21323,0,0,0,0,0,0,0,0,0,0,0,0,0,0,0,0,0,0,0,0,0,0,0,0,0,0,0,0,0,0,0,0,0,0,0,0,0,0,0,0,0,0,0,0,0,0,0,0,0,0,0,0,0,0,0,0,0,0,0,0,0,0,0,0,0,0,0,0,0,0,0,0,0,0,0,0,0,0,0,0,0,0,0,0,0,0,0,0,0,0,0,0,0,0,0,0,0,0,0,0,0,0,0,0,0,0,0,0,0,0,0,0,0,0,0,0,0,0,0,0,0,0,0,0,0,5,0,0,0,0,0,0,0,0,0,0,0,0,0,0,0,0,0,7
SAL21324,0,0,0,0,0,0,0,0,0,0,0,0,0,0,0,0,0,0,0,0,0,0,0,0,0,0,0,0,0,0,0,0,0,0,0,0,0,0,0,0,0,0,0,0,0,0,0,0,0,0,0,0,0,0,0,0,0,0,0,0,0,0,0,0,0,0,3,0,0,0,0,6,0,0,0,0,0,0,0,0,0,0,0,0,0,0,0,0,0,0,0,0,0,0,0,0,0,0,0,0,0,0,0,0,0,0,0,0,0,0,0,0,0,0,0,0,0,0,0,0,0,0,0,0,0,0,0,0,0,0,0,0,0,0,0,7,0,0,3,0,0,0,0,21
SAL21325,0,0,0,0,0,0,0,0,0,0,0,0,0,0,0,0,0,0,0,0,0,0,0,0,0,0,0,0,0,0,0,0,0,0,0,3,0,0,0,0,0,0,0,0,0,0,0,0,0,0,0,0,0,0,0,0,0,0,0,0,0,3,6,5,0,0,0,0,0,0,0,3,0,0,0,0,0,0,0,0,0,0,0,0,0,0,0,0,0,3,0,0,0,0,0,0,0,0,0,0,0,0,0,0,0,0,0,0,0,0,0,0,0,0,0,0,0,0,0,0,0,0,0,0,0,0,0,0,0,0,0,0,0,0,0,7,3,8,5,0,0,0,3,21
SAL21326,154,0,0,0,0,0,0,24,178,216,7,9,0,0,0,0,20,249,146,22,10,15,0,0,0,8,211,82,42,26,18,4,0,0,15,195,41,23,50,31,11,3,0,9,165,34,22,54,26,9,4,6,7,165,27,21,51,21,8,4,5,17,156,23,20,73,43,13,4,4,4,192,29,23,46,45,13,5,4,14,174,29,21,64,48,13,7,9,9,200,27,16,71,41,22,4,0,7,189,17,21,65,42,12,11,5,12,187,15,8,33,39,17,9,3,3,139,11,5,27,31,27,10,17,18,140,14,11,55,38,46,13,21,9,208,879,271,635,438,207,66,56,176,2738
SAL21327,164,0,0,0,0,0,0,5,172,349,5,0,0,0,0,0,29,381,548,14,3,0,0,0,0,39,603,542,81,37,4,0,0,0,28,702,320,125,127,22,4,0,0,34,638,200,77,138,30,10,3,6,23,476,129,71,94,38,0,7,0,21,359,130,51,87,39,4,3,3,16,334,77,51,82,21,10,3,0,9,258,63,49,63,24,8,0,0,14,227,42,30,55,27,3,0,0,15,176,29,22,55,25,16,0,4,11,165,11,13,31,15,12,0,0,11,101,7,11,19,16,3,7,9,8,72,8,10,18,11,3,9,12,5,78,2622,607,807,275,73,32,34,268,4721
SAL21328,70,0,0,0,0,0,0,14,82,59,13,4,0,0,0,0,4,77,34,21,16,10,3,0,0,8,91,25,16,21,13,4,0,0,4,86,16,14,27,27,8,0,3,8,107,10,11,25,15,12,4,4,7,96,15,13,15,13,10,6,7,4,86,16,15,36,32,14,0,5,11,131,16,11,35,55,19,7,6,11,143,17,12,35,56,15,9,4,11,164,15,5,45,42,27,9,0,15,154,9,9,36,43,25,3,5,9,146,11,4,24,39,20,8,5,15,122,8,0,22,27,15,4,8,21,103,7,8,22,29,36,11,15,19,135,324,138,363,398,216,66,62,161,1729
SAL21329,4,0,0,0,0,0,0,0,4,0,0,0,0,0,0,0,0,3,0,0,0,0,0,0,0,0,0,0,0,0,0,0,0,0,0,0,0,0,0,0,0,0,0,0,0,0,0,0,0,0,0,0,0,0,0,0,0,0,0,0,0,0,3,0,0,0,0,0,0,0,0,0,0,0,0,0,0,0,0,0,3,0,0,0,0,0,0,0,0,5,0,0,0,0,0,0,0,0,0,0,0,0,0,0,0,0,0,0,0,0,0,0,0,0,0,0,0,0,0,0,0,0,0,0,0,0,0,0,0,0,0,0,0,0,0,11,0,4,3,3,0,0,0,19
SAL21330,4,0,0,0,0,0,0,0,4,0,0,0,0,0,0,0,0,6,6,0,0,0,0,0,0,0,6,3,0,0,0,0,0,0,0,7,0,0,3,0,0,0,0,0,5,0,0,5,0,0,0,0,0,3,0,0,3,0,0,0,0,0,5,0,0,0,3,6,0,0,0,7,0,0,5,4,0,0,0,3,19,0,4,3,0,3,0,0,0,9,0,0,0,3,5,0,0,0,7,0,0,0,0,0,0,0,0,4,0,0,0,0,0,0,0,0,0,0,0,0,0,0,0,0,0,0,0,0,0,0,0,0,0,3,4,22,8,17,19,10,0,3,7,90
SAL21331,0,0,0,0,0,0,0,0,0,0,0,0,0,0,0,0,0,4,0,0,0,0,0,0,0,0,0,0,0,0,0,0,0,0,0,0,0,0,0,0,0,0,0,0,0,0,0,0,3,0,0,0,0,4,0,0,0,0,0,0,0,0,0,0,0,0,0,0,0,0,0,3,0,0,4,3,0,0,0,0,4,0,0,0,0,0,0,0,0,5,0,0,0,0,0,0,0,0,3,0,0,0,0,0,0,0,0,0,0,0,0,0,0,0,0,0,0,0,0,0,0,0,0,0,0,0,0,0,0,0,0,0,0,0,0,3,0,7,7,7,0,0,6,31
SAL21332,0,0,0,0,0,0,0,4,4,0,0,0,0,0,0,0,0,4,0,0,0,0,0,0,0,0,3,0,0,0,0,0,0,0,0,4,0,0,0,0,0,0,0,3,10,0,0,0,0,0,0,0,0,0,0,0,0,0,0,0,0,0,4,0,0,3,0,0,0,0,0,5,0,0,0,7,0,0,0,0,11,0,0,0,0,0,0,0,0,3,0,0,0,0,0,0,0,3,4,0,0,0,0,0,0,0,0,0,0,0,3,0,0,0,0,0,3,0,0,0,0,0,0,0,0,0,0,0,0,0,0,0,0,0,0,7,4,15,10,4,0,0,7,42
SAL21333,0,0,0,0,0,0,0,0,0,0,0,0,0,0,0,0,0,0,0,0,0,0,0,0,0,0,0,0,0,0,0,0,0,0,0,0,0,0,0,0,0,0,0,0,0,0,0,0,0,0,0,0,0,3,0,0,0,0,0,0,0,0,4,0,0,6,0,0,0,0,0,4,3,0,0,0,0,0,0,0,4,0,0,0,6,0,0,0,0,5,0,0,0,0,0,0,0,0,5,0,0,0,0,0,0,0,0,0,0,0,0,0,0,0,0,0,0,0,0,0,0,0,0,0,0,0,0,0,0,0,0,0,0,0,0,7,3,7,7,3,0,0,0,37
SAL21334,0,0,0,0,0,0,0,0,0,0,0,0,0,0,0,0,0,0,0,0,0,0,0,0,0,0,0,0,0,0,0,0,0,0,0,0,0,0,0,0,0,0,0,0,4,0,0,0,0,0,0,0,0,0,0,0,0,0,0,0,0,0,0,0,0,0,0,0,0,0,0,0,0,0,3,0,0,0,0,0,10,0,0,0,0,0,0,0,0,3,0,0,0,4,0,0,0,0,0,0,0,0,0,0,0,0,0,6,0,0,0,0,0,0,0,0,4,0,0,0,0,0,0,0,0,0,0,0,0,0,0,0,0,0,0,12,0,6,5,0,0,0,3,31
SAL21335,0,0,0,0,0,0,0,0,0,0,0,0,0,0,0,0,0,0,0,0,0,0,0,0,0,0,0,0,0,0,0,0,0,0,0,0,0,0,0,0,0,0,0,0,0,0,0,0,0,0,0,0,0,0,0,0,0,0,0,0,0,0,0,0,0,0,0,0,0,0,0,0,0,0,0,0,0,0,0,0,4,3,0,0,0,0,0,0,0,3,0,0,0,0,0,0,0,0,0,0,0,4,0,0,0,0,0,3,0,0,0,0,0,0,0,0,0,0,0,0,0,0,0,0,0,0,0,0,0,0,0,0,0,0,0,10,0,5,0,0,0,0,0,21
SAL21336,788,0,0,0,0,0,0,55,846,786,0,0,0,0,0,0,46,833,688,28,3,0,0,0,0,50,773,527,145,74,20,0,0,0,32,799,247,182,220,41,11,0,0,26,727,181,121,303,116,19,0,0,26,770,133,160,338,178,39,4,3,41,898,154,146,390,185,41,5,0,28,959,169,135,296,168,61,4,3,38,859,142,129,281,152,43,10,3,26,779,123,103,261,128,35,8,0,21,687,93,74,221,149,41,12,0,21,612,74,45,158,101,42,7,3,36,468,48,19,110,92,30,14,12,30,355,57,34,99,114,79,33,25,66,506,4200,1326,2746,1446,441,99,63,537,10865
SAL21337,209,0,0,0,0,0,0,10,218,194,0,0,0,0,0,0,10,204,158,8,0,0,0,0,0,6,179,88,30,28,0,0,0,0,6,156,42,56,81,19,3,0,0,4,208,26,34,107,43,8,0,0,6,226,29,30,126,47,8,0,0,10,254,43,38,137,43,14,0,0,0,283,38,44,114,52,10,0,0,5,265,32,34,81,40,6,0,0,4,194,24,24,68,31,12,3,0,9,169,22,25,73,26,14,0,0,11,180,20,10,45,30,12,5,0,9,129,0,8,35,22,0,4,0,4,78,15,0,27,24,15,3,4,0,83,936,356,929,376,103,21,14,93,2818
SAL21338,0,0,0,0,0,0,0,0,0,0,0,0,0,0,0,0,0,0,0,0,0,0,0,0,0,0,3,0,0,0,0,0,0,0,0,0,0,0,0,0,0,0,0,0,4,0,0,0,0,0,0,0,0,4,0,0,0,0,0,0,0,0,0,0,0,0,0,0,0,0,0,0,0,0,0,0,0,0,0,0,0,0,0,0,0,0,0,0,0,0,0,0,0,0,0,0,0,0,0,0,0,0,0,0,0,0,0,0,0,0,0,0,0,0,0,0,0,0,0,0,0,0,0,0,0,0,0,0,0,0,0,0,0,0,0,5,0,8,0,5,0,0,8,19
SAL21339,842,3,0,0,0,0,0,66,912,825,23,11,0,0,0,0,57,913,736,129,57,16,3,0,0,61,998,403,311,265,60,17,3,0,41,1102,226,293,532,154,32,10,3,41,1292,131,214,501,206,49,10,11,35,1146,115,201,480,176,56,18,13,24,1089,96,170,395,151,45,13,7,37,921,75,140,368,168,49,10,5,25,850,57,109,312,154,58,13,21,19,741,50,115,273,147,52,26,18,30,719,36,67,234,147,62,20,16,30,606,24,40,144,94,47,16,21,24,409,11,21,59,62,35,9,18,17,242,11,12,68,53,38,18,48,30,279,3633,1850,3686,1597,546,180,191,538,12217
SAL21340,268,0,0,0,0,0,0,18,285,176,4,8,0,0,0,0,19,205,144,56,31,13,0,0,0,8,252,68,61,83,37,9,0,0,18,278,35,32,135,71,21,13,3,14,317,22,43,126,63,27,5,8,6,304,28,29,109,87,24,3,11,12,295,23,19,110,68,24,3,7,8,261,18,25,102,58,26,9,0,8,248,20,18,99,69,30,6,5,18,267,15,16,85,65,24,10,0,9,221,18,6,67,63,29,10,3,9,204,5,5,38,41,23,3,3,18,144,4,0,22,36,9,9,7,18,97,9,4,31,32,17,12,19,8,121,853,315,1032,695,263,84,60,180,3481
SAL21341,4,0,0,0,0,0,0,0,4,0,0,0,0,0,0,0,0,0,0,0,0,0,0,0,0,0,4,0,0,0,0,0,0,0,0,0,4,0,4,4,0,0,0,0,8,0,0,4,0,0,0,0,0,6,0,0,0,0,0,0,0,0,3,0,0,0,0,0,0,0,0,4,3,0,4,4,0,0,0,0,9,0,0,5,4,0,0,0,0,6,0,0,5,0,3,0,0,0,7,0,0,0,0,0,0,0,0,0,0,0,4,0,0,0,0,0,4,0,0,0,0,0,0,0,0,0,0,0,0,0,0,0,0,0,3,9,4,21,12,0,0,3,0,64
SAL21342,14,0,0,0,0,0,0,0,18,7,0,0,0,0,0,0,0,7,5,0,4,0,0,0,0,0,8,0,0,0,0,0,0,0,0,7,0,0,6,5,0,0,0,0,11,0,0,4,3,0,0,0,0,9,0,4,3,4,0,0,0,0,20,0,0,11,9,0,0,0,4,21,3,0,9,9,0,0,0,0,23,0,0,6,3,0,0,0,0,14,0,0,5,5,4,0,0,0,7,0,0,7,5,0,0,0,0,10,0,0,0,0,0,0,0,0,5,0,0,0,0,0,0,0,0,0,0,0,0,0,0,0,0,0,4,30,8,53,36,7,5,0,4,159
SAL21343,0,0,0,0,0,0,0,0,0,0,0,0,0,0,0,0,0,0,0,0,0,0,0,0,0,0,4,0,0,0,0,0,0,0,0,0,0,0,0,0,0,0,0,0,3,0,0,0,0,0,0,0,0,0,0,0,0,0,0,0,0,0,0,0,0,0,0,0,0,0,0,0,0,0,0,0,0,0,0,0,0,0,0,0,4,0,0,0,0,4,0,0,3,0,0,0,0,0,4,0,0,0,0,0,0,0,0,0,0,0,0,0,0,0,0,0,0,0,0,0,0,0,0,0,0,0,0,0,0,0,0,0,0,0,0,0,0,11,4,7,3,0,0,25
SAL21344,14,0,0,0,0,0,0,0,17,14,0,0,0,0,0,0,0,12,7,3,0,0,0,0,0,3,13,5,0,3,3,0,0,0,0,13,4,0,5,0,0,0,0,0,13,0,0,4,3,3,0,0,0,11,0,0,0,9,0,0,0,0,18,5,0,8,5,3,0,0,0,23,0,3,8,6,0,0,0,0,23,5,0,7,0,0,0,0,0,18,0,4,4,3,0,0,0,0,16,0,0,3,4,0,0,0,0,10,3,0,0,0,0,0,0,0,3,0,0,3,0,0,0,0,0,0,0,0,0,0,0,0,0,0,0,48,19,49,35,14,6,0,20,200
SAL21345,16,0,0,0,0,0,0,0,16,3,0,0,0,0,0,0,0,5,10,0,0,0,0,0,0,0,16,3,3,0,0,0,0,0,0,14,4,0,7,0,0,0,0,0,14,0,5,0,3,0,0,0,0,9,5,4,5,4,0,0,0,0,25,4,8,3,0,5,0,0,0,22,7,4,18,3,4,0,0,3,39,3,5,11,9,0,0,0,4,34,3,4,8,4,0,0,0,0,29,0,0,6,4,0,0,0,4,14,3,0,5,0,0,0,0,4,12,0,0,0,0,0,0,0,3,7,0,0,0,0,0,0,0,0,7,74,41,72,34,10,4,0,17,256
SAL21346,0,0,0,0,0,0,0,0,0,0,0,0,0,0,0,0,0,0,0,0,0,0,0,0,0,0,6,0,0,0,0,0,0,0,0,0,0,0,0,0,0,0,0,0,0,0,0,0,0,0,0,0,0,0,0,0,0,0,0,0,0,0,0,0,0,0,0,0,0,0,0,0,0,0,0,0,0,0,0,0,0,0,0,0,0,0,0,0,0,0,0,0,0,0,0,0,0,0,0,0,0,0,0,0,0,0,0,3,0,0,0,0,0,0,0,0,0,0,0,0,0,0,0,0,0,0,0,0,0,0,0,0,0,0,0,0,0,0,0,0,0,0,0,5
SAL21347,26,0,0,0,0,0,0,0,25,20,0,0,0,0,0,0,4,28,38,12,11,0,0,0,0,0,65,26,21,37,13,4,0,0,0,103,11,10,32,18,5,0,0,4,83,8,9,23,11,0,0,0,3,58,9,5,15,0,5,0,0,0,37,4,0,9,5,0,0,0,0,26,7,0,14,4,0,0,0,0,27,0,6,12,6,0,0,0,0,26,0,4,9,4,4,0,0,0,22,0,4,5,0,0,0,0,0,18,0,0,0,0,4,0,0,0,5,0,0,0,6,0,0,0,0,7,0,0,0,0,0,0,0,0,0,144,71,172,74,25,3,10,20,513
SAL21348,5,0,0,0,0,0,0,0,6,4,0,0,0,0,0,0,0,4,4,0,0,0,0,0,0,0,4,0,0,0,0,0,0,0,0,6,0,0,0,0,0,0,0,0,4,0,0,0,0,0,0,0,0,3,3,0,0,3,0,0,0,0,14,0,0,0,0,3,3,0,0,9,0,0,4,3,0,0,0,0,13,3,0,3,3,0,0,0,0,12,0,0,6,4,0,0,0,0,11,0,0,0,0,0,0,0,0,3,0,0,0,0,0,0,0,0,6,0,0,0,0,0,0,0,0,4,0,0,0,0,0,0,0,0,0,20,4,14,17,5,6,3,4,83
SAL21349,15,0,0,0,0,0,0,0,15,6,0,0,0,0,0,0,0,7,4,0,0,0,0,0,0,0,8,0,0,4,0,0,0,0,0,10,6,0,5,6,0,0,0,0,11,0,0,3,7,0,0,0,0,13,0,0,6,3,0,0,0,0,16,3,0,9,5,0,0,0,0,15,4,0,5,0,4,3,0,0,22,0,0,8,7,0,0,0,3,16,0,0,4,4,0,0,0,0,13,0,0,5,3,0,0,0,0,12,0,0,0,0,0,4,0,0,8,0,0,0,0,0,0,0,0,3,0,0,0,0,0,0,0,0,0,47,5,47,37,10,7,0,11,164
SAL21350,0,0,0,0,0,0,0,0,0,0,0,0,0,0,0,0,0,0,0,0,0,0,0,0,0,0,4,0,0,0,0,0,0,0,0,5,0,0,0,0,0,0,0,0,3,0,0,0,0,0,0,0,0,6,0,0,0,0,0,0,0,0,7,0,0,0,0,0,0,0,0,7,3,0,4,0,0,0,0,0,8,3,0,5,0,3,0,0,0,17,0,0,0,0,0,0,0,0,3,0,0,0,0,0,0,0,0,3,0,0,7,0,0,0,0,0,6,0,0,0,0,0,0,0,0,0,0,0,0,0,0,0,0,0,0,21,3,20,10,9,4,0,4,63
SAL21351,4,0,0,0,0,0,0,0,4,3,0,0,0,0,0,0,0,8,3,0,0,0,0,0,0,0,3,0,0,0,0,0,0,0,0,5,0,0,3,0,0,0,0,0,3,0,0,5,5,5,0,0,0,9,0,0,0,3,0,0,0,0,8,6,0,4,4,0,0,0,0,10,0,0,0,0,0,0,0,0,0,0,0,3,0,0,0,0,0,4,0,0,0,0,0,0,0,0,4,0,0,0,0,3,0,0,0,7,0,0,0,0,6,0,0,0,5,0,0,0,0,0,0,0,0,0,0,0,4,0,0,0,0,0,6,17,4,18,14,9,0,3,3,68
SAL21352,255,0,0,0,0,0,0,36,294,184,19,9,0,0,0,0,16,230,170,43,34,15,5,0,0,24,287,83,63,87,42,14,0,0,16,310,57,50,101,48,23,4,0,33,296,41,31,99,48,17,8,4,14,252,35,39,128,77,25,8,0,10,323,31,52,126,64,15,5,11,21,320,28,29,85,74,23,6,3,16,261,25,27,81,57,32,4,0,16,250,16,26,84,56,24,11,13,14,243,12,36,95,84,18,9,8,23,295,8,22,73,62,25,16,5,10,217,11,13,29,26,21,9,12,13,137,8,10,42,20,26,11,16,24,157,977,444,1065,680,266,83,69,290,3878
SAL21353,6,0,0,0,0,0,0,5,10,5,0,0,0,0,0,0,0,5,12,0,0,0,0,0,0,0,15,0,0,0,0,0,0,0,0,5,0,3,9,0,0,0,0,0,13,0,0,7,3,0,0,0,6,15,0,0,4,10,0,0,0,3,20,3,6,6,4,0,0,0,3,27,3,4,3,7,0,0,0,3,23,0,0,8,8,3,0,0,7,24,0,0,5,5,0,0,0,0,16,0,0,3,0,6,0,0,0,6,0,0,0,0,0,0,0,0,7,0,0,0,4,0,0,0,0,7,0,0,0,0,0,0,0,0,0,47,20,52,42,8,0,0,24,186
SAL21354,287,0,0,0,0,0,0,13,300,300,12,0,0,0,0,0,18,328,335,72,35,4,0,0,0,20,456,203,132,101,32,12,0,0,15,496,126,100,184,71,12,0,0,9,507,78,51,140,59,18,12,5,8,381,45,44,116,64,28,0,0,7,315,51,48,115,70,15,6,0,4,326,47,38,149,67,25,9,6,9,347,34,31,134,78,36,11,9,20,343,37,31,111,85,23,9,4,8,307,16,26,137,101,31,14,0,17,339,15,15,99,80,29,5,3,17,269,14,13,57,52,30,6,3,9,185,10,17,48,39,30,16,14,24,202,1585,645,1415,818,294,98,48,201,5111
SAL21355,104,0,0,0,0,0,0,4,113,108,0,0,0,0,0,0,0,114,56,12,5,5,0,0,0,4,83,23,7,17,5,0,0,0,0,62,12,6,32,11,0,0,0,0,69,7,14,44,15,0,0,0,0,84,10,25,52,26,4,0,0,3,123,14,15,67,31,15,0,0,5,155,12,13,65,38,18,0,0,0,146,9,4,49,27,5,6,0,0,99,0,7,19,18,10,3,0,5,62,0,0,14,16,5,0,0,5,48,0,0,19,5,0,6,0,0,27,0,0,6,3,5,3,0,0,24,0,0,9,5,4,0,0,0,10,362,117,406,210,60,19,10,23,1202
SAL21356,6,0,0,0,0,0,0,0,6,0,0,0,0,0,0,0,3,3,0,0,0,0,0,0,0,0,0,0,0,0,0,0,0,0,0,0,0,0,0,0,0,0,0,0,0,0,0,0,0,0,0,0,0,6,0,0,0,0,0,0,0,0,4,0,0,0,0,0,0,0,0,3,0,0,0,0,0,0,0,0,4,0,0,0,0,0,0,0,0,9,0,0,5,0,0,0,0,0,5,0,0,0,3,0,0,0,0,4,0,0,0,0,0,0,0,0,0,0,0,0,0,0,0,0,0,0,0,0,0,0,0,0,0,0,0,5,0,8,9,3,0,0,4,39
SAL21357,9,0,0,0,0,0,0,0,10,0,0,0,0,0,0,0,0,0,0,0,0,0,0,0,0,0,0,0,0,0,0,0,0,0,0,0,0,0,0,0,0,0,0,0,6,0,0,0,0,0,0,0,0,6,0,0,0,0,3,0,0,0,5,0,0,0,0,0,0,0,0,0,0,0,3,0,0,0,0,0,3,0,0,0,4,3,0,0,0,5,0,0,0,0,0,0,0,0,3,0,0,0,0,0,0,0,0,0,0,0,0,0,0,0,0,0,0,0,0,0,0,0,0,0,0,0,0,0,0,0,0,0,0,0,0,6,0,11,3,8,0,0,0,37
SAL21358,36,0,0,0,0,0,0,7,47,36,4,0,0,0,0,0,0,39,28,10,6,0,0,0,0,0,40,22,11,15,3,0,0,0,0,50,6,12,15,12,9,0,0,0,54,13,3,15,11,4,0,0,5,58,20,4,20,13,6,5,0,13,71,18,5,30,9,5,5,0,8,74,9,0,20,23,10,0,0,5,63,3,5,33,11,0,5,0,3,60,4,10,19,7,0,5,0,0,42,8,3,7,15,0,0,0,5,38,0,0,5,6,0,0,0,0,16,0,0,0,0,0,0,4,0,9,0,0,0,3,0,0,0,0,5,208,56,171,106,39,14,7,57,662
SAL21359,10,0,0,0,0,0,0,3,18,12,0,0,0,0,0,0,0,12,8,0,0,0,0,0,0,0,13,7,0,0,0,0,0,0,0,10,3,10,0,4,0,0,0,0,10,0,5,3,0,0,0,0,0,10,5,3,0,0,0,0,0,0,17,4,0,3,7,0,0,0,0,12,6,5,4,0,0,0,0,3,19,0,0,6,7,5,0,0,3,22,0,3,0,3,0,0,0,0,7,0,0,0,5,0,0,0,0,7,0,0,0,0,0,0,0,0,8,0,0,0,0,0,0,0,0,4,0,0,0,0,0,0,0,0,0,47,23,35,29,8,0,0,18,165
SAL21360,24,0,0,0,0,0,0,3,27,15,5,0,0,0,0,0,4,21,16,8,3,0,0,0,0,6,35,21,13,16,0,0,0,0,6,45,5,6,16,8,0,0,0,0,43,5,0,17,6,4,0,0,8,41,4,4,19,7,4,0,3,8,48,3,3,23,10,0,0,0,7,52,7,4,10,12,0,0,0,3,41,4,10,16,10,3,0,0,7,48,4,0,9,9,4,5,0,0,34,0,5,4,5,0,0,0,0,26,0,0,7,0,4,0,0,3,17,0,0,4,0,0,0,0,0,4,0,0,0,0,0,0,0,0,7,108,59,153,74,19,5,5,60,487
SAL21361,0,0,0,0,0,0,0,0,0,0,0,0,0,0,0,0,0,0,0,0,0,0,0,0,0,0,0,0,0,0,0,0,0,0,0,0,0,0,0,0,0,0,0,0,0,0,0,0,0,0,0,0,0,0,0,0,0,0,0,0,0,0,0,0,0,0,0,0,0,0,0,0,0,0,0,0,0,0,0,0,4,0,0,0,3,0,0,0,3,7,0,0,0,0,0,0,0,0,4,0,0,0,0,0,0,0,0,0,0,0,0,0,0,0,0,0,0,0,0,0,0,0,0,0,0,0,0,0,0,0,0,0,0,0,0,0,0,8,8,0,0,0,0,23
SAL21362,221,4,0,0,0,0,0,34,255,210,11,6,0,0,0,0,26,248,150,48,37,10,0,0,0,30,276,98,47,69,25,4,0,0,14,265,56,52,90,44,14,3,0,20,283,31,42,73,38,15,4,7,26,240,31,53,79,49,21,6,6,19,266,34,32,92,58,28,3,3,10,271,26,35,97,49,23,7,7,16,250,15,15,121,56,34,14,5,16,275,12,34,110,69,28,13,5,19,292,13,24,91,54,23,5,9,13,239,3,5,51,35,10,6,7,8,134,0,7,22,13,11,4,10,6,70,0,3,6,7,4,5,9,3,46,911,412,944,522,221,78,68,246,3402
SAL21363,62,0,0,0,0,0,0,5,63,140,5,0,0,0,0,0,15,165,140,16,10,0,0,0,0,12,183,101,37,27,4,0,0,0,9,177,41,39,30,6,0,0,0,3,127,28,21,27,12,3,0,0,5,100,25,17,31,9,4,0,0,8,93,35,17,31,18,7,0,0,7,117,12,17,25,4,0,3,0,0,65,11,13,18,11,7,0,0,4,69,8,5,22,14,0,0,0,3,51,3,11,23,9,6,0,0,4,61,8,9,32,16,12,0,0,0,73,3,6,21,25,9,0,0,5,72,4,3,15,16,4,5,4,7,52,621,206,317,146,57,13,13,86,1456
SAL21364,4,0,0,0,0,0,0,0,4,0,0,0,0,0,0,0,0,0,0,0,3,0,0,0,0,0,6,0,0,3,0,0,0,0,0,3,4,0,0,0,0,0,0,0,6,0,0,0,0,0,0,0,0,4,3,0,0,0,0,0,0,0,0,0,0,0,0,0,0,0,0,7,0,0,5,5,0,0,0,5,13,5,0,3,0,0,0,0,0,11,5,0,0,9,0,0,0,0,14,0,0,0,0,5,0,0,0,9,0,0,0,0,0,0,0,0,4,0,0,0,0,0,0,0,0,0,0,0,0,0,0,0,0,0,0,27,6,14,14,7,0,0,10,82
SAL21365,54,0,0,0,0,0,0,10,66,61,0,0,0,0,0,0,6,71,126,6,4,0,0,0,0,4,143,130,41,19,5,0,0,0,16,203,81,38,65,13,0,0,0,5,202,40,49,88,21,0,0,0,3,206,50,33,77,12,0,0,0,6,174,38,24,52,10,3,0,0,5,135,29,17,23,10,0,0,0,4,91,30,12,17,10,3,0,0,5,77,16,10,16,5,0,0,0,3,46,5,0,21,15,0,0,0,6,50,7,5,13,13,6,0,0,10,37,10,3,15,11,6,6,0,3,49,3,0,6,10,9,7,0,9,47,681,233,416,134,35,12,8,95,1601
SAL21366,4,0,0,0,0,0,0,0,4,0,0,0,0,0,0,0,0,0,0,0,0,0,0,0,0,0,0,0,0,0,0,0,0,0,0,0,0,0,0,0,0,0,0,0,0,0,0,0,0,0,0,0,0,0,0,0,0,0,0,0,0,0,0,0,0,0,0,0,0,0,0,0,0,0,0,0,0,0,0,0,0,0,0,0,0,0,0,0,0,0,0,0,0,0,0,0,0,0,0,0,0,0,0,0,0,0,0,0,0,0,0,0,0,0,0,0,0,0,0,0,0,0,0,0,0,0,0,0,0,0,0,0,0,0,0,3,0,0,0,5,0,0,0,14
SAL21367,0,0,0,0,0,0,0,0,0,0,0,0,0,0,0,0,0,0,0,0,0,0,0,0,0,0,0,0,0,0,0,0,0,0,0,0,0,0,0,0,0,0,0,0,0,0,0,0,0,0,0,0,0,0,0,0,0,0,0,0,0,0,0,0,0,0,0,0,0,0,0,0,0,0,0,0,0,0,0,0,0,0,0,0,0,0,0,0,0,0,0,0,0,0,0,0,0,0,0,0,0,0,0,0,0,0,0,0,0,0,0,0,0,0,0,0,0,0,0,0,0,0,0,0,0,0,0,0,0,0,0,0,0,0,0,0,0,0,0,0,0,0,0,4
SAL21368,7,0,0,0,0,0,0,0,7,4,0,0,0,0,0,0,0,8,5,3,5,0,0,0,0,0,15,5,4,0,3,0,0,0,0,15,0,4,4,0,0,0,0,0,13,0,5,5,7,0,0,0,0,18,3,0,0,3,0,0,0,0,10,6,0,6,4,0,0,0,0,22,0,0,3,4,3,0,0,0,12,0,0,9,6,4,0,0,0,21,0,0,4,4,0,0,0,0,12,0,0,0,0,0,0,0,0,8,0,0,0,0,0,0,0,0,0,0,0,0,0,0,0,0,0,0,0,0,0,0,0,0,0,0,0,43,20,43,26,14,5,0,11,157
SAL21369,0,0,0,0,0,0,0,4,3,0,0,0,0,0,0,0,0,3,0,0,0,0,0,0,0,0,0,0,0,0,0,0,0,0,0,6,0,0,0,0,0,0,0,0,0,0,0,0,0,0,0,0,0,0,0,0,0,0,0,0,0,0,0,0,0,4,0,0,0,0,0,3,0,0,0,0,0,0,0,0,4,0,0,3,0,0,0,0,0,6,0,0,4,0,0,0,0,0,4,0,0,3,0,0,0,0,0,7,0,0,0,0,3,0,0,0,0,0,0,0,0,0,0,0,0,0,0,0,0,0,0,0,0,0,4,6,9,20,5,5,0,0,10,52
SAL21370,0,0,0,0,0,0,0,0,0,0,0,0,0,0,0,0,0,0,0,0,0,0,0,0,0,0,6,0,0,0,0,0,0,0,0,0,0,0,0,0,0,0,0,0,6,0,0,0,0,0,0,0,0,0,0,0,0,0,0,0,0,0,0,0,0,0,0,0,0,0,0,0,0,0,0,0,0,0,0,0,0,0,0,0,3,0,0,0,0,6,0,0,0,0,0,0,0,0,3,0,0,0,0,0,0,0,0,0,0,0,0,0,0,0,0,0,0,0,0,0,0,0,0,0,0,0,0,0,0,0,0,0,0,0,0,7,4,6,3,6,0,0,6,29
SAL21371,0,0,0,0,0,0,0,0,0,0,0,0,0,0,0,0,0,0,0,0,0,0,0,0,0,0,0,0,0,0,0,0,0,0,0,0,0,0,0,0,0,0,0,0,0,0,0,0,0,0,0,0,0,0,0,0,0,0,0,0,0,0,0,0,0,0,0,0,0,0,0,5,0,0,0,0,0,0,0,0,0,0,0,0,0,0,0,0,0,0,0,0,0,0,0,0,0,0,0,0,0,0,0,0,0,0,0,0,0,0,0,0,0,0,0,0,0,0,0,0,0,0,0,0,0,0,0,0,0,0,0,0,0,0,0,3,0,3,0,0,0,0,0,11
SAL21372,0,0,0,0,0,0,0,0,0,0,0,0,0,0,0,0,0,0,0,0,0,0,0,0,0,0,0,0,0,0,0,0,0,0,0,0,0,0,0,0,0,0,0,0,0,0,0,0,0,0,0,0,0,0,0,0,0,0,0,0,0,0,0,0,0,0,0,0,0,0,0,0,0,0,0,0,0,0,0,0,0,0,0,0,0,0,0,0,0,0,0,0,0,0,0,0,0,0,0,0,0,0,0,0,0,0,0,0,0,0,0,0,0,0,0,0,0,0,0,0,0,0,0,0,0,0,0,0,0,0,0,0,0,0,0,0,0,0,0,0,0,0,0,0
SAL21373,5,0,0,0,0,0,0,0,5,0,0,0,0,0,0,0,0,0,0,0,0,0,0,0,0,0,6,0,0,0,0,0,0,0,0,0,0,0,0,0,0,0,0,0,0,3,0,0,0,0,0,0,0,6,0,0,0,0,0,0,0,0,7,0,4,4,0,3,0,0,0,5,0,0,0,0,0,0,0,0,9,0,0,0,0,0,0,0,0,0,0,0,0,0,0,0,0,0,0,0,0,0,0,0,0,0,0,4,0,0,0,0,0,0,0,0,0,0,0,0,0,0,0,0,0,0,0,0,0,0,0,0,0,0,7,16,6,13,8,6,0,0,7,62
SAL21374,221,0,0,0,0,0,0,18,236,200,4,0,0,0,0,0,13,217,156,35,13,3,0,0,0,10,216,119,65,48,14,5,0,0,6,249,61,75,121,30,0,0,3,9,299,49,47,121,39,7,0,0,10,274,37,43,106,37,11,8,0,7,248,27,48,116,45,25,3,0,8,272,28,36,113,43,10,0,0,6,236,15,35,91,54,23,3,0,8,229,21,30,92,49,14,10,6,9,221,21,21,85,55,24,3,3,11,223,18,21,73,46,14,7,0,13,193,14,4,43,31,21,3,0,9,126,3,6,8,24,9,4,3,6,65,986,469,1035,464,165,41,14,141,3315
SAL21375,0,0,0,0,0,0,0,0,0,6,0,0,0,0,0,0,0,6,0,0,0,0,0,0,0,0,0,0,0,0,0,0,0,0,0,0,0,0,0,0,0,0,0,0,0,0,0,0,0,0,0,0,0,0,0,0,0,0,0,0,0,0,0,0,0,0,0,0,0,0,0,3,0,0,0,0,0,0,0,0,4,0,0,3,0,0,0,0,0,8,0,0,0,0,0,0,0,0,0,0,0,0,0,0,0,0,0,0,0,0,0,0,0,0,0,0,0,0,0,0,0,0,0,0,0,0,0,0,0,0,0,0,0,0,0,7,0,5,0,0,0,0,0,16
SAL21376,0,0,0,0,0,0,0,0,0,0,0,0,0,0,0,0,0,0,0,0,0,0,0,0,0,0,0,0,0,0,0,0,0,0,0,0,0,0,0,0,0,0,0,0,0,0,0,0,0,0,0,0,0,0,0,0,0,0,0,0,0,0,0,0,0,0,0,0,0,0,0,0,0,0,0,0,0,0,0,0,0,0,0,0,0,0,0,0,0,0,0,0,0,0,0,0,0,0,0,0,0,0,0,0,0,0,0,0,0,0,0,0,0,0,0,0,0,0,0,0,0,0,0,0,0,0,0,0,0,0,0,0,0,0,0,3,3,4,0,0,0,0,3,16
SAL21377,6,0,0,0,0,0,0,0,6,3,0,0,0,0,0,0,0,3,5,0,0,0,0,0,0,0,5,3,0,0,0,0,0,0,0,6,0,0,0,0,0,0,0,0,3,0,4,0,3,0,0,0,0,3,0,0,3,0,0,0,0,0,8,0,0,0,0,0,0,0,0,0,0,0,8,0,3,0,0,3,15,0,0,0,0,0,0,0,0,4,0,0,0,3,3,0,0,0,6,0,0,0,5,0,0,0,0,5,0,0,0,4,0,0,0,0,6,0,0,0,0,0,0,0,0,0,0,0,0,0,0,0,0,0,0,15,5,10,16,8,0,3,6,72
SAL21378,7,0,0,0,0,0,0,0,7,7,0,0,0,0,0,0,0,7,0,5,0,0,0,0,0,0,6,0,0,0,0,0,0,0,0,7,0,0,4,0,0,0,0,0,3,0,0,4,5,0,0,0,0,7,5,0,3,5,0,0,0,0,11,0,0,9,0,0,0,0,0,7,5,0,0,0,0,0,0,0,7,0,0,9,4,0,0,0,0,10,0,0,0,3,0,0,0,0,6,0,3,0,0,3,0,0,0,9,0,0,0,0,0,0,0,0,0,0,0,0,0,0,0,0,0,0,0,0,0,0,0,0,0,0,0,31,13,22,17,9,0,0,3,99
SAL21379,0,0,0,0,0,0,0,0,0,0,0,0,0,0,0,0,0,0,0,0,0,0,0,0,0,0,0,0,0,0,0,0,0,0,0,0,0,4,0,0,0,0,0,0,0,0,0,0,0,0,0,0,0,0,0,0,0,0,0,0,0,0,0,0,0,0,0,0,0,0,0,0,0,0,0,0,0,0,0,0,0,0,0,0,0,0,0,0,0,3,0,0,0,0,0,0,0,0,0,0,0,0,0,0,0,0,0,0,0,0,0,0,0,0,0,0,0,0,0,0,0,0,0,0,0,0,0,0,0,0,0,0,0,0,0,11,4,4,0,0,0,0,0,27
SAL21380,126,0,0,0,0,0,0,14,144,88,5,0,0,0,0,0,8,106,70,41,32,9,0,0,0,7,156,34,29,76,27,7,0,0,3,179,18,19,61,26,4,3,0,9,145,16,21,34,28,5,0,0,6,117,9,26,34,32,12,5,4,3,122,14,5,44,22,4,4,0,8,103,17,8,45,25,8,5,0,0,110,4,13,28,27,11,9,0,4,87,0,8,26,13,14,3,4,3,75,6,9,27,24,13,3,3,6,87,3,5,10,18,12,9,0,3,56,5,3,4,8,15,4,3,11,48,3,6,21,14,10,8,4,10,77,419,201,432,279,123,40,26,102,1620
SAL21381,0,0,0,0,0,0,0,0,0,0,0,0,0,0,0,0,0,0,0,0,0,0,0,0,0,0,0,0,0,0,0,0,0,0,0,0,0,0,0,3,0,0,0,4,5,0,0,0,0,0,0,0,0,0,0,0,0,0,0,0,0,0,0,4,0,0,0,0,0,0,0,3,0,0,0,0,0,0,0,0,3,0,0,0,0,0,0,0,0,4,0,0,0,0,0,0,0,0,0,0,0,0,0,0,0,0,0,0,0,0,0,0,0,0,0,0,0,0,0,0,0,0,0,0,0,0,0,0,0,0,0,0,0,0,0,5,0,0,6,0,0,0,3,21
SAL21382,0,0,0,0,0,0,0,0,0,0,0,0,0,0,0,0,0,0,0,0,0,0,0,0,0,0,0,0,0,0,0,0,0,0,0,0,0,0,0,0,0,0,0,0,0,0,0,0,0,0,0,0,0,0,0,0,0,0,0,0,0,0,0,0,0,0,0,0,0,0,0,4,0,0,0,0,0,0,0,0,0,0,0,0,0,0,0,0,0,0,0,0,0,0,0,0,0,0,0,0,0,0,0,0,0,0,0,0,0,0,0,0,0,0,0,0,0,0,0,0,0,0,0,0,0,0,0,0,0,0,0,0,0,0,0,0,0,0,3,0,0,0,0,6
SAL21383,0,0,0,0,0,0,0,0,0,0,0,0,0,0,0,0,0,0,0,0,0,0,0,0,0,0,0,0,0,0,0,0,0,0,0,0,0,0,0,0,0,0,0,0,0,0,0,0,0,0,0,0,0,0,0,0,0,0,0,0,0,0,6,0,0,0,0,0,0,0,0,0,0,0,0,0,0,0,0,0,0,0,0,0,0,0,0,0,0,0,0,0,0,0,0,0,0,0,0,0,0,0,0,0,0,0,0,0,3,0,0,0,0,0,0,0,3,0,0,0,0,0,0,0,0,0,0,0,0,0,0,0,0,0,0,3,0,0,0,0,0,0,0,11
SAL21384,17,0,0,0,0,0,0,3,19,17,0,0,0,0,0,0,3,23,8,0,0,0,0,0,0,0,9,3,6,10,6,0,0,0,0,24,5,3,3,9,0,0,0,0,31,3,0,5,5,0,0,0,0,16,9,0,10,0,5,0,0,7,25,11,3,17,3,5,0,0,5,42,5,6,17,10,9,3,0,3,45,8,0,23,10,10,0,0,6,53,3,5,15,20,6,0,0,8,54,0,4,11,10,9,3,0,8,51,0,0,4,10,6,0,3,9,37,0,0,3,0,6,0,0,0,7,0,0,0,0,0,0,0,0,5,88,40,121,93,44,11,10,47,457
SAL21385,5,0,0,0,0,0,0,4,10,7,0,0,0,0,0,0,0,7,4,0,0,0,0,0,0,0,4,0,0,4,0,0,0,0,5,6,6,3,4,4,0,0,0,0,12,0,0,4,0,0,0,0,0,3,0,0,0,0,0,0,0,0,4,0,3,5,4,0,0,0,0,17,0,0,8,0,5,0,0,0,15,3,0,4,0,0,0,0,0,11,0,4,0,8,0,0,0,0,9,0,0,0,4,0,0,0,0,13,0,0,3,5,0,0,0,0,12,0,0,0,3,0,0,0,0,3,0,0,0,0,0,0,0,0,6,23,12,32,27,16,6,0,10,128
SAL21386,11,0,0,0,0,0,0,0,11,6,0,0,0,0,0,0,0,6,5,0,0,0,0,0,0,0,3,0,0,0,0,0,0,0,0,0,0,0,0,5,0,0,0,0,4,0,0,7,3,0,0,0,0,6,0,3,3,4,0,0,0,0,11,0,0,7,5,0,0,0,0,19,9,3,8,10,5,0,0,0,29,7,0,0,6,0,0,0,0,15,0,0,4,9,4,0,0,0,15,0,0,0,0,0,0,0,0,10,0,0,8,0,3,0,0,0,11,0,0,0,0,0,0,0,0,0,0,0,0,0,0,0,0,0,6,42,13,37,40,13,0,7,7,161
SAL21387,0,0,0,0,0,0,0,0,0,0,0,0,0,0,0,0,0,0,0,0,0,0,0,0,0,0,0,0,0,3,0,0,0,0,0,3,0,0,0,0,0,0,0,0,0,0,0,0,0,0,0,0,0,0,0,0,0,0,0,0,0,0,0,0,0,0,0,0,0,0,0,0,0,0,0,4,0,0,0,0,5,0,0,0,0,0,0,0,0,0,0,0,0,0,0,0,0,0,0,0,0,0,0,0,0,0,0,0,0,0,0,0,0,0,0,0,0,0,0,0,0,0,0,0,0,0,0,0,0,0,0,0,0,0,0,0,0,10,0,0,0,0,0,11
SAL21388,10,0,0,0,0,0,0,4,13,6,0,0,0,0,0,0,0,6,4,0,0,0,0,0,0,0,7,4,0,0,5,0,0,0,0,6,0,0,6,0,5,0,0,5,15,0,0,6,3,0,0,0,0,14,0,0,5,4,0,0,0,0,17,0,0,3,0,0,0,0,0,8,0,0,7,3,0,0,0,0,10,0,0,0,4,4,0,0,0,14,4,0,0,8,0,0,0,0,20,0,0,0,0,0,4,0,0,0,0,0,0,0,0,0,0,0,0,0,0,0,0,0,0,0,0,0,0,0,0,0,0,0,0,0,0,34,9,44,39,11,5,0,11,143
SAL21389,4,0,0,0,0,0,0,0,4,0,0,0,0,0,0,0,0,0,0,0,0,0,0,0,0,0,0,0,0,0,0,0,0,0,0,0,0,0,5,0,0,0,0,0,3,0,0,0,0,0,0,0,0,4,0,0,0,3,0,0,0,0,4,0,0,0,0,0,0,0,0,4,0,0,0,0,0,0,0,0,3,0,0,4,0,0,0,0,0,4,0,0,0,0,0,0,0,4,6,0,0,0,0,0,0,0,0,0,0,0,3,0,0,0,0,0,3,0,0,0,0,0,0,0,0,0,0,0,0,0,0,0,0,0,0,6,0,10,6,3,0,0,5,42
SAL21390,0,0,0,0,0,0,0,0,0,0,0,0,0,0,0,0,0,0,0,0,0,0,0,0,0,0,0,0,0,0,0,0,0,0,0,0,0,0,0,0,0,0,0,0,4,0,0,0,0,0,0,0,0,0,0,0,0,0,0,0,0,0,0,0,0,0,0,0,0,0,0,0,0,0,0,0,0,0,0,0,0,0,0,0,0,0,0,0,0,0,0,0,0,0,0,0,0,0,0,0,0,0,0,0,0,0,0,0,0,0,0,0,0,0,0,0,3,0,0,0,0,0,0,0,0,0,0,0,0,0,0,0,0,0,0,4,0,4,4,0,0,0,0,17
SAL21391,0,0,0,0,0,0,0,0,0,0,0,0,0,0,0,0,0,0,0,0,0,0,0,0,0,0,0,0,0,0,0,0,0,0,0,0,0,0,0,0,0,0,0,0,0,0,0,0,0,0,0,0,0,0,0,0,0,0,0,0,0,0,0,0,0,0,0,0,0,0,0,0,0,0,0,0,0,0,0,0,0,0,0,0,0,0,0,0,0,0,0,0,0,0,0,0,0,0,0,0,0,0,0,0,0,0,0,0,0,0,0,0,0,0,0,0,0,0,0,0,0,0,0,0,0,0,0,0,0,0,0,0,0,0,0,0,0,0,0,0,0,0,0,0
SAL21392,3,0,0,0,0,0,0,0,5,0,0,0,0,0,0,0,0,0,0,0,0,0,0,0,0,0,0,0,0,0,0,0,0,0,0,5,0,0,0,0,0,0,0,0,6,0,0,0,0,0,0,0,0,3,0,0,4,0,0,0,0,0,9,0,0,0,0,0,0,0,0,4,0,0,0,5,0,0,0,0,6,0,0,0,0,0,0,0,0,4,0,0,0,0,0,0,0,0,3,0,0,0,0,0,0,0,0,3,0,0,0,0,0,0,0,0,3,0,0,0,0,0,0,0,0,0,0,0,0,0,0,0,0,0,3,9,6,14,10,8,0,3,6,48
SAL21393,21,0,0,0,0,0,0,0,22,22,0,0,0,0,0,0,0,22,24,0,0,0,0,0,0,0,29,4,11,3,0,0,0,0,0,21,9,3,16,6,0,0,0,0,23,8,6,7,5,0,0,0,0,17,0,10,12,0,6,0,0,0,29,0,0,17,13,0,0,0,0,33,5,7,7,7,4,0,0,0,35,0,5,9,8,0,0,0,5,24,0,5,9,6,3,0,0,0,24,0,0,16,9,4,0,0,0,33,4,4,6,4,0,0,0,4,26,0,0,9,5,4,0,0,0,15,0,3,0,6,5,0,0,0,19,101,46,102,74,24,7,3,13,366
SAL21394,0,0,0,0,0,0,0,0,0,0,0,0,0,0,0,0,0,0,0,0,0,0,0,0,0,0,0,0,0,0,0,0,0,0,0,3,0,0,0,0,0,0,0,0,0,0,0,0,0,0,0,0,0,0,0,0,0,0,0,0,0,0,0,0,0,0,0,0,0,0,0,0,0,0,3,5,0,0,0,0,11,0,0,0,0,0,0,0,0,0,0,0,0,0,0,0,0,0,3,0,0,0,0,0,0,0,0,4,0,0,0,0,0,0,0,0,4,0,0,0,0,0,0,0,0,0,0,0,0,0,0,0,0,0,0,5,0,9,9,8,0,0,0,28
SAL21395,0,0,0,0,0,0,0,0,0,3,0,0,0,0,0,0,0,3,0,0,0,0,0,0,0,0,0,0,0,0,0,0,0,0,0,4,0,0,0,0,0,0,0,0,0,0,0,0,0,0,0,0,0,0,0,0,0,0,0,0,0,0,0,0,0,4,0,0,0,0,0,6,0,0,3,0,0,0,0,3,5,0,0,0,0,0,0,0,0,3,0,0,0,0,0,0,0,0,5,0,0,0,0,0,0,0,0,3,0,0,0,0,0,0,0,0,0,0,0,0,0,0,0,0,0,0,0,0,0,0,0,0,0,0,0,5,3,10,10,6,0,0,0,28
SAL21396,61,0,0,0,0,0,0,9,71,39,3,0,0,0,0,0,3,47,26,10,8,0,0,0,0,3,54,22,20,27,14,0,0,0,3,88,9,12,29,6,9,0,0,3,69,0,9,29,15,4,0,0,0,59,6,4,26,18,3,0,0,5,58,15,12,26,14,6,0,0,0,75,13,5,23,23,13,4,0,3,82,10,6,19,22,12,6,8,9,84,16,0,25,17,6,4,0,7,83,5,4,5,16,0,9,0,7,51,4,0,13,9,10,5,3,8,53,0,0,5,5,0,0,3,7,16,0,0,0,0,3,4,4,7,25,223,96,234,161,70,29,23,69,914
SAL21397,9,0,0,0,0,0,0,0,9,0,0,0,0,0,0,0,0,0,0,0,0,0,0,0,0,0,0,0,4,0,0,0,0,0,0,4,0,0,0,0,0,0,0,0,0,0,0,0,0,5,0,0,0,6,0,0,0,0,0,0,0,0,0,0,0,0,0,0,0,0,0,6,0,0,0,3,0,0,0,3,11,0,0,3,0,0,0,0,0,6,0,0,0,0,6,0,0,0,9,0,0,0,0,3,0,0,0,8,0,0,0,0,0,0,0,0,4,0,0,0,0,0,0,0,0,5,0,0,0,0,0,0,0,0,0,19,7,8,11,9,5,0,14,63
SAL21398,3,0,0,0,0,0,0,0,3,0,0,0,0,0,0,0,0,0,0,0,0,0,0,0,0,0,0,0,0,0,0,0,0,0,0,0,0,0,0,0,0,0,0,0,4,0,0,0,0,0,0,0,0,0,0,0,0,0,0,0,0,0,3,0,0,0,0,0,0,0,0,0,0,0,0,0,0,0,0,0,6,0,0,0,0,0,0,0,0,5,0,0,0,0,0,0,0,0,3,0,0,0,0,0,0,0,0,0,0,0,0,0,0,0,0,0,0,0,0,0,0,0,0,0,0,0,0,0,0,0,0,0,0,0,0,4,5,4,4,3,0,0,3,27
SAL21399,109,0,0,0,0,0,0,9,120,68,10,4,0,0,0,0,9,93,68,22,27,4,0,0,0,4,122,37,26,31,30,7,0,0,8,140,31,11,31,28,12,7,0,10,126,27,15,43,26,10,0,0,5,124,18,24,44,42,10,6,3,6,152,22,15,51,45,17,4,3,12,176,14,11,44,63,23,6,0,8,172,30,20,61,41,24,6,4,19,196,27,19,52,55,21,5,7,15,197,19,13,44,38,16,7,3,7,148,5,9,35,39,17,5,3,17,125,0,3,18,14,16,9,3,7,73,0,8,25,36,28,4,9,10,122,471,206,515,467,195,47,34,145,2079
SAL21400,5,0,0,0,0,0,0,0,5,0,0,0,0,0,0,0,0,0,5,0,0,0,0,0,0,0,5,0,0,0,0,0,0,0,0,4,0,0,0,0,0,0,0,0,3,0,0,0,0,0,0,0,0,0,0,0,0,0,0,0,0,0,8,0,0,5,4,0,0,0,0,5,0,0,0,0,0,0,0,0,0,0,0,0,4,0,0,0,0,3,0,0,0,3,0,0,0,0,5,0,0,0,0,0,0,0,0,6,0,0,0,3,0,0,0,0,5,0,0,0,3,0,0,0,0,3,0,0,0,0,0,0,0,0,0,11,4,7,13,5,0,0,5,43
SAL21401,4,0,0,0,0,0,0,0,4,0,0,0,0,0,0,0,0,0,0,0,0,0,0,0,0,0,6,0,0,0,0,0,0,0,0,6,0,0,0,0,0,0,0,0,0,3,0,5,0,0,0,0,0,10,0,0,0,3,0,0,0,0,9,0,0,0,0,0,0,0,0,7,4,0,0,0,0,0,0,0,4,0,0,9,0,0,0,0,0,8,0,0,7,0,0,0,0,0,10,0,0,0,0,4,0,0,0,4,0,0,0,3,0,0,0,0,6,0,0,0,0,0,0,0,0,0,0,0,0,0,0,0,0,0,0,16,7,19,14,5,0,0,10,71
SAL21402,6,0,0,0,0,0,0,0,6,3,0,0,0,0,0,0,0,3,0,0,0,0,0,0,0,0,0,0,0,0,0,0,0,0,0,0,0,0,0,0,0,0,0,0,4,0,0,0,0,4,0,0,0,4,0,0,4,3,0,0,0,0,5,0,0,7,0,0,0,0,0,7,0,0,0,3,0,0,0,0,4,0,0,0,0,0,0,0,0,0,0,0,0,0,0,0,0,0,5,0,0,0,0,0,0,0,0,4,0,0,0,0,0,0,0,0,0,0,0,0,0,0,0,0,0,4,0,0,0,0,0,0,0,0,0,11,4,11,7,7,0,0,3,45
SAL21403,3,0,0,0,0,0,0,0,3,3,0,0,0,0,0,0,0,3,4,0,0,0,0,0,0,0,3,0,0,3,0,0,0,0,0,3,4,0,0,0,0,0,0,0,4,0,0,0,0,0,0,0,0,0,0,0,0,4,0,0,0,0,3,0,0,3,4,0,0,0,0,5,0,0,5,0,0,0,0,0,12,4,0,3,0,0,0,0,0,13,0,0,0,0,0,0,0,0,0,0,0,0,0,0,0,0,0,6,0,0,0,0,0,0,0,0,0,0,0,0,0,0,0,0,0,0,0,0,0,0,0,0,0,0,4,16,5,15,11,3,0,3,6,56
SAL21404,10,0,0,0,0,0,0,0,8,4,0,0,0,0,0,0,0,9,3,3,0,0,0,0,0,0,4,0,0,0,4,0,0,0,0,10,4,0,12,4,0,0,0,0,22,0,0,3,0,3,0,0,0,7,9,0,0,0,0,0,0,0,6,3,0,5,0,0,0,0,0,9,0,0,5,5,0,0,0,0,17,0,0,9,3,6,0,0,0,10,0,0,4,0,0,0,0,0,13,0,0,4,4,0,0,0,0,10,0,0,0,0,0,0,0,0,8,0,0,0,0,0,0,0,0,0,0,0,0,0,0,0,0,0,3,31,13,42,26,7,6,4,8,139
SAL21405,0,0,0,0,0,0,0,0,0,0,0,0,0,0,0,0,0,0,3,0,0,0,0,0,0,0,0,0,0,0,0,0,0,0,0,0,0,0,0,0,0,0,0,0,0,0,3,0,0,0,0,0,0,3,0,0,0,3,0,0,0,0,3,3,0,0,0,0,0,0,5,11,0,0,0,0,4,0,0,0,5,4,0,0,0,0,0,0,0,3,4,0,0,0,0,0,0,0,4,0,0,0,0,0,0,0,0,0,0,0,0,0,0,0,0,0,0,0,0,0,0,0,0,0,0,0,0,0,0,0,0,0,0,0,0,19,10,4,10,3,0,3,7,59
SAL21406,0,0,0,0,0,0,0,0,0,0,0,0,0,0,0,0,0,0,0,0,0,0,0,0,0,0,0,0,0,0,0,0,0,0,0,0,0,0,0,0,0,0,0,0,0,0,0,0,0,0,0,0,0,0,0,0,0,0,0,0,0,0,0,0,0,0,0,0,0,0,0,0,0,0,0,0,0,0,0,0,0,0,0,0,0,0,0,0,0,0,0,0,0,0,0,0,0,0,0,0,0,0,0,0,0,0,0,0,0,0,0,0,0,0,0,0,0,0,0,0,0,0,0,0,0,0,0,0,0,0,0,0,0,0,0,0,0,0,6,0,0,0,0,12
SAL21407,0,0,0,0,0,0,0,0,0,0,0,0,0,0,0,0,0,0,0,0,0,0,0,0,0,0,0,0,0,0,0,0,0,0,0,0,0,0,0,0,0,0,0,0,4,0,0,0,0,0,0,0,0,0,0,0,0,0,0,0,0,0,0,0,0,0,0,0,0,0,0,0,0,0,0,0,0,0,0,0,0,0,0,0,0,0,0,0,0,0,0,0,0,0,0,0,0,0,0,0,0,0,0,0,0,0,0,0,0,0,0,0,0,0,0,0,0,0,0,0,0,0,0,0,0,0,0,0,0,0,0,0,0,0,0,0,0,4,3,4,0,0,6,15
SAL21408,0,0,0,0,0,0,0,0,0,0,0,0,0,0,0,0,0,0,0,0,0,0,0,0,0,0,0,0,0,0,0,0,0,0,0,0,0,0,0,0,0,0,0,0,0,0,0,0,0,0,0,0,0,0,0,0,0,0,0,0,0,0,0,0,0,0,0,0,0,0,0,0,0,0,0,0,0,0,0,0,0,0,0,0,0,0,0,0,0,0,0,0,0,0,0,0,0,0,0,0,0,0,0,0,0,0,0,0,0,0,0,0,0,0,0,0,0,0,0,0,0,0,0,0,0,0,0,0,0,0,0,0,0,0,0,0,0,0,0,0,0,0,0,0
SAL21409,0,0,0,0,0,0,0,0,0,0,0,0,0,0,0,0,0,0,0,0,0,0,0,0,0,0,0,0,0,0,0,0,0,0,0,0,0,0,0,0,0,0,0,0,0,0,0,0,0,0,0,0,0,0,0,0,0,0,0,0,0,0,0,0,0,0,0,0,0,0,0,0,0,0,0,0,0,0,0,0,0,0,0,0,0,0,0,0,0,0,0,0,0,0,0,0,0,0,0,0,0,0,0,0,0,0,0,0,0,0,0,0,0,0,0,0,0,0,0,0,0,0,0,0,0,0,0,0,0,0,0,0,0,0,0,0,0,0,0,0,0,0,0,0
SAL21410,0,0,0,0,0,0,0,0,0,0,0,0,0,0,0,0,0,0,0,0,0,0,0,0,0,0,0,0,0,0,0,0,0,0,0,0,0,0,0,0,0,0,0,0,3,0,0,0,0,0,0,0,0,0,0,0,0,0,0,0,0,0,0,0,0,0,0,0,0,0,0,0,0,0,0,0,0,0,0,0,5,0,0,0,0,3,0,0,0,5,0,0,0,0,0,0,0,0,3,0,0,0,0,0,0,0,0,3,0,0,0,0,0,0,0,0,0,0,0,0,0,0,0,0,0,0,0,0,0,0,0,0,0,0,0,0,0,7,8,3,0,0,4,22
SAL21411,313,0,0,0,0,0,0,24,339,260,33,10,3,0,0,0,24,329,201,78,65,26,5,0,0,33,403,135,107,101,48,23,11,5,28,441,91,66,136,67,18,7,10,22,415,61,60,125,72,22,17,8,25,386,44,44,113,63,30,14,10,22,337,38,38,106,80,29,14,18,19,345,34,41,128,81,26,11,7,14,345,21,28,114,64,32,14,3,11,281,8,18,91,60,23,11,10,11,232,4,12,53,42,25,10,0,6,163,0,4,33,22,11,5,7,9,107,0,3,9,19,11,6,0,3,52,3,3,12,11,7,3,13,0,58,1204,539,1115,652,259,120,88,250,4230
SAL21412,184,4,0,0,0,0,0,17,196,123,26,6,6,0,0,0,5,168,88,32,27,17,3,0,0,11,180,46,34,60,32,12,0,0,20,189,37,27,61,41,15,8,0,9,204,25,19,66,48,21,4,3,10,196,16,26,58,54,27,8,0,0,206,28,20,79,65,30,5,10,13,248,13,25,87,73,34,7,8,23,266,25,14,68,75,41,6,4,12,244,20,12,93,78,38,10,5,20,282,25,8,72,64,26,10,5,23,236,15,8,47,67,40,17,6,25,216,7,10,32,26,35,12,9,21,146,9,5,26,33,36,22,21,43,195,663,258,775,672,356,110,73,269,3177
SAL21413,0,0,0,0,0,0,0,0,0,0,0,0,0,0,0,0,0,0,0,0,0,0,0,0,0,0,4,0,0,0,0,0,0,0,0,0,0,0,0,0,0,0,0,0,0,0,0,0,0,0,0,0,0,0,0,0,0,0,0,0,0,0,0,0,0,0,0,0,0,0,0,0,0,0,0,0,0,0,0,0,6,0,0,0,0,0,0,0,0,0,0,0,0,0,0,0,0,0,5,0,0,0,0,0,0,0,0,0,0,0,4,0,0,0,0,0,4,0,0,0,0,0,0,0,0,0,0,0,0,0,0,0,0,0,0,3,3,5,7,4,0,0,3,25
SAL21414,168,0,0,0,0,0,0,17,190,114,6,0,0,0,0,0,16,137,107,20,13,0,0,0,0,17,162,82,38,37,18,4,0,0,9,184,51,43,84,38,7,0,0,9,237,52,35,106,41,7,3,0,8,254,61,35,105,42,16,8,4,15,288,81,37,92,46,20,3,3,21,294,65,29,78,50,13,4,4,10,248,62,27,79,57,23,0,4,13,268,34,34,94,64,28,7,0,9,271,36,22,81,54,23,8,0,19,249,21,11,58,34,25,6,10,12,178,18,16,25,34,21,10,4,10,133,12,11,45,37,25,12,14,18,172,969,353,883,520,212,63,44,214,3257
SAL21415,5,0,0,0,0,0,0,0,5,6,0,0,0,0,0,0,0,6,0,0,0,0,0,0,0,0,0,0,0,0,0,0,0,0,0,0,0,0,0,0,0,0,0,0,5,0,0,0,0,0,0,0,0,8,0,0,0,0,0,0,0,0,4,0,0,0,0,0,0,0,0,3,0,0,0,0,0,0,0,0,0,0,0,3,0,0,0,0,0,11,0,0,0,0,0,0,0,0,6,0,0,4,0,0,0,0,3,4,0,0,0,0,0,0,0,0,5,0,0,0,0,0,0,0,0,0,0,0,0,0,0,0,0,0,0,10,3,10,5,0,0,0,3,44
SAL21416,8,0,0,0,0,0,0,0,11,4,0,0,0,0,0,0,0,8,0,0,0,0,0,0,0,0,4,3,0,3,4,0,0,0,0,12,0,0,3,0,3,4,0,0,14,0,0,0,0,0,0,0,0,12,0,0,7,4,0,0,0,0,11,0,0,5,9,0,0,0,0,15,0,0,7,3,4,0,0,0,13,0,0,5,6,0,0,0,0,12,0,0,0,0,0,0,0,0,4,0,0,3,0,0,0,0,0,11,0,0,0,4,0,0,0,0,7,0,0,3,0,0,0,0,0,4,0,0,0,0,0,0,0,0,0,28,6,35,30,11,7,5,3,129
SAL21417,3,0,0,0,0,0,0,0,3,3,0,0,0,0,0,0,0,3,0,0,0,0,0,0,0,0,7,3,0,0,0,0,0,0,0,3,0,0,0,0,0,0,0,0,0,0,0,0,0,0,0,0,0,7,0,0,3,0,0,0,0,0,4,0,0,0,0,0,0,0,0,7,4,0,4,0,0,0,0,0,15,0,0,0,0,0,0,0,0,9,0,0,0,5,0,0,0,5,7,0,0,0,0,5,0,0,0,3,0,0,3,0,0,0,0,0,3,0,0,0,0,0,0,0,0,0,0,0,0,0,0,0,0,0,0,24,8,18,12,9,0,0,12,73
SAL21418,10,0,0,0,0,0,0,0,10,5,0,0,0,0,0,0,0,5,0,0,0,0,0,0,0,0,0,3,0,6,0,0,0,0,0,4,0,0,0,0,0,0,0,0,3,0,0,0,4,0,0,0,0,4,0,0,0,4,0,0,0,0,7,0,3,0,4,0,0,0,0,3,0,0,3,0,0,0,0,0,3,0,0,0,0,0,0,0,0,0,0,0,0,0,0,0,0,0,0,0,0,0,0,0,0,0,0,0,0,0,0,0,0,0,0,0,0,0,0,0,0,0,0,0,0,5,0,0,0,0,0,0,0,0,3,13,3,10,8,4,0,0,4,43
SAL21419,6,0,0,0,0,0,0,0,8,7,0,0,0,0,0,0,0,8,0,0,0,0,0,0,0,0,0,0,0,3,0,0,0,0,0,6,0,0,3,3,0,0,0,0,11,0,0,7,4,0,0,0,0,18,5,0,3,0,0,0,0,4,7,0,3,10,3,0,0,0,0,14,0,4,7,3,0,0,0,3,11,0,5,5,4,0,0,0,0,16,3,0,3,5,0,0,0,6,10,0,0,0,0,0,0,0,0,6,0,0,8,4,0,0,0,4,11,0,0,0,0,0,0,0,0,0,0,0,0,0,0,0,0,0,6,26,10,51,25,6,4,3,21,147
SAL21420,0,0,0,0,0,0,0,3,5,4,0,0,0,0,0,0,0,4,0,0,0,0,0,0,0,0,0,0,0,7,0,0,0,0,0,11,0,0,0,0,0,0,0,0,9,4,0,3,0,0,0,0,0,6,0,0,5,0,0,0,0,0,5,5,0,9,0,0,3,0,3,18,0,0,0,7,0,0,0,3,11,0,0,3,0,0,0,0,0,8,0,0,0,0,0,0,0,0,9,0,0,0,3,0,0,0,0,4,0,0,0,3,0,0,0,0,6,0,0,0,0,0,0,0,0,8,0,0,0,0,0,0,0,0,0,20,8,29,18,15,0,5,16,111
SAL21421,3,0,0,0,0,0,0,0,3,4,0,0,0,0,0,0,0,4,0,0,0,0,0,0,0,0,0,0,0,0,0,0,0,0,0,0,0,0,0,0,0,0,0,0,7,0,0,0,0,0,0,0,0,0,0,0,0,0,0,0,0,0,4,0,0,0,0,0,0,0,0,7,0,0,4,3,0,0,0,0,11,0,0,4,0,0,0,0,0,3,0,0,8,0,0,0,0,0,7,0,0,0,0,0,0,0,0,3,0,0,0,0,0,0,0,0,0,0,0,0,0,0,0,0,0,0,0,0,0,0,0,0,0,0,0,15,5,16,5,0,0,0,0,48
SAL21422,0,0,0,0,0,0,0,0,0,0,0,0,0,0,0,0,0,0,0,0,0,0,0,0,0,0,0,0,0,0,0,0,0,0,0,0,0,0,0,0,0,0,0,0,0,0,0,0,0,0,0,0,0,0,0,0,0,0,0,0,0,0,0,0,0,0,0,0,0,0,0,0,0,0,0,0,0,0,0,0,0,0,0,0,0,0,0,0,0,0,0,0,0,0,0,0,0,0,0,0,0,0,0,0,0,0,0,0,0,0,0,0,0,0,0,0,0,0,0,0,0,0,0,0,0,0,0,0,0,0,0,0,0,0,0,0,0,0,0,0,0,0,0,0
SAL21423,0,0,0,0,0,0,0,0,0,0,0,0,0,0,0,0,0,0,0,0,0,0,0,0,0,0,0,0,0,0,0,0,0,0,0,0,0,0,0,0,0,0,0,0,0,0,0,0,0,0,0,0,0,0,0,0,0,0,0,0,0,0,0,0,0,0,0,0,0,0,0,0,0,0,0,0,0,0,0,0,0,0,0,0,0,0,0,0,0,0,0,0,0,0,0,0,0,0,0,0,0,0,0,0,0,0,0,0,0,0,0,0,0,0,0,0,0,0,0,0,0,0,0,0,0,0,0,0,0,0,0,0,0,0,0,0,0,0,0,0,0,0,0,3
SAL21424,0,0,0,0,0,0,0,0,0,0,0,0,0,0,0,0,0,0,0,0,0,0,0,0,0,0,0,0,0,0,0,0,0,0,0,0,0,0,0,0,0,0,0,0,0,0,0,0,0,0,0,0,0,0,0,0,0,0,0,0,0,0,0,0,0,0,0,0,0,0,0,0,0,0,0,0,0,0,0,0,0,0,0,0,0,0,0,0,0,0,0,0,0,0,0,0,0,0,0,0,0,0,0,0,0,0,0,0,0,0,0,0,0,0,0,0,0,0,0,0,0,0,0,0,0,0,0,0,0,0,0,0,0,0,0,0,0,0,0,0,0,0,0,7
SAL21425,5,0,0,0,0,0,0,0,3,0,0,0,0,0,0,0,0,0,0,0,0,0,0,0,0,0,0,0,0,0,0,0,0,0,0,0,0,0,0,0,0,0,0,0,0,0,0,0,0,0,0,0,0,4,0,0,0,0,0,0,0,0,6,0,0,0,3,0,0,0,0,3,0,0,0,0,0,0,0,0,3,0,0,0,0,0,0,0,0,0,0,0,0,0,0,0,0,0,0,0,0,0,0,0,0,0,0,0,0,0,0,0,0,0,0,0,0,0,0,0,0,0,0,0,0,0,0,0,0,0,0,0,0,0,0,5,0,4,6,3,0,0,5,17
SAL21426,5,0,0,0,0,0,0,0,5,7,0,0,0,0,0,0,0,7,3,0,0,0,0,0,0,0,3,0,0,0,0,0,0,0,0,3,0,0,0,0,0,0,0,0,0,0,0,0,0,0,0,0,0,3,0,0,6,3,0,0,0,0,7,0,0,0,0,0,0,0,0,4,0,0,0,0,4,0,0,0,4,0,0,6,3,0,0,0,0,9,0,0,0,0,6,0,0,0,9,0,0,0,0,0,0,0,0,3,0,0,0,3,0,0,0,0,0,0,0,0,0,0,0,0,0,0,0,0,0,0,0,0,0,0,0,18,0,16,11,3,0,3,5,63
SAL21427,25,0,0,0,0,0,0,0,28,22,4,4,0,0,0,0,7,27,11,0,0,0,0,0,0,5,22,15,7,11,3,3,0,0,0,34,3,5,8,10,0,0,0,3,21,4,5,5,3,0,0,0,5,20,0,0,6,7,10,0,0,0,31,4,3,3,5,4,0,0,4,23,3,0,7,12,6,0,4,8,46,4,4,13,9,3,0,0,5,37,0,4,12,9,0,0,0,0,28,0,4,11,11,3,0,0,5,26,0,3,6,7,9,0,0,0,25,0,0,0,7,5,0,0,3,16,0,0,0,3,0,0,0,4,11,85,32,92,93,34,5,3,48,403
SAL21428,10,0,0,0,0,0,0,0,10,0,0,0,0,0,0,0,0,4,0,0,0,0,0,0,0,0,7,0,0,6,0,0,0,0,0,6,0,3,8,6,0,0,0,3,17,0,0,4,0,0,0,0,0,9,4,0,6,0,6,0,0,0,12,4,0,3,6,0,0,0,0,16,0,0,0,3,5,0,0,0,15,4,0,0,8,3,0,0,0,15,0,0,0,5,3,0,0,0,7,0,0,4,8,0,0,0,4,14,0,0,3,4,0,0,0,0,10,0,0,0,0,3,0,0,0,4,0,0,0,0,4,0,0,0,3,24,6,41,34,15,3,7,13,140
SAL21429,9,0,0,0,0,0,0,0,9,6,0,0,0,0,0,0,0,6,0,3,3,0,0,0,0,0,7,6,0,0,0,0,0,0,0,9,3,0,8,3,0,0,0,3,16,0,0,4,6,0,0,0,0,6,0,0,4,3,0,0,0,0,13,0,0,3,3,0,0,0,0,10,0,6,8,0,0,0,0,0,16,3,4,0,3,0,0,0,0,12,0,0,14,4,0,0,0,0,20,3,3,10,6,8,0,0,5,32,0,0,3,0,5,0,0,0,14,0,0,0,0,0,0,0,0,5,0,0,3,0,0,0,0,0,6,40,24,61,37,11,4,0,11,184
SAL21430,5,0,0,0,0,0,0,0,5,0,0,0,0,0,0,0,0,0,0,0,0,0,0,0,0,0,0,0,0,3,0,0,0,0,0,3,0,0,0,0,0,0,0,0,0,0,0,0,0,0,0,0,0,4,0,0,4,0,0,3,0,3,6,0,0,3,0,4,0,0,0,10,0,0,4,4,0,0,0,0,11,0,0,0,0,0,0,0,0,0,0,0,0,3,0,0,0,0,6,0,0,0,0,4,0,0,0,6,0,0,4,0,0,0,0,0,9,0,0,0,0,0,0,0,0,0,0,0,0,0,0,0,0,0,0,9,4,26,10,9,3,0,5,65
SAL21431,0,0,0,0,0,0,0,0,0,0,0,0,0,0,0,0,0,0,0,0,0,0,0,0,0,0,0,0,0,0,0,0,0,0,0,0,0,0,0,0,0,0,0,0,0,0,0,0,0,0,0,0,0,0,0,0,0,0,0,0,0,0,0,0,0,0,0,0,0,0,0,0,0,0,0,0,0,0,0,0,0,0,0,0,0,0,0,0,0,0,0,0,0,0,0,0,0,0,0,0,0,0,0,0,0,0,0,0,0,0,0,0,0,0,0,0,0,0,0,0,0,0,0,0,0,0,0,0,0,0,0,0,0,0,0,0,0,0,0,0,0,0,0,0
SAL21432,0,0,0,0,0,0,0,0,0,0,0,0,0,0,0,0,0,0,0,0,0,0,0,0,0,0,0,0,0,0,0,0,0,0,0,0,0,0,0,0,0,0,0,0,0,0,0,0,0,0,0,0,0,0,0,0,4,0,0,0,0,0,4,0,0,0,0,0,0,0,0,0,0,0,0,0,0,0,0,0,0,0,0,0,0,0,0,0,0,0,0,0,0,0,0,0,0,0,0,0,0,0,0,0,0,0,0,0,0,0,0,0,0,0,0,0,0,0,0,0,0,0,0,0,0,0,0,0,0,0,0,0,0,0,0,0,0,4,0,0,0,0,0,6
SAL21433,0,0,0,0,0,0,0,0,0,0,0,0,0,0,0,0,0,0,0,0,0,0,0,0,0,0,0,0,0,0,0,0,0,0,0,0,0,0,0,0,0,0,0,0,0,0,0,0,0,0,0,0,0,0,0,0,0,0,0,0,0,0,0,0,0,0,0,0,0,0,0,0,0,0,0,0,0,0,0,0,0,0,0,0,0,0,0,0,0,0,0,0,0,0,0,0,0,0,0,0,0,0,0,0,0,0,0,0,0,0,0,0,0,0,0,0,0,0,0,0,0,0,0,0,0,0,0,0,0,0,0,0,0,0,0,0,0,0,0,0,0,0,0,0
SAL21434,0,0,0,0,0,0,0,0,0,0,0,0,0,0,0,0,0,0,0,0,0,0,0,0,0,0,0,0,0,0,0,0,0,0,0,0,0,0,0,0,0,0,0,0,0,0,0,0,0,0,0,0,0,0,0,0,0,0,0,0,0,0,0,0,0,0,0,0,0,0,0,0,0,0,0,0,0,0,0,0,4,0,0,0,0,0,0,0,0,0,0,0,0,0,0,0,0,0,0,0,0,0,0,0,0,0,0,0,0,0,0,0,0,0,0,0,0,0,0,0,0,0,0,0,0,0,0,0,0,0,0,0,0,0,0,0,0,4,0,0,0,0,0,8
SAL21435,77,0,0,0,0,0,0,0,77,38,0,0,0,0,0,0,3,35,17,5,0,0,0,0,0,6,28,15,11,3,3,0,0,0,0,38,5,11,15,3,0,0,0,0,35,0,18,20,3,3,0,0,0,47,7,18,30,10,0,0,0,0,60,7,10,46,15,7,3,0,0,83,7,9,29,21,0,3,0,0,73,8,7,23,17,8,3,0,0,65,8,8,33,11,4,0,0,0,63,6,6,25,25,14,3,0,3,78,0,3,24,23,7,4,4,3,72,0,3,20,7,14,0,0,0,45,3,3,8,8,6,3,0,4,35,214,106,270,150,53,24,7,24,850
SAL21436,0,0,0,0,0,0,0,0,3,0,0,0,0,0,0,0,0,0,0,0,0,0,0,0,0,0,0,0,0,0,0,0,0,0,0,0,0,0,0,0,0,0,0,0,0,0,0,0,0,0,0,0,0,0,0,0,0,0,0,0,0,0,0,0,0,0,0,0,0,0,0,4,0,0,0,0,0,0,0,0,0,0,0,0,0,0,0,0,0,0,0,0,0,0,0,0,0,0,0,0,0,0,0,0,0,0,0,0,0,0,0,0,0,0,0,0,0,0,0,0,0,0,0,0,0,0,0,0,0,0,0,0,0,0,0,0,0,0,3,3,0,0,0,12
SAL21437,0,0,0,0,0,0,0,0,0,0,0,0,0,0,0,0,0,0,0,0,0,0,0,0,0,0,0,0,0,0,0,0,0,0,0,6,0,0,0,0,0,0,0,0,0,0,0,0,0,0,0,0,0,0,0,0,0,0,0,0,0,0,4,0,0,0,0,0,0,0,0,3,0,0,4,0,0,0,0,0,5,0,0,0,0,0,0,0,0,0,0,0,0,0,0,0,0,0,0,0,0,3,0,0,0,0,0,3,0,0,0,0,0,0,0,0,0,0,0,0,0,0,0,0,0,0,0,0,0,0,0,0,0,0,0,8,3,4,9,3,0,0,0,22
SAL21438,0,0,0,0,0,0,0,0,0,0,0,0,0,0,0,0,0,0,0,0,0,0,0,0,0,0,0,0,0,0,0,0,0,0,0,0,0,0,0,0,0,0,0,0,0,0,0,0,0,0,0,0,0,0,0,0,0,0,0,0,0,0,0,0,0,0,0,0,0,0,0,0,0,0,0,0,0,0,0,0,0,0,0,0,0,0,0,0,0,0,0,0,0,0,0,0,0,0,0,0,0,0,0,0,0,0,0,0,0,0,0,0,0,0,0,0,4,0,0,0,0,0,0,0,0,0,0,0,0,0,0,0,0,0,0,0,0,5,0,0,0,0,0,7
SAL21439,0,0,0,0,0,0,0,0,0,0,0,0,0,0,0,0,0,0,0,0,0,0,0,0,0,0,0,0,0,0,0,0,0,0,0,0,0,0,0,0,0,0,0,0,0,0,0,0,0,0,0,0,0,0,0,0,0,0,0,0,0,0,0,0,0,0,0,0,0,0,0,0,0,0,0,0,0,0,0,0,0,0,0,0,0,0,0,0,0,0,0,0,0,0,0,0,0,0,0,0,0,0,0,0,0,0,0,0,0,0,0,0,0,0,0,0,5,0,0,0,0,0,0,0,0,0,0,0,0,0,0,0,0,0,0,4,0,0,3,0,0,0,0,12
SAL21440,0,0,0,0,0,0,0,0,0,0,0,0,0,0,0,0,0,0,0,0,0,0,0,0,0,0,0,0,0,0,0,0,0,0,0,0,0,0,0,0,0,0,0,0,0,0,0,0,0,0,0,0,0,0,0,0,0,0,0,0,0,0,0,0,0,0,0,0,0,0,0,0,0,0,0,0,0,0,0,0,3,0,0,0,0,0,0,0,0,4,0,0,0,0,0,0,0,0,6,0,0,0,0,0,0,0,0,0,0,0,0,0,0,0,0,0,0,0,0,0,0,0,0,0,0,0,0,0,0,0,0,0,0,0,0,0,0,4,3,0,0,0,7,18
SAL21441,3,0,0,0,0,0,0,0,4,0,0,0,0,0,0,0,0,0,0,0,0,0,0,0,0,0,0,0,0,3,0,0,0,0,0,3,0,0,0,0,0,0,0,0,0,0,0,0,0,0,0,0,0,6,0,0,0,0,0,0,0,0,0,0,0,0,0,0,0,0,0,0,0,0,0,0,0,0,0,0,0,0,0,0,0,0,0,0,0,3,0,0,0,0,0,0,0,0,0,0,0,0,0,0,0,0,0,0,0,0,0,0,0,0,0,0,0,0,0,0,0,0,0,0,0,0,0,0,0,0,0,0,0,0,0,5,4,7,0,4,0,0,6,20
SAL21442,0,0,0,0,0,0,0,0,0,0,0,0,0,0,0,0,0,0,0,0,0,0,0,0,0,0,0,0,0,0,0,0,0,0,0,0,0,0,0,0,0,0,0,0,0,0,0,0,0,0,0,0,0,3,0,0,3,0,0,0,0,0,3,0,0,0,0,0,0,0,0,3,0,0,0,0,0,0,0,0,4,0,0,0,3,0,0,0,0,4,0,0,0,0,0,0,0,0,0,3,0,0,0,0,0,0,0,4,0,0,0,0,0,0,0,0,0,0,0,0,0,0,0,0,0,0,0,0,0,0,0,0,0,0,0,6,0,4,3,4,0,0,3,23
SAL21443,0,0,0,0,0,0,0,0,0,0,0,0,0,0,0,0,0,0,0,0,0,0,0,0,0,0,0,0,0,0,0,0,0,0,0,0,0,0,0,0,0,0,0,0,0,0,0,0,0,0,0,0,0,0,0,0,0,0,0,0,0,0,0,0,0,0,0,0,0,0,0,0,0,0,0,0,0,0,0,0,0,0,0,0,0,0,0,0,0,0,0,0,0,0,0,0,0,0,0,0,0,0,0,0,0,0,0,0,0,0,0,0,0,0,0,0,0,0,0,0,0,0,0,0,0,0,0,0,0,0,0,0,0,0,0,0,0,0,0,0,0,0,0,0
SAL21444,26,0,0,0,0,0,0,0,30,13,0,0,0,0,0,0,0,11,11,9,0,0,0,0,0,0,16,7,3,0,3,0,0,0,0,12,7,0,6,4,3,0,0,0,20,0,5,10,0,0,0,0,0,16,0,4,5,8,4,0,0,0,30,6,3,11,6,0,0,0,0,35,3,4,12,11,3,0,0,6,40,5,6,16,5,5,0,0,0,38,4,3,13,13,4,3,0,0,39,3,0,12,3,6,0,0,5,29,0,0,10,8,4,3,0,3,28,4,0,0,0,6,0,0,0,14,0,0,0,0,3,0,0,0,3,90,44,98,73,35,6,0,19,366
SAL21445,0,0,0,0,0,0,0,0,0,0,0,0,0,0,0,0,0,0,0,0,0,0,0,0,0,0,0,0,0,0,0,0,0,0,0,0,0,0,0,0,0,0,0,0,0,0,0,0,0,0,0,0,0,0,0,0,0,0,0,0,0,0,0,0,0,0,0,0,0,0,0,0,0,0,0,0,0,0,0,0,0,0,0,0,0,0,0,0,0,0,0,0,0,0,0,0,0,0,0,0,0,0,0,0,0,0,0,0,0,0,0,0,0,0,0,0,0,0,0,0,0,0,0,0,0,0,0,0,0,0,0,0,0,0,0,0,0,0,0,0,0,0,0,0
SAL21446,0,0,0,0,0,0,0,0,0,0,0,0,0,0,0,0,0,0,0,0,0,0,0,0,0,0,0,0,0,0,0,0,0,0,0,0,0,0,0,0,0,0,0,0,0,0,0,0,0,0,0,0,0,0,0,0,0,0,0,0,0,0,0,0,0,0,0,0,0,0,0,0,0,0,0,0,0,0,0,0,0,0,0,0,0,0,0,0,0,0,0,0,0,0,0,0,0,0,0,0,0,0,0,0,0,0,0,0,0,0,0,0,0,0,0,0,0,0,0,0,0,0,0,0,0,0,0,0,0,0,0,0,0,0,0,0,0,0,0,0,0,0,0,0
SAL21447,73,0,0,0,0,0,0,8,76,60,0,3,0,0,0,0,0,64,33,4,0,0,0,0,0,0,39,27,9,8,0,0,0,0,3,39,20,3,17,17,0,0,0,5,69,11,10,32,15,8,3,0,0,80,15,16,28,17,11,3,0,3,87,21,12,35,26,8,3,0,6,105,18,10,34,26,8,5,3,15,113,15,6,42,24,11,0,0,7,111,15,11,50,35,16,3,0,3,130,21,4,32,22,18,10,5,12,116,8,3,36,28,15,0,0,11,96,13,4,15,29,12,0,9,5,89,11,3,14,22,20,12,19,19,124,360,96,338,266,124,48,29,94,1350
SAL21448,0,0,0,0,0,0,0,0,0,0,0,0,0,0,0,0,0,0,0,0,0,0,0,0,0,0,0,0,0,0,0,0,0,0,0,0,0,0,0,0,0,0,0,0,0,0,0,0,0,0,0,0,0,0,0,0,0,0,0,0,0,0,0,0,0,0,0,0,0,0,0,0,0,0,0,0,0,0,0,0,0,0,0,0,0,0,0,0,0,0,0,0,0,0,0,0,0,0,0,0,0,0,0,0,0,0,0,0,0,0,0,0,0,0,0,0,0,0,0,0,0,0,0,0,0,0,0,0,0,0,0,0,0,0,0,0,0,0,0,0,0,0,0,0
SAL21449,90,0,0,0,0,0,0,22,114,50,4,4,0,0,0,0,10,82,44,22,15,13,0,0,0,17,112,27,16,37,17,0,0,0,8,108,17,12,36,27,16,0,4,18,129,22,14,38,24,6,5,4,7,121,22,9,30,26,8,0,0,12,115,18,14,44,29,6,0,3,13,138,28,20,68,37,16,9,4,18,194,25,22,54,55,16,12,0,28,217,20,24,80,77,30,12,3,21,269,23,20,109,57,20,9,4,22,255,14,12,44,53,24,5,3,19,177,6,3,30,30,12,12,11,19,116,4,3,25,33,19,14,7,15,122,406,209,609,481,179,67,52,260,2263
SAL21450,12,0,0,0,0,0,0,0,12,8,0,0,0,0,0,0,0,5,8,0,0,0,0,0,0,0,9,7,0,3,3,0,0,0,0,18,0,0,10,3,3,0,0,0,21,0,0,7,0,3,0,0,0,15,8,0,12,0,0,0,0,4,23,7,5,9,5,0,0,4,3,34,4,0,10,3,4,0,0,0,26,5,0,7,4,4,0,0,0,31,0,5,8,4,0,0,0,0,12,3,0,5,5,0,0,0,0,9,0,0,0,0,0,0,0,0,3,0,0,0,0,0,0,0,0,3,0,0,0,0,0,0,0,0,0,60,15,74,40,21,3,3,20,232
SAL21451,3,0,0,0,0,0,0,0,3,0,0,0,0,0,0,0,0,0,0,0,0,0,0,0,0,0,0,0,0,0,0,0,0,0,0,0,0,0,0,0,0,0,0,0,0,0,0,0,0,0,0,0,0,3,0,0,0,0,0,0,0,0,3,0,0,0,3,0,0,0,0,9,0,0,0,0,3,0,0,0,9,0,0,3,6,0,0,0,0,11,0,0,0,3,0,0,0,0,8,0,0,0,0,0,0,0,0,0,0,0,0,0,0,0,0,0,0,0,0,0,0,0,0,0,0,0,0,0,0,0,0,0,0,0,4,8,4,6,19,5,3,0,3,53
SAL21452,504,0,0,0,0,0,0,66,574,626,23,12,0,0,0,0,72,737,548,115,69,17,3,0,0,68,828,343,201,211,72,20,4,0,58,907,172,182,299,118,46,8,10,51,898,136,129,246,139,46,18,8,39,761,123,99,224,107,46,24,15,40,692,114,65,208,113,65,22,19,38,633,60,75,217,114,37,21,17,25,569,60,59,226,144,36,20,14,29,590,30,60,196,170,64,11,13,32,586,28,42,214,150,51,18,16,32,548,18,16,191,118,54,14,20,28,455,8,22,120,126,41,20,21,31,388,7,20,135,103,40,14,24,21,367,2799,1107,2568,1500,552,197,185,633,9544
SAL21453,0,0,0,0,0,0,0,0,0,0,0,0,0,0,0,0,0,0,0,0,0,0,0,0,0,0,0,0,0,0,0,0,0,0,0,0,0,0,0,0,0,0,0,0,0,0,0,0,0,0,0,0,0,0,0,0,0,0,0,0,0,0,0,0,0,0,0,0,0,0,0,0,3,0,0,0,0,0,0,0,4,0,0,0,0,0,0,0,0,0,0,0,0,0,0,0,0,0,7,0,0,0,0,0,0,0,0,0,0,0,0,0,0,0,0,0,3,0,0,0,0,0,0,0,0,0,0,0,0,0,0,0,0,0,0,9,0,5,4,4,0,0,0,22
SAL21454,7,0,0,0,0,0,0,0,11,8,0,0,0,0,0,0,0,10,3,0,0,0,0,0,0,0,10,0,5,3,0,0,0,0,0,8,0,0,4,0,0,0,0,0,9,0,0,8,0,0,0,0,4,15,0,3,9,3,0,0,0,0,19,0,3,4,9,0,0,0,0,22,0,0,5,5,4,0,0,5,19,0,0,0,0,4,0,0,7,10,0,0,0,3,0,4,0,0,14,0,0,3,4,0,0,0,5,10,0,0,0,3,0,0,0,0,9,0,0,0,0,0,0,0,0,6,0,0,0,0,0,0,0,0,0,29,13,41,31,13,4,0,21,163
SAL21455,0,0,0,0,0,0,0,0,3,0,0,0,0,0,0,0,0,0,6,0,0,0,0,0,0,0,3,4,0,0,0,0,0,0,0,4,0,0,0,0,0,0,0,0,4,0,0,0,0,0,0,0,0,4,0,0,0,0,0,0,0,0,4,0,5,3,0,0,4,0,0,9,0,0,3,4,0,0,0,0,11,0,0,0,0,0,0,0,0,7,0,0,0,0,0,0,0,0,4,0,0,0,0,0,0,0,0,3,0,0,0,0,0,0,0,0,0,0,0,0,0,0,0,0,0,0,0,0,0,0,0,0,0,0,0,9,4,20,10,6,6,0,6,59
SAL21456,77,0,0,0,0,0,0,9,79,60,0,0,0,0,0,0,5,69,39,14,9,0,0,0,0,4,67,30,27,31,6,0,0,0,5,99,19,13,35,14,4,0,0,6,87,14,6,37,12,9,0,0,6,88,18,13,34,19,11,4,0,5,101,16,8,37,19,8,0,0,0,97,15,6,27,16,9,3,0,8,92,20,11,39,26,9,3,3,3,119,6,10,36,23,8,0,0,0,87,10,9,20,13,7,4,0,9,70,4,5,15,18,5,0,0,6,49,0,3,6,6,0,0,0,4,19,0,0,0,3,8,0,0,0,19,325,131,332,181,75,19,12,66,1134
SAL21457,6,0,0,0,0,0,0,4,10,0,0,0,0,0,0,0,0,0,0,0,0,0,0,0,0,0,0,0,0,0,3,0,0,0,0,7,0,0,6,0,0,0,0,0,9,0,0,0,0,0,0,0,0,7,0,0,0,0,0,0,0,0,5,0,0,0,0,0,0,0,7,11,0,0,0,0,0,0,0,0,4,0,0,0,5,0,0,0,0,6,0,0,4,4,4,0,0,0,10,0,0,3,3,0,0,0,3,7,0,0,0,0,0,0,0,0,4,0,0,0,0,0,0,0,0,3,0,0,0,0,0,0,0,0,3,14,4,19,19,13,0,3,13,76
SAL21458,0,0,0,0,0,0,0,0,0,0,0,0,0,0,0,0,0,0,0,0,0,0,0,0,0,0,0,0,0,0,0,0,0,0,0,0,0,0,4,0,0,0,0,0,0,0,0,0,0,0,0,0,0,0,0,0,0,0,0,0,0,0,0,0,0,0,0,0,0,0,0,0,0,0,0,0,0,0,0,0,0,0,0,0,0,0,0,0,0,0,0,0,0,0,0,0,0,0,0,0,0,0,0,0,0,0,0,0,0,0,0,3,0,0,0,0,4,0,0,0,0,0,0,0,0,0,0,0,0,0,0,0,0,0,0,4,0,6,3,0,0,0,0,19
SAL21459,67,0,0,0,0,0,0,5,77,59,4,3,0,0,0,0,3,76,56,29,20,8,0,0,0,0,116,39,16,37,16,0,0,0,9,113,13,18,27,20,6,0,5,5,89,5,8,26,20,0,0,0,8,66,5,12,24,15,11,5,5,4,76,11,5,22,9,15,0,5,6,76,6,9,27,14,7,0,0,9,78,5,9,16,13,8,0,0,8,59,5,6,20,7,5,0,0,5,46,0,3,22,17,9,4,3,0,57,0,6,11,11,3,0,0,3,41,0,0,11,3,0,0,5,0,21,0,0,5,3,5,0,0,0,26,275,113,268,165,81,21,23,73,1013
SAL21460,0,0,0,0,0,0,0,0,0,3,0,0,0,0,0,0,0,3,0,4,0,0,0,0,0,0,0,0,0,3,0,0,0,0,0,7,0,0,0,0,0,0,0,0,0,0,0,0,0,0,0,0,0,0,0,0,0,0,0,0,0,0,0,0,0,0,0,0,0,0,0,0,0,0,0,0,5,0,0,0,6,0,0,4,0,0,0,0,0,6,0,0,4,0,0,0,0,0,3,0,0,0,0,0,0,0,0,0,0,0,0,0,0,0,0,0,0,0,0,0,0,0,0,0,0,0,0,0,0,0,0,0,0,0,0,8,0,15,7,7,0,0,0,36
SAL21461,0,0,0,0,0,0,0,0,0,0,0,0,0,0,0,0,0,0,0,0,0,0,0,0,0,0,0,0,0,0,0,0,0,0,0,0,0,0,0,0,0,0,0,0,0,0,0,0,0,0,0,0,0,0,0,0,0,0,0,0,0,0,0,0,0,0,0,0,0,0,0,0,0,0,0,0,0,0,0,0,0,0,0,0,0,0,0,0,0,4,0,0,0,0,3,0,0,0,3,0,0,0,0,0,0,0,0,0,0,0,0,0,0,0,0,0,0,0,0,0,0,0,0,0,0,0,0,0,0,0,0,0,0,0,0,5,3,3,0,3,0,0,0,9
SAL21462,0,0,0,0,0,0,0,0,0,6,0,0,0,0,0,0,0,6,0,0,0,0,0,0,0,0,0,0,0,0,0,0,0,0,5,4,0,0,0,0,0,0,0,0,0,0,0,0,0,0,0,0,0,0,0,0,0,0,0,0,0,0,6,0,0,0,0,0,0,0,0,0,0,0,0,0,0,0,0,0,0,0,0,0,0,0,0,0,0,6,0,0,0,0,0,0,0,0,0,0,0,0,0,0,0,0,0,0,0,0,0,0,0,0,0,0,0,0,0,0,0,0,0,0,0,0,0,0,0,0,0,0,0,0,0,3,0,0,0,0,0,0,9,15
SAL21463,0,0,0,0,0,0,0,0,0,0,0,0,0,0,0,0,0,0,0,0,0,0,0,0,0,0,0,0,0,0,0,0,0,0,0,4,0,0,0,0,0,0,0,0,0,0,0,0,0,0,0,0,0,0,0,0,0,0,0,0,0,0,0,0,0,0,0,0,0,0,0,0,0,0,0,0,0,0,0,0,0,0,0,0,0,0,0,0,0,0,0,0,0,0,0,0,0,0,0,0,0,0,0,0,0,0,0,0,0,0,0,0,0,0,0,0,0,0,0,0,0,0,0,0,0,0,0,0,0,0,0,0,0,0,0,4,0,3,4,0,0,0,0,7
SAL21464,7,0,0,0,0,0,0,0,7,3,0,0,0,0,0,0,0,3,4,0,0,0,0,0,0,0,5,0,0,0,0,0,0,0,0,3,0,0,0,0,0,0,0,0,4,0,0,0,0,0,0,0,0,0,0,0,0,0,0,0,0,0,0,0,6,0,3,0,0,0,0,8,0,0,3,5,0,0,0,0,9,0,0,0,0,0,0,0,0,0,0,0,0,0,0,0,0,0,3,0,0,0,0,0,0,0,0,0,0,0,0,0,0,0,0,0,4,0,0,0,0,0,0,0,0,0,0,0,0,0,0,0,0,0,0,10,4,8,13,6,0,0,0,42
SAL21465,0,0,0,0,0,0,0,0,0,0,0,0,0,0,0,0,0,0,0,0,0,0,0,0,0,0,0,0,0,0,0,0,0,0,0,0,0,0,0,0,0,0,0,0,0,0,0,0,0,0,0,0,0,0,0,0,0,0,0,0,0,0,0,0,0,0,0,0,0,0,0,0,0,0,0,0,0,0,0,0,0,0,0,0,0,0,0,0,0,3,0,0,4,0,0,0,0,0,4,0,0,0,0,0,0,0,0,0,0,0,0,0,0,0,0,0,0,0,0,0,0,0,0,0,0,0,0,0,0,0,0,0,0,0,4,7,3,7,3,0,0,0,0,21
SAL21466,0,0,0,0,0,0,0,0,4,0,0,0,0,0,0,0,0,0,0,0,0,0,0,0,0,0,0,5,0,0,0,0,0,0,0,5,0,4,0,0,0,0,0,0,5,0,0,0,0,0,0,0,0,0,0,0,4,0,0,0,0,0,3,0,0,0,0,0,0,0,0,8,0,0,0,0,0,0,0,0,6,3,0,0,0,0,0,0,0,9,0,0,3,0,0,0,0,7,12,0,0,0,0,3,0,0,0,3,0,0,0,3,0,0,0,0,5,0,0,0,0,0,0,0,0,0,0,0,0,0,0,0,0,0,0,8,7,9,4,4,0,0,12,48
SAL21467,636,0,0,0,0,0,0,51,695,578,18,8,0,0,0,0,33,638,499,117,65,22,4,0,0,34,736,327,224,214,55,15,4,0,25,865,163,152,339,161,38,12,4,44,908,84,121,349,174,37,7,4,23,801,104,114,335,168,51,11,5,34,816,101,89,355,208,44,9,4,30,830,68,104,343,226,59,18,8,18,839,59,71,316,217,60,12,11,15,755,43,62,264,139,61,11,11,31,631,25,47,189,154,46,12,5,15,489,20,24,119,103,49,15,3,21,353,11,8,68,66,42,21,9,21,245,7,19,55,49,36,15,15,25,221,2728,1168,3023,1738,540,134,79,408,9812
SAL21468,52,0,0,0,0,0,0,4,52,47,0,0,0,0,0,0,4,56,18,7,0,0,0,0,0,0,29,6,9,0,0,0,0,0,0,15,5,0,21,10,0,0,0,0,39,12,0,21,16,4,0,0,0,58,8,6,25,23,4,0,0,3,66,4,3,25,15,3,0,0,0,55,11,3,22,19,6,0,0,6,55,3,7,20,5,3,0,0,0,41,3,9,13,6,0,0,0,0,34,0,3,9,11,0,0,0,0,21,3,5,4,3,0,0,0,0,14,0,0,0,0,0,0,0,0,6,0,0,3,4,0,0,0,0,11,171,51,166,107,23,5,0,20,546
SAL21469,466,0,0,0,0,0,0,29,496,411,24,6,0,0,0,0,29,464,382,101,70,21,9,0,0,27,613,226,176,174,78,23,4,0,28,704,167,132,259,106,28,10,3,20,717,98,99,224,111,37,5,3,24,598,75,76,267,113,39,11,10,27,621,77,71,246,147,37,3,9,10,605,60,48,210,111,34,8,6,9,488,48,38,165,123,39,15,11,15,456,43,46,177,133,53,9,9,23,488,27,28,155,121,44,14,4,19,420,15,17,82,59,42,16,11,19,254,3,9,49,38,32,15,13,16,176,12,10,37,43,43,12,13,8,183,2110,874,2119,1204,453,132,87,316,7292
SAL21470,4,0,0,0,0,0,0,0,3,0,0,0,0,0,0,0,0,0,0,0,0,0,0,0,0,0,0,0,4,0,0,0,0,0,0,0,4,0,0,0,0,0,0,3,3,0,0,0,0,0,0,0,0,0,0,0,0,0,0,0,0,0,0,0,0,0,3,0,0,0,0,5,0,0,0,3,0,0,0,3,6,0,0,0,0,0,0,0,0,4,4,0,0,0,4,0,0,0,9,0,0,0,0,0,0,0,0,7,0,0,0,3,0,0,0,0,8,0,0,0,0,0,0,0,0,0,0,0,0,0,0,0,0,0,0,12,3,8,12,8,0,0,7,48
SAL21471,3,0,0,0,0,0,0,0,3,0,0,0,0,0,0,0,0,0,0,0,0,0,0,0,0,0,4,0,0,0,0,0,0,0,0,4,0,0,3,0,0,0,0,0,11,0,0,3,4,0,0,0,0,8,0,5,0,0,0,0,0,0,12,0,4,0,0,0,0,0,0,8,0,0,0,0,6,0,0,0,9,0,0,6,3,4,0,0,0,7,0,0,0,0,3,0,0,0,4,0,0,3,4,0,0,0,0,8,0,0,0,0,0,0,0,0,3,0,0,0,0,0,0,0,0,0,0,0,0,0,0,0,0,0,0,11,7,17,16,11,4,0,4,71
SAL21472,4,0,0,0,0,0,0,0,4,0,0,0,0,0,0,0,0,0,4,0,0,0,0,0,0,0,4,0,0,0,0,0,0,0,0,0,0,0,0,0,0,0,0,0,0,0,0,0,0,0,0,0,0,3,0,0,0,0,0,0,0,0,0,0,0,0,0,4,0,0,0,3,0,0,0,6,0,0,0,0,4,0,0,0,3,0,0,0,0,3,0,0,0,0,0,0,0,0,3,0,0,0,0,0,0,0,0,0,0,0,0,0,0,0,0,0,0,0,0,0,0,0,0,0,3,3,0,0,0,0,0,0,0,0,0,4,3,4,15,3,0,0,3,39
SAL21473,81,0,0,0,0,0,0,9,97,60,3,3,0,0,0,0,3,70,52,20,16,4,0,0,0,5,104,22,18,26,12,3,0,0,0,83,10,7,28,12,7,0,0,4,64,13,5,29,17,6,0,0,5,80,10,10,26,17,10,0,4,3,84,12,6,31,18,12,3,4,0,87,13,8,36,11,5,7,5,5,90,11,5,29,17,13,0,3,3,79,3,8,19,21,14,0,0,7,74,4,8,29,20,3,0,0,3,69,3,3,9,6,8,0,0,0,21,0,0,11,3,3,0,0,0,21,0,0,0,7,0,3,0,0,14,299,111,287,164,81,24,15,51,1018
SAL21474,8,0,0,0,0,0,0,0,8,5,0,0,0,0,0,0,0,7,0,0,0,0,0,0,0,0,3,4,0,0,0,0,0,0,0,7,0,0,3,0,0,0,0,0,8,3,3,10,0,0,0,0,0,13,5,0,7,0,0,0,0,0,7,5,0,7,0,0,0,0,0,14,0,0,6,4,3,0,0,0,12,5,4,3,6,0,0,4,0,13,0,0,4,0,0,0,0,0,8,0,0,4,0,0,0,0,0,9,0,0,0,0,0,0,0,0,7,0,0,3,0,0,0,0,0,0,0,0,0,0,0,0,0,0,0,31,12,38,16,3,3,3,5,110
SAL21475,0,0,0,0,0,0,0,0,3,0,0,0,0,0,0,0,0,0,0,0,0,0,0,0,0,0,0,3,0,0,0,0,0,0,0,7,3,0,0,0,0,0,0,0,4,0,4,6,0,0,0,0,0,4,0,0,0,0,0,0,0,0,3,0,0,0,0,0,0,0,0,0,0,0,0,0,0,0,0,0,3,3,0,0,0,0,0,0,0,6,0,0,0,0,0,0,0,0,6,0,0,0,0,0,0,0,0,0,0,0,0,0,0,0,0,0,0,0,0,0,0,0,0,0,0,0,0,0,0,0,0,0,0,0,0,11,4,10,3,0,0,0,4,33
SAL21476,82,0,0,0,0,0,0,12,98,164,11,0,0,0,0,0,26,201,181,39,7,5,0,0,0,30,270,130,74,26,15,0,0,0,20,274,54,45,49,11,8,5,0,20,195,38,30,29,15,3,9,0,12,139,33,22,19,14,10,4,3,6,120,24,9,43,16,10,6,3,13,122,20,24,25,13,9,3,3,3,105,25,12,39,28,10,4,7,7,133,5,16,17,20,6,0,3,6,71,5,8,14,13,0,0,5,0,54,0,0,14,10,6,6,0,4,35,0,0,9,9,8,0,4,0,24,0,0,6,9,3,5,0,7,32,757,298,300,180,78,34,38,175,1862
SAL21477,0,0,0,0,0,0,0,0,0,0,0,0,0,0,0,0,0,0,0,0,0,0,0,0,0,0,0,0,0,0,0,0,0,0,6,11,0,0,0,0,0,0,0,0,0,0,0,0,0,0,0,0,3,3,0,0,0,0,0,0,0,0,6,0,0,0,0,0,0,0,0,8,0,0,0,4,0,0,0,0,0,0,0,0,0,0,0,0,8,7,0,0,0,0,0,0,0,0,0,0,0,0,0,0,0,0,0,0,0,0,0,0,0,0,0,0,0,0,0,0,0,0,0,0,0,0,0,0,0,0,0,0,0,0,0,4,3,8,3,0,0,0,13,36
SAL21478,5,0,0,0,0,0,0,0,5,0,0,0,0,0,0,0,0,0,0,0,0,0,0,0,0,0,0,0,0,0,0,0,0,0,0,0,0,0,0,0,0,0,0,0,0,0,0,0,0,0,0,0,0,0,0,0,0,0,0,0,0,0,0,0,0,0,0,0,0,0,0,0,0,0,0,0,0,0,0,0,3,0,0,0,0,0,0,0,0,0,0,0,0,0,0,0,0,0,0,0,0,0,0,0,0,0,0,0,0,0,0,0,0,0,0,0,0,0,0,0,0,0,0,0,0,0,0,0,0,0,0,0,0,0,0,7,0,0,0,0,0,0,0,4
SAL21479,0,0,0,0,0,0,0,0,0,0,0,0,0,0,0,0,0,0,0,0,0,0,0,0,0,0,0,0,0,0,0,0,0,0,0,0,0,0,0,0,0,0,0,0,0,0,0,0,0,0,0,0,0,0,0,0,0,0,0,0,0,0,0,0,0,0,0,0,0,0,0,6,0,0,0,0,0,0,0,0,0,0,0,0,0,0,0,0,0,0,0,0,0,0,0,0,0,0,0,0,0,0,0,0,0,0,0,0,0,0,0,0,0,0,0,0,0,0,0,0,0,0,0,0,0,0,0,0,0,0,0,0,0,0,0,3,3,0,0,0,0,0,0,7
SAL21480,0,0,0,0,0,0,0,0,0,0,0,0,0,0,0,0,0,0,0,0,0,0,0,0,0,0,0,0,0,0,0,0,0,0,0,0,0,0,0,0,0,0,0,0,0,0,0,0,0,0,0,0,0,0,0,0,0,0,0,0,0,0,0,0,0,0,0,0,0,0,0,0,0,0,0,0,0,0,0,0,0,0,0,0,0,0,0,0,0,0,0,0,0,0,0,0,0,0,0,0,0,0,0,0,0,0,0,0,0,0,0,0,0,0,0,0,0,0,0,0,0,0,0,0,0,0,0,0,0,0,0,0,0,0,0,0,0,0,0,0,0,0,0,0
SAL21481,0,0,0,0,0,0,0,0,0,0,0,0,0,0,0,0,0,0,0,0,0,0,0,0,0,0,0,0,0,0,0,0,0,0,0,0,0,0,0,0,0,0,0,0,0,0,0,0,0,0,0,0,0,0,0,0,0,0,0,0,0,0,0,0,0,0,0,0,0,0,0,0,0,0,0,0,0,0,0,0,0,0,0,0,0,0,0,0,0,0,0,0,0,0,0,0,0,0,0,0,0,0,0,0,0,0,0,0,0,0,0,0,0,0,0,0,0,0,0,0,0,0,0,0,0,0,0,0,0,0,0,0,0,0,0,3,0,5,0,0,0,0,6,4
SAL21482,13,0,0,0,0,0,0,0,9,7,0,0,0,0,0,0,0,7,5,0,0,0,0,0,0,0,3,3,0,4,0,0,0,0,0,13,0,0,3,0,0,0,0,0,7,7,4,0,4,0,0,0,0,12,6,4,0,5,5,4,0,0,17,6,0,3,0,0,0,0,0,10,6,0,3,0,0,0,0,0,15,0,3,3,0,0,0,0,0,14,0,0,3,0,3,0,0,0,16,0,0,0,0,0,0,0,4,8,0,0,3,5,0,0,0,0,13,0,0,0,0,0,0,0,0,4,0,0,0,0,0,0,0,0,0,48,14,34,29,15,7,6,12,156
SAL21483,0,0,0,0,0,0,0,0,0,0,0,0,0,0,0,0,0,0,0,0,0,0,0,0,0,0,0,0,0,0,0,0,0,0,0,0,0,0,0,0,0,0,0,0,0,0,0,0,0,0,0,0,0,0,0,0,0,0,0,0,0,0,0,0,0,4,0,0,0,0,0,3,0,0,0,0,0,0,0,0,8,0,0,0,0,0,0,0,0,0,0,0,0,0,0,0,0,0,3,0,0,0,0,0,0,0,0,0,0,0,0,0,0,0,0,0,0,0,0,0,0,0,0,0,0,0,0,0,0,0,0,0,0,0,0,4,0,6,0,0,0,0,3,19
SAL21484,8,0,0,0,0,0,0,0,11,4,0,0,0,0,0,0,0,3,4,0,0,0,0,0,0,0,6,0,0,0,0,0,0,0,0,6,3,0,0,0,0,0,0,0,6,0,0,0,0,0,0,0,0,4,3,0,5,0,0,0,0,0,9,0,0,0,0,0,0,0,0,5,0,5,0,0,0,0,0,0,4,0,0,0,0,0,0,0,0,5,0,0,0,0,0,0,0,0,5,0,0,0,0,0,0,0,0,0,0,0,0,0,0,0,0,0,0,0,0,0,0,0,0,0,0,0,0,0,0,0,0,0,0,0,0,17,6,16,11,0,0,0,11,62
SAL21485,0,0,0,0,0,0,0,5,0,0,0,0,0,0,0,0,0,0,0,0,0,0,0,0,0,0,0,0,0,0,0,0,0,0,0,0,0,0,0,0,0,0,0,0,0,0,0,0,0,0,0,0,0,0,0,3,0,0,0,0,0,0,5,0,0,0,0,0,0,0,0,0,0,0,0,3,0,0,0,0,0,0,0,0,0,5,0,0,0,4,0,0,0,0,0,0,0,0,0,0,0,0,0,0,0,0,0,7,0,0,0,0,0,0,0,0,0,0,0,0,0,0,0,0,0,0,0,0,0,0,0,0,0,0,0,9,4,3,10,5,0,0,3,25
SAL21486,7,0,0,0,0,0,0,3,10,3,5,0,0,0,0,0,0,8,3,5,5,5,0,0,0,6,17,3,0,4,3,0,0,0,0,9,0,0,3,4,0,0,0,0,9,0,4,3,5,0,4,0,0,18,4,0,5,12,3,0,0,0,20,0,0,9,3,0,0,0,0,19,0,0,7,8,7,0,0,0,28,0,0,6,6,0,0,0,0,16,4,4,5,9,3,0,0,0,22,0,0,0,0,5,0,0,0,14,0,0,5,9,4,0,0,0,17,0,0,3,4,0,0,0,0,12,0,0,0,0,0,0,0,0,6,39,16,53,52,24,7,4,15,221
SAL21487,3,0,0,0,0,0,0,0,3,0,0,0,0,0,0,0,4,5,0,0,0,0,0,0,0,0,0,0,3,0,0,0,0,0,3,15,0,0,3,0,0,0,0,0,4,3,0,0,3,0,0,0,0,7,0,0,4,0,0,0,0,0,7,0,0,0,3,0,0,0,0,10,0,0,4,6,0,0,0,3,14,0,0,10,3,0,0,0,0,18,0,0,0,6,0,0,0,0,6,0,0,0,3,0,0,0,0,3,0,0,0,0,0,0,0,0,7,0,0,0,0,0,0,0,0,0,0,0,0,0,0,0,0,0,0,17,7,20,25,8,0,3,16,92
SAL21488,33,0,0,0,0,0,0,0,33,23,3,0,0,0,0,0,0,31,31,10,0,0,0,0,0,3,56,7,22,22,3,0,0,0,0,60,8,3,29,18,5,0,0,0,59,7,12,25,12,5,4,0,0,54,8,5,16,7,0,0,0,0,39,3,3,22,9,5,0,0,4,41,8,4,8,4,0,4,0,7,31,0,0,12,9,0,0,0,0,22,0,5,3,7,8,0,0,0,24,0,0,8,0,0,0,0,0,11,0,0,4,0,0,0,0,0,11,0,0,3,0,0,0,0,0,9,0,0,3,0,0,0,0,4,8,133,69,147,73,34,9,4,21,491
SAL21489,3,0,0,0,0,0,0,0,3,0,0,0,0,0,0,0,0,0,0,0,0,0,0,0,0,0,0,0,0,0,0,0,0,0,4,4,0,0,0,0,0,0,0,0,3,4,0,0,0,0,0,0,3,3,0,0,0,0,0,0,0,0,0,3,0,0,0,0,0,0,0,4,3,0,0,0,0,0,0,0,3,0,0,0,0,0,0,0,0,0,0,0,0,0,0,0,0,0,0,0,0,0,0,0,0,0,0,6,0,0,0,0,0,0,0,0,0,0,0,0,0,0,0,0,0,0,0,0,0,0,0,0,0,0,0,12,0,3,3,0,0,0,10,23
SAL21490,168,0,0,0,0,0,0,14,184,89,7,5,0,0,0,0,10,112,65,22,9,5,0,0,0,10,117,39,32,45,30,3,3,0,11,166,27,30,63,33,15,5,0,6,184,15,21,68,41,14,4,5,11,183,26,25,58,26,15,5,3,8,167,20,21,64,32,17,5,0,8,159,35,16,62,34,20,10,0,10,173,30,13,73,63,30,9,3,12,221,18,16,67,57,35,4,7,9,210,28,21,87,61,24,12,5,11,250,11,15,42,45,20,14,8,11,164,9,3,37,39,21,12,9,18,141,8,9,18,39,32,20,11,8,148,600,248,689,510,252,91,57,148,2586
SAL21491,9,0,0,0,0,0,0,0,9,0,0,0,0,0,0,0,0,0,0,0,0,0,0,0,0,0,0,0,0,0,0,0,0,0,0,3,0,0,0,0,0,0,0,0,3,0,0,0,5,0,0,0,0,5,0,0,0,4,0,0,0,0,3,0,0,5,0,0,0,0,0,9,0,3,0,3,0,0,0,0,5,0,0,0,0,0,0,0,0,4,0,0,0,0,0,0,0,0,13,0,0,9,0,0,0,0,0,9,0,0,0,0,0,0,0,0,5,0,0,0,0,0,0,0,0,0,0,0,0,0,0,0,0,0,0,12,4,16,18,3,4,0,0,58
SAL21492,29,0,0,0,0,0,0,8,28,9,0,0,0,0,0,0,0,8,8,0,0,0,0,0,0,4,13,5,4,0,3,0,0,0,0,16,0,0,0,0,3,0,0,0,8,0,0,4,9,3,0,0,0,22,3,0,9,4,7,0,0,3,24,3,0,7,5,6,0,0,0,28,0,3,7,3,0,0,0,0,20,4,4,3,6,0,0,0,0,18,0,0,7,9,4,0,0,0,22,3,0,0,4,4,0,0,0,15,0,0,0,7,4,0,0,0,12,0,0,0,0,0,0,0,0,5,0,0,0,0,0,0,0,0,3,64,19,54,51,29,8,3,21,237
SAL21493,356,0,0,0,0,0,0,15,370,292,13,5,0,0,0,0,19,322,246,54,44,8,4,0,0,16,375,143,113,149,40,6,5,0,17,473,100,62,176,77,15,9,3,17,465,59,54,164,75,26,11,0,14,399,82,55,173,94,28,9,0,12,449,55,56,188,76,32,7,0,18,439,56,37,173,116,34,3,9,13,446,58,38,162,115,38,13,4,6,434,47,28,164,103,32,7,3,21,407,33,32,157,110,41,10,6,27,415,28,19,112,66,37,3,6,32,309,6,8,51,62,32,4,3,39,217,5,6,20,31,32,0,5,79,183,1572,574,1744,990,354,93,41,337,5701
SAL21494,0,0,0,0,0,0,0,0,0,0,0,0,0,0,0,0,0,0,0,0,0,0,0,0,0,0,0,0,0,0,0,0,0,0,0,0,0,0,0,0,0,0,0,0,0,0,0,0,0,0,0,0,0,0,0,0,0,0,0,0,0,0,0,0,0,0,0,0,0,0,0,0,0,0,0,0,0,0,0,0,0,0,0,0,0,0,0,0,0,0,0,0,0,0,0,0,0,0,0,0,0,0,0,0,0,0,0,0,0,0,0,0,0,0,0,0,0,0,0,0,0,0,0,0,0,0,0,0,0,0,0,0,0,0,0,0,0,0,0,0,0,0,0,0
SAL21495,0,0,0,0,0,0,0,0,0,0,0,0,0,0,0,0,0,0,0,0,0,0,0,0,0,0,0,0,4,0,3,0,0,0,0,4,0,0,0,0,0,0,0,0,4,0,0,0,3,0,0,0,0,5,0,0,0,0,0,0,0,0,0,0,0,0,0,0,0,0,0,0,0,0,0,0,0,0,0,0,8,0,0,0,0,0,0,0,0,4,0,0,0,0,0,0,0,0,0,0,0,0,0,0,0,0,0,0,0,0,0,0,0,0,0,0,0,0,0,0,0,0,0,0,0,0,0,0,0,0,0,0,0,0,0,5,4,0,9,0,0,0,0,23
SAL21496,33,0,0,0,0,0,0,9,45,17,0,0,0,0,0,0,0,24,12,5,4,0,0,0,0,3,28,12,6,11,6,0,0,0,4,32,10,0,20,9,5,0,0,9,50,3,0,9,9,5,4,5,0,36,3,6,8,5,3,0,0,0,30,3,7,18,16,4,0,0,5,48,11,3,20,11,6,0,0,3,56,4,5,12,3,5,0,0,0,37,4,0,14,7,7,0,0,0,27,0,0,6,6,0,0,0,0,12,0,0,0,7,0,0,0,0,6,0,0,0,0,0,0,0,4,4,0,0,0,0,0,0,0,0,6,123,43,124,70,41,12,3,36,448
SAL21497,3,0,0,0,0,0,0,3,7,6,0,0,0,0,0,0,0,9,3,0,0,0,0,0,0,0,3,0,3,0,0,0,0,0,0,9,3,0,0,0,0,0,0,0,5,3,0,0,0,0,0,0,0,5,0,0,9,3,0,0,0,4,15,4,0,3,0,0,0,0,0,11,3,0,4,0,0,0,0,0,9,0,0,0,0,3,0,0,0,10,0,0,4,4,0,0,0,4,16,0,0,0,0,0,0,0,0,8,0,0,0,0,0,0,0,0,3,0,0,0,0,0,0,0,0,0,0,0,0,0,0,0,0,0,0,30,5,29,21,4,4,3,15,117
SAL21498,0,0,0,0,0,0,0,0,0,0,0,0,0,0,0,0,0,0,0,0,0,0,0,0,0,0,0,0,0,0,0,0,0,0,0,0,0,0,0,0,0,0,0,0,0,0,0,0,0,0,0,0,0,0,0,0,0,0,0,0,0,0,0,0,0,0,0,0,0,0,0,0,0,0,0,0,0,0,0,0,0,0,0,0,0,0,0,0,0,0,0,0,0,0,0,0,0,0,0,0,0,0,0,0,0,0,0,0,0,0,0,0,0,0,0,0,0,0,0,0,0,0,0,0,0,0,0,0,0,0,0,0,0,0,0,0,0,0,0,0,0,0,0,3
SAL21499,0,0,0,0,0,0,0,0,0,0,0,0,0,0,0,0,0,0,0,0,0,0,0,0,0,0,0,0,0,0,0,0,0,0,0,0,0,0,0,0,0,0,0,0,0,0,0,0,0,0,0,0,0,0,0,0,0,0,0,0,0,0,0,0,0,0,0,0,0,0,0,0,0,0,0,0,0,0,0,0,0,0,0,0,0,0,0,0,0,0,0,0,0,0,0,0,0,0,0,0,0,0,0,0,0,0,0,0,0,0,0,0,0,0,0,0,0,0,0,0,0,0,0,0,0,0,0,0,0,0,0,0,0,0,0,0,0,0,0,0,0,0,0,0
SAL21500,0,0,0,0,0,0,0,0,4,3,0,0,0,0,0,0,0,3,0,0,0,0,0,0,0,0,0,3,0,0,0,0,0,0,0,3,0,0,0,0,0,0,0,0,0,0,0,0,3,0,0,0,0,5,0,0,0,0,0,0,0,0,0,0,0,0,0,0,0,0,0,4,0,0,5,0,0,0,0,0,5,0,0,0,0,0,0,0,0,3,0,0,0,0,0,0,0,0,4,0,0,0,0,0,0,0,0,4,0,0,0,0,0,0,0,0,0,0,0,0,0,0,0,0,0,0,0,0,0,0,0,0,0,0,0,11,0,6,7,4,0,0,0,37
SAL21501,4,0,0,0,0,0,0,0,4,5,0,0,0,0,0,0,0,5,0,0,0,0,0,0,0,0,0,0,0,0,0,0,0,0,0,0,0,0,0,0,0,0,0,0,0,0,0,0,0,0,0,0,0,3,0,0,0,0,5,0,0,0,6,0,0,0,0,0,0,0,0,0,0,0,0,0,0,0,0,0,6,0,0,0,0,0,0,0,5,3,0,0,0,0,0,0,0,0,5,0,0,0,0,0,0,0,0,3,0,0,0,0,0,0,0,0,0,0,0,0,0,0,0,0,0,4,0,0,0,0,0,0,0,0,0,13,4,7,3,0,0,0,14,41
SAL21502,0,0,0,0,0,0,0,0,0,3,0,0,0,0,0,0,0,4,0,4,0,0,0,0,0,0,4,4,0,0,0,0,0,0,0,4,0,0,0,8,0,0,0,0,5,0,0,0,0,0,0,0,0,0,0,0,0,3,0,0,0,0,11,0,0,0,6,0,0,0,3,3,0,0,0,0,0,0,0,0,5,0,0,0,0,0,0,0,0,0,0,0,0,0,0,0,0,0,0,0,0,0,5,0,0,0,0,5,0,0,0,0,0,0,0,0,0,0,0,0,0,0,0,0,0,0,0,0,0,0,0,0,0,0,0,10,8,5,20,6,0,0,5,45
SAL21503,3,0,0,0,0,0,0,0,3,0,0,0,0,0,0,0,0,0,0,0,0,0,0,0,0,0,0,0,0,0,0,0,0,0,0,3,0,0,0,0,0,0,0,0,3,0,0,0,0,0,0,0,0,0,0,0,3,0,0,0,0,0,6,0,0,8,0,0,0,0,0,3,0,0,5,0,0,0,0,0,5,0,0,0,0,0,0,0,0,0,0,0,3,0,0,0,0,0,3,0,0,0,0,0,0,0,0,0,0,0,0,0,0,0,0,0,0,0,0,0,0,0,0,0,0,0,0,0,0,0,0,0,0,0,0,8,0,12,6,0,0,0,0,30
SAL21504,505,0,0,0,0,0,0,24,532,466,25,8,0,0,0,0,28,528,397,76,38,0,0,0,0,24,543,229,125,164,36,11,0,0,26,594,125,96,215,74,20,5,0,15,554,94,63,216,99,33,5,4,24,545,79,80,261,130,46,12,0,17,626,86,70,306,136,38,7,3,32,676,60,61,228,134,54,14,8,20,573,61,47,204,140,42,15,8,18,539,36,43,176,123,38,17,0,21,453,34,49,187,138,43,12,4,18,484,17,27,110,100,39,12,6,17,325,9,9,61,79,50,8,12,15,242,12,14,55,75,36,22,18,15,255,2204,790,2232,1275,452,127,74,322,7471
SAL21505,0,0,0,0,0,0,0,0,0,0,0,0,0,0,0,0,0,3,0,0,3,0,0,0,0,0,7,0,0,0,0,0,0,0,0,0,0,0,0,0,0,0,0,0,0,0,0,0,0,0,0,0,0,5,0,0,0,0,0,0,0,0,0,0,0,0,0,0,0,0,0,7,0,0,0,0,0,0,0,0,0,0,0,0,3,0,0,0,5,6,0,0,0,0,0,0,0,0,0,0,0,4,0,0,0,0,0,5,0,0,0,0,0,0,0,0,6,0,0,0,0,0,0,0,0,0,0,0,0,0,0,0,0,0,0,8,6,13,7,0,0,0,0,37
SAL21506,4,0,0,0,0,0,0,0,6,0,0,0,0,0,0,0,0,0,0,0,0,0,0,0,0,0,0,0,0,0,0,0,0,0,0,4,0,0,0,0,0,0,0,0,3,0,0,0,0,0,0,0,0,3,3,0,3,0,0,0,0,0,6,0,0,0,0,0,0,0,0,10,0,3,9,0,0,0,0,0,11,0,0,5,0,0,0,0,0,8,0,0,0,5,0,0,0,0,5,0,0,4,0,0,0,6,0,8,0,0,3,0,0,0,0,0,6,0,0,0,0,3,0,0,0,3,0,0,0,0,0,0,0,0,0,13,11,24,15,4,0,6,4,74
SAL21507,0,0,0,0,0,0,0,0,0,6,0,0,0,0,0,0,0,6,0,0,0,0,0,0,0,0,0,0,0,0,0,0,0,0,0,5,0,0,4,3,0,0,0,0,7,0,0,0,0,0,0,0,0,3,0,0,0,3,0,0,0,0,3,0,0,0,0,0,0,0,0,0,3,0,5,0,0,0,0,0,12,0,0,3,0,0,0,0,0,7,0,0,0,5,0,0,0,0,10,0,0,0,4,0,0,0,0,7,0,0,0,0,0,0,0,0,0,0,0,0,0,0,0,0,0,0,0,0,0,0,0,0,0,0,0,12,0,18,17,0,0,0,7,53
SAL21508,5,0,0,0,0,0,0,0,5,0,0,0,0,0,0,0,0,0,0,0,0,0,0,0,0,0,0,0,0,0,0,0,0,0,0,0,0,0,0,0,0,0,0,0,0,0,0,0,0,0,0,0,0,0,0,0,0,0,0,0,0,0,0,0,4,0,0,0,0,0,0,9,3,0,0,0,0,0,0,0,9,3,0,0,0,0,0,0,0,8,0,0,4,0,0,0,0,0,7,3,0,5,0,0,0,0,0,5,0,0,0,0,0,0,0,0,0,0,0,0,0,0,0,0,0,5,0,0,0,0,0,0,0,0,0,11,5,16,5,0,4,0,3,48
SAL21509,6,0,0,0,0,0,0,0,7,11,0,0,0,0,0,0,0,10,9,0,0,0,0,0,0,0,9,3,4,0,0,0,0,0,0,16,4,6,3,4,3,0,0,0,15,3,0,3,7,0,0,0,0,14,0,0,4,0,6,0,0,3,14,3,0,5,3,0,0,0,0,13,0,0,5,8,5,0,0,6,18,0,0,9,9,0,0,0,0,19,0,0,11,6,7,0,0,5,27,4,3,3,6,0,0,0,0,17,0,0,4,0,0,0,0,0,7,0,0,0,0,3,0,0,0,13,0,0,0,0,3,0,0,0,4,51,17,45,35,32,3,0,24,205
SAL21510,11,0,0,0,0,0,0,0,12,5,5,0,0,0,0,0,3,7,8,0,0,0,0,0,0,0,11,0,0,6,6,0,0,0,0,17,0,0,4,3,0,0,0,0,10,0,5,4,4,0,0,0,0,15,4,0,3,3,0,0,0,0,12,0,0,10,9,5,0,0,0,30,0,0,7,4,0,0,0,0,14,7,0,10,4,4,0,0,0,25,0,0,4,7,3,0,0,0,17,0,0,0,3,0,0,0,0,6,0,0,6,6,0,0,0,0,4,0,0,0,0,0,0,0,0,3,0,0,0,0,0,0,0,0,3,36,19,56,46,12,5,3,13,182
SAL21511,0,0,0,0,0,0,0,0,0,0,0,0,0,0,0,0,0,0,0,0,0,0,0,0,0,0,0,0,0,0,0,0,0,0,0,0,0,0,0,0,0,0,0,0,0,0,0,0,0,0,0,0,0,0,0,0,0,0,0,0,0,0,0,0,0,0,0,0,0,0,0,0,0,0,0,0,0,0,0,0,0,0,0,0,0,0,0,0,0,0,0,0,0,0,0,0,0,0,0,0,0,0,0,0,0,0,0,0,0,0,0,0,0,0,0,0,0,0,0,0,0,0,0,0,0,0,0,0,0,0,0,0,0,0,0,0,0,0,0,0,0,0,0,5
SAL21512,0,0,0,0,0,0,0,0,0,0,0,0,0,0,0,0,0,0,0,0,0,0,0,0,0,0,0,0,0,0,0,0,0,0,0,0,0,0,0,0,0,0,0,0,0,0,0,0,0,0,0,0,0,0,0,0,0,0,0,0,0,0,3,0,0,0,0,0,0,0,0,0,0,0,0,0,0,0,0,0,0,0,0,3,0,0,0,0,0,3,0,0,0,0,0,0,0,0,0,0,0,0,0,0,0,0,0,0,0,0,0,0,0,0,0,0,0,0,0,0,0,0,0,0,0,0,0,0,0,0,0,0,0,0,0,5,0,4,0,0,0,0,0,11
SAL21513,0,0,0,0,0,0,0,0,0,0,0,0,0,0,0,0,0,0,0,0,0,0,0,0,0,0,0,0,0,0,0,0,0,0,0,0,0,0,0,0,0,0,0,0,0,0,0,0,0,0,0,0,0,0,0,0,0,0,0,0,0,0,0,0,0,0,0,0,0,0,0,0,0,0,0,0,0,0,0,0,0,0,0,0,0,0,0,0,0,3,0,0,0,0,0,0,0,0,0,0,0,0,0,0,0,0,0,0,0,0,0,0,0,0,0,0,0,0,0,0,0,0,0,0,0,0,0,0,0,0,0,0,0,0,0,0,0,0,0,0,0,0,0,5
SAL21514,12,0,0,0,0,0,0,0,17,10,0,0,0,0,0,0,0,9,8,0,3,0,0,0,0,0,18,5,5,6,0,0,0,0,0,22,3,3,3,4,0,0,0,0,16,6,5,0,0,0,0,0,0,11,6,0,10,4,0,0,0,0,21,3,4,4,8,3,0,0,0,28,3,0,0,0,0,0,0,8,16,4,5,8,3,0,0,0,3,24,3,3,9,3,3,0,0,0,22,3,5,17,0,0,0,0,5,36,0,5,3,0,0,0,0,4,13,0,0,0,0,0,0,0,0,11,0,0,0,4,0,0,0,0,8,73,38,63,37,27,0,3,16,260
SAL21515,0,0,0,0,0,0,0,0,0,0,0,0,0,0,0,0,0,0,0,0,0,0,0,0,0,0,0,0,0,0,0,0,0,0,0,0,0,0,0,0,0,0,0,0,0,0,0,0,0,0,0,0,0,0,0,0,0,0,0,0,0,0,0,0,0,0,0,0,0,0,0,0,0,0,0,0,0,0,0,0,0,0,0,0,0,0,0,0,0,0,0,0,0,0,0,0,0,0,0,0,0,0,0,0,0,0,0,0,0,0,0,0,0,0,0,0,0,0,0,0,0,0,0,0,0,0,0,0,0,0,0,0,0,0,0,0,4,3,0,0,0,0,5,10
SAL21516,7,0,0,0,0,0,0,3,9,8,0,0,0,0,0,0,0,8,3,4,0,0,0,0,0,0,10,4,0,4,5,0,0,0,0,12,3,0,0,3,0,0,0,0,11,0,0,0,3,0,0,0,0,7,0,0,3,0,0,0,0,3,14,6,3,3,0,4,0,0,3,16,6,0,9,5,3,0,0,0,22,4,0,8,3,4,0,0,7,24,0,0,6,4,3,0,0,0,16,0,0,6,10,0,0,0,0,13,0,0,0,0,3,0,0,0,12,0,0,0,0,5,0,0,0,9,0,0,0,0,0,0,0,0,3,42,13,48,34,19,7,3,19,190
SAL21517,0,0,0,0,0,0,0,0,0,4,0,0,0,0,0,0,0,4,0,0,0,0,0,0,0,0,0,0,0,0,0,0,0,0,0,0,0,0,0,0,0,0,0,0,0,0,0,0,0,0,0,0,0,0,0,0,0,0,0,0,0,0,0,0,0,0,0,0,0,0,0,3,0,0,0,3,0,0,0,0,0,0,0,0,0,0,0,0,0,0,0,0,0,0,0,0,0,0,3,0,0,0,0,0,0,0,0,0,0,0,0,0,0,0,0,0,0,0,0,0,0,0,0,0,0,0,0,0,0,0,0,0,0,0,0,3,0,4,7,0,0,0,0,16
SAL21518,0,0,0,0,0,0,0,0,0,0,0,0,0,0,0,0,0,0,0,0,0,0,0,0,0,0,0,0,0,0,0,0,0,0,0,0,0,0,0,0,0,0,0,0,0,0,0,0,0,0,0,0,0,0,0,0,0,0,0,0,0,0,0,0,0,0,0,0,0,0,0,0,0,0,0,0,0,0,0,0,0,0,0,0,0,0,0,0,0,0,0,0,0,0,0,0,0,0,0,0,0,0,0,0,0,0,0,0,0,0,0,0,0,0,0,0,0,0,0,0,0,0,0,0,0,0,0,0,0,0,0,0,0,0,0,0,0,0,0,0,0,0,0,5
SAL21519,3,0,0,0,0,0,0,0,3,0,0,0,0,0,0,0,0,3,0,0,0,0,0,0,0,0,0,0,0,0,0,0,0,0,0,0,0,0,0,0,0,0,0,0,0,0,0,0,0,0,0,0,0,6,6,0,0,0,0,0,0,0,6,0,3,0,0,0,0,0,0,5,0,0,6,0,0,0,0,0,8,0,0,0,0,0,0,0,0,0,0,0,0,0,0,0,0,0,3,0,0,0,0,0,0,0,0,0,0,0,0,0,0,0,0,0,0,0,0,0,0,0,0,0,0,0,0,0,0,0,0,0,0,0,0,10,7,10,8,0,0,0,0,33
SAL21520,35,0,0,0,0,0,0,11,44,42,0,0,0,0,0,0,4,47,10,0,6,0,0,0,0,3,23,3,4,10,4,0,0,0,0,17,0,0,12,8,5,0,0,8,36,6,5,16,5,3,0,0,3,47,3,14,22,6,0,0,0,12,56,8,8,24,13,0,0,0,5,59,10,10,21,8,3,4,4,11,59,3,4,17,14,3,3,3,3,48,9,3,10,9,5,0,0,0,32,5,3,11,9,0,0,0,4,31,0,0,3,6,0,0,0,0,15,0,0,0,0,0,0,0,0,8,0,0,0,0,0,3,0,0,6,138,44,152,83,33,12,8,54,526
SAL21521,0,0,0,0,0,0,0,0,0,5,0,0,0,0,0,0,0,0,0,0,0,0,0,0,0,0,0,0,0,0,0,0,0,0,0,0,0,0,0,0,0,0,0,0,0,0,0,0,0,0,0,0,0,0,0,0,0,0,0,0,0,0,5,0,0,5,0,0,0,0,3,7,0,0,0,0,0,0,0,0,0,0,0,0,0,0,0,0,0,6,0,0,0,0,0,0,0,0,4,0,0,0,0,0,0,0,0,3,0,0,0,0,0,0,0,0,0,0,0,0,0,0,0,0,0,0,0,0,0,0,0,0,0,0,0,8,3,11,6,3,0,0,4,31
SAL21522,0,0,0,0,0,0,0,0,0,0,0,0,0,0,0,0,0,0,0,0,0,0,0,0,0,0,0,0,0,0,0,0,0,0,0,0,0,0,0,0,0,0,0,0,0,0,0,0,0,0,0,0,0,0,0,0,0,0,0,0,0,0,0,0,0,0,0,0,0,0,0,0,0,0,0,0,0,0,0,0,0,0,0,0,0,0,0,0,0,3,0,0,0,0,0,0,0,0,5,0,0,0,0,0,0,0,0,0,0,0,0,0,0,0,0,0,0,0,0,0,0,0,0,0,0,0,0,0,0,0,0,0,0,0,0,0,0,3,4,0,0,0,3,21
SAL21523,8,0,0,0,0,0,0,0,8,8,0,0,0,0,0,0,0,7,6,6,0,0,0,0,0,0,16,8,6,5,0,4,0,0,5,26,0,0,4,4,0,0,0,0,19,0,0,0,3,5,0,0,0,14,9,0,6,4,0,0,0,0,19,10,5,9,5,6,0,0,0,31,4,5,9,10,0,5,0,3,31,3,5,7,4,6,5,3,6,41,5,0,10,12,6,0,0,0,31,5,0,14,7,0,0,0,0,24,0,0,4,3,0,0,0,0,14,0,0,0,3,0,0,4,0,6,0,0,0,0,0,0,0,0,0,77,22,74,60,21,6,3,20,288
SAL21524,6,0,0,0,0,0,0,3,10,7,4,0,0,0,0,0,0,9,6,3,0,0,0,0,0,0,6,5,0,0,0,0,0,0,0,7,0,0,0,3,0,0,0,0,5,3,0,3,0,0,0,0,0,4,5,5,3,4,0,0,0,6,33,8,9,18,7,0,0,0,0,40,4,0,16,10,6,3,0,8,48,17,4,30,12,4,0,0,3,73,12,13,16,13,7,0,0,0,70,4,3,23,19,6,4,0,8,66,3,0,10,8,0,0,0,11,37,0,4,3,10,0,0,3,5,25,0,0,0,5,0,0,0,0,7,77,49,131,84,44,16,10,40,453
SAL21525,0,0,0,0,0,0,0,0,0,0,0,0,0,0,0,0,0,0,0,0,0,0,0,0,0,0,0,0,0,0,0,0,0,0,0,0,0,0,0,0,0,0,0,0,0,0,0,0,0,0,0,0,0,0,0,0,0,0,0,0,0,0,0,0,0,0,0,0,0,0,0,0,0,0,0,0,0,0,0,0,0,0,0,0,0,0,0,0,0,0,0,0,0,0,0,0,0,0,0,0,0,0,0,0,0,0,0,0,0,0,0,0,0,0,0,0,0,0,0,0,0,0,0,0,0,0,0,0,0,0,0,0,0,0,0,0,0,0,0,0,0,0,0,0
SAL21526,19,0,0,0,0,0,0,7,22,16,3,0,0,0,0,0,4,27,8,0,3,0,0,0,0,4,19,6,3,6,3,4,0,0,0,20,0,0,6,0,4,0,0,0,14,4,0,7,9,3,0,0,0,24,0,3,4,4,3,0,0,3,20,0,5,8,10,3,0,0,4,26,0,3,10,9,5,5,0,0,29,0,3,7,7,6,3,0,3,25,0,0,5,10,6,4,0,4,30,0,3,0,8,6,5,0,0,21,0,0,4,4,0,0,0,3,14,0,0,0,6,4,0,0,0,18,0,0,0,0,0,0,0,0,12,58,29,76,67,40,22,7,41,338
SAL21527,7,0,0,0,0,0,0,0,7,0,0,0,0,0,0,0,0,0,0,0,0,0,0,0,0,0,0,0,0,0,0,0,0,0,0,0,0,0,0,0,0,0,0,0,0,0,0,6,0,0,0,0,0,4,0,0,0,0,0,0,0,0,6,0,0,0,0,0,0,0,0,7,0,0,3,0,0,0,0,0,3,0,0,4,0,0,3,0,0,9,0,0,0,3,0,0,0,0,9,0,0,0,0,0,0,0,0,8,0,0,0,0,0,0,0,0,3,0,0,0,0,0,0,0,0,0,0,0,0,0,0,0,0,0,0,15,3,17,11,7,3,0,7,56
SAL21528,34,0,0,0,0,0,0,3,34,17,0,0,0,0,0,0,5,19,8,0,0,0,0,0,0,0,10,7,0,0,3,0,0,0,0,15,5,3,8,8,4,0,0,3,22,4,0,12,3,0,4,0,3,25,3,7,9,11,3,3,0,0,35,0,0,10,11,0,0,0,0,28,3,0,12,13,4,5,0,0,37,0,0,11,5,7,0,0,0,31,3,3,3,12,0,0,0,0,25,0,4,13,5,7,0,0,4,31,0,4,0,6,3,0,0,0,13,0,0,0,0,3,0,0,0,4,0,0,0,0,3,0,0,0,3,83,26,87,82,27,11,3,25,338
SAL21529,43,0,0,0,0,0,0,6,46,18,4,0,0,0,0,0,0,20,13,6,0,0,0,0,0,0,19,5,8,9,0,3,0,0,4,30,0,3,13,11,5,0,0,4,37,7,7,13,4,3,0,0,0,34,10,5,15,9,0,0,0,0,40,5,4,13,11,0,5,0,7,48,7,8,11,4,6,0,0,0,36,4,4,17,10,4,0,0,3,47,0,5,8,13,3,0,0,0,24,0,0,6,3,6,0,0,0,19,0,3,3,0,0,0,0,0,13,3,0,0,0,0,0,0,0,5,0,0,0,0,0,0,0,0,0,116,45,112,70,25,8,9,28,416
SAL21530,0,0,0,0,0,0,0,0,0,0,0,0,0,0,0,0,0,0,0,0,0,0,0,0,0,0,0,0,0,0,0,0,0,0,0,0,0,0,0,0,0,0,0,0,0,0,0,0,0,0,0,0,0,0,0,0,0,0,0,0,0,0,0,0,0,0,0,0,0,0,0,5,0,0,0,0,0,0,0,0,0,0,0,0,0,0,0,0,0,0,0,0,0,0,0,0,0,0,0,0,0,0,0,0,0,0,0,0,0,0,0,0,0,0,0,0,0,0,0,0,0,0,0,0,0,0,0,0,0,0,0,0,0,0,0,0,0,0,4,0,0,0,0,13
SAL21531,0,0,0,0,0,0,0,0,0,0,0,0,0,0,0,0,0,0,0,0,0,0,0,0,0,0,6,0,0,0,0,0,0,0,0,0,0,0,0,0,0,0,0,0,4,0,0,0,0,0,0,0,0,0,0,0,0,0,0,0,0,0,0,0,0,0,0,0,0,0,0,0,0,0,0,0,0,0,0,0,0,0,0,0,0,0,0,0,0,0,0,0,0,6,0,0,0,0,3,0,0,0,0,0,0,0,0,0,0,0,0,0,0,0,0,0,0,0,0,0,0,0,0,0,0,0,0,0,0,0,0,0,0,0,0,7,0,6,3,4,0,0,0,19
SAL21532,4,0,0,0,0,0,0,0,4,0,0,0,0,0,0,0,0,0,0,0,0,0,0,0,0,0,0,0,0,0,0,0,0,0,0,3,0,0,5,0,0,0,0,0,10,0,0,0,0,0,0,0,0,4,0,0,7,0,0,0,0,0,7,0,0,0,0,4,0,0,0,10,4,0,0,0,0,0,0,0,9,0,0,7,0,0,0,0,0,9,0,0,0,0,0,0,0,0,5,0,0,0,0,0,0,0,0,3,0,0,0,3,0,0,0,0,9,0,0,0,0,0,0,0,0,0,0,0,0,0,0,0,0,0,0,17,8,26,15,4,0,3,3,69
SAL21533,11,0,0,0,0,0,0,0,15,10,0,0,0,0,0,0,0,10,3,0,0,0,0,0,0,0,9,0,0,0,0,0,0,0,0,7,0,0,3,0,0,0,0,0,13,0,0,3,0,0,0,0,0,10,0,5,0,4,0,0,0,0,10,0,0,4,4,0,0,0,0,17,7,0,8,5,0,0,0,0,21,0,0,3,6,5,0,0,0,10,0,0,4,8,0,0,0,0,13,0,0,3,0,0,0,0,0,12,0,0,3,0,0,0,0,0,5,0,0,0,0,0,0,0,0,0,0,0,0,0,0,0,0,0,0,42,8,43,28,7,0,0,3,132
SAL21534,72,0,0,0,0,0,0,11,85,115,13,5,4,0,0,0,13,138,70,32,19,15,0,0,0,21,155,32,16,27,9,3,7,0,11,109,18,19,32,19,7,0,0,11,116,11,8,17,6,7,0,0,8,71,20,15,23,22,9,10,6,15,110,15,6,19,9,13,3,6,13,101,11,8,33,22,10,4,11,9,112,13,10,28,18,14,0,0,6,90,9,17,35,19,14,0,3,8,109,6,8,22,28,15,9,4,15,100,0,9,16,17,13,4,8,5,76,0,4,17,13,10,9,0,9,63,4,0,13,10,8,0,4,11,50,406,170,314,214,118,50,49,167,1484
SAL21535,16,0,0,0,0,0,0,0,20,9,0,0,0,0,0,0,3,15,0,0,0,3,0,0,0,0,5,0,0,0,0,0,0,0,0,0,0,0,0,0,0,0,0,5,5,0,0,0,0,0,0,0,0,4,0,0,0,0,0,0,0,0,7,0,0,0,5,0,0,0,0,10,0,0,6,0,0,0,4,0,10,3,0,6,0,6,0,0,0,12,0,0,0,0,0,0,0,0,0,0,0,3,0,0,0,0,0,3,0,0,0,0,3,0,0,0,5,0,0,0,0,0,0,0,0,0,0,0,0,0,0,0,0,0,0,36,0,21,9,8,0,0,14,90
SAL21536,51,0,0,0,0,0,0,4,57,10,0,0,0,0,0,0,0,12,25,6,5,0,0,0,0,0,37,10,8,13,4,0,0,0,4,39,4,12,20,19,6,5,0,6,59,3,4,21,15,0,0,0,0,42,0,0,31,14,3,0,0,0,52,8,0,25,14,6,0,0,5,60,4,4,20,17,6,3,0,0,54,4,3,19,12,9,0,0,0,51,7,3,21,7,6,0,0,4,46,6,3,7,15,3,0,0,0,36,0,0,8,0,3,0,0,0,12,0,0,0,6,0,0,0,0,3,0,0,0,0,0,0,0,0,6,130,50,185,126,38,13,7,25,570
SAL21537,17,0,0,0,0,0,0,0,17,6,0,0,0,0,0,0,0,7,6,0,0,0,0,0,0,0,9,3,3,7,0,0,0,0,0,12,0,4,6,8,0,0,0,0,20,0,3,8,3,0,0,0,0,21,3,0,6,8,0,0,0,0,23,0,0,7,0,6,0,0,3,16,0,0,13,9,0,0,0,0,28,4,0,14,3,0,0,0,3,22,0,3,6,6,0,0,0,3,18,0,0,3,0,0,0,0,0,15,0,0,0,3,0,0,0,0,10,0,0,0,0,0,0,0,0,0,0,0,0,0,0,0,0,0,3,45,23,73,48,9,0,6,14,216
SAL21538,52,3,0,0,0,0,0,3,54,48,4,0,0,0,0,0,3,53,47,26,21,3,3,0,0,10,117,32,29,26,15,4,0,0,5,117,16,14,27,12,9,0,0,11,87,15,9,24,12,7,0,6,9,79,8,4,15,15,5,4,0,6,56,10,7,16,15,7,5,3,3,73,8,11,24,14,17,8,7,11,84,12,8,18,23,11,3,0,6,77,3,9,16,15,7,3,0,3,61,0,7,12,15,7,4,0,5,53,0,4,6,6,7,4,5,0,35,0,3,4,3,0,0,0,3,22,0,0,0,4,0,0,3,0,10,253,132,218,154,69,28,18,86,958
SAL21539,3,0,0,0,0,0,0,3,9,0,0,0,0,0,0,0,0,4,0,0,0,0,0,0,0,0,6,0,0,5,0,0,0,0,0,0,0,0,0,0,0,0,0,0,7,3,0,0,0,0,0,0,0,4,0,0,0,0,0,0,0,0,3,0,0,4,0,0,0,0,3,5,5,0,4,8,0,0,0,0,11,3,0,0,5,3,0,0,0,13,0,0,0,0,0,0,0,4,11,0,0,4,3,0,0,0,0,9,0,0,0,3,0,0,0,0,3,0,0,0,0,0,0,0,0,0,0,0,0,3,0,0,0,0,4,17,5,17,22,4,0,0,16,85
SAL21540,8,0,0,0,0,0,0,3,10,3,0,0,0,0,0,0,0,5,3,0,0,0,0,0,0,3,6,0,0,0,0,0,0,0,0,0,0,0,0,0,0,0,0,0,4,0,3,4,0,0,0,0,0,11,0,0,6,5,0,0,0,0,9,0,3,6,0,0,0,0,0,11,0,0,0,0,0,0,0,0,3,5,4,0,3,0,0,0,0,15,0,0,3,6,0,0,0,0,18,0,0,3,3,0,0,0,0,12,0,0,3,3,0,0,0,0,7,0,0,0,0,0,0,0,0,8,0,0,0,0,0,0,0,0,0,21,11,33,20,9,8,7,11,119
SAL21541,0,0,0,0,0,0,0,0,0,4,0,0,0,0,0,0,3,6,3,0,0,0,0,0,0,0,0,0,0,0,0,0,0,0,0,0,4,0,0,0,0,0,0,0,4,0,0,0,0,0,0,0,0,0,0,0,0,0,0,0,0,0,3,4,0,0,5,0,0,0,0,6,0,0,0,0,0,0,0,0,6,0,0,0,0,0,0,0,3,6,0,0,0,0,0,6,0,0,8,0,0,5,7,0,0,0,0,9,0,0,0,0,0,0,0,0,3,0,0,4,0,0,0,0,0,6,0,0,0,0,0,0,0,0,0,22,5,12,13,4,6,0,12,59
SAL21542,16,0,0,0,0,0,0,0,14,16,0,0,0,0,0,0,0,15,31,0,0,0,0,0,0,0,34,26,9,0,0,0,0,0,5,45,8,6,5,6,0,0,0,0,23,4,3,9,4,0,0,0,5,29,4,3,11,3,3,0,0,5,25,8,3,9,10,0,0,0,7,35,4,8,14,15,10,0,0,5,54,8,6,15,22,5,0,0,7,62,12,10,30,15,11,3,0,10,77,9,0,18,17,3,0,0,4,61,0,4,15,6,4,0,0,0,37,0,0,6,8,3,0,0,3,24,0,6,4,10,3,0,0,8,35,150,59,146,118,36,9,0,64,580
SAL21543,0,0,0,0,0,0,0,0,0,0,0,0,0,0,0,0,0,0,0,0,0,0,0,0,0,0,0,0,0,0,0,0,0,0,0,0,0,0,0,0,0,0,0,0,0,0,0,0,0,0,0,0,0,0,0,0,0,0,0,0,0,0,0,0,0,0,0,0,0,0,0,0,0,0,0,0,0,0,0,0,0,0,0,0,0,0,0,0,0,0,0,0,0,0,0,0,0,0,0,0,0,0,0,0,0,0,0,0,0,0,0,0,0,0,0,0,0,0,0,0,0,0,0,0,0,0,0,0,0,0,0,0,0,0,0,0,0,0,0,0,0,0,0,5
SAL21544,96,0,0,0,0,0,0,7,95,94,3,0,0,0,0,0,9,104,80,13,10,6,0,0,0,13,112,37,23,12,10,8,0,0,0,83,13,12,27,20,0,0,0,6,77,10,13,40,12,5,0,0,6,87,7,19,45,29,9,5,7,0,119,7,10,33,25,9,0,0,3,96,6,8,41,32,12,8,4,0,112,13,8,35,27,8,0,0,5,94,7,0,19,15,0,0,0,3,52,4,5,13,14,0,3,3,0,44,0,0,10,0,5,4,0,3,23,0,3,5,6,7,0,6,4,26,0,0,5,7,6,0,0,0,12,370,113,289,204,69,22,18,57,1142
SAL21545,0,0,0,0,0,0,0,0,0,0,0,0,0,0,0,0,0,0,6,0,0,0,0,0,0,0,6,0,0,0,0,0,0,0,0,0,0,0,0,0,0,0,0,0,0,0,0,0,0,0,0,0,0,0,0,0,0,0,0,0,0,0,0,0,0,0,0,0,0,0,0,3,0,0,0,0,0,0,0,0,0,0,0,0,0,0,0,0,0,5,0,0,0,0,0,0,0,0,0,0,0,0,0,0,0,0,0,0,0,0,0,0,0,0,0,0,0,0,0,0,0,0,0,0,0,6,0,0,0,0,0,0,0,0,0,3,0,3,4,0,0,0,0,14
SAL21546,8,0,0,0,0,0,0,0,8,4,0,0,0,0,0,0,0,4,4,0,0,0,0,0,0,0,8,0,0,0,0,0,0,0,0,9,0,0,3,0,0,0,0,0,4,0,0,5,0,0,0,0,0,4,0,0,5,3,0,0,0,0,7,0,3,7,0,0,0,0,0,17,0,0,5,4,0,0,0,0,8,0,0,4,4,0,0,0,0,11,0,0,4,4,0,0,0,0,6,0,0,0,0,0,0,0,0,3,0,0,0,3,0,0,0,0,3,0,0,0,0,0,0,0,0,0,0,0,0,0,0,0,0,0,0,14,6,32,22,9,0,0,10,93
SAL21547,96,0,0,0,0,0,0,6,107,105,0,0,0,0,0,0,3,110,62,14,4,0,0,0,0,0,85,58,17,20,3,0,0,0,0,104,40,21,40,19,0,0,0,6,115,31,26,61,24,0,0,0,6,147,16,18,58,39,16,0,0,0,143,31,16,55,32,10,0,0,4,150,16,18,60,23,5,0,0,0,131,25,14,58,36,13,3,0,10,153,16,10,45,33,11,0,0,6,122,6,10,47,39,12,0,0,7,112,9,3,35,23,7,3,3,4,93,5,4,23,19,7,0,0,6,68,5,8,38,25,9,10,9,7,102,515,185,546,306,84,17,14,72,1738
SAL21548,0,0,0,0,0,0,0,0,0,0,0,0,0,0,0,0,0,0,0,0,0,0,0,0,0,0,0,0,0,0,0,0,0,0,0,0,0,0,0,0,0,0,0,0,0,0,0,0,0,0,0,0,0,0,0,0,0,0,0,0,0,0,0,0,0,0,0,0,0,0,0,0,0,0,0,0,0,0,0,0,0,0,0,0,0,0,0,0,0,0,0,0,0,0,0,0,0,0,0,0,0,0,0,0,0,0,0,0,0,0,0,0,0,0,0,0,0,0,0,0,0,0,0,0,0,0,0,0,0,0,0,0,0,0,0,0,0,0,0,0,0,0,0,0
SAL21549,0,0,0,0,0,0,0,0,0,0,0,0,0,0,0,0,0,0,0,0,0,0,0,0,0,0,4,0,0,0,0,0,0,0,0,0,0,0,0,0,0,0,0,0,0,0,0,0,0,0,0,0,0,0,0,0,0,0,0,0,0,0,0,0,0,0,0,0,0,0,0,0,0,0,0,5,0,0,0,0,0,0,0,0,0,0,0,0,0,6,0,0,0,0,0,0,0,0,0,6,0,0,0,0,0,0,0,5,0,0,0,0,0,0,0,0,0,0,0,0,0,0,0,0,0,0,0,0,0,0,0,0,0,0,0,4,0,5,3,0,0,0,0,16
SAL21550,72,0,0,0,0,0,0,6,84,99,9,0,0,0,0,0,3,117,73,15,17,4,0,0,0,3,116,38,40,44,19,0,0,0,0,149,23,29,68,14,9,4,0,0,149,8,10,36,20,7,0,0,3,83,3,16,46,16,0,5,3,0,99,10,7,33,16,0,0,0,0,65,3,6,23,15,7,0,0,0,53,6,6,21,8,4,0,0,0,55,0,4,25,16,7,0,0,5,55,3,5,31,12,3,4,0,6,63,3,4,14,6,10,3,0,4,46,0,0,3,5,0,0,0,0,15,0,0,0,4,3,0,0,0,15,352,163,356,164,62,19,14,40,1173
SAL21551,40,0,0,0,0,0,0,4,47,26,5,0,0,0,0,0,5,38,28,4,7,0,0,0,0,3,47,8,14,16,3,0,4,0,0,43,0,8,11,7,0,0,0,3,32,5,5,13,8,4,0,0,4,39,4,4,15,6,5,0,0,3,36,12,11,18,5,6,0,0,6,43,3,4,13,6,0,0,3,3,39,6,6,13,13,0,6,0,8,57,5,5,25,16,7,4,3,4,65,4,9,15,10,7,3,0,3,50,6,5,5,3,6,0,0,3,27,0,0,5,3,3,3,0,4,21,0,0,3,3,3,0,0,0,13,161,68,153,97,43,18,5,62,606
SAL21552,0,0,0,0,0,0,0,0,0,0,0,0,0,0,0,0,0,0,0,0,0,0,0,0,0,0,0,0,0,0,0,0,0,0,0,0,0,0,0,0,0,0,0,0,0,0,0,0,0,0,0,0,0,0,0,0,0,0,0,0,0,0,0,0,0,0,0,0,0,0,0,0,0,0,0,0,0,0,0,0,0,0,0,0,0,0,0,0,0,0,0,0,0,0,0,0,0,0,0,0,0,0,0,0,0,0,0,3,0,0,0,0,0,0,0,0,0,0,0,0,0,0,0,0,0,0,0,0,0,0,0,0,0,0,0,0,0,4,3,0,0,0,0,10
SAL21553,7,0,0,0,0,0,0,0,9,5,0,0,0,0,0,0,0,7,3,0,0,0,0,0,0,0,11,0,0,3,0,0,0,0,0,4,0,0,0,0,0,0,0,0,5,0,0,0,0,0,0,0,0,3,0,0,0,0,0,0,0,0,4,0,0,0,3,0,0,0,0,10,3,0,0,0,0,0,0,6,12,0,0,4,7,0,0,0,0,9,3,0,3,0,0,0,0,0,13,0,0,4,0,0,0,0,0,3,0,0,0,0,0,0,0,0,4,0,0,0,0,0,0,0,0,6,0,0,0,0,0,0,0,0,0,30,9,26,20,5,0,0,9,92
SAL21554,289,0,0,0,0,0,0,22,311,293,7,4,0,0,0,0,29,337,188,49,39,10,0,0,0,22,310,94,87,91,38,9,4,0,17,337,47,73,160,63,14,6,9,21,382,28,64,145,61,22,6,0,11,337,32,58,154,56,16,11,6,9,344,29,48,137,62,19,5,7,3,319,20,36,72,45,23,3,0,4,212,12,30,87,46,17,9,7,10,205,9,15,52,24,14,3,3,3,130,6,11,37,30,21,4,3,8,107,3,3,20,21,11,3,3,0,63,4,4,15,18,10,3,4,4,59,3,10,23,25,17,8,13,0,108,1056,489,1033,502,201,63,57,171,3571
SAL21555,229,0,0,0,0,0,0,10,243,207,9,4,0,0,0,0,18,242,166,47,31,0,3,0,0,16,262,114,132,121,42,7,0,0,9,424,64,136,242,75,13,3,0,17,555,42,75,215,65,11,6,10,21,442,34,49,155,44,18,11,4,12,315,18,33,90,29,14,3,7,7,206,12,19,73,27,5,4,5,4,159,8,18,46,29,10,5,3,6,127,3,22,37,37,15,4,0,7,124,4,9,27,15,8,0,3,7,68,0,0,5,9,0,6,0,0,23,0,0,8,0,0,3,0,0,16,0,0,4,3,0,0,0,5,11,903,545,1068,377,105,40,28,148,3228
SAL21556,0,0,0,0,0,0,0,0,0,0,0,0,0,0,0,0,0,0,0,0,0,0,0,0,0,0,0,0,0,0,0,0,0,0,0,0,0,0,0,0,0,0,0,0,0,0,0,0,0,0,0,0,0,0,0,0,0,0,0,0,0,0,0,0,0,0,0,0,0,0,0,0,0,0,0,0,0,0,0,0,0,0,0,0,0,0,0,0,0,0,0,0,0,0,0,0,0,0,0,0,0,0,0,0,0,0,0,4,0,0,0,0,0,0,0,0,0,0,0,0,0,0,0,0,0,0,0,0,0,0,0,0,0,0,0,5,5,0,4,0,0,0,0,16
SAL21557,0,0,0,0,0,0,0,0,0,0,0,0,0,0,0,0,0,0,0,0,4,0,0,0,0,0,4,0,0,0,0,0,0,0,0,4,4,0,4,0,0,0,0,0,5,0,0,0,0,0,0,0,5,0,4,0,0,0,0,0,0,0,7,4,0,8,0,0,0,0,0,9,0,0,0,0,0,0,0,0,0,0,0,4,0,0,0,0,4,15,3,4,0,4,0,0,0,0,10,0,0,0,3,0,0,0,0,3,0,0,0,0,0,0,0,0,4,0,0,0,0,0,0,0,0,0,0,0,0,0,0,0,0,0,0,22,6,20,12,5,0,3,6,73
SAL21558,255,0,0,0,0,0,0,13,267,236,3,0,0,0,0,0,8,251,153,8,10,0,0,0,0,8,170,50,36,47,10,0,0,0,5,144,21,38,100,21,4,3,0,5,195,17,24,106,47,13,0,0,0,209,21,45,127,56,15,3,4,4,270,20,34,174,87,17,5,0,3,337,23,38,157,93,17,3,0,8,350,17,26,82,53,21,5,3,4,208,15,17,71,38,9,0,0,3,162,9,14,35,27,11,0,0,9,99,0,3,28,18,5,5,0,0,67,0,5,12,13,5,8,0,3,45,0,3,3,4,8,0,0,4,27,837,295,950,461,122,32,10,93,2799
SAL21559,33,0,0,0,0,0,0,9,45,25,0,0,0,0,0,0,0,22,19,0,0,0,0,0,0,4,21,7,5,9,0,0,0,0,0,19,3,0,4,10,0,0,0,0,17,0,3,13,10,5,0,0,0,33,0,6,14,9,3,0,0,0,36,8,5,16,8,3,3,0,6,52,3,8,24,0,5,0,0,0,57,5,0,19,5,5,0,0,0,37,0,4,5,10,0,0,0,0,20,0,0,6,12,4,0,0,0,25,0,0,3,0,0,0,0,0,7,0,0,0,0,0,0,0,0,5,0,0,0,0,0,0,0,0,0,107,35,124,64,28,6,3,23,395
SAL21560,17,0,0,0,0,0,0,0,17,12,0,0,0,0,0,0,0,12,8,0,0,0,0,0,0,0,8,4,6,0,4,0,0,0,0,12,0,0,7,0,0,0,0,0,12,0,3,0,4,0,0,0,0,9,5,0,0,5,0,0,0,0,13,3,0,11,0,6,0,0,0,21,0,8,9,4,5,0,0,0,22,3,0,8,5,0,0,0,0,20,4,0,8,3,4,0,0,0,15,0,0,3,7,0,0,0,0,12,0,0,4,3,0,0,0,0,10,0,0,3,0,0,4,0,0,10,0,0,0,0,0,0,0,6,11,53,22,54,40,12,3,0,16,199
SAL21561,27,0,0,0,0,0,0,0,26,16,0,0,0,0,0,0,0,23,15,0,0,0,0,0,0,0,15,5,4,7,3,0,0,0,5,16,7,0,5,5,0,0,0,0,11,5,0,17,4,0,0,0,0,25,10,3,15,11,0,0,0,0,37,14,3,26,8,0,0,0,0,54,13,0,12,12,3,0,0,0,41,5,4,14,5,5,0,0,3,34,4,6,10,8,5,0,0,0,35,6,0,12,4,3,0,0,0,22,0,0,3,5,0,0,0,4,11,0,3,0,5,0,0,0,0,9,0,0,0,0,0,0,0,0,11,116,35,118,67,15,4,0,16,368
SAL21562,51,0,0,0,0,0,0,7,61,27,5,0,0,0,0,0,7,33,15,6,0,0,0,0,0,4,22,20,10,10,0,0,0,0,0,38,10,10,27,13,7,0,0,0,69,9,8,26,23,9,0,0,0,76,17,5,43,19,0,0,0,12,94,13,4,35,12,11,3,0,5,84,7,11,27,17,6,0,0,4,72,10,5,34,14,7,0,0,5,70,9,8,37,9,6,3,0,4,76,7,3,17,21,7,5,0,3,58,0,0,17,0,0,0,0,0,29,0,0,8,7,0,0,0,0,13,0,7,0,0,0,0,0,0,10,194,80,272,138,47,14,7,50,800
SAL21563,0,0,0,0,0,0,0,0,0,0,0,0,0,0,0,0,0,0,0,0,0,0,0,0,0,0,0,0,0,0,0,0,0,0,0,0,0,0,0,0,0,0,0,0,0,0,0,0,0,0,0,0,0,0,0,0,0,0,0,0,0,0,0,0,0,0,0,0,0,0,0,0,0,0,0,0,0,0,0,0,0,5,0,0,0,0,0,0,0,4,0,0,0,0,0,0,0,0,0,0,0,0,0,0,0,0,0,0,0,0,0,0,0,0,0,0,0,0,0,0,0,0,0,0,0,0,0,0,0,0,0,0,0,0,0,4,0,0,0,3,0,0,0,14
SAL21564,252,0,0,0,0,0,0,12,261,230,3,0,0,0,0,0,10,245,245,12,8,0,0,0,0,8,274,176,85,58,3,4,0,0,11,341,103,109,138,31,5,0,0,7,400,74,65,141,47,12,0,5,10,340,70,62,180,57,9,3,0,8,396,60,63,161,48,13,0,0,7,353,59,52,116,50,9,3,4,5,299,36,37,113,52,11,0,0,4,263,46,32,111,52,15,6,0,8,275,24,29,111,61,14,0,7,7,261,21,7,62,55,18,7,3,3,178,8,18,44,36,20,3,8,10,143,24,17,67,78,39,16,16,14,278,1430,605,1308,575,162,40,46,138,4298
SAL21565,0,0,0,0,0,0,0,0,0,4,0,0,0,0,0,0,0,4,3,0,0,0,0,0,0,0,3,0,0,0,0,0,0,0,0,0,0,0,0,0,0,0,0,0,0,0,0,0,0,0,0,0,0,0,0,0,0,0,0,0,0,0,0,0,0,0,0,0,0,0,0,4,0,0,0,0,0,0,0,0,0,0,0,0,0,0,0,0,0,0,0,0,0,0,0,0,0,0,0,0,0,0,4,0,0,0,0,5,0,0,0,0,0,0,0,0,0,0,0,0,0,0,0,0,0,0,0,0,0,0,0,0,0,0,0,8,0,3,11,7,0,0,3,26
SAL21566,0,0,0,0,0,0,0,0,0,0,0,0,0,0,0,0,0,0,0,0,0,0,0,0,0,0,0,0,0,0,0,0,0,0,0,0,0,0,0,0,0,0,0,0,0,0,0,0,0,0,0,0,0,0,0,0,0,0,0,0,0,0,0,0,0,0,0,0,0,0,0,0,0,0,0,0,0,0,0,0,0,0,0,0,0,0,0,0,0,0,0,0,0,0,0,0,0,0,0,0,0,0,0,0,0,0,0,0,0,0,0,0,0,0,0,0,0,0,0,0,0,0,0,0,0,0,0,0,0,0,0,0,0,0,0,3,0,0,4,0,0,0,0,8
SAL21567,0,0,0,0,0,0,0,0,0,0,0,0,0,0,0,0,0,0,0,0,0,0,0,0,0,0,0,0,0,0,0,0,0,0,0,0,3,0,4,0,0,0,0,4,10,0,0,0,0,0,0,0,0,8,0,0,0,0,0,0,0,0,5,0,0,0,0,0,0,0,0,3,0,0,3,0,0,0,0,0,3,0,0,0,0,0,0,0,0,4,0,0,4,3,0,0,0,0,4,0,0,0,0,0,0,0,0,8,0,0,0,0,0,0,4,0,4,0,0,0,0,0,0,0,3,3,0,0,0,0,0,0,0,0,0,6,4,14,5,0,0,4,10,44
SAL21568,0,0,0,0,0,0,0,0,0,0,0,0,0,0,0,0,0,0,0,0,0,0,0,0,0,0,0,0,0,0,0,0,0,0,0,0,0,0,0,0,0,0,0,0,0,0,0,0,0,0,0,0,0,0,0,0,0,0,0,0,0,0,0,0,0,0,0,0,0,0,0,0,0,0,0,0,0,0,0,0,0,0,0,0,0,0,0,0,0,0,0,0,0,0,0,0,0,0,0,0,0,0,0,0,0,0,0,0,0,0,0,0,0,0,0,0,0,0,0,0,0,0,0,0,0,0,0,0,0,0,0,0,0,0,0,0,0,5,0,3,0,0,0,7
SAL21569,120,0,0,0,0,0,0,5,130,135,8,5,0,0,0,0,14,163,151,70,26,6,0,0,0,8,259,87,58,82,25,8,0,0,10,272,38,53,103,40,7,0,0,3,259,39,34,65,27,17,5,0,8,198,32,22,69,43,0,0,0,7,181,9,22,47,27,12,3,0,3,128,15,11,42,30,12,0,4,10,125,12,13,44,25,9,0,4,4,107,7,8,35,29,12,0,3,5,109,9,15,30,21,12,11,0,0,96,7,3,29,23,11,4,0,5,85,3,0,7,14,11,6,0,0,40,7,6,10,15,5,8,8,4,66,678,319,589,328,126,36,37,98,2212
SAL21570,0,0,0,0,0,0,0,0,0,0,0,0,0,0,0,0,0,0,0,0,0,0,0,0,0,0,0,0,0,0,0,0,0,0,0,0,0,0,0,0,0,0,0,0,0,0,0,0,0,0,0,0,0,0,0,0,0,0,0,0,0,0,0,0,0,0,0,0,0,0,0,3,0,0,0,0,0,0,0,0,0,0,0,0,0,0,0,0,0,3,0,0,0,0,0,0,0,0,0,0,0,0,0,0,0,0,0,3,0,0,0,0,0,0,0,0,0,0,0,0,0,0,0,0,0,0,0,0,0,0,0,0,0,0,0,0,0,0,0,0,0,0,0,7
SAL21571,139,0,0,0,0,0,0,17,154,98,14,7,0,0,0,0,8,127,78,23,21,5,3,0,0,14,144,43,25,46,30,10,0,0,9,166,26,15,57,28,23,3,0,10,173,11,11,54,59,18,5,4,6,166,10,12,53,32,16,0,3,10,135,14,13,46,47,22,0,0,15,155,17,8,63,61,22,0,4,10,186,15,21,59,68,22,5,4,4,199,10,12,54,52,20,9,3,13,179,6,12,68,44,18,7,4,9,181,6,3,37,34,21,6,12,12,142,4,5,14,29,14,5,7,9,87,4,6,18,19,20,5,10,6,86,491,183,601,501,220,63,59,156,2272
SAL21572,0,0,0,0,0,0,0,0,3,3,0,0,0,0,0,0,0,3,0,0,0,0,0,0,0,0,3,0,0,0,0,0,0,0,0,0,0,0,0,0,0,0,0,0,0,0,0,0,3,0,0,0,0,3,6,0,0,0,0,0,0,0,5,0,0,0,0,0,0,0,0,5,0,0,0,3,0,0,0,0,8,0,0,0,0,0,0,0,0,0,0,0,0,0,0,0,0,0,3,0,0,0,0,0,0,0,0,0,0,0,0,0,0,0,0,0,0,0,0,0,0,0,0,0,0,0,0,0,0,0,0,0,0,0,0,9,0,10,4,0,0,0,3,34
SAL21573,15,0,0,0,0,0,0,0,20,3,0,0,0,0,0,0,0,3,4,0,0,0,0,0,0,0,5,6,0,4,0,0,0,0,0,5,0,0,0,4,0,0,0,0,5,0,0,6,3,0,0,0,0,8,0,0,6,4,0,0,0,0,17,3,0,3,4,0,0,0,0,13,0,3,5,4,0,0,0,0,18,0,4,3,9,0,0,0,0,22,0,0,3,3,0,4,0,0,16,0,0,5,3,0,0,0,0,10,0,0,7,0,0,0,0,0,6,0,0,0,0,0,0,0,0,5,0,0,0,0,0,0,0,0,0,38,10,43,26,17,4,4,6,145
SAL21574,181,0,0,0,0,0,0,8,197,115,3,0,0,0,0,0,9,129,59,24,18,8,0,0,0,4,110,32,30,54,22,5,0,0,4,141,16,26,98,45,19,3,0,7,222,18,26,96,57,20,0,0,8,220,14,25,89,64,17,4,0,9,204,6,20,69,48,17,9,0,3,170,19,14,61,52,21,6,4,3,173,9,15,49,43,14,0,0,8,136,3,7,67,48,14,3,6,7,156,10,10,43,26,4,7,0,4,99,5,4,22,12,14,4,3,0,60,0,0,5,5,7,0,0,0,17,0,0,3,0,3,0,0,0,15,478,188,668,429,154,32,16,74,2046
SAL21575,211,0,0,0,0,0,0,27,237,282,6,0,0,0,0,0,41,334,405,35,11,6,3,0,0,49,503,318,102,42,8,3,0,0,26,507,187,115,114,26,5,0,0,30,483,99,66,121,47,14,3,0,27,375,54,44,116,42,9,3,3,20,304,59,39,97,33,11,0,3,10,263,32,27,97,32,12,4,4,7,224,30,38,70,36,9,10,4,14,204,30,28,66,28,12,7,5,15,191,14,16,32,26,18,5,9,9,131,9,8,29,25,12,10,4,5,94,8,7,19,21,9,6,12,5,80,3,3,32,31,15,8,16,3,116,1746,547,849,364,140,62,55,280,4047
SAL21576,17,0,0,0,0,0,0,0,13,13,0,0,0,0,0,0,0,19,6,0,0,0,0,0,0,0,15,0,3,4,0,0,0,0,0,15,0,0,7,0,0,0,0,4,17,0,0,9,4,4,0,0,4,23,0,0,6,4,0,0,0,0,14,3,5,11,4,3,0,0,3,25,0,3,9,0,0,0,0,0,19,0,0,0,0,0,0,0,0,3,0,0,4,3,6,0,0,0,12,0,0,0,3,0,0,0,0,5,0,0,0,0,0,0,0,4,3,0,0,0,0,0,0,0,0,0,0,0,0,0,0,0,0,0,3,46,21,50,27,19,3,0,18,180
SAL21577,0,0,0,0,0,0,0,0,0,0,0,0,0,0,0,0,0,0,0,0,0,0,0,0,0,0,0,0,0,0,0,0,0,0,0,0,0,0,0,0,0,0,0,0,0,0,0,0,0,0,0,0,0,0,0,0,0,0,0,0,0,0,0,0,0,0,0,0,0,0,0,5,0,0,0,0,0,0,0,0,3,0,0,0,0,0,0,0,0,0,0,0,0,0,0,0,0,0,0,0,0,0,0,0,0,0,0,0,0,0,0,0,0,0,0,0,0,0,0,0,0,0,0,0,0,4,0,0,0,0,0,0,0,0,0,3,4,3,4,0,0,0,0,16
SAL21578,7,0,0,0,0,0,0,3,10,10,0,0,0,0,0,0,0,8,10,0,0,0,0,0,0,0,10,9,0,0,0,0,0,0,0,8,0,0,0,0,0,0,0,0,6,0,0,3,5,0,0,0,0,7,0,0,8,0,0,0,0,0,13,12,3,8,5,0,0,0,0,27,3,0,9,5,0,0,0,0,22,0,3,8,14,0,0,0,9,32,3,0,4,3,0,0,0,4,19,5,3,12,3,4,0,0,0,25,0,0,5,5,0,0,0,0,11,0,0,3,3,0,0,0,0,10,0,0,0,0,5,0,0,0,4,57,12,51,47,8,4,3,19,204
SAL21579,8,0,0,0,0,0,0,0,8,6,0,0,0,0,0,0,0,8,4,0,0,0,0,0,0,0,5,7,0,0,3,0,0,0,0,8,0,0,3,0,0,0,0,0,9,0,5,3,0,0,0,0,0,8,0,0,0,0,0,0,0,0,11,0,0,6,0,0,0,0,0,3,0,0,0,6,0,0,0,0,11,0,0,4,0,0,0,0,0,11,0,0,0,4,0,0,0,0,9,0,0,4,0,0,0,0,0,10,0,0,0,5,0,0,0,0,5,0,0,0,0,0,0,0,0,4,0,0,0,0,0,0,0,0,0,25,5,31,22,5,0,4,0,94
SAL21580,0,0,0,0,0,0,0,0,0,0,0,0,0,0,0,0,0,0,0,0,0,0,0,0,0,0,0,3,0,0,0,0,0,0,0,3,0,0,0,0,0,0,0,0,0,0,0,0,0,0,0,0,0,3,0,0,0,0,0,0,0,0,4,0,0,0,0,0,0,0,0,0,0,0,3,0,0,0,0,0,3,0,0,0,0,0,0,0,0,9,0,0,0,0,0,0,0,0,7,0,0,0,0,0,0,0,0,0,0,0,0,0,0,0,0,0,3,0,0,0,0,0,0,0,0,0,0,0,0,0,0,0,0,0,0,8,3,10,0,3,4,0,4,28
SAL21581,0,0,0,0,0,0,0,0,0,0,0,0,0,0,0,0,0,0,0,0,0,0,0,0,0,0,0,0,0,0,0,0,0,0,0,0,0,0,0,0,0,0,0,0,0,0,0,0,0,0,0,0,0,0,0,0,0,0,0,0,0,0,0,0,0,0,0,0,0,0,0,0,0,0,0,5,0,0,0,0,6,0,0,0,0,0,0,0,0,5,0,0,0,0,0,0,0,0,0,0,0,0,0,0,0,0,0,0,0,0,0,0,0,0,0,0,0,0,0,0,0,0,0,0,0,0,0,0,0,0,0,0,0,0,0,0,0,6,0,3,0,0,0,17
SAL21582,4,0,0,0,0,0,0,0,7,0,0,0,0,0,0,0,0,0,0,0,0,0,0,0,0,0,0,0,4,0,0,0,0,0,0,4,0,0,0,0,0,0,0,0,3,0,0,0,0,0,0,0,0,4,0,0,0,0,0,0,0,0,4,0,0,0,3,0,0,0,4,8,0,0,0,8,0,0,0,0,12,0,0,0,0,0,3,0,0,9,4,0,0,0,0,0,0,0,3,0,0,3,0,0,0,0,0,6,0,0,0,0,0,0,0,0,0,0,0,0,0,0,0,0,0,5,0,0,0,0,0,0,0,0,0,13,11,14,20,4,5,4,12,73
SAL21583,29,0,0,0,0,0,0,6,31,14,0,0,0,0,0,0,0,14,14,6,0,0,0,0,0,0,23,8,7,8,0,0,0,0,0,22,13,11,6,6,0,0,0,0,33,13,3,10,5,0,0,0,5,36,19,4,12,7,5,0,0,3,46,15,9,16,10,0,0,0,9,58,28,17,26,19,3,0,0,10,93,32,10,28,14,10,5,0,4,93,18,18,29,23,6,0,0,6,105,19,4,38,13,4,0,0,8,91,7,8,20,12,4,0,0,6,60,7,6,6,4,3,0,4,3,32,0,4,8,5,4,3,4,3,34,235,101,211,118,47,16,9,50,781
SAL21584,17,0,0,0,0,0,0,6,22,11,0,0,0,0,0,0,0,9,17,3,0,0,0,0,0,0,16,7,6,5,6,0,0,0,4,23,5,6,4,5,0,0,0,0,31,3,0,11,9,0,0,0,4,32,4,5,12,9,0,0,0,4,35,7,0,13,10,0,0,0,0,33,6,3,21,6,4,0,0,3,46,14,10,24,14,5,0,0,4,74,10,11,17,13,4,0,0,3,62,14,12,23,12,4,0,0,8,67,6,5,10,11,6,3,0,0,38,3,0,6,6,5,0,0,3,19,4,3,4,8,4,0,0,4,25,117,68,157,101,35,6,6,46,536
SAL21585,11,0,0,0,0,0,0,5,17,10,0,0,0,0,0,0,5,12,3,5,4,0,0,0,0,3,23,10,10,6,0,0,0,0,0,31,12,0,9,3,0,0,0,4,27,6,5,13,3,0,0,0,0,31,11,0,11,3,0,0,0,5,23,6,8,11,9,8,0,0,0,40,7,0,9,10,0,0,0,0,34,11,3,13,9,0,0,5,0,40,0,0,12,10,4,0,0,0,30,8,0,3,7,0,0,0,4,26,0,3,3,7,5,0,0,4,20,0,0,0,0,0,0,0,0,5,0,0,0,0,0,0,5,0,0,97,37,102,63,21,5,7,34,358
SAL21586,284,0,0,0,0,0,0,23,308,296,0,0,0,0,0,0,12,312,310,8,0,0,0,0,0,19,337,212,45,27,0,0,0,0,14,304,122,61,89,30,3,0,0,13,310,86,46,113,33,10,0,0,12,305,50,41,153,90,16,0,5,14,378,59,48,145,81,12,0,0,8,365,55,44,132,69,17,5,4,10,327,50,31,128,67,23,0,0,13,307,55,35,117,60,23,7,0,10,309,41,32,133,62,19,0,0,12,307,42,24,95,54,15,7,3,12,255,31,16,63,70,21,7,0,14,220,30,19,53,54,32,10,13,21,233,1731,450,1259,670,196,34,23,207,4572
SAL21587,671,0,0,0,0,0,0,24,692,847,6,0,0,0,0,0,49,902,764,32,5,0,0,0,0,57,850,473,171,56,7,0,0,0,37,743,227,157,227,63,10,0,0,32,713,143,95,296,127,14,0,0,23,709,124,100,318,148,27,3,0,11,726,126,128,379,186,39,3,5,12,870,114,91,304,140,36,8,4,16,719,115,116,218,118,24,7,0,17,628,94,80,200,103,26,5,0,23,536,79,66,201,110,30,3,3,24,523,47,25,128,81,26,12,0,19,343,19,23,111,78,26,7,4,18,293,35,29,112,102,53,24,23,41,421,3886,1131,2558,1262,325,72,43,400,9677
SAL21588,5,0,0,0,0,0,0,0,6,13,0,0,0,0,0,0,0,12,14,0,0,4,0,0,0,0,21,12,8,8,0,0,0,0,0,31,3,0,10,4,0,0,0,0,13,0,4,9,0,0,0,0,0,13,0,0,0,0,0,0,0,0,4,0,5,0,3,0,0,0,0,9,0,0,0,0,0,0,0,0,3,0,0,0,0,0,0,0,0,0,0,0,0,0,0,0,0,0,0,0,0,0,0,0,0,0,0,0,0,0,0,0,0,0,0,0,0,0,0,0,0,0,0,0,0,0,0,0,0,0,0,0,0,0,0,50,22,33,11,4,0,5,5,120
SAL21589,3,0,0,0,0,0,0,0,3,7,0,0,0,0,0,0,0,7,0,3,4,0,0,0,0,0,5,4,0,4,0,0,0,0,0,10,0,0,0,0,0,0,0,0,3,0,0,3,0,0,0,0,0,8,4,0,0,0,0,0,0,0,9,0,3,6,6,4,0,0,0,15,0,0,11,0,3,0,0,0,16,0,0,7,4,0,0,0,0,15,0,0,5,0,0,3,0,0,10,0,0,0,0,0,0,0,0,5,0,0,0,4,0,5,0,4,7,0,0,0,0,0,0,3,0,5,0,0,0,3,0,3,0,0,10,24,5,32,21,13,9,3,8,118
SAL21590,12,0,0,0,0,0,0,0,12,11,0,0,0,0,0,0,3,16,11,0,0,0,0,0,0,0,12,3,0,5,0,0,0,0,0,14,0,0,11,6,0,0,0,0,21,8,3,13,5,0,0,0,7,30,0,0,13,8,0,0,0,0,27,0,8,9,8,0,0,0,0,22,6,0,10,7,3,0,0,3,33,3,0,13,11,6,0,0,0,36,0,0,6,4,0,0,0,0,14,0,0,3,10,0,0,0,0,22,0,0,0,5,3,0,0,0,11,0,0,0,0,0,0,0,0,0,0,0,0,0,0,0,0,0,0,68,23,86,70,23,3,5,11,286
SAL21591,7,0,0,0,0,0,0,6,9,3,0,0,0,0,0,0,0,3,4,0,0,0,0,0,0,0,0,0,0,0,0,0,0,0,0,8,0,0,5,3,0,0,0,0,8,0,0,7,0,0,0,0,0,12,0,0,0,4,0,0,0,0,7,0,0,4,7,0,0,0,0,13,3,0,0,3,0,0,0,0,10,0,0,3,4,4,0,0,0,6,0,0,5,3,0,0,0,0,10,0,0,3,3,0,0,0,0,11,0,0,4,0,0,0,0,0,6,0,0,0,0,0,0,0,0,5,0,0,0,0,0,0,0,0,0,19,5,42,20,8,3,0,9,108
SAL21592,4,0,0,0,0,0,0,0,3,0,0,0,0,0,0,0,0,0,6,0,0,0,0,0,0,0,6,0,0,0,0,0,0,0,0,3,0,0,0,0,0,0,0,0,0,0,0,0,0,0,0,0,3,4,0,0,5,0,0,0,0,0,11,0,0,0,0,0,0,0,0,5,0,0,0,0,0,0,0,0,7,0,0,5,4,0,0,0,0,11,0,0,0,0,0,0,0,0,5,0,0,0,0,0,0,0,7,9,0,0,0,4,0,0,0,0,3,0,0,0,0,0,0,0,0,4,0,0,0,0,0,0,0,0,0,15,5,18,16,5,0,0,13,69
SAL21593,67,0,0,0,0,0,0,6,75,53,3,0,0,0,0,0,6,60,75,7,5,0,0,0,0,3,90,49,17,15,5,0,0,0,6,100,15,17,42,16,0,0,0,0,95,17,15,42,23,10,0,0,8,107,8,14,33,21,10,0,0,0,90,10,6,40,9,3,0,0,3,85,16,14,35,31,0,0,0,0,99,14,12,37,7,5,0,0,6,80,7,5,30,7,6,0,0,0,69,4,9,12,13,6,0,0,0,43,0,3,13,13,5,3,0,4,37,3,3,0,6,13,0,0,0,27,3,0,7,3,0,0,4,6,24,345,130,318,167,67,10,9,50,1092
SAL21594,5,0,0,0,0,0,0,0,5,3,0,0,0,0,0,0,0,3,0,0,0,0,0,0,0,0,0,0,0,0,0,0,0,0,0,0,0,0,0,0,0,0,0,0,3,0,0,0,0,0,0,0,0,3,0,0,3,0,0,0,0,0,3,0,0,4,0,0,0,0,0,8,0,0,0,0,0,0,0,0,3,0,0,0,0,0,0,0,0,4,0,0,0,0,0,0,0,0,3,0,0,4,5,0,0,0,0,5,0,0,0,0,0,0,0,0,3,0,0,0,0,0,0,0,0,0,0,0,0,0,0,0,0,0,0,5,0,16,8,4,0,0,0,44
SAL21595,0,0,0,0,0,0,0,0,0,0,0,0,0,0,0,0,0,0,0,0,0,0,0,0,0,0,0,0,0,0,0,0,0,0,0,0,0,0,0,0,0,0,0,0,0,0,0,0,0,0,0,0,0,0,0,0,0,0,0,0,0,0,6,0,0,0,0,0,0,0,0,3,0,0,0,0,0,0,0,0,0,0,0,0,0,0,0,0,0,0,0,0,0,0,0,0,0,0,0,0,0,0,0,0,0,0,0,0,0,0,0,6,0,0,0,0,4,0,0,0,0,0,0,0,0,0,0,0,0,0,0,0,0,0,0,5,4,3,4,4,0,0,0,24
SAL21596,0,0,0,0,0,0,0,0,0,0,0,0,0,0,0,0,0,0,0,0,0,0,0,0,0,0,0,0,0,0,0,0,0,0,0,0,0,0,0,0,0,0,0,0,0,0,0,0,0,0,0,0,0,0,0,0,0,0,0,0,0,0,0,0,0,0,0,0,0,0,0,0,0,0,0,0,0,0,0,0,0,0,0,0,0,0,0,0,0,0,0,0,0,0,0,0,0,0,3,0,0,0,0,0,0,0,0,5,0,0,0,0,0,0,0,0,0,0,0,0,0,0,0,0,0,0,0,0,0,0,0,0,0,0,0,0,0,3,6,0,0,0,0,11
SAL21597,341,0,0,0,0,0,0,34,377,251,25,7,0,0,0,0,23,314,225,89,61,14,9,0,0,38,436,216,342,201,49,12,6,7,39,867,102,236,371,74,16,12,8,41,863,71,88,219,84,18,7,7,15,515,34,51,110,72,26,8,11,8,317,35,31,92,58,25,3,8,5,261,12,29,53,44,11,6,6,10,165,7,17,53,36,18,0,4,3,138,10,10,34,25,11,0,0,6,103,0,12,29,17,8,5,0,7,67,0,5,17,5,11,5,0,4,41,0,5,0,7,5,0,7,0,17,0,6,7,3,3,3,0,5,33,1306,943,1267,481,169,69,62,223,4519
SAL21598,0,0,0,0,0,0,0,0,0,0,0,0,0,0,0,0,0,0,0,0,0,0,0,0,0,0,0,0,0,0,0,0,0,0,0,0,0,0,0,0,0,0,0,0,0,0,0,0,0,0,0,0,0,0,0,0,0,0,0,0,0,0,0,0,0,0,0,0,0,0,0,0,0,0,0,0,0,0,0,0,0,0,0,0,0,0,0,0,0,0,0,0,0,0,0,0,0,0,0,0,0,0,0,0,0,0,0,0,0,0,0,0,0,0,0,0,0,0,0,0,0,0,0,0,0,0,0,0,0,0,0,0,0,0,0,0,0,0,0,0,0,0,0,0
SAL21599,109,0,0,0,0,0,0,14,126,62,0,4,0,0,0,0,7,74,105,19,3,3,0,0,0,11,146,45,24,36,15,4,0,0,3,130,28,25,58,33,4,3,0,15,173,23,24,57,47,17,3,0,15,183,22,14,51,35,16,0,0,15,155,33,20,57,49,8,3,3,7,175,28,11,79,46,16,0,0,5,190,33,26,98,57,22,3,3,21,260,22,19,79,51,14,7,0,11,208,20,15,76,37,26,3,0,9,194,14,14,43,40,23,3,4,12,152,11,6,21,25,20,3,5,15,104,7,7,22,27,18,21,7,8,118,568,224,683,468,185,44,31,169,2382
SAL21600,0,0,0,0,0,0,0,0,0,0,0,0,0,0,0,0,0,0,0,0,0,0,0,0,0,0,0,0,0,0,0,0,0,0,0,0,0,0,0,0,0,0,0,0,0,0,0,0,0,0,0,0,0,0,0,0,0,0,0,0,0,0,0,0,0,0,0,0,0,0,0,0,0,0,0,0,0,0,0,0,0,0,0,0,0,0,0,0,0,0,0,0,0,0,0,0,0,0,0,0,0,0,0,0,0,0,0,0,0,0,0,0,0,0,0,0,0,0,0,0,0,0,0,0,0,0,0,0,0,0,0,0,0,0,0,0,0,0,0,0,0,0,0,0
SAL21601,4,0,0,0,0,0,0,0,4,6,0,0,0,0,0,0,0,9,4,0,0,0,0,0,0,0,4,5,0,0,0,0,0,0,0,8,0,0,0,0,0,0,0,0,0,0,0,4,0,0,0,0,0,3,0,0,0,0,0,0,0,0,8,0,0,0,3,0,0,0,0,5,0,0,4,0,0,0,0,4,7,0,0,0,3,0,0,0,0,12,0,0,0,7,0,0,0,0,13,0,0,0,3,0,0,0,0,4,0,0,0,0,0,0,0,0,4,0,0,0,0,0,0,0,0,0,0,0,0,0,0,0,0,0,3,25,9,10,19,3,3,0,9,78
SAL21602,4,0,0,0,0,0,0,0,7,4,0,0,0,0,0,0,0,4,4,0,0,0,0,0,0,0,10,0,0,0,0,0,0,0,0,5,0,0,0,5,0,0,0,0,5,0,0,0,0,0,0,0,0,8,4,0,3,6,0,0,0,0,8,0,0,5,0,0,0,0,0,9,0,0,9,4,0,0,0,5,13,0,0,0,0,0,0,0,0,16,0,0,3,3,0,0,0,0,5,0,0,3,0,0,0,0,4,14,0,0,3,0,0,0,0,0,5,0,0,0,0,0,0,0,0,0,0,0,0,0,0,0,0,0,0,15,8,30,18,9,4,0,17,100
SAL21603,0,0,0,0,0,0,0,0,0,3,0,0,0,0,0,0,0,3,4,0,0,0,0,0,0,0,4,7,0,0,0,0,0,0,0,3,0,0,3,0,0,0,0,0,10,8,0,3,0,0,0,0,0,11,0,0,6,0,0,0,0,0,7,0,0,0,5,0,0,0,3,7,7,0,3,0,0,0,0,0,14,0,0,4,0,0,0,0,0,8,9,0,11,3,0,0,0,0,24,0,0,6,3,3,0,0,0,15,3,0,0,6,3,0,0,0,10,0,0,0,3,0,0,0,0,4,0,0,0,0,0,0,0,0,4,35,13,41,14,10,0,0,11,124
SAL21604,269,0,0,0,0,0,0,17,293,454,5,0,0,0,0,0,38,497,579,46,14,0,0,0,0,45,691,473,121,48,17,0,0,0,35,693,252,125,124,37,6,0,0,25,559,148,85,146,60,5,0,0,17,455,92,67,188,59,8,0,3,13,429,85,71,175,63,14,0,0,17,426,79,60,126,60,20,4,0,10,355,38,57,155,65,20,7,3,14,362,35,48,94,54,20,6,3,11,274,35,31,61,50,20,3,6,9,210,10,11,46,23,11,9,3,4,105,0,8,29,10,3,5,6,0,73,0,8,24,14,9,0,17,7,74,2551,734,1222,510,131,35,39,265,5492
SAL21605,0,0,0,0,0,0,0,0,0,3,0,0,0,0,0,0,0,3,4,0,0,0,0,0,0,0,4,0,0,0,0,0,0,0,0,0,0,0,0,0,0,0,0,0,0,0,0,0,0,0,0,0,0,3,0,0,4,0,0,0,0,0,4,0,0,7,0,0,0,0,0,3,0,0,0,0,0,0,0,0,6,0,0,0,0,0,0,0,0,4,0,0,6,0,0,0,0,0,7,0,0,4,0,0,0,0,0,6,0,0,0,3,0,0,0,0,3,0,0,0,0,0,0,0,0,0,0,0,0,0,0,0,0,0,0,8,6,11,12,6,0,0,0,45
SAL21606,3,0,0,0,0,0,0,0,3,0,0,0,0,0,0,0,0,3,0,0,0,0,0,0,0,0,4,0,0,3,0,0,0,0,0,4,0,0,5,0,0,0,0,0,8,0,0,0,0,0,0,0,0,5,3,0,4,0,0,0,0,0,7,0,3,0,0,0,0,0,0,8,0,0,4,4,0,0,0,0,9,0,0,9,8,0,0,0,0,16,3,0,0,3,3,0,0,0,11,0,0,0,4,0,0,0,0,10,0,0,0,0,0,0,0,4,11,0,0,0,0,0,0,0,0,3,0,0,0,0,0,0,0,0,0,18,8,31,22,5,0,0,7,97
SAL21607,0,0,0,0,0,0,0,0,0,0,0,0,0,0,0,0,0,0,0,0,0,0,0,0,0,0,0,0,0,0,0,0,0,0,0,0,0,0,0,0,0,0,0,0,0,0,0,0,0,0,0,0,0,0,0,0,0,0,0,0,0,0,0,0,0,0,0,0,0,0,0,0,0,0,0,0,0,0,0,0,0,0,0,0,0,0,0,0,0,0,0,0,0,0,0,0,0,0,0,0,0,0,0,0,0,0,0,0,0,0,0,0,0,0,0,0,0,0,0,0,0,0,0,0,0,0,0,0,0,0,0,0,0,0,0,0,0,0,0,0,0,0,0,4
SAL21608,9,0,0,0,0,0,0,0,9,0,0,0,0,0,0,0,0,0,8,0,0,0,0,0,0,0,12,7,3,5,0,0,0,0,0,21,7,4,4,0,4,0,0,0,12,9,0,4,6,0,0,0,0,19,4,3,6,0,0,0,0,0,20,10,5,3,0,0,0,0,0,22,3,0,14,6,3,0,0,0,37,0,3,11,10,0,0,0,0,30,0,0,12,9,0,0,0,4,34,0,0,12,4,0,0,0,0,18,0,0,9,3,6,3,0,0,19,0,0,3,0,3,0,0,0,14,0,0,0,0,0,0,0,0,7,49,24,91,45,26,5,3,17,254
SAL21609,0,0,0,0,0,0,0,0,5,0,0,0,0,0,0,0,0,0,3,0,0,0,0,0,0,0,3,0,0,0,0,0,0,0,0,0,0,0,0,0,0,0,0,0,3,0,0,0,0,0,0,0,0,3,0,0,3,0,0,0,0,0,6,0,0,4,0,0,0,0,0,7,0,0,0,3,0,0,0,0,3,0,0,5,0,0,0,0,0,3,0,0,0,0,0,0,0,4,3,0,0,0,0,0,0,0,0,0,0,0,0,0,0,0,0,0,0,0,0,0,0,0,0,0,0,0,0,0,0,0,0,0,0,0,0,10,0,14,4,0,6,0,0,39
SAL21610,0,0,0,0,0,0,0,0,0,0,0,0,0,0,0,0,0,0,0,0,0,0,0,0,0,0,0,0,0,0,0,0,0,0,0,0,0,0,0,0,0,0,0,0,0,0,0,0,0,0,0,0,0,0,0,0,0,0,0,0,0,0,0,0,0,0,0,0,0,0,0,0,0,0,0,0,0,0,0,0,0,0,0,0,0,0,0,0,0,0,0,0,0,0,0,0,0,0,0,0,0,0,0,0,0,0,0,0,0,0,0,0,0,0,0,0,0,0,0,0,0,0,0,0,0,0,0,0,0,0,0,0,0,0,0,0,0,3,0,0,0,0,0,3
SAL21611,0,0,0,0,0,0,0,0,0,0,0,0,0,0,0,0,0,0,0,0,0,0,0,0,0,0,0,0,0,0,0,0,0,0,0,0,0,0,0,0,0,0,0,0,0,0,0,0,0,0,0,0,0,0,0,0,0,0,0,0,0,0,0,0,0,0,0,0,0,0,0,0,0,0,0,0,0,0,0,0,0,0,0,0,0,0,0,0,0,0,0,0,0,0,0,0,0,0,0,0,0,0,0,0,0,0,0,4,0,0,0,0,0,0,0,0,0,0,0,0,0,0,0,0,0,0,0,0,0,0,0,0,0,0,0,6,0,0,4,0,0,0,0,8
SAL21612,54,0,0,0,0,0,0,5,61,32,4,0,0,0,0,0,7,42,49,33,6,3,0,0,0,3,98,24,22,37,16,3,0,0,7,100,8,14,40,21,3,0,0,4,93,0,7,32,16,8,5,0,0,72,3,6,10,14,0,0,0,0,37,5,5,10,14,0,4,0,0,34,6,4,10,7,4,0,0,3,48,5,9,13,11,4,0,0,0,47,0,5,24,15,8,0,0,4,52,0,0,12,4,5,0,0,0,28,0,0,6,3,3,0,0,0,14,0,3,0,0,0,0,0,0,9,0,0,0,0,0,0,0,0,0,195,107,197,125,49,19,0,37,734
SAL21613,0,0,0,0,0,0,0,0,0,0,0,0,0,0,0,0,5,3,0,0,0,0,0,0,0,0,0,0,0,0,0,0,0,0,0,0,6,0,0,0,0,0,0,0,9,0,0,0,0,0,0,0,0,0,0,0,3,0,0,0,0,0,3,0,0,0,0,0,0,0,0,0,0,0,0,3,0,0,0,0,5,0,0,0,4,0,0,0,0,4,0,0,0,0,0,0,0,0,3,0,0,0,0,0,0,0,0,5,0,0,0,0,0,0,0,0,0,0,0,0,0,0,0,0,0,4,0,0,0,0,0,0,0,0,0,9,0,10,14,3,0,0,3,35
SAL21614,0,0,0,0,0,0,0,0,0,0,0,0,0,0,0,0,0,0,0,0,0,0,0,0,0,0,6,0,0,0,0,0,0,0,0,0,0,3,0,0,0,0,0,0,0,0,0,0,0,0,0,0,0,4,0,0,0,0,0,0,0,0,0,6,0,0,0,0,0,0,0,0,0,0,0,0,0,0,0,0,3,0,0,0,0,0,0,0,0,4,0,0,3,0,0,0,0,0,3,0,0,0,0,0,0,0,0,0,0,0,0,0,0,0,0,0,0,0,0,0,0,0,0,0,0,0,0,0,0,0,0,0,0,0,0,5,6,8,5,0,0,0,5,30
SAL21615,39,0,0,0,0,0,0,0,40,68,4,0,0,0,0,0,11,88,64,10,5,0,0,0,0,4,88,40,14,18,3,0,0,0,3,85,19,13,19,15,0,0,0,3,68,10,4,28,14,4,0,0,0,59,5,6,11,3,8,0,0,4,44,8,9,9,11,3,0,0,0,45,12,3,13,18,3,6,0,0,49,10,4,17,11,5,0,0,0,46,8,3,20,13,0,0,0,3,52,6,11,30,24,5,4,3,8,94,13,6,29,24,13,5,6,7,97,19,7,33,27,18,8,0,9,110,19,4,32,40,22,11,21,3,142,338,108,263,199,85,24,26,62,1115
SAL21616,0,0,0,0,0,0,0,0,0,0,0,0,0,0,0,0,0,0,0,0,0,0,0,0,0,0,0,0,0,0,0,0,0,0,0,0,0,0,0,0,0,0,0,0,0,0,0,0,0,0,0,0,0,0,0,0,0,0,0,0,0,0,0,0,0,0,0,0,0,0,0,0,0,0,0,0,0,0,0,0,0,0,0,0,0,0,0,0,0,0,0,0,0,0,0,0,0,0,0,0,0,0,0,0,0,0,0,0,0,0,0,0,0,0,0,0,0,0,0,0,0,0,0,0,0,0,0,0,0,0,0,0,0,0,0,0,0,0,0,0,0,0,0,0
SAL21617,0,0,0,0,0,0,0,0,0,0,0,0,0,0,0,0,0,0,3,0,0,0,0,0,0,0,3,0,0,0,0,0,0,0,0,0,0,0,0,0,0,0,0,0,5,0,0,0,0,0,0,0,0,0,0,0,3,0,0,0,0,0,3,0,0,6,0,0,0,0,0,8,0,0,0,5,4,0,0,0,4,0,0,0,0,0,0,0,0,0,0,0,0,4,0,3,0,0,6,0,0,0,0,0,0,0,0,0,0,0,0,0,0,0,0,0,0,0,0,0,0,0,0,0,0,0,0,0,0,0,0,0,0,0,0,4,0,9,4,4,3,0,5,37
SAL21618,179,0,0,0,0,0,0,21,206,124,22,12,4,0,0,0,20,179,105,45,27,19,4,5,0,7,218,56,39,57,26,6,3,0,11,197,33,37,58,24,10,12,5,10,185,21,14,54,29,18,6,0,14,168,37,24,64,53,27,12,7,19,231,48,32,69,55,24,6,8,10,250,42,27,86,71,29,9,6,17,293,40,40,91,66,40,9,8,21,313,35,24,133,67,43,11,9,20,343,29,27,102,90,42,10,6,40,350,31,22,75,69,34,17,3,38,282,8,11,43,54,42,16,13,27,215,18,16,55,43,32,26,18,30,238,811,379,925,669,342,139,76,316,3662
SAL21619,15,0,0,0,0,0,0,3,18,14,0,0,0,0,0,0,0,17,7,3,0,0,0,0,0,0,16,7,6,0,0,0,0,0,0,18,0,0,12,6,4,0,0,0,30,0,0,6,6,0,0,0,0,15,3,0,13,3,4,0,0,0,24,0,4,16,5,4,0,0,0,33,4,0,9,6,0,0,0,0,21,0,0,8,12,4,0,0,0,19,0,0,10,6,0,0,0,0,17,0,0,9,0,3,0,0,0,17,4,0,6,0,0,0,0,0,5,0,0,0,0,0,0,0,0,0,0,0,3,0,0,0,0,4,5,64,14,85,47,18,0,4,21,257
SAL21620,4,0,0,0,0,0,0,3,8,8,0,0,0,0,0,0,0,8,11,0,3,0,0,0,0,0,11,5,5,6,0,3,0,0,0,16,0,3,4,0,0,0,0,0,12,3,0,0,0,0,0,0,0,6,4,0,4,6,0,0,0,0,11,5,0,5,0,0,0,0,0,14,3,0,8,0,0,0,0,0,18,5,4,13,7,0,4,0,0,32,0,0,8,3,0,0,0,5,20,4,0,16,4,0,0,0,0,30,0,0,12,4,0,0,0,0,20,0,0,0,4,0,0,0,0,9,0,0,0,0,0,0,0,0,0,63,12,75,29,9,5,0,15,211
SAL21621,0,0,0,0,0,0,0,0,0,0,0,0,0,0,0,0,0,0,0,0,0,0,0,0,0,0,0,0,0,0,0,0,0,0,0,0,0,0,0,0,0,0,0,0,0,0,0,0,0,0,0,0,0,0,0,0,0,0,0,0,0,0,3,0,0,0,0,0,0,0,0,4,0,0,0,0,0,0,0,0,0,0,0,0,0,0,0,0,0,0,0,0,0,0,0,0,0,0,0,0,0,0,0,0,0,0,0,0,0,0,3,0,0,0,0,0,3,0,0,0,0,0,0,0,0,0,0,0,0,0,0,0,0,0,0,0,0,3,0,4,0,0,3,21
SAL21622,0,0,0,0,0,0,0,0,0,0,0,0,0,0,0,0,0,0,0,0,0,0,0,0,0,0,0,0,0,0,0,0,0,0,0,0,0,0,0,0,0,0,0,0,0,0,0,0,0,0,0,0,0,0,0,0,0,0,0,0,0,0,0,0,0,0,0,0,0,0,0,0,0,0,0,0,0,0,0,0,0,0,0,0,0,0,0,0,0,0,0,0,0,0,0,0,0,0,0,0,0,0,0,0,0,0,0,0,0,0,0,0,0,0,0,0,0,0,0,0,0,0,0,0,0,0,0,0,0,0,0,0,0,0,0,0,0,0,5,0,0,0,0,8
SAL21623,0,0,0,0,0,0,0,0,0,0,0,0,0,0,0,0,0,0,0,0,0,0,0,0,0,0,0,0,0,0,0,0,0,0,0,0,0,0,0,0,0,0,0,0,0,0,0,0,0,0,0,0,0,0,0,0,0,0,0,0,0,0,0,0,0,0,0,0,0,0,0,7,0,0,0,0,0,0,0,0,0,0,0,0,0,0,0,0,0,0,0,0,0,0,0,0,0,0,0,0,0,0,0,0,0,0,0,0,0,0,0,0,0,0,0,0,0,0,0,0,0,0,0,0,0,0,0,0,0,0,0,0,0,0,0,0,0,0,5,0,0,0,0,3
SAL21624,11,0,0,0,0,0,0,0,11,7,0,0,0,0,0,0,0,7,0,0,0,0,0,0,0,0,3,0,0,0,0,0,0,0,0,9,0,0,0,0,0,0,0,0,0,0,3,8,3,4,0,0,0,11,0,0,4,4,0,0,0,0,8,0,0,10,3,4,0,0,0,15,0,0,0,0,0,0,0,0,0,0,0,0,3,0,0,0,0,5,0,0,4,0,0,0,0,0,4,0,0,5,0,0,0,0,0,6,0,0,0,0,0,0,0,0,0,0,0,0,0,0,0,0,0,0,0,0,0,0,0,0,0,0,0,21,6,28,14,6,0,0,3,85
SAL21625,48,0,0,0,0,0,0,6,57,65,0,0,0,0,0,0,6,76,39,11,0,0,0,0,0,4,50,33,23,15,3,0,0,0,4,79,19,9,29,12,3,0,0,3,75,11,16,24,5,3,0,0,5,73,23,18,37,15,5,0,0,3,97,19,13,54,23,6,0,0,3,117,15,10,44,22,9,0,0,6,108,23,14,75,38,18,0,0,13,177,26,13,78,47,6,0,4,9,179,16,14,56,38,18,5,3,16,168,7,19,43,39,15,0,0,7,136,4,5,26,18,13,0,0,6,66,4,4,7,6,14,0,0,8,35,352,158,484,270,108,14,9,98,1496
SAL21626,0,0,0,0,0,0,0,0,0,0,0,0,0,0,0,0,0,0,5,0,0,0,0,0,0,0,3,0,0,0,0,0,0,0,0,0,0,0,0,0,0,0,0,0,0,0,0,0,0,0,0,0,0,0,0,0,0,0,0,0,0,0,0,0,0,0,0,0,0,0,0,0,0,0,0,0,0,0,0,0,0,0,0,0,0,0,0,0,0,4,0,0,0,0,0,0,0,0,8,0,0,0,0,0,0,0,0,0,0,0,0,0,0,0,0,0,0,0,0,0,0,0,0,0,0,0,0,0,0,0,0,0,0,0,0,5,8,0,8,4,0,0,0,24
SAL21627,0,0,0,0,0,0,0,0,0,0,0,0,0,0,0,0,0,0,3,0,0,0,0,0,0,0,3,0,0,0,0,0,0,0,0,3,0,0,0,0,0,0,0,0,0,0,0,0,0,0,0,0,0,3,0,3,4,0,0,0,0,0,9,0,4,0,0,0,0,0,0,5,0,0,9,0,0,0,0,0,8,0,0,3,0,0,0,0,0,4,0,0,0,4,0,0,0,0,6,0,0,0,0,0,0,0,0,0,0,0,0,0,0,0,0,0,0,0,0,0,0,0,0,0,0,0,0,0,0,0,0,0,0,0,0,9,10,14,14,3,0,0,0,51
SAL21628,19,0,0,0,0,0,0,0,23,11,0,0,0,0,0,0,0,11,16,5,4,0,0,0,0,0,24,10,3,3,5,0,0,0,3,23,6,3,8,0,0,0,0,0,26,5,0,3,3,0,0,0,0,21,0,6,9,4,0,0,0,0,19,6,0,5,11,0,0,0,0,23,4,0,12,8,0,0,0,5,27,5,0,10,9,0,0,0,0,32,3,3,13,6,4,0,0,6,30,3,5,18,10,5,3,0,0,40,3,0,5,7,3,0,0,0,16,5,0,3,0,4,0,0,0,14,0,0,3,3,3,6,0,0,9,95,39,106,58,25,9,0,17,350
SAL21629,237,0,0,0,0,0,0,20,258,177,4,0,0,0,0,0,22,193,134,5,3,0,0,0,0,3,151,77,52,28,0,0,0,0,11,173,43,53,99,16,4,0,0,7,220,29,68,139,41,5,3,0,11,298,29,63,147,72,12,3,0,8,325,30,46,160,57,11,4,0,4,312,24,25,87,45,7,0,0,7,199,31,39,68,30,19,0,0,4,185,21,26,52,33,7,0,0,8,151,15,19,44,15,7,0,0,0,109,3,13,32,21,7,0,0,5,75,5,7,31,15,4,0,0,5,76,10,13,38,26,18,8,0,7,132,875,429,920,375,106,19,6,121,2859
SAL21630,3,0,0,0,0,0,0,0,3,0,0,0,0,0,0,0,0,0,0,0,0,0,0,0,0,0,4,0,3,0,0,0,0,0,0,3,0,0,0,0,0,0,0,0,5,0,0,0,0,0,0,0,0,0,0,0,0,0,0,0,0,0,3,0,0,0,0,0,0,0,0,3,0,0,3,0,0,0,0,0,6,0,0,11,0,0,0,0,0,11,0,0,3,4,0,0,0,0,13,0,0,4,5,0,0,0,0,6,0,0,0,0,0,0,0,0,0,0,0,0,0,0,0,0,0,0,0,0,0,0,0,0,0,0,0,9,6,20,7,3,0,0,6,50
SAL21631,4,0,0,0,0,0,0,0,4,0,0,0,0,0,0,0,0,3,0,0,0,0,0,0,0,0,3,0,0,0,0,0,0,0,0,0,0,0,0,4,0,0,0,0,3,0,0,0,0,0,0,0,0,7,0,3,0,0,0,0,0,0,0,0,0,0,0,0,0,0,0,5,0,0,5,0,0,0,0,0,9,0,0,4,0,0,0,0,0,6,0,0,0,0,0,0,0,0,3,0,0,0,0,0,0,0,0,4,0,0,3,0,0,0,0,0,3,0,0,0,0,0,0,0,0,0,0,0,0,0,0,0,0,0,0,8,10,19,11,4,3,0,5,54
SAL21632,0,0,0,0,0,0,0,0,0,0,0,0,0,0,0,0,0,0,0,0,0,0,0,0,0,0,0,0,0,3,0,0,0,0,0,4,0,0,0,4,0,0,0,0,3,0,0,0,0,0,0,0,0,0,0,0,0,0,0,0,0,0,3,0,0,0,0,0,0,0,0,0,0,0,0,0,0,0,0,0,5,0,0,3,0,0,0,0,0,3,0,0,0,0,0,0,0,0,0,0,0,0,0,0,0,0,0,0,0,0,0,0,0,0,0,0,0,0,0,0,0,0,0,0,0,0,0,0,0,0,0,0,0,0,0,0,4,9,6,3,0,4,0,28
SAL21633,5,0,0,0,0,0,0,4,6,3,0,0,0,0,0,0,0,3,0,0,0,0,0,0,0,0,5,0,0,3,0,0,0,0,0,3,0,0,0,0,0,0,0,0,4,0,0,0,0,0,0,0,0,5,0,0,3,0,0,0,0,0,3,0,0,0,0,0,0,0,0,4,0,0,0,0,0,0,0,0,3,0,0,0,5,0,0,0,0,0,0,0,0,4,0,0,0,0,3,0,0,0,0,0,0,0,0,0,0,0,4,0,0,0,0,0,0,0,0,0,0,0,0,0,0,0,0,0,0,0,0,0,0,0,0,9,3,12,14,0,4,0,7,42
SAL21634,0,0,0,0,0,0,0,0,6,0,0,0,0,0,0,0,0,0,0,0,0,0,0,0,0,0,0,0,0,0,0,0,0,0,0,0,0,0,0,0,0,0,0,0,6,0,0,0,0,4,0,0,0,4,0,0,3,0,0,0,0,0,5,0,0,0,0,0,0,0,0,5,6,0,0,0,0,0,0,0,7,0,0,0,0,0,0,0,0,0,0,0,0,0,0,0,0,4,4,0,0,0,0,0,0,0,0,0,0,0,0,0,0,0,0,0,0,0,0,0,0,0,0,0,0,3,0,0,0,0,0,0,0,0,0,13,0,3,4,4,0,0,5,39
SAL21635,432,0,0,0,0,0,0,62,501,462,27,12,0,0,0,0,68,571,341,75,80,22,7,0,4,61,602,150,79,118,79,49,8,9,52,531,93,54,130,86,56,20,7,49,489,70,58,117,87,50,27,10,39,448,54,42,119,92,57,19,20,26,434,56,49,152,123,73,31,20,44,546,47,52,148,116,60,23,34,42,514,34,39,120,85,67,31,28,43,442,28,24,80,83,48,29,19,22,327,23,14,61,64,47,28,20,20,271,8,11,36,34,27,23,23,16,176,0,7,9,18,15,7,16,3,83,3,3,4,13,3,4,26,3,69,1806,536,1188,899,543,246,239,543,6000
SAL21636,0,0,0,0,0,0,0,0,0,0,0,0,0,0,0,0,0,0,0,0,0,0,0,0,0,0,0,0,0,0,0,0,0,0,0,4,0,0,0,0,0,0,0,0,0,0,0,0,0,0,0,0,0,0,0,0,0,0,0,0,0,0,0,0,0,0,0,0,0,0,0,0,0,0,0,0,0,0,0,0,0,0,0,0,0,0,0,0,0,0,0,0,0,0,0,0,0,0,0,0,0,0,0,0,0,0,0,0,0,0,0,0,0,0,0,0,0,0,0,0,0,0,0,0,0,0,0,0,0,0,0,0,0,0,0,0,3,0,0,0,0,0,0,10
SAL21637,24,0,0,0,0,0,0,0,28,8,5,0,0,0,0,0,0,10,12,0,4,0,3,0,0,0,23,13,3,11,0,0,0,0,0,32,0,3,10,11,0,0,0,3,31,0,3,12,6,7,0,0,4,30,7,0,4,10,0,0,0,0,21,4,4,8,3,3,0,0,0,29,5,3,9,5,0,5,0,3,27,5,0,5,9,10,0,0,3,30,4,3,16,9,0,0,0,0,29,7,3,7,7,3,5,0,0,30,0,3,8,4,3,0,0,0,15,0,0,6,4,6,0,0,6,18,0,0,4,0,3,0,0,0,9,87,38,92,62,32,10,7,28,349
SAL21638,0,0,0,0,0,0,0,0,0,0,0,0,0,0,0,0,0,0,0,0,0,0,0,0,0,0,0,0,0,0,0,0,0,0,0,0,0,0,0,0,0,0,0,0,0,0,0,0,0,0,0,0,0,0,0,0,0,0,0,0,0,0,0,0,0,0,0,0,0,0,0,0,0,0,0,0,0,0,0,0,0,0,0,0,0,0,0,0,0,0,0,0,0,0,0,0,0,0,0,0,0,0,0,0,0,0,0,0,0,0,0,0,0,0,0,0,0,0,0,0,0,0,0,0,0,0,0,0,0,0,0,0,0,0,0,0,0,0,0,0,0,0,0,4
SAL21639,0,0,0,0,0,0,0,0,3,0,0,0,0,0,0,0,0,0,0,0,0,0,0,0,0,0,3,0,0,0,0,0,0,0,0,3,0,0,0,0,0,0,0,0,0,0,0,0,0,0,0,0,0,0,0,0,0,0,0,0,0,0,0,0,0,0,0,0,0,0,3,3,0,0,0,8,0,0,0,0,8,0,0,0,0,0,0,0,0,6,0,0,0,0,0,0,0,0,5,0,0,0,0,0,0,0,0,0,0,0,0,0,0,0,0,0,0,0,0,0,0,0,0,0,0,0,0,0,0,0,0,0,0,0,0,7,8,5,4,4,0,0,6,34
SAL21640,941,5,0,0,0,0,0,108,1053,5532,26,7,0,0,0,3,616,6179,5555,131,14,3,0,0,4,698,6411,3190,357,102,22,5,0,0,508,4187,1520,371,197,24,8,0,0,263,2387,752,209,151,32,7,0,3,145,1307,428,199,141,35,8,3,0,100,928,299,173,183,60,17,0,0,91,819,246,165,189,60,14,4,0,92,768,163,128,171,76,17,3,3,67,623,118,102,166,87,27,8,0,58,562,69,75,170,90,29,5,4,50,484,57,34,108,52,18,3,0,41,307,16,14,48,34,14,0,0,44,172,18,23,30,39,13,0,7,105,239,18906,1999,1684,613,188,40,25,2984,26434
SAL21641,0,0,0,0,0,0,0,4,4,0,0,0,0,0,0,0,0,0,0,0,0,0,0,0,0,0,0,0,0,0,0,0,0,0,0,0,0,0,0,0,0,0,0,0,0,0,0,0,0,0,0,0,5,0,0,0,0,0,0,0,0,0,0,0,0,0,0,0,0,0,0,0,0,0,0,0,0,0,0,0,0,0,0,0,0,0,0,0,0,0,0,0,0,0,0,0,0,0,0,0,0,0,0,0,0,0,6,6,0,0,0,0,0,0,0,0,0,0,0,0,0,0,0,0,0,0,0,0,0,0,0,0,0,0,0,0,0,0,0,0,0,0,11,15
SAL21642,172,4,0,0,0,0,0,34,207,153,31,10,3,0,0,0,35,232,112,47,32,10,4,6,0,31,243,75,63,64,32,3,0,0,31,276,69,45,68,43,22,7,0,31,278,52,42,61,43,13,7,7,24,255,37,28,71,33,18,5,7,24,228,35,43,61,47,18,9,4,25,236,32,30,64,41,18,11,8,19,217,19,27,78,58,27,7,3,20,239,12,24,89,70,25,10,0,16,253,11,20,116,73,41,10,8,20,293,0,6,37,51,22,12,9,23,160,3,7,26,15,6,9,10,13,88,3,0,13,14,11,7,9,11,72,789,406,803,527,231,97,69,350,3274
SAL21643,240,4,0,0,0,0,0,30,281,212,43,18,3,0,0,0,44,315,184,79,56,33,12,3,0,65,431,115,119,111,57,25,10,15,57,513,80,65,126,73,23,6,10,45,431,57,57,90,64,28,11,8,51,365,57,51,85,57,31,15,12,28,342,52,41,67,49,39,16,8,34,301,29,44,74,55,35,13,3,31,279,32,19,97,73,24,3,9,14,274,21,42,108,90,33,8,3,35,332,13,13,90,61,37,10,6,25,256,9,12,36,23,15,7,7,18,130,0,10,16,25,7,5,10,21,97,4,3,34,20,13,8,7,15,110,1122,592,1016,693,320,118,94,511,4463
SAL21644,290,0,0,0,0,0,0,26,321,199,14,5,0,0,0,0,14,235,137,40,34,13,4,0,0,13,242,90,69,91,33,17,8,0,18,328,59,56,85,62,18,5,8,27,318,41,47,106,58,31,14,9,22,327,32,35,94,55,25,12,13,15,280,30,42,120,65,27,13,7,18,326,18,16,81,56,22,12,3,16,232,22,24,107,78,41,7,8,12,298,14,24,83,83,23,9,3,16,256,0,9,76,68,22,5,3,11,197,11,11,34,35,11,5,5,12,116,4,3,5,9,8,0,0,4,44,0,0,5,13,5,8,0,5,42,948,396,930,623,249,100,77,226,3564
SAL21645,0,0,0,0,0,0,0,0,0,0,0,0,0,0,0,0,0,0,0,0,0,0,0,0,0,0,0,0,0,0,0,0,0,0,0,4,0,0,0,0,0,0,0,0,5,0,0,0,0,0,0,0,0,5,0,0,0,0,0,0,0,0,0,0,0,0,0,0,0,0,0,3,0,0,0,4,0,0,0,0,3,0,0,0,0,0,0,0,0,0,0,0,0,0,0,0,0,0,0,0,0,0,0,0,0,0,0,0,0,0,0,0,0,0,0,0,0,0,0,0,0,0,0,0,0,0,0,0,0,0,0,0,0,0,0,3,3,4,7,0,0,0,3,22
SAL21646,0,0,0,0,0,0,0,0,0,0,0,0,0,0,0,0,0,0,0,0,0,0,0,0,0,0,0,0,0,0,0,0,0,0,0,0,0,0,0,0,0,0,0,0,0,0,0,0,0,0,0,0,0,0,0,0,0,0,0,0,0,0,0,0,0,0,0,0,0,0,0,0,0,0,4,0,0,0,0,0,4,0,0,0,0,0,0,0,0,0,0,0,0,0,0,0,0,0,0,0,0,0,0,0,0,0,0,0,0,0,0,0,0,0,0,0,0,0,0,0,0,0,0,0,0,0,0,0,0,0,0,0,0,0,0,0,0,3,0,0,0,0,0,8
SAL21647,0,0,0,0,0,0,0,0,0,0,0,0,0,0,0,0,0,0,0,0,0,0,0,0,0,0,0,0,0,0,0,0,0,0,0,0,0,0,0,0,0,0,0,0,3,0,0,0,0,0,0,0,0,0,0,0,0,0,0,0,0,0,0,0,0,0,0,0,0,0,0,0,0,0,3,0,0,0,0,0,4,0,0,0,0,0,0,0,0,0,0,0,0,0,0,0,0,0,0,0,0,0,0,0,0,0,0,0,0,0,0,0,0,0,0,0,0,0,0,0,0,0,0,0,0,0,0,0,0,0,0,0,0,0,0,0,0,4,0,0,0,0,0,12
SAL21648,336,0,0,0,0,0,0,16,349,299,9,0,0,0,0,0,8,311,379,13,10,0,0,0,0,26,426,303,92,52,6,0,0,0,23,481,169,118,148,39,3,0,0,16,496,123,108,196,51,13,0,0,17,505,127,110,190,77,21,0,0,14,547,98,85,226,81,16,4,0,11,525,90,72,165,63,15,6,7,8,412,82,61,151,68,30,0,0,18,406,49,53,133,79,19,10,0,12,358,50,33,134,80,30,0,5,15,344,19,21,121,69,27,10,0,13,281,18,17,67,42,30,5,9,20,205,16,21,54,52,32,12,17,41,251,2146,823,1644,703,226,63,32,256,5893
SAL21649,27,0,0,0,0,0,0,4,35,33,0,0,0,0,0,0,0,36,11,0,0,0,0,0,0,0,16,7,8,5,0,0,0,0,4,21,9,5,11,0,0,0,0,3,34,8,0,16,13,0,0,0,0,40,7,5,26,9,3,0,0,6,41,11,6,17,10,0,0,0,0,40,3,8,12,10,0,0,0,3,40,0,5,19,9,8,0,0,5,39,3,5,12,8,5,0,0,0,29,0,3,6,3,3,0,0,0,20,0,0,5,3,0,0,0,0,7,0,0,5,5,0,0,0,0,13,0,0,0,0,0,0,0,0,3,122,40,124,70,17,4,0,25,413
SAL21650,3,0,0,0,0,0,0,0,4,0,0,0,0,0,0,0,0,0,0,0,0,0,0,0,0,0,0,0,0,0,0,0,0,0,0,0,0,0,0,0,0,0,0,0,0,0,0,0,0,0,0,0,0,0,0,0,0,0,0,0,0,0,0,0,0,0,0,0,0,0,0,0,0,0,0,0,0,0,0,0,3,0,0,0,0,0,0,0,0,0,0,0,0,0,0,0,0,0,0,0,0,0,0,0,0,0,0,0,0,0,0,0,0,0,0,0,0,0,0,0,0,0,0,0,0,0,0,0,0,0,0,0,0,0,0,0,3,3,3,0,0,0,3,16
SAL21651,0,0,0,0,0,0,0,0,0,3,0,0,0,0,0,0,0,0,0,0,0,0,0,0,0,0,0,0,0,0,0,0,0,0,0,0,0,0,0,0,0,0,0,0,0,0,0,0,0,0,0,0,0,5,0,0,0,0,6,0,0,0,6,0,0,0,0,0,0,0,0,0,0,0,0,0,0,0,0,0,0,0,0,0,0,0,0,0,0,0,0,0,0,0,0,0,0,0,0,0,0,0,0,0,0,0,0,5,0,0,0,0,0,0,0,0,5,0,0,0,0,0,0,0,0,0,0,0,0,0,0,0,0,0,0,7,6,4,4,5,0,0,0,24
SAL21652,3,0,0,0,0,0,0,0,3,3,0,0,0,0,0,0,0,3,3,0,3,0,0,0,0,0,5,5,0,0,0,0,0,0,0,6,0,0,0,0,0,0,0,0,0,0,0,0,0,0,0,0,0,3,0,0,0,0,0,0,0,0,0,0,0,0,0,0,0,0,0,5,0,0,0,0,0,0,0,0,0,0,0,0,0,4,0,0,0,3,0,0,0,0,0,0,0,0,3,0,0,0,0,0,0,0,0,0,0,0,0,0,0,0,0,0,0,0,0,0,0,0,0,0,0,0,0,0,0,0,0,0,0,0,0,9,0,5,3,9,0,0,0,35
SAL21653,62,0,0,0,0,0,0,6,71,38,14,3,0,0,0,0,8,61,44,17,12,5,0,0,0,10,92,21,15,18,12,3,0,0,9,79,12,9,29,14,5,0,0,3,76,7,10,22,20,5,0,0,5,76,0,12,24,19,10,0,3,8,77,12,9,27,24,5,3,0,7,85,15,12,38,15,14,4,0,8,91,8,14,38,21,14,5,7,15,116,7,9,15,18,12,7,0,3,72,5,3,23,21,7,0,0,10,67,3,0,9,19,9,3,0,7,51,3,3,9,19,8,9,0,7,55,0,7,10,17,17,7,10,7,74,245,126,273,213,108,36,22,114,1146
SAL21654,17,0,0,0,0,0,0,3,22,3,0,0,0,0,0,0,0,5,4,3,0,0,0,0,0,0,8,3,4,0,0,0,0,0,3,11,0,0,4,7,0,0,0,0,16,0,0,0,9,0,0,0,0,15,0,0,9,0,5,0,0,0,15,0,3,7,0,0,0,0,0,18,0,4,9,3,3,0,0,0,18,0,0,6,5,0,0,0,0,8,0,0,5,7,0,0,0,0,12,0,0,7,4,3,0,0,0,18,0,0,0,0,0,0,0,0,4,0,0,0,0,0,0,0,0,4,0,0,0,0,0,0,0,0,0,35,13,51,33,14,5,0,19,161
SAL21655,0,0,0,0,0,0,0,0,0,6,0,0,0,0,0,0,3,5,3,0,3,0,0,0,0,0,10,0,0,7,0,0,0,0,3,7,0,0,0,0,0,0,0,5,4,5,0,0,3,0,0,0,3,7,0,0,0,0,0,0,0,0,5,0,4,6,0,0,0,0,0,9,0,4,0,3,0,0,0,0,10,0,0,3,0,3,0,0,0,9,0,0,4,4,0,0,0,0,12,0,0,3,0,0,0,0,0,6,0,0,0,0,0,0,0,3,5,0,0,0,0,0,0,0,0,0,0,0,0,0,0,0,0,0,0,12,10,22,11,11,0,0,19,91
SAL21656,18,0,0,0,0,0,0,0,16,11,3,0,0,0,0,0,0,16,13,3,0,0,0,0,0,0,13,10,6,3,5,0,0,0,0,31,8,0,5,5,0,0,0,0,23,9,0,4,4,4,0,0,0,26,5,3,9,7,7,3,0,0,27,9,0,9,9,0,0,0,0,36,3,7,8,5,8,4,0,4,36,0,0,12,8,0,0,0,0,30,4,3,6,4,5,0,0,3,27,0,0,4,6,3,0,0,0,20,0,0,3,4,6,4,0,0,18,0,0,4,0,0,0,0,0,7,0,0,0,0,5,0,0,0,12,85,31,69,59,35,15,9,25,324
SAL21657,0,0,0,0,0,0,0,0,0,0,0,0,0,0,0,0,0,0,0,0,0,0,0,0,0,0,0,0,0,0,0,0,0,0,0,0,0,0,0,0,0,0,0,0,3,0,0,0,0,0,0,0,0,0,0,0,0,0,0,0,0,0,0,0,0,3,0,0,0,0,0,3,0,0,0,0,0,0,0,0,3,0,0,0,0,0,0,0,0,3,0,0,0,0,0,0,0,0,0,0,0,0,0,0,0,0,0,0,0,0,0,0,0,0,0,0,0,0,0,0,0,0,0,0,0,0,0,0,0,0,0,0,0,0,0,3,0,5,4,3,0,0,0,22
SAL21658,7,0,0,0,0,0,0,0,7,6,0,0,0,0,0,0,0,3,3,0,0,0,0,0,0,0,3,5,0,0,0,0,0,0,0,0,0,0,0,0,0,0,0,0,0,0,0,0,4,0,0,0,0,3,0,0,3,6,0,0,0,0,8,0,0,0,0,0,0,0,0,4,5,0,5,4,0,0,0,4,24,0,4,3,3,0,0,0,0,17,0,0,4,0,0,0,0,0,13,0,0,0,0,4,0,0,0,5,0,0,4,0,0,3,0,0,9,0,0,0,0,0,0,0,0,4,0,0,0,0,0,0,0,0,0,23,9,23,24,9,10,0,6,108
SAL21659,577,0,0,0,0,0,0,56,638,522,39,11,5,0,0,0,34,609,451,164,83,33,4,0,0,59,787,386,350,348,102,27,3,0,46,1263,203,315,590,185,36,11,3,37,1386,145,167,438,172,43,19,4,44,1034,93,109,311,136,46,12,9,22,731,64,80,252,107,34,14,6,17,575,42,53,188,92,34,10,9,16,445,27,55,162,122,40,13,5,15,446,15,38,138,78,37,12,4,7,332,15,19,132,84,33,15,4,17,321,6,9,52,50,22,11,11,8,166,5,5,47,18,15,3,5,4,101,3,3,11,5,16,3,5,0,42,2575,1399,2755,1188,386,130,62,387,8882
SAL21660,6,0,0,0,0,0,0,0,9,0,0,0,0,0,0,0,0,0,4,0,0,0,0,0,0,0,4,0,0,0,0,0,0,0,0,0,0,0,0,0,0,0,0,0,0,0,0,0,4,0,0,0,0,10,0,0,0,3,0,0,0,0,3,0,0,3,0,0,0,0,0,7,0,0,0,0,0,0,0,0,3,0,0,0,3,0,0,0,0,3,0,0,3,5,6,0,0,0,14,0,0,0,3,0,0,0,0,11,0,0,0,0,0,0,0,0,0,0,0,0,0,0,0,0,0,0,0,0,0,0,0,0,0,0,0,13,3,18,16,8,5,0,6,74
SAL21661,0,0,0,0,0,0,0,0,0,0,0,0,0,0,0,0,0,0,0,0,0,0,0,0,0,0,0,0,0,0,0,0,0,0,0,0,0,0,0,0,0,0,0,0,0,0,0,0,0,0,0,0,0,0,0,0,0,0,0,0,0,0,3,0,0,0,0,0,0,0,0,0,0,0,0,0,0,0,0,0,0,0,0,0,0,0,0,0,0,0,0,0,0,0,0,0,0,0,0,0,0,0,0,0,0,0,0,0,0,0,0,0,0,0,0,0,0,0,0,0,0,0,0,0,0,0,0,0,0,0,0,0,0,0,0,7,0,5,4,0,0,0,0,17
SAL21662,5,0,0,0,0,0,0,0,5,6,0,0,0,0,0,0,0,6,0,0,0,0,0,0,0,0,0,0,0,0,0,0,0,0,0,0,0,0,0,0,0,0,0,0,0,0,0,5,0,0,0,0,0,5,0,0,3,4,0,0,0,0,3,4,0,4,0,0,0,0,0,10,4,5,5,5,0,0,0,0,15,0,0,0,7,3,0,0,0,8,0,4,3,0,0,0,0,0,5,0,0,0,3,4,0,0,0,9,0,0,0,0,0,0,0,0,3,0,0,3,0,0,0,0,0,3,0,0,0,0,0,0,0,0,3,21,12,23,17,7,0,0,0,84
SAL21663,5,0,0,0,0,0,0,0,5,0,0,0,0,0,0,0,0,0,0,0,0,0,0,0,0,0,0,0,0,0,0,0,0,0,0,4,0,0,0,0,0,0,0,0,6,0,0,0,0,0,0,0,0,3,0,0,0,0,0,0,0,0,7,4,0,0,0,0,0,0,0,10,3,0,5,5,0,0,0,0,10,3,0,5,6,0,0,0,0,15,0,0,4,0,0,0,0,0,8,5,0,0,4,0,0,0,0,6,0,0,5,0,0,0,0,0,7,0,0,0,0,0,0,0,0,6,0,0,3,0,0,0,0,0,6,21,5,18,15,6,0,0,10,80
SAL21664,7,0,0,0,0,0,0,0,7,9,0,0,0,0,0,0,0,9,6,0,0,0,0,0,0,0,6,3,3,0,0,0,0,0,0,7,3,0,0,0,0,0,0,0,7,3,3,3,6,0,0,0,0,14,0,0,6,5,0,0,0,0,12,6,0,7,3,0,0,0,0,18,5,6,12,3,4,0,0,0,29,0,0,5,0,5,0,0,0,19,0,3,3,5,0,0,0,0,17,4,0,3,4,0,0,0,7,20,6,0,4,0,6,0,0,0,14,0,0,0,0,0,0,0,0,5,0,0,0,3,0,0,0,0,5,43,16,53,34,14,3,0,19,188
SAL21665,14,0,0,0,0,0,0,4,12,9,3,3,0,0,0,0,0,17,10,7,0,0,0,0,0,0,17,6,0,6,3,0,0,0,3,17,5,3,5,0,0,0,0,0,12,0,4,5,4,3,3,0,3,28,0,0,8,10,0,0,0,0,26,4,0,8,5,0,0,0,0,15,0,0,13,10,7,0,0,3,34,6,0,9,12,3,0,0,3,28,0,4,12,4,3,5,3,3,31,4,0,0,4,7,0,0,0,20,0,0,0,0,4,0,0,3,15,0,0,0,0,0,0,0,0,10,0,0,0,3,0,0,0,0,10,57,27,68,44,32,12,7,34,279
SAL21666,0,0,0,0,0,0,0,0,0,0,0,0,0,0,0,0,0,0,0,0,0,0,0,0,0,0,0,0,0,0,0,0,0,0,0,0,0,0,0,0,0,0,0,0,0,0,0,0,0,0,0,0,0,0,0,0,0,0,0,0,0,0,0,0,0,0,0,0,0,0,0,0,0,0,0,0,0,0,0,0,0,0,0,0,0,0,0,0,0,0,0,0,0,0,0,0,0,0,0,0,0,0,0,0,0,0,0,0,0,0,0,0,0,0,0,0,0,0,0,0,0,0,0,0,0,0,0,0,0,0,0,0,0,0,0,0,0,0,0,0,0,0,0,0
SAL21667,54,0,0,0,0,0,0,8,63,3,0,0,0,0,0,0,0,8,18,0,0,0,0,0,0,6,20,6,0,0,0,0,0,0,0,10,4,6,8,0,0,0,0,0,21,5,5,6,0,0,0,0,0,16,7,0,10,0,0,0,0,3,22,6,3,4,0,4,0,0,5,22,0,0,6,4,0,0,0,0,15,9,4,3,5,0,0,0,8,24,8,3,8,6,0,0,0,10,26,0,0,3,5,3,0,0,0,13,0,0,0,0,0,0,0,0,4,0,0,0,0,0,0,0,0,0,0,0,0,0,0,0,0,0,4,117,23,49,18,12,0,0,42,273
SAL21668,12,0,0,0,0,0,0,0,7,8,0,0,0,0,0,0,0,10,11,0,0,0,0,0,0,0,13,3,0,3,0,0,0,0,0,10,0,0,4,11,0,0,0,0,17,5,5,7,0,0,0,0,0,15,0,0,8,0,0,0,0,0,16,3,3,3,4,0,0,0,3,16,0,0,3,0,0,0,0,0,9,0,0,4,3,0,0,0,0,12,0,0,0,0,3,0,0,0,5,0,0,10,0,0,0,0,0,7,0,0,0,0,0,0,0,0,0,0,0,0,0,0,0,0,0,4,0,0,0,0,0,0,0,0,3,36,12,48,33,11,0,0,9,147
SAL21669,0,0,0,0,0,0,0,0,0,0,0,0,0,0,0,0,0,0,0,0,0,0,0,0,0,0,0,0,0,0,0,0,0,0,0,0,0,0,0,0,0,0,0,0,4,0,0,0,0,0,0,0,0,0,0,0,0,0,0,0,0,0,0,0,0,0,0,0,0,0,0,0,0,0,0,0,0,0,0,0,0,0,0,0,0,0,0,0,0,0,0,0,0,0,0,0,0,0,0,0,0,0,0,0,0,0,0,0,0,0,0,0,0,0,0,0,0,0,0,0,0,0,0,0,0,0,0,0,0,0,0,0,0,0,0,0,0,4,6,0,0,0,0,14
SAL21670,4,0,0,0,0,0,0,0,4,0,0,0,0,0,0,0,0,3,0,0,0,0,0,0,0,0,0,4,0,0,0,0,0,0,0,4,4,0,0,4,0,0,0,0,3,0,0,4,0,0,0,0,0,7,0,0,0,0,0,0,0,0,4,0,0,4,4,0,0,0,0,11,0,0,0,3,0,0,0,3,10,0,4,0,0,0,0,0,3,8,0,0,3,0,0,0,0,0,12,0,0,3,0,0,0,0,0,9,0,0,0,0,0,0,0,0,4,0,0,0,0,0,0,0,0,0,0,0,0,0,0,0,0,0,0,15,7,26,15,7,0,6,6,82
SAL21671,0,0,0,0,0,0,0,0,5,0,0,0,0,0,0,0,0,0,0,0,0,0,0,0,0,0,4,0,0,0,0,0,0,0,0,5,0,0,0,0,0,0,0,0,3,6,0,0,0,0,0,0,0,7,4,3,4,0,0,0,0,0,14,0,3,0,0,0,0,0,0,7,0,0,0,3,0,0,0,0,3,0,4,3,4,0,0,0,0,7,0,0,3,4,0,0,0,0,6,0,0,3,0,0,0,0,0,10,0,0,0,0,0,0,0,0,7,0,0,0,0,0,0,0,0,0,0,0,0,0,0,0,0,0,0,14,14,21,11,0,0,0,11,74
SAL21672,0,0,0,0,0,0,0,0,0,0,0,0,0,0,0,0,0,0,0,0,0,0,0,0,0,0,0,0,0,0,0,0,0,0,0,0,0,0,0,0,0,0,0,0,0,0,0,0,0,0,0,0,0,0,0,0,0,0,0,0,0,0,0,0,0,0,0,0,0,0,0,0,3,0,0,0,0,0,0,0,0,0,0,0,0,0,0,0,0,0,0,0,0,0,0,0,0,0,0,0,0,0,0,0,0,0,0,0,0,0,0,3,0,0,0,0,0,0,0,0,0,0,0,0,0,0,0,0,0,0,0,0,0,0,0,3,0,0,3,0,0,0,0,12
SAL21673,25,0,0,0,0,0,0,3,28,13,0,0,0,0,0,0,0,16,16,4,0,0,0,0,0,0,28,10,6,7,3,0,0,0,4,27,10,3,14,11,3,0,0,4,43,10,5,12,6,0,0,0,4,39,17,4,18,13,0,0,0,3,52,11,6,27,11,0,0,0,3,59,19,10,23,19,7,0,0,5,82,26,13,38,25,14,3,0,9,132,20,15,43,26,9,0,0,6,113,15,8,52,19,7,0,0,4,106,3,6,27,10,6,0,0,4,60,3,3,8,6,0,0,0,0,26,0,0,3,0,0,0,0,0,10,200,84,274,150,52,15,3,51,827
SAL21674,6,0,0,0,0,0,0,0,6,0,0,0,0,0,0,0,0,0,0,0,0,0,0,0,0,0,0,0,0,0,0,0,0,0,0,0,0,0,0,0,0,0,0,0,0,0,0,4,0,5,0,0,0,7,0,0,0,0,0,0,0,0,4,3,0,0,0,3,0,0,0,5,5,0,7,3,0,0,0,0,11,0,0,7,0,0,0,0,0,6,0,0,8,0,0,0,0,0,10,0,0,3,0,0,0,0,0,5,0,0,0,0,0,0,0,0,3,0,0,0,0,0,0,0,0,0,0,0,0,0,0,0,0,0,0,17,6,19,16,7,0,0,3,78
SAL21675,338,0,0,0,0,0,0,41,382,402,41,26,0,0,0,0,47,511,508,242,156,44,4,4,0,61,1016,331,394,394,95,21,9,0,75,1323,136,222,386,137,32,20,4,45,987,68,89,183,83,41,14,12,33,528,42,47,105,63,37,5,15,17,324,24,45,112,77,38,20,12,23,340,10,26,91,64,24,9,17,21,265,12,20,70,68,23,10,12,10,230,4,8,55,43,23,11,7,14,166,0,8,17,19,10,4,7,8,79,0,3,17,11,8,0,5,0,46,0,0,4,4,0,0,3,4,15,0,0,4,4,0,0,8,0,13,1887,1136,1615,698,268,102,109,401,6225
SAL21676,0,0,0,0,0,0,0,0,0,0,0,0,0,0,0,0,0,0,0,0,0,0,0,0,0,0,0,0,0,0,0,0,0,0,0,0,0,0,0,0,0,0,0,0,0,0,0,0,0,0,0,0,0,0,0,0,0,0,0,0,0,0,6,0,0,0,0,0,0,0,0,5,0,0,0,0,0,0,0,0,0,0,0,0,0,0,0,0,0,0,0,0,0,0,0,0,0,0,3,0,0,0,0,0,0,0,0,0,0,0,0,0,0,0,0,0,4,0,0,0,0,0,0,0,0,0,0,0,0,0,0,0,0,0,0,0,0,4,0,0,0,0,0,9
SAL21677,125,0,0,0,0,0,0,5,128,56,0,0,0,0,0,0,6,64,57,0,0,0,0,0,0,7,66,76,22,11,0,0,0,0,4,119,54,18,38,17,0,0,0,7,129,27,32,55,19,4,0,0,7,140,43,25,80,20,0,0,0,0,178,38,38,70,25,6,0,0,4,182,47,27,59,25,3,0,0,3,167,23,16,49,22,0,0,0,0,115,36,16,31,9,5,0,0,0,98,26,11,34,21,6,0,0,0,104,16,10,42,16,4,5,5,0,98,8,5,26,14,5,0,0,0,66,6,3,15,17,7,0,0,6,60,644,231,504,214,54,11,3,59,1712
SAL21678,3,0,0,0,0,0,0,0,3,0,0,0,0,0,0,0,0,0,0,0,0,0,0,0,0,0,0,0,0,0,0,0,0,0,0,3,0,0,0,3,0,0,0,0,0,0,0,6,4,0,0,0,0,6,0,0,0,0,0,0,0,0,3,0,0,4,0,0,0,0,0,4,0,0,0,0,0,0,0,0,3,0,0,0,0,0,0,0,0,5,0,0,0,0,0,0,0,0,0,0,0,0,0,0,0,0,0,3,0,0,0,0,0,0,0,0,0,0,0,0,0,0,0,0,0,0,0,0,0,0,0,0,0,0,0,8,4,11,10,0,0,0,0,36
SAL21679,5,0,0,0,0,0,0,0,5,0,0,0,0,0,0,0,0,0,0,0,0,0,0,0,0,0,3,3,0,0,0,0,0,0,0,4,0,0,0,0,0,0,0,0,8,0,0,4,0,0,0,0,0,4,0,3,0,0,0,0,0,0,7,5,0,0,0,0,0,0,0,12,0,0,5,0,0,0,0,0,7,0,0,6,0,0,0,0,0,4,0,0,9,0,0,0,0,0,10,0,0,0,4,0,3,0,0,10,0,0,0,0,0,0,0,0,0,0,0,0,0,0,0,0,3,3,0,0,0,0,0,0,0,0,0,16,6,24,14,6,6,4,9,74
SAL21680,0,0,0,0,0,0,0,0,0,0,0,0,0,0,0,0,0,0,0,0,0,0,0,0,0,0,0,0,0,0,0,0,0,0,0,0,0,0,0,0,0,0,0,0,0,0,0,0,0,0,0,0,0,0,0,0,0,0,0,0,0,0,0,0,0,0,0,0,0,0,0,0,0,0,0,0,0,0,0,0,0,0,0,0,3,0,0,0,0,5,0,0,0,0,0,0,0,0,0,0,0,0,0,0,0,0,0,0,0,0,0,0,0,0,0,0,0,0,0,0,0,0,0,0,0,0,0,0,0,0,0,0,0,0,0,0,0,0,7,0,0,0,0,11
SAL21681,22,0,0,0,0,0,0,0,22,5,0,0,0,0,0,0,0,5,0,3,4,0,0,0,0,0,9,0,0,3,0,0,0,0,0,4,3,4,7,5,0,0,0,4,22,4,4,8,5,0,0,0,0,18,3,3,10,5,0,0,0,0,23,4,0,8,4,3,0,0,0,23,4,6,7,11,0,0,0,0,22,0,3,9,6,3,0,0,5,31,3,0,9,5,0,0,0,0,20,0,0,9,3,0,0,0,0,18,0,0,3,6,0,0,0,3,17,0,0,3,0,0,0,0,0,6,0,0,0,0,3,4,0,0,7,49,26,76,50,20,8,0,11,243
SAL21682,802,7,0,0,0,0,0,108,924,810,79,34,6,0,0,0,91,1030,770,192,163,49,17,4,0,119,1319,407,268,263,154,53,20,4,120,1294,209,184,360,163,69,28,17,94,1118,164,155,321,183,73,12,34,89,1039,153,124,357,214,91,33,26,75,1078,123,108,343,257,95,39,31,99,1093,134,99,377,243,102,32,23,91,1092,130,98,374,247,120,29,32,67,1095,99,73,345,254,95,27,16,59,963,69,56,321,258,106,34,22,87,963,49,32,173,180,99,34,24,58,647,35,27,106,141,108,56,33,66,568,27,36,114,114,121,54,63,92,620,3983,1540,3647,2464,1148,399,331,1329,14840
SAL21683,734,0,0,0,0,0,0,56,794,868,17,5,0,0,0,0,69,958,750,91,51,14,0,0,0,70,969,484,265,198,46,8,0,6,45,1041,217,228,336,128,35,3,4,46,1000,148,146,316,149,31,6,8,33,837,128,136,392,143,54,11,7,37,904,126,112,518,240,51,13,9,43,1110,107,143,587,280,66,12,9,49,1251,80,129,489,250,67,23,12,36,1087,58,78,365,247,94,16,5,31,890,53,53,238,156,56,13,11,42,620,15,32,140,97,41,14,12,30,382,4,19,83,67,33,14,18,21,265,13,21,58,49,24,25,17,54,259,3785,1463,3774,1868,543,151,118,659,12374
SAL21684,7,0,0,0,0,0,0,0,8,6,0,0,0,0,0,0,0,6,0,3,0,0,0,0,0,0,3,0,0,0,0,0,0,0,0,4,0,4,0,0,0,0,0,0,3,0,0,0,3,0,0,0,0,3,0,0,0,0,0,0,0,0,0,0,0,4,0,0,0,0,0,3,0,0,3,0,0,0,0,0,11,0,0,4,0,0,0,0,0,4,0,0,0,0,0,0,0,0,10,0,0,4,0,0,4,0,0,8,0,0,0,0,0,0,0,0,0,0,0,0,0,0,0,0,0,0,0,0,0,0,0,0,0,0,0,16,12,17,8,8,4,3,4,75
SAL21685,31,0,0,0,0,0,0,3,36,18,3,0,0,0,0,0,5,37,29,13,4,3,0,0,0,0,53,26,7,3,9,3,0,0,6,60,12,10,17,14,7,0,0,11,66,6,7,15,12,10,0,0,3,54,4,9,11,6,0,4,0,3,46,7,9,13,4,8,3,0,8,53,9,11,19,16,9,0,3,4,65,14,7,26,8,8,5,5,0,74,10,3,21,8,3,3,0,6,55,6,3,13,9,0,0,3,3,34,0,0,13,3,0,0,0,3,20,0,0,9,7,4,0,0,4,15,0,0,3,3,3,0,0,0,16,180,91,158,101,44,13,13,68,673
SAL21686,0,0,0,0,0,0,0,0,0,0,0,0,0,0,0,0,0,0,5,0,0,0,0,0,0,0,5,0,0,0,0,0,0,0,0,0,0,0,0,0,0,0,0,0,0,0,0,0,0,0,0,0,0,5,0,0,0,0,0,0,0,0,0,0,0,0,0,0,0,0,0,3,0,0,0,0,0,0,0,0,0,0,0,0,0,0,0,0,0,0,0,0,0,0,0,0,0,0,0,0,0,0,0,0,0,0,0,0,0,0,0,0,0,0,0,0,0,0,0,0,0,0,0,0,0,0,0,0,0,0,0,0,0,0,0,3,0,0,7,0,0,0,0,14
SAL21687,0,0,0,0,0,0,0,0,0,0,0,0,0,0,0,0,0,0,0,0,0,0,0,0,0,0,0,0,0,0,0,0,0,0,0,0,0,0,0,0,0,0,0,0,0,0,0,0,0,0,0,0,0,0,0,0,0,0,0,0,0,0,0,0,0,0,0,0,0,3,0,4,0,0,0,0,0,0,0,0,3,0,0,0,0,0,0,0,0,3,0,0,0,0,0,0,0,0,0,0,0,0,0,0,0,0,0,0,0,0,0,5,0,0,0,0,5,0,0,0,0,0,0,0,0,0,0,0,0,0,0,0,0,0,0,5,0,7,3,0,0,3,0,23
SAL21688,0,0,0,0,0,0,0,0,0,0,0,0,0,0,0,0,0,0,0,0,0,0,0,0,0,0,0,0,0,0,0,0,0,0,0,0,0,0,0,0,0,0,0,0,4,0,0,0,0,0,0,0,0,0,0,0,0,0,0,0,0,0,0,0,0,0,0,0,0,0,0,0,0,0,0,0,0,0,0,0,0,0,0,0,0,0,0,0,0,0,0,0,0,0,0,0,0,0,0,0,0,0,0,0,0,0,0,0,0,0,0,0,0,0,0,0,0,0,0,0,0,0,0,0,0,0,0,0,0,0,0,0,0,0,0,0,0,0,4,0,0,0,4,11
SAL21689,3,0,0,0,0,0,0,0,3,0,0,0,0,0,0,0,0,0,0,0,0,0,0,0,0,0,0,0,0,0,0,0,0,0,0,0,0,0,0,0,0,0,0,0,0,0,0,0,0,0,0,0,0,0,0,0,0,0,0,0,0,0,0,0,0,0,0,0,0,0,0,4,0,0,0,0,0,0,0,0,0,0,0,0,0,0,0,0,0,0,0,0,0,0,0,0,0,0,3,0,0,0,0,0,0,0,0,0,0,0,0,0,0,0,0,0,0,0,0,0,0,0,0,0,0,0,0,0,0,0,0,0,0,0,0,3,8,9,3,4,0,0,7,26
SAL21690,0,0,0,0,0,0,0,0,0,0,0,0,0,0,0,0,0,0,0,0,0,0,0,0,0,0,0,0,0,0,0,0,0,0,0,0,0,0,0,0,0,0,0,0,0,0,0,0,0,0,0,0,0,0,0,0,0,0,0,0,0,0,0,0,0,0,0,0,0,0,0,0,0,0,0,0,0,0,0,0,0,0,0,0,0,0,0,0,0,0,0,0,0,0,0,0,0,0,0,0,0,0,0,0,0,0,0,0,0,0,0,0,0,0,0,0,0,0,0,0,0,0,0,0,0,0,0,0,0,0,0,0,0,0,0,3,0,0,0,0,0,0,0,9
SAL21691,99,0,0,0,0,0,0,4,100,95,5,0,0,0,0,0,0,101,90,31,26,3,0,0,0,8,165,42,33,48,27,8,0,0,5,154,31,25,72,35,7,3,3,5,179,23,16,54,37,9,5,0,5,149,19,11,36,28,7,0,0,3,114,15,9,47,24,13,3,6,3,123,13,11,45,26,11,0,0,4,102,10,11,27,29,9,0,0,0,95,7,10,29,25,9,0,3,6,81,3,5,16,8,9,3,0,4,50,4,0,11,13,3,0,0,5,37,0,0,5,0,0,4,0,0,11,0,0,0,3,0,0,0,3,17,454,170,428,255,80,23,10,51,1482
SAL21692,0,0,0,0,0,0,0,0,0,4,0,0,0,0,0,0,0,4,4,0,0,0,0,0,0,0,4,0,0,0,0,0,0,0,0,0,0,0,0,5,0,0,0,0,5,0,0,0,0,0,0,0,0,0,0,0,0,0,0,0,0,0,0,0,0,0,0,0,0,0,0,0,0,0,0,0,0,0,0,0,3,0,0,0,0,0,0,0,0,0,0,0,0,0,0,0,0,0,0,0,0,0,0,0,0,0,0,0,0,0,0,0,0,0,0,0,0,0,0,0,0,0,0,0,0,0,0,0,0,0,0,0,0,0,0,3,0,4,0,4,0,0,0,17
SAL21693,0,0,0,0,0,0,0,0,4,4,0,0,0,0,0,0,0,4,0,0,0,0,0,0,0,0,4,0,0,0,0,0,0,0,0,3,0,0,0,0,0,0,0,0,0,0,0,0,0,0,0,0,0,7,0,0,0,0,0,0,0,0,4,0,0,0,0,0,0,0,0,4,0,0,0,0,0,0,0,0,0,0,0,0,3,0,0,0,0,3,0,0,0,0,0,0,0,0,0,0,0,0,0,0,0,0,0,0,0,0,0,0,0,0,0,0,4,0,0,0,0,0,0,0,0,0,0,0,0,0,0,0,0,0,0,6,0,11,3,0,0,0,4,28
SAL21694,0,0,0,0,0,0,0,0,0,0,0,0,0,0,0,0,0,0,0,0,0,0,0,0,0,0,0,0,0,0,0,0,0,0,0,0,0,0,0,0,0,0,0,0,0,0,0,0,0,0,0,0,0,0,0,0,0,0,0,0,0,0,4,0,0,0,0,0,0,0,0,0,0,0,0,0,0,0,0,0,0,0,0,0,0,0,0,0,0,3,0,0,0,0,0,0,0,0,0,0,0,0,0,0,0,0,0,0,0,0,0,0,0,0,0,0,3,0,0,0,0,0,0,0,0,0,0,0,0,0,0,0,0,0,0,3,3,5,5,0,3,0,0,30
SAL21695,0,0,0,0,0,0,0,0,3,0,0,0,0,0,0,0,0,0,0,0,0,0,0,0,0,0,0,0,0,0,0,0,0,0,0,3,0,0,0,0,0,0,0,0,0,0,0,4,0,0,0,0,0,4,0,0,0,0,0,0,0,0,4,0,0,0,0,0,0,0,0,0,0,0,0,0,0,0,0,0,3,0,0,0,0,0,0,0,0,8,0,0,0,0,0,0,0,0,0,0,0,0,0,0,0,0,0,4,0,0,0,0,0,0,0,0,0,0,0,0,0,0,0,0,0,0,0,0,0,0,0,0,0,0,0,3,4,4,3,0,0,0,5,21
SAL21696,0,0,0,0,0,0,0,0,3,0,0,0,0,0,0,0,0,0,0,0,0,0,0,0,0,0,0,0,0,0,0,0,0,0,0,4,0,0,0,0,0,0,0,0,0,0,0,0,0,0,0,0,0,3,0,0,0,0,0,0,0,0,0,0,0,3,0,0,0,0,0,4,0,0,0,0,0,0,0,0,0,0,0,0,0,0,0,0,0,0,0,0,0,0,0,0,0,0,0,0,0,0,0,0,0,0,0,6,0,0,0,0,0,0,0,0,0,0,0,0,0,0,0,0,0,0,0,0,0,0,0,0,0,0,0,0,0,7,3,4,0,0,6,22
SAL21697,4,0,0,0,0,0,0,0,4,0,0,0,0,0,0,0,0,0,0,0,0,0,0,0,0,0,0,0,0,0,0,0,0,0,0,0,0,0,0,0,0,0,0,0,0,0,0,0,0,0,0,0,0,0,0,0,0,0,0,0,0,0,0,0,0,0,0,0,0,0,0,0,0,0,0,0,0,0,0,0,0,0,0,0,0,0,0,0,0,0,0,0,0,0,0,0,0,0,0,0,0,0,0,0,0,0,0,0,0,0,0,0,0,0,0,0,0,0,0,0,0,0,0,0,0,0,0,0,0,0,0,0,0,0,0,4,0,0,0,0,0,0,0,9
SAL21698,12,0,0,0,0,0,0,0,11,7,0,0,0,0,0,0,0,6,4,0,0,0,0,0,0,0,11,4,0,0,3,0,0,0,0,11,4,0,4,4,0,0,0,0,10,0,4,5,0,0,0,0,0,14,5,3,6,0,3,0,0,0,17,6,8,3,3,0,0,0,3,22,4,0,7,5,0,5,0,3,24,3,0,6,4,0,0,0,0,21,0,0,7,6,4,0,0,7,27,0,0,6,0,7,0,0,3,12,0,0,0,0,4,0,4,0,14,0,0,3,6,3,0,3,0,15,0,0,7,3,0,4,3,4,26,51,26,57,36,22,10,12,20,236
SAL21699,0,0,0,0,0,0,0,0,0,0,0,0,0,0,0,0,0,0,0,0,0,0,0,0,0,0,0,0,0,0,0,0,0,0,0,0,0,0,0,0,0,0,0,0,0,0,0,0,0,0,0,0,0,0,0,0,0,0,0,0,0,0,0,0,0,0,0,0,0,0,0,0,0,0,0,0,0,0,0,0,0,0,0,0,0,0,0,0,0,0,0,0,0,0,0,0,0,0,0,0,0,0,0,0,0,0,0,0,0,0,0,0,0,0,0,0,0,0,0,0,0,0,0,0,0,0,0,0,0,0,0,0,0,0,0,0,0,0,0,0,0,0,0,0
SAL21700,0,0,0,0,0,0,0,0,0,0,0,0,0,0,0,0,0,0,0,0,0,0,0,0,0,0,0,0,0,0,0,0,0,0,0,0,0,0,0,0,0,0,0,0,0,0,0,0,0,0,0,0,0,0,0,0,0,0,0,0,0,0,0,0,0,0,0,0,0,0,0,0,0,0,0,0,0,0,0,0,0,0,0,0,0,0,0,0,0,0,0,0,0,0,0,0,0,0,0,0,0,0,0,0,0,0,0,0,0,0,0,0,0,0,0,0,0,0,0,0,0,0,0,0,0,0,0,0,0,0,0,0,0,0,0,0,0,0,0,0,0,0,0,0
SAL21701,0,0,0,0,0,0,0,0,0,0,0,0,0,0,0,0,0,0,0,0,0,0,0,0,0,0,0,0,0,0,0,0,0,0,0,0,0,0,0,0,0,0,0,0,0,0,0,0,0,0,0,0,0,0,0,0,0,0,0,0,0,0,3,0,0,0,0,0,0,0,0,3,0,0,0,0,0,0,0,0,0,0,0,0,0,0,0,0,0,3,0,0,0,0,0,0,0,0,0,0,0,0,0,0,0,0,0,0,0,0,0,0,0,0,0,0,0,0,0,0,0,0,0,0,0,0,0,0,0,0,0,0,0,0,0,0,0,3,0,3,0,0,0,17
SAL21702,9,0,0,0,0,0,0,0,8,0,0,0,0,0,0,0,0,4,0,0,3,0,0,0,0,0,8,5,4,0,0,0,0,0,0,9,0,5,5,0,0,0,0,0,7,5,0,0,3,0,0,0,0,5,0,0,0,5,0,0,0,4,10,5,0,0,0,0,0,0,0,3,0,0,6,5,4,0,0,0,17,4,0,4,0,6,3,0,3,17,6,0,12,8,0,0,0,0,22,3,3,4,0,0,0,0,0,9,0,0,0,0,0,0,0,0,14,0,0,0,0,0,0,0,0,0,0,0,0,0,0,0,0,0,3,34,15,42,26,8,3,3,13,140
SAL21703,59,0,0,0,0,0,0,11,66,29,0,0,0,0,0,0,0,31,15,8,7,5,0,0,0,6,39,17,18,10,8,0,0,0,5,54,17,11,18,11,7,0,0,0,66,5,9,20,16,5,0,0,6,60,11,7,29,27,7,7,0,3,83,11,8,22,19,0,4,0,5,64,10,8,30,18,7,0,0,3,73,10,15,31,26,10,4,0,9,104,10,9,34,26,6,5,0,12,98,8,0,34,25,11,0,0,7,85,3,0,10,18,10,0,0,0,49,3,0,5,8,8,4,3,3,33,5,0,12,15,3,5,3,5,50,207,87,251,219,75,26,10,81,958
SAL21704,0,0,0,0,0,0,0,0,0,0,0,0,0,0,0,0,0,0,0,0,0,0,0,0,0,0,0,0,0,0,0,0,0,0,0,0,0,0,0,0,0,0,0,0,0,0,0,0,0,0,0,0,0,0,0,0,0,0,0,0,0,0,0,0,0,0,0,0,0,0,0,0,0,0,0,0,0,0,0,0,0,0,0,0,0,0,0,0,0,0,0,0,0,0,0,0,0,0,0,0,0,0,0,0,0,0,0,0,0,0,0,0,0,0,0,0,0,0,0,0,0,0,0,0,0,0,0,0,0,0,0,0,0,0,0,0,0,0,0,0,0,0,0,0
SAL21705,0,0,0,0,0,0,0,0,0,0,0,0,0,0,0,0,0,0,0,0,0,0,0,0,0,0,0,0,0,0,0,0,0,0,0,0,0,0,0,0,0,0,0,0,6,0,0,0,0,0,0,0,0,0,0,0,0,0,0,0,0,0,4,0,0,0,0,0,0,0,0,0,0,0,0,0,0,0,0,0,0,0,0,0,0,0,0,0,0,0,0,0,0,0,0,0,0,0,4,0,0,0,0,0,0,0,0,0,0,0,0,0,0,0,0,0,0,0,0,0,0,0,0,0,0,0,0,0,0,0,0,0,0,0,0,3,0,3,0,0,0,0,3,12
SAL21706,379,0,0,0,0,0,0,20,395,446,7,0,0,0,0,0,18,476,468,35,10,0,0,0,0,22,536,355,164,114,16,0,0,0,19,668,191,214,248,53,10,0,0,29,749,121,133,275,79,13,3,0,15,637,129,104,243,92,21,9,3,17,613,138,75,232,95,24,0,3,10,586,105,103,186,89,34,8,0,14,537,101,87,157,83,26,3,0,8,460,57,91,164,84,19,8,3,18,444,37,43,160,68,29,3,0,4,353,24,21,113,81,33,3,3,15,300,8,10,76,65,25,17,8,12,232,22,17,48,48,17,11,14,14,191,2579,1101,2027,865,263,68,40,225,7167
SAL21707,20,0,0,0,0,0,0,6,25,17,4,0,0,0,0,0,0,24,18,9,4,0,0,0,0,5,40,10,0,11,3,0,0,0,3,32,0,0,7,3,0,0,0,0,16,4,7,7,7,4,0,0,0,28,7,5,4,10,4,0,0,3,30,4,3,12,5,6,0,6,4,35,5,4,3,8,3,3,0,0,26,0,0,5,4,5,0,0,4,23,3,0,11,8,4,0,0,0,30,3,0,4,9,6,0,0,0,18,0,0,6,8,5,0,0,0,14,0,0,4,0,3,0,0,0,8,0,0,3,0,0,0,0,0,6,97,39,87,62,41,7,6,29,362
SAL21708,5,0,0,0,0,0,0,0,5,0,0,0,0,0,0,0,0,0,0,0,0,0,0,0,0,6,5,0,0,0,0,0,0,0,0,0,0,0,0,0,0,0,0,0,0,0,0,0,0,0,0,0,0,0,0,0,0,0,0,0,0,0,0,0,0,0,0,0,0,0,0,5,0,0,3,0,0,0,0,0,6,0,0,0,0,0,0,0,0,4,0,0,0,0,0,0,0,0,0,0,0,0,0,0,0,0,0,0,0,0,0,0,0,0,0,0,0,0,0,0,0,0,0,0,0,0,0,0,0,0,0,0,0,0,0,5,3,4,0,0,0,0,3,27
SAL21709,0,0,0,0,0,0,0,0,0,0,0,0,0,0,0,0,0,3,0,0,0,0,0,0,0,0,0,0,0,0,0,0,0,0,0,4,7,0,0,0,0,0,0,0,3,0,0,0,0,0,0,0,0,4,0,0,0,0,0,0,0,0,5,0,0,0,0,0,0,0,0,4,0,0,0,0,6,0,0,0,7,0,0,0,0,0,0,0,0,4,0,0,6,6,0,0,0,0,6,0,0,3,0,0,0,0,0,4,0,0,0,0,0,0,0,0,3,0,0,0,0,0,0,0,0,0,0,0,0,0,0,0,0,0,0,8,3,13,4,9,0,0,7,50
SAL21710,5,0,0,0,0,0,0,0,5,0,0,0,0,0,0,0,0,0,0,0,0,0,0,0,0,0,3,0,0,0,0,0,0,0,0,0,0,0,0,0,0,0,0,0,0,0,0,0,0,0,0,0,0,0,0,0,0,0,0,0,0,0,0,0,0,0,0,0,0,0,0,0,0,0,7,0,0,0,0,0,7,0,0,0,0,0,0,0,0,0,0,0,0,0,0,0,0,0,0,0,0,0,0,0,0,0,0,4,0,0,0,0,0,0,0,0,3,0,0,0,0,0,0,0,0,0,0,0,0,0,0,0,0,0,0,4,3,14,0,0,0,0,0,22
SAL21711,0,0,0,0,0,0,0,0,0,0,0,0,0,0,0,0,0,0,0,0,0,0,0,0,0,0,0,0,0,0,0,0,0,0,0,0,0,0,0,0,0,0,0,0,4,0,0,0,0,0,0,0,0,3,4,0,5,0,0,0,0,0,9,0,0,0,0,0,0,0,0,0,4,0,0,0,0,0,0,0,6,0,0,0,0,0,0,0,0,9,0,0,0,3,4,0,0,0,12,0,0,0,5,0,0,0,0,8,3,0,0,4,0,0,0,0,11,0,0,0,0,0,0,0,0,0,0,0,0,0,0,0,0,0,0,13,0,11,14,3,3,0,6,64
SAL21712,0,0,0,0,0,0,0,0,0,0,0,0,0,0,0,0,0,0,0,0,0,0,0,0,0,0,0,0,0,0,0,0,0,0,0,0,0,0,0,0,0,0,0,0,0,0,0,0,0,0,0,0,0,0,0,0,0,0,0,0,0,0,0,0,0,0,0,0,0,0,0,0,0,0,0,0,0,0,0,0,0,0,0,0,0,0,0,0,0,0,0,0,0,0,0,0,0,0,3,0,0,0,0,0,0,0,0,0,0,0,0,0,0,0,0,0,0,0,0,0,0,0,0,0,0,0,0,0,0,0,0,0,0,0,0,0,0,3,0,0,0,0,0,10
SAL21713,0,0,0,0,0,0,0,0,0,0,0,0,0,0,0,0,0,0,0,0,0,0,0,0,0,0,0,0,0,0,0,0,0,0,0,0,0,0,0,0,0,0,0,0,0,0,0,0,0,0,0,0,0,0,0,0,0,0,0,0,0,0,6,0,0,0,0,0,0,0,0,0,0,0,0,0,0,0,0,0,0,0,0,0,0,0,0,0,0,0,0,0,0,0,0,0,0,0,0,0,0,0,0,0,0,0,0,0,0,0,0,0,0,0,0,0,0,0,0,0,0,0,0,0,0,0,0,0,0,0,0,0,0,0,0,6,0,0,4,0,0,0,0,9
SAL21714,4,0,0,0,0,0,0,0,4,6,0,0,0,0,0,0,0,5,0,0,0,0,0,0,0,0,3,0,0,0,0,0,0,0,0,0,0,0,0,0,0,0,0,0,0,0,0,4,3,0,0,0,0,6,0,0,0,0,0,0,0,0,8,0,0,0,0,0,0,0,4,7,0,0,0,0,4,0,0,0,6,0,0,0,5,0,0,0,0,8,0,0,0,0,5,0,0,0,4,0,0,0,0,4,0,0,0,8,0,0,0,0,0,0,0,0,0,0,0,0,0,0,0,0,4,7,0,0,0,0,0,0,0,0,0,14,11,16,9,7,0,0,10,70
SAL21715,16,0,0,0,0,0,0,0,16,3,0,0,0,0,0,0,0,3,0,0,0,0,0,0,0,0,5,7,0,3,0,0,0,0,0,11,4,3,0,0,0,0,0,0,9,0,0,3,3,0,0,0,0,8,0,0,3,0,0,0,0,0,3,0,0,7,0,0,0,0,0,15,0,0,9,5,0,0,0,0,13,0,0,5,0,0,0,0,0,7,0,0,4,0,0,0,0,0,12,0,0,0,0,0,0,0,0,5,0,0,0,0,0,4,0,0,3,0,0,0,0,0,0,0,0,0,0,0,0,0,0,0,0,0,4,31,8,33,18,5,3,0,4,110
SAL21716,163,0,0,0,0,0,0,27,196,171,17,15,0,0,0,0,22,235,168,49,45,18,3,0,0,25,310,76,50,70,27,12,5,7,32,277,58,34,71,42,20,3,4,32,267,40,28,73,40,14,4,5,23,235,39,36,76,44,17,7,13,29,267,40,38,103,64,26,12,16,25,320,39,39,96,74,32,14,8,39,332,40,33,99,77,34,15,6,36,341,33,30,128,101,39,5,11,38,393,24,24,98,87,50,19,9,33,344,4,9,55,64,19,20,6,23,213,6,13,30,46,31,15,16,30,179,3,6,29,30,27,11,22,19,155,916,400,995,716,325,140,133,435,4059
SAL21717,18,0,0,0,0,0,0,4,22,6,0,0,0,0,0,0,0,6,3,0,4,0,0,0,0,0,8,0,0,8,0,0,0,0,0,10,3,0,7,0,0,0,0,0,13,5,0,3,3,0,0,0,0,12,3,0,8,0,4,0,0,4,18,4,0,8,3,0,0,3,4,22,6,6,15,9,0,0,0,0,28,0,0,3,9,3,0,0,0,17,0,3,4,9,0,0,0,0,16,0,0,3,8,4,0,0,0,16,0,0,0,0,0,0,0,3,10,0,0,6,4,0,0,0,0,8,0,0,0,0,0,0,0,0,0,56,11,65,41,11,9,5,16,214
SAL21718,5,0,0,0,0,0,0,0,5,3,0,0,0,0,0,0,0,3,5,0,0,0,0,0,0,0,5,0,0,0,0,0,0,0,0,0,0,0,0,0,0,0,0,0,4,0,4,0,0,0,0,0,0,4,0,0,0,0,0,0,0,0,3,0,0,6,3,0,0,0,0,7,0,0,5,0,0,0,0,0,11,5,0,0,0,0,0,0,0,7,0,0,0,0,0,0,0,0,3,0,0,0,0,0,0,0,0,4,0,0,0,0,0,0,0,0,4,0,0,0,0,0,0,0,0,3,0,0,0,0,0,0,0,0,0,12,3,15,11,4,0,0,3,49
SAL21719,4,0,0,0,0,0,0,0,4,0,0,0,0,0,0,0,0,0,0,0,0,0,0,0,0,0,0,0,0,0,0,0,0,0,0,0,0,0,0,0,0,0,0,0,0,0,0,0,0,0,0,0,0,0,0,0,0,0,0,0,0,0,0,0,0,0,0,0,0,0,0,3,0,0,0,0,0,0,0,0,0,0,0,0,0,0,0,0,0,0,0,0,0,0,0,0,0,0,0,0,0,0,0,0,0,0,0,0,0,0,0,0,0,0,0,0,0,0,0,0,0,0,0,0,0,0,0,0,0,0,0,0,0,0,0,4,0,0,7,4,0,0,5,13
SAL21720,0,0,0,0,0,0,0,0,0,0,0,0,0,0,0,0,0,0,0,0,0,0,0,0,0,0,0,0,0,0,0,0,0,0,0,0,0,0,0,0,0,0,0,0,0,0,0,0,0,0,0,0,0,0,0,0,0,0,0,0,0,0,0,0,0,0,0,0,0,0,0,0,0,0,0,0,0,0,0,0,0,0,0,0,0,0,0,0,0,0,0,0,0,0,0,0,0,0,0,0,0,0,0,0,0,0,0,0,0,0,0,0,0,0,0,0,0,0,0,0,0,0,0,0,0,0,0,0,0,0,0,0,0,0,0,0,0,0,0,0,0,0,0,3
SAL21721,5,0,0,0,0,0,0,0,5,0,0,0,0,0,0,0,0,0,0,0,0,0,0,0,0,0,4,0,0,0,0,0,0,0,0,0,0,0,0,0,0,0,0,0,0,0,0,5,0,0,0,0,0,5,0,0,0,0,0,0,0,0,0,0,0,0,0,0,0,0,0,0,4,0,0,0,0,0,0,0,3,0,4,0,0,0,0,0,0,7,0,0,4,0,0,0,0,0,5,0,0,0,0,0,0,0,3,5,3,0,0,0,0,0,0,0,6,0,0,0,0,0,0,0,0,0,0,0,0,0,6,0,0,4,6,8,6,12,6,5,0,0,11,45
SAL21722,3,0,0,0,0,0,0,0,3,0,0,0,0,0,0,0,0,0,0,0,0,0,0,0,0,0,0,0,0,0,0,0,0,0,0,0,0,0,0,0,0,0,0,0,0,0,0,0,0,0,0,0,0,0,0,0,0,0,0,0,0,0,0,0,0,0,0,0,0,0,0,5,0,0,0,0,0,0,0,0,5,0,0,0,0,0,0,0,0,0,0,0,0,0,0,0,0,0,0,0,0,0,0,0,0,0,0,4,0,0,5,0,0,0,0,0,3,0,0,0,0,0,0,0,0,0,0,0,0,0,0,0,0,0,3,6,3,6,0,0,0,0,0,33
SAL21723,0,0,0,0,0,0,0,0,0,0,0,0,0,0,0,0,0,0,0,0,0,0,0,0,0,0,0,0,0,0,0,0,0,0,0,0,0,0,0,0,0,0,0,0,0,0,0,0,0,0,0,0,0,0,0,0,0,0,0,0,0,0,0,0,0,0,0,0,0,0,0,5,0,0,0,0,0,0,0,0,0,4,0,0,0,0,0,0,0,4,0,0,0,0,0,0,0,0,0,0,0,0,0,0,0,0,0,0,0,0,0,0,0,0,0,0,0,0,0,0,0,0,0,0,0,0,0,0,0,0,0,0,0,0,0,10,0,0,0,0,0,0,5,16
SAL21724,0,0,0,0,0,0,0,0,0,0,0,0,0,0,0,0,0,0,0,0,0,0,0,0,0,0,3,0,0,0,0,0,0,0,0,4,0,0,0,0,0,0,0,0,5,0,0,4,3,0,0,0,0,11,0,0,0,0,0,0,0,0,5,0,0,0,0,0,0,0,0,3,0,0,0,0,0,0,0,0,6,0,0,0,0,0,0,0,0,0,0,0,0,3,0,0,0,0,8,0,0,0,0,0,0,0,0,0,0,0,0,0,0,0,0,0,4,0,0,0,0,0,0,0,0,0,0,0,0,0,0,0,0,0,0,11,0,7,12,4,0,0,3,41
SAL21725,0,0,0,0,0,0,0,0,0,0,0,0,0,0,0,0,0,0,0,0,0,0,0,0,0,0,0,0,0,0,0,0,0,0,0,5,0,0,0,0,0,0,0,0,0,0,0,0,0,0,0,0,0,0,0,0,0,0,0,0,0,0,0,0,0,0,0,0,0,0,0,3,0,0,0,0,0,0,0,0,0,0,0,0,0,0,0,0,0,0,0,0,0,0,0,0,0,0,4,0,0,0,0,0,0,0,0,0,0,0,0,0,0,0,0,0,0,0,0,0,0,0,0,0,0,0,0,0,0,0,0,0,0,0,0,0,0,0,0,0,0,0,0,10
SAL21726,3,0,0,0,0,0,0,0,3,3,0,0,0,0,0,0,0,3,0,0,0,0,0,0,0,0,0,0,0,0,0,0,0,0,3,3,0,0,0,0,0,0,0,0,4,0,0,0,0,0,0,0,0,3,0,0,0,0,0,0,0,0,0,0,0,0,3,0,0,0,0,10,0,0,8,3,0,0,0,3,11,0,0,0,0,0,0,0,0,3,0,0,5,3,0,0,0,0,4,0,4,0,0,0,0,0,0,3,0,0,0,0,0,0,0,0,0,0,0,0,0,0,0,0,0,0,0,0,0,0,0,0,0,0,0,14,11,13,11,3,0,0,12,63
SAL21727,107,0,0,0,0,0,0,12,119,80,0,0,0,0,0,0,7,90,49,13,7,5,0,0,0,3,76,33,19,31,8,0,0,0,6,95,15,25,48,15,3,0,4,7,120,20,14,50,28,5,0,0,0,132,26,13,65,37,10,0,0,8,150,24,12,61,37,7,0,0,3,147,14,13,40,29,10,0,0,5,118,8,19,32,33,4,0,0,4,108,9,15,39,25,21,4,0,8,117,11,10,31,25,5,0,3,6,97,0,0,18,15,8,0,0,0,55,0,0,7,10,6,0,4,4,35,3,6,3,17,4,0,4,6,39,406,160,440,283,92,22,17,74,1488
SAL21728,3,0,0,0,0,0,0,3,9,6,0,0,0,0,0,0,0,6,4,0,0,0,0,0,0,4,4,0,0,0,0,0,0,0,0,7,4,0,4,0,0,0,0,4,10,0,0,0,4,0,0,0,0,6,3,0,0,0,0,0,0,0,8,0,0,3,3,0,0,0,0,12,0,0,4,0,0,0,0,0,7,0,0,0,0,0,0,0,0,4,0,0,4,5,0,0,0,0,6,0,0,0,3,0,0,0,0,5,0,0,0,0,0,0,0,0,5,0,0,0,0,0,0,0,0,0,0,0,0,0,0,0,0,0,0,15,6,25,24,4,0,0,11,88
SAL21729,0,0,0,0,0,0,0,0,0,0,0,0,0,0,0,0,0,0,0,0,0,0,0,0,0,0,0,0,0,0,0,0,0,0,0,6,0,0,0,0,0,0,0,0,0,0,0,0,0,0,0,0,0,0,0,0,0,0,0,0,0,0,0,0,0,0,0,0,0,0,0,0,0,0,0,0,0,0,0,0,0,0,0,0,4,0,0,0,0,3,0,0,0,0,0,0,0,0,3,0,0,0,0,0,0,0,0,0,0,0,0,0,0,0,0,0,0,0,0,0,0,0,0,0,0,0,0,0,0,0,0,0,0,0,0,0,0,3,5,3,0,0,4,14
SAL21730,0,0,0,0,0,0,0,0,0,0,0,0,0,0,0,0,0,0,0,0,0,0,0,0,0,0,0,0,0,0,0,0,0,0,0,0,0,0,0,0,0,0,0,0,0,0,0,0,0,0,0,0,0,0,0,0,0,0,0,0,0,0,0,0,0,0,0,0,0,0,0,0,0,0,0,0,0,0,0,0,0,0,0,0,0,0,0,0,0,0,0,0,0,0,0,0,0,0,0,0,0,0,0,0,0,0,0,0,0,0,0,0,0,0,0,0,0,0,0,0,0,0,0,0,0,0,0,0,0,0,0,0,0,0,0,0,0,0,0,0,0,0,0,0
SAL21731,9,0,0,0,0,0,0,0,6,3,0,0,0,0,0,0,0,3,0,0,0,0,0,0,0,0,0,0,0,0,0,0,0,0,0,0,0,0,0,0,0,0,0,0,0,0,0,0,0,0,0,0,0,0,0,0,0,3,0,0,0,0,4,0,0,5,0,0,0,0,0,4,0,0,0,0,0,0,0,0,0,0,0,0,0,0,0,0,0,0,0,0,0,0,0,0,0,0,4,0,0,0,0,0,0,0,0,0,0,0,0,0,0,0,0,0,0,0,0,0,0,0,0,0,0,0,0,0,0,0,0,0,0,0,0,13,0,4,7,3,3,0,0,36
SAL21732,155,0,0,0,0,0,0,11,165,181,0,0,0,0,0,0,10,192,140,5,0,0,0,0,0,8,155,108,24,15,0,4,0,0,10,162,52,51,49,6,3,0,0,6,160,33,36,77,23,9,0,0,5,179,26,25,59,25,3,0,0,10,153,31,39,97,41,13,0,3,3,223,20,27,74,40,14,0,0,9,175,23,33,50,31,13,6,0,5,156,31,33,61,32,4,3,3,8,177,27,20,51,37,4,0,0,11,152,14,10,22,27,3,0,0,8,87,5,4,15,12,4,3,0,6,60,6,4,25,17,10,8,0,6,82,844,327,604,292,71,21,13,112,2278
SAL21733,183,0,0,0,0,0,0,6,190,158,0,0,0,0,0,0,6,163,98,8,0,0,0,0,0,5,107,78,28,30,9,0,0,0,5,143,41,40,78,18,0,0,0,0,178,32,44,104,21,5,0,0,11,217,19,40,129,44,8,4,0,3,243,24,32,104,35,8,0,0,3,207,36,41,86,39,4,0,0,4,210,32,34,67,37,4,0,0,8,184,27,28,56,34,9,0,0,4,149,19,18,65,45,9,3,0,3,167,15,10,41,23,9,4,0,7,113,7,6,24,17,7,3,0,0,70,7,12,34,25,13,14,3,8,107,769,355,801,341,80,30,7,76,2452
SAL21734,0,0,0,0,0,0,0,0,4,0,0,0,0,0,0,0,0,0,0,0,0,0,0,0,0,0,0,0,0,0,0,0,0,0,0,0,0,0,0,0,0,0,0,0,0,0,0,0,0,0,0,0,0,5,0,0,0,3,0,0,0,0,3,0,0,0,0,0,0,0,0,0,0,0,0,0,0,0,0,0,4,0,0,0,0,0,0,0,0,0,0,0,0,0,0,0,0,0,0,0,0,0,0,0,0,0,0,0,0,0,0,0,0,0,0,0,0,0,0,0,0,0,0,0,0,0,0,0,0,0,0,0,0,0,0,3,4,6,6,4,0,0,0,27
SAL21735,218,0,0,0,0,0,0,3,228,202,0,0,0,0,0,0,11,214,162,25,3,6,0,0,0,18,209,146,70,43,4,0,0,0,4,270,69,89,139,45,5,0,0,13,360,75,64,175,62,7,3,0,11,395,59,55,145,64,11,0,0,9,349,54,39,144,58,14,0,0,5,313,50,33,118,58,13,0,4,10,276,41,41,152,70,17,0,5,7,333,36,24,133,89,31,6,0,8,326,22,26,101,71,30,3,0,6,258,12,22,60,51,27,8,6,4,192,4,7,30,33,31,0,6,9,122,3,8,25,20,8,3,5,5,75,1154,491,1269,635,197,34,35,115,3924
SAL21736,187,0,0,0,0,0,0,14,206,156,9,0,0,0,0,0,5,175,116,29,7,3,0,0,0,12,176,63,60,58,24,0,0,0,8,218,40,45,99,39,10,0,0,4,240,23,27,99,51,15,0,0,4,220,30,39,107,44,13,3,0,9,242,26,20,99,69,7,0,0,9,237,25,19,95,51,19,0,0,5,212,13,3,68,54,20,9,0,10,180,11,15,81,47,28,6,0,3,200,11,11,77,58,16,4,0,5,188,4,5,51,38,14,4,0,9,129,9,7,26,29,21,11,5,6,112,7,11,41,33,23,14,6,10,140,734,304,921,546,193,55,19,103,2872
SAL21737,34,0,0,0,0,0,0,7,39,14,0,0,0,0,0,0,0,21,24,11,5,0,0,0,0,3,39,11,3,7,4,0,0,0,6,37,4,4,14,0,0,0,0,0,31,4,4,17,9,0,0,0,4,39,6,3,19,6,0,0,0,0,39,5,3,15,11,4,0,0,0,43,11,5,18,11,9,0,0,4,56,9,3,19,10,5,0,0,0,54,9,11,34,26,9,0,0,5,93,12,4,40,27,11,3,0,10,110,4,9,25,25,3,3,5,19,90,0,8,21,20,5,7,3,17,80,0,4,8,6,10,0,0,37,69,151,77,237,158,67,16,8,114,826
SAL21738,0,0,0,0,0,0,0,0,0,0,0,0,0,0,0,0,0,0,0,0,0,0,0,0,0,0,0,0,0,0,0,0,0,0,0,0,0,0,0,0,0,0,0,0,0,0,0,0,0,0,0,0,0,0,0,0,0,0,0,0,0,0,0,0,0,0,0,0,0,0,0,0,0,0,0,0,0,0,0,0,0,0,0,0,0,0,0,0,0,0,0,0,0,0,0,0,0,0,0,0,0,0,0,0,0,0,0,0,0,0,0,0,0,0,0,0,0,0,0,0,0,0,0,0,0,0,0,0,0,0,0,0,0,0,0,4,5,0,3,0,0,0,0,12
SAL21739,0,0,0,0,0,0,0,0,0,0,0,0,0,0,0,0,0,0,0,0,0,0,0,0,0,0,0,3,0,0,0,0,0,0,0,5,0,0,0,0,0,0,0,0,0,0,0,0,4,0,0,0,0,0,0,0,0,0,0,0,0,0,0,0,0,0,0,0,0,0,0,0,0,0,0,0,0,0,0,0,0,0,0,0,0,0,0,0,0,0,0,0,0,0,0,0,0,0,0,0,0,0,0,0,0,0,0,0,0,0,0,0,0,0,0,0,4,0,0,0,0,0,0,0,0,0,0,0,0,0,0,0,0,0,0,4,0,3,8,0,0,0,3,16
SAL21740,3,0,0,0,0,0,0,0,3,0,0,0,0,0,0,0,0,0,0,0,0,0,0,0,0,0,0,0,0,0,0,0,0,0,0,0,0,0,0,0,0,0,0,0,4,0,0,0,0,0,0,0,0,0,7,0,8,0,0,0,0,0,7,3,0,0,0,0,0,0,0,8,0,0,4,0,0,0,0,0,5,3,0,0,0,0,0,0,0,8,3,4,7,6,3,0,0,0,15,3,0,4,3,0,0,0,0,11,0,0,6,0,0,0,0,0,7,0,0,3,0,0,0,0,0,6,0,0,0,0,0,0,0,0,4,27,6,20,16,10,4,0,8,83
SAL21741,7,0,0,0,0,0,0,0,7,0,0,0,0,0,0,0,0,0,0,0,0,0,0,0,0,0,0,0,0,0,0,0,0,0,0,0,0,0,3,0,0,0,0,0,4,0,0,0,0,0,0,0,0,0,0,0,0,0,0,0,0,0,0,0,0,0,0,0,0,0,0,0,0,0,0,0,0,0,0,0,0,0,0,0,0,0,0,0,0,0,0,0,0,0,0,0,0,0,3,0,0,0,0,0,0,0,0,3,0,0,0,0,0,0,0,0,0,0,0,0,0,0,0,0,0,0,0,0,0,0,0,0,0,0,0,0,0,0,5,0,0,0,3,21
SAL21742,336,0,0,0,0,0,0,23,351,536,4,0,0,0,0,0,25,575,705,19,7,0,0,0,0,45,782,609,110,62,6,0,0,0,35,825,327,124,173,37,5,0,0,32,694,174,101,185,62,10,0,0,13,550,174,84,213,90,20,4,0,17,606,123,77,191,90,11,3,0,13,513,113,65,177,78,28,6,0,13,474,104,73,187,98,18,10,0,20,513,68,50,139,82,26,8,0,19,384,62,30,115,66,22,3,5,13,322,31,20,70,61,25,5,5,17,231,19,15,47,51,20,10,12,28,205,17,20,69,59,42,24,18,15,268,3417,788,1632,783,236,61,40,336,7290
SAL21743,0,0,0,0,0,0,0,0,0,0,0,0,0,0,0,0,0,0,0,0,0,0,0,0,0,0,0,0,0,3,0,0,0,0,0,6,0,0,0,0,0,0,0,0,0,0,0,0,0,0,0,0,0,0,0,0,0,4,0,0,0,0,4,0,0,0,0,0,0,0,3,5,4,0,4,0,0,0,0,0,4,6,0,0,0,0,0,0,0,6,0,0,4,0,0,0,0,0,5,0,0,0,0,0,0,0,0,5,0,0,0,0,0,0,0,0,0,0,0,0,0,0,0,0,0,0,0,0,0,0,0,0,0,0,0,6,3,16,7,0,0,0,3,33
SAL21744,3,0,0,0,0,0,0,0,3,0,0,0,0,0,0,0,0,3,0,0,0,0,0,0,0,0,0,0,0,0,0,0,0,0,0,3,0,0,0,0,0,0,0,0,0,0,0,0,0,0,0,0,0,4,0,0,0,0,0,0,0,0,3,0,0,0,0,0,0,0,0,3,0,0,0,0,0,0,0,0,4,0,0,0,0,0,0,0,0,5,0,0,0,0,0,0,0,0,3,0,0,4,0,0,0,0,0,5,0,0,0,0,0,0,0,0,0,0,0,0,0,0,0,0,0,0,0,0,0,0,0,0,0,0,0,10,9,12,0,0,0,0,0,39
SAL21745,0,0,0,0,0,0,0,0,0,0,0,0,0,0,0,0,0,0,0,0,0,0,0,0,0,0,5,0,0,0,0,0,0,0,0,0,0,0,0,0,0,0,0,0,0,0,0,4,0,0,0,0,0,4,0,0,0,0,0,0,0,0,0,0,0,0,0,0,0,0,0,3,0,0,0,0,0,0,0,0,3,0,0,0,0,0,0,0,0,0,0,0,0,0,0,0,0,0,0,0,0,0,0,0,0,0,0,0,0,0,0,0,0,0,0,0,0,0,0,0,0,0,0,0,0,0,0,0,0,0,0,0,0,0,0,0,0,0,0,0,0,0,5,12
SAL21746,139,0,0,0,0,0,0,5,150,133,0,0,0,0,0,0,19,145,129,16,8,0,0,0,0,15,165,139,63,34,6,0,0,0,13,259,71,70,108,26,0,0,0,12,287,51,54,116,24,3,0,0,19,272,33,37,94,33,0,0,0,11,224,52,29,91,30,10,0,0,4,219,35,38,85,23,12,4,0,8,199,21,45,61,24,13,0,0,9,164,24,24,53,23,6,0,0,3,154,16,20,51,33,13,3,0,10,147,5,6,37,24,14,5,0,5,95,4,5,21,24,10,4,0,10,77,7,15,17,26,12,0,8,12,98,867,417,789,290,96,25,16,146,2645
SAL21747,0,0,0,0,0,0,0,0,0,0,0,0,0,0,0,0,0,0,3,0,0,0,0,0,0,0,3,0,0,0,0,0,0,0,0,0,0,0,0,0,0,0,0,0,0,0,0,0,0,0,0,0,0,0,0,0,0,0,0,0,0,0,0,0,0,0,0,0,0,0,0,0,0,0,0,0,0,0,0,0,0,0,0,0,0,0,0,0,0,0,0,0,0,0,0,0,0,0,0,0,0,0,0,0,0,0,0,0,0,0,0,0,0,0,0,0,0,0,0,0,0,0,0,0,0,0,0,0,0,0,0,0,0,0,0,4,0,0,0,0,0,0,0,0
SAL21748,3,0,0,0,0,0,0,0,3,4,0,0,0,0,0,0,0,4,0,0,0,0,0,0,0,0,0,0,0,0,0,0,0,0,0,0,0,3,0,0,0,0,0,0,9,0,0,0,0,0,0,0,0,0,0,0,0,0,0,0,0,0,4,0,0,0,4,0,0,0,0,5,0,0,0,0,0,0,0,0,3,0,0,0,3,0,0,0,0,4,0,0,0,0,0,0,0,0,6,0,0,0,0,0,0,0,0,0,0,0,0,0,0,0,0,0,4,0,0,0,0,0,0,0,0,0,0,0,0,0,0,0,0,0,0,11,4,11,8,0,0,0,0,42
SAL21749,0,0,0,0,0,0,0,0,0,0,0,0,0,0,0,0,0,0,5,0,0,0,0,0,0,0,0,0,0,0,0,0,0,0,0,0,0,0,0,0,0,0,0,0,0,0,0,0,0,0,0,0,0,3,0,0,0,0,0,0,0,0,0,0,0,0,0,0,0,0,0,0,0,0,0,3,0,0,0,0,6,0,0,0,0,0,0,0,0,3,0,0,4,4,0,0,0,0,4,0,0,0,0,0,0,0,0,0,0,0,0,0,0,0,0,0,0,0,0,0,0,0,0,0,0,0,0,0,0,0,0,0,0,0,0,7,0,11,10,0,0,0,0,26
SAL21750,0,0,0,0,0,0,0,0,0,0,0,0,0,0,0,0,0,0,0,0,0,0,0,0,0,0,0,0,0,0,0,0,0,0,0,6,0,0,0,0,0,0,0,0,0,0,0,0,0,0,0,0,0,0,0,0,0,0,0,0,0,0,0,0,0,0,0,0,0,0,0,3,0,0,0,0,0,0,0,0,0,0,0,0,3,0,0,0,0,3,0,0,0,0,0,0,0,0,0,0,0,0,0,0,0,0,0,0,0,0,0,0,0,0,0,0,0,0,0,0,0,0,0,0,0,0,0,0,0,0,0,0,0,0,0,3,0,0,6,0,0,0,0,8
SAL21751,0,0,0,0,0,0,0,0,0,0,0,0,0,0,0,0,0,0,0,0,0,0,0,0,0,0,3,0,0,0,0,0,0,0,0,0,0,0,0,0,0,0,0,0,0,0,0,0,0,0,0,0,0,0,0,0,0,0,0,0,0,0,0,0,0,0,0,0,0,0,0,5,0,0,0,0,0,0,0,0,0,0,0,0,0,0,0,0,0,0,0,0,0,0,0,0,0,0,0,0,0,0,0,0,0,0,0,0,0,0,0,0,0,0,0,0,3,0,0,0,0,0,0,0,0,6,0,0,0,0,0,0,0,0,0,0,7,3,0,0,0,0,6,25
SAL21752,0,0,0,0,0,0,0,0,0,0,0,0,0,0,0,0,0,0,0,0,0,0,0,0,0,0,0,0,0,0,0,0,0,0,0,0,0,0,0,0,0,0,0,0,0,0,0,0,0,0,0,0,0,0,0,0,0,0,0,0,0,0,0,0,0,0,0,0,0,0,0,0,0,0,0,0,0,0,0,0,0,0,0,0,0,0,0,0,0,0,0,0,0,0,0,0,0,0,0,0,0,0,0,0,0,0,0,0,0,0,0,0,0,0,0,0,0,0,0,0,0,0,0,0,0,0,0,0,0,0,0,0,0,0,0,0,0,0,0,0,0,0,0,0
SAL21753,0,0,0,0,0,0,0,0,0,0,0,0,0,0,0,0,0,0,0,0,0,0,0,0,0,0,0,0,0,0,0,0,0,0,0,0,0,0,0,0,0,0,0,0,4,0,0,0,0,0,0,0,0,0,3,0,0,0,0,0,0,0,0,0,0,0,0,0,0,0,0,6,0,0,0,0,0,0,0,0,3,0,4,0,0,0,0,0,0,5,0,0,0,0,0,0,0,0,0,0,0,0,0,0,0,0,0,0,0,0,0,0,0,0,0,0,0,0,0,0,0,0,0,0,0,0,0,0,0,0,0,0,0,0,0,11,3,12,12,0,0,0,0,38
SAL21754,44,0,0,0,0,0,0,4,46,23,0,0,0,0,0,0,0,25,18,4,5,0,0,0,0,0,20,4,6,6,0,0,0,0,6,23,9,0,9,5,0,0,0,0,18,3,0,8,6,6,0,0,0,25,5,4,17,11,7,0,0,5,45,5,3,24,8,6,0,0,3,49,7,4,7,15,5,0,0,0,37,0,3,18,10,6,0,0,0,44,0,3,9,8,0,0,0,0,28,5,4,13,8,0,0,0,0,29,0,0,9,6,4,0,0,0,18,0,0,4,4,0,0,0,0,14,0,0,5,7,0,0,4,3,14,132,35,122,87,26,9,4,19,436
SAL21755,594,0,0,0,0,0,0,41,632,621,20,16,0,0,0,0,31,689,546,102,63,11,0,0,4,36,755,375,216,214,64,12,0,0,40,929,197,172,361,136,43,15,4,26,947,95,105,293,159,48,9,7,30,747,78,116,317,149,48,12,10,20,749,90,95,307,144,55,11,11,20,726,56,72,263,186,65,15,6,16,672,46,66,271,182,57,12,5,23,664,46,54,225,153,39,15,10,24,567,30,45,191,171,55,16,10,15,531,26,37,149,103,42,13,5,17,389,13,13,66,58,29,6,9,13,213,15,15,60,43,29,13,22,12,215,2821,1140,2785,1561,528,135,98,361,9427
SAL21756,195,3,0,0,0,0,0,18,223,166,17,14,0,0,0,0,27,217,115,60,41,14,7,5,0,32,273,105,35,57,27,5,4,3,28,262,49,37,60,35,11,4,4,28,233,49,23,83,50,20,4,8,20,269,29,30,94,43,22,3,6,24,251,26,26,91,60,27,12,4,21,271,37,26,63,61,33,6,3,23,247,33,18,86,70,30,16,5,28,281,20,20,96,74,33,5,0,35,285,10,22,85,72,32,10,9,31,277,11,6,27,54,33,12,15,32,188,4,6,18,37,14,11,10,22,129,3,3,13,32,35,10,4,30,140,860,343,840,626,306,108,80,394,3557
SAL21757,0,0,0,0,0,0,0,0,0,4,0,0,0,0,0,0,0,3,0,0,0,0,0,0,0,3,0,0,0,0,0,0,0,0,0,7,0,0,4,0,0,0,0,0,4,0,0,5,0,0,0,0,0,10,0,0,0,0,0,0,0,0,5,0,0,0,0,0,0,0,0,0,0,0,0,0,0,0,0,0,0,0,0,0,0,0,0,0,0,6,0,0,0,3,0,0,0,0,3,0,0,0,0,0,0,0,0,4,0,0,0,0,0,0,0,0,0,0,0,0,0,0,0,0,0,3,0,0,0,0,0,0,0,0,0,11,7,13,12,3,0,0,6,50
SAL21758,0,0,0,0,0,0,0,0,0,0,0,0,0,0,0,0,0,0,3,0,0,0,0,0,0,0,3,0,0,0,0,0,0,0,0,0,0,0,0,0,0,0,0,0,0,0,0,0,0,0,0,0,0,0,0,0,0,4,0,0,0,0,6,0,0,0,0,0,0,0,0,3,0,0,0,4,0,0,0,0,4,0,0,0,5,0,0,0,0,3,0,0,0,0,0,0,0,0,0,0,0,0,6,0,0,0,0,6,0,0,4,0,0,0,0,0,4,0,0,0,0,0,0,0,0,0,0,0,0,0,0,0,0,0,0,4,3,7,14,0,0,0,0,27
SAL21759,7,0,0,0,0,0,0,0,0,5,0,0,0,0,0,0,0,9,5,0,0,0,0,0,0,0,4,0,4,0,0,0,0,0,0,8,0,4,0,0,0,0,0,0,5,0,0,4,0,0,0,0,0,7,0,0,5,0,0,0,0,0,6,0,0,0,0,0,3,0,0,3,0,0,3,0,0,0,0,0,12,0,0,3,4,0,0,0,0,11,0,0,0,3,0,0,0,0,5,0,0,0,0,0,0,0,0,8,0,0,0,0,0,0,0,0,0,0,0,0,0,0,0,0,0,0,0,0,0,0,0,0,0,0,0,22,11,16,19,6,3,0,7,79
SAL21760,251,0,0,0,0,0,0,10,261,222,4,0,0,0,0,0,6,234,211,8,4,3,0,0,0,15,246,182,74,46,6,0,0,0,15,325,111,89,106,37,0,0,0,12,366,81,53,143,49,8,0,0,7,352,59,64,184,57,9,4,0,11,395,66,73,141,63,10,0,0,9,361,55,51,122,44,9,0,0,4,289,36,50,114,55,4,0,0,7,262,26,28,90,44,17,4,3,8,209,11,22,65,29,13,7,0,4,155,20,16,50,31,15,0,5,12,149,14,5,28,30,13,7,4,7,106,11,16,41,42,24,12,15,9,163,1363,554,1126,491,129,34,31,138,3864
SAL21761,0,0,0,0,0,0,0,0,0,0,0,0,0,0,0,0,0,0,0,0,0,0,0,0,0,0,0,0,0,0,0,0,0,0,0,0,0,0,0,0,0,0,0,0,6,0,0,0,0,0,0,0,0,0,0,0,0,0,0,0,0,0,0,0,0,0,0,0,0,0,0,0,0,0,0,0,0,0,0,0,3,0,0,0,0,0,0,0,0,0,0,0,0,0,0,0,0,0,0,0,0,0,0,0,0,0,0,0,0,0,0,0,0,0,0,0,0,0,0,0,0,0,0,0,0,0,0,0,0,0,0,0,0,0,0,3,4,0,4,0,0,0,0,12
SAL21762,36,0,0,0,0,0,0,0,35,17,0,0,0,0,0,0,0,17,14,3,0,0,0,0,0,0,18,7,5,7,0,0,0,0,4,22,3,4,10,7,6,0,0,0,38,6,6,17,8,7,0,0,0,39,4,9,10,10,0,0,0,0,37,3,5,9,7,3,0,0,0,33,4,4,6,11,6,0,0,0,25,4,5,10,5,4,0,0,0,24,0,0,9,6,0,0,0,0,16,4,0,8,4,0,0,0,0,17,0,0,3,0,0,0,0,0,8,0,0,0,3,0,0,0,0,8,0,0,0,0,0,0,0,0,0,89,41,100,61,25,4,0,14,330
SAL21763,610,0,0,0,0,0,0,52,661,504,18,0,0,0,0,0,31,563,346,54,25,15,0,0,0,26,461,250,142,130,38,9,0,0,26,590,155,140,284,81,27,0,0,21,714,127,108,309,122,44,6,0,29,752,122,118,400,168,52,11,3,30,912,136,144,378,192,45,11,8,34,944,126,116,325,163,65,8,10,37,846,107,106,326,182,57,20,3,38,838,123,103,403,207,62,10,7,48,960,92,93,441,294,102,25,11,81,1141,87,72,368,290,83,30,14,67,1005,48,38,207,197,80,37,14,92,717,51,41,197,199,104,43,26,163,828,2890,1302,3787,2152,727,206,95,775,11938
SAL21764,0,0,0,0,0,0,0,0,0,0,0,0,0,0,0,0,0,0,0,0,0,0,0,0,0,0,0,0,0,0,0,0,0,0,0,0,0,0,0,0,0,0,0,0,0,0,0,0,0,0,0,0,0,0,0,0,0,0,0,0,0,0,0,0,0,0,0,0,0,0,0,0,0,0,0,0,0,0,0,0,0,0,0,0,0,0,0,0,0,0,0,0,0,0,0,0,0,0,0,0,0,0,0,0,0,0,0,0,0,0,0,0,0,0,0,0,0,0,0,0,0,0,0,0,0,0,0,0,0,0,0,0,0,0,0,0,0,0,0,0,0,0,0,0
SAL21765,3,0,0,0,0,0,0,0,4,3,0,0,0,0,0,0,0,3,0,0,0,0,0,0,0,0,0,0,0,0,0,0,0,0,0,0,0,0,0,0,0,0,0,0,6,0,0,3,0,0,0,0,0,4,0,0,0,3,0,0,0,0,7,0,0,0,0,0,0,0,0,7,0,0,3,3,0,0,0,0,4,3,0,3,0,0,0,0,0,3,0,0,0,0,0,0,0,0,5,0,4,0,0,0,0,0,0,3,0,0,0,0,0,0,0,0,0,0,0,0,0,0,0,0,0,0,0,0,0,0,0,0,0,0,0,16,7,9,9,0,0,0,6,49
SAL21766,0,0,0,0,0,0,0,0,0,0,0,0,0,0,0,0,0,0,0,0,0,0,0,0,0,0,0,0,0,0,0,0,0,0,0,0,0,0,0,0,0,0,0,0,0,0,0,0,0,0,0,0,0,0,0,0,0,0,0,0,0,0,0,0,0,0,0,0,0,0,0,0,0,0,0,0,0,0,0,0,0,0,0,0,0,0,0,0,0,0,0,0,0,0,0,0,0,0,0,0,0,0,0,0,0,0,0,0,0,0,0,0,0,0,0,0,0,0,0,0,0,0,0,0,0,0,0,0,0,0,0,0,0,0,0,0,0,0,0,0,0,0,0,0
SAL21767,33,0,0,0,0,0,0,4,41,21,4,0,0,0,0,0,9,30,17,9,6,0,0,0,0,5,42,12,6,4,4,3,0,0,6,38,11,9,5,4,5,0,0,0,34,8,4,0,12,5,0,3,0,37,6,5,8,14,0,0,3,4,33,10,6,11,11,6,0,0,3,49,21,5,16,10,7,0,0,4,66,11,7,9,15,12,0,0,8,63,13,0,18,20,3,0,0,0,56,8,8,19,10,5,5,0,12,59,3,5,16,5,4,0,0,9,41,0,0,7,9,7,3,3,3,30,4,3,8,5,8,4,0,6,40,167,58,135,135,58,21,16,58,653
SAL21768,0,0,0,0,0,0,0,0,0,0,0,0,0,0,0,0,0,0,0,0,0,0,0,0,0,0,0,0,0,0,0,0,0,0,0,0,0,0,0,0,0,0,0,0,0,0,0,0,0,0,0,0,0,0,0,0,0,0,0,0,0,0,0,0,0,0,0,0,0,0,0,0,0,0,0,0,0,0,0,0,0,0,0,0,0,0,0,0,0,0,0,0,0,0,0,0,0,0,0,0,0,0,0,0,0,0,0,0,0,0,0,0,0,0,0,0,0,0,0,0,0,0,0,0,0,0,0,0,0,0,0,0,0,0,0,0,0,0,0,0,0,0,0,7
SAL21769,322,10,0,0,0,0,0,62,393,285,52,25,5,0,0,0,71,447,183,77,67,21,12,0,0,51,414,129,92,114,58,17,9,7,68,493,95,47,84,67,27,15,7,63,397,59,44,78,52,25,12,18,55,337,64,38,123,71,38,15,20,39,409,64,54,125,82,38,8,25,60,455,72,47,163,100,46,17,10,51,500,74,41,143,117,57,25,13,54,523,25,27,160,113,51,18,3,42,444,37,13,141,115,43,14,6,44,412,19,10,82,99,44,17,12,36,317,13,8,45,70,35,18,19,42,243,8,10,59,44,38,25,28,87,293,1446,576,1406,1017,458,182,168,827,6082
SAL21770,4,0,0,0,0,0,0,4,3,0,0,0,0,0,0,0,0,0,0,0,0,0,0,0,0,0,0,0,0,0,0,0,0,0,0,0,0,0,0,0,0,0,0,0,4,0,0,0,0,0,0,0,0,7,0,0,3,4,0,0,0,0,10,0,0,0,4,0,0,0,0,0,3,0,6,5,0,0,0,0,9,0,0,6,0,0,0,0,0,6,0,0,6,0,0,0,0,0,9,0,0,0,0,0,0,0,0,0,0,0,0,0,0,0,0,0,0,0,0,0,0,0,0,0,0,0,0,0,0,0,0,0,0,0,5,10,9,16,15,0,3,3,10,61
SAL21771,3,0,0,0,0,0,0,0,3,0,0,0,0,0,0,0,0,0,0,0,0,0,0,0,0,0,0,0,0,0,0,0,0,0,0,0,0,0,0,0,0,0,0,0,0,0,0,0,0,0,0,0,0,0,0,0,0,0,0,0,0,0,0,0,0,0,0,0,0,0,0,0,0,0,0,0,0,0,0,0,0,0,0,0,0,0,0,0,0,4,0,0,0,0,0,0,0,0,3,0,0,0,0,0,0,0,0,0,0,0,0,0,0,0,0,0,0,0,0,0,0,0,0,0,0,0,0,0,0,0,0,0,0,0,0,3,0,0,5,0,0,0,3,10
SAL21772,9,0,0,0,0,0,0,0,10,21,0,0,0,0,0,0,4,20,10,0,0,0,0,0,0,0,16,15,9,3,0,6,0,0,0,30,3,0,12,0,0,3,0,0,21,0,4,10,4,0,0,0,3,27,5,4,4,3,3,3,0,6,32,7,0,7,8,4,0,0,0,24,8,5,14,7,0,0,0,0,34,5,0,14,4,3,0,0,6,35,6,5,14,13,8,0,0,0,41,0,0,15,12,0,0,0,4,35,7,3,7,5,3,0,0,0,32,0,0,0,3,3,0,0,4,12,0,0,5,5,7,0,0,0,22,105,45,107,70,34,12,3,33,407
SAL21773,0,0,0,0,0,0,0,0,0,0,0,0,0,0,0,0,0,0,0,0,0,0,0,0,0,0,0,0,0,0,0,0,0,0,0,0,0,0,0,0,0,0,0,0,0,0,0,0,0,0,0,0,0,0,0,0,0,0,0,0,0,0,0,0,0,0,0,0,0,0,0,0,0,0,0,0,0,0,0,0,0,0,0,0,0,0,0,0,0,0,0,0,0,0,0,0,0,0,0,0,0,0,0,0,0,0,0,0,0,0,0,0,0,0,0,0,0,0,0,0,0,0,0,0,0,0,0,0,0,0,0,0,0,0,0,0,0,0,0,0,0,0,0,3
SAL21774,0,0,0,0,0,0,0,0,0,0,0,0,0,0,0,0,0,0,0,0,0,0,0,0,0,0,0,0,0,0,0,0,0,0,0,0,0,0,0,0,0,0,0,0,0,0,0,0,0,0,0,0,0,0,0,0,0,0,0,0,0,0,0,0,0,0,0,0,0,0,0,0,0,0,0,0,0,0,0,0,0,0,0,0,0,0,0,0,0,4,0,0,0,0,0,0,0,0,5,0,0,0,0,0,0,0,0,3,0,0,0,0,0,0,0,0,0,0,0,0,0,0,0,0,0,0,0,0,0,0,0,0,0,0,0,4,3,5,4,0,0,0,3,16
SAL21775,0,0,0,0,0,0,0,0,0,0,0,0,0,0,0,0,0,0,0,0,0,0,0,0,0,0,0,0,0,0,0,0,0,0,0,0,0,0,0,0,0,0,0,0,0,0,0,0,0,0,0,0,0,0,0,0,0,0,0,0,0,0,0,0,0,0,0,0,0,0,0,0,4,0,0,0,0,0,0,0,0,0,0,0,0,0,0,0,0,8,0,0,0,0,0,0,0,0,0,0,0,0,0,0,0,0,0,0,0,0,0,0,0,0,0,0,0,0,0,0,0,0,0,0,0,0,0,0,0,0,0,0,0,0,0,6,4,3,3,0,0,0,0,10
SAL21776,0,0,0,0,0,0,0,0,5,0,0,0,0,0,0,0,0,0,0,0,0,0,0,0,0,0,0,0,0,0,0,0,0,0,0,0,0,0,0,0,0,0,0,0,0,0,0,0,0,0,0,0,0,0,0,0,0,0,0,0,0,0,0,0,0,0,0,0,0,0,0,0,0,0,0,0,0,0,0,0,7,0,0,3,4,0,0,0,0,3,0,0,0,0,0,0,0,0,4,0,0,0,0,0,0,0,0,3,0,0,0,0,0,0,0,0,0,0,0,0,0,0,0,0,0,0,0,0,0,0,0,0,0,0,0,6,0,5,5,0,0,0,0,22
SAL21777,0,0,0,0,0,0,0,0,0,0,0,0,0,0,0,0,0,0,0,0,0,0,0,0,0,0,0,0,0,0,0,0,0,0,0,0,0,0,0,0,0,0,0,0,0,0,0,0,0,0,0,0,0,0,0,0,0,0,0,0,0,0,0,0,0,0,0,0,0,0,0,0,0,0,0,0,0,0,0,0,0,0,0,0,0,0,0,0,0,0,0,0,0,0,0,0,0,0,0,0,0,0,0,0,0,0,0,0,0,0,0,0,0,0,0,0,0,0,0,0,0,0,0,0,0,0,0,0,0,0,0,0,0,0,0,0,0,0,0,0,0,0,0,0
SAL21778,10,0,0,0,0,0,0,6,15,22,0,0,0,0,0,0,20,40,19,0,0,0,0,0,0,14,32,9,4,0,0,0,0,0,8,14,4,0,0,0,0,0,0,4,6,0,0,0,0,0,0,0,6,5,0,0,0,0,0,0,0,3,10,0,0,4,0,0,0,0,4,5,0,0,0,3,0,0,0,5,11,0,0,0,0,0,0,0,0,3,0,0,0,0,0,0,0,0,0,0,0,0,0,0,0,0,0,0,0,0,0,0,0,0,0,4,4,0,0,0,0,0,0,0,0,0,0,0,0,0,0,0,0,0,0,59,10,9,5,0,0,0,76,152
SAL21779,8,0,0,0,0,0,0,3,16,4,0,0,0,0,0,0,4,9,0,3,0,0,0,0,0,0,4,4,0,0,0,0,0,0,0,6,0,0,0,0,0,0,0,0,0,0,0,0,3,0,0,0,0,3,0,0,4,3,0,0,0,5,12,0,0,4,4,0,0,0,0,8,0,0,0,0,0,0,0,0,5,6,0,0,0,0,0,0,0,5,0,0,0,0,0,0,0,0,3,0,0,3,0,0,0,0,0,7,0,0,0,0,0,0,0,0,3,0,0,4,0,0,0,0,0,4,0,0,0,0,0,0,0,0,0,23,5,16,16,0,0,0,18,82
SAL21780,0,0,0,0,0,0,0,0,0,7,0,0,0,0,0,0,0,7,0,0,0,0,0,0,0,0,0,0,0,0,0,0,0,0,0,0,0,0,3,0,0,0,0,0,3,0,0,0,0,0,0,0,0,0,0,0,0,0,0,0,0,0,0,0,0,0,0,3,0,0,0,4,0,0,0,0,0,0,0,0,0,0,0,0,0,3,0,0,0,3,0,0,0,0,4,0,0,0,4,0,0,0,0,0,0,0,0,5,0,0,0,0,0,0,0,0,0,0,0,0,0,0,0,0,0,0,0,0,0,0,0,0,0,0,0,7,0,0,4,7,0,0,0,20
SAL21781,3,0,0,0,0,0,0,0,3,0,0,0,0,0,0,0,0,0,0,0,0,0,0,0,0,0,0,0,0,0,0,0,0,0,0,3,0,0,0,0,0,0,0,0,0,3,0,0,0,0,0,0,3,3,0,0,0,0,0,0,0,0,4,0,0,4,0,0,0,0,0,8,0,0,5,3,0,0,0,0,14,0,0,4,0,0,0,0,0,13,0,0,0,0,0,0,0,0,5,0,0,0,0,0,0,0,0,5,0,0,0,0,0,0,0,0,3,0,0,0,0,0,0,0,0,0,0,0,0,0,0,0,0,0,0,17,0,15,10,3,0,0,7,57
SAL21782,0,0,0,0,0,0,0,0,0,0,0,0,0,0,0,0,0,0,0,0,0,0,0,0,0,0,0,0,0,0,0,0,0,0,0,0,0,0,0,0,0,0,0,0,0,0,0,0,0,0,0,0,0,0,0,0,0,0,0,0,0,0,0,0,0,0,0,0,0,0,0,5,0,0,0,0,0,0,0,0,0,0,0,0,0,0,0,0,0,0,0,0,0,0,0,0,0,0,0,0,0,0,0,0,0,0,0,0,0,0,0,0,0,0,0,0,0,0,0,0,0,0,0,0,0,0,0,0,0,0,0,0,0,0,0,0,3,3,0,0,0,0,0,7
SAL21783,94,0,0,0,0,0,0,19,115,98,7,3,0,0,0,0,18,127,93,9,10,9,0,0,0,14,134,42,15,35,17,7,0,0,10,123,27,24,52,23,8,0,0,6,141,21,21,49,24,10,3,0,0,131,11,17,42,32,13,4,7,0,110,13,9,28,22,10,3,0,6,96,11,14,23,24,7,3,0,3,77,10,11,45,26,16,5,0,3,112,13,9,37,27,9,0,3,5,101,16,3,26,34,12,6,0,4,101,7,3,20,15,9,4,4,10,68,3,3,14,12,9,0,0,8,55,8,8,14,6,13,0,8,0,54,460,163,390,257,115,32,24,102,1543
SAL21784,0,0,0,0,0,0,0,0,0,0,0,0,0,0,0,0,0,0,0,0,0,0,0,0,0,0,0,0,0,0,0,0,0,0,0,0,0,0,0,0,0,0,0,0,0,0,0,0,0,0,0,0,0,0,0,0,0,0,0,0,0,0,0,0,0,0,0,0,0,0,0,0,0,0,0,0,0,0,0,0,0,0,0,0,0,0,0,0,0,0,0,0,0,0,0,0,0,0,3,0,0,0,0,0,0,0,0,0,0,0,0,0,0,0,0,0,0,0,0,0,0,0,0,0,0,0,0,0,0,0,0,0,0,0,0,4,0,0,3,0,0,0,0,7
SAL21785,0,0,0,0,0,0,0,0,0,0,0,0,0,0,0,0,0,0,0,0,0,0,0,0,0,0,0,0,0,0,0,0,0,0,0,0,0,0,0,0,0,0,0,0,0,0,0,0,0,0,0,0,0,0,0,0,0,0,0,0,0,0,0,0,0,0,0,0,0,0,0,0,0,0,0,0,0,0,0,0,0,0,0,0,0,0,0,0,0,0,0,0,0,0,0,0,0,0,0,0,0,0,0,0,0,0,0,0,0,0,0,0,0,0,0,0,0,0,0,0,0,0,0,0,0,0,0,0,0,0,0,0,0,0,0,0,0,0,0,0,0,0,0,0
SAL21786,12,0,0,0,0,0,0,8,15,7,0,0,0,0,0,0,0,8,11,5,4,0,0,0,0,0,14,3,0,3,3,3,0,0,0,12,0,0,9,4,3,0,0,0,14,3,0,5,0,5,0,0,6,16,0,4,3,3,0,0,0,0,11,0,0,4,7,0,0,0,0,19,0,0,3,9,0,0,3,0,19,0,0,8,3,3,0,0,0,19,0,3,5,11,0,0,0,4,24,0,0,3,0,0,0,0,0,3,0,0,3,4,0,0,0,0,9,0,0,0,0,0,0,0,0,0,0,0,0,0,0,0,0,0,0,46,14,45,34,21,6,4,22,194
SAL21787,35,0,0,0,0,0,0,0,35,28,0,0,0,0,0,0,4,33,21,0,0,0,0,0,0,4,27,7,10,7,5,3,0,0,0,35,6,0,20,8,0,0,0,0,35,7,0,19,10,0,0,0,0,34,3,3,16,4,0,0,0,0,35,12,6,16,8,4,0,0,0,52,12,7,12,10,6,0,0,3,60,20,3,18,8,7,0,0,0,54,9,0,14,8,3,5,0,4,47,6,6,12,11,7,0,0,0,41,6,0,10,10,3,0,0,4,30,0,0,6,5,0,0,0,0,13,0,0,0,10,0,0,0,0,16,178,41,147,92,36,11,3,24,534
SAL21788,7,0,0,0,0,0,0,0,7,0,0,0,0,0,0,0,0,0,0,0,0,0,0,0,0,0,0,0,0,0,0,0,0,0,0,6,0,0,0,0,0,0,0,0,0,0,0,0,0,0,0,0,0,4,0,0,3,3,0,0,0,0,11,0,0,0,0,0,0,0,0,7,0,0,4,0,0,0,0,3,10,0,0,0,6,0,0,0,0,13,0,0,0,0,0,0,0,0,0,0,0,0,0,0,0,0,0,3,0,0,0,0,0,0,0,0,0,0,0,0,0,0,0,0,0,4,0,0,0,0,0,0,0,0,0,11,0,16,10,12,0,0,5,47
SAL21789,0,0,0,0,0,0,0,0,0,0,0,0,0,0,0,0,0,0,0,0,0,0,0,0,0,0,0,0,0,0,0,0,0,0,0,0,0,0,0,0,0,0,0,0,0,0,0,0,0,0,0,0,0,0,0,0,0,0,0,0,0,0,0,0,0,0,0,0,0,0,0,0,0,0,0,0,0,0,0,0,0,0,0,0,0,0,0,0,0,0,0,0,0,0,0,0,0,0,0,0,0,0,0,0,0,0,0,0,0,0,0,0,0,0,0,0,0,0,0,0,0,0,0,0,0,0,0,0,0,0,0,0,0,0,0,4,0,0,0,0,0,0,0,5
SAL21790,134,0,0,0,0,0,0,11,150,206,7,3,0,0,0,0,20,236,197,48,19,4,0,0,0,21,294,143,103,77,19,7,0,0,15,359,42,57,142,48,7,0,0,4,302,32,28,98,44,12,4,0,12,224,25,26,73,35,7,0,0,12,179,7,25,60,34,12,0,0,9,152,11,16,43,43,18,0,0,14,135,11,9,59,34,7,3,0,9,136,5,11,43,36,9,4,0,3,108,5,8,45,28,11,4,0,10,106,7,0,20,8,11,5,0,0,51,0,4,0,0,5,0,3,0,13,0,0,0,4,0,0,0,0,7,824,331,676,338,110,24,8,137,2452
SAL21791,4,0,0,0,0,0,0,0,3,3,0,0,0,0,0,0,0,3,0,0,0,0,0,0,0,0,3,0,0,0,0,0,0,0,0,0,0,0,0,0,0,0,0,0,4,0,0,5,0,0,0,0,4,9,0,0,0,0,0,0,0,0,0,0,0,0,0,0,0,0,3,9,0,0,0,0,0,0,0,0,6,0,0,0,0,0,0,0,0,6,0,0,0,5,0,0,0,0,9,0,0,0,0,0,0,0,0,3,0,0,0,0,0,0,0,0,4,0,0,0,0,0,0,0,0,0,0,0,0,0,0,0,0,0,0,12,3,6,15,4,0,3,14,63
SAL21792,6,0,0,0,0,0,0,6,17,7,0,0,0,0,0,0,0,12,9,0,4,0,0,0,0,0,19,10,0,0,0,0,0,0,0,16,7,3,11,0,0,0,0,0,31,0,8,16,0,0,0,0,0,35,6,0,8,3,5,0,0,3,27,6,6,9,6,0,0,0,4,38,3,3,4,3,4,0,0,3,25,0,0,8,3,0,0,0,0,17,0,0,4,9,0,0,0,0,12,0,5,6,3,0,0,0,0,13,0,0,0,0,5,0,0,3,11,0,0,0,5,0,0,0,0,5,0,0,0,0,0,0,0,0,0,72,34,70,46,23,0,6,26,263
SAL21793,649,0,0,0,0,0,0,38,695,359,4,0,0,0,0,0,25,381,153,22,5,4,0,0,0,10,195,84,56,68,20,10,0,0,8,254,66,75,218,102,24,3,0,16,502,50,83,303,146,31,8,0,30,650,70,106,365,159,41,6,3,26,772,80,93,362,160,49,0,3,20,769,84,67,287,148,35,9,0,17,638,60,74,265,162,48,10,4,11,629,74,64,228,125,59,6,7,29,598,59,47,257,141,48,11,0,19,580,39,43,168,123,38,4,9,23,452,22,20,114,81,30,15,7,10,307,21,34,84,79,37,12,24,16,304,1868,796,2729,1455,445,78,61,302,7730
SAL21794,0,0,0,0,0,0,0,0,0,0,0,0,0,0,0,0,0,0,0,0,0,0,0,0,0,0,0,0,0,0,0,0,0,0,0,0,0,0,0,0,0,0,0,0,0,0,0,0,0,0,0,0,0,0,0,0,0,0,0,0,0,0,0,0,0,0,0,0,0,0,0,0,0,0,0,0,0,0,0,0,0,0,0,0,0,0,0,0,0,0,0,0,0,0,0,0,0,0,0,0,0,0,0,0,0,0,0,0,0,0,0,0,0,0,0,0,0,0,0,0,0,0,0,0,0,0,0,0,0,0,0,0,0,0,0,0,0,0,0,0,0,3,0,3
SAL21795,307,0,0,0,0,0,0,23,321,254,0,3,0,0,0,0,19,278,192,46,20,10,0,0,0,12,281,105,93,98,39,15,0,0,9,357,58,52,144,70,17,5,0,9,347,50,47,146,63,22,0,6,4,331,43,47,131,74,24,4,4,6,335,36,37,133,93,30,9,3,8,339,33,30,144,86,27,16,0,9,346,18,34,87,80,39,10,0,9,269,18,22,94,68,28,11,5,4,238,17,11,78,73,29,6,3,7,233,9,3,37,47,14,8,11,6,141,9,0,24,22,24,10,5,8,109,0,3,12,17,4,5,0,5,47,1155,422,1160,734,261,71,44,126,3974
SAL21796,0,0,0,0,0,0,0,0,0,0,0,0,0,0,0,0,0,0,0,0,0,0,0,0,0,0,0,0,0,0,0,0,0,0,0,0,0,0,0,0,0,0,0,0,5,0,0,3,0,0,0,0,0,0,0,0,0,4,0,0,0,0,4,5,0,4,0,0,0,0,0,6,0,0,0,0,0,0,0,0,3,0,0,0,0,0,0,0,0,3,0,0,0,0,0,0,0,0,0,0,0,0,0,0,0,0,0,0,0,0,0,0,0,0,0,0,0,0,0,0,0,0,0,0,0,0,0,0,0,0,0,0,0,0,0,13,0,11,5,0,0,0,4,32
SAL21797,5,0,0,0,0,0,0,0,6,0,0,0,0,0,0,0,0,0,0,0,0,0,0,0,0,0,0,0,0,0,0,0,0,0,0,0,0,0,0,0,0,0,0,0,0,0,0,0,0,0,0,0,0,4,0,0,0,0,0,0,0,3,3,0,0,0,0,0,0,0,0,3,0,0,0,3,0,0,0,0,4,0,0,0,0,0,0,0,0,4,0,0,0,0,0,0,0,0,7,0,0,0,0,0,0,0,0,0,0,0,0,0,0,0,0,0,0,0,0,0,0,0,0,0,0,0,0,0,0,0,0,0,0,0,4,5,4,8,0,0,3,0,8,34
SAL21798,111,0,0,0,0,0,0,17,135,90,4,0,0,0,0,0,14,109,33,5,10,0,0,0,0,0,59,23,16,29,8,4,0,0,5,90,6,11,39,14,6,0,0,6,81,14,17,33,29,3,0,0,6,107,8,13,53,23,6,0,0,0,104,13,12,43,16,6,0,0,4,92,13,6,33,19,3,3,0,4,84,16,6,33,38,7,5,0,0,98,8,7,33,22,7,3,0,0,74,6,3,26,20,5,0,0,3,65,4,4,13,14,9,0,0,0,41,0,0,8,6,0,0,0,0,18,0,0,5,6,3,0,0,0,9,350,109,347,215,55,21,3,74,1178
SAL21799,0,0,0,0,0,0,0,0,0,0,0,0,0,0,0,0,0,0,0,0,0,0,0,0,0,0,0,0,0,0,0,0,0,0,0,0,0,0,0,0,0,0,0,0,0,0,0,0,0,0,0,0,0,0,0,0,0,0,0,0,0,0,0,0,0,0,0,0,0,0,0,0,0,0,0,0,0,0,0,0,0,0,0,0,0,0,0,0,0,0,0,0,0,0,0,0,0,0,0,0,0,0,0,0,0,0,0,0,0,0,0,0,0,0,0,0,0,0,0,0,0,0,0,0,0,0,0,0,0,0,0,0,0,0,0,0,0,6,4,0,0,0,0,8
SAL21800,0,0,0,0,0,0,0,0,0,0,0,0,0,0,0,0,0,0,0,0,0,0,0,0,0,0,0,0,0,0,0,0,0,0,0,0,0,0,0,0,0,0,0,0,0,0,0,0,0,0,0,0,0,3,0,0,0,0,0,0,0,0,0,0,0,4,0,0,0,0,0,4,0,0,0,0,0,0,0,0,0,0,0,0,0,0,0,0,0,0,0,0,0,0,0,0,0,0,3,0,0,0,0,0,0,0,0,0,0,0,0,0,0,0,0,0,0,0,0,0,0,0,0,0,0,0,0,0,0,0,0,0,0,0,0,0,6,3,0,6,0,0,0,19
SAL21801,32,0,0,0,0,0,0,0,32,10,0,0,0,0,0,0,0,8,8,3,3,0,0,0,0,0,15,10,9,11,3,0,0,0,0,29,4,12,21,5,0,0,0,3,46,9,9,16,5,0,0,0,4,44,8,6,21,6,5,4,0,5,50,10,6,17,11,0,0,0,7,58,13,3,27,15,3,0,0,0,63,8,6,18,12,5,0,0,5,54,0,9,32,12,5,0,0,8,59,5,4,15,14,3,4,4,5,58,3,3,12,5,6,5,0,0,35,4,0,0,9,0,0,0,0,16,0,0,3,3,0,0,0,0,7,117,65,198,101,22,15,5,36,568
SAL21802,0,0,0,0,0,0,0,0,0,0,0,0,0,0,0,0,0,0,0,0,0,0,0,0,0,0,0,0,0,0,0,0,0,0,0,0,0,0,0,0,0,0,0,0,0,0,0,0,0,0,0,0,0,0,0,0,0,0,0,0,0,0,0,0,0,0,0,0,0,0,0,0,0,0,0,0,0,0,0,0,0,0,0,0,0,0,0,0,0,0,0,0,0,0,0,0,0,0,0,0,0,0,0,0,0,0,0,0,0,0,0,0,0,0,0,0,0,0,0,0,0,0,0,0,0,0,0,0,0,0,0,0,0,0,0,0,0,0,0,0,0,0,0,7
SAL21803,626,4,0,0,0,0,0,42,665,394,7,0,0,0,0,0,18,421,192,29,17,0,0,0,0,16,255,105,88,110,27,0,0,0,8,346,67,83,267,112,10,0,0,13,552,61,77,310,164,35,4,0,28,676,80,93,346,190,44,8,9,34,804,111,105,374,181,51,7,0,35,854,81,79,264,137,49,7,0,21,642,99,64,279,150,50,11,0,20,675,64,64,265,143,42,14,4,32,631,73,58,325,161,65,9,3,17,721,44,39,207,131,67,15,7,27,529,27,25,99,96,53,15,8,22,349,34,18,102,88,44,15,19,33,356,2057,830,2964,1576,508,99,55,376,8464
SAL21804,0,0,0,0,0,0,0,0,0,0,0,0,0,0,0,0,0,0,0,0,0,0,0,0,0,0,0,0,0,0,0,0,0,0,0,0,0,0,0,3,0,0,0,0,4,0,0,0,0,0,0,0,0,3,0,0,0,0,4,0,0,0,5,0,0,0,0,0,0,0,0,3,0,0,0,0,0,0,0,0,6,0,0,0,0,0,0,0,0,0,0,0,0,0,0,0,0,0,6,0,0,0,0,0,0,0,0,5,0,0,0,0,0,0,0,0,0,0,0,0,0,0,0,0,0,0,0,0,0,0,0,0,0,0,5,7,4,6,10,6,4,0,3,35
SAL21805,9,0,0,0,0,0,0,0,9,5,0,0,0,0,0,0,0,5,0,0,0,0,0,0,0,0,4,0,0,5,0,0,0,0,0,4,0,3,6,0,4,0,0,0,7,3,0,3,0,0,0,0,0,5,0,0,3,5,0,0,0,0,5,4,0,5,5,0,0,0,0,8,0,0,0,0,0,0,0,0,6,0,0,0,3,0,0,0,0,7,0,0,0,0,3,0,0,0,9,0,0,0,0,4,0,0,0,5,0,0,0,0,0,0,0,0,5,0,0,0,0,0,0,0,0,0,0,0,0,0,6,0,0,0,3,24,10,23,25,9,4,0,0,92
SAL21806,0,0,0,0,0,0,0,0,0,0,0,0,0,0,0,0,0,0,0,0,0,0,0,0,0,0,0,0,0,0,0,0,0,0,0,0,0,0,0,0,0,0,0,0,0,0,0,0,0,0,0,0,0,0,0,0,0,3,0,0,0,0,3,0,0,0,0,0,0,0,0,0,0,0,0,0,0,0,0,0,0,0,0,0,0,0,0,0,0,0,0,0,0,0,0,0,0,0,0,0,0,0,0,0,0,0,0,0,0,0,0,0,0,0,0,0,0,0,0,0,0,0,0,0,0,0,0,0,0,0,0,0,0,0,0,0,0,0,3,0,0,0,0,4
SAL21807,57,0,0,0,0,0,0,6,63,85,4,0,0,0,0,0,8,100,59,13,13,0,0,0,0,9,89,44,13,13,7,4,0,0,11,92,21,8,18,8,3,3,0,4,69,19,9,24,16,0,0,0,0,74,10,12,12,5,8,4,0,11,69,18,7,24,15,9,5,3,4,77,11,4,27,11,4,4,9,0,69,13,5,14,22,0,3,4,0,57,7,0,15,14,3,0,0,0,48,8,8,26,9,12,4,0,5,57,0,3,11,10,0,0,0,3,32,3,0,7,7,10,4,3,6,30,0,0,4,4,4,0,3,4,18,355,91,200,121,55,29,27,71,951
SAL21808,5,0,0,0,0,0,0,0,5,0,0,0,0,0,0,0,0,0,0,0,0,0,0,0,0,0,0,0,0,0,0,0,0,0,0,0,0,0,0,0,0,0,0,0,0,0,0,0,0,0,0,0,0,0,0,0,0,0,0,0,0,0,0,0,0,0,0,0,0,0,0,0,0,0,0,0,0,0,0,0,0,0,0,0,0,0,0,0,0,0,0,0,0,0,0,0,0,0,0,0,0,0,0,5,0,0,0,0,0,0,0,0,0,0,0,0,0,0,0,0,0,0,0,0,0,0,0,0,0,0,0,0,0,0,0,3,0,5,0,5,0,0,5,16
SAL21809,6,0,0,0,0,0,0,0,6,0,0,0,0,0,0,0,0,0,0,0,0,0,0,0,0,0,4,0,0,0,0,0,0,0,0,0,0,0,0,0,0,0,0,0,0,0,0,0,0,0,0,0,0,0,0,0,0,0,0,0,0,0,5,0,0,0,0,0,0,0,0,4,0,0,0,0,0,0,0,0,0,0,0,0,0,0,0,0,0,0,0,0,0,0,0,0,0,0,0,0,0,0,0,0,0,0,0,0,0,0,0,0,0,0,0,0,3,0,0,0,0,0,0,0,0,0,0,0,0,0,0,0,0,0,0,3,4,3,0,0,0,0,0,14
SAL21810,12,0,0,0,0,0,0,0,13,0,0,0,0,0,0,0,0,3,0,0,0,0,0,0,0,0,0,4,0,0,0,0,0,0,0,4,0,3,5,4,0,0,0,0,10,0,0,0,4,0,0,0,0,8,0,0,4,4,0,0,0,0,13,0,0,3,0,0,0,0,0,9,0,3,5,0,5,0,0,0,11,0,0,5,0,0,0,0,0,8,0,0,4,8,0,0,0,0,11,5,0,8,4,0,0,0,0,17,0,0,4,0,0,0,0,0,8,0,0,3,0,0,0,0,0,8,0,0,0,0,0,0,0,0,9,28,12,37,26,9,3,3,3,128
SAL21811,0,0,0,0,0,0,0,0,0,0,0,0,0,0,0,0,0,0,0,0,0,0,0,0,0,0,0,0,0,0,0,0,0,0,0,0,0,0,0,0,0,0,0,0,0,0,0,0,0,0,0,0,0,0,0,0,0,0,0,0,0,0,0,0,0,0,0,0,0,0,0,0,0,0,0,0,0,0,0,0,0,0,0,0,0,0,0,0,0,0,0,0,0,0,0,0,0,0,0,0,0,0,0,0,0,0,0,0,0,0,0,0,0,0,0,0,0,0,0,0,0,0,0,0,0,0,0,0,0,0,0,0,0,0,0,0,0,0,0,0,0,0,0,0
SAL21812,0,0,0,0,0,0,0,0,0,0,0,0,0,0,0,0,0,0,0,0,0,0,0,0,0,0,0,0,0,0,0,0,0,0,0,0,0,0,0,0,0,0,0,0,0,0,0,0,0,0,0,0,0,0,0,0,0,0,0,0,0,0,0,0,0,0,0,0,0,0,0,0,0,0,0,0,0,0,0,0,0,0,0,0,0,0,0,0,0,0,0,0,0,0,0,0,0,0,0,0,0,0,0,0,0,0,0,0,0,0,0,0,0,0,0,0,0,0,0,0,0,0,0,0,0,0,0,0,0,0,0,0,0,0,0,0,0,0,0,0,0,0,0,0
SAL21813,7,0,0,0,0,0,0,0,10,8,0,0,0,0,0,0,0,8,6,0,0,0,0,0,0,0,4,7,3,4,0,0,0,0,0,10,0,0,10,4,0,0,0,0,15,0,0,5,0,0,0,0,0,10,0,0,3,0,0,0,0,0,6,4,0,6,8,0,0,0,0,11,0,0,8,3,0,0,0,0,13,0,0,3,5,0,0,0,4,15,3,6,4,0,0,0,0,7,16,0,0,6,0,0,0,0,0,7,0,0,0,0,0,0,0,0,0,0,0,0,0,0,0,0,0,5,0,0,0,0,0,0,0,0,0,34,6,50,25,8,3,0,11,135
SAL21814,6,0,0,0,0,0,0,0,4,5,0,0,0,0,0,0,0,5,0,0,0,0,0,0,0,0,4,0,0,0,0,0,0,0,0,0,0,0,4,0,0,0,0,0,4,0,0,4,0,0,0,0,0,8,0,0,3,0,0,0,0,0,4,0,0,3,0,0,0,0,0,9,0,0,0,0,0,0,0,0,7,0,0,0,0,0,0,0,0,6,0,0,0,0,0,0,0,0,0,0,0,0,0,0,0,0,0,0,0,0,0,0,0,0,0,0,0,0,0,0,0,0,0,0,0,0,0,0,0,0,0,0,0,0,0,14,7,14,3,0,0,0,5,51
SAL21815,4,0,0,0,0,0,0,0,6,0,0,0,0,0,0,0,0,0,0,0,0,0,0,0,0,0,6,0,0,0,0,0,0,0,0,0,0,0,0,0,0,0,0,0,5,0,0,0,0,0,0,0,0,3,0,0,0,0,0,0,0,0,3,3,0,3,0,0,0,0,0,5,0,3,5,5,0,0,0,0,9,0,0,0,0,0,0,0,0,5,0,0,0,3,0,0,0,0,7,0,0,0,0,0,0,0,0,4,0,0,0,0,0,0,0,0,3,0,0,0,0,0,0,0,0,0,0,0,0,0,0,0,0,0,0,12,7,13,6,0,0,0,0,45
SAL21816,1034,0,0,0,0,0,0,73,1099,1034,8,5,0,0,0,0,76,1126,771,56,10,5,0,0,0,68,909,501,296,206,19,0,0,0,49,1077,234,332,558,86,13,0,0,32,1258,138,254,673,152,24,5,3,41,1285,135,258,570,184,33,8,4,40,1228,152,239,601,201,30,8,4,43,1284,146,225,507,160,47,6,4,39,1133,134,183,418,154,42,10,6,26,970,85,187,319,175,48,8,0,26,860,73,105,315,174,55,6,4,22,747,46,65,269,217,72,13,7,27,716,34,43,222,198,85,22,14,43,659,39,50,216,162,80,37,32,43,656,4552,2311,4875,1889,527,129,80,637,15000
SAL21817,0,0,0,0,0,0,0,0,0,0,0,0,0,0,0,0,0,0,0,0,0,0,0,0,0,0,0,0,0,0,0,0,0,0,0,0,0,0,0,0,0,0,0,0,0,0,0,0,0,0,0,0,0,0,0,0,0,0,0,0,0,0,4,0,0,0,0,0,0,0,0,4,0,0,5,0,0,0,0,0,3,0,0,0,0,0,0,0,0,4,0,0,0,3,0,0,0,0,8,0,0,6,0,0,0,0,0,5,0,0,0,0,0,0,0,0,0,0,0,0,0,0,0,0,0,0,0,0,0,0,0,0,0,0,0,0,0,14,9,3,0,0,0,25
SAL21818,3,0,0,0,0,0,0,0,3,4,0,0,0,0,0,0,0,4,0,0,0,0,0,0,0,0,0,0,0,0,0,0,0,0,0,0,0,0,0,0,0,0,0,0,0,0,0,3,0,0,0,0,0,0,0,0,6,0,0,0,0,0,8,3,0,0,0,0,0,0,0,3,0,0,0,0,0,0,0,0,0,0,0,0,0,0,0,0,0,0,0,0,0,0,0,0,0,0,3,0,0,6,0,0,0,0,0,6,0,0,0,0,0,0,0,0,3,0,0,0,0,0,0,0,0,3,0,0,0,0,0,0,0,0,0,8,5,12,4,9,3,0,0,37
SAL21819,0,0,0,0,0,0,0,0,0,0,0,0,0,0,0,0,0,0,0,0,0,0,0,0,0,0,0,0,0,0,0,0,0,0,0,0,0,0,0,0,0,0,0,0,9,0,0,0,0,0,0,0,0,0,0,0,4,0,0,0,0,0,4,0,0,0,0,0,0,0,0,0,0,0,0,0,0,0,0,0,5,0,0,4,0,0,0,0,0,9,0,0,0,3,0,0,0,0,4,0,0,0,0,0,0,0,0,0,0,0,0,0,0,0,0,0,0,0,0,0,0,0,0,0,0,0,0,0,0,0,0,0,0,0,0,4,3,10,7,10,0,0,5,31
SAL21820,8,0,0,0,0,0,0,0,13,11,0,0,0,0,0,0,0,10,3,0,0,0,0,0,0,0,9,5,5,4,4,0,0,0,0,15,0,0,0,6,0,0,0,0,9,0,4,0,7,0,0,0,3,20,0,0,10,4,0,3,0,4,22,0,0,4,3,0,0,0,0,15,0,3,7,4,0,0,0,0,17,0,3,3,3,4,0,0,4,24,5,0,0,5,3,0,0,0,10,3,0,0,0,3,7,0,4,12,0,0,3,3,0,0,0,0,12,0,0,0,0,0,0,0,0,0,0,0,0,0,0,0,0,0,0,38,18,45,30,17,7,0,19,182
SAL21821,0,0,0,0,0,0,0,0,0,0,0,0,0,0,0,0,0,0,0,0,0,0,0,0,0,0,0,0,0,0,0,0,0,0,0,0,0,0,0,0,0,0,0,0,0,0,0,0,0,0,0,0,0,0,0,0,0,0,0,0,0,0,0,0,0,0,0,0,0,0,0,0,0,0,0,0,0,0,0,0,5,0,0,0,0,0,0,0,0,0,0,0,0,0,0,0,0,0,0,0,0,0,0,0,0,0,0,0,0,0,0,0,0,0,0,0,0,0,0,0,0,0,0,0,0,0,0,0,0,0,0,0,0,0,0,0,0,3,5,0,0,0,0,14
SAL21822,10,0,0,0,0,0,0,0,5,5,0,0,0,0,0,0,0,5,0,0,5,0,0,0,0,0,7,0,0,4,4,0,0,0,0,9,0,0,3,3,0,0,0,0,8,4,3,8,0,0,0,0,0,16,7,0,4,3,0,0,0,0,16,0,0,8,0,0,0,0,0,15,0,3,0,3,0,0,0,0,9,0,0,3,5,6,0,0,0,12,0,0,7,5,3,0,0,3,28,0,4,5,3,0,0,0,4,20,0,0,0,3,4,0,0,0,16,0,0,0,0,0,0,0,0,0,0,0,0,0,0,0,0,0,0,24,12,52,31,14,0,5,12,156
SAL21823,3,0,0,0,0,0,0,0,3,8,0,0,0,0,0,0,0,3,5,0,0,0,0,0,0,0,3,0,0,0,0,0,0,0,0,0,0,0,0,3,5,0,0,3,11,0,0,0,0,0,3,0,0,8,0,0,3,0,0,0,0,0,9,0,0,0,4,0,0,0,0,5,0,0,5,4,0,0,4,0,12,0,0,0,0,0,0,0,0,5,0,0,0,0,0,0,0,0,3,0,0,0,0,5,0,0,0,7,0,0,0,0,0,0,0,0,0,0,0,0,0,0,0,0,0,0,0,0,0,0,0,0,0,0,0,21,3,8,11,8,3,4,3,67
SAL21824,8,0,0,0,0,0,0,0,17,4,0,0,0,0,0,0,0,4,0,0,0,0,0,0,0,0,5,7,0,0,0,0,0,0,0,3,0,0,3,0,0,0,0,0,7,0,4,10,5,0,0,0,0,14,6,4,5,0,5,0,0,0,16,0,0,8,5,0,0,0,0,17,0,3,4,5,0,0,0,3,18,0,0,10,3,4,0,0,3,22,0,0,9,0,0,0,0,3,17,0,0,0,3,4,0,0,0,13,0,0,0,4,0,0,0,0,8,0,0,0,6,0,0,0,0,6,0,0,0,0,0,0,0,0,0,34,18,45,37,18,3,4,14,168
SAL21825,0,0,0,0,0,0,0,0,0,0,0,0,0,0,0,0,0,0,0,0,0,0,0,0,0,0,0,0,0,0,0,0,0,0,0,0,0,0,0,0,0,0,0,0,0,0,0,0,0,0,0,0,0,0,0,0,0,0,0,0,0,0,0,0,0,0,0,0,0,0,0,4,0,0,0,0,0,0,0,0,3,0,0,0,0,0,0,0,0,0,0,0,3,0,0,0,0,0,3,0,0,0,0,0,0,0,0,6,0,0,0,0,0,0,0,0,0,0,0,0,0,0,0,0,0,0,0,0,0,0,0,0,0,0,0,3,0,5,5,3,0,0,0,19
SAL21826,4,0,0,0,0,0,0,0,4,6,0,0,0,0,0,0,0,6,0,0,0,0,0,0,0,0,0,0,0,0,0,0,0,0,0,3,4,0,0,0,0,0,0,0,4,0,0,0,0,0,0,0,0,4,0,0,0,0,0,0,0,0,0,0,4,0,4,0,0,0,0,11,7,0,7,6,0,0,0,0,12,0,0,7,3,0,0,0,0,15,0,4,0,0,3,0,0,0,4,0,0,0,0,0,0,0,0,4,0,0,0,0,5,0,0,0,0,0,0,0,0,0,0,0,0,0,0,0,4,0,0,0,0,0,0,19,12,21,15,3,0,0,3,79
SAL21827,469,0,0,0,0,0,0,29,502,466,11,4,0,0,0,0,32,511,456,53,19,3,0,0,0,17,554,316,191,134,19,7,0,0,33,703,154,187,298,74,13,8,0,26,762,120,125,313,110,16,10,5,20,719,85,135,310,106,24,7,0,30,694,81,123,264,100,29,0,4,26,628,67,92,226,101,29,10,3,19,539,40,86,233,104,27,9,7,13,518,43,94,225,111,46,15,0,16,551,39,58,221,136,38,8,9,21,529,20,28,174,128,39,17,12,27,450,10,18,103,75,33,15,7,23,279,22,36,87,72,33,17,22,28,316,2380,1244,2609,1160,331,111,71,349,8263
SAL21828,0,0,0,0,0,0,0,0,0,0,0,0,0,0,0,0,0,0,0,0,0,0,0,0,0,0,0,0,0,0,0,0,0,0,0,0,0,0,0,0,0,0,0,0,5,0,0,0,0,0,0,0,0,0,0,0,0,0,0,0,0,0,0,0,0,6,0,0,0,0,0,3,0,0,0,0,0,0,0,0,5,0,0,0,0,0,0,0,0,8,0,0,0,0,0,0,0,0,6,0,0,0,0,4,0,0,0,0,0,0,0,0,0,0,0,0,3,0,0,0,0,0,0,0,0,0,0,0,0,0,0,0,0,0,0,12,0,13,5,9,3,0,6,43
SAL21829,0,0,0,0,0,0,0,6,6,0,0,0,0,0,0,0,0,4,4,5,0,0,0,0,0,0,3,5,3,0,0,0,0,0,0,6,0,0,0,3,0,0,0,0,3,0,0,0,0,0,0,0,0,0,0,0,0,0,0,0,0,0,6,0,0,4,0,0,0,0,0,6,0,0,0,0,0,0,0,0,5,0,0,3,0,0,0,0,0,10,0,0,3,3,0,0,0,0,5,0,0,0,0,0,0,0,0,0,0,0,0,0,0,0,0,0,0,0,0,0,3,0,0,0,0,6,0,0,0,0,0,0,0,0,0,12,5,12,15,4,0,0,5,60
SAL21830,5,0,0,0,0,0,0,0,5,0,0,0,0,0,0,0,0,4,0,0,0,0,0,0,0,0,3,0,0,3,0,0,0,0,0,5,0,0,0,3,0,0,0,3,7,0,0,0,0,0,0,0,0,4,3,0,0,0,0,0,0,0,7,0,0,0,4,0,0,0,0,6,3,0,0,0,0,0,0,4,5,0,0,5,0,0,0,0,0,10,0,0,5,0,0,0,0,0,10,0,6,6,0,0,0,0,0,6,0,0,0,0,0,0,0,6,4,0,0,0,0,0,0,0,0,0,0,0,0,0,0,0,0,0,0,10,5,18,17,7,4,0,14,69
SAL21831,0,0,0,0,0,0,0,0,0,0,0,0,0,0,0,0,0,0,0,0,0,0,0,0,0,0,0,0,0,0,0,0,0,0,0,0,0,0,0,0,0,0,0,0,0,0,0,0,0,0,0,0,0,0,0,0,0,0,0,0,0,0,0,0,0,0,0,0,0,0,0,0,0,0,0,0,0,0,0,0,0,0,0,0,0,0,0,0,0,0,0,0,0,0,0,0,0,0,0,0,0,0,0,0,0,0,0,0,0,0,0,0,0,0,0,0,0,0,0,0,0,0,0,0,0,0,0,0,0,0,0,0,0,0,0,4,4,3,0,0,0,0,0,10
SAL21832,18,0,0,0,0,0,0,3,23,14,0,0,0,0,0,0,0,14,5,4,6,3,0,0,0,0,19,4,4,5,3,0,0,0,0,23,4,0,0,3,0,0,0,0,19,0,0,11,5,0,0,0,0,22,0,3,11,10,4,0,4,0,28,0,6,9,10,0,0,0,0,26,0,10,15,12,7,0,0,0,37,0,4,10,3,5,0,0,5,33,0,7,20,10,5,0,6,4,52,4,0,5,10,3,3,0,7,32,0,0,3,3,5,0,0,0,18,0,0,0,5,3,0,0,3,18,0,4,0,3,3,0,4,3,18,57,43,95,77,35,14,6,29,356
SAL21833,0,0,0,0,0,0,0,0,0,0,0,0,0,0,0,0,0,0,3,0,0,0,0,0,0,0,3,0,0,0,0,0,0,0,0,0,0,0,0,0,0,0,0,0,0,0,0,0,0,0,0,0,0,5,0,0,0,0,0,0,0,0,4,0,0,7,4,0,0,0,0,14,0,0,5,0,0,0,0,0,6,0,0,3,0,0,0,0,0,6,0,0,0,0,0,0,0,0,3,5,0,0,0,0,0,0,0,11,0,0,0,0,0,0,0,0,4,0,0,0,0,0,0,0,0,0,0,0,0,0,0,0,0,0,0,8,0,24,6,0,0,0,8,59
SAL21834,3,0,0,0,0,0,0,0,3,8,0,0,0,0,0,0,0,8,4,3,0,0,0,0,0,0,4,0,0,0,0,0,0,0,0,3,0,0,0,0,0,0,0,0,3,4,0,0,0,0,0,0,0,7,0,0,3,5,0,0,0,0,8,3,0,5,3,3,0,0,0,14,3,0,7,3,0,0,0,0,13,0,0,0,4,0,0,0,4,8,0,0,5,0,3,0,0,0,7,0,0,0,0,0,0,0,0,0,0,0,0,0,0,0,0,0,4,0,0,0,0,0,0,0,0,0,0,0,0,0,0,0,0,0,0,23,0,15,14,6,3,0,4,75
SAL21835,9,0,0,0,0,0,0,0,10,3,0,0,0,0,0,0,0,3,0,0,0,0,0,0,0,0,0,0,0,0,0,0,0,0,0,0,0,0,0,0,0,0,0,0,0,0,0,0,0,0,0,0,0,0,0,0,0,0,0,0,0,0,6,0,0,3,4,0,0,0,0,4,0,0,0,0,0,0,0,0,8,0,0,3,0,0,0,0,0,0,0,0,4,0,0,0,0,0,5,0,0,0,0,0,0,0,0,0,0,0,0,0,0,0,0,0,0,0,0,0,0,0,0,0,0,0,0,0,0,0,0,0,0,0,0,9,3,15,9,7,0,0,3,44
SAL21836,0,0,0,0,0,0,0,0,0,0,0,0,0,0,0,0,0,0,0,0,0,0,0,0,0,0,3,0,0,0,0,0,0,0,0,0,0,0,0,0,0,0,0,0,0,0,0,0,0,0,0,0,0,3,0,0,0,0,0,0,0,0,0,0,0,0,3,0,0,0,0,3,0,3,0,0,0,0,0,0,3,0,0,0,0,0,0,0,0,4,0,0,0,3,0,0,0,0,0,0,0,0,0,0,0,0,0,0,0,0,0,0,0,0,0,0,0,0,0,0,0,0,0,0,0,0,0,0,0,0,0,0,0,0,0,3,4,4,10,5,0,0,0,28
SAL21837,0,0,0,0,0,0,0,0,0,0,0,0,0,0,0,0,0,0,0,0,0,0,0,0,0,0,0,0,0,0,0,0,0,0,0,0,0,0,0,0,0,0,0,0,0,0,0,0,0,0,0,0,0,0,0,0,0,0,0,0,0,0,0,0,0,0,0,0,0,0,0,0,0,0,0,0,0,0,0,0,0,0,0,0,0,0,0,0,0,0,0,0,0,0,0,0,0,0,0,0,0,0,0,0,0,0,0,0,0,0,0,0,0,0,0,0,0,0,0,0,0,0,0,0,0,0,0,0,0,0,0,0,0,0,0,0,0,0,0,0,0,0,0,3
SAL21838,0,0,0,0,0,0,0,4,4,0,0,0,0,0,0,0,0,0,0,0,0,0,0,0,0,0,0,0,0,0,0,0,0,0,0,0,0,0,0,0,0,0,0,0,0,0,0,0,0,0,0,0,0,0,0,0,0,0,0,0,0,4,5,0,0,0,0,0,0,0,0,0,0,0,0,0,0,0,0,0,3,0,0,0,0,0,0,0,0,0,0,0,0,0,0,0,0,0,0,0,0,0,0,0,0,0,0,0,0,0,0,0,0,0,0,0,0,0,0,0,0,0,0,0,0,0,0,0,0,0,0,0,0,0,0,0,0,0,5,0,0,0,11,17
SAL21839,0,0,0,0,0,0,0,0,0,0,0,0,0,0,0,0,0,0,0,0,0,0,0,0,0,0,0,0,0,0,0,0,0,0,0,4,0,0,0,0,0,0,0,0,5,0,0,0,5,0,0,0,0,3,0,0,0,0,0,0,0,0,0,0,0,0,0,0,0,0,0,5,0,0,0,0,0,0,0,0,0,0,0,0,0,0,0,0,0,0,0,0,0,0,0,0,0,0,3,0,0,0,0,0,0,0,0,0,0,0,0,0,0,0,0,0,0,0,0,0,0,0,0,0,0,0,0,0,0,0,0,0,0,0,0,0,0,7,4,0,3,0,0,21
SAL21840,4,0,0,0,0,0,0,0,4,0,0,0,0,0,0,0,0,0,0,0,0,0,0,0,0,0,4,0,0,0,0,0,0,0,0,4,0,0,0,0,0,0,0,0,9,0,0,0,0,0,0,0,4,10,0,0,4,0,0,0,0,3,6,0,0,3,0,0,0,0,0,5,4,0,3,0,0,0,0,0,11,0,0,5,3,0,0,0,0,7,0,0,3,3,0,0,0,0,9,0,0,6,4,0,0,0,0,9,0,0,0,4,0,0,0,0,10,0,0,0,0,0,0,0,0,0,0,0,0,0,0,0,0,0,4,9,11,26,18,4,7,3,12,88
SAL21841,0,0,0,0,0,0,0,0,0,0,0,0,0,0,0,0,0,0,0,0,0,0,0,0,0,0,0,0,0,0,0,0,0,0,0,0,0,0,4,0,0,0,0,0,3,0,0,0,0,0,0,0,0,0,0,0,0,0,0,0,0,0,0,0,0,0,0,0,0,0,0,0,0,0,0,0,0,0,0,0,0,0,0,0,0,0,0,0,0,3,0,0,0,0,0,0,0,0,0,0,0,0,0,0,0,0,0,0,0,0,0,0,0,0,0,0,0,0,0,0,0,0,0,0,0,0,0,0,0,0,0,0,0,0,0,0,0,5,4,3,0,0,0,18
SAL21842,3,0,0,0,0,0,0,0,10,0,0,0,0,0,0,0,0,0,3,0,0,0,0,0,0,0,3,0,0,0,0,0,0,0,0,0,0,0,0,0,0,0,0,0,3,0,0,3,0,0,0,0,0,7,0,0,0,0,0,0,0,0,3,0,0,0,3,0,0,0,0,0,0,0,0,5,0,0,0,0,7,0,0,3,0,0,0,0,0,9,0,0,0,4,0,0,0,0,6,0,0,0,0,0,0,0,0,0,0,0,0,0,0,0,0,0,5,0,0,0,0,0,0,0,0,4,0,0,0,0,0,0,0,0,0,9,3,12,14,7,0,0,8,49
SAL21843,0,0,0,0,0,0,0,0,0,0,0,0,0,0,0,0,0,0,0,0,0,0,0,0,0,0,0,0,0,0,0,0,0,0,0,0,0,0,0,0,0,0,0,0,0,0,0,0,0,0,0,0,0,0,0,0,0,0,0,0,0,0,0,0,0,0,0,0,0,0,0,0,0,0,0,0,0,0,0,0,0,0,0,0,0,0,0,0,0,0,0,0,0,0,0,0,0,0,0,0,0,0,0,0,0,0,0,0,0,0,0,0,0,0,0,0,0,0,0,0,0,0,0,0,0,0,0,0,0,0,0,0,0,0,0,0,0,0,0,0,0,0,0,0
SAL21844,0,0,0,0,0,0,0,0,0,3,0,0,0,0,0,0,0,5,0,0,0,0,0,0,0,0,0,0,0,0,0,0,0,0,0,8,0,0,0,3,0,0,0,0,0,0,0,0,0,0,0,0,0,4,0,0,0,0,0,0,0,0,0,0,0,3,0,4,0,0,0,10,0,0,0,0,0,0,0,0,0,0,0,0,3,3,0,0,0,7,0,0,0,4,0,0,0,5,5,0,0,0,0,0,0,0,0,4,0,0,0,0,0,0,0,0,0,0,0,0,0,0,0,0,0,0,0,0,0,0,0,0,0,0,0,11,3,10,9,4,0,0,9,46
SAL21845,4,0,0,0,0,0,0,0,4,6,0,0,0,0,0,0,0,6,5,0,0,0,0,0,0,0,10,0,0,5,0,0,0,0,0,7,0,0,4,5,0,0,0,0,9,0,0,4,0,0,0,0,0,9,0,0,0,5,0,0,0,0,11,0,0,0,0,0,0,0,0,3,0,0,8,5,0,0,0,0,13,0,0,0,3,4,0,0,0,15,0,0,5,3,0,0,0,0,3,0,0,0,0,0,0,0,3,12,0,0,0,4,0,0,0,0,4,0,0,0,4,3,0,0,0,9,0,0,0,0,0,0,0,0,8,17,3,30,32,10,3,0,6,101
SAL21846,0,0,0,0,0,0,0,0,0,0,0,0,0,0,0,0,0,0,0,0,0,0,0,0,0,0,0,0,0,0,0,0,0,0,0,0,0,0,0,0,0,0,0,0,0,0,0,0,0,0,0,0,0,0,0,0,0,0,0,0,0,0,0,0,0,0,0,0,0,0,0,0,0,0,0,0,0,0,0,0,0,0,0,0,0,0,0,0,0,0,0,0,0,0,0,0,0,0,0,0,0,0,0,0,0,0,0,0,0,0,0,0,0,0,0,0,0,0,0,0,0,0,0,0,0,0,0,0,0,0,0,0,0,0,0,0,0,0,0,3,0,0,0,3
SAL21847,0,0,0,0,0,0,0,0,0,0,0,0,0,0,0,0,0,0,0,0,0,0,0,0,0,0,0,4,0,0,0,0,0,0,0,9,0,0,0,0,0,0,0,0,0,0,0,0,0,0,0,0,0,3,0,0,0,0,0,0,0,0,0,0,0,0,0,0,0,0,0,0,0,0,3,0,0,0,0,0,5,0,0,5,0,0,0,0,0,0,6,0,0,0,0,0,0,3,10,0,0,6,8,4,0,0,0,9,0,0,0,0,0,0,0,0,5,0,0,0,0,0,0,0,0,0,0,0,0,0,0,0,0,0,0,8,9,18,11,0,0,0,6,49
SAL21848,0,0,0,0,0,0,0,0,3,4,0,0,0,0,0,0,0,4,0,0,0,0,0,0,0,0,0,0,0,0,0,0,0,0,0,6,0,0,0,0,0,0,0,0,0,0,0,0,4,0,0,0,0,4,0,0,0,0,0,0,0,0,5,0,0,0,0,0,0,0,0,0,0,0,0,0,0,0,3,0,3,0,0,0,0,0,0,0,0,0,0,0,5,0,0,0,0,0,4,0,0,0,0,3,0,0,0,3,0,0,0,3,0,0,0,0,6,0,0,0,0,0,0,0,0,0,0,0,0,0,0,0,0,0,0,7,0,14,9,0,0,7,6,41
SAL21849,212,0,0,0,0,0,0,12,227,326,0,0,0,0,0,0,25,354,399,18,3,0,0,0,0,24,448,300,78,39,4,0,0,0,28,452,140,90,132,34,5,0,0,11,405,88,62,154,32,7,0,0,16,359,98,62,146,57,6,0,0,13,392,76,61,138,39,9,5,0,5,335,69,41,125,57,15,0,0,5,314,52,49,106,35,7,0,6,6,261,53,40,103,34,9,5,5,8,244,17,28,67,34,3,4,3,13,169,19,13,54,29,5,6,4,3,131,11,14,36,23,15,6,4,5,101,17,15,34,33,16,4,0,4,134,1867,578,1152,408,94,26,16,180,4321
SAL21850,24,0,0,0,0,0,0,0,27,9,0,0,0,0,0,0,0,11,3,5,0,0,0,0,0,0,18,0,5,11,9,4,0,0,3,25,4,0,9,3,0,0,0,0,20,0,5,8,7,0,0,0,0,24,0,4,12,3,0,0,0,0,25,0,6,8,10,6,0,0,4,33,3,0,11,7,0,0,0,4,31,0,0,12,4,5,0,0,0,27,9,3,9,7,7,0,0,3,32,6,0,11,3,11,4,0,5,34,0,0,6,4,3,0,4,0,25,0,0,0,7,0,3,0,0,20,0,0,0,7,5,0,0,0,7,66,32,99,79,31,15,11,24,355
SAL21851,4,0,0,0,0,0,0,0,4,0,0,0,0,0,0,0,0,0,0,0,0,0,0,0,0,0,3,0,0,0,0,0,0,0,0,0,0,0,0,0,0,0,0,0,0,0,0,0,0,0,0,0,4,12,0,0,0,0,0,0,0,0,3,0,3,0,0,0,0,0,0,9,0,0,0,3,0,0,0,0,5,5,0,0,0,0,0,0,0,7,0,0,4,0,0,0,0,0,9,0,5,5,0,0,4,0,3,14,0,0,8,0,0,0,0,4,11,0,0,0,0,0,0,0,0,4,0,0,0,0,0,0,0,0,0,26,10,21,7,4,4,0,9,80
SAL21852,3,0,0,0,0,0,0,0,3,3,0,0,0,0,0,0,0,3,0,0,0,0,0,0,0,0,0,0,4,0,0,0,0,0,0,3,0,0,0,7,0,0,0,0,3,0,0,4,0,0,0,0,0,8,4,0,0,6,0,0,0,0,6,3,0,3,0,0,0,0,0,11,3,0,0,0,0,0,0,0,9,0,0,0,0,0,0,0,0,0,0,0,6,0,0,0,0,0,5,0,0,0,4,5,0,0,0,4,0,0,0,0,0,0,0,0,0,0,0,0,0,0,0,0,0,0,0,0,0,0,0,0,0,0,0,20,7,15,14,10,0,0,5,69
SAL21853,0,0,0,0,0,0,0,0,0,0,0,0,0,0,0,0,0,0,0,0,0,0,0,0,0,0,0,0,3,0,0,0,0,0,0,3,0,0,0,0,0,0,0,0,0,0,3,0,0,0,0,0,0,7,0,0,0,0,0,0,0,0,0,0,0,0,0,0,0,0,0,6,0,0,0,0,0,0,0,0,0,0,0,0,3,0,0,0,0,5,0,0,0,0,0,0,0,0,0,0,0,0,0,0,0,0,0,0,0,0,0,0,0,0,0,0,0,0,0,0,0,0,0,0,0,0,0,0,0,0,0,0,0,0,3,7,8,0,10,0,0,0,0,23
SAL21854,0,0,0,0,0,0,0,0,0,0,0,0,0,0,0,0,0,0,0,0,0,0,0,0,0,0,0,0,0,0,0,0,0,0,0,0,0,0,0,0,0,0,0,0,0,0,0,0,0,0,0,0,0,0,0,0,0,0,0,0,0,0,0,0,0,0,0,0,0,0,0,0,0,0,0,0,0,0,0,0,0,0,0,0,0,0,0,0,0,0,0,0,0,0,0,0,0,0,0,0,0,0,0,0,0,0,0,0,0,0,0,0,0,0,0,0,0,0,0,0,0,0,0,0,0,0,0,0,0,0,0,0,0,0,0,0,0,0,6,0,0,0,0,3
SAL21855,4,0,0,0,0,0,0,0,0,3,0,0,0,0,0,0,0,3,0,0,0,0,0,0,0,0,0,0,0,0,0,0,0,0,0,0,0,0,0,0,0,0,0,0,3,0,0,0,0,0,0,0,0,4,0,0,0,0,0,0,0,0,0,0,0,0,0,0,0,0,0,3,0,0,0,0,0,0,0,0,5,0,0,0,0,0,0,0,0,0,0,0,0,4,0,0,0,0,9,0,0,5,4,0,0,0,0,6,0,0,0,0,0,0,0,0,0,0,0,0,0,0,0,0,0,0,0,0,0,0,0,0,0,0,0,6,5,7,12,4,0,0,0,38
SAL21856,0,0,0,0,0,0,0,0,0,0,0,0,0,0,0,0,0,0,0,0,0,0,0,0,0,0,0,6,0,0,0,0,0,0,0,6,0,0,0,0,0,0,0,0,6,0,0,0,0,0,0,0,0,0,0,0,0,0,0,0,0,0,3,0,0,0,0,0,0,0,0,0,0,0,0,0,0,0,0,0,6,0,0,0,0,0,0,0,0,0,0,0,0,0,0,0,0,0,0,0,0,0,0,0,0,0,0,3,0,3,0,0,0,0,0,0,3,0,0,0,0,0,0,0,0,0,0,0,0,0,0,0,0,0,0,0,5,9,5,0,0,0,0,23
SAL21857,8,0,0,0,0,0,0,4,11,15,4,0,0,0,0,0,0,14,3,0,0,0,0,0,0,0,3,0,0,0,0,0,0,0,0,3,4,3,3,4,0,0,0,0,11,0,0,9,3,0,0,0,0,20,3,0,5,3,0,0,0,0,12,0,0,6,5,0,0,0,0,19,5,0,10,7,3,5,0,3,31,4,6,11,4,0,0,0,0,21,4,0,9,6,6,0,3,6,29,0,0,7,3,0,0,0,0,18,0,0,0,0,0,0,0,4,7,0,0,0,0,0,0,0,0,4,0,0,0,0,5,0,0,0,7,43,14,58,48,16,8,5,22,211
SAL21858,0,0,0,0,0,0,0,0,0,0,0,0,0,0,0,0,0,0,0,0,0,0,0,0,0,0,0,0,0,0,0,0,0,0,0,0,0,0,0,0,0,0,0,0,0,0,0,0,0,0,0,0,0,0,0,0,0,0,0,0,0,0,0,0,0,0,0,0,0,0,0,0,0,0,0,0,0,0,0,0,0,0,0,0,0,0,0,0,0,3,0,0,0,0,0,0,0,0,0,0,0,0,0,0,0,0,0,0,0,0,0,0,0,0,0,0,0,0,0,0,0,0,0,0,0,0,0,0,0,0,0,0,0,0,0,0,0,0,0,0,0,0,0,3
SAL21859,14,0,0,0,0,0,0,0,14,16,0,0,0,0,0,0,0,18,6,0,0,0,0,0,0,0,10,3,3,0,0,0,0,0,4,8,0,0,4,0,0,0,0,0,4,5,0,7,3,0,0,0,0,12,3,0,7,4,0,3,0,0,21,5,0,12,3,0,0,0,5,24,9,0,5,6,0,0,0,0,24,4,0,3,0,0,0,0,0,8,0,0,5,0,0,0,0,0,11,0,0,4,3,0,4,0,0,11,0,0,0,5,0,0,0,0,6,0,0,3,0,0,0,0,0,3,0,0,0,0,0,0,0,0,0,64,14,47,33,3,11,0,10,178
SAL21860,0,0,0,0,0,0,0,0,0,0,0,0,0,0,0,0,0,0,5,0,0,0,0,0,0,0,3,6,7,0,0,0,0,0,0,9,0,4,3,0,0,0,0,0,8,0,0,4,0,0,0,0,0,4,0,0,6,3,0,0,0,0,9,3,0,0,0,0,0,0,0,5,0,0,0,0,0,0,0,0,3,0,0,3,3,0,0,0,0,11,0,0,5,3,0,0,0,0,5,0,0,0,3,0,0,0,0,9,0,0,0,0,3,0,4,0,3,0,0,0,0,0,0,0,0,3,0,0,0,0,0,0,0,0,0,11,10,20,8,10,0,4,6,69
SAL21861,4,0,0,0,0,0,0,0,4,3,0,0,0,0,0,0,0,3,0,0,0,0,0,0,0,0,0,0,0,0,0,0,0,0,0,0,0,0,0,0,0,0,0,0,0,0,0,0,0,0,0,0,0,0,0,0,3,0,0,0,0,0,4,0,0,4,0,0,0,0,0,4,3,0,0,0,0,0,0,0,5,0,0,0,4,0,0,0,0,4,0,0,0,0,4,0,0,0,5,0,0,0,0,0,0,0,0,0,0,0,0,0,0,0,0,0,0,0,0,0,0,0,0,0,0,0,0,0,0,0,0,0,0,0,0,8,0,5,8,5,0,0,0,26
SAL21862,3,0,0,0,0,0,0,0,10,0,0,0,0,0,0,0,0,0,0,0,0,0,0,0,0,0,0,0,0,0,0,0,0,0,0,0,0,0,0,6,0,0,0,0,4,0,0,0,0,0,0,0,0,3,0,0,0,0,0,0,0,0,3,0,0,8,0,0,0,0,0,8,4,0,4,0,0,0,0,0,5,0,0,3,0,0,0,0,0,5,0,0,0,0,0,0,0,0,6,0,0,0,0,0,0,0,0,4,0,0,0,0,0,0,0,0,0,0,0,0,0,0,0,0,0,3,0,0,0,0,0,0,0,0,0,8,3,14,13,6,3,0,5,51
SAL21863,63,0,0,0,0,0,0,0,63,59,11,6,0,0,0,0,8,81,46,10,4,3,0,0,0,7,83,29,16,16,7,0,0,0,3,76,12,16,34,16,4,0,3,5,87,20,11,20,18,7,6,0,5,86,17,20,33,18,8,0,0,5,100,18,6,39,27,10,0,0,8,103,12,9,46,28,11,3,0,3,126,19,8,47,31,12,3,0,10,125,8,11,45,34,13,0,0,7,116,7,11,26,30,17,3,4,17,110,12,5,24,34,19,5,4,11,110,3,3,23,26,8,8,6,16,90,8,4,20,17,21,7,7,16,98,332,145,379,299,124,35,28,114,1449
SAL21864,0,0,0,0,0,0,0,0,0,0,0,0,0,0,0,0,0,0,0,0,0,0,0,0,0,0,0,0,0,0,0,0,0,0,0,0,0,0,0,0,0,0,0,0,0,0,0,0,0,0,0,0,0,0,0,0,0,0,0,0,0,0,0,0,0,0,0,0,0,0,0,0,0,0,0,0,0,0,0,0,5,3,0,0,0,0,0,0,0,0,0,0,0,0,0,0,0,0,0,0,0,0,0,0,0,0,0,0,0,0,0,0,0,0,0,0,0,0,0,0,0,0,0,0,0,0,0,0,0,0,0,0,0,0,0,4,0,0,5,0,0,0,0,7
SAL21865,5,0,0,0,0,0,0,0,5,10,0,0,0,0,0,0,0,10,4,6,4,0,0,0,0,0,8,0,0,0,0,0,0,0,0,3,0,0,0,0,0,0,0,0,5,0,0,0,0,0,0,0,0,0,0,0,0,0,0,0,0,0,6,0,0,0,4,0,0,0,0,13,0,0,0,0,0,0,0,0,7,0,0,4,0,3,0,3,4,18,0,0,0,0,0,0,0,0,3,0,0,4,0,0,0,0,0,5,0,0,3,0,0,0,0,0,7,0,0,0,0,0,0,0,5,6,0,0,0,0,0,0,0,3,3,18,8,24,20,5,5,3,15,93
SAL21866,0,0,0,0,0,0,0,0,0,0,0,0,0,0,0,0,0,0,0,0,0,0,0,0,0,0,0,0,0,0,0,0,0,0,0,4,0,0,0,0,0,0,0,0,0,0,0,0,0,0,0,0,0,0,0,0,0,0,0,0,0,0,0,0,0,0,0,0,0,0,0,0,0,0,0,0,0,0,0,0,0,0,0,0,0,0,0,0,0,0,0,0,0,0,0,0,0,0,0,0,0,0,0,0,0,0,0,0,0,0,0,0,0,0,0,0,0,0,0,0,0,0,0,0,0,0,0,0,0,0,0,0,0,0,0,0,0,0,0,0,0,0,0,5
SAL21867,45,0,0,0,0,0,0,7,49,25,6,5,0,0,0,0,4,36,24,10,13,3,0,0,0,0,49,21,12,19,4,5,0,0,0,56,20,7,20,16,0,0,0,6,73,13,8,15,12,5,0,0,7,59,10,4,15,8,3,3,0,6,57,11,8,23,5,6,3,0,3,58,9,10,29,19,5,0,0,9,77,10,9,35,19,12,5,0,13,96,5,10,28,24,14,8,0,13,97,4,0,39,23,12,5,0,14,93,7,0,20,20,14,9,0,15,78,0,0,8,6,4,4,5,3,33,3,0,14,12,0,0,4,21,57,208,92,271,162,80,25,18,109,968
SAL21868,5,0,0,0,0,0,0,0,5,0,0,0,0,0,0,0,0,0,0,0,0,0,0,0,0,0,0,0,0,0,0,0,0,0,0,3,0,0,0,0,0,0,0,0,0,0,0,0,0,0,0,0,0,0,0,0,0,0,0,0,0,0,3,0,0,0,0,0,0,0,0,0,0,0,0,0,0,0,0,0,0,0,0,0,0,0,0,0,0,0,0,0,0,3,0,0,0,0,4,0,0,0,0,0,0,0,0,0,0,0,0,0,0,0,0,0,0,0,0,0,0,0,0,0,0,0,0,0,0,0,0,0,0,0,0,0,0,6,5,4,0,0,0,19
SAL21869,0,0,0,0,0,0,0,0,0,0,0,0,0,0,0,0,0,0,0,0,0,0,0,0,0,0,0,0,0,0,0,0,0,0,0,0,0,0,0,0,0,0,0,0,0,0,0,0,0,0,0,0,0,0,0,0,0,0,0,0,0,0,0,0,0,0,0,0,0,0,0,0,0,0,0,0,0,0,0,0,0,0,0,0,0,0,0,0,0,0,0,0,0,0,0,0,0,0,0,0,0,0,0,0,0,0,0,0,0,0,0,0,0,0,0,0,0,0,0,0,0,0,0,0,0,0,0,0,0,0,0,0,0,0,0,0,0,0,3,0,0,0,0,8
SAL21870,6,0,0,0,0,0,0,0,9,5,0,0,0,0,0,0,4,7,4,0,4,0,0,0,0,7,10,4,0,0,0,0,0,0,8,9,0,0,7,6,0,0,0,0,9,0,0,0,4,0,0,0,0,11,0,5,3,0,0,0,0,5,13,0,4,0,3,3,0,0,0,11,0,0,8,3,0,0,0,0,12,3,0,6,0,0,0,0,0,10,0,0,6,0,0,0,0,0,4,0,0,0,0,0,0,0,0,4,0,0,0,0,0,0,0,0,7,0,0,0,0,0,0,0,0,0,0,0,0,0,0,0,0,0,0,23,13,25,22,4,0,4,23,122
SAL21871,0,0,0,0,0,0,0,0,0,0,0,0,0,0,0,0,0,0,0,0,0,0,0,0,0,0,0,0,0,0,0,0,0,0,0,0,0,0,0,0,0,0,0,0,3,0,0,0,0,0,0,0,0,0,0,0,0,0,0,0,0,0,0,0,0,0,0,0,0,0,0,0,0,0,3,0,0,0,0,0,3,0,0,0,0,0,0,0,0,0,0,0,0,0,0,0,0,0,0,0,0,0,0,0,0,0,0,0,0,0,0,0,0,0,0,0,0,0,0,0,0,0,0,0,0,0,0,0,0,0,0,0,0,0,0,4,0,0,3,0,0,5,0,13
SAL21872,3,0,0,0,0,0,0,0,3,4,0,0,0,0,0,0,0,4,0,0,0,0,0,0,0,0,0,0,0,0,0,0,0,0,0,0,0,0,0,0,0,0,0,0,3,0,0,0,0,0,0,0,0,0,0,0,0,0,0,0,0,0,0,0,0,0,0,0,0,0,0,0,0,0,0,0,0,0,0,0,0,0,0,0,0,0,0,0,0,0,0,0,0,0,0,0,0,0,0,0,0,0,0,0,0,0,0,0,0,0,0,0,0,0,0,0,0,0,0,0,0,0,0,0,0,0,0,0,0,0,0,0,0,0,0,4,3,4,0,0,0,0,0,22
SAL21873,0,0,0,0,0,0,0,0,0,0,0,0,0,0,0,0,0,0,0,0,0,0,0,0,0,0,0,0,0,0,0,0,0,0,0,0,0,0,0,0,0,0,0,0,0,0,0,0,0,0,0,0,0,0,0,0,0,0,0,0,0,0,4,0,0,0,0,0,0,0,0,0,0,0,0,0,0,0,0,0,0,0,0,0,0,0,0,0,0,0,0,0,0,0,0,0,0,0,0,0,0,0,0,0,0,0,0,0,0,0,0,0,0,0,0,0,0,0,0,0,0,0,0,0,0,0,0,0,0,0,0,0,0,0,0,0,0,6,0,0,0,0,0,6
SAL21874,3,0,0,0,0,0,0,3,3,4,0,0,0,0,0,0,0,4,0,0,0,0,0,0,0,0,0,0,4,4,0,0,0,0,0,9,0,0,0,0,0,0,0,0,4,0,0,0,5,0,0,0,3,8,0,3,3,0,0,0,0,0,8,0,0,0,0,0,0,0,0,3,0,0,5,0,0,0,0,0,7,0,0,0,5,0,0,0,0,3,0,0,0,0,0,0,0,0,0,0,0,5,0,0,0,0,0,0,0,0,0,0,0,0,0,0,0,0,0,0,0,0,0,0,0,0,0,0,0,0,0,0,0,0,0,15,6,17,7,4,0,6,5,55
SAL21875,15,0,0,0,0,0,0,4,20,9,3,0,0,0,0,0,7,10,4,0,0,0,0,0,0,0,10,5,0,4,0,0,0,0,0,10,0,0,5,3,4,0,0,0,15,0,0,4,7,3,0,0,0,11,0,3,5,3,0,0,0,5,17,4,0,0,3,7,0,0,0,15,0,0,6,4,5,0,0,5,22,0,0,6,3,0,0,3,0,14,5,0,0,0,0,0,0,0,9,0,0,6,0,0,0,0,0,10,0,0,0,0,0,0,0,0,3,0,0,0,0,0,0,0,0,0,0,0,0,0,0,0,0,0,0,36,16,43,33,19,0,4,17,162
SAL21876,0,0,0,0,0,0,0,0,0,0,0,0,0,0,0,0,0,0,0,0,0,0,0,0,0,0,0,0,0,0,0,0,0,0,0,0,0,0,0,0,0,0,0,0,0,0,0,0,0,0,0,0,0,0,0,0,0,0,0,0,0,0,0,0,0,0,0,0,0,0,0,0,0,0,0,0,0,0,0,0,0,0,0,0,0,0,0,0,0,0,0,0,0,0,0,0,0,0,0,0,0,0,0,0,0,0,0,0,0,0,0,0,0,0,0,0,0,0,0,0,0,0,0,0,0,0,0,0,0,0,0,0,0,0,0,0,0,0,0,0,0,0,0,0
SAL21877,17,0,0,0,0,0,0,0,17,11,0,0,0,0,0,0,5,17,5,0,0,0,0,0,0,0,7,3,3,0,0,0,0,0,0,8,0,0,8,3,0,0,0,0,14,4,0,3,4,0,0,0,0,10,3,3,5,3,8,0,0,0,27,0,3,9,8,0,0,0,0,24,0,0,7,4,0,0,0,4,24,0,4,3,9,5,0,0,3,18,6,0,5,7,4,0,0,0,22,0,0,3,5,8,0,0,4,17,0,0,6,6,6,0,0,0,12,0,0,0,3,0,0,0,0,3,0,0,0,0,0,0,0,0,5,50,13,48,57,30,3,3,13,218
SAL21878,26,0,0,0,0,0,0,4,27,21,0,0,0,0,0,0,0,24,26,8,4,0,0,0,0,0,39,13,0,3,3,0,3,0,0,25,6,0,9,9,7,0,0,0,24,0,4,11,8,0,0,0,3,35,7,8,8,8,0,0,0,0,35,5,4,14,13,5,0,0,5,41,4,5,13,10,4,0,0,3,42,6,0,10,12,7,5,0,0,46,0,0,10,9,3,3,0,0,27,0,0,12,4,3,0,0,3,26,0,0,3,6,0,0,0,0,13,0,0,0,3,0,0,0,0,5,0,0,0,0,0,0,0,0,0,107,36,104,84,26,12,5,30,407
SAL21879,23,0,0,0,0,0,0,5,32,25,0,0,0,0,0,0,0,30,11,0,0,0,0,0,0,4,22,11,3,0,0,0,0,0,0,20,3,0,15,7,0,0,0,0,21,0,3,10,3,0,0,0,7,22,0,0,9,0,5,0,0,8,27,3,7,15,5,4,0,0,0,37,8,5,7,7,3,0,0,0,29,0,3,10,7,4,0,0,6,29,0,0,8,8,4,0,0,5,25,0,0,8,0,4,0,0,0,14,0,0,0,6,0,0,0,3,13,0,0,0,3,0,0,0,0,10,0,0,0,0,4,0,0,0,6,87,29,89,54,27,0,5,50,344
SAL21880,0,0,0,0,0,0,0,0,0,5,0,0,0,0,0,0,0,5,3,0,0,0,0,0,0,0,3,0,0,0,0,0,0,0,0,5,0,0,0,0,0,0,0,0,0,0,0,7,0,0,0,0,0,9,0,3,4,0,0,0,0,0,8,4,0,0,0,0,0,0,0,5,0,0,0,0,0,0,0,0,10,5,0,0,4,0,0,0,0,9,4,0,3,0,0,0,0,0,10,0,0,4,0,0,0,0,0,6,0,0,0,0,0,0,0,0,3,0,0,0,0,0,0,0,0,0,0,0,0,0,0,0,0,0,0,27,8,14,11,6,0,4,4,74
SAL21881,0,0,0,0,0,0,0,0,0,3,0,0,0,0,0,0,0,3,0,0,0,0,0,0,0,0,0,0,0,0,0,0,0,0,0,3,0,0,0,0,0,0,0,0,3,0,0,0,0,0,0,0,0,0,0,0,0,0,0,0,0,0,3,0,0,0,0,0,0,0,0,0,0,0,0,0,0,0,0,0,0,0,0,0,0,0,0,0,0,0,0,0,0,0,0,0,0,0,6,0,0,0,0,0,0,0,0,0,0,0,0,0,0,0,0,0,0,0,0,0,0,0,0,0,0,0,0,0,0,0,0,0,0,0,0,7,0,3,8,0,0,0,0,19
SAL21882,0,0,0,0,0,0,0,0,0,0,0,0,0,0,0,0,0,0,0,0,0,0,0,0,0,0,0,0,0,0,0,0,0,0,0,0,0,0,0,0,0,0,0,0,7,0,0,5,0,0,0,0,0,5,0,0,0,0,0,0,0,0,0,0,0,0,0,0,0,0,0,0,0,0,0,0,0,0,0,0,0,0,0,4,0,3,0,0,0,9,0,0,0,0,0,0,0,0,4,0,0,0,0,0,0,0,0,0,0,0,0,0,0,0,0,0,0,0,0,0,0,0,0,0,0,0,0,0,0,0,0,0,0,0,0,5,4,8,4,0,0,0,0,23
SAL21883,0,0,0,0,0,0,0,0,0,0,0,0,0,0,0,0,0,0,0,0,0,0,0,0,0,0,0,0,0,0,0,0,0,0,0,0,0,0,0,0,0,0,0,0,0,0,0,0,0,0,0,0,0,0,0,0,0,0,0,0,0,0,0,0,0,0,0,0,0,0,0,4,0,0,0,0,0,0,0,0,0,0,0,0,0,0,0,0,0,0,0,0,0,0,0,0,0,0,0,0,0,0,0,0,0,0,0,0,0,0,0,0,0,0,0,0,0,0,0,0,0,0,0,0,0,0,0,0,0,0,0,0,0,0,0,0,0,0,0,3,0,0,0,3
SAL21884,4,0,0,0,0,0,0,0,4,0,0,0,0,0,0,0,0,0,0,0,0,0,0,0,0,0,0,0,0,0,0,0,0,0,0,0,0,0,0,0,0,0,0,0,0,0,0,0,0,0,0,0,0,0,4,0,0,3,0,0,0,0,4,0,0,4,0,0,0,0,0,6,0,0,0,0,0,0,0,0,0,0,0,0,0,0,0,0,0,0,0,0,0,0,0,0,0,0,0,0,0,0,0,0,0,0,0,5,0,0,0,0,0,0,0,0,0,0,0,0,0,0,0,0,0,5,0,0,0,0,0,0,0,0,3,10,3,9,8,0,0,0,4,35
SAL21885,7,0,0,0,0,0,0,0,9,0,0,0,0,0,0,0,0,0,0,0,0,0,0,0,0,0,5,0,0,0,0,0,0,0,0,0,0,0,0,0,0,0,0,0,0,0,0,0,0,0,0,0,0,5,0,0,0,0,3,0,0,0,6,0,0,0,4,0,0,0,0,10,0,0,0,0,0,0,0,4,6,0,0,3,0,0,0,0,0,5,0,0,0,0,0,0,0,0,0,0,0,0,0,0,0,0,0,4,0,0,0,0,0,0,0,0,0,0,0,0,0,0,0,0,0,0,0,0,0,0,0,0,0,0,0,5,0,10,15,3,3,0,10,47
SAL21886,0,0,0,0,0,0,0,0,0,0,0,0,0,0,0,0,0,0,7,0,0,0,0,0,0,0,5,0,0,0,0,0,0,0,3,4,0,0,0,0,0,0,0,0,4,0,0,0,0,0,0,0,0,3,0,0,0,0,0,0,0,0,3,0,0,0,0,0,0,0,0,0,0,0,0,0,0,0,0,3,3,0,0,0,0,6,0,0,0,7,0,0,0,0,0,0,0,0,3,0,0,0,3,0,0,0,0,3,0,0,0,0,0,0,0,0,0,0,0,0,0,0,0,0,0,0,0,0,0,0,0,0,0,0,3,14,0,6,9,9,0,3,6,47
SAL21887,5,0,0,0,0,0,0,0,5,3,0,0,0,0,0,0,0,3,0,0,0,0,0,0,0,0,6,0,0,0,0,0,0,0,0,4,0,0,0,0,0,0,0,0,0,0,0,0,3,0,0,0,0,3,0,0,0,0,0,0,0,0,0,0,0,0,0,0,0,0,0,10,0,0,0,4,0,0,0,0,3,0,0,3,0,0,0,0,0,3,0,0,0,0,0,0,0,0,0,0,0,3,0,0,0,0,0,3,0,0,0,0,0,0,0,0,0,0,0,0,0,0,0,0,0,0,0,0,0,0,0,0,0,0,0,8,0,15,7,0,0,0,3,36
SAL21888,0,0,0,0,0,0,0,0,0,0,0,0,0,0,0,0,0,0,0,0,0,0,0,0,0,0,0,0,0,0,0,0,0,0,0,0,0,0,0,0,0,0,0,0,0,0,0,3,0,0,0,0,0,3,0,0,0,0,0,0,0,0,7,0,0,0,0,0,0,0,0,0,0,0,0,0,0,0,0,0,4,0,0,0,0,3,0,0,0,3,0,0,0,0,0,0,0,0,4,0,0,0,5,0,0,0,0,0,0,0,0,0,0,0,0,0,0,0,0,0,0,0,0,0,0,0,0,0,0,0,0,0,0,0,0,4,3,3,7,5,0,0,0,22
SAL21889,5,0,0,0,0,0,0,0,9,0,0,0,0,0,0,0,0,0,4,0,0,0,0,0,0,0,5,0,0,0,0,0,0,0,0,7,0,0,0,3,0,0,0,0,9,0,3,4,4,0,0,0,0,15,0,0,0,0,0,0,0,0,8,0,0,5,6,0,0,0,0,9,0,0,6,0,0,0,0,0,5,0,0,3,4,0,0,0,0,9,5,0,5,7,0,3,0,3,17,0,0,3,7,0,0,0,0,11,0,0,0,0,0,0,0,0,3,0,0,0,0,0,0,0,0,0,0,0,0,0,0,0,0,0,0,18,14,28,26,6,3,0,11,111
SAL21890,3,0,0,0,0,0,0,0,3,0,0,0,0,0,0,0,0,0,0,0,0,0,0,0,0,0,0,0,0,0,0,0,0,0,0,0,0,0,0,3,0,0,0,0,3,0,0,0,0,0,0,0,0,0,0,0,0,0,0,0,0,0,0,0,0,0,0,0,0,0,0,3,0,0,0,0,0,0,0,0,0,0,0,0,0,0,0,0,0,3,0,0,0,0,0,0,0,0,0,0,0,0,0,0,0,0,0,0,0,0,0,0,0,0,0,0,0,0,0,0,0,0,0,0,0,0,0,0,0,0,0,0,0,0,0,4,0,3,5,5,0,0,0,17
SAL21891,3,0,0,0,0,0,0,0,3,0,0,0,0,0,0,0,0,0,0,0,0,0,0,0,0,0,0,0,0,0,0,0,0,0,0,0,0,0,0,0,0,0,0,0,0,0,0,0,0,0,0,0,0,0,0,0,0,0,0,0,0,0,0,0,0,0,0,0,0,0,0,0,0,0,0,0,0,0,0,0,0,0,0,0,0,0,0,0,0,3,0,0,0,0,0,0,0,0,0,0,0,0,0,0,0,0,0,0,0,0,0,0,0,0,0,0,0,0,0,0,0,0,0,0,0,0,0,0,0,0,0,0,0,0,0,4,0,3,8,0,0,0,3,15
SAL21892,10,0,0,0,0,0,0,0,10,3,0,0,0,0,0,0,0,4,4,4,0,0,0,0,0,0,4,0,0,0,3,0,0,0,0,3,0,6,13,10,6,0,0,0,24,3,0,7,0,0,0,0,0,9,5,0,5,5,0,0,0,0,21,7,0,3,3,4,0,0,0,14,0,0,11,5,0,0,0,0,15,0,4,5,5,0,0,0,0,15,0,0,9,14,6,0,0,0,21,6,0,0,4,5,4,0,0,14,0,0,0,0,0,0,0,4,9,0,0,0,0,0,0,0,0,8,0,0,0,0,0,4,0,0,5,35,15,52,47,15,6,0,11,181
SAL21893,701,3,0,0,0,0,0,83,786,824,50,29,0,0,0,0,90,984,700,153,98,24,9,0,0,89,1074,451,260,248,93,19,6,6,90,1176,215,223,375,134,39,16,12,65,1077,120,121,304,152,45,26,22,55,844,114,124,336,157,65,18,24,43,887,97,130,405,186,66,23,21,41,965,82,125,373,205,60,30,20,45,940,53,80,281,183,76,19,15,50,750,49,83,221,120,47,12,8,26,574,32,47,184,99,39,18,7,21,438,14,24,109,70,40,14,21,18,309,9,13,76,54,27,8,20,16,220,10,20,56,41,38,22,25,16,227,3465,1465,3086,1515,567,219,202,747,11254
SAL21894,15,0,0,0,0,0,0,0,15,16,0,0,0,0,0,0,0,16,8,0,0,0,0,0,0,0,11,0,6,0,0,0,0,0,0,7,0,4,3,0,0,0,0,0,9,0,3,9,0,0,0,0,4,18,0,0,6,4,0,0,0,0,13,0,0,7,8,5,0,0,0,26,3,0,7,5,0,0,0,0,20,3,0,4,0,0,0,0,0,13,0,0,3,0,0,0,0,0,9,0,0,5,3,0,0,0,0,8,0,0,0,0,0,0,0,0,4,0,0,0,3,0,0,0,0,3,0,0,0,0,0,0,0,0,0,47,21,54,29,11,3,0,7,175
SAL21895,302,0,0,0,0,0,0,23,319,271,11,3,0,0,0,0,15,305,146,18,11,3,0,0,0,18,197,56,31,39,22,4,0,0,4,161,18,27,71,57,8,3,4,6,197,24,27,96,63,12,7,0,14,234,28,30,125,63,22,12,8,8,303,23,25,160,71,35,8,4,12,346,25,31,140,81,24,15,7,5,325,12,23,112,81,32,7,4,15,279,15,18,84,59,22,4,4,15,225,6,9,70,28,18,0,0,16,148,3,8,38,22,17,8,8,14,118,9,5,18,21,10,9,6,11,76,6,14,20,16,13,4,8,39,115,937,274,987,586,219,73,54,215,3343
SAL21896,1223,5,0,0,0,0,0,89,1324,1020,56,16,4,0,0,0,74,1168,599,137,81,34,9,0,0,60,929,277,209,259,96,39,12,6,38,938,140,185,408,185,77,33,18,43,1078,103,157,470,226,98,54,33,25,1175,103,158,504,253,103,53,47,34,1251,104,148,458,295,94,32,32,44,1209,69,109,357,215,77,34,32,34,932,75,70,266,160,75,34,16,20,721,41,61,185,122,53,12,23,17,516,25,45,164,106,27,10,17,18,407,11,28,82,88,30,12,16,5,267,7,13,43,36,25,16,12,6,140,8,20,31,20,17,9,19,7,123,3789,1400,3331,1843,728,302,271,516,12176
SAL21897,0,0,0,0,0,0,0,0,0,0,0,0,0,0,0,0,0,0,0,0,0,0,0,0,0,0,0,0,0,0,0,0,0,0,0,0,0,0,5,0,0,0,0,0,3,0,0,0,0,0,0,0,0,0,0,0,0,0,0,0,0,0,0,0,0,0,0,0,0,0,0,0,0,0,0,0,0,0,0,0,0,0,0,0,0,0,0,0,0,0,0,0,0,0,0,0,0,0,0,0,0,0,0,0,0,0,0,0,0,0,0,0,0,0,0,0,0,0,0,0,0,0,0,0,0,0,0,0,0,0,0,0,0,0,0,0,0,0,0,0,0,0,3,9
SAL21898,57,0,0,0,0,0,0,10,71,42,0,0,0,0,0,0,4,51,21,9,4,5,0,0,0,3,45,17,13,8,3,0,0,0,5,50,0,9,22,17,5,6,0,6,48,0,4,14,13,4,3,0,4,44,12,7,9,8,15,0,0,0,61,9,4,15,11,8,0,0,4,57,4,8,26,11,19,8,0,6,83,4,3,20,14,12,0,3,5,71,7,7,18,17,5,0,3,6,69,3,3,19,22,7,3,5,7,67,3,0,11,10,11,6,0,7,36,4,3,7,5,9,8,4,0,44,4,5,7,6,5,9,4,3,46,194,69,185,157,105,43,26,61,838
SAL21899,17,0,0,0,0,0,0,0,17,6,0,0,0,0,0,0,0,8,9,0,0,0,0,0,0,0,4,6,0,0,0,0,0,0,0,13,8,4,4,0,0,0,0,0,15,3,0,0,5,0,0,0,3,21,10,4,5,4,4,0,0,0,25,3,0,3,4,0,0,0,0,18,9,0,6,3,0,0,0,0,25,5,0,8,5,0,0,0,0,19,0,0,4,9,0,0,0,0,13,0,0,4,10,0,0,0,0,19,4,0,3,6,0,0,0,0,15,0,0,0,3,4,0,0,0,14,0,5,3,5,6,3,3,4,26,84,30,45,55,18,3,6,20,260
SAL21900,3,0,0,0,0,0,0,0,0,0,0,0,0,0,0,0,0,0,0,0,0,0,0,0,0,0,0,0,0,0,0,0,0,0,0,0,0,0,0,0,0,0,0,0,0,0,0,0,0,0,0,0,0,0,0,0,0,0,0,0,0,0,0,0,0,0,0,0,0,0,0,4,0,0,0,5,0,0,0,0,6,0,0,0,3,0,0,0,0,3,0,0,0,0,0,0,0,0,0,0,0,5,0,0,0,0,6,5,0,0,0,0,0,0,0,0,0,0,0,0,0,0,0,0,0,0,0,0,0,0,0,0,0,0,4,4,0,7,13,3,0,0,3,36
SAL21901,0,0,0,0,0,0,0,0,0,0,0,0,0,0,0,0,0,0,0,0,0,0,0,0,0,0,0,0,0,0,0,0,0,0,0,0,0,0,0,0,0,0,0,0,0,0,0,0,0,0,0,0,0,0,0,0,0,0,0,0,0,0,0,0,0,0,0,3,0,0,0,4,0,0,0,0,0,0,0,0,0,0,0,0,0,0,0,0,0,0,0,0,0,0,0,0,0,0,0,0,0,0,0,0,0,0,0,0,0,0,0,0,0,0,0,0,0,0,0,0,0,0,0,0,0,0,0,0,0,0,0,0,0,0,0,3,0,0,3,4,0,0,0,11
SAL21902,10,0,0,0,0,0,0,0,6,3,0,0,0,0,0,0,0,3,0,0,0,0,0,0,0,0,0,0,0,0,0,0,0,0,0,0,0,0,0,0,0,0,0,0,5,0,0,0,0,0,0,0,0,6,0,0,0,0,0,0,0,0,0,0,0,0,0,0,0,0,0,3,0,0,3,0,0,0,0,0,3,0,0,0,5,0,0,0,0,3,0,0,0,0,0,0,0,0,5,0,0,0,0,0,0,0,0,0,0,0,0,0,0,0,0,0,3,0,0,0,0,0,0,0,0,4,0,0,0,0,0,0,0,0,3,13,4,4,13,7,4,4,3,53
SAL21903,7,0,0,0,0,0,0,0,11,9,0,0,0,0,0,0,0,9,8,0,0,0,0,0,0,0,8,3,0,0,3,0,0,0,0,8,0,0,4,3,0,0,0,0,11,0,5,3,0,0,0,0,0,10,0,0,0,9,0,0,0,0,8,0,0,3,5,0,0,0,0,12,0,0,5,6,0,0,0,0,10,0,0,3,0,0,0,0,0,3,5,3,0,9,0,0,0,0,18,0,0,0,0,4,0,0,0,5,0,0,0,0,0,0,0,0,5,0,0,0,0,0,0,0,0,5,0,0,0,0,0,0,0,0,0,30,9,17,31,11,4,0,3,105
SAL21904,0,0,0,0,0,0,0,0,0,0,0,0,0,0,0,0,0,0,0,4,0,0,0,0,0,0,4,0,0,0,0,0,0,0,0,0,0,0,0,0,0,0,0,0,0,0,0,0,0,0,0,0,0,0,0,0,0,0,0,0,0,0,0,0,0,0,0,0,0,0,0,3,0,0,0,0,0,0,0,0,8,0,0,0,0,0,0,0,0,0,0,0,0,0,0,0,0,0,6,0,0,0,5,0,0,0,0,7,0,0,3,0,0,0,0,0,3,0,0,0,0,0,0,0,0,0,0,0,0,0,0,0,0,0,0,4,3,5,10,4,0,4,0,27
SAL21905,0,0,0,0,0,0,0,0,0,0,0,0,0,0,0,0,0,0,0,0,0,0,0,0,0,0,0,0,0,0,0,0,0,0,0,0,0,0,0,0,0,0,0,0,0,0,0,0,0,0,0,0,0,0,0,0,0,0,0,0,0,0,0,0,0,0,0,0,0,0,0,0,0,0,0,0,0,0,0,0,0,0,0,0,0,0,0,0,0,0,0,0,0,0,0,0,0,0,0,0,0,0,0,0,0,0,0,0,0,0,0,0,0,0,0,0,0,0,0,0,0,0,0,0,0,0,0,0,0,0,0,0,0,0,0,0,0,0,0,0,0,0,0,5
SAL21906,0,0,0,0,0,0,0,0,0,0,0,0,0,0,0,0,0,0,0,0,0,0,0,0,0,0,0,0,0,0,0,0,0,0,0,0,0,0,0,0,0,0,0,0,0,0,0,0,0,0,0,0,0,0,0,0,0,0,0,0,0,0,0,0,0,0,0,0,0,0,0,3,0,0,0,0,0,0,0,0,0,0,0,0,0,0,0,0,0,0,0,0,0,0,0,0,0,0,0,0,0,0,0,0,0,0,0,0,0,0,0,0,0,0,0,0,0,0,0,0,0,0,0,0,0,0,0,0,0,0,0,0,0,0,0,4,0,5,3,0,0,0,0,13
SAL21907,5,0,0,0,0,0,0,0,8,0,0,0,0,0,0,0,0,0,4,0,0,0,0,0,0,0,4,0,0,0,0,0,0,0,0,0,0,0,0,4,0,0,0,0,7,0,0,0,0,0,0,0,0,5,3,0,3,4,0,0,0,0,7,0,0,0,0,0,0,0,0,5,3,5,0,6,5,0,0,0,15,0,0,0,5,0,0,0,5,14,0,0,7,3,0,0,0,3,12,0,0,0,0,0,0,0,0,6,0,0,0,0,0,0,0,0,0,0,0,0,0,0,3,0,0,3,0,0,0,0,0,0,0,0,0,19,8,22,17,7,3,4,8,87
SAL21908,6,0,0,0,0,0,0,4,3,3,0,0,0,0,0,0,0,3,0,0,0,0,0,0,0,0,0,0,0,0,0,0,0,0,0,0,3,0,0,3,0,0,0,0,8,6,0,0,0,0,0,0,0,9,4,0,3,0,0,0,0,0,7,0,0,0,4,0,0,0,0,9,0,0,4,0,0,0,0,0,8,3,4,4,0,0,0,0,0,11,0,0,0,0,0,0,0,0,6,0,0,3,3,0,0,0,0,8,0,0,0,0,0,0,0,0,0,0,0,0,0,0,0,0,0,0,0,0,0,0,0,0,0,0,0,22,5,19,19,7,0,0,8,80
SAL21909,7,0,0,0,0,0,0,0,7,4,0,0,0,0,0,0,0,4,0,4,0,0,0,0,0,0,8,0,0,0,0,0,0,0,0,0,0,0,0,0,0,0,0,0,9,0,0,7,0,0,0,0,0,5,0,0,0,5,0,0,0,0,3,0,0,0,0,0,0,0,0,3,0,0,5,0,0,0,0,0,4,0,0,3,3,0,0,0,0,5,0,0,5,5,0,0,0,0,11,0,0,4,5,0,0,0,0,8,0,0,0,0,0,0,0,0,0,0,0,0,0,0,0,0,0,0,0,0,0,0,0,0,0,0,0,20,6,14,17,5,0,3,7,64
SAL21910,3,0,0,0,0,0,0,0,3,0,0,0,0,0,0,0,0,0,0,0,0,0,0,0,0,0,0,0,0,0,0,0,0,0,0,0,0,0,0,0,0,0,0,0,0,0,0,0,0,0,0,0,0,0,0,0,0,0,0,0,0,0,0,0,0,0,0,0,0,0,0,0,0,0,0,0,0,0,0,0,4,0,0,0,0,0,0,0,0,0,0,0,0,0,0,0,0,0,0,0,0,0,0,0,0,0,0,0,0,0,0,0,0,0,0,0,0,0,0,0,0,0,0,0,0,0,0,0,0,0,0,0,0,0,0,5,5,0,5,0,0,0,0,22
SAL21911,42,0,0,0,0,0,0,3,44,35,6,0,0,0,0,0,0,39,17,6,0,0,0,0,0,3,38,14,11,18,12,6,0,0,5,53,8,3,14,4,3,5,0,0,25,5,4,16,13,5,0,0,5,48,5,5,11,10,5,0,0,4,42,8,5,11,11,5,0,0,0,38,9,6,20,8,7,0,0,6,55,6,10,16,13,3,4,0,4,59,8,0,22,12,8,6,0,3,56,6,3,22,11,7,7,0,7,65,0,6,6,13,3,7,0,0,35,3,0,3,5,5,0,0,3,27,0,0,0,8,4,4,6,10,33,162,54,172,120,57,21,10,60,660
SAL21912,0,0,0,0,0,0,0,0,4,6,0,0,0,0,0,0,0,7,3,0,0,0,0,0,0,0,8,0,0,0,6,0,0,0,0,4,0,0,4,0,0,0,0,0,10,0,0,5,0,0,0,0,3,4,0,7,0,0,0,0,0,0,15,0,3,0,4,0,0,0,3,11,0,0,9,3,0,0,0,7,26,7,3,3,4,6,0,0,3,27,0,0,0,3,0,0,0,5,18,0,0,4,0,0,0,0,4,14,0,0,0,0,0,0,0,4,11,0,0,0,0,0,0,0,0,0,0,0,0,0,0,0,0,0,0,22,24,30,24,7,3,0,39,148
SAL21913,0,0,0,0,0,0,0,0,0,0,0,0,0,0,0,0,0,0,0,0,0,0,0,0,0,0,0,0,0,0,0,0,0,0,0,0,0,0,0,0,0,0,0,0,0,0,0,0,0,0,0,0,0,0,0,0,0,0,0,0,0,0,0,0,0,0,0,0,0,0,0,0,0,0,0,0,0,0,0,0,0,0,0,0,0,0,0,0,0,0,0,0,0,0,0,0,0,0,0,0,0,0,0,0,0,0,0,0,0,0,0,0,0,0,0,0,0,0,0,0,0,0,0,0,0,0,0,0,0,0,0,0,0,0,0,0,0,0,0,0,0,0,0,0
SAL21914,5,0,0,0,0,0,0,0,4,0,0,0,0,0,0,0,0,0,0,0,0,0,0,0,0,0,0,0,0,0,0,0,0,0,0,5,0,0,4,0,0,0,0,0,4,0,0,0,0,0,0,0,0,3,0,3,0,0,0,0,0,0,6,3,0,3,0,0,0,0,0,7,0,0,0,6,0,0,0,0,8,3,0,0,0,0,0,0,0,3,4,0,4,5,0,0,0,0,10,0,0,0,3,6,0,0,0,12,0,0,0,0,5,0,0,0,13,0,0,0,0,0,0,0,0,0,0,0,0,0,4,0,0,0,4,16,4,14,13,14,0,0,8,81
SAL21915,8,0,0,0,0,0,0,3,7,4,0,0,0,0,0,0,0,4,0,0,0,0,0,0,0,0,0,0,0,7,0,0,0,0,0,13,0,0,0,0,0,0,0,0,0,0,0,0,0,0,0,0,0,6,0,0,3,0,0,0,0,0,12,0,0,0,0,3,0,0,0,8,0,0,3,0,0,0,0,0,6,4,0,3,5,0,0,0,0,8,0,0,0,3,0,0,0,0,9,3,0,0,6,3,0,0,0,13,0,0,0,6,0,0,0,0,4,0,0,0,0,0,0,0,0,0,0,0,0,0,0,0,0,0,0,17,4,31,24,10,5,0,9,92
SAL21916,0,0,0,0,0,0,0,0,0,0,0,0,0,0,0,0,0,0,0,0,0,0,0,0,0,0,4,0,3,0,0,0,0,0,0,3,0,0,0,0,0,0,0,0,0,0,0,0,0,0,0,0,0,0,0,0,0,0,0,0,0,0,0,0,0,0,0,0,0,0,0,3,0,0,0,0,0,0,0,0,0,0,0,0,0,0,0,0,0,0,0,0,0,0,0,0,0,0,3,0,0,0,0,0,0,0,0,0,0,0,0,0,0,0,0,0,0,0,0,0,0,0,0,0,0,0,0,0,0,0,0,0,0,0,0,3,5,0,4,0,0,0,0,22
SAL21917,32,0,0,0,0,0,0,0,37,22,0,0,0,0,0,0,5,25,11,0,0,0,0,0,0,0,20,9,0,6,5,0,0,0,0,20,6,0,12,7,0,0,0,0,26,3,6,12,6,0,0,0,0,33,7,10,20,7,3,0,0,0,47,3,0,16,17,4,0,0,5,45,7,5,22,14,3,0,0,0,49,4,4,8,10,0,0,0,0,27,3,6,13,13,5,0,0,0,38,0,0,4,7,0,0,0,3,17,0,0,0,3,0,0,0,0,11,0,0,0,0,4,0,0,0,4,0,0,3,0,0,3,0,0,7,114,30,127,76,23,8,4,18,402
SAL21918,0,0,0,0,0,0,0,0,0,0,0,0,0,0,0,0,0,0,0,0,0,0,0,0,0,0,0,0,0,0,0,0,0,0,0,0,0,0,0,0,0,0,0,0,0,0,0,0,0,0,0,0,0,0,0,0,0,0,0,0,0,0,0,0,0,0,0,0,0,0,0,0,0,0,0,0,0,0,0,0,0,0,0,0,0,0,0,0,0,0,0,0,0,0,0,0,0,0,0,0,0,0,0,0,0,0,0,0,0,0,0,0,0,0,0,0,0,0,0,0,0,0,0,0,0,0,0,0,0,0,0,0,0,0,0,4,0,0,0,0,0,0,0,3
SAL21919,3,0,0,0,0,0,0,0,3,0,0,0,0,0,0,0,0,0,0,0,0,0,0,0,0,0,3,0,0,0,0,0,0,0,0,0,0,0,3,0,0,0,0,0,7,0,0,0,5,0,0,0,0,0,0,0,0,0,0,0,0,0,5,0,0,0,0,0,0,0,0,0,0,0,0,0,0,0,0,0,6,0,0,4,0,0,0,0,0,4,0,0,0,0,0,0,0,0,0,0,0,0,0,0,0,0,0,5,0,0,0,0,0,0,0,0,0,0,0,0,0,0,0,0,0,0,0,0,0,0,0,0,0,0,0,3,0,10,8,0,0,0,4,32
SAL21920,4,0,0,0,0,0,0,0,4,0,0,0,0,0,0,0,0,0,0,0,0,0,0,0,0,0,0,0,0,0,0,0,0,0,0,0,0,0,0,0,0,0,0,0,0,0,0,0,0,0,0,0,0,0,0,0,0,0,0,0,0,0,0,0,0,0,0,0,0,0,0,3,0,0,0,0,0,0,0,0,0,0,0,0,7,0,0,0,0,7,0,0,0,0,0,0,0,0,0,0,0,0,0,0,0,0,0,0,0,0,0,0,0,0,0,0,0,0,0,0,0,0,0,0,0,0,0,0,0,0,0,0,0,0,0,3,0,4,5,0,0,0,3,22
SAL21921,90,0,0,0,0,0,0,7,96,52,0,0,0,0,0,0,5,54,29,3,0,4,0,0,0,0,37,23,11,5,4,0,0,0,0,47,13,12,47,15,0,0,0,3,97,12,18,34,13,5,4,0,3,85,15,9,50,28,6,0,0,3,118,10,16,43,18,15,0,0,3,103,0,9,40,19,7,0,0,3,85,5,4,30,14,0,0,0,4,61,10,5,12,12,10,0,0,0,58,3,5,24,17,10,0,0,0,67,0,0,23,19,4,0,0,3,56,3,0,12,6,4,3,0,0,32,3,8,10,15,11,0,8,0,43,268,103,340,183,76,16,10,43,1041
SAL21922,186,3,0,0,0,0,0,15,206,141,31,7,0,0,0,0,21,206,111,45,30,8,4,0,0,19,220,56,47,63,28,4,6,0,9,211,45,43,72,38,9,4,0,15,232,32,16,56,40,12,4,3,6,172,26,25,76,39,17,4,6,14,200,19,25,82,54,29,9,6,14,243,28,22,84,60,22,6,0,13,239,23,19,73,50,21,10,9,11,211,22,7,79,59,19,5,5,13,214,16,13,63,54,19,9,0,14,188,6,15,47,28,23,14,8,17,158,6,4,41,38,22,10,13,7,133,17,11,31,46,35,19,16,17,188,731,324,806,550,237,92,68,203,3014
SAL21923,0,0,0,0,0,0,0,0,5,4,0,0,0,0,0,0,0,4,0,0,0,0,0,0,0,0,3,0,0,0,0,0,0,0,0,3,0,0,5,0,0,0,0,0,7,0,0,0,0,0,0,0,0,0,0,0,0,0,0,0,0,5,6,0,0,0,0,0,0,0,0,9,0,0,5,3,0,0,0,0,8,0,0,8,0,3,0,0,0,14,0,0,3,5,0,0,0,0,11,0,0,0,0,3,0,0,0,3,0,0,0,0,0,0,0,0,3,0,0,0,3,0,0,0,0,3,0,0,0,0,0,0,0,0,4,15,4,25,13,11,0,0,7,71
SAL21924,0,0,0,0,0,0,0,0,0,0,0,0,0,0,0,0,0,0,0,0,0,0,0,0,0,0,0,0,0,0,0,0,0,0,0,4,0,0,0,0,0,0,0,0,3,0,0,0,0,0,0,0,0,0,0,0,0,0,0,0,0,0,7,3,0,0,0,0,0,0,0,6,0,0,0,0,0,0,0,0,6,0,0,0,3,0,0,0,0,3,3,0,0,5,0,0,0,0,8,0,0,0,0,0,0,0,0,0,3,0,0,0,0,0,0,0,3,0,0,0,0,0,0,0,0,0,0,0,0,0,0,0,0,0,0,21,3,6,9,0,0,0,0,34
SAL21925,87,0,0,0,0,0,0,10,92,152,11,3,0,0,0,0,16,184,178,26,13,4,0,0,0,21,245,90,35,41,11,0,0,0,15,191,43,27,38,16,3,0,0,11,143,39,26,35,12,10,0,4,11,133,21,24,35,24,8,5,3,8,130,38,29,40,19,7,4,0,7,137,29,24,52,27,21,8,0,3,158,20,20,51,33,17,3,6,7,153,13,15,51,35,10,5,0,14,144,6,6,49,21,14,10,0,13,120,10,0,31,40,18,6,6,14,130,5,3,21,24,24,3,4,13,101,5,8,18,22,16,7,10,12,92,729,249,481,278,153,46,31,182,2154
SAL21926,3,0,0,0,0,0,0,0,3,0,0,0,0,0,0,0,0,0,0,0,0,0,0,0,0,0,0,0,0,0,0,0,0,0,0,0,0,0,0,0,0,0,0,0,0,0,0,0,0,0,0,0,0,0,0,0,0,0,0,0,0,0,4,0,0,0,0,0,0,0,0,0,0,0,0,0,0,0,0,0,3,0,0,0,0,0,0,0,0,0,0,0,0,0,0,0,0,0,0,0,0,0,0,0,0,0,0,0,0,0,0,0,0,0,0,0,6,0,0,0,0,0,0,0,0,4,0,0,0,0,0,0,0,0,0,3,3,7,4,3,0,0,0,25
SAL21927,11,0,0,0,0,0,0,4,14,5,0,0,0,0,0,0,0,10,0,0,0,0,0,0,0,0,6,8,3,0,0,0,0,0,0,7,0,0,8,0,0,0,0,0,15,4,4,7,0,0,3,0,3,22,6,0,11,3,0,0,0,0,21,8,0,14,5,3,0,0,0,29,5,3,12,0,0,0,0,0,22,5,5,4,5,0,0,0,0,18,4,3,5,3,3,0,0,4,19,0,0,15,4,3,0,0,0,22,0,5,3,3,0,0,0,0,8,0,0,0,4,0,0,0,0,4,0,0,0,0,0,0,0,0,3,60,23,79,35,9,4,0,15,222
SAL21928,8,0,0,0,0,0,0,3,12,10,0,0,0,0,0,0,0,10,10,0,4,0,0,0,0,0,13,3,0,0,0,0,0,0,3,7,0,8,0,3,0,0,0,0,12,0,0,3,0,0,0,0,0,6,0,0,7,0,0,0,0,0,7,3,8,9,4,0,0,0,0,20,4,4,8,4,0,0,0,0,22,0,3,10,8,4,0,0,4,37,0,3,8,7,0,0,0,5,20,3,3,14,7,5,0,0,0,28,0,0,4,6,7,3,0,0,20,0,0,0,0,4,0,0,0,10,0,0,0,0,0,0,0,0,7,49,31,69,49,14,3,3,22,241
SAL21929,105,0,0,0,0,0,0,3,108,39,0,0,0,0,0,0,0,46,39,3,0,0,0,0,0,7,53,17,12,12,0,0,0,0,0,48,7,12,15,14,0,0,0,3,50,7,12,21,13,5,5,0,0,64,11,9,19,22,5,0,0,3,68,13,7,29,13,5,0,0,0,68,10,7,21,7,3,0,0,0,54,5,5,21,21,6,0,0,3,59,10,6,16,13,4,0,0,3,52,7,0,22,15,3,3,0,4,59,0,3,10,13,7,4,0,0,36,6,0,3,3,0,3,0,0,19,3,0,6,6,10,0,0,0,26,278,80,200,144,47,21,3,36,800
SAL21930,13,0,0,0,0,0,0,0,13,9,0,0,0,0,0,0,0,7,3,0,0,0,0,0,0,0,5,8,0,4,0,0,0,0,0,14,0,0,7,7,0,0,0,5,15,0,3,5,4,0,0,0,0,15,8,3,9,0,0,0,0,0,25,10,6,10,7,3,0,0,0,35,4,4,10,13,0,0,0,0,36,11,5,15,12,5,0,0,4,55,10,6,23,10,3,0,0,3,54,0,0,28,15,4,0,0,3,53,8,7,10,9,4,0,0,0,37,0,0,6,3,0,0,0,0,8,0,4,0,0,0,3,0,0,11,80,44,132,84,24,8,5,16,389
SAL21931,0,0,0,0,0,0,0,0,0,0,0,0,0,0,0,0,0,0,0,0,0,0,0,0,0,0,0,0,0,0,0,0,0,0,0,3,0,0,0,0,0,0,0,0,4,0,0,0,0,0,0,0,0,3,0,0,0,0,0,0,0,0,4,0,0,0,0,0,0,0,0,4,0,0,0,0,0,0,0,0,4,3,0,6,3,0,0,0,0,9,4,0,0,4,0,0,0,0,9,0,0,0,0,0,0,0,0,5,0,0,0,0,0,0,0,0,4,0,0,0,0,0,0,0,0,0,0,0,0,0,0,0,0,0,0,10,0,4,21,3,0,0,8,51
SAL21932,7,0,0,0,0,0,0,0,4,0,0,0,0,0,0,0,0,6,6,0,0,0,0,0,0,0,5,0,0,3,0,0,0,0,0,11,3,0,0,3,0,0,0,0,12,3,0,0,0,0,0,0,0,6,0,0,0,0,0,0,0,0,6,0,0,0,5,0,0,0,0,9,0,0,0,0,3,0,0,0,3,0,0,3,0,0,0,0,0,6,4,4,0,0,3,0,0,0,7,0,0,4,0,0,0,0,0,8,0,0,0,0,0,0,0,0,0,0,0,0,0,0,0,0,0,0,0,0,0,0,0,0,0,0,3,25,7,20,17,7,0,4,10,82
SAL21933,3,0,0,0,0,0,0,0,6,4,0,0,0,0,0,0,0,12,4,3,0,0,0,0,0,0,8,6,0,3,0,0,0,0,0,3,4,0,3,6,0,0,0,0,14,0,0,0,0,0,0,0,0,14,0,0,0,5,3,0,0,0,15,3,0,9,0,0,0,0,0,16,0,0,5,3,0,0,0,0,9,3,0,3,7,3,0,0,3,14,5,0,9,7,3,0,0,3,20,0,0,8,0,0,0,0,0,14,0,0,3,0,0,0,0,0,7,0,0,0,0,0,0,0,0,5,0,0,0,0,0,0,0,0,0,36,8,45,30,14,0,4,18,164
SAL21934,310,0,0,0,0,0,0,25,335,263,3,0,0,0,0,0,15,279,296,28,8,0,0,0,0,25,359,277,129,79,15,5,3,0,23,527,188,159,232,46,9,0,0,19,657,130,101,277,95,16,0,6,17,640,135,89,241,79,25,3,4,20,594,121,83,197,76,14,0,3,27,521,108,57,144,71,16,3,0,15,407,101,60,129,53,20,5,6,11,387,51,35,109,50,15,4,3,11,267,29,28,61,33,8,7,8,10,184,21,15,45,29,17,0,5,7,135,7,7,36,21,8,7,0,7,107,3,15,41,26,19,4,6,48,174,2034,813,1592,582,178,43,50,281,5568
SAL21935,9,0,0,0,0,0,0,0,5,6,0,0,0,0,0,0,0,6,4,9,7,0,0,0,0,0,16,0,4,5,6,0,0,0,0,16,0,4,3,6,0,0,0,0,14,3,0,6,4,0,0,0,0,9,0,0,0,5,0,0,0,0,10,0,0,0,14,5,0,0,0,15,0,0,0,0,4,0,0,4,12,0,0,6,8,0,0,0,0,15,0,0,7,4,0,0,0,0,13,0,0,0,0,3,0,0,6,13,0,0,0,3,0,0,0,0,3,0,0,0,0,0,0,0,0,0,0,0,0,5,0,0,0,0,3,34,18,35,46,18,4,0,13,162
SAL21936,19,0,0,0,0,0,0,6,23,10,0,0,0,0,0,0,0,13,10,3,0,0,0,0,0,0,17,6,3,0,3,0,0,0,0,17,3,0,8,4,0,0,0,0,16,0,4,17,0,3,0,0,3,23,5,0,11,6,0,0,0,0,23,0,3,11,8,3,0,0,4,32,5,4,15,6,0,0,0,4,31,9,3,8,3,6,0,0,0,36,3,3,11,10,5,0,4,0,39,4,9,6,6,4,0,0,6,37,0,0,3,6,3,0,0,0,12,0,0,6,8,4,0,0,0,18,0,0,0,0,4,0,0,0,4,79,38,99,53,29,6,5,28,340
SAL21937,7,0,0,0,0,0,0,0,7,0,0,0,0,0,0,0,0,0,0,0,0,0,0,0,0,0,3,0,4,0,0,0,0,0,0,7,0,0,0,0,0,0,0,0,0,0,0,3,0,0,0,0,0,8,0,0,0,3,0,0,0,0,4,0,0,0,0,0,0,0,0,5,0,5,0,0,0,0,0,0,4,0,0,3,3,4,0,0,0,16,0,0,0,0,0,0,0,0,5,0,0,0,4,0,0,0,0,6,0,0,0,0,0,0,0,0,5,0,0,0,0,0,0,0,0,7,0,0,0,0,0,0,0,0,0,14,11,16,14,8,4,4,7,72
SAL21938,297,0,0,0,0,0,0,13,311,281,4,0,0,0,0,0,27,309,246,25,9,0,0,0,0,16,289,156,79,40,14,3,0,0,9,302,80,59,142,54,9,6,0,15,363,57,52,138,74,21,3,4,10,352,50,54,155,101,18,4,0,10,386,55,44,151,92,23,5,0,14,384,52,28,126,95,29,5,0,12,348,48,39,131,90,26,8,3,9,350,39,34,110,83,22,8,6,14,308,18,19,99,61,21,12,5,15,249,29,13,60,53,22,11,7,9,193,13,11,37,44,12,11,5,8,134,3,9,22,29,22,8,7,19,118,1416,455,1218,793,234,70,38,187,4412
SAL21939,53,0,0,0,0,0,0,11,57,45,4,0,0,0,0,0,0,49,55,8,16,0,0,0,0,9,90,20,16,25,7,4,0,0,9,82,8,3,27,11,3,0,5,3,59,9,4,7,8,5,0,0,3,40,9,3,26,15,6,4,0,4,61,10,5,35,16,7,0,3,5,85,6,3,29,16,4,4,0,8,76,13,6,20,15,14,0,0,8,78,7,10,24,16,13,4,0,10,75,9,3,15,11,10,0,0,5,50,6,3,15,22,14,0,0,7,67,0,5,12,19,13,3,0,7,64,15,6,10,9,7,9,4,11,84,262,76,261,175,97,28,26,97,1029
SAL21940,55,0,0,0,0,0,0,4,64,23,0,4,0,0,0,0,0,24,23,3,3,0,0,0,0,3,31,9,10,11,10,0,0,0,0,46,3,3,25,18,3,0,0,4,62,4,8,32,14,9,0,0,3,69,8,3,27,17,6,0,0,5,64,0,3,24,20,6,0,0,0,61,6,9,13,21,7,4,0,3,61,12,3,18,18,3,0,0,0,59,4,4,11,7,9,5,0,0,34,6,0,14,9,9,0,0,0,33,0,0,4,0,5,0,0,0,13,0,0,3,6,5,0,0,0,21,0,0,5,0,3,0,0,0,15,148,46,198,152,55,21,4,35,656
SAL21941,27,0,0,0,0,0,0,5,33,30,3,0,0,0,0,0,0,37,12,11,0,3,0,0,0,6,26,10,12,11,4,0,0,0,5,42,0,5,10,3,8,0,0,0,27,5,6,9,13,0,0,0,0,35,5,5,13,7,4,0,0,0,35,6,0,14,12,4,0,0,5,42,7,4,16,7,5,4,0,4,49,9,3,18,12,5,0,0,6,58,5,5,16,12,0,0,0,4,46,4,0,20,14,4,5,0,0,56,0,0,18,11,8,0,0,4,35,0,0,3,6,4,0,0,5,21,0,0,6,0,0,0,0,0,7,127,53,164,107,39,12,8,34,549
SAL21942,161,0,0,0,0,0,0,10,172,171,0,0,0,0,0,0,7,177,145,11,3,0,0,0,0,14,171,88,46,36,3,0,0,0,3,181,54,51,73,23,0,3,0,14,217,34,35,114,36,5,0,0,9,230,30,33,121,40,9,5,0,10,248,42,39,99,50,5,0,0,4,243,27,22,74,49,20,6,0,0,199,34,17,78,27,11,0,0,7,176,14,12,49,31,7,3,3,6,122,5,7,45,37,17,5,0,15,130,6,0,25,23,3,5,0,6,72,6,6,18,26,10,5,3,0,86,6,9,28,25,13,9,8,14,112,823,298,762,363,103,35,21,126,2529
SAL21943,16,0,0,0,0,0,0,0,16,3,0,0,0,0,0,0,0,3,7,0,4,0,0,0,0,0,10,0,0,8,5,0,0,0,0,13,0,0,4,0,0,0,0,0,12,3,0,5,3,0,0,0,0,16,3,0,3,6,0,0,0,3,22,0,0,0,10,0,0,0,0,15,0,0,6,0,3,0,0,0,11,4,0,5,4,3,0,0,0,14,0,0,0,0,3,0,0,0,8,0,0,0,4,0,0,0,0,13,0,0,0,7,0,0,0,4,7,0,0,0,0,0,0,0,0,3,0,0,0,0,0,0,0,0,4,47,3,31,39,16,4,5,14,169
SAL21944,13,0,0,0,0,0,0,0,13,3,0,0,0,0,0,0,0,5,6,0,0,0,0,0,0,0,8,3,4,0,0,0,0,0,0,9,0,0,0,6,0,0,0,4,10,0,3,0,3,0,0,0,0,9,0,0,0,0,0,0,0,0,3,0,0,3,0,0,0,0,0,8,0,0,5,7,5,0,0,0,11,4,0,3,0,0,0,0,5,18,0,0,8,3,0,0,0,6,20,7,0,7,9,6,0,0,0,17,0,0,0,0,0,0,0,0,3,0,0,0,0,0,0,0,0,0,0,0,0,0,0,0,0,0,4,43,7,37,27,15,6,0,15,148
SAL21945,0,0,0,0,0,0,0,0,0,0,0,0,0,0,0,0,0,0,0,0,0,0,0,0,0,0,0,0,0,0,0,0,0,0,0,0,0,0,0,0,0,0,0,0,0,0,0,0,0,0,0,0,0,0,0,0,0,0,0,0,0,0,0,0,0,0,0,0,0,0,0,6,0,0,0,0,0,0,0,0,0,0,0,0,0,0,0,0,0,0,0,0,0,0,0,0,0,0,0,0,0,0,0,0,0,0,0,0,0,0,0,0,0,0,0,0,0,0,0,0,0,0,0,0,0,0,0,0,0,0,0,0,0,0,0,0,0,0,0,0,0,0,0,3
SAL21946,0,0,0,0,0,0,0,0,0,0,0,0,0,0,0,0,0,0,0,0,0,0,0,0,0,0,0,0,0,0,0,0,0,0,0,0,0,0,0,0,0,0,0,0,0,0,0,0,0,0,0,0,0,0,0,0,0,0,0,0,0,0,0,0,0,0,0,0,0,0,0,0,0,0,0,0,0,0,0,0,0,0,0,0,0,0,0,0,0,0,0,0,0,0,0,0,0,0,0,0,0,0,0,0,0,0,0,0,0,0,0,0,0,0,0,0,0,0,0,0,0,0,0,0,0,0,0,0,0,0,0,0,0,0,0,0,0,4,0,0,0,0,0,7
SAL21947,0,0,0,0,0,0,0,0,0,0,0,0,0,0,0,0,0,0,5,0,0,0,0,0,0,0,5,0,0,6,0,0,0,0,0,3,0,0,5,0,0,0,0,0,5,0,0,0,0,0,0,0,0,0,0,0,0,0,0,0,0,0,4,3,0,4,0,0,0,0,0,10,0,0,9,4,0,0,0,0,16,0,0,0,3,0,0,0,0,3,4,6,0,0,0,0,0,0,13,0,0,3,6,0,0,0,0,8,0,0,0,0,0,0,0,0,0,0,0,0,0,0,0,0,0,0,0,0,0,0,0,0,0,0,0,17,10,21,15,4,0,0,3,67
SAL21948,0,0,0,0,0,0,0,0,0,0,0,0,0,0,0,0,0,0,0,0,0,0,0,0,0,0,0,0,0,0,0,0,0,0,0,0,0,0,0,0,0,0,0,0,0,0,0,0,0,0,0,0,0,0,0,0,0,0,0,0,0,0,0,0,0,0,0,0,0,0,0,0,0,0,0,0,0,0,0,0,0,0,0,0,0,0,0,0,0,4,0,0,0,0,0,0,0,0,0,0,0,0,0,0,0,0,0,0,0,0,0,0,0,0,0,0,0,0,0,0,0,0,0,0,0,0,0,0,0,0,0,0,0,0,0,0,0,0,0,0,0,0,0,3
SAL21949,0,0,0,0,0,0,0,0,0,0,0,0,0,0,0,0,0,0,3,0,0,0,0,0,0,0,3,0,0,0,0,0,0,0,0,0,0,0,0,0,0,0,0,0,0,0,0,0,0,0,0,0,0,0,0,0,0,0,0,0,0,0,0,0,0,0,0,0,0,0,0,0,0,0,0,3,0,0,0,0,3,0,0,0,0,6,0,0,0,6,0,0,0,0,0,0,0,0,0,0,0,0,0,0,0,0,0,4,0,0,0,0,0,0,0,0,3,0,0,0,0,0,0,0,0,0,0,0,0,0,0,0,0,0,5,3,0,4,3,8,0,0,0,26
SAL21950,0,0,0,0,0,0,0,0,0,0,0,0,0,0,0,0,0,0,0,0,0,0,0,0,0,0,0,0,0,0,0,0,0,0,0,0,0,0,0,0,0,0,0,0,0,0,0,0,0,0,0,0,0,0,0,0,0,0,0,0,0,0,0,0,0,0,0,0,0,0,0,0,0,0,0,0,0,0,0,0,0,0,0,0,0,0,0,0,0,0,0,0,0,0,0,0,0,0,0,0,0,0,0,0,0,0,0,0,0,0,0,0,0,0,0,0,0,0,0,0,0,0,0,0,0,0,0,0,0,0,0,0,0,0,0,0,0,0,0,0,0,0,0,4
SAL21951,4,0,0,0,0,0,0,0,4,0,0,0,0,0,0,0,0,0,0,0,0,0,0,0,0,0,0,0,0,0,0,0,0,0,0,3,0,0,0,0,0,0,0,0,6,0,0,0,0,0,0,0,0,0,0,0,0,0,0,0,0,0,3,0,0,0,0,0,0,0,0,3,0,0,0,3,0,0,0,0,0,5,0,0,0,0,0,0,0,5,0,0,0,0,0,0,0,0,0,0,0,0,0,0,0,0,0,0,0,0,0,0,3,0,0,0,0,0,0,0,0,0,0,0,0,0,0,0,0,0,0,0,0,0,0,5,0,3,3,5,0,0,0,31
SAL21952,712,10,0,0,0,0,0,80,803,1006,65,21,7,0,0,0,110,1201,1054,254,101,24,3,0,0,142,1578,599,416,280,76,16,14,0,116,1504,346,312,400,125,38,18,4,73,1320,227,184,300,132,51,19,8,67,995,181,174,289,115,56,24,19,51,899,165,172,263,117,40,22,18,46,850,129,130,290,149,54,16,15,38,816,114,133,263,157,55,22,18,58,816,92,107,257,122,58,25,13,55,725,66,54,216,146,53,25,22,37,627,40,44,162,94,46,23,13,39,462,24,33,117,90,39,24,32,31,383,21,39,126,84,69,28,54,41,469,4768,2126,3077,1433,579,261,225,978,13445
SAL21953,157,0,0,0,0,0,0,16,176,205,11,0,0,0,0,0,14,223,124,18,15,0,0,0,0,19,186,101,74,62,21,3,8,0,10,278,54,68,89,32,3,3,3,15,264,38,35,71,43,6,4,4,13,221,42,39,107,45,9,0,3,10,259,34,32,75,47,18,4,3,15,234,26,27,73,44,14,4,8,14,204,31,28,89,49,27,0,3,14,241,25,27,96,57,10,4,5,8,226,16,18,77,63,31,9,3,18,230,9,16,58,44,13,6,5,4,156,12,3,33,26,10,9,10,12,114,0,4,20,15,9,7,3,3,68,867,403,866,482,165,61,47,188,3077
SAL21954,4,0,0,0,0,0,0,0,4,0,0,0,0,0,0,0,0,0,0,0,0,0,0,0,0,0,0,0,0,0,0,0,0,0,0,3,0,0,0,0,0,0,0,0,0,5,0,0,0,0,0,0,0,5,4,0,0,0,0,0,0,3,6,3,4,0,0,0,0,0,0,6,5,0,4,4,0,0,0,3,12,0,0,8,7,0,0,0,0,13,0,0,3,0,0,0,0,0,3,0,0,5,0,0,0,0,0,9,0,0,0,3,0,0,0,0,5,0,0,0,0,0,0,0,0,5,0,0,0,0,0,0,0,0,0,16,11,20,11,5,3,0,8,77
SAL21955,9,0,0,0,0,0,0,0,9,10,0,0,0,0,0,0,0,10,5,0,0,0,0,0,0,0,10,0,0,0,5,0,0,0,0,7,0,0,3,3,0,0,0,0,8,0,0,0,0,0,0,0,0,0,0,0,5,3,0,0,0,0,11,0,0,4,5,5,0,0,0,17,0,0,5,6,0,0,0,0,16,0,3,4,0,0,0,0,4,10,0,0,5,3,0,0,3,0,11,0,0,5,4,0,5,0,0,12,0,0,6,0,3,0,0,0,5,0,0,0,0,0,0,0,0,0,0,0,0,0,4,0,0,0,6,24,12,28,30,17,8,8,9,123
SAL21956,0,0,0,0,0,0,0,0,0,0,0,0,0,0,0,0,0,0,0,0,0,0,0,0,0,0,0,0,0,0,0,0,0,0,0,0,0,0,0,0,0,0,0,0,0,0,0,0,0,0,0,0,0,0,0,0,0,0,0,0,0,0,0,0,0,0,0,0,0,0,0,0,0,0,0,0,0,0,0,0,0,0,0,0,0,0,0,0,0,0,0,0,0,0,0,0,0,0,0,0,0,0,0,0,0,0,0,0,0,0,0,0,0,0,0,0,0,0,0,0,0,0,0,0,0,0,0,0,0,0,0,0,0,0,0,0,0,6,0,0,0,0,0,9
SAL21957,0,0,0,0,0,0,0,0,0,0,0,0,0,0,0,0,0,0,0,0,0,0,0,0,0,0,0,0,0,0,0,0,0,0,0,0,0,0,0,0,0,0,0,0,4,0,0,0,0,0,0,0,0,0,0,0,0,0,0,0,0,0,4,0,0,0,0,0,0,0,0,5,0,0,0,0,0,0,0,0,0,0,0,0,0,0,0,0,0,4,0,0,0,0,0,0,0,0,4,0,0,0,0,0,0,0,0,4,0,0,0,0,0,0,0,0,0,0,0,0,0,0,0,0,0,0,0,0,0,0,0,0,0,0,0,5,0,3,5,6,0,0,0,30
SAL21958,0,0,0,0,0,0,0,0,0,0,0,0,0,0,0,0,0,0,0,0,0,0,0,0,0,0,0,0,0,0,0,0,0,0,0,0,0,0,0,0,0,0,0,0,0,0,0,0,0,0,0,0,0,0,0,0,0,0,0,0,0,3,6,0,0,0,0,0,0,0,0,0,0,0,0,0,0,0,0,0,0,0,0,0,0,0,0,0,0,5,0,0,0,0,0,0,0,0,0,0,0,0,0,0,0,0,0,3,0,0,0,0,0,0,0,0,0,0,0,0,0,0,0,0,0,0,0,0,0,0,0,0,0,0,0,4,0,0,0,0,0,0,6,10
SAL21959,0,0,0,0,0,0,0,0,0,0,0,0,0,0,0,0,0,0,0,0,0,0,0,0,0,0,3,0,0,0,0,0,0,0,0,0,0,0,0,0,0,0,0,0,7,0,0,0,0,0,0,0,0,0,5,0,0,0,0,0,0,0,3,0,0,0,0,0,0,0,0,0,0,0,0,0,0,0,0,0,0,4,0,0,0,0,0,0,0,9,0,0,0,0,0,0,0,0,6,0,0,0,0,0,0,0,0,0,0,0,0,0,0,0,0,0,0,0,0,0,0,0,0,0,0,0,0,0,0,0,0,0,0,0,0,9,8,3,7,0,0,0,0,31
SAL21960,179,4,0,0,0,0,0,41,230,223,35,24,0,0,0,0,46,335,202,65,48,14,5,0,6,55,394,102,69,51,21,13,3,0,41,304,68,54,55,29,14,9,3,44,280,58,37,54,38,17,8,5,42,255,39,43,40,42,30,8,13,33,243,40,41,64,51,30,12,16,36,295,45,37,63,60,30,12,8,24,283,36,28,73,46,23,10,8,32,252,19,19,82,43,27,12,4,31,243,22,13,78,44,32,14,9,27,230,11,8,43,22,16,8,9,19,135,3,6,29,30,18,8,8,22,133,8,9,40,27,18,13,15,24,151,1059,474,739,485,265,120,109,520,3761
SAL21961,0,0,0,0,0,0,0,0,0,0,0,0,0,0,0,0,0,0,0,0,0,0,0,0,0,0,0,0,0,0,0,0,0,0,0,0,0,0,0,0,0,0,0,0,0,0,0,0,0,0,0,0,0,0,0,0,0,0,0,0,0,0,3,0,0,0,0,0,0,0,0,0,0,0,0,0,0,0,0,0,0,0,0,0,0,0,0,0,0,0,0,0,0,0,0,0,0,0,0,0,0,0,0,0,0,0,0,0,0,0,0,0,0,0,0,0,0,0,0,0,0,0,0,0,0,0,0,0,0,0,0,0,0,0,0,0,0,0,0,5,0,0,0,5
SAL21962,6,0,0,0,0,0,0,0,5,3,0,0,0,0,0,0,0,3,3,0,0,0,0,0,0,0,4,0,0,0,0,0,0,0,0,0,0,0,4,0,0,0,0,0,0,0,0,0,0,0,0,0,0,3,0,0,0,3,0,0,0,0,7,0,0,3,4,0,0,0,0,6,0,0,3,0,0,0,0,0,7,0,0,0,4,0,0,0,0,3,0,0,0,0,0,0,0,0,0,0,0,0,0,0,0,0,0,0,0,0,0,0,0,0,0,0,0,0,0,0,0,0,0,0,0,0,0,0,0,0,0,0,0,0,0,13,0,13,11,3,0,0,8,46
SAL21963,112,0,0,0,0,0,0,17,126,152,11,4,0,0,0,0,11,179,144,27,24,5,0,0,0,22,214,68,37,31,13,7,0,0,10,170,42,34,40,19,0,3,6,7,149,35,16,28,19,8,0,3,8,115,22,11,23,29,17,3,0,15,122,25,19,38,25,13,0,4,0,122,19,6,37,18,12,7,3,13,114,8,13,32,37,18,4,0,9,130,16,11,29,20,11,7,4,14,102,11,5,29,29,10,0,4,4,92,4,6,17,14,13,0,3,12,64,10,0,12,19,11,4,8,15,73,6,8,19,21,10,14,10,36,124,666,209,356,261,123,43,38,195,1889
SAL21964,0,0,0,0,0,0,0,0,0,0,0,0,0,0,0,0,0,0,0,0,0,0,0,0,0,0,0,0,0,0,0,0,0,0,0,0,0,0,0,0,0,0,0,0,0,0,0,0,0,0,0,0,0,0,0,0,0,0,0,0,0,0,4,0,0,0,0,0,0,0,0,6,0,0,0,0,0,0,0,0,0,0,0,0,0,0,0,0,0,0,0,0,3,0,0,0,0,0,7,0,0,0,0,0,0,0,0,0,0,0,0,0,0,0,0,0,3,0,0,0,0,0,0,0,0,0,0,0,0,0,0,0,0,0,0,11,0,8,0,0,0,0,0,26
SAL21965,50,0,0,0,0,0,0,6,61,71,4,3,0,0,0,0,8,87,82,28,15,3,3,0,0,12,134,60,26,13,12,4,0,0,13,126,34,18,28,14,6,0,0,7,109,25,13,36,15,0,0,0,0,98,15,23,40,21,3,0,0,4,108,16,7,30,11,6,0,0,0,73,5,8,19,8,4,0,0,8,54,10,8,25,24,5,3,0,0,77,12,11,28,16,3,3,0,8,79,7,11,25,17,6,3,0,9,84,10,6,21,12,10,3,0,0,54,7,9,18,21,9,7,5,16,87,6,18,39,45,20,8,11,12,159,407,188,347,205,74,37,20,119,1398
SAL21966,314,0,0,0,0,0,0,47,361,973,3,0,4,0,0,0,134,1118,986,33,7,5,3,0,0,117,1160,752,91,32,15,3,0,0,110,1008,345,134,103,18,4,3,3,71,690,178,93,136,31,11,4,6,43,502,137,99,112,36,15,5,6,39,445,98,59,93,32,10,5,5,33,339,68,66,85,30,14,4,4,30,301,61,43,74,37,9,7,4,32,267,43,37,53,40,14,0,3,16,195,24,29,65,28,13,5,5,22,188,15,9,31,16,8,6,4,12,96,11,9,16,5,20,0,6,3,77,5,7,18,7,10,3,16,13,71,4009,716,841,302,125,41,63,724,6821
SAL21967,4,0,0,0,0,0,0,0,4,6,0,0,0,0,0,0,0,6,9,0,0,0,0,0,0,0,14,3,3,0,0,0,0,0,4,11,11,0,0,0,0,0,0,0,13,0,0,4,7,0,0,0,0,13,4,0,0,0,0,0,0,0,9,3,6,4,0,0,0,0,0,13,3,0,5,6,0,0,0,0,16,0,3,7,0,0,0,0,0,9,0,0,0,0,0,0,0,0,14,4,0,0,3,0,0,0,4,10,0,0,4,0,0,0,0,0,4,0,0,0,0,0,0,0,0,0,0,0,0,0,0,0,0,0,0,59,16,29,19,3,0,0,10,139
SAL21968,9,4,0,0,0,0,0,0,13,3,0,0,0,0,0,0,0,3,8,0,0,0,0,0,0,0,10,7,0,0,0,0,0,0,0,9,0,0,3,0,0,0,0,0,5,0,0,0,0,0,0,0,0,7,0,0,0,4,0,0,0,0,4,3,0,6,0,0,0,0,0,11,0,0,13,5,0,0,0,0,17,4,0,4,0,0,0,0,0,5,0,0,0,6,3,0,0,0,17,0,0,3,7,0,0,0,0,6,0,0,3,0,0,0,0,0,3,0,0,0,0,0,0,0,0,5,0,0,0,0,0,0,0,0,3,37,10,36,25,6,4,0,4,120
SAL21969,117,0,0,0,0,0,0,0,116,84,6,0,0,0,0,0,0,82,54,5,0,0,0,0,0,4,61,36,20,12,0,0,0,0,3,69,14,16,50,16,5,0,0,3,108,11,19,42,19,6,0,0,0,103,7,13,75,27,8,0,0,5,138,13,15,46,36,3,0,0,3,126,19,9,54,32,6,0,0,4,124,5,10,40,22,4,0,0,4,91,14,3,30,16,5,0,0,4,79,0,3,32,3,3,0,0,5,51,9,7,16,15,7,4,0,3,43,4,0,0,7,9,0,0,0,17,0,0,0,3,0,0,0,4,9,388,133,400,196,56,4,4,41,1219
SAL21970,87,0,0,0,0,0,0,11,100,82,14,0,0,0,0,0,3,97,65,21,18,4,5,0,0,10,108,27,23,22,19,6,0,0,10,106,18,14,33,19,8,0,0,3,92,9,18,35,21,0,0,0,5,94,15,11,34,31,11,3,0,5,108,15,11,28,27,7,5,3,6,106,12,15,26,39,12,5,5,4,106,17,7,51,37,9,3,0,7,137,7,10,44,36,9,3,3,6,123,12,7,48,40,15,3,0,12,130,0,5,21,15,9,0,7,11,76,0,0,8,24,11,4,0,8,62,0,0,9,16,6,0,0,4,40,367,162,384,315,105,36,19,104,1494
SAL21971,539,0,0,0,0,0,0,55,596,637,6,0,0,0,0,0,59,698,1286,6,3,0,0,0,0,83,1386,1172,143,59,5,0,0,0,68,1439,532,195,230,43,5,0,0,57,1068,350,168,350,91,14,0,0,47,1018,257,153,400,125,32,4,6,33,1004,291,142,379,125,27,5,0,37,996,214,105,255,108,24,0,3,30,745,186,77,215,91,22,6,4,30,628,132,71,154,66,20,10,6,25,482,96,42,131,94,40,5,0,18,440,37,22,134,85,35,6,8,13,341,21,24,102,66,24,8,9,26,276,20,34,95,68,33,12,17,26,313,5775,1192,2509,970,260,63,56,610,11429
SAL21972,0,0,0,0,0,0,0,0,5,8,0,0,0,0,0,0,0,8,8,0,0,0,0,0,0,0,6,0,0,0,0,0,0,0,0,0,3,0,3,0,0,0,0,0,11,4,3,0,3,0,0,0,0,7,0,0,4,0,0,0,0,0,5,0,0,0,0,0,0,0,4,6,0,0,4,0,0,0,0,0,8,0,0,7,3,0,0,0,0,10,0,0,4,0,0,0,0,0,7,0,0,0,0,3,0,0,0,9,0,0,0,0,0,0,0,3,0,0,0,0,0,0,0,0,0,3,0,0,0,0,0,0,0,0,0,21,3,27,12,8,0,0,10,82
SAL21973,4,0,0,0,0,0,0,0,4,0,0,0,0,0,0,0,0,0,0,0,0,0,0,0,0,0,0,0,0,0,0,0,0,0,0,0,0,0,0,0,0,0,0,0,0,0,0,0,0,0,0,0,0,0,0,0,0,0,0,0,0,0,0,0,0,0,0,0,0,0,0,0,0,0,4,0,0,0,0,0,4,0,0,0,4,0,0,0,0,4,0,0,0,0,0,0,0,0,0,0,0,0,0,0,0,0,0,0,0,0,0,0,0,0,0,0,0,0,0,0,0,0,0,0,0,0,0,0,0,0,0,0,0,0,0,0,0,0,7,0,0,0,0,11
SAL21974,56,0,0,0,0,0,0,7,67,181,0,0,0,0,0,0,29,215,173,14,3,0,0,0,0,16,205,122,22,15,3,0,0,0,12,174,59,26,28,7,0,0,0,3,127,9,18,28,9,0,0,0,9,71,6,15,19,12,5,3,0,4,65,9,15,18,11,3,0,0,4,57,13,14,24,4,0,0,0,4,57,10,18,16,8,3,0,0,3,59,3,13,19,5,4,0,0,3,41,3,8,14,6,5,0,0,0,34,0,3,10,5,0,0,0,0,27,0,0,6,5,0,3,0,0,19,3,0,7,0,6,0,0,0,21,645,170,202,73,30,7,9,102,1235
SAL21975,4,0,0,0,0,0,0,0,5,3,0,0,0,0,0,0,0,3,0,0,0,0,0,0,0,0,0,0,0,0,0,0,0,0,0,3,3,3,4,0,0,0,0,0,10,0,0,0,0,0,0,0,0,0,3,0,0,0,0,0,0,0,4,0,0,0,0,0,0,0,0,5,0,0,3,0,0,0,0,0,4,3,0,4,3,4,0,0,0,11,0,0,6,5,0,0,0,0,9,0,0,0,5,0,0,0,0,4,0,0,0,0,0,0,0,3,4,0,0,0,0,0,0,0,0,3,0,0,0,0,0,0,0,0,0,17,3,22,17,4,0,0,13,76
SAL21976,0,0,0,0,0,0,0,0,0,0,0,0,0,0,0,0,0,0,0,0,0,0,0,0,0,0,0,0,0,0,0,0,0,0,0,0,0,0,0,0,0,0,0,0,0,0,0,0,0,0,0,0,0,0,0,0,0,0,0,0,0,0,0,0,0,0,0,0,0,0,0,0,0,0,0,0,0,0,0,0,0,0,0,0,0,0,0,0,0,3,0,0,0,0,0,0,0,0,0,0,0,0,0,0,0,0,0,0,0,0,0,0,0,0,0,0,0,0,0,0,0,0,0,0,0,0,0,0,0,0,0,0,0,0,0,0,0,0,0,0,0,0,0,7
SAL21977,0,0,0,0,0,0,0,0,0,0,0,0,0,0,0,0,0,0,0,0,0,0,0,0,0,0,0,0,0,0,0,0,0,0,0,0,0,0,0,0,0,0,0,0,0,0,0,0,0,0,0,0,0,0,0,0,0,3,0,0,0,0,3,0,0,0,0,0,0,0,0,0,0,0,0,0,0,0,0,0,3,0,0,0,0,0,0,0,0,0,0,0,0,0,0,0,0,0,0,0,0,0,0,0,0,0,0,0,0,0,0,0,0,0,0,0,0,0,0,0,0,0,0,0,0,0,0,0,0,0,0,0,0,0,0,0,0,4,6,0,0,0,0,7
SAL21978,0,0,0,0,0,0,0,0,0,0,0,0,0,0,0,0,0,0,0,0,0,0,0,0,0,0,0,0,0,0,0,0,0,0,0,0,0,0,0,0,0,0,0,0,5,0,0,0,0,0,0,0,0,0,0,0,4,0,0,0,0,0,0,0,0,0,0,0,0,0,0,0,0,0,0,0,0,0,0,0,0,0,0,0,0,0,0,0,0,0,0,0,0,0,0,0,0,0,0,0,0,0,0,0,0,0,0,0,0,0,0,0,0,0,0,6,6,0,0,0,0,0,0,0,0,0,0,0,0,0,0,0,0,0,0,0,0,8,0,0,0,0,6,11
SAL21979,0,0,0,0,0,0,0,0,0,0,0,0,0,0,0,0,3,3,0,0,0,0,0,0,0,0,0,0,0,0,0,0,0,0,4,11,0,0,0,0,0,0,0,11,11,0,0,0,0,0,0,0,4,3,0,0,0,0,0,0,0,0,4,0,0,0,0,0,0,0,4,4,0,0,0,0,0,0,0,5,3,0,0,0,0,0,0,0,0,5,0,0,0,3,0,0,0,0,3,0,0,0,0,0,0,0,0,0,0,0,0,0,0,0,0,0,0,0,0,0,0,0,0,0,0,5,0,0,0,0,0,0,0,0,0,6,0,3,0,0,0,0,34,52
SAL21980,0,0,0,0,0,0,0,0,0,0,0,0,0,0,0,0,0,0,0,0,0,0,0,0,0,0,0,0,0,0,0,0,0,0,0,0,0,0,0,0,0,0,0,0,4,3,0,0,0,0,0,0,0,7,5,0,3,0,0,0,0,0,9,3,0,0,0,0,0,0,0,5,0,0,0,0,0,0,0,0,4,0,0,0,5,0,0,0,0,5,0,0,0,0,0,0,0,0,0,0,0,0,0,0,0,0,0,0,0,0,0,0,0,0,0,0,0,0,0,0,0,0,0,0,0,3,0,0,0,0,0,0,0,0,0,17,0,4,7,4,0,0,0,39
SAL21981,3,0,0,0,0,0,0,3,12,9,0,0,0,0,0,0,0,9,0,0,0,0,0,0,0,0,0,3,0,3,4,0,0,0,0,10,0,6,3,0,0,0,0,0,10,0,3,0,0,0,0,0,0,7,0,0,0,0,0,0,0,0,7,0,0,0,4,6,0,0,0,8,0,0,7,4,0,0,0,0,9,0,0,0,3,0,0,0,0,6,0,0,0,0,0,0,0,0,8,0,0,4,0,0,0,0,0,3,0,0,0,0,0,0,0,0,8,0,0,0,0,0,0,0,0,0,0,0,0,0,0,0,0,0,0,26,5,26,18,12,5,0,10,96
SAL21982,0,0,0,0,0,0,0,0,0,0,0,0,0,0,0,0,0,0,0,0,0,0,0,0,0,0,0,4,0,0,0,0,0,0,0,4,0,0,0,0,0,0,0,0,0,0,0,0,0,0,0,0,0,0,0,0,0,0,0,0,0,0,0,0,0,0,0,0,0,0,0,0,0,0,0,0,0,0,0,0,3,0,0,0,0,0,0,0,0,3,0,0,0,0,0,0,0,0,0,0,0,0,0,0,0,0,0,0,0,0,0,0,0,0,0,0,0,0,0,0,0,0,0,0,0,0,0,0,0,0,0,0,0,0,0,4,0,0,10,0,0,0,0,13
SAL21983,0,0,0,0,0,0,0,0,0,0,0,0,0,0,0,0,0,0,0,0,0,0,0,0,0,0,0,0,0,0,0,0,0,0,0,4,0,0,0,0,0,0,0,0,3,0,0,0,0,0,0,0,0,0,0,0,0,4,0,0,0,0,4,0,0,0,0,0,0,0,0,3,0,0,0,0,0,0,0,0,0,0,0,0,4,0,0,0,0,3,0,0,0,0,0,0,0,0,0,0,0,0,0,0,0,0,0,4,0,0,0,0,0,0,0,0,0,0,0,0,0,0,0,0,0,0,0,0,0,0,0,0,0,0,0,12,4,0,11,6,0,0,0,35
SAL21984,113,0,0,0,0,0,0,11,125,68,14,8,0,0,0,0,13,104,69,21,17,0,0,0,0,22,130,24,21,26,12,6,4,0,11,105,22,18,36,20,8,0,0,14,116,10,16,27,30,12,3,0,14,109,11,20,34,30,11,0,4,16,129,16,16,42,47,25,8,4,18,170,19,11,46,50,20,3,4,13,173,16,10,53,36,24,3,0,12,162,7,9,47,39,28,6,3,15,154,17,15,41,42,26,12,3,19,171,13,3,28,31,30,11,4,14,137,7,6,14,19,23,15,5,9,98,9,10,23,21,18,15,15,10,123,425,177,444,378,228,85,53,212,2008
SAL21985,267,0,0,0,0,0,0,24,296,303,6,0,0,0,0,0,21,326,320,38,11,3,0,0,0,38,408,241,123,83,13,0,0,0,22,481,138,139,187,43,5,0,0,27,543,81,109,173,70,17,3,3,17,466,88,63,178,57,7,6,0,21,419,73,69,168,74,7,3,0,19,417,67,65,112,55,11,4,0,16,335,63,62,102,47,25,0,0,22,320,44,63,84,58,25,7,3,9,288,26,36,86,69,22,4,3,14,257,23,25,86,58,31,12,3,19,247,16,13,65,48,23,6,0,24,207,20,23,79,46,27,13,13,55,283,1779,839,1416,630,190,52,36,358,5300
SAL21986,0,0,0,0,0,0,0,0,0,4,0,0,0,0,0,0,0,6,5,5,0,0,0,0,0,0,10,6,3,0,3,0,0,0,0,8,0,0,0,3,0,0,0,0,3,0,6,4,0,0,0,0,0,5,0,0,4,0,0,0,0,0,9,5,0,3,0,0,0,0,0,11,6,0,0,0,0,0,0,0,10,5,0,3,3,0,0,0,0,12,0,0,3,4,0,0,0,4,14,0,0,8,4,0,0,0,3,14,0,4,0,0,0,0,0,6,10,0,0,0,0,0,0,0,0,6,0,0,0,0,0,0,0,0,3,38,15,37,20,5,0,3,17,136
SAL21987,0,0,0,0,0,0,0,0,0,0,0,0,0,0,0,0,0,0,0,0,0,0,0,0,0,0,0,0,0,0,0,0,0,0,0,0,0,0,0,0,0,0,0,0,0,0,0,0,0,0,0,0,0,0,0,0,0,0,0,0,0,0,0,0,0,0,0,0,0,0,0,0,0,0,0,0,0,0,0,0,0,0,0,0,0,0,0,0,0,0,0,0,0,0,0,0,0,0,0,0,0,0,0,0,0,0,0,0,0,0,0,0,0,0,0,0,0,0,0,0,0,0,0,0,0,0,0,0,0,0,0,0,0,0,0,0,0,0,0,0,0,0,0,0
SAL21988,0,0,0,0,0,0,0,4,4,0,0,0,0,0,0,0,0,0,0,0,0,0,0,0,0,0,0,0,0,0,0,0,0,0,0,0,0,0,0,0,0,0,0,0,4,0,0,0,0,0,0,0,0,0,0,0,0,0,0,0,0,0,3,0,0,0,0,0,0,0,0,0,0,0,0,5,0,0,0,0,4,0,0,0,0,0,0,0,0,0,0,0,0,0,0,0,0,0,0,0,0,0,0,0,0,0,0,0,0,0,0,0,0,0,0,0,0,0,0,0,0,0,0,0,0,0,0,0,0,0,0,0,0,0,3,0,0,0,5,0,0,0,4,15
SAL21989,0,0,0,0,0,0,0,0,0,0,0,0,0,0,0,0,0,0,0,0,0,0,0,0,0,0,0,0,0,0,0,0,0,0,0,0,0,0,0,0,0,0,0,0,0,0,0,0,0,0,0,0,0,0,0,0,0,0,0,0,0,0,3,0,0,0,0,0,0,0,0,0,0,0,0,0,0,0,0,0,0,0,0,0,0,0,0,0,0,4,0,0,0,0,0,0,0,0,0,0,0,0,0,0,0,0,0,4,0,0,0,0,0,0,0,0,0,0,0,0,0,0,0,0,0,0,0,0,0,0,0,0,0,0,0,7,3,0,0,0,0,0,0,22
SAL21990,0,0,0,0,0,0,0,0,0,0,0,0,0,0,0,0,0,0,0,0,0,0,0,0,0,0,0,0,0,0,0,0,0,0,0,0,0,0,0,0,0,0,0,0,0,0,0,0,0,0,0,0,0,0,0,0,0,0,0,0,0,0,0,0,0,0,0,0,0,0,0,0,0,0,0,0,0,0,0,0,0,0,0,0,0,0,0,0,0,0,0,0,0,0,0,0,0,0,0,0,0,0,0,0,0,0,0,0,0,0,0,0,0,0,0,0,0,0,0,0,0,0,0,0,0,0,0,0,0,0,0,0,0,0,0,0,0,0,0,0,0,0,0,0
SAL21991,11,0,0,0,0,0,0,0,11,0,0,0,0,0,0,0,0,0,0,0,0,0,0,0,0,0,0,0,0,0,0,0,0,0,0,4,0,0,3,0,0,0,0,0,0,0,0,0,0,0,0,0,0,0,3,0,5,0,0,0,0,0,10,0,0,4,0,0,0,0,0,3,0,0,4,0,0,0,0,0,4,0,0,4,0,3,0,0,3,12,0,0,5,3,0,0,0,0,13,0,0,4,0,0,0,0,0,4,0,0,0,0,0,0,0,0,4,0,0,0,0,0,0,0,0,0,0,0,3,0,0,0,0,0,3,12,3,26,13,4,0,0,8,71
SAL21992,6,0,0,0,0,0,0,0,11,7,0,0,0,0,0,0,0,12,17,6,0,0,0,0,0,0,26,0,6,7,0,0,0,0,0,14,6,7,0,0,0,0,0,0,14,0,0,0,0,0,0,0,0,13,0,4,3,3,0,4,0,3,17,0,4,12,4,0,0,0,0,23,0,0,7,0,4,0,0,0,19,3,0,4,10,0,0,0,0,18,0,0,3,3,0,0,0,0,13,3,0,3,3,3,0,0,0,15,0,0,3,5,0,0,0,4,12,0,0,0,5,0,0,3,0,5,0,0,0,0,0,0,0,0,0,54,27,43,38,15,4,9,18,216
SAL21993,22,0,0,0,0,0,0,4,16,8,0,0,0,0,0,0,0,8,5,4,0,0,0,0,0,3,16,12,6,0,0,0,0,0,4,28,0,0,4,0,0,3,0,0,19,0,0,10,4,4,0,0,4,23,4,0,8,0,5,5,4,4,25,0,3,13,3,4,0,0,3,30,0,0,8,9,4,0,0,3,21,0,0,3,10,4,7,0,5,24,0,0,0,5,4,0,0,0,11,0,0,5,5,3,0,0,0,21,0,0,0,0,0,0,0,0,8,0,0,0,0,0,0,0,0,6,6,0,0,0,3,0,0,0,9,55,10,56,46,34,13,8,35,266
SAL21994,0,0,0,0,0,0,0,0,0,0,0,0,0,0,0,0,0,0,0,0,0,0,0,0,0,0,0,0,0,0,0,0,0,0,0,0,0,0,0,0,0,0,0,0,0,0,0,0,0,0,0,0,0,0,0,0,0,0,0,0,0,0,0,0,0,0,0,0,0,0,0,0,0,0,0,0,0,0,0,0,3,0,0,0,0,0,0,0,0,0,0,0,0,0,0,0,0,0,0,0,0,0,0,0,0,0,0,0,0,0,0,0,0,0,0,0,0,0,0,0,0,0,0,0,0,0,0,0,0,0,0,0,0,0,0,0,0,0,0,0,0,0,0,3
SAL21995,0,0,0,0,0,0,0,0,0,0,0,0,0,0,0,0,0,0,0,0,0,0,0,0,0,0,0,0,0,0,0,0,0,0,0,0,0,0,0,0,0,0,0,0,0,0,0,0,0,0,0,0,0,0,0,0,0,0,0,0,0,0,0,0,0,0,0,0,0,0,0,0,0,0,0,0,0,0,0,0,0,0,0,0,0,0,0,0,0,0,0,0,0,0,0,0,0,0,0,0,0,0,0,0,0,0,0,0,0,0,0,0,0,0,0,0,0,0,0,0,0,0,0,0,0,0,0,0,0,0,0,0,0,0,0,0,0,0,0,0,0,0,0,0
SAL21996,41,0,0,0,0,0,0,3,43,31,3,0,0,0,0,0,3,39,26,3,3,0,0,0,0,4,39,12,11,12,11,3,0,0,4,55,5,14,25,13,5,0,0,8,61,8,4,13,13,0,0,0,6,53,14,4,15,7,0,0,0,0,52,10,9,32,24,3,0,0,8,83,6,12,26,5,8,4,0,9,69,4,5,18,17,9,3,0,6,55,4,0,8,14,6,0,0,3,40,3,0,13,8,9,3,0,5,35,0,3,4,0,5,0,0,0,23,0,0,3,5,4,0,0,0,17,0,0,0,0,0,0,0,0,0,173,69,186,117,52,11,6,60,666
SAL21997,0,0,0,0,0,0,0,0,0,0,0,0,0,0,0,0,0,0,0,0,0,0,0,0,0,0,0,0,0,0,0,0,0,0,0,6,0,0,0,0,0,0,0,0,0,0,0,0,0,0,0,0,0,0,0,0,0,0,0,0,0,0,0,0,0,0,0,0,0,0,0,0,0,0,0,0,0,0,0,0,0,0,0,0,0,0,0,0,0,0,0,0,0,0,0,0,0,0,0,0,0,0,0,0,0,0,0,0,0,0,0,0,0,0,0,0,0,0,0,0,0,0,0,0,0,0,0,0,0,0,0,0,0,0,0,0,0,0,0,0,0,0,3,8
SAL21998,115,0,0,0,0,0,0,10,125,214,0,0,0,0,0,0,18,230,256,17,5,0,0,0,0,10,288,197,71,35,8,0,0,0,24,342,116,93,121,16,3,0,0,17,374,56,48,91,22,7,0,0,5,233,51,27,82,34,9,3,0,9,215,42,23,86,26,15,0,0,6,200,22,33,81,39,6,5,0,3,197,33,28,54,48,9,6,0,0,181,19,19,44,24,12,0,0,10,127,10,8,37,25,8,0,0,0,96,6,9,24,16,7,3,3,8,73,0,0,29,23,14,5,3,4,80,0,5,34,22,11,10,8,9,96,1137,378,728,310,111,33,15,141,2848
SAL21999,26,0,0,0,0,0,0,3,28,15,0,0,0,0,0,0,0,16,8,0,0,0,0,0,0,3,7,3,0,6,0,0,0,0,0,9,4,0,6,4,0,0,0,0,12,0,4,4,3,0,0,0,0,18,0,0,10,3,0,0,0,3,21,4,3,7,5,4,0,0,4,16,0,4,5,0,0,0,0,3,19,0,4,0,3,0,0,0,6,7,0,0,6,4,0,0,0,0,10,0,0,6,4,0,0,0,0,8,0,0,0,3,0,0,0,0,4,0,0,0,0,0,0,0,0,0,0,0,0,0,0,0,0,0,0,59,16,52,26,12,3,0,18,182
SAL22000,216,0,0,0,0,0,0,10,230,332,0,0,0,0,0,0,17,347,291,25,0,0,0,0,0,25,353,220,62,49,11,4,0,0,11,354,88,68,86,21,6,0,0,23,290,66,52,96,28,5,0,0,6,253,64,43,121,50,4,0,0,13,294,61,57,123,53,11,4,0,16,326,58,42,114,46,14,0,0,4,275,45,39,94,43,10,0,0,15,248,24,28,69,30,17,0,8,6,185,16,16,68,34,10,0,0,8,155,7,12,61,32,9,5,0,0,128,11,15,44,24,6,3,3,3,115,18,21,54,31,14,5,5,4,155,1517,475,977,418,106,29,21,168,3703
SAL22001,134,0,0,0,0,0,0,10,144,258,5,0,0,0,0,0,24,292,245,17,9,7,0,0,0,26,296,177,79,43,3,0,0,0,22,329,100,66,94,9,5,0,0,19,294,61,39,104,16,0,0,0,9,232,45,41,88,27,8,3,0,8,220,29,42,89,31,7,3,0,6,209,34,44,51,29,13,0,0,4,178,21,23,62,21,8,5,0,6,141,14,18,54,27,4,3,0,6,126,10,22,51,28,8,0,0,7,121,3,10,40,22,9,11,0,9,102,4,5,47,25,12,3,4,8,105,4,16,25,24,20,9,4,4,106,1145,437,754,267,95,36,10,160,2894
SAL22002,182,0,0,0,0,0,0,12,189,244,4,0,0,0,0,0,19,266,255,26,5,0,0,0,0,16,297,199,90,75,10,0,0,0,23,404,93,98,163,29,3,0,0,14,400,50,70,134,36,9,0,0,11,306,62,61,140,47,4,0,0,14,327,51,54,136,54,10,0,3,7,312,40,51,140,52,8,10,0,15,315,41,47,127,58,16,5,0,11,300,27,47,121,57,16,5,4,13,290,15,22,105,64,12,4,5,12,237,9,21,81,44,12,4,7,11,189,4,12,47,32,18,3,9,7,130,3,9,50,48,26,11,12,11,169,1288,611,1323,533,123,39,35,191,4141
SAL22003,6,0,0,0,0,0,0,0,6,0,0,0,0,0,0,0,0,0,0,0,0,0,0,0,0,0,0,0,0,0,0,0,0,0,0,0,0,0,0,0,0,0,0,0,0,0,0,0,0,0,0,0,0,0,0,0,0,0,0,0,0,0,0,0,0,0,0,0,0,0,0,0,0,0,0,0,0,0,0,0,4,0,0,0,0,0,0,0,0,0,0,0,0,0,0,0,0,0,0,0,0,0,0,0,0,0,0,0,0,0,0,0,0,0,0,0,0,0,0,0,0,0,0,0,0,0,0,0,0,0,0,0,0,0,0,3,0,0,0,0,0,0,0,12
SAL22004,0,0,0,0,0,0,0,0,0,0,0,0,0,0,0,0,0,0,0,0,0,0,0,0,0,0,0,0,0,0,0,0,0,0,0,0,0,0,0,0,0,0,0,0,0,0,0,0,0,0,0,0,0,0,0,0,0,0,0,0,0,0,0,0,0,0,0,0,0,0,0,0,0,0,0,0,0,0,0,0,0,0,0,0,0,0,0,0,0,0,0,0,0,0,0,0,0,0,0,0,0,0,0,0,0,0,0,0,0,0,0,0,0,0,0,0,0,0,0,0,0,0,0,0,0,0,0,0,0,0,0,0,0,0,0,0,0,0,0,0,0,0,0,0
SAL22005,411,0,0,0,0,0,0,50,463,301,3,4,0,0,0,0,24,332,249,37,14,4,0,0,0,34,336,219,122,117,34,6,0,0,14,508,134,89,275,112,23,7,3,26,670,64,72,292,122,25,0,0,33,606,97,83,283,142,35,10,3,14,675,88,62,231,105,40,8,4,28,565,108,50,234,149,37,9,7,29,620,96,53,268,159,55,14,0,25,668,86,60,259,174,57,10,0,41,692,44,48,240,152,43,24,4,36,584,31,28,126,95,49,6,5,20,363,12,11,69,67,21,12,12,8,216,17,26,66,51,38,17,14,29,258,1966,755,2472,1357,437,120,44,413,7572
SAL22006,463,0,0,0,0,0,0,44,508,520,35,3,0,0,0,0,40,598,583,170,94,29,4,0,0,45,931,375,330,281,76,22,9,0,44,1147,188,235,387,123,39,5,10,40,1019,96,104,264,108,37,10,4,18,640,57,80,219,119,37,15,6,29,554,36,54,189,98,27,5,3,14,431,23,57,171,81,33,8,6,13,398,18,37,119,82,34,12,0,8,301,18,21,110,73,29,10,8,11,280,8,32,85,71,19,7,5,3,226,6,9,37,29,9,4,5,5,104,3,4,23,12,7,4,4,7,64,0,3,4,5,0,3,0,0,24,2394,1159,1985,909,283,92,59,334,7213
SAL22007,10,0,0,0,0,0,0,0,11,23,0,0,0,0,0,0,3,27,64,14,0,0,0,0,0,0,92,21,16,32,6,0,0,0,0,74,3,8,18,14,0,0,0,0,43,7,6,10,6,3,3,0,0,33,3,0,3,3,0,0,0,0,14,0,0,7,3,0,0,0,0,13,5,0,10,0,0,0,0,0,20,4,0,10,6,8,0,0,0,36,0,5,20,15,7,0,0,0,40,4,0,19,12,0,0,0,0,43,0,0,6,3,0,0,0,3,23,0,0,0,0,0,0,0,0,0,0,0,0,0,0,0,0,0,0,148,52,148,75,17,11,0,17,469
SAL22008,4,0,0,0,0,0,0,0,4,0,0,0,0,0,0,0,0,0,0,0,0,0,0,0,0,0,0,0,0,0,0,0,0,0,0,0,0,0,0,0,0,0,0,0,4,0,0,0,0,0,0,0,0,0,0,0,0,0,0,0,0,0,0,0,0,0,0,0,0,0,0,0,0,0,0,0,0,0,0,0,0,0,0,0,0,0,0,0,0,4,0,0,3,0,0,0,0,0,0,0,0,0,0,0,0,0,0,0,0,0,0,0,0,0,0,0,0,0,0,0,0,0,0,0,0,0,0,0,0,0,0,0,0,0,0,3,4,6,4,4,0,0,0,21
SAL22009,36,0,0,0,0,0,0,3,34,34,0,0,0,0,0,0,3,30,28,8,0,0,0,0,0,5,38,22,8,5,3,0,0,0,0,48,16,13,23,3,0,0,0,9,67,12,4,22,13,4,0,0,0,59,8,12,24,8,6,0,0,9,68,12,13,31,12,5,0,0,3,75,13,5,24,13,7,0,0,0,64,12,6,27,27,3,0,0,5,80,3,8,21,22,5,0,0,0,64,7,7,16,13,3,3,0,0,50,3,5,4,10,3,0,0,0,26,0,0,7,0,0,0,0,0,14,0,0,0,3,0,0,0,0,4,207,80,213,129,35,7,3,38,707
SAL22010,4,0,0,0,0,0,0,0,4,6,0,0,0,0,0,0,0,6,3,0,0,0,0,0,0,0,3,3,0,0,0,0,0,0,0,3,0,0,0,0,0,0,0,0,4,0,0,0,0,4,0,0,0,4,0,0,0,0,0,0,0,0,0,4,0,0,0,0,0,0,0,7,0,0,0,0,0,0,0,0,3,0,0,0,0,0,0,0,0,0,0,0,0,0,0,0,0,0,0,0,0,0,0,0,0,0,0,0,0,0,0,0,0,0,0,0,3,0,0,0,0,0,0,0,0,0,0,0,0,0,0,0,0,0,0,19,0,9,9,6,0,0,4,43
SAL22011,5,0,0,0,0,0,0,3,10,8,0,0,0,0,0,0,0,10,5,3,0,0,0,0,0,0,10,3,0,0,0,0,0,0,0,8,7,0,6,0,0,0,0,0,17,0,0,6,0,0,0,0,0,7,0,0,7,0,0,0,0,0,9,3,0,8,4,3,0,0,4,21,5,0,5,0,0,0,0,6,26,0,0,7,5,0,0,0,5,16,0,4,3,5,0,0,0,3,18,0,0,5,7,0,0,0,6,16,0,0,7,0,0,0,0,0,8,0,0,4,5,3,0,0,0,11,0,0,0,4,0,0,0,5,9,47,13,49,29,8,10,0,32,179
SAL22012,0,0,0,0,0,0,0,0,0,0,0,0,0,0,0,0,0,0,0,0,0,0,0,0,0,0,0,0,0,0,0,0,0,0,0,0,0,0,0,0,0,0,0,0,0,0,0,0,0,0,0,0,0,0,0,0,0,0,0,0,0,0,0,0,0,0,0,0,0,0,0,0,0,0,0,0,0,0,0,0,0,0,0,0,0,0,0,0,0,0,0,0,0,0,0,0,0,0,0,0,0,0,0,0,0,0,0,0,0,0,0,0,0,0,0,0,0,0,0,0,0,0,0,0,0,0,0,0,0,0,0,0,0,0,0,0,0,0,0,0,0,0,5,4
SAL22013,3,0,0,0,0,0,0,0,4,0,0,0,0,0,0,0,0,0,3,0,0,0,0,0,0,0,4,4,0,0,0,0,0,0,0,0,0,0,0,0,0,0,0,0,4,0,0,0,0,0,0,0,0,0,0,0,0,0,0,0,0,0,5,0,0,0,0,0,0,0,0,0,0,0,0,4,0,0,0,0,3,0,0,0,0,0,0,0,0,0,0,3,0,0,0,0,0,0,9,0,0,0,0,0,0,0,0,3,0,0,0,0,0,0,0,0,0,0,0,0,0,0,0,0,0,0,0,0,0,0,0,0,0,0,0,10,8,7,8,0,0,0,6,41
SAL22014,38,0,0,0,0,0,0,9,43,30,4,0,0,0,0,0,6,36,21,8,12,4,0,0,0,8,52,9,4,16,7,4,0,0,3,55,11,8,16,9,4,4,0,0,51,3,3,19,14,9,0,0,8,54,4,11,14,10,9,0,4,10,53,11,10,18,20,0,3,6,5,75,10,6,28,16,10,8,0,12,89,6,5,25,29,17,4,3,5,89,5,6,26,25,6,3,0,22,101,6,3,23,19,8,0,0,10,70,9,7,19,30,4,3,0,12,86,0,0,11,15,8,6,4,5,45,3,0,12,14,6,6,11,7,60,170,64,241,213,84,37,31,122,962
SAL22015,0,0,0,0,0,0,0,0,0,0,0,0,0,0,0,0,0,0,0,0,0,0,0,0,0,0,0,0,0,3,0,0,0,0,0,3,0,0,0,0,0,0,0,0,6,0,0,0,0,0,0,0,0,4,0,0,0,0,0,0,0,0,4,0,0,0,3,0,0,0,0,6,0,0,3,0,0,6,0,0,3,0,0,0,3,0,0,0,0,3,0,0,0,0,0,0,0,0,0,0,0,6,0,0,0,0,0,5,0,0,0,0,0,0,0,0,3,0,0,0,0,0,0,0,0,0,0,0,0,0,0,0,0,0,0,8,0,16,12,0,6,0,5,41
SAL22016,266,0,0,0,0,0,0,20,281,240,0,0,0,0,0,0,19,262,257,16,0,0,0,0,0,33,312,197,58,36,8,0,0,0,18,313,105,82,88,25,4,0,0,8,307,59,63,118,41,4,0,0,10,292,46,46,131,64,6,5,0,11,310,47,50,154,68,18,0,0,11,355,50,54,110,53,3,0,0,13,290,44,38,70,27,8,5,0,7,194,40,26,77,29,14,5,0,6,200,28,20,65,20,5,3,0,5,144,20,11,40,20,6,4,0,5,110,12,7,29,25,7,0,0,3,94,4,3,17,15,9,5,4,5,73,1416,481,951,389,76,27,15,174,3533
SAL22017,8,0,0,0,0,0,0,3,9,7,0,0,0,0,0,0,0,5,9,3,0,0,0,0,0,5,19,4,0,0,0,0,0,0,3,14,0,0,4,7,3,0,0,6,15,0,0,0,3,0,0,0,0,8,0,4,4,0,0,0,0,0,11,0,0,8,5,0,0,0,0,14,4,0,11,7,0,0,0,0,26,0,0,5,7,3,0,0,4,25,0,0,6,5,0,0,0,0,15,0,0,0,3,0,0,0,0,8,0,0,0,4,0,0,0,0,8,0,0,0,0,0,0,0,0,7,0,0,0,0,0,0,0,0,3,40,12,40,46,11,3,3,21,173
SAL22018,0,0,0,0,0,0,0,0,7,4,0,0,0,0,0,0,4,7,3,0,0,0,0,0,0,0,4,0,0,0,0,0,0,0,0,0,0,0,0,4,0,0,0,0,11,0,4,6,0,0,0,0,3,13,0,0,0,4,0,0,0,0,9,0,0,3,5,0,0,0,0,9,0,0,4,0,0,0,0,0,10,0,0,3,4,0,0,0,0,12,5,4,3,3,0,0,0,0,12,3,0,4,0,0,0,0,0,7,0,0,0,0,0,0,0,0,0,0,0,0,0,6,0,0,0,4,0,0,0,0,0,0,0,0,0,23,7,26,24,7,3,0,18,109
SAL22019,3,0,0,0,0,0,0,0,3,8,0,0,0,0,0,0,0,12,0,0,0,0,0,0,0,0,0,0,0,0,0,4,0,0,0,11,0,0,0,0,0,0,0,0,3,0,0,4,3,0,0,0,0,11,0,0,0,3,3,0,0,0,11,0,0,8,0,0,0,0,0,13,0,6,6,3,0,0,0,0,17,0,0,0,6,0,0,0,0,9,0,0,5,9,5,0,0,0,13,0,0,3,0,0,0,0,3,5,0,0,0,0,0,0,0,0,4,0,0,0,0,0,0,0,0,5,0,0,0,0,0,0,0,0,0,17,14,29,25,7,3,0,10,101
SAL22020,23,0,0,0,0,0,0,3,22,10,0,0,0,0,0,0,0,12,20,5,5,0,0,0,0,5,34,3,9,7,6,0,0,0,0,27,0,3,8,6,0,0,0,3,20,4,3,5,10,0,0,0,4,25,3,0,8,10,4,0,0,0,26,3,0,9,0,3,0,0,0,23,6,0,15,11,7,5,0,11,52,0,0,8,11,6,0,0,8,39,3,0,10,14,8,3,0,6,43,3,0,11,20,8,0,4,6,55,3,3,3,11,5,5,4,8,36,4,0,0,0,0,0,0,0,14,0,0,5,6,10,9,4,13,48,93,29,110,96,54,25,19,59,479
SAL22021,5,0,0,0,0,0,0,0,5,0,0,0,0,0,0,0,0,0,0,0,0,0,0,0,0,0,4,3,0,0,0,0,0,0,0,8,0,0,0,0,0,0,0,0,4,0,0,0,0,0,0,0,0,4,3,4,0,0,0,0,0,0,10,3,0,4,0,0,0,0,0,12,3,0,0,0,0,0,0,0,8,0,0,5,7,0,0,0,0,6,0,0,4,4,0,0,0,0,14,0,0,0,0,0,0,0,0,4,0,0,0,0,0,0,0,0,5,0,0,0,0,0,0,0,0,0,0,0,0,0,0,0,0,0,0,25,9,21,13,8,0,0,6,85
SAL22022,16,0,0,0,0,0,0,3,18,3,0,0,0,0,0,0,3,7,4,3,0,0,0,0,0,0,13,3,3,5,0,0,0,0,3,15,0,0,15,7,0,0,0,0,27,0,0,9,3,0,0,0,0,19,0,0,7,10,0,0,0,5,27,6,4,3,7,0,5,0,0,31,3,0,14,5,4,0,0,4,27,3,0,9,13,6,0,0,0,28,5,5,10,10,0,0,0,0,24,0,0,8,4,0,0,0,5,18,4,0,0,4,3,0,0,0,9,0,0,4,3,0,0,0,0,10,0,0,0,0,0,0,0,0,4,56,24,86,63,20,8,0,23,281
SAL22023,0,0,0,0,0,0,0,0,0,0,0,0,0,0,0,0,0,0,0,0,0,0,0,0,0,0,0,0,0,0,0,0,0,0,0,0,0,0,0,0,0,0,0,0,0,0,0,0,0,0,0,0,0,0,0,0,0,0,0,0,0,0,4,0,0,0,0,0,0,0,0,0,0,0,0,0,0,0,0,0,4,0,0,0,0,4,0,0,0,7,0,0,3,0,0,0,0,0,3,0,0,0,0,0,0,0,0,0,0,0,0,0,0,0,0,0,0,0,0,0,0,0,0,0,0,0,0,0,0,0,0,0,0,0,0,0,0,3,3,5,0,0,4,19
SAL22024,0,0,0,0,0,0,0,0,0,0,0,0,0,0,0,0,0,0,0,0,0,0,0,0,0,0,0,0,0,0,0,0,0,0,0,0,0,0,0,0,0,0,0,0,0,0,0,0,0,0,0,0,0,0,0,0,0,0,0,0,0,0,0,0,0,0,0,0,0,0,0,0,0,0,0,0,0,0,0,0,3,0,0,0,0,0,0,0,0,0,0,0,0,0,0,0,0,0,0,0,0,0,0,0,0,0,0,0,0,0,0,0,0,0,0,0,0,0,0,0,0,0,0,0,0,0,0,0,0,0,0,0,0,0,0,0,5,0,0,0,0,0,0,6
SAL22025,0,0,0,0,0,0,0,3,0,0,0,0,0,0,0,0,0,0,0,0,0,0,0,0,0,0,0,0,0,0,0,0,0,0,0,0,0,0,0,0,0,0,0,0,3,0,0,0,0,0,0,0,0,0,0,0,0,0,0,0,0,0,0,0,0,0,0,0,0,0,0,0,0,0,0,0,0,0,0,0,0,0,0,0,0,0,0,0,0,3,0,0,0,0,0,0,0,0,0,0,0,0,0,0,0,0,0,0,0,0,0,0,0,0,0,0,0,0,0,0,0,0,0,0,0,0,0,0,0,0,0,0,0,0,0,6,0,0,3,5,0,0,5,12
SAL22026,0,0,0,0,0,0,0,0,0,0,0,0,0,0,0,0,0,0,0,0,0,0,0,0,0,0,0,0,0,0,0,0,0,0,0,0,0,0,0,0,0,0,0,0,0,0,0,0,0,0,0,0,0,0,0,0,0,0,0,0,0,0,0,0,0,0,0,0,0,0,0,0,0,0,0,0,0,0,0,0,5,0,0,0,0,0,0,0,0,0,0,0,0,0,0,0,0,0,0,0,0,0,0,0,0,0,0,0,0,0,0,0,0,0,0,4,4,0,0,0,0,0,0,0,0,0,0,0,0,0,0,0,0,0,0,0,0,0,0,3,0,0,4,11
SAL22027,1329,8,0,0,0,0,0,126,1463,1353,145,55,8,6,0,0,115,1680,1255,464,290,91,24,3,0,149,2280,846,635,667,252,80,24,18,150,2670,395,448,893,406,141,44,29,114,2469,264,282,676,326,116,46,33,71,1817,222,234,571,287,130,48,39,86,1610,176,188,512,299,130,48,39,61,1457,109,161,416,274,102,43,23,53,1176,89,113,390,265,124,36,21,49,1086,75,95,346,253,95,36,21,51,965,55,77,355,236,115,30,27,65,966,39,62,227,230,91,20,25,75,763,31,23,106,116,63,37,25,65,463,22,33,82,120,75,32,28,92,493,6262,2971,5570,3169,1289,442,330,1323,21355
SAL22028,5,0,0,0,0,0,0,0,9,9,0,0,0,0,0,0,0,13,6,4,0,0,0,0,0,0,10,3,0,0,0,0,0,0,0,6,0,0,0,3,0,0,0,0,4,3,0,0,0,0,0,0,0,9,0,0,4,3,0,0,0,0,10,0,0,5,0,5,0,0,0,9,0,0,4,4,0,0,0,0,8,0,0,0,0,0,0,0,0,11,0,3,3,0,5,0,0,0,8,0,0,0,0,0,0,0,0,6,0,0,0,0,0,0,0,0,0,0,0,0,0,0,0,0,0,3,0,0,0,0,0,0,0,0,0,35,13,26,12,9,4,6,9,107
SAL22029,49,0,0,0,0,0,0,3,53,32,4,0,0,0,0,0,6,38,15,0,0,0,0,0,0,0,13,4,7,8,8,0,0,0,0,23,7,3,15,8,0,0,0,0,34,0,7,16,8,4,0,0,0,30,3,9,23,8,0,0,0,0,48,9,4,17,12,3,4,0,0,52,0,10,28,11,3,0,0,0,50,3,0,21,9,15,0,4,3,56,0,4,11,18,3,0,0,0,29,0,3,14,6,0,0,0,0,26,0,0,5,6,0,0,0,0,12,0,0,0,0,0,0,0,0,4,0,0,0,0,3,0,0,0,9,124,45,169,92,36,7,4,14,489
SAL22030,0,0,0,0,0,0,0,0,0,0,0,0,0,0,0,0,0,0,0,0,0,0,0,0,0,0,0,0,0,0,0,0,0,0,0,4,0,0,0,0,0,0,0,0,4,0,0,3,0,0,0,0,0,0,0,0,0,0,0,0,0,0,0,0,0,0,0,0,0,0,0,0,0,0,0,0,0,0,0,0,0,0,0,0,0,0,0,0,0,4,0,0,0,0,0,0,0,0,3,0,0,0,0,0,0,0,0,0,0,0,0,0,0,0,0,0,0,0,0,0,0,0,0,0,0,0,0,0,0,0,0,0,0,0,0,0,0,7,6,0,0,0,4,25
SAL22031,18,0,0,0,0,0,0,0,18,14,0,0,0,0,0,0,0,9,4,5,0,0,0,0,0,0,10,3,3,3,4,0,0,0,5,21,0,0,4,0,0,0,0,0,12,0,5,10,0,0,0,0,0,17,0,3,0,0,6,0,0,0,12,0,5,6,0,3,0,0,0,13,5,4,4,4,9,4,0,3,33,0,0,4,3,0,0,0,4,16,0,0,3,3,0,0,0,3,15,0,0,5,5,0,0,0,0,10,0,0,0,0,0,0,0,0,4,0,0,0,4,0,0,0,0,3,0,0,0,0,0,0,0,0,0,39,21,37,38,22,4,0,11,181
SAL22032,38,0,0,0,0,0,0,0,34,36,0,0,0,0,0,0,4,42,18,0,0,0,0,0,0,0,18,5,3,6,0,0,0,0,0,15,8,4,10,3,0,0,0,0,30,7,5,11,4,0,0,0,0,29,7,3,11,6,3,0,0,0,34,5,3,30,9,0,0,6,0,56,16,8,18,4,6,0,0,3,51,3,3,20,22,6,0,0,0,50,4,0,11,12,0,0,0,8,33,3,0,9,6,3,0,0,0,32,0,0,0,3,8,0,0,0,17,0,0,0,3,3,0,0,0,9,0,0,4,0,0,0,0,0,12,145,32,135,83,29,0,7,20,463
SAL22033,0,0,0,0,0,0,0,0,0,0,0,0,0,0,0,0,0,0,0,0,6,0,0,0,0,0,6,0,0,0,0,0,0,0,0,0,0,0,0,0,0,0,0,0,0,0,0,0,0,0,0,0,0,0,0,0,0,0,0,0,0,0,0,0,0,0,0,0,0,0,0,4,0,0,0,0,0,0,0,0,0,0,0,0,0,0,0,0,0,0,0,0,0,0,0,0,0,0,0,0,0,0,0,0,0,0,0,3,0,0,0,0,0,0,0,0,0,0,0,0,0,0,0,0,0,0,0,0,0,0,0,0,0,0,0,0,0,5,0,3,0,0,6,17
SAL22034,0,0,0,0,0,0,0,0,0,0,0,0,0,0,0,0,0,0,0,0,0,0,0,0,0,0,0,0,0,0,0,0,0,0,0,0,0,0,0,0,0,0,0,0,0,0,0,0,0,0,0,0,0,0,0,0,0,0,0,0,0,0,5,4,0,0,4,0,0,0,0,7,4,0,7,6,0,0,0,0,17,0,0,6,0,0,0,0,3,11,0,0,3,3,0,0,0,0,10,0,0,3,9,0,0,0,3,11,0,0,0,0,0,0,0,0,3,0,0,0,0,0,0,0,0,4,0,0,0,0,0,0,0,0,0,11,12,21,20,6,4,0,9,78
SAL22035,0,0,0,0,0,0,0,0,0,0,0,0,0,0,0,0,0,0,0,0,0,0,0,0,0,0,0,0,0,4,0,0,0,0,0,4,4,0,0,0,4,0,0,0,6,0,0,7,0,0,0,0,0,4,0,0,0,0,0,0,0,0,0,0,0,3,4,0,0,0,0,4,0,0,3,0,0,0,0,0,7,0,0,0,3,7,0,0,0,9,0,0,0,5,0,0,0,0,5,0,0,0,0,0,0,0,0,9,0,0,0,0,0,0,0,0,0,0,0,0,0,0,0,0,0,0,0,0,0,0,0,0,0,0,0,13,5,13,19,9,0,0,3,57
SAL22036,154,0,0,0,0,0,0,10,166,134,0,0,0,0,0,0,8,146,49,5,4,0,0,0,0,0,59,26,3,7,3,0,0,0,0,39,9,3,47,13,5,0,0,4,74,11,7,50,32,4,4,0,0,100,8,18,62,51,17,3,0,3,168,15,22,95,52,15,8,0,4,210,13,17,52,51,15,3,0,5,153,5,14,51,37,7,4,0,3,117,7,5,41,35,7,5,0,0,105,4,8,34,36,9,3,0,0,90,3,3,19,15,8,0,0,7,66,0,3,16,4,5,3,4,0,41,0,6,10,6,5,5,4,5,26,430,109,481,343,97,30,11,49,1560
SAL22037,415,0,0,0,0,0,0,15,432,304,0,0,0,0,0,0,15,321,261,15,6,0,0,0,0,21,301,186,69,55,3,0,0,0,10,319,98,101,153,42,4,0,4,11,418,77,69,186,75,11,0,0,16,431,83,72,251,108,18,3,0,19,550,98,70,223,96,20,0,0,9,516,72,43,194,86,20,4,0,9,441,65,39,155,112,26,3,0,14,414,58,44,141,83,26,3,0,12,375,42,35,129,54,18,4,0,13,293,27,15,82,59,20,7,9,10,224,18,13,39,38,35,6,5,13,164,6,15,55,45,26,12,10,16,191,1810,594,1672,796,220,50,38,204,5382
SAL22038,690,0,0,0,0,0,0,74,767,739,0,0,0,0,0,0,62,805,407,13,0,0,0,0,0,33,453,248,46,13,4,0,0,0,24,339,110,44,16,6,0,0,0,9,189,53,25,31,9,0,0,0,8,133,31,16,38,12,5,4,5,6,119,22,25,28,17,3,0,0,6,92,29,13,34,11,5,0,0,0,98,19,20,30,15,0,0,0,5,90,19,13,27,18,4,0,0,0,85,22,8,32,15,5,0,0,5,86,17,11,18,11,7,0,0,0,63,19,3,12,9,6,0,5,0,53,25,10,25,9,10,8,11,7,111,2464,253,302,129,51,22,23,240,3491
SAL22039,0,0,0,0,0,0,0,6,3,3,0,0,0,0,0,0,0,4,0,3,0,0,0,0,0,0,5,0,0,0,0,0,0,0,0,5,0,0,0,0,0,0,0,0,0,3,0,0,4,0,0,0,0,9,0,0,0,0,0,0,0,0,10,3,0,0,0,0,0,0,3,11,4,0,0,0,0,0,0,0,3,0,0,4,3,0,0,0,0,10,0,0,3,0,0,0,0,0,4,0,0,0,0,0,0,0,6,3,0,0,0,4,0,0,0,0,3,0,0,0,0,0,0,0,0,0,0,0,0,0,0,0,0,0,0,13,9,13,13,3,0,0,17,72
SAL22040,3,0,0,0,0,0,0,0,3,4,0,0,0,0,0,0,0,4,0,0,0,0,0,0,0,0,0,0,0,0,0,0,0,0,0,0,0,0,0,0,0,0,0,0,0,0,0,0,0,0,0,0,0,0,0,0,0,0,0,0,0,0,0,0,0,0,0,0,0,0,0,0,0,0,0,4,0,0,0,0,4,0,0,0,0,0,0,0,0,0,0,0,0,0,0,0,0,0,0,0,0,0,0,0,0,0,0,0,0,0,0,0,0,0,0,0,0,0,0,0,0,0,0,0,0,0,0,0,0,0,0,0,0,0,0,5,0,0,4,3,0,0,0,11
SAL22041,370,0,0,0,0,0,0,29,393,450,4,0,0,0,0,0,40,498,655,66,17,3,0,0,0,65,808,579,242,98,23,7,0,0,46,998,300,208,249,52,8,3,0,46,871,169,134,268,88,11,3,0,26,701,143,101,240,93,15,3,3,26,626,138,82,204,90,21,9,0,26,558,110,55,181,68,25,4,3,14,475,84,45,138,74,24,6,0,20,391,64,46,87,54,23,12,5,27,318,39,15,100,70,28,3,0,22,268,25,23,66,50,20,3,3,17,205,10,27,69,45,41,13,12,22,248,31,27,104,112,57,34,24,50,435,3165,1079,1820,819,281,102,57,480,7797
SAL22042,281,0,0,0,0,0,0,17,305,274,6,0,0,0,0,0,16,294,306,16,4,0,0,0,0,23,360,216,73,37,14,0,0,0,16,357,127,76,139,32,8,6,0,15,392,75,63,210,62,7,0,0,15,436,75,55,175,75,14,3,3,19,423,62,69,196,58,12,0,3,10,410,47,55,145,63,16,0,0,17,338,62,37,117,45,13,0,4,7,288,33,35,76,41,15,5,4,10,224,25,17,58,47,23,0,3,5,178,8,13,49,35,14,3,4,3,127,7,10,54,32,13,3,0,13,134,10,18,71,52,24,11,8,17,214,1619,538,1348,543,163,35,28,191,4474
SAL22043,0,0,0,0,0,0,0,3,4,0,0,0,0,0,0,0,0,0,0,0,0,0,0,0,0,0,3,0,0,0,0,0,0,0,0,0,0,0,0,0,0,0,0,0,0,0,0,5,0,0,0,0,0,0,0,0,0,0,0,0,0,0,5,3,0,0,0,0,0,0,0,5,0,0,0,0,0,0,0,0,0,0,0,0,0,0,0,0,4,3,0,0,0,0,0,0,0,0,4,0,0,0,0,0,0,0,0,3,0,0,0,0,0,0,0,0,0,0,0,0,0,0,0,0,0,0,0,0,0,0,0,0,0,0,6,9,0,6,3,0,4,0,13,37
SAL22044,0,0,0,0,0,0,0,0,0,0,0,0,0,0,0,0,0,0,0,0,0,0,0,0,0,0,0,0,0,0,0,0,0,0,0,0,0,0,0,0,0,0,0,0,3,0,0,0,0,0,0,0,0,0,0,0,0,0,0,0,0,0,0,0,0,0,0,0,0,0,0,3,0,0,0,0,0,0,0,0,0,0,0,4,0,0,0,0,0,5,0,0,0,0,0,0,0,0,0,0,0,0,0,0,0,0,0,4,0,0,0,0,0,0,0,0,0,0,0,0,0,0,0,0,0,0,0,0,0,0,0,0,0,0,0,0,0,10,5,0,0,0,5,21
SAL22045,3,0,0,0,0,0,0,0,3,0,0,0,0,0,0,0,0,5,0,0,0,4,0,0,0,0,4,0,0,0,0,0,0,0,0,4,0,0,0,0,0,0,0,0,3,0,0,0,0,0,0,0,0,0,0,0,0,0,0,0,0,0,0,0,0,4,4,0,0,0,0,8,0,0,0,0,0,0,0,0,4,0,0,4,0,0,0,0,0,6,0,0,0,0,0,0,0,0,0,4,0,0,0,0,0,0,0,8,0,0,0,0,0,0,0,0,5,0,0,0,0,0,0,0,0,0,0,0,0,0,0,0,0,0,0,12,5,10,13,4,3,6,8,58
SAL22046,0,0,0,0,0,0,0,0,4,3,0,0,0,0,0,0,0,3,3,0,0,0,0,0,0,0,3,0,4,0,0,0,0,0,0,3,0,0,0,0,0,0,0,0,3,0,0,4,0,0,0,0,3,6,0,0,7,0,0,0,0,0,5,0,0,0,4,0,0,0,0,5,0,0,0,0,0,0,0,0,5,0,0,0,5,0,0,0,0,6,0,0,0,0,0,0,0,0,4,0,0,0,0,0,0,0,0,3,0,0,0,0,0,0,0,0,0,0,0,0,0,0,0,0,0,0,0,0,0,0,0,0,0,0,0,14,5,9,15,3,0,0,6,56
SAL22047,202,0,0,0,0,0,0,16,215,162,7,0,0,0,0,0,3,172,115,23,6,4,0,0,0,7,154,80,55,42,14,0,0,0,9,190,57,43,93,15,9,0,0,4,223,29,46,108,36,6,0,0,8,243,45,52,150,52,8,3,0,14,320,53,64,144,69,21,0,4,9,365,38,50,117,42,16,6,0,9,285,30,39,137,68,27,5,0,8,304,23,53,121,53,20,4,0,11,281,22,30,95,58,22,3,0,12,237,10,5,50,53,19,12,0,14,159,5,8,40,24,11,4,8,7,108,7,11,25,32,19,13,3,9,112,879,484,1137,514,170,42,17,131,3372
SAL22048,0,0,0,0,0,0,0,0,0,0,0,0,0,0,0,0,0,0,0,0,0,0,0,0,0,0,0,0,0,0,0,0,0,0,0,0,0,0,0,0,0,0,0,0,4,0,0,0,0,0,0,0,0,0,0,0,0,0,0,0,0,0,0,0,0,0,0,0,0,0,0,0,0,0,3,0,0,0,0,0,4,0,0,4,0,0,0,0,0,0,0,0,0,0,0,0,0,0,3,0,0,0,4,0,0,0,0,4,0,0,0,0,0,0,0,0,3,0,0,0,0,0,0,0,0,0,0,0,0,0,0,0,0,0,0,4,0,6,6,0,0,0,0,22
SAL22049,53,0,0,0,0,0,0,7,58,41,5,0,0,0,0,0,5,49,32,8,0,3,0,0,0,5,49,17,13,20,12,0,0,0,0,61,11,10,21,8,5,0,0,3,54,10,10,30,8,0,0,0,3,65,19,12,30,12,10,0,3,6,91,24,14,41,14,5,0,4,0,114,22,13,58,33,7,7,3,10,160,32,28,49,43,8,4,3,9,182,35,26,79,52,12,0,0,14,216,35,20,91,44,26,0,3,15,237,12,9,64,35,23,0,0,16,172,10,6,32,33,8,9,0,9,108,9,8,30,27,13,7,3,8,115,364,202,551,332,119,32,22,90,1722
SAL22050,129,0,0,0,0,0,0,11,143,104,3,0,0,0,0,0,5,116,78,8,9,4,0,0,0,7,104,42,20,35,17,0,0,0,0,116,16,18,46,19,4,0,0,10,121,15,10,49,28,3,0,0,4,110,14,20,53,28,10,3,0,4,134,26,19,65,24,7,3,4,0,150,24,10,53,43,19,0,0,4,148,5,10,55,40,16,5,3,4,149,10,10,52,23,9,4,0,5,112,10,9,17,21,13,0,0,3,69,8,3,29,13,4,0,5,3,68,0,0,4,8,4,0,0,0,23,0,0,3,6,3,3,3,0,23,478,155,481,251,101,27,20,72,1592
SAL22051,0,0,0,0,0,0,0,0,0,5,0,0,0,0,0,0,0,5,0,0,0,0,0,0,0,0,0,0,4,0,0,0,0,0,0,3,0,0,0,0,3,0,0,0,3,0,0,3,3,0,0,0,0,4,0,0,0,0,0,0,0,0,0,0,0,4,6,0,0,0,0,10,0,0,3,5,0,0,0,0,5,0,0,0,0,0,0,0,0,4,0,0,0,0,0,0,0,0,3,0,0,0,0,0,0,0,0,5,0,0,0,0,0,0,0,0,0,0,0,0,0,0,0,0,0,0,0,0,0,0,0,0,0,0,0,10,0,18,13,3,0,0,0,52
SAL22052,0,0,0,0,0,0,0,0,9,0,0,0,0,0,0,0,0,3,4,0,0,0,0,0,0,0,7,0,0,3,0,0,0,0,0,4,4,0,0,3,0,0,0,0,4,0,0,0,0,0,0,0,0,8,4,0,0,4,0,0,0,0,4,0,0,0,0,0,0,0,0,4,4,0,3,0,0,0,0,0,9,0,0,5,0,0,0,0,0,9,0,0,0,4,0,0,0,0,8,0,0,0,0,0,0,0,0,6,0,0,0,0,0,0,0,0,5,0,0,0,0,0,0,0,0,4,0,0,0,3,0,0,0,0,3,16,0,18,25,3,0,0,7,71
SAL22053,0,0,0,0,0,0,0,0,3,0,0,0,0,0,0,0,0,0,0,0,0,0,0,0,0,0,0,0,0,0,0,0,0,0,0,0,0,0,0,0,0,0,0,0,0,0,0,0,0,0,0,0,0,0,0,0,3,0,0,0,0,0,0,0,0,0,0,0,0,0,0,5,0,0,0,0,0,0,0,0,0,0,0,4,0,0,0,0,0,4,0,0,0,0,0,0,0,0,4,0,0,0,0,0,0,0,0,0,0,0,0,0,0,0,0,0,0,0,0,0,0,0,0,0,0,0,0,0,0,0,0,0,0,0,0,3,0,6,0,3,0,3,0,22
SAL22054,0,0,0,0,0,0,0,0,0,0,0,0,0,0,0,0,0,0,0,0,0,0,0,0,0,0,0,0,0,0,0,0,0,0,0,0,0,0,0,0,0,0,0,0,0,0,0,0,0,0,0,0,0,0,0,0,0,0,0,0,0,0,0,0,0,0,0,0,0,0,0,0,0,0,0,0,0,0,0,0,0,0,0,0,0,0,0,0,0,0,0,0,0,0,0,0,0,0,0,0,0,0,0,0,0,0,0,0,0,0,0,0,0,0,0,0,0,0,0,0,0,0,0,0,0,0,0,0,0,0,0,0,0,0,0,0,0,4,0,4,0,0,0,6
SAL22055,0,0,0,0,0,0,0,3,0,0,0,0,0,0,0,0,0,4,0,0,0,0,0,0,0,0,0,0,0,0,0,0,0,0,0,0,0,0,0,0,0,0,0,0,0,0,0,5,0,0,0,0,0,9,3,4,5,0,0,0,0,5,8,0,0,0,0,0,0,0,0,3,3,0,0,0,0,0,0,0,5,4,0,3,0,0,0,0,0,5,0,0,0,0,0,0,0,0,3,0,0,3,0,0,0,0,0,3,0,0,0,0,0,0,0,0,0,0,0,0,0,0,0,0,0,4,0,0,0,0,0,0,0,0,0,14,0,13,7,0,0,0,12,47
SAL22056,19,0,0,0,0,0,0,0,22,9,5,0,0,0,0,0,0,13,3,3,5,0,0,0,0,0,16,0,0,4,0,0,0,0,0,3,6,4,8,3,0,0,0,0,22,0,0,6,0,4,0,0,0,12,0,0,8,10,6,0,0,0,25,8,0,5,5,3,0,0,0,22,3,0,9,7,4,0,0,3,28,5,0,9,12,8,0,0,5,34,5,0,11,4,4,3,0,0,30,0,0,4,3,0,0,0,3,17,0,0,6,4,0,0,0,0,17,0,0,3,0,0,0,0,0,5,5,0,0,12,4,0,0,0,25,59,20,75,64,32,11,4,29,280
SAL22057,7,0,0,0,0,0,0,0,7,0,0,0,0,0,0,0,0,3,0,0,0,0,0,0,0,0,4,0,0,0,0,0,0,0,0,0,0,0,0,0,0,0,0,0,6,0,0,3,3,0,0,0,0,6,0,0,0,3,0,0,0,0,4,0,0,0,0,0,0,0,0,4,0,0,0,0,0,0,0,0,5,0,0,0,3,0,0,0,0,3,0,0,5,0,0,0,0,0,8,0,0,0,0,0,0,0,0,0,0,0,0,0,0,0,0,0,0,0,0,0,0,0,0,0,0,0,0,0,0,5,0,0,0,0,5,11,6,19,15,4,0,0,8,61
SAL22058,3,0,0,0,0,0,0,0,3,6,0,0,0,0,0,0,0,6,0,0,0,0,0,0,0,0,4,0,0,0,3,0,0,0,0,7,0,0,0,0,0,0,0,0,6,0,0,0,0,0,0,0,0,5,3,0,3,0,0,0,0,3,12,0,4,0,4,0,0,0,5,9,0,0,3,3,0,0,0,0,9,0,0,3,0,0,0,0,0,9,0,0,0,0,0,0,0,0,5,0,0,4,0,0,0,0,0,0,0,0,0,0,0,0,0,0,3,0,0,0,0,0,0,0,0,0,0,0,0,0,0,0,0,0,0,15,9,23,15,0,0,0,8,71
SAL22059,0,0,0,0,0,0,0,0,0,0,0,0,0,0,0,0,0,0,0,0,0,0,0,0,0,0,0,0,0,0,0,0,0,0,0,0,0,0,0,0,0,0,0,0,0,0,0,0,0,0,0,0,0,0,0,0,0,0,0,0,0,0,0,0,0,0,0,4,0,0,0,6,0,0,0,0,0,0,0,0,3,0,0,0,0,0,0,0,0,0,0,0,0,0,0,0,0,0,0,0,0,0,0,0,0,0,0,0,0,0,0,0,0,0,0,0,0,0,0,0,0,0,0,0,0,0,0,0,0,0,0,0,0,0,0,4,0,3,5,4,0,0,0,8
SAL22060,0,0,0,0,0,0,0,0,0,0,0,0,0,0,0,0,0,0,0,0,0,0,0,0,0,0,0,0,0,0,0,0,0,0,0,0,0,0,0,0,0,0,0,0,0,0,0,0,0,0,0,0,0,0,0,0,0,0,0,0,0,0,0,0,0,0,4,0,0,0,0,3,0,0,0,0,0,0,0,0,6,0,0,0,0,0,0,0,0,0,0,0,0,0,0,0,0,0,0,0,0,0,0,0,0,0,0,0,0,0,0,0,0,0,0,0,0,0,0,0,0,0,0,0,0,4,0,0,0,0,0,0,0,0,0,5,0,4,7,0,0,0,4,25
SAL22061,0,0,0,0,0,0,0,0,0,0,0,0,0,0,0,0,0,0,0,0,0,0,0,0,0,0,0,4,0,0,0,0,0,0,0,4,0,0,0,0,0,0,0,0,0,0,0,0,0,0,0,0,0,0,0,0,0,0,0,0,0,0,0,0,0,4,0,0,0,0,0,6,0,0,0,0,0,0,0,0,5,0,0,0,0,0,0,0,0,3,0,0,0,0,0,0,0,0,5,0,0,0,0,0,0,0,0,0,0,0,0,0,0,0,0,0,0,0,0,0,0,0,0,0,0,6,0,0,0,0,0,0,0,0,0,4,3,11,12,3,0,0,8,36
SAL22062,4,0,0,0,0,0,0,0,12,0,0,0,0,0,0,0,0,0,3,0,0,0,0,0,0,0,7,0,0,6,0,0,0,0,0,9,0,0,0,0,6,0,0,0,8,0,0,8,0,0,0,0,0,10,0,0,0,0,0,0,0,0,3,8,0,7,3,0,0,0,0,16,0,0,3,0,3,0,0,0,11,0,0,7,5,4,0,0,0,13,4,7,8,4,0,0,0,0,23,0,0,3,5,0,0,0,0,11,0,0,8,0,0,0,0,0,9,0,0,0,0,0,0,0,0,3,0,0,0,0,0,0,0,0,6,30,10,43,21,14,4,0,3,130
SAL22063,0,0,0,0,0,0,0,0,0,0,0,0,0,0,0,0,0,0,0,0,0,0,0,0,0,0,0,0,0,0,0,0,0,0,0,0,0,0,0,0,0,0,0,0,0,0,0,0,0,0,0,0,0,0,0,0,0,0,0,0,0,0,0,0,0,0,0,0,0,0,0,0,0,0,0,0,0,0,0,0,0,0,0,0,0,0,0,0,0,0,0,0,0,0,0,0,0,0,0,0,0,0,0,0,0,0,0,0,0,0,0,0,0,0,0,0,0,0,0,0,0,0,0,0,0,0,0,0,0,0,0,0,0,0,0,0,0,0,0,0,0,0,0,0
SAL22064,15,0,0,0,0,0,0,0,10,9,0,0,0,0,0,0,0,9,4,0,4,0,0,0,0,0,4,6,3,0,4,0,0,0,0,8,5,0,4,0,0,0,0,7,16,0,0,5,0,0,0,0,0,8,0,3,4,0,0,0,0,6,18,0,3,5,0,0,0,0,0,13,0,0,4,0,3,0,0,4,10,0,7,4,5,0,0,0,0,10,0,0,5,7,0,0,0,4,12,0,0,0,0,0,0,0,0,8,0,0,0,0,0,0,0,0,0,0,0,0,0,0,0,0,0,0,0,0,0,0,0,0,0,0,0,41,12,34,22,9,4,0,25,142
SAL22065,8,0,0,0,0,0,0,0,7,4,0,0,0,0,0,0,0,3,4,0,0,0,0,0,0,0,5,0,0,0,0,0,0,0,0,4,0,0,0,3,0,0,0,0,6,0,0,0,0,0,0,0,0,3,0,0,0,0,3,0,0,0,12,0,0,0,0,0,0,0,0,6,0,0,7,0,0,0,0,0,8,0,0,0,0,0,0,0,0,3,0,0,6,0,0,0,0,0,8,0,0,0,0,0,4,0,0,12,0,0,3,0,0,0,0,0,3,0,0,0,0,0,0,0,0,3,0,0,0,0,0,0,0,0,0,15,5,19,18,6,5,0,0,82
SAL22066,8,0,0,0,0,0,0,0,7,0,0,0,0,0,0,0,0,0,0,0,0,0,0,0,0,0,6,5,0,0,0,0,0,0,0,8,0,0,0,0,0,0,0,0,0,0,0,3,0,0,0,0,0,10,0,4,0,0,0,0,0,0,3,0,0,0,4,0,0,0,0,5,0,3,3,10,0,0,0,0,13,0,0,5,8,0,0,0,0,15,0,0,4,0,5,0,0,0,9,0,0,0,0,0,0,0,0,10,0,0,4,0,0,0,0,0,5,0,0,0,0,0,0,0,0,0,0,0,0,0,0,0,0,0,5,21,10,25,17,7,0,5,7,86
SAL22067,0,0,0,0,0,0,0,0,0,0,0,0,0,0,0,0,0,0,0,0,0,0,0,0,0,0,0,0,0,0,0,0,0,0,0,0,0,0,0,0,0,0,0,0,0,0,0,0,0,0,0,0,0,0,0,0,0,0,0,0,0,0,0,0,0,0,0,0,0,0,0,0,0,0,0,0,0,0,0,0,0,4,0,0,0,0,0,0,0,4,0,0,0,0,0,0,0,0,0,0,0,0,0,0,0,0,0,0,0,0,0,0,0,0,0,0,0,0,0,0,0,0,0,0,0,0,0,0,0,0,0,0,0,0,0,4,0,0,0,0,0,0,0,6
SAL22068,0,0,0,0,0,0,0,0,0,4,0,0,0,0,0,0,0,4,0,0,0,0,0,0,0,0,0,0,0,0,0,0,0,0,0,0,0,0,0,0,0,0,0,0,5,0,0,0,0,0,0,0,0,0,0,0,0,0,0,0,0,0,0,0,0,0,0,0,0,0,0,0,0,0,0,0,0,0,0,3,5,0,0,0,0,0,0,0,0,0,0,0,0,0,0,0,0,0,0,0,0,3,0,0,0,0,0,3,0,0,0,0,0,0,0,0,0,0,0,0,0,0,0,0,0,0,0,0,0,0,0,0,0,0,0,7,0,4,4,0,0,0,6,21
SAL22069,0,0,0,0,0,0,0,0,0,0,0,0,0,0,0,0,0,0,0,0,0,0,0,0,0,0,0,0,0,0,0,0,0,0,0,0,0,0,0,0,0,0,0,0,0,0,0,0,0,0,0,0,0,0,0,0,0,0,0,0,0,0,0,0,0,0,0,0,0,0,0,0,0,0,0,0,0,0,0,0,0,0,0,0,0,0,0,0,0,0,0,0,0,0,0,0,0,0,0,0,0,0,0,0,0,0,0,0,0,0,0,0,0,0,0,0,0,0,0,0,0,0,0,0,0,0,0,0,0,0,0,0,0,0,0,3,0,0,0,0,0,0,0,3
SAL22070,0,0,0,0,0,0,0,0,0,0,0,0,0,0,0,0,0,0,0,0,0,0,0,0,0,0,0,0,0,0,0,0,0,0,0,3,0,0,0,0,0,0,0,0,0,0,0,0,0,0,0,0,0,0,0,0,0,0,0,0,0,0,0,0,0,0,0,0,0,0,0,0,0,0,0,0,0,0,0,0,0,0,0,0,0,0,0,0,0,0,0,0,0,0,0,0,0,0,0,0,0,0,0,0,0,0,0,0,0,0,0,0,0,0,0,0,3,0,0,0,0,0,0,0,0,0,0,0,0,0,0,0,0,0,0,0,0,3,4,0,0,0,0,13
SAL22071,0,0,0,0,0,0,0,0,0,0,0,0,0,0,0,0,0,0,0,0,0,0,0,0,0,0,0,0,0,0,0,0,0,0,0,0,0,0,0,0,0,0,0,0,0,0,0,0,0,0,0,0,0,0,0,0,0,0,0,0,0,0,0,0,0,0,0,0,0,0,0,0,0,0,0,0,0,0,0,0,0,0,0,0,0,0,0,0,0,0,0,0,0,0,0,0,0,0,0,0,0,0,0,0,0,0,0,0,0,0,0,0,0,0,0,0,0,0,0,0,0,0,0,0,0,0,0,0,0,0,0,0,0,0,0,3,0,0,0,3,0,0,0,10
SAL22072,9,0,0,0,0,0,0,0,9,6,0,0,0,0,0,0,0,6,6,0,0,0,0,0,0,0,9,0,0,0,0,0,0,0,0,5,0,0,0,0,0,0,0,0,5,0,0,0,3,0,0,0,0,7,0,0,0,0,0,0,0,0,4,0,0,0,0,0,0,0,0,3,0,0,0,4,4,0,0,0,10,0,0,5,0,7,0,0,0,8,0,0,0,5,0,0,0,4,9,0,0,0,0,0,0,0,0,5,0,0,0,0,0,0,0,0,0,0,0,0,0,0,0,0,0,3,0,0,0,0,0,0,0,0,0,19,5,18,14,11,5,0,4,79
SAL22073,0,0,0,0,0,0,0,0,0,0,0,0,0,0,0,0,0,0,0,0,0,0,0,0,0,0,0,0,0,0,0,0,0,0,0,0,3,0,0,0,0,0,0,0,3,0,0,0,0,0,0,0,0,6,0,0,0,0,0,0,0,0,0,0,0,0,0,0,0,0,0,4,0,0,0,0,0,0,0,0,3,0,0,0,0,0,0,0,0,3,0,0,0,0,0,0,0,0,0,0,0,0,0,0,0,0,0,0,0,0,0,0,0,0,0,0,5,0,0,0,0,0,0,0,0,0,0,0,0,0,0,0,0,0,0,3,0,0,3,0,0,0,9,21
SAL22074,4,0,0,0,0,0,0,0,4,8,0,0,0,0,0,0,0,7,0,0,4,0,0,0,0,0,4,7,5,0,0,0,0,0,0,11,3,0,0,0,0,0,0,0,14,0,0,3,0,3,0,0,0,7,0,0,4,0,0,0,0,0,4,0,0,3,6,3,0,0,0,14,0,0,3,0,0,0,0,0,10,0,0,4,3,0,0,0,0,12,0,0,0,0,0,0,0,0,3,0,0,0,0,0,0,0,3,4,0,0,3,0,0,0,0,0,4,0,0,0,0,0,0,0,0,0,0,0,0,0,0,0,0,0,0,25,7,25,14,11,0,4,9,91
SAL22075,0,0,0,0,0,0,0,0,0,0,0,0,0,0,0,0,0,0,0,0,0,0,0,0,0,0,0,0,0,0,0,0,0,0,0,0,0,0,0,0,0,0,0,0,0,0,0,0,0,0,0,0,0,0,0,0,0,0,0,0,0,0,0,0,0,0,0,0,0,0,0,0,0,0,0,0,0,0,0,0,4,0,0,0,0,0,0,0,0,0,0,0,0,0,0,0,0,0,4,0,0,0,0,0,0,0,0,0,0,0,0,0,0,0,0,0,0,0,0,0,0,0,0,0,0,0,0,0,0,0,0,0,0,0,0,4,0,3,0,0,0,0,0,12
SAL22076,0,0,0,0,0,0,0,0,0,0,0,0,0,0,0,0,0,0,0,0,0,0,0,0,0,0,0,0,0,0,0,0,0,0,0,0,0,0,0,0,0,0,0,0,0,0,0,0,0,0,0,0,0,0,0,0,0,0,0,0,0,0,0,0,0,0,0,0,0,0,0,0,0,0,0,0,0,0,0,0,0,0,0,0,0,0,0,0,0,0,0,0,0,0,0,0,0,0,0,0,0,0,0,0,0,0,0,0,0,0,0,0,0,0,0,0,0,0,0,0,0,0,0,0,0,0,0,0,0,0,0,0,0,0,0,0,0,0,0,0,0,0,0,0
SAL22077,5,0,0,0,0,0,0,0,12,0,0,0,0,0,0,0,0,6,10,3,8,0,0,0,0,0,21,5,0,0,0,0,0,0,0,13,3,4,5,0,0,0,0,0,15,0,6,4,0,0,0,0,0,10,0,0,0,0,0,0,0,0,6,0,0,3,0,4,0,0,0,12,0,0,3,6,0,0,0,4,14,0,0,6,0,0,0,0,0,14,0,0,3,5,0,0,0,0,5,0,0,5,4,0,0,0,0,8,0,3,9,5,0,0,0,0,16,0,0,0,0,0,0,0,0,4,0,0,0,0,0,0,0,0,3,33,20,45,25,4,4,4,15,153
SAL22078,9,0,0,0,0,0,0,0,9,0,0,0,0,0,0,0,0,6,5,0,0,0,0,0,0,0,5,0,0,0,0,0,0,0,0,3,0,0,3,4,0,0,0,0,6,0,0,0,5,0,0,0,0,5,0,0,4,0,0,0,0,0,3,5,0,0,0,0,0,0,0,4,0,5,3,4,0,0,0,0,10,0,0,0,0,0,0,0,0,3,3,0,0,0,0,0,0,0,4,0,0,0,0,0,0,0,0,4,0,0,0,0,0,0,0,0,6,0,0,0,0,0,0,0,0,0,0,0,0,0,0,0,0,0,0,20,6,18,11,3,3,0,0,70
SAL22079,0,0,0,0,0,0,0,0,0,0,0,0,0,0,0,0,0,0,0,0,0,0,0,0,0,0,0,0,0,0,0,0,0,0,0,0,0,0,0,0,0,0,0,0,0,0,0,0,0,0,0,0,0,0,0,0,0,0,0,0,0,0,3,0,0,0,0,0,0,0,0,0,0,0,0,0,0,0,0,0,0,0,0,0,0,0,0,0,0,0,0,0,0,0,0,0,0,0,0,0,0,0,0,0,0,0,0,0,0,0,0,0,0,0,0,0,0,0,0,0,0,0,0,0,0,0,0,0,0,0,0,0,0,0,0,0,0,0,4,0,0,0,0,7
SAL22080,0,0,0,0,0,0,0,0,0,0,0,0,0,0,0,0,0,0,0,0,0,0,0,0,0,0,0,0,0,0,0,0,0,0,0,0,0,0,3,0,0,0,0,0,7,0,0,0,0,0,0,0,0,0,0,0,0,0,0,0,0,0,0,0,0,0,0,0,0,0,0,4,0,0,0,0,0,0,0,0,0,0,0,0,0,0,0,0,0,3,0,0,3,0,0,0,0,0,0,0,0,3,0,0,0,0,0,5,0,0,0,0,0,0,0,0,0,0,0,0,0,0,0,0,0,0,0,0,0,0,0,0,0,0,0,0,0,14,7,0,0,0,0,29
SAL22081,7,0,0,0,0,0,0,0,7,0,0,0,0,0,0,0,0,0,0,0,0,0,0,0,0,0,0,0,0,0,0,0,0,0,0,3,4,0,0,0,0,0,0,0,7,0,0,0,0,0,0,0,0,3,0,0,6,0,0,0,0,0,4,0,0,3,0,0,0,0,0,5,0,0,0,0,0,0,0,0,10,4,0,0,0,3,0,0,0,4,0,0,5,0,0,0,0,0,5,0,0,0,0,0,0,0,0,5,0,0,0,0,0,0,0,0,3,0,0,0,0,0,0,0,0,0,0,0,0,0,0,0,0,0,0,12,4,19,5,0,4,0,8,57
SAL22082,0,0,0,0,0,0,0,0,0,0,0,0,0,0,0,0,0,3,0,0,0,0,0,0,0,0,0,0,0,0,0,0,0,0,0,0,0,0,0,0,0,0,0,0,0,0,0,0,0,0,0,0,0,0,0,0,0,0,0,0,0,0,0,0,0,0,0,0,0,0,0,0,0,0,0,0,0,0,0,0,0,0,0,0,0,0,0,0,0,0,0,0,0,0,0,0,0,0,0,0,0,0,0,0,0,0,0,0,0,0,0,0,0,0,0,0,0,0,0,0,0,0,0,0,0,0,0,0,0,0,0,0,0,0,0,0,0,0,0,0,0,0,0,5
SAL22083,0,0,0,0,0,0,0,0,0,0,0,0,0,0,0,0,0,0,0,0,0,0,0,0,0,0,0,0,0,0,0,0,0,0,0,0,0,0,0,0,0,0,0,0,0,0,0,0,0,0,0,0,0,0,0,0,0,0,0,0,0,0,0,0,0,0,0,0,0,0,0,0,0,0,0,0,0,0,0,0,0,0,0,0,0,0,0,0,0,0,0,0,0,0,0,0,0,0,0,0,0,0,0,0,0,0,0,4,0,0,0,0,0,0,0,0,0,0,0,0,0,0,0,0,0,0,0,0,0,0,0,0,0,0,0,3,0,0,0,0,0,0,0,7
SAL22084,101,0,0,0,0,0,0,4,104,102,0,0,0,0,0,0,10,106,40,0,0,0,0,0,0,5,52,13,3,13,6,0,0,0,0,35,4,12,14,17,5,0,0,3,53,6,8,39,17,3,0,0,0,82,5,13,51,35,6,0,0,3,108,9,5,62,35,4,0,0,0,123,11,7,58,31,8,0,0,5,111,5,5,33,22,3,7,3,4,74,0,6,20,18,4,5,0,3,58,3,3,16,19,9,0,0,3,54,0,3,10,5,8,3,0,0,35,0,0,4,7,3,4,3,0,22,3,4,26,13,4,11,3,0,74,310,81,348,213,59,19,19,41,1096
SAL22085,3,0,0,0,0,0,0,0,0,0,0,0,0,0,0,0,0,0,0,0,0,0,0,0,0,0,4,0,0,0,0,0,0,0,0,0,0,0,0,0,0,0,0,0,0,0,0,0,3,0,0,0,0,5,0,0,0,0,0,0,0,0,3,0,0,4,0,0,0,0,0,0,0,0,0,0,0,0,0,0,0,0,0,0,0,0,0,0,0,0,0,0,0,0,0,0,0,0,0,0,0,0,0,0,0,0,0,0,0,0,0,0,0,0,0,0,0,0,0,0,0,0,0,0,0,0,0,0,0,0,0,0,0,0,0,10,4,5,5,0,0,0,3,30
SAL22086,1684,4,0,0,0,0,0,142,1829,1444,66,28,3,0,0,0,122,1668,1224,292,174,44,19,0,4,149,1904,992,1002,773,151,35,22,10,148,3125,557,1134,1889,374,80,30,16,170,4254,320,608,1565,435,116,39,33,134,3253,285,425,988,403,122,38,39,84,2391,207,314,702,303,109,32,32,80,1777,104,234,514,207,69,19,11,56,1210,64,231,354,176,54,17,16,40,951,61,206,320,165,43,16,10,29,849,22,94,245,135,47,18,13,24,598,14,50,125,85,33,12,6,17,352,7,21,55,56,21,11,12,17,197,7,19,31,28,12,13,22,11,131,7002,4703,7765,2562,762,268,221,1220,24489
SAL22087,4,0,0,0,0,0,0,0,4,0,0,0,0,0,0,0,0,0,5,0,0,0,0,0,0,3,3,0,0,0,0,0,0,0,0,3,0,0,0,0,0,0,0,0,4,0,0,0,0,0,0,0,0,0,0,0,7,0,0,0,0,0,7,0,0,3,4,0,0,0,0,6,0,0,4,0,0,0,0,0,4,0,0,4,5,0,0,0,0,11,0,0,5,3,0,0,0,0,12,0,0,0,8,0,0,0,0,5,0,0,0,0,0,0,0,0,3,0,0,0,0,0,0,0,0,4,0,0,0,0,0,0,0,0,0,13,7,28,18,0,0,3,8,73
SAL22088,63,0,0,0,0,0,0,0,67,51,4,0,0,0,0,0,4,59,35,3,0,0,0,0,0,0,40,26,16,10,9,0,0,0,0,58,9,11,35,11,3,0,0,5,72,9,18,38,10,0,0,0,9,91,17,5,43,21,10,0,0,3,97,24,14,29,23,4,0,0,5,104,24,19,49,31,6,0,0,10,141,34,11,61,40,19,4,0,13,188,31,19,78,64,28,3,0,18,238,17,18,74,61,9,4,3,11,205,12,10,62,52,25,0,4,13,178,3,5,31,31,22,7,5,13,122,11,7,27,42,19,10,11,4,135,365,155,538,407,152,34,25,127,1801
SAL22089,0,0,0,0,0,0,0,0,0,0,0,0,0,0,0,0,0,0,0,0,0,0,0,0,0,0,0,0,0,0,0,0,0,0,0,0,0,0,0,0,0,0,0,0,0,0,0,0,0,0,0,0,0,0,0,0,0,0,0,0,0,0,0,0,0,0,0,0,0,0,0,0,0,0,0,0,0,0,0,0,0,0,0,0,0,0,0,0,0,0,0,0,0,0,0,0,0,0,0,0,0,0,0,0,0,0,0,0,0,0,0,0,0,0,0,0,0,0,0,0,0,0,0,0,0,0,0,0,0,0,0,0,0,0,0,0,0,0,0,0,0,0,0,0
SAL22090,0,0,0,0,0,0,0,0,0,0,0,0,0,0,0,0,0,0,0,0,0,0,0,0,0,0,0,0,0,0,0,0,0,0,0,0,0,0,0,0,0,0,0,0,0,0,0,0,0,0,0,0,0,0,0,0,0,0,0,0,0,0,0,0,0,0,0,0,0,0,0,0,0,0,0,0,0,0,0,0,0,0,0,0,0,0,0,0,0,0,0,0,0,0,0,0,0,0,0,0,0,0,0,0,0,0,0,0,0,0,0,0,0,0,0,0,0,0,0,0,0,0,0,0,0,0,0,0,0,0,0,0,0,0,0,0,0,0,0,0,0,0,0,0
SAL22091,0,0,0,0,0,0,0,0,0,0,0,0,0,0,0,0,0,0,0,0,0,0,0,0,0,0,0,0,0,0,0,0,0,0,0,0,3,0,0,0,0,0,0,0,7,0,0,0,0,0,0,0,0,4,0,0,0,0,0,0,0,0,0,0,0,0,0,0,0,0,0,0,0,0,0,0,0,0,0,0,0,0,0,0,0,0,0,0,0,0,0,0,0,0,0,0,0,0,3,0,0,0,0,0,0,0,0,0,0,0,0,0,0,0,0,0,3,0,0,0,0,0,0,0,0,0,0,0,0,0,0,0,0,0,0,8,4,3,4,4,0,0,3,27
SAL22092,0,0,0,0,0,0,0,0,0,0,0,0,0,0,0,0,0,0,0,0,0,0,0,0,0,0,3,0,0,0,0,0,0,0,0,0,0,0,0,0,0,0,0,0,3,0,0,0,0,0,0,0,0,0,0,0,0,0,0,0,0,0,0,0,0,0,0,0,0,0,0,0,0,0,0,0,0,0,0,0,0,0,0,0,0,0,0,0,0,0,0,0,0,0,0,0,0,0,0,0,0,0,0,0,0,0,0,0,0,0,0,0,0,0,0,0,0,0,0,0,0,0,0,0,0,0,0,0,0,0,0,0,0,0,0,0,0,8,3,0,0,0,0,15
SAL22093,0,0,0,0,0,0,0,0,0,0,0,0,0,0,0,0,0,0,0,0,0,0,0,0,0,0,0,3,0,0,0,0,0,0,0,3,0,0,0,0,0,0,0,0,0,0,0,0,0,0,0,0,0,0,0,0,0,0,0,0,0,0,0,0,0,0,0,0,0,0,0,4,0,0,0,0,0,0,0,0,0,0,0,0,0,0,0,0,0,0,0,0,0,0,0,0,0,0,4,0,0,0,0,0,0,0,0,0,0,0,0,0,0,0,0,0,0,0,0,0,0,0,0,0,0,0,0,0,0,0,0,0,0,0,0,4,3,3,0,0,4,0,0,20
SAL22094,7,0,0,0,0,0,0,0,7,8,0,0,0,0,0,0,0,8,7,0,0,0,0,0,0,0,3,9,0,3,0,0,0,0,0,15,3,0,0,0,0,0,0,0,9,9,3,6,3,0,0,0,0,13,0,0,8,4,0,0,0,0,13,0,0,4,6,0,0,0,0,15,6,0,3,4,0,0,0,0,18,3,0,6,5,0,0,0,0,13,0,0,6,9,0,3,0,0,18,0,0,6,0,0,0,0,0,14,0,0,0,0,3,0,0,0,3,0,0,0,0,0,0,0,0,6,0,0,0,0,0,0,0,0,3,51,14,46,21,4,6,0,4,151
SAL22095,0,0,0,0,0,0,0,0,0,0,0,0,0,0,0,0,0,0,0,0,0,0,0,0,0,0,3,0,0,0,0,0,0,0,0,0,0,0,0,0,0,0,0,0,0,0,0,0,0,0,0,0,0,0,0,0,0,0,0,0,0,0,0,0,0,0,0,0,0,0,0,0,0,0,0,0,0,0,0,0,0,0,0,0,0,0,0,0,0,0,0,0,0,0,0,0,0,0,0,0,0,0,0,0,0,0,0,0,0,0,0,0,0,0,0,0,0,0,0,0,0,0,0,0,0,0,0,0,0,0,0,0,0,0,0,4,0,0,0,0,0,0,0,13
SAL22096,0,0,0,0,0,0,0,0,0,3,0,0,0,0,0,0,0,3,0,0,0,0,0,0,0,0,0,0,0,0,0,0,0,0,0,0,0,0,0,0,0,0,0,0,5,0,0,0,0,0,0,0,0,0,0,0,0,0,0,0,0,0,0,0,0,0,0,0,0,0,0,0,0,0,7,0,0,0,0,0,7,0,0,0,0,0,0,0,0,0,0,0,0,0,0,0,0,0,0,0,0,0,0,0,0,0,0,3,0,0,0,0,0,0,0,0,0,0,0,0,0,0,0,0,0,0,0,0,0,0,0,0,0,0,0,6,0,7,3,0,0,0,0,11
SAL22097,0,0,0,0,0,0,0,0,0,0,0,0,0,0,0,0,0,0,0,0,0,0,0,0,0,0,5,0,0,0,0,0,0,0,0,0,0,0,0,0,0,0,0,0,0,0,0,0,0,0,0,0,0,7,0,0,0,0,0,0,0,0,0,0,0,5,0,0,0,0,0,8,0,0,0,0,0,0,0,0,0,0,0,0,0,0,0,0,0,3,0,0,0,0,0,0,0,0,0,0,0,0,0,0,0,0,0,5,0,0,0,0,0,0,0,0,4,0,0,0,0,0,0,0,0,0,0,0,0,0,0,0,0,0,0,8,7,7,4,4,0,0,6,27
SAL22098,21,0,0,0,0,0,0,0,25,4,0,0,0,0,0,0,3,14,9,3,0,0,0,0,0,0,19,9,4,7,3,0,0,0,0,30,0,9,8,9,0,0,0,5,23,5,0,3,0,0,0,0,4,13,3,0,5,3,0,3,0,0,16,5,0,9,8,0,0,0,0,25,8,4,8,7,3,0,0,0,31,3,6,4,10,3,0,0,3,34,3,0,7,6,4,4,0,0,29,4,0,4,3,0,0,0,4,20,0,0,4,0,0,3,0,0,12,0,0,0,3,0,5,0,0,7,0,0,0,3,0,0,0,0,0,76,33,69,62,23,9,4,24,296
SAL22099,6,0,0,0,0,0,0,0,6,0,0,0,0,0,0,0,0,0,0,0,0,0,0,0,0,0,3,0,0,0,3,0,0,0,0,6,0,0,0,0,0,0,0,0,0,0,0,0,0,0,0,0,0,5,0,0,0,0,0,0,0,0,0,0,0,3,0,0,0,0,0,6,0,0,0,0,0,0,0,0,0,0,0,6,0,0,0,0,0,8,0,0,0,0,0,0,0,0,0,0,0,0,0,0,0,0,0,0,3,0,0,0,0,0,0,0,5,0,0,0,0,0,0,0,0,0,0,0,0,0,0,0,0,0,4,11,3,10,13,0,0,0,3,34
SAL22100,3,0,0,0,0,0,0,0,3,9,0,0,0,0,0,0,0,9,4,0,0,0,0,0,0,0,3,0,0,5,0,0,0,0,0,5,0,0,0,0,0,0,0,0,5,0,0,0,4,0,0,0,0,8,0,0,4,0,0,0,0,0,5,0,0,3,4,0,0,0,0,5,0,0,0,4,4,0,0,0,9,0,0,0,3,0,0,0,0,7,0,0,0,0,0,0,0,0,3,0,0,0,3,0,0,0,0,3,0,0,0,0,0,0,0,0,6,0,0,0,0,0,0,0,0,0,0,0,0,0,0,0,0,0,0,17,10,15,20,4,4,0,5,77
SAL22101,4,0,0,0,0,0,0,0,4,0,0,0,0,0,0,0,0,0,3,0,0,0,0,0,0,0,4,3,0,0,0,0,0,0,0,0,5,0,0,0,0,0,0,0,4,3,0,0,3,0,0,0,0,4,3,0,0,0,0,0,0,0,6,0,0,0,0,0,0,0,0,9,0,0,0,3,0,0,0,0,7,0,0,7,0,0,0,0,0,7,4,0,5,0,0,0,0,0,11,0,3,0,0,0,0,0,0,9,0,0,0,0,0,0,0,0,0,0,0,0,0,0,0,0,0,0,0,0,0,0,0,0,3,0,3,28,5,17,9,3,0,0,3,73
SAL22102,27,0,0,0,0,0,0,9,35,13,0,0,0,0,0,0,0,11,16,0,0,0,0,0,0,0,20,12,6,10,0,0,0,0,0,31,10,6,16,3,0,0,0,5,31,9,4,15,10,0,0,0,0,34,12,3,19,9,0,0,0,3,44,7,6,12,14,0,0,0,0,40,8,9,8,10,0,0,0,0,41,9,8,9,9,0,4,0,0,34,3,0,14,5,0,0,0,3,36,3,0,13,7,8,0,0,0,37,4,0,6,10,6,0,0,0,25,3,0,11,0,0,0,0,0,14,0,5,0,4,4,0,0,0,8,129,48,137,78,21,3,0,19,445
SAL22103,4,0,0,0,0,0,0,0,8,6,0,0,0,0,0,0,0,7,3,4,0,0,0,0,0,0,7,0,5,0,0,0,0,0,0,8,5,3,4,0,0,0,0,3,14,0,0,0,0,0,0,0,0,3,0,0,0,0,0,0,0,0,7,6,0,3,3,0,0,0,0,18,0,0,4,4,0,0,0,0,14,0,0,8,3,0,0,0,0,14,0,4,13,4,3,0,0,0,25,3,5,3,3,4,0,0,0,21,0,0,7,0,0,0,0,0,13,0,0,0,0,0,0,0,3,4,0,0,0,0,0,0,0,0,0,35,18,44,25,10,0,3,29,171
SAL22104,8,0,0,0,0,0,0,0,8,6,0,0,0,0,0,0,0,9,7,5,4,0,0,0,0,0,15,4,0,4,0,0,0,0,0,13,8,4,4,4,3,0,0,0,17,0,0,4,5,0,0,0,0,8,0,0,7,5,3,0,0,0,11,4,0,9,0,0,0,0,0,15,0,0,5,3,0,4,0,0,14,0,0,3,10,0,0,0,0,22,0,0,3,6,6,0,0,3,20,0,0,3,3,0,0,0,0,6,0,0,0,0,0,0,0,0,5,0,0,0,0,0,0,0,0,4,0,0,0,0,0,3,0,4,8,48,8,47,28,17,8,3,9,166
SAL22105,77,0,0,0,0,0,0,8,89,43,4,0,0,0,0,0,4,51,47,6,3,0,0,0,0,8,64,34,14,28,11,3,0,0,9,94,24,9,38,17,5,0,0,5,107,9,7,36,37,5,0,0,4,99,15,12,36,26,4,8,0,6,111,20,11,40,22,11,0,0,9,112,24,13,43,27,14,0,0,10,140,20,11,47,43,19,7,0,7,153,26,12,53,44,20,7,7,15,183,20,12,60,45,23,8,4,17,173,8,4,30,35,22,0,3,9,116,3,3,20,19,19,0,3,9,80,5,6,16,19,17,7,10,25,104,372,133,454,351,157,40,25,144,1674
SAL22106,0,0,0,0,0,0,0,0,0,0,4,0,0,0,0,0,0,3,0,0,0,0,0,0,0,0,5,0,0,5,0,0,0,0,0,11,0,0,5,0,0,0,0,0,5,0,0,0,0,0,0,0,0,0,0,0,0,0,0,0,0,0,0,0,0,3,0,0,0,0,0,5,4,0,0,0,0,0,0,0,12,0,0,0,0,4,0,0,0,13,0,0,0,0,0,0,0,0,0,0,0,7,0,0,0,0,0,6,0,0,3,0,0,0,0,0,3,0,0,0,0,0,0,0,0,4,0,0,0,0,0,0,0,0,0,12,7,23,16,9,0,0,6,66
SAL22107,288,0,0,0,0,0,0,25,318,316,0,0,0,0,0,0,44,363,536,18,6,3,0,0,0,72,630,566,106,49,9,0,0,0,58,785,441,156,152,49,7,4,4,60,867,314,138,226,55,10,0,0,55,807,309,135,214,62,27,0,0,38,785,229,119,224,83,15,0,3,53,728,194,86,192,70,18,0,0,46,608,153,77,182,77,19,6,0,37,553,88,56,173,81,20,0,6,36,459,79,53,168,78,32,12,0,28,439,23,37,119,65,27,5,6,27,307,12,20,59,49,21,6,4,14,193,5,11,38,41,19,7,0,8,130,3547,1007,1804,718,222,42,25,610,7972
SAL22108,0,0,0,0,0,0,0,0,3,0,0,0,0,0,0,0,0,0,3,0,0,0,0,0,0,0,3,0,0,0,0,0,0,0,0,3,0,0,0,0,0,0,0,0,0,0,0,0,0,0,0,0,0,6,3,0,0,0,0,0,0,0,3,0,0,0,0,0,0,0,0,7,5,0,4,0,0,0,0,0,14,0,0,0,4,3,0,0,3,16,0,3,5,3,0,0,0,0,14,0,0,4,4,3,0,0,0,14,0,0,3,5,0,0,0,0,8,0,0,0,4,0,0,0,0,7,0,0,0,0,0,0,0,0,0,19,6,18,25,14,5,0,19,101
SAL22109,70,0,0,0,0,0,0,10,79,44,0,0,0,0,0,0,5,52,29,3,0,3,0,0,0,5,39,31,7,11,5,0,0,0,5,65,20,16,22,13,5,5,0,7,89,27,8,23,12,5,0,0,3,86,21,7,36,13,3,3,0,3,90,29,16,46,21,11,4,0,9,140,45,15,64,36,14,0,3,10,186,39,31,87,53,18,3,0,19,247,39,44,94,76,31,0,5,19,307,33,23,90,62,30,4,3,25,262,17,9,72,49,23,3,8,26,216,7,12,23,27,25,3,3,25,122,3,7,8,25,9,9,6,52,115,455,201,571,400,173,40,27,231,2102
SAL22110,233,5,0,0,0,0,0,25,263,169,28,8,5,0,0,0,23,221,142,40,37,20,3,0,0,17,266,68,57,69,15,7,8,5,23,248,55,36,94,48,18,9,3,33,293,41,43,100,53,18,8,3,19,284,48,40,132,77,19,12,0,13,349,41,32,125,57,27,7,7,9,307,51,46,136,71,34,16,0,17,375,47,38,145,109,31,11,8,29,421,34,38,141,109,48,11,10,23,407,27,28,109,76,31,11,6,14,304,11,7,63,57,37,7,10,26,227,9,11,41,42,33,9,14,22,178,5,12,51,46,40,23,20,21,211,976,463,1250,783,353,126,85,315,4343
SAL22111,18,0,0,0,0,0,0,0,23,6,6,0,0,0,0,0,0,15,8,0,3,0,0,0,0,0,18,5,8,11,3,0,0,0,0,22,0,0,3,5,0,0,0,0,12,5,3,13,5,0,0,0,0,26,0,0,7,0,3,0,0,0,22,0,11,7,8,3,0,0,0,22,0,0,10,4,7,0,0,0,28,0,0,8,5,8,0,0,0,21,0,0,21,9,0,0,0,0,31,3,4,4,12,4,0,0,0,23,0,0,0,4,3,5,0,0,7,0,0,3,0,0,0,0,0,9,0,0,4,0,0,0,0,0,5,53,38,96,48,25,3,3,10,286
SAL22112,12,0,0,0,0,0,0,4,16,8,0,0,0,0,0,0,0,8,4,0,0,0,0,0,0,0,6,0,3,4,3,0,0,0,0,13,3,3,7,4,0,0,0,0,16,0,0,10,4,0,0,0,0,19,5,3,9,4,0,0,0,4,24,7,3,18,9,5,0,0,0,34,4,0,12,6,0,0,0,0,28,0,4,9,5,4,0,0,0,23,3,5,8,7,4,0,0,0,25,0,0,10,9,9,0,0,0,28,0,0,0,3,0,0,0,0,4,0,0,3,4,0,0,0,0,8,0,0,0,0,3,0,0,0,5,51,24,90,46,24,4,0,13,253
SAL22113,4,0,0,0,0,0,0,0,7,4,0,0,0,0,0,0,0,12,4,0,0,0,0,0,0,0,11,3,0,0,0,0,0,0,0,3,4,0,0,0,0,0,0,0,9,0,0,0,0,0,0,0,0,3,0,0,4,3,0,0,0,0,4,0,0,11,4,0,0,0,0,17,8,0,12,11,3,0,0,3,33,7,3,18,21,3,0,0,5,49,6,3,17,12,8,0,0,4,51,8,4,30,26,10,0,0,6,81,7,4,21,13,5,0,0,6,62,0,0,3,8,0,4,0,3,21,0,0,3,0,0,0,0,0,10,63,22,119,101,32,6,3,23,372
SAL22114,3,0,0,0,0,0,0,0,3,0,0,0,0,0,0,0,0,3,0,0,0,0,0,0,0,0,0,0,0,0,0,0,0,0,0,3,0,0,0,0,0,0,0,0,5,0,0,0,0,0,0,0,0,3,0,0,6,0,0,0,0,0,6,0,0,0,3,0,0,0,0,6,3,0,4,0,0,0,0,0,9,5,0,0,0,0,0,0,0,5,0,0,0,4,0,0,0,0,6,0,0,0,0,0,0,0,0,0,0,0,0,0,0,0,0,0,3,0,0,0,0,0,0,0,0,0,0,0,0,0,0,0,0,0,0,12,7,11,7,8,0,0,5,49
SAL22115,7,0,0,0,0,0,0,0,8,5,0,0,0,0,0,0,0,5,0,0,0,0,0,0,0,0,3,0,0,0,0,0,0,0,0,3,0,0,0,0,0,0,0,0,4,0,0,0,0,0,0,0,3,10,0,0,0,3,0,0,0,4,12,0,0,0,0,0,0,0,0,12,0,4,0,0,0,0,0,3,6,0,0,5,0,0,0,0,0,4,0,0,0,3,0,0,0,0,10,0,0,5,0,0,0,0,0,6,0,0,0,4,0,0,0,0,5,0,0,0,0,0,0,0,0,0,0,0,0,0,0,0,0,0,0,23,6,11,14,7,4,8,8,82
SAL22116,0,0,0,0,0,0,0,0,0,0,0,0,0,0,0,0,0,0,0,0,0,0,0,0,0,0,0,0,0,0,0,0,0,0,0,0,0,0,0,0,0,0,0,0,0,0,0,0,0,0,0,0,0,0,0,0,0,0,0,0,0,0,0,0,0,0,0,0,0,0,0,0,0,0,0,0,0,0,0,0,0,0,0,0,0,0,0,0,0,0,0,0,0,0,0,0,0,0,0,0,0,0,0,0,0,0,0,0,0,0,0,0,0,0,0,0,0,0,0,0,0,0,0,0,0,0,0,0,0,0,0,0,0,0,0,0,0,0,0,0,0,0,0,0
SAL22117,0,0,0,0,0,0,0,0,0,0,0,0,0,0,0,0,0,0,0,0,0,0,0,0,0,0,0,0,0,0,0,0,0,0,0,0,0,0,0,0,0,0,0,0,0,0,0,0,0,0,0,0,0,0,0,0,0,0,0,0,0,0,0,0,0,0,0,0,0,0,0,0,0,0,0,0,0,0,0,0,5,0,0,0,0,3,0,0,0,6,0,0,0,0,0,0,0,0,3,0,0,0,0,0,0,0,0,6,0,0,0,0,0,0,0,0,0,0,0,0,0,0,0,0,0,0,0,0,0,0,0,0,0,0,0,4,5,5,0,4,0,0,0,16
SAL22118,143,0,0,0,0,0,0,10,154,496,0,0,0,0,0,0,54,547,906,19,4,0,0,0,0,58,985,762,95,31,3,0,0,0,52,951,396,121,81,17,4,0,0,48,662,204,43,81,20,9,0,0,18,378,145,42,77,25,6,3,0,22,321,125,54,87,38,0,0,0,19,322,95,34,85,27,3,0,0,14,257,77,61,56,40,12,0,3,14,262,72,41,65,29,5,0,0,12,231,49,24,57,40,4,0,0,12,186,28,17,60,20,12,0,0,15,142,10,25,45,36,15,3,0,18,147,4,13,57,31,10,4,5,36,155,3520,582,771,319,76,12,10,404,5700
SAL22119,3,0,0,0,0,0,0,0,3,0,0,0,0,0,0,0,0,0,0,0,0,0,0,0,0,0,0,0,0,0,0,0,0,0,0,0,0,0,0,0,0,0,0,0,0,0,0,0,0,0,0,0,0,0,0,0,0,0,0,0,0,0,0,0,0,0,0,0,0,0,0,0,0,0,0,0,0,0,0,0,0,0,0,0,0,0,0,0,0,0,0,0,0,0,0,0,0,0,0,0,0,0,0,0,0,0,0,0,0,0,0,0,0,0,0,0,0,0,0,0,0,0,0,0,0,0,0,0,0,0,0,0,0,0,0,3,0,5,0,3,0,0,0,14
SAL22120,0,0,0,0,0,0,0,0,0,0,0,0,0,0,0,0,0,0,0,0,0,0,0,0,0,0,0,0,0,0,0,0,0,0,0,0,0,0,0,0,0,0,0,0,0,0,0,0,0,0,0,0,0,0,0,0,0,0,0,0,0,0,0,0,0,5,0,0,0,0,0,3,0,0,0,0,0,0,0,0,0,0,0,0,0,0,0,0,0,3,0,0,0,0,0,0,0,0,0,0,0,0,0,0,0,0,0,0,0,0,0,0,0,0,0,0,0,0,0,0,0,0,0,0,0,0,0,0,0,0,0,0,0,0,0,0,0,8,0,0,0,0,4,6
SAL22121,645,0,0,0,0,0,0,50,699,918,14,6,0,0,0,0,82,1014,1381,62,33,3,0,0,0,132,1615,1273,279,136,37,7,5,0,110,1848,768,342,371,69,16,0,0,77,1645,467,216,446,112,29,6,5,68,1359,355,212,421,146,24,9,11,63,1243,350,185,389,144,41,12,12,53,1182,265,158,335,124,36,20,7,47,987,183,121,280,147,54,14,9,42,841,107,86,210,122,53,17,17,42,664,74,49,193,123,34,20,19,35,547,50,45,157,101,46,23,21,28,461,22,29,132,90,42,21,18,21,369,31,37,124,100,51,30,29,50,450,6882,1830,3233,1328,442,171,151,899,14930
SAL22122,37,0,0,0,0,0,0,3,44,105,0,0,0,0,0,0,10,119,91,0,0,0,0,0,3,7,98,75,10,7,0,0,0,0,8,107,23,12,13,0,0,0,0,11,54,22,11,26,9,0,0,0,0,68,12,6,17,7,7,0,0,6,58,31,13,24,4,6,0,0,9,77,18,10,27,9,0,0,0,4,69,12,3,23,11,0,0,0,0,47,16,7,15,9,3,0,0,5,55,6,4,25,11,6,0,0,6,62,12,4,17,10,0,0,0,0,43,5,4,9,3,0,0,0,4,27,0,0,8,14,3,4,0,6,34,464,93,211,85,25,10,4,73,955
SAL22123,5,0,0,0,0,0,0,0,6,3,0,0,0,0,0,0,0,3,5,3,4,0,0,0,0,0,5,0,4,0,3,0,0,0,3,7,0,0,0,0,0,0,0,0,0,0,0,0,0,0,0,0,0,4,0,0,4,0,0,0,0,0,5,0,0,3,6,5,0,0,0,9,0,0,3,0,0,0,0,0,9,5,0,0,0,0,0,0,0,11,0,0,0,0,0,0,0,0,10,0,0,6,0,0,0,0,0,9,0,0,0,0,0,0,0,0,0,0,0,0,0,0,0,0,0,3,0,0,0,0,0,0,0,0,0,22,9,12,22,6,5,4,9,92
SAL22124,23,0,0,0,0,0,0,8,28,29,7,0,0,0,0,0,8,38,22,3,8,4,0,0,0,3,41,23,22,18,9,0,0,0,3,78,4,14,17,7,6,0,0,0,49,0,0,9,9,4,0,0,0,22,0,3,4,3,0,0,0,0,18,0,0,3,0,3,0,0,0,13,0,0,0,0,0,0,0,0,6,0,0,0,0,0,0,0,0,0,0,0,0,0,0,0,0,0,0,0,0,0,0,0,0,0,0,0,0,0,0,0,0,0,0,0,0,0,0,0,0,0,0,0,0,0,0,0,0,0,0,0,0,0,0,106,45,68,33,12,3,0,20,292
SAL22125,0,0,0,0,0,0,0,0,0,0,0,0,0,0,0,0,0,0,0,0,0,0,0,0,0,0,0,0,0,0,0,0,0,0,0,0,0,0,4,0,0,0,0,0,4,0,0,0,0,0,0,0,0,4,0,0,0,0,0,0,0,0,0,0,0,0,0,0,0,0,0,3,0,0,0,0,0,0,0,0,0,0,0,0,0,0,0,0,0,4,0,0,0,0,0,0,0,0,0,0,0,0,0,0,0,0,0,0,0,0,0,0,0,0,0,0,0,0,0,0,0,0,0,0,0,0,0,0,0,0,0,0,0,0,0,4,0,5,0,0,0,0,4,19
SAL22126,0,0,0,0,0,0,0,0,0,0,0,0,0,0,0,0,0,0,0,0,0,0,0,0,0,0,0,0,0,0,0,0,0,0,0,0,0,0,0,0,0,0,0,0,0,0,0,0,0,0,0,0,0,0,0,0,0,0,0,0,0,0,0,0,0,0,0,0,0,0,0,0,0,0,0,0,0,0,0,0,0,0,0,0,0,0,0,0,0,0,0,0,0,0,0,0,0,0,0,0,0,0,0,0,0,0,0,0,0,0,0,0,0,0,0,0,0,0,0,0,0,0,0,0,0,0,0,0,0,0,0,0,0,0,0,0,0,3,0,0,0,0,0,11
SAL22127,4,0,0,0,0,0,0,0,3,4,3,0,0,0,0,0,0,6,7,0,0,0,0,0,0,0,16,5,0,0,0,0,0,0,0,11,4,4,0,0,0,0,0,0,9,0,6,0,0,0,0,0,0,3,0,0,3,4,0,0,0,0,11,0,0,3,4,0,0,0,0,13,0,0,3,3,0,0,0,0,4,0,4,6,5,0,0,0,0,14,0,0,0,0,0,0,0,0,0,0,3,0,0,0,0,0,0,7,0,0,0,0,0,0,0,0,3,0,0,0,0,0,0,0,0,0,0,0,0,0,0,0,0,0,6,27,21,23,22,9,0,5,7,118
SAL22128,0,0,0,0,0,0,0,0,0,0,0,0,0,0,0,0,0,0,0,0,0,0,0,0,0,0,0,0,0,0,0,0,0,0,0,0,0,0,0,0,0,0,0,0,0,0,0,0,0,0,0,0,0,3,0,0,0,0,0,0,0,0,0,0,0,0,0,0,0,0,0,0,0,0,0,3,0,0,0,0,3,0,0,0,0,0,0,0,0,0,0,0,0,5,0,0,0,0,5,0,0,0,0,0,0,0,0,0,0,0,0,0,0,0,0,0,0,0,0,0,0,0,0,0,0,0,0,0,0,0,0,0,0,0,0,0,0,4,7,0,0,0,0,14
SAL22129,17,0,0,0,0,0,0,4,19,18,3,0,0,0,0,0,0,18,9,10,6,0,0,0,0,0,20,3,0,4,3,0,0,0,4,15,3,3,7,3,5,0,0,5,24,4,4,4,5,5,0,0,0,21,6,4,4,7,0,0,0,0,29,5,4,9,6,6,0,0,0,32,9,0,12,7,0,4,0,0,28,4,3,7,9,0,0,0,5,24,3,0,10,5,0,0,0,3,19,0,5,4,5,0,0,0,0,15,0,0,0,0,0,0,3,0,10,0,0,0,0,4,0,0,9,12,0,0,3,0,4,0,0,0,5,81,33,66,49,22,7,9,34,302
SAL22130,17,0,0,0,0,0,0,4,21,6,0,0,0,0,0,0,0,4,14,6,0,0,0,0,0,0,15,0,0,3,0,3,0,0,3,14,0,3,4,3,0,0,0,3,16,6,3,4,3,0,0,0,3,18,8,0,4,0,5,5,0,4,21,0,3,0,5,7,0,0,0,13,0,0,7,6,5,0,0,0,26,0,0,0,7,3,0,3,5,23,6,3,6,5,3,0,3,0,21,0,0,0,5,3,3,0,0,15,0,0,4,4,0,0,0,0,13,0,0,0,0,5,3,0,0,8,0,0,0,3,0,0,5,5,14,51,20,49,45,31,14,9,33,253
SAL22131,5,0,0,0,0,0,0,4,6,9,0,0,0,0,0,0,3,6,0,0,0,0,0,0,0,0,0,0,0,0,0,0,0,0,0,0,0,0,0,0,0,0,0,0,3,0,0,0,0,0,0,0,0,3,4,0,4,0,0,0,0,0,3,0,0,0,3,4,0,0,0,5,0,0,3,0,0,0,0,0,9,0,0,6,3,0,4,0,3,21,0,0,0,0,0,0,0,4,11,0,0,0,3,7,5,0,0,11,0,0,0,0,0,0,0,0,3,0,0,0,0,3,0,0,0,3,0,0,0,0,3,0,0,0,6,19,3,25,20,12,10,3,16,106
SAL22132,0,0,0,0,0,0,0,0,0,0,0,0,0,0,0,0,0,0,0,0,0,0,0,0,0,0,0,0,0,0,0,0,0,0,0,0,0,0,0,0,0,0,0,0,0,0,0,0,0,0,0,0,0,0,0,0,0,0,0,0,0,0,0,0,0,0,0,0,0,0,0,0,0,0,0,0,0,0,0,0,0,0,0,0,0,0,0,0,0,0,0,0,0,0,0,0,0,0,0,0,0,0,0,0,0,0,0,0,0,0,0,0,0,0,0,0,0,0,0,0,0,0,0,0,0,0,0,0,0,0,0,0,0,0,0,0,0,0,0,0,0,0,0,0
SAL22133,15,0,0,0,0,0,0,0,21,7,0,0,0,0,0,0,0,16,4,0,0,0,0,0,0,0,7,0,6,3,0,0,0,0,0,9,0,7,4,0,0,0,0,0,8,0,0,7,0,0,0,0,0,11,0,0,7,7,4,0,0,0,15,0,0,6,7,0,0,0,0,15,0,0,3,6,0,3,0,0,12,0,0,4,3,0,0,0,0,9,0,0,9,0,0,0,0,0,9,0,0,0,0,4,0,0,0,10,0,0,0,0,0,0,0,4,9,0,0,0,0,0,0,0,0,0,0,0,0,0,0,0,0,0,0,44,15,32,22,17,7,3,13,145
SAL22134,61,0,0,0,0,0,0,0,68,88,4,0,0,0,0,0,4,99,64,9,6,0,0,0,0,3,81,22,27,9,7,0,0,0,6,74,25,20,20,10,0,0,0,0,79,4,8,28,15,4,0,0,3,66,10,18,35,18,5,0,0,3,92,17,17,30,22,5,0,0,0,92,17,10,29,19,6,0,0,0,84,11,14,33,16,7,0,0,4,81,14,3,27,18,9,3,3,0,68,8,6,24,29,5,0,4,0,61,3,3,3,8,4,5,0,0,27,9,0,5,10,0,3,5,0,26,0,0,3,10,0,0,0,0,23,352,129,238,185,51,12,15,32,1028
SAL22135,15,0,0,0,0,0,0,3,19,19,0,0,0,0,0,0,0,19,16,0,0,0,0,0,0,0,16,7,9,3,0,0,0,0,0,26,11,3,10,3,0,0,0,0,30,7,0,9,7,0,0,0,3,28,7,3,13,4,0,0,0,0,34,5,8,15,11,7,5,0,0,50,16,3,31,14,3,0,0,0,68,12,7,27,26,3,0,0,6,83,21,4,38,21,4,4,0,8,99,8,9,40,31,10,0,0,4,101,3,3,22,16,5,0,0,3,59,7,0,15,10,8,3,6,4,47,0,0,7,12,5,8,6,0,40,158,59,234,145,49,10,7,36,706
SAL22136,6,0,0,0,0,0,0,0,6,3,0,0,0,0,0,0,0,3,0,0,0,0,0,0,0,6,6,0,3,0,0,0,0,0,0,5,0,0,0,0,0,0,0,0,4,0,0,4,4,0,0,0,0,5,4,0,3,6,0,0,0,0,9,0,0,4,0,0,0,0,0,13,0,0,0,0,0,0,0,0,7,4,0,5,4,4,0,0,0,17,0,0,7,0,0,0,0,0,13,0,0,4,0,0,0,0,0,5,0,0,0,0,6,0,0,0,5,0,0,0,0,0,0,0,0,0,0,0,0,0,0,0,0,0,5,16,14,32,15,10,0,0,9,96
SAL22137,10,0,0,0,0,0,0,0,14,0,0,0,0,0,0,0,0,3,3,0,0,0,0,0,0,0,9,8,3,5,0,0,0,0,0,14,0,0,6,11,0,0,0,0,17,4,0,6,6,7,0,0,4,23,0,5,5,5,0,0,0,0,7,6,0,11,6,0,0,0,0,22,0,3,0,5,8,4,0,0,22,4,3,11,8,3,0,0,0,29,4,4,9,10,3,0,0,0,26,0,6,8,8,4,0,0,0,26,4,0,5,9,10,0,0,3,29,0,0,0,0,5,3,0,0,10,0,0,5,3,0,6,0,14,25,52,25,61,75,35,8,4,34,288
SAL22138,0,0,0,0,0,0,0,0,0,0,0,0,0,0,0,0,0,0,0,0,0,0,0,0,0,0,0,0,0,0,0,0,0,0,0,0,0,0,0,0,0,0,0,0,0,0,0,0,0,0,0,0,0,3,0,0,0,0,0,0,0,0,3,0,0,0,0,0,0,0,0,0,0,0,0,0,0,0,0,0,0,0,0,0,0,0,0,0,0,3,0,0,3,4,0,3,0,0,6,0,0,0,0,0,0,0,0,4,0,0,0,0,0,0,0,0,0,0,0,0,0,0,0,0,0,3,0,0,0,0,0,0,0,0,0,0,0,8,6,4,3,0,0,27
SAL22139,3,0,0,0,0,0,0,0,3,0,0,0,0,0,0,0,0,0,0,0,0,0,0,0,0,0,0,0,0,0,0,0,0,0,0,0,0,0,0,0,0,0,0,0,0,0,0,0,0,0,0,0,0,0,0,0,0,0,0,0,0,0,0,0,0,0,0,0,0,0,0,0,0,0,0,0,0,0,0,0,0,0,0,0,0,0,0,0,0,0,0,0,0,0,0,0,0,0,0,0,0,0,0,0,0,0,0,0,0,0,0,0,0,0,0,0,0,0,0,0,0,0,0,0,0,0,0,0,0,0,0,0,0,0,0,0,0,3,0,0,0,0,4,13
SAL22140,4,0,0,0,0,0,0,0,4,0,0,0,0,0,0,0,0,0,0,0,0,0,0,0,0,0,0,0,0,0,0,0,0,0,0,0,0,0,0,0,0,0,0,0,0,0,0,0,0,0,0,0,0,0,0,0,0,0,0,0,0,0,0,0,0,0,0,0,0,0,0,3,0,0,0,0,0,0,0,0,0,0,0,0,0,0,0,0,0,0,0,0,0,0,0,0,0,0,0,0,0,0,0,0,0,0,0,0,0,0,0,0,0,0,0,0,3,0,0,0,0,0,0,0,0,0,0,0,0,0,0,0,0,0,0,5,0,3,3,0,0,0,0,13
SAL22141,0,0,0,0,0,0,0,4,4,0,0,0,0,0,0,0,31,31,0,0,0,0,0,0,0,82,82,0,0,0,0,0,0,0,70,70,0,0,0,0,0,0,0,62,62,0,0,0,0,0,0,0,45,45,0,0,0,0,0,0,0,34,34,0,0,0,0,0,0,0,19,19,0,0,0,0,0,0,0,17,18,0,0,0,0,0,0,0,6,6,0,0,0,0,0,0,0,0,3,0,0,0,0,0,0,0,0,0,0,0,0,0,0,0,0,0,0,0,0,0,0,0,0,0,0,0,0,0,0,0,0,0,0,0,0,0,0,0,0,0,0,0,374,376
SAL22142,16,0,0,0,0,0,0,5,24,0,0,0,0,0,0,0,0,0,5,0,0,0,0,0,0,0,6,3,0,4,0,0,0,0,0,10,0,0,4,0,0,0,0,0,8,0,0,4,3,3,0,0,0,12,0,0,5,3,3,0,0,0,12,0,3,8,10,0,0,0,0,21,3,3,9,3,3,0,0,0,22,0,3,4,3,3,0,0,0,15,0,0,6,9,0,0,0,0,17,0,0,8,5,3,0,0,0,16,0,0,4,3,0,0,0,0,9,0,0,0,0,0,0,0,0,6,0,0,0,0,0,0,0,0,0,43,15,55,42,16,3,0,12,188
SAL22143,0,0,0,0,0,0,0,0,3,0,0,0,0,0,0,0,0,0,0,0,0,0,0,0,0,0,0,0,0,0,0,0,0,0,0,0,0,0,0,0,0,0,0,0,0,0,0,0,0,0,0,0,0,6,0,0,0,0,0,0,0,0,0,0,0,0,0,0,0,0,0,8,0,0,0,0,0,0,0,0,3,0,0,0,0,0,0,0,0,0,0,0,3,0,0,0,0,0,3,0,0,0,0,0,0,0,0,0,0,0,0,0,0,0,0,0,0,0,0,0,0,0,0,0,0,0,0,0,0,0,0,0,0,0,0,8,4,8,9,0,0,0,3,30
SAL22144,7,0,0,0,0,0,0,0,12,6,0,0,0,0,0,0,0,7,6,0,3,0,0,0,0,3,7,0,4,5,0,0,0,0,0,7,0,0,0,0,0,0,0,0,3,0,0,0,0,3,0,0,0,4,3,0,4,3,0,0,0,0,14,0,0,5,0,6,0,0,0,14,0,0,0,0,0,0,0,0,8,0,0,0,4,4,0,0,0,10,5,0,8,0,0,0,0,0,15,0,0,0,0,0,0,0,0,3,0,0,3,5,0,0,0,0,7,0,0,0,0,0,0,0,0,3,0,0,0,0,0,0,0,0,4,33,7,31,17,17,11,8,11,120
SAL22145,4,0,0,0,0,0,0,0,4,6,0,0,0,0,0,0,0,6,4,0,0,0,0,0,0,0,6,0,0,3,0,0,0,0,0,3,0,0,0,0,0,0,0,0,8,3,0,0,0,0,0,0,0,4,4,4,4,0,0,0,0,0,17,5,4,5,3,0,0,0,0,14,4,0,8,4,0,0,0,3,19,8,8,15,4,0,0,0,4,37,8,5,27,6,0,0,0,5,46,11,4,28,11,0,0,0,0,58,4,3,6,6,6,0,0,3,31,8,0,6,9,0,0,0,5,25,0,0,4,6,0,0,0,0,10,69,32,103,43,16,0,0,19,290
SAL22146,13,0,0,0,0,0,0,0,13,9,0,0,0,0,0,0,0,8,3,0,0,0,0,0,0,0,8,0,0,3,0,0,0,0,0,3,0,0,6,3,0,0,0,0,13,0,0,0,3,3,0,0,0,13,0,0,0,5,0,0,0,3,15,0,0,3,0,0,0,0,0,5,0,0,0,7,0,0,0,0,10,0,0,3,3,3,0,0,0,14,0,0,0,4,3,0,0,0,15,0,0,0,3,0,0,0,0,8,0,0,0,0,0,0,0,0,3,0,0,0,0,6,0,0,0,4,0,0,0,0,0,0,0,0,5,32,12,26,28,17,9,3,9,142
SAL22147,137,3,0,0,0,0,0,21,163,110,4,7,0,0,0,0,23,143,78,30,16,16,0,0,0,18,165,40,29,39,24,8,0,0,10,155,25,25,65,30,12,7,0,10,172,16,13,46,33,18,7,0,16,143,10,15,50,29,18,6,10,8,147,9,12,67,50,15,5,10,12,182,14,13,61,33,17,10,7,16,177,13,9,72,51,29,6,5,23,197,13,12,44,41,19,7,4,19,152,9,9,34,32,22,12,0,14,130,3,6,18,23,12,6,0,14,79,4,4,11,12,14,9,0,11,64,0,6,17,15,17,5,13,14,93,491,178,545,370,200,69,55,243,2156
SAL22148,33,0,0,0,0,0,0,0,30,17,0,0,0,0,0,0,0,18,12,0,0,0,0,0,0,0,18,10,0,0,4,0,0,0,0,21,0,6,3,6,0,0,0,0,14,5,0,9,3,0,0,0,0,27,6,8,21,13,0,0,0,0,44,7,8,16,11,3,0,0,0,45,12,0,15,6,5,0,0,0,52,9,4,14,13,0,0,0,7,41,5,0,18,14,0,0,0,4,40,5,3,18,7,0,0,0,3,44,6,0,4,0,0,0,0,0,14,0,0,3,5,0,0,0,0,9,0,0,3,0,0,3,0,0,12,124,33,132,89,20,3,0,21,424
SAL22149,19,0,0,0,0,0,0,3,21,13,0,0,0,0,0,0,0,10,8,0,0,0,0,0,0,0,4,3,0,0,0,0,0,0,0,5,0,0,3,0,5,0,0,0,11,4,5,7,5,0,0,0,0,15,0,3,11,3,0,0,0,0,18,5,0,9,10,0,0,0,0,23,4,4,11,8,5,0,0,5,35,3,0,20,9,0,0,0,4,41,3,0,8,15,4,0,0,3,32,3,0,5,11,0,0,0,6,23,5,0,6,4,0,0,0,3,16,0,0,6,3,0,0,0,0,13,7,7,0,0,0,0,0,0,13,75,19,99,61,19,0,0,37,304
SAL22150,0,0,0,0,0,0,0,5,5,0,0,0,0,0,0,0,0,0,3,0,0,0,0,0,0,0,3,0,0,0,0,0,0,0,0,0,0,0,0,0,0,0,0,0,0,0,0,0,0,0,0,0,3,3,0,0,0,0,0,0,0,0,6,0,3,5,0,0,0,0,0,8,0,0,4,0,0,0,0,0,4,0,0,0,0,0,0,0,4,6,0,3,0,0,0,0,0,0,7,0,0,0,4,0,0,0,0,0,0,0,0,0,0,0,0,0,0,0,0,0,0,0,0,0,0,0,0,0,0,0,0,0,0,0,0,9,10,8,9,6,3,3,12,47
SAL22151,55,0,0,0,0,0,0,8,59,106,12,0,0,0,0,0,12,132,90,30,12,0,0,3,0,16,145,52,14,19,12,0,0,0,9,99,38,20,26,11,5,0,0,9,108,23,18,23,15,0,5,0,11,96,24,21,20,9,3,3,0,9,89,17,11,23,15,5,5,3,10,85,19,12,28,14,10,0,0,3,86,25,11,30,29,5,0,0,7,117,13,7,30,30,14,8,5,8,109,5,12,27,14,13,4,5,9,78,7,5,11,9,11,11,5,6,61,5,0,11,6,4,3,3,9,39,0,0,6,14,8,4,5,4,48,464,169,271,171,76,37,35,130,1351
SAL22152,0,0,0,0,0,0,0,0,0,0,0,0,0,0,0,0,0,0,3,0,0,0,0,0,0,0,3,0,0,0,0,0,0,0,0,0,0,0,0,0,0,0,0,0,0,0,0,0,0,0,0,0,0,0,6,0,0,0,0,0,0,0,5,0,3,3,0,0,0,0,0,12,4,0,3,0,0,0,0,0,3,0,0,4,0,0,0,0,0,5,0,0,3,0,0,0,0,0,0,0,0,4,3,0,0,0,0,9,0,0,3,0,0,0,0,0,4,0,0,0,0,0,0,0,0,4,0,0,0,0,0,0,0,0,0,16,7,18,4,9,0,0,3,46
SAL22153,0,0,0,0,0,0,0,0,0,0,0,0,0,0,0,0,0,0,0,0,0,0,0,0,0,0,0,0,0,0,0,0,0,0,0,0,0,0,0,0,0,0,0,0,0,0,0,0,0,0,0,0,0,0,0,0,0,0,0,0,0,0,3,0,0,0,0,0,0,0,0,0,0,0,0,0,0,0,0,0,5,3,0,0,0,0,0,0,0,6,0,0,0,0,0,0,0,0,3,0,0,0,0,0,0,0,0,0,0,0,0,0,0,0,0,0,0,0,0,0,0,0,0,0,0,0,0,0,0,0,0,0,0,0,0,3,7,5,4,0,0,0,0,24
SAL22154,6,0,0,0,0,0,0,0,4,5,0,0,0,0,0,0,0,6,8,0,0,0,0,0,0,0,11,5,0,0,0,0,0,0,0,4,0,4,0,0,0,0,0,0,3,0,0,0,0,4,0,0,0,7,3,0,0,0,0,0,0,0,7,6,6,3,6,3,0,0,0,13,3,5,4,7,0,3,0,3,19,0,0,5,5,0,0,0,0,9,0,0,3,3,0,0,0,0,11,0,0,4,0,0,0,0,4,11,0,0,0,0,0,0,0,0,8,0,0,0,4,0,0,0,3,4,0,0,0,0,0,0,0,0,5,34,10,27,23,14,4,0,13,125
SAL22155,0,0,0,0,0,0,0,0,0,0,0,0,0,0,0,0,0,0,0,0,0,0,0,0,0,0,0,0,0,0,0,0,0,0,0,4,6,0,4,0,0,0,0,0,10,0,0,0,0,0,0,0,0,3,0,0,5,0,0,0,0,0,4,4,0,7,0,0,0,0,0,11,4,3,3,0,0,0,0,0,9,0,0,0,0,0,0,0,0,3,0,0,0,0,0,0,0,0,0,0,0,0,0,0,0,0,0,0,0,0,0,0,0,0,0,0,3,0,0,0,0,0,0,0,0,0,0,0,0,0,0,0,0,0,0,16,3,14,6,4,3,0,0,58
SAL22156,0,0,0,0,0,0,0,0,0,0,0,0,0,0,0,0,0,0,0,0,0,0,0,0,0,0,0,0,0,0,0,0,0,0,0,0,0,0,0,0,0,0,0,0,0,0,0,0,0,0,0,0,0,0,0,0,0,0,0,0,0,0,0,0,0,0,0,0,0,0,0,0,0,0,0,0,0,0,0,0,0,0,0,0,0,0,0,0,0,0,0,0,0,0,0,0,0,0,0,0,0,0,0,0,0,0,0,0,0,0,0,0,0,0,0,0,0,0,0,0,0,0,0,0,0,0,0,0,0,0,0,0,0,0,0,3,0,0,0,0,0,0,0,7
SAL22157,0,0,0,0,0,0,0,0,0,0,0,0,0,0,0,0,0,0,0,0,0,0,0,0,0,0,0,0,0,0,0,0,0,0,0,0,0,0,0,0,0,0,0,0,0,0,0,0,0,0,0,0,0,0,0,0,0,0,0,0,0,0,0,0,0,0,0,0,0,0,0,0,0,0,0,0,0,0,0,0,0,0,0,0,0,0,0,0,0,0,0,0,0,0,0,0,0,0,0,0,0,0,0,0,0,0,0,0,0,0,0,0,0,0,0,0,0,0,0,0,0,0,0,0,0,0,0,0,0,0,0,0,0,0,0,0,0,0,0,0,0,0,0,0
SAL22158,0,0,0,0,0,0,0,0,0,0,0,0,0,0,0,0,0,0,0,0,0,0,0,0,0,0,4,0,0,0,0,0,0,0,0,0,0,0,0,0,0,0,0,0,0,0,0,0,0,0,0,0,0,0,0,0,0,0,0,0,0,0,0,0,0,0,0,0,0,0,0,0,0,0,0,0,0,0,0,0,0,0,0,3,0,0,0,0,0,4,0,0,0,0,0,0,0,0,0,0,0,0,0,0,0,0,0,0,0,0,0,0,0,0,0,0,0,0,0,0,0,0,0,0,0,0,0,0,0,0,0,0,0,0,0,0,0,0,0,0,0,0,0,15
SAL22159,0,0,0,0,0,0,0,0,0,0,0,0,0,0,0,0,0,0,0,0,0,0,0,0,0,0,0,0,0,0,0,0,0,0,0,5,0,0,0,0,0,0,0,0,0,0,0,0,0,0,0,0,0,0,0,0,3,0,0,0,0,0,4,0,0,0,0,0,0,0,3,3,0,0,0,0,0,0,0,0,4,0,0,0,0,0,0,0,0,0,0,0,0,0,0,0,0,0,0,0,0,4,0,0,0,0,0,3,0,0,0,0,0,0,0,0,0,0,0,0,0,0,0,0,0,0,0,0,0,0,0,0,0,0,0,4,0,8,0,0,0,0,9,29
SAL22160,115,0,0,0,0,0,0,0,117,75,0,0,0,0,0,0,0,74,53,4,4,0,0,0,0,0,65,20,15,8,0,0,0,0,0,40,12,10,30,12,3,0,0,0,71,6,19,36,23,3,0,0,3,85,11,15,54,14,7,0,0,3,100,10,13,57,21,8,4,0,0,119,14,15,54,27,12,0,0,4,126,7,8,55,28,9,0,0,3,113,7,6,36,26,9,0,0,5,85,12,3,28,24,10,0,0,0,72,3,4,11,15,8,0,0,3,38,3,0,8,6,5,0,0,0,20,0,0,8,5,6,0,0,0,19,348,100,382,211,64,8,5,27,1145
SAL22161,920,0,0,0,0,0,0,114,1032,1291,35,15,3,0,0,0,139,1484,1664,172,65,18,5,0,3,185,2122,1402,527,308,74,22,5,3,184,2521,786,508,592,155,53,10,5,131,2239,555,335,594,175,53,18,15,85,1837,453,255,499,222,51,11,12,94,1594,428,244,511,223,67,18,26,91,1607,356,190,443,228,71,15,26,72,1401,224,161,408,221,84,32,15,79,1221,140,146,357,236,109,31,17,92,1125,89,96,344,292,98,32,20,74,1041,59,65,295,224,87,37,42,86,901,40,51,263,225,106,23,42,79,834,49,82,271,223,135,57,80,178,1064,8456,2856,4950,2523,938,297,310,1687,22026
SAL22162,0,0,0,0,0,0,0,0,0,0,0,0,0,0,0,0,0,0,0,0,0,0,0,0,0,0,0,0,0,0,0,0,0,0,0,0,0,0,0,0,0,0,0,0,0,0,0,0,0,0,0,0,0,0,0,0,0,0,0,0,0,0,0,0,0,0,0,0,0,0,0,0,0,0,0,0,0,0,0,0,0,0,0,0,0,0,0,0,0,0,0,0,0,0,0,0,0,0,0,0,0,0,0,0,0,0,0,0,0,0,0,0,0,0,0,0,0,0,0,0,0,0,0,0,0,0,0,0,0,0,0,0,0,0,0,0,0,0,0,0,0,0,0,0
SAL22163,0,0,0,0,0,0,0,0,0,0,0,0,0,0,0,0,0,0,0,0,0,0,0,0,0,0,0,0,0,0,0,0,0,0,0,0,0,0,0,0,0,0,0,0,3,0,0,4,0,0,0,0,0,4,0,0,0,0,0,0,0,0,0,0,3,0,0,0,0,0,0,3,0,0,0,0,0,0,0,0,3,0,0,0,0,0,0,0,0,0,0,0,0,0,0,0,0,0,0,0,0,0,0,0,0,0,0,0,0,0,0,0,0,0,0,0,0,0,0,0,0,0,0,0,0,0,0,0,0,0,0,0,0,0,0,5,7,3,0,6,0,0,0,17
SAL22164,19,0,0,0,0,0,0,0,24,7,0,0,0,0,0,0,0,7,5,0,0,0,0,0,0,0,11,4,0,5,0,0,0,0,0,4,3,9,6,0,0,0,0,3,15,0,5,0,0,0,0,0,0,14,0,0,7,3,0,0,0,5,25,4,0,14,3,0,0,0,0,24,8,10,16,3,3,0,0,5,47,8,6,27,11,5,3,0,3,58,3,4,19,12,9,0,0,10,60,7,3,20,8,5,0,0,5,46,0,3,4,9,4,0,0,8,25,0,0,0,0,3,0,0,0,5,0,0,3,0,0,0,0,0,12,75,34,120,62,30,7,3,37,374
SAL22165,0,0,0,0,0,0,0,4,5,0,0,0,0,0,0,0,0,0,0,0,0,0,0,0,0,0,0,0,0,0,0,0,0,0,0,0,0,0,0,0,0,0,0,0,3,0,0,0,0,0,0,0,0,0,0,0,0,0,0,0,0,0,0,0,0,0,0,0,0,0,0,0,0,0,0,0,0,0,0,0,0,0,0,0,0,0,0,0,0,4,0,0,0,0,0,0,0,0,0,0,0,0,0,0,4,0,0,0,0,0,0,3,0,0,0,0,3,0,0,0,0,0,0,0,0,0,0,0,0,0,0,0,0,0,0,0,3,3,3,4,4,0,0,19
SAL22166,0,0,0,0,0,0,0,0,0,0,0,0,0,0,0,0,0,0,0,0,0,0,0,0,0,0,0,0,0,0,0,0,0,0,0,0,0,0,0,0,0,0,0,0,0,0,0,0,0,0,0,0,0,0,0,0,0,0,0,0,0,0,0,0,0,0,0,0,0,0,0,0,0,0,0,0,0,0,0,0,0,0,0,0,0,0,0,0,0,0,0,0,0,0,0,0,0,0,0,0,0,0,0,0,0,0,0,0,0,0,0,0,0,0,0,0,0,0,0,0,0,0,0,0,0,0,0,0,0,0,0,0,0,0,0,4,0,0,4,0,0,0,0,7
SAL22167,0,0,0,0,0,0,0,0,0,0,0,0,0,0,0,0,0,0,0,0,0,0,0,0,0,0,0,0,0,0,0,0,0,0,0,0,0,0,0,0,0,0,0,0,0,0,0,0,0,0,0,0,0,0,0,0,0,0,0,0,0,0,0,0,0,0,0,0,0,0,0,0,0,0,0,0,0,0,0,0,0,0,0,0,0,0,0,0,0,0,0,0,0,0,0,0,0,0,0,0,0,0,0,0,0,0,0,0,0,0,0,0,0,0,0,0,0,0,0,0,0,0,0,0,0,0,0,0,0,0,0,0,0,0,0,0,0,0,0,0,0,0,0,4
SAL22168,0,0,0,0,0,0,0,0,0,0,0,0,0,0,0,0,0,0,0,0,0,0,0,0,0,0,0,0,0,0,0,0,0,0,0,3,0,0,0,0,0,0,0,0,0,0,0,0,0,0,0,0,0,0,0,0,0,0,0,0,0,0,0,0,0,0,0,0,0,0,0,0,0,0,0,0,0,0,0,0,0,0,0,0,0,0,0,0,0,0,0,0,0,0,0,0,0,0,0,0,0,0,0,0,0,0,0,0,0,0,0,0,0,0,0,0,0,0,0,0,0,0,0,0,0,0,0,0,0,0,0,0,0,0,0,0,0,0,0,0,0,0,0,4
SAL22169,0,0,0,0,0,0,0,0,0,0,0,0,0,0,0,0,0,0,0,0,0,0,0,0,0,0,0,0,0,0,0,0,0,0,0,0,0,0,0,0,4,0,0,0,4,0,0,0,0,0,0,0,0,0,0,0,0,0,0,0,0,0,0,0,0,0,0,0,0,0,0,0,0,0,0,0,0,0,0,0,0,0,0,0,0,0,0,0,0,0,0,0,0,0,0,0,0,0,0,0,0,0,0,0,0,0,0,0,0,0,0,0,0,0,0,0,0,0,0,0,0,0,0,0,0,0,0,0,0,0,0,0,0,0,0,0,0,0,0,4,0,0,0,5
SAL22170,406,0,0,0,0,0,0,46,454,1065,5,3,0,0,0,0,104,1186,2310,36,6,3,0,0,0,161,2512,1723,169,51,14,6,3,0,120,2087,819,226,184,34,7,0,0,78,1356,419,166,219,59,7,0,5,53,923,338,132,219,67,15,0,0,56,824,291,125,239,75,20,7,4,40,804,225,90,198,88,27,7,9,39,686,167,83,169,115,27,11,3,41,616,157,78,155,77,31,10,7,28,545,106,59,154,72,27,4,14,40,476,48,37,99,59,26,10,6,36,320,24,24,71,31,20,7,13,16,221,22,21,66,37,23,12,39,20,246,8125,1260,1839,741,241,75,102,870,13253
SAL22171,0,0,0,0,0,0,0,0,0,0,0,0,0,0,0,0,0,0,0,0,0,0,0,0,0,0,0,0,0,0,0,0,0,0,0,0,0,0,0,0,0,0,0,0,0,0,0,0,0,0,0,0,0,0,0,0,0,0,0,0,0,0,0,0,0,0,0,0,0,0,0,0,0,0,0,0,0,0,0,0,0,0,0,0,0,0,0,0,0,0,0,0,0,0,0,0,0,0,0,0,0,0,0,0,0,0,0,0,0,0,0,0,0,0,0,0,0,0,0,0,0,0,0,0,0,0,0,0,0,0,0,0,0,0,0,0,0,0,0,0,0,0,0,6
SAL22172,137,0,0,0,0,0,0,16,150,93,3,3,0,0,0,0,12,113,64,17,5,0,0,0,0,0,86,36,30,38,11,0,0,0,7,116,23,18,59,25,6,0,0,4,136,22,20,59,29,7,6,0,4,142,21,26,66,41,13,0,0,12,181,25,22,97,35,19,5,0,10,214,27,21,57,45,10,3,0,0,165,14,12,52,38,16,3,0,3,145,14,16,64,38,11,0,0,7,144,5,8,39,38,20,3,3,5,117,7,4,19,24,5,5,4,3,72,4,4,5,12,8,3,0,3,37,0,3,5,9,0,0,4,4,18,482,202,572,334,112,31,13,84,1835
SAL22173,4,0,0,0,0,0,0,0,4,0,0,0,0,0,0,0,0,0,0,0,0,0,0,0,0,0,0,0,0,0,0,0,0,0,0,0,0,0,0,0,0,0,0,0,0,0,0,0,0,0,0,0,0,4,0,0,0,0,0,0,0,0,0,0,0,0,0,0,0,0,0,6,0,0,0,0,0,0,0,0,5,0,0,0,0,0,0,0,0,3,0,0,0,0,0,0,0,0,3,0,0,0,0,0,0,0,0,0,0,0,0,0,0,0,0,0,0,0,0,0,0,0,0,0,0,0,0,0,0,0,0,0,0,0,0,5,0,0,5,0,0,0,6,20
SAL22174,429,0,0,0,0,0,0,28,456,500,13,0,0,0,0,0,29,545,618,67,29,12,0,0,0,53,772,430,214,123,32,7,4,0,31,845,257,215,263,76,17,7,0,36,871,159,149,261,98,16,7,4,33,727,124,129,226,85,27,9,5,15,623,107,112,185,99,28,6,5,20,572,109,84,181,94,26,4,7,17,519,81,98,152,74,33,7,9,13,471,56,73,143,99,39,10,4,17,439,31,73,177,87,34,13,11,20,442,32,29,126,82,37,6,4,26,345,18,21,68,59,26,17,14,43,267,20,25,84,84,43,31,18,73,389,2976,1313,2026,982,342,120,75,458,8284
SAL22175,240,5,0,0,0,0,0,14,255,254,12,9,0,0,0,0,11,280,293,33,15,7,0,0,0,18,364,208,116,68,22,10,0,0,17,436,108,117,155,38,3,5,4,21,460,64,65,169,66,20,5,6,16,409,81,68,137,61,12,6,6,8,373,69,61,125,57,15,4,4,13,354,46,51,115,52,30,5,7,8,316,58,30,95,59,17,5,8,13,292,35,43,91,63,20,4,0,6,271,34,24,92,57,18,6,5,10,249,15,16,58,44,20,4,4,9,187,8,10,45,31,27,6,9,5,138,9,9,33,43,25,13,5,15,145,1528,667,1213,601,207,64,48,191,4519
SAL22176,282,0,0,0,0,0,0,10,292,237,0,0,0,0,0,0,9,249,180,15,3,3,0,0,0,11,211,122,53,54,7,0,0,0,4,245,61,57,139,47,3,0,0,7,317,48,53,159,70,13,4,0,7,352,43,55,200,96,16,0,3,10,419,34,49,152,75,15,0,0,3,336,45,42,167,79,18,4,0,3,358,34,47,138,91,30,6,0,9,347,19,36,104,70,28,3,0,16,283,17,27,115,84,28,5,0,5,274,9,14,101,63,29,8,0,5,221,13,6,38,40,21,6,4,6,135,7,9,30,37,20,8,9,3,128,1144,477,1401,753,226,48,15,111,4176
SAL22177,3,0,0,0,0,0,0,0,11,6,0,0,0,0,0,0,0,6,0,0,0,0,0,0,0,0,3,4,0,6,0,0,0,0,0,10,0,0,8,0,0,0,0,0,11,5,0,8,0,0,0,0,0,10,0,0,4,7,0,0,0,0,8,0,0,6,0,0,0,0,0,7,0,0,5,3,0,0,0,0,11,0,0,0,5,0,0,0,0,10,0,0,0,5,3,0,0,0,13,0,0,0,0,0,0,0,0,3,0,0,0,0,0,0,0,0,0,0,0,0,0,0,0,0,0,0,0,0,0,0,0,0,0,0,3,28,6,21,23,9,0,0,14,104
SAL22178,27,0,0,0,0,0,0,6,25,24,0,0,0,0,0,0,0,24,9,0,0,0,0,0,0,0,11,20,8,0,0,0,0,0,0,29,10,3,14,0,0,0,0,0,27,7,7,14,7,0,0,0,0,41,14,5,15,6,0,0,0,0,44,9,10,16,8,4,0,0,3,44,6,6,17,10,0,0,0,0,46,5,4,14,16,0,0,0,0,41,7,6,18,16,3,0,0,0,47,4,0,17,8,4,5,0,5,46,0,0,7,3,0,0,0,0,16,0,0,0,3,0,0,0,0,5,0,3,0,8,4,0,0,0,14,143,58,130,77,19,5,4,10,457
SAL22179,44,0,0,0,0,0,0,0,49,57,0,0,0,0,0,0,10,72,79,5,0,0,0,0,0,3,83,66,11,3,0,0,0,0,5,88,38,14,8,4,0,0,0,3,77,27,10,15,5,0,0,3,3,57,19,7,15,10,0,0,0,3,58,12,4,11,9,0,0,0,4,49,12,8,9,4,0,0,0,4,37,16,10,0,0,0,0,0,0,28,4,3,5,0,0,0,0,0,22,0,4,7,0,0,0,0,0,18,7,4,4,3,0,0,0,0,17,0,0,4,0,0,0,0,0,14,0,0,3,0,0,0,0,4,11,375,81,100,47,9,8,12,39,670
SAL22180,3,0,0,0,0,0,0,0,7,6,0,0,0,0,0,0,0,10,3,3,0,0,0,0,0,0,9,0,0,4,0,0,0,0,0,4,0,0,0,0,0,0,0,0,8,0,0,0,3,0,0,0,0,9,0,0,7,0,0,0,0,0,10,4,0,0,3,0,0,0,0,11,0,0,0,0,0,0,0,0,10,0,0,4,0,0,0,0,0,7,0,0,3,0,3,0,0,0,8,0,0,0,0,0,0,0,0,0,0,0,4,0,0,0,0,0,0,0,0,0,0,4,0,0,0,4,0,0,0,0,0,0,0,0,0,23,10,26,17,13,3,0,5,107
SAL22181,3,0,0,0,0,0,0,0,3,0,0,0,0,0,0,0,0,4,4,0,0,0,0,0,0,0,4,0,0,0,0,0,0,0,0,3,0,0,6,6,0,0,0,0,10,0,0,0,4,0,0,0,0,5,0,0,0,0,0,0,0,0,4,0,0,0,0,0,0,0,0,4,0,0,3,0,0,0,0,0,9,4,0,0,0,0,0,0,0,6,0,0,0,0,0,0,0,4,3,0,0,0,0,0,0,0,0,0,0,0,0,0,0,0,0,0,0,0,0,0,0,0,0,0,0,0,0,0,0,0,0,0,0,0,0,8,3,14,14,5,0,3,6,58
SAL22182,0,0,0,0,0,0,0,0,0,0,0,0,0,0,0,0,0,0,0,0,0,0,0,0,0,0,0,0,0,0,0,0,0,0,0,0,0,0,0,0,0,0,0,0,0,0,0,0,0,0,0,0,0,0,0,0,0,0,0,0,0,0,0,0,0,0,0,0,0,0,0,4,0,0,4,0,0,0,0,0,4,0,0,0,0,0,0,0,0,5,0,0,0,0,0,0,0,0,0,0,0,0,0,0,0,0,0,3,0,0,0,0,0,0,0,0,0,0,0,0,0,0,0,0,0,0,0,0,0,0,0,0,0,0,0,0,0,7,6,4,0,0,3,22
SAL22183,46,0,0,0,0,0,0,14,64,48,7,6,0,0,0,0,22,83,63,13,12,11,0,0,0,20,118,57,19,27,16,9,0,3,36,170,32,29,26,28,6,5,0,26,147,18,15,24,22,10,0,4,24,110,15,11,15,21,10,9,3,20,94,15,7,12,19,3,0,4,13,77,11,10,18,18,15,9,4,17,97,12,12,14,29,16,11,7,7,98,6,6,16,27,17,5,3,15,90,7,4,18,13,13,0,9,13,80,0,0,6,7,3,0,3,3,32,3,0,6,4,5,3,9,8,38,0,0,8,10,8,4,8,21,56,335,132,208,206,114,55,55,250,1356
SAL22184,67,0,0,0,0,0,0,11,81,52,7,0,0,0,0,0,13,76,34,16,7,0,4,0,0,6,71,16,9,17,9,8,0,0,5,54,13,5,18,18,9,7,0,0,76,4,14,11,5,11,0,0,8,70,13,11,23,26,6,3,0,5,95,13,14,28,27,15,4,5,5,105,10,0,42,38,11,0,0,6,122,16,12,36,32,20,0,3,7,128,11,5,44,36,24,5,5,13,142,3,5,34,28,14,0,8,6,101,11,0,27,29,11,7,4,18,110,7,3,16,12,13,6,3,15,76,0,6,19,30,16,10,12,18,102,280,103,337,293,168,46,39,127,1392
SAL22185,0,0,0,0,0,0,0,0,0,0,0,0,0,0,0,0,0,4,0,0,0,0,0,0,0,0,5,0,0,0,0,0,0,0,0,0,0,0,0,0,0,0,0,0,0,0,0,3,0,0,0,0,0,3,0,0,0,0,0,0,0,0,0,0,0,0,4,0,0,0,0,5,0,0,0,0,0,0,0,0,7,0,0,0,0,0,0,0,0,3,0,0,0,0,0,0,0,0,0,0,0,0,0,0,0,0,0,3,0,0,0,0,0,0,0,0,0,0,0,0,0,0,0,0,0,0,0,0,0,0,0,0,0,0,0,7,0,13,5,0,0,0,0,32
SAL22186,40,0,0,0,0,0,0,7,49,62,13,0,0,0,0,0,9,80,94,31,13,0,0,0,0,16,152,60,53,49,7,4,0,0,15,190,23,39,40,11,3,4,3,5,131,10,17,17,9,0,0,0,0,54,3,7,17,17,0,0,0,3,51,4,6,28,12,7,3,0,4,62,5,7,16,15,4,0,3,4,47,7,5,14,13,0,0,0,6,39,0,3,14,3,0,0,0,4,30,6,0,9,8,0,0,0,0,24,4,0,0,0,0,0,0,0,11,0,0,0,0,0,0,0,0,4,0,0,0,0,0,0,0,0,0,320,174,213,99,26,17,7,73,925
SAL22187,0,0,0,0,0,0,0,0,0,0,0,0,0,0,0,0,0,0,0,0,0,0,0,0,0,0,0,0,0,0,0,0,0,0,0,0,0,0,0,0,0,0,0,0,0,0,0,0,0,0,0,0,0,0,0,0,0,0,0,0,0,0,0,0,0,0,0,0,0,0,0,0,0,0,0,0,0,0,0,0,3,0,0,0,0,0,0,0,0,4,0,0,0,0,0,0,0,0,0,0,0,0,0,0,0,0,0,0,0,0,0,0,0,0,0,0,0,0,0,0,0,0,0,0,0,0,0,0,0,0,0,0,0,0,0,0,0,0,5,0,0,0,4,5
SAL22188,0,0,0,0,0,0,0,0,0,0,0,0,0,0,0,0,0,0,0,0,0,0,0,0,0,0,0,0,0,0,0,0,0,0,0,0,0,0,0,0,0,0,0,0,0,0,0,0,0,0,0,0,0,0,0,0,0,0,0,0,0,0,0,4,0,0,0,0,0,0,0,3,0,0,0,0,0,0,0,0,0,0,0,0,0,0,0,0,0,4,0,0,0,0,0,0,0,0,0,0,0,0,0,0,0,0,0,4,0,0,0,0,0,0,0,0,0,0,0,0,0,0,0,0,0,0,0,0,0,0,0,0,0,0,0,8,3,4,0,0,0,0,3,22
SAL22189,0,0,0,0,0,0,0,0,0,0,0,0,0,0,0,0,0,0,0,0,0,0,0,0,0,0,0,0,0,0,0,0,0,0,0,0,0,0,0,0,0,0,0,0,0,0,0,0,0,0,0,0,0,0,0,0,0,0,0,0,0,0,0,0,0,0,0,0,0,0,0,0,0,0,0,0,0,0,0,0,0,0,0,0,0,0,0,0,0,0,0,0,0,0,0,0,0,0,0,0,0,0,0,0,0,0,0,0,0,0,0,0,0,0,0,0,0,0,0,0,0,0,0,0,0,0,0,0,0,0,0,0,0,0,0,0,0,0,0,0,0,0,0,0
SAL22190,6,0,0,0,0,0,0,0,6,3,0,0,0,0,0,0,0,3,6,6,5,0,0,0,0,0,7,0,0,4,0,0,0,0,0,5,4,0,4,0,0,0,0,0,7,0,0,0,0,0,0,0,0,4,0,0,0,0,0,0,0,0,7,0,0,0,0,6,0,0,0,4,0,0,3,3,0,0,0,0,13,0,0,0,4,0,0,0,0,9,0,0,0,4,0,0,0,0,9,0,0,0,0,0,0,0,0,4,0,0,0,0,0,0,0,0,0,0,0,0,0,0,0,0,0,5,0,0,0,0,0,0,0,0,0,22,13,19,23,9,0,3,0,90
SAL22191,7,0,0,0,0,0,0,0,7,0,0,0,0,0,0,0,0,4,3,0,0,0,0,0,0,0,4,0,0,4,0,0,0,0,0,8,5,0,0,0,0,0,0,0,10,0,0,0,0,0,0,0,0,7,0,0,3,3,0,0,0,0,13,0,0,4,3,0,0,0,0,8,0,0,0,0,0,0,0,4,4,0,0,4,0,4,0,0,0,4,0,0,0,0,0,0,0,0,3,4,0,0,0,0,0,0,0,11,0,0,0,0,0,0,0,0,5,0,0,0,0,0,0,0,0,0,0,0,0,0,0,0,0,0,5,23,3,18,16,5,0,6,9,85
SAL22192,0,0,0,0,0,0,0,0,0,0,0,0,0,0,0,0,0,0,0,4,0,0,0,0,0,0,4,0,0,0,0,0,0,0,0,0,0,0,0,0,0,0,0,0,0,0,0,0,0,0,0,0,0,0,0,0,0,0,0,0,0,0,0,0,0,0,0,0,0,0,0,0,0,0,0,0,0,0,0,0,3,0,0,0,0,0,0,0,0,5,0,0,0,0,0,0,0,0,3,0,0,0,0,0,0,0,0,0,0,0,0,0,0,0,0,0,0,0,0,0,0,0,0,0,0,0,0,0,0,0,0,0,0,0,0,3,5,0,0,0,0,0,0,9
SAL22193,161,0,0,0,0,0,0,18,177,113,3,3,0,0,0,0,3,124,103,42,24,8,3,0,0,10,179,73,41,70,26,10,0,0,5,226,40,31,62,33,14,0,3,10,200,30,21,72,29,26,0,4,11,189,31,26,80,53,9,4,0,0,205,25,27,76,38,25,4,0,11,203,27,20,65,41,17,0,3,7,179,25,15,61,39,18,3,4,14,169,13,17,43,40,19,0,0,3,147,12,8,52,41,9,9,4,10,148,9,3,23,23,4,5,4,12,82,0,3,11,13,8,0,4,3,44,0,0,8,4,4,4,3,0,24,667,267,643,390,155,37,23,122,2303
SAL22194,203,0,0,0,0,0,0,6,208,212,0,0,0,0,0,0,11,221,179,8,0,0,0,0,0,7,200,158,64,46,5,0,0,0,3,284,89,53,133,33,5,0,0,7,321,53,43,183,55,7,0,0,11,350,45,61,148,60,14,3,0,3,322,53,49,107,46,7,0,0,8,273,37,36,114,43,19,0,0,6,252,44,41,104,44,8,3,0,0,239,36,25,75,50,9,0,0,10,203,24,27,84,53,13,0,5,10,214,18,14,62,45,12,5,6,5,163,11,17,50,40,14,9,8,9,148,19,16,88,78,41,7,5,22,274,1174,447,1192,547,151,30,20,112,3675
SAL22195,4,0,0,0,0,0,0,0,4,0,0,0,0,0,0,0,0,0,0,0,0,0,0,0,0,0,0,0,0,0,0,0,0,0,0,0,0,0,0,0,0,0,0,0,0,0,0,0,0,0,0,0,0,0,0,0,0,0,0,0,0,0,0,0,0,0,0,0,0,0,0,0,0,0,0,0,0,0,0,0,0,0,0,0,0,0,0,0,0,3,0,0,0,0,0,0,0,0,0,0,0,0,0,0,0,0,0,0,0,0,0,0,0,0,0,0,0,0,0,0,0,0,0,0,0,0,0,0,0,0,0,0,0,0,0,5,5,8,0,0,0,0,0,10
SAL22196,0,0,0,0,0,0,0,0,0,0,0,0,0,0,0,0,0,0,0,0,0,0,0,0,0,0,0,0,0,0,0,0,0,0,0,0,0,0,0,0,0,0,0,0,0,0,0,0,0,0,0,0,0,0,0,0,0,0,0,0,0,0,0,0,0,0,0,0,0,0,0,0,0,0,0,0,0,0,0,0,0,0,0,0,0,0,0,0,0,0,0,0,0,0,0,0,0,0,0,0,0,0,0,0,0,0,0,0,0,0,0,0,0,0,0,0,0,0,0,0,0,0,0,0,0,0,0,0,0,0,0,0,0,0,0,0,0,0,0,0,0,0,0,0
SAL22197,0,0,0,0,0,0,0,0,6,4,0,0,0,0,0,0,0,6,0,0,0,0,0,0,0,0,0,0,0,0,0,0,0,0,0,0,0,0,0,0,0,0,0,0,0,0,0,3,0,0,0,0,0,3,0,0,0,0,0,0,0,0,3,0,0,3,0,0,0,0,0,3,0,0,0,6,4,0,0,0,10,0,0,0,0,0,0,0,0,0,5,6,4,0,5,0,0,0,6,0,0,0,0,0,0,0,0,5,0,0,0,0,0,0,0,0,0,0,0,0,0,0,0,0,0,0,0,0,0,0,0,0,0,0,0,15,6,15,8,7,0,0,4,53
SAL22198,318,3,0,0,0,0,0,41,368,238,16,3,4,0,0,0,49,306,197,50,30,11,3,0,0,26,316,147,100,85,27,8,0,0,42,411,76,59,133,83,24,4,0,29,405,74,58,149,71,27,0,6,28,409,83,66,139,82,24,4,3,33,440,88,66,155,94,29,3,5,39,477,89,70,159,102,31,6,0,39,501,83,51,195,133,41,7,6,39,566,65,58,208,139,42,16,4,39,562,47,48,224,139,55,11,3,48,570,35,42,163,140,59,19,8,48,507,34,32,79,77,48,11,15,47,338,22,24,91,94,53,16,18,43,356,1586,755,1809,1203,440,107,69,565,6526
SAL22199,32,0,0,0,0,0,0,0,31,35,0,0,0,0,0,0,5,38,29,7,9,4,0,0,0,8,63,12,13,16,5,4,0,0,7,50,9,7,12,3,0,0,0,4,46,13,8,12,9,3,0,0,8,52,13,8,17,8,4,4,0,6,60,14,9,10,14,4,0,0,0,62,5,8,25,12,5,0,0,7,59,9,10,17,15,12,3,0,10,73,6,7,21,18,11,0,0,12,77,8,4,11,9,5,5,3,13,51,4,0,11,7,11,3,0,6,44,0,4,4,0,5,0,0,0,17,0,0,0,6,0,0,0,3,12,174,85,168,111,66,25,15,96,733
SAL22200,0,0,0,0,0,0,0,0,0,0,0,0,0,0,0,0,0,0,0,0,0,0,0,0,0,0,0,0,0,0,0,0,0,0,0,0,0,0,0,0,0,0,0,0,0,0,0,0,0,0,0,0,0,0,0,0,0,0,0,0,0,0,0,0,0,0,0,0,0,0,0,0,0,0,0,0,0,0,0,0,0,0,0,0,0,0,0,0,0,0,0,0,0,0,0,0,0,0,0,0,0,0,0,0,0,0,0,0,0,0,0,0,0,0,0,0,0,0,0,0,0,0,0,0,0,0,0,0,0,0,0,0,0,0,0,0,0,0,0,0,0,0,0,0
SAL22201,4,0,0,0,0,0,0,0,4,5,0,0,0,0,0,0,0,5,0,0,0,0,0,0,0,0,0,0,0,5,0,0,0,0,0,5,0,0,0,0,0,0,0,0,0,0,0,0,0,0,0,0,0,7,0,0,0,0,0,0,0,0,7,0,0,3,0,0,0,0,0,8,0,0,0,0,0,0,0,0,8,0,0,4,0,0,0,0,0,3,0,0,5,0,0,0,0,0,7,0,0,0,0,0,0,0,0,3,0,0,0,3,6,0,0,0,9,0,0,0,0,0,0,0,0,0,0,0,0,0,0,0,0,0,0,17,7,20,9,4,3,3,4,62
SAL22202,0,0,0,0,0,0,0,0,0,0,0,0,0,0,0,0,0,0,0,0,0,0,0,0,0,0,0,0,4,0,0,0,0,0,0,6,0,0,0,0,0,0,0,0,0,0,0,0,0,0,0,0,0,0,0,0,0,0,0,0,0,0,0,0,0,0,0,0,0,0,0,0,0,0,0,0,0,0,0,0,4,0,0,0,0,0,0,0,0,0,0,0,0,0,0,0,0,0,0,0,0,0,0,0,0,0,0,0,0,0,0,0,0,0,0,0,0,0,0,0,0,0,0,0,0,0,0,0,0,0,0,0,0,0,0,5,5,4,5,6,0,0,0,18
SAL22203,43,0,0,0,0,0,0,0,41,24,0,0,0,0,0,0,3,26,13,3,0,0,0,0,0,0,17,5,0,10,7,0,0,0,0,28,9,3,12,18,7,0,0,0,44,4,6,19,11,5,0,0,0,48,3,5,19,6,4,0,0,3,53,0,5,23,16,9,5,0,0,58,11,4,15,13,11,0,0,0,49,12,4,11,12,3,0,0,0,41,0,0,12,10,5,0,0,0,29,0,0,3,9,0,4,0,0,25,0,0,0,3,0,0,0,0,3,0,0,0,0,0,0,0,0,4,0,0,0,0,0,0,0,0,9,120,42,129,100,38,7,5,12,461
SAL22204,0,0,0,0,0,0,0,0,0,0,0,0,0,0,0,0,0,0,0,0,0,0,0,0,0,0,0,0,0,0,0,0,0,0,0,0,0,0,0,0,0,0,0,0,0,0,0,0,0,0,0,0,0,0,0,0,0,0,0,0,0,0,0,0,0,0,0,0,0,0,0,0,0,0,0,0,0,0,0,0,0,0,0,0,0,0,0,0,0,0,0,0,0,0,0,0,0,0,3,0,0,0,0,0,0,0,0,0,0,0,0,0,0,0,0,0,0,0,0,0,0,0,0,0,0,0,0,0,0,0,0,0,0,0,0,0,0,3,3,0,0,0,0,12
SAL22205,0,0,0,0,0,0,0,0,0,0,0,0,0,0,0,0,0,0,0,0,0,0,0,0,0,0,0,0,0,0,0,0,0,0,0,0,0,0,0,0,0,0,0,0,0,0,0,0,0,0,0,0,0,0,0,0,0,0,0,0,0,0,0,0,0,0,0,0,0,0,0,0,0,0,0,0,0,0,0,0,3,0,0,0,0,0,0,0,0,0,0,0,0,0,0,0,0,0,0,0,0,0,0,0,0,0,0,0,0,0,0,0,0,0,0,0,0,0,0,0,0,0,0,0,0,0,0,0,0,0,0,0,0,0,0,0,0,0,0,0,0,0,0,3
SAL22206,5,0,0,0,0,0,0,0,5,10,0,0,0,0,0,0,0,10,3,0,0,0,0,0,0,0,3,0,0,0,0,0,0,0,0,5,3,0,0,0,0,0,0,0,5,3,0,3,6,0,0,0,0,14,0,0,0,0,0,0,0,0,3,0,0,0,4,5,0,0,0,6,4,0,0,0,0,0,0,0,8,0,0,4,0,0,0,0,3,7,0,0,0,0,0,0,0,0,7,0,0,3,0,0,0,0,0,9,0,0,0,0,0,0,0,0,7,0,0,0,0,0,0,0,0,4,0,0,0,0,0,0,0,0,0,20,6,24,12,11,0,0,15,88
SAL22207,1013,4,0,0,0,0,0,58,1071,1010,16,6,0,0,0,0,65,1097,753,73,38,8,0,0,0,48,919,433,227,225,50,7,0,0,37,975,209,217,455,130,21,3,0,26,1066,118,167,550,176,36,6,0,25,1087,140,201,635,247,56,16,8,21,1323,111,213,644,283,66,5,5,22,1349,114,200,656,350,92,24,4,28,1463,71,147,546,272,89,13,5,14,1163,77,135,367,206,62,15,12,17,895,42,57,296,175,54,10,0,35,680,20,49,213,125,55,17,13,30,518,17,25,129,99,55,20,10,29,371,11,23,87,84,64,22,26,21,329,4151,1755,4830,2196,668,146,87,468,14302
SAL22208,964,0,0,0,0,0,0,110,1079,900,31,14,5,0,0,0,68,1023,470,135,97,37,10,0,0,49,801,256,136,207,131,42,5,8,37,819,154,104,225,183,94,40,29,48,866,111,73,223,196,123,57,30,40,853,81,83,246,212,109,52,26,45,858,78,65,277,224,134,46,33,48,904,71,66,192,189,93,52,35,22,726,43,38,142,102,64,29,42,17,472,29,33,92,86,44,26,43,28,377,24,21,63,73,30,24,28,18,278,14,12,36,45,38,13,28,15,210,3,5,19,32,6,11,32,10,121,0,6,14,16,15,5,24,9,92,3200,814,1842,1518,807,356,364,575,9476
SAL22209,0,0,0,0,0,0,0,0,0,4,0,0,0,0,0,0,0,4,0,0,0,0,0,0,0,0,0,0,0,0,0,0,0,0,0,0,0,0,0,0,0,0,0,0,0,0,0,0,0,0,0,0,0,0,0,0,0,0,0,0,0,0,0,0,0,0,0,0,0,0,0,0,0,0,0,0,0,0,0,0,0,0,0,0,0,0,0,0,0,5,0,0,0,0,0,0,0,0,0,0,0,0,0,0,0,0,0,6,0,0,0,0,0,0,0,0,0,0,0,0,0,0,0,0,0,0,0,0,0,0,0,0,0,0,0,7,4,4,0,0,0,0,4,21
SAL22210,4,0,0,0,0,0,0,0,4,6,0,0,0,0,0,0,0,6,3,0,0,0,0,0,0,0,3,0,0,0,0,0,0,0,0,4,0,0,0,0,0,0,0,0,3,0,0,9,0,0,0,0,0,8,0,0,3,6,0,0,0,0,15,3,0,5,0,0,0,0,0,12,0,0,0,0,0,0,0,0,12,0,0,0,0,0,0,0,0,0,0,0,5,0,0,0,0,0,4,0,0,0,3,0,0,0,0,3,0,0,0,0,0,0,0,0,0,0,0,0,0,0,0,0,0,5,0,0,0,0,0,0,0,0,0,24,4,23,13,8,0,0,9,82
SAL22211,0,0,0,0,0,0,0,0,0,0,0,0,0,0,0,0,0,0,0,0,0,0,0,0,0,0,0,0,0,0,0,0,0,0,0,3,0,0,3,0,0,0,0,0,0,0,0,0,0,0,0,0,3,8,0,0,0,0,0,0,0,0,0,7,0,0,0,0,0,0,0,3,5,5,0,0,0,0,0,3,12,5,0,3,0,3,0,0,0,16,0,0,0,0,3,0,0,0,3,0,0,0,3,0,0,0,0,8,0,0,4,0,0,0,0,0,3,0,0,0,0,0,0,0,0,0,0,0,0,0,0,0,0,0,0,13,12,20,6,13,0,0,8,70
SAL22212,0,0,0,0,0,0,0,0,0,0,0,0,0,0,0,0,0,0,0,0,0,0,0,0,0,0,0,0,0,0,0,0,0,0,0,0,0,0,0,0,0,0,0,0,0,0,0,0,0,0,0,0,0,0,0,0,0,0,0,0,0,0,0,0,0,0,0,0,0,0,0,0,0,0,0,0,0,0,0,0,0,0,0,0,0,0,0,0,0,0,0,0,0,0,0,0,0,0,3,0,0,0,0,0,0,0,0,0,0,0,0,0,0,0,0,0,0,0,0,0,0,0,0,0,0,0,0,0,0,0,0,0,0,0,0,6,0,3,5,0,0,0,0,16
SAL22213,0,0,0,0,0,0,0,0,0,0,0,0,0,0,0,0,0,0,0,0,0,0,0,0,0,0,0,0,0,0,0,0,0,0,0,0,0,0,0,0,0,0,0,0,0,0,0,0,0,0,0,0,0,0,0,0,0,0,0,0,0,0,0,0,0,0,0,0,0,0,0,0,0,0,0,0,0,0,0,0,4,0,0,0,0,0,0,0,0,0,0,0,0,0,0,0,0,0,3,0,0,0,0,0,0,0,0,4,0,0,0,0,0,0,0,0,0,0,0,0,0,0,0,0,0,0,0,0,0,0,0,0,0,0,0,0,3,0,0,5,0,3,0,22
SAL22214,12,0,0,0,0,0,0,0,12,0,0,0,0,0,0,0,0,4,8,0,0,0,0,0,0,0,15,7,0,4,0,0,0,0,0,15,0,5,10,0,0,0,0,0,18,0,0,0,0,0,0,3,0,9,0,0,6,0,3,0,0,5,17,0,0,0,6,7,0,0,3,15,0,0,12,11,3,0,0,5,27,0,0,8,10,4,0,0,0,27,0,0,8,4,8,0,0,5,23,0,0,4,7,0,0,0,0,14,0,0,6,6,3,0,0,0,13,3,0,0,5,0,0,0,0,13,0,0,3,0,4,0,0,0,11,47,20,63,52,27,0,6,15,227
SAL22215,17,0,0,0,0,0,0,3,24,12,0,0,0,0,0,0,5,17,11,4,5,3,0,0,0,4,30,3,3,5,4,3,0,0,0,22,3,4,10,0,3,0,0,4,21,3,0,7,6,0,0,0,4,29,10,3,12,9,0,0,0,10,40,10,4,16,11,5,0,0,5,58,12,4,17,14,4,4,0,10,65,3,4,19,19,4,0,0,8,66,3,9,22,6,0,0,5,4,52,7,4,18,12,9,0,0,3,58,6,0,14,9,8,0,0,7,38,0,0,8,13,9,0,3,3,32,0,0,6,4,0,4,0,12,25,105,43,159,121,46,17,16,76,583
SAL22216,0,0,0,0,0,0,0,0,0,0,0,0,0,0,0,0,0,0,0,0,0,0,0,0,0,0,0,0,0,0,0,0,0,0,0,0,0,0,0,0,0,0,0,0,0,0,0,0,0,0,0,0,0,4,0,0,0,0,0,0,0,0,6,0,0,0,0,0,0,0,0,0,0,0,0,0,0,0,0,0,4,0,0,3,0,0,0,0,0,3,0,0,0,0,0,0,0,0,3,0,0,0,0,0,0,0,0,3,0,0,0,0,0,0,0,0,3,0,0,0,0,0,0,0,0,0,0,0,0,0,0,0,0,0,0,8,0,9,8,0,0,0,0,26
SAL22217,74,0,0,0,0,0,0,8,84,51,0,0,0,0,0,0,0,57,40,10,10,0,0,0,0,3,63,21,19,21,10,4,0,0,0,70,9,14,17,11,4,0,0,4,53,5,16,25,21,10,0,0,5,87,11,9,27,10,3,0,0,0,73,8,9,34,23,4,0,0,7,86,14,7,32,14,4,6,5,7,85,14,17,30,26,8,0,0,4,97,9,13,32,32,23,0,0,3,115,10,0,33,35,10,0,5,4,99,9,0,17,16,4,5,3,11,63,6,0,6,10,0,5,0,10,31,4,4,15,8,9,6,0,3,52,284,129,300,216,86,29,13,67,1116
SAL22218,0,0,0,0,0,0,0,0,0,0,0,0,0,0,0,0,0,0,0,0,0,0,0,0,0,0,0,0,0,0,0,0,0,0,0,0,0,0,0,0,0,0,0,0,0,0,0,0,0,0,0,0,0,0,0,0,0,0,0,0,0,0,0,0,0,0,0,0,0,0,0,0,0,0,0,0,0,0,0,0,0,0,0,0,0,0,0,0,0,0,0,0,0,0,0,0,0,0,0,0,0,0,0,0,0,0,0,0,0,0,0,0,0,0,0,0,0,0,0,0,0,0,0,0,0,0,0,0,0,0,0,0,0,0,0,0,0,0,0,0,0,0,0,0
SAL22219,3,0,0,0,0,0,0,0,9,0,0,0,0,0,0,0,0,0,0,0,0,0,0,0,0,0,3,0,0,0,0,0,0,0,0,5,0,4,0,0,0,0,0,3,9,0,0,0,0,0,0,0,4,11,0,0,0,5,0,0,0,0,10,3,0,7,8,0,0,0,0,12,0,0,3,0,0,0,0,0,7,0,4,3,3,4,0,0,0,17,0,0,5,8,0,0,0,0,14,0,0,3,4,0,0,0,0,9,0,0,0,0,0,0,0,0,0,0,0,0,0,0,0,0,0,3,0,0,0,0,0,0,0,0,5,20,12,39,35,14,0,0,15,125
SAL22220,146,0,0,0,0,0,0,24,165,139,3,0,3,0,0,0,21,164,138,33,13,3,0,0,0,29,218,87,53,38,19,0,0,0,21,219,55,47,75,50,4,0,0,27,250,46,39,85,44,10,5,0,26,253,55,44,113,44,17,0,0,28,306,62,44,104,57,20,9,0,27,326,58,38,108,79,26,0,0,33,347,46,46,153,102,41,4,0,28,429,56,35,168,88,20,7,0,41,405,43,24,148,82,30,10,5,39,364,36,22,93,67,23,9,0,38,280,9,7,52,34,26,3,8,20,158,6,12,36,30,24,3,12,44,164,977,437,1178,709,237,47,30,445,4065
SAL22221,3,0,0,0,0,0,0,0,3,0,0,0,0,0,0,0,0,0,0,0,0,0,0,0,0,0,0,0,0,0,0,0,0,0,0,0,0,0,0,0,0,0,0,0,0,0,0,0,0,0,0,0,0,0,0,0,0,0,0,0,0,0,0,0,0,0,0,0,0,0,0,0,0,0,0,0,0,0,0,0,0,0,0,0,0,0,0,0,0,0,0,0,0,0,0,0,0,0,0,0,0,0,0,0,0,0,0,0,0,0,0,0,0,0,0,0,0,0,0,0,0,0,0,0,0,0,0,0,0,0,0,0,0,0,0,5,0,4,3,0,0,0,0,11
SAL22222,144,0,0,0,0,0,0,15,159,112,3,0,0,0,0,0,7,123,96,11,7,0,0,0,0,9,120,69,38,35,10,0,0,0,5,163,28,24,58,15,0,0,0,5,132,24,20,64,29,7,0,0,14,166,26,22,83,38,3,0,0,7,189,32,26,97,53,18,5,0,14,241,30,17,107,58,21,0,3,12,249,23,19,115,68,14,0,0,14,259,39,31,120,62,22,4,0,19,290,23,18,132,68,16,8,0,20,284,22,15,83,68,28,3,0,25,251,12,18,36,46,24,3,10,15,161,10,11,32,28,13,4,0,28,130,692,275,970,561,169,32,21,207,2928
SAL22223,0,0,0,0,0,0,0,0,0,0,0,0,0,0,0,0,0,0,0,0,0,0,0,0,0,4,0,4,0,0,0,0,0,0,0,3,0,0,0,0,0,0,0,0,0,0,0,0,0,0,0,0,0,5,0,0,0,0,0,0,0,0,0,0,0,0,6,0,0,0,0,6,0,0,0,0,0,0,0,0,0,0,0,0,0,0,0,0,0,5,0,0,0,0,0,0,0,0,0,0,0,0,0,0,0,0,0,6,0,0,0,0,0,0,0,0,0,0,0,0,0,0,0,0,0,0,0,0,0,0,0,0,0,0,0,11,3,3,3,0,0,0,7,32
SAL22224,16,0,0,0,0,0,0,3,21,15,3,0,0,0,0,0,0,15,11,6,3,0,0,0,0,0,21,5,4,6,3,0,0,0,0,17,3,0,10,5,0,0,0,0,23,0,0,8,4,0,0,0,0,14,0,7,0,5,3,0,0,3,18,0,3,10,3,3,4,0,0,24,3,7,9,6,0,0,0,0,30,3,0,12,6,3,3,0,4,36,0,3,3,13,3,0,0,0,28,0,4,6,12,6,0,0,0,22,0,0,3,4,0,0,0,0,12,0,0,0,3,0,0,0,0,6,0,0,0,0,3,0,0,0,8,66,28,76,59,41,7,4,18,303
SAL22225,0,0,0,0,0,0,0,0,0,0,0,0,0,0,0,0,0,0,0,0,0,0,0,0,0,0,0,0,0,6,0,0,0,0,0,3,0,0,0,0,0,0,0,0,0,0,4,0,0,0,0,0,0,0,0,0,0,0,0,0,0,0,0,0,0,0,0,0,0,0,0,4,4,0,0,0,0,0,0,0,5,0,0,0,5,0,0,0,0,4,0,0,0,0,0,0,0,0,0,0,0,0,0,0,0,0,0,6,0,0,0,0,0,0,0,0,0,0,0,0,0,0,0,0,0,0,0,0,3,0,0,0,0,0,4,4,6,12,3,3,0,0,0,29
SAL22226,344,8,0,0,0,0,0,31,387,285,30,10,4,0,0,0,26,358,271,71,56,10,9,0,0,32,445,150,107,104,51,13,3,4,20,458,76,77,170,77,34,8,3,36,477,62,38,139,83,40,8,3,29,402,57,56,162,106,29,9,5,21,448,81,60,160,125,48,9,9,35,519,52,33,164,104,32,15,11,17,429,52,44,183,121,54,16,3,18,492,45,30,174,121,50,17,10,28,477,28,24,154,118,52,19,5,33,435,19,17,92,93,57,17,15,32,335,10,4,45,71,42,23,23,33,251,13,13,44,51,43,29,27,73,294,1552,613,1656,1140,503,164,119,467,6200
SAL22227,3,0,0,0,0,0,0,0,3,4,0,0,0,0,0,0,0,4,3,0,0,0,0,0,0,0,3,0,0,0,0,0,0,0,0,0,0,0,0,0,0,0,0,0,0,0,0,0,0,0,0,0,0,0,0,0,0,0,0,0,0,0,0,0,0,0,0,0,0,0,0,0,0,0,4,0,0,0,0,0,4,0,0,0,0,0,0,0,0,4,0,0,0,0,0,0,0,0,0,0,0,0,0,0,0,0,0,3,0,0,0,0,0,0,0,0,0,0,0,0,0,0,0,0,0,0,0,0,0,0,0,0,0,0,0,4,0,5,3,0,0,0,0,20
SAL22228,0,0,0,0,0,0,0,0,0,0,0,0,0,0,0,0,0,0,0,0,0,0,0,0,0,0,0,0,0,0,0,0,0,0,0,0,0,0,0,0,0,0,0,0,0,0,0,0,0,0,0,0,0,0,0,0,0,0,0,0,0,0,0,0,0,0,0,0,0,0,0,3,0,0,0,0,0,0,0,0,3,0,4,0,0,0,0,0,0,4,3,0,0,0,0,0,0,0,0,0,0,0,0,0,0,0,0,0,0,0,0,0,0,0,0,0,4,0,0,0,0,0,0,0,0,0,0,0,0,0,0,0,0,0,0,4,3,3,4,0,0,0,0,25
SAL22229,35,0,0,0,0,0,0,8,35,18,0,0,0,0,0,0,0,22,10,3,0,0,0,0,0,3,15,17,12,13,0,0,0,0,0,46,15,11,16,13,0,0,0,0,53,10,3,24,9,0,0,0,3,47,5,6,19,5,0,5,0,7,57,6,8,13,11,5,0,0,4,45,8,4,32,17,0,0,0,6,77,14,14,28,22,8,3,0,5,95,10,9,34,21,3,0,0,9,87,5,6,23,21,7,0,0,3,64,3,0,16,19,3,0,4,8,42,3,4,10,3,7,0,4,3,30,3,0,6,9,7,5,5,4,29,157,74,233,142,42,11,10,65,742
SAL22230,0,0,0,0,0,0,0,0,0,0,0,0,0,0,0,0,0,0,0,0,0,0,0,0,0,0,5,0,0,0,0,0,0,0,0,0,0,0,0,0,0,0,0,0,0,0,0,0,0,0,0,0,0,0,0,0,0,0,0,0,0,0,3,4,0,0,0,0,0,0,0,3,0,0,0,0,0,0,0,0,5,0,0,0,0,0,0,0,0,7,0,0,3,0,0,0,0,0,9,3,0,4,0,0,0,0,6,6,0,0,0,0,0,0,0,0,4,0,0,0,0,0,0,3,0,3,0,0,0,0,0,0,0,0,0,13,5,19,6,0,0,0,7,51
SAL22231,0,0,0,0,0,0,0,0,0,0,0,0,0,0,0,0,0,0,0,0,0,0,0,0,0,0,0,0,0,0,0,0,0,0,0,0,0,0,0,0,0,0,0,0,0,0,0,0,0,0,0,0,0,0,0,0,0,0,0,0,0,0,0,0,0,0,0,0,0,0,0,0,0,0,0,0,0,0,0,0,0,0,0,0,0,0,0,0,0,0,0,0,0,0,0,0,0,0,0,0,0,0,0,0,0,0,0,0,0,0,0,0,0,0,0,0,0,0,0,0,0,0,0,0,0,0,0,0,0,0,0,0,0,0,0,0,0,0,0,0,0,0,0,0
SAL22232,141,0,0,0,0,0,0,4,145,101,0,0,0,0,0,0,6,112,62,9,3,0,0,0,0,3,86,45,38,42,9,0,0,0,0,141,26,35,105,25,4,0,0,5,205,32,32,123,38,7,0,0,0,229,34,40,108,37,12,3,0,6,235,25,38,81,31,10,4,0,0,190,19,29,77,39,11,3,0,7,192,21,15,90,35,10,0,0,5,172,8,15,68,39,5,0,0,0,143,6,9,56,35,13,3,3,4,128,0,3,20,14,0,0,0,6,44,0,0,3,7,5,0,0,0,19,0,0,5,6,0,0,0,0,16,523,278,789,321,87,20,8,59,2064
SAL22233,6,0,0,0,0,0,0,0,6,0,0,0,0,0,0,0,0,0,0,0,0,0,0,0,0,3,3,0,0,0,0,0,0,0,0,0,0,0,0,0,0,0,0,0,0,0,0,0,0,0,0,0,0,3,3,0,5,0,0,0,0,0,10,3,0,0,0,0,0,0,0,6,0,0,3,0,0,0,0,0,3,0,0,3,0,0,0,0,0,4,0,0,3,0,0,0,0,0,7,0,0,0,0,0,0,0,0,3,0,0,0,0,0,0,0,0,0,0,0,0,0,0,0,0,0,0,0,0,0,0,0,0,0,0,0,12,8,10,0,3,0,0,6,40
SAL22234,339,0,0,0,0,0,0,12,355,228,0,0,0,0,0,0,9,237,151,7,0,0,0,0,0,7,167,158,45,34,4,0,0,0,21,263,107,71,108,23,4,0,0,7,313,88,57,154,45,10,0,0,15,379,95,65,177,79,21,0,0,20,451,54,78,190,96,18,4,0,17,459,70,61,185,97,20,4,0,17,454,71,48,164,70,22,4,0,14,387,53,50,149,74,18,6,0,15,358,48,42,140,76,13,0,0,16,342,29,26,88,61,25,3,0,7,245,19,13,54,36,23,6,0,15,171,30,29,97,83,34,18,10,45,343,1539,585,1538,756,196,47,24,239,4926
SAL22235,4,0,0,0,0,0,0,0,7,0,0,0,0,0,0,0,0,0,0,0,0,0,0,0,0,0,0,3,0,0,0,0,0,0,0,9,0,0,6,3,0,0,0,0,9,5,0,0,0,0,0,0,0,5,0,0,0,0,0,0,0,0,6,3,0,3,3,3,0,0,0,12,0,0,3,0,0,0,0,0,5,4,0,3,0,3,0,0,0,14,0,0,3,0,0,0,0,0,5,0,0,0,3,0,0,0,0,5,0,0,0,0,0,0,0,0,4,0,0,0,0,0,0,0,0,0,0,0,0,0,0,0,0,0,0,19,0,22,17,9,3,0,4,80
SAL22236,5,0,0,0,0,0,0,0,5,0,0,0,0,0,0,0,0,0,0,0,0,0,0,0,0,0,0,0,0,0,0,0,0,0,0,4,0,0,0,0,0,0,0,0,6,0,0,0,6,0,0,0,0,3,5,0,6,0,0,0,0,0,11,0,0,0,5,0,0,0,0,8,0,0,3,6,0,0,0,0,12,6,0,9,5,0,0,0,0,22,0,0,11,4,0,0,0,0,16,0,0,7,3,0,0,0,0,13,0,0,6,4,0,0,0,0,11,0,0,0,0,0,0,0,0,3,0,0,0,0,0,0,0,0,0,21,10,49,28,9,3,0,8,127
SAL22237,0,0,0,0,0,0,0,0,0,0,0,0,0,0,0,0,0,0,0,0,0,0,0,0,0,0,0,0,0,0,0,0,0,0,0,0,0,0,0,0,0,0,0,0,0,0,0,0,0,0,0,0,0,0,0,0,0,0,0,0,0,0,0,0,0,0,0,0,0,0,0,0,0,0,0,0,0,0,0,0,0,0,0,0,0,0,0,0,0,0,0,0,0,0,0,0,0,0,0,0,0,0,0,0,0,0,0,0,0,0,0,0,0,0,0,0,0,0,0,0,0,0,0,0,0,0,0,0,0,0,0,0,0,0,0,0,0,0,0,0,0,0,0,0
SAL22238,10,0,0,0,0,0,0,0,12,4,0,0,0,0,0,0,0,9,4,3,0,0,0,0,0,0,6,8,0,3,0,0,0,0,3,18,5,0,3,5,0,0,0,0,17,0,0,3,7,0,0,0,3,17,0,5,7,0,0,0,0,0,17,3,0,10,3,0,5,0,3,25,7,0,10,6,0,0,0,0,27,4,0,10,3,4,0,0,4,29,3,0,6,6,0,0,0,0,22,0,0,3,5,5,0,0,0,18,0,0,9,11,0,0,0,0,20,0,0,0,0,0,0,0,0,4,0,0,0,0,0,0,0,0,0,48,22,71,51,14,4,0,16,235
SAL22239,30,0,0,0,0,0,0,3,34,16,0,0,0,0,0,0,5,26,17,5,0,0,0,0,0,0,23,16,4,4,0,0,0,0,0,23,5,7,9,0,0,0,0,0,28,11,9,13,4,0,0,0,0,23,5,12,26,8,0,0,0,0,45,9,9,13,12,0,0,0,0,42,6,7,19,11,0,0,0,4,43,8,6,19,7,6,0,0,0,44,7,3,17,9,0,0,0,0,34,6,10,6,3,0,0,0,0,28,0,0,3,5,0,0,0,0,15,0,0,0,4,0,0,0,0,3,0,0,0,0,0,0,0,0,4,126,64,131,57,13,0,6,21,414
SAL22240,0,0,0,0,0,0,0,0,0,0,0,0,0,0,0,0,0,3,5,0,0,0,0,0,0,0,5,0,0,0,0,0,0,0,0,0,0,0,5,0,0,0,0,0,6,0,0,0,0,0,0,0,0,3,3,0,0,0,0,0,0,0,7,3,0,0,0,0,0,0,0,3,0,0,0,0,0,0,0,0,4,0,0,0,0,0,0,0,0,5,0,0,0,0,0,0,0,0,0,4,0,0,0,0,0,0,0,4,0,0,0,0,0,0,0,0,0,0,0,0,0,0,0,0,0,0,0,0,0,0,0,0,0,0,0,13,9,6,3,0,0,0,4,36
SAL22241,24,0,0,0,0,0,0,10,32,16,0,0,0,0,0,0,3,17,3,0,8,0,0,0,0,3,12,9,4,14,8,0,0,0,0,33,6,3,9,6,3,0,0,0,18,0,0,8,9,0,0,0,0,28,10,6,11,4,0,6,3,7,36,4,5,7,3,0,5,0,0,27,0,0,14,5,6,0,0,5,28,3,4,9,9,0,4,0,4,26,0,3,6,8,0,0,0,0,27,0,0,8,0,0,0,0,4,14,0,3,3,0,0,0,0,0,9,0,0,0,0,5,0,0,0,4,0,0,0,0,0,0,0,0,3,79,31,92,50,14,7,11,36,329
SAL22242,183,0,0,0,0,0,0,18,200,160,3,0,0,0,0,0,13,180,146,21,9,0,0,0,0,6,183,68,41,31,3,0,0,0,3,147,55,52,107,20,5,0,0,3,240,24,50,116,32,6,3,0,11,242,20,41,95,51,10,0,0,4,225,26,38,95,45,14,0,3,9,234,20,28,62,44,11,0,6,0,174,16,25,83,49,16,3,0,6,193,13,22,75,32,14,0,0,9,167,12,16,61,42,15,3,0,4,153,5,8,34,22,15,3,0,5,94,0,3,15,11,4,0,3,5,44,0,4,9,6,4,5,5,4,29,738,342,794,357,121,20,21,103,2499
SAL22243,7,0,0,0,0,0,0,6,4,0,0,0,0,0,0,0,0,0,0,0,0,0,0,0,0,0,0,0,0,0,0,0,0,0,0,0,0,0,0,0,0,0,0,0,0,0,0,0,0,0,0,0,0,3,0,0,5,4,0,0,0,0,8,0,0,0,3,0,0,0,0,6,0,0,0,0,0,0,0,0,0,0,0,3,0,0,0,0,0,9,0,0,0,4,0,0,0,0,4,0,0,0,0,0,0,0,0,10,0,0,0,0,0,0,0,0,0,0,0,0,0,0,0,0,0,0,0,0,0,0,0,0,0,0,0,10,4,19,11,0,0,0,3,46
SAL22244,8,0,0,0,0,0,0,0,8,3,0,0,0,0,0,0,0,3,0,0,0,0,0,0,0,0,0,5,0,0,3,0,0,0,0,4,0,0,0,0,0,0,0,0,3,0,0,0,0,0,0,0,0,7,0,3,5,8,0,0,0,0,12,4,0,4,4,0,0,0,0,12,0,0,4,0,0,0,0,0,6,0,0,0,0,0,0,0,0,6,0,0,3,5,0,0,0,0,11,0,0,0,0,0,0,0,0,5,0,0,0,0,6,0,0,0,3,0,0,0,0,0,0,0,0,3,0,0,0,0,0,0,0,0,0,24,8,23,22,5,3,3,4,94
SAL22245,7,0,0,0,0,0,0,0,7,0,0,0,0,0,0,0,0,0,0,0,0,0,0,0,0,0,0,5,0,0,0,0,0,0,0,7,4,3,0,0,0,0,0,0,3,0,0,0,0,0,0,0,0,4,0,0,4,0,0,0,0,0,9,0,3,6,0,0,0,0,0,14,0,0,4,0,6,0,0,5,13,4,0,0,7,0,0,0,0,11,3,0,0,0,4,0,0,0,7,0,0,0,0,0,0,0,0,3,0,0,3,0,0,0,0,0,7,0,0,0,0,0,0,0,0,0,0,0,0,0,0,0,0,0,3,23,6,18,14,13,4,0,6,82
SAL22246,11,0,0,0,0,0,0,0,11,4,9,0,0,0,0,0,0,11,4,5,3,0,0,0,0,0,17,5,0,0,3,0,0,0,0,17,0,0,3,0,0,0,0,0,10,0,3,4,7,4,0,0,0,18,0,0,3,3,0,0,0,0,13,0,3,5,6,0,4,0,0,20,0,3,5,5,0,0,0,3,20,0,0,9,10,9,0,0,0,31,0,0,0,0,6,0,0,0,10,0,0,8,5,5,0,0,3,24,0,0,0,3,3,0,0,4,10,0,0,0,5,4,0,0,0,16,0,0,0,0,0,3,4,3,24,37,28,47,49,38,16,19,30,252
SAL22247,147,0,0,0,0,0,0,8,155,100,4,0,0,0,0,0,10,115,94,19,10,3,0,0,0,14,138,76,48,53,11,0,0,0,11,195,38,61,104,32,10,3,0,11,256,15,36,69,27,4,0,0,7,153,32,26,68,27,7,3,0,3,180,21,34,82,34,9,3,0,4,180,30,24,82,36,13,0,0,4,189,5,23,65,40,12,3,3,5,150,12,15,39,12,9,3,5,0,102,3,4,25,24,10,0,0,4,73,0,4,22,14,7,0,0,0,53,0,3,11,3,6,0,0,4,30,0,7,11,3,0,3,0,4,21,576,312,638,251,81,26,15,102,1996
SAL22248,0,0,0,0,0,0,0,0,0,0,0,0,0,0,0,0,0,0,0,0,0,0,0,0,0,0,0,0,0,0,0,0,0,0,0,0,0,0,0,0,0,0,0,0,0,0,0,0,0,0,0,0,0,0,0,0,0,0,0,0,0,0,0,0,0,0,0,0,0,0,0,0,0,0,0,0,0,0,0,0,0,0,0,0,0,0,0,0,0,0,0,0,0,0,0,0,0,0,0,0,0,0,0,0,0,0,0,0,0,0,0,0,0,0,0,0,0,0,0,0,0,0,0,0,0,0,0,0,0,0,0,0,0,0,0,0,0,0,0,0,0,0,0,4
SAL22249,336,4,0,0,0,0,0,33,373,336,17,4,6,0,0,0,34,394,383,65,35,12,5,0,0,45,530,309,169,122,32,0,0,4,48,684,173,153,232,82,22,3,0,56,713,140,117,231,79,22,9,0,44,651,160,115,211,82,26,6,6,31,645,119,104,176,81,24,17,4,47,572,104,70,175,91,30,10,8,33,521,87,81,189,105,43,12,6,26,546,56,64,179,98,31,10,5,24,467,41,45,171,120,56,10,5,26,474,22,25,102,85,28,8,7,33,320,22,20,46,51,29,11,6,18,205,16,21,66,43,32,24,5,30,238,2303,1071,1942,963,343,126,63,529,7333
SAL22250,58,0,0,0,0,0,0,5,62,42,0,0,0,0,0,0,0,47,36,0,3,0,0,0,0,0,48,29,9,15,5,0,0,0,0,60,24,18,23,9,0,0,0,7,83,10,12,42,5,5,0,0,3,81,16,13,29,7,7,0,0,0,74,19,9,33,14,4,0,0,0,85,13,8,34,10,8,0,0,0,68,11,12,25,14,0,0,0,4,59,4,11,22,16,3,0,0,0,53,6,11,22,22,0,0,0,8,71,5,0,20,5,13,0,0,0,43,0,0,8,8,3,0,0,4,24,0,0,11,13,4,0,4,5,40,276,116,283,131,38,0,8,33,894
SAL22251,3,0,0,0,0,0,0,0,6,4,0,0,0,0,0,0,0,4,5,0,0,0,0,0,0,0,5,0,6,4,0,0,0,0,0,7,3,0,3,0,0,0,0,0,14,0,0,4,5,0,0,0,0,14,4,0,5,0,0,0,0,3,17,0,0,0,4,0,0,0,0,4,0,0,5,3,3,0,0,0,16,0,4,11,3,3,0,0,3,27,0,3,6,6,0,0,0,0,16,4,0,8,3,0,0,0,0,10,0,0,8,0,0,0,4,0,7,0,0,0,0,0,0,0,0,0,0,0,0,0,0,0,0,0,4,29,17,48,27,8,0,0,12,150
SAL22252,0,0,0,0,0,0,0,0,4,6,0,0,0,0,0,0,0,6,3,0,0,0,0,0,0,0,6,0,0,0,0,0,0,0,0,4,0,0,4,0,0,0,0,0,4,0,0,5,5,0,0,0,0,6,0,0,0,0,0,0,0,0,0,0,0,0,0,0,0,0,0,4,0,0,4,4,0,0,0,0,9,0,0,6,8,0,0,0,0,5,0,0,6,3,0,0,0,3,6,0,0,0,0,0,0,0,0,3,0,0,0,0,0,0,0,0,0,0,0,0,0,0,0,0,0,0,0,0,0,0,0,0,0,0,0,11,0,18,21,3,0,0,7,62
SAL22253,8,0,0,0,0,0,0,0,8,4,0,0,0,0,0,0,0,4,0,0,0,0,0,0,0,0,4,0,0,4,0,0,0,0,0,6,0,0,0,3,0,0,0,0,3,0,0,4,6,0,0,0,0,9,0,0,0,0,0,0,0,0,3,0,0,0,0,0,0,0,0,0,0,0,3,0,0,0,0,0,10,0,0,0,3,0,0,0,0,3,0,0,0,0,0,0,0,3,10,0,0,0,0,0,0,0,0,0,0,0,0,0,0,0,0,0,0,0,0,0,0,0,0,0,0,0,0,0,0,0,0,0,0,0,0,17,5,19,9,4,0,0,3,58
SAL22254,6,0,0,0,0,0,0,0,6,10,0,0,0,0,0,0,0,10,3,0,4,0,0,0,0,0,8,0,0,3,4,0,0,0,0,7,0,0,3,0,0,0,0,0,8,0,4,3,0,0,0,0,0,8,0,0,3,5,0,0,0,0,8,0,0,0,0,0,0,0,7,10,0,0,9,0,0,0,0,0,18,0,0,5,3,0,0,0,0,6,0,0,0,0,0,0,0,0,5,0,0,0,0,0,0,0,0,3,0,0,3,0,0,0,0,0,0,0,0,0,0,0,0,0,0,3,0,0,0,0,0,0,0,0,0,28,6,32,12,3,5,3,7,101
SAL22255,221,6,0,0,0,0,0,29,262,269,33,14,7,0,0,0,31,355,257,79,46,13,6,0,0,33,446,119,74,79,46,13,6,0,27,372,87,55,85,38,15,4,4,26,333,39,43,91,48,18,10,3,19,275,48,61,83,52,23,5,3,26,303,47,44,81,56,28,9,7,23,301,42,32,106,74,34,14,4,21,327,37,24,90,75,31,14,8,17,304,35,22,103,75,35,16,10,21,322,30,27,103,86,51,17,6,38,360,16,22,44,62,48,6,13,41,246,12,12,36,37,29,15,18,17,177,15,5,29,39,36,24,18,35,198,1297,551,996,722,361,144,114,405,4586
SAL22256,61,0,0,0,0,0,0,4,66,117,0,0,0,0,0,0,11,124,190,6,0,0,0,0,0,15,215,205,51,22,0,0,0,0,26,312,125,60,71,10,3,0,0,10,279,71,48,99,28,3,0,0,6,246,65,43,63,14,7,0,0,9,192,72,31,56,19,5,0,0,9,177,54,24,44,14,9,0,0,5,151,40,21,30,15,10,5,0,0,121,17,18,19,14,0,4,0,5,76,7,7,23,7,8,3,0,0,53,9,6,8,10,6,0,0,7,46,0,0,21,5,9,0,7,3,38,0,0,3,11,3,5,0,0,27,1027,316,452,151,46,13,6,100,2120
SAL22257,18,0,0,0,0,0,0,0,18,9,0,0,0,0,0,0,0,11,4,0,0,0,0,0,0,0,9,5,4,3,0,0,0,0,0,12,3,7,8,0,0,0,0,0,16,6,5,8,7,3,0,0,0,26,3,5,9,5,0,0,0,0,24,4,5,11,6,0,0,0,3,29,9,0,15,7,5,0,0,0,34,0,0,7,7,0,0,0,0,22,3,0,8,4,0,0,0,0,18,3,0,0,6,0,0,0,0,14,6,0,0,3,0,0,0,0,4,0,0,3,0,0,0,0,0,6,0,0,3,0,0,0,0,3,7,69,21,72,54,12,3,0,11,246
SAL22258,46,0,0,0,0,0,0,0,50,36,0,0,0,0,0,0,5,44,33,3,0,0,0,0,0,4,43,16,8,10,3,0,0,0,0,39,18,13,21,6,0,0,0,0,67,11,17,21,21,4,4,0,9,73,5,14,31,11,0,0,0,0,60,6,16,20,10,5,0,0,0,58,7,4,19,19,4,0,0,3,53,9,5,25,15,7,0,0,0,60,3,3,11,15,3,0,0,0,46,0,4,6,3,4,0,0,0,25,0,0,8,7,3,3,6,0,23,0,0,4,0,0,0,0,0,10,0,0,0,0,0,0,0,0,5,201,82,180,115,31,6,5,28,650
SAL22259,0,0,0,0,0,0,0,0,0,0,0,0,0,0,0,0,0,0,0,0,0,0,0,0,0,0,0,0,0,0,0,0,0,0,0,0,0,0,0,0,0,0,0,0,0,0,0,0,0,0,0,0,0,0,0,0,0,0,0,0,0,0,0,0,0,0,0,0,0,0,0,0,0,0,0,0,0,0,0,0,0,0,0,0,0,0,0,0,0,0,0,0,0,0,0,0,0,0,0,0,0,0,0,0,0,0,0,0,0,0,0,0,0,0,0,0,0,0,0,0,0,0,0,0,0,0,0,0,0,0,0,0,0,0,0,0,0,0,0,0,0,0,0,0
SAL22260,0,0,0,0,0,0,0,0,0,0,0,0,0,0,0,0,0,0,0,0,0,0,0,0,0,0,0,0,0,0,0,0,0,0,0,0,0,0,0,0,0,0,0,0,0,0,0,0,0,0,0,0,0,0,0,0,0,0,0,0,0,0,5,0,0,0,0,0,0,0,0,0,0,0,0,0,0,0,0,0,0,0,0,0,0,0,0,0,0,3,0,0,0,0,0,0,0,0,4,0,0,0,0,0,0,0,0,0,0,0,0,0,0,0,0,0,0,0,0,0,0,0,0,0,0,0,0,0,0,0,0,0,0,0,0,0,0,3,0,0,0,0,0,12
SAL22261,9,0,0,0,0,0,0,0,11,0,0,0,0,0,0,0,5,3,0,0,0,0,0,0,0,0,3,4,0,0,0,0,0,0,0,8,0,0,4,0,0,0,0,0,6,3,0,0,3,5,0,0,0,10,0,0,0,6,0,0,0,0,7,0,0,0,0,5,0,0,0,3,0,0,0,0,0,0,0,0,5,0,0,0,4,0,0,0,0,8,0,0,0,0,0,0,0,0,6,0,0,4,0,0,0,0,0,5,0,0,0,0,0,0,0,0,6,0,0,0,0,0,0,0,0,5,0,0,0,0,0,0,0,0,0,19,9,20,14,9,0,3,11,91
SAL22262,0,0,0,0,0,0,0,0,0,0,0,0,0,0,0,0,0,0,0,0,0,0,0,0,0,0,9,0,0,0,3,0,0,0,0,6,0,0,0,0,0,0,0,0,0,0,0,0,3,0,0,0,0,4,0,0,0,0,0,0,0,0,0,0,0,0,4,0,0,0,0,3,0,0,0,0,0,0,0,0,4,0,0,4,0,0,0,0,0,4,0,0,0,0,0,0,0,0,9,0,0,0,0,0,0,0,0,4,0,0,0,0,0,0,0,0,0,0,0,0,0,0,0,0,0,0,0,0,0,0,0,0,0,0,0,4,0,11,12,5,0,4,3,46
SAL22263,82,0,0,0,0,0,0,10,93,67,0,6,0,0,0,0,4,74,60,11,10,5,0,0,0,3,92,20,21,30,15,0,0,0,8,83,14,16,39,20,3,0,0,5,82,15,11,33,18,6,0,0,3,86,11,10,35,29,4,5,0,0,87,9,7,34,26,6,5,0,3,90,9,7,32,24,10,5,0,7,90,7,9,34,25,7,0,0,5,89,6,4,22,19,7,3,0,5,70,3,0,11,12,5,0,0,0,39,0,0,9,10,9,0,0,0,33,0,0,6,11,4,5,0,0,18,0,5,0,4,0,0,0,0,13,309,101,281,218,58,16,5,48,1039
SAL22264,17,0,0,0,0,0,0,4,24,21,0,0,0,0,0,0,0,25,21,12,5,0,0,0,0,0,33,12,4,11,4,0,0,0,0,39,0,3,5,8,5,0,0,0,23,4,0,19,9,0,0,0,5,35,5,7,7,6,0,0,0,4,27,3,3,10,8,3,0,0,0,34,5,6,12,0,5,0,0,0,25,5,4,8,3,0,0,0,3,24,3,4,11,6,4,0,0,0,23,3,0,6,3,0,0,0,0,10,0,3,3,0,0,0,0,5,10,0,0,0,3,4,0,0,0,9,0,0,0,0,0,0,0,0,0,93,45,103,55,18,6,3,21,337
SAL22265,142,0,0,0,0,0,0,11,154,153,19,4,5,0,0,0,19,192,115,33,36,9,0,0,0,21,210,65,35,38,27,3,0,3,12,184,38,28,45,14,6,5,0,20,166,29,24,58,28,9,5,10,7,167,22,31,68,40,18,9,0,15,209,25,30,58,47,32,3,5,12,218,26,32,76,53,15,11,8,27,249,37,23,70,39,27,7,7,21,238,21,23,76,62,35,6,4,14,241,16,17,61,63,22,10,4,13,200,7,9,43,32,22,12,3,13,148,0,3,23,29,17,12,5,18,107,8,10,30,30,20,19,8,27,138,701,315,704,475,216,91,54,262,2833
SAL22266,8,0,0,0,0,0,0,0,8,0,0,0,0,0,0,0,0,0,4,0,0,0,0,0,0,0,3,6,3,0,0,0,0,0,0,10,0,0,3,4,0,0,0,0,3,0,0,0,4,0,0,0,0,7,0,3,0,0,0,0,0,0,10,0,0,0,0,0,0,0,0,6,4,0,3,0,0,0,0,0,12,0,0,0,3,0,0,0,0,3,0,0,4,0,0,0,0,0,11,0,0,0,0,0,0,0,0,0,0,0,0,0,0,0,0,0,0,0,0,0,0,0,0,0,0,3,0,0,0,0,0,0,0,0,0,22,3,20,10,9,0,0,4,71
SAL22267,0,0,0,0,0,0,0,0,0,0,0,0,0,0,0,0,0,0,0,0,0,0,0,0,0,0,0,0,0,0,0,0,0,0,0,0,0,0,0,0,0,0,0,0,0,0,0,0,0,0,0,0,0,0,0,0,0,0,0,0,0,0,0,0,0,0,0,0,0,0,0,0,0,0,0,0,0,0,0,0,0,0,0,0,0,0,0,0,0,0,0,0,0,0,0,0,0,0,0,0,0,0,0,0,0,0,0,0,0,0,0,0,0,0,0,0,0,0,0,0,0,0,0,0,0,0,0,0,0,0,0,0,0,0,0,0,0,5,0,0,0,0,0,5
SAL22268,5,0,0,0,0,0,0,0,5,4,0,0,0,0,0,0,0,4,0,0,0,0,0,0,0,0,4,3,0,0,0,0,0,0,0,7,0,0,0,0,0,0,0,0,3,0,0,5,0,0,0,0,0,6,0,0,0,0,0,0,0,0,6,0,0,0,3,0,0,0,0,9,0,0,0,0,0,0,0,0,0,0,0,0,3,0,0,0,0,7,0,0,4,0,0,0,0,0,7,0,0,0,0,0,0,0,0,4,0,0,0,0,0,0,0,0,0,0,0,0,0,0,0,0,0,0,0,0,0,0,0,0,0,0,0,18,3,16,6,3,0,0,3,50
SAL22269,0,0,0,0,0,0,0,0,0,0,0,0,0,0,0,0,0,0,0,0,0,0,0,0,0,0,0,0,0,0,0,0,0,0,0,0,0,0,0,0,0,0,0,0,0,0,0,0,0,0,0,0,0,0,0,0,0,0,0,0,0,0,0,0,0,0,0,0,0,0,0,0,0,0,0,0,0,0,0,0,3,0,0,0,0,0,0,0,0,5,0,0,0,0,0,0,0,0,4,0,0,0,0,0,0,0,0,3,0,0,0,0,0,0,0,0,4,0,0,0,0,0,0,0,0,0,0,0,0,0,0,0,0,0,0,6,0,9,5,0,0,0,0,18
SAL22270,0,0,0,0,0,0,0,0,0,0,0,0,0,0,0,0,0,0,0,0,0,0,0,0,0,0,0,0,0,0,0,0,0,0,0,0,0,0,0,0,0,0,0,0,0,0,0,0,0,0,0,0,0,0,0,0,0,0,0,0,0,0,0,0,0,0,0,0,0,0,0,3,0,0,0,0,0,0,0,0,5,0,0,0,0,0,0,0,0,0,0,0,0,0,0,0,0,0,0,0,0,0,0,0,0,0,0,0,0,0,0,0,0,0,0,0,3,0,0,0,0,0,0,0,0,0,0,0,0,0,0,0,0,0,0,0,0,7,0,0,0,0,3,12
SAL22271,15,0,0,0,0,0,0,4,15,7,0,0,0,0,0,0,0,8,4,0,0,0,0,0,0,0,8,5,0,0,0,0,0,0,0,7,0,0,5,6,0,0,0,0,10,0,4,3,0,0,0,0,0,14,3,0,3,7,0,0,0,0,11,0,4,8,0,5,0,0,3,21,4,3,4,7,0,0,0,0,28,3,0,3,7,3,0,0,0,17,0,0,4,9,3,0,0,0,20,0,0,0,3,0,0,0,0,9,0,0,0,0,0,0,0,3,11,3,0,0,0,0,0,0,0,4,0,0,0,0,0,0,0,0,0,48,20,39,39,15,9,4,9,185
SAL22272,5,0,0,0,0,0,0,3,8,7,0,0,0,0,0,0,0,5,0,4,0,0,0,0,0,0,7,0,4,0,0,0,0,0,0,12,0,0,4,0,0,0,0,0,7,0,0,4,0,0,0,0,0,11,0,0,6,3,0,0,0,0,7,0,0,3,4,0,0,0,0,8,0,0,3,6,0,0,0,0,17,0,0,0,4,0,0,0,0,8,0,0,0,0,0,0,0,0,6,0,0,0,3,0,0,0,0,3,0,0,0,0,0,0,0,0,5,0,0,0,0,0,0,0,0,0,0,0,0,0,0,0,0,0,0,18,14,28,18,7,5,5,10,98
SAL22273,0,0,0,0,0,0,0,0,0,0,0,0,0,0,0,0,0,0,0,0,0,0,0,0,0,0,0,0,0,0,0,0,0,0,0,0,0,0,0,0,0,0,0,0,0,0,0,0,0,0,0,0,0,0,0,0,0,0,0,0,0,0,0,0,0,0,0,0,0,0,0,0,0,0,0,0,0,0,0,0,0,0,0,0,0,0,0,0,0,0,0,0,0,0,0,0,0,0,0,0,0,0,0,0,0,0,0,0,0,0,0,0,0,0,0,0,0,0,0,0,0,0,0,0,0,0,0,0,0,0,0,0,0,0,0,0,0,0,0,0,0,0,0,0
SAL22274,0,0,0,0,0,0,0,0,0,0,0,0,0,0,0,0,0,0,0,0,0,0,0,0,0,0,0,0,0,0,0,0,0,0,0,0,0,0,0,0,0,0,0,0,0,0,0,0,0,0,3,0,0,0,3,0,0,0,0,0,0,0,4,0,0,0,0,0,0,0,0,5,0,0,0,0,0,0,0,0,0,0,0,0,0,0,0,0,0,0,0,0,0,0,0,0,0,0,3,0,0,0,0,0,0,0,0,3,0,0,0,0,0,0,0,0,0,0,0,0,0,0,0,0,0,0,0,0,0,0,0,0,0,0,0,7,0,6,5,5,3,0,3,30
SAL22275,780,18,0,0,0,0,0,107,908,755,102,38,3,0,0,0,115,1022,694,212,137,70,12,9,4,116,1258,382,253,252,125,50,16,6,121,1200,202,155,288,157,65,33,21,102,1026,130,118,267,149,80,29,32,70,884,109,104,274,195,66,37,48,71,903,129,98,319,209,72,34,30,66,949,107,120,304,243,81,33,36,79,994,101,87,278,218,89,22,24,74,889,67,64,305,239,97,27,23,74,888,56,53,284,221,108,26,23,67,836,43,29,170,166,110,34,25,77,654,34,18,101,132,88,46,32,63,513,28,38,105,118,98,53,47,79,565,3607,1468,3125,2244,1017,397,362,1275,13491
SAL22276,24,0,0,0,0,0,0,3,30,22,0,0,0,0,0,0,0,27,21,5,7,0,0,0,0,0,32,4,0,3,3,0,0,0,0,15,3,4,14,9,4,5,0,3,38,4,0,15,8,5,0,0,0,36,4,0,15,8,0,0,6,0,39,0,7,11,15,5,0,0,7,39,3,0,20,15,7,0,0,3,54,4,3,19,13,5,0,0,5,46,0,0,10,7,3,0,0,5,23,0,0,10,8,3,0,0,0,27,0,0,0,6,0,0,0,4,14,0,0,0,6,0,4,0,0,8,0,0,5,0,4,0,0,0,10,94,24,138,90,42,12,6,36,446
SAL22277,75,0,0,0,0,0,0,7,81,35,4,0,0,0,0,0,4,43,38,7,10,0,3,0,0,4,59,22,13,39,11,0,0,0,0,89,9,19,35,29,10,0,0,3,106,4,5,44,29,0,0,0,0,91,0,3,25,22,11,4,3,3,70,0,10,23,9,4,6,3,0,47,0,0,14,9,3,0,3,5,37,0,9,6,3,3,0,6,4,32,0,0,7,11,3,0,0,0,18,0,5,4,7,0,0,0,4,17,0,0,0,0,3,5,0,3,15,0,0,0,0,0,0,0,0,3,0,0,0,0,0,0,4,7,13,191,68,210,133,46,9,24,47,722
SAL22278,9,0,0,0,0,0,0,0,12,11,0,0,0,0,0,0,0,11,5,0,0,0,0,0,0,0,5,3,0,0,0,0,0,0,0,9,4,0,0,4,0,0,0,0,10,0,0,0,0,0,0,0,0,6,0,4,8,7,0,0,0,0,22,0,0,0,0,0,0,0,0,9,3,3,6,0,0,0,0,0,12,3,0,3,0,0,0,0,0,13,0,3,8,3,0,0,0,0,15,0,3,5,3,0,0,0,0,11,0,0,0,4,0,0,0,0,3,0,0,0,0,0,0,0,0,0,0,0,0,0,0,0,0,0,3,43,21,35,17,4,0,0,7,128
SAL22279,5,0,0,0,0,0,0,0,8,3,0,0,0,0,0,0,0,3,4,0,0,0,0,0,0,0,4,10,0,5,0,0,0,0,3,13,0,0,4,4,0,0,0,0,16,0,0,4,0,0,0,0,0,11,5,4,9,3,0,0,0,0,16,5,3,4,4,4,0,0,0,21,0,0,12,8,0,0,0,3,22,8,3,19,10,0,0,0,0,46,0,0,18,13,3,0,0,7,40,0,0,10,13,0,0,0,0,37,0,0,10,4,4,0,0,0,25,0,0,5,9,7,0,0,0,15,0,0,8,5,8,0,0,0,28,46,24,101,79,27,4,6,25,298
SAL22280,0,0,0,0,0,0,0,0,0,0,0,0,0,0,0,0,0,0,0,0,0,0,0,0,0,0,0,0,0,0,0,0,0,0,0,0,0,0,0,0,0,0,0,0,0,0,0,0,0,0,0,0,0,0,0,0,0,0,0,0,0,0,0,0,0,0,0,0,0,0,0,0,0,0,0,0,0,0,0,0,0,0,0,0,0,0,0,0,0,0,0,0,0,0,0,0,0,0,0,0,0,0,0,0,0,0,0,0,0,0,0,0,0,0,0,0,0,0,0,0,0,0,0,0,0,0,0,0,0,0,0,0,0,0,0,3,0,3,0,0,0,0,0,5
SAL22281,37,0,0,0,0,0,0,0,39,34,0,0,0,0,0,0,7,37,21,7,7,0,0,0,0,0,32,16,5,8,7,0,0,0,3,44,5,3,14,10,3,0,0,0,38,6,0,21,9,3,0,0,5,47,4,7,19,12,4,0,0,0,50,7,0,17,8,3,5,0,0,52,3,5,15,13,3,3,0,7,49,5,4,14,8,8,0,0,0,37,0,6,8,12,5,0,0,0,30,0,3,12,5,6,0,0,0,28,0,0,10,11,3,0,0,0,29,0,0,3,0,0,0,0,0,6,0,0,0,3,3,3,0,0,13,149,42,151,97,45,12,7,24,525
SAL22282,4,0,0,0,0,0,0,0,4,3,0,0,0,0,0,0,0,3,6,0,0,0,0,0,0,0,6,0,0,0,0,0,0,0,0,0,0,0,3,0,0,0,0,0,10,0,0,0,0,0,0,0,0,3,4,0,0,0,0,0,0,0,10,0,0,4,0,0,0,0,0,8,0,0,3,3,0,0,0,0,19,9,3,6,6,0,0,0,0,20,0,0,10,10,4,0,0,9,27,0,0,7,10,3,3,0,0,18,0,0,8,4,0,0,0,4,18,0,0,0,0,3,0,0,0,3,0,0,0,3,0,0,0,0,5,26,5,50,32,17,3,0,13,149
SAL22283,17,0,0,0,0,0,0,6,23,3,3,0,0,0,0,0,0,13,7,0,4,6,0,0,0,0,14,6,4,7,4,0,0,0,0,14,3,0,8,3,3,0,0,3,20,3,3,9,5,0,0,0,0,15,4,0,4,3,6,0,0,0,18,6,0,4,6,4,0,0,0,25,0,0,8,7,3,0,0,0,21,0,0,6,0,6,0,0,0,21,0,0,3,0,4,0,0,0,8,0,0,3,0,0,0,0,0,11,0,0,3,0,0,0,0,0,8,0,0,0,0,3,0,0,0,10,0,0,0,0,0,0,0,0,0,55,12,49,37,35,7,3,24,223
SAL22284,0,0,0,0,0,0,0,4,0,0,0,0,0,0,0,0,0,0,4,0,0,0,0,0,0,0,4,0,0,0,0,0,0,0,0,0,0,0,0,0,0,0,0,0,0,0,0,0,0,0,0,0,0,0,0,0,0,0,0,0,0,0,0,0,0,0,0,0,0,0,0,5,0,0,4,4,0,0,0,0,3,0,0,0,0,0,0,0,0,0,0,0,4,0,0,0,0,0,4,0,0,0,0,0,0,0,0,0,0,0,0,0,0,0,0,0,0,0,0,0,0,0,0,0,0,0,0,0,0,0,0,0,0,0,0,8,0,4,3,0,0,0,4,16
SAL22285,0,0,0,0,0,0,0,0,0,0,0,0,0,0,0,0,0,0,0,0,0,0,0,0,0,0,0,0,0,0,0,0,0,0,0,0,0,0,0,0,0,0,0,0,4,0,0,0,0,0,0,0,0,0,0,0,0,0,0,0,0,0,3,0,0,0,0,0,0,0,0,0,0,0,0,0,0,0,0,0,3,0,0,0,0,0,0,0,0,3,0,3,6,0,0,0,0,3,12,0,0,0,0,0,0,0,0,0,0,0,0,0,0,0,0,0,0,0,0,0,0,0,0,0,0,0,0,0,0,0,0,0,0,0,0,3,4,11,5,4,0,0,5,34
SAL22286,3,0,0,0,0,0,0,0,3,6,0,0,0,0,0,0,0,6,9,0,0,0,0,0,0,0,9,7,3,0,0,0,0,0,0,9,0,0,0,0,0,0,0,0,3,6,0,4,0,0,0,0,0,3,6,0,0,0,0,0,0,0,12,0,6,4,0,0,0,0,3,10,0,4,0,0,0,0,0,0,5,4,0,4,3,0,0,0,0,16,0,6,7,6,0,0,0,0,12,0,0,3,5,0,0,0,0,11,5,0,4,3,0,0,0,0,9,0,0,5,0,0,3,0,0,10,0,0,0,0,0,0,0,0,3,40,9,29,16,0,3,0,11,113
SAL22287,0,0,0,0,0,0,0,0,0,0,0,0,0,0,0,0,0,0,0,0,0,0,0,0,0,0,0,0,0,0,0,0,0,0,0,0,0,0,0,0,0,0,0,0,0,0,0,0,0,0,0,0,0,0,0,0,0,0,0,0,0,0,0,0,0,0,0,0,0,0,0,0,0,0,0,0,0,0,0,0,0,0,0,0,0,0,0,0,0,0,0,0,0,0,0,0,0,0,0,0,0,0,0,0,0,0,0,0,0,0,0,0,0,0,0,0,4,0,0,0,0,0,0,0,0,0,0,0,0,0,0,0,0,0,0,6,0,0,0,0,0,0,0,7
SAL22288,4,0,0,0,0,0,0,0,4,0,0,0,0,0,0,0,0,0,0,0,0,0,0,0,0,0,0,0,0,0,0,0,0,0,0,0,0,0,0,0,0,0,0,0,3,0,0,0,0,0,0,0,0,0,0,0,7,0,0,0,0,0,3,0,0,0,0,0,0,0,0,4,0,0,0,0,0,0,0,0,0,0,0,4,0,0,0,0,0,4,0,0,0,0,0,0,0,0,0,0,0,0,0,0,0,0,0,0,0,0,0,0,0,0,0,0,0,0,0,0,0,0,0,0,0,0,0,0,0,0,0,0,0,0,0,0,3,10,6,3,0,0,3,30
SAL22289,0,0,0,0,0,0,0,0,0,0,0,0,0,0,0,0,0,0,0,0,0,0,0,0,0,0,0,0,0,0,0,0,0,0,0,0,0,0,0,0,0,0,0,0,0,0,0,0,0,0,0,0,0,0,0,0,0,0,0,0,0,0,0,0,0,3,0,0,0,0,0,3,0,0,0,0,0,0,0,0,0,0,0,0,0,0,0,0,0,0,0,0,0,0,0,0,0,0,0,0,0,0,0,0,0,0,0,4,0,0,0,0,0,0,0,0,0,0,0,0,0,0,0,0,0,0,0,0,0,0,0,0,0,0,0,0,0,3,6,0,0,0,3,18
SAL22290,21,0,0,0,0,0,0,4,22,9,0,0,0,0,0,0,0,13,7,3,0,0,0,0,0,0,12,8,3,3,0,0,0,0,0,9,6,0,4,4,0,0,0,6,18,0,0,3,5,7,0,0,0,9,5,3,5,0,3,0,0,0,20,0,0,11,10,0,0,0,4,18,4,0,10,5,4,0,0,3,24,4,5,13,10,0,0,0,4,35,0,0,0,8,0,0,0,0,15,0,5,11,4,0,0,0,3,18,3,0,3,0,4,0,0,0,13,0,0,4,0,0,4,0,0,14,0,3,3,8,5,0,3,4,24,65,20,68,50,20,9,10,29,265
SAL22291,251,0,0,0,0,0,0,24,268,260,13,10,0,0,0,0,12,288,156,35,28,10,4,0,0,11,235,94,87,78,22,8,0,0,9,299,55,52,141,58,11,5,0,10,337,40,47,106,73,17,5,4,13,291,36,43,121,65,20,4,8,9,299,40,44,134,66,23,5,0,9,321,28,36,120,72,16,5,0,10,289,16,33,67,58,18,0,7,4,209,15,16,61,26,17,3,0,3,140,8,10,43,32,10,0,3,4,108,7,9,28,23,12,6,4,5,90,3,0,13,11,8,0,4,5,44,0,3,6,9,0,4,3,8,38,1004,424,950,526,166,38,32,129,3257
SAL22292,0,0,0,0,0,0,0,0,0,0,0,0,0,0,0,0,0,0,0,0,0,0,0,0,0,0,0,0,0,0,0,0,0,0,0,0,0,0,4,0,0,0,0,0,5,0,0,0,0,0,0,0,0,0,0,0,0,0,0,0,0,0,0,0,0,0,0,0,0,0,0,0,0,0,0,0,0,0,0,3,5,0,0,0,0,0,0,0,0,3,0,0,0,0,0,0,0,0,0,0,0,0,0,0,0,0,0,0,0,0,0,0,0,0,0,0,0,0,0,0,0,0,0,0,0,0,0,0,0,0,0,0,0,0,0,0,0,9,0,0,0,0,3,10
SAL22293,4,0,0,0,0,0,0,0,4,3,0,0,0,0,0,0,0,3,3,0,0,0,0,0,0,0,5,3,0,0,0,0,0,0,0,3,0,4,5,0,0,0,0,0,5,4,0,0,4,0,0,0,0,7,0,0,0,0,0,0,0,0,9,5,0,0,0,0,0,0,0,7,0,0,5,3,0,0,0,0,15,0,0,0,4,3,0,0,0,11,5,0,0,3,0,0,0,0,17,4,0,4,6,0,0,0,0,17,0,0,0,0,0,0,0,0,3,0,0,0,0,0,0,0,0,0,0,0,0,0,0,0,0,0,4,25,9,25,22,6,0,3,9,102
SAL22294,5,0,0,0,0,0,0,0,3,7,0,0,0,0,0,0,0,7,9,0,0,0,0,0,0,0,6,3,0,0,0,0,0,0,0,5,5,0,3,3,0,0,0,0,11,0,5,3,0,0,0,0,0,10,0,0,3,0,0,0,0,0,11,0,0,4,0,0,0,0,0,11,4,0,9,9,0,0,0,0,20,3,0,3,8,3,0,0,3,28,0,0,8,4,0,0,0,0,9,0,0,3,0,3,0,0,0,9,0,0,4,0,0,0,0,0,5,0,0,0,0,0,0,0,0,3,0,0,0,0,0,0,0,0,0,30,11,45,30,7,0,0,5,137
SAL22295,3,0,0,0,0,0,0,0,11,11,0,0,0,0,0,0,0,8,3,0,0,0,0,0,0,0,3,8,0,0,0,0,0,0,0,8,3,0,4,0,0,0,0,0,6,0,0,6,4,0,0,0,0,11,0,0,5,0,0,0,0,0,8,0,6,9,3,0,0,0,0,23,10,5,8,4,0,0,0,0,24,3,4,5,0,0,0,0,0,21,0,0,6,4,0,0,0,0,12,0,0,3,3,4,0,0,0,6,0,0,0,0,0,0,0,0,0,0,0,0,0,0,0,0,0,0,0,0,0,0,0,0,0,0,0,42,18,49,23,7,3,0,10,149
SAL22296,0,0,0,0,0,0,0,0,0,0,0,0,0,0,0,0,0,0,0,0,0,0,0,0,0,0,0,0,0,0,0,0,0,0,0,0,0,0,0,0,0,0,0,0,0,0,0,0,0,0,0,0,0,0,0,0,0,0,0,0,0,0,0,0,0,0,0,0,0,0,0,0,0,0,0,0,0,0,0,0,0,0,0,0,0,0,0,0,0,0,0,0,3,0,0,0,0,0,6,0,0,0,0,0,0,0,0,0,0,0,0,0,0,0,0,0,0,0,0,0,0,0,0,0,0,0,0,0,0,0,0,0,0,0,0,0,0,10,3,0,0,0,0,12
SAL22297,0,0,0,0,0,0,0,0,0,0,0,0,0,0,0,0,0,0,0,0,0,0,0,0,0,0,0,0,0,0,0,0,0,0,0,0,0,0,0,0,0,0,0,0,0,0,0,5,0,0,0,0,0,3,4,0,0,0,0,0,0,0,3,0,0,0,0,0,0,0,0,0,0,0,0,0,0,0,0,0,0,0,0,0,3,0,0,0,0,3,0,0,0,0,0,0,0,0,0,0,0,0,0,0,0,0,0,0,0,0,0,0,0,0,0,0,3,0,0,0,0,0,0,0,0,0,0,0,0,0,0,0,0,0,0,4,0,10,3,0,0,0,0,23
SAL22298,74,0,0,0,0,0,0,5,82,42,7,0,0,0,0,0,3,48,17,11,6,4,0,0,0,3,37,13,11,16,8,5,0,0,0,55,3,4,19,11,6,0,0,0,39,9,6,31,9,10,0,0,3,65,3,3,32,13,4,3,0,0,65,5,5,22,21,4,4,3,4,57,7,8,15,13,9,4,0,0,55,4,7,29,7,8,4,0,0,70,3,0,21,11,5,0,0,0,47,3,0,4,12,8,0,0,4,30,3,0,6,9,5,3,0,0,30,0,0,3,5,0,0,0,0,8,0,0,4,0,0,0,0,0,0,185,76,203,122,54,19,8,27,693
SAL22299,31,0,0,0,0,0,0,0,34,31,0,0,0,0,0,0,4,36,13,3,4,5,0,0,0,0,26,5,13,5,6,0,0,0,3,32,0,4,16,6,0,0,0,0,39,0,0,12,0,5,0,0,4,30,10,6,9,13,4,3,0,0,48,6,5,20,12,0,0,0,5,53,4,0,11,5,0,0,0,7,32,6,4,14,11,3,0,0,0,33,3,3,15,7,0,0,0,5,28,0,6,8,7,0,0,0,4,31,0,0,4,0,4,0,0,0,12,0,0,0,0,0,0,0,0,4,0,0,0,0,0,0,0,0,3,113,51,130,68,27,6,9,27,431
SAL22300,0,0,0,0,0,0,0,0,0,0,0,0,0,0,0,0,0,0,0,0,0,0,0,0,0,0,0,0,0,0,0,0,0,0,0,0,0,0,0,0,0,0,0,0,0,0,0,0,0,0,0,0,0,0,0,0,0,0,0,0,0,0,0,0,0,0,0,0,0,0,0,0,0,0,0,0,0,0,0,0,0,0,0,0,0,0,0,0,0,0,0,0,0,0,0,0,0,0,0,0,0,0,0,0,0,0,0,0,0,0,0,0,0,0,0,0,0,0,0,0,0,0,0,0,0,0,0,0,0,0,0,0,0,0,0,0,0,0,0,0,0,0,0,0
SAL22301,18,0,0,0,0,0,0,5,19,18,0,0,0,0,0,0,0,23,16,5,0,3,0,0,0,0,22,3,5,5,0,0,0,0,5,19,8,4,9,0,0,0,0,9,33,6,3,11,5,0,0,0,0,27,0,3,13,8,6,0,0,3,29,4,3,3,4,6,0,0,7,28,10,0,13,10,3,0,0,0,48,4,0,12,9,3,0,0,6,42,8,0,7,3,3,0,0,0,20,0,0,6,8,0,3,0,0,23,0,0,4,0,5,3,0,3,15,0,0,0,0,0,0,0,0,7,0,0,0,3,0,0,0,0,3,89,33,91,64,26,11,8,39,350
SAL22302,73,5,0,0,0,0,0,6,80,76,3,0,0,0,0,0,7,89,79,17,3,0,0,0,0,9,108,59,15,11,9,0,0,0,0,89,38,17,36,16,4,0,0,0,115,31,22,37,17,7,0,0,0,116,32,10,33,14,5,0,0,3,93,15,16,29,20,9,0,4,11,95,27,11,32,13,15,0,0,3,104,34,7,26,22,3,0,0,3,102,16,15,21,17,9,0,0,5,81,9,4,22,15,10,3,0,0,70,11,3,11,10,5,6,5,4,49,7,3,4,7,7,0,3,4,27,0,4,8,9,6,0,5,0,30,496,159,270,170,74,20,15,54,1248
SAL22303,45,0,0,0,0,0,0,9,54,29,0,0,0,0,0,0,6,31,20,4,0,0,0,0,0,3,28,17,8,5,0,0,0,0,0,36,4,10,20,5,0,0,0,4,45,9,5,21,14,4,0,0,3,54,5,7,22,9,5,0,0,6,48,3,12,29,14,0,0,0,6,62,22,11,18,16,3,0,0,8,82,14,11,44,25,10,3,0,6,106,9,8,38,25,7,3,0,5,97,12,5,26,25,3,0,0,7,81,6,0,19,11,0,0,0,0,52,0,0,8,7,3,0,0,3,26,0,0,7,3,3,4,0,0,18,192,74,267,153,45,14,3,65,823
SAL22304,0,0,0,0,0,0,0,0,0,0,0,0,0,0,0,0,0,0,0,0,0,0,0,0,0,0,0,0,0,0,0,0,0,0,0,0,0,0,0,0,0,0,0,0,0,0,0,0,0,0,0,0,0,0,0,0,0,0,0,0,0,0,0,0,0,0,0,0,0,0,0,0,0,0,0,0,0,0,0,0,0,0,0,0,0,0,0,0,0,0,0,0,0,0,0,0,0,0,0,0,0,0,0,0,0,0,0,0,0,0,0,0,0,0,0,0,0,0,0,0,0,0,0,0,0,0,0,0,0,0,0,0,0,0,0,0,0,0,0,0,0,0,0,0
SAL22305,288,0,0,0,0,0,0,18,307,250,9,5,0,0,0,0,17,291,249,69,37,12,5,0,0,17,389,138,111,141,36,6,0,0,24,455,69,77,161,63,15,3,0,12,397,51,38,138,63,19,5,0,13,329,49,50,143,80,12,7,4,10,358,62,57,168,93,36,3,0,9,437,40,44,187,115,54,5,6,15,463,35,22,135,110,32,5,0,14,363,22,37,146,76,41,3,4,11,351,22,16,124,75,24,13,3,20,302,5,18,69,58,19,7,11,23,220,6,14,46,42,17,13,8,24,171,6,10,39,45,27,6,8,51,190,1300,568,1556,873,304,82,37,288,5014
SAL22306,23,0,0,0,0,0,0,4,25,15,0,0,0,0,0,0,4,23,17,0,0,0,0,0,0,0,16,8,5,8,0,0,0,0,6,28,4,5,12,0,0,0,0,4,26,10,0,10,4,7,0,0,4,28,16,3,11,4,5,0,0,9,47,15,5,17,11,6,0,0,10,63,16,3,24,16,4,0,0,8,65,17,7,28,24,12,0,0,16,106,17,14,51,34,11,5,0,11,136,15,18,55,24,16,8,0,15,157,6,8,36,31,14,7,5,10,106,0,4,16,15,6,6,0,4,55,0,6,3,4,5,4,4,8,36,189,77,279,168,87,17,8,101,931
SAL22307,8,0,0,0,0,0,0,0,8,12,0,0,0,0,0,0,0,13,9,7,0,0,0,0,0,0,19,7,4,0,3,0,0,0,0,14,4,3,4,0,0,0,0,0,13,0,3,3,6,3,0,0,0,15,3,0,5,0,0,0,0,0,9,0,3,6,0,0,0,0,0,11,3,3,4,4,0,3,0,3,18,0,0,3,3,0,0,0,0,10,0,7,4,0,3,0,0,0,15,0,0,6,0,4,0,0,0,14,0,0,4,3,0,0,0,0,6,0,0,0,0,3,0,0,0,9,0,0,0,0,0,0,0,0,0,46,30,45,27,19,5,5,12,184
SAL22308,13,0,0,0,0,0,0,0,14,31,0,0,0,0,0,0,6,38,35,6,0,0,0,0,0,3,45,20,18,8,0,0,0,0,0,43,8,13,14,5,0,0,0,0,41,10,10,8,9,0,0,0,3,42,11,0,11,3,0,0,0,0,30,10,0,9,5,0,0,0,0,31,10,3,17,12,3,0,0,0,45,3,0,10,3,0,0,0,3,21,7,3,3,7,3,0,0,0,26,0,3,10,0,3,0,0,0,19,0,0,6,0,3,0,0,0,20,0,5,5,3,0,0,0,0,15,0,0,0,0,3,0,0,0,6,163,67,96,50,15,0,6,34,436
SAL22309,37,0,0,0,0,0,0,3,42,33,0,0,0,0,0,0,10,37,67,9,0,0,0,0,0,7,74,57,28,13,0,0,0,0,9,111,41,17,49,10,0,0,0,12,129,40,22,39,14,0,0,0,0,112,19,14,31,6,3,0,0,9,85,25,13,26,5,0,0,0,0,64,10,7,21,5,6,6,0,0,49,7,10,23,6,10,0,0,4,57,7,8,11,6,0,0,0,0,38,0,6,6,9,0,0,0,0,27,0,0,5,7,0,0,0,0,12,0,3,0,3,5,0,0,0,17,0,0,3,3,3,0,0,0,13,349,132,229,72,29,3,0,49,866
SAL22310,180,0,0,0,0,0,0,17,204,296,9,0,0,0,0,0,15,324,559,27,9,0,0,0,0,39,627,509,69,18,4,0,0,0,45,651,317,98,82,23,3,0,0,43,573,211,64,110,30,7,0,5,32,461,173,65,113,32,11,0,0,25,426,141,85,107,31,9,0,4,21,397,99,64,111,43,8,6,0,32,358,93,35,88,39,12,4,3,15,287,59,41,80,35,13,0,3,7,245,48,44,86,35,11,0,3,25,247,22,18,49,31,9,0,3,22,156,11,15,48,27,10,8,3,22,134,4,30,38,23,13,7,3,57,172,2707,657,948,366,99,28,26,425,5263
SAL22311,816,3,0,0,0,0,0,44,867,733,16,11,0,0,0,0,44,801,570,107,46,9,3,0,0,33,770,353,234,207,54,9,0,5,31,891,169,212,452,145,30,10,0,32,1051,119,159,481,181,47,10,6,24,1025,119,121,464,216,68,11,4,28,1030,61,108,471,208,55,11,3,31,934,59,86,326,162,49,9,6,23,721,40,68,235,129,56,16,6,14,564,27,43,187,131,48,6,9,15,465,11,32,139,89,32,17,5,20,340,7,28,102,80,30,8,9,14,280,7,9,50,51,23,13,10,20,191,8,16,64,71,38,14,19,33,254,3100,1242,3234,1518,493,114,83,410,10189
SAL22312,0,0,0,0,0,0,0,0,3,0,0,0,0,0,0,0,0,0,0,0,0,0,0,0,0,0,4,0,4,0,0,0,0,0,0,4,0,0,0,0,0,0,0,0,0,0,0,0,0,0,0,0,0,0,0,0,0,0,0,0,0,0,3,0,0,0,0,0,0,0,0,5,0,0,3,0,0,0,0,0,6,0,0,0,0,0,0,0,0,0,0,0,0,0,0,0,0,0,9,0,0,0,0,0,0,0,0,0,0,0,0,6,0,0,0,0,3,0,0,0,0,0,0,0,0,0,0,0,0,0,0,0,0,0,0,7,5,10,14,4,5,0,6,43
SAL22313,0,0,0,0,0,0,0,0,0,0,0,0,0,0,0,0,0,5,3,0,0,0,0,0,0,0,6,0,0,0,0,0,0,0,0,7,4,0,0,0,0,0,0,0,3,0,0,0,0,0,0,0,0,0,0,0,0,0,0,0,0,0,0,0,0,0,0,0,0,0,0,5,0,0,0,0,0,0,0,0,0,0,0,0,0,0,0,0,0,4,0,0,0,0,0,0,0,0,0,0,0,0,0,0,0,0,0,0,0,0,0,0,0,0,0,0,0,0,0,0,0,0,0,0,0,0,0,0,0,0,0,0,0,0,0,9,3,3,0,6,0,0,3,26
SAL22314,359,0,0,0,0,0,0,36,395,1176,4,0,0,0,0,0,121,1302,2241,28,7,0,0,0,0,206,2485,1692,132,48,7,0,0,0,157,2043,831,160,125,26,6,0,4,108,1263,394,114,130,29,9,3,4,62,751,291,100,107,48,10,6,0,54,619,271,86,142,62,7,4,0,56,627,162,82,167,71,13,0,0,40,536,135,81,136,70,29,4,0,42,494,112,61,153,85,17,7,5,38,471,100,65,148,82,27,7,0,37,471,62,41,111,73,27,6,0,17,331,24,35,77,57,19,11,5,18,242,34,33,55,44,24,8,9,17,226,7879,1021,1412,650,190,58,28,1016,12253
SAL22315,228,0,0,0,0,0,0,27,257,1398,13,0,0,0,0,0,104,1514,2302,56,11,0,0,0,0,190,2561,1709,220,53,10,3,0,0,128,2117,866,195,105,9,0,0,0,88,1259,358,123,87,20,5,0,0,45,641,241,100,70,20,7,5,0,41,482,120,91,78,33,9,0,0,24,358,92,77,91,47,12,0,0,22,349,77,67,106,40,13,0,0,18,320,39,38,94,47,10,0,0,15,247,26,24,94,35,8,5,0,12,200,11,12,38,17,13,6,0,3,106,6,6,20,22,3,4,0,12,73,0,0,6,14,6,3,0,0,26,7489,1017,853,304,86,24,3,729,10512
SAL22316,0,0,0,0,0,0,0,0,0,0,0,0,0,0,0,0,0,0,0,0,0,0,0,0,0,0,0,0,0,0,0,0,0,0,0,0,3,0,0,0,0,0,0,0,11,6,0,0,0,0,0,0,0,0,0,0,0,0,0,0,0,0,9,0,0,0,3,0,0,0,0,0,0,0,0,4,0,0,0,0,4,0,0,0,0,0,0,0,0,3,0,0,3,0,0,0,0,0,8,0,0,4,0,0,0,0,0,8,0,0,0,0,0,0,0,0,0,0,0,0,0,0,0,0,0,0,0,0,0,0,0,0,0,0,0,12,5,12,6,5,5,0,3,46
SAL22317,0,0,0,0,0,0,0,0,0,3,0,0,0,0,0,0,0,3,0,3,0,0,0,0,0,0,3,0,0,0,0,0,0,0,0,0,0,0,0,0,0,0,0,0,0,0,0,0,0,0,0,0,0,0,0,0,0,0,0,0,0,0,5,0,0,0,0,0,0,0,0,4,0,0,0,0,0,0,0,0,0,0,0,0,0,0,0,0,0,5,0,0,0,0,0,0,0,0,0,0,0,0,0,0,0,0,0,0,0,0,0,0,0,0,0,0,0,0,0,0,0,0,0,0,0,0,0,0,0,0,0,0,0,0,0,8,3,3,0,0,0,0,5,18
SAL22318,0,0,0,0,0,0,0,0,4,0,0,0,0,0,0,0,0,0,0,0,0,0,0,0,0,0,0,0,0,0,0,0,0,0,0,0,0,0,0,0,0,0,0,0,0,0,0,0,0,0,0,0,0,0,0,0,0,0,0,0,0,0,5,0,0,0,0,0,0,0,0,3,0,0,0,3,0,0,0,0,3,0,0,4,0,0,0,0,0,4,3,0,0,0,0,0,0,0,3,0,0,0,0,0,0,0,0,0,0,0,0,0,0,0,0,0,0,0,0,0,0,0,0,0,0,0,0,0,0,0,0,0,0,0,0,5,0,9,9,0,0,0,3,25
SAL22319,46,0,0,0,0,0,0,5,50,57,0,0,0,0,0,0,3,60,72,3,4,0,0,0,0,8,89,69,33,9,0,0,0,0,3,121,41,32,36,12,0,0,0,11,140,25,17,68,15,0,0,0,3,137,34,21,46,14,11,0,0,0,120,29,14,36,12,0,3,0,6,90,15,8,25,14,4,0,0,0,59,7,12,21,14,8,0,0,3,60,7,4,25,11,0,0,0,0,52,3,0,19,9,7,0,0,0,47,0,3,8,0,5,0,0,0,29,0,4,3,0,7,0,0,0,17,0,0,4,8,0,0,0,0,17,405,171,304,105,31,10,10,51,1093
SAL22320,87,0,0,0,0,0,0,6,95,63,4,0,0,0,0,0,7,66,57,13,3,0,0,0,0,0,75,25,5,14,6,5,0,0,3,61,16,18,33,19,8,0,4,5,98,10,9,44,36,3,3,0,8,113,18,15,38,24,7,0,0,3,104,14,12,38,22,6,5,0,6,99,21,20,35,28,10,0,0,4,127,4,9,53,31,7,3,0,3,119,13,3,31,24,14,0,0,8,93,8,10,45,36,8,0,5,6,110,4,3,24,23,9,0,0,10,79,4,3,16,13,9,3,9,7,62,8,4,13,11,13,9,4,7,69,352,125,393,279,105,28,13,74,1369
SAL22321,4,0,0,0,0,0,0,5,9,4,0,0,0,0,0,0,0,4,6,0,0,0,0,0,0,0,6,0,0,0,0,0,0,0,0,0,0,0,0,0,0,0,0,0,4,0,0,0,0,0,0,0,0,0,0,4,0,0,3,0,0,0,3,5,4,3,3,0,0,0,0,13,3,0,0,3,0,0,0,0,10,0,4,0,0,6,0,0,0,7,0,0,0,4,0,0,0,0,6,0,5,0,0,0,0,0,0,11,0,0,0,0,0,0,0,0,0,0,0,0,0,0,0,0,0,0,0,0,0,0,0,0,0,0,8,22,12,13,16,10,0,3,5,83
SAL22322,5,0,0,0,0,0,0,0,5,0,0,0,0,0,0,0,0,0,6,0,0,0,0,0,0,0,6,3,0,0,0,0,0,0,0,5,0,0,0,0,0,0,0,0,0,0,0,0,0,0,0,0,0,4,0,0,0,0,0,0,0,0,6,0,0,0,0,0,0,0,0,4,0,0,0,0,3,0,0,0,3,0,0,0,0,0,0,0,0,8,0,0,0,0,0,0,0,0,3,0,0,0,0,0,0,0,0,3,0,0,0,0,3,0,0,0,3,0,0,0,0,0,0,0,0,0,0,0,0,0,0,0,0,0,0,13,0,8,4,7,0,9,0,49
SAL22323,0,0,0,0,0,0,0,0,0,0,0,0,0,0,0,0,0,0,0,0,0,0,0,0,0,0,0,0,0,0,0,0,0,0,0,0,0,0,0,0,0,0,0,0,3,0,0,0,0,0,0,0,0,0,0,0,0,0,0,0,0,0,3,0,0,0,0,0,0,0,0,0,0,0,0,0,0,0,0,0,0,0,0,0,5,0,0,0,0,3,0,0,0,0,0,0,0,0,6,0,0,0,0,0,0,0,0,0,0,0,0,0,0,0,0,0,0,0,0,0,0,0,0,0,0,0,0,0,0,0,0,0,0,0,0,0,0,4,5,0,0,0,0,11
SAL22324,0,0,0,0,0,0,0,0,0,0,0,0,0,0,0,0,0,0,0,0,0,0,0,0,0,0,0,0,0,0,0,0,0,0,0,0,0,0,0,0,0,0,0,0,0,0,0,0,0,0,0,0,0,0,0,0,0,0,0,0,0,0,0,0,0,0,0,0,0,0,0,0,0,0,0,0,0,0,0,0,0,0,0,0,0,0,0,0,0,0,0,0,0,0,0,0,0,0,0,0,0,0,0,0,0,0,0,0,0,0,0,0,0,0,0,0,0,0,0,0,0,0,0,0,0,0,0,0,0,0,0,0,0,0,0,0,0,0,0,0,0,0,0,0
SAL22325,4,0,0,0,0,0,0,3,9,7,0,0,0,0,0,0,0,7,0,0,0,0,0,0,0,0,0,0,4,0,0,0,0,0,0,6,0,0,0,0,0,0,0,0,6,0,0,3,0,0,0,0,0,4,0,0,4,3,0,0,0,0,11,6,0,3,7,0,0,0,0,13,0,0,0,0,0,0,0,0,6,0,0,6,6,0,0,0,0,10,0,0,4,0,0,0,0,0,4,0,0,0,0,0,0,0,0,0,0,0,4,0,0,0,0,0,4,0,0,0,0,0,0,0,0,5,0,0,0,0,0,0,0,0,0,26,4,24,17,0,0,0,12,89
SAL22326,9,0,0,0,0,0,0,5,14,0,0,0,0,0,0,0,0,0,8,0,0,0,0,0,0,0,10,0,0,3,0,0,0,0,3,8,0,0,0,0,0,0,0,0,8,3,0,5,0,7,0,0,0,12,0,0,10,0,0,0,0,0,16,0,7,3,9,4,0,0,0,20,0,0,9,0,0,0,0,0,14,0,0,4,6,4,0,0,0,15,0,0,3,0,0,0,4,0,9,0,3,5,0,3,3,0,0,13,0,0,0,0,0,0,0,0,0,0,0,0,0,0,0,0,0,0,0,0,0,0,0,0,0,0,0,36,12,45,24,18,7,3,11,148
SAL22327,9,0,0,0,0,0,0,0,13,3,0,0,0,0,0,0,0,3,5,0,0,0,0,0,0,0,3,0,0,0,0,0,0,0,0,0,0,0,0,0,0,0,0,3,6,4,0,0,4,0,0,0,0,9,0,0,4,3,4,0,0,0,9,0,0,0,0,3,0,0,0,9,0,0,0,0,0,0,0,0,8,0,0,0,0,0,0,0,0,5,0,0,0,0,0,0,0,0,0,0,0,0,4,0,0,0,0,6,0,0,0,0,0,0,0,0,4,0,0,0,0,0,0,0,0,0,0,0,0,0,0,0,0,0,0,26,6,13,12,9,4,0,4,72
SAL22328,453,3,0,0,0,0,0,59,512,690,47,10,3,0,0,0,87,847,768,133,61,20,10,7,0,123,1119,431,212,140,55,14,5,0,76,928,199,170,250,85,25,8,3,62,809,133,113,194,91,34,16,11,30,618,116,120,224,90,36,9,11,26,625,135,104,225,88,33,13,7,39,653,97,114,207,87,46,10,15,28,615,82,92,177,114,45,22,7,23,558,78,72,177,98,36,25,14,15,512,45,52,125,79,41,28,24,29,426,21,35,106,84,42,25,30,20,359,15,18,88,54,52,13,36,19,292,10,31,73,77,43,20,82,23,357,3272,1318,2064,1016,452,207,238,669,9235
SAL22329,358,0,0,0,0,0,0,27,390,411,12,3,0,0,0,0,39,464,321,88,43,11,0,0,0,39,496,187,108,88,39,8,3,0,29,458,90,104,172,54,6,6,0,29,459,63,68,158,62,30,8,7,15,413,70,64,153,74,26,7,8,13,404,64,62,146,75,26,12,3,18,412,49,73,141,70,37,7,7,16,399,48,43,152,79,47,11,11,13,400,36,34,90,74,35,13,8,15,298,23,32,112,66,36,13,15,18,304,11,26,74,39,22,9,13,11,212,12,3,44,25,21,11,19,12,144,3,6,24,16,22,6,23,16,123,1738,729,1396,682,307,102,111,308,5375
SAL22330,854,7,0,0,0,0,0,132,992,1121,48,28,6,0,0,0,161,1364,1055,237,130,27,9,6,0,195,1661,617,389,272,97,22,12,11,180,1598,302,270,379,164,52,19,13,124,1316,215,177,343,173,62,20,17,110,1116,182,184,342,197,61,26,17,97,1099,149,182,368,198,84,29,14,93,1118,151,129,331,215,74,18,18,88,1020,109,129,346,176,97,51,27,88,1027,79,109,363,201,105,29,34,59,973,56,67,301,216,120,31,36,75,900,29,45,204,154,74,30,29,78,647,30,33,138,108,75,32,44,66,527,16,40,108,86,49,16,63,183,559,4969,2042,3633,2022,880,321,326,1731,15923
SAL22331,132,0,0,0,0,0,0,7,142,112,8,6,0,0,0,0,9,132,123,14,22,6,3,0,0,10,175,54,35,23,11,0,0,0,7,128,23,15,44,24,10,5,0,7,121,28,18,38,25,9,0,0,3,115,23,28,59,28,9,3,8,3,159,38,27,69,53,15,3,3,4,205,27,18,73,49,18,0,3,3,193,31,16,55,39,19,3,3,7,170,20,20,63,49,22,0,4,7,178,20,11,52,53,17,0,0,10,168,14,7,35,45,22,6,0,8,131,7,3,26,27,25,7,7,17,120,3,6,18,23,26,13,6,13,104,646,232,581,419,175,35,36,115,2247
SAL22332,29,0,0,0,0,0,0,5,36,28,5,0,0,0,0,0,6,38,20,0,3,0,0,0,0,0,26,3,7,3,0,0,0,0,0,8,13,7,13,4,0,0,0,7,43,3,0,11,5,3,0,0,3,29,8,7,16,6,4,3,0,0,46,4,5,13,18,0,0,0,5,49,10,8,17,0,0,0,0,4,42,0,3,19,15,5,0,0,0,41,8,4,18,11,3,0,0,3,48,4,0,8,12,0,0,0,0,32,3,0,9,4,0,0,0,5,23,0,0,0,0,0,0,0,0,6,0,0,0,0,0,0,3,0,4,134,42,130,90,24,4,4,35,472
SAL22333,19,0,0,0,0,0,0,0,19,21,0,0,0,0,0,0,4,24,14,0,0,0,0,0,0,0,12,4,8,4,0,0,0,0,0,22,7,8,11,5,0,0,0,0,37,4,4,20,6,0,0,0,4,33,6,8,21,6,0,0,0,0,46,4,4,21,0,3,0,0,0,42,4,3,12,11,0,0,0,0,32,8,3,12,9,5,0,0,0,41,3,0,10,7,3,0,0,5,33,0,4,11,9,4,0,0,0,26,0,0,0,0,0,0,0,0,6,0,0,0,0,0,0,0,0,0,0,0,0,0,0,0,0,0,0,108,42,130,57,17,0,0,21,385
SAL22334,52,0,0,0,0,0,0,5,56,45,3,0,0,0,0,0,3,56,30,8,6,3,3,0,0,3,56,15,9,23,8,4,0,0,3,63,8,12,9,6,4,0,0,3,46,3,0,17,6,8,0,0,5,44,15,0,25,16,3,0,0,6,68,6,7,20,17,9,0,0,12,83,13,5,30,16,9,0,4,8,85,9,4,18,25,16,5,3,14,93,11,6,30,24,6,6,3,5,87,13,5,25,24,10,0,0,14,100,4,3,25,27,4,3,0,12,83,6,0,12,13,11,0,10,10,62,0,4,8,8,10,3,8,28,73,239,69,257,195,103,29,31,117,1045
SAL22335,5,0,0,0,0,0,0,0,5,0,0,0,0,0,0,0,0,0,0,0,0,0,0,0,0,0,0,0,0,0,0,0,0,0,0,0,0,0,3,0,0,0,0,0,3,0,0,0,0,0,0,0,0,0,3,0,0,0,0,0,0,0,7,0,0,0,0,0,0,0,0,6,0,0,0,0,0,0,0,0,0,0,0,0,3,0,0,0,0,4,0,0,0,0,0,0,0,0,3,0,0,0,0,6,0,0,0,5,0,0,0,0,0,0,0,0,0,0,0,0,0,0,0,0,0,0,0,0,0,0,0,0,0,0,0,10,0,9,7,8,0,0,6,34
SAL22336,0,0,0,0,0,0,0,0,0,0,0,0,0,0,0,0,0,0,0,0,0,0,0,0,0,0,0,0,0,0,0,0,0,0,0,0,0,0,0,0,0,0,0,0,0,0,0,0,0,0,0,0,0,0,0,0,0,0,0,0,0,0,5,0,0,0,0,0,0,0,0,0,0,0,0,0,0,0,0,0,0,0,0,6,0,0,0,0,0,6,0,0,0,0,0,0,0,0,0,0,0,0,0,0,4,0,0,4,0,0,0,0,0,0,0,0,0,0,0,0,0,0,0,0,0,0,0,0,0,0,0,0,0,0,0,0,0,10,0,4,4,0,0,13
SAL22337,3,0,0,0,0,0,0,0,3,0,0,0,0,0,0,0,0,0,0,0,0,0,0,0,0,0,0,0,0,0,0,0,0,0,0,0,0,0,0,0,0,0,0,0,0,0,0,0,0,0,0,0,0,0,0,0,0,0,0,0,0,0,0,0,0,3,0,0,0,0,0,3,0,0,0,0,0,0,0,0,0,0,0,0,0,0,0,0,0,0,0,0,0,0,0,0,0,0,0,0,0,0,0,0,0,0,0,3,0,0,0,0,0,0,0,0,0,0,0,0,0,0,0,0,0,0,0,0,0,0,0,0,0,0,0,3,0,5,4,0,0,0,0,16
SAL22338,0,0,0,0,0,0,0,0,0,0,0,0,0,0,0,0,0,0,0,0,0,0,0,0,0,0,0,0,0,0,0,0,0,0,0,0,0,0,0,0,0,0,0,0,0,4,0,3,0,0,0,0,0,7,0,0,0,0,0,0,0,0,3,0,0,0,0,0,0,0,0,3,0,0,0,0,0,0,0,0,3,0,0,0,0,0,0,0,0,3,0,0,0,0,0,0,0,0,0,0,0,0,0,0,0,0,0,0,0,0,0,0,0,0,0,0,0,0,0,0,0,0,0,0,0,0,0,0,0,0,0,0,0,0,0,0,4,9,8,0,0,0,0,26
SAL22339,71,0,0,0,0,0,0,0,72,69,0,0,0,0,0,0,0,69,47,0,0,0,0,0,0,0,53,27,8,13,0,0,0,0,4,57,7,14,48,12,0,0,0,4,87,12,12,64,20,6,0,0,0,104,10,8,41,22,0,0,0,0,81,10,9,59,18,3,0,0,4,106,8,12,63,25,7,0,0,0,120,5,16,52,37,15,4,0,0,128,11,10,53,27,7,0,0,0,112,9,5,32,23,3,3,0,11,88,5,0,27,20,6,0,0,0,66,0,4,12,16,9,0,0,11,56,3,0,12,18,12,7,0,35,84,282,103,478,244,75,26,0,76,1271
SAL22340,0,0,0,0,0,0,0,0,0,0,0,0,0,0,0,0,0,0,4,0,0,0,0,0,0,0,4,0,0,0,0,0,0,0,0,0,0,0,0,0,0,0,0,0,0,0,0,0,0,0,0,0,0,0,0,0,0,0,0,0,0,0,0,0,0,0,0,0,0,0,0,0,0,0,0,0,0,0,0,0,3,0,0,0,0,0,0,0,0,3,0,0,0,0,0,0,0,0,0,0,0,0,0,0,0,0,0,3,0,0,0,0,0,0,0,0,0,0,0,0,0,0,0,0,0,0,0,0,0,0,0,0,0,0,0,4,0,0,3,6,0,0,0,16
SAL22341,0,0,0,0,0,0,0,0,0,0,0,0,0,0,0,0,0,0,0,0,0,0,0,0,0,0,0,0,0,0,0,0,0,0,0,0,0,0,0,0,0,0,0,0,0,0,0,0,0,0,0,0,0,0,0,0,0,0,0,0,0,0,0,0,0,0,0,0,0,0,0,4,0,0,0,0,0,0,0,0,3,0,0,0,0,0,0,0,0,0,0,0,0,0,0,0,0,0,0,0,0,0,0,0,0,0,0,0,0,0,0,0,0,0,0,0,5,0,0,0,0,0,0,0,0,6,0,0,0,0,0,0,0,0,0,0,0,3,6,0,0,0,0,14
SAL22342,0,0,0,0,0,0,0,0,0,0,0,0,0,0,0,0,0,0,0,0,0,0,0,0,0,0,0,0,0,0,0,0,0,0,0,3,0,0,0,0,0,0,0,0,0,0,0,3,0,0,0,0,0,3,0,0,0,0,0,0,0,0,0,0,0,5,0,0,0,0,0,6,0,0,5,0,0,0,0,0,3,0,0,0,0,0,0,0,3,10,0,0,0,0,0,0,0,0,5,0,0,0,0,0,0,0,0,3,0,0,0,0,0,0,0,0,9,0,0,0,0,0,0,0,0,8,0,0,0,0,0,0,0,0,4,3,8,16,11,7,0,0,10,48
SAL22343,188,0,0,0,0,0,0,16,211,564,0,0,0,0,0,0,75,638,1389,30,0,3,0,0,0,143,1571,1192,101,25,0,0,0,0,131,1453,735,162,90,11,0,0,0,100,1089,410,117,95,26,5,0,0,62,721,354,95,91,28,6,4,0,61,637,336,89,111,34,10,0,0,61,641,242,91,108,35,13,0,0,49,543,187,87,109,49,14,6,0,51,501,110,61,82,47,15,3,0,32,348,68,37,86,51,7,4,6,26,287,28,20,49,23,6,0,4,17,149,24,17,31,16,4,4,0,21,110,8,11,28,16,4,5,7,12,91,5837,919,909,342,90,26,14,847,8986
SAL22344,227,0,0,0,0,0,0,38,268,372,14,7,0,0,0,0,38,427,678,32,11,9,0,3,0,59,794,575,90,28,15,17,12,12,51,803,344,72,93,24,24,9,25,35,630,220,69,83,36,17,9,22,30,480,156,67,80,24,16,9,21,25,396,110,53,93,35,8,6,21,20,343,98,53,68,33,7,9,14,29,303,86,34,55,27,6,7,29,10,256,63,24,53,24,12,5,9,8,193,40,32,45,38,12,5,17,10,196,18,19,32,19,9,3,0,7,102,17,22,31,16,3,6,4,6,108,7,12,37,21,4,9,0,12,99,3021,582,715,309,134,91,178,368,5393
SAL22345,46,0,0,0,0,0,0,4,43,79,0,0,0,0,0,0,8,81,124,0,0,0,0,0,0,18,141,129,8,8,0,0,0,0,11,165,78,29,28,12,0,0,0,11,162,67,10,25,11,0,0,0,4,118,47,17,22,10,0,0,0,10,108,50,15,40,16,4,0,0,3,126,34,19,30,18,3,0,0,0,106,33,12,19,11,3,0,0,5,87,27,10,24,8,0,0,0,9,77,17,3,29,3,0,0,0,4,60,9,0,11,3,0,0,0,5,40,6,0,0,0,0,0,3,0,13,7,5,0,0,0,3,0,0,17,749,142,243,101,17,5,3,90,1343
SAL22346,53,0,0,0,0,0,0,3,52,51,0,3,0,0,0,0,4,60,51,15,7,4,0,0,0,0,79,38,20,18,7,0,0,0,0,83,23,18,20,7,8,0,0,9,88,18,10,17,8,4,0,4,5,72,32,17,23,11,14,0,6,6,108,37,18,41,33,9,0,0,10,149,26,9,41,24,6,3,0,9,125,33,17,95,54,17,0,3,17,235,22,17,80,60,18,0,3,12,217,20,14,57,45,9,8,0,11,155,7,9,35,28,11,5,0,11,108,3,0,9,16,3,3,4,8,48,0,3,7,15,11,5,0,0,40,420,170,456,318,107,30,21,108,1630
SAL22347,0,0,0,0,0,0,0,0,0,0,0,0,0,0,0,0,0,0,0,0,0,0,0,0,0,0,0,0,0,0,0,0,0,0,0,0,0,0,0,0,0,0,0,0,0,0,0,0,0,0,0,0,0,0,0,0,5,0,0,0,0,0,5,0,0,0,0,0,0,0,0,0,0,0,0,0,0,0,0,0,0,0,0,0,0,0,0,0,0,0,0,0,0,0,0,0,0,0,0,0,0,0,0,0,0,0,0,4,0,0,0,0,0,0,0,0,0,0,0,0,0,0,0,0,0,0,0,0,0,0,0,0,0,0,0,0,0,7,0,4,0,0,0,20
SAL22348,0,0,0,0,0,0,0,0,0,0,0,0,0,0,0,0,0,0,0,0,0,0,0,0,0,0,0,0,0,0,0,0,0,0,0,0,0,0,0,0,0,0,0,0,0,0,0,0,0,0,0,0,0,0,0,0,0,0,0,0,0,0,0,0,0,0,0,0,0,0,0,0,0,0,0,0,0,0,0,0,0,0,0,0,3,0,0,0,0,8,0,0,0,0,0,0,0,0,4,0,0,0,0,0,0,0,0,4,0,0,0,0,0,0,0,0,0,0,0,0,0,0,0,0,0,0,0,0,0,0,0,0,0,0,0,4,4,3,3,6,0,0,3,21
SAL22349,18,0,0,0,0,0,0,5,19,11,0,0,0,0,0,0,0,8,4,0,0,0,0,0,0,0,10,0,6,0,0,0,0,0,0,11,0,0,4,8,0,0,0,0,12,0,0,4,5,0,0,0,0,12,0,5,4,9,0,0,0,0,14,4,0,0,4,0,0,0,0,10,0,0,5,6,0,0,0,0,15,0,0,6,3,0,0,0,0,14,0,0,4,3,0,0,0,0,14,0,0,0,7,0,0,0,0,16,0,0,0,0,0,0,0,0,0,0,0,0,0,0,0,0,0,0,0,0,0,0,0,0,0,0,4,38,9,41,44,12,3,0,15,151
SAL22350,18,0,0,0,0,0,0,0,18,12,0,0,0,0,0,0,0,15,14,3,9,0,0,0,0,0,27,5,3,5,6,0,0,0,0,21,5,4,4,4,0,0,0,0,18,0,0,13,10,0,0,3,5,31,0,0,5,5,0,0,0,0,13,8,0,11,10,0,0,0,0,32,4,6,16,11,4,0,0,4,41,3,0,15,7,8,0,0,0,29,0,0,10,3,8,4,0,0,28,0,0,9,8,6,0,0,3,22,3,0,5,4,0,0,0,4,18,0,0,3,0,5,0,0,0,11,0,0,0,6,0,0,3,0,14,73,26,100,64,33,12,11,22,344
SAL22351,8,0,0,0,0,0,0,0,8,4,0,0,0,0,0,0,0,4,5,0,0,0,0,0,0,0,3,0,0,4,0,0,0,0,5,7,0,3,0,4,0,0,0,0,10,0,0,0,3,0,0,0,0,11,7,4,0,4,0,0,0,0,10,0,0,6,0,0,0,0,0,11,0,0,17,0,0,0,0,0,18,7,5,0,3,0,0,0,0,27,3,0,9,0,0,0,0,0,20,0,0,3,4,0,0,0,0,12,0,0,3,3,0,0,0,0,8,0,0,0,0,0,0,0,0,5,0,0,0,0,0,0,0,0,4,41,19,47,33,5,0,0,9,151
SAL22352,0,0,0,0,0,0,0,0,0,0,0,0,0,0,0,0,0,0,0,0,0,0,0,0,0,0,0,0,0,0,0,0,0,0,0,0,0,0,0,0,0,0,0,0,3,0,0,0,0,0,0,0,0,0,0,0,0,0,0,0,0,0,4,0,0,0,6,0,0,0,0,3,0,0,7,9,0,0,0,0,8,0,0,4,0,0,0,0,0,6,0,0,0,0,0,0,0,0,7,0,0,0,0,0,0,0,0,3,0,0,0,0,0,0,0,0,0,0,0,0,0,0,0,0,0,0,0,0,0,0,0,0,0,0,0,17,4,10,12,3,0,0,0,46
SAL22353,0,0,0,0,0,0,0,0,5,0,0,0,0,0,0,0,0,0,0,0,0,0,0,0,0,0,0,0,0,0,0,0,0,0,0,0,0,0,0,0,0,0,0,0,0,0,0,0,0,0,0,0,0,3,0,0,0,0,0,0,0,0,0,0,0,0,0,0,0,0,0,0,0,0,0,0,0,0,0,0,0,0,0,0,0,0,0,0,0,0,0,0,0,0,0,0,0,0,0,0,0,0,0,0,0,0,0,0,0,0,0,0,0,0,0,0,3,0,0,0,0,0,0,0,0,0,0,0,0,0,0,0,0,0,0,0,0,5,4,3,0,0,0,15
SAL22354,131,0,0,0,0,0,0,9,145,128,14,4,0,0,0,0,7,156,106,32,31,10,0,0,0,13,188,71,44,37,24,7,0,5,15,195,32,24,44,19,12,4,3,10,158,23,25,41,23,12,0,0,6,132,27,15,57,36,15,4,3,9,168,28,23,76,38,28,5,9,18,215,26,21,74,51,20,10,0,8,219,31,23,76,49,20,13,0,20,229,22,20,79,57,22,9,0,16,224,19,24,64,58,26,10,0,20,220,10,8,51,41,21,10,6,26,167,3,3,22,24,13,3,6,24,108,13,3,19,19,19,9,0,53,149,672,267,678,457,223,83,41,279,2693
SAL22355,11,0,0,0,0,0,0,0,13,3,0,0,0,0,0,0,0,3,3,0,0,0,0,0,0,0,5,0,0,0,0,0,0,0,0,4,0,5,5,0,0,0,0,0,13,6,0,5,0,0,0,0,3,10,6,0,0,5,0,0,0,0,8,4,3,6,0,0,0,0,0,17,3,0,3,0,0,0,0,0,8,3,0,4,0,0,0,0,0,7,0,0,4,0,0,0,0,0,3,0,0,4,0,0,0,0,4,14,0,0,3,0,0,0,0,0,5,0,0,0,0,0,0,0,0,8,0,0,0,4,0,0,0,0,0,34,16,31,20,5,4,3,10,117
SAL22356,0,0,0,0,0,0,0,5,4,0,0,0,0,0,0,0,0,0,0,0,0,0,0,0,0,0,0,0,0,0,0,0,0,0,0,0,0,0,0,0,0,0,0,0,0,0,0,0,0,0,0,0,0,0,0,0,0,0,0,0,0,0,4,0,0,0,0,0,0,0,0,3,0,0,4,0,0,0,0,0,4,0,0,0,0,0,0,0,0,3,0,0,0,0,0,0,0,0,0,0,0,0,0,0,0,0,0,0,0,0,0,0,0,0,0,0,0,0,0,0,0,0,0,0,0,3,0,0,0,0,0,0,0,0,0,3,0,5,5,3,0,0,4,23
SAL22357,0,0,0,0,0,0,0,0,0,0,0,0,0,0,0,0,0,0,0,0,0,0,0,0,0,0,0,4,0,0,0,0,0,0,0,0,0,0,0,0,0,0,0,0,6,0,0,0,0,0,0,0,0,0,0,0,0,0,0,0,0,0,0,0,0,0,0,0,0,0,0,0,0,0,0,0,0,0,0,0,6,0,0,0,0,0,0,0,0,4,0,0,0,0,4,0,0,0,9,0,0,0,3,0,0,0,0,5,0,0,0,0,0,0,0,0,0,0,0,0,0,0,0,0,0,0,0,0,0,0,0,0,0,0,0,6,5,8,9,9,0,0,7,38
SAL22358,0,0,0,0,0,0,0,0,0,0,0,0,0,0,0,0,0,0,0,0,0,0,0,0,0,0,0,0,0,0,0,0,0,0,0,0,0,0,0,0,0,0,0,0,0,0,0,0,0,0,0,0,0,0,0,0,0,0,0,0,0,0,0,0,0,0,0,0,0,0,0,0,0,0,0,0,0,0,0,0,0,0,0,0,0,0,0,0,0,0,0,0,0,0,0,0,0,0,0,0,0,0,0,0,0,0,0,0,0,0,0,0,0,0,0,0,0,0,0,0,0,0,0,0,0,0,0,0,0,0,0,0,0,0,0,0,0,0,0,0,0,0,0,0
SAL22359,3,0,0,0,0,0,0,0,3,0,0,0,0,0,0,0,0,0,0,0,0,0,0,0,0,0,0,0,0,0,0,0,0,0,0,0,0,0,0,0,0,0,0,0,5,0,0,0,0,0,0,0,0,0,0,0,0,0,0,0,0,0,0,0,0,0,0,0,0,0,0,0,0,0,0,0,0,0,0,0,0,0,0,0,0,0,0,0,0,3,0,0,0,0,4,0,0,0,4,0,0,0,0,0,0,0,0,3,0,0,0,0,0,0,0,0,0,0,0,0,0,0,0,0,0,0,0,0,0,0,0,0,0,0,0,4,0,8,0,4,0,0,0,20
SAL22360,0,0,0,0,0,0,0,0,3,0,0,0,0,0,0,0,0,0,0,0,0,0,0,0,0,0,0,0,0,0,0,0,0,0,0,0,0,0,0,0,0,0,0,0,0,0,0,0,0,0,0,0,0,3,0,0,0,0,0,0,0,0,6,0,0,0,0,0,0,0,0,0,0,0,0,0,0,0,0,0,3,0,0,0,0,0,0,0,0,0,0,0,0,0,0,0,0,0,0,0,0,0,0,0,0,0,0,0,0,0,0,0,0,0,0,0,0,0,0,0,0,0,0,0,0,0,0,0,0,0,0,0,0,0,0,3,0,3,3,0,0,0,6,16
SAL22361,0,0,0,0,0,0,0,0,0,0,0,0,0,0,0,0,0,0,0,0,0,0,0,0,0,0,0,4,0,0,0,0,0,0,0,8,0,0,0,0,0,0,0,0,0,0,0,0,0,0,0,0,0,0,0,0,3,0,0,0,0,0,5,0,0,0,0,0,0,0,0,4,0,0,0,0,0,0,0,0,0,0,0,0,0,0,0,0,0,7,0,0,0,0,0,0,0,0,8,0,0,5,0,0,0,0,0,5,0,0,0,0,0,0,0,0,0,0,0,0,0,0,0,0,0,0,0,0,0,0,0,0,0,0,0,6,0,9,4,3,0,0,3,27
SAL22362,0,0,0,0,0,0,0,0,0,0,0,3,0,0,0,0,0,3,0,0,0,0,0,0,0,0,0,0,0,0,0,0,0,0,0,0,0,0,0,0,0,0,0,0,0,0,0,0,0,0,0,0,0,0,0,0,0,0,0,0,0,0,0,0,0,0,0,0,0,0,0,3,0,0,0,0,0,0,0,0,0,0,0,0,3,0,0,0,0,6,0,0,0,0,0,0,0,0,0,0,0,0,3,0,0,0,0,5,0,0,0,0,0,0,0,0,0,0,0,0,0,0,0,0,0,0,0,0,0,0,0,0,0,0,0,0,0,9,5,0,0,0,0,17
SAL22363,0,0,0,0,0,0,0,0,0,0,0,0,0,0,0,0,0,0,0,0,0,0,0,0,0,0,0,0,0,0,0,0,0,0,0,0,0,0,0,0,0,0,0,0,0,0,0,0,0,0,0,0,0,0,0,0,0,0,0,0,0,0,0,0,0,0,0,0,0,0,0,0,0,0,0,0,0,0,0,0,0,0,0,0,0,0,0,0,0,0,0,0,0,0,0,0,0,0,0,0,0,0,0,0,0,0,0,0,0,0,0,0,0,0,0,0,0,0,0,0,0,0,0,0,0,0,0,0,0,0,0,0,0,0,0,0,0,0,0,0,0,0,0,0
SAL22364,12,0,0,0,0,0,0,5,10,3,0,0,0,0,0,0,0,4,4,0,6,0,0,0,0,0,8,4,0,6,0,0,0,0,0,12,0,0,0,4,0,0,0,0,8,0,0,3,0,0,0,0,0,9,0,0,4,6,0,0,0,0,7,0,0,0,4,4,0,0,0,10,4,0,3,0,0,0,0,0,13,0,3,8,6,0,0,0,0,14,0,0,0,0,0,0,0,0,7,0,0,0,3,0,0,0,0,8,0,0,3,0,0,0,0,0,8,0,0,0,0,0,0,0,0,0,0,0,0,0,0,0,0,0,0,33,10,33,22,8,0,3,6,123
SAL22365,0,0,0,0,0,0,0,0,0,4,0,0,0,0,0,0,0,4,0,0,0,0,0,0,0,0,0,0,0,0,0,0,0,0,0,0,0,0,0,0,0,0,0,0,0,0,0,0,0,0,0,0,0,0,0,0,0,0,0,0,0,0,3,0,0,0,0,0,0,0,0,0,0,0,0,0,0,0,0,0,3,0,0,0,3,0,0,0,0,6,0,0,0,0,0,0,0,0,4,0,0,0,0,0,0,0,0,0,0,0,0,0,0,0,0,0,0,0,0,0,0,0,0,0,0,0,0,0,0,0,0,0,0,0,3,8,0,0,4,5,0,0,0,23
SAL22366,0,0,0,0,0,0,0,0,0,3,0,0,0,0,0,0,0,3,0,0,0,0,0,0,0,0,0,0,4,0,0,0,0,0,0,5,3,3,0,4,0,0,0,0,8,0,0,0,0,0,0,0,0,5,0,0,0,0,0,0,0,0,7,0,3,3,0,0,0,0,0,14,0,5,0,4,0,0,0,0,8,0,0,3,3,0,0,0,0,6,0,4,3,3,0,0,0,3,13,0,0,0,0,0,0,0,0,0,0,0,0,0,0,0,0,0,6,0,0,0,0,0,0,0,0,0,0,0,0,0,0,0,0,0,0,13,15,20,14,7,3,0,11,76
SAL22367,3,0,0,0,0,0,0,0,3,0,0,0,0,0,0,0,0,0,0,0,0,0,0,0,0,0,3,0,0,0,0,0,0,0,0,0,0,0,0,0,0,0,0,0,0,0,0,0,0,0,0,0,0,0,0,8,4,0,0,0,0,0,8,0,0,0,0,0,0,0,0,0,4,0,0,0,0,0,0,0,3,0,0,0,0,0,0,0,0,4,0,0,0,0,0,0,0,0,5,0,0,3,0,0,0,0,0,4,0,0,0,0,0,0,0,0,0,0,0,0,3,0,0,0,0,3,0,0,0,0,0,0,0,0,0,7,6,11,4,0,0,0,9,42
SAL22368,0,0,0,0,0,0,0,0,0,0,0,0,0,0,0,0,0,0,0,0,0,0,0,0,0,0,0,0,0,0,0,0,0,0,0,0,0,0,0,0,0,0,0,0,0,0,0,0,0,0,0,0,0,0,0,0,0,0,0,0,0,0,0,0,0,0,0,0,0,0,0,0,0,0,0,0,0,0,0,0,0,0,0,0,0,0,0,0,0,0,0,0,0,0,0,0,0,0,0,0,0,0,0,0,0,0,0,0,0,0,0,0,0,0,0,0,0,0,0,0,0,0,0,0,0,0,0,0,0,0,0,0,0,0,0,0,0,0,0,0,0,0,0,4
SAL22369,80,0,0,0,0,0,0,8,91,63,6,0,0,0,0,0,4,85,59,13,16,8,0,0,0,7,101,20,17,41,11,7,0,0,3,103,14,14,34,21,7,0,3,4,93,6,13,21,24,4,5,0,6,75,8,6,31,17,12,0,0,4,80,8,7,30,25,4,0,0,3,83,13,7,31,26,8,3,0,0,96,9,17,32,30,13,5,0,8,116,14,3,38,25,3,7,0,0,96,6,12,34,19,15,4,0,7,90,3,8,19,15,10,0,0,8,54,0,3,8,11,3,5,3,0,38,0,3,0,3,4,0,0,0,25,317,136,331,229,98,31,18,63,1232
SAL22370,8,0,0,0,0,0,0,4,7,6,0,0,0,0,0,0,0,6,0,0,0,0,0,0,0,3,9,0,0,0,0,0,0,0,0,0,0,0,0,0,0,0,0,0,0,0,0,0,0,0,0,0,0,6,0,0,7,0,0,0,0,0,15,0,0,3,5,0,0,0,0,11,0,0,4,0,0,0,0,7,10,0,0,0,0,0,0,0,0,4,6,0,5,0,0,0,0,3,10,0,0,0,0,0,0,0,0,4,0,0,0,5,0,0,0,0,6,0,0,0,0,0,0,0,0,0,0,0,0,0,0,0,0,0,0,23,0,23,16,0,0,0,25,92
SAL22371,5,0,0,0,0,0,0,7,6,5,0,0,0,0,0,0,3,4,0,0,0,0,0,0,0,0,0,4,0,0,4,0,0,0,3,11,0,0,0,0,0,0,0,0,3,0,0,0,0,0,0,0,0,4,0,3,0,0,0,0,4,0,7,0,0,0,0,0,0,0,0,10,0,0,0,0,0,0,0,0,0,0,0,4,6,0,0,0,0,11,0,0,0,0,0,0,0,0,3,0,0,0,0,0,0,0,6,3,0,0,0,0,0,0,0,0,0,0,0,0,0,0,0,0,0,0,0,0,0,0,0,0,0,0,0,16,4,5,18,10,4,3,15,71
SAL22372,6,0,0,0,0,0,0,3,5,0,0,0,0,0,0,0,0,0,4,0,0,0,0,0,0,0,3,0,0,0,0,0,0,0,0,5,0,0,0,0,0,0,0,0,0,3,0,6,0,0,0,0,0,12,0,9,5,0,0,0,0,9,16,3,0,0,0,0,0,0,4,18,4,3,5,3,0,0,0,0,23,9,3,6,4,0,0,0,3,22,0,0,0,12,0,0,0,4,16,0,0,6,3,0,0,0,6,18,0,0,0,3,0,0,0,0,14,0,0,0,0,0,0,0,0,8,0,0,0,0,0,0,0,0,8,32,16,35,33,12,4,0,30,167
SAL22373,145,0,0,0,0,0,0,12,157,125,4,4,0,0,0,0,10,138,102,26,12,8,0,0,0,14,155,58,29,31,13,3,0,0,10,144,35,18,64,29,4,0,0,8,152,33,12,69,45,9,0,0,16,180,29,22,56,45,14,3,3,9,182,34,28,91,51,16,6,3,7,238,14,17,54,58,20,8,0,3,179,36,26,78,63,25,6,3,10,235,21,9,87,61,19,7,0,11,216,13,16,86,61,20,5,0,13,217,11,4,44,41,23,8,7,6,140,8,10,20,26,27,0,3,5,105,3,13,15,25,13,6,7,17,103,663,229,702,522,189,51,41,141,2535
SAL22374,5,0,0,0,0,0,0,4,8,4,0,0,0,0,0,0,0,4,0,0,0,0,0,0,0,0,0,4,0,0,3,0,0,0,0,8,0,0,0,0,0,0,0,0,4,0,0,0,9,0,0,0,0,6,0,0,0,0,0,0,0,0,4,0,0,4,6,0,0,0,0,5,0,0,0,3,0,0,0,0,6,0,0,0,0,0,0,0,0,4,0,0,0,0,0,0,0,4,4,0,0,0,0,0,0,0,3,8,0,0,0,0,0,0,0,0,6,0,0,0,0,0,0,0,0,0,0,0,0,0,0,0,0,0,0,18,7,5,25,3,0,0,11,68
SAL22375,8,0,0,0,0,0,0,0,6,3,0,0,0,0,0,0,0,4,0,0,0,0,0,0,0,0,3,0,4,0,0,0,0,0,0,5,0,0,6,0,0,0,0,0,5,7,0,7,0,0,0,0,3,11,0,0,5,5,0,0,0,0,8,0,0,3,0,0,0,0,0,3,0,0,0,0,0,0,0,0,4,0,4,6,0,0,0,0,0,0,0,0,7,3,0,0,0,0,11,0,0,0,0,0,0,0,0,3,0,0,0,0,0,0,0,0,0,0,0,0,0,0,0,0,0,0,0,0,0,0,4,0,0,0,4,23,7,22,11,3,0,0,11,78
SAL22376,229,0,0,0,0,0,0,13,242,149,3,0,0,0,0,0,13,169,104,24,21,3,0,0,0,7,168,57,62,71,33,4,0,0,5,225,26,31,110,67,16,4,0,10,259,21,25,117,75,24,3,0,12,270,20,27,117,72,27,10,0,6,276,15,20,87,40,19,4,0,3,189,16,23,59,44,28,9,0,4,190,17,18,57,53,25,3,3,8,189,11,15,70,52,10,8,0,11,184,5,10,60,48,27,6,4,6,163,6,6,25,16,13,0,0,7,72,0,6,10,3,9,6,0,3,35,3,0,7,10,3,0,0,5,38,678,264,813,525,217,53,21,99,2663
SAL22377,0,0,0,0,0,0,0,0,0,0,0,0,0,0,0,0,0,0,4,0,0,0,0,0,0,0,4,0,0,0,0,0,0,0,0,0,0,0,3,0,0,0,0,0,3,0,0,0,0,0,0,0,0,0,0,0,5,0,0,0,0,0,6,0,0,3,0,0,0,0,0,8,0,0,3,0,0,0,0,0,8,0,0,0,0,0,0,0,0,0,0,0,0,0,0,0,0,0,5,0,0,0,0,0,0,0,0,0,0,0,0,0,0,0,0,0,0,0,0,0,0,0,0,0,0,4,0,0,0,0,0,0,0,0,0,7,0,12,5,0,0,0,3,37
SAL22378,0,0,0,0,0,0,0,0,0,0,0,0,0,0,0,0,0,0,0,0,4,0,0,0,0,0,4,0,0,0,0,0,0,0,0,0,0,0,0,0,0,0,0,0,0,0,0,0,0,0,0,0,0,0,0,0,0,0,0,0,0,0,0,0,0,0,0,0,0,0,0,0,0,0,0,0,0,0,0,0,0,0,0,0,0,0,0,0,0,0,0,0,0,0,0,0,0,0,0,0,0,0,0,0,0,0,0,0,0,0,0,0,0,0,0,0,0,0,0,0,0,0,0,0,0,0,0,0,0,0,0,0,0,0,0,8,0,5,0,0,0,0,3,12
SAL22379,30,0,0,0,0,0,0,4,40,18,4,3,0,0,0,0,0,26,14,0,7,3,0,0,0,3,28,10,5,9,10,0,0,0,0,39,3,3,7,9,3,0,0,3,31,0,3,14,7,9,0,0,0,34,3,0,10,3,3,0,0,3,27,3,0,12,10,3,0,0,3,36,0,0,9,13,3,0,0,0,24,6,3,11,6,5,0,0,6,38,0,0,7,6,3,3,0,0,32,0,0,9,5,5,5,0,0,21,0,0,4,0,0,0,0,0,3,0,0,0,4,0,0,0,3,7,0,0,5,0,3,0,0,0,6,95,25,89,79,45,12,5,40,387
SAL22380,304,0,0,0,0,0,0,18,313,267,0,0,0,0,0,0,23,285,167,13,4,0,0,0,0,12,194,93,36,47,5,4,0,0,7,196,58,46,103,31,14,0,0,4,260,42,53,173,64,12,4,0,8,349,28,48,174,86,29,0,0,9,386,39,34,185,79,9,6,0,16,355,32,35,153,76,22,4,0,4,326,28,29,116,85,20,4,0,10,291,33,25,92,66,11,3,3,10,249,24,25,64,46,12,4,5,3,179,3,15,41,30,8,4,3,11,117,7,11,30,23,11,5,4,10,101,10,14,29,28,17,10,12,8,111,1124,367,1210,625,178,32,25,148,3703
SAL22381,29,0,0,0,0,0,0,3,28,26,0,0,0,0,0,0,3,29,19,0,0,0,0,0,0,0,19,10,4,7,3,0,0,0,0,26,5,5,19,7,0,0,0,4,45,3,7,21,6,0,0,0,0,38,3,5,23,11,0,0,0,0,41,0,5,15,8,0,0,0,0,34,6,0,13,3,0,0,0,0,23,0,4,14,6,0,0,0,0,22,5,7,12,7,3,0,0,0,32,3,4,27,5,3,0,0,5,49,4,0,5,4,0,0,0,0,20,0,0,4,6,0,0,0,0,14,0,0,5,4,3,5,0,4,19,118,49,159,77,11,3,0,14,437
SAL22382,60,0,0,0,0,0,0,4,65,104,15,6,10,0,0,0,6,134,129,67,31,9,0,0,0,22,262,86,103,93,15,0,0,0,24,323,30,60,104,18,9,7,0,12,235,11,21,42,27,0,5,0,0,117,13,10,13,13,6,3,4,6,68,0,9,16,15,5,0,0,5,54,6,9,21,11,8,4,0,3,55,3,3,16,13,6,0,0,0,41,0,0,3,7,0,0,0,0,25,0,0,6,0,4,4,0,0,17,0,0,0,0,0,0,0,0,5,0,0,5,0,0,0,0,0,5,0,0,0,0,0,0,0,0,4,439,307,338,149,53,27,11,90,1405
SAL22383,0,0,0,0,0,0,0,0,0,4,0,0,0,0,0,0,0,4,0,0,0,0,0,0,0,0,0,0,0,0,0,0,0,0,0,3,0,0,0,0,0,0,0,0,5,0,0,0,4,0,0,0,0,6,0,0,0,3,0,0,0,0,0,0,0,0,0,0,0,0,0,5,0,0,0,5,0,0,0,0,4,0,0,0,0,0,0,0,0,9,0,0,4,5,0,0,0,0,10,0,0,3,0,0,0,0,0,4,0,0,0,0,0,0,0,0,6,0,0,0,0,0,0,0,0,3,0,0,0,0,0,0,0,0,4,9,0,8,15,5,0,6,9,55
SAL22384,0,0,0,0,0,0,0,0,0,0,0,0,0,0,0,0,0,0,0,0,0,0,0,0,0,0,4,0,0,4,0,0,0,0,0,3,0,0,3,0,0,0,0,0,0,0,0,0,3,0,0,0,0,5,0,0,0,0,0,0,0,0,3,0,0,0,0,0,0,0,3,6,0,0,0,0,0,0,0,0,0,0,0,0,0,0,0,0,0,4,0,0,0,4,0,0,0,0,10,0,0,0,0,0,0,0,0,0,0,0,0,0,0,0,0,0,0,0,0,0,0,0,0,0,0,0,0,0,0,0,0,0,0,0,0,12,0,11,5,3,0,0,9,38
SAL22385,0,0,0,0,0,0,0,0,0,3,0,0,0,0,0,0,0,3,0,0,0,0,0,0,0,0,0,0,0,0,0,0,0,0,0,0,0,0,0,0,0,0,0,0,0,0,0,0,0,0,0,0,0,6,0,0,5,0,0,0,0,0,5,0,0,0,0,0,0,0,0,0,0,0,0,0,0,0,0,0,5,0,0,0,0,0,0,0,0,3,0,0,0,3,0,0,0,0,3,0,0,0,0,0,0,0,0,4,0,0,0,0,0,0,0,0,0,0,0,0,0,0,0,0,0,0,0,0,0,0,0,0,0,0,0,8,3,6,6,3,0,0,0,27
SAL22386,0,0,0,0,0,0,0,0,0,0,0,0,0,0,0,0,0,0,0,0,0,0,0,0,0,0,0,0,0,0,0,0,0,0,0,0,0,0,0,0,0,0,0,0,0,0,0,0,0,0,0,0,0,0,0,0,0,0,0,0,0,0,3,0,0,0,0,0,0,0,0,0,0,0,0,0,0,0,0,0,0,0,0,0,0,0,0,0,0,0,0,0,0,0,0,0,0,0,0,0,0,0,0,0,0,0,0,0,0,0,0,0,0,0,0,0,0,0,0,0,0,0,0,0,0,0,0,0,0,0,0,0,0,0,0,0,0,0,3,0,0,0,0,8
SAL22387,10,0,0,0,0,0,0,5,12,8,0,0,0,0,0,0,0,8,6,0,0,0,0,0,0,0,3,0,3,0,0,0,0,0,0,3,0,0,0,0,0,0,0,0,6,0,0,0,0,0,0,0,0,9,0,0,4,6,0,0,0,0,13,0,5,9,0,0,0,0,0,10,5,3,4,4,0,0,0,3,21,0,0,3,4,3,0,0,3,14,6,0,0,0,0,0,0,4,9,0,0,6,0,0,0,0,4,9,0,0,0,0,0,0,0,0,4,0,0,0,0,0,0,0,0,0,0,0,0,0,0,0,0,0,0,25,13,28,17,9,0,0,16,102
SAL22388,0,0,0,0,0,0,0,0,0,0,0,0,0,0,0,0,0,0,0,0,0,0,0,0,0,0,0,0,0,0,0,0,0,0,0,0,0,0,0,0,0,0,0,0,0,0,0,0,0,0,0,0,0,0,0,0,0,0,0,0,0,0,0,0,0,0,0,0,0,0,0,0,0,0,0,0,0,0,0,0,0,0,0,0,0,0,0,0,0,0,0,0,0,0,0,0,0,0,0,0,0,0,0,0,0,0,0,0,0,0,0,0,0,0,0,0,0,0,0,0,0,0,0,0,0,0,0,0,0,0,0,0,0,0,0,0,0,0,0,0,0,0,0,0
SAL22389,8,0,0,0,0,0,0,0,8,5,0,0,0,0,0,0,0,5,0,0,0,0,0,0,0,0,0,0,0,0,0,0,0,0,0,5,0,0,3,4,0,0,0,0,11,0,0,0,0,3,0,0,0,10,3,0,0,0,0,0,0,0,5,0,0,4,4,0,0,0,0,16,0,3,4,3,0,0,0,0,9,4,0,0,0,0,0,0,6,10,0,0,0,3,0,0,0,0,5,0,0,0,0,0,0,0,0,9,0,0,0,0,0,0,0,0,5,0,0,0,0,0,0,0,0,0,0,0,0,0,0,0,0,0,0,24,8,30,15,6,0,0,6,91
SAL22390,0,0,0,0,0,0,0,0,0,0,0,0,0,0,0,0,0,0,0,0,0,0,0,0,0,0,0,0,0,0,0,0,0,0,0,0,0,0,0,0,0,0,0,0,0,0,0,0,0,0,0,0,0,0,0,0,0,0,0,0,0,0,0,0,0,0,0,0,0,0,0,0,0,0,0,0,0,0,0,0,0,0,0,0,0,0,0,0,0,0,0,0,0,0,0,0,0,0,0,0,0,0,0,0,0,0,0,0,0,0,0,0,0,0,0,0,0,0,0,0,0,0,0,0,0,0,0,0,0,0,0,0,0,0,0,0,0,0,0,0,0,0,0,0
SAL22391,1041,0,0,0,0,0,0,78,1122,988,56,9,0,0,0,0,70,1132,898,212,102,33,0,0,0,63,1318,546,366,359,105,23,5,3,81,1481,305,256,523,222,37,10,10,49,1408,190,194,539,227,63,12,8,60,1290,186,195,516,269,86,34,9,58,1352,176,164,562,319,84,29,9,65,1405,141,166,549,338,105,16,15,46,1373,120,120,476,289,119,17,14,39,1192,97,106,390,273,107,34,18,28,1046,44,74,321,223,113,24,4,39,843,42,39,194,132,76,18,11,36,561,25,22,80,102,66,20,22,34,367,23,34,107,104,59,31,25,34,415,4815,2006,4730,2621,936,248,148,793,16296
SAL22392,14,0,0,0,0,0,0,0,15,6,0,0,0,0,0,0,0,12,9,0,3,0,0,0,0,0,12,3,0,0,0,0,0,0,0,5,0,4,0,3,0,0,0,0,3,0,0,7,0,0,0,0,3,13,6,0,4,0,0,0,3,0,12,5,3,4,4,0,0,0,0,21,0,3,6,8,0,0,0,0,16,0,0,6,0,0,0,0,0,13,0,0,3,0,0,0,0,0,9,0,0,0,3,0,0,0,0,10,0,0,4,3,0,0,0,0,7,0,0,0,0,0,0,0,0,4,0,0,0,0,0,0,0,0,3,45,17,39,25,5,5,5,5,145
SAL22393,8,0,0,0,0,0,0,0,7,0,0,0,0,0,0,0,0,4,6,0,5,0,0,0,0,0,11,0,3,3,0,0,0,0,0,9,0,0,3,3,0,0,0,4,13,0,0,3,0,0,0,0,0,7,0,0,5,7,0,0,0,3,13,3,3,3,5,0,0,0,4,14,0,0,6,0,0,0,0,0,0,10,0,3,3,0,0,0,0,14,4,0,4,5,0,0,0,0,9,0,0,0,0,0,0,0,0,11,0,0,0,7,0,0,0,0,6,0,0,0,0,0,0,0,0,0,0,0,0,0,0,0,0,0,0,30,8,27,18,5,3,0,13,113
SAL22394,19,0,0,0,0,0,0,4,16,7,0,0,0,0,0,0,0,7,8,0,0,0,0,0,0,0,10,6,3,4,0,0,0,0,6,26,5,3,7,5,4,0,0,0,20,3,4,3,10,4,0,0,4,26,0,0,5,5,0,0,0,0,12,7,3,0,0,3,0,0,0,10,0,7,7,5,0,0,0,3,20,0,4,10,5,0,0,0,6,19,6,0,3,3,6,0,0,0,14,0,0,0,3,3,0,0,0,11,0,0,3,0,0,0,0,0,6,0,0,0,0,0,0,0,0,0,0,0,0,0,0,0,0,4,4,62,23,50,33,20,5,0,16,207
SAL22395,155,0,0,0,0,0,0,13,171,273,11,0,0,0,0,0,30,315,326,49,22,6,0,0,0,38,434,240,98,66,25,4,0,0,40,474,126,88,96,43,11,0,3,21,390,60,65,109,42,9,6,0,13,293,67,59,91,42,12,3,5,23,299,60,46,82,39,14,9,0,14,267,46,36,69,35,12,6,3,6,218,37,41,76,48,16,0,10,11,241,40,29,68,38,18,6,4,10,216,11,12,31,28,7,3,10,11,121,14,3,47,34,10,8,5,5,127,3,10,17,23,8,4,4,10,89,6,14,32,34,24,15,20,16,159,1469,566,811,436,149,65,61,277,3820
SAL22396,271,0,0,0,0,0,0,42,319,360,16,3,0,0,0,0,50,435,334,70,35,4,0,0,0,39,482,191,109,96,37,7,0,0,39,483,100,93,115,59,14,4,3,43,429,65,57,137,52,11,5,0,30,364,63,47,150,77,29,7,4,30,401,54,49,166,59,28,5,0,23,389,54,40,133,79,18,9,5,23,362,40,39,111,56,37,12,0,20,324,27,29,103,80,23,20,8,17,303,21,26,72,63,17,16,11,18,238,17,9,56,40,30,10,15,12,193,5,14,30,40,16,16,4,10,136,13,15,53,50,32,15,26,21,221,1618,611,1267,692,269,107,94,409,5072
SAL22397,445,0,0,0,0,0,0,63,511,495,16,4,0,0,0,0,47,576,436,91,52,20,7,0,0,66,674,303,162,125,51,22,6,3,51,719,164,140,204,71,21,15,9,49,673,101,87,186,103,24,11,10,36,557,105,86,188,92,39,14,11,41,574,82,95,199,93,34,6,22,29,560,52,74,179,95,42,3,12,27,493,44,60,160,103,56,25,12,16,483,34,34,161,129,54,17,19,30,471,24,25,173,134,50,20,8,33,468,14,24,130,107,47,19,15,37,387,13,8,80,65,57,23,22,31,293,4,15,60,56,27,17,22,31,229,2316,921,1905,1109,476,182,160,593,7659
SAL22398,16,0,0,0,0,0,0,3,18,8,0,0,0,0,0,0,0,16,16,0,6,0,0,0,0,0,16,5,7,3,0,0,0,0,0,14,3,7,6,4,0,0,0,0,14,0,0,8,6,0,0,0,4,19,3,10,13,5,0,0,0,0,28,3,5,4,6,0,0,0,0,20,4,5,10,5,4,0,0,0,35,3,0,12,12,6,0,0,0,32,5,0,5,3,0,3,0,0,19,4,0,0,7,7,0,0,0,15,4,0,0,3,0,0,0,0,7,0,0,0,4,0,0,0,0,6,0,0,0,0,0,0,0,0,5,84,29,73,52,12,8,0,23,274
SAL22399,516,0,0,0,0,0,0,21,542,422,0,0,0,0,0,0,20,444,294,13,0,0,0,0,0,15,328,213,67,49,6,0,0,0,12,347,97,96,147,33,8,0,0,5,396,79,71,182,74,10,6,0,13,429,62,88,240,121,21,0,0,13,551,79,90,278,125,23,8,0,9,599,64,93,198,99,19,5,0,8,480,69,64,181,92,35,5,3,13,461,71,52,165,90,35,4,0,17,433,59,40,132,93,23,0,0,9,353,24,14,77,52,25,6,4,6,217,25,8,64,39,21,13,4,10,186,32,10,49,69,35,16,7,14,242,2101,726,1762,900,245,60,26,185,6008
SAL22400,0,0,0,0,0,0,0,0,0,0,0,0,0,0,0,0,0,0,0,0,0,0,0,0,0,0,0,0,0,0,0,0,0,0,0,0,0,0,0,0,0,0,0,0,0,0,0,0,0,0,0,0,0,0,0,0,0,0,0,0,0,0,0,0,0,0,0,0,0,0,0,0,0,0,0,0,0,0,0,0,0,0,0,0,4,0,0,0,0,8,0,0,0,0,0,0,0,0,5,0,0,0,0,0,0,0,0,0,0,0,0,0,0,0,0,0,0,0,0,0,0,0,0,0,0,0,0,0,0,0,0,0,0,0,0,0,0,0,4,3,0,0,0,7
SAL22401,0,0,0,0,0,0,0,0,0,9,0,0,0,0,0,0,0,9,0,0,0,0,0,0,0,0,0,0,4,0,0,0,0,0,0,3,0,0,0,0,0,0,0,0,4,0,0,5,0,0,0,0,0,3,0,0,0,3,0,0,0,0,3,0,0,0,0,0,0,0,0,0,0,0,3,0,0,0,0,0,7,0,0,0,0,0,0,0,0,0,0,0,3,0,0,0,0,0,4,0,0,0,0,3,0,0,0,7,0,0,0,0,0,0,0,0,0,0,0,0,0,0,0,0,0,0,0,0,0,0,0,0,0,0,0,15,8,21,8,0,0,0,0,52
SAL22402,0,0,0,0,0,0,0,0,0,0,0,0,0,0,0,0,0,3,0,0,0,0,0,0,0,0,0,0,0,0,0,0,0,0,0,0,0,0,0,0,0,0,0,0,0,0,0,0,0,0,0,0,0,0,0,0,0,0,0,0,0,0,0,0,0,0,0,0,0,0,0,0,0,0,0,0,0,0,0,0,0,0,0,0,0,0,0,0,0,0,0,0,0,0,0,0,0,0,0,0,0,0,0,0,0,0,0,0,0,0,0,0,0,0,0,0,0,0,0,0,0,0,0,0,0,0,0,0,0,0,0,0,0,0,0,0,0,0,0,0,0,0,0,3
SAL22403,4,0,0,0,0,0,0,0,4,0,0,0,0,0,0,0,0,0,0,0,0,0,0,0,0,0,0,0,0,0,0,0,0,0,0,3,0,0,3,0,0,0,0,0,5,0,0,5,0,0,0,0,0,3,0,0,0,0,0,0,0,0,6,0,0,5,0,0,0,0,0,9,0,0,0,0,0,0,0,0,3,3,0,3,0,0,0,0,0,8,5,0,0,0,0,0,0,0,6,6,4,0,0,0,0,0,0,3,0,0,0,0,0,0,0,0,0,0,0,0,0,0,0,0,0,3,0,0,0,0,3,0,0,0,0,14,8,29,8,0,0,0,0,64
SAL22404,4,0,0,0,0,0,0,0,4,4,0,0,0,0,0,0,0,4,0,0,0,0,0,0,0,0,0,0,0,0,0,0,0,0,0,0,0,0,0,4,0,0,0,0,4,0,0,0,0,0,0,0,0,0,0,0,0,0,0,0,0,0,3,0,0,0,0,0,0,0,0,7,0,0,0,0,0,0,0,0,3,0,0,7,0,0,0,0,0,11,0,0,0,0,0,0,0,0,0,6,0,0,0,0,0,0,0,6,0,0,0,4,0,0,0,0,3,0,0,0,0,0,0,0,0,5,0,0,0,0,0,0,0,0,0,17,5,13,7,3,0,0,3,51
SAL22405,235,4,0,0,0,0,0,22,261,277,25,9,0,0,0,0,37,353,241,82,62,17,6,4,0,44,453,121,91,110,44,12,3,5,31,411,55,69,121,71,23,4,3,31,375,52,38,101,61,34,17,3,20,323,26,25,91,76,29,12,5,12,282,36,28,91,86,27,15,7,15,300,34,25,99,113,30,15,4,22,349,37,19,111,79,44,6,6,20,323,30,10,100,104,32,15,3,17,306,19,7,88,79,40,10,9,28,286,16,11,55,71,47,15,16,21,246,5,10,39,59,37,30,22,28,229,13,8,38,52,55,21,37,40,266,1190,453,1109,917,412,163,118,401,4763
SAL22406,0,0,0,0,0,0,0,0,0,0,0,0,0,0,0,0,0,0,0,0,0,0,0,0,0,0,0,0,0,0,0,0,0,0,0,0,0,0,0,0,0,0,0,0,0,0,0,0,0,0,0,0,0,0,0,0,0,0,0,0,0,0,0,0,0,0,0,0,0,0,0,0,0,0,0,0,0,0,0,0,0,0,0,0,0,0,0,0,0,0,0,0,0,0,0,0,0,0,0,0,0,0,0,0,0,0,0,0,0,0,0,0,0,0,0,0,0,0,0,0,0,0,0,0,0,0,0,0,0,0,0,0,0,0,0,0,0,0,0,0,0,0,0,3
SAL22407,0,0,0,0,0,0,0,0,0,0,0,0,0,0,0,0,0,0,0,0,0,0,0,0,0,0,0,0,0,0,0,0,0,0,0,0,0,0,0,0,0,0,0,0,0,0,0,0,0,0,0,0,0,0,0,0,0,0,0,0,0,0,0,0,0,0,0,0,0,0,0,0,0,0,0,0,0,0,0,0,0,0,0,0,0,0,0,0,0,0,0,0,0,0,0,0,0,0,0,0,0,0,0,0,0,0,0,0,0,0,0,0,0,0,0,0,0,0,0,0,0,0,0,0,0,0,0,0,0,0,0,0,0,0,0,0,0,0,0,0,0,0,0,0
SAL22408,0,0,0,0,0,0,0,0,0,3,0,0,0,0,0,0,0,3,0,0,0,0,0,0,0,0,5,4,0,0,0,0,0,0,0,4,0,0,0,0,0,0,0,0,0,0,0,0,0,0,0,0,0,0,0,0,0,0,5,0,0,0,7,0,0,0,4,0,0,0,3,3,0,0,0,0,0,0,0,0,6,0,0,0,0,0,0,0,0,5,0,0,0,0,3,0,0,0,3,0,0,0,3,0,0,0,0,3,0,0,0,0,0,0,3,0,3,0,0,0,0,0,0,0,0,0,0,0,0,0,0,0,0,0,0,11,3,10,8,8,0,4,3,55
SAL22409,15,0,0,0,0,0,0,0,17,5,3,0,0,0,0,0,0,7,5,4,0,3,0,0,0,0,16,0,3,6,0,0,0,0,0,21,6,0,7,0,3,0,0,3,25,4,4,8,3,0,0,0,0,23,3,3,14,3,0,0,0,0,24,6,5,9,4,0,0,0,10,30,9,0,4,3,3,0,0,4,22,6,5,4,21,0,0,0,0,43,8,9,10,8,8,0,0,6,44,4,3,16,12,6,0,0,4,40,0,0,7,5,4,5,0,0,19,0,0,3,3,0,0,0,0,7,0,0,4,0,3,0,0,0,12,70,43,107,63,29,8,0,27,354
SAL22410,5,0,0,0,0,0,0,0,9,3,0,0,0,0,0,0,0,3,0,0,0,0,0,0,0,0,3,0,0,0,0,0,0,0,0,7,0,5,0,0,0,0,0,0,8,0,0,0,0,0,0,0,0,5,3,0,6,0,0,0,0,0,4,4,0,8,0,0,0,0,3,9,4,0,0,3,0,0,0,5,11,7,0,0,0,0,0,0,3,9,3,0,3,3,0,3,0,0,14,3,0,0,0,0,0,0,0,8,0,0,0,0,0,0,0,0,0,0,0,0,5,0,0,0,0,5,0,0,0,5,0,0,0,0,0,31,9,25,16,7,3,0,12,104
SAL22411,0,0,0,0,0,0,0,0,0,0,0,0,0,0,0,0,0,0,0,0,0,0,0,0,0,0,0,0,0,0,0,0,0,0,0,0,0,0,0,0,0,0,0,0,0,0,0,0,0,0,0,0,0,0,0,0,0,0,0,0,0,0,0,0,0,0,0,0,0,0,0,0,0,0,0,0,0,0,0,0,0,0,0,0,0,0,0,0,0,0,0,0,0,0,0,0,0,0,0,0,0,0,0,0,0,0,0,0,0,0,0,0,0,0,0,0,0,0,0,0,0,0,0,0,0,0,0,0,0,0,0,0,0,0,0,0,0,0,0,0,0,0,0,0
SAL22412,0,0,0,0,0,0,0,0,0,0,0,0,0,0,0,0,0,0,0,0,0,0,0,0,0,0,0,0,0,0,0,0,0,0,0,0,0,0,0,0,0,0,0,0,0,0,0,0,0,0,0,0,0,0,0,0,0,0,0,0,0,0,0,0,0,0,0,0,0,0,0,0,0,0,0,0,0,0,0,0,0,0,0,0,0,0,0,0,0,0,0,0,0,0,0,0,0,0,4,0,0,0,0,0,0,0,0,0,0,0,0,0,0,0,0,0,0,0,0,0,0,0,0,0,0,0,0,0,0,0,0,0,0,0,0,0,0,3,0,0,0,0,0,3
SAL22413,5,0,0,0,0,0,0,0,5,0,0,0,0,0,0,0,0,3,3,0,0,0,0,0,0,0,3,0,0,0,0,0,0,0,0,0,0,0,6,0,0,0,0,0,6,0,0,7,0,0,0,0,0,8,0,0,5,0,0,0,0,0,4,0,3,0,0,0,0,0,0,9,0,0,0,0,4,3,0,0,11,4,0,0,0,0,0,0,0,6,0,0,7,0,0,0,0,0,13,0,0,0,0,0,0,0,0,5,0,0,0,0,0,0,0,3,7,0,0,6,0,0,0,0,0,7,0,0,0,0,0,0,0,0,0,11,10,22,12,11,8,0,5,84
SAL22414,274,0,0,0,0,0,0,19,289,357,10,6,0,0,0,0,33,408,284,60,24,5,0,0,0,31,408,197,100,82,20,0,3,0,13,425,80,98,133,46,9,3,0,22,386,65,65,126,44,17,0,0,23,340,51,58,150,74,21,9,0,11,379,36,52,160,91,23,11,8,12,391,43,52,138,76,22,8,9,16,369,17,29,123,77,26,9,0,13,300,22,27,74,51,21,6,4,10,217,8,17,51,49,20,7,0,13,166,8,12,52,38,10,4,3,6,133,0,10,35,25,18,7,6,6,111,16,15,42,45,24,11,20,19,190,1457,609,1200,637,212,73,57,256,4506
SAL22415,0,0,0,0,0,0,0,0,0,0,0,0,0,0,0,0,0,0,0,0,0,0,0,0,0,0,0,0,0,0,0,0,0,0,0,0,0,0,0,0,0,0,0,0,0,0,0,0,0,0,0,0,0,0,0,0,0,0,0,0,0,0,0,0,0,0,0,0,0,0,0,0,0,0,0,0,0,0,0,0,0,0,0,0,0,0,0,0,0,3,0,0,0,0,0,0,0,0,0,0,0,0,0,0,0,0,0,0,0,0,0,0,0,0,0,0,0,0,0,0,0,0,0,0,0,0,0,0,0,0,0,0,0,0,0,0,0,0,0,0,0,0,0,7
SAL22416,0,0,0,0,0,0,0,0,0,0,0,0,0,0,0,0,0,0,0,0,0,0,0,0,0,0,0,0,0,0,0,0,0,0,0,0,0,0,0,0,0,0,0,0,0,0,0,0,0,0,0,0,0,0,0,0,0,0,0,0,0,0,0,0,0,0,0,0,0,0,0,0,0,0,0,0,0,0,0,0,0,0,0,0,0,0,0,0,0,0,0,0,0,0,0,0,0,0,0,0,0,0,0,0,0,0,0,0,0,0,0,0,0,0,0,0,0,0,0,0,0,0,0,0,0,0,0,0,0,0,0,0,0,0,0,0,0,0,0,0,0,0,0,0
SAL22417,6,0,0,0,0,0,0,0,7,4,0,0,0,0,0,0,0,5,0,0,0,0,0,0,0,0,5,0,0,0,0,0,0,0,0,0,6,0,0,0,0,0,0,0,9,0,0,0,0,0,0,0,0,0,0,0,0,0,0,0,0,0,4,0,0,0,3,0,0,0,0,8,0,0,0,0,0,0,0,0,0,0,0,3,0,0,0,0,4,10,0,0,0,0,0,0,0,0,3,0,0,0,5,0,0,0,0,4,0,0,0,0,0,0,0,0,0,0,0,0,0,0,0,0,0,3,0,0,0,0,0,0,0,0,3,17,6,11,13,0,0,0,8,65
SAL22418,0,0,0,0,0,0,0,0,0,4,0,0,0,0,0,0,0,4,0,0,0,0,0,0,0,0,0,0,0,0,0,0,0,0,0,0,0,0,4,0,0,0,0,0,3,0,0,0,0,0,0,0,0,0,0,0,0,0,0,0,0,0,0,0,0,0,0,0,0,0,0,0,0,0,0,0,0,0,0,0,0,0,0,0,0,0,0,0,0,0,0,0,0,0,0,0,0,0,0,0,0,0,0,0,0,0,0,0,0,0,0,0,0,0,0,0,0,0,0,0,0,0,0,0,0,0,0,0,0,0,0,0,0,0,0,3,0,5,4,0,0,0,0,14
SAL22419,9,0,0,0,0,0,0,0,14,4,0,0,0,0,0,0,0,4,5,0,0,0,0,0,0,0,3,6,0,4,0,0,0,0,4,10,6,6,3,3,0,0,0,0,12,0,0,9,0,0,0,0,0,15,3,0,4,0,0,0,0,0,8,0,0,3,0,0,0,0,0,5,0,0,9,3,0,0,0,0,21,4,0,10,3,0,0,0,0,24,6,4,8,3,3,0,0,0,26,3,0,0,4,0,0,0,0,13,0,4,3,0,0,0,0,0,8,0,0,0,0,0,0,0,0,0,0,0,0,0,0,0,0,0,0,52,26,49,27,9,5,3,9,172
SAL22420,0,0,0,0,0,0,0,0,0,0,0,0,0,0,0,0,0,0,0,0,0,0,0,0,0,0,0,0,0,0,0,0,0,0,0,0,0,0,0,0,0,0,0,0,0,0,0,0,0,0,0,0,0,0,0,0,0,0,0,0,0,0,0,0,0,0,0,0,0,0,0,0,0,0,0,0,0,0,0,0,0,0,0,0,0,0,0,0,0,0,0,0,0,0,0,0,0,0,0,0,0,0,0,0,0,0,0,0,0,0,0,0,0,0,0,0,0,0,0,0,0,0,0,0,0,0,0,0,0,0,0,0,0,0,0,5,6,3,3,0,0,0,0,14
SAL22421,0,0,0,0,0,0,0,0,0,0,0,0,0,0,0,0,0,0,0,0,0,0,0,0,0,0,0,0,0,0,0,0,0,0,0,0,0,0,0,0,0,0,0,0,0,0,0,0,0,0,0,0,0,0,0,0,0,0,0,0,0,0,0,0,0,0,0,0,0,0,0,0,0,0,0,0,0,0,0,0,0,0,0,0,0,0,0,0,0,0,0,0,0,0,0,0,0,0,0,0,0,0,0,0,0,0,0,0,0,0,0,0,0,0,0,0,3,0,0,0,0,0,0,0,0,0,0,0,0,0,0,0,0,0,0,0,0,3,0,0,0,0,0,7
SAL22422,0,0,0,0,0,0,0,0,0,0,0,0,0,0,0,0,0,0,0,0,0,0,0,0,0,0,0,0,0,0,0,0,0,0,0,0,0,0,0,0,0,0,0,0,0,0,0,0,0,0,0,0,0,0,0,0,0,0,0,0,0,0,0,0,0,0,0,0,0,0,0,0,0,0,0,0,0,0,0,0,0,0,0,0,0,0,0,0,0,0,0,0,0,0,0,0,0,0,0,0,0,0,0,0,0,0,0,3,0,0,0,0,0,0,0,0,0,0,0,0,0,0,0,0,0,0,0,0,0,0,0,0,0,0,0,0,0,4,0,0,0,0,0,5
SAL22423,8,0,0,0,0,0,0,3,7,6,0,0,0,0,0,0,0,6,0,0,0,0,0,0,0,4,4,0,0,0,0,0,0,0,0,8,4,0,0,3,0,0,0,0,8,0,0,0,0,0,0,0,0,8,5,0,4,5,3,0,0,6,20,3,3,0,6,0,0,0,0,21,0,4,6,3,0,3,0,0,23,9,3,10,8,3,0,0,5,41,3,0,4,4,0,0,0,0,13,5,0,0,8,3,0,0,0,20,0,3,3,5,0,0,0,5,10,0,0,3,0,0,0,0,3,13,0,5,0,3,0,0,0,0,4,52,19,42,38,14,3,4,30,194
SAL22424,3,0,0,0,0,0,0,0,3,0,0,0,0,0,0,0,0,5,0,0,0,0,0,0,0,0,0,0,0,0,0,0,0,0,0,3,0,0,3,4,0,0,0,0,9,0,0,0,3,0,0,0,0,13,0,0,3,3,0,0,0,0,8,0,3,0,4,0,0,0,0,7,0,0,0,3,0,0,0,0,5,0,0,5,4,3,0,0,0,12,0,0,4,5,3,0,0,0,13,0,5,0,0,5,0,0,0,7,0,0,0,0,6,0,0,0,7,0,0,0,0,0,0,0,0,5,0,0,0,0,0,0,0,0,0,13,12,21,28,12,6,0,3,89
SAL22425,0,0,0,0,0,0,0,0,0,0,0,0,0,0,0,0,0,0,0,0,6,0,0,0,0,0,7,0,0,3,0,0,0,0,0,0,0,0,0,0,0,0,0,0,0,0,0,0,0,0,0,0,0,0,0,0,0,0,0,0,0,0,3,0,0,0,0,0,0,0,0,3,0,0,0,0,0,0,0,0,0,0,0,0,0,0,0,0,0,5,0,0,3,0,0,0,0,0,6,0,0,0,0,0,0,0,0,7,0,0,0,0,0,0,0,0,0,0,0,0,0,0,0,0,0,0,0,0,0,0,0,0,0,0,0,7,3,8,7,0,3,0,7,39
SAL22426,25,0,0,0,0,0,0,0,26,20,7,0,0,0,0,0,4,28,14,9,6,0,0,0,0,0,24,8,9,8,4,0,0,0,0,36,10,6,7,5,0,5,0,7,36,6,0,10,4,0,0,0,0,26,3,0,7,10,0,0,0,0,31,4,3,16,9,3,0,0,0,33,5,6,15,13,6,0,0,0,41,4,4,12,13,0,0,0,3,40,6,8,7,11,4,0,0,0,38,3,0,16,15,0,0,0,0,36,0,0,15,4,6,0,0,3,24,0,0,3,3,5,0,4,4,19,0,4,10,11,0,4,5,23,54,107,55,137,105,36,11,11,45,506
SAL22427,0,0,0,0,0,0,0,0,0,0,0,0,0,0,0,0,0,0,0,0,0,0,0,0,0,0,0,0,0,0,0,0,0,0,0,0,0,0,0,0,0,0,0,0,0,0,0,0,0,0,0,0,0,0,0,0,0,0,0,0,0,0,0,0,0,0,0,0,0,0,0,0,0,0,0,0,0,0,0,0,0,0,0,0,0,0,0,0,0,0,0,0,0,0,0,0,0,0,0,0,0,0,0,0,0,0,0,0,0,0,0,0,0,0,0,0,0,0,0,0,0,0,0,0,0,0,0,0,0,0,0,0,0,0,0,0,3,0,3,3,0,0,0,9
SAL22428,0,0,0,0,0,0,0,0,0,5,0,0,0,0,0,0,0,5,0,0,0,0,0,0,0,0,0,0,0,3,0,0,0,0,0,5,0,0,0,0,0,0,0,0,9,0,0,0,0,0,0,0,0,3,0,0,0,0,0,0,0,0,5,0,0,0,0,0,0,0,0,4,3,0,0,4,0,0,0,0,3,0,0,3,0,0,0,0,0,8,0,0,0,0,0,0,0,0,3,0,0,0,0,0,0,0,0,4,0,0,0,0,0,0,0,0,0,0,0,0,0,0,0,0,0,0,0,0,0,0,0,0,0,0,0,15,0,15,10,0,3,0,3,54
SAL22429,12,0,0,0,0,0,0,0,12,0,0,0,0,0,0,0,0,3,0,0,0,0,0,0,0,0,0,0,0,0,0,0,0,0,0,0,0,0,3,0,0,0,0,0,6,0,0,0,0,0,0,0,0,8,0,0,4,0,0,0,0,0,9,0,0,0,7,0,0,0,0,7,0,0,3,0,3,0,0,0,12,0,0,0,0,4,0,0,4,3,0,0,0,4,0,0,0,0,5,0,0,0,0,0,0,0,0,3,0,0,3,0,0,0,0,0,4,0,0,0,0,0,4,0,0,6,0,0,0,0,0,0,0,0,5,17,8,19,16,7,3,4,9,82
SAL22430,20,0,0,0,0,0,0,5,17,14,0,0,0,0,0,0,0,19,10,0,0,0,0,0,0,0,12,9,4,0,8,0,0,0,0,15,8,5,5,3,0,0,0,0,17,5,5,4,0,0,0,0,0,15,10,3,14,0,0,0,0,3,31,3,8,18,9,0,0,3,0,33,4,5,13,3,3,0,0,0,31,4,6,16,8,10,0,0,3,44,0,4,10,13,5,0,0,0,24,5,0,10,6,4,0,0,0,22,0,0,4,0,0,0,0,0,10,0,0,0,4,0,0,0,0,8,0,0,0,0,0,0,0,0,5,86,30,98,53,22,4,7,12,311
SAL22431,18,0,0,0,0,0,0,8,27,16,0,0,0,0,0,0,4,18,0,0,0,0,0,0,0,0,4,5,0,0,7,0,0,0,0,19,5,4,4,5,0,0,0,0,16,0,0,11,6,3,0,0,3,26,0,0,8,5,8,0,0,0,22,0,0,7,5,0,0,0,4,14,0,0,8,4,4,0,0,0,22,0,4,9,3,0,0,0,4,20,3,0,6,4,0,0,0,5,15,0,0,5,4,3,0,0,0,10,0,0,0,0,0,0,0,0,5,0,0,3,0,4,0,0,0,3,0,0,0,0,0,0,0,0,0,54,11,57,38,20,0,0,33,221
SAL22432,0,0,0,0,0,0,0,0,0,0,0,0,0,0,0,0,0,0,0,0,0,0,0,0,0,0,0,0,0,0,0,0,0,0,0,0,0,0,0,0,0,0,0,0,0,0,0,0,0,0,0,0,0,0,0,0,0,0,0,0,0,0,0,0,0,0,0,0,0,0,0,0,0,0,3,0,0,0,0,0,3,0,0,0,0,0,0,0,0,0,0,0,0,0,0,0,0,0,0,0,0,0,0,0,0,0,0,0,0,0,0,0,0,0,0,0,0,0,0,0,0,0,0,0,0,0,0,0,0,0,0,0,0,0,0,0,0,3,3,0,0,0,0,13
SAL22433,10,0,0,0,0,0,0,0,13,6,0,0,0,0,0,0,0,6,0,0,0,0,0,0,0,0,8,0,5,0,5,0,0,0,0,10,0,0,3,0,0,0,0,0,6,4,0,4,0,0,0,0,0,8,0,0,0,3,3,0,0,0,12,3,3,3,3,0,0,0,0,14,4,3,3,0,0,0,0,0,9,0,0,10,3,0,0,0,0,17,7,0,0,6,0,0,0,0,14,0,0,5,0,0,0,0,0,7,0,0,0,0,0,0,0,0,6,0,0,0,0,0,0,0,0,0,0,0,0,0,0,0,0,0,0,34,13,34,31,6,5,4,7,133
SAL22434,0,0,0,0,0,0,0,0,0,0,0,0,0,0,0,0,0,0,0,0,0,0,0,0,0,0,0,0,0,0,0,0,0,0,0,0,0,0,0,0,0,0,0,0,0,0,0,0,0,0,0,0,0,0,0,0,0,0,0,0,0,0,0,0,0,0,0,0,0,0,0,0,0,0,0,0,0,0,0,0,0,0,0,0,0,0,0,0,0,0,0,0,0,0,0,0,0,0,0,0,0,0,0,0,0,0,0,0,0,0,0,0,0,0,0,0,0,0,0,0,0,0,0,0,0,0,0,0,0,0,0,0,0,0,0,0,0,0,0,0,0,0,0,4
SAL22435,0,0,0,0,0,0,0,0,0,0,0,0,0,0,0,0,0,0,0,0,0,0,0,0,0,0,0,0,0,0,0,0,0,0,0,0,0,0,0,0,0,0,0,0,0,0,0,0,0,0,0,0,0,0,0,0,0,0,0,0,0,0,0,0,0,0,0,0,0,0,0,0,0,0,0,0,0,0,0,0,0,0,0,0,0,0,0,0,0,0,0,0,0,0,0,0,0,0,0,0,0,0,0,0,0,0,0,0,0,0,0,0,0,0,0,0,0,0,0,0,0,0,0,0,0,0,0,0,0,0,0,0,0,0,0,0,0,0,0,0,0,0,0,0
SAL22436,0,0,0,0,0,0,0,0,3,3,0,0,0,0,0,0,0,3,0,0,0,0,0,0,0,0,0,0,0,0,0,0,0,0,0,4,0,3,0,0,0,0,0,0,4,0,0,0,0,0,0,0,0,3,0,0,0,0,0,0,0,0,5,6,0,4,0,0,0,0,0,3,0,0,4,0,0,0,0,0,9,0,0,0,7,0,0,0,0,3,0,0,0,5,0,0,0,0,10,0,0,0,0,0,0,0,0,0,0,0,0,0,0,0,0,0,0,0,0,0,0,0,0,0,0,0,0,0,0,0,0,0,0,3,0,8,10,7,7,5,0,0,9,54
SAL22437,0,0,0,0,0,0,0,0,0,0,0,0,0,0,0,0,0,0,0,0,0,0,0,0,0,4,4,0,0,0,0,0,0,0,3,3,0,0,0,0,0,0,0,0,0,0,0,0,0,0,0,0,0,0,0,0,0,0,0,0,0,0,5,0,3,0,0,0,0,0,0,3,0,0,0,0,0,0,0,0,0,0,0,0,0,0,0,0,0,0,0,0,0,0,0,0,0,0,5,0,0,0,0,0,0,0,0,0,0,0,0,0,0,0,0,0,5,0,0,0,0,0,0,0,0,0,0,0,0,0,0,0,0,0,0,0,4,0,6,0,0,0,8,23
SAL22438,0,0,0,0,0,0,0,0,0,0,0,0,0,0,0,0,0,0,0,0,0,0,0,0,0,0,0,0,0,0,0,0,0,0,0,0,0,0,0,0,0,0,0,0,0,0,0,0,0,0,0,0,0,0,0,0,0,0,0,0,0,0,0,0,0,0,0,0,0,0,0,0,0,0,0,0,0,0,0,0,0,0,0,0,0,0,0,0,0,0,0,0,0,0,0,0,0,0,0,0,0,0,0,0,0,0,0,3,0,0,0,0,0,0,0,0,0,0,0,0,0,0,0,0,0,0,0,0,0,0,0,0,0,0,0,4,0,0,3,0,0,0,0,13
SAL22439,0,0,0,0,0,0,0,0,0,0,0,0,0,0,0,0,0,0,0,0,0,0,0,0,0,0,0,0,0,0,0,0,0,0,0,0,0,0,0,0,0,0,0,0,0,0,0,0,0,0,0,0,4,7,0,0,0,0,0,0,0,0,0,0,0,0,0,3,0,0,0,3,0,0,0,0,0,0,0,0,0,0,0,0,0,0,0,0,0,0,0,0,0,0,0,0,0,0,0,0,0,0,0,0,0,0,0,0,0,0,0,0,0,0,0,0,0,0,0,0,0,0,0,0,0,0,0,0,0,0,0,0,0,0,0,0,0,3,0,3,0,0,4,13
SAL22440,0,0,0,0,0,0,0,0,0,0,0,0,0,0,0,0,0,0,0,0,0,0,0,0,0,0,0,0,0,0,0,0,0,0,0,0,0,0,0,0,0,0,0,0,4,0,0,0,0,0,0,0,0,4,0,0,0,0,0,0,0,0,3,0,0,0,0,0,0,0,0,0,0,0,0,0,0,0,0,0,0,0,0,0,4,0,0,0,0,4,0,0,0,0,0,0,0,0,0,0,0,0,4,0,0,0,0,0,0,0,0,0,0,0,0,0,0,0,0,0,0,0,0,0,0,0,0,0,0,0,0,0,0,0,0,5,5,5,5,3,0,0,0,24
SAL22441,18,0,0,0,0,0,0,0,18,22,4,0,0,0,0,0,0,30,14,8,10,0,0,0,0,0,28,3,6,13,7,0,0,0,6,41,0,0,13,6,0,0,0,0,25,0,3,14,9,0,0,0,0,28,0,7,10,4,3,0,0,3,30,5,3,3,0,0,0,0,0,16,3,6,19,4,0,0,0,0,29,0,0,10,4,7,3,0,0,22,0,0,7,4,0,0,0,0,19,0,0,6,5,0,0,0,0,9,0,0,4,5,0,0,0,0,13,0,0,0,0,0,0,0,0,5,0,0,0,0,0,0,0,0,9,69,46,105,61,26,9,4,15,332
SAL22442,0,0,0,0,0,0,0,0,0,0,0,0,0,0,0,0,0,0,0,0,0,0,0,0,0,0,0,0,0,0,0,0,0,0,0,0,0,0,0,0,0,0,0,0,0,0,0,0,0,0,0,0,0,0,0,0,0,0,0,0,0,0,0,0,0,0,0,0,0,0,0,0,0,0,0,0,0,0,0,0,0,0,0,0,0,0,0,0,0,0,0,0,0,0,0,0,0,0,0,0,0,0,0,0,0,0,0,0,0,0,0,0,0,0,0,0,0,0,0,0,0,0,0,0,0,0,0,0,0,0,0,0,0,0,0,0,0,0,0,0,0,0,0,0
SAL22443,0,0,0,0,0,0,0,0,0,0,0,0,0,0,0,0,0,0,0,0,0,0,0,0,0,0,0,0,0,0,0,0,0,0,0,0,0,0,0,0,0,0,0,0,0,0,0,0,0,0,0,0,0,0,0,0,0,0,0,0,0,0,0,0,0,0,0,0,0,0,0,0,0,0,0,0,0,0,0,0,0,0,0,0,0,0,0,0,0,0,0,0,0,0,0,0,0,0,0,0,0,0,0,0,0,0,0,0,0,0,0,0,0,0,0,0,0,0,0,0,0,0,0,0,0,0,0,0,0,0,0,0,0,0,0,0,0,0,0,0,0,0,0,0
SAL22444,16,0,0,0,0,0,0,0,12,10,0,0,0,0,0,0,3,14,0,6,0,0,0,0,0,0,9,0,3,5,3,0,0,0,5,17,0,0,4,4,0,0,0,0,16,4,0,6,9,0,0,0,0,19,0,4,7,7,0,0,0,0,16,8,0,3,10,5,0,0,0,21,0,0,7,0,3,0,0,0,20,8,4,5,7,4,0,0,0,31,0,0,13,3,0,0,0,3,24,4,0,0,4,0,0,0,0,13,0,0,0,6,0,0,0,0,3,0,0,0,3,0,0,0,0,0,0,0,0,0,0,0,3,0,5,59,24,57,53,17,0,3,18,229
SAL22445,0,0,0,0,0,0,0,0,0,0,0,0,0,0,0,0,0,0,0,0,0,0,0,0,0,0,0,0,0,0,0,0,0,0,0,0,0,0,0,0,0,0,0,0,0,0,0,0,0,0,0,0,0,0,0,0,0,0,0,0,0,0,0,0,0,0,0,0,0,0,0,0,0,0,0,0,0,0,0,0,0,0,0,0,0,0,0,0,0,4,0,0,0,0,0,0,0,0,0,0,0,0,0,0,0,0,0,0,0,0,0,0,0,0,0,0,0,0,0,0,0,0,0,0,0,0,0,0,0,0,0,0,0,0,0,3,0,0,0,0,0,0,0,10
SAL22446,0,0,0,0,0,0,0,0,0,0,0,0,0,0,0,0,0,0,0,0,0,0,0,0,0,0,0,0,0,0,0,0,0,0,0,0,0,0,0,0,0,0,0,0,0,0,0,0,0,0,0,0,0,0,0,0,0,0,0,0,0,0,0,0,0,0,0,0,0,0,0,0,0,0,0,0,0,0,0,0,0,0,0,0,0,0,0,0,0,0,0,0,0,0,0,0,0,0,0,0,0,0,0,0,0,0,0,0,0,0,0,0,0,0,0,0,0,0,0,0,0,0,0,0,0,0,0,0,0,0,0,0,0,0,0,0,0,0,6,0,0,0,0,9
SAL22447,15,0,0,0,0,0,0,3,10,10,0,0,0,0,0,0,0,9,3,6,0,0,0,0,0,0,8,3,0,0,0,0,0,0,0,7,5,0,3,0,0,0,0,4,15,10,0,5,4,0,0,0,0,14,3,3,8,0,0,0,0,3,19,0,8,6,0,0,0,0,0,24,6,5,8,5,0,0,0,0,21,3,6,7,5,0,0,0,4,40,0,0,11,3,0,0,0,0,22,6,0,3,6,5,0,0,0,18,0,0,3,5,0,0,0,0,7,0,0,0,0,0,0,0,0,3,0,0,0,0,0,0,0,5,7,63,31,59,24,6,4,0,24,220
SAL22448,0,0,0,0,0,0,0,0,0,0,0,0,0,0,0,0,0,0,0,0,0,0,0,0,0,0,0,0,0,0,0,0,0,0,0,0,0,0,0,0,0,0,0,0,0,0,0,0,0,0,0,0,0,0,0,0,0,0,0,0,0,0,0,0,0,0,0,0,0,0,0,0,0,0,0,0,0,0,0,0,0,0,0,3,0,0,0,0,0,5,0,0,0,0,0,0,0,0,0,0,0,0,0,0,0,0,0,3,0,0,0,0,0,0,0,0,0,0,0,0,0,0,0,0,0,0,0,0,0,0,0,0,0,0,0,6,6,3,0,0,0,0,8,16
SAL22449,0,0,0,0,0,0,0,0,0,0,0,0,0,0,0,0,0,0,0,0,0,0,0,0,0,0,0,0,0,0,0,0,0,0,0,0,0,0,0,0,0,0,0,0,0,0,0,0,0,0,0,0,0,0,0,0,0,0,0,0,0,0,0,0,0,0,0,0,0,0,0,0,0,0,0,0,0,0,0,0,5,0,0,0,0,0,0,0,0,3,0,0,0,0,0,0,0,0,0,0,0,0,0,0,0,0,0,0,0,0,0,0,0,0,0,0,0,0,0,0,0,0,0,0,0,0,0,0,0,0,0,0,0,0,0,4,3,4,0,0,0,0,0,12
SAL22450,4,0,0,0,0,0,0,0,4,0,0,0,0,0,0,0,0,0,0,0,0,0,0,0,0,0,0,0,0,0,0,0,0,0,0,5,0,0,0,0,0,0,0,0,3,0,0,0,0,0,0,0,0,6,3,3,0,0,0,0,0,0,6,0,0,0,0,0,0,0,0,5,0,0,4,0,0,0,0,0,8,0,0,4,0,0,0,0,0,6,0,0,0,0,0,0,0,3,7,4,0,4,7,4,0,0,0,12,0,0,0,0,0,0,0,0,3,0,0,0,0,0,0,0,0,0,0,0,0,0,0,0,0,0,0,11,12,17,10,4,7,0,4,59
SAL22451,1246,4,0,0,0,0,0,177,1429,1302,91,36,6,0,0,0,168,1606,1329,497,232,67,23,16,3,219,2390,807,1174,1003,213,85,33,15,240,3564,402,937,1459,366,130,47,48,187,3575,189,427,845,325,127,48,60,105,2134,127,206,478,253,91,46,51,91,1345,79,151,319,176,85,35,37,45,931,60,105,304,169,66,31,26,42,808,34,61,234,132,61,27,17,37,605,23,57,164,133,47,18,10,20,483,14,35,122,110,36,16,6,25,363,14,16,80,50,43,14,10,18,233,3,4,30,21,17,5,14,8,111,3,3,17,15,11,7,7,13,79,5632,3784,5339,2046,809,342,310,1405,19663
SAL22452,3,0,0,0,0,0,0,0,3,0,0,0,0,0,0,0,0,0,0,0,0,0,0,0,0,0,0,0,0,0,0,0,0,0,0,0,0,0,3,0,0,0,0,0,0,0,0,0,0,0,0,0,0,5,0,0,0,0,0,0,0,0,5,0,0,0,0,0,0,0,0,5,0,0,3,0,3,0,0,0,7,0,0,0,0,0,0,0,0,0,0,0,0,0,0,0,0,0,0,0,0,0,0,0,0,0,0,3,0,0,0,0,0,0,0,0,0,0,0,0,0,0,0,0,0,0,0,0,0,0,0,0,0,0,0,9,8,9,6,7,0,0,0,40
SAL22453,4,0,0,0,0,0,0,0,4,0,0,0,0,0,0,0,0,0,0,0,0,0,0,0,0,0,0,0,0,0,0,0,0,0,0,3,0,0,0,0,0,0,0,0,0,0,0,0,0,0,0,0,0,0,0,0,0,0,0,0,0,0,0,0,0,0,0,0,0,0,0,0,0,0,0,0,0,0,0,0,0,0,0,0,0,0,0,0,0,6,0,0,0,0,0,0,0,0,0,0,0,3,0,0,0,0,0,3,0,0,0,0,0,0,0,0,0,0,0,0,0,0,0,0,0,0,0,0,0,0,0,0,0,0,0,4,0,0,4,0,0,0,0,14
SAL22454,0,0,0,0,0,0,0,0,0,0,0,0,0,0,0,0,0,0,0,0,0,0,0,0,0,0,0,0,0,0,0,0,0,0,0,0,0,0,0,0,0,0,0,0,3,0,0,0,0,0,0,0,0,0,0,0,4,0,0,0,0,0,3,3,0,0,0,0,0,0,0,0,0,3,0,0,0,0,0,0,8,0,0,4,0,0,0,0,0,3,0,0,0,0,0,0,0,0,0,0,0,0,0,0,0,0,0,0,0,0,0,0,0,0,0,0,0,0,0,0,0,0,0,0,0,5,0,0,0,0,0,0,0,0,0,8,0,5,11,0,0,0,0,36
SAL22455,0,0,0,0,0,0,0,0,0,0,0,0,0,0,0,0,0,0,0,0,0,0,0,0,0,0,0,0,0,6,0,0,0,0,0,3,0,0,0,0,0,0,0,0,0,0,0,0,0,0,0,0,0,0,0,0,0,0,0,0,0,0,0,0,0,3,0,0,0,0,0,3,0,0,0,0,0,0,0,0,0,0,0,0,0,0,0,0,0,0,0,0,0,0,0,0,0,0,3,0,0,0,0,0,0,0,0,0,0,0,0,0,0,0,0,0,0,0,0,0,0,0,0,0,0,0,0,0,0,0,0,0,0,0,0,0,0,3,3,0,0,0,0,13
SAL22456,0,0,0,0,0,0,0,0,0,0,0,0,0,0,0,0,0,0,0,0,0,0,0,0,0,0,0,0,0,0,0,0,0,0,0,0,0,0,0,0,0,0,0,0,0,0,0,0,0,0,0,0,0,0,0,0,3,0,0,0,0,0,4,0,0,0,0,0,0,0,0,5,0,0,0,3,0,0,0,0,5,0,0,3,0,0,0,0,0,3,0,0,0,0,0,0,0,0,3,0,0,0,0,0,0,0,0,7,0,0,0,0,0,0,0,0,0,0,0,0,0,0,0,0,0,0,0,0,0,0,0,0,0,0,0,7,3,10,3,0,0,0,4,26
SAL22457,0,0,0,0,0,0,0,0,0,0,0,0,0,0,0,0,0,0,0,0,0,0,0,0,0,0,0,0,0,0,0,0,0,0,0,0,0,0,0,0,0,0,0,0,0,0,0,3,0,0,0,0,0,3,0,0,0,0,0,0,0,0,0,0,0,4,0,0,0,0,0,3,0,0,0,0,0,0,0,0,0,0,0,0,0,0,0,0,0,3,0,0,0,0,0,0,0,3,5,0,0,0,0,0,0,0,0,5,0,0,3,4,0,0,0,0,3,0,0,0,0,0,0,0,0,3,0,0,0,0,0,0,0,0,0,7,5,11,8,5,0,0,3,29
SAL22458,9,0,0,0,0,0,0,0,9,5,0,0,0,0,0,0,0,6,3,0,0,0,0,0,0,0,7,0,4,0,0,0,0,0,0,3,0,0,10,4,0,0,0,0,13,7,0,7,3,0,0,0,0,17,7,3,3,8,0,0,0,0,27,0,0,3,6,0,0,0,0,16,0,0,5,10,0,0,0,0,20,0,0,6,3,0,0,0,3,11,3,0,7,8,0,0,0,0,11,0,0,0,6,0,0,0,0,11,0,0,0,3,4,0,0,0,13,0,0,0,5,0,0,0,0,0,0,0,0,0,0,0,0,0,0,40,8,47,47,10,0,3,7,163
SAL22459,0,0,0,0,0,0,0,0,0,0,0,0,0,0,0,0,0,0,0,0,0,0,0,0,0,0,0,0,0,0,0,0,0,0,0,0,0,0,0,0,0,0,0,0,0,0,0,0,0,0,0,0,0,0,0,0,0,0,0,0,0,0,0,0,0,0,0,0,0,0,0,0,0,0,0,0,0,0,0,0,0,0,0,0,0,0,0,0,0,0,0,0,0,0,0,0,0,0,5,0,0,0,0,0,0,0,0,0,0,0,0,0,0,0,0,0,0,0,0,0,0,0,0,0,0,0,0,0,0,0,0,0,0,0,0,5,0,7,0,0,0,0,0,12
SAL22460,0,0,0,0,0,0,0,0,0,0,0,0,0,0,0,0,0,0,0,0,0,0,0,0,0,0,0,0,0,0,0,0,0,0,0,0,0,0,0,0,0,0,0,0,0,0,0,0,0,0,0,0,0,0,0,0,0,0,0,0,0,0,4,0,0,4,0,0,0,0,0,10,0,0,0,0,0,0,0,0,0,0,0,4,0,0,0,0,0,3,0,0,0,0,0,0,0,0,0,0,0,0,0,0,0,0,0,4,0,0,0,0,0,0,0,0,0,0,0,0,0,0,0,0,0,0,0,0,0,0,0,0,0,0,0,8,0,11,0,0,0,0,0,26
SAL22461,0,0,0,0,0,0,0,0,0,0,0,0,0,0,0,0,0,0,0,0,0,0,0,0,0,0,0,0,0,0,0,0,0,0,0,0,0,0,0,0,0,0,0,0,0,0,0,0,0,0,0,0,0,0,0,0,0,0,0,0,0,0,0,0,0,0,0,0,0,0,0,0,0,0,0,0,0,0,0,0,0,0,0,0,4,0,0,0,0,4,0,0,0,0,0,0,0,0,0,0,0,0,0,0,0,0,0,0,0,0,0,0,0,0,0,0,0,0,0,0,0,0,0,0,0,0,0,0,0,0,0,0,0,0,0,4,0,3,5,0,0,0,0,9
SAL22462,15,0,0,0,0,0,0,0,15,4,0,0,0,0,0,0,0,4,0,0,0,0,0,0,0,0,0,4,0,0,0,0,0,0,0,10,0,0,0,4,4,0,0,0,8,0,0,0,6,0,0,0,0,9,0,0,0,0,0,0,0,0,6,0,4,8,3,0,0,0,0,13,0,4,3,0,0,0,0,0,13,0,0,4,4,0,0,0,0,15,4,0,3,4,0,0,0,0,15,0,0,13,3,0,0,0,0,16,0,0,0,0,0,0,0,0,9,0,0,0,0,0,0,0,0,5,0,0,0,0,0,0,0,0,0,28,18,38,25,14,4,0,3,126
SAL22463,0,0,0,0,0,0,0,0,0,0,0,0,0,0,0,0,0,0,0,0,0,0,0,0,0,0,0,0,0,0,0,0,0,0,0,0,0,0,0,0,0,0,0,0,0,0,0,0,0,0,0,0,0,0,0,0,0,0,0,0,0,0,5,0,0,0,0,0,0,0,0,0,0,0,0,0,0,0,0,0,0,0,5,0,3,0,0,0,0,8,0,0,0,0,0,0,0,0,3,0,0,0,0,0,0,0,0,0,0,0,0,0,0,0,0,0,0,0,0,0,0,0,0,0,0,0,0,0,0,0,0,0,0,0,0,3,6,3,6,0,5,0,3,27
SAL22464,3,0,0,0,0,0,0,0,3,0,0,0,0,0,0,0,0,0,0,0,0,0,0,0,0,0,4,0,0,0,0,0,0,0,0,0,0,0,0,0,0,0,0,0,0,0,4,0,0,0,0,0,0,9,0,0,0,0,0,0,0,0,0,0,0,0,0,0,0,0,0,0,0,0,0,0,0,0,0,0,0,0,0,0,0,0,0,0,0,3,0,0,0,0,0,0,0,0,0,0,0,0,0,0,0,0,0,0,0,0,0,0,0,0,0,0,0,0,0,0,0,0,0,0,0,0,0,0,0,0,0,0,0,0,0,9,4,9,4,0,0,0,0,18
SAL22465,10,0,0,0,0,0,0,0,10,6,0,0,0,0,0,0,0,6,3,0,0,0,0,0,0,0,3,3,0,0,0,0,0,0,3,11,5,3,0,4,0,0,0,0,9,3,0,0,0,3,0,0,0,11,0,0,0,0,4,0,0,0,14,0,5,9,3,0,0,0,0,12,4,0,4,5,0,0,0,0,16,0,0,11,10,6,3,0,0,34,9,0,4,6,4,0,0,0,29,0,0,11,0,4,0,0,0,19,0,0,7,0,4,0,0,0,12,0,0,0,0,0,0,0,0,5,0,0,0,0,0,0,0,0,5,46,18,45,42,20,6,0,13,194
SAL22466,4,0,0,0,0,0,0,0,4,3,0,0,0,0,0,0,0,3,0,0,0,0,0,0,0,0,5,3,0,3,0,0,0,0,0,7,0,0,0,0,0,0,0,0,8,3,0,4,0,0,0,0,0,9,4,0,0,6,0,0,0,0,14,0,0,0,0,0,0,0,0,8,4,4,8,0,3,0,0,3,17,0,0,3,4,0,0,0,0,13,4,0,3,5,0,0,0,5,11,0,0,4,6,4,0,0,0,14,0,0,0,0,0,0,0,0,6,0,0,0,0,0,0,0,0,0,0,0,0,0,0,0,0,0,0,27,15,38,21,9,0,0,3,111
SAL22467,103,0,0,0,0,0,0,18,118,92,12,4,0,0,0,0,5,117,90,23,12,6,0,0,0,7,149,49,28,50,20,8,0,0,8,164,18,11,53,23,0,3,0,12,127,19,18,49,27,10,8,0,8,137,21,17,44,33,12,4,0,18,150,19,18,51,45,10,3,4,15,163,26,31,59,51,10,0,0,10,185,16,14,59,51,20,4,4,13,181,12,4,62,53,19,8,0,14,168,10,7,37,41,18,9,7,12,134,3,4,37,29,28,0,5,16,116,5,7,21,29,17,6,5,23,105,6,4,6,14,17,11,10,18,84,499,199,540,408,167,59,31,196,2108
SAL22468,3,0,0,0,0,0,0,0,5,3,0,0,0,0,0,0,0,3,3,0,0,0,0,0,0,0,0,0,0,0,0,0,0,0,0,4,3,0,4,0,0,0,0,0,8,0,0,0,0,0,0,0,0,4,0,0,0,0,0,0,0,0,0,0,0,5,0,0,0,0,0,8,0,0,0,0,0,0,0,0,3,0,0,3,0,0,0,0,0,5,0,0,0,0,0,0,0,0,0,0,0,0,3,0,0,0,0,3,0,0,0,0,0,0,0,0,0,0,0,0,0,0,0,0,0,0,0,0,0,0,0,0,0,0,0,12,8,16,12,0,0,0,4,52
SAL22469,5,0,0,0,0,0,0,0,5,8,0,0,0,0,0,0,0,3,0,0,0,0,0,0,0,0,0,0,0,0,0,0,0,0,0,3,0,0,0,3,0,0,0,0,4,0,0,0,3,0,0,0,0,3,0,0,0,0,0,0,0,0,5,0,0,0,0,0,0,0,0,8,0,0,0,0,0,0,0,0,4,0,0,6,0,0,0,0,0,4,0,0,0,0,0,0,0,0,0,0,0,0,0,0,0,0,4,8,0,0,0,0,0,0,0,0,0,0,0,0,0,0,0,0,0,0,0,0,0,0,0,0,0,0,0,13,0,8,14,5,0,0,6,49
SAL22470,13,0,0,0,0,0,0,0,12,7,0,0,0,0,0,0,0,7,5,0,0,0,0,0,0,0,7,5,5,3,0,0,0,0,0,10,3,7,0,3,0,0,0,0,10,5,4,8,3,0,0,0,0,19,8,0,6,3,4,0,0,5,27,4,0,3,4,0,0,0,4,18,4,0,12,3,0,0,0,4,30,8,0,11,6,0,0,0,6,31,6,5,9,0,6,3,0,0,33,0,0,8,6,0,0,0,0,13,0,0,9,4,0,0,0,0,11,0,0,0,0,0,0,0,0,3,0,0,0,0,0,3,0,0,13,60,28,82,42,9,6,0,21,245
SAL22471,24,0,0,0,0,0,0,0,25,12,0,0,0,0,0,0,3,13,7,0,0,0,0,0,0,0,16,13,4,0,0,0,0,0,0,19,3,0,3,4,0,0,0,0,19,5,4,20,8,0,0,0,3,42,10,8,17,4,3,0,0,0,35,8,4,14,0,0,0,0,4,23,8,0,10,13,4,0,0,5,39,9,9,24,8,0,0,0,0,48,6,4,19,3,0,0,0,7,36,9,4,13,9,5,0,0,0,42,7,3,8,8,0,0,0,0,26,0,0,10,0,0,0,0,0,15,0,0,3,0,0,5,0,0,16,111,49,139,70,19,5,3,28,423
SAL22472,0,0,0,0,0,0,0,0,0,0,0,0,0,0,0,0,0,0,3,0,0,0,0,0,0,0,3,0,0,0,0,0,0,0,4,4,0,0,0,0,0,0,0,0,0,0,0,0,0,0,0,0,0,0,4,0,0,0,0,0,0,0,4,0,0,0,0,0,0,0,0,0,0,0,0,0,3,0,0,0,5,0,0,3,0,0,0,0,0,3,0,0,0,0,0,0,0,0,0,0,0,4,0,0,0,0,0,7,0,0,0,0,0,0,0,3,4,0,0,0,0,0,0,0,0,0,0,0,0,0,0,0,0,0,0,9,0,9,4,3,0,0,7,29
SAL22473,584,0,0,0,0,0,0,42,627,409,5,4,0,0,0,0,35,461,258,51,21,8,4,0,0,32,374,128,94,153,41,3,3,0,19,444,71,124,312,119,24,0,8,13,661,55,99,378,156,45,14,9,31,792,41,76,334,175,40,10,12,16,705,32,61,236,109,26,13,4,16,499,20,43,150,94,24,3,7,8,348,11,24,122,68,40,4,9,9,288,3,21,98,53,20,9,7,7,222,7,15,65,55,31,8,4,7,194,7,7,39,31,8,3,6,9,117,3,6,28,22,10,3,0,10,87,6,6,15,16,8,5,9,4,64,1626,633,1959,948,287,79,76,275,5879
SAL22474,533,0,0,0,0,0,0,35,566,484,0,3,0,0,0,0,22,514,351,22,12,5,0,0,0,18,412,174,79,88,17,3,0,0,24,383,81,55,134,45,14,4,4,11,349,44,49,205,69,21,6,3,16,410,41,52,279,133,21,7,5,14,560,38,81,361,156,37,8,5,20,715,39,73,378,177,44,7,3,13,737,45,45,316,187,49,11,4,16,676,28,36,188,121,34,11,8,20,440,19,36,147,84,35,7,8,20,349,4,10,83,58,22,6,4,19,216,4,14,45,24,25,6,12,9,143,0,5,41,31,20,9,6,8,124,1888,555,2291,1109,322,93,63,272,6594
SAL22475,0,0,0,0,0,0,0,0,0,0,0,0,0,0,0,0,0,0,0,0,0,0,0,0,0,0,0,0,0,0,0,0,0,0,0,5,0,0,0,0,0,0,0,0,0,0,0,0,0,0,0,0,0,0,0,0,0,0,0,0,0,0,0,0,0,0,0,0,0,0,0,4,0,0,0,0,0,0,0,0,3,0,0,0,0,0,0,0,0,0,0,0,0,0,0,0,0,0,0,0,0,0,0,0,0,0,0,0,0,0,0,0,0,0,0,0,0,0,0,0,0,0,0,0,0,0,0,0,0,0,0,0,0,0,0,4,0,6,4,4,3,0,0,21
SAL22476,52,0,0,0,0,0,0,0,53,40,0,0,0,0,0,0,4,48,42,4,6,0,0,0,0,4,50,46,10,11,7,0,0,0,4,75,18,14,18,13,0,0,0,0,65,17,12,32,13,7,0,0,3,79,16,12,31,21,10,0,0,6,90,13,5,40,9,7,0,0,5,77,20,6,31,18,4,0,0,4,79,12,11,26,28,16,5,0,0,93,9,11,17,13,7,0,0,7,66,5,4,16,10,4,0,0,0,49,4,3,8,8,0,0,0,0,26,0,0,8,8,0,0,0,0,14,0,0,0,5,0,0,0,0,15,284,103,242,157,50,11,3,31,873
SAL22477,0,0,0,0,0,0,0,0,0,0,0,0,0,0,0,0,0,0,0,0,0,0,0,0,0,0,0,0,0,0,0,0,0,0,0,0,0,0,0,0,0,0,0,0,0,0,0,0,0,0,0,0,0,0,0,0,0,0,0,0,0,0,0,0,0,0,0,0,0,0,0,0,0,0,0,0,0,0,0,0,3,0,0,0,0,0,0,0,0,0,0,0,0,0,0,0,0,0,0,0,0,0,0,0,0,0,0,0,0,0,0,0,0,0,0,0,0,0,0,0,0,0,0,0,0,0,0,0,0,0,0,0,0,0,0,3,0,0,0,0,0,0,0,9
SAL22478,0,0,0,0,0,0,0,0,0,0,0,0,0,0,0,0,0,0,0,0,0,0,0,0,0,0,0,0,0,0,0,0,0,0,0,0,0,0,0,0,0,0,0,0,0,0,0,0,0,0,0,0,0,0,0,0,0,0,0,0,0,0,0,0,0,0,0,0,0,0,0,0,0,0,0,0,0,0,0,0,0,0,0,0,0,0,0,0,0,0,0,0,0,0,0,0,0,0,0,0,0,0,0,0,0,0,0,0,0,0,0,0,0,0,0,0,0,0,0,0,0,0,0,0,0,0,0,0,0,0,0,0,0,0,0,0,0,0,6,0,0,0,0,3
SAL22479,57,0,0,0,0,0,0,6,63,46,0,0,0,0,0,0,3,48,26,14,7,0,0,0,0,4,53,14,12,30,6,3,0,0,0,61,20,25,38,14,3,0,0,7,106,12,13,28,16,4,0,0,4,83,3,3,33,25,4,0,0,0,77,6,15,29,16,13,0,0,3,82,16,9,33,15,11,0,0,3,84,16,7,15,15,8,0,0,4,71,3,4,20,20,4,0,0,3,57,3,0,20,19,6,5,0,4,48,0,0,3,6,6,0,0,3,15,0,0,4,3,4,0,0,0,8,0,0,0,0,0,0,0,0,5,230,96,264,162,62,13,11,50,874
SAL22480,0,0,0,0,0,0,0,0,0,0,0,0,0,0,0,0,0,0,0,0,0,0,0,0,0,0,0,0,0,3,0,0,0,0,0,4,0,6,0,0,0,0,0,0,6,0,0,4,0,0,0,0,0,5,0,0,0,0,0,0,0,0,5,0,0,0,0,0,0,0,0,0,0,0,0,0,0,0,0,0,3,0,0,7,0,0,0,0,0,7,0,0,0,0,0,0,0,0,0,0,0,0,0,0,0,0,0,4,0,0,0,0,0,0,0,0,0,0,0,0,0,0,0,0,0,3,0,0,0,0,0,0,0,0,0,4,6,10,7,0,0,0,0,23
SAL22481,0,0,0,0,0,0,0,0,0,0,0,0,0,0,0,0,0,0,0,0,0,0,0,0,0,0,0,0,0,0,0,0,0,0,0,0,0,0,0,0,0,0,0,0,0,0,0,0,0,0,0,0,0,0,0,0,0,0,0,0,0,0,0,0,0,0,0,0,0,0,0,0,0,0,0,0,0,0,0,0,0,0,0,0,0,0,0,0,0,4,0,0,0,0,0,0,0,0,0,0,0,0,0,0,0,0,0,0,0,0,0,0,0,0,0,0,0,0,0,0,0,0,0,0,0,0,0,0,0,0,0,0,0,0,0,3,0,6,4,0,0,0,0,8
SAL22482,0,0,0,0,0,0,0,0,0,0,0,0,0,0,0,0,0,0,0,0,0,0,0,0,0,0,0,0,0,0,0,0,0,0,0,3,0,0,0,0,0,0,0,0,6,0,0,0,0,0,0,0,0,0,0,0,0,0,0,0,0,0,0,0,0,0,0,0,0,0,0,0,0,0,0,0,0,0,0,0,0,0,0,0,0,0,0,0,0,0,0,0,0,0,0,0,0,0,0,0,0,0,0,0,0,0,0,0,0,0,0,0,0,0,0,0,0,0,0,0,0,0,0,0,0,0,0,0,0,0,0,0,0,0,0,4,0,0,6,0,0,0,0,13
SAL22483,455,0,0,0,0,0,0,14,472,404,4,0,0,0,0,0,21,431,291,24,16,4,0,0,0,30,362,189,98,78,24,0,0,0,10,407,103,129,229,58,5,4,0,17,545,68,77,244,88,10,4,0,24,510,69,89,222,94,16,0,0,17,518,83,89,282,110,18,6,3,10,604,68,108,298,154,28,9,3,19,689,46,102,281,136,33,10,6,17,631,53,100,222,138,33,5,9,23,581,48,66,239,136,43,13,4,21,559,32,37,158,115,44,11,9,22,426,8,17,107,88,38,9,12,36,313,31,30,109,106,68,9,16,65,436,1960,958,2476,1255,348,75,52,354,7484
SAL22484,360,0,0,0,0,0,0,25,385,284,5,0,0,0,0,0,13,305,247,27,7,0,0,0,0,11,294,156,96,75,16,0,0,0,20,368,109,108,190,44,7,3,0,17,474,68,101,214,64,12,4,0,12,472,88,108,223,83,13,4,6,17,538,69,90,233,84,17,3,0,15,509,56,101,183,79,17,5,3,6,459,39,85,156,71,17,0,0,12,389,41,62,152,92,19,3,0,12,387,36,46,159,121,38,3,0,10,426,16,22,186,115,43,0,8,15,403,27,30,132,100,41,19,9,22,382,28,26,122,84,46,16,12,23,351,1632,903,2043,950,270,58,35,240,6144
SAL22485,0,0,0,0,0,0,0,0,0,0,0,0,0,0,0,0,0,0,0,0,0,0,0,0,0,0,0,0,0,0,0,0,0,0,0,0,0,0,0,0,0,0,0,0,0,0,0,0,0,0,0,0,0,4,0,0,0,0,0,0,0,0,0,0,0,0,3,0,0,0,0,3,0,0,0,0,0,0,0,0,0,0,0,0,0,0,0,0,0,4,0,0,0,0,0,0,0,0,0,0,0,0,0,0,0,0,0,3,0,0,0,0,0,0,0,0,0,0,0,0,0,0,0,0,0,0,0,0,0,0,0,0,0,0,0,6,0,0,4,0,4,0,0,23
SAL22486,9,0,0,0,0,0,0,0,10,5,0,0,0,0,0,0,0,5,5,0,0,0,0,0,0,0,9,0,4,3,0,0,0,0,0,6,4,0,0,0,0,0,0,0,7,0,0,0,0,0,0,0,0,8,0,0,0,0,0,0,0,0,0,0,4,0,0,0,0,0,0,6,0,0,10,0,0,0,0,0,10,0,0,0,0,5,0,0,0,5,0,3,7,4,0,0,0,0,8,0,0,0,0,0,0,0,0,8,0,0,4,5,0,0,0,0,6,0,0,0,0,0,0,0,0,0,0,0,0,0,0,0,0,0,0,24,8,24,14,6,0,0,9,92
SAL22487,0,0,0,0,0,0,0,0,0,0,0,0,0,0,0,0,0,0,0,0,0,0,0,0,0,0,0,0,0,0,0,0,0,0,0,0,0,0,0,0,0,0,0,0,0,0,0,0,0,0,0,0,0,0,0,0,0,0,0,0,0,0,6,0,0,0,0,0,0,0,0,0,0,0,0,3,0,0,0,0,4,0,0,0,0,0,0,0,0,5,0,0,0,0,0,0,0,0,0,0,0,0,0,0,0,0,0,4,0,0,0,0,0,0,0,0,0,0,0,0,0,0,0,0,0,0,0,0,0,0,0,0,0,0,0,4,0,3,4,0,4,6,0,24
SAL22488,46,0,0,0,0,0,0,10,49,46,6,0,0,0,0,0,3,54,36,10,6,3,0,0,0,3,64,16,7,13,5,0,0,0,3,49,10,9,15,17,7,0,0,8,66,9,8,21,10,6,0,0,0,55,12,3,17,23,0,3,0,3,65,11,8,15,14,9,7,0,3,66,19,12,21,20,14,0,3,3,94,9,7,39,36,11,3,6,3,108,10,5,20,23,18,6,4,8,81,5,7,11,19,9,5,3,8,64,0,9,8,11,9,3,7,7,52,9,0,10,12,9,11,9,7,67,5,4,5,9,6,10,10,6,56,243,85,206,203,102,43,47,73,995
SAL22489,0,0,0,0,0,0,0,0,0,0,0,0,0,0,0,0,0,0,0,0,0,0,0,0,0,0,0,0,0,0,0,0,0,0,0,0,0,0,0,0,0,0,0,0,0,0,0,0,0,0,0,0,0,0,0,0,0,0,0,0,0,0,0,0,0,0,3,0,0,0,0,9,0,0,0,3,0,0,0,0,3,0,0,0,3,0,0,0,0,4,0,0,0,0,0,0,0,0,0,0,0,0,0,0,0,0,0,0,0,0,3,0,0,0,0,0,9,0,0,0,0,0,0,0,0,0,0,0,0,0,0,0,0,0,3,6,3,9,10,5,0,0,5,38
SAL22490,0,0,0,0,0,0,0,0,0,5,0,0,0,0,0,0,0,5,0,0,0,0,0,0,0,0,0,0,0,0,0,0,0,0,0,0,0,0,0,0,0,0,0,0,0,0,0,0,0,0,0,0,0,0,0,0,0,0,0,0,0,0,0,0,0,0,5,0,0,0,0,5,0,0,0,0,0,0,0,0,0,0,0,0,0,0,0,0,0,3,0,0,0,0,0,0,0,0,0,0,0,0,0,0,0,0,0,0,0,0,0,0,0,0,0,0,0,0,0,0,0,0,0,0,0,0,0,0,0,0,0,0,0,0,0,4,0,0,3,0,0,0,0,12
SAL22491,0,0,0,0,0,0,0,0,0,0,0,0,0,0,0,0,0,0,0,0,0,0,0,0,0,0,0,0,0,0,0,0,0,0,0,0,0,0,0,0,0,0,0,0,0,0,0,0,0,0,0,0,0,0,0,0,0,0,0,0,0,0,0,0,0,0,0,0,0,0,0,0,0,0,3,0,0,0,0,0,3,0,0,0,0,0,0,0,0,0,0,0,0,0,0,0,0,0,0,0,0,0,0,0,0,0,0,0,0,0,0,0,0,0,0,0,0,0,0,0,0,0,0,0,0,0,0,0,0,0,0,0,0,0,0,3,0,3,0,0,0,0,0,3
SAL22492,0,0,0,0,0,0,0,0,0,0,0,0,0,0,0,0,0,0,0,0,0,0,0,0,0,0,0,0,0,0,0,0,0,0,0,0,0,0,0,0,0,0,0,0,0,0,0,0,0,0,0,0,0,0,0,0,0,0,0,0,0,0,0,0,0,0,0,0,0,0,0,0,0,0,0,0,0,0,0,0,0,0,0,0,0,0,0,0,0,0,0,0,0,0,0,0,0,0,0,0,0,0,0,0,0,0,0,0,0,0,0,0,0,0,0,0,0,0,0,0,0,0,0,0,0,0,0,0,0,0,0,0,0,0,0,0,0,0,0,0,0,0,0,3
SAL22493,6,0,0,0,0,0,0,0,6,0,0,0,0,0,0,0,0,0,0,0,0,0,0,0,0,0,0,0,0,0,0,0,0,0,0,0,0,0,0,0,0,0,0,0,0,0,0,0,0,0,0,0,0,3,0,0,0,4,4,0,0,0,8,0,0,0,0,0,0,0,0,4,0,0,0,0,0,0,0,0,0,0,0,0,0,0,0,0,0,6,0,0,3,3,0,0,0,0,7,0,0,3,0,0,0,0,0,8,0,0,0,0,0,0,0,0,0,0,0,0,0,0,0,0,0,0,0,0,0,0,0,0,0,0,0,7,0,11,11,5,0,0,3,41
SAL22494,5,0,0,0,0,0,0,0,5,6,0,0,0,0,0,0,0,6,0,0,0,0,0,0,0,0,0,0,0,0,0,0,0,0,0,0,0,0,0,0,0,0,0,0,0,0,0,0,0,0,0,0,0,0,0,0,0,0,0,0,0,0,0,0,0,3,0,0,0,0,0,5,0,0,0,0,0,0,0,0,3,0,0,0,0,3,0,0,0,8,0,0,0,0,0,0,0,0,0,0,0,0,0,0,0,0,0,3,0,0,0,0,0,0,0,0,5,0,0,0,0,0,0,0,0,0,0,0,0,0,0,0,0,0,4,7,6,13,4,3,0,3,3,36
SAL22495,0,0,0,0,0,0,0,0,0,0,0,0,0,0,0,0,0,0,0,0,0,0,0,0,0,0,0,0,0,0,0,0,0,0,0,0,0,0,0,0,0,0,0,0,0,0,0,0,0,0,0,0,0,0,0,0,0,0,0,0,0,0,0,0,0,0,0,0,0,0,0,0,0,0,0,0,0,0,0,0,0,0,0,0,0,0,0,0,0,0,0,0,0,0,0,0,0,0,0,0,0,0,0,0,0,0,0,0,0,0,0,0,0,0,0,0,0,0,0,0,0,0,0,0,0,0,0,0,0,0,0,0,0,0,0,0,0,0,0,0,0,0,0,0
SAL22496,136,0,0,0,0,0,0,8,147,93,0,3,0,0,0,0,13,110,87,11,8,0,0,0,0,5,115,61,36,45,9,3,3,0,6,170,40,28,63,26,7,4,0,0,162,19,22,64,24,0,0,4,4,139,23,21,83,35,5,0,0,7,178,24,28,64,28,10,0,0,3,170,19,12,62,22,13,0,5,6,143,19,12,43,41,13,0,0,0,137,14,8,47,30,12,3,3,5,129,9,9,46,30,16,0,0,3,109,4,7,24,19,10,0,0,10,69,5,0,12,4,9,0,6,5,41,3,5,11,16,9,0,5,12,77,564,218,580,290,104,24,26,100,1896
SAL22497,0,0,0,0,0,0,0,0,0,0,0,0,0,0,0,0,0,0,0,0,0,0,0,0,0,0,0,0,0,0,0,0,0,0,0,0,0,0,0,0,0,0,0,0,0,0,0,0,0,0,0,0,0,0,0,0,0,0,0,0,0,0,0,0,0,0,0,0,0,0,0,0,0,0,0,0,0,0,0,0,0,0,0,0,0,0,0,0,0,0,0,0,0,0,0,0,0,0,0,0,0,0,0,0,0,0,0,0,0,0,0,0,0,0,0,0,0,0,0,0,0,0,0,0,0,0,0,0,0,0,0,0,0,0,3,7,0,0,0,3,0,0,0,12
SAL22498,9,0,0,0,0,0,0,0,9,4,0,0,0,0,0,0,0,4,3,0,0,0,0,0,0,0,3,0,0,5,0,0,0,0,0,6,0,0,0,0,0,0,0,0,5,5,0,0,3,0,0,0,0,8,0,0,0,0,0,0,0,0,0,5,0,4,0,0,0,0,0,9,4,6,8,3,0,0,0,4,21,0,0,5,3,0,0,0,0,10,5,0,0,5,3,0,0,0,20,0,0,0,5,0,0,0,0,9,3,0,0,4,0,0,0,0,10,0,0,0,0,0,0,0,0,4,0,0,0,0,0,0,0,0,0,33,10,29,25,5,0,0,12,108
SAL22499,0,0,0,0,0,0,0,0,0,0,0,0,0,0,0,0,0,0,0,0,0,0,0,0,0,0,0,0,0,0,0,0,0,0,0,0,0,0,0,0,0,0,0,0,0,0,0,0,0,0,0,0,0,0,0,0,0,0,0,0,0,0,0,0,0,0,0,0,0,0,0,0,0,0,0,0,0,0,0,0,0,0,0,0,0,0,0,0,0,0,0,0,0,0,0,0,0,0,0,0,0,0,0,0,0,0,0,0,0,0,0,0,0,0,0,0,0,0,0,0,0,0,0,0,0,0,0,0,0,0,0,0,0,0,0,0,4,4,0,0,0,0,0,7
SAL22500,0,0,0,0,0,0,0,0,5,3,0,0,0,0,0,0,0,3,0,0,0,0,0,0,0,0,0,0,0,0,0,0,0,0,0,0,0,0,0,0,0,0,0,0,0,0,0,0,0,0,0,0,0,0,0,0,0,0,0,0,0,0,5,0,0,0,0,0,0,0,0,0,0,0,0,0,0,0,0,0,7,0,0,0,4,0,0,0,0,6,0,3,0,0,0,0,0,0,5,0,0,0,0,0,0,0,0,6,0,0,0,6,0,0,0,0,8,0,0,0,0,0,0,0,3,7,0,0,0,0,0,0,0,0,0,11,5,7,13,3,0,0,13,59
SAL22501,30,0,0,0,0,0,0,5,26,19,0,0,0,0,0,0,0,21,12,4,4,0,0,0,0,0,19,6,3,7,0,0,0,0,0,23,5,13,11,3,0,0,0,0,30,9,8,17,6,0,0,0,0,44,0,10,21,12,0,0,0,0,43,10,10,11,10,0,0,0,0,38,10,5,20,5,3,0,0,0,50,3,3,19,11,6,0,0,0,45,9,4,22,5,4,0,0,0,42,0,6,10,4,3,0,0,5,31,0,0,6,7,4,0,0,0,19,0,0,0,0,0,0,0,0,0,0,0,0,0,3,0,0,0,12,109,67,150,79,28,0,3,11,443
SAL22502,0,0,0,0,0,0,0,0,5,0,0,0,0,0,0,0,0,0,0,0,0,0,0,0,0,0,0,0,0,0,0,0,0,0,0,7,0,0,0,0,0,0,0,0,3,0,0,0,0,0,0,0,0,0,0,0,0,0,0,0,0,0,8,0,0,0,5,0,0,0,0,4,0,0,0,0,0,0,0,0,0,0,0,6,0,0,0,0,0,3,0,0,0,0,0,0,0,0,0,0,0,0,0,0,0,0,0,0,0,0,0,0,0,0,0,0,0,0,0,0,0,0,0,0,0,0,0,0,0,0,0,0,0,0,0,3,0,8,6,6,3,0,8,38
SAL22503,0,0,0,0,0,0,0,0,0,0,0,0,0,0,0,0,0,0,0,0,0,0,0,0,0,0,0,0,0,0,0,0,0,0,0,0,0,0,0,0,0,0,0,0,0,0,0,0,0,0,0,0,0,0,0,0,0,0,0,0,0,0,0,0,0,0,0,0,0,0,0,0,0,0,0,0,0,0,0,0,0,0,0,0,0,0,0,0,0,0,0,0,0,0,0,0,0,0,0,0,0,0,0,0,0,0,0,0,0,0,0,0,0,0,0,0,0,0,0,0,0,0,0,0,0,0,0,0,0,0,0,0,0,0,0,4,0,0,3,0,0,0,0,10
SAL22504,437,0,0,0,0,0,0,60,498,522,25,11,0,0,0,0,50,615,509,87,66,21,9,0,0,59,751,316,198,144,49,17,6,3,40,767,172,156,205,82,31,7,7,42,697,117,102,197,78,32,23,12,34,591,127,88,181,77,32,13,10,24,548,91,65,187,94,50,25,7,25,550,74,66,207,92,41,29,10,30,544,48,66,233,150,53,21,11,21,602,27,46,232,154,67,19,20,26,594,19,32,269,171,70,26,21,35,645,13,26,172,146,63,19,12,30,478,0,21,138,108,55,17,21,30,383,8,22,98,62,44,16,26,14,292,2483,1002,2330,1298,556,214,157,521,8562
SAL22505,0,0,0,0,0,0,0,0,0,0,0,0,0,0,0,0,0,0,0,0,0,0,0,0,0,0,0,0,0,0,0,0,0,0,0,0,0,0,0,0,0,0,0,0,0,0,0,0,0,0,0,0,0,0,0,0,0,0,0,0,0,0,0,0,0,0,0,0,0,0,0,0,0,0,0,0,0,0,0,0,0,0,0,0,0,0,0,0,0,0,0,0,0,0,0,0,0,0,0,0,0,0,0,0,0,0,0,0,0,0,0,0,0,0,0,0,0,0,0,0,0,0,0,0,0,0,0,0,0,0,0,0,0,0,0,0,0,0,0,0,0,0,0,0
SAL22506,24,0,0,0,0,0,0,6,31,63,0,4,0,0,0,0,9,72,62,3,8,0,0,0,0,8,83,23,19,7,3,0,0,0,3,58,25,9,11,5,0,0,0,3,59,25,14,11,6,8,0,0,4,70,10,9,11,0,3,0,0,3,40,9,11,7,12,9,0,0,0,44,9,7,16,6,10,5,0,9,61,6,9,19,7,8,0,0,10,53,8,6,10,6,3,0,0,6,42,5,4,21,7,4,0,3,3,48,0,3,6,6,10,0,0,3,26,0,0,10,12,0,3,5,7,32,0,3,3,3,3,4,3,6,22,267,92,133,85,47,20,14,68,733
SAL22507,0,0,0,0,0,0,0,3,3,4,0,0,0,0,0,0,0,9,0,0,0,0,0,0,0,0,0,0,0,0,0,0,0,0,0,0,3,0,0,0,0,0,0,0,3,4,0,6,0,0,0,0,0,6,0,0,0,0,0,0,0,0,5,0,0,0,3,0,0,0,0,6,5,0,4,3,0,0,0,0,13,0,0,0,0,0,0,0,0,6,0,0,0,3,0,0,0,0,9,0,0,3,3,0,0,0,0,3,0,0,0,0,0,0,4,0,7,0,0,0,0,0,0,0,0,0,0,0,0,0,0,0,0,0,0,15,3,11,13,5,0,3,10,63
SAL22508,388,0,0,0,0,0,0,29,415,482,6,0,0,0,0,0,42,524,849,25,8,0,0,0,0,65,948,839,153,51,13,3,0,0,62,1124,492,213,182,44,3,3,0,40,973,271,139,249,68,13,4,0,33,776,221,140,253,72,6,0,3,30,730,183,97,248,77,23,7,3,33,665,171,89,170,71,14,6,3,24,542,137,57,136,55,20,13,4,18,433,94,49,124,65,18,8,8,22,379,44,41,90,66,28,4,3,16,290,28,15,75,63,16,4,4,29,222,14,11,74,67,29,8,5,42,266,3,12,78,65,30,14,9,92,299,4218,1042,1732,716,204,68,41,559,8584
SAL22509,47,0,0,0,0,0,0,15,60,74,17,3,0,0,0,0,7,100,144,54,22,6,6,0,0,17,248,84,83,63,14,5,0,0,16,264,31,47,64,8,8,0,0,7,165,11,17,27,15,5,0,0,4,84,3,9,16,16,3,4,0,6,53,4,10,16,12,3,3,0,0,40,6,3,13,10,0,0,3,3,44,4,0,16,9,6,0,0,0,34,0,0,13,3,4,3,0,0,21,0,0,7,7,4,0,0,0,20,0,0,0,4,0,0,0,0,5,0,0,0,0,0,0,0,0,5,0,0,0,0,0,0,0,0,0,413,237,254,103,48,17,14,77,1149
SAL22510,4,0,0,0,0,0,0,0,4,5,0,0,0,0,0,0,0,7,0,4,0,0,0,0,0,0,3,0,0,0,0,0,0,0,0,3,0,0,0,3,0,0,0,5,8,6,0,0,0,0,0,0,0,9,0,0,3,0,0,0,0,0,7,4,0,3,0,4,0,0,0,8,0,0,14,0,0,0,0,0,17,7,0,4,4,0,0,0,0,15,0,0,9,0,3,0,0,0,11,0,3,4,0,0,0,0,0,16,0,0,3,0,0,0,0,0,0,0,0,3,0,0,0,0,6,7,0,0,0,0,0,0,0,0,0,34,14,42,20,9,4,0,9,132
SAL22511,11,0,0,0,0,0,0,0,13,12,0,0,0,0,0,0,0,14,0,0,0,0,0,0,0,0,6,3,0,7,3,0,0,0,0,19,3,0,0,0,0,0,0,0,7,0,6,10,4,0,0,0,3,16,0,0,8,0,0,0,0,0,14,0,0,0,4,4,0,5,0,17,0,4,3,0,0,0,0,0,15,3,0,12,5,3,0,0,0,28,0,0,5,4,0,0,0,0,22,0,0,4,3,5,0,0,0,9,0,0,0,0,5,0,0,0,6,0,0,0,0,0,0,0,0,3,0,0,0,0,0,0,0,0,3,53,8,52,41,24,5,10,14,195
SAL22512,0,0,0,0,0,0,0,0,0,0,0,0,0,0,0,0,0,0,0,0,0,0,0,0,0,0,0,0,0,0,0,0,0,0,0,0,0,0,0,0,0,0,0,0,0,0,0,0,0,0,0,0,0,0,0,0,0,0,0,0,0,0,0,0,0,0,0,0,0,0,0,0,0,0,0,0,0,0,0,0,0,0,0,0,0,0,0,0,0,0,0,0,0,0,0,0,0,0,0,0,0,0,0,0,0,0,0,0,0,0,0,0,0,0,0,0,0,0,0,0,0,0,0,0,0,0,0,0,0,0,0,0,0,0,0,0,0,5,4,0,0,0,0,9
SAL22513,0,0,0,0,0,0,0,0,0,0,0,0,0,0,0,0,0,0,0,0,0,0,0,0,0,0,3,0,0,0,0,0,0,0,0,0,0,0,0,0,0,0,0,0,0,0,0,0,0,0,0,0,0,5,0,0,0,0,0,0,0,0,0,0,0,5,0,0,0,0,0,3,0,0,0,0,0,0,0,0,4,0,0,3,3,0,0,0,0,3,0,0,0,0,0,0,0,0,0,0,0,0,0,0,0,0,0,0,0,0,0,0,0,0,0,0,0,0,0,0,0,0,0,0,0,6,0,0,0,0,0,0,0,0,0,3,0,12,5,0,0,0,0,30
SAL22514,3,0,0,0,0,0,0,4,6,4,0,0,0,0,0,0,0,4,0,0,0,0,0,0,0,0,7,0,0,0,0,0,0,0,0,3,0,0,0,0,0,0,0,0,3,0,0,3,0,0,0,0,0,3,0,0,0,0,0,0,0,0,0,0,0,0,3,0,0,0,0,11,4,0,3,3,0,0,0,0,6,0,3,4,0,4,0,0,0,13,0,4,3,0,0,0,0,0,8,0,0,0,0,0,0,0,0,0,0,0,0,3,0,0,0,0,5,0,0,0,0,0,0,0,0,0,0,0,0,0,0,0,0,0,0,16,9,24,11,5,0,4,5,75
SAL22515,0,0,0,0,0,0,0,0,0,0,0,0,0,0,0,0,0,0,0,0,0,0,0,0,0,0,0,0,0,0,0,0,0,0,0,0,0,0,0,0,0,0,0,0,0,0,0,0,0,0,0,0,0,0,0,0,0,0,0,0,0,0,0,0,0,0,0,0,0,0,0,0,0,0,0,0,0,0,0,0,0,0,0,0,0,0,0,0,0,0,0,0,0,0,0,0,0,0,0,0,0,0,0,0,0,0,0,0,0,0,0,0,0,0,0,0,0,0,0,0,0,0,0,0,0,0,0,0,0,0,0,0,0,0,0,0,0,0,0,0,0,0,0,0
SAL22516,45,0,0,0,0,0,0,4,49,22,0,0,0,0,0,0,4,32,14,0,3,0,0,0,0,0,20,12,0,9,3,0,0,0,3,29,6,7,8,9,3,0,0,0,33,0,3,9,14,4,0,0,5,33,7,0,12,11,0,6,4,5,37,4,4,18,13,8,0,0,0,44,7,4,14,7,4,5,0,0,38,6,4,13,9,3,9,0,5,51,0,0,12,14,5,6,0,4,45,4,3,10,5,7,0,0,0,38,0,0,5,10,4,0,0,0,29,5,0,3,5,3,7,0,0,25,0,0,3,5,7,0,3,6,27,120,40,130,106,50,26,11,41,530
SAL22517,0,0,0,0,0,0,0,0,0,0,0,0,0,0,0,0,0,0,0,0,0,0,0,0,0,0,0,0,0,0,0,0,0,0,0,4,0,0,0,0,0,0,0,0,0,0,0,0,0,0,0,0,0,0,0,0,0,0,3,0,0,0,3,0,0,0,0,0,0,0,0,0,0,0,0,0,0,0,0,0,0,0,0,0,0,0,0,0,0,0,0,0,0,0,0,0,0,0,8,0,0,0,0,0,0,0,0,0,0,0,0,0,0,0,0,0,0,0,0,0,0,0,0,0,0,0,0,0,0,0,0,0,0,0,0,5,0,3,5,4,0,0,0,14
SAL22518,4,0,0,0,0,0,0,3,3,3,0,0,0,0,0,0,0,3,4,0,0,0,0,0,0,0,0,4,0,0,0,0,0,0,0,3,0,0,0,0,0,0,0,0,0,0,0,0,0,3,0,0,0,7,0,0,0,0,0,0,0,0,5,0,0,0,0,0,0,0,0,4,0,0,0,0,0,0,0,0,4,0,0,0,0,0,0,0,0,0,0,0,3,0,0,0,0,0,3,0,0,0,0,0,0,0,0,0,0,0,0,0,0,0,0,0,6,0,0,0,0,0,0,0,0,0,0,0,0,0,0,0,0,0,0,15,0,6,4,3,0,0,4,31
SAL22519,0,0,0,0,0,0,0,0,0,4,0,0,0,0,0,0,0,4,0,0,0,0,0,0,0,0,3,0,0,0,0,0,0,0,0,0,0,0,0,0,0,0,0,0,0,0,0,0,0,0,0,0,0,3,0,0,0,0,0,0,0,0,0,0,0,0,0,0,0,0,0,3,4,0,0,0,0,0,0,5,9,0,0,0,3,0,0,0,0,6,0,0,0,0,0,0,0,0,0,0,0,0,0,0,0,0,0,3,0,0,0,0,0,0,0,0,0,0,0,0,0,0,0,0,0,0,0,0,0,0,0,0,0,0,0,8,0,4,5,0,0,0,3,31
SAL22520,0,0,0,0,0,0,0,0,0,0,0,0,0,0,0,0,0,0,0,0,0,0,0,0,0,0,0,0,0,0,0,0,0,0,0,0,0,0,0,0,0,0,0,0,0,0,0,0,0,0,0,0,0,0,0,0,0,0,0,0,0,0,0,0,0,0,0,0,0,0,0,0,0,0,0,0,0,0,0,0,0,0,0,0,0,0,0,0,0,0,0,0,0,0,0,0,0,0,0,0,0,0,0,0,0,0,0,0,0,0,0,0,0,0,0,0,0,0,0,0,0,0,0,0,0,0,0,0,0,0,0,0,0,0,0,6,0,0,0,0,0,0,0,8
SAL22521,0,0,0,0,0,0,0,0,4,11,0,0,0,0,0,0,0,11,6,3,0,0,0,0,0,0,10,0,0,3,0,0,0,0,0,11,0,0,3,0,0,0,0,0,6,0,0,3,0,0,0,0,0,3,0,0,6,0,0,0,0,5,15,0,0,7,4,3,0,0,3,14,0,0,5,0,0,0,0,0,14,0,0,4,4,6,0,0,0,15,0,3,5,4,0,0,0,0,11,0,0,9,3,4,0,0,0,12,0,3,0,0,3,0,0,0,10,0,0,0,0,0,0,0,3,0,0,0,0,0,0,0,0,0,0,29,10,37,26,20,5,4,15,139
SAL22522,0,0,0,0,0,0,0,0,5,0,0,0,0,0,0,0,0,0,3,0,0,0,0,0,0,0,3,0,0,0,0,0,0,0,0,0,0,0,0,0,0,0,0,0,0,0,0,0,0,0,0,0,0,0,0,0,0,0,0,0,0,0,0,0,0,0,0,0,0,0,0,0,0,0,0,0,0,0,0,0,0,0,0,0,0,0,0,0,0,3,0,0,0,0,0,0,0,0,0,0,0,0,0,0,0,0,0,0,0,0,0,0,0,0,0,3,6,0,0,0,0,0,0,0,0,0,0,0,0,0,0,0,0,0,0,4,3,4,0,3,0,0,3,20
SAL22523,0,0,0,0,0,0,0,0,0,0,0,0,0,0,0,0,0,0,0,0,0,0,0,0,0,0,3,0,0,0,0,0,0,0,0,0,0,0,0,0,0,0,0,0,0,0,0,0,0,0,0,0,0,0,0,0,0,0,0,0,0,0,5,0,0,0,0,0,0,0,0,0,0,0,3,0,0,0,0,0,3,0,0,5,0,0,0,0,0,6,0,0,0,0,0,0,0,0,3,0,0,0,0,0,0,0,0,3,0,0,0,0,0,0,0,0,0,0,0,0,0,0,0,0,0,0,0,0,0,0,0,0,0,0,0,8,5,12,5,3,0,0,0,28
SAL22524,0,0,0,0,0,0,0,0,0,0,0,0,0,0,0,0,0,0,0,0,0,0,0,0,0,0,0,0,0,0,0,0,0,0,0,0,0,0,0,0,0,0,0,0,0,0,0,0,0,0,0,0,0,0,0,0,0,0,0,0,0,0,0,0,0,0,0,0,0,0,0,0,0,0,0,0,0,0,0,0,0,0,0,0,0,0,0,0,0,0,0,0,0,0,0,0,0,0,0,0,0,0,0,0,0,0,0,0,0,0,0,0,0,0,0,0,0,0,0,0,0,0,0,0,0,0,0,0,0,0,0,0,0,0,0,0,0,0,0,0,0,0,0,3
SAL22525,11,0,0,0,0,0,0,0,11,0,0,0,0,0,0,0,0,5,0,0,0,0,0,0,0,0,8,4,6,0,5,0,0,0,0,14,0,0,4,0,0,0,0,0,4,0,4,3,0,3,0,0,0,12,0,0,0,0,0,0,0,0,3,0,0,3,0,0,0,0,0,6,0,0,0,3,0,0,0,0,7,0,0,3,0,0,0,0,0,6,0,0,0,0,0,0,0,0,4,0,0,4,0,0,0,0,0,4,0,0,0,0,0,0,0,0,0,0,0,0,0,0,0,0,0,0,0,0,0,0,0,0,0,0,0,13,10,18,10,11,6,0,3,65
SAL22526,4,0,0,0,0,0,0,6,7,0,0,0,0,0,0,0,0,0,3,0,0,0,0,0,0,3,7,4,4,5,0,0,0,0,0,13,4,0,7,8,0,0,0,0,18,3,0,3,0,0,0,0,0,14,3,4,4,3,0,0,0,3,26,3,4,5,0,5,0,0,0,22,3,3,14,6,3,0,0,6,31,9,0,12,6,0,0,0,3,38,4,0,11,8,6,0,0,0,28,0,0,11,4,0,0,0,0,19,0,0,0,3,0,0,0,0,4,0,0,0,0,0,0,0,0,0,0,0,0,0,0,0,0,0,0,48,28,75,35,11,4,0,21,216
SAL22527,0,0,0,0,0,0,0,0,0,0,0,0,0,0,0,0,0,0,0,0,0,0,0,0,0,0,0,0,0,0,0,0,0,0,0,0,0,0,0,0,0,0,0,0,0,0,0,0,0,0,0,0,0,0,0,0,0,0,0,0,0,0,0,0,0,0,0,0,0,0,0,0,0,0,0,0,0,0,0,0,0,0,0,0,0,0,0,0,0,0,0,0,0,0,0,0,0,0,0,0,0,0,0,0,0,0,0,0,0,0,0,0,0,0,0,0,0,0,0,0,0,0,0,0,0,0,0,0,0,0,0,0,0,0,0,0,0,0,0,0,0,0,0,0
SAL22528,46,0,0,0,0,0,0,3,51,41,8,8,0,0,0,0,3,52,24,13,15,10,5,0,0,7,62,15,7,22,14,4,0,0,0,57,7,6,14,12,12,0,0,3,58,7,4,8,8,13,3,0,0,37,9,5,19,15,8,5,3,0,57,6,5,17,16,7,5,0,5,59,8,0,20,18,8,0,7,5,71,8,0,18,16,8,4,0,7,55,4,4,21,11,13,6,0,3,59,5,9,18,12,11,3,3,5,58,0,0,9,12,0,0,0,3,33,0,0,5,7,9,0,3,8,25,6,0,4,8,11,4,0,0,41,168,63,196,162,87,34,21,53,782
SAL22529,0,0,0,0,0,0,0,0,0,0,0,0,0,0,0,0,0,0,0,0,0,0,0,0,0,0,0,0,0,0,0,0,0,0,0,0,0,0,0,0,0,0,0,0,0,0,0,0,0,0,0,0,0,0,0,0,0,0,0,0,0,0,0,0,0,0,0,0,0,0,0,0,0,0,0,0,0,0,0,0,0,0,0,0,0,0,0,0,0,0,0,0,0,0,0,0,0,0,0,0,0,0,0,0,0,0,0,0,0,0,0,0,0,0,0,0,3,0,0,0,0,0,0,0,0,0,0,0,0,0,0,0,0,0,0,0,0,3,0,0,0,0,0,5
SAL22530,0,0,0,0,0,0,0,0,0,0,0,0,0,0,0,0,0,0,0,0,0,0,0,0,0,0,0,0,0,0,0,0,0,0,0,0,0,0,0,0,0,0,0,0,0,0,0,0,0,0,0,0,0,0,0,0,3,0,0,0,0,0,3,0,0,0,0,0,0,0,0,5,0,0,0,0,0,0,0,0,0,0,0,0,0,0,0,0,0,3,0,0,3,0,0,0,0,0,0,0,0,0,0,0,0,0,0,0,0,0,0,0,0,0,0,0,3,0,0,0,0,0,0,0,0,0,0,0,0,0,0,0,0,0,0,4,7,7,4,5,0,0,0,20
SAL22531,7,0,0,0,0,0,0,0,8,0,0,0,0,0,0,0,0,5,4,0,3,0,0,0,0,0,9,0,0,0,0,0,0,0,0,0,0,0,0,0,0,0,0,0,3,0,0,0,0,0,0,0,0,0,0,0,9,0,0,0,0,0,16,0,0,3,0,0,0,0,0,8,0,0,6,0,3,0,0,0,9,0,0,3,0,5,0,0,0,12,0,0,0,0,0,0,0,0,6,0,0,5,0,0,0,0,0,11,0,0,5,5,0,0,0,0,6,0,0,0,0,0,0,0,0,0,0,0,0,0,0,0,0,0,0,23,8,32,7,14,0,0,8,97
SAL22532,0,0,0,0,0,0,0,0,0,0,0,0,0,0,0,0,0,0,0,0,0,0,0,0,0,0,0,0,0,0,0,0,0,0,0,0,0,0,0,0,0,0,0,0,0,0,0,0,0,0,0,0,0,0,0,0,0,0,0,0,0,0,0,0,0,0,0,0,0,0,0,0,0,0,0,0,0,0,0,0,0,0,0,0,0,0,0,0,0,0,0,0,0,0,0,0,0,0,0,0,0,0,0,0,0,0,0,0,0,0,0,0,0,0,0,0,0,0,0,0,0,0,0,0,0,0,0,0,0,0,0,0,0,0,0,0,0,0,6,0,0,0,0,10
SAL22533,5,0,0,0,0,0,0,0,5,5,0,0,0,0,0,0,0,3,0,0,0,0,0,0,0,0,3,0,5,0,0,0,0,0,0,8,0,4,0,0,0,0,0,0,6,0,0,5,0,0,0,0,0,8,3,0,4,0,0,0,0,0,18,0,0,4,4,0,0,0,0,12,0,0,4,3,0,0,0,0,12,3,0,6,0,6,0,3,0,18,0,3,0,0,0,0,0,3,14,0,0,0,4,0,0,0,0,9,0,0,5,0,9,0,0,3,13,0,0,0,0,0,0,0,0,0,0,0,0,0,0,0,0,0,5,30,16,31,26,10,4,3,18,131
SAL22534,19,0,0,0,0,0,0,5,15,18,0,0,0,0,0,0,0,19,12,5,5,0,0,0,0,0,20,5,4,5,0,0,0,0,0,17,0,7,14,0,3,0,0,3,34,0,0,16,5,0,0,0,0,31,9,0,9,11,3,0,0,0,30,3,3,22,7,5,0,0,3,38,0,3,8,5,4,0,0,3,28,3,0,12,6,6,0,0,0,28,0,0,12,5,6,0,0,0,21,0,0,4,3,0,0,0,0,12,0,0,0,0,4,0,0,0,11,0,0,0,0,0,0,0,0,3,0,0,0,0,0,0,0,0,0,67,27,109,52,21,5,0,23,311
SAL22535,5,0,0,0,0,0,0,0,5,0,0,0,0,0,0,0,0,0,0,0,0,0,0,0,0,0,0,0,0,4,0,0,0,0,0,7,0,0,0,0,0,0,0,0,0,0,0,0,0,0,0,0,0,0,0,0,4,0,0,0,0,0,0,0,0,0,3,0,0,0,0,5,0,0,0,3,0,0,0,0,5,0,0,0,0,0,0,0,0,3,0,0,0,0,0,0,0,0,0,0,0,0,0,0,0,0,0,0,0,0,0,0,0,0,0,0,0,0,0,0,0,0,0,0,0,0,0,0,0,0,0,0,0,0,0,9,3,10,11,0,0,0,0,36
SAL22536,12,0,0,0,0,0,0,0,12,8,0,0,0,0,0,0,0,8,8,0,0,0,0,0,0,0,12,3,5,0,3,0,0,0,0,11,0,0,0,0,0,0,0,0,3,4,0,0,4,0,0,0,0,8,0,0,4,4,0,0,0,6,15,3,0,4,6,3,0,0,0,21,5,0,4,5,0,0,0,4,22,0,0,3,4,0,0,0,0,13,3,5,6,0,0,0,0,0,15,0,0,0,3,0,0,0,0,11,0,0,0,3,0,0,0,0,0,0,0,0,0,0,0,0,0,3,0,0,0,0,0,0,0,0,4,46,7,34,29,7,4,0,17,149
SAL22537,29,0,0,0,0,0,0,0,29,24,5,0,0,0,0,0,0,29,9,0,0,0,0,0,0,6,16,3,0,5,0,0,0,0,0,16,8,4,3,4,3,0,0,0,28,8,0,9,5,0,0,0,5,28,3,3,8,4,0,0,0,3,31,4,3,11,8,4,0,0,0,38,0,6,13,7,0,0,0,0,29,3,0,13,0,4,0,0,0,32,0,4,8,10,3,0,0,4,31,0,0,8,7,5,0,0,0,14,0,0,3,5,0,0,0,6,16,0,0,4,0,0,0,0,0,6,0,0,0,0,0,0,0,0,3,98,29,97,53,27,8,6,26,345
SAL22538,5,0,0,0,0,0,0,0,7,5,0,0,0,0,0,0,0,6,0,0,0,0,0,0,0,0,7,0,0,4,0,0,0,0,3,4,3,0,0,4,0,0,0,0,10,0,0,0,0,3,0,0,0,3,0,0,0,0,0,0,0,0,0,0,0,4,0,5,0,0,7,11,0,0,5,5,4,0,0,0,14,0,0,0,0,0,0,0,0,4,4,0,0,0,0,0,0,0,6,0,0,0,0,0,5,0,0,3,0,0,0,0,0,0,0,3,4,0,0,0,0,0,0,0,0,0,0,0,0,0,0,0,0,0,0,21,3,18,16,7,7,0,18,86
SAL22539,0,0,0,0,0,0,0,0,0,0,0,0,0,0,0,0,0,0,0,0,0,0,0,0,0,0,0,0,0,0,0,0,0,0,0,0,0,0,0,0,0,0,0,0,0,0,0,0,0,0,0,0,0,0,0,0,0,0,0,0,0,0,0,0,0,0,0,0,0,0,0,0,0,0,0,0,0,0,0,0,0,0,0,0,0,0,0,0,0,0,0,0,0,0,0,0,0,0,0,0,0,0,0,0,0,0,0,0,0,0,0,0,0,0,0,0,0,0,0,0,0,0,0,0,0,0,0,0,0,0,0,0,0,0,0,0,0,0,0,0,0,0,0,0
SAL22540,0,0,0,0,0,0,0,0,0,0,0,0,0,0,0,0,0,0,0,0,0,0,0,0,0,0,0,0,0,0,0,0,0,0,0,0,0,0,0,0,0,0,0,0,0,0,0,0,0,0,0,0,0,5,0,0,0,0,0,0,0,0,0,0,0,0,0,0,0,0,0,3,0,0,0,0,0,0,0,0,0,0,0,0,0,0,0,0,0,6,0,0,0,0,0,0,0,0,0,0,0,0,0,0,0,0,0,0,0,0,0,0,0,0,0,0,0,0,0,0,0,0,0,0,0,0,0,0,0,0,0,0,0,0,0,0,4,9,5,0,0,0,3,20
SAL22541,0,0,0,0,0,0,0,0,0,0,0,0,0,0,0,0,0,0,0,0,0,0,0,0,0,0,0,3,0,0,0,0,0,0,0,5,0,0,0,0,0,0,0,0,7,0,0,6,0,0,0,0,0,3,0,0,0,0,0,0,0,0,0,0,0,0,0,0,0,0,0,4,0,0,0,0,0,0,0,0,3,0,0,0,0,0,0,0,0,3,0,0,0,0,0,0,0,0,0,0,0,0,0,0,0,0,0,0,0,0,0,0,0,0,0,0,4,0,0,0,0,0,0,0,0,0,0,0,0,0,0,0,0,0,0,6,0,9,9,3,0,0,0,33
SAL22542,0,0,0,0,0,0,0,0,0,0,0,0,0,0,0,0,0,0,0,0,0,0,0,0,0,0,0,0,0,0,0,0,0,0,0,0,0,0,0,0,0,0,0,0,0,0,0,0,0,0,0,0,0,0,0,0,0,0,0,0,0,0,0,0,0,0,0,0,0,0,0,0,0,0,0,0,0,0,0,0,0,0,0,0,0,0,0,0,0,0,0,0,0,0,0,0,0,0,0,0,0,0,0,0,0,0,0,0,0,0,0,0,0,0,0,0,0,0,0,0,0,0,0,0,0,0,0,0,0,0,0,0,0,0,0,0,0,0,0,0,0,0,0,0
SAL22543,25,0,0,0,0,0,0,7,31,31,0,0,0,0,0,0,0,31,15,3,5,0,0,0,0,5,29,12,5,16,8,0,0,0,0,44,4,5,15,12,5,0,0,6,40,0,8,10,10,6,0,0,4,30,8,0,11,9,0,0,0,0,33,0,7,11,5,0,0,0,3,26,0,7,22,3,6,0,0,6,47,4,6,19,11,4,0,0,4,43,4,4,9,6,0,0,0,3,35,4,0,10,6,3,0,0,3,25,0,0,0,3,0,0,0,0,6,0,0,0,0,0,0,0,0,3,0,0,0,6,0,0,0,0,3,107,45,124,81,28,7,6,42,432
SAL22544,7,0,0,0,0,0,0,8,11,13,0,3,0,0,0,0,5,20,5,0,0,0,0,0,0,0,9,4,6,3,3,3,0,0,0,17,5,0,7,0,3,0,0,3,18,5,0,3,3,0,0,0,0,23,0,4,3,9,0,0,0,0,12,3,0,7,7,0,0,0,5,20,4,3,10,6,0,0,0,0,26,6,0,12,5,4,0,0,4,31,0,6,8,6,8,0,0,4,29,3,6,15,13,6,0,3,7,42,3,0,4,3,3,0,0,0,9,0,5,3,4,3,0,0,4,20,0,0,0,0,0,0,3,3,8,67,33,75,51,28,0,6,37,302
SAL22545,4,0,0,0,0,0,0,0,4,0,0,0,0,0,0,0,0,0,0,0,0,0,0,0,0,0,0,0,0,0,0,0,0,0,0,0,0,0,0,0,0,0,0,0,0,0,0,0,0,0,0,0,0,7,0,0,0,0,0,0,0,0,3,3,0,0,0,0,0,0,0,3,0,5,3,0,0,0,0,0,7,0,0,4,0,0,0,0,0,8,0,0,3,0,0,0,0,0,10,0,0,0,0,0,0,0,0,0,4,0,0,0,0,0,0,0,4,0,0,0,0,0,0,0,0,0,0,0,0,0,0,0,0,0,5,10,3,15,9,6,0,0,3,47
SAL22546,44,0,0,0,0,0,0,3,50,32,6,0,0,0,0,0,3,37,12,5,5,4,0,0,0,0,34,10,10,19,5,3,0,0,0,45,12,7,22,18,0,0,0,5,77,0,4,21,15,3,0,0,3,48,6,9,21,15,9,4,0,3,57,3,3,27,8,9,4,0,4,51,7,0,21,14,5,0,3,5,52,8,7,22,14,0,0,0,0,49,6,3,17,12,3,0,0,11,56,5,5,17,13,5,3,0,3,45,0,4,5,4,0,0,0,0,20,0,0,3,7,3,3,0,0,14,0,0,0,4,6,0,0,3,11,155,62,190,122,42,16,4,51,646
SAL22547,304,0,0,0,0,0,0,34,346,430,0,0,0,0,0,0,37,469,464,16,0,0,0,0,0,37,522,343,49,29,4,0,0,0,29,456,176,62,88,26,0,0,0,18,376,112,61,82,48,6,0,0,26,335,99,58,135,65,15,0,0,32,410,95,72,151,76,26,0,0,20,439,85,66,152,88,26,4,0,29,439,78,73,143,103,23,3,0,26,458,72,62,176,83,30,5,0,29,453,72,48,216,107,28,3,5,36,506,42,43,147,119,24,6,4,27,407,32,27,69,75,29,7,6,23,263,26,19,69,81,42,14,8,41,303,2438,650,1461,866,242,49,23,447,6184
SAL22548,11,0,0,0,0,0,0,3,14,3,0,0,0,0,0,0,8,14,3,3,0,0,0,0,0,3,9,3,3,3,4,0,0,0,3,17,6,6,6,0,0,0,0,0,15,0,0,5,3,0,0,0,0,8,0,4,3,0,0,0,0,4,14,0,3,6,5,0,0,0,5,33,4,0,3,0,0,0,0,3,20,3,0,8,5,0,4,0,8,21,0,0,3,7,5,0,0,4,16,0,3,3,0,3,0,0,0,6,0,0,0,0,0,0,0,0,3,0,0,0,3,0,0,0,0,6,0,0,0,0,0,0,0,3,3,35,20,44,27,15,3,5,50,205
SAL22549,0,0,0,0,0,0,0,0,0,0,0,0,0,0,0,0,0,0,0,0,0,0,0,0,0,0,0,0,0,0,0,0,0,0,0,0,0,0,0,0,0,0,0,0,0,0,0,0,0,0,0,0,0,0,0,0,0,0,0,0,0,0,0,0,0,0,0,0,0,0,0,0,0,0,0,0,0,0,0,0,0,0,0,0,0,0,0,0,0,0,0,0,0,0,0,0,0,0,0,0,0,0,0,0,0,0,0,0,0,0,0,0,0,0,0,0,0,0,0,0,0,0,0,0,0,0,0,0,0,0,0,0,0,0,0,0,0,0,0,0,0,0,0,0
SAL22550,71,0,0,0,0,0,0,11,88,60,3,4,0,0,0,0,9,68,44,8,7,0,4,0,0,4,68,30,22,28,14,0,0,0,6,99,20,21,40,14,5,0,0,11,105,17,9,24,16,5,0,0,7,85,23,20,27,20,5,0,0,0,105,19,17,36,25,12,5,0,7,113,19,6,44,24,13,5,0,7,126,16,5,38,25,7,4,0,6,100,14,6,33,37,13,0,0,18,119,8,9,47,21,6,0,0,11,108,4,0,22,18,4,0,3,8,66,0,0,18,6,7,3,0,3,41,3,3,11,11,3,0,4,4,41,347,142,385,242,83,19,15,121,1349
SAL22551,466,0,0,0,0,0,0,42,503,368,4,0,0,0,0,0,24,398,314,37,14,3,0,0,0,41,403,272,151,113,32,3,0,0,18,595,173,142,367,135,29,3,0,27,862,129,83,320,161,32,0,8,25,761,94,87,299,158,29,10,0,26,709,93,75,264,135,31,6,3,24,626,68,55,191,105,38,10,0,19,496,69,47,213,151,38,3,0,25,543,32,40,203,147,60,12,4,24,517,28,31,186,123,48,20,3,29,469,9,17,105,92,28,7,5,18,278,5,8,33,43,24,9,10,21,150,3,11,35,39,27,17,6,45,187,2117,785,2336,1334,380,90,46,406,7498
SAL22552,0,0,0,0,0,0,0,0,0,0,0,0,0,0,0,0,0,0,0,0,0,0,0,0,0,0,0,0,0,0,0,0,0,0,0,0,0,0,0,0,0,0,0,0,0,0,0,0,0,0,0,0,0,4,0,0,0,0,0,0,0,0,0,0,0,0,0,0,0,0,0,0,0,0,0,0,0,0,0,0,4,0,0,0,0,0,0,0,0,6,0,0,0,0,0,0,0,0,3,0,0,0,0,0,0,0,0,0,0,0,0,0,0,0,0,0,0,0,0,0,0,0,0,0,0,0,0,0,0,0,0,0,0,0,0,3,0,9,3,4,0,0,3,22
SAL22553,10,0,0,0,0,0,0,0,9,4,0,0,0,0,0,0,0,5,3,0,0,0,0,0,0,0,8,3,6,3,0,0,0,0,0,6,0,0,3,3,0,0,0,0,9,0,0,0,0,0,0,0,0,9,0,0,8,0,0,0,0,0,9,4,0,0,3,0,0,0,0,6,0,0,0,0,0,0,0,0,9,0,0,3,4,3,0,0,0,14,0,0,0,0,0,0,0,0,9,0,0,0,0,0,0,0,4,8,0,0,0,0,0,0,0,0,3,0,0,0,0,0,0,0,0,0,0,0,0,0,0,0,0,0,0,26,8,22,19,9,0,0,13,92
SAL22554,0,0,0,0,0,0,0,0,0,4,0,0,0,0,0,0,0,4,0,0,0,0,0,0,0,0,0,0,0,0,0,0,0,0,0,0,0,0,0,4,0,0,0,0,4,0,0,0,0,0,0,0,0,0,0,0,0,0,0,0,0,0,0,0,0,0,3,0,0,0,0,3,0,0,0,0,0,0,0,0,0,0,0,0,0,0,0,0,0,4,0,0,0,0,0,0,0,0,0,0,0,0,0,0,0,0,0,0,0,0,0,0,0,0,0,0,0,0,0,0,0,0,0,0,0,0,0,0,0,0,0,0,0,0,0,3,0,4,3,0,0,0,0,15
SAL22555,0,0,0,0,0,0,0,0,0,0,0,0,0,0,0,0,0,0,0,0,0,0,0,0,0,0,0,0,0,0,0,0,0,0,0,0,0,0,0,0,0,0,0,0,0,0,0,0,0,0,0,0,0,0,0,0,0,0,0,0,0,0,0,0,0,0,0,0,0,0,0,0,0,0,0,0,0,0,0,0,0,0,0,0,0,0,0,0,0,0,0,0,0,0,0,0,0,0,0,0,0,0,0,0,0,0,0,0,0,0,0,0,0,0,0,0,0,0,0,0,0,0,0,0,0,0,0,0,0,0,0,0,0,0,0,0,0,4,0,0,0,0,0,8
SAL22556,0,0,0,0,0,0,0,0,0,0,0,0,0,0,0,0,0,0,0,0,0,0,0,0,0,0,0,0,0,0,0,0,0,0,0,0,0,0,0,0,0,0,0,0,0,0,0,0,0,0,0,0,0,0,0,0,0,0,0,0,0,0,0,0,0,0,0,0,0,0,0,0,0,0,0,0,0,0,0,0,0,0,0,0,0,0,0,0,0,0,0,0,0,0,0,0,0,0,0,0,0,0,0,0,0,0,0,0,0,0,0,0,0,0,0,0,0,0,0,0,0,0,0,0,0,0,0,0,0,0,0,0,0,0,0,0,0,0,0,0,0,0,0,0
SAL22557,0,0,0,0,0,0,0,0,0,0,0,0,0,0,0,0,0,0,0,0,0,0,0,0,0,0,0,0,0,0,0,0,0,0,0,0,0,0,0,0,0,0,0,0,0,0,0,0,0,0,0,0,0,0,0,0,0,0,0,0,0,0,0,0,0,0,0,0,0,0,0,0,0,0,0,0,0,0,0,0,0,0,0,0,0,0,0,0,0,0,0,0,0,0,0,0,0,0,0,0,0,0,0,0,0,0,0,0,0,0,0,0,0,0,0,0,0,0,0,0,0,0,0,0,0,0,0,0,0,0,0,0,0,0,0,0,0,0,0,0,0,0,0,0
SAL22558,0,0,0,0,0,0,0,0,0,0,0,0,0,0,0,0,0,0,0,0,0,0,0,0,0,0,0,0,0,0,0,0,0,0,0,0,0,0,0,0,0,0,0,0,0,0,0,0,0,0,0,0,0,0,0,0,3,0,0,0,0,0,3,0,0,0,0,0,0,0,0,0,0,0,0,0,0,0,0,0,4,0,0,0,0,0,0,0,0,4,0,0,0,0,0,0,0,0,0,0,0,0,0,0,0,0,0,0,0,0,0,0,0,0,0,0,3,0,0,0,0,0,0,0,0,0,0,0,0,0,0,0,0,0,0,4,0,0,3,0,3,0,0,11
SAL22559,0,0,0,0,0,0,0,0,0,0,0,0,0,0,0,0,0,0,0,0,0,0,0,0,0,0,0,0,0,0,0,0,0,0,0,0,0,0,0,0,0,0,0,0,0,0,0,0,0,0,0,0,0,0,0,0,0,0,0,0,0,0,0,0,0,0,0,0,0,0,0,0,0,0,0,0,0,0,0,0,0,0,0,0,0,0,0,0,0,0,0,0,0,0,0,0,0,0,0,0,0,0,0,0,0,0,0,0,0,0,0,0,0,0,0,0,0,0,0,0,0,0,0,0,0,0,0,0,0,0,0,0,0,0,0,3,0,0,0,0,0,0,0,4
SAL22560,0,0,0,0,0,0,0,0,0,0,0,0,0,0,0,0,0,0,0,0,0,0,0,0,0,0,0,0,0,0,0,0,0,0,0,0,0,0,0,0,0,0,0,0,0,0,0,0,0,0,0,0,0,0,0,0,0,0,0,0,0,0,0,0,0,0,0,0,0,0,0,0,0,0,0,0,0,0,0,0,0,0,0,0,0,0,0,0,0,0,0,0,0,0,0,0,0,0,0,0,0,0,0,0,0,0,0,0,0,0,0,0,0,0,0,0,0,0,0,0,0,0,0,0,0,0,0,0,0,0,0,0,0,0,0,0,0,0,0,0,0,0,0,5
SAL22561,0,0,0,0,0,0,0,0,0,0,0,0,0,0,0,0,0,0,0,0,0,0,0,0,0,0,0,0,0,0,0,0,0,0,0,0,0,0,0,0,0,0,0,0,0,0,0,0,0,0,0,0,0,0,0,0,0,0,0,0,0,0,0,0,0,0,0,0,0,0,0,0,0,0,0,0,0,0,0,0,0,0,0,0,0,0,0,0,0,0,0,0,0,0,0,0,0,0,0,0,0,0,0,0,0,0,0,0,0,0,0,0,0,0,0,0,0,0,0,0,0,0,0,0,0,0,0,0,0,0,0,0,0,0,0,0,0,0,0,0,0,0,0,0
SAL22562,7,0,0,0,0,0,0,0,7,0,0,0,0,0,0,0,0,0,5,0,0,0,0,0,0,0,5,0,0,0,0,0,0,0,0,0,0,0,3,0,0,0,0,0,0,6,0,0,0,0,0,0,0,4,8,0,0,5,0,0,0,0,4,0,0,0,0,0,0,0,0,0,0,0,0,0,0,0,0,0,0,0,0,0,0,4,0,0,0,3,0,0,4,0,0,0,0,0,5,0,0,0,0,0,0,0,0,0,0,0,0,0,0,0,0,0,0,0,0,0,0,0,0,0,0,0,0,0,0,0,0,0,0,0,0,8,3,6,11,7,0,0,0,35
SAL22563,3,0,0,0,0,0,0,0,3,0,0,0,0,0,0,0,0,0,0,0,0,0,0,0,0,0,3,0,0,0,0,0,0,0,0,0,0,0,0,0,0,0,0,0,3,0,0,0,0,0,0,0,0,3,0,0,0,0,0,0,0,0,4,0,0,3,0,0,0,0,0,3,0,0,4,3,0,0,0,0,3,0,0,4,0,0,0,0,0,5,0,0,5,3,0,0,0,0,10,0,0,3,0,0,0,0,0,5,0,0,0,4,0,0,0,0,6,0,0,0,0,0,0,0,0,4,0,0,0,0,3,0,0,0,3,12,3,22,11,3,0,0,5,59
SAL22564,0,0,0,0,0,0,0,0,0,0,0,0,0,0,0,0,0,0,0,0,0,0,0,0,0,0,0,0,0,0,0,0,0,0,0,0,0,0,0,0,0,0,0,0,0,0,0,0,0,0,0,0,0,0,0,0,0,5,0,0,0,0,0,0,0,0,0,0,0,0,0,0,0,0,0,0,0,0,0,0,0,0,0,0,0,0,0,0,0,0,0,0,0,0,0,0,0,0,0,0,0,0,0,0,0,0,0,0,0,0,0,0,0,0,0,0,4,0,0,0,0,0,0,0,0,0,0,0,0,0,0,0,0,0,0,0,0,3,4,5,0,0,0,14
SAL22565,121,0,0,0,0,0,0,10,134,79,6,4,0,0,0,0,3,89,60,29,17,9,0,0,0,5,121,41,36,32,20,5,0,0,3,135,15,25,50,31,14,0,5,11,143,26,18,43,26,4,0,4,3,128,17,21,49,26,10,3,0,11,142,12,13,46,37,17,3,3,5,135,7,10,37,38,11,0,0,0,105,20,14,46,30,17,7,0,9,137,17,10,44,44,27,4,6,8,149,4,8,57,50,26,7,0,7,165,3,5,26,21,15,5,0,14,95,0,3,15,15,9,7,3,13,72,0,4,4,14,15,6,8,33,79,438,196,474,366,160,42,36,149,1849
SAL22566,10,0,0,0,0,0,0,0,10,11,0,0,0,0,0,0,0,16,5,3,0,0,0,0,0,0,12,3,0,0,0,0,0,0,0,7,3,0,5,0,0,0,0,0,7,3,0,10,4,0,0,0,0,21,0,3,4,3,0,0,0,0,12,0,0,8,0,3,0,3,0,16,3,0,4,9,0,0,0,4,18,0,0,5,7,0,0,0,0,26,0,0,3,0,0,0,0,0,15,0,0,0,5,5,0,0,0,11,0,0,0,3,0,0,0,0,3,0,0,0,0,0,0,0,0,4,0,0,0,0,0,0,0,0,3,35,7,52,41,20,3,8,13,171
SAL22567,8,0,0,0,0,0,0,8,17,0,0,0,0,0,0,0,0,0,0,0,0,0,0,0,0,0,0,0,3,0,0,0,0,0,0,3,7,0,4,0,0,0,0,0,8,0,3,3,0,0,0,0,3,8,0,4,7,5,0,0,0,0,15,0,4,0,3,3,0,3,0,13,0,0,4,3,0,0,0,0,12,0,0,5,6,4,0,0,0,17,0,0,0,5,0,0,0,0,12,0,0,5,4,0,0,0,6,7,3,0,0,0,0,0,0,0,6,0,0,0,0,0,0,0,0,0,0,0,0,0,0,0,0,0,0,28,11,33,28,6,0,4,13,123
SAL22568,0,0,0,0,0,0,0,0,0,5,0,0,0,0,0,0,0,5,3,0,0,0,0,0,0,3,4,0,0,0,0,0,0,0,0,0,0,0,0,0,0,0,0,0,0,0,0,0,0,0,0,0,0,6,0,0,3,0,0,0,0,0,7,0,0,0,0,0,0,0,0,4,0,4,0,0,0,0,0,0,4,0,0,6,0,3,0,0,0,5,0,0,0,0,0,0,0,0,3,0,0,0,0,0,0,0,0,0,0,0,0,0,0,0,0,0,0,0,0,0,0,0,0,0,0,0,0,0,0,0,0,0,0,0,0,10,4,6,5,3,0,0,10,33
SAL22569,682,3,0,0,0,0,0,52,742,592,59,27,7,5,0,0,63,743,615,169,100,30,4,0,0,58,980,326,214,286,99,21,10,3,62,1013,177,134,328,144,47,16,12,62,931,113,114,308,149,61,21,10,42,813,104,108,299,173,57,9,12,28,791,87,90,287,183,66,14,6,40,778,112,76,308,233,92,20,16,55,913,86,80,309,237,91,24,11,60,897,70,48,307,202,91,25,17,44,807,41,46,263,203,86,23,15,74,749,28,31,140,143,80,28,22,62,533,16,16,87,98,61,25,15,77,408,19,21,75,95,62,39,35,109,456,3051,1219,3121,1998,825,267,177,900,11562
SAL22570,60,0,0,0,0,0,0,4,64,33,0,0,0,0,0,0,0,38,31,7,0,0,0,0,0,3,49,12,5,8,0,0,0,0,3,33,12,11,22,11,0,0,0,4,57,13,4,30,10,6,0,0,0,63,11,7,33,18,6,0,0,0,69,6,6,37,23,4,0,0,0,86,4,3,35,11,5,0,3,8,65,5,0,28,17,5,0,0,4,64,4,5,27,26,9,0,0,0,66,4,5,23,10,12,0,0,6,52,0,0,10,9,6,0,0,0,31,0,0,4,4,0,0,0,0,10,0,0,0,0,3,0,0,0,8,193,58,260,127,55,12,6,31,744
SAL22571,30,0,0,0,0,0,0,0,30,14,0,0,0,0,0,0,0,17,5,0,3,0,0,0,0,0,11,0,5,7,3,0,0,0,0,13,0,0,6,4,0,0,0,0,17,0,0,4,4,4,0,0,0,24,0,6,3,3,0,0,0,0,18,0,0,8,14,0,0,0,0,32,0,4,10,8,4,0,0,0,21,4,0,3,3,0,0,0,4,14,4,4,7,9,0,0,0,0,19,4,0,3,0,0,0,0,0,14,0,0,0,0,0,0,0,0,3,0,0,0,0,0,0,0,0,0,0,0,0,0,0,0,0,0,0,66,22,62,49,18,3,3,4,228
SAL22572,26,0,0,0,0,0,0,0,26,110,6,0,0,0,0,0,8,124,147,13,3,0,0,0,0,8,171,132,13,4,0,0,0,0,10,172,63,14,17,0,0,0,0,8,100,42,17,14,0,0,0,0,0,76,18,8,11,4,4,0,0,3,59,17,9,12,3,0,0,0,4,41,13,0,14,8,0,0,0,0,38,13,5,13,7,0,0,0,4,45,8,3,13,4,0,0,0,5,32,0,4,12,6,0,0,0,5,33,0,9,3,0,0,0,0,5,20,4,0,4,3,0,0,0,0,10,0,0,0,0,0,0,0,0,9,594,109,122,38,15,4,0,59,943
SAL22573,4,0,0,0,0,0,0,0,4,5,0,0,0,0,0,0,0,9,0,0,0,0,0,0,0,0,5,3,0,0,0,0,0,0,0,4,5,0,0,0,0,0,0,0,3,0,0,0,0,0,0,0,0,0,0,0,3,0,0,0,0,0,3,0,0,4,3,0,0,0,0,6,6,0,3,0,0,0,0,0,6,0,0,4,3,4,0,0,0,12,0,0,0,0,0,0,0,0,4,0,0,0,0,0,0,0,0,0,0,0,0,0,0,0,0,0,5,0,0,0,0,0,0,0,0,0,0,0,0,0,0,0,0,0,0,18,3,18,12,3,0,0,6,66
SAL22574,0,0,0,0,0,0,0,0,0,0,0,0,0,0,0,0,0,0,0,0,0,0,0,0,0,0,0,0,0,0,0,0,0,0,0,7,0,0,0,0,0,0,0,0,0,0,0,0,0,0,0,0,0,3,3,0,0,0,0,0,0,0,4,0,0,0,0,0,0,0,0,0,0,0,0,0,0,0,0,0,5,4,0,0,0,0,0,0,0,7,0,0,0,0,0,0,0,0,6,0,0,0,4,0,0,0,0,5,0,0,0,0,0,0,0,0,4,0,0,0,0,0,0,0,0,0,0,0,0,0,0,0,0,0,0,12,3,8,6,0,0,0,0,34
SAL22575,0,0,0,0,0,0,0,0,0,0,0,0,0,0,0,0,0,0,0,0,0,0,0,0,0,0,0,0,0,0,0,0,0,0,0,0,0,0,0,0,0,0,0,0,0,0,0,0,0,0,0,0,0,0,0,0,0,0,0,0,0,0,0,0,0,0,0,0,0,0,0,0,0,0,0,0,0,0,0,0,0,0,0,0,0,0,0,0,0,0,0,0,0,0,0,0,0,0,0,0,0,0,0,0,0,0,0,0,0,0,0,0,0,0,0,0,0,0,0,0,0,0,0,0,0,0,0,0,0,0,0,0,0,0,0,5,0,0,0,0,0,0,0,12
SAL22576,0,0,0,0,0,0,0,0,0,0,0,0,0,0,0,0,0,0,3,0,0,0,0,0,0,0,3,0,0,0,0,0,0,0,0,4,0,0,0,0,0,0,0,0,3,0,0,0,0,0,0,0,0,3,0,0,0,0,0,0,0,0,3,0,0,0,0,0,0,0,0,0,0,0,0,0,0,0,0,0,0,0,0,0,0,0,0,0,0,3,0,0,0,0,0,0,0,0,3,0,0,0,0,0,0,0,0,0,0,0,0,0,0,0,0,0,0,0,0,0,0,0,0,0,0,0,0,0,0,0,0,0,0,0,0,3,3,5,3,4,0,0,0,21
SAL22577,19,4,0,0,0,0,0,0,17,9,0,0,0,0,0,0,5,14,14,0,0,0,0,0,0,0,17,15,3,9,0,0,0,0,4,34,9,10,10,5,0,0,0,0,27,4,0,11,5,5,0,0,0,32,8,10,10,5,5,0,0,4,50,14,8,18,6,0,0,0,5,50,14,8,21,8,0,0,0,4,64,30,11,18,16,0,0,0,0,80,18,8,26,14,7,0,0,6,81,7,6,26,7,3,0,5,4,52,3,0,20,16,0,0,0,8,43,0,3,4,6,3,0,0,12,30,5,0,0,0,3,0,0,20,31,181,66,171,92,28,7,8,68,616
SAL22578,5,0,0,0,0,0,0,0,4,0,0,0,0,0,0,0,0,0,0,0,0,0,0,0,0,0,0,0,0,4,0,0,0,0,0,6,0,0,4,0,0,0,0,0,4,0,0,3,0,0,0,0,0,3,0,0,6,0,0,0,0,0,6,0,3,6,0,0,0,0,0,7,4,5,3,0,0,0,0,0,9,0,0,0,4,0,0,0,0,7,0,0,0,0,0,0,0,0,6,0,3,0,0,0,0,0,0,6,0,0,0,0,0,0,0,0,3,0,0,0,0,0,0,0,0,6,0,0,0,0,0,0,0,0,0,15,9,21,7,0,0,0,5,70
SAL22579,6,0,0,0,0,0,0,0,6,3,0,0,0,0,0,0,0,9,0,3,0,0,0,0,0,0,3,3,0,0,0,0,0,0,0,3,0,0,0,0,0,0,0,3,7,0,0,5,0,0,0,0,0,3,0,0,0,0,0,0,0,0,9,0,0,4,0,0,0,0,0,3,0,0,7,0,0,0,0,0,8,0,0,0,0,0,0,0,0,4,0,0,0,5,0,0,0,0,5,0,0,0,0,0,0,0,0,0,0,0,0,0,0,0,0,0,5,0,0,0,0,0,0,0,0,0,0,0,0,0,0,0,0,0,0,12,3,16,14,5,0,4,10,68
SAL22580,8,0,0,0,0,0,0,0,8,3,0,0,0,0,0,0,0,3,0,0,0,0,0,0,0,0,3,0,0,0,0,0,0,0,0,5,0,0,3,3,0,0,0,0,5,0,0,0,0,0,0,0,0,4,3,0,0,0,0,0,0,0,8,0,0,0,0,0,0,0,0,3,0,0,3,0,0,0,0,0,5,0,0,0,0,0,0,0,0,3,0,0,3,0,0,0,0,0,5,0,0,0,0,0,0,0,0,0,0,0,0,0,0,0,0,0,0,0,0,0,0,0,0,0,0,0,0,0,0,0,0,0,0,0,0,12,5,12,11,7,0,0,3,55
SAL22581,4,0,0,0,0,0,0,0,4,0,0,0,0,0,0,0,0,0,0,0,0,0,0,0,0,0,0,0,0,0,0,0,0,0,0,0,0,0,0,0,0,0,0,0,0,0,0,0,0,0,0,0,0,8,0,0,0,0,0,0,0,0,0,0,0,0,0,0,0,0,0,4,0,0,0,0,5,0,0,0,5,0,0,0,0,0,0,0,0,0,0,0,0,0,0,0,0,0,0,0,0,0,0,0,0,0,0,4,0,0,0,0,0,0,0,0,0,0,0,0,0,0,0,0,0,0,0,0,0,0,0,0,0,0,0,4,3,3,5,4,0,0,5,30
SAL22582,684,3,0,0,0,0,0,96,786,688,61,23,0,0,0,0,102,880,787,322,159,52,15,4,0,148,1482,544,874,647,151,61,22,12,140,2453,310,620,980,243,96,19,33,139,2443,144,266,472,171,74,33,33,85,1266,100,128,220,99,45,30,29,47,694,76,99,151,85,38,19,27,35,524,29,60,163,78,35,13,19,28,424,25,63,131,84,38,16,13,30,408,15,43,96,54,23,13,9,18,276,8,16,60,47,16,7,5,11,175,8,7,43,25,10,11,4,4,113,0,0,14,19,3,0,6,0,40,0,0,4,5,7,0,8,9,28,3428,2563,3166,1121,467,189,178,881,11988
SAL22583,0,0,0,0,0,0,0,0,0,0,0,0,0,0,0,0,0,0,0,0,0,0,0,0,0,0,0,0,0,0,0,0,0,0,0,0,0,0,0,0,0,0,0,0,0,0,0,0,0,0,0,0,0,0,0,0,0,0,0,0,0,0,0,0,0,0,0,0,0,0,0,0,0,0,0,0,0,0,0,0,3,0,0,0,0,0,0,0,0,0,0,0,0,0,0,0,0,0,0,0,0,0,0,0,0,0,0,0,0,0,0,0,0,0,0,0,0,0,0,0,0,0,0,0,0,0,0,0,0,0,0,0,0,0,0,6,0,0,0,0,0,0,0,6
SAL22584,10,0,0,0,0,0,0,0,9,10,0,0,0,0,0,0,0,10,3,0,0,0,0,0,0,0,4,0,0,0,0,0,0,0,0,5,0,0,0,0,0,0,0,0,8,3,0,5,0,0,0,0,0,6,3,0,3,3,0,0,0,3,16,7,3,4,3,0,0,0,6,15,3,3,9,0,0,0,0,0,11,3,0,6,3,0,0,0,0,20,0,0,4,3,4,0,0,0,15,4,0,3,3,3,0,0,3,16,0,0,0,5,0,0,0,0,7,0,0,0,0,0,0,0,0,5,0,0,0,0,0,0,0,0,4,47,10,41,26,12,0,0,17,156
SAL22585,0,0,0,0,0,0,0,0,0,0,0,0,0,0,0,0,0,0,0,0,0,0,0,0,0,0,0,0,0,0,0,0,0,0,0,0,0,0,0,0,0,0,0,0,0,0,0,0,0,0,0,0,0,0,0,0,0,0,0,0,0,0,0,0,0,0,0,0,0,0,0,0,0,0,0,0,0,0,0,0,0,0,0,0,0,0,0,0,0,0,0,0,0,0,0,0,0,0,0,0,0,0,0,0,0,0,0,0,0,0,0,0,0,0,0,0,0,0,0,0,0,0,0,0,0,0,0,0,0,0,0,0,0,0,0,0,0,0,0,0,0,0,0,4
SAL22586,105,0,0,0,0,0,0,14,126,159,8,0,0,0,0,0,11,175,193,32,18,5,0,0,0,30,277,155,79,45,15,3,0,0,17,317,90,55,84,21,4,0,0,11,262,59,49,79,20,6,3,0,16,231,45,28,69,34,7,0,5,10,190,41,35,62,23,7,3,4,10,194,33,25,48,31,24,8,0,10,184,17,22,85,64,18,3,0,8,216,16,16,70,40,13,9,5,5,174,18,18,107,59,22,4,6,10,246,6,17,54,40,7,5,5,4,143,13,7,31,24,14,7,3,5,102,0,4,21,16,8,6,11,3,72,941,403,762,400,135,45,34,172,2897
SAL22587,5,0,0,0,0,0,0,0,6,8,0,0,0,0,0,0,0,10,4,5,3,0,0,0,0,0,8,0,0,9,5,0,0,0,0,13,0,4,6,4,0,0,0,0,9,0,0,6,0,0,0,0,0,5,0,0,6,0,0,0,0,3,6,0,0,5,5,0,0,0,3,17,4,0,12,0,0,0,0,3,23,0,4,5,0,4,0,0,4,24,0,0,3,4,4,0,0,0,14,0,0,7,8,0,0,0,0,12,0,3,5,0,0,0,0,3,15,0,0,0,0,0,0,0,0,4,0,0,0,0,0,0,3,0,3,28,13,46,33,15,9,10,20,178
SAL22588,0,0,0,0,0,0,0,0,0,0,0,0,0,0,0,0,0,0,0,0,0,0,0,0,0,0,0,0,0,0,0,0,0,0,0,0,0,0,0,0,0,0,0,0,0,0,0,0,0,0,0,0,0,0,0,0,0,0,0,0,0,0,0,0,0,0,0,0,0,0,0,0,0,0,0,0,0,0,0,0,0,0,0,0,0,0,0,0,0,0,0,0,0,0,0,0,0,0,0,0,0,0,0,0,0,0,0,0,0,0,0,0,0,0,0,0,0,0,0,0,0,0,0,0,0,0,0,0,0,0,0,0,0,0,0,0,0,0,0,0,0,0,0,3
SAL22589,0,0,0,0,0,0,0,0,0,0,0,0,0,0,0,0,0,0,0,0,0,0,0,0,0,0,0,0,0,0,0,0,0,0,0,3,0,0,0,0,0,0,0,0,0,0,0,0,0,0,0,0,0,0,0,0,0,0,0,0,0,0,0,0,0,0,0,0,0,0,0,5,0,0,5,0,0,0,0,0,5,0,0,0,0,0,0,0,0,0,0,0,0,0,0,0,0,0,0,0,0,0,0,0,0,0,0,0,0,0,0,0,0,0,0,0,0,0,0,0,0,0,0,0,0,0,0,0,0,0,0,0,0,0,0,0,0,8,0,0,0,0,0,14
SAL22590,0,0,0,0,0,0,0,0,0,0,0,0,0,0,0,0,0,0,0,0,0,0,0,0,0,0,0,0,0,0,0,0,0,0,0,0,0,0,0,0,0,0,0,0,0,0,0,0,0,0,0,0,0,0,0,0,0,0,0,0,0,0,0,0,0,0,0,0,0,0,0,0,0,0,0,0,0,0,0,0,0,0,0,0,0,0,0,0,0,0,0,0,0,0,0,0,0,0,0,0,0,0,0,0,0,0,0,0,0,0,0,0,0,0,0,0,0,0,0,0,0,0,0,0,0,0,0,0,0,0,0,0,0,0,0,0,0,0,0,0,0,0,0,0
SAL22591,0,0,0,0,0,0,0,0,0,0,0,0,0,0,0,0,0,0,0,0,0,0,0,0,0,0,0,0,0,0,0,0,0,0,0,0,0,0,0,0,0,0,0,0,0,0,0,0,0,0,0,0,0,0,0,0,0,0,0,0,0,0,4,5,0,0,0,0,0,0,0,0,0,0,0,0,0,0,0,0,0,0,0,0,0,0,0,0,0,0,0,0,0,0,0,0,0,0,3,0,0,0,0,0,0,0,0,0,0,0,0,0,0,0,0,0,3,0,0,0,0,0,0,0,0,0,0,0,0,0,0,0,0,0,0,10,0,4,0,0,0,0,0,17
SAL22592,0,0,0,0,0,0,0,0,0,0,0,0,0,0,0,0,0,0,0,0,0,0,0,0,0,0,0,0,0,0,0,0,0,0,0,0,0,0,0,0,0,0,0,0,0,0,0,0,0,0,0,0,0,0,0,0,0,0,0,0,0,0,0,0,0,0,4,0,0,0,0,4,0,0,0,0,0,0,0,0,0,0,0,0,0,0,0,0,0,0,0,0,0,0,0,0,0,0,0,0,0,0,0,0,0,0,0,0,0,0,0,0,0,0,0,0,0,0,0,0,0,0,0,0,0,0,0,0,0,0,0,0,0,0,0,0,0,0,8,0,0,0,0,10
SAL22593,3,0,0,0,0,0,0,0,3,0,0,0,0,0,0,0,0,0,0,0,0,0,0,0,0,0,0,0,0,0,0,0,0,0,0,0,0,0,0,0,0,0,0,0,0,0,0,0,0,0,0,0,0,4,0,0,0,0,0,0,0,0,0,0,0,0,0,0,0,0,0,6,0,0,0,0,0,0,0,0,5,0,0,0,0,6,0,0,0,6,0,0,0,0,0,0,0,0,3,0,0,0,0,0,0,0,0,0,0,0,0,0,0,0,0,0,0,0,0,0,0,0,0,0,0,0,0,0,0,0,0,0,0,0,0,10,0,3,3,5,0,0,0,28
SAL22594,106,0,0,0,0,0,0,10,114,94,4,0,0,0,0,0,3,102,76,16,4,0,0,0,0,7,100,49,25,23,22,3,0,0,0,117,14,17,31,16,0,0,0,3,87,8,8,32,25,5,0,0,0,92,20,16,51,27,8,0,0,6,126,21,18,59,27,8,3,0,7,144,12,21,56,38,5,5,5,3,135,10,12,57,30,18,0,0,7,137,14,11,41,33,20,0,0,0,113,0,12,29,20,11,5,0,3,79,3,6,20,22,6,0,0,0,59,3,4,9,8,6,0,0,0,39,0,5,10,11,11,3,0,0,36,429,153,432,276,90,23,12,57,1480
SAL22595,0,0,0,0,0,0,0,0,0,0,0,0,0,0,0,0,0,0,0,0,0,0,0,0,0,0,0,0,0,0,0,0,0,0,0,0,0,0,0,0,0,0,0,0,0,0,0,0,0,0,0,0,0,0,0,0,0,0,0,0,0,0,0,0,0,0,0,0,0,0,0,0,0,0,0,0,0,0,0,0,0,0,0,0,0,0,0,0,0,0,0,0,0,0,0,0,0,0,0,0,0,0,0,0,0,0,0,0,0,0,0,0,0,0,0,0,0,0,0,0,0,0,0,0,0,0,0,0,0,0,0,0,0,0,0,0,0,0,0,0,0,0,0,0
SAL22596,23,0,0,0,0,0,0,0,23,19,3,0,0,0,0,0,3,21,12,7,0,0,0,0,0,0,20,6,0,6,0,0,0,0,3,24,4,0,19,8,0,0,0,0,28,11,7,15,10,0,0,0,4,47,0,4,16,10,5,0,0,0,31,0,0,10,9,0,0,0,0,30,0,6,11,7,0,0,0,3,30,7,6,11,6,4,0,0,4,40,0,0,20,8,5,0,0,5,33,0,0,6,4,4,0,0,6,24,0,0,4,3,5,0,0,0,7,0,0,0,0,0,0,0,0,4,0,0,0,0,0,0,0,0,0,80,32,121,58,23,0,3,32,357
SAL22597,12,0,0,0,0,0,0,9,16,17,0,0,0,0,0,0,9,20,22,0,0,0,0,0,0,3,29,10,0,8,4,0,0,0,0,21,4,3,11,0,0,0,0,0,19,6,4,10,3,0,0,0,3,23,7,10,6,4,0,0,0,0,28,0,0,6,5,0,0,0,3,20,7,4,7,7,3,0,0,0,28,7,0,4,9,0,0,0,4,21,0,0,5,3,4,0,0,7,24,0,0,9,6,0,0,0,0,13,0,0,0,5,0,0,0,0,11,0,0,0,0,0,0,0,0,4,0,0,0,0,0,0,0,0,7,87,33,67,31,7,5,3,37,278
SAL22598,17,0,0,0,0,0,0,6,27,18,0,0,0,0,0,0,4,18,8,0,0,0,0,0,0,5,16,4,3,7,0,0,0,0,0,13,3,0,3,0,0,0,0,0,15,6,0,4,0,3,0,4,3,15,10,0,6,0,0,0,0,3,20,0,0,9,3,5,0,0,0,13,3,0,11,13,4,0,3,6,31,4,0,4,3,0,0,0,0,18,0,0,3,5,0,0,0,0,8,3,0,0,0,0,5,0,0,13,0,0,5,0,0,0,0,0,6,0,0,0,0,0,0,0,0,3,0,0,0,0,0,0,0,0,7,68,10,49,23,15,3,6,28,217
SAL22599,16,0,0,0,0,0,0,0,17,14,0,0,0,0,0,0,0,20,7,0,0,0,0,0,0,0,8,7,0,5,0,0,0,0,3,15,0,0,3,0,0,0,0,0,12,0,5,4,0,0,0,0,0,7,0,0,5,5,0,0,0,0,15,8,5,8,0,3,0,0,4,26,0,0,8,0,3,0,0,0,15,0,0,3,3,0,0,0,5,21,4,0,4,4,4,0,0,0,16,0,4,3,3,0,0,0,0,12,0,0,3,0,0,0,0,0,6,0,7,7,0,0,0,0,0,9,0,0,0,3,0,0,0,0,3,55,21,54,22,10,3,3,20,190
SAL22600,5,0,0,0,0,0,0,0,5,7,0,0,0,0,0,0,0,3,0,0,4,0,0,0,0,0,3,0,0,0,0,0,0,0,0,4,0,0,4,0,0,0,0,0,5,0,0,0,0,0,0,0,0,0,0,0,3,3,0,0,0,0,4,0,0,4,3,0,0,0,0,5,0,0,0,3,0,0,0,0,9,0,0,0,0,0,0,0,0,5,0,0,0,0,0,0,0,0,0,0,0,0,0,0,0,0,0,0,0,0,0,0,0,0,0,0,0,0,0,0,0,0,0,0,0,0,0,0,0,0,0,0,0,0,0,7,6,12,18,3,0,0,3,58
SAL22601,5,0,0,0,0,0,0,0,5,0,0,0,0,0,0,0,0,0,5,0,0,0,0,0,0,0,4,0,0,0,0,0,0,0,0,4,0,0,3,0,0,0,0,0,6,0,0,3,3,0,0,0,0,9,0,0,0,5,6,0,0,0,10,0,0,7,0,0,0,0,0,8,0,8,0,9,0,0,0,0,16,0,0,0,0,0,0,0,4,4,0,0,0,3,0,0,0,0,9,0,0,0,0,0,0,0,0,4,0,0,0,0,0,0,0,0,0,0,0,0,0,0,0,0,0,0,0,0,0,0,0,0,0,0,0,13,11,16,30,7,4,0,10,93
SAL22602,4,0,0,0,0,0,0,0,4,3,0,0,0,0,0,0,0,3,5,0,0,0,0,0,0,0,5,0,4,0,0,0,0,0,0,5,0,5,0,0,0,0,0,0,4,0,0,0,0,0,0,0,0,5,0,0,0,4,3,0,0,0,6,0,0,3,7,0,0,0,0,17,0,0,0,0,0,0,0,4,8,0,0,4,5,0,0,0,0,10,0,0,5,0,0,0,0,0,5,0,0,3,0,0,0,0,0,3,0,0,4,3,0,0,0,0,3,0,0,0,0,0,0,0,0,0,0,0,0,0,0,0,0,0,0,13,8,26,21,3,0,0,3,75
SAL22603,0,0,0,0,0,0,0,0,0,0,0,0,0,0,0,0,0,0,0,0,0,0,0,0,0,0,0,0,0,0,0,0,0,0,0,0,0,0,0,0,0,0,0,0,0,0,0,0,0,0,0,0,0,0,0,0,0,0,0,0,0,0,0,0,0,0,0,0,0,0,0,0,0,0,0,0,0,0,0,0,0,0,0,0,0,0,0,0,0,0,0,0,0,0,0,0,0,0,0,0,0,0,0,0,0,0,0,6,0,0,0,0,0,0,0,0,0,0,0,0,0,0,0,0,0,0,0,0,0,0,0,0,0,0,0,3,0,5,5,0,0,0,0,7
SAL22604,0,0,0,0,0,0,0,0,0,0,0,0,0,0,0,0,0,0,0,0,0,0,0,0,0,0,0,0,0,0,0,0,0,0,0,0,0,0,0,0,0,0,0,0,0,0,0,0,0,0,0,0,0,0,0,0,0,0,0,0,0,0,0,0,0,0,0,0,0,0,0,0,0,0,0,0,0,0,0,0,0,0,0,0,0,0,0,0,0,0,0,0,0,0,0,0,0,0,0,0,0,0,0,0,0,0,0,0,0,0,0,0,0,0,0,0,0,0,0,0,0,0,0,0,0,0,0,0,0,0,0,0,0,0,0,0,0,0,5,0,0,0,0,5
SAL22605,0,0,0,0,0,0,0,0,0,0,0,0,0,0,0,0,0,0,0,0,0,0,0,0,0,0,0,0,0,0,0,0,0,0,0,0,0,0,0,0,0,0,0,0,0,0,0,0,0,0,0,0,0,0,0,0,0,0,0,0,0,0,0,0,0,0,0,0,0,0,0,0,0,0,0,0,0,0,0,0,0,0,0,0,0,0,0,0,0,0,0,0,0,0,0,0,0,0,0,0,0,0,0,0,0,0,0,0,0,0,0,0,0,0,0,0,0,0,0,0,0,0,0,0,0,0,0,0,0,0,0,0,0,0,0,0,0,0,0,0,0,0,0,3
SAL22606,0,0,0,0,0,0,0,0,0,0,0,0,0,0,0,0,0,0,0,0,0,0,0,0,0,0,0,0,0,0,0,0,0,0,0,0,0,0,0,0,0,0,0,0,0,0,0,0,0,0,0,0,0,0,0,0,0,0,0,0,0,0,0,0,0,0,0,0,0,0,0,0,0,0,0,0,0,0,0,0,0,0,0,0,0,0,0,0,0,0,0,0,0,0,0,0,0,0,0,0,0,0,0,0,0,0,0,0,0,0,0,0,0,0,0,0,0,0,0,0,0,0,0,0,0,0,0,0,0,0,0,0,0,0,0,3,0,0,5,0,0,0,0,10
SAL22607,0,0,0,0,0,0,0,0,0,0,0,0,0,0,0,0,0,0,0,0,0,0,0,0,0,0,0,0,3,0,0,0,0,0,0,6,0,0,0,0,0,0,0,0,0,0,0,0,0,0,0,0,0,0,0,0,0,0,0,0,0,0,3,0,0,0,0,0,0,0,0,0,0,0,0,0,0,0,0,0,0,0,0,0,0,0,0,0,0,0,0,0,0,0,0,0,0,0,0,0,0,0,0,0,0,0,0,3,0,0,0,0,0,0,0,0,0,0,0,0,0,0,0,0,0,0,0,0,0,0,0,0,0,0,0,4,3,4,5,3,0,0,0,18
SAL22608,0,0,0,0,0,0,0,0,5,0,0,0,0,0,0,0,0,0,4,0,0,0,0,0,0,0,0,0,0,0,0,0,0,0,0,0,0,0,0,0,0,0,0,0,4,0,0,0,4,0,0,0,4,4,0,0,0,0,0,0,0,0,7,0,0,0,0,0,0,0,0,0,0,0,4,5,0,0,0,3,9,0,0,0,4,0,0,0,0,10,0,0,0,3,0,0,0,0,7,0,0,0,0,0,0,0,0,4,0,0,0,0,0,0,0,0,3,0,0,0,0,0,0,0,0,0,0,0,0,0,0,0,0,0,5,8,0,10,16,12,0,0,11,62
SAL22609,0,0,0,0,0,0,0,0,0,0,0,0,0,0,0,0,0,0,0,0,0,0,0,0,0,0,0,0,0,0,0,0,0,0,0,0,0,0,0,0,0,0,0,0,0,0,0,0,0,0,0,0,0,0,0,0,0,0,0,0,0,0,0,0,0,0,0,0,0,0,0,0,0,0,0,0,0,0,0,0,0,0,0,0,0,0,0,0,0,0,0,0,0,0,0,0,0,0,0,0,0,0,0,0,0,0,0,0,0,0,0,0,0,0,0,0,0,0,0,0,0,0,0,0,0,0,0,0,0,0,0,0,0,0,0,0,0,0,0,0,0,0,0,0
SAL22610,0,0,0,0,0,0,0,0,0,0,0,0,0,0,0,0,0,0,0,0,0,0,0,0,0,0,0,0,0,0,0,0,0,0,0,0,0,0,0,0,0,0,0,0,0,0,0,0,0,0,0,0,0,0,0,0,0,0,0,0,0,0,0,0,0,0,0,0,0,0,0,0,0,0,0,0,0,0,0,0,0,0,0,0,0,0,0,0,0,0,0,0,0,0,0,0,0,0,0,0,0,0,0,0,0,0,0,4,0,0,0,0,0,0,0,0,0,0,0,0,0,0,0,0,0,0,0,0,0,0,0,0,0,0,0,0,0,0,4,0,0,0,0,4
SAL22611,10,0,0,0,0,0,0,3,14,9,3,0,0,0,0,0,0,13,3,5,4,0,0,0,0,0,13,0,4,0,0,4,0,0,0,10,0,0,4,0,0,0,0,0,11,0,3,3,6,0,0,0,7,17,0,0,8,4,0,0,0,4,18,0,3,8,3,0,0,0,0,24,0,0,3,7,0,0,0,5,23,3,0,5,0,0,0,0,3,15,0,0,5,4,5,3,0,0,15,3,0,3,0,0,0,0,3,9,0,0,0,0,0,0,0,0,3,0,0,0,0,0,0,0,0,0,0,0,0,0,0,0,0,0,6,41,20,41,35,12,5,4,24,174
SAL22612,0,0,0,0,0,0,0,0,0,4,0,0,0,0,0,0,0,4,0,0,0,0,0,0,0,0,3,0,0,0,0,0,0,0,0,5,0,0,0,3,0,0,0,0,4,0,4,0,3,0,0,0,3,7,0,0,0,6,0,0,0,0,4,0,0,3,0,0,0,0,0,8,0,0,4,3,0,0,0,0,7,0,0,5,8,0,0,0,0,11,0,0,3,6,0,0,0,0,10,0,0,0,0,0,0,0,0,0,0,0,0,0,0,0,0,0,4,0,0,0,0,3,0,0,3,7,0,0,0,0,0,0,0,0,0,13,12,18,19,11,3,0,10,89
SAL22613,0,0,0,0,0,0,0,0,0,0,0,0,0,0,0,0,0,0,0,0,0,0,0,0,0,0,0,0,0,0,0,0,0,0,0,3,0,0,0,0,0,0,0,0,0,0,0,0,0,0,0,0,0,0,0,0,0,0,0,0,0,0,4,0,0,6,0,0,0,0,0,6,0,3,4,0,0,0,0,0,5,5,0,6,0,0,0,0,0,3,0,0,0,0,0,0,0,0,0,0,0,0,0,0,0,0,0,0,0,0,0,0,0,0,0,0,0,0,0,0,0,0,0,0,0,0,0,0,0,0,0,0,0,0,0,4,4,11,5,0,0,0,0,25
SAL22614,92,0,0,0,0,0,0,9,99,74,0,0,0,0,0,0,3,77,59,14,3,0,0,0,0,8,87,56,28,25,3,0,0,0,3,117,28,19,46,20,0,0,0,3,113,24,24,47,18,6,0,0,0,112,19,20,47,32,0,5,0,6,128,16,18,47,31,8,3,5,7,125,14,16,44,30,6,6,0,6,123,12,20,54,33,4,0,0,7,127,14,6,39,23,5,0,0,4,96,8,8,27,10,12,3,0,4,73,0,3,17,17,4,4,0,7,55,3,0,16,11,11,3,3,0,46,5,9,13,14,8,3,8,11,65,416,183,420,235,73,24,12,82,1452
SAL22615,4,0,0,0,0,0,0,0,5,0,0,0,0,0,0,0,0,3,0,0,0,0,0,0,0,0,0,0,0,0,0,0,0,0,0,3,0,0,0,0,4,0,0,0,0,0,0,0,0,0,0,0,0,0,0,0,0,4,0,0,0,0,5,0,0,4,3,0,0,0,0,8,4,0,5,0,0,0,0,0,6,0,0,0,0,0,0,0,0,3,0,0,0,0,0,0,0,0,0,0,0,0,4,0,0,0,0,11,0,0,0,0,0,0,0,0,0,0,0,0,0,0,0,0,0,0,0,0,0,0,0,0,0,0,0,11,3,6,14,4,0,0,7,47
SAL22616,6,0,0,0,0,0,0,0,6,0,0,0,0,0,0,0,0,0,0,0,0,0,0,0,0,0,0,0,0,0,0,0,0,0,0,4,0,0,0,0,0,0,0,0,3,4,0,0,0,0,0,0,0,8,0,0,0,0,0,0,0,0,3,0,0,0,0,0,0,0,0,8,0,3,5,0,0,0,0,0,13,0,0,0,0,0,0,0,0,4,0,0,0,0,3,0,0,0,3,0,0,4,0,0,0,0,0,4,0,0,0,5,0,0,0,0,5,0,0,0,0,0,0,0,0,0,0,0,0,0,0,0,0,0,0,15,6,10,9,4,0,0,3,49
SAL22617,8,0,0,0,0,0,0,0,8,9,0,0,0,0,0,0,0,9,3,0,0,0,3,0,0,0,3,3,5,0,0,0,0,0,0,10,0,0,0,0,4,0,0,7,8,0,0,3,4,3,0,0,0,15,6,0,0,0,0,0,0,0,6,0,0,14,0,4,0,0,0,25,4,0,6,0,0,0,0,6,15,3,0,4,3,0,0,0,4,17,0,0,3,0,0,0,0,0,8,0,0,0,0,0,0,0,0,11,0,0,3,3,0,0,0,0,7,0,0,0,0,0,0,0,0,0,0,0,0,0,0,0,0,0,0,37,16,44,22,14,0,0,15,155
SAL22618,0,0,0,0,0,0,0,0,0,0,0,0,0,0,0,0,0,0,0,0,0,0,0,0,0,0,0,0,0,0,0,0,0,0,0,0,0,0,0,0,0,0,0,0,0,0,0,0,0,0,0,0,0,0,0,0,0,0,0,0,0,0,3,0,0,0,0,0,0,0,0,0,0,0,0,0,0,0,0,3,0,0,0,0,0,0,0,0,0,0,0,0,0,0,0,0,0,0,0,0,0,0,0,0,0,0,0,0,0,0,0,0,0,0,0,0,0,0,0,0,0,0,0,0,3,3,0,0,0,0,0,0,0,0,0,0,0,3,0,0,0,0,6,17
SAL22619,0,0,0,0,0,0,0,0,0,0,0,0,0,0,0,0,0,0,0,0,0,0,0,0,0,0,0,0,0,0,0,0,0,0,0,0,0,0,0,0,0,0,0,0,0,0,0,0,0,0,0,0,0,0,0,0,0,0,0,0,0,0,0,3,0,0,0,0,0,0,0,3,0,0,0,0,0,0,0,0,0,0,0,0,0,0,0,0,0,0,0,0,0,0,0,0,0,0,0,0,0,0,0,0,0,0,0,0,0,0,0,0,0,0,0,0,0,0,0,0,0,0,0,0,0,0,0,0,0,0,0,0,0,0,0,3,0,0,0,0,0,0,0,11
SAL22620,183,0,0,0,0,0,0,11,191,151,5,0,0,0,0,0,10,168,120,11,9,0,0,0,0,6,146,99,60,52,8,0,0,0,8,229,42,37,97,33,6,0,0,4,225,41,42,132,34,12,0,0,12,267,37,50,118,46,16,5,0,5,280,38,35,105,51,17,6,0,7,261,37,26,95,70,16,8,0,6,265,23,19,87,63,25,4,0,11,235,24,19,80,51,20,6,0,5,212,15,12,60,39,24,3,0,10,170,3,10,22,18,10,4,4,5,76,0,3,5,15,3,0,0,0,36,0,0,7,7,8,0,0,5,38,820,342,879,433,159,41,12,105,2790
SAL22621,0,0,0,0,0,0,0,0,5,5,0,0,0,0,0,0,0,5,0,0,0,0,0,0,0,5,6,0,0,0,0,0,0,0,0,3,6,0,0,0,0,0,0,0,5,0,0,4,4,0,0,0,0,3,0,0,4,0,0,0,0,0,4,0,0,0,0,0,0,0,0,4,0,0,7,0,0,0,0,0,7,0,0,3,4,0,0,0,0,7,5,6,0,0,0,0,0,0,12,0,0,0,3,0,0,0,0,9,0,0,0,0,0,0,0,0,0,0,0,0,0,0,0,0,0,0,0,0,0,4,0,0,0,0,5,13,11,21,19,5,0,0,5,73
SAL22622,0,0,0,0,0,0,0,0,0,0,0,0,0,0,0,0,0,0,0,0,0,0,0,0,0,0,0,0,0,0,0,0,0,0,0,0,0,0,0,5,0,0,0,0,5,0,0,0,0,0,0,0,0,0,0,0,0,0,0,0,0,0,0,0,0,0,0,0,0,0,0,0,0,0,0,0,0,0,0,0,0,0,0,0,0,0,0,0,0,0,0,0,0,0,0,0,0,0,3,0,0,0,0,0,0,0,0,0,0,0,0,0,0,0,0,0,0,0,0,0,0,0,0,0,0,0,0,0,0,0,0,0,0,0,0,6,0,0,4,3,0,0,0,15
SAL22623,0,0,0,0,0,0,0,0,0,0,0,0,0,0,0,0,0,0,0,0,0,0,0,0,0,0,0,0,0,0,0,0,0,0,0,0,0,0,0,0,0,0,0,0,0,0,0,0,0,0,0,0,0,0,6,0,0,0,0,0,0,0,3,0,0,0,0,0,0,0,0,0,0,0,0,0,0,0,0,0,3,0,0,0,0,0,0,0,0,0,0,0,0,0,0,0,0,0,3,0,0,0,0,0,0,0,0,0,0,0,0,0,0,0,0,0,0,0,0,0,0,0,0,0,0,0,0,0,0,0,0,0,0,0,0,12,0,4,4,0,0,0,0,25
SAL22624,9,0,0,0,0,0,0,0,9,5,0,0,0,0,0,0,0,9,0,0,0,0,0,0,0,0,3,0,0,0,0,0,0,0,0,3,0,0,4,5,0,0,0,0,11,0,0,0,0,0,0,0,0,0,0,0,0,5,0,0,0,0,9,0,0,3,3,0,0,0,0,9,0,0,5,3,0,0,0,0,9,0,0,0,0,0,0,0,0,6,0,0,0,0,0,0,0,0,0,0,0,0,0,0,0,0,0,7,0,0,0,0,0,0,0,0,4,0,0,0,0,0,0,0,0,0,0,0,0,0,0,0,0,0,0,12,7,16,17,4,4,0,5,75
SAL22625,15,0,0,0,0,0,0,0,16,9,0,0,0,0,0,0,3,6,8,0,0,0,0,0,0,0,14,7,7,5,0,0,0,0,0,20,7,3,7,9,0,0,0,0,26,5,3,4,4,0,0,0,0,17,0,3,8,7,0,0,0,0,29,8,0,16,0,9,0,0,3,32,9,4,21,5,4,0,0,4,48,15,3,24,17,4,0,0,6,63,10,0,18,13,0,3,0,4,62,6,0,18,9,7,0,0,5,45,5,3,12,4,6,0,0,0,34,0,0,7,0,0,0,0,0,13,0,0,4,0,4,3,3,0,16,101,37,145,81,34,8,3,30,434
SAL22626,6,0,0,0,0,0,0,0,12,6,0,0,0,0,0,0,3,4,12,3,4,0,0,0,0,8,20,8,0,4,0,0,0,0,0,10,4,9,8,0,0,0,0,0,17,14,3,6,3,0,0,0,3,25,8,3,5,6,0,0,0,0,21,6,8,12,0,4,0,0,0,28,3,7,14,11,0,0,0,10,45,10,9,21,8,0,0,4,0,45,8,6,17,15,3,0,0,3,52,0,0,13,15,9,0,0,4,45,0,0,8,10,6,0,0,0,30,0,0,0,0,4,0,0,0,9,0,0,0,0,0,0,0,0,3,87,47,116,69,25,5,3,34,381
SAL22627,371,0,0,0,0,0,0,3,380,205,0,0,0,0,0,0,9,222,151,15,11,0,0,0,0,12,192,132,65,66,11,6,0,0,8,289,70,98,252,40,3,0,0,8,479,40,94,247,50,14,0,0,10,459,46,68,227,73,18,3,0,8,439,43,74,148,76,9,0,3,13,366,35,58,122,50,11,0,3,6,287,46,49,104,60,23,5,3,4,287,41,57,118,37,28,3,4,11,294,12,31,108,58,15,9,3,11,243,20,21,93,74,21,8,9,16,256,7,19,65,53,22,3,5,11,177,17,10,37,36,18,6,18,18,153,1245,657,1609,616,172,40,41,145,4528
SAL22628,324,0,0,0,0,0,0,12,339,354,4,0,0,0,0,0,23,383,219,13,5,6,0,0,0,10,252,119,76,78,14,0,0,0,14,295,64,80,143,22,5,0,0,12,326,48,80,184,45,5,4,0,12,385,51,73,181,68,14,8,0,9,404,33,71,210,85,14,3,0,3,433,36,58,189,86,21,0,4,13,405,40,76,144,79,23,7,0,9,380,33,72,183,117,28,8,3,14,450,33,48,215,95,36,0,0,17,443,22,24,133,93,34,10,3,26,333,15,14,75,55,28,7,6,37,233,17,17,68,50,26,9,17,128,323,1409,701,1800,817,230,49,29,332,5370
SAL22629,0,0,0,0,0,0,0,0,0,0,0,0,0,0,0,0,0,0,0,0,0,0,0,0,0,0,0,0,0,0,0,0,0,0,0,0,0,0,0,0,0,0,0,0,0,0,0,0,0,0,0,0,0,0,0,0,0,0,0,0,0,0,0,0,0,0,0,0,0,0,0,0,0,0,0,0,0,0,0,0,0,0,0,0,0,0,0,0,0,3,0,0,0,0,0,0,0,0,0,0,0,0,0,0,0,0,0,5,0,0,0,0,0,0,0,0,0,0,0,0,0,0,0,0,0,0,0,0,0,0,0,0,0,0,0,6,3,0,5,0,0,0,3,15
SAL22630,0,0,0,0,0,0,0,0,0,0,0,0,0,0,0,0,0,0,0,0,0,0,0,0,0,0,0,0,0,0,0,0,0,0,0,0,0,0,0,0,0,0,0,0,0,0,0,0,0,0,0,0,0,0,0,0,0,0,0,0,0,0,0,0,0,0,0,0,0,0,0,6,0,0,0,0,0,0,0,0,0,0,0,0,0,0,0,0,0,0,0,0,4,0,0,0,0,0,3,0,0,0,3,0,0,0,0,0,0,0,0,0,0,0,0,0,0,0,0,0,0,0,0,0,0,0,0,0,0,0,0,0,0,0,0,4,0,9,6,3,0,0,0,19
SAL22631,0,0,0,0,0,0,0,0,0,0,0,0,0,0,0,0,0,0,0,0,0,0,0,0,0,0,0,0,0,0,0,0,0,0,0,0,0,0,0,0,0,0,0,0,0,0,0,0,0,0,0,0,0,0,0,0,0,0,0,0,0,0,0,0,0,0,0,0,0,0,0,0,0,0,0,0,0,0,0,0,0,0,0,0,0,0,0,0,0,0,0,0,0,0,0,0,0,0,0,0,0,0,0,0,0,0,0,0,0,0,0,0,0,0,0,0,0,0,0,0,0,0,0,0,0,0,0,0,0,0,0,0,0,0,0,0,0,0,0,0,0,0,0,6
SAL22632,0,0,0,0,0,0,0,0,0,0,0,0,0,0,0,0,0,0,0,0,0,0,0,0,0,0,0,0,0,0,0,0,0,0,0,0,0,0,0,0,0,0,0,0,0,0,0,0,0,0,0,0,0,5,0,0,0,0,0,0,0,0,0,0,0,0,0,0,0,0,0,0,0,0,0,0,0,0,0,0,3,0,0,0,0,0,0,0,0,4,0,0,0,5,0,0,0,0,6,0,0,0,0,0,0,0,0,0,0,0,0,0,0,0,0,0,5,0,0,0,0,0,0,0,0,0,0,0,4,0,0,0,0,0,4,7,4,8,4,0,0,0,5,25
SAL22633,191,0,0,0,0,0,0,9,198,149,5,0,0,0,0,0,9,160,86,9,4,0,0,0,0,0,100,56,26,33,0,0,0,0,7,124,27,46,116,31,5,3,0,4,237,33,38,144,40,10,4,0,5,275,22,41,161,58,4,4,0,3,299,30,45,120,49,11,7,0,0,258,26,33,105,37,13,0,0,4,222,31,25,93,29,13,8,0,3,209,17,29,78,38,3,0,0,7,181,15,27,85,43,21,0,0,7,204,10,15,74,53,21,0,6,4,179,8,9,39,49,18,11,4,3,148,3,6,23,23,12,5,4,5,82,717,353,1087,459,133,41,13,74,2876
SAL22634,9,0,0,0,0,0,0,0,6,5,0,0,0,0,0,0,0,3,0,0,0,0,0,0,0,0,4,0,0,0,0,0,0,0,0,0,0,0,0,0,0,0,0,0,0,0,0,4,0,0,0,0,0,6,0,0,6,4,0,0,0,0,10,0,4,0,0,0,0,0,0,9,0,0,0,4,0,0,0,0,4,0,0,4,3,0,0,0,0,7,0,0,0,5,0,0,0,0,6,0,0,3,0,0,0,0,0,4,0,0,0,0,0,0,0,0,0,0,0,0,0,0,0,0,0,0,0,0,0,0,0,0,0,0,0,13,5,13,25,4,0,4,5,62
SAL22635,17,0,0,0,0,0,0,3,23,8,0,0,0,0,0,0,0,9,11,0,3,0,0,0,0,0,13,5,0,0,3,0,0,0,0,12,6,4,7,4,0,0,0,4,24,9,4,3,3,0,0,0,0,22,3,3,4,7,6,0,0,4,22,12,10,14,0,0,0,0,0,31,14,9,13,4,4,3,0,0,49,10,3,21,16,8,0,0,12,64,5,7,9,5,3,0,0,0,39,0,0,17,7,4,3,0,4,43,9,4,9,5,3,3,0,0,33,6,0,0,4,7,0,0,0,18,5,3,12,8,5,0,0,5,35,103,54,113,63,45,8,8,43,439
SAL22636,0,0,0,0,0,0,0,0,0,0,0,0,0,0,0,0,0,0,0,0,0,0,0,0,0,0,0,0,0,0,0,0,0,0,0,3,0,0,0,0,0,0,0,0,4,0,0,0,0,0,0,0,0,0,0,0,0,0,0,0,0,0,5,0,0,0,0,0,0,0,0,0,0,0,0,0,0,0,0,0,3,0,0,0,0,0,0,0,0,0,0,0,0,0,0,0,0,0,0,0,0,0,0,0,0,0,0,0,0,0,0,0,0,0,0,0,0,0,0,0,0,0,0,0,0,0,0,0,0,0,0,0,0,0,0,3,0,8,4,0,0,0,0,17
SAL22637,0,0,0,0,0,0,0,0,0,0,0,0,0,0,0,0,0,0,0,0,0,0,0,0,0,0,0,0,0,0,0,0,0,0,0,0,0,0,0,0,0,0,0,0,0,0,0,0,0,0,0,0,0,0,0,0,0,0,0,0,0,0,0,0,0,0,0,0,0,0,0,0,0,0,0,0,0,0,0,0,0,0,0,0,0,0,0,0,0,0,0,0,0,0,0,0,0,0,0,0,0,3,0,0,0,0,0,4,0,0,0,0,0,0,0,0,0,0,0,0,0,0,0,0,0,0,0,0,0,0,0,0,0,0,0,0,3,5,0,0,0,0,0,13
SAL22638,0,0,0,0,0,0,0,0,0,0,0,0,0,0,0,0,0,0,0,0,0,0,0,0,0,0,0,0,0,0,0,0,0,0,0,0,0,0,0,0,0,0,0,0,0,0,0,0,0,0,0,0,0,0,0,0,0,0,0,0,0,0,0,0,0,0,0,0,0,0,0,0,0,0,0,0,0,0,0,0,0,0,0,0,0,0,0,0,0,5,3,0,6,0,0,0,0,0,5,0,0,0,0,0,0,0,0,0,0,0,0,0,0,0,0,0,0,0,0,0,0,0,0,0,0,0,0,0,0,0,0,0,0,0,0,11,4,10,0,0,0,0,0,22
SAL22639,12,0,0,0,0,0,0,4,13,4,0,0,0,0,0,0,0,7,4,3,0,0,0,0,0,0,15,0,4,4,4,0,0,0,0,17,3,0,7,0,0,0,0,0,17,0,0,0,0,0,0,0,0,6,0,0,3,7,0,0,0,0,12,0,5,0,4,0,0,0,0,12,0,0,8,6,5,0,0,4,17,0,0,3,6,4,0,0,0,14,0,0,0,0,4,0,0,0,8,0,0,3,5,0,3,0,0,10,0,0,0,0,0,0,0,0,0,0,0,0,0,0,0,0,0,0,0,0,0,0,5,0,0,0,5,26,16,36,34,20,3,4,8,152
SAL22640,0,0,0,0,0,0,0,0,0,0,0,0,0,0,0,0,0,0,0,0,0,0,0,0,0,0,0,0,0,0,0,0,0,0,0,3,0,0,0,0,0,0,0,0,0,0,0,3,0,0,0,0,0,3,0,0,0,0,0,0,0,0,5,0,0,0,0,0,0,0,0,4,0,0,0,3,0,0,0,0,0,0,0,0,0,0,0,0,0,0,0,0,0,3,0,0,0,0,3,0,0,0,0,0,0,0,0,0,0,0,0,0,0,0,0,0,0,0,0,0,0,0,0,0,0,0,0,0,0,0,0,0,0,0,0,6,0,6,3,0,0,0,7,23
SAL22641,0,0,0,0,0,0,0,0,0,0,0,0,0,0,0,0,0,0,0,0,0,0,0,0,0,0,0,0,0,0,0,0,0,0,0,0,0,0,0,0,0,0,0,0,0,0,0,0,0,0,0,0,0,0,0,0,0,0,0,0,0,0,0,0,0,0,0,0,0,0,0,0,0,0,0,0,0,0,0,0,0,0,0,0,0,0,0,0,0,0,0,0,0,0,0,0,0,0,0,0,0,0,0,0,0,0,0,0,0,0,0,0,0,0,0,0,0,0,0,0,0,0,0,0,0,0,0,0,0,0,0,0,0,0,0,0,0,0,0,0,0,0,0,0
SAL22642,0,0,0,0,0,0,0,0,0,0,0,0,0,0,0,0,0,0,0,0,0,0,0,0,0,0,0,0,0,0,0,0,0,0,0,0,0,0,0,0,0,0,0,0,0,0,0,0,0,0,0,0,0,0,0,0,0,0,0,0,0,0,0,0,0,0,0,0,0,0,0,0,0,0,0,0,0,0,0,0,0,0,0,0,0,0,0,0,0,0,0,0,0,0,0,0,0,0,0,0,0,0,0,0,0,0,0,0,0,0,0,0,0,0,0,0,0,0,0,0,0,0,0,0,0,0,0,0,0,0,0,0,0,0,0,0,0,0,0,0,0,0,0,0
SAL22643,0,0,0,0,0,0,0,0,0,0,0,0,0,0,0,0,0,0,0,0,0,0,0,0,0,0,0,0,0,0,0,0,0,0,0,0,0,0,0,0,0,0,0,0,0,0,0,0,0,0,0,0,0,0,0,0,0,0,0,0,0,0,0,0,0,3,0,0,0,0,0,3,0,0,0,4,0,0,0,0,3,0,0,0,0,0,0,0,0,5,0,0,0,0,0,0,0,0,3,0,0,0,0,0,0,0,0,0,0,0,0,0,0,0,0,0,3,0,0,0,0,0,0,0,0,0,0,0,0,0,0,0,0,0,3,7,0,11,9,0,0,0,0,20
SAL22644,28,0,0,0,0,0,0,5,27,19,0,0,0,0,0,0,0,21,12,5,0,0,0,0,0,0,21,5,3,6,5,0,0,0,0,24,0,8,13,9,0,0,0,0,32,3,8,7,8,3,0,0,4,35,9,4,10,9,0,0,3,3,36,9,8,9,5,7,0,0,3,42,4,4,16,6,3,0,0,0,34,9,4,22,5,6,0,0,0,48,6,4,8,13,0,5,0,0,37,6,4,17,18,9,0,0,4,53,3,0,3,10,0,0,0,4,19,0,0,0,0,3,0,0,4,12,0,0,0,0,3,0,3,0,14,98,49,118,92,30,11,10,25,444
SAL22645,0,0,0,0,0,0,0,0,0,0,0,0,0,0,0,0,0,0,5,0,0,0,0,0,0,0,5,0,0,0,0,0,0,0,0,0,0,0,0,0,0,0,0,0,0,0,0,4,0,0,0,0,0,5,3,0,0,0,0,0,0,0,3,0,0,0,0,0,0,0,0,5,0,0,0,0,0,0,0,0,0,0,0,4,0,0,0,0,0,7,0,0,9,0,0,0,0,0,8,0,0,0,0,0,0,0,0,0,0,0,0,0,0,0,0,0,0,0,0,0,0,0,0,0,0,3,0,0,0,0,0,0,0,0,0,8,7,12,7,3,0,0,0,38
SAL22646,0,0,0,0,0,0,0,0,0,0,0,0,0,0,0,0,0,0,0,0,0,0,0,0,0,0,4,0,0,0,0,0,0,0,0,4,0,0,0,0,0,0,0,0,0,0,0,0,0,0,0,0,0,0,0,0,0,0,0,0,0,0,0,0,0,0,0,0,0,0,0,0,0,0,0,0,0,0,0,0,0,0,0,0,0,0,0,0,0,5,0,0,0,0,0,0,0,0,0,0,0,0,0,0,0,0,0,0,0,0,0,0,0,0,0,0,0,0,0,0,0,0,0,0,0,0,0,0,0,0,0,0,0,0,0,10,0,4,3,4,0,0,0,20
SAL22647,4,0,0,0,0,0,0,0,4,0,0,0,0,0,0,0,0,0,0,0,0,0,0,0,0,0,0,0,0,0,0,0,0,0,0,4,0,0,0,0,0,0,0,0,0,0,0,0,0,0,0,0,0,3,0,0,0,0,0,0,0,0,3,0,0,0,0,0,0,0,0,3,0,0,0,0,0,0,0,0,0,0,0,0,0,0,0,0,0,4,0,0,0,0,0,0,0,0,3,0,0,0,0,0,0,0,0,0,0,0,0,0,0,0,0,0,6,0,0,0,0,0,0,0,0,0,0,0,0,0,0,0,0,0,0,10,4,5,7,0,0,0,4,26
SAL22648,0,0,0,0,0,0,0,0,0,0,0,0,0,0,0,0,0,0,0,0,0,0,0,0,0,0,3,0,0,0,0,0,0,0,0,0,0,0,0,0,0,0,0,0,0,0,0,0,0,0,0,0,0,0,0,0,0,0,0,0,0,0,0,0,0,0,0,0,0,0,0,0,0,0,0,0,0,0,0,0,0,0,0,0,0,0,0,0,0,0,0,0,0,0,0,0,0,0,0,0,0,0,0,0,0,0,0,0,0,0,0,0,0,0,0,0,0,0,0,0,0,0,0,0,0,0,0,0,0,0,0,0,0,0,0,0,0,0,3,0,0,0,0,16
SAL22649,0,0,0,0,0,0,0,0,0,0,0,0,0,0,0,0,0,0,0,0,0,0,0,0,0,0,0,0,0,0,0,0,0,0,0,3,0,0,0,0,0,0,0,0,0,0,0,0,0,0,0,0,0,0,0,0,0,0,0,0,0,0,0,0,0,0,0,0,0,0,0,0,0,0,0,0,0,0,0,0,3,0,0,0,0,0,0,0,0,0,0,0,0,0,0,0,0,0,0,0,0,0,0,0,0,0,0,0,0,0,0,0,0,0,0,0,0,0,0,0,0,0,0,0,0,0,0,0,0,0,0,0,0,0,0,4,3,4,3,0,0,0,0,16
SAL22650,25,0,0,0,0,0,0,0,25,3,0,0,0,0,0,0,0,3,3,0,3,0,0,0,0,0,10,0,4,3,3,0,0,0,0,17,0,0,6,0,0,0,0,0,11,3,0,13,8,0,0,0,0,21,6,0,10,10,4,0,0,0,32,4,5,7,13,0,0,0,0,30,5,0,7,9,3,0,0,0,24,0,0,14,12,4,0,0,0,33,0,0,14,5,0,0,0,0,20,0,0,6,10,4,0,0,0,24,0,0,0,3,0,0,0,3,8,0,0,0,0,5,0,0,0,7,0,0,3,0,0,0,0,0,3,43,16,82,81,21,3,3,11,259
SAL22651,0,0,0,0,0,0,0,0,0,0,0,0,0,0,0,0,0,0,0,0,0,0,0,0,0,0,0,0,0,0,0,0,0,0,0,0,0,0,0,0,0,0,0,0,0,0,0,0,0,0,0,0,0,0,0,0,0,0,0,0,0,0,0,0,0,0,0,0,0,0,0,0,0,0,0,0,0,0,0,0,4,0,0,0,3,0,0,0,0,3,0,0,0,0,0,0,0,0,0,0,0,0,0,0,0,0,0,5,0,0,0,0,0,0,0,0,0,0,0,0,0,0,0,0,0,0,0,0,0,0,0,0,0,0,0,3,0,4,8,0,0,0,0,12
SAL22652,0,0,0,0,0,0,0,0,0,0,0,0,0,0,0,0,0,0,0,0,0,0,0,0,0,0,0,0,0,0,0,0,0,0,0,0,0,0,0,0,0,0,0,0,0,0,0,0,0,0,0,0,0,0,0,0,0,0,0,0,0,0,0,0,0,0,0,0,0,0,0,0,0,0,0,0,0,0,0,0,0,0,0,0,0,0,0,0,0,0,0,0,0,0,0,0,0,0,0,0,0,0,0,0,0,0,0,0,0,0,0,0,0,0,0,0,0,0,0,0,0,0,0,0,0,0,0,0,0,0,0,0,0,0,0,0,0,0,0,0,0,0,0,0
SAL22653,0,0,0,0,0,0,0,0,0,0,0,0,0,0,0,0,0,0,0,0,0,0,0,0,0,0,0,0,0,0,0,0,0,0,0,5,0,0,0,0,0,0,0,0,0,0,0,4,0,0,0,0,3,3,0,0,0,0,0,0,0,0,0,0,0,3,0,0,0,0,0,6,0,0,6,0,0,0,0,0,10,0,0,4,0,0,0,0,3,13,0,0,5,0,0,0,0,0,6,0,0,0,0,0,0,0,0,3,0,0,0,0,0,0,0,0,4,0,0,0,0,0,0,0,0,4,0,0,0,0,0,0,0,0,0,11,0,17,6,4,0,0,13,52
SAL22654,0,0,0,0,0,0,0,0,0,0,0,0,0,0,0,0,0,0,0,0,0,0,0,0,0,0,0,0,0,0,0,0,0,0,0,0,0,0,0,0,0,0,0,0,0,0,0,0,0,0,0,0,0,0,0,0,0,0,0,0,0,0,0,0,0,0,0,0,0,0,0,0,0,0,0,0,0,0,0,0,0,0,0,0,0,0,0,0,0,0,0,0,0,0,0,0,0,0,0,0,0,0,0,0,0,0,0,0,0,0,0,0,0,0,0,0,0,0,0,0,0,0,0,0,0,0,0,0,0,0,0,0,0,0,0,0,0,0,0,0,0,0,0,3
SAL22655,0,0,0,0,0,0,0,0,0,0,0,0,0,0,0,0,0,0,0,0,0,0,0,0,0,0,0,0,0,0,0,0,0,0,0,0,0,0,0,0,0,0,0,0,0,0,0,0,0,0,0,0,0,0,0,0,0,0,0,0,0,0,0,0,0,0,0,0,0,0,0,0,0,0,0,0,0,0,0,0,0,0,0,0,0,0,0,0,0,0,0,0,0,0,0,0,0,0,0,0,0,0,0,0,0,0,0,0,0,0,0,0,0,0,0,0,0,0,0,0,0,0,0,0,0,0,0,0,0,0,0,0,0,0,0,0,0,0,0,0,0,0,0,3
SAL22656,7,0,0,0,0,0,0,0,5,10,0,0,0,0,0,0,0,10,3,0,3,0,0,0,0,0,5,0,0,0,0,0,0,0,0,3,0,0,0,3,0,0,0,0,5,0,0,0,0,0,0,0,0,6,5,0,4,0,0,0,0,0,11,0,0,5,3,0,0,0,0,7,0,0,3,0,0,0,0,0,7,0,0,3,0,0,0,0,3,16,4,0,3,0,0,0,0,0,10,0,0,0,0,0,0,0,0,3,0,0,0,0,0,0,0,0,0,0,0,0,0,0,0,0,3,3,0,0,0,0,0,0,0,0,0,24,7,24,13,3,3,3,11,86
SAL22657,7,0,0,0,0,0,0,0,7,0,0,0,0,0,0,0,0,0,6,0,0,0,0,0,0,0,6,0,0,0,0,0,0,0,0,0,0,0,0,0,0,0,0,0,6,0,0,0,0,0,0,0,0,0,0,0,0,3,0,0,0,0,7,0,0,4,0,0,0,0,0,3,0,0,0,0,0,0,0,0,0,0,0,0,0,0,0,0,0,4,0,0,0,0,0,0,0,0,0,0,0,0,0,0,0,0,0,0,0,0,0,0,0,0,0,0,0,0,0,0,0,0,0,0,0,0,0,0,0,0,0,0,0,0,0,15,9,14,8,0,0,0,0,37
SAL22658,0,0,0,0,0,0,0,0,0,0,0,0,0,0,0,0,0,0,0,0,0,0,0,0,0,0,0,0,0,0,0,0,0,0,0,0,0,0,0,0,0,0,0,0,0,0,0,0,0,0,0,0,0,0,0,0,0,0,0,0,0,0,0,0,0,0,0,0,0,0,0,0,0,0,0,0,0,0,0,0,0,0,0,0,0,0,0,0,0,0,0,0,0,0,0,0,0,0,0,0,0,0,0,0,0,0,0,0,0,0,0,0,0,0,0,0,0,0,0,0,0,0,0,0,0,0,0,0,0,0,0,0,0,0,0,0,0,0,0,0,0,0,0,0
SAL22659,0,0,0,0,0,0,0,0,0,0,0,0,0,0,0,0,0,0,0,0,0,0,0,0,0,0,0,0,0,0,0,0,0,0,0,0,0,0,0,0,0,0,0,0,0,0,0,0,0,0,0,0,0,0,0,0,0,0,0,0,0,0,0,0,0,0,0,0,0,0,0,0,0,0,0,0,0,0,0,0,0,0,0,0,0,0,0,0,0,0,0,0,0,0,0,0,0,0,0,0,0,0,0,0,0,0,0,0,0,0,0,0,0,0,0,0,0,0,0,0,0,0,0,0,0,0,0,0,0,0,0,0,0,0,0,0,0,0,0,5,0,0,0,4
SAL22660,0,0,0,0,0,0,0,0,0,0,0,0,0,0,0,0,0,0,0,0,0,0,0,0,0,0,0,0,0,0,0,0,0,0,0,0,0,0,0,0,0,0,0,0,0,0,0,0,0,0,0,0,0,0,0,0,0,0,0,0,0,0,0,0,0,0,0,0,0,0,0,0,0,0,0,0,0,0,0,0,0,0,0,0,0,0,0,0,0,0,0,0,0,0,0,0,0,0,0,0,0,0,0,0,0,0,0,0,0,0,0,0,0,0,0,0,0,0,0,0,0,0,0,0,0,0,0,0,0,0,0,0,0,0,0,6,0,0,0,0,0,0,0,5
SAL22661,389,3,0,0,0,0,0,51,441,314,43,9,0,0,0,0,29,400,320,123,90,31,10,0,0,43,622,180,192,200,68,19,8,3,38,714,105,118,233,117,26,5,7,27,645,73,59,182,109,39,12,14,22,506,51,74,154,96,39,15,10,15,452,57,49,163,107,43,10,10,21,464,46,42,153,99,40,10,3,19,407,33,30,132,96,26,13,4,11,356,16,24,80,83,34,7,6,13,265,12,23,83,53,21,6,5,5,207,5,12,37,35,13,4,9,10,126,3,0,10,12,8,6,4,8,55,0,3,16,15,3,4,8,0,43,1618,796,1545,920,342,103,72,313,5701
SAL22662,0,0,0,0,0,0,0,0,0,0,0,0,0,0,0,0,0,0,4,0,0,0,0,0,0,0,4,0,0,0,0,0,0,0,0,0,0,0,0,0,0,0,0,0,0,0,0,0,0,0,0,0,0,0,0,0,0,0,0,0,0,0,0,0,0,0,0,0,0,0,0,0,0,0,0,0,0,0,0,0,0,0,0,0,0,0,0,0,0,0,0,0,0,0,0,0,0,0,0,0,0,0,0,0,0,0,0,4,0,0,0,0,0,0,0,0,0,0,0,0,0,0,0,0,0,0,0,0,0,0,0,0,0,0,0,3,0,0,3,0,3,0,0,14
SAL22663,49,0,0,0,0,0,0,8,51,26,0,0,0,0,0,0,10,35,15,0,3,0,0,0,0,0,24,9,0,0,0,0,0,0,5,20,0,3,9,3,0,0,0,0,24,0,8,27,9,0,0,0,3,49,6,8,22,13,3,0,0,3,67,5,6,21,13,5,0,0,0,51,7,6,26,14,3,0,0,7,63,5,3,14,16,9,0,0,0,50,9,3,21,16,0,3,0,5,59,4,3,11,14,4,5,0,0,44,3,0,10,5,5,0,0,4,28,0,0,9,10,3,4,0,0,35,9,7,16,17,8,8,3,3,60,142,58,201,138,47,11,8,55,650
SAL22664,0,0,0,0,0,0,0,0,0,0,0,0,0,0,0,0,0,0,0,0,0,0,0,0,0,0,3,0,0,0,0,0,0,0,0,0,0,0,0,0,0,0,0,0,0,0,0,0,0,0,0,0,0,0,0,0,0,0,0,0,0,0,0,0,0,0,0,0,0,0,0,0,0,0,0,0,0,0,0,0,0,0,0,0,0,0,0,0,0,0,0,0,0,0,0,0,0,0,0,0,0,0,0,0,0,0,0,0,0,0,0,0,0,0,0,0,0,0,0,0,0,0,0,0,0,0,0,0,0,0,0,0,0,0,0,0,7,0,4,0,0,0,0,9
SAL22665,0,0,0,0,0,0,0,0,0,3,0,0,0,0,0,0,0,3,7,0,0,0,0,0,0,0,3,4,0,0,0,0,0,0,0,8,3,0,0,0,0,0,0,0,3,0,0,5,0,0,0,0,0,4,3,0,0,5,0,0,0,0,11,6,0,0,0,3,0,0,0,15,0,4,3,0,4,0,0,0,9,0,0,4,6,0,0,0,0,18,4,0,5,5,0,0,0,0,12,0,3,5,0,0,0,0,4,7,0,0,5,0,0,0,0,0,4,0,0,0,0,0,0,0,0,4,0,0,0,0,0,0,0,0,7,29,14,33,16,10,5,0,7,112
SAL22666,4,0,0,0,0,0,0,3,5,0,0,0,0,0,0,0,0,0,0,0,0,0,0,0,0,0,3,0,0,0,0,0,0,0,0,5,4,0,3,0,0,0,0,4,8,0,0,5,0,0,0,0,0,8,0,0,0,0,0,0,0,0,0,4,0,0,0,0,0,0,0,6,0,0,3,0,0,0,0,3,9,0,0,3,3,0,0,0,0,5,0,0,5,4,0,0,0,0,9,0,0,4,4,0,0,0,0,8,0,0,0,0,0,0,0,0,0,0,0,0,0,0,0,0,0,3,0,0,0,0,0,0,0,0,0,11,0,23,14,5,0,0,5,62
SAL22667,0,0,0,0,0,0,0,0,3,0,0,0,0,0,0,0,0,0,0,0,0,0,0,0,0,3,6,0,0,0,0,0,0,0,0,0,0,0,0,0,0,0,0,0,6,0,0,0,0,0,0,0,0,5,0,0,0,0,0,0,0,0,5,0,0,6,0,0,0,0,0,5,0,0,4,0,0,0,0,0,7,0,0,0,0,3,0,0,4,13,0,0,0,4,0,0,0,4,14,0,0,0,0,5,0,0,0,5,0,0,0,0,0,0,0,0,0,0,0,0,0,0,0,0,0,0,0,0,0,0,0,0,0,0,0,8,6,12,13,10,4,0,19,73
SAL22668,0,0,0,0,0,0,0,0,0,3,0,0,0,0,0,0,0,0,0,0,0,0,0,0,0,0,3,0,0,0,0,0,0,0,0,0,0,0,0,0,0,0,0,0,0,0,0,0,0,0,0,0,0,3,0,0,0,0,0,0,0,0,5,4,0,0,0,0,0,0,0,6,0,0,6,0,0,0,0,0,8,3,0,9,3,3,0,0,0,11,4,0,5,0,4,0,0,3,22,0,3,5,3,5,0,0,6,15,0,0,0,0,0,0,0,0,0,0,0,0,0,0,0,0,0,0,0,0,0,5,0,0,0,0,3,13,12,24,15,9,0,3,7,82
SAL22669,80,0,0,0,0,0,0,3,85,59,0,0,0,0,0,0,0,64,55,9,0,0,0,0,0,5,67,19,15,16,9,0,0,0,0,57,9,5,27,11,0,0,0,0,56,9,4,36,20,3,0,0,3,77,5,11,34,20,8,0,0,0,81,6,3,35,28,9,0,0,0,86,10,9,40,21,4,0,0,0,80,4,6,33,31,12,3,0,5,95,6,4,30,17,3,5,0,0,60,3,5,30,19,7,0,0,0,62,3,4,9,11,0,0,0,0,24,0,0,4,0,0,0,0,0,8,0,4,0,7,0,0,6,0,15,255,80,299,189,45,10,0,26,907
SAL22670,0,0,0,0,0,0,0,0,0,0,0,0,0,0,0,0,0,0,0,0,0,0,0,0,0,0,0,3,0,0,0,0,0,0,0,4,0,0,0,0,0,0,0,0,0,0,0,0,0,0,0,0,0,0,0,0,0,0,0,0,0,0,0,0,0,0,0,0,0,0,0,0,0,0,0,6,0,0,0,0,4,0,0,0,0,0,0,0,0,0,0,0,0,0,0,0,0,0,3,0,0,0,4,0,0,0,0,4,0,0,0,0,0,0,0,0,0,0,0,0,0,0,0,0,0,0,0,0,0,0,0,0,0,0,0,3,0,3,8,3,0,0,3,20
SAL22671,16,0,0,0,0,0,0,0,16,5,0,0,0,0,0,0,0,4,3,0,0,0,0,0,0,0,3,10,3,4,4,0,0,0,4,13,4,3,5,3,0,0,0,0,18,3,3,12,3,0,0,0,0,17,0,0,9,7,0,0,0,0,22,7,0,6,9,0,0,0,0,23,3,0,9,5,3,0,0,0,10,3,0,9,9,0,0,0,0,19,0,0,6,3,0,0,0,3,18,4,0,5,0,0,0,0,0,13,0,0,0,8,0,0,0,4,12,0,0,0,3,0,0,0,0,6,0,0,0,0,0,0,0,0,7,58,18,60,48,14,5,5,17,206
SAL22672,9,0,0,0,0,0,0,0,14,13,0,0,0,0,0,0,0,13,13,0,0,0,0,0,0,0,10,8,3,3,0,0,0,0,0,9,0,0,8,0,0,0,0,0,12,3,3,3,0,0,0,0,0,8,7,5,5,3,0,0,0,3,19,3,4,9,4,0,0,0,0,22,0,3,7,5,6,0,0,0,20,0,3,4,3,6,0,0,0,12,0,0,5,3,0,0,0,0,10,0,0,0,3,4,0,0,0,13,0,0,0,4,4,0,0,0,9,0,0,0,0,0,0,0,0,9,0,0,5,0,0,0,0,0,8,58,19,45,36,19,5,0,7,191
SAL22673,100,0,0,0,0,0,0,4,105,91,7,0,0,0,0,0,3,108,69,15,9,0,0,0,0,4,104,34,18,36,9,0,0,0,3,107,19,11,47,11,3,0,0,3,96,11,11,38,20,3,0,0,0,83,10,16,44,24,8,0,0,10,108,11,12,48,40,8,5,0,0,120,11,7,43,26,19,5,0,6,109,13,15,40,41,8,4,0,0,112,11,3,29,26,13,0,0,0,80,0,9,36,22,9,5,0,0,75,5,3,14,13,7,0,0,0,52,0,7,3,13,3,3,3,0,39,0,0,6,8,0,0,4,3,23,390,120,390,257,84,23,12,37,1317
SAL22674,5,0,0,0,0,0,0,0,0,3,0,0,0,0,0,0,0,3,0,0,0,0,0,0,0,0,0,0,0,0,0,0,0,0,0,0,0,0,0,0,0,0,0,0,0,0,0,0,0,0,0,0,0,0,0,0,0,0,0,0,0,0,0,0,0,4,0,0,0,0,0,7,0,0,0,0,0,0,0,0,0,0,0,0,0,0,0,0,0,0,0,0,0,0,0,0,0,0,0,0,0,0,0,0,0,0,0,0,0,0,0,0,0,0,0,0,0,0,0,0,0,0,0,0,0,0,0,0,0,0,0,0,0,0,0,10,0,5,5,0,0,0,3,20
SAL22675,0,0,0,0,0,0,0,4,3,5,0,0,0,0,0,0,0,5,0,0,0,0,0,0,0,0,0,0,0,0,0,0,0,0,0,0,0,0,4,0,0,0,0,0,4,0,0,0,0,0,0,0,0,0,0,0,3,0,0,0,0,0,3,0,0,5,0,0,0,0,0,5,0,5,0,4,0,0,0,0,8,4,0,0,0,0,0,0,0,6,0,0,0,0,0,0,0,0,3,0,0,0,0,0,0,0,0,0,0,0,0,0,0,0,0,0,0,0,0,0,0,0,0,0,0,0,0,0,0,0,0,0,0,0,0,5,3,13,9,4,0,0,4,42
SAL22676,35,0,0,0,0,0,0,7,40,40,0,0,0,0,0,0,5,44,17,3,4,0,0,0,0,8,38,6,4,15,4,0,0,0,3,33,4,9,15,15,0,3,0,3,53,7,0,24,7,5,0,0,8,45,3,3,28,12,0,0,0,5,64,8,3,9,14,7,5,0,0,47,11,0,25,14,4,0,0,10,67,5,5,14,18,0,0,0,3,42,0,0,12,9,4,0,0,8,32,4,3,12,7,0,0,0,5,30,0,0,3,4,0,0,0,0,12,0,0,0,0,0,0,0,0,5,0,4,0,0,0,0,0,0,10,145,44,162,104,28,14,7,62,559
SAL22677,0,0,0,0,0,0,0,0,0,0,0,0,0,0,0,0,0,0,0,0,0,0,0,0,0,0,0,0,0,0,0,0,0,0,0,0,0,0,0,0,0,0,0,0,0,0,0,0,0,0,0,0,0,0,0,0,0,0,0,0,0,0,0,0,0,0,0,0,0,0,0,0,0,0,0,0,0,0,0,0,0,0,0,0,0,0,0,0,0,0,0,0,0,0,0,0,0,0,0,0,0,0,0,0,0,0,0,0,0,0,0,0,0,0,0,0,0,0,0,0,0,0,0,0,0,0,0,0,0,0,0,0,0,0,0,0,0,0,0,0,0,0,0,0
SAL22678,11,0,0,0,0,0,0,0,9,3,0,0,0,0,0,0,0,4,0,0,0,0,0,0,0,0,3,0,0,0,0,0,0,0,0,5,0,0,6,0,0,0,0,0,4,3,0,0,0,0,0,0,0,5,0,0,0,4,0,0,0,0,10,4,0,4,6,0,0,0,3,11,0,0,0,0,0,0,0,3,9,0,0,3,0,3,0,0,0,14,0,0,0,0,0,0,0,0,8,0,0,6,0,0,0,0,0,5,0,0,0,0,0,0,0,0,0,0,0,0,3,0,0,0,0,3,0,0,0,0,0,0,0,0,3,25,9,26,13,10,3,0,13,95
SAL22679,0,0,0,0,0,0,0,0,0,0,0,0,0,0,0,0,0,0,0,0,0,0,0,0,0,0,0,0,0,0,0,0,0,0,0,0,0,0,0,0,0,0,0,0,0,0,0,0,0,0,0,0,0,0,0,0,0,0,0,0,0,0,0,0,0,0,0,0,0,0,0,0,0,0,0,0,0,0,0,0,0,0,0,0,0,0,0,0,0,0,0,0,0,0,0,0,0,0,0,0,0,0,0,0,0,0,0,0,0,0,0,0,0,0,0,0,0,0,0,0,0,0,0,0,0,0,0,0,0,0,0,0,0,0,0,0,0,0,0,0,0,0,0,5
SAL22680,483,0,0,0,0,0,0,68,552,405,54,14,7,0,0,0,33,505,351,103,68,23,0,0,0,60,609,197,99,129,68,20,3,5,32,561,115,86,189,87,21,11,3,25,537,99,80,204,121,39,13,11,28,602,99,73,197,112,56,11,5,43,597,72,56,223,157,54,20,13,39,623,87,54,198,160,66,20,5,35,631,69,73,206,159,72,26,5,32,640,58,38,196,168,92,20,8,39,619,59,41,189,175,81,20,10,52,621,44,28,152,137,76,18,25,56,534,22,13,87,108,71,28,28,53,410,34,12,100,112,81,43,43,80,503,2184,816,2152,1590,732,238,168,669,8549
SAL22681,26,0,0,0,0,0,0,0,26,3,0,0,0,0,0,0,0,5,4,4,0,0,0,0,0,0,7,0,0,0,5,0,0,0,0,11,5,0,4,4,0,0,0,4,15,0,0,7,0,4,0,0,0,12,0,0,6,8,5,0,0,0,21,0,5,9,4,0,0,0,0,26,0,4,8,4,0,0,0,0,19,0,0,7,3,4,3,0,0,21,6,0,11,12,3,0,0,0,32,0,0,9,0,0,0,0,0,11,0,4,3,10,0,0,0,0,12,0,3,0,3,0,3,0,0,7,0,0,0,0,0,0,0,0,4,45,22,70,53,16,6,4,9,225
SAL22682,0,0,0,0,0,0,0,0,0,0,0,0,0,0,0,0,0,0,0,0,0,0,0,0,0,0,0,0,0,0,0,0,0,0,0,0,0,0,0,0,0,0,0,0,0,0,0,0,0,0,0,0,0,0,0,0,0,0,0,0,0,0,4,0,0,0,0,0,0,0,0,0,0,0,0,0,0,0,0,0,0,0,0,0,0,0,0,0,0,0,0,0,0,0,0,0,0,0,0,0,0,0,0,0,0,0,0,0,0,0,0,0,0,0,0,0,0,0,0,0,0,0,0,0,0,0,0,0,0,0,0,0,0,0,0,4,0,0,0,0,0,0,0,6
SAL22683,15,0,0,0,0,0,0,6,17,3,0,0,0,0,0,0,0,8,3,0,0,0,0,0,0,0,3,0,0,3,3,0,0,0,0,7,0,0,0,0,0,0,0,0,6,0,0,0,0,0,0,0,0,4,0,0,5,0,4,0,0,0,13,0,0,3,3,3,0,0,0,12,0,0,0,0,0,0,0,0,8,0,0,0,0,0,0,0,0,3,0,0,4,0,0,3,0,0,4,0,0,4,0,0,0,0,0,10,0,0,0,0,0,0,0,0,0,0,0,0,0,0,0,0,0,0,0,0,0,0,0,0,0,0,0,30,0,14,16,10,3,0,11,95
SAL22684,0,0,0,0,0,0,0,0,0,3,0,0,0,0,0,0,0,3,0,0,0,0,0,0,0,0,0,0,0,3,0,0,0,0,0,6,0,0,5,0,0,0,0,0,3,0,0,0,0,0,0,0,0,0,0,0,0,0,0,0,0,0,4,0,0,0,0,0,0,0,0,4,0,0,0,0,0,0,0,0,4,0,0,5,0,0,0,0,0,5,0,0,0,4,0,0,0,0,4,0,0,3,0,0,0,0,0,4,0,0,0,0,0,0,0,0,3,0,0,0,0,0,0,0,0,0,0,0,0,0,0,0,0,0,0,10,4,18,7,5,3,0,0,50
SAL22685,336,3,0,0,0,0,0,36,378,330,7,6,0,0,0,0,26,364,247,35,10,0,0,0,0,14,313,193,116,104,20,4,4,0,14,454,97,131,259,63,9,5,0,16,576,66,85,237,77,14,0,0,19,506,66,80,180,90,19,4,0,11,460,50,76,185,79,18,6,0,18,431,40,76,185,80,23,3,4,11,431,36,67,223,112,22,0,0,8,478,28,84,233,139,26,16,3,12,538,25,51,180,108,32,13,4,7,430,14,14,99,68,32,0,10,7,243,10,8,46,42,27,6,4,29,176,16,10,36,49,26,12,13,95,258,1558,839,1991,930,264,79,40,326,6026
SAL22686,541,0,0,0,0,0,0,32,575,582,11,0,0,0,0,0,34,628,453,44,13,3,0,0,0,31,548,280,185,126,19,0,3,0,30,646,156,183,266,76,14,0,4,21,719,106,153,310,110,19,7,0,12,715,68,130,309,102,31,7,3,14,658,65,138,327,136,29,7,5,15,717,53,115,321,130,47,11,0,15,694,60,133,353,182,39,11,0,14,792,50,104,294,129,58,12,4,16,660,37,70,247,132,36,13,9,15,561,25,40,158,114,49,10,7,31,439,19,23,103,83,46,11,15,34,333,36,43,143,112,69,23,28,43,503,2527,1382,2964,1331,429,119,84,341,9187
SAL22687,12,0,0,0,0,0,0,0,12,0,0,0,0,0,0,0,4,0,3,0,0,0,0,0,0,0,0,0,0,0,0,0,0,0,0,8,4,0,0,0,0,0,0,0,5,0,0,0,0,0,0,0,0,6,0,0,8,3,0,0,0,0,15,0,0,10,5,0,0,0,0,22,4,0,3,0,0,0,0,0,17,3,0,0,7,0,0,0,0,15,0,0,5,8,3,0,0,0,14,0,4,4,0,0,0,0,0,12,0,0,0,3,0,0,0,0,5,0,0,0,5,0,0,0,0,10,0,0,0,0,0,0,0,0,0,27,12,27,32,10,6,9,12,129
SAL22688,7,0,0,0,0,0,0,0,7,0,0,0,0,0,0,0,0,0,0,0,0,0,0,0,0,0,0,0,0,0,0,0,0,0,0,0,0,0,0,0,0,0,0,0,0,0,0,0,0,0,0,0,0,0,0,0,0,0,0,0,0,0,0,0,0,3,0,0,0,0,0,4,0,0,0,0,0,0,0,0,0,0,0,3,0,0,0,0,0,3,0,0,0,5,0,0,0,0,8,0,0,0,0,0,0,0,0,0,0,0,0,0,0,0,0,0,0,0,0,0,0,0,0,0,0,0,0,0,0,0,0,0,0,0,0,5,6,9,6,0,0,0,0,22
SAL22689,41,0,0,0,0,0,0,8,55,21,3,0,0,0,0,0,8,31,17,11,5,0,0,0,0,3,38,8,6,3,0,0,0,0,0,24,13,9,16,7,0,0,3,7,58,9,17,13,10,7,0,0,0,57,21,16,29,4,3,0,0,18,100,25,12,29,9,4,4,0,9,100,18,18,23,11,4,3,4,14,99,16,7,23,23,11,0,3,7,91,18,12,16,14,11,3,0,10,80,9,8,20,7,12,0,0,13,70,8,4,14,17,0,0,0,8,45,4,3,4,9,3,5,0,6,29,4,4,9,11,4,0,0,3,34,229,137,210,128,58,20,11,123,915
SAL22690,0,0,0,0,0,0,0,0,0,0,0,0,0,0,0,0,0,0,0,0,0,0,0,0,0,0,0,3,0,0,0,0,0,0,0,3,0,0,0,0,0,0,0,0,0,0,0,5,0,0,0,0,0,5,0,0,0,0,0,0,0,0,0,0,0,0,0,0,0,0,0,4,0,0,0,0,0,0,0,0,0,0,4,0,0,0,0,0,0,6,0,0,0,0,0,0,0,0,0,0,0,3,0,0,0,0,3,11,0,0,0,0,0,0,0,0,0,0,0,0,0,0,0,0,0,3,0,0,0,0,0,0,0,0,0,3,5,10,6,3,0,0,3,34
SAL22691,0,0,0,0,0,0,0,0,0,3,0,0,0,0,0,0,4,4,0,0,0,0,0,0,0,0,4,0,0,0,0,0,0,0,0,0,0,0,0,0,0,0,0,0,0,0,0,0,0,0,0,0,0,4,0,0,0,0,0,0,0,0,6,0,0,0,0,0,0,0,0,0,0,0,0,0,0,0,0,0,0,0,0,0,0,0,0,0,0,0,0,0,0,0,0,0,0,0,0,0,0,0,0,0,0,0,0,6,0,0,0,0,0,0,0,0,0,0,0,0,0,0,0,0,0,0,0,0,0,0,0,0,0,0,0,10,0,8,0,3,0,0,4,24
SAL22692,0,0,0,0,0,0,0,0,0,0,0,0,0,0,0,0,0,0,0,0,0,0,0,0,0,0,0,0,0,0,0,0,0,0,0,0,0,0,0,0,0,0,0,0,0,0,0,0,0,0,0,0,0,0,0,0,0,0,0,0,0,0,0,0,0,0,0,0,0,0,0,0,0,0,0,0,0,0,0,0,0,0,0,0,0,0,0,0,0,0,0,0,0,0,0,0,0,0,0,0,0,0,0,0,0,0,0,0,0,0,0,0,0,0,0,0,0,0,0,0,0,0,0,0,0,0,0,0,0,0,0,0,0,0,0,3,0,0,0,0,0,0,0,12
SAL22693,0,0,0,0,0,0,0,0,0,0,0,0,0,0,0,0,0,0,7,0,0,0,0,0,0,0,7,0,0,0,0,0,0,0,0,0,0,0,3,0,0,0,0,0,3,0,0,0,4,0,0,0,0,9,0,0,0,0,0,0,0,0,4,0,0,0,0,0,0,0,0,6,0,0,0,0,0,0,0,0,6,0,0,0,0,0,0,0,0,7,0,0,0,0,0,0,0,4,11,0,0,4,0,0,0,0,0,9,0,0,0,0,0,0,0,0,0,0,0,0,0,0,0,0,0,0,0,0,0,0,0,0,0,0,0,12,3,11,15,0,4,0,6,53
SAL22694,0,0,0,0,0,0,0,0,0,0,0,0,0,0,0,0,0,0,0,0,0,0,0,0,0,0,0,0,0,0,0,0,0,0,0,0,0,0,0,0,0,0,0,0,0,0,0,0,0,0,0,0,0,0,0,0,0,0,0,0,0,0,0,0,0,0,0,0,0,0,0,0,0,0,0,0,0,0,0,0,0,0,0,0,0,0,0,0,0,0,0,0,0,0,0,0,0,0,0,0,0,0,0,0,0,0,0,0,0,0,0,0,0,0,0,0,0,0,0,0,0,0,0,0,0,0,0,0,0,0,0,0,0,0,0,0,0,0,0,0,0,0,0,4
SAL22695,12,0,0,0,0,0,0,0,15,18,0,0,0,0,0,0,0,20,10,0,0,0,0,0,0,3,13,4,7,7,3,0,0,0,0,23,3,0,8,4,0,0,0,0,21,0,3,10,3,0,0,0,0,14,6,3,7,3,0,0,0,0,23,6,4,11,6,6,0,0,0,24,4,3,9,7,0,0,0,3,25,3,3,5,4,0,0,0,0,20,0,0,7,3,0,0,0,0,14,0,0,6,5,0,0,0,0,10,0,0,0,0,0,0,0,0,0,0,0,0,0,0,0,0,0,0,0,0,0,4,0,0,0,0,5,68,35,62,35,12,3,0,12,230
SAL22696,5,0,0,0,0,0,0,0,5,0,0,0,0,0,0,0,0,0,0,0,0,0,0,0,0,0,0,0,0,0,0,0,0,0,0,0,0,0,0,0,0,0,0,0,4,0,0,0,0,0,0,0,0,0,0,0,0,0,0,0,0,0,0,0,0,0,0,0,0,0,0,0,0,0,0,0,0,0,0,0,0,0,0,0,0,0,0,0,0,0,0,0,0,0,0,0,0,0,0,0,0,0,3,0,0,0,0,4,0,0,0,0,0,0,0,0,0,0,0,0,0,0,0,0,0,0,0,0,0,0,0,0,0,0,0,3,0,6,3,0,0,0,0,16
SAL22697,40,0,0,0,0,0,0,12,49,32,7,3,0,0,0,0,4,57,30,9,10,0,0,0,0,5,65,13,11,17,15,0,0,0,9,70,11,0,8,12,3,5,0,4,47,5,10,21,18,8,0,0,3,58,3,10,16,9,15,5,5,6,57,11,6,29,18,8,3,5,9,84,10,6,26,19,6,0,0,4,79,9,9,31,34,13,0,3,4,94,6,3,33,29,9,3,0,3,93,7,5,20,15,20,5,4,11,80,6,7,21,7,14,5,4,9,70,5,4,7,11,11,4,4,8,51,0,0,4,12,9,8,9,29,73,205,81,256,197,113,36,22,122,1032
SAL22698,528,4,0,0,0,0,0,49,583,452,35,16,5,0,0,0,41,544,428,101,69,25,6,0,0,61,690,224,150,190,80,12,7,0,48,702,137,108,214,122,36,6,3,31,659,89,65,185,111,30,11,3,23,528,68,71,210,152,46,9,8,30,606,80,58,234,165,64,21,8,30,658,79,71,211,150,57,15,6,20,613,74,44,217,185,82,13,13,37,663,58,34,211,172,64,24,9,36,616,42,42,195,171,66,25,13,41,593,38,26,139,139,56,26,14,36,474,11,12,69,85,59,27,16,27,309,19,26,57,92,65,31,43,39,364,2338,861,2218,1639,648,209,149,538,8608
SAL22699,5,0,0,0,0,0,0,0,5,6,0,0,0,0,0,0,0,6,0,0,0,0,0,0,0,0,6,3,0,0,0,0,0,0,0,7,0,0,4,0,0,0,0,6,12,0,0,0,0,0,0,0,0,3,0,0,3,4,0,0,0,0,3,0,0,6,0,0,0,0,0,15,0,0,5,7,5,0,0,0,24,0,0,4,3,0,0,0,5,12,5,0,3,0,0,0,0,0,10,0,0,0,4,0,0,0,0,3,0,0,0,3,0,0,0,0,0,0,0,0,0,0,0,0,0,5,0,0,0,0,0,0,0,0,0,21,6,25,28,14,0,3,10,108
SAL22700,0,0,0,0,0,0,0,0,0,0,0,0,0,0,0,0,0,0,0,0,0,0,0,0,0,0,0,0,0,0,0,0,0,0,0,3,0,0,0,0,0,0,0,0,0,0,0,0,0,0,0,0,0,0,0,0,0,0,0,0,0,0,0,0,0,0,0,0,0,0,0,0,0,0,0,0,0,0,0,0,0,0,0,0,0,0,0,0,0,0,0,0,0,0,0,0,0,0,0,0,0,0,0,0,0,0,0,0,0,0,0,0,0,3,0,0,3,0,0,0,3,0,0,0,0,3,0,0,0,0,0,0,0,0,0,5,0,0,5,0,3,0,0,13
SAL22701,0,0,0,0,0,0,0,0,0,0,0,0,0,0,0,0,0,0,0,0,0,0,0,0,0,0,0,0,0,0,0,0,0,0,0,0,0,0,0,0,0,0,0,0,3,0,0,3,0,0,0,0,0,9,0,0,0,0,0,0,0,0,0,0,0,0,0,0,0,0,0,4,0,0,0,0,0,0,0,0,3,0,5,0,0,0,0,0,0,5,0,0,0,0,0,0,0,0,0,0,0,0,0,0,0,0,0,0,0,0,0,0,0,0,0,0,0,0,0,0,0,0,0,0,0,0,0,0,4,0,0,0,0,0,0,3,3,9,4,0,0,0,6,28
SAL22702,218,0,0,0,0,0,0,19,235,179,0,0,0,0,0,0,13,191,76,6,7,0,0,0,0,0,86,42,25,12,5,0,0,0,4,83,23,30,47,22,5,0,0,3,127,20,14,72,39,12,0,0,7,161,19,30,99,69,18,4,0,6,248,31,34,120,62,17,4,0,4,273,19,24,95,59,9,0,4,6,218,15,27,92,66,16,0,0,4,224,14,11,64,41,16,0,0,6,161,8,11,58,52,17,3,0,0,158,3,8,34,23,6,3,0,7,88,8,5,14,15,9,3,0,4,51,0,9,9,7,5,0,0,0,28,682,234,724,475,110,23,10,75,2329
SAL22703,28,0,0,0,0,0,0,3,33,22,0,0,0,0,0,0,0,20,8,4,0,0,0,0,0,0,9,8,3,3,0,0,0,0,0,15,0,0,4,3,0,0,0,0,11,0,0,6,6,0,0,0,0,21,0,0,13,14,0,0,0,4,29,0,0,12,11,0,0,0,0,33,0,3,15,5,3,0,0,0,31,0,5,12,3,0,0,0,0,21,0,4,5,8,0,0,0,4,23,3,0,4,6,0,0,0,0,16,0,0,4,4,0,0,0,0,12,0,0,0,4,0,0,0,0,5,0,0,0,0,0,0,0,0,0,83,23,78,60,12,3,0,17,283
SAL22704,218,0,0,0,0,0,0,9,226,143,0,0,0,0,0,0,10,153,76,4,0,0,0,0,0,8,88,45,21,17,4,4,0,0,4,98,17,22,76,24,3,0,0,8,150,6,16,99,39,3,0,3,0,165,12,23,91,50,19,0,0,0,193,17,27,100,70,12,0,0,6,233,16,19,107,59,6,6,0,3,219,10,15,56,61,12,3,0,5,162,8,15,51,33,16,0,0,9,128,8,8,27,21,3,3,0,0,75,0,4,28,21,7,0,3,0,63,0,3,15,6,3,3,0,0,33,0,4,7,10,4,0,0,0,20,578,183,680,387,91,17,7,57,2009
SAL22705,5,0,0,0,0,0,0,0,5,0,0,0,0,0,0,0,0,0,0,0,0,0,0,0,0,0,0,0,0,0,0,0,0,0,0,0,0,0,0,0,0,0,0,0,4,0,0,0,0,0,0,0,0,0,0,0,0,0,0,0,0,0,0,0,0,0,0,0,0,0,0,5,0,0,0,0,0,0,0,0,0,0,0,0,0,0,0,0,0,0,0,0,0,0,0,0,0,0,0,0,0,0,0,0,0,0,0,0,0,0,0,0,0,0,0,0,0,0,0,0,0,0,0,0,0,0,0,0,0,0,0,0,0,0,0,5,0,6,3,0,0,0,0,20
SAL22706,5,0,0,0,0,0,0,0,5,0,0,0,0,0,0,0,0,0,0,0,0,0,0,0,0,0,0,0,0,0,0,0,0,0,0,0,0,0,0,0,0,0,0,0,5,4,0,0,0,0,0,0,0,3,0,0,0,0,0,0,0,0,0,0,8,0,0,0,0,0,0,7,0,4,0,3,0,0,0,0,7,0,0,0,8,0,0,0,0,15,0,0,3,0,0,0,0,0,3,0,0,6,0,0,0,0,0,8,0,0,0,0,0,0,0,0,0,0,0,0,0,0,0,0,0,0,0,0,0,0,0,0,0,0,0,14,12,4,13,3,3,0,3,58
SAL22707,17,0,0,0,0,0,0,4,20,19,5,0,0,0,0,0,0,28,9,3,0,0,0,0,0,3,13,9,10,6,0,0,0,0,0,26,3,0,5,6,3,0,0,0,21,3,5,10,8,0,0,0,0,22,0,0,5,8,3,0,0,0,16,0,0,15,8,3,0,3,0,33,4,0,13,8,0,0,0,0,27,0,0,3,3,6,0,0,0,24,0,0,6,5,3,0,0,0,19,0,3,9,3,0,0,5,0,20,0,0,6,5,4,0,4,0,11,0,0,0,0,0,0,0,0,9,0,0,0,0,0,0,0,0,0,66,26,73,58,26,10,5,17,287
SAL22708,0,0,0,0,0,0,0,0,0,0,0,0,0,0,0,0,0,0,0,0,0,0,0,0,0,0,0,0,0,0,0,0,0,0,0,0,0,0,0,0,0,0,0,0,0,0,0,0,0,0,0,0,0,0,0,0,0,0,0,0,0,0,0,0,0,0,0,0,0,0,0,0,0,0,0,0,0,0,0,0,4,0,0,0,0,0,0,0,0,0,0,0,0,0,0,0,0,0,0,0,0,0,0,0,0,0,0,0,0,0,0,0,0,0,0,0,0,0,0,0,0,0,0,0,0,0,0,0,0,0,0,0,0,0,0,0,0,0,0,7,0,0,0,10
SAL22709,8,0,0,0,0,0,0,0,8,9,0,0,0,0,0,0,0,7,0,0,0,0,0,0,0,0,3,0,4,0,0,0,0,0,0,8,0,0,0,0,0,0,0,0,3,0,0,0,0,0,0,0,0,3,0,0,3,0,0,0,0,0,3,5,0,0,4,0,0,0,0,10,0,0,3,4,0,0,0,0,8,0,0,0,0,0,0,0,0,8,0,0,6,0,3,0,0,0,9,0,0,3,0,4,0,0,0,13,0,0,0,0,3,0,0,0,10,0,0,0,0,0,0,0,0,5,0,0,0,4,0,0,0,0,3,26,4,17,14,9,3,0,6,90
SAL22710,815,3,0,0,0,0,0,77,904,711,42,9,0,0,0,0,51,823,650,153,98,27,3,6,0,77,1006,380,231,222,89,27,6,0,65,1018,171,144,348,148,45,9,8,58,937,146,162,339,177,60,18,13,58,968,155,102,308,245,83,22,14,73,988,140,119,366,236,100,31,15,36,1042,148,88,357,282,116,34,15,53,1089,157,109,344,314,129,30,19,61,1158,104,93,344,260,124,29,15,51,1013,82,49,273,293,133,38,20,66,944,56,34,173,190,95,61,25,63,697,40,23,95,132,93,36,60,63,536,35,26,106,123,107,52,84,118,653,3791,1369,3383,2518,1098,373,286,972,13790
SAL22711,0,0,0,0,0,0,0,0,0,0,0,0,0,0,0,0,0,0,0,0,0,0,0,0,0,0,0,0,0,0,0,0,0,0,0,0,0,0,0,0,0,0,0,0,0,0,0,0,0,0,0,0,0,0,0,0,0,0,0,0,0,0,0,0,0,0,0,0,0,0,0,0,0,0,0,0,0,0,0,0,0,0,0,0,0,0,0,0,0,0,0,0,0,0,0,0,0,0,0,0,0,0,0,0,0,0,0,3,0,0,0,0,0,0,0,0,0,0,0,0,0,0,0,0,0,0,0,0,0,0,0,0,0,0,0,3,0,4,3,0,0,0,0,16
SAL22712,0,0,0,0,0,0,0,0,0,0,0,0,0,0,0,0,0,4,0,3,0,0,0,0,0,0,5,0,0,0,0,0,0,0,0,3,0,0,0,0,0,0,0,0,0,0,0,0,0,0,0,0,0,0,0,0,0,0,0,0,0,0,0,0,0,0,3,0,0,0,0,3,0,0,0,0,5,0,0,0,4,0,0,0,0,0,0,0,0,4,0,0,0,0,0,0,0,0,0,0,0,0,0,0,0,0,0,0,0,0,0,0,0,0,0,0,3,0,0,0,0,0,0,0,0,0,0,0,0,0,0,0,0,0,0,3,6,4,7,5,0,0,9,27
SAL22713,0,0,0,0,0,0,0,0,3,0,0,0,0,0,0,0,0,0,0,0,0,0,0,0,0,0,0,0,0,0,0,0,0,0,0,0,0,0,0,0,0,0,0,0,0,3,0,0,0,0,0,0,0,7,0,0,0,0,0,0,0,0,7,0,0,0,0,0,0,0,0,4,0,0,0,0,0,0,0,0,5,0,0,4,0,0,0,0,4,3,0,0,0,0,4,0,0,0,5,0,0,5,0,0,0,0,0,5,0,0,0,0,0,0,0,0,0,0,0,0,0,0,0,0,0,0,0,0,0,0,0,0,0,0,0,8,5,11,4,4,0,0,0,35
SAL22714,3,0,0,0,0,0,0,0,3,0,0,0,0,0,0,0,0,0,0,0,0,0,0,0,0,0,0,0,0,0,0,0,0,0,0,4,0,0,0,0,0,0,0,0,0,0,0,0,0,0,0,0,0,0,0,0,0,0,0,0,0,0,6,0,0,0,0,0,0,0,0,3,0,0,0,0,0,3,0,3,11,0,0,0,0,0,0,0,0,11,0,0,0,0,0,0,0,0,3,0,0,0,0,0,0,0,0,0,0,0,0,0,0,0,0,0,4,0,0,0,0,0,0,0,0,0,0,0,0,0,0,0,0,0,0,8,0,12,7,6,5,4,12,46
SAL22715,0,0,0,0,0,0,0,0,0,0,0,0,0,0,0,0,0,0,3,0,0,0,0,0,0,0,3,0,0,0,0,0,0,0,0,0,0,0,0,0,0,0,0,0,0,0,0,0,0,0,0,0,0,0,0,0,0,0,0,0,0,0,0,0,0,0,0,0,0,0,0,0,0,0,0,0,0,0,0,0,0,0,0,0,0,0,0,0,0,0,0,0,0,0,0,0,0,0,0,0,0,0,0,0,0,0,0,0,0,0,0,0,0,0,0,0,0,0,0,0,0,0,0,0,0,0,0,0,0,0,0,0,0,0,0,7,3,0,3,3,0,0,0,8
SAL22716,0,0,0,0,0,0,0,0,0,0,0,0,0,0,0,0,0,0,0,0,0,0,0,0,0,0,0,0,0,0,0,0,0,0,0,0,0,0,0,0,0,0,0,0,0,0,0,0,0,0,0,0,0,0,0,0,0,0,0,0,0,0,3,0,0,0,0,0,0,5,0,5,0,0,0,0,0,0,0,0,0,0,0,0,0,0,0,0,0,3,0,0,0,0,0,0,0,0,0,0,0,0,0,0,0,0,0,0,0,0,0,0,0,0,0,0,0,0,0,0,0,0,0,0,0,0,0,0,0,0,0,0,0,0,0,5,0,4,4,0,0,4,0,17
SAL22717,3,0,0,0,0,0,0,0,3,4,0,0,0,0,0,0,0,4,9,4,0,0,0,0,0,0,9,7,4,5,0,0,0,0,0,14,0,0,4,0,0,0,0,4,9,0,0,4,0,0,0,0,0,6,3,0,0,0,0,0,0,0,5,3,0,0,0,0,0,0,0,8,0,4,0,0,0,0,0,0,9,0,4,5,0,3,0,0,0,10,0,0,0,0,0,0,0,0,5,0,0,0,0,0,0,0,0,3,0,0,0,0,0,0,0,0,6,0,0,0,0,5,0,0,0,0,0,0,0,0,0,0,0,0,0,20,15,24,15,12,4,0,9,91
SAL22718,0,0,0,0,0,0,0,0,0,0,0,0,0,0,0,0,0,0,0,0,0,0,0,0,0,0,0,0,0,0,0,0,0,0,0,0,0,0,0,0,0,0,0,0,0,0,0,0,0,0,0,0,0,0,0,0,0,0,0,0,0,0,0,0,0,0,0,0,0,0,0,0,0,0,0,0,0,0,0,0,0,0,0,0,0,0,0,0,0,0,0,0,0,0,0,0,0,0,0,0,0,0,0,0,0,0,0,0,0,0,0,0,0,0,0,0,0,0,0,0,0,0,0,0,0,0,0,0,0,0,0,0,0,0,0,3,0,0,0,0,0,0,0,3
SAL22719,4,0,0,0,0,0,0,0,6,0,0,0,0,0,0,0,0,0,0,0,0,0,0,0,0,0,0,0,0,0,0,0,0,0,0,0,5,0,3,0,0,0,0,0,9,3,0,4,0,0,0,0,0,10,3,0,0,0,0,0,0,0,4,0,0,0,3,0,0,0,0,8,0,0,0,3,0,0,0,0,7,0,0,0,0,0,0,0,0,3,0,0,0,0,0,0,0,0,6,0,0,0,3,0,0,0,0,4,0,0,0,0,0,0,0,0,0,0,0,0,0,0,0,0,0,0,0,0,0,0,0,0,0,0,3,19,4,14,12,7,0,0,6,57
SAL22720,92,0,0,0,0,0,0,0,94,82,3,0,0,0,0,0,3,83,25,3,3,0,0,0,0,0,34,25,14,7,3,0,0,0,3,53,9,7,35,9,0,0,0,0,59,5,12,63,24,3,0,0,0,108,12,31,65,32,6,0,0,0,140,12,15,61,25,3,0,0,0,122,10,14,36,16,10,0,0,0,90,5,7,28,5,0,4,0,0,48,4,11,24,13,3,4,0,3,60,0,4,15,5,3,0,0,5,41,0,0,9,8,0,0,0,3,19,0,0,3,0,0,0,0,0,8,0,0,3,0,0,0,0,0,4,285,125,357,138,27,15,3,24,968
SAL22721,105,0,0,0,0,0,0,12,119,103,3,0,0,0,0,0,4,114,154,12,3,0,0,0,0,18,190,116,62,31,11,3,0,0,6,222,52,48,76,24,4,0,0,11,226,46,37,85,21,9,5,4,6,211,57,29,74,25,13,0,0,10,201,31,30,67,29,4,3,0,7,161,30,25,58,29,3,0,0,3,149,17,26,54,19,9,4,3,8,146,18,16,51,24,15,0,3,5,139,8,8,56,31,11,3,0,10,121,5,0,27,18,12,8,0,3,69,4,6,23,27,14,4,5,8,90,0,9,21,25,7,8,8,6,94,737,314,636,280,96,36,26,112,2241
SAL22722,77,0,0,0,0,0,0,0,80,93,0,0,0,0,0,0,5,99,88,12,6,0,0,0,0,4,114,72,27,30,0,0,0,0,3,127,32,21,60,25,0,0,0,3,141,15,12,75,16,6,0,0,4,125,26,20,64,21,4,0,0,3,137,13,16,56,22,10,0,0,0,111,8,18,44,22,7,0,0,0,105,11,24,58,32,8,3,0,0,130,11,10,48,26,8,0,0,4,105,5,8,57,32,16,3,0,6,123,3,6,31,22,9,0,0,0,78,5,7,24,15,7,4,0,0,63,0,0,10,5,4,0,0,0,36,468,176,554,252,79,23,10,43,1592
SAL22723,0,0,0,0,0,0,0,0,0,0,0,0,0,0,0,0,0,0,0,0,0,0,0,0,0,0,5,0,0,0,0,0,0,0,0,0,4,0,0,0,0,0,0,0,0,0,0,0,0,0,0,0,0,3,0,0,0,0,0,0,0,0,6,0,0,0,0,0,0,0,0,0,0,0,4,0,0,0,0,0,4,0,0,0,0,0,0,0,0,0,0,0,0,0,0,0,0,0,0,0,0,0,0,0,0,0,0,0,0,0,0,0,0,0,0,0,0,0,0,0,0,0,0,0,0,0,0,0,0,0,0,0,0,0,0,4,0,6,3,0,0,0,0,16
SAL22724,4,0,0,0,0,0,0,0,4,0,0,0,0,0,0,0,0,6,4,0,0,0,0,0,0,0,8,4,0,0,0,0,0,0,0,6,3,0,8,0,0,0,0,0,10,0,0,3,6,0,0,0,0,11,0,0,5,0,0,0,0,0,7,5,7,0,4,0,0,0,0,10,0,0,0,0,3,0,0,0,7,0,0,0,5,0,0,0,0,15,0,0,3,3,0,0,0,3,12,3,0,3,0,0,0,0,0,10,0,0,0,0,0,0,0,0,0,0,0,0,0,0,0,0,0,0,0,0,0,0,0,0,0,0,0,20,12,29,18,10,0,0,6,94
SAL22725,0,0,0,0,0,0,0,0,0,0,0,0,0,0,0,0,0,0,0,0,0,0,0,0,0,0,0,0,0,0,0,0,0,0,0,0,0,0,0,0,0,0,0,0,0,0,0,0,0,0,0,0,0,0,0,0,0,0,0,0,0,0,0,0,0,0,0,0,0,0,0,0,0,0,0,0,0,0,0,0,0,0,0,0,0,0,0,0,0,0,0,0,0,0,0,0,0,0,0,0,0,0,0,0,0,0,0,0,0,0,0,0,0,0,0,0,0,0,0,0,0,0,0,0,0,0,0,0,0,0,0,0,0,0,0,0,0,0,0,0,0,0,0,0
SAL22726,4,0,0,0,0,0,0,0,4,3,0,0,0,0,0,0,0,0,3,0,0,0,0,0,0,0,6,0,0,0,0,0,0,0,0,0,0,0,0,0,0,0,0,0,0,0,0,0,0,0,0,0,0,0,0,0,4,0,0,0,0,0,3,0,0,0,0,0,0,0,0,6,0,0,0,5,0,0,0,0,6,3,0,0,5,0,0,0,0,12,0,0,0,0,0,0,0,0,7,0,0,0,0,0,0,0,0,0,0,0,0,0,0,0,0,0,0,0,0,0,0,0,0,0,0,0,0,0,0,0,0,0,0,0,0,15,5,15,8,0,0,0,3,49
SAL22727,71,0,0,0,0,0,0,0,77,62,0,0,0,0,0,0,0,62,32,7,3,0,0,0,0,4,46,25,15,15,5,0,0,0,3,62,3,7,16,5,0,0,0,0,43,6,6,21,16,4,0,0,0,60,4,12,32,18,10,0,0,3,77,0,4,28,14,11,0,0,0,63,9,4,30,21,0,0,0,0,76,4,6,22,17,12,0,0,0,65,0,3,20,15,8,4,0,0,44,3,0,16,13,3,0,0,0,40,0,3,11,11,0,0,0,0,27,0,0,11,6,0,0,0,0,22,4,4,13,14,0,3,3,0,43,234,72,244,150,55,9,13,24,803
SAL22728,0,0,0,0,0,0,0,0,0,0,0,0,0,0,0,0,0,0,0,0,0,0,0,0,0,0,0,0,0,0,0,0,0,0,0,0,0,0,0,0,0,0,0,0,0,0,0,0,0,0,0,0,0,0,0,0,0,0,0,0,0,0,0,0,0,0,0,0,0,0,0,0,0,0,0,0,0,0,0,0,0,0,0,0,0,0,0,0,0,0,0,0,0,0,0,0,0,0,0,0,0,0,0,0,0,0,0,0,0,0,0,0,0,0,0,0,0,0,0,0,0,0,0,0,0,0,0,0,0,0,0,0,0,0,0,3,0,0,0,0,0,0,0,4
SAL22729,8,0,0,0,0,0,0,0,8,7,0,0,0,0,0,0,0,4,6,4,0,0,0,0,0,0,13,0,0,0,0,0,0,0,0,4,0,0,0,0,4,0,0,0,6,3,3,0,3,0,0,0,0,8,0,0,8,0,0,0,0,0,14,4,0,7,4,0,0,0,0,9,0,0,3,5,6,0,0,0,15,4,3,0,0,7,0,0,0,16,3,0,0,0,0,0,0,0,6,4,0,0,0,5,0,0,0,7,0,0,0,0,0,3,0,0,12,0,0,0,0,0,0,0,0,0,0,0,0,0,0,0,0,0,0,32,16,21,17,18,7,0,9,115
SAL22730,362,0,0,0,0,0,0,27,390,366,3,0,0,0,0,0,39,402,99,7,5,3,0,0,0,15,128,47,20,29,4,0,0,0,3,108,19,30,47,28,6,0,0,0,141,13,7,62,38,5,0,0,3,130,16,19,93,49,11,5,0,7,203,6,20,65,44,7,3,0,6,157,14,11,53,23,12,0,0,0,113,6,10,45,25,11,3,0,0,100,3,11,35,33,11,0,0,3,86,5,10,33,20,4,5,0,0,77,0,3,17,13,9,0,0,0,44,0,0,10,4,13,0,0,0,33,0,0,8,4,3,0,0,0,9,955,154,490,293,93,20,7,113,2139
SAL22731,0,0,0,0,0,0,0,0,0,0,0,0,0,0,0,0,0,0,0,0,0,0,0,0,0,0,0,0,0,0,0,0,0,0,0,0,0,0,0,0,0,0,0,0,0,0,0,0,0,0,0,0,0,0,0,0,0,0,0,0,0,0,0,0,0,0,0,0,0,0,0,0,0,0,0,0,0,0,0,0,0,0,0,0,0,0,0,0,0,0,0,0,0,0,0,0,0,0,0,0,0,0,0,0,0,0,0,0,0,0,0,0,0,0,0,0,0,0,0,0,0,0,0,0,0,0,0,0,0,0,0,0,0,0,0,6,0,0,0,0,0,0,0,4
SAL22732,0,0,0,0,0,0,0,0,0,0,0,0,0,0,0,0,0,0,0,0,0,0,0,0,0,0,0,0,0,0,0,0,0,0,0,0,0,0,0,0,0,0,0,0,0,0,0,0,0,0,0,0,0,4,0,0,0,0,0,0,0,0,0,0,0,0,0,0,0,0,0,0,0,0,0,0,0,0,0,0,0,0,0,0,4,0,0,0,0,4,0,0,3,0,0,0,0,0,0,0,0,0,0,0,0,0,0,0,0,0,0,0,0,0,0,0,6,0,0,0,0,0,0,0,0,0,0,0,0,0,0,0,0,0,0,0,0,6,3,4,0,0,0,18
SAL22733,13,0,0,0,0,0,0,10,21,7,0,0,0,0,0,0,0,13,9,8,3,0,0,0,0,0,23,7,11,0,3,0,0,0,0,23,0,6,0,0,0,0,0,0,10,0,0,0,4,3,0,0,4,13,0,3,7,0,3,3,0,0,20,9,5,6,11,6,0,0,5,40,9,3,8,15,4,6,0,0,46,10,6,13,9,0,4,4,5,48,8,4,13,12,10,0,5,7,46,4,3,10,9,3,0,0,0,40,0,0,3,8,3,4,8,4,26,0,0,4,9,0,5,0,7,25,0,0,0,7,3,0,0,0,15,82,41,87,90,38,15,12,51,415
SAL22734,0,0,0,0,0,0,0,0,0,0,0,0,0,0,0,0,0,0,0,0,0,0,0,0,0,0,0,0,0,0,0,0,0,0,0,0,0,0,0,0,0,0,0,0,0,0,0,0,0,0,0,0,0,0,0,0,0,0,0,0,0,0,0,0,0,0,0,0,0,0,0,0,0,0,0,3,0,0,0,0,3,0,0,0,0,0,0,0,0,0,0,0,0,0,0,0,0,0,0,0,0,0,3,0,0,0,0,3,0,0,0,0,0,0,0,0,0,0,0,0,0,0,0,0,0,0,0,0,0,0,0,0,0,0,0,0,0,3,5,0,0,0,0,9
SAL22735,0,0,0,0,0,0,0,0,0,0,0,0,0,0,0,0,0,0,3,0,0,0,0,0,0,0,3,0,0,0,0,0,0,0,0,0,0,0,0,0,0,0,0,0,0,0,0,0,0,0,0,0,0,0,0,0,0,0,0,0,0,0,0,0,0,0,0,0,0,0,0,0,0,0,0,0,0,0,0,0,0,0,0,0,0,0,0,0,0,0,0,0,0,0,0,0,0,0,0,0,0,0,0,0,0,0,0,0,0,0,0,0,0,0,0,0,0,0,0,0,0,0,0,0,0,0,0,0,0,0,0,0,0,0,0,4,0,5,8,0,0,0,0,16
SAL22736,0,0,0,0,0,0,0,0,0,0,0,0,0,0,0,0,0,0,0,0,0,0,0,0,0,0,0,0,0,0,0,0,0,0,0,0,0,0,0,0,0,0,0,0,0,0,0,0,0,0,0,0,0,0,0,0,0,0,0,0,0,0,3,0,0,0,0,0,0,0,0,0,0,0,0,0,0,0,0,0,0,0,0,0,0,0,0,0,0,0,0,0,0,0,0,0,0,0,0,0,0,0,0,0,0,0,0,0,0,0,0,0,0,0,0,0,0,0,0,0,0,0,0,0,0,0,0,0,0,0,0,0,0,0,0,0,3,3,0,0,0,0,0,8
SAL22737,0,0,0,0,0,0,0,0,0,0,0,0,0,0,0,0,0,0,0,3,0,0,0,0,0,0,3,0,0,0,0,0,0,0,0,0,4,0,0,0,0,0,0,0,8,0,0,0,0,0,0,0,0,0,0,0,0,3,0,0,0,0,0,0,0,0,0,0,0,0,0,0,0,0,0,0,0,0,0,0,0,0,0,0,0,0,0,0,0,0,0,0,0,0,0,0,0,0,0,0,0,0,0,5,0,0,0,3,0,0,0,0,0,0,0,0,0,0,0,0,0,0,0,0,0,0,0,0,0,0,0,0,0,0,0,5,4,6,5,0,0,0,0,21
SAL22738,0,0,0,0,0,0,0,0,0,0,0,0,0,0,0,0,0,0,0,0,0,0,0,0,0,0,0,0,0,0,0,0,0,0,0,0,0,0,0,0,0,0,0,0,4,0,0,4,0,0,0,0,0,9,0,0,0,3,0,0,0,0,5,0,0,0,0,0,0,0,0,0,0,0,0,0,0,0,0,0,4,0,5,0,5,0,0,0,0,5,0,0,0,0,0,0,0,0,4,0,0,0,0,0,0,0,0,4,0,0,4,0,4,0,0,0,4,0,0,0,0,0,0,0,0,0,0,0,0,0,0,0,0,0,0,9,0,17,13,8,0,0,0,50
SAL22739,0,0,0,0,0,0,0,0,3,0,0,0,0,0,0,0,0,0,0,0,0,0,0,0,0,0,0,0,0,0,0,0,0,0,0,0,0,0,0,0,0,0,0,0,0,0,0,0,0,0,0,0,0,0,0,0,0,4,0,0,0,0,4,0,0,0,0,0,0,0,0,0,0,0,0,0,0,0,0,0,0,0,0,0,0,0,0,0,0,0,0,0,0,0,0,0,0,3,0,0,0,0,0,0,0,0,0,0,0,4,0,0,0,0,0,0,4,0,0,0,0,0,0,0,0,0,0,0,0,0,0,0,0,0,0,6,4,4,4,0,5,0,5,21
SAL22740,110,0,0,0,0,0,0,13,123,114,19,10,4,0,0,0,12,165,111,43,38,13,0,4,0,13,216,60,85,89,45,19,8,3,10,314,40,36,80,38,18,3,6,14,239,21,17,25,27,13,7,3,9,124,6,13,24,21,10,0,8,3,88,8,8,15,13,11,0,4,4,74,0,5,20,9,5,0,0,0,43,3,3,9,5,4,4,0,5,39,0,3,6,0,9,0,0,0,29,0,0,6,0,3,0,0,0,20,0,0,3,0,0,0,3,0,10,0,0,0,0,5,0,0,0,5,0,0,0,0,0,0,0,0,0,483,246,334,184,101,32,39,85,1495
SAL22741,3,0,0,0,0,0,0,0,3,4,0,0,0,0,0,0,0,4,0,0,0,0,0,0,0,0,5,0,0,0,0,0,0,0,0,0,0,0,0,0,0,0,0,0,5,0,0,3,0,0,0,0,0,5,0,0,0,0,0,0,0,0,4,0,0,0,0,0,0,0,0,4,4,0,4,0,0,0,3,0,12,0,0,0,0,0,0,0,0,5,0,0,0,5,0,0,0,0,9,0,0,0,5,0,0,0,0,4,0,0,0,0,0,0,0,0,0,0,0,0,0,0,0,0,0,3,0,0,0,0,0,0,0,0,0,19,6,12,12,3,0,0,0,62
SAL22742,0,0,0,0,0,0,0,0,4,0,0,0,0,0,0,0,0,0,0,0,0,0,0,0,0,0,0,0,0,0,0,0,0,0,0,0,0,0,4,0,0,0,0,0,5,0,0,4,0,0,0,0,0,10,0,0,3,0,0,0,0,0,3,3,7,0,4,0,0,0,0,14,3,0,5,3,0,0,0,0,10,0,0,0,5,0,0,0,0,11,0,0,4,3,0,0,0,0,8,0,0,4,3,0,0,0,0,12,0,0,0,0,0,0,0,0,10,0,0,0,0,0,0,0,0,0,0,0,0,0,0,0,0,0,0,16,9,31,15,3,0,5,6,82
SAL22743,10,0,0,0,0,0,0,4,10,10,0,0,0,0,0,0,4,6,4,0,0,0,0,0,0,0,6,3,0,0,4,0,0,0,0,9,0,0,3,0,0,0,0,0,10,0,0,5,0,0,0,0,3,12,0,0,3,3,0,0,0,0,7,3,4,7,0,0,0,0,0,10,0,4,0,4,0,0,0,0,12,0,0,3,3,4,0,0,0,10,0,0,3,11,0,0,0,0,16,0,0,4,4,0,0,0,0,13,0,0,5,3,0,0,0,3,6,0,0,0,0,0,0,0,0,4,0,0,0,0,0,3,4,0,9,30,7,34,42,10,3,4,15,146
SAL22744,0,0,0,0,0,0,0,0,0,3,0,0,0,0,0,0,0,3,5,0,0,0,0,0,0,0,5,0,0,0,3,0,0,0,3,10,0,0,0,0,0,0,0,4,3,0,0,0,0,0,0,0,0,7,0,0,0,0,0,0,0,0,0,0,0,0,0,0,0,0,0,4,0,0,0,0,0,0,0,0,0,0,0,0,0,0,0,0,0,7,0,0,0,0,0,0,0,0,7,0,0,0,0,0,0,0,0,0,0,0,0,0,0,0,0,0,0,0,0,0,0,0,0,0,0,3,0,0,0,0,0,0,0,0,0,14,0,10,3,3,3,0,3,44
SAL22745,281,8,0,0,0,0,0,31,322,250,30,21,3,0,0,0,29,334,218,56,59,14,3,4,0,40,403,108,58,57,33,15,7,3,31,305,62,54,69,34,22,9,8,24,280,54,38,58,34,28,7,8,23,254,52,32,61,66,24,9,9,19,277,54,45,81,66,30,15,7,23,319,39,27,92,65,30,9,5,21,283,51,37,118,70,35,10,4,29,340,37,28,109,77,32,8,5,34,333,28,24,108,89,46,12,3,23,332,16,17,78,69,41,19,15,31,283,15,9,38,48,33,19,15,25,210,23,14,60,58,57,19,20,47,295,1293,482,999,733,384,147,110,421,4578
SAL22746,5,0,0,0,0,0,0,0,3,5,0,0,0,0,0,0,0,5,0,0,0,0,0,0,0,0,0,0,0,0,0,0,0,0,0,0,0,0,3,0,0,0,0,0,3,0,0,0,0,0,0,0,0,4,3,0,0,0,0,0,0,0,5,3,0,3,0,0,0,0,0,3,0,0,0,0,0,0,0,0,6,0,0,0,0,0,0,0,0,3,0,0,0,0,0,0,0,0,5,0,0,0,0,0,0,0,0,4,0,0,0,0,0,0,0,0,0,0,0,0,0,0,0,0,0,0,0,0,0,0,0,0,0,0,0,15,0,18,3,0,0,0,0,37
SAL22747,0,0,0,0,0,0,0,0,0,0,0,0,0,0,0,0,0,0,0,0,0,0,0,0,0,0,0,0,0,0,0,0,0,0,0,0,0,0,0,0,0,0,0,0,0,0,0,0,0,0,0,0,0,0,0,0,0,0,0,0,0,0,0,0,0,0,0,0,0,0,0,0,0,0,0,0,0,0,0,0,0,0,0,0,0,0,0,0,0,0,0,0,0,0,0,0,0,0,0,0,0,0,0,0,0,0,0,0,0,0,0,0,0,0,0,0,0,0,0,0,0,0,0,0,0,0,0,0,0,0,0,0,0,0,0,0,0,0,0,0,0,0,0,0
SAL22748,0,0,0,0,0,0,0,0,0,0,0,0,0,0,0,0,0,3,0,0,0,0,0,0,0,0,0,0,0,0,3,0,0,0,0,3,0,0,0,0,0,0,0,0,0,0,0,0,0,0,0,0,0,0,0,0,0,0,0,0,0,0,0,0,0,0,3,0,0,0,0,6,0,0,0,0,0,0,0,0,0,0,0,0,0,0,0,0,0,0,0,0,0,0,0,0,0,0,4,0,0,0,0,0,0,0,0,0,0,0,0,0,0,0,0,0,0,0,0,0,0,0,0,0,0,0,0,0,0,0,0,0,0,0,0,3,0,6,6,0,0,0,0,18
SAL22749,3,0,0,0,0,0,0,0,3,0,0,0,0,0,0,0,0,4,0,0,0,0,0,0,0,0,0,0,0,0,0,0,0,0,0,0,0,0,0,0,0,0,0,0,0,0,0,0,0,0,0,0,0,0,0,0,0,0,0,0,0,0,3,0,0,0,0,0,0,0,0,0,3,0,0,0,0,0,0,0,3,0,0,0,0,0,0,0,0,0,0,0,0,0,0,0,0,0,0,0,0,0,0,0,0,0,0,0,0,0,3,0,0,0,0,0,3,0,0,0,0,0,0,0,0,0,0,0,0,0,0,0,0,0,0,7,0,5,0,0,0,4,3,16
SAL22750,1165,14,0,0,0,0,0,126,1303,1335,96,36,12,0,0,0,126,1610,1308,353,194,70,25,3,0,176,2140,855,613,507,169,65,19,12,138,2373,430,421,737,267,84,22,21,130,2107,260,280,571,234,106,40,25,86,1600,245,227,531,265,106,39,30,73,1516,227,163,530,271,131,28,29,88,1475,167,161,561,304,109,35,29,74,1447,123,132,517,320,108,38,27,41,1308,97,118,395,215,99,38,20,71,1047,67,72,286,209,87,29,18,76,846,50,41,203,135,74,31,16,71,622,22,27,130,108,62,36,26,76,472,31,50,136,108,70,36,39,126,606,6381,2766,5321,2697,1136,395,284,1474,20462
SAL22751,53,0,0,0,0,0,0,8,63,64,0,0,0,0,0,0,17,80,59,7,6,3,0,0,0,6,83,27,9,11,0,0,0,0,14,61,28,9,22,8,4,0,0,7,80,14,9,20,9,7,0,0,3,65,9,11,28,23,10,0,0,9,98,17,13,34,15,3,0,0,10,87,8,14,25,11,10,0,0,6,76,16,10,38,28,11,4,0,0,108,4,10,26,33,12,0,0,6,93,5,13,18,15,12,3,3,0,63,0,9,13,9,8,0,0,6,36,0,0,5,9,10,0,0,6,25,0,0,3,10,8,0,3,3,28,300,116,252,165,84,11,13,97,1044
SAL22752,0,0,0,0,0,0,0,0,0,0,0,0,0,0,0,0,0,0,0,0,0,0,0,0,0,0,3,0,0,0,0,0,0,0,0,0,0,0,0,0,0,0,0,0,3,0,0,0,0,0,0,0,0,0,0,0,0,0,0,0,0,0,0,0,0,4,0,0,0,0,0,4,0,0,3,0,0,0,0,0,5,0,0,0,0,0,0,0,0,0,0,0,5,0,3,0,0,0,3,0,0,0,0,0,0,0,0,0,0,0,0,0,0,0,0,0,0,0,0,0,0,0,0,0,0,0,0,0,0,0,0,0,0,0,0,4,3,15,3,9,0,0,4,33
SAL22753,28,0,0,0,0,0,0,0,32,38,0,0,0,0,0,0,3,41,18,0,0,0,0,0,0,0,24,11,12,10,0,0,0,0,0,28,4,10,4,3,4,0,0,3,31,3,0,10,5,0,0,0,0,27,0,0,17,13,3,0,0,7,43,7,4,14,7,3,4,0,0,41,3,8,13,10,0,0,0,0,43,7,5,14,10,3,0,0,0,37,5,3,8,7,0,0,0,0,31,4,0,10,7,7,0,0,7,33,0,0,4,9,0,0,0,5,17,0,0,0,0,0,3,0,4,12,0,0,5,0,0,0,0,0,5,122,54,112,72,35,15,0,32,440
SAL22754,6,0,0,0,0,0,0,0,6,9,0,0,0,0,0,0,0,12,10,0,0,0,0,0,0,4,14,4,0,4,3,0,0,0,0,18,3,0,0,5,0,0,0,0,11,6,5,4,3,0,0,0,0,13,0,0,5,0,0,0,0,7,4,3,3,0,3,0,0,0,0,8,0,6,13,0,0,0,0,0,18,0,4,5,4,0,0,0,0,15,0,0,5,0,0,0,0,0,12,0,0,3,6,0,0,0,0,9,0,0,4,5,3,0,0,0,11,0,0,0,0,0,0,0,0,0,0,0,0,0,0,0,0,0,3,46,14,40,28,9,6,3,10,157
SAL22755,7,0,0,0,0,0,0,0,5,0,0,0,0,0,0,0,0,0,5,0,0,0,0,0,0,0,5,0,0,0,0,0,0,0,0,0,0,0,0,0,0,0,0,0,4,0,0,3,0,0,0,0,0,3,0,0,4,3,0,0,0,0,10,0,0,0,0,0,0,0,0,3,0,0,4,0,0,0,0,0,4,0,0,0,4,0,0,0,0,6,0,0,3,3,0,0,0,0,4,0,0,3,3,0,0,0,0,8,0,0,0,0,0,0,0,0,0,0,0,0,0,0,0,0,0,0,0,0,0,0,0,0,0,0,0,14,0,10,12,0,0,0,0,51
SAL22756,181,0,0,0,0,0,0,22,198,266,4,0,0,0,0,0,26,304,500,48,6,3,0,0,0,52,610,425,114,53,18,5,0,0,52,663,224,146,185,29,7,7,6,45,642,132,60,178,42,4,4,0,23,445,112,74,174,46,7,3,3,15,430,80,61,102,37,10,0,3,18,319,82,37,84,39,15,6,4,19,287,55,34,86,38,13,3,0,15,254,45,31,64,37,9,3,0,16,210,24,9,48,36,9,5,5,7,139,7,11,30,26,12,6,3,9,109,3,8,25,13,13,9,9,3,79,6,3,22,20,11,7,15,14,109,2154,643,1065,384,121,52,43,334,4797
SAL22757,100,0,0,0,0,0,0,12,117,517,0,0,0,0,0,0,59,583,800,18,8,0,0,0,0,61,891,550,69,16,0,0,0,0,60,700,233,80,43,5,0,0,0,20,388,115,46,55,4,7,0,0,8,229,59,39,45,14,8,0,0,10,179,61,29,32,18,0,0,0,12,150,30,31,38,8,6,0,0,4,112,23,22,30,14,0,0,0,3,96,9,12,27,11,3,0,0,6,70,9,0,26,6,0,4,0,9,53,3,3,8,10,0,0,0,0,25,0,0,8,5,3,0,3,0,23,0,0,0,3,6,0,0,0,12,2514,364,328,99,34,10,9,273,3626
SAL22758,437,5,0,0,0,0,0,43,489,316,34,14,3,0,0,0,26,403,250,89,86,22,7,0,0,30,484,128,99,129,61,16,7,0,28,475,92,66,159,73,40,11,4,29,476,62,60,158,91,33,10,12,27,445,54,64,188,117,34,17,9,25,511,48,60,198,113,39,11,9,20,499,43,48,230,120,40,8,7,16,504,59,48,182,120,44,13,12,10,497,42,52,163,131,52,17,4,20,483,33,33,134,110,48,7,3,21,387,15,17,70,75,35,7,9,15,241,16,12,46,39,35,11,5,13,184,7,14,38,40,34,19,17,10,184,1620,710,1790,1112,448,130,99,342,6252
SAL22759,5,0,0,0,0,0,0,0,6,4,0,0,0,0,0,0,0,3,3,0,0,0,0,0,0,0,3,0,0,3,0,0,0,0,0,3,0,0,7,0,0,0,0,0,9,0,0,0,0,0,0,0,0,0,0,0,4,0,0,0,0,0,3,0,0,3,0,0,0,0,0,3,0,0,3,5,0,0,0,0,5,0,0,0,0,0,0,0,0,3,0,0,0,4,0,0,0,0,9,0,0,0,6,0,0,0,0,3,0,0,0,0,0,0,0,0,0,0,0,0,5,0,0,0,0,5,0,0,0,0,0,0,0,0,0,14,0,22,9,5,0,0,3,63
SAL22760,0,0,0,0,0,0,0,0,0,0,0,0,0,0,0,0,0,0,0,0,0,0,0,0,0,0,0,0,0,0,0,0,0,0,0,0,0,0,0,0,3,0,0,0,3,0,0,0,0,0,0,0,0,0,0,0,0,0,0,0,0,0,0,0,0,0,0,0,0,0,0,0,0,0,0,0,0,0,0,0,0,0,0,0,0,0,0,0,0,0,0,0,0,0,0,0,0,0,0,0,0,0,0,0,0,0,0,0,0,0,0,0,0,0,0,0,0,0,0,0,0,0,0,0,0,0,0,0,0,0,0,0,0,0,0,0,0,0,3,6,0,0,0,9
SAL22761,131,0,0,0,0,0,0,17,146,146,6,0,0,0,0,0,23,181,155,29,23,4,0,0,0,12,225,118,71,47,8,3,3,0,9,265,63,51,81,24,7,0,0,22,254,53,23,66,32,22,4,4,21,217,37,32,74,24,12,0,0,13,193,31,22,71,43,12,3,0,10,199,28,25,83,47,14,4,0,6,218,21,19,71,65,13,4,5,8,218,13,18,86,64,31,4,4,12,225,11,11,71,45,24,10,4,12,179,13,4,43,33,22,10,8,8,131,0,3,31,28,9,4,6,10,92,0,6,28,19,14,5,5,11,77,825,321,769,435,179,57,41,199,2820
SAL22762,0,0,0,0,0,0,0,0,0,0,0,0,0,0,0,0,0,0,0,0,0,0,0,0,0,0,0,0,0,0,0,0,0,0,0,0,0,0,4,4,0,0,0,0,3,0,0,0,0,0,0,0,0,0,0,0,0,0,0,0,0,0,0,0,0,0,0,0,0,0,0,5,0,0,0,0,0,0,0,0,0,0,0,0,0,0,0,0,0,0,0,0,0,0,0,0,0,4,6,0,0,0,0,0,0,0,0,0,0,0,0,0,0,0,0,0,0,0,0,0,0,0,0,0,0,0,0,0,0,0,5,0,0,0,3,0,0,4,6,5,0,0,7,21
SAL22763,0,0,0,0,0,0,0,0,0,0,0,0,0,0,0,0,0,0,3,0,0,0,0,0,0,0,3,0,0,0,0,0,0,0,0,0,0,0,0,0,0,0,0,0,0,3,3,0,0,0,0,0,0,9,0,0,3,0,0,0,0,0,4,0,0,0,0,0,0,0,0,6,0,0,0,0,0,0,0,0,0,0,0,0,5,0,0,0,0,3,0,0,0,0,0,0,0,0,8,0,0,0,0,0,0,0,0,3,0,0,0,0,0,0,0,0,5,0,0,0,0,0,0,0,0,3,0,0,0,4,0,0,0,0,5,6,10,9,9,5,0,0,8,51
SAL22764,11,0,0,0,0,0,0,4,14,4,0,0,0,0,0,0,0,5,0,0,0,0,0,0,0,0,9,0,5,0,0,0,0,0,0,9,6,0,8,5,0,0,0,0,17,0,0,5,6,3,0,0,0,14,6,4,6,4,0,0,0,4,23,0,0,9,3,0,0,0,0,17,0,6,3,4,0,0,0,0,19,0,0,9,6,0,0,0,0,17,3,6,10,0,0,0,0,0,19,0,0,0,5,4,0,0,0,11,0,0,0,5,0,0,0,0,5,0,0,0,0,0,0,0,0,0,0,0,0,0,4,0,0,0,6,39,19,56,35,8,0,0,15,185
SAL22765,8,0,0,0,0,0,0,4,13,0,0,0,0,0,0,0,0,0,0,0,0,0,0,0,0,0,0,0,0,0,0,0,0,0,0,3,0,0,0,0,0,0,0,0,6,0,0,3,0,0,0,0,0,13,6,3,0,0,0,0,0,0,12,5,0,4,0,0,0,0,0,11,4,0,3,0,0,0,0,0,9,4,0,3,3,0,0,0,4,16,3,5,5,0,0,0,0,0,9,0,0,4,3,0,0,0,0,12,0,0,5,0,0,0,0,0,7,0,0,0,0,0,0,0,0,0,0,0,0,0,0,0,0,0,6,37,15,28,20,0,4,0,10,112
SAL22766,528,0,0,0,0,0,0,36,561,480,7,0,0,0,0,0,22,512,350,19,14,0,0,0,0,21,406,194,110,82,15,3,4,0,17,431,106,120,285,43,12,4,0,20,590,70,116,317,101,15,6,0,16,636,71,122,340,113,22,4,5,19,699,78,157,358,106,27,4,3,21,750,46,116,281,115,25,7,0,22,620,47,120,280,136,36,4,0,15,637,37,124,314,161,38,5,8,30,710,46,74,353,184,64,13,5,31,757,36,56,258,146,54,10,10,36,605,28,54,182,127,52,17,14,55,530,47,64,213,148,87,33,20,122,727,2164,1260,3275,1392,432,102,66,471,9169
SAL22767,0,0,0,0,0,0,0,0,0,0,0,0,0,0,0,0,0,0,0,0,0,0,0,0,0,0,0,0,0,0,0,0,0,0,0,0,0,0,0,0,0,0,0,0,0,0,0,0,0,0,0,0,0,0,0,0,0,0,0,0,0,0,0,0,0,0,0,0,0,0,0,0,0,0,0,0,0,0,0,0,0,0,0,0,0,0,0,0,0,0,0,0,0,0,0,0,0,0,0,0,0,0,0,0,0,0,0,0,0,0,0,0,0,0,0,0,0,0,0,0,0,0,0,0,0,0,0,0,0,0,0,0,0,0,0,0,0,0,3,0,0,0,0,10
SAL22768,4,0,0,0,0,0,0,0,4,0,0,0,0,0,0,0,0,0,0,0,0,0,0,0,0,0,0,0,0,0,0,0,0,0,0,0,0,0,0,0,0,0,0,0,0,0,0,0,0,0,0,0,0,0,0,0,0,0,0,0,0,0,4,0,0,0,0,0,0,0,0,0,0,0,0,0,0,0,0,0,0,0,0,0,0,0,0,0,0,0,0,0,0,0,0,0,0,0,0,0,0,0,0,0,0,0,0,0,0,0,0,0,0,0,0,0,0,0,0,0,0,0,0,0,0,0,0,0,0,0,0,0,0,0,0,4,0,3,0,0,0,0,0,10
SAL22769,82,0,0,0,0,0,0,7,91,117,14,8,0,0,0,0,4,145,87,26,23,4,0,0,0,10,144,71,31,28,19,5,0,0,5,159,26,22,39,24,0,3,0,0,118,21,9,20,29,4,4,4,3,94,14,11,26,25,6,3,0,10,96,15,20,31,30,14,3,0,7,111,21,12,43,22,12,5,0,5,122,22,14,30,26,14,7,3,4,120,13,8,37,29,17,5,3,3,104,0,10,31,26,15,0,0,8,94,3,0,20,22,10,3,0,7,68,0,0,10,15,11,9,4,8,52,0,0,0,12,3,4,3,6,28,490,178,337,279,114,44,23,89,1552
SAL22770,5,0,0,0,0,0,0,0,13,15,0,0,0,0,0,0,0,13,5,0,0,0,0,0,0,0,5,0,0,0,0,0,0,0,0,3,0,0,3,3,0,0,0,0,6,0,0,0,5,5,0,0,3,3,0,0,3,0,0,0,0,0,12,3,0,5,9,0,0,0,0,18,0,0,7,8,0,0,0,3,24,0,4,3,6,0,0,0,0,22,0,0,0,6,4,0,0,0,12,5,4,0,3,0,0,0,0,6,0,0,3,5,0,0,0,0,6,0,0,0,0,0,0,0,0,0,0,0,0,0,4,0,0,0,3,37,9,37,41,13,0,0,13,140
SAL22771,0,0,0,0,0,0,0,0,0,0,0,0,0,0,0,0,0,0,0,0,0,0,0,0,0,0,0,0,0,0,0,0,0,0,0,0,0,0,0,0,0,0,0,0,0,0,0,0,0,0,0,0,0,0,0,0,0,0,0,0,0,0,0,0,0,0,0,0,0,0,0,0,0,0,0,0,0,0,0,0,0,0,0,0,0,0,0,0,0,0,0,0,0,0,0,0,0,0,0,0,0,0,0,0,0,0,0,0,0,0,0,0,3,0,0,0,3,0,0,0,0,0,0,0,0,0,0,0,0,0,0,0,0,0,0,0,0,0,3,3,0,0,0,9
SAL22772,7,0,0,0,0,0,0,0,12,3,0,0,0,0,0,0,0,3,0,0,0,0,0,0,0,0,0,0,0,0,3,0,0,0,0,12,0,0,3,0,0,0,0,0,3,0,0,0,0,0,0,0,0,5,0,0,0,0,0,0,0,0,5,0,0,0,0,0,0,0,0,8,0,0,5,3,3,0,0,0,8,0,0,5,3,0,0,0,0,9,0,5,10,0,0,0,0,0,8,3,0,0,3,0,0,0,0,7,0,0,0,4,0,0,0,0,8,0,0,0,0,0,0,0,4,5,0,0,0,0,0,0,0,0,3,25,10,22,14,7,5,0,9,93
SAL22773,0,0,0,0,0,0,0,0,0,0,0,0,0,0,0,0,0,0,0,0,0,0,0,0,0,0,0,0,0,0,0,0,0,0,0,5,0,0,0,0,0,0,0,0,0,0,0,0,0,0,0,0,0,0,0,0,0,0,0,0,0,0,0,0,0,0,0,0,0,0,0,0,0,0,0,0,0,0,0,0,0,0,0,3,0,0,0,0,0,3,0,0,0,0,0,0,0,0,0,0,0,0,0,0,0,0,0,3,0,0,0,0,0,0,0,0,0,0,0,0,0,0,0,0,0,0,0,0,0,0,0,0,0,0,0,8,0,5,3,0,0,0,0,19
SAL22774,96,0,0,0,0,0,0,10,103,80,13,5,0,0,0,0,13,109,90,16,15,8,3,0,0,17,149,54,16,22,16,6,4,0,20,127,32,25,22,6,6,0,6,13,108,18,18,38,15,11,5,4,18,113,14,22,42,24,10,4,4,21,136,21,13,58,15,11,4,10,12,143,19,20,38,30,13,6,0,14,143,16,12,40,39,16,8,5,8,138,9,10,46,39,18,9,0,5,138,14,11,38,32,17,4,0,8,130,9,10,28,17,13,0,3,9,88,0,3,14,16,12,0,8,3,64,8,8,12,11,18,5,12,8,77,481,186,417,259,147,56,56,173,1773
SAL22775,172,0,0,0,0,0,0,24,199,150,4,0,0,0,0,0,3,166,107,38,13,3,0,0,0,5,174,59,43,55,11,10,0,0,10,189,28,23,80,36,16,0,0,4,189,13,24,69,48,19,0,0,8,185,29,20,91,49,22,9,0,14,234,26,32,75,49,12,0,3,4,208,21,18,75,40,13,9,0,12,182,15,9,54,45,17,3,0,12,161,14,22,70,41,25,8,0,13,201,14,7,51,53,24,3,0,8,152,8,8,41,26,20,7,4,14,125,4,3,16,16,18,9,3,13,74,5,18,35,31,19,12,11,21,140,663,268,719,452,210,62,28,176,2582
SAL22776,0,0,0,0,0,0,0,0,0,0,0,0,0,0,0,0,0,0,0,0,0,0,0,0,0,0,0,0,0,0,0,0,0,0,0,0,0,0,0,0,0,0,0,0,0,0,0,0,0,0,0,0,0,0,0,0,0,0,0,0,0,0,0,0,0,0,0,0,0,0,0,0,0,0,0,0,0,0,0,0,0,0,0,0,0,0,0,0,0,0,0,0,0,0,0,0,0,0,4,0,0,0,0,0,0,0,0,0,0,0,0,0,0,0,0,0,0,0,0,0,0,0,0,0,0,0,0,0,0,0,0,0,0,0,0,3,4,0,3,0,0,0,0,7
SAL22777,13,0,0,0,0,0,0,0,14,4,0,0,0,0,0,0,0,4,0,3,0,0,0,0,0,0,3,9,3,0,5,0,0,0,3,9,3,0,0,5,0,0,0,0,9,0,3,3,0,0,0,0,0,10,0,0,6,5,0,0,0,0,10,0,0,4,4,0,0,0,0,13,0,0,6,4,0,0,0,0,14,8,0,7,8,4,0,0,0,22,0,0,5,3,0,0,0,0,12,5,0,0,0,0,0,0,6,8,0,0,4,6,0,0,0,0,11,0,0,0,0,6,0,0,0,7,0,0,3,0,3,0,0,0,12,39,5,38,43,12,0,4,16,156
SAL22778,0,0,0,0,0,0,0,0,0,0,0,0,0,0,0,0,0,0,3,0,0,0,0,0,0,0,3,0,0,0,0,0,0,0,0,0,0,0,0,0,0,0,0,0,3,0,0,0,0,0,0,0,0,4,0,0,0,0,0,0,0,0,0,0,0,0,0,0,0,0,0,4,0,0,4,0,0,0,0,0,3,0,0,0,0,0,0,0,0,0,0,0,0,0,0,0,0,0,0,0,0,0,0,0,0,0,0,3,0,0,0,0,0,0,0,0,0,0,0,0,0,0,0,0,0,0,0,0,0,0,0,0,0,0,0,12,3,6,6,6,3,0,0,36
SAL22779,0,0,0,0,0,0,0,0,0,0,0,0,0,0,0,0,0,0,0,0,0,0,0,0,0,0,0,0,3,0,0,0,0,0,0,4,0,0,0,0,0,0,0,0,0,0,0,0,0,0,0,0,0,0,0,0,0,0,0,0,0,0,0,0,0,0,5,0,0,0,0,3,0,0,0,0,0,0,0,0,0,0,0,3,0,0,0,0,0,5,0,0,0,0,0,0,0,0,0,0,0,0,0,0,0,0,0,0,0,0,0,0,0,0,0,0,0,0,0,0,0,0,0,0,0,0,0,0,0,0,0,0,0,0,0,6,5,8,5,4,0,0,0,23
SAL22780,0,0,0,0,0,0,0,0,0,0,0,0,0,0,0,0,0,0,0,0,0,0,0,0,0,0,0,0,0,0,0,0,0,0,0,0,0,0,0,0,0,0,0,0,0,0,0,3,0,0,0,0,0,3,0,0,0,0,0,0,0,0,0,0,0,0,0,0,0,0,0,3,0,0,0,0,0,0,0,0,0,0,0,0,0,0,0,0,0,5,0,0,0,0,0,0,0,0,0,0,0,0,0,0,0,0,0,0,0,0,0,0,0,0,0,0,0,0,0,0,0,0,0,0,0,0,0,0,0,0,0,0,0,0,0,5,0,5,3,0,0,0,8,18
SAL22781,0,0,0,0,0,0,0,0,0,0,0,0,0,0,0,0,0,3,0,0,0,0,0,0,0,0,0,0,0,5,0,0,0,0,0,0,0,0,0,0,0,0,0,0,0,0,0,0,0,0,0,0,0,0,0,0,0,6,0,0,0,3,9,0,0,0,0,0,0,0,0,0,0,0,3,0,0,0,0,0,5,0,0,0,0,0,0,0,0,4,0,0,0,0,0,0,0,3,3,0,0,0,3,3,0,0,0,5,0,0,0,0,0,0,0,4,0,0,0,0,0,0,0,0,0,3,0,0,0,0,0,0,0,0,0,7,3,14,6,7,0,0,5,53
SAL22782,4,0,0,0,0,0,0,0,4,3,0,0,0,0,0,0,0,8,3,0,0,0,0,0,0,0,9,3,0,0,0,0,0,0,0,5,0,0,0,0,3,0,0,0,3,0,0,0,3,0,0,0,0,3,0,0,7,0,0,0,0,0,9,0,0,4,0,0,0,0,0,8,0,0,5,0,0,0,5,0,7,0,0,0,0,0,0,0,0,10,0,0,0,0,0,0,0,0,11,0,0,0,0,0,0,0,0,6,0,0,0,0,0,0,0,0,0,0,0,0,0,0,0,0,0,0,0,0,0,0,0,0,0,0,0,20,0,20,14,14,0,3,0,68
SAL22783,0,0,0,0,0,0,0,0,0,0,0,0,0,0,0,0,0,0,0,0,0,0,0,0,0,0,0,0,0,0,0,0,0,0,0,0,0,0,0,0,0,0,5,0,5,0,0,0,0,0,0,0,0,6,0,0,0,0,0,0,0,0,4,0,0,0,0,0,0,0,0,3,0,0,0,0,0,0,0,0,0,0,0,0,5,0,0,0,0,5,0,0,0,0,3,0,0,0,5,0,0,0,0,0,0,0,0,5,0,0,0,0,0,0,0,0,0,0,0,0,0,0,0,0,0,0,0,0,0,0,0,0,0,0,0,8,0,6,7,4,0,4,3,30
SAL22784,7,0,0,0,0,0,0,0,8,3,0,0,0,0,0,0,0,6,0,0,0,0,0,0,0,0,7,0,0,0,0,0,0,0,0,3,0,0,0,0,4,0,0,0,6,0,0,0,0,0,0,0,4,8,0,0,0,0,0,0,0,0,3,0,0,8,3,0,0,0,3,16,0,0,0,0,5,0,0,5,9,0,0,0,6,0,0,0,4,6,0,0,3,0,0,0,0,0,9,0,0,0,4,0,0,0,0,0,0,0,0,0,0,0,0,0,0,0,0,0,0,0,0,0,0,6,0,0,0,0,0,0,0,0,0,23,8,23,13,10,0,0,24,93
SAL22785,0,0,0,0,0,0,0,0,0,0,0,0,0,0,0,0,0,0,0,0,0,0,0,0,0,0,0,0,0,0,0,0,0,0,0,0,0,0,0,0,0,0,0,0,0,0,0,0,0,0,0,0,0,0,0,0,0,0,0,0,0,0,0,0,0,0,0,0,0,0,0,3,0,0,0,0,0,0,0,0,0,0,0,0,0,0,0,0,0,5,0,0,0,0,0,0,0,0,0,0,0,0,0,0,0,0,0,0,0,0,0,0,0,0,0,0,0,0,0,0,0,0,0,0,0,0,0,0,0,0,0,0,0,0,0,0,0,8,0,0,0,0,0,14
SAL22786,0,0,0,0,0,0,0,0,0,0,0,0,0,0,0,0,0,0,0,0,0,0,0,0,0,0,0,0,0,0,0,0,0,0,0,0,0,0,0,0,0,0,0,0,0,0,0,0,0,0,0,0,0,0,0,0,0,0,0,0,0,0,0,0,0,0,0,0,0,0,0,3,0,0,0,0,0,0,0,0,0,0,0,0,0,0,0,0,0,0,0,0,0,0,0,0,0,0,0,0,0,0,0,0,0,0,0,4,0,0,0,0,0,0,0,0,0,0,0,0,0,0,0,0,0,0,0,0,0,0,0,0,0,0,0,0,0,0,0,3,0,0,0,13
SAL22787,0,0,0,0,0,0,0,0,0,4,0,0,0,0,0,0,0,4,3,0,0,0,0,0,0,0,3,0,0,0,0,0,0,0,0,0,0,0,0,0,0,0,0,0,0,0,0,0,0,0,0,0,0,3,0,0,0,0,0,0,0,0,0,0,0,0,0,0,0,0,0,0,0,0,0,0,0,0,0,0,0,0,0,0,0,0,0,0,0,3,0,0,0,0,0,0,0,0,0,0,0,0,0,0,0,0,0,0,0,0,0,0,0,0,0,0,0,0,0,0,0,0,0,0,0,0,0,0,0,0,0,0,0,0,0,7,0,4,5,6,0,0,0,22
SAL22788,3,0,0,0,0,0,0,3,7,10,0,0,0,0,0,0,0,10,4,0,0,0,0,0,0,0,7,0,3,0,0,0,0,0,0,9,3,0,4,0,0,0,0,0,8,0,0,8,0,3,0,0,0,16,4,3,0,0,0,0,0,0,13,0,0,0,6,0,3,0,0,17,0,0,3,3,0,0,0,0,11,0,0,11,4,0,0,0,6,24,0,0,9,3,6,0,0,0,20,0,0,3,5,0,3,0,4,13,0,0,3,4,0,3,4,0,12,0,0,0,3,0,0,0,0,8,0,0,0,5,0,0,0,0,13,40,9,51,29,16,13,11,23,180
SAL22789,0,0,0,0,0,0,0,0,0,0,0,0,0,0,0,0,0,0,0,0,0,0,0,0,0,0,0,0,0,0,0,0,0,0,0,0,0,0,0,0,0,0,0,0,3,0,0,0,0,0,0,0,0,0,0,0,0,0,0,0,0,0,0,0,0,0,0,0,0,0,0,0,0,0,0,0,0,0,0,0,0,0,0,0,0,0,0,0,0,0,0,0,0,0,0,0,0,0,0,0,0,0,0,0,0,0,0,0,0,0,0,0,0,0,0,0,0,0,0,0,0,0,0,0,0,0,0,0,0,0,0,0,0,0,0,4,0,4,0,0,0,0,0,11
SAL22790,0,0,0,0,0,0,0,0,0,0,0,0,0,0,0,0,0,0,0,0,0,0,0,0,0,0,0,0,0,0,0,0,0,0,0,0,0,0,0,0,0,0,0,0,0,0,0,0,0,0,0,0,0,0,0,0,0,0,0,0,0,0,0,0,0,0,0,0,0,0,0,0,0,0,0,0,0,0,0,0,0,0,0,0,0,0,0,0,0,0,0,0,0,0,0,0,0,0,0,0,0,0,0,0,0,0,0,0,0,0,0,0,0,0,0,0,0,0,0,0,0,0,0,0,0,0,0,0,0,0,0,0,0,0,0,0,0,0,0,0,0,0,0,0
SAL22791,158,0,0,0,0,0,0,20,183,263,3,3,0,0,0,0,23,297,276,51,24,9,4,0,0,31,390,226,167,87,24,12,0,0,33,547,106,166,256,41,9,5,0,37,623,67,105,188,43,9,4,7,23,452,34,58,107,36,11,4,11,11,273,21,35,64,34,8,3,7,9,177,19,29,53,16,7,7,0,6,143,8,32,54,23,6,3,0,9,131,3,16,38,25,7,4,3,9,103,3,9,16,8,5,3,5,4,54,0,0,0,3,0,0,0,0,11,0,4,3,3,0,0,0,0,14,0,0,0,0,0,0,5,0,10,1185,684,892,268,89,30,44,213,3403
SAL22792,394,0,0,0,0,0,0,31,421,319,0,0,0,0,0,0,25,350,209,15,5,0,0,0,0,20,255,183,65,40,12,0,0,0,21,326,102,76,145,39,7,4,0,13,396,100,77,232,90,15,0,0,15,527,103,88,289,95,24,0,0,16,619,114,121,258,137,18,3,0,22,680,111,71,276,126,13,0,0,15,616,95,73,228,101,34,3,0,16,547,70,43,174,85,30,3,0,21,425,48,39,154,95,26,3,3,19,384,24,18,91,60,20,3,0,18,239,14,21,43,41,18,8,6,10,156,19,21,44,51,18,4,11,17,173,1903,728,1976,935,224,43,27,275,6121
SAL22793,38,0,0,0,0,0,0,12,50,29,4,0,0,0,0,0,0,31,42,6,0,0,0,0,0,3,51,35,9,4,0,0,0,0,7,62,22,14,26,4,0,0,0,0,64,9,6,19,4,0,0,0,0,44,5,10,30,14,0,0,0,3,63,14,10,18,19,0,0,0,0,58,19,9,15,11,0,0,0,0,63,10,8,15,9,0,0,0,3,47,7,8,10,16,0,0,0,5,50,4,3,16,10,7,6,0,6,48,7,0,9,6,0,0,0,4,25,0,5,0,8,4,3,0,0,16,3,0,4,7,0,0,0,0,18,260,92,172,93,17,13,3,46,690
SAL22794,15,0,0,0,0,0,0,0,17,12,0,0,0,0,0,0,0,11,5,4,0,0,0,0,0,0,12,7,4,5,3,0,0,0,0,23,4,7,13,4,0,0,0,0,20,0,0,4,4,0,0,0,6,17,0,6,9,4,4,0,0,0,18,0,0,14,6,5,0,0,0,25,5,5,13,9,7,0,0,3,29,5,3,0,9,4,3,0,0,19,3,3,3,14,0,0,0,0,31,0,0,6,3,0,0,0,0,9,0,0,0,6,0,0,0,0,10,0,0,0,0,3,0,0,0,4,0,0,0,0,0,0,0,0,0,52,21,73,60,18,5,0,18,246
SAL22795,7,0,0,0,0,0,0,0,6,6,0,0,0,0,0,0,4,11,0,0,0,0,0,0,0,0,8,0,0,0,0,0,0,0,0,0,0,0,0,0,0,0,0,0,5,0,0,3,0,0,0,0,0,4,4,0,3,0,0,0,0,0,11,3,0,10,5,0,0,0,0,21,7,0,4,0,4,0,0,3,15,0,4,3,4,0,0,0,0,9,5,0,0,0,0,0,0,3,12,0,6,0,0,3,0,0,0,9,0,0,4,0,6,0,0,0,5,0,0,0,0,0,0,0,0,0,0,0,0,0,6,0,0,0,4,37,12,30,13,11,0,0,13,118
SAL22796,0,0,0,0,0,0,0,0,0,0,0,0,0,0,0,0,0,0,0,0,0,0,0,0,0,0,0,0,0,0,0,0,0,0,0,0,0,0,0,0,0,0,0,0,0,0,0,0,0,0,0,0,0,0,0,0,0,0,0,0,0,0,0,0,0,0,0,0,0,0,0,0,0,0,0,0,0,0,0,0,0,0,0,0,0,0,0,0,0,0,0,0,0,3,0,0,0,0,3,0,0,0,0,0,0,0,0,0,0,0,0,0,0,0,0,0,0,0,0,0,0,0,0,0,0,0,0,0,0,0,0,0,0,0,0,0,0,0,3,0,0,0,0,7
SAL22797,3,0,0,0,0,0,0,0,3,0,0,0,0,0,0,0,0,0,0,0,0,0,0,0,0,5,4,0,0,0,0,0,0,0,0,0,0,0,0,0,0,0,0,0,0,0,0,0,0,0,0,0,0,0,0,0,3,0,0,0,0,0,4,0,0,0,0,0,0,0,0,0,0,0,0,0,0,0,0,0,0,0,0,3,0,0,0,0,0,8,0,0,0,0,0,0,0,0,0,0,0,0,0,0,0,0,0,0,0,0,0,0,0,0,0,0,0,0,0,0,0,0,0,0,0,0,0,0,0,0,0,0,0,0,0,7,6,9,4,0,0,0,8,34
SAL22798,3,0,0,0,0,0,0,0,8,0,0,0,0,0,0,0,0,3,0,0,0,0,0,0,0,0,5,0,0,0,0,0,0,0,0,4,0,0,4,0,0,0,0,0,7,0,0,0,0,0,0,0,0,7,0,0,0,0,0,0,0,0,0,0,0,0,0,0,0,0,0,3,0,0,0,3,0,0,0,0,8,0,0,0,4,0,0,0,0,9,0,3,0,0,0,0,0,0,4,0,0,0,0,0,0,0,0,4,0,0,0,0,0,0,0,0,0,0,0,0,0,0,0,0,0,0,0,0,0,0,0,0,0,0,0,18,5,12,18,3,0,4,3,59
SAL22799,3,0,0,0,0,0,0,0,3,3,0,0,0,0,0,0,0,3,0,0,0,0,0,0,0,0,0,0,0,0,0,0,0,0,0,7,0,0,0,0,0,0,0,0,0,0,0,0,0,0,0,0,0,0,0,0,0,0,0,0,0,0,0,0,0,0,0,0,0,0,0,0,0,0,0,0,0,0,0,0,0,0,0,0,0,0,0,0,0,3,4,0,0,0,0,0,0,6,9,0,0,0,0,0,0,0,0,0,0,0,0,0,0,0,0,0,0,0,0,0,0,0,0,0,0,0,0,0,0,0,0,0,0,0,0,10,0,4,5,0,0,0,3,28
SAL22800,0,0,0,0,0,0,0,0,0,0,0,0,0,0,0,0,0,0,4,0,0,0,0,0,0,0,4,0,0,0,0,0,0,0,0,0,0,0,0,0,0,0,0,0,0,0,0,0,0,0,0,0,0,0,0,0,0,0,0,0,0,0,0,0,0,0,0,0,0,0,0,0,0,0,0,0,0,0,0,0,0,0,0,0,0,0,0,0,0,0,0,0,0,0,0,0,0,0,0,0,0,0,0,0,0,0,0,0,0,0,0,0,0,0,0,0,0,0,0,0,0,0,0,0,0,0,0,0,0,0,0,0,0,0,0,4,0,0,0,0,0,0,0,4
SAL22801,10,0,0,0,0,0,0,0,10,8,0,0,0,0,0,0,4,10,3,3,0,0,0,0,0,0,11,3,0,8,0,0,0,0,4,11,0,0,5,0,0,0,0,0,13,5,0,9,5,4,0,0,0,11,0,3,9,0,0,0,0,0,11,0,0,9,4,0,0,0,0,12,0,9,3,3,3,0,0,3,20,3,0,6,6,3,0,0,4,26,0,0,8,0,0,0,0,0,16,0,0,0,3,0,0,0,0,6,0,0,5,0,0,0,0,4,8,0,0,0,0,0,0,0,0,0,0,0,0,0,0,0,0,0,0,41,18,56,28,17,3,3,21,175
SAL22802,40,0,0,0,0,0,0,11,59,34,0,0,0,0,0,0,3,41,48,21,16,5,0,0,0,3,100,25,24,16,9,0,0,0,4,81,26,9,20,11,4,0,0,10,84,16,16,23,10,8,0,0,9,84,13,14,22,10,0,8,0,11,71,7,12,26,14,9,0,0,5,76,12,12,24,20,5,3,0,7,83,9,8,27,16,4,0,4,10,86,9,6,22,23,11,0,3,3,82,5,4,22,20,7,0,0,4,66,3,4,14,17,12,4,0,8,52,4,0,4,10,3,0,0,10,37,0,0,8,8,4,3,3,25,48,259,141,245,159,72,25,15,125,1043
SAL22803,4,0,0,0,0,0,0,0,4,4,0,0,0,0,0,0,0,4,0,0,0,0,0,0,0,0,0,0,0,0,0,0,0,0,0,5,0,0,4,0,0,0,0,0,3,0,0,4,0,0,0,0,0,9,0,0,5,0,0,0,0,0,8,0,0,0,6,0,0,0,0,11,0,0,0,0,0,0,0,0,5,0,0,5,0,0,0,0,0,5,0,0,0,0,0,0,0,0,4,0,0,3,0,0,0,0,0,4,0,0,0,3,0,0,0,0,3,0,0,0,0,0,0,0,0,0,0,0,0,0,0,0,0,0,4,18,8,18,19,5,4,0,7,69
SAL22804,0,0,0,0,0,0,0,0,0,0,0,0,0,0,0,0,0,0,3,0,0,0,0,0,0,0,3,0,0,0,0,0,0,0,0,3,0,0,0,0,0,0,0,0,0,0,0,0,0,0,0,0,0,0,0,0,0,0,0,0,0,0,5,0,0,0,0,0,0,0,0,4,0,0,0,3,0,0,0,0,3,0,0,0,0,0,0,0,0,0,0,0,3,0,0,0,0,0,0,0,0,0,0,0,0,0,0,0,0,0,0,0,0,0,0,0,3,0,0,0,0,0,0,0,0,0,0,0,0,0,0,0,0,0,0,5,5,9,8,9,0,0,0,30
SAL22805,78,0,0,0,0,0,0,13,86,311,0,0,0,0,0,0,35,345,638,7,0,0,0,0,0,40,689,472,41,10,0,0,0,0,36,563,262,55,23,7,0,0,0,18,365,99,44,37,9,0,0,0,12,205,103,23,47,12,0,0,0,14,204,56,30,50,7,3,0,0,14,156,45,19,37,25,5,0,0,9,137,52,24,36,19,5,0,0,6,146,33,18,43,13,7,0,0,13,136,12,21,40,12,6,0,0,12,98,16,15,46,8,0,0,0,12,99,8,6,27,13,0,0,0,24,94,11,14,37,10,4,0,0,71,144,2201,319,423,141,33,7,7,339,3477
SAL22806,0,0,0,0,0,0,0,0,0,0,0,0,0,0,0,0,0,0,0,0,0,0,0,0,0,0,0,0,0,0,0,0,0,0,0,0,0,0,0,0,0,0,0,0,0,0,0,0,0,0,0,0,0,0,0,0,0,0,0,0,0,0,0,0,0,0,0,0,0,0,0,0,0,0,0,0,0,0,0,0,0,0,0,0,0,0,0,0,0,0,0,0,0,0,0,0,0,0,0,0,0,0,0,0,0,0,0,0,0,0,0,0,0,0,0,0,0,0,0,0,0,0,0,0,0,0,0,0,0,0,0,0,0,0,0,0,0,0,0,0,0,0,0,0
SAL22807,0,0,0,0,0,0,0,0,0,4,0,0,0,0,0,0,0,4,0,0,0,0,0,0,0,0,0,0,0,0,0,0,0,0,0,0,0,0,0,0,0,0,0,0,0,0,0,0,0,0,0,0,0,0,0,0,0,0,0,0,0,0,0,0,0,0,0,0,0,0,0,0,0,0,0,0,0,0,0,0,0,0,0,0,0,0,0,0,0,0,0,0,0,0,0,0,0,0,0,0,0,0,0,0,0,0,0,0,0,0,0,0,0,0,0,0,0,0,0,0,0,0,0,0,0,0,0,0,0,0,0,0,0,0,0,4,0,3,0,0,0,0,0,7
SAL22808,0,0,0,0,0,0,0,0,0,0,0,0,0,0,0,0,0,0,0,0,0,0,0,0,0,0,0,0,0,0,0,0,0,0,0,0,0,0,0,0,0,0,0,0,3,0,0,0,0,0,0,0,0,0,0,0,0,0,0,0,0,0,0,0,0,0,0,0,0,0,0,0,0,0,0,0,0,0,0,0,0,0,0,0,0,0,0,0,0,0,0,0,0,0,0,0,0,0,0,0,0,0,0,0,0,0,0,0,0,0,0,0,0,0,0,0,0,0,0,0,0,0,0,0,0,0,0,0,0,0,0,0,0,0,0,0,0,0,0,0,0,0,0,3
SAL22809,0,0,0,0,0,0,0,0,0,0,0,0,0,0,0,0,0,0,0,0,0,0,0,0,0,0,0,0,0,0,0,0,0,0,0,0,0,0,0,0,0,0,0,0,0,0,0,0,0,0,0,0,0,0,0,0,0,0,0,0,0,0,0,0,0,0,0,0,0,0,0,0,0,0,0,0,0,0,0,0,0,0,0,0,0,0,0,0,0,0,0,0,0,0,0,0,0,0,0,0,0,0,0,0,0,0,0,0,0,0,0,0,0,0,0,0,0,0,0,0,0,0,0,0,0,0,0,0,0,0,0,0,0,0,0,0,0,0,0,0,0,0,0,0
SAL22810,0,0,0,0,0,0,0,0,0,0,0,0,0,0,0,0,0,0,0,0,0,0,0,0,0,0,0,0,0,0,0,0,0,0,0,0,0,0,0,0,0,0,0,0,0,0,0,0,0,0,0,0,0,0,0,0,0,0,0,0,0,0,0,0,0,0,0,0,0,0,0,0,0,0,0,0,0,0,0,0,0,0,0,0,0,0,0,0,0,0,0,0,0,0,0,0,0,0,0,0,0,0,0,0,0,0,0,0,0,0,0,0,0,0,0,0,0,0,0,0,0,0,0,0,0,0,0,0,0,0,0,0,0,0,0,0,0,0,3,0,0,0,0,7
SAL22811,0,0,0,0,0,0,0,0,0,0,0,0,0,0,0,0,0,0,0,0,0,0,0,0,0,0,0,0,0,0,0,0,0,0,0,0,0,0,0,0,0,0,0,0,0,0,0,0,0,0,0,0,0,0,0,0,0,0,0,0,0,0,0,0,0,3,0,0,0,0,0,3,0,0,0,0,0,0,0,0,0,0,0,0,0,0,0,0,0,0,0,0,0,0,0,0,0,0,0,0,0,0,0,0,0,0,0,0,0,0,0,0,0,0,0,0,0,0,0,0,0,0,0,0,0,0,0,0,0,0,0,0,0,0,0,0,0,3,0,0,0,0,0,6
SAL22812,7,0,0,0,0,0,0,0,7,5,0,0,0,0,0,0,0,5,0,0,3,0,0,0,0,0,3,0,0,0,0,0,0,0,0,3,0,0,0,0,0,0,0,0,0,0,0,0,0,0,0,0,0,3,0,0,0,0,0,0,0,0,9,0,0,0,0,0,0,0,0,4,0,0,0,0,0,0,0,0,0,0,0,0,0,0,0,0,0,4,0,0,4,0,0,0,0,3,10,0,0,0,0,0,0,0,0,4,0,0,0,0,0,0,0,0,0,0,0,0,0,0,0,0,0,0,0,0,0,0,0,0,0,3,3,9,4,9,9,7,0,0,11,52
SAL22813,10,0,0,0,0,0,0,7,12,6,0,0,0,0,0,0,0,11,12,0,0,0,0,0,0,0,19,0,0,9,5,0,0,0,0,17,8,0,3,3,0,0,0,0,13,4,0,6,8,7,0,0,0,19,4,0,7,4,0,0,0,0,13,0,0,3,4,7,0,3,0,13,0,0,5,0,0,0,0,0,14,3,6,6,11,4,0,0,0,22,0,0,5,3,0,0,0,0,6,0,0,0,0,5,0,0,0,4,0,0,0,0,0,0,0,0,5,0,0,0,0,0,0,0,0,5,0,0,0,0,0,0,0,0,0,43,11,47,34,18,4,4,7,170
SAL22814,79,0,0,0,0,0,0,4,88,130,16,5,0,0,0,0,4,157,132,39,26,12,4,0,0,8,220,60,40,62,31,4,0,0,6,196,23,32,50,23,9,3,0,6,144,12,9,50,27,5,4,0,0,111,11,17,36,26,7,0,0,0,95,3,5,40,24,0,0,0,3,81,3,9,29,10,14,0,0,3,72,0,6,14,15,11,0,0,4,59,4,6,15,10,11,3,3,4,51,0,0,13,13,6,0,0,3,41,0,0,8,4,8,0,0,0,17,0,0,3,5,0,0,6,0,12,0,0,0,0,0,0,4,0,6,456,177,349,204,66,21,13,47,1338
SAL22815,5,0,0,0,0,0,0,0,5,0,0,0,0,0,0,0,0,0,0,0,0,0,0,0,0,0,0,5,0,0,0,0,0,0,0,3,0,0,0,0,0,0,0,0,3,0,0,0,0,0,0,0,0,0,0,0,0,0,0,0,0,0,4,0,0,0,5,0,0,0,0,5,0,0,0,0,0,0,0,0,4,3,3,0,4,0,0,0,0,11,0,0,0,0,0,0,0,0,3,0,0,0,0,0,0,0,0,0,0,0,0,0,0,0,0,0,0,0,0,0,0,0,0,0,0,0,0,0,0,0,0,0,0,0,0,11,6,14,9,6,6,0,4,48
SAL22816,3,0,0,0,0,0,0,0,3,0,0,0,0,0,0,0,0,0,0,0,0,0,0,0,0,0,0,0,0,0,0,0,0,0,0,0,0,0,0,0,0,0,0,0,0,0,0,0,0,0,0,0,0,0,0,0,0,0,0,0,0,0,0,0,0,0,0,0,0,0,0,0,0,0,0,0,0,0,0,0,0,0,0,0,0,0,0,0,0,0,0,0,0,0,0,0,0,0,0,0,0,0,0,0,0,0,0,0,0,0,0,0,0,0,0,0,0,0,0,0,0,0,0,0,0,0,0,0,0,0,0,0,0,0,0,5,0,0,0,0,0,0,0,3
SAL22817,0,0,0,0,0,0,0,0,0,0,0,0,0,0,0,0,0,0,0,0,0,0,0,0,0,0,0,0,0,0,0,0,0,0,0,0,0,0,0,0,0,0,0,0,0,0,0,0,0,0,0,0,0,0,0,0,0,0,0,0,0,0,0,0,0,0,0,0,0,0,0,0,0,0,0,0,0,0,0,0,0,0,0,0,0,0,0,0,0,0,0,0,0,0,0,0,0,0,0,0,0,0,0,0,0,0,0,0,0,0,0,0,0,0,0,0,0,0,0,0,0,0,0,0,0,0,0,0,0,0,0,0,0,0,0,0,0,0,0,0,0,0,0,4
SAL22818,5,0,0,0,0,0,0,0,5,4,0,0,0,0,0,0,0,4,0,0,4,0,0,0,0,0,8,0,0,4,0,0,0,0,0,8,3,0,0,0,0,0,0,0,8,0,0,0,0,0,0,0,3,3,0,0,6,0,0,0,0,0,7,0,6,4,0,0,0,0,0,9,0,0,0,0,0,0,0,0,3,0,0,0,5,6,0,0,0,9,0,0,3,0,0,0,0,0,3,0,0,0,0,0,0,0,0,4,0,0,0,3,0,0,0,0,4,0,0,0,0,0,0,0,0,0,0,0,0,0,0,0,0,0,0,12,5,20,14,3,0,0,6,69
SAL22819,511,3,0,0,0,0,0,59,581,444,53,22,5,0,0,0,41,566,363,108,85,29,19,0,0,46,648,227,168,180,69,20,8,5,46,729,147,118,253,112,39,3,9,44,726,98,95,202,123,47,20,13,29,620,80,81,203,142,53,13,15,19,608,75,82,211,144,58,17,17,32,636,68,70,217,154,58,12,15,40,630,74,58,225,145,79,34,7,22,642,48,55,238,153,62,12,5,40,621,28,53,202,127,70,30,11,38,552,22,24,122,107,59,19,15,37,408,15,19,54,63,57,29,21,38,294,14,17,41,53,40,16,16,29,223,2219,995,2272,1429,659,206,155,543,8481
SAL22820,463,8,0,0,0,0,0,64,526,520,36,8,6,0,0,0,49,616,694,241,122,28,13,3,0,76,1167,415,478,508,121,31,8,0,60,1624,184,348,661,224,57,13,12,53,1553,90,165,403,165,64,23,11,30,946,77,79,207,83,39,13,9,20,525,28,58,174,87,43,12,11,15,433,26,35,134,80,36,9,7,21,353,22,24,145,86,28,10,6,11,347,9,23,96,62,35,10,3,20,263,10,17,65,46,25,13,4,17,194,0,6,29,22,11,9,5,9,83,0,0,16,7,8,5,0,5,49,0,5,3,4,6,5,4,3,22,2540,1527,2576,1018,391,124,83,439,8699
SAL22821,0,0,0,0,0,0,0,0,0,0,0,0,0,0,0,0,0,0,0,0,0,0,0,0,0,0,0,0,0,0,0,0,0,0,0,0,0,0,0,0,0,0,0,0,0,3,0,0,0,0,0,0,0,3,0,0,0,0,0,0,0,0,0,0,0,0,0,0,0,0,0,0,0,0,0,0,0,0,0,0,6,0,0,0,0,0,0,0,0,0,0,0,0,0,0,0,0,0,0,0,0,0,0,0,0,0,0,0,0,0,0,0,0,0,0,0,0,0,0,0,0,0,0,0,0,0,0,0,0,0,0,0,0,0,0,6,0,4,0,0,0,0,4,14
SAL22822,0,0,0,0,0,0,0,0,0,0,0,0,0,0,0,0,0,0,0,0,0,0,0,0,0,0,0,0,0,0,0,0,0,0,0,3,0,0,0,0,0,0,0,0,0,0,0,0,0,0,0,0,0,0,0,0,0,0,0,0,0,0,0,0,0,0,0,0,0,0,0,3,0,0,5,4,0,0,0,0,6,0,0,0,0,0,0,0,0,0,0,0,0,0,0,0,0,0,4,0,0,0,3,0,0,0,0,3,0,0,0,0,0,0,0,0,0,0,0,0,0,0,0,0,0,0,0,0,0,0,0,0,0,0,0,0,0,7,9,0,0,0,4,24
SAL22823,0,0,0,0,0,0,0,0,0,0,0,0,0,0,0,0,0,5,0,0,0,0,0,0,0,0,4,4,0,0,0,0,0,0,0,6,0,0,0,0,0,0,0,0,5,5,0,0,0,0,0,0,0,7,0,0,0,0,0,0,0,0,11,0,0,3,0,0,0,0,0,9,0,0,0,0,4,0,0,0,5,0,0,10,3,3,0,0,0,14,0,0,9,3,0,0,0,0,13,0,3,0,3,0,0,0,0,3,0,0,0,0,0,0,0,0,0,0,0,0,0,0,0,0,0,0,0,0,0,0,0,0,0,0,0,17,10,26,17,16,5,0,10,86
SAL22824,0,0,0,0,0,0,0,0,0,0,0,0,0,0,0,0,0,0,0,0,0,0,0,0,0,0,0,0,0,0,0,0,0,0,0,0,0,0,0,0,0,0,0,0,0,3,0,0,0,0,0,0,0,0,0,0,0,0,0,0,0,0,0,0,0,0,0,0,0,0,0,3,0,0,0,0,0,0,0,0,0,0,0,0,0,0,0,0,3,7,0,0,0,0,0,0,0,0,0,0,0,0,0,0,0,0,0,0,0,0,0,0,0,0,0,0,0,0,0,0,0,0,0,0,0,0,0,0,0,0,0,0,0,0,0,8,0,5,3,0,0,0,0,17
SAL22825,150,0,0,0,0,0,0,10,157,118,0,0,0,0,0,0,12,128,50,5,0,0,0,0,0,3,66,25,14,16,8,0,0,0,4,65,20,4,30,22,0,0,0,0,78,12,12,61,27,14,0,0,5,128,6,21,75,38,9,0,0,0,156,17,13,86,42,8,0,0,3,176,6,18,75,52,15,3,0,6,178,12,19,59,47,7,4,0,8,151,7,6,51,38,9,0,0,5,124,7,7,28,25,12,0,0,0,85,0,5,27,21,8,4,0,0,60,0,0,6,9,3,0,3,0,25,0,4,4,0,7,0,0,3,24,427,127,520,333,90,25,14,56,1592
SAL22826,0,0,0,0,0,0,0,0,0,0,0,0,0,0,0,0,0,0,0,0,0,0,0,0,0,0,0,0,0,0,0,0,0,0,0,0,0,0,0,0,0,0,0,0,0,0,0,0,0,0,0,0,0,0,0,0,0,0,0,0,0,0,0,0,0,0,0,0,0,0,0,0,0,0,0,0,0,0,0,0,0,0,0,3,0,0,0,0,0,5,0,3,0,0,0,0,0,0,5,0,0,0,4,0,0,0,0,3,0,0,4,0,0,0,0,0,5,0,0,0,0,0,0,0,0,0,0,0,0,0,0,0,0,0,0,0,4,8,6,0,0,0,0,20
SAL22827,0,0,0,0,0,0,0,0,0,0,0,0,0,0,0,0,0,0,0,0,0,0,0,0,0,0,0,0,0,0,0,0,0,0,0,0,0,0,0,0,0,0,0,0,0,0,0,0,0,0,0,0,0,0,0,0,0,0,0,0,0,0,0,0,0,0,0,0,0,0,0,0,0,0,0,0,0,0,0,0,0,0,0,0,0,0,0,0,0,0,0,0,0,0,0,0,0,0,0,0,0,0,0,0,0,0,0,0,0,0,0,0,0,0,0,0,0,0,0,0,0,0,0,0,0,0,0,0,0,0,0,0,0,0,0,0,0,0,0,0,0,0,0,0
SAL22828,0,0,0,0,0,0,0,0,0,0,0,0,0,0,0,0,0,0,0,0,0,0,0,0,0,0,0,0,0,0,0,0,0,0,0,0,0,0,0,0,0,0,0,0,0,0,0,0,0,0,0,0,0,0,0,0,0,0,0,0,0,0,0,0,0,0,0,0,0,0,0,0,0,0,0,0,0,0,0,0,0,0,0,0,0,0,0,0,0,0,0,0,0,0,0,0,0,0,0,0,0,0,0,0,0,0,0,0,0,0,0,0,0,0,0,0,0,0,0,0,0,0,0,0,0,0,0,0,0,0,0,0,0,0,0,0,0,0,0,0,0,0,0,0
SAL22829,93,0,0,0,0,0,0,9,95,82,9,0,0,0,0,0,7,97,64,27,14,4,0,0,0,12,126,37,19,23,10,3,3,0,14,116,23,22,37,16,12,5,0,10,137,17,15,28,18,14,0,0,14,109,26,22,36,30,8,0,3,9,134,37,23,42,28,13,10,0,5,154,27,22,57,42,20,12,3,10,190,38,24,75,46,20,6,7,19,235,33,28,85,53,19,8,7,18,245,23,13,75,72,30,17,4,32,270,11,13,42,52,27,7,4,31,192,5,10,26,43,16,11,12,19,132,11,14,42,44,23,12,13,24,180,517,257,609,461,206,78,47,246,2424
SAL22830,4,0,0,0,0,0,0,0,4,3,0,0,0,0,0,0,0,3,0,0,0,0,0,0,0,0,0,0,0,0,0,0,0,0,0,0,0,0,0,0,0,0,0,0,0,0,0,0,0,0,0,0,0,4,0,0,4,0,0,0,0,0,10,0,0,0,4,0,0,0,0,0,0,0,3,0,0,0,0,0,5,0,4,0,0,0,0,0,0,8,0,0,5,0,0,0,0,0,6,0,0,0,0,0,0,0,0,6,0,0,0,0,0,0,0,0,0,0,0,0,0,0,0,0,0,0,0,0,0,0,0,0,0,0,0,12,3,12,6,9,0,0,0,50
SAL22831,0,0,0,0,0,0,0,0,0,0,0,0,0,0,0,0,0,0,0,0,0,0,0,0,0,0,0,0,0,0,0,0,0,0,0,0,0,0,0,0,0,0,0,0,0,0,0,0,0,0,0,0,0,5,0,0,0,0,0,0,0,0,0,0,0,0,0,0,0,0,0,4,0,0,3,0,0,0,0,0,3,0,0,0,0,0,0,0,0,0,0,0,0,0,0,0,0,0,0,0,0,0,0,0,0,0,0,0,0,0,0,0,0,0,0,0,0,0,0,0,0,0,0,0,0,0,0,0,0,0,0,0,0,0,0,5,5,0,4,0,0,0,0,17
SAL22832,9,0,0,0,0,0,0,0,5,0,0,0,0,0,0,0,0,0,0,0,0,0,0,0,0,0,0,0,0,0,0,0,0,0,0,3,0,0,0,0,0,0,0,0,3,0,0,0,0,0,0,0,0,5,0,0,0,0,0,0,0,0,0,0,0,0,0,0,0,0,0,7,0,0,0,0,0,0,0,0,0,0,0,0,0,0,0,0,0,7,0,0,0,0,0,0,0,0,3,0,0,0,0,0,0,0,0,0,0,0,0,0,0,0,0,0,5,0,0,0,0,0,0,0,0,0,0,0,0,0,0,0,0,0,0,11,6,8,9,3,3,0,6,42
SAL22833,199,4,0,0,0,0,0,17,216,92,3,0,0,0,0,0,8,107,65,11,3,0,0,0,0,7,93,48,35,36,11,0,0,0,7,141,34,35,66,20,8,0,0,12,173,43,43,129,57,4,0,0,14,283,41,28,111,69,6,0,0,15,283,51,51,104,56,17,0,4,17,299,34,37,94,54,17,3,0,14,254,41,22,70,48,11,9,0,10,199,45,28,78,59,15,11,4,8,245,38,20,77,36,26,3,5,4,207,21,15,47,29,19,12,6,16,153,12,7,14,20,11,8,0,3,81,3,6,23,17,18,9,5,9,97,768,332,858,484,158,49,21,158,2839
SAL22834,14,0,0,0,0,0,0,0,13,8,0,0,0,0,0,0,0,11,4,0,0,0,0,0,0,0,4,0,0,4,0,0,0,0,0,0,0,0,0,0,0,0,0,0,4,0,4,5,0,0,0,0,0,18,5,6,3,0,0,0,0,0,13,0,0,3,5,0,0,0,0,15,5,0,4,4,0,0,0,0,12,0,4,3,0,0,0,0,0,11,3,3,0,4,0,0,0,0,12,0,0,0,0,4,0,0,0,7,0,3,3,0,0,0,0,0,9,0,0,3,0,0,0,0,0,0,0,0,0,0,0,0,0,0,0,36,18,38,23,4,3,0,8,137
SAL22835,0,0,0,0,0,0,0,0,0,6,0,0,0,0,0,0,0,6,0,0,0,0,0,0,0,0,0,0,0,0,0,0,0,0,0,0,0,0,0,0,0,0,0,0,0,0,0,4,0,0,0,0,0,0,0,0,0,0,0,0,0,0,0,0,0,0,0,0,0,0,0,0,0,0,0,3,0,0,0,0,8,0,0,0,0,0,0,0,0,5,0,0,0,0,0,0,0,0,0,0,0,0,0,0,0,0,0,3,0,0,0,0,0,0,0,0,0,0,0,0,0,0,0,0,0,0,0,0,0,0,0,0,0,0,0,6,4,6,3,0,0,0,0,25
SAL22836,18,0,0,0,0,0,0,0,15,9,0,0,0,0,0,0,0,9,0,0,0,0,0,0,0,0,4,0,0,0,0,0,0,0,0,3,6,4,11,0,4,0,0,0,21,0,0,5,11,3,0,0,0,21,0,0,6,6,4,0,0,0,13,0,0,7,9,0,0,0,0,15,0,0,0,7,4,0,0,0,13,0,0,5,4,3,0,0,0,10,3,0,0,5,0,0,0,0,7,0,0,3,0,4,0,0,0,9,0,0,3,0,0,0,0,0,9,0,0,0,0,0,0,0,0,5,0,0,0,0,0,0,0,0,0,34,15,46,42,12,4,0,0,161
SAL22837,0,0,0,0,0,0,0,0,0,0,0,0,0,0,0,0,0,0,0,0,0,0,0,0,0,0,0,0,0,0,0,0,0,0,0,0,0,0,0,0,0,0,0,5,3,0,0,0,0,0,0,0,0,0,0,0,0,0,0,0,0,0,0,0,0,0,0,0,0,0,0,4,0,0,0,0,0,0,0,0,0,0,0,0,0,0,0,0,0,4,0,0,0,0,0,0,0,0,0,0,0,0,0,0,0,0,0,0,0,0,0,0,0,0,0,0,0,0,0,0,0,0,0,0,0,3,0,0,0,0,0,0,0,0,0,5,4,5,0,3,0,0,4,18
SAL22838,0,0,0,0,0,0,0,0,0,0,0,0,0,0,0,0,3,3,0,0,0,0,0,0,0,0,0,0,0,0,0,0,0,0,0,0,0,0,0,0,0,0,0,0,0,0,0,0,0,0,0,0,0,3,0,0,0,0,0,0,0,0,0,0,0,0,0,0,0,0,0,0,0,0,0,0,0,0,0,0,0,3,0,0,0,0,0,0,0,3,0,0,0,0,0,0,0,0,0,0,0,0,0,0,0,0,0,4,0,0,0,0,0,0,0,0,0,0,0,0,0,0,0,0,0,0,0,0,0,0,0,0,0,0,0,3,3,0,3,0,0,0,0,15
SAL22839,0,0,0,0,0,0,0,0,0,0,0,0,0,0,0,0,0,0,4,0,0,0,0,0,0,0,4,0,0,0,0,0,0,0,0,4,0,0,0,0,0,0,0,0,4,0,0,0,0,0,0,0,0,3,0,0,0,0,0,0,0,0,0,0,0,5,0,0,0,0,3,6,4,0,0,0,0,0,0,0,3,0,0,0,0,0,0,0,0,5,0,0,0,0,0,0,0,0,0,0,0,0,0,0,0,0,0,0,0,0,0,3,0,0,0,0,9,0,0,0,0,0,0,0,0,0,0,0,0,0,0,0,0,0,0,10,5,10,7,5,0,0,3,45
SAL22840,0,0,0,0,0,0,0,0,0,0,0,0,0,0,0,0,0,0,0,0,0,0,0,0,0,0,0,0,0,0,0,0,0,0,0,0,0,0,0,0,0,0,0,0,0,0,0,0,0,0,0,0,0,0,0,0,0,0,0,0,0,0,0,0,0,0,0,0,0,0,0,0,0,0,0,0,0,0,0,0,0,0,0,0,0,0,0,0,0,4,0,0,0,0,0,0,0,0,0,0,0,0,0,0,0,0,0,0,0,0,0,0,0,0,0,0,0,0,0,0,0,0,0,0,0,0,0,0,0,0,0,0,0,0,0,0,0,0,4,0,0,0,5,16
SAL22841,6,0,0,0,0,0,0,4,12,3,0,0,0,0,0,0,0,4,0,0,0,0,0,0,0,0,4,0,0,0,0,0,0,0,0,3,3,0,3,0,0,0,0,0,9,0,3,3,0,0,0,0,0,12,0,0,4,0,0,0,0,5,11,0,0,7,9,0,0,0,0,16,4,0,3,7,0,0,0,0,18,0,0,9,3,0,0,0,0,16,3,4,5,12,3,0,0,0,21,0,3,8,4,5,0,0,0,17,0,0,4,4,0,0,0,0,11,0,0,0,0,0,0,0,0,5,0,0,3,0,0,0,0,0,4,28,12,50,37,18,0,5,19,168
SAL22842,0,0,0,0,0,0,0,0,0,0,0,0,0,0,0,0,0,0,0,0,0,0,0,0,0,0,0,0,0,0,0,0,0,0,0,0,0,0,0,0,0,0,0,0,0,0,0,0,0,0,0,0,0,8,3,0,0,0,0,0,0,0,11,0,0,0,0,0,0,0,0,3,5,0,0,0,0,0,0,0,8,0,0,5,6,0,0,0,0,10,0,0,0,0,0,0,0,0,3,0,0,4,0,0,0,0,0,8,0,0,0,0,0,0,0,0,0,0,0,0,0,0,0,0,0,0,0,0,0,0,0,0,0,0,0,9,0,18,7,6,0,0,4,50
SAL22843,0,0,0,0,0,0,0,0,0,4,0,0,0,0,0,0,0,4,0,0,0,0,0,0,0,0,0,0,0,4,0,0,0,0,0,4,0,0,3,0,0,0,0,0,3,0,0,0,0,0,0,0,0,0,0,4,3,0,0,0,0,0,5,0,0,0,0,0,0,0,0,8,0,0,0,0,0,0,0,0,5,0,0,4,0,0,0,0,0,6,0,0,3,0,0,0,0,0,8,0,0,0,3,0,0,0,0,8,0,0,0,0,0,0,0,0,0,0,0,0,0,0,0,0,0,4,0,0,0,0,0,0,0,0,5,12,10,18,10,6,5,0,9,52
SAL22844,0,0,0,0,0,0,0,0,0,3,0,0,0,0,0,0,0,3,4,0,0,0,0,0,0,0,4,0,0,0,0,0,0,0,0,0,0,0,0,0,0,0,0,0,0,0,0,0,0,0,0,0,0,0,0,0,0,0,0,0,0,0,0,0,0,0,0,0,0,0,0,0,0,0,0,0,0,0,0,0,0,0,0,0,0,0,0,0,0,0,0,0,0,0,0,0,0,0,0,0,0,0,0,0,0,0,0,0,0,0,0,0,0,0,0,0,0,0,0,0,0,0,0,0,0,0,0,0,0,0,0,0,0,0,0,8,6,7,0,0,0,0,0,13
SAL22845,0,0,0,0,0,0,0,0,0,0,0,0,0,0,0,0,0,0,0,0,0,0,0,0,0,0,0,0,0,5,0,0,0,0,0,6,0,0,0,0,0,0,0,0,0,0,0,0,0,0,0,0,0,0,0,0,0,0,0,0,0,0,0,0,0,0,0,0,0,0,0,0,0,0,0,0,0,0,0,0,0,0,0,0,0,0,0,0,0,0,0,0,0,0,0,0,0,0,0,0,0,0,0,0,0,0,0,0,0,0,0,0,0,0,0,0,0,0,0,0,0,0,0,0,0,0,0,0,0,0,0,0,0,0,0,0,3,4,0,5,0,0,0,13
SAL22846,18,0,0,0,0,0,0,5,19,6,0,0,0,0,0,0,6,17,3,5,4,0,0,0,0,0,14,8,0,3,0,0,0,0,6,14,4,0,9,4,3,0,0,0,21,0,0,3,3,0,0,0,0,13,4,0,0,9,0,0,0,6,13,0,4,9,5,5,0,0,0,23,3,3,3,3,3,0,0,4,21,5,0,13,10,5,0,0,0,25,6,0,9,3,3,0,4,0,29,0,0,5,0,0,0,0,3,11,0,0,0,0,5,0,0,0,5,0,0,3,0,0,0,0,0,4,0,0,0,0,0,0,0,0,7,59,23,61,38,24,6,3,24,232
SAL22847,0,0,0,0,0,0,0,0,0,0,0,0,0,0,0,0,0,0,0,0,0,0,0,0,0,0,0,0,0,0,0,0,0,0,0,0,0,0,0,0,0,0,0,0,0,0,0,0,0,0,0,0,0,3,0,0,5,0,0,0,0,0,0,0,0,0,0,0,0,0,0,3,3,0,0,0,0,0,0,0,5,0,0,0,0,0,0,0,0,0,0,0,0,0,4,0,0,0,5,0,0,0,0,0,0,0,0,0,0,0,0,0,0,0,0,0,0,0,0,0,0,0,0,0,0,0,0,0,0,0,0,0,0,0,0,7,0,7,6,4,0,0,3,24
SAL22848,9,0,0,0,0,0,0,0,10,3,0,0,0,0,0,0,0,3,0,0,0,0,0,0,0,0,3,4,0,0,0,0,0,0,0,8,0,3,0,0,0,0,0,0,4,0,0,6,0,0,0,0,0,7,3,0,0,0,0,0,0,0,10,4,0,4,0,3,0,0,0,7,5,0,0,0,0,0,0,0,11,6,0,0,0,0,0,0,0,8,0,0,9,3,3,0,0,4,22,0,0,4,0,0,0,0,0,5,0,0,0,0,0,0,0,0,4,0,0,5,0,0,0,0,0,4,0,0,0,0,0,0,0,0,0,29,7,28,7,9,0,3,13,102
SAL22849,0,0,0,0,0,0,0,0,0,0,0,0,0,0,0,0,0,0,0,0,0,0,0,0,0,0,0,0,0,0,0,0,0,0,0,0,0,0,0,0,0,0,0,0,0,0,0,0,0,0,0,0,0,0,0,0,0,0,0,0,0,0,0,0,0,0,0,0,0,0,0,0,0,0,0,0,0,0,0,0,0,0,0,0,0,0,0,0,0,0,0,0,0,0,0,0,0,0,0,0,0,0,0,0,0,0,0,0,0,0,0,0,0,0,0,0,0,0,0,0,0,0,0,0,0,0,0,0,0,0,0,0,0,0,0,0,0,0,0,0,0,0,0,0
SAL22850,0,0,0,0,0,0,0,0,0,0,0,0,0,0,0,0,0,0,0,0,0,0,0,0,0,0,0,0,0,0,0,0,0,0,0,0,0,0,0,0,0,0,0,0,0,0,0,0,0,0,0,0,0,0,0,0,0,0,0,0,0,0,0,0,0,0,0,0,0,0,0,0,0,0,0,0,0,0,0,0,0,0,0,0,0,0,0,0,3,4,0,0,0,0,0,0,0,0,0,0,0,0,0,0,0,0,0,0,0,0,0,0,0,0,0,0,0,0,0,0,0,0,0,0,0,0,0,0,0,0,0,0,0,0,0,0,0,0,0,0,0,0,3,5
SAL22851,8,0,0,0,0,0,0,0,13,18,0,0,0,0,0,0,0,19,3,8,0,5,0,0,0,0,13,4,0,4,0,0,0,0,0,5,0,0,5,0,0,0,0,0,11,5,0,5,5,0,0,0,0,9,3,3,0,0,3,0,0,0,7,4,3,4,5,0,0,0,0,16,0,0,7,3,0,0,0,0,21,3,0,3,12,0,0,0,0,21,0,0,5,5,7,0,0,0,16,0,0,4,0,0,0,0,0,11,0,0,0,0,0,0,0,0,0,0,0,0,0,0,0,0,0,6,0,0,0,0,0,0,0,0,4,47,13,38,33,14,0,0,10,162
SAL22852,7,0,0,0,0,0,0,0,6,3,0,0,0,0,0,0,0,3,0,0,0,0,0,0,0,0,0,0,0,0,0,0,0,0,0,0,0,0,0,0,0,0,0,0,0,0,0,0,0,0,0,0,0,4,0,0,0,0,4,0,0,0,3,0,0,0,0,0,0,0,0,8,0,0,3,4,0,0,0,0,8,0,0,3,0,0,0,0,4,12,4,0,3,0,6,0,0,0,17,0,0,0,4,0,0,0,5,8,0,0,0,3,0,3,0,0,9,0,0,0,0,0,0,0,0,3,0,0,0,0,4,0,0,0,9,21,7,17,15,13,5,0,17,89
SAL22853,8,0,0,0,0,0,0,0,8,3,0,0,0,0,0,0,0,5,12,0,0,0,0,0,0,0,11,5,0,0,0,0,0,0,0,8,0,4,3,0,0,0,0,0,8,0,0,3,3,0,0,0,0,6,3,0,7,3,0,0,0,0,10,0,0,7,5,5,0,0,0,15,3,0,8,4,4,0,0,4,22,0,0,7,0,5,0,0,0,10,5,0,7,6,0,0,0,0,20,0,0,0,5,0,0,0,0,7,0,0,0,3,0,0,0,0,3,0,0,0,0,0,0,0,0,3,0,0,0,0,0,0,0,0,0,42,15,39,30,14,6,0,4,155
SAL22854,0,0,0,0,0,0,0,0,0,0,0,0,0,0,0,0,0,0,0,0,0,0,0,0,0,0,3,0,0,0,0,0,0,0,0,0,0,0,0,0,0,0,0,0,0,0,0,0,0,0,0,0,0,0,0,0,0,0,0,0,0,0,0,0,0,0,0,0,0,0,0,0,0,0,0,0,0,0,0,0,0,0,0,3,0,0,0,0,0,4,0,0,0,0,0,0,0,0,0,0,0,0,0,0,0,0,0,0,0,0,0,0,0,0,0,0,0,0,0,0,0,0,0,0,0,0,0,0,0,0,0,0,0,0,0,6,0,7,6,0,0,0,0,13
SAL22855,4,0,0,0,0,0,0,0,4,0,0,0,0,0,0,0,0,0,0,0,0,0,0,0,0,0,0,0,0,0,0,0,0,0,0,0,0,0,0,0,0,0,0,0,0,0,0,0,0,0,0,0,0,0,0,0,0,0,0,0,0,0,3,0,0,0,0,0,0,0,0,0,0,0,0,0,0,0,0,0,0,0,0,0,0,0,0,0,0,4,0,0,3,0,0,0,0,0,3,0,0,0,0,0,0,0,0,3,0,0,0,0,0,0,0,0,5,0,0,0,0,0,0,0,0,0,0,0,0,0,0,0,0,0,0,8,0,5,3,0,0,0,0,20
SAL22856,0,0,0,0,0,0,0,0,0,3,0,0,0,0,0,0,0,3,0,0,0,0,0,0,0,0,0,0,0,0,0,0,0,0,0,0,0,0,0,0,0,0,0,0,0,0,0,0,0,0,0,0,0,5,0,0,0,0,0,0,0,0,4,0,0,4,0,0,0,0,0,9,0,0,0,3,0,0,0,0,3,0,0,0,0,0,0,0,0,0,0,0,0,0,0,0,0,0,3,0,0,0,0,0,0,0,0,5,0,0,0,0,0,0,0,0,0,0,0,0,0,0,0,0,0,3,0,0,0,0,0,0,0,0,0,10,7,9,7,0,0,3,3,40
SAL22857,74,0,0,0,0,0,0,3,74,63,10,3,0,0,0,0,4,79,50,27,17,5,0,0,0,4,107,33,29,36,9,3,5,0,3,114,9,15,39,21,3,0,0,6,107,9,4,33,21,3,0,0,3,78,18,20,24,19,9,0,3,0,95,15,5,33,25,7,0,0,3,95,6,4,53,25,9,0,0,0,112,9,9,28,17,11,4,0,0,77,7,9,32,24,10,4,3,6,92,7,5,23,18,4,0,0,0,58,0,4,21,13,4,0,0,5,42,0,0,3,10,5,0,0,0,28,0,0,7,0,5,0,3,3,22,295,154,358,204,82,18,14,46,1169
SAL22858,4,0,0,0,0,0,0,0,4,12,0,0,0,0,0,0,0,10,5,4,0,0,0,0,0,0,9,0,0,0,0,0,0,0,0,8,4,0,3,0,0,0,0,4,10,0,0,0,4,0,0,0,4,13,0,0,0,3,0,0,0,3,7,0,0,0,5,0,0,0,0,9,0,0,0,5,3,0,0,0,6,0,0,6,0,0,0,0,3,3,0,0,4,0,0,0,0,0,11,0,0,0,0,0,0,0,0,3,0,0,0,4,0,0,0,0,5,0,0,0,0,0,0,0,0,0,0,0,0,0,0,0,0,0,0,27,6,18,21,6,4,0,19,97
SAL22859,3,0,0,0,0,0,0,0,3,3,0,0,0,0,0,0,0,3,4,0,0,0,0,0,0,0,4,4,0,0,0,0,0,0,0,0,0,0,0,0,0,0,0,0,4,0,0,0,0,0,0,0,0,0,0,0,0,0,0,0,0,0,5,0,0,0,0,0,0,0,0,0,0,0,3,0,0,0,0,0,3,0,0,4,0,0,0,0,0,0,0,0,0,0,0,0,0,0,0,0,0,0,0,3,0,0,0,0,0,0,0,0,0,0,0,0,3,0,0,0,0,0,0,0,0,0,0,0,0,0,0,0,0,0,0,12,0,11,8,3,0,0,3,34
SAL22860,14,0,0,0,0,0,0,0,13,5,0,0,0,0,0,0,0,9,8,0,0,0,0,0,0,0,15,3,0,5,0,0,0,0,0,11,0,0,5,0,0,0,0,3,9,0,4,0,9,0,0,0,0,11,0,0,0,6,3,0,0,0,10,6,0,4,4,5,0,0,0,13,0,0,3,3,0,0,5,0,18,0,0,0,0,0,0,0,0,10,3,4,3,5,3,0,0,0,14,0,3,5,3,0,0,0,6,9,0,0,0,0,0,0,0,0,5,0,0,0,0,0,0,0,0,3,0,0,0,0,0,0,0,0,3,41,13,24,31,18,8,4,16,154
SAL22861,0,0,0,0,0,0,0,0,0,0,0,0,0,0,0,0,0,0,4,0,4,0,0,0,0,0,7,0,0,0,4,0,0,0,0,4,0,0,4,0,0,0,0,0,3,0,3,5,5,0,0,0,0,5,0,0,0,0,0,0,0,0,0,0,0,0,0,0,0,0,0,4,0,0,0,5,0,0,0,0,7,0,0,0,0,0,0,0,0,7,0,0,0,0,0,0,0,0,0,0,0,0,0,0,0,0,0,0,0,0,0,3,0,0,0,0,4,0,0,0,4,0,0,0,0,3,0,0,0,0,0,0,0,0,0,8,6,13,18,4,0,0,3,51
SAL22862,0,0,0,0,0,0,0,0,0,0,0,0,0,0,0,0,0,0,0,0,0,0,0,0,0,0,0,0,0,0,0,0,0,0,0,4,0,0,0,0,0,0,0,0,0,0,0,0,0,0,0,0,0,0,0,0,0,0,0,0,0,0,0,0,0,0,0,0,0,0,0,0,0,0,0,0,0,0,0,0,0,0,0,3,0,0,0,0,0,6,0,0,0,0,0,0,0,0,0,0,0,0,0,0,0,0,0,3,0,0,0,0,0,0,0,0,0,0,0,0,0,0,0,0,0,0,0,0,0,0,0,0,0,0,0,0,0,7,5,0,0,0,0,11
SAL22863,0,0,0,0,0,0,0,0,0,0,0,0,0,0,0,0,0,0,0,0,0,0,0,0,0,0,0,0,0,0,0,0,0,0,0,0,0,0,0,0,0,0,0,0,0,0,0,0,0,0,0,0,0,0,0,0,0,0,0,0,0,0,0,0,0,0,0,0,0,0,0,0,0,0,0,0,0,0,0,0,0,0,0,0,0,0,0,0,0,0,0,0,0,0,0,0,0,0,0,0,0,0,0,0,0,0,0,3,0,0,0,0,0,0,0,0,0,0,0,0,0,0,0,0,0,0,0,0,0,0,0,0,0,0,0,0,0,0,0,0,0,0,3,9
SAL22864,0,0,0,0,0,0,0,0,0,0,0,0,0,0,0,0,0,0,0,0,0,0,0,0,0,0,0,0,0,4,0,0,0,0,0,4,0,0,0,0,0,0,0,0,0,0,0,0,0,0,0,0,0,0,0,0,0,0,0,0,0,0,0,0,0,0,0,0,0,0,0,0,0,0,0,0,0,0,0,0,0,0,0,0,0,0,0,0,0,0,0,0,0,0,0,0,0,0,0,0,0,0,0,0,0,0,0,0,0,0,0,0,0,0,0,0,0,0,0,0,0,0,0,0,0,0,0,0,0,0,0,0,0,0,0,0,0,5,0,0,0,0,0,13
SAL22865,0,0,0,0,0,0,0,0,0,0,0,0,0,0,0,0,0,0,0,0,0,0,0,0,0,0,0,0,0,0,0,0,0,0,0,0,0,0,0,0,0,0,0,0,0,0,0,0,0,0,0,0,0,0,0,0,0,0,0,0,0,0,0,0,0,0,0,0,0,0,0,0,0,0,0,0,0,0,0,0,0,0,0,0,0,0,0,0,0,0,0,0,0,0,0,0,0,0,0,0,0,0,0,0,0,0,0,0,0,0,0,0,0,0,0,0,0,0,0,0,0,0,0,0,0,0,0,0,0,0,0,0,0,0,0,0,0,0,0,0,0,0,0,0
SAL22866,0,0,0,0,0,0,0,0,0,0,0,0,0,0,0,0,0,0,0,0,0,0,0,0,0,0,0,0,0,0,0,0,0,0,0,0,0,0,0,0,0,0,0,0,0,0,0,0,0,0,0,0,0,0,0,0,0,0,0,0,0,0,0,0,0,0,0,0,0,0,0,0,0,0,0,0,0,0,0,0,0,0,0,0,0,0,0,0,0,0,0,0,0,0,0,0,0,0,0,0,0,0,0,0,0,0,0,0,0,0,0,0,0,0,0,0,0,0,0,0,0,0,0,0,0,0,0,0,0,0,0,0,0,0,0,0,0,0,0,0,0,0,0,0
SAL22867,0,0,0,0,0,0,0,0,0,0,0,0,0,0,0,0,0,0,0,0,0,0,0,0,0,0,0,0,0,0,0,0,0,0,0,0,0,0,0,0,0,0,0,0,0,0,0,0,0,0,0,0,0,0,0,0,0,0,0,0,0,0,0,0,0,0,0,0,0,0,0,0,0,0,0,0,0,0,0,0,0,0,0,0,0,0,0,0,0,0,0,0,0,0,0,0,0,0,0,0,0,0,0,0,0,0,0,0,0,0,0,0,0,0,0,0,0,0,0,0,0,0,0,0,0,0,0,0,0,0,0,0,0,0,0,0,0,0,0,0,0,0,0,0
SAL22868,0,0,0,0,0,0,0,0,0,0,0,0,0,0,0,0,0,0,0,0,0,0,0,0,0,0,0,0,0,0,0,0,0,0,0,0,0,0,0,0,0,0,0,0,0,0,0,0,0,0,0,0,0,0,0,0,0,0,0,0,0,0,0,0,0,0,0,0,0,0,0,0,0,0,0,0,0,0,0,0,0,0,0,0,0,0,0,0,0,0,0,0,0,0,0,0,0,0,0,0,0,0,0,0,0,0,0,0,0,0,0,0,0,0,0,0,0,0,0,0,0,0,0,0,0,0,0,0,0,0,0,0,0,0,0,0,0,0,0,0,0,0,0,0
SAL22869,0,0,0,0,0,0,0,0,0,0,0,0,0,0,0,0,0,0,0,0,0,0,0,0,0,0,0,5,0,0,0,0,0,0,0,4,0,0,0,0,0,0,0,0,0,0,7,0,0,0,0,0,0,5,0,0,0,0,0,0,0,0,4,0,0,0,0,0,0,0,0,4,0,0,0,0,0,0,0,0,0,0,0,4,0,0,0,0,0,3,0,0,0,0,0,0,0,0,3,0,0,0,0,0,0,0,0,3,0,0,0,0,0,0,0,0,0,0,0,0,0,0,0,0,0,0,0,0,0,0,0,0,0,0,0,8,3,3,8,5,0,0,0,35
SAL22870,0,0,0,0,0,0,0,0,0,0,0,0,0,0,0,0,0,0,0,0,0,0,0,0,0,0,0,0,0,0,0,0,0,0,0,0,0,0,0,0,0,0,0,0,0,0,0,0,0,0,0,0,0,0,0,0,0,0,0,0,0,0,0,0,0,0,0,0,0,0,0,0,0,0,0,0,0,0,0,0,0,0,0,0,0,0,0,0,0,4,0,0,0,0,0,0,0,0,4,0,0,0,0,0,0,0,0,0,0,0,0,0,0,0,0,0,0,0,0,0,0,0,0,0,0,0,0,0,0,0,0,0,0,0,0,3,0,0,0,0,0,0,0,4
SAL22871,0,0,0,0,0,0,0,0,0,0,0,0,0,0,0,0,0,0,0,0,0,0,0,0,0,0,0,0,0,0,0,0,0,0,0,0,0,0,0,0,0,0,0,0,0,0,0,0,0,0,0,0,0,0,0,0,0,0,0,0,0,0,0,0,0,0,0,0,0,0,0,0,0,0,0,0,0,0,0,0,0,0,0,0,0,0,0,0,0,0,0,0,0,0,0,0,0,0,0,0,0,0,0,0,0,0,0,0,0,0,0,0,0,0,0,0,0,0,0,0,0,0,0,0,0,0,0,0,0,0,0,0,0,0,0,0,0,0,0,0,0,0,0,3
SAL22872,0,0,0,0,0,0,0,0,0,0,0,0,0,0,0,0,0,0,0,0,0,0,0,0,0,0,0,0,0,0,0,0,0,0,0,0,0,0,0,0,0,0,0,0,0,0,0,0,0,0,0,0,0,0,0,0,0,0,0,0,0,0,0,0,0,0,0,0,0,0,0,0,0,0,0,0,0,0,0,0,0,0,0,0,0,0,0,0,0,0,0,0,0,0,0,0,0,0,0,0,0,0,0,0,0,0,0,0,0,0,0,0,0,0,0,0,0,0,0,0,0,0,0,0,0,0,0,0,0,0,0,0,0,0,0,0,0,0,0,0,0,0,0,0
SAL22873,9,0,0,0,0,0,0,0,9,5,0,0,0,0,0,0,0,5,9,0,0,0,0,0,0,0,12,0,4,3,3,0,0,0,0,9,0,0,5,0,0,0,0,0,8,0,0,0,6,0,0,0,0,9,0,6,0,0,0,0,0,0,10,3,0,3,4,0,0,0,6,14,4,0,3,4,3,0,0,0,15,0,0,6,5,5,0,0,0,14,3,0,5,0,4,0,0,0,10,0,0,4,3,0,0,0,0,8,0,0,0,0,0,0,4,0,3,0,0,0,0,0,0,0,0,3,0,0,0,0,0,0,0,0,4,39,11,25,22,14,6,7,13,132
SAL22874,15,0,0,0,0,0,0,0,18,3,0,0,0,0,0,0,0,3,6,0,0,0,0,0,0,0,3,0,0,0,0,0,0,0,0,0,0,0,0,0,0,0,0,0,0,0,0,4,0,0,0,0,0,3,0,0,4,0,0,0,0,3,4,0,0,0,3,0,0,0,0,8,0,0,0,4,0,0,0,0,6,0,0,0,0,0,0,0,0,3,5,0,0,0,0,0,0,0,7,0,0,0,0,0,0,0,0,8,0,0,0,0,0,0,0,0,0,0,0,0,0,0,0,0,0,0,0,0,0,0,0,0,0,0,0,30,3,11,13,12,0,0,3,74
SAL22875,46,0,0,0,0,0,0,12,57,26,6,0,0,0,0,0,8,37,11,3,3,0,0,0,0,5,26,5,5,9,0,8,0,0,0,23,0,0,16,10,0,0,0,5,35,5,3,11,7,0,3,0,4,37,5,0,15,19,4,0,3,0,48,4,6,22,11,4,3,0,3,54,0,3,16,5,4,0,0,6,41,4,0,20,11,8,0,0,5,56,0,5,16,4,4,0,0,3,35,0,0,14,11,0,5,0,3,30,0,0,3,0,0,0,0,0,14,0,0,0,0,3,0,0,0,10,3,0,0,0,0,0,0,0,3,111,35,142,91,38,11,15,49,491
SAL22876,50,0,0,0,0,0,0,0,50,30,0,0,0,0,0,0,0,37,25,14,10,0,0,0,0,4,48,18,12,21,10,11,0,0,4,67,11,5,12,11,0,0,0,3,47,10,3,23,13,0,0,0,3,55,6,6,16,11,6,0,0,0,43,13,6,31,21,9,0,0,4,77,14,8,33,22,9,3,0,5,81,7,3,25,15,12,0,0,4,63,5,3,25,22,3,3,5,0,66,5,4,35,20,6,3,3,9,81,0,4,23,4,8,3,0,0,51,6,4,12,3,5,6,0,0,30,0,5,3,5,12,0,0,4,29,196,63,268,148,78,18,12,43,829
SAL22877,10,0,0,0,0,0,0,0,12,7,0,0,0,0,0,0,0,6,7,0,3,0,0,0,0,0,13,6,6,9,3,0,0,0,0,20,0,0,0,3,0,0,0,0,7,0,0,3,3,0,0,0,5,9,0,0,8,4,0,0,0,0,19,0,8,11,6,0,0,0,5,24,4,4,11,6,3,0,0,5,21,9,0,0,14,3,0,0,0,23,0,0,4,4,4,3,0,0,21,0,0,3,5,5,3,0,3,20,0,0,5,4,8,3,4,0,19,0,0,4,0,3,0,0,4,21,0,0,5,5,0,0,4,12,25,43,20,61,49,29,12,11,39,269
SAL22878,0,0,0,0,0,0,0,0,0,0,0,0,0,0,0,0,0,0,0,0,0,0,0,0,0,0,0,0,0,0,0,0,0,0,0,0,0,0,0,0,0,0,0,0,0,0,0,0,0,0,0,0,0,0,0,0,0,0,0,0,0,0,0,0,0,4,0,0,0,0,0,4,0,0,0,0,0,0,0,0,0,0,0,0,0,0,0,0,0,0,0,0,0,0,0,0,0,0,0,0,0,0,0,0,0,0,0,0,0,0,0,0,0,0,0,0,0,0,0,0,0,0,0,0,0,0,0,0,0,0,0,0,0,0,0,0,0,5,0,0,0,0,0,5
SAL22879,0,0,0,0,0,0,0,0,0,0,0,0,0,0,0,0,0,0,0,0,0,0,0,0,0,0,0,0,0,0,0,0,0,0,0,0,0,0,0,0,0,0,0,0,0,0,0,0,0,0,0,0,0,0,0,0,0,0,0,0,0,0,0,0,0,0,0,0,0,0,0,0,0,0,0,0,0,0,0,0,0,0,0,0,0,0,0,0,0,0,0,0,0,0,0,0,0,0,4,0,0,0,0,0,0,0,0,0,0,0,0,0,0,0,0,0,0,0,0,0,0,0,0,0,0,0,0,0,0,0,0,0,0,0,0,0,4,0,4,0,0,0,0,16
SAL22880,0,0,0,0,0,0,0,0,0,0,0,0,0,0,0,0,0,0,0,0,0,0,0,0,0,0,0,0,0,0,0,0,0,0,0,0,0,0,0,0,0,0,0,0,0,0,0,0,0,0,0,0,0,0,0,0,0,0,0,0,0,0,0,0,0,0,0,0,0,0,0,0,0,0,0,0,0,0,0,0,0,0,0,0,0,0,0,0,0,0,0,0,0,0,0,0,0,0,0,0,0,0,0,0,0,0,0,5,0,0,0,0,0,0,0,0,0,0,0,0,0,0,0,0,0,0,0,0,0,0,0,0,0,0,0,0,0,0,4,0,0,0,0,5
SAL22881,0,0,0,0,0,0,0,0,0,0,0,0,0,0,0,0,0,0,0,0,0,0,0,0,0,0,0,3,0,0,0,0,0,0,0,3,0,0,0,0,0,0,0,0,0,0,0,0,0,0,0,0,0,0,0,0,0,0,0,0,0,0,5,0,0,0,0,0,0,0,0,0,0,0,0,0,0,0,0,0,0,0,0,0,0,0,0,0,0,0,0,0,0,3,0,0,0,0,3,0,0,0,0,0,0,0,0,3,0,0,0,0,0,0,0,0,5,0,0,0,0,0,0,0,0,0,0,0,0,0,0,0,0,0,0,12,0,3,6,0,0,0,0,27
SAL22882,0,0,0,0,0,0,0,0,0,0,0,0,0,0,0,0,0,0,0,0,0,0,0,0,0,0,6,0,0,0,0,0,0,0,0,0,0,0,0,0,0,0,0,0,0,0,0,0,0,0,0,0,0,0,0,0,0,0,0,0,0,0,0,0,0,0,0,0,0,0,0,6,0,0,0,0,0,0,0,0,0,0,0,0,0,0,0,0,0,7,0,0,0,0,0,0,0,0,0,0,0,0,0,0,0,0,0,0,0,0,0,0,0,0,0,0,0,0,0,0,0,0,0,0,0,0,0,0,0,0,0,0,0,0,0,5,0,3,6,0,0,0,3,15
SAL22883,504,5,0,0,0,0,0,70,584,498,57,20,10,0,0,0,63,638,522,186,87,31,16,3,0,61,905,309,372,293,87,23,14,6,73,1185,166,265,407,120,38,23,10,66,1097,100,123,235,105,37,13,16,33,660,93,82,184,103,59,24,17,37,603,53,59,171,86,49,18,21,31,482,41,46,148,109,40,11,15,21,429,28,53,142,98,43,16,20,19,415,14,34,122,63,29,14,9,16,296,14,22,77,65,23,10,10,13,232,7,12,32,28,9,14,9,7,113,6,5,22,18,10,7,12,3,82,5,3,11,16,8,9,4,3,59,2354,1324,1955,946,389,175,142,498,7785
SAL22884,4,0,0,0,0,0,0,0,4,7,0,0,0,0,0,0,0,7,5,0,0,0,0,0,0,0,3,4,0,3,3,0,0,0,0,12,0,0,0,0,0,0,0,0,9,0,0,0,5,0,0,0,6,11,4,0,4,6,0,0,0,0,9,0,3,4,0,0,0,0,0,9,3,0,5,0,3,0,0,0,10,0,0,0,3,0,0,0,0,10,0,0,0,6,0,0,0,0,15,0,0,0,3,5,0,0,0,7,0,0,0,0,0,0,0,0,4,0,0,0,0,0,0,0,0,0,0,0,0,0,0,0,0,0,0,32,9,26,21,7,0,0,6,104
SAL22885,0,0,0,0,0,0,0,0,0,6,0,0,0,0,0,0,0,6,0,0,0,0,0,0,0,0,3,0,0,0,0,0,0,0,0,4,0,0,0,0,0,0,0,0,0,0,0,0,0,0,0,0,0,6,0,0,6,0,0,0,0,0,6,0,0,0,0,0,0,0,0,3,0,0,0,0,0,0,0,0,3,0,0,0,0,0,0,0,0,5,0,0,0,0,0,0,0,0,0,0,0,0,0,4,0,0,0,4,0,0,0,0,0,0,0,0,0,0,0,0,0,0,0,0,0,0,0,0,0,0,0,0,0,0,0,5,0,15,5,3,0,0,3,37
SAL22886,4,0,0,0,0,0,0,0,0,5,0,0,0,0,0,0,0,5,0,0,0,0,0,0,0,0,0,0,0,0,0,0,0,0,0,0,0,0,0,0,0,0,0,0,0,0,0,0,0,0,0,0,0,0,0,0,0,0,0,0,0,0,0,0,0,0,0,0,0,0,0,0,0,0,0,5,0,0,0,0,4,0,0,0,5,0,0,0,0,3,0,0,0,0,0,0,0,0,0,0,0,0,0,0,0,0,0,0,0,0,0,0,0,0,0,0,0,0,0,0,0,0,0,0,0,0,0,0,0,0,0,0,0,0,0,9,0,0,8,0,0,0,3,27
SAL22887,4,0,0,0,0,0,0,8,5,0,0,0,0,0,0,0,0,0,0,0,0,0,0,0,0,0,0,0,0,0,0,0,0,0,0,0,0,0,0,0,0,0,0,0,0,0,0,0,0,0,0,0,0,0,3,0,4,0,0,0,0,0,11,0,0,0,0,0,0,0,0,4,0,0,0,0,0,0,0,0,0,0,0,0,0,0,0,0,0,3,0,0,0,0,0,0,0,0,3,0,0,0,6,0,0,0,0,0,0,0,0,0,0,0,0,0,0,0,0,0,0,0,0,0,0,0,0,0,0,0,0,0,0,0,0,7,0,3,7,4,0,0,15,47
SAL22888,0,0,0,0,0,0,0,0,0,0,0,0,0,0,0,0,0,0,0,0,0,0,0,0,0,0,0,0,0,0,0,0,0,0,0,0,0,0,0,0,0,0,0,0,5,0,0,0,0,0,0,0,0,0,0,0,0,0,0,0,0,0,0,0,0,0,0,0,0,0,0,5,0,0,0,0,0,0,0,0,4,0,0,0,0,0,0,0,0,0,0,0,0,0,0,0,0,0,0,0,0,0,0,0,0,0,0,5,0,0,0,0,0,0,0,0,0,0,0,0,0,0,0,0,0,0,0,0,0,0,0,0,0,0,0,0,0,7,0,0,0,0,0,12
SAL22889,34,0,0,0,0,0,0,8,43,21,0,0,0,0,0,0,0,22,17,4,4,0,0,0,0,0,25,9,7,14,3,0,0,0,0,40,13,3,14,9,6,0,0,5,54,6,12,37,14,4,0,0,5,76,4,6,27,19,3,0,0,3,65,19,5,26,12,9,0,0,3,75,12,11,31,15,3,6,0,6,83,11,10,31,33,10,0,0,5,97,5,3,21,19,8,0,0,0,53,11,13,13,19,13,4,0,6,79,3,3,12,9,5,6,3,0,42,5,3,13,3,3,6,3,4,39,8,4,8,4,11,3,7,4,51,175,85,248,168,77,25,11,50,844
SAL22890,7,0,0,0,0,0,0,0,10,5,0,0,0,0,0,0,0,7,4,0,0,0,0,0,0,0,3,0,0,0,0,0,0,0,0,8,0,0,0,0,0,0,0,0,6,0,0,0,3,0,0,0,0,9,3,0,6,0,0,0,0,3,17,0,0,5,0,3,0,0,0,6,0,0,0,0,0,0,0,0,3,0,0,0,0,0,0,0,4,9,0,0,0,5,0,0,0,0,5,0,0,0,3,3,0,0,0,8,0,0,0,0,0,0,0,0,0,0,0,0,0,0,0,0,0,0,0,0,0,0,0,0,0,0,0,29,3,16,16,8,3,0,11,89
SAL22891,0,0,0,0,0,0,0,0,0,0,0,0,0,0,0,0,0,0,0,0,0,0,0,0,0,0,0,0,0,0,0,0,0,0,0,0,0,0,0,0,0,0,0,0,0,0,0,0,0,0,0,0,0,0,0,0,0,0,0,0,0,0,0,0,0,0,0,0,0,0,0,0,0,0,0,0,0,0,0,0,0,0,0,0,0,0,0,0,0,0,0,0,0,0,0,0,0,0,0,0,0,0,0,0,0,0,0,0,0,0,0,0,0,0,0,0,0,0,0,0,0,0,0,0,0,0,0,0,0,0,0,0,0,0,0,0,0,0,0,4,0,0,0,0
SAL22892,114,0,0,0,0,0,0,3,116,81,0,0,0,0,0,0,6,93,75,10,6,4,0,0,0,9,99,53,56,43,8,0,0,0,3,161,26,28,68,11,3,0,0,0,140,18,31,75,24,3,0,0,4,160,13,27,65,33,9,4,0,0,151,25,20,69,28,6,0,0,4,152,14,18,61,17,0,0,0,3,116,7,12,38,23,6,0,0,3,93,11,7,40,21,6,4,0,4,96,6,3,41,19,7,6,0,5,90,3,7,36,15,0,0,0,3,73,5,0,12,15,5,0,0,3,33,6,0,4,4,0,0,5,3,27,453,223,546,226,60,9,4,63,1587
SAL22893,4,0,0,0,0,0,0,0,7,0,0,0,0,0,0,0,0,0,4,0,0,0,0,0,0,0,4,0,0,4,0,0,0,0,0,5,0,3,0,3,0,0,0,0,5,0,0,0,0,0,0,0,0,3,0,0,0,0,0,0,0,0,7,0,0,5,0,0,0,0,0,8,0,0,0,6,0,0,0,0,8,0,0,3,0,0,0,0,0,3,0,0,0,4,3,0,0,0,7,0,0,0,3,0,0,0,0,3,0,0,0,4,0,0,0,0,0,0,0,0,0,0,0,0,0,0,0,0,0,0,0,0,0,0,3,17,7,19,19,8,0,0,3,64
SAL22894,32,0,0,0,0,0,0,6,43,30,3,0,0,0,0,0,7,38,28,10,16,0,0,0,0,3,64,7,12,17,7,0,0,0,3,49,9,6,13,14,0,0,0,4,41,3,7,19,3,6,0,0,0,39,7,5,21,8,4,0,0,9,59,9,3,21,8,6,0,0,3,50,4,4,31,14,11,0,3,5,68,3,14,10,11,3,4,0,4,44,0,0,19,11,3,0,0,4,38,7,0,14,10,0,0,0,7,38,0,0,4,4,3,3,0,0,14,4,0,3,9,7,0,0,5,21,0,0,4,5,3,0,0,0,16,151,61,187,95,60,13,8,51,625
SAL22895,0,0,0,0,0,0,0,0,0,0,0,0,0,0,0,0,0,0,0,0,0,0,0,0,0,0,0,0,0,0,0,0,0,0,0,0,0,0,0,0,0,0,0,0,0,0,0,0,0,0,0,0,0,0,0,0,0,0,0,0,0,0,0,0,0,0,0,0,0,0,0,0,0,0,0,0,0,0,0,0,0,0,0,0,0,0,0,0,0,0,0,0,0,0,0,0,0,0,0,0,0,0,0,0,0,0,0,0,0,0,0,0,0,0,0,0,0,0,0,0,0,0,0,0,0,0,0,0,0,0,0,0,0,0,0,0,0,0,0,0,0,0,0,0
SAL22896,10,0,0,0,0,0,0,9,17,0,0,0,0,0,0,0,0,4,0,3,0,0,0,0,0,0,3,0,0,0,0,0,0,0,0,6,0,0,0,0,0,0,0,0,0,0,0,0,3,0,0,0,0,9,0,0,4,4,0,0,0,5,13,0,0,0,0,3,0,0,4,13,0,6,4,4,0,0,0,0,11,0,0,0,0,0,0,0,0,8,0,4,4,4,0,0,0,0,10,0,0,4,0,0,0,0,0,11,0,0,0,4,3,0,0,0,3,0,0,0,0,0,0,0,0,4,0,0,0,0,0,0,0,0,0,19,13,26,15,9,5,4,18,114
SAL22897,4,0,0,0,0,0,0,0,4,4,0,0,0,0,0,0,0,4,0,0,3,0,0,0,0,0,0,4,0,0,0,0,0,0,0,7,0,0,0,0,0,0,0,0,0,0,0,0,0,0,0,0,0,4,0,0,0,0,0,0,0,0,0,0,0,3,3,0,0,0,0,6,0,0,0,0,0,0,0,0,0,0,0,3,0,0,0,0,0,0,0,0,0,0,0,0,0,0,6,0,0,0,0,0,0,0,0,0,0,0,0,0,0,0,0,0,0,0,0,0,0,0,0,0,0,0,0,0,0,0,0,0,0,0,0,10,3,8,9,6,0,3,3,38
SAL22898,12,0,0,0,0,0,0,0,12,0,0,0,0,0,0,0,3,0,4,0,0,0,0,0,0,0,4,0,7,0,0,0,0,0,0,5,0,5,0,3,0,0,0,0,10,0,0,0,3,0,0,0,0,0,0,0,6,0,0,0,0,0,9,3,0,4,0,0,0,0,0,13,0,0,0,0,0,0,0,0,3,0,4,3,0,3,0,0,3,12,0,0,3,8,0,0,0,4,8,0,0,3,0,5,0,0,0,6,0,0,4,5,7,0,0,0,8,0,0,0,0,0,0,0,0,0,0,0,0,0,0,0,0,0,0,24,10,19,17,12,0,4,13,102
SAL22899,0,0,0,0,0,0,0,0,5,0,0,0,0,0,0,0,0,0,0,0,0,0,0,0,0,0,0,0,0,0,0,0,0,0,0,0,0,0,0,0,0,0,0,0,0,0,0,0,0,0,0,0,0,0,0,0,0,0,0,0,0,0,3,0,0,0,0,0,0,0,0,0,0,0,0,0,0,0,0,0,4,0,0,3,0,0,0,0,0,0,0,0,0,0,0,0,0,0,0,0,0,0,0,0,0,0,0,0,0,0,0,0,0,0,0,4,4,0,0,0,0,0,0,0,0,0,0,0,0,0,0,0,0,0,0,9,0,3,12,0,0,0,3,28
SAL22900,12,0,0,0,0,0,0,0,15,4,0,0,0,0,0,0,0,3,0,4,0,0,0,0,0,0,7,0,0,0,0,0,0,0,0,3,0,0,0,0,0,0,0,0,3,4,0,0,0,0,0,0,0,3,7,0,0,0,0,0,0,0,8,0,0,7,5,5,0,0,0,15,6,0,3,0,0,0,0,0,17,5,0,0,4,0,0,0,0,9,3,0,7,6,0,0,0,0,15,0,0,6,0,0,0,0,0,8,0,0,3,0,0,0,0,0,8,0,0,0,0,0,0,0,0,0,0,0,0,0,0,0,0,0,0,40,7,26,20,10,0,5,7,113
SAL22901,0,0,0,0,0,0,0,0,3,0,0,0,0,0,0,0,0,0,0,0,0,0,0,0,0,0,0,0,0,0,0,0,0,0,0,0,0,0,0,0,0,0,0,0,0,0,0,0,0,0,0,0,0,3,0,0,3,0,0,0,0,0,4,0,0,0,0,0,0,0,0,0,0,0,0,0,0,0,0,0,0,0,0,0,0,0,0,0,0,0,0,0,0,0,0,0,0,0,0,0,0,0,0,0,0,0,0,0,0,0,0,0,0,0,0,0,0,0,0,0,0,0,0,0,0,0,0,0,0,0,0,0,0,0,0,0,0,3,5,0,0,0,6,15
SAL22902,4,0,0,0,0,0,0,0,4,0,0,0,0,0,0,0,0,0,0,0,0,0,0,0,0,0,0,6,0,0,0,0,0,0,0,5,0,0,0,0,0,0,0,0,3,0,0,0,0,0,0,0,0,0,0,0,0,0,0,0,0,0,8,3,0,0,0,3,0,0,0,13,5,0,3,6,0,0,0,0,10,5,0,6,0,0,0,0,0,11,5,0,0,0,0,0,0,3,8,0,0,0,0,0,0,0,0,6,0,0,0,0,0,0,0,0,0,0,0,0,0,0,0,0,0,0,0,0,0,0,0,0,0,0,3,30,3,17,14,14,3,0,9,81
SAL22903,0,0,0,0,0,0,0,0,0,0,0,0,0,0,0,0,0,0,0,0,0,0,0,0,0,0,0,0,0,0,0,0,0,0,0,0,0,0,0,0,0,0,0,0,0,0,0,0,0,0,0,0,0,0,0,5,0,0,0,0,0,0,3,0,0,0,0,0,0,0,0,0,0,0,0,0,0,0,0,0,3,0,0,0,0,0,0,0,0,4,0,0,0,0,0,0,0,0,3,0,0,0,0,0,0,0,0,0,0,0,0,0,0,0,0,0,0,0,0,0,0,0,0,0,0,0,0,0,0,0,0,0,0,0,0,5,9,4,0,0,0,0,5,20
SAL22904,5,0,0,0,0,0,0,0,5,4,0,0,0,0,0,0,0,4,0,0,0,0,0,0,0,0,0,0,0,0,0,0,0,0,0,0,0,0,0,0,0,0,0,0,0,0,0,0,0,0,0,0,0,5,0,0,0,0,0,0,0,0,5,0,0,0,5,0,0,0,0,8,0,0,0,0,0,0,0,0,5,0,0,5,0,0,0,0,0,9,0,0,0,4,0,0,0,0,5,0,0,0,0,0,0,0,0,0,0,0,0,0,0,0,0,0,0,0,0,0,0,0,0,0,0,0,0,0,0,0,0,0,0,0,0,13,0,12,13,4,0,0,0,44
SAL22905,0,0,0,0,0,0,0,0,0,0,0,0,0,0,0,0,0,0,0,0,0,0,0,0,0,0,0,0,0,0,0,0,0,0,0,0,0,0,0,0,0,0,0,0,0,0,0,0,0,0,0,0,0,0,0,0,0,0,0,0,0,0,0,0,0,0,0,0,0,0,0,0,0,0,0,0,0,0,0,0,0,0,0,0,0,0,0,0,0,0,0,0,0,0,0,0,0,0,0,0,0,0,0,0,0,0,0,0,0,0,0,0,0,0,0,0,0,0,0,0,0,0,0,0,0,0,0,0,0,0,0,0,0,0,0,0,0,0,0,0,0,0,0,0
SAL22906,12,0,0,0,0,0,0,0,8,9,0,0,0,0,0,0,0,11,5,3,0,0,0,0,0,0,8,8,0,0,0,0,0,0,0,5,3,0,4,0,0,0,0,0,3,0,0,3,6,0,0,0,0,12,0,0,0,5,0,0,0,0,10,0,0,0,6,0,3,0,0,9,0,0,0,4,0,0,0,0,10,0,0,5,4,0,0,0,0,8,0,0,5,0,0,0,0,0,9,3,0,0,0,0,0,0,0,8,0,0,0,0,0,0,0,0,0,0,0,0,0,0,0,0,0,0,0,0,0,0,0,0,0,0,4,38,8,21,22,10,3,0,10,107
SAL22907,3,0,0,0,0,0,0,4,10,3,0,0,0,0,0,0,0,3,3,0,0,0,0,0,0,0,0,4,0,0,0,0,0,0,0,6,0,0,4,0,0,0,0,0,9,0,0,8,0,0,0,0,0,14,4,4,4,0,4,0,0,0,17,0,0,4,4,0,0,0,6,12,0,0,6,4,0,0,0,0,8,4,0,4,0,3,0,0,0,5,0,0,0,0,0,0,0,0,3,0,0,5,0,0,0,0,0,8,0,0,4,3,0,0,0,0,8,0,0,0,0,0,0,0,0,4,0,0,0,0,0,0,0,0,0,25,5,37,17,8,0,0,14,106
SAL22908,10,0,0,0,0,0,0,0,10,0,0,0,0,0,0,0,0,0,0,0,0,0,0,0,0,0,6,0,3,0,0,0,0,0,0,3,0,0,3,0,0,0,0,0,8,0,0,0,0,0,0,0,0,0,5,0,0,0,0,0,0,0,9,0,0,6,0,0,0,0,0,9,0,0,0,0,0,0,0,4,10,4,3,6,3,0,0,0,0,12,0,0,3,3,0,0,0,0,9,0,0,4,4,0,0,0,4,9,0,0,0,0,0,0,0,0,0,0,0,0,0,0,0,0,0,4,0,0,0,0,0,0,0,0,5,21,12,22,16,9,0,0,8,91
SAL22909,3,0,0,0,0,0,0,0,3,0,0,0,0,0,0,0,0,0,0,0,0,0,0,0,0,0,0,0,0,0,0,0,0,0,0,5,0,0,0,0,0,0,0,0,0,0,0,0,0,0,0,0,0,0,0,0,0,3,0,0,0,0,3,0,0,0,0,0,0,0,0,5,0,0,0,0,0,0,0,0,9,0,0,0,0,0,0,0,0,0,0,0,0,3,0,0,0,0,3,5,0,0,5,0,0,0,0,3,0,0,0,0,0,0,0,0,0,0,0,0,0,0,0,0,0,0,0,0,0,0,0,0,0,0,0,9,6,8,7,5,0,0,5,31
SAL22910,76,0,0,0,0,0,0,3,78,57,3,0,0,0,0,0,8,60,51,16,12,0,0,0,0,3,79,28,21,27,22,0,0,0,4,97,16,14,37,22,4,0,0,4,99,11,10,28,20,0,0,0,0,69,11,16,50,19,6,3,0,0,111,16,9,39,24,7,0,0,5,112,9,9,35,34,9,0,0,3,90,9,11,53,20,14,6,0,0,112,11,12,31,18,11,3,0,10,97,3,5,48,28,9,5,0,3,99,9,0,17,16,11,6,0,3,61,0,6,8,10,5,0,3,5,35,4,0,3,3,10,0,0,0,26,306,137,384,239,86,26,5,58,1234
SAL22911,59,0,0,0,0,0,0,11,71,54,5,0,0,0,0,0,3,59,26,23,5,0,0,0,0,4,67,23,20,31,13,0,0,0,8,93,17,15,46,15,7,0,0,9,112,10,10,18,11,6,0,0,4,59,14,4,31,18,14,0,0,5,86,13,22,25,26,7,0,3,14,102,3,6,29,16,15,3,0,11,85,5,7,22,17,5,0,0,7,75,14,10,26,19,19,3,0,5,100,6,10,33,33,14,4,0,7,110,8,8,22,18,11,3,3,7,75,4,0,13,14,4,0,4,3,36,3,0,16,20,11,5,0,4,59,251,141,318,229,97,22,14,103,1180
SAL22912,0,0,0,0,0,0,0,0,0,0,0,0,0,0,0,0,0,0,0,0,0,0,0,0,0,0,0,0,0,0,0,0,0,0,0,0,0,0,0,0,0,0,0,0,0,0,0,0,0,0,0,0,0,0,0,0,0,0,0,0,0,0,0,0,0,0,0,0,0,0,0,0,0,0,0,0,0,0,0,0,5,0,0,0,0,0,0,0,0,0,0,0,0,0,0,0,0,0,0,0,0,0,0,0,0,0,0,0,0,0,0,0,0,0,0,0,0,0,0,0,0,0,0,0,0,0,0,0,0,0,0,0,0,0,0,0,0,0,0,0,0,0,0,6
SAL22913,41,0,0,0,0,0,0,3,43,41,0,0,0,0,0,0,3,49,38,16,9,0,0,0,0,0,62,16,11,20,8,0,0,0,0,60,13,4,24,9,9,0,0,0,65,3,7,16,11,3,0,0,3,44,14,3,15,12,5,0,0,0,53,10,4,9,9,9,3,0,0,43,10,8,30,13,7,3,0,6,74,16,10,24,20,10,5,0,3,83,4,3,26,25,5,0,0,4,68,9,5,24,17,7,3,0,3,65,3,0,12,15,9,0,0,0,36,0,0,6,11,0,4,0,3,25,0,0,5,0,4,3,0,4,23,202,75,217,152,64,25,6,44,788
SAL22914,3,0,0,0,0,0,0,0,3,3,0,0,0,0,0,0,0,5,3,0,0,0,0,0,0,0,0,5,0,0,0,0,0,0,0,9,0,0,4,0,0,0,0,0,0,0,0,0,0,0,0,0,0,0,0,5,9,0,0,0,0,0,8,3,0,0,0,0,0,0,5,12,0,0,3,0,0,0,0,0,11,7,3,3,0,0,0,0,3,19,0,0,3,6,0,0,0,0,9,0,0,4,6,0,0,0,0,3,0,0,5,0,0,0,0,0,7,0,0,4,0,0,0,0,0,4,0,0,0,0,0,0,0,0,0,20,9,34,11,5,6,0,9,94
SAL22915,45,0,0,0,0,0,0,10,51,31,3,0,0,0,0,0,4,38,16,4,10,4,0,0,0,3,34,14,11,16,14,0,0,0,9,64,7,13,12,12,4,5,0,8,56,8,4,14,9,8,0,0,8,49,7,11,8,8,8,0,0,0,42,9,8,22,22,8,5,0,9,73,11,4,20,20,7,5,3,4,76,16,12,22,27,20,0,0,7,97,11,10,32,24,13,0,0,4,99,12,10,23,21,11,0,0,7,89,7,8,9,11,7,3,3,10,62,6,3,13,20,15,9,8,9,78,3,0,6,21,14,7,11,8,70,196,101,206,207,98,35,24,96,971
SAL22916,58,0,0,0,0,0,0,3,62,61,0,0,0,0,0,0,5,69,22,0,0,0,0,0,0,0,28,6,3,4,0,0,0,0,0,18,6,9,11,7,3,0,0,3,42,5,3,17,12,0,0,0,7,40,5,6,27,14,0,4,0,4,61,6,3,43,27,8,0,0,0,94,6,5,18,21,9,0,0,0,67,0,0,21,21,0,0,0,3,48,10,0,16,15,3,0,0,4,45,4,4,10,9,3,3,0,0,40,4,4,12,12,4,0,0,4,39,0,0,3,0,3,0,0,0,10,0,0,0,3,3,0,0,0,13,189,39,191,155,41,22,4,34,667
SAL22917,310,0,0,0,0,0,0,24,334,329,0,0,0,0,0,0,32,367,519,25,7,4,0,0,0,44,605,512,138,66,9,0,0,0,44,781,277,166,236,46,12,0,6,33,769,203,106,303,72,16,0,4,22,722,183,114,280,90,10,3,0,23,697,144,68,193,69,15,4,0,26,520,141,62,155,71,12,4,6,18,466,97,58,104,64,17,10,0,11,370,48,46,82,38,17,5,7,7,246,32,34,65,42,19,5,8,10,207,15,5,55,38,14,3,0,6,141,8,15,62,38,17,9,3,4,161,19,15,71,39,18,3,8,14,184,2841,857,1688,599,161,46,42,333,6569
SAL22918,0,0,0,0,0,0,0,0,5,0,0,0,0,0,0,0,0,0,0,0,0,0,0,0,0,0,0,0,0,0,0,0,0,0,0,0,0,0,0,0,0,0,0,0,3,0,0,0,0,0,0,0,0,0,0,0,0,3,0,0,0,0,3,0,0,0,0,0,0,0,0,6,0,0,0,0,0,0,0,0,0,0,0,0,3,0,0,0,0,0,0,0,0,0,0,0,0,0,3,0,0,0,0,0,0,0,0,0,0,0,0,0,0,0,0,0,0,0,0,0,0,0,0,0,0,0,0,0,0,0,0,0,0,0,0,4,0,3,10,4,0,0,0,27
SAL22919,177,4,0,0,0,0,0,4,178,124,20,10,0,0,0,0,16,163,112,32,29,8,0,0,0,11,197,50,49,53,23,11,4,4,11,193,36,21,76,53,17,3,4,11,222,24,12,66,54,19,6,3,14,200,17,30,77,58,22,0,3,13,221,33,25,89,61,30,10,6,10,259,42,23,98,78,15,10,0,10,270,28,24,110,105,28,16,0,13,331,44,32,133,112,36,17,10,28,406,30,26,139,105,52,13,5,38,403,16,23,81,72,40,16,20,40,295,16,6,41,38,34,16,9,29,195,19,20,44,30,48,12,22,44,234,764,334,1053,798,335,117,87,301,3787
SAL22920,0,0,0,0,0,0,0,0,0,0,0,0,0,0,0,0,0,0,0,0,0,0,0,0,0,0,0,0,0,0,0,0,0,0,0,0,0,0,0,0,0,0,0,0,0,0,0,0,0,0,0,0,0,5,0,0,0,0,0,0,0,0,0,0,0,0,0,0,0,0,0,0,0,0,0,0,0,0,0,0,0,0,0,0,0,0,0,0,0,0,0,0,0,0,0,0,0,0,0,0,0,0,0,0,0,0,0,0,0,0,0,0,0,0,0,0,0,0,0,0,0,0,0,0,0,0,0,0,0,0,0,0,0,0,0,0,4,0,0,4,0,0,0,6
SAL22921,10,0,0,0,0,0,0,0,16,8,0,0,0,0,0,0,0,9,5,4,0,0,0,0,0,0,12,6,0,0,3,0,0,0,0,20,0,4,5,0,6,0,0,0,10,0,6,4,0,0,0,0,0,9,0,0,9,7,0,0,0,3,25,0,0,8,0,4,0,0,3,18,3,3,3,6,0,0,0,0,20,5,3,9,9,0,0,0,3,27,0,0,4,0,0,0,0,0,9,0,0,0,6,3,0,0,4,13,0,0,3,0,3,0,0,3,11,0,0,0,0,0,0,4,0,6,0,0,0,0,0,0,0,4,4,43,22,43,39,23,6,4,31,213
SAL22922,0,0,0,0,0,0,0,0,0,0,0,0,0,0,0,0,0,0,0,0,0,0,0,0,0,0,0,0,0,0,0,0,0,0,0,3,0,0,0,0,0,0,0,0,0,0,0,0,0,0,0,0,0,3,0,0,0,0,0,0,0,0,3,0,0,0,0,0,0,0,0,0,0,0,0,0,0,0,0,0,0,0,0,0,0,0,0,0,0,0,0,0,0,0,0,0,0,0,0,0,0,0,0,0,0,0,0,0,0,0,0,0,0,0,0,0,0,0,0,0,0,0,0,0,0,0,0,0,0,0,0,0,0,0,0,0,0,3,4,0,0,0,0,13
SAL22923,0,0,0,0,0,0,0,0,0,0,0,0,0,0,0,0,0,0,0,0,0,0,0,0,0,0,0,0,0,0,0,0,0,0,0,0,0,0,0,0,0,0,0,0,0,0,0,0,0,0,0,0,0,0,0,0,0,0,0,0,0,0,0,0,0,0,0,0,0,0,0,0,0,0,0,0,0,0,0,0,0,0,0,0,0,0,0,0,0,0,0,0,0,0,0,0,0,0,0,0,0,0,0,0,0,0,0,0,0,0,0,0,0,0,0,0,0,0,0,0,0,0,0,0,0,0,0,0,0,0,0,0,0,0,0,0,0,0,0,0,0,0,0,0
SAL22924,31,0,0,0,0,0,0,8,38,31,4,0,0,0,0,0,0,36,19,4,3,0,0,0,0,3,23,8,4,11,7,0,0,0,4,42,8,7,16,4,3,0,0,3,42,4,6,9,6,3,0,0,0,32,4,3,17,21,5,0,0,3,53,10,7,12,9,9,4,0,3,54,11,6,21,20,8,4,0,4,77,9,9,31,22,13,4,7,9,98,8,7,33,19,3,0,0,8,81,3,4,21,16,8,5,4,7,70,0,0,20,21,10,4,0,12,61,3,7,10,9,4,3,4,4,42,0,4,16,14,0,3,0,5,42,158,78,211,167,66,26,15,76,798
SAL22925,14,0,0,0,0,0,0,0,19,10,0,0,0,0,0,0,0,10,8,3,0,0,0,0,0,0,14,5,0,4,7,0,0,0,0,17,0,3,3,3,0,0,0,0,18,6,6,4,3,0,0,0,0,16,7,0,10,8,0,0,0,0,23,3,0,7,6,5,0,0,0,23,5,5,11,3,0,0,0,0,21,0,4,6,6,0,0,0,0,19,0,0,10,6,0,0,0,0,19,0,5,7,4,3,0,0,0,19,0,0,0,0,0,0,0,0,5,0,0,3,0,0,0,0,0,9,0,0,0,0,0,0,0,0,3,62,20,60,55,18,4,4,18,241
SAL22926,3,0,0,0,0,0,0,0,3,0,0,0,0,0,0,0,3,7,0,3,3,0,0,0,0,0,3,6,0,0,0,0,0,0,0,8,0,0,0,3,0,0,0,0,17,3,0,0,3,0,0,0,0,3,0,0,5,3,3,0,0,0,13,0,0,4,0,4,0,0,0,8,4,0,7,0,0,0,0,0,15,0,0,4,4,0,0,0,0,12,0,0,7,5,3,0,0,4,16,0,0,3,0,0,0,0,4,9,0,0,0,0,3,0,0,0,4,0,0,0,3,0,0,0,0,3,0,0,0,0,0,0,0,0,0,21,10,39,21,14,0,7,20,125
SAL22927,10,0,0,0,0,0,0,0,11,5,0,0,0,0,0,0,0,3,4,0,0,0,0,0,0,0,5,4,6,3,0,0,0,0,7,14,0,0,3,0,0,0,0,0,7,4,0,4,0,0,0,0,0,14,0,0,0,4,0,0,0,0,5,4,0,5,4,0,0,0,0,12,0,4,8,0,0,0,0,0,7,0,0,6,0,3,0,0,0,12,0,3,5,0,0,0,0,0,11,0,0,0,0,0,0,0,0,5,0,0,0,0,0,0,0,4,4,0,0,0,0,0,0,0,0,3,0,0,0,0,0,0,0,0,4,34,10,32,20,12,3,0,9,121
SAL22928,0,0,0,0,0,0,0,0,0,0,0,0,0,0,0,0,0,0,0,0,0,0,0,0,0,0,0,0,0,0,0,0,0,0,0,0,0,0,3,0,0,0,0,0,8,0,0,0,0,0,0,0,0,3,0,0,4,0,0,0,0,0,0,0,0,4,0,0,0,0,0,7,0,0,0,0,0,0,0,0,3,5,0,0,0,0,0,0,0,6,0,0,5,0,0,0,0,0,10,0,0,0,0,0,0,0,0,4,0,0,0,0,0,0,0,0,0,0,0,0,0,0,0,0,0,0,0,0,0,0,0,0,0,0,0,7,0,11,6,7,3,0,0,44
SAL22929,4,0,0,0,0,0,0,4,3,0,0,0,0,0,0,0,0,0,3,0,0,0,0,0,0,0,3,0,0,0,0,0,0,0,0,0,0,0,0,0,0,0,0,0,0,5,0,0,0,0,0,0,0,4,0,0,0,3,0,0,0,0,5,0,0,3,0,0,0,0,0,3,0,0,0,0,0,0,0,0,0,0,0,4,0,0,0,0,0,5,0,0,0,0,3,0,0,0,3,0,0,0,0,0,0,0,0,0,0,0,0,0,0,0,0,0,0,0,0,0,0,0,0,0,0,0,0,0,0,0,0,0,0,0,0,12,0,11,8,10,0,0,4,42
SAL22930,5,0,0,0,0,0,0,3,10,4,0,0,0,0,0,0,0,4,4,0,0,0,0,0,0,0,4,0,0,0,0,0,0,0,0,4,0,0,3,0,0,0,0,0,3,0,0,0,0,0,0,0,0,3,0,0,8,0,0,0,0,0,7,0,0,0,5,0,0,0,0,3,0,0,0,0,0,0,0,0,3,0,0,0,0,0,0,0,0,4,0,0,0,0,0,0,0,0,3,0,0,0,0,0,0,0,0,5,0,0,0,0,4,0,0,0,4,0,0,0,0,0,0,0,0,0,0,0,0,0,0,0,0,0,3,14,6,15,7,4,0,0,7,59
SAL22931,0,0,0,0,0,0,0,0,3,0,0,0,0,0,0,0,0,0,0,0,0,0,0,0,0,0,0,0,0,0,0,0,0,0,0,0,0,0,0,0,0,0,0,0,0,0,0,0,0,0,0,0,0,0,0,0,0,0,0,0,0,0,0,0,0,0,0,0,0,0,0,0,0,0,0,0,0,0,0,0,0,0,0,0,0,0,0,0,0,0,0,0,0,0,0,0,0,0,4,0,0,0,0,0,0,0,0,0,0,0,0,6,0,0,0,0,6,0,0,0,0,0,0,0,0,0,0,0,0,0,0,0,0,0,0,0,0,0,10,0,0,0,0,14
SAL22932,0,0,0,0,0,0,0,0,0,0,0,0,0,0,0,0,0,0,0,0,0,0,0,0,0,0,0,0,0,0,0,0,0,0,0,0,0,0,0,0,0,0,0,0,0,0,0,0,0,0,0,0,0,0,0,0,0,0,0,0,0,0,0,0,0,0,0,0,0,0,0,0,0,0,0,0,0,0,0,0,0,0,0,0,0,0,0,0,0,0,0,0,0,0,0,0,0,0,0,0,0,0,0,0,0,0,0,0,0,0,0,0,0,0,0,0,0,0,0,0,0,0,0,0,0,0,0,0,0,0,0,0,0,0,0,0,0,0,0,0,0,0,0,4
SAL22933,0,0,0,0,0,0,0,0,0,3,0,0,0,0,0,0,0,0,0,0,0,0,0,0,0,0,3,0,0,0,0,0,0,0,0,0,0,0,0,6,0,0,0,0,3,0,0,0,4,0,0,0,0,4,0,0,0,0,0,0,0,0,0,0,0,0,0,0,0,0,0,3,0,0,0,0,0,0,0,0,0,0,0,0,0,0,0,0,0,3,0,0,3,0,0,0,0,0,3,0,0,3,0,0,0,0,0,3,0,0,0,0,0,0,0,0,5,0,0,0,0,0,0,0,0,0,0,0,0,0,0,0,0,0,0,7,0,12,4,4,0,0,0,35
SAL22934,20,0,0,0,0,0,0,0,20,16,4,0,0,0,0,0,0,23,23,10,11,0,0,0,0,0,36,14,8,3,4,0,0,0,3,34,6,0,14,10,6,0,0,0,33,0,4,3,5,3,0,0,0,17,4,5,8,9,5,0,0,0,28,0,3,13,6,0,0,0,0,26,4,5,19,16,0,0,0,6,47,0,3,18,6,9,0,0,5,39,0,3,6,9,6,0,6,8,36,3,0,5,3,8,0,0,0,24,0,0,10,8,0,0,0,0,23,0,0,3,5,0,4,0,0,16,0,0,3,0,0,3,0,0,10,96,49,117,80,38,14,8,25,422
SAL22935,20,0,0,0,0,0,0,0,20,22,0,0,0,0,0,0,0,22,12,0,0,0,0,0,0,0,15,5,0,4,0,0,0,0,0,17,3,8,4,3,0,0,0,0,18,4,7,4,6,0,0,0,0,19,4,3,11,0,6,0,0,0,28,4,4,11,10,3,0,0,0,36,4,3,9,9,7,0,0,0,36,5,3,15,13,0,0,3,0,28,0,0,7,9,0,0,0,3,24,6,0,9,0,6,0,0,0,17,0,0,3,0,5,0,0,0,14,0,0,0,0,3,0,0,0,4,0,0,0,0,0,0,0,0,4,84,25,75,55,30,9,6,10,292
SAL22936,0,0,0,0,0,0,0,0,0,0,0,0,0,0,0,0,0,0,0,0,0,0,0,0,0,0,0,0,0,0,0,0,0,0,0,0,0,0,0,0,0,0,0,0,0,0,0,0,0,0,0,0,0,0,0,0,0,0,0,0,0,0,0,0,0,0,0,0,0,0,0,0,0,0,0,0,0,0,0,0,0,0,0,0,0,0,0,0,0,0,0,0,0,0,0,0,0,0,0,0,0,0,0,0,0,0,0,0,0,0,0,0,0,0,0,0,0,0,0,0,0,0,0,0,0,0,0,0,0,0,0,0,0,0,0,0,0,0,0,0,0,0,0,0
SAL22937,5,0,0,0,0,0,0,0,5,0,0,0,0,0,0,0,0,0,0,0,0,0,0,0,0,0,0,0,0,0,0,0,0,0,0,0,0,0,0,0,0,0,0,0,5,0,0,0,0,0,0,0,0,0,0,0,0,0,0,0,0,0,3,0,0,0,0,0,0,0,0,0,0,0,0,0,0,0,0,0,0,0,0,0,0,0,0,0,0,0,0,0,0,0,0,0,0,0,3,0,0,0,0,0,0,0,0,0,0,0,0,0,0,0,0,0,5,0,0,0,0,0,0,0,0,0,0,0,0,0,0,0,0,0,0,8,0,9,0,3,0,0,0,25
SAL22938,0,0,0,0,0,0,0,0,0,0,0,0,0,0,0,0,0,0,0,0,0,0,0,0,0,0,0,0,0,0,0,0,0,0,0,0,0,0,0,0,0,0,0,0,0,0,0,0,0,0,0,0,0,0,0,0,0,0,0,0,0,0,0,0,0,0,0,0,0,0,0,0,0,0,0,0,0,0,0,0,6,0,0,0,0,0,0,0,0,4,0,0,0,0,0,0,0,0,0,0,0,0,0,0,0,0,0,0,0,0,0,0,0,0,0,0,0,0,0,0,0,0,0,0,0,0,0,0,0,0,0,0,0,0,0,3,0,0,5,4,0,0,0,15
SAL22939,4,0,0,0,0,0,0,0,4,0,0,0,0,0,0,0,0,0,4,0,0,0,0,0,0,0,4,0,0,0,0,0,0,0,0,6,0,0,0,0,0,0,0,0,0,0,0,0,0,3,0,0,0,4,0,0,0,0,0,0,0,0,3,0,0,3,0,0,0,0,0,4,0,0,3,0,0,0,0,0,11,0,0,4,0,0,0,0,0,8,0,0,0,3,0,0,0,0,5,4,0,0,3,0,0,0,0,6,0,0,0,0,0,0,0,0,0,0,0,0,0,0,0,0,0,0,0,0,0,0,0,0,0,0,0,10,4,14,12,3,0,0,0,51
SAL22940,0,0,0,0,0,0,0,0,0,0,0,0,0,0,0,0,0,0,0,0,0,0,0,0,0,0,0,3,0,0,0,0,0,0,0,0,0,0,0,0,0,0,0,0,0,0,0,0,0,0,0,0,0,0,0,0,0,0,0,0,0,0,0,0,0,0,0,0,0,0,0,0,0,0,0,0,0,0,0,0,3,0,0,0,0,0,0,0,0,3,0,0,0,0,0,0,0,0,0,0,0,0,0,0,0,0,0,0,0,0,0,0,0,0,0,0,6,0,0,0,0,0,0,0,0,0,0,0,0,0,0,0,0,0,0,3,5,0,6,0,0,0,0,16
SAL22941,0,0,0,0,0,0,0,0,0,4,0,0,0,0,0,0,0,4,5,0,0,0,0,0,0,0,8,0,0,0,0,0,0,0,0,0,0,0,0,0,0,0,0,0,0,0,0,0,0,0,0,0,0,0,0,0,0,0,0,0,0,0,3,0,0,6,3,0,0,0,0,7,5,0,0,0,0,0,0,0,13,0,0,0,0,0,0,0,0,5,0,3,0,0,0,0,0,0,9,0,0,4,0,0,0,0,0,7,0,0,3,4,0,0,0,0,6,0,0,0,0,0,0,0,0,4,0,0,0,0,4,0,0,0,4,25,3,15,11,3,0,0,0,60
SAL22942,0,0,0,0,0,0,0,0,0,0,0,0,0,0,0,0,0,0,0,0,0,0,0,0,0,0,0,0,0,0,0,0,0,0,0,0,0,0,0,0,0,0,0,0,0,0,0,0,0,0,0,0,0,0,0,0,0,0,0,0,0,0,0,4,0,0,0,0,0,0,0,4,0,0,0,5,0,0,0,0,9,0,0,0,0,0,0,0,0,4,3,0,0,0,0,0,0,0,3,0,0,0,0,0,0,0,0,0,0,0,0,0,0,0,0,0,0,0,0,0,0,0,0,0,0,0,0,0,0,0,0,0,0,0,0,6,0,4,3,4,0,0,0,20
SAL22943,7,0,0,0,0,0,0,0,7,0,0,0,0,0,0,0,0,0,0,0,0,0,0,0,0,0,0,0,0,0,0,0,0,0,0,6,0,0,0,0,0,0,0,0,4,0,0,0,0,0,0,0,0,0,0,0,0,0,0,0,0,0,8,0,0,4,0,0,0,0,0,6,0,0,0,0,0,0,0,0,4,0,0,0,0,0,0,0,0,8,0,0,3,3,0,0,0,0,4,0,0,0,0,0,0,0,0,0,0,0,0,6,0,0,0,0,6,0,0,0,0,0,0,0,0,0,0,0,0,0,0,0,0,0,0,13,10,12,13,3,0,5,4,51
SAL22944,0,0,0,0,0,0,0,0,0,0,0,0,0,0,0,0,0,0,0,0,0,0,0,0,0,0,0,0,0,0,0,0,0,0,0,0,0,0,0,0,0,0,0,0,0,0,0,0,0,0,0,0,0,0,0,0,0,0,0,0,0,0,0,0,0,0,0,0,0,0,0,0,0,0,0,0,0,0,0,0,0,0,0,0,0,0,0,0,0,0,0,0,0,0,0,0,0,0,0,0,0,0,0,0,0,0,0,0,0,0,0,0,0,0,0,0,0,0,0,0,0,0,0,0,0,0,0,0,0,0,0,0,0,0,0,0,0,0,0,0,0,0,0,0
SAL29494,142,3,0,0,0,0,0,86,229,187,28,8,3,0,0,0,94,321,218,29,41,13,10,0,4,148,450,145,41,33,27,8,9,7,162,425,86,39,41,28,17,4,10,182,416,53,23,34,23,10,4,7,162,321,41,26,33,12,13,0,5,106,238,53,19,41,24,13,6,5,88,242,30,17,45,41,8,0,0,63,212,31,24,55,38,14,4,0,56,217,20,13,27,16,5,5,0,51,141,9,5,29,14,4,0,0,23,74,5,3,9,11,3,0,0,16,42,0,0,4,6,0,0,0,0,14,0,0,0,4,3,5,0,5,19,1016,266,399,261,111,38,42,1239,3373
SAL29797,0,0,0,0,0,0,0,0,0,0,0,0,0,0,0,0,0,0,0,0,0,0,0,0,0,0,0,0,0,0,0,0,0,0,0,0,0,0,0,0,0,0,0,0,0,0,0,0,0,0,0,0,0,0,0,0,0,0,0,0,0,0,0,0,0,0,0,0,0,0,0,0,0,0,0,0,0,0,0,3,6,0,0,0,0,0,0,0,0,0,0,0,0,0,0,0,0,0,0,0,0,0,0,0,0,0,0,0,0,0,0,0,0,0,0,0,0,0,0,0,0,0,0,0,0,0,0,0,0,0,0,0,0,0,0,0,0,0,0,0,0,0,3,6
