SAL_CODE_2021,P_AdvDi_Di_AdvDi_AsDe_Mng,P_AdvDi_Di_AdvDi_AsDe_Pro,P_AdvDi_Di_AdvDi_AsDe_TTW,P_AdvDi_Di_AdvDi_AsDe_CPS,P_AdvDi_Di_AdvDi_AsDe_CA,P_AdvDi_Di_AdvDi_AsDe_Sal,P_AdvDi_Di_AdvDi_AsDe_MOD,P_AdvDi_Di_AdvDi_AsDe_Lab,P_AdvDi_Di_AdvDi_AsDe_IDNS,P_AdvDi_Di_AdvDi_AsDe_Tot,P_AdvDi_Di_Dip_Mng,P_AdvDi_Di_Dip_Pro,P_AdvDi_Di_Dip_TTW,P_AdvDi_Di_Dip_CPS,P_AdvDi_Di_Dip_CA,P_AdvDi_Di_Dip_Sal,P_AdvDi_Di_Dip_MOD,P_AdvDi_Di_Dip_Lab,P_AdvDi_Di_Dip_IDNS,P_AdvDi_Di_Dip_Tot,P_Cert_CertIII_IV_Mng,P_Cert_CertIII_IV_Pro,P_Cert_CertIII_IV_TTW,P_Cert_CertIII_IV_CPS,P_Cert_CertIII_IV_CA,P_Cert_CertIII_IV_Sal,P_Cert_CertIII_IV_MOD,P_Cert_CertIII_IV_Lab,P_Cert_CertIII_IV_IDNS,P_Cert_CertIII_IV_Tot,P_Cert_CertI_II_Mng,P_Cert_CertI_II_Pro,P_Cert_CertI_II_TTW,P_Cert_CertI_II_CPS,P_Cert_CertI_II_CA,P_Cert_CertI_II_Sal,P_Cert_CertI_II_MOD,P_Cert_CertI_II_Lab,P_Cert_CertI_II_IDNS,P_Cert_CertI_II_Tot,P_Cert_Cert_nfd_Mng,P_Cert_Cert_nfd_Pro,P_Cert_Cert_nfd_TTW,P_Cert_Cert_nfd_CPS,P_Cert_Cert_nfd_CA,P_Cert_Cert_nfd_Sal,P_Cert_Cert_nfd_MOD,P_Cert_Cert_nfd_Lab,P_Cert_Cert_nfd_IDNS,P_Cert_Cert_nfd_Tot,P_LE_ID_Mng,P_LE_ID_Pro,P_LE_ID_TTW,P_LE_ID_CPS,P_LE_ID_CA,P_LE_ID_Sal,P_LE_ID_MOD,P_LE_ID_Lab,P_LE_ID_IDNS,P_LE_ID_Tot,P_LE_NS_Mng,P_LE_NS_Pro,P_LE_NS_TTW,P_LE_NS_CPS,P_LE_NS_CA,P_LE_NS_Sal,P_LE_NS_MOD,P_LE_NS_Lab,P_LE_NS_IDNS,P_LE_NS_Tot,P_Tot_Mng,P_Tot_Pro,P_Tot_TTW,P_Tot_CPS,P_Tot_CA,P_Tot_Sal,P_Tot_MOD,P_Tot_Lab,P_Tot_IDNS,P_Tot_Tot
SAL20001,0,0,0,0,0,0,0,0,0,0,0,0,0,0,0,0,0,0,0,0,0,0,0,0,0,0,0,0,0,0,0,0,0,0,0,0,0,0,0,0,0,0,0,0,0,0,0,0,0,0,0,0,0,0,0,0,0,0,0,0,0,0,0,0,0,0,0,0,0,0,0,0,0,0,0,0,0,0,0,0
SAL20002,42,63,24,12,23,12,0,7,0,190,73,71,37,58,48,33,6,14,7,354,50,45,150,51,53,36,17,30,7,428,9,4,0,6,3,3,4,5,0,38,14,4,5,9,4,8,0,4,0,52,13,17,7,0,8,3,0,0,0,46,5,10,3,8,6,3,0,3,16,60,971,2615,374,358,514,259,61,127,81,5358
SAL20003,19,20,6,8,19,3,0,4,0,83,30,20,11,18,25,10,0,0,5,120,56,13,88,22,40,24,4,25,0,272,3,0,0,0,4,0,0,0,0,14,8,3,3,7,11,10,3,0,4,45,3,6,0,0,0,0,0,0,0,12,6,6,6,0,8,0,0,0,5,32,347,607,144,93,211,86,23,48,28,1587
SAL20004,0,0,0,0,0,0,0,0,0,0,0,0,0,0,0,0,0,0,0,0,0,0,0,0,0,0,0,0,0,0,0,0,0,0,0,0,0,0,0,0,0,0,0,0,0,0,0,0,0,0,0,0,0,0,0,0,0,0,0,0,0,0,0,0,0,0,0,0,0,0,0,0,0,0,0,0,0,0,0,3
SAL20005,0,0,0,0,0,0,0,0,0,0,0,0,0,3,0,0,0,0,0,3,4,0,3,4,0,0,0,3,0,17,0,0,0,0,0,0,0,0,0,0,0,0,0,0,0,0,0,0,0,3,0,0,0,0,0,0,0,0,0,0,3,0,0,0,0,0,0,0,0,3,15,8,4,13,7,0,3,8,0,53
SAL20006,0,0,0,0,0,0,0,0,0,0,0,0,0,0,0,0,0,0,0,0,0,0,0,0,0,0,0,0,0,0,0,0,0,0,0,0,0,0,0,0,0,0,0,0,0,0,0,0,0,0,0,0,0,0,0,0,0,0,0,0,0,0,0,0,0,0,0,0,0,0,0,0,0,0,0,0,0,0,0,0
SAL20007,0,0,0,0,0,0,0,0,0,0,0,0,0,0,0,0,0,0,0,3,0,0,9,0,0,4,0,0,0,11,0,0,0,0,0,0,0,0,0,0,0,0,0,0,0,0,0,0,0,0,0,0,0,0,0,0,0,0,0,0,0,0,0,0,0,0,0,0,0,0,0,0,9,4,3,4,4,0,0,16
SAL20008,0,0,0,0,0,0,0,0,0,0,5,0,0,0,0,0,0,0,0,5,3,0,0,0,0,0,0,0,0,8,0,0,0,0,0,0,0,0,0,0,0,0,0,0,0,0,0,0,0,0,0,0,0,0,0,0,0,0,0,0,0,0,0,0,0,0,0,0,0,0,3,8,0,4,0,0,0,0,0,14
SAL20009,0,0,0,0,0,0,0,0,0,0,0,0,0,0,0,0,0,0,0,0,0,0,0,6,3,0,0,3,0,14,0,0,0,0,0,0,0,0,0,0,0,0,0,0,0,0,0,0,0,0,0,0,0,0,0,0,0,0,0,0,0,0,0,0,0,0,0,0,0,0,4,0,0,6,5,0,0,0,0,22
SAL20010,6,0,0,0,0,0,0,0,0,6,0,0,0,0,0,0,0,0,0,0,0,0,3,0,0,0,0,0,0,8,0,0,0,0,0,0,0,0,0,0,0,0,0,0,0,0,0,0,0,0,0,0,0,0,0,0,0,0,0,0,0,0,0,0,0,0,0,0,0,0,7,0,3,0,0,0,0,0,0,14
SAL20011,28,19,26,26,19,13,36,17,0,181,47,23,33,86,48,17,89,30,10,387,39,13,170,79,48,26,59,44,12,502,0,3,3,4,11,6,4,5,0,32,3,4,6,10,14,7,7,6,0,56,3,9,8,7,3,0,3,0,0,28,7,10,9,7,4,0,12,7,14,68,318,877,369,416,357,149,346,162,64,3060
SAL20012,0,0,0,0,0,0,0,0,0,0,0,0,0,0,0,0,0,0,0,0,0,0,0,0,0,0,0,0,0,0,0,0,0,0,0,0,0,0,0,0,0,0,0,0,0,0,0,0,0,0,0,0,0,0,0,0,0,0,0,0,0,0,0,0,0,0,0,0,0,0,0,0,0,0,0,0,0,0,0,0
SAL20013,7,0,0,0,3,5,0,0,0,29,9,0,0,3,5,0,0,0,0,18,13,3,26,4,7,7,6,3,0,63,0,0,0,0,0,0,0,0,0,0,0,0,0,0,0,0,0,0,0,3,0,0,0,0,0,0,0,0,0,0,0,0,0,0,0,0,0,0,0,3,80,128,39,33,42,29,4,16,0,364
SAL20014,4,0,0,3,0,0,0,0,0,7,0,0,0,0,0,0,0,0,0,3,7,0,6,0,0,0,4,0,0,24,0,0,0,0,0,0,0,0,0,0,0,0,0,0,0,0,0,0,0,0,0,0,0,0,0,0,0,0,0,0,0,0,0,0,0,0,0,0,0,3,14,7,8,3,7,0,4,3,0,61
SAL20015,43,39,17,25,47,11,3,8,3,197,48,53,41,67,65,26,13,9,0,328,89,35,358,73,86,40,65,49,22,809,7,4,4,3,13,5,5,9,0,51,11,0,8,14,22,12,4,0,0,74,4,4,0,3,5,0,0,0,0,15,6,8,9,8,11,10,3,3,9,58,474,925,481,308,404,151,114,123,49,3027
SAL20016,0,0,0,0,0,0,0,0,0,0,0,0,0,0,0,0,0,0,0,0,0,0,0,0,0,0,0,0,0,0,0,0,0,0,0,0,0,0,0,0,0,0,0,0,0,0,0,0,0,0,0,0,0,0,0,0,0,0,0,0,0,0,0,0,0,0,0,0,0,0,0,0,0,0,0,0,0,0,0,0
SAL20017,6,13,8,11,8,6,10,10,0,69,12,20,28,31,21,9,8,10,4,143,18,15,118,63,26,19,42,50,12,368,0,0,0,4,6,3,9,3,0,29,0,3,6,13,7,0,7,8,0,46,0,0,0,0,0,5,3,4,0,11,0,7,7,4,3,6,0,6,10,52,67,217,205,174,152,79,119,117,36,1154
SAL20018,34,44,5,6,14,10,0,0,3,122,35,33,18,20,15,12,0,6,0,143,63,21,73,13,10,19,9,11,3,219,4,4,0,0,6,0,0,0,0,14,8,11,7,0,16,9,0,0,0,54,8,6,3,3,0,0,0,0,0,21,0,5,0,0,3,4,0,0,3,36,726,1133,147,109,212,116,23,30,47,2543
SAL20019,0,3,0,0,0,0,0,3,0,11,0,0,0,0,0,0,0,3,0,0,11,0,10,3,0,3,3,3,0,29,0,0,0,0,0,0,0,0,0,0,0,0,0,0,0,0,0,0,0,0,0,0,0,0,0,0,0,0,0,0,0,0,0,0,0,0,0,0,0,3,14,16,10,6,3,3,3,8,0,67
SAL20020,0,0,0,0,0,0,0,0,0,0,0,0,0,0,0,0,0,0,0,6,0,0,0,0,0,0,0,0,0,7,0,0,0,0,0,0,0,0,0,0,0,0,0,0,0,0,0,0,0,4,0,0,0,0,0,0,0,0,0,0,0,0,0,0,0,0,0,0,0,3,9,5,4,8,0,0,0,0,0,22
SAL20021,4,8,19,21,10,7,5,6,0,73,21,13,43,45,26,6,18,27,4,201,23,15,82,44,31,13,18,33,9,261,0,0,0,6,3,9,0,7,0,27,5,4,0,6,8,0,0,9,0,38,0,4,0,0,0,0,0,3,0,15,5,5,7,4,3,5,5,7,6,39,142,373,207,203,172,91,97,156,36,1481
SAL20022,6,6,7,7,4,0,3,0,0,35,14,14,10,31,21,0,0,4,0,94,34,10,124,43,30,16,29,35,8,325,4,0,0,7,3,4,0,0,0,13,3,0,4,8,0,0,5,0,0,19,0,0,0,0,0,0,0,0,0,4,5,0,3,5,4,3,5,0,0,32,104,163,158,118,88,30,35,41,11,760
SAL20023,36,58,15,33,27,10,13,9,6,201,52,68,54,107,79,20,8,26,0,422,125,63,399,176,157,97,73,92,11,1191,13,9,4,14,17,11,3,5,0,69,8,3,3,13,13,15,0,0,0,56,0,10,4,0,3,0,0,0,0,18,13,14,6,3,7,9,6,9,6,61,529,1426,543,511,468,231,143,184,47,4087
SAL20024,0,0,0,0,0,0,0,0,0,0,0,0,0,0,0,0,0,0,0,0,0,0,0,0,0,0,0,0,0,0,0,0,0,0,0,0,0,0,0,0,0,0,0,0,0,0,0,0,0,0,0,0,0,0,0,0,0,0,0,0,0,0,0,0,0,0,0,0,0,0,4,3,0,0,0,0,0,0,0,3
SAL20025,0,0,0,0,0,0,0,0,0,0,3,0,0,0,0,0,0,0,0,0,3,0,0,0,3,0,0,4,0,9,0,0,0,0,0,0,0,0,0,0,0,0,0,0,0,0,0,0,0,0,0,0,0,0,0,0,0,0,0,0,0,0,0,0,0,0,0,0,0,0,9,3,0,0,7,0,0,0,0,24
SAL20026,0,0,0,0,0,0,0,0,0,0,0,0,0,0,0,0,0,0,0,0,3,0,4,0,0,0,0,0,0,10,0,0,0,0,0,0,0,0,0,0,0,0,0,0,0,0,0,0,0,4,0,0,0,0,0,0,0,0,0,0,0,0,0,0,0,0,0,0,0,0,6,9,6,3,0,0,0,4,0,24
SAL20027,0,4,0,6,0,0,0,0,0,6,0,4,0,0,0,0,0,4,0,13,15,0,14,3,3,0,0,6,0,42,0,0,0,0,0,0,0,0,0,0,0,0,0,0,4,0,0,0,0,4,0,0,0,0,0,0,0,0,0,0,0,0,0,0,0,5,3,0,0,6,23,31,19,13,10,6,5,6,0,111
SAL20028,8,3,0,7,9,4,0,0,0,27,13,3,3,10,8,0,0,9,0,50,37,7,80,24,23,13,25,24,9,224,5,0,0,3,4,0,0,0,0,6,5,0,0,4,0,5,0,4,0,11,0,0,0,0,0,5,0,0,0,4,3,0,0,3,0,4,8,4,0,19,86,93,86,52,50,27,32,34,13,474
SAL20029,0,0,0,0,0,0,0,0,0,4,3,0,0,3,0,0,0,0,0,7,7,0,11,0,0,0,0,4,0,31,0,0,0,0,0,0,0,0,0,0,0,0,0,0,0,0,0,0,0,0,0,0,0,0,0,0,0,0,0,0,0,0,0,0,0,0,0,0,0,5,14,13,17,8,6,0,0,8,0,66
SAL20030,0,0,0,0,0,0,0,0,0,0,0,0,0,0,0,0,0,0,0,0,3,0,15,0,0,0,0,4,0,22,0,0,0,0,0,0,0,0,0,3,0,0,0,0,0,0,0,0,0,0,0,0,0,0,0,0,0,0,0,0,0,0,0,0,0,0,0,0,0,0,6,10,15,3,3,0,5,5,0,43
SAL20031,0,0,0,0,0,0,0,0,0,3,0,0,0,0,0,0,0,0,0,0,0,0,3,5,3,0,9,0,0,23,0,0,0,0,0,0,0,0,0,5,0,0,0,0,0,0,0,0,0,0,0,0,0,0,0,0,0,0,0,0,0,0,0,0,0,0,0,0,0,3,5,9,3,8,3,0,5,4,5,35
SAL20032,0,0,0,0,0,0,0,0,0,0,0,0,0,0,0,0,0,0,0,0,0,0,0,0,0,0,0,0,0,0,0,0,0,0,0,0,0,0,0,0,0,0,0,0,0,0,0,0,0,0,0,0,0,0,0,0,0,0,0,0,0,0,0,0,0,0,0,0,0,0,0,0,0,0,0,0,0,0,0,8
SAL20033,0,0,0,0,0,0,0,0,0,0,4,0,0,0,0,0,0,0,0,4,0,0,4,0,0,0,0,0,0,6,0,0,0,0,0,0,0,0,0,0,0,0,0,0,0,0,0,0,0,0,0,0,0,0,0,0,0,0,0,0,0,0,0,0,0,0,0,0,0,0,6,3,3,0,0,0,0,0,0,18
SAL20034,30,35,11,12,20,9,0,0,0,113,25,33,25,30,23,12,4,6,3,153,32,20,74,35,24,14,12,16,3,221,0,0,0,4,10,0,0,3,0,21,9,9,4,0,10,6,0,0,0,41,4,11,0,0,3,0,0,0,0,23,5,0,4,0,9,3,0,0,6,31,548,1346,191,170,264,109,39,46,29,2737
SAL20035,45,64,33,36,40,5,7,10,0,246,71,89,52,77,75,26,25,9,8,438,108,55,325,86,123,40,61,75,18,898,3,4,3,8,5,5,3,3,0,33,14,11,13,10,31,7,4,7,5,98,3,5,0,0,5,3,0,0,0,16,12,16,6,4,15,6,0,13,23,86,750,1555,529,401,550,176,118,162,85,4328
SAL20036,40,59,51,50,60,25,25,13,3,329,103,96,91,191,133,39,30,40,10,737,126,65,650,199,187,78,163,144,36,1654,9,10,14,6,22,8,6,12,0,86,13,8,10,26,31,9,19,16,6,150,3,10,5,0,8,7,0,4,4,48,8,15,20,23,27,11,13,14,35,173,652,1599,970,716,789,284,330,308,137,5787
SAL20037,29,43,22,17,46,13,10,12,0,201,80,57,66,69,80,28,22,22,7,432,96,43,356,71,90,59,68,63,27,870,9,3,4,10,10,10,3,8,0,52,20,4,12,15,17,3,9,4,0,78,7,12,0,6,7,7,0,0,0,39,7,8,6,10,15,5,9,7,10,75,642,1261,549,324,535,215,159,167,89,3926
SAL20038,0,0,0,0,0,0,0,0,0,0,3,0,0,0,0,0,0,0,0,4,0,0,0,0,0,0,3,0,0,14,0,0,0,0,0,0,0,0,0,0,0,0,0,0,0,0,0,0,0,6,0,0,0,0,0,0,0,0,0,0,0,0,0,0,0,0,0,0,0,0,3,13,0,4,0,0,3,7,0,37
SAL20039,0,0,0,0,0,0,0,0,0,0,0,0,0,0,0,0,0,0,0,0,0,0,4,4,0,0,0,0,0,4,0,0,0,0,0,0,0,0,0,0,0,0,0,0,0,0,0,0,0,0,0,0,0,0,0,0,0,0,0,0,0,0,0,0,0,0,0,0,0,0,0,0,3,0,0,0,0,0,0,6
SAL20040,0,0,0,0,0,0,0,0,0,0,0,0,0,0,0,0,0,0,0,0,0,0,0,0,0,0,0,0,0,0,0,0,0,0,0,0,0,0,0,0,0,0,0,0,0,0,0,0,0,0,0,0,0,0,0,0,0,0,0,0,0,0,0,0,0,0,0,0,0,0,0,0,0,0,0,0,0,0,0,0
SAL20041,0,0,0,0,0,0,0,0,0,7,0,0,0,0,0,0,0,0,0,4,3,0,0,0,0,0,6,0,4,25,0,0,0,0,0,0,0,0,0,0,0,0,0,0,0,0,0,0,0,0,0,0,0,0,0,0,0,0,0,0,0,0,0,0,0,0,0,0,0,0,14,15,0,12,6,0,5,4,3,59
SAL20042,6,5,4,8,3,0,0,3,0,18,6,3,3,3,0,0,0,0,0,18,23,3,42,6,6,3,11,11,0,109,0,0,0,3,0,0,0,0,0,0,0,0,6,0,4,0,0,0,0,5,0,0,0,0,0,0,0,0,0,0,6,0,0,0,0,0,0,0,0,10,55,55,56,22,19,6,11,12,9,249
SAL20043,0,0,0,0,0,0,0,0,0,0,0,0,0,0,0,0,0,0,0,8,3,0,0,0,0,0,4,0,0,11,0,0,0,0,0,0,0,0,0,0,0,0,0,0,0,0,0,0,0,0,0,0,0,0,0,0,0,0,0,0,0,0,0,0,0,0,0,0,0,0,8,5,3,0,9,0,4,0,0,29
SAL20044,0,0,0,0,0,0,0,0,0,0,0,0,0,0,0,0,0,0,0,0,0,0,0,0,0,0,0,0,0,3,0,0,0,0,0,0,0,0,0,0,0,0,0,0,0,0,0,0,0,0,0,0,0,0,0,0,0,0,0,0,0,0,0,0,0,0,0,0,0,0,0,0,0,0,0,0,0,0,0,8
SAL20045,0,0,0,0,0,0,0,0,0,0,0,0,0,0,0,0,0,0,0,0,0,0,0,0,0,0,0,0,0,4,0,0,0,0,0,0,0,0,0,0,0,0,0,0,0,0,0,0,0,0,0,0,0,0,0,0,0,0,0,0,0,0,0,0,0,0,0,0,0,0,0,0,0,0,0,0,0,0,0,7
SAL20046,9,16,4,8,8,4,0,3,0,62,19,20,13,26,11,0,6,6,5,102,37,8,103,29,12,16,8,15,6,227,0,0,0,0,3,0,0,0,0,15,3,0,0,0,7,3,0,0,0,16,5,0,0,0,0,0,0,0,0,9,5,0,0,4,0,3,0,0,0,14,218,426,155,125,97,46,18,45,21,1154
SAL20047,0,0,0,0,0,0,0,0,0,0,0,0,0,0,0,0,0,0,0,0,6,0,0,0,0,0,0,0,0,6,0,0,0,0,0,0,0,0,0,0,0,0,0,0,0,0,0,0,0,0,0,0,0,0,0,0,0,0,0,0,0,0,0,0,0,0,0,0,0,0,4,0,0,0,0,0,0,0,0,4
SAL20048,0,0,0,0,0,0,0,0,0,0,0,0,0,0,0,0,0,0,0,3,5,0,0,0,0,0,0,0,0,9,0,0,0,0,0,0,0,0,0,0,0,0,0,0,0,0,0,0,0,0,0,0,0,0,0,0,0,0,0,0,0,0,0,0,0,0,0,0,0,0,9,3,0,0,0,0,0,0,0,16
SAL20049,10,3,0,3,4,9,0,4,0,35,9,3,18,13,5,3,3,4,0,53,35,4,58,9,8,14,10,20,9,174,0,0,0,3,0,0,0,0,0,14,0,0,0,0,0,0,0,3,0,10,0,0,0,0,0,0,0,0,0,0,0,0,6,0,0,3,0,6,5,21,109,97,95,51,53,49,15,51,16,530
SAL20050,0,0,0,0,0,0,0,0,0,0,0,0,0,0,0,0,0,0,0,0,0,0,0,0,0,0,0,0,0,0,0,0,0,0,0,0,0,0,0,0,0,0,0,0,0,0,0,0,0,0,0,0,0,0,0,0,0,0,0,0,0,0,0,0,0,0,0,0,0,0,0,0,0,0,0,0,0,0,0,0
SAL20051,0,0,0,0,0,0,0,0,0,3,0,0,0,0,0,0,0,0,0,0,5,0,0,0,0,0,0,0,0,8,0,0,0,0,0,0,0,0,0,0,0,0,0,0,0,0,0,0,0,0,0,0,0,0,0,0,0,0,0,0,0,0,0,0,0,0,0,0,0,0,7,0,0,0,3,0,0,0,0,15
SAL20052,8,0,0,0,0,0,0,0,0,8,0,0,0,5,0,0,0,0,0,9,10,0,8,0,0,0,0,6,6,30,0,0,0,0,0,0,0,0,0,5,0,0,0,0,0,0,0,0,0,6,0,0,0,0,0,0,0,0,0,0,0,0,0,0,0,0,0,3,0,9,24,9,16,4,3,4,5,15,6,78
SAL20053,20,30,8,33,25,5,0,16,0,139,18,38,13,89,33,5,12,16,0,221,106,37,209,223,69,41,64,117,15,879,3,0,3,11,10,9,0,14,5,58,3,4,4,20,6,5,0,3,0,47,0,3,0,0,0,0,0,6,0,15,7,9,4,11,11,9,4,31,10,92,242,438,269,442,193,85,87,251,48,2054
SAL20054,5,0,0,0,0,0,0,0,0,5,3,0,0,0,0,0,0,0,0,3,3,0,0,0,0,5,0,0,0,11,0,0,0,0,0,0,0,0,0,0,0,0,0,0,0,0,0,0,0,0,0,0,0,0,0,0,0,0,0,0,0,0,0,0,0,0,0,0,0,0,9,10,0,0,5,5,0,0,0,29
SAL20055,0,0,0,0,0,0,0,0,0,0,0,0,0,0,0,0,0,0,0,0,0,0,0,0,0,0,0,0,0,0,0,0,0,0,0,0,0,0,0,0,0,0,0,0,0,0,0,0,0,0,0,0,0,0,0,0,0,0,0,0,0,0,0,0,0,0,0,0,0,0,0,0,0,0,0,0,0,0,0,0
SAL20056,0,0,0,0,0,0,0,0,0,9,3,0,0,0,0,0,0,0,0,3,6,0,9,3,0,0,5,3,0,30,0,0,0,0,0,0,0,0,0,0,0,0,0,0,0,0,0,0,0,0,0,0,0,0,0,0,0,0,0,0,0,0,0,0,0,0,0,0,0,0,25,12,15,8,7,0,3,3,0,71
SAL20057,0,0,0,0,0,0,0,0,0,5,0,0,0,0,0,0,0,0,0,0,9,4,3,0,0,0,0,4,0,21,0,0,0,0,0,0,0,0,0,0,0,0,0,0,0,0,0,0,0,0,0,0,0,0,0,0,0,0,0,0,0,0,0,0,0,0,0,0,0,0,10,6,9,4,0,3,0,4,0,40
SAL20058,0,0,0,0,0,0,0,0,0,0,0,0,0,0,0,0,0,0,0,0,3,0,0,0,0,0,0,0,0,9,0,0,0,0,0,0,0,0,0,0,0,0,0,0,0,0,0,0,0,0,0,0,0,0,0,0,0,0,0,0,0,0,0,0,0,0,0,0,0,0,3,0,0,0,0,0,0,0,0,9
SAL20059,0,0,0,0,0,0,0,0,0,0,0,0,0,0,0,0,0,0,0,0,0,0,0,0,0,0,0,0,0,0,0,0,0,0,0,0,0,0,0,0,0,0,0,0,0,0,0,0,0,0,0,0,0,0,0,0,0,0,0,0,0,0,0,0,0,0,0,0,0,0,0,0,0,0,0,0,0,0,0,0
SAL20060,0,0,0,0,0,0,0,0,0,0,0,0,0,0,0,0,0,0,0,0,0,0,0,0,0,0,0,0,0,0,0,0,0,0,0,0,0,0,0,0,0,0,0,0,0,0,0,0,0,0,0,0,0,0,0,0,0,0,0,0,0,0,0,0,0,0,0,0,0,0,0,0,0,4,0,0,0,0,0,4
SAL20061,0,0,0,0,0,0,0,0,0,0,0,0,0,0,0,0,0,0,0,0,0,0,0,0,0,0,0,0,0,4,0,0,0,0,0,0,0,0,0,0,0,0,0,0,0,0,0,0,0,0,0,0,0,0,0,0,0,0,0,0,0,0,0,0,0,0,0,0,0,0,0,3,0,0,0,0,0,0,0,5
SAL20062,0,9,5,7,11,8,4,5,0,45,17,7,18,22,22,5,8,6,0,107,10,8,66,37,25,8,25,31,3,219,5,5,6,3,0,0,0,3,0,17,0,4,0,8,3,0,3,0,0,19,3,0,0,0,0,0,0,0,0,3,3,9,3,4,3,0,3,0,10,30,90,276,124,117,115,51,71,68,12,931
SAL20063,0,0,0,0,0,0,0,0,0,4,4,0,0,0,0,0,0,3,0,19,10,0,17,7,7,0,4,7,0,48,0,0,0,0,0,0,0,0,0,3,0,0,0,0,0,0,0,0,0,0,0,0,0,0,0,0,0,0,0,0,0,0,0,0,0,0,0,0,0,0,25,33,20,15,7,3,3,22,5,131
SAL20064,0,0,0,0,0,0,0,0,0,0,0,0,0,0,0,0,0,0,0,4,0,0,0,0,0,0,0,0,0,4,0,0,0,0,0,0,0,0,0,0,0,0,0,0,0,0,0,0,0,0,0,0,0,0,0,0,0,0,0,0,0,0,0,0,0,0,0,0,0,0,0,0,0,0,0,0,0,0,0,4
SAL20065,0,0,0,0,0,0,0,0,0,3,0,0,0,4,3,0,0,0,0,12,4,0,7,5,3,0,3,3,0,22,0,0,0,0,0,0,0,0,0,0,0,0,0,0,0,0,0,0,0,0,0,0,0,0,0,0,0,0,0,0,0,0,0,0,0,0,0,0,0,3,9,8,7,10,10,0,9,5,0,51
SAL20066,55,44,16,23,37,21,0,3,0,193,57,66,19,38,43,35,0,5,5,262,47,29,86,33,31,24,12,16,9,292,4,0,0,4,4,4,0,0,0,15,6,4,3,7,12,11,0,0,5,52,7,18,0,4,4,0,0,0,0,31,8,17,6,0,8,8,0,0,15,61,942,2170,230,255,433,300,45,84,79,4540
SAL20067,3,0,0,3,0,0,0,0,0,11,0,0,0,3,0,0,0,0,0,7,5,5,4,4,5,0,0,0,0,18,0,0,0,0,0,0,0,0,0,0,0,0,0,0,0,0,0,0,0,0,0,0,0,0,0,0,0,0,0,0,0,0,0,0,0,0,0,0,0,0,8,9,4,11,5,0,0,4,0,39
SAL20068,45,54,28,47,42,10,9,14,5,251,96,96,77,168,97,41,23,27,6,636,135,72,508,261,159,104,90,106,24,1467,4,3,14,8,10,16,4,15,0,82,8,5,8,25,17,5,7,10,0,89,4,7,5,3,0,0,0,0,0,22,3,12,5,20,3,7,0,12,18,78,541,1415,748,816,507,265,177,279,64,4812
SAL20069,0,0,0,0,0,0,0,0,0,0,0,0,0,0,0,0,0,0,0,0,4,0,5,0,0,0,0,0,0,8,0,0,0,0,0,0,0,0,0,0,0,0,0,0,0,0,0,0,0,0,0,0,0,0,0,0,0,0,0,0,0,0,0,0,0,0,0,0,0,0,5,0,6,0,0,0,0,0,0,12
SAL20070,0,0,0,0,0,0,0,0,0,0,0,0,0,0,0,0,0,0,0,0,6,0,0,0,0,0,0,0,0,5,0,0,0,0,0,0,0,0,0,0,0,0,0,0,0,0,0,0,0,0,0,0,0,0,0,0,0,0,0,0,0,0,0,0,0,0,0,0,0,0,6,0,0,0,0,0,0,0,0,9
SAL20071,4,4,0,3,9,0,0,0,0,19,6,7,8,0,9,4,0,0,0,28,12,0,22,3,8,0,3,5,0,53,0,0,0,0,0,0,0,0,0,0,0,0,0,0,0,0,0,0,0,0,0,0,0,0,0,0,0,0,0,0,0,0,0,0,0,0,0,0,0,4,38,46,28,9,23,11,5,7,0,172
SAL20072,0,3,0,0,3,0,0,0,0,6,5,4,0,3,0,0,0,0,0,15,8,0,25,3,4,4,0,3,3,52,0,0,0,0,3,0,0,0,0,3,0,0,0,0,0,0,0,0,0,0,0,0,0,0,0,0,0,0,0,0,0,0,0,0,0,0,0,0,0,0,35,57,26,13,19,9,3,3,3,172
SAL20073,0,0,0,0,0,0,0,0,0,0,0,0,0,0,0,0,0,0,0,0,5,0,0,0,0,0,5,0,0,15,0,0,0,0,0,0,0,0,0,0,0,0,0,0,0,0,0,0,0,0,0,0,0,0,0,0,0,0,0,0,0,0,0,0,0,0,0,0,0,0,15,11,0,0,0,6,5,0,0,33
SAL20074,8,7,3,3,6,0,6,0,0,31,11,14,14,27,9,8,0,4,0,89,29,15,123,65,33,15,27,30,3,335,0,0,0,0,3,0,0,0,0,7,0,0,0,4,6,5,4,3,0,20,0,0,0,0,0,0,0,0,0,7,0,0,5,5,0,0,0,0,5,19,87,235,155,147,83,37,36,50,10,830
SAL20075,53,85,29,27,47,22,13,12,8,292,84,93,40,82,86,29,15,24,5,462,101,63,260,116,88,49,44,58,11,788,9,7,9,9,5,3,6,8,0,49,16,18,16,18,24,21,0,15,5,132,5,28,4,6,5,3,0,5,0,54,12,20,7,15,10,0,5,10,16,98,1276,2856,490,513,725,293,126,197,94,6574
SAL20076,9,3,0,0,0,0,0,0,0,9,3,4,0,0,0,0,0,0,0,6,7,0,6,5,0,0,0,0,0,21,0,0,0,0,0,0,0,0,0,0,0,0,0,0,0,0,0,0,0,0,0,0,0,0,0,0,0,0,0,0,0,0,0,0,0,0,0,0,0,0,33,31,11,8,5,3,0,4,0,91
SAL20077,35,48,18,14,32,8,0,4,3,164,50,40,14,24,30,11,0,9,5,188,34,27,78,21,24,24,9,22,3,247,3,3,0,9,4,6,0,3,0,24,9,8,6,9,6,4,0,3,0,47,4,8,0,0,0,0,0,0,0,19,3,8,5,6,6,0,0,0,3,27,773,1462,189,168,342,146,22,66,43,3220
SAL20078,26,28,14,13,22,8,6,8,0,128,40,50,12,38,36,19,8,13,6,214,41,17,113,47,23,23,11,32,10,308,6,0,3,3,7,0,4,3,0,27,9,0,6,13,10,8,4,3,0,53,0,6,5,0,0,0,0,0,0,14,10,3,0,7,0,3,4,8,12,45,518,1156,243,226,270,140,63,97,61,2768
SAL20079,39,44,24,31,19,9,0,7,3,171,43,44,35,64,50,20,4,4,0,277,93,35,245,63,75,36,22,29,9,606,6,3,0,9,8,0,0,0,0,22,9,9,4,14,19,10,0,0,0,69,0,3,0,3,0,3,0,0,0,10,11,3,8,0,6,5,4,0,11,47,547,1023,352,280,321,150,48,67,45,2822
SAL20080,27,36,19,22,32,14,7,3,8,167,52,45,27,38,46,25,5,8,4,259,77,30,234,76,54,34,26,51,7,586,0,0,3,12,10,9,4,0,0,42,9,9,3,7,18,10,5,5,0,65,3,8,0,0,0,6,0,0,0,18,11,9,4,8,5,9,0,0,5,49,392,722,338,246,304,160,68,96,36,2354
SAL20081,0,0,0,0,0,0,0,0,0,3,0,0,0,0,3,0,0,0,0,3,7,0,0,3,0,0,0,6,0,25,0,0,0,0,0,0,0,0,0,0,0,0,0,0,0,0,0,0,0,0,0,0,0,0,0,0,0,0,0,0,0,0,0,0,0,0,0,0,0,4,12,8,5,5,0,0,3,7,3,42
SAL20082,28,18,10,14,17,7,0,6,0,97,20,21,10,21,31,10,8,3,5,132,49,25,164,36,55,19,25,20,5,394,0,0,0,5,10,3,0,0,0,20,4,3,4,7,13,7,0,7,0,43,0,0,0,4,0,0,0,0,0,6,0,5,3,0,4,0,4,0,4,22,172,292,213,101,181,68,48,51,16,1142
SAL20083,0,0,0,0,0,0,0,0,0,0,0,0,0,0,0,0,0,0,0,0,0,0,0,0,0,0,0,0,0,0,0,0,0,0,0,0,0,0,0,0,0,0,0,0,0,0,0,0,0,0,0,0,0,0,0,0,0,0,0,0,0,0,0,0,0,0,0,0,0,0,0,0,0,0,0,0,0,0,0,0
SAL20084,0,0,0,0,0,0,0,0,0,0,0,0,0,0,0,0,0,0,0,0,0,0,0,0,0,0,0,0,0,0,0,0,0,0,0,0,0,0,0,0,0,0,0,0,0,0,0,0,0,0,0,0,0,0,0,0,0,0,0,0,0,0,0,0,0,0,0,0,0,0,4,0,0,0,0,0,0,0,0,4
SAL20085,0,0,0,0,0,0,3,0,0,4,0,0,0,0,3,0,0,0,0,6,6,0,11,5,0,0,4,5,0,33,0,0,0,0,0,0,0,0,0,0,0,0,0,0,0,0,0,0,0,0,0,0,0,0,0,0,0,0,0,0,0,0,0,0,0,0,0,0,0,0,14,9,13,10,7,0,6,6,0,69
SAL20086,4,9,9,4,0,0,4,0,0,37,9,6,4,8,4,0,0,4,5,45,22,10,53,17,13,6,12,19,0,145,3,0,0,0,3,0,0,7,0,13,3,0,0,0,4,0,0,0,0,9,0,0,0,0,0,0,0,0,0,0,0,0,0,0,0,0,0,0,0,9,72,76,76,43,36,13,15,37,10,375
SAL20087,0,0,0,3,0,0,0,0,0,12,4,6,3,11,0,0,0,3,0,34,23,0,38,17,8,9,14,20,0,135,0,0,0,0,4,0,0,0,0,10,0,0,0,3,0,3,3,0,0,11,0,0,0,0,0,0,0,0,0,0,0,0,3,0,0,4,0,6,0,13,54,46,50,51,20,17,22,31,7,294
SAL20088,0,0,0,0,0,0,0,0,0,0,0,0,0,0,0,0,0,0,0,0,0,0,0,0,0,0,0,0,0,4,0,0,0,0,0,0,0,0,0,0,0,0,0,0,0,0,0,0,0,0,0,0,0,0,0,0,0,0,0,0,0,0,0,0,0,0,0,0,0,0,0,0,0,0,0,0,0,0,0,3
SAL20089,46,38,22,30,51,5,4,6,0,201,63,68,49,67,85,12,13,19,4,380,81,38,292,88,81,41,49,68,13,753,4,0,4,9,21,9,0,11,0,49,5,7,6,15,24,17,7,10,5,100,5,5,3,3,4,0,0,0,0,27,5,18,9,14,17,9,4,4,14,87,558,1253,477,338,555,194,118,155,72,3731
SAL20090,0,0,0,0,0,0,0,0,0,0,0,0,0,0,0,0,0,0,0,0,3,0,3,0,4,0,0,0,0,12,0,0,0,0,0,0,0,0,0,0,0,0,0,0,0,0,0,0,0,0,0,0,0,0,0,0,0,0,0,0,0,0,0,0,0,0,0,0,0,0,3,3,3,0,4,0,0,0,0,16
SAL20091,0,4,0,0,3,0,0,0,0,17,3,7,9,7,5,0,0,0,0,30,13,18,59,10,13,3,10,12,0,145,0,0,0,0,0,4,0,0,0,4,3,0,0,0,0,0,0,5,0,6,0,0,0,0,0,0,0,0,0,0,0,0,0,0,0,0,0,0,0,0,48,99,70,36,29,11,9,11,5,320
SAL20092,3,0,3,0,0,0,0,0,0,10,5,4,0,3,8,0,0,0,0,21,15,3,18,8,3,5,4,6,6,60,0,0,0,0,6,0,0,0,0,7,0,0,0,0,0,0,0,0,0,3,0,0,0,0,0,0,0,0,0,6,0,0,0,0,0,0,0,4,0,5,38,41,27,16,19,8,13,9,7,172
SAL20093,4,0,7,0,7,0,0,0,0,19,4,5,0,14,4,0,0,0,0,36,14,0,59,20,12,11,14,12,4,151,3,0,0,0,0,0,0,0,0,4,7,0,0,0,3,0,0,0,0,10,0,0,0,0,0,0,0,0,0,0,0,0,0,0,0,0,3,0,0,6,54,82,66,43,43,20,20,19,3,341
SAL20094,0,0,0,0,0,0,0,0,0,0,0,0,0,0,0,0,0,0,0,0,0,0,0,0,0,0,0,0,0,3,0,0,0,0,0,0,0,0,0,0,0,0,0,0,0,0,0,0,0,0,0,0,0,0,0,0,0,0,0,0,0,0,0,0,0,0,0,0,0,3,0,0,0,0,0,0,0,4,0,8
SAL20095,18,24,18,17,29,5,9,6,0,130,39,39,32,74,43,16,13,16,0,275,81,37,353,114,115,46,94,75,11,927,4,0,9,3,10,8,4,10,0,50,10,5,11,9,15,3,0,0,0,54,0,0,4,3,4,0,0,0,0,12,4,4,5,10,5,0,5,9,8,52,271,591,479,319,313,116,146,140,32,2407
SAL20096,0,0,3,0,0,0,0,0,0,4,0,0,0,0,0,0,0,0,0,6,3,0,21,8,0,0,4,9,0,42,0,0,4,0,0,0,0,0,0,5,3,0,0,0,0,0,0,0,0,0,0,0,0,0,0,0,0,0,0,0,0,0,0,0,0,0,0,0,0,3,19,18,28,14,4,0,8,7,0,94
SAL20097,6,0,9,3,8,0,0,0,0,31,10,12,10,14,9,4,0,5,0,55,17,8,111,32,21,16,14,30,0,242,0,0,0,0,0,0,0,4,0,5,4,0,0,0,0,0,3,0,0,10,0,0,0,0,0,0,0,0,0,3,0,0,4,0,0,0,0,3,0,8,54,86,140,74,45,29,17,44,3,491
SAL20098,0,0,0,0,0,0,0,0,0,0,0,0,0,0,0,0,0,0,0,0,0,0,0,0,0,0,0,0,0,3,0,0,0,0,0,0,0,0,0,0,0,0,0,0,0,0,0,0,0,0,0,0,0,0,0,0,0,0,0,0,0,0,0,0,0,0,0,0,0,0,0,0,0,0,0,0,0,0,0,5
SAL20099,0,0,0,0,3,0,5,0,0,9,0,0,0,4,0,0,0,0,0,10,15,0,12,8,8,3,9,0,0,54,0,0,0,0,0,0,0,0,0,4,0,0,0,0,4,0,0,0,0,7,0,0,0,0,0,0,0,0,0,0,0,0,0,0,0,0,0,0,0,0,19,25,16,12,22,8,7,3,0,118
SAL20100,0,0,0,0,0,0,0,0,0,0,0,0,0,0,0,0,0,0,0,0,0,0,0,0,0,0,0,0,0,5,0,0,0,0,0,0,0,0,0,0,0,0,0,0,0,0,0,0,0,0,0,0,0,0,0,0,0,0,0,0,0,0,0,0,0,0,0,0,0,0,0,0,3,0,0,0,0,0,0,7
SAL20101,0,0,0,0,0,0,0,0,0,3,0,0,0,0,4,0,0,0,0,4,0,0,0,0,0,0,0,0,0,3,0,0,0,0,0,0,0,0,0,0,0,0,0,0,0,0,0,0,0,0,0,0,0,0,0,0,0,0,0,0,0,0,0,0,0,0,0,0,0,0,5,10,0,0,4,0,0,0,0,17
SAL20102,4,0,0,0,0,0,0,0,0,3,0,0,0,0,0,3,0,0,0,7,4,0,0,0,0,0,0,4,0,8,0,0,0,0,0,0,0,0,0,0,0,0,0,0,0,0,0,0,0,0,0,0,0,0,0,0,0,0,0,0,0,0,4,0,0,0,0,0,0,4,9,3,4,7,0,3,0,3,0,39
SAL20103,10,18,8,25,12,9,4,7,5,108,33,56,17,67,38,15,7,15,3,244,79,36,270,160,101,68,56,85,12,866,6,3,4,3,12,5,4,15,0,47,8,0,3,16,4,6,0,14,0,48,0,0,3,0,0,0,0,4,0,17,3,7,5,8,9,3,0,12,15,69,203,478,329,344,226,131,74,178,38,2004
SAL20104,0,0,0,0,0,0,0,0,0,4,3,0,0,6,0,0,0,4,0,7,0,0,5,5,4,0,0,0,0,17,0,0,0,0,0,0,0,0,0,0,0,0,0,5,0,0,0,0,0,3,0,0,0,0,0,0,0,0,0,0,0,0,0,0,0,0,0,0,0,0,9,17,7,13,8,3,0,4,0,67
SAL20105,35,50,22,15,17,11,4,7,0,151,37,43,41,41,18,12,4,11,0,208,36,32,103,42,32,16,10,14,3,284,4,10,4,3,0,4,0,0,0,20,6,6,8,3,3,5,0,0,0,35,0,3,4,0,4,5,0,0,0,12,9,7,0,4,5,0,3,7,0,37,539,1167,251,223,243,134,44,83,32,2719
SAL20106,0,0,0,0,0,0,0,0,0,4,0,0,0,0,0,0,0,0,0,0,5,0,6,0,0,0,4,0,0,13,0,0,0,0,0,0,0,0,0,0,0,0,0,0,0,0,0,0,0,0,0,0,0,0,0,0,0,0,0,0,0,0,0,0,0,0,0,0,0,0,10,11,3,4,3,5,5,0,0,34
SAL20107,0,0,0,0,0,0,0,0,0,0,0,0,0,0,0,0,0,0,0,4,0,0,0,0,0,0,0,0,0,9,0,0,0,0,0,0,0,0,0,0,0,0,0,0,0,0,0,0,0,0,0,0,0,0,0,0,0,0,0,0,0,0,0,0,0,0,0,0,0,0,0,0,0,4,0,0,0,0,0,10
SAL20108,19,14,3,6,11,0,0,4,0,55,19,10,9,39,21,10,0,7,0,116,48,19,163,56,57,20,28,44,8,442,0,0,0,0,4,3,0,4,0,15,10,3,0,3,7,4,3,0,0,29,0,3,0,0,0,0,0,0,0,9,5,6,4,4,3,0,0,5,0,33,173,236,189,158,133,51,44,63,16,1064
SAL20109,0,0,0,0,0,0,0,0,0,0,3,0,0,0,0,0,0,0,0,4,3,0,0,0,0,0,0,0,0,6,0,0,0,0,0,0,0,0,0,0,0,0,0,0,0,0,0,0,0,0,0,0,0,0,0,0,0,0,0,0,0,0,0,0,0,0,0,0,0,0,8,3,0,0,0,0,0,5,0,15
SAL20110,0,0,0,0,0,0,0,0,0,0,0,0,0,0,0,0,0,0,0,0,4,0,0,0,0,0,0,0,0,4,0,0,0,0,0,0,0,0,0,0,0,0,0,0,0,0,0,0,0,0,0,0,0,0,0,0,0,0,0,0,0,0,0,0,0,0,0,0,0,0,4,0,0,0,0,0,0,0,0,4
SAL20111,26,35,4,16,22,4,0,8,0,113,20,27,23,50,27,11,0,9,6,174,49,24,130,69,48,30,25,24,6,406,0,0,0,10,4,9,5,3,0,31,4,6,0,11,0,0,4,0,0,32,0,3,0,0,0,0,0,0,0,6,7,3,4,9,3,0,0,3,0,34,296,868,202,240,200,101,57,65,22,2051
SAL20112,12,13,20,16,14,0,0,3,0,94,20,30,26,47,22,6,6,6,0,166,50,23,173,91,74,35,27,58,11,542,3,0,3,12,6,5,0,4,0,35,3,0,4,3,3,0,0,0,5,17,0,6,0,0,0,0,0,0,0,15,3,6,6,9,3,6,5,4,6,35,215,550,276,273,188,83,59,101,19,1763
SAL20113,12,12,8,12,16,3,4,5,0,73,18,19,16,35,17,7,0,0,0,130,42,17,142,49,55,26,16,30,3,382,0,0,3,0,4,0,0,3,0,17,4,0,0,3,0,4,0,7,0,17,0,3,0,0,4,0,0,0,0,7,0,6,0,6,4,7,0,0,4,23,195,438,183,162,154,56,33,57,16,1286
SAL20114,0,0,0,0,0,0,0,0,0,0,0,0,0,0,0,0,0,0,0,0,3,0,6,0,3,0,0,3,0,17,0,0,0,0,0,0,0,0,0,0,0,0,0,0,0,0,0,0,0,0,0,0,0,0,0,0,0,0,0,0,0,0,0,0,0,6,0,0,0,6,5,5,6,3,3,3,0,4,0,30
SAL20115,0,3,3,0,0,0,0,0,0,0,0,0,0,0,0,0,0,0,0,9,7,0,11,3,0,4,3,0,4,38,0,0,0,0,0,0,0,0,0,0,0,0,0,0,0,0,0,0,0,0,0,0,0,0,0,0,0,0,0,0,0,0,0,0,0,0,0,0,0,4,16,20,14,3,8,5,3,0,5,77
SAL20116,3,0,0,0,0,0,0,0,0,7,0,0,0,0,0,0,0,0,0,0,3,0,7,0,0,0,0,0,0,14,0,0,0,0,0,0,0,0,0,0,0,0,0,0,0,0,0,0,0,5,0,0,0,0,0,0,0,0,0,0,0,0,0,0,0,0,0,0,0,0,9,8,9,3,4,3,0,3,3,46
SAL20117,0,0,0,0,0,0,0,0,0,0,0,0,0,0,0,0,0,0,0,0,4,0,0,0,0,0,0,0,0,5,0,0,0,0,0,0,0,0,0,0,4,0,0,0,0,0,0,0,0,3,0,0,0,0,0,0,0,0,0,0,0,0,0,0,0,0,0,0,0,0,19,0,0,0,4,0,0,0,0,26
SAL20118,3,0,0,0,0,0,0,0,0,6,4,0,0,0,0,0,0,0,0,5,6,0,5,0,0,0,0,0,0,22,0,0,0,0,0,0,0,0,0,0,0,0,0,0,0,0,0,0,0,0,0,0,0,0,0,0,0,0,0,0,0,0,0,0,0,0,0,4,0,6,23,4,9,3,0,0,0,7,0,54
SAL20119,6,0,0,0,0,0,0,0,0,6,3,0,0,0,0,0,0,0,0,3,12,0,3,8,4,3,5,13,0,45,0,0,0,0,0,0,0,0,0,6,0,0,0,0,0,0,0,0,0,0,0,0,0,0,0,0,0,0,0,0,0,0,0,0,0,0,0,0,0,0,23,12,7,10,6,3,9,12,0,83
SAL20120,19,13,0,6,6,6,0,0,0,63,6,12,14,27,14,8,0,4,0,82,40,5,109,13,27,12,12,17,6,240,0,0,0,3,3,0,0,0,0,4,3,0,3,0,0,0,0,0,0,12,4,0,0,0,0,0,0,0,0,8,0,5,0,0,5,0,0,3,3,20,176,274,147,82,83,35,10,44,8,867
SAL20121,0,6,0,0,0,0,0,0,0,9,0,0,0,0,0,0,0,0,0,7,8,0,7,3,0,3,3,0,0,33,0,0,0,0,5,0,0,0,0,5,0,0,0,0,0,0,0,0,0,0,0,0,0,0,0,0,0,0,0,0,0,0,0,0,0,0,0,0,0,4,33,43,13,7,14,5,9,9,0,126
SAL20122,0,0,0,0,0,0,0,0,0,0,0,0,0,0,0,0,0,0,0,0,0,0,0,0,0,0,0,0,0,4,0,0,0,0,0,0,0,0,0,0,0,0,0,0,0,0,0,0,0,0,0,0,0,0,0,0,0,0,0,0,0,0,0,0,0,0,0,0,0,0,0,0,0,0,0,0,0,0,0,4
SAL20123,70,70,9,45,44,24,6,4,4,272,82,46,33,42,54,34,8,11,4,314,54,25,110,39,40,40,10,28,9,353,5,4,6,4,10,0,0,6,0,23,15,12,5,3,12,13,0,6,0,69,6,18,0,8,9,3,0,4,0,51,9,22,7,0,7,5,0,3,13,62,1024,2243,279,308,540,322,60,122,94,5000
SAL20124,96,112,43,32,72,42,14,21,8,430,101,81,49,78,86,59,9,20,10,479,118,41,185,72,62,52,15,41,16,590,14,3,3,8,15,4,0,0,0,47,26,9,6,16,28,20,6,8,3,124,14,18,3,5,11,3,4,4,0,69,25,32,8,8,18,14,0,0,19,121,1661,3395,496,481,996,510,91,180,146,7957
SAL20125,4,0,0,0,6,0,0,0,0,10,9,3,0,0,0,0,0,0,0,16,19,0,17,4,0,0,3,10,0,66,0,0,0,0,0,0,0,0,0,7,0,0,0,0,0,0,0,3,0,3,0,0,0,0,0,0,0,0,0,0,3,0,0,0,3,0,0,0,0,3,42,23,28,8,15,7,3,20,3,146
SAL20126,0,0,0,4,0,0,0,0,0,7,6,0,0,0,0,0,0,0,0,9,12,0,13,3,4,4,5,7,0,47,0,0,0,0,0,0,0,0,0,0,0,0,0,0,0,0,0,0,0,0,0,0,0,0,0,0,0,0,0,0,0,0,0,0,0,0,0,0,0,0,25,10,13,11,4,3,5,7,0,83
SAL20127,6,0,0,0,0,0,0,0,0,6,0,0,0,0,0,0,0,0,0,5,3,0,4,0,0,0,3,0,0,17,0,0,0,0,0,0,0,0,0,0,0,0,0,0,0,0,0,0,0,0,0,0,0,0,0,0,0,0,0,0,0,0,0,0,0,0,0,0,0,0,14,16,3,7,0,3,3,0,0,44
SAL20128,0,0,0,0,0,0,0,0,0,3,0,0,0,0,0,0,0,0,0,4,3,0,0,0,0,0,0,0,0,3,0,0,0,0,0,0,0,0,0,0,0,0,0,0,0,0,0,0,0,0,0,0,0,0,0,0,0,0,0,0,0,0,0,0,0,0,0,0,0,0,7,5,0,5,0,0,0,0,0,22
SAL20129,0,0,0,0,0,0,0,0,0,8,3,4,0,18,8,0,0,0,0,42,17,7,65,21,18,0,9,4,0,146,0,0,13,0,0,0,0,3,0,16,0,0,0,0,0,0,0,0,0,6,0,0,0,0,0,0,0,0,0,3,0,0,0,3,0,0,0,0,0,6,36,55,86,55,33,3,12,11,5,299
SAL20130,0,0,0,0,0,0,0,0,0,0,0,0,0,0,0,0,0,0,0,0,4,0,0,0,0,0,0,0,0,7,0,0,0,0,0,0,0,0,0,0,0,0,0,0,0,0,0,0,0,0,0,0,0,0,0,0,0,0,0,0,0,0,0,0,0,0,0,0,0,0,16,0,0,4,0,0,0,0,0,20
SAL20131,3,0,0,0,0,0,0,0,0,6,3,0,0,0,4,0,0,4,0,19,11,0,15,3,7,0,0,0,0,34,0,0,0,0,0,0,0,0,0,3,0,0,0,4,0,0,0,0,0,5,0,0,0,0,0,0,0,5,0,5,0,0,0,0,0,0,0,0,0,6,17,23,13,14,12,0,3,14,0,100
SAL20132,0,0,0,0,0,0,0,0,0,0,0,0,0,0,0,0,0,0,0,0,5,0,0,0,3,0,0,0,0,11,0,0,0,0,0,0,0,0,0,0,0,0,0,0,0,0,0,0,0,0,0,0,0,0,0,0,0,0,0,0,0,0,0,0,0,0,0,0,0,0,12,3,0,0,3,0,0,0,0,18
SAL20133,24,29,16,26,24,4,0,4,3,143,38,33,38,77,37,27,10,18,3,286,94,34,395,148,119,45,88,96,22,1036,4,7,3,5,15,8,0,0,0,44,6,0,4,5,12,0,6,0,0,38,0,0,0,0,0,0,0,0,0,12,8,3,11,10,3,4,5,5,8,52,251,466,494,347,271,109,122,140,41,2230
SAL20134,0,0,0,0,0,0,0,0,0,3,0,0,0,0,0,0,0,0,0,0,0,0,0,0,0,0,0,0,0,0,0,0,0,0,0,0,0,0,0,0,0,0,0,0,0,0,0,0,0,0,0,0,0,0,0,0,0,0,0,0,0,0,0,0,0,0,0,0,0,0,0,0,0,0,0,0,0,0,0,9
SAL20135,0,0,0,0,0,0,0,0,0,0,0,0,0,0,0,0,0,0,0,0,0,0,0,0,0,0,0,0,0,0,0,0,0,0,0,0,0,0,0,0,0,0,0,0,0,0,0,0,0,0,0,0,0,0,0,0,0,0,0,0,0,0,0,0,0,0,0,0,0,0,0,3,3,0,0,0,0,0,0,10
SAL20136,9,16,8,10,14,0,0,5,0,55,28,22,12,38,26,10,9,4,4,142,59,14,161,55,52,24,37,33,4,437,3,0,4,0,9,0,0,4,0,20,4,10,3,3,6,5,0,3,0,30,0,0,0,0,0,0,0,0,0,3,3,4,0,0,3,0,0,0,0,22,154,282,205,154,147,39,51,46,8,1089
SAL20137,0,0,0,0,0,0,0,0,0,6,0,0,0,0,0,0,0,0,0,5,0,0,4,3,0,0,0,0,0,9,0,0,0,0,0,0,0,0,0,3,0,0,0,0,0,0,0,0,0,0,0,0,0,0,0,0,0,0,0,0,0,0,0,0,0,0,0,0,0,0,11,13,4,5,4,0,0,3,0,39
SAL20138,0,0,0,0,0,0,0,0,0,4,0,0,6,5,0,0,0,0,0,10,4,4,9,3,4,0,4,4,0,30,0,0,0,0,0,0,0,0,0,0,0,0,0,0,0,0,0,0,0,0,0,0,0,0,0,0,0,0,0,0,0,0,0,0,0,0,0,0,0,0,12,8,9,9,3,0,4,4,0,55
SAL20139,0,0,0,0,0,0,0,0,0,0,0,0,0,0,0,0,0,0,0,3,0,0,0,0,0,0,0,0,0,0,0,0,0,0,0,0,0,0,0,0,0,0,0,0,0,0,0,0,0,0,0,0,0,0,0,0,0,0,0,0,0,0,0,0,0,0,0,0,0,0,10,0,0,0,0,0,0,0,0,6
SAL20140,0,0,0,0,0,0,0,0,0,4,0,0,0,0,0,0,0,0,0,0,9,0,4,0,0,0,0,0,0,19,0,0,0,0,0,0,0,0,0,0,0,0,0,0,0,0,0,0,0,0,0,0,0,0,0,0,0,0,0,0,0,0,0,0,0,0,0,0,0,4,16,17,9,3,0,0,0,3,0,56
SAL20141,0,4,0,0,4,0,0,0,0,16,3,4,5,3,0,0,0,0,0,16,5,4,14,6,0,0,3,9,4,44,0,0,0,3,0,0,0,0,0,3,0,0,0,0,0,0,0,0,0,0,0,0,0,0,0,0,0,0,0,0,0,0,0,0,0,0,0,0,5,3,17,67,22,26,13,3,6,9,10,182
SAL20142,0,0,0,0,0,0,0,0,0,0,0,0,0,0,0,0,0,0,0,0,0,0,0,0,0,0,0,0,0,3,0,0,0,0,0,0,0,0,0,0,0,0,0,0,0,0,0,0,0,0,0,0,0,0,0,0,0,0,0,0,0,0,0,0,0,0,0,0,0,0,3,0,0,3,0,0,0,0,0,7
SAL20143,0,0,0,0,0,0,0,0,0,0,0,0,0,0,0,0,0,0,0,0,0,0,4,3,0,0,0,0,0,13,0,0,0,0,0,0,0,0,0,0,0,0,0,0,0,0,0,0,0,0,0,0,0,0,0,0,0,0,0,0,0,0,0,0,0,0,0,0,0,0,0,4,3,4,0,0,0,0,0,13
SAL20144,0,0,0,4,0,0,0,0,0,7,0,4,0,4,0,0,0,0,0,6,5,0,7,0,0,0,0,0,3,28,0,0,0,0,0,0,0,0,0,0,0,0,0,0,0,0,0,0,0,5,0,0,0,0,0,0,0,0,0,0,0,0,0,0,0,0,0,0,0,4,9,12,7,6,3,3,7,0,3,53
SAL20145,0,0,0,0,0,0,0,0,0,0,0,0,0,0,0,0,0,0,0,0,0,0,0,0,0,0,0,0,0,0,0,0,0,0,0,0,0,0,0,0,0,0,0,0,0,0,0,0,0,0,0,0,0,0,0,0,0,0,0,0,0,0,0,0,0,0,0,0,0,0,0,0,0,0,0,0,0,0,0,9
SAL20146,10,4,0,3,0,0,0,0,0,21,5,4,0,11,8,0,0,7,0,37,15,10,64,20,17,12,24,27,0,186,0,0,0,0,0,4,0,0,0,6,0,0,0,5,0,0,0,0,0,4,0,0,0,0,0,0,0,0,0,3,0,0,0,6,3,0,4,0,3,17,44,58,71,55,40,15,28,35,3,344
SAL20147,3,0,0,0,0,0,0,0,0,3,3,0,0,0,0,0,0,0,0,5,6,0,8,0,3,0,0,5,0,29,0,0,0,0,0,0,0,0,0,0,0,0,0,0,0,0,0,0,0,0,0,0,0,0,0,0,0,0,0,0,0,0,0,0,0,0,0,0,0,0,17,3,9,6,5,4,0,5,3,57
SAL20148,0,0,0,0,0,0,0,0,0,7,0,0,0,0,0,0,0,0,0,6,0,0,7,4,0,0,6,0,0,18,0,0,0,0,0,0,0,0,0,0,0,0,0,0,0,0,0,0,0,0,0,0,0,0,0,0,0,0,0,0,0,0,0,0,0,0,0,0,0,0,8,14,7,10,4,0,6,4,0,46
SAL20149,0,5,0,3,0,0,0,0,0,12,0,4,0,9,0,0,0,0,0,16,11,7,19,11,7,7,18,10,0,87,0,0,0,0,5,0,0,0,0,5,0,0,0,0,0,0,0,0,0,0,0,0,0,0,0,0,0,0,0,0,0,0,0,0,0,0,0,0,0,3,28,36,19,23,17,12,16,12,0,173
SAL20150,3,0,0,0,0,0,0,0,0,5,3,0,0,0,0,0,0,0,0,12,8,0,15,9,4,3,3,5,0,43,5,0,0,0,0,0,0,0,0,6,0,0,0,0,0,0,0,0,0,0,0,0,0,0,0,0,0,0,0,0,0,0,0,0,0,3,0,0,0,7,22,15,17,8,8,5,7,5,0,86
SAL20151,0,0,0,0,0,0,0,0,0,3,0,0,0,0,4,0,0,0,0,5,7,0,12,0,0,0,0,4,0,25,0,0,0,0,0,0,0,0,0,3,0,0,0,0,0,0,0,0,0,0,0,0,0,0,0,0,0,0,0,0,3,0,0,0,0,0,0,0,0,6,24,24,12,7,12,10,0,0,3,98
SAL20152,0,0,0,0,0,0,0,0,0,0,0,0,0,0,0,0,0,0,0,0,0,0,0,0,0,0,0,0,0,0,0,0,0,0,0,0,0,0,0,0,0,0,0,0,0,0,0,0,0,0,0,0,0,0,0,0,0,0,0,0,0,0,0,0,0,0,0,0,0,3,3,0,0,0,0,0,0,0,0,5
SAL20153,0,0,0,0,0,0,0,0,0,0,0,0,0,0,0,0,0,0,0,0,0,0,0,0,0,0,0,4,0,3,0,0,0,0,0,0,0,0,0,0,0,0,0,0,0,0,0,0,0,0,0,0,0,0,0,0,0,0,0,0,0,0,0,0,0,0,0,0,0,0,4,4,0,0,0,0,0,4,0,7
SAL20154,0,0,0,0,0,0,0,0,0,4,0,0,0,0,0,0,0,0,0,0,0,0,0,0,0,0,0,0,0,0,0,0,0,0,0,0,0,0,0,0,0,0,0,0,0,0,0,0,0,0,0,0,0,0,0,0,0,0,0,0,0,0,0,0,0,0,0,0,0,0,10,0,0,0,4,0,0,0,0,12
SAL20155,0,0,0,0,0,0,0,0,0,0,0,0,0,0,0,0,0,0,0,0,0,0,0,0,0,0,0,0,0,0,0,0,0,0,0,0,0,0,0,0,0,0,0,0,0,0,0,0,0,0,0,0,0,0,0,0,0,0,0,0,0,0,0,0,0,0,0,0,0,0,4,0,0,0,0,0,0,0,0,5
SAL20156,0,0,0,0,0,0,0,0,0,0,0,0,0,0,0,0,0,0,0,0,0,0,0,0,0,0,0,0,0,0,0,0,0,0,0,0,0,0,0,0,0,0,0,0,0,0,0,0,0,0,0,0,0,0,0,0,0,0,0,0,0,0,0,0,0,0,0,0,0,0,0,11,0,3,0,0,0,0,0,17
SAL20157,0,0,0,0,0,0,0,0,0,3,0,0,0,0,0,0,0,0,0,0,8,0,0,0,0,0,0,0,0,5,0,0,0,0,0,0,0,0,0,0,0,0,0,0,0,0,0,0,0,0,0,0,0,0,0,0,0,0,0,0,0,0,0,0,0,0,0,0,0,0,5,0,0,0,0,6,0,0,0,13
SAL20158,0,0,0,0,0,0,0,0,0,0,0,0,0,0,0,0,0,0,0,0,0,0,0,0,0,0,0,0,0,0,0,0,0,0,0,0,0,0,0,0,0,0,0,0,0,0,0,0,0,0,0,0,0,0,0,0,0,0,0,0,0,0,0,0,0,0,0,0,0,0,0,0,0,0,0,0,0,0,0,5
SAL20159,0,3,0,0,0,0,0,0,0,3,0,0,0,0,0,0,0,0,0,3,3,0,3,0,0,0,0,5,0,14,0,0,0,0,0,0,0,0,0,0,0,0,0,0,0,0,0,0,0,0,0,0,0,0,0,0,0,0,0,0,0,0,0,0,0,0,0,0,0,0,4,4,4,0,6,0,0,5,0,21
SAL20160,3,0,6,0,0,0,0,0,0,9,0,0,0,0,5,0,0,0,0,9,3,0,14,4,3,0,6,5,0,30,0,0,0,0,0,0,0,0,0,0,3,0,0,0,0,0,0,0,0,5,0,0,0,0,0,0,0,0,0,0,0,0,0,0,0,0,0,0,0,0,21,20,17,12,16,0,6,8,0,101
SAL20161,0,0,0,0,0,0,0,0,0,6,5,0,0,0,0,0,0,0,0,5,3,0,6,5,0,0,0,3,0,16,0,0,0,0,0,0,0,0,0,0,0,0,0,0,0,0,0,0,0,0,0,0,0,0,0,0,0,0,0,0,3,0,0,0,0,0,0,0,0,0,13,14,3,8,5,3,0,9,0,53
SAL20162,31,31,5,14,13,8,0,0,0,113,15,32,23,21,15,11,0,6,0,123,45,15,129,48,35,16,5,13,0,300,0,0,0,0,0,0,0,0,0,10,5,5,0,5,0,0,0,0,0,19,4,0,0,0,3,0,0,0,0,13,5,5,8,10,3,4,3,0,5,37,320,613,193,135,163,73,12,36,22,1559
SAL20163,0,0,0,0,0,0,0,0,0,0,0,0,0,0,0,0,0,0,0,0,0,0,3,0,0,0,0,0,0,4,0,0,0,0,0,0,0,0,0,0,0,0,0,0,0,0,0,0,0,0,0,0,0,0,0,0,0,0,0,0,0,0,0,0,0,0,0,0,0,0,0,0,3,0,0,0,0,0,0,9
SAL20164,3,0,0,0,0,0,0,0,0,10,0,0,0,5,0,0,0,0,0,11,8,0,16,4,10,8,3,7,0,56,0,0,0,0,0,0,0,0,0,0,0,0,0,0,0,0,0,0,0,5,0,0,0,0,0,0,0,0,0,0,0,0,0,0,0,0,0,0,0,3,17,9,15,19,12,10,8,5,0,98
SAL20165,0,10,3,4,3,4,0,0,0,21,12,5,10,4,13,0,0,0,0,39,30,9,58,10,17,5,12,6,4,148,0,0,0,0,0,0,0,0,0,6,4,4,0,0,3,0,0,0,0,13,3,5,5,0,4,0,0,0,0,12,0,0,0,0,0,0,0,0,0,5,81,124,75,25,58,9,19,16,13,423
SAL20166,0,0,0,0,0,0,0,0,0,0,0,0,0,0,0,0,0,0,0,4,0,0,3,0,0,0,0,0,0,8,0,0,0,0,0,0,0,0,0,0,0,0,0,0,0,0,0,0,0,0,0,0,0,0,0,0,0,0,0,0,0,0,0,0,0,0,0,0,0,0,3,8,3,0,4,0,0,0,0,25
SAL20167,0,0,0,0,0,0,0,0,0,0,0,0,0,0,0,0,0,0,0,0,0,0,0,0,0,0,0,0,0,0,0,0,0,0,0,0,0,0,0,0,0,0,0,0,0,0,0,0,0,0,0,0,0,0,0,0,0,0,0,0,0,0,0,0,0,0,0,0,0,0,0,0,0,0,0,0,0,0,0,0
SAL20168,0,0,0,0,0,0,0,0,0,4,0,0,0,0,0,0,0,0,0,0,0,0,0,0,0,0,0,0,0,4,0,0,0,0,0,0,0,0,0,0,0,0,0,0,0,0,0,0,0,0,0,0,0,0,0,0,0,0,0,0,0,0,0,0,0,0,0,0,0,0,4,0,0,0,0,0,4,0,0,13
SAL20169,11,8,4,4,7,0,0,0,4,37,14,17,10,28,13,5,3,3,0,90,33,9,164,38,29,13,36,35,8,370,0,0,6,3,3,0,0,5,0,15,0,0,0,4,4,0,0,0,0,10,0,0,3,0,0,0,0,0,0,0,0,0,0,0,5,0,0,0,6,15,92,151,195,95,63,29,46,59,16,741
SAL20170,0,0,0,0,0,0,0,0,0,0,0,0,0,0,0,0,0,0,0,0,0,0,0,0,0,0,0,0,0,3,0,0,0,0,0,0,0,0,0,0,0,0,0,0,0,0,0,0,0,0,0,0,0,0,0,0,0,0,0,0,0,0,0,0,0,0,0,0,0,0,0,0,0,0,0,0,0,0,0,9
SAL20171,0,0,0,0,0,0,0,0,0,5,0,0,0,0,3,0,0,5,0,9,12,0,36,0,6,3,3,10,0,72,0,0,0,0,3,0,0,0,0,5,0,0,0,0,5,0,0,0,0,6,0,0,0,0,0,0,0,0,0,0,0,0,0,0,0,0,0,0,3,0,26,16,40,11,16,8,3,15,0,140
SAL20172,3,0,0,0,0,0,0,0,0,3,0,0,0,0,0,0,0,0,0,0,6,0,3,0,0,0,0,0,0,9,0,0,0,0,0,0,0,0,0,0,0,0,0,0,0,0,0,0,0,0,0,0,0,0,0,0,0,0,0,0,0,0,0,0,0,0,0,0,0,0,11,6,3,5,0,4,0,0,0,30
SAL20173,29,54,34,37,28,13,8,23,3,230,62,76,90,123,82,34,19,41,0,529,93,59,439,188,122,49,86,112,32,1183,8,5,5,6,17,9,7,12,0,62,9,4,9,18,20,16,9,11,3,93,4,7,0,5,0,3,0,4,0,29,10,19,11,8,12,3,6,6,14,96,497,1313,705,605,551,232,186,284,81,4458
SAL20174,34,35,23,26,40,7,11,12,3,196,45,60,52,79,67,38,12,25,10,395,78,32,401,126,132,48,63,79,12,977,5,0,6,8,16,5,5,8,0,62,4,3,3,16,22,7,5,7,0,74,3,8,0,0,6,0,9,3,0,29,0,10,9,10,0,5,4,3,4,58,357,908,561,395,432,177,136,184,58,3205
SAL20175,39,33,31,16,35,13,4,8,0,179,66,57,40,82,70,18,11,22,8,366,127,44,384,95,110,59,50,78,8,946,0,3,4,10,21,9,0,6,0,52,15,4,3,9,20,14,4,14,0,80,0,7,0,3,0,0,4,0,0,17,8,5,6,3,7,4,0,6,10,45,410,723,499,295,373,145,87,141,38,2703
SAL20176,28,18,9,9,20,3,3,3,6,86,33,10,8,19,30,10,0,3,0,114,78,17,183,23,33,25,13,38,7,415,0,0,4,3,4,3,0,0,0,14,5,3,3,7,3,0,0,0,0,23,0,4,0,0,0,0,0,0,0,3,4,0,10,0,13,3,0,3,0,38,244,287,224,85,125,57,23,57,18,1121
SAL20177,0,0,0,0,0,0,0,0,0,5,5,0,0,0,0,0,0,0,0,6,3,0,3,0,0,0,0,0,0,13,0,0,0,0,0,0,0,0,0,0,0,0,0,0,0,0,0,0,0,0,0,0,0,0,0,0,0,0,0,0,0,0,0,0,0,0,0,0,0,0,11,3,0,5,3,0,0,8,0,29
SAL20178,0,0,0,0,0,0,0,0,0,3,0,0,0,0,0,0,0,0,0,3,0,0,5,4,0,0,0,9,0,14,0,0,0,0,0,0,0,0,0,0,0,0,0,0,0,0,0,0,0,3,0,0,0,0,0,0,0,0,0,0,0,0,0,0,0,0,0,0,0,5,0,4,8,5,0,0,0,7,0,33
SAL20179,0,0,0,0,0,0,0,0,0,0,0,0,0,0,0,0,0,0,0,0,7,0,0,0,0,0,0,0,0,6,0,0,0,0,0,0,0,0,0,0,0,0,0,0,0,0,0,0,0,0,0,0,0,0,0,0,0,0,0,0,0,0,0,0,0,0,0,0,0,0,9,0,0,0,0,0,0,5,0,15
SAL20180,0,0,0,0,0,0,0,0,0,0,0,0,0,0,0,0,0,0,0,0,0,0,0,0,0,0,0,0,0,0,0,0,0,0,0,0,0,0,0,0,0,0,0,0,0,0,0,0,0,0,0,0,0,0,0,0,0,0,0,0,0,0,0,0,0,0,0,0,0,0,6,5,0,0,0,0,0,0,0,15
SAL20181,6,4,7,5,4,0,4,5,0,26,13,16,3,15,13,4,0,0,0,63,16,11,49,35,12,9,23,31,0,178,0,0,6,0,0,0,0,3,0,9,0,0,0,0,5,0,0,0,0,11,0,0,0,0,0,0,0,0,0,0,0,0,0,4,0,0,5,0,4,19,59,86,62,65,48,14,31,40,8,413
SAL20182,93,120,23,28,59,30,7,6,6,374,97,78,29,66,82,45,3,7,4,411,161,39,222,49,67,57,22,39,9,659,12,4,4,0,13,6,0,3,0,43,27,7,4,12,26,27,0,5,0,116,11,22,0,4,8,0,0,0,0,49,20,22,9,11,14,6,0,0,16,99,1448,1992,375,308,610,285,52,92,96,5251
SAL20183,0,0,0,0,0,0,0,0,0,0,0,0,0,0,0,0,0,0,0,0,3,0,0,0,0,0,0,0,0,3,0,0,0,0,0,0,0,0,0,0,0,0,0,0,0,0,0,0,0,0,0,0,0,0,0,0,0,0,0,0,0,0,0,0,0,0,0,0,0,0,3,4,0,0,0,0,0,0,0,10
SAL20184,4,0,0,0,0,0,0,0,0,11,0,0,0,0,4,0,0,0,0,13,7,3,7,10,5,5,5,6,3,56,0,0,0,0,0,0,3,0,0,3,0,0,0,0,0,0,0,0,0,0,0,0,0,0,0,0,0,0,0,0,4,0,0,0,0,0,0,4,0,5,20,27,14,10,9,7,10,15,5,119
SAL20185,3,0,0,0,0,0,0,0,0,3,0,0,0,0,0,0,0,0,0,0,3,0,6,6,0,0,4,4,0,15,0,0,0,0,0,0,0,0,0,3,0,0,0,0,0,0,0,0,0,0,0,0,0,0,0,0,0,0,0,0,0,0,0,0,0,0,0,0,0,4,13,3,10,8,3,0,4,4,0,36
SAL20186,22,21,10,23,13,3,0,6,0,101,23,22,6,28,18,12,0,4,0,110,68,18,119,69,24,26,24,53,3,406,0,0,0,8,0,3,0,3,0,16,5,3,0,10,3,0,0,4,0,23,0,4,0,0,0,0,0,0,0,5,6,3,5,6,0,6,0,3,5,41,268,503,171,198,109,68,36,98,20,1458
SAL20187,0,0,0,0,0,0,0,0,0,0,0,0,0,0,0,0,0,0,0,0,0,0,0,0,0,0,0,0,0,0,0,0,0,0,0,0,0,0,0,0,0,0,0,0,0,0,0,0,0,0,0,0,0,0,0,0,0,0,0,0,0,0,0,0,0,0,0,0,0,0,0,0,0,0,0,0,0,0,0,3
SAL20188,23,37,20,15,17,3,0,7,0,110,28,42,22,40,16,7,0,4,4,166,48,22,163,53,41,12,20,21,4,385,4,3,4,0,0,0,0,5,0,25,3,3,4,8,4,9,0,0,0,32,0,0,0,0,0,0,0,0,0,6,5,0,5,0,9,3,5,0,0,35,266,612,242,193,161,58,37,51,19,1650
SAL20189,5,10,0,3,4,0,0,0,0,25,14,10,13,19,12,6,0,0,0,69,19,13,67,17,16,11,12,14,5,179,0,0,0,3,0,0,0,0,0,10,0,0,0,3,5,0,0,0,0,14,5,3,0,0,0,0,0,0,0,3,0,6,0,0,0,0,0,0,0,9,82,165,92,74,58,23,21,16,7,542
SAL20190,9,11,0,10,7,6,0,0,0,46,11,22,8,18,9,4,0,0,0,75,38,19,98,28,18,10,7,11,0,229,0,0,4,0,5,0,0,0,0,10,0,0,0,0,0,0,4,0,0,11,0,0,0,0,0,0,0,0,0,5,0,0,0,0,0,0,0,0,0,5,119,175,123,81,65,28,15,20,8,636
SAL20191,10,24,19,10,17,11,15,6,0,97,25,27,18,48,26,9,17,16,0,190,37,25,225,78,55,42,51,59,10,584,0,0,3,3,7,3,3,7,0,31,4,3,3,14,9,3,7,3,0,49,0,0,3,0,0,0,4,4,0,14,0,4,0,6,7,3,0,4,11,45,133,403,310,230,182,109,122,139,30,1670
SAL20192,13,12,14,20,16,9,4,6,0,94,28,27,24,44,34,15,8,10,5,192,45,14,239,102,48,29,47,62,7,574,4,0,4,5,3,4,0,8,0,27,0,0,0,17,9,10,0,4,0,47,0,0,0,5,0,0,0,0,0,8,4,5,4,8,8,8,9,7,4,53,156,342,313,239,172,90,78,103,30,1529
SAL20193,3,0,0,0,4,0,0,0,0,11,0,0,0,0,0,0,0,0,0,6,0,0,0,0,4,0,0,6,0,14,0,0,0,0,0,0,0,0,0,0,0,0,0,0,0,0,0,0,0,0,0,0,0,0,0,0,0,0,0,0,0,0,0,0,0,3,0,0,0,5,22,17,3,3,5,6,0,8,7,69
SAL20194,0,0,0,0,0,0,0,0,0,0,0,0,0,0,0,0,0,0,0,0,0,0,0,0,0,0,0,0,0,0,0,0,0,0,0,0,0,0,0,0,0,0,0,0,0,0,0,0,0,0,0,0,0,0,0,0,0,0,0,0,0,0,0,0,0,0,0,0,0,0,0,0,0,0,0,0,0,0,0,0
SAL20195,8,14,4,6,3,6,0,0,0,41,14,8,3,0,5,3,0,0,0,38,19,0,46,8,6,3,7,10,0,86,0,0,0,0,5,0,0,0,0,5,0,0,0,0,0,0,0,3,0,12,0,3,0,0,0,0,0,0,0,4,0,0,0,3,0,0,0,0,3,13,91,139,61,31,30,21,10,16,3,405
SAL20196,0,5,0,0,0,0,0,0,0,7,0,7,0,3,0,0,0,0,0,16,4,0,19,8,3,0,9,5,0,50,0,0,0,0,0,0,0,0,0,5,0,0,0,0,0,0,0,0,0,0,0,0,0,0,0,0,0,0,0,0,0,0,0,0,0,0,0,0,0,0,14,38,27,15,9,11,9,5,0,125
SAL20197,0,0,0,0,0,0,0,0,0,0,0,0,0,0,0,0,0,0,0,0,0,0,0,0,0,0,0,0,0,7,0,0,0,0,0,0,0,0,0,0,0,0,0,0,0,0,0,0,0,3,0,0,0,0,0,0,0,0,0,0,0,0,0,0,0,0,0,0,0,0,0,10,4,0,0,0,0,3,0,19
SAL20198,4,7,6,4,11,4,3,0,5,41,10,12,10,11,9,0,4,0,0,59,11,5,49,19,10,4,6,5,0,120,4,0,0,0,3,0,0,3,0,14,3,4,0,3,6,0,0,0,0,10,5,0,0,0,3,0,0,0,0,9,3,0,5,0,3,0,0,0,0,20,102,280,80,83,79,30,24,28,9,728
SAL20199,0,0,0,0,0,0,0,0,0,0,0,0,0,0,0,0,0,0,0,0,0,0,0,0,0,0,0,0,0,0,0,0,0,0,0,0,0,0,0,0,0,0,0,0,0,0,0,0,0,0,0,0,0,0,0,0,0,0,0,0,0,0,0,0,0,0,0,0,0,0,0,0,0,0,0,0,0,0,0,0
SAL20200,0,0,0,0,0,0,0,0,0,5,0,0,0,0,0,0,0,0,0,3,0,0,8,0,0,0,0,0,0,9,0,0,0,0,0,0,0,0,0,0,0,0,0,0,0,0,0,0,0,0,0,0,0,0,0,0,0,0,0,3,0,0,0,0,0,0,0,0,0,4,15,24,8,7,6,0,0,0,0,58
SAL20201,40,75,37,53,54,16,4,17,8,302,51,80,64,133,75,42,25,35,3,506,132,82,590,274,164,98,98,147,23,1603,0,0,11,3,11,12,6,7,0,58,6,3,14,19,14,6,10,3,0,79,0,14,4,4,6,0,0,4,0,30,0,10,14,9,10,9,7,8,23,86,606,1961,848,775,603,261,220,339,87,5709
SAL20202,0,0,0,0,0,0,0,0,0,0,0,0,0,0,0,0,0,0,0,0,4,0,0,0,0,0,0,0,0,10,0,0,0,0,0,0,0,0,0,0,0,0,0,0,0,0,0,0,0,0,0,0,0,0,0,0,0,0,0,0,3,0,0,0,0,0,0,0,0,3,6,0,0,0,3,0,0,0,0,13
SAL20203,5,0,0,0,0,0,0,0,0,6,6,0,0,0,0,0,0,0,0,10,10,0,11,3,3,0,3,4,0,50,0,0,0,0,0,0,0,0,0,4,0,0,0,0,0,0,0,0,0,0,4,0,0,0,0,0,0,0,0,0,0,0,0,0,0,0,0,0,0,6,30,28,17,11,10,0,3,7,3,102
SAL20204,47,33,19,33,36,13,4,9,0,190,42,58,29,114,48,15,7,27,7,352,126,38,403,227,120,77,84,128,26,1223,4,5,8,14,8,12,8,21,0,74,7,4,5,12,8,3,8,18,0,64,0,7,9,0,0,0,0,6,0,22,15,8,15,18,10,4,8,22,14,124,362,672,505,488,287,147,128,249,56,2902
SAL20205,0,0,0,0,0,0,0,0,0,0,0,0,0,0,0,4,0,0,0,5,6,0,0,5,0,0,4,4,0,16,0,0,0,0,0,0,0,0,0,0,0,0,0,0,0,0,0,0,0,0,0,0,0,0,0,0,0,0,0,0,3,0,0,0,0,0,0,0,0,3,14,3,0,3,0,4,4,8,0,30
SAL20206,3,0,0,0,0,0,0,0,0,7,0,0,0,0,0,0,0,0,0,0,0,0,0,0,0,0,0,0,0,5,0,0,0,0,0,0,0,0,0,0,0,0,0,0,0,0,0,0,0,0,0,0,0,0,0,0,0,0,0,0,3,0,0,0,0,0,0,0,0,5,8,7,0,5,3,0,0,4,0,25
SAL20207,0,0,0,0,0,0,0,0,0,10,0,5,0,4,0,0,0,0,0,7,0,0,5,4,0,0,0,0,0,14,0,0,0,0,0,0,0,0,0,0,0,0,0,0,0,0,0,0,0,0,0,3,0,0,0,0,0,0,0,3,0,0,0,0,0,0,0,0,0,3,15,49,16,8,10,0,6,0,0,96
SAL20208,14,31,12,15,17,4,0,3,0,98,25,42,16,42,25,13,7,13,0,181,74,28,147,76,40,39,31,39,7,474,6,5,10,3,4,3,0,3,0,25,3,5,5,11,12,6,0,7,0,53,4,4,0,0,4,0,0,0,0,13,3,9,0,8,7,0,3,0,7,34,274,854,215,231,190,98,57,89,29,2034
SAL20209,0,0,0,0,0,0,0,0,0,0,0,0,0,0,0,0,0,0,0,0,6,0,0,0,0,0,0,0,0,11,0,0,0,0,0,0,0,0,0,0,0,0,0,0,0,0,0,0,0,0,0,0,0,0,0,0,0,0,0,0,0,0,0,0,0,0,0,0,0,0,6,6,0,6,0,0,0,6,0,25
SAL20210,0,0,0,0,0,0,0,0,0,0,0,0,0,0,0,0,0,0,0,4,3,0,0,0,3,0,0,0,0,13,0,0,0,0,0,0,0,0,0,3,0,0,0,0,0,0,0,0,0,0,0,0,0,0,0,0,0,0,0,0,0,0,0,0,0,0,0,0,0,0,12,7,3,0,3,0,0,0,0,26
SAL20211,0,0,0,0,0,0,0,0,0,0,0,0,0,0,0,0,0,0,0,0,8,0,0,0,0,0,0,0,0,12,0,0,0,0,0,0,0,0,0,0,0,0,0,0,0,0,0,0,0,0,0,0,0,0,0,0,0,0,0,0,0,0,0,0,0,0,0,0,0,0,10,0,0,0,3,0,0,0,0,23
SAL20212,0,0,0,0,0,0,0,0,0,0,0,0,0,0,0,0,0,0,0,8,0,0,11,0,7,0,4,0,0,21,0,0,0,0,0,0,0,0,0,0,0,0,0,0,0,0,0,0,0,0,0,0,0,0,0,0,0,0,0,0,0,0,0,0,0,0,0,0,0,5,7,8,11,12,6,3,3,0,0,46
SAL20213,0,0,0,0,0,0,0,0,0,0,0,0,0,0,0,0,0,0,0,0,0,0,0,0,0,0,0,0,0,5,0,0,0,0,0,0,0,0,0,0,0,0,0,0,0,0,0,0,0,0,0,0,0,0,0,0,0,0,0,0,0,0,0,0,0,0,0,0,0,0,4,0,3,4,0,0,0,0,0,7
SAL20214,97,109,55,48,71,42,11,16,9,453,115,120,66,128,103,68,5,21,8,631,97,62,333,106,122,55,36,43,17,870,10,6,0,4,21,10,0,3,0,56,22,23,10,25,31,17,0,7,0,141,12,22,10,5,5,5,3,5,0,72,20,28,6,11,17,5,12,3,25,132,1539,3041,660,622,898,417,129,175,136,7601
SAL20215,150,190,84,95,149,61,10,31,5,776,199,188,116,168,191,84,17,35,13,1010,256,92,724,204,217,136,65,104,29,1824,13,10,7,19,20,12,9,11,0,100,29,31,16,35,51,41,3,15,0,225,26,37,10,6,18,12,4,7,0,118,25,40,25,22,28,18,11,10,32,204,2315,4453,1252,971,1520,679,194,316,188,11887
SAL20216,0,0,0,0,0,0,0,0,0,0,0,0,0,0,0,0,0,0,0,0,0,0,0,0,0,0,0,0,0,0,0,0,0,0,0,0,0,0,0,0,0,0,0,0,0,0,0,0,0,0,0,0,0,0,0,0,0,0,0,0,0,0,0,0,0,0,0,0,0,0,0,0,3,0,0,0,0,0,3,4
SAL20217,0,0,0,0,0,0,0,0,0,0,0,3,0,0,0,0,0,0,0,7,7,0,9,3,0,0,5,4,0,27,0,0,0,0,0,0,0,0,0,3,0,0,0,5,0,0,3,0,0,8,0,0,0,0,0,0,0,0,0,0,0,0,0,3,0,0,0,0,0,4,13,6,12,9,9,3,7,6,0,60
SAL20218,3,0,0,0,0,0,0,0,0,4,0,0,0,0,0,0,0,0,0,0,8,0,0,0,0,0,0,0,0,13,0,0,0,0,0,0,0,0,0,0,0,0,0,0,0,0,0,0,0,0,0,0,0,0,0,0,0,0,0,0,0,0,0,0,0,0,0,0,0,0,12,0,0,0,0,0,0,0,0,19
SAL20219,0,0,0,0,0,0,0,0,0,4,0,0,0,0,0,0,0,0,0,3,0,0,4,3,0,5,3,0,0,23,0,0,0,0,0,0,0,0,0,0,0,0,0,0,0,0,0,0,0,0,0,0,0,0,0,0,0,0,0,0,0,0,0,0,0,0,0,0,0,0,3,8,7,9,6,5,3,0,0,42
SAL20220,0,0,0,0,0,0,0,0,0,0,0,0,0,0,0,0,0,0,0,0,4,0,0,0,0,0,0,0,0,3,0,0,0,0,0,0,0,0,0,0,0,0,0,0,0,0,0,0,0,0,0,0,0,0,0,0,0,0,0,0,0,0,0,0,0,0,0,0,0,0,6,3,5,0,0,0,0,0,0,10
SAL20221,0,0,0,0,0,0,0,0,0,0,0,0,0,6,0,0,0,0,0,6,9,4,0,4,0,0,0,0,0,19,0,0,0,0,0,0,0,0,0,0,0,0,0,0,0,0,0,0,0,0,0,0,0,0,0,0,0,0,0,0,0,0,0,0,0,0,0,0,0,0,16,14,3,9,3,0,4,0,0,43
SAL20222,0,0,0,0,0,0,0,0,0,0,0,0,0,0,0,0,0,0,0,0,0,0,0,3,0,0,0,0,0,9,4,0,0,0,0,0,0,0,0,4,0,0,0,0,0,0,0,0,0,0,0,0,0,0,0,0,0,0,0,0,0,0,0,0,0,0,0,0,0,0,10,0,0,3,0,0,0,0,0,12
SAL20223,0,0,0,0,0,0,0,0,0,0,0,0,0,0,0,0,0,0,0,5,8,0,10,5,0,0,0,3,0,22,0,0,0,0,0,0,0,0,0,0,0,0,0,0,0,0,0,0,0,0,0,0,0,0,0,0,0,0,0,0,0,0,0,0,0,0,0,0,0,0,15,11,10,4,6,5,0,5,0,55
SAL20224,234,240,158,173,186,78,59,59,14,1194,331,324,256,490,406,150,70,105,35,2161,552,252,1712,552,562,299,336,380,72,4719,28,20,29,32,77,50,11,26,6,280,52,30,41,73,91,49,25,22,3,393,23,48,15,15,20,17,4,5,5,157,41,67,24,41,62,31,18,28,46,361,2641,5540,2624,2032,2308,1020,712,838,288,18004
SAL20225,3,0,0,0,0,0,0,0,0,3,0,0,0,0,0,0,0,0,0,5,11,0,8,0,0,0,0,4,0,17,0,0,0,0,0,0,0,0,0,3,0,0,0,0,0,0,0,0,0,0,0,0,0,0,0,0,0,0,0,0,0,0,0,0,0,0,0,0,0,0,20,0,8,0,0,0,3,3,0,32
SAL20226,0,0,0,0,0,0,0,0,0,4,0,0,0,0,0,0,0,0,0,4,5,0,8,0,0,5,0,0,0,13,0,0,0,0,0,0,0,0,0,0,0,0,0,0,0,0,0,0,0,0,0,0,0,0,0,0,0,0,0,0,0,0,0,0,0,0,0,0,0,0,5,4,8,3,6,6,0,0,0,24
SAL20227,0,0,0,0,3,0,0,0,0,6,0,0,0,0,0,0,0,0,0,3,10,0,0,0,0,0,0,0,0,9,0,0,0,0,0,0,0,0,0,3,0,0,0,0,0,0,0,0,0,0,0,0,0,0,0,0,0,0,0,0,0,0,0,0,0,0,0,0,0,6,14,8,0,7,0,0,0,3,0,33
SAL20228,0,0,0,0,0,0,0,0,0,0,0,0,0,0,0,0,0,0,0,0,3,0,0,0,0,0,0,0,0,3,0,0,0,0,0,0,0,0,0,0,0,0,0,0,0,0,0,0,0,0,0,0,0,0,0,0,0,0,0,0,0,0,0,0,0,0,0,0,0,0,7,0,0,0,0,0,0,0,0,7
SAL20229,0,9,0,0,0,4,0,0,0,11,5,4,3,5,3,0,0,0,0,22,14,5,29,4,13,0,9,3,0,66,4,0,0,0,0,0,0,0,0,5,0,0,0,0,0,0,0,0,0,6,0,0,0,0,0,0,0,0,0,0,0,0,0,0,0,0,0,0,0,3,40,54,38,13,23,9,8,4,7,187
SAL20230,0,0,0,0,0,0,0,0,0,0,0,0,0,0,0,0,0,0,0,0,0,0,0,0,0,0,3,0,0,5,0,0,0,0,0,0,0,0,0,0,0,0,0,0,0,0,0,0,0,0,0,0,0,0,0,0,0,0,0,0,0,0,0,0,0,0,0,0,0,0,0,0,6,5,0,0,3,0,0,12
SAL20231,4,0,0,3,0,5,0,0,0,8,0,0,0,4,3,0,0,0,0,3,18,0,3,3,3,0,0,7,3,41,0,0,0,0,0,0,0,0,0,0,0,0,0,0,0,0,0,0,0,0,0,0,0,0,0,0,0,0,0,0,0,0,0,0,0,0,0,0,0,0,24,4,3,7,11,6,0,8,3,67
SAL20232,0,0,0,0,0,0,0,0,0,0,5,0,0,3,0,0,0,0,0,8,3,0,18,7,10,0,5,3,0,50,0,0,0,0,0,0,0,0,0,0,0,0,0,0,0,0,0,0,0,0,0,0,0,0,0,0,0,0,0,0,0,0,0,0,0,0,0,3,0,9,19,18,22,15,11,0,4,12,0,97
SAL20233,29,10,13,16,21,5,16,8,5,123,31,21,29,54,30,8,14,15,0,214,47,13,224,65,67,35,52,47,15,576,5,0,4,0,10,4,6,0,0,28,8,0,0,8,11,10,3,0,0,44,0,0,4,4,4,0,0,4,0,14,6,10,4,5,3,3,5,0,5,39,196,324,303,226,207,81,131,90,37,1601
SAL20234,0,0,0,0,0,0,0,0,0,0,0,0,0,0,0,0,0,0,0,0,0,0,0,0,0,0,0,0,0,0,0,0,0,0,0,0,0,0,0,0,0,0,0,0,0,0,0,0,0,0,0,0,0,0,0,0,0,0,0,0,0,0,0,0,0,0,0,0,0,0,0,0,0,0,0,0,0,0,0,0
SAL20235,0,0,0,0,0,0,0,0,0,3,0,0,0,5,0,3,0,0,0,10,3,0,15,6,0,5,10,0,0,33,0,0,0,0,0,0,0,0,0,0,0,0,0,0,0,0,0,0,0,4,0,0,0,0,0,0,0,0,0,0,0,0,0,0,0,0,0,0,0,0,13,14,19,13,8,4,13,4,0,79
SAL20236,0,0,0,0,0,0,0,0,0,0,0,0,0,0,0,0,0,0,0,0,0,0,0,0,0,0,0,0,0,0,0,0,0,0,0,0,0,0,0,0,0,0,0,0,0,0,0,0,0,0,0,0,0,0,0,0,0,0,0,0,0,0,0,0,0,0,0,0,0,0,0,3,0,0,0,0,0,0,0,9
SAL20237,0,0,0,0,0,0,0,0,0,0,3,0,0,0,0,0,0,0,0,3,0,0,4,0,0,0,0,0,0,11,0,0,0,0,0,0,0,0,0,0,0,0,0,0,0,0,0,0,0,0,0,0,0,0,0,0,0,0,0,0,0,0,0,0,0,0,0,0,0,0,6,4,4,0,3,0,0,0,0,21
SAL20238,0,0,0,0,0,0,0,0,0,0,0,0,0,0,0,0,0,0,0,0,8,0,0,0,0,0,0,6,0,14,0,0,0,0,0,0,0,0,0,0,0,0,0,0,0,0,0,0,0,0,0,0,0,0,0,0,0,0,0,0,0,0,0,0,0,0,0,0,0,0,10,0,0,0,0,0,0,6,0,13
SAL20239,0,0,0,0,0,0,0,0,0,0,0,0,0,0,0,0,0,0,0,0,0,0,0,0,0,0,0,0,0,0,0,0,0,0,0,0,0,0,0,0,0,0,0,0,0,0,0,0,0,0,0,0,0,0,0,0,0,0,0,0,0,0,0,0,0,0,0,0,0,0,0,0,0,0,0,0,0,0,0,0
SAL20240,0,0,0,0,0,0,0,0,0,0,0,0,0,0,0,0,0,0,0,0,0,0,0,0,0,0,0,0,0,0,0,0,0,0,0,0,0,0,0,0,0,0,0,0,0,0,0,0,0,0,0,0,0,0,0,0,0,0,0,0,0,0,0,0,0,0,0,0,0,0,0,0,0,0,0,0,0,0,0,4
SAL20241,0,0,0,0,0,0,0,0,0,5,0,0,0,0,0,0,0,0,0,0,0,0,5,0,0,0,0,0,0,3,0,0,0,0,0,0,0,0,0,0,0,0,0,0,0,0,0,0,0,0,0,0,0,0,0,0,0,0,0,0,0,0,0,0,0,0,0,0,0,0,4,0,4,0,4,0,0,4,0,14
SAL20242,0,0,0,0,0,0,0,0,0,0,0,4,0,0,3,0,0,0,0,9,3,0,8,0,0,0,3,0,0,20,0,0,0,0,0,0,0,0,0,0,0,0,0,0,0,0,0,0,0,4,0,0,0,0,0,0,0,0,0,0,0,0,0,0,0,0,0,0,0,0,7,10,7,0,3,0,4,3,0,43
SAL20243,0,0,0,0,0,0,0,0,0,0,0,0,0,0,0,0,0,0,0,0,0,0,0,0,0,0,0,0,0,0,0,0,0,0,0,0,0,0,0,0,0,0,0,0,0,0,0,0,0,0,0,0,0,0,0,0,0,0,0,0,0,0,0,0,0,0,0,0,0,0,0,0,0,0,0,0,0,0,0,0
SAL20244,7,0,0,5,0,0,0,0,0,15,5,4,0,5,0,4,0,0,0,17,22,3,24,11,8,3,7,5,0,75,0,0,0,0,0,0,0,0,0,3,0,0,0,0,0,0,0,0,0,0,0,0,0,0,0,0,0,0,0,3,3,0,0,0,0,0,3,0,0,9,48,61,31,23,18,7,8,10,3,211
SAL20245,0,0,0,0,0,0,0,0,0,0,0,0,0,0,0,0,0,0,0,0,0,0,0,0,0,0,0,0,0,0,0,0,0,0,0,0,0,0,0,0,0,0,0,0,0,0,0,0,0,0,0,0,0,0,0,0,0,0,0,0,0,0,0,0,0,0,0,0,0,0,0,0,0,0,0,0,0,0,0,3
SAL20246,0,3,0,0,5,0,0,0,0,11,6,3,3,7,5,0,0,0,0,27,16,8,41,8,11,4,8,8,7,109,0,0,0,0,0,0,0,4,0,6,0,0,0,0,0,0,0,0,0,6,0,0,0,0,0,0,0,0,0,4,0,4,0,0,0,0,0,0,0,6,34,41,50,18,32,11,12,18,6,220
SAL20247,8,5,3,3,7,0,0,0,0,22,9,4,3,8,4,0,0,0,0,29,23,8,52,11,9,6,8,12,0,124,0,0,0,0,0,0,0,0,0,3,4,0,0,0,0,0,0,0,0,5,0,0,0,0,0,0,0,0,0,3,0,6,0,0,0,0,0,0,0,10,68,94,61,36,33,12,17,13,6,339
SAL20248,20,16,11,11,11,5,5,3,0,92,20,14,22,42,19,6,5,8,5,146,61,22,264,85,52,26,38,63,4,615,3,0,3,3,0,8,5,4,0,26,0,3,3,7,9,4,0,4,0,27,0,5,0,0,5,0,0,0,0,10,0,4,4,6,7,5,4,5,7,41,167,284,328,208,129,64,50,92,23,1344
SAL20249,7,15,9,9,4,5,0,0,0,51,8,16,15,11,15,3,0,0,0,62,18,11,71,36,28,9,13,20,0,207,0,0,3,0,0,0,0,4,0,7,0,0,3,0,4,4,0,0,0,12,0,0,0,0,0,0,0,0,0,5,0,0,8,0,0,0,4,4,3,16,91,266,109,89,94,39,20,35,8,761
SAL20250,3,0,0,0,0,0,0,0,0,9,0,0,0,0,0,0,3,0,0,7,9,0,6,6,0,0,0,3,0,25,0,0,0,0,0,0,0,0,0,0,0,0,0,0,0,0,0,0,0,6,0,0,0,0,0,0,0,0,0,0,0,0,0,0,0,0,0,0,0,4,18,18,13,3,5,0,3,0,0,68
SAL20251,50,54,11,10,24,18,3,10,0,174,49,33,12,24,30,16,5,3,4,174,73,14,105,23,23,28,6,15,4,293,0,0,0,0,3,6,0,0,0,18,6,7,3,8,15,8,0,0,0,51,8,12,3,0,0,5,0,0,0,23,4,4,0,0,11,11,0,3,14,49,638,973,177,131,271,154,17,42,55,2462
SAL20252,45,68,38,30,52,20,5,14,3,272,68,67,52,59,93,29,25,25,3,420,110,38,198,83,72,49,35,46,10,645,3,7,6,11,21,4,0,0,0,47,19,13,4,16,19,10,8,6,0,82,0,17,3,4,10,8,3,3,5,47,11,6,0,8,6,11,0,9,17,71,1043,2665,455,412,715,276,112,174,97,5947
SAL20253,33,31,14,26,24,17,10,11,0,171,48,39,27,47,46,34,5,15,8,272,52,28,154,51,32,22,26,29,0,400,0,0,3,6,4,0,6,5,0,25,3,4,4,4,10,4,4,4,0,41,0,5,4,0,0,0,0,0,0,18,7,6,6,6,11,10,0,5,9,50,497,1119,293,257,373,160,72,106,52,2918
SAL20254,28,59,17,25,38,18,11,3,4,211,57,55,46,54,70,20,19,9,4,336,78,22,199,74,73,42,24,37,6,545,5,0,3,4,0,3,4,4,0,26,10,9,10,9,16,5,0,9,0,64,4,7,0,3,4,0,0,6,0,25,5,12,5,4,9,0,0,0,13,47,703,1583,395,307,533,213,96,105,68,4003
SAL20255,0,0,0,0,0,0,0,0,0,4,0,0,0,0,0,0,0,0,0,0,0,0,0,0,0,0,0,0,0,6,0,0,0,0,0,0,0,0,0,0,0,0,0,0,0,0,0,0,0,0,0,0,0,0,0,0,0,0,0,0,0,0,0,0,0,0,0,3,0,4,0,0,0,0,0,0,0,0,0,12
SAL20256,0,0,3,0,0,0,0,0,0,3,4,0,3,5,0,0,0,0,0,13,7,0,18,8,0,3,0,4,0,39,0,0,0,0,0,0,0,0,0,0,0,0,0,0,0,0,0,0,0,3,0,0,0,0,0,0,0,0,0,0,0,0,0,0,0,0,0,0,0,0,20,45,25,22,11,3,4,9,0,140
SAL20257,20,17,8,4,16,15,0,3,3,87,11,10,4,16,16,11,0,11,0,72,32,12,80,15,8,23,4,15,4,197,0,0,0,0,3,0,0,0,0,9,7,0,6,4,4,0,0,0,0,15,0,0,0,0,0,0,0,0,0,7,8,4,3,0,4,0,0,4,5,26,172,246,120,62,70,66,10,37,16,795
SAL20258,0,0,0,0,0,0,0,0,0,0,0,0,0,0,0,0,0,0,0,0,0,0,4,0,0,0,0,0,0,9,0,0,0,0,0,0,0,0,0,0,0,0,0,0,0,0,0,0,0,0,0,0,0,0,0,0,0,0,0,0,0,0,0,0,0,0,0,0,0,0,0,0,4,5,0,0,0,0,0,16
SAL20259,3,0,0,0,0,0,0,0,0,9,3,0,0,4,0,0,0,0,0,10,10,0,14,0,7,0,3,3,0,35,0,0,0,0,0,0,0,0,0,0,4,0,0,0,0,0,0,0,0,4,0,0,0,0,0,0,0,0,0,0,0,0,0,0,0,0,0,0,0,5,31,22,18,4,3,6,3,4,4,88
SAL20260,3,6,0,3,3,3,0,4,0,20,0,0,0,12,9,0,0,5,0,35,19,6,86,21,21,14,22,28,3,228,0,0,0,0,6,0,0,3,0,10,0,0,0,0,5,0,0,0,0,10,0,0,0,0,0,0,0,0,0,0,0,0,0,3,6,0,0,0,3,18,33,63,97,58,51,24,33,43,6,402
SAL20261,0,0,0,0,0,0,0,0,0,0,0,0,0,0,0,0,0,0,0,5,3,0,3,3,0,0,3,0,0,11,0,0,0,0,0,0,0,0,0,0,0,0,0,0,0,0,0,0,0,3,0,0,0,0,0,0,0,0,0,0,0,0,0,0,0,0,0,0,0,5,11,4,4,3,3,5,5,0,0,33
SAL20262,0,0,0,0,0,0,0,0,0,0,0,0,0,0,0,0,0,0,0,0,4,0,0,0,0,0,0,0,0,5,0,0,0,0,0,0,0,0,0,0,0,0,0,0,0,0,0,0,0,0,0,0,0,0,0,0,0,0,0,4,0,0,0,0,0,0,0,0,0,0,4,3,0,0,0,0,0,3,0,10
SAL20263,0,0,0,0,0,0,0,0,0,0,0,0,0,0,0,0,0,0,0,3,0,0,8,6,0,0,0,0,0,17,0,0,0,0,0,0,0,0,0,0,0,0,0,0,0,0,0,0,0,0,0,0,0,0,0,0,0,0,0,0,0,0,0,0,0,0,0,0,0,0,5,8,11,6,7,0,0,0,0,31
SAL20264,0,0,0,0,0,0,0,0,0,0,4,0,0,0,0,0,0,0,0,3,0,0,0,0,0,0,0,0,0,9,0,0,0,0,0,0,0,0,0,0,0,0,0,0,0,0,0,0,0,0,0,0,0,0,0,0,0,0,0,0,0,0,0,0,0,0,0,0,0,0,11,10,0,0,4,0,0,0,0,25
SAL20265,0,0,0,0,0,0,0,0,0,0,0,0,0,0,0,0,0,0,0,0,0,0,0,0,0,0,0,0,0,0,0,0,0,0,0,0,0,0,0,0,0,0,0,0,0,0,0,0,0,0,0,0,0,0,0,0,0,0,0,0,0,0,0,0,0,0,0,0,0,0,0,0,0,0,0,0,0,0,0,4
SAL20266,3,0,0,0,0,0,0,0,0,3,4,0,0,0,0,0,0,0,0,4,3,0,8,0,0,0,0,0,0,12,0,0,0,0,0,0,0,0,0,0,0,0,0,0,0,0,0,0,0,0,0,0,0,0,0,0,0,0,0,0,0,0,0,0,0,0,0,0,0,0,15,3,8,0,0,4,0,4,0,35
SAL20267,0,0,0,0,0,0,0,0,0,5,0,0,0,0,0,0,0,0,0,0,0,0,0,0,0,0,0,7,0,3,0,0,0,0,0,0,0,0,0,0,0,0,0,0,0,0,0,0,0,0,0,0,0,0,0,0,0,0,0,0,0,0,0,0,0,0,0,0,0,5,14,6,0,0,0,0,0,6,0,25
SAL20268,0,0,0,0,0,0,0,0,0,0,0,0,0,0,0,0,0,0,0,0,0,0,0,0,0,0,0,0,0,6,0,0,0,0,0,0,0,0,0,0,0,0,0,0,0,0,0,0,0,0,0,0,0,0,0,0,0,0,0,0,0,0,0,0,0,0,0,0,0,0,0,0,0,0,0,0,0,0,0,8
SAL20269,0,0,0,0,0,0,0,0,0,0,0,0,0,0,0,0,0,0,0,0,0,0,0,0,0,0,0,0,0,0,0,0,0,0,0,0,0,0,0,0,0,0,0,0,0,0,0,0,0,0,0,0,0,0,0,0,0,0,0,0,0,0,0,0,0,0,0,0,0,0,0,0,0,0,0,0,0,0,0,0
SAL20270,0,0,0,0,0,0,0,0,0,3,0,0,0,0,0,0,0,0,0,4,8,5,13,4,5,0,0,3,0,41,0,0,0,0,0,0,0,0,0,0,0,0,0,0,0,0,0,0,0,0,0,0,0,0,0,0,0,0,0,0,0,0,0,3,0,0,0,0,0,3,12,12,12,13,11,0,6,9,0,72
SAL20271,0,0,0,0,0,0,0,0,0,0,0,0,0,0,0,0,0,0,0,0,0,0,0,0,0,0,0,0,0,0,0,0,0,0,0,0,0,0,0,0,0,0,0,0,0,0,0,0,0,0,0,0,0,0,0,0,0,0,0,0,0,0,0,0,0,0,0,0,0,0,0,0,0,0,0,0,0,0,0,0
SAL20272,0,4,4,0,3,0,0,0,0,11,0,0,4,0,6,0,0,0,0,8,3,0,10,0,0,0,0,0,0,11,0,0,0,0,0,0,0,0,0,0,0,0,0,0,0,0,0,0,0,0,0,0,0,0,0,0,0,0,0,0,0,0,0,0,0,0,0,0,0,7,17,11,12,4,10,0,0,0,8,62
SAL20273,0,0,0,0,0,0,0,0,0,0,0,0,0,0,0,0,0,0,0,0,0,0,0,0,0,0,0,0,0,0,0,0,0,0,0,0,0,0,0,0,0,0,0,0,0,0,0,0,0,0,0,0,0,0,0,0,0,0,0,0,0,0,0,0,0,0,0,0,0,0,0,0,0,0,0,0,0,0,0,0
SAL20274,0,5,0,0,0,0,0,0,0,6,4,3,0,3,0,5,0,4,0,27,9,0,41,15,9,5,9,5,0,98,0,0,0,0,0,0,4,0,0,6,0,4,0,4,0,0,0,4,0,8,0,0,0,0,0,0,0,0,0,0,0,0,0,0,0,0,0,0,0,11,22,38,45,26,14,10,15,16,0,195
SAL20275,0,0,0,0,0,0,0,0,0,0,0,0,0,0,0,0,0,0,0,0,0,0,0,0,0,0,0,0,0,5,0,0,0,0,0,0,0,0,0,0,0,0,0,0,0,0,0,0,0,0,0,0,0,0,0,0,0,0,0,0,0,0,0,0,0,0,0,0,0,0,0,3,0,6,0,0,0,0,0,15
SAL20276,0,0,0,0,0,0,0,0,0,4,0,0,0,0,0,0,0,0,0,0,5,0,11,8,0,0,0,0,0,21,0,0,0,0,0,0,0,0,0,0,0,0,0,0,0,0,0,0,0,0,0,0,0,0,0,0,0,0,0,0,0,0,0,0,0,0,0,0,0,0,13,6,11,7,4,0,0,6,0,40
SAL20277,0,0,0,0,0,0,0,0,0,0,0,0,0,0,0,0,0,0,0,0,0,0,0,0,0,0,0,3,0,3,0,0,0,0,0,0,0,0,0,0,0,0,0,0,0,0,0,0,0,0,0,0,0,0,0,0,0,0,0,0,0,0,0,0,0,0,0,0,0,0,0,3,0,0,0,0,0,3,0,12
SAL20278,32,42,23,20,26,3,3,9,0,163,56,56,23,64,59,21,11,5,4,296,84,34,288,93,75,31,32,48,11,702,4,0,0,5,11,7,0,0,0,32,8,6,8,8,15,3,0,4,0,58,0,4,0,0,0,7,0,0,0,20,9,10,9,3,6,3,6,0,3,50,445,839,390,289,324,116,73,95,35,2606
SAL20279,4,8,0,0,0,0,0,0,0,12,7,4,0,26,4,0,5,0,0,39,13,3,27,26,8,0,0,6,3,78,3,0,0,6,0,0,0,0,0,8,4,0,0,0,0,0,0,0,0,3,0,0,0,0,0,0,0,0,0,0,0,4,0,3,0,0,0,0,0,12,49,39,27,78,23,9,9,8,5,236
SAL20280,6,0,0,0,0,0,0,0,0,11,0,0,0,0,0,5,0,0,0,9,12,4,11,7,0,7,0,5,0,36,0,0,0,0,0,0,0,0,0,3,0,0,0,0,0,0,0,0,0,5,0,0,0,0,0,0,0,0,0,0,5,0,0,0,0,0,0,0,0,5,36,23,16,13,12,6,3,6,0,108
SAL20281,3,0,0,0,0,0,0,0,0,4,0,0,0,0,0,0,0,0,0,0,4,0,0,0,0,0,0,0,0,9,0,0,0,0,0,0,0,0,0,0,0,0,0,0,0,0,0,0,0,0,0,0,0,0,0,0,0,0,0,0,0,0,0,0,0,0,0,0,0,0,9,4,4,3,0,0,0,0,0,22
SAL20282,0,0,0,0,0,0,0,0,0,9,0,3,0,0,6,4,7,0,0,16,5,0,7,11,0,4,4,8,0,37,0,0,0,0,0,0,0,0,0,0,0,0,0,0,0,0,0,0,0,6,0,0,0,0,0,0,0,0,0,0,0,0,0,0,0,0,0,0,0,0,14,20,4,17,15,9,9,16,0,102
SAL20283,9,0,0,3,0,3,0,0,0,11,8,6,5,4,10,4,0,4,0,34,17,4,30,8,9,3,6,10,3,95,0,0,0,0,0,0,0,6,0,8,0,0,0,0,0,0,0,0,0,5,0,0,0,0,0,0,0,0,0,0,0,0,0,0,0,0,0,0,0,3,46,40,36,31,22,12,9,22,3,223
SAL20284,0,4,6,0,0,0,0,0,0,14,8,7,4,20,0,3,0,0,0,46,11,3,51,26,20,10,3,10,0,130,0,0,0,0,0,0,0,0,0,9,0,0,0,0,0,0,0,0,0,7,0,0,0,0,0,0,0,0,0,5,0,3,3,0,0,0,0,0,0,3,33,104,77,64,34,19,21,13,9,372
SAL20285,0,0,0,0,0,0,0,0,0,9,4,0,0,0,0,0,0,0,0,8,8,0,4,0,0,0,0,0,0,15,0,0,0,0,0,0,0,0,0,0,0,0,0,0,0,0,0,0,0,0,0,0,0,0,0,0,0,0,0,0,0,0,0,0,0,0,0,0,0,0,26,14,3,3,0,0,0,5,0,45
SAL20286,0,0,0,0,0,0,0,0,0,0,0,0,0,0,0,0,0,0,0,0,0,0,0,0,0,0,0,0,0,0,0,0,0,0,0,0,0,0,0,0,0,0,0,0,0,0,0,0,0,0,0,0,0,0,0,0,0,0,0,0,0,0,0,0,0,0,0,0,0,0,0,0,0,0,0,0,0,0,0,0
SAL20287,0,0,0,0,0,0,0,0,0,0,0,0,0,0,0,0,0,0,0,0,0,0,0,0,0,0,0,0,0,0,0,0,0,0,0,0,0,0,0,0,0,0,0,0,0,0,0,0,0,0,0,0,0,0,0,0,0,0,0,0,0,0,0,0,0,0,0,0,0,0,0,0,0,0,0,0,0,0,0,5
SAL20288,0,5,3,3,7,0,0,0,0,21,0,7,8,9,3,5,0,0,4,39,7,3,40,14,7,12,13,17,0,124,0,0,0,4,0,0,0,0,0,6,0,0,0,0,0,0,0,0,0,3,0,0,0,0,0,0,0,0,0,7,5,0,0,5,0,0,4,0,3,14,34,74,56,39,30,16,17,22,10,304
SAL20289,0,0,0,0,0,0,0,0,0,0,0,0,0,0,0,0,0,0,0,0,3,3,7,3,0,0,0,0,0,18,0,0,0,0,0,0,0,0,0,0,4,0,0,0,0,0,0,0,0,4,0,0,0,0,0,0,0,0,0,0,0,0,0,0,0,0,0,0,0,0,9,9,5,3,8,0,4,3,0,42
SAL20290,0,0,0,0,0,0,0,0,0,0,0,0,0,0,0,0,0,0,0,0,0,0,0,0,0,0,0,0,0,0,0,0,0,0,0,0,0,0,0,0,0,0,0,0,0,0,0,0,0,0,0,0,0,0,0,0,0,0,0,0,0,0,0,0,0,0,0,0,0,0,0,0,0,0,0,0,0,0,0,0
SAL20291,0,0,0,0,0,0,0,0,0,0,0,0,0,0,3,0,0,0,0,5,9,0,0,0,0,0,0,0,0,8,0,0,0,0,0,0,0,0,0,0,0,0,0,0,0,0,0,0,0,0,0,0,0,0,0,0,0,0,0,0,0,0,0,0,0,0,0,0,0,0,7,0,0,3,0,0,0,3,0,16
SAL20292,0,0,0,0,0,0,0,0,0,0,0,0,0,0,0,0,0,0,0,0,0,0,0,3,0,0,0,3,0,8,0,0,0,0,0,0,0,0,0,0,0,0,0,0,0,0,0,0,0,0,0,0,0,0,0,0,0,0,0,0,0,0,0,0,0,0,0,0,0,0,0,0,0,3,0,0,0,3,0,8
SAL20293,0,0,0,0,0,0,0,0,0,0,0,0,0,0,0,0,0,0,0,0,0,0,0,0,0,0,0,0,0,0,0,0,0,0,0,0,0,0,0,0,0,0,0,0,0,0,0,0,0,0,0,0,0,0,0,0,0,0,0,0,0,0,0,0,0,0,0,0,0,0,0,6,0,0,0,0,0,0,0,6
SAL20294,4,0,0,0,0,0,0,0,0,4,0,0,0,0,0,0,0,0,0,6,6,0,4,0,0,0,0,6,0,15,0,0,0,0,0,0,0,0,0,0,0,0,0,0,0,0,0,0,0,0,4,0,0,0,0,0,0,0,0,4,0,0,0,0,0,0,0,0,0,3,25,6,0,0,3,0,0,8,0,48
SAL20295,0,0,0,0,0,0,0,0,0,3,0,3,0,0,0,0,0,0,0,4,5,0,4,3,4,0,0,0,0,17,0,0,0,0,0,0,0,0,0,0,0,0,0,0,0,0,0,0,0,3,0,0,0,0,0,0,0,0,0,0,0,0,0,0,0,3,0,0,0,3,11,5,0,7,3,3,0,0,0,38
SAL20296,0,0,0,0,0,0,0,0,0,0,0,0,0,0,0,0,0,0,0,0,4,0,0,0,0,0,0,0,0,4,0,0,0,0,0,0,0,0,0,0,0,0,0,0,0,0,0,0,0,0,0,0,0,0,0,0,0,0,0,0,0,0,0,0,0,0,0,0,0,0,6,0,0,0,0,0,0,0,0,3
SAL20297,0,0,0,0,0,0,0,0,0,0,0,0,0,0,0,0,0,0,0,5,0,0,3,0,0,0,0,0,0,5,0,0,0,0,0,0,0,0,0,0,0,0,0,0,0,0,0,0,0,0,0,0,0,0,0,0,0,0,0,0,0,0,0,0,0,0,0,0,0,0,6,10,3,3,3,0,0,4,0,28
SAL20298,5,0,0,0,0,0,0,0,0,5,4,0,0,0,0,0,0,0,0,7,0,0,7,4,0,0,6,5,0,19,0,0,0,0,0,0,0,0,0,4,0,0,0,0,0,0,0,0,0,5,0,0,0,0,0,0,0,0,0,0,0,0,0,0,0,0,0,0,0,0,16,13,7,5,4,0,6,7,0,58
SAL20299,0,0,0,0,0,0,0,0,0,3,0,0,0,0,0,0,0,0,0,5,5,0,5,0,0,0,0,0,0,8,0,0,0,0,0,0,0,0,0,0,0,0,0,0,0,0,0,0,0,0,0,0,0,0,0,0,0,0,0,0,0,0,0,0,0,0,0,0,0,0,9,7,5,5,0,0,0,0,0,23
SAL20300,8,0,0,6,0,0,0,0,0,11,0,4,6,6,0,0,0,0,0,19,22,3,21,9,8,4,9,12,0,93,0,0,0,0,0,0,0,0,0,4,0,0,0,0,0,0,0,0,0,6,0,0,0,0,0,0,0,0,0,0,3,0,0,0,0,0,0,0,0,10,57,52,29,25,16,9,20,23,4,225
SAL20301,0,0,0,0,0,0,0,0,0,0,0,0,0,0,0,0,0,0,0,0,3,0,8,0,0,0,0,3,0,19,0,0,0,0,0,0,0,0,0,0,6,0,0,0,0,0,0,0,0,6,0,0,0,0,0,0,0,0,0,0,0,0,0,0,0,0,0,0,0,0,5,6,6,0,9,0,0,3,0,36
SAL20302,0,0,0,0,0,0,0,0,0,0,0,0,0,0,0,0,0,0,0,4,4,0,4,0,0,0,3,0,0,14,0,0,0,0,0,0,0,0,0,0,0,0,0,0,0,0,0,0,0,5,0,0,0,0,0,0,0,0,0,0,0,0,0,0,0,0,0,0,0,0,11,0,4,4,3,0,4,0,0,30
SAL20303,0,0,0,0,0,0,0,0,0,0,3,0,0,0,0,0,0,0,0,4,3,0,3,0,0,0,0,0,0,7,0,0,0,0,0,0,0,0,0,0,0,0,0,0,0,0,0,0,0,0,0,0,0,0,0,0,0,0,0,0,0,0,0,0,0,0,0,0,0,0,4,0,3,4,0,0,0,0,0,10
SAL20304,72,102,94,73,86,31,7,33,3,507,105,149,133,269,171,63,29,54,19,994,251,105,998,351,292,159,175,206,40,2575,9,9,19,16,30,18,8,24,0,137,24,16,14,31,31,17,22,13,0,168,9,7,8,6,14,4,3,0,0,57,12,29,17,25,23,13,17,10,17,169,962,2473,1508,1102,1102,483,337,457,122,8542
SAL20305,0,0,0,0,0,0,0,0,0,0,0,0,0,0,0,0,0,0,0,0,4,0,0,0,0,0,6,0,0,7,0,0,0,0,0,0,0,0,0,0,0,0,0,0,0,0,0,0,0,0,0,0,0,0,0,0,0,0,0,0,0,0,0,0,0,0,0,0,0,0,9,0,0,3,0,0,3,0,0,17
SAL20306,0,0,0,0,0,0,0,0,0,0,0,0,0,0,0,0,0,0,0,6,3,0,0,4,6,0,0,0,0,15,0,0,0,0,0,0,0,0,0,0,0,0,0,0,0,0,0,0,0,0,0,0,0,0,0,0,0,0,0,0,0,0,0,0,0,0,0,0,0,0,12,7,5,3,0,0,0,0,0,34
SAL20307,39,25,20,32,36,13,6,6,5,176,55,51,52,116,85,27,5,10,3,404,125,45,426,101,126,69,52,71,8,1019,9,0,7,3,16,4,5,0,0,42,14,11,7,19,23,10,5,3,0,87,3,7,0,0,0,0,0,0,0,21,8,10,7,7,7,0,4,5,7,59,357,626,547,354,367,144,86,118,30,2623
SAL20308,0,0,0,0,0,0,0,0,0,0,0,0,0,0,4,0,0,0,0,3,4,0,7,0,3,0,0,0,0,19,0,0,0,0,0,0,0,0,0,4,0,0,0,0,0,0,0,0,0,0,0,0,0,0,0,0,0,0,0,0,0,0,0,0,0,0,0,0,0,3,19,0,7,0,6,0,0,6,0,35
SAL20309,0,0,0,0,0,0,0,0,0,5,0,0,5,0,0,0,0,0,0,3,7,0,9,0,0,3,3,3,0,31,0,0,0,0,0,0,0,6,0,6,0,0,0,0,0,0,0,0,0,3,0,0,0,0,0,0,0,0,0,0,0,0,0,0,0,0,0,0,0,0,9,3,15,6,3,3,3,9,0,49
SAL20310,0,0,0,0,0,0,0,0,0,3,0,0,0,0,0,0,0,0,0,0,0,0,5,0,0,0,0,0,0,5,0,0,0,0,0,0,0,0,0,4,0,0,0,0,0,0,0,0,0,0,0,0,0,0,0,0,0,0,0,0,0,0,0,0,0,0,0,0,0,0,9,6,4,4,0,0,0,0,0,15
SAL20311,0,0,0,0,0,0,0,0,0,0,0,0,0,0,0,0,0,0,0,0,0,0,0,0,0,0,0,0,0,3,0,0,0,0,0,0,0,0,0,0,0,0,0,0,0,0,0,0,0,0,0,0,0,0,0,0,0,0,0,0,0,0,0,0,0,0,0,0,0,0,3,6,0,3,0,0,0,0,0,16
SAL20312,0,0,0,0,0,0,0,0,0,0,0,0,0,3,0,0,0,0,0,3,8,0,0,0,0,0,0,0,0,19,0,0,0,0,0,0,0,0,0,0,0,0,0,0,0,0,0,0,0,0,0,0,0,0,0,0,0,0,0,0,0,0,0,0,0,0,0,0,0,3,11,9,0,6,0,0,0,5,0,39
SAL20313,0,0,0,0,0,0,0,0,0,0,0,0,0,0,0,0,0,0,0,0,0,0,0,0,0,0,0,0,0,4,0,0,0,0,0,0,0,0,0,0,0,0,0,0,0,0,0,0,0,0,0,0,0,0,0,0,0,0,0,0,0,0,0,0,0,0,0,0,0,0,3,5,0,0,0,0,0,0,0,11
SAL20314,45,41,37,39,27,19,8,32,5,261,54,48,91,125,34,74,32,70,12,547,28,33,136,108,64,33,17,47,3,465,4,8,7,7,7,7,0,8,0,53,11,5,8,10,9,8,5,4,0,70,0,10,3,9,0,0,0,9,0,35,5,5,13,12,6,8,8,11,30,106,596,1982,515,617,589,403,160,330,108,5296
SAL20315,35,59,35,45,37,28,9,18,5,263,59,56,57,63,59,47,9,29,9,389,80,31,188,80,61,33,24,46,8,554,5,6,6,6,10,3,0,8,0,44,4,14,7,16,17,9,3,11,0,76,6,13,7,3,11,4,6,0,0,43,11,15,12,14,11,12,0,4,9,84,698,1971,478,445,555,291,114,202,85,4840
SAL20316,42,39,16,27,26,14,3,7,0,175,44,51,25,44,29,15,10,16,4,249,39,17,133,48,42,33,15,26,3,355,0,0,4,5,9,7,0,4,0,29,4,0,0,11,21,3,0,8,0,50,0,12,0,0,3,0,0,0,0,20,5,17,7,5,11,6,0,5,7,63,622,1367,302,286,413,176,80,135,37,3422
SAL20317,0,0,0,0,0,0,0,0,0,0,0,0,0,0,0,0,0,0,0,0,0,0,4,0,0,0,0,0,0,0,0,0,0,0,0,0,0,0,0,0,0,0,0,0,0,0,0,0,0,0,0,0,0,0,0,0,0,0,0,0,0,0,0,0,0,0,0,0,0,0,0,0,4,0,0,0,0,0,0,0
SAL20318,0,0,0,0,0,0,0,0,0,0,0,0,0,0,0,0,0,0,0,0,0,0,0,0,0,0,0,0,0,0,0,0,0,0,0,0,0,0,0,0,0,0,0,0,0,0,0,0,0,0,0,0,0,0,0,0,0,0,0,0,0,0,0,0,0,0,0,0,0,0,0,0,0,0,0,0,0,0,0,0
SAL20319,0,0,0,0,0,0,0,0,0,0,0,0,0,0,0,0,0,0,0,0,3,0,0,0,0,0,0,0,0,6,0,0,0,0,0,0,0,0,0,0,0,0,0,0,0,0,0,0,0,0,0,0,0,0,0,0,0,0,0,0,0,0,0,0,0,0,0,0,0,0,5,0,0,0,0,0,0,0,0,12
SAL20320,0,0,0,0,0,0,0,0,0,0,0,0,0,0,0,0,0,0,0,0,0,0,4,0,0,0,0,0,0,4,0,0,0,0,0,0,0,0,0,0,0,0,0,0,0,0,0,0,0,0,0,0,0,0,0,0,0,0,0,0,0,0,0,0,0,0,0,0,0,0,4,5,8,0,0,0,0,0,0,14
SAL20321,0,0,0,0,0,0,0,0,0,0,3,0,0,0,0,0,0,0,0,7,5,0,6,4,3,0,0,0,0,16,0,0,0,0,0,0,0,0,0,0,0,0,0,0,0,0,0,0,0,4,0,0,0,0,0,0,0,0,0,0,0,0,0,0,0,0,0,0,0,4,10,9,10,5,7,6,0,0,0,44
SAL20322,7,6,0,0,0,0,0,0,0,10,5,0,0,3,3,0,0,0,0,10,18,3,7,0,0,3,4,6,0,42,0,0,0,0,0,0,0,0,0,0,0,0,0,0,0,0,0,0,0,0,0,0,0,0,0,0,0,0,0,0,0,0,0,0,0,0,0,0,0,0,33,24,5,11,8,7,0,5,0,97
SAL20323,0,0,0,0,0,0,0,0,0,0,0,0,0,0,0,0,0,0,0,0,3,0,0,0,0,0,0,0,0,3,0,0,0,0,0,0,0,0,0,0,0,0,0,0,0,0,0,0,0,0,0,0,0,0,0,0,0,0,0,0,0,0,0,0,0,0,0,0,0,0,4,0,0,0,0,0,0,0,0,6
SAL20324,23,29,29,27,21,4,16,12,5,174,21,36,47,71,31,22,19,24,7,264,26,21,101,86,48,30,54,64,8,434,3,4,0,4,3,4,7,6,0,38,11,3,8,15,10,8,8,8,0,82,0,10,6,4,3,3,4,6,3,38,6,4,7,17,7,12,5,15,29,103,294,831,305,365,391,213,243,239,86,2973
SAL20325,0,0,0,0,0,0,0,0,0,0,0,0,0,0,0,0,0,0,0,0,0,0,0,0,0,0,0,3,0,6,0,0,0,0,0,0,0,0,0,0,0,0,0,0,0,0,0,0,0,0,0,0,0,0,0,0,0,0,0,0,0,0,0,0,0,0,0,0,0,0,6,0,0,0,0,0,0,3,0,11
SAL20326,0,0,0,0,0,0,0,0,0,10,0,0,5,12,8,3,0,5,0,34,11,5,41,30,16,11,7,17,3,139,0,0,0,0,0,0,0,0,0,6,0,0,0,0,0,0,0,0,0,3,0,0,0,4,0,0,0,0,0,6,5,0,0,0,0,0,0,0,0,6,24,46,53,60,36,19,17,30,7,291
SAL20327,0,0,0,0,0,0,0,0,0,5,0,0,0,0,0,0,0,0,0,5,0,0,6,0,0,0,0,6,0,12,0,0,0,0,0,0,0,0,0,0,0,0,0,0,0,0,0,0,0,0,0,0,0,0,0,0,0,0,0,0,0,0,0,0,0,0,0,0,0,0,10,26,6,4,4,3,0,4,0,53
SAL20328,0,0,0,0,0,0,0,0,0,0,0,0,0,0,0,0,0,0,0,0,0,0,0,0,0,0,0,0,0,9,0,0,0,0,0,0,0,0,0,0,0,0,0,0,0,0,0,0,0,0,0,0,0,0,0,0,0,0,0,0,0,0,0,0,0,0,0,0,0,0,0,0,0,0,0,0,0,0,0,9
SAL20329,0,0,0,0,0,0,0,0,0,0,0,0,0,0,0,0,0,0,0,0,4,0,0,0,0,0,0,0,0,8,0,0,0,0,0,0,0,0,0,0,0,0,0,0,0,0,0,0,0,0,0,0,0,0,0,0,0,0,0,0,0,0,0,0,0,0,0,0,0,0,8,7,0,0,0,0,0,0,0,20
SAL20330,0,4,0,7,0,0,0,5,0,23,3,6,0,15,0,6,0,3,0,40,14,0,63,21,10,10,17,15,7,146,0,0,6,5,0,0,0,0,0,12,0,0,0,3,0,0,0,0,0,5,0,0,0,0,0,0,0,0,0,0,0,4,0,0,0,0,5,6,0,15,37,91,83,57,20,16,23,25,6,357
SAL20331,16,20,8,12,13,7,0,0,0,78,29,20,11,19,13,11,3,0,0,111,20,21,130,35,43,21,12,13,4,302,0,7,6,0,0,0,0,0,0,14,6,0,4,9,8,8,0,6,0,39,3,0,0,0,0,0,0,0,0,8,8,7,0,0,4,0,0,0,0,18,206,478,179,117,157,67,27,32,12,1273
SAL20332,0,3,0,0,5,0,0,0,0,4,4,0,0,3,0,0,0,0,0,7,0,0,7,0,3,0,0,0,0,10,0,0,0,0,0,0,0,0,0,0,0,0,0,0,0,0,0,0,0,0,0,0,0,0,0,0,0,0,0,0,0,0,0,0,0,0,0,0,0,3,5,13,7,4,6,0,0,3,0,45
SAL20333,0,0,0,0,0,0,0,0,0,7,0,0,0,0,0,0,0,0,0,3,5,0,4,0,0,3,0,0,0,15,0,0,0,0,0,0,0,0,0,3,0,0,0,0,0,0,0,0,0,0,0,0,0,0,0,0,0,0,0,0,0,0,0,0,0,0,0,0,0,0,12,7,3,0,3,4,0,3,0,37
SAL20334,0,0,0,0,0,0,0,0,0,0,0,0,0,0,0,0,0,0,0,4,7,0,0,0,0,0,0,0,0,11,0,0,0,0,0,0,0,0,0,0,0,0,0,0,0,0,0,0,0,4,0,0,0,0,0,0,0,0,0,0,4,0,0,0,0,0,0,0,0,4,16,3,0,3,5,0,0,0,0,28
SAL20335,6,0,0,0,0,0,0,0,0,3,0,0,0,3,4,0,0,0,0,15,6,0,11,8,9,4,6,8,0,44,0,0,0,0,0,0,0,0,0,0,0,0,0,0,0,0,0,0,0,5,0,0,0,0,0,0,0,0,0,0,0,0,0,0,0,0,0,0,0,3,11,20,10,10,16,3,3,10,0,98
SAL20336,17,9,8,19,4,8,0,8,0,68,18,20,11,14,11,8,0,13,0,99,38,14,97,24,18,16,15,27,0,254,3,0,3,4,5,4,0,5,0,23,3,0,0,5,9,0,3,3,0,22,0,0,0,0,4,0,0,0,0,6,3,0,0,0,0,0,4,3,0,19,189,240,140,102,69,56,28,70,8,905
SAL20337,164,131,23,39,91,51,4,6,6,522,141,117,44,57,93,62,12,8,15,542,204,49,224,76,66,65,7,26,14,733,8,4,0,10,11,7,0,0,4,42,31,20,7,17,26,27,6,4,6,145,20,32,4,11,8,8,0,0,0,80,45,47,11,8,18,15,0,3,35,187,2476,3835,413,444,881,519,57,109,185,8912
SAL20338,106,108,29,39,60,36,9,8,5,396,93,96,25,53,85,49,5,8,6,421,107,48,203,64,58,48,27,30,10,589,4,3,0,4,9,5,0,0,0,29,25,20,5,16,18,19,6,4,3,97,19,20,0,0,12,9,0,0,0,61,22,25,9,5,13,5,0,6,22,99,1649,2522,374,349,663,358,59,99,110,6180
SAL20339,3,0,0,0,0,0,0,0,0,7,0,0,0,0,0,0,0,0,0,0,6,0,4,3,3,0,0,0,0,18,0,0,0,0,0,0,0,0,0,0,0,0,0,0,0,0,0,0,0,4,0,0,0,0,0,0,0,0,0,0,0,0,0,0,0,0,0,0,0,0,10,3,4,6,3,0,4,7,4,33
SAL20340,0,0,0,0,0,0,0,0,0,0,0,0,0,0,0,0,0,0,0,0,0,0,0,0,0,0,0,0,0,0,0,0,0,0,0,0,0,0,0,0,0,0,0,0,0,0,0,0,0,0,0,0,0,0,0,0,0,0,0,0,3,0,0,0,0,0,0,0,0,3,3,0,0,0,0,0,0,0,0,4
SAL20341,0,0,0,0,0,0,0,0,0,3,0,0,0,0,0,0,0,0,0,0,3,0,3,0,0,0,0,6,0,15,0,0,0,0,0,0,0,0,0,0,0,0,0,0,0,0,0,0,0,0,0,0,0,0,0,0,0,0,0,0,0,0,0,0,0,0,0,0,0,0,10,0,3,4,0,0,0,6,0,24
SAL20342,0,0,0,0,0,0,0,0,0,4,0,0,0,0,0,0,0,0,0,0,6,0,0,0,0,0,0,0,0,11,0,0,0,0,0,0,0,0,0,0,0,0,0,0,0,0,0,0,0,0,0,0,0,0,0,0,0,0,0,0,0,0,0,0,0,0,0,0,0,0,11,5,0,0,3,0,0,3,0,28
SAL20343,0,0,0,0,0,0,0,0,0,0,0,0,0,0,0,0,0,0,0,0,0,0,0,0,0,0,0,0,0,0,0,0,0,0,0,0,0,0,0,0,0,0,0,0,0,0,0,0,0,0,0,0,0,0,0,0,0,0,0,0,0,0,0,0,0,0,0,0,0,0,6,0,0,0,0,0,0,0,0,0
SAL20344,0,0,0,0,0,0,0,0,0,0,0,0,0,0,0,0,0,0,0,5,0,0,0,0,0,0,0,0,0,5,0,0,0,0,0,0,0,0,0,0,0,0,0,0,0,0,0,0,0,0,0,0,0,0,0,0,0,0,0,0,0,0,0,0,0,0,0,0,0,0,6,6,0,0,0,0,0,0,0,13
SAL20345,10,12,4,10,8,4,3,4,0,63,19,37,21,56,21,7,6,9,5,173,61,29,231,71,66,30,87,62,17,658,5,0,6,6,4,3,3,10,0,39,8,0,3,6,0,5,6,0,0,36,0,0,0,0,0,0,0,0,0,6,3,3,4,11,14,0,3,8,3,39,142,259,279,205,136,57,110,107,35,1333
SAL20346,8,24,23,19,16,9,17,9,0,128,23,28,68,86,34,20,31,40,3,333,27,16,167,108,40,26,57,75,13,522,3,0,9,10,7,11,13,10,0,51,4,0,5,17,4,9,11,12,4,54,0,3,9,6,5,0,4,4,3,33,0,14,16,8,5,3,12,16,16,88,158,511,415,437,225,138,272,296,68,2528
SAL20347,0,0,0,0,0,0,0,0,0,0,0,0,0,0,0,0,0,0,0,3,6,0,0,0,0,0,0,3,0,13,0,0,0,0,0,0,0,0,0,0,0,0,0,0,0,0,0,0,0,0,0,0,0,0,0,0,0,0,0,0,0,0,0,0,0,0,0,0,0,0,17,0,0,6,0,0,0,0,0,28
SAL20348,0,0,0,0,0,0,0,0,0,0,0,0,0,0,0,0,0,0,0,0,4,0,0,0,0,0,0,0,0,4,0,0,0,0,0,0,0,0,0,0,0,0,0,0,0,0,0,0,0,0,0,0,0,0,0,0,0,0,0,0,0,0,0,0,0,0,0,0,0,0,9,0,0,0,0,0,0,0,0,5
SAL20349,0,0,0,0,0,0,0,0,0,4,0,0,0,0,0,0,0,0,0,3,6,0,0,0,0,0,0,0,0,6,0,0,0,0,0,0,0,0,0,0,0,0,0,0,0,0,0,0,0,0,0,0,0,0,0,0,0,0,0,0,0,0,0,0,0,0,0,0,0,0,10,3,0,0,0,0,0,3,0,19
SAL20350,0,0,0,0,0,0,0,0,0,4,0,0,0,0,0,0,0,0,0,0,0,0,0,0,0,0,0,0,0,0,0,0,0,0,0,0,0,0,0,0,0,0,0,0,0,0,0,0,0,0,0,0,0,0,0,0,0,0,0,0,0,0,0,0,0,0,0,0,0,0,0,0,0,0,0,0,5,0,0,9
SAL20351,23,16,23,26,30,16,22,9,0,160,45,33,29,124,54,21,49,30,14,394,66,31,332,171,123,62,139,90,12,1028,3,3,9,7,16,11,8,11,0,74,7,4,12,11,14,11,15,5,0,80,0,6,6,3,9,4,8,4,0,28,4,6,6,12,7,12,15,9,13,83,257,508,454,488,377,180,320,205,61,2855
SAL20352,10,9,7,4,9,4,0,4,0,46,16,19,12,14,17,10,0,3,0,90,24,12,79,18,22,8,18,12,3,195,3,0,0,0,3,0,0,0,0,16,0,0,0,9,5,0,0,0,0,16,4,0,0,0,0,0,3,0,0,6,4,4,4,0,0,0,4,3,4,23,129,252,125,75,116,44,43,38,10,831
SAL20353,0,0,0,0,0,0,0,0,0,0,0,0,0,0,0,0,0,0,0,0,0,0,0,0,0,0,0,0,0,0,0,0,0,0,0,0,0,0,0,0,0,0,0,0,0,0,0,0,0,0,0,0,0,0,0,0,0,0,0,0,0,0,0,0,0,0,0,0,0,0,0,0,0,0,0,0,0,0,0,0
SAL20354,0,0,0,4,0,0,0,0,0,0,0,0,0,0,0,0,0,0,0,5,0,0,12,0,0,5,0,0,0,24,0,0,0,0,0,0,0,0,0,7,0,0,0,0,0,0,0,0,0,0,0,0,0,0,0,0,0,0,0,0,0,0,0,0,0,0,0,0,0,0,4,18,9,9,10,6,0,9,0,63
SAL20355,0,0,0,0,0,0,0,0,0,0,0,0,0,0,0,0,0,0,0,3,5,0,0,0,0,0,0,4,0,5,0,0,0,0,0,0,0,0,0,0,0,0,0,0,0,0,0,0,0,0,0,0,0,0,0,0,0,0,0,0,0,0,0,0,0,0,0,0,0,0,6,0,0,5,0,0,0,4,0,16
SAL20356,22,23,7,19,21,0,0,5,0,98,27,32,20,55,27,6,8,12,3,185,74,21,225,72,60,38,42,43,5,574,3,0,3,0,9,4,4,8,0,34,0,3,0,7,12,0,0,5,0,35,0,3,0,0,0,0,0,0,0,10,3,5,3,4,4,0,3,0,7,25,228,553,279,224,172,73,62,75,23,1683
SAL20357,0,3,0,0,0,0,0,0,0,7,3,0,0,0,0,0,0,0,0,7,3,0,0,0,0,0,0,0,0,11,0,0,0,0,0,0,0,0,0,0,0,0,0,0,0,0,0,0,0,0,0,0,0,0,0,0,0,0,0,0,0,0,0,0,0,0,0,0,0,0,15,10,3,0,0,0,0,0,0,39
SAL20358,0,0,0,0,0,0,0,0,0,0,0,0,0,0,0,0,0,0,0,0,3,0,4,0,0,0,4,0,0,8,0,0,0,0,0,0,0,0,0,0,0,0,0,0,0,0,0,0,0,0,0,0,0,0,0,0,0,0,0,0,0,0,0,0,0,0,0,0,0,0,5,8,4,0,0,0,4,0,0,27
SAL20359,3,0,0,0,0,0,0,0,0,5,0,0,0,0,0,0,0,0,0,5,4,0,9,0,0,0,0,0,0,13,0,0,0,0,0,0,0,0,0,7,0,0,0,0,0,0,0,0,0,0,0,0,0,0,0,0,0,0,0,0,4,0,0,0,0,0,0,0,0,4,29,11,6,8,4,0,0,0,0,57
SAL20360,0,0,0,0,0,0,0,0,0,0,0,0,0,0,0,0,0,0,0,0,0,0,0,0,0,0,0,0,0,0,0,0,0,0,0,0,0,0,0,0,0,0,0,0,0,0,0,0,0,0,0,0,0,0,0,0,0,0,0,0,0,0,0,0,0,0,0,0,0,0,0,0,0,0,0,0,0,0,0,0
SAL20361,78,151,46,55,59,43,14,23,6,477,117,184,112,160,107,54,14,29,8,795,134,115,395,156,129,56,36,94,16,1133,5,9,11,18,16,13,0,9,0,75,20,21,9,17,27,9,7,10,0,122,11,26,3,4,9,3,0,0,0,63,7,27,15,16,19,5,7,4,24,127,2021,6690,1002,1111,1363,525,158,339,173,13385
SAL20362,60,86,36,34,35,20,5,14,3,300,65,104,62,65,69,41,15,18,3,441,62,78,207,81,86,44,16,45,13,624,5,7,3,5,4,0,6,0,0,33,15,26,4,11,17,4,0,0,0,89,8,18,0,7,6,4,0,0,0,46,13,15,3,9,6,4,0,3,12,72,1256,3905,533,552,801,304,85,174,104,7711
SAL20363,33,94,48,41,49,20,11,17,0,316,87,105,51,99,75,43,11,30,6,515,101,62,293,134,103,48,31,72,6,857,3,6,13,8,9,5,4,0,0,55,9,19,8,12,25,9,3,3,4,95,7,13,7,7,6,4,3,6,0,52,5,17,8,12,13,7,9,12,15,101,1040,3256,636,686,813,298,158,254,94,7235
SAL20364,3,0,0,5,3,0,0,3,0,18,3,5,4,11,4,0,0,0,0,26,10,4,39,17,11,8,11,9,0,112,0,0,3,0,3,0,0,0,0,9,4,0,0,0,0,0,0,0,0,7,0,0,0,0,0,0,0,0,0,0,0,0,0,0,0,3,0,3,0,9,48,43,42,51,21,14,14,13,0,259
SAL20365,0,0,0,0,0,0,0,0,0,3,0,0,0,0,0,0,0,0,0,6,3,0,0,0,0,0,0,0,0,8,0,0,0,0,0,0,0,0,0,5,0,0,0,0,0,0,0,0,0,0,0,0,0,0,0,0,0,0,0,0,0,0,0,0,0,0,0,0,0,0,8,7,0,0,3,0,0,0,0,30
SAL20366,4,0,0,0,0,0,0,0,0,3,0,0,0,0,0,0,0,0,0,5,10,0,4,7,0,0,0,0,0,28,0,0,0,0,0,0,0,0,0,0,0,0,0,0,0,0,0,0,0,0,0,0,0,0,0,0,0,0,0,0,3,0,4,0,0,0,0,0,3,5,18,14,5,13,3,4,3,6,3,61
SAL20367,0,0,0,0,0,0,0,0,0,3,0,0,0,0,0,0,0,0,0,3,9,0,0,6,0,0,5,0,0,16,0,0,0,0,0,0,0,0,0,0,0,0,0,0,0,0,0,0,0,0,0,0,0,0,0,0,0,0,0,0,0,0,0,0,0,0,0,0,0,0,7,9,0,4,3,0,5,0,0,31
SAL20368,0,0,0,0,0,0,0,0,0,3,0,0,3,0,0,0,0,0,0,7,6,0,0,0,0,0,0,0,0,15,0,0,0,0,0,0,0,0,0,0,0,0,0,0,0,0,0,0,0,5,0,0,0,0,0,0,0,0,0,0,0,0,0,0,0,0,0,0,0,3,13,15,8,5,9,4,0,5,0,65
SAL20369,0,0,0,0,0,0,0,0,0,5,8,0,0,0,0,0,0,0,0,9,10,3,15,7,5,0,0,4,0,40,0,0,0,0,0,0,0,0,0,0,0,0,0,0,0,0,0,0,0,0,0,0,0,0,0,0,0,0,0,0,0,0,0,0,0,0,0,0,0,0,22,17,17,10,5,0,4,5,0,85
SAL20370,0,0,0,0,0,0,0,0,0,0,0,0,0,0,0,0,0,0,0,0,3,0,0,0,0,0,0,0,0,3,0,0,0,0,0,0,0,0,0,0,0,0,0,0,0,0,0,0,0,0,0,0,0,0,0,0,0,0,0,0,0,0,0,0,0,0,0,0,0,0,5,3,0,0,0,0,0,0,0,11
SAL20371,0,0,0,0,0,0,0,0,0,0,0,0,0,0,0,0,0,0,0,0,0,0,0,0,0,0,0,0,0,3,0,0,0,0,0,0,0,0,0,0,0,0,0,0,0,0,0,0,0,0,0,0,0,0,0,0,0,0,0,0,0,0,0,0,0,0,0,0,0,0,4,3,0,0,0,0,0,0,0,13
SAL20372,0,0,0,0,0,0,0,0,0,0,0,0,0,0,0,0,0,0,0,0,0,0,0,0,0,0,0,0,0,0,0,0,0,0,0,0,0,0,0,0,0,0,0,0,0,0,0,0,0,0,0,0,0,0,0,0,0,0,0,0,0,0,0,0,0,0,0,0,0,0,0,0,0,0,0,0,0,0,0,0
SAL20373,0,0,0,0,0,0,0,0,0,5,4,0,0,0,0,0,0,0,0,3,4,6,9,5,6,3,0,0,0,21,0,0,0,0,0,0,0,0,0,0,0,0,0,0,0,0,0,0,0,0,0,0,0,0,0,0,0,0,0,0,0,0,0,0,0,0,0,0,0,0,8,12,9,3,3,3,0,4,0,45
SAL20374,0,0,0,0,0,0,0,0,0,0,0,0,0,0,0,0,0,0,0,0,0,0,0,0,0,0,0,0,0,0,0,0,0,0,0,0,0,0,0,0,0,0,0,0,0,0,0,0,0,0,0,0,0,0,0,0,0,0,0,0,0,0,0,0,0,0,0,0,0,0,0,0,0,0,0,0,0,0,0,3
SAL20375,5,0,0,0,0,0,0,0,0,10,0,0,0,0,0,0,0,0,0,9,15,0,6,0,0,3,8,3,0,31,0,0,0,0,0,0,0,0,0,0,0,0,0,0,0,0,0,0,0,0,0,0,0,0,0,0,0,0,0,0,0,0,0,0,0,0,0,0,0,5,28,18,3,10,7,4,10,3,0,83
SAL20376,0,0,0,0,4,0,0,0,0,4,0,3,0,0,0,0,0,0,0,11,9,0,15,3,0,0,0,5,0,43,0,0,0,0,0,0,0,0,0,0,0,0,0,0,0,0,0,0,0,3,0,0,0,0,0,0,0,0,0,0,0,0,0,0,0,5,0,0,0,6,14,26,23,7,9,9,3,9,0,99
SAL20377,5,0,0,0,0,0,0,0,0,5,7,0,0,0,0,0,0,0,6,10,3,0,0,0,0,0,0,5,0,12,0,0,0,0,0,0,0,0,0,0,0,0,0,0,0,0,0,0,0,0,0,0,0,0,0,0,0,0,0,0,0,0,0,0,0,0,0,0,0,0,21,7,0,0,0,0,0,6,4,38
SAL20378,0,0,0,0,0,0,0,0,0,0,0,0,0,0,0,0,0,0,0,0,0,0,0,0,0,0,0,0,0,0,0,0,0,0,0,0,0,0,0,0,0,0,0,0,0,0,0,0,0,0,0,0,0,0,0,0,0,0,0,0,0,0,0,0,0,0,0,0,0,0,0,0,0,0,0,0,0,0,0,3
SAL20379,0,0,0,0,0,0,0,0,0,0,0,0,0,0,0,0,0,0,0,0,0,0,0,0,0,0,0,0,0,0,0,0,0,0,0,0,0,0,0,0,0,0,0,0,0,0,0,0,0,0,0,0,0,0,0,0,0,0,0,0,0,0,0,0,0,0,0,0,0,0,0,0,0,0,0,0,0,0,0,0
SAL20380,0,0,0,0,0,0,0,0,0,0,0,0,0,0,0,0,0,0,0,0,0,0,0,0,0,0,0,0,0,0,0,0,0,0,0,0,0,0,0,0,0,0,0,0,0,0,0,0,0,0,0,0,0,0,0,0,0,0,0,0,0,0,0,0,0,0,0,0,0,0,4,0,0,0,0,0,0,0,0,6
SAL20381,7,0,3,0,5,0,0,0,0,18,3,6,0,0,5,5,0,0,0,24,4,3,41,3,7,6,13,5,4,86,0,0,0,0,0,3,0,0,0,8,0,0,0,0,0,0,0,0,0,4,0,0,0,0,0,0,0,0,0,0,0,0,0,0,5,0,0,0,0,6,32,39,51,12,29,10,18,3,3,196
SAL20382,0,0,0,0,0,0,0,0,0,0,0,0,0,0,0,0,0,0,0,0,0,0,0,0,0,0,0,0,0,7,0,0,0,0,0,0,0,0,0,0,0,0,0,0,0,0,0,0,0,0,0,0,0,0,0,0,0,0,0,0,0,0,0,0,0,0,0,0,0,0,4,0,0,0,0,0,0,0,0,9
SAL20383,0,0,0,0,0,0,0,0,0,0,0,0,0,0,3,0,0,0,0,6,3,0,0,0,0,0,0,0,0,8,0,0,0,0,0,0,0,0,0,0,0,0,0,0,0,0,0,0,0,0,0,0,0,0,0,0,0,0,0,0,0,0,0,0,0,0,0,0,0,0,4,0,0,3,4,5,0,0,0,12
SAL20384,0,0,0,0,0,0,0,0,0,3,0,0,0,0,0,0,0,0,0,5,0,0,5,0,0,0,0,0,0,7,0,0,0,0,0,0,0,0,0,0,0,0,0,0,0,0,0,0,0,0,0,0,0,0,0,0,0,0,0,0,0,0,0,0,0,0,0,0,0,0,4,11,5,5,3,0,0,0,0,29
SAL20385,0,0,0,0,0,0,0,0,0,0,0,0,0,0,0,0,0,0,0,0,0,0,0,0,0,0,0,0,0,0,0,0,0,0,0,0,0,0,0,0,0,0,0,0,0,0,0,0,0,0,0,0,0,0,0,0,0,0,0,0,0,0,0,0,0,0,0,0,0,0,0,3,0,0,4,0,0,0,0,10
SAL20386,59,56,28,37,38,23,9,18,7,267,55,57,43,63,55,38,14,12,7,334,55,25,254,92,52,39,24,47,8,602,5,0,0,5,8,6,0,3,0,34,11,9,9,13,14,16,3,6,0,87,5,8,5,0,0,5,0,0,4,25,24,17,10,9,9,11,0,0,19,96,703,1489,429,344,475,292,85,138,66,4024
SAL20387,7,10,0,4,0,0,0,0,0,15,4,3,4,7,3,0,5,5,0,29,15,4,41,9,7,6,8,5,0,90,0,0,0,0,0,0,0,0,0,3,0,0,3,0,0,0,0,0,0,5,4,0,0,0,0,0,0,0,0,6,0,0,0,0,0,0,0,0,3,9,41,62,62,23,25,8,13,9,6,246
SAL20388,0,0,0,0,0,0,0,0,0,0,0,0,0,0,0,0,0,0,0,0,0,0,8,0,4,0,0,4,0,17,0,0,0,0,0,0,0,0,0,0,0,0,0,0,0,0,0,0,0,0,0,0,0,0,0,0,0,0,0,0,0,0,0,0,0,0,0,0,0,0,5,4,8,0,7,0,0,4,0,26
SAL20389,0,0,0,0,0,0,0,0,0,0,0,0,0,0,0,0,0,0,0,3,0,0,0,0,0,0,0,0,0,0,0,0,0,0,0,0,0,0,0,0,0,0,0,0,0,0,0,0,0,0,0,0,0,0,0,0,0,0,0,0,0,0,0,0,0,0,0,0,0,0,0,0,0,0,0,0,0,0,0,8
SAL20390,0,5,0,3,0,0,0,0,0,10,4,3,0,9,0,0,0,0,0,12,21,6,31,7,11,3,3,6,3,92,0,0,0,0,0,0,0,0,0,6,0,0,0,4,0,0,0,0,0,5,0,0,0,0,0,0,0,0,0,0,0,0,0,0,0,0,0,0,0,0,33,59,39,25,12,6,3,8,3,202
SAL20391,0,0,0,0,0,0,0,0,0,8,0,0,0,5,0,3,0,0,0,8,7,0,12,0,4,0,7,0,0,23,0,0,0,0,0,0,0,0,0,0,0,0,0,0,0,0,0,0,0,0,0,0,0,0,0,0,0,0,0,0,0,0,0,0,0,0,0,0,0,0,20,17,17,4,10,6,7,0,0,76
SAL20392,0,0,0,0,0,0,0,0,0,0,0,0,0,0,0,0,0,0,0,4,3,0,6,0,0,0,0,0,0,17,0,0,0,0,0,0,0,0,0,0,0,0,0,0,0,0,0,0,0,0,0,0,0,0,0,0,0,0,0,0,0,0,0,0,0,0,0,0,0,0,6,0,5,0,0,0,0,5,0,27
SAL20393,4,6,0,0,0,0,0,0,0,7,0,0,0,4,3,0,0,5,0,16,9,0,22,3,9,0,0,5,0,45,0,0,0,0,0,0,0,0,0,5,0,0,0,0,4,0,0,0,0,4,0,0,0,0,0,0,0,0,0,0,0,0,0,0,0,0,0,3,0,3,10,32,23,16,10,4,0,11,0,101
SAL20394,0,0,0,0,0,0,0,0,0,4,0,0,0,3,0,0,0,0,0,5,10,0,4,3,4,0,0,0,0,33,0,0,0,0,0,0,0,0,0,3,0,0,0,0,0,0,0,0,0,0,0,0,0,0,0,0,0,0,0,0,0,0,0,0,0,0,0,0,0,0,18,15,11,8,8,3,0,0,0,66
SAL20395,4,3,0,0,5,0,0,0,0,11,6,5,4,5,5,3,0,0,0,22,16,5,29,6,6,0,6,8,5,82,0,0,0,0,0,3,0,0,0,0,5,0,0,4,0,0,0,0,0,10,0,0,0,0,0,0,0,0,0,0,0,0,0,0,0,0,0,0,0,4,42,28,31,21,20,5,9,12,3,181
SAL20396,0,0,0,0,0,0,0,0,0,0,4,0,0,0,0,0,0,0,0,4,0,0,3,0,0,0,0,0,0,7,0,0,0,0,0,0,0,0,0,0,0,0,0,0,0,0,0,0,0,0,0,0,0,0,0,0,0,0,0,0,0,0,0,0,0,0,0,0,0,0,5,5,3,3,0,0,0,0,0,19
SAL20397,0,0,0,0,0,0,0,0,0,0,0,0,0,0,0,0,0,0,0,0,0,0,0,0,0,0,0,0,0,0,0,0,0,0,0,0,0,0,0,0,0,0,0,0,0,0,0,0,0,0,0,0,0,0,0,0,0,0,0,0,0,0,0,0,0,0,0,0,0,0,0,0,0,0,0,0,0,0,0,0
SAL20398,0,0,0,0,0,0,0,0,0,0,0,0,0,3,0,0,0,0,0,3,0,0,3,0,0,0,3,0,0,8,0,0,0,0,0,0,0,0,0,0,0,0,0,0,0,0,0,0,0,0,0,0,0,0,0,0,0,0,0,0,0,0,0,0,0,0,0,0,0,0,0,5,3,3,0,0,3,0,0,22
SAL20399,101,122,60,87,98,51,24,33,0,566,161,124,135,240,173,91,49,68,11,1050,206,81,709,289,212,102,121,150,32,1896,16,9,18,20,32,13,8,8,4,123,34,24,17,42,63,19,9,17,3,229,14,18,9,13,14,10,6,8,3,88,18,35,25,33,34,22,14,20,42,247,1295,3064,1240,1097,1207,602,417,491,183,9602
SAL20400,0,0,0,0,0,0,0,0,0,3,0,0,0,0,0,0,0,0,0,0,0,0,0,0,0,0,0,0,0,3,0,0,0,0,0,0,0,0,0,0,0,0,0,0,0,0,0,0,0,0,0,0,0,0,0,0,0,0,0,0,0,0,0,0,0,0,0,0,0,0,3,5,0,0,0,0,0,0,0,8
SAL20401,0,0,0,0,0,0,0,0,0,3,0,0,0,0,0,0,0,0,0,0,3,0,3,0,0,0,0,0,0,14,0,0,0,0,0,0,0,0,0,0,0,0,0,0,0,0,0,0,0,0,0,0,0,0,0,0,0,0,0,4,0,0,0,0,0,0,0,0,0,0,12,4,6,0,3,0,0,0,0,26
SAL20402,5,0,0,0,0,0,0,0,0,5,0,0,0,0,0,0,0,0,0,0,4,0,6,0,0,0,0,0,0,3,0,0,0,0,0,0,0,0,0,0,0,0,0,0,0,0,0,0,0,0,0,0,0,0,0,0,0,0,0,0,0,0,0,0,0,0,0,0,0,0,3,7,6,0,0,0,0,0,0,15
SAL20403,0,0,0,0,0,0,0,0,0,4,0,0,0,0,0,0,0,0,0,6,8,0,0,0,0,0,7,3,0,14,0,0,0,0,0,0,0,0,0,0,0,0,0,0,0,0,0,0,0,0,0,0,0,0,0,0,0,0,0,0,0,0,0,0,0,0,0,0,0,0,16,3,3,0,4,0,7,3,0,36
SAL20404,0,0,0,0,3,0,0,0,0,13,3,0,0,0,4,0,0,0,0,7,10,0,11,3,4,4,3,0,0,42,0,0,0,0,0,0,0,0,0,3,0,0,0,0,0,0,0,0,0,0,0,0,0,0,0,0,0,0,0,3,0,0,0,0,0,0,0,4,0,6,26,22,16,4,17,8,3,5,0,103
SAL20405,0,0,0,0,0,0,0,0,0,0,0,0,0,0,0,0,0,0,0,0,3,0,0,0,0,0,0,0,0,6,0,0,0,0,0,0,0,0,0,0,0,0,0,0,0,0,0,0,0,0,0,0,0,0,0,0,0,0,0,0,0,0,0,0,0,0,0,0,0,0,10,0,0,0,0,0,0,0,0,12
SAL20406,0,0,0,0,0,0,0,0,0,0,0,0,0,0,0,0,0,0,0,0,3,0,0,0,0,0,0,0,0,13,0,0,0,0,0,0,0,0,0,0,0,0,0,0,0,0,0,0,0,3,0,0,0,0,0,0,0,0,0,0,0,0,0,0,0,0,0,0,0,0,3,0,0,0,3,0,0,0,0,15
SAL20407,0,0,0,0,0,0,0,0,0,0,0,0,0,0,0,0,0,0,0,0,0,0,0,0,0,0,0,0,0,0,0,0,0,0,0,0,0,0,0,0,0,0,0,0,0,0,0,0,0,0,0,0,0,0,0,0,0,0,0,0,0,0,0,0,0,0,0,0,0,0,0,0,0,0,0,0,0,0,0,0
SAL20408,0,0,0,0,0,0,0,0,0,0,0,0,0,0,0,0,0,0,0,0,4,0,0,0,0,0,0,0,0,4,0,0,0,0,0,0,0,0,0,0,0,0,0,0,0,0,0,0,0,0,0,0,0,0,0,0,0,0,0,0,0,0,0,0,0,0,0,0,0,0,5,0,0,0,0,0,0,0,0,8
SAL20409,20,26,10,8,12,0,0,0,0,82,27,18,15,26,30,10,5,4,0,131,40,22,123,48,46,19,30,27,8,350,0,4,0,0,6,0,5,0,0,19,0,4,0,0,3,0,0,0,0,19,0,3,0,0,0,0,0,0,0,4,0,0,0,3,0,6,0,4,4,24,216,491,169,155,150,51,50,47,23,1327
SAL20410,0,0,0,0,0,0,0,0,0,3,0,0,0,0,0,0,0,0,0,10,3,3,16,10,4,4,8,5,0,49,0,0,0,0,0,0,0,0,0,6,0,0,0,0,0,0,0,0,0,0,0,0,0,0,0,0,0,0,0,0,0,0,0,0,0,0,0,0,0,4,12,16,18,18,7,5,8,5,4,90
SAL20411,17,7,9,14,11,3,0,3,0,62,17,11,11,28,11,7,0,5,0,95,55,14,204,45,59,14,43,38,18,487,3,0,4,0,13,0,0,0,0,21,0,0,5,4,3,4,0,3,0,23,3,0,0,0,0,0,0,0,0,8,0,0,3,4,4,6,3,0,3,29,126,183,249,120,127,35,52,67,24,977
SAL20412,0,0,0,0,0,0,0,0,0,0,0,0,0,0,0,0,0,0,0,3,0,0,5,0,0,3,3,0,4,16,0,0,0,0,0,0,0,0,0,0,0,0,0,0,0,0,0,0,0,0,0,0,0,0,0,0,0,0,0,0,0,0,0,0,0,0,0,0,0,3,5,3,11,0,4,3,3,0,4,29
SAL20413,0,0,0,0,0,0,0,0,0,0,0,0,0,0,0,0,0,0,0,0,0,0,0,0,0,0,0,0,0,0,0,0,0,0,0,0,0,0,0,0,0,0,0,0,0,0,0,0,0,0,0,0,0,0,0,0,0,0,0,0,0,0,0,0,0,0,0,0,0,0,0,0,0,0,0,0,0,0,0,0
SAL20414,0,0,0,0,0,0,0,0,0,0,0,0,0,0,0,0,0,0,0,0,0,0,0,0,0,0,0,0,0,0,0,0,0,0,0,0,0,0,0,0,0,0,0,0,0,0,0,0,0,0,0,0,0,0,0,0,0,0,0,0,0,0,0,0,0,0,0,0,0,0,0,0,0,0,0,0,0,0,0,0
SAL20415,0,0,0,0,0,0,0,0,0,0,0,0,0,0,0,0,0,0,0,0,0,0,0,0,0,0,4,0,0,6,0,0,0,0,0,0,0,0,0,0,0,0,0,0,0,0,0,0,0,0,0,0,0,0,0,0,0,0,0,0,0,0,0,0,0,0,0,0,0,0,0,0,0,0,0,0,4,0,0,8
SAL20416,0,0,0,0,0,0,0,0,0,0,0,0,0,0,0,0,0,0,0,0,0,0,0,0,0,0,0,3,0,3,0,0,0,0,0,0,0,0,0,0,0,0,0,0,0,0,0,0,0,0,0,0,0,0,0,0,0,0,0,0,0,0,0,0,0,0,0,0,0,0,4,0,0,0,0,0,0,3,0,11
SAL20417,0,0,0,0,0,0,0,0,0,0,0,0,0,0,0,0,0,0,0,0,6,0,4,0,0,0,0,0,0,6,0,0,0,0,0,0,0,0,0,0,0,0,0,0,0,0,0,0,0,0,0,0,0,0,0,0,0,0,0,0,0,0,0,0,0,0,0,0,0,0,11,0,4,0,0,0,0,0,0,14
SAL20418,0,0,3,0,5,0,0,0,0,8,5,4,5,0,5,3,0,4,0,23,3,6,15,3,3,0,0,0,0,38,0,0,0,0,0,0,0,0,0,0,0,0,0,0,4,0,0,0,0,4,0,0,0,0,0,0,0,0,0,0,0,0,3,0,0,0,0,0,0,7,78,214,42,34,41,13,0,16,0,437
SAL20419,25,15,8,15,17,4,6,6,4,104,28,20,27,47,32,12,16,10,3,197,26,13,151,65,35,28,47,40,4,413,0,4,4,8,7,5,0,3,0,25,0,0,10,7,17,4,3,10,0,54,0,9,7,0,0,0,0,0,0,11,7,11,4,6,3,7,5,8,10,52,176,433,249,220,237,85,109,101,31,1651
SAL20420,16,15,24,10,29,11,16,3,5,132,30,19,27,47,29,13,25,15,4,205,37,14,122,65,55,11,50,36,10,402,0,0,0,0,3,3,4,0,0,14,3,5,9,9,10,0,5,6,0,44,6,7,3,0,4,3,0,5,0,26,0,4,9,9,8,0,3,0,13,44,256,609,252,267,309,90,140,95,48,2068
SAL20421,0,0,0,0,0,0,0,0,0,0,0,0,0,0,0,0,0,0,0,0,0,0,0,0,0,0,0,0,0,6,0,0,0,0,0,0,0,0,0,0,0,0,0,0,0,0,0,0,0,0,0,0,0,0,0,0,0,0,0,0,0,0,0,0,0,0,0,0,0,4,0,0,0,0,0,0,0,0,0,8
SAL20422,0,0,0,3,0,0,0,0,0,6,0,0,0,0,0,0,0,0,0,4,14,0,10,3,7,5,6,0,0,48,0,0,0,0,0,0,0,0,0,0,4,0,0,0,0,0,0,0,0,6,0,0,0,0,0,0,0,0,0,0,0,0,0,0,0,0,0,0,0,0,29,20,11,10,8,4,6,3,0,91
SAL20423,0,0,0,0,0,0,0,0,0,0,0,0,0,0,0,0,0,0,0,0,0,0,0,0,0,0,0,0,0,4,0,0,0,0,0,0,0,0,0,0,0,0,0,0,0,0,0,0,0,0,0,0,0,0,0,0,0,0,0,0,0,0,0,0,0,0,0,0,0,0,0,0,0,0,0,0,0,0,0,6
SAL20424,0,0,0,0,0,0,0,0,0,0,0,0,0,0,0,0,0,0,0,0,6,0,0,0,0,0,0,0,0,7,0,0,0,0,0,0,0,0,0,0,5,0,0,0,0,0,0,0,0,5,0,0,0,0,0,0,0,0,0,0,0,0,0,0,0,0,0,0,0,0,7,0,0,0,0,0,0,0,0,11
SAL20425,0,4,0,0,0,0,0,0,0,4,0,0,0,4,0,0,0,0,0,6,4,5,8,3,0,0,3,0,0,27,0,0,0,0,0,0,0,0,0,0,0,0,0,0,0,0,0,0,0,0,0,0,0,0,0,0,0,0,0,0,0,0,0,0,0,0,0,0,0,0,11,16,15,7,3,0,3,4,0,57
SAL20426,42,55,21,36,49,18,12,17,4,255,62,72,56,98,89,52,18,49,5,498,60,40,178,87,53,51,30,50,12,552,5,0,3,7,13,12,4,3,0,42,9,15,7,16,22,15,3,0,0,88,5,10,6,12,9,4,0,3,0,48,17,12,10,10,10,5,11,3,12,87,861,2226,471,537,687,451,180,278,108,5799
SAL20427,26,33,31,23,41,16,7,15,4,203,38,52,51,61,58,33,12,36,4,345,56,21,177,48,50,25,21,47,7,456,3,0,0,3,9,0,0,3,0,33,8,7,3,8,10,10,3,8,3,60,0,8,3,0,0,3,3,8,0,26,6,7,9,10,0,8,10,7,14,66,561,1453,407,317,503,259,115,236,63,3918
SAL20428,0,4,0,0,0,0,0,0,0,8,4,0,3,4,3,3,0,0,0,17,7,0,37,8,9,6,9,10,3,88,0,0,0,0,0,0,0,0,0,6,0,0,0,0,0,0,0,0,0,5,0,0,0,0,0,0,0,0,0,0,0,0,0,0,0,0,0,0,0,0,28,64,42,12,32,10,9,15,4,218
SAL20429,0,0,0,0,0,0,0,0,0,0,0,0,0,0,0,0,0,0,0,0,0,0,4,0,0,0,0,0,0,0,0,0,0,0,0,0,0,0,0,0,0,0,0,0,0,0,0,0,0,0,0,0,0,0,0,0,0,0,0,0,0,0,0,0,0,0,0,0,0,0,5,4,4,0,0,0,0,0,0,9
SAL20430,0,0,0,0,0,0,0,0,0,0,0,0,0,0,0,0,0,0,0,0,0,0,0,0,0,0,0,0,0,0,0,0,0,0,0,0,0,0,0,0,0,0,0,0,0,0,0,0,0,0,0,0,0,0,0,0,0,0,0,0,0,0,0,0,0,0,0,0,0,0,3,0,0,0,0,0,0,0,0,3
SAL20431,3,4,0,0,0,0,0,3,0,13,3,10,0,3,0,0,0,4,0,14,16,3,33,11,7,4,8,6,0,86,0,0,0,0,0,0,0,0,0,0,0,0,0,3,0,0,0,0,0,6,0,0,0,0,0,0,0,0,0,0,0,0,0,5,5,0,0,0,0,5,38,41,38,25,11,12,10,16,0,191
SAL20432,5,0,0,0,0,0,0,0,0,4,4,0,0,0,0,0,0,0,0,5,10,0,4,0,0,0,0,0,0,11,0,0,0,0,4,0,0,0,0,10,0,0,0,0,0,0,0,0,0,0,0,0,0,0,0,0,0,0,0,0,4,0,0,0,0,0,0,0,0,4,21,15,8,0,9,4,0,0,0,54
SAL20433,0,0,0,0,0,0,0,0,0,4,0,0,0,0,0,0,0,0,0,0,9,0,0,0,0,3,0,3,0,22,0,0,0,0,0,0,0,0,0,0,0,0,0,0,0,0,0,0,0,0,0,0,0,0,0,0,0,0,0,0,0,0,0,0,0,0,0,0,0,6,15,10,0,0,0,3,3,5,0,46
SAL20434,0,3,0,0,0,0,0,0,0,7,0,4,0,0,3,0,0,0,0,7,0,0,13,0,0,0,3,5,4,25,0,0,0,0,0,0,0,0,0,0,0,0,0,0,0,0,0,0,0,0,0,0,0,0,0,0,0,0,0,0,0,0,0,0,0,0,0,0,0,0,7,17,10,3,7,3,7,5,4,61
SAL20435,0,0,0,0,0,0,0,0,0,0,0,0,0,0,0,0,0,0,0,0,4,0,5,5,0,0,0,0,4,15,0,0,0,0,0,0,0,0,0,0,0,0,0,0,0,0,0,0,0,3,0,0,0,0,0,0,0,0,0,0,0,0,0,0,0,0,0,0,0,4,14,9,9,3,3,3,0,0,4,40
SAL20436,0,0,0,0,0,0,0,0,0,4,0,0,0,0,0,0,0,0,0,5,3,0,0,4,0,0,0,0,0,12,0,0,0,0,0,0,0,0,0,0,0,0,0,0,0,0,0,0,0,6,0,0,0,0,0,0,0,0,0,0,0,0,0,0,0,0,0,0,0,0,16,5,8,0,4,0,0,0,0,37
SAL20437,3,6,0,0,0,0,0,0,0,10,3,0,0,7,7,0,0,0,0,17,7,3,26,6,7,3,0,3,3,58,0,0,0,0,0,0,0,0,0,4,0,0,0,0,0,0,0,0,0,4,0,0,0,0,0,0,0,0,0,0,0,3,0,0,0,5,0,0,0,12,28,49,31,21,14,11,0,3,6,151
SAL20438,0,0,0,0,0,0,0,0,0,0,0,0,0,0,0,0,0,0,0,0,0,0,0,0,0,0,0,0,0,0,0,0,0,0,0,0,0,0,0,0,0,0,0,0,0,0,0,0,0,0,0,0,0,0,0,0,0,0,0,0,0,0,0,0,0,0,0,0,0,0,0,0,0,0,0,0,0,0,0,3
SAL20439,0,0,0,0,0,0,0,0,0,0,0,0,0,0,0,0,0,0,0,3,4,0,0,0,0,0,0,0,0,7,0,0,0,0,0,0,0,0,0,0,0,0,0,0,0,0,0,0,0,0,0,0,0,0,0,0,0,0,0,0,0,0,0,0,0,0,0,0,0,3,6,4,0,0,0,0,0,0,0,18
SAL20440,0,0,0,0,0,0,0,0,0,0,0,0,0,0,0,0,0,0,0,0,0,0,0,0,0,0,0,0,0,0,0,0,0,0,0,0,0,0,0,0,0,0,0,0,0,0,0,0,0,0,0,0,0,0,0,0,0,0,0,0,0,0,0,0,0,0,0,0,0,0,5,0,5,0,0,0,0,0,0,7
SAL20441,24,26,23,23,35,16,16,14,0,179,32,32,49,75,66,29,23,23,8,333,44,21,189,74,76,36,91,64,17,605,4,5,7,8,10,5,4,4,0,42,5,0,14,11,15,10,12,8,0,79,0,10,3,0,0,0,3,6,0,32,7,13,17,11,16,8,8,5,28,113,314,789,383,294,468,172,221,175,74,2902
SAL20442,0,0,0,0,0,0,0,0,0,0,0,0,0,0,0,0,0,0,0,0,0,0,0,0,0,0,0,0,0,0,0,0,0,0,0,0,0,0,0,0,0,0,0,0,0,0,0,0,0,0,0,0,0,0,0,0,0,0,0,0,0,0,0,0,0,0,0,0,0,0,0,0,0,0,0,0,0,0,0,0
SAL20443,0,0,0,0,0,0,0,0,0,0,5,0,0,0,0,0,0,0,0,5,11,0,9,3,0,0,5,5,0,26,0,0,0,0,4,0,0,0,0,4,0,0,0,0,0,0,0,0,0,0,0,0,0,0,0,0,0,0,0,0,0,0,0,0,0,0,0,0,0,0,9,6,13,4,4,0,5,3,0,47
SAL20444,0,9,3,5,6,0,0,0,0,29,18,20,16,46,17,7,7,10,0,130,32,19,150,132,34,35,32,84,8,527,3,0,4,5,4,3,4,13,0,27,0,0,0,7,3,0,0,9,0,23,0,0,0,0,0,0,0,0,0,4,0,3,6,4,3,6,3,13,3,45,79,210,189,238,87,56,58,132,20,1067
SAL20445,0,0,0,0,0,0,0,0,0,6,0,0,0,0,0,0,0,0,0,7,10,0,0,3,0,0,0,3,0,20,0,0,0,0,0,0,0,0,0,0,0,0,0,0,0,0,0,0,0,0,0,0,0,0,0,0,0,0,0,0,0,0,0,0,0,0,0,6,0,6,23,3,5,3,3,3,0,10,0,48
SAL20446,0,0,0,0,0,0,0,0,0,0,0,0,0,0,0,0,0,0,0,0,0,0,0,0,0,0,0,0,0,7,0,0,0,0,0,0,0,0,0,5,0,0,0,0,0,0,0,0,0,0,0,0,0,0,0,0,0,0,0,0,0,0,0,0,0,0,0,0,0,0,0,3,0,0,0,0,0,5,0,16
SAL20447,0,0,5,0,0,0,0,0,0,3,0,0,0,5,0,0,0,0,0,9,8,0,28,7,3,5,6,0,3,54,0,0,0,3,0,0,0,0,0,3,0,0,0,0,0,0,0,0,0,0,0,0,0,0,0,0,0,0,0,4,0,0,0,0,0,0,0,0,0,0,19,24,33,18,9,6,8,5,3,122
SAL20448,0,0,0,0,0,0,0,0,0,0,0,0,0,0,0,0,0,0,0,0,4,0,0,0,0,0,0,0,0,8,0,0,0,0,0,0,0,0,0,0,0,0,0,0,0,0,0,0,0,0,0,0,0,0,0,0,0,0,0,0,0,0,0,0,0,0,0,0,0,0,7,4,0,0,0,0,0,0,0,14
SAL20449,0,0,0,0,0,0,0,0,0,0,0,0,0,0,0,0,0,0,0,0,0,0,0,0,0,0,0,0,0,0,0,0,0,0,0,0,0,0,0,0,0,0,0,0,0,0,0,0,0,0,0,0,0,0,0,0,0,0,0,0,0,0,0,0,0,0,0,0,0,0,0,0,0,0,0,0,0,0,0,0
SAL20450,0,0,0,0,0,0,0,0,0,0,0,0,0,0,0,0,0,0,0,0,0,0,0,0,0,0,0,0,0,4,0,0,0,0,0,0,0,0,0,0,0,0,0,0,0,0,0,0,0,0,0,0,0,0,0,0,0,0,0,0,0,0,0,0,0,0,0,0,0,0,0,0,0,0,0,0,0,0,0,6
SAL20451,0,0,0,0,0,0,0,0,0,0,0,3,0,0,0,0,0,0,0,11,0,0,16,3,0,6,3,5,0,35,0,0,0,0,0,0,0,0,0,0,0,0,0,0,0,0,0,0,0,0,0,0,0,0,0,0,0,0,0,0,0,0,3,0,0,0,0,0,0,3,9,12,22,8,0,5,3,3,0,59
SAL20452,0,0,0,0,0,0,0,0,0,0,0,0,0,0,0,0,0,0,0,0,0,0,0,0,0,0,0,0,0,0,0,0,0,0,0,0,0,0,0,0,0,0,0,0,0,0,0,0,0,0,0,0,0,0,0,0,0,0,0,0,0,0,0,0,0,0,0,0,0,0,0,0,0,0,0,0,0,0,0,0
SAL20453,105,124,38,38,71,53,8,14,8,465,104,91,52,80,92,49,15,13,9,506,104,55,158,72,71,55,16,38,13,583,9,0,6,6,10,8,5,8,0,53,24,13,11,14,33,19,3,5,0,108,9,17,0,7,8,0,0,4,0,51,12,35,7,8,17,9,3,3,18,116,2018,4186,438,508,967,478,84,160,138,8967
SAL20454,6,0,0,0,0,0,0,0,0,4,3,4,0,3,7,0,0,0,0,10,3,0,9,6,10,0,7,4,0,42,0,0,0,0,0,0,0,0,0,0,6,0,0,0,4,0,0,0,0,7,0,0,0,0,0,0,0,0,0,0,0,0,0,0,0,0,0,0,0,0,17,15,18,9,16,5,8,5,0,96
SAL20455,3,0,0,11,5,6,5,6,0,47,7,8,20,35,28,15,9,11,4,137,13,8,100,32,23,9,21,17,3,231,0,0,3,0,0,0,7,4,0,21,4,0,4,4,5,5,8,8,0,33,0,0,0,3,0,0,4,0,0,14,0,6,4,4,6,7,3,9,0,41,71,134,151,127,122,67,66,70,23,827
SAL20456,3,0,0,0,0,0,0,0,0,3,0,0,0,0,0,0,0,0,0,0,0,0,0,0,0,0,0,0,0,0,0,0,0,0,0,0,0,0,0,0,0,0,0,0,0,0,0,0,0,0,0,0,0,0,0,0,0,0,0,0,0,0,0,0,0,0,0,0,0,0,3,0,0,0,0,0,0,0,0,3
SAL20457,8,10,0,8,3,0,3,0,0,34,7,8,13,23,6,0,0,4,0,67,18,3,88,41,25,8,21,23,3,234,8,0,0,0,4,0,0,0,0,11,4,0,0,0,0,0,0,0,0,9,0,0,0,0,0,0,0,0,0,0,0,0,0,0,0,0,0,4,3,12,78,212,117,104,61,23,30,33,6,667
SAL20458,0,0,0,0,0,0,0,0,0,0,0,0,0,0,0,0,0,0,0,4,0,0,4,0,0,0,0,0,0,3,0,0,0,0,0,0,0,0,0,0,0,0,0,0,0,0,0,0,0,4,0,0,0,0,0,0,0,0,0,0,0,0,0,0,0,0,0,0,0,0,3,0,0,3,0,0,0,0,0,15
SAL20459,0,0,0,0,0,0,0,0,0,0,0,0,0,0,0,0,0,0,0,0,0,0,0,0,0,0,0,3,0,5,0,0,0,0,0,0,0,0,0,0,0,0,0,0,0,0,0,0,0,0,0,0,0,0,0,0,0,0,0,0,0,0,0,0,0,0,0,0,0,0,0,0,0,0,3,0,0,3,0,13
SAL20460,8,11,4,4,0,4,0,5,0,39,5,16,5,20,6,3,0,3,0,66,46,22,129,56,35,27,32,49,8,403,0,0,0,6,0,3,0,5,0,18,0,0,3,4,5,5,0,6,0,21,0,3,0,0,0,0,0,0,0,4,6,8,4,4,4,5,0,3,5,39,102,238,163,121,74,49,40,79,17,877
SAL20461,11,15,11,11,6,8,0,5,3,72,19,19,17,46,31,5,0,10,0,148,36,15,137,89,65,38,32,42,0,450,3,0,7,9,5,4,0,3,0,30,0,0,0,8,4,5,0,5,0,24,0,4,0,4,0,0,0,0,0,10,0,6,5,0,0,3,0,0,0,17,135,426,201,229,185,88,53,81,20,1406
SAL20462,0,0,0,0,0,0,0,0,0,0,0,0,0,0,0,0,0,0,0,0,0,0,0,0,0,0,0,0,0,0,0,0,0,0,0,0,0,0,0,0,0,0,0,0,0,0,0,0,0,0,0,0,0,0,0,0,0,0,0,0,0,0,0,0,0,0,0,0,0,0,0,0,0,0,0,0,0,0,0,0
SAL20463,0,0,0,0,0,0,0,0,0,0,0,0,0,0,0,0,0,0,0,0,7,0,0,0,0,0,0,0,0,10,0,0,0,0,0,0,0,0,0,0,0,0,0,0,0,0,0,0,0,0,0,0,0,0,0,0,0,0,0,0,0,0,0,0,0,0,0,0,0,5,6,9,0,0,4,0,0,0,0,22
SAL20464,0,0,0,5,0,0,0,0,0,3,0,0,0,0,0,0,0,0,0,5,0,0,3,3,5,0,4,3,0,16,3,0,0,0,0,0,0,0,0,9,0,0,0,0,0,0,0,0,0,0,0,0,0,0,0,0,0,0,0,0,0,0,0,0,0,0,0,0,0,0,0,7,8,11,0,0,3,5,0,41
SAL20465,4,0,0,0,0,0,0,0,0,4,0,0,0,0,0,0,0,0,0,0,0,0,0,0,0,0,0,0,0,4,0,0,0,0,0,0,0,0,0,0,0,0,0,0,0,0,0,0,0,0,0,0,0,0,0,0,0,0,0,0,0,0,0,0,0,0,0,0,0,0,5,0,0,0,0,0,0,0,0,3
SAL20466,0,0,0,4,3,4,0,5,0,20,0,0,9,6,3,3,0,3,0,20,9,0,40,9,7,3,15,14,4,98,0,0,0,0,4,0,0,0,0,6,0,0,0,0,3,0,0,0,0,12,0,0,0,0,0,0,0,0,0,0,0,0,4,0,0,0,0,4,0,10,19,27,56,20,25,9,14,21,6,212
SAL20467,0,0,0,0,0,0,0,0,0,0,0,0,0,0,0,0,0,0,0,0,0,0,4,0,0,0,0,0,0,3,0,0,0,0,0,0,0,0,0,0,0,0,0,0,0,0,0,0,0,0,0,0,0,0,0,0,0,0,0,0,0,0,0,0,0,0,0,0,0,0,3,4,4,0,0,0,0,0,0,15
SAL20468,45,36,11,10,27,4,0,3,0,144,36,19,8,16,30,7,0,0,0,118,43,17,50,25,30,10,6,12,3,180,0,6,3,3,3,3,0,0,0,21,15,6,0,4,5,6,0,0,0,35,3,11,0,4,6,0,0,0,0,29,4,7,0,0,4,4,0,0,5,31,765,1426,125,137,319,127,17,43,46,3007
SAL20469,0,5,0,0,0,0,0,0,0,3,0,0,0,4,0,0,0,0,0,5,3,0,13,0,0,0,0,0,0,23,0,0,0,0,0,0,0,0,0,0,0,0,0,0,0,0,0,0,0,0,0,0,0,0,0,0,0,0,0,0,0,0,0,0,0,0,0,0,0,3,14,18,12,11,3,4,6,4,0,60
SAL20470,0,0,0,0,0,0,0,0,0,0,0,0,0,0,0,0,0,0,0,3,3,0,6,0,0,0,3,0,0,17,0,0,0,0,0,0,0,0,0,0,0,0,0,0,0,0,0,0,0,0,0,0,0,0,0,0,0,0,0,0,0,0,0,0,0,0,0,0,0,0,3,3,3,6,3,0,5,3,0,30
SAL20471,0,0,0,0,0,0,0,0,0,0,0,0,0,0,0,0,0,0,0,0,0,0,0,0,0,0,0,0,0,0,0,0,0,0,0,0,0,0,0,0,0,0,0,0,0,0,0,0,0,0,0,0,0,0,0,0,0,0,0,0,0,0,0,0,0,0,0,0,0,0,0,3,0,0,0,0,0,0,0,3
SAL20472,0,0,0,0,0,0,0,0,0,0,0,0,0,0,0,0,0,0,0,0,0,0,0,0,0,0,0,0,0,0,0,0,0,0,0,0,0,0,0,0,0,0,0,0,0,0,0,0,0,0,0,0,0,0,0,0,0,0,0,0,0,0,0,0,0,0,0,0,0,0,3,4,0,0,0,0,0,3,0,11
SAL20473,3,7,4,0,4,5,0,0,0,19,4,4,4,12,9,3,0,0,0,41,19,7,43,13,14,5,4,11,0,119,0,5,0,0,0,0,0,0,0,6,0,0,3,0,0,0,0,0,0,6,0,0,0,0,0,0,0,0,0,0,0,0,0,4,0,0,0,4,0,7,53,105,56,45,44,23,4,22,6,365
SAL20474,5,5,0,0,0,0,0,0,0,16,3,5,4,3,3,0,0,0,0,22,11,6,28,3,0,6,0,10,3,66,0,0,0,0,0,0,0,0,0,0,0,0,0,0,0,5,0,0,0,4,0,0,0,0,0,0,0,0,0,0,0,4,0,0,4,0,0,0,0,5,52,60,34,7,14,14,0,9,3,197
SAL20475,3,7,9,11,4,0,0,4,0,31,10,17,4,23,18,12,0,4,0,97,44,10,111,25,15,11,6,29,5,259,0,0,3,4,3,0,0,0,0,17,0,0,0,0,5,5,0,0,0,13,4,0,0,0,0,0,0,0,0,7,0,5,7,0,3,3,0,4,5,20,109,215,145,96,68,44,17,56,14,766
SAL20476,16,13,8,12,4,5,6,5,0,71,28,18,13,42,19,12,4,14,4,152,32,8,177,66,43,29,20,49,4,436,0,0,4,0,0,6,0,7,0,18,5,4,4,0,5,3,5,0,0,24,0,0,0,0,4,0,0,0,0,10,5,3,4,4,3,4,3,6,3,37,131,203,223,172,95,74,38,96,27,1053
SAL20477,0,0,0,0,0,0,0,0,0,4,0,0,0,0,0,0,0,0,0,0,5,0,0,0,0,0,0,0,0,0,0,0,0,0,0,0,0,0,0,0,0,0,0,0,0,0,0,0,0,0,0,0,0,0,0,0,0,0,0,0,0,0,0,0,0,0,0,0,0,0,3,4,0,0,0,0,0,5,0,11
SAL20478,0,0,0,0,0,0,0,0,0,0,4,0,0,0,0,0,0,0,0,3,0,0,3,0,0,0,0,0,0,10,0,0,0,0,0,0,0,0,0,0,0,0,0,0,0,0,0,0,0,0,0,0,0,0,0,0,0,0,0,0,0,0,0,0,0,0,0,0,0,0,8,0,3,3,0,0,0,3,0,13
SAL20479,0,0,0,0,0,0,0,0,0,0,0,0,0,0,0,0,0,0,0,0,0,0,0,0,0,0,0,0,0,0,0,0,0,0,0,0,0,0,0,0,0,0,0,0,0,0,0,0,0,0,0,0,0,0,0,0,0,0,0,0,0,0,0,0,0,0,0,0,0,0,0,0,0,0,0,0,0,0,0,0
SAL20480,6,0,0,0,0,0,0,0,0,5,11,0,0,0,0,0,0,0,0,13,13,0,3,0,0,0,3,6,0,23,0,0,0,0,0,0,0,6,0,3,0,0,0,0,0,0,0,0,0,0,0,0,0,0,0,0,0,0,0,0,4,0,0,0,0,0,0,0,0,6,35,14,4,0,3,0,0,5,0,70
SAL20481,0,0,0,0,0,0,0,0,0,0,0,0,0,0,0,0,0,0,0,0,4,0,0,0,0,0,0,4,0,12,0,0,0,0,0,0,0,0,0,0,0,0,0,0,0,0,0,0,0,0,0,0,0,0,0,0,0,0,0,0,0,0,0,0,0,0,0,0,0,0,4,0,5,3,0,0,0,0,0,20
SAL20482,0,0,0,0,0,0,0,0,0,0,0,0,0,0,0,0,0,0,0,0,0,0,0,0,0,0,0,0,0,4,0,0,0,0,0,0,0,0,0,0,0,0,0,0,0,0,0,0,0,0,0,0,0,0,0,0,0,0,0,0,0,0,0,0,0,0,0,0,0,0,7,0,0,0,0,0,0,0,0,8
SAL20483,0,0,0,0,0,0,0,0,0,6,0,0,0,0,0,0,0,0,0,3,3,0,0,0,0,0,0,4,0,9,0,0,0,0,0,0,0,0,0,0,0,0,0,0,0,0,0,0,0,0,0,0,0,0,0,0,0,0,0,0,0,0,0,0,0,0,0,0,0,0,8,3,6,0,6,0,0,3,0,22
SAL20484,0,0,0,0,0,0,0,0,0,0,0,0,0,3,0,0,0,0,0,8,11,0,3,0,0,4,0,4,0,17,0,0,0,0,0,0,0,0,0,3,0,0,0,0,0,0,0,0,0,0,0,0,0,0,0,0,0,0,0,0,0,0,0,0,0,0,0,0,4,4,12,4,9,4,0,4,0,6,4,35
SAL20485,6,7,4,0,0,0,0,0,0,25,11,4,0,13,15,0,0,0,0,44,31,6,52,15,21,10,3,12,0,159,0,0,0,0,0,0,0,0,0,7,0,0,0,0,4,0,0,0,0,3,0,0,0,0,0,0,0,0,0,0,0,0,0,0,0,0,0,0,0,7,70,118,60,37,51,11,14,22,9,387
SAL20486,3,3,0,5,4,3,0,0,0,14,11,8,3,9,15,0,0,4,0,53,12,5,62,26,21,7,14,11,0,159,0,0,0,0,0,0,0,0,0,6,4,0,0,0,0,0,0,0,0,4,0,0,0,0,0,0,0,0,0,0,0,4,0,0,0,0,0,0,0,3,40,77,68,56,57,17,13,16,0,346
SAL20487,7,4,0,0,0,0,0,0,0,9,3,4,0,0,0,0,0,0,0,11,4,7,13,5,3,0,8,8,0,44,0,0,0,0,0,4,0,0,0,6,0,0,0,0,0,3,0,3,0,3,0,0,0,0,0,0,0,0,0,0,0,0,0,0,0,0,0,0,0,5,16,31,20,8,12,5,3,7,7,108
SAL20488,3,0,5,0,3,3,4,0,0,16,0,6,0,4,4,0,0,0,0,17,18,0,43,14,4,12,12,11,3,123,0,0,0,0,0,0,0,0,0,8,0,0,0,0,3,0,0,0,0,7,0,0,0,0,0,0,0,0,0,0,0,0,0,0,0,0,0,4,0,10,38,44,48,30,16,13,17,20,5,231
SAL20489,0,0,0,0,0,0,0,0,0,0,0,0,0,0,0,0,0,0,0,4,0,0,0,0,0,0,0,0,0,3,0,0,0,0,0,0,0,0,0,0,0,0,0,0,0,0,0,0,0,0,0,0,0,0,0,0,0,0,0,0,0,0,0,0,0,0,0,0,0,0,0,4,3,0,0,0,0,0,0,12
SAL20490,0,0,0,0,0,0,0,0,0,0,0,0,0,0,0,0,0,0,0,0,0,0,0,0,0,0,0,0,0,4,0,0,0,0,0,0,0,0,0,0,0,0,0,0,0,0,0,0,0,0,0,0,0,0,0,0,0,0,0,0,0,0,0,0,0,0,0,0,0,0,4,0,0,0,0,0,0,0,0,8
SAL20491,0,0,0,0,0,0,0,0,0,0,0,0,0,0,0,0,0,0,0,0,0,0,4,0,0,0,0,0,0,3,0,0,0,0,0,0,0,0,0,0,0,0,0,0,0,0,0,0,0,0,0,0,0,0,0,0,0,0,0,0,0,0,0,0,0,0,0,0,0,0,0,0,4,0,0,0,0,0,0,7
SAL20492,6,3,0,3,5,0,0,0,0,24,8,8,6,18,9,0,0,0,0,42,12,0,54,26,11,9,19,11,4,146,3,0,0,0,0,0,0,0,0,8,0,0,0,5,0,0,0,0,0,5,0,0,0,0,0,0,0,0,0,0,0,5,0,4,0,0,0,0,0,9,46,48,62,62,34,14,22,17,4,309
SAL20493,7,0,0,0,0,0,0,0,0,8,0,0,0,0,0,0,0,0,0,0,0,0,3,0,0,0,3,6,0,14,0,0,0,0,0,0,0,0,0,0,0,0,0,0,0,0,0,0,0,0,0,0,0,0,0,0,0,0,0,0,0,0,0,0,0,0,0,0,0,0,6,5,6,5,5,0,3,5,0,34
SAL20494,4,4,0,4,3,0,0,0,0,13,8,0,5,3,0,0,0,0,0,19,4,5,17,4,6,0,8,7,0,54,0,0,0,0,0,0,0,0,0,0,0,0,0,0,0,0,0,0,0,3,0,0,0,0,0,0,0,0,0,0,0,0,0,0,0,0,0,0,0,8,41,30,19,17,15,6,10,10,7,148
SAL20495,32,44,36,35,24,18,8,7,3,208,29,53,73,108,41,39,26,34,10,413,33,40,118,92,38,34,17,52,9,423,6,0,0,15,10,11,3,4,0,49,10,7,6,15,3,6,5,6,4,52,12,18,3,13,3,0,9,6,0,64,14,15,7,17,6,6,4,11,23,92,711,3282,482,726,659,373,163,299,110,6808
SAL20496,16,43,18,11,11,6,3,8,0,124,27,36,27,30,23,11,0,13,3,158,25,17,76,44,20,16,5,5,9,213,0,0,0,0,5,0,0,0,0,6,5,4,4,9,4,6,0,0,0,27,5,15,0,0,0,0,0,0,0,28,5,11,0,8,0,4,0,0,12,39,525,1892,211,239,299,132,25,44,65,3435
SAL20497,0,0,0,0,0,0,0,0,0,0,0,0,0,0,0,0,0,0,0,4,0,0,3,0,0,0,0,0,0,8,0,0,0,0,0,0,0,0,0,0,0,0,0,0,0,0,0,0,0,0,0,0,0,0,0,0,0,0,0,0,0,0,0,0,0,0,0,0,0,0,4,10,3,3,0,0,0,0,0,28
SAL20498,59,83,51,46,68,24,10,15,0,357,97,96,93,98,93,58,22,43,9,608,80,65,293,127,86,63,34,57,10,817,8,5,8,4,12,13,0,3,0,58,17,16,17,13,29,12,3,12,0,115,13,26,7,4,7,3,4,6,0,70,13,24,12,10,13,4,11,7,38,133,1327,3626,718,679,978,471,194,321,156,8463
SAL20499,0,0,0,0,0,0,0,0,0,3,5,0,0,0,0,0,0,0,0,11,7,3,6,6,0,0,3,5,0,30,0,0,0,0,0,0,0,0,0,0,0,0,0,0,0,0,0,0,0,0,0,0,0,0,0,0,0,0,0,0,0,0,0,0,0,0,0,0,0,0,16,15,9,12,4,0,4,4,3,65
SAL20500,81,86,64,72,109,34,33,30,3,501,162,128,103,215,176,78,63,49,14,977,177,76,643,260,210,105,160,165,42,1842,9,0,14,23,27,24,14,14,6,145,19,23,30,38,63,26,16,23,7,248,7,15,8,7,8,5,8,5,0,62,20,26,20,24,32,15,16,17,31,199,1173,2408,1080,998,1178,481,453,407,170,8346
SAL20501,0,0,0,0,0,0,0,0,0,0,0,0,0,0,0,0,0,0,0,0,5,0,0,4,0,0,0,0,0,9,0,0,0,0,0,0,0,0,0,0,0,0,0,0,0,0,0,0,0,0,0,0,0,0,0,0,0,0,0,0,0,0,0,0,0,0,0,0,0,0,10,7,0,4,3,0,0,0,0,21
SAL20502,0,0,0,0,0,0,0,0,0,0,0,0,0,0,0,0,0,0,0,0,0,0,5,0,0,0,0,0,0,11,0,0,0,0,0,0,0,0,0,0,0,0,0,0,0,0,0,0,0,0,0,0,0,0,0,0,0,0,0,0,0,0,0,0,0,0,0,0,0,0,7,6,5,0,0,0,0,0,0,25
SAL20503,0,0,0,3,0,0,0,0,0,3,0,0,0,0,0,0,0,0,0,3,3,0,3,5,0,0,0,3,0,15,0,0,0,0,0,0,0,0,0,0,0,0,0,0,0,0,0,0,0,0,0,0,0,0,0,0,0,0,0,0,0,0,0,0,0,0,0,0,0,0,4,3,3,7,0,0,0,3,0,25
SAL20504,0,0,0,0,0,0,0,0,0,0,0,0,0,0,0,0,0,0,0,0,0,0,5,0,0,3,0,0,0,12,0,0,0,0,0,0,0,0,0,0,0,0,0,0,0,0,0,0,0,0,0,0,0,0,0,0,0,0,0,0,0,0,0,0,0,0,0,0,0,0,3,0,5,0,0,3,0,3,0,14
SAL20505,0,0,0,0,0,0,0,0,0,0,0,0,0,0,0,0,0,0,0,0,3,0,0,0,0,0,0,0,0,7,0,0,0,0,0,0,0,0,0,0,0,0,0,0,0,0,0,0,0,0,0,0,0,0,0,0,0,0,0,0,0,0,0,0,0,0,0,0,0,0,6,4,6,0,0,0,0,0,0,14
SAL20506,0,0,0,0,0,0,0,0,0,0,0,0,0,0,0,0,0,0,0,0,0,0,0,0,0,0,0,0,0,0,0,0,0,0,0,0,0,0,0,0,0,0,0,0,0,0,0,0,0,0,0,0,0,0,0,0,0,0,0,0,0,0,0,0,0,0,0,0,0,0,3,0,0,0,0,0,0,0,0,3
SAL20507,14,28,13,23,20,4,0,0,3,107,23,39,15,46,32,22,5,5,0,192,66,29,233,48,49,29,31,26,7,516,0,0,4,0,4,0,0,0,0,23,3,4,5,9,14,3,6,0,0,42,4,5,6,0,0,0,0,0,0,17,3,8,6,7,3,0,0,0,6,36,229,516,301,194,192,89,51,51,25,1643
SAL20508,57,63,58,70,78,27,22,28,12,405,125,133,102,291,188,75,49,70,18,1045,263,123,1186,404,323,182,241,312,49,3078,10,8,19,25,34,29,12,16,4,153,24,15,18,55,40,17,20,30,4,226,4,9,10,5,5,4,12,8,0,55,18,18,32,35,22,15,21,28,29,219,736,1410,1535,1122,939,442,443,569,147,7344
SAL20509,0,0,0,0,0,0,0,0,0,0,0,0,0,0,0,0,0,0,0,4,6,0,0,0,0,0,0,0,0,6,0,0,0,0,0,0,0,0,0,0,0,0,0,0,0,0,0,0,0,0,0,0,0,0,0,0,0,0,0,0,0,0,0,0,0,0,0,0,0,0,7,0,0,0,0,0,0,0,0,17
SAL20510,0,0,0,0,0,0,0,0,0,5,0,0,0,0,0,0,0,0,0,5,12,0,11,0,4,0,3,0,0,34,0,0,0,0,0,0,0,0,0,0,0,0,0,0,0,0,0,0,0,0,0,0,0,0,0,0,0,0,0,0,0,0,0,0,0,0,0,0,0,0,16,18,10,7,3,0,0,4,3,66
SAL20511,0,0,0,0,0,0,0,0,0,0,0,0,0,0,0,0,0,0,0,0,0,0,0,0,0,0,0,0,0,0,0,0,0,0,0,0,0,0,0,0,0,0,0,0,0,0,0,0,0,0,0,0,0,0,0,0,0,0,0,0,0,0,0,0,0,0,0,0,0,6,0,0,5,0,0,0,0,0,0,7
SAL20512,0,0,0,0,0,0,0,0,0,6,0,3,0,0,0,0,0,0,0,8,13,0,18,8,7,3,0,5,0,51,0,0,0,0,0,0,0,0,0,0,0,0,0,0,0,0,0,0,0,6,0,0,0,0,0,0,0,0,0,0,0,0,0,0,0,0,0,0,0,6,19,25,20,10,16,8,4,8,6,105
SAL20513,9,6,0,0,6,0,0,0,0,19,5,0,0,16,3,0,0,4,0,34,16,5,45,31,18,13,20,29,3,177,0,0,0,5,0,6,0,3,0,13,0,0,0,3,0,5,0,0,0,8,0,0,0,0,0,0,0,0,0,0,0,4,0,0,0,0,0,4,3,11,47,74,55,71,33,18,20,42,4,367
SAL20514,0,0,0,0,0,0,0,0,0,0,0,0,0,0,0,0,0,0,0,0,3,0,4,0,0,0,0,6,0,16,0,0,0,0,0,0,0,0,0,0,0,0,0,0,0,0,0,0,0,0,0,0,0,0,0,0,0,0,0,0,0,0,0,0,0,0,0,0,0,0,4,12,4,6,0,0,0,3,0,34
SAL20515,3,4,0,0,0,0,0,0,0,10,0,0,0,0,0,0,0,0,0,0,3,3,0,3,0,3,0,0,0,20,0,0,0,0,0,0,0,0,0,0,0,0,0,0,0,0,0,0,0,5,0,0,0,0,0,0,0,0,0,0,0,0,0,0,0,0,0,0,0,0,5,14,9,4,0,3,0,0,0,37
SAL20516,17,36,12,22,19,11,0,10,4,138,36,45,19,41,27,13,6,10,0,185,35,32,131,48,42,21,22,45,7,373,0,0,5,7,5,3,0,10,0,28,9,3,9,8,5,4,0,3,0,34,0,0,0,3,3,0,0,0,0,12,6,5,8,5,0,4,4,6,4,45,278,901,250,239,189,86,39,104,33,2119
SAL20517,0,0,0,0,0,0,0,0,0,5,0,0,0,6,5,0,0,0,0,11,12,0,20,6,3,0,3,3,0,49,0,0,0,0,0,0,0,0,0,0,0,0,0,0,0,0,0,0,0,5,0,0,0,0,0,0,0,0,0,0,0,0,0,0,0,0,3,0,0,3,24,9,20,13,9,0,6,5,0,84
SAL20518,5,0,0,0,0,0,0,0,0,3,0,0,0,0,0,0,0,0,0,3,0,0,7,6,0,0,0,0,0,17,0,0,0,0,0,0,0,0,0,0,0,0,0,3,0,0,0,0,0,3,0,0,0,0,0,0,0,0,0,0,0,0,0,0,0,0,0,0,0,0,3,9,7,11,4,0,0,0,0,32
SAL20519,0,0,0,0,0,0,0,0,0,0,0,0,0,0,0,0,0,0,0,0,0,0,0,0,0,0,0,0,0,4,0,0,0,0,0,0,0,0,0,0,0,0,0,0,0,0,0,0,0,0,0,0,0,0,0,0,0,0,0,0,0,0,0,0,0,0,0,0,0,0,4,0,0,0,0,0,0,6,0,8
SAL20520,0,0,0,0,0,0,0,0,0,0,0,0,0,0,0,0,0,0,0,0,0,0,0,0,0,0,0,0,0,3,0,0,0,0,0,0,0,0,0,0,0,0,0,0,0,0,0,0,0,0,0,0,0,0,0,0,0,0,0,0,0,0,0,0,0,0,0,0,0,0,3,0,0,0,0,0,0,0,0,9
SAL20521,33,28,15,22,15,14,6,4,4,134,33,25,14,25,27,17,5,9,0,161,31,13,51,28,23,11,10,17,5,185,0,0,0,10,0,0,0,0,0,10,0,7,3,0,9,7,0,0,4,37,8,10,0,5,0,3,0,0,0,27,9,7,11,10,6,0,0,0,0,48,427,1023,141,198,255,146,40,59,47,2335
SAL20522,0,5,3,0,5,5,3,5,0,27,6,5,4,14,6,3,5,4,0,45,10,3,32,8,5,8,4,8,0,77,0,0,0,0,0,0,0,0,0,4,0,0,0,0,0,0,0,0,0,4,0,0,0,0,5,0,0,0,0,6,6,0,0,3,0,3,0,0,3,17,103,219,61,58,59,34,12,36,9,590
SAL20523,72,105,31,40,53,31,5,18,7,363,74,89,42,96,76,42,10,16,7,447,92,49,162,86,61,49,16,33,11,560,7,8,7,6,3,6,0,5,0,49,15,17,7,16,22,15,6,8,0,97,7,27,3,0,3,9,0,4,5,64,16,44,5,17,13,8,3,3,29,143,1432,3500,421,547,744,398,86,168,161,7455
SAL20524,58,81,20,25,55,22,0,7,7,274,68,77,40,63,60,34,5,6,4,360,74,33,174,57,45,32,19,33,5,461,3,3,5,3,12,4,0,3,0,34,25,19,8,16,22,9,0,12,0,110,5,24,0,3,4,0,0,0,0,42,24,26,4,16,18,8,3,5,24,129,1105,2326,345,351,541,263,54,117,85,5195
SAL20525,0,0,0,0,0,0,0,0,0,5,0,0,0,0,0,0,0,0,0,0,5,0,0,0,0,0,0,7,0,5,0,0,0,0,0,0,0,0,0,0,0,0,0,0,0,0,0,0,0,0,0,0,0,0,0,0,0,0,0,0,0,0,0,0,0,0,0,0,0,0,8,3,0,0,5,0,0,7,0,24
SAL20526,6,3,0,0,0,0,0,0,0,11,4,0,0,0,3,3,0,0,0,14,19,0,3,7,0,4,0,6,0,32,0,0,0,0,0,0,0,0,0,0,0,0,0,0,0,0,0,0,0,4,0,0,0,0,0,0,0,0,0,0,3,0,0,0,0,0,0,0,0,9,45,22,10,9,6,5,0,7,0,114
SAL20527,0,0,0,0,0,0,0,0,0,3,0,0,0,4,0,0,0,0,0,6,5,3,10,0,0,0,0,5,0,22,0,0,0,0,0,0,0,0,0,0,0,0,0,0,0,0,0,0,0,0,0,0,0,0,0,0,0,0,0,0,0,0,0,0,0,0,0,0,0,0,21,53,6,5,11,5,4,5,0,110
SAL20528,27,51,23,23,33,6,14,8,3,197,48,57,40,74,56,34,15,31,0,358,56,35,188,71,57,38,11,44,0,503,0,0,6,6,5,3,0,3,0,28,10,7,8,14,10,0,0,10,0,49,5,11,3,7,3,3,0,0,0,42,10,9,11,6,4,4,4,6,17,67,585,1556,416,395,492,265,101,187,75,4076
SAL20529,0,0,0,0,0,0,0,0,0,0,0,0,0,0,0,0,0,0,0,0,0,0,0,0,0,0,0,0,0,0,0,0,0,0,0,0,0,0,0,0,0,0,0,0,0,0,0,0,0,0,0,0,0,0,0,0,0,0,0,0,0,0,0,0,0,0,0,0,0,0,0,0,0,0,0,0,0,0,0,0
SAL20530,0,0,0,0,0,0,0,0,0,0,0,0,0,0,0,0,0,0,0,0,0,0,0,0,0,0,0,0,0,0,0,0,0,0,0,0,0,0,0,0,0,0,0,0,0,0,0,0,0,0,0,0,0,0,0,0,0,0,0,0,0,0,0,0,0,0,0,0,0,0,0,0,0,0,0,0,0,0,0,0
SAL20531,0,0,0,0,0,0,0,0,0,0,0,0,0,0,0,0,0,0,0,0,0,0,0,0,0,0,0,0,0,9,0,0,0,0,0,0,0,0,0,0,0,0,0,0,0,0,0,0,0,0,0,0,0,0,0,0,0,0,0,0,0,0,0,0,0,0,0,0,0,0,3,4,0,0,0,0,0,0,0,8
SAL20532,0,0,0,0,0,0,0,0,0,0,0,0,0,0,0,0,0,0,0,0,0,0,0,0,0,0,0,0,0,4,0,0,0,0,0,0,0,0,0,0,0,0,0,0,0,0,0,0,0,0,0,0,0,0,0,0,0,0,0,0,0,0,0,0,0,0,0,0,0,0,6,0,0,0,0,0,0,0,0,9
SAL20533,0,10,10,16,5,0,0,0,0,45,15,27,18,55,27,10,3,3,0,160,31,13,158,64,44,25,10,31,5,381,0,0,6,0,0,3,0,0,0,18,0,0,4,9,5,4,0,0,0,19,0,0,0,0,0,0,0,0,0,3,0,4,4,4,0,0,0,0,4,18,96,356,221,219,133,66,32,64,13,1194
SAL20534,0,0,0,0,0,0,0,0,0,0,5,0,0,0,0,0,0,0,0,6,4,4,5,0,0,0,0,0,0,18,0,0,0,0,0,0,0,0,0,0,3,0,0,0,0,0,0,0,0,3,0,0,0,0,0,0,0,0,0,0,0,0,0,0,0,0,0,0,0,0,13,8,5,3,0,0,0,4,0,30
SAL20535,3,9,0,4,5,0,0,0,0,24,4,7,0,5,0,0,0,0,0,15,23,0,29,14,10,10,10,17,0,123,0,0,0,4,3,0,0,0,0,6,0,0,0,0,0,0,0,0,0,3,0,0,0,0,0,0,0,0,0,0,3,0,7,4,0,0,0,0,0,13,51,51,39,36,21,16,10,26,0,256
SAL20536,0,0,0,0,0,0,0,0,0,0,0,0,0,0,0,0,0,0,0,4,0,0,0,0,0,0,0,0,0,0,0,0,0,0,0,0,0,0,0,0,0,0,0,0,0,0,0,0,0,0,0,0,0,0,0,0,0,0,0,0,0,0,0,0,0,0,0,0,0,0,10,5,0,0,0,0,0,0,0,19
SAL20537,42,30,20,23,34,14,4,8,4,171,53,57,49,78,76,32,11,26,3,381,72,39,340,97,91,47,33,52,10,779,7,7,3,8,5,7,0,8,0,42,15,9,7,17,15,15,5,3,0,84,3,4,4,0,3,0,0,4,3,19,4,11,3,12,8,6,3,0,11,56,488,1137,475,361,423,149,65,121,41,3265
SAL20538,21,24,7,28,19,6,5,7,3,121,44,38,32,46,57,18,3,14,6,244,48,36,271,72,58,33,44,40,8,598,3,5,3,3,7,6,0,0,0,30,3,0,0,8,21,9,0,0,0,47,0,6,0,0,0,0,0,0,0,11,0,8,4,6,5,0,4,0,4,36,249,556,341,222,250,101,68,76,34,1895
SAL20539,130,148,71,98,115,37,8,16,6,627,163,135,112,153,182,94,30,35,19,923,195,91,640,203,188,109,70,102,23,1637,10,9,19,14,33,14,5,12,0,112,33,32,13,32,33,27,6,17,0,198,19,19,12,4,9,6,6,0,0,78,16,23,18,13,24,8,0,13,22,149,1676,3347,1120,891,1178,556,189,293,138,9390
SAL20540,0,0,0,0,0,0,0,0,0,0,0,0,0,0,0,0,0,0,0,0,4,0,0,0,0,0,0,0,0,6,0,0,0,0,0,0,0,0,0,0,0,0,0,0,0,0,0,0,0,0,0,0,0,0,0,0,0,0,0,0,4,0,0,0,0,0,0,0,0,4,7,7,4,0,0,0,0,0,0,20
SAL20541,0,0,0,0,0,0,0,0,0,0,0,0,0,0,0,0,0,0,0,0,0,0,0,0,0,0,0,0,0,6,0,0,0,0,0,0,0,0,0,0,0,0,0,0,0,0,0,0,0,0,0,0,0,0,0,0,0,0,0,0,0,0,0,0,0,0,0,0,0,0,10,10,0,3,0,0,0,4,0,24
SAL20542,0,0,0,0,0,0,0,0,0,0,0,0,0,0,0,0,0,0,0,0,0,0,0,0,0,0,0,0,0,0,0,0,0,0,0,0,0,0,0,0,0,0,0,0,0,0,0,0,0,0,0,0,0,0,0,0,0,0,0,0,0,0,0,0,0,0,0,0,0,0,0,0,0,0,0,0,0,0,0,0
SAL20543,9,0,0,0,0,0,0,0,0,13,0,0,0,0,0,0,0,4,0,5,3,0,5,4,4,0,3,4,0,20,0,0,0,0,0,0,0,0,0,0,0,0,0,0,0,0,0,0,0,0,0,0,0,0,0,0,0,0,0,0,0,0,0,0,0,0,0,0,0,0,25,8,12,12,5,0,3,9,3,74
SAL20544,0,0,0,0,0,0,0,0,0,0,0,0,0,0,0,0,0,0,0,0,0,0,0,0,0,0,0,0,0,0,0,0,0,0,0,0,0,0,0,0,0,0,0,0,0,0,0,0,0,0,0,0,0,0,0,0,0,0,0,0,0,0,0,0,0,0,0,0,0,0,0,0,0,0,0,0,0,0,0,0
SAL20545,3,0,0,0,0,0,0,0,0,7,3,0,0,6,0,0,0,0,0,9,3,0,4,8,0,0,0,3,0,25,0,0,0,0,0,0,0,0,0,0,0,0,0,0,0,0,0,0,0,0,0,0,0,0,0,0,0,0,0,0,0,0,0,0,0,0,0,0,0,0,16,14,4,14,3,0,0,7,6,60
SAL20546,0,0,0,0,0,0,0,0,0,0,0,0,0,0,0,0,0,0,0,0,5,0,0,0,0,0,0,0,0,12,0,0,0,0,0,0,0,0,0,0,0,0,0,0,0,0,0,0,0,0,0,0,0,0,0,0,0,0,0,0,0,0,0,0,0,0,0,0,0,0,10,0,0,3,0,0,0,0,0,17
SAL20547,3,0,3,5,7,0,0,0,0,20,3,0,9,6,4,4,0,3,0,28,0,4,19,6,5,5,0,5,0,55,0,0,0,0,0,0,0,0,0,5,0,0,0,5,0,0,0,0,0,5,0,0,0,0,0,0,0,0,0,0,0,0,0,0,0,0,0,0,0,3,29,99,43,40,24,8,5,14,0,272
SAL20548,0,0,0,0,0,0,0,0,0,6,0,0,0,0,0,0,0,0,0,4,0,0,0,0,0,0,0,0,0,0,0,0,0,0,0,0,0,0,0,0,0,0,0,0,0,0,0,0,0,0,0,0,0,0,0,0,0,0,0,0,0,0,0,0,0,0,0,0,0,0,6,11,0,4,0,0,0,0,0,21
SAL20549,5,0,0,0,0,0,0,0,0,5,0,0,0,0,0,0,0,0,0,0,0,0,0,0,0,0,0,0,0,5,0,0,0,0,0,0,0,0,0,0,0,0,0,0,0,0,0,0,0,0,0,0,0,0,0,0,0,0,0,0,0,0,0,0,0,0,0,0,0,0,3,4,0,0,3,0,0,5,0,16
SAL20550,0,0,0,0,0,0,0,0,0,0,0,0,0,0,0,0,0,0,0,0,0,0,0,0,0,0,0,0,0,0,0,0,0,0,0,0,0,0,0,0,0,0,0,0,0,0,0,0,0,0,0,0,0,0,0,0,0,0,0,0,0,0,0,0,0,0,0,0,0,0,0,0,0,0,0,0,0,0,0,5
SAL20551,7,10,4,0,10,10,0,0,0,33,11,8,5,18,3,3,0,0,5,47,23,18,73,23,18,9,29,18,0,215,0,0,0,4,0,0,3,0,0,10,0,0,0,0,0,0,0,0,0,8,0,0,0,0,0,0,0,0,0,5,0,0,0,9,3,0,0,4,6,19,63,109,91,70,48,22,37,33,11,478
SAL20552,0,0,0,4,0,0,0,0,0,5,0,0,0,0,0,0,0,0,0,0,4,0,11,0,0,0,0,0,0,13,0,0,0,0,0,0,0,0,0,0,0,0,0,0,0,0,0,0,0,0,0,0,0,0,0,0,0,0,0,0,0,0,0,0,0,0,0,0,0,0,4,9,11,4,3,0,0,6,0,31
SAL20553,0,0,0,0,0,0,0,0,0,0,0,0,0,0,0,0,0,0,0,0,0,0,0,0,0,0,0,0,0,0,0,0,0,0,0,0,0,0,0,0,0,0,0,0,0,0,0,0,0,0,0,0,0,0,0,0,0,0,0,0,0,0,0,0,0,0,0,0,0,0,0,0,0,0,0,0,0,0,0,0
SAL20554,0,0,0,0,0,0,0,0,0,0,0,0,0,0,0,0,0,0,0,0,0,0,0,0,0,0,0,0,0,0,0,0,0,0,0,0,0,0,0,0,0,0,0,0,0,0,0,0,0,0,0,0,0,0,0,0,0,0,0,0,0,0,0,0,0,0,0,0,0,0,0,0,0,0,0,0,0,0,4,5
SAL20555,0,0,0,0,0,0,0,0,0,0,0,0,3,0,0,0,0,0,0,9,0,0,10,0,0,0,0,0,0,18,0,0,0,0,0,0,0,0,0,0,0,0,0,0,0,0,0,0,0,0,0,0,0,0,0,0,0,0,0,0,0,0,0,0,0,0,0,0,3,3,7,3,14,0,6,0,0,0,4,39
SAL20556,46,58,28,45,54,15,8,10,0,264,97,82,39,101,115,41,11,26,7,519,192,46,590,169,154,79,82,110,22,1443,11,3,0,16,15,10,6,9,6,72,14,7,17,15,20,9,3,7,0,100,7,7,4,0,3,4,0,0,0,24,8,18,14,9,9,11,0,10,17,95,664,1116,762,521,543,248,139,198,73,4262
SAL20557,0,0,0,0,0,0,0,0,0,0,0,0,0,0,0,0,0,0,0,0,0,0,0,0,0,0,0,0,0,0,0,0,0,0,0,0,0,0,0,0,0,0,0,0,0,0,0,0,0,0,0,0,0,0,0,0,0,0,0,0,0,0,0,0,0,0,0,0,0,0,0,0,0,0,0,0,0,0,0,0
SAL20558,0,0,0,0,0,0,0,0,0,0,0,0,0,0,0,0,0,0,0,0,0,0,0,4,0,0,0,0,0,7,0,0,0,0,0,0,0,0,0,0,0,0,0,0,0,0,0,0,0,0,0,0,0,0,0,0,0,0,0,0,0,0,0,0,0,0,0,0,0,6,7,4,0,6,0,0,0,0,0,19
SAL20559,0,0,0,6,0,0,0,0,0,11,0,0,0,4,3,0,0,0,0,8,9,3,19,5,7,3,4,4,0,49,0,0,0,0,0,0,0,0,0,0,0,0,0,0,0,0,0,0,0,0,0,0,0,0,0,0,0,0,0,0,0,0,0,0,0,0,0,4,0,3,33,37,22,14,15,4,0,5,0,140
SAL20560,7,4,0,4,8,0,0,0,0,23,12,8,6,12,3,0,0,0,0,45,15,5,55,19,6,3,9,24,0,147,0,0,0,0,0,0,0,3,0,10,3,0,0,3,3,0,0,0,0,12,0,0,0,4,0,0,0,0,0,3,0,0,0,0,0,0,0,4,0,9,48,81,71,49,31,11,12,36,8,355
SAL20561,8,8,7,12,10,4,4,0,0,49,23,20,17,46,25,17,6,4,0,147,44,19,168,94,48,32,59,60,9,539,0,3,0,9,3,10,3,3,0,30,10,0,3,6,5,0,5,0,0,29,0,0,0,0,0,0,0,0,0,0,4,4,0,11,0,5,7,4,0,33,123,253,211,211,115,75,85,93,14,1178
SAL20562,0,0,0,0,0,0,0,0,0,0,0,0,0,0,0,0,0,0,0,0,0,0,0,0,0,0,0,0,0,0,0,0,0,0,0,0,0,0,0,0,0,0,0,0,0,0,0,0,0,0,0,0,0,0,0,0,0,0,0,0,0,0,0,0,0,0,0,0,0,0,0,0,0,0,0,0,0,0,0,0
SAL20563,0,0,0,0,0,0,0,0,0,0,0,0,0,0,0,0,0,0,0,0,0,0,0,0,0,0,0,0,0,0,0,0,0,0,0,0,0,0,0,0,0,0,0,0,0,0,0,0,0,0,0,0,0,0,0,0,0,0,0,0,0,0,0,0,0,0,0,0,0,0,0,0,0,0,0,0,0,0,0,5
SAL20564,0,0,0,0,3,0,0,0,0,3,0,0,0,0,0,0,0,3,0,3,5,0,7,0,3,0,0,3,0,18,0,0,0,0,0,0,0,0,0,0,0,0,0,0,0,0,0,0,0,3,0,0,0,0,0,0,0,0,0,0,0,0,0,0,0,0,0,0,0,5,4,12,9,0,10,0,0,4,0,48
SAL20565,0,0,0,0,4,0,0,0,0,4,0,0,0,0,0,0,0,0,0,0,0,0,0,0,0,0,0,0,0,0,0,0,0,0,0,0,0,0,0,0,0,0,0,0,0,0,0,0,0,0,0,0,0,0,0,0,0,0,0,0,0,0,0,0,0,0,0,0,0,0,0,0,0,0,0,0,0,0,0,6
SAL20566,13,31,17,18,31,10,8,14,5,145,23,29,42,48,35,23,7,20,7,224,42,16,173,62,27,25,35,55,8,448,0,0,6,3,5,0,0,0,0,21,3,9,8,7,16,7,0,8,0,61,3,6,5,3,3,0,0,5,0,27,6,9,11,4,9,8,3,5,11,67,262,729,327,253,325,153,93,142,47,2331
SAL20567,0,0,0,3,0,0,0,0,0,7,0,3,0,6,0,0,0,0,0,8,0,0,13,0,5,3,5,10,0,32,0,0,0,0,0,0,0,0,0,7,0,0,0,0,0,0,0,0,0,0,0,0,0,0,0,0,0,0,0,6,0,0,0,0,0,0,0,0,0,0,12,24,17,5,7,5,5,12,0,83
SAL20568,0,0,0,0,0,0,0,0,0,0,0,0,0,0,0,0,0,0,0,0,6,0,0,0,3,0,0,0,0,11,0,0,0,0,0,0,0,0,0,0,0,0,0,0,0,0,0,0,0,0,0,0,0,0,0,0,0,0,0,0,0,0,0,0,0,0,0,0,0,0,12,4,0,0,3,0,0,0,0,21
SAL20569,30,26,39,27,29,16,18,35,8,227,36,42,128,128,58,68,52,79,9,602,46,37,211,141,62,38,61,82,16,702,0,8,6,11,9,0,3,11,0,42,11,3,8,18,14,10,12,11,7,93,5,14,16,12,4,11,6,13,0,82,9,26,16,13,8,8,12,17,45,161,496,2463,761,795,713,516,498,761,176,7186
SAL20570,17,43,38,35,30,19,29,18,6,235,27,50,96,98,70,27,42,63,0,484,43,24,264,126,53,25,66,60,17,681,3,0,5,7,6,0,9,0,0,39,7,0,11,18,14,7,10,22,0,99,0,18,5,10,6,8,5,3,0,59,5,11,13,8,12,5,14,21,33,125,377,1448,653,535,602,273,356,466,109,4828
SAL20571,0,0,0,0,0,0,0,0,0,0,0,0,0,0,0,0,0,0,0,0,5,0,3,0,0,0,3,0,0,16,0,0,0,0,0,0,0,0,0,0,0,0,0,0,0,0,0,0,0,0,0,0,0,0,0,0,0,0,0,0,0,0,0,0,0,0,0,0,0,0,8,4,5,0,3,0,3,0,0,25
SAL20572,0,0,0,0,0,0,0,0,0,5,0,0,7,0,3,0,0,0,0,13,6,0,22,4,9,0,4,0,6,50,0,0,0,0,0,0,0,0,0,0,0,0,0,0,0,0,0,0,0,0,0,0,0,0,0,0,0,0,0,0,0,0,0,0,0,0,0,0,0,0,20,34,28,11,15,0,8,5,3,124
SAL20573,0,0,0,4,0,0,0,0,0,9,0,0,0,3,4,0,0,0,0,8,8,0,14,3,0,0,0,7,0,36,0,0,0,3,0,0,0,0,0,3,0,0,0,0,0,0,0,0,0,4,0,0,0,0,0,0,0,0,0,0,0,0,0,0,0,0,0,0,0,3,9,12,19,10,7,0,3,10,0,76
SAL20574,14,39,10,3,17,12,0,0,3,107,32,41,14,17,25,5,3,4,3,144,32,24,91,22,16,16,6,16,4,220,0,4,4,0,0,0,0,4,0,16,8,3,0,6,4,5,0,6,0,30,0,8,0,0,0,0,0,0,0,15,3,7,6,4,3,3,0,0,6,26,679,1847,191,179,298,109,33,50,44,3434
SAL20575,18,47,13,29,17,8,0,5,0,151,42,47,31,75,56,11,5,17,3,282,89,37,371,173,94,52,72,125,12,1035,0,0,10,11,8,5,3,13,0,48,0,0,3,17,0,5,9,11,0,53,0,4,0,7,0,0,0,0,0,15,3,4,7,14,5,8,3,10,8,51,244,602,465,385,241,111,91,195,39,2372
SAL20576,0,0,0,0,0,0,0,0,0,6,0,4,5,0,0,0,0,0,0,9,3,4,25,0,6,0,8,3,0,56,0,0,0,0,5,0,0,0,0,4,0,0,0,0,0,0,0,0,0,0,0,0,0,0,0,0,0,0,0,0,0,0,0,0,0,0,0,0,0,4,16,27,29,3,15,9,9,9,3,114
SAL20577,0,0,0,0,0,0,0,0,0,4,0,0,0,0,0,0,0,0,0,0,0,0,0,0,0,0,0,0,0,0,0,0,0,0,0,0,0,0,0,0,0,0,0,0,0,0,0,0,0,0,0,0,0,0,0,0,0,0,0,0,0,0,0,0,0,0,0,0,0,0,0,5,0,0,0,0,0,0,0,9
SAL20578,0,3,0,0,0,0,0,0,0,6,0,0,0,9,0,0,3,0,0,11,0,0,15,0,0,0,5,5,0,33,0,0,0,0,0,0,0,0,0,5,0,0,0,0,0,0,0,0,0,0,0,0,0,0,0,0,0,0,0,0,0,0,0,0,0,0,0,0,0,0,12,9,18,13,5,0,5,7,0,65
SAL20579,0,0,0,0,0,0,0,0,0,0,0,0,0,0,0,0,0,0,0,0,0,0,0,0,0,0,0,0,0,0,0,0,0,0,0,0,0,0,0,0,0,0,0,0,0,0,0,0,0,0,0,0,0,0,0,0,0,0,0,0,0,0,0,0,0,0,0,0,0,0,0,0,0,0,0,0,0,0,0,0
SAL20580,4,10,6,4,7,0,0,0,0,37,6,6,0,18,7,4,0,3,0,52,18,13,61,28,8,13,7,17,0,170,0,0,0,3,0,4,0,3,0,13,0,4,0,0,0,0,0,3,0,14,0,0,0,0,0,0,0,0,0,3,5,3,6,0,0,0,4,0,5,19,54,139,81,74,46,31,18,37,9,483
SAL20581,51,44,47,42,30,13,37,17,3,278,71,61,101,207,100,46,74,38,12,719,111,38,450,200,133,85,128,104,24,1271,9,0,10,9,10,12,9,9,0,65,6,0,12,34,6,11,9,19,0,96,0,10,5,4,3,4,3,6,0,43,14,8,9,7,5,7,14,8,15,81,476,1012,760,750,521,284,377,302,77,4560
SAL20582,112,83,149,99,114,36,112,62,11,772,238,178,279,460,248,112,204,133,37,1905,193,77,833,410,265,139,223,240,35,2421,15,9,7,10,37,7,22,18,5,125,23,11,31,65,39,25,33,32,0,248,8,29,14,14,10,6,19,21,0,126,24,32,29,25,42,13,19,13,41,236,1302,3072,1742,1751,1491,673,982,798,218,12035
SAL20583,0,0,0,0,0,0,0,0,0,3,0,0,0,3,3,0,0,0,0,6,5,0,7,4,0,0,3,3,0,18,0,0,0,0,0,0,0,0,0,6,0,0,0,0,0,0,0,0,0,0,0,0,0,0,0,0,0,0,0,0,6,0,0,0,0,0,0,0,0,6,11,11,7,7,8,0,3,6,0,48
SAL20584,0,0,0,0,0,0,0,0,0,0,0,0,0,0,0,0,0,0,0,0,0,0,0,0,0,0,0,0,0,8,0,0,0,0,0,0,0,0,0,0,0,0,0,0,0,0,0,0,0,0,0,0,0,0,0,0,0,0,0,0,0,0,0,0,0,0,0,0,0,0,3,5,4,0,0,0,0,0,0,13
SAL20585,0,0,0,0,0,0,0,0,0,0,0,0,0,0,0,0,0,0,0,4,3,0,0,0,0,0,0,0,0,10,0,0,0,0,0,0,0,0,0,0,0,0,0,0,0,0,0,0,0,0,0,0,0,0,0,0,0,0,0,0,0,0,0,0,0,0,0,0,0,0,5,3,0,6,0,0,0,5,0,20
SAL20586,0,0,0,0,0,0,0,0,0,3,3,0,5,5,0,0,0,0,0,11,9,0,10,4,0,0,10,3,0,33,0,0,0,0,0,0,0,0,0,0,0,0,0,0,0,0,0,0,0,3,0,0,0,0,0,0,0,0,0,0,0,0,0,0,0,0,0,0,5,8,18,16,13,16,0,0,7,5,5,77
SAL20587,0,0,0,0,0,0,0,0,0,0,0,0,0,0,0,0,0,0,0,5,5,0,5,0,0,0,0,0,0,9,0,0,0,0,0,0,0,0,0,0,0,0,0,0,0,0,0,0,0,5,0,0,0,0,0,0,0,0,0,0,0,0,0,0,0,0,0,0,0,0,11,16,5,0,3,0,0,0,0,37
SAL20588,0,0,0,0,0,0,0,0,0,0,0,0,0,0,0,0,0,0,0,0,0,0,0,0,0,0,0,0,0,0,0,0,0,0,0,0,0,0,0,0,0,0,0,0,0,0,0,0,0,0,0,0,0,0,0,0,0,0,0,0,0,0,0,0,0,0,0,0,0,0,0,0,0,0,0,0,0,0,0,0
SAL20589,0,0,0,0,0,0,0,0,0,0,0,0,0,0,0,0,0,0,0,0,0,0,0,0,0,0,0,0,0,0,0,0,0,0,0,0,0,0,0,0,0,0,0,0,0,0,0,0,0,0,0,0,0,0,0,0,0,0,0,0,0,0,0,0,0,0,0,0,0,0,0,0,0,0,0,0,0,0,0,0
SAL20590,10,10,10,11,9,9,25,8,0,89,13,16,20,45,20,10,69,20,0,209,10,6,66,50,28,11,29,35,7,261,0,0,0,4,0,0,6,7,0,21,0,0,0,4,4,0,4,0,0,21,0,0,0,0,0,0,0,0,0,13,0,0,3,4,0,3,6,4,7,31,74,242,136,199,137,62,192,96,34,1177
SAL20591,7,10,0,4,0,0,0,4,0,35,5,8,3,7,4,0,0,0,0,39,25,9,63,37,26,10,30,43,3,247,0,0,4,0,0,0,3,0,0,13,3,0,0,3,0,3,0,0,0,11,0,0,0,0,0,0,0,0,0,0,4,0,0,5,0,0,3,9,0,19,62,77,76,61,41,24,36,62,3,443
SAL20592,13,3,8,12,3,3,0,12,0,53,22,13,18,70,29,9,11,13,0,187,72,19,186,70,62,28,62,100,14,598,7,0,6,0,3,5,0,9,0,41,3,0,0,5,8,3,6,4,0,38,0,0,3,0,0,0,0,4,0,14,4,5,8,6,6,9,5,21,8,68,182,211,237,206,134,61,88,188,27,1330
SAL20593,0,3,0,0,0,0,0,0,0,5,4,0,0,0,0,0,0,0,0,9,11,0,7,4,7,0,9,4,0,38,0,0,0,0,0,0,0,0,0,0,0,0,0,0,0,0,0,0,0,5,0,0,0,0,0,0,0,0,0,0,0,0,0,0,0,0,0,0,0,6,17,19,11,6,4,6,6,11,0,82
SAL20594,0,0,0,0,0,0,0,0,0,0,3,0,0,0,0,0,0,0,0,4,6,0,3,0,0,0,0,0,0,11,0,0,0,0,0,0,0,0,0,0,0,0,0,0,0,0,0,0,0,0,0,0,0,0,0,0,0,0,0,0,0,0,0,0,0,0,0,0,0,0,13,3,6,0,0,0,0,0,0,22
SAL20595,0,0,0,0,0,0,0,0,0,4,0,0,0,0,0,0,0,0,0,0,0,0,5,0,0,0,0,4,0,13,0,0,0,0,0,0,0,0,0,0,0,0,0,0,0,0,0,0,0,0,0,0,0,0,0,0,0,0,0,0,0,0,0,0,0,0,0,0,0,0,9,4,8,0,0,0,0,4,0,23
SAL20596,84,136,71,80,85,59,11,31,8,561,146,188,147,174,138,70,16,41,17,941,154,103,581,216,151,93,67,108,21,1489,6,4,8,22,21,14,0,9,0,81,21,26,13,23,42,18,17,19,0,176,13,23,9,5,6,16,4,4,0,83,23,24,9,9,24,9,5,18,30,146,1721,5025,1172,1072,1239,550,209,358,170,11503
SAL20597,27,49,32,16,26,15,5,12,3,180,46,64,45,60,56,21,13,12,0,325,36,37,168,71,53,29,22,37,6,458,0,4,8,5,0,3,0,0,0,30,8,8,6,6,11,4,4,11,4,55,4,6,4,5,0,0,3,0,0,26,13,12,8,9,13,8,5,6,4,63,478,1360,381,299,353,157,79,137,37,3292
SAL20598,0,0,0,0,0,0,0,0,0,0,0,0,0,0,0,0,0,0,0,0,0,0,0,0,0,0,0,0,0,0,0,0,0,0,0,0,0,0,0,0,0,0,0,0,0,0,0,0,0,0,0,0,0,0,0,0,0,0,0,0,0,0,0,0,0,0,0,0,0,0,0,0,0,0,0,0,0,0,0,0
SAL20599,0,0,0,0,0,0,0,0,0,0,0,0,0,0,0,0,0,0,0,0,0,0,0,0,0,0,0,0,0,0,0,0,0,0,0,0,0,0,0,0,0,0,0,0,0,0,0,0,0,0,0,0,0,0,0,0,0,0,0,0,0,0,0,0,0,0,0,0,0,0,0,0,0,0,0,0,0,0,0,0
SAL20600,19,23,12,22,23,3,0,8,0,101,28,30,25,45,28,6,3,8,0,173,72,22,315,76,59,36,53,58,12,697,7,0,0,3,6,3,0,5,0,30,4,4,9,8,6,4,0,0,0,35,0,3,3,0,0,0,0,0,0,11,6,7,4,7,8,5,0,9,6,38,191,310,386,208,173,72,70,97,22,1523
SAL20601,0,0,0,0,0,0,0,0,0,0,0,0,0,0,0,0,0,0,0,0,0,0,0,0,0,0,0,0,0,0,0,0,0,0,0,0,0,0,0,0,0,0,0,0,0,0,0,0,0,0,0,0,0,0,0,0,0,0,0,0,0,0,0,0,0,0,0,0,0,0,0,0,0,0,0,0,0,0,0,0
SAL20602,5,0,0,0,0,0,0,0,0,5,0,0,0,0,0,0,0,0,0,4,0,0,3,0,0,0,6,0,0,9,0,0,0,0,0,0,0,0,0,0,0,0,0,0,0,0,0,0,0,0,0,0,0,0,0,0,0,0,0,0,0,0,0,0,0,0,0,0,0,0,7,0,3,0,0,0,6,0,0,17
SAL20603,0,0,0,0,0,0,0,0,0,0,0,0,0,0,0,0,0,0,0,7,0,0,6,0,0,0,0,0,0,11,0,0,0,0,0,0,0,0,0,0,0,0,0,0,0,0,0,0,0,0,0,0,0,0,0,0,0,0,0,0,0,0,0,0,0,0,0,0,0,0,4,6,8,0,0,0,0,0,0,23
SAL20604,3,9,0,7,0,0,0,3,0,28,12,20,0,14,6,0,0,0,0,59,37,10,87,35,22,10,25,23,4,259,0,0,0,3,4,4,4,3,0,18,5,0,0,5,0,0,0,4,0,8,0,0,0,0,0,0,0,0,0,6,3,4,4,0,6,4,0,7,4,30,89,138,103,70,55,22,33,43,9,563
SAL20605,4,0,0,0,4,0,0,0,0,6,3,0,3,3,3,0,0,4,0,13,11,0,29,6,3,3,6,4,0,62,0,0,0,0,0,0,0,0,0,0,0,0,0,0,0,0,0,0,0,3,0,0,0,0,0,0,0,0,0,0,0,0,0,0,0,0,0,0,0,9,32,20,34,9,17,7,4,8,0,134
SAL20606,0,0,0,0,0,0,0,0,0,0,0,0,0,0,0,0,0,0,0,0,0,0,0,0,0,0,0,0,0,0,0,0,0,0,0,0,0,0,0,0,0,0,0,0,0,0,0,0,0,0,0,0,0,0,0,0,0,0,0,0,0,0,0,0,0,0,0,0,0,0,0,0,0,0,0,0,0,0,0,0
SAL20607,19,14,10,38,11,7,0,16,3,126,35,19,22,56,30,14,3,29,4,209,99,41,329,227,86,60,96,194,22,1147,5,0,0,11,10,9,0,24,0,58,12,0,3,16,8,7,10,12,0,69,0,3,0,3,0,0,0,8,0,15,4,3,9,15,6,4,13,26,10,92,238,351,403,406,185,120,131,377,40,2268
SAL20608,0,0,0,0,0,0,0,0,0,0,0,0,0,0,0,0,0,0,0,4,0,0,3,0,0,0,0,5,0,12,0,0,0,0,0,0,0,0,0,0,0,0,0,0,0,0,0,0,0,3,0,0,0,0,0,0,0,0,0,0,0,0,0,0,0,0,0,0,0,0,11,3,4,0,0,0,0,5,0,25
SAL20609,0,0,0,0,0,0,0,0,0,0,4,0,0,0,0,0,0,3,0,8,3,0,14,3,0,0,0,4,0,18,0,0,0,0,0,0,0,0,0,0,0,0,0,0,0,0,0,0,0,0,0,0,0,0,0,0,0,0,0,0,0,0,0,0,0,0,0,0,0,0,8,3,16,5,3,0,0,19,3,51
SAL20610,0,0,0,0,0,0,0,0,0,0,0,0,0,0,0,0,0,0,0,0,0,0,4,7,3,0,3,3,0,22,0,0,0,0,0,0,0,0,0,0,0,0,0,0,0,0,0,0,0,0,0,0,0,0,0,0,0,0,0,0,0,0,0,0,0,0,0,0,0,0,5,0,6,6,4,0,3,3,0,27
SAL20611,4,0,0,0,0,0,0,0,0,3,0,0,0,0,0,0,0,0,0,7,4,0,0,5,5,0,0,0,0,26,0,0,0,0,0,0,0,0,0,4,0,0,0,0,0,0,0,0,0,0,0,0,0,0,0,0,0,0,0,0,0,0,0,3,0,0,0,0,0,6,27,15,0,10,12,4,0,7,0,77
SAL20612,5,0,0,0,0,0,0,0,0,3,0,0,0,0,0,0,0,0,0,0,0,0,3,0,0,0,0,0,0,5,0,0,0,0,0,0,0,0,0,0,0,0,0,0,0,0,0,0,0,0,0,0,0,0,0,0,0,0,0,0,0,0,0,0,0,0,0,0,0,0,3,0,3,3,0,0,0,0,0,16
SAL20613,7,4,10,3,11,7,0,6,0,46,17,6,6,16,21,3,0,9,0,78,46,7,193,22,31,16,23,29,6,381,0,0,0,3,5,7,0,4,0,17,4,0,0,0,5,4,0,4,0,21,0,0,0,0,0,0,0,0,0,5,12,3,0,0,0,3,0,5,0,24,116,124,219,70,78,52,33,52,18,759
SAL20614,3,4,0,4,0,0,0,0,0,15,5,7,0,6,0,0,0,0,0,27,15,4,30,20,9,7,7,14,0,111,3,0,0,0,0,0,0,5,0,6,0,0,0,0,0,0,0,0,0,6,0,0,0,0,0,0,0,0,0,0,0,0,0,0,0,0,0,5,0,10,39,51,38,37,14,11,9,24,0,224
SAL20615,0,0,0,0,3,0,0,0,0,3,6,0,0,0,0,0,0,0,0,11,8,0,6,4,3,0,5,4,0,27,6,0,0,0,0,0,0,0,0,5,0,0,0,0,0,0,0,0,0,0,0,0,0,0,0,0,0,0,0,0,0,0,0,0,0,0,0,0,3,5,17,5,9,4,8,0,3,11,0,62
SAL20616,38,58,13,15,13,13,5,3,0,173,57,97,27,54,49,26,7,15,0,326,50,50,120,71,50,21,14,30,8,422,5,5,6,5,0,0,4,3,0,29,10,15,3,6,9,10,0,6,0,57,4,20,0,4,5,0,3,0,0,34,9,12,4,13,4,7,0,4,15,69,869,2676,296,356,420,203,52,92,70,5035
SAL20617,0,0,0,0,0,0,0,0,0,0,0,0,0,0,0,0,0,0,0,0,0,0,0,0,0,0,0,0,0,0,0,0,0,0,0,0,0,0,0,0,0,0,0,0,0,0,0,0,0,0,0,0,0,0,0,0,0,0,0,0,0,0,0,0,0,0,0,0,0,0,0,0,0,0,0,0,0,0,0,0
SAL20618,0,0,0,0,0,0,0,0,0,10,0,0,0,0,0,0,0,4,0,7,9,0,7,0,5,0,0,0,0,31,0,0,0,0,0,0,0,0,0,0,0,0,0,0,0,0,0,0,0,0,0,0,0,0,0,0,0,0,0,0,0,0,0,0,0,0,0,0,0,0,22,8,6,9,4,0,3,3,0,63
SAL20619,0,0,0,0,0,0,0,0,0,0,0,0,0,0,0,0,0,0,0,0,7,0,4,0,0,0,0,0,0,18,0,0,0,0,0,0,0,0,0,0,0,0,0,0,0,0,0,0,0,0,0,0,0,0,0,0,0,0,0,0,0,0,0,0,0,0,0,0,0,0,21,0,8,0,3,0,7,3,0,39
SAL20620,3,4,0,5,5,0,0,0,0,12,9,6,3,14,0,4,0,0,0,26,17,3,25,11,10,7,6,7,0,86,0,0,0,0,0,0,0,0,0,5,0,0,0,0,0,0,0,0,0,0,0,0,0,0,0,0,0,0,0,0,0,0,0,0,0,0,0,0,0,4,35,56,32,27,17,10,12,11,3,210
SAL20621,3,7,3,4,6,0,0,0,0,26,5,11,0,0,8,0,0,0,0,27,26,4,25,12,8,3,3,3,3,84,0,0,0,0,0,0,0,0,0,4,0,0,0,0,0,0,0,0,0,5,0,0,0,0,0,0,0,0,0,6,0,0,0,0,0,0,0,0,0,6,84,117,38,22,35,18,6,12,5,341
SAL20622,0,0,0,0,0,0,0,0,0,0,0,0,0,0,0,0,0,0,0,0,0,0,0,0,0,0,0,0,0,8,0,0,0,0,0,0,0,0,0,0,0,0,0,0,0,0,0,0,0,0,0,0,0,0,0,0,0,0,0,0,0,0,0,0,0,0,0,0,0,0,5,3,0,0,0,0,0,0,0,13
SAL20623,3,0,0,0,0,0,0,0,0,0,0,0,0,0,0,0,0,0,0,0,0,0,0,0,0,0,0,0,0,5,0,0,0,0,0,0,0,0,0,0,0,0,0,0,0,0,0,0,0,0,0,0,0,0,0,0,0,0,0,0,0,0,0,0,0,0,0,0,0,0,7,0,0,0,0,0,0,3,0,15
SAL20624,0,3,3,9,7,4,8,0,0,36,4,3,10,24,13,0,0,8,0,59,9,11,29,31,14,6,17,15,4,137,0,0,0,3,0,0,0,4,0,10,0,0,0,6,3,0,0,0,0,6,0,3,0,0,0,0,0,0,0,8,0,0,0,5,0,0,5,6,6,23,30,101,68,97,63,15,54,58,20,511
SAL20625,0,0,0,0,0,0,0,0,0,0,0,0,0,0,0,0,0,0,0,3,3,0,3,4,0,0,0,3,0,13,0,0,0,0,0,0,0,0,0,3,0,0,0,0,0,0,0,0,0,0,0,0,0,0,0,0,0,0,0,0,0,0,0,0,0,0,0,0,0,0,3,3,3,8,0,0,0,6,0,28
SAL20626,0,3,0,0,0,0,0,0,0,7,0,0,0,6,0,0,0,0,0,10,3,0,0,0,0,0,0,0,0,17,0,0,0,0,0,0,0,0,0,5,0,0,0,0,0,0,0,0,0,0,0,0,0,0,0,0,0,0,0,0,0,0,0,0,0,0,0,3,0,11,19,11,5,10,4,4,0,7,0,54
SAL20627,0,0,0,0,6,0,0,0,0,5,0,0,0,4,4,0,0,0,0,12,0,4,7,0,4,6,0,5,0,34,0,0,0,0,0,0,0,0,0,4,0,0,0,0,0,0,0,0,0,0,0,0,0,0,0,0,0,0,0,0,0,0,0,0,0,0,0,0,0,6,7,29,18,18,16,6,3,12,0,108
SAL20628,0,0,0,0,0,0,0,0,0,4,0,0,0,0,0,0,0,0,0,3,0,0,12,5,0,0,0,3,0,18,0,0,0,0,0,0,0,0,0,0,0,0,0,0,0,0,0,0,0,3,0,0,0,0,0,0,0,0,0,0,0,0,0,0,0,0,0,0,0,3,7,9,12,7,8,0,0,4,0,52
SAL20629,0,0,0,0,0,0,0,0,0,4,0,0,0,0,0,0,0,0,0,0,3,0,0,0,0,0,0,0,0,3,0,0,0,0,0,0,0,0,0,0,0,0,0,0,0,0,0,0,0,0,0,0,0,0,0,0,0,0,0,0,3,0,0,0,0,0,0,0,0,3,5,0,0,0,0,0,3,0,0,12
SAL20630,0,0,0,0,0,0,0,0,0,0,0,0,0,0,0,0,0,0,0,0,0,0,0,0,0,0,0,0,0,0,0,0,0,0,0,0,0,0,0,0,0,0,0,0,0,0,0,0,0,0,0,0,0,0,0,0,0,0,0,0,0,0,0,0,0,0,0,0,0,0,3,0,0,0,0,0,0,0,0,4
SAL20631,4,0,0,0,0,0,0,0,0,9,0,0,0,0,4,3,0,0,0,8,24,0,4,4,0,4,3,3,0,44,0,0,0,0,0,0,0,0,0,0,0,0,0,0,0,0,0,0,0,0,0,0,0,0,0,0,0,0,0,3,0,0,0,0,0,0,0,0,0,0,57,11,8,3,9,4,8,12,0,111
SAL20632,0,0,0,0,0,0,0,0,0,0,0,0,0,0,0,0,0,0,0,0,5,0,0,0,0,0,0,0,0,7,0,0,0,0,0,0,0,0,0,0,0,0,0,0,0,0,0,0,0,0,0,0,0,0,0,0,0,0,0,0,0,0,0,0,0,0,0,0,0,0,4,4,0,0,0,0,0,0,0,8
SAL20633,0,0,0,0,0,0,0,0,0,7,0,0,0,0,0,0,0,0,0,3,12,0,14,0,6,6,3,4,0,35,0,0,0,0,0,0,0,0,0,0,0,0,0,0,0,0,0,0,0,0,0,0,0,0,0,0,0,0,0,0,0,0,0,0,0,0,0,0,0,3,17,11,14,0,5,4,5,10,0,64
SAL20634,3,0,0,0,0,0,0,0,0,3,0,0,0,0,0,0,0,0,0,0,0,0,0,0,0,0,0,0,0,0,0,0,0,0,0,0,0,0,0,0,0,0,0,0,0,0,0,0,0,0,0,0,0,0,0,0,0,0,0,0,0,0,0,0,0,0,0,0,0,0,3,4,3,0,0,0,0,0,0,14
SAL20635,0,0,0,0,0,0,0,0,0,0,0,0,0,0,0,0,0,0,0,0,3,0,0,0,0,0,0,0,0,3,0,0,0,0,0,0,0,0,0,0,0,0,0,0,0,0,0,0,0,0,0,0,0,0,0,0,0,0,0,0,0,0,0,0,0,0,0,0,0,0,3,4,0,0,0,0,0,0,0,6
SAL20636,0,0,0,0,0,0,0,0,0,0,0,0,0,0,0,0,0,0,0,3,0,0,7,6,0,0,9,7,0,27,0,0,0,0,0,0,0,0,0,0,0,0,0,0,0,4,0,0,0,6,0,0,0,0,0,0,0,0,0,0,0,0,0,0,0,0,0,0,0,7,6,14,7,4,0,4,9,5,0,55
SAL20637,3,0,0,0,0,0,0,5,0,10,0,0,0,0,0,0,0,0,0,4,3,0,3,0,0,0,0,0,0,9,0,0,0,0,0,0,0,0,0,0,0,0,0,0,0,0,0,0,0,0,0,0,0,0,0,0,0,0,0,0,0,0,0,0,0,0,0,0,0,0,10,7,3,0,6,0,0,5,0,33
SAL20638,0,0,0,0,0,0,0,0,0,0,0,0,0,0,0,0,0,3,0,6,0,0,7,4,0,0,0,3,0,27,0,0,0,0,0,0,0,0,0,0,0,0,0,0,0,0,0,0,0,3,0,0,0,0,0,0,0,0,0,0,0,0,0,0,0,0,0,0,0,0,3,3,10,4,0,0,0,4,0,36
SAL20639,6,5,0,5,5,0,0,0,0,18,4,4,0,12,5,9,0,3,0,38,16,7,59,11,15,16,10,16,3,160,0,0,0,0,0,0,0,0,0,6,0,0,0,0,0,0,0,0,0,6,0,0,0,0,0,0,0,0,0,0,0,0,0,8,0,4,0,4,4,22,41,56,69,46,31,31,16,19,7,321
SAL20640,9,14,15,31,21,4,11,17,0,118,29,31,38,158,49,21,43,38,3,414,68,52,421,325,105,91,182,214,31,1481,8,0,8,12,11,17,11,29,0,100,4,3,7,19,7,10,10,13,3,80,0,0,0,5,0,0,3,3,0,12,3,4,17,26,3,8,12,20,21,118,179,431,557,665,273,199,322,373,71,3074
SAL20641,0,0,0,0,0,0,0,0,0,0,0,0,0,0,0,0,0,0,0,0,6,0,3,0,0,0,0,0,0,5,0,0,0,0,0,0,0,0,0,0,0,0,0,0,0,0,0,0,0,0,0,0,0,0,0,0,0,0,0,0,0,0,0,0,0,0,0,0,0,0,8,0,3,0,0,0,0,0,0,12
SAL20642,0,0,0,0,0,0,0,0,0,0,0,0,0,0,0,0,0,0,0,0,0,0,0,0,0,0,0,3,0,7,0,0,0,0,0,0,0,0,0,0,0,0,0,0,0,0,0,0,0,0,0,0,0,0,0,0,0,0,0,0,0,0,0,0,0,0,0,0,0,0,8,0,0,0,0,0,0,3,0,13
SAL20643,0,0,0,0,0,0,0,0,0,0,0,0,0,0,0,0,0,0,0,5,0,0,7,0,0,0,5,6,0,15,0,0,0,0,0,0,0,0,0,0,0,0,0,0,0,0,0,0,0,0,0,0,0,0,0,0,0,0,0,0,0,0,0,0,0,0,0,0,0,0,9,3,7,4,9,0,5,6,0,38
SAL20644,3,3,0,0,5,0,0,0,0,17,0,8,3,8,5,6,5,0,0,25,3,8,49,17,13,9,16,14,0,127,0,0,0,0,0,0,0,0,0,3,0,0,0,0,3,0,0,0,0,13,0,0,0,0,0,0,0,0,0,0,0,4,5,4,0,0,0,0,0,12,18,55,58,36,31,20,23,23,6,267
SAL20645,0,3,0,0,0,0,0,0,0,5,3,0,0,0,0,0,0,0,0,7,5,0,4,0,0,0,0,0,0,11,0,0,0,0,0,0,0,0,0,0,0,0,0,0,0,0,0,0,0,0,0,0,0,0,0,0,0,0,0,0,0,0,0,0,0,0,0,0,0,3,16,14,7,0,0,0,0,0,0,40
SAL20646,6,0,0,0,0,0,0,4,0,8,4,0,0,0,0,0,3,0,0,7,6,0,20,8,6,5,5,9,0,65,0,0,0,0,0,0,0,0,0,3,0,0,0,3,0,0,0,0,0,5,0,0,0,0,0,0,0,0,0,0,0,0,0,0,0,0,0,0,0,7,18,16,26,14,14,6,9,9,0,115
SAL20647,0,0,0,0,0,0,0,0,0,0,0,0,0,0,0,0,0,0,0,0,0,0,0,0,0,0,0,0,0,0,0,0,0,0,0,0,0,0,0,0,0,0,0,0,0,0,0,0,0,0,0,0,0,0,0,0,0,0,0,0,0,0,0,0,0,0,0,0,0,0,0,0,0,0,0,0,0,0,0,3
SAL20648,0,0,0,5,0,0,0,0,0,17,4,3,3,15,4,0,0,0,0,39,30,9,44,20,19,5,8,23,0,146,4,0,6,4,4,0,0,0,0,14,0,0,0,0,3,0,0,0,0,5,0,0,0,0,0,0,0,0,0,0,3,0,0,6,0,0,4,0,0,14,55,87,49,52,31,16,16,32,9,343
SAL20649,0,0,0,0,0,0,0,0,0,5,0,4,0,0,0,0,0,0,0,4,5,0,0,4,0,0,6,0,0,18,0,0,0,0,0,0,0,0,0,0,0,0,0,0,0,0,0,0,0,0,0,0,0,0,0,0,0,0,0,0,0,0,0,0,0,0,0,0,0,4,8,9,4,7,0,4,3,0,0,36
SAL20650,0,0,0,0,0,0,0,0,0,0,0,0,0,0,0,0,0,0,0,0,5,0,0,3,0,0,0,0,0,6,0,0,0,0,0,0,0,0,0,0,0,0,0,0,0,0,0,0,0,0,0,0,0,0,0,0,0,0,0,0,0,0,0,0,0,0,0,0,0,0,4,3,3,3,4,0,0,0,0,16
SAL20651,0,0,0,0,0,0,0,0,0,0,0,0,0,0,0,0,0,0,0,0,7,0,0,0,0,0,0,0,0,13,0,0,0,0,0,0,0,0,0,0,0,0,0,0,0,0,0,0,0,0,0,0,0,0,0,0,0,0,0,0,0,0,0,0,0,0,0,0,0,0,7,5,0,0,0,0,0,0,0,12
SAL20652,0,0,0,0,0,0,0,0,0,0,0,0,0,0,0,0,0,0,0,7,4,0,0,0,0,0,0,0,0,6,0,0,0,0,0,0,0,0,0,0,0,0,0,0,0,0,0,0,0,0,0,0,0,0,0,0,0,0,0,0,0,0,0,0,0,0,0,0,0,0,4,4,0,0,0,0,3,0,0,10
SAL20653,0,0,0,0,0,0,0,0,0,0,0,0,0,0,0,0,0,0,0,0,0,0,0,0,0,0,0,0,0,0,0,0,0,0,0,0,0,0,0,0,0,0,0,0,0,0,0,0,0,0,0,0,0,0,0,0,0,0,0,0,0,0,0,0,0,0,0,0,0,0,5,0,0,0,0,0,0,0,0,7
SAL20654,0,5,6,5,5,0,0,0,0,22,6,0,4,3,3,4,0,0,0,25,9,0,29,0,8,3,6,8,3,68,0,0,0,0,0,0,0,0,0,3,0,4,0,0,0,0,0,0,0,9,0,0,0,0,0,0,0,0,0,5,0,0,0,0,0,0,0,0,0,3,41,81,41,24,26,14,9,14,5,250
SAL20655,0,0,0,0,0,0,0,0,0,0,0,0,0,0,0,0,0,0,0,0,0,0,0,0,0,0,0,0,0,0,0,0,0,0,0,0,0,0,0,0,0,0,0,0,0,0,0,0,0,0,0,0,0,0,0,0,0,0,0,0,0,0,0,0,0,0,0,0,0,0,0,0,0,0,0,0,0,0,0,0
SAL20656,0,0,0,0,0,0,0,0,0,0,0,0,0,0,0,0,0,0,0,0,4,0,0,0,0,0,0,4,0,3,0,0,0,0,0,0,0,0,0,0,0,0,0,0,0,0,0,0,0,0,0,0,0,0,0,0,0,0,0,0,0,0,0,0,0,0,0,0,0,0,0,0,0,0,0,0,0,4,0,7
SAL20657,28,19,13,32,20,16,0,7,5,139,29,28,31,47,31,14,0,13,0,204,71,24,203,65,37,68,30,72,10,577,7,0,5,8,10,6,3,6,0,33,14,3,7,9,4,8,0,10,0,54,0,3,0,0,0,0,0,6,0,10,5,10,11,8,10,3,0,12,10,60,229,362,296,231,153,129,36,146,30,1625
SAL20658,0,0,0,0,0,0,0,0,0,5,0,0,0,0,0,0,0,0,0,0,0,0,0,0,0,0,0,5,0,8,0,0,0,0,0,0,0,0,0,0,0,0,0,0,0,0,0,0,0,0,0,0,0,0,0,0,0,0,0,0,0,0,0,0,0,0,0,0,0,0,4,0,0,0,0,0,0,3,0,12
SAL20659,0,0,0,0,0,0,0,0,0,3,3,0,0,0,5,0,0,0,0,7,8,0,14,5,4,0,3,3,4,44,0,0,0,0,0,0,0,0,0,0,5,0,0,0,0,0,0,0,0,5,0,0,0,0,0,0,0,0,0,0,0,0,0,0,0,0,0,0,0,0,20,29,22,11,11,0,6,3,3,102
SAL20660,0,0,0,0,0,0,0,0,0,0,0,0,0,3,0,0,0,0,0,9,0,0,4,3,0,0,0,0,0,7,0,0,0,0,0,0,0,0,0,0,0,0,0,0,0,0,0,0,0,0,0,0,0,0,0,0,0,0,0,0,0,0,0,0,0,0,0,0,0,0,0,7,4,11,0,0,0,0,0,18
SAL20661,136,137,205,183,147,82,165,111,16,1187,266,212,427,678,369,167,274,210,40,2648,338,148,1505,779,479,267,528,462,69,4571,14,14,32,38,46,38,38,39,3,266,45,32,51,108,70,41,51,61,7,455,28,32,24,44,24,8,32,16,7,218,33,68,64,72,56,37,70,49,92,536,1825,4325,2903,3001,2363,1069,1736,1412,382,19027
SAL20662,48,47,46,46,55,18,25,26,5,316,85,90,103,227,147,49,71,75,8,847,168,79,780,358,239,135,249,258,55,2325,16,0,10,13,41,21,29,33,0,169,9,0,16,25,24,11,18,25,3,138,3,10,5,4,11,0,3,9,5,46,19,13,16,40,21,10,20,25,28,184,525,948,1113,955,768,330,542,580,135,5900
SAL20663,50,59,68,88,62,44,72,38,6,479,119,99,138,359,162,80,145,87,21,1213,158,55,697,349,222,124,242,207,50,2102,3,0,18,11,24,11,25,26,3,124,11,8,22,35,25,15,24,21,7,173,6,10,13,11,12,8,9,4,0,71,21,22,22,33,15,10,22,26,44,204,715,1541,1207,1364,895,441,802,589,171,7724
SAL20664,65,68,84,65,76,23,42,34,6,482,114,108,120,289,165,91,94,89,13,1089,168,92,742,358,235,132,241,211,31,2208,14,5,14,15,24,17,18,23,3,129,20,7,30,57,20,21,23,23,4,200,10,11,13,11,12,6,3,8,0,74,14,19,19,26,15,7,29,22,36,188,838,1811,1233,1176,946,450,620,570,138,7779
SAL20665,14,14,8,12,13,7,3,5,0,82,15,23,21,37,21,7,7,8,0,142,61,11,189,63,41,25,40,40,4,476,0,0,4,0,3,4,4,0,3,22,0,0,4,3,8,0,3,3,0,24,0,7,0,0,3,0,0,0,0,7,6,4,0,4,4,5,3,5,5,31,147,323,249,163,134,60,69,77,19,1244
SAL20666,44,55,73,57,58,32,54,44,3,400,107,90,116,280,135,72,111,67,12,990,167,58,710,311,214,114,244,229,38,2091,8,3,22,16,20,15,21,22,3,126,19,15,13,34,27,16,16,22,4,160,4,12,16,10,7,5,6,7,0,65,10,10,19,18,14,10,23,20,20,153,599,1283,1128,1034,777,352,649,546,116,6487
SAL20667,0,3,0,0,0,0,0,0,0,5,0,0,0,0,0,0,0,0,0,0,0,0,3,0,0,0,0,0,0,4,0,0,0,0,0,0,0,0,0,0,0,0,0,0,0,0,0,0,0,0,0,0,0,0,0,0,0,0,0,0,0,0,0,0,0,0,0,0,0,0,7,3,3,0,0,0,0,0,0,15
SAL20668,0,0,0,0,0,0,0,0,0,0,0,0,0,0,0,0,0,0,0,0,3,0,0,0,0,0,0,0,0,4,0,0,0,0,0,0,0,0,0,0,0,0,0,0,0,0,0,0,0,0,0,0,0,0,0,0,0,0,0,0,0,0,0,0,0,0,0,0,0,0,6,0,0,3,0,0,0,0,0,14
SAL20669,3,0,3,0,0,0,0,0,0,9,0,0,0,3,5,0,0,0,0,8,6,0,5,0,5,0,0,6,0,26,0,0,0,0,0,0,0,0,0,0,0,0,0,0,0,0,0,0,0,0,0,0,0,0,0,0,0,0,0,0,3,0,0,0,0,0,0,0,0,3,22,9,13,8,11,0,0,6,0,76
SAL20670,10,12,3,3,9,5,0,0,0,50,23,16,15,4,20,9,0,3,0,90,23,13,45,11,10,10,4,7,0,122,4,3,0,0,0,0,0,0,0,10,4,0,0,0,6,9,0,0,0,21,0,0,0,0,0,0,0,0,0,8,0,5,0,3,0,0,0,0,0,11,311,676,79,63,142,57,12,24,14,1382
SAL20671,3,0,0,0,0,0,0,0,0,6,0,0,0,0,5,0,0,0,0,3,12,0,4,4,0,0,0,8,0,25,0,0,0,0,0,0,0,0,0,0,0,0,0,0,0,0,0,3,0,3,0,0,0,0,0,0,0,0,0,0,0,0,0,0,0,0,0,0,0,0,12,10,3,8,3,0,3,8,0,48
SAL20672,9,15,9,8,9,0,3,0,0,58,11,18,12,24,17,4,0,10,0,105,40,12,151,42,37,25,33,35,0,371,4,6,3,3,0,0,3,4,0,25,0,0,0,3,0,3,4,0,0,12,0,0,0,0,0,0,0,0,0,0,3,3,5,0,5,0,0,8,0,15,108,194,197,116,91,40,43,61,10,860
SAL20673,0,0,0,0,0,0,0,0,0,3,0,0,0,0,0,0,0,0,0,0,7,0,3,5,0,0,5,0,0,15,0,0,0,0,0,0,0,0,0,0,0,0,0,0,0,0,0,0,0,0,0,0,0,0,0,0,0,0,0,0,0,0,0,0,0,0,0,0,0,0,9,4,4,4,0,0,5,0,0,27
SAL20674,8,17,9,12,4,9,0,0,0,58,22,23,22,46,22,11,6,4,0,146,48,13,240,82,49,31,38,54,11,566,0,0,0,4,9,0,5,4,0,22,0,0,5,4,8,0,0,4,0,29,0,0,0,4,0,0,0,0,0,4,4,0,0,3,3,0,4,0,4,25,105,176,279,178,123,54,54,80,23,1068
SAL20675,0,0,0,0,0,0,0,0,0,0,0,0,0,0,0,0,0,0,0,0,0,0,0,0,0,0,0,0,0,0,0,0,0,0,0,0,0,0,0,0,0,0,0,0,0,0,0,0,0,0,0,0,0,0,0,0,0,0,0,0,0,0,0,0,0,0,0,0,0,0,0,0,0,0,0,0,0,0,0,0
SAL20676,0,0,0,0,0,0,0,0,0,0,0,0,0,0,0,0,0,0,0,0,0,0,0,0,0,0,0,0,0,0,0,0,0,0,0,0,0,0,0,0,0,0,0,0,0,0,0,0,0,0,0,0,0,0,0,0,0,0,0,0,0,0,0,0,0,0,0,0,0,0,0,0,0,0,0,0,0,0,0,0
SAL20677,0,0,0,0,0,0,0,0,0,0,0,0,0,0,0,0,0,0,0,6,0,0,0,0,0,0,0,0,0,0,0,0,0,0,0,0,0,0,0,0,0,0,0,0,0,0,0,0,0,0,0,0,0,0,0,0,0,0,0,0,0,0,0,0,0,0,0,0,0,0,6,0,0,5,0,0,0,0,0,9
SAL20678,0,3,0,0,0,0,0,0,0,8,0,0,0,0,0,0,0,0,0,10,5,0,7,4,0,0,0,0,0,28,0,0,0,0,0,0,0,0,0,0,0,0,0,0,0,0,0,0,0,0,0,0,0,0,0,0,0,0,0,0,0,0,0,0,0,0,0,0,0,8,14,26,17,15,3,3,0,5,0,83
SAL20679,0,0,0,0,0,0,0,0,0,9,0,0,0,4,0,0,0,0,0,3,3,0,10,0,0,0,0,3,0,19,0,0,0,0,0,0,0,0,0,0,0,0,0,0,0,0,0,0,0,0,0,0,0,0,0,0,0,0,0,0,0,0,0,0,0,0,0,0,0,0,14,27,10,8,3,0,0,3,0,60
SAL20680,0,0,0,0,0,0,0,0,0,0,0,0,0,0,0,0,0,0,0,4,0,0,0,4,0,0,0,0,0,11,0,0,0,0,0,0,0,0,0,0,0,0,0,0,0,0,0,0,0,0,0,0,0,0,0,0,0,0,0,0,0,0,0,0,0,0,0,0,0,0,7,8,4,4,0,0,3,0,0,26
SAL20681,0,0,0,0,0,0,0,0,0,4,0,0,0,0,0,0,0,0,0,4,6,0,0,0,0,4,0,0,0,10,0,0,0,0,0,0,0,0,0,0,0,0,0,0,0,0,0,0,0,0,0,0,0,0,0,0,0,0,0,0,0,0,0,0,0,0,0,0,0,4,12,9,0,0,0,6,0,0,0,30
SAL20682,86,147,75,110,93,39,17,33,7,608,177,176,129,268,177,79,33,51,12,1098,303,141,1073,381,281,143,155,206,48,2728,19,9,18,13,25,19,12,21,0,139,32,21,21,43,55,33,10,24,6,234,10,17,6,8,4,7,5,8,6,78,16,20,11,33,22,17,4,17,18,169,1406,3287,1517,1247,1196,507,311,467,146,10087
SAL20683,24,35,13,15,28,11,3,10,0,141,49,36,15,45,43,16,4,9,6,220,57,22,199,54,50,29,20,29,10,473,3,0,4,8,5,4,0,4,0,31,3,4,9,6,14,6,0,3,0,46,0,3,0,0,0,0,0,0,0,4,0,6,3,3,6,0,0,0,0,30,291,646,273,202,253,100,40,72,33,1899
SAL20684,36,38,19,29,43,11,5,8,0,197,66,64,45,65,76,32,5,15,5,370,87,47,332,89,95,40,46,55,6,796,3,9,8,7,7,0,0,4,0,37,19,11,3,9,21,11,0,8,0,92,3,5,3,4,0,4,0,4,0,23,9,7,13,7,9,0,0,6,9,60,490,993,465,335,408,162,72,119,45,3085
SAL20685,16,17,15,22,17,7,9,10,0,111,22,42,25,46,40,18,9,11,5,213,46,23,226,52,65,17,16,39,13,501,0,0,0,6,8,0,4,3,0,22,3,3,6,8,3,6,4,9,0,39,0,6,0,0,3,0,0,0,0,9,0,7,0,8,4,0,4,0,4,30,217,578,306,180,238,93,43,81,32,1759
SAL20686,0,0,0,0,0,0,0,0,0,0,0,0,0,0,0,0,0,0,0,0,0,0,0,0,0,0,0,0,0,0,0,0,0,0,0,0,0,0,0,0,0,0,0,0,0,0,0,0,0,0,0,0,0,0,0,0,0,0,0,0,0,0,0,0,0,0,0,0,0,0,0,0,0,0,0,0,0,0,0,3
SAL20687,0,0,3,3,3,0,0,0,0,9,0,6,0,0,0,0,0,0,0,7,9,6,20,3,3,0,4,7,0,50,0,0,6,0,0,0,0,0,0,0,6,0,0,0,0,0,0,0,0,4,0,0,0,0,0,0,0,0,0,0,3,0,0,0,0,0,0,0,0,0,19,39,22,18,8,0,4,9,0,111
SAL20688,5,0,0,0,0,0,0,0,0,10,0,0,0,3,3,0,0,0,0,9,14,0,3,5,0,0,0,9,0,34,0,0,0,0,0,0,0,0,0,4,0,0,0,0,0,0,0,0,0,0,0,0,0,0,0,0,0,0,0,0,0,0,0,0,0,0,0,0,0,5,27,15,3,13,6,0,0,8,6,79
SAL20689,0,0,0,0,0,0,0,0,0,0,0,0,0,0,0,0,0,0,0,0,3,0,3,0,0,0,0,4,3,14,0,0,0,0,0,0,0,0,0,0,0,0,0,0,0,0,0,0,0,0,0,0,0,0,0,0,0,0,0,0,0,0,0,0,0,0,0,0,0,3,10,0,0,0,0,0,0,4,3,25
SAL20690,0,0,0,0,0,0,0,0,0,0,0,0,0,0,0,0,0,0,0,4,5,0,0,0,0,0,0,0,0,5,0,0,0,0,0,0,0,0,0,0,0,0,0,0,0,0,0,0,0,0,0,0,0,0,0,0,0,0,0,0,0,0,0,0,0,0,0,0,0,0,10,7,0,0,0,0,0,4,0,15
SAL20691,0,0,0,0,0,0,0,0,0,0,0,0,0,0,0,0,0,0,0,3,5,0,0,0,0,0,0,0,0,10,0,0,0,0,0,0,0,0,0,0,0,0,0,0,0,0,0,0,0,0,0,0,0,0,0,0,0,0,0,0,0,0,0,0,0,0,0,0,0,0,8,0,0,0,0,0,0,4,0,21
SAL20692,0,0,0,0,0,0,0,0,0,0,0,0,0,0,0,0,0,0,0,0,3,0,5,0,0,0,3,0,0,11,0,0,0,0,0,0,0,0,0,0,0,0,0,0,0,0,3,0,0,3,0,0,0,0,0,0,0,0,0,0,0,0,0,0,0,0,0,0,0,0,0,0,5,0,0,0,4,0,0,16
SAL20693,0,0,0,0,0,0,0,0,0,0,0,0,0,0,0,0,0,0,0,4,0,0,0,0,0,0,0,0,0,0,0,0,0,0,0,0,0,0,0,0,0,0,0,0,0,0,0,0,0,0,0,0,0,0,0,0,0,0,0,0,0,0,0,0,0,0,0,0,0,0,5,6,0,0,0,0,0,0,0,6
SAL20694,0,0,0,0,0,0,0,0,0,4,0,0,0,0,0,0,0,0,0,0,0,0,0,0,0,0,0,0,0,0,0,0,0,0,0,0,0,0,0,0,0,0,0,0,0,0,0,0,0,0,0,0,0,0,0,0,0,0,0,0,0,0,0,0,0,0,0,0,0,0,0,3,0,0,0,0,0,0,0,6
SAL20695,0,0,0,0,0,0,0,0,0,0,0,0,0,0,0,0,0,0,0,0,0,0,0,0,0,0,0,0,0,5,0,0,0,0,0,0,0,0,0,0,0,0,0,0,0,0,0,0,0,0,0,0,0,0,0,0,0,0,0,0,0,0,0,0,0,0,0,0,0,0,4,0,0,0,0,0,0,0,0,11
SAL20696,5,0,0,0,0,0,0,0,0,4,0,0,0,0,0,0,0,0,0,0,14,0,3,0,4,0,0,0,0,23,0,0,0,0,0,0,0,0,0,0,0,0,0,0,0,0,0,0,0,0,0,0,0,0,0,0,0,0,0,0,0,0,0,0,0,0,0,0,0,7,18,4,5,3,4,0,0,3,0,46
SAL20697,14,21,9,10,20,3,0,5,0,87,29,30,23,58,22,7,6,11,0,186,43,22,232,88,49,44,38,50,0,577,0,0,3,5,3,0,4,4,0,28,3,4,3,5,7,3,0,3,0,28,0,0,0,0,0,0,0,0,0,3,6,0,0,0,4,3,0,0,0,20,186,365,285,222,158,85,65,87,16,1471
SAL20698,0,0,0,0,0,0,0,0,0,0,0,0,0,0,0,0,0,0,0,0,0,0,0,0,0,0,0,0,0,5,0,0,0,0,0,0,0,0,0,0,0,0,0,0,0,0,0,0,0,0,0,0,0,0,0,0,0,0,0,0,0,0,0,0,0,0,0,0,0,0,7,4,0,0,0,0,0,0,0,10
SAL20699,7,0,0,0,0,0,0,0,0,4,3,0,0,0,0,0,0,0,0,5,4,0,5,0,0,0,0,0,4,12,0,0,0,0,0,0,0,0,0,0,0,0,0,0,0,0,0,0,0,0,0,0,0,0,0,0,0,0,0,0,0,0,0,0,0,0,0,0,0,0,12,4,5,0,0,0,0,0,4,20
SAL20700,0,0,0,4,0,0,0,0,0,4,0,3,0,4,0,0,0,0,0,6,6,0,14,4,3,0,3,3,4,42,4,0,0,0,0,0,0,0,0,7,0,0,0,0,0,0,0,0,0,3,0,0,0,0,0,0,0,0,0,0,0,0,0,0,0,0,0,0,0,3,19,16,17,15,9,3,3,10,0,96
SAL20701,0,0,0,0,0,3,0,0,0,11,0,0,0,3,3,0,0,0,0,21,3,3,33,4,5,0,9,0,0,67,0,0,0,0,0,0,0,0,0,0,0,0,0,0,0,0,0,0,0,3,0,0,0,0,0,0,0,0,0,0,0,3,0,0,0,0,0,0,0,7,13,29,36,14,14,15,6,4,6,138
SAL20702,13,8,3,9,4,6,10,7,0,64,14,8,30,42,13,5,16,12,3,144,18,7,84,44,20,13,34,28,10,257,6,0,9,9,0,0,6,0,0,27,4,0,0,8,3,0,3,3,0,26,0,0,0,0,0,0,0,0,0,8,0,4,10,7,3,4,4,9,5,46,84,211,184,173,95,58,118,93,31,1056
SAL20703,0,0,0,0,0,0,0,0,0,0,0,0,0,0,0,0,0,0,0,5,0,0,3,0,0,0,4,4,0,13,0,0,0,0,0,0,0,0,0,0,0,0,0,0,0,0,0,0,0,0,0,0,0,0,0,0,0,0,0,0,0,0,0,0,0,0,0,0,0,3,6,4,7,5,0,0,4,7,0,32
SAL20704,0,0,0,0,0,0,0,0,0,0,0,0,0,0,0,0,0,0,0,4,0,0,3,0,0,0,0,0,0,12,0,0,0,0,0,0,0,0,0,0,0,0,0,0,0,0,0,0,0,0,0,0,0,0,0,0,0,0,0,0,0,0,0,0,0,0,0,0,0,4,9,0,4,0,0,0,0,0,0,16
SAL20705,0,0,0,0,0,0,0,0,0,0,0,0,0,0,0,0,0,0,0,0,0,0,0,0,0,0,0,0,0,0,0,0,0,0,0,0,0,0,0,0,0,0,0,0,0,0,0,0,0,0,0,0,0,0,0,0,0,0,0,0,0,0,0,0,0,0,0,0,0,0,0,0,0,0,0,0,0,0,0,0
SAL20706,0,0,4,0,0,0,0,0,0,12,0,0,0,13,0,3,0,4,0,34,16,3,44,23,9,12,8,18,5,137,0,0,0,3,0,0,0,0,0,10,0,0,0,0,0,0,0,0,0,9,0,0,0,0,0,0,0,0,0,0,0,0,0,0,0,4,0,4,0,12,23,64,49,51,13,21,11,35,5,269
SAL20707,37,44,100,53,61,23,65,66,5,448,73,59,172,243,97,41,100,127,22,933,62,39,552,276,103,85,194,222,33,1562,3,0,25,14,10,16,22,31,3,140,6,5,33,41,27,11,32,36,4,198,4,15,15,8,0,0,19,22,6,96,16,16,33,22,9,12,36,52,49,253,465,1356,1204,1034,763,374,752,917,181,7055
SAL20708,48,66,68,44,56,34,39,41,5,404,78,88,137,164,120,53,62,88,9,802,102,45,590,241,136,73,175,165,22,1556,3,7,3,16,22,10,13,20,6,109,10,12,25,35,22,16,26,24,0,171,5,12,11,7,11,0,5,4,3,65,11,21,22,36,21,11,16,31,30,197,576,1475,1060,789,768,348,478,548,126,6170
SAL20709,0,0,0,0,0,0,0,0,0,3,0,0,0,0,0,0,0,0,0,0,0,0,5,0,0,0,3,0,0,10,0,0,0,0,0,0,0,0,0,0,0,0,0,0,0,0,0,0,0,0,0,0,0,0,0,0,0,0,0,0,0,0,0,0,0,0,0,0,0,5,0,7,8,5,0,0,6,7,3,28
SAL20710,0,0,0,0,0,0,0,0,0,0,0,0,0,0,0,0,0,0,0,0,0,0,0,0,0,0,0,0,0,0,0,0,0,0,0,0,0,0,0,0,0,0,0,0,0,0,0,0,0,0,0,0,0,0,0,0,0,0,0,0,0,0,0,0,0,0,0,0,0,0,0,0,0,0,0,0,0,0,0,0
SAL20711,5,0,0,0,0,0,0,0,0,4,0,0,0,0,0,0,0,0,0,5,0,0,0,0,0,0,3,0,0,12,0,0,0,0,0,0,0,0,0,0,0,0,0,0,0,0,0,0,0,0,0,0,0,0,0,0,0,0,0,0,0,0,0,0,0,0,0,0,0,0,7,0,0,3,4,0,3,0,0,23
SAL20712,30,36,30,42,40,7,8,7,3,208,50,55,43,88,80,19,13,17,4,372,138,50,480,181,148,64,111,116,30,1311,7,3,4,6,14,10,3,7,0,53,9,4,10,9,15,11,7,6,0,67,5,4,0,8,5,0,0,0,0,20,3,7,6,10,11,5,4,8,19,75,377,684,606,430,387,149,162,188,65,3065
SAL20713,0,0,0,0,0,0,0,0,0,0,0,0,0,0,0,0,0,0,0,0,0,0,3,0,3,0,0,0,0,9,0,0,0,0,0,0,0,0,0,0,0,0,0,0,0,0,0,0,0,0,0,0,0,0,0,0,0,0,0,0,0,0,0,0,0,0,0,0,0,0,4,6,3,0,3,0,0,0,0,21
SAL20714,0,0,0,0,0,0,0,0,0,0,3,0,0,0,0,0,0,0,0,3,0,0,0,0,0,0,0,0,0,7,0,0,0,0,0,0,0,0,0,0,0,0,0,0,0,0,0,0,0,0,0,0,0,0,0,0,0,0,0,0,0,0,0,0,0,0,0,0,0,0,11,6,0,0,0,0,0,5,0,15
SAL20715,6,0,0,3,0,0,0,0,0,14,0,3,0,5,3,0,0,0,0,26,11,0,45,8,15,4,15,16,4,117,0,0,0,0,4,0,0,0,0,5,0,0,0,0,5,0,0,0,0,9,0,0,0,0,0,0,0,0,0,0,5,0,0,0,0,0,0,0,0,7,35,55,51,31,28,6,18,18,4,241
SAL20716,0,0,0,5,0,0,0,0,0,15,5,0,0,5,3,0,0,0,0,11,8,3,27,4,3,0,0,6,0,49,0,0,0,0,0,0,0,0,0,4,0,0,0,0,0,4,0,0,0,4,0,0,0,0,0,0,0,0,0,0,0,0,0,0,0,0,0,0,0,6,22,29,31,10,13,10,0,8,3,133
SAL20717,0,0,0,0,0,0,0,0,0,0,0,0,0,0,0,0,0,0,0,0,0,0,0,0,0,0,0,0,0,0,0,0,0,0,0,0,0,0,0,0,0,0,0,0,0,0,0,0,0,0,0,0,0,0,0,0,0,0,0,0,0,0,0,0,0,0,0,0,0,0,0,3,0,0,0,0,0,0,0,3
SAL20718,0,0,0,0,0,0,0,0,0,0,0,0,0,4,3,0,0,0,0,8,8,0,7,4,0,0,4,8,0,35,0,0,0,0,0,0,0,4,0,0,0,0,0,0,0,0,0,0,0,0,0,0,0,0,0,0,0,0,0,0,0,0,0,0,0,0,0,0,0,9,7,11,7,12,4,3,8,7,0,68
SAL20719,0,0,0,0,0,0,0,0,0,0,0,0,0,0,0,0,0,0,0,0,8,0,0,0,0,0,3,0,0,9,0,0,0,0,0,0,0,0,0,0,0,0,0,0,0,0,0,0,0,4,0,0,0,0,0,0,0,0,0,0,0,0,0,0,0,0,0,0,0,0,8,3,3,4,0,0,6,3,0,25
SAL20720,0,0,0,0,0,0,0,0,0,0,0,0,0,0,0,0,0,0,0,0,9,0,4,0,0,0,0,0,0,10,0,0,0,0,0,0,0,0,0,0,0,0,0,0,0,0,0,0,0,0,0,0,0,0,0,0,0,0,0,0,0,0,0,0,0,0,0,0,0,0,10,0,4,0,0,0,0,0,0,12
SAL20721,15,15,11,16,9,4,0,4,0,81,10,9,22,18,12,5,0,9,0,79,25,9,69,37,12,11,9,15,0,193,0,0,4,0,3,4,0,5,0,14,5,0,0,4,3,0,0,3,0,13,4,4,0,4,0,0,0,0,0,10,0,0,3,4,0,0,0,3,0,16,153,247,140,121,79,38,16,55,15,865
SAL20722,0,0,0,0,0,0,0,0,0,0,0,3,0,0,0,0,0,0,0,6,10,0,3,3,5,0,0,0,0,13,0,0,0,0,0,0,0,0,0,0,0,0,0,0,0,0,0,0,0,0,0,0,0,0,0,0,0,0,0,0,0,0,0,0,0,0,0,0,0,0,13,14,3,7,4,0,0,0,0,34
SAL20723,7,0,3,0,0,0,0,0,0,20,0,4,8,4,0,0,0,0,0,13,6,0,7,5,0,0,9,7,0,34,0,0,0,0,0,0,0,0,0,0,0,0,0,0,0,0,0,0,0,4,0,0,0,0,0,0,0,0,0,0,0,0,0,0,0,0,0,0,0,4,30,41,20,11,10,0,6,10,0,136
SAL20724,0,0,0,5,3,0,0,0,0,15,0,0,4,8,3,0,0,5,0,32,3,6,18,0,9,5,4,0,0,39,0,0,0,0,0,0,0,0,0,0,0,0,0,0,0,0,0,0,0,5,0,0,0,0,0,0,0,0,0,0,0,0,0,0,3,0,0,0,4,6,30,75,27,23,46,12,19,9,7,244
SAL20725,0,0,0,0,0,0,0,0,0,0,0,0,0,0,0,0,0,0,0,0,0,0,0,0,0,0,0,0,0,0,0,0,0,0,0,0,0,0,0,0,0,0,0,0,0,0,0,0,0,0,0,0,0,0,0,0,0,0,0,0,0,0,0,0,0,0,0,0,0,0,4,0,0,0,0,0,0,0,0,9
SAL20726,0,0,0,0,0,0,0,0,0,7,0,0,0,0,0,0,0,0,0,5,9,0,13,0,5,4,0,5,0,38,0,0,0,0,0,0,0,0,0,0,0,0,0,0,0,0,0,0,0,3,0,0,0,0,0,0,0,0,0,0,3,0,0,0,0,0,0,0,0,5,26,7,13,7,7,0,0,7,0,75
SAL20727,0,0,0,3,0,0,0,0,0,8,0,0,0,6,0,0,0,0,0,12,3,0,7,3,4,0,5,7,0,31,0,0,0,0,0,0,0,0,0,3,0,0,0,0,0,0,0,0,0,0,0,0,0,0,0,0,0,0,0,0,0,0,0,0,0,0,0,0,0,0,4,10,10,15,4,5,9,7,3,63
SAL20728,11,14,5,4,8,0,0,0,0,47,13,5,4,8,5,3,0,0,0,46,9,6,11,6,0,5,3,0,0,50,0,3,0,0,0,0,0,0,0,3,0,0,0,0,4,0,0,0,0,7,0,3,0,3,4,0,0,0,0,9,0,0,0,5,0,0,0,0,0,10,174,345,37,39,90,48,9,17,11,762
SAL20729,24,32,31,44,59,18,25,20,6,256,54,61,84,148,96,43,46,48,16,587,54,38,381,200,105,47,147,120,33,1112,3,0,14,11,13,7,12,23,0,85,7,3,14,27,18,6,14,17,5,110,4,11,3,3,10,5,5,0,0,47,3,8,14,22,9,3,21,14,35,138,353,1012,675,681,617,252,409,378,128,4509
SAL20730,14,13,10,6,15,3,0,9,0,65,13,16,13,57,26,10,3,11,5,146,61,25,234,124,77,48,48,85,15,722,4,0,0,6,9,8,4,7,0,45,4,3,7,15,10,5,0,5,0,42,0,0,0,0,0,0,0,0,0,0,4,4,0,4,0,6,0,3,3,22,134,323,276,250,183,95,58,134,24,1478
SAL20731,13,14,17,19,17,13,16,10,5,122,12,28,37,50,42,15,14,25,3,227,48,24,215,93,81,34,75,72,11,656,5,0,3,0,11,11,6,4,0,42,4,6,9,10,15,13,5,9,0,70,0,5,0,7,6,4,4,0,0,22,4,5,3,12,6,8,8,16,14,68,160,414,339,261,321,131,170,173,49,2025
SAL20732,0,0,0,0,0,0,0,0,0,0,0,0,0,0,0,0,0,0,0,3,0,0,0,0,0,0,0,0,0,0,0,0,0,0,0,0,0,0,0,0,0,0,0,0,0,0,0,0,0,0,0,0,0,0,0,0,0,0,0,0,0,0,0,0,0,0,0,0,0,0,0,0,0,0,0,0,0,0,0,4
SAL20733,0,0,0,0,0,0,0,0,0,0,0,0,0,0,0,0,0,0,0,4,5,0,0,0,0,0,0,0,0,6,0,0,0,0,0,0,0,0,0,0,0,0,0,0,0,0,0,0,0,0,0,0,0,0,0,0,0,0,0,0,0,0,0,0,0,0,0,0,0,0,5,3,0,3,0,0,0,0,0,14
SAL20734,0,0,0,0,0,0,0,0,0,0,0,0,0,0,0,0,0,0,0,0,0,0,0,0,0,0,0,0,0,4,0,0,0,0,0,0,0,0,0,0,0,0,0,0,0,0,0,0,0,0,0,0,0,0,0,0,0,0,0,0,0,0,0,0,0,0,0,0,0,0,0,0,0,0,0,4,0,0,0,10
SAL20735,0,0,0,0,0,0,0,0,0,0,0,0,0,0,0,0,0,0,0,0,3,0,0,0,0,0,0,0,0,3,0,0,0,0,0,0,0,0,0,0,0,0,0,0,0,0,0,0,0,0,0,0,0,0,0,0,0,0,0,0,0,0,0,0,0,0,0,0,0,0,0,0,0,0,0,0,0,0,0,7
SAL20736,4,0,0,0,0,0,0,0,0,4,10,5,4,4,0,0,0,0,0,17,18,0,20,3,4,4,0,15,0,65,0,0,0,0,0,0,0,0,0,3,0,0,0,0,0,0,0,0,0,0,0,0,0,0,0,0,0,0,0,3,3,0,0,0,0,0,0,0,0,3,49,14,21,12,5,6,3,20,0,128
SAL20737,5,8,6,11,11,0,0,0,0,39,6,10,8,22,13,4,0,6,0,75,41,8,141,45,25,25,29,28,4,342,0,0,5,0,7,3,0,3,0,13,0,0,0,6,7,0,4,3,0,25,0,0,0,0,0,0,0,0,0,5,0,0,4,0,3,3,0,3,0,17,60,130,161,99,74,42,35,54,7,668
SAL20738,0,0,0,0,3,0,0,0,0,0,0,0,0,0,0,0,0,0,0,3,3,0,7,4,0,0,0,0,0,17,0,0,0,0,0,0,0,0,0,0,0,0,0,0,0,0,0,0,0,0,0,0,0,0,0,0,0,0,0,0,0,0,0,0,0,0,0,0,0,0,18,9,6,7,3,5,0,4,0,47
SAL20739,0,0,0,0,0,0,0,0,0,0,0,0,0,0,0,0,0,0,0,0,0,0,0,0,0,0,0,0,0,0,0,0,0,0,0,0,0,0,0,0,0,0,0,0,0,0,0,0,0,0,0,0,0,0,0,0,0,0,0,0,0,0,0,0,0,0,0,0,0,0,0,0,0,0,0,0,0,0,0,0
SAL20740,0,0,0,0,0,0,0,0,0,3,0,0,0,0,0,0,0,0,0,0,0,0,0,0,0,0,0,0,0,0,0,0,0,0,0,0,0,0,0,0,0,0,0,0,0,0,0,0,0,0,0,0,0,0,0,0,0,0,0,0,0,0,0,0,0,0,0,0,0,0,3,0,0,0,0,0,0,0,0,3
SAL20741,0,3,4,7,4,0,0,0,0,11,0,0,0,5,0,0,0,4,0,13,5,0,27,13,3,6,6,9,0,74,0,0,0,0,0,0,0,5,0,3,0,0,0,0,6,0,0,0,0,4,0,0,0,0,0,0,0,0,0,0,0,0,0,5,0,0,0,0,0,11,13,35,43,29,17,9,12,16,0,166
SAL20742,0,0,0,0,0,0,0,0,0,3,0,5,0,0,0,0,0,0,0,3,3,0,0,0,0,0,0,0,0,3,0,0,0,0,0,0,0,0,0,0,0,0,0,0,0,0,0,0,0,0,0,0,0,0,0,0,0,0,0,0,4,0,0,0,0,0,0,0,0,3,7,0,0,0,0,0,3,0,0,20
SAL20743,18,31,16,28,27,10,22,10,0,167,28,35,40,60,59,24,35,26,8,317,36,26,173,75,66,20,71,52,14,531,8,0,0,4,10,0,15,9,0,39,5,11,6,11,14,5,9,7,0,64,0,3,0,0,7,4,0,0,0,19,4,9,7,11,7,3,14,10,19,86,288,732,322,301,431,122,234,167,65,2664
SAL20744,0,0,0,0,0,0,0,0,0,5,0,0,0,0,0,0,0,0,0,5,3,0,3,6,0,4,0,0,0,16,0,0,0,0,0,0,0,0,0,0,0,0,0,0,0,0,0,0,0,0,0,0,0,0,0,0,0,0,0,0,0,0,0,0,0,0,0,0,0,0,13,7,4,3,3,4,0,0,0,39
SAL20745,3,0,0,0,3,0,0,0,0,8,4,0,3,3,0,0,0,0,0,8,7,0,16,8,0,0,7,3,3,43,0,0,0,0,0,0,0,0,0,0,3,0,0,0,0,0,0,0,0,3,4,0,0,0,0,0,0,0,0,4,0,0,0,0,0,0,0,0,0,4,32,10,16,8,8,0,7,3,3,98
SAL20746,6,0,0,0,5,0,0,0,0,11,0,0,0,0,0,0,0,0,0,3,7,0,3,0,0,0,4,9,0,22,0,0,0,0,0,0,0,0,0,0,0,0,0,0,0,0,0,0,0,0,0,0,0,0,0,0,0,0,0,0,0,0,0,0,0,0,0,0,0,4,14,5,6,5,9,0,3,7,0,47
SAL20747,0,0,0,0,0,0,0,0,0,0,0,0,0,0,0,0,0,0,0,0,0,0,0,0,0,0,0,0,0,0,0,0,0,0,0,0,0,0,0,0,0,0,0,0,0,0,0,0,0,0,0,0,0,0,0,0,0,0,0,0,0,0,0,0,0,0,0,0,0,0,0,8,0,0,0,0,0,0,0,6
SAL20748,4,4,3,7,4,0,0,0,0,19,15,5,7,3,8,11,0,7,3,52,33,4,84,13,20,10,26,29,8,229,0,0,0,0,0,0,0,0,0,5,5,0,3,3,3,0,0,5,0,18,0,0,0,0,0,0,0,0,0,6,3,0,5,0,6,0,0,0,0,10,71,63,107,34,53,22,30,46,16,447
SAL20749,0,0,0,0,0,0,0,0,0,3,4,0,4,4,0,0,0,0,0,10,9,0,16,4,8,7,7,9,0,50,0,0,0,0,0,0,0,0,0,0,0,0,0,0,0,0,0,0,0,0,0,0,0,0,0,0,0,0,0,3,0,0,0,0,0,0,0,0,0,5,21,19,25,14,8,9,5,13,4,98
SAL20750,0,0,0,3,0,0,0,0,0,3,0,0,0,0,3,0,0,0,0,6,5,0,12,0,3,0,0,5,0,20,0,0,0,0,0,0,0,0,0,0,0,0,0,0,0,0,0,0,0,0,0,0,0,0,0,0,0,0,0,0,0,0,0,0,0,0,0,0,0,0,10,10,13,7,5,0,0,4,0,56
SAL20751,0,0,0,0,0,0,0,0,0,7,0,0,0,0,0,0,0,0,0,5,0,0,11,0,0,0,3,0,0,22,4,0,0,0,0,0,0,4,0,8,0,0,0,0,0,0,0,0,0,0,0,0,0,0,0,0,0,0,0,0,0,0,0,0,0,0,0,0,0,0,13,5,12,3,0,0,3,7,0,51
SAL20752,80,97,25,64,57,24,0,12,4,365,114,76,50,136,93,42,19,14,12,552,210,82,683,178,143,69,74,115,21,1583,8,0,6,11,23,10,5,10,0,66,15,15,6,28,26,4,3,9,0,106,3,13,8,6,0,0,0,4,0,37,10,10,8,12,16,3,0,7,11,87,861,1593,873,613,593,211,119,191,71,5113
SAL20753,0,0,0,0,0,0,0,0,0,7,0,0,0,0,0,0,0,0,0,5,3,0,5,0,0,0,0,3,0,9,0,0,0,0,0,0,0,0,0,0,0,0,0,0,0,0,0,0,0,0,0,0,0,0,0,0,0,0,0,0,0,0,0,0,0,0,0,0,0,0,6,0,3,4,3,0,0,5,0,31
SAL20754,19,22,12,19,27,13,7,8,4,130,27,26,33,69,48,21,12,17,0,268,64,28,254,82,100,28,74,68,16,715,4,0,3,4,4,3,4,0,0,33,4,0,3,12,14,4,5,4,0,49,0,4,0,0,0,3,5,0,0,20,4,9,6,3,7,5,5,13,7,55,220,533,371,267,310,118,140,144,45,2141
SAL20755,5,0,0,0,0,0,0,0,0,5,0,0,0,0,0,0,0,0,0,6,5,0,4,0,0,0,4,0,0,13,0,0,0,0,0,0,0,0,0,0,0,0,0,0,0,0,0,0,0,5,0,0,0,0,0,0,0,0,0,0,0,0,0,0,0,0,0,0,0,0,12,7,4,3,0,0,4,4,0,30
SAL20756,9,7,0,8,3,3,0,0,0,26,9,11,0,19,7,0,3,0,0,50,22,5,42,22,13,6,33,21,3,163,0,0,0,0,0,0,0,0,0,10,0,0,0,0,0,0,0,0,0,16,0,0,0,0,0,0,0,0,0,0,0,0,3,3,0,0,0,0,0,13,52,89,48,56,33,15,42,30,4,378
SAL20757,5,0,0,0,0,0,0,0,0,0,4,3,0,0,3,0,0,0,0,8,14,0,4,6,0,3,0,0,0,22,0,0,0,0,0,0,0,0,0,0,0,0,0,0,0,0,0,0,0,0,0,0,0,0,0,0,0,0,0,0,3,0,0,0,0,0,0,0,0,3,20,14,4,6,0,3,7,3,5,54
SAL20758,60,57,38,37,56,30,8,12,3,292,85,75,54,60,86,30,19,14,0,429,108,48,411,94,114,51,47,62,13,956,11,4,0,13,16,5,3,3,3,50,10,6,11,18,28,11,10,5,0,90,3,11,0,0,0,5,4,0,0,23,5,13,10,9,18,4,3,0,10,79,594,1029,584,321,532,223,118,127,46,3573
SAL20759,0,0,0,0,0,0,0,0,0,0,5,0,0,0,0,0,0,0,0,0,5,0,3,0,0,0,0,0,0,15,0,0,0,0,0,0,0,0,0,0,0,0,0,0,0,0,0,0,0,0,0,0,0,0,0,0,0,0,0,0,0,0,0,0,0,0,0,0,0,0,11,3,3,0,3,0,0,4,0,27
SAL20760,4,3,0,0,0,0,0,0,0,6,0,0,0,0,0,0,0,0,0,0,3,0,4,5,3,0,3,4,0,24,5,0,0,0,0,0,0,0,0,5,0,0,0,0,0,0,0,0,0,0,0,0,0,0,0,0,0,0,0,0,0,0,0,0,0,0,0,0,0,3,17,15,3,3,6,4,3,11,0,62
SAL20761,0,0,0,0,0,0,0,0,0,0,6,0,0,0,3,0,0,0,0,5,4,0,3,0,0,0,0,3,0,17,0,0,0,0,0,0,0,0,0,0,0,0,0,0,0,0,0,0,0,0,0,0,0,0,0,0,0,0,0,0,0,0,0,0,0,0,0,0,0,3,16,6,6,3,7,0,3,8,0,50
SAL20762,7,3,0,0,0,0,0,5,0,12,5,0,0,0,0,0,0,0,0,10,9,0,9,0,3,5,0,12,0,41,0,0,0,0,0,0,0,0,0,3,3,0,0,0,0,0,0,0,0,4,0,0,0,0,0,0,0,0,0,0,3,0,0,0,0,0,0,0,3,3,39,27,17,3,14,5,0,14,3,128
SAL20763,0,0,0,0,0,0,0,0,0,0,0,0,0,0,0,0,0,0,0,0,3,0,0,0,0,0,0,0,0,3,0,0,0,0,0,0,0,0,0,0,0,0,0,0,0,0,0,0,0,0,0,0,0,0,0,0,0,0,0,0,0,0,0,0,0,0,0,0,0,0,10,0,0,0,0,0,0,0,0,7
SAL20764,3,0,0,0,0,0,0,0,0,8,0,0,0,0,0,0,0,0,0,0,0,0,3,0,0,0,0,0,0,10,0,0,0,0,0,0,0,0,0,0,0,0,0,0,0,0,0,0,0,0,0,0,0,0,0,0,0,0,0,0,0,5,0,0,0,0,0,0,0,5,12,8,4,3,5,0,0,0,0,37
SAL20765,0,0,0,0,0,0,0,0,0,0,0,0,0,0,0,0,0,0,0,5,0,0,3,0,0,0,0,0,0,8,0,0,0,0,0,0,0,0,0,0,0,0,0,0,0,0,0,0,0,0,0,0,0,0,0,0,0,0,0,0,0,0,0,0,0,0,0,0,0,0,3,3,4,0,0,0,0,0,0,16
SAL20766,66,71,42,26,51,30,4,10,4,308,111,90,100,74,83,49,18,31,3,565,99,57,146,95,80,45,29,35,8,586,5,4,4,3,11,4,0,0,0,44,15,22,14,11,10,13,3,0,4,104,15,38,8,10,10,4,0,6,9,93,11,28,5,8,8,3,0,14,20,99,1302,3809,543,565,857,462,150,323,140,8151
SAL20767,0,0,0,0,0,0,0,0,0,0,0,0,0,0,0,0,0,0,0,0,0,0,0,0,0,0,0,0,0,3,0,0,0,0,0,0,0,0,0,0,0,0,0,0,0,0,0,0,0,0,0,0,0,0,0,0,0,0,0,0,0,0,0,0,0,0,0,0,0,0,0,0,0,0,0,0,0,0,0,4
SAL20768,0,0,0,0,0,0,0,0,0,4,0,0,0,0,0,0,0,0,0,0,0,0,6,0,0,0,0,0,0,4,0,0,0,0,0,0,0,0,0,0,0,0,0,0,0,0,0,0,0,0,0,0,0,0,0,0,0,0,0,0,0,0,0,0,0,0,0,0,0,0,8,0,6,3,0,0,0,0,0,21
SAL20769,0,6,0,3,0,0,0,0,0,15,4,3,0,8,6,0,0,3,0,23,4,0,36,12,9,8,15,6,0,83,0,0,0,0,4,0,0,0,0,10,0,0,0,4,0,0,0,0,0,4,0,0,5,0,0,0,0,0,0,5,0,0,0,6,0,0,0,0,3,6,25,31,49,32,22,5,16,14,7,195
SAL20770,4,0,4,3,5,0,0,0,0,18,12,14,0,5,0,0,0,4,0,29,31,9,37,15,12,4,23,23,3,158,3,0,0,3,0,0,0,0,0,8,0,4,0,0,0,0,0,4,0,10,0,0,0,0,0,0,0,0,0,7,5,0,0,5,0,0,0,8,0,26,61,77,46,40,28,16,30,45,8,351
SAL20771,82,98,69,60,79,52,24,34,13,506,118,101,98,148,122,81,30,48,11,750,110,54,328,160,89,87,42,82,22,973,3,5,7,7,12,10,5,9,0,66,28,16,10,27,35,16,4,15,4,152,13,22,8,9,7,12,3,5,0,74,20,25,18,15,21,13,3,12,36,171,1454,3455,852,807,1124,625,207,357,202,9092
SAL20772,117,131,80,90,103,55,18,39,10,643,134,124,105,176,143,87,30,42,21,865,134,73,449,195,149,84,57,97,21,1265,9,4,12,13,26,14,0,10,0,90,31,21,20,30,40,30,10,6,0,184,19,36,9,10,13,17,3,7,5,113,26,36,17,17,20,13,8,8,34,185,1800,4067,1024,995,1468,712,235,378,222,10916
SAL20773,11,8,4,7,10,0,11,4,0,60,7,11,10,29,15,3,21,7,3,105,17,4,68,39,25,7,14,9,5,190,0,0,3,0,6,0,0,0,0,15,0,0,0,3,0,0,0,4,0,5,3,3,3,4,0,3,6,0,0,15,0,0,3,3,0,0,0,3,3,22,75,213,123,141,88,49,91,48,10,846
SAL20774,74,66,28,22,50,25,7,10,5,292,70,55,47,64,61,28,5,15,5,357,91,37,246,73,71,48,31,46,11,661,3,3,8,3,14,3,4,0,0,35,14,11,11,8,24,7,0,7,0,80,10,12,8,6,8,3,0,0,0,42,13,18,4,5,14,3,0,5,17,86,897,1703,448,332,571,262,78,117,70,4478
SAL20775,0,0,0,0,0,0,0,0,0,0,0,0,0,0,0,0,0,0,0,0,4,0,0,0,0,0,0,0,0,3,0,0,0,0,0,0,0,0,0,0,0,0,0,0,0,0,0,0,0,0,0,0,0,0,0,0,0,0,0,0,0,0,0,0,0,0,0,0,0,0,4,0,0,3,0,0,0,0,0,5
SAL20776,0,3,0,0,0,0,0,0,0,9,3,0,0,8,3,0,0,0,0,22,5,0,19,4,0,0,3,3,4,43,0,0,0,0,0,0,0,0,0,0,0,0,0,0,0,0,0,0,0,0,0,0,0,0,0,0,0,0,0,0,0,3,0,0,3,0,0,0,0,7,12,20,20,10,12,3,7,4,5,91
SAL20777,0,0,0,0,0,0,0,0,0,4,0,0,0,0,0,0,0,0,0,10,12,3,11,4,5,9,5,0,0,49,0,0,0,0,0,0,0,0,0,0,0,0,0,0,0,0,0,0,0,0,0,0,0,0,0,0,0,0,0,0,0,0,0,0,0,0,0,3,0,5,24,30,18,7,12,7,3,9,0,111
SAL20778,0,0,0,0,0,0,0,0,0,0,0,0,0,0,0,0,0,4,0,3,0,0,0,0,0,0,0,0,0,3,0,0,0,0,0,0,0,0,0,0,0,0,0,0,0,0,0,0,0,0,0,0,0,0,0,0,0,0,0,0,0,0,0,0,0,0,0,0,0,0,0,7,0,3,0,4,0,4,0,14
SAL20779,102,104,82,121,118,38,23,15,6,602,186,190,133,318,238,90,48,64,16,1281,348,149,1316,430,356,198,192,250,64,3313,15,7,8,26,46,20,8,21,0,158,26,22,31,54,51,33,23,26,0,259,3,21,6,7,8,3,5,0,0,55,12,19,15,25,36,15,11,14,23,173,1257,2569,1733,1405,1269,555,376,486,163,9816
SAL20780,0,0,0,0,0,0,0,0,0,0,0,0,0,0,0,0,0,0,0,0,0,0,0,0,0,0,0,0,0,0,0,0,0,0,0,0,0,0,0,0,0,0,0,0,0,0,0,0,0,0,0,0,0,0,0,0,0,0,0,0,0,0,0,0,0,0,0,0,0,0,0,0,0,0,0,0,0,0,0,0
SAL20781,0,0,0,0,0,0,0,0,0,0,0,0,0,0,0,0,0,0,0,0,0,0,0,0,0,0,0,0,0,0,0,0,0,0,0,0,0,0,0,0,0,0,0,0,0,0,0,0,0,0,0,0,0,0,0,0,0,0,0,0,0,0,0,0,0,0,0,0,0,0,0,0,0,0,0,0,0,0,0,0
SAL20782,0,0,0,0,0,0,0,0,0,0,0,0,0,0,0,0,0,0,0,4,5,0,0,0,0,0,0,0,0,9,0,0,0,0,0,0,0,0,0,0,0,0,0,0,0,0,0,0,0,0,0,0,0,0,0,0,0,0,0,0,0,0,0,0,0,0,0,0,0,0,10,0,0,0,0,0,0,0,0,21
SAL20783,11,3,27,16,21,9,22,11,6,114,19,19,47,52,35,13,34,32,4,256,26,9,225,115,39,42,81,77,23,632,0,3,9,7,0,0,6,9,0,42,6,0,6,11,0,6,9,11,0,50,0,3,11,3,5,0,3,7,0,33,0,4,20,9,5,7,15,18,16,94,120,318,405,327,216,110,251,239,56,2042
SAL20784,0,0,0,0,3,0,0,0,0,7,0,0,0,0,0,0,0,0,0,0,0,0,0,0,0,0,0,0,4,6,0,0,0,0,0,0,0,0,0,0,0,0,0,0,0,0,0,0,0,0,0,0,0,0,0,0,0,0,0,0,0,0,0,0,0,0,0,0,0,0,4,3,0,0,5,0,3,0,4,19
SAL20785,0,0,0,0,0,0,0,0,0,0,0,0,0,0,0,0,0,0,0,0,0,0,0,0,0,0,0,0,0,3,0,0,0,0,0,0,0,0,0,0,0,0,0,0,0,0,0,0,0,0,0,0,0,0,0,0,0,0,0,0,0,0,0,0,0,0,0,0,0,0,0,0,0,0,0,0,0,0,0,3
SAL20786,0,0,0,0,0,0,0,0,0,0,0,0,0,0,0,0,0,0,0,4,0,0,4,5,0,0,0,4,0,12,0,0,0,0,0,0,0,0,0,0,0,0,0,0,0,0,0,0,0,0,0,0,0,0,0,0,0,0,0,0,0,0,0,0,0,0,0,0,0,0,4,8,8,5,3,0,0,4,0,31
SAL20787,3,0,0,0,0,0,0,0,0,3,0,0,0,0,0,0,0,0,0,0,3,0,0,0,0,0,0,0,0,8,0,0,0,0,0,0,0,0,0,0,0,0,0,0,0,0,0,0,0,0,0,0,0,0,0,0,0,0,0,0,0,0,0,0,0,0,0,0,0,0,8,5,0,0,0,0,0,0,0,15
SAL20788,27,30,29,15,23,11,0,4,5,154,33,20,30,49,26,20,3,9,0,191,89,23,327,74,59,43,36,46,10,715,3,0,3,0,4,8,0,3,0,28,7,0,4,7,9,3,0,3,0,47,3,4,0,0,0,0,0,0,0,4,12,0,10,9,6,4,6,4,8,61,282,422,444,239,181,126,54,92,40,1880
SAL20789,0,0,0,0,0,0,0,0,0,0,0,0,0,0,0,0,0,0,0,0,0,0,0,0,0,0,0,0,0,0,0,0,0,0,0,0,0,0,0,0,0,0,0,0,0,0,0,0,0,0,0,0,0,0,0,0,0,0,0,0,0,0,0,0,0,0,0,0,0,0,9,0,0,0,0,0,0,0,0,5
SAL20790,39,70,25,40,48,15,7,15,4,266,74,77,61,142,76,47,16,27,8,522,194,85,753,303,214,123,194,231,35,2132,10,4,12,10,18,18,7,22,0,87,16,8,14,37,17,13,9,17,0,131,4,11,3,4,7,0,0,5,0,29,4,11,3,21,17,8,12,13,17,106,499,989,918,698,495,264,251,362,76,4554
SAL20791,0,0,0,0,0,0,0,0,0,0,0,0,0,7,0,0,0,0,0,10,3,0,11,0,0,0,0,3,0,25,0,0,0,0,0,0,0,0,0,0,0,0,0,0,0,0,0,0,0,0,0,0,0,0,0,0,0,0,0,0,0,0,0,3,0,0,0,0,0,0,11,13,17,10,4,5,0,4,0,60
SAL20792,3,0,0,0,0,0,0,0,0,12,0,4,0,0,0,0,0,0,0,8,13,4,20,5,0,3,3,11,0,54,0,0,0,0,0,0,0,0,0,0,0,0,0,0,0,0,0,0,0,5,0,0,0,0,0,0,0,0,0,0,0,0,0,0,0,0,0,0,0,3,26,22,20,9,7,4,4,12,0,111
SAL20793,6,3,0,0,4,0,0,0,0,13,0,4,0,0,3,0,0,0,0,11,11,5,19,0,7,3,3,7,0,48,0,0,0,0,0,0,0,0,0,0,0,4,0,0,0,0,0,0,0,3,0,0,0,0,0,0,0,0,0,0,0,0,0,0,0,0,0,6,0,5,25,29,20,9,13,6,3,10,0,118
SAL20794,0,0,0,0,0,0,0,4,0,4,0,0,0,0,0,0,0,0,0,0,3,0,0,0,0,0,0,0,0,7,0,0,0,0,0,0,0,0,0,0,0,0,0,0,0,0,0,0,0,0,0,0,0,0,0,0,0,0,0,0,0,0,0,0,0,0,0,0,0,0,3,4,0,0,3,0,0,4,0,12
SAL20795,0,0,0,0,0,0,0,0,0,4,3,0,0,4,0,0,0,0,0,9,0,0,3,0,0,0,3,0,0,16,0,0,0,0,0,0,0,0,0,0,0,0,0,0,0,0,0,0,0,0,0,0,0,0,0,0,0,0,0,0,0,0,0,0,0,0,0,0,0,9,14,4,3,9,3,0,9,0,0,40
SAL20796,4,10,4,0,0,0,0,0,0,17,0,3,0,13,4,0,0,0,0,18,4,0,12,5,0,0,3,3,3,38,0,0,0,0,0,0,0,0,0,0,0,5,0,5,0,0,0,4,0,5,0,0,0,3,0,0,0,0,0,4,3,0,0,0,0,0,0,0,0,3,37,98,19,24,16,8,6,9,6,218
SAL20797,6,0,0,0,0,0,0,0,0,6,0,0,0,0,0,0,0,0,0,0,3,0,0,0,0,0,0,0,0,3,0,0,0,0,0,0,0,0,0,0,0,0,0,0,0,0,0,0,0,0,0,0,0,0,0,0,0,0,0,0,0,0,0,0,0,0,0,0,0,0,6,4,0,0,0,0,0,0,0,11
SAL20798,5,0,0,0,0,0,0,0,0,3,3,0,0,0,3,0,0,3,0,9,3,4,9,3,0,0,0,4,0,25,0,0,0,0,0,0,0,0,0,0,0,0,0,3,0,0,0,0,0,3,0,0,0,0,0,0,0,0,0,0,0,3,0,0,0,0,0,0,0,7,12,36,15,9,9,0,4,7,5,100
SAL20799,0,0,0,0,0,0,0,0,0,3,6,0,0,0,0,0,0,0,0,10,4,3,12,7,0,0,0,0,0,30,0,0,0,0,0,0,0,0,0,0,0,0,0,0,0,0,0,0,0,0,0,0,0,0,0,0,0,0,0,0,6,0,0,0,0,0,0,0,0,0,24,22,16,7,4,9,0,0,0,79
SAL20800,0,0,0,0,0,0,0,0,0,4,0,0,0,0,0,0,0,0,0,4,7,0,0,0,0,4,0,3,0,20,0,0,0,0,0,0,0,0,0,0,0,0,0,0,0,0,0,0,0,4,0,0,0,0,0,0,0,0,0,0,0,0,0,0,0,0,0,0,0,4,13,5,0,3,0,5,0,3,4,43
SAL20801,0,0,0,0,0,0,0,0,0,0,0,0,0,0,0,0,0,0,0,0,0,0,0,0,0,0,0,0,0,0,0,0,0,0,0,0,0,0,0,0,0,0,0,0,0,0,0,0,0,0,0,0,0,0,0,0,0,0,0,0,0,0,0,0,0,0,0,4,0,4,7,0,0,4,0,0,0,4,0,15
SAL20802,17,21,7,16,17,7,7,3,3,103,14,18,20,43,28,9,6,11,0,151,47,19,181,92,47,35,35,57,11,532,7,5,0,6,4,7,0,3,0,31,0,3,0,6,11,4,3,4,0,38,0,0,0,0,0,0,4,0,0,6,4,6,0,4,7,0,0,3,0,24,183,353,248,224,154,70,57,97,31,1415
SAL20803,0,0,0,0,0,0,0,0,0,4,0,0,0,0,0,0,0,0,0,0,0,0,0,0,0,0,0,0,0,3,0,0,0,0,0,0,0,0,0,0,0,0,0,0,0,0,0,0,0,0,0,0,0,0,0,0,0,0,0,0,0,0,0,0,0,0,0,0,0,0,0,3,0,0,0,0,0,4,0,10
SAL20804,0,0,0,0,0,0,0,0,0,6,0,5,0,0,0,0,0,0,0,4,12,0,20,9,11,5,9,6,5,64,0,0,0,0,0,0,0,0,0,5,0,0,0,0,0,0,0,0,0,4,0,0,0,0,0,0,0,0,0,0,3,0,0,0,0,0,0,0,0,4,27,16,21,15,9,8,3,10,4,120
SAL20805,0,0,0,0,0,0,0,0,0,0,0,0,0,0,0,0,0,0,0,0,6,0,0,0,0,0,0,0,0,7,0,0,0,0,0,0,0,0,0,0,0,0,0,0,0,0,0,0,0,0,0,0,0,0,0,0,0,0,0,0,0,0,0,0,0,0,0,0,0,0,8,5,3,0,0,0,0,0,6,22
SAL20806,0,0,0,0,0,0,0,0,0,0,0,0,0,0,0,0,0,0,0,0,0,0,0,0,0,0,0,0,0,0,0,0,0,0,0,0,0,0,0,0,0,0,0,0,0,0,0,0,0,0,0,0,0,0,0,0,0,0,0,0,0,0,0,0,0,0,0,0,0,0,0,0,0,0,0,0,0,0,0,6
SAL20807,0,0,0,0,0,0,0,0,0,5,0,0,0,0,0,0,0,0,0,0,0,0,0,0,0,0,0,0,0,10,0,0,0,0,0,0,0,0,0,0,0,0,0,0,0,0,0,0,0,0,0,0,0,0,0,0,0,0,0,0,0,0,0,0,0,0,0,0,0,0,3,3,4,8,0,0,0,4,0,23
SAL20808,0,0,4,0,0,0,0,0,0,4,0,0,0,0,0,0,0,0,0,0,3,0,0,0,0,0,0,0,0,7,0,0,0,0,0,0,0,0,0,0,0,0,0,0,0,0,0,5,0,0,0,0,0,0,0,0,0,0,0,0,0,0,0,0,0,0,0,0,0,0,7,3,4,0,0,0,0,4,0,19
SAL20809,4,8,0,0,5,0,0,0,0,14,4,4,3,8,6,0,0,0,0,20,19,5,26,7,10,3,9,9,0,82,3,0,0,0,0,0,0,0,0,6,0,0,0,0,0,0,0,3,0,4,0,0,0,0,0,0,0,0,0,0,4,0,0,3,0,0,0,0,0,9,69,56,39,28,34,11,7,25,0,265
SAL20810,0,0,0,0,0,0,0,0,0,0,0,0,0,0,0,0,0,0,0,0,5,0,0,0,0,0,0,0,0,7,0,0,0,0,0,0,0,0,0,0,0,0,0,0,0,0,0,0,0,0,0,0,0,0,0,0,0,0,0,0,0,0,0,0,0,0,0,0,0,0,6,0,0,0,0,0,0,0,0,9
SAL20811,0,0,0,0,0,0,0,0,0,0,0,0,0,0,0,0,0,0,0,0,0,0,0,0,0,0,0,0,0,0,0,0,0,0,0,0,0,0,0,0,0,0,0,0,0,0,0,0,0,0,0,0,0,0,0,0,0,0,0,0,0,0,0,0,0,0,0,0,0,0,3,0,0,0,0,0,0,0,0,5
SAL20812,0,0,0,0,0,0,0,0,0,8,3,0,0,0,3,0,0,0,0,12,6,0,12,5,6,0,0,4,0,36,0,0,0,0,0,0,0,0,0,4,0,0,0,0,0,0,0,0,0,3,0,0,0,0,0,0,0,0,0,0,0,0,0,0,0,0,0,0,0,4,17,12,17,4,15,6,0,4,0,83
SAL20813,0,4,0,9,0,7,0,0,0,12,0,5,0,12,0,0,0,0,0,24,11,0,21,7,4,5,8,7,4,69,0,0,0,0,4,0,0,0,0,5,0,0,0,0,0,0,0,0,0,6,0,0,0,0,0,0,0,0,0,0,3,0,0,0,0,3,0,0,0,6,17,21,25,22,8,9,13,17,3,145
SAL20814,0,0,0,0,0,0,0,0,0,0,0,0,0,0,0,0,0,0,0,0,0,0,0,0,0,0,0,5,0,13,0,0,0,0,0,0,0,0,0,0,0,0,0,0,0,0,0,0,0,0,0,0,0,0,0,0,0,0,0,0,0,0,0,0,0,0,0,0,0,0,7,4,4,3,0,0,0,5,0,27
SAL20815,0,0,0,0,0,0,0,0,0,0,0,0,0,0,0,0,0,0,0,0,0,0,0,0,0,0,0,0,0,0,0,0,0,0,0,0,0,0,0,0,0,0,0,0,0,0,0,0,0,0,0,0,0,0,0,0,0,0,0,0,0,0,0,0,0,0,0,0,0,0,4,0,0,0,0,0,0,0,0,3
SAL20816,4,3,0,5,0,0,0,0,0,14,0,0,3,0,6,0,0,0,0,15,3,0,25,8,3,6,3,9,0,54,0,0,0,0,0,0,0,0,0,3,0,0,0,0,0,0,0,0,0,0,0,0,0,0,0,0,0,0,0,0,0,0,0,0,0,0,0,0,0,0,22,40,28,12,22,3,5,14,0,151
SAL20817,3,0,0,0,0,0,0,0,0,3,0,0,0,0,0,0,0,0,0,0,9,0,0,0,0,0,0,0,0,11,0,0,0,0,0,0,0,0,0,0,0,0,0,0,0,0,0,0,0,0,0,0,0,0,0,0,0,0,0,0,0,0,0,0,0,0,0,0,0,0,18,0,0,0,0,0,0,0,0,17
SAL20818,0,0,0,0,0,0,0,0,0,0,0,0,0,0,0,0,0,0,0,0,3,0,0,0,0,0,3,0,0,10,0,0,0,0,0,0,0,0,0,0,0,0,0,0,0,0,0,0,0,0,0,0,0,0,0,0,0,0,0,0,0,0,0,0,0,0,0,0,0,0,3,0,0,4,0,0,0,0,0,10
SAL20819,0,0,0,0,0,0,0,0,0,0,0,0,0,0,0,0,0,0,0,0,0,0,0,0,0,0,0,0,0,0,0,0,0,0,0,0,0,0,0,0,0,0,0,0,0,0,0,0,0,0,0,0,0,0,0,0,0,0,0,0,0,0,0,0,0,0,0,0,0,0,0,0,0,0,0,0,0,0,0,0
SAL20820,0,0,0,0,0,0,0,3,0,0,0,0,0,0,0,0,0,0,0,0,4,0,5,4,0,0,3,0,0,23,0,0,0,0,0,0,0,0,0,0,0,0,0,0,0,0,0,0,0,5,0,0,0,0,0,0,0,0,0,0,0,0,0,0,0,0,0,0,0,0,5,3,5,3,8,0,3,0,0,31
SAL20821,0,0,0,0,0,0,0,0,0,0,0,0,0,0,0,0,0,0,0,0,0,0,0,0,0,0,0,0,0,4,0,0,0,0,0,0,0,0,0,0,0,0,0,0,0,0,0,0,0,0,0,0,0,0,0,0,0,0,0,0,4,0,0,0,0,0,0,0,0,4,6,0,0,0,0,0,0,0,0,12
SAL20822,4,5,0,4,5,0,0,0,0,20,9,3,0,9,14,3,0,0,0,32,19,7,48,21,20,13,10,14,0,149,0,0,0,0,3,0,0,4,0,4,0,0,0,8,0,0,0,0,0,9,0,3,0,0,0,0,0,0,0,3,3,0,0,0,0,0,3,0,0,10,57,92,53,52,45,18,12,19,0,352
SAL20823,15,18,0,27,5,4,3,8,0,73,16,28,13,44,25,13,5,14,5,167,45,28,219,117,75,52,62,80,11,686,0,0,3,12,11,5,4,8,0,46,0,7,3,11,9,4,3,10,0,48,0,0,0,0,0,0,0,0,0,3,0,0,10,14,3,7,6,14,3,58,123,314,261,277,159,97,94,146,21,1495
SAL20824,0,0,0,0,0,0,0,0,0,0,0,0,0,0,0,0,0,0,0,0,0,0,0,0,0,0,0,0,0,3,0,0,0,0,0,0,0,0,0,0,0,0,0,0,0,0,0,0,0,0,0,0,0,0,0,0,0,0,0,0,0,0,0,0,0,0,0,0,0,0,0,0,0,0,0,0,0,0,0,3
SAL20825,12,21,3,11,21,8,0,0,0,78,20,13,11,10,22,4,0,4,0,79,34,16,57,18,14,7,5,7,0,161,0,0,0,0,3,3,0,0,0,12,6,3,0,5,5,5,0,0,0,20,0,6,0,0,0,6,0,0,0,11,0,5,0,0,7,4,0,0,5,22,342,780,101,85,185,77,13,27,21,1633
SAL20826,0,0,0,0,0,0,0,0,0,3,0,0,3,0,0,0,0,0,0,6,0,0,3,0,0,0,0,0,0,5,0,0,0,0,0,0,0,0,0,0,0,0,0,0,0,0,0,0,0,0,0,0,0,0,0,0,0,0,0,0,0,0,0,0,0,0,0,0,0,0,8,6,7,0,4,0,0,3,0,31
SAL20827,3,3,0,6,4,0,0,0,0,20,0,0,0,9,8,0,0,6,5,39,6,3,33,24,11,9,11,18,0,109,0,0,0,0,0,0,0,4,0,9,0,0,0,0,0,0,0,0,0,7,0,0,0,0,0,0,0,0,0,5,6,0,0,3,0,0,3,0,0,15,25,52,36,55,24,20,23,37,3,267
SAL20828,4,6,5,6,6,0,0,3,0,43,11,13,13,18,12,4,0,11,0,70,32,12,72,33,17,12,19,34,6,239,0,0,0,0,6,0,3,3,0,18,0,0,0,3,0,0,0,0,0,13,0,0,0,0,0,0,0,0,0,0,4,3,0,0,0,0,0,0,0,11,81,226,106,88,72,37,29,62,8,706
SAL20829,17,25,18,23,18,3,4,0,0,116,21,23,28,45,32,16,7,13,0,168,41,15,153,46,38,18,12,28,4,354,0,5,0,0,4,3,0,4,0,18,8,0,3,13,8,4,0,0,0,31,6,0,3,0,0,0,0,0,0,14,3,0,3,5,0,5,0,0,3,25,234,660,232,195,183,70,33,61,19,1693
SAL20830,35,44,4,6,17,5,0,4,0,111,27,27,12,25,36,14,0,3,3,142,19,19,42,11,23,7,3,10,0,134,0,3,3,0,3,0,0,0,0,8,6,4,3,4,0,5,0,0,3,26,6,9,0,5,6,0,0,0,0,17,7,16,0,5,0,0,0,0,4,32,538,1452,101,131,248,98,15,42,41,2668
SAL20831,0,0,0,0,0,0,0,0,0,0,0,0,0,0,0,0,0,0,0,9,4,6,0,0,0,0,0,0,0,11,0,0,0,0,0,0,0,0,0,0,0,4,0,0,0,0,0,0,0,0,0,0,0,0,0,0,0,0,0,0,0,0,0,0,0,0,0,0,0,0,56,83,0,9,0,0,0,0,3,149
SAL20832,0,3,0,0,0,0,0,0,0,5,0,0,0,0,0,0,0,0,0,0,0,0,0,0,4,0,0,0,0,10,0,0,0,0,0,0,0,0,0,0,0,0,0,0,0,0,0,0,0,0,0,0,0,0,0,0,0,0,0,0,0,0,0,0,0,0,0,0,0,0,9,4,3,3,4,0,0,0,0,24
SAL20833,8,9,5,4,3,0,0,5,0,24,4,3,5,4,5,0,0,0,0,28,11,6,41,8,3,5,6,3,0,95,0,0,3,0,0,0,0,0,0,7,0,0,3,0,0,0,0,0,0,9,0,0,0,0,0,0,0,0,0,0,3,0,5,0,0,0,0,0,0,11,36,54,60,33,26,14,10,13,0,241
SAL20834,0,0,0,0,0,0,0,0,0,0,0,0,0,0,0,0,0,0,0,0,3,0,0,0,0,0,0,0,0,3,0,0,0,0,0,0,0,0,0,0,0,0,0,0,0,0,0,0,0,0,0,0,0,0,0,0,0,0,0,0,0,0,0,0,0,0,0,0,0,0,5,8,0,0,0,0,0,0,0,15
SAL20835,0,0,0,0,0,0,0,0,0,0,0,0,0,0,0,0,0,0,0,0,0,0,0,0,0,0,0,0,0,0,0,0,0,0,0,0,0,0,0,0,0,0,0,0,0,0,0,0,0,0,0,0,0,0,0,0,0,0,0,0,0,0,0,0,0,0,0,0,0,0,0,0,0,0,0,0,0,0,0,3
SAL20836,9,10,5,7,12,8,0,5,4,49,19,23,0,22,22,0,0,3,0,91,37,9,85,54,35,20,18,27,5,298,6,0,0,3,0,0,0,4,0,19,0,0,0,0,3,0,0,0,0,12,0,0,0,0,0,0,0,0,0,6,3,4,5,0,0,0,0,3,0,22,98,196,107,116,92,35,30,52,11,728
SAL20837,0,0,0,0,0,0,0,0,0,3,0,0,0,0,0,0,0,0,0,0,3,0,6,0,0,0,0,0,0,17,0,0,0,0,0,0,0,0,0,0,0,0,0,0,0,0,0,0,0,0,0,0,0,0,0,0,0,0,0,0,0,0,0,0,0,0,0,0,0,0,4,5,10,3,3,6,0,0,0,38
SAL20838,42,47,20,34,23,16,5,6,4,190,67,64,57,141,74,39,8,27,5,486,239,68,663,311,152,124,146,202,26,1924,12,0,9,11,12,14,0,19,5,84,15,9,9,17,19,14,14,9,0,99,6,9,6,3,0,0,0,6,0,24,16,19,8,25,10,8,8,20,11,124,605,1076,820,679,387,249,190,323,52,4372
SAL20839,7,0,0,0,4,0,0,0,0,13,4,0,5,5,3,0,0,0,0,15,19,5,48,3,5,3,8,9,4,109,0,0,5,0,0,0,0,0,0,3,0,0,0,0,5,3,0,0,0,7,0,0,0,0,0,0,0,0,0,0,0,0,3,0,0,0,4,0,0,11,36,33,56,17,21,3,11,12,4,197
SAL20840,3,0,0,0,4,0,0,0,0,10,6,4,0,8,8,0,0,0,0,21,17,0,25,9,6,0,0,12,4,81,0,0,0,0,0,0,0,0,0,3,0,0,0,0,0,0,0,0,0,3,0,0,0,0,0,0,0,0,0,0,0,0,0,0,0,0,0,0,0,4,30,22,28,19,20,3,9,15,4,147
SAL20841,3,0,0,0,0,0,0,0,0,3,3,0,0,0,0,0,0,6,0,9,17,0,3,0,3,0,0,9,4,33,0,0,0,0,0,0,0,0,0,0,0,0,0,0,0,0,0,0,0,3,0,0,0,0,0,0,0,0,0,0,4,0,0,0,0,0,0,0,0,3,43,10,7,0,6,0,0,6,6,74
SAL20842,0,0,0,0,0,0,0,0,0,0,0,0,0,0,0,0,0,0,0,3,8,0,8,0,0,0,0,0,0,18,0,0,0,0,0,0,0,0,0,0,0,0,0,0,0,0,0,0,0,0,0,0,0,0,0,0,0,0,0,0,0,0,0,0,0,0,0,0,0,0,7,3,8,0,6,0,0,4,0,27
SAL20843,8,8,6,3,11,0,0,0,0,32,4,3,0,5,13,0,0,9,0,40,19,3,69,13,11,15,10,18,0,162,0,0,0,0,7,0,0,0,0,8,0,0,0,0,0,5,3,0,0,11,0,0,0,0,0,0,0,0,0,3,0,4,0,0,3,0,4,0,0,20,54,89,89,36,63,28,23,28,5,406
SAL20844,8,0,0,0,5,0,0,0,0,20,9,0,3,11,3,0,0,0,0,33,12,5,17,14,13,3,7,16,8,86,0,0,0,0,0,0,0,0,0,3,0,0,0,0,0,0,0,0,0,3,0,0,0,0,0,0,0,0,0,0,0,0,0,0,0,0,0,0,0,0,47,56,29,35,24,3,7,19,8,229
SAL20845,0,0,0,0,0,0,0,0,0,0,0,0,0,0,0,0,0,0,0,0,6,0,4,0,0,0,4,0,0,12,0,0,0,0,0,0,0,0,0,0,0,0,0,0,0,0,0,0,0,0,0,0,0,0,0,0,0,0,0,0,0,0,0,0,0,0,0,0,0,0,8,8,4,0,0,0,4,0,0,28
SAL20846,0,0,0,0,0,0,0,0,0,0,0,0,0,0,0,0,0,0,0,4,0,0,4,0,0,0,0,0,0,12,0,0,0,0,0,0,0,0,0,0,0,0,0,0,0,0,0,0,0,0,0,0,0,0,0,0,0,0,0,0,0,0,0,0,0,0,0,0,0,0,5,3,4,0,3,0,0,3,0,20
SAL20847,0,0,0,0,0,0,0,0,0,4,4,0,0,0,0,0,0,0,0,3,3,0,8,0,0,3,0,0,0,22,0,0,0,0,0,0,0,0,0,0,0,0,0,0,0,0,0,0,0,0,0,0,0,0,0,0,0,0,0,0,0,0,0,0,0,0,0,0,0,0,7,7,8,3,6,0,0,4,0,38
SAL20848,26,42,12,35,29,16,3,5,0,167,55,59,26,53,58,25,7,7,7,294,75,37,257,65,62,28,24,45,7,603,3,8,4,6,0,0,0,0,0,20,11,6,5,7,19,4,4,5,4,60,7,7,3,0,0,0,0,0,0,14,0,4,5,3,4,3,4,0,6,35,442,947,355,254,293,121,50,76,46,2581
SAL20849,0,0,0,0,0,0,0,0,0,0,4,0,0,0,0,0,0,0,0,12,4,0,5,0,3,0,4,0,0,17,0,0,0,0,0,0,0,0,0,0,0,0,0,0,0,0,0,0,0,0,0,0,0,0,0,0,0,0,0,0,0,0,0,0,0,0,0,0,0,4,15,15,10,8,6,7,4,0,0,57
SAL20850,10,0,0,3,0,0,0,0,0,14,11,0,0,9,0,4,0,3,0,25,16,7,40,16,11,3,5,12,0,104,3,0,0,3,0,3,0,0,0,9,0,0,0,0,0,0,0,0,0,0,0,0,0,0,0,0,0,0,0,0,0,0,0,4,0,6,0,0,0,8,43,31,47,41,10,14,5,22,3,225
SAL20851,0,0,0,0,0,0,0,0,0,0,0,0,0,4,0,0,0,0,0,5,10,0,8,0,5,0,0,8,0,33,0,0,0,0,0,0,0,0,0,0,0,0,0,0,0,0,0,0,0,4,0,0,0,0,0,0,0,0,0,0,0,0,0,0,0,0,0,0,0,0,13,10,9,6,5,0,3,11,0,61
SAL20852,0,4,0,0,0,0,0,0,0,9,0,5,0,5,0,0,0,0,0,13,3,0,25,8,3,0,5,6,6,57,0,0,0,0,0,0,0,0,0,0,0,0,0,0,0,0,0,0,0,0,0,0,0,0,0,0,0,0,0,0,0,0,0,0,0,0,0,0,0,6,10,25,35,15,16,0,3,6,6,122
SAL20853,0,0,0,0,0,0,0,0,0,0,0,0,0,0,0,6,0,0,0,6,0,0,0,0,0,0,0,0,0,7,0,0,0,0,0,0,0,0,0,0,0,0,0,0,0,0,0,0,0,0,0,0,0,0,0,0,0,0,0,0,0,0,0,0,0,0,0,0,0,0,5,9,0,0,0,3,0,0,0,20
SAL20854,0,0,0,0,0,0,0,0,0,0,0,0,0,0,0,0,0,0,0,0,0,0,0,0,0,0,0,0,0,5,0,0,0,0,0,0,0,0,0,0,0,0,0,0,0,0,0,0,0,0,0,0,0,0,0,0,0,0,0,0,0,0,0,0,0,0,0,0,0,0,0,6,0,0,0,0,0,0,0,11
SAL20855,0,0,0,0,0,0,0,0,0,0,0,0,0,0,0,0,0,0,0,0,0,0,5,4,0,0,0,3,0,13,0,0,0,0,0,0,0,0,0,0,0,0,0,0,0,0,0,0,0,0,0,0,0,0,0,0,0,0,0,0,0,0,0,0,0,0,0,0,0,0,3,4,9,0,0,0,0,7,0,19
SAL20856,0,0,0,0,0,0,0,0,0,0,0,0,0,0,0,0,0,0,0,0,0,0,0,0,0,0,0,0,0,0,0,0,0,0,0,0,0,0,0,0,0,0,0,0,0,0,0,0,0,0,0,0,0,0,0,0,0,0,0,0,0,0,0,0,0,0,0,0,0,0,0,0,0,0,0,0,0,0,0,0
SAL20857,4,0,0,0,0,0,0,0,0,0,0,0,0,4,4,0,0,0,0,10,5,0,9,4,5,0,5,5,0,27,0,0,0,0,0,0,0,0,0,0,0,0,0,0,0,0,0,0,0,4,0,0,0,0,0,0,0,0,0,0,0,0,0,0,0,0,0,0,0,3,12,18,9,13,10,7,5,5,0,75
SAL20858,0,0,0,0,0,0,0,0,0,6,4,0,0,0,0,0,0,5,0,5,8,0,5,0,4,0,0,0,0,20,0,0,0,0,0,0,0,0,0,3,0,0,0,0,0,0,0,0,0,0,0,0,0,0,0,0,0,0,0,0,0,0,0,0,0,0,0,0,0,0,26,10,9,6,3,3,0,11,0,59
SAL20859,10,16,3,20,9,4,0,4,6,84,16,20,12,40,16,3,5,3,0,109,59,18,150,69,33,28,42,63,4,478,4,0,0,0,3,4,5,0,0,15,4,0,4,6,4,0,0,4,0,22,0,0,4,0,0,0,0,0,0,3,0,0,0,6,4,0,3,4,9,24,133,254,187,177,101,48,60,82,16,1049
SAL20860,0,0,4,0,0,0,0,0,0,6,0,0,0,3,0,0,0,0,0,8,6,0,7,4,4,0,3,5,0,25,0,0,0,0,0,0,0,0,0,0,0,0,0,0,0,0,0,0,0,5,0,0,0,0,0,0,0,0,0,0,0,0,0,0,0,0,0,0,0,5,18,25,13,7,12,4,5,5,0,84
SAL20861,0,0,0,0,0,0,0,0,0,4,0,0,0,0,0,0,0,0,0,0,0,0,0,0,0,0,0,3,0,14,0,0,0,0,0,0,0,0,0,0,0,0,0,0,0,0,0,0,0,0,0,0,0,0,0,0,0,0,0,0,0,0,0,0,0,0,0,0,0,0,9,10,3,3,5,0,0,4,0,34
SAL20862,3,0,0,0,0,0,0,0,0,7,0,5,0,4,3,0,0,0,0,14,15,3,24,14,7,5,11,11,0,93,0,0,0,0,0,0,0,0,0,0,0,0,0,0,0,0,0,0,0,4,0,0,0,0,0,0,0,0,0,0,0,0,0,0,0,3,4,0,0,8,30,31,27,22,18,3,18,23,0,169
SAL20863,4,3,4,0,3,0,0,0,0,11,4,3,0,3,8,0,0,0,0,23,12,0,18,8,10,3,8,5,0,71,0,0,0,0,0,0,0,0,0,5,0,0,0,0,0,0,0,0,0,5,0,0,0,0,0,0,0,0,0,0,0,0,0,4,5,0,0,0,0,10,35,58,36,24,26,9,11,10,0,215
SAL20864,45,79,10,28,36,21,0,3,0,236,65,75,34,52,52,27,4,8,6,332,59,44,147,71,55,35,14,27,11,461,9,4,3,3,10,6,5,0,0,33,15,11,3,14,10,8,0,0,0,65,7,9,4,5,5,4,0,4,3,34,7,19,7,0,9,10,5,4,12,67,1017,2257,328,343,511,254,59,85,89,4943
SAL20865,102,133,52,81,89,35,11,10,6,522,122,137,84,95,108,42,13,24,3,627,220,74,582,158,186,70,50,77,25,1439,3,6,12,14,20,11,0,6,0,78,36,25,19,22,42,29,3,15,0,189,7,14,5,3,13,3,0,0,0,54,13,24,8,10,24,7,3,12,19,121,1477,2859,904,642,876,322,111,184,81,7459
SAL20866,40,56,16,39,22,10,4,7,0,185,54,55,21,49,49,8,9,6,3,249,88,41,267,60,77,23,30,35,6,626,3,0,0,3,6,7,0,3,0,32,6,5,0,20,19,5,8,0,5,67,6,14,6,0,3,0,0,0,0,32,0,11,5,9,10,4,0,0,6,48,540,1046,358,275,347,99,62,65,31,2812
SAL20867,84,116,35,48,50,30,12,6,5,385,129,123,48,121,89,64,13,22,6,608,126,57,307,87,90,53,20,49,23,812,10,6,0,10,12,13,4,4,0,59,26,22,15,13,21,19,0,4,0,116,14,24,3,3,4,7,0,0,0,56,13,34,6,12,16,13,0,5,11,113,1658,3510,582,592,735,452,92,168,120,7914
SAL20868,35,20,23,21,27,9,0,10,0,139,53,59,23,73,38,7,7,8,0,271,98,26,335,74,72,29,48,52,8,745,0,4,3,3,10,7,5,6,0,38,5,7,11,12,17,3,4,3,0,55,3,0,0,0,3,0,0,0,0,7,9,0,6,4,8,5,6,3,4,40,330,585,430,257,257,82,76,111,35,2169
SAL20869,0,0,0,0,0,0,0,0,0,0,0,0,0,0,0,0,0,0,0,0,0,0,0,0,0,0,0,0,0,4,0,0,0,0,0,0,0,0,0,0,0,0,0,0,0,0,0,0,0,0,0,0,0,0,0,0,0,0,0,0,0,0,0,0,0,0,0,0,0,0,8,0,0,0,0,0,0,0,0,7
SAL20870,0,0,0,0,0,0,0,0,0,11,0,0,0,0,3,0,0,0,0,10,6,5,18,5,4,0,0,4,0,47,0,0,0,0,0,0,0,0,0,0,0,0,0,4,3,0,0,0,0,4,0,0,0,0,0,0,0,0,0,0,0,0,0,0,0,0,0,0,0,0,25,46,26,21,24,0,5,6,0,147
SAL20871,89,96,109,69,117,36,37,43,7,607,114,116,131,205,165,65,59,71,14,930,148,51,692,256,199,115,171,185,29,1857,10,4,18,17,25,14,12,19,0,122,21,21,25,31,39,33,13,22,10,204,13,13,10,7,14,6,4,5,4,77,16,29,24,16,31,14,16,16,43,204,876,2077,1196,905,1096,468,426,479,161,7692
SAL20872,0,5,3,3,0,0,0,0,0,14,3,6,3,13,4,0,0,0,0,30,7,0,32,14,10,11,4,17,0,96,0,0,0,0,0,0,0,0,0,9,0,0,0,3,0,0,5,0,0,3,0,0,0,0,0,0,0,0,0,0,0,0,0,0,0,0,0,0,0,4,15,37,47,31,25,13,8,23,4,199
SAL20873,0,0,0,0,0,0,0,0,0,0,5,0,0,0,0,0,0,0,0,5,0,0,0,0,0,0,0,0,0,0,0,0,0,0,0,0,0,0,0,0,0,0,0,0,0,0,0,0,0,0,0,0,0,0,0,0,0,0,0,0,0,0,0,0,0,0,0,0,0,0,5,0,0,0,0,0,0,0,0,8
SAL20874,0,0,0,0,0,0,0,0,0,0,0,0,0,0,0,0,0,0,0,0,0,0,0,0,0,0,0,0,0,0,0,0,0,0,0,0,0,0,0,0,0,0,0,0,0,0,0,0,0,0,0,0,0,0,0,0,0,0,0,0,0,0,0,0,0,0,0,0,0,0,0,0,0,0,0,0,0,0,0,0
SAL20875,0,0,0,0,0,0,0,0,0,0,3,0,0,0,0,0,0,0,0,6,3,0,0,0,5,0,0,4,0,14,0,0,0,0,0,0,0,0,0,0,0,0,0,0,0,0,0,0,0,0,0,0,0,0,0,0,0,0,0,0,0,0,0,0,0,0,0,0,4,3,21,4,7,3,5,0,3,0,6,49
SAL20876,0,0,0,0,0,0,0,0,0,0,0,0,0,0,0,0,0,0,0,0,0,0,0,0,0,0,0,0,0,0,0,0,0,0,0,0,0,0,0,0,0,0,0,0,0,0,0,0,0,0,0,0,0,0,0,0,0,0,0,0,0,0,0,0,0,0,0,0,0,0,5,0,0,0,0,0,0,0,0,10
SAL20877,0,0,0,4,0,0,0,0,0,8,0,3,0,0,3,3,0,0,0,17,20,8,35,13,13,9,9,10,0,112,0,0,0,0,0,0,0,0,0,0,3,0,3,0,5,0,0,0,0,13,0,0,0,0,0,0,0,0,0,3,0,0,0,0,0,0,0,0,0,8,38,75,48,30,30,16,11,14,3,263
SAL20878,76,94,122,112,117,47,64,48,7,678,117,142,171,322,220,92,100,72,19,1251,178,74,936,441,276,133,276,288,47,2643,10,8,16,18,29,28,20,28,5,166,30,13,31,55,49,28,23,32,4,263,16,14,16,10,10,6,16,18,0,101,12,37,35,44,37,13,32,41,42,289,929,2314,1617,1483,1298,572,747,760,214,9948
SAL20879,13,17,12,21,12,0,6,0,0,83,20,41,15,59,24,10,7,8,3,186,68,31,229,108,96,38,46,87,3,705,0,0,5,9,8,3,5,7,0,43,6,3,0,5,0,0,5,0,0,28,0,3,0,0,0,0,0,0,0,4,0,4,4,6,5,7,0,3,3,32,170,466,288,254,192,75,76,129,13,1653
SAL20880,0,0,0,0,0,0,0,0,0,0,0,0,0,0,0,0,0,0,0,4,3,0,3,3,0,0,3,0,0,13,0,0,0,0,0,0,0,0,0,0,0,0,0,0,0,0,0,0,0,0,0,0,0,0,0,0,0,0,0,0,4,0,0,0,0,0,0,0,0,4,7,7,3,5,8,6,3,0,0,26
SAL20881,0,0,0,0,3,0,0,0,0,3,0,3,0,4,4,0,0,0,0,10,4,0,7,11,5,0,0,5,0,29,0,0,0,0,0,0,0,0,0,0,0,0,0,0,0,0,0,0,0,4,0,0,0,0,0,0,0,0,0,0,0,0,0,0,0,0,0,0,0,0,3,9,8,15,5,5,3,3,0,62
SAL20882,0,0,0,0,0,0,0,0,0,0,0,0,0,0,0,0,0,0,0,0,0,0,0,0,0,0,0,0,0,0,0,0,0,0,0,0,0,0,0,0,0,0,0,0,0,0,0,0,0,0,0,0,0,0,0,0,0,0,0,0,0,0,0,0,0,0,0,0,0,0,0,0,0,0,0,0,0,0,0,0
SAL20883,3,0,0,0,0,0,0,0,0,3,0,0,0,5,0,0,0,0,0,10,10,0,5,6,0,3,4,4,0,33,0,0,0,0,0,0,0,0,0,0,0,0,0,0,0,0,0,0,0,4,0,0,0,0,0,0,0,0,0,0,0,0,0,0,0,0,0,5,0,4,16,10,8,17,6,3,5,6,0,73
SAL20884,0,0,0,0,0,0,0,0,0,0,0,0,0,0,0,0,0,0,0,0,0,0,0,0,0,0,0,0,0,0,0,0,0,0,0,0,0,0,0,0,0,0,0,0,0,0,0,0,0,0,0,0,0,0,0,0,0,0,0,0,0,0,0,0,0,0,0,0,0,0,4,0,0,0,0,0,0,0,0,3
SAL20885,107,117,70,69,81,30,10,27,7,515,147,141,89,143,139,64,16,40,11,790,191,77,414,143,161,77,46,79,21,1226,13,3,5,13,11,13,0,7,0,75,30,21,14,18,42,19,10,6,5,159,7,15,3,5,9,3,0,5,0,54,22,38,19,19,20,14,8,8,27,176,1681,3706,809,738,1141,468,144,315,160,9149
SAL20886,0,4,0,0,0,0,0,0,0,4,0,0,0,0,0,0,0,0,0,0,0,0,0,0,0,0,0,0,0,0,0,0,0,0,0,0,0,0,0,0,0,0,0,0,0,0,0,0,0,0,0,0,0,0,0,0,0,0,0,0,0,0,0,0,0,0,0,0,0,0,0,4,0,6,0,0,0,0,0,5
SAL20887,8,14,9,17,18,3,0,0,0,67,32,13,11,25,25,5,4,7,3,123,28,14,86,24,31,15,14,22,7,241,5,0,0,4,8,0,0,3,0,19,6,3,3,3,6,4,0,3,0,32,3,0,0,0,0,0,0,0,0,6,0,6,0,4,4,0,0,0,7,27,204,426,140,136,195,66,30,61,29,1285
SAL20888,6,11,3,3,10,3,0,0,0,45,11,11,9,10,11,9,3,0,0,56,19,0,49,8,11,4,3,12,0,112,0,0,0,0,4,4,0,0,0,13,0,7,0,0,0,0,0,0,0,16,0,3,0,0,0,0,0,0,0,5,10,5,3,0,0,0,0,0,0,21,138,230,80,43,71,35,14,22,8,636
SAL20889,0,5,9,3,6,4,6,3,0,31,5,16,11,22,5,4,10,5,0,83,12,5,55,27,14,12,9,25,3,164,0,0,0,0,0,0,0,0,0,3,0,0,4,3,0,0,0,5,0,16,0,0,0,0,0,0,0,0,0,3,0,0,0,4,0,0,4,0,8,20,41,116,94,91,51,37,44,57,18,557
SAL20890,3,0,0,0,0,0,0,0,0,6,0,0,0,0,0,0,0,0,0,0,4,0,3,0,0,0,0,0,0,6,0,0,0,0,0,0,0,0,0,0,0,0,0,0,0,0,0,0,0,0,0,0,0,0,0,0,0,0,0,0,0,0,0,0,0,0,0,0,0,0,7,5,3,0,0,0,0,4,0,20
SAL20891,0,4,0,0,0,3,0,0,0,8,0,0,7,10,5,0,0,0,0,30,6,0,16,11,6,10,5,5,0,65,0,0,0,3,0,0,0,3,0,6,0,0,0,5,0,0,0,0,0,0,0,0,0,0,0,0,0,0,0,0,0,0,0,0,0,0,0,0,0,0,17,46,35,44,17,16,3,12,0,191
SAL20892,8,8,10,8,12,0,0,6,0,51,8,13,14,29,17,3,0,14,3,103,51,10,105,47,39,21,27,45,12,343,0,3,0,5,4,0,0,9,0,22,6,3,0,4,0,0,0,0,0,17,0,0,0,0,3,0,4,0,0,9,8,4,0,0,4,0,0,11,3,37,132,216,145,114,79,35,36,87,15,872
SAL20893,0,0,0,0,0,0,0,0,0,4,0,0,0,0,0,0,0,0,0,5,10,0,3,4,3,0,0,5,0,22,0,0,0,0,0,0,0,0,0,0,0,0,0,0,0,0,0,0,0,0,0,0,0,0,0,0,0,0,0,0,0,0,0,0,0,4,0,0,0,10,19,16,11,4,14,6,4,8,0,78
SAL20894,0,0,0,0,0,0,0,0,0,3,0,0,0,0,0,0,0,0,0,3,3,0,8,3,0,0,0,0,0,16,0,0,0,0,0,0,0,0,0,0,0,0,0,0,0,0,0,0,0,0,0,0,0,0,0,0,0,0,0,0,0,0,0,0,0,0,0,0,0,0,3,14,6,4,5,0,0,0,0,38
SAL20895,0,0,0,0,0,0,0,0,0,0,0,0,0,0,0,0,0,0,0,0,0,0,0,0,0,0,0,0,0,3,0,0,0,0,0,0,0,0,0,0,0,0,0,0,0,0,0,0,0,0,0,0,0,0,0,0,0,0,0,0,0,0,0,0,0,0,0,0,0,0,5,0,0,0,0,0,0,0,0,4
SAL20896,3,6,0,0,0,0,0,0,0,10,0,0,0,0,0,0,0,0,0,8,6,0,8,0,4,0,0,6,0,28,0,0,0,0,0,0,0,0,0,0,0,0,0,0,0,0,0,0,0,0,0,0,0,0,0,0,0,0,0,0,0,0,0,0,0,0,0,0,0,0,19,10,11,8,4,0,6,6,0,66
SAL20897,0,8,0,0,0,0,0,0,0,6,0,0,0,5,0,4,0,0,0,6,3,0,5,0,3,0,0,0,0,20,0,0,0,0,0,0,0,0,0,0,0,0,0,0,0,0,0,0,0,3,0,0,0,0,0,0,0,0,0,0,0,0,0,0,0,0,0,3,0,7,20,21,5,9,6,4,0,3,0,66
SAL20898,0,0,0,0,0,0,0,0,0,3,0,0,0,0,0,0,0,0,0,6,5,3,10,0,0,0,0,0,0,14,0,0,0,0,0,0,0,0,0,0,0,0,0,0,0,0,0,0,0,0,0,0,0,0,0,0,0,0,0,0,0,0,0,0,0,0,0,0,0,3,6,11,13,0,3,0,0,0,0,36
SAL20899,13,16,7,0,18,5,4,0,5,61,26,16,6,36,33,17,4,3,0,143,39,19,149,47,48,25,38,23,5,401,5,0,0,0,5,0,0,0,0,15,0,0,0,3,7,0,4,4,0,29,0,6,0,0,0,0,0,0,0,9,0,0,4,0,5,0,0,0,0,14,160,270,183,117,147,61,48,34,20,1044
SAL20900,0,0,0,0,0,0,0,0,0,0,0,0,0,0,0,0,0,0,0,3,0,0,0,0,0,0,0,0,0,9,0,0,0,0,0,0,0,0,0,0,0,0,0,0,0,0,0,0,0,0,0,0,0,0,0,0,0,0,0,0,0,0,0,0,0,0,0,0,0,0,0,7,0,5,0,0,0,0,0,15
SAL20901,18,40,21,16,17,11,8,0,5,133,31,45,26,23,32,19,3,8,0,192,27,22,110,36,32,27,14,23,6,300,4,5,3,0,3,0,0,0,0,17,10,0,5,4,8,4,0,4,0,32,5,9,0,0,4,0,0,0,0,21,0,10,6,5,10,0,0,3,7,39,526,1510,221,219,300,132,45,63,35,3060
SAL20902,0,4,0,3,0,4,0,0,0,16,0,4,0,5,0,0,0,0,0,12,8,0,11,3,0,0,0,3,0,27,0,0,0,0,0,0,0,0,0,0,0,0,0,0,0,0,0,0,0,5,0,0,0,0,0,0,0,0,0,0,0,0,4,0,0,0,0,0,0,7,37,57,24,15,11,7,0,10,0,157
SAL20903,0,0,0,0,0,0,0,0,0,0,0,0,0,0,0,0,0,0,0,0,0,0,4,0,0,0,0,0,0,4,0,0,0,0,0,0,0,0,0,0,0,0,0,0,0,0,0,0,0,0,0,0,0,0,0,0,0,0,0,0,0,0,0,0,0,0,0,0,0,0,3,0,4,0,0,0,0,0,0,6
SAL20904,3,0,0,0,0,0,0,0,0,5,3,0,0,0,3,0,0,0,0,4,9,0,0,0,0,0,0,5,0,20,0,0,0,0,0,0,0,0,0,0,0,0,0,0,0,0,0,0,0,0,0,0,0,0,0,0,0,0,0,0,0,0,0,0,0,0,0,0,0,0,12,3,8,0,3,0,0,5,0,32
SAL20905,0,0,0,0,0,0,0,0,0,0,0,0,0,0,0,0,0,0,0,0,0,0,0,0,0,0,0,0,0,0,0,0,0,0,0,0,0,0,0,0,0,0,0,0,0,0,0,0,0,0,0,0,0,0,0,0,0,0,0,0,0,0,0,0,0,0,0,0,0,0,0,0,0,0,0,0,0,0,0,0
SAL20906,4,0,0,4,0,0,0,0,0,11,4,4,0,0,0,0,0,3,0,14,10,0,15,5,3,0,3,3,3,50,0,0,0,0,0,0,0,7,0,8,0,0,0,0,0,0,0,0,0,0,0,0,0,0,0,0,0,0,0,0,0,0,0,0,0,0,0,0,0,0,47,11,20,15,3,4,10,24,9,139
SAL20907,0,0,0,0,0,0,0,0,0,0,3,0,0,0,4,4,0,0,0,15,4,0,10,0,0,3,0,0,0,25,0,0,0,0,0,0,0,0,0,0,0,0,0,0,0,0,0,0,0,0,0,0,0,0,0,0,0,0,0,4,0,0,0,0,0,0,0,0,0,0,22,17,10,6,5,5,0,3,0,73
SAL20908,0,0,0,0,0,0,0,0,0,0,0,0,0,0,0,0,0,0,0,6,0,0,3,3,4,0,3,0,0,11,0,0,0,0,0,0,0,0,0,0,0,0,0,0,0,0,0,0,0,0,0,0,0,0,0,0,0,0,0,0,0,0,0,0,0,0,0,0,0,0,8,12,7,3,5,0,3,0,0,36
SAL20909,20,35,38,31,21,16,16,9,3,191,41,56,67,98,56,41,22,42,3,416,63,33,294,125,67,39,64,77,20,785,3,3,5,8,7,7,0,4,0,45,3,7,3,20,21,10,9,10,3,94,5,3,11,7,8,0,3,3,0,43,10,16,10,13,13,9,16,15,25,126,393,1235,564,532,408,231,277,287,115,4037
SAL20910,0,0,0,0,0,0,0,0,0,0,0,0,0,0,0,0,0,0,0,0,5,0,0,0,0,0,0,0,0,3,0,0,0,0,0,0,0,0,0,0,0,0,0,0,0,0,0,0,0,0,0,0,0,0,0,0,0,0,0,0,0,0,0,0,0,0,0,0,0,0,5,6,0,0,0,0,0,0,0,7
SAL20911,0,0,0,0,0,0,0,0,0,0,0,0,0,0,0,0,0,0,0,0,0,0,0,0,0,0,0,0,0,0,0,0,0,0,0,0,0,0,0,0,0,0,0,0,0,0,0,0,0,0,0,0,0,0,0,0,0,0,0,0,0,0,0,0,0,0,0,0,0,0,0,0,0,0,0,0,0,0,0,5
SAL20912,0,0,0,0,0,0,0,0,0,3,0,0,0,0,0,0,0,0,0,6,0,0,0,0,0,0,0,0,0,6,0,0,0,0,0,0,0,0,0,0,0,0,0,0,0,0,0,0,0,0,0,0,0,0,0,0,0,0,0,0,0,0,0,0,0,0,0,0,0,0,9,14,5,0,3,0,0,5,0,43
SAL20913,3,0,0,0,0,0,0,0,0,3,0,0,0,0,0,0,0,3,0,9,4,0,11,6,0,0,4,7,0,31,0,0,0,0,0,0,0,0,0,0,0,0,0,0,0,0,0,0,0,0,0,0,0,0,0,0,0,0,0,0,0,0,0,0,0,0,0,0,0,0,13,3,10,13,3,0,4,6,0,53
SAL20914,5,3,0,0,0,0,0,0,0,5,0,0,0,0,0,0,0,0,0,3,0,0,5,0,0,0,0,3,0,9,0,0,0,0,0,0,0,0,0,0,0,0,0,0,0,0,0,0,0,0,0,0,0,0,0,0,0,0,0,0,0,0,0,0,0,0,0,0,0,0,6,6,5,0,0,0,0,3,0,23
SAL20915,3,0,0,0,0,0,0,0,0,3,0,0,0,0,0,0,0,0,0,0,0,0,0,0,0,0,0,0,0,4,0,0,0,0,0,0,0,0,0,0,0,0,0,0,0,0,0,0,0,0,0,0,0,0,0,0,0,0,0,0,0,0,0,0,0,0,0,0,0,0,10,3,0,0,0,0,0,0,0,12
SAL20916,0,0,0,0,0,0,0,0,0,0,0,0,0,0,0,0,0,0,0,0,0,0,0,0,0,0,0,0,0,0,0,0,0,0,0,0,0,0,0,0,0,0,0,0,0,0,0,0,0,0,0,0,0,0,0,0,0,0,0,0,0,0,0,0,0,0,0,0,0,0,0,0,0,0,0,0,0,0,0,0
SAL20917,98,149,87,102,110,35,24,22,3,628,179,163,143,264,195,96,50,58,29,1185,316,133,1230,376,318,173,202,237,51,3040,14,11,16,33,31,31,13,22,0,178,24,20,27,41,45,30,18,23,3,227,6,18,8,3,8,0,0,5,3,66,14,27,17,31,37,17,10,17,19,181,1313,2743,1760,1173,1247,541,403,488,166,9828
SAL20918,7,19,0,6,9,0,0,0,0,42,13,15,9,12,3,3,0,4,0,65,32,9,57,16,15,3,4,7,0,143,0,0,0,0,0,0,0,0,0,3,6,0,0,0,0,0,0,0,0,12,0,4,0,0,0,0,0,0,0,7,0,0,0,0,0,0,0,0,0,6,136,236,95,44,56,17,13,17,4,623
SAL20919,0,0,0,0,0,0,0,0,0,0,0,0,0,0,0,0,0,0,0,0,0,0,0,0,0,0,0,0,0,0,0,0,0,0,0,0,0,0,0,0,0,0,0,0,0,0,0,0,0,0,0,0,0,0,0,0,0,0,0,0,0,0,0,0,0,0,0,0,0,0,3,0,0,0,0,0,0,0,0,4
SAL20920,3,3,0,0,0,7,0,0,0,18,3,0,0,3,4,4,0,0,0,16,10,5,26,9,4,3,0,4,0,58,0,0,0,0,0,0,0,0,0,0,3,0,0,0,5,0,0,3,0,12,0,0,0,0,0,0,0,0,0,0,0,0,0,0,6,0,0,0,0,9,48,43,30,16,21,14,4,12,4,198
SAL20921,0,6,0,4,0,0,0,4,0,18,8,4,0,5,0,0,0,0,0,20,33,0,31,7,5,4,7,10,0,94,4,0,0,0,0,0,0,0,0,10,0,0,0,0,0,0,0,0,0,9,0,0,0,0,0,0,0,0,0,0,0,0,0,0,0,0,0,0,0,3,67,63,43,24,25,11,8,22,5,257
SAL20922,0,0,0,0,0,0,0,0,0,0,0,0,0,0,0,0,0,0,0,0,0,0,0,0,0,0,0,0,0,0,0,0,0,0,0,0,0,0,0,0,0,0,0,0,0,0,0,0,0,0,0,0,0,0,0,0,0,0,0,0,0,0,0,0,0,0,0,0,0,0,0,0,3,0,0,0,0,0,0,3
SAL20923,0,0,0,0,0,0,0,0,0,0,0,0,0,0,0,0,0,0,0,0,3,0,0,0,0,0,0,0,0,3,0,0,0,0,0,0,0,0,0,0,0,0,0,0,0,0,0,0,0,0,0,0,0,0,0,0,0,0,0,0,0,0,0,0,0,0,0,0,0,0,7,6,0,0,0,0,0,0,0,10
SAL20924,41,59,11,22,19,16,3,15,0,170,53,69,28,56,36,22,7,11,4,289,50,38,107,55,35,20,13,28,8,343,6,4,4,7,10,4,0,6,0,39,9,7,5,11,11,0,4,5,0,50,7,16,0,0,0,0,0,0,0,38,5,14,9,11,3,8,0,3,15,63,941,2808,286,354,438,199,56,97,68,5251
SAL20925,32,86,17,23,36,30,0,0,0,220,67,69,29,65,38,24,3,10,6,311,63,43,149,46,52,26,15,26,4,424,9,0,3,15,5,4,0,0,0,38,8,11,9,6,7,0,0,0,0,48,5,23,3,5,0,0,0,4,0,32,9,19,9,3,0,7,0,3,11,63,1212,3616,354,423,587,233,41,78,86,6637
SAL20926,0,0,0,0,0,0,0,0,0,0,0,0,0,0,0,0,0,0,0,8,0,0,6,0,0,5,0,4,0,17,0,0,0,0,0,0,0,0,0,0,0,0,0,0,0,0,0,0,0,0,0,0,0,0,0,0,0,0,0,0,0,0,0,0,0,0,0,0,0,0,3,11,7,0,5,5,0,10,0,32
SAL20927,0,0,0,0,0,0,0,0,0,0,0,0,0,0,0,0,0,0,0,0,0,0,7,3,3,0,0,3,0,14,0,0,0,0,0,0,0,0,0,0,0,0,0,0,0,0,0,0,0,0,0,0,0,0,0,0,0,0,0,0,0,0,0,0,0,0,0,0,0,5,0,0,7,0,3,0,0,4,0,17
SAL20928,0,0,0,0,0,0,0,0,0,0,0,0,0,0,0,0,0,0,0,0,0,0,0,0,0,0,0,0,0,0,0,0,0,0,0,0,0,0,0,0,0,0,0,0,0,0,0,0,0,0,0,0,0,0,0,0,0,0,0,0,0,0,0,0,0,0,0,0,0,0,0,0,0,0,0,0,0,0,0,0
SAL20929,23,29,16,21,21,9,3,0,0,118,26,37,26,58,38,13,9,15,4,222,33,25,56,68,19,3,9,35,9,264,0,4,0,8,5,0,0,3,0,21,0,3,3,8,5,9,0,11,0,45,3,0,4,0,4,0,0,4,0,15,3,7,5,3,4,4,8,13,5,48,469,1343,176,275,306,127,54,129,53,2925
SAL20930,14,5,6,0,3,6,0,3,0,35,4,5,5,3,0,4,0,5,0,22,19,0,9,0,4,0,4,6,0,41,0,0,0,0,0,0,0,0,0,4,0,0,0,0,5,0,0,0,0,9,0,0,0,0,0,0,0,0,0,5,0,3,0,5,3,0,0,0,0,13,97,123,23,18,32,22,3,17,6,346
SAL20931,5,16,6,8,8,6,3,4,0,52,23,15,13,59,30,12,7,4,3,169,29,23,129,95,30,42,19,34,3,409,0,0,4,0,4,6,0,3,0,28,0,0,0,6,3,0,0,12,0,27,0,3,0,0,0,0,0,0,0,10,0,0,5,3,3,6,3,0,3,28,131,482,178,235,135,102,47,80,18,1409
SAL20932,3,6,6,0,0,0,0,0,0,16,8,0,6,8,3,0,0,0,0,23,8,6,45,7,4,6,9,18,6,94,0,0,0,0,0,0,0,0,0,3,0,0,0,4,0,0,0,0,0,6,0,0,0,0,0,0,0,0,0,0,0,0,3,0,0,0,5,0,0,13,29,30,64,31,10,5,15,19,4,212
SAL20933,3,0,0,0,0,0,0,0,0,5,6,0,0,0,0,0,0,0,0,4,8,0,11,0,4,0,3,3,0,32,0,0,0,0,0,0,0,0,0,4,0,0,0,0,0,0,0,0,0,0,0,0,0,0,0,0,0,0,0,0,0,0,0,0,0,0,0,0,0,3,19,8,13,4,3,0,3,7,0,66
SAL20934,0,0,0,0,0,0,0,0,0,0,0,0,0,0,0,0,0,0,0,0,0,0,4,0,0,0,0,0,0,6,0,0,0,0,0,0,0,0,0,0,0,0,0,0,0,0,0,0,0,0,0,0,0,0,0,0,0,0,0,0,0,0,0,0,0,0,0,0,0,0,0,0,4,0,0,0,0,0,0,8
SAL20935,42,67,67,52,52,19,15,28,4,355,89,109,87,140,97,58,26,45,9,658,73,85,256,151,119,63,55,76,20,901,4,4,19,7,11,13,6,11,0,76,11,13,5,14,23,10,3,10,0,86,6,11,6,0,5,4,3,13,0,57,10,16,17,21,10,7,9,14,39,143,1036,3125,713,775,954,412,267,441,146,7878
SAL20936,4,0,0,3,0,0,0,0,0,5,0,0,0,0,0,0,0,0,0,6,0,5,8,0,0,0,0,0,0,20,0,0,0,0,0,0,0,0,0,0,0,0,0,0,0,0,0,0,0,0,0,0,0,0,0,0,0,0,0,0,0,0,0,0,0,0,0,0,0,0,8,9,13,3,5,0,0,0,0,47
SAL20937,29,51,17,28,32,22,8,13,4,202,48,51,55,85,72,30,16,24,5,376,55,32,179,84,61,41,24,46,7,528,5,3,8,7,4,0,0,4,0,22,6,4,3,12,19,6,4,7,5,69,0,8,0,4,11,3,0,0,0,27,0,12,4,5,4,7,0,0,5,41,560,1447,382,375,518,243,91,150,60,3813
SAL20938,0,3,0,0,3,0,0,0,0,6,0,0,0,3,3,0,0,0,0,7,9,0,15,6,5,4,6,0,0,39,0,0,0,0,0,0,0,0,0,0,0,0,0,0,0,0,0,0,0,0,0,0,0,0,0,0,0,0,0,0,0,0,0,0,0,0,0,0,0,0,23,35,15,19,9,0,5,7,0,114
SAL20939,5,0,0,0,0,0,0,0,0,7,0,0,0,3,0,0,0,0,0,10,6,6,3,9,0,0,0,3,0,23,0,0,0,0,0,0,0,0,0,0,0,0,0,0,0,0,0,0,0,0,0,0,0,0,0,0,0,0,0,0,0,0,0,0,0,0,0,0,0,0,18,29,8,12,10,0,0,7,0,86
SAL20940,15,8,0,8,6,0,0,3,0,38,6,8,3,9,7,3,0,5,0,40,34,13,58,24,22,10,14,29,0,201,0,0,0,0,5,0,0,0,0,9,0,0,0,3,0,4,3,0,0,10,0,0,0,0,0,0,0,0,0,0,0,5,0,0,0,6,9,3,0,18,89,128,63,60,52,25,23,41,4,497
SAL20941,0,0,0,0,0,0,0,0,0,4,0,4,0,0,0,0,0,0,0,9,3,0,0,0,0,0,0,3,0,10,0,0,0,0,0,0,0,0,0,0,0,0,0,0,0,0,0,0,0,0,0,0,0,0,0,0,0,0,0,0,0,0,0,0,0,0,0,0,0,0,14,11,3,7,4,0,3,5,3,54
SAL20942,0,0,0,0,0,0,0,0,0,0,0,0,0,0,0,0,0,0,0,5,0,0,0,0,0,0,4,0,0,8,0,0,0,0,0,0,0,0,0,0,0,0,0,0,0,0,0,0,0,0,0,0,0,0,0,0,0,0,0,0,0,0,0,0,0,0,0,0,0,0,3,4,5,0,0,0,4,0,0,15
SAL20943,0,0,0,0,0,0,0,0,0,0,0,0,0,0,0,0,0,0,0,0,0,0,0,0,0,0,0,0,0,0,0,0,0,0,0,0,0,0,0,0,0,0,0,0,0,0,0,0,0,0,0,0,0,0,0,0,0,0,0,0,0,0,0,0,0,0,0,0,0,0,9,5,0,0,0,0,0,0,0,15
SAL20944,0,0,0,0,0,0,0,0,0,0,0,0,0,0,0,0,0,0,0,0,7,0,5,3,0,0,0,0,0,20,0,0,0,0,0,0,0,0,0,0,0,0,0,0,0,0,0,0,0,0,0,0,0,0,0,0,0,0,0,0,0,0,0,3,0,0,0,0,0,3,12,5,5,6,6,0,0,9,0,40
SAL20945,0,0,0,0,0,0,0,0,0,0,0,0,0,0,0,0,0,0,0,0,0,0,0,0,0,0,0,0,0,8,0,0,0,0,0,0,0,0,0,0,0,0,0,0,0,0,0,0,0,0,0,0,0,0,0,0,0,0,0,0,0,0,0,0,0,0,0,0,0,0,3,0,0,0,0,0,0,0,0,14
SAL20946,0,0,0,0,0,0,0,0,0,0,0,0,0,0,0,0,0,0,0,0,0,0,0,0,0,0,0,0,0,5,0,0,0,0,0,0,0,0,0,0,0,0,0,0,0,0,0,0,0,0,0,0,0,0,0,0,0,0,0,0,0,0,0,0,0,0,0,0,0,0,3,6,0,5,0,0,0,5,0,22
SAL20947,123,178,73,151,122,61,24,40,3,769,218,270,179,436,240,119,51,104,25,1630,380,178,1637,638,404,248,261,407,72,4234,21,14,24,31,42,40,21,41,3,231,30,15,35,65,58,32,28,38,3,296,10,34,9,11,7,9,4,5,9,94,33,45,32,43,27,26,17,31,37,289,1361,3220,2187,1833,1321,707,485,798,188,12101
SAL20948,16,11,15,10,9,4,6,5,3,69,15,19,17,54,23,13,0,10,0,154,41,14,212,99,53,28,62,94,9,609,3,0,5,9,0,8,8,14,0,45,7,0,4,4,0,0,5,5,0,34,0,0,3,0,0,0,0,7,0,14,0,4,9,9,3,5,6,8,3,52,115,165,280,232,122,70,106,152,23,1264
SAL20949,116,138,51,80,84,38,12,19,6,542,146,131,70,148,112,63,20,26,14,737,242,110,698,173,181,112,82,120,30,1750,12,10,10,16,19,6,0,8,0,85,36,12,11,26,33,18,8,10,0,153,18,22,0,4,4,0,0,0,0,63,12,21,6,14,17,18,0,8,11,120,1203,2233,937,675,740,380,145,235,93,6640
SAL20950,34,28,39,29,48,16,19,16,0,215,55,44,55,86,102,27,38,23,4,439,59,32,279,87,98,44,94,61,15,783,0,4,13,3,10,5,3,5,0,43,13,8,7,14,20,18,17,12,6,103,4,0,0,3,12,5,3,0,0,32,8,11,3,12,9,4,8,3,12,79,364,949,476,404,541,182,276,170,56,3416
SAL20951,0,0,0,0,0,0,0,0,0,3,0,0,0,3,0,0,0,0,0,6,0,0,6,0,0,0,0,5,0,13,0,0,0,0,0,0,0,0,0,0,0,0,0,0,0,0,0,0,0,0,0,0,0,0,0,0,0,0,0,0,0,0,0,0,0,0,0,0,0,0,0,12,13,10,0,0,0,5,0,36
SAL20952,0,0,0,0,0,0,0,0,0,8,0,0,0,0,0,0,0,0,0,5,3,0,0,0,0,0,0,0,0,7,0,0,0,0,0,0,0,0,0,0,0,0,0,0,0,0,0,0,0,0,0,0,0,0,0,0,0,0,0,0,0,0,0,0,0,0,0,0,0,0,18,8,0,0,0,0,0,0,3,37
SAL20953,0,0,0,0,0,0,0,0,0,0,0,0,0,0,0,0,0,0,0,0,0,0,0,0,0,0,0,0,0,0,0,0,0,0,0,0,0,0,0,0,0,0,0,0,0,0,0,0,0,0,0,0,0,0,0,0,0,0,0,0,0,0,0,0,0,0,0,0,0,0,0,3,0,0,0,0,0,0,0,3
SAL20954,0,9,0,0,0,0,0,0,0,11,6,4,0,4,0,0,0,6,0,16,13,0,19,6,3,0,3,8,0,59,0,0,0,0,0,0,0,0,0,0,0,0,0,0,0,0,0,0,0,4,0,0,0,0,0,0,0,0,0,0,0,0,0,0,0,0,0,3,0,4,45,47,23,16,16,4,7,11,4,173
SAL20955,0,3,0,0,0,0,0,0,0,3,0,0,0,0,0,0,0,0,0,12,0,3,4,4,0,0,4,0,0,19,0,0,0,0,0,0,0,0,0,0,0,0,0,0,0,0,0,0,0,0,0,0,0,0,0,0,0,0,0,0,0,0,0,0,0,0,0,0,0,0,8,38,12,10,3,4,4,4,3,91
SAL20956,0,0,0,0,0,0,0,0,0,3,0,0,0,5,0,0,0,0,0,0,8,0,11,0,0,0,3,0,0,30,0,0,0,0,0,0,0,0,0,0,0,0,0,0,0,0,0,0,0,0,0,0,0,0,0,0,0,0,0,0,0,0,0,0,0,0,0,0,0,4,15,10,14,7,3,0,3,3,3,56
SAL20957,0,0,0,0,0,0,0,0,0,0,0,0,0,0,0,0,0,0,0,0,0,0,0,0,0,0,0,0,0,0,0,0,0,0,0,0,0,0,0,0,0,0,0,0,0,0,0,0,0,0,0,0,0,0,0,0,0,0,0,0,0,0,0,0,0,0,0,0,0,0,0,0,0,0,0,0,0,0,0,4
SAL20958,0,0,0,0,0,0,0,0,0,0,0,0,0,0,0,0,0,0,0,0,0,0,0,0,0,0,0,0,0,4,0,0,0,0,0,0,0,0,0,0,0,0,0,0,0,0,0,0,0,0,0,0,0,0,0,0,0,0,0,0,0,0,0,0,0,0,0,0,0,0,0,0,0,0,0,0,0,0,0,11
SAL20959,0,0,0,0,0,0,0,0,0,0,0,0,0,0,0,0,0,0,0,0,0,0,4,3,0,0,0,0,0,4,0,0,0,0,0,0,0,0,0,5,0,0,0,0,0,0,0,0,0,0,0,0,0,0,0,0,0,0,0,0,0,0,0,0,0,0,0,0,0,0,4,0,3,3,4,0,0,7,0,19
SAL20960,3,3,4,0,0,0,0,0,0,16,11,6,9,11,14,4,3,0,0,57,21,7,65,14,15,7,8,15,0,141,0,0,3,0,0,0,0,0,0,3,5,0,0,4,0,4,0,0,0,17,0,0,0,0,0,0,0,0,0,0,0,0,0,4,0,3,0,4,3,16,84,185,85,46,63,22,17,18,11,528
SAL20961,0,0,0,0,0,0,0,0,0,0,0,0,0,0,0,0,0,0,0,0,0,0,0,0,0,0,0,0,0,0,0,0,0,0,0,0,0,0,0,0,0,0,0,0,0,0,0,0,0,0,0,0,0,0,0,0,0,0,0,0,0,0,0,0,0,0,0,0,0,0,0,0,0,0,0,0,0,0,0,0
SAL20962,0,0,0,0,0,0,0,0,0,0,0,0,0,3,0,0,0,0,0,5,3,0,4,0,6,0,0,0,0,11,0,0,0,0,0,0,0,0,0,0,0,0,0,0,0,0,0,0,0,0,0,0,0,0,0,0,0,0,0,0,0,0,0,0,0,0,0,0,0,0,5,3,4,5,6,0,0,0,0,21
SAL20963,0,0,0,0,0,0,0,0,0,0,0,0,0,0,0,0,0,0,0,6,9,0,4,0,0,0,4,0,0,22,0,0,0,0,0,0,0,0,0,0,0,0,0,0,0,0,0,0,0,0,0,0,0,0,0,0,0,0,0,0,0,0,0,0,0,0,0,0,0,0,16,8,4,4,3,0,4,0,0,34
SAL20964,0,0,0,0,0,0,0,0,0,4,0,0,0,0,0,0,0,0,0,8,0,0,12,3,0,4,0,0,0,25,0,0,0,0,0,0,0,0,0,0,0,0,0,0,0,0,0,0,0,0,0,0,0,0,0,0,0,0,0,0,0,0,0,0,0,0,0,0,0,0,10,12,13,3,5,5,0,5,0,60
SAL20965,11,9,6,0,3,3,0,0,0,26,8,4,4,6,8,0,0,0,0,34,7,0,19,12,8,0,0,5,0,54,0,0,0,0,0,0,0,0,0,5,3,0,0,0,0,0,0,0,0,4,0,0,0,0,0,0,0,0,0,0,0,0,0,0,0,0,0,0,0,8,102,211,37,44,45,23,9,12,3,480
SAL20966,5,5,4,4,6,0,4,0,0,31,7,8,9,12,10,10,4,0,0,74,36,10,149,24,33,8,33,28,8,323,3,3,0,0,3,3,0,0,0,17,0,0,0,0,0,0,4,5,0,13,0,0,0,0,0,0,0,0,0,6,5,0,0,0,3,0,0,5,5,19,96,143,164,58,75,24,38,49,24,671
SAL20967,0,4,5,0,0,0,0,0,0,6,0,3,0,0,0,0,0,0,0,9,6,0,13,0,6,0,0,3,5,37,0,0,0,0,0,0,0,0,0,0,0,0,0,0,0,0,0,0,0,6,0,0,0,0,0,0,0,0,0,0,6,0,0,0,0,0,0,0,0,3,17,18,12,9,14,4,0,3,3,83
SAL20968,0,4,0,0,0,0,0,0,0,4,0,0,0,0,3,0,0,0,0,4,4,0,8,0,0,0,3,0,0,16,0,0,0,0,0,0,0,0,0,0,0,0,0,0,0,0,0,0,0,0,0,0,0,0,0,0,0,0,0,0,0,0,0,0,0,0,0,0,0,0,8,9,9,10,3,0,3,0,0,39
SAL20969,5,0,0,0,0,0,0,0,0,3,6,0,0,0,0,0,0,0,0,12,8,0,9,0,0,0,0,7,0,30,0,0,0,0,0,0,0,0,0,0,0,0,0,0,0,0,0,0,0,0,0,0,0,0,0,0,0,0,0,0,0,0,0,0,0,0,0,0,0,3,31,8,9,11,3,4,0,7,0,83
SAL20970,0,0,0,0,0,0,0,0,0,0,0,0,0,0,0,0,0,0,0,0,0,0,0,0,0,0,0,0,0,0,0,0,0,0,0,0,0,0,0,0,0,0,0,0,0,0,0,0,0,0,0,0,0,0,0,0,0,0,0,0,0,0,0,0,0,0,0,0,0,0,0,0,0,0,0,0,0,0,0,0
SAL20971,0,0,0,0,0,0,0,0,0,0,5,0,0,0,0,0,0,0,0,3,4,0,0,0,0,0,0,0,0,9,0,0,0,0,0,0,0,0,0,0,0,0,0,0,0,0,0,0,0,0,0,0,0,0,0,0,0,0,0,0,0,0,0,0,0,0,0,0,0,0,15,0,0,0,0,0,0,3,0,18
SAL20972,5,0,0,0,6,0,0,0,0,7,0,0,0,0,0,0,0,0,0,0,9,0,0,0,0,0,0,3,0,13,0,0,0,0,0,0,0,0,0,0,0,0,0,0,0,0,0,0,0,0,0,0,0,0,0,0,0,0,0,0,0,0,0,0,0,0,0,0,0,0,14,7,0,0,6,0,0,3,0,26
SAL20973,21,34,14,12,26,3,4,6,3,126,21,22,36,45,27,14,6,16,3,191,67,28,131,79,43,28,14,32,5,436,7,0,0,0,6,8,0,3,0,31,10,0,3,4,11,0,0,0,0,30,5,7,0,5,3,0,0,0,0,18,4,6,3,4,3,3,3,3,4,38,327,963,273,265,226,105,50,111,45,2364
SAL20974,43,69,25,22,28,12,0,7,4,210,48,37,32,57,58,16,12,7,0,261,72,26,252,80,60,30,40,66,6,645,4,0,0,4,4,6,0,3,0,30,13,7,11,12,6,5,0,8,0,59,3,7,0,4,4,0,0,0,3,26,10,8,5,5,4,0,0,7,13,49,506,1207,408,326,303,136,97,145,42,3171
SAL20975,0,0,0,0,0,0,0,0,0,0,0,0,0,0,0,0,0,0,0,0,0,0,0,0,0,0,0,0,0,0,0,0,0,0,0,0,0,0,0,0,0,0,0,0,0,0,0,0,0,0,0,0,0,0,0,0,0,0,0,0,0,0,0,0,0,0,0,0,0,0,0,0,0,0,0,0,0,0,0,7
SAL20976,3,0,0,0,0,0,0,0,0,7,0,0,0,3,0,0,0,0,0,6,7,0,9,8,3,0,3,0,0,29,0,0,0,0,0,0,0,0,0,0,0,0,0,0,0,0,0,0,0,0,0,0,0,0,0,0,0,0,0,0,0,0,0,0,0,0,0,0,0,0,12,21,12,8,0,0,3,4,0,67
SAL20977,0,0,0,0,0,0,0,0,0,0,0,0,0,0,0,0,0,0,0,0,0,0,0,0,0,0,0,0,0,0,0,0,0,0,0,0,0,0,0,0,0,0,0,0,0,0,0,0,0,0,0,0,0,0,0,0,0,0,0,0,0,0,0,0,0,0,0,0,0,0,4,0,0,0,0,0,0,0,0,5
SAL20978,0,0,0,0,0,0,0,0,0,3,0,0,0,0,0,0,0,0,0,6,0,0,0,0,0,0,0,0,0,0,0,0,0,0,0,0,0,0,0,0,0,0,0,0,0,0,0,0,0,0,0,0,0,0,0,0,0,0,0,0,0,0,0,0,0,0,0,0,0,0,0,0,0,0,0,0,0,0,0,10
SAL20979,12,11,4,11,13,0,4,3,0,55,10,16,7,33,15,7,3,9,3,106,35,8,157,41,33,15,18,29,7,346,0,4,5,3,6,0,0,0,0,20,0,0,3,10,3,0,3,4,0,19,0,0,0,0,0,0,0,0,0,0,8,3,0,0,3,0,3,0,0,21,121,209,196,118,90,29,34,51,10,864
SAL20980,0,0,0,0,0,0,0,0,0,4,0,0,0,0,0,0,0,0,0,0,4,0,0,0,0,3,0,0,0,9,0,0,0,0,0,0,0,0,0,0,0,0,0,0,0,0,0,0,0,0,0,0,0,0,0,0,0,0,0,0,0,0,0,0,0,0,0,0,0,0,7,6,0,0,0,3,0,0,0,17
SAL20981,0,0,0,0,0,0,0,0,0,0,0,0,0,0,0,0,0,0,0,0,0,0,0,0,0,0,0,0,0,0,0,0,0,0,0,0,0,0,0,0,0,0,0,0,0,0,0,0,0,0,0,0,0,0,0,0,0,0,0,0,0,0,0,0,0,0,0,0,0,0,0,0,0,0,0,0,0,0,0,0
SAL20982,0,0,0,0,0,0,0,0,0,3,0,0,0,0,0,0,0,0,0,4,0,0,0,0,0,0,0,0,0,7,0,0,0,0,0,0,0,0,0,0,0,0,0,0,0,0,0,0,0,4,0,0,0,0,0,0,0,0,0,0,0,0,0,0,0,0,0,0,0,0,10,10,0,0,5,0,0,0,0,20
SAL20983,0,0,0,0,0,0,0,0,0,0,0,0,0,0,0,0,0,0,0,0,3,0,0,0,0,0,0,0,0,4,0,0,0,0,0,0,0,0,0,0,0,0,0,0,0,0,0,0,0,0,0,0,0,0,0,0,0,0,0,0,0,0,0,0,0,0,0,0,0,0,0,3,0,0,0,0,0,3,0,12
SAL20984,0,0,0,0,0,0,0,0,0,3,0,0,0,0,0,0,0,0,0,0,0,0,5,0,0,4,0,0,0,9,0,0,0,0,0,0,0,0,0,0,0,0,0,0,0,0,0,0,0,0,0,0,0,0,0,0,0,0,0,0,0,0,0,0,0,0,0,0,0,0,7,4,4,0,0,5,6,0,0,22
SAL20985,0,0,0,0,0,0,0,0,0,0,5,0,0,0,0,0,0,3,0,3,3,0,6,0,0,0,0,0,0,9,0,0,0,0,0,0,0,0,0,0,0,0,0,0,0,0,0,0,0,0,0,0,0,0,0,0,0,0,0,0,0,0,0,0,0,0,0,0,0,3,17,5,6,4,0,0,0,3,0,32
SAL20986,7,0,0,0,0,0,0,0,0,7,0,0,0,0,0,0,0,0,0,0,0,0,0,0,0,0,0,0,0,0,0,0,0,0,0,0,0,0,0,0,0,0,0,0,0,0,0,0,0,0,0,0,0,0,0,0,0,0,0,0,0,0,0,0,0,0,0,0,0,0,3,0,0,0,0,0,0,0,0,3
SAL20987,0,0,0,0,0,0,0,0,0,0,0,0,0,0,0,0,0,0,0,0,0,0,0,0,0,0,0,0,0,0,0,0,0,0,0,0,0,0,0,0,0,0,0,0,0,0,0,0,0,0,0,0,0,0,0,0,0,0,0,0,0,0,0,0,0,0,0,0,0,0,0,0,0,0,0,0,0,0,0,0
SAL20988,0,0,0,0,0,0,0,0,0,0,0,0,0,0,0,0,0,0,0,0,0,0,0,0,0,0,0,0,0,0,0,0,0,0,0,0,0,0,0,4,0,0,0,0,0,0,0,0,0,0,0,0,0,0,0,0,0,0,0,0,0,0,0,0,0,0,0,0,0,0,0,3,0,0,0,0,0,0,0,7
SAL20989,3,5,3,3,4,0,0,0,0,20,5,4,0,4,3,0,0,0,0,19,6,0,22,3,0,0,5,3,0,44,0,0,0,0,0,0,0,0,0,0,0,0,0,0,0,0,0,0,0,3,0,0,0,0,0,0,0,0,0,0,0,0,0,0,0,0,0,0,0,5,22,48,32,20,10,7,8,7,0,155
SAL20990,0,0,0,0,0,0,0,0,0,0,0,0,0,0,0,0,0,0,0,7,3,6,0,0,0,0,0,0,0,7,0,0,0,0,0,0,0,0,0,0,0,0,0,0,0,0,0,0,0,0,0,0,0,0,0,0,0,0,0,0,0,0,0,0,0,0,0,0,0,0,9,15,4,4,5,0,0,0,0,38
SAL20991,0,0,0,0,0,0,0,0,0,0,0,0,0,0,0,0,0,0,0,0,0,0,6,0,0,0,0,0,0,8,0,0,0,0,0,0,0,0,0,0,0,0,0,0,0,0,0,0,0,0,0,0,0,0,0,0,0,0,0,0,0,0,0,0,0,0,0,0,0,0,13,3,6,0,0,0,0,6,0,24
SAL20992,0,0,0,0,0,0,0,0,0,0,0,0,0,3,0,0,0,0,0,8,0,0,7,0,0,0,0,6,0,9,0,0,0,0,0,0,0,0,0,0,0,0,0,0,0,0,0,0,0,0,0,0,0,0,0,0,0,0,0,0,0,0,0,0,0,0,0,0,0,0,4,0,3,4,5,0,0,6,0,24
SAL20993,0,0,0,0,0,0,0,0,0,0,3,0,0,0,0,0,0,0,0,0,6,0,4,0,0,0,0,5,0,8,0,0,0,0,0,0,0,0,0,0,0,0,0,0,0,0,0,0,0,0,0,0,0,0,0,0,0,0,0,0,0,0,0,0,0,0,0,0,0,0,12,6,4,0,0,0,0,8,0,28
SAL20994,0,0,0,0,0,0,0,0,0,0,0,0,0,0,0,0,0,0,0,0,5,0,0,0,0,0,0,0,0,3,0,0,0,0,0,0,0,0,0,0,0,0,0,0,0,0,0,0,0,0,0,0,0,0,0,0,0,0,0,0,0,0,0,0,0,0,0,0,0,0,6,0,0,0,0,0,0,0,0,7
SAL20995,0,0,0,0,0,0,0,0,0,0,0,0,0,0,0,0,0,0,0,0,0,0,0,0,0,0,0,0,0,3,0,0,0,0,0,0,0,0,0,0,0,0,0,0,0,0,0,0,0,0,0,0,0,0,0,0,0,0,0,0,0,0,0,0,0,0,0,0,0,0,5,0,0,0,5,0,0,0,0,9
SAL20996,0,0,0,0,0,0,0,0,0,0,0,0,0,0,0,0,0,0,0,0,0,0,0,0,0,0,0,4,0,4,0,0,0,0,0,0,0,0,0,0,0,0,0,0,0,0,0,0,0,0,0,0,0,0,0,0,0,0,0,0,0,0,0,0,0,0,0,0,0,0,0,0,0,0,0,0,4,4,0,14
SAL20997,0,0,0,0,0,0,0,0,0,0,0,0,0,0,0,0,0,0,0,0,0,0,0,0,0,0,0,0,0,0,0,0,0,0,0,0,0,0,0,0,0,0,0,0,0,0,0,0,0,0,0,0,0,0,0,0,0,0,0,0,0,0,0,0,0,0,0,0,0,0,0,0,0,0,0,0,0,0,0,0
SAL20998,0,0,0,0,0,0,0,0,0,0,0,0,0,0,0,0,0,0,0,0,0,0,0,0,0,0,0,0,0,0,0,0,0,0,0,0,0,0,0,0,0,0,0,0,0,0,0,0,0,0,0,0,0,0,0,0,0,0,0,0,0,0,0,0,0,0,0,0,0,0,3,0,0,0,0,0,0,0,0,3
SAL20999,5,0,0,0,0,0,0,0,0,8,4,0,0,3,0,0,0,0,0,10,24,0,19,8,3,0,11,9,0,67,4,0,0,0,0,0,0,0,0,7,0,0,0,0,0,0,0,0,0,0,0,0,0,0,0,0,0,0,0,0,0,0,0,0,0,3,0,0,0,9,40,8,29,16,6,3,8,14,0,125
SAL21000,0,0,0,0,0,0,0,0,0,3,0,0,0,0,0,0,0,0,0,3,3,0,0,3,6,0,3,7,0,27,0,0,0,0,0,0,0,0,0,0,0,0,0,0,0,0,0,0,0,3,0,0,0,0,0,0,0,0,0,0,0,0,0,0,0,0,0,0,0,0,10,3,3,4,11,0,0,7,0,43
SAL21001,41,63,22,50,48,14,0,5,5,252,66,74,48,88,78,28,15,14,5,409,139,48,488,113,106,51,70,79,14,1097,7,3,12,6,14,4,3,0,0,46,13,16,7,17,25,4,7,6,0,98,0,0,0,0,5,0,0,4,0,11,14,7,3,6,7,3,9,9,10,72,595,1171,645,397,427,141,118,144,41,3684
SAL21002,4,4,3,0,3,0,0,0,0,17,5,14,3,0,11,0,0,0,0,31,14,0,51,4,16,0,9,9,5,118,0,0,0,0,0,0,0,0,0,5,0,0,0,3,0,0,0,0,0,8,0,0,0,0,0,0,0,0,0,0,0,0,0,0,0,0,0,0,0,3,63,83,61,22,39,11,10,15,3,308
SAL21003,0,0,0,0,0,0,0,0,0,0,0,0,0,0,0,0,0,0,0,0,5,0,0,0,0,0,0,4,0,8,0,0,0,0,0,0,0,0,0,0,0,0,0,0,0,0,0,0,0,0,0,0,0,0,0,0,0,0,0,0,0,0,0,0,0,0,0,0,0,0,9,0,0,0,0,0,0,4,0,12
SAL21004,25,26,18,29,33,9,7,9,0,152,29,29,26,50,47,18,21,18,7,237,54,22,308,78,100,42,65,66,16,750,8,3,0,9,9,6,3,3,0,44,7,9,7,12,24,7,0,0,0,76,0,6,0,0,5,0,0,0,0,18,3,8,3,13,7,6,9,12,13,69,237,525,414,261,325,121,136,139,45,2190
SAL21005,4,0,0,0,0,0,0,0,0,5,5,4,3,8,0,0,0,0,0,23,10,4,19,7,3,3,9,8,0,65,0,0,0,0,0,0,0,3,0,7,0,0,0,0,0,0,0,0,0,0,0,0,0,0,0,0,0,0,0,0,0,0,0,0,0,0,0,0,0,3,31,32,26,14,9,6,9,17,3,146
SAL21006,0,0,0,0,0,0,0,0,0,0,0,0,0,0,0,0,0,0,0,4,8,0,8,0,3,0,0,0,0,20,0,0,4,0,0,0,0,0,0,3,0,0,0,0,0,0,0,0,0,0,0,0,0,0,0,0,0,0,0,0,0,0,0,0,0,0,0,0,0,0,17,15,11,5,10,0,0,3,0,59
SAL21007,0,0,0,0,0,0,0,0,0,4,0,0,0,0,0,0,0,0,0,0,0,0,0,0,0,0,0,0,0,9,0,0,0,0,0,0,0,0,0,0,0,0,0,0,0,0,0,0,0,0,0,0,0,0,0,0,0,0,0,0,0,0,0,0,0,0,0,0,0,0,6,7,0,0,3,0,0,0,4,24
SAL21008,0,0,0,0,0,0,0,0,0,9,0,0,0,0,0,0,0,0,0,7,0,0,4,0,0,0,0,0,0,10,0,0,0,0,0,0,0,0,0,0,0,0,0,0,0,0,0,0,0,4,0,0,0,0,0,0,0,0,0,0,0,0,0,0,0,0,0,0,0,0,9,7,7,7,0,4,3,4,0,41
SAL21009,24,22,30,17,4,12,5,13,3,125,18,27,25,52,26,24,4,15,6,190,21,12,81,31,13,12,15,19,3,205,0,0,0,5,4,3,0,0,0,12,4,0,6,6,13,0,4,3,0,33,4,11,0,4,0,0,0,4,0,25,4,12,6,3,4,0,0,0,10,32,328,1055,232,229,252,137,44,108,69,2459
SAL21010,125,144,47,49,119,49,6,10,9,559,150,120,67,104,133,62,14,28,12,680,152,75,249,94,99,73,27,30,16,824,8,13,10,7,19,9,0,4,0,75,35,27,13,15,36,20,0,6,6,166,14,38,12,10,11,5,0,3,4,88,16,31,8,9,20,13,3,5,24,123,2628,5442,639,646,1245,575,110,205,162,11647
SAL21011,0,0,0,0,0,0,0,0,0,0,0,0,0,6,0,0,0,0,0,6,5,0,9,0,0,0,0,0,0,15,0,0,0,0,0,0,0,0,0,0,0,0,0,0,0,0,0,0,0,0,0,0,0,0,0,0,0,0,0,0,0,0,0,0,0,0,0,0,0,0,8,16,9,5,3,0,0,0,0,44
SAL21012,0,0,0,0,0,0,0,0,0,0,0,0,0,0,0,0,0,0,0,0,0,0,0,0,0,0,0,0,0,0,0,0,0,0,0,0,0,0,0,0,0,0,0,0,0,0,0,0,0,0,0,0,0,0,0,0,0,0,0,0,0,0,0,0,0,0,0,0,0,0,0,0,0,0,0,0,0,0,0,3
SAL21013,139,183,139,96,128,63,44,53,3,848,157,162,182,189,180,92,53,111,20,1154,153,61,425,238,116,93,81,108,26,1308,6,3,15,16,26,9,9,23,0,102,22,23,18,32,43,18,16,15,0,195,35,52,15,16,17,18,13,0,4,163,35,59,29,16,32,19,8,17,51,270,2503,6198,1365,1219,1875,894,434,616,286,15383
SAL21014,0,0,0,0,0,0,0,0,0,0,0,0,0,0,0,0,0,0,0,0,0,0,0,0,0,0,0,0,0,0,0,0,0,0,0,0,0,0,0,0,0,0,0,0,0,0,0,0,0,0,0,0,0,0,0,0,0,0,0,0,0,0,0,0,0,0,0,0,0,0,0,0,0,0,0,0,0,0,0,0
SAL21015,0,0,0,0,0,0,0,0,0,3,0,0,0,0,0,0,0,0,0,0,0,0,0,0,0,0,0,0,0,3,0,0,0,0,0,0,0,0,0,0,0,0,0,0,0,0,0,0,0,3,0,0,0,0,0,0,0,0,0,0,0,0,0,0,0,0,0,0,0,0,10,0,0,0,4,0,0,0,0,13
SAL21016,0,0,0,0,0,0,0,0,0,0,4,0,0,0,0,0,0,0,0,4,3,0,0,0,0,0,0,0,0,3,0,0,0,0,0,0,0,0,0,0,0,0,0,0,0,0,0,0,0,0,0,0,0,0,0,0,0,0,0,0,0,0,0,0,0,0,0,0,0,0,15,3,0,0,0,0,0,0,0,20
SAL21017,0,0,0,0,0,0,0,0,0,0,0,0,0,0,0,0,0,0,0,3,0,0,0,0,0,0,0,0,0,10,0,0,0,0,0,0,0,0,0,0,0,0,0,0,0,0,0,0,0,0,0,0,0,0,0,0,0,0,0,0,0,0,0,0,0,0,0,0,0,0,0,0,0,3,0,0,0,0,0,8
SAL21018,3,0,0,0,0,0,0,0,0,3,6,0,0,0,0,0,0,0,0,10,14,0,4,0,0,0,3,3,0,31,0,0,0,0,0,0,0,0,0,0,0,0,0,0,0,0,0,0,0,4,0,0,0,0,0,0,0,0,0,0,0,0,0,0,0,0,0,0,0,0,26,8,9,8,9,0,5,6,0,74
SAL21019,0,0,0,0,0,0,0,0,0,0,0,0,0,0,0,0,0,0,0,3,0,0,0,0,0,0,0,0,0,4,0,0,0,0,0,0,0,0,0,0,0,0,0,0,0,0,0,0,0,0,0,0,0,0,0,0,0,0,0,0,0,0,0,0,0,0,0,0,0,0,5,0,0,0,7,0,0,0,0,17
SAL21020,6,4,0,0,4,0,0,0,0,11,9,0,0,3,0,0,0,0,0,13,19,0,25,0,0,0,8,9,0,73,0,0,0,0,0,0,0,0,0,4,0,0,5,0,4,0,0,0,0,4,0,0,0,0,0,0,0,0,0,0,0,0,0,0,5,0,0,5,0,5,32,20,29,10,15,7,16,17,4,139
SAL21021,0,0,0,0,0,0,0,0,0,0,0,0,0,0,0,0,0,0,0,0,6,0,0,0,0,0,0,0,0,7,0,0,0,0,0,0,0,0,0,0,0,0,0,0,0,0,0,0,0,0,0,0,0,0,0,0,0,0,0,0,0,0,0,0,0,0,0,0,0,0,5,3,3,0,0,0,0,0,0,18
SAL21022,0,0,0,0,0,0,0,0,0,0,0,0,0,0,0,0,0,0,0,0,0,0,0,0,0,0,0,0,0,0,0,0,0,0,0,0,0,0,0,0,0,0,0,0,0,0,0,0,0,0,0,0,0,0,0,0,0,0,0,0,0,0,0,0,0,0,0,0,0,0,0,0,0,0,0,0,0,0,0,0
SAL21023,0,0,0,0,0,0,0,0,0,0,0,0,0,0,0,0,0,0,0,0,0,0,0,0,0,0,0,0,0,0,0,0,0,0,0,0,0,0,0,0,0,0,0,0,0,0,0,0,0,0,0,0,0,0,0,0,0,0,0,0,0,0,0,0,0,0,0,0,0,0,0,0,0,0,0,0,0,0,0,0
SAL21024,0,0,0,0,0,0,0,0,0,0,5,0,0,0,0,0,0,0,0,5,7,0,4,0,0,0,8,0,0,20,0,0,0,0,0,0,0,0,0,0,0,0,0,0,0,0,0,0,0,0,0,0,0,0,0,0,0,0,0,0,0,0,0,0,0,0,0,0,0,0,17,8,4,0,4,0,8,3,0,39
SAL21025,7,0,0,4,0,0,0,0,0,13,7,6,0,7,6,0,0,0,0,28,24,6,81,23,18,10,31,17,6,204,0,0,0,0,0,0,0,0,0,5,0,0,0,5,3,0,0,0,0,9,0,0,0,0,0,0,0,0,0,4,3,6,0,3,0,0,4,4,5,18,55,67,85,45,36,11,37,32,11,383
SAL21026,0,0,0,0,3,0,0,0,0,8,0,0,0,0,0,0,0,0,0,3,6,0,16,5,5,0,7,5,0,37,0,0,0,0,0,0,0,0,0,0,0,0,0,0,0,0,0,0,0,0,0,0,0,0,0,0,0,0,0,0,0,0,0,0,0,0,0,0,0,3,11,11,21,3,10,4,11,5,0,69
SAL21027,0,0,0,0,0,0,0,0,0,0,0,0,0,0,0,0,0,0,0,6,3,0,5,0,0,0,0,0,0,20,0,0,0,0,0,0,0,0,0,0,0,0,0,0,3,0,0,0,0,3,0,0,0,0,0,0,0,0,0,0,0,0,0,0,0,0,0,0,0,0,13,9,10,6,6,0,0,0,0,38
SAL21028,0,0,0,0,0,0,0,0,0,0,0,0,0,0,0,0,0,0,0,0,0,0,0,0,0,0,0,0,0,0,0,0,0,0,0,0,0,0,0,0,0,0,0,0,0,0,0,0,0,0,0,0,0,0,0,0,0,0,0,0,4,0,0,0,0,0,0,0,0,4,7,0,0,0,0,0,0,0,0,5
SAL21029,3,0,4,0,0,0,0,0,0,5,0,0,0,0,0,0,0,0,0,0,0,0,6,0,0,4,0,0,0,10,0,0,0,0,0,0,0,0,0,0,0,0,0,0,0,0,0,0,0,0,0,0,0,0,0,0,0,0,0,0,0,0,0,0,0,0,0,0,0,0,9,3,14,0,4,8,0,0,0,28
SAL21030,0,0,0,0,0,0,0,0,0,0,0,0,0,0,0,0,0,0,0,0,0,0,0,0,0,0,0,0,0,7,0,0,0,0,0,0,0,0,0,0,0,0,0,0,0,0,0,0,0,0,0,0,0,0,0,0,0,0,0,0,0,0,0,0,0,0,0,0,0,0,0,0,0,0,6,0,0,0,0,8
SAL21031,0,0,0,0,0,0,0,0,0,3,0,0,0,0,0,0,0,0,0,0,0,0,0,0,0,0,0,0,0,3,0,0,0,0,0,0,0,0,0,0,0,0,0,0,0,0,0,0,0,0,0,0,0,0,0,0,0,0,0,0,0,0,0,0,0,0,0,0,0,0,4,3,0,0,0,0,0,0,0,9
SAL21032,0,0,0,0,0,0,0,0,0,4,0,0,0,0,0,0,0,0,0,0,10,0,4,0,0,0,0,0,0,12,0,0,0,0,0,0,0,0,0,0,0,0,0,0,0,0,0,0,0,0,0,0,0,0,0,0,0,0,0,0,0,0,0,0,0,0,0,0,0,0,18,6,4,0,3,0,0,0,0,30
SAL21033,0,0,0,0,0,0,0,0,0,0,0,0,0,0,0,0,0,0,0,0,0,0,0,0,0,0,0,0,0,0,0,0,0,0,0,0,0,0,0,0,0,0,0,0,0,0,0,0,0,0,0,0,0,0,0,0,0,0,0,0,0,0,0,0,0,0,0,0,0,0,5,3,0,0,0,0,0,0,0,6
SAL21034,4,0,0,0,0,0,0,0,0,4,0,0,0,0,0,0,0,0,0,0,0,0,0,0,0,0,0,0,0,4,0,0,0,0,0,0,0,0,0,0,0,0,0,0,0,0,0,0,0,0,0,0,0,0,0,0,0,0,0,0,0,0,0,0,0,0,0,0,0,0,4,3,0,0,0,3,0,0,0,10
SAL21035,0,0,0,0,0,0,0,0,0,0,0,0,0,0,0,0,0,0,0,0,0,0,0,0,0,0,0,0,0,0,0,0,0,0,0,0,0,0,0,0,0,0,0,0,0,0,0,0,0,0,0,0,0,0,0,0,0,0,0,0,0,0,0,0,0,0,0,0,0,0,0,0,0,0,0,0,0,0,0,3
SAL21036,0,0,0,0,0,0,0,0,0,0,0,0,0,0,0,0,0,0,0,0,0,0,0,0,0,0,0,0,0,0,0,0,0,0,0,0,0,0,0,0,0,0,0,0,0,0,0,0,0,0,0,0,0,0,0,0,0,0,0,0,0,0,0,0,0,0,0,0,0,0,0,0,0,0,0,0,0,0,0,0
SAL21037,0,0,0,0,0,0,0,0,0,0,0,0,0,0,0,0,0,0,0,0,0,0,0,0,0,0,0,0,0,0,0,0,0,0,0,0,0,0,0,0,0,0,0,0,0,0,0,0,0,0,0,0,0,0,0,0,0,0,0,0,0,0,0,0,0,0,0,0,0,0,0,4,0,0,0,0,0,0,0,7
SAL21038,6,0,0,0,0,0,0,0,0,12,6,3,0,4,0,0,0,0,0,18,6,0,6,10,4,7,5,3,0,31,0,0,0,0,0,0,0,0,0,0,0,0,0,0,0,0,0,0,0,5,0,0,0,0,0,0,0,0,0,0,0,0,0,0,0,0,0,0,0,0,37,47,21,23,7,4,5,6,0,145
SAL21039,0,0,0,0,0,0,0,0,0,3,3,0,0,6,0,0,0,0,0,16,9,3,14,9,0,6,6,3,0,45,0,0,0,0,0,0,0,0,0,0,0,0,0,0,0,0,0,0,0,0,0,0,0,0,0,0,0,0,0,0,0,0,0,0,0,0,0,0,0,0,10,12,17,20,4,4,6,3,4,76
SAL21040,0,0,0,0,0,0,0,0,0,0,0,0,0,0,0,0,0,0,0,4,4,0,4,0,0,0,0,5,0,9,0,0,0,0,0,0,0,0,0,0,0,0,0,0,0,0,0,0,0,0,0,0,0,0,0,0,0,0,0,0,0,0,0,0,0,0,0,0,0,4,9,4,4,0,0,0,0,5,0,21
SAL21041,0,0,0,0,0,0,0,0,0,0,3,0,0,0,0,0,0,0,0,5,9,0,0,0,0,0,0,3,4,16,0,0,0,0,0,0,0,0,0,0,0,0,0,0,0,0,0,0,0,0,0,0,0,0,0,0,0,0,0,0,0,0,0,0,0,0,0,0,0,0,17,5,0,5,5,0,0,3,4,39
SAL21042,0,0,0,0,0,0,0,0,0,4,0,0,0,0,0,0,0,0,0,0,0,0,0,0,0,0,0,0,0,6,0,0,0,0,0,0,0,0,0,0,0,0,0,0,0,0,0,0,0,0,0,0,0,0,0,0,0,0,0,0,0,0,0,0,0,0,0,0,0,0,11,3,3,6,0,0,0,0,0,16
SAL21043,0,0,0,0,0,0,0,0,0,3,0,0,0,0,0,0,0,5,0,3,5,0,0,4,0,0,0,0,0,15,0,0,0,0,0,0,0,0,0,0,0,0,0,0,0,0,0,0,0,0,0,0,0,0,0,0,0,0,0,0,0,0,0,0,0,0,0,0,0,0,12,3,3,3,0,0,0,3,0,33
SAL21044,0,0,0,0,0,0,0,0,0,0,0,0,0,0,0,0,0,0,0,0,0,0,0,0,0,0,0,0,0,5,0,0,0,0,0,0,0,0,0,0,0,0,0,0,0,0,0,0,0,0,0,0,0,0,0,0,0,0,0,0,0,0,0,0,0,0,0,0,0,0,0,3,0,3,0,0,0,0,0,9
SAL21045,0,4,6,12,5,0,0,0,0,23,10,9,5,11,9,0,0,8,0,50,17,11,54,27,13,5,14,11,4,159,0,0,4,3,3,0,0,0,0,14,5,0,0,0,4,0,0,0,0,12,0,0,0,0,0,0,0,0,0,4,0,0,0,0,0,0,0,0,0,7,54,97,72,54,45,21,18,26,7,378
SAL21046,0,0,0,0,0,0,0,0,0,0,0,0,0,0,0,0,0,0,0,0,0,0,3,0,0,0,0,0,0,14,0,0,0,0,0,0,0,0,0,0,0,0,0,0,0,0,0,0,0,0,0,0,0,0,0,0,0,0,0,0,0,0,0,0,0,0,0,0,0,0,15,7,9,0,4,0,0,4,0,37
SAL21047,49,59,59,68,67,33,22,35,4,396,117,95,162,264,147,56,51,89,14,1004,132,82,539,206,157,75,121,152,26,1485,3,3,0,18,19,10,5,13,0,74,18,8,19,44,36,9,10,12,7,163,13,8,9,14,7,5,0,16,0,69,7,17,19,29,19,8,18,29,32,191,880,2481,1152,1095,930,415,445,707,164,8252
SAL21048,4,0,0,5,0,0,0,0,0,5,4,0,0,0,0,0,0,0,0,4,13,0,4,6,3,3,0,7,0,34,4,0,0,0,0,0,0,4,0,9,4,0,0,0,0,0,0,0,0,4,0,0,0,0,0,0,0,0,0,0,3,0,0,0,0,0,0,0,0,3,39,10,4,8,13,3,0,9,0,84
SAL21049,0,0,0,0,0,0,0,0,0,0,0,0,0,0,0,0,0,0,0,0,0,0,0,0,0,0,0,0,0,3,0,0,0,0,0,0,0,0,0,0,0,0,0,0,0,0,0,0,0,0,0,0,0,0,0,0,0,0,0,0,0,0,0,0,0,0,0,0,0,0,0,0,0,0,0,0,0,0,0,4
SAL21050,4,0,0,0,0,0,0,0,0,10,3,0,0,0,0,0,0,0,0,10,11,0,7,4,5,6,3,4,0,36,0,0,0,0,0,0,0,0,0,5,0,0,0,0,0,0,0,0,0,0,0,0,0,0,0,0,0,0,0,0,0,0,0,0,0,0,0,0,0,3,31,26,15,6,9,6,6,15,0,105
SAL21051,0,0,0,0,0,0,0,0,0,0,0,0,0,0,0,0,0,0,0,0,10,0,3,0,0,0,0,0,0,15,0,0,0,0,0,4,0,0,0,4,0,0,0,0,0,0,0,0,0,5,0,0,0,0,0,0,0,0,0,0,0,0,0,0,0,0,0,0,0,0,10,8,3,0,3,5,3,0,0,31
SAL21052,0,0,0,0,0,0,0,0,0,0,0,0,0,0,0,0,0,0,0,0,0,0,0,0,0,0,0,0,0,3,0,0,0,0,0,0,0,0,0,0,0,0,0,0,0,0,0,0,0,0,0,0,0,0,0,0,0,0,0,0,0,0,0,0,0,0,0,0,0,0,7,4,0,0,0,0,0,0,0,8
SAL21053,0,0,0,0,0,0,0,0,0,0,0,0,0,0,0,0,0,0,0,3,3,0,4,0,0,0,0,0,0,9,0,0,0,0,0,0,0,0,0,0,0,0,0,0,0,0,0,0,0,0,0,0,0,0,0,0,0,0,0,0,0,0,0,0,0,0,0,0,0,0,5,7,3,0,0,0,0,6,0,26
SAL21054,0,0,0,0,0,0,0,0,0,5,0,0,0,0,0,0,0,0,0,7,0,4,4,5,3,3,4,0,0,25,0,0,0,0,0,0,0,0,0,5,0,0,0,0,0,0,0,0,0,4,0,0,0,0,0,0,0,0,0,0,0,0,0,0,4,0,0,0,0,4,10,17,8,5,3,8,4,0,5,59
SAL21055,3,0,0,0,0,0,0,0,0,0,0,0,0,4,0,0,0,0,0,7,4,0,4,0,0,0,5,3,0,32,0,0,0,0,0,0,0,0,0,5,0,0,0,0,0,0,0,0,0,0,0,0,0,0,0,0,0,0,0,0,0,0,0,0,0,0,0,0,0,4,10,5,12,12,4,0,7,5,0,60
SAL21056,8,9,9,7,0,3,0,0,0,38,9,4,10,21,15,3,0,4,0,76,21,10,65,47,25,17,7,12,5,212,0,0,0,9,3,3,3,0,0,20,0,0,4,7,0,0,0,0,0,14,0,4,0,6,0,0,0,0,0,6,0,3,0,0,0,0,0,3,0,9,88,290,101,118,86,33,21,36,5,779
SAL21057,0,7,0,0,0,0,0,0,0,9,0,0,0,0,0,0,0,0,0,3,0,3,6,0,0,0,0,0,0,12,0,0,0,0,0,0,0,0,0,0,0,0,0,0,0,0,0,0,0,0,0,0,0,0,0,0,0,0,0,0,0,0,0,0,0,0,0,0,0,0,3,15,7,7,0,0,0,6,0,43
SAL21058,18,25,15,30,28,9,5,9,0,133,36,61,32,104,52,17,10,26,0,347,103,53,358,184,118,71,79,129,18,1118,4,6,8,13,17,8,0,12,0,70,3,7,5,12,13,8,5,7,0,52,3,0,5,5,3,0,0,0,0,15,0,15,7,12,12,7,7,3,7,65,295,868,455,449,333,150,108,202,33,2896
SAL21059,0,0,0,0,0,0,0,0,0,0,4,3,0,0,0,0,0,3,0,9,5,0,13,0,6,0,4,0,0,28,0,0,0,0,0,0,0,0,0,0,0,0,0,0,0,0,0,0,0,0,0,0,0,0,0,0,0,0,0,0,0,0,0,0,0,0,0,0,0,0,18,30,16,3,8,0,0,8,0,81
SAL21060,0,0,0,0,0,0,0,0,0,0,0,0,0,0,0,0,0,0,0,0,0,0,0,0,0,0,0,0,0,0,0,0,0,0,0,0,0,0,0,0,0,0,0,0,0,0,0,0,0,0,0,0,0,0,0,0,0,0,0,0,0,0,0,0,0,0,0,0,0,0,0,0,0,0,0,0,0,0,0,9
SAL21061,0,0,0,0,0,0,0,0,0,0,0,0,0,0,0,0,0,0,0,0,0,0,0,0,0,0,0,0,0,0,0,0,0,0,0,0,0,0,0,0,0,0,0,0,0,0,0,0,0,0,0,0,0,0,0,0,0,0,0,0,0,0,0,0,0,0,0,0,0,0,0,0,0,0,0,0,0,0,0,0
SAL21062,0,0,0,0,0,0,0,0,0,0,0,0,0,0,0,0,0,0,0,0,0,0,0,0,0,0,0,0,0,3,0,0,0,0,0,0,0,0,0,0,0,0,0,0,0,0,0,0,0,0,0,0,0,0,0,0,0,0,0,0,0,0,0,0,0,0,0,0,0,0,0,0,0,3,0,0,0,0,0,7
SAL21063,0,0,0,0,0,0,0,0,0,0,0,0,0,0,0,0,0,0,0,3,3,0,3,0,0,3,0,6,0,15,0,0,0,0,0,0,0,0,0,0,0,0,0,0,0,0,0,0,0,0,0,0,0,0,0,0,0,0,0,0,3,0,0,0,0,0,0,0,0,0,11,7,10,0,0,5,0,3,0,35
SAL21064,0,6,0,0,0,0,0,0,0,6,0,0,0,0,0,0,0,0,0,0,3,0,0,0,4,3,0,0,0,11,0,0,0,0,0,0,0,0,0,0,0,0,0,0,0,0,0,0,0,0,0,0,0,0,0,0,0,0,0,0,0,0,0,0,0,0,0,0,0,0,16,6,5,7,7,8,0,0,0,41
SAL21065,0,0,0,0,0,0,0,0,0,0,0,0,0,0,3,0,0,0,0,0,0,0,0,0,0,0,0,0,0,0,0,0,0,0,0,0,0,0,0,0,0,0,0,0,0,0,0,0,0,0,0,0,0,0,0,0,0,0,0,0,0,0,0,0,0,0,0,0,0,0,0,4,0,0,5,0,0,0,0,12
SAL21066,4,6,0,0,0,0,0,0,0,6,0,0,0,0,0,0,0,0,0,0,7,4,4,0,0,0,0,0,0,13,0,0,0,0,0,0,0,0,0,0,0,0,0,0,0,0,0,0,0,4,0,0,0,0,0,0,0,0,0,0,0,0,0,0,0,0,0,0,0,0,17,16,6,0,3,4,0,0,0,47
SAL21067,0,0,0,0,0,0,0,0,0,0,0,0,0,0,0,0,0,0,0,0,3,0,3,0,0,0,0,0,0,5,0,0,0,0,0,0,0,0,0,0,0,0,0,0,0,0,0,0,0,0,0,0,0,0,0,0,0,0,0,0,0,0,0,0,0,0,0,0,0,0,12,9,3,0,0,0,0,0,0,22
SAL21068,3,0,0,0,0,0,0,0,0,6,0,0,0,3,0,0,0,0,0,3,6,0,13,0,3,0,8,3,0,33,0,0,0,0,0,0,0,0,0,0,3,0,0,0,0,0,0,0,0,3,0,0,0,0,0,0,0,0,0,0,0,0,0,0,0,0,0,0,0,8,23,12,12,9,12,0,5,5,0,77
SAL21069,3,0,0,0,0,0,0,0,0,5,5,4,3,6,6,4,0,0,0,28,23,0,45,16,10,0,7,10,3,116,0,0,0,3,0,3,0,0,0,13,0,0,4,0,5,0,0,0,0,8,0,0,0,0,0,0,0,0,0,0,0,0,0,0,0,0,0,0,0,3,41,36,61,35,23,9,13,14,4,237
SAL21070,0,0,0,0,0,0,0,0,0,5,0,0,0,0,0,0,0,0,0,0,0,0,0,0,0,0,0,0,0,0,0,0,0,0,0,0,0,0,0,0,0,0,0,0,0,0,0,0,0,0,0,0,0,0,0,0,0,0,0,0,0,0,0,0,0,0,0,0,0,0,3,0,0,0,0,0,0,0,0,7
SAL21071,0,0,0,0,5,0,0,0,0,5,0,0,4,0,3,0,0,0,0,11,4,0,24,3,0,0,4,4,0,37,0,0,0,0,3,0,0,0,0,3,0,0,0,5,0,0,0,0,0,6,0,0,0,0,0,0,0,0,0,0,0,0,0,0,0,0,0,0,0,0,3,19,28,11,13,7,3,4,0,81
SAL21072,3,0,0,0,0,0,0,0,0,7,0,0,0,0,3,0,0,0,0,9,10,0,13,10,4,9,0,0,0,55,0,0,0,0,0,0,0,7,0,6,0,0,0,0,0,0,0,0,0,3,0,0,0,0,0,0,0,0,0,0,0,0,0,0,0,0,0,0,0,3,17,11,13,13,6,11,5,7,0,86
SAL21073,11,5,4,4,11,0,0,5,0,38,11,11,10,8,9,12,0,3,0,52,22,5,79,22,17,7,19,13,0,182,3,0,0,0,0,0,0,0,0,9,3,0,0,0,0,0,5,0,0,8,0,0,0,0,0,0,0,0,0,3,3,0,0,0,0,0,0,3,0,15,88,121,95,52,58,18,30,28,8,496
SAL21074,0,5,0,0,0,0,0,0,0,7,0,5,0,0,0,0,0,0,0,6,12,6,15,9,3,0,7,5,0,55,0,0,0,0,0,0,0,0,0,3,0,0,0,0,0,0,0,0,0,6,0,0,0,0,0,0,0,0,0,5,0,0,0,0,0,0,0,0,0,4,16,16,22,17,10,0,11,11,0,103
SAL21075,3,0,0,0,0,0,0,0,0,3,0,0,0,3,0,0,0,0,0,3,8,0,0,6,0,0,0,0,0,20,0,0,0,0,0,0,0,0,0,4,0,0,0,0,0,0,0,0,0,0,0,0,0,0,0,0,0,0,0,0,0,0,0,3,0,0,0,0,0,3,21,17,5,9,0,0,0,4,0,67
SAL21076,0,4,0,0,0,0,0,0,0,6,0,0,0,0,0,0,0,0,0,3,3,0,0,0,0,0,0,0,0,6,0,0,0,0,0,0,0,0,0,0,0,0,0,0,0,0,0,0,0,0,0,0,0,0,0,0,0,0,0,0,0,0,0,0,0,0,0,0,0,0,3,7,0,0,4,0,0,0,0,15
SAL21077,3,0,0,0,0,0,0,0,0,3,4,0,0,0,6,0,0,0,0,5,6,0,9,0,9,0,4,3,0,31,0,0,0,0,0,0,0,0,0,5,0,0,0,0,0,0,0,0,0,9,0,0,0,0,0,0,0,0,0,0,0,0,0,0,0,0,0,0,0,4,26,16,12,6,9,4,4,9,7,86
SAL21078,0,0,0,0,0,0,0,0,0,0,0,0,0,0,0,0,0,0,0,0,0,0,3,0,4,0,5,0,0,13,0,0,0,0,0,0,0,0,0,0,0,0,0,0,0,0,0,0,0,3,0,0,0,0,0,0,0,0,0,0,0,0,0,0,0,0,0,0,0,0,11,3,3,0,6,0,5,0,0,28
SAL21079,15,15,4,11,13,3,4,0,4,69,29,25,10,16,34,9,4,4,0,141,36,10,90,29,38,12,16,19,5,252,0,0,0,9,4,3,0,0,0,13,3,3,6,4,13,0,0,0,0,26,5,0,0,0,0,0,0,0,0,9,0,4,3,6,3,0,4,0,0,22,187,344,135,100,159,50,35,28,28,1079
SAL21080,0,0,0,0,0,0,0,0,0,3,0,0,0,0,0,0,0,0,0,0,0,0,0,0,0,0,0,0,0,0,0,0,0,0,0,0,0,0,0,0,0,0,0,0,0,0,0,0,0,0,0,0,0,0,0,0,0,0,0,0,0,0,0,0,0,0,0,0,0,0,0,0,0,0,0,0,0,0,0,0
SAL21081,0,0,0,0,0,0,0,0,0,0,0,0,0,0,0,0,0,0,0,0,0,0,0,0,0,0,0,0,0,0,0,0,0,0,0,0,0,0,0,0,0,0,0,0,0,0,0,0,0,0,0,0,0,0,0,0,0,0,0,0,0,0,0,0,0,0,0,0,0,0,8,0,0,0,0,0,0,0,0,8
SAL21082,0,0,0,0,0,0,0,0,0,0,0,0,0,0,0,0,0,0,0,0,0,0,0,0,0,0,0,0,0,0,0,0,0,0,0,0,0,0,0,0,0,0,0,0,0,0,0,0,0,0,0,0,0,0,0,0,0,0,0,0,0,0,0,0,0,0,0,0,0,0,0,4,0,0,0,0,0,0,0,7
SAL21083,0,0,0,0,0,0,0,0,0,0,0,0,0,0,0,0,0,0,0,0,0,0,9,3,0,0,0,0,0,15,0,0,0,0,0,0,0,0,0,0,0,0,0,0,0,0,0,0,0,0,0,0,0,0,0,0,0,0,0,0,0,0,0,0,0,0,0,0,0,0,0,6,9,0,5,0,0,0,0,26
SAL21084,6,6,0,0,3,0,0,0,0,12,6,6,0,0,3,5,0,6,0,25,11,0,41,9,18,0,3,12,0,89,4,0,0,0,0,0,0,0,0,6,0,0,0,0,0,0,0,0,0,6,0,0,0,0,0,0,0,0,0,0,0,0,0,0,0,0,0,3,3,7,43,53,44,16,32,7,3,18,7,227
SAL21085,0,0,0,0,0,0,0,0,0,0,0,0,0,0,0,0,0,0,0,0,0,0,0,0,0,0,0,0,0,0,0,0,0,0,0,0,0,0,0,0,0,0,0,0,0,0,0,0,0,0,0,0,0,0,0,0,0,0,0,0,0,0,0,0,0,0,0,0,0,0,0,0,0,0,0,0,0,0,0,0
SAL21086,0,0,0,0,0,0,0,0,0,0,0,0,0,0,0,0,0,0,0,0,0,0,0,0,0,0,0,0,0,0,0,0,0,0,0,0,0,0,0,0,0,0,0,0,0,0,0,0,0,0,0,0,0,0,0,0,0,0,0,0,0,0,0,0,0,0,0,0,0,0,0,0,0,0,0,0,0,0,0,4
SAL21087,0,0,0,0,0,0,0,0,0,3,0,0,0,0,0,0,0,0,0,0,0,0,10,0,0,0,0,0,0,20,0,0,0,0,0,0,0,0,0,0,0,0,0,0,0,0,0,0,0,0,0,0,0,0,0,0,0,0,0,0,0,0,0,0,0,0,0,0,0,0,3,0,15,4,0,0,0,0,0,25
SAL21088,0,0,0,3,0,0,0,0,0,3,0,0,0,12,0,0,0,0,0,9,9,0,11,3,6,0,4,9,0,39,0,0,0,0,0,0,0,0,0,5,0,0,0,0,0,0,0,0,0,6,0,0,0,0,0,0,0,0,0,0,0,0,0,0,0,0,0,0,0,3,12,15,15,17,13,8,3,8,0,92
SAL21089,0,5,0,0,0,3,0,5,0,10,9,6,0,9,5,0,0,0,0,37,19,8,52,16,18,15,25,12,4,166,0,0,0,0,0,3,4,4,0,11,0,0,0,0,0,0,0,0,0,5,0,0,0,0,0,0,0,0,0,0,0,0,0,0,0,0,4,0,0,11,42,66,53,41,29,23,26,26,0,320
SAL21090,0,3,0,0,0,0,0,0,0,3,0,0,0,0,0,0,0,0,0,0,12,0,3,0,0,0,0,4,0,18,0,0,0,0,0,0,0,0,0,0,0,0,0,0,0,0,0,0,0,0,0,0,0,0,0,0,0,0,0,0,0,0,0,0,0,0,0,0,0,0,10,11,3,0,5,0,0,4,0,31
SAL21091,3,0,0,0,0,0,0,0,0,8,4,0,0,0,0,0,0,0,0,3,4,0,0,0,3,0,0,0,0,8,0,0,0,0,0,0,0,0,0,0,0,0,0,0,0,0,0,0,0,0,0,0,0,0,0,0,0,0,0,0,0,0,0,0,0,0,0,0,0,0,11,0,0,3,6,0,0,0,0,25
SAL21092,10,0,0,0,0,0,0,0,0,13,0,5,0,6,0,4,0,0,0,11,12,0,10,4,0,0,0,5,3,43,0,0,0,0,0,0,0,0,0,6,0,0,0,0,0,0,0,0,0,4,0,0,0,0,0,0,0,0,0,3,0,0,0,0,0,4,0,0,0,4,30,32,18,16,5,5,0,10,3,124
SAL21093,0,0,0,0,0,0,0,0,0,0,0,0,0,0,0,0,0,0,0,0,0,0,0,0,0,0,0,0,0,0,0,0,0,0,0,0,0,0,0,0,0,0,0,0,0,0,0,0,0,0,0,0,0,0,0,0,0,0,0,0,0,0,0,0,0,0,0,0,0,0,0,0,0,0,0,0,0,0,0,0
SAL21094,0,0,0,0,0,0,0,0,0,0,3,0,0,0,0,0,0,0,0,5,0,0,3,0,3,0,0,0,0,5,0,0,0,0,0,0,0,0,0,0,0,0,0,0,0,0,0,0,0,0,0,0,0,0,0,0,0,0,0,0,0,0,0,0,0,0,0,0,0,0,5,3,3,0,3,0,0,0,0,14
SAL21095,0,0,0,0,0,0,0,0,0,0,0,0,0,0,0,0,0,0,0,0,0,0,0,0,0,0,0,0,0,0,0,0,0,0,0,0,0,0,0,0,0,0,0,0,0,0,0,0,0,0,0,0,0,0,0,0,0,0,0,0,0,0,0,0,0,0,0,0,0,0,0,3,0,0,0,0,0,0,0,5
SAL21096,0,0,0,0,0,0,0,0,0,0,0,0,0,0,0,0,0,0,0,0,0,0,0,0,0,0,0,0,0,0,0,0,0,0,0,0,0,0,0,0,0,0,0,0,0,0,0,0,0,0,0,0,0,0,0,0,0,0,0,0,0,0,0,0,0,0,0,0,0,0,0,0,0,0,0,0,0,0,0,6
SAL21097,0,0,0,0,0,0,0,0,0,0,0,0,0,0,0,0,0,0,0,0,0,0,0,0,3,0,0,0,0,4,0,0,0,0,0,0,0,0,0,0,0,0,0,0,0,0,0,0,0,0,0,0,0,0,0,0,0,0,0,0,0,0,0,0,0,0,0,0,0,0,0,0,0,0,3,0,0,0,0,5
SAL21098,6,0,0,7,0,0,0,0,0,14,3,0,0,0,0,0,0,0,0,6,8,3,20,10,9,0,5,0,5,64,0,0,0,0,0,0,0,0,0,5,3,0,0,0,0,0,0,0,0,3,0,0,0,0,0,0,0,0,0,0,8,4,0,7,0,0,0,0,0,15,29,31,18,34,14,3,6,4,3,151
SAL21099,0,0,0,0,0,0,0,0,0,0,0,0,0,0,0,0,0,0,0,0,0,0,0,0,0,0,0,0,0,0,0,0,0,0,0,0,0,0,0,0,0,0,0,0,0,0,0,0,0,0,0,0,0,0,0,0,0,0,0,0,0,0,0,0,0,0,0,0,0,0,0,0,0,0,0,0,0,0,0,0
SAL21100,0,0,0,0,0,0,0,0,0,0,0,0,0,0,0,0,0,0,0,3,0,0,0,5,0,0,0,0,0,3,0,0,0,0,0,0,0,0,0,0,0,0,0,0,0,0,0,0,0,0,0,0,0,0,0,0,0,0,0,0,0,0,0,0,0,0,0,0,0,0,4,11,5,4,0,0,0,0,0,24
SAL21101,8,6,3,3,0,0,0,0,0,23,0,3,4,3,3,0,0,0,0,22,5,9,36,8,10,4,8,14,5,97,0,0,0,0,3,0,0,0,0,8,0,0,0,0,0,0,0,0,0,6,0,0,0,0,0,0,0,0,0,0,0,0,0,0,0,4,0,0,0,5,30,43,48,26,24,18,13,19,4,224
SAL21102,0,0,0,0,0,0,0,0,0,0,0,0,0,0,0,0,0,0,0,5,0,0,0,0,0,0,0,0,0,3,0,0,0,0,0,0,0,0,4,4,0,0,0,0,0,0,0,0,0,0,0,0,0,0,0,0,0,0,0,0,0,0,0,0,0,0,0,0,0,0,3,4,6,3,0,0,0,0,3,21
SAL21103,0,0,0,0,0,0,0,0,0,0,0,0,0,0,0,0,0,0,0,8,0,0,3,5,0,5,0,0,0,7,0,0,0,0,0,0,0,0,0,0,0,0,0,0,0,0,0,0,0,0,0,0,0,0,0,0,0,0,0,0,0,0,0,0,0,0,0,0,0,0,4,0,0,5,0,5,0,0,0,16
SAL21104,102,140,49,86,94,30,5,21,5,541,118,146,89,174,143,48,16,30,12,771,222,86,781,209,200,90,69,117,30,1810,9,8,18,13,29,8,6,5,0,93,23,17,12,25,46,23,5,22,0,184,6,12,4,4,10,3,0,0,0,45,10,16,10,14,21,15,4,3,15,110,1313,2897,1137,836,980,343,159,253,107,8026
SAL21105,87,87,66,52,92,27,30,19,3,462,126,126,90,170,157,70,46,40,19,841,196,71,688,194,201,113,149,150,44,1803,6,0,3,19,23,14,12,9,0,88,35,17,16,22,56,11,17,16,4,191,14,9,3,0,10,3,4,0,5,57,22,37,14,16,25,21,11,12,34,184,1063,1997,1024,678,954,424,331,313,156,6930
SAL21106,0,0,0,0,0,0,0,0,0,0,0,0,0,0,0,0,0,0,0,3,5,0,3,0,0,0,0,0,0,10,0,0,0,0,0,0,0,0,0,0,0,0,0,0,0,0,0,0,0,0,0,0,0,0,0,0,0,0,0,0,0,0,0,0,0,0,0,0,0,0,9,0,3,6,0,0,0,0,0,15
SAL21107,3,0,0,0,0,0,0,4,0,4,0,0,0,0,0,0,0,0,0,0,0,0,3,0,0,0,5,0,0,14,0,0,0,0,0,0,0,0,0,0,0,0,0,0,0,0,0,0,0,0,0,0,0,0,0,0,0,0,0,0,0,0,0,0,0,0,0,0,0,0,8,15,10,0,5,0,4,4,3,48
SAL21108,0,0,0,0,0,0,0,0,0,0,0,0,0,0,0,0,0,0,0,6,3,0,7,4,0,0,5,0,0,18,0,0,3,0,0,0,0,0,0,3,0,0,0,0,0,0,0,0,0,0,0,0,0,0,0,0,0,0,0,0,0,0,0,0,0,0,0,0,0,0,11,12,13,3,3,0,5,0,0,41
SAL21109,0,0,0,0,0,0,0,0,0,7,0,0,0,0,0,0,0,0,0,4,4,0,8,0,0,0,0,0,0,14,0,0,0,0,0,0,0,0,0,3,0,0,0,0,0,0,0,0,0,0,0,0,0,0,0,0,0,0,0,0,0,0,0,0,0,0,0,0,0,4,18,10,10,3,6,0,0,0,0,44
SAL21110,0,0,0,0,0,0,0,0,0,0,0,0,0,5,0,0,0,0,0,6,4,0,6,0,6,0,0,0,0,14,0,0,0,0,0,0,0,0,0,0,0,0,0,0,0,0,0,0,0,0,0,0,0,0,0,0,0,0,0,0,0,0,0,0,0,0,0,0,0,0,6,13,8,7,6,0,0,3,0,47
SAL21111,0,0,0,0,0,0,0,0,0,0,0,0,0,0,0,0,0,0,0,0,0,0,0,0,0,0,0,0,0,0,0,0,0,0,0,0,0,0,0,0,0,0,0,0,0,0,0,0,0,0,0,0,0,0,0,0,0,0,0,0,0,0,0,0,0,0,0,0,0,0,0,0,0,0,0,0,0,0,0,0
SAL21112,0,0,0,0,0,0,0,0,0,0,0,0,0,0,0,0,0,0,0,0,3,0,0,0,0,0,0,0,0,3,0,0,0,0,0,0,0,0,0,0,0,0,0,0,0,0,0,0,0,0,0,0,0,0,0,0,0,0,0,0,0,0,0,0,0,0,0,0,0,0,5,0,0,0,0,0,0,0,0,9
SAL21113,0,0,0,0,0,0,0,0,0,0,0,0,0,0,0,0,0,0,0,0,4,0,0,0,3,0,0,0,0,10,0,0,0,0,0,0,0,0,0,0,0,0,0,0,0,0,0,0,0,0,0,0,0,0,0,0,0,0,0,0,0,0,0,0,0,0,0,0,0,3,6,4,0,0,3,0,0,0,0,17
SAL21114,37,76,43,63,42,12,10,19,0,294,77,74,71,180,86,47,25,32,10,597,130,59,629,313,173,109,103,147,27,1684,8,0,4,6,17,12,8,19,0,71,10,6,13,29,21,11,6,12,0,105,0,7,0,5,0,0,0,0,0,26,0,6,5,17,9,4,3,11,13,75,490,1336,898,814,548,287,210,328,70,4972
SAL21115,8,8,0,0,0,0,0,4,0,21,10,3,5,9,4,0,0,0,0,28,22,4,69,9,12,3,9,9,0,143,0,0,4,0,0,0,0,0,0,7,0,0,0,0,0,0,0,0,0,7,0,0,0,0,0,0,0,0,0,5,5,5,3,0,0,0,0,0,0,17,84,94,83,24,30,11,10,16,13,366
SAL21116,0,0,0,0,0,0,0,0,0,3,3,7,0,0,0,0,0,0,0,13,5,0,10,7,3,3,0,4,0,28,0,0,0,0,0,0,0,0,0,0,0,0,0,0,0,0,0,0,0,0,0,0,0,0,0,0,0,0,0,0,0,0,0,0,0,0,0,0,0,0,11,42,17,7,9,11,6,4,0,98
SAL21117,8,0,0,3,0,0,0,3,0,18,4,4,0,3,0,0,0,0,0,17,12,0,12,7,4,3,0,6,3,56,0,0,0,0,0,0,0,0,0,4,0,0,0,0,0,0,0,0,0,5,0,0,0,0,0,0,0,0,0,0,3,0,0,0,0,0,0,4,3,13,31,27,21,17,13,3,0,16,9,138
SAL21118,0,0,0,0,0,0,0,0,0,3,3,6,0,0,0,0,0,0,0,9,16,5,4,5,4,0,3,0,3,40,0,0,0,0,0,0,0,0,0,0,0,0,0,0,0,0,0,0,0,0,0,0,0,0,0,0,0,0,0,0,0,0,0,0,0,3,0,0,0,6,30,20,5,4,4,4,0,0,3,82
SAL21119,0,0,0,0,0,0,0,0,0,0,0,0,0,0,0,0,0,0,0,0,0,0,0,0,0,0,0,0,0,0,0,0,0,0,0,0,0,0,0,0,0,0,0,0,0,0,0,0,0,0,0,0,0,0,0,0,0,0,0,0,0,0,0,0,0,0,0,0,0,0,0,0,0,0,0,0,0,0,0,0
SAL21120,0,0,0,0,0,0,0,0,0,0,0,0,0,0,0,0,0,0,0,0,0,0,0,0,0,0,0,0,0,0,0,0,0,0,0,0,0,0,0,0,0,0,0,0,0,0,0,0,0,0,0,0,0,0,0,0,0,0,0,0,0,0,0,0,0,0,0,0,0,0,4,0,0,0,0,0,0,0,0,3
SAL21121,8,0,0,0,3,0,0,0,0,12,0,3,0,0,4,0,0,0,0,13,11,8,24,0,3,0,0,0,0,46,0,0,0,0,0,0,0,0,0,0,0,0,0,0,0,0,0,0,0,0,0,0,0,0,0,0,0,0,0,4,0,0,0,0,0,0,0,0,0,0,25,49,26,8,13,8,4,5,3,150
SAL21122,0,0,0,0,0,0,0,0,0,0,0,3,0,0,0,0,0,0,0,0,6,0,0,0,0,0,0,0,0,10,0,0,0,0,0,0,0,0,0,0,0,0,0,0,0,0,0,0,0,0,0,0,0,0,0,0,0,0,0,0,0,0,0,0,0,0,0,0,0,0,11,0,3,3,0,0,0,0,0,21
SAL21123,3,5,0,5,0,0,0,0,0,19,4,7,9,15,6,0,5,3,0,51,25,11,62,34,23,14,25,22,0,213,0,0,0,0,0,0,0,0,0,9,0,0,0,0,0,0,0,0,0,4,3,4,0,0,0,0,0,0,0,9,0,0,0,0,0,0,0,5,0,9,61,112,76,65,50,15,35,30,6,440
SAL21124,17,20,17,9,26,10,8,4,0,110,18,36,21,44,42,20,7,11,3,208,33,24,202,71,53,14,25,34,0,461,0,0,0,0,14,7,0,4,0,22,3,10,3,10,11,0,0,0,0,46,4,3,0,0,3,0,0,0,0,15,3,3,5,6,3,3,8,4,13,50,221,598,304,227,246,81,88,85,37,1889
SAL21125,27,22,36,24,37,11,22,18,0,206,43,32,61,88,60,28,22,25,8,362,67,24,292,120,74,43,78,104,15,811,12,4,3,4,5,11,8,4,0,54,11,5,8,25,10,3,15,11,0,92,3,11,4,0,8,0,6,0,0,31,8,8,7,13,11,3,11,17,9,96,318,583,480,403,371,167,219,269,57,2870
SAL21126,0,0,0,0,0,0,0,0,0,0,3,0,0,0,0,0,0,3,0,8,3,0,0,0,0,0,3,0,0,9,0,0,0,0,0,0,0,0,0,0,0,0,0,0,0,0,0,0,0,0,0,0,0,0,0,0,0,0,0,0,0,0,0,0,0,0,0,0,0,0,12,12,3,0,3,0,3,4,4,40
SAL21127,7,3,0,5,0,0,0,0,0,10,6,0,8,4,0,0,0,0,0,18,12,3,13,10,4,0,3,8,3,56,0,0,0,0,0,0,0,0,0,3,0,0,0,0,0,0,0,0,0,4,0,0,0,0,0,0,0,0,0,0,0,0,0,0,0,5,0,0,0,8,49,39,18,24,7,3,4,19,5,169
SAL21128,0,0,0,0,0,0,0,0,0,0,0,0,0,0,0,0,0,0,0,0,7,0,7,3,0,0,4,0,0,24,0,0,0,0,0,0,0,0,0,0,0,0,0,0,0,0,0,0,0,0,0,0,0,0,0,0,0,0,0,0,0,0,0,0,0,0,0,0,0,0,18,13,10,3,0,8,4,0,0,41
SAL21129,24,33,12,24,19,12,5,3,0,136,49,47,13,117,45,13,5,16,4,316,167,48,456,185,133,78,95,147,22,1324,7,3,3,11,17,20,4,21,0,86,11,0,6,10,13,10,6,7,3,71,0,4,0,4,5,0,0,0,0,15,8,17,12,11,8,10,4,14,5,86,392,795,532,454,320,160,122,222,40,3036
SAL21130,21,41,17,27,27,5,5,6,0,146,31,46,24,58,48,27,7,9,3,258,62,25,306,135,76,52,43,85,19,795,0,4,5,7,4,3,5,5,0,38,7,6,3,6,8,6,5,3,0,35,4,0,4,0,4,0,0,0,0,15,6,12,6,9,3,7,7,10,4,59,276,770,421,330,278,134,86,142,40,2484
SAL21131,71,97,28,32,62,19,4,6,0,327,86,81,30,48,69,32,3,5,8,365,103,36,164,59,59,41,9,27,7,499,5,3,0,5,4,3,0,0,0,26,26,24,6,8,14,10,0,5,3,105,12,14,3,3,3,0,0,0,4,36,7,15,3,0,10,3,0,0,17,59,1517,2279,311,311,549,272,39,78,80,5432
SAL21132,29,43,11,11,21,12,0,8,0,135,33,37,29,24,35,19,7,9,0,187,34,15,109,34,42,27,12,16,3,302,0,0,0,3,4,0,3,0,0,22,12,12,4,11,5,7,0,0,0,50,0,5,0,0,4,3,0,0,0,16,6,12,8,7,6,3,0,4,11,41,442,724,202,154,248,125,30,63,28,2022
SAL21133,35,49,83,62,68,21,46,58,14,442,75,90,149,252,131,73,89,93,22,977,126,64,679,361,195,105,302,270,51,2143,3,4,14,16,24,12,23,27,4,138,8,4,31,38,29,22,29,40,6,214,3,6,17,3,5,5,12,14,0,71,17,4,28,35,23,14,25,35,42,222,485,1135,1200,1074,835,393,690,731,177,6719
SAL21134,3,0,0,0,0,0,0,0,0,3,0,4,0,0,0,0,0,0,0,3,9,0,6,0,0,0,0,4,0,25,0,0,0,0,0,0,0,0,0,0,3,0,0,0,0,0,0,0,0,0,0,0,0,0,0,0,0,0,0,0,3,0,0,0,0,3,0,0,0,0,20,18,4,6,9,0,0,9,3,64
SAL21135,0,0,0,0,0,0,0,0,0,0,0,0,0,0,0,0,0,0,0,3,0,0,9,0,0,0,0,0,0,8,0,0,0,0,0,0,0,0,0,0,0,0,0,0,0,0,0,0,0,0,0,0,0,0,0,0,0,0,0,0,0,0,0,0,0,0,0,0,0,0,0,9,9,0,0,0,0,0,0,17
SAL21136,0,0,0,0,0,0,0,0,0,0,0,0,0,0,0,0,0,0,0,0,0,0,0,0,0,0,0,0,0,5,0,0,0,0,0,0,0,0,0,0,0,0,0,0,0,0,0,0,0,0,0,0,0,0,0,0,0,0,0,0,0,0,0,0,0,0,0,0,0,0,0,3,0,0,0,0,0,0,0,8
SAL21137,3,9,8,3,4,0,0,0,0,23,7,6,3,10,3,0,0,5,0,33,13,3,41,9,10,3,6,15,0,99,0,0,0,4,0,3,0,7,0,10,0,0,0,0,0,0,0,0,0,10,0,0,0,0,0,0,0,0,0,0,0,0,0,0,5,0,3,0,0,7,48,107,61,41,27,11,17,26,0,335
SAL21138,0,5,0,0,0,0,0,0,0,12,0,0,3,0,0,0,4,0,0,11,8,0,5,0,0,4,0,0,0,26,0,0,0,0,0,0,0,0,0,0,0,0,0,0,0,0,0,0,0,0,0,0,0,0,0,0,0,0,0,0,0,0,0,0,0,0,0,0,0,0,25,45,11,3,11,7,4,3,0,116
SAL21139,10,11,0,5,3,0,0,0,0,25,8,8,8,0,9,4,0,0,0,37,16,6,40,8,7,4,3,4,8,100,0,4,0,0,0,0,0,0,0,7,0,0,0,0,0,0,0,0,0,3,0,0,0,0,0,0,0,0,0,0,3,3,3,0,5,3,0,0,0,15,77,112,59,25,37,13,7,16,9,358
SAL21140,27,22,15,44,32,7,32,18,3,212,45,60,37,132,72,32,60,30,5,477,107,50,449,208,146,78,161,132,25,1357,7,0,6,11,8,13,15,13,0,73,7,3,10,13,11,12,16,12,6,82,4,4,0,6,0,0,4,4,0,30,5,13,5,16,6,9,13,12,13,91,334,637,590,592,428,197,369,260,60,3461
SAL21141,0,0,0,0,0,0,0,0,0,4,0,0,0,0,0,0,0,0,0,3,0,0,0,3,0,0,0,0,0,4,0,0,0,0,0,0,0,0,0,0,0,0,0,0,0,0,0,0,0,0,0,0,0,0,0,0,0,0,0,0,0,0,0,0,0,0,0,0,0,0,0,8,5,5,0,0,0,0,0,24
SAL21142,5,3,0,0,0,0,0,0,0,16,3,0,0,0,6,4,0,0,0,15,11,0,33,13,4,0,0,9,0,72,0,0,0,0,0,0,0,0,0,6,0,0,0,0,0,0,0,0,0,0,0,0,0,0,0,0,0,0,0,0,0,0,0,0,0,0,0,0,0,4,39,42,40,17,9,6,8,18,5,191
SAL21143,3,0,0,0,0,0,0,0,0,6,4,0,0,4,0,0,0,0,0,4,13,0,4,0,0,0,0,4,0,25,0,0,0,0,0,0,0,0,0,0,0,0,0,0,6,0,0,0,0,3,0,0,0,0,0,0,0,0,0,0,0,0,0,0,0,0,0,0,0,0,20,10,7,7,3,0,0,10,0,59
SAL21144,0,0,0,0,0,0,0,0,0,0,4,0,0,4,0,0,0,0,0,5,7,0,10,0,0,5,0,4,0,24,0,0,0,0,0,0,0,0,0,0,0,0,0,0,0,0,0,0,0,3,0,0,0,0,0,0,0,0,0,0,0,0,0,0,0,0,0,0,0,3,21,8,10,4,0,5,0,3,0,54
SAL21145,21,30,27,33,27,10,5,9,0,159,51,39,44,107,56,22,13,29,8,370,117,35,508,211,122,55,96,168,24,1334,6,6,9,5,11,12,3,10,0,64,13,4,11,17,13,6,8,8,3,84,0,4,0,0,6,0,0,0,0,13,3,0,13,7,3,3,4,24,8,71,285,410,639,461,289,138,139,276,51,2686
SAL21146,0,0,0,0,0,0,0,0,0,0,0,0,0,0,0,0,0,0,0,0,0,0,0,0,0,0,0,0,0,0,0,0,0,0,0,0,0,0,0,0,0,0,0,0,0,0,0,0,0,0,0,0,0,0,0,0,0,0,0,0,0,0,0,0,0,0,0,0,0,0,3,0,0,0,0,0,0,0,0,10
SAL21147,0,0,0,0,0,0,0,0,0,0,0,0,0,0,0,0,0,0,0,0,0,0,0,0,0,0,0,0,0,3,0,0,0,0,0,0,0,0,0,0,0,0,0,0,0,0,0,0,0,0,0,0,0,0,0,0,0,0,0,0,0,0,0,0,0,0,0,0,0,6,0,0,0,0,0,0,0,0,0,10
SAL21148,6,17,0,8,5,0,0,0,0,50,5,20,5,18,13,0,3,5,0,67,43,10,105,25,29,14,17,14,4,257,0,0,0,0,9,5,0,0,0,14,0,0,0,3,3,3,0,3,0,13,0,4,0,0,0,0,0,0,0,4,0,0,0,0,0,0,0,6,0,9,83,136,113,69,71,22,27,29,9,553
SAL21149,0,0,0,0,0,0,0,0,0,0,0,0,0,0,0,0,0,0,0,3,0,0,0,0,0,0,0,0,0,8,0,0,0,0,0,0,0,0,0,0,0,0,0,0,0,0,0,0,0,0,0,0,0,0,0,0,0,0,0,0,0,0,0,0,0,0,0,0,0,0,0,0,0,0,4,0,0,0,0,7
SAL21150,3,0,0,0,0,0,0,0,0,3,4,0,0,3,0,0,0,0,0,5,6,0,10,3,0,3,5,8,0,46,0,0,0,0,0,0,0,0,0,3,0,0,0,0,0,0,0,0,0,0,0,0,0,0,0,0,0,0,0,0,0,0,0,0,0,0,0,0,0,5,22,21,13,15,9,4,3,19,0,100
SAL21151,0,0,0,0,0,0,0,0,0,0,0,0,0,0,0,0,0,0,0,0,0,0,0,0,0,0,0,0,0,0,0,0,0,0,0,0,0,0,0,0,0,0,0,0,0,0,0,0,0,0,0,0,0,0,0,0,0,0,0,0,0,0,0,0,0,0,0,0,0,0,0,0,0,0,0,0,0,0,0,0
SAL21152,88,100,37,39,77,37,9,17,6,399,110,147,67,126,103,64,13,42,7,680,118,65,247,89,92,82,13,41,5,759,13,9,0,3,11,6,5,10,0,60,15,26,12,13,25,18,0,9,0,116,9,30,3,10,4,6,0,3,3,74,16,22,6,13,26,7,0,10,28,128,2021,5332,629,686,1156,541,114,287,168,10938
SAL21153,59,83,24,16,40,22,0,6,4,255,91,70,47,63,88,43,12,16,6,437,63,34,155,65,59,48,16,25,10,470,9,7,3,4,8,3,3,5,0,37,14,10,12,10,11,4,0,5,0,74,9,22,6,12,8,6,0,0,0,60,8,24,5,10,9,9,0,0,18,74,1400,3483,402,407,773,379,91,122,92,7141
SAL21154,0,0,0,0,0,0,0,0,0,0,0,0,0,0,0,0,0,0,0,0,7,0,0,0,0,0,0,0,0,6,0,0,0,0,0,0,0,0,0,0,0,0,0,0,0,0,0,0,0,0,0,0,0,0,0,0,0,0,0,0,0,0,0,0,0,0,0,0,0,0,6,0,0,0,0,0,0,0,0,18
SAL21155,0,4,0,0,0,0,0,0,0,5,0,0,0,0,4,0,0,0,0,8,4,0,12,0,0,0,10,0,5,30,0,0,0,0,0,0,0,0,0,0,0,0,0,0,0,0,0,0,0,3,0,0,0,0,0,0,0,0,0,0,0,0,0,0,0,5,0,0,0,4,13,10,13,4,6,4,9,0,5,66
SAL21156,7,4,3,4,6,0,5,0,0,21,15,13,3,19,12,0,0,0,3,61,19,3,129,18,24,14,33,24,3,264,0,0,0,3,4,0,0,0,0,11,0,0,0,3,0,6,0,3,0,14,0,0,0,0,0,0,0,0,0,7,0,4,3,0,0,6,0,3,0,7,71,103,145,49,62,28,37,32,8,530
SAL21157,0,0,0,0,5,0,0,0,0,5,0,4,0,0,0,0,0,0,0,14,6,3,21,5,3,0,0,4,6,49,0,0,0,0,0,0,0,0,0,3,0,0,0,0,0,0,0,0,0,3,0,0,0,0,0,0,0,0,0,0,0,0,0,0,0,0,0,0,0,3,9,15,22,11,15,0,8,5,3,95
SAL21158,35,22,28,26,32,16,6,6,0,164,50,46,38,75,39,19,6,18,3,285,111,51,347,104,71,42,63,85,15,894,5,0,7,10,16,4,6,6,0,44,7,0,7,7,12,8,9,3,0,56,3,0,0,4,0,0,0,0,0,12,3,10,8,13,9,4,3,10,10,69,381,577,472,301,267,120,104,153,35,2420
SAL21159,0,0,0,0,0,0,0,0,0,0,0,3,0,0,0,3,0,0,0,3,5,0,11,0,0,0,6,5,0,30,0,0,0,0,0,0,0,0,0,0,0,0,0,0,0,0,0,0,0,0,0,0,0,0,0,0,0,0,0,0,0,0,0,0,0,0,0,0,0,0,14,5,11,0,0,4,6,5,0,53
SAL21160,9,8,7,4,13,0,0,0,0,35,17,17,9,13,7,7,0,3,0,75,33,8,98,37,29,23,28,24,6,285,0,0,3,0,5,0,0,0,0,13,3,0,0,0,0,0,0,4,0,20,0,0,0,0,0,0,0,0,0,6,0,6,0,3,0,0,3,9,3,28,108,136,134,75,56,40,45,50,18,657
SAL21161,4,4,3,3,0,0,0,0,0,18,4,3,0,3,3,8,0,0,0,30,9,0,64,16,11,4,12,15,0,135,0,0,0,0,0,0,0,0,0,5,0,0,0,0,5,0,0,0,0,7,0,0,0,0,0,0,0,0,0,4,0,3,0,0,0,0,0,0,0,9,38,55,81,33,34,15,15,17,0,289
SAL21162,0,0,0,0,0,0,0,0,0,0,0,0,0,0,0,0,0,0,0,0,0,0,0,0,0,0,0,0,0,0,0,0,0,0,0,0,0,0,0,0,0,0,0,0,0,0,0,0,0,0,0,0,0,0,0,0,0,0,0,0,0,0,0,0,0,0,0,0,0,0,0,3,0,0,0,0,0,0,0,5
SAL21163,20,12,8,10,11,3,0,3,0,63,20,36,18,9,19,7,5,4,0,118,26,18,70,31,17,8,9,11,4,196,0,0,0,8,9,0,0,0,0,15,12,3,9,8,9,5,0,3,0,40,4,4,0,0,0,0,0,0,0,11,3,5,0,0,0,0,0,5,5,24,219,356,127,99,129,50,25,38,19,1055
SAL21164,0,0,0,0,0,0,0,0,0,0,6,3,0,0,5,0,0,0,0,12,6,0,19,3,0,3,0,0,5,37,0,0,0,0,0,0,0,0,0,0,0,0,0,0,0,0,0,0,0,0,0,0,0,0,0,0,0,0,0,0,0,0,0,0,0,0,0,0,0,5,12,5,20,11,4,3,6,8,5,70
SAL21165,46,66,33,37,43,15,5,11,3,255,51,71,31,70,71,25,11,14,0,341,94,46,310,78,88,45,29,58,12,763,7,4,4,4,7,3,0,7,0,35,7,12,10,14,10,3,4,3,0,70,0,7,3,0,3,0,0,6,0,22,11,7,10,12,11,4,6,3,10,69,634,1543,461,385,471,183,61,123,38,3903
SAL21166,0,0,0,0,0,0,0,0,0,0,0,0,0,0,0,0,0,0,0,3,9,0,3,0,0,0,0,0,0,11,0,0,0,0,0,0,0,0,0,0,0,0,0,0,0,0,0,0,0,0,0,0,0,0,0,0,0,0,0,0,0,0,0,0,0,0,0,0,0,0,17,3,3,0,0,0,0,5,0,24
SAL21167,26,36,16,18,24,3,7,10,3,143,33,44,30,34,33,20,3,3,0,206,64,33,130,53,48,20,17,43,0,412,0,6,5,0,3,3,0,6,0,28,4,6,5,3,11,5,0,4,0,39,3,10,0,3,4,4,0,0,0,26,4,6,3,5,4,0,0,0,3,29,490,1557,284,244,345,117,52,103,23,3214
SAL21168,23,35,20,22,22,12,5,8,0,146,40,39,30,56,40,25,13,12,0,250,44,20,175,62,50,17,22,36,10,438,5,4,7,0,4,6,0,6,0,30,9,0,12,9,9,10,0,0,0,47,4,10,0,0,0,0,0,0,0,14,10,7,3,6,0,3,7,10,11,57,407,1154,333,281,303,136,81,109,32,2827
SAL21169,6,20,15,13,8,3,3,12,0,81,20,23,24,47,18,11,9,8,3,161,25,10,99,72,21,20,25,38,9,325,6,0,4,7,5,3,4,0,0,23,0,0,3,8,3,5,3,9,0,29,0,3,3,0,0,3,0,0,0,9,3,3,7,5,8,4,6,7,10,44,155,579,200,240,138,76,90,110,41,1625
SAL21170,0,0,0,0,0,0,0,0,0,0,3,0,0,0,0,0,0,0,0,4,0,0,0,0,0,0,0,5,0,6,0,0,0,0,0,0,0,0,0,0,0,0,0,0,0,0,0,0,0,0,0,0,0,0,0,0,0,0,0,0,0,0,0,0,0,0,0,0,4,5,14,7,0,0,0,0,0,7,4,31
SAL21171,0,0,0,0,0,0,0,0,0,0,0,0,0,0,0,0,0,0,0,0,0,0,0,0,0,0,0,0,0,10,0,0,0,0,0,0,0,0,0,0,0,0,0,0,0,0,0,0,0,0,0,0,0,0,0,0,0,0,0,0,0,0,0,0,0,0,0,0,0,0,13,4,0,0,0,0,0,0,0,15
SAL21172,4,7,0,3,0,0,0,5,0,18,7,0,4,12,7,0,0,3,0,29,9,4,13,14,0,0,0,4,0,45,0,0,0,0,0,3,0,0,0,4,0,0,0,0,0,0,0,0,0,3,0,0,0,0,0,0,0,0,0,0,0,0,0,0,0,0,0,0,0,3,32,56,29,32,14,8,6,18,3,197
SAL21173,0,5,0,0,0,0,0,0,0,11,5,0,0,3,0,0,0,0,0,18,0,0,7,6,0,0,0,0,0,17,0,0,0,0,0,0,0,0,0,0,0,0,0,0,0,0,0,0,0,3,0,0,0,0,0,0,0,0,0,0,0,0,0,0,0,0,0,0,0,0,46,47,18,19,4,10,3,5,0,146
SAL21174,17,17,9,15,12,9,3,4,0,84,26,25,18,46,20,9,0,7,0,145,34,27,163,75,44,16,28,36,10,435,0,3,3,6,7,3,3,3,0,32,3,4,0,7,3,8,0,3,0,27,0,3,0,0,3,0,0,0,0,10,0,5,0,7,0,4,0,3,3,23,162,429,229,223,165,57,57,77,29,1427
SAL21175,0,0,5,4,0,0,0,0,0,8,3,0,0,4,3,0,0,0,0,12,5,7,21,11,3,0,3,3,7,58,0,0,0,0,0,0,0,0,0,4,0,0,0,0,0,0,0,0,0,4,0,0,0,0,0,0,0,0,0,3,0,0,0,0,0,0,0,0,0,5,15,22,35,14,8,6,5,4,8,122
SAL21176,0,0,0,0,0,0,0,0,0,0,0,0,0,0,0,0,0,0,0,4,0,4,3,0,0,0,3,5,0,13,0,0,0,0,0,0,0,0,0,5,0,0,0,0,0,0,0,0,0,0,0,0,0,0,0,0,0,0,0,0,0,0,0,0,0,0,0,0,0,0,19,22,6,9,9,3,3,5,0,64
SAL21177,0,0,0,0,0,0,0,0,0,0,0,0,0,0,0,0,0,0,0,0,0,0,0,0,0,0,0,0,0,4,0,0,0,0,0,0,0,0,0,0,0,0,0,0,0,0,0,0,0,0,0,0,0,0,0,0,0,0,0,0,0,0,0,0,0,0,0,0,0,0,0,0,0,0,0,0,0,0,0,7
SAL21178,0,0,0,0,0,0,0,0,0,4,5,0,0,0,0,0,0,0,0,10,9,0,0,4,0,0,0,8,0,21,0,0,0,0,0,0,0,0,0,0,3,0,0,0,0,0,0,0,0,3,0,0,0,0,0,0,0,0,0,0,0,0,0,0,0,0,0,0,0,0,28,8,0,4,0,0,0,8,0,50
SAL21179,7,6,4,5,6,0,4,0,0,27,6,3,4,6,8,0,0,0,0,36,27,9,72,34,18,7,20,32,6,221,5,3,0,0,0,0,0,0,0,14,0,0,0,4,0,0,5,0,0,16,0,0,0,0,0,0,0,0,0,5,3,0,0,3,4,6,5,8,0,26,59,76,82,62,39,15,38,41,12,422
SAL21180,0,0,0,0,0,0,0,0,0,0,0,0,0,0,0,0,0,0,0,0,4,0,0,0,0,0,0,0,0,4,0,0,0,0,0,0,0,0,0,0,0,0,0,0,0,0,0,0,0,0,0,0,0,0,0,0,0,0,0,0,0,0,0,0,0,0,0,0,0,0,6,0,0,0,0,0,0,0,0,14
SAL21181,7,4,0,6,0,0,0,0,0,17,3,7,4,11,3,0,0,0,0,30,41,6,55,32,18,12,33,25,3,226,0,3,3,6,6,0,5,0,0,17,0,0,5,4,0,0,0,0,0,11,0,0,0,0,0,0,0,0,0,4,0,5,0,0,0,0,3,4,3,18,75,52,64,59,26,19,45,42,12,389
SAL21182,0,0,0,0,0,0,0,0,0,0,0,0,0,0,0,0,0,0,0,0,0,0,0,0,0,0,0,4,0,7,0,0,0,0,0,0,0,0,0,0,0,0,0,0,0,0,0,0,0,0,0,0,0,0,0,0,0,0,0,0,0,0,0,0,0,0,0,0,0,0,8,0,0,0,0,0,0,4,0,7
SAL21183,0,0,0,0,0,0,0,0,0,0,0,0,0,0,0,0,0,0,0,0,0,0,0,0,0,0,0,0,0,0,0,0,0,0,0,0,0,0,0,0,0,0,0,0,0,0,0,0,0,0,0,0,0,0,0,0,0,0,0,0,0,0,0,0,0,0,0,0,0,0,4,0,0,0,0,0,0,0,0,9
SAL21184,0,0,0,0,0,0,0,0,0,0,0,0,0,0,0,0,0,0,0,0,0,0,0,0,0,0,0,0,0,11,0,0,0,0,0,0,0,0,0,0,0,0,0,0,0,0,0,0,0,3,0,0,0,0,0,0,0,0,0,0,0,0,0,0,0,0,0,0,0,0,11,6,4,0,7,0,5,0,0,29
SAL21185,64,81,39,44,50,22,7,8,0,316,102,77,49,86,94,36,12,16,7,485,89,54,299,95,92,59,35,48,13,780,0,4,4,8,9,3,0,5,0,36,13,21,10,22,19,11,5,12,4,116,3,14,8,0,0,0,0,4,0,31,8,9,7,15,9,3,0,0,9,71,1083,1849,528,435,616,264,80,126,74,5054
SAL21186,3,6,0,0,0,0,0,0,0,7,0,0,0,0,0,0,0,0,0,4,5,0,0,5,0,0,0,3,0,15,0,0,0,0,0,0,0,0,0,0,0,0,0,0,0,0,0,0,0,0,0,0,0,0,0,0,0,0,0,0,0,0,0,0,0,0,0,0,0,0,10,11,0,4,0,0,0,3,0,41
SAL21187,84,133,48,82,78,34,13,13,14,497,136,126,99,184,144,40,17,41,7,792,221,91,598,295,173,110,95,123,29,1732,12,9,12,15,13,11,7,11,0,83,28,8,3,24,37,22,4,12,4,142,8,19,0,3,13,3,0,7,0,55,12,20,15,20,14,6,9,12,14,126,1220,3059,927,965,878,400,228,330,101,8121
SAL21188,0,0,0,0,0,0,0,0,0,0,0,0,0,0,0,0,0,0,0,0,0,0,0,0,0,0,0,0,0,6,0,0,0,0,0,0,0,0,0,0,0,0,0,0,0,0,0,0,0,0,0,0,0,0,0,0,0,0,0,0,0,0,0,0,0,0,0,0,0,0,0,0,0,0,0,0,0,0,0,6
SAL21189,0,0,0,0,0,0,0,0,0,0,5,0,0,0,0,0,0,0,0,11,4,0,13,3,0,0,3,0,0,28,0,0,0,0,0,0,0,0,0,0,0,0,0,0,0,0,0,0,0,0,0,0,0,0,0,0,0,0,0,0,0,0,0,0,0,0,0,0,0,0,15,11,10,0,4,0,3,3,0,60
SAL21190,0,0,0,0,0,0,0,0,0,3,0,0,0,0,0,0,0,0,0,0,0,0,10,3,0,0,3,0,0,19,0,0,0,0,0,0,0,0,0,0,0,0,0,0,0,0,0,0,0,0,0,0,0,0,0,0,0,0,0,0,0,0,0,0,0,0,0,0,0,0,4,6,7,8,5,0,3,0,0,34
SAL21191,5,0,0,4,0,0,0,0,0,9,3,5,0,0,3,0,0,0,0,14,12,0,11,0,0,0,4,3,0,39,0,0,0,0,0,0,0,0,0,6,0,0,0,0,0,0,3,0,0,0,0,0,0,0,0,0,0,0,0,0,0,0,0,0,0,0,0,0,0,4,23,23,18,14,5,4,7,3,0,98
SAL21192,0,4,0,0,0,0,0,0,0,4,5,0,0,0,0,0,0,0,0,10,10,3,10,5,0,0,5,8,0,49,0,0,0,0,0,0,0,0,0,3,0,0,0,0,0,0,0,0,0,5,0,0,0,0,0,0,0,0,0,0,0,0,0,0,0,0,0,0,0,0,27,24,17,8,12,5,4,11,0,106
SAL21193,59,62,38,44,96,24,16,18,9,373,89,92,86,143,134,58,38,33,13,677,179,78,767,185,208,119,142,169,49,1889,4,3,7,7,27,19,9,12,0,90,22,9,23,46,56,29,15,12,10,214,13,5,7,6,8,0,0,5,0,52,13,13,14,16,16,11,13,18,16,139,729,1489,1035,616,880,394,315,319,134,5923
SAL21194,0,0,0,0,0,0,0,0,0,0,0,0,0,0,0,0,0,0,0,0,3,0,0,0,0,0,0,0,0,6,0,0,0,0,0,0,0,0,0,0,0,0,0,0,0,0,0,0,0,0,0,0,0,0,0,0,0,0,0,0,0,0,0,0,0,0,0,0,0,0,0,4,0,0,0,0,0,0,0,6
SAL21195,3,0,8,4,0,0,0,0,0,21,4,4,25,18,0,0,0,0,0,57,12,11,150,87,6,5,0,0,0,266,0,3,17,16,0,0,0,0,0,39,0,0,0,3,0,0,0,0,0,7,0,0,0,0,0,0,0,0,0,3,0,0,0,6,0,0,0,0,0,4,37,51,229,170,6,5,0,3,0,506
SAL21196,0,5,5,3,0,0,0,0,0,12,3,3,4,10,5,4,0,5,0,28,18,0,43,3,19,0,19,8,5,113,0,0,0,0,0,0,0,0,0,6,0,0,0,0,0,0,0,0,0,4,0,0,0,0,0,0,0,0,0,0,0,0,0,0,0,0,0,0,0,9,33,42,60,29,39,10,20,16,4,246
SAL21197,0,0,0,0,0,0,0,0,0,0,0,0,0,0,0,0,0,0,0,0,0,0,0,0,0,0,0,0,0,3,0,0,0,0,0,0,0,0,0,0,0,0,0,0,0,0,0,0,0,0,0,0,0,0,0,0,0,0,0,0,0,0,0,0,0,0,0,0,0,0,0,0,0,0,0,0,0,0,0,3
SAL21198,0,0,0,0,0,0,0,0,0,0,0,0,0,0,0,0,0,0,0,0,3,0,0,0,0,3,0,0,0,3,0,0,0,0,0,0,0,0,0,0,0,0,0,0,0,0,0,0,0,0,0,0,0,0,0,0,0,0,0,0,0,0,0,0,0,0,0,0,0,0,6,0,0,0,0,3,0,0,0,5
SAL21199,0,0,0,0,0,0,0,0,0,0,0,0,0,0,0,0,0,0,0,0,4,0,0,0,0,0,0,0,0,4,0,0,0,0,0,0,0,0,0,0,0,0,0,0,0,0,0,0,0,0,0,0,0,0,0,0,0,0,0,0,0,0,0,0,0,0,0,0,0,0,6,4,0,3,0,0,0,0,0,13
SAL21200,0,0,0,0,0,0,0,0,0,0,0,0,0,0,0,0,0,0,0,4,0,0,6,0,0,0,0,0,0,8,0,0,0,0,0,0,0,0,0,0,0,0,0,0,0,0,0,0,0,0,0,0,0,0,0,0,0,0,0,0,0,0,0,0,0,0,0,0,0,0,11,3,7,0,5,0,0,0,0,23
SAL21201,0,0,0,0,0,0,0,0,0,10,5,4,0,12,0,0,0,0,5,20,15,4,16,12,7,3,7,10,6,76,0,0,0,0,0,0,0,0,0,4,0,0,0,0,5,0,0,0,0,6,0,0,0,0,0,0,0,0,0,0,4,6,0,0,0,0,0,0,0,9,31,41,22,24,17,5,10,15,4,165
SAL21202,4,0,0,4,4,5,0,0,0,16,0,8,4,11,11,0,3,0,0,38,12,0,54,13,20,8,21,11,4,139,0,0,0,0,0,3,0,0,0,3,0,0,0,0,0,0,0,0,0,0,0,0,0,0,0,0,0,0,0,3,0,0,0,3,0,0,0,0,0,9,25,44,65,41,39,21,23,14,8,279
SAL21203,85,108,84,92,85,36,58,41,8,594,170,137,199,332,187,105,128,99,22,1379,221,121,1124,427,356,201,391,338,61,3241,7,8,17,21,35,24,38,28,0,189,23,9,25,51,44,28,56,33,3,271,17,23,7,13,14,9,15,20,4,123,12,24,39,41,42,24,38,31,55,299,1042,2541,1763,1458,1343,653,982,838,221,10853
SAL21204,0,0,0,0,0,0,0,0,0,0,0,0,0,0,0,0,0,0,0,0,0,0,0,0,0,0,0,0,0,3,0,0,0,0,0,0,0,0,0,0,0,0,0,0,0,0,0,0,0,0,0,0,0,0,0,0,0,0,0,0,0,0,0,0,0,0,0,0,0,0,3,8,0,0,0,0,0,3,0,15
SAL21205,3,0,0,0,0,0,0,0,0,3,0,0,0,0,0,0,0,0,0,6,4,0,3,0,0,0,0,0,0,10,0,0,0,0,0,0,0,0,0,0,0,0,0,0,0,0,0,0,0,0,0,0,0,0,0,0,0,0,0,0,0,0,0,0,0,0,0,0,0,0,8,3,3,0,0,0,0,0,0,22
SAL21206,66,60,21,58,31,17,4,7,0,256,81,82,27,171,95,30,7,22,3,518,228,91,620,289,192,128,148,160,24,1877,3,3,10,23,30,20,7,10,0,110,11,11,10,25,22,6,3,20,0,110,0,3,3,3,6,0,0,0,0,26,16,20,5,10,4,10,14,12,22,116,604,1245,734,709,455,239,187,258,69,4504
SAL21207,0,0,0,0,0,0,0,0,0,0,0,0,0,0,0,0,0,0,0,3,4,0,8,10,0,4,4,5,0,29,0,0,0,0,0,0,0,0,0,0,0,0,0,0,0,0,0,0,0,0,0,0,0,0,0,0,0,0,0,0,0,0,5,0,0,0,0,0,0,5,5,10,9,12,0,7,6,9,3,68
SAL21208,0,0,0,0,0,0,0,0,0,0,0,0,0,0,0,0,0,0,0,0,0,0,3,0,0,0,0,3,0,7,0,0,0,0,0,0,0,0,0,0,0,0,0,0,0,0,0,0,0,0,0,0,0,0,0,0,0,0,0,0,0,0,0,0,0,0,0,0,0,0,3,0,3,0,0,0,0,3,0,11
SAL21209,0,0,0,0,0,0,0,0,0,0,0,0,0,3,0,0,0,0,0,3,3,0,3,0,3,6,0,0,0,17,0,0,0,0,0,0,0,0,0,0,0,0,0,0,0,0,0,0,0,0,0,0,0,0,0,0,0,0,0,0,0,0,0,0,0,0,0,0,0,0,8,9,3,0,4,6,0,0,0,26
SAL21210,0,0,0,0,0,0,0,0,0,0,0,0,0,0,0,0,0,0,0,0,0,0,0,0,0,0,0,0,0,0,0,0,0,0,0,0,0,0,0,0,0,0,0,0,0,0,0,0,0,0,0,0,0,0,0,0,0,0,0,0,0,0,0,0,0,0,0,0,0,0,0,0,0,0,0,0,0,0,0,0
SAL21211,0,0,0,0,0,0,0,0,0,0,0,0,0,0,0,0,0,0,0,0,0,0,0,0,0,0,0,0,0,7,0,0,0,0,0,0,0,0,0,0,0,0,0,0,0,0,0,0,0,0,0,0,0,0,0,0,0,0,0,0,0,0,0,0,0,0,0,0,0,0,4,18,3,0,0,0,0,3,0,36
SAL21212,0,0,0,0,0,0,0,0,0,0,0,0,0,0,0,0,0,0,0,0,0,0,0,0,0,0,0,0,0,0,0,0,0,0,0,0,0,0,0,0,0,0,0,0,0,0,0,0,0,0,0,0,0,0,0,0,0,0,0,0,0,0,0,0,0,0,0,0,0,0,0,0,0,0,0,0,0,0,0,0
SAL21213,0,0,0,0,0,0,0,0,0,0,3,0,0,0,0,0,0,0,0,3,0,0,0,0,0,4,0,0,0,10,0,0,0,0,0,0,0,0,0,0,0,0,0,0,0,0,0,0,0,0,0,0,0,0,0,0,0,0,0,0,0,0,0,0,0,0,0,0,0,0,0,0,0,0,0,4,0,3,0,16
SAL21214,14,41,24,13,32,12,6,12,3,148,31,51,39,56,49,25,7,17,0,272,47,20,148,58,61,20,17,33,5,404,6,4,4,3,0,0,0,0,0,19,8,14,7,4,16,3,0,3,0,53,5,8,0,4,0,0,0,0,0,20,10,15,0,7,5,4,0,5,5,51,541,1359,318,287,419,153,64,119,51,3308
SAL21215,0,0,0,0,0,0,0,0,0,6,3,0,4,4,4,0,0,0,0,12,15,0,25,10,4,0,3,3,0,63,0,0,0,0,0,0,0,0,0,0,0,0,0,0,0,0,0,0,0,8,0,0,0,0,0,0,0,0,0,0,0,0,0,0,0,0,0,0,0,3,25,31,34,20,17,4,3,6,3,139
SAL21216,0,0,0,0,0,0,0,0,0,0,0,0,0,0,0,0,0,0,0,0,3,0,0,0,0,0,3,0,0,3,0,0,0,0,0,0,0,0,0,0,0,0,0,0,0,0,0,0,0,0,0,0,0,0,0,0,0,0,0,0,0,0,0,0,0,0,0,0,0,3,3,0,0,0,0,0,3,0,0,6
SAL21217,0,0,0,0,0,0,0,0,0,0,0,0,0,0,0,0,0,0,0,0,4,0,0,0,0,0,0,0,0,6,0,0,0,0,0,0,0,0,0,0,0,0,0,0,0,0,0,0,0,0,0,0,0,0,0,0,0,0,0,0,0,0,0,0,0,0,0,0,0,0,3,0,0,0,0,0,0,4,0,10
SAL21218,4,12,0,7,6,8,3,0,0,43,10,9,15,10,23,6,3,5,3,78,4,6,49,13,11,10,11,16,3,116,0,0,3,0,0,0,0,6,0,14,4,0,3,5,3,5,0,0,0,18,0,0,0,0,0,0,4,0,0,4,0,0,0,0,0,0,0,0,3,9,112,312,85,74,107,45,31,35,18,819
SAL21219,8,5,4,8,8,0,0,0,0,46,20,22,8,37,22,7,9,12,0,135,50,17,193,71,63,38,55,50,15,552,0,0,5,0,6,7,0,3,0,24,0,3,4,7,3,6,5,0,0,30,0,3,3,0,0,0,0,0,0,5,5,6,4,4,5,7,4,0,0,25,127,256,238,164,144,62,82,84,18,1177
SAL21220,0,0,0,0,0,0,0,0,0,4,0,0,0,0,0,0,0,0,0,0,0,0,0,0,0,0,0,0,0,5,0,0,0,0,0,0,0,0,0,0,0,0,0,0,0,0,0,0,0,0,0,0,0,0,0,0,0,0,0,0,0,0,0,0,0,0,0,0,0,6,0,0,3,0,0,3,0,0,0,12
SAL21221,0,3,0,0,0,0,0,0,0,7,0,0,0,0,0,0,0,0,0,9,3,3,5,0,5,3,0,3,0,29,0,0,0,0,0,0,0,0,0,0,0,0,0,0,0,0,0,0,0,5,0,0,0,0,0,0,0,0,0,0,0,0,0,0,0,0,0,0,0,0,11,20,11,5,12,3,6,6,0,83
SAL21222,4,0,0,0,0,0,0,0,0,5,6,6,4,0,6,4,0,0,0,24,6,0,14,4,7,0,0,0,0,36,0,0,0,0,0,0,0,0,0,0,0,0,0,0,3,0,0,0,0,3,0,0,0,0,0,0,0,0,0,0,0,0,0,0,0,0,0,0,0,4,32,40,14,8,17,3,3,0,0,124
SAL21223,10,16,10,19,17,5,0,8,4,88,21,18,33,27,28,12,7,10,4,150,67,28,225,51,39,10,30,34,7,481,3,0,0,6,4,4,0,0,0,15,3,0,0,8,6,3,0,5,4,25,0,3,0,5,0,0,0,0,0,8,0,0,0,3,3,0,0,6,0,20,214,454,302,161,154,45,48,58,18,1453
SAL21224,0,0,0,0,0,0,0,0,0,0,0,0,0,0,0,0,0,0,0,0,0,0,0,0,0,0,0,0,0,5,0,0,0,0,0,0,0,0,0,0,0,0,0,0,0,0,0,0,0,0,0,0,0,0,0,0,0,0,0,0,0,0,0,0,0,0,0,0,0,0,0,0,0,0,0,0,0,0,0,5
SAL21225,0,0,0,0,0,0,0,0,0,0,0,0,0,0,0,0,0,0,0,0,0,0,5,0,0,0,0,0,0,10,0,0,0,0,0,0,0,0,0,0,0,0,0,0,0,0,0,0,0,0,0,0,0,0,0,0,0,0,0,0,0,0,0,0,0,0,0,0,0,0,4,0,5,0,0,0,4,0,0,15
SAL21226,0,0,0,0,0,0,0,0,0,0,0,0,0,0,0,0,0,0,0,0,4,0,0,0,0,0,0,0,0,5,0,0,0,0,0,0,0,0,0,0,0,0,0,0,0,0,0,0,0,0,0,0,0,0,0,0,0,0,0,0,3,0,0,0,0,0,0,0,0,3,6,0,0,0,0,0,0,0,0,12
SAL21227,0,0,0,0,0,0,0,0,0,0,0,0,0,0,0,0,0,0,0,5,0,0,0,3,0,0,0,3,0,8,0,0,0,0,0,0,0,0,0,0,0,0,0,0,0,0,0,0,0,0,0,0,0,0,0,0,0,0,0,0,0,0,0,0,0,0,0,0,0,0,4,9,4,11,5,0,0,3,0,35
SAL21228,0,0,0,0,0,0,0,0,0,3,0,0,0,0,0,0,0,0,0,8,9,0,14,5,3,0,3,4,0,47,0,0,0,0,0,0,0,0,0,0,0,0,0,0,0,0,0,0,0,0,0,0,0,0,0,0,0,0,0,0,0,0,0,0,0,0,0,0,3,0,15,33,14,13,11,6,3,4,4,96
SAL21229,12,10,6,8,3,0,0,0,0,36,5,8,0,12,15,6,0,6,0,47,15,7,39,14,14,17,5,11,9,119,0,3,0,4,0,0,0,0,0,7,3,0,0,0,0,0,0,0,0,8,0,0,0,0,0,0,0,0,0,0,0,0,0,0,0,0,0,0,0,8,54,103,52,44,50,36,15,12,8,362
SAL21230,3,0,0,0,0,0,0,5,0,11,9,6,0,0,0,0,0,0,0,17,8,3,16,3,4,6,4,3,0,41,0,0,0,0,0,0,0,0,0,6,0,0,0,0,0,0,0,0,0,4,0,0,0,0,0,0,0,0,0,0,0,0,0,0,0,0,0,0,0,3,35,37,20,18,5,7,8,7,0,137
SAL21231,0,0,0,4,0,0,0,0,0,11,5,0,0,10,0,6,0,0,0,20,10,0,23,12,9,7,14,17,0,82,0,0,0,0,0,0,0,0,0,5,0,0,0,0,0,0,0,0,0,0,0,0,0,0,0,0,0,0,0,0,0,0,0,0,0,0,0,4,0,5,15,22,23,29,18,14,14,18,7,156
SAL21232,0,0,0,0,0,0,0,0,0,0,0,0,0,0,0,0,0,0,0,5,0,0,3,0,0,3,3,0,0,11,0,0,0,0,0,0,0,0,0,0,0,0,0,0,0,0,0,0,0,0,0,0,0,0,0,0,0,0,0,0,0,0,0,0,0,0,0,0,0,0,5,9,3,0,0,3,0,0,0,26
SAL21233,4,4,0,0,0,0,0,3,0,11,0,6,0,9,9,0,0,0,0,27,26,4,24,8,18,0,7,6,3,98,0,0,0,0,0,0,0,3,0,3,0,0,0,0,0,0,0,3,0,3,0,0,0,0,0,0,0,0,0,0,3,3,0,0,0,0,3,0,0,13,47,47,33,27,28,0,11,18,6,219
SAL21234,8,9,5,5,10,0,0,3,0,41,18,16,8,16,10,4,0,0,0,78,33,6,110,15,16,14,25,28,0,251,0,7,0,0,9,0,0,0,0,13,0,0,0,0,0,3,0,0,0,17,0,0,3,0,0,0,0,0,0,3,0,0,0,0,0,4,5,6,0,19,113,193,140,57,71,35,31,49,3,685
SAL21235,28,31,17,22,19,11,0,6,0,138,29,28,17,41,35,8,3,12,3,171,85,20,219,63,52,27,25,61,16,561,4,0,5,3,6,0,0,9,0,27,8,4,3,3,5,4,0,0,0,29,6,3,0,0,0,0,0,0,0,13,17,7,0,10,3,8,0,0,7,52,323,662,291,198,200,82,32,91,33,1905
SAL21236,5,3,0,0,0,3,0,0,0,19,4,10,3,4,7,0,0,0,0,28,23,6,38,10,4,0,3,11,0,104,0,0,0,0,0,0,0,0,0,0,6,0,0,0,0,0,0,0,0,4,0,0,0,0,0,0,0,0,0,0,0,7,0,0,4,0,0,0,0,9,65,131,42,23,37,13,3,16,3,322
SAL21237,9,8,4,10,11,4,0,0,0,43,8,12,4,17,12,9,0,0,0,65,24,8,66,29,24,7,18,14,4,190,0,6,4,0,8,0,0,3,0,16,0,0,3,8,3,3,4,0,0,22,0,0,0,0,0,0,0,0,0,3,0,0,0,0,3,0,0,3,0,13,77,141,82,73,78,24,21,25,3,534
SAL21238,0,0,0,0,0,0,0,0,0,0,0,0,0,0,5,0,0,0,0,5,3,0,8,0,4,0,4,8,0,37,0,0,0,0,0,0,0,0,0,3,0,0,3,0,0,0,0,0,0,5,0,0,0,0,0,0,0,0,0,0,0,0,0,0,0,0,0,0,0,11,17,4,24,9,12,0,4,10,4,79
SAL21239,0,0,0,0,0,0,0,0,0,0,0,0,0,0,0,0,0,0,0,5,5,0,0,0,0,0,0,0,0,15,0,0,0,0,0,0,0,0,0,0,0,0,0,0,0,0,0,0,0,0,0,0,0,0,0,0,0,0,0,0,0,0,0,0,0,0,0,0,0,0,9,9,0,0,4,0,0,0,0,26
SAL21240,0,0,0,0,0,0,0,0,0,0,0,0,0,0,0,0,0,0,0,0,0,0,0,0,0,0,0,0,0,7,0,0,0,0,0,0,0,0,0,0,0,0,0,0,0,0,0,0,0,0,0,0,0,0,0,0,0,0,0,0,0,0,0,0,0,0,0,0,0,0,0,0,0,0,0,0,0,0,0,9
SAL21241,3,5,0,6,3,0,0,0,0,16,6,8,5,9,6,0,0,4,0,33,8,9,50,17,8,6,7,14,0,115,0,4,0,0,0,3,0,5,0,14,0,0,6,3,0,0,0,0,0,5,0,0,0,0,0,0,0,0,0,4,0,0,0,0,0,0,0,0,3,6,41,137,68,61,32,16,8,28,6,392
SAL21242,3,0,0,0,3,0,0,0,0,8,0,0,0,0,3,0,0,0,0,7,9,4,13,7,7,3,10,7,0,57,0,0,0,0,0,0,0,0,0,0,0,0,0,0,0,0,0,0,0,4,0,0,0,0,0,0,0,0,0,0,0,0,0,0,0,0,0,0,0,6,31,18,17,11,21,3,10,10,0,109
SAL21243,0,0,0,0,0,0,0,0,0,5,0,0,0,0,0,0,0,0,0,4,10,0,5,0,0,0,3,5,0,21,0,0,0,0,0,0,0,0,0,0,0,0,0,0,0,0,0,0,0,0,0,0,0,0,0,0,0,0,0,0,0,0,0,0,0,0,0,0,0,0,13,9,5,3,0,0,3,4,0,41
SAL21244,0,0,0,0,0,0,0,0,0,0,4,0,0,0,0,0,0,0,0,5,10,0,9,0,0,0,0,0,0,17,0,0,0,0,0,0,0,0,0,0,0,0,0,0,0,0,0,0,0,0,0,0,0,0,0,0,0,0,0,0,0,0,0,0,0,0,0,0,0,0,11,3,9,7,3,0,0,5,0,31
SAL21245,20,22,4,24,8,0,0,3,0,86,30,27,12,59,25,9,4,11,0,187,128,30,294,94,94,50,55,65,11,826,0,0,6,9,9,4,0,10,0,49,7,0,7,3,5,4,4,0,0,34,4,0,0,0,0,0,0,0,0,5,16,10,0,7,9,4,3,6,12,60,307,401,343,233,187,91,78,117,31,1783
SAL21246,45,88,36,27,43,22,4,6,3,275,71,68,51,69,59,29,9,18,8,373,91,39,198,69,65,39,30,41,8,586,3,6,4,4,7,7,4,4,0,40,9,15,8,6,13,9,0,8,3,83,6,30,4,4,6,5,3,4,0,56,12,22,4,4,12,7,3,5,9,81,1093,2832,426,387,658,277,87,134,81,5968
SAL21247,23,23,4,3,16,14,0,3,0,93,20,22,12,5,10,10,6,4,4,96,28,18,47,14,16,13,0,9,4,145,0,0,0,0,0,0,0,0,0,10,3,0,0,4,5,6,0,0,0,25,5,9,0,0,0,0,0,0,0,14,6,10,0,3,3,0,0,0,0,19,400,736,106,73,155,81,12,27,27,1603
SAL21248,0,3,10,0,5,0,6,3,0,32,0,7,14,17,11,9,10,9,0,77,4,7,51,25,18,13,18,13,6,157,0,0,0,4,0,0,0,0,0,9,0,0,0,3,0,0,3,6,0,17,0,0,0,0,0,0,0,0,0,7,0,0,4,0,0,4,3,6,3,20,33,120,113,99,69,35,76,73,15,628
SAL21249,5,0,0,0,0,0,0,0,0,5,0,0,0,0,0,0,0,0,0,3,4,0,8,0,3,0,3,0,0,26,0,0,0,0,0,0,0,0,0,0,0,0,0,0,0,0,0,0,0,4,0,0,0,0,0,0,0,0,0,0,5,0,0,0,0,0,0,0,0,7,19,8,8,7,9,4,3,6,0,51
SAL21250,0,0,4,10,3,0,0,0,0,16,9,9,5,37,16,8,4,3,0,94,22,15,95,52,26,22,21,29,3,288,3,0,0,3,0,9,5,6,0,21,0,0,0,3,3,0,0,0,0,7,0,0,0,0,0,0,0,0,0,4,0,0,0,0,0,0,4,0,5,18,45,173,115,135,56,40,33,47,9,639
SAL21251,0,0,0,0,0,0,0,0,0,0,0,0,0,0,0,0,0,0,0,0,0,0,0,0,0,0,0,0,0,0,0,0,0,0,0,0,0,0,0,0,0,0,0,0,0,0,0,0,0,0,0,0,0,0,0,0,0,0,0,0,0,0,0,0,0,0,0,0,0,0,0,0,0,0,0,0,0,0,0,4
SAL21252,0,5,0,0,0,0,0,0,0,7,0,0,0,0,0,0,0,0,0,0,7,0,4,0,0,0,9,0,0,22,0,0,0,0,0,0,0,0,0,0,0,0,0,0,0,0,0,0,0,0,0,0,0,0,0,0,0,0,0,0,0,0,0,0,0,0,0,0,4,4,14,9,4,4,3,0,9,0,4,42
SAL21253,4,0,0,0,0,0,0,0,0,4,3,0,6,0,0,0,0,0,0,12,4,4,8,3,0,4,0,3,0,30,0,0,0,0,0,0,0,0,0,0,0,0,0,0,0,0,0,0,0,3,0,0,0,0,0,0,0,0,0,0,0,0,0,0,0,0,0,0,0,0,27,18,17,6,8,3,0,10,0,82
SAL21254,21,38,9,17,15,3,3,3,6,108,14,31,17,30,16,4,0,7,4,125,45,19,148,47,21,17,10,28,7,339,0,0,0,3,4,3,0,0,0,10,3,0,0,6,3,3,0,0,0,21,0,9,0,0,0,0,0,0,0,13,4,6,0,4,6,0,0,4,6,36,290,709,212,184,146,76,17,55,29,1720
SAL21255,0,0,0,0,0,0,0,0,0,0,0,0,0,0,0,0,0,0,0,0,0,0,0,0,0,0,0,0,0,0,0,0,0,0,0,0,0,0,0,0,0,0,0,0,0,0,0,0,0,0,0,0,0,0,0,0,0,0,0,0,0,0,0,0,0,0,0,0,0,0,0,3,0,0,0,0,0,0,0,6
SAL21256,0,0,0,0,0,0,0,0,0,4,6,0,0,0,0,0,0,0,0,7,8,0,0,3,0,0,0,0,0,20,0,0,0,0,0,0,0,0,0,0,0,0,0,0,0,0,0,0,0,0,0,0,0,0,0,0,0,0,0,0,0,0,0,0,0,0,0,0,0,0,27,3,0,5,0,5,0,4,0,44
SAL21257,0,0,0,0,0,0,0,0,0,0,0,0,0,0,0,0,0,0,0,0,0,0,0,0,0,0,0,0,0,5,0,0,0,0,0,0,0,0,0,0,0,0,0,0,0,0,0,0,0,0,0,0,0,0,0,0,0,0,0,0,0,0,0,0,0,0,0,0,0,0,7,4,0,0,0,0,0,5,0,9
SAL21258,0,0,0,0,0,0,0,0,0,4,0,0,0,9,0,0,0,0,0,8,5,0,5,3,0,0,0,0,0,16,0,0,0,0,0,0,0,0,0,0,0,0,0,0,0,0,0,0,0,0,0,0,0,0,0,0,0,0,0,0,0,0,0,0,0,0,0,0,0,0,10,8,5,7,0,0,0,0,0,27
SAL21259,0,0,0,0,0,0,0,0,0,0,0,0,0,0,0,0,0,0,0,0,4,0,3,0,0,0,0,0,0,9,0,0,0,0,0,0,0,0,0,0,0,0,0,0,0,0,0,0,0,0,0,0,0,0,0,0,0,0,0,0,0,0,0,0,0,0,0,0,0,0,4,0,3,0,3,0,0,0,0,14
SAL21260,0,0,0,0,0,0,0,0,0,0,0,0,0,0,0,0,0,0,0,0,4,0,5,0,0,0,0,4,0,15,0,0,0,0,0,0,0,0,0,0,0,0,0,0,0,0,0,0,0,0,0,0,0,0,0,0,0,0,0,0,0,0,0,0,0,0,0,0,0,0,3,13,5,0,0,0,0,4,0,30
SAL21261,3,0,0,0,0,0,0,0,0,12,9,0,4,6,6,0,0,0,0,30,3,0,23,9,8,3,9,7,0,62,0,0,0,0,0,0,0,0,0,0,0,0,0,3,0,0,0,0,0,5,0,0,0,0,0,0,0,0,0,0,0,0,0,0,4,0,0,0,7,7,20,45,35,26,29,7,9,7,7,185
SAL21262,0,0,0,0,0,0,0,0,0,0,3,0,0,0,0,0,0,0,0,0,3,0,3,0,0,0,0,4,0,12,0,0,0,0,0,0,0,0,0,0,0,0,0,0,0,0,0,0,0,0,0,0,0,0,0,0,0,0,0,0,0,0,0,0,0,0,0,0,0,3,9,11,5,0,0,0,0,3,4,42
SAL21263,0,0,0,0,0,0,0,0,0,0,0,0,0,0,0,0,0,0,0,0,0,0,0,0,0,0,0,0,0,7,0,0,0,0,0,0,0,0,0,0,0,0,0,0,0,0,0,0,0,0,0,0,0,0,0,0,0,0,0,0,0,0,0,0,0,0,0,0,0,0,7,5,0,0,0,0,0,0,0,14
SAL21264,0,0,0,0,0,0,0,0,0,0,0,0,0,0,0,0,0,0,0,0,0,0,0,0,0,0,0,0,0,3,0,0,0,0,0,0,0,0,0,0,0,0,0,0,0,0,0,0,0,0,0,0,0,0,0,0,0,0,0,0,0,0,0,0,0,0,0,0,0,0,0,0,0,0,0,0,0,0,0,4
SAL21265,0,3,0,0,0,0,0,0,0,8,3,0,3,0,0,0,0,0,0,10,10,4,4,6,0,3,6,3,0,38,0,0,0,0,5,0,0,0,0,6,0,0,0,0,0,0,0,0,0,3,0,0,0,0,0,0,0,0,0,0,0,0,0,0,0,0,0,0,0,0,21,22,9,15,5,3,4,6,0,88
SAL21266,0,0,0,0,0,0,0,0,0,0,0,0,0,0,0,0,0,0,0,0,0,0,0,0,0,0,0,0,0,0,0,0,0,0,0,0,0,0,0,0,0,0,0,0,0,0,0,0,0,0,0,0,0,0,0,0,0,0,0,0,0,0,0,0,0,0,0,0,0,0,0,0,0,0,0,0,0,0,0,0
SAL21267,0,0,0,0,0,0,0,0,0,0,0,0,0,0,0,0,0,0,0,0,0,0,0,0,0,0,0,0,0,0,0,0,0,0,0,0,0,0,0,0,0,0,0,0,0,0,0,0,0,0,0,0,0,0,0,0,0,0,0,0,0,0,0,0,0,0,0,0,0,0,3,0,0,0,0,0,0,0,0,5
SAL21268,0,0,0,0,0,0,0,0,0,0,0,0,0,0,0,0,0,0,0,0,0,0,0,0,0,0,0,0,0,0,0,0,0,0,0,0,0,0,0,0,0,0,0,0,0,0,0,0,0,0,0,0,0,0,0,0,0,0,0,0,0,0,0,0,0,0,0,0,0,0,9,0,0,0,0,0,0,0,0,5
SAL21269,5,0,0,0,0,0,0,0,0,7,3,4,4,3,0,3,0,0,0,22,20,4,33,4,6,3,3,6,3,88,0,0,0,0,3,0,0,0,0,7,3,0,0,0,0,0,0,0,0,9,0,0,0,0,0,0,0,0,0,0,7,0,4,0,0,0,0,0,0,10,60,51,44,17,13,12,3,12,3,218
SAL21270,0,0,0,0,0,0,0,0,0,0,0,0,0,0,0,0,0,0,0,0,0,0,0,0,0,0,0,0,0,5,0,0,0,0,0,0,0,0,0,0,0,0,0,0,0,0,0,0,0,0,0,0,0,0,0,0,0,0,0,0,0,0,0,0,0,0,0,0,0,0,0,0,0,0,0,0,0,0,0,7
SAL21271,0,0,0,0,0,0,0,0,0,0,0,0,0,0,0,0,0,0,0,0,0,0,0,0,0,0,0,3,0,5,0,0,0,0,0,0,0,0,0,0,0,0,0,0,0,0,0,0,0,0,0,0,0,0,0,0,0,0,0,0,0,0,0,0,0,0,0,0,0,0,0,5,0,3,0,0,0,3,0,15
SAL21272,0,0,0,0,0,0,0,0,0,0,0,0,0,0,0,0,0,0,0,0,0,0,0,0,0,0,0,0,0,5,0,0,0,0,0,0,0,0,0,0,0,0,0,0,0,0,0,0,0,0,0,0,0,0,0,4,0,0,0,6,0,0,0,0,0,0,0,0,0,0,8,10,0,0,0,3,0,3,0,36
SAL21273,3,5,0,0,3,0,0,0,0,4,0,0,0,3,3,0,0,0,0,10,7,0,11,4,0,0,0,3,0,40,0,0,0,0,0,0,0,0,0,0,0,0,0,0,0,0,0,0,0,0,0,0,0,0,0,0,0,0,0,0,0,0,0,0,0,0,0,0,0,3,16,12,16,9,11,0,0,3,0,78
SAL21274,0,0,0,0,0,0,0,0,0,0,0,0,0,0,0,0,0,0,0,0,0,0,0,0,0,0,0,0,0,3,0,0,0,0,0,0,0,0,0,0,0,0,0,0,0,0,0,0,0,0,0,0,0,0,0,0,0,0,0,0,0,0,0,0,0,0,0,0,0,0,3,5,0,0,0,0,0,0,0,8
SAL21275,0,0,0,0,0,0,0,0,0,0,0,0,0,0,0,0,0,0,0,4,0,0,0,0,0,0,0,0,0,0,0,0,0,0,0,0,0,0,0,0,0,0,0,0,0,0,0,0,0,0,0,0,0,0,0,0,0,0,0,0,0,0,0,0,0,0,0,0,0,0,4,0,0,0,5,0,0,0,0,13
SAL21276,0,0,0,0,5,0,0,0,0,5,0,0,0,3,0,0,0,0,0,9,4,0,9,0,4,0,3,0,0,19,0,0,0,0,0,0,0,0,0,0,0,0,0,0,0,0,0,0,0,4,0,0,0,0,0,0,0,0,0,0,0,0,0,0,0,0,0,0,0,0,9,13,9,9,3,0,7,3,0,55
SAL21277,0,4,0,0,0,0,0,0,0,9,0,7,5,14,5,3,0,0,0,37,8,3,44,19,8,8,17,19,3,138,0,0,0,0,0,0,0,0,0,5,0,0,0,0,0,0,0,0,0,3,0,0,0,0,0,0,0,0,0,0,0,0,0,0,0,0,0,0,3,3,16,36,58,40,22,8,21,25,8,230
SAL21278,0,0,0,0,0,0,0,0,0,0,0,0,0,0,0,0,0,0,0,0,0,0,0,0,0,0,0,0,0,0,0,0,0,0,0,0,0,0,0,0,0,0,0,0,0,0,0,0,0,0,0,0,0,0,0,0,0,0,0,0,0,0,0,0,0,0,0,0,0,0,0,0,0,0,0,0,0,0,0,0
SAL21279,23,22,4,13,17,4,3,0,0,76,23,37,4,34,21,4,0,7,0,128,54,23,137,49,34,20,28,27,4,372,6,0,0,0,5,3,0,5,0,17,4,3,0,0,7,0,3,0,0,21,3,5,0,0,0,0,0,0,0,10,3,0,4,9,0,0,0,0,0,20,214,505,160,150,146,43,37,46,17,1319
SAL21280,0,0,0,0,0,0,0,0,0,3,0,0,0,0,0,0,0,0,0,5,9,0,9,0,0,0,3,0,0,13,0,0,0,0,0,0,0,0,0,0,0,0,0,0,0,0,0,0,0,0,0,0,0,0,0,0,0,0,0,0,0,0,0,0,0,0,0,0,0,0,10,4,10,5,0,0,4,0,0,31
SAL21281,0,0,0,0,0,0,0,0,0,5,0,0,0,0,0,0,0,0,0,0,3,0,0,0,0,0,0,0,0,3,0,0,0,0,0,0,0,0,0,0,0,0,0,0,0,0,0,0,0,0,0,0,0,0,0,0,0,0,0,0,0,0,0,0,0,0,0,0,0,3,6,0,0,0,0,0,0,0,0,17
SAL21282,0,3,4,7,9,0,0,0,0,24,6,6,7,16,8,0,0,7,0,48,18,3,43,12,10,5,7,18,3,128,0,0,3,7,3,0,0,4,0,15,0,4,0,5,3,0,0,0,0,15,0,0,0,0,0,0,0,0,0,0,0,0,0,0,0,5,0,5,0,14,42,44,63,60,35,17,8,29,3,298
SAL21283,0,0,0,0,0,0,0,0,0,4,0,0,0,0,0,0,0,0,0,3,6,0,8,0,0,0,0,0,0,21,0,0,0,0,0,0,0,0,0,0,3,0,0,0,0,0,0,0,0,3,0,0,0,0,0,0,0,0,0,0,0,0,0,0,0,0,0,0,0,0,13,3,8,0,4,0,0,0,0,40
SAL21284,8,7,15,16,20,6,29,8,0,116,24,23,36,75,33,17,48,36,10,296,24,19,120,73,54,31,64,44,10,439,0,0,0,3,10,7,4,3,0,35,0,0,8,19,7,0,6,4,0,45,0,4,0,3,0,0,5,4,0,16,0,6,0,13,0,3,6,13,6,48,165,484,242,346,249,124,252,167,29,2060
SAL21285,0,0,0,0,0,0,0,0,0,0,0,0,0,0,0,0,0,0,0,0,0,0,0,0,0,0,0,0,0,0,0,0,0,0,0,0,0,0,0,0,0,0,0,0,0,0,0,0,0,0,0,0,0,0,0,0,0,0,0,0,0,0,0,0,0,0,0,0,0,0,5,0,0,3,0,0,0,0,0,13
SAL21286,15,12,5,5,3,0,0,0,0,43,4,15,0,18,8,5,0,3,0,43,21,9,51,14,16,3,4,10,0,126,0,0,0,5,0,0,0,0,0,3,0,0,4,0,4,5,0,0,0,21,0,0,0,0,0,0,0,0,0,3,0,3,0,0,0,0,0,0,3,8,95,220,72,58,43,17,9,20,15,561
SAL21287,4,6,5,4,8,3,0,0,0,33,8,8,4,7,9,5,0,0,0,43,15,3,55,14,8,5,3,11,3,127,0,0,0,0,0,0,0,0,0,6,0,0,0,0,0,4,0,0,0,7,0,0,0,0,0,0,0,0,0,0,0,3,0,0,5,0,0,0,0,7,78,187,76,56,56,21,12,24,6,515
SAL21288,0,0,0,0,0,0,0,0,0,5,0,0,0,0,0,0,0,0,0,0,0,0,0,0,0,0,0,0,0,7,0,0,0,0,0,0,0,0,0,0,0,0,0,0,0,0,0,0,0,0,0,0,0,0,0,0,0,0,0,0,0,0,0,0,0,0,0,0,0,0,6,0,0,0,5,0,0,0,0,12
SAL21289,0,0,0,0,0,0,0,0,0,0,0,0,0,0,0,0,0,0,0,0,3,0,3,3,3,0,0,0,0,11,0,0,0,0,0,0,0,0,0,0,0,0,0,0,0,0,0,0,0,0,0,0,0,0,0,0,0,0,0,0,0,0,0,0,0,0,0,0,0,0,8,8,4,4,5,0,0,3,0,26
SAL21290,0,0,0,0,0,0,0,0,0,0,0,0,0,0,0,0,0,0,0,0,0,0,0,0,0,0,0,0,0,0,0,0,0,0,0,0,0,0,0,0,0,0,0,0,0,0,0,0,0,0,0,0,0,0,0,0,0,0,0,0,0,0,0,0,0,0,0,0,0,0,6,0,0,0,0,0,0,0,0,4
SAL21291,0,0,0,0,0,0,0,0,0,0,0,0,0,0,0,0,0,0,0,0,3,0,0,0,0,0,0,0,0,4,0,0,0,0,0,0,0,0,0,0,0,0,0,0,0,0,0,0,0,0,0,0,0,0,0,0,0,0,0,0,4,0,0,0,0,0,0,0,0,4,8,0,0,0,0,0,0,0,0,13
SAL21292,3,0,0,0,0,0,0,0,0,3,0,0,0,0,0,0,0,0,0,0,3,0,0,0,0,0,0,0,0,10,0,0,0,0,0,0,0,0,0,0,0,0,0,0,0,0,0,0,0,0,0,0,0,0,0,0,0,0,0,0,0,0,0,0,0,0,0,0,0,0,10,3,5,0,0,0,0,4,0,25
SAL21293,19,32,15,30,14,9,7,10,0,137,33,49,27,117,49,23,15,33,0,353,84,51,381,242,130,89,97,154,15,1235,3,0,4,8,22,10,5,20,0,68,8,3,7,16,10,9,4,12,4,75,0,6,4,0,0,0,0,13,0,25,10,5,5,9,9,8,9,20,15,86,248,617,485,531,330,182,140,308,33,2864
SAL21294,8,4,0,0,9,0,0,0,0,27,6,6,3,7,12,0,0,0,5,42,16,4,43,4,6,0,4,10,5,94,0,0,4,0,0,0,0,0,0,3,6,0,0,0,0,0,0,0,0,13,0,0,0,0,4,0,0,0,0,10,0,0,4,0,0,0,0,3,4,13,124,143,62,44,54,11,14,18,16,474
SAL21295,7,3,0,0,0,0,0,0,0,17,3,5,0,10,7,0,0,0,0,22,27,4,23,17,14,8,12,16,4,117,0,0,0,0,0,0,0,0,0,3,0,0,0,0,0,0,0,0,0,3,0,0,0,0,0,0,0,0,0,0,4,0,0,0,0,0,0,0,0,11,52,59,21,34,25,6,15,24,3,248
SAL21296,0,0,0,0,0,0,0,0,0,4,0,0,0,0,0,0,0,0,0,3,0,0,6,0,0,0,0,0,0,8,0,0,0,0,0,0,0,0,0,0,0,0,0,0,0,0,0,0,0,0,0,0,0,0,0,0,0,0,0,0,0,0,0,0,0,0,0,0,0,0,5,4,3,0,4,0,0,0,0,13
SAL21297,0,0,0,0,0,0,0,0,0,0,0,0,0,0,0,0,0,0,0,0,0,0,0,0,0,0,0,0,0,0,0,0,0,0,0,0,0,0,0,0,0,0,0,0,0,0,0,0,0,0,0,0,0,0,0,0,0,0,0,0,0,0,0,0,0,0,0,0,0,0,3,0,0,0,0,0,0,0,0,4
SAL21298,0,0,0,0,0,0,0,0,0,5,4,0,0,0,0,0,0,0,0,4,0,0,0,0,0,0,0,0,0,8,0,0,0,0,0,0,0,0,0,0,0,0,0,0,0,0,0,0,0,0,0,0,0,0,0,0,0,0,0,0,0,0,0,0,0,0,0,0,0,0,3,4,6,0,3,0,3,0,3,27
SAL21299,4,0,0,0,0,0,0,0,0,4,0,0,0,0,0,0,0,0,0,0,0,0,0,0,0,0,0,0,0,5,0,0,0,0,0,0,0,0,0,0,0,0,0,0,0,0,0,0,0,0,0,0,0,0,0,0,0,0,0,0,0,0,0,0,0,0,0,0,0,0,9,0,0,0,0,0,0,6,0,14
SAL21300,0,0,0,3,0,0,0,0,0,3,0,3,0,0,0,0,0,0,0,7,4,0,8,0,0,0,0,0,0,22,0,0,0,0,0,0,0,0,0,0,0,0,0,0,0,0,0,0,0,0,0,0,0,0,0,0,0,0,0,0,0,0,0,0,0,0,0,0,0,0,13,17,12,10,7,3,0,0,0,67
SAL21301,4,0,0,0,0,0,0,0,0,3,0,0,0,0,0,0,0,0,0,9,0,0,3,3,0,5,0,3,0,22,0,0,0,0,0,0,0,0,0,0,0,0,0,0,0,0,0,0,0,0,0,0,0,0,0,0,0,0,0,0,0,0,0,0,0,0,0,3,0,3,10,4,3,6,5,0,5,9,0,49
SAL21302,5,0,0,0,0,0,0,0,0,5,5,0,0,0,0,0,0,0,0,8,9,0,0,3,0,0,0,0,0,6,0,0,0,0,0,0,0,3,0,5,0,0,0,0,0,0,0,0,0,0,0,0,0,0,0,0,0,0,0,0,3,0,0,0,0,0,0,0,0,3,20,4,0,3,0,0,0,4,0,31
SAL21303,0,0,0,0,0,0,0,0,0,0,0,0,0,0,0,0,0,0,0,0,0,0,0,0,0,0,0,0,0,0,0,0,0,0,0,0,0,0,0,0,0,0,0,0,0,0,0,0,0,0,0,0,0,0,0,0,0,0,0,0,0,0,0,0,0,0,0,0,0,0,0,0,0,0,0,0,0,0,0,4
SAL21304,0,0,0,0,0,0,0,0,0,3,0,0,0,0,0,0,0,0,0,0,3,0,0,0,0,0,0,0,0,3,0,0,0,0,0,0,0,0,0,0,0,0,0,0,0,0,0,0,0,0,0,0,0,0,0,0,0,0,0,0,0,0,0,0,0,0,0,0,0,0,8,0,0,3,0,0,0,0,0,12
SAL21305,0,0,0,0,0,0,0,0,0,0,0,0,0,0,0,0,0,0,0,0,0,0,0,0,0,0,0,0,0,5,0,0,0,0,0,0,0,0,0,0,0,0,0,0,0,0,0,0,0,0,0,0,0,0,0,0,0,0,0,0,0,0,0,0,0,0,0,0,0,0,0,0,0,0,0,0,0,0,0,7
SAL21306,4,0,0,0,0,0,0,0,0,6,5,0,0,8,0,0,0,0,0,13,20,0,8,3,0,9,4,7,3,61,0,0,0,0,0,0,0,0,0,3,5,0,0,0,0,0,0,0,0,5,0,0,0,0,0,0,0,0,0,0,0,0,0,0,0,0,0,4,0,5,32,17,8,21,5,7,5,22,4,127
SAL21307,0,0,0,0,0,0,0,0,0,0,0,0,0,0,0,0,0,0,0,0,0,0,0,0,0,0,0,0,0,0,0,0,0,0,0,0,0,0,0,0,0,0,0,0,0,0,0,0,0,0,0,0,0,0,0,0,0,0,0,0,0,0,0,0,0,0,0,0,0,0,3,0,0,0,6,5,0,0,0,6
SAL21308,0,0,0,0,0,0,0,0,0,3,0,0,0,3,3,0,0,0,0,6,0,4,11,0,0,0,0,0,0,14,0,0,0,0,0,0,0,0,0,0,0,0,0,0,0,0,0,0,0,0,0,0,0,0,0,0,0,0,0,0,0,0,0,0,0,0,0,0,0,0,3,14,13,5,8,0,0,0,0,41
SAL21309,5,3,0,0,0,0,0,0,0,12,7,0,0,6,0,0,0,6,0,14,8,0,17,14,9,4,7,6,0,62,0,0,0,0,0,0,0,0,0,0,0,0,0,0,0,0,0,0,0,3,0,0,0,0,0,0,0,0,0,0,0,0,0,0,0,0,3,0,0,3,23,34,23,16,13,7,11,9,3,139
SAL21310,17,0,3,6,0,0,0,0,0,31,17,3,5,13,7,0,0,8,0,36,19,4,35,18,5,3,18,21,0,128,4,0,0,0,0,0,0,0,0,5,5,0,0,0,0,0,0,0,0,7,0,0,0,0,0,0,0,3,3,7,4,0,0,3,0,0,0,3,0,14,81,36,44,41,16,5,23,51,13,316
SAL21311,0,0,0,0,0,0,0,0,0,0,0,3,0,0,0,0,0,0,0,4,0,0,3,4,0,0,0,0,5,14,0,0,0,0,0,0,0,0,0,0,0,0,0,0,0,0,0,0,0,0,0,0,0,0,0,0,0,0,0,0,0,0,0,0,0,0,0,0,0,0,11,19,4,6,0,0,0,5,5,47
SAL21312,7,12,10,10,8,0,3,5,0,48,13,15,15,31,23,14,8,9,6,128,27,5,102,33,32,15,32,37,7,283,0,0,0,0,4,4,0,3,0,17,4,7,3,9,5,0,6,6,0,34,0,0,0,0,0,0,0,0,0,5,0,4,0,6,0,4,0,4,7,19,100,244,160,104,124,69,57,70,19,941
SAL21313,0,0,0,0,0,0,0,0,0,0,0,0,0,0,5,0,0,0,0,3,3,0,5,6,0,4,0,4,0,16,0,0,0,0,0,0,0,0,0,0,0,0,0,0,0,0,0,0,0,0,0,0,0,0,0,0,0,0,0,0,0,0,0,0,0,0,0,0,0,0,3,3,7,4,6,3,0,4,0,25
SAL21314,24,25,18,9,23,12,4,0,0,120,44,36,8,30,46,12,0,3,3,181,86,26,224,48,60,35,26,37,13,556,3,0,3,4,8,5,4,5,0,27,10,8,3,9,17,7,5,4,0,53,4,4,3,0,4,3,0,0,0,24,15,8,0,0,12,9,0,4,3,48,379,648,280,148,297,103,42,65,32,1998
SAL21315,25,25,22,20,23,23,6,11,0,157,31,47,38,62,51,27,21,11,0,304,74,19,314,103,106,26,80,75,12,810,4,8,0,7,14,10,0,11,0,48,13,6,15,20,11,7,9,7,4,96,0,6,0,0,5,3,4,0,0,29,6,3,17,12,13,9,0,6,14,83,306,724,442,324,405,157,145,144,55,2702
SAL21316,55,73,42,48,64,19,7,13,9,319,89,70,53,83,99,39,22,18,9,480,125,47,436,124,110,63,97,88,22,1103,0,5,3,9,13,3,8,5,0,52,12,15,15,23,35,13,8,8,3,134,4,10,3,0,7,0,0,3,4,38,13,16,12,15,18,9,10,3,23,110,768,1646,664,463,695,259,184,177,86,4941
SAL21317,12,3,3,3,9,0,0,0,0,37,14,4,3,22,6,6,3,0,3,64,21,4,73,21,22,11,10,15,3,173,0,0,0,5,4,3,0,0,0,11,4,4,0,4,3,0,0,0,0,21,3,3,0,0,0,0,0,5,0,11,0,4,0,0,5,0,3,0,3,15,82,181,96,70,84,35,16,22,6,590
SAL21318,0,0,0,0,0,0,0,0,0,5,0,0,0,0,0,0,0,0,0,4,0,0,3,0,0,0,0,0,0,9,0,0,0,0,0,0,0,0,0,0,0,0,0,0,0,0,0,0,0,0,0,0,0,0,0,0,0,0,0,0,0,0,0,0,0,0,0,0,0,0,0,7,4,0,4,0,0,0,0,24
SAL21319,4,12,6,8,12,4,5,0,0,47,10,16,10,23,26,5,10,6,0,106,27,7,109,18,29,18,14,18,4,247,3,0,3,0,0,0,0,0,0,8,3,0,0,4,6,3,3,0,0,28,0,0,0,0,0,0,0,0,0,0,4,7,0,0,4,3,0,3,9,22,107,199,143,77,108,47,28,36,15,765
SAL21320,0,0,0,0,0,0,0,0,0,0,0,0,0,0,0,0,0,0,0,0,4,0,0,0,0,0,0,0,0,4,0,0,0,0,0,0,0,0,0,0,0,0,0,0,0,0,0,0,0,4,0,0,0,0,0,0,0,0,0,0,0,0,0,0,0,0,0,0,0,0,4,0,0,0,0,0,0,0,0,3
SAL21321,0,0,0,0,0,0,0,0,0,0,0,0,0,0,0,0,0,0,0,3,0,0,3,4,0,0,0,0,0,10,0,0,0,0,0,0,0,0,0,0,0,0,0,0,0,0,0,0,0,0,0,0,0,0,0,0,0,0,0,0,0,0,0,0,0,0,0,0,0,0,12,4,4,8,0,0,0,6,0,34
SAL21322,0,0,0,0,0,0,0,4,0,4,4,0,0,0,0,0,0,4,0,6,0,0,0,0,0,0,0,0,0,0,0,0,0,0,0,0,0,0,0,0,0,0,0,0,0,0,0,0,0,0,0,0,0,0,0,0,0,0,0,0,0,0,0,0,0,0,0,0,0,0,9,0,4,0,0,0,0,10,0,23
SAL21323,0,0,0,0,0,0,0,0,0,0,0,0,0,0,0,0,0,0,0,0,0,0,0,0,0,0,0,0,0,0,0,0,0,0,0,0,0,0,0,0,0,0,0,0,0,0,0,0,0,0,0,0,0,0,0,0,0,0,0,0,0,0,0,0,0,0,0,0,0,0,0,0,0,0,0,0,0,0,0,0
SAL21324,0,0,0,0,0,0,0,0,0,0,5,0,0,0,0,0,0,0,0,5,0,0,0,0,0,0,0,0,0,11,0,0,0,0,0,0,0,0,0,0,0,0,0,0,0,0,0,0,0,0,0,0,0,0,0,0,0,0,0,0,0,0,0,0,0,0,0,0,0,0,7,0,0,0,0,0,0,3,0,17
SAL21325,0,0,0,0,0,0,0,0,0,0,0,0,0,0,0,0,0,0,0,0,0,0,8,0,0,0,0,0,0,4,0,0,0,0,0,0,0,0,0,0,0,0,0,0,0,0,0,0,0,0,0,0,0,0,0,0,0,0,0,0,0,0,0,0,0,0,0,0,0,0,6,7,8,0,4,0,0,0,0,21
SAL21326,12,27,15,15,13,10,0,7,0,97,24,22,18,61,36,12,3,14,0,197,66,38,185,89,43,34,32,46,9,527,0,0,0,6,0,0,0,4,0,17,9,0,0,5,8,9,0,7,0,36,0,10,0,6,0,0,0,4,0,14,0,11,4,4,3,0,0,0,3,33,239,707,244,264,176,99,44,111,24,1915
SAL21327,34,58,18,23,39,13,7,10,0,202,70,67,49,52,59,19,9,9,7,341,47,48,134,60,69,34,24,32,11,453,6,0,5,0,6,0,0,12,0,26,6,7,8,9,6,3,0,9,0,48,3,12,0,0,7,0,0,6,0,32,3,7,3,5,7,4,3,5,11,40,976,2726,354,364,595,206,87,138,59,5504
SAL21328,7,25,9,0,5,4,0,0,0,46,13,23,4,28,10,8,3,9,0,104,57,24,142,69,47,27,27,45,10,445,0,3,4,0,5,0,0,4,0,19,6,0,0,10,0,3,5,4,0,25,0,0,0,0,0,0,0,0,0,8,4,5,4,6,0,4,0,3,0,31,114,223,176,130,80,58,41,78,19,905
SAL21329,0,0,0,0,0,0,0,0,0,0,0,0,0,0,0,0,0,0,0,0,0,0,0,0,0,0,0,0,0,5,0,0,0,0,0,0,0,0,0,0,0,0,0,0,0,0,0,0,0,0,0,0,0,0,0,0,0,0,0,0,0,0,0,0,0,0,0,0,0,0,3,3,0,0,0,0,0,0,0,8
SAL21330,4,0,5,0,0,0,0,0,0,5,0,0,3,0,0,0,0,0,0,4,14,0,18,0,6,0,9,0,0,46,0,0,0,0,6,0,0,0,0,3,0,0,0,0,0,0,0,0,0,4,0,0,0,0,0,0,0,0,0,0,0,0,0,0,0,0,0,0,0,3,26,13,20,3,9,0,8,0,0,87
SAL21331,0,0,0,0,0,0,0,0,0,0,0,0,0,0,0,0,0,0,0,0,0,0,0,0,3,0,0,0,0,10,0,0,0,0,0,0,0,0,0,0,0,0,0,0,0,0,0,0,0,0,0,0,0,0,0,0,0,0,0,0,0,0,0,0,0,0,0,0,0,0,13,6,5,0,3,0,0,0,0,27
SAL21332,0,0,0,0,0,0,0,0,0,0,0,0,0,3,0,0,0,0,0,3,0,0,7,0,0,0,0,0,0,16,0,0,0,0,0,0,0,0,0,0,0,0,0,0,0,0,0,0,0,0,0,0,0,0,0,0,0,0,0,0,0,0,0,0,0,0,0,0,0,3,15,8,7,4,6,0,0,0,0,47
SAL21333,0,0,0,0,0,0,0,0,0,4,0,0,0,0,0,0,0,3,0,8,5,0,0,0,0,0,0,0,0,9,0,0,0,0,0,0,0,0,0,0,5,0,0,0,0,0,0,0,0,0,0,0,0,0,0,0,0,0,0,0,0,0,0,0,0,0,0,0,0,0,13,8,5,6,3,0,0,5,0,38
SAL21334,0,0,0,0,0,0,0,0,0,0,0,0,0,0,0,0,0,0,0,4,0,0,8,3,0,0,0,3,0,17,0,0,0,0,0,0,0,0,0,0,0,0,0,0,0,0,0,0,0,0,0,0,0,0,0,0,0,0,0,0,0,0,0,0,0,0,0,0,0,0,9,7,7,3,0,0,0,3,0,31
SAL21335,0,0,0,0,0,0,0,0,0,0,0,0,0,0,0,0,0,0,0,0,0,0,0,0,0,0,0,0,0,3,0,0,0,0,0,0,0,0,0,0,0,0,0,0,0,0,0,0,0,0,0,0,0,0,0,0,0,0,0,0,0,0,0,0,0,0,0,0,0,0,0,0,0,0,3,0,0,0,0,9
SAL21336,125,137,30,63,76,46,13,19,15,522,124,98,53,89,95,67,13,29,13,573,115,67,246,110,82,59,15,37,22,753,7,4,5,11,12,9,0,8,0,49,30,19,9,16,21,15,0,4,6,116,20,41,4,4,10,11,0,0,11,103,20,48,3,13,21,9,0,8,32,151,2137,4991,532,619,1078,505,93,193,191,10341
SAL21337,34,35,13,11,25,12,0,6,0,134,29,29,12,28,29,13,0,5,0,151,42,25,90,30,22,14,0,18,5,245,0,0,0,7,0,0,0,0,0,21,10,4,3,11,12,6,0,0,0,41,0,7,0,0,4,4,0,0,3,27,9,3,3,0,4,0,0,0,4,31,570,1244,166,182,306,125,23,47,48,2708
SAL21338,0,0,0,0,0,0,0,0,0,0,0,0,0,0,0,0,0,0,0,0,3,0,0,0,0,0,0,4,0,7,0,0,0,0,0,0,0,0,0,0,0,0,0,0,0,0,0,0,0,0,0,0,0,0,0,0,0,0,0,0,0,0,0,0,0,0,0,0,0,0,3,0,0,0,5,0,0,5,0,11
SAL21339,80,88,94,62,120,38,52,53,9,588,126,116,134,198,196,90,68,96,11,1040,158,59,643,236,152,110,162,180,43,1747,11,6,13,13,26,19,19,16,0,128,23,11,33,26,35,23,24,28,3,204,16,33,17,12,10,6,12,12,0,116,16,30,16,22,28,16,21,24,55,230,1178,2702,1247,885,1279,588,533,606,194,9213
SAL21340,24,25,8,34,29,8,3,7,0,129,72,59,30,113,54,20,16,13,3,374,161,44,349,129,108,49,46,85,17,992,7,4,0,7,11,3,9,11,0,48,14,0,12,11,21,9,9,8,0,87,0,8,5,4,3,0,0,0,0,19,3,16,4,7,0,0,0,6,8,58,428,802,437,389,314,120,92,168,39,2797
SAL21341,0,0,4,0,0,0,0,0,0,5,0,0,0,3,0,0,0,0,0,5,9,0,13,0,7,0,0,5,0,26,0,0,0,0,0,0,0,0,0,0,0,0,0,0,0,0,0,0,0,4,0,0,0,0,0,0,0,0,0,3,3,0,0,0,0,0,0,0,0,3,11,18,16,3,13,0,0,5,0,67
SAL21342,3,3,0,5,0,0,0,0,0,7,7,0,0,4,0,0,0,0,0,15,9,0,32,6,4,0,0,3,0,56,0,0,0,0,0,0,0,0,0,8,0,0,0,4,0,0,3,0,0,7,0,0,0,0,0,0,0,0,0,0,0,0,0,0,0,0,0,0,0,3,24,42,34,16,19,3,5,6,0,153
SAL21343,0,0,0,0,0,0,0,0,0,0,0,0,0,0,0,0,0,0,0,0,3,0,5,0,0,0,0,4,0,9,0,0,0,0,0,0,0,0,0,0,0,0,0,0,0,0,0,0,0,0,0,0,0,0,0,0,0,0,0,0,0,0,0,0,0,0,0,0,0,0,5,3,5,0,0,0,0,4,0,10
SAL21344,4,4,0,0,0,0,0,0,0,5,3,0,3,4,5,3,0,0,0,16,9,4,27,6,8,6,10,8,0,74,0,0,0,0,3,0,0,0,0,6,4,0,0,0,0,0,0,0,0,3,0,0,0,0,0,0,0,0,0,0,0,0,0,0,0,0,0,0,0,0,34,44,31,19,14,7,10,11,0,175
SAL21345,6,5,0,0,0,0,0,0,0,4,4,0,0,5,4,0,0,0,0,13,8,0,19,5,3,4,3,4,0,47,0,0,0,0,3,0,0,0,0,3,0,0,0,0,0,0,0,0,0,10,0,0,0,0,0,0,0,0,0,0,0,0,0,0,0,0,0,0,0,3,37,52,27,16,18,8,6,11,3,172
SAL21346,0,0,0,0,0,0,0,0,0,0,0,0,0,0,0,0,0,0,0,0,0,0,0,0,0,0,0,0,0,0,0,0,0,0,0,0,0,0,0,0,0,0,0,0,0,0,0,0,0,0,0,0,0,0,0,0,0,0,0,0,0,0,0,0,0,0,0,0,0,0,0,0,0,0,0,0,0,0,0,0
SAL21347,4,4,3,4,6,4,3,0,0,24,13,9,4,28,17,5,0,4,5,82,24,9,85,39,30,16,23,20,6,240,3,0,0,0,3,0,0,0,0,13,0,0,0,5,3,0,0,0,0,10,0,0,0,0,0,0,0,0,0,0,0,0,0,3,0,0,0,0,4,10,64,161,95,98,69,22,30,21,10,581
SAL21348,0,0,0,4,0,0,0,0,0,5,6,4,0,0,0,0,0,0,0,6,4,0,3,0,0,0,0,3,0,22,0,0,0,0,0,0,0,0,0,0,0,0,0,0,0,0,0,0,0,5,0,0,0,0,0,0,0,0,0,0,0,0,0,0,0,0,0,0,0,3,16,27,9,9,7,0,0,5,0,69
SAL21349,0,0,0,0,0,0,0,0,0,7,0,7,7,0,0,0,0,0,0,14,12,0,13,0,3,5,0,10,0,46,0,0,0,0,0,0,0,0,0,0,6,0,0,5,0,0,0,0,0,7,0,0,0,0,0,0,0,0,0,0,0,0,0,0,0,0,0,0,0,3,34,43,26,10,15,12,8,12,0,153
SAL21350,0,0,0,0,0,0,0,0,0,4,0,0,0,0,0,0,0,0,0,5,8,0,6,6,0,0,0,0,0,18,0,0,0,0,0,0,0,0,0,0,0,0,0,0,0,0,0,0,0,0,0,0,0,0,0,0,0,0,0,0,0,0,0,0,0,0,0,0,0,0,16,15,6,4,5,7,0,8,0,55
SAL21351,0,0,0,0,0,0,0,0,0,4,0,0,0,0,3,0,0,0,0,13,6,4,8,4,0,0,0,0,0,25,0,0,0,0,0,0,0,0,0,0,0,0,0,0,0,0,0,0,0,0,0,0,0,0,0,0,0,0,0,0,0,0,0,0,0,0,0,4,0,4,12,10,10,5,6,0,0,4,0,47
SAL21352,20,32,16,28,33,10,4,3,5,155,49,33,36,119,59,24,7,17,5,354,78,41,466,141,137,55,129,118,32,1189,3,5,10,3,11,13,3,11,0,57,9,0,6,18,8,11,11,10,0,81,0,8,0,0,0,0,0,4,0,17,4,7,8,11,15,0,7,6,9,72,289,588,580,404,339,141,173,187,60,2762
SAL21353,5,3,0,0,0,0,0,0,0,17,0,3,4,8,3,0,0,6,0,26,10,0,12,5,11,0,4,0,0,39,0,0,3,0,0,0,0,0,0,6,0,0,0,0,0,0,0,0,0,0,0,0,0,0,0,0,0,0,0,0,0,0,0,0,0,0,0,0,0,5,27,47,21,18,17,0,0,10,0,144
SAL21354,44,48,28,51,38,13,8,0,5,235,78,99,61,108,93,34,10,29,6,521,163,52,605,202,169,86,88,121,38,1531,7,7,7,3,11,8,7,9,0,59,12,8,15,18,13,6,7,7,0,86,5,0,0,3,3,0,0,0,0,16,7,12,13,9,16,3,6,8,14,82,529,1047,794,557,494,196,142,209,75,4044
SAL21355,16,17,5,15,13,8,4,0,0,78,18,26,8,34,26,8,4,6,0,133,51,15,200,48,30,22,24,35,8,439,0,0,3,0,9,0,4,0,0,21,0,6,0,3,7,5,0,3,0,29,0,3,0,0,0,4,0,0,0,3,0,4,0,3,0,0,0,0,0,20,140,287,237,126,114,59,40,56,19,1075
SAL21356,0,0,0,0,0,0,0,0,0,7,0,0,3,0,0,0,0,0,0,4,0,0,4,0,0,0,0,0,0,15,0,0,0,0,0,0,0,0,0,0,0,0,0,0,0,0,0,0,0,0,0,0,0,0,0,0,0,0,0,0,0,0,0,0,0,0,0,0,0,0,6,6,5,0,5,0,0,0,0,27
SAL21357,0,0,0,0,0,0,0,0,0,3,6,0,0,0,0,0,0,0,0,3,0,0,5,0,0,0,0,3,0,11,0,0,0,0,0,0,0,0,0,0,0,0,0,0,0,0,0,0,0,0,0,0,0,0,0,0,0,0,0,0,0,0,0,0,0,0,0,0,0,0,7,10,6,3,0,0,0,3,0,37
SAL21358,9,12,0,5,3,0,0,0,3,44,11,12,4,21,4,3,0,4,0,66,32,13,126,45,29,5,20,27,5,293,0,0,3,0,0,0,0,0,0,10,4,0,0,0,3,0,0,0,0,6,0,0,0,0,0,0,0,0,0,5,0,4,4,6,0,0,3,0,0,17,85,122,151,95,57,20,34,41,11,614
SAL21359,0,4,0,0,4,0,0,0,0,14,0,0,3,0,3,0,0,0,0,12,9,4,18,6,10,4,9,4,0,58,0,0,0,0,0,0,0,0,0,5,0,0,0,0,0,0,0,0,0,4,0,0,0,0,0,0,0,0,0,0,0,0,0,0,0,0,0,0,0,0,24,25,25,15,16,4,14,11,3,131
SAL21360,5,6,5,3,0,4,0,0,0,30,8,5,6,15,20,4,0,4,0,60,21,4,90,18,18,7,13,25,0,201,0,0,4,0,0,0,0,0,0,8,0,0,0,0,3,0,0,0,0,8,0,0,0,0,0,0,0,0,0,0,4,0,0,3,0,0,0,0,3,14,57,77,108,53,51,22,20,37,11,426
SAL21361,0,0,0,0,0,0,0,0,0,0,0,0,0,0,0,0,0,0,0,0,0,0,0,0,0,0,0,0,0,0,0,0,0,0,0,0,0,0,0,0,0,0,0,0,0,0,0,0,0,0,0,0,0,0,0,0,0,0,0,0,0,0,0,0,0,0,0,0,0,0,4,6,0,0,0,0,0,0,0,9
SAL21362,8,7,10,10,13,0,14,11,0,84,21,17,35,51,24,22,18,17,0,206,25,14,147,71,37,18,53,60,7,438,0,0,5,12,6,4,4,5,0,41,3,0,6,11,7,0,7,5,0,45,0,0,0,0,0,0,0,0,0,4,0,4,3,7,3,5,10,7,6,45,90,258,251,246,200,95,151,143,26,1460
SAL21363,8,13,8,6,8,0,4,14,0,64,10,18,14,34,23,15,6,12,0,131,16,6,76,46,16,8,27,24,4,227,0,0,5,0,11,0,3,0,0,13,3,3,0,4,0,0,0,0,0,17,0,8,0,0,0,3,4,0,0,14,0,4,3,0,0,0,0,4,3,22,107,342,172,173,142,63,103,133,21,1261
SAL21364,0,0,0,0,0,0,0,0,0,0,0,4,0,0,0,0,0,0,0,0,3,0,5,0,5,0,0,4,0,16,0,0,0,0,0,0,0,0,0,0,0,0,0,0,0,0,0,0,0,0,0,0,0,0,0,0,0,0,0,0,0,0,0,0,0,0,0,0,0,4,15,23,4,12,8,0,0,4,0,62
SAL21365,24,34,10,12,10,8,3,3,3,103,26,34,17,24,19,9,12,5,4,151,31,16,71,34,32,12,9,17,6,235,0,4,0,0,0,0,0,0,0,7,4,8,4,8,3,3,0,0,0,26,3,9,4,0,0,0,0,0,0,23,3,0,0,0,4,3,0,5,0,11,359,776,151,137,186,83,42,58,26,1820
SAL21366,0,0,0,0,0,0,0,0,0,0,0,0,0,0,0,0,0,0,0,0,3,0,0,0,0,0,0,0,0,7,0,0,0,0,0,0,0,0,0,0,0,0,0,0,0,0,0,0,0,0,0,0,0,0,0,0,0,0,0,0,0,0,0,0,0,0,0,0,0,0,5,0,3,0,0,0,0,0,0,12
SAL21367,0,0,0,0,0,0,0,0,0,0,0,0,0,0,0,0,0,0,0,0,0,0,0,0,0,0,0,0,0,0,0,0,0,0,0,0,0,0,0,0,0,0,0,0,0,0,0,0,0,0,0,0,0,0,0,0,0,0,0,0,0,0,0,0,0,0,0,0,0,0,0,0,0,0,0,0,0,0,0,0
SAL21368,0,0,0,0,0,0,0,0,0,4,6,3,0,3,0,0,0,0,0,16,8,0,20,9,3,4,0,10,6,57,0,0,0,0,0,0,0,0,0,0,0,0,0,0,0,0,0,0,0,4,0,0,0,0,0,0,0,0,0,0,0,0,0,0,0,0,0,0,0,5,27,28,25,8,11,11,0,10,7,135
SAL21369,0,0,0,0,0,0,0,0,0,4,0,0,0,0,0,0,0,0,0,0,3,0,3,0,3,0,3,0,0,15,0,0,0,0,0,0,0,0,0,0,0,0,0,0,0,0,0,0,0,0,0,0,0,0,0,0,0,0,0,0,0,0,0,0,0,0,0,0,0,0,7,3,8,0,3,0,3,4,0,28
SAL21370,0,0,0,0,0,0,0,0,0,0,0,0,0,0,0,0,0,0,0,0,3,0,0,3,0,0,0,0,0,4,0,0,0,0,0,0,0,0,0,0,0,0,0,0,0,0,0,0,0,0,0,0,0,0,0,0,0,0,0,0,0,0,0,0,0,0,0,0,0,0,3,4,0,4,0,0,0,0,0,13
SAL21371,0,0,0,0,0,0,0,0,0,0,0,0,0,0,0,0,0,0,0,0,0,0,0,0,0,0,0,0,0,4,0,0,0,0,0,0,0,0,0,0,0,0,0,0,0,0,0,0,0,0,0,0,0,0,0,0,0,0,0,0,0,0,0,0,0,0,0,0,0,0,3,0,0,0,0,0,0,0,0,5
SAL21372,0,0,0,0,0,0,0,0,0,0,0,0,0,0,0,0,0,0,0,0,0,0,0,0,0,0,0,0,0,0,0,0,0,0,0,0,0,0,0,0,0,0,0,0,0,0,0,0,0,0,0,0,0,0,0,0,0,0,0,0,0,0,0,0,0,0,0,0,0,0,0,0,0,0,0,0,0,0,0,0
SAL21373,0,0,0,3,4,0,0,0,0,7,0,0,0,0,0,0,0,0,0,0,4,0,6,4,3,0,0,4,0,27,0,0,0,0,0,0,0,0,0,0,0,0,0,0,0,0,0,0,0,0,0,0,0,0,0,0,0,0,0,0,0,0,0,0,0,0,0,0,3,4,9,11,6,3,7,0,0,4,3,47
SAL21374,29,39,24,25,35,13,7,10,0,168,49,34,41,68,58,23,17,12,3,295,56,32,257,79,72,37,44,55,12,654,0,3,3,4,7,0,3,0,0,32,7,10,0,13,12,9,5,8,0,64,5,6,0,5,5,0,0,4,0,16,6,5,6,3,9,4,4,5,3,44,379,880,410,310,366,153,111,143,30,2785
SAL21375,0,0,0,0,0,0,0,0,0,0,0,0,0,0,0,0,0,0,0,0,3,0,0,0,0,0,0,0,0,3,0,0,0,0,0,0,0,0,0,0,0,0,0,0,0,0,0,0,0,0,0,0,0,0,0,0,0,0,0,0,0,0,0,0,0,0,0,0,0,0,3,3,0,0,3,0,0,0,0,10
SAL21376,0,0,0,0,0,0,0,0,0,3,0,0,0,0,0,0,0,0,0,0,6,0,0,0,0,0,0,0,0,3,0,0,0,0,0,0,0,0,0,0,0,0,0,0,0,0,0,0,0,0,0,0,0,0,0,0,0,0,0,0,0,0,0,0,0,0,0,0,0,0,6,5,0,0,0,0,0,3,0,10
SAL21377,3,3,0,0,0,0,0,0,0,9,0,0,0,0,4,0,0,0,0,10,14,0,3,4,0,0,0,5,0,22,0,0,0,0,0,0,0,0,0,0,0,0,0,0,0,0,0,0,0,4,0,0,0,0,0,0,0,0,0,0,0,0,0,0,0,0,0,0,0,3,23,10,0,7,0,0,0,8,0,59
SAL21378,0,0,0,0,0,0,0,0,0,3,0,0,0,0,3,0,0,0,0,9,6,0,11,0,3,0,0,0,0,33,0,0,0,0,0,0,0,4,0,4,0,0,0,3,0,0,0,0,0,3,0,0,0,0,0,0,0,0,0,0,0,0,0,0,0,0,0,0,0,0,22,9,19,8,8,8,0,4,5,72
SAL21379,0,0,0,0,0,0,0,0,0,0,0,0,0,0,0,0,0,0,0,3,0,0,5,0,0,0,0,3,0,7,0,0,0,0,0,0,0,0,0,5,0,0,0,0,0,0,0,0,0,0,0,0,0,0,0,0,0,0,0,0,0,0,0,0,0,0,0,0,0,0,12,5,4,0,0,0,0,6,0,20
SAL21380,12,4,8,10,12,5,0,0,0,55,13,10,18,45,25,14,7,12,3,147,61,20,250,83,66,32,69,69,16,667,0,0,4,8,9,9,9,3,0,34,0,0,0,7,13,0,4,5,0,34,0,6,0,0,0,0,0,0,0,13,5,3,3,8,9,0,3,0,0,35,123,169,288,187,150,66,94,103,25,1208
SAL21381,0,0,0,0,0,0,0,0,0,0,0,0,0,0,0,0,0,0,0,0,0,0,0,0,0,0,0,0,0,3,0,0,0,0,0,0,0,0,0,0,0,0,0,0,0,0,0,0,0,0,0,0,0,0,0,0,0,0,0,0,0,0,0,0,0,0,0,0,0,0,3,0,0,0,0,0,0,0,0,8
SAL21382,0,0,0,0,0,0,0,0,0,0,0,0,0,0,0,0,0,0,0,0,4,0,0,0,0,0,0,0,0,4,0,0,0,0,0,0,0,0,0,0,0,0,0,0,0,0,0,0,0,0,0,0,0,0,0,0,0,0,0,0,0,0,0,0,0,0,0,0,0,0,3,0,0,0,0,0,0,0,0,8
SAL21383,0,0,0,0,0,0,0,0,0,0,0,0,0,0,0,0,0,0,0,0,0,0,0,0,0,0,0,0,0,4,0,0,0,0,0,0,0,0,0,0,0,0,0,0,0,0,0,0,0,0,0,0,0,0,0,0,0,0,0,0,0,0,0,0,0,0,0,0,0,0,0,0,0,0,0,0,0,0,0,7
SAL21384,5,4,0,0,0,0,0,0,0,16,3,4,0,5,3,0,0,0,0,20,10,7,38,19,12,13,17,14,0,131,0,0,0,0,0,0,0,3,0,5,0,0,0,0,0,0,0,0,0,6,0,0,0,0,0,0,0,0,0,0,0,0,0,4,0,0,0,0,5,13,29,45,43,36,22,13,18,19,5,232
SAL21385,0,0,0,0,0,0,0,0,0,6,0,0,0,0,3,0,0,0,0,8,16,0,14,3,8,0,7,4,0,46,5,0,0,0,0,0,0,0,0,8,0,0,0,0,0,0,0,0,0,3,0,0,0,0,0,0,0,0,0,0,0,0,0,0,0,0,0,0,0,0,30,14,12,8,12,0,7,8,0,84
SAL21386,5,3,0,0,0,0,0,0,0,8,5,0,4,5,0,0,0,0,0,16,6,0,23,0,4,0,7,3,0,50,0,0,0,0,0,0,0,0,0,6,0,0,0,0,0,0,0,0,0,0,0,0,0,0,0,0,0,0,0,0,0,0,0,0,0,0,0,0,0,0,29,38,27,13,8,13,13,3,0,145
SAL21387,0,0,0,0,0,0,0,0,0,0,3,0,0,0,0,0,0,0,0,4,0,0,0,0,0,0,0,0,0,7,0,0,0,0,0,0,0,0,0,0,0,0,0,0,0,0,0,0,0,0,0,0,0,0,0,0,0,0,0,0,0,0,0,0,0,0,0,0,0,0,5,0,0,3,0,0,0,0,0,10
SAL21388,5,0,0,0,0,0,0,0,0,5,0,5,5,3,4,0,0,0,0,18,8,0,19,3,4,4,6,3,0,55,0,0,0,0,0,0,0,0,0,5,0,0,0,5,0,0,0,0,0,4,0,0,0,0,0,0,0,0,0,0,0,0,0,0,0,0,0,0,0,0,19,22,21,13,14,3,5,7,0,108
SAL21389,0,0,3,0,0,0,0,0,0,5,0,0,0,0,0,0,0,0,0,4,0,0,0,0,0,0,0,0,0,8,0,0,0,0,0,0,0,0,0,0,0,0,0,0,0,0,0,0,0,0,0,0,0,0,0,0,0,0,0,0,0,0,0,0,0,0,0,0,0,0,8,9,3,3,3,0,0,0,0,26
SAL21390,0,0,0,0,0,0,0,0,0,0,0,0,0,0,0,0,0,0,0,0,0,0,0,0,0,0,0,0,0,3,0,0,0,0,0,0,0,0,0,0,0,0,0,0,0,0,0,0,0,0,0,0,0,0,0,0,0,0,0,0,0,0,0,0,0,0,0,0,0,0,4,3,0,0,0,0,0,0,0,9
SAL21391,0,0,0,0,0,0,0,0,0,0,0,0,0,0,0,0,0,0,0,0,0,0,0,0,0,0,0,0,0,0,0,0,0,0,0,0,0,0,0,0,0,0,0,0,0,0,0,0,0,0,0,0,0,0,0,0,0,0,0,0,0,0,0,0,0,0,0,0,0,0,0,0,0,0,0,0,0,0,0,0
SAL21392,4,0,0,0,0,0,0,0,0,4,0,0,0,0,0,0,0,0,0,4,11,0,9,0,0,0,0,5,0,17,0,0,0,0,0,0,0,0,0,0,0,0,0,0,0,0,0,0,0,4,0,0,0,0,0,0,0,0,0,0,0,0,0,0,0,0,0,0,0,0,20,6,7,10,0,0,0,0,0,39
SAL21393,3,9,0,0,3,0,0,0,0,17,6,6,0,3,8,0,0,0,0,18,0,0,4,4,0,5,3,0,0,23,0,0,0,0,0,0,0,0,0,0,0,0,0,0,0,5,0,0,0,4,0,0,0,0,0,0,0,0,0,4,0,0,0,0,0,0,0,0,0,0,86,173,15,25,30,30,3,4,8,368
SAL21394,0,0,0,0,0,0,0,0,0,3,0,0,0,0,0,0,0,0,0,0,0,0,5,0,0,0,0,3,0,7,0,0,0,0,0,0,0,0,0,0,0,0,0,0,0,0,0,0,0,0,0,0,0,0,0,0,0,0,0,0,0,0,0,0,0,0,0,0,0,0,7,3,6,0,3,0,0,3,0,22
SAL21395,0,0,0,0,0,0,0,0,0,0,3,0,0,0,0,0,0,0,0,3,0,0,3,5,3,0,3,0,0,12,0,0,0,0,0,0,0,0,0,0,0,0,0,0,0,0,0,0,0,0,0,0,0,0,0,0,0,0,0,0,0,0,0,0,0,0,0,0,0,0,7,10,3,0,0,4,3,0,0,31
SAL21396,5,11,4,7,9,0,0,4,4,42,6,8,5,29,10,3,0,3,0,62,38,15,105,47,26,25,31,44,0,340,6,0,3,0,4,0,3,3,0,21,0,0,3,0,3,0,0,0,0,15,0,0,0,0,0,0,0,0,0,0,0,6,0,7,0,0,4,9,5,31,88,172,139,125,72,38,43,62,10,745
SAL21397,0,0,0,0,0,0,0,0,0,0,0,0,0,0,0,0,0,0,0,0,3,0,0,0,0,0,0,4,0,6,0,0,0,0,0,0,0,0,0,0,0,0,0,0,0,0,0,0,0,0,0,0,0,0,0,0,0,0,0,0,0,0,0,0,0,0,0,0,0,0,3,0,0,0,0,0,0,3,0,11
SAL21398,0,0,0,0,0,0,0,0,0,0,0,0,0,0,0,0,0,0,4,6,0,0,0,0,0,0,0,0,0,5,0,0,0,0,0,0,0,0,0,0,0,0,0,0,0,0,0,0,0,0,0,0,0,0,0,0,0,0,0,0,0,0,0,0,0,0,0,0,0,0,0,0,0,0,0,0,0,0,4,17
SAL21399,22,19,3,11,12,10,3,3,4,82,22,22,9,56,25,16,0,7,4,144,71,19,208,78,39,32,75,69,10,598,0,0,4,4,6,10,6,5,0,35,0,4,4,7,7,3,0,7,0,31,0,0,0,0,0,0,0,0,0,4,9,0,6,3,5,5,4,3,0,41,164,250,252,205,106,77,89,115,21,1289
SAL21400,3,0,0,0,0,0,0,0,0,6,3,0,0,0,0,0,0,0,0,8,4,0,0,0,0,5,0,3,0,13,0,0,0,0,0,0,0,0,0,6,0,0,0,5,0,0,0,0,0,0,0,0,0,0,0,0,0,0,0,0,0,0,0,0,0,0,0,0,0,0,7,10,5,10,0,5,3,3,0,45
SAL21401,4,5,0,0,0,0,0,0,0,5,0,0,0,0,0,0,0,0,0,8,0,0,8,0,0,0,0,3,0,14,0,0,0,0,0,0,0,0,0,3,0,0,0,0,0,0,0,0,0,0,0,0,0,0,0,0,0,0,0,4,0,0,0,0,0,0,0,0,0,0,11,13,10,5,4,4,0,7,0,60
SAL21402,0,0,0,0,0,0,0,0,0,6,0,3,0,0,0,0,0,0,0,9,0,0,7,0,0,0,3,0,0,12,0,0,0,0,0,0,0,0,0,0,0,0,0,0,0,0,0,0,0,0,0,0,0,0,0,0,0,0,0,0,0,0,0,0,0,0,0,0,0,4,12,13,6,3,0,0,3,3,0,43
SAL21403,0,0,0,0,0,0,0,0,0,3,0,0,0,0,0,0,0,0,0,0,5,0,8,0,0,0,3,0,0,26,0,0,0,0,0,0,0,0,0,0,0,0,0,0,0,0,0,0,0,4,0,0,0,0,0,0,0,0,0,0,0,0,0,0,0,0,0,0,0,0,9,8,11,7,4,5,3,0,0,43
SAL21404,3,4,0,0,0,0,0,0,0,6,0,3,0,0,6,0,0,0,0,16,18,0,14,4,0,0,0,8,0,48,0,0,0,0,0,0,0,0,0,5,0,0,0,0,0,0,0,0,0,3,0,0,0,0,0,0,0,0,0,0,8,0,0,0,0,0,0,0,0,3,35,24,14,9,9,5,5,8,0,114
SAL21405,0,0,0,0,0,0,0,0,0,0,0,0,0,0,0,0,0,0,0,0,6,0,3,4,0,0,0,0,0,15,0,0,0,0,0,0,0,0,0,0,0,0,0,0,0,0,0,0,0,0,0,0,0,0,0,0,0,0,0,0,0,0,0,0,0,0,0,0,0,0,9,14,3,4,4,3,6,0,0,38
SAL21406,0,0,0,0,0,0,0,0,0,0,0,0,0,0,0,0,0,0,0,0,0,0,0,0,0,0,0,0,0,6,0,0,0,0,0,0,0,0,0,0,0,0,0,0,0,0,0,0,0,0,0,0,0,0,0,0,0,0,0,0,0,0,0,0,0,0,0,0,0,0,0,0,0,0,0,0,0,0,0,6
SAL21407,0,0,0,0,0,0,0,0,0,0,0,0,0,0,0,0,0,0,0,0,3,0,0,0,0,0,0,0,0,7,0,0,0,0,0,0,0,0,0,0,0,0,0,0,0,0,0,0,0,0,0,0,0,0,0,0,0,0,0,0,0,0,0,0,0,0,0,0,0,0,4,3,0,0,0,0,0,0,0,12
SAL21408,0,0,0,0,0,0,0,0,0,0,0,0,0,0,0,0,0,0,0,0,4,0,0,0,0,0,0,0,0,4,0,0,0,0,0,0,0,0,0,0,0,0,0,0,0,0,0,0,0,0,0,0,0,0,0,0,0,0,0,0,0,0,0,0,0,0,0,0,0,0,0,0,0,0,0,0,0,0,0,0
SAL21409,0,0,0,0,0,0,0,0,0,0,0,0,0,0,0,0,0,0,0,0,0,0,0,0,0,0,0,0,0,0,0,0,0,0,0,0,0,0,0,0,0,0,0,0,0,0,0,0,0,0,0,0,0,0,0,0,0,0,0,0,0,0,0,0,0,0,0,0,0,0,0,0,0,0,0,0,0,0,0,0
SAL21410,0,0,0,0,0,0,0,0,0,0,0,0,0,0,0,0,0,0,0,0,3,0,0,0,0,0,0,0,0,8,0,0,0,0,0,0,0,0,0,0,0,0,0,0,0,0,0,0,0,0,0,0,0,0,0,0,0,0,0,0,0,0,0,0,0,0,0,0,0,0,3,5,0,0,0,0,0,0,0,17
SAL21411,31,28,22,28,36,8,10,9,4,172,42,46,38,103,61,23,26,12,3,359,79,64,440,197,147,72,177,135,27,1339,3,0,5,10,14,10,7,10,0,58,9,8,13,19,20,10,9,9,0,89,6,3,5,4,6,3,0,0,0,26,10,3,7,14,12,9,8,13,17,90,267,471,557,482,392,173,289,212,64,2908
SAL21412,20,37,12,20,16,5,0,10,3,125,37,32,14,70,34,13,7,18,0,224,102,30,331,124,67,50,78,134,4,917,3,0,5,0,6,8,4,14,0,49,6,3,4,14,7,7,3,6,0,52,0,5,0,0,0,0,0,3,0,13,9,7,6,8,10,9,3,20,16,89,244,446,390,283,171,97,107,224,35,1998
SAL21413,0,0,0,0,0,0,0,0,0,0,0,0,0,0,0,0,0,0,0,0,0,0,0,0,0,0,0,0,0,5,0,0,0,0,0,0,0,0,0,3,0,0,0,0,0,0,0,0,0,5,0,0,0,0,0,0,0,0,0,0,0,0,0,0,0,0,0,0,0,0,0,6,0,3,0,0,0,6,0,14
SAL21414,32,30,17,29,19,13,3,7,0,157,49,28,22,49,30,15,5,21,4,225,85,35,236,93,59,34,34,63,6,646,3,0,3,5,4,7,3,8,0,48,6,3,11,8,6,10,3,5,4,56,3,3,0,0,0,0,0,6,0,21,8,5,3,7,5,6,0,16,8,56,454,742,334,276,219,113,64,162,41,2404
SAL21415,6,0,0,0,0,0,0,0,0,10,0,0,0,0,0,0,0,0,0,0,0,0,6,0,0,0,0,0,0,7,0,0,0,0,0,0,0,0,0,0,0,0,0,0,0,0,0,0,0,0,0,0,0,0,0,0,0,0,0,0,0,0,0,0,0,0,0,0,0,0,9,11,6,6,8,0,0,0,0,43
SAL21416,3,0,0,0,0,0,0,0,0,8,0,0,0,4,4,0,0,0,0,9,10,0,17,3,3,5,6,6,0,45,0,0,0,0,0,0,0,0,0,3,0,0,0,0,0,0,0,0,0,5,5,0,0,0,0,0,0,0,0,7,0,0,0,0,0,0,0,4,0,4,20,21,20,8,11,0,3,12,0,107
SAL21417,0,0,0,0,0,0,0,0,0,0,0,0,0,0,0,0,0,0,0,4,7,0,4,4,0,0,0,0,0,21,0,0,0,0,0,0,0,0,0,0,0,0,0,0,0,0,0,0,0,0,0,0,0,0,0,0,0,0,0,0,0,0,0,0,0,0,0,0,0,3,13,3,4,9,3,0,5,5,0,38
SAL21418,6,0,0,0,0,0,0,0,0,0,0,0,0,0,0,0,0,0,0,6,8,0,0,0,0,0,0,5,0,20,0,0,0,0,0,0,0,0,0,0,0,0,0,4,0,0,0,0,0,4,0,0,0,0,0,0,0,0,0,0,0,0,0,0,0,0,0,0,0,0,18,7,8,8,0,0,0,4,0,43
SAL21419,0,7,0,0,0,0,0,3,0,9,0,3,0,0,0,0,0,0,0,10,9,0,9,3,3,0,3,10,0,49,0,0,0,5,0,0,0,0,0,8,0,0,0,0,0,0,0,0,0,0,0,0,0,0,0,0,0,0,0,5,0,0,0,0,0,0,0,3,0,3,27,26,13,13,10,0,3,13,0,111
SAL21420,3,0,0,0,0,0,0,0,0,3,3,3,0,0,4,0,0,0,0,7,8,0,12,4,4,0,6,5,0,36,0,0,0,0,0,0,0,0,0,8,0,0,0,0,0,0,0,0,0,0,0,0,0,0,0,0,0,0,0,0,0,0,0,0,0,0,0,6,0,0,19,25,12,6,9,0,6,5,4,94
SAL21421,4,0,0,0,0,0,0,0,0,4,4,0,4,0,0,0,0,0,0,8,0,0,6,0,0,0,3,8,0,19,0,0,0,0,0,0,0,0,0,0,0,0,0,0,0,0,0,0,0,0,0,0,0,0,0,0,0,0,0,0,0,0,0,0,0,0,0,0,0,0,10,9,9,5,4,0,3,3,0,44
SAL21422,0,0,0,0,0,0,0,0,0,0,0,0,0,0,0,0,0,0,0,0,0,0,0,0,0,0,0,0,0,0,0,0,0,0,0,0,0,0,0,0,0,0,0,0,0,0,0,0,0,0,0,0,0,0,0,0,0,0,0,0,0,0,0,0,0,0,0,0,0,0,0,0,0,0,0,0,0,0,0,0
SAL21423,0,0,0,0,0,0,0,0,0,0,0,0,0,0,0,0,0,0,0,0,0,0,0,0,0,0,0,0,0,0,0,0,0,0,0,0,0,0,0,0,0,0,0,0,0,0,0,0,0,0,0,0,0,0,0,0,0,0,0,0,0,0,0,0,0,0,0,0,0,0,0,0,0,0,0,0,0,0,0,0
SAL21424,0,0,0,0,0,0,0,0,0,0,0,0,0,0,0,0,0,0,0,0,0,0,0,0,0,0,0,0,0,3,0,0,0,0,0,0,0,0,0,0,0,0,0,0,0,0,0,0,0,0,0,0,0,0,0,0,0,0,0,0,0,0,0,0,0,0,0,0,0,0,3,0,0,0,0,0,0,0,0,5
SAL21425,0,0,0,0,0,0,0,0,0,6,0,0,0,0,0,0,0,0,0,0,10,0,0,0,0,0,0,0,0,10,0,0,0,0,0,0,0,0,0,0,0,0,0,0,0,0,0,0,0,0,0,0,0,0,0,0,0,0,0,0,0,0,0,0,0,0,0,0,0,0,8,0,0,4,0,0,0,0,0,17
SAL21426,3,0,0,0,0,0,0,0,0,7,0,0,0,0,0,0,0,0,0,5,4,0,5,0,0,0,0,5,0,19,0,0,0,0,0,0,0,0,0,0,0,0,0,0,0,0,0,0,0,3,0,0,0,0,0,0,0,0,0,0,4,0,0,0,0,0,0,0,0,3,21,13,3,3,8,3,0,7,0,57
SAL21427,3,8,0,3,4,0,0,0,0,23,7,0,0,10,0,0,0,0,0,29,19,9,45,19,17,10,6,15,4,150,0,0,0,0,0,0,0,4,0,10,3,0,0,0,0,0,0,0,0,7,0,0,0,0,0,0,0,0,0,0,0,4,0,4,0,0,0,3,3,12,52,61,49,53,28,15,12,25,3,296
SAL21428,14,0,0,0,0,0,0,0,0,13,5,0,0,3,0,0,0,0,0,7,8,4,13,0,3,0,0,7,0,39,0,0,0,0,0,0,0,0,0,0,0,0,0,0,0,0,0,0,0,5,0,0,0,0,0,0,0,0,0,0,0,0,0,0,4,0,4,4,0,12,46,16,15,5,8,6,6,8,0,105
SAL21429,0,0,0,0,0,0,0,0,0,4,0,7,0,3,3,0,0,0,0,15,9,0,16,8,3,0,4,8,0,42,0,0,0,0,0,0,0,0,0,3,0,0,0,0,0,0,0,0,0,4,0,0,0,0,0,0,0,0,0,0,0,0,0,0,0,0,3,0,0,5,13,33,16,19,14,0,7,5,0,107
SAL21430,0,0,0,0,0,0,0,0,0,0,0,0,0,4,0,0,0,0,0,5,3,0,5,0,0,0,0,3,0,16,0,0,0,0,0,0,0,0,0,0,0,0,0,0,0,0,0,0,0,3,0,0,0,0,0,0,0,0,0,0,0,0,0,0,0,0,6,0,0,6,9,8,7,6,0,3,8,4,0,42
SAL21431,0,0,0,0,0,0,0,0,0,0,0,0,0,0,0,0,0,0,0,0,0,0,0,0,0,0,0,0,0,0,0,0,0,0,0,0,0,0,0,0,0,0,0,0,0,0,0,0,0,0,0,0,0,0,0,0,0,0,0,0,0,0,0,0,0,0,0,0,0,0,0,0,0,0,0,0,0,0,0,0
SAL21432,0,0,0,0,0,0,0,0,0,0,0,0,0,0,0,0,0,0,0,0,0,0,0,0,0,0,0,0,0,0,0,0,0,0,0,0,0,0,0,0,0,0,0,0,0,0,0,0,0,0,0,0,0,0,0,0,0,0,0,0,0,0,0,0,0,0,0,0,0,0,0,0,0,0,0,0,0,0,0,3
SAL21433,0,0,0,0,0,0,0,0,0,0,0,0,0,0,0,0,0,0,0,0,0,0,0,0,0,0,0,0,0,0,0,0,0,0,0,0,0,0,0,0,0,0,0,0,0,0,0,0,0,0,0,0,0,0,0,0,0,0,0,0,0,0,0,0,0,0,0,0,0,0,0,0,0,0,0,0,0,0,0,0
SAL21434,0,0,0,0,0,0,0,0,0,0,0,0,0,0,0,0,0,0,0,0,0,0,0,0,0,0,0,0,0,0,0,0,0,0,0,0,0,0,0,0,0,0,0,0,0,0,0,0,0,0,0,0,0,0,0,0,0,0,0,0,0,0,0,0,0,0,0,0,0,0,4,0,0,0,0,0,0,0,0,3
SAL21435,3,10,0,3,11,4,4,0,0,35,6,5,7,9,12,3,5,4,0,57,18,4,28,19,23,10,7,10,0,126,0,0,0,0,4,0,0,0,0,3,6,0,0,0,0,3,4,0,0,15,0,0,0,5,0,0,0,0,0,3,4,4,3,0,3,3,0,0,0,18,103,229,57,63,77,27,18,19,3,595
SAL21436,0,0,0,0,0,0,0,0,0,0,0,0,0,0,0,0,0,0,0,0,0,0,0,0,0,0,0,0,0,0,0,0,0,0,0,0,0,0,0,0,0,0,0,0,0,0,0,0,0,0,0,0,0,0,0,0,0,0,0,0,0,0,0,0,0,0,0,0,0,0,3,0,0,0,0,0,0,0,0,3
SAL21437,0,0,0,0,0,0,0,0,0,0,0,0,0,0,0,0,0,0,0,0,0,0,4,0,0,0,3,0,0,11,0,0,0,0,0,0,0,0,0,4,0,0,0,0,0,0,0,0,0,0,0,0,0,0,0,0,0,0,0,0,0,0,0,0,0,0,0,0,0,0,0,0,4,4,0,0,3,0,0,20
SAL21438,4,0,0,0,0,0,0,0,0,0,0,0,0,0,0,0,0,0,0,0,0,0,0,0,0,0,0,0,0,0,0,0,0,0,0,0,0,0,0,0,0,0,0,0,0,0,0,0,0,0,0,0,0,0,0,0,0,0,0,0,4,0,0,0,0,0,0,0,0,5,10,0,0,0,0,0,0,0,0,14
SAL21439,0,0,0,0,0,0,0,0,0,0,0,0,0,0,0,0,0,0,0,0,0,0,0,0,0,0,0,0,0,8,0,0,0,0,0,0,0,0,0,0,0,0,0,0,0,0,0,0,0,0,0,0,0,0,0,0,0,0,0,0,0,0,0,0,0,0,0,0,0,0,0,4,0,0,0,0,0,0,0,9
SAL21440,0,0,0,0,0,0,0,0,0,0,0,0,0,0,0,0,0,0,0,0,0,0,0,0,0,0,0,0,0,0,0,0,0,0,0,0,0,0,0,0,0,0,0,0,0,0,0,0,0,0,0,0,0,0,0,0,0,0,0,0,0,0,0,0,0,0,0,0,0,0,6,0,0,0,0,0,0,0,0,7
SAL21441,0,0,0,0,0,0,0,0,0,3,0,0,0,0,0,0,0,0,0,0,0,0,0,0,0,0,0,4,4,8,0,0,0,0,0,0,0,0,0,0,0,0,0,0,0,0,0,0,0,3,0,0,0,0,0,0,0,0,0,0,4,0,0,0,0,0,0,7,0,7,10,0,0,0,0,0,0,8,4,25
SAL21442,0,0,0,0,0,0,0,0,0,0,0,0,0,0,0,0,0,0,0,0,3,0,8,0,0,0,0,0,0,7,0,0,0,0,0,0,0,0,0,0,0,0,0,0,0,0,0,0,0,0,0,0,0,0,0,0,0,0,0,0,0,0,0,0,0,0,0,0,0,0,9,3,8,0,0,0,0,0,0,20
SAL21443,0,0,0,0,0,0,0,0,0,0,0,0,0,0,0,0,0,0,0,0,0,0,0,0,0,0,0,0,0,0,0,0,0,0,0,0,0,0,0,0,0,0,0,0,0,0,0,0,0,0,0,0,0,0,0,0,0,0,0,0,0,0,0,0,0,0,0,0,0,0,0,0,0,0,0,0,0,0,0,5
SAL21444,0,4,0,9,4,0,0,0,0,13,4,0,5,13,0,0,0,0,0,27,5,8,41,12,10,6,10,6,4,99,0,0,0,0,0,0,0,0,0,8,0,0,0,3,0,0,0,0,0,10,0,0,0,0,0,0,0,0,0,0,0,0,0,0,0,0,0,0,0,6,34,54,52,35,16,14,9,15,3,231
SAL21445,0,0,0,0,0,0,0,0,0,0,0,0,0,0,0,0,0,0,0,0,0,0,0,0,0,0,0,0,0,0,0,0,0,0,0,0,0,0,0,0,0,0,0,0,0,0,0,0,0,0,0,0,0,0,0,0,0,0,0,0,0,0,0,0,0,0,0,0,0,0,0,0,0,0,0,0,0,0,0,0
SAL21446,0,0,0,0,0,0,0,0,0,0,0,0,0,0,0,0,0,0,0,0,0,0,0,0,0,0,0,0,0,0,0,0,0,0,0,0,0,0,0,0,0,0,0,0,0,0,0,0,0,0,0,0,0,0,0,0,0,0,0,0,0,0,0,0,0,0,0,0,0,0,0,0,0,0,0,0,0,0,0,0
SAL21447,13,22,6,7,5,7,0,0,3,66,10,19,6,10,11,6,3,0,0,63,41,5,47,17,18,8,4,10,3,155,4,0,0,7,5,0,0,0,0,17,0,3,0,5,4,0,0,0,0,16,0,0,0,0,0,0,0,0,0,3,4,10,5,4,3,3,0,0,0,26,211,452,81,73,102,51,11,26,14,1013
SAL21448,0,0,0,0,0,0,0,0,0,0,0,0,0,0,0,0,0,0,0,0,0,0,0,0,0,0,0,0,0,0,0,0,0,0,0,0,0,0,0,0,0,0,0,0,0,0,0,0,0,0,0,0,0,0,0,0,0,0,0,0,0,0,0,0,0,0,0,0,0,0,0,0,0,0,0,0,0,0,0,3
SAL21449,8,12,0,9,5,0,6,0,0,46,18,17,3,36,11,3,3,5,0,111,53,21,113,87,51,21,26,47,9,425,3,4,0,9,5,9,0,6,4,32,8,3,6,8,4,5,4,15,0,39,0,0,0,0,0,0,0,0,0,5,10,0,3,9,6,11,0,12,7,54,147,208,136,189,87,58,39,97,27,994
SAL21450,0,7,0,5,0,0,0,0,0,12,0,5,0,4,3,0,0,0,0,17,9,0,28,14,5,0,8,10,6,87,0,0,0,0,0,0,0,0,0,4,0,0,0,0,4,0,0,0,0,3,0,0,0,0,0,0,0,0,0,0,0,0,0,0,0,0,0,0,0,0,32,59,31,26,14,6,6,22,5,202
SAL21451,0,0,0,0,0,0,0,0,0,0,0,0,0,0,0,0,0,0,0,0,11,0,4,3,0,0,3,0,0,21,0,0,0,0,0,0,0,0,0,0,0,0,0,0,0,0,0,0,0,0,0,0,0,0,0,0,0,0,0,0,0,0,0,0,0,0,0,0,0,4,6,0,4,3,0,0,3,0,0,21
SAL21452,41,47,36,37,62,25,29,45,6,324,61,61,105,190,125,59,54,69,9,744,89,49,503,225,138,75,143,158,20,1401,3,0,11,23,19,5,13,14,0,84,14,10,17,30,31,26,19,29,0,172,8,12,14,8,9,4,13,7,3,66,8,13,24,23,21,18,28,32,37,195,505,1360,897,815,736,358,413,536,122,5738
SAL21453,0,0,0,0,0,0,0,0,0,0,0,0,0,0,0,0,0,0,0,0,0,0,0,0,0,0,0,0,0,3,0,0,0,0,0,0,0,0,0,0,0,0,0,0,0,0,0,0,0,0,0,0,0,0,0,0,0,0,0,0,0,0,0,0,0,0,0,0,0,3,0,4,0,0,3,0,0,0,0,12
SAL21454,0,7,0,0,0,0,0,0,0,3,0,4,0,5,0,0,0,0,0,19,15,0,14,3,5,0,14,8,0,50,0,0,0,0,0,0,0,0,0,0,0,0,0,0,0,0,0,0,0,3,0,0,0,0,0,0,0,0,0,0,0,0,0,0,0,0,0,0,0,7,24,23,15,15,14,4,14,6,0,116
SAL21455,0,0,0,0,0,0,0,0,0,0,0,0,0,0,3,0,0,0,0,0,6,0,7,3,4,0,0,0,0,18,0,0,0,0,0,0,0,0,0,0,0,0,0,0,0,0,0,0,0,0,0,0,0,0,0,0,0,0,0,0,0,0,0,0,0,0,0,0,0,0,10,15,9,5,9,0,0,3,0,46
SAL21456,13,21,4,12,9,4,0,8,0,67,15,19,7,21,25,0,4,7,3,105,37,15,145,51,27,19,27,34,10,364,0,0,0,3,0,5,0,0,0,8,0,0,5,3,3,0,0,4,0,20,0,0,0,0,3,0,0,0,0,5,3,0,3,3,0,4,0,3,3,25,131,238,177,119,99,37,39,58,22,930
SAL21457,0,0,0,0,0,0,0,0,0,3,0,0,0,0,0,0,0,0,0,3,10,0,3,10,0,0,0,0,0,22,0,0,0,0,0,0,0,0,0,0,0,0,0,0,0,0,0,0,0,0,0,0,0,0,0,0,0,0,0,0,0,0,0,0,0,0,0,0,0,0,10,12,4,16,3,0,3,0,0,47
SAL21458,0,0,0,0,0,0,0,0,0,0,0,0,0,0,0,0,0,0,0,0,0,0,4,0,0,0,0,0,0,8,0,0,0,0,0,0,0,0,0,0,0,0,0,0,0,0,0,0,0,0,0,0,0,0,0,0,0,0,0,0,0,0,0,0,0,0,0,0,0,0,5,0,4,3,0,0,0,0,0,12
SAL21459,3,3,0,4,11,0,0,4,0,29,14,16,19,40,18,7,3,3,0,120,50,12,182,34,38,10,56,45,7,439,3,0,0,0,8,9,0,5,0,22,0,0,4,6,3,0,5,8,0,25,0,0,0,3,0,0,0,0,0,6,0,6,7,5,0,6,0,0,0,21,83,113,221,103,87,36,74,68,20,807
SAL21460,0,0,0,0,0,0,0,0,0,3,0,0,0,0,0,0,0,0,0,3,7,0,0,0,0,0,0,0,0,14,0,0,0,0,0,0,0,0,0,0,0,0,0,0,0,0,0,0,0,0,0,0,0,0,0,0,0,0,0,0,0,0,0,0,0,0,0,0,0,0,8,12,3,0,4,0,0,0,0,32
SAL21461,0,0,0,0,0,0,0,0,0,0,0,0,0,0,0,0,0,0,0,0,0,0,0,0,0,0,0,0,0,0,0,0,0,0,0,0,0,0,0,0,0,0,0,0,0,0,0,0,0,0,0,0,0,0,0,0,0,0,0,0,0,0,0,0,0,0,0,0,0,0,0,0,0,0,0,4,0,0,0,9
SAL21462,0,0,0,0,0,0,0,0,0,0,0,0,0,0,0,0,0,0,0,0,0,0,0,0,0,0,0,0,0,0,0,0,0,0,0,0,0,0,0,0,0,0,0,0,0,0,0,0,0,0,0,0,0,0,0,0,0,0,0,0,0,0,0,0,0,0,0,0,0,6,4,0,0,0,0,0,0,0,0,3
SAL21463,0,0,0,0,0,0,0,0,0,0,0,0,0,0,0,0,0,0,0,0,5,0,0,0,0,0,0,0,0,5,0,0,0,0,0,0,0,0,0,0,0,0,0,0,0,0,0,0,0,0,0,0,0,0,0,0,0,0,0,0,0,0,0,0,0,0,0,0,0,0,4,4,0,0,0,0,0,0,0,10
SAL21464,0,0,0,0,0,0,0,0,0,0,5,0,0,0,0,0,0,0,0,5,0,0,0,0,0,0,0,6,0,17,0,0,0,0,0,0,0,0,0,0,0,0,0,0,0,0,0,0,0,0,0,0,0,0,0,0,0,0,0,0,0,0,0,0,0,0,0,0,0,3,9,0,0,0,0,0,0,6,0,25
SAL21465,0,0,0,0,0,0,0,0,0,0,0,0,0,0,0,0,0,0,0,0,0,0,0,0,0,0,0,0,0,8,0,0,0,0,0,0,0,0,0,0,0,0,0,0,0,0,0,0,0,0,0,0,0,0,0,0,0,0,0,0,0,0,0,0,0,0,0,0,0,0,6,8,0,4,0,0,0,0,0,21
SAL21466,0,0,0,0,0,0,0,0,0,0,0,0,0,0,0,0,0,0,0,0,0,0,7,3,3,0,0,0,0,15,0,0,0,0,0,0,0,0,0,0,0,0,0,0,0,0,0,0,0,0,0,0,0,0,0,0,0,0,0,0,0,0,0,0,0,0,0,0,0,0,3,0,7,3,3,0,0,0,0,18
SAL21467,76,115,50,101,89,22,24,24,7,511,172,148,143,296,213,70,26,52,20,1142,337,139,1514,411,389,211,228,282,63,3581,11,10,17,25,59,33,16,23,0,186,21,17,29,41,46,19,15,22,0,220,3,8,3,6,12,3,0,5,0,47,8,23,15,33,46,18,8,14,11,186,1007,1975,1866,1131,1103,498,341,465,121,8512
SAL21468,4,7,4,4,13,3,0,0,0,41,7,9,9,8,11,8,0,0,0,50,22,4,101,9,26,7,8,19,0,207,3,0,0,0,0,0,0,0,0,6,5,0,0,0,0,0,0,0,0,8,0,0,0,0,0,0,0,0,0,0,4,3,0,0,4,3,0,0,0,15,72,109,130,46,75,21,10,26,7,493
SAL21469,48,71,48,78,60,14,22,19,3,369,96,119,90,222,133,59,34,25,5,791,185,99,854,374,259,122,221,208,42,2367,8,3,11,16,22,10,11,10,0,93,15,16,12,27,29,10,15,11,0,131,6,4,3,8,4,5,3,5,0,32,15,19,14,18,23,10,13,9,22,144,668,1515,1129,951,736,305,384,339,92,6122
SAL21470,4,4,0,0,0,0,0,0,0,5,0,0,0,0,0,0,0,0,0,4,0,0,5,0,0,0,0,3,0,12,0,0,0,0,0,0,0,0,0,0,0,0,0,0,0,0,0,0,0,4,0,0,0,0,0,0,0,0,0,0,0,3,0,0,0,0,0,0,0,3,9,14,4,3,0,0,0,3,0,34
SAL21471,5,0,0,0,0,0,0,0,0,17,0,0,0,0,0,0,0,0,0,3,8,0,8,0,0,0,0,0,0,17,0,0,0,0,0,0,0,0,0,0,0,0,0,0,0,0,0,0,0,0,0,0,0,0,0,0,0,0,0,0,0,0,0,3,0,0,5,0,0,5,24,12,7,7,6,0,7,0,0,59
SAL21472,5,0,0,0,0,0,0,0,0,8,0,0,0,0,0,0,0,0,0,0,9,0,0,0,0,0,0,0,0,15,0,0,0,0,0,0,0,0,0,0,0,0,0,0,0,0,0,0,0,0,0,0,0,0,0,0,0,0,0,0,0,0,0,0,0,0,0,0,0,0,7,3,0,3,0,0,0,0,0,22
SAL21473,9,8,9,8,4,4,0,0,0,39,17,11,11,42,20,3,0,8,0,119,44,7,197,52,16,14,23,32,3,389,3,5,0,3,6,4,0,4,0,25,3,0,3,8,4,4,3,6,0,24,0,0,0,0,0,0,0,0,0,7,3,5,4,7,0,0,4,4,4,28,102,154,240,145,76,29,39,58,9,847
SAL21474,4,0,0,0,0,0,0,0,0,3,0,3,5,0,0,0,0,0,0,11,4,0,12,0,0,0,0,0,0,24,0,0,0,0,0,0,0,0,0,4,0,0,0,0,0,0,0,0,0,0,0,0,0,0,0,0,0,0,0,0,0,0,0,0,0,0,0,0,0,0,25,33,22,5,5,0,0,8,0,104
SAL21475,0,0,0,0,0,0,0,0,0,0,4,0,5,0,0,0,0,0,0,3,0,0,0,3,0,0,0,0,0,10,0,0,0,0,0,0,0,0,0,0,0,0,0,0,0,0,0,0,0,0,0,0,0,0,0,0,0,0,0,0,0,0,0,0,0,0,0,0,0,0,14,13,4,4,0,5,6,0,0,43
SAL21476,12,6,19,9,4,6,9,12,0,90,15,18,51,55,19,11,24,23,0,217,28,19,117,54,41,11,45,55,12,388,0,0,4,5,3,0,5,0,0,18,5,0,5,8,3,3,4,5,0,33,0,4,4,0,0,3,5,8,0,18,4,0,7,0,0,0,0,5,3,28,145,309,280,221,167,81,174,211,35,1622
SAL21477,0,0,0,0,0,0,0,0,0,0,0,0,0,0,0,0,0,0,0,0,0,0,4,0,0,0,0,3,0,13,0,0,0,0,0,0,0,0,0,0,0,0,0,0,0,0,0,0,0,0,0,0,0,0,0,0,0,0,0,0,0,0,0,0,0,0,0,0,0,5,0,0,4,0,0,0,3,8,0,19
SAL21478,0,0,0,0,0,0,0,0,0,0,0,0,0,0,0,0,0,0,0,0,0,0,0,0,0,0,0,0,0,6,0,0,0,0,0,0,0,0,0,0,0,0,0,0,0,0,0,0,0,0,0,0,0,0,0,0,0,0,0,0,0,0,0,0,0,0,0,0,0,0,7,0,0,0,0,0,0,0,0,7
SAL21479,0,0,0,0,0,0,0,0,0,0,0,0,0,0,0,0,0,0,0,0,0,0,0,0,0,0,0,0,0,0,0,0,0,0,0,0,0,0,0,0,0,0,0,0,0,0,0,0,0,0,0,0,0,0,0,0,0,0,0,0,0,0,0,0,0,0,0,0,0,3,6,4,0,0,0,0,0,0,0,9
SAL21480,0,0,0,0,0,0,0,0,0,0,0,0,0,0,0,0,0,0,0,0,0,0,0,0,0,0,0,0,0,0,0,0,0,0,0,0,0,0,0,0,0,0,0,0,0,0,0,0,0,0,0,0,0,0,0,0,0,0,0,0,0,0,0,0,0,0,0,0,0,0,0,0,0,0,0,0,0,0,0,0
SAL21481,0,0,0,0,0,0,0,0,0,0,0,0,0,0,0,0,0,0,0,0,3,0,0,0,0,0,0,0,0,3,0,0,0,0,0,0,0,0,0,0,0,0,0,0,0,0,0,0,0,0,0,0,0,0,0,0,0,0,0,0,0,0,0,0,0,0,0,0,0,0,3,3,0,0,0,0,0,0,0,5
SAL21482,0,4,0,0,0,0,0,0,0,8,4,3,5,0,0,0,0,0,0,14,18,3,20,6,0,5,4,11,0,63,0,0,0,0,0,0,0,0,0,0,0,0,0,0,0,0,0,0,0,0,0,0,0,0,0,0,0,0,0,0,0,0,0,0,0,0,0,0,0,4,36,41,28,7,11,5,4,11,0,142
SAL21483,0,0,0,0,0,0,0,0,0,3,0,0,0,0,0,0,0,0,0,0,3,0,0,0,0,0,0,0,0,3,0,0,0,0,0,0,0,0,0,0,0,0,0,0,0,0,0,0,0,0,0,0,0,0,0,0,0,0,0,0,0,0,0,0,0,0,0,0,0,0,7,0,0,0,0,0,0,0,0,12
SAL21484,0,0,0,0,0,0,0,0,0,0,0,0,0,0,0,0,0,0,0,5,4,0,6,0,3,6,5,4,0,25,0,0,0,0,0,0,0,0,0,0,0,0,0,0,0,0,0,0,0,0,0,0,0,0,0,0,0,0,0,0,0,0,0,0,0,0,0,0,0,4,6,9,6,8,6,0,5,3,0,49
SAL21485,0,0,0,0,0,0,0,0,0,6,0,0,0,0,0,0,0,0,0,0,3,0,3,0,0,0,0,0,0,9,0,0,0,0,0,0,0,0,0,0,0,0,0,0,0,0,0,0,0,0,0,0,0,0,0,0,0,0,0,0,0,0,0,0,0,0,0,0,0,4,7,0,3,0,4,0,0,0,0,20
SAL21486,0,0,0,0,0,0,0,0,0,0,4,0,0,3,0,0,4,0,0,14,22,0,22,4,5,4,4,4,0,62,0,0,0,0,0,0,0,0,0,0,0,0,0,0,0,0,0,0,0,0,0,0,0,0,0,0,0,0,0,0,0,0,0,4,0,0,0,3,0,6,40,16,22,12,9,4,9,12,0,121
SAL21487,0,0,0,0,0,0,0,0,0,3,5,0,0,0,0,0,0,0,0,8,5,0,12,7,0,0,0,0,0,27,0,0,0,0,0,0,0,0,0,0,0,0,0,0,0,0,0,0,0,3,0,0,0,0,0,0,0,0,0,0,0,0,0,0,0,0,0,0,0,0,15,11,11,7,6,3,3,5,0,69
SAL21488,7,4,5,0,7,0,0,3,0,24,9,10,4,19,16,0,0,0,0,65,25,15,85,27,22,14,18,14,0,210,0,0,0,0,0,0,0,4,0,6,0,0,0,5,0,4,0,0,0,8,0,0,0,0,0,0,0,0,0,3,0,0,3,0,0,0,0,0,0,10,76,163,95,69,61,22,19,20,4,538
SAL21489,0,0,0,0,0,0,0,0,0,0,0,0,0,0,0,0,0,0,0,3,0,0,0,0,0,0,0,0,0,0,0,0,0,0,0,0,0,0,0,0,0,0,0,0,0,0,0,0,0,0,0,0,0,0,0,0,0,0,0,0,0,0,0,0,0,0,0,0,0,0,4,0,4,0,4,0,0,0,0,13
SAL21490,11,28,9,18,10,4,3,3,0,82,21,32,16,51,27,10,0,14,3,167,66,19,264,88,63,47,56,66,11,677,6,5,8,3,9,6,0,6,0,47,0,0,5,8,4,0,6,6,0,27,0,3,0,0,6,0,0,0,0,9,5,0,7,4,7,6,6,4,0,46,157,410,317,234,165,83,73,115,24,1572
SAL21491,4,0,0,0,0,0,0,0,0,4,0,0,0,0,0,0,0,0,0,4,4,0,12,0,4,3,0,0,0,17,0,0,0,0,0,0,0,0,0,0,0,0,0,0,0,0,0,0,0,0,0,0,0,0,0,0,0,0,0,0,0,0,0,0,0,0,0,0,0,0,11,11,10,4,6,0,0,0,0,51
SAL21492,5,6,0,0,0,0,0,0,0,9,7,6,5,4,9,0,0,0,0,21,27,0,18,5,3,5,10,8,0,89,0,0,0,0,0,0,0,0,0,0,0,0,0,0,3,0,0,0,0,10,0,0,0,0,0,0,0,0,0,0,4,0,3,0,0,0,0,0,0,4,57,36,29,12,19,8,12,12,3,208
SAL21493,50,73,20,54,40,17,11,14,4,273,71,76,57,159,105,27,16,32,5,547,157,67,681,294,190,128,136,168,23,1845,10,5,6,17,22,12,7,14,0,103,8,8,9,20,20,12,9,8,0,96,0,6,4,3,5,0,0,5,0,23,8,14,9,12,18,6,7,8,21,100,501,1102,847,708,517,243,201,283,69,4473
SAL21494,0,0,0,0,0,0,0,0,0,0,0,0,0,0,0,0,0,0,0,0,0,0,0,0,0,0,0,0,0,0,0,0,0,0,0,0,0,0,0,0,0,0,0,0,0,0,0,0,0,0,0,0,0,0,0,0,0,0,0,0,0,0,0,0,0,0,0,0,0,0,0,0,0,0,0,0,0,0,0,0
SAL21495,0,0,0,0,0,0,0,0,0,0,0,0,0,0,0,0,0,0,0,0,6,0,0,0,0,0,0,3,0,13,0,0,0,0,0,0,0,0,0,0,0,0,0,0,0,0,0,0,0,0,0,0,0,0,0,0,0,0,0,0,0,0,0,0,0,0,0,0,0,0,7,7,0,0,0,0,0,3,0,28
SAL21496,8,3,0,5,7,3,0,0,0,26,7,0,11,16,12,3,0,0,0,53,18,9,82,25,15,8,23,28,0,208,0,0,0,0,0,0,0,0,0,0,0,0,0,0,0,0,0,0,0,8,0,0,0,0,0,0,0,0,0,4,0,0,0,0,0,0,6,4,4,18,57,70,101,59,41,16,29,36,5,417
SAL21497,0,0,0,0,0,0,0,0,0,3,4,0,0,3,0,0,0,0,0,7,7,0,18,3,4,0,4,4,0,40,0,0,0,0,0,0,0,0,0,0,0,0,0,0,0,0,0,0,0,0,0,0,0,0,0,0,0,0,0,0,0,0,0,0,0,0,0,0,0,0,20,9,22,6,9,3,4,3,0,70
SAL21498,0,0,0,0,0,0,0,0,0,0,0,0,0,0,0,0,0,0,0,0,0,0,0,0,0,0,0,0,0,0,0,0,0,0,0,0,0,0,0,0,0,0,0,0,0,0,0,0,0,0,0,0,0,0,0,0,0,0,0,0,0,0,0,0,0,0,0,0,0,0,0,0,0,0,0,0,0,0,0,3
SAL21499,0,0,0,0,0,0,0,0,0,0,0,0,0,0,0,0,0,0,0,0,0,0,0,0,0,0,0,0,0,0,0,0,0,0,0,0,0,0,0,0,0,0,0,0,0,0,0,0,0,0,0,0,0,0,0,0,0,0,0,0,0,0,0,0,0,0,0,0,0,0,0,0,0,0,0,0,0,0,0,0
SAL21500,0,0,0,0,0,0,0,0,0,4,0,0,0,4,0,0,0,0,0,4,3,0,10,0,0,0,3,3,0,17,0,0,0,0,0,0,0,0,0,0,0,0,0,0,0,0,0,0,0,0,0,0,0,0,0,0,0,0,0,0,0,0,0,0,0,0,0,0,0,0,4,3,10,3,0,0,3,10,0,36
SAL21501,0,0,0,0,0,0,0,0,0,0,0,0,0,0,0,0,0,0,0,3,0,0,0,3,0,0,0,0,0,7,0,0,0,0,0,0,0,0,0,0,0,0,0,0,0,0,0,0,0,0,0,0,0,0,0,0,0,0,0,0,0,0,0,0,0,0,0,0,0,0,6,0,0,3,0,4,0,3,0,18
SAL21502,0,0,0,0,0,0,0,0,0,0,0,0,0,0,0,0,0,0,0,4,9,0,4,3,0,0,5,0,0,19,0,0,0,0,0,0,0,0,0,0,0,0,0,0,0,0,0,0,0,0,0,0,0,0,0,0,0,0,0,0,0,0,0,0,0,0,0,0,0,3,15,5,4,5,0,0,5,3,0,37
SAL21503,4,0,0,0,0,0,0,0,0,0,0,0,0,0,0,0,0,0,0,6,7,0,0,0,3,0,0,0,0,16,0,0,0,0,0,0,0,0,0,0,0,0,0,0,0,0,0,0,0,0,0,0,0,0,0,0,0,0,0,0,0,0,0,0,0,0,0,0,0,0,14,3,0,7,5,0,0,4,0,34
SAL21504,72,88,54,81,75,29,9,8,4,415,118,115,77,203,144,63,16,32,10,775,276,113,947,287,263,98,144,192,27,2346,7,6,9,13,16,12,8,24,0,102,21,8,11,26,38,11,10,20,0,150,15,9,0,6,10,6,0,3,0,42,13,11,13,20,18,8,10,6,29,133,852,1518,1180,826,802,310,224,325,93,6132
SAL21505,0,0,0,0,0,0,0,0,0,3,0,0,0,0,0,0,0,0,0,0,0,0,4,0,0,0,0,4,0,18,0,0,0,0,0,0,0,0,0,0,0,0,0,0,0,0,0,0,0,0,0,0,0,0,0,0,0,0,0,0,0,0,0,0,0,0,0,0,0,0,9,7,5,0,4,0,0,4,0,30
SAL21506,0,0,7,0,0,0,0,0,0,3,0,4,0,0,0,3,0,0,0,7,6,0,6,0,3,0,0,4,0,21,0,0,0,0,0,0,0,0,0,0,0,0,0,0,0,0,0,0,0,0,0,0,0,0,0,0,0,0,0,0,0,0,0,0,0,0,0,0,0,0,8,10,11,4,5,3,0,4,0,45
SAL21507,0,0,0,0,0,0,0,0,0,3,0,4,0,5,0,0,0,0,0,8,7,0,12,0,3,0,0,0,0,23,0,0,0,0,0,0,0,5,0,8,0,0,0,0,0,0,0,0,0,0,0,0,0,0,0,0,0,0,0,0,0,0,0,0,0,0,0,0,0,0,7,14,13,5,3,3,4,3,0,54
SAL21508,0,3,0,0,0,0,0,0,0,3,0,3,0,0,0,0,0,0,0,0,0,3,0,0,0,0,0,0,0,9,0,0,0,0,0,0,0,0,0,0,0,0,0,0,0,0,0,0,0,0,0,0,0,0,0,0,0,0,0,0,0,0,0,0,0,0,0,0,0,0,12,11,0,4,0,0,0,0,0,28
SAL21509,0,0,0,0,0,0,0,0,0,8,0,7,5,5,0,0,0,4,0,17,5,6,22,8,9,5,0,11,0,67,0,0,0,0,0,0,0,0,0,3,0,0,0,0,0,0,0,0,0,3,0,0,0,0,0,0,0,0,0,0,0,0,0,0,0,0,0,9,0,4,14,27,28,11,7,3,6,23,7,125
SAL21510,3,5,0,0,3,0,0,0,0,11,0,0,3,4,0,0,0,0,0,9,4,0,23,13,9,3,5,11,0,73,0,0,0,0,0,0,0,0,0,3,0,0,0,6,0,0,0,0,0,6,0,0,0,0,0,0,0,0,0,0,0,0,0,0,0,0,0,0,0,3,18,28,27,25,14,8,9,20,5,148
SAL21511,0,0,0,0,0,0,0,0,0,0,0,0,0,0,0,0,0,0,0,0,0,0,0,0,0,0,0,0,0,0,0,0,0,0,0,0,0,0,0,0,0,0,0,0,0,0,0,0,0,0,0,0,0,0,0,0,0,0,0,0,0,0,0,0,0,0,0,0,0,0,0,0,0,0,0,0,0,0,0,0
SAL21512,0,0,0,0,0,0,0,0,0,0,0,0,0,0,0,0,0,0,0,0,0,0,0,0,0,0,3,0,0,10,0,0,0,0,0,0,0,0,0,0,0,0,0,0,0,0,0,0,0,0,0,0,0,0,0,0,0,0,0,0,0,0,0,0,0,0,0,0,0,0,4,0,0,0,0,0,3,0,0,16
SAL21513,0,0,0,0,0,0,0,0,0,0,0,0,0,0,0,0,0,0,0,0,0,0,0,0,0,0,0,0,0,3,0,0,0,0,0,0,0,0,0,0,0,0,0,0,0,0,0,0,0,0,0,0,0,0,0,0,0,0,0,0,0,0,0,0,0,0,0,0,0,0,0,0,0,0,0,0,0,0,0,3
SAL21514,0,0,0,0,3,0,0,0,0,8,0,6,3,0,5,0,0,0,0,23,10,5,17,4,7,0,14,9,0,66,0,0,0,6,0,0,0,0,0,4,0,0,0,0,0,0,0,0,0,6,0,0,0,0,0,0,0,0,0,0,0,0,0,0,0,0,0,0,0,9,22,38,21,16,26,6,13,14,0,155
SAL21515,0,0,0,0,0,0,0,0,0,0,0,0,0,0,0,0,0,0,0,0,0,0,0,0,0,0,0,0,0,6,0,0,0,0,0,0,0,0,0,0,0,0,0,0,0,0,0,0,0,0,0,0,0,0,0,0,0,0,0,0,0,0,0,0,0,0,0,0,0,0,4,0,0,0,0,0,0,0,0,4
SAL21516,3,0,0,0,0,0,0,0,0,8,0,0,0,3,0,0,0,0,0,7,9,0,14,3,6,3,0,9,0,35,0,0,0,0,0,0,0,0,0,3,0,0,0,0,0,0,0,0,0,5,0,0,0,0,4,0,0,0,0,5,5,0,0,0,0,4,0,0,0,11,26,13,15,10,10,8,7,19,6,111
SAL21517,0,0,0,0,0,0,0,0,0,0,0,0,0,0,0,0,0,0,0,0,3,0,0,0,0,0,0,0,0,4,0,0,0,0,0,0,0,0,0,0,0,0,0,0,0,0,0,0,0,0,0,0,0,0,0,0,0,0,0,0,0,0,0,0,0,0,0,0,0,0,12,0,0,0,5,0,0,0,0,17
SAL21518,0,0,0,0,0,0,0,0,0,0,0,0,0,0,0,0,0,0,0,0,0,0,0,0,0,0,0,0,0,0,0,0,0,0,0,0,0,0,0,0,0,0,0,0,0,0,0,0,0,0,0,0,0,0,0,0,0,0,0,0,0,0,0,0,0,0,0,0,0,0,0,0,0,0,0,0,0,0,0,0
SAL21519,0,0,0,0,0,0,0,0,0,0,3,3,0,0,0,0,0,0,0,10,0,0,3,5,0,0,0,3,0,11,0,0,0,0,0,0,0,0,0,0,0,0,0,0,0,0,0,0,0,0,0,0,0,0,0,0,0,0,0,0,0,0,0,0,0,0,0,0,0,0,7,12,7,4,0,0,0,3,0,34
SAL21520,9,5,5,0,9,0,0,0,0,22,14,14,6,9,8,3,4,4,0,56,14,5,57,14,13,8,18,18,5,161,3,0,3,0,0,3,0,0,0,5,0,0,3,5,3,0,0,0,0,11,0,0,0,0,0,0,0,0,0,0,0,0,0,0,0,0,0,0,5,10,64,81,79,44,46,18,26,26,14,386
SAL21521,0,0,0,0,0,0,0,0,0,0,0,0,0,0,0,0,0,0,0,0,3,0,0,0,0,0,0,0,0,8,0,0,0,0,0,0,0,0,0,0,0,0,0,0,0,0,0,0,0,0,0,0,0,0,0,0,0,0,0,0,0,0,0,0,0,0,0,0,0,0,3,7,0,0,0,0,0,0,0,12
SAL21522,4,0,0,0,0,0,0,0,0,7,0,0,0,0,0,0,0,0,0,5,0,0,0,0,0,0,0,0,0,5,0,0,0,0,0,0,0,0,0,0,0,0,0,0,0,0,0,0,0,0,0,0,0,0,0,0,0,0,0,0,0,0,0,0,0,0,0,0,0,3,8,5,0,0,4,0,0,0,0,18
SAL21523,8,6,4,0,4,0,3,0,0,30,3,8,3,3,3,0,0,0,0,26,23,3,38,12,4,5,3,13,0,101,0,0,0,0,0,0,0,0,0,0,6,0,0,0,0,0,0,0,0,11,0,0,0,0,0,0,0,0,0,0,4,0,0,0,0,0,0,0,0,7,51,52,45,31,25,4,8,15,4,244
SAL21524,4,0,0,0,0,0,0,0,0,14,0,0,0,0,3,0,0,0,0,4,7,0,24,13,5,3,6,5,0,66,0,0,0,0,0,0,0,0,0,6,0,0,0,0,0,0,0,0,0,4,0,0,0,0,0,0,0,0,0,0,0,0,0,5,0,0,0,0,0,11,21,18,32,28,13,8,4,10,0,137
SAL21525,0,0,0,0,0,0,0,0,0,0,0,0,0,0,0,0,0,0,0,0,0,0,0,0,0,0,0,0,0,0,0,0,0,0,0,0,0,0,0,0,0,0,0,0,0,0,0,0,0,0,0,0,0,0,0,0,0,0,0,0,0,0,0,0,0,0,0,0,0,0,0,0,0,0,0,0,0,0,0,0
SAL21526,3,3,0,7,0,0,0,0,0,14,9,4,0,3,0,0,0,3,0,18,28,0,26,20,3,6,14,9,6,110,0,0,0,0,0,0,0,3,0,4,0,0,0,0,0,0,0,0,0,3,0,0,0,0,0,0,0,0,0,0,3,0,3,0,0,0,0,0,0,10,52,27,30,31,14,13,18,24,5,199
SAL21527,0,5,0,0,0,0,0,0,0,4,0,0,0,0,0,0,0,0,0,0,11,0,3,0,0,0,0,0,0,17,0,0,0,0,0,0,0,0,0,0,4,0,0,0,0,0,0,0,0,6,0,0,0,0,0,0,0,0,0,0,5,0,0,0,0,0,0,0,0,4,24,15,4,0,0,0,0,0,0,49
SAL21528,3,0,0,10,8,0,0,0,0,27,7,8,0,8,6,4,0,5,0,31,21,5,39,8,5,8,13,11,0,109,3,0,0,0,0,0,0,0,0,6,0,0,0,0,0,0,0,0,0,7,0,0,0,0,0,0,0,0,0,0,0,0,0,0,0,0,4,0,0,5,46,57,48,36,28,14,14,11,10,263
SAL21529,3,5,0,8,0,0,0,0,0,24,0,8,6,12,6,3,0,0,0,39,25,5,59,20,13,4,8,19,0,163,0,0,0,0,3,5,0,3,0,14,0,0,0,0,4,0,0,0,0,13,0,0,0,0,0,0,0,0,0,0,3,0,0,0,0,0,0,0,0,10,56,86,73,53,36,19,13,23,3,368
SAL21530,0,0,0,0,0,0,0,0,0,0,0,0,0,0,0,0,0,0,0,0,0,0,0,0,0,0,0,0,0,0,0,0,0,0,0,0,0,0,0,0,0,0,0,0,0,0,0,0,0,0,0,0,0,0,0,0,0,0,0,0,0,0,0,0,0,0,0,0,0,0,9,0,0,0,0,0,0,0,0,6
SAL21531,0,4,0,0,0,0,0,0,0,4,0,0,0,0,0,0,0,0,0,0,8,0,0,0,0,0,0,0,0,7,0,0,0,0,0,0,0,0,0,4,0,0,0,0,0,0,0,0,0,0,0,0,0,0,0,0,0,0,0,0,0,0,0,0,0,0,0,0,0,0,13,4,0,3,0,0,0,0,0,20
SAL21532,0,0,0,0,0,0,0,0,0,4,0,0,0,0,0,0,0,0,0,5,0,0,7,5,0,0,0,5,0,23,0,0,0,0,0,0,0,0,0,0,0,0,0,0,0,0,0,0,0,0,0,0,0,0,0,0,0,0,0,0,0,0,0,0,0,0,0,0,0,3,10,19,13,0,7,3,0,7,0,64
SAL21533,0,0,0,0,0,4,0,0,0,12,0,3,3,4,6,0,0,0,0,15,10,0,19,9,5,7,0,7,3,47,0,0,0,0,0,0,0,0,0,7,0,0,0,0,0,0,0,0,0,4,0,0,0,0,0,0,0,0,0,0,0,0,0,3,0,0,0,0,0,3,19,20,17,15,16,14,6,11,6,116
SAL21534,0,10,4,12,4,0,0,0,0,32,8,11,3,31,12,10,4,7,3,93,17,10,114,70,33,11,22,44,9,334,0,0,0,4,4,4,3,3,0,23,0,3,5,0,10,3,0,3,0,24,0,0,0,0,0,0,0,0,0,0,0,0,0,9,0,7,5,4,0,31,59,171,133,154,65,50,40,76,18,761
SAL21535,3,0,0,0,0,0,0,0,0,5,0,0,0,0,0,0,0,0,0,4,8,3,7,3,0,0,5,0,0,27,0,0,0,0,0,0,0,0,0,3,0,0,0,0,0,0,0,0,0,0,0,0,0,0,0,0,0,0,0,0,0,0,0,0,0,0,0,0,0,0,15,3,7,4,0,0,7,0,0,43
SAL21536,5,8,7,3,0,0,0,0,0,33,10,10,12,15,6,5,3,5,0,64,33,12,105,32,18,9,20,22,3,255,0,0,3,0,4,0,0,5,0,11,0,0,0,4,0,0,0,0,0,10,0,0,0,0,0,0,0,0,0,0,0,4,0,4,5,0,0,3,0,17,74,150,133,66,46,11,26,34,9,543
SAL21537,0,4,0,0,0,0,0,0,0,15,4,3,5,10,6,0,0,0,0,27,6,8,37,10,5,9,5,0,0,75,0,0,0,0,4,0,0,0,0,3,0,0,0,0,0,0,0,0,0,0,0,0,0,0,0,0,0,0,0,0,0,0,0,0,3,0,0,0,0,10,21,62,42,23,25,8,8,3,6,206
SAL21538,6,7,8,10,11,0,0,0,0,34,12,15,4,28,21,5,4,3,3,89,31,14,132,42,37,13,30,44,9,356,4,0,3,0,0,3,0,0,0,14,3,0,0,3,0,0,0,4,0,21,0,0,0,0,0,0,0,0,0,3,0,5,5,3,0,4,0,7,11,28,63,106,163,112,86,24,45,74,17,700
SAL21539,0,0,0,0,0,0,0,0,0,5,0,0,0,0,0,0,0,0,0,8,7,0,11,4,0,0,4,5,0,25,0,0,0,0,0,0,0,0,0,0,0,0,0,0,0,0,0,0,0,0,0,0,0,0,0,0,0,0,0,0,0,0,0,0,0,0,0,0,0,4,6,5,9,4,0,6,8,5,0,47
SAL21540,3,0,0,0,0,0,0,0,0,9,0,0,0,0,4,0,0,0,0,14,5,0,6,4,6,0,0,3,0,27,0,0,0,0,0,0,0,0,0,0,0,0,0,0,0,0,0,0,0,4,0,0,0,0,0,0,0,0,0,0,0,0,0,0,0,0,0,0,0,3,10,21,14,8,15,3,0,10,0,77
SAL21541,0,0,0,0,0,0,0,0,0,0,0,0,0,0,0,0,0,0,0,0,4,0,5,0,0,0,0,3,0,16,0,0,0,0,0,0,0,6,0,6,0,0,0,0,0,0,0,0,0,0,0,0,0,0,0,0,0,0,0,0,0,0,0,0,0,0,0,0,0,0,5,10,6,0,7,0,0,7,0,40
SAL21542,10,0,8,0,9,0,0,3,0,40,6,3,8,7,0,3,0,3,0,29,22,6,43,16,8,8,5,24,0,117,0,0,0,0,0,3,0,0,0,3,0,0,0,0,0,0,0,0,0,11,0,0,0,0,0,0,0,0,0,8,4,4,3,0,0,3,0,0,0,18,105,98,74,50,43,35,8,36,4,456
SAL21543,0,0,0,0,0,0,0,0,0,0,0,0,0,0,0,0,0,0,0,0,0,0,0,0,0,0,0,0,0,0,0,0,0,0,0,0,0,0,0,0,0,0,0,0,0,0,0,0,0,0,0,0,0,0,0,0,0,0,0,0,0,0,0,0,0,0,0,0,0,0,4,0,0,0,0,0,0,0,0,4
SAL21544,11,11,11,13,5,7,7,5,0,60,18,16,15,23,24,6,9,11,4,111,37,16,133,51,37,19,38,34,5,373,0,0,0,3,4,0,0,4,0,18,3,0,4,9,7,0,0,0,0,26,0,4,3,0,0,0,0,0,0,3,0,4,3,6,9,3,0,0,6,29,105,178,184,129,103,47,57,79,18,907
SAL21545,0,0,0,0,0,0,0,0,0,0,0,0,0,0,0,0,0,0,0,0,0,0,3,0,6,0,0,0,0,7,0,0,0,0,0,0,0,0,0,0,0,0,0,0,0,0,0,0,0,0,0,0,0,0,0,0,0,0,0,0,0,0,0,0,0,0,0,0,0,0,0,3,3,4,6,0,0,5,0,10
SAL21546,0,3,0,0,0,0,0,0,0,6,0,0,0,0,3,0,0,0,0,11,6,3,12,4,3,0,0,3,0,40,0,0,0,0,0,0,0,0,0,5,0,0,0,0,0,0,0,0,0,3,0,0,0,0,0,0,0,0,0,0,0,0,0,0,0,0,0,0,0,4,12,17,19,6,10,0,4,9,0,80
SAL21547,30,18,11,10,31,6,0,4,0,104,23,24,13,30,17,3,0,4,0,120,56,21,142,31,25,16,8,12,0,306,0,0,0,3,4,0,0,0,0,18,7,3,0,0,13,4,0,0,0,27,7,5,6,0,0,0,0,0,3,16,0,4,0,0,4,4,0,0,5,18,315,525,194,130,158,76,18,33,24,1475
SAL21548,0,0,0,0,0,0,0,0,0,0,0,0,0,0,0,0,0,0,0,0,0,0,0,0,0,0,0,0,0,0,0,0,0,0,0,0,0,0,0,0,0,0,0,0,0,0,0,0,0,0,0,0,0,0,0,0,0,0,0,0,0,0,0,0,0,0,0,0,0,0,0,0,0,0,0,0,0,0,0,0
SAL21549,0,0,0,0,0,0,0,0,0,3,3,0,0,0,0,0,0,0,0,3,0,0,0,0,0,5,0,0,0,3,0,0,0,0,0,0,0,0,0,0,3,0,0,0,0,0,0,0,0,3,0,0,0,0,0,0,0,0,0,0,0,0,0,0,0,0,0,0,0,0,7,0,0,0,0,5,0,0,0,14
SAL21550,14,8,0,6,17,0,4,0,0,47,20,17,12,44,17,13,4,6,0,131,34,14,105,56,33,32,24,36,4,332,0,0,0,4,0,0,0,5,0,12,0,6,8,0,5,5,0,0,0,22,5,0,0,0,0,0,0,0,0,9,0,5,0,0,5,0,0,0,5,17,140,392,137,166,125,65,43,62,10,1143
SAL21551,3,4,0,3,6,5,0,0,0,18,3,10,0,17,3,6,0,4,0,39,23,9,86,19,23,16,22,21,5,211,3,0,0,0,5,0,0,4,0,11,0,0,3,3,0,3,0,0,0,9,0,0,0,0,0,0,0,0,0,0,0,0,3,3,0,0,0,3,0,11,50,88,97,59,44,21,25,33,7,427
SAL21552,0,0,0,0,0,0,0,0,0,0,0,0,0,0,0,0,0,0,0,0,0,0,0,0,0,0,0,0,0,0,0,0,0,0,0,0,0,0,0,0,0,0,0,0,0,0,0,0,0,0,0,0,0,0,0,0,0,0,0,0,0,0,0,0,0,0,0,0,0,0,6,4,0,0,0,0,0,0,0,7
SAL21553,0,0,0,0,0,0,0,0,0,0,0,4,0,3,3,0,0,5,0,11,3,0,5,4,6,0,5,5,0,32,0,0,0,0,0,0,0,0,0,4,0,0,0,0,0,0,0,0,0,3,0,0,0,0,0,0,0,0,0,0,0,0,0,0,0,0,0,0,0,0,25,19,12,9,11,5,5,5,0,84
SAL21554,19,31,29,18,28,9,17,20,3,183,39,38,45,94,59,25,46,39,12,381,55,21,207,119,76,28,78,74,13,671,4,3,5,0,8,0,0,6,0,30,6,3,14,22,15,3,10,16,0,87,7,11,8,3,7,4,4,6,0,47,8,3,10,8,6,8,8,17,16,81,288,738,391,408,407,153,238,254,73,2939
SAL21555,33,42,28,18,40,13,17,13,4,210,67,50,57,101,65,30,42,24,10,445,47,21,229,82,58,35,69,60,15,607,5,0,6,3,5,3,3,0,0,34,7,9,7,21,12,8,4,7,4,81,0,0,5,0,5,4,4,0,4,26,8,13,3,11,8,0,5,6,11,72,421,1018,441,400,463,175,238,183,83,3420
SAL21556,0,0,0,0,0,0,0,0,0,0,0,0,0,0,0,0,0,0,0,0,0,0,0,0,0,0,0,0,0,8,0,0,0,0,0,0,0,0,0,0,0,0,0,0,0,0,0,0,0,0,0,0,0,0,0,0,0,0,0,0,0,0,0,0,0,0,0,0,0,0,3,0,3,0,0,0,0,3,0,11
SAL21557,0,0,0,0,0,0,0,0,0,10,0,0,0,3,0,0,0,0,0,3,4,5,10,0,0,0,0,0,0,16,0,0,0,0,0,0,0,0,0,0,0,0,0,0,0,0,0,0,0,0,0,0,0,0,0,0,0,0,0,0,0,4,0,0,0,0,0,0,0,4,16,18,16,7,3,0,0,5,4,65
SAL21558,33,39,12,22,46,15,3,6,4,189,46,44,16,57,65,33,7,7,5,277,109,32,336,57,79,33,34,38,13,733,0,0,4,0,9,11,0,7,0,35,18,4,6,11,8,10,0,6,0,50,4,4,0,3,4,3,0,0,0,20,0,10,4,0,9,6,4,0,3,36,480,731,417,218,371,157,65,76,34,2550
SAL21559,7,0,5,4,6,0,0,0,0,32,5,5,3,6,9,5,3,0,0,44,20,6,49,0,6,12,4,4,0,95,4,0,0,0,0,0,0,0,0,3,0,0,0,0,0,0,0,0,0,9,0,0,0,0,0,0,0,0,0,0,5,0,0,0,0,0,0,0,3,7,81,90,69,21,48,23,10,6,3,356
SAL21560,0,3,0,0,0,0,0,0,0,10,10,0,3,3,4,0,0,5,0,21,14,4,13,3,8,3,6,8,5,53,0,0,0,0,0,0,0,0,0,0,0,0,0,0,0,0,0,0,0,3,0,0,0,0,0,0,0,0,0,0,0,0,0,0,0,0,0,0,0,3,31,29,14,11,14,3,5,13,4,132
SAL21561,8,10,0,6,3,0,0,0,0,19,7,5,3,0,0,0,0,4,0,31,24,4,64,11,10,6,0,7,5,141,0,0,0,0,0,0,0,3,0,8,0,0,0,3,0,0,0,0,0,4,0,0,0,0,0,0,0,0,0,0,0,0,0,3,0,0,0,0,0,14,71,71,69,30,34,17,11,16,8,326
SAL21562,8,17,9,7,6,5,0,0,0,44,3,12,9,11,18,4,0,0,0,54,34,11,67,14,15,12,11,8,4,167,5,0,0,0,0,0,0,0,0,3,3,0,0,3,4,0,0,0,0,10,0,3,0,0,4,0,0,0,0,7,0,0,3,3,0,5,0,4,0,16,147,312,101,65,67,35,17,28,4,769
SAL21563,0,0,0,0,0,0,0,0,0,0,0,0,0,0,0,0,0,0,0,0,3,0,0,0,0,0,0,0,0,3,0,0,0,0,0,0,0,0,0,0,0,0,0,0,0,0,0,0,0,0,0,0,0,0,0,0,0,0,0,0,0,0,0,0,0,0,0,0,0,0,0,0,0,5,0,0,0,0,0,11
SAL21564,45,64,26,42,38,15,3,12,6,251,60,61,30,50,80,21,10,14,4,324,80,36,230,77,63,27,25,32,5,587,0,0,4,8,6,7,8,0,0,38,11,11,4,10,20,3,0,3,0,75,0,13,0,3,3,3,0,0,0,31,5,9,5,3,7,0,3,4,6,47,673,1623,398,353,500,161,78,117,52,3950
SAL21565,0,0,0,0,0,0,0,0,0,6,0,0,0,0,0,0,0,0,0,0,3,0,0,0,0,0,0,0,0,9,0,0,0,0,0,0,0,0,0,0,0,0,0,0,0,0,0,0,0,0,0,0,0,0,0,0,0,0,0,0,0,0,0,0,0,0,0,0,0,0,9,3,3,0,0,0,0,3,0,14
SAL21566,0,0,0,0,0,0,0,0,0,0,0,0,0,0,0,0,0,0,0,0,0,0,0,0,0,0,0,3,0,3,0,0,0,0,0,0,0,0,0,0,0,0,0,0,0,0,0,0,0,0,0,0,0,0,0,0,0,0,0,0,0,0,0,0,0,0,0,0,0,0,3,0,0,0,0,0,0,5,0,6
SAL21567,0,0,0,0,0,0,0,0,0,3,0,0,0,0,0,3,0,0,0,3,0,4,4,3,0,0,0,0,0,14,0,0,0,0,0,0,0,0,0,0,0,0,0,0,0,0,0,0,0,4,0,0,0,0,0,0,0,0,0,0,0,0,0,0,0,0,0,0,0,0,0,5,5,3,0,4,0,0,0,28
SAL21568,0,0,0,0,0,0,0,0,0,0,0,0,0,0,0,0,0,0,0,0,0,0,0,0,0,0,0,0,0,6,0,0,0,0,0,0,0,0,0,0,0,0,0,0,0,0,0,0,0,0,0,0,0,0,0,0,0,0,0,0,0,0,0,0,0,0,0,0,0,0,0,0,0,0,0,0,0,0,0,4
SAL21569,12,17,11,26,21,9,3,4,0,104,27,32,27,82,53,14,17,12,0,264,50,36,266,97,95,39,63,46,13,700,7,0,6,4,6,3,3,4,0,29,3,4,6,7,3,3,5,0,0,42,0,5,0,0,9,0,3,0,0,14,4,3,8,6,5,5,3,0,0,44,194,486,364,301,264,83,116,82,25,1916
SAL21570,0,0,0,0,0,0,0,0,0,0,0,0,0,0,0,0,0,0,0,4,0,0,0,0,0,0,0,0,0,0,0,0,0,0,0,0,0,0,0,0,0,0,0,0,0,0,0,0,0,0,0,0,0,0,0,0,0,0,0,0,0,0,0,0,0,0,0,0,0,0,0,0,0,3,0,0,0,3,0,9
SAL21571,9,19,13,13,5,3,3,0,0,71,17,19,17,41,13,6,4,8,3,136,64,29,291,109,70,35,85,64,4,753,0,0,5,5,8,0,3,5,0,39,0,3,4,6,12,5,5,3,0,33,0,0,0,0,0,5,0,0,0,9,5,3,8,5,4,4,5,9,4,45,159,358,349,219,149,56,110,113,14,1531
SAL21572,0,0,0,0,0,0,0,0,0,0,0,0,0,3,0,0,0,0,0,3,0,0,6,0,0,0,0,0,0,15,0,0,0,0,0,0,0,0,0,0,0,0,0,0,0,0,0,0,0,0,0,0,0,0,0,0,0,0,0,0,0,0,0,0,0,0,0,0,0,0,5,7,9,3,0,0,0,0,0,20
SAL21573,0,0,0,3,0,0,0,0,0,3,0,0,0,5,4,0,0,0,0,11,7,0,19,9,3,0,6,8,0,51,0,0,0,0,0,0,0,0,0,6,0,0,0,0,0,0,0,0,0,5,0,0,0,0,0,0,0,0,0,0,0,0,0,0,0,0,0,0,0,3,20,24,16,18,16,9,7,9,0,122
SAL21574,20,24,8,20,14,7,0,4,0,93,24,36,11,59,49,12,3,3,0,202,109,39,297,103,90,38,60,41,17,800,0,0,3,3,0,5,3,0,0,25,3,4,5,4,13,6,0,3,0,43,0,6,0,0,0,0,0,0,0,10,4,9,3,8,8,5,0,0,0,37,284,558,340,252,245,89,73,73,25,1942
SAL21575,26,32,24,25,30,7,7,13,4,167,46,58,36,77,36,34,26,26,6,346,43,36,158,90,73,20,38,54,12,523,3,0,6,6,14,4,5,11,0,50,10,10,7,11,11,0,16,9,3,69,0,10,4,5,3,0,9,0,0,32,6,8,12,3,13,8,5,16,16,82,487,1375,366,406,462,196,179,211,73,3742
SAL21576,0,5,0,0,0,0,0,0,0,9,4,0,0,0,7,0,0,0,0,13,12,3,32,8,11,3,12,8,0,93,0,0,0,0,0,0,0,0,0,3,0,0,3,3,0,0,0,0,0,6,0,0,0,0,0,0,0,0,0,0,0,0,0,0,0,0,0,0,0,5,23,28,41,21,23,3,18,12,0,168
SAL21577,0,0,0,0,0,0,0,0,0,0,0,0,0,0,0,0,0,0,0,0,0,0,0,0,0,0,0,0,0,6,0,0,0,0,0,0,0,0,0,3,0,0,0,0,0,0,0,0,0,0,0,0,0,0,0,0,0,0,0,0,0,0,0,0,0,0,0,0,0,0,4,3,3,6,0,0,0,0,0,11
SAL21578,4,0,0,0,0,0,0,0,0,5,4,4,0,0,0,0,0,0,0,17,5,0,11,3,0,0,5,0,0,27,0,0,0,0,0,0,0,0,0,0,0,0,0,0,4,0,0,0,0,9,0,0,0,0,0,0,0,0,0,0,0,0,0,0,0,0,0,0,0,0,55,60,23,9,10,7,5,3,5,173
SAL21579,5,0,0,0,0,0,0,0,0,9,4,0,0,4,8,0,0,0,0,17,7,4,15,7,5,0,4,3,0,44,0,0,0,0,0,0,0,0,0,0,0,0,0,0,0,0,0,0,0,0,0,0,0,0,0,0,0,0,0,0,0,0,0,0,0,0,0,0,0,0,16,8,18,11,18,0,6,3,0,85
SAL21580,0,0,0,0,0,0,0,0,0,0,0,0,0,5,0,0,0,0,0,4,0,0,0,0,0,0,0,0,0,13,0,0,0,0,0,0,0,0,0,0,0,0,0,0,0,0,0,0,0,0,0,0,0,0,0,0,0,0,0,0,4,0,0,0,0,0,0,0,0,0,9,0,0,4,3,0,0,4,0,25
SAL21581,0,0,0,0,0,0,0,0,0,0,0,0,0,0,0,0,0,0,0,0,0,0,0,0,0,0,0,0,0,5,0,0,0,0,0,0,0,0,0,0,0,0,0,0,0,0,0,0,0,0,0,0,0,0,0,0,0,0,0,0,0,0,0,0,0,0,0,0,0,0,0,0,0,0,0,0,0,5,0,9
SAL21582,0,0,0,0,0,0,0,0,0,0,0,0,0,4,0,0,0,0,0,6,3,0,7,0,3,0,0,0,0,14,0,0,0,0,0,0,0,0,0,0,0,0,0,0,0,0,0,0,0,0,0,0,0,0,0,0,0,0,0,0,0,0,0,0,0,0,0,0,0,0,3,5,7,3,7,3,0,3,0,40
SAL21583,4,10,0,3,4,6,0,0,0,29,5,9,0,5,8,5,0,0,0,43,16,7,54,20,15,13,14,12,0,157,0,0,6,0,0,4,0,0,0,10,0,0,3,0,0,0,0,0,0,9,0,3,0,0,0,0,0,0,0,5,4,5,0,4,0,0,3,3,0,14,82,139,76,54,44,32,20,27,3,483
SAL21584,5,6,0,0,0,0,0,0,0,17,9,6,4,9,3,0,0,0,0,29,26,3,38,13,9,7,3,20,0,115,0,0,0,0,0,0,0,0,0,0,0,3,5,4,0,0,0,4,0,14,0,0,0,0,0,0,0,0,0,0,4,4,0,0,0,3,0,3,0,17,57,79,55,41,29,13,3,42,0,326
SAL21585,0,3,0,0,0,0,0,0,0,19,4,4,0,3,3,0,0,0,0,17,12,10,32,12,6,8,9,8,0,102,0,0,0,0,0,0,0,0,0,0,0,0,4,0,0,0,0,0,0,8,0,0,0,0,0,0,0,0,0,0,0,3,4,0,0,0,0,0,0,13,53,131,46,36,27,11,12,19,0,331
SAL21586,35,63,16,12,32,17,5,4,3,183,49,47,21,31,41,27,0,12,8,229,47,24,79,37,19,20,6,9,0,235,7,4,4,3,3,4,0,0,0,25,13,13,0,4,16,7,0,0,0,61,11,15,7,3,8,4,0,3,0,43,8,19,0,4,7,6,0,5,13,59,977,1986,201,194,416,234,33,72,76,4193
SAL21587,99,129,30,44,75,41,14,23,4,460,116,140,60,109,124,44,15,30,10,639,110,57,269,115,89,66,18,48,12,784,7,5,0,13,11,18,0,3,0,65,30,19,11,18,45,18,0,6,3,154,9,32,6,10,14,0,0,0,4,81,22,30,5,11,14,11,9,8,24,132,1949,4256,613,635,1067,502,125,259,141,9555
SAL21588,0,4,3,0,0,0,0,0,0,5,0,7,0,9,6,0,0,0,0,23,0,0,10,6,0,5,4,0,0,33,0,0,0,0,0,0,0,0,0,0,0,0,0,0,0,0,0,0,0,0,0,0,0,0,0,0,0,0,0,4,0,0,0,0,0,0,0,0,0,0,7,55,11,23,23,11,10,4,0,142
SAL21589,0,0,0,0,0,0,0,0,0,6,0,0,0,0,3,0,0,0,0,8,13,4,4,5,0,4,0,0,0,30,0,0,0,0,0,0,0,0,0,0,0,0,0,0,0,0,0,0,0,0,0,0,0,0,0,0,0,0,0,0,4,0,0,0,0,0,5,0,0,9,23,21,7,10,6,4,9,3,6,80
SAL21590,6,7,0,4,0,3,0,0,0,21,0,7,0,4,0,0,0,0,0,17,9,6,26,6,5,3,8,4,0,72,0,0,5,0,6,0,0,0,0,3,5,0,5,0,0,0,0,0,0,7,0,0,0,0,0,0,0,0,0,0,0,4,3,0,0,0,0,0,0,6,59,118,41,18,27,8,7,12,0,290
SAL21591,0,8,0,0,0,0,0,0,0,7,0,3,0,0,3,0,0,0,0,9,8,0,13,4,4,0,0,0,4,34,0,0,0,0,0,0,0,0,0,0,0,0,0,0,5,0,0,0,0,3,0,0,0,0,0,0,0,0,0,0,0,0,0,0,0,0,0,0,0,0,15,45,14,8,18,7,0,0,4,104
SAL21592,0,0,0,3,0,0,0,0,0,0,5,6,0,0,0,0,0,0,0,9,3,0,0,3,0,0,7,4,0,20,0,0,0,0,0,0,0,0,0,0,0,0,0,0,0,0,0,0,0,0,0,0,0,0,0,0,0,0,0,0,0,0,0,0,0,0,0,0,0,3,17,10,0,7,0,0,7,3,0,54
SAL21593,7,18,4,9,12,0,0,3,0,63,18,15,10,20,26,14,0,4,0,111,37,13,84,26,20,11,11,24,0,234,0,0,4,0,3,0,0,0,0,11,0,5,0,0,4,5,0,4,0,19,0,0,0,0,0,0,0,0,0,3,4,0,0,4,5,0,0,0,3,16,193,393,121,95,119,54,24,51,9,1062
SAL21594,0,0,0,0,0,0,0,0,0,3,0,0,0,0,0,0,0,0,0,3,4,0,7,0,0,0,0,3,0,10,0,0,0,0,0,0,0,0,0,0,0,0,0,0,0,0,0,0,0,0,0,0,0,0,0,0,0,0,4,4,0,0,0,0,0,0,0,0,0,0,9,7,6,0,4,0,0,0,4,38
SAL21595,0,0,0,0,0,0,0,0,0,0,0,0,0,0,0,0,0,0,0,0,3,0,0,0,0,0,0,0,0,6,0,0,0,0,0,0,0,0,0,0,0,0,0,0,0,0,0,0,0,0,0,0,0,0,0,0,0,0,0,0,0,0,0,0,0,0,0,0,0,0,4,0,0,0,0,0,0,3,0,13
SAL21596,0,0,0,0,0,0,0,0,0,0,0,0,0,0,0,0,0,0,0,0,0,0,0,0,0,0,0,0,0,5,0,0,0,0,0,0,0,0,0,0,0,0,0,0,0,0,0,0,0,0,0,0,0,0,0,0,0,0,0,0,0,0,0,0,0,0,0,0,0,0,0,0,0,0,0,0,0,0,0,10
SAL21597,21,39,29,20,30,14,28,7,3,181,53,56,53,139,77,22,50,27,3,480,55,30,240,153,113,61,98,88,11,857,10,0,0,8,17,7,8,14,0,64,5,8,3,20,17,5,10,3,6,70,3,12,0,14,10,0,7,4,0,42,7,23,6,10,6,0,10,11,24,94,481,1703,468,615,620,221,322,215,108,4755
SAL21598,0,0,0,0,0,0,0,0,0,0,0,0,0,0,0,0,0,0,0,0,0,0,0,0,0,0,0,0,0,0,0,0,0,0,0,0,0,0,0,0,0,0,0,0,0,0,0,0,0,0,0,0,0,0,0,0,0,0,0,0,0,0,0,0,0,0,0,0,0,0,0,0,0,0,0,0,0,0,0,0
SAL21599,30,26,10,24,16,3,3,8,0,130,29,24,24,53,35,4,6,12,0,196,102,16,304,72,51,60,56,57,5,723,0,0,3,9,5,12,4,7,0,37,9,0,5,7,3,9,0,9,0,34,4,0,6,3,0,0,0,0,0,14,9,3,8,10,5,10,3,9,6,55,298,396,380,241,174,113,73,107,20,1799
SAL21600,0,0,0,0,0,0,0,0,0,0,0,0,0,0,0,0,0,0,0,0,0,0,0,0,0,0,0,0,0,0,0,0,0,0,0,0,0,0,0,0,0,0,0,0,0,0,0,0,0,0,0,0,0,0,0,0,0,0,0,0,0,0,0,0,0,0,0,0,0,0,0,0,0,0,0,0,0,0,0,0
SAL21601,4,0,0,0,0,0,0,0,0,8,0,0,0,0,0,0,0,0,0,3,3,0,14,4,5,0,0,0,0,32,0,0,0,0,0,0,0,0,0,0,0,0,0,0,0,0,0,0,0,0,0,0,0,0,0,0,0,0,0,0,0,0,0,0,0,0,0,0,0,0,20,14,17,14,6,3,0,6,0,72
SAL21602,0,0,0,0,0,0,0,0,0,0,4,0,0,0,0,0,0,0,0,3,13,0,7,7,4,0,5,0,0,26,0,0,0,0,0,0,0,0,0,0,0,0,0,0,0,0,0,0,0,0,0,0,0,0,0,0,0,0,0,0,0,0,0,0,0,0,0,0,0,3,19,13,12,5,4,0,5,9,0,57
SAL21603,0,0,0,0,5,0,0,0,0,6,6,3,0,3,0,0,0,0,0,13,16,0,3,4,0,3,0,7,0,34,0,0,0,0,0,0,0,3,0,3,0,0,0,0,0,0,0,0,0,0,0,0,0,0,0,0,0,0,0,0,0,0,0,0,0,0,0,0,0,4,25,24,6,6,12,12,0,17,0,95
SAL21604,54,69,42,42,38,22,11,14,0,291,101,92,46,97,91,42,20,22,8,522,82,52,221,117,95,55,49,54,11,751,6,3,0,13,11,7,8,4,0,62,11,15,10,13,19,14,12,4,5,101,5,7,3,3,9,0,0,5,3,38,4,14,3,5,16,15,11,9,24,105,902,2071,477,534,714,344,191,226,100,5558
SAL21605,0,0,0,0,0,0,0,0,0,5,0,0,0,4,0,0,0,0,0,4,3,0,5,0,0,0,0,4,0,15,0,0,0,5,0,0,0,0,0,5,0,0,0,0,0,0,0,0,0,0,0,0,0,0,0,0,0,0,0,0,0,0,0,0,0,0,0,0,0,0,9,8,5,7,0,0,0,3,0,35
SAL21606,0,0,0,0,0,0,0,0,0,0,0,0,0,0,0,0,0,0,0,7,6,3,11,0,0,0,0,0,0,25,0,0,0,0,0,0,0,0,0,0,0,0,0,0,0,0,0,0,0,3,0,0,0,0,0,0,0,0,0,0,0,0,0,0,0,5,0,0,0,9,28,22,14,4,5,3,3,4,4,88
SAL21607,0,0,0,0,0,0,0,0,0,0,0,0,0,0,0,0,0,0,0,0,0,0,0,0,0,0,0,0,0,4,0,0,0,0,0,0,0,0,0,0,0,0,0,0,0,0,0,0,0,0,0,0,0,0,0,0,0,0,0,0,0,0,0,0,0,0,0,0,0,0,0,0,0,0,0,0,0,0,0,4
SAL21608,0,0,5,3,3,0,0,0,0,12,4,5,5,12,3,0,0,0,0,25,11,4,15,6,3,0,9,4,0,49,0,0,0,0,0,0,0,0,0,4,4,0,0,3,0,0,0,0,0,8,0,0,0,0,0,0,0,0,0,4,0,0,0,0,0,0,0,0,0,5,50,67,22,30,10,0,8,11,7,207
SAL21609,0,0,0,0,0,0,0,0,0,6,0,0,0,0,0,0,0,0,0,0,3,0,0,3,4,0,0,0,0,16,0,0,0,0,0,0,0,0,0,0,0,0,0,0,0,0,0,0,0,0,0,0,0,0,0,0,0,0,0,0,0,0,0,0,0,0,0,0,0,0,8,0,0,9,0,0,0,4,0,27
SAL21610,0,0,0,0,0,0,0,0,0,0,0,0,0,0,0,0,0,0,0,0,0,0,0,0,0,0,0,0,0,0,0,0,0,0,0,0,0,0,0,0,0,0,0,0,0,0,0,0,0,0,0,0,0,0,0,0,0,0,0,0,0,0,0,0,0,0,0,0,0,0,0,0,0,0,0,0,0,0,0,7
SAL21611,0,0,0,0,0,0,0,0,0,0,0,0,0,0,0,0,0,0,0,0,0,0,0,0,0,0,0,0,0,0,0,0,0,0,0,0,0,0,0,0,0,0,0,0,0,0,0,0,0,0,0,0,0,0,0,0,0,0,0,0,0,0,0,0,0,0,0,0,0,0,0,0,0,0,0,0,0,0,0,4
SAL21612,13,4,4,14,8,0,0,0,0,35,8,15,4,34,14,4,0,7,4,84,38,5,121,53,32,19,22,33,0,331,0,0,0,0,3,3,0,0,0,9,6,0,0,0,0,0,0,0,0,7,0,0,0,0,0,0,0,0,0,3,0,3,0,0,4,3,0,0,0,10,82,130,140,127,80,31,29,49,6,677
SAL21613,0,0,0,0,0,0,0,0,0,6,0,0,0,0,0,0,0,0,0,0,9,0,0,0,0,0,0,0,0,14,0,0,0,0,0,0,0,0,0,0,0,0,0,0,0,0,0,0,0,0,0,0,0,0,0,0,0,0,0,0,0,0,0,0,0,0,0,0,0,0,10,5,0,0,0,0,0,0,0,29
SAL21614,0,0,0,0,0,0,0,0,0,0,0,0,0,6,0,0,0,0,0,3,0,0,0,0,0,0,0,0,0,3,0,0,0,0,0,0,0,0,0,0,0,0,0,0,0,0,0,0,0,0,0,0,0,0,0,0,0,0,0,0,0,0,0,0,0,0,0,0,0,0,3,3,4,6,0,0,0,0,0,19
SAL21615,4,11,6,9,4,3,0,0,0,38,7,9,12,25,14,9,8,3,0,95,16,7,75,33,25,16,27,26,5,226,0,3,0,0,4,3,0,3,0,13,0,0,0,4,3,0,0,3,0,11,0,0,0,0,0,0,0,0,0,0,0,0,0,3,0,4,3,0,0,12,61,173,112,113,73,48,39,53,18,690
SAL21616,0,0,0,0,0,0,0,0,0,0,0,0,0,0,0,0,0,0,0,0,0,0,0,0,0,0,0,0,0,0,0,0,0,0,0,0,0,0,0,0,0,0,0,0,0,0,0,0,0,0,0,0,0,0,0,0,0,0,0,0,0,0,0,0,0,0,0,0,0,0,0,0,0,0,0,0,0,0,0,0
SAL21617,0,0,0,0,0,0,0,0,0,5,0,0,0,0,0,0,0,0,0,0,0,0,0,5,0,0,0,3,0,14,0,0,0,0,0,0,0,0,0,0,0,0,0,0,0,0,0,0,0,0,0,0,0,0,0,0,0,0,0,0,0,0,0,0,0,0,0,0,0,0,6,3,0,0,0,0,8,9,0,27
SAL21618,12,19,7,15,10,5,0,5,0,78,19,20,15,58,16,15,3,9,3,158,78,23,259,162,63,53,66,110,15,820,6,0,4,13,11,10,6,9,0,56,3,0,0,3,4,0,8,11,0,37,5,0,0,0,0,0,0,0,0,6,7,8,7,11,3,7,9,17,7,74,167,329,301,334,142,99,93,178,23,1670
SAL21619,6,0,4,8,4,0,0,0,0,15,4,3,7,3,4,3,0,0,0,25,10,3,58,13,14,3,3,7,0,118,0,0,0,0,0,3,0,0,0,8,0,0,0,0,4,5,0,0,0,8,0,0,0,0,0,0,0,0,0,0,0,0,0,0,0,0,0,5,0,7,31,54,67,31,38,15,5,11,0,258
SAL21620,3,3,0,4,0,3,0,0,0,16,0,0,5,5,0,4,0,0,0,12,4,3,13,10,3,3,3,9,0,49,0,0,0,0,0,0,0,0,0,6,0,0,0,0,0,0,0,0,0,0,0,0,0,0,0,0,0,0,0,0,0,0,0,0,0,0,0,0,0,0,18,28,29,24,13,10,3,20,0,145
SAL21621,0,0,0,0,0,0,0,0,0,0,0,0,0,0,0,0,0,0,0,0,0,0,6,0,0,0,0,0,0,7,3,0,0,0,0,0,0,0,0,3,0,0,0,0,0,0,0,0,0,0,0,0,0,0,0,0,0,0,0,0,0,0,0,0,0,0,0,0,0,0,4,0,9,4,0,0,0,0,0,16
SAL21622,0,0,0,0,0,0,0,0,0,0,0,0,0,0,0,0,0,0,0,0,0,0,0,0,0,0,0,0,0,0,0,0,0,0,0,0,0,0,0,0,0,0,0,0,0,0,0,0,0,0,0,0,0,0,0,0,0,0,0,0,0,0,0,0,0,0,0,0,0,0,0,0,0,0,0,0,0,0,0,5
SAL21623,0,0,0,0,0,0,0,0,0,0,0,0,0,0,0,0,0,0,0,0,0,0,0,0,0,0,0,0,0,0,0,0,0,0,0,0,0,0,0,0,0,0,0,0,0,0,0,0,0,0,0,0,0,0,0,0,0,0,0,0,0,0,0,0,0,0,0,0,0,0,3,0,0,0,0,0,0,0,0,3
SAL21624,0,0,0,0,0,0,0,0,0,6,3,0,8,0,4,0,0,0,0,14,5,3,10,4,4,0,3,4,0,33,0,0,0,0,0,0,0,0,0,0,0,0,0,0,0,0,0,0,0,0,0,0,0,0,0,0,0,0,0,0,0,0,0,0,0,0,0,0,0,0,14,15,17,8,9,5,7,8,0,81
SAL21625,17,17,9,10,12,9,3,6,0,83,18,19,14,16,16,3,3,8,0,104,56,18,157,45,37,22,21,21,3,374,0,0,5,4,8,7,0,0,0,22,0,0,0,0,9,3,0,3,0,23,0,3,0,0,4,0,0,0,0,6,3,8,3,4,3,0,0,0,7,28,165,296,194,108,111,61,31,50,15,1023
SAL21626,0,0,0,0,0,0,0,0,0,0,0,0,0,0,0,0,0,0,0,0,0,0,0,0,0,0,0,0,0,0,0,0,0,0,0,0,0,0,0,0,0,0,0,0,0,0,0,0,0,0,0,0,0,0,0,0,0,0,0,0,0,0,0,0,0,0,0,0,0,0,0,0,0,0,0,0,0,0,0,4
SAL21627,0,0,0,0,0,0,0,0,0,5,0,3,0,0,0,0,0,0,0,8,4,3,10,0,0,0,0,4,0,22,0,0,0,0,0,0,0,0,0,0,0,0,0,0,0,0,0,0,0,4,0,0,0,0,0,0,0,0,0,0,0,0,0,0,0,0,0,0,0,4,12,20,11,0,7,0,0,12,0,61
SAL21628,6,4,0,0,3,0,0,0,0,11,4,3,4,7,5,0,0,3,0,27,11,9,39,16,8,3,11,8,0,99,0,0,0,0,0,0,0,0,0,5,0,0,0,0,4,0,0,0,0,5,0,0,0,0,0,0,0,0,0,0,5,0,0,0,0,0,0,0,0,3,45,81,42,31,27,11,14,19,3,274
SAL21629,33,41,18,26,32,11,4,9,5,173,37,33,16,33,31,15,5,9,0,177,44,29,81,28,30,13,14,24,4,271,0,3,0,5,9,4,0,4,0,22,9,3,8,7,10,3,0,0,0,50,3,5,0,5,4,0,0,3,0,16,3,12,7,5,3,4,0,0,12,48,584,1199,184,192,313,144,41,71,38,2770
SAL21630,0,0,0,0,0,0,0,0,0,0,0,0,0,0,0,0,0,0,0,0,0,0,4,3,0,0,0,0,0,12,0,0,0,0,0,0,0,0,0,0,0,0,0,0,0,0,0,0,0,0,0,0,0,0,0,0,0,0,0,0,0,0,0,0,0,0,0,0,0,0,0,5,4,3,0,0,0,0,0,21
SAL21631,0,3,0,4,0,0,0,0,0,6,0,0,0,0,0,0,0,0,0,4,0,0,9,0,4,0,0,0,0,17,0,0,0,0,0,0,0,0,0,0,0,0,0,0,0,0,0,0,0,4,0,0,0,0,0,0,0,0,0,0,0,0,0,0,0,0,0,0,0,4,0,11,8,9,8,0,0,0,0,34
SAL21632,0,0,0,0,0,0,0,0,0,3,0,0,0,0,0,0,0,0,0,3,7,0,4,3,0,0,0,0,0,13,0,0,0,0,0,0,0,0,0,0,0,0,0,0,0,0,0,0,0,0,0,0,0,0,0,0,0,0,0,0,0,0,0,0,0,0,0,0,0,0,7,0,4,3,0,0,0,0,0,25
SAL21633,4,0,0,0,0,0,0,0,0,4,4,0,0,0,0,0,0,0,0,4,7,0,3,0,0,0,0,0,0,8,0,0,0,0,0,0,0,0,0,0,0,0,0,0,0,0,0,0,0,0,0,0,0,0,0,0,0,0,0,0,0,0,0,0,0,0,0,0,0,0,19,5,3,0,0,0,0,0,0,28
SAL21634,0,0,0,0,0,0,0,0,0,0,0,0,0,0,0,0,0,0,0,4,4,0,0,0,0,0,0,0,0,13,0,0,0,0,0,0,0,0,0,0,0,0,0,0,0,0,0,0,0,0,6,0,0,0,0,0,0,0,0,6,0,0,0,0,0,0,0,0,0,0,14,8,4,0,0,0,0,0,0,39
SAL21635,12,21,19,23,36,16,15,14,7,149,14,25,43,104,40,20,22,34,12,311,42,16,228,131,65,39,68,69,14,678,3,0,9,7,7,3,14,7,0,51,9,0,10,21,8,15,13,14,0,87,0,3,6,9,3,7,3,3,0,26,3,14,11,11,13,3,6,11,20,100,171,593,387,443,311,156,210,194,75,2545
SAL21636,0,0,0,0,0,0,0,0,0,0,0,0,0,0,0,0,0,0,0,0,0,0,0,0,0,0,0,0,0,3,0,0,0,0,0,0,0,0,0,0,0,0,0,0,0,0,0,0,0,0,0,0,0,0,0,0,0,0,0,0,0,0,0,0,0,0,0,0,0,0,0,0,0,0,0,3,0,0,0,7
SAL21637,6,3,0,0,5,0,0,0,0,8,9,8,5,5,0,0,0,3,0,30,18,3,37,6,11,3,7,12,3,100,0,0,0,0,0,5,0,0,0,11,0,0,0,0,7,0,0,0,0,6,0,0,0,0,0,0,0,0,0,4,0,0,0,0,0,0,0,0,0,12,48,57,46,15,28,15,11,27,10,255
SAL21638,0,0,0,0,0,0,0,0,0,0,0,0,0,0,0,0,0,0,0,0,0,0,0,0,0,0,0,0,0,0,0,0,0,0,0,0,0,0,0,0,0,0,0,0,0,0,0,0,0,0,0,0,0,0,0,0,0,0,0,0,0,0,0,0,0,0,0,0,0,0,0,0,0,0,0,0,0,0,0,5
SAL21639,3,0,0,0,0,0,0,0,0,3,0,0,0,0,0,0,0,0,0,0,7,0,3,0,0,0,0,0,0,13,0,0,0,0,0,0,0,0,0,0,0,0,0,0,0,0,0,0,0,0,0,0,0,0,0,0,0,0,0,0,4,0,0,0,0,0,0,0,0,0,12,5,3,0,0,0,0,0,0,25
SAL21640,159,210,237,159,110,78,24,75,17,1071,243,251,480,524,243,212,60,231,33,2272,202,141,498,339,198,156,72,175,42,1835,17,14,25,34,23,12,4,31,0,160,37,44,38,67,56,29,17,45,9,336,36,74,30,34,22,22,18,21,7,266,45,70,56,54,32,25,23,69,100,472,3335,10942,2455,3031,2841,1795,548,1730,545,27225
SAL21641,0,0,0,0,0,0,0,0,0,0,0,0,0,0,0,0,0,0,0,0,0,0,0,0,0,0,0,0,0,0,0,0,0,0,0,0,0,0,0,0,0,0,0,0,0,0,0,0,0,0,0,0,0,0,0,0,0,0,0,0,0,0,0,0,0,0,0,0,0,0,0,0,0,0,0,0,0,0,0,4
SAL21642,16,6,5,18,21,6,10,6,0,83,20,13,17,49,32,18,18,18,5,189,42,17,204,124,77,21,93,79,8,667,0,0,7,8,6,0,5,12,0,44,4,0,6,12,9,3,12,5,4,51,5,0,0,3,4,0,3,0,0,21,3,3,13,11,6,3,12,13,6,78,121,202,279,302,213,79,177,154,32,1560
SAL21643,14,18,19,18,19,6,16,10,0,124,31,29,42,90,49,16,36,24,4,317,37,26,245,149,93,43,116,98,26,829,4,0,4,10,8,5,17,6,0,54,8,0,0,17,8,8,13,12,5,64,6,6,5,0,4,0,4,0,0,30,5,3,11,18,9,5,14,14,10,90,152,419,386,449,288,127,279,194,47,2334
SAL21644,15,23,13,20,22,9,7,5,0,120,29,25,28,84,51,21,22,16,0,278,49,34,292,161,119,57,108,104,11,943,7,0,8,7,10,5,10,7,0,47,6,9,6,14,3,4,7,7,5,66,6,4,0,3,0,0,4,0,0,16,7,4,5,7,10,6,6,14,11,78,186,354,387,386,299,140,189,184,44,2164
SAL21645,0,0,0,0,0,0,0,0,0,0,4,0,0,0,0,0,0,0,0,6,3,0,0,0,0,0,0,0,0,4,0,0,0,0,0,0,0,0,0,0,0,0,0,0,0,0,0,0,0,0,0,0,0,0,0,0,0,0,0,0,0,0,0,0,0,0,0,0,0,0,11,4,0,0,0,4,0,0,0,27
SAL21646,0,0,0,0,0,0,0,0,0,0,0,0,0,0,0,0,0,0,0,0,0,0,0,0,0,0,0,0,0,5,0,0,0,0,0,0,0,0,0,0,0,0,0,0,0,0,0,0,0,0,0,0,0,0,0,0,0,0,0,0,0,0,0,0,0,0,0,0,0,0,0,0,0,0,0,0,0,0,0,3
SAL21647,0,0,0,0,0,0,0,0,0,0,0,0,0,0,0,0,0,0,0,5,0,0,0,0,0,0,0,0,0,6,0,0,0,0,0,0,0,0,0,0,0,0,0,0,0,0,0,0,0,0,0,0,0,0,0,0,0,0,0,0,0,0,0,0,0,0,0,0,0,0,3,4,0,0,0,0,0,0,0,11
SAL21648,81,99,38,40,79,24,0,11,9,370,102,96,51,93,123,40,13,12,15,536,145,56,349,126,112,70,54,64,13,999,4,5,7,10,15,12,5,7,0,69,14,8,12,15,31,7,3,3,3,104,7,17,7,6,13,5,3,0,0,49,11,15,7,12,9,12,4,8,20,90,1002,1992,581,525,704,266,120,143,82,5412
SAL21649,8,7,0,0,9,0,0,0,0,29,5,5,3,7,6,0,0,0,0,32,15,3,43,13,5,0,6,3,3,95,4,0,0,0,0,0,0,0,0,8,0,3,0,4,0,3,0,0,0,14,0,0,0,0,0,0,0,0,0,0,5,4,0,0,0,0,0,0,3,5,77,112,61,38,40,13,10,8,6,353
SAL21650,0,0,0,0,0,0,0,0,0,0,0,0,0,0,0,0,0,0,0,0,0,0,0,0,0,0,0,0,0,5,0,0,0,0,0,0,0,0,0,0,0,0,0,0,0,0,0,0,0,0,0,0,0,0,0,0,0,0,0,0,0,0,0,0,0,0,0,0,0,0,0,0,0,0,0,0,0,0,0,5
SAL21651,0,0,0,0,0,0,0,0,0,3,0,0,0,0,0,0,0,0,0,3,8,0,0,0,0,0,0,0,0,7,0,0,0,0,0,0,0,0,0,0,0,0,0,0,0,0,0,0,0,0,0,0,0,0,0,0,0,0,0,0,0,0,0,0,0,0,0,0,0,0,9,5,0,5,0,0,0,0,0,21
SAL21652,0,0,0,0,0,0,0,0,0,0,0,0,0,0,0,0,0,0,0,0,3,0,5,0,0,0,0,0,0,14,0,0,0,0,0,0,0,0,0,0,0,0,0,0,0,0,0,0,0,0,0,0,0,0,0,0,0,0,0,0,0,0,0,0,0,0,0,0,0,0,12,6,5,0,4,4,0,3,0,30
SAL21653,10,0,0,12,5,0,0,0,0,31,12,16,0,19,8,8,3,3,0,64,43,13,103,64,32,26,35,38,5,361,3,5,6,5,4,0,7,3,0,22,0,0,0,0,5,0,0,3,0,11,0,0,0,0,0,0,0,0,0,0,3,3,0,8,6,0,0,7,3,49,86,126,120,123,64,34,53,60,17,674
SAL21654,0,5,0,0,0,0,0,0,0,10,4,4,0,0,0,0,0,4,0,11,8,3,15,4,4,3,7,10,0,56,0,0,0,0,0,0,0,0,0,4,0,0,0,0,0,0,0,0,0,6,0,0,0,0,0,0,0,0,0,0,0,0,3,0,0,0,0,4,0,9,22,21,21,12,6,5,4,21,0,108
SAL21655,0,0,0,0,0,0,0,0,0,0,0,0,0,0,0,0,0,0,3,4,6,0,10,3,9,0,3,3,0,29,0,0,0,0,0,0,0,0,0,0,0,0,0,0,0,0,0,0,0,0,0,0,0,0,0,0,0,0,0,0,0,0,0,0,0,0,0,0,0,7,8,9,13,8,3,3,4,4,4,55
SAL21656,6,4,0,0,3,0,0,0,0,23,9,3,5,9,8,0,0,0,0,27,18,0,40,9,12,0,9,15,0,110,0,0,0,0,4,0,0,0,0,11,6,0,0,5,0,0,0,3,0,10,0,0,0,0,0,0,0,0,0,0,0,0,0,0,0,4,0,4,0,12,64,49,46,25,36,10,20,29,0,273
SAL21657,0,0,0,0,0,0,0,0,0,0,0,0,0,0,0,0,0,0,0,0,8,0,0,0,0,0,0,0,0,8,6,0,0,0,0,0,0,0,0,6,0,0,0,0,0,0,0,0,0,0,0,0,0,0,0,0,0,0,0,0,4,0,0,0,0,0,0,0,0,4,12,0,0,0,6,0,0,0,0,21
SAL21658,5,0,0,3,0,0,0,0,0,8,0,3,0,0,0,3,0,0,0,8,6,0,3,4,0,3,0,3,0,20,0,0,0,0,0,0,0,0,0,0,4,0,0,0,0,0,0,0,0,4,0,0,0,0,0,0,0,0,0,0,0,0,0,0,0,0,0,0,0,5,11,12,10,7,0,7,3,3,0,54
SAL21659,88,83,80,87,92,42,32,28,9,535,129,127,142,313,180,80,68,55,12,1098,172,89,734,362,226,144,176,189,36,2134,10,8,10,23,50,23,11,13,0,148,18,14,16,53,37,24,15,30,8,218,8,15,12,6,8,4,10,4,0,68,13,9,21,28,17,8,7,8,20,137,914,2263,1217,1343,1088,518,458,478,135,8414
SAL21660,0,0,0,0,0,0,0,0,0,0,0,0,0,0,0,0,0,0,0,5,0,0,7,6,0,0,0,3,3,24,0,0,0,0,0,0,0,0,0,0,0,0,0,0,0,0,0,0,0,3,0,0,0,0,0,0,0,0,0,0,0,0,0,0,0,0,0,0,0,0,4,13,9,5,3,5,7,7,3,53
SAL21661,0,0,0,0,0,0,0,0,0,0,0,0,0,0,0,0,0,0,0,0,6,0,0,0,0,0,0,0,0,8,0,0,0,0,0,0,0,0,0,0,0,0,0,0,0,0,0,0,0,0,0,0,0,0,0,0,0,0,0,0,0,0,0,0,0,0,0,0,0,0,6,3,0,5,0,0,0,0,0,14
SAL21662,4,0,0,0,0,0,0,0,0,6,3,0,0,0,0,0,0,0,0,0,0,0,4,0,0,0,0,3,0,12,0,0,0,0,0,0,0,0,0,0,0,0,0,0,0,0,0,0,0,0,0,0,0,0,0,0,0,0,0,0,0,0,0,0,0,0,0,0,0,0,24,24,4,0,6,0,0,5,0,67
SAL21663,0,0,0,0,0,0,0,0,0,3,0,0,0,0,0,0,0,0,0,0,0,0,3,0,0,0,0,0,0,3,0,0,0,0,0,0,0,0,0,0,0,0,0,0,0,0,0,0,0,0,0,0,0,0,0,0,0,0,0,0,0,0,0,0,0,0,0,0,0,4,14,22,3,0,3,0,0,0,0,48
SAL21664,12,5,0,0,0,0,0,0,0,18,3,0,0,0,0,0,0,0,0,15,7,0,16,4,0,0,0,0,0,33,0,0,0,0,0,0,0,0,0,0,0,0,0,0,0,0,0,0,0,0,0,0,0,0,0,0,0,0,0,0,4,0,0,0,0,0,0,0,0,10,44,52,17,10,10,8,4,4,6,156
SAL21665,6,3,4,4,0,0,0,0,0,13,5,3,3,5,5,0,0,7,0,31,17,0,16,7,5,9,6,17,0,72,0,0,0,0,0,0,0,4,0,9,0,0,0,3,0,0,0,0,0,10,0,0,0,0,0,0,0,0,0,0,5,4,0,0,0,0,0,3,0,20,43,18,29,28,16,9,13,23,3,176
SAL21666,0,0,0,0,0,0,0,0,0,0,0,0,0,0,0,0,0,0,0,0,0,0,0,0,0,0,0,0,0,0,0,0,0,0,0,0,0,0,0,0,0,0,0,0,0,0,0,0,0,0,0,0,0,0,0,0,0,0,0,0,0,0,0,0,0,0,0,0,0,0,0,0,0,0,0,0,0,0,0,0
SAL21667,0,5,0,0,4,3,0,0,0,15,0,0,0,0,0,0,0,0,0,13,17,0,15,0,0,6,4,6,0,58,0,0,0,0,0,0,0,0,0,0,0,0,0,0,0,0,0,4,0,3,0,0,0,0,0,0,0,0,0,0,3,0,0,0,0,0,0,0,0,3,53,72,19,13,13,11,4,18,0,211
SAL21668,0,0,0,0,0,0,0,0,0,4,0,0,0,0,5,0,0,6,0,11,10,5,25,7,10,3,9,4,7,70,0,0,0,0,0,0,0,0,0,0,4,0,0,0,0,0,0,0,0,0,0,0,0,0,0,0,0,0,0,0,0,0,0,0,0,0,0,0,0,9,28,19,33,13,20,9,9,7,4,142
SAL21669,0,0,0,0,0,0,0,0,0,0,0,0,0,0,0,0,0,0,0,0,0,0,0,0,0,0,0,0,0,6,0,0,0,0,0,0,0,0,0,0,0,0,0,0,0,0,0,0,0,0,0,0,0,0,0,0,0,0,0,0,0,0,0,0,0,0,0,0,0,0,5,0,0,0,0,0,0,0,0,5
SAL21670,5,0,3,0,0,0,0,0,0,4,5,0,3,0,0,0,0,6,0,12,6,0,9,4,0,0,0,4,0,31,0,0,0,0,0,0,0,0,0,0,0,0,0,0,0,0,0,0,0,0,0,0,0,0,0,0,0,0,0,0,0,0,0,0,0,0,0,0,0,3,14,7,18,3,0,6,0,11,5,67
SAL21671,0,0,4,0,0,0,0,0,0,6,0,0,0,3,0,0,0,0,0,4,0,0,3,0,3,0,0,0,0,8,0,0,0,0,0,0,0,0,0,0,0,0,0,0,0,0,0,0,0,4,0,0,0,0,0,0,0,0,0,0,0,0,0,0,0,0,0,0,0,0,11,15,8,4,7,3,0,6,0,61
SAL21672,0,0,0,0,0,0,0,0,0,0,0,0,0,0,0,0,0,0,0,0,0,0,0,0,0,0,0,0,0,4,0,0,0,0,0,0,0,0,0,0,0,0,0,0,0,0,0,0,0,0,0,0,0,0,0,0,0,0,0,0,0,0,0,0,0,0,0,0,0,0,0,9,0,0,0,0,0,0,0,13
SAL21673,13,11,10,9,6,0,0,0,0,48,5,3,3,25,15,12,0,3,0,61,32,7,64,20,19,8,18,15,4,178,0,0,3,0,3,0,0,3,0,13,4,5,0,0,0,0,5,0,0,13,0,0,0,0,0,0,0,0,0,3,0,4,0,4,4,0,0,3,3,17,85,130,86,71,64,32,14,37,6,532
SAL21674,6,0,4,0,0,0,0,0,0,6,0,3,0,0,4,0,0,0,0,11,5,0,4,3,0,0,0,0,0,13,0,0,0,0,0,0,0,0,0,4,0,0,0,0,0,0,0,0,0,0,0,0,0,0,0,0,0,0,0,0,0,0,0,0,0,0,0,0,0,0,10,26,4,9,8,3,8,3,0,67
SAL21675,49,32,59,60,56,26,64,15,3,365,77,57,105,220,128,60,138,55,8,851,121,48,503,204,158,89,152,139,20,1435,3,4,6,12,26,9,15,11,0,88,17,11,17,33,27,14,28,22,0,164,8,10,5,7,3,3,9,3,3,57,15,10,17,19,18,13,21,13,21,143,566,1142,869,892,735,337,657,375,88,5663
SAL21676,0,0,0,0,0,0,0,0,0,0,0,0,0,0,0,0,0,0,0,0,6,0,0,0,0,0,0,0,0,5,0,0,0,0,0,0,0,0,0,0,0,0,0,0,0,0,0,0,0,0,0,0,0,0,0,0,0,0,0,0,0,0,0,0,0,0,0,0,0,0,4,0,0,0,0,0,0,0,0,11
SAL21677,30,25,3,7,10,10,0,0,0,77,23,23,0,11,12,15,3,6,0,93,27,11,30,6,10,3,5,3,0,103,0,0,0,0,0,0,0,0,0,12,3,4,0,0,4,6,0,4,3,25,3,0,0,0,0,0,0,0,0,10,0,9,0,3,0,5,0,3,6,27,480,762,62,68,145,66,14,22,38,1651
SAL21678,0,0,0,0,0,0,0,0,0,0,0,0,0,0,3,0,0,0,0,4,11,0,6,0,0,0,0,0,0,15,0,0,0,0,0,0,0,0,0,0,0,0,0,0,0,0,0,0,0,0,0,0,0,0,0,0,0,0,0,0,0,0,0,0,0,0,0,0,0,0,15,5,6,5,4,0,0,0,0,36
SAL21679,7,0,0,0,0,0,0,0,0,7,0,0,0,0,0,0,0,0,0,7,11,0,15,3,0,6,3,3,0,33,0,0,0,0,0,0,0,0,0,0,0,0,0,0,0,0,0,0,0,0,0,0,0,0,0,0,0,0,0,0,0,0,0,0,0,0,0,0,0,3,16,6,15,8,4,6,3,5,0,58
SAL21680,0,0,0,0,0,0,0,0,0,0,0,0,0,0,0,0,0,0,0,0,0,0,0,0,0,0,0,0,0,0,0,0,0,0,0,0,0,0,0,0,0,0,0,0,0,0,0,0,0,0,0,0,0,0,0,0,0,0,0,0,0,0,0,0,0,0,0,0,0,0,8,0,0,0,0,0,0,0,0,10
SAL21681,4,0,0,0,0,0,0,0,0,16,0,3,0,6,4,0,0,3,0,20,15,5,33,7,5,4,4,8,0,80,0,0,0,0,0,0,0,0,0,4,0,3,0,3,0,0,0,0,0,7,0,0,0,0,0,0,0,0,0,6,0,0,0,0,0,0,0,0,0,3,45,68,37,16,20,10,9,9,0,215
SAL21682,78,106,46,98,69,24,11,29,7,474,163,209,107,333,146,55,39,80,24,1169,353,191,1052,601,389,266,239,350,58,3503,27,18,18,39,44,49,18,52,0,263,32,17,14,65,44,32,16,34,5,262,8,14,5,8,10,0,5,17,0,76,34,35,24,39,26,20,23,71,54,318,1134,2545,1361,1466,930,509,389,779,176,9286
SAL21683,91,128,85,93,122,43,35,26,10,634,149,125,149,266,221,86,55,68,9,1116,214,105,942,372,259,162,209,233,57,2555,12,11,10,17,39,10,15,16,0,131,33,19,18,56,55,34,19,21,10,262,11,19,5,11,17,14,9,15,0,93,16,35,28,34,37,24,15,24,42,257,1044,2643,1478,1211,1339,599,475,541,177,9506
SAL21684,0,0,0,5,0,0,0,0,0,6,0,0,0,0,0,0,0,0,0,0,0,0,13,3,8,0,3,0,0,30,0,0,0,0,0,0,0,0,0,0,0,0,0,0,0,0,0,0,0,4,0,0,0,0,0,0,0,0,0,0,0,0,0,0,0,0,0,0,0,4,18,12,10,14,10,3,4,4,0,74
SAL21685,4,3,5,11,4,0,0,0,0,26,11,11,6,14,0,0,6,4,0,48,9,0,83,43,16,12,28,18,9,215,0,0,3,3,0,4,3,3,0,19,0,0,4,3,0,3,0,0,0,11,0,0,0,0,0,0,0,0,0,6,0,0,0,3,0,0,4,0,0,7,37,58,113,94,29,27,38,27,6,428
SAL21686,0,0,0,0,0,0,0,0,0,0,0,0,0,0,0,0,0,0,0,3,0,0,0,0,0,0,0,0,0,7,0,0,0,0,0,0,0,0,0,0,0,0,0,0,0,0,0,0,0,0,0,0,0,0,0,0,0,0,0,0,0,0,0,0,0,0,0,0,0,0,6,3,0,3,0,0,0,0,0,19
SAL21687,0,0,0,0,0,0,0,0,0,0,0,0,0,0,0,0,0,0,0,0,0,0,0,0,0,0,4,0,0,5,0,0,0,0,0,0,0,0,0,0,0,0,0,0,0,0,0,0,0,3,0,0,0,0,0,0,0,0,0,0,0,0,0,0,0,0,0,0,0,0,0,3,0,0,0,0,4,0,0,10
SAL21688,0,0,0,0,0,0,0,0,0,0,0,0,0,0,0,0,0,0,0,0,0,0,0,0,0,0,0,0,0,4,0,0,0,0,0,0,0,0,0,0,0,0,0,0,0,0,0,0,0,0,0,0,0,0,0,0,0,0,0,0,0,0,0,0,0,0,0,0,0,0,4,0,0,0,0,0,0,4,0,5
SAL21689,0,0,0,0,0,0,0,0,0,0,0,0,0,0,0,0,0,0,0,0,0,0,0,3,0,0,0,0,0,8,0,0,0,0,0,0,0,0,0,0,0,0,0,0,0,0,0,0,0,0,0,0,0,0,0,0,0,0,0,0,0,0,0,0,0,0,0,0,0,4,9,3,0,4,0,0,0,5,0,15
SAL21690,0,0,0,0,0,0,0,0,0,0,0,0,0,0,0,0,0,0,0,0,0,0,0,0,0,0,0,0,0,0,0,0,0,0,0,0,0,0,0,0,0,0,0,0,0,0,0,0,0,0,0,0,0,0,0,0,0,0,0,0,0,0,0,0,0,0,0,0,0,0,0,0,0,0,0,0,0,0,0,7
SAL21691,12,11,7,15,9,5,0,3,0,62,28,15,16,53,27,9,5,8,4,168,64,28,227,92,69,38,52,48,9,631,5,0,0,3,8,7,4,3,0,32,0,4,3,7,10,4,0,0,0,29,0,4,0,0,0,0,0,0,0,9,4,0,3,4,3,0,0,0,5,25,165,343,283,222,173,80,65,73,19,1414
SAL21692,3,0,0,0,0,0,0,4,0,4,3,0,0,0,0,0,0,0,0,3,0,0,0,3,0,0,0,0,0,9,0,0,0,0,0,0,0,0,0,0,0,0,0,0,0,0,0,0,0,0,0,0,0,0,0,0,0,0,0,0,0,0,0,0,0,0,0,0,0,0,10,0,0,3,0,0,0,4,0,22
SAL21693,0,0,0,0,0,0,0,4,0,9,0,0,0,0,0,0,0,0,0,0,5,0,0,0,0,0,0,4,0,11,0,0,0,0,0,0,0,3,0,5,0,0,0,0,0,0,0,0,0,0,0,0,0,0,0,0,0,0,0,0,0,0,0,0,0,0,0,0,0,0,12,6,0,0,4,0,0,9,0,31
SAL21694,3,0,0,0,0,0,0,0,0,0,4,0,0,0,0,0,0,0,0,3,4,0,0,0,0,0,0,0,0,4,0,0,0,0,0,0,0,0,0,0,0,0,0,0,0,0,0,0,0,0,0,0,0,0,0,0,0,0,0,0,0,0,0,0,0,0,0,0,0,0,13,3,0,0,0,0,0,5,0,24
SAL21695,0,0,0,0,0,0,0,0,0,0,0,0,0,0,0,0,0,0,0,4,3,0,0,3,0,0,0,0,0,7,0,0,0,0,0,0,0,0,0,0,0,0,0,0,0,0,0,0,0,3,0,0,0,0,0,0,0,0,0,0,4,0,0,0,0,0,0,0,0,6,12,4,0,3,0,0,0,0,0,28
SAL21696,5,0,0,0,0,0,0,0,0,0,0,0,0,0,0,0,0,0,0,0,0,0,0,0,0,0,0,0,0,3,0,0,0,0,0,0,0,0,0,0,0,0,0,0,0,0,0,0,0,0,0,0,0,0,0,0,0,0,0,0,0,0,0,0,0,0,0,0,0,0,8,3,0,0,0,0,0,0,0,18
SAL21697,0,0,0,0,0,0,0,0,0,0,0,0,0,0,0,0,0,0,0,0,0,0,0,0,0,0,0,0,0,0,0,0,0,0,0,0,0,0,0,0,0,0,0,0,0,0,0,0,0,0,0,0,0,0,0,0,0,0,0,0,0,0,0,0,0,0,0,0,0,0,0,0,0,0,0,0,0,0,0,0
SAL21698,3,0,0,0,0,0,0,0,0,9,8,0,0,10,0,0,0,0,0,17,8,4,4,4,4,6,3,3,0,39,0,0,0,0,0,0,0,3,0,6,0,0,0,0,0,0,0,0,0,5,0,0,0,0,0,0,0,0,0,0,0,0,0,0,0,0,0,4,0,5,29,23,6,13,6,11,8,14,3,110
SAL21699,0,0,0,0,0,0,0,0,0,0,0,0,0,0,0,0,0,0,0,0,0,0,0,0,0,0,0,0,0,0,0,0,0,0,0,0,0,0,0,0,0,0,0,0,0,0,0,0,0,0,0,0,0,0,0,0,0,0,0,0,0,0,0,0,0,0,0,0,0,0,0,0,0,0,0,0,0,0,0,0
SAL21700,0,0,0,0,0,0,0,0,0,0,0,0,0,0,0,0,0,0,0,0,0,0,0,0,0,0,0,0,0,0,0,0,0,0,0,0,0,0,0,0,0,0,0,0,0,0,0,0,0,0,0,0,0,0,0,0,0,0,0,0,0,0,0,0,0,0,0,0,0,0,0,0,0,0,0,0,0,0,0,0
SAL21701,0,0,0,0,0,0,0,0,0,0,0,0,0,0,0,0,0,0,0,0,0,0,0,0,0,0,0,0,0,9,0,0,0,0,0,0,0,0,0,0,0,0,0,0,0,0,0,0,0,0,0,0,0,0,0,0,0,0,0,0,0,0,0,0,0,0,0,0,0,4,6,0,0,0,0,0,0,0,0,22
SAL21702,5,3,0,0,0,0,0,0,0,5,4,0,0,0,0,0,0,0,0,9,11,0,7,5,4,0,6,5,8,36,0,0,0,0,0,0,0,0,0,3,0,0,0,0,0,0,0,0,0,0,3,0,0,0,0,0,0,0,0,3,0,0,0,0,0,0,0,0,0,3,27,15,11,7,3,0,8,5,8,85
SAL21703,3,13,5,0,4,0,0,4,0,38,11,14,7,22,5,9,4,10,0,76,35,14,90,26,32,10,24,27,4,275,4,0,0,0,6,4,0,0,0,18,0,0,0,8,0,0,4,0,0,13,0,0,0,0,0,0,0,0,0,7,3,4,4,3,0,8,0,5,3,29,91,192,118,79,74,32,37,51,11,685
SAL21704,0,0,0,0,0,0,0,0,0,0,0,0,0,0,0,0,0,0,0,0,0,0,0,0,0,0,0,0,0,0,0,0,0,0,0,0,0,0,0,0,0,0,0,0,0,0,0,0,0,0,0,0,0,0,0,0,0,0,0,0,0,0,0,0,0,0,0,0,0,0,0,0,0,0,0,0,0,0,0,0
SAL21705,3,0,0,0,0,0,0,0,0,3,0,0,0,0,0,0,0,0,0,0,0,0,0,0,0,0,0,0,0,0,0,0,0,0,0,0,0,0,0,0,0,0,0,0,0,0,0,0,0,0,0,0,0,0,0,0,0,0,0,0,0,0,0,0,0,0,0,0,0,0,3,0,0,0,0,0,0,0,0,11
SAL21706,60,98,48,41,67,26,6,5,0,357,82,97,92,121,121,45,17,37,10,614,113,65,354,149,125,66,47,70,13,1003,3,5,3,6,7,7,0,9,0,59,13,21,14,19,28,8,5,7,0,121,9,13,4,4,8,3,0,0,0,36,16,20,6,16,8,8,12,7,16,103,1081,2921,707,624,883,333,135,212,103,6996
SAL21707,3,8,0,3,3,0,0,0,0,14,0,0,0,10,7,0,0,3,0,31,11,4,45,18,9,8,10,11,0,109,4,0,0,0,0,0,0,0,0,9,0,0,0,4,5,0,0,3,0,6,0,0,0,0,0,0,0,0,0,5,0,0,0,6,0,0,0,0,0,6,28,46,47,42,28,13,12,16,4,232
SAL21708,3,0,0,0,0,0,0,0,0,5,0,0,0,0,0,0,0,0,0,0,0,0,0,0,0,0,0,0,0,3,0,0,0,0,0,0,0,0,0,0,0,0,0,0,0,0,0,0,0,0,0,0,0,0,0,0,0,0,0,0,0,0,0,0,0,0,0,0,0,4,8,0,4,0,3,0,0,0,0,18
SAL21709,0,0,0,0,0,0,0,0,0,0,0,0,0,0,0,0,0,3,0,7,6,0,0,5,0,0,0,6,0,14,0,0,0,0,0,0,0,0,0,0,0,0,0,0,0,0,0,0,0,0,0,0,0,0,0,0,0,0,0,0,3,0,0,0,0,0,0,0,0,3,10,0,0,5,4,0,3,6,0,38
SAL21710,4,0,0,0,0,0,0,0,0,4,0,0,0,0,0,0,0,0,0,0,3,0,4,5,0,0,0,0,0,10,0,0,0,0,0,0,0,0,0,0,0,0,0,0,0,0,0,0,0,0,0,0,0,0,0,0,0,0,0,0,0,0,0,0,0,0,0,0,0,0,6,9,4,5,3,0,0,0,0,19
SAL21711,0,0,0,0,0,0,0,0,0,0,0,0,0,0,0,0,0,0,0,4,6,0,3,0,0,0,0,0,0,15,0,0,0,0,0,0,0,0,0,0,0,0,0,0,0,0,0,0,0,0,0,0,0,0,0,0,0,0,0,0,0,0,0,0,0,0,0,0,0,0,12,6,10,3,0,0,0,6,0,41
SAL21712,0,0,0,0,0,0,0,0,0,0,0,0,0,0,0,0,0,0,0,0,0,0,0,0,0,0,0,0,0,4,0,0,0,0,0,0,0,0,0,0,0,0,0,0,0,0,0,0,0,0,0,0,0,0,0,0,0,0,0,0,0,0,0,0,0,0,0,0,0,0,0,0,0,0,0,0,0,0,0,4
SAL21713,3,0,0,0,0,0,0,0,0,3,0,0,0,0,0,0,0,0,0,0,3,0,0,0,0,0,0,0,0,0,0,0,0,0,0,0,0,0,0,0,0,0,0,0,0,0,0,0,0,0,0,0,0,0,0,0,0,0,0,0,0,0,0,0,0,0,0,0,0,0,5,0,0,0,0,0,0,0,0,10
SAL21714,0,0,0,4,0,0,0,0,0,4,0,0,0,0,0,0,0,0,0,4,4,0,8,4,0,0,4,3,0,23,0,0,0,0,0,0,0,0,0,6,0,0,0,0,0,0,0,0,0,0,0,0,0,0,0,0,0,0,0,0,0,0,0,0,0,0,0,0,0,0,14,9,9,3,3,0,3,3,0,50
SAL21715,5,3,0,0,0,0,0,0,0,11,3,0,0,0,0,0,0,5,0,9,12,0,13,0,0,5,6,5,0,35,0,0,0,0,0,0,0,0,0,0,0,0,0,0,0,0,0,0,0,0,0,0,0,0,0,0,0,0,0,0,4,0,0,0,0,0,0,0,0,7,33,20,20,3,6,7,4,8,0,101
SAL21716,12,13,8,18,17,4,0,5,0,93,34,37,16,81,39,19,7,10,0,241,77,34,345,194,112,58,82,114,27,1046,3,4,7,12,11,9,3,14,0,57,3,0,0,8,9,6,4,9,3,39,0,3,0,0,0,3,0,0,0,7,6,7,10,15,4,10,6,22,10,85,180,333,398,395,234,118,112,187,38,2001
SAL21717,3,0,0,0,0,0,0,0,0,3,11,0,4,10,4,0,0,0,0,28,7,3,39,5,8,4,4,9,0,75,0,0,0,0,0,0,0,0,0,0,0,0,0,0,0,0,0,0,0,4,0,0,0,0,0,0,0,0,0,0,0,5,0,0,4,0,0,3,0,15,23,36,44,17,20,7,7,11,5,169
SAL21718,0,0,0,0,0,0,0,0,0,0,0,0,0,4,0,0,0,0,0,6,0,0,3,0,0,0,0,0,0,10,0,0,0,0,0,0,0,0,0,0,0,0,0,0,0,0,0,0,0,0,0,0,0,0,0,0,0,0,0,0,0,0,0,0,0,0,0,0,0,0,5,36,5,4,7,0,0,0,0,57
SAL21719,0,0,0,0,0,0,0,0,0,4,0,0,0,0,0,0,0,0,0,0,0,0,0,0,0,0,0,0,0,5,0,0,0,0,0,0,0,0,0,0,0,0,0,0,0,0,0,0,0,0,0,0,0,0,0,0,0,0,0,0,0,0,0,0,0,0,0,0,0,0,5,0,0,0,0,0,0,0,0,10
SAL21720,0,0,0,0,0,0,0,0,0,0,0,0,0,0,0,0,0,0,0,0,0,0,0,0,0,0,0,0,0,0,0,0,0,0,0,0,0,0,0,0,0,0,0,0,0,0,0,0,0,0,0,0,0,0,0,0,0,0,0,0,0,0,0,0,0,0,0,0,0,0,0,0,0,0,0,0,0,0,0,0
SAL21721,4,0,0,0,0,0,0,0,0,7,0,0,0,0,3,0,0,0,0,0,9,0,0,0,0,0,0,5,0,8,0,0,0,0,0,0,0,0,0,0,0,0,0,0,0,0,0,0,0,0,0,0,0,0,0,0,0,0,0,0,0,0,0,0,0,0,0,3,0,3,12,5,0,3,3,0,0,10,0,34
SAL21722,0,0,0,0,0,0,0,0,0,0,0,0,0,0,0,0,0,0,0,0,0,0,3,0,0,0,0,0,0,7,0,0,0,0,0,0,0,0,0,0,0,0,0,0,0,0,0,0,0,0,0,0,0,0,0,0,0,0,0,0,0,0,0,0,0,0,0,0,0,0,0,5,3,0,0,0,0,4,0,21
SAL21723,0,0,0,0,0,0,0,0,0,0,0,0,0,0,0,0,0,0,0,0,0,0,0,0,0,0,0,0,0,4,0,0,0,0,0,0,0,0,0,0,0,0,0,0,0,0,0,0,0,0,0,0,0,0,0,0,0,0,0,0,0,0,0,0,0,0,0,0,0,0,3,8,0,0,0,0,0,0,0,12
SAL21724,3,0,0,0,0,0,0,0,0,3,0,0,0,0,4,0,0,0,0,0,3,3,0,0,0,0,0,0,0,7,0,0,0,0,0,0,0,0,0,0,0,0,0,0,0,0,0,0,0,0,0,0,0,0,0,0,0,0,0,0,0,0,0,0,0,0,0,0,0,0,15,9,0,0,4,6,0,0,5,36
SAL21725,0,0,0,0,0,0,0,0,0,0,0,0,0,0,0,0,0,0,0,0,0,0,0,0,0,0,0,0,0,0,0,0,0,0,0,0,0,0,0,0,0,0,0,0,0,0,0,0,0,0,0,0,0,0,0,0,0,0,0,0,0,0,0,0,0,0,0,0,0,0,4,3,0,0,0,0,0,0,0,7
SAL21726,0,0,0,0,0,0,0,0,0,0,0,0,0,0,0,0,0,0,0,0,0,0,7,0,0,0,0,0,0,16,0,0,0,0,0,0,0,0,0,0,0,0,0,0,0,0,0,0,0,0,0,0,0,0,0,0,0,0,0,0,0,0,0,0,0,0,0,0,0,0,17,11,6,0,0,0,0,0,0,45
SAL21727,18,19,11,15,18,3,0,3,0,95,25,10,21,33,23,9,0,12,0,137,63,15,219,59,37,26,25,33,9,478,0,0,0,4,3,0,0,0,0,10,6,0,7,0,3,3,0,6,0,25,3,6,0,0,4,3,0,0,0,10,4,0,0,3,6,4,0,3,0,25,188,290,275,152,129,61,37,69,19,1231
SAL21728,0,0,0,0,6,0,0,0,0,8,0,0,0,0,0,0,0,0,0,0,3,0,5,0,0,4,3,0,0,30,0,0,0,0,0,0,0,0,0,4,0,0,0,0,0,0,0,0,0,5,0,0,0,0,0,0,0,0,0,0,0,0,0,0,0,0,0,0,0,3,17,17,16,3,9,8,3,3,0,79
SAL21729,0,0,0,0,0,0,0,0,0,0,0,0,0,0,0,0,0,0,0,0,0,0,0,0,5,0,0,0,0,11,0,0,0,0,0,0,0,0,0,0,0,0,0,0,0,0,0,0,0,0,0,0,0,0,0,0,0,0,0,0,0,0,0,0,0,0,0,0,0,0,3,5,0,3,4,0,0,0,0,16
SAL21730,0,0,0,0,0,0,0,0,0,0,0,0,0,0,0,0,0,0,0,0,0,0,0,0,0,0,0,0,0,0,0,0,0,0,0,0,0,0,0,0,0,0,0,0,0,0,0,0,0,0,0,0,0,0,0,0,0,0,0,0,0,0,0,0,0,0,0,0,0,0,0,0,0,0,0,0,0,0,0,0
SAL21731,0,0,0,0,0,0,0,0,0,0,0,0,0,0,0,0,0,0,0,7,3,0,0,0,0,0,0,0,0,8,0,0,0,0,0,0,0,0,0,0,0,0,0,0,0,0,0,0,0,0,0,0,0,0,0,0,0,0,0,0,0,0,0,0,0,0,0,0,0,0,3,0,0,3,4,0,0,0,0,18
SAL21732,20,40,8,6,18,9,0,3,3,124,20,28,17,22,34,10,3,8,4,139,21,17,52,21,19,12,0,9,6,155,3,3,0,0,4,0,0,0,0,11,6,3,0,9,16,4,0,0,0,36,5,10,0,0,3,0,0,0,0,20,4,3,4,4,0,0,0,3,3,25,363,1040,121,116,269,97,21,53,25,2111
SAL21733,24,33,16,18,19,9,5,7,0,134,28,22,17,23,35,10,3,4,0,141,27,14,76,34,22,19,12,9,0,212,3,0,4,6,5,0,0,5,0,22,3,8,0,4,8,7,4,0,0,37,3,10,0,8,0,0,0,0,0,16,0,12,0,0,0,3,0,0,0,21,432,990,156,164,244,105,29,39,35,2197
SAL21734,0,0,0,0,0,0,0,0,0,0,0,0,0,0,0,0,0,0,0,0,3,0,3,0,0,0,0,0,0,11,0,0,0,0,0,0,0,0,0,0,0,0,0,0,0,0,0,0,0,0,0,0,0,0,0,0,0,0,0,0,0,0,0,0,0,0,0,0,0,0,6,4,3,0,0,0,0,5,0,19
SAL21735,43,64,19,43,41,16,5,7,5,234,59,68,41,60,68,31,9,17,0,349,109,37,338,97,86,39,26,41,14,775,4,4,3,5,11,3,0,4,0,32,18,11,4,7,18,5,0,6,0,71,3,5,0,0,4,0,0,0,0,15,6,17,0,0,3,9,4,0,7,53,613,1389,482,349,412,153,51,96,46,3605
SAL21736,39,30,14,29,28,9,0,8,4,157,44,53,40,58,56,17,7,10,5,292,104,40,448,79,88,31,47,81,11,927,4,0,7,4,8,8,9,5,0,44,9,5,7,16,23,6,6,5,0,76,0,0,0,3,0,0,0,3,0,8,12,3,6,9,4,9,0,4,10,55,347,620,552,271,313,96,83,128,37,2459
SAL21737,6,10,4,5,0,0,0,0,0,28,7,9,8,8,9,4,0,0,0,42,21,10,83,17,15,11,22,22,9,196,0,0,0,0,0,0,0,0,0,8,5,0,5,0,0,0,0,0,0,13,0,0,0,0,0,0,0,0,0,6,0,0,0,0,0,0,3,3,4,11,50,88,103,38,35,23,22,27,12,399
SAL21738,0,0,0,0,0,0,0,0,0,0,0,0,0,0,0,0,0,0,0,0,0,0,5,0,0,0,0,4,0,3,0,0,0,0,0,0,0,0,0,0,0,0,0,0,0,0,0,0,0,0,0,0,0,0,0,0,0,0,0,0,0,0,0,0,0,0,0,0,0,0,0,0,5,0,0,0,0,4,0,3
SAL21739,0,0,0,0,0,0,0,0,0,0,0,0,0,0,0,0,0,0,0,0,0,0,0,0,0,0,0,0,0,0,0,0,0,0,0,0,0,0,0,0,0,0,0,0,0,0,0,0,0,0,0,0,0,0,0,0,0,0,0,0,0,0,0,0,0,0,0,0,0,0,0,0,0,3,0,0,0,0,0,9
SAL21740,0,0,0,0,0,0,0,0,0,3,0,0,0,0,0,0,0,0,0,5,6,0,5,0,0,0,0,0,0,10,0,0,0,0,0,0,0,0,0,0,0,0,0,0,0,0,0,0,0,0,0,0,0,0,0,0,0,0,0,0,3,0,0,0,0,0,0,0,0,7,16,0,8,0,3,0,0,4,0,39
SAL21741,0,0,0,0,0,0,0,0,0,0,0,0,0,0,0,0,0,0,0,0,0,0,6,0,0,0,0,4,0,7,0,0,0,0,0,0,0,0,0,0,0,0,0,0,0,0,0,0,0,0,0,0,0,0,0,0,0,0,0,0,0,0,0,0,0,0,0,0,0,0,0,4,6,0,0,0,0,5,0,13
SAL21742,73,114,40,41,79,19,5,15,4,395,110,109,79,98,117,60,10,21,8,604,136,60,326,112,112,65,33,63,9,915,9,6,6,5,13,15,6,8,0,60,14,13,6,15,33,8,6,4,0,106,7,8,0,3,7,0,3,0,3,34,10,18,14,11,8,10,4,12,17,106,1381,3259,628,567,886,351,107,202,104,7488
SAL21743,0,0,0,0,0,0,0,0,0,0,0,0,0,0,0,0,0,0,0,5,6,0,7,0,0,0,0,0,0,15,0,0,0,0,0,0,0,0,0,0,0,0,0,0,0,0,0,0,0,0,0,0,0,0,0,0,0,0,0,0,0,0,0,0,0,0,0,0,0,0,8,6,6,4,0,0,0,0,0,27
SAL21744,0,0,0,0,0,0,0,0,0,0,0,0,0,0,0,0,0,0,0,4,0,0,0,0,0,0,0,0,0,5,0,0,0,0,0,0,0,0,0,0,0,0,0,0,0,0,0,0,0,0,0,0,0,0,0,0,0,0,0,0,0,0,0,0,0,0,0,0,0,0,10,15,5,0,0,3,0,0,0,32
SAL21745,0,0,0,0,0,0,0,0,0,0,0,0,0,0,0,0,0,0,0,0,0,0,0,0,0,0,0,0,0,5,0,0,0,0,0,0,0,0,0,0,0,0,0,0,0,0,0,0,0,0,0,0,0,0,0,0,0,0,0,0,0,0,0,0,0,0,0,0,0,0,3,0,0,3,3,0,0,0,0,12
SAL21746,27,41,30,25,29,12,4,7,0,164,41,30,42,52,54,22,7,15,0,269,56,36,173,33,40,16,17,37,10,415,3,0,6,8,12,3,0,3,0,29,8,4,4,13,17,4,0,8,0,50,0,8,0,3,0,3,0,3,0,20,8,3,3,9,11,0,4,3,6,48,447,911,319,231,298,129,49,110,33,2527
SAL21747,0,0,0,0,0,0,0,0,0,0,0,0,0,0,4,0,0,0,0,4,0,0,0,0,0,0,0,0,0,0,0,0,0,0,0,0,0,0,0,0,0,0,0,0,0,0,0,0,0,0,0,0,0,0,0,0,0,0,0,0,0,0,0,0,0,0,0,0,0,0,0,0,0,0,4,0,0,0,0,4
SAL21748,0,0,0,0,0,0,0,0,0,0,3,0,0,0,0,0,0,0,0,5,0,0,4,0,0,0,0,0,0,7,0,0,0,0,0,0,0,0,0,0,0,0,0,0,0,0,0,0,0,0,0,0,0,0,0,0,0,0,0,0,0,0,0,0,0,0,0,0,0,0,3,6,4,0,6,0,3,0,0,27
SAL21749,6,0,0,0,0,0,0,0,0,6,0,0,0,0,0,0,0,0,0,8,8,0,0,0,0,0,0,3,0,13,0,0,0,0,0,0,0,0,0,0,0,0,0,0,0,0,0,0,0,0,0,0,0,0,0,0,0,0,0,0,0,0,0,0,0,0,0,0,0,0,23,3,0,0,0,5,0,3,3,33
SAL21750,5,0,0,0,0,0,0,0,0,0,0,0,0,0,0,0,0,0,0,0,0,0,0,0,0,0,0,0,0,3,0,0,0,0,0,0,0,0,0,0,0,0,0,0,0,0,0,0,0,0,0,0,0,0,0,0,0,0,0,0,0,0,0,0,0,0,0,0,0,0,8,6,0,0,7,0,0,0,0,12
SAL21751,0,0,0,0,0,0,0,0,0,0,0,0,0,0,0,0,0,0,0,0,0,0,0,0,0,0,0,0,0,6,0,0,0,0,0,0,0,0,0,0,0,0,0,0,0,0,0,0,0,0,0,0,0,0,0,0,0,0,0,0,0,0,0,0,0,0,0,0,0,0,0,7,0,0,0,0,0,0,0,6
SAL21752,0,0,0,0,0,0,0,0,0,0,0,0,0,0,0,0,0,0,0,0,0,0,0,0,0,0,0,0,0,0,0,0,0,0,0,0,0,0,0,0,0,0,0,0,0,0,0,0,0,0,0,0,0,0,0,0,0,0,0,0,0,0,0,0,0,0,0,0,0,0,0,0,0,0,0,0,0,0,0,0
SAL21753,0,0,0,0,0,0,0,0,0,3,0,0,0,0,0,0,0,0,0,0,0,0,4,0,0,0,0,0,0,13,0,0,0,0,0,0,0,0,0,0,0,0,0,0,0,0,0,0,0,0,0,0,0,0,0,0,0,0,0,0,0,0,0,0,0,0,0,0,0,3,5,7,4,3,0,0,0,0,0,27
SAL21754,7,3,4,4,9,0,0,0,0,23,3,4,10,7,3,0,0,0,0,32,24,7,51,9,11,4,9,10,5,125,0,3,0,0,0,0,0,0,0,8,0,0,0,0,3,0,0,0,0,12,0,0,0,0,0,0,0,0,0,0,3,0,0,0,3,0,0,0,0,8,91,102,70,22,39,11,11,21,4,372
SAL21755,88,108,64,84,97,22,12,20,12,513,139,130,131,240,173,62,38,52,7,975,315,124,1266,391,303,144,185,226,42,3004,15,7,20,11,29,24,9,15,3,129,17,15,21,39,37,18,17,20,4,183,3,17,9,7,7,4,3,0,3,52,18,16,17,30,22,9,9,26,23,176,1043,2232,1654,1078,1008,403,302,435,130,8290
SAL21756,16,32,9,16,13,3,0,6,0,95,48,46,22,85,52,27,14,26,4,308,79,51,290,152,87,72,67,99,19,905,0,0,4,4,3,10,5,12,5,53,3,4,3,13,7,11,8,12,0,60,0,4,0,5,0,0,0,0,0,13,5,6,4,4,3,3,8,7,15,60,206,441,346,327,178,138,110,195,48,1992
SAL21757,0,0,0,0,0,0,0,0,0,0,0,0,0,3,0,0,0,0,0,6,5,0,6,0,3,0,4,0,0,13,0,0,0,0,0,0,0,0,0,0,0,0,0,0,0,0,0,0,0,0,0,0,0,0,0,0,0,0,0,0,0,0,0,0,0,0,0,0,0,3,9,4,6,9,3,0,4,0,0,38
SAL21758,0,0,0,0,0,0,0,0,0,0,3,0,0,0,0,0,0,0,0,9,0,0,3,0,0,0,0,0,0,4,0,0,0,0,0,0,0,0,0,0,0,0,0,0,0,0,0,0,0,0,0,0,0,0,0,0,0,0,0,0,0,0,0,0,0,0,0,0,0,0,8,0,3,4,3,0,0,0,0,27
SAL21759,0,5,0,0,0,0,0,0,0,8,0,0,4,0,0,0,0,0,0,4,3,0,13,0,0,0,3,4,3,25,0,0,0,0,0,0,0,0,0,0,0,0,0,0,0,0,0,0,0,0,0,0,0,0,0,0,0,0,0,0,0,0,0,0,0,0,0,0,0,0,11,20,19,0,6,0,3,6,0,70
SAL21760,48,63,18,34,49,26,6,10,5,258,86,61,38,69,72,32,9,17,0,374,102,49,284,101,85,35,22,47,8,735,5,6,10,0,6,3,5,0,0,32,15,9,3,16,19,8,5,3,4,79,3,7,4,0,0,0,0,4,0,25,6,10,5,8,14,9,4,0,5,66,709,1279,430,333,458,205,60,102,37,3619
SAL21761,0,0,0,0,0,0,0,0,0,0,0,0,0,0,0,0,0,0,0,0,0,0,0,0,0,0,0,3,0,3,0,0,0,0,0,0,0,0,0,0,0,0,0,0,0,0,0,0,0,0,0,0,0,0,0,0,0,0,0,0,0,0,0,0,0,0,0,0,0,0,0,3,0,0,0,0,0,3,0,9
SAL21762,0,7,0,4,4,4,0,0,0,23,9,4,4,15,0,4,0,5,0,42,20,5,56,16,9,5,3,8,0,128,0,0,0,0,0,0,0,0,0,0,5,0,0,0,0,0,0,0,0,7,0,0,0,0,0,0,0,0,0,3,0,0,5,0,0,0,0,0,0,11,66,105,76,44,34,7,5,16,0,356
SAL21763,112,120,61,103,80,46,8,23,4,553,173,161,89,220,154,94,13,43,18,954,345,103,968,309,255,139,91,193,41,2443,17,5,15,21,21,20,7,14,3,129,39,18,29,38,37,19,8,17,0,209,11,12,6,3,10,6,3,6,0,58,24,26,15,24,20,15,4,25,17,184,1305,2266,1283,988,859,435,155,369,104,7766
SAL21764,0,0,0,0,0,0,0,0,0,0,0,0,0,0,0,0,0,0,0,0,0,0,0,0,0,0,0,0,0,0,0,0,0,0,0,0,0,0,0,0,0,0,0,0,0,0,0,0,0,0,0,0,0,0,0,0,0,0,0,0,0,0,0,0,0,0,0,0,0,0,0,0,0,0,0,0,0,0,0,0
SAL21765,0,4,0,0,0,0,0,0,0,6,0,0,0,0,0,0,0,0,0,0,4,0,4,3,0,0,4,0,0,13,0,0,0,0,0,0,0,0,0,0,0,0,0,0,0,0,0,0,0,3,0,0,0,0,0,0,0,0,0,0,0,0,0,0,0,0,0,0,0,0,7,12,6,4,4,0,4,0,0,37
SAL21766,0,0,0,0,0,0,0,0,0,0,0,0,0,0,0,0,0,0,0,0,0,0,0,0,0,0,0,0,0,0,0,0,0,0,0,0,0,0,0,0,0,0,0,0,0,0,0,0,0,0,0,0,0,0,0,0,0,0,0,0,0,0,0,0,0,0,0,0,0,0,0,0,0,0,0,0,0,0,0,0
SAL21767,11,0,0,4,7,0,0,0,0,27,9,3,0,19,8,0,0,6,0,43,27,0,50,17,10,12,10,25,0,159,0,0,0,0,5,0,0,0,0,6,4,0,0,0,0,3,0,0,0,11,0,0,0,0,0,0,0,0,0,0,0,0,0,0,0,0,3,0,0,8,74,64,61,51,36,17,18,40,4,368
SAL21768,0,0,0,0,0,0,0,0,0,0,0,0,0,0,0,0,0,0,0,0,0,0,0,0,0,0,0,0,0,0,0,0,0,0,0,0,0,0,0,0,0,0,0,0,0,0,0,0,0,0,0,0,0,0,0,0,0,0,0,0,0,0,0,0,0,0,0,0,0,0,0,0,0,0,0,0,0,0,0,0
SAL21769,18,19,14,19,27,3,0,3,0,103,36,46,33,110,38,14,15,19,7,319,86,48,410,254,171,86,127,152,23,1358,0,7,13,12,14,9,9,19,0,84,4,3,9,15,9,12,4,3,0,60,0,3,5,7,3,0,5,7,0,25,4,14,17,16,10,17,17,20,14,124,212,499,548,504,331,157,186,249,64,2752
SAL21770,0,0,0,0,0,0,0,0,0,0,0,0,0,6,0,0,0,0,0,5,3,0,9,0,0,0,0,5,0,20,0,0,0,0,0,0,0,0,0,4,0,0,0,0,0,0,0,0,0,3,0,0,0,0,0,0,0,0,0,0,0,0,0,0,0,0,0,0,0,4,10,10,9,11,3,0,6,9,0,46
SAL21771,0,0,0,0,0,0,0,0,0,0,0,0,0,0,0,0,0,0,0,0,3,0,0,0,0,0,0,0,0,5,0,0,0,0,0,0,0,0,0,0,0,0,0,0,0,0,0,0,0,0,0,0,0,0,0,0,0,0,0,0,0,0,0,0,0,0,0,0,0,0,4,0,0,0,0,0,0,0,0,6
SAL21772,0,0,3,4,0,0,0,0,0,13,0,4,3,9,4,0,0,0,0,23,13,5,34,19,3,3,5,14,0,97,0,0,0,0,0,3,0,0,0,11,5,0,0,3,3,0,0,0,0,11,0,0,0,0,0,0,0,0,0,0,0,0,5,0,0,0,0,3,0,6,34,72,51,56,18,14,8,27,0,282
SAL21773,0,0,0,0,0,0,0,0,0,0,0,0,0,0,0,0,0,0,0,0,0,0,0,0,0,0,0,0,0,0,0,0,0,0,0,0,0,0,0,0,0,0,0,0,0,0,0,0,0,0,0,0,0,0,0,0,0,0,0,0,0,0,0,0,0,0,0,0,0,0,3,0,0,0,0,0,0,0,0,3
SAL21774,0,0,0,0,0,0,0,0,0,0,0,0,0,0,0,0,0,0,0,0,0,0,0,4,0,0,0,0,0,9,0,0,0,0,0,0,0,0,0,0,0,0,0,0,0,0,0,0,0,0,0,0,0,0,0,0,0,0,0,0,0,0,0,0,0,0,0,0,0,0,5,3,0,4,0,0,0,0,0,15
SAL21775,0,0,0,0,0,0,0,0,0,0,0,0,0,0,0,0,0,0,0,4,0,0,0,0,0,0,0,0,0,5,0,0,0,0,0,0,0,0,0,0,0,0,0,0,0,0,0,0,0,0,0,0,0,0,0,0,0,0,0,0,0,0,0,0,0,0,0,0,0,0,0,5,3,4,0,0,0,0,0,9
SAL21776,0,0,0,0,0,0,0,0,0,3,0,0,0,0,0,0,0,0,0,0,0,0,0,0,0,0,0,0,0,11,0,0,0,0,0,0,0,0,0,0,0,0,0,0,0,0,0,0,0,0,0,0,0,0,0,0,0,0,0,0,0,0,0,0,0,0,0,0,0,0,0,6,5,5,5,0,5,0,0,21
SAL21777,0,0,0,0,0,0,0,0,0,0,0,0,0,0,0,0,0,0,0,0,0,0,0,0,0,0,0,0,0,0,0,0,0,0,0,0,0,0,0,0,0,0,0,0,0,0,0,0,0,0,0,0,0,0,0,0,0,0,0,0,0,0,0,0,0,0,0,0,0,0,0,5,0,0,0,0,0,0,0,5
SAL21778,0,0,0,0,0,0,0,0,0,3,0,0,4,5,0,0,3,0,0,8,8,0,7,7,0,0,5,0,0,23,0,0,0,0,0,0,0,0,0,0,0,0,0,6,0,0,0,0,0,6,0,0,0,0,0,0,0,0,0,0,0,0,0,0,0,0,0,0,0,5,16,15,10,31,3,4,11,10,0,99
SAL21779,0,0,0,0,4,0,0,0,0,9,0,0,0,0,4,0,0,0,0,8,4,0,8,7,6,0,0,0,0,21,0,0,0,0,0,0,0,0,0,0,0,0,0,0,0,0,0,0,0,0,0,0,0,0,0,0,0,0,0,0,0,0,0,0,0,0,0,0,0,0,7,9,11,9,6,0,0,0,0,52
SAL21780,4,0,0,0,0,0,0,0,0,4,0,0,0,0,0,0,0,0,0,0,3,0,0,0,0,0,0,0,0,10,0,0,0,0,0,0,3,0,0,3,0,0,0,0,0,0,0,0,0,0,0,0,0,0,0,0,0,0,0,0,0,0,0,0,0,0,0,0,0,0,12,4,0,0,0,0,6,0,0,25
SAL21781,3,0,0,0,0,0,0,0,0,9,0,0,0,0,0,0,0,0,0,0,4,0,4,0,0,0,0,3,0,15,0,0,0,0,0,0,0,0,0,0,0,0,0,0,0,0,0,0,0,0,0,0,0,0,0,0,0,0,0,0,0,0,0,0,0,0,0,0,0,0,9,6,4,3,5,0,0,6,0,41
SAL21782,0,0,0,0,0,0,0,0,0,0,0,0,0,0,0,0,0,0,0,0,0,0,0,0,0,0,0,0,0,0,0,0,0,0,0,0,0,0,0,0,0,0,0,0,0,0,0,0,0,0,0,0,0,0,0,0,0,0,0,0,0,0,0,0,0,0,0,0,0,0,0,0,0,0,0,0,0,0,0,4
SAL21783,9,20,17,12,20,10,0,3,0,88,14,27,6,39,32,5,4,4,3,139,41,23,114,48,49,14,19,29,7,337,0,4,0,5,4,3,0,5,0,22,3,0,0,8,4,8,3,0,0,22,0,0,0,3,0,0,0,0,0,9,0,0,0,3,5,3,0,3,4,18,144,398,159,174,164,54,29,54,6,1177
SAL21784,3,0,0,0,0,0,0,0,0,3,0,0,0,0,0,0,0,0,0,0,0,0,0,0,0,0,0,0,0,0,0,0,0,0,0,0,0,0,0,0,0,0,0,0,0,0,0,0,0,0,0,0,0,0,0,0,0,0,0,0,0,0,0,0,0,0,0,0,0,0,3,0,0,0,0,0,0,0,0,0
SAL21785,0,0,0,0,0,0,0,0,0,0,0,0,0,0,0,0,0,0,0,0,4,0,0,0,0,0,0,0,0,3,0,0,0,0,0,0,0,0,0,0,0,0,0,0,0,0,0,0,0,0,0,0,0,0,0,0,0,0,0,0,0,0,0,0,0,0,0,0,0,0,4,0,0,0,0,0,0,0,0,3
SAL21786,0,0,0,0,0,0,0,0,0,5,3,0,0,0,0,0,0,0,0,7,7,0,17,8,3,0,0,9,0,55,0,0,0,0,0,0,0,0,0,0,0,0,0,0,0,0,0,0,0,4,0,0,0,0,0,0,0,0,0,6,0,0,0,0,0,0,3,0,0,8,21,18,27,12,20,0,11,14,5,111
SAL21787,8,11,6,4,5,0,0,0,0,43,9,19,9,8,7,4,0,3,0,50,29,8,48,5,10,6,7,6,8,127,4,4,0,4,0,0,0,0,0,6,5,0,0,0,0,0,0,0,0,13,0,5,0,0,0,0,0,0,0,5,3,0,0,0,0,0,0,0,3,8,99,196,76,40,38,21,12,12,3,502
SAL21788,0,0,0,0,0,0,0,0,0,0,0,0,0,0,0,0,0,0,0,4,0,0,0,5,0,4,0,0,0,11,3,0,0,0,0,0,0,0,0,3,0,0,0,0,0,0,0,0,0,0,0,3,0,0,0,0,0,0,0,3,0,0,0,0,0,0,0,0,0,0,8,10,0,5,4,4,0,0,0,29
SAL21789,0,0,0,0,0,0,0,0,0,0,0,0,0,0,0,0,0,0,0,0,0,0,0,0,0,0,0,0,0,0,0,0,0,0,0,0,0,0,0,0,0,0,0,0,0,0,0,0,0,0,0,0,0,0,0,0,0,0,0,0,0,0,0,0,0,0,0,0,0,0,0,3,0,0,0,0,0,0,0,0
SAL21790,26,27,12,29,21,7,0,4,5,131,44,31,42,73,47,17,15,12,0,284,79,34,277,107,71,42,40,51,14,706,6,3,4,5,8,10,0,5,0,43,7,0,0,6,15,8,0,0,5,46,0,10,4,3,0,3,0,0,0,28,0,6,10,9,5,4,0,3,0,38,342,847,400,364,273,140,93,100,44,2596
SAL21791,0,0,0,0,0,0,0,0,0,0,0,0,0,0,0,0,0,0,0,6,4,0,4,3,0,0,0,3,0,15,0,0,0,0,0,0,0,0,0,0,0,0,0,0,0,0,0,0,0,0,0,0,0,0,0,0,0,0,0,0,0,0,0,0,0,0,0,0,0,0,8,17,10,3,5,0,0,3,0,43
SAL21792,3,4,0,0,5,0,0,0,0,25,3,7,3,4,11,0,6,0,0,38,9,7,35,8,6,4,16,4,6,97,0,0,0,0,0,0,0,0,0,3,0,0,0,0,0,0,0,0,0,3,0,0,0,0,0,0,0,0,0,0,0,0,3,0,0,0,3,0,0,12,31,73,49,27,33,13,22,7,10,255
SAL21793,131,124,47,63,95,36,3,14,0,516,149,133,67,103,95,55,9,10,10,641,272,55,511,108,128,90,41,79,21,1309,11,10,9,6,14,10,4,3,0,50,35,23,9,24,32,25,0,5,5,153,16,16,3,8,8,7,0,0,0,56,26,20,3,19,15,13,4,4,25,128,1608,2381,748,500,721,365,78,151,98,6645
SAL21794,0,0,0,0,0,0,0,0,0,0,0,0,0,3,0,0,0,0,0,0,0,0,0,0,0,0,0,0,0,4,0,0,0,0,0,0,0,0,0,0,0,0,0,0,0,0,0,0,0,0,0,0,0,0,0,0,0,0,0,0,0,0,0,0,0,0,0,0,0,0,3,0,0,3,0,0,0,4,0,9
SAL21795,55,59,19,42,46,21,4,18,3,259,82,66,41,119,70,26,7,19,8,436,167,61,679,172,140,66,99,134,24,1542,10,4,8,10,8,12,6,12,0,61,7,7,9,8,19,9,3,13,0,75,0,9,0,9,0,4,0,8,0,26,7,5,9,19,6,3,8,8,5,68,520,868,807,468,415,166,133,222,50,3654
SAL21796,0,0,0,0,3,0,0,0,0,8,0,0,0,0,4,0,0,0,0,4,3,0,4,3,0,0,3,0,0,16,0,0,0,0,0,0,0,0,0,0,0,0,0,0,0,0,0,0,0,0,0,0,0,0,0,0,0,0,0,0,0,0,0,0,0,0,0,0,0,0,12,8,10,0,7,0,3,0,0,47
SAL21797,0,0,0,0,0,0,0,0,0,0,0,0,0,0,0,0,0,0,0,0,0,0,0,5,0,0,5,0,0,14,0,0,0,0,0,0,3,0,0,3,0,0,0,0,0,0,0,0,0,0,0,0,0,0,0,0,0,0,0,0,0,0,0,0,0,0,0,0,0,0,4,7,3,5,4,0,0,0,0,20
SAL21798,17,9,3,14,8,8,0,0,0,61,14,21,11,15,12,4,5,4,0,91,31,21,100,38,30,15,11,22,5,276,0,4,0,0,4,3,0,0,0,15,4,3,0,4,6,4,0,0,0,23,0,5,0,0,0,0,0,0,0,10,4,6,0,0,4,3,0,0,10,22,156,406,125,105,124,58,21,44,13,1057
SAL21799,0,0,0,0,0,0,0,0,0,3,0,0,0,0,0,0,0,0,0,0,0,0,0,0,0,0,0,0,0,3,0,0,0,0,0,0,0,0,0,0,0,0,0,0,0,0,0,0,0,0,0,0,0,0,0,0,0,0,0,0,0,0,0,0,0,0,0,0,0,0,0,0,0,0,0,0,0,0,0,3
SAL21800,0,0,0,0,0,0,0,0,0,0,0,0,0,0,0,0,0,0,0,0,0,0,0,0,0,0,0,0,0,8,0,0,0,0,0,0,0,0,0,0,0,0,0,0,0,0,0,0,0,0,0,0,0,0,0,0,0,0,0,0,0,0,0,0,0,0,0,0,0,0,3,0,0,0,0,0,0,0,0,15
SAL21801,6,12,0,5,9,0,0,0,3,39,3,5,5,14,0,9,0,0,0,38,16,5,35,7,8,0,0,3,0,86,0,0,0,0,0,0,0,0,0,8,0,0,0,0,0,0,0,0,0,13,0,5,0,6,0,0,0,0,0,3,0,6,0,0,0,4,0,0,0,14,125,223,50,45,48,18,7,15,13,552
SAL21802,0,0,0,0,0,0,0,0,0,0,0,0,0,0,0,0,0,0,0,0,0,0,0,0,0,0,0,0,0,0,0,0,0,0,0,0,0,0,0,0,0,0,0,0,0,0,0,0,0,0,0,0,0,0,0,0,0,0,0,0,0,0,0,0,0,0,0,0,0,0,0,0,0,0,0,0,0,0,0,8
SAL21803,139,133,51,74,81,52,11,14,12,565,154,129,60,156,129,68,17,29,5,756,313,99,731,204,185,122,69,123,37,1874,21,0,8,21,12,10,5,10,0,75,38,16,12,29,27,24,6,13,0,173,16,8,3,3,7,0,0,4,0,43,35,28,23,19,25,13,0,11,15,172,1361,2108,955,719,729,401,117,236,105,6732
SAL21804,0,0,0,0,0,0,0,0,0,0,0,0,0,0,0,0,0,0,0,0,6,0,0,0,0,0,0,0,0,15,0,0,0,0,0,0,0,0,0,0,0,0,0,0,0,0,0,0,0,0,0,0,0,0,0,0,0,0,0,0,0,0,0,0,0,0,0,0,0,0,16,0,4,0,3,0,0,6,0,35
SAL21805,0,4,0,0,0,0,0,0,0,8,0,0,0,0,0,0,0,0,0,3,11,0,14,3,0,0,3,0,0,32,3,0,0,0,0,0,0,0,0,3,0,0,0,0,0,0,0,0,0,0,0,0,0,0,0,0,0,0,0,0,0,0,0,0,0,0,0,0,0,4,23,19,16,9,9,6,4,9,0,84
SAL21806,0,0,0,0,0,0,0,0,0,0,0,0,0,0,0,0,0,0,0,0,0,0,0,0,0,0,0,0,0,0,0,0,0,0,0,0,0,0,0,0,0,0,0,0,0,0,0,0,0,0,0,0,0,0,0,0,0,0,0,0,0,0,0,0,0,0,0,0,0,0,0,0,0,0,0,0,0,0,0,0
SAL21807,8,7,3,4,12,3,0,0,0,39,6,15,12,19,15,4,3,0,0,67,14,13,83,46,26,22,10,20,8,243,0,0,0,3,0,0,3,0,0,10,0,0,0,0,0,3,0,0,0,12,0,0,0,0,0,0,0,0,0,3,0,0,0,4,0,0,3,4,5,14,67,238,104,118,88,51,37,41,10,741
SAL21808,0,0,0,0,0,0,0,0,0,0,0,0,0,0,0,0,0,0,0,0,0,0,0,0,0,0,0,0,0,3,0,0,0,0,0,0,0,0,0,0,0,0,0,0,0,0,0,0,0,0,0,0,0,0,0,0,0,0,0,0,0,0,0,0,0,0,0,0,0,0,3,4,0,0,0,0,0,3,0,13
SAL21809,0,0,0,0,0,0,0,0,0,0,0,0,0,0,0,0,0,0,0,0,4,0,0,0,0,0,0,0,0,7,0,0,0,0,0,0,0,0,0,0,0,0,0,0,0,0,0,0,0,0,0,0,0,0,0,0,0,0,0,0,0,0,0,0,0,0,0,0,0,0,7,0,0,0,0,0,0,0,0,17
SAL21810,5,0,0,0,0,0,0,0,0,10,0,0,0,0,0,0,0,4,0,3,9,0,11,4,3,0,0,0,0,30,0,0,0,0,0,0,0,0,0,3,0,0,0,0,0,0,0,0,0,3,0,0,0,0,0,0,0,0,0,0,0,0,0,0,0,0,0,0,0,0,13,24,18,5,10,5,5,8,0,92
SAL21811,0,0,0,0,0,0,0,0,0,0,0,0,0,0,0,0,0,0,0,0,0,0,0,0,0,0,0,0,0,0,0,0,0,0,0,0,0,0,0,0,0,0,0,0,0,0,0,0,0,0,0,0,0,0,0,0,0,0,0,0,0,0,0,0,0,0,0,0,0,0,0,0,0,0,0,0,0,0,0,0
SAL21812,0,0,0,0,0,0,0,0,0,0,0,0,0,0,0,0,0,0,0,0,0,0,0,0,0,0,0,0,0,0,0,0,0,0,0,0,0,0,0,0,0,0,0,0,0,0,0,0,0,0,0,0,0,0,0,0,0,0,0,0,0,0,0,0,0,0,0,0,0,0,0,0,0,0,0,0,0,0,0,0
SAL21813,4,4,0,0,4,0,0,0,0,5,4,5,0,4,4,0,0,0,0,18,8,3,23,3,0,0,9,7,0,55,0,0,0,0,0,0,0,0,0,4,0,0,0,0,0,0,0,0,0,4,0,0,0,0,0,0,0,0,0,0,0,0,0,0,0,0,0,0,0,0,24,30,21,13,17,0,11,8,0,128
SAL21814,0,0,0,0,0,0,0,0,0,11,3,0,0,0,0,0,0,0,0,5,0,0,9,0,0,0,0,0,0,10,0,0,0,0,0,0,0,0,0,0,0,0,0,0,0,0,0,0,0,0,0,0,0,0,0,0,0,0,0,0,0,0,0,0,0,0,0,0,0,0,10,7,9,12,5,4,0,0,0,47
SAL21815,0,0,0,0,0,0,0,0,0,3,0,3,0,0,0,0,0,0,0,3,4,0,5,0,0,0,4,3,0,18,0,0,0,0,0,0,0,0,0,0,0,0,0,0,0,0,0,0,0,0,0,0,0,0,0,0,0,0,0,0,6,0,0,0,0,0,0,0,0,6,12,9,9,0,0,0,4,8,0,41
SAL21816,139,150,87,87,117,53,25,41,12,701,145,129,136,150,171,95,34,83,24,978,159,72,498,181,176,91,83,122,25,1413,11,6,10,18,24,19,0,11,0,98,37,26,19,31,51,20,8,24,0,210,26,41,16,9,15,4,0,5,7,118,27,54,15,22,34,22,3,11,53,239,2353,5535,1193,982,1743,795,307,519,262,13683
SAL21817,0,0,0,0,0,0,0,0,0,0,0,0,0,0,0,0,0,0,0,0,0,0,4,0,0,0,0,0,0,5,0,0,0,0,0,0,0,0,0,0,0,0,0,0,0,0,0,0,0,0,0,0,0,0,0,0,0,0,0,0,0,0,0,0,0,0,0,0,0,0,0,3,4,0,0,0,0,6,0,16
SAL21818,0,0,0,0,0,0,0,0,0,3,0,0,0,0,0,0,0,0,0,3,6,0,8,0,0,0,0,4,0,17,0,0,0,0,0,0,0,0,0,0,0,0,0,0,0,0,0,0,0,0,0,0,0,0,0,0,0,0,0,0,3,0,0,0,0,0,0,0,0,3,10,3,10,0,0,0,0,4,0,29
SAL21819,0,0,0,0,0,0,0,0,0,0,6,0,0,0,0,0,0,0,0,3,9,0,0,8,0,0,0,0,0,18,0,0,0,0,0,0,0,0,0,0,0,0,0,0,0,0,0,0,0,0,0,0,0,0,0,0,0,0,0,0,0,0,0,0,0,0,0,0,0,0,20,10,0,8,0,0,0,9,0,43
SAL21820,0,0,0,4,0,0,0,0,0,9,8,3,0,0,0,4,0,4,0,25,11,3,21,4,3,4,4,13,0,68,0,0,0,0,0,0,0,0,0,0,3,0,0,0,0,0,0,0,0,5,0,0,0,0,0,0,0,0,0,0,5,0,0,0,0,0,0,0,0,10,34,32,18,19,10,5,4,20,0,139
SAL21821,0,0,0,0,0,0,0,0,0,0,0,0,0,0,0,0,0,0,0,0,0,0,0,0,0,0,0,0,0,0,0,0,0,0,0,0,0,0,0,0,0,0,0,0,0,0,0,0,0,0,0,0,0,0,0,0,0,0,0,0,0,0,0,0,0,0,0,0,0,0,0,0,4,0,0,0,0,0,0,9
SAL21822,6,0,0,4,5,0,0,0,0,14,5,0,0,8,5,0,0,0,0,10,7,3,11,11,9,0,6,7,0,50,0,0,0,0,0,0,0,0,0,0,0,0,0,0,3,0,0,6,0,6,0,0,0,0,0,0,0,0,0,0,0,0,0,0,0,0,0,0,0,3,30,23,20,18,18,5,6,10,5,121
SAL21823,4,0,0,0,0,0,0,0,0,3,0,0,0,0,5,0,0,4,0,12,6,0,5,3,0,0,0,7,0,21,0,0,0,0,0,0,0,0,0,0,0,0,0,0,0,0,0,0,0,0,0,0,0,0,0,0,0,0,0,0,0,0,0,0,3,0,0,0,0,8,11,5,10,6,7,0,0,9,0,57
SAL21824,0,0,0,0,3,0,0,0,0,9,4,0,0,0,3,0,0,0,0,23,7,0,14,10,4,0,9,8,0,48,0,0,0,0,0,0,0,0,0,4,0,0,0,0,0,0,0,0,0,4,0,0,0,0,0,0,0,0,0,0,0,4,0,0,0,0,0,0,0,5,28,29,27,17,20,12,9,12,3,148
SAL21825,0,0,0,0,0,0,0,0,0,0,0,0,0,0,0,0,0,0,0,0,0,0,0,0,0,0,0,0,0,4,0,0,0,0,0,0,0,0,0,0,0,0,0,0,0,0,0,0,0,0,0,0,0,0,0,0,0,0,0,0,0,0,0,0,0,0,0,0,0,0,3,4,6,0,0,0,0,0,0,10
SAL21826,3,0,0,0,0,0,0,0,0,6,0,0,0,0,0,0,0,0,0,4,9,0,7,5,0,0,4,3,0,24,0,0,0,0,0,0,0,0,0,4,0,0,0,0,0,0,0,0,0,6,0,0,0,0,0,0,0,0,0,0,0,0,0,0,0,0,0,0,0,0,21,20,6,9,10,0,4,7,0,73
SAL21827,79,80,51,46,81,27,22,30,13,430,84,86,115,136,151,66,31,46,22,731,123,62,409,154,131,61,82,109,19,1148,5,5,10,15,11,9,3,8,4,68,13,6,15,20,35,12,16,13,0,145,4,18,8,13,16,4,6,8,0,66,11,24,17,12,21,12,13,21,33,166,1025,2393,828,674,997,367,251,361,159,7056
SAL21828,3,4,0,0,0,0,0,0,0,7,0,0,0,0,0,0,0,0,0,3,4,0,10,0,0,0,0,0,0,14,0,0,0,0,0,0,0,0,0,0,0,0,0,0,0,0,0,0,0,5,0,0,0,0,0,0,0,0,0,0,0,0,0,0,0,0,0,0,0,0,13,5,11,0,0,0,0,3,0,32
SAL21829,0,0,0,0,0,0,0,0,0,5,0,0,6,0,0,0,0,0,0,3,6,0,5,0,0,0,0,4,0,11,0,0,0,0,0,0,0,0,0,0,0,0,0,0,0,0,0,0,0,0,0,0,0,0,0,0,0,0,0,0,0,0,0,0,0,0,0,0,0,0,7,7,5,0,6,0,0,4,0,26
SAL21830,0,0,0,0,0,0,0,0,0,3,5,0,0,0,0,0,0,0,0,5,6,4,9,6,0,4,0,0,0,24,0,0,0,0,0,0,0,0,0,0,0,0,0,0,0,0,0,0,0,0,0,0,0,0,0,0,0,0,0,0,0,0,0,0,0,0,0,0,0,0,15,6,14,7,0,5,0,0,0,46
SAL21831,0,0,0,0,0,0,0,0,0,0,0,0,0,0,0,0,0,0,0,0,0,0,0,0,0,0,0,0,0,3,0,0,0,0,0,0,0,0,0,0,0,0,0,0,0,0,0,0,0,0,0,0,0,0,0,0,0,0,0,0,0,0,0,0,0,0,0,0,0,0,4,0,0,0,0,0,0,0,0,6
SAL21832,0,0,0,3,3,0,0,0,0,12,0,9,5,9,3,3,0,3,0,29,4,5,33,22,10,9,10,9,0,104,0,0,0,0,0,0,0,0,0,3,0,0,0,0,0,0,0,0,0,3,0,0,0,0,0,0,0,0,0,0,0,3,0,0,0,0,0,0,0,9,17,49,44,43,23,13,10,15,3,222
SAL21833,0,0,0,0,0,0,0,0,0,3,0,0,0,0,0,0,0,0,0,5,3,0,0,4,0,0,0,0,0,10,0,0,0,0,0,0,0,0,0,0,0,0,0,0,0,0,0,0,0,0,0,0,0,0,0,0,0,0,0,0,0,0,0,0,0,0,0,0,0,0,5,10,0,8,5,0,0,0,0,32
SAL21834,0,0,0,0,0,0,0,0,0,4,0,0,0,0,0,0,0,0,0,5,4,0,10,3,3,0,5,0,0,32,0,0,0,0,0,0,0,0,0,0,0,0,0,0,0,0,0,0,0,0,0,0,0,0,0,0,0,0,0,0,0,0,0,0,0,0,0,0,0,0,12,15,10,3,10,4,5,0,4,66
SAL21835,0,0,0,0,0,0,0,0,0,4,0,0,0,0,0,0,0,0,0,8,6,0,4,0,0,0,0,3,0,14,0,0,0,0,0,0,0,0,0,0,0,0,0,0,0,0,0,0,0,0,0,0,0,0,0,0,0,0,0,0,0,0,0,0,0,0,0,0,0,0,11,15,9,5,3,0,3,3,0,46
SAL21836,0,0,0,0,0,0,0,0,0,0,4,0,0,0,0,0,0,0,0,4,3,3,3,0,0,0,0,0,0,15,0,0,0,0,0,0,0,0,0,0,0,0,0,0,0,0,0,0,0,0,0,0,0,0,0,0,0,0,0,0,0,0,0,0,0,0,0,0,0,0,14,9,3,0,0,0,0,0,3,33
SAL21837,0,0,0,0,0,0,0,0,0,0,0,0,0,0,0,0,0,0,0,0,0,0,0,0,0,0,0,0,0,0,0,0,0,0,0,0,0,0,0,0,0,0,0,0,0,0,0,0,0,0,0,0,0,0,0,0,0,0,0,0,0,0,0,0,0,0,0,0,0,0,7,0,0,0,0,0,0,0,0,4
SAL21838,0,0,0,0,0,0,0,0,0,0,0,0,0,0,0,0,0,0,0,0,6,0,0,0,0,0,0,0,0,5,0,0,0,0,0,0,0,0,0,0,0,0,0,0,0,0,0,0,0,0,0,0,0,0,0,0,0,0,0,0,0,0,0,0,0,0,0,0,0,0,6,0,0,0,0,0,0,0,0,6
SAL21839,6,0,0,0,0,0,0,0,0,5,0,0,0,0,0,0,0,0,0,0,8,0,0,0,0,0,0,0,0,5,0,0,0,0,0,0,0,0,0,0,0,0,0,0,0,0,0,0,0,0,0,0,0,0,0,0,0,0,0,0,0,0,0,0,0,0,0,0,0,0,11,7,0,0,3,0,0,0,0,23
SAL21840,3,0,0,0,0,0,0,0,0,4,0,0,0,0,0,0,0,0,0,7,7,0,10,0,0,0,0,5,0,22,0,0,0,0,0,0,0,3,0,3,0,0,0,0,0,0,0,0,0,0,0,0,0,0,0,0,0,0,0,0,0,0,0,0,0,0,0,0,0,3,15,9,10,5,4,0,0,3,0,42
SAL21841,0,0,0,0,0,0,0,0,0,0,0,0,0,0,0,0,0,0,0,0,0,0,0,4,0,0,0,0,0,11,0,0,0,0,0,0,0,0,0,0,0,0,0,0,0,0,0,0,0,0,0,0,0,0,0,0,0,0,0,0,0,0,0,0,0,0,0,0,0,0,4,0,0,4,0,0,0,5,0,17
SAL21842,0,0,0,0,0,0,0,0,0,0,0,0,0,0,0,0,0,0,0,4,8,0,4,0,3,0,3,3,0,23,0,0,0,0,0,0,0,0,0,0,0,0,0,0,0,0,0,0,0,0,0,0,0,0,0,0,0,0,0,0,0,0,0,0,0,0,0,0,0,0,8,11,4,0,3,0,3,3,0,36
SAL21843,0,0,0,0,0,0,0,0,0,0,0,0,0,0,0,0,0,0,0,0,0,0,0,0,0,0,0,0,0,0,0,0,0,0,0,0,0,0,0,0,0,0,0,0,0,0,0,0,0,0,0,0,0,0,0,0,0,0,0,0,0,0,0,0,0,0,0,0,0,0,0,0,0,0,0,0,0,0,0,5
SAL21844,0,3,0,0,0,0,0,0,0,7,0,0,0,0,0,0,0,0,0,5,0,0,11,0,3,0,0,0,0,16,0,0,0,0,0,0,0,0,0,0,0,0,0,0,0,0,0,0,0,0,0,0,0,0,0,0,0,0,0,0,0,0,0,0,0,0,0,0,0,0,7,11,8,4,3,4,0,4,0,44
SAL21845,0,0,0,0,3,0,0,0,0,5,0,0,0,0,0,0,0,0,0,3,6,0,4,3,4,0,7,9,0,28,0,0,0,0,0,0,0,0,0,0,0,0,0,0,0,0,0,0,0,0,0,0,0,0,0,0,0,0,0,0,3,0,0,0,0,0,0,0,0,7,14,15,5,10,5,0,7,11,0,62
SAL21846,0,0,0,0,0,0,0,0,0,0,0,0,0,0,0,0,0,0,0,0,0,0,0,0,0,0,0,0,0,0,0,0,0,0,0,0,0,0,0,0,0,0,0,0,0,0,0,0,0,0,0,0,0,0,0,0,0,0,0,0,0,0,0,0,0,0,0,0,0,0,0,0,0,0,0,0,0,0,0,0
SAL21847,0,0,0,0,0,0,0,0,0,3,3,0,0,0,0,0,0,0,0,4,5,0,4,0,0,0,0,0,0,8,0,0,0,0,0,0,0,0,0,0,0,0,0,0,0,0,0,0,0,0,0,0,0,0,0,0,0,0,0,0,0,0,0,0,0,0,0,0,0,0,21,12,8,0,0,0,0,0,0,42
SAL21848,0,0,0,0,0,0,0,0,0,5,0,0,0,0,0,0,0,0,0,0,6,0,4,0,0,0,0,3,0,7,0,0,0,0,0,0,0,0,0,0,0,0,0,0,0,0,0,0,0,0,0,0,0,0,0,0,0,0,0,0,0,0,0,0,0,0,0,0,0,0,15,5,4,0,0,0,0,5,0,32
SAL21849,39,49,22,24,30,15,8,8,0,182,69,58,54,67,67,32,11,14,5,378,59,50,166,68,61,31,19,33,4,494,3,3,0,3,5,5,5,4,0,33,8,9,4,20,13,9,3,8,0,71,11,9,3,0,6,3,0,7,0,38,12,12,3,4,7,4,4,4,16,61,773,1958,413,364,556,233,101,149,68,4619
SAL21850,3,6,3,3,6,0,0,0,0,20,0,3,0,11,3,0,0,0,0,24,19,3,11,12,10,4,11,4,0,86,0,0,0,0,0,0,0,4,0,7,0,0,0,0,0,0,0,0,0,6,0,0,0,0,0,0,0,0,0,0,0,0,0,0,0,0,0,0,0,11,46,56,16,30,24,5,12,19,8,218
SAL21851,0,0,0,0,0,0,0,0,0,0,0,0,0,0,0,0,0,0,0,3,8,0,3,0,0,0,0,0,0,13,0,0,0,0,0,0,0,0,0,0,0,0,0,0,0,0,0,0,0,0,0,0,0,0,0,0,0,0,0,0,0,0,0,0,0,0,0,0,0,3,12,18,5,4,3,0,0,0,0,42
SAL21852,4,0,0,0,0,0,0,0,0,4,3,0,0,0,0,0,0,0,0,10,4,0,9,4,0,0,3,0,0,28,0,0,0,0,0,0,0,0,0,0,0,0,0,0,0,0,0,0,0,0,0,0,0,0,0,0,0,0,0,0,0,0,0,0,0,0,0,0,0,0,12,9,14,5,9,0,3,3,0,51
SAL21853,0,3,0,0,0,0,0,0,0,3,0,0,0,0,0,0,0,0,0,3,6,0,9,0,0,0,0,3,0,15,0,0,0,0,0,0,0,0,0,0,0,0,0,0,0,0,0,0,0,0,0,0,0,0,0,0,0,0,0,0,0,0,0,0,0,0,0,0,0,0,11,3,6,0,4,0,0,3,0,34
SAL21854,0,0,0,0,0,0,0,0,0,0,0,0,0,0,0,0,0,0,0,0,0,0,0,0,0,0,0,0,0,4,0,0,0,0,0,0,0,0,0,0,0,0,0,0,0,0,0,0,0,0,0,0,0,0,0,0,0,0,0,0,0,0,0,0,0,0,0,0,0,0,0,0,0,0,0,0,0,0,0,4
SAL21855,0,0,0,0,0,0,0,0,0,0,0,0,0,0,0,0,0,0,0,0,9,0,8,0,0,0,3,0,0,21,0,0,0,0,0,0,0,0,0,4,0,0,0,0,0,0,0,0,0,0,0,0,0,0,0,0,0,0,0,0,0,0,0,0,0,0,0,0,0,6,20,0,8,0,0,0,8,0,0,32
SAL21856,0,0,0,0,0,0,0,0,0,0,5,0,0,0,0,0,0,0,0,4,0,0,0,4,0,0,0,4,0,7,0,0,0,0,0,0,0,0,0,0,0,0,0,0,0,0,0,0,0,0,0,0,0,0,0,0,0,0,0,0,0,0,0,0,0,0,0,0,0,0,7,4,0,4,0,0,0,4,0,20
SAL21857,0,4,0,4,0,0,0,0,0,12,0,6,0,5,4,0,0,0,0,14,9,6,33,13,6,7,13,7,0,82,0,0,0,0,7,0,0,0,0,3,5,0,0,0,0,0,0,0,0,5,0,0,0,0,0,0,0,0,0,0,0,0,0,0,0,0,0,3,0,6,18,33,36,16,21,10,12,14,7,162
SAL21858,0,0,0,0,0,0,0,0,0,0,0,0,0,0,0,0,0,0,0,0,0,0,0,0,0,0,0,0,0,0,0,0,0,0,0,0,0,0,0,0,0,0,0,0,0,0,0,0,0,0,0,0,0,0,0,0,0,0,0,0,3,0,0,0,0,0,0,0,0,3,3,0,0,0,0,0,0,0,0,0
SAL21859,3,0,0,0,0,0,0,0,0,6,6,0,6,3,4,0,0,3,0,22,15,0,18,3,6,0,9,6,0,52,0,0,0,0,4,0,0,0,0,6,0,0,0,3,0,0,0,0,0,6,0,0,0,0,0,0,0,0,0,0,0,0,0,0,0,0,0,0,0,4,36,33,22,14,24,0,14,10,0,151
SAL21860,3,0,0,0,0,0,0,0,0,5,4,0,0,0,0,0,0,0,0,9,5,0,5,0,3,0,4,3,0,23,0,0,0,0,0,0,0,0,0,0,0,0,0,0,0,0,0,0,0,4,0,0,0,0,0,0,0,0,0,0,0,0,0,0,0,0,0,0,0,0,21,11,7,3,0,0,4,9,0,62
SAL21861,0,0,0,0,0,0,0,0,0,5,4,0,0,0,0,0,0,0,0,5,4,0,5,0,0,0,0,0,0,9,0,0,0,0,0,0,0,0,0,0,0,0,0,0,0,0,0,0,0,0,0,0,0,0,0,0,0,0,0,0,0,0,0,0,0,0,0,0,0,0,8,7,0,0,0,0,0,0,0,20
SAL21862,0,0,0,0,0,0,0,0,0,0,0,0,0,0,0,0,0,0,0,4,3,0,0,0,5,0,3,0,0,18,0,0,0,0,0,0,0,0,0,0,0,0,0,0,0,0,0,0,0,0,0,0,0,0,0,0,0,0,0,0,0,0,0,0,0,0,0,0,0,0,8,11,0,4,0,0,3,0,0,36
SAL21863,6,8,8,17,6,6,5,6,0,63,10,11,8,35,17,9,7,7,0,111,41,9,137,62,39,30,38,48,7,408,0,0,3,5,3,0,0,0,0,22,8,0,4,3,3,0,3,3,0,23,0,0,0,0,0,0,3,3,0,7,6,8,3,7,0,3,4,6,0,35,98,205,177,145,91,59,61,89,7,935
SAL21864,0,0,0,0,0,0,0,0,0,0,0,0,0,0,0,0,0,0,0,0,4,0,0,0,0,0,0,0,0,6,0,0,0,0,0,0,0,0,0,0,0,0,0,0,0,0,0,0,0,0,0,0,0,0,0,0,0,0,0,0,0,0,0,0,0,0,0,0,0,0,5,0,0,4,0,0,0,0,0,10
SAL21865,0,0,0,0,0,0,0,0,0,0,0,0,0,4,0,0,0,0,0,7,7,0,12,0,3,0,6,4,0,35,0,0,0,0,0,0,0,0,0,4,0,0,0,0,0,0,0,0,0,0,0,0,0,0,0,0,0,0,0,0,0,0,0,0,0,0,0,0,0,4,13,9,16,7,3,0,6,6,0,61
SAL21866,0,0,0,0,0,0,0,0,0,3,0,0,0,0,0,0,0,0,0,0,0,0,0,0,0,0,0,0,0,0,0,0,0,0,0,0,0,0,0,0,0,0,0,0,0,0,0,0,0,0,0,0,0,0,0,0,0,0,0,0,0,0,0,0,0,0,0,0,0,0,0,0,0,0,0,0,0,0,0,3
SAL21867,6,6,5,6,3,3,0,5,0,34,10,8,3,24,3,0,0,0,0,62,28,10,91,27,26,4,21,37,3,265,0,0,0,0,3,0,3,3,0,8,3,0,0,0,0,0,0,7,0,15,0,0,0,0,0,0,0,0,0,5,3,3,0,5,0,0,5,0,5,23,91,113,107,87,52,21,33,65,8,575
SAL21868,0,0,0,0,0,0,0,0,0,3,0,0,0,0,0,0,0,0,0,0,4,0,0,4,0,0,3,0,0,10,0,0,0,0,0,0,0,0,0,0,0,0,0,0,0,0,0,0,0,0,0,0,0,0,0,0,0,0,0,0,0,0,0,0,0,0,0,0,0,0,6,5,0,3,0,0,0,5,0,20
SAL21869,0,0,0,0,0,0,0,0,0,3,0,0,0,0,0,0,0,0,0,0,0,0,0,0,0,0,0,0,0,3,0,0,0,0,0,0,0,0,0,0,0,0,0,0,0,0,0,0,0,0,0,0,0,0,0,0,0,0,0,0,0,0,0,0,0,0,0,0,0,0,0,4,0,0,3,0,0,0,0,17
SAL21870,6,0,0,0,0,0,0,0,0,5,7,0,0,4,0,0,0,0,0,5,9,0,5,4,3,0,10,4,0,29,0,0,0,0,0,0,0,0,0,0,0,0,0,0,0,0,0,0,0,3,0,0,0,0,0,0,0,0,0,0,0,0,0,0,0,0,0,0,0,0,30,9,5,10,10,0,7,8,0,83
SAL21871,0,0,0,0,0,0,0,0,0,0,0,0,0,0,0,0,0,0,0,0,0,0,0,0,0,0,0,0,0,0,0,0,0,0,0,0,0,0,0,0,0,0,0,0,0,0,0,0,0,0,0,0,0,0,0,0,0,0,0,0,0,0,0,0,0,0,0,0,0,0,6,0,0,0,0,0,0,0,0,3
SAL21872,3,0,0,0,0,0,0,0,0,4,0,0,0,0,0,0,0,0,0,0,0,0,0,0,0,0,0,0,0,0,0,0,0,0,0,0,0,0,0,3,0,0,0,0,0,0,0,0,0,0,0,0,0,0,0,0,0,0,0,0,0,0,0,0,0,0,0,0,0,0,3,5,0,0,6,0,0,0,0,20
SAL21873,0,0,0,0,0,0,0,0,0,0,0,0,0,0,0,0,0,0,0,0,0,0,0,0,0,0,0,0,0,5,0,0,0,0,0,0,0,0,0,0,0,0,0,0,0,0,0,0,0,0,0,0,0,0,0,0,0,0,0,0,0,0,0,0,0,0,0,0,0,0,0,0,0,0,0,0,0,0,0,5
SAL21874,0,0,0,0,0,0,0,0,0,0,0,0,0,0,0,0,0,0,0,0,3,0,4,3,0,0,0,4,0,21,0,0,0,0,0,0,0,0,0,0,0,0,0,0,0,0,0,0,0,4,0,0,0,0,0,0,0,0,0,0,0,0,0,0,0,0,0,0,0,0,3,5,9,3,4,0,8,10,0,37
SAL21875,0,0,0,0,0,0,0,0,0,8,5,0,3,0,0,0,0,0,0,10,27,0,22,0,3,3,4,4,0,69,3,0,0,0,0,0,0,0,0,6,0,0,0,0,0,0,0,0,0,4,0,0,0,0,0,0,0,0,0,4,4,0,0,0,0,0,0,0,0,7,44,23,26,11,5,4,4,6,0,133
SAL21876,0,0,0,0,0,0,0,0,0,0,0,0,0,0,0,0,0,0,0,0,0,0,0,0,0,0,0,0,0,0,0,0,0,0,0,0,0,0,0,0,0,0,0,0,0,0,0,0,0,0,0,0,0,0,0,0,0,0,0,0,0,0,0,0,0,0,0,0,0,0,0,0,0,0,0,0,0,0,0,0
SAL21877,0,0,5,0,3,0,0,0,0,11,4,5,0,13,5,0,0,0,0,24,10,0,31,8,8,0,3,7,0,69,4,0,0,0,0,0,0,0,0,4,0,0,0,0,0,0,0,0,0,3,0,0,0,0,0,0,0,0,0,3,0,0,0,0,0,0,0,0,0,0,27,49,36,19,17,3,10,11,0,176
SAL21878,3,0,0,5,4,0,0,0,0,10,4,3,0,5,7,0,0,3,0,34,27,3,77,19,18,3,23,13,8,186,0,0,4,0,0,7,0,0,0,15,0,0,0,0,3,0,0,0,0,8,0,0,0,0,0,0,0,0,0,0,10,0,6,0,0,0,6,0,0,21,65,39,84,40,37,12,31,24,12,339
SAL21879,7,3,3,0,5,0,0,0,0,24,7,5,7,0,0,0,0,0,0,21,12,0,44,4,11,0,12,4,4,96,0,0,0,4,0,0,0,0,0,10,0,0,0,0,4,3,0,0,0,11,0,0,0,0,0,0,0,0,0,0,5,0,0,0,0,0,0,0,3,14,43,47,57,17,24,11,14,13,6,242
SAL21880,0,0,0,0,5,0,0,0,0,8,0,0,0,3,0,0,0,0,0,5,7,0,11,0,0,0,4,5,0,38,0,0,0,0,0,0,0,0,0,0,3,0,0,0,0,0,0,0,0,6,0,0,0,0,0,0,0,0,0,0,0,0,0,0,0,0,0,0,0,0,22,12,15,9,4,3,0,5,0,77
SAL21881,0,0,0,0,0,0,0,0,0,6,0,0,0,0,0,0,0,0,0,0,4,0,0,0,0,0,0,0,0,14,0,0,0,0,0,0,0,0,0,0,0,0,0,0,0,0,0,0,0,0,0,0,0,0,0,0,0,0,0,0,0,0,0,0,0,0,0,0,0,0,13,0,4,0,0,0,6,4,0,26
SAL21882,0,0,0,0,0,0,0,0,0,0,0,0,0,0,0,0,0,0,0,0,6,0,0,0,0,0,0,0,0,13,0,0,0,0,0,0,0,0,0,0,0,0,0,0,0,0,0,0,0,0,0,0,0,0,0,0,0,0,0,0,0,0,0,0,0,0,0,0,0,0,19,4,4,0,3,0,0,3,0,39
SAL21883,0,0,0,0,0,0,0,0,0,0,0,0,0,0,0,0,0,0,0,0,3,0,3,0,0,0,0,0,0,10,0,0,0,0,0,0,0,0,0,0,0,0,0,0,0,0,0,0,0,0,0,0,0,0,0,0,0,0,0,0,0,0,0,0,0,0,0,0,0,0,6,0,3,0,0,0,0,0,0,9
SAL21884,0,0,0,0,0,0,0,0,0,3,0,0,0,0,0,0,0,0,0,0,9,0,0,0,0,0,0,0,0,14,0,0,0,0,0,0,0,0,0,3,0,0,0,0,0,0,0,0,0,0,0,0,0,0,0,0,0,0,0,0,0,0,0,0,0,0,0,0,0,0,10,0,0,3,3,0,0,3,0,24
SAL21885,0,0,0,0,0,0,0,0,0,3,0,0,0,0,0,0,0,0,0,0,5,0,4,4,0,0,4,0,0,18,0,0,0,0,0,0,0,0,0,0,0,0,0,0,0,0,0,0,0,0,0,0,0,0,0,0,0,0,0,0,0,0,0,0,0,0,0,0,0,0,4,8,9,6,3,0,4,4,0,35
SAL21886,0,0,0,0,0,0,0,0,0,0,0,0,0,0,0,0,0,0,0,3,4,0,3,0,0,0,0,7,0,16,0,0,0,0,0,0,0,0,0,0,0,0,0,0,0,0,0,0,0,4,0,0,0,0,0,0,0,0,0,0,0,0,0,0,0,0,0,0,0,0,8,7,6,0,0,0,0,7,0,40
SAL21887,0,0,0,0,0,0,0,0,0,3,0,0,0,0,0,0,0,0,0,0,3,0,6,0,0,3,0,0,0,13,0,0,0,0,0,0,0,0,0,0,0,0,0,0,0,0,0,0,0,0,0,0,0,0,0,0,0,0,0,0,0,0,0,0,0,0,0,0,0,0,8,13,4,3,0,4,0,5,0,32
SAL21888,0,0,0,0,0,0,0,0,0,4,0,0,0,0,0,0,0,0,0,0,0,0,0,0,0,0,0,0,0,4,0,0,0,0,0,0,0,0,0,0,0,0,0,0,0,0,0,0,0,0,0,0,0,0,0,0,0,0,0,0,0,0,0,0,0,0,0,0,0,0,6,4,0,0,0,0,0,4,0,21
SAL21889,0,0,0,0,0,0,0,0,0,6,0,0,0,5,0,0,0,0,0,8,7,0,15,0,6,5,4,5,0,41,0,0,0,0,0,0,0,0,0,0,0,0,0,0,0,0,0,0,0,0,0,0,0,0,0,0,0,0,0,0,5,0,0,0,0,0,0,0,0,5,20,13,15,11,10,5,4,8,6,78
SAL21890,0,0,0,0,0,0,0,0,0,4,0,0,0,0,0,0,0,0,0,0,7,0,0,0,0,0,0,0,0,11,0,0,0,0,0,0,0,0,0,0,0,0,0,0,0,0,0,0,0,4,0,0,0,0,0,0,0,0,0,0,0,0,0,0,0,0,0,0,0,0,9,6,0,0,0,0,0,0,0,22
SAL21891,0,0,0,0,0,0,0,0,0,0,0,0,0,0,0,0,0,0,0,0,0,0,4,0,0,0,0,0,0,0,0,0,0,0,0,0,0,0,0,0,0,0,0,0,0,0,0,0,0,0,0,0,0,0,0,0,0,0,0,0,0,0,0,0,0,0,0,0,0,0,6,3,4,0,0,0,0,0,0,14
SAL21892,0,8,0,0,0,0,0,0,0,8,0,9,0,3,0,0,0,5,0,11,7,3,23,9,5,0,5,3,0,69,0,0,0,0,0,0,0,0,0,0,0,0,0,0,0,0,0,0,0,4,0,0,0,0,0,0,0,0,0,0,0,0,0,0,0,0,0,0,0,4,33,54,31,25,9,0,4,9,0,168
SAL21893,60,83,82,86,103,31,34,50,14,546,117,126,162,304,208,83,70,98,21,1203,217,111,1083,365,318,147,277,249,52,2820,12,12,19,15,29,22,10,17,3,143,17,13,24,51,58,24,31,32,3,255,14,16,11,11,18,4,9,10,0,88,18,26,25,26,24,24,25,19,43,222,907,1965,1607,1179,1231,487,574,635,190,8778
SAL21894,6,3,0,0,4,0,0,0,0,10,4,0,0,4,0,0,0,0,0,10,11,4,22,0,4,0,4,8,0,61,0,0,0,0,0,0,0,0,0,0,0,0,0,0,0,0,0,0,0,0,0,0,0,0,0,0,0,0,0,0,0,0,0,0,0,0,0,0,0,4,37,37,27,9,24,4,8,10,6,158
SAL21895,29,34,19,12,39,11,0,9,9,165,74,33,29,50,71,25,23,16,15,321,131,35,365,63,83,48,61,49,25,850,6,0,4,6,13,4,5,0,0,41,11,3,4,9,20,9,6,0,0,53,7,3,3,3,6,0,0,0,0,24,11,11,7,6,6,0,0,7,8,66,477,691,475,204,376,142,112,119,67,2668
SAL21896,110,102,78,88,132,35,50,53,11,664,192,158,169,278,233,99,88,83,23,1322,281,121,1135,384,325,177,243,291,57,3012,18,5,31,24,32,27,20,27,0,179,37,15,32,51,49,31,20,18,9,264,7,14,11,12,15,6,9,7,0,86,26,31,33,25,34,15,25,25,35,249,1186,2226,1683,1231,1353,591,572,644,195,9684
SAL21897,0,0,0,0,0,0,0,0,0,0,6,0,0,0,0,0,0,0,0,6,0,0,0,0,0,0,0,0,0,0,0,0,0,0,0,0,0,0,0,0,0,0,0,0,0,0,0,0,0,0,0,0,0,0,0,0,0,0,0,0,0,0,0,0,0,0,0,0,0,0,5,0,0,0,0,0,0,0,0,12
SAL21898,6,8,0,5,0,0,0,7,0,31,10,4,3,28,10,5,3,3,0,56,33,10,77,33,23,13,19,26,10,245,0,0,0,0,0,5,0,5,0,14,4,0,0,0,0,0,0,0,0,6,0,0,0,0,0,0,0,5,0,7,0,4,0,3,3,0,4,5,0,19,75,115,85,77,46,25,32,58,12,526
SAL21899,9,0,0,0,0,0,0,0,0,5,3,0,0,0,0,0,0,0,0,14,18,4,17,6,0,8,5,9,0,68,0,0,0,0,0,0,0,0,0,0,0,0,0,4,0,0,0,0,0,4,0,0,0,0,0,0,0,0,0,0,0,0,0,0,0,0,0,0,0,7,35,59,19,24,10,7,3,13,7,178
SAL21900,0,0,0,0,0,0,0,0,0,0,0,0,0,0,0,0,0,0,0,0,3,0,0,0,4,0,0,0,0,13,0,0,0,0,0,0,0,0,0,0,0,0,0,0,0,0,0,0,0,0,0,0,0,0,0,0,0,0,0,0,5,0,0,0,0,0,0,0,0,5,3,4,0,5,4,0,0,0,0,19
SAL21901,0,0,0,0,0,0,0,0,0,0,0,0,0,0,0,0,0,0,0,0,5,0,0,0,0,0,0,0,0,10,0,0,0,0,0,0,0,0,0,0,0,0,0,0,0,0,0,0,0,0,0,0,0,0,0,0,0,0,0,0,0,0,0,0,0,0,0,0,0,0,5,0,0,5,0,0,0,0,0,14
SAL21902,0,0,0,0,0,0,0,0,0,0,0,0,0,0,0,0,0,0,0,0,3,0,3,0,0,0,0,0,0,8,0,0,0,0,0,0,0,0,0,0,0,0,0,0,0,0,0,0,0,0,0,0,0,0,0,0,0,0,0,0,0,0,0,0,0,0,0,0,0,0,0,0,0,0,0,0,0,4,0,17
SAL21903,0,0,0,0,0,0,0,3,0,9,9,3,0,3,3,0,0,4,0,16,3,0,15,4,0,0,4,0,4,37,0,0,0,0,0,0,0,0,0,0,0,0,0,0,3,0,0,0,0,3,0,0,0,0,0,0,0,0,0,0,0,0,0,0,0,0,0,0,0,0,17,24,14,14,9,3,4,4,4,98
SAL21904,0,0,0,0,0,0,0,0,0,0,0,0,0,0,0,0,0,0,0,0,0,0,3,0,0,0,0,0,0,6,0,0,0,0,0,0,0,0,0,0,0,0,0,0,0,0,0,0,0,0,0,0,0,0,0,0,0,0,0,0,0,0,0,0,0,0,0,0,0,5,4,4,3,0,0,0,0,0,0,14
SAL21905,0,0,0,0,0,0,0,0,0,0,0,0,0,0,0,0,0,0,0,0,0,0,0,0,0,0,0,0,0,3,0,0,0,0,0,0,0,0,0,0,0,0,0,0,0,0,0,0,0,0,0,0,0,0,0,0,0,0,0,0,0,0,0,0,0,0,0,0,0,0,0,0,0,0,0,0,0,0,0,3
SAL21906,0,0,0,0,0,0,0,0,0,0,0,0,0,0,0,0,0,0,0,0,0,0,0,0,0,0,0,0,0,0,0,0,0,0,0,0,0,0,0,0,0,0,0,0,0,0,0,0,0,0,0,0,0,0,0,0,0,0,0,0,0,0,0,0,0,0,0,0,0,0,4,0,0,0,0,0,0,5,0,15
SAL21907,0,0,0,3,4,0,0,0,0,5,0,0,0,0,0,0,0,0,0,4,5,3,17,5,3,0,0,3,4,31,0,0,0,0,0,0,0,0,0,0,0,0,0,0,0,0,0,0,0,0,0,0,0,0,0,0,0,0,0,0,0,0,0,0,0,0,0,0,0,5,9,12,21,10,12,0,3,8,4,69
SAL21908,0,0,0,0,0,0,0,0,0,4,0,0,0,0,0,0,0,0,0,5,11,0,9,0,0,0,3,0,0,33,0,0,0,0,0,0,0,0,0,3,0,0,0,0,0,0,0,0,0,0,0,0,0,0,0,0,0,0,0,0,0,0,0,0,0,0,0,0,0,0,22,11,8,4,4,0,3,3,0,60
SAL21909,0,0,0,0,0,0,0,0,0,6,0,0,0,0,0,0,0,0,0,3,3,0,7,0,0,5,0,8,0,19,0,0,0,0,0,0,0,0,0,0,0,0,0,0,0,0,0,0,0,3,0,0,0,0,0,0,0,0,0,0,0,0,0,0,0,0,0,0,0,6,9,5,6,0,3,5,0,8,0,47
SAL21910,0,0,0,0,0,0,0,0,0,0,0,0,0,0,0,0,0,0,0,0,0,0,3,0,0,0,0,3,0,4,0,0,0,0,0,0,0,0,0,0,0,0,0,0,0,0,0,0,0,0,0,0,0,0,0,0,0,0,0,0,0,0,0,0,0,0,0,0,0,0,0,4,3,7,0,0,0,3,0,16
SAL21911,12,4,3,5,3,0,0,4,0,32,9,21,0,19,3,4,4,0,0,57,39,5,70,25,13,7,20,25,3,205,0,0,0,4,4,0,0,5,0,10,0,0,0,0,0,0,0,0,0,10,0,0,0,0,0,0,0,0,0,9,0,0,0,0,0,0,0,5,0,4,77,102,82,61,41,25,31,35,4,465
SAL21912,0,0,4,0,0,0,0,0,0,4,3,4,0,0,0,0,0,0,0,11,8,0,16,8,8,4,5,8,0,55,0,0,0,0,0,0,0,0,0,0,0,0,0,0,0,0,0,0,0,0,5,0,0,0,0,0,0,0,0,4,0,0,0,0,0,0,0,0,0,4,12,14,19,7,8,8,9,14,0,88
SAL21913,0,0,0,0,0,0,0,0,0,0,0,0,0,0,0,0,0,0,0,0,0,0,0,0,0,0,0,0,0,0,0,0,0,0,0,0,0,0,0,0,0,0,0,0,0,0,0,0,0,0,0,0,0,0,0,0,0,0,0,0,0,0,0,0,0,0,0,0,0,0,0,0,0,0,0,0,0,0,0,0
SAL21914,0,0,0,0,0,0,0,0,0,0,3,0,0,0,0,0,0,0,0,6,3,0,4,0,0,0,0,0,4,20,0,0,0,0,0,0,0,0,0,3,0,0,0,0,0,0,0,0,0,4,0,0,0,0,0,0,0,0,0,0,0,0,0,0,0,0,0,0,0,0,14,8,4,4,7,0,0,4,4,40
SAL21915,4,0,0,0,0,0,0,0,0,3,0,5,0,0,0,0,0,0,0,10,9,0,14,5,3,0,3,0,0,30,0,0,0,0,0,0,0,0,0,0,0,0,0,0,0,0,0,0,0,0,0,0,0,0,0,0,0,0,0,0,0,0,0,0,0,0,0,0,0,0,14,19,14,9,12,4,5,5,0,73
SAL21916,0,0,0,0,0,0,0,0,0,3,0,0,0,0,0,0,0,0,0,0,4,0,0,0,0,0,0,0,0,6,3,0,0,0,0,0,0,0,0,3,0,0,0,0,0,0,0,0,0,0,0,0,0,0,0,0,0,0,0,0,0,0,0,0,0,0,0,0,0,0,16,7,0,0,0,0,0,0,0,19
SAL21917,9,3,0,3,4,0,5,0,0,29,11,7,0,12,6,4,0,0,0,44,18,3,45,9,17,7,6,7,4,114,0,0,0,0,0,0,0,0,0,5,0,0,0,0,0,0,5,0,0,12,0,0,0,0,0,0,0,0,0,3,0,8,0,0,0,0,0,0,0,13,68,149,55,41,41,16,16,15,3,401
SAL21918,0,0,0,0,0,0,0,0,0,0,0,0,0,0,0,0,0,0,0,0,0,0,0,0,0,0,0,0,0,5,0,0,0,0,0,0,0,0,0,0,0,0,0,0,0,0,0,0,0,0,0,0,0,0,0,0,0,0,0,0,0,0,0,0,0,0,0,0,0,0,4,0,0,0,0,0,0,0,0,7
SAL21919,0,0,0,0,0,0,0,0,0,0,0,0,0,0,0,0,0,0,0,0,11,0,0,0,0,0,0,4,0,20,0,0,0,0,0,0,0,0,0,0,0,0,0,0,0,0,0,0,0,0,0,0,0,0,0,0,0,0,0,0,0,0,0,0,0,0,0,0,0,0,16,5,0,0,4,0,0,4,0,26
SAL21920,0,0,0,0,0,0,0,0,0,0,0,0,0,0,0,0,0,0,0,4,0,0,0,0,0,0,0,0,0,4,0,0,0,0,0,0,0,0,0,0,0,0,0,0,0,0,0,0,0,0,0,0,0,0,0,0,0,0,0,0,0,0,0,0,0,0,0,0,0,0,11,0,0,0,0,0,0,0,0,14
SAL21921,8,16,8,6,18,3,0,4,0,59,14,16,11,31,21,9,4,4,0,110,38,11,102,24,26,4,21,27,4,257,0,0,0,0,0,0,0,0,0,7,0,0,0,0,0,0,0,0,0,12,0,0,5,0,0,0,0,0,0,5,0,0,0,0,3,3,0,0,0,19,169,267,134,106,95,33,25,42,7,888
SAL21922,13,13,5,13,12,4,0,4,0,77,17,33,18,67,34,7,3,9,0,197,67,37,401,184,123,57,73,93,23,1047,4,5,5,6,9,3,4,5,0,33,6,4,0,6,6,3,0,3,0,32,0,3,0,4,0,0,0,3,0,13,3,10,6,6,7,6,0,7,9,47,145,324,456,339,228,79,90,131,30,1822
SAL21923,3,0,0,0,0,0,0,0,0,5,6,0,0,0,0,0,0,0,0,11,0,0,5,0,0,3,3,0,0,16,0,0,0,0,0,0,0,5,0,3,0,0,0,0,0,0,0,0,0,0,0,0,0,0,0,0,0,0,0,3,0,0,0,0,0,0,0,0,0,0,16,12,5,4,4,5,3,0,0,49
SAL21924,0,0,0,0,0,0,0,0,0,3,0,0,0,0,0,0,0,0,0,0,0,0,0,0,0,0,0,0,0,3,0,0,0,0,0,0,0,0,0,0,0,0,0,0,0,0,0,0,0,0,0,0,0,0,0,0,0,0,0,0,0,0,0,0,0,0,0,0,0,0,3,12,0,4,0,0,0,7,0,27
SAL21925,10,14,9,17,14,4,5,9,0,80,13,19,18,65,21,11,5,17,0,163,40,23,212,123,51,33,45,90,6,622,5,0,5,9,7,6,8,5,0,42,0,0,0,16,4,4,0,7,0,30,0,5,0,4,0,0,0,0,0,9,6,3,4,0,3,6,0,3,0,33,115,332,295,312,162,94,72,159,19,1548
SAL21926,0,0,0,0,0,0,0,0,0,0,0,0,0,0,0,0,0,0,0,3,0,0,0,0,0,0,0,0,0,0,0,0,0,0,0,0,0,0,0,7,0,0,0,0,0,0,0,0,0,0,0,0,0,0,0,0,0,0,0,0,0,0,0,0,0,0,0,0,0,0,4,7,5,4,0,0,0,0,0,16
SAL21927,4,5,0,0,0,0,0,0,0,14,0,0,0,3,8,0,3,0,0,17,4,0,10,7,5,0,0,0,3,37,0,0,0,0,0,0,0,0,0,0,0,0,0,0,0,0,0,0,0,4,0,0,0,0,0,0,0,0,0,0,0,0,0,0,0,0,0,0,0,9,48,58,17,24,18,8,7,7,4,193
SAL21928,4,5,0,5,3,0,0,0,0,19,3,4,0,3,0,0,0,5,0,12,14,9,21,6,4,0,3,4,0,55,0,0,0,0,0,0,0,0,0,0,0,0,0,0,5,0,0,0,0,3,0,0,0,0,0,0,0,0,0,0,4,0,0,0,0,0,0,0,0,5,32,52,26,24,10,9,3,13,0,162
SAL21929,5,7,3,3,3,0,0,0,0,28,6,5,6,5,5,8,0,0,0,37,13,7,37,20,17,4,8,6,3,123,0,0,0,3,0,0,0,0,0,8,0,0,0,0,6,0,0,0,3,12,0,0,0,0,0,0,0,0,3,5,0,0,0,3,4,0,0,0,0,9,88,291,65,64,63,21,16,19,8,637
SAL21930,0,5,0,6,0,0,0,0,0,9,6,11,4,4,0,0,0,0,0,22,8,0,23,13,4,4,0,9,0,65,0,0,0,0,0,0,0,0,0,4,0,0,0,0,0,4,0,0,0,7,0,0,0,0,0,0,0,0,0,0,0,0,0,0,5,0,0,0,0,12,20,49,27,39,17,17,0,10,3,187
SAL21931,0,0,0,0,0,0,0,0,0,0,0,0,0,0,0,0,0,0,0,0,3,0,0,0,0,0,5,0,0,4,0,0,0,0,0,0,0,0,0,0,0,0,0,0,0,0,0,0,0,0,0,0,0,0,0,0,0,0,0,0,0,0,0,0,0,0,0,0,0,3,12,15,3,0,0,0,5,0,0,38
SAL21932,4,0,0,0,0,0,0,0,0,3,0,0,0,0,0,0,0,0,0,3,7,0,8,0,3,0,3,6,0,35,0,0,0,0,0,0,0,0,0,3,3,0,0,0,0,0,0,0,0,3,0,0,0,0,0,0,0,0,0,0,0,0,0,0,0,0,0,0,0,4,21,15,16,13,3,3,3,6,0,78
SAL21933,0,0,0,0,0,0,0,0,0,0,0,0,3,5,0,0,0,0,0,8,6,0,17,8,10,0,8,10,0,61,0,0,0,0,0,0,0,0,0,0,0,0,0,0,0,0,0,0,0,0,0,0,0,0,0,0,0,0,0,0,0,0,0,0,0,0,3,0,0,8,13,15,21,13,8,0,12,15,0,102
SAL21934,77,73,34,41,32,18,7,13,4,299,117,105,49,63,92,27,11,18,10,498,107,57,324,97,109,55,56,73,13,907,5,7,5,10,9,7,3,0,0,49,20,18,3,13,29,9,9,6,0,108,7,6,0,0,3,0,0,0,0,26,17,25,0,7,9,9,0,7,11,89,1316,2367,513,428,661,242,121,170,73,5881
SAL21935,0,0,0,0,0,0,0,0,0,3,0,0,0,0,0,0,0,0,0,6,14,0,28,7,7,0,10,10,0,82,3,0,0,3,0,0,0,0,0,4,4,0,0,0,0,0,0,0,0,11,0,0,0,0,0,0,0,0,0,6,4,0,0,0,0,0,0,0,0,7,36,21,28,13,7,8,8,13,4,138
SAL21936,3,4,4,5,0,0,0,0,0,18,4,9,6,4,0,0,0,0,0,23,13,5,31,7,9,3,9,9,0,80,0,0,0,0,0,0,0,0,0,0,0,0,0,0,4,0,6,0,0,8,0,0,0,0,0,0,0,0,0,3,0,3,0,0,0,0,0,0,0,3,34,62,43,33,16,8,12,18,6,234
SAL21937,0,0,0,0,0,0,0,0,0,0,0,0,0,0,0,0,0,0,0,8,0,0,5,3,3,0,4,0,0,17,0,0,0,0,0,0,0,0,0,0,0,0,0,0,0,0,0,0,0,0,0,0,0,0,0,0,0,0,0,0,0,0,0,0,0,0,0,0,0,0,0,5,9,7,10,3,4,3,0,44
SAL21938,45,72,27,28,40,16,0,13,4,242,62,53,29,70,44,25,8,14,0,321,111,29,237,96,75,38,36,55,16,697,10,4,6,0,5,5,0,9,0,38,12,4,3,4,11,14,3,4,0,55,10,3,0,0,0,0,0,5,0,26,7,9,5,8,10,8,4,4,6,60,766,1725,383,361,412,192,82,142,51,4125
SAL21939,8,9,0,0,8,4,5,3,0,38,6,10,5,28,8,0,3,6,0,60,62,6,68,41,17,13,34,45,9,300,3,0,3,0,6,5,3,10,0,27,9,4,6,0,3,3,0,0,0,25,0,0,0,0,0,0,0,0,0,0,4,0,0,0,0,0,4,9,3,25,122,142,92,92,61,22,44,82,13,673
SAL21940,10,9,4,5,0,3,0,3,0,35,12,13,7,8,13,8,0,0,0,60,43,14,93,22,31,13,17,23,4,250,0,0,0,3,6,0,0,0,0,12,0,0,0,3,0,0,0,0,0,14,0,0,0,0,0,0,0,0,0,0,9,4,4,0,0,10,4,0,3,29,102,181,115,51,63,30,23,27,8,608
SAL21941,0,5,3,9,5,0,0,0,3,20,5,10,4,13,13,0,0,7,0,50,26,8,61,23,27,13,16,19,3,200,0,0,0,0,6,0,0,0,0,7,0,4,0,0,0,0,0,0,0,10,0,0,0,0,0,0,0,0,0,0,0,0,0,0,0,0,0,0,3,9,52,79,73,55,61,16,18,33,14,401
SAL21942,23,30,19,11,36,7,4,9,4,139,44,46,16,49,54,13,8,13,0,238,73,23,182,57,53,31,32,37,12,500,0,5,0,0,4,0,0,0,0,17,9,4,7,5,18,0,0,0,0,43,3,9,0,0,0,0,0,0,0,15,10,8,3,0,5,0,3,9,8,51,426,798,270,200,301,118,58,84,44,2296
SAL21943,0,0,0,0,0,0,0,0,0,3,3,0,0,6,0,0,0,0,0,10,4,3,19,0,4,5,8,3,0,51,0,0,0,0,0,0,0,0,0,4,0,0,0,3,0,0,0,0,0,5,0,0,0,0,0,0,0,0,0,0,0,0,0,0,0,0,0,0,0,4,18,32,23,18,12,8,7,7,0,121
SAL21944,0,6,0,0,0,0,0,0,0,9,3,0,0,3,6,0,0,0,0,17,10,0,12,7,4,4,0,4,0,43,0,0,0,0,0,0,0,0,0,0,0,0,0,0,0,0,0,0,0,7,0,0,0,0,0,0,0,0,0,0,3,0,0,0,0,0,0,0,0,3,26,28,23,12,17,4,0,6,3,116
SAL21945,0,0,0,0,0,0,0,0,0,0,0,0,0,0,0,0,0,0,0,0,4,0,0,0,0,0,0,0,0,5,0,0,0,0,0,0,0,0,0,0,0,0,0,0,0,0,0,0,0,0,0,0,0,0,0,0,0,0,0,0,0,0,0,0,0,0,0,0,0,0,4,0,0,0,0,0,0,0,0,5
SAL21946,0,0,0,0,0,0,0,0,0,0,0,0,0,0,0,0,0,0,0,0,0,0,0,0,0,0,0,0,0,0,0,0,0,0,0,0,0,0,0,0,0,0,0,0,0,0,0,0,0,0,0,0,0,0,0,0,0,0,0,0,0,0,0,0,0,0,0,0,0,0,0,0,0,0,0,0,0,0,0,3
SAL21947,0,0,0,0,0,0,0,0,0,3,0,3,0,0,0,0,0,0,0,6,3,0,10,8,0,0,0,5,0,28,0,0,3,0,0,0,0,0,0,4,0,0,0,0,0,0,0,0,0,0,0,0,0,0,0,0,0,0,0,0,0,0,0,0,0,0,0,0,0,0,8,17,13,11,3,0,5,5,0,59
SAL21948,0,0,0,0,0,0,0,0,0,0,0,0,0,0,0,0,0,0,0,0,0,0,0,0,0,0,0,0,0,0,0,0,0,0,0,0,0,0,0,0,0,0,0,0,0,0,0,0,0,0,0,0,0,0,0,0,0,0,0,0,0,0,0,0,0,0,0,0,0,0,0,0,0,0,4,0,0,0,0,0
SAL21949,3,0,6,0,0,0,0,0,0,4,0,0,0,0,0,0,0,0,0,0,0,0,0,0,0,0,0,0,0,5,0,0,0,0,0,0,0,0,0,0,0,0,0,0,0,0,0,0,0,0,0,0,0,0,0,0,0,0,0,0,0,0,0,0,0,0,0,0,0,0,4,7,6,3,0,0,0,0,0,18
SAL21950,0,0,0,0,0,0,0,0,0,0,0,0,0,0,0,0,0,0,0,0,0,0,0,0,0,0,0,0,0,3,0,0,0,0,0,0,0,0,0,0,0,0,0,0,0,0,0,0,0,0,0,0,0,0,0,0,0,0,0,0,0,0,0,0,0,0,0,0,0,0,0,0,0,0,0,0,0,0,0,9
SAL21951,6,0,0,0,0,0,0,0,0,0,0,0,0,0,0,0,0,0,0,0,4,0,0,0,0,0,0,0,0,7,0,0,0,0,0,0,0,0,0,0,0,0,0,0,0,0,0,0,0,0,0,0,0,0,0,0,0,0,0,0,0,0,0,0,0,0,0,0,0,0,11,0,3,0,0,0,0,4,0,21
SAL21952,35,44,99,83,77,27,60,64,8,495,75,80,200,308,115,86,136,173,23,1191,80,58,581,371,139,74,204,261,38,1810,11,6,23,9,22,3,18,33,0,117,20,16,28,53,24,12,42,67,3,260,8,17,23,10,11,5,20,21,0,120,14,21,28,43,24,19,31,48,50,277,572,1948,1312,1436,982,467,862,1136,211,8926
SAL21953,20,19,26,19,24,11,3,18,3,135,25,19,38,56,38,26,19,15,0,244,26,19,179,73,49,29,63,59,8,507,0,3,10,0,7,0,4,0,0,23,4,4,7,9,10,0,3,5,0,43,0,0,0,4,0,5,7,4,0,19,3,10,7,6,4,6,11,10,13,66,194,521,327,258,271,135,145,168,44,2058
SAL21954,4,0,0,5,0,0,0,0,0,9,0,0,0,0,0,0,0,0,0,3,5,0,5,0,0,0,6,0,0,18,0,0,0,0,0,0,0,0,0,0,0,0,0,0,0,0,0,0,0,0,0,0,0,0,0,0,0,0,0,4,0,0,0,0,0,0,0,0,0,0,10,5,5,0,0,5,3,5,0,38
SAL21955,6,3,0,0,0,0,0,0,0,7,3,0,0,0,0,0,0,0,0,5,18,6,15,5,7,0,0,6,0,49,0,0,0,0,0,0,0,0,0,3,0,0,0,0,0,0,0,0,0,0,0,0,0,0,0,0,0,0,0,0,3,0,0,0,0,0,0,0,0,5,34,24,21,5,10,0,0,6,0,99
SAL21956,0,0,0,0,0,0,0,0,0,0,0,0,0,0,0,0,0,0,0,0,0,0,0,0,0,0,0,0,0,8,0,0,0,0,0,0,0,0,0,0,0,0,0,0,0,0,0,0,0,0,0,0,0,0,0,0,0,0,0,0,0,0,0,0,0,0,0,0,0,0,3,0,0,0,0,0,0,0,0,6
SAL21957,0,0,0,0,0,0,0,0,0,0,0,0,0,4,0,0,0,0,0,5,0,0,0,0,0,0,4,0,0,7,0,0,0,0,0,0,0,0,0,0,0,0,0,0,0,0,0,0,0,0,0,0,0,0,0,0,0,0,0,0,0,0,0,0,0,0,0,0,0,0,9,5,0,4,0,0,4,4,0,19
SAL21958,0,0,0,0,0,0,0,0,0,0,0,0,0,0,0,0,0,0,0,0,0,0,0,0,0,0,0,0,0,0,0,0,0,0,0,0,0,0,0,0,0,0,0,0,0,0,0,0,0,0,0,0,0,0,0,0,0,0,0,0,0,0,0,0,0,0,0,0,0,0,0,0,0,0,0,0,0,0,0,3
SAL21959,3,0,0,0,0,0,0,0,0,4,0,3,0,0,0,0,0,0,0,4,5,0,7,0,0,0,0,0,0,10,0,0,0,0,0,0,0,0,0,0,0,0,0,0,0,0,0,0,0,0,0,0,0,0,0,0,0,0,0,0,0,0,0,0,0,0,0,0,0,0,12,10,7,3,0,0,0,0,0,33
SAL21960,7,10,15,18,8,11,12,12,0,81,11,15,25,63,24,11,25,13,7,194,23,18,200,182,64,48,86,95,25,741,0,0,3,6,0,8,10,16,0,55,0,0,0,8,3,0,4,3,0,29,4,0,4,4,0,0,3,0,0,24,9,5,9,16,0,0,7,31,12,89,97,214,302,381,148,114,201,226,51,1732
SAL21961,0,0,0,0,0,0,0,0,0,0,0,0,0,0,0,0,0,0,0,0,3,0,0,0,0,0,0,0,0,7,0,0,0,0,0,0,0,0,0,0,0,0,0,0,0,0,0,0,0,0,0,0,0,0,0,0,0,0,0,0,0,0,0,0,0,0,0,0,0,0,9,4,0,4,0,0,0,0,0,17
SAL21962,0,5,0,4,0,0,0,0,0,9,0,0,0,0,0,0,0,0,0,0,7,0,9,0,0,0,4,4,0,20,0,0,0,0,0,0,0,0,0,0,0,0,0,0,0,0,0,0,0,0,0,0,0,0,0,0,0,0,0,0,0,0,0,0,0,0,0,0,0,0,10,11,9,5,3,5,3,9,0,52
SAL21963,4,15,9,9,4,4,0,3,0,44,11,18,17,50,19,5,9,8,0,137,28,22,139,84,38,24,38,62,8,441,3,0,0,0,5,12,0,12,0,38,0,0,4,5,4,0,3,0,0,24,0,5,0,0,0,0,0,0,0,8,0,0,0,3,0,3,0,0,13,26,108,416,177,207,111,65,64,100,32,1286
SAL21964,0,0,0,0,0,0,0,0,0,0,0,0,0,0,0,0,0,0,0,0,0,0,5,0,0,0,0,0,0,9,0,0,0,0,0,0,0,0,0,0,0,0,0,0,0,0,0,0,0,0,0,0,0,0,0,0,0,0,0,0,0,0,0,0,0,0,0,0,0,0,4,6,5,0,5,0,0,0,0,15
SAL21965,8,7,3,6,3,3,8,7,0,51,22,20,9,39,23,11,4,4,9,132,21,12,90,47,40,15,29,27,9,282,0,0,0,4,0,0,0,0,0,12,0,3,3,5,5,0,0,3,0,13,7,0,0,0,0,0,0,0,0,16,0,0,4,5,0,4,0,0,0,22,112,276,139,133,120,44,58,63,21,967
SAL21966,33,63,38,30,27,17,3,10,3,234,46,84,50,91,50,22,17,36,4,395,44,44,119,86,59,30,25,41,12,470,5,0,0,10,5,3,0,8,0,30,12,9,3,5,14,5,3,5,7,65,6,24,6,0,5,0,0,5,0,41,11,15,5,16,8,8,3,7,12,89,903,3534,446,569,688,279,144,262,103,6932
SAL21967,0,0,0,0,0,0,0,0,0,4,0,0,0,11,3,5,0,0,0,19,0,0,14,9,5,3,6,0,0,36,0,0,0,0,0,0,0,0,0,0,0,0,0,0,0,0,0,0,0,0,0,0,0,0,0,0,0,0,0,0,0,0,0,0,0,0,0,0,0,0,13,28,13,20,11,6,12,0,4,109
SAL21968,0,3,4,3,0,0,0,0,0,9,0,5,4,0,0,0,0,4,0,15,4,0,18,12,0,4,0,5,0,37,0,0,0,0,0,0,0,0,0,0,0,0,0,0,0,0,0,0,0,0,0,0,0,0,0,0,0,0,0,0,0,0,0,0,0,0,0,0,0,0,10,23,21,16,6,4,8,10,0,102
SAL21969,24,20,11,19,17,10,0,0,6,97,19,19,16,13,15,3,4,3,0,88,41,17,94,32,21,8,4,16,0,239,0,4,0,3,4,0,0,7,0,15,3,4,0,4,0,0,0,4,0,17,0,0,0,3,0,0,0,0,0,13,0,3,0,0,3,0,0,3,0,14,260,479,154,112,111,52,14,48,14,1247
SAL21970,6,10,5,21,3,4,0,10,0,45,7,11,11,34,11,10,0,0,5,95,45,18,152,66,33,33,34,55,8,442,4,0,0,0,3,3,0,4,0,8,4,0,4,8,3,0,0,3,0,21,0,0,3,0,0,0,0,0,0,7,0,0,8,10,3,3,0,8,4,31,88,160,184,160,68,62,36,83,19,867
SAL21971,91,187,67,59,76,32,6,9,5,524,103,140,98,106,107,68,20,27,13,680,121,93,389,138,99,66,33,64,10,1006,12,18,13,9,10,5,0,6,0,65,15,24,17,22,30,10,7,16,3,138,3,40,5,6,8,8,0,4,3,70,18,27,10,18,24,6,0,10,26,132,2277,6417,909,870,1160,471,147,237,145,12639
SAL21972,3,0,0,0,0,0,0,0,0,3,0,0,0,3,0,0,0,3,0,5,3,6,12,5,0,0,0,8,0,30,0,0,0,0,0,0,0,0,0,3,0,0,0,4,0,0,0,0,0,4,0,0,0,0,0,0,0,0,0,0,0,0,0,0,0,0,0,0,0,0,15,8,13,7,6,3,0,15,0,66
SAL21973,0,0,0,0,0,0,0,0,0,0,0,0,0,0,0,0,0,0,0,0,0,0,0,3,0,0,0,0,0,5,0,0,0,0,0,0,0,0,0,0,0,0,0,0,0,0,0,0,0,0,0,0,0,0,0,0,0,0,0,0,0,0,0,0,0,0,0,0,0,0,4,4,0,3,3,0,0,0,0,13
SAL21974,9,9,10,7,6,0,0,3,0,47,11,13,19,19,18,6,8,14,0,106,7,8,34,13,10,11,11,16,3,109,0,3,0,0,5,3,0,0,0,17,0,0,5,4,3,0,0,0,6,17,0,0,0,0,3,0,3,0,0,13,0,5,0,0,7,0,4,0,6,26,123,519,111,117,150,59,59,101,26,1258
SAL21975,0,3,0,0,0,0,0,0,0,7,0,0,0,4,4,0,0,0,0,5,0,0,7,5,0,0,0,0,0,14,0,0,0,0,0,0,0,0,0,0,0,0,0,0,0,0,0,0,0,0,0,0,0,0,0,0,0,0,0,0,0,0,0,0,0,0,0,0,0,5,0,9,7,5,4,6,0,5,0,47
SAL21976,0,0,0,0,0,0,0,0,0,0,0,0,0,0,0,0,0,0,0,0,5,0,0,0,0,0,0,0,0,4,0,0,0,0,0,0,0,0,0,0,0,0,0,0,0,0,0,0,0,0,0,0,0,0,0,0,0,0,0,0,0,0,0,0,0,0,0,0,0,0,5,0,0,0,0,0,0,0,0,4
SAL21977,0,0,0,0,0,0,0,0,0,0,0,0,0,0,0,0,0,0,0,0,4,0,0,0,0,0,0,0,0,4,0,0,0,0,0,0,0,0,0,0,0,0,0,0,0,0,0,0,0,0,0,0,0,0,0,0,0,0,0,0,0,0,0,0,0,0,0,0,0,0,4,0,0,0,0,0,0,0,0,11
SAL21978,0,0,0,0,0,0,0,0,0,0,0,0,0,0,0,0,0,0,0,0,0,0,0,0,0,0,0,0,0,3,0,0,0,0,0,0,0,0,0,0,0,0,0,0,0,0,0,0,0,0,0,0,0,0,0,0,0,0,0,0,0,0,0,0,0,0,0,0,0,0,0,0,5,0,0,0,0,0,0,12
SAL21979,0,0,0,0,0,0,0,0,0,0,0,0,0,0,0,0,0,0,0,0,0,0,0,0,0,0,0,0,0,4,0,0,0,0,0,0,0,0,0,0,0,0,0,0,0,0,0,0,0,0,0,0,0,0,0,0,0,0,0,0,0,0,0,0,0,0,0,0,0,0,0,3,3,0,0,0,0,0,0,9
SAL21980,0,0,0,0,0,0,0,0,0,0,0,0,0,0,0,0,0,0,0,0,0,0,5,0,0,0,0,0,0,6,0,0,0,0,0,0,0,0,0,0,0,0,0,0,0,0,0,0,0,0,0,0,0,0,0,0,0,0,0,0,0,0,0,0,0,0,0,0,0,4,7,12,5,0,0,0,0,0,0,35
SAL21981,0,0,0,0,0,0,0,0,0,4,0,0,0,0,0,0,0,0,0,3,10,0,4,3,0,0,0,0,0,22,3,0,0,0,0,0,0,0,0,5,0,0,0,0,0,0,0,0,0,0,0,0,0,0,0,0,0,0,0,0,0,0,0,0,0,0,0,0,0,5,28,11,7,7,3,5,0,12,0,66
SAL21982,0,0,0,0,0,0,0,0,0,0,0,0,0,0,0,0,0,0,0,0,9,0,3,0,0,0,0,0,0,9,0,0,0,0,0,0,0,0,0,0,0,0,0,0,0,0,0,0,0,0,0,0,0,0,0,0,0,0,0,0,0,0,0,0,0,0,0,0,0,0,9,3,3,0,0,0,0,0,0,21
SAL21983,0,0,0,0,0,0,0,0,0,3,0,0,0,0,0,0,0,0,0,3,0,0,3,0,0,0,0,0,0,4,0,0,0,0,0,0,0,0,0,0,0,0,0,0,0,0,0,0,0,0,0,0,0,0,0,0,0,0,0,0,0,0,0,0,0,0,0,0,0,0,5,0,3,6,3,0,0,0,0,23
SAL21984,18,16,0,6,3,0,5,4,3,58,24,24,11,41,15,0,5,13,0,136,60,11,169,76,48,24,39,72,15,520,9,4,3,5,5,4,5,5,0,33,0,3,5,9,8,0,4,3,0,42,6,3,0,0,0,0,0,0,0,11,5,4,7,7,8,4,3,11,9,55,154,245,197,172,110,46,65,128,30,1141
SAL21985,41,51,29,31,50,17,4,9,0,243,47,76,64,95,59,38,18,32,4,439,71,30,235,94,93,42,27,56,12,661,0,0,0,11,7,0,3,4,0,29,3,14,6,15,12,8,5,7,0,71,11,17,3,0,5,3,0,7,0,31,9,14,6,3,4,5,0,10,15,69,716,1960,490,458,601,261,108,203,64,4862
SAL21986,5,0,0,3,0,0,0,0,0,6,0,3,0,0,0,0,0,3,0,13,9,0,11,3,6,5,0,0,0,36,6,0,0,0,0,0,0,0,0,3,0,0,0,0,0,0,0,0,0,0,0,0,0,0,0,0,0,0,0,0,0,0,0,0,0,0,0,0,0,0,21,23,15,13,8,8,3,6,0,97
SAL21987,0,0,0,0,0,0,0,0,0,0,0,0,0,0,0,0,0,0,0,0,0,0,0,0,0,0,0,0,0,0,0,0,0,0,0,0,0,0,0,0,0,0,0,0,0,0,0,0,0,0,0,0,0,0,0,0,0,0,0,0,0,0,0,0,0,0,0,0,0,0,0,0,0,0,0,0,0,0,0,0
SAL21988,0,0,0,0,0,0,0,0,0,0,0,0,0,0,0,0,0,0,0,0,3,0,0,0,0,0,0,0,0,10,0,0,0,0,0,0,0,0,0,0,0,0,0,0,0,0,0,0,0,0,0,0,0,0,0,0,0,0,0,0,0,0,0,0,0,0,0,0,0,0,12,0,0,0,0,0,0,0,0,17
SAL21989,0,0,0,0,0,0,0,0,0,0,0,0,0,0,0,0,0,0,0,0,0,0,0,0,0,0,0,0,0,0,0,0,0,0,0,0,0,0,0,0,0,0,0,0,0,0,0,0,0,0,0,0,0,0,0,0,0,0,0,0,0,0,0,0,0,0,0,0,0,0,3,3,0,0,0,0,0,0,0,11
SAL21990,0,0,0,0,0,0,0,0,0,0,0,0,0,0,0,0,0,0,0,0,0,0,0,0,0,0,0,0,0,0,0,0,0,0,0,0,0,0,0,0,0,0,0,0,0,0,0,0,0,0,0,0,0,0,0,0,0,0,0,0,0,0,0,0,0,0,0,0,0,0,0,0,0,0,0,0,0,0,0,0
SAL21991,0,0,0,0,0,0,0,0,0,4,0,0,0,0,0,0,0,0,0,0,0,0,8,0,0,0,0,0,0,16,0,0,0,0,0,0,0,0,0,0,0,0,0,0,0,0,0,0,0,0,0,0,0,0,0,0,0,0,0,0,0,0,0,0,0,0,0,0,0,5,5,14,11,3,7,0,0,0,0,48
SAL21992,0,0,0,0,0,0,0,0,0,4,0,8,0,3,0,0,0,8,0,26,5,0,16,10,13,4,6,11,0,64,0,0,0,0,0,0,0,0,0,0,0,0,0,0,0,0,0,4,0,9,0,0,0,0,0,0,0,6,0,6,0,6,0,0,0,0,0,0,0,6,12,20,27,19,15,4,4,27,0,141
SAL21993,3,0,0,0,0,0,0,0,0,6,0,0,0,4,0,0,0,0,0,9,12,4,22,14,3,0,6,14,0,73,0,0,0,0,0,0,0,3,0,4,0,0,0,0,0,0,0,0,0,4,0,0,0,0,0,0,0,0,0,0,0,0,0,0,0,0,0,0,0,3,22,17,20,17,6,3,13,19,0,119
SAL21994,0,0,0,0,0,0,0,0,0,0,0,0,0,0,0,0,0,0,0,0,0,0,0,0,0,0,0,0,0,0,0,0,0,0,0,0,0,0,0,0,0,0,0,0,0,0,0,0,0,0,0,0,0,0,0,0,0,0,0,0,0,0,0,0,0,0,0,0,0,0,0,0,0,0,3,0,0,0,0,0
SAL21995,0,0,0,0,0,0,0,0,0,0,0,0,0,0,0,0,0,0,0,0,0,0,0,0,0,0,0,0,0,0,0,0,0,0,0,0,0,0,0,0,0,0,0,0,0,0,0,0,0,0,0,0,0,0,0,0,0,0,0,0,0,0,0,0,0,0,0,0,0,0,0,0,0,0,0,0,0,0,0,0
SAL21996,0,3,0,0,9,0,0,4,0,25,12,12,5,11,12,5,0,4,0,63,45,10,100,27,30,12,26,24,7,277,0,0,0,0,0,0,0,3,0,9,3,0,6,5,3,0,0,0,0,15,0,0,0,0,0,0,0,0,0,3,0,7,3,4,8,0,0,0,0,23,79,78,118,64,59,22,38,38,9,509
SAL21997,0,0,0,0,0,0,0,0,0,0,0,0,0,0,0,0,0,0,0,0,4,0,0,0,0,0,0,0,0,4,0,0,0,0,0,0,0,0,0,0,0,0,0,0,0,0,0,0,0,0,0,0,0,0,0,0,0,0,0,0,0,0,0,0,0,0,0,0,0,0,4,0,0,0,0,0,0,0,0,4
SAL21998,18,31,25,24,25,8,3,10,0,147,47,46,29,73,52,12,19,19,0,289,57,25,173,54,52,22,32,32,3,450,0,0,4,0,10,0,0,0,0,21,14,3,4,3,8,11,0,5,4,58,0,9,3,7,6,0,0,12,0,34,6,12,3,3,8,4,5,4,7,52,433,1101,336,263,370,139,82,124,39,2895
SAL21999,3,0,0,3,6,0,3,0,0,10,7,4,0,0,0,0,0,0,0,10,19,4,12,8,9,0,9,3,0,68,0,0,0,0,0,0,0,0,0,0,0,0,0,0,0,0,0,4,0,13,0,0,0,0,0,0,0,0,0,0,0,0,0,0,0,0,0,0,0,3,39,29,13,14,15,4,9,10,3,151
SAL22000,28,36,30,27,26,17,5,3,3,181,46,58,48,54,42,28,13,12,6,309,59,20,182,63,51,29,23,34,7,470,0,3,3,3,13,3,6,3,0,41,6,8,4,6,14,9,0,6,0,64,3,8,0,3,4,3,0,3,0,25,3,3,4,4,13,8,7,3,10,47,552,1345,394,278,413,204,92,120,46,3441
SAL22001,16,22,18,20,19,10,3,9,4,123,33,37,28,46,40,25,17,18,3,249,42,34,143,63,38,31,29,29,10,415,0,4,0,5,5,5,0,4,0,24,9,6,0,7,13,3,3,7,5,47,4,0,4,0,0,0,3,0,0,20,7,5,8,7,6,5,4,7,15,55,357,1054,283,275,323,177,92,142,48,2759
SAL22002,25,46,22,21,48,15,5,8,4,192,48,46,47,63,71,22,18,29,9,359,46,20,239,83,53,32,32,63,10,583,0,0,3,8,13,4,4,4,0,42,8,3,18,11,16,9,6,9,4,88,7,5,0,0,4,0,0,0,3,29,3,14,7,9,3,12,0,9,15,73,527,1296,441,340,489,230,133,181,79,3711
SAL22003,0,0,0,0,0,0,0,0,0,0,0,0,0,0,0,0,0,0,0,0,0,0,0,0,0,0,0,0,0,0,0,0,0,0,0,0,0,0,0,0,0,0,0,0,0,0,0,0,0,0,0,0,0,0,0,0,0,0,0,0,0,0,0,0,0,0,0,0,0,0,3,0,0,0,0,0,0,0,0,3
SAL22004,0,0,0,0,0,0,0,0,0,0,0,0,0,0,0,0,0,0,0,0,0,0,0,0,0,0,0,0,0,0,0,0,0,0,0,0,0,0,0,0,0,0,0,0,0,0,0,0,0,0,0,0,0,0,0,0,0,0,0,0,0,0,0,0,0,0,0,0,0,0,0,0,0,0,0,0,0,0,0,0
SAL22005,95,111,48,74,75,18,3,16,9,448,107,115,88,175,101,45,9,20,7,682,222,83,706,230,153,94,78,125,24,1722,13,5,11,11,13,12,0,10,0,74,17,9,14,21,25,9,5,13,0,119,0,12,3,9,8,4,0,0,0,36,20,31,18,15,20,11,3,8,13,137,988,2257,984,782,659,276,122,241,91,6393
SAL22006,62,80,63,73,88,27,44,19,6,463,135,136,146,276,162,60,71,61,13,1060,211,97,756,244,265,133,156,166,37,2071,7,4,12,21,17,20,7,8,0,94,19,5,16,41,30,19,14,8,4,166,9,6,11,4,6,6,0,5,4,48,7,20,12,23,16,20,4,16,23,137,854,2004,1175,1026,983,438,397,388,130,7404
SAL22007,3,4,4,6,3,7,0,0,0,34,3,9,3,17,13,8,4,6,0,55,11,9,63,9,19,8,5,9,0,132,0,0,0,0,0,0,0,0,0,3,0,0,6,0,0,3,0,0,0,8,0,0,0,3,0,0,0,0,0,3,0,0,0,4,0,0,0,0,0,7,53,165,83,50,54,25,18,17,0,470
SAL22008,0,0,0,0,0,0,0,0,0,0,0,4,0,0,0,0,0,0,0,4,0,0,0,4,0,0,0,0,0,3,0,0,0,0,0,0,0,0,0,0,0,0,0,0,0,0,0,0,0,0,0,0,0,0,0,0,0,0,0,0,0,0,0,0,0,0,0,0,0,0,3,5,0,4,0,0,0,4,0,15
SAL22009,14,11,8,9,12,3,0,3,0,53,22,10,12,20,7,8,0,0,0,81,19,14,57,18,14,7,9,12,0,153,0,0,0,0,0,0,0,0,0,10,6,0,0,0,4,0,0,6,0,13,0,0,0,0,3,0,0,0,0,3,3,3,0,0,5,4,0,0,4,20,146,220,96,72,73,28,9,31,10,688
SAL22010,0,0,0,0,0,0,0,0,0,3,0,0,0,0,0,0,0,0,0,3,8,0,0,0,0,0,0,6,0,12,0,0,0,0,0,0,0,0,0,0,0,0,0,0,0,0,0,0,0,0,0,0,0,0,0,0,0,0,0,0,0,0,0,0,0,0,0,0,0,0,16,7,0,4,0,0,5,3,0,39
SAL22011,0,0,0,0,0,0,0,0,0,6,0,5,0,5,0,0,0,0,0,15,13,0,8,9,6,0,9,7,0,46,0,0,0,0,0,0,0,0,0,0,0,0,0,0,0,0,0,3,0,7,0,0,0,0,0,0,0,0,0,0,0,0,0,0,0,0,0,0,0,3,26,15,16,20,12,0,7,7,0,111
SAL22012,0,0,0,0,0,0,0,0,0,0,0,0,0,0,0,0,0,0,0,0,0,0,0,0,0,0,0,0,0,0,0,0,0,0,0,0,0,0,0,0,0,0,0,0,0,0,0,0,0,0,0,0,0,0,0,0,0,0,0,0,0,0,0,0,0,0,0,0,0,0,0,0,0,0,0,0,0,0,0,4
SAL22013,0,0,0,4,0,0,0,0,0,4,0,0,0,0,0,0,0,0,0,0,0,0,4,0,0,0,0,0,0,13,0,0,0,0,0,0,0,0,0,0,0,0,0,0,0,0,0,0,0,0,0,0,0,0,0,0,0,0,0,0,0,0,0,0,0,0,0,0,0,0,3,3,6,3,3,0,0,3,0,24
SAL22014,7,0,9,4,3,0,0,0,0,20,10,7,0,16,5,3,3,7,0,45,29,6,44,39,22,11,17,35,5,198,0,0,0,4,0,0,3,0,0,20,0,0,0,5,0,0,0,0,0,12,0,0,0,0,0,0,0,0,0,0,0,3,0,4,0,3,4,9,3,24,54,84,58,82,45,30,26,47,8,424
SAL22015,0,0,0,0,0,0,0,0,0,0,0,0,0,0,0,0,0,0,0,3,12,0,8,0,0,0,0,4,0,26,0,0,0,0,0,0,0,0,0,0,0,0,0,0,0,0,0,0,0,0,0,0,0,0,0,0,0,0,0,0,0,0,0,0,0,0,0,0,0,3,19,7,8,3,0,0,0,4,0,37
SAL22016,46,53,21,24,27,12,6,6,0,197,42,49,38,61,47,19,11,10,0,275,52,21,154,54,52,29,8,32,3,400,0,0,7,6,7,5,0,6,0,31,7,12,9,9,15,11,3,6,0,66,0,7,3,5,0,0,0,3,0,26,5,6,5,4,3,0,0,0,10,43,656,1544,336,318,427,197,79,123,52,3735
SAL22017,7,0,0,0,0,0,0,0,0,7,0,3,0,3,3,0,0,0,0,11,6,0,19,7,0,8,4,11,0,53,0,0,0,0,0,0,0,0,0,3,0,0,0,0,0,0,0,3,0,7,0,0,0,0,0,0,0,0,0,0,0,0,0,0,0,0,0,0,0,0,21,21,25,18,11,12,12,14,0,124
SAL22018,0,6,0,0,3,0,0,0,0,4,5,5,3,0,5,0,0,0,0,13,3,0,18,3,3,0,0,4,0,33,0,0,0,0,0,0,0,0,0,0,0,0,0,0,0,0,0,0,0,0,0,0,0,0,0,0,0,0,0,0,0,0,0,0,0,0,0,0,0,4,22,40,19,8,17,0,0,4,3,110
SAL22019,0,0,0,0,0,0,0,0,0,4,0,0,0,0,4,0,0,0,0,12,9,0,15,3,6,0,0,3,0,34,0,0,0,0,0,0,0,0,0,0,0,0,0,0,0,0,0,0,0,5,0,0,0,0,0,0,0,0,0,0,0,0,0,0,0,0,0,0,0,0,19,14,19,8,9,0,0,9,0,82
SAL22020,3,8,0,0,0,0,0,0,0,15,6,0,4,9,0,0,4,0,0,30,37,9,38,22,3,3,19,15,4,150,0,0,0,4,0,0,0,0,0,4,3,0,0,0,0,0,0,0,0,6,0,0,0,0,0,0,0,0,0,3,0,0,0,0,0,0,7,0,3,10,63,68,43,41,19,10,22,22,3,293
SAL22021,0,0,0,0,0,0,0,4,0,7,3,0,0,0,0,0,0,0,0,4,7,0,8,4,4,0,3,4,0,30,0,0,0,0,0,0,0,0,0,3,0,0,0,0,0,0,0,0,0,0,0,0,0,0,0,0,0,0,0,0,0,0,0,0,0,0,0,0,0,3,14,11,13,5,7,4,3,12,0,73
SAL22022,8,4,0,9,5,0,0,0,0,25,0,8,0,7,4,0,0,0,0,28,18,5,49,17,12,3,7,8,0,128,0,0,0,0,0,0,0,0,0,6,0,0,0,0,0,0,0,6,0,5,0,0,0,0,0,0,0,0,0,0,0,0,0,0,0,0,0,0,0,6,45,71,55,43,27,14,11,17,4,278
SAL22023,0,0,0,0,0,0,0,0,0,3,0,0,0,0,0,0,0,0,0,0,0,0,0,0,0,0,0,6,0,6,0,0,0,0,0,0,0,0,0,0,0,0,0,0,0,0,0,0,0,0,0,0,0,0,0,0,0,0,0,0,0,0,0,0,0,0,0,0,0,3,6,3,0,3,0,0,0,6,0,21
SAL22024,0,0,0,0,0,0,0,0,0,0,0,0,0,0,0,0,0,0,0,3,0,0,0,0,0,0,0,0,0,3,0,0,0,0,0,0,0,0,0,0,0,0,0,0,0,0,0,0,0,0,0,0,0,0,0,0,0,0,0,0,0,0,0,0,0,0,0,0,0,0,0,0,3,0,0,0,0,0,0,10
SAL22025,0,0,0,0,0,0,0,0,0,0,0,0,0,0,0,0,0,0,0,0,0,0,0,0,0,0,0,0,0,10,0,0,0,0,0,0,0,0,0,0,0,0,0,0,0,0,0,0,0,0,0,0,0,0,0,0,0,0,0,0,0,0,0,0,0,0,0,0,0,0,3,0,0,3,0,0,0,4,0,9
SAL22026,0,0,0,0,0,0,0,0,0,0,0,0,0,0,0,0,0,0,0,0,0,0,0,0,0,0,0,0,0,6,0,0,0,0,0,0,0,0,0,0,0,0,0,0,0,0,0,0,0,0,0,0,0,0,0,0,0,0,0,0,0,0,0,0,0,0,0,0,0,0,0,0,0,0,0,0,0,0,0,6
SAL22027,129,165,143,144,150,76,83,59,14,955,325,292,278,635,369,191,185,156,33,2474,513,271,2203,919,706,412,584,620,115,6333,15,11,41,58,53,32,36,45,7,312,36,25,42,98,68,39,41,54,9,418,22,18,26,27,22,6,28,28,3,171,38,30,48,51,39,32,37,55,73,408,1734,3536,3144,2655,2032,1050,1240,1327,315,17032
SAL22028,4,0,0,0,0,0,0,0,0,4,4,0,0,0,0,0,0,0,0,7,4,5,8,4,5,0,6,3,0,31,0,0,0,0,0,0,0,0,0,0,0,0,0,0,0,0,0,0,0,3,0,0,0,0,0,0,0,0,0,0,0,0,0,0,0,0,0,0,0,3,10,6,10,3,8,5,3,11,3,63
SAL22029,6,10,4,5,3,4,0,0,0,34,12,7,5,13,3,7,3,6,0,39,26,12,78,13,14,0,12,14,0,172,4,0,0,0,0,0,0,0,0,6,0,0,0,0,0,0,0,3,0,11,0,0,0,0,0,0,0,0,0,5,6,0,0,0,0,0,0,0,3,21,85,113,99,48,39,12,12,26,12,446
SAL22030,0,0,0,0,0,0,0,0,0,0,0,5,0,0,0,0,0,0,0,4,3,0,0,0,0,0,0,0,0,5,0,0,0,0,0,0,0,0,0,0,0,0,0,0,0,0,0,0,0,0,0,0,0,0,0,0,0,0,0,0,0,0,0,0,0,0,0,0,0,0,14,5,0,0,0,0,0,0,0,19
SAL22031,4,4,0,5,0,0,0,0,0,15,0,0,0,3,0,0,0,0,0,9,9,0,24,6,3,7,7,14,3,73,0,0,0,0,4,0,0,0,0,4,0,0,0,0,0,0,0,0,0,0,0,0,0,0,0,0,0,0,0,0,3,0,0,0,0,0,0,0,0,7,25,34,24,24,11,3,10,17,3,148
SAL22032,14,11,0,5,0,0,0,0,0,29,3,5,11,4,3,0,0,3,0,31,24,4,63,12,9,7,9,8,0,139,0,0,0,0,0,4,0,0,0,4,0,0,3,0,0,0,0,0,0,11,0,0,0,0,0,0,0,0,0,5,3,3,4,4,7,3,0,0,0,21,86,117,91,48,50,21,16,16,0,440
SAL22033,0,0,0,0,0,0,0,0,0,0,0,0,0,0,0,0,0,0,0,0,3,0,0,0,0,0,0,3,0,10,0,0,0,0,0,0,0,0,0,0,0,0,0,0,0,0,0,0,0,0,0,0,0,0,0,0,0,0,0,0,0,0,0,0,0,0,0,0,0,0,3,0,0,0,0,0,0,3,0,13
SAL22034,0,0,0,0,0,0,0,0,0,6,0,0,0,0,0,0,0,0,0,0,0,0,7,0,0,0,0,0,0,13,0,0,0,0,0,0,0,0,0,0,0,0,0,0,0,0,0,0,0,0,0,0,0,0,0,0,0,0,0,0,0,0,0,0,0,0,0,0,0,0,3,4,7,0,0,0,3,0,0,31
SAL22035,0,0,0,0,0,0,0,0,0,0,0,0,0,0,0,0,0,0,0,6,8,0,8,5,0,0,0,0,0,15,0,0,0,0,0,0,0,0,0,5,0,0,0,0,0,0,0,0,0,5,0,0,0,0,0,0,0,0,0,0,0,0,0,0,0,0,0,0,0,0,13,21,7,4,5,4,0,0,0,57
SAL22036,15,23,9,10,8,9,0,6,4,90,28,24,7,12,23,7,0,0,0,113,60,13,114,20,27,7,9,17,3,282,0,0,0,4,4,0,0,0,0,10,4,6,0,4,13,0,0,4,0,33,0,8,5,0,0,0,0,0,0,9,5,4,5,3,0,0,0,0,3,23,356,515,156,97,168,65,16,32,20,1421
SAL22037,86,84,39,43,59,29,5,10,0,350,78,96,54,86,81,44,8,13,6,475,155,59,386,91,85,44,32,43,27,914,10,3,6,10,17,3,3,3,0,56,20,18,12,12,25,13,3,8,0,112,5,6,0,5,4,6,0,0,0,30,14,13,7,6,7,5,3,3,17,89,983,1834,571,422,577,251,78,113,71,4901
SAL22038,15,15,13,9,9,6,5,0,0,67,20,22,19,22,22,11,0,21,0,132,16,14,63,31,22,7,8,10,0,177,4,3,4,10,3,0,0,4,0,25,0,4,0,3,0,3,0,0,0,24,4,11,0,0,0,0,0,0,0,18,6,6,0,8,4,0,0,7,11,35,334,1384,197,244,287,115,44,103,42,2750
SAL22039,0,0,0,0,0,0,0,0,0,3,0,0,0,0,0,0,0,0,0,0,3,0,7,0,0,0,0,0,0,17,0,0,0,0,0,0,0,0,0,0,0,0,0,0,0,0,0,0,0,0,0,0,0,0,0,0,0,0,0,0,0,0,0,0,0,0,0,0,0,0,8,11,8,4,8,0,0,0,0,48
SAL22040,0,0,0,0,0,0,0,0,0,0,0,0,0,0,0,0,0,0,0,0,3,0,0,0,0,0,0,0,0,7,0,0,0,0,0,0,0,0,0,0,0,0,0,0,0,0,0,0,0,0,0,0,0,0,0,0,0,0,0,0,0,0,0,0,0,0,0,0,0,0,3,0,0,0,0,0,0,0,0,8
SAL22041,69,76,43,35,70,24,19,23,11,377,129,115,113,134,126,53,26,34,17,747,139,64,538,159,146,66,73,103,29,1320,10,6,9,7,18,10,3,9,0,60,17,16,13,30,28,19,8,13,3,150,4,20,10,8,14,3,10,3,3,75,14,17,11,15,20,14,4,5,27,131,1164,2821,925,700,945,341,235,291,148,7562
SAL22042,46,62,26,35,48,15,9,5,6,250,72,71,50,66,82,28,12,19,0,399,89,43,274,78,89,34,26,51,10,692,8,3,4,0,17,5,4,4,0,40,15,5,9,8,25,3,9,5,0,75,5,6,3,0,6,0,0,0,0,17,7,14,3,6,3,9,8,3,21,69,764,1681,452,330,567,200,79,116,69,4262
SAL22043,0,0,0,0,0,0,0,0,0,3,0,0,0,0,0,0,0,0,0,6,0,0,0,0,0,0,0,0,0,4,0,0,0,0,0,0,0,0,0,0,0,0,0,0,0,0,0,0,0,0,0,0,0,0,0,0,0,0,0,0,0,0,0,0,0,0,0,0,0,0,13,12,6,4,3,0,0,0,0,33
SAL22044,0,0,0,0,0,0,0,0,0,3,0,0,0,0,0,0,0,0,0,0,0,0,3,0,0,0,0,0,0,4,0,0,0,0,0,0,0,0,0,0,0,0,0,0,0,0,0,0,0,0,0,0,0,0,0,0,0,0,0,0,0,0,0,0,0,0,0,0,0,0,5,3,6,0,0,0,0,0,0,15
SAL22045,0,0,0,0,0,0,0,0,0,0,0,0,0,0,0,0,0,0,0,7,8,0,0,5,0,0,3,6,0,24,0,0,0,0,0,0,0,0,0,0,0,0,0,0,0,0,0,0,0,0,0,0,0,0,0,0,0,0,0,0,0,0,0,0,0,0,0,0,0,0,22,0,0,5,0,0,3,6,0,37
SAL22046,0,0,0,0,0,0,0,0,0,0,0,0,0,0,0,0,0,0,0,0,4,0,4,0,3,0,0,0,0,21,0,0,0,0,0,0,0,0,0,0,0,0,0,0,0,0,0,0,0,3,0,0,0,0,0,0,0,0,0,0,0,0,0,0,0,0,0,0,0,0,9,8,9,0,5,0,0,4,0,40
SAL22047,48,49,20,34,46,17,7,3,6,221,60,57,20,64,47,30,5,14,4,299,174,50,333,80,109,54,39,47,24,910,3,4,6,5,6,4,8,4,0,35,17,3,0,7,20,11,5,9,0,71,9,4,4,4,3,0,0,0,0,27,12,10,4,9,14,5,0,5,21,75,559,763,426,279,360,168,74,103,61,2799
SAL22048,0,0,0,0,0,0,0,0,0,0,0,0,0,0,0,0,0,0,0,0,5,0,0,0,0,0,0,0,0,6,0,0,0,0,0,0,0,0,0,0,0,0,0,0,0,0,0,0,0,0,0,0,0,0,0,0,0,0,0,0,0,0,0,0,0,0,0,0,0,0,13,6,0,0,0,0,0,0,0,13
SAL22049,10,17,0,9,7,0,0,0,0,56,12,18,3,26,11,9,0,3,6,95,30,22,108,46,29,32,16,31,6,315,0,0,3,0,3,0,0,4,0,12,10,0,3,3,3,3,3,0,0,24,0,0,0,3,0,0,0,0,0,5,4,0,3,6,9,0,0,6,3,29,107,196,128,128,83,57,27,51,13,782
SAL22050,12,21,12,15,10,3,0,0,5,73,21,18,14,31,36,11,3,4,0,139,66,19,275,62,56,35,40,59,11,624,0,0,3,4,10,0,3,4,0,31,4,0,3,9,8,0,4,5,0,36,0,0,0,0,0,0,0,0,0,6,3,5,6,9,0,5,5,8,0,35,157,247,324,166,158,61,59,83,18,1277
SAL22051,0,0,0,0,0,0,0,0,0,3,0,0,0,0,0,0,0,0,0,4,6,0,9,0,0,3,0,0,0,24,0,0,0,0,0,0,0,0,0,0,0,0,0,0,0,0,0,0,0,0,0,0,0,0,0,0,0,0,0,0,0,0,0,0,0,0,0,0,0,0,13,3,11,3,0,3,0,0,0,41
SAL22052,0,0,0,0,5,0,0,0,0,3,0,0,0,0,0,0,0,0,0,7,5,0,10,3,0,0,0,0,0,28,0,0,0,0,0,0,0,0,0,0,0,0,0,0,0,0,0,0,0,3,0,0,0,0,0,0,0,0,0,0,0,0,0,0,0,0,0,0,0,3,9,4,10,3,5,3,4,7,0,55
SAL22053,0,0,0,0,0,0,0,0,0,0,0,0,0,4,0,0,0,0,0,4,0,0,0,0,0,0,0,0,0,7,0,0,0,0,0,0,0,0,0,0,0,0,0,0,0,0,0,0,0,0,0,0,0,0,0,0,0,0,0,0,0,0,0,0,0,0,0,0,0,0,4,3,0,4,0,4,0,3,0,18
SAL22054,0,0,0,0,0,0,0,0,0,0,0,0,0,0,0,0,0,0,0,0,3,0,0,0,0,0,3,0,0,8,0,0,0,0,0,0,0,0,0,0,0,0,0,0,0,0,0,0,0,0,0,0,0,0,0,0,0,0,0,0,0,0,0,0,0,0,0,0,0,0,3,0,7,0,0,0,3,0,0,7
SAL22055,0,0,3,0,0,0,0,0,0,8,0,0,0,0,0,0,0,0,0,3,0,6,6,0,0,0,0,0,0,5,0,0,0,0,0,0,0,0,0,0,0,0,0,0,0,0,0,0,0,0,0,0,0,0,0,0,0,0,0,0,0,0,0,0,0,0,0,0,0,0,11,13,11,3,3,6,0,0,0,42
SAL22056,4,0,0,0,5,0,0,0,0,8,5,3,0,3,0,3,0,0,0,20,20,0,16,3,3,8,3,6,0,63,4,0,0,4,0,0,0,0,0,10,3,0,0,0,0,0,0,0,0,10,0,0,0,3,0,0,0,0,0,0,3,0,0,0,0,0,0,0,0,8,62,22,19,18,12,12,6,15,3,168
SAL22057,0,0,0,0,0,0,0,0,0,0,5,0,0,0,0,0,0,0,0,4,14,0,7,0,0,0,0,0,0,32,0,0,0,0,0,0,0,0,0,0,0,0,0,0,0,0,0,0,0,0,0,0,0,0,0,0,0,0,0,0,3,0,0,0,0,0,0,0,0,3,28,8,8,0,4,0,0,0,0,55
SAL22058,0,0,0,0,0,0,0,0,0,4,0,0,0,3,4,0,0,0,0,7,0,0,13,3,5,0,5,0,0,21,0,0,0,0,0,0,0,0,0,0,0,0,0,0,0,0,0,0,0,4,0,0,0,0,0,0,0,0,0,0,3,0,0,0,0,0,0,0,0,3,11,16,16,6,5,0,0,0,0,54
SAL22059,0,0,0,0,0,0,0,0,0,0,0,0,0,0,0,0,0,0,0,0,0,0,0,0,0,0,0,0,0,0,0,0,0,0,0,0,0,0,0,0,0,0,0,0,0,0,0,0,0,0,0,0,0,0,0,0,0,0,0,0,0,0,0,0,0,0,0,0,0,0,0,4,0,0,0,0,0,3,0,10
SAL22060,3,0,0,0,0,0,0,0,0,0,0,0,0,3,0,0,0,0,0,4,0,0,0,0,0,0,0,0,0,0,0,0,0,0,0,0,0,0,0,0,0,0,0,0,0,0,0,0,0,0,0,0,0,0,0,0,0,0,0,0,0,0,0,0,0,0,0,0,0,0,6,0,0,3,0,0,0,0,0,11
SAL22061,0,0,0,0,4,0,0,0,0,4,0,0,0,0,0,0,0,0,0,3,7,0,3,0,0,0,3,0,0,7,0,0,0,0,0,0,0,0,0,0,0,0,0,0,0,0,0,0,0,0,0,0,0,0,0,0,0,0,0,0,0,0,0,0,0,0,0,0,0,0,7,7,3,0,0,0,3,0,0,30
SAL22062,3,0,0,0,0,0,0,0,4,13,4,0,0,3,0,0,0,0,0,5,5,0,21,0,0,0,0,5,0,45,0,0,0,0,0,0,0,0,0,0,0,0,0,0,0,0,0,0,0,4,0,0,0,0,0,0,0,0,0,3,6,0,0,0,0,0,0,0,0,3,26,23,27,9,5,6,0,8,4,114
SAL22063,0,0,0,0,0,0,0,0,0,0,0,0,0,0,0,0,0,0,0,0,0,0,0,0,0,0,0,0,0,0,0,0,0,0,0,0,0,0,0,0,0,0,0,0,0,0,0,0,0,0,0,0,0,0,0,0,0,0,0,0,0,0,0,0,0,0,0,0,0,0,0,0,0,0,0,0,0,0,0,0
SAL22064,4,0,0,0,0,0,0,0,0,10,3,0,0,8,3,0,0,0,0,17,3,0,30,5,4,0,3,0,0,49,0,0,0,0,0,0,0,0,0,0,0,0,0,0,0,0,0,0,0,0,0,0,0,0,0,0,0,0,0,0,0,0,0,3,0,0,0,0,0,9,15,22,35,20,13,0,4,5,3,113
SAL22065,0,0,0,0,0,0,0,0,0,0,3,0,0,5,0,0,0,0,0,9,4,0,5,5,3,0,0,9,0,27,0,0,0,0,0,0,0,0,0,4,0,0,0,0,0,0,0,0,0,0,0,0,0,0,0,0,0,0,0,0,0,0,0,0,0,0,0,6,0,10,16,8,10,7,10,0,0,17,0,67
SAL22066,3,0,0,0,0,0,0,0,0,3,0,0,0,0,0,0,0,0,0,4,15,0,0,3,0,0,5,5,0,29,0,0,0,0,0,0,0,0,0,0,0,0,0,0,0,0,0,0,0,0,0,0,0,0,0,0,0,0,0,0,0,0,0,0,0,0,0,0,0,3,24,8,3,8,0,0,4,12,0,55
SAL22067,0,0,0,0,0,0,0,0,0,0,0,0,0,0,0,0,0,0,0,0,0,0,0,0,0,0,0,0,0,0,0,0,0,0,0,0,0,0,0,0,0,0,0,0,0,0,0,0,0,0,0,0,0,0,0,0,0,0,0,0,0,0,0,0,0,0,0,0,0,0,3,0,0,0,0,0,0,0,0,8
SAL22068,0,0,0,0,0,0,0,0,0,0,0,0,0,0,0,0,0,0,0,0,0,0,0,0,0,0,0,0,0,0,0,0,0,0,0,0,0,0,0,0,0,0,0,0,0,0,0,0,0,0,0,0,0,0,0,0,0,0,0,0,0,0,0,0,0,0,0,0,0,0,4,3,0,0,0,0,0,0,0,7
SAL22069,0,0,0,0,0,0,0,0,0,0,0,0,0,0,0,0,0,0,0,0,0,0,0,0,0,0,0,0,0,0,0,0,0,0,0,0,0,0,0,0,0,0,0,0,0,0,0,0,0,0,0,0,0,0,0,0,0,0,0,0,0,0,0,0,0,0,0,0,0,0,0,0,0,0,0,0,0,0,0,0
SAL22070,0,0,0,0,0,0,0,0,0,0,0,0,0,0,0,0,0,0,0,6,0,0,0,0,0,0,0,0,0,5,0,0,0,0,0,0,0,0,0,0,0,0,0,0,0,0,0,0,0,0,0,0,0,0,0,0,0,0,0,0,0,0,0,0,0,0,0,0,0,0,4,0,0,0,0,0,0,0,0,6
SAL22071,0,0,0,0,0,0,0,0,0,0,0,0,0,0,0,0,0,0,0,0,0,0,0,0,0,0,0,0,0,0,0,0,0,0,0,0,0,0,0,0,0,0,0,0,0,0,0,0,0,0,0,0,0,0,0,0,0,0,0,0,0,0,0,0,0,0,0,0,0,3,0,0,0,0,0,0,0,0,0,4
SAL22072,3,0,0,0,0,0,0,0,0,3,0,0,0,4,0,0,0,0,0,3,11,0,15,0,6,0,0,3,0,42,0,0,0,0,0,0,0,0,0,3,6,0,0,0,0,0,0,0,0,6,0,0,0,0,0,0,0,0,0,0,0,0,0,0,0,0,0,0,0,4,23,9,15,10,5,3,0,3,0,69
SAL22073,0,0,0,0,0,0,0,0,0,0,0,0,0,0,0,0,0,0,0,0,4,0,0,0,0,0,0,0,0,4,0,0,0,0,0,0,0,0,0,0,0,0,0,0,0,0,0,0,0,0,0,0,0,0,0,0,0,0,0,0,0,0,0,0,0,0,0,0,0,0,8,0,3,0,0,0,0,0,0,12
SAL22074,5,0,0,0,0,6,0,0,0,4,4,3,0,0,0,0,0,0,0,7,10,0,16,5,0,0,4,4,0,38,0,0,0,0,0,0,0,0,0,0,0,0,0,0,0,0,0,0,0,0,0,0,0,0,0,0,0,0,0,0,0,0,0,0,0,0,0,0,0,5,28,18,16,9,5,3,6,4,0,88
SAL22075,0,0,0,0,0,0,0,0,0,0,0,0,0,0,0,0,0,0,0,4,4,0,0,0,0,0,0,0,0,4,0,0,0,0,0,0,0,0,0,0,0,0,0,0,0,0,0,0,0,0,0,0,0,0,0,0,0,0,0,0,0,0,0,0,0,0,0,0,0,0,3,0,0,4,0,0,0,0,0,9
SAL22076,0,0,0,0,0,0,0,0,0,0,0,0,0,0,0,0,0,0,0,0,0,0,0,0,0,0,0,0,0,3,0,0,0,0,0,0,0,0,0,0,0,0,0,0,0,0,0,0,0,0,0,0,0,0,0,0,0,0,0,0,0,0,0,0,0,0,0,0,0,0,0,0,0,0,0,0,0,0,0,3
SAL22077,0,0,0,0,3,0,0,0,0,6,6,0,0,4,4,0,0,0,0,22,0,4,27,6,4,4,3,0,0,51,0,0,0,0,0,0,0,0,0,0,0,0,0,0,0,0,4,0,0,4,0,0,0,0,0,0,0,0,0,0,0,0,0,0,0,0,0,0,0,8,8,11,33,16,15,8,7,4,4,104
SAL22078,5,0,0,0,0,0,0,0,0,6,0,0,0,0,0,0,0,0,0,0,5,5,3,0,4,0,0,0,0,15,0,0,0,0,0,0,0,0,0,0,0,0,0,0,0,0,0,0,0,0,0,0,0,0,0,0,0,0,0,0,0,0,0,0,0,0,0,0,0,4,12,24,10,10,10,0,0,3,0,69
SAL22079,0,0,0,0,0,0,0,0,0,0,0,0,0,0,0,0,0,0,0,0,0,0,0,0,0,0,0,0,0,4,0,0,0,0,0,0,0,0,0,0,0,0,0,0,0,0,0,0,0,0,0,0,0,0,0,0,0,0,0,0,0,0,0,0,0,0,0,0,0,0,0,0,0,0,0,0,0,0,0,6
SAL22080,0,0,0,0,0,0,0,0,0,0,0,0,0,0,0,0,0,0,0,0,0,0,4,0,0,0,0,3,0,10,0,0,0,0,0,0,0,0,0,0,0,0,0,0,0,0,0,0,0,0,0,0,0,0,0,0,0,0,0,0,0,0,0,0,0,0,0,0,0,0,6,9,4,3,0,0,0,3,0,25
SAL22081,0,0,0,0,0,5,0,0,0,4,0,0,0,0,0,0,0,0,0,5,3,0,0,3,0,3,0,0,0,14,0,0,0,0,0,0,0,0,0,0,0,0,0,0,0,0,0,0,0,0,0,0,0,0,0,0,0,0,0,0,0,0,0,0,0,0,0,0,0,4,12,3,0,10,0,0,0,8,0,40
SAL22082,0,0,0,0,0,0,0,0,0,0,0,0,0,0,0,0,0,0,0,0,0,0,0,0,0,0,0,0,0,0,0,0,0,0,0,0,0,0,0,0,0,0,0,0,0,0,0,0,0,0,0,0,0,0,0,0,0,0,0,0,0,0,0,0,0,0,0,0,0,0,0,0,0,0,0,0,0,0,0,6
SAL22083,0,0,0,0,0,0,0,0,0,0,0,0,0,0,0,0,0,0,0,0,3,0,0,0,0,0,0,0,0,3,0,0,0,0,0,0,0,0,0,3,0,0,0,0,0,0,0,0,0,0,0,0,0,0,0,0,0,0,0,0,0,0,0,0,0,0,0,0,0,0,4,0,0,0,3,0,0,0,0,4
SAL22084,11,17,0,5,11,4,0,3,0,56,22,16,13,15,26,10,0,0,0,97,61,11,116,20,19,17,18,7,5,263,0,5,3,3,7,3,3,0,0,21,9,0,0,5,12,0,0,0,0,26,3,5,4,3,0,0,0,0,0,13,4,4,0,6,8,3,0,0,0,22,205,271,154,63,118,51,25,21,12,920
SAL22085,0,0,0,0,0,0,0,0,0,0,0,0,0,0,0,0,0,0,0,5,0,0,3,0,0,0,0,0,0,12,0,0,0,0,0,0,0,0,0,0,0,0,0,0,0,0,0,0,0,0,0,0,0,0,0,0,0,0,0,0,0,0,0,0,0,0,0,0,0,0,6,4,8,0,0,0,0,0,0,15
SAL22086,241,232,167,144,220,109,75,73,26,1278,387,392,266,505,403,180,165,118,51,2468,429,229,1240,524,430,242,342,293,68,3805,27,15,22,22,40,19,24,28,3,204,55,31,36,67,88,41,51,37,15,428,55,82,24,22,26,22,17,21,11,290,58,97,36,35,51,27,40,30,105,476,4036,8815,2578,2405,3276,1446,1160,971,547,25239
SAL22087,0,0,4,0,0,0,0,0,0,3,0,0,0,0,0,0,0,0,0,3,4,0,3,0,0,0,0,0,0,16,0,0,0,0,0,0,0,0,0,0,0,0,0,0,0,0,0,0,0,0,0,0,0,0,0,0,0,0,0,0,0,0,0,0,0,0,0,0,0,5,12,20,5,3,7,0,0,0,0,57
SAL22088,23,29,3,14,9,5,0,3,4,88,9,14,13,8,10,14,4,4,0,76,33,15,101,16,13,11,4,13,3,211,0,3,0,0,0,0,0,0,0,6,7,0,6,5,6,3,0,9,0,28,0,0,0,0,5,0,0,0,0,9,9,4,0,5,4,0,0,0,8,26,213,414,150,109,109,50,9,44,30,1113
SAL22089,0,0,0,0,0,0,0,0,0,0,0,0,0,0,0,0,0,0,0,0,0,0,0,0,0,0,0,0,0,0,0,0,0,0,0,0,0,0,0,0,0,0,0,0,0,0,0,0,0,0,0,0,0,0,0,0,0,0,0,0,0,0,0,0,0,0,0,0,0,0,0,0,0,0,0,0,0,0,0,0
SAL22090,0,0,0,0,0,0,0,0,0,0,0,0,0,0,0,0,0,0,0,0,0,0,0,0,0,0,0,0,0,0,0,0,0,0,0,0,0,0,0,0,0,0,0,0,0,0,0,0,0,0,0,0,0,0,0,0,0,0,0,0,0,0,0,0,0,0,0,0,0,0,0,0,0,0,0,0,0,0,0,0
SAL22091,0,0,0,0,0,0,0,0,0,0,0,0,0,0,0,0,0,0,0,4,5,0,0,0,0,0,0,0,0,10,0,0,0,0,0,0,0,0,0,0,0,0,0,0,0,0,0,0,0,3,0,0,0,0,0,0,0,0,0,0,0,0,0,0,0,0,0,0,0,0,7,3,3,0,0,0,0,3,0,21
SAL22092,0,0,0,0,0,0,0,0,0,0,0,0,0,0,0,0,0,0,0,0,0,0,3,0,0,0,0,0,0,5,0,0,0,0,0,0,0,0,0,0,0,0,0,0,0,0,0,0,0,0,0,0,0,0,0,0,0,0,0,0,0,0,0,0,0,0,0,0,0,0,3,0,3,0,0,0,0,0,0,10
SAL22093,0,0,0,0,0,0,0,0,0,0,0,0,0,0,0,0,0,0,0,0,0,0,0,0,0,0,0,0,0,6,0,0,0,0,0,0,0,0,0,0,0,0,0,0,0,0,0,0,0,0,0,0,0,0,0,0,0,0,0,0,0,0,0,0,0,0,0,0,0,0,0,4,6,0,0,0,0,3,0,15
SAL22094,3,4,0,0,5,0,0,0,0,11,3,0,0,0,0,0,0,0,0,11,7,3,16,9,4,0,5,6,3,48,0,0,0,0,0,0,0,0,0,0,0,0,0,0,0,0,0,0,0,3,0,0,0,0,0,0,0,0,0,0,0,0,0,0,0,0,0,0,0,5,34,29,23,13,11,0,3,12,3,134
SAL22095,0,0,0,0,0,0,0,0,0,0,0,0,0,0,0,0,0,0,0,3,5,0,0,0,0,0,0,0,0,8,0,0,0,0,0,0,0,0,0,0,0,0,0,0,0,0,0,0,0,0,0,0,0,0,0,0,0,0,0,0,0,0,0,0,0,0,0,0,0,0,4,4,0,0,0,0,0,0,0,12
SAL22096,0,0,0,0,0,0,0,0,0,0,0,0,0,0,0,0,0,0,0,0,0,0,0,0,0,0,0,0,0,3,0,0,0,0,0,0,0,0,0,0,0,0,0,0,0,0,0,0,0,0,0,0,0,0,0,0,0,0,0,0,0,0,0,0,0,0,0,0,0,0,4,0,0,0,0,0,0,0,0,11
SAL22097,4,0,0,0,0,0,0,0,0,5,0,0,0,0,0,0,0,0,0,0,0,0,6,0,0,0,0,0,0,11,0,0,0,0,0,0,0,0,0,0,0,0,0,0,0,0,0,0,0,0,0,0,0,0,0,0,0,0,0,0,0,0,0,0,0,0,0,0,0,3,8,5,9,6,6,0,0,0,0,23
SAL22098,7,0,0,0,3,0,4,0,0,15,0,5,0,6,3,0,0,3,0,30,20,8,27,4,6,3,9,12,0,99,0,0,0,0,0,0,0,4,0,8,0,0,0,0,0,0,0,0,0,5,0,0,0,0,0,0,0,0,0,0,3,3,0,0,0,0,0,0,0,11,53,51,36,15,27,5,16,15,0,215
SAL22099,0,0,0,0,0,0,0,0,0,3,0,0,0,0,0,0,0,0,0,0,4,0,7,0,0,0,0,0,0,10,0,0,0,0,0,0,0,0,0,0,0,0,0,0,0,0,0,0,0,3,0,0,0,0,0,0,0,0,0,0,0,0,0,0,0,0,0,0,0,0,4,6,7,0,0,0,0,0,0,21
SAL22100,0,0,0,0,0,0,0,0,0,0,6,0,0,0,0,0,0,0,0,6,13,0,12,0,0,0,0,5,4,32,0,0,4,0,0,0,0,0,0,5,0,0,0,0,0,0,0,0,0,0,0,0,0,0,0,0,0,0,0,0,0,0,0,0,0,0,0,0,0,5,23,12,13,6,10,0,3,6,4,72
SAL22101,3,0,0,0,0,0,0,0,0,8,0,0,0,0,0,0,0,0,0,6,4,0,0,0,0,0,0,0,0,10,0,0,0,0,0,0,0,0,0,0,0,0,0,0,0,0,0,0,0,0,0,0,0,0,0,0,0,0,0,0,0,0,0,0,0,0,0,0,0,0,15,12,4,10,4,0,0,8,0,52
SAL22102,6,4,4,0,0,0,3,0,0,25,13,11,3,14,7,7,0,0,0,43,23,8,58,8,11,8,14,20,0,148,0,0,4,0,0,0,0,0,0,7,0,0,0,0,0,0,0,0,0,6,0,0,0,0,0,0,0,0,0,0,5,0,3,0,0,0,0,0,0,12,80,83,74,49,38,19,18,32,3,385
SAL22103,0,0,0,0,0,0,0,0,0,4,0,0,0,0,3,0,0,0,0,10,0,0,12,9,0,0,9,3,0,41,0,0,0,0,0,0,0,0,0,3,0,4,0,0,0,0,0,0,0,0,0,0,0,0,0,0,0,0,0,0,0,0,0,0,0,0,0,0,0,4,9,21,15,14,9,9,13,3,0,82
SAL22104,5,0,0,0,0,0,0,0,0,14,7,7,0,0,4,0,0,0,0,18,17,3,15,8,4,0,3,8,0,60,0,0,0,0,0,0,0,3,0,4,0,0,0,0,0,0,0,0,0,5,0,0,0,0,0,0,0,0,0,0,3,0,0,0,0,0,0,0,0,8,48,38,22,16,10,11,11,20,3,174
SAL22105,31,28,3,14,8,3,0,5,0,94,16,22,8,29,13,4,0,11,4,102,56,12,132,44,23,14,17,28,0,329,3,3,0,13,3,3,6,6,0,28,6,3,4,0,5,4,0,0,0,18,0,3,0,0,0,0,0,0,0,11,12,4,3,3,3,3,0,0,5,41,235,385,161,136,100,44,25,63,21,1164
SAL22106,0,0,0,0,0,0,0,0,0,5,0,0,0,5,0,0,0,0,0,6,7,0,8,6,6,0,0,4,0,35,0,0,0,0,0,0,0,0,0,3,0,0,3,0,0,0,0,0,0,8,0,0,0,0,0,0,0,0,0,0,0,0,0,0,0,0,0,0,0,0,9,6,11,8,10,4,3,12,0,56
SAL22107,118,138,30,43,72,27,6,14,10,449,170,161,79,94,94,61,14,13,16,690,165,79,297,94,116,60,44,52,18,916,6,11,0,3,12,9,0,3,5,50,32,31,7,16,37,22,0,12,3,155,19,22,3,10,9,5,0,6,3,64,26,35,9,9,22,11,7,3,23,140,2023,3249,544,489,840,376,97,152,144,7909
SAL22108,0,0,0,0,0,0,0,0,0,0,0,0,0,0,0,0,0,0,0,0,0,0,12,0,0,0,0,4,0,15,0,0,0,0,0,0,0,0,0,0,0,0,0,0,0,0,0,0,0,3,0,0,0,0,0,0,0,0,0,0,0,0,0,0,0,0,0,0,0,4,9,9,12,0,6,0,0,11,0,48
SAL22109,20,18,12,14,19,3,6,5,0,90,15,19,11,40,29,7,3,5,3,129,51,14,140,53,32,16,29,40,11,388,6,0,3,3,5,0,0,0,0,13,6,0,0,8,3,5,3,3,0,40,0,0,0,0,3,0,0,0,0,7,0,5,3,9,4,0,0,4,0,27,180,276,182,153,122,42,45,69,23,1097
SAL22110,16,35,8,21,17,7,9,4,0,120,27,38,17,100,41,13,7,14,3,259,89,55,388,201,101,55,137,125,28,1190,0,5,10,8,12,8,8,13,0,70,3,8,3,25,3,7,9,7,0,79,4,6,4,0,0,0,0,3,0,20,6,7,5,17,4,5,12,11,13,86,239,590,448,455,227,107,186,192,52,2498
SAL22111,0,4,0,4,6,0,0,0,0,12,6,3,0,16,0,0,3,0,0,27,8,0,45,13,8,4,11,10,3,109,0,0,0,0,0,0,0,0,0,0,0,0,0,0,0,0,0,0,0,7,0,0,0,0,0,0,0,0,0,7,0,3,0,0,0,0,0,3,0,7,28,61,49,32,23,4,17,13,7,237
SAL22112,4,0,0,0,0,0,0,0,0,10,0,0,3,6,6,0,0,0,0,24,8,5,40,14,4,0,10,5,8,93,0,0,0,0,0,0,0,0,0,3,0,0,0,0,0,0,0,0,0,0,0,0,0,0,0,0,0,0,0,0,0,0,0,4,0,5,0,0,0,6,29,46,48,24,13,9,17,8,8,211
SAL22113,8,3,0,0,0,3,0,0,0,13,3,0,3,0,0,6,0,0,0,11,8,4,5,0,0,3,0,0,4,28,0,0,0,0,0,0,0,0,0,0,4,0,0,0,0,3,0,0,0,4,4,0,0,0,0,0,0,0,0,4,0,3,0,0,5,0,0,0,0,3,80,84,13,6,14,19,0,5,7,226
SAL22114,0,0,0,0,0,0,0,0,0,0,0,0,0,0,0,0,0,0,0,0,7,0,0,0,0,0,0,3,0,15,0,0,0,0,0,0,0,0,0,0,0,0,0,0,0,0,0,0,0,0,0,0,0,0,0,0,0,0,0,0,0,0,0,0,0,0,0,0,0,3,14,15,0,0,4,0,0,5,0,40
SAL22115,0,0,0,0,0,0,0,0,0,0,0,0,0,0,0,0,0,0,0,0,0,0,12,4,0,0,5,3,0,27,0,0,0,0,0,0,0,0,0,0,0,0,0,0,0,0,0,0,0,4,0,0,0,0,0,0,0,0,0,0,3,0,0,0,0,0,0,0,4,4,6,10,13,8,3,3,5,11,0,53
SAL22116,0,0,0,0,0,0,0,0,0,0,0,0,0,0,0,0,0,0,0,0,0,0,0,0,0,0,0,0,0,0,0,0,0,0,0,0,0,0,0,0,0,0,0,0,0,0,0,0,0,0,0,0,0,0,0,0,0,0,0,0,0,0,0,0,0,0,0,0,0,0,4,0,0,0,0,0,0,0,0,4
SAL22117,0,0,0,0,0,0,0,0,0,0,0,0,0,0,0,0,0,0,0,0,0,0,0,0,0,0,0,0,0,3,0,0,0,0,0,0,0,0,0,0,0,0,0,0,0,0,0,0,0,0,0,0,0,0,0,0,0,0,0,0,0,0,0,0,0,0,0,0,0,0,5,3,0,0,0,0,0,0,0,7
SAL22118,68,89,26,30,43,20,5,9,4,296,76,102,54,80,71,48,3,17,4,462,80,45,189,78,72,69,8,34,5,574,7,10,0,9,9,7,4,3,0,47,14,8,7,8,20,9,4,0,0,73,12,21,0,7,0,0,0,0,0,47,7,22,10,5,5,3,0,4,24,89,1371,3153,436,448,714,407,53,133,96,6800
SAL22119,0,0,0,0,0,0,0,0,0,3,0,0,0,0,0,0,0,0,0,0,4,0,0,0,0,0,0,0,0,9,0,0,0,0,0,0,0,0,0,0,0,0,0,0,0,0,0,0,0,0,0,0,0,0,0,0,0,0,0,0,0,0,0,0,0,0,0,0,0,6,4,0,0,5,0,0,0,0,0,19
SAL22120,0,0,0,0,0,0,0,0,0,0,0,0,0,0,0,0,0,0,0,0,3,0,0,0,0,0,0,0,0,3,0,0,0,0,0,0,0,0,0,0,0,0,0,0,0,0,0,0,0,0,0,0,0,0,0,0,0,0,0,0,0,0,0,0,0,0,0,0,0,0,6,0,0,0,0,0,0,0,0,11
SAL22121,140,193,102,104,108,53,25,39,7,764,178,244,176,259,215,103,33,79,11,1295,215,147,713,285,221,124,83,166,35,1994,11,7,16,27,27,15,9,17,0,140,23,18,21,49,42,28,12,19,0,225,16,25,15,7,8,9,6,4,8,90,30,35,31,31,38,23,12,25,46,267,2121,5879,1503,1420,1560,728,333,597,235,14369
SAL22122,5,8,5,9,6,3,3,0,0,37,10,8,4,5,4,5,0,0,0,31,11,0,21,7,7,3,5,3,0,69,0,0,0,3,0,0,0,4,0,13,3,0,0,4,6,0,0,0,0,11,0,0,0,0,0,0,0,0,0,4,0,0,0,0,0,0,0,0,0,10,150,493,48,72,84,43,9,16,10,927
SAL22123,6,3,0,0,0,0,0,0,0,3,3,0,0,0,0,0,0,0,0,6,20,0,5,0,0,0,0,9,0,33,0,0,0,0,0,0,0,0,0,0,0,0,0,0,0,0,0,0,0,0,0,0,0,0,0,0,0,0,0,0,6,0,0,0,0,0,0,0,0,8,40,3,8,3,0,0,0,19,4,80
SAL22124,11,0,0,4,0,0,0,0,0,18,11,4,3,23,9,0,3,0,0,51,27,9,8,62,12,0,18,3,3,151,0,5,0,8,0,0,0,0,0,17,4,0,0,0,0,0,0,0,0,4,0,0,0,0,0,0,0,0,0,0,0,4,0,4,0,3,0,0,3,12,95,64,14,126,21,3,26,0,4,360
SAL22125,3,0,0,0,0,0,0,0,0,3,0,0,0,0,0,0,0,0,0,0,3,0,0,0,0,0,0,0,0,5,0,0,0,0,0,0,0,0,0,0,0,0,0,0,0,0,0,0,0,0,0,0,0,0,0,0,0,0,0,0,0,0,0,0,0,0,0,0,0,4,8,0,0,0,0,0,0,0,0,10
SAL22126,0,0,0,0,0,0,0,0,0,0,0,0,0,0,0,0,0,0,0,0,0,0,0,0,0,0,0,0,0,3,0,0,0,0,0,0,0,0,0,0,0,0,0,0,0,0,0,0,0,0,0,0,0,0,0,0,0,0,0,0,0,0,0,0,0,0,0,0,0,0,0,0,0,0,0,0,0,0,0,5
SAL22127,0,0,0,0,0,0,0,0,0,6,5,0,0,4,3,0,0,0,0,20,10,0,19,5,3,8,8,7,0,58,0,0,0,0,0,0,0,0,0,0,0,0,0,0,0,0,0,0,0,0,0,0,0,0,0,0,0,0,0,0,0,0,0,0,0,0,0,0,0,8,19,14,16,14,9,10,14,10,0,111
SAL22128,3,0,0,0,0,0,0,0,0,0,0,0,0,0,0,0,0,0,0,0,0,0,0,0,0,0,0,0,0,6,0,0,0,0,0,0,0,0,0,0,0,0,0,0,0,0,0,0,0,0,0,0,0,0,0,0,0,0,0,0,0,0,0,0,0,0,0,0,0,0,7,0,0,0,0,0,0,0,0,15
SAL22129,4,0,0,3,0,0,0,3,0,11,3,0,4,5,7,0,0,0,0,24,18,6,53,13,14,5,19,10,0,138,0,0,0,0,3,0,0,0,0,10,0,0,0,0,0,0,0,0,0,7,0,0,0,0,0,0,0,0,0,3,3,0,4,0,3,3,0,4,0,15,31,34,67,25,32,17,23,22,6,246
SAL22130,9,0,0,4,0,0,0,0,0,10,8,0,0,6,0,0,0,0,0,11,15,0,11,5,3,3,4,11,0,54,0,0,0,0,0,0,0,5,0,6,0,0,0,5,0,0,0,0,0,4,0,0,0,0,0,0,0,0,0,0,0,5,0,0,0,0,0,0,0,10,41,21,22,20,11,5,3,25,3,151
SAL22131,0,0,0,0,0,0,0,0,0,4,0,0,0,0,0,0,0,0,0,0,7,0,0,4,0,0,0,6,0,11,0,0,0,0,0,0,0,0,0,0,0,0,0,0,0,0,0,0,0,0,0,0,0,0,0,0,0,0,0,0,0,0,0,0,0,0,0,0,0,0,15,4,0,3,0,0,0,5,0,28
SAL22132,0,0,0,0,0,0,0,0,0,0,0,0,0,0,0,0,0,0,0,0,0,0,0,0,0,0,0,0,0,0,0,0,0,0,0,0,0,0,0,0,0,0,0,0,0,0,0,0,0,0,0,0,0,0,0,0,0,0,0,0,0,0,0,0,0,0,0,0,0,0,0,0,0,0,0,0,0,0,0,0
SAL22133,0,4,0,0,0,0,0,0,0,13,0,0,0,4,0,0,0,0,0,7,10,0,22,8,0,4,3,8,0,62,0,0,0,0,0,0,0,0,0,4,0,0,0,0,0,0,0,0,0,0,0,0,0,0,0,0,0,0,0,0,0,0,0,0,0,0,0,0,0,0,21,27,28,13,10,3,6,14,0,132
SAL22134,5,13,6,4,4,0,0,0,0,40,12,18,10,26,15,7,0,4,3,89,26,13,72,30,22,15,12,17,3,218,0,0,5,9,4,7,0,3,0,19,0,3,0,3,3,0,0,0,0,20,0,0,0,0,0,0,0,0,0,0,0,3,0,3,3,0,0,0,0,10,112,360,111,108,97,38,18,37,10,887
SAL22135,9,9,8,0,13,6,0,0,3,42,5,5,3,7,8,0,0,0,0,38,12,11,25,11,8,7,0,5,6,89,0,0,0,3,0,0,0,0,0,3,0,0,0,0,4,0,0,4,0,14,0,0,0,0,0,0,0,0,0,9,0,6,0,0,3,0,0,7,0,12,96,186,52,44,62,22,0,23,11,501
SAL22136,0,0,0,0,0,0,0,0,0,3,0,0,3,0,0,0,0,0,0,11,5,0,3,8,0,0,3,3,0,25,0,0,0,0,0,0,0,0,0,0,0,0,0,0,0,0,0,0,0,0,0,0,0,0,0,0,0,0,0,0,0,0,0,0,0,0,0,0,0,0,14,13,10,9,0,0,3,5,0,55
SAL22137,0,0,0,0,0,0,0,0,0,7,4,0,0,7,0,0,0,0,0,19,22,3,8,8,10,3,7,4,0,65,0,0,0,0,0,0,0,0,0,3,0,0,0,0,0,0,0,0,0,4,0,0,0,0,0,0,0,0,0,0,0,0,0,0,0,0,0,0,0,6,37,33,13,21,10,4,9,17,0,152
SAL22138,0,0,0,0,0,0,0,0,0,0,0,0,0,0,0,0,0,0,0,0,0,0,3,0,0,0,0,0,0,6,0,0,0,0,0,0,0,0,0,4,0,0,0,0,0,0,0,0,0,0,0,0,0,0,0,0,0,0,0,0,0,0,0,0,0,0,0,0,0,0,8,6,3,0,4,0,0,0,0,20
SAL22139,0,0,0,0,0,0,0,0,0,0,0,0,0,0,0,0,0,0,0,0,0,0,0,0,0,0,0,0,0,4,0,0,0,0,0,0,0,0,0,0,0,0,0,0,0,0,0,0,0,0,0,0,0,0,0,0,0,0,0,0,0,0,0,0,0,0,0,0,0,3,0,0,0,0,0,0,0,0,0,8
SAL22140,0,0,0,0,0,0,0,0,0,0,0,0,0,0,0,0,0,0,0,0,5,0,0,0,0,0,3,0,0,8,0,0,0,0,0,0,0,0,0,0,0,0,0,0,0,0,0,0,0,0,0,0,0,0,0,0,0,0,0,0,0,0,0,0,0,0,0,0,0,0,0,0,0,0,0,0,3,0,0,12
SAL22141,0,0,0,0,0,0,0,0,0,0,0,0,0,0,0,0,0,0,0,0,0,0,0,0,0,0,0,0,0,0,0,0,0,0,0,0,0,0,0,0,0,0,0,0,0,0,0,0,0,0,0,0,0,0,0,0,0,0,0,0,0,0,0,0,0,0,0,0,0,0,3,0,0,0,0,0,0,0,0,3
SAL22142,0,0,0,4,0,0,0,0,0,3,3,0,3,8,0,0,0,0,0,16,14,0,21,6,4,9,8,0,0,56,0,0,0,0,0,6,0,5,0,3,0,0,0,0,0,0,0,0,0,0,0,0,0,0,0,0,0,0,0,0,0,0,0,0,0,3,0,0,0,3,28,43,26,15,18,11,6,4,0,160
SAL22143,0,0,0,0,0,0,0,0,0,0,0,0,0,0,0,0,0,0,0,3,6,0,0,0,0,0,0,0,0,10,0,0,0,0,0,0,0,0,0,0,0,0,0,0,0,0,0,0,0,0,0,0,0,0,0,0,0,0,0,0,0,0,0,0,0,0,0,0,0,0,11,3,8,3,0,0,0,0,0,25
SAL22144,0,0,0,0,0,0,0,0,0,0,0,0,0,0,0,0,0,0,0,3,0,0,12,8,0,0,4,3,0,27,0,0,0,0,0,0,0,0,0,0,0,0,0,0,0,0,0,0,0,0,0,0,0,0,0,0,0,0,0,0,0,0,0,0,0,0,0,0,0,0,8,5,11,15,0,0,5,3,3,55
SAL22145,0,5,3,6,0,0,0,0,0,18,0,0,0,4,4,0,0,0,0,15,0,5,12,4,6,5,0,3,0,33,0,0,0,0,0,0,0,0,0,5,0,0,0,0,0,0,0,0,0,4,0,0,0,0,0,0,0,0,0,0,0,0,0,0,0,6,0,0,0,4,12,25,16,22,17,13,0,5,6,115
SAL22146,4,0,0,0,0,0,0,0,0,3,6,0,0,0,3,0,0,0,0,6,8,0,11,5,3,3,5,3,0,44,0,0,0,0,0,0,0,0,0,3,6,0,0,0,0,0,0,0,0,6,0,0,0,0,0,0,0,0,0,0,0,0,3,0,0,0,0,3,0,8,25,15,14,5,6,9,3,8,0,88
SAL22147,10,14,10,17,8,0,0,4,6,74,31,23,10,39,20,5,8,18,0,159,90,29,213,83,63,37,61,90,16,675,3,3,0,0,0,4,6,3,0,35,6,0,6,5,5,4,0,3,0,32,0,0,0,0,0,0,0,6,0,12,12,0,8,4,0,0,6,10,16,66,196,234,258,191,130,67,87,154,37,1361
SAL22148,8,9,3,3,0,0,0,0,0,30,9,7,6,0,6,0,0,3,0,23,24,8,16,9,0,4,4,4,0,73,0,0,0,0,0,0,0,0,0,3,0,0,4,0,0,0,0,0,0,9,0,0,0,0,0,0,0,0,0,0,0,7,0,0,0,0,0,0,0,13,92,149,43,27,22,15,3,13,10,374
SAL22149,6,7,3,0,0,0,0,0,0,18,6,0,0,6,0,0,0,0,0,14,10,6,13,3,0,5,0,0,0,46,0,0,0,0,0,0,0,0,0,6,4,0,0,0,0,0,0,0,0,4,0,0,0,0,0,0,0,0,0,6,0,0,0,0,0,0,0,0,0,5,68,93,21,19,16,17,0,3,5,248
SAL22150,0,0,0,0,0,0,0,0,0,0,0,0,0,0,0,0,0,0,0,0,0,0,0,4,0,0,0,0,0,5,0,0,0,0,0,0,0,0,0,0,0,0,0,0,0,0,0,0,0,0,0,0,0,0,0,0,0,0,0,0,0,0,0,0,0,0,0,0,0,0,0,4,0,0,0,0,0,6,0,20
SAL22151,4,10,8,16,7,0,0,3,0,44,14,18,6,34,22,14,0,5,3,112,22,14,125,66,32,17,16,40,8,339,5,0,0,3,6,6,0,0,0,19,0,0,0,5,3,0,0,0,0,18,0,0,0,0,0,0,0,0,0,5,4,0,3,3,5,0,6,6,0,28,97,233,152,162,104,53,35,63,16,911
SAL22152,0,0,0,0,0,0,0,0,0,0,0,0,0,0,0,0,0,0,0,0,0,0,5,0,0,0,0,0,0,8,0,0,0,0,0,0,0,0,0,0,0,0,0,0,0,0,4,3,0,0,0,0,0,0,0,0,0,0,0,0,0,0,0,0,0,0,0,0,0,0,0,5,5,0,0,0,4,4,0,24
SAL22153,0,0,0,0,0,0,0,0,0,3,0,0,0,0,0,0,0,0,0,6,0,0,0,0,0,0,0,0,0,9,0,0,0,0,0,0,0,0,0,0,0,0,0,0,0,0,0,0,0,0,0,0,0,0,0,0,0,0,0,0,0,0,0,0,0,0,0,0,0,0,0,5,0,0,0,0,3,4,0,15
SAL22154,5,0,0,0,0,0,0,0,0,5,4,0,0,0,3,0,0,0,0,7,8,0,12,3,0,0,7,5,0,37,0,0,0,0,0,0,0,0,0,4,0,0,0,0,0,0,0,0,0,0,0,0,0,0,0,0,0,0,0,0,0,0,0,0,0,0,0,0,0,3,19,18,21,5,10,4,9,5,0,95
SAL22155,0,0,0,0,3,0,0,0,0,3,3,0,0,3,0,0,0,0,0,3,7,0,10,0,3,0,3,4,0,25,0,0,0,0,0,0,0,0,0,0,0,0,0,0,0,0,0,0,0,0,0,0,0,0,0,0,0,0,0,0,0,0,0,0,0,0,0,3,0,0,6,18,16,4,7,0,3,3,0,60
SAL22156,0,0,0,0,0,0,0,0,0,0,0,0,0,0,0,0,0,0,0,5,4,0,0,0,0,0,0,0,0,5,0,0,0,0,0,0,0,0,0,0,0,0,0,0,0,0,0,0,0,0,0,0,0,0,0,0,0,0,0,0,0,0,0,0,0,0,0,0,0,0,4,0,0,3,0,0,0,0,0,10
SAL22157,0,0,0,0,0,0,0,0,0,0,0,0,0,0,0,0,0,0,0,0,0,0,0,0,0,0,0,0,0,0,0,0,0,0,0,0,0,0,0,0,0,0,0,0,0,0,0,0,0,0,0,0,0,0,0,0,0,0,0,0,0,0,0,0,0,0,0,0,0,0,0,0,0,0,0,0,0,0,0,0
SAL22158,0,0,0,0,0,0,0,0,0,0,0,0,0,0,0,0,0,0,0,3,0,0,5,0,0,0,3,0,0,9,0,0,0,0,0,0,0,0,0,0,0,0,0,0,0,0,0,0,0,0,0,0,0,0,0,0,0,0,0,0,0,0,0,0,0,0,0,0,0,0,0,5,6,0,5,0,3,0,0,13
SAL22159,0,0,0,0,0,0,0,0,0,0,0,0,0,0,0,0,0,0,0,0,0,0,4,0,0,0,0,0,0,8,0,0,0,0,0,0,0,0,0,0,0,0,0,0,0,0,0,0,0,0,0,0,0,0,0,0,0,0,0,0,0,0,0,0,0,0,0,0,0,0,0,7,4,3,3,0,0,0,0,18
SAL22160,14,19,6,10,11,5,0,4,0,70,24,19,12,10,22,6,0,5,3,92,57,11,107,19,28,18,11,11,4,276,0,3,4,0,0,0,0,0,0,15,13,0,3,4,13,0,0,0,0,26,0,5,0,0,4,0,0,0,0,10,4,8,3,0,3,4,0,0,3,25,235,383,150,85,123,45,11,31,20,1085
SAL22161,140,232,141,121,162,74,40,69,15,999,247,299,288,407,305,131,88,142,19,1925,299,185,1294,518,385,195,237,352,70,3536,22,12,24,38,53,24,18,20,0,206,44,27,44,60,75,54,36,36,8,375,9,38,25,8,18,8,13,21,9,147,35,49,49,50,65,37,31,52,87,450,2200,6014,2374,2099,2194,952,775,1122,346,18078
SAL22162,0,0,0,0,0,0,0,0,0,0,0,0,0,0,0,0,0,0,0,0,0,0,0,0,0,0,0,0,0,0,0,0,0,0,0,0,0,0,0,0,0,0,0,0,0,0,0,0,0,0,0,0,0,0,0,0,0,0,0,0,0,0,0,0,0,0,0,0,0,0,0,0,0,0,0,0,0,0,0,0
SAL22163,0,0,0,0,0,0,0,0,0,0,0,0,0,0,0,0,0,0,0,0,5,0,0,0,6,0,3,0,0,12,0,0,0,0,0,0,0,0,0,0,0,0,0,0,0,0,0,0,0,0,0,0,0,0,0,0,0,0,0,0,0,0,0,0,0,0,0,0,0,0,4,4,0,3,4,0,3,0,0,14
SAL22164,4,4,0,4,4,0,0,0,0,17,4,6,4,0,6,0,0,3,0,27,18,7,28,6,9,9,6,6,0,74,3,0,0,0,4,0,0,0,0,5,0,0,0,0,0,4,0,3,0,5,0,0,0,0,0,0,0,0,0,0,0,0,0,0,0,0,0,0,0,6,55,45,36,17,27,15,6,18,3,214
SAL22165,0,0,0,0,0,0,0,0,0,3,0,0,0,0,0,0,0,0,0,0,4,0,0,0,0,0,0,0,0,8,0,0,0,0,0,0,0,0,0,0,0,0,0,0,0,0,0,0,0,0,0,0,0,0,0,0,0,0,0,0,0,0,0,0,0,0,0,0,0,0,8,4,0,0,0,0,0,0,0,23
SAL22166,0,0,0,0,0,0,0,0,0,0,0,0,0,0,0,0,0,0,0,0,0,0,0,0,0,0,0,0,0,5,0,0,0,0,0,0,0,0,0,0,0,0,0,0,0,0,0,0,0,0,0,0,0,0,0,0,0,0,0,0,0,0,0,0,0,0,0,0,0,0,0,0,0,0,0,0,0,0,0,4
SAL22167,0,0,0,0,0,0,0,0,0,0,0,0,0,0,0,0,0,0,0,0,0,0,0,0,0,0,0,0,0,0,0,0,0,0,0,0,0,0,0,0,0,0,0,0,0,0,0,0,0,0,0,0,0,0,0,0,0,0,0,0,0,0,0,0,0,0,0,0,0,0,0,0,0,0,0,0,0,0,0,0
SAL22168,0,0,0,0,0,0,0,0,0,5,0,0,0,0,0,0,0,0,0,0,0,0,0,0,0,0,0,0,0,0,0,0,0,0,0,0,0,0,0,0,0,0,0,0,0,0,0,0,0,0,0,0,0,0,0,0,0,0,0,0,0,0,0,0,0,0,0,0,0,0,0,0,0,0,0,0,0,0,0,3
SAL22169,0,0,0,0,0,0,0,0,0,0,0,0,0,0,0,0,0,0,0,0,3,0,0,0,0,0,0,0,0,4,0,0,0,0,0,0,0,0,0,0,0,0,0,0,0,0,0,0,0,0,0,0,0,0,0,0,0,0,0,0,0,0,0,0,0,0,0,0,0,0,10,0,0,0,0,0,0,0,0,16
SAL22170,133,160,46,80,87,38,6,25,7,589,218,234,109,173,156,75,16,36,16,1023,214,122,503,175,175,89,40,100,14,1427,20,16,7,14,23,8,0,8,0,94,41,30,19,22,46,26,4,7,6,195,15,41,7,8,11,7,0,4,0,87,31,42,15,18,14,12,8,13,42,195,3055,7644,1037,990,1507,709,140,349,214,15638
SAL22171,0,0,0,0,0,0,0,0,0,0,0,0,0,0,0,0,0,0,0,0,0,0,0,0,0,0,0,0,0,0,0,0,0,0,0,0,0,0,0,0,0,0,0,0,0,0,0,0,0,0,0,0,0,0,0,0,0,0,0,0,0,0,0,0,0,0,0,0,0,0,0,0,0,0,0,0,0,0,0,9
SAL22172,16,34,7,21,15,4,3,5,4,112,27,25,26,37,33,12,4,8,6,176,77,34,275,53,66,26,37,32,15,617,5,4,0,3,4,0,3,0,0,23,5,5,0,3,16,4,4,0,0,39,7,3,0,3,3,0,0,0,0,17,3,0,7,0,8,0,6,0,7,37,244,470,337,181,202,66,69,54,40,1651
SAL22173,0,0,0,0,0,0,0,0,0,0,0,0,0,0,0,0,0,0,0,4,4,0,4,0,0,0,0,0,0,5,0,0,0,0,0,0,0,0,0,0,0,0,0,0,0,0,0,0,0,0,0,0,0,0,0,0,0,0,0,0,0,0,0,0,0,0,0,0,0,0,4,0,4,6,0,0,0,0,0,15
SAL22174,77,98,58,70,71,28,22,35,7,468,105,100,85,156,122,49,40,37,16,706,179,81,545,225,166,87,69,118,23,1491,9,8,11,9,19,12,4,10,0,85,16,19,18,31,25,10,9,11,5,146,6,17,7,0,3,3,4,4,0,35,17,10,11,20,11,9,7,13,22,122,1045,2589,951,802,934,362,236,348,127,7386
SAL22175,46,52,41,42,42,15,7,10,6,261,65,86,49,75,55,31,12,19,6,397,76,54,338,137,95,50,44,78,12,877,0,0,0,7,3,4,0,4,0,25,22,6,12,16,17,4,7,9,0,92,3,9,3,4,8,0,3,0,0,28,0,12,10,4,8,9,8,3,11,56,608,1542,537,432,464,207,100,155,58,4102
SAL22176,48,76,26,54,46,15,5,13,0,287,68,74,47,83,67,26,4,16,3,391,123,41,304,105,88,31,24,44,14,779,3,5,5,3,3,10,3,5,0,40,20,19,9,13,17,9,3,5,0,89,3,10,3,0,3,5,0,0,0,31,10,16,6,12,9,8,0,3,10,72,740,1383,484,416,466,176,45,118,58,3877
SAL22177,0,0,0,0,0,0,0,0,0,7,4,4,0,0,0,4,0,0,0,11,9,0,21,3,0,4,4,9,0,41,0,0,0,0,0,0,0,0,0,0,0,0,0,0,0,0,0,0,0,7,0,0,0,0,0,0,0,0,0,0,0,0,0,0,0,0,0,0,0,4,24,11,24,8,7,4,6,9,0,88
SAL22178,3,16,4,3,5,5,0,0,0,36,7,4,0,5,3,4,0,0,0,36,7,4,12,9,10,0,3,5,4,60,0,0,0,0,0,0,0,0,0,0,5,4,0,0,0,0,0,0,0,13,0,0,0,0,0,0,0,0,0,0,3,0,0,0,0,0,0,0,0,8,77,152,34,36,48,21,10,8,7,394
SAL22179,6,11,5,8,0,4,0,0,0,43,8,8,7,15,0,6,3,0,0,48,13,7,33,8,11,7,3,9,0,90,0,0,0,0,0,0,0,0,0,7,0,3,4,0,0,0,0,0,0,12,0,0,0,0,3,0,0,0,0,8,0,0,0,3,0,0,0,0,0,9,123,345,68,64,84,30,12,16,4,751
SAL22180,3,0,0,0,0,0,0,0,0,5,0,0,0,0,0,0,0,0,0,6,10,0,11,3,3,0,0,3,0,38,0,0,0,0,0,0,0,0,0,0,0,0,0,0,0,0,0,0,0,0,0,0,0,0,0,0,0,0,0,0,0,0,0,0,0,0,0,0,0,0,18,22,11,9,13,0,0,4,6,78
SAL22181,0,0,0,0,0,0,0,0,0,0,0,0,0,3,0,0,0,0,0,5,9,0,6,0,0,0,4,5,0,24,0,0,0,0,0,0,0,0,0,0,0,0,0,0,0,0,0,4,0,4,0,0,0,0,0,0,0,0,0,0,4,0,0,0,0,0,0,4,0,7,11,9,10,5,3,4,6,7,0,57
SAL22182,0,0,0,0,0,0,0,0,0,0,0,0,0,0,0,0,0,0,0,0,0,0,0,0,0,0,0,0,0,6,0,0,0,0,0,0,0,0,0,0,0,0,0,0,0,0,0,0,0,0,0,0,0,0,0,0,0,0,0,0,0,0,0,0,0,0,0,0,0,0,0,0,0,0,0,0,0,0,0,7
SAL22183,6,0,3,3,3,6,0,6,0,23,15,0,6,12,13,4,10,24,4,80,35,4,49,16,20,8,20,36,4,187,0,0,3,0,0,0,0,0,0,10,5,0,4,0,3,0,0,6,0,30,4,0,0,0,0,0,0,11,0,14,7,5,3,0,5,0,8,39,18,87,114,69,70,49,58,22,39,144,33,595
SAL22184,10,6,4,11,8,0,3,0,0,39,10,7,9,21,8,5,0,4,0,66,53,14,101,62,31,16,39,49,0,356,0,0,0,4,0,0,3,6,0,16,0,0,3,0,4,0,0,0,0,12,0,4,0,0,0,0,0,0,0,4,4,5,0,6,0,4,6,7,8,43,109,152,122,117,55,29,54,75,11,709
SAL22185,0,0,0,0,0,0,0,0,0,4,0,0,0,0,0,0,0,0,0,0,0,0,0,0,0,3,0,3,0,7,0,0,0,0,0,0,0,0,0,0,0,0,0,0,0,0,0,0,0,0,0,0,0,0,0,0,0,0,0,0,0,0,0,0,0,0,0,0,0,0,3,5,0,0,3,3,0,4,5,26
SAL22186,4,4,8,8,6,7,4,4,0,56,18,14,35,29,14,7,28,9,0,151,18,9,67,35,25,5,29,18,9,219,0,0,0,0,0,0,0,0,0,7,0,0,0,7,9,0,3,0,0,16,4,0,0,3,0,0,0,0,0,11,0,0,0,4,3,0,0,3,5,17,78,211,145,124,115,49,108,59,31,922
SAL22187,0,0,0,0,0,0,0,0,0,0,0,0,0,0,0,0,0,0,0,0,0,0,0,0,0,0,0,0,0,0,0,0,0,0,0,0,0,0,0,0,0,0,0,0,0,0,0,0,0,0,0,0,0,0,0,0,0,0,0,0,0,0,0,0,0,0,0,0,0,0,3,0,0,0,0,0,0,0,0,5
SAL22188,0,0,0,0,0,0,0,0,0,0,0,0,0,0,0,0,0,0,0,3,0,0,0,0,0,0,0,0,0,0,0,0,0,0,0,0,0,0,0,0,0,0,0,0,0,0,0,0,0,3,0,0,0,0,0,0,0,0,0,0,0,0,0,0,0,0,0,0,0,0,0,6,3,3,4,0,0,0,0,22
SAL22189,0,0,0,0,0,0,0,0,0,0,0,0,0,0,0,0,0,0,0,0,0,0,0,0,0,0,0,0,0,0,0,0,0,0,0,0,0,0,0,0,0,0,0,0,0,0,0,0,0,0,0,0,0,0,0,0,0,0,0,0,0,0,0,0,0,0,0,0,0,0,0,0,0,0,0,0,0,0,0,0
SAL22190,0,0,0,0,0,0,0,0,0,3,0,0,0,4,7,0,0,0,0,5,3,0,10,6,0,0,4,4,0,33,0,0,0,0,0,0,0,0,0,3,0,0,0,0,0,0,0,0,0,0,0,0,0,0,0,0,0,0,0,3,0,0,0,0,0,0,0,0,0,0,8,21,12,9,10,4,3,4,0,81
SAL22191,0,0,0,0,0,0,0,0,0,0,0,0,0,0,0,0,0,0,0,8,10,0,9,3,0,0,0,9,0,25,0,0,0,0,0,0,0,0,0,0,0,0,0,0,0,0,0,0,0,0,0,0,0,0,0,0,0,0,0,0,0,0,0,0,0,0,0,0,0,3,12,9,8,3,0,7,0,8,0,45
SAL22192,0,0,0,0,0,0,0,0,0,0,0,0,0,0,0,0,0,0,0,0,0,0,0,0,0,0,0,0,0,0,0,0,0,0,0,0,0,0,0,0,0,0,0,0,0,0,0,0,0,0,0,0,0,0,0,0,0,0,0,0,0,0,0,0,0,0,0,0,0,0,0,0,0,6,0,0,0,0,0,3
SAL22193,29,30,18,8,22,4,3,5,3,129,32,23,26,59,45,10,7,15,4,227,76,36,383,92,87,41,76,83,11,886,0,0,0,0,5,8,0,3,0,28,5,3,0,10,12,3,3,3,0,48,0,4,0,0,3,0,0,0,0,11,0,0,8,0,6,0,0,0,10,35,275,452,464,225,247,99,93,125,40,2019
SAL22194,32,45,22,23,32,8,0,7,0,165,38,43,31,44,41,18,7,15,5,243,66,28,168,66,71,28,20,34,9,477,3,0,0,4,3,0,0,0,0,14,10,0,5,7,16,9,0,9,0,60,3,12,0,3,5,0,0,0,0,29,4,8,7,0,7,0,6,3,5,47,652,1560,305,276,404,141,53,112,52,3547
SAL22195,0,0,0,0,0,0,0,0,0,0,0,0,0,0,0,0,0,0,0,0,0,0,0,0,0,0,0,0,0,4,0,0,0,0,0,0,0,0,0,0,0,0,0,0,0,0,0,0,0,0,0,0,0,0,0,0,0,0,0,0,0,0,0,0,0,0,0,0,0,0,7,0,4,0,0,0,0,0,0,17
SAL22196,0,0,0,0,0,0,0,0,0,0,0,0,0,0,0,0,0,0,0,0,0,0,0,0,0,0,0,0,0,0,0,0,0,0,0,0,0,0,0,0,0,0,0,0,0,0,0,0,0,0,0,0,0,0,0,0,0,0,0,0,0,0,0,0,0,0,0,0,0,0,0,0,0,0,0,0,0,0,0,0
SAL22197,0,0,0,0,0,0,0,0,0,0,0,0,0,0,0,0,0,0,0,9,3,0,0,6,0,0,0,0,0,14,0,0,0,0,0,0,0,0,0,0,0,0,0,0,0,0,0,0,0,0,0,0,0,0,0,0,0,0,0,0,0,0,0,0,0,0,0,0,0,0,11,13,4,6,4,0,0,0,0,39
SAL22198,36,61,34,63,38,19,6,14,5,278,58,71,71,130,59,45,14,16,5,466,174,67,611,230,138,95,88,154,33,1591,13,6,8,5,12,17,0,7,0,78,14,9,10,25,24,7,4,18,3,114,0,0,5,4,4,0,0,3,0,27,6,14,14,21,25,21,7,14,6,128,445,905,805,591,373,247,129,263,70,3825
SAL22199,6,3,0,3,0,0,0,5,0,18,5,4,0,13,13,0,0,4,3,46,21,9,102,37,12,15,20,26,3,249,0,0,0,0,0,0,0,7,5,19,0,0,3,0,7,0,0,0,0,12,0,0,0,0,0,0,0,0,0,3,4,0,0,3,0,4,6,4,5,22,47,84,110,75,39,25,24,43,15,453
SAL22200,0,0,0,0,0,0,0,0,0,0,0,0,0,0,0,0,0,0,0,0,0,0,0,0,0,0,0,0,0,0,0,0,0,0,0,0,0,0,0,0,0,0,0,0,0,0,0,0,0,0,0,0,0,0,0,0,0,0,0,0,0,0,0,0,0,0,0,0,0,0,0,0,0,0,0,0,0,0,0,0
SAL22201,0,0,0,0,0,0,0,0,0,4,3,0,0,0,0,0,0,0,0,8,3,0,0,3,0,0,0,3,0,12,0,0,0,0,0,0,0,5,0,5,0,0,0,0,0,0,0,0,0,0,0,0,0,0,0,0,0,0,0,0,0,0,0,0,0,0,0,0,0,4,23,7,5,6,0,6,0,8,4,53
SAL22202,0,0,0,0,0,0,3,0,0,4,0,0,0,4,0,0,0,0,0,3,0,0,4,0,0,0,0,0,0,7,0,0,0,0,0,0,0,0,0,0,0,0,0,0,0,0,0,0,0,0,0,0,0,0,0,0,0,0,0,0,0,0,0,0,0,0,0,0,0,0,0,6,5,3,0,0,3,0,0,21
SAL22203,12,8,3,13,6,3,0,4,0,36,7,7,4,16,7,9,0,3,0,52,26,5,83,18,12,9,15,12,6,193,0,0,0,0,3,0,0,3,0,13,0,0,0,4,5,0,0,0,0,11,0,0,5,0,0,0,0,0,0,6,4,0,0,0,0,0,0,0,4,5,70,99,91,64,42,23,15,27,7,447
SAL22204,0,0,0,0,0,0,0,0,0,0,0,0,0,0,0,0,0,0,0,0,0,0,0,0,0,0,0,0,0,3,0,0,0,0,0,0,0,0,0,0,0,0,0,0,0,0,0,0,0,0,0,0,0,0,0,0,0,0,0,0,0,0,0,0,0,0,0,0,0,0,0,0,0,0,0,0,0,4,0,7
SAL22205,0,0,0,0,0,0,0,0,0,0,0,0,0,0,0,0,0,0,0,0,0,0,0,0,0,0,0,0,0,3,0,0,0,0,0,0,0,0,0,0,0,0,0,0,0,0,0,0,0,0,0,0,0,0,0,0,0,0,0,0,0,0,0,0,0,0,0,0,0,0,0,0,0,0,0,0,0,0,0,5
SAL22206,4,0,0,0,0,0,0,3,0,4,0,0,0,0,0,0,0,0,0,3,3,0,12,5,4,0,0,6,4,32,0,0,0,0,0,0,0,0,0,0,0,0,0,0,0,0,0,0,0,4,0,0,0,0,0,0,0,0,0,0,0,0,0,0,0,0,0,0,0,5,8,12,14,7,6,0,4,11,3,69
SAL22207,139,212,85,108,167,61,36,48,15,880,231,204,160,282,266,121,48,67,23,1397,338,153,1247,327,341,184,186,230,56,3056,18,12,18,20,38,14,6,15,4,157,48,27,32,36,76,27,13,28,6,288,21,27,13,5,17,11,8,4,0,110,24,31,26,32,54,31,12,23,21,251,2009,3896,1882,1195,1737,790,410,530,204,12653
SAL22208,38,53,49,59,44,21,36,13,0,319,57,62,76,187,118,48,62,45,17,673,74,45,404,221,121,70,140,158,26,1255,3,0,9,26,12,21,15,19,4,116,18,9,15,32,29,24,17,18,4,162,4,6,11,8,11,0,7,3,5,59,10,15,22,13,10,16,14,14,42,161,470,1326,739,837,665,315,393,410,138,5299
SAL22209,0,0,0,0,0,0,0,0,0,0,0,0,0,0,0,0,0,0,0,0,0,0,0,0,0,0,0,6,0,7,0,0,0,0,0,0,0,0,0,0,0,0,0,0,0,0,0,0,0,0,0,0,0,0,0,0,0,0,0,0,0,0,0,0,0,0,0,0,0,0,0,0,0,0,0,0,0,6,0,13
SAL22210,4,0,3,0,0,0,0,0,0,15,0,0,0,0,3,0,0,0,0,5,3,4,9,0,6,0,0,0,0,23,0,0,0,0,0,0,0,0,0,0,0,0,0,0,0,0,0,0,0,0,0,0,0,0,0,0,0,0,0,0,0,0,0,0,0,0,0,0,0,0,15,16,11,5,13,0,0,0,0,58
SAL22211,3,3,0,0,0,0,0,0,0,12,0,0,0,0,0,0,0,0,0,0,3,0,7,0,0,3,0,5,0,16,0,0,0,0,0,0,0,0,0,0,0,0,0,0,0,0,0,0,0,0,0,0,0,0,0,0,0,0,0,0,0,0,0,0,0,0,0,0,0,3,22,16,7,3,4,3,0,6,0,60
SAL22212,4,0,0,0,0,0,0,0,0,4,0,0,0,0,0,0,0,0,0,0,4,0,0,0,0,0,0,4,0,6,0,0,0,0,0,0,0,0,0,0,0,0,0,0,0,0,0,0,0,0,0,0,0,0,0,0,0,0,0,0,0,0,0,0,0,0,0,0,0,0,4,0,0,0,0,0,0,3,0,12
SAL22213,0,0,0,0,0,0,0,0,0,0,0,0,0,0,0,0,0,0,0,0,9,0,3,0,0,0,0,0,0,8,0,0,0,0,0,0,0,0,0,0,0,0,0,0,0,0,0,0,0,0,0,0,0,0,0,0,0,0,0,0,0,0,0,0,0,0,0,0,0,0,3,6,3,0,4,0,0,0,0,17
SAL22214,14,0,0,5,0,3,0,0,0,25,4,4,0,3,4,0,0,0,0,14,22,9,8,7,6,0,4,9,0,61,0,0,0,0,0,0,0,6,0,6,0,0,0,0,0,0,0,0,0,3,0,0,0,0,0,0,0,0,0,0,3,0,0,0,0,0,0,5,0,10,42,40,11,12,11,4,11,15,0,152
SAL22215,5,7,4,3,0,0,0,0,0,16,3,4,3,16,9,6,0,3,0,36,12,5,21,16,10,9,11,22,10,121,0,0,0,0,3,0,0,0,0,10,0,0,3,0,0,0,0,0,0,8,0,0,0,0,0,0,0,0,0,0,5,0,0,5,0,0,0,9,9,27,36,58,36,46,30,14,19,44,13,293
SAL22216,0,0,0,0,0,0,0,0,0,0,0,0,0,0,0,0,0,0,0,0,3,0,9,0,0,0,0,0,0,12,0,0,0,0,0,0,0,0,0,0,0,0,0,0,0,0,0,0,0,0,0,0,0,0,0,0,0,0,0,0,0,0,0,0,0,0,0,0,0,0,7,3,9,0,3,0,0,0,0,24
SAL22217,12,11,3,6,12,0,0,4,0,48,17,22,9,26,4,8,4,3,3,94,36,15,94,41,33,9,31,44,6,316,7,3,0,9,3,4,3,3,0,23,0,0,3,3,4,0,4,5,0,28,0,0,0,0,0,0,0,0,0,5,5,0,0,0,0,0,0,6,3,22,132,178,116,101,84,31,47,79,17,782
SAL22218,0,0,0,0,0,0,0,0,0,0,0,0,0,0,0,0,0,0,0,0,0,0,0,0,0,0,0,0,0,0,0,0,0,0,0,0,0,0,0,0,0,0,0,0,0,0,0,0,0,0,0,0,0,0,0,0,0,0,0,0,0,0,0,0,0,0,0,0,0,0,0,0,0,0,0,0,0,0,0,0
SAL22219,3,0,0,6,6,0,0,0,0,14,11,0,0,3,0,0,0,0,0,16,9,0,10,5,0,4,0,7,0,37,0,0,0,0,0,0,0,0,0,0,6,0,0,0,0,0,0,0,0,9,0,0,0,0,0,0,0,0,0,0,0,0,0,0,0,0,0,0,0,5,34,24,10,9,13,0,5,7,0,111
SAL22220,38,40,24,28,47,9,0,7,0,204,43,38,40,64,36,26,4,22,9,284,137,40,419,114,68,65,22,74,12,959,9,5,5,3,10,8,0,3,0,41,10,11,3,18,12,7,0,4,0,73,5,0,3,3,4,5,3,0,0,27,9,14,16,8,10,21,4,9,8,94,454,696,546,329,265,176,51,160,58,2739
SAL22221,0,0,0,0,0,0,0,0,0,0,0,0,0,0,0,0,0,0,0,0,0,0,0,4,0,0,0,0,0,5,0,0,0,0,0,0,0,0,0,0,0,0,0,0,0,0,0,0,0,0,0,0,0,0,0,0,0,0,0,0,0,0,0,0,0,0,0,0,0,0,0,0,0,4,0,0,0,3,0,11
SAL22222,32,43,9,15,22,20,0,7,10,149,30,38,25,65,45,10,3,10,4,232,104,32,241,68,71,52,30,51,15,659,12,0,5,7,7,3,0,3,0,40,10,4,6,13,8,9,0,4,0,52,3,0,0,0,0,0,0,0,0,6,7,9,9,3,11,8,0,9,3,57,328,487,312,225,219,121,44,96,30,1867
SAL22223,0,0,0,0,0,0,0,0,0,0,0,0,0,0,0,0,0,0,0,0,4,0,0,0,4,0,0,7,0,12,0,0,0,0,0,0,0,0,0,0,0,0,0,0,0,0,0,0,0,0,0,0,0,0,0,0,0,0,0,0,0,0,0,0,0,0,0,0,0,0,4,6,6,0,6,0,0,5,0,25
SAL22224,6,0,0,0,3,0,0,0,0,6,0,4,0,9,3,0,0,0,0,20,4,0,31,18,7,8,18,14,0,106,0,0,0,4,3,0,0,0,0,6,0,0,0,0,0,0,0,0,0,5,0,0,0,0,0,0,0,0,0,0,3,0,0,0,0,0,0,4,0,9,14,34,39,46,19,10,21,23,3,203
SAL22225,0,0,0,0,0,0,0,0,0,3,0,0,0,7,0,0,0,0,0,5,0,0,9,0,0,0,0,0,0,9,0,0,0,0,0,0,0,0,0,0,0,0,0,3,0,0,0,0,0,3,0,0,0,0,0,0,0,0,0,0,0,0,0,0,0,0,0,0,0,0,5,6,9,8,0,5,0,0,0,24
SAL22226,35,69,21,52,25,10,4,8,8,232,90,82,52,153,89,21,8,14,9,522,155,68,516,274,149,96,82,150,30,1527,4,4,16,14,17,17,3,17,0,96,14,8,9,19,12,10,4,5,0,81,3,0,6,0,6,0,6,3,0,27,19,12,8,11,10,9,5,14,10,95,550,1282,681,662,404,191,125,243,66,4209
SAL22227,0,0,0,0,0,0,0,0,0,0,0,0,0,0,0,0,0,0,0,0,0,0,0,0,0,0,0,3,0,8,0,0,0,0,0,0,0,0,0,0,0,0,0,0,0,0,0,0,0,0,0,0,0,0,0,0,0,0,0,0,0,0,0,0,0,0,0,0,0,0,3,0,0,0,3,0,0,3,0,11
SAL22228,0,0,0,0,0,0,0,0,0,0,0,0,0,0,0,0,0,0,0,0,4,0,3,3,0,0,0,0,0,7,0,0,0,0,0,0,0,0,0,0,0,0,0,0,0,0,0,0,0,0,0,0,0,0,0,0,0,0,0,0,0,0,0,0,0,0,0,0,0,0,7,0,3,3,0,0,0,3,0,21
SAL22229,12,11,6,6,7,0,0,0,0,41,15,10,3,16,8,0,0,9,0,65,28,13,49,21,21,14,12,13,0,167,0,0,4,0,0,0,0,0,0,13,0,0,0,3,0,0,0,0,0,9,0,0,0,0,0,0,0,0,0,3,0,0,0,3,6,0,3,3,0,11,93,137,74,66,60,15,21,29,10,503
SAL22230,0,0,0,0,0,0,0,0,0,0,0,0,0,0,0,0,0,0,0,0,3,0,3,6,0,0,0,0,0,14,0,0,0,0,0,0,0,0,0,0,0,0,0,0,0,0,0,0,0,0,0,0,0,0,0,0,0,0,0,0,0,0,0,0,0,0,0,0,0,3,10,3,3,4,0,0,4,4,0,32
SAL22231,0,0,0,0,0,0,0,0,0,0,0,0,0,0,0,0,0,0,0,0,0,0,0,0,0,0,0,0,0,4,0,0,0,0,0,0,0,0,0,0,0,0,0,0,0,0,0,0,0,0,0,0,0,0,0,0,0,0,0,0,0,0,0,0,0,0,0,0,0,0,0,0,0,0,0,0,0,0,0,3
SAL22232,45,47,15,14,45,8,0,8,0,192,71,49,22,44,47,21,4,8,8,280,82,30,161,47,72,42,24,28,0,500,0,0,0,4,7,0,0,0,0,20,12,5,4,11,11,4,5,0,0,56,3,4,6,0,3,0,0,0,0,15,7,9,4,4,3,3,0,0,9,34,449,573,244,181,275,142,48,64,27,1989
SAL22233,0,0,0,0,0,0,0,0,0,4,0,0,0,0,0,0,0,0,0,0,0,0,4,0,0,0,0,0,0,3,0,0,0,0,0,0,0,0,0,0,0,0,0,0,0,0,0,0,0,0,0,0,0,0,0,0,0,0,0,0,0,0,0,0,0,0,0,0,0,4,0,11,5,0,5,0,0,0,0,28
SAL22234,81,81,15,39,50,10,0,9,0,284,71,68,30,44,44,28,0,14,5,302,92,28,164,45,53,34,16,35,6,477,0,3,5,0,4,4,5,3,0,25,19,0,10,11,17,9,0,5,0,71,8,5,3,0,4,0,0,0,0,27,11,18,3,8,18,10,0,4,8,77,1127,1705,301,272,428,228,36,87,57,4244
SAL22235,5,0,0,0,0,0,0,3,0,8,4,0,0,4,0,0,0,0,0,9,10,0,12,0,0,0,3,7,0,36,0,0,0,0,0,0,0,0,0,0,0,0,0,0,0,0,0,0,0,0,0,0,0,0,0,0,0,0,0,0,5,0,0,0,0,0,0,0,0,4,25,13,14,10,10,3,3,8,0,71
SAL22236,0,0,0,0,0,0,0,0,0,5,0,0,4,4,0,0,0,0,0,5,4,0,15,0,0,0,0,5,0,32,0,0,0,0,0,0,0,0,0,3,0,0,0,0,0,0,0,0,0,0,0,5,0,0,0,0,0,0,0,4,0,0,0,0,0,0,0,0,5,3,16,29,20,8,9,4,0,7,8,100
SAL22237,0,0,0,0,0,0,0,0,0,0,0,0,0,0,0,0,0,0,0,0,0,0,0,0,0,0,0,0,0,0,0,0,0,0,0,0,0,0,0,0,0,0,0,0,0,0,0,0,0,0,0,0,0,0,0,0,0,0,0,0,0,0,0,0,0,0,0,0,0,0,0,0,0,0,0,0,0,0,0,0
SAL22238,8,0,5,0,0,0,0,0,0,11,0,0,0,4,6,0,0,0,0,18,11,0,18,3,9,3,6,4,3,65,0,0,0,0,0,3,0,0,0,5,0,0,0,0,0,0,0,0,0,0,0,0,0,0,0,0,0,0,0,0,0,0,0,0,0,0,0,0,0,5,26,45,31,15,25,5,6,15,4,173
SAL22239,3,3,3,5,5,3,0,0,0,27,14,3,3,6,7,0,0,0,0,34,16,6,29,3,12,8,4,3,0,78,0,0,0,5,0,0,0,0,0,6,0,4,0,7,4,0,0,0,0,11,0,0,0,0,0,0,0,0,0,4,5,4,0,0,0,0,0,0,0,12,80,136,48,33,48,12,4,17,3,384
SAL22240,0,0,0,0,0,0,0,0,0,5,0,0,4,0,0,0,0,0,0,7,0,0,0,0,0,0,0,3,0,10,0,0,0,0,0,0,0,0,0,5,0,0,0,0,0,0,0,0,0,0,0,0,0,0,0,0,0,0,0,0,0,0,0,0,0,0,0,0,0,0,3,5,4,3,4,5,0,3,0,23
SAL22241,0,0,0,4,0,6,0,0,0,18,7,3,0,0,7,0,0,0,0,18,5,0,44,12,13,4,6,23,0,114,0,0,0,0,0,0,0,0,0,6,0,0,0,3,0,0,0,0,0,8,0,0,0,0,0,0,0,0,0,0,5,0,3,6,0,0,0,5,0,16,32,45,54,33,28,12,15,30,4,251
SAL22242,23,30,25,15,26,9,9,3,0,137,38,37,32,62,41,19,4,13,3,241,58,29,200,65,56,38,45,44,6,544,0,0,4,6,8,0,5,6,0,22,4,3,6,11,8,9,3,0,0,52,0,6,0,3,0,0,0,0,0,16,4,7,4,3,7,0,6,0,7,36,320,678,330,250,281,143,87,110,31,2230
SAL22243,0,0,0,0,0,0,0,0,0,0,0,0,0,0,0,0,0,0,0,3,0,0,6,0,0,0,0,0,0,14,0,0,0,0,0,0,0,0,0,0,0,0,0,0,0,0,0,0,0,0,0,0,0,0,0,0,0,0,0,0,0,0,0,0,0,0,0,0,0,0,4,11,5,3,6,0,0,0,0,34
SAL22244,0,0,0,0,0,0,0,0,0,3,4,0,3,5,0,0,0,0,0,12,3,3,6,4,0,0,0,0,0,19,0,0,0,0,0,0,0,0,0,0,0,0,0,0,0,0,0,0,0,3,0,0,0,0,0,0,0,0,0,0,0,0,0,0,0,0,0,0,0,4,14,25,10,6,3,0,4,9,0,77
SAL22245,0,0,0,0,0,0,0,0,0,6,0,0,0,0,0,0,0,0,0,3,4,0,7,0,3,0,3,4,0,33,0,0,0,0,0,0,0,0,0,0,0,0,0,0,0,0,0,0,0,0,0,0,0,0,0,0,0,0,0,0,4,0,0,0,0,0,0,0,0,0,15,18,5,6,3,0,3,7,0,62
SAL22246,0,3,0,0,0,0,0,0,0,6,0,0,0,5,0,0,0,0,0,11,23,0,14,5,4,0,12,6,0,69,0,0,0,0,6,0,0,0,0,0,0,0,0,0,0,0,0,0,0,0,0,0,0,0,0,0,0,0,0,0,0,0,0,0,0,0,0,0,0,7,38,32,17,12,12,3,12,10,6,138
SAL22247,9,17,13,18,19,5,11,3,3,96,18,14,26,47,33,11,12,11,0,166,34,16,167,61,47,19,44,29,10,430,0,0,0,3,6,0,0,3,0,18,3,0,0,9,12,0,0,0,0,31,0,3,0,0,0,0,0,0,0,14,0,5,5,5,4,4,4,6,15,46,197,559,263,205,220,83,90,70,37,1719
SAL22248,0,0,0,0,0,0,0,0,0,0,0,0,0,0,0,0,0,0,0,0,0,0,0,0,0,0,0,0,0,0,0,0,0,0,0,0,0,0,0,0,0,0,0,0,0,0,0,0,0,0,0,0,0,0,0,0,0,0,0,0,0,0,0,0,0,0,0,0,0,0,3,0,0,0,0,0,0,0,0,9
SAL22249,54,85,54,70,65,23,14,14,6,389,107,125,94,153,140,60,25,32,15,743,172,79,825,242,177,116,115,194,33,1950,14,3,6,14,12,15,6,7,0,88,18,13,23,26,35,23,14,4,0,159,0,5,5,0,7,0,0,0,0,31,7,15,16,21,19,10,12,18,14,137,771,1571,1113,728,678,350,208,314,113,5854
SAL22250,12,9,5,5,7,4,0,0,0,42,26,15,3,5,18,3,0,3,0,78,21,11,59,12,23,14,16,9,5,175,0,0,0,0,7,0,0,0,0,7,5,0,0,3,4,0,3,3,0,19,0,0,0,0,0,0,0,0,0,5,0,0,0,0,0,0,0,0,3,6,155,241,87,65,105,41,23,23,18,757
SAL22251,0,0,0,0,0,0,0,0,0,8,0,3,0,4,0,0,0,0,0,12,7,0,12,11,6,0,3,7,0,47,0,0,0,0,0,0,0,0,0,0,0,0,0,0,0,0,0,0,0,3,0,0,0,0,0,0,0,0,0,0,0,0,0,0,0,0,0,0,4,3,15,20,16,24,8,11,4,9,4,104
SAL22252,0,0,0,0,0,0,0,0,0,0,5,0,0,0,0,0,0,0,0,8,3,0,9,3,0,0,4,3,0,28,0,0,0,0,0,0,0,0,0,0,0,0,0,0,0,0,0,0,0,0,0,0,0,0,0,0,0,0,0,0,0,0,0,0,0,0,0,0,0,0,8,8,14,4,4,6,3,3,0,44
SAL22253,0,0,0,0,0,0,0,0,0,9,0,0,0,0,0,0,0,0,0,0,3,0,8,0,3,0,3,6,0,20,0,0,0,0,0,0,0,0,0,0,0,0,0,0,0,0,0,0,0,0,0,0,0,0,0,0,0,0,0,0,0,0,0,0,0,0,0,0,0,0,8,18,8,0,5,0,3,12,0,53
SAL22254,0,0,0,0,0,0,0,0,0,0,0,0,0,0,4,0,0,0,0,8,9,0,9,8,0,0,0,3,0,30,0,0,0,0,0,0,0,0,0,5,0,0,3,0,0,0,0,0,0,4,0,0,0,0,0,0,0,0,0,0,0,0,0,0,0,0,0,0,0,3,8,10,18,7,3,4,3,4,0,69
SAL22255,3,17,9,29,22,9,10,7,0,95,23,46,24,93,50,16,12,26,7,300,75,31,396,228,109,84,77,113,20,1147,4,0,13,10,15,15,3,19,0,80,0,3,3,16,12,6,7,7,0,55,0,0,0,0,0,0,4,0,0,7,6,3,9,15,7,10,7,8,10,76,173,450,501,492,284,177,129,210,40,2468
SAL22256,17,28,8,23,17,8,6,5,0,110,32,41,21,25,27,14,3,8,0,176,44,22,99,33,30,19,17,20,0,283,4,0,3,0,0,0,0,0,0,18,9,8,0,5,13,4,0,9,0,44,3,4,3,0,6,0,0,3,0,15,3,3,0,4,5,0,0,0,8,26,509,1191,196,176,269,103,37,67,22,2560
SAL22257,3,6,0,3,4,0,0,0,0,16,4,0,7,6,7,0,0,0,0,18,14,8,32,4,3,0,3,7,0,74,0,0,0,0,0,0,5,0,0,3,3,0,0,0,0,0,0,0,0,10,0,0,0,0,0,0,0,0,0,0,0,3,0,0,0,0,0,0,0,6,55,93,44,21,24,10,8,14,0,263
SAL22258,7,14,7,6,0,3,0,5,0,49,21,8,9,25,13,6,0,4,0,86,23,10,81,18,19,9,7,12,0,178,0,0,0,0,0,0,0,0,0,3,0,0,0,4,8,5,4,3,0,21,0,0,0,0,0,0,0,0,0,6,0,0,4,0,0,0,0,0,5,10,108,228,116,84,70,30,17,33,7,676
SAL22259,0,0,0,0,0,0,0,0,0,0,0,0,0,0,0,0,0,0,0,0,0,0,0,0,0,0,0,0,0,0,0,0,0,0,0,0,0,0,0,0,0,0,0,0,0,0,0,0,0,0,0,0,0,0,0,0,0,0,0,0,0,0,0,0,0,0,0,0,0,0,0,0,0,0,0,0,0,0,0,0
SAL22260,0,0,0,0,0,0,0,0,0,3,0,0,0,0,0,0,0,0,0,0,0,0,0,0,0,0,0,0,0,0,0,0,0,0,0,0,0,0,0,0,0,0,0,0,0,0,0,0,0,0,0,0,0,0,0,0,0,0,0,0,0,0,0,0,0,0,0,0,0,0,4,0,0,0,0,0,0,0,0,15
SAL22261,3,0,0,0,0,0,0,0,0,3,3,0,0,0,0,0,0,0,0,8,5,0,5,5,3,0,5,6,0,28,0,0,0,0,0,0,0,0,0,0,0,0,0,0,0,0,0,0,0,0,0,0,0,0,0,0,0,0,0,0,0,0,0,0,0,0,0,0,0,0,20,14,7,8,4,0,5,9,0,72
SAL22262,5,0,0,0,0,0,0,0,0,8,0,0,0,0,0,0,0,0,0,0,14,0,3,4,0,0,0,0,0,17,0,0,0,0,0,0,0,0,0,0,0,0,0,0,0,0,0,0,0,0,0,0,0,0,0,0,0,0,0,0,0,0,0,0,0,0,0,0,0,0,23,0,3,3,0,0,0,0,0,41
SAL22263,3,18,7,0,13,0,0,4,0,56,20,13,9,31,21,9,0,4,0,122,54,12,209,41,41,17,31,30,6,451,0,0,0,0,6,0,6,0,0,13,3,0,0,10,0,0,0,0,0,22,4,0,0,0,3,0,0,0,0,13,0,4,0,0,6,0,0,0,7,18,130,183,243,106,112,39,38,51,16,914
SAL22264,0,3,0,0,0,0,0,0,0,15,3,0,4,13,5,4,0,3,0,43,30,3,87,18,16,4,6,10,4,180,0,0,0,0,0,0,0,0,0,8,4,0,0,0,0,0,0,0,0,3,0,0,0,0,0,0,0,0,0,0,0,0,0,0,0,0,0,0,0,4,46,42,100,51,41,11,7,13,7,321
SAL22265,21,16,12,20,10,8,0,9,0,89,45,27,24,63,29,9,3,10,0,209,69,28,237,117,69,48,58,92,11,724,0,0,7,8,9,4,0,3,0,39,3,0,6,10,6,4,5,10,0,42,3,4,0,0,0,0,5,0,0,15,5,0,8,3,0,6,8,14,5,55,214,285,301,268,165,99,82,164,23,1606
SAL22266,0,0,0,0,0,0,0,0,0,0,5,3,0,0,0,0,0,0,0,9,8,0,11,3,6,0,0,0,0,33,0,0,0,0,0,0,0,0,0,0,3,0,0,0,0,0,0,0,0,3,0,0,0,0,0,0,0,0,0,0,0,0,0,0,0,0,0,0,0,0,23,15,13,3,9,0,6,0,0,74
SAL22267,0,0,0,0,0,0,0,0,0,0,0,0,0,0,0,0,0,0,0,0,0,0,0,0,0,0,0,0,0,0,0,0,0,0,0,0,0,0,0,0,0,0,0,0,0,0,0,0,0,0,0,0,0,0,0,0,0,0,0,0,0,0,0,0,0,0,0,0,0,0,0,0,0,0,0,0,0,0,0,0
SAL22268,0,0,0,0,0,0,0,0,0,0,0,5,4,4,0,0,0,3,0,10,5,0,8,0,0,0,3,0,0,20,0,0,0,0,0,0,0,0,0,0,0,0,0,0,0,0,0,0,0,0,0,0,0,0,0,0,0,0,0,0,0,0,3,0,0,0,0,0,0,3,13,19,16,6,0,0,3,3,0,53
SAL22269,3,0,0,0,0,0,0,0,0,3,0,0,0,0,0,0,0,0,0,0,0,0,0,0,0,0,0,0,0,0,0,0,0,0,0,0,0,0,0,0,0,0,0,0,0,0,0,0,0,0,0,0,0,0,0,0,0,0,0,0,0,0,0,0,0,0,0,0,0,0,6,5,0,0,0,0,0,0,0,11
SAL22270,0,0,0,0,0,0,0,0,0,0,0,0,0,0,0,0,0,0,0,0,3,0,0,0,0,0,0,0,0,3,0,0,0,0,0,0,0,0,0,0,0,0,0,0,0,0,0,0,0,0,0,0,0,0,0,0,0,0,0,0,0,0,0,0,0,0,0,0,0,0,4,0,0,0,0,0,0,0,0,4
SAL22271,9,4,0,0,0,0,0,0,0,15,3,3,0,8,8,0,0,0,0,20,3,0,19,6,6,0,9,8,0,55,0,0,5,0,0,0,0,0,0,4,0,0,0,0,6,0,0,0,0,6,0,0,0,0,0,0,0,0,0,0,6,0,0,0,0,0,0,0,5,7,19,41,25,25,18,9,13,11,3,151
SAL22272,0,0,0,0,0,0,0,0,3,9,3,0,0,4,0,0,0,0,0,10,5,0,15,10,4,5,0,4,0,48,0,0,0,0,0,0,0,0,0,4,0,0,0,0,0,0,0,0,0,0,0,0,0,0,0,0,0,0,0,0,0,0,0,0,0,5,0,0,0,3,16,24,18,18,5,9,4,11,8,102
SAL22273,0,0,0,0,0,0,0,0,0,0,0,0,0,0,0,0,0,0,0,0,0,0,0,0,0,0,0,0,0,0,0,0,0,0,0,0,0,0,0,0,0,0,0,0,0,0,0,0,0,0,0,0,0,0,0,0,0,0,0,0,0,0,0,0,0,0,0,0,0,0,0,0,0,0,0,0,0,0,0,0
SAL22274,0,0,0,0,0,0,0,0,0,0,0,0,0,0,0,0,0,0,0,0,0,0,0,0,0,0,0,0,0,5,0,0,0,0,0,0,0,0,0,0,0,0,0,0,0,0,0,0,0,0,0,0,0,0,0,0,0,0,0,0,0,0,0,0,0,0,0,0,0,0,9,7,5,0,3,0,0,0,0,17
SAL22275,71,83,31,71,58,13,18,37,4,395,141,168,111,317,144,49,39,96,12,1080,303,133,934,516,326,206,187,359,51,3031,8,4,6,26,28,38,16,38,0,161,21,12,11,34,35,17,9,44,3,199,8,15,3,4,0,5,5,17,0,69,21,35,25,28,21,29,24,61,37,281,946,2359,1238,1257,815,437,336,822,146,8354
SAL22276,8,4,0,6,0,0,0,0,0,15,3,3,4,9,7,0,0,0,0,30,35,3,71,15,18,9,10,16,0,169,0,0,0,0,0,0,0,0,0,6,3,0,0,0,0,0,0,6,0,4,0,0,0,0,0,0,0,0,0,0,3,0,4,0,3,0,0,0,0,20,63,58,83,29,41,11,10,26,4,331
SAL22277,4,4,4,3,6,3,0,0,0,32,15,18,5,27,11,6,3,5,0,81,30,10,75,30,14,15,15,20,3,204,0,0,0,0,0,0,0,0,0,11,0,0,0,4,0,4,0,0,0,13,0,3,0,0,0,0,0,0,0,10,0,5,0,0,0,0,0,3,3,18,89,252,98,91,54,41,22,38,9,691
SAL22278,0,0,0,0,5,0,0,0,0,9,3,0,0,0,3,0,0,0,0,12,0,0,0,3,5,4,0,4,0,19,0,0,0,0,0,0,0,0,0,0,0,0,0,0,0,0,0,0,0,0,0,0,0,0,0,0,0,0,0,0,0,0,0,0,0,0,0,0,0,0,29,42,6,11,12,6,0,4,3,106
SAL22279,4,9,0,0,0,0,0,0,0,12,0,4,3,0,0,0,0,0,0,13,7,4,22,0,0,0,0,0,0,44,0,0,0,0,0,0,0,0,0,0,0,0,0,0,0,0,0,0,0,0,0,0,0,0,0,0,0,0,0,3,0,3,0,0,0,0,0,0,0,3,61,82,42,8,22,9,0,9,3,219
SAL22280,3,0,0,0,0,0,0,0,0,4,0,0,0,0,0,0,0,0,0,0,0,0,0,0,0,0,0,0,0,3,0,0,0,0,0,0,0,0,0,0,0,0,0,0,0,0,0,0,0,0,0,0,0,0,0,0,0,0,0,0,0,0,0,0,0,0,0,0,0,0,8,4,0,0,0,0,0,0,0,12
SAL22281,12,6,4,0,4,0,0,3,0,21,9,6,11,7,16,3,4,3,0,62,32,7,84,17,10,4,15,14,0,174,4,0,0,0,0,0,4,0,0,8,3,0,4,4,0,0,0,0,0,17,0,0,0,0,0,0,0,0,0,4,0,0,3,4,0,0,0,0,5,15,87,97,116,44,45,21,20,22,6,462
SAL22282,4,0,0,0,0,0,0,0,0,12,0,0,0,0,0,0,0,0,0,7,5,0,10,0,0,3,0,0,0,26,0,0,0,0,0,0,0,0,0,4,0,0,0,0,3,0,0,0,0,0,0,0,0,0,0,0,0,0,0,0,0,0,0,0,0,0,0,0,0,6,23,22,12,5,14,5,3,8,0,87
SAL22283,4,0,0,0,0,0,0,4,0,12,5,5,0,0,3,0,0,0,0,10,39,3,22,4,0,0,7,14,0,97,7,0,0,0,0,0,0,0,0,4,0,0,0,0,0,0,0,3,0,5,0,0,0,0,0,0,0,0,0,0,3,0,0,0,0,0,5,4,0,6,73,12,28,12,10,0,11,23,0,173
SAL22284,0,0,0,0,0,0,0,0,0,4,0,0,0,0,0,0,0,0,0,3,0,0,0,0,4,0,0,0,0,5,0,0,0,0,0,0,0,0,0,0,0,0,0,0,0,0,0,0,0,0,0,0,0,0,0,0,0,0,0,0,0,0,0,0,0,0,0,0,0,3,0,4,0,4,0,0,0,0,0,15
SAL22285,0,0,0,0,0,0,0,0,0,0,0,0,0,0,0,0,0,0,0,3,0,0,6,0,0,0,0,0,0,9,0,0,0,0,0,0,0,0,0,0,0,0,0,0,0,0,0,0,0,0,0,0,0,0,0,0,0,0,0,0,0,0,0,0,0,0,0,0,0,0,6,3,6,0,3,0,0,5,0,22
SAL22286,0,0,0,0,5,0,0,0,0,8,0,0,0,0,0,0,0,3,0,10,4,0,9,0,6,0,0,3,0,17,0,0,0,0,0,0,0,0,0,0,0,0,0,0,0,0,0,0,0,0,0,0,0,0,0,0,0,0,0,0,4,0,0,0,0,0,0,0,0,4,21,22,14,7,14,0,0,0,0,79
SAL22287,0,0,0,0,0,0,0,0,0,0,0,0,0,0,0,0,0,0,0,0,0,0,0,0,0,0,0,0,0,0,0,0,0,0,0,0,0,0,0,0,0,0,0,0,0,0,0,0,0,0,0,0,0,0,0,0,0,0,0,0,0,0,0,0,0,0,0,0,0,0,0,0,0,0,5,0,0,0,0,7
SAL22288,0,0,0,0,0,0,0,0,0,4,0,0,0,0,0,0,0,0,0,0,4,0,0,0,0,0,5,0,0,6,0,0,0,0,0,0,0,0,0,0,0,0,0,0,0,0,0,0,0,0,0,0,0,0,0,0,0,0,0,0,0,0,0,0,0,0,0,0,0,0,4,4,3,5,0,0,4,0,0,15
SAL22289,0,0,0,0,0,0,0,0,0,0,0,0,0,0,0,0,0,0,0,0,0,0,0,0,0,0,0,0,0,0,0,0,0,0,0,0,0,0,0,0,0,0,0,0,0,0,0,0,0,0,0,0,0,0,0,0,0,0,0,0,0,0,0,0,0,0,0,0,0,0,0,0,0,0,0,0,0,0,0,4
SAL22290,4,0,0,0,0,4,0,4,0,14,0,3,0,0,0,0,0,0,0,11,9,6,17,10,7,0,9,5,0,60,3,0,0,0,0,0,0,0,0,3,0,0,0,0,0,0,0,0,0,9,0,0,0,0,0,0,0,0,0,0,0,0,0,0,0,0,0,0,0,0,33,23,19,18,7,8,8,16,6,133
SAL22291,20,26,38,36,29,12,6,13,5,176,60,50,33,115,64,36,26,18,3,406,105,33,449,177,119,71,95,87,15,1164,6,4,12,3,15,7,0,11,0,60,9,4,9,16,11,5,8,8,5,81,0,5,6,5,0,0,0,0,0,15,4,9,10,16,8,3,4,4,6,69,308,563,584,442,333,176,156,167,41,2769
SAL22292,0,0,0,0,0,0,0,0,0,0,0,0,0,0,5,0,0,0,0,4,4,0,0,0,0,0,0,0,0,8,0,0,0,0,0,0,0,0,0,0,0,0,0,0,0,0,0,0,0,0,0,0,0,0,0,0,0,0,0,0,0,0,0,0,0,0,0,0,0,0,4,0,0,0,5,0,0,0,0,10
SAL22293,8,0,0,3,0,0,0,0,0,10,5,0,0,0,0,0,0,0,0,10,9,0,7,3,7,3,0,3,0,28,0,0,0,0,0,0,0,0,0,0,0,0,0,0,0,0,0,0,0,0,0,0,0,0,0,0,0,0,0,0,0,0,0,0,0,0,3,0,3,6,24,19,7,9,13,4,3,6,5,85
SAL22294,0,4,0,0,0,0,0,0,0,9,3,0,4,0,0,0,0,0,0,8,6,0,11,8,0,0,0,8,0,34,0,0,0,0,0,0,0,0,0,3,0,0,0,0,0,0,0,0,0,0,0,0,0,0,0,0,0,0,0,0,0,0,0,0,0,0,0,0,0,0,18,45,18,20,6,5,3,14,0,122
SAL22295,8,3,0,0,0,3,0,0,0,17,0,3,5,0,5,0,0,0,0,10,5,0,23,6,0,0,0,4,0,51,0,0,0,0,0,0,0,0,0,0,0,0,3,0,0,0,0,0,0,3,0,0,0,0,0,0,0,0,0,0,0,0,0,0,0,0,0,0,0,4,22,39,26,8,32,4,0,6,0,146
SAL22296,0,0,0,0,0,0,0,0,0,0,0,0,0,0,0,0,0,0,0,0,0,0,0,0,0,0,0,0,0,4,0,0,0,0,0,0,0,0,0,0,0,0,0,0,0,0,0,0,0,0,0,0,0,0,0,0,0,0,0,0,0,0,0,0,0,0,0,0,0,0,0,0,3,0,0,0,0,0,0,13
SAL22297,0,0,0,0,0,0,0,0,0,3,0,0,0,0,0,0,0,0,0,0,0,5,4,0,0,0,0,0,0,7,0,0,0,0,0,0,0,0,0,0,0,0,0,0,0,0,0,0,0,0,0,0,0,0,0,0,0,0,0,0,0,0,0,0,0,0,0,0,0,0,5,3,8,0,4,0,0,3,0,24
SAL22298,5,11,0,3,7,0,0,0,0,34,13,8,10,22,13,5,0,0,0,68,22,8,121,38,37,14,16,16,0,273,0,0,0,0,6,4,0,5,0,16,0,0,0,0,0,0,0,0,0,10,0,0,0,0,0,0,0,0,0,3,0,0,0,4,4,0,0,0,0,7,76,146,139,87,72,28,17,28,5,617
SAL22299,3,9,0,3,4,4,0,4,0,28,9,5,0,14,3,3,0,3,0,34,13,0,93,24,19,11,8,18,6,198,0,0,0,0,0,0,0,0,0,3,0,0,3,0,4,0,0,0,0,9,0,0,0,0,0,0,0,0,0,0,0,0,3,0,4,0,3,3,0,12,37,57,102,50,46,19,12,32,6,366
SAL22300,0,0,0,0,0,0,0,0,0,0,0,0,0,0,0,0,0,0,0,0,0,0,0,0,0,0,0,0,0,0,0,0,0,0,0,0,0,0,0,0,0,0,0,0,0,0,0,0,0,0,0,0,0,0,0,0,0,0,0,0,0,0,0,0,0,0,0,0,0,0,0,0,0,0,0,0,0,0,0,0
SAL22301,0,4,0,0,3,0,0,0,0,6,0,0,4,9,3,6,0,5,0,35,14,4,36,17,8,9,19,11,0,113,0,0,0,0,0,0,0,0,0,5,0,0,0,0,5,0,0,0,0,4,0,0,0,0,0,0,0,0,0,0,0,0,3,0,0,0,0,4,6,5,29,51,44,30,28,10,20,29,4,239
SAL22302,9,15,4,8,8,7,0,0,3,57,12,24,10,23,12,10,3,4,0,90,28,14,73,38,22,13,9,27,6,233,0,0,0,0,5,3,0,0,0,14,0,4,0,3,0,3,0,5,0,19,0,0,0,0,0,0,0,0,0,0,5,0,0,3,3,3,0,0,0,11,160,440,105,136,109,50,20,47,14,1087
SAL22303,19,12,6,9,12,4,0,0,3,61,14,6,9,14,8,4,0,4,0,64,18,5,57,10,13,14,4,16,7,145,0,3,0,0,4,3,0,0,0,10,0,0,0,5,3,0,0,0,0,16,0,4,0,0,0,0,0,0,0,4,0,4,0,6,0,0,0,4,0,15,106,232,92,63,61,37,13,27,8,645
SAL22304,0,0,0,0,0,0,0,0,0,0,0,0,0,0,0,0,0,0,0,0,0,0,0,0,0,0,0,0,0,3,0,0,0,0,0,0,0,0,0,0,0,0,0,0,0,0,0,0,0,0,0,0,0,0,0,0,0,0,0,0,0,0,0,0,0,0,0,0,0,0,0,0,0,0,0,0,0,0,0,3
SAL22305,34,68,43,57,55,19,7,9,0,293,79,73,45,135,103,28,14,25,3,507,162,66,740,217,182,87,90,187,28,1752,4,0,7,18,16,13,3,7,0,77,11,3,17,20,24,9,12,15,0,117,6,9,3,5,6,0,0,3,0,33,12,14,15,24,9,4,8,6,13,104,483,925,913,575,496,197,154,263,58,4069
SAL22306,15,13,0,3,4,5,0,3,0,46,13,7,6,6,0,6,0,0,4,50,30,4,40,14,5,9,0,4,3,114,0,0,0,0,0,0,0,0,0,4,0,4,0,0,3,5,0,0,0,13,0,0,0,0,0,0,0,0,0,0,5,0,8,0,3,3,0,0,0,24,162,188,61,30,48,40,3,11,15,563
SAL22307,0,0,0,0,0,0,0,0,0,0,0,4,0,5,5,0,0,0,0,16,6,0,13,14,6,8,0,7,0,56,0,0,0,3,0,0,0,0,0,5,0,0,0,0,0,0,0,0,0,0,0,4,0,0,0,0,0,0,0,3,0,0,0,0,0,0,0,0,0,3,11,23,18,23,10,10,0,15,0,110
SAL22308,7,4,0,3,4,3,0,0,0,17,5,9,8,9,8,6,0,6,0,45,9,4,52,17,8,6,0,10,5,112,0,0,0,8,0,6,0,0,0,8,0,0,0,0,3,0,0,0,0,8,0,0,0,0,0,0,0,0,0,0,0,3,0,0,0,0,0,0,0,10,71,152,70,55,40,25,5,22,0,450
SAL22309,18,11,9,8,4,5,0,0,0,60,33,17,10,17,11,8,0,0,0,103,24,16,74,16,24,3,5,16,0,169,0,0,0,3,9,0,0,0,0,11,0,5,0,0,4,0,6,0,0,19,5,3,0,0,0,0,0,0,0,13,0,0,0,0,5,0,0,0,0,7,212,366,109,92,106,33,20,30,5,975
SAL22310,59,75,19,25,41,23,0,13,11,270,85,82,48,59,63,36,10,3,10,400,74,44,124,57,60,26,14,32,4,437,8,3,0,3,11,4,0,0,0,40,12,16,0,7,25,4,3,0,3,61,10,23,8,0,10,4,0,11,0,67,9,13,0,10,8,3,0,6,21,80,1208,2536,331,345,614,255,48,131,100,5571
SAL22311,96,99,76,93,96,41,32,32,8,572,150,119,118,245,205,84,43,50,16,1035,253,101,917,328,285,156,166,206,43,2459,6,10,12,15,35,12,0,16,0,111,32,17,20,51,51,33,10,23,3,250,13,13,9,9,14,5,6,10,6,73,15,37,20,21,30,20,11,16,29,198,1105,2346,1332,1108,1205,580,387,463,166,8685
SAL22312,0,0,0,0,0,0,0,0,0,4,0,0,0,0,0,0,0,0,0,5,8,0,5,0,0,0,0,5,0,18,0,0,0,0,0,0,0,0,0,0,0,0,0,0,0,0,0,0,0,0,0,0,0,0,0,0,0,0,0,0,0,0,0,0,0,0,0,0,0,0,12,11,5,4,0,0,0,4,0,39
SAL22313,0,0,0,0,0,0,0,0,0,0,0,0,0,0,0,0,0,0,0,0,0,0,0,0,0,0,0,0,0,0,0,0,0,0,0,0,0,0,0,0,0,0,0,0,0,0,0,0,0,0,0,0,0,0,0,0,0,0,0,5,0,0,0,0,0,0,0,0,0,0,3,13,3,0,4,0,0,0,0,24
SAL22314,124,135,40,49,62,52,9,14,5,487,173,201,77,132,119,103,8,27,8,857,143,99,259,123,109,82,15,52,15,893,14,7,10,16,12,10,6,6,0,80,29,34,6,17,29,27,5,10,5,161,22,46,12,12,16,14,0,3,3,112,29,51,12,6,26,11,3,12,21,165,2678,7027,709,795,1383,748,111,259,207,13919
SAL22315,93,130,88,70,55,34,4,40,6,531,157,145,149,177,138,71,34,79,15,962,136,112,215,154,135,76,34,63,17,942,15,3,3,8,11,4,3,6,0,57,23,26,12,18,25,12,3,9,0,128,17,62,22,13,14,6,3,29,3,170,15,28,15,30,18,6,6,32,44,197,2040,5694,963,1178,1526,708,251,762,248,13371
SAL22316,0,0,0,0,0,0,0,0,0,5,0,0,0,0,4,0,0,0,0,9,0,0,3,0,0,0,0,0,0,10,0,0,0,0,0,0,0,0,0,0,0,0,0,0,0,0,0,0,0,0,0,0,0,0,0,0,0,0,0,0,0,0,0,0,0,0,0,0,0,0,9,7,9,3,7,0,0,0,0,36
SAL22317,0,0,0,0,0,0,0,0,0,0,0,0,0,0,0,0,0,0,0,0,0,0,6,5,0,0,0,4,0,11,0,0,0,0,0,0,0,0,0,0,0,0,0,0,0,0,0,0,0,0,0,0,0,0,0,0,0,0,0,0,0,0,0,0,0,0,0,0,0,0,0,3,6,3,0,0,0,3,0,18
SAL22318,0,0,0,0,0,0,0,0,0,0,0,0,0,0,0,0,0,0,0,3,0,0,0,0,0,0,3,3,0,6,0,0,0,0,0,0,0,0,0,0,0,0,0,0,0,0,0,0,0,0,0,0,0,0,0,0,0,0,0,0,0,0,0,0,0,0,0,0,0,0,4,0,0,0,4,0,3,4,0,17
SAL22319,14,12,10,8,8,3,0,5,0,56,29,27,13,8,18,12,3,7,3,125,33,19,73,23,25,10,8,8,0,200,3,0,0,3,0,6,0,0,0,13,0,3,0,0,4,0,3,4,0,14,0,5,0,0,0,0,0,0,0,9,0,6,0,0,4,0,0,0,8,7,259,496,123,94,138,48,18,33,25,1230
SAL22320,0,21,4,10,17,3,0,0,0,52,22,24,13,40,11,6,0,0,0,119,38,12,104,36,35,16,22,29,4,296,0,0,0,5,3,3,0,6,0,15,0,0,5,3,6,0,0,0,0,16,0,6,0,0,0,0,0,0,0,12,0,5,0,0,0,3,0,0,0,14,137,414,136,124,108,50,26,43,9,1059
SAL22321,0,0,0,0,3,0,0,0,0,4,3,0,0,0,0,0,0,0,0,5,0,0,7,0,0,0,0,3,0,23,0,0,0,0,0,0,0,0,0,0,0,0,0,0,0,0,0,0,0,4,0,0,0,0,0,0,0,0,0,0,0,0,0,0,0,0,0,0,0,5,20,22,13,0,3,0,0,7,0,76
SAL22322,0,0,0,6,0,0,0,0,0,7,0,0,0,0,0,0,0,0,0,3,0,0,6,0,4,0,0,0,0,9,0,0,0,0,0,0,0,0,0,0,0,0,0,0,0,0,0,0,0,5,0,0,0,0,0,0,0,0,0,0,4,3,0,0,0,0,0,0,0,9,8,13,6,6,3,0,0,3,0,44
SAL22323,0,0,0,0,0,0,0,0,0,0,0,0,0,0,0,0,0,0,0,0,0,0,3,0,0,0,0,0,0,0,0,0,0,0,0,0,0,0,0,0,0,0,0,0,0,0,0,0,0,0,0,0,0,0,0,0,0,0,0,0,0,0,0,0,0,0,0,0,0,0,0,0,3,0,0,0,3,0,0,3
SAL22324,0,0,0,0,0,0,0,0,0,0,0,0,0,0,0,0,0,0,0,0,0,0,0,0,0,0,0,0,0,0,0,0,0,0,0,0,0,0,0,0,0,0,0,0,0,0,0,0,0,0,0,0,0,0,0,0,0,0,0,0,0,0,0,0,0,0,0,0,0,0,0,0,0,0,0,0,0,0,0,0
SAL22325,0,0,0,0,0,0,0,0,0,7,5,0,0,0,0,0,0,0,0,7,9,0,9,0,3,0,3,4,0,24,0,0,0,0,0,0,0,0,0,3,0,0,0,0,4,0,0,0,0,8,0,0,0,0,0,0,0,0,0,0,0,0,0,0,0,0,0,0,0,4,21,14,11,0,10,0,3,0,0,67
SAL22326,4,0,0,4,3,0,0,0,0,8,0,5,3,4,0,0,0,0,0,10,12,0,19,3,3,6,0,7,0,55,0,0,0,0,0,0,0,0,0,3,0,0,0,0,0,3,0,0,0,7,0,0,0,0,0,0,0,0,0,0,0,0,0,0,0,0,0,0,0,5,25,17,24,19,12,8,6,10,0,114
SAL22327,0,4,0,0,0,0,0,0,0,3,0,0,5,0,0,0,0,0,0,6,4,5,7,5,3,0,3,0,0,27,0,0,0,0,0,0,0,0,0,0,0,0,0,0,0,0,0,0,0,0,0,0,0,0,0,0,0,0,0,4,0,0,0,0,0,0,0,0,0,4,10,23,13,7,12,4,3,0,0,77
SAL22328,23,34,47,33,42,23,26,44,0,278,49,44,140,150,78,57,75,118,15,739,51,28,280,174,63,59,118,144,24,938,13,3,17,9,5,8,10,15,6,78,11,7,22,24,17,9,7,23,3,127,7,8,16,5,8,4,9,15,0,82,13,20,25,19,10,14,21,42,53,224,419,1382,809,727,619,375,486,719,176,5714
SAL22329,17,22,21,27,28,13,14,23,0,161,24,31,51,85,51,29,41,58,9,382,38,19,198,96,47,33,90,88,17,632,3,3,0,0,9,5,11,18,0,47,8,0,14,15,4,10,4,22,0,80,0,0,0,0,7,3,3,7,0,28,3,4,15,21,5,0,14,27,25,124,206,627,410,392,326,175,275,334,87,2825
SAL22330,40,41,86,90,68,33,58,46,10,478,72,58,194,252,140,79,102,129,26,1054,92,49,555,346,159,89,246,230,53,1815,11,4,22,27,21,15,17,36,6,165,14,12,28,38,21,14,32,43,7,204,7,17,13,9,4,3,15,22,0,90,10,27,25,44,21,20,44,58,70,318,566,1633,1258,1269,978,483,847,914,249,8185
SAL22331,15,13,14,19,14,9,0,9,6,89,19,11,21,59,29,15,5,3,0,163,46,22,266,149,61,42,56,72,6,726,3,3,0,12,3,9,11,3,0,40,5,0,0,13,5,3,3,0,0,44,0,0,0,0,0,0,0,3,0,10,0,0,4,6,5,3,3,3,0,27,117,224,328,291,151,101,89,105,19,1435
SAL22332,8,14,0,3,7,0,0,4,0,38,10,4,3,9,6,3,0,0,0,33,18,12,68,10,9,3,14,15,4,145,0,0,3,0,0,0,0,0,0,10,0,3,0,5,0,0,0,0,0,5,0,0,0,0,0,0,0,0,0,3,0,0,0,4,3,0,0,0,7,13,66,118,79,49,51,11,19,29,11,434
SAL22333,10,5,0,3,5,0,0,0,0,23,6,7,4,4,3,4,0,0,0,29,19,0,60,15,3,7,6,5,3,123,0,0,0,0,0,0,0,0,0,3,0,0,0,0,6,0,0,0,0,10,0,0,0,0,0,0,0,0,0,4,3,0,0,0,0,0,0,3,0,8,64,110,78,24,34,20,5,13,8,354
SAL22334,4,13,7,6,0,0,0,3,0,35,9,4,4,18,12,5,0,5,0,56,41,8,57,53,17,12,16,32,4,245,4,0,0,0,0,0,0,3,4,17,0,0,0,6,11,0,0,0,0,22,0,0,0,0,0,0,3,4,0,4,4,3,4,0,7,3,3,4,0,25,78,100,77,107,56,28,27,62,12,528
SAL22335,0,0,0,0,0,0,0,0,0,0,0,0,0,0,0,0,0,0,0,5,0,0,0,0,0,0,0,0,0,7,0,0,0,0,0,0,0,0,0,3,0,0,0,0,0,0,0,0,0,0,0,0,0,0,0,0,0,0,0,0,0,0,0,0,0,0,0,0,0,0,6,8,0,4,0,0,0,3,0,22
SAL22336,0,0,0,0,0,0,0,0,0,0,0,0,0,0,0,0,0,0,0,0,0,0,0,0,0,0,3,0,0,5,0,0,0,0,0,0,0,0,0,0,0,0,0,0,0,0,0,0,0,0,0,0,0,0,0,0,0,0,0,0,0,3,0,0,0,0,0,0,0,3,0,3,0,0,0,0,6,0,0,7
SAL22337,0,0,0,0,0,0,0,0,0,0,0,0,0,0,0,0,0,0,0,8,0,0,8,0,0,0,0,0,0,9,0,0,0,0,0,0,0,0,0,0,0,0,0,0,0,0,0,0,0,0,0,0,0,0,0,0,0,0,0,0,0,0,0,0,0,0,0,0,0,0,8,0,8,0,0,6,0,0,0,21
SAL22338,0,0,0,0,0,0,0,0,0,0,0,0,0,0,0,0,0,0,0,0,4,0,6,0,0,0,3,0,0,13,0,0,0,0,0,0,0,0,0,0,0,0,0,0,0,0,0,0,0,0,0,0,0,0,0,0,0,0,0,0,0,0,0,0,0,0,0,0,0,0,5,3,4,3,0,0,3,0,0,18
SAL22339,14,21,5,7,13,0,0,6,4,72,21,17,3,19,18,13,0,8,0,100,30,13,124,17,29,18,12,18,4,275,0,0,0,5,0,0,0,0,0,10,4,5,0,0,12,0,0,0,3,30,0,3,0,4,0,0,0,0,0,6,0,3,0,3,0,0,0,0,0,25,174,380,157,86,128,52,18,38,16,1061
SAL22340,0,0,0,0,0,0,0,0,0,0,0,0,0,0,0,0,0,0,0,0,0,0,0,0,0,0,0,0,0,9,0,0,0,0,0,0,0,0,0,0,0,0,0,0,0,0,0,0,0,3,0,0,0,0,0,0,0,0,0,0,0,0,0,0,0,0,0,0,0,0,3,0,0,0,0,0,0,3,0,15
SAL22341,3,0,0,0,0,0,0,0,0,3,0,0,0,0,0,0,0,0,0,0,4,0,0,0,0,0,0,0,0,8,0,0,0,0,0,0,0,0,0,0,0,0,0,0,0,0,0,0,0,0,0,0,0,0,0,0,0,0,0,0,0,0,0,0,0,0,0,0,0,0,7,0,0,0,0,0,0,0,0,15
SAL22342,0,0,0,0,0,0,0,0,0,0,0,0,0,0,0,0,0,0,0,4,6,0,4,3,0,0,0,0,0,14,0,0,0,0,0,0,0,0,0,0,0,0,0,0,0,0,0,0,0,0,0,0,0,0,0,0,0,0,0,0,0,0,0,0,0,0,0,0,0,0,3,4,4,3,3,0,0,0,0,23
SAL22343,94,141,60,55,57,33,9,23,9,479,172,164,131,163,154,76,28,47,21,947,163,112,471,188,142,85,37,91,21,1310,18,15,9,12,11,9,3,6,0,90,28,36,21,27,31,12,7,10,6,164,9,29,9,12,13,4,3,6,0,90,27,39,10,17,11,10,5,10,27,158,1824,4214,1004,978,1063,542,194,366,185,10371
SAL22344,53,78,28,24,42,31,5,9,8,279,91,106,62,86,66,41,7,17,4,493,79,74,236,87,88,54,21,38,14,683,9,4,0,3,8,3,3,3,0,33,10,18,12,19,18,9,4,9,0,93,12,16,0,5,0,9,0,6,4,52,16,27,6,7,14,0,4,3,26,106,1099,2684,487,469,638,331,102,184,106,6087
SAL22345,14,27,0,3,13,3,0,0,0,65,22,34,9,15,21,7,0,0,0,108,16,16,43,16,21,10,3,6,5,131,3,0,0,0,0,0,0,0,0,10,8,0,0,0,10,3,0,0,4,27,0,8,0,0,0,3,0,0,0,12,5,7,0,0,0,0,0,0,4,26,333,661,81,92,171,64,16,24,29,1471
SAL22346,10,8,10,10,10,3,0,3,3,59,11,11,14,25,18,3,8,8,5,103,36,16,127,43,38,20,28,39,6,347,0,0,0,4,0,0,0,0,0,9,5,0,0,3,4,0,5,7,0,21,0,0,0,0,0,0,0,0,0,4,5,0,0,7,0,3,4,4,3,28,123,223,174,125,116,40,41,73,20,939
SAL22347,0,0,0,0,0,0,0,0,0,0,0,0,0,0,0,0,0,0,0,0,0,0,0,0,0,0,0,0,0,8,0,0,0,0,0,0,0,0,0,0,0,0,0,0,0,0,0,0,0,0,0,0,0,0,0,0,0,0,0,0,0,0,0,0,0,0,0,0,0,0,4,0,0,0,0,0,0,0,0,8
SAL22348,0,0,0,0,0,0,0,0,0,0,0,0,0,0,0,0,0,0,0,0,0,0,6,0,0,0,0,0,0,8,0,0,0,0,0,0,0,0,0,0,0,0,0,0,0,0,0,0,0,0,0,0,0,0,0,0,0,0,0,0,0,0,0,0,0,0,0,0,0,0,0,4,3,0,0,0,0,0,0,12
SAL22349,3,0,0,0,0,0,0,0,0,8,3,0,0,3,4,0,0,0,0,15,10,0,19,0,8,0,3,5,0,56,0,0,0,0,0,0,0,0,0,0,5,0,0,0,0,0,0,0,0,9,0,0,0,0,0,0,0,0,0,3,0,0,0,0,0,0,0,0,0,0,39,34,22,15,15,3,10,7,0,143
SAL22350,8,6,0,3,0,0,0,0,0,14,5,3,3,7,0,0,3,0,0,20,22,3,26,8,5,0,3,19,0,95,0,0,0,0,4,0,0,3,0,11,0,0,3,0,4,0,0,0,0,10,0,0,0,0,0,0,0,0,0,0,0,0,0,0,0,0,4,0,0,9,49,37,36,22,20,8,9,29,0,208
SAL22351,0,11,0,0,0,0,0,0,0,20,0,5,0,4,3,0,0,0,0,13,10,0,16,4,4,0,0,5,3,37,0,0,0,0,0,0,0,0,0,0,0,0,0,0,0,0,0,0,0,0,0,0,0,0,0,0,0,0,0,0,0,0,0,0,0,0,0,6,0,3,36,53,20,14,8,4,0,14,4,155
SAL22352,0,0,0,0,0,0,0,0,0,6,5,0,0,0,0,0,0,0,0,3,0,0,5,0,4,0,0,0,0,7,0,0,0,0,0,0,0,0,0,0,0,0,0,0,0,0,0,0,0,0,0,0,0,0,0,0,0,0,0,0,0,0,0,0,0,0,0,0,0,0,12,14,7,0,0,0,0,9,0,46
SAL22353,0,0,0,0,0,0,0,0,0,0,0,0,0,0,0,0,0,0,0,0,0,0,0,0,0,0,0,0,0,0,0,0,0,0,0,0,0,0,0,0,0,0,0,0,0,0,0,0,0,0,0,0,0,0,0,0,0,0,0,0,0,0,0,0,0,0,0,0,0,0,10,0,0,0,0,0,0,0,0,10
SAL22354,22,18,11,35,9,4,0,6,0,98,23,22,16,65,29,7,0,10,4,170,72,30,177,151,51,39,60,96,7,680,3,0,0,3,4,4,4,4,0,37,0,0,5,10,4,6,3,9,0,39,0,11,0,0,6,0,0,5,0,16,5,0,6,9,0,6,8,19,5,59,183,298,230,313,137,74,78,198,24,1543
SAL22355,6,0,0,0,0,0,0,0,0,4,0,5,0,4,0,0,0,0,0,6,3,0,19,4,3,0,0,4,0,35,0,0,0,0,0,0,0,0,0,3,0,0,0,0,0,0,0,0,0,0,0,0,0,0,0,0,0,0,0,0,0,0,0,0,0,0,0,0,0,0,29,27,20,7,9,4,6,4,0,95
SAL22356,0,0,0,0,0,0,0,0,0,3,0,0,0,0,0,0,0,0,0,0,0,0,3,0,5,0,0,0,0,8,0,0,0,0,0,0,0,0,0,0,0,0,0,0,0,0,0,0,0,0,0,0,0,0,0,0,0,0,0,0,0,0,0,0,0,0,0,0,0,0,0,4,5,0,8,0,0,0,0,20
SAL22357,0,0,0,0,0,0,0,0,0,3,0,0,0,0,0,0,0,0,0,0,3,0,3,0,6,0,4,0,0,17,0,0,0,0,0,0,0,0,0,0,0,0,0,0,0,0,0,0,0,0,0,0,0,0,0,0,0,0,0,0,0,0,0,0,0,0,0,0,0,0,11,6,3,5,4,0,4,0,0,29
SAL22358,0,0,0,0,0,0,0,0,0,0,0,0,0,0,0,0,0,0,0,0,0,0,0,0,0,0,0,0,0,0,0,0,0,0,0,0,0,0,0,0,0,0,0,0,0,0,0,0,0,0,0,0,0,0,0,0,0,0,0,0,0,0,0,0,0,0,0,0,0,0,0,0,0,0,0,0,0,0,0,0
SAL22359,5,0,0,0,0,0,0,0,0,5,0,0,0,0,0,0,0,0,0,0,5,0,5,0,0,0,0,3,0,6,0,0,0,0,0,0,0,0,0,0,0,0,0,0,0,0,0,0,0,0,0,0,0,0,0,0,0,0,0,0,0,0,0,0,0,0,0,0,0,0,7,0,8,0,0,0,0,3,0,16
SAL22360,0,0,0,0,0,0,0,0,0,0,0,0,0,0,0,0,0,0,0,0,0,0,0,0,0,0,0,0,0,0,0,0,0,0,0,0,0,0,0,0,0,0,0,0,0,0,0,0,0,0,0,0,0,0,0,0,0,0,0,0,0,0,0,0,0,0,0,0,0,0,6,7,0,0,0,0,0,0,0,16
SAL22361,0,0,0,0,0,0,0,0,0,3,0,0,0,0,0,0,0,0,0,3,9,0,0,0,0,0,0,0,0,12,0,0,0,0,0,0,0,0,0,0,0,0,0,0,0,0,0,0,0,0,0,0,0,0,0,0,0,0,0,0,0,0,0,0,0,0,0,0,0,0,7,8,0,3,4,0,0,0,3,30
SAL22362,4,0,0,0,0,0,0,0,0,8,4,0,0,0,0,0,0,0,0,4,0,0,0,0,0,0,3,0,0,8,0,0,0,0,0,0,0,0,0,0,0,0,0,0,0,0,0,0,0,0,0,0,0,0,0,0,0,0,0,0,0,0,0,0,0,0,0,0,0,0,8,0,0,0,0,0,3,3,0,20
SAL22363,0,0,0,0,0,0,0,0,0,0,0,0,0,0,0,0,0,0,0,0,0,0,0,0,0,0,0,0,0,0,0,0,0,0,0,0,0,0,0,0,0,0,0,0,0,0,0,0,0,0,0,0,0,0,0,0,0,0,0,0,0,0,0,0,0,0,0,0,0,0,0,0,0,0,0,0,0,0,0,0
SAL22364,0,0,0,0,0,0,0,0,0,11,0,0,0,5,5,0,0,0,0,12,7,0,14,6,0,0,4,6,0,37,0,0,0,0,0,0,0,5,0,3,0,0,0,0,0,0,0,0,0,0,0,0,0,0,0,0,0,0,0,4,0,0,0,0,0,0,0,0,0,0,26,14,11,16,12,3,8,5,0,101
SAL22365,0,0,0,0,0,0,0,0,0,0,0,0,0,0,0,0,0,3,0,4,5,0,0,0,0,0,0,0,0,12,0,0,0,0,0,0,0,0,0,0,0,0,0,0,0,0,0,0,0,0,0,0,0,0,0,0,0,0,0,0,0,0,0,0,0,0,0,0,0,0,3,5,0,3,3,0,0,3,0,22
SAL22366,0,0,0,0,0,0,0,0,0,0,5,3,0,4,0,0,0,0,0,7,6,0,9,4,0,0,3,6,0,27,0,0,0,0,0,0,0,0,0,7,0,0,0,0,0,0,0,0,0,0,0,0,0,0,0,0,0,0,0,0,0,0,0,0,0,0,0,0,0,0,14,14,15,9,7,3,3,5,0,58
SAL22367,4,4,0,0,0,0,0,0,0,4,0,0,0,0,0,0,0,0,0,0,3,0,0,0,0,0,0,0,0,14,0,0,0,0,0,0,0,0,0,0,0,0,0,0,0,0,0,0,0,0,0,0,0,0,0,0,0,0,0,0,0,0,0,0,0,0,0,0,0,0,7,6,3,0,0,3,0,3,0,31
SAL22368,0,0,0,0,0,0,0,0,0,0,0,0,0,0,0,0,0,0,0,0,0,0,0,0,0,0,0,0,0,0,0,0,0,0,0,0,0,0,0,0,0,0,0,0,0,0,0,0,0,0,0,0,0,0,0,0,0,0,0,0,0,0,0,0,0,0,0,0,0,0,0,0,0,0,0,0,0,0,0,4
SAL22369,12,7,3,8,4,6,3,0,0,41,13,18,10,40,18,10,4,3,0,114,42,21,177,68,42,14,40,47,9,472,3,0,0,4,8,3,0,5,0,23,3,0,0,9,3,7,0,4,0,24,3,6,0,0,0,0,0,0,0,8,5,6,4,6,3,3,0,0,0,24,117,203,205,167,90,32,51,73,16,952
SAL22370,8,0,0,0,0,0,0,0,0,8,6,0,0,0,0,6,0,0,0,6,5,0,0,0,0,0,5,4,0,15,0,0,0,0,0,0,0,0,0,3,0,0,0,0,0,0,0,0,0,0,0,0,0,0,0,0,0,0,0,0,0,0,0,0,0,0,0,0,0,0,16,9,3,0,0,3,4,4,0,51
SAL22371,3,0,0,0,0,0,0,0,0,8,3,0,0,0,0,0,0,0,0,11,8,0,4,0,0,0,0,3,0,19,0,0,0,0,0,0,0,0,0,0,0,0,0,0,0,0,0,0,0,0,0,0,0,0,0,0,0,0,0,0,0,0,0,0,0,0,0,0,0,0,15,9,5,3,0,6,3,3,0,52
SAL22372,0,0,0,0,0,0,0,0,0,7,0,0,0,3,0,0,0,0,0,15,11,3,11,0,5,0,0,9,0,34,0,0,0,0,0,0,0,0,0,0,0,0,0,0,0,0,0,0,0,0,0,0,0,0,0,0,0,0,0,0,6,0,0,0,0,0,0,0,0,9,31,15,11,8,13,0,0,11,4,99
SAL22373,24,33,14,22,12,5,0,0,5,117,31,29,20,50,33,21,4,3,3,194,61,20,166,91,65,32,37,35,12,513,5,0,0,5,8,0,3,3,4,30,9,4,0,5,9,5,0,7,0,35,0,0,0,0,3,0,0,0,3,14,4,8,0,10,4,3,3,3,4,36,251,687,222,240,207,90,54,78,30,1859
SAL22374,0,0,0,0,0,0,0,0,0,3,0,0,0,0,0,0,0,0,0,0,12,0,4,6,0,0,0,0,0,22,0,0,0,0,0,0,0,0,0,4,5,0,0,0,0,0,0,0,0,3,0,0,0,0,0,0,0,0,0,0,4,0,0,0,0,0,0,0,0,4,31,6,4,7,0,0,0,4,0,50
SAL22375,3,0,5,0,0,0,0,0,0,6,0,0,3,0,0,0,4,0,0,14,0,0,12,3,5,0,3,0,0,29,0,0,0,0,0,0,0,0,0,0,0,0,0,0,0,0,0,0,0,0,0,0,0,0,0,0,0,0,0,0,0,0,0,0,0,0,0,0,0,0,18,13,16,5,8,5,3,0,6,73
SAL22376,23,38,11,24,17,6,0,9,3,141,34,49,20,68,47,17,4,5,5,244,112,43,250,119,107,40,49,54,8,785,7,0,0,7,10,8,0,5,0,40,9,9,4,7,20,3,3,0,0,53,0,8,0,0,5,0,0,4,0,23,4,8,7,9,5,6,0,0,7,44,369,895,327,313,295,110,69,100,32,2513
SAL22377,4,0,0,0,0,0,0,0,0,4,0,0,0,0,0,0,0,0,0,0,5,0,0,0,0,0,0,0,0,13,0,0,0,0,0,0,0,0,0,0,0,0,0,0,0,0,0,0,0,0,0,0,0,0,0,0,0,0,0,0,0,0,0,0,0,0,0,0,0,0,9,5,4,0,5,0,0,0,0,25
SAL22378,0,0,0,0,0,0,0,0,0,0,0,0,0,0,0,0,0,0,0,0,3,0,4,0,0,0,0,0,0,6,0,0,0,0,0,0,0,0,0,0,0,0,0,0,0,0,0,0,0,0,0,0,0,0,0,0,0,0,0,0,0,0,0,0,0,0,0,0,0,0,5,0,0,0,0,0,0,0,0,11
SAL22379,11,0,0,0,0,0,0,5,0,18,8,4,0,19,3,5,0,3,0,38,23,0,43,10,5,12,9,26,0,142,4,0,0,0,0,0,0,0,0,6,0,0,0,0,0,7,6,0,0,7,0,0,0,0,0,0,0,0,0,4,0,0,0,0,0,7,3,4,0,13,59,35,44,38,20,23,16,46,7,294
SAL22380,44,57,19,35,48,12,5,8,0,233,74,61,32,44,70,28,11,11,0,323,85,48,219,42,79,30,28,44,7,588,3,4,8,6,6,6,0,0,0,35,17,8,7,16,23,6,5,0,6,79,7,13,0,0,4,0,0,0,0,24,13,11,0,4,5,5,9,4,13,61,720,1336,347,227,482,142,67,92,62,3467
SAL22381,3,3,3,4,6,0,0,3,0,23,5,8,0,7,17,0,0,0,0,49,16,7,28,10,8,4,7,7,0,84,0,0,0,0,0,0,0,0,0,5,3,0,0,4,0,0,0,0,0,10,0,0,0,0,0,0,0,0,0,3,0,0,0,0,0,0,0,0,0,8,65,96,45,39,54,14,13,24,0,360
SAL22382,10,12,16,13,12,4,12,0,7,88,11,16,27,52,33,12,46,13,3,221,24,10,125,57,45,9,55,38,7,361,0,0,3,3,9,0,0,0,0,15,0,0,0,7,5,0,3,0,0,20,0,3,0,0,0,0,3,0,0,16,3,3,3,9,5,3,5,3,6,38,118,366,232,236,200,70,196,90,26,1540
SAL22383,0,0,0,0,0,0,0,0,0,0,4,0,0,0,0,0,0,5,0,6,6,0,0,0,0,0,0,0,0,7,0,0,0,0,0,0,0,0,0,0,0,0,0,0,0,0,0,0,0,0,0,0,0,0,0,0,0,0,0,0,0,0,0,0,0,0,0,0,0,3,9,5,0,3,4,0,0,9,0,27
SAL22384,0,0,0,0,0,0,0,0,0,0,0,0,0,0,0,0,0,0,0,0,0,0,4,0,0,0,0,0,0,7,0,0,0,0,0,0,0,0,0,0,0,0,0,0,0,0,0,0,0,0,0,0,0,0,0,0,0,0,0,0,0,0,0,0,0,0,0,0,0,0,15,12,10,0,4,3,0,3,0,45
SAL22385,0,0,0,0,0,0,0,0,0,0,0,0,0,0,0,0,0,0,0,0,3,0,5,0,0,0,0,0,0,11,0,0,0,0,0,0,0,0,0,0,0,0,0,0,0,0,0,0,0,0,0,0,0,0,0,0,0,0,0,0,0,0,0,0,0,0,0,0,0,0,8,5,5,0,0,0,0,5,0,26
SAL22386,0,0,0,0,0,0,0,0,0,0,3,0,0,0,0,0,0,0,0,3,0,0,0,0,0,0,0,0,0,0,0,0,0,0,0,0,0,0,0,0,0,0,0,0,0,0,0,0,0,0,0,0,0,0,0,0,0,0,0,0,0,0,0,0,0,0,0,0,0,0,3,0,0,0,0,0,0,0,0,11
SAL22387,0,0,3,0,0,0,0,0,0,10,0,0,0,4,0,0,0,0,0,9,3,0,15,0,0,0,0,6,0,31,0,0,0,0,0,0,0,0,0,3,0,0,0,0,0,0,0,0,0,0,0,0,0,0,0,0,0,0,0,0,0,0,0,0,0,0,0,0,0,0,15,19,21,12,0,7,4,7,4,78
SAL22388,0,0,0,0,0,0,0,0,0,0,0,0,0,0,0,0,0,0,0,0,0,0,0,0,0,0,0,0,0,0,0,0,0,0,0,0,0,0,0,0,0,0,0,0,0,0,0,0,0,0,0,0,0,0,0,0,0,0,0,0,0,0,0,0,0,0,0,0,0,0,0,0,0,0,0,0,0,0,0,0
SAL22389,3,0,0,3,0,0,0,0,0,7,0,5,0,4,0,0,0,0,0,9,5,0,14,8,5,3,0,0,0,39,0,0,0,0,0,0,0,0,0,3,0,0,0,0,0,0,0,0,0,0,0,0,0,0,0,0,0,0,0,0,0,0,0,0,0,0,0,0,0,3,21,17,14,14,16,0,3,5,0,92
SAL22390,0,0,0,0,0,0,0,0,0,0,0,0,0,0,0,0,0,0,0,0,0,0,0,0,0,0,0,0,0,0,0,0,0,0,0,0,0,0,0,0,0,0,0,0,0,0,0,0,0,0,0,0,0,0,0,0,0,0,0,0,0,0,0,0,0,0,0,0,0,0,0,0,0,0,0,0,0,0,0,0
SAL22391,148,200,103,159,175,59,26,46,14,933,245,230,211,422,306,101,68,68,18,1666,498,230,1949,659,596,275,408,391,99,5101,19,11,23,44,60,34,22,25,0,237,38,28,40,67,83,40,39,36,7,374,15,16,13,11,16,10,0,0,6,96,28,34,21,42,49,20,20,23,34,269,1711,3320,2556,1870,1754,710,669,679,229,13494
SAL22392,4,0,0,0,3,0,0,0,0,6,0,9,5,0,0,0,4,0,0,14,6,0,21,5,4,8,6,5,0,56,0,0,0,0,0,0,0,0,0,5,0,0,0,0,0,0,0,0,0,0,0,0,0,0,0,0,0,0,0,0,5,0,0,0,0,0,0,3,3,8,26,21,29,9,11,10,11,11,3,118
SAL22393,0,0,0,0,0,0,0,0,0,5,0,0,0,0,0,0,0,0,0,7,0,0,18,4,0,0,0,3,0,37,0,0,0,0,0,0,0,0,0,0,0,0,0,5,0,0,0,0,0,7,0,0,0,0,0,0,0,0,0,0,0,0,0,0,0,0,0,0,0,0,9,28,21,11,9,0,4,8,0,98
SAL22394,5,3,0,4,0,0,0,0,0,17,7,9,0,4,5,0,0,0,0,24,9,0,23,8,4,3,3,5,0,60,0,0,0,0,0,0,0,0,0,3,0,0,0,0,0,0,0,0,0,6,0,0,0,0,0,0,0,0,0,0,0,0,0,0,0,0,0,0,0,3,20,32,24,23,16,12,3,4,3,147
SAL22395,11,26,30,22,10,9,9,20,3,146,30,33,53,63,44,18,28,37,8,298,32,33,167,105,65,19,69,52,7,551,0,3,5,4,7,8,5,3,0,36,3,3,3,5,8,11,12,12,0,59,0,7,4,3,8,5,5,0,3,37,6,9,11,11,10,0,9,3,11,71,298,966,373,389,366,174,218,258,55,3098
SAL22396,19,19,24,21,25,10,18,14,0,142,40,24,60,81,57,31,25,40,8,362,48,15,188,127,60,39,77,63,11,626,4,5,10,9,4,6,7,3,0,54,5,7,14,16,8,3,18,14,3,85,6,5,5,5,6,0,0,3,0,24,13,5,12,11,10,9,7,13,20,86,292,775,407,366,386,179,237,237,80,2956
SAL22397,31,38,41,36,47,18,25,15,8,256,47,65,69,123,86,31,41,64,11,542,84,40,322,147,113,64,139,135,17,1061,5,0,13,10,18,5,7,19,0,85,14,3,20,23,19,16,22,10,4,121,5,8,11,11,10,3,0,0,0,48,11,17,12,21,15,12,26,24,31,164,445,1159,607,573,612,279,422,383,111,4595
SAL22398,0,0,3,4,0,0,0,3,0,15,5,4,5,5,5,3,0,4,0,22,12,0,37,15,9,6,0,3,5,74,0,0,0,0,0,0,0,0,0,3,0,0,0,0,0,0,0,0,0,5,0,0,0,0,0,0,0,0,0,0,0,0,0,0,0,0,0,0,0,3,26,69,48,33,20,20,0,12,3,227
SAL22399,46,84,20,36,37,23,3,12,8,276,62,75,32,52,62,37,8,14,6,347,56,37,147,52,44,34,12,24,5,413,4,3,8,8,8,9,4,4,0,30,13,7,3,10,16,9,5,6,0,75,7,15,0,4,0,3,0,0,0,30,8,24,3,3,3,0,0,3,13,62,1281,2776,297,345,572,265,51,103,89,5777
SAL22400,0,0,0,0,0,0,0,0,0,0,0,0,0,0,0,0,0,0,0,0,0,0,0,0,0,0,0,0,0,4,0,0,0,0,0,0,0,0,0,0,0,0,0,0,0,0,0,0,0,0,0,0,0,0,0,0,0,0,0,0,0,0,0,0,0,0,0,0,0,0,3,0,0,0,0,0,0,0,0,9
SAL22401,0,0,0,0,0,0,0,0,0,3,0,0,0,0,0,0,0,0,0,11,4,0,11,0,0,0,0,3,0,19,0,0,0,0,0,0,0,0,0,0,0,0,0,0,0,0,0,0,0,0,0,0,0,0,0,0,0,0,0,0,0,0,0,0,0,0,0,0,0,0,16,15,7,0,7,7,0,6,0,60
SAL22402,0,0,0,0,0,0,0,0,0,0,0,0,0,0,0,0,0,0,0,0,0,0,0,0,0,0,0,0,0,0,0,0,0,0,0,0,0,0,0,0,0,0,0,0,0,0,0,0,0,0,0,0,0,0,0,0,0,0,0,0,0,0,0,0,0,0,0,0,0,0,0,0,0,0,0,0,0,0,0,5
SAL22403,3,0,0,0,0,0,0,0,0,6,0,0,0,0,0,0,0,0,0,5,4,0,3,5,0,0,0,4,0,14,0,0,0,0,0,0,0,0,0,3,0,0,0,0,0,0,0,0,0,0,0,0,0,0,0,0,0,0,0,0,0,0,0,0,0,0,0,0,0,0,18,15,4,7,3,0,0,6,0,61
SAL22404,0,0,0,0,0,0,0,0,0,0,0,0,0,0,0,0,0,0,0,0,0,0,0,5,0,0,0,0,0,11,0,0,0,0,0,0,0,0,0,0,0,0,0,0,0,0,0,0,0,0,0,0,0,0,0,0,0,0,0,0,0,0,0,0,0,0,0,0,0,0,7,9,0,5,5,5,0,0,0,31
SAL22405,19,40,15,31,28,9,3,10,4,151,57,81,33,109,56,21,5,29,10,399,197,70,432,184,151,89,69,129,21,1341,11,5,4,20,13,11,4,19,0,78,9,3,4,21,17,20,0,20,3,97,4,5,3,4,0,0,0,5,0,20,7,14,12,15,6,3,4,25,13,96,437,844,528,467,324,167,97,268,54,3188
SAL22406,0,0,0,0,0,0,0,0,0,0,0,0,0,0,0,0,0,0,0,0,0,0,0,0,0,0,0,0,0,4,0,0,0,0,0,0,0,0,0,0,0,0,0,0,0,0,0,0,0,0,0,0,0,0,0,0,0,0,0,0,0,0,0,0,0,0,0,0,0,0,0,0,0,0,0,0,0,0,0,4
SAL22407,0,0,0,0,0,0,0,0,0,0,0,0,0,0,0,0,0,0,0,0,0,0,0,0,0,0,0,0,0,0,0,0,0,0,0,0,0,0,0,0,0,0,0,0,0,0,0,0,0,0,0,0,0,0,0,0,0,0,0,0,0,0,0,0,0,0,0,0,0,0,0,0,0,0,0,0,0,0,0,0
SAL22408,0,0,0,0,0,0,0,0,0,0,4,0,0,0,0,0,0,0,0,8,13,0,0,0,4,0,0,5,0,25,0,0,0,0,0,0,0,0,0,0,0,0,0,0,0,0,0,0,0,0,0,0,0,0,0,0,0,0,0,0,0,0,0,0,0,0,0,0,0,4,15,7,0,7,5,0,0,8,0,43
SAL22409,0,3,4,0,0,0,0,0,0,13,0,6,4,4,6,0,0,0,0,27,16,5,25,12,11,9,8,10,4,97,0,0,0,4,0,0,0,0,0,5,0,0,0,0,0,0,0,0,0,7,0,0,0,0,0,0,0,0,0,5,0,0,0,0,0,0,0,0,6,8,27,42,35,31,30,9,9,18,15,218
SAL22410,0,0,0,0,0,0,0,0,0,0,3,0,0,0,3,0,0,0,0,6,8,0,9,3,4,0,0,0,0,33,0,0,0,0,0,0,0,0,0,0,0,0,0,0,0,0,0,0,0,0,0,0,0,0,0,0,0,0,0,3,3,0,0,0,0,0,0,0,0,3,18,6,10,4,9,3,7,6,6,68
SAL22411,0,0,0,0,0,0,0,0,0,0,0,0,0,0,0,0,0,0,0,0,0,0,0,0,0,0,0,0,0,0,0,0,0,0,0,0,0,0,0,0,0,0,0,0,0,0,0,0,0,0,0,0,0,0,0,0,0,0,0,0,0,0,0,0,0,0,0,0,0,0,0,0,0,0,0,0,0,0,0,0
SAL22412,0,0,0,0,0,0,0,0,0,0,0,0,0,0,0,0,0,0,0,0,0,0,0,0,0,0,0,0,0,0,0,0,0,0,0,0,0,0,0,0,0,0,0,0,0,0,0,0,0,0,0,0,0,0,0,0,0,0,0,0,0,0,0,0,0,0,0,0,0,0,0,0,0,0,0,0,0,0,0,5
SAL22413,0,0,0,0,0,0,0,0,0,0,0,0,0,0,0,0,0,0,0,0,6,0,8,0,4,0,8,0,0,30,0,0,0,0,0,0,0,0,0,0,0,0,0,0,0,0,0,0,0,0,0,0,0,0,0,0,0,0,0,0,0,0,0,0,0,0,0,0,3,7,18,20,8,9,6,0,3,0,4,64
SAL22414,32,27,37,26,29,11,28,14,4,202,48,46,56,98,98,40,34,31,3,449,68,32,313,123,101,62,74,105,18,893,0,0,8,12,12,11,5,10,0,48,13,6,10,10,36,7,7,7,4,102,0,11,12,3,7,4,4,3,0,41,5,7,10,22,10,3,10,7,12,91,371,825,538,464,507,219,248,248,72,3487
SAL22415,0,0,0,0,0,0,0,0,0,0,0,0,0,0,0,0,0,0,0,0,3,0,0,0,0,0,0,0,0,3,0,0,0,0,0,0,0,0,0,0,0,0,0,0,0,0,0,0,0,0,0,0,0,0,0,0,0,0,0,0,0,0,0,0,0,0,0,0,0,0,3,0,0,0,0,0,0,0,0,6
SAL22416,0,0,0,0,0,0,0,0,0,0,0,0,0,0,0,0,0,0,0,0,0,0,0,0,0,0,0,0,0,0,0,0,0,0,0,0,0,0,0,0,0,0,0,0,0,0,0,0,0,0,0,0,0,0,0,0,0,0,0,0,0,0,0,0,0,0,0,0,0,0,0,0,0,0,0,0,0,0,0,0
SAL22417,3,0,0,0,0,3,0,0,0,5,0,0,0,4,0,0,0,0,0,6,5,0,6,5,0,0,0,4,0,26,0,0,0,0,0,0,0,0,0,0,0,0,0,0,0,0,0,0,0,0,0,0,0,0,0,0,0,0,0,0,0,0,4,0,0,0,0,0,0,3,12,4,12,11,3,9,0,5,0,49
SAL22418,0,0,0,0,0,0,0,0,0,0,0,0,0,0,0,0,0,0,0,3,0,0,4,0,0,0,0,0,0,8,0,0,0,0,0,0,0,0,0,0,0,0,0,0,0,0,0,0,0,0,0,0,0,0,0,0,0,0,0,0,0,0,0,0,0,0,0,0,0,0,6,8,4,0,0,0,0,0,0,18
SAL22419,0,0,0,0,0,3,0,0,0,6,3,0,0,5,0,0,0,0,0,13,11,0,16,6,3,0,4,6,0,48,4,0,0,0,0,0,0,0,0,5,0,0,0,0,0,0,0,0,0,5,0,0,0,0,0,0,0,0,0,0,0,0,0,0,0,0,0,0,0,4,28,21,23,19,12,4,3,12,0,128
SAL22420,0,0,0,0,0,0,0,0,0,0,0,0,0,0,0,0,0,0,0,0,8,0,0,0,0,0,0,0,0,3,0,0,0,0,0,0,0,0,0,0,0,0,0,0,0,0,0,0,0,0,0,0,0,0,0,0,0,0,0,0,0,0,0,0,0,0,0,0,0,0,7,4,0,0,0,0,0,0,0,18
SAL22421,0,0,0,0,0,0,0,0,0,0,0,0,0,0,0,0,0,0,0,3,0,0,0,0,0,0,0,0,0,0,0,0,0,0,0,0,0,0,0,0,0,0,0,0,0,0,0,0,0,0,0,0,0,0,0,0,0,0,0,0,4,0,0,0,0,0,0,0,0,4,4,4,0,0,0,0,0,0,0,9
SAL22422,0,0,0,0,0,0,0,0,0,0,0,0,0,0,0,0,0,0,0,0,0,0,0,0,0,0,0,3,0,5,0,0,0,0,0,0,0,0,0,0,0,0,0,0,0,0,0,0,0,0,0,0,0,0,0,0,0,0,0,0,0,0,0,0,0,0,0,0,0,0,4,0,0,0,0,0,0,3,0,8
SAL22423,0,0,0,4,0,0,0,0,0,8,3,0,3,0,0,4,0,0,0,19,6,0,15,3,4,0,6,6,3,47,0,0,0,0,0,0,0,0,0,3,0,0,0,0,0,0,0,3,0,4,0,0,0,0,0,0,0,0,0,0,0,0,0,0,0,0,0,0,0,4,15,14,18,12,9,7,6,8,3,92
SAL22424,0,0,0,0,0,0,0,0,0,4,0,0,0,0,0,0,0,0,0,7,5,0,14,7,4,4,0,0,0,36,0,0,0,0,0,0,0,0,0,0,0,0,0,0,0,0,0,0,0,5,0,0,0,0,0,0,0,0,0,4,0,0,0,0,0,0,0,0,0,3,21,31,16,11,6,0,3,0,0,98
SAL22425,0,0,0,0,0,0,0,0,0,3,0,0,0,0,0,0,0,0,0,0,0,0,0,0,0,0,0,4,4,16,0,0,0,0,0,0,0,0,0,0,0,0,0,0,0,0,0,0,0,0,0,0,0,0,0,0,0,0,0,0,0,0,0,0,0,0,0,0,0,0,10,3,3,3,5,0,4,4,4,29
SAL22426,0,3,0,0,4,0,0,5,0,10,0,3,8,4,7,0,4,3,0,35,12,8,63,27,19,4,23,19,0,174,0,0,0,0,0,0,0,0,0,7,0,0,0,0,0,0,0,0,0,4,0,0,0,0,0,0,0,0,0,0,0,0,0,0,0,0,0,10,0,17,23,55,72,47,32,9,29,45,5,328
SAL22427,0,0,0,0,0,0,0,0,0,0,0,0,0,0,0,0,0,0,0,0,0,0,5,0,0,0,0,4,0,11,0,0,0,0,0,0,0,0,0,0,0,0,0,0,0,0,0,0,0,0,0,0,0,0,0,0,0,0,0,0,0,0,0,0,0,0,0,0,0,0,4,5,5,4,0,0,0,4,0,21
SAL22428,5,0,0,0,0,0,0,0,0,5,0,0,0,0,0,0,0,0,0,6,7,0,3,0,3,0,0,4,0,21,0,0,0,0,0,0,0,0,0,0,0,0,0,0,0,0,0,0,0,0,0,0,0,0,0,0,0,0,0,0,0,0,0,0,0,0,0,0,0,4,17,6,10,3,5,4,0,8,0,44
SAL22429,0,0,0,0,0,0,0,0,0,0,4,0,0,0,0,0,0,0,0,4,16,0,4,3,4,0,0,6,0,38,0,0,0,0,0,0,0,0,0,0,0,0,0,0,0,0,0,0,0,0,0,0,0,0,0,0,0,0,0,0,0,0,0,0,0,0,0,0,0,0,35,3,5,12,3,3,0,7,0,70
SAL22430,7,4,0,0,3,0,0,0,0,21,4,5,4,9,4,3,3,0,0,31,9,3,37,13,11,4,9,8,4,96,0,0,0,0,4,0,0,0,0,6,0,0,0,0,0,0,4,0,0,8,0,0,0,0,0,0,0,0,0,3,0,0,0,0,3,0,0,3,0,10,39,66,46,33,37,11,16,16,8,266
SAL22431,5,3,0,0,3,0,0,0,0,14,0,4,5,4,3,0,0,0,0,16,11,5,31,9,10,8,3,0,3,85,0,0,0,0,0,0,0,0,0,0,0,0,0,0,0,0,0,3,0,10,0,0,0,0,0,0,0,0,0,4,4,0,0,3,0,0,0,3,0,9,39,48,38,18,19,8,9,8,10,188
SAL22432,0,0,0,0,0,0,0,0,0,0,0,0,0,0,0,0,0,0,0,0,0,0,0,0,0,0,0,0,0,0,0,0,0,0,0,0,0,0,0,0,0,0,0,0,0,0,0,0,0,0,0,0,0,0,0,0,0,0,0,0,0,0,0,0,0,0,0,0,0,0,9,4,0,0,3,0,0,0,0,14
SAL22433,0,3,0,0,0,0,0,0,0,10,0,5,5,6,0,0,0,0,0,11,8,0,16,3,9,4,4,4,0,49,0,0,0,0,0,0,0,4,0,4,0,0,0,0,0,0,0,0,0,0,0,0,0,0,0,0,0,0,0,0,0,0,3,0,0,0,0,0,0,7,15,26,28,14,10,8,3,4,5,116
SAL22434,0,0,0,0,0,0,0,0,0,0,0,0,0,0,0,0,0,0,0,0,0,0,0,0,0,0,0,0,0,0,0,0,0,0,0,0,0,0,0,0,0,0,0,0,0,0,0,0,0,0,0,0,0,0,0,0,0,0,0,0,0,0,0,0,0,0,0,0,0,0,0,0,0,0,0,0,0,0,0,0
SAL22435,0,0,0,0,0,0,0,0,0,0,0,0,0,0,0,0,0,0,0,0,0,0,0,0,0,0,0,0,0,0,0,0,0,0,0,0,0,0,0,0,0,0,0,0,0,0,0,0,0,0,0,0,0,0,0,0,0,0,0,0,0,0,0,0,0,0,0,0,0,0,0,0,0,0,0,0,0,0,0,0
SAL22436,0,0,0,0,0,0,0,0,0,5,0,0,0,0,0,0,0,0,0,0,3,0,10,0,0,0,0,5,0,19,0,0,0,0,0,0,0,0,0,0,0,0,0,0,0,0,0,0,0,0,0,0,0,0,0,0,0,0,0,0,0,0,0,0,0,0,0,0,0,0,14,16,15,3,4,0,4,7,0,55
SAL22437,0,0,0,3,0,0,0,0,0,0,0,0,0,0,0,0,0,0,0,0,0,0,0,0,0,0,0,0,0,5,0,0,0,0,0,0,0,0,0,0,0,0,0,0,0,0,0,0,0,0,0,0,0,0,0,0,0,0,0,0,0,0,0,0,0,0,0,0,0,0,5,5,0,4,0,0,0,3,0,16
SAL22438,0,0,0,0,0,0,0,0,0,4,0,0,0,0,0,0,0,0,0,0,0,0,0,0,0,0,0,0,0,0,0,0,0,0,0,0,0,0,0,4,0,0,0,0,0,0,0,0,0,0,0,0,0,0,0,0,0,0,0,0,0,0,0,0,0,0,0,0,0,0,3,0,0,0,0,0,0,0,0,9
SAL22439,0,0,0,0,0,0,0,0,0,0,0,0,0,0,0,0,0,0,0,0,0,0,0,0,0,0,0,0,0,3,0,0,0,0,0,0,0,0,0,0,0,0,0,0,0,0,0,0,0,0,0,0,0,0,0,0,0,0,0,0,0,0,0,0,0,0,0,0,0,0,9,0,0,0,0,0,0,5,0,8
SAL22440,0,0,0,0,0,0,0,0,0,6,0,0,0,0,0,0,0,5,0,4,9,0,0,0,0,0,0,0,0,12,0,0,0,0,0,0,0,0,0,0,0,0,0,0,0,0,0,0,0,0,0,0,0,0,0,0,0,0,0,0,0,0,0,0,0,0,0,0,0,0,8,10,0,0,0,0,0,5,0,17
SAL22441,0,3,0,5,0,0,0,0,0,14,9,3,0,16,6,0,0,0,0,33,19,8,73,13,20,5,17,23,5,182,0,0,3,0,0,0,0,3,0,11,0,0,0,3,0,0,0,0,0,8,0,0,0,0,0,0,0,0,0,0,0,0,0,0,0,0,0,4,0,8,46,68,75,54,27,16,26,25,4,336
SAL22442,0,0,0,0,0,0,0,0,0,0,0,0,0,0,0,0,0,0,0,0,0,0,0,0,0,0,0,0,0,0,0,0,0,0,0,0,0,0,0,0,0,0,0,0,0,0,0,0,0,0,0,0,0,0,0,0,0,0,0,0,0,0,0,0,0,0,0,0,0,0,0,0,0,0,0,0,0,0,0,0
SAL22443,0,0,0,0,0,0,0,0,0,0,0,0,0,0,0,0,0,0,0,0,0,0,0,0,0,0,0,0,0,0,0,0,0,0,0,0,0,0,0,0,0,0,0,0,0,0,0,0,0,0,0,0,0,0,0,0,0,0,0,0,0,0,0,0,0,0,0,0,0,0,0,0,0,0,0,0,0,0,0,0
SAL22444,0,4,0,0,0,0,0,6,0,18,4,0,4,4,5,0,0,3,0,22,12,3,35,8,8,9,9,7,0,85,5,0,0,0,0,0,0,0,0,6,0,0,0,0,0,0,0,0,0,3,0,0,0,0,0,0,0,0,0,0,0,0,0,0,0,0,0,0,0,3,31,35,43,21,14,12,9,15,7,172
SAL22445,0,0,0,0,0,0,0,0,0,0,0,0,0,0,0,0,0,0,0,0,4,0,0,0,0,0,0,0,0,6,0,0,0,0,0,0,0,0,0,0,0,0,0,0,0,0,0,0,0,0,0,0,0,0,0,0,0,0,0,0,0,0,0,0,0,0,0,0,0,0,4,0,4,0,0,0,0,0,0,13
SAL22446,0,0,0,0,0,0,0,0,0,0,0,0,0,0,0,0,0,0,0,0,0,0,3,0,0,0,0,0,0,3,0,0,0,0,0,0,0,0,0,0,0,0,0,0,0,0,0,0,0,0,0,0,0,0,0,0,0,0,0,0,0,0,0,0,0,0,0,0,0,0,0,0,3,0,0,0,0,0,0,7
SAL22447,0,4,3,4,3,0,0,0,0,19,0,3,7,0,4,0,0,0,0,20,5,0,28,12,6,3,0,9,0,64,0,0,0,0,0,0,0,0,0,3,0,0,0,0,0,0,0,0,0,4,0,0,0,0,0,0,0,0,0,0,3,0,0,0,0,0,0,0,0,10,28,48,38,28,18,14,5,17,0,188
SAL22448,0,0,0,0,0,0,0,0,0,0,0,0,0,0,0,0,0,0,0,0,0,0,0,0,0,0,0,0,0,4,0,0,0,0,0,0,0,0,0,0,0,0,0,0,0,0,0,0,0,0,0,0,0,0,0,0,0,0,0,0,0,0,0,0,0,0,0,0,0,0,7,0,4,0,0,0,0,0,0,11
SAL22449,0,0,0,0,0,0,0,0,0,0,0,0,0,0,0,0,0,0,0,4,0,0,0,0,0,0,0,0,0,0,0,0,0,0,0,0,0,0,0,0,0,0,0,0,0,0,0,0,0,0,0,0,0,0,0,0,0,0,0,0,0,0,0,0,0,0,0,0,0,0,0,0,0,0,5,0,0,0,0,8
SAL22450,0,0,0,0,0,0,0,0,0,0,0,0,0,4,0,0,0,0,0,6,5,0,3,0,3,0,0,0,0,19,0,0,0,0,0,0,0,0,0,0,0,0,0,0,0,0,0,0,0,0,0,0,0,0,0,0,0,0,0,0,0,0,0,0,0,0,0,0,0,0,5,8,4,3,3,0,0,5,0,36
SAL22451,117,104,157,137,141,64,213,75,13,1018,197,171,358,624,281,154,497,172,42,2495,183,83,893,492,298,157,497,335,71,3015,8,10,6,27,25,22,34,21,0,146,27,17,31,84,46,29,61,45,14,350,25,57,28,37,26,18,54,20,6,275,22,49,34,71,48,24,86,41,112,488,1875,4950,2297,2724,2510,1150,2532,1306,509,19851
SAL22452,0,0,0,0,0,0,0,0,0,0,0,0,0,0,0,0,0,0,0,7,0,0,3,0,3,3,0,4,0,16,0,0,0,0,0,0,0,0,0,0,0,0,0,0,0,0,0,0,0,0,0,0,0,0,0,0,0,0,0,0,0,0,0,0,0,0,0,0,0,0,8,3,7,4,4,4,0,3,0,33
SAL22453,0,0,0,0,0,0,0,0,0,0,0,0,0,0,0,0,0,0,0,0,3,0,0,0,0,0,0,0,0,3,0,0,0,0,0,0,0,0,0,0,0,0,0,0,0,0,0,0,0,0,0,0,0,0,0,0,0,0,0,0,3,0,0,0,0,0,0,0,0,3,7,0,0,0,0,0,0,0,0,14
SAL22454,0,0,0,0,0,0,0,0,0,5,0,0,0,0,0,0,0,0,0,3,0,0,3,0,0,0,0,0,0,12,0,0,0,0,0,0,0,0,0,0,0,0,0,0,0,0,0,0,0,0,0,0,0,0,0,0,0,0,0,0,0,0,0,0,0,0,0,0,4,4,7,4,4,5,0,0,0,3,4,30
SAL22455,0,0,0,0,0,0,0,0,0,0,0,0,0,0,0,0,0,0,0,0,5,0,0,0,0,0,0,0,0,9,0,0,0,0,0,0,0,0,0,0,0,0,0,0,0,0,0,0,0,0,0,0,0,0,0,0,0,0,0,0,0,0,0,0,0,0,0,0,0,0,7,0,0,0,0,0,0,0,0,6
SAL22456,0,0,0,0,0,0,0,0,0,0,0,0,0,0,0,0,0,0,0,0,3,0,7,0,0,0,5,5,0,15,0,0,0,0,0,0,0,0,0,0,0,0,0,0,0,0,0,0,0,0,0,0,0,0,0,0,0,0,0,0,0,0,0,0,0,0,0,0,0,0,6,5,7,4,0,0,5,5,0,20
SAL22457,0,0,0,0,0,0,0,0,0,0,0,0,0,0,0,0,0,0,0,0,0,0,0,0,0,0,0,0,0,9,0,0,0,0,0,0,0,0,0,0,0,0,0,0,0,0,0,0,0,0,0,0,0,0,0,0,0,0,0,0,0,0,0,0,0,0,0,0,0,0,0,8,0,0,4,0,0,0,0,19
SAL22458,3,4,0,0,0,0,0,0,0,8,0,4,0,8,0,0,0,0,0,16,11,10,12,7,7,0,8,7,0,68,4,0,0,0,0,0,3,0,0,7,0,0,0,0,0,0,0,0,0,4,0,0,0,0,0,0,0,0,0,0,0,0,0,0,0,0,0,0,0,7,32,39,17,24,16,7,14,12,0,156
SAL22459,0,0,0,0,0,0,0,0,0,0,0,0,0,0,0,0,0,0,0,0,0,0,0,0,0,0,0,0,0,4,0,0,0,0,0,0,0,0,0,0,0,0,0,0,0,0,0,0,0,0,0,0,0,0,0,0,0,0,0,0,0,0,0,0,0,0,0,0,0,0,11,5,0,0,0,0,0,0,0,20
SAL22460,0,0,0,0,0,0,0,0,0,0,0,0,0,0,0,0,0,0,0,4,0,0,4,0,5,0,0,0,0,3,0,0,0,0,0,0,0,0,0,5,0,0,0,0,0,0,0,0,0,3,0,0,0,0,0,0,0,0,0,0,0,0,0,0,0,0,0,0,0,0,7,5,4,4,3,0,3,5,0,22
SAL22461,3,0,0,0,0,0,0,0,0,0,0,0,0,0,0,0,0,0,0,0,6,0,0,0,0,0,0,0,0,6,0,0,0,0,0,0,0,0,0,0,0,0,0,0,0,0,0,0,0,0,0,0,0,0,0,0,0,0,0,0,0,0,0,0,0,0,0,0,0,0,8,0,0,0,0,0,0,0,0,11
SAL22462,0,12,0,0,0,0,0,0,0,18,4,0,0,4,0,0,0,0,0,7,11,0,6,0,5,0,0,8,3,43,0,0,0,0,0,0,0,0,0,0,0,4,0,0,0,0,0,0,0,3,0,0,0,0,0,0,0,0,0,0,0,0,0,0,0,0,0,0,0,0,28,38,10,12,7,0,0,8,3,109
SAL22463,3,0,0,0,0,0,0,0,0,3,0,0,0,0,0,0,0,0,0,0,0,0,3,0,0,0,4,0,0,7,0,0,0,0,0,0,0,0,0,0,0,0,0,0,0,0,0,0,0,0,0,0,0,0,0,0,0,0,0,0,0,0,0,0,0,0,0,0,0,0,9,0,3,0,0,0,4,0,0,20
SAL22464,0,0,0,0,0,0,0,0,0,0,6,0,0,0,0,0,0,0,0,6,3,0,0,0,0,0,0,0,0,8,0,0,0,0,0,0,0,0,0,0,0,0,0,0,0,0,0,0,0,0,0,0,0,0,0,0,0,0,0,0,0,0,0,0,0,0,0,0,0,0,8,7,0,0,0,0,0,0,0,17
SAL22465,3,3,0,3,0,0,0,4,0,10,3,0,0,0,0,0,0,3,0,9,14,0,20,6,3,3,3,4,0,56,0,0,0,0,0,0,0,0,0,3,0,0,0,0,0,0,0,0,0,0,0,0,0,0,0,0,0,0,0,0,4,0,0,0,0,0,0,0,0,4,37,32,24,16,6,10,4,13,4,145
SAL22466,0,0,0,3,0,0,0,0,0,5,5,0,0,0,0,0,0,0,0,10,6,0,18,4,0,0,4,6,0,40,0,0,0,0,0,0,0,0,0,7,0,0,0,0,0,0,0,0,0,4,0,0,0,0,0,0,0,0,0,0,0,0,0,0,0,0,0,0,0,4,19,11,24,10,8,11,8,4,4,95
SAL22467,17,9,8,17,16,3,3,5,0,86,22,34,11,53,36,8,4,21,0,194,58,23,186,69,54,26,48,68,10,546,5,0,6,0,9,9,5,9,0,39,5,0,0,9,3,0,3,4,4,28,3,0,0,0,0,0,0,3,0,9,8,3,0,0,0,4,8,3,0,36,218,341,237,197,146,64,68,129,22,1431
SAL22468,5,0,0,0,0,0,0,0,0,5,0,0,0,0,5,0,0,0,0,3,7,0,4,0,0,0,0,0,0,16,0,0,0,0,0,0,0,0,0,0,0,0,0,0,0,0,0,0,0,0,0,0,0,0,0,0,0,0,0,0,0,0,0,0,0,0,0,0,0,7,7,11,4,4,3,4,3,0,0,47
SAL22469,4,0,0,0,0,0,0,0,0,9,7,0,0,0,0,0,0,0,0,11,12,0,3,0,3,0,0,3,0,18,0,0,0,0,0,0,0,0,0,0,3,0,0,0,0,0,0,0,0,3,0,0,0,0,0,0,0,0,0,0,0,0,0,0,0,0,0,0,0,0,29,14,0,0,3,0,0,4,0,51
SAL22470,0,3,0,0,4,0,0,0,0,15,5,0,0,7,0,0,4,0,0,14,13,3,29,8,5,4,7,0,0,66,0,0,0,0,0,0,0,0,0,0,0,0,0,0,0,0,0,0,0,3,0,0,0,0,0,0,0,0,0,4,0,0,0,0,0,0,0,0,0,0,38,41,38,23,21,6,7,8,4,188
SAL22471,8,3,4,0,3,0,0,4,0,29,5,3,8,8,3,6,0,4,0,33,15,6,47,10,9,7,6,7,0,108,0,0,0,0,0,0,0,0,0,3,0,0,0,0,0,0,0,0,0,0,0,0,0,0,0,0,0,0,0,0,0,0,0,0,0,0,0,5,0,11,79,92,66,39,31,19,9,23,6,353
SAL22472,0,0,0,0,0,0,0,0,0,4,0,0,0,0,0,0,0,0,0,0,5,0,0,0,0,0,0,0,0,11,0,0,0,0,0,0,0,0,0,0,0,0,0,0,0,0,0,0,0,0,0,0,0,0,0,0,0,0,0,0,0,4,0,0,0,0,0,0,0,4,7,5,0,5,9,0,4,0,0,25
SAL22473,53,59,35,37,63,23,19,12,10,301,90,68,67,121,120,40,31,21,10,577,118,54,406,132,161,99,132,126,22,1248,6,0,4,9,11,9,0,6,3,61,17,11,18,21,36,13,21,11,0,151,5,9,9,3,6,8,6,3,0,47,5,12,12,14,11,10,9,11,16,96,719,1310,657,515,777,338,282,245,107,4949
SAL22474,73,80,44,44,79,25,16,11,4,359,96,77,69,83,116,50,14,22,8,534,129,57,537,142,148,78,110,94,22,1316,6,6,3,13,18,10,6,3,0,79,23,8,19,20,44,19,12,13,3,163,10,11,0,4,6,0,4,9,7,51,18,21,12,16,24,15,6,10,26,136,748,1440,789,468,740,284,213,209,103,4992
SAL22475,0,0,0,0,0,0,0,0,0,0,0,0,0,0,0,0,0,0,0,0,4,0,4,0,0,0,0,0,0,13,0,0,0,0,0,0,0,0,0,0,0,0,0,0,0,0,0,0,0,0,0,0,0,0,0,0,0,0,0,0,0,0,0,0,0,0,0,0,0,0,5,3,4,0,6,0,0,0,0,19
SAL22476,11,11,4,14,6,11,0,3,0,59,12,20,12,22,22,8,0,3,3,102,14,12,95,31,27,16,13,18,3,233,0,0,0,5,4,0,0,0,0,12,6,4,0,8,5,0,0,3,0,25,0,0,0,0,0,0,0,0,0,4,4,0,5,0,0,4,0,5,0,20,131,270,135,108,93,46,19,43,18,857
SAL22477,0,0,0,0,0,0,0,0,0,0,0,0,0,0,0,0,0,0,0,0,0,0,0,0,0,0,0,0,0,7,0,0,0,0,0,0,0,0,0,0,0,0,0,0,0,0,0,0,0,0,0,0,0,0,0,0,0,0,0,0,0,0,0,0,0,0,0,0,0,0,0,0,0,0,0,0,0,0,0,6
SAL22478,0,0,0,0,0,0,0,0,0,0,0,0,0,0,0,0,0,0,0,0,0,0,0,0,0,0,0,0,0,0,0,0,0,0,0,0,0,0,0,0,0,0,0,0,0,0,0,0,0,0,0,0,0,0,0,0,0,0,0,0,0,0,0,0,0,0,0,0,0,0,0,0,0,0,0,0,0,0,0,6
SAL22479,11,8,3,14,10,0,0,0,0,43,6,19,8,21,13,3,0,3,0,77,29,17,155,56,32,15,35,35,6,372,4,0,0,3,5,4,0,0,0,15,3,0,0,0,0,0,6,3,0,23,0,0,0,0,0,0,0,0,0,5,0,0,0,3,0,0,0,3,0,11,84,201,183,126,91,27,41,57,15,816
SAL22480,0,0,0,0,0,0,0,0,0,0,3,0,0,0,0,0,0,0,0,4,0,0,0,0,0,0,0,0,0,4,0,0,0,0,0,0,0,0,0,0,4,0,0,0,0,0,0,0,0,6,0,0,0,0,0,0,0,0,0,0,4,0,0,0,0,0,0,0,0,4,17,7,0,6,4,0,0,0,0,25
SAL22481,0,0,0,0,0,0,0,0,0,4,0,0,0,0,0,0,0,0,0,0,0,0,0,0,0,0,0,0,0,9,0,0,0,0,0,0,0,0,0,0,0,0,0,0,0,0,0,0,0,0,0,0,0,0,0,0,0,0,0,0,0,0,0,0,0,0,0,0,0,0,4,4,0,3,0,0,0,0,0,14
SAL22482,0,0,0,0,0,0,0,0,0,0,0,0,0,0,0,0,0,0,0,0,6,0,0,0,0,0,0,0,0,8,0,0,0,0,0,0,0,0,0,0,0,0,0,0,0,0,0,0,0,0,0,0,0,0,0,0,0,0,0,0,0,0,0,0,0,0,0,0,0,0,7,0,0,0,0,0,0,0,0,12
SAL22483,78,76,30,29,59,30,7,19,9,329,91,78,46,67,88,42,5,11,9,441,123,38,267,93,82,62,23,51,18,753,8,5,0,0,8,9,0,0,0,35,19,11,21,14,37,18,3,11,0,131,12,18,12,7,7,10,0,0,5,67,23,31,13,11,14,9,0,3,27,133,1181,2175,552,406,776,416,76,146,132,5861
SAL22484,67,70,35,35,43,26,5,14,4,300,77,75,56,70,66,38,14,19,10,421,73,55,238,76,62,40,29,55,9,638,3,4,9,18,14,10,0,0,0,56,20,8,19,19,17,12,3,7,5,116,3,17,4,9,9,5,0,0,0,45,6,23,15,6,19,3,0,4,21,105,893,1920,506,410,625,302,84,147,84,4977
SAL22485,0,0,0,0,0,0,0,0,0,0,0,0,0,0,0,0,0,0,0,0,4,0,0,0,0,0,0,0,0,9,0,0,0,0,0,0,0,0,0,0,0,0,0,0,0,0,0,0,0,0,0,0,0,0,0,0,0,0,0,0,0,0,0,0,0,0,0,0,0,0,5,5,0,0,0,0,0,0,0,15
SAL22486,0,0,0,4,4,0,0,0,0,8,0,0,0,0,0,0,0,0,0,9,0,0,9,4,4,0,3,5,0,25,0,0,0,0,0,0,0,0,0,3,0,0,0,0,0,0,0,0,0,0,0,0,0,0,0,0,0,0,0,0,0,0,0,0,0,0,0,0,0,3,6,7,11,9,11,6,3,5,0,56
SAL22487,0,0,0,0,0,0,0,0,0,0,0,0,0,0,0,0,0,0,0,0,0,0,0,0,0,0,0,0,0,0,0,0,0,0,0,0,0,0,0,0,0,0,0,0,0,0,0,0,0,0,0,0,0,0,0,0,0,0,0,0,0,0,0,0,0,0,0,0,0,0,3,5,0,0,0,0,0,0,0,12
SAL22488,3,5,0,13,0,0,0,0,0,28,14,8,5,25,7,0,4,3,8,66,36,6,79,53,18,14,28,42,0,279,0,0,3,3,8,6,5,3,0,28,3,0,9,3,0,3,0,0,0,19,0,0,0,0,0,0,0,0,0,4,3,4,3,0,0,0,3,5,4,29,81,114,98,119,56,34,43,56,14,622
SAL22489,4,0,0,0,0,0,0,0,0,5,0,0,0,0,0,0,0,3,0,7,4,0,0,0,0,0,0,0,0,5,0,0,0,0,0,0,0,0,0,0,0,0,0,0,0,0,0,0,0,0,0,0,0,0,0,0,0,0,0,0,0,0,0,0,0,0,0,0,0,0,15,4,0,4,0,0,0,0,0,30
SAL22490,0,0,0,0,0,0,0,0,0,0,0,0,0,0,0,0,0,0,0,0,5,0,0,0,0,0,0,0,0,5,0,0,0,0,0,0,0,0,0,0,0,0,0,0,0,0,0,0,0,0,0,0,0,0,0,0,0,0,0,0,0,0,0,0,0,0,0,0,0,0,5,3,0,0,0,0,0,0,0,10
SAL22491,0,0,0,0,0,0,0,0,0,0,0,0,0,0,0,0,0,0,0,0,0,0,0,0,0,0,0,0,0,4,0,0,0,0,0,0,0,0,0,0,0,0,0,0,0,0,0,0,0,0,0,0,0,0,0,0,0,0,0,0,0,0,0,0,0,0,0,0,0,0,0,0,0,0,0,0,0,0,0,9
SAL22492,0,0,0,0,0,0,0,0,0,0,0,0,0,0,0,0,0,0,0,0,0,0,0,0,0,0,0,0,0,0,0,0,0,0,0,0,0,0,0,0,0,0,0,0,0,0,0,0,0,0,0,0,0,0,0,0,0,0,0,0,0,0,0,0,0,0,0,0,0,0,0,0,0,0,0,0,0,0,0,4
SAL22493,3,0,0,0,0,0,0,0,0,3,0,0,0,0,0,0,0,0,0,7,3,0,4,0,0,0,0,0,0,12,0,0,0,0,0,0,0,0,0,0,0,0,0,0,0,0,0,0,0,0,0,0,0,0,0,0,0,0,0,0,0,0,0,0,0,0,0,0,0,0,7,7,3,3,4,0,0,0,0,27
SAL22494,0,0,0,0,0,0,0,0,0,0,0,0,0,0,0,0,0,0,0,0,0,0,3,3,0,0,0,0,0,12,0,0,0,0,0,0,0,0,0,0,0,0,0,0,0,0,0,0,0,0,0,0,0,0,0,0,0,0,0,0,0,0,0,0,0,0,0,0,0,4,0,9,8,6,6,3,0,3,0,32
SAL22495,0,0,0,0,0,0,0,0,0,0,0,0,0,0,0,0,0,0,0,0,0,0,0,0,0,0,0,0,0,0,0,0,0,0,0,0,0,0,0,0,0,0,0,0,0,0,0,0,0,0,0,0,0,0,0,0,0,0,0,0,0,0,0,0,0,0,0,0,0,0,0,0,0,0,0,0,0,0,0,3
SAL22496,31,25,9,20,22,9,4,0,3,122,35,27,30,48,42,17,5,13,0,222,74,29,232,64,45,23,23,41,14,546,0,0,7,8,0,3,0,5,0,21,10,11,0,3,11,11,3,6,0,42,4,0,3,0,0,0,0,0,0,12,3,3,4,6,8,4,4,0,3,33,251,411,318,193,211,80,54,81,29,1628
SAL22497,0,0,0,0,0,0,0,0,0,0,0,0,0,0,0,0,0,0,0,0,0,0,0,0,0,0,0,0,0,0,0,0,0,0,0,0,0,0,0,0,0,0,0,0,0,0,0,0,0,0,0,0,0,0,0,0,0,0,0,0,0,0,0,0,0,0,0,0,0,0,0,0,0,0,0,0,0,0,0,5
SAL22498,0,0,0,0,4,0,0,0,0,4,0,3,0,0,0,0,0,0,0,10,4,0,10,0,0,4,10,6,0,34,0,0,0,0,0,0,0,0,0,0,0,0,0,0,0,0,0,0,0,0,0,0,0,0,0,0,0,0,0,0,0,0,0,0,0,0,0,0,0,0,12,9,12,0,8,3,10,9,0,68
SAL22499,0,0,0,0,0,0,0,0,0,0,0,0,0,0,0,0,0,0,0,0,3,0,0,0,0,0,0,0,0,7,0,0,0,0,0,0,0,0,0,0,0,0,0,0,0,0,0,0,0,0,0,0,0,0,0,0,0,0,0,0,0,0,0,0,0,0,0,0,0,0,3,0,0,0,0,0,0,0,0,5
SAL22500,0,0,0,0,0,0,0,0,0,0,0,0,0,0,0,0,0,0,0,0,7,0,5,0,0,0,0,0,0,12,0,0,0,0,0,0,0,0,0,5,0,0,0,0,0,0,0,0,0,0,0,0,0,0,0,0,0,0,0,0,0,0,0,0,0,0,0,0,0,0,7,11,3,3,0,0,0,0,0,24
SAL22501,9,5,0,4,3,0,0,0,0,30,12,6,8,11,9,0,0,0,0,52,13,13,39,12,9,5,6,3,0,106,0,0,0,0,0,0,0,0,0,3,0,0,5,0,0,0,0,0,0,6,0,0,0,0,0,0,0,0,0,0,0,6,0,0,0,0,0,0,0,9,70,161,66,39,34,15,6,16,3,406
SAL22502,0,0,0,0,0,0,0,0,0,0,0,0,0,0,0,0,0,0,0,0,3,0,0,0,0,0,0,0,0,5,0,0,0,0,0,0,0,0,0,3,0,0,0,0,0,0,0,0,0,0,0,0,0,0,0,0,0,0,0,0,0,0,0,0,0,0,0,0,0,5,8,4,3,4,0,4,0,0,0,24
SAL22503,0,0,0,0,0,0,0,0,0,0,0,0,0,0,0,0,0,0,0,0,3,0,0,0,0,0,0,0,0,4,0,0,0,0,0,0,0,0,0,0,0,0,0,0,0,0,0,0,0,0,0,0,0,0,0,0,0,0,0,0,0,0,0,0,0,0,0,0,0,0,6,0,0,0,0,0,0,0,0,4
SAL22504,32,36,53,48,50,17,19,22,5,277,53,48,113,150,72,56,50,60,12,607,93,43,422,200,113,77,139,171,19,1276,5,0,12,23,10,8,12,9,0,79,4,4,12,31,29,18,14,19,0,131,0,5,14,13,9,0,9,10,3,63,17,11,26,25,17,16,20,28,25,177,420,1040,831,746,587,320,405,485,102,4940
SAL22505,0,0,0,0,0,0,0,0,0,0,0,0,0,0,0,0,0,0,0,0,0,0,0,0,0,0,0,0,0,0,0,0,0,0,0,0,0,0,0,0,0,0,0,0,0,0,0,0,0,0,0,0,0,0,0,0,0,0,0,0,0,0,0,0,0,0,0,0,0,0,0,0,0,0,0,0,0,0,0,0
SAL22506,0,4,0,4,5,0,0,0,0,18,10,10,7,19,11,3,3,4,0,62,13,4,82,42,23,11,16,24,3,217,4,0,0,0,0,0,0,0,0,18,5,0,7,0,0,0,0,0,0,10,0,0,0,0,0,0,0,0,0,0,0,0,0,4,0,0,0,0,0,10,39,125,128,97,57,26,32,40,8,548
SAL22507,0,0,0,0,0,0,0,0,0,0,3,6,0,5,0,0,0,0,0,5,8,0,3,0,0,0,0,0,0,15,0,0,0,0,0,0,0,0,0,0,0,0,0,0,0,0,0,0,0,0,0,0,0,0,0,0,0,0,0,0,0,0,0,0,0,0,0,0,0,0,15,12,3,3,0,0,0,0,0,39
SAL22508,59,113,50,49,67,39,11,15,5,412,109,137,81,116,125,49,18,30,4,665,125,88,364,147,112,36,51,62,10,997,3,4,8,10,10,9,9,7,0,58,22,22,7,17,19,10,7,7,8,111,11,16,4,4,5,3,4,0,0,48,11,16,12,5,13,3,6,8,28,97,1507,4141,782,768,929,350,156,253,107,8990
SAL22509,7,6,9,11,22,0,10,6,0,65,20,15,26,29,24,4,29,13,6,159,14,10,111,39,37,11,26,31,8,289,0,0,0,4,0,0,0,0,0,4,3,0,0,8,7,0,8,3,0,31,5,5,0,0,0,0,0,0,0,8,3,4,6,0,3,0,4,0,4,24,102,291,199,139,168,54,102,86,29,1173
SAL22510,0,3,0,0,0,0,0,0,0,11,0,0,0,6,0,0,0,0,0,6,5,3,21,0,6,0,4,0,0,47,0,0,0,0,0,0,0,0,0,0,0,0,0,0,0,0,0,0,0,0,0,0,0,0,0,0,0,0,0,0,0,0,0,0,0,3,0,0,0,5,16,18,29,6,10,5,6,9,0,82
SAL22511,0,0,0,0,0,0,0,0,0,3,0,3,0,5,0,0,0,0,0,11,9,0,17,11,7,5,5,8,0,62,4,0,0,0,0,0,0,0,0,4,0,0,0,0,0,0,0,0,0,0,0,0,0,0,0,0,0,0,0,0,5,0,0,0,0,0,0,0,0,7,29,29,18,19,14,3,5,10,0,133
SAL22512,0,0,0,0,0,0,0,0,0,0,0,0,0,0,0,0,0,0,0,0,0,0,0,0,0,0,0,3,0,8,0,0,0,0,0,0,0,0,0,0,0,0,0,0,0,0,0,0,0,0,0,0,0,0,0,0,0,0,0,0,0,0,0,0,0,0,0,0,0,0,0,0,0,0,0,0,0,3,0,7
SAL22513,0,0,0,0,0,0,0,0,0,0,0,0,0,0,0,0,0,0,0,0,3,0,0,0,0,0,0,0,0,11,0,0,0,0,0,0,0,0,0,0,0,0,0,0,0,0,0,0,0,0,0,0,0,0,0,0,0,0,0,0,0,0,0,0,0,0,0,0,0,0,10,5,0,3,0,0,0,0,0,24
SAL22514,4,0,0,0,0,0,0,0,0,4,0,0,0,0,0,0,0,0,0,0,5,0,10,0,6,0,6,0,0,26,0,0,0,0,0,0,0,0,0,0,4,0,0,0,0,0,0,0,0,6,0,0,0,0,0,0,0,0,0,4,0,0,0,0,0,0,0,0,0,3,9,9,8,7,13,0,4,4,4,63
SAL22515,0,0,0,0,0,0,0,0,0,0,0,0,0,0,0,0,0,0,0,0,0,0,0,0,0,0,0,0,0,0,0,0,0,0,0,0,0,0,0,0,0,0,0,0,0,0,0,0,0,0,0,0,0,0,0,0,0,0,0,0,0,0,0,0,0,0,0,0,0,0,0,0,0,0,0,0,0,0,0,0
SAL22516,11,3,0,5,0,0,0,0,0,16,7,9,0,16,3,0,0,5,0,35,23,6,55,17,13,0,26,22,3,165,3,0,4,0,0,0,0,7,0,13,0,0,0,0,0,3,0,6,0,8,3,0,0,0,0,0,0,0,0,4,3,0,4,0,0,4,0,3,4,17,59,63,68,46,32,16,33,43,11,363
SAL22517,4,0,0,0,0,0,0,0,0,3,0,0,0,0,0,0,0,0,0,0,0,0,0,0,0,0,3,0,0,4,0,0,0,0,0,0,0,0,0,0,0,0,0,0,0,0,0,0,0,0,0,0,0,0,0,0,0,0,0,0,0,0,0,0,0,0,0,0,0,0,3,3,0,0,0,0,3,4,0,12
SAL22518,4,0,0,0,0,0,0,0,0,4,0,0,0,0,0,0,0,0,0,4,8,0,10,0,0,0,0,7,0,21,0,0,0,0,0,0,0,0,0,0,0,0,0,0,0,0,0,0,0,0,0,0,0,0,0,0,0,0,0,0,0,0,0,0,0,0,0,0,0,0,10,0,8,0,0,0,0,10,0,30
SAL22519,0,0,0,0,0,0,0,0,0,0,0,0,0,0,0,0,0,0,0,0,0,0,4,0,0,0,0,0,0,9,0,0,0,0,0,0,0,0,0,0,0,0,0,0,0,0,0,0,0,0,0,0,0,0,0,0,0,0,0,0,0,0,0,0,0,0,0,0,0,0,0,0,4,0,0,0,0,0,0,13
SAL22520,0,0,0,0,0,0,0,0,0,0,0,0,0,0,0,0,0,0,0,0,0,0,0,0,0,0,0,0,0,0,0,0,0,0,0,0,0,0,0,0,0,0,0,0,0,0,0,0,0,0,0,0,0,0,0,0,0,0,0,0,0,0,0,0,0,0,0,0,0,0,3,0,0,0,0,0,0,0,0,5
SAL22521,5,3,0,0,3,0,0,3,0,12,0,0,0,3,0,0,0,0,0,6,15,0,7,5,0,0,0,8,0,42,0,0,0,0,0,0,0,0,0,3,0,0,0,0,0,0,0,0,0,0,0,0,0,0,0,0,0,0,0,0,0,0,0,0,0,0,0,0,0,0,34,21,13,7,7,0,0,18,4,106
SAL22522,0,0,0,0,0,0,0,0,0,0,0,0,0,0,0,0,0,0,0,0,8,0,0,0,0,0,0,3,0,4,0,0,0,0,0,0,0,0,0,0,0,0,0,0,0,0,0,0,0,0,0,0,0,0,0,0,0,0,0,0,0,0,0,0,0,0,0,0,0,0,4,7,0,0,0,0,0,4,0,16
SAL22523,0,0,0,0,0,0,0,0,0,0,0,0,0,0,0,0,0,0,0,3,0,0,4,0,6,0,0,0,0,8,0,0,0,0,0,0,0,0,0,0,0,0,0,0,0,0,0,0,0,0,0,0,0,0,0,0,0,0,0,3,0,0,0,0,0,0,0,0,0,0,4,4,4,0,9,0,0,4,0,22
SAL22524,0,0,0,0,0,0,0,0,0,0,0,0,0,0,0,0,0,0,0,0,0,0,0,0,0,0,0,0,0,0,0,0,0,0,0,0,0,0,0,0,0,0,0,0,0,0,0,0,0,0,0,0,0,0,0,0,0,0,0,0,0,0,0,0,0,0,0,0,0,0,0,0,0,0,0,0,0,0,0,0
SAL22525,0,0,0,0,0,0,0,0,0,0,0,0,0,0,0,0,0,0,0,3,5,0,4,0,0,0,4,0,0,18,0,0,0,0,0,0,0,0,0,0,0,0,0,0,0,0,0,0,0,0,0,0,0,0,0,0,0,0,0,0,0,0,0,0,0,0,0,0,0,4,8,4,8,0,3,0,4,7,0,39
SAL22526,0,0,0,0,0,0,0,3,0,11,0,4,0,3,5,0,0,0,0,17,7,0,20,7,5,5,5,10,0,60,0,0,0,0,0,0,0,0,0,0,0,0,0,0,0,0,0,0,0,5,0,0,0,0,0,0,0,0,0,0,0,0,0,0,0,0,0,0,0,6,27,39,27,24,12,12,4,13,6,162
SAL22527,0,0,0,0,0,0,0,0,0,0,0,0,0,0,0,0,0,0,0,0,0,0,0,0,0,0,0,0,0,0,0,0,0,0,0,0,0,0,0,0,0,0,0,0,0,0,0,0,0,0,0,0,0,0,0,0,0,0,0,0,0,0,0,0,0,0,0,0,0,0,0,0,0,0,0,0,0,0,0,0
SAL22528,0,3,0,4,5,0,0,0,0,20,18,5,9,15,3,0,6,8,0,66,44,10,79,37,25,13,29,36,3,276,0,0,0,0,0,4,3,6,0,16,4,0,0,3,0,0,0,4,0,13,0,0,0,0,0,4,0,0,0,3,10,0,5,4,0,6,0,4,3,24,86,86,93,78,45,39,38,61,12,534
SAL22529,0,0,0,0,0,0,0,0,0,0,0,0,0,0,0,0,0,0,0,0,0,0,0,0,0,0,0,0,0,0,0,0,0,0,0,0,0,0,0,0,0,0,0,0,0,0,0,0,0,0,0,0,0,0,0,0,0,0,0,0,0,0,0,0,0,0,0,0,0,0,0,0,0,0,0,0,0,0,0,4
SAL22530,0,0,0,0,0,0,0,0,0,4,0,0,0,0,0,0,0,0,0,3,4,0,0,0,0,0,0,0,0,4,0,0,0,0,0,0,0,0,0,0,0,0,0,0,0,0,0,0,0,0,0,0,0,0,0,0,0,0,0,0,0,0,0,0,0,0,0,0,0,0,9,8,0,3,0,0,0,0,0,22
SAL22531,0,0,0,0,0,0,0,0,0,9,3,0,0,0,5,0,0,4,0,11,3,0,14,5,3,0,4,3,0,34,0,0,0,0,0,0,0,0,0,0,0,0,0,0,0,0,0,0,0,0,0,0,0,0,0,0,0,0,0,0,0,0,0,0,0,0,0,0,0,0,23,20,21,4,15,3,4,0,6,88
SAL22532,3,0,0,0,0,0,0,0,0,3,0,0,0,0,0,0,0,0,0,0,0,0,0,0,0,0,0,0,0,3,0,0,0,0,0,0,0,0,0,0,0,0,0,0,0,0,0,0,0,0,0,0,0,0,0,0,0,0,0,0,0,0,0,0,0,0,0,0,0,0,6,7,0,0,0,0,0,0,0,10
SAL22533,6,0,0,0,0,0,0,0,0,9,0,0,0,0,0,0,0,0,0,7,12,0,11,0,3,0,0,0,0,33,0,0,0,0,0,0,0,0,0,0,0,0,0,0,4,0,0,0,0,10,0,0,0,0,0,0,0,0,0,0,0,0,0,0,0,0,0,0,0,4,28,21,13,5,13,4,3,0,6,91
SAL22534,7,6,0,0,0,0,0,0,0,13,5,8,0,12,4,0,4,4,0,31,22,4,66,14,5,0,6,11,4,126,0,0,0,0,0,0,0,0,0,7,0,0,0,3,0,0,0,0,0,7,0,0,0,0,0,0,0,0,0,0,0,0,0,4,0,0,0,0,0,12,48,73,70,36,20,3,10,23,9,294
SAL22535,0,0,0,0,0,0,0,0,0,9,0,0,0,0,0,0,0,0,0,5,6,0,9,0,0,0,0,3,0,17,0,0,0,0,0,0,0,0,0,0,0,0,0,0,0,0,0,0,0,3,0,0,0,0,0,0,0,0,0,0,0,0,0,0,0,0,0,0,0,0,14,8,10,0,7,0,3,6,0,49
SAL22536,0,4,0,0,0,0,0,0,0,4,0,0,0,0,6,0,0,4,0,13,9,0,29,3,4,0,5,3,3,52,0,0,0,0,0,0,0,0,0,6,0,0,0,0,4,0,0,0,0,4,0,0,0,0,0,0,0,0,0,0,0,0,0,0,0,0,0,0,0,4,21,27,37,5,15,0,5,9,6,123
SAL22537,6,4,0,0,3,0,0,0,0,20,4,4,3,13,0,0,0,0,0,33,14,0,47,11,9,0,14,13,0,109,0,0,0,0,0,0,0,0,0,0,5,0,0,0,0,0,0,0,0,9,0,0,0,0,0,0,0,0,0,0,0,0,0,0,0,0,0,0,0,6,35,52,56,29,30,12,10,17,4,250
SAL22538,0,0,0,0,0,0,0,0,0,0,0,0,0,0,0,0,0,0,0,8,3,0,12,5,0,0,3,3,0,26,0,0,0,0,0,0,0,0,0,4,0,0,0,0,0,0,0,0,0,4,0,0,0,0,0,0,0,0,0,0,0,0,0,0,0,0,0,0,0,0,8,16,17,8,5,0,3,5,0,62
SAL22539,0,0,0,0,0,0,0,0,0,0,0,0,0,0,0,0,0,0,0,0,0,0,0,0,0,0,0,0,0,0,0,0,0,0,0,0,0,0,0,0,0,0,0,0,0,0,0,0,0,0,0,0,0,0,0,0,0,0,0,0,0,0,0,0,0,0,0,0,0,0,0,0,0,0,0,0,0,0,0,0
SAL22540,0,0,0,0,0,0,0,0,0,0,3,0,0,0,0,0,0,0,0,3,0,0,0,0,0,0,0,0,0,5,0,0,0,0,0,0,0,0,0,0,0,0,0,0,0,0,0,0,0,0,0,0,0,0,0,0,0,0,0,0,0,0,0,0,0,0,0,0,0,0,3,0,0,0,0,0,0,0,0,8
SAL22541,0,0,0,0,0,0,0,0,0,0,0,0,0,0,0,0,0,0,0,0,3,0,3,0,0,0,0,0,0,9,0,0,0,0,0,0,0,0,0,0,0,0,0,0,0,0,0,0,0,0,0,0,0,0,0,0,0,0,0,0,0,0,0,0,0,0,0,0,3,6,6,7,3,8,3,0,0,3,3,33
SAL22542,0,0,0,0,0,0,0,0,0,0,0,0,0,0,0,0,0,0,0,0,0,0,0,0,0,0,0,0,0,0,0,0,0,0,0,0,0,0,0,0,0,0,0,0,0,0,0,0,0,0,0,0,0,0,0,0,0,0,0,0,0,0,0,0,0,0,0,0,0,0,0,0,0,0,0,0,0,0,0,0
SAL22543,4,5,0,0,3,0,0,0,0,18,0,7,4,11,9,4,0,0,0,28,12,0,79,20,18,6,14,22,0,180,0,0,0,5,4,0,3,0,0,8,0,0,0,0,3,0,5,0,0,8,0,0,0,0,0,0,0,0,0,0,0,3,0,0,0,5,6,0,0,13,33,68,87,43,37,16,27,24,0,333
SAL22544,3,0,0,3,0,3,0,0,0,8,3,4,0,7,0,0,0,0,0,21,15,7,24,13,4,0,0,17,0,80,0,0,0,3,0,0,0,4,0,3,0,0,0,0,0,0,0,0,0,0,0,0,0,0,0,0,0,0,0,0,3,0,0,3,0,0,0,0,3,10,29,43,28,36,10,9,6,23,0,176
SAL22545,0,0,0,0,3,0,0,0,0,3,0,0,0,0,0,0,0,0,0,3,0,0,4,0,0,0,0,0,0,8,0,0,0,0,0,0,0,0,0,0,0,0,0,0,0,0,0,0,0,0,0,0,0,0,0,0,0,0,0,0,0,0,0,0,0,0,0,0,0,0,6,9,4,4,6,4,3,0,0,30
SAL22546,4,3,5,7,10,0,3,0,0,34,6,4,3,13,14,3,3,0,0,59,32,4,122,30,26,19,27,24,6,286,0,0,3,0,0,4,0,0,0,13,0,0,0,4,3,0,0,0,0,16,0,0,0,0,0,0,0,0,0,3,0,0,0,3,0,0,0,0,7,18,63,79,138,71,62,27,39,41,8,527
SAL22547,78,77,20,19,39,22,3,3,10,268,72,74,19,38,49,43,0,14,10,308,63,24,82,51,51,22,3,23,11,325,7,0,4,8,3,8,0,5,0,31,28,11,4,5,18,11,0,3,4,87,10,24,0,4,5,4,0,0,5,57,26,34,0,6,22,7,0,6,17,118,1313,2499,201,243,569,330,30,84,142,5417
SAL22548,4,0,0,0,0,0,0,0,0,6,0,0,0,0,0,0,0,4,0,10,7,6,14,10,4,0,0,8,5,56,0,0,0,0,0,0,0,0,0,0,0,0,0,0,0,0,0,0,0,4,0,0,0,0,0,0,0,0,0,0,0,0,0,0,0,0,0,0,0,8,16,31,18,15,10,3,0,13,6,114
SAL22549,0,0,0,0,0,0,0,0,0,0,0,0,0,0,0,0,0,0,0,0,0,0,0,0,0,0,0,0,0,0,0,0,0,0,0,0,0,0,0,0,0,0,0,0,0,0,0,0,0,0,0,0,0,0,0,0,0,0,0,0,0,0,0,0,0,0,0,0,0,0,0,0,0,0,0,0,0,0,0,0
SAL22550,14,15,9,7,10,3,0,6,0,55,16,17,12,28,22,7,5,14,0,114,42,14,160,66,22,12,23,35,5,387,4,4,0,9,0,4,0,3,0,28,5,7,3,11,0,4,0,0,0,30,0,0,4,0,5,0,0,0,0,8,5,0,5,4,0,0,5,4,0,22,128,200,208,144,72,48,31,74,4,910
SAL22551,104,117,45,85,71,23,9,11,6,485,134,132,91,150,118,50,5,28,4,712,263,95,707,180,192,110,53,114,26,1743,3,5,5,8,17,17,0,5,0,66,15,21,8,18,25,23,8,10,0,134,9,13,0,7,6,4,0,0,0,39,13,23,8,15,13,14,0,7,17,118,1347,2601,993,779,721,375,105,243,90,7248
SAL22552,0,0,0,0,0,0,0,0,0,0,0,0,0,0,0,0,0,0,0,0,5,0,0,0,0,0,0,0,0,10,0,0,0,0,0,0,0,0,0,0,0,0,0,0,0,0,0,0,0,0,0,0,0,0,0,0,0,0,0,0,0,0,0,0,0,0,0,0,0,0,0,0,0,3,0,0,0,0,0,9
SAL22553,4,0,0,0,0,0,0,0,0,8,0,0,0,0,0,0,0,0,0,6,11,0,13,3,6,0,8,9,0,50,0,0,0,0,0,0,0,0,0,0,0,0,0,0,0,0,0,0,0,0,0,0,0,0,0,0,0,0,0,0,0,0,0,0,0,0,0,0,0,7,23,15,17,6,5,0,9,13,0,90
SAL22554,0,0,0,0,0,0,0,0,0,0,0,0,0,0,0,0,0,0,0,0,0,0,0,0,0,0,3,0,0,7,0,0,0,0,0,0,0,0,0,0,0,0,0,0,0,0,0,0,0,0,0,0,0,0,0,0,0,0,0,0,0,0,0,0,0,0,0,0,0,0,9,3,0,0,0,0,3,4,0,20
SAL22555,0,0,0,0,0,0,0,0,0,0,0,0,0,0,0,0,0,0,0,0,0,0,0,0,0,0,0,0,0,5,0,0,0,0,0,0,0,0,0,0,0,0,0,0,0,0,0,0,0,0,0,0,0,0,0,0,0,0,0,0,0,0,0,0,0,0,0,0,0,0,0,0,0,3,0,0,0,0,0,6
SAL22556,0,0,0,0,0,0,0,0,0,0,0,0,0,0,0,0,0,0,0,0,0,0,0,0,0,0,0,0,0,0,0,0,0,0,0,0,0,0,0,0,0,0,0,0,0,0,0,0,0,0,0,0,0,0,0,0,0,0,0,0,0,0,0,0,0,0,0,0,0,0,0,0,0,0,0,0,0,0,0,5
SAL22557,0,0,0,0,0,0,0,0,0,0,0,0,0,0,0,0,0,0,0,0,0,0,0,0,0,0,0,0,0,0,0,0,0,0,0,0,0,0,0,0,0,0,0,0,0,0,0,0,0,0,0,0,0,0,0,0,0,0,0,0,0,0,0,0,0,0,0,0,0,0,0,0,0,0,0,0,0,0,0,0
SAL22558,0,0,0,0,0,0,0,0,0,0,0,0,0,0,0,0,0,0,0,0,0,0,3,0,0,0,0,0,0,9,0,0,0,0,0,0,0,0,0,0,0,0,0,0,0,0,0,0,0,0,0,0,0,0,0,0,0,0,0,0,0,0,0,0,0,0,0,0,0,0,4,4,3,0,0,0,0,0,0,18
SAL22559,3,0,0,0,0,0,0,0,0,3,0,0,0,0,0,0,0,0,0,0,0,0,0,0,0,0,0,0,0,0,0,0,0,0,0,0,0,0,0,0,0,0,0,0,0,0,0,0,0,0,0,0,0,0,0,0,0,0,0,0,0,0,0,0,0,0,0,0,0,0,5,0,0,0,0,0,0,0,0,6
SAL22560,0,0,0,0,0,0,0,0,0,0,0,0,0,0,0,0,0,0,0,0,0,0,0,0,0,0,0,0,0,0,0,0,0,0,0,0,0,0,0,0,0,0,0,0,0,0,0,0,0,0,0,0,0,0,0,0,0,0,0,0,0,0,0,0,0,0,0,0,0,0,0,0,0,0,0,0,0,0,0,7
SAL22561,0,0,0,0,0,0,0,0,0,0,0,0,0,0,0,0,0,0,0,0,0,0,0,0,0,0,0,0,0,0,0,0,0,0,0,0,0,0,0,0,0,0,0,0,0,0,0,0,0,0,0,0,0,0,0,0,0,0,0,0,0,0,0,0,0,0,0,0,0,0,0,0,0,0,0,0,0,0,0,0
SAL22562,0,0,0,0,0,0,0,0,0,0,0,0,0,0,0,0,0,0,0,3,0,0,3,0,0,0,5,0,0,10,0,0,0,0,0,0,0,0,0,0,0,0,0,0,0,0,0,0,0,0,0,0,0,0,0,0,0,0,0,0,0,0,0,0,0,0,0,0,0,0,9,14,3,4,0,0,5,4,4,38
SAL22563,0,0,0,0,0,0,0,0,0,9,0,0,0,0,0,0,0,0,0,9,9,0,10,4,0,0,0,0,0,21,0,0,0,0,0,0,0,0,0,0,0,0,0,0,0,4,0,0,0,3,0,0,0,0,0,0,0,0,0,0,0,0,0,0,0,0,0,0,0,0,11,4,13,3,0,4,0,0,0,45
SAL22564,0,0,0,0,0,0,0,0,0,0,0,0,0,0,0,0,0,0,0,0,5,0,0,0,0,0,0,0,0,5,0,0,0,0,0,0,0,0,0,0,0,0,0,0,0,0,0,0,0,0,0,0,0,0,0,0,0,0,0,0,0,0,0,0,0,0,0,0,0,0,6,0,0,0,4,0,0,0,0,12
SAL22565,8,15,3,6,11,3,4,0,0,60,31,20,11,34,24,3,0,6,0,135,62,20,197,76,64,30,57,61,3,565,6,0,0,4,10,3,3,4,0,30,8,0,0,14,9,0,6,3,0,34,0,4,0,0,8,0,0,0,0,11,0,3,3,3,6,0,3,3,0,23,162,309,228,180,145,49,72,95,12,1260
SAL22566,3,0,3,0,0,0,0,0,0,12,4,8,3,3,4,0,0,0,0,23,9,5,25,4,8,0,9,6,0,69,0,0,0,0,0,3,0,0,0,5,0,0,0,4,3,0,0,0,0,10,0,0,0,0,0,0,0,0,0,5,3,0,0,0,0,0,3,0,0,6,25,22,32,23,16,5,6,9,0,141
SAL22567,8,0,0,0,0,0,0,0,0,8,4,3,6,0,5,0,0,0,0,13,11,0,4,5,0,0,4,0,0,36,0,0,0,0,0,0,0,0,0,3,0,0,0,0,0,0,0,0,0,6,0,0,0,0,0,0,0,0,0,0,0,0,0,0,0,0,0,0,0,6,26,25,14,14,11,10,7,0,0,105
SAL22568,3,0,0,0,0,0,0,0,0,3,0,0,0,0,0,0,0,0,0,5,4,0,0,0,0,0,0,0,0,12,0,0,0,0,0,0,0,0,0,0,0,0,0,0,0,0,0,0,0,0,0,0,0,0,0,0,0,0,0,0,0,0,0,0,0,0,0,0,0,0,10,4,0,0,0,0,0,0,0,23
SAL22569,63,108,43,83,70,13,6,8,10,395,142,183,83,264,183,48,21,36,20,977,300,154,1232,467,451,187,294,359,54,3500,12,12,19,30,42,24,10,20,5,164,18,8,3,33,39,15,16,21,0,151,7,18,8,5,3,3,0,9,0,58,24,26,21,30,22,13,14,24,10,183,863,2384,1511,1112,1043,376,384,515,123,8312
SAL22570,4,8,8,4,10,3,0,0,0,28,10,11,6,17,23,4,0,0,0,71,32,11,103,19,34,16,29,10,5,261,0,0,0,0,4,0,5,6,0,11,5,0,0,4,0,6,0,0,0,9,0,0,0,0,0,0,0,0,0,0,4,3,4,0,3,0,0,0,0,18,92,179,132,60,84,25,31,15,13,640
SAL22571,0,6,0,0,3,0,0,0,0,13,0,7,6,4,6,0,0,0,0,20,5,0,41,13,11,4,8,10,0,90,0,0,0,0,0,0,0,0,0,0,0,0,0,0,4,0,0,0,0,9,0,0,0,0,0,0,0,0,0,0,0,0,0,0,0,0,0,0,0,6,20,60,47,30,26,4,6,11,0,198
SAL22572,10,10,9,7,8,3,0,0,3,44,5,15,9,20,9,4,3,3,0,66,11,12,19,22,16,8,3,4,0,88,0,0,0,6,0,0,0,0,0,9,0,0,0,4,8,0,0,0,0,16,0,0,0,0,0,0,0,0,0,11,0,7,0,3,0,0,0,0,4,10,141,491,67,119,134,47,25,39,24,1099
SAL22573,0,0,0,0,0,0,0,0,0,5,0,0,0,0,5,0,0,0,0,9,3,0,7,0,3,0,0,5,0,25,0,0,0,0,0,0,0,0,0,0,0,0,0,0,0,0,0,0,0,0,0,0,0,0,0,0,0,0,0,0,0,0,0,0,0,0,0,0,0,0,14,17,7,0,10,0,0,5,0,50
SAL22574,0,0,0,0,0,0,0,0,0,3,0,0,0,0,0,0,0,0,0,0,7,0,8,0,0,0,0,0,0,12,0,0,0,0,0,0,0,0,0,0,0,0,0,0,0,0,0,0,0,0,0,0,0,0,0,0,0,0,0,0,0,0,0,0,0,0,0,0,0,0,12,11,8,0,0,0,3,0,0,32
SAL22575,0,0,0,0,0,0,0,0,0,3,0,0,0,0,0,0,0,0,0,0,6,0,0,0,0,0,0,0,0,6,0,0,0,0,0,0,0,0,0,0,0,0,0,0,0,0,0,0,0,0,0,0,0,0,0,0,0,0,0,0,0,0,0,0,0,0,0,0,0,0,7,0,0,3,0,0,0,0,0,8
SAL22576,0,0,0,0,0,0,0,0,0,0,0,0,0,0,0,0,0,0,0,7,0,0,0,0,0,0,0,0,0,0,0,0,0,0,0,0,0,0,0,0,0,0,0,0,0,0,0,0,0,0,0,0,0,0,0,0,0,0,0,0,0,0,0,0,0,0,0,0,0,0,4,13,6,0,4,0,0,0,0,25
SAL22577,11,6,5,5,4,0,0,3,0,31,8,11,8,12,5,0,0,0,0,43,23,12,35,14,4,0,7,12,0,112,0,0,0,0,5,0,0,0,0,5,0,6,0,0,3,0,4,0,0,9,0,0,0,0,0,0,0,0,0,6,0,0,0,0,3,0,0,0,3,12,95,146,65,52,41,12,12,24,12,452
SAL22578,0,0,0,0,0,0,0,0,0,6,0,0,0,0,0,0,0,0,0,7,7,0,12,4,0,0,0,0,0,26,0,0,0,0,0,0,0,0,0,0,0,0,0,0,0,0,0,0,0,4,0,0,0,0,0,0,0,0,0,0,0,0,0,0,0,0,0,0,0,0,14,23,13,12,3,0,0,3,0,76
SAL22579,3,0,0,0,0,0,0,0,0,3,4,0,0,4,0,0,0,0,0,3,0,4,4,0,6,3,0,4,0,28,0,0,0,0,0,0,0,0,0,0,0,0,0,0,0,0,0,0,0,0,0,0,0,0,0,0,0,0,0,0,0,0,0,0,0,0,0,0,0,0,9,7,6,6,6,3,0,5,0,47
SAL22580,0,0,0,0,0,0,0,0,0,0,0,0,0,0,0,0,0,0,0,0,11,0,0,6,0,0,4,6,0,30,0,0,0,0,0,0,0,0,0,3,0,0,0,0,0,0,0,0,0,0,0,0,0,0,0,0,0,0,0,0,0,0,0,0,0,0,0,0,0,0,16,0,0,6,4,3,4,11,0,45
SAL22581,0,0,0,0,0,0,0,0,0,0,0,0,0,0,0,0,0,0,0,0,0,0,9,0,0,0,0,0,0,11,0,0,0,0,0,0,0,0,0,0,0,0,0,0,0,0,0,0,0,0,0,0,0,0,0,0,0,0,0,0,0,0,0,0,0,0,0,0,0,0,3,3,9,0,0,0,0,3,0,17
SAL22582,58,73,103,75,80,41,101,67,13,604,140,95,245,401,209,96,314,124,40,1666,105,55,495,288,177,77,292,173,37,1707,7,5,4,11,13,7,24,9,4,82,16,14,27,49,25,9,39,26,4,210,12,27,28,22,15,10,26,16,3,160,24,36,31,36,27,18,58,48,76,339,1321,3350,1429,1668,1697,716,1600,828,349,12955
SAL22583,0,0,0,0,0,0,0,0,0,0,0,0,0,0,0,0,0,0,0,6,0,0,0,0,0,0,0,0,0,0,0,0,0,0,0,0,0,0,0,0,0,0,0,0,0,0,0,0,0,0,0,0,0,0,0,0,0,0,0,0,0,0,0,0,0,0,0,0,0,0,5,0,0,0,0,0,0,0,0,4
SAL22584,7,0,0,0,0,0,0,0,0,5,4,0,0,0,7,0,0,0,0,12,15,0,13,0,4,0,0,4,0,40,0,0,0,0,0,0,0,0,0,4,0,0,0,0,4,0,0,0,0,10,0,0,0,0,0,0,0,0,0,0,0,0,0,0,0,0,0,0,0,0,37,24,20,3,18,8,5,10,0,115
SAL22585,0,0,0,0,0,0,0,0,0,0,0,0,0,0,0,0,0,0,0,0,0,0,0,0,0,0,0,0,0,0,0,0,0,0,0,0,0,0,0,0,0,0,0,0,0,0,0,0,0,0,0,0,0,0,0,0,0,0,0,0,0,0,0,0,0,0,0,0,0,0,0,0,0,0,0,0,0,0,0,0
SAL22586,18,16,19,23,28,11,6,8,4,130,37,21,26,56,44,21,18,14,3,244,51,17,241,92,67,39,65,64,9,645,3,0,6,11,8,6,5,5,0,43,10,3,6,10,18,7,5,6,0,55,4,5,0,0,0,0,4,3,0,16,3,6,4,11,11,9,3,4,6,62,249,469,334,268,287,125,137,124,34,2015
SAL22587,0,0,0,0,0,0,0,0,0,4,0,0,0,5,0,3,0,0,0,8,6,0,11,15,0,7,5,7,0,51,0,0,0,0,0,0,0,0,0,3,0,0,0,0,0,0,0,0,0,3,0,0,0,0,0,0,0,0,0,0,0,0,0,0,0,0,0,3,0,8,15,10,11,21,0,6,9,11,0,95
SAL22588,0,0,0,0,0,0,0,0,0,0,0,0,0,0,0,0,0,0,0,0,0,0,0,0,0,0,0,0,0,0,0,0,0,0,0,0,0,0,0,0,0,0,0,0,0,0,0,0,0,0,0,0,0,0,0,0,0,0,0,0,0,0,0,0,0,0,0,0,0,0,0,0,0,0,0,0,0,0,0,3
SAL22589,0,0,0,0,0,0,0,0,0,0,0,0,0,0,0,0,0,0,0,0,4,0,0,0,0,0,0,0,0,7,0,0,0,0,0,0,0,0,0,0,0,0,0,0,0,0,0,0,0,0,0,0,0,0,0,0,0,0,0,0,0,0,0,0,0,0,0,0,0,0,5,0,0,0,0,0,0,0,0,10
SAL22590,0,0,0,0,0,0,0,0,0,0,0,0,0,0,0,0,0,0,0,0,0,0,0,0,0,0,0,0,0,0,0,0,0,0,0,0,0,0,0,0,0,0,0,0,0,0,0,0,0,0,0,0,0,0,0,0,0,0,0,0,0,0,0,0,0,0,0,0,0,0,0,0,0,0,0,0,0,0,0,0
SAL22591,0,0,0,0,0,0,0,0,0,0,0,0,0,0,0,0,0,0,0,3,0,0,4,0,0,0,0,0,0,5,0,0,0,0,0,0,0,0,0,0,0,0,0,0,0,0,0,0,0,0,0,0,0,0,0,0,0,0,0,0,0,0,0,0,0,0,0,0,0,0,3,3,9,0,0,3,0,0,0,14
SAL22592,0,0,0,0,0,0,0,0,0,0,0,0,0,0,0,0,0,0,0,0,0,0,0,0,0,0,0,0,0,0,0,0,0,0,0,0,0,0,0,0,0,0,0,0,0,0,0,0,0,0,0,0,0,0,0,0,0,0,0,0,0,0,0,0,0,0,0,0,0,0,0,0,0,0,0,0,0,0,0,8
SAL22593,0,0,0,0,0,0,0,0,0,0,0,0,0,3,0,0,0,0,0,0,0,0,10,0,0,0,0,0,0,12,0,0,0,0,0,0,0,0,0,0,0,0,0,0,0,0,0,0,0,0,0,0,0,0,0,0,0,0,0,0,0,0,0,0,0,0,0,0,0,0,3,0,10,9,3,0,0,3,0,24
SAL22594,26,18,13,18,18,5,6,4,0,99,20,35,17,27,28,11,0,11,0,145,59,30,222,64,49,25,32,53,6,532,4,0,4,6,5,6,0,4,0,22,3,3,3,4,10,6,5,3,0,34,0,4,4,0,0,0,0,0,0,8,7,8,0,6,0,4,0,5,3,27,164,282,277,154,129,57,48,85,9,1211
SAL22595,0,0,0,0,0,0,0,0,0,0,0,0,0,0,0,0,0,0,0,0,0,0,0,0,0,0,0,0,0,0,0,0,0,0,0,0,0,0,0,0,0,0,0,0,0,0,0,0,0,0,0,0,0,0,0,0,0,0,0,0,0,0,0,0,0,0,0,0,0,0,0,0,0,0,0,0,0,0,0,0
SAL22596,4,6,0,3,3,0,0,0,0,15,8,7,4,13,8,0,0,5,0,45,13,16,65,19,16,3,26,12,4,174,0,0,0,0,3,0,0,0,0,7,0,0,0,0,5,0,0,0,0,7,0,0,0,0,0,0,0,0,0,0,0,0,0,0,0,4,0,4,4,8,41,68,75,35,48,13,29,18,9,331
SAL22597,3,3,0,3,0,0,0,3,0,20,0,9,3,3,9,4,0,0,0,34,8,4,22,12,8,0,9,6,0,75,0,0,0,3,0,0,3,0,0,7,0,0,0,0,0,0,0,0,0,6,0,0,0,0,0,0,0,0,0,3,0,0,0,7,0,0,0,0,0,11,50,61,28,48,23,8,11,16,0,251
SAL22598,0,3,5,0,0,0,0,0,0,12,4,3,3,3,5,3,0,0,0,18,6,0,38,3,7,4,5,7,0,81,0,0,0,0,0,0,0,0,0,3,0,0,0,0,0,0,0,6,0,5,0,0,0,0,0,0,0,0,0,0,0,0,0,0,0,0,0,0,0,7,20,32,44,14,16,10,9,17,0,167
SAL22599,4,0,0,0,5,0,0,0,0,8,4,4,3,0,0,3,0,0,0,20,11,0,30,3,6,5,3,6,0,65,0,0,0,0,0,0,0,0,0,3,0,0,0,0,0,0,3,0,0,9,0,0,0,0,3,0,0,0,0,3,0,0,0,0,0,0,0,0,0,0,31,32,37,17,19,9,3,7,3,158
SAL22600,0,0,0,0,0,0,0,0,0,0,0,5,0,0,0,0,0,0,0,3,5,0,10,4,3,4,3,5,0,28,0,0,0,0,0,0,0,0,0,0,0,0,0,0,0,0,0,0,0,0,0,0,0,0,0,0,0,0,0,0,0,0,0,0,0,0,0,0,0,4,9,3,7,10,3,8,4,5,0,48
SAL22601,0,0,0,0,0,0,0,0,0,9,0,0,0,3,0,0,0,0,0,5,3,0,9,3,5,4,0,12,0,41,0,0,0,0,0,0,0,0,0,4,0,0,0,0,0,0,0,0,0,0,0,0,0,0,0,0,0,0,0,0,0,0,0,0,0,0,0,0,0,0,12,9,13,12,13,3,0,14,0,74
SAL22602,0,0,0,0,0,0,0,0,0,7,0,0,0,6,0,0,0,0,0,5,11,0,9,0,0,0,7,4,0,30,0,0,0,0,0,0,0,0,0,5,4,0,0,0,0,0,0,0,0,4,0,0,0,0,0,0,0,0,0,0,0,0,0,0,0,0,0,0,0,4,30,20,10,4,5,0,8,7,0,84
SAL22603,0,0,0,0,0,0,0,0,0,0,0,0,0,0,0,0,0,0,0,0,0,0,0,0,0,0,0,0,0,3,0,0,0,0,0,0,0,0,0,0,0,0,0,0,0,0,0,0,0,0,0,0,0,0,0,0,0,0,0,0,0,0,0,0,0,0,0,0,0,0,3,0,0,0,0,0,0,0,0,5
SAL22604,0,0,0,0,0,0,0,0,0,0,0,0,0,0,0,0,0,0,0,0,0,0,0,0,0,0,0,0,0,0,0,0,0,0,0,0,0,0,0,0,0,0,0,0,0,0,0,0,0,0,0,0,0,0,0,0,0,0,0,0,0,0,0,0,0,0,0,0,0,0,3,4,0,0,0,0,0,0,0,8
SAL22605,0,0,0,0,0,0,0,0,0,0,0,0,0,0,0,0,0,0,0,0,4,0,0,0,0,0,0,0,0,4,0,0,0,0,0,0,0,0,0,0,0,0,0,0,0,0,0,0,0,0,0,0,0,0,0,0,0,0,0,0,0,0,0,0,0,0,0,0,0,0,4,0,0,0,0,0,0,0,0,4
SAL22606,0,0,0,0,0,0,0,0,0,0,0,0,0,0,0,0,0,0,0,0,0,0,0,0,0,0,0,0,0,0,0,0,0,0,0,0,0,0,0,0,0,0,0,0,0,0,0,0,0,0,0,0,0,0,0,0,0,0,0,0,0,0,0,0,0,0,0,0,0,0,3,0,0,0,0,0,0,0,0,7
SAL22607,0,0,0,0,0,0,0,0,0,4,0,0,0,0,0,0,0,0,0,0,4,0,3,0,0,0,0,0,0,6,0,0,0,0,0,0,0,0,0,0,0,0,0,0,0,0,0,0,0,0,0,0,0,0,0,0,0,0,0,0,0,0,0,0,0,0,0,0,0,0,9,4,0,0,5,0,5,0,0,19
SAL22608,0,0,0,0,0,0,0,0,0,4,0,0,0,0,0,0,0,0,0,0,3,0,0,0,0,0,3,0,0,15,0,0,0,0,0,0,0,0,0,0,0,0,0,0,0,0,0,0,0,0,0,0,0,0,0,0,0,0,0,0,0,0,0,0,0,0,0,0,0,0,8,8,0,3,0,0,3,0,0,28
SAL22609,0,0,0,0,0,0,0,0,0,0,0,0,0,0,0,0,0,0,0,0,0,0,0,0,0,0,0,0,0,0,0,0,0,0,0,0,0,0,0,0,0,0,0,0,0,0,0,0,0,0,0,0,0,0,0,0,0,0,0,0,0,0,0,0,0,0,0,0,0,0,0,0,0,0,0,0,0,0,0,0
SAL22610,0,0,0,0,0,0,0,0,0,0,0,0,0,0,0,0,0,0,0,0,0,0,0,0,0,0,0,0,0,0,0,0,0,0,0,0,0,0,0,0,0,0,0,0,0,0,0,0,0,0,0,0,0,0,0,0,0,0,0,0,0,0,0,0,0,0,0,0,0,0,0,0,0,0,3,0,0,0,0,7
SAL22611,6,0,0,0,3,0,0,0,0,7,8,0,0,5,0,0,0,0,0,8,16,0,18,9,3,0,5,3,0,56,0,0,0,0,0,0,0,0,0,4,4,0,0,0,0,0,0,0,0,4,0,0,0,0,0,0,0,0,0,3,3,0,0,0,0,0,0,0,0,6,35,13,19,19,18,0,10,10,0,123
SAL22612,0,0,0,0,0,0,0,0,0,4,0,0,0,0,0,0,0,0,0,3,9,0,9,6,3,0,0,4,0,23,0,0,0,0,0,0,0,0,0,0,0,0,0,0,0,0,0,0,0,0,0,0,0,0,0,0,0,0,0,0,0,0,0,0,0,0,0,0,0,4,12,6,9,9,5,0,0,4,0,47
SAL22613,3,0,0,0,0,0,0,0,0,3,0,0,0,0,0,0,0,0,0,5,0,0,0,0,0,0,0,0,0,4,0,0,0,0,0,0,0,0,0,0,0,0,0,0,0,0,0,0,0,0,0,0,0,0,0,0,0,0,0,0,0,0,0,0,0,0,0,0,0,0,3,8,9,3,0,0,0,0,0,20
SAL22614,15,22,8,25,3,3,3,5,0,85,31,32,20,37,15,9,3,7,0,147,37,29,167,54,38,22,28,28,8,401,0,0,0,3,0,3,0,3,0,17,3,4,0,5,5,5,3,3,0,36,0,7,0,0,0,0,0,0,0,10,0,0,4,3,4,0,4,5,6,28,193,440,217,168,120,57,42,59,24,1322
SAL22615,4,0,0,0,0,0,0,0,0,6,0,0,0,0,0,0,0,0,0,0,6,0,9,0,0,0,0,6,0,18,0,0,0,0,0,0,0,0,0,0,6,0,0,0,0,0,0,0,0,3,0,0,0,0,0,0,0,0,0,0,3,0,0,0,0,0,0,0,0,4,17,13,10,0,6,0,3,6,0,47
SAL22616,0,0,0,0,0,0,0,0,0,0,0,0,0,0,0,0,0,0,0,3,4,3,0,3,0,0,0,4,0,12,0,0,0,0,0,0,0,0,0,0,0,0,0,0,0,0,0,0,0,5,0,0,0,0,0,0,0,0,0,0,0,0,0,0,0,0,0,0,0,0,14,8,6,11,0,3,0,7,0,42
SAL22617,4,3,0,0,0,0,0,0,0,10,0,0,3,9,5,0,0,0,0,11,7,0,15,4,0,0,3,5,0,43,0,4,0,0,0,0,0,0,0,6,0,0,0,0,0,0,0,0,0,4,0,0,0,0,0,0,0,0,0,0,0,0,0,0,0,0,0,0,0,0,15,34,24,7,10,5,6,5,0,117
SAL22618,0,0,0,0,0,0,0,0,0,0,0,0,0,0,0,0,0,0,0,0,0,0,3,0,0,0,0,0,0,3,0,0,0,0,0,0,0,0,0,0,0,0,0,0,0,0,0,0,0,0,0,0,0,0,0,0,0,0,0,0,0,0,0,0,0,0,0,0,0,0,0,0,3,0,0,0,0,0,0,12
SAL22619,0,0,0,0,0,0,0,0,0,0,0,0,0,0,0,0,0,0,0,0,3,0,0,0,0,0,0,0,0,5,0,0,0,0,0,0,0,0,0,0,0,0,0,0,0,0,0,0,0,0,0,0,0,0,0,0,0,0,0,0,0,0,0,0,0,0,0,0,0,0,6,6,0,0,0,0,0,0,0,14
SAL22620,32,42,27,28,39,4,7,15,3,186,41,72,36,66,39,27,13,13,5,317,100,44,308,100,88,43,45,58,16,800,3,0,0,6,15,9,3,6,0,44,11,3,9,11,12,4,4,0,0,54,0,8,0,0,0,0,0,0,3,13,0,8,7,9,4,0,3,3,20,56,402,952,428,305,307,126,85,123,55,2783
SAL22621,0,0,3,0,0,0,0,0,0,6,0,0,3,0,0,0,0,0,0,6,3,0,8,5,0,0,4,0,0,23,0,0,0,0,0,0,0,0,0,0,0,0,0,0,0,0,0,0,0,6,0,0,0,0,0,0,0,0,0,0,0,0,3,0,0,0,0,0,0,6,10,15,14,5,5,0,4,0,0,50
SAL22622,0,0,0,0,0,0,0,0,0,0,5,0,0,0,0,0,0,0,0,8,0,0,0,0,0,0,0,0,0,0,0,0,0,0,0,0,0,0,0,0,0,0,0,0,0,0,0,0,0,0,0,0,0,0,0,0,0,0,0,0,4,0,0,0,0,0,0,0,0,4,11,0,0,3,0,0,0,0,0,12
SAL22623,0,0,0,0,0,0,0,0,0,0,0,0,0,0,0,0,0,0,0,0,0,0,0,0,0,0,0,0,0,3,0,0,0,0,0,0,0,0,0,0,0,0,0,0,0,0,0,0,0,0,0,0,0,0,0,0,0,0,0,0,0,0,0,0,0,0,0,0,0,0,4,7,0,0,0,3,0,0,0,18
SAL22624,0,0,0,0,0,0,0,0,0,3,5,0,3,0,0,0,0,0,0,7,7,0,13,0,9,6,0,0,0,37,0,0,0,0,0,0,0,0,0,0,0,0,0,0,0,0,0,0,0,0,0,0,0,0,0,0,0,0,0,0,0,0,0,0,0,0,0,0,0,0,12,10,13,4,11,4,0,0,0,60
SAL22625,0,5,0,5,3,0,0,0,0,11,5,8,3,7,7,5,0,3,0,45,18,5,31,11,3,9,4,0,5,89,0,0,0,0,3,4,0,0,0,12,0,0,0,0,0,3,0,0,0,0,4,0,0,0,0,0,0,0,0,7,0,0,0,0,0,0,0,0,0,8,64,84,46,32,25,29,5,15,7,305
SAL22626,0,0,7,0,0,0,0,0,0,14,3,8,0,7,0,5,0,4,0,23,12,8,32,11,7,5,4,3,0,75,0,0,0,0,0,0,0,0,0,0,0,0,0,0,0,0,0,0,0,0,0,0,0,0,0,0,0,0,0,0,0,0,0,0,0,0,0,6,0,6,43,79,41,29,19,13,6,13,0,244
SAL22627,38,46,23,31,26,13,5,13,0,207,62,56,49,74,51,36,8,22,5,365,84,36,229,83,68,20,25,38,13,600,4,0,8,0,3,3,4,10,0,41,11,3,9,12,19,13,5,5,0,76,5,10,0,3,0,0,0,3,3,30,3,9,13,0,7,0,4,6,11,51,671,1578,465,388,508,198,78,138,59,4084
SAL22628,49,61,38,33,43,28,10,14,9,275,55,54,48,64,53,22,14,17,0,337,66,36,180,58,47,40,35,43,8,514,6,0,0,4,3,0,0,8,0,30,4,11,7,16,16,5,4,11,5,89,6,12,0,4,3,3,0,3,0,27,9,5,12,12,7,7,0,3,14,69,655,1594,410,374,538,247,112,160,85,4173
SAL22629,0,0,0,0,0,0,0,0,0,0,0,0,0,0,0,0,0,0,0,3,0,0,3,0,0,0,0,0,0,5,0,0,0,0,0,0,0,0,0,0,0,0,0,0,0,0,0,0,0,0,0,0,0,0,0,0,0,0,0,0,4,0,0,0,0,0,0,0,0,4,7,0,3,0,0,0,0,0,0,11
SAL22630,0,0,0,0,0,0,0,0,0,0,0,0,0,0,0,0,0,0,0,0,0,0,0,0,0,0,0,0,0,4,0,0,0,0,0,0,0,0,0,0,0,0,0,0,0,0,0,0,0,0,0,0,0,0,0,0,0,0,0,0,4,0,0,0,0,0,0,0,0,0,3,3,5,0,0,0,0,0,0,12
SAL22631,0,0,0,0,0,0,0,0,0,0,0,0,0,0,0,0,0,0,0,0,0,0,0,0,0,0,0,0,0,0,0,0,0,0,0,0,0,0,0,0,0,0,0,0,0,0,0,0,0,0,0,0,0,0,0,0,0,0,0,0,0,0,0,0,0,0,0,0,0,0,0,0,0,0,0,0,0,0,0,0
SAL22632,0,0,0,0,0,0,0,0,0,3,0,0,0,0,0,0,0,0,0,0,5,0,0,0,0,0,0,0,0,8,0,0,0,0,0,0,0,0,0,0,0,0,0,0,0,0,0,0,0,0,0,0,0,0,0,0,0,0,0,0,0,0,0,0,0,0,0,0,0,3,14,0,0,0,0,0,0,4,0,19
SAL22633,30,49,18,20,30,9,5,7,0,163,39,42,15,40,29,9,3,3,0,181,46,25,149,58,44,28,21,32,8,411,0,0,0,3,10,0,0,5,0,17,6,0,0,3,13,9,0,3,0,47,4,4,3,0,8,0,0,0,0,26,0,16,3,5,8,0,5,0,0,51,428,1060,261,215,325,110,54,79,33,2571
SAL22634,0,0,0,0,0,0,0,0,0,0,3,0,0,3,6,0,0,0,0,9,8,0,0,4,0,0,0,3,0,24,0,0,0,0,0,0,0,0,0,0,0,0,0,0,0,0,0,0,0,0,0,0,0,0,0,0,0,0,0,0,0,0,0,0,0,0,0,0,0,3,13,12,0,6,8,3,0,6,0,50
SAL22635,7,0,0,0,3,0,0,0,0,14,0,6,0,5,0,0,0,0,0,17,10,7,22,18,12,8,11,9,5,105,0,0,0,0,0,0,0,0,0,7,0,0,0,4,0,0,0,0,0,9,0,0,0,0,0,0,0,0,0,3,0,0,0,0,0,0,6,0,0,10,46,45,31,32,25,6,12,17,3,222
SAL22636,0,0,0,0,0,0,0,0,0,0,0,0,0,0,0,0,0,0,0,0,0,0,0,4,0,0,0,0,0,3,0,0,0,0,0,0,0,0,0,0,0,0,0,0,0,0,0,0,0,0,0,0,0,0,0,0,0,0,0,0,0,0,0,0,0,0,0,0,0,0,5,3,0,4,0,0,0,0,0,9
SAL22637,4,0,0,0,0,0,0,0,0,4,0,0,0,0,0,0,0,0,0,0,0,0,0,0,0,0,0,0,0,0,0,0,0,0,0,0,0,0,0,0,0,0,0,0,0,0,0,0,0,0,0,0,0,0,0,0,0,0,0,0,0,0,0,0,0,0,0,0,0,0,9,0,0,0,0,0,0,5,0,12
SAL22638,0,0,0,0,0,0,0,0,0,0,0,0,0,0,0,0,0,0,0,5,0,0,0,0,0,0,0,0,0,4,0,0,0,0,0,0,0,0,0,0,0,0,0,0,0,0,0,0,0,0,0,0,0,0,0,0,0,0,0,0,0,0,0,0,0,0,0,0,0,0,0,0,3,3,0,0,0,0,0,9
SAL22639,3,4,0,0,0,0,0,0,0,6,5,0,0,4,0,0,0,0,0,7,21,4,11,6,5,4,12,9,0,68,0,0,0,0,3,4,0,0,0,10,0,0,0,0,0,0,0,0,0,0,0,0,0,0,0,0,0,0,0,0,0,0,0,0,0,0,0,4,0,10,35,16,14,18,9,5,10,18,0,119
SAL22640,0,0,0,0,0,0,0,0,0,0,0,0,0,0,0,0,0,0,0,4,0,0,0,0,0,0,0,0,0,9,0,0,0,0,0,0,0,0,0,0,0,0,0,0,0,0,0,0,0,0,0,0,0,0,0,0,0,0,0,0,0,0,0,0,0,0,0,0,0,0,3,0,0,3,0,0,0,0,0,7
SAL22641,0,0,0,0,0,0,0,0,0,0,0,0,0,0,0,0,0,0,0,0,0,0,0,0,0,0,0,0,0,0,0,0,0,0,0,0,0,0,0,0,0,0,0,0,0,0,0,0,0,0,0,0,0,0,0,0,0,0,0,0,0,0,0,0,0,0,0,0,0,0,0,0,0,0,0,0,0,0,0,0
SAL22642,0,0,0,0,0,0,0,0,0,0,0,0,0,0,0,0,0,0,0,0,0,0,0,0,0,0,0,0,0,0,0,0,0,0,0,0,0,0,0,0,0,0,0,0,0,0,0,0,0,0,0,0,0,0,0,0,0,0,0,0,0,0,0,0,0,0,0,0,0,0,0,0,0,0,0,0,0,0,0,0
SAL22643,0,0,0,0,0,0,0,0,0,0,0,0,0,0,0,0,0,0,0,0,0,0,0,0,0,0,0,4,0,7,0,0,0,0,0,0,0,0,0,0,0,0,0,0,0,0,0,0,0,0,0,0,0,0,0,0,0,0,0,0,4,0,0,0,0,0,0,0,0,4,10,5,0,0,0,0,0,4,0,18
SAL22644,3,7,0,0,5,3,0,0,0,15,4,4,0,5,11,0,0,0,0,27,15,4,61,16,5,4,13,26,0,148,0,0,0,4,0,0,0,5,0,6,0,3,0,0,0,3,4,0,0,10,0,0,0,0,0,0,0,0,0,0,0,0,0,0,0,4,0,0,0,11,37,55,63,30,24,15,22,35,7,290
SAL22645,0,0,0,0,0,0,0,0,0,6,0,0,0,0,0,0,0,0,0,5,7,0,0,0,0,0,0,0,0,9,0,0,0,0,0,0,0,0,0,0,0,0,0,0,0,0,0,0,0,0,0,0,0,0,0,0,0,0,0,0,0,0,0,0,0,0,0,0,0,4,18,5,3,0,0,0,0,0,3,35
SAL22646,0,0,0,0,0,0,0,0,0,4,0,0,0,0,0,0,0,0,0,0,0,0,0,0,0,0,0,0,0,6,0,0,0,0,0,0,0,0,0,0,0,0,0,0,0,0,0,0,0,0,0,0,0,0,0,0,0,0,0,0,0,0,0,0,0,0,0,0,0,0,0,5,0,6,0,0,0,0,0,9
SAL22647,0,0,0,0,0,0,0,0,0,0,0,0,0,0,0,0,0,0,0,4,0,0,0,0,0,0,4,0,0,7,0,0,0,0,0,0,0,0,0,0,0,0,0,0,0,0,0,0,0,0,0,0,0,0,0,0,0,0,0,0,0,0,0,0,0,0,0,0,0,0,6,0,0,3,0,0,4,4,0,18
SAL22648,4,0,0,0,0,0,0,0,0,8,0,0,0,0,0,0,0,0,0,0,3,0,0,0,0,0,0,0,0,5,0,0,0,0,0,0,0,0,0,0,0,0,0,0,0,0,0,0,0,0,0,0,0,0,0,0,0,0,0,0,0,0,0,0,0,0,0,0,0,0,12,0,0,0,0,0,0,0,0,19
SAL22649,0,0,0,0,0,0,0,0,0,0,0,0,0,0,0,0,0,0,0,3,0,0,0,0,0,0,0,0,0,9,0,0,0,0,0,0,0,0,0,0,0,0,0,0,0,0,0,0,0,0,0,0,0,0,0,0,0,0,0,0,0,0,0,0,0,0,0,0,0,0,8,4,3,0,3,0,0,0,0,17
SAL22650,0,4,0,6,3,5,0,0,0,19,4,4,4,11,8,0,0,0,0,27,9,0,35,3,13,3,9,7,0,86,0,0,0,0,0,0,0,0,0,0,0,0,0,0,3,0,0,0,0,3,0,0,0,0,0,0,0,0,0,0,0,0,0,0,0,0,0,0,0,5,44,80,42,27,35,10,9,10,0,257
SAL22651,0,0,0,0,0,0,0,0,0,3,0,0,0,0,0,0,0,0,0,0,0,0,0,0,0,0,0,0,0,3,0,0,0,0,0,0,0,0,0,0,0,0,0,0,0,0,0,0,0,0,0,0,0,0,0,0,0,0,0,0,0,0,0,0,0,0,0,0,0,6,3,5,0,0,0,0,0,0,0,12
SAL22652,0,0,0,0,0,0,0,0,0,0,0,0,0,0,0,0,0,0,0,0,0,0,0,0,0,0,0,0,0,0,0,0,0,0,0,0,0,0,0,0,0,0,0,0,0,0,0,0,0,0,0,0,0,0,0,0,0,0,0,0,0,0,0,0,0,0,0,0,0,0,0,0,0,0,0,0,0,0,0,0
SAL22653,0,0,0,0,0,0,0,0,0,0,0,0,0,0,0,0,0,0,0,0,0,0,3,0,0,0,0,3,0,7,0,0,0,0,0,0,0,0,0,3,0,0,0,0,0,0,0,0,0,0,0,0,0,0,0,0,0,0,0,0,0,0,0,0,0,0,0,0,0,0,9,12,3,3,0,0,0,0,0,37
SAL22654,0,0,0,0,0,0,0,0,0,0,0,0,0,0,0,0,0,0,0,0,0,0,0,0,0,0,0,0,0,0,0,0,0,0,0,0,0,0,0,0,0,0,0,0,0,0,0,0,0,0,0,0,0,0,0,0,0,0,0,0,0,0,0,0,0,0,0,0,0,0,0,0,0,0,0,0,0,0,0,0
SAL22655,0,0,0,0,0,0,0,0,0,0,0,0,0,0,0,0,0,0,0,0,0,0,0,0,0,0,0,0,0,0,0,0,0,0,0,0,0,0,0,0,0,0,0,0,0,0,0,0,0,0,0,0,0,0,0,0,0,0,0,0,0,0,0,0,0,0,0,0,0,0,4,0,0,0,0,0,0,0,0,8
SAL22656,0,0,0,0,0,0,0,0,0,0,3,0,0,0,3,0,0,0,0,10,6,0,17,0,5,0,7,0,6,40,0,0,0,0,0,0,0,0,0,0,0,0,0,0,0,0,0,0,0,5,0,0,0,0,0,0,0,0,0,0,0,0,0,0,0,0,0,0,0,3,19,7,20,0,3,6,5,3,6,69
SAL22657,0,0,0,0,0,0,0,0,0,3,0,0,0,4,0,0,0,0,0,4,0,0,0,5,0,0,0,5,0,12,0,0,0,0,0,0,0,0,0,0,0,0,0,0,0,0,0,0,0,0,0,0,0,0,0,0,0,0,0,0,0,0,0,0,0,0,0,0,0,0,7,4,0,8,0,0,0,3,0,29
SAL22658,0,0,0,0,0,0,0,0,0,0,0,0,0,0,0,0,0,0,0,0,0,0,0,0,0,0,0,0,0,0,0,0,0,0,0,0,0,0,0,0,0,0,0,0,0,0,0,0,0,0,0,0,0,0,0,0,0,0,0,0,0,0,0,0,0,0,0,0,0,0,0,0,0,0,0,0,0,0,0,0
SAL22659,0,0,0,0,0,0,0,0,0,0,0,0,0,0,0,0,0,0,0,0,0,0,0,0,0,0,0,0,0,0,0,0,0,0,0,0,0,0,0,0,0,0,0,0,0,0,0,0,0,0,0,0,0,0,0,0,0,0,0,0,0,0,0,0,0,0,0,0,0,0,0,0,0,0,0,0,0,0,0,4
SAL22660,0,0,0,0,0,0,0,0,0,0,0,0,0,0,0,0,0,0,0,0,4,0,0,0,0,0,0,0,0,4,0,0,0,0,0,0,0,0,0,0,0,0,0,0,0,0,0,0,0,0,0,0,0,0,0,0,0,0,0,0,0,0,0,0,0,0,0,0,0,0,0,0,0,0,0,0,0,0,0,4
SAL22661,48,48,30,51,52,16,16,11,3,272,87,68,94,181,111,40,37,27,3,654,159,70,753,264,211,111,186,164,48,1960,11,0,9,10,17,17,9,12,0,97,6,3,15,29,23,13,15,14,0,113,4,3,18,8,7,0,0,0,0,46,10,12,25,19,18,6,3,14,20,125,505,870,1028,741,583,250,328,297,100,4701
SAL22662,0,0,0,0,0,0,0,0,0,0,0,0,0,0,0,0,0,0,0,5,5,0,0,0,0,0,0,0,0,9,0,0,0,0,0,0,0,0,0,0,0,0,0,0,0,0,0,0,0,0,0,0,0,0,0,0,0,0,0,0,0,0,0,0,0,0,0,0,0,0,7,3,0,0,0,0,6,0,0,17
SAL22663,16,7,8,9,5,0,0,0,0,44,10,9,12,6,10,0,0,0,0,37,37,7,68,11,15,8,6,6,3,153,0,0,0,0,4,0,0,0,0,9,6,0,3,0,0,4,0,0,0,15,0,0,0,0,0,0,0,0,0,0,0,0,3,0,0,0,0,0,0,10,130,135,98,40,45,17,6,15,8,490
SAL22664,0,0,0,0,0,0,0,0,0,0,0,0,0,0,0,0,0,0,0,0,0,0,0,0,0,0,0,0,0,5,0,0,0,0,0,0,0,0,0,0,0,0,0,0,0,0,0,0,0,3,0,0,0,0,0,0,0,0,0,0,0,0,0,0,0,0,0,0,0,0,9,0,0,0,0,0,0,0,0,12
SAL22665,0,0,0,0,0,0,0,0,0,5,0,3,0,0,0,5,0,0,0,11,0,0,15,3,0,0,0,3,0,32,0,0,0,0,0,0,0,0,0,3,0,0,0,0,0,0,0,0,0,3,0,0,0,0,0,0,0,0,0,0,0,6,0,0,0,0,0,5,0,6,10,34,21,9,12,5,0,10,5,97
SAL22666,0,0,0,0,0,0,0,0,0,4,0,0,0,0,0,0,0,0,0,3,5,0,3,4,0,0,0,3,0,12,0,0,0,0,0,0,0,0,0,4,0,0,0,0,0,0,0,0,0,4,0,0,0,0,0,0,0,0,0,0,0,0,0,0,0,0,0,5,0,5,11,14,5,8,4,0,0,6,0,53
SAL22667,0,0,0,0,0,0,0,0,0,0,0,0,0,0,0,0,0,0,0,4,5,0,0,4,4,0,0,0,0,16,0,0,0,0,0,0,0,0,0,0,0,0,0,0,0,0,0,0,0,0,0,0,0,0,0,0,0,0,0,0,0,0,0,0,0,0,0,0,0,3,12,10,0,0,6,0,5,0,0,32
SAL22668,0,0,0,0,0,0,0,0,0,5,6,0,0,0,0,0,0,0,0,4,7,0,0,0,5,0,3,4,0,21,0,0,0,0,0,0,0,0,0,0,0,0,0,0,0,0,0,0,0,0,0,0,0,0,0,0,0,0,0,0,0,0,0,0,0,0,0,0,0,3,19,6,0,8,7,0,4,6,0,53
SAL22669,14,19,13,13,6,5,0,0,0,68,30,11,8,12,9,4,0,0,0,81,35,9,76,24,18,7,6,9,4,195,0,0,0,0,0,0,0,0,0,8,0,3,0,0,0,0,0,0,3,9,3,0,0,0,0,0,0,0,0,9,0,3,0,5,6,0,0,3,0,11,171,346,130,84,76,37,20,22,13,898
SAL22670,0,0,0,0,0,0,0,0,0,0,0,0,0,0,0,0,0,0,0,0,0,0,4,0,0,0,0,0,0,11,0,0,0,0,0,0,0,0,0,0,0,0,0,0,0,0,0,0,0,0,0,0,0,0,0,0,0,0,0,0,0,0,0,0,0,0,0,0,0,0,3,6,4,0,0,0,0,0,0,16
SAL22671,5,4,0,0,0,0,0,0,0,13,3,3,3,0,7,0,0,0,0,18,9,0,21,6,4,5,0,8,3,54,0,0,0,0,0,0,0,0,0,5,0,0,0,0,0,0,0,0,0,0,0,0,0,0,0,0,0,0,0,0,0,0,0,0,0,0,0,0,0,0,28,63,28,16,14,7,4,11,6,177
SAL22672,0,0,0,0,4,0,0,0,0,9,0,0,0,3,0,6,0,0,0,17,23,4,26,3,0,0,6,7,0,61,3,0,0,0,0,0,0,0,0,4,4,0,0,0,0,0,0,0,0,6,0,0,0,0,0,0,0,0,0,0,0,0,0,0,0,0,0,0,0,9,41,26,29,17,18,5,5,7,0,145
SAL22673,20,13,4,12,16,5,0,6,0,78,20,12,16,42,24,11,5,8,4,134,64,24,241,50,49,18,30,51,6,524,0,0,4,0,5,0,0,6,0,18,4,4,9,7,6,0,0,0,0,31,0,0,0,0,4,0,0,0,0,4,4,0,3,7,0,3,0,0,0,21,173,232,279,146,129,53,39,74,19,1147
SAL22674,0,0,0,0,0,0,0,0,0,0,0,0,0,0,0,0,0,0,0,0,3,0,9,0,0,0,0,0,0,13,0,0,0,0,0,0,0,0,0,0,0,0,0,0,0,0,0,0,0,0,0,0,0,0,0,0,0,0,0,0,0,0,0,0,0,0,0,0,0,0,9,4,9,0,0,0,0,0,3,25
SAL22675,0,3,0,0,0,0,0,0,0,3,0,0,0,0,0,0,0,0,0,3,9,0,4,0,0,0,0,0,0,20,6,0,0,0,0,0,0,0,0,5,0,0,0,0,0,0,0,0,0,4,0,0,0,0,0,0,0,0,0,0,3,0,0,0,0,0,0,0,0,3,21,9,4,5,4,3,4,5,0,49
SAL22676,5,8,0,8,3,0,0,0,0,30,3,8,4,10,9,3,0,0,0,48,33,4,114,23,19,10,29,16,0,256,0,0,3,0,5,0,0,3,0,14,5,3,0,4,0,0,0,6,0,13,0,0,4,0,0,0,0,0,0,0,0,0,3,0,0,3,0,6,4,21,78,79,130,58,49,24,34,32,4,483
SAL22677,0,0,0,0,0,0,0,0,0,0,0,0,0,0,0,0,0,0,0,0,0,0,0,0,0,0,0,0,0,0,0,0,0,0,0,0,0,0,0,0,0,0,0,0,0,0,0,0,0,0,0,0,0,0,0,0,0,0,0,0,0,0,0,0,0,0,0,0,0,0,0,0,0,0,0,0,0,0,0,0
SAL22678,5,3,0,0,0,0,0,0,0,8,0,0,0,0,4,0,0,0,0,7,8,0,6,4,0,3,0,0,0,26,0,0,0,0,0,0,0,0,0,0,0,0,0,0,0,0,0,0,0,3,0,0,0,0,0,0,0,0,0,4,0,0,0,0,3,0,0,0,0,6,21,29,11,8,10,5,4,0,5,84
SAL22679,0,0,0,0,0,0,0,0,0,0,0,0,0,0,0,0,0,0,0,0,0,0,0,0,0,0,0,0,0,0,0,0,0,0,0,0,0,0,0,0,0,0,0,0,0,0,0,0,0,0,0,0,0,0,0,0,0,0,0,0,0,0,0,0,0,0,0,0,0,0,0,0,0,0,0,0,0,0,0,0
SAL22680,52,57,22,72,46,16,6,12,4,295,91,114,45,234,87,39,14,37,14,684,223,84,723,395,230,162,178,248,31,2269,9,0,9,25,23,22,11,19,0,125,12,8,18,34,14,16,4,21,7,129,3,6,4,3,12,0,0,8,0,39,18,18,11,30,17,21,16,23,27,175,629,1542,910,980,539,320,252,414,86,5665
SAL22681,4,3,0,0,0,0,0,0,0,11,3,4,3,7,0,0,0,4,0,24,3,0,22,17,7,4,12,4,0,69,0,0,0,0,3,0,0,0,0,8,0,0,0,0,0,0,0,0,0,6,0,0,0,0,0,0,0,0,0,0,3,0,0,0,0,0,0,0,0,4,29,41,23,33,22,4,10,9,0,171
SAL22682,0,0,0,0,0,0,0,0,0,0,0,0,0,0,0,0,0,0,0,0,0,0,0,0,0,0,0,4,0,0,0,0,0,0,0,0,0,0,0,0,0,0,0,0,0,0,0,0,0,0,0,0,0,0,0,0,0,0,0,0,0,0,0,0,0,0,0,0,0,0,0,0,0,0,0,0,0,4,0,6
SAL22683,0,0,0,0,0,0,0,0,0,4,3,0,0,0,0,0,0,0,0,7,6,0,15,6,3,3,4,4,6,36,0,0,0,3,0,0,0,0,0,3,0,0,0,0,0,0,0,0,0,0,0,5,0,0,0,0,0,0,0,5,3,0,0,0,0,0,0,0,0,9,17,16,13,14,3,3,3,4,5,78
SAL22684,0,0,0,0,0,0,0,0,0,0,0,3,0,0,0,0,0,0,0,5,4,0,0,8,0,0,0,0,0,14,0,0,0,0,0,0,0,0,0,0,0,0,0,0,0,0,0,0,0,0,0,0,0,0,0,0,0,0,0,0,0,0,0,0,0,0,0,0,0,0,7,8,3,9,3,0,0,0,0,38
SAL22685,60,74,46,36,47,21,5,15,10,315,77,78,68,94,88,41,19,32,6,508,109,57,372,145,100,80,53,76,18,1013,6,7,0,3,9,6,3,8,0,47,7,14,14,14,20,8,5,6,0,98,0,15,4,4,0,3,0,3,0,38,13,11,10,10,13,8,8,8,17,87,721,1729,653,482,636,305,140,214,87,4968
SAL22686,76,98,38,49,104,33,14,26,8,447,90,98,92,131,127,62,29,39,15,696,151,67,432,189,152,84,68,96,26,1262,7,3,12,12,18,6,9,9,0,76,14,21,11,29,24,6,9,12,0,126,15,14,10,4,16,10,0,0,4,67,23,24,10,17,24,5,8,7,25,142,1213,2732,829,710,1102,475,224,294,140,7724
SAL22687,0,0,0,4,0,0,0,0,0,4,3,0,0,0,0,0,3,0,0,7,5,0,15,4,6,0,9,4,0,35,0,0,0,0,0,0,0,0,0,3,0,0,0,0,0,0,0,0,0,6,0,0,0,0,0,0,0,0,0,0,0,0,0,0,0,0,0,0,0,3,21,18,17,14,10,3,9,7,3,92
SAL22688,0,0,0,0,0,0,0,0,0,3,0,0,0,0,0,0,0,0,0,0,0,0,3,0,0,0,0,0,0,3,0,0,0,0,0,0,0,0,0,0,0,0,0,0,0,0,0,0,0,0,0,0,0,0,0,0,0,0,0,0,0,0,0,0,0,0,0,0,0,0,5,8,3,0,5,0,0,0,0,18
SAL22689,5,11,0,14,7,0,3,9,0,59,8,8,4,21,5,6,0,0,0,52,15,8,56,24,20,9,5,24,4,179,0,0,0,4,0,0,0,0,0,8,0,0,0,0,3,0,0,0,0,8,0,0,0,0,0,0,0,0,0,4,0,0,4,5,0,0,0,5,4,15,77,158,72,95,48,19,19,52,14,564
SAL22690,6,0,0,0,0,0,0,0,0,5,0,0,0,0,0,0,0,0,0,0,3,0,0,0,0,0,0,0,0,6,0,0,0,0,0,0,0,0,0,3,0,0,0,0,0,0,0,0,0,0,0,0,0,0,0,0,0,0,0,0,0,0,0,0,0,0,0,0,0,0,6,6,0,0,0,0,0,0,0,21
SAL22691,0,0,0,0,0,0,0,0,0,0,0,0,0,0,0,0,0,0,0,3,0,0,6,0,0,0,0,0,0,9,0,0,0,0,0,0,0,0,0,0,0,0,0,0,0,0,0,0,0,0,0,0,0,0,0,0,0,0,0,0,0,0,0,0,0,0,0,0,0,4,0,0,5,0,6,0,0,0,0,18
SAL22692,4,0,0,0,0,0,0,0,0,4,0,0,0,0,0,0,0,0,0,0,0,0,0,0,0,0,0,0,0,0,0,0,0,0,0,0,0,0,0,0,0,0,0,0,0,0,0,0,0,0,0,0,0,0,0,0,0,0,0,0,0,0,0,0,0,0,0,0,0,0,3,0,0,0,0,0,0,0,0,3
SAL22693,0,0,0,0,0,0,0,0,0,0,5,0,0,0,0,0,0,0,0,6,6,0,5,0,0,3,3,0,0,17,0,0,0,0,0,0,0,0,0,0,0,0,0,0,0,0,0,0,0,0,0,0,0,0,0,0,0,0,0,0,0,0,0,0,0,0,0,0,0,4,20,14,3,5,3,4,3,4,0,53
SAL22694,0,0,0,0,0,0,0,0,0,0,0,0,0,0,0,0,0,0,0,0,0,0,0,0,0,0,0,0,0,0,0,0,0,0,0,0,0,0,0,0,0,0,0,0,0,0,0,0,0,0,0,0,0,0,0,0,0,0,0,0,0,0,0,0,0,0,0,0,0,0,0,0,0,0,0,0,0,0,0,3
SAL22695,5,0,0,0,0,0,0,0,0,3,4,3,3,7,3,0,0,0,4,24,12,0,42,7,13,4,12,10,0,99,0,0,0,4,0,0,0,0,0,11,0,0,0,0,0,0,0,0,0,4,0,0,0,0,0,0,0,0,0,0,0,0,0,0,0,0,0,0,0,0,24,28,48,15,21,10,11,11,7,183
SAL22696,0,0,0,0,0,0,0,0,0,0,0,0,0,0,0,0,0,0,0,4,0,0,0,0,0,0,0,0,0,6,0,0,0,0,0,0,0,0,0,0,0,0,0,0,0,0,0,0,0,0,0,0,0,0,0,0,0,0,0,0,0,0,0,0,0,0,0,0,0,0,9,0,0,0,0,0,0,0,0,15
SAL22697,13,10,3,6,6,0,0,3,0,40,9,3,4,23,3,0,0,5,0,51,41,14,87,57,22,15,22,31,10,282,0,0,3,5,4,3,0,0,0,12,0,3,0,6,0,0,0,3,0,16,3,5,0,0,0,0,0,0,0,3,0,0,3,4,0,4,0,5,3,25,88,127,101,110,49,33,29,44,18,594
SAL22698,43,82,35,66,64,21,6,21,6,347,108,119,65,237,115,44,19,49,9,762,261,98,824,303,249,159,178,259,31,2351,8,7,8,27,28,19,11,21,4,122,13,9,12,52,29,16,17,14,0,165,8,17,0,12,13,5,4,6,0,60,9,31,12,28,20,7,6,25,26,158,798,1890,1033,937,698,312,263,502,83,6509
SAL22699,0,0,0,0,0,0,0,0,0,7,6,0,0,0,6,0,0,0,0,12,9,0,11,4,0,0,0,0,0,29,0,0,0,0,0,0,0,0,0,0,0,0,0,0,0,0,0,0,0,0,0,0,0,0,0,0,0,0,0,0,0,0,0,0,0,0,0,0,0,0,27,24,14,5,7,3,5,4,0,89
SAL22700,0,0,0,0,0,0,0,0,0,0,0,0,0,0,0,0,0,0,0,0,0,0,3,0,0,0,0,0,0,6,0,0,0,0,0,0,0,0,0,0,0,0,0,0,0,0,0,0,0,0,0,0,0,0,0,0,0,0,0,0,0,0,0,0,0,0,0,0,0,0,0,3,3,6,0,0,0,0,0,17
SAL22701,0,0,0,0,0,0,0,0,0,0,0,0,0,0,0,0,0,0,0,0,0,0,0,4,0,0,0,3,0,15,0,0,0,0,0,0,0,0,0,0,0,0,0,3,0,0,0,0,0,3,0,0,0,0,0,0,0,0,0,0,0,0,0,0,0,0,0,0,0,0,9,7,0,3,0,0,0,3,0,25
SAL22702,46,47,10,28,29,9,5,9,0,173,35,40,12,23,39,22,0,5,3,185,83,32,179,48,34,23,18,29,3,436,0,0,3,0,3,5,0,0,0,20,12,3,0,0,7,3,0,3,0,32,0,6,0,3,0,0,0,0,0,18,6,8,3,3,3,7,0,5,0,33,505,808,235,178,223,103,27,54,22,2167
SAL22703,7,9,0,0,5,3,0,0,0,23,3,11,4,3,6,0,0,4,0,24,14,6,26,4,6,0,0,3,0,56,0,0,0,0,0,0,0,0,0,6,6,0,0,0,0,0,0,0,0,4,0,0,0,0,0,0,0,0,0,0,0,3,0,0,0,0,0,0,0,3,71,84,38,19,33,15,0,12,3,275
SAL22704,34,32,8,21,33,11,5,4,0,143,32,36,25,31,41,14,0,3,0,187,62,20,200,46,58,35,17,23,9,461,5,0,4,3,6,5,0,4,0,29,5,4,4,6,17,5,0,4,0,40,4,0,0,5,3,0,0,3,0,17,8,11,0,0,10,3,0,0,11,43,399,636,276,183,260,112,27,47,32,1966
SAL22705,0,0,0,0,0,0,0,0,0,0,0,0,0,0,0,0,0,0,0,0,9,0,3,0,0,0,0,0,0,6,0,0,0,0,0,0,0,0,0,3,0,0,0,0,0,0,0,0,0,0,0,0,0,0,0,0,0,0,0,0,0,0,0,0,0,0,0,0,3,3,5,0,3,0,0,0,0,0,3,20
SAL22706,0,0,0,0,0,0,0,0,0,8,0,0,0,0,0,0,0,0,0,3,3,0,7,7,3,0,3,0,0,21,0,0,0,0,0,0,0,0,0,0,0,0,0,0,0,0,0,0,0,0,0,0,0,0,0,0,0,0,0,0,0,0,0,0,0,0,0,0,0,0,23,6,11,5,7,0,3,0,0,48
SAL22707,3,0,5,0,0,0,0,0,0,11,4,6,0,7,4,0,0,0,0,23,12,0,52,9,15,5,3,12,0,106,0,0,0,0,5,0,0,0,0,9,0,0,0,0,0,0,0,4,0,5,0,0,0,0,0,0,0,0,0,0,3,0,0,3,0,0,0,0,3,15,42,42,61,18,27,12,4,17,3,227
SAL22708,0,0,0,0,0,0,0,0,0,0,0,0,0,0,0,0,0,0,0,0,0,0,0,0,0,0,0,0,0,0,0,0,0,0,0,0,0,0,0,0,0,0,0,0,0,0,0,0,0,0,0,0,0,0,0,0,0,0,0,0,0,0,0,0,0,0,0,0,0,0,3,0,0,0,0,0,0,0,0,3
SAL22709,3,0,0,0,0,0,0,4,0,9,0,0,0,4,0,0,0,0,0,5,7,0,6,9,0,0,4,4,0,33,0,0,0,0,0,0,0,0,0,4,0,0,0,0,0,0,0,0,0,3,0,0,0,0,0,0,0,0,0,0,0,0,0,0,0,0,0,0,0,5,13,3,5,12,8,4,5,8,0,68
SAL22710,87,127,46,89,73,34,15,29,7,512,145,164,106,341,167,83,21,74,15,1114,389,152,1182,644,383,237,201,403,51,3640,14,11,7,23,35,36,12,50,0,191,14,10,31,52,43,25,7,30,3,208,0,8,10,6,8,4,0,7,0,41,25,33,15,31,25,28,18,55,34,262,1186,2967,1521,1514,995,528,304,790,134,9935
SAL22711,0,0,0,0,0,0,0,0,0,0,3,0,0,0,0,0,0,0,0,5,0,0,0,0,0,0,0,0,0,6,0,0,0,0,0,0,0,0,0,0,0,0,0,0,0,0,0,0,0,0,0,0,0,0,0,0,0,0,0,0,0,0,0,0,0,0,0,0,0,0,10,4,5,0,0,0,0,0,0,18
SAL22712,0,0,0,0,0,0,0,0,0,0,0,0,0,0,0,0,0,0,0,5,5,0,0,0,0,0,0,0,0,9,0,0,0,0,0,0,0,0,0,0,0,0,0,0,0,0,0,0,0,0,0,0,0,0,0,0,0,0,0,0,3,0,0,0,0,0,0,0,0,3,16,6,0,3,0,0,0,0,0,30
SAL22713,0,0,0,0,0,0,0,0,0,5,0,0,0,0,0,0,0,0,0,0,4,0,0,0,3,0,0,0,0,8,0,0,0,0,0,0,0,0,0,0,0,0,0,0,0,0,0,0,0,0,0,0,0,0,0,0,0,0,0,0,0,0,0,0,0,0,0,0,0,0,8,4,3,0,5,0,0,4,0,28
SAL22714,0,0,0,0,0,0,0,0,0,0,0,4,0,0,0,0,0,0,0,6,5,0,0,0,0,0,0,0,0,4,0,0,0,0,0,0,0,0,0,0,0,0,0,0,0,0,0,0,0,0,0,0,0,0,0,0,0,0,0,0,0,0,0,0,0,0,0,0,0,0,4,0,0,0,0,0,0,0,0,14
SAL22715,0,0,0,0,0,0,0,0,0,0,0,0,0,0,0,0,0,0,0,0,3,0,0,0,0,0,0,0,0,6,0,0,0,0,0,0,0,0,0,0,0,0,0,0,0,0,0,0,0,0,0,0,0,0,0,0,0,0,0,0,0,0,0,0,0,0,0,0,0,0,4,3,0,0,0,0,0,0,0,8
SAL22716,5,0,0,0,0,0,0,0,0,5,0,0,0,0,0,0,0,0,0,0,4,0,7,0,0,0,0,0,0,3,0,0,0,0,0,0,0,0,0,0,0,0,0,0,0,0,0,0,0,0,0,0,0,0,0,0,0,0,0,0,0,0,0,0,0,0,0,0,0,0,3,3,7,0,0,0,0,0,0,12
SAL22717,0,0,0,0,0,0,0,0,0,5,3,3,0,0,6,0,0,0,0,7,0,3,8,3,4,3,4,5,0,27,0,0,0,0,0,0,0,0,0,0,0,0,0,0,0,0,0,0,0,0,0,0,0,0,0,0,0,0,0,0,0,0,0,0,0,0,0,0,0,0,4,8,11,8,3,7,5,3,0,51
SAL22718,0,0,0,0,0,0,0,0,0,0,0,0,0,0,5,0,0,0,0,5,0,0,0,0,0,0,0,0,0,3,0,0,0,0,0,0,0,0,0,0,0,0,0,0,0,0,0,0,0,0,0,0,0,0,0,0,0,0,0,0,0,0,0,0,0,0,0,0,0,0,0,0,0,0,4,0,0,0,0,8
SAL22719,0,0,0,0,0,0,0,0,0,3,0,0,0,0,6,0,0,0,0,3,5,0,5,0,0,0,0,0,0,11,0,0,0,0,0,0,0,0,0,3,0,0,0,0,0,0,0,0,0,0,0,0,0,0,0,0,0,0,0,0,0,0,0,0,0,0,0,0,0,0,4,4,5,0,4,0,3,3,0,28
SAL22720,17,13,3,8,8,3,0,0,0,62,22,13,8,12,25,10,3,0,5,90,23,3,43,14,15,15,9,4,3,134,0,0,0,4,3,4,0,0,0,8,11,0,0,4,4,6,0,3,0,20,0,3,0,0,4,0,0,0,0,7,0,3,3,0,4,0,0,0,6,20,215,332,78,66,129,66,23,26,12,946
SAL22721,17,22,18,14,21,8,4,6,0,101,33,36,42,39,46,10,0,8,3,220,42,31,200,72,49,19,31,37,5,485,0,0,4,0,13,0,0,0,0,27,0,3,7,8,12,6,0,4,0,35,3,4,3,0,6,0,0,3,0,19,7,7,5,3,0,3,0,0,0,38,290,749,323,217,261,90,63,78,23,2082
SAL22722,16,20,4,12,15,6,8,3,0,74,20,29,9,46,32,11,6,8,0,152,30,13,165,39,34,15,26,19,3,341,0,0,0,3,8,0,0,0,0,14,8,4,3,4,9,3,0,4,0,23,0,0,0,4,0,0,0,3,0,7,3,10,3,4,0,4,0,0,0,23,191,507,212,158,172,69,45,46,19,1419
SAL22723,0,0,0,0,0,0,0,0,0,4,0,0,0,0,0,0,0,0,0,0,0,0,0,0,0,0,3,0,0,10,0,0,0,0,0,0,0,0,0,0,0,0,0,0,0,0,0,0,0,0,0,0,0,0,0,0,0,0,0,0,0,0,0,0,0,0,0,0,0,0,6,4,0,3,4,0,3,0,0,26
SAL22724,4,0,0,4,0,0,0,0,0,7,0,0,0,0,0,0,0,0,0,4,10,0,18,3,0,0,5,0,0,40,0,0,0,0,0,0,0,0,0,0,0,0,0,0,0,0,0,0,0,0,0,3,0,0,0,0,0,0,0,3,0,4,0,0,0,0,0,0,0,6,19,13,21,15,11,0,3,5,0,91
SAL22725,0,0,0,0,0,0,0,0,0,0,0,0,0,0,0,0,0,0,0,0,0,0,0,0,0,0,0,0,0,0,0,0,0,0,0,0,0,0,0,0,0,0,0,0,0,0,0,0,0,0,0,0,0,0,0,0,0,0,0,0,0,0,0,0,0,0,0,0,0,0,0,0,0,0,0,0,0,0,0,0
SAL22726,0,0,0,0,0,0,0,0,0,4,0,0,0,0,0,0,0,0,0,0,4,0,4,0,3,0,0,0,0,15,0,0,0,0,0,0,0,0,0,3,0,0,0,0,0,0,0,0,0,0,0,0,0,0,0,0,0,0,0,0,0,0,0,0,0,0,0,0,0,3,11,9,4,3,8,0,0,0,0,44
SAL22727,11,15,3,3,6,6,5,3,0,50,21,8,7,24,10,3,0,0,0,83,30,17,119,38,19,8,7,19,3,272,3,0,3,3,0,0,0,3,0,16,3,0,0,0,6,0,0,0,0,16,0,0,0,0,0,0,0,0,0,0,0,3,0,0,5,0,0,0,0,7,131,214,144,93,72,30,17,30,9,741
SAL22728,0,0,0,0,0,0,0,0,0,0,0,0,0,0,0,0,0,0,0,0,0,0,0,0,0,0,0,0,0,3,0,0,0,0,0,0,0,0,0,0,0,0,0,0,0,0,0,0,0,0,0,0,0,0,0,0,0,0,0,0,0,0,0,0,0,0,0,0,0,0,0,0,0,3,0,0,0,0,0,4
SAL22729,0,0,0,0,0,0,0,0,0,3,3,0,0,0,0,0,0,0,0,6,8,5,17,3,3,0,6,9,0,46,0,0,0,0,0,0,0,0,0,3,0,0,0,0,0,0,0,0,0,0,0,0,0,0,0,0,0,0,0,0,0,0,0,0,0,0,0,0,0,4,17,12,17,4,13,0,6,7,0,86
SAL22730,7,23,12,27,8,8,6,10,0,102,26,25,22,46,29,14,12,7,4,183,52,26,178,77,49,48,22,39,5,500,0,0,5,4,9,4,0,0,0,25,3,0,0,11,8,6,4,3,0,32,3,3,0,0,7,0,0,0,0,16,4,5,0,0,6,0,0,5,0,19,195,561,271,248,181,106,78,106,16,1764
SAL22731,0,0,0,0,0,0,0,0,0,0,0,0,0,0,0,0,0,0,0,3,0,0,0,0,0,0,0,0,0,0,0,0,0,0,0,0,0,0,0,0,0,0,0,0,0,0,0,0,0,0,0,0,0,0,0,0,0,0,0,0,0,0,0,0,0,0,0,0,0,0,0,0,0,0,0,0,0,0,0,0
SAL22732,0,0,0,0,0,0,0,0,0,0,0,0,0,0,0,0,0,0,0,3,0,0,0,0,0,0,3,0,0,5,0,0,0,0,0,0,0,0,0,0,0,0,0,0,0,0,0,0,0,0,0,0,0,0,0,0,0,0,0,0,0,0,0,0,0,0,0,0,0,0,3,3,0,0,0,0,3,0,0,13
SAL22733,4,4,0,4,0,0,0,0,0,15,0,4,0,10,0,0,0,0,0,16,10,4,15,8,12,3,7,15,0,74,0,0,0,0,0,0,0,0,0,4,0,0,0,4,0,0,0,0,0,6,0,0,0,0,0,0,0,0,0,0,0,0,3,0,0,0,0,0,0,8,25,29,19,30,14,14,12,17,3,164
SAL22734,0,0,0,0,0,0,0,0,0,0,4,0,0,0,0,0,0,0,0,4,0,0,0,0,0,0,0,0,0,3,0,0,0,0,0,0,0,0,0,0,0,0,0,0,0,0,0,0,0,0,0,0,0,0,0,0,0,0,0,0,0,0,0,0,0,0,0,0,0,0,4,0,0,0,0,0,0,0,0,8
SAL22735,0,0,0,0,0,0,0,0,0,0,0,0,0,0,0,0,0,0,0,0,0,0,0,0,0,0,0,0,0,3,0,0,0,0,0,0,0,0,0,0,0,0,0,0,0,0,0,0,0,0,0,0,0,0,0,0,0,0,0,0,0,0,0,0,0,0,0,0,0,0,6,0,0,0,0,0,0,0,0,5
SAL22736,0,0,0,0,0,0,0,0,0,0,0,0,0,0,0,0,0,0,0,0,4,0,0,0,0,0,0,0,0,4,0,0,0,0,0,0,0,0,0,0,0,0,0,0,0,0,0,0,0,0,0,0,0,0,0,0,0,0,0,0,0,0,0,0,0,0,0,0,0,0,7,0,0,0,0,0,0,0,0,4
SAL22737,0,0,0,0,0,0,0,0,0,0,0,0,0,0,0,0,0,0,0,0,8,0,0,0,0,0,0,0,0,15,0,0,0,0,0,0,0,0,0,0,0,0,0,0,0,0,0,0,0,0,0,0,0,0,0,0,0,0,0,0,0,0,0,0,0,0,0,0,0,0,13,0,0,0,0,0,0,5,0,27
SAL22738,3,0,0,3,0,0,0,0,0,5,0,0,0,5,0,0,0,0,0,4,13,0,4,0,0,0,0,3,0,19,0,0,0,0,0,0,0,0,0,0,0,0,0,0,0,0,0,0,0,0,0,0,0,0,0,0,0,0,0,0,3,0,0,0,0,0,0,0,0,4,22,8,4,4,0,0,0,3,0,45
SAL22739,0,0,0,0,0,0,0,0,0,0,0,0,0,0,0,0,0,0,0,0,0,0,0,0,0,0,0,0,0,5,0,0,0,0,0,0,0,0,0,0,0,0,0,0,0,0,0,0,0,0,0,0,0,0,0,0,0,0,0,0,0,0,0,0,0,0,0,0,0,0,3,0,0,0,0,0,0,0,0,8
SAL22740,10,0,8,13,13,0,13,8,0,65,19,22,15,58,10,11,26,12,4,186,20,8,102,76,28,14,62,44,10,366,0,0,3,9,4,0,3,6,0,26,0,3,8,3,10,0,7,0,0,32,0,0,5,0,0,0,4,0,0,10,0,3,3,3,5,0,5,4,9,37,118,237,168,236,127,50,156,99,29,1227
SAL22741,0,0,3,0,0,0,0,0,0,4,0,4,0,0,0,0,0,0,0,3,5,0,12,0,5,0,4,0,0,27,0,0,0,0,0,0,0,0,0,4,0,0,0,0,0,0,0,0,0,0,0,0,0,0,0,0,0,0,0,0,0,0,0,0,0,0,0,0,0,3,9,7,12,4,9,3,4,0,0,53
SAL22742,0,0,0,0,0,0,0,0,0,0,0,0,0,0,0,0,0,0,0,5,0,0,12,3,0,0,0,3,0,17,0,0,0,0,0,0,0,0,0,0,0,0,0,0,0,0,0,0,0,0,0,0,0,0,0,0,0,0,0,0,0,0,0,0,0,0,0,0,0,0,9,21,11,6,3,0,0,6,0,61
SAL22743,3,0,0,0,0,0,0,0,0,7,0,0,0,3,0,0,0,0,0,11,10,0,11,0,4,0,9,7,0,42,0,0,0,0,0,0,0,0,0,0,0,0,0,3,0,0,0,0,0,5,0,0,0,0,0,0,0,0,0,0,0,0,0,0,0,0,0,0,0,3,19,11,12,7,11,5,9,13,0,91
SAL22744,0,0,0,0,0,0,0,0,0,0,0,0,0,0,0,0,0,0,0,0,0,0,4,0,0,0,0,0,0,6,0,0,0,0,0,0,0,0,0,0,0,0,0,0,0,0,0,0,0,0,0,0,0,0,0,0,0,0,0,0,0,0,0,0,0,0,0,0,0,6,8,0,3,0,0,0,3,11,3,30
SAL22745,18,14,6,22,17,10,6,10,0,100,27,21,15,92,49,23,6,22,6,269,66,35,335,207,101,75,90,138,11,1049,4,4,0,14,10,13,3,16,0,60,4,0,6,13,8,13,3,10,0,58,3,8,3,0,0,0,0,0,0,15,7,3,14,3,9,9,4,16,5,71,176,418,425,434,266,159,127,244,31,2272
SAL22746,0,0,0,0,0,0,0,0,0,0,0,0,5,0,0,0,0,0,0,5,4,0,4,0,0,0,0,0,0,16,0,0,0,0,0,0,0,0,0,0,0,0,0,0,0,0,0,0,0,0,0,0,0,0,0,0,0,0,0,0,0,0,0,0,0,0,0,0,0,0,5,8,10,6,8,0,0,6,3,33
SAL22747,0,0,0,0,0,0,0,0,0,0,0,0,0,0,0,0,0,0,0,0,0,0,0,0,0,0,0,0,0,0,0,0,0,0,0,0,0,0,0,0,0,0,0,0,0,0,0,0,0,0,0,0,0,0,0,0,0,0,0,0,0,0,0,0,0,0,0,0,0,0,0,0,0,0,0,0,0,0,0,0
SAL22748,0,0,0,0,0,0,0,0,0,0,0,0,0,0,0,0,0,0,0,0,3,0,0,0,0,0,0,0,0,5,0,0,0,0,0,0,0,0,0,0,0,0,0,0,0,0,0,0,0,0,0,0,0,0,0,0,0,0,0,0,0,0,0,0,0,0,0,0,0,0,7,0,0,0,0,0,0,0,0,16
SAL22749,0,0,0,0,0,0,0,0,0,0,0,0,0,0,0,0,0,0,0,0,0,0,4,0,0,0,0,0,0,6,0,0,0,0,0,0,0,0,0,0,0,0,0,0,0,0,0,0,0,0,0,0,0,0,0,0,0,0,0,0,0,0,0,0,0,0,0,0,0,0,4,4,4,0,0,0,0,0,0,11
SAL22750,100,134,138,143,138,49,52,53,15,829,232,191,224,502,325,119,158,125,16,1891,363,200,1642,635,543,261,559,499,95,4800,23,15,10,43,60,44,35,53,3,281,27,37,36,76,94,50,43,37,7,412,17,31,21,21,23,14,11,19,3,166,24,35,37,42,38,35,48,37,63,349,1601,3755,2520,2198,2051,883,1184,1073,291,15562
SAL22751,10,11,7,3,11,4,3,0,0,43,16,13,10,20,27,4,6,4,4,100,25,12,84,24,27,8,24,20,5,228,0,0,0,0,4,0,0,5,0,14,0,0,4,0,0,0,0,4,0,13,0,3,0,0,0,0,0,0,3,14,0,6,3,0,3,0,0,0,7,23,106,189,110,61,111,35,43,38,22,709
SAL22752,0,0,0,0,0,0,0,0,0,3,0,0,0,0,0,0,0,0,0,0,7,0,0,5,0,0,0,0,0,11,0,0,0,0,0,0,0,0,0,0,0,0,0,0,0,0,0,0,0,0,0,0,0,0,0,0,0,0,0,0,0,0,0,0,0,0,0,0,0,0,15,3,0,0,0,0,0,0,4,26
SAL22753,0,0,0,0,4,0,0,0,0,8,6,0,5,12,10,0,0,0,0,33,10,4,77,13,19,7,11,21,3,164,0,0,0,0,0,3,0,3,0,9,0,0,0,3,0,0,0,0,0,6,0,0,0,0,3,0,0,0,0,5,4,0,6,0,0,0,0,5,0,7,27,32,92,33,46,14,17,28,0,298
SAL22754,0,0,0,0,3,0,0,0,0,3,4,0,0,5,3,0,0,0,0,12,3,3,10,13,5,0,5,8,0,56,0,0,0,0,0,0,0,5,0,4,0,0,0,0,0,0,0,0,0,3,0,0,0,0,0,0,0,0,0,0,0,0,0,0,0,0,0,0,0,0,9,30,16,21,11,6,5,7,0,110
SAL22755,0,0,0,0,0,0,0,0,0,0,0,0,0,0,0,0,0,0,0,3,3,0,3,6,4,0,0,0,6,20,0,0,0,0,0,0,0,0,0,3,0,0,0,0,0,0,0,0,0,0,0,0,0,0,0,0,0,0,0,0,0,0,0,0,0,0,0,0,0,0,6,9,3,7,5,3,0,6,0,35
SAL22756,38,62,38,37,30,13,11,9,6,230,59,81,60,82,83,34,20,39,3,452,73,50,236,95,76,36,41,67,6,683,6,0,4,7,6,0,3,7,0,41,9,11,11,15,5,5,5,4,3,69,7,8,4,4,4,4,4,3,0,31,6,17,4,6,13,9,6,3,4,67,815,1985,509,456,560,233,171,237,57,5030
SAL22757,29,38,27,17,18,9,10,11,6,151,50,46,54,62,32,29,8,24,0,306,36,27,93,44,62,16,19,14,6,315,0,4,0,9,4,0,0,4,0,28,7,9,10,11,4,0,3,0,0,46,6,11,6,3,0,3,0,5,0,47,4,7,6,14,3,6,4,12,7,72,625,1985,359,392,475,205,100,241,73,4449
SAL22758,38,46,29,48,37,8,12,11,3,226,77,99,49,170,109,40,22,19,0,588,195,96,601,342,258,141,182,209,28,2056,3,0,14,16,13,20,8,15,0,93,9,11,0,28,21,12,10,18,3,113,6,4,0,7,8,0,3,0,0,27,4,3,7,14,8,3,5,17,22,82,536,996,731,729,570,237,247,320,69,4433
SAL22759,0,0,0,0,0,0,0,0,0,0,0,0,0,0,3,0,0,0,0,4,3,3,6,0,0,0,3,0,0,24,0,0,0,0,0,0,0,0,0,0,0,0,0,0,0,0,0,0,0,0,0,0,0,0,0,0,0,0,0,0,0,0,0,0,0,0,0,0,0,0,14,5,12,8,6,0,3,0,0,41
SAL22760,0,0,0,0,0,0,0,0,0,0,0,0,0,0,0,0,0,0,0,0,0,0,0,0,0,0,0,0,0,0,0,0,0,0,0,0,0,0,0,0,0,0,0,0,0,0,0,0,0,0,0,0,0,0,0,0,0,0,0,0,0,0,0,0,0,0,0,0,0,0,3,0,0,0,0,0,0,0,0,9
SAL22761,13,17,5,19,29,11,8,6,0,110,40,48,37,50,48,19,18,12,4,274,52,16,236,95,77,27,57,64,18,641,0,5,0,0,5,6,0,3,0,21,0,3,5,5,15,4,10,0,0,50,3,0,3,0,7,0,5,3,0,17,0,6,4,7,8,0,10,6,8,53,216,436,331,248,260,107,121,117,36,1865
SAL22762,0,0,0,0,0,0,0,0,0,0,0,0,0,0,0,0,0,0,0,0,4,0,0,0,0,0,0,0,0,7,0,0,0,0,0,0,0,0,0,0,0,0,0,0,0,0,0,0,0,0,0,0,0,0,0,0,0,0,0,0,0,0,0,0,0,0,0,0,0,3,8,5,0,0,0,0,0,0,0,21
SAL22763,0,0,0,0,0,0,0,0,0,6,0,0,0,0,3,0,0,0,0,8,3,0,4,0,3,0,0,0,0,11,0,0,0,0,0,0,0,0,0,0,4,0,0,0,0,0,0,0,0,4,0,0,0,0,0,0,0,0,0,0,0,0,0,0,0,0,0,0,0,0,15,8,6,4,6,0,0,4,5,44
SAL22764,3,3,0,0,0,0,0,0,0,9,6,0,0,9,0,0,0,7,0,17,12,0,29,8,3,5,3,10,0,70,0,0,0,0,0,0,0,0,0,3,0,0,0,0,0,0,0,0,0,3,0,0,0,0,0,0,0,0,0,0,0,0,0,0,0,0,0,6,0,11,36,29,34,18,10,13,3,16,3,162
SAL22765,0,0,0,0,0,0,0,0,0,3,0,0,3,7,0,0,0,0,0,10,7,0,11,4,3,0,0,3,0,21,0,0,0,0,0,0,0,0,0,0,0,0,0,0,0,0,0,0,0,0,0,0,0,0,0,0,0,0,0,0,0,0,0,0,0,0,0,0,0,0,19,27,9,8,9,4,0,4,0,87
SAL22766,87,84,48,46,76,33,12,24,6,416,95,74,85,83,114,53,16,27,9,546,130,49,292,116,95,55,37,67,18,857,0,3,9,4,12,5,0,6,0,59,26,14,16,19,43,17,3,16,0,157,12,27,4,4,5,5,0,0,0,65,13,19,19,10,22,11,4,7,17,120,1189,2641,649,502,933,405,146,237,118,6830
SAL22767,0,0,0,0,0,0,0,0,0,0,0,0,0,0,0,0,0,0,0,0,0,0,0,0,0,0,0,0,0,0,0,0,0,0,0,0,0,0,0,0,0,0,0,0,0,0,0,0,0,0,0,0,0,0,0,0,0,0,0,0,0,0,0,0,0,0,0,0,0,0,0,0,0,0,0,0,0,0,0,6
SAL22768,0,0,0,0,0,0,0,0,0,0,0,0,0,0,0,0,0,0,0,0,3,0,0,0,0,0,0,0,0,4,0,0,0,0,0,0,0,0,0,0,0,0,0,0,0,0,0,0,0,0,0,0,0,0,0,0,0,0,0,0,0,0,0,0,0,0,0,0,0,0,0,0,0,0,0,0,0,0,0,6
SAL22769,5,7,6,12,13,3,3,3,0,56,21,22,8,47,28,0,3,10,3,150,31,20,158,76,47,31,35,35,0,433,0,0,3,3,10,5,0,4,0,27,3,0,0,13,0,0,0,3,0,21,0,0,0,0,0,6,0,0,0,10,4,5,0,6,6,0,6,4,4,29,102,343,200,186,140,50,49,64,17,1145
SAL22770,8,0,0,0,0,0,0,3,0,9,0,6,0,0,0,0,0,0,0,13,7,0,15,4,5,0,7,3,0,46,0,0,0,0,0,0,0,0,0,6,0,0,0,0,0,0,0,0,0,8,0,0,0,0,0,0,0,0,0,0,0,0,0,0,0,0,0,0,0,0,33,28,15,9,10,3,6,15,0,118
SAL22771,0,0,0,0,0,0,0,0,0,0,0,0,0,0,0,0,0,0,0,0,0,0,0,0,0,0,0,0,0,0,0,0,0,0,0,0,0,0,0,0,0,0,0,0,0,0,0,0,0,0,0,0,0,0,0,0,0,0,0,0,0,0,0,0,0,0,0,0,0,0,0,0,0,0,0,0,0,0,0,8
SAL22772,3,0,0,3,0,4,0,0,0,12,3,0,6,5,0,4,0,0,0,16,3,0,4,3,3,0,3,6,0,22,0,0,0,0,0,0,0,0,0,3,0,0,0,0,0,0,0,0,0,0,0,0,0,0,0,0,0,0,0,0,0,0,0,0,0,0,0,0,0,3,12,18,12,13,3,3,3,3,0,80
SAL22773,0,0,0,0,0,0,0,0,0,0,4,0,0,0,0,0,0,0,0,0,0,0,0,3,0,0,0,0,0,3,0,0,0,0,0,0,0,0,0,0,0,0,0,0,0,0,0,0,0,0,0,0,0,0,0,0,0,0,0,0,0,0,0,0,0,0,0,0,0,0,4,0,0,5,0,0,0,0,0,14
SAL22774,8,11,3,12,5,6,3,5,0,43,7,16,13,34,4,4,9,5,0,93,15,18,104,107,40,21,23,61,8,393,0,0,4,6,3,3,4,3,0,30,0,0,0,5,0,0,0,3,0,14,0,3,0,0,0,0,0,0,0,7,3,5,0,3,4,0,6,7,9,39,51,156,148,191,92,60,64,109,19,885
SAL22775,24,23,14,18,23,0,0,5,0,113,42,22,28,71,41,10,9,6,0,230,73,27,387,95,79,60,57,61,20,867,4,0,0,13,11,7,7,0,0,48,4,0,3,13,10,7,0,3,6,49,0,4,3,0,0,0,0,0,0,9,4,4,5,4,7,4,0,10,5,49,213,361,467,290,216,109,84,101,32,1864
SAL22776,0,0,0,0,0,0,0,0,0,0,0,0,0,0,0,0,0,0,0,0,3,0,4,0,0,0,0,0,0,7,0,0,0,0,0,0,0,0,0,0,0,0,0,0,0,0,0,0,0,0,0,0,0,0,0,0,0,0,0,0,0,0,0,0,0,0,0,0,0,0,6,0,4,0,0,0,0,0,0,9
SAL22777,6,0,0,0,5,0,0,0,0,18,6,0,0,0,0,0,0,6,0,13,8,4,19,6,3,0,0,7,3,52,0,0,0,0,0,0,0,0,0,0,0,0,0,0,0,0,0,0,0,0,0,0,0,0,0,0,0,0,0,0,4,0,0,0,0,0,0,4,0,6,28,19,18,11,8,8,9,13,3,123
SAL22778,0,0,0,0,0,0,0,0,0,5,0,0,0,0,0,0,0,0,0,0,0,4,4,0,0,0,0,0,0,17,0,0,0,0,0,0,0,0,0,0,0,0,0,0,0,0,0,0,0,0,0,0,0,0,0,0,0,0,0,0,0,0,0,0,0,0,0,0,0,0,3,8,11,0,5,0,0,4,0,36
SAL22779,0,0,0,0,0,0,0,0,0,0,0,0,0,0,0,0,0,0,0,7,0,0,3,0,0,0,3,0,0,11,0,0,0,0,0,0,0,0,0,0,0,0,0,0,0,0,0,0,0,0,0,0,0,0,0,0,0,0,0,0,0,0,0,0,0,0,0,0,0,0,8,9,3,0,5,0,3,5,0,36
SAL22780,0,0,0,0,0,0,0,0,0,0,0,0,0,0,0,0,0,0,0,0,0,0,0,0,0,0,0,4,0,9,0,0,0,0,0,0,0,0,0,0,0,0,0,0,0,0,0,0,0,0,0,0,0,0,0,0,0,0,0,0,0,0,0,0,0,0,0,0,0,0,0,0,3,0,0,0,0,3,0,10
SAL22781,0,0,0,0,0,0,0,0,0,3,4,0,0,0,0,0,0,0,0,4,4,0,0,0,0,0,0,0,0,10,0,0,0,0,0,0,0,0,0,0,0,0,0,0,0,0,0,0,0,0,0,0,0,0,0,0,0,0,0,0,0,0,0,0,0,0,0,0,0,0,19,7,6,0,4,0,0,0,0,32
SAL22782,0,0,0,0,0,0,0,0,0,5,0,0,0,0,0,0,0,0,0,4,0,0,3,7,0,0,8,4,0,23,0,0,0,0,0,0,0,0,0,0,0,0,0,0,0,0,0,0,0,0,0,0,0,0,0,0,0,0,0,0,0,0,0,0,0,0,0,0,0,5,6,13,7,6,5,0,7,3,3,57
SAL22783,0,0,0,0,0,0,0,0,0,0,0,0,0,0,0,0,0,0,0,3,3,0,4,0,0,0,0,0,0,8,0,0,0,0,0,0,0,0,0,0,0,0,0,0,0,0,0,0,0,0,0,0,0,0,0,0,0,0,0,0,0,0,0,0,0,0,0,0,0,0,5,5,4,0,0,3,0,0,0,16
SAL22784,0,0,0,0,0,0,0,0,0,0,3,0,4,4,0,0,0,0,0,7,0,0,7,0,0,0,9,3,0,21,0,0,0,0,0,0,0,0,0,0,0,0,0,0,0,0,0,0,0,0,0,0,0,0,0,0,0,0,0,0,0,0,0,0,0,0,0,0,0,0,3,4,13,6,4,4,9,3,0,48
SAL22785,0,0,0,0,0,0,0,0,0,0,0,0,0,0,0,0,0,0,0,0,5,0,0,0,0,0,0,0,0,5,0,0,0,0,0,0,0,0,0,0,0,0,0,0,0,0,0,0,0,0,0,0,0,0,0,0,0,0,0,0,0,0,0,0,0,0,0,0,0,0,11,0,0,4,0,0,0,0,0,9
SAL22786,0,0,0,0,0,0,0,0,0,0,0,0,0,0,0,0,0,0,0,0,5,0,0,0,0,0,0,0,0,5,0,0,0,0,0,0,0,0,0,0,0,0,0,0,0,0,0,0,0,0,0,0,0,0,0,0,0,0,0,0,0,0,0,0,0,0,0,0,0,0,5,0,0,0,0,0,0,0,0,9
SAL22787,3,0,0,0,0,0,0,0,0,0,0,0,0,4,0,0,0,0,0,3,3,0,0,0,0,0,0,0,0,10,0,0,0,0,0,0,0,0,0,5,0,0,0,0,0,0,0,0,0,0,0,0,0,0,0,0,0,0,0,0,0,0,0,0,0,0,0,0,0,0,16,4,0,6,3,3,0,0,0,26
SAL22788,4,0,0,0,0,0,0,0,0,13,0,0,0,0,0,0,0,0,0,6,18,0,8,3,0,4,3,14,0,47,0,0,0,0,0,0,0,0,0,0,0,0,0,0,0,0,0,0,0,7,0,0,0,0,0,0,0,0,0,0,4,0,0,0,0,0,0,0,0,10,38,16,15,11,10,5,4,13,0,108
SAL22789,0,0,0,0,0,0,0,0,0,0,0,0,0,0,0,0,0,0,0,0,4,0,0,0,0,0,0,0,0,4,0,0,0,0,0,0,0,0,0,0,0,0,0,0,0,0,0,0,0,0,0,0,0,0,0,0,0,0,0,0,0,0,0,0,0,0,0,0,0,3,10,6,0,0,0,0,0,0,0,16
SAL22790,0,0,0,0,0,0,0,0,0,0,0,0,0,0,0,0,0,0,0,0,3,0,0,0,0,0,0,0,0,3,0,0,0,0,0,0,0,0,0,0,0,0,0,0,0,0,0,0,0,0,0,0,0,0,0,0,0,0,0,0,0,0,0,0,0,0,0,0,0,0,4,0,0,0,0,0,0,0,0,4
SAL22791,26,22,32,16,27,10,25,9,8,166,51,41,45,69,55,23,47,24,9,364,36,21,117,54,56,36,67,46,17,442,3,0,0,5,4,8,8,0,0,27,3,5,3,4,5,6,3,5,0,46,8,18,6,0,0,0,0,5,0,35,4,19,5,7,8,10,7,0,19,81,562,1458,333,346,523,259,288,192,104,4058
SAL22792,92,102,28,33,63,16,3,9,4,355,102,98,38,56,93,40,9,19,8,452,139,51,274,63,72,44,32,49,10,742,9,4,0,5,7,7,6,3,5,47,17,6,10,16,25,21,0,8,0,105,10,12,0,0,6,0,0,0,0,30,14,16,4,7,5,6,3,4,6,74,1403,2366,445,370,604,236,73,132,92,5723
SAL22793,5,12,3,9,5,4,0,0,0,32,9,21,5,24,13,3,5,0,0,80,13,10,45,14,13,11,4,15,0,124,0,0,0,0,0,0,0,0,0,0,3,0,0,3,0,0,0,0,0,15,0,6,0,3,0,0,0,0,0,7,0,4,0,3,0,0,0,3,4,14,119,228,76,72,84,36,11,27,10,659
SAL22794,5,3,0,0,5,0,0,0,0,9,0,3,0,11,0,5,0,0,0,22,21,4,26,7,6,0,9,15,0,86,0,0,0,0,0,0,0,4,0,5,0,0,0,0,0,0,0,0,0,3,0,0,0,0,0,0,0,0,0,0,0,0,0,0,0,0,0,0,0,3,44,44,30,24,16,11,10,19,3,203
SAL22795,0,0,0,0,0,0,0,0,0,10,0,0,0,0,3,0,0,0,0,10,9,5,9,0,5,0,4,4,5,39,0,0,0,0,0,0,0,0,0,5,0,0,0,0,0,0,0,0,0,6,0,0,0,0,0,0,0,0,0,0,0,0,0,0,0,0,0,0,0,0,14,23,16,5,11,5,7,9,5,90
SAL22796,4,0,0,0,0,0,0,0,0,4,0,0,0,0,0,0,0,0,0,0,3,0,0,0,0,0,0,0,0,4,0,0,0,0,0,0,0,0,0,0,0,0,0,0,0,0,0,0,0,0,0,0,0,0,0,0,0,0,0,0,0,0,0,0,0,0,0,0,0,0,3,0,0,0,3,0,0,0,0,10
SAL22797,0,0,0,0,0,0,0,0,0,3,0,0,0,0,0,0,0,0,0,3,0,0,4,0,0,0,0,0,0,10,0,0,0,0,0,0,0,0,0,0,0,0,0,0,0,0,0,0,0,3,0,0,0,0,0,0,0,0,0,0,5,0,0,0,0,0,0,0,0,3,9,4,3,0,3,0,0,5,0,27
SAL22798,0,0,0,0,0,0,0,0,0,0,0,0,0,0,0,0,0,0,0,4,0,0,3,0,0,0,0,0,0,15,0,0,0,0,0,0,0,0,0,0,0,0,0,0,0,0,0,0,0,0,0,0,0,0,0,0,0,0,0,0,0,0,0,0,0,0,0,0,0,0,6,14,5,3,0,0,0,5,0,35
SAL22799,0,0,0,0,0,0,0,0,0,0,0,0,0,0,0,3,0,0,0,4,0,0,6,0,0,0,0,0,0,13,0,0,0,0,0,0,0,0,0,0,0,0,0,0,0,0,0,0,0,0,0,0,0,0,0,0,0,0,0,0,3,0,0,0,0,0,0,0,0,3,5,4,7,4,0,0,0,0,0,31
SAL22800,0,0,0,0,0,0,0,0,0,0,0,0,0,0,0,0,0,0,0,0,0,0,0,0,0,0,0,0,0,5,0,0,0,0,0,0,0,0,0,0,0,0,0,0,0,0,0,0,0,0,0,0,0,0,0,0,0,0,0,0,0,0,0,0,0,0,0,0,0,0,0,4,0,0,0,0,0,0,0,8
SAL22801,0,0,0,5,4,0,0,0,0,12,0,0,0,4,0,4,0,0,0,10,8,0,23,10,0,0,4,6,0,50,0,0,0,0,0,0,0,0,0,6,0,0,0,0,0,0,0,0,0,6,0,0,0,0,0,0,0,0,0,0,0,0,0,0,0,0,0,0,0,0,16,21,26,25,5,8,4,12,0,117
SAL22802,18,16,8,8,7,3,5,3,0,61,13,17,14,23,16,9,4,3,0,92,40,14,131,41,22,18,27,35,5,335,0,0,0,4,4,0,0,0,0,9,0,0,3,7,3,0,0,3,0,16,0,0,0,0,5,0,0,0,0,3,0,0,5,0,0,0,4,6,3,19,115,177,171,103,65,32,45,59,13,783
SAL22803,0,0,0,0,0,0,0,0,0,3,0,0,0,0,0,0,0,0,0,8,3,0,13,8,0,0,0,0,0,30,0,0,0,0,0,0,0,0,0,3,0,0,0,0,0,0,0,0,0,0,0,0,0,0,0,0,0,0,0,0,0,0,0,0,0,0,0,0,0,3,14,17,16,8,4,0,0,4,0,69
SAL22804,3,0,0,0,0,0,0,0,0,4,0,0,0,0,0,0,0,0,0,0,7,0,5,0,3,0,0,3,0,16,0,0,0,0,0,0,0,0,0,0,0,0,0,0,0,0,0,0,0,0,0,0,0,0,0,0,0,0,0,0,4,0,0,0,0,0,0,0,0,5,16,8,5,5,3,3,0,3,0,40
SAL22805,32,53,17,31,18,24,9,3,0,194,50,52,33,67,50,33,3,19,4,320,71,39,134,58,38,41,9,21,3,418,3,3,0,0,3,7,5,0,0,25,10,8,0,9,10,4,0,7,0,41,8,6,0,0,0,6,0,10,0,32,11,20,4,6,4,0,0,3,13,65,731,1755,283,331,407,259,57,111,59,3990
SAL22806,0,0,0,0,0,0,0,0,0,0,0,0,0,0,0,0,0,0,0,0,0,0,0,0,0,0,0,0,0,0,0,0,0,0,0,0,0,0,0,0,0,0,0,0,0,0,0,0,0,0,0,0,0,0,0,0,0,0,0,0,0,0,0,0,0,0,0,0,0,0,0,0,0,0,0,0,0,0,0,0
SAL22807,0,0,0,0,0,0,0,0,0,0,0,0,0,0,0,0,0,0,0,0,0,0,0,0,0,0,0,0,0,0,0,0,0,0,0,0,0,0,0,0,0,0,0,0,0,0,0,0,0,0,0,0,0,0,0,0,0,0,0,0,0,0,0,0,0,0,0,0,0,0,3,5,0,4,0,0,0,0,0,12
SAL22808,0,0,0,0,0,0,0,0,0,0,0,0,0,0,0,0,0,0,0,0,4,0,0,0,0,0,0,0,0,4,0,0,0,0,0,0,0,0,0,0,0,0,0,0,0,0,0,0,0,0,0,0,0,0,0,0,0,0,0,0,0,0,0,0,0,0,0,0,0,0,3,0,0,0,0,0,0,0,0,3
SAL22809,0,0,0,0,0,0,0,0,0,0,0,0,0,0,0,0,0,0,0,0,0,0,0,0,0,0,0,0,0,0,0,0,0,0,0,0,0,0,0,0,0,0,0,0,0,0,0,0,0,0,0,0,0,0,0,0,0,0,0,0,0,0,0,0,0,0,0,0,0,0,0,0,0,0,0,0,0,0,0,0
SAL22810,0,0,0,0,0,0,0,0,0,0,0,0,0,0,0,0,0,0,0,0,3,0,0,0,0,0,0,0,0,3,0,0,0,0,0,0,0,0,0,0,0,0,0,0,0,0,0,0,0,0,0,0,0,0,0,0,0,0,0,0,0,0,0,0,0,0,0,0,0,0,3,0,0,0,0,0,0,0,0,6
SAL22811,0,0,0,0,0,0,0,0,0,0,0,0,0,0,0,0,0,0,0,0,0,0,3,0,0,0,0,0,0,3,0,0,0,0,0,0,0,0,0,0,0,0,0,0,0,0,0,0,0,0,0,0,0,0,0,0,0,0,0,0,0,0,0,0,0,0,0,0,0,0,4,0,3,5,0,0,0,0,0,8
SAL22812,0,0,0,0,0,0,0,0,0,7,0,0,0,0,0,0,0,0,0,5,9,0,0,0,0,0,0,4,0,17,0,0,0,0,0,0,0,0,0,0,0,0,0,0,0,0,0,0,0,0,0,0,0,0,0,0,0,0,0,0,0,0,0,0,0,0,0,0,0,4,15,10,4,8,3,0,0,6,0,41
SAL22813,4,0,0,0,0,0,0,0,0,11,0,6,3,7,4,0,0,0,0,24,11,3,35,11,7,3,6,11,3,86,0,0,0,0,0,0,0,0,0,5,0,0,0,0,0,0,0,0,0,5,0,0,0,0,0,0,0,0,0,0,3,0,0,0,0,0,0,4,0,8,24,28,41,29,14,3,8,18,3,176
SAL22814,15,14,8,10,4,3,0,4,0,55,18,27,19,47,33,10,7,5,0,172,52,16,192,71,66,32,33,41,0,505,0,0,5,0,3,8,0,0,0,20,0,8,7,7,10,3,0,0,0,29,0,0,0,4,5,0,0,0,0,8,0,4,3,3,3,0,7,3,7,30,133,354,255,204,151,73,57,65,11,1315
SAL22815,0,0,0,0,0,0,0,0,0,7,0,0,0,0,0,0,0,0,0,5,5,0,4,3,0,6,5,3,0,17,0,0,0,0,0,0,0,0,0,0,6,0,0,0,0,0,0,0,0,6,0,0,0,0,0,0,0,0,0,0,0,0,0,0,0,0,0,0,0,0,9,7,8,3,0,6,5,5,0,35
SAL22816,0,0,0,0,0,0,0,0,0,0,0,0,0,0,0,0,0,0,0,0,0,0,0,0,0,0,0,0,0,0,0,0,0,0,0,0,0,0,0,0,0,0,0,0,0,0,0,0,0,0,0,0,0,0,0,0,0,0,0,0,0,0,0,0,0,0,0,0,0,0,0,0,0,0,0,0,0,0,0,4
SAL22817,0,0,0,0,0,0,0,0,0,0,0,0,0,0,0,0,0,0,0,0,0,0,0,0,0,0,0,0,0,0,0,0,0,0,0,0,0,0,0,0,0,0,0,0,0,0,0,0,0,0,0,0,0,0,0,0,0,0,0,0,0,0,0,0,0,0,0,0,0,0,5,0,0,0,0,0,0,0,0,8
SAL22818,0,0,0,0,0,0,0,0,0,0,3,0,0,3,0,0,0,0,0,4,6,5,13,3,0,0,0,0,0,23,0,0,0,0,0,0,0,0,0,0,0,0,0,0,0,0,0,0,0,0,0,0,0,0,0,0,0,0,0,0,0,0,0,0,0,0,0,0,0,4,7,16,10,3,0,0,0,3,0,53
SAL22819,54,76,37,62,42,12,11,19,3,316,108,130,77,229,125,68,34,35,14,816,237,151,857,459,321,145,217,261,53,2706,10,0,16,23,24,27,17,29,0,149,10,6,8,31,26,20,16,16,0,137,4,4,4,10,5,3,4,5,0,32,8,13,19,25,19,14,23,24,13,157,720,1584,1084,1058,699,334,359,436,99,6378
SAL22820,49,61,94,83,76,31,60,34,18,497,110,85,187,315,150,85,164,83,20,1193,122,51,549,269,176,87,178,156,30,1613,3,6,15,12,19,10,13,11,0,89,13,12,19,34,38,18,16,15,6,167,11,19,23,19,8,6,16,7,6,110,14,22,24,31,22,21,20,19,28,184,744,2105,1209,1359,1045,456,761,553,181,8397
SAL22821,0,0,0,0,0,0,0,0,0,0,0,0,0,0,0,0,0,0,0,0,5,0,0,0,0,0,0,0,0,3,0,0,0,0,0,0,0,0,0,0,0,0,0,0,0,0,0,0,0,0,0,0,0,0,0,0,0,0,0,0,3,0,0,0,0,0,0,0,0,3,4,3,0,0,0,0,0,3,0,10
SAL22822,0,0,0,0,0,0,0,0,0,0,0,0,0,0,0,0,0,0,0,0,5,0,0,0,0,0,0,0,0,3,0,0,0,0,0,0,0,0,0,0,0,0,0,0,0,0,0,0,0,0,0,0,0,0,0,0,0,0,0,0,0,0,0,0,0,0,0,0,0,0,7,0,0,0,0,0,0,0,0,15
SAL22823,0,0,0,0,0,0,0,0,0,4,0,0,0,0,0,0,0,0,0,5,3,0,6,4,0,0,6,7,0,25,0,0,0,0,0,0,0,0,0,0,0,0,0,0,0,0,0,0,0,4,0,0,0,0,0,0,0,0,0,0,0,0,0,0,0,0,0,5,0,4,12,14,11,13,4,5,5,7,0,65
SAL22824,0,0,0,0,0,0,0,0,0,0,0,0,0,3,0,0,0,0,0,3,0,0,0,0,0,0,0,0,0,6,0,0,0,0,0,0,0,0,0,0,0,0,0,0,0,0,0,0,0,4,0,0,0,0,0,0,0,0,0,0,0,0,0,0,0,0,0,0,0,5,0,4,0,3,0,0,0,0,5,8
SAL22825,23,25,3,17,22,5,6,4,0,105,25,22,16,25,25,5,8,8,0,147,105,23,194,32,48,22,18,33,8,479,4,0,0,3,3,3,0,0,0,14,0,6,7,0,17,3,0,0,0,39,3,0,0,0,5,0,0,0,0,12,3,11,3,0,3,0,0,0,0,21,315,432,242,120,193,74,27,51,16,1482
SAL22826,0,0,0,0,0,0,0,0,0,0,0,0,0,0,0,0,0,0,0,0,0,0,0,0,0,0,0,0,0,3,0,0,0,0,0,0,0,0,0,0,0,0,0,0,0,0,0,0,0,0,0,0,0,0,0,0,0,0,0,0,0,0,0,0,0,0,0,0,0,0,4,3,0,0,0,0,0,0,0,17
SAL22827,0,0,0,0,0,0,0,0,0,0,0,0,0,0,0,0,0,0,0,0,0,0,0,0,0,0,0,0,0,0,0,0,0,0,0,0,0,0,0,0,0,0,0,0,0,0,0,0,0,0,0,0,0,0,0,0,0,0,0,0,0,0,0,0,0,0,0,0,0,0,0,0,0,0,0,0,0,0,0,0
SAL22828,0,0,0,0,0,0,0,0,0,0,0,0,0,0,0,0,0,0,0,0,0,0,0,0,0,0,0,0,0,0,0,0,0,0,0,0,0,0,0,0,0,0,0,0,0,0,0,0,0,0,0,0,0,0,0,0,0,0,0,0,0,0,0,0,0,0,0,0,0,0,0,0,0,0,0,0,0,0,0,0
SAL22829,9,6,8,15,11,0,0,0,3,61,14,16,16,37,13,6,3,4,0,113,48,18,169,86,51,52,37,46,13,511,8,6,0,4,3,9,0,3,0,30,3,0,0,6,0,0,5,9,0,20,0,0,0,0,0,0,0,0,0,6,6,3,8,4,4,9,4,13,3,54,118,248,215,182,98,93,55,84,19,1122
SAL22830,3,0,0,0,3,0,0,0,0,8,6,0,0,0,0,0,0,0,0,8,3,0,0,0,3,0,3,0,0,11,0,0,0,0,0,0,0,0,0,0,0,0,0,0,0,0,0,0,0,0,0,0,0,0,0,0,0,0,0,0,0,0,0,0,0,0,0,0,0,4,15,3,3,0,6,7,3,0,0,40
SAL22831,0,0,0,0,0,0,0,0,0,4,0,0,0,0,0,0,0,0,0,0,0,0,0,0,0,0,0,0,0,3,0,0,0,0,0,0,0,0,0,0,0,0,0,0,0,0,0,0,0,0,0,0,0,0,0,0,0,0,0,0,0,0,0,0,0,0,0,0,0,0,0,0,0,6,0,0,0,0,5,14
SAL22832,0,0,0,0,0,0,0,0,0,0,0,0,0,0,0,0,0,0,0,0,0,0,0,0,0,0,3,4,0,7,0,0,0,0,0,0,0,0,0,0,0,0,0,0,0,0,0,0,0,3,0,0,0,0,0,0,0,0,0,0,0,0,0,0,0,0,0,0,0,5,8,0,0,0,3,0,3,11,0,19
SAL22833,31,37,21,26,11,9,0,5,3,148,34,41,15,48,32,15,13,6,0,201,67,28,192,79,37,20,23,37,3,483,0,0,6,0,3,5,0,0,0,21,9,5,3,5,6,5,0,6,3,41,3,7,0,0,0,6,0,0,0,20,10,8,0,9,7,6,0,0,0,41,475,919,295,259,232,93,42,77,30,2412
SAL22834,0,0,0,0,0,0,0,0,0,8,0,0,0,0,4,0,0,3,0,9,5,0,13,0,4,0,0,0,0,33,0,0,0,0,0,0,0,0,0,5,4,0,0,0,0,0,0,0,0,8,0,0,0,0,0,0,0,0,0,0,0,0,0,0,0,0,0,0,0,0,28,33,20,6,12,3,3,7,0,113
SAL22835,0,0,0,0,0,0,0,0,0,0,0,0,0,0,0,0,0,0,0,3,0,0,3,0,0,0,0,0,0,14,0,0,0,0,0,0,0,0,0,0,0,0,0,0,0,0,0,0,0,0,0,0,0,0,0,0,0,0,0,0,0,0,0,0,0,0,0,0,0,0,0,4,5,8,8,0,0,0,4,24
SAL22836,4,4,0,5,0,0,0,0,0,8,0,3,4,3,0,3,0,0,0,22,14,0,25,3,6,5,4,8,0,67,0,0,0,0,0,0,0,0,0,0,0,0,0,0,0,0,0,0,0,3,0,0,0,0,0,0,0,0,0,0,0,0,0,0,0,0,0,0,0,0,36,53,35,14,17,8,5,12,0,179
SAL22837,0,0,0,0,0,0,0,0,0,0,0,0,0,0,0,0,0,0,0,3,0,0,0,0,0,0,0,0,0,6,0,0,0,0,0,0,0,0,0,0,0,0,0,0,0,0,0,0,0,0,0,0,0,0,0,0,0,0,0,0,0,0,0,0,0,0,0,0,0,0,4,0,0,0,0,0,0,0,0,11
SAL22838,3,0,0,0,0,0,0,0,0,3,0,0,0,0,0,0,0,0,0,0,4,0,0,0,0,3,0,0,0,6,0,0,0,0,0,0,0,0,0,0,0,0,0,0,0,0,0,0,0,0,0,0,0,0,0,0,0,0,0,0,0,0,0,0,0,0,0,0,0,0,11,0,3,0,0,3,0,0,0,18
SAL22839,3,0,0,0,0,5,0,0,0,6,0,0,0,0,0,0,0,0,0,4,3,0,9,0,0,0,0,0,0,17,0,0,0,0,0,0,0,0,0,0,0,0,0,0,0,0,0,0,0,0,0,0,0,0,0,0,0,0,0,0,0,0,0,0,0,0,0,0,0,0,11,4,9,0,3,5,0,4,0,34
SAL22840,0,0,0,0,0,0,0,0,0,3,0,0,0,0,0,0,0,0,0,0,0,0,0,0,0,0,4,0,0,8,0,0,0,0,0,0,0,0,0,0,0,0,0,0,0,0,0,0,0,0,0,0,0,0,0,0,0,0,0,0,0,0,0,0,0,0,0,0,0,0,0,6,0,0,0,0,4,4,0,14
SAL22841,3,0,0,0,0,0,0,0,0,9,4,3,0,0,0,3,0,0,0,13,15,3,12,3,0,3,0,7,0,45,0,0,0,0,0,0,0,0,0,0,0,0,0,0,0,0,0,0,0,0,0,0,0,0,0,0,0,0,0,4,0,0,0,0,0,0,0,0,0,3,36,22,21,9,4,6,0,4,0,104
SAL22842,0,0,0,0,0,0,0,0,0,4,0,6,0,0,0,0,0,0,0,3,0,0,0,6,0,0,0,4,0,10,0,0,0,0,0,0,0,0,0,0,0,0,0,0,0,0,0,0,0,0,0,0,0,0,0,0,0,0,0,0,0,0,0,0,0,0,0,0,0,0,6,8,5,7,0,0,0,4,0,29
SAL22843,0,0,0,0,0,0,0,0,0,3,0,0,0,0,0,0,0,0,0,4,4,0,8,4,0,0,0,0,0,13,0,0,0,0,0,0,0,0,0,0,0,0,0,0,0,0,0,0,0,3,0,0,0,0,0,0,0,0,0,0,0,0,0,0,0,0,0,0,0,0,9,6,7,4,6,3,3,0,0,39
SAL22844,0,0,0,0,0,0,0,0,0,0,0,0,0,0,0,0,0,0,0,0,0,0,0,0,0,0,0,0,0,0,0,0,0,0,0,0,0,0,0,0,0,0,0,0,0,0,0,0,0,0,0,0,0,0,0,0,0,0,0,0,0,0,0,0,0,0,0,0,0,3,3,0,3,0,0,0,0,0,0,9
SAL22845,0,0,0,0,0,0,0,0,0,0,0,0,0,0,0,0,0,0,0,0,5,0,0,0,0,0,0,0,0,8,0,0,0,0,0,0,0,0,0,0,0,0,0,0,0,0,0,0,0,0,0,0,0,0,0,0,0,0,0,0,0,0,0,0,0,0,0,0,0,0,4,0,0,0,0,0,0,5,0,18
SAL22846,0,3,0,3,0,0,0,0,0,8,6,0,0,4,0,0,0,0,0,13,8,0,31,3,7,0,8,7,0,68,0,0,0,0,0,0,0,0,0,3,0,0,0,0,0,0,0,0,0,0,0,0,0,0,0,0,0,0,0,0,0,0,3,5,0,0,0,0,0,10,17,32,34,15,11,8,12,9,8,147
SAL22847,0,0,0,0,0,0,0,0,0,0,3,0,0,0,0,4,0,0,0,9,0,0,0,0,0,0,0,0,0,6,0,0,0,0,0,0,0,0,0,0,0,0,0,0,0,0,0,0,0,0,0,0,0,0,0,0,0,0,0,0,0,0,0,0,0,0,0,0,0,0,9,4,0,0,0,4,0,0,5,19
SAL22848,5,0,0,0,0,0,0,0,0,5,0,0,0,0,0,0,0,0,0,4,5,0,9,3,4,0,0,0,0,20,0,0,0,0,0,0,0,5,0,5,0,0,0,0,0,0,0,0,0,0,0,0,0,0,0,0,0,0,0,0,0,0,0,0,0,0,0,0,0,0,15,21,9,5,6,0,0,6,0,64
SAL22849,0,0,0,0,0,0,0,0,0,0,0,0,0,0,0,0,0,0,0,0,0,0,0,0,0,0,0,0,0,0,0,0,0,0,0,0,0,0,0,0,0,0,0,0,0,0,0,0,0,0,0,0,0,0,0,0,0,0,0,0,0,0,0,0,0,0,0,0,0,0,0,0,0,0,0,0,0,0,0,0
SAL22850,0,0,0,0,0,0,0,0,0,0,0,0,0,0,0,0,0,0,0,0,0,0,0,0,0,0,0,0,0,0,0,0,0,0,0,0,0,0,0,0,0,0,0,0,0,0,0,0,0,0,0,0,0,0,0,0,0,0,0,0,0,0,0,0,0,0,0,0,0,0,0,0,0,0,0,0,0,0,0,0
SAL22851,8,0,0,0,0,0,0,0,0,9,3,0,0,0,5,0,0,0,0,11,25,0,12,7,3,0,5,6,0,60,0,0,0,0,0,0,0,0,0,0,3,0,0,0,3,0,0,0,0,8,0,0,0,0,0,0,0,0,0,0,0,0,0,0,0,0,0,0,0,0,42,16,15,16,11,0,5,9,0,116
SAL22852,0,0,0,0,0,0,0,0,0,0,0,0,0,0,0,0,0,0,0,4,9,0,0,0,0,4,0,0,0,13,0,0,0,0,0,0,0,0,0,0,0,0,0,0,0,0,0,0,0,0,0,0,0,0,0,0,0,0,0,0,0,0,0,0,0,0,0,0,0,4,7,8,3,5,0,4,0,7,0,34
SAL22853,0,0,0,0,5,0,0,0,0,10,7,7,3,0,3,0,0,0,0,23,3,0,16,3,9,4,4,4,0,42,0,0,0,0,0,0,0,0,0,0,0,0,0,0,0,0,0,0,0,0,0,0,0,0,0,0,0,0,0,0,0,0,0,0,0,0,0,0,0,0,21,46,22,5,18,7,5,7,0,132
SAL22854,0,0,0,0,0,0,0,0,0,0,0,0,0,0,0,0,0,0,0,0,0,0,3,0,0,0,0,0,0,11,0,0,0,0,0,0,0,0,0,0,0,0,0,0,0,0,0,0,0,4,0,0,0,0,0,0,0,0,0,0,0,0,0,0,0,0,0,0,0,0,7,5,3,0,3,0,0,3,0,14
SAL22855,0,0,0,0,0,0,0,0,0,0,0,0,0,0,0,0,0,0,0,0,0,0,5,0,0,0,0,0,0,5,0,0,0,0,0,0,0,0,0,0,0,0,0,0,0,0,0,0,0,0,0,0,0,0,0,0,0,0,0,0,0,0,0,0,0,0,0,0,0,0,3,3,5,0,0,0,0,0,0,6
SAL22856,0,0,0,0,0,0,0,0,0,0,0,0,0,0,0,0,0,0,0,0,3,0,7,0,0,0,3,0,0,17,0,0,0,0,0,0,0,0,0,0,0,0,0,0,0,0,0,0,0,0,0,0,0,0,0,0,0,0,0,0,0,0,0,0,0,0,0,0,0,0,3,5,7,0,4,0,3,3,0,22
SAL22857,3,13,5,14,11,4,0,5,0,55,18,9,18,34,25,6,4,11,0,121,40,14,254,74,47,22,53,57,6,569,7,0,8,0,5,0,4,0,0,29,9,5,0,4,3,4,0,0,0,30,0,0,0,0,0,0,0,0,0,4,3,0,7,3,0,0,0,3,0,21,106,145,297,159,113,48,61,79,7,1015
SAL22858,0,0,0,0,0,0,0,0,0,0,6,0,0,0,0,0,0,0,0,9,10,3,6,4,0,0,0,3,0,29,0,0,0,0,0,0,0,0,0,3,0,0,0,0,0,0,0,0,0,3,0,0,0,0,0,0,0,0,0,0,0,0,0,0,0,0,0,9,0,8,16,15,6,3,7,4,0,10,0,66
SAL22859,0,0,0,0,0,0,0,0,0,0,0,0,0,0,0,0,0,0,0,4,0,0,5,0,0,0,0,0,0,9,0,0,0,0,0,0,0,0,0,0,0,0,0,0,0,0,0,0,0,4,0,0,0,0,0,0,0,0,0,0,0,0,0,0,0,0,0,0,0,0,5,4,5,0,5,0,0,0,0,21
SAL22860,0,0,0,0,0,0,0,0,0,0,0,0,0,5,3,0,0,3,0,8,0,4,19,10,5,0,5,3,0,44,5,0,0,0,0,0,0,0,0,8,0,0,0,0,0,0,0,0,0,0,0,0,0,0,0,0,0,0,0,0,0,0,0,0,0,0,3,4,0,11,13,12,17,15,8,3,5,17,0,90
SAL22861,6,0,0,0,0,0,0,0,0,11,3,0,0,0,0,0,0,5,0,7,9,0,6,0,0,0,0,0,0,14,0,0,0,0,0,0,0,0,0,0,0,0,0,0,0,0,0,0,0,0,0,0,0,0,0,0,0,0,0,0,0,0,0,0,0,0,0,0,0,3,23,13,6,0,4,0,0,3,0,44
SAL22862,0,0,0,0,0,0,0,0,0,0,0,0,0,0,0,0,0,0,0,0,0,0,0,0,0,0,0,0,0,0,0,0,0,0,0,0,0,0,0,0,0,0,0,0,0,0,0,0,0,0,0,0,0,0,0,0,0,0,0,0,0,0,0,0,0,0,0,0,0,0,0,4,0,0,0,0,0,0,0,9
SAL22863,0,0,0,0,0,0,0,0,0,0,0,0,0,0,0,0,0,0,0,0,0,0,0,0,0,0,0,0,0,0,0,0,0,0,0,0,0,0,0,0,0,0,0,0,0,0,0,0,0,0,0,0,0,0,0,0,0,0,0,0,0,0,0,0,0,0,0,0,0,0,0,0,0,0,0,0,0,0,0,3
SAL22864,0,0,0,0,0,0,0,0,0,0,3,0,0,0,0,0,0,0,0,4,0,0,0,0,0,0,0,0,0,9,0,0,0,0,0,0,0,0,0,0,0,0,0,0,0,0,0,0,0,0,0,0,0,0,0,0,0,0,0,0,0,0,0,0,0,0,0,0,0,0,6,4,0,0,0,0,0,0,0,13
SAL22865,0,0,0,0,0,0,0,0,0,0,0,0,0,0,0,0,0,0,0,0,0,0,0,0,0,0,0,0,0,0,0,0,0,0,0,0,0,0,0,0,0,0,0,0,0,0,0,0,0,0,0,0,0,0,0,0,0,0,0,0,0,0,0,0,0,0,0,0,0,0,0,0,0,0,0,0,0,0,0,0
SAL22866,0,0,0,0,0,0,0,0,0,0,0,0,0,0,0,0,0,0,0,0,0,0,0,0,0,0,0,0,0,0,0,0,0,0,0,0,0,0,0,0,0,0,0,0,0,0,0,0,0,0,0,0,0,0,0,0,0,0,0,0,0,0,0,0,0,0,0,0,0,0,0,0,0,0,0,0,0,0,0,0
SAL22867,0,0,0,0,0,0,0,0,0,0,0,0,0,0,0,0,0,0,0,0,0,0,0,0,0,0,0,0,0,0,0,0,0,0,0,0,0,0,0,0,0,0,0,0,0,0,0,0,0,0,0,0,0,0,0,0,0,0,0,0,0,0,0,0,0,0,0,0,0,0,0,0,0,0,0,0,0,0,0,0
SAL22868,0,0,0,0,0,0,0,0,0,0,0,0,0,0,0,0,0,0,0,0,0,0,0,0,0,0,0,0,0,0,0,0,0,0,0,0,0,0,0,0,0,0,0,0,0,0,0,0,0,0,0,0,0,0,0,0,0,0,0,0,0,0,0,0,0,0,0,0,0,0,0,0,0,0,0,0,0,0,0,0
SAL22869,3,0,0,0,0,0,0,0,0,3,0,0,0,0,0,0,0,0,0,6,0,0,5,0,0,0,0,0,0,4,0,0,0,0,0,0,0,0,0,0,0,0,0,0,0,0,0,0,0,0,0,0,0,0,0,0,0,0,0,0,0,0,0,0,0,0,0,0,0,0,9,3,5,4,0,5,0,5,3,24
SAL22870,0,0,0,0,0,0,0,0,0,0,0,0,0,0,0,0,0,0,0,0,0,0,0,0,0,0,0,0,0,0,0,0,0,0,0,0,0,0,0,0,0,0,0,0,0,0,0,0,0,0,0,0,0,0,0,0,0,0,0,0,0,0,0,0,0,0,0,0,0,0,0,0,0,0,0,0,0,0,0,0
SAL22871,0,0,0,0,0,0,0,0,0,0,0,0,0,0,0,0,0,0,0,0,0,0,0,0,0,0,0,0,0,0,0,0,0,0,0,0,0,0,0,0,0,0,0,0,0,0,0,0,0,0,0,0,0,0,0,0,0,0,0,0,0,0,0,0,0,0,0,0,0,0,0,0,0,0,0,0,0,0,0,3
SAL22872,0,0,0,0,0,0,0,0,0,0,0,0,0,0,0,0,0,0,0,0,0,0,0,0,0,0,0,0,0,0,0,0,0,0,0,0,0,0,0,0,0,0,0,0,0,0,0,0,0,0,0,0,0,0,0,0,0,0,0,0,0,0,0,0,0,0,0,0,0,0,0,0,0,0,0,0,0,0,0,0
SAL22873,0,0,0,0,0,0,0,0,0,4,0,0,3,0,3,0,0,0,0,9,7,0,19,4,0,7,0,7,0,57,0,0,0,0,0,0,0,0,0,0,0,0,0,0,0,0,0,0,0,6,0,0,0,0,0,0,0,0,0,0,0,0,0,0,0,0,0,0,0,0,12,14,26,10,5,8,9,11,0,90
SAL22874,4,0,0,0,0,0,0,0,0,4,0,4,0,0,0,0,0,0,0,4,9,0,3,3,0,0,7,0,0,18,0,0,0,0,0,0,0,0,0,0,0,0,0,0,0,0,0,0,0,0,0,0,0,0,0,0,0,0,0,0,0,0,0,0,0,0,0,0,0,0,10,22,10,4,3,0,7,0,0,53
SAL22875,9,0,4,9,5,0,0,0,0,22,4,5,0,15,7,4,0,0,0,40,12,3,50,23,15,9,13,14,0,141,3,0,0,3,4,0,0,0,0,14,0,4,0,0,0,0,0,0,0,7,0,0,0,0,0,0,0,0,0,0,3,0,0,0,0,0,0,0,0,3,58,77,63,53,40,16,16,20,5,347
SAL22876,4,8,0,0,0,3,4,3,0,28,12,15,8,21,12,8,0,0,0,73,37,13,86,33,35,26,22,20,0,270,3,0,5,0,0,0,0,0,0,11,0,0,0,0,7,0,0,0,0,16,0,0,0,0,0,0,0,0,0,7,0,0,0,0,3,0,0,8,0,12,75,158,100,66,70,41,28,36,3,583
SAL22877,0,0,0,0,0,0,0,0,0,5,4,3,3,0,0,0,0,4,0,9,12,0,13,7,5,3,9,7,0,64,0,0,0,0,0,0,0,0,0,6,3,0,0,0,0,0,0,0,0,4,0,0,0,0,0,0,0,0,0,0,0,0,0,3,0,0,0,3,0,6,26,31,21,16,8,7,11,15,0,138
SAL22878,0,0,0,0,0,0,0,0,0,0,0,0,0,0,0,0,0,0,0,0,0,0,3,0,0,0,0,0,0,3,0,0,0,0,0,0,0,0,0,0,0,0,0,0,0,0,0,0,0,0,0,0,0,0,0,0,0,0,0,0,0,0,0,0,0,0,0,0,0,0,0,0,3,0,0,0,0,0,0,3
SAL22879,0,0,0,0,0,0,0,0,0,0,0,0,0,0,0,0,0,0,0,0,0,0,0,0,0,0,0,0,0,0,0,0,0,0,0,0,0,0,0,0,0,0,0,0,0,0,0,0,0,0,0,0,0,0,0,0,0,0,0,0,0,0,0,0,0,0,0,0,0,0,0,0,0,0,0,0,0,0,0,5
SAL22880,0,0,0,0,0,0,0,0,0,0,0,0,0,0,0,0,0,0,0,0,3,0,0,0,0,0,0,0,0,4,0,0,0,0,0,0,0,0,0,0,0,0,0,0,0,0,0,0,0,0,0,0,0,0,0,0,0,0,0,0,0,0,0,0,0,0,0,0,0,0,3,0,0,0,0,0,0,0,0,4
SAL22881,0,0,0,0,0,0,0,0,0,6,0,0,0,0,0,0,0,0,0,0,0,0,3,0,0,0,0,3,0,7,0,0,0,0,0,0,0,0,0,0,0,0,0,0,0,0,0,0,0,0,0,0,0,0,0,0,0,0,0,0,0,0,0,0,0,0,0,0,0,0,5,0,8,3,0,5,0,7,0,25
SAL22882,0,0,0,0,0,0,0,0,0,0,0,5,0,0,0,0,0,0,0,4,0,0,0,0,0,0,4,0,0,3,0,0,0,0,0,0,0,0,0,0,0,0,0,0,0,0,0,0,0,0,0,0,0,0,0,0,0,0,0,0,0,0,0,0,0,0,0,0,0,0,5,5,0,0,0,0,4,0,0,13
SAL22883,38,59,49,58,54,25,38,32,5,350,80,80,89,241,154,47,83,50,15,838,126,78,547,308,209,121,228,211,32,1863,5,3,12,14,17,8,19,20,0,102,7,5,18,37,27,13,27,22,0,150,8,11,11,15,10,3,7,8,3,70,10,16,17,18,18,7,19,20,28,154,588,1584,935,1019,873,356,531,460,133,6473
SAL22884,0,0,0,3,0,0,0,0,0,10,6,0,0,4,0,0,0,0,0,9,4,0,13,0,0,4,6,0,0,22,0,0,0,0,0,0,0,0,0,0,0,0,0,0,0,0,0,0,0,0,0,0,0,0,0,0,0,0,0,0,0,0,0,0,0,0,0,0,0,0,28,19,13,6,8,4,6,8,0,86
SAL22885,9,0,0,0,0,0,0,0,0,9,0,0,0,0,0,0,0,0,0,8,0,0,6,5,0,0,0,0,0,14,0,0,0,0,0,0,0,0,0,0,0,0,0,0,0,0,0,0,0,0,0,0,0,0,0,0,0,0,0,0,0,0,0,0,0,0,0,0,0,0,13,0,3,4,6,0,0,3,0,34
SAL22886,0,0,0,0,0,0,0,0,0,0,0,0,0,0,0,0,0,0,0,0,3,0,0,0,0,0,0,0,0,9,0,0,0,0,0,0,0,0,0,0,0,0,0,0,0,0,0,0,0,0,0,0,0,0,0,0,0,0,0,0,0,0,0,0,0,0,0,0,0,0,8,9,0,0,0,0,0,5,0,20
SAL22887,0,0,0,0,0,0,0,0,0,0,0,0,0,0,0,0,0,0,0,0,0,0,3,0,0,0,0,0,0,3,0,0,0,0,0,0,0,0,0,0,0,0,0,0,0,0,0,0,0,0,0,0,0,0,0,0,0,0,0,0,0,0,0,0,0,0,0,0,0,0,5,4,4,0,0,0,0,0,0,19
SAL22888,0,4,0,0,0,0,0,0,0,4,0,0,0,0,0,0,0,0,0,0,4,0,0,0,0,0,0,0,0,3,0,0,0,0,0,0,0,0,0,0,0,0,0,0,0,0,0,0,0,0,0,0,0,0,0,0,0,0,0,0,0,0,0,0,0,0,0,0,0,0,9,3,0,0,0,0,0,0,0,16
SAL22889,10,20,6,7,0,0,0,3,0,45,14,12,9,17,12,3,0,4,0,66,37,9,62,11,23,13,18,26,0,202,0,3,0,0,0,3,0,0,0,6,0,0,0,0,0,0,0,5,0,11,0,0,0,0,0,0,0,0,0,3,0,3,0,4,3,0,0,8,6,20,135,267,83,62,69,30,25,49,8,732
SAL22890,3,0,0,0,0,0,0,0,0,3,0,0,0,0,0,0,0,0,0,6,13,0,5,3,0,0,3,4,0,31,0,0,0,0,0,0,0,0,0,0,6,0,0,0,0,0,0,0,0,6,0,0,0,0,0,0,0,0,0,0,3,0,0,0,0,0,0,0,0,4,28,11,4,3,0,4,3,6,0,62
SAL22891,0,0,0,0,0,0,0,0,0,0,0,0,0,0,0,0,0,0,0,0,3,0,0,0,0,0,0,0,0,3,0,0,0,0,0,0,0,0,0,0,0,0,0,0,0,0,0,0,0,0,0,0,0,0,0,0,0,0,0,0,0,0,0,0,0,0,0,0,0,0,6,0,0,0,0,0,0,0,0,6
SAL22892,19,34,13,16,19,0,3,6,0,119,45,33,27,45,29,20,0,6,0,198,47,33,178,65,39,11,11,21,0,409,0,0,3,0,10,5,0,0,0,15,4,3,0,5,6,3,0,0,0,18,0,0,0,3,0,0,0,0,0,9,0,4,4,6,0,0,0,0,6,23,290,563,272,196,193,64,21,51,22,1665
SAL22893,0,0,0,0,0,0,0,0,0,0,0,0,0,0,0,0,0,0,0,0,0,0,9,5,7,0,7,0,0,26,0,0,0,0,0,0,0,0,0,0,0,0,0,0,0,0,0,0,0,0,0,0,0,0,0,0,0,0,0,0,0,0,0,0,0,0,0,0,0,0,0,10,9,5,9,0,7,0,0,42
SAL22894,0,3,0,0,6,0,0,0,0,8,6,11,4,21,8,0,4,4,0,59,17,11,83,49,28,8,23,37,5,265,0,0,0,0,3,0,3,3,0,13,0,0,0,4,0,0,0,0,0,11,0,0,0,0,0,0,0,0,0,0,0,0,0,4,0,0,0,0,0,7,35,63,93,89,54,12,32,49,13,438
SAL22895,0,0,0,0,0,0,0,0,0,0,0,0,0,0,0,0,0,0,0,0,0,0,0,0,0,0,0,0,0,0,0,0,0,0,0,0,0,0,0,0,0,0,0,0,0,0,0,0,0,0,0,0,0,0,0,0,0,0,0,0,0,0,0,0,0,0,0,0,0,0,0,0,0,0,0,0,0,0,0,0
SAL22896,0,0,0,0,0,0,0,0,0,4,3,3,0,0,4,0,0,0,0,9,8,0,4,3,0,4,0,3,0,25,0,0,0,0,0,0,0,7,0,7,0,0,0,0,0,0,0,0,0,0,0,0,0,0,0,0,0,0,0,0,5,0,0,3,0,0,0,0,0,6,19,9,7,9,0,4,4,12,0,69
SAL22897,0,0,0,0,0,0,0,0,0,7,3,0,0,0,0,0,0,0,0,3,7,0,7,0,0,4,0,4,0,22,0,0,0,0,0,0,0,0,0,0,0,0,0,0,0,0,0,0,0,0,0,0,0,0,0,0,0,0,0,0,0,0,0,0,0,0,0,3,0,0,19,3,7,0,0,4,0,6,0,42
SAL22898,5,0,0,0,3,0,0,0,0,5,0,0,3,0,0,0,0,0,0,8,8,3,9,3,0,0,0,4,0,35,0,0,0,0,0,0,0,0,0,0,0,0,0,0,0,0,0,0,0,0,0,0,0,0,0,0,0,0,0,0,0,0,0,0,0,0,0,0,0,0,19,14,13,8,12,0,0,3,0,79
SAL22899,0,0,0,0,0,0,0,0,0,0,0,0,0,0,0,0,0,0,0,0,0,0,0,0,0,0,0,0,0,4,0,0,0,0,0,0,0,0,0,0,0,0,0,0,0,0,0,0,0,0,0,0,0,0,0,0,0,0,0,0,0,0,0,0,0,0,0,0,0,0,0,3,0,0,0,0,0,0,0,12
SAL22900,3,0,0,0,0,0,0,0,0,3,3,0,0,0,0,0,0,0,0,12,21,0,8,0,0,7,0,8,0,43,0,0,0,0,0,0,0,0,0,3,0,0,0,0,0,0,0,0,0,0,0,0,0,0,0,0,0,0,0,0,0,0,0,0,0,0,0,0,0,3,43,11,7,3,0,6,0,16,0,94
SAL22901,0,0,0,0,0,0,0,0,0,0,0,0,0,0,0,0,0,0,0,0,7,0,0,0,0,0,0,0,0,6,0,0,0,0,0,0,0,0,0,0,0,0,0,0,0,0,0,0,0,0,0,0,0,0,0,0,0,0,0,0,0,0,0,0,0,0,0,0,0,0,5,0,3,0,0,0,0,0,0,8
SAL22902,0,0,0,3,0,0,0,0,0,7,0,0,0,0,0,0,0,0,0,3,5,0,6,0,0,0,0,0,4,21,0,0,0,0,0,0,0,0,0,0,0,0,0,0,0,0,0,0,0,0,0,0,0,0,0,0,0,0,0,0,0,0,0,0,0,0,0,0,0,3,15,26,11,9,6,4,0,4,5,69
SAL22903,0,0,0,0,0,0,0,0,0,0,0,0,0,0,0,0,0,0,0,0,0,0,0,0,0,0,0,0,0,0,0,0,0,0,0,0,0,0,0,0,0,0,0,0,0,0,0,0,0,0,0,0,0,0,0,0,0,0,0,0,0,0,0,0,0,0,0,0,0,0,4,3,6,0,0,0,0,0,0,17
SAL22904,0,0,0,0,0,0,0,0,0,0,0,0,0,0,0,0,0,0,0,0,4,4,6,0,0,0,0,0,0,19,0,0,0,0,0,0,0,0,0,0,0,0,0,0,0,0,0,0,0,0,0,0,0,0,0,0,0,0,0,0,0,0,0,0,0,0,0,0,0,0,4,7,6,4,4,0,0,0,0,33
SAL22905,0,0,0,0,0,0,0,0,0,0,0,0,0,0,0,0,0,0,0,0,0,0,0,0,0,0,0,0,0,0,0,0,0,0,0,0,0,0,0,0,0,0,0,0,0,0,0,0,0,0,0,0,0,0,0,0,0,0,0,0,0,0,0,0,0,0,0,0,0,0,0,0,0,0,0,0,0,0,0,0
SAL22906,6,0,0,0,4,0,0,0,0,7,0,4,0,3,0,0,0,0,0,9,9,0,10,0,3,0,7,4,0,34,0,0,0,0,0,0,0,0,0,4,0,0,0,0,0,0,0,0,0,3,0,0,0,0,0,0,0,0,0,0,0,0,0,0,0,3,0,0,0,3,25,13,14,9,9,5,8,8,0,88
SAL22907,0,0,0,0,0,0,0,0,0,7,0,0,0,0,3,0,0,0,0,5,0,0,7,9,5,0,0,4,0,21,0,0,0,0,0,0,0,3,0,3,0,0,0,0,0,0,0,0,0,0,0,0,0,0,0,0,0,0,0,0,0,0,0,0,0,0,0,0,0,0,12,30,19,9,14,0,0,5,0,83
SAL22908,0,0,0,0,3,0,0,0,0,3,0,0,0,4,0,0,0,0,0,3,8,0,9,0,0,0,0,0,0,21,0,0,0,0,0,0,0,0,0,4,0,0,0,0,0,0,0,0,0,0,0,0,0,0,0,0,0,0,0,0,0,0,0,0,0,0,0,0,0,0,20,12,6,10,11,3,0,0,0,53
SAL22909,0,0,0,0,0,0,0,0,0,0,0,0,0,0,0,0,0,0,0,3,0,0,6,0,0,0,0,0,0,11,0,0,0,0,0,0,0,0,0,0,0,0,0,0,0,0,0,0,0,0,0,0,0,0,0,0,0,0,0,0,0,0,0,0,0,0,0,0,0,0,3,0,6,5,0,0,0,0,0,18
SAL22910,19,17,7,16,10,4,0,4,0,77,20,20,15,25,26,3,4,5,3,124,66,15,187,38,40,26,24,33,7,444,3,0,0,0,9,3,0,0,0,18,0,5,4,4,6,4,3,0,0,22,0,0,0,0,3,0,0,0,0,4,8,0,0,4,3,7,0,0,3,37,175,231,225,116,133,56,42,47,14,1048
SAL22911,6,3,4,12,7,0,4,4,0,47,21,13,8,22,19,10,4,7,0,100,38,16,163,52,49,25,29,34,9,413,5,0,3,0,3,0,0,3,0,11,6,0,0,0,3,5,0,0,0,17,0,0,0,0,0,0,0,0,0,0,3,3,3,8,4,0,3,3,4,29,102,121,188,125,98,47,40,64,23,806
SAL22912,0,0,0,0,0,0,0,0,0,0,0,0,0,0,0,0,0,0,0,6,0,0,0,0,3,0,0,0,0,5,0,0,0,0,0,0,0,0,0,0,0,0,0,0,0,0,0,0,0,0,0,0,0,0,0,0,0,0,0,0,0,0,0,0,0,0,0,0,0,0,3,0,0,0,3,0,0,0,0,4
SAL22913,6,8,6,8,5,0,0,0,0,28,13,8,5,23,11,4,0,10,0,72,38,3,100,43,19,15,29,27,3,275,0,0,0,0,0,0,0,0,0,6,0,0,5,0,3,0,0,3,0,10,0,0,0,0,0,0,0,0,0,3,3,0,0,5,0,0,0,4,0,17,85,115,116,97,48,21,32,45,10,576
SAL22914,4,0,0,3,0,0,0,0,0,7,0,0,4,0,0,0,0,0,0,5,5,0,7,8,0,5,0,0,0,17,0,0,0,0,0,0,0,0,0,4,0,0,0,0,0,0,0,0,0,3,0,0,0,0,0,0,0,0,0,0,0,0,0,0,0,0,0,0,0,6,16,21,11,12,4,8,0,0,0,75
SAL22915,5,7,0,4,4,0,0,0,0,23,5,10,6,20,8,3,0,3,0,59,32,9,79,32,23,12,19,36,0,243,3,0,0,0,0,7,0,0,0,11,0,0,0,0,0,3,0,0,0,9,0,0,0,0,0,0,0,5,0,4,0,0,3,6,3,0,0,4,0,22,73,89,86,68,39,24,25,57,8,480
SAL22916,11,14,6,6,11,3,0,3,0,42,12,15,9,8,8,0,0,4,0,55,47,6,102,12,21,12,13,5,5,216,0,0,0,0,0,0,0,0,0,3,0,0,4,7,8,4,0,0,0,27,0,0,0,0,0,0,0,0,4,8,0,0,3,0,0,0,0,0,0,15,121,153,123,52,73,28,14,18,10,594
SAL22917,72,91,56,28,55,28,9,6,5,361,112,125,58,87,86,42,18,21,7,552,137,78,322,97,109,64,39,73,18,945,13,8,4,11,9,7,8,5,0,57,16,19,13,19,20,13,5,5,0,113,5,13,0,4,5,0,7,3,4,31,25,24,8,8,16,6,5,3,14,109,1527,3044,624,501,760,329,121,199,104,7213
SAL22918,11,0,0,0,0,0,0,0,0,8,0,0,0,0,0,0,0,0,0,4,3,0,0,0,0,0,0,0,0,9,0,0,0,0,0,0,0,0,0,0,0,0,0,0,0,0,0,0,0,0,0,0,0,0,0,0,0,0,0,0,3,0,0,0,0,0,0,0,0,3,20,0,0,0,0,0,0,10,0,29
SAL22919,23,18,9,26,17,5,3,7,0,119,40,38,24,68,28,16,0,17,7,245,130,31,363,127,87,61,51,99,13,972,5,0,6,8,13,10,7,11,0,55,7,6,3,13,9,3,0,13,0,50,3,5,4,3,4,0,0,0,0,13,7,9,4,14,9,8,12,13,0,75,292,490,432,311,206,126,81,173,35,2136
SAL22920,0,0,0,0,0,0,0,0,0,0,0,0,0,0,0,0,0,0,0,0,0,0,0,0,0,0,0,0,0,4,0,0,0,0,0,0,0,0,0,0,0,0,0,0,0,0,0,0,0,0,0,0,0,0,0,0,0,0,0,0,0,0,0,0,0,0,0,0,0,0,3,0,0,0,0,0,0,0,0,7
SAL22921,4,3,0,0,0,0,3,0,0,8,0,0,0,5,0,0,0,0,0,14,16,0,19,9,3,3,7,9,0,69,9,0,0,0,0,0,0,0,0,9,3,0,0,0,3,0,0,3,0,10,0,0,0,0,0,0,0,0,0,0,0,0,0,0,0,0,0,0,0,5,37,25,25,17,8,4,6,23,0,147
SAL22922,0,0,0,0,0,0,0,0,0,0,0,0,0,0,0,0,0,0,0,0,0,0,0,0,0,0,0,0,0,3,0,0,0,0,0,0,0,0,0,0,0,0,0,0,0,0,0,0,0,0,0,0,0,0,0,0,0,0,0,0,0,0,0,0,0,0,0,0,0,0,6,0,0,0,0,0,0,0,0,11
SAL22923,0,0,0,0,0,0,0,0,0,0,0,0,0,0,0,0,0,0,0,0,0,0,0,0,0,0,0,0,0,0,0,0,0,0,0,0,0,0,0,0,0,0,0,0,0,0,0,0,0,0,0,0,0,0,0,0,0,0,0,0,0,0,0,0,0,0,0,0,0,0,0,0,0,0,0,0,0,0,0,0
SAL22924,11,7,4,10,3,4,0,0,0,45,8,7,8,8,12,4,4,3,0,55,28,9,76,20,12,8,20,20,4,208,0,0,0,0,0,0,0,0,0,9,0,0,6,3,5,0,4,0,0,17,0,0,0,0,4,0,0,0,0,7,0,0,3,7,5,0,0,0,0,17,72,100,94,69,48,27,34,34,9,487
SAL22925,7,0,6,0,0,0,0,0,0,21,8,3,5,3,0,0,0,0,0,28,7,6,48,3,4,3,4,8,0,90,0,0,0,0,0,0,0,0,0,3,3,0,0,0,4,0,0,0,0,11,0,0,0,0,0,0,0,0,0,0,0,0,0,0,0,0,0,0,0,4,48,35,63,19,20,8,3,11,0,206
SAL22926,0,0,0,0,0,0,0,0,0,4,3,6,3,0,3,0,0,0,0,17,10,0,15,7,8,0,9,4,0,44,0,0,0,0,0,0,0,0,0,3,0,0,0,0,0,0,0,0,0,0,0,0,0,0,0,0,0,0,0,3,0,0,0,0,0,0,0,0,0,0,16,20,16,14,11,5,11,6,0,93
SAL22927,0,3,0,0,0,0,0,0,0,6,0,7,0,3,0,0,0,0,0,7,4,0,17,4,0,0,3,6,0,43,0,0,0,0,0,0,0,0,0,4,0,0,0,0,0,0,0,0,5,8,0,0,0,0,0,0,0,0,0,0,0,0,0,0,0,0,0,0,0,3,14,34,17,13,6,3,3,14,4,106
SAL22928,0,0,0,0,5,6,0,0,0,7,0,0,0,0,0,0,0,0,0,0,5,0,5,0,0,0,3,0,0,19,0,0,0,0,0,0,0,0,0,0,0,0,0,0,0,0,0,0,0,5,0,0,0,0,0,0,0,0,0,0,0,0,0,0,0,0,0,0,0,0,9,12,6,7,7,0,3,0,0,46
SAL22929,0,0,0,0,0,0,0,0,0,4,0,3,0,0,0,0,0,0,0,4,3,0,9,0,0,0,0,0,0,14,0,0,0,0,0,0,0,0,0,0,0,0,0,0,0,0,0,0,0,4,0,0,0,0,0,0,0,0,0,0,0,0,0,0,0,0,0,6,6,0,8,13,9,0,5,0,3,4,6,42
SAL22930,0,0,0,0,0,0,0,0,0,0,0,0,0,0,0,0,0,0,0,0,3,0,14,0,0,0,0,0,0,21,3,0,0,0,0,0,0,0,0,3,0,0,0,0,0,0,0,0,0,0,0,0,0,0,0,0,0,0,0,0,0,0,0,0,0,0,0,0,0,6,14,13,14,0,0,0,0,0,0,44
SAL22931,4,0,0,0,0,0,0,0,0,4,0,0,0,0,0,0,0,0,0,0,3,0,0,0,0,0,0,0,0,3,0,0,0,0,0,0,0,0,0,0,0,0,0,0,0,0,0,0,0,0,0,0,0,0,0,0,0,0,0,0,0,0,0,0,0,0,0,0,0,0,8,0,0,0,3,0,0,0,0,12
SAL22932,0,0,0,0,0,0,0,0,0,0,0,0,0,0,0,0,0,0,0,3,0,0,0,0,0,0,0,0,0,4,0,0,0,0,0,0,0,0,0,0,0,0,0,0,0,0,0,0,0,0,0,0,0,0,0,0,0,0,0,0,0,0,0,0,0,0,0,0,0,0,4,0,0,0,0,0,0,0,0,8
SAL22933,0,0,0,0,0,0,0,0,0,0,0,0,0,0,0,0,0,0,0,4,4,0,0,6,0,0,0,0,0,11,0,0,0,0,0,0,0,0,0,0,0,0,0,0,0,0,0,0,0,0,0,0,0,0,0,0,0,0,0,0,0,0,0,0,0,0,0,0,0,0,7,0,0,4,0,0,0,0,0,19
SAL22934,5,5,0,0,5,0,0,3,0,23,0,4,9,12,11,0,3,0,6,36,13,0,60,19,18,8,14,13,0,160,0,0,0,0,0,0,0,0,0,5,0,0,0,7,0,0,0,0,0,7,0,0,0,0,0,0,0,0,0,0,4,0,0,0,0,0,0,4,0,12,45,77,78,49,39,13,23,21,3,344
SAL22935,4,0,3,5,3,0,0,0,0,15,3,3,0,6,10,0,0,0,0,24,12,8,46,16,10,10,17,6,0,111,0,0,0,0,4,0,0,0,0,4,0,0,0,0,0,0,0,0,0,5,0,0,0,0,0,0,0,0,0,0,0,0,0,0,3,0,0,0,0,4,20,52,55,35,34,8,22,14,0,241
SAL22936,0,0,0,0,0,0,0,0,0,0,0,0,0,0,0,0,0,0,0,0,0,0,0,0,0,0,0,0,0,0,0,0,0,0,0,0,0,0,0,0,0,0,0,0,0,0,0,0,0,0,0,0,0,0,0,0,0,0,0,0,0,0,0,0,0,0,0,0,0,0,0,0,0,0,0,0,0,0,0,0
SAL22937,0,0,0,0,0,0,0,0,0,0,0,0,0,0,0,0,0,0,0,0,0,0,3,0,0,0,0,0,0,5,0,0,0,0,0,0,0,0,0,0,0,0,0,0,0,0,0,0,0,0,0,0,0,0,0,0,0,0,0,0,0,0,0,0,0,0,0,0,0,0,4,0,3,0,0,0,0,0,0,15
SAL22938,0,0,0,0,0,0,0,0,0,0,3,0,0,0,0,0,0,0,0,3,4,0,0,0,0,0,0,0,0,4,0,0,0,0,0,0,0,0,0,0,0,0,0,0,0,0,0,0,0,0,0,0,0,0,0,0,0,0,0,0,0,0,0,0,0,0,0,0,0,0,8,4,0,0,0,0,0,0,0,10
SAL22939,6,0,0,0,0,0,0,0,0,10,0,0,0,0,0,0,0,4,0,11,3,0,11,3,0,0,0,3,0,22,0,0,0,0,0,0,0,0,0,3,0,0,0,0,0,0,0,0,0,0,0,0,0,0,0,0,0,0,0,0,0,0,0,0,0,0,0,0,0,0,13,9,10,4,13,0,3,5,0,58
SAL22940,0,0,0,0,0,0,0,0,0,0,0,0,0,0,0,0,0,0,0,0,0,0,3,0,0,0,0,0,0,12,0,0,0,0,0,0,0,0,0,0,0,0,0,0,0,0,0,0,0,0,0,0,0,0,0,0,0,0,0,0,0,0,0,0,0,0,0,0,0,0,4,4,3,3,3,0,0,0,0,19
SAL22941,0,0,0,0,0,0,0,0,0,3,0,0,0,0,0,0,0,0,0,4,0,0,4,0,0,0,0,0,0,5,0,0,0,0,0,0,0,0,0,0,0,0,0,0,0,0,0,0,0,0,0,0,0,0,0,0,0,0,0,0,0,0,0,0,0,0,0,0,0,0,3,13,7,4,0,5,4,3,0,31
SAL22942,0,0,0,0,0,0,0,0,0,0,0,0,0,0,0,0,0,0,0,4,0,0,0,0,0,0,0,0,0,0,0,0,0,0,0,0,0,0,0,0,0,0,0,0,0,0,0,0,0,0,0,0,0,0,0,0,0,0,0,0,0,0,0,0,0,0,0,0,0,0,9,0,0,4,0,0,0,0,0,12
SAL22943,0,0,0,0,0,0,0,0,0,0,0,0,0,0,0,0,0,0,0,6,7,3,10,0,0,5,0,0,4,23,0,0,0,0,0,0,0,0,0,0,0,0,0,0,0,0,0,0,0,0,0,0,0,0,0,0,0,0,0,0,0,0,0,0,0,0,0,0,0,0,13,12,7,0,0,5,0,0,4,52
SAL22944,0,0,0,0,0,0,0,0,0,0,0,0,0,0,0,0,0,0,0,0,0,0,0,0,0,0,0,0,0,0,0,0,0,0,0,0,0,0,0,0,0,0,0,0,0,0,0,0,0,0,0,0,0,0,0,0,0,0,0,0,0,0,0,0,0,0,0,0,0,0,0,0,0,0,0,0,0,0,0,0
SAL29494,7,6,8,8,6,3,3,3,0,46,13,16,15,20,6,0,13,19,3,110,20,27,132,53,19,21,37,74,5,393,0,0,6,0,0,0,0,4,0,22,3,0,3,6,0,0,0,7,0,22,0,5,0,0,3,0,0,0,0,10,5,0,9,0,4,3,0,13,13,44,133,313,192,156,89,64,81,181,28,1239
SAL29797,0,0,0,0,0,0,0,0,0,0,0,0,0,0,0,0,0,0,0,0,0,0,0,0,0,0,0,0,0,4,0,0,0,0,0,0,0,0,0,0,0,0,0,0,0,0,0,0,0,0,0,0,0,0,0,0,0,0,0,0,0,0,0,0,0,0,0,0,0,0,0,4,0,0,0,0,0,7,0,6
