OBJECTID,ufi,pfi,feature_id,parent_feature_id,feature_type,feature_subtype,feature_status,name,name_label,parent_name,child_exists,auth_org_code,auth_org_id,auth_org_verified,vmadd_pfi,vicnames_id,vicnames_status_code,theme1,theme2,state,create_date_pfi,superceded_pfi,feature_ufi,feature_create_date_ufi,create_date_ufi,ORIG_FID,activity_category,activity_weight,poi_group_id,poi_id
51289,76448893,1137798,1137798,12689.0,landmark,tourist attraction,,GREAT IRON STORE,Great Iron Store,,,358,29,,206411135,-1674398,11,,,VIC,1465463392000,,76448893,1780643521000,1780643521000,51289,tourism,1.5,12689.0,FOI_51289
51330,76448954,1332228,1332228,12951.0,community venue,community centre,,PORT MELBOURNE COMMUNITY ROOM,Port Melbourne Community Room,,,358,,1693440000000.0,219060530,-2088535,11,,,VIC,1693913635000,,76448954,1780643521000,1780643521000,51330,community,1.0,12951.0,FOI_51330
51290,76448894,1137805,1137805,13699.0,landmark,tourist attraction,,SCHEHERAZADE,Scheherazade,,,358,26,,50578364,-1674401,11,,,VIC,1465463392000,,76448894,1780643521000,1780643521000,51290,tourism,1.5,13699.0,FOI_51290
20532,74583561,985794,985794,69565.0,community venue,community centre,,BURLEY GRIFFIN COMMUNITY CENTRE,Burley Griffin Community Centre,ALLAN RESERVE,,,,,51981629,130450,10,,,VIC,1355840960000,,74583561,1760598781000,1760598781000,20532,community,1.0,69565.0,FOI_20532
10868,74583626,1335486,1335486,69569.0,community venue,hall,,CLIFF ALLISON COMMUNITY HALL,Cliff Allison Community Hall,ALLISON PARK,,,,,219044963,130440,10,,,VIC,1733753883000,,74583626,1760598781000,1760598781000,10868,community,1.0,69569.0,FOI_10868
27227,62382716,1137791,1137791,69571.0,landmark,tourist attraction,,SNAIL QUEEN,Snail Queen,ALMA PARK EAST,,358,Dpp2000.12.419,,219062651,-1674334,11,,,VIC,1465463392000,,62382716,1637047556000,1637047556000,27227,tourism,1.5,69571.0,FOI_27227
27233,62382727,1137802,1137802,69572.0,landmark,tourist attraction,,THE LISTENING PLACE,The Listening Place,ALMA PARK WEST,,358,pp2002.20.494,,219062651,-1674342,11,,,VIC,1465463392000,,62382727,1637047556000,1637047556000,27233,tourism,1.5,69572.0,FOI_27233
46660,76924392,1347638,1347638,69592.0,community venue,community centre,,ANDERSON PARK COMMUNITY HUB CML,Anderson Park Community Hub Cml,ANDERSON PARK,,307,957630,1786924800000.0,151143210,-2127320,11,,,VIC,1787743677000,,76924392,1787753574000,1787753574000,46660,community,1.0,69592.0,FOI_46660
20281,64571451,1138401,1138401,69609.0,community venue,community centre,,SOUTH MELB HELLENIC RSL HALL,South Melb Hellenic Rsl Hall,ANZAC GARDENS,,358,,1466035200000.0,53152587,-1675446,11,,,VIC,1466690130000,,51470118,1474438553000,1655947963000,20281,community,1.0,69609.0,FOI_20281
10253,53951078,999152,999152,69649.0,community venue,hall,,1ST ASHBURTON SCOUTS,1st Ashburton Scouts,ASHBURTON PARK,,,,,151024088,-1388348,11,,,VIC,1396962465000,,53951078,1518206157000,1518206157000,10253,community,1.0,69649.0,FOI_10253
20561,74583627,1335488,1335488,69675.0,community venue,community centre,,NANCYE KIRCHNER NEIGHBOURHOOD CENTRE,Nancye Kirchner Neighbourhood Centre,AVONDALE HEIGHTS RESERVE,,,,,219045816,130453,10,,,VIC,1733753883000,,74583627,1760598781000,1760598781000,20561,community,1.0,69675.0,FOI_20561
10834,73696920,1000631,1000631,69686.0,community venue,hall,,BENTLEIGH GIRL GUIDES,Bentleigh Girl Guides,BAILEY RESERVE,,,,,218973609,-1391360,11,,,VIC,1401098845000,,73696920,1756884454000,1756884454000,10834,community,1.0,69686.0,FOI_10834
22513,62696153,839396,839396,69739.0,community venue,senior citizens,,WEST FOOTSCRAY SENIOR CITIZENS,West Footscray Senior Citizens,BARRETT RESERVE,,,,,54061759,-1049724,11,,,VIC,1291131990000,,62696153,1644391038000,1644391038000,22513,community,1.0,69739.0,FOI_22513
2219,64546963,702347,702347,69776.0,cultural centre,library,,BEAUMARIS LIBRARY,Beaumaris Library,BEAUMARIS RESERVE,,134,,1262304000000.0,421351355,-769568,11,,,VIC,1275927336000,,52233446,1481313350000,1655947961000,2219,cultural,1.5,69776.0,FOI_2219
20519,73696922,1000674,1000674,69816.0,community venue,community centre,,BENTLEIGH YOUTH AND COMMUNITY CENTRE,Bentleigh Youth And Community Centre,BENTLEIGH RECREATION RESERVE,,,,,218973696,-1391355,11,,,VIC,1401098845000,,73696922,1756884454000,1756884454000,20519,community,1.0,69816.0,FOI_20519
25145,53950979,988267,988267,69847.0,admin facility,tourist information centre,,BLACKBURN LAKE VISITORS CENTRE,Blackburn Lake Visitors Centre,BLACKBURN LAKE SANCTUARY,,,,,172680704,-1357385,11,,,VIC,1365065344000,,53950979,1518206156000,1518206156000,25145,administration,1.5,69847.0,FOI_25145
10098,51470085,988276,988276,69850.0,community venue,hall,,,,BLACKS WALK RESERVE,,,,,219073992,-1357404,11,,,VIC,1365065344000,,51470085,1474438553000,1474438553000,10098,community,1.0,69850.0,FOI_10098
9918,64607301,990964,990964,69867.0,community venue,hall,,5TH-7TH GLEN WAVERLEY SCOUT GROUP,5th-7th Glen Waverley Scout Group,BOGONG RESERVE,,348,,1372291200000.0,54615919,-1363951,11,,,VIC,1372178552000,,51470927,1474438553000,1655947966000,9918,community,1.0,69867.0,FOI_9918
10036,51471287,1000663,1000663,69904.0,community venue,hall,,9TH CAUFIELD SCOUTS,9th Caufield Scouts,BOYD PARK,,,,,218973834,-1391380,11,,,VIC,1401098845000,,51471287,1474438554000,1474438554000,10036,community,1.0,69904.0,FOI_10036
20517,73696830,990936,990936,69911.0,community venue,community centre,,BRANDON PARK COMMUNITY CENTRE,Brandon Park Community Centre,BRANDON PARK RESERVE,,348,,1372291200000.0,206125891,-1363931,11,,,VIC,1372178552000,,73696830,1756884454000,1756884454000,20517,community,1.0,69911.0,FOI_20517
44188,70203431,1316318,1316318,69927.0,sport facility,swimming pool,,,,BRICKMAKERS PARK,,,,,219040218,-2055551,11,,,VIC,1678284339000,,70203431,1706857771000,1706857771000,44188,sport,1.0,69927.0,FOI_44188
20560,74583625,1335485,1335485,69966.0,community venue,community centre,,COOPER STREET COMMUNITY CENTRE,Cooper Street Community Centre,BUCKLEY PARK,,,,,219045378,130441,10,,,VIC,1733753883000,,74583625,1760598781000,1760598781000,20560,community,1.0,69966.0,FOI_20560
10121,51470511,633138,633138,69997.0,community venue,hall,,,,BURWOOD EAST RESERVE,,,,,150034516,-616180,11,,,VIC,1250500104000,,51470511,1474438553000,1474438553000,10121,community,1.0,69997.0,FOI_10121
10039,64580154,990935,990935,70053.0,community venue,hall,,MONASH COMMUNITY INN,Monash Community Inn,CARLSON AVENUE RESERVE,,348,,1372291200000.0,219040575,-1363952,11,,,VIC,1372178552000,,51471315,1474438554000,1655947964000,10039,community,1.0,70053.0,FOI_10039
10083,51471698,997252,997252,70069.0,community venue,hall,,2ND HAMPTON SCOUTS,2nd Hampton Scouts,CASTLEFIELD RESERVE,,,,,212040116,-1383454,11,,,VIC,1387440883000,,51471698,1474438554000,1474438554000,10083,community,1.0,70069.0,FOI_10083
10278,53951085,1000632,1000632,70087.0,community venue,hall,,1ST CENTRAL MOORABBIN SCOUTS,1st Central Moorabbin Scouts,CENTENARY PARK,,,,,218971770,-1391370,11,,,VIC,1401098845000,,53951085,1518206157000,1518206157000,10278,community,1.0,70087.0,FOI_10278
46672,76924405,999212,999212,70093.0,community venue,community centre,,HAWTHORN COMMUNITY HOUSE - HENRY ST CML,Hawthorn Community House - Henry St Cml,CENTRAL GARDENS,,307,528387,1786924800000.0,453723072,-2126258,11,,,VIC,1396962465000,,76924405,1787753574000,1787753574000,46672,community,1.0,70093.0,FOI_46672
10614,64540796,990942,990942,70097.0,community venue,hall,,SCOUT HALL,Scout Hall,CENTRAL RESERVE,,348,,1372291200000.0,,-1363929,11,,,VIC,1372178552000,,62138527,1635837988000,1655947961000,10614,community,1.0,70097.0,FOI_10614
10042,51472070,997246,997246,70129.0,community venue,hall,,1ST & 3RD CHELTENHAM SCOUTS,1st & 3rd Cheltenham Scouts,CHELTENHAM PARK,,,,,52173659,-1383427,11,,,VIC,1387440883000,,51472070,1474438554000,1474438554000,10042,community,1.0,70129.0,FOI_10042
10044,51472078,997292,997292,70131.0,community venue,hall,,4TH CHELTENHAM SCOUTS,4th Cheltenham Scouts,CHELTENHAM RECREATION RESERVE,,,,,422352799,-1383426,11,,,VIC,1387440883000,,51472078,1474438554000,1474438554000,10044,community,1.0,70131.0,FOI_10044
27166,51676314,70147,70147,,landmark,tourist attraction,,CHRIS CROSS GARDEN SUPPLIES,Chris Cross Garden Supplies,,,,,,220492744,-1687178,11,,,VIC,1242846227000,,51676314,1478671232000,1478671232000,27166,tourism,1.5,70147.0,FOI_27166
3255,44960874,70197,70197,,commercial facility,entertainment centre,,COBURG TRIPLE DRIVE IN THEATRE,Coburg Triple Drive In Theatre,,,,,,51243507,-69888,11,,,VIC,1242846227000,,44960874,1364280652000,1364280652000,3255,commercial,2.0,70197.0,FOI_3255
39390,43833806,70231,70231,,health facility,community health centre,,COMMUNITY HEALTH CENTRE,Community Health Centre,,,,,,51002452,-69921,11,,,VIC,1242846227000,,43833806,1342510630000,1342510630000,39390,health,1.5,70231.0,FOI_39390
39391,44217179,70232,70232,,health facility,community health centre,,COMMUNITY MENTAL HEALTH CENTRE,Community Mental Health Centre,,,,,,51122928,-69922,11,,,VIC,1242846227000,,44217179,1355901598000,1355901598000,39391,health,1.5,70232.0,FOI_39391
10203,64586148,632900,632900,70321.0,community venue,hall,,ALVIE HALL,Alvie Hall,DAMPER CREEK RESERVE,,348,,1369612800000.0,50635523,-615943,11,,,VIC,1250500064000,,53950295,1518206153000,1655947964000,10203,community,1.0,70321.0,FOI_10203
10117,64580160,990975,990975,70344.0,community venue,hall,,,,DAVID CRAWFORD RESERVE,,348,,1372291200000.0,50611403,-1363910,11,,,VIC,1372178552000,,51470880,1474438553000,1655947964000,10117,community,1.0,70344.0,FOI_10117
10055,51472096,997255,997255,70398.0,community venue,hall,,2ND BEAUMARIS SEA SCOUT GROUP,2nd Beaumaris Sea Scout Group,DONALD MACDONALD RESERVE,,,,,421625822,-1383422,11,,,VIC,1387440883000,,51472096,1474438554000,1474438554000,10055,community,1.0,70398.0,FOI_10055
10274,53951068,997239,997239,70532.0,community venue,hall,,,,ELSTERNWICK PARK,,,,,422352784,-1383448,11,,,VIC,1387440883000,,53951068,1518206157000,1518206157000,10274,community,1.0,70532.0,FOI_10274
27470,73696986,1137809,1137809,70537.0,landmark,tourist attraction,,SEA CREATURES ON WALL,Sea Creatures On Wall,ELWOOD PARK,,358,Dpp2000.39.446,,426024829,-1674352,11,,,VIC,1465463392000,,73696986,1756884455000,1756884455000,27470,tourism,1.5,70537.0,FOI_27470
10052,64580155,990950,990950,70576.0,community venue,hall,,FIORETTO HALL,Fioretto Hall,F E HUNT RESERVE,,348,,1372291200000.0,50401324,-1363905,11,,,VIC,1372178552000,,51471307,1474438554000,1655947964000,10052,community,1.0,70576.0,FOI_10052
51004,75990052,1342848,1342848,70594.0,community venue,community centre,,FAWKNER PARK COMMUNITY CENTRE,Fawkner Park Community Centre,FAWKNER PARK,,343,110944,1770163200000.0,203474635,-2117388,11,,,VIC,1771427032000,,75990052,1771485713000,1771485713000,51004,community,1.0,70594.0,FOI_51004
10623,62135388,1022379,1022379,70619.0,community venue,hall,,FLEMING PARK HALL,Fleming Park Hall,FLEMING PARK,,,,,432344694,-1442987,11,,,VIC,1455200691000,,62135388,1635506433000,1635506433000,10623,community,1.0,70619.0,FOI_10623
20481,68561048,1138393,1138393,70689.0,community venue,community centre,,SANDRIDGE COMMUNITY CENTRE,Sandridge Community Centre,GARDEN CITY RESERVE,,358,,1693440000000.0,53552793,-1675439,11,,,VIC,1466690130000,,68561048,1693984011000,1693984011000,20481,community,1.0,70689.0,FOI_20481
10822,73696743,988283,988283,70698.0,community venue,hall,,9TH BOX HILL SCOUT GROUP,9th Box Hill Scout Group,GARDINERS RESERVE,,,,,150038007,-1357402,11,,,VIC,1365065344000,,73696743,1756884453000,1756884453000,10822,community,1.0,70698.0,FOI_10822
27225,62382713,1137788,1137788,70705.0,landmark,tourist attraction,,WALL MURAL,Wall Mural,GASWORKS ARTS PARK,,358,pp1997.135.396,,50787386,-1674392,11,,,VIC,1465463392000,,62382713,1637047556000,1637047556000,27225,tourism,1.5,70705.0,FOI_27225
10259,53950945,985714,985714,70707.0,community venue,hall,,2ND FOOTSCRAY SCOUT GROUP,2nd Footscray Scout Group,GAUDION RESERVE,,,,,51352898,-1351682,11,,,VIC,1355840960000,,53950945,1518206156000,1518206156000,10259,community,1.0,70707.0,FOI_10259
26890,61975579,70764,70764,,admin facility,office,,GLOBAL TELEVISION STUDIOS,Global Television Studios,,,,,,428092903,-70350,11,,,VIC,1242846231000,,61975579,1633693251000,1633693251000,26890,administration,1.5,70764.0,FOI_26890
22456,51474456,987964,987964,70831.0,community venue,senior citizens,,GREENSBOROUGH SENIOR CITIZENS,Greensborough Senior Citizens,GREENSBOROUGH WAR MEMORIAL PARK,,,,,150046353,-1356321,11,,,VIC,1362733765000,,51474456,1474438556000,1474438556000,22456,community,1.0,70831.0,FOI_22456
22850,73696742,988264,988264,70866.0,health facility,maternal/child health centre,,BURGESS FAMILY CENTRE,Burgess Family Centre,HAGENAUER RESERVE,,,,,219073983,-1357398,11,,,VIC,1365065344000,,73696742,1756884453000,1756884453000,22850,health,1.5,70866.0,FOI_22850
10082,51471686,1000688,1000688,70872.0,community venue,hall,,5TH/6TH MOORABBIN SCOUTS,5th/6th Moorabbin Scouts,HALLEY PARK,,,,,218971424,-1391368,11,,,VIC,1401098845000,,51471686,1474438554000,1474438554000,10082,community,1.0,70872.0,FOI_10082
9982,51469744,988274,988274,70875.0,community venue,hall,,,,HALLIGAN PARK,,,,,219073953,-1357415,11,,,VIC,1365065344000,,51469744,1474438552000,1474438552000,9982,community,1.0,70875.0,FOI_9982
22834,73696530,839360,839360,70895.0,health facility,maternal/child health centre,,ROBERTS STREET MATERNAL & CHILD HEALTH CENTRE,Roberts Street Maternal & Child Health Centre,HANSEN RESERVE,,,,,219033755,-1049688,11,,,VIC,1291131990000,,73696530,1756884452000,1756884452000,22834,health,1.5,70895.0,FOI_22834
10872,74583633,1335497,1335497,70940.0,community venue,hall,,EMERALD STREET COMMUNITY HALL,Emerald Street Community Hall,HEINZE RESERVE,,,,,219045408,130443,10,,,VIC,1733753883000,,74583633,1760598781000,1760598781000,10872,community,1.0,70940.0,FOI_10872
2380,73696502,702464,702464,70968.0,cultural centre,library,,MARIBYRNONG LIBRARY,Maribyrnong Library,HIGHPOINT SHOPPING CENTRE,,134,,1262304000000.0,219033137,-769685,11,,,VIC,1275927337000,,73696502,1756884452000,1756884452000,2380,cultural,1.5,70968.0,FOI_2380
22851,73696890,997270,997270,71012.0,health facility,maternal/child health centre,,ELIZABETH BLEAZBY BABY HEALTH CENTRE,Elizabeth Bleazby Baby Health Centre,HURLINGHAM PARK,,,,,218946251,-1383436,11,,,VIC,1387440883000,,73696890,1756884454000,1756884454000,22851,health,1.5,71012.0,FOI_22851
10831,73696892,997278,997278,71022.0,community venue,hall,,STAN HAWKEN HALL,Stan Hawken Hall,ILLAROO RESERVE,,,,,423589408,-1383473,11,,,VIC,1387440883000,,73696892,1756884454000,1756884454000,10831,community,1.0,71022.0,FOI_10831
22529,73696650,985690,985690,71074.0,community venue,senior citizens,,PASCOE VALE ELDERLY CITIZENS CENTRE,Pascoe Vale Elderly Citizens Centre,JAMES RESERVE,,,,,430579625,-1351765,11,,,VIC,1355840960000,,73696650,1756884453000,1756884453000,22529,community,1.0,71074.0,FOI_22529
10275,53951069,997274,997274,71385.0,community venue,hall,,GUIDE HALL,Guide Hall,LYLE ANDERSON RESERVE,,,,,421625817,-1383438,11,,,VIC,1387440883000,,53951069,1518206157000,1518206157000,10275,community,1.0,71385.0,FOI_10275
10414,64548385,999947,999947,71544.0,community venue,hall,,2ND MALVERN SCOUTS,2nd Malvern Scouts,MILTON GRAY RESERVE,,,,1393632000000.0,208463809,-1390007,11,,,VIC,1399912042000,,56587388,1563381565000,1655947962000,10414,community,1.0,71544.0,FOI_10414
33475,51168027,71573,71573,,admin facility,municipal office,,MONNINGTON CHAMBERS,Monnington Chambers,,,,,,423323562,-71015,11,,,VIC,1242846237000,,51168027,1471388585000,1471388585000,33475,administration,1.5,71573.0,FOI_33475
10819,73697267,1335492,1335492,71579.0,community venue,hall,,ESSENDON TRAFFIC SCHOOL,Essendon Traffic School,MONTGOMERY PARK,,,,,219045074,-2098638,11,,,VIC,1733753883000,,73697267,1756884459000,1756884459000,10819,community,1.0,71579.0,FOI_10819
10841,73696387,632929,632929,71682.0,community venue,hall,,BUNDOORA HALL,Bundoora Hall,N J TELFER RESERVE,,,,,218917615,-615971,11,,,VIC,1250500064000,,73696387,1756884451000,1756884451000,10841,community,1.0,71682.0,FOI_10841
22586,44050163,71705,71705,,care facility,disability support centre,,NATIONAL GUIDE DOG AND MOBILITY CENTRE,National Guide Dog And Mobility Centre,,,,,,207620396,-71127,11,,,VIC,1242846238000,,44050163,1347653901000,1347653901000,22586,care,1.0,71705.0,FOI_22586
39411,52676944,71793,71793,,health facility,community health centre,,ODYSSEY HOUSE,Odyssey House,,,,,,50061788,-71206,11,,,VIC,1242846239000,,52676944,1487360472000,1487360472000,39411,health,1.5,71793.0,FOI_39411
20308,53005701,1153396,1153396,71823.0,community venue,community centre,,,,ORRONG ROMANIS PARK,,,,,208461721,-1707447,11,,,VIC,1492589563000,,53005701,1495223746000,1495223746000,20308,community,1.0,71823.0,FOI_20308
10306,53951244,633044,633044,71895.0,community venue,hall,,PETERSON YOUTH CENTRE,Peterson Youth Centre,PETERSON STREET RESERVE,,,,,50393074,-616086,11,,,VIC,1250500065000,,53951244,1518206157000,1518206157000,10306,community,1.0,71895.0,FOI_10306
9086,55841860,1001838,1001838,71921.0,cultural centre,museum,,MELBOURNES LIVING MUSEUM OF THE WEST,Melbournes Living Museum Of The West,PIPEMAKERS PARK,,,,,425245068,-1397971,11,,,VIC,1403010276000,,55841860,1551298747000,1551298747000,9086,cultural,1.5,71921.0,FOI_9086
28549,73700770,999958,999958,71971.0,cultural centre,art gallery,,CHAPEL OFF CHAPEL ARTS CENTRE,Chapel Off Chapel Arts Centre,PRINCES GARDENS,,,,1393632000000.0,208461958,-1390018,11,,,VIC,1399912042000,,73700770,1756884719000,1756884719000,28549,cultural,1.5,71971.0,FOI_28549
31193,76562013,969518,969518,72070.0,admin facility,office,,BURNLEY,Burnley,RICHMOND TERMINAL STATION,,121,108096,1781568000000.0,51464145,-1684338,11,,,VIC,1329297788000,,76562013,1782199290000,1782199290000,31193,administration,1.5,72070.0,FOI_31193
20520,73696978,1022173,1022173,72141.0,community venue,community centre,,PASCOE VALE COMMUNITY CENTRE,Pascoe Vale Community Centre,ROGERS RESERVE,,,,,422560406,123691,10,,,VIC,1455200691000,,73696978,1756884455000,1756884455000,20520,community,1.0,72141.0,FOI_20520
22587,44818386,72193,72193,,care facility,disability support centre,,ROYAL VICTORIAN INSTITUTE FOR THE BLIND,Royal Victorian Institute For The Blind,,,,,,,-71538,11,,,VIC,1242846241000,,44818386,1359654608000,1359654608000,22587,care,1.0,72193.0,FOI_22587
10707,68249115,632912,632912,72226.0,community venue,hall,,ASHWOOD SCOUT HALL,Ashwood Scout Hall,SALISBURY RESERVE,,,,,220842695,-615954,11,,,VIC,1250500064000,,68249115,1688736962000,1688736962000,10707,community,1.0,72226.0,FOI_10707
10276,53951080,999173,999173,72341.0,community venue,hall,,SCOUT HALL,Scout Hall,SHRUBLANDS CREEK RESERVE,,,,,51867177,-1388345,11,,,VIC,1396962465000,,53951080,1518206157000,1518206157000,10276,community,1.0,72341.0,FOI_10276
10838,73696384,632895,632895,72357.0,community venue,hall,,ABORIGINES ADVANCEMENT LEAGUE HALL,Aborigines Advancement League Hall,SIR DOUGLAS NICHOLLS RESERVE,,,,,218962567,-615938,11,,,VIC,1250500064000,,73696384,1756884451000,1756884451000,10838,community,1.0,72357.0,FOI_10838
20471,68561035,1002698,1002698,72376.0,community venue,community centre,,SOL GREEN COMMUNITY CENTRE,Sol Green Community Centre,SOL GREEN RESERVE,,358,,1693440000000.0,219061454,-1395557,11,,,VIC,1408015248000,,68561035,1693984011000,1693984011000,20471,community,1.0,72376.0,FOI_20471
10833,73696897,999163,999163,72388.0,community venue,hall,,19TH CAMBERWELL SCOUTS,19th Camberwell Scouts,SOUTH SURREY PARK,,,,,151142822,-1388318,11,,,VIC,1396962465000,,73696897,1756884454000,1756884454000,10833,community,1.0,72388.0,FOI_10833
20430,64588014,990947,990947,72395.0,community venue,community centre,,SOUTHERN COMMUNITY CENTRE,Southern Community Centre,SOUTHERN RESERVE,,348,,1372291200000.0,430189187,-1363909,11,,,VIC,1372178552000,,61976294,1633693251000,1655947964000,20430,community,1.0,72395.0,FOI_20430
26309,76830788,992758,992758,72544.0,admin facility,office,,CFA HEADQUARTERS,CFA Headquarters,TALLY HO BUSINESS PARK,,106,1221,1784764800000.0,219072381,-1368234,11,,,VIC,1375179060000,,76830788,1785309132000,1785309132000,26309,administration,1.5,72544.0,FOI_26309
33577,64572251,72566,72566,,admin facility,research station,,TELSTRA RESEARCH LABORATORIES,Telstra Research Laboratories,,,348,,1369612800000.0,422793780,-71880,11,,,VIC,1242846243000,,55841656,1551298746000,1655947963000,33577,administration,1.5,72566.0,FOI_33577
10054,51472051,997244,997244,72584.0,community venue,hall,,5TH SANDRINGHAM SCOUTS,5th Sandringham Scouts,MERINDAH PARK,,,,,50629774,-1383450,11,,,VIC,1387440883000,,51472051,1474438554000,1474438554000,10054,community,1.0,72584.0,FOI_10054
10386,55844290,988281,988281,72673.0,community venue,hall,,1ST NUNAWADING SCOUT HALL,1st Nunawading Scout Hall,TUNSTALL PARK,,,,,429488747,-1357405,11,,,VIC,1365065344000,,55844290,1551298753000,1551298753000,10386,community,1.0,72673.0,FOI_10386
10821,73696741,987970,987970,76037.0,community venue,hall,,GREENHILLS SCOUT CENTRE,Greenhills Scout Centre,ANDREW YANDELL HABITAT RESERVE,,,,,150044737,-1356307,11,,,VIC,1362733765000,,73696741,1756884453000,1756884453000,10821,community,1.0,76037.0,FOI_10821
12261,76316388,1018894,1018894,76156.0,hospital,general hospital,,LA TROBE PRIVATE HOSPITAL,La Trobe Private Hospital,,,104,6020,1777420800000.0,218964038,-2092025,11,,,VIC,1445953853000,,76316388,1778224435000,1778224435000,12261,hospital,3.0,76156.0,FOI_12261
10009,51474489,985735,985735,76254.0,community venue,hall,,1ST STRATHMORE SCOUT GROUP,1st Strathmore Scout Group,,,,,,219042470,-1351726,11,,,VIC,1355840960000,,51474489,1474438556000,1474438556000,10009,community,1.0,76254.0,FOI_10009
51355,76448982,1335484,1335484,76831.0,community venue,hall,,CANTERBURY STREET STABLES,Canterbury Street Stables,,,,,,53638510,130439,10,,,VIC,1733753883000,,76448982,1780643521000,1780643521000,51355,community,1.0,76831.0,FOI_51355
50982,75990026,1335499,1335499,76881.0,community venue,community centre,,CROWN STREET STABLES,Crown Street Stables,,,,,,423791703,130451,10,,,VIC,1733753883000,,75990026,1771485713000,1771485713000,50982,community,1.0,76881.0,FOI_50982
10277,53951081,999208,999208,77041.0,community venue,hall,,1ST NORTH BALWYN SCOUT GROUP,1st North Balwyn Scout Group,MACLEAY PARK,,,,,173775723,-1388278,11,,,VIC,1396962465000,,53951081,1518206157000,1518206157000,10277,community,1.0,77041.0,FOI_10277
20253,51469720,839339,839339,77095.0,community venue,community centre,,FOOTSCRAY COMMUNITY ARTS CENTRE,Footscray Community Arts Centre,,,,,,219034328,-1049667,11,,,VIC,1291131990000,,51469720,1474438552000,1474438552000,20253,community,1.0,77095.0,FOI_20253
9945,51469727,988270,988270,77113.0,community venue,hall,,,,,,,,,219074163,-1357393,11,,,VIC,1365065344000,,51469727,1474438552000,1474438552000,9945,community,1.0,77113.0,FOI_9945
9946,51469731,988288,988288,77136.0,community venue,hall,,MONT ALBERT NORTH GUIDE HALL,Mont Albert North Guide Hall,,,,,,50208448,-1357386,11,,,VIC,1365065344000,,51469731,1474438552000,1474438552000,9946,community,1.0,77136.0,FOI_9946
9029,51469745,988286,988286,77201.0,cultural centre,museum,,SCHWERKOLT COTTAGE,Schwerkolt Cottage,,,,,,52144833,-1357384,11,,,VIC,1365065344000,,51469745,1474438552000,1474438552000,9029,cultural,1.5,77201.0,FOI_9029
2234,64539080,702499,702499,77278.0,cultural centre,library,,NUNAWADING LIBRARY,Nunawading Library,WHITEHORSE CENTRE,,134,,1262304000000.0,207542498,-769720,11,,,VIC,1275927337000,,52236208,1481313357000,1655947961000,2234,cultural,1.5,77278.0,FOI_2234
10113,51470067,988292,988292,77283.0,community venue,hall,,,,,,,,,217061155,-1357413,11,,,VIC,1365065344000,,51470067,1474438553000,1474438553000,10113,community,1.0,77283.0,FOI_10113
27281,62382804,1137880,1137880,77690.0,landmark,tourist attraction,,SANDRIDGE LAGOON,Sandridge Lagoon,LAGOON RESERVE,,358,34,,53553366,-1674385,11,,,VIC,1465463392000,,62382804,1637047556000,1637047556000,27281,tourism,1.5,77690.0,FOI_27281
9865,51470494,988269,988269,77749.0,community venue,hall,,,,,,,,,219074376,-1357409,11,,,VIC,1365065344000,,51470494,1474438553000,1474438553000,9865,community,1.0,77749.0,FOI_9865
27242,62382744,1137819,1137819,78059.0,landmark,tourist attraction,,CULTURAL MARKER,Cultural Marker,CLEVE GARDENS,,358,pp2000.10.417,,53153067,-1674359,11,,,VIC,1465463392000,,62382744,1637047556000,1637047556000,27242,tourism,1.5,78059.0,FOI_27242
27501,74540461,1137841,1137841,78149.0,landmark,tourist attraction,,AUNTY ALMAS SEATS,Aunty Almas Seats,ODONNELL GARDENS,,358,pp2009.8.522,,423605218,-1975590,11,,,VIC,1465463392000,,74540461,1760080428000,1760080428000,27501,tourism,1.5,78149.0,FOI_27501
9914,51470894,632911,632911,78151.0,community venue,hall,,ASHWOOD,Ashwood,ELECTRA RESERVE,,,,,50634337,-615953,11,,,VIC,1250500064000,,51470894,1474438553000,1474438553000,9914,community,1.0,78151.0,FOI_9914
10033,64562531,633027,633027,78330.0,community venue,hall,,MOUNT WAVERLEY SCOUTS,Mount Waverley Scouts,,,348,,1369612800000.0,53682568,-616069,11,,,VIC,1250500065000,,51471280,1474438554000,1655947963000,10033,community,1.0,78330.0,FOI_10033
10032,64564454,990963,990963,78347.0,community venue,hall,,,,,,348,,1372291200000.0,51639890,-1363916,11,,,VIC,1372178552000,,51471278,1474438554000,1655947963000,10032,community,1.0,78347.0,FOI_10032
10037,64572286,990930,990930,78382.0,community venue,hall,,,,,,348,,1372291200000.0,219038574,-1363950,11,,,VIC,1372178552000,,51471295,1474438554000,1655947963000,10037,community,1.0,78382.0,FOI_10037
10265,64607302,990932,990932,80715.0,community venue,hall,,VALLEY RESERVE SCOUTS,Valley Reserve Scouts,VALLEY RESERVE,,348,,1372291200000.0,213308977,-1363921,11,,,VIC,1372178552000,,53951012,1518206157000,1655947966000,10265,community,1.0,80715.0,FOI_10265
46683,76924417,1018811,1018811,80739.0,community venue,community centre,,KEW NEIGHBOURHOOD LEARNING CENTRE,Kew Neighbourhood Learning Centre,VICTORIA PARK,,307,528418,1786924800000.0,51024922,117200,10,,,VIC,1445856349000,,76924417,1787753574000,1787753574000,46683,community,1.0,80739.0,FOI_46683
10835,73696921,1000639,1000639,80746.0,community venue,hall,,1ST BENTLEIGH SCOUTS,1st Bentleigh Scouts,VICTORY PARK,,,,,218970821,-1391333,11,,,VIC,1401098845000,,73696921,1756884454000,1756884454000,10835,community,1.0,80746.0,FOI_10835
39409,64540792,990933,990933,80762.0,health facility,community health centre,,SOUTH OAKLEIGH MATERNAL AND CHILD HEALTH CENTRE,South Oakleigh Maternal And Child Health Centre,W A SCAMMELL RESERVE,,348,,1372291200000.0,219040945,-1363940,11,,,VIC,1372178552000,,51471323,1474438554000,1655947961000,39409,health,1.5,80762.0,FOI_39409
44255,74630542,988543,988543,80883.0,sport facility,swimming pool,,AQUALINK BOX HILL,Aqualink Box Hill,AQUALINK BOX HILL,,,,,216944354,-1357849,11,,,VIC,1365065670000,,74630542,1760685706000,1760685706000,44255,sport,1.0,80883.0,FOI_44255
10003,51471679,997271,997271,80888.0,community venue,hall,,BRIGHTON 2ND SCOUTS,Brighton 2nd Scouts,WHYTE STREET RESERVE,,,,,218945437,-1383445,11,,,VIC,1387440883000,,51471679,1474438554000,1474438554000,10003,community,1.0,80888.0,FOI_10003
10847,73696396,633169,633169,80919.0,community venue,hall,,WILL SAMPSON MEMORIAL HALL,Will Sampson Memorial Hall,WINDSOR SIDING,,,,,50385510,-616211,11,,,VIC,1250500104000,,73696396,1756884451000,1756884451000,10847,community,1.0,80919.0,FOI_10847
10870,74583630,1335494,1335494,80940.0,community venue,hall,,WOODLAND PARK HOUSE,Woodland Park House,WOODLANDS PARK,,,,,219045789,130448,10,,,VIC,1733753883000,,74583630,1760598781000,1760598781000,10870,community,1.0,80940.0,FOI_10870
10628,61976231,985744,985744,80964.0,community venue,hall,,,,YARRA BEND PARK,,,,,52017126,-1351650,11,,,VIC,1355840960000,,61976231,1633693251000,1633693251000,10628,community,1.0,80964.0,FOI_10628
46889,76957025,134625,134625,,education centre,primary school,,ABBOTSFORD PRIMARY SCHOOL,Abbotsford Primary School,,,101,1886 C1,1788134400000.0,51765213,34,10,,,VIC,1242871595000,,76957025,1788333225000,1788333225000,46889,school,1.5,134625.0,FOI_46889
46890,76957026,134633,134633,,education centre,secondary school,,ACADEMY OF MARY IMMACULATE,Academy Of Mary Immaculate,,,113,467 C1,1788134400000.0,54724242,105416,10,,,VIC,1242871595000,,76957026,1788333225000,1788333225000,46890,school,1.5,134633.0,FOI_46890
46894,76957030,134687,134687,,education centre,primary school,,ALBANY RISE PRIMARY SCHOOL,Albany Rise Primary School,,,101,5427 C1,1788134400000.0,51537401,135,10,,,VIC,1242871595000,,76957030,1788333225000,1788333225000,46894,school,1.5,134687.0,FOI_46894
46895,76957031,134688,134688,,education centre,primary school,,ALBERT PARK PRIMARY SCHOOL,Albert Park Primary School,,,101,1181 C1,1788134400000.0,426129906,144,10,,,VIC,1242871595000,,76957031,1788333225000,1788333225000,46895,school,1.5,134688.0,FOI_46895
51878,76959646,1313749,1313749,134695.0,education centre,special school,,INDIE EDUCATION - INDIE SCHOOL GREENSBOROUGH,Indie Education - Indie School Greensborough,INDIE EDUCATION,,114,2031 C7,1788134400000.0,428623920,-2090600,11,,,VIC,1673444084000,,76959646,1788333232000,1788333232000,51878,school,1.5,134695.0,FOI_51878
46902,76957038,134718,134718,,education centre,secondary school,,ALIA COLLEGE,Alia College,,,114,1981 C1,1788134400000.0,202403309,105418,10,,,VIC,1242871596000,,76957038,1788333225000,1788333225000,46902,school,1.5,134718.0,FOI_46902
46905,76957041,134763,134763,,education centre,primary/secondary school,,ALPHINGTON GRAMMAR SCHOOL,Alphington Grammar School,,,114,1924 C1,1788134400000.0,51491266,-1739148,11,,,VIC,1242871596000,,76957041,1788333225000,1788333225000,46905,school,1.5,134763.0,FOI_46905
46913,76957049,134804,134804,,education centre,primary school,,AMSLEIGH PARK PRIMARY SCHOOL,Amsleigh Park Primary School,,,101,5428 C1,1788134400000.0,50402410,332,10,,,VIC,1242871596000,,76957049,1788333225000,1788333225000,46913,school,1.5,134804.0,FOI_46913
46915,76957051,134810,134810,,education centre,special school,,ANDALE SCHOOL,Andale School,,,114,1838 C1,1788134400000.0,218783615,-1314848,11,,,VIC,1242871596000,,76957051,1788333225000,1788333225000,46915,school,1.5,134810.0,FOI_46915
46919,76957055,134845,134845,,education centre,primary school,,ANTONIO PARK PRIMARY SCHOOL,Antonio Park Primary School,,,101,4844 C1,1788134400000.0,52144904,432,10,,,VIC,1242871596000,,76957055,1788333225000,1788333225000,46919,school,1.5,134845.0,FOI_46919
24446,76508229,134848,134848,,care facility,aged care,,VASEY RSL CARE BRIGHTON,Vasey Rsl Care Brighton,,,102,UID-64003,1781136000000.0,,-1754212,11,,,VIC,1242871596000,,76508229,1781594429000,1781594429000,24446,care,1.0,134848.0,FOI_24446
24494,76508280,134849,134849,,care facility,aged care,,ANZAC LODGE PRIVATE NURSING HOME,Anzac Lodge Private Nursing Home,,,102,UID-64771,1781136000000.0,215159228,-123217,11,,,VIC,1242871596000,,76508280,1781594429000,1781594429000,24494,care,1.0,134849.0,FOI_24494
46931,76957067,134910,134910,,education centre,primary school,,ARMADALE PRIMARY SCHOOL,Armadale Primary School,,,101,2634 C1,1788134400000.0,50928654,582,10,,,VIC,1242871597000,,76957067,1788333225000,1788333225000,46931,school,1.5,134910.0,FOI_46931
46934,76957070,134946,134946,,education centre,secondary school,,ASHWOOD HIGH SCHOOL,Ashwood High School,,,101,8743 C1,1788134400000.0,54616143,31665,10,,,VIC,1242871597000,,76957070,1788333225000,1788333225000,46934,school,1.5,134946.0,FOI_46934
46937,76957073,134965,134965,,education centre,special school,,AURORA SCHOOL,Aurora School,,,101,5511 C1,1788134400000.0,54673865,60042,10,,,VIC,1242871597000,,76957073,1788333225000,1788333225000,46937,school,1.5,134965.0,FOI_46937
46938,76957074,134971,134971,,education centre,special school,,THE AUSTIN SCHOOL,The Austin School,,,101,3605 C1,1788134400000.0,211919129,124546,10,,,VIC,1242871597000,,76957074,1788333225000,1788333225000,46938,school,1.5,134971.0,FOI_46938
46939,76957075,134988,134988,,education centre,secondary school,,AVE MARIA COLLEGE,Ave Maria College,,,113,1625 C1,1788134400000.0,50469032,105420,10,,,VIC,1242871597000,,76957075,1788333225000,1788333225000,46939,school,1.5,134988.0,FOI_46939
46942,76957077,134993,134993,,education centre,secondary school,,AVILA COLLEGE,Avila College,,,113,1651 C1,1788134400000.0,219040761,105421,10,,,VIC,1242871597000,,76957077,1788333225000,1788333225000,46942,school,1.5,134993.0,FOI_46942
46944,76957079,135010,135010,,education centre,primary school,,AVONDALE PRIMARY SCHOOL,Avondale Primary School,,,101,4812 C1,1788134400000.0,50094431,749,10,,,VIC,1242871597000,,76957079,1788333225000,1788333225000,46944,school,1.5,135010.0,FOI_46944
46962,76957097,135165,135165,,education centre,primary school,,BANYULE PRIMARY SCHOOL,Banyule Primary School,,,101,4746 C1,1788134400000.0,456593893,1236,10,,,VIC,1242871598000,,76957097,1788333225000,1788333225000,46962,school,1.5,135165.0,FOI_46962
47016,76957117,135296,135296,,education centre,primary school,,BEAUMARIS NORTH PRIMARY SCHOOL,Beaumaris North Primary School,,,101,4803 C1,1788134400000.0,54598849,1660,10,,,VIC,1242871600000,,76957117,1788333226000,1788333226000,47016,school,1.5,135296.0,FOI_47016
47017,76957118,135297,135297,,education centre,primary school,,BEAUMARIS PRIMARY SCHOOL,Beaumaris Primary School,,,101,3899 C1,1788134400000.0,52016538,1662,10,,,VIC,1242871600000,,76957118,1788333226000,1788333226000,47017,school,1.5,135297.0,FOI_47017
47021,76957122,135339,135339,,education centre,primary school,,BELL PRIMARY SCHOOL,Bell Primary School,,,101,4309 C1,1788134400000.0,172848728,1771,10,,,VIC,1242871600000,,76957122,1788333226000,1788333226000,47021,school,1.5,135339.0,FOI_47021
47024,76957125,135361,135361,,education centre,primary school,,BELLE VUE PARK PRIMARY SCHOOL,Belle Vue Park Primary School,,,101,5453 C1,1788134400000.0,211922346,106075,10,,,VIC,1242871600000,,76957125,1788333226000,1788333226000,47024,school,1.5,135361.0,FOI_47024
47026,76957127,135385,135385,,education centre,special school,,BELMORE SCHOOL,Belmore School,,,101,4675 C1,1788134400000.0,53470662,1833,10,,,VIC,1242871600000,,76957127,1788333226000,1788333226000,47026,school,1.5,135385.0,FOI_47026
47031,76957132,135456,135456,,education centre,secondary school,,BENTLEIGH SECONDARY COLLEGE,Bentleigh Secondary College,,,101,7255 C1,1788134400000.0,210273157,52132,10,,,VIC,1242871601000,,76957132,1788333226000,1788333226000,47031,school,1.5,135456.0,FOI_47031
2948,76316181,135457,135457,,hospital,day procedure centre,,BENTLEIGH SURGICENTRE,Bentleigh Surgicentre,,,104,8940,1777420800000.0,51889601,-1896340,11,,,VIC,1242871601000,,76316181,1778224435000,1778224435000,2948,hospital,3.0,135457.0,FOI_2948
47032,76957133,135458,135458,,education centre,primary school,,BENTLEIGH WEST PRIMARY SCHOOL,Bentleigh West Primary School,,,101,4318 C1,1788134400000.0,50366209,2000,10,,,VIC,1242871601000,,76957133,1788333226000,1788333226000,47032,school,1.5,135458.0,FOI_47032
47038,76957139,135494,135494,,education centre,primary/secondary school,,BETH RIVKAH LADIES COLLEGE,Beth Rivkah Ladies College,,,114,1561 C1,1788134400000.0,50240722,-1739155,11,,,VIC,1242871601000,,76957139,1788333226000,1788333226000,47038,school,1.5,135494.0,FOI_47038
47052,76957153,135601,135601,,education centre,primary school,,BLACK ROCK PRIMARY SCHOOL,Black Rock Primary School,,,101,3631 C1,1788134400000.0,50627954,2459,10,,,VIC,1242871602000,,76957153,1788333226000,1788333226000,47052,school,1.5,135601.0,FOI_47052
47053,76957154,135605,135605,,education centre,secondary school,,BLACKBURN HIGH SCHOOL,Blackburn High School,,,101,7610 C1,1788134400000.0,52088498,2506,10,,,VIC,1242871602000,,76957154,1788333226000,1788333226000,47053,school,1.5,135605.0,FOI_47053
47054,76957155,135606,135606,,education centre,primary school,,BLACKBURN LAKE PRIMARY SCHOOL,Blackburn Lake Primary School,,,101,4860 C1,1788134400000.0,51319983,2508,10,,,VIC,1242871602000,,76957155,1788333226000,1788333226000,47054,school,1.5,135606.0,FOI_47054
47055,76957156,135608,135608,,education centre,primary school,,BLACKBURN PRIMARY SCHOOL,Blackburn Primary School,,,101,2923 C1,1788134400000.0,209667458,2511,10,,,VIC,1242871602000,,76957156,1788333226000,1788333226000,47055,school,1.5,135608.0,FOI_47055
47068,76957167,135740,135740,,education centre,primary school,,BOROONDARA PARK PRIMARY SCHOOL,Boroondara Park Primary School,,,101,5288 C1,1788134400000.0,50040902,3047,10,,,VIC,1242871603000,,76957167,1788333226000,1788333226000,47068,school,1.5,135740.0,FOI_47068
47070,76957169,135764,135764,,education centre,secondary school,,BOX HILL HIGH SCHOOL,Box Hill High School,,,101,7635 C1,1788134400000.0,50214134,3194,10,,,VIC,1242871603000,,76957169,1788333226000,1788333226000,47070,school,1.5,135764.0,FOI_47070
44892,76511714,135768,135768,,care facility,aged care,,BOYNE RUSSELL HOUSE,Boyne Russell House,,,102,UID-64711,1781136000000.0,53471875,-1362154,11,,,VIC,1242871603000,,76511714,1781594442000,1781594442000,44892,care,1.0,135768.0,FOI_44892
47072,76957170,135784,135784,,education centre,primary school,,BRANDON PARK PRIMARY SCHOOL,Brandon Park Primary School,,,101,5038 C1,1788134400000.0,51386708,3263,10,,,VIC,1242871603000,,76957170,1788333226000,1788333226000,47072,school,1.5,135784.0,FOI_47072
47074,76957172,135794,135794,,education centre,secondary school,,BRAYBROOK COLLEGE,Braybrook College,,,101,7645 C1,1788134400000.0,53624860,52011,10,,,VIC,1242871603000,,76957172,1788333226000,1788333226000,47074,school,1.5,135794.0,FOI_47074
47076,76957174,135805,135805,,education centre,secondary school,,BRENTWOOD SECONDARY COLLEGE,Brentwood Secondary College,,,101,7647 C1,1788134400000.0,205871579,3343,10,,,VIC,1242871603000,,76957174,1788333226000,1788333226000,47076,school,1.5,135805.0,FOI_47076
47078,76957176,135814,135814,,education centre,primary school,,BRIAR HILL PRIMARY SCHOOL,Briar Hill Primary School,,,101,4341 C1,1788134400000.0,54512875,3365,10,,,VIC,1242871603000,,76957176,1788333226000,1788333226000,47078,school,1.5,135814.0,FOI_47078
47080,76957178,135838,135838,,education centre,primary school,,BRIGHTON BEACH PRIMARY SCHOOL,Brighton Beach Primary School,,,101,2048 C1,1788134400000.0,50246990,3435,10,,,VIC,1242871603000,,76957178,1788333226000,1788333226000,47080,school,1.5,135838.0,FOI_47080
47081,76957179,135844,135844,,education centre,secondary school,,BRIGHTON SECONDARY COLLEGE,Brighton Secondary College,,,101,7650 C1,1788134400000.0,50240336,3442,10,,,VIC,1242871603000,,76957179,1788333226000,1788333226000,47081,school,1.5,135844.0,FOI_47081
47085,76957183,135918,135918,,education centre,primary school,,BRUNSWICK NORTH WEST PRIMARY SCHOOL,Brunswick North West Primary School,,,101,4399 C1,1788134400000.0,53469678,3664,10,,,VIC,1242871604000,,76957183,1788333226000,1788333226000,47085,school,1.5,135918.0,FOI_47085
47086,76957184,135923,135923,,education centre,special school,,WARATAH SPECIAL DEVELOPMENTAL SCHOOL,Waratah Special Developmental School,,,101,5144 C1,1788134400000.0,452106384,104443,10,,,VIC,1242871604000,,76957184,1788333226000,1788333226000,47086,school,1.5,135923.0,FOI_47086
47090,76957188,135941,135941,,education centre,secondary school,,BUCKLEY PARK COLLEGE,Buckley Park College,,,101,7670 C1,1788134400000.0,50460202,52246,10,,,VIC,1242871604000,,76957188,1788333226000,1788333226000,47090,school,1.5,135941.0,FOI_47090
47095,76957193,135985,135985,,education centre,secondary school,,BUNDOORA SECONDARY COLLEGE,Bundoora Secondary College,,,101,7874 C1,1788134400000.0,213331307,4024,10,,,VIC,1242871604000,,76957193,1788333226000,1788333226000,47095,school,1.5,135985.0,FOI_47095
47098,76957196,136045,136045,,education centre,primary school,,BURWOOD EAST PRIMARY SCHOOL,Burwood East Primary School,,,101,454 C1,1788134400000.0,172253713,4250,10,,,VIC,1242871604000,,76957196,1788333226000,1788333226000,47098,school,1.5,136045.0,FOI_47098
47099,76957197,136046,136046,,education centre,special school,,BURWOOD EAST SPECIAL DEVELOPMENTAL SCHOOL,Burwood East Special Developmental School,,,101,5225 C1,1788134400000.0,50197064,-894720,11,,,VIC,1242871604000,,76957197,1788333226000,1788333226000,47099,school,1.5,136046.0,FOI_47099
47100,76957198,136047,136047,,education centre,primary school,,BURWOOD HEIGHTS PRIMARY SCHOOL,Burwood Heights Primary School,,,101,4932 C1,1788134400000.0,,4252,10,,,VIC,1242871604000,,76957198,1788333226000,1788333226000,47100,school,1.5,136047.0,FOI_47100
2950,76316189,136108,136108,,hospital,day procedure centre,,CAMBERWELL DAY SURGERY,Camberwell Day Surgery,,,104,7750,1777420800000.0,53469886,-1950916,11,,,VIC,1242871605000,,76316189,1778224435000,1778224435000,2950,hospital,3.0,136108.0,FOI_2950
52831,76967433,136111,136111,,education centre,primary/secondary school,,CAMBERWELL GRAMMAR SCHOOL,Camberwell Grammar School,,,114,1258 C1,1788134400000.0,218621755,-1739159,11,,,VIC,1242871605000,,76967433,1788333593000,1788333593000,52831,school,1.5,136111.0,FOI_52831
47105,76957204,136120,136120,,education centre,primary school,,CAMELOT RISE PRIMARY SCHOOL,Camelot Rise Primary School,,,101,5111 C1,1788134400000.0,51525806,4470,10,,,VIC,1242871605000,,76957204,1788333226000,1788333226000,47105,school,1.5,136120.0,FOI_47105
47116,76957215,136231,136231,,education centre,primary school,,CARLTON GARDENS PRIMARY SCHOOL,Carlton Gardens Primary School,,,101,2605 C1,1788134400000.0,452420368,120237,10,,,VIC,1242871606000,,76957215,1788333226000,1788333226000,47116,school,1.5,136231.0,FOI_47116
47117,76957216,136233,136233,,education centre,primary school,,CARLTON NORTH PRIMARY SCHOOL,Carlton North Primary School,,,101,1252 C1,1788134400000.0,53151991,4820,10,,,VIC,1242871606000,,76957216,1788333226000,1788333226000,47117,school,1.5,136233.0,FOI_47117
47118,76957217,136234,136234,,education centre,primary school,,CARLTON PRIMARY SCHOOL,Carlton Primary School,,,101,4980 C1,1788134400000.0,203473546,4822,10,,,VIC,1242871606000,,76957217,1788333226000,1788333226000,47118,school,1.5,136234.0,FOI_47118
47119,76957218,136239,136239,,education centre,primary school,,CARNEGIE PRIMARY SCHOOL,Carnegie Primary School,,,101,2897 C1,1788134400000.0,50299048,4842,10,,,VIC,1242871606000,,76957218,1788333226000,1788333226000,47119,school,1.5,136239.0,FOI_47119
47132,76957233,136345,136345,,education centre,primary school,,CAULFIELD PRIMARY SCHOOL,Caulfield Primary School,,,101,5489 C1,1788134400000.0,50276508,-1739161,11,,,VIC,1242871606000,,76957233,1788333226000,1788333226000,47132,school,1.5,136345.0,FOI_47132
47133,76957234,136346,136346,,education centre,primary school,,CAULFIELD SOUTH PRIMARY SCHOOL,Caulfield South Primary School,,,101,4315 C1,1788134400000.0,50286355,5043,10,,,VIC,1242871606000,,76957234,1788333226000,1788333226000,47133,school,1.5,136346.0,FOI_47133
47141,76957242,136427,136427,,education centre,primary school,,CHELTENHAM PRIMARY SCHOOL,Cheltenham Primary School,,,101,84 C1,1788134400000.0,53633739,5329,10,,,VIC,1242871607000,,76957242,1788333226000,1788333226000,47141,school,1.5,136427.0,FOI_47141
26420,64578130,136445,136445,,admin facility,law court,,CHILDRENS COURT,Childrens Court,,,109,,1217894400000.0,54186715,-1906373,11,,,VIC,1242871607000,,58029633,1591773935000,1655947964000,26420,administration,1.5,136445.0,FOI_26420
47146,76957248,136460,136460,,education centre,primary school,,CHRIST CHURCH GRAMMAR SCHOOL,Christ Church Grammar School,,,114,330 C1,1788134400000.0,219572664,106092,10,,,VIC,1242871607000,,76957248,1788333226000,1788333226000,47146,school,1.5,136460.0,FOI_47146
47147,76957249,136461,136461,,education centre,primary school,,CHRIST OUR HOLY REDEEMER SCHOOL,Christ Our Holy Redeemer School,,,113,1584 C1,1788134400000.0,172467952,106093,10,,,VIC,1242871607000,,76957249,1788333226000,1788333226000,47147,school,1.5,136461.0,FOI_47147
47148,76957250,136463,136463,,education centre,primary school,,CHRIST THE KING PRIMARY SCHOOL,Christ The King Primary School,,,113,1543 C1,1788134400000.0,50145230,106094,10,,,VIC,1242871607000,,76957250,1788333226000,1788333226000,47148,school,1.5,136463.0,FOI_47148
47155,76957257,136521,136521,,education centre,primary school,,CLAYTON NORTH PRIMARY SCHOOL,Clayton North Primary School,,,101,734 C1,1788134400000.0,50423117,5584,10,,,VIC,1242871607000,,76957257,1788333226000,1788333226000,47155,school,1.5,136521.0,FOI_47155
47158,76957260,136540,136540,,education centre,primary school,,CLIFTON HILL PRIMARY SCHOOL,Clifton Hill Primary School,,,101,1360 C1,1788134400000.0,53473255,32053,10,,,VIC,1242871607000,,76957260,1788333226000,1788333226000,47158,school,1.5,136540.0,FOI_47158
47163,76957265,136581,136581,,education centre,primary school,,COATESVILLE PRIMARY SCHOOL,Coatesville Primary School,,,101,4712 C1,1788134400000.0,50350782,5721,10,,,VIC,1242871608000,,76957265,1788333226000,1788333226000,47163,school,1.5,136581.0,FOI_47163
2952,76316195,136609,136609,,hospital,day procedure centre,,COBURG ENDOSCOPY CENTRE,Coburg Endoscopy Centre,,,104,8530,1777420800000.0,458653393,-124969,11,,,VIC,1242871608000,,76316195,1778224435000,1778224435000,2952,hospital,3.0,136609.0,FOI_2952
47168,76957270,136611,136611,,education centre,primary school,,COBURG NORTH PRIMARY SCHOOL,Coburg North Primary School,,,101,4543 C1,1788134400000.0,54691486,5808,10,,,VIC,1242871608000,,76957270,1788333226000,1788333226000,47168,school,1.5,136611.0,FOI_47168
47169,76957271,136613,136613,,education centre,primary school,,COBURG PRIMARY SCHOOL,Coburg Primary School,,,101,484 C1,1788134400000.0,53555080,5810,10,,,VIC,1242871608000,,76957271,1788333226000,1788333226000,47169,school,1.5,136613.0,FOI_47169
47170,76957272,136616,136616,,education centre,special school,,COBURG SPECIAL DEVELOPMENTAL SCHOOL,Coburg Special Developmental School,,,101,5261 C1,1788134400000.0,452957394,-894803,11,,,VIC,1242871608000,,76957272,1788333226000,1788333226000,47170,school,1.5,136616.0,FOI_47170
47171,76957273,136617,136617,,education centre,primary school,,COBURG WEST PRIMARY SCHOOL,Coburg West Primary School,,,101,3941 C1,1788134400000.0,50303083,5812,10,,,VIC,1242871608000,,76957273,1788333226000,1788333226000,47171,school,1.5,136617.0,FOI_47171
51426,76959187,969884,969884,136931.0,education centre,special school,,CROXTON SCHOOL - TRANSITION LEARNING CENTRE,Croxton School - Transition Learning Centre,CROXTON SCHOOL,,101,4679 C2,1788134400000.0,458582352,-2111490,11,,,VIC,1329754871000,,76959187,1788333231000,1788333231000,51426,school,1.5,136931.0,FOI_51426
18677,76506427,137002,137002,,care facility,aged care,,CYRIL JEWELL HOUSE,Cyril Jewell House,,,102,UID-64710,1781136000000.0,51979691,-2103123,11,,,VIC,1242871611000,,76506427,1781594413000,1781594413000,18677,care,1.0,137002.0,FOI_18677
51853,76959621,1313718,1313718,137081.0,education centre,primary/secondary school,,DARUL ULUM COLLEGE OF VICTORIA - MAIN CAMPUS,Darul Ulum College Of Victoria - Main Campus,DARUL ULUM COLLEGE OF VICTORIA,,114,1965 C1,1788134400000.0,51223581,-2049935,11,,,VIC,1673444084000,,76959621,1788333232000,1788333232000,51853,school,1.5,137081.0,FOI_51853
47227,76957322,137103,137103,,education centre,primary school,,DEBNEY MEADOWS PRIMARY SCHOOL,Debney Meadows Primary School,,,101,5068 C1,1788134400000.0,219604106,7107,10,,,VIC,1242871613000,,76957322,1788333226000,1788333226000,47227,school,1.5,137103.0,FOI_47227
20885,76317456,137154,137154,,hospital,day procedure centre,,VICTORIA PARADE SURGERY CENTRE,Victoria Parade Surgery Centre,,,104,8860,1777420800000.0,206300771,-1896384,11,,,VIC,1242871613000,,76317456,1778224466000,1778224466000,20885,hospital,3.0,137154.0,FOI_20885
47230,76957325,137164,137164,,education centre,primary school,,DEUTSCHE SCHULE MELBOURNE,Deutsche Schule Melbourne,,,114,2047 C1,1788134400000.0,51145731,106106,10,,,VIC,1242871613000,,76957325,1788333226000,1788333226000,47230,school,1.5,137164.0,FOI_47230
47237,76957332,137203,137203,,education centre,primary school,,DINJERRA PRIMARY SCHOOL,Dinjerra Primary School,,,101,5450 C1,1788134400000.0,52073151,106107,10,,,VIC,1242871613000,,76957332,1788333226000,1788333226000,47237,school,1.5,137203.0,FOI_47237
47260,76957355,137377,137377,,education centre,primary school,,EAST BENTLEIGH PRIMARY SCHOOL,East Bentleigh Primary School,,,101,4837 C1,1788134400000.0,50073279,52251,10,,,VIC,1242871614000,,76957355,1788333227000,1788333227000,47260,school,1.5,137377.0,FOI_47260
47264,76957359,137384,137384,,education centre,primary/secondary school,,EAST PRESTON ISLAMIC COLLEGE,East Preston Islamic College,,,114,1972 C1,1788134400000.0,427147015,-1739169,11,,,VIC,1242871614000,,76957359,1788333227000,1788333227000,47264,school,1.5,137384.0,FOI_47264
20900,76317468,137399,137399,,hospital,day procedure centre,,WHITEHORSE DAY SURGERY,Whitehorse Day Surgery,,,104,7040,1777420800000.0,203814446,-1950909,11,,,VIC,1242871614000,,76317468,1778224466000,1778224466000,20900,hospital,3.0,137399.0,FOI_20900
18656,76506404,137448,137448,,care facility,aged care,,KEILOR EAST MANOR CARE COMMUNITY,Keilor East Manor Care Community,,,102,UID-64061,1781136000000.0,52093577,-2083487,11,,,VIC,1242871614000,,76506404,1781594413000,1781594413000,18656,care,1.0,137448.0,FOI_18656
24627,76508420,137486,137486,,care facility,aged care,,ELDERLY CHINESE HOME,Elderly Chinese Home,,,102,UID-63629,1781136000000.0,217108662,-125840,11,,,VIC,1242871614000,,76508420,1781594430000,1781594430000,24627,care,1.0,137486.0,FOI_24627
47277,76957373,137523,137523,,education centre,primary school,,ELSTERNWICK PRIMARY SCHOOL,Elsternwick Primary School,,,101,2870 C1,1788134400000.0,53632871,8522,10,,,VIC,1242871615000,,76957373,1788333227000,1788333227000,47277,school,1.5,137523.0,FOI_47277
47282,76957378,137537,137537,,education centre,secondary school,,ELWOOD COLLEGE,Elwood College,,,101,7810 C1,1788134400000.0,53656260,105440,10,,,VIC,1242871616000,,76957378,1788333227000,1788333227000,47282,school,1.5,137537.0,FOI_47282
47283,76957379,137538,137538,,education centre,primary school,,ELWOOD PRIMARY SCHOOL,Elwood Primary School,,,101,3942 C1,1788134400000.0,211405425,8548,10,,,VIC,1242871616000,,76957379,1788333227000,1788333227000,47283,school,1.5,137538.0,FOI_47283
20919,76317473,137611,137611,,hospital,day procedure centre,,ESSENDON DAY PROCEDURE CENTRE,Essendon Day Procedure Centre,,,104,6180,1777420800000.0,219042168,-1765589,11,,,VIC,1242871616000,,76317473,1778224466000,1778224466000,20919,hospital,3.0,137611.0,FOI_20919
47292,76957388,137615,137615,,education centre,primary school,,ESSENDON NORTH PRIMARY SCHOOL,Essendon North Primary School,,,101,4015 C1,1788134400000.0,50696378,8698,10,,,VIC,1242871616000,,76957388,1788333227000,1788333227000,47292,school,1.5,137615.0,FOI_47292
47293,76957389,137618,137618,,education centre,primary school,,ESSEX HEIGHTS PRIMARY SCHOOL,Essex Heights Primary School,,,101,4903 C1,1788134400000.0,50588661,8703,10,,,VIC,1242871616000,,76957389,1788333227000,1788333227000,47293,school,1.5,137618.0,FOI_47293
24691,76508501,137642,137642,,care facility,aged care,,EVA TILLEY MEMORIAL HOSTEL,Eva Tilley Memorial Hostel,,,102,UID-63499,1781136000000.0,459031526,-125996,11,,,VIC,1242871616000,,76508501,1781594431000,1781594431000,24691,care,1.0,137642.0,FOI_24691
47299,76957395,137711,137711,,education centre,primary school,,FAWKNER PRIMARY SCHOOL,Fawkner Primary School,,,101,3590 C1,1788134400000.0,,8930,10,,,VIC,1242871616000,,76957395,1788333227000,1788333227000,47299,school,1.5,137711.0,FOI_47299
2956,76316222,137746,137746,,hospital,day procedure centre,,EAST MELBOURNE DAY PROCEDURE CENTRE,East Melbourne Day Procedure Centre,,,104,7160,1777420800000.0,453238022,-1896277,11,,,VIC,1242871617000,,76316222,1778224435000,1778224435000,2956,hospital,3.0,137746.0,FOI_2956
51507,76959274,997387,997387,137768.0,education centre,primary school,,FITZROY COMMUNITY SCHOOL,Fitzroy Community School,FITZROY COMMUNITY SCHOOL,,114,1819 C1,1788134400000.0,51461383,106113,10,,,VIC,1389614795000,,76959274,1788333231000,1788333231000,51507,school,1.5,137768.0,FOI_51507
47303,76957399,137769,137769,,education centre,primary school,,FITZROY PRIMARY SCHOOL,Fitzroy Primary School,,,101,450 C1,1788134400000.0,458340038,9128,10,,,VIC,1242871617000,,76957399,1788333227000,1788333227000,47303,school,1.5,137769.0,FOI_47303
47305,76957401,137792,137792,,education centre,primary school,,FOOTSCRAY CITY PRIMARY SCHOOL,Footscray City Primary School,,,101,1912 C1,1788134400000.0,215077497,9294,10,,,VIC,1242871617000,,76957401,1788333227000,1788333227000,47305,school,1.5,137792.0,FOI_47305
47306,76957402,137794,137794,,education centre,primary school,,FOOTSCRAY PRIMARY SCHOOL,Footscray Primary School,,,101,253 C1,1788134400000.0,422715285,32370,10,,,VIC,1242871617000,,76957402,1788333227000,1788333227000,47306,school,1.5,137794.0,FOI_47306
47307,76957403,137797,137797,,education centre,primary school,,FOOTSCRAY WEST PRIMARY SCHOOL,Footscray West Primary School,,,101,3890 C1,1788134400000.0,51590057,9298,10,,,VIC,1242871617000,,76957403,1788333227000,1788333227000,47307,school,1.5,137797.0,FOI_47307
47311,76957407,137842,137842,,education centre,special school,,FRANK DANDO SPORTS ACADEMY,Frank Dando Sports Academy,,,114,1852 C1,1788134400000.0,220281780,-894966,11,,,VIC,1242871617000,,76957407,1788333227000,1788333227000,47311,school,1.5,137842.0,FOI_47311
47312,76957408,137843,137843,,education centre,special school,,CHESHIRE SCHOOL,Cheshire School,,,114,1743 C1,1788134400000.0,51533140,-1349810,11,,,VIC,1242871617000,,76957408,1788333227000,1788333227000,47312,school,1.5,137843.0,FOI_47312
47319,76957415,137889,137889,,education centre,primary school,,GALILEE REGIONAL CATHOLIC PRIMARY SCHOOL,Galilee Regional Catholic Primary School,,,113,1941 C1,1788134400000.0,53553021,106115,10,,,VIC,1242871618000,,76957415,1788333227000,1788333227000,47319,school,1.5,137889.0,FOI_47319
2959,76316226,137893,137893,,hospital,day procedure centre,,DIAMOND VALLEY RENAL CARE CENTRE,Diamond Valley Renal Care Centre,,,104,7380,1777420800000.0,51664606,-2057380,11,,,VIC,1242871618000,,76316226,1778224435000,1778224435000,2959,hospital,3.0,137893.0,FOI_2959
47321,76957417,137897,137897,,education centre,primary school,,GARDENVALE PRIMARY SCHOOL,Gardenvale Primary School,,,101,3897 C1,1788134400000.0,51904222,9719,10,,,VIC,1242871618000,,76957417,1788333227000,1788333227000,47321,school,1.5,137897.0,FOI_47321
2960,76316228,138022,138022,,hospital,day procedure centre,,GLEN EIRA DAY SURGERY,Glen Eira Day Surgery,,,104,8460,1777420800000.0,209071294,-126376,11,,,VIC,1242871618000,,76316228,1778224435000,1778224435000,2960,hospital,3.0,138022.0,FOI_2960
47337,76957433,138030,138030,,education centre,primary school,,GLEN HUNTLY PRIMARY SCHOOL,Glen Huntly Primary School,,,101,3703 C1,1788134400000.0,50297562,10069,10,,,VIC,1242871619000,,76957433,1788333227000,1788333227000,47337,school,1.5,138030.0,FOI_47337
47338,76957434,138031,138031,,education centre,primary school,,GLEN KATHERINE PRIMARY SCHOOL,Glen Katherine Primary School,,,101,5260 C1,1788134400000.0,213331095,106117,10,,,VIC,1242871619000,,76957434,1788333227000,1788333227000,47338,school,1.5,138031.0,FOI_47338
20494,76981626,138054,138054,,care facility,aged care,,GLEN WAVERLEY NURSING HOME,Glen Waverley Nursing Home,,,102,UID-64345,1781136000000.0,51984346,-126408,11,,,VIC,1242871619000,,76981626,1788937827000,1788937827000,20494,care,1.0,138054.0,FOI_20494
47340,76957436,138055,138055,,education centre,primary school,,GLEN WAVERLEY PRIMARY SCHOOL,Glen Waverley Primary School,,,101,5425 C1,1788134400000.0,51942497,10089,10,,,VIC,1242871619000,,76957436,1788333227000,1788333227000,47340,school,1.5,138055.0,FOI_47340
47341,76957437,138057,138057,,education centre,primary school,,GLEN WAVERLEY SOUTH PRIMARY SCHOOL,Glen Waverley South Primary School,,,101,5436 C1,1788134400000.0,220649192,106118,10,,,VIC,1242871619000,,76957437,1788333227000,1788333227000,47341,school,1.5,138057.0,FOI_47341
47342,76957438,138065,138065,,education centre,special school,,GLENALLEN SCHOOL,Glenallen School,,,101,4968 C1,1788134400000.0,51742333,-895003,11,,,VIC,1242871619000,,76957438,1788333227000,1788333227000,47342,school,1.5,138065.0,FOI_47342
47343,76957439,138092,138092,,education centre,primary school,,GLENDAL PRIMARY SCHOOL,Glendal Primary School,,,101,5010 C1,1788134400000.0,52036209,10128,10,,,VIC,1242871619000,,76957439,1788333227000,1788333227000,47343,school,1.5,138092.0,FOI_47343
47347,76957443,138192,138192,,education centre,primary school,,GLENROY WEST PRIMARY SCHOOL,Glenroy West Primary School,,,101,4809 C1,1788134400000.0,50024842,10254,10,,,VIC,1242871620000,,76957443,1788333227000,1788333227000,47347,school,1.5,138192.0,FOI_47347
47349,76957446,138247,138247,,education centre,primary school,,GOOD SHEPHERD SCHOOL,Good Shepherd School,,,113,1682 C1,1788134400000.0,214387637,106122,10,,,VIC,1242871620000,,76957446,1788333227000,1788333227000,47349,school,1.5,138247.0,FOI_47349
18674,76506423,138297,138297,,care facility,aged care,,GRACE VILLA AGED CARE,Grace Villa Aged Care,,,102,UID-64352,1781136000000.0,430560881,-126651,11,,,VIC,1242871620000,,76506423,1781594413000,1781594413000,18674,care,1.0,138297.0,FOI_18674
44903,76511732,138301,138301,,care facility,aged care,,GRACELAND MANOR,Graceland Manor,,,102,UID-64029,1781136000000.0,,-126655,11,,,VIC,1242871620000,,76511732,1781594443000,1781594443000,44903,care,1.0,138301.0,FOI_44903
47359,76957456,138374,138374,,education centre,primary school,,GREENHILLS PRIMARY SCHOOL,Greenhills Primary School,,,101,4893 C1,1788134400000.0,51093633,10839,10,,,VIC,1242871621000,,76957456,1788333227000,1788333227000,47359,school,1.5,138374.0,FOI_47359
47375,76957472,138547,138547,,education centre,primary school,,HAMPTON PRIMARY SCHOOL,Hampton Primary School,,,101,3754 C1,1788134400000.0,50503533,11209,10,,,VIC,1242871622000,,76957472,1788333227000,1788333227000,47375,school,1.5,138547.0,FOI_47375
47384,76957481,138607,138607,,education centre,primary school,,HAWTHORN WEST PRIMARY SCHOOL,Hawthorn West Primary School,,,101,293 C1,1788134400000.0,52177711,11411,10,,,VIC,1242871622000,,76957481,1788333227000,1788333227000,47384,school,1.5,138607.0,FOI_47384
26429,64586086,138665,138665,,admin facility,law court,,HEIDELBERG MAGISTRATES COURT,Heidelberg Magistrates Court,,,109,,1217894400000.0,218748772,11547,10,,,VIC,1242871622000,,58029644,1591773935000,1655947964000,26429,administration,1.5,138665.0,FOI_26429
47399,76957497,138732,138732,,education centre,primary school,,HIGHVALE PRIMARY SCHOOL,Highvale Primary School,,,101,4986 C1,1788134400000.0,51525375,11740,10,,,VIC,1242871623000,,76957497,1788333227000,1788333227000,47399,school,1.5,138732.0,FOI_47399
47400,76957498,138733,138733,,education centre,secondary school,,HIGHVALE SECONDARY COLLEGE,Highvale Secondary College,,,101,7918 C1,1788134400000.0,221249943,11741,10,,,VIC,1242871623000,,76957498,1788333227000,1788333227000,47400,school,1.5,138733.0,FOI_47400
47403,76957501,138830,138830,,education centre,secondary school,,HOLMES GRAMMAR SCHOOL,Holmes Grammar School,,,114,2024 C1,1788134400000.0,50320378,-1949271,11,,,VIC,1242871623000,,76957501,1788333227000,1788333227000,47403,school,1.5,138830.0,FOI_47403
47408,76957506,138840,138840,,education centre,primary school,,HOLY FAMILY SCHOOL,Holy Family School,,,113,1565 C1,1788134400000.0,213732692,106136,10,,,VIC,1242871624000,,76957506,1788333227000,1788333227000,47408,school,1.5,138840.0,FOI_47408
47409,76957507,138841,138841,,education centre,primary school,,HOLY NAME SCHOOL,Holy Name School,,,113,1438 C1,1788134400000.0,54529220,106137,10,,,VIC,1242871624000,,76957507,1788333227000,1788333227000,47409,school,1.5,138841.0,FOI_47409
47410,76957508,138842,138842,,education centre,primary school,,HOLY ROSARY SCHOOL,Holy Rosary School,,,113,1033 C1,1788134400000.0,432388176,106138,10,,,VIC,1242871624000,,76957508,1788333227000,1788333227000,47410,school,1.5,138842.0,FOI_47410
47413,76957511,138850,138850,,education centre,primary school,,HOLY TRINITY PRIMARY SCHOOL,Holy Trinity Primary School,,,113,1910 C1,1788134400000.0,53993762,106145,10,,,VIC,1242871624000,,76957511,1788333227000,1788333227000,47413,school,1.5,138850.0,FOI_47413
47417,76957514,138905,138905,,education centre,primary school,,HUGHESDALE PRIMARY SCHOOL,Hughesdale Primary School,,,101,4176 C1,1788134400000.0,211978829,12148,10,,,VIC,1242871624000,,76957514,1788333227000,1788333227000,47417,school,1.5,138905.0,FOI_47417
47418,76957515,138918,138918,,education centre,primary school,,HUNTINGDALE PRIMARY SCHOOL,Huntingdale Primary School,,,101,4716 C1,1788134400000.0,51293812,12190,10,,,VIC,1242871624000,,76957515,1788333227000,1788333227000,47418,school,1.5,138918.0,FOI_47418
47419,76957516,138921,138921,,education centre,primary/secondary school,,HUNTINGTOWER SCHOOL,Huntingtower School,,,114,1267 C1,1788134400000.0,50644577,106919,10,,,VIC,1242871624000,,76957516,1788333227000,1788333227000,47419,school,1.5,138921.0,FOI_47419
51497,76959264,988006,988006,138961.0,education centre,primary school,,ILIM COLLEGE - GLENROY CAMPUS,Ilim College - Glenroy Campus,ILIM COLLEGE,,114,1947 C2,1788134400000.0,54121124,-1431465,11,,,VIC,1362744056000,,76959264,1788333231000,1788333231000,51497,school,1.5,138961.0,FOI_51497
3282,76316237,139058,139058,,hospital,day procedure centre,,IVANHOE ENDOSCOPY CENTRE,Ivanhoe Endoscopy Centre,,,104,6410,1777420800000.0,150046319,-1169449,11,,,VIC,1242871625000,,76316237,1778224435000,1778224435000,3282,hospital,3.0,139058.0,FOI_3282
47434,76957531,139096,139096,,education centre,primary/secondary school,,JAPANESE SCHOOL OF MELBOURNE,Japanese School Of Melbourne,,,114,1902 C1,1788134400000.0,50274944,-1739181,11,,,VIC,1242871625000,,76957531,1788333227000,1788333227000,47434,school,1.5,139096.0,FOI_47434
47435,76957532,139113,139113,,education centre,primary school,,JELLS PARK PRIMARY SCHOOL,Jells Park Primary School,,,101,5176 C1,1788134400000.0,51302793,12637,10,,,VIC,1242871625000,,76957532,1788333227000,1788333227000,47435,school,1.5,139113.0,FOI_47435
51643,76959410,1149278,1149278,139228.0,education centre,special school,,KAMARUKA - KAMARUKA PRIMARY CAMPUS,Kamaruka - Kamaruka Primary Campus,KAMARUKA,,114,1999 C2,1788134400000.0,50717873,-1699083,11,,,VIC,1488286556000,,76959410,1788333231000,1788333231000,51643,school,1.5,139228.0,FOI_51643
47450,76957547,139383,139383,,education centre,primary school,,KENSINGTON PRIMARY SCHOOL,Kensington Primary School,,,101,2374 C1,1788134400000.0,456540989,13349,10,,,VIC,1242871627000,,76957547,1788333227000,1788333227000,47450,school,1.5,139383.0,FOI_47450
47456,76957553,139419,139419,,education centre,primary school,,KERRIMUIR PRIMARY SCHOOL,Kerrimuir Primary School,,,101,4816 C1,1788134400000.0,51255379,13412,10,,,VIC,1242871628000,,76957553,1788333227000,1788333227000,47456,school,1.5,139419.0,FOI_47456
3299,76316241,139424,139424,,hospital,day procedure centre,,KEW ENDOSCOPY,Kew Endoscopy,,,104,7020,1777420800000.0,151073971,-1896403,11,,,VIC,1242871628000,,76316241,1778224435000,1778224435000,3299,hospital,3.0,139424.0,FOI_3299
47457,76957554,139425,139425,,education centre,primary school,,KEW PRIMARY SCHOOL,Kew Primary School,,,101,1075 C1,1788134400000.0,53469638,13447,10,,,VIC,1242871628000,,76957554,1788333227000,1788333227000,47457,school,1.5,139425.0,FOI_47457
47470,76957567,139530,139530,,education centre,primary school,,KINGSBURY PRIMARY SCHOOL,Kingsbury Primary School,,,101,4845 C1,1788134400000.0,51329816,13636,10,,,VIC,1242871629000,,76957567,1788333227000,1788333227000,47470,school,1.5,139530.0,FOI_47470
47473,76957570,139542,139542,,education centre,primary school,,KINGSVILLE PRIMARY SCHOOL,Kingsville Primary School,,,101,3988 C1,1788134400000.0,51314017,13649,10,,,VIC,1242871629000,,76957570,1788333227000,1788333227000,47473,school,1.5,139542.0,FOI_47473
47490,76957587,139737,139737,,education centre,primary school,,LABURNUM PRIMARY SCHOOL,Laburnum Primary School,,,101,4863 C1,1788134400000.0,53405042,14098,10,,,VIC,1242871630000,,76957587,1788333227000,1788333227000,47490,school,1.5,139737.0,FOI_47490
47528,76957625,140024,140024,,education centre,primary school,,LIVINGSTONE PRIMARY SCHOOL,Livingstone Primary School,,,101,5113 C1,1788134400000.0,206472673,15282,10,,,VIC,1242871632000,,76957625,1788333227000,1788333227000,47528,school,1.5,140024.0,FOI_47528
47537,76957634,140121,140121,,education centre,primary school,,LOWER PLENTY PRIMARY SCHOOL,Lower Plenty Primary School,,,101,1295 C1,1788134400000.0,50062526,15634,10,,,VIC,1242871633000,,76957634,1788333227000,1788333227000,47537,school,1.5,140121.0,FOI_47537
18650,76506397,140153,140153,,care facility,aged care,,DOUTTA GALLA LYNCHS BRIDGE AGED CARE FACILITY,Doutta Galla Lynchs Bridge Aged Care Facility,,,102,UID-63852,1781136000000.0,50335210,-1727256,11,,,VIC,1242871633000,,76506397,1781594412000,1781594412000,18650,care,1.0,140153.0,FOI_18650
47543,76957640,140186,140186,,education centre,secondary school,,MACROBERTSON GIRLS HIGH SCHOOL,Macrobertson Girls High School,,,101,8135 C1,1788134400000.0,53667517,15850,10,,,VIC,1242871633000,,76957640,1788333227000,1788333227000,47543,school,1.5,140186.0,FOI_47543
47551,76957649,140227,140227,,education centre,primary school,,MAHARISHI SCHOOL OF THE AGE OF ENLIGHTENMENT,Maharishi School Of The Age Of Enlightenment,,,114,1961 C1,1788134400000.0,51361813,106167,10,,,VIC,1242871633000,,76957649,1788333227000,1788333227000,47551,school,1.5,140227.0,FOI_47551
3301,76316249,140266,140266,,hospital,day procedure centre,,MALVERN DIALYSIS CLINIC,Malvern Dialysis Clinic,,,104,8960,1777420800000.0,208465321,-1169451,11,,,VIC,1242871635000,,76316249,1778224435000,1778224435000,3301,hospital,3.0,140266.0,FOI_3301
47555,76957653,140270,140270,,education centre,primary school,,MALVERN VALLEY PRIMARY SCHOOL,Malvern Valley Primary School,,,101,4669 C1,1788134400000.0,50806238,52190,10,,,VIC,1242871635000,,76957653,1788333227000,1788333227000,47555,school,1.5,140270.0,FOI_47555
47570,76957668,140450,140450,,education centre,secondary school,,MAZENOD COLLEGE,Mazenod College,,,113,1673 C1,1788134400000.0,51385283,105459,10,,,VIC,1242871636000,,76957668,1788333227000,1788333227000,47570,school,1.5,140450.0,FOI_47570
47571,76957669,140462,140462,,education centre,primary school,,MCKINNON PRIMARY SCHOOL,Mckinnon Primary School,,,101,4366 C1,1788134400000.0,50344356,52045,10,,,VIC,1242871636000,,76957669,1788333227000,1788333227000,47571,school,1.5,140462.0,FOI_47571
51823,76959591,1279335,1279335,140463.0,education centre,secondary school,,MCKINNON SECONDARY COLLEGE - MCKINNON CAMPUS,Mckinnon Secondary College - Mckinnon Campus,MCKINNON SECONDARY COLLEGE,,101,8125 C1,1788134400000.0,424456408,127618,10,,,VIC,1642006389000,,76959591,1788333232000,1788333232000,51823,school,1.5,140463.0,FOI_51823
24713,76508524,140464,140464,,care facility,aged care,,WINTRINGHAM MCLEAN LODGE HOSTEL,Wintringham Mclean Lodge Hostel,,,102,UID-63804,1781136000000.0,51465552,-1716498,11,,,VIC,1242871636000,,76508524,1781594431000,1781594431000,24713,care,1.0,140464.0,FOI_24713
26411,57472797,140503,140503,,admin facility,law court,,COUNTY COURT OF VICTORIA,County Court Of Victoria,,,,,,211340908,-1906902,11,,,VIC,1242871636000,,57472797,1582649983000,1582649983000,26411,administration,1.5,140503.0,FOI_26411
26436,64554569,140514,140514,,admin facility,law court,,MELBOURNE MAGISTRATES COURT,Melbourne Magistrates Court,,,109,,1217894400000.0,203460218,-128855,11,,,VIC,1242871636000,,58029652,1591773936000,1655947962000,26436,administration,1.5,140514.0,FOI_26436
26462,64586085,140520,140520,,admin facility,law court,,MELBOURNE SUPREME COURT,Melbourne Supreme Court,,,109,,1217894400000.0,203473717,-128861,11,,,VIC,1242871636000,,58035299,1591773979000,1655947964000,26462,administration,1.5,140520.0,FOI_26462
26437,64578129,140521,140521,,admin facility,law court,,MELBOURNE SUPREME COURT OF APPEAL,Melbourne Supreme Court Of Appeal,,,109,,1217894400000.0,50319992,-128862,11,,,VIC,1242871636000,,58029654,1591773936000,1655947964000,26437,administration,1.5,140521.0,FOI_26437
47584,76957682,140569,140569,,education centre,secondary school,,MERCY COLLEGE,Mercy College,,,113,1661 C1,1788134400000.0,51243137,105461,10,,,VIC,1242871636000,,76957682,1788333227000,1788333227000,47584,school,1.5,140569.0,FOI_47584
47593,76957691,140649,140649,,education centre,primary school,,MIDDLE PARK PRIMARY SCHOOL,Middle Park Primary School,,,101,2815 C1,1788134400000.0,53474395,16932,10,,,VIC,1242871637000,,76957691,1788333227000,1788333227000,47593,school,1.5,140649.0,FOI_47593
47605,76957703,140760,140760,,education centre,primary school,,MITCHAM PRIMARY SCHOOL,Mitcham Primary School,,,101,2904 C1,1788134400000.0,51492208,17208,10,,,VIC,1242871638000,,76957703,1788333227000,1788333227000,47605,school,1.5,140760.0,FOI_47605
47610,76957708,140815,140815,,education centre,special school,,MONASH SPECIAL DEVELOPMENTAL SCHOOL,Monash Special Developmental School,,,101,5151 C1,1788134400000.0,205399704,17367,10,,,VIC,1242871638000,,76957708,1788333227000,1788333227000,47610,school,1.5,140815.0,FOI_47610
47613,76957711,140831,140831,,education centre,special school,,MONTAGUE SCHOOL,Montague School,,,101,2784 C1,1788134400000.0,219059003,131095,10,,,VIC,1242871638000,,76957711,1788333227000,1788333227000,47613,school,1.5,140831.0,FOI_47613
47615,76957713,140842,140842,,education centre,primary school,,MONTMORENCY PRIMARY SCHOOL,Montmorency Primary School,,,101,4112 C1,1788134400000.0,51678482,17451,10,,,VIC,1242871638000,,76957713,1788333227000,1788333227000,47615,school,1.5,140842.0,FOI_47615
47616,76957714,140843,140843,,education centre,secondary school,,MONTMORENCY SECONDARY COLLEGE,Montmorency Secondary College,,,101,8068 C1,1788134400000.0,51775773,105464,10,,,VIC,1242871638000,,76957714,1788333227000,1788333227000,47616,school,1.5,140843.0,FOI_47616
47617,76957715,140844,140844,,education centre,primary school,,MONTMORENCY SOUTH PRIMARY SCHOOL,Montmorency South Primary School,,,101,4925 C1,1788134400000.0,215421770,17452,10,,,VIC,1242871638000,,76957715,1788333227000,1788333227000,47617,school,1.5,140844.0,FOI_47617
47620,76957718,140854,140854,,education centre,primary school,,MOOMBA PARK PRIMARY SCHOOL,Moomba Park Primary School,,,101,4876 C1,1788134400000.0,455602570,17486,10,,,VIC,1242871638000,,76957718,1788333227000,1788333227000,47620,school,1.5,140854.0,FOI_47620
26440,64562477,140860,140860,,admin facility,law court,,MOONEE PONDS,Moonee Ponds,,,109,,1217894400000.0,53466595,-129199,11,,,VIC,1242871638000,,58029657,1591773936000,1655947963000,26440,administration,1.5,140860.0,FOI_26440
47622,76957720,140862,140862,,education centre,primary school,,MOONEE PONDS PRIMARY SCHOOL,Moonee Ponds Primary School,,,101,3987 C1,1788134400000.0,51273137,104943,10,,,VIC,1242871638000,,76957720,1788333227000,1788333227000,47622,school,1.5,140862.0,FOI_47622
47654,76957753,141006,141006,,education centre,primary school,,MOUNT PLEASANT ROAD NUNAWADING PRIMARY SCHOOL,Mount Pleasant Road Nunawading Primary School,,,101,4808 C1,1788134400000.0,50905378,60043,10,,,VIC,1242871639000,,76957753,1788333227000,1788333227000,47654,school,1.5,141006.0,FOI_47654
47656,76957755,141029,141029,,education centre,primary school,,MOUNT WAVERLEY NORTH PRIMARY SCHOOL,Mount Waverley North Primary School,,,101,5430 C1,1788134400000.0,50607662,106180,10,,,VIC,1242871639000,,76957755,1788333227000,1788333227000,47656,school,1.5,141029.0,FOI_47656
47657,76957756,141030,141030,,education centre,primary school,,MOUNT WAVERLEY PRIMARY SCHOOL,Mount Waverley Primary School,,,101,3432 C1,1788134400000.0,456079503,18724,10,,,VIC,1242871639000,,76957756,1788333227000,1788333227000,47657,school,1.5,141030.0,FOI_47657
47662,76957761,141091,141091,,education centre,primary school,,MULGRAVE PRIMARY SCHOOL,Mulgrave Primary School,,,101,2172 C1,1788134400000.0,51293788,18888,10,,,VIC,1242871640000,,76957761,1788333227000,1788333227000,47662,school,1.5,141091.0,FOI_47662
47667,76957766,141168,141168,,education centre,primary school,,MURRUMBEENA PRIMARY SCHOOL,Murrumbeena Primary School,,,101,3449 C1,1788134400000.0,216898025,19079,10,,,VIC,1242871640000,,76957766,1788333227000,1788333227000,47667,school,1.5,141168.0,FOI_47667
47695,76957794,141381,141381,,education centre,primary school,,NEWLANDS PRIMARY SCHOOL,Newlands Primary School,,,101,4646 C1,1788134400000.0,51244229,19685,10,,,VIC,1242871643000,,76957794,1788333228000,1788333228000,47695,school,1.5,141381.0,FOI_47695
47703,76957802,141410,141410,,education centre,primary school,,NIDDRIE PRIMARY SCHOOL,Niddrie Primary School,,,101,5410 C1,1788134400000.0,150407815,19793,10,,,VIC,1242871644000,,76957802,1788333228000,1788333228000,47703,school,1.5,141410.0,FOI_47703
51861,76959629,1313731,1313731,141476.0,education centre,primary school,,NORTH MELBOURNE PRIMARY SCHOOL,North Melbourne Primary School,NORTH MELBOURNE PRIMARY SCHOOL,,101,1402 C1,1788134400000.0,50473290,20041,10,,,VIC,1673444084000,,76959629,1788333232000,1788333232000,51861,school,1.5,141476.0,FOI_51861
6020,76316271,141480,141480,,hospital,day procedure centre,,NORTH WEST DAY HOSPITAL,North West Day Hospital,,,104,8850,1777420800000.0,51276887,-2103085,11,,,VIC,1242871644000,,76316271,1778224435000,1778224435000,6020,hospital,3.0,141480.0,FOI_6020
52835,76967437,141497,141497,,education centre,secondary school,,NORTHERN COLLEGE OF THE ARTS AND TECHNOLOGY,Northern College Of The Arts And Technology,,,101,7300 C1,1788134400000.0,429958768,104450,10,,,VIC,1242871644000,,76967437,1788333593000,1788333593000,52835,school,1.5,141497.0,FOI_52835
47715,76957815,141526,141526,,education centre,primary school,,NUNAWADING CHRISTIAN COLLEGE-PRIMARY,Nunawading Christian College-Primary,,,114,1508 C1,1788134400000.0,426840910,106187,10,,,VIC,1242871644000,,76957815,1788333228000,1788333228000,47715,school,1.5,141526.0,FOI_47715
47716,76957816,141527,141527,,education centre,secondary school,,NUNAWADING CHRISTIAN COLLEGE-SECONDARY,Nunawading Christian College-Secondary,,,114,1712 C1,1788134400000.0,426840910,105470,10,,,VIC,1242871644000,,76957816,1788333228000,1788333228000,47716,school,1.5,141527.0,FOI_47716
47720,76957820,141558,141558,,education centre,primary school,,OAK PARK PRIMARY SCHOOL,Oak Park Primary School,,,101,4721 C1,1788134400000.0,50024962,20316,10,,,VIC,1242871644000,,76957820,1788333228000,1788333228000,47720,school,1.5,141558.0,FOI_47720
24403,76508183,141571,141571,,care facility,aged care,,OAKLEA HALL,Oaklea Hall,,,102,UID-63700,1781136000000.0,,-1939417,11,,,VIC,1242871645000,,76508183,1781594428000,1781594428000,24403,care,1.0,141571.0,FOI_24403
47721,76957821,141577,141577,,education centre,primary/secondary school,,OAKLEIGH GRAMMAR,Oakleigh Grammar,,,114,1866 C1,1788134400000.0,51285597,106941,10,,,VIC,1242871645000,,76957821,1788333228000,1788333228000,47721,school,1.5,141577.0,FOI_47721
47722,76957822,141579,141579,,education centre,primary school,,OAKLEIGH PRIMARY SCHOOL,Oakleigh Primary School,,,101,1601 C1,1788134400000.0,53001126,20331,10,,,VIC,1242871645000,,76957822,1788333228000,1788333228000,47722,school,1.5,141579.0,FOI_47722
47723,76957823,141580,141580,,education centre,primary school,,OAKLEIGH SOUTH PRIMARY SCHOOL,Oakleigh South Primary School,,,101,4823 C1,1788134400000.0,51290308,20336,10,,,VIC,1242871645000,,76957823,1788333228000,1788333228000,47723,school,1.5,141580.0,FOI_47723
47730,76957830,141631,141631,,education centre,primary school,,OLD ORCHARD PRIMARY SCHOOL,Old Orchard Primary School,,,101,4715 C1,1788134400000.0,,20403,10,,,VIC,1242871645000,,76957830,1788333228000,1788333228000,47730,school,1.5,141631.0,FOI_47730
47733,76957833,141686,141686,,education centre,primary school,,ORCHARD GROVE PRIMARY SCHOOL,Orchard Grove Primary School,,,101,5285 C1,1788134400000.0,54673845,20538,10,,,VIC,1242871645000,,76957833,1788333228000,1788333228000,47733,school,1.5,141686.0,FOI_47733
47734,76957834,141690,141690,,education centre,primary school,,ORMOND PRIMARY SCHOOL,Ormond Primary School,,,101,3074 C1,1788134400000.0,212146754,20560,10,,,VIC,1242871645000,,76957834,1788333228000,1788333228000,47734,school,1.5,141690.0,FOI_47734
47738,76957838,141704,141704,,education centre,primary school,,OUR HOLY REDEEMER SCHOOL,Our Holy Redeemer School,,,113,653 C1,1788134400000.0,173775813,106190,10,,,VIC,1242871645000,,76957838,1788333228000,1788333228000,47738,school,1.5,141704.0,FOI_47738
47739,76957839,141705,141705,,education centre,primary school,,OUR LADY HELP OF CHRISTIANS SCHOOL,Our Lady Help Of Christians School,,,113,931 C1,1788134400000.0,51607768,106191,10,,,VIC,1242871645000,,76957839,1788333228000,1788333228000,47739,school,1.5,141705.0,FOI_47739
47744,76957844,141712,141712,,education centre,primary school,,OUR LADY OF GOOD COUNSEL SCHOOL,Our Lady Of Good Counsel School,,,113,1206 C1,1788134400000.0,205990302,106197,10,,,VIC,1242871645000,,76957844,1788333228000,1788333228000,47744,school,1.5,141712.0,FOI_47744
47745,76957845,141713,141713,,education centre,primary school,,OUR LADY OF LOURDES SCHOOL,Our Lady Of Lourdes School,,,113,1176 C1,1788134400000.0,50930780,106198,10,,,VIC,1242871645000,,76957845,1788333228000,1788333228000,47745,school,1.5,141713.0,FOI_47745
47748,76957848,141719,141719,,education centre,secondary school,,OUR LADY OF SION COLLEGE LTD,Our Lady Of Sion College Ltd,,,113,1287 C1,1788134400000.0,203917035,-2121344,11,,,VIC,1242871645000,,76957848,1788333228000,1788333228000,47748,school,1.5,141719.0,FOI_47748
47749,76957849,141720,141720,,education centre,primary school,,OUR LADY OF THE NATIVITY SCHOOL,Our Lady Of The Nativity School,,,113,1585 C1,1788134400000.0,50470023,106201,10,,,VIC,1242871645000,,76957849,1788333228000,1788333228000,47749,school,1.5,141720.0,FOI_47749
47753,76957853,141725,141725,,education centre,primary school,,OUR LADY OF THE WAY SCHOOL,Our Lady Of The Way School,,,113,1627 C1,1788134400000.0,152038248,106205,10,,,VIC,1242871645000,,76957853,1788333228000,1788333228000,47753,school,1.5,141725.0,FOI_47753
47765,76957865,141811,141811,,education centre,primary school,,PARKHILL PRIMARY SCHOOL,Parkhill Primary School,,,101,5416 C1,1788134400000.0,54616144,20799,10,,,VIC,1242871646000,,76957865,1788333228000,1788333228000,47765,school,1.5,141811.0,FOI_47765
47766,76957866,141815,141815,,education centre,primary school,,PARKMORE PRIMARY SCHOOL,Parkmore Primary School,,,101,4881 C1,1788134400000.0,51326268,20803,10,,,VIC,1242871646000,,76957866,1788333228000,1788333228000,47766,school,1.5,141815.0,FOI_47766
47769,76957869,141832,141832,,education centre,secondary school,,PASCOE VALE GIRLS SECONDARY COLLEGE,Pascoe Vale Girls Secondary College,,,101,8227 C1,1788134400000.0,50278935,20836,10,,,VIC,1242871646000,,76957869,1788333228000,1788333228000,47769,school,1.5,141832.0,FOI_47769
47770,76957870,141834,141834,,education centre,primary school,,PASCOE VALE NORTH PRIMARY SCHOOL,Pascoe Vale North Primary School,,,101,4731 C1,1788134400000.0,50279660,20837,10,,,VIC,1242871646000,,76957870,1788333228000,1788333228000,47770,school,1.5,141834.0,FOI_47770
47771,76957871,141835,141835,,education centre,primary school,,PASCOE VALE PRIMARY SCHOOL,Pascoe Vale Primary School,,,101,3081 C1,1788134400000.0,50279066,20839,10,,,VIC,1242871646000,,76957871,1788333228000,1788333228000,47771,school,1.5,141835.0,FOI_47771
47772,76957872,141836,141836,,education centre,primary school,,PASCOE VALE SOUTH PRIMARY SCHOOL,Pascoe Vale South Primary School,,,101,4704 C1,1788134400000.0,50301477,20842,10,,,VIC,1242871646000,,76957872,1788333228000,1788333228000,47772,school,1.5,141836.0,FOI_47772
21003,76317516,141931,141931,,hospital,general hospital,,PETER MACCALLUM CANCER CENTRE,Peter Maccallum Cancer Centre,,,104,1550,1777420800000.0,424341076,122984,10,,,VIC,1242871647000,,76317516,1778224466000,1778224466000,21003,hospital,3.0,141931.0,FOI_21003
47780,76957880,141991,141991,,education centre,primary school,,PINEWOOD PRIMARY SCHOOL,Pinewood Primary School,,,101,4874 C1,1788134400000.0,,21303,10,,,VIC,1242871647000,,76957880,1788333228000,1788333228000,47780,school,1.5,141991.0,FOI_47780
47783,76957883,142010,142010,,education centre,primary/secondary school,,NORTH-EASTERN MONTESSORI SCHOOL,North-Eastern Montessori School,,,114,1770 C1,1788134400000.0,51010005,-2120703,11,,,VIC,1242871647000,,76957883,1788333228000,1788333228000,47783,school,1.5,142010.0,FOI_47783
18700,76506459,142012,142012,,care facility,aged care,,CRAIGCARE PLUMPTON VILLA,Craigcare Plumpton Villa,,,102,UID-64770,1781136000000.0,424488576,-2089056,11,,,VIC,1242871647000,,76506459,1781594414000,1781594414000,18700,care,1.0,142012.0,FOI_18700
47790,76957890,142058,142058,,education centre,primary school,,PORT MELBOURNE PRIMARY SCHOOL,Port Melbourne Primary School,,,101,2932 C1,1788134400000.0,53153716,21658,10,,,VIC,1242871648000,,76957890,1788333228000,1788333228000,47790,school,1.5,142058.0,FOI_47790
24695,76508505,142082,142082,,care facility,aged care,,PRAGUE HOUSE,Prague House,,,102,UID-63587,1781136000000.0,209752099,-130414,11,,,VIC,1242871648000,,76508505,1781594431000,1781594431000,24695,care,1.0,142082.0,FOI_24695
47797,76957897,142089,142089,,education centre,primary/secondary school,,PRESBYTERIAN LADIES COLLEGE,Presbyterian Ladies College,,,114,554 C1,1788134400000.0,172703479,-1739200,11,,,VIC,1242871648000,,76957897,1788333228000,1788333228000,47797,school,1.5,142089.0,FOI_47797
26446,64586089,142102,142102,,admin facility,law court,,PRESTON MAGISTRATES COURT,Preston Magistrates Court,,,109,,1217894400000.0,54717328,21805,10,,,VIC,1242871648000,,58029665,1591773936000,1655947964000,26446,administration,1.5,142102.0,FOI_26446
47798,76957898,142104,142104,,education centre,primary school,,PRESTON NORTH EAST PRIMARY SCHOOL,Preston North East Primary School,,,101,4764 C1,1788134400000.0,50434141,21807,10,,,VIC,1242871648000,,76957898,1788333228000,1788333228000,47798,school,1.5,142104.0,FOI_47798
47799,76957899,142105,142105,,education centre,primary school,,PRESTON PRIMARY SCHOOL,Preston Primary School,,,101,1494 C1,1788134400000.0,203621371,21810,10,,,VIC,1242871648000,,76957899,1788333228000,1788333228000,47799,school,1.5,142105.0,FOI_47799
47800,76957900,142106,142106,,education centre,primary school,,PRESTON SOUTH PRIMARY SCHOOL,Preston South Primary School,,,101,824 C1,1788134400000.0,51122915,21812,10,,,VIC,1242871648000,,76957900,1788333228000,1788333228000,47800,school,1.5,142106.0,FOI_47800
47801,76957901,142107,142107,,education centre,primary school,,PRESTON WEST PRIMARY SCHOOL,Preston West Primary School,,,101,3885 C1,1788134400000.0,218964725,21814,10,,,VIC,1242871648000,,76957901,1788333228000,1788333228000,47801,school,1.5,142107.0,FOI_47801
47802,76957902,142113,142113,,education centre,primary school,,PRINCES HILL PRIMARY SCHOOL,Princes Hill Primary School,,,101,2955 C1,1788134400000.0,455022610,21846,10,,,VIC,1242871648000,,76957902,1788333228000,1788333228000,47802,school,1.5,142113.0,FOI_47802
24624,76508417,142180,142180,,care facility,aged care,,DOUTTA GALLA QUEENS PARK AGED CARE FACILITY,Doutta Galla Queens Park Aged Care Facility,,,102,UID-64028,1781136000000.0,219042278,-1384073,11,,,VIC,1242871648000,,76508417,1781594430000,1781594430000,24624,care,1.0,142180.0,FOI_24624
47810,76957910,142224,142224,,education centre,primary school,,RANGEVIEW PRIMARY SCHOOL,Rangeview Primary School,,,101,5431 C1,1788134400000.0,51496272,106216,10,,,VIC,1242871648000,,76957910,1788333228000,1788333228000,47810,school,1.5,142224.0,FOI_47810
48896,76435827,142299,142299,,admin facility,justice service,,RESERVOIR JUSTICE SERVICE CENTRE,Reservoir Justice Service Centre,,,108,,1780272000000.0,51331100,-1731634,11,,,VIC,1242871649000,,76435827,1780471100000,1780471100000,48896,administration,1.5,142299.0,FOI_48896
52979,76975160,142302,142302,,education centre,primary school,,RESERVOIR EAST PRIMARY SCHOOL,Reservoir East Primary School,,,101,4686 C1,1788134400000.0,,22513,10,,,VIC,1242871649000,,76975160,1788514217000,1788514217000,52979,school,1.5,142302.0,FOI_52979
47820,76957921,142303,142303,,education centre,primary school,,RESERVOIR PRIMARY SCHOOL,Reservoir Primary School,,,101,3960 C1,1788134400000.0,172418137,22515,10,,,VIC,1242871649000,,76957921,1788333228000,1788333228000,47820,school,1.5,142303.0,FOI_47820
47821,76957922,142307,142307,,education centre,primary school,,RESERVOIR WEST PRIMARY SCHOOL,Reservoir West Primary School,,,101,4711 C1,1788134400000.0,51359656,22517,10,,,VIC,1242871649000,,76957922,1788333228000,1788333228000,47821,school,1.5,142307.0,FOI_47821
47822,76957923,142309,142309,,education centre,primary school,,RESURRECTION HOUSE,Resurrection House,,,113,1513 C1,1788134400000.0,50471322,106220,10,,,VIC,1242871649000,,76957923,1788333228000,1788333228000,47822,school,1.5,142309.0,FOI_47822
47823,76957924,142324,142324,,education centre,primary school,,RICHMOND PRIMARY SCHOOL,Richmond Primary School,,,101,5269 C1,1788134400000.0,51464051,22580,10,,,VIC,1242871649000,,76957924,1788333228000,1788333228000,47823,school,1.5,142324.0,FOI_47823
47824,76957925,142325,142325,,education centre,primary school,,RICHMOND WEST PRIMARY SCHOOL,Richmond West Primary School,,,101,5044 C1,1788134400000.0,50492279,22585,10,,,VIC,1242871649000,,76957925,1788333228000,1788333228000,47824,school,1.5,142325.0,FOI_47824
47829,76957930,142357,142357,,education centre,primary school,,RIPPONLEA PRIMARY SCHOOL,Ripponlea Primary School,,,101,4087 C1,1788134400000.0,50240848,22672,10,,,VIC,1242871649000,,76957930,1788333228000,1788333228000,47829,school,1.5,142357.0,FOI_47829
47831,76957932,142411,142411,,education centre,primary school,,ROBERTS MCCUBBIN PRIMARY SCHOOL,Roberts Mccubbin Primary School,,,101,5419 C1,1788134400000.0,51891872,22721,10,,,VIC,1242871650000,,76957932,1788333228000,1788333228000,47831,school,1.5,142411.0,FOI_47831
24588,76508378,142502,142502,,care facility,aged care,,CALVARY ROSANNA VIEWS,Calvary Rosanna Views,,,102,UID-64060,1781136000000.0,53468458,-2056241,11,,,VIC,1242871650000,,76508378,1781594430000,1781594430000,24588,care,1.0,142502.0,FOI_24588
47857,76957958,142873,142873,,education centre,primary school,,SANDRINGHAM EAST PRIMARY SCHOOL,Sandringham East Primary School,,,101,4429 C1,1788134400000.0,50628679,23585,10,,,VIC,1242871654000,,76957958,1788333228000,1788333228000,47857,school,1.5,142873.0,FOI_47857
47858,76957959,142875,142875,,education centre,primary school,,SANDRINGHAM PRIMARY SCHOOL,Sandringham Primary School,,,101,267 C1,1788134400000.0,420825055,23589,10,,,VIC,1242871654000,,76957959,1788333228000,1788333228000,47858,school,1.5,142875.0,FOI_47858
47859,76957960,142882,142882,,education centre,secondary school,,SANTA MARIA COLLEGE,Santa Maria College,,,113,1386 C1,1788134400000.0,54528797,105475,10,,,VIC,1242871654000,,76957960,1788333228000,1788333228000,47859,school,1.5,142882.0,FOI_47859
47873,76957974,143014,143014,,education centre,primary school,,SHERBOURNE PRIMARY SCHOOL,Sherbourne Primary School,,,101,5013 C1,1788134400000.0,51675895,24269,10,,,VIC,1242871655000,,76957974,1788333228000,1788333228000,47873,school,1.5,143014.0,FOI_47873
51684,76959451,1166502,1166502,143028.0,education centre,primary school,,SHOLEM ALEICHEM COLLEGE,Sholem Aleichem College,SHOLEM ALEICHEM COLLEGE,,114,1729 C1,1788134400000.0,51774497,-1734322,11,,,VIC,1517313084000,,76959451,1788333231000,1788333231000,51684,school,1.5,143028.0,FOI_51684
47877,76957978,143046,143046,,education centre,secondary school,,SIMONDS CATHOLIC COLLEGE,Simonds Catholic College,,,113,25 C1,1788134400000.0,53471216,105733,10,,,VIC,1242871656000,,76957978,1788333228000,1788333228000,47877,school,1.5,143046.0,FOI_47877
24370,76508145,143054,143054,,care facility,aged care,,MECWACARE ROSITANO HOUSE,Mecwacare Rositano House,,,102,UID-63701,1781136000000.0,50665372,-1678906,11,,,VIC,1242871656000,,76508145,1781594428000,1781594428000,24370,care,1.0,143054.0,FOI_24370
47889,76957990,143164,143164,,education centre,primary school,,SOUTH YARRA PRIMARY SCHOOL,South Yarra Primary School,,,101,583 C1,1788134400000.0,207402413,24788,10,,,VIC,1242871656000,,76957990,1788333228000,1788333228000,47889,school,1.5,143164.0,FOI_47889
47890,76957991,143165,143165,,education centre,special school,,SOUTHERN AUTISTIC SCHOOL,Southern Autistic School,,,101,5253 C1,1788134400000.0,210273155,52263,10,,,VIC,1242871656000,,76957991,1788333228000,1788333228000,47890,school,1.5,143165.0,FOI_47890
8831,76316296,143178,143178,,hospital,day procedure centre,,SPECIALIST SURGICENTRE DOCKLANDS,Specialist Surgicentre Docklands,,,104,7950,1777420800000.0,203519249,-1896220,11,,,VIC,1242871656000,,76316296,1778224435000,1778224435000,8831,hospital,3.0,143178.0,FOI_8831
47903,76958004,143375,143375,,education centre,primary school,,ST FRANCIS DE SALES SCHOOL,St Francis De Sales School,,,113,1616 C1,1788134400000.0,53744581,106231,10,,,VIC,1242871658000,,76958004,1788333228000,1788333228000,47903,school,1.5,143375.0,FOI_47903
47905,76958006,143386,143386,,education centre,primary school,,ST FRANCIS XAVIERS SCHOOL,St Francis Xaviers School,,,113,1272 C1,1788134400000.0,50214087,106233,10,,,VIC,1242871658000,,76958006,1788333228000,1788333228000,47905,school,1.5,143386.0,FOI_47905
47907,76958008,143397,143397,,education centre,secondary school,,ST HELENA SECONDARY COLLEGE,St Helena Secondary College,,,101,8730 C1,1788134400000.0,218748481,105478,10,,,VIC,1242871658000,,76958008,1788333228000,1788333228000,47907,school,1.5,143397.0,FOI_47907
47908,76958009,143408,143408,,education centre,primary school,,ST JAMES SCHOOL,St James School,,,113,1681 C1,1788134400000.0,150618432,106235,10,,,VIC,1242871658000,,76958009,1788333228000,1788333228000,47908,school,1.5,143408.0,FOI_47908
47910,76958011,143413,143413,,education centre,primary school,,ST JOAN OF ARC SCHOOL,St Joan Of Arc School,,,113,1134 C1,1788134400000.0,54598144,106237,10,,,VIC,1242871658000,,76958011,1788333228000,1788333228000,47910,school,1.5,143413.0,FOI_47910
47911,76958012,143447,143447,,education centre,primary school,,ST JOSEPH THE WORKER SCHOOL,St Joseph The Worker School,,,113,1763 C1,1788134400000.0,54509774,106239,10,,,VIC,1242871658000,,76958012,1788333228000,1788333228000,47911,school,1.5,143447.0,FOI_47911
8938,76316306,143511,143511,,hospital,day procedure centre,,MSI ST KILDA,Msi St Kilda,,,104,7120,1777420800000.0,50579097,-2120816,11,,,VIC,1242871658000,,76316306,1778224435000,1778224435000,8938,hospital,3.0,143511.0,FOI_8938
47915,76958016,143512,143512,,education centre,primary school,,ST KILDA PARK PRIMARY SCHOOL,St Kilda Park Primary School,,,101,2460 C1,1788134400000.0,173795869,103687,10,,,VIC,1242871658000,,76958016,1788333228000,1788333228000,47915,school,1.5,143512.0,FOI_47915
47918,76958019,143535,143535,,education centre,primary school,,ST LUKE THE EVANGELIST SCHOOL,St Luke The Evangelist School,,,113,1628 C1,1788134400000.0,50176982,106244,10,,,VIC,1242871659000,,76958019,1788333228000,1788333228000,47918,school,1.5,143535.0,FOI_47918
47920,76958021,143557,143557,,education centre,primary school,,ST MARTIN DE PORRES SCHOOL,St Martin De Porres School,,,113,1674 C1,1788134400000.0,221449908,106246,10,,,VIC,1242871659000,,76958021,1788333228000,1788333228000,47920,school,1.5,143557.0,FOI_47920
47921,76958022,143558,143558,,education centre,primary school,,ST MARTIN OF TOURS SCHOOL,St Martin Of Tours School,,,113,1582 C1,1788134400000.0,150735569,106247,10,,,VIC,1242871659000,,76958022,1788333228000,1788333228000,47921,school,1.5,143558.0,FOI_47921
47929,76958030,143690,143690,,education centre,primary school,,ST PIUS X SCHOOL,St Pius X School,,,113,1526 C1,1788134400000.0,150044798,106257,10,,,VIC,1242871659000,,76958030,1788333228000,1788333228000,47929,school,1.5,143690.0,FOI_47929
47932,76958033,143719,143719,,education centre,primary school,,ST THOMAS THE APOSTLE SCHOOL,St Thomas The Apostle School,,,113,1522 C1,1788134400000.0,172625789,106259,10,,,VIC,1242871663000,,76958033,1788333228000,1788333228000,47932,school,1.5,143719.0,FOI_47932
47933,76958034,143749,143749,,education centre,secondary school,,STAR OF THE SEA COLLEGE,Star Of The Sea College,,,113,250 C1,1788134400000.0,210052036,105480,10,,,VIC,1242871663000,,76958034,1788333228000,1788333228000,47933,school,1.5,143749.0,FOI_47933
8939,76316311,143803,143803,,hospital,day procedure centre,,STONNINGTON DAY SURGERY,Stonnington Day Surgery,,,104,7260,1777420800000.0,208463950,-132127,11,,,VIC,1242871663000,,76316311,1778224435000,1778224435000,8939,hospital,3.0,143803.0,FOI_8939
47937,76958038,143804,143804,,education centre,primary school,,WINDSOR PRIMARY SCHOOL,Windsor Primary School,,,101,1896 C1,1788134400000.0,50385799,29678,10,,,VIC,1242871663000,,76958038,1788333228000,1788333228000,47937,school,1.5,143804.0,FOI_47937
47938,76958039,143811,143811,,education centre,secondary school,,STOTTS COLLEGE,Stotts College,,,114,1997 C1,1788134400000.0,425798581,-2034535,11,,,VIC,1242871663000,,76958039,1788333228000,1788333228000,47938,school,1.5,143811.0,FOI_47938
47944,76958045,143846,143846,,education centre,primary school,,STRATHMORE NORTH PRIMARY SCHOOL,Strathmore North Primary School,,,101,4821 C1,1788134400000.0,51266700,25485,10,,,VIC,1242871663000,,76958045,1788333228000,1788333228000,47944,school,1.5,143846.0,FOI_47944
47945,76958046,143847,143847,,education centre,primary school,,STRATHMORE PRIMARY SCHOOL,Strathmore Primary School,,,101,4612 C1,1788134400000.0,204597640,25486,10,,,VIC,1242871663000,,76958046,1788333228000,1788333228000,47945,school,1.5,143847.0,FOI_47945
47946,76958047,143849,143849,,education centre,secondary school,,STRATHMORE SECONDARY COLLEGE,Strathmore Secondary College,,,101,8345 C1,1788134400000.0,208455311,25487,10,,,VIC,1242871663000,,76958047,1788333228000,1788333228000,47946,school,1.5,143849.0,FOI_47946
47947,76958048,143854,143854,,education centre,primary school,,STREETON PRIMARY SCHOOL,Streeton Primary School,,,101,5438 C1,1788134400000.0,53993279,25505,10,,,VIC,1242871663000,,76958048,1788333228000,1788333228000,47947,school,1.5,143854.0,FOI_47947
51574,76959341,1018334,1018334,143989.0,education centre,secondary school,,SWINBURNE SENIOR SECONDARY COLLEGE - CAMBERWELL ROAD CAMPUS,Swinburne Senior Secondary College - Camberwell Road Campus,SWINBURNE SENIOR SECONDARY COLLEGE,,101,7366 C2,1788134400000.0,420177018,-1435043,11,,,VIC,1444836191000,,76959341,1788333231000,1788333231000,51574,school,1.5,143989.0,FOI_51574
47963,76958064,143997,143997,,education centre,primary school,,SYNDAL SOUTH PRIMARY SCHOOL,Syndal South Primary School,,,101,4924 C1,1788134400000.0,212037402,25883,10,,,VIC,1242871664000,,76958064,1788333228000,1788333228000,47963,school,1.5,143997.0,FOI_47963
8942,76316314,143999,143999,,hospital,day procedure centre,,GLEN IRIS PRIVATE,Glen Iris Private,,,104,8900,1777420800000.0,53396632,-749631,11,,,VIC,1242871664000,,76316314,1778224435000,1778224435000,8942,hospital,3.0,143999.0,FOI_8942
8944,76316320,144243,144243,,hospital,day procedure centre,,THE GLEN ENDOSCOPY CENTRE,The Glen Endoscopy Centre,,,104,8340,1777420800000.0,51940706,-132566,11,,,VIC,1242871666000,,76316320,1778224435000,1778224435000,8944,hospital,3.0,144243.0,FOI_8944
24634,76508427,144244,144244,,care facility,aged care,,ESTIA HEALTH HEIDELBERG WEST,Estia Health Heidelberg West,,,102,UID-64042,1781136000000.0,51485843,-1408331,11,,,VIC,1242871666000,,76508427,1781594430000,1781594430000,24634,care,1.0,144244.0,FOI_24634
47990,76958092,144389,144389,,education centre,secondary school,,THORNBURY HIGH SCHOOL,Thornbury High School,,,101,8797 C2,1788134400000.0,52177316,33671,10,,,VIC,1242871667000,,76958092,1788333228000,1788333228000,47990,school,1.5,144389.0,FOI_47990
48001,76958103,144503,144503,,education centre,primary school,,TOORAK PRIMARY SCHOOL,Toorak Primary School,,,101,3016 C1,1788134400000.0,51042429,27327,10,,,VIC,1242871668000,,76958103,1788333228000,1788333228000,48001,school,1.5,144503.0,FOI_48001
51539,76959306,1003994,1003994,144561.0,education centre,special school,,TRAVANCORE SCHOOL - PARKVILLE CAMPUS,Travancore School - Parkville Campus,TRAVANCORE SCHOOL,,101,4465 C2,1788134400000.0,203474746,-1398211,11,,,VIC,1413306967000,,76959306,1788333231000,1788333231000,51539,school,1.5,144561.0,FOI_51539
48012,76958114,144597,144597,,education centre,primary/secondary school,,TRINITY GRAMMAR SCHOOL KEW,Trinity Grammar School Kew,,,114,457 C1,1788134400000.0,211938569,106952,10,,,VIC,1242871669000,,76958114,1788333228000,1788333228000,48012,school,1.5,144597.0,FOI_48012
48014,76958116,144606,144606,,education centre,primary school,,TUCKER ROAD BENTLEIGH PRIMARY SCHOOL,Tucker Road Bentleigh Primary School,,,101,4687 C1,1788134400000.0,214720215,52315,10,,,VIC,1242871669000,,76958116,1788333228000,1788333228000,48014,school,1.5,144606.0,FOI_48014
51518,76959285,998255,998255,144682.0,education centre,secondary school,,UNIVERSITY HIGH SCHOOL - ELIZABETH BLACKBURN SCHOOL OF SCIENCES,University High School - Elizabeth Blackburn School Of Sciences,UNIVERSITY HIGH SCHOOL,,101,8405 C2,1788134400000.0,203460182,-1389446,11,,,VIC,1392199422000,,76959285,1788333231000,1788333231000,51518,school,1.5,144682.0,FOI_51518
48031,76958132,611900,611900,,education centre,primary school,,VALKSTONE PRIMARY SCHOOL,Valkstone Primary School,,,101,4778 C1,1788134400000.0,51634861,27968,10,,,VIC,1242875239000,,76958132,1788333228000,1788333228000,48031,school,1.5,611900.0,FOI_48031
48032,76958133,611931,611931,,education centre,primary school,,VERMONT PRIMARY SCHOOL,Vermont Primary School,,,101,1022 C1,1788134400000.0,51322056,28011,10,,,VIC,1242875239000,,76958133,1788333228000,1788333228000,48032,school,1.5,611931.0,FOI_48032
48033,76958134,611932,611932,,education centre,secondary school,,VERMONT SECONDARY COLLEGE,Vermont Secondary College,,,101,8420 C1,1788134400000.0,152161987,28013,10,,,VIC,1242875239000,,76958134,1788333228000,1788333228000,48033,school,1.5,611932.0,FOI_48033
48034,76958135,611935,611935,,education centre,special school,,VERMONT SOUTH SPECIAL SCHOOL,Vermont South Special School,,,101,5025 C1,1788134400000.0,50189162,28016,10,,,VIC,1242875239000,,76958135,1788333228000,1788333228000,48034,school,1.5,611935.0,FOI_48034
48035,76958137,611947,611947,,education centre,special school,,VICTORIAN COLLEGE FOR THE DEAF,Victorian College For The Deaf,,,101,3774 C1,1788134400000.0,203481356,28069,10,,,VIC,1242875239000,,76958137,1788333228000,1788333228000,48035,school,1.5,611947.0,FOI_48035
48036,76958138,611948,611948,,education centre,secondary school,,VICTORIAN COLLEGE OF THE ARTS SECONDARY SCHOOL,Victorian College Of The Arts Secondary School,,,101,7384 C1,1788134400000.0,203482453,28070,10,,,VIC,1242875239000,,76958138,1788333228000,1788333228000,48036,school,1.5,611948.0,FOI_48036
48038,76958140,611960,611960,,education centre,secondary school,,VIEWBANK COLLEGE,Viewbank College,,,101,8812 C1,1788134400000.0,50356181,52020,10,,,VIC,1242875239000,,76958140,1788333228000,1788333228000,48038,school,1.5,611960.0,FOI_48038
24708,76508518,611964,611964,,care facility,aged care,,VILLA DEL SOLE,Villa Del Sole,,,102,UID-64020,1781136000000.0,220698643,-600287,11,,,VIC,1242875239000,,76508518,1781594431000,1781594431000,24708,care,1.0,611964.0,FOI_24708
48041,76958143,612023,612023,,education centre,primary school,,WALES STREET PRIMARY SCHOOL,Wales Street Primary School,,,101,3139 C1,1788134400000.0,53469601,28225,10,,,VIC,1242875239000,,76958143,1788333228000,1788333228000,48041,school,1.5,612023.0,FOI_48041
18665,76506413,612178,612178,,care facility,aged care,,WARRAWEE NURSING HOME,Warrawee Nursing Home,,,102,UID-64691,1781136000000.0,54544140,-600501,11,,,VIC,1242875240000,,76506413,1781594413000,1781594413000,18665,care,1.0,612178.0,FOI_18665
48069,76958172,612227,612227,,education centre,primary school,,WATSONIA HEIGHTS PRIMARY SCHOOL,Watsonia Heights Primary School,,,101,4935 C1,1788134400000.0,50541011,28778,10,,,VIC,1242875240000,,76958172,1788333229000,1788333229000,48069,school,1.5,612227.0,FOI_48069
48070,76958173,612228,612228,,education centre,primary school,,WATSONIA NORTH PRIMARY SCHOOL,Watsonia North Primary School,,,101,4988 C1,1788134400000.0,54237545,28780,10,,,VIC,1242875240000,,76958173,1788333229000,1788333229000,48070,school,1.5,612228.0,FOI_48070
48071,76958174,612229,612229,,education centre,primary school,,WATSONIA PRIMARY SCHOOL,Watsonia Primary School,,,101,4838 C1,1788134400000.0,54021996,28781,10,,,VIC,1242875240000,,76958174,1788333229000,1788333229000,48071,school,1.5,612229.0,FOI_48071
8946,76316336,612255,612255,,hospital,day procedure centre,,WAVERLEY ENDOSCOPY,Waverley Endoscopy,,,104,7880,1777420800000.0,50643767,-1169477,11,,,VIC,1242875241000,,76316336,1778224435000,1778224435000,8946,hospital,3.0,612255.0,FOI_8946
48075,76958178,612256,612256,,education centre,primary school,,WAVERLEY MEADOWS PRIMARY SCHOOL,Waverley Meadows Primary School,,,101,5105 C1,1788134400000.0,221267641,28861,10,,,VIC,1242875241000,,76958178,1788333229000,1788333229000,48075,school,1.5,612256.0,FOI_48075
24544,76508333,612260,612260,,care facility,aged care,,WAVERLEY VALLEY CARE COMMUNITY,Waverley Valley Care Community,,,102,UID-64039,1781136000000.0,202695133,-2038739,11,,,VIC,1242875241000,,76508333,1781594429000,1781594429000,24544,care,1.0,612260.0,FOI_24544
48077,76958180,612280,612280,,education centre,primary school,,WEEDEN HEIGHTS PRIMARY SCHOOL,Weeden Heights Primary School,,,101,5157 C1,1788134400000.0,50907301,28910,10,,,VIC,1242875241000,,76958180,1788333229000,1788333229000,48077,school,1.5,612280.0,FOI_48077
48078,76958181,612298,612298,,education centre,secondary school,,WELLINGTON SECONDARY COLLEGE,Wellington Secondary College,,,101,8462 C1,1788134400000.0,51537038,28952,10,,,VIC,1242875242000,,76958181,1788333229000,1788333229000,48078,school,1.5,612298.0,FOI_48078
48080,76958183,612303,612303,,education centre,primary school,,WEMBLEY PRIMARY SCHOOL,Wembley Primary School,,,101,4788 C1,1788134400000.0,51381171,28986,10,,,VIC,1242875242000,,76958183,1788333229000,1788333229000,48080,school,1.5,612303.0,FOI_48080
21316,76971223,612360,612360,,education centre,primary school,,WESTBREEN PRIMARY SCHOOL,Westbreen Primary School,,,101,4158 C1,1788134400000.0,460287011,29101,10,,,VIC,1242875242000,,76971223,1788419401000,1788419401000,21316,school,1.5,612360.0,FOI_21316
8955,76316346,612377,612377,,hospital,day procedure centre,,WESTERN GASTROENTEROLOGY SERVICES,Western Gastroenterology Services,,,104,8210,1777420800000.0,215901036,-1896348,11,,,VIC,1242875242000,,76316346,1778224435000,1778224435000,8955,hospital,3.0,612377.0,FOI_8955
21128,76317571,612384,612384,,hospital,general hospital,,WESTERN PRIVATE HOSPITAL,Western Private Hospital,,,104,6800,1777420800000.0,215025972,-600705,11,,,VIC,1242875242000,,76317571,1778224466000,1778224466000,21128,hospital,3.0,612384.0,FOI_21128
48090,76958194,612408,612408,,education centre,primary school,,WHEELERS HILL PRIMARY SCHOOL,Wheelers Hill Primary School,,,101,5094 C1,1788134400000.0,50152043,29209,10,,,VIC,1242875242000,,76958194,1788333229000,1788333229000,48090,school,1.5,612408.0,FOI_48090
48091,76958195,612409,612409,,education centre,secondary school,,WHEELERS HILL SECONDARY COLLEGE,Wheelers Hill Secondary College,,,101,8474 C1,1788134400000.0,50663274,29210,10,,,VIC,1242875242000,,76958195,1788333229000,1788333229000,48091,school,1.5,612409.0,FOI_48091
18667,76506415,612600,612600,,care facility,aged care,,WINTRINGHAM HOSTEL - PORT MELBOURNE,Wintringham Hostel - Port Melbourne,,,102,UID-63803,1781136000000.0,52132109,-600920,11,,,VIC,1242875243000,,76506415,1781594413000,1781594413000,18667,care,1.0,612600.0,FOI_18667
48125,76958229,612921,612921,,education centre,primary school,,YARRA PRIMARY SCHOOL,Yarra Primary School,,,101,5271 C1,1788134400000.0,173495619,30486,10,,,VIC,1242875246000,,76958229,1788333229000,1788333229000,48125,school,1.5,612921.0,FOI_48125
48134,76958238,612956,612956,,education centre,special school,,YARRAVILLE SPECIAL DEVELOPMENTAL SCHOOL,Yarraville Special Developmental School,,,101,5278 C1,1788134400000.0,50993189,103916,10,,,VIC,1242875246000,,76958238,1788333229000,1788333229000,48134,school,1.5,612956.0,FOI_48134
48141,76958245,624850,624850,,education centre,primary school,,ABERFELDIE PRIMARY SCHOOL,Aberfeldie Primary School,,,101,4220 C1,1788134400000.0,50469320,39,10,,,VIC,1243354726000,,76958245,1788333229000,1788333229000,48141,school,1.5,624850.0,FOI_48141
48142,76958246,624852,624852,,education centre,primary school,,ALPHINGTON PRIMARY SCHOOL,Alphington Primary School,,,101,3599 C1,1788134400000.0,51493802,264,10,,,VIC,1243354726000,,76958246,1788333229000,1788333229000,48142,school,1.5,624852.0,FOI_48142
48144,76958248,624854,624854,,education centre,primary school,,ASCOT VALE PRIMARY SCHOOL,Ascot Vale Primary School,,,101,2608 C1,1788134400000.0,51273994,637,10,,,VIC,1243354726000,,76958248,1788333229000,1788333229000,48144,school,1.5,624854.0,FOI_48144
48145,76958249,624855,624855,,education centre,special school,,ASCOT VALE HEIGHTS SCHOOL,Ascot Vale Heights School,,,101,5109 C1,1788134400000.0,51275387,125417,10,,,VIC,1243354726000,,76958249,1788333229000,1788333229000,48145,school,1.5,624855.0,FOI_48145
48146,76958250,624856,624856,,education centre,primary school,,ASCOT VALE WEST PRIMARY SCHOOL,Ascot Vale West Primary School,,,101,4025 C1,1788134400000.0,50804656,640,10,,,VIC,1243354726000,,76958250,1788333229000,1788333229000,48146,school,1.5,624856.0,FOI_48146
48147,76958251,624859,624859,,education centre,primary school,,AUBURN PRIMARY SCHOOL,Auburn Primary School,,,101,2948 C1,1788134400000.0,219491204,692,10,,,VIC,1243354726000,,76958251,1788333229000,1788333229000,48147,school,1.5,624859.0,FOI_48147
48148,76958252,624860,624860,,education centre,primary school,,AUBURN SOUTH PRIMARY SCHOOL,Auburn South Primary School,,,101,4183 C1,1788134400000.0,51246708,693,10,,,VIC,1243354727000,,76958252,1788333229000,1788333229000,48148,school,1.5,624860.0,FOI_48148
48149,76958253,624861,624861,,education centre,secondary school,,BALWYN HIGH SCHOOL,Balwyn High School,,,101,7550 C1,1788134400000.0,173324487,1137,10,,,VIC,1243354727000,,76958253,1788333229000,1788333229000,48149,school,1.5,624861.0,FOI_48149
48150,76958254,624862,624862,,education centre,primary school,,BALWYN NORTH PRIMARY SCHOOL,Balwyn North Primary School,,,101,4638 C1,1788134400000.0,173776061,1141,10,,,VIC,1243354727000,,76958254,1788333229000,1788333229000,48150,school,1.5,624862.0,FOI_48150
48151,76958255,624863,624863,,education centre,primary school,,BALWYN PRIMARY SCHOOL,Balwyn Primary School,,,101,1026 C1,1788134400000.0,207903519,1144,10,,,VIC,1243354727000,,76958255,1788333229000,1788333229000,48151,school,1.5,624863.0,FOI_48151
48152,76958256,624864,624864,,education centre,primary school,,BELLE VUE PRIMARY SCHOOL,Belle Vue Primary School,,,101,4733 C1,1788134400000.0,50037834,1798,10,,,VIC,1243354727000,,76958256,1788333229000,1788333229000,48152,school,1.5,624864.0,FOI_48152
51396,76959157,843314,843314,624866.0,education centre,special school,,BERENGARRA SCHOOL - CHADSTONE CAMPUS,Berengarra School - Chadstone Campus,BERENGARRA SCHOOL,,114,1728 C2,1788134400000.0,50653077,-2057062,11,,,VIC,1302785700000,,76959157,1788333231000,1788333231000,51396,school,1.5,624866.0,FOI_51396
48156,76958260,624871,624871,,education centre,primary school,,BOX HILL NORTH PRIMARY SCHOOL,Box Hill North Primary School,,,101,4717 C1,1788134400000.0,217566879,3197,10,,,VIC,1243354727000,,76958260,1788333229000,1788333229000,48156,school,1.5,624871.0,FOI_48156
48157,76958261,624872,624872,,education centre,secondary school,,BOX HILL SENIOR SECONDARY COLLEGE,Box Hill Senior Secondary College,,,101,7050 C1,1788134400000.0,172569749,3200,10,,,VIC,1243354727000,,76958261,1788333229000,1788333229000,48157,school,1.5,624872.0,FOI_48157
48158,76958262,624874,624874,,education centre,primary school,,BRUNSWICK EAST PRIMARY SCHOOL,Brunswick East Primary School,,,101,3179 C1,1788134400000.0,53469723,3659,10,,,VIC,1243354727000,,76958262,1788333229000,1788333229000,48158,school,1.5,624874.0,FOI_48158
48159,76958263,624875,624875,,education centre,primary school,,BRUNSWICK NORTH PRIMARY SCHOOL,Brunswick North Primary School,,,101,3585 C1,1788134400000.0,53470013,3663,10,,,VIC,1243354727000,,76958263,1788333229000,1788333229000,48159,school,1.5,624875.0,FOI_48159
48160,76958264,624876,624876,,education centre,primary school,,BRUNSWICK SOUTH PRIMARY SCHOOL,Brunswick South Primary School,,,101,2743 C1,1788134400000.0,53466512,3668,10,,,VIC,1243354727000,,76958264,1788333229000,1788333229000,48160,school,1.5,624876.0,FOI_48160
48161,76958265,624877,624877,,education centre,primary school,,BRUNSWICK SOUTH WEST PRIMARY SCHOOL,Brunswick South West Primary School,,,101,4304 C1,1788134400000.0,53469492,3669,10,,,VIC,1243354727000,,76958265,1788333229000,1788333229000,48161,school,1.5,624877.0,FOI_48161
48162,76958266,624880,624880,,education centre,secondary school,,CAMBERWELL HIGH SCHOOL,Camberwell High School,,,101,7680 C1,1788134400000.0,457184766,4458,10,,,VIC,1243354727000,,76958266,1788333229000,1788333229000,48162,school,1.5,624880.0,FOI_48162
48163,76958267,624881,624881,,education centre,primary school,,CAMBERWELL PRIMARY SCHOOL,Camberwell Primary School,,,101,888 C1,1788134400000.0,52128349,4461,10,,,VIC,1243354727000,,76958267,1788333229000,1788333229000,48163,school,1.5,624881.0,FOI_48163
48164,76958268,624882,624882,,education centre,primary school,,CAMBERWELL SOUTH PRIMARY SCHOOL,Camberwell South Primary School,,,101,4170 C1,1788134400000.0,50304171,4462,10,,,VIC,1243354727000,,76958268,1788333229000,1788333229000,48164,school,1.5,624882.0,FOI_48164
48165,76958269,624883,624883,,education centre,secondary school,,CANTERBURY GIRLS SECONDARY COLLEGE,Canterbury Girls Secondary College,,,101,7690 C1,1788134400000.0,50266906,4647,10,,,VIC,1243354727000,,76958269,1788333229000,1788333229000,48165,school,1.5,624883.0,FOI_48165
48166,76958270,624884,624884,,education centre,primary school,,CANTERBURY PRIMARY SCHOOL,Canterbury Primary School,,,101,3572 C1,1788134400000.0,220500845,4649,10,,,VIC,1243354727000,,76958270,1788333229000,1788333229000,48166,school,1.5,624884.0,FOI_48166
48167,76958271,624889,624889,,education centre,primary school,,CHATHAM PRIMARY SCHOOL,Chatham Primary School,,,101,4314 C1,1788134400000.0,173775696,5299,10,,,VIC,1243354727000,,76958271,1788333229000,1788333229000,48167,school,1.5,624889.0,FOI_48167
48168,76958272,624892,624892,,education centre,special school,,THE CURRAJONG SCHOOL,The Currajong School,,,114,1711 C1,1788134400000.0,50800377,-895934,11,,,VIC,1243354727000,,76958272,1788333229000,1788333229000,48168,school,1.5,624892.0,FOI_48168
48169,76958273,624895,624895,,education centre,secondary school,,MOUNT ALEXANDER 7-12 COLLEGE,Mount Alexander 7-12 College,,,101,7763 C1,1788134400000.0,51464283,104482,10,,,VIC,1243354727000,,76958273,1788333229000,1788333229000,48169,school,1.5,624895.0,FOI_48169
48170,76958274,624896,624896,,education centre,primary school,,DEEPDENE PRIMARY SCHOOL,Deepdene Primary School,,,101,3680 C1,1788134400000.0,173776023,7184,10,,,VIC,1243354727000,,76958274,1788333229000,1788333229000,48170,school,1.5,624896.0,FOI_48170
48175,76958279,624902,624902,,education centre,primary school,,ERASMUS PRIMARY SCHOOL,Erasmus Primary School,,,114,1952 C1,1788134400000.0,428210765,-1727266,11,,,VIC,1243354727000,,76958279,1788333229000,1788333229000,48175,school,1.5,624902.0,FOI_48175
48176,76958280,624903,624903,,education centre,primary school,,ESSENDON PRIMARY SCHOOL,Essendon Primary School,,,101,483 C1,1788134400000.0,51917158,8700,10,,,VIC,1243354727000,,76958280,1788333229000,1788333229000,48176,school,1.5,624903.0,FOI_48176
48177,76958281,624904,624904,,education centre,primary school,,FAIRFIELD PRIMARY SCHOOL,Fairfield Primary School,,,101,2711 C1,1788134400000.0,54530493,8840,10,,,VIC,1243354727000,,76958281,1788333229000,1788333229000,48177,school,1.5,624904.0,FOI_48177
48179,76958283,624906,624906,,education centre,primary/secondary school,,FINTONA GIRLS SCHOOL,Fintona Girls School,,,114,385 C1,1788134400000.0,202651489,106956,10,,,VIC,1243354727000,,76958283,1788333229000,1788333229000,48179,school,1.5,624906.0,FOI_48179
48180,76958284,624907,624907,,education centre,primary school,,FITZROY NORTH PRIMARY SCHOOL,Fitzroy North Primary School,,,101,1490 C1,1788134400000.0,53578640,9126,10,,,VIC,1243354727000,,76958284,1788333229000,1788333229000,48180,school,1.5,624907.0,FOI_48180
48181,76958285,624908,624908,,education centre,primary school,,FLEMINGTON PRIMARY SCHOOL,Flemington Primary School,,,101,250 C1,1788134400000.0,52178603,9205,10,,,VIC,1243354727000,,76958285,1788333229000,1788333229000,48181,school,1.5,624908.0,FOI_48181
48182,76958286,624910,624910,,education centre,primary school,,FOOTSCRAY NORTH PRIMARY SCHOOL,Footscray North Primary School,,,101,4160 C1,1788134400000.0,212796514,9291,10,,,VIC,1243354727000,,76958286,1788333229000,1788333229000,48182,school,1.5,624910.0,FOI_48182
48184,76958288,624913,624913,,education centre,primary school,,GLENFERRIE PRIMARY SCHOOL,Glenferrie Primary School,,,101,1508 C1,1788134400000.0,202105980,10151,10,,,VIC,1243354728000,,76958288,1788333229000,1788333229000,48184,school,1.5,624913.0,FOI_48184
48186,76958289,624914,624914,,education centre,special school,,GLENROY SPECIALIST SCHOOL,Glenroy Specialist School,,,101,4915 C1,1788134400000.0,420916977,104960,10,,,VIC,1243354728000,,76958289,1788333229000,1788333229000,48186,school,1.5,624914.0,FOI_48186
48187,76958290,624916,624916,,education centre,primary school,,GREENSBOROUGH PRIMARY SCHOOL,Greensborough Primary School,,,101,2062 C1,1788134400000.0,50054933,10856,10,,,VIC,1243354728000,,76958290,1788333229000,1788333229000,48187,school,1.5,624916.0,FOI_48187
48188,76958291,624917,624917,,education centre,primary school,,GREYTHORN PRIMARY SCHOOL,Greythorn Primary School,,,101,4694 C1,1788134400000.0,50236681,10905,10,,,VIC,1243354728000,,76958291,1788333229000,1788333229000,48188,school,1.5,624917.0,FOI_48188
48189,76958292,624918,624918,,education centre,primary school,,HARTWELL PRIMARY SCHOOL,Hartwell Primary School,,,101,4055 C1,1788134400000.0,50284288,11338,10,,,VIC,1243354728000,,76958292,1788333229000,1788333229000,48189,school,1.5,624918.0,FOI_48189
48190,76958293,624919,624919,,education centre,primary school,,HEIDELBERG PRIMARY SCHOOL,Heidelberg Primary School,,,101,294 C1,1788134400000.0,54018966,11550,10,,,VIC,1243354728000,,76958293,1788333229000,1788333229000,48190,school,1.5,624919.0,FOI_48190
51741,76959508,1246455,1246455,624922.0,education centre,primary school,,IVANHOE EAST PRIMARY SCHOOL - WILFRED ROAD CAMPUS,Ivanhoe East Primary School - Wilfred Road Campus,IVANHOE EAST PRIMARY SCHOOL,,101,4386 C2,1788134400000.0,50187488,124909,10,,,VIC,1581935161000,,76959508,1788333232000,1788333232000,51741,school,1.5,624922.0,FOI_51741
48191,76958294,624923,624923,,education centre,primary school,,IVANHOE PRIMARY SCHOOL,Ivanhoe Primary School,,,101,2436 C1,1788134400000.0,54021736,12426,10,,,VIC,1243354728000,,76958294,1788333229000,1788333229000,48191,school,1.5,624923.0,FOI_48191
48193,76958296,624928,624928,,education centre,primary school,,KEILOR HEIGHTS PRIMARY SCHOOL,Keilor Heights Primary School,,,101,4877 C1,1788134400000.0,50451001,13245,10,,,VIC,1243354728000,,76958296,1788333229000,1788333229000,48193,school,1.5,624928.0,FOI_48193
48195,76958298,624930,624930,,education centre,primary school,,KEW EAST PRIMARY SCHOOL,Kew East Primary School,,,101,3161 C1,1788134400000.0,211698505,13442,10,,,VIC,1243354728000,,76958298,1788333229000,1788333229000,48195,school,1.5,624930.0,FOI_48195
48196,76958299,624931,624931,,education centre,secondary school,,KEW HIGH SCHOOL,Kew High School,,,101,7950 C1,1788134400000.0,51690376,13443,10,,,VIC,1243354728000,,76958299,1788333229000,1788333229000,48196,school,1.5,624931.0,FOI_48196
48197,76958300,624932,624932,,education centre,primary/secondary school,,KINGSWOOD COLLEGE,Kingswood College,,,114,1304 C1,1788134400000.0,150041788,-1739244,11,,,VIC,1243354729000,,76958300,1788333229000,1788333229000,48197,school,1.5,624932.0,FOI_48197
48198,76958301,624933,624933,,education centre,secondary school,,KOONUNG SECONDARY COLLEGE,Koonung Secondary College,,,101,7954 C1,1788134400000.0,202238400,13838,10,,,VIC,1243354729000,,76958301,1788333229000,1788333229000,48198,school,1.5,624933.0,FOI_48198
48205,76958308,624945,624945,,education centre,primary/secondary school,,LOWTHER HALL ANGLICAN GRAMMAR SCHOOL,Lowther Hall Anglican Grammar School,,,114,1117 C1,1788134400000.0,430145310,106959,10,,,VIC,1243354729000,,76958308,1788333229000,1788333229000,48205,school,1.5,624945.0,FOI_48205
48207,76958310,624950,624950,,education centre,secondary school,,MARIBYRNONG COLLEGE,Maribyrnong College,,,101,8015 C1,1788134400000.0,53628043,130309,10,,,VIC,1243354729000,,76958310,1788333229000,1788333229000,48207,school,1.5,624950.0,FOI_48207
48208,76958311,624951,624951,,education centre,primary school,,MARY IMMACULATE SCHOOL,Mary Immaculate School,,,113,1164 C1,1788134400000.0,54018724,106282,10,,,VIC,1243354729000,,76958311,1788333229000,1788333229000,48208,school,1.5,624951.0,FOI_48208
48210,76958313,624953,624953,,education centre,secondary school,,MELBOURNE GIRLS COLLEGE,Melbourne Girls College,,,101,8819 C1,1788134400000.0,50105422,16639,10,,,VIC,1243354729000,,76958313,1788333229000,1788333229000,48210,school,1.5,624953.0,FOI_48210
48212,76958315,624956,624956,,education centre,primary school,,MERRI CREEK PRIMARY SCHOOL,Merri Creek Primary School,,,101,3110 C1,1788134400000.0,53275585,16767,10,,,VIC,1243354729000,,76958315,1788333229000,1788333229000,48212,school,1.5,624956.0,FOI_48212
48214,76958317,624958,624958,,education centre,primary school,,MONT ALBERT PRIMARY SCHOOL,Mont Albert Primary School,,,101,3943 C1,1788134400000.0,211922128,17429,10,,,VIC,1243354729000,,76958317,1788333229000,1788333229000,48214,school,1.5,624958.0,FOI_48214
48216,76958319,624960,624960,,education centre,primary school,,MOONEE PONDS WEST PRIMARY SCHOOL,Moonee Ponds West Primary School,,,101,2901 C1,1788134400000.0,51919672,17514,10,,,VIC,1243354729000,,76958319,1788333229000,1788333229000,48216,school,1.5,624960.0,FOI_48216
48217,76958320,624961,624961,,education centre,primary school,,MERRI-BEK PRIMARY SCHOOL,Merri-Bek Primary School,,,101,2837 C1,1788134400000.0,51579398,-2053116,11,,,VIC,1243354729000,,76958320,1788333229000,1788333229000,48217,school,1.5,624961.0,FOI_48217
48220,76958323,624966,624966,,education centre,primary school,,NORTHCOTE PRIMARY SCHOOL,Northcote Primary School,,,101,1401 C1,1788134400000.0,54528976,20073,10,,,VIC,1243354729000,,76958323,1788333229000,1788333229000,48220,school,1.5,624966.0,FOI_48220
48221,76958324,624967,624967,,education centre,secondary school,,OUR LADY OF MERCY COLLEGE,Our Lady Of Mercy College,,,113,914 C1,1788134400000.0,54539946,105491,10,,,VIC,1243354729000,,76958324,1788333229000,1788333229000,48221,school,1.5,624967.0,FOI_48221
48224,76958327,624971,624971,,education centre,primary school,,PENDERS GROVE PRIMARY SCHOOL,Penders Grove Primary School,,,101,3806 C1,1788134400000.0,51343897,20982,10,,,VIC,1243354729000,,76958327,1788333229000,1788333229000,48224,school,1.5,624971.0,FOI_48224
48227,76958329,624974,624974,,education centre,special school,,PORT PHILLIP SPECIALIST SCHOOL,Port Phillip Specialist School,,,101,5145 C1,1788134400000.0,173795308,21661,10,,,VIC,1243354729000,,76958329,1788333229000,1788333229000,48227,school,1.5,624974.0,FOI_48227
48228,76958330,624979,624979,,education centre,primary school,,ROSANNA PRIMARY SCHOOL,Rosanna Primary School,,,101,4568 C1,1788134400000.0,54017040,22921,10,,,VIC,1243354729000,,76958330,1788333229000,1788333229000,48228,school,1.5,624979.0,FOI_48228
48229,76958331,624980,624980,,education centre,special school,,ROSSBOURNE SCHOOL,Rossbourne School,,,114,1559 C1,1788134400000.0,51247811,-895996,11,,,VIC,1243354729000,,76958331,1788333229000,1788333229000,48229,school,1.5,624980.0,FOI_48229
48230,76958332,624985,624985,,education centre,primary/secondary school,,SCOTCH COLLEGE,Scotch College,,,114,1021 C1,1788134400000.0,434110414,-1739246,11,,,VIC,1243354729000,,76958332,1788333229000,1788333229000,48230,school,1.5,624985.0,FOI_48230
48238,76958340,625013,625013,,education centre,primary school,,SURREY HILLS PRIMARY SCHOOL,Surrey Hills Primary School,,,101,2778 C1,1788134400000.0,51521796,25702,10,,,VIC,1243354730000,,76958340,1788333229000,1788333229000,48238,school,1.5,625013.0,FOI_48238
48239,76958341,625014,625014,,education centre,primary school,,MOUNT WAVERLEY HEIGHTS PRIMARY SCHOOL,Mount Waverley Heights Primary School,,,101,4832 C1,1788134400000.0,420188316,122903,10,,,VIC,1243354730000,,76958341,1788333229000,1788333229000,48239,school,1.5,625014.0,FOI_48239
48248,76958350,625024,625024,,education centre,primary school,,THORNBURY PRIMARY SCHOOL,Thornbury Primary School,,,101,3889 C1,1788134400000.0,218965226,26941,10,,,VIC,1243354730000,,76958350,1788333229000,1788333229000,48248,school,1.5,625024.0,FOI_48248
48250,76958352,625029,625029,,education centre,primary school,,VIEWBANK PRIMARY SCHOOL,Viewbank Primary School,,,101,4892 C1,1788134400000.0,54015329,28091,10,,,VIC,1243354733000,,76958352,1788333229000,1788333229000,48250,school,1.5,625029.0,FOI_48250
48252,76958354,625031,625031,,education centre,primary school,,WATTLE PARK PRIMARY SCHOOL,Wattle Park Primary School,,,101,3841 C1,1788134400000.0,53782797,28826,10,,,VIC,1243354733000,,76958354,1788333229000,1788333229000,48252,school,1.5,625031.0,FOI_48252
48253,76958355,625035,625035,,education centre,primary school,,WESTGARTH PRIMARY SCHOOL,Westgarth Primary School,,,101,4177 C1,1788134400000.0,50151062,29145,10,,,VIC,1243354733000,,76958355,1788333229000,1788333229000,48253,school,1.5,625035.0,FOI_48253
48255,76958357,625043,625043,,education centre,primary school,,YARRAVILLE WEST PRIMARY SCHOOL,Yarraville West Primary School,,,101,2832 C1,1788134400000.0,214593174,30559,10,,,VIC,1243354733000,,76958357,1788333229000,1788333229000,48255,school,1.5,625043.0,FOI_48255
48256,76958358,625044,625044,,education centre,primary/secondary school,,YESHIVAH COLLEGE,Yeshivah College,,,114,1533 C1,1788134400000.0,50240546,-1739249,11,,,VIC,1243354733000,,76958358,1788333229000,1788333229000,48256,school,1.5,625044.0,FOI_48256
48257,76958359,625354,625354,,education centre,primary school,,ASHBURTON PRIMARY SCHOOL,Ashburton Primary School,,,101,4317 C1,1788134400000.0,51258122,653,10,,,VIC,1244821832000,,76958359,1788333229000,1788333229000,48257,school,1.5,625354.0,FOI_48257
51777,76959545,1266976,1266976,625355.0,education centre,special school,,ASHWOOD SCHOOL,Ashwood School,ASHWOOD SCHOOL,,101,5097 C1,1788134400000.0,50575175,663,10,,,VIC,1616498951000,,76959545,1788333232000,1788333232000,51777,school,1.5,625355.0,FOI_51777
48259,76958361,625396,625396,,education centre,primary school,,CAULFIELD JUNIOR COLLEGE,Caulfield Junior College,,,101,3820 C1,1788134400000.0,50250395,-1739251,11,,,VIC,1244821832000,,76958361,1788333229000,1788333229000,48259,school,1.5,625396.0,FOI_48259
48261,76958363,625432,625432,,education centre,primary school,,GLEN IRIS PRIMARY SCHOOL,Glen Iris Primary School,,,101,1148 C1,1788134400000.0,52128410,10077,10,,,VIC,1244821832000,,76958363,1788333229000,1788333229000,48261,school,1.5,625432.0,FOI_48261
48264,76958366,625473,625473,,education centre,primary school,,LLOYD STREET PRIMARY SCHOOL,Lloyd Street Primary School,,,101,4139 C1,1788134400000.0,173079136,15293,10,,,VIC,1244821832000,,76958366,1788333229000,1788333229000,48264,school,1.5,625473.0,FOI_48264
48265,76958367,625477,625477,,education centre,primary school,,MALVERN CENTRAL SCHOOL,Malvern Central School,,,101,1604 C1,1788134400000.0,52174625,16048,10,,,VIC,1244821832000,,76958367,1788333229000,1788333229000,48265,school,1.5,625477.0,FOI_48265
48266,76958368,625478,625478,,education centre,primary school,,MALVERN PRIMARY SCHOOL,Malvern Primary School,,,101,2586 C1,1788134400000.0,209599797,16056,10,,,VIC,1244821832000,,76958368,1788333229000,1788333229000,48266,school,1.5,625478.0,FOI_48266
48270,76958372,625545,625545,,education centre,primary school,,SOLWAY PRIMARY SCHOOL,Solway Primary School,,,101,4641 C1,1788134400000.0,50853457,24676,10,,,VIC,1244821833000,,76958372,1788333229000,1788333229000,48270,school,1.5,625545.0,FOI_48270
48272,76958374,625557,625557,,education centre,primary school,,ST KILDA PRIMARY SCHOOL,St Kilda Primary School,,,101,1479 C1,1788134400000.0,53656238,103686,10,,,VIC,1244821833000,,76958374,1788333229000,1788333229000,48272,school,1.5,625557.0,FOI_48272
48278,76958380,626196,626196,,education centre,primary school,,HOLY SPIRIT SCHOOL,Holy Spirit School,,,113,1516 C1,1788134400000.0,207496374,106292,10,,,VIC,1247065999000,,76958380,1788333229000,1788333229000,48278,school,1.5,626196.0,FOI_48278
48282,76958385,626425,626425,,education centre,primary school,,SACRED HEART SCHOOL,Sacred Heart School,,,113,937 C1,1788134400000.0,54600025,106296,10,,,VIC,1247066001000,,76958385,1788333229000,1788333229000,48282,school,1.5,626425.0,FOI_48282
48287,76958390,626430,626430,,education centre,secondary school,,SALESIAN COLLEGE CHADSTONE,Salesian College Chadstone,,,113,1485 C1,1788134400000.0,203694644,-1972841,11,,,VIC,1247066001000,,76958390,1788333229000,1788333229000,48287,school,1.5,626430.0,FOI_48287
52047,76966320,628086,628086,,education centre,primary/secondary school,,BRIGHTON GRAMMAR SCHOOL,Brighton Grammar School,,,114,1262 C1,1788134400000.0,424130523,-1739257,11,,,VIC,1247773852000,,76966320,1788333295000,1788333295000,52047,school,1.5,628086.0,FOI_52047
48306,76958410,628091,628091,628229.0,education centre,special school,,BRIGHTON PRIMARY SCHOOL - BRIGHTON PRIMARY SCHOOL DEAF FACILITY,Brighton Primary School - Brighton Primary School Deaf Facility,BRIGHTON PRIMARY SCHOOL,,101,1542 C2,1788134400000.0,50221686,-1389322,11,,,VIC,1247773852000,,76958410,1788333229000,1788333229000,48306,school,1.5,628229.0,FOI_48306
48362,76958470,628230,628230,,education centre,secondary school,,BRUNSWICK SECONDARY COLLEGE,Brunswick Secondary College,,,101,8807 C1,1788134400000.0,50940066,105714,10,,,VIC,1247773855000,,76958470,1788333229000,1788333229000,48362,school,1.5,628230.0,FOI_48362
48313,76958418,628114,628114,628236.0,education centre,secondary school,,CAROLINE CHISHOLM CATHOLIC COLLEGE - CAROLINE CHISHOLM CATHOLIC COLLEGE - CHRIST THE KIN,Caroline Chisholm Catholic College - Caroline Chisholm Catholic College - Christ The Kin,CAROLINE CHISHOLM CATHOLIC COLLEGE,,113,1801 C3,1788134400000.0,50145230,-1389363,11,,,VIC,1247773852000,,76958418,1788333229000,1788333229000,48313,school,1.5,628236.0,FOI_48313
48363,76958471,628247,628247,,education centre,secondary school,,COBURG HIGH SCHOOL,Coburg High School,,,101,8849 C1,1788134400000.0,452957394,5805,10,,,VIC,1247773855000,,76958471,1788333229000,1788333229000,48363,school,1.5,628247.0,FOI_48363
48377,76958486,628405,628405,628257.0,education centre,secondary school,,DE LA SALLE COLLEGE - DE LA SALLE COLLEGE KINNOULL CAMPUS,De La Salle College - De La Salle College Kinnoull Campus,DE LA SALLE COLLEGE,,113,956 C2,1788134400000.0,455328820,-1389427,11,,,VIC,1247773855000,,76958486,1788333229000,1788333229000,48377,school,1.5,628257.0,FOI_48377
48308,76958412,628101,628101,628265.0,education centre,secondary school,,EMMAUS COLLEGE - EMMAUS COLLEGE - BURWOOD CAMPUS,Emmaus College - Emmaus College - Burwood Campus,EMMAUS COLLEGE,,113,1592 C2,1788134400000.0,173944036,-1389429,11,,,VIC,1247773852000,,76958412,1788333229000,1788333229000,48308,school,1.5,628265.0,FOI_48308
21317,76971225,628537,628537,628332.0,education centre,secondary school,,PARADE COLLEGE - PARADE COLLEGE - PRESTON CAMPUS,Parade College - Parade College - Preston Campus,PARADE COLLEGE,,113,20 C2,1788134400000.0,221336351,-1389410,11,,,VIC,1247773856000,,76971225,1788419401000,1788419401000,21317,school,1.5,628332.0,FOI_21317
48345,76958451,628182,628182,628336.0,education centre,secondary school,,PENOLA CATHOLIC COLLEGE - PENOLA CATHOLIC COLLEGE - GLENROY CAMPUS,Penola Catholic College - Penola Catholic College - Glenroy Campus,PENOLA CATHOLIC COLLEGE,,113,1949 C2,1788134400000.0,50024494,-1389408,11,,,VIC,1247773853000,,76958451,1788333229000,1788333229000,48345,school,1.5,628336.0,FOI_48345
48354,76958461,628201,628201,628339.0,education centre,secondary school,,RESERVOIR HIGH SCHOOL - HEIDELBERG SECONDARY TEACHING UNIT,Reservoir High School - Heidelberg Secondary Teaching Unit,RESERVOIR HIGH SCHOOL,,101,8708 C4,1788134400000.0,214707078,105546,10,,,VIC,1247773853000,,76958461,1788333229000,1788333229000,48354,school,1.5,628339.0,FOI_48354
48477,76958592,628643,628643,628356.0,education centre,secondary school,,ST KEVINS COLLEGE - ST KEVINS COLLEGE - WATERFORD,St Kevins College - St Kevins College - Waterford,ST KEVINS COLLEGE,,113,1415 C3,1788134400000.0,50664644,-1389406,11,,,VIC,1247773857000,,76958592,1788333229000,1788333229000,48477,school,1.5,628356.0,FOI_48477
51984,76959750,1336311,1336311,628359.0,education centre,secondary school,,ST MONICAS COLLEGE - ST STEPHEN-S/GAUDETE CAMPUS,St Monicas College - St Stephen-S/Gaudete Campus,ST MONICAS COLLEGE,,113,1657 C3,1788134400000.0,54530655,-2101860,11,,,VIC,1744288152000,,76959750,1788333232000,1788333232000,51984,school,1.5,628359.0,FOI_51984
51921,76959689,1333019,1333019,629523.0,education centre,primary/secondary school,,VIRTUAL SCHOOL VICTORIA,Virtual School Victoria,VIRTUAL SCHOOL VICTORIA,,101,6261 C1,1788134400000.0,152226610,-2091145,11,,,VIC,1705571388000,,76959689,1788333232000,1788333232000,51921,school,1.5,629523.0,FOI_51921
48488,76958603,629554,629554,,education centre,primary school,,RESERVOIR VIEWS PRIMARY SCHOOL,Reservoir Views Primary School,,,101,5523 C1,1788134400000.0,51361562,103550,10,,,VIC,1249049740000,,76958603,1788333229000,1788333229000,48488,school,1.5,629554.0,FOI_48488
51858,76959626,1313727,1313727,629598.0,education centre,secondary school,,ST BERNARDS COLLEGE - RESURRECTION HOUSE CAMPUS,St Bernards College - Resurrection House Campus,ST BERNARDS COLLEGE,,113,1471 C2,1788134400000.0,50471322,-2049940,11,,,VIC,1673444084000,,76959626,1788333232000,1788333232000,51858,school,1.5,629598.0,FOI_51858
48490,76958605,629601,629601,,education centre,primary school,,ST JOHNS SCHOOL,St Johns School,,,113,1407 C1,1788134400000.0,51494118,106355,10,,,VIC,1249049741000,,76958605,1788333229000,1788333229000,48490,school,1.5,629601.0,FOI_48490
48502,76958614,631161,631161,,education centre,primary school,,BUNDOORA PRIMARY SCHOOL,Bundoora Primary School,,,101,4944 C1,1788134400000.0,213331063,100021,10,,,VIC,1250070826000,,76958614,1788333229000,1788333229000,48502,school,1.5,631161.0,FOI_48502
51822,76959590,1279334,1279334,631404.0,education centre,secondary school,,FITZROY HIGH SCHOOL,Fitzroy High School,FITZROY HIGH SCHOOL,,101,8742 C1,1788134400000.0,209099708,32348,10,,,VIC,1642006389000,,76959590,1788333232000,1788333232000,51822,school,1.5,631404.0,FOI_51822
48509,76958620,631579,631579,,education centre,primary/secondary school,,IVANHOE GIRLS GRAMMAR SCHOOL,Ivanhoe Girls Grammar School,,,114,1187 C1,1788134400000.0,54513272,107033,10,,,VIC,1250070830000,,76958620,1788333229000,1788333229000,48509,school,1.5,631579.0,FOI_48509
48511,76958621,631650,631650,,education centre,secondary school,,KENSINGTON COMMUNITY HIGH SCHOOL,Kensington Community High School,,,101,7947 C1,1788134400000.0,211531613,105616,10,,,VIC,1250070830000,,76958621,1788333229000,1788333229000,48511,school,1.5,631650.0,FOI_48511
48513,76958623,631678,631678,,education centre,primary/secondary school,,KILVINGTON GRAMMAR SCHOOL,Kilvington Grammar School,,,114,1190 C1,1788134400000.0,50292598,107034,10,,,VIC,1250070830000,,76958623,1788333229000,1788333229000,48513,school,1.5,631678.0,FOI_48513
48515,76958625,631709,631709,,education centre,primary/secondary school,,KOROWA ANGLICAN GIRLS SCHOOL,Korowa Anglican Girls School,,,114,5 C1,1788134400000.0,50852367,107036,10,,,VIC,1250070831000,,76958625,1788333229000,1788333229000,48515,school,1.5,631709.0,FOI_48515
48519,76958629,632112,632112,,education centre,secondary school,,ROSEHILL SECONDARY COLLEGE,Rosehill Secondary College,,,101,7275 C1,1788134400000.0,211698661,103526,10,,,VIC,1250070834000,,76958629,1788333229000,1788333229000,48519,school,1.5,632112.0,FOI_48519
48520,76958630,632126,632126,,education centre,primary/secondary school,,RUYTON GIRLS SCHOOL,Ruyton Girls School,,,114,83 C1,1788134400000.0,53470270,107038,10,,,VIC,1250070834000,,76958630,1788333229000,1788333229000,48520,school,1.5,632126.0,FOI_48520
48521,76958631,632128,632128,,education centre,secondary school,,SACRED HEART GIRLS COLLEGE,Sacred Heart Girls College,,,113,1571 C1,1788134400000.0,50407197,105618,10,,,VIC,1250070834000,,76958631,1788333229000,1788333229000,48521,school,1.5,632128.0,FOI_48521
52840,76967442,632189,632189,,education centre,primary school,,ST ANNES SCHOOL,St Annes School,,,113,1328 C1,1788134400000.0,51689703,106367,10,,,VIC,1250070834000,,76967442,1788333593000,1788333593000,52840,school,1.5,632189.0,FOI_52840
48527,76958638,632194,632194,,education centre,primary school,,ST ANTHONYS SCHOOL,St Anthonys School,,,113,1041 C1,1788134400000.0,54529229,106369,10,,,VIC,1250070834000,,76958638,1788333229000,1788333229000,48527,school,1.5,632194.0,FOI_48527
48530,76958641,632199,632199,,education centre,primary school,,ST AUGUSTINES SCHOOL,St Augustines School,,,113,478 C1,1788134400000.0,424659081,106372,10,,,VIC,1250070834000,,76958641,1788333229000,1788333229000,48530,school,1.5,632199.0,FOI_48530
51768,76959536,1266966,1266966,632203.0,education centre,secondary school,,ST BEDES COLLEGE - ST BEDES COLLEGE BENTLEIGH EAST CAMPUS,St Bedes College - St Bedes College Bentleigh East Campus,ST BEDES COLLEGE,,113,1431 C2,1788134400000.0,420840753,-2038611,11,,,VIC,1616498951000,,76959536,1788333232000,1788333232000,51768,school,1.5,632203.0,FOI_51768
48534,76958645,632210,632210,,education centre,primary school,,ST BERNARDS SCHOOL,St Bernards School,,,113,1459 C1,1788134400000.0,51581114,106377,10,,,VIC,1250070834000,,76958645,1788333229000,1788333229000,48534,school,1.5,632210.0,FOI_48534
48542,76958653,632223,632223,,education centre,primary/secondary school,,ST CATHERINES SCHOOL,St Catherines School,,,114,1116 C1,1788134400000.0,53471736,107040,10,,,VIC,1250070834000,,76958653,1788333229000,1788333229000,48542,school,1.5,632223.0,FOI_48542
48544,76958655,632225,632225,,education centre,primary school,,ST CECILIAS SCHOOL,St Cecilias School,,,113,1354 C1,1788134400000.0,151699469,106385,10,,,VIC,1250070834000,,76958655,1788333229000,1788333229000,48544,school,1.5,632225.0,FOI_48544
48545,76958656,632226,632226,,education centre,primary school,,ST CHRISTOPHERS SCHOOL,St Christophers School,,,113,1600 C1,1788134400000.0,50610207,106386,10,,,VIC,1250070834000,,76958656,1788333229000,1788333229000,48545,school,1.5,632226.0,FOI_48545
48546,76958657,632227,632227,,education centre,primary school,,ST CHRISTOPHERS SCHOOL,St Christophers School,,,113,1620 C1,1788134400000.0,221449956,106387,10,,,VIC,1250070834000,,76958657,1788333229000,1788333229000,48546,school,1.5,632227.0,FOI_48546
48549,76958660,632231,632231,,education centre,primary school,,ST COLUMBAS SCHOOL,St Columbas School,,,113,1070 C1,1788134400000.0,218949792,106390,10,,,VIC,1250070834000,,76958660,1788333229000,1788333229000,48549,school,1.5,632231.0,FOI_48549
48551,76958662,632236,632236,,education centre,primary school,,ST DOMINICS SCHOOL,St Dominics School,,,113,1229 C1,1788134400000.0,208721763,106392,10,,,VIC,1250070834000,,76958662,1788333229000,1788333229000,48551,school,1.5,632236.0,FOI_48551
48553,76958664,632238,632238,,education centre,primary school,,ST FINBARS SCHOOL,St Finbars School,,,113,1221 C1,1788134400000.0,150778195,106394,10,,,VIC,1250070834000,,76958664,1788333229000,1788333229000,48553,school,1.5,632238.0,FOI_48553
48555,76958666,632240,632240,,education centre,primary school,,ST GABRIELS SCHOOL,St Gabriels School,,,113,1289 C1,1788134400000.0,51331123,106396,10,,,VIC,1250070834000,,76958666,1788333229000,1788333229000,48555,school,1.5,632240.0,FOI_48555
48558,76958669,632246,632246,,education centre,primary school,,ST JOHN BOSCOS SCHOOL,St John Boscos School,,,113,1534 C1,1788134400000.0,173675665,106399,10,,,VIC,1250070834000,,76958669,1788333229000,1788333229000,48558,school,1.5,632246.0,FOI_48558
48559,76958670,632248,632248,,education centre,primary/secondary school,,ST JOHNS COLLEGE PRESTON,St Johns College Preston,,,114,1788 C1,1788134400000.0,,-1431471,11,,,VIC,1250070834000,,76958670,1788333229000,1788333229000,48559,school,1.5,632248.0,FOI_48559
48564,76958675,632257,632257,,education centre,primary school,,ST JOHNS SCHOOL,St Johns School,,,113,1146 C1,1788134400000.0,51883458,106404,10,,,VIC,1250070834000,,76958675,1788333229000,1788333229000,48564,school,1.5,632257.0,FOI_48564
48565,76958676,632259,632259,,education centre,primary school,,ST JOHNS SCHOOL,St Johns School,,,113,909 C1,1788134400000.0,221949421,106406,10,,,VIC,1250070834000,,76958676,1788333229000,1788333229000,48565,school,1.5,632259.0,FOI_48565
48576,76958687,632280,632280,,education centre,primary school,,ST JOSEPHS SCHOOL,St Josephs School,,,113,1368 C1,1788134400000.0,209909778,106418,10,,,VIC,1250070834000,,76958687,1788333229000,1788333229000,48576,school,1.5,632280.0,FOI_48576
48577,76958688,632281,632281,,education centre,primary school,,ST JOSEPHS SCHOOL,St Josephs School,,,113,1045 C1,1788134400000.0,459085768,106419,10,,,VIC,1250070834000,,76958688,1788333229000,1788333229000,48577,school,1.5,632281.0,FOI_48577
48578,76958689,632282,632282,,education centre,primary school,,ST JOSEPHS SCHOOL,St Josephs School,,,113,148 C1,1788134400000.0,51248415,106420,10,,,VIC,1250070834000,,76958689,1788333229000,1788333229000,48578,school,1.5,632282.0,FOI_48578
48579,76958690,632283,632283,,education centre,primary school,,ST JOSEPHS SCHOOL,St Josephs School,,,113,579 C1,1788134400000.0,51673806,106421,10,,,VIC,1250070834000,,76958690,1788333229000,1788333229000,48579,school,1.5,632283.0,FOI_48579
48581,76958692,632285,632285,,education centre,primary school,,ST JOSEPHS SCHOOL,St Josephs School,,,113,151 C1,1788134400000.0,209924443,106423,10,,,VIC,1250070834000,,76958692,1788333229000,1788333229000,48581,school,1.5,632285.0,FOI_48581
48582,76958693,632286,632286,,education centre,primary school,,ST JOSEPHS SCHOOL,St Josephs School,,,113,915 C1,1788134400000.0,53469494,106424,10,,,VIC,1250070834000,,76958693,1788333229000,1788333229000,48582,school,1.5,632286.0,FOI_48582
48592,76958703,632304,632304,,education centre,primary/secondary school,,ST LEONARDS COLLEGE,St Leonards College,,,114,1025 C1,1788134400000.0,50248338,-1739321,11,,,VIC,1250070834000,,76958703,1788333229000,1788333229000,48592,school,1.5,632304.0,FOI_48592
48593,76958704,632305,632305,,education centre,primary school,,ST LEONARDS SCHOOL,St Leonards School,,,113,1596 C1,1788134400000.0,51742355,106435,10,,,VIC,1250070834000,,76958704,1788333229000,1788333229000,48593,school,1.5,632305.0,FOI_48593
48600,76958711,632313,632313,,education centre,primary school,,ST MARGARET MARYS SCHOOL,St Margaret Marys School,,,113,962 C1,1788134400000.0,420117297,106442,10,,,VIC,1250070834000,,76958711,1788333229000,1788333229000,48600,school,1.5,632313.0,FOI_48600
48601,76958712,632314,632314,,education centre,primary school,,ST MARGARETS PRIMARY SCHOOL,St Margarets Primary School,,,113,1563 C1,1788134400000.0,173505006,106443,10,,,VIC,1250070834000,,76958712,1788333229000,1788333229000,48601,school,1.5,632314.0,FOI_48601
48609,76958720,632328,632328,,education centre,primary school,,ST MARYS SCHOOL,St Marys School,,,113,1024 C1,1788134400000.0,221753201,106451,10,,,VIC,1250070835000,,76958720,1788333230000,1788333230000,48609,school,1.5,632328.0,FOI_48609
48614,76958725,632333,632333,,education centre,primary school,,ST MARYS SCHOOL,St Marys School,,,113,954 C1,1788134400000.0,219045047,106456,10,,,VIC,1250070835000,,76958725,1788333230000,1788333230000,48614,school,1.5,632333.0,FOI_48614
48615,76958726,632334,632334,,education centre,primary school,,ST MARYS SCHOOL,St Marys School,,,113,1108 C1,1788134400000.0,53470328,106457,10,,,VIC,1250070835000,,76958726,1788333230000,1788333230000,48615,school,1.5,632334.0,FOI_48615
48616,76958727,632335,632335,,education centre,primary school,,ST MARYS SCHOOL,St Marys School,,,113,1539 C1,1788134400000.0,218748394,106458,10,,,VIC,1250070835000,,76958727,1788333230000,1788333230000,48616,school,1.5,632335.0,FOI_48616
48628,76958739,632351,632351,,education centre,primary/secondary school,,ST MICHAELS GRAMMAR SCHOOL,St Michaels Grammar School,,,114,818 C1,1788134400000.0,173790158,107044,10,,,VIC,1250070835000,,76958739,1788333230000,1788333230000,48628,school,1.5,632351.0,FOI_48628
48629,76958740,632353,632353,,education centre,primary school,,ST MONICAS PRIMARY SCHOOL,St Monicas Primary School,,,113,566 C1,1788134400000.0,150303412,106470,10,,,VIC,1250070835000,,76958740,1788333230000,1788333230000,48629,school,1.5,632353.0,FOI_48629
48630,76958741,632354,632354,,education centre,primary school,,ST MONICAS SCHOOL,St Monicas School,,,113,477 C1,1788134400000.0,51315150,106471,10,,,VIC,1250070835000,,76958741,1788333230000,1788333230000,48630,school,1.5,632354.0,FOI_48630
48638,76958749,632364,632364,,education centre,primary school,,ST PATRICKS SCHOOL,St Patricks School,,,113,1310 C1,1788134400000.0,51265406,106479,10,,,VIC,1250070835000,,76958749,1788333230000,1788333230000,48638,school,1.5,632364.0,FOI_48638
48647,76958758,632382,632382,,education centre,primary school,,ST PETERS SCHOOL,St Peters School,,,113,252 C1,1788134400000.0,211744462,106490,10,,,VIC,1250070835000,,76958758,1788333230000,1788333230000,48647,school,1.5,632382.0,FOI_48647
48649,76958760,632384,632384,,education centre,primary school,,ST PETERS SCHOOL,St Peters School,,,113,1692 C1,1788134400000.0,150319438,106492,10,,,VIC,1250070835000,,76958760,1788333230000,1788333230000,48649,school,1.5,632384.0,FOI_48649
48652,76958763,632387,632387,,education centre,primary school,,ST PHILIPS SCHOOL,St Philips School,,,113,1652 C1,1788134400000.0,51319001,106495,10,,,VIC,1250070835000,,76958763,1788333230000,1788333230000,48652,school,1.5,632387.0,FOI_48652
48653,76958764,632388,632388,,education centre,primary school,,ST RAPHAELS SCHOOL,St Raphaels School,,,113,1412 C1,1788134400000.0,50419498,106496,10,,,VIC,1250070835000,,76958764,1788333230000,1788333230000,48653,school,1.5,632388.0,FOI_48653
48656,76958767,632391,632391,,education centre,primary school,,ST ROCHS SCHOOL,St Rochs School,,,113,1311 C1,1788134400000.0,50790640,106499,10,,,VIC,1250070835000,,76958767,1788333230000,1788333230000,48656,school,1.5,632391.0,FOI_48656
48657,76958768,632392,632392,,education centre,primary school,,ST SCHOLASTICAS SCHOOL,St Scholasticas School,,,113,1598 C1,1788134400000.0,50236359,106500,10,,,VIC,1250070835000,,76958768,1788333230000,1788333230000,48657,school,1.5,632392.0,FOI_48657
48659,76958770,632397,632397,,education centre,primary school,,ST THERESES SCHOOL,St Thereses School,,,113,1193 C1,1788134400000.0,221448374,106502,10,,,VIC,1250070835000,,76958770,1788333230000,1788333230000,48659,school,1.5,632397.0,FOI_48659
52841,76967443,632403,632403,,education centre,primary school,,ST THOMAS MORES SCHOOL,St Thomas Mores School,,,113,1650 C1,1788134400000.0,51519213,106506,10,,,VIC,1250070835000,,76967443,1788333593000,1788333593000,52841,school,1.5,632403.0,FOI_52841
51692,76959459,1207946,1207946,632456.0,education centre,secondary school,,SYDNEY ROAD COMMUNITY SCHOOL - COBURG TEACHING UNIT,Sydney Road Community School - Coburg Teaching Unit,SYDNEY ROAD COMMUNITY SCHOOL,,101,8368 C2,1788134400000.0,,-1821334,11,,,VIC,1535030598000,,76959459,1788333231000,1788333231000,51692,school,1.5,632456.0,FOI_51692
48663,76958775,632705,632705,,education centre,primary/secondary school,,VICTORIAN SCHOOL OF LANGUAGES,Victorian School Of Languages,,,101,6359 C1,1788134400000.0,208142812,-1739323,11,,,VIC,1250070838000,,76958775,1788333230000,1788333230000,48663,school,1.5,632705.0,FOI_48663
9160,35914869,632897,632897,,community venue,hall,,ALISTAIR HALL,Alistair Hall,,,,,,,-615940,11,,,VIC,1250500064000,,35914869,1265960025000,1265960025000,9160,community,1.0,632897.0,FOI_9160
9480,44219265,632901,632901,,community venue,hall,,AMBROSE HALL,Ambrose Hall,,,,,,219056585,-615944,11,,,VIC,1250500064000,,44219265,1355901602000,1355901602000,9480,community,1.0,632901.0,FOI_9480
10166,52249712,632922,632922,,community venue,hall,,BOX HILL TOWN HALL,Box Hill Town Hall,,,,,,219073902,-615964,11,,,VIC,1250500064000,,52249712,1481313420000,1481313420000,10166,community,1.0,632922.0,FOI_10166
10674,64781671,632924,632924,,community venue,hall,,BRIGHTON TOWN HALL,Brighton Town Hall,,,,,,172292169,-615966,11,,,VIC,1250500064000,,64781671,1658320561000,1658320561000,10674,community,1.0,632924.0,FOI_10674
9481,44219266,632927,632927,,community venue,hall,,BRUNSWICK TOWN HALL,Brunswick Town Hall,,,,,,50942761,-615969,11,,,VIC,1250500064000,,44219266,1355901602000,1355901602000,9481,community,1.0,632927.0,FOI_9481
21310,76863523,632930,632930,,community venue,hall,,CAMBERWELL CIVIC CENTRE,Camberwell Civic Centre,,,,,,173775777,-615972,11,,,VIC,1250500064000,,76863523,1786691298000,1786691298000,21310,community,1.0,632930.0,FOI_21310
9568,46169233,632931,632931,,community venue,hall,,CAMBERWELL SCOUT HALL,Camberwell Scout Hall,,,,,,202260721,-615973,11,,,VIC,1250500064000,,46169233,1397032175000,1397032175000,9568,community,1.0,632931.0,FOI_9568
21311,76863524,632932,632932,,community venue,hall,,CAMBERWELL TOWN HALL,Camberwell Town Hall,,,,,,173775777,-615974,11,,,VIC,1250500064000,,76863524,1786691298000,1786691298000,21311,community,1.0,632932.0,FOI_21311
10141,52249547,632935,632935,,community venue,hall,,CAULFIELD TOWN HALL,Caulfield Town Hall,,,,,,218973306,-615977,11,,,VIC,1250500064000,,52249547,1481313420000,1481313420000,10141,community,1.0,632935.0,FOI_10141
10352,55842305,632937,632937,,community venue,hall,,CENTRAL HALL,Central Hall,,,,,,425958936,-615979,11,,,VIC,1250500064000,,55842305,1551298749000,1551298749000,10352,community,1.0,632937.0,FOI_10352
9534,64595870,632942,632942,,community venue,hall,,CLAYTON HALL,Clayton Hall,,,348,,1369612800000.0,54053674,-615984,11,,,VIC,1250500064000,,45430864,1372229529000,1655947965000,9534,community,1.0,632942.0,FOI_9534
3268,76793518,632945,632945,,community venue,hall,,COBURG TOWN HALL,Coburg Town Hall,,,,,,,-615987,11,,,VIC,1250500064000,,76793518,1783580532000,1783580532000,3268,community,1.0,632945.0,FOI_3268
9570,46296601,632946,632946,,community venue,hall,,COLLINGWOOD TOWN HALL,Collingwood Town Hall,,,,,,213776238,-615988,11,,,VIC,1250500064000,,46296601,1401867044000,1401867044000,9570,community,1.0,632946.0,FOI_9570
10756,70350356,632947,632947,,community venue,hall,,COMMUNITY HALL,Community Hall,,,,,,,-615989,11,,,VIC,1250500064000,,70350356,1709708885000,1709708885000,10756,community,1.0,632947.0,FOI_10756
10641,61975698,632950,632950,,community venue,hall,,COPPIN HALL,Coppin Hall,,,,,,430773551,-615992,11,,,VIC,1250500064000,,61975698,1633693251000,1633693251000,10641,community,1.0,632950.0,FOI_10641
51063,76003334,632961,632961,,community venue,hall,,FESTIVAL HALL,Festival Hall,,,,,,456187232,-616003,11,,,VIC,1250500065000,,76003334,1771485749000,1771485749000,51063,community,1.0,632961.0,FOI_51063
10145,52249180,632963,632963,,community venue,hall,,FITZROY TOWN HALL,Fitzroy Town Hall,,,,,,219088806,-616005,11,,,VIC,1250500065000,,52249180,1481313420000,1481313420000,10145,community,1.0,632963.0,FOI_10145
10677,65041044,632967,632967,,community venue,hall,,FOREST HILL,Forest Hill,,,,,,217065473,-616009,11,,,VIC,1250500065000,,65041044,1662534904000,1662534904000,10677,community,1.0,632967.0,FOI_10677
9535,64598047,632970,632970,,community venue,hall,,FREGON HALL,Fregon Hall,,,348,,1369612800000.0,50425463,-616012,11,,,VIC,1250500065000,,45430865,1372229529000,1655947965000,9535,community,1.0,632970.0,FOI_9535
10608,62046228,632977,632977,,community venue,hall,,GRACE PARK HALL,Grace Park Hall,,,,,,218748226,-616019,11,,,VIC,1250500065000,,62046228,1634811670000,1634811670000,10608,community,1.0,632977.0,FOI_10608
10147,52249378,632984,632984,,community venue,hall,,HAWTHORN TOWN HALL,Hawthorn Town Hall,,,,,,151068038,-616026,11,,,VIC,1250500065000,,52249378,1481313420000,1481313420000,10147,community,1.0,632984.0,FOI_10147
10164,52249660,632987,632987,,community venue,hall,,HEIDELBERG TOWN HALL,Heidelberg Town Hall,,,,,,150043080,-616029,11,,,VIC,1250500065000,,52249660,1481313420000,1481313420000,10164,community,1.0,632987.0,FOI_10164
10153,52249843,632988,632988,,community venue,hall,,HEIDELBERG WEST YOUTH HALL,Heidelberg West Youth Hall,,,,,,420259753,-616030,11,,,VIC,1250500065000,,52249843,1481313420000,1481313420000,10153,community,1.0,632988.0,FOI_10153
10638,61975699,632993,632993,,community venue,hall,,JAMES LOUGHNAN HALL,James Loughnan Hall,,,,,,50667018,-616035,11,,,VIC,1250500065000,,61975699,1633693251000,1633693251000,10638,community,1.0,632993.0,FOI_10638
51073,76003345,632997,632997,,community venue,hall,,KENSINGTON TOWN HALL,Kensington Town Hall,,,,,,211497147,-616039,11,,,VIC,1250500065000,,76003345,1771485749000,1771485749000,51073,community,1.0,632997.0,FOI_51073
10772,70832833,633015,633015,,community venue,hall,,MELBOURNE CONVENTION CENTRE,Melbourne Convention Centre,,,,,,,-616057,11,,,VIC,1250500065000,,70832833,1719385740000,1719385740000,10772,community,1.0,633015.0,FOI_10772
51061,76003332,633016,633016,,commercial facility,entertainment centre,,MELBOURNE CONVENTION AND EXHIBITION CENTRE,Melbourne Convention And Exhibition Centre,,,,,,204315969,-2117316,11,,,VIC,1250500065000,,76003332,1771485749000,1771485749000,51061,commercial,2.0,633016.0,FOI_51061
9550,45867057,633018,633018,,community venue,hall,,MEMORIAL HALL,Memorial Hall,,,,,,50224462,-616060,11,,,VIC,1250500065000,,45867057,1387520876000,1387520876000,9550,community,1.0,633018.0,FOI_9550
10165,52249665,633023,633023,,community venue,hall,,MOONEE PONDS TOWN HALL (CLOCKTOWER CENTRE),Moonee Ponds Town Hall (Clocktower Centre),,,,,,51913972,-616065,11,,,VIC,1250500065000,,52249665,1481313420000,1481313420000,10165,community,1.0,633023.0,FOI_10165
9462,43300270,633032,633032,,community venue,hall,,NOTTING HILL HALL,Notting Hill Hall,,,,,,219041043,-616074,11,,,VIC,1250500065000,,43300270,1332445260000,1332445260000,9462,community,1.0,633032.0,FOI_9462
10158,52249842,633036,633036,,community venue,hall,,OLYMPIC HALL,Olympic Hall,,,,,,420259753,-616078,11,,,VIC,1250500065000,,52249842,1481313420000,1481313420000,10158,community,1.0,633036.0,FOI_10158
10373,55843167,633038,633038,,community venue,hall,,ORMOND HALL,Ormond Hall,,,,,,425320669,-649352,11,,,VIC,1250500065000,,55843167,1551298751000,1551298751000,10373,community,1.0,633038.0,FOI_10373
9312,39241521,633039,633039,,community venue,hall,,OXFORD THEATRE,Oxford Theatre,,,,,,50032008,-616081,11,,,VIC,1250500065000,,39241521,1292915114000,1292915114000,9312,community,1.0,633039.0,FOI_9312
20469,68561032,633047,633047,,community venue,community centre,,PORT MELBOURNE TOWN HALL,Port Melbourne Town Hall,,,358,,1693440000000.0,219061448,-2088530,11,,,VIC,1250500065000,,68561032,1693984011000,1693984011000,20469,community,1.0,633047.0,FOI_20469
9577,46216076,633049,633049,,community venue,hall,,PRAHRAN TOWN HALL,Prahran Town Hall,,,,,,208461937,-616091,11,,,VIC,1250500065000,,46216076,1399966226000,1399966226000,9577,community,1.0,633049.0,FOI_9577
10803,72663574,633050,633050,,community venue,hall,,PRESTON TOWN HALL,Preston Town Hall,,,,,,,-616092,11,,,VIC,1250500065000,,72663574,1737725895000,1737725895000,10803,community,1.0,633050.0,FOI_10803
9572,46285921,633053,633053,,community venue,hall,,PROGRESS HALL,Progress Hall,,,,,,50339022,-616095,11,,,VIC,1250500065000,,46285921,1401172233000,1401172233000,9572,community,1.0,633053.0,FOI_9572
10653,61979128,633057,633057,,community venue,hall,,RICHMOND TOWN HALL,Richmond Town Hall,,,,,,219089666,-616099,11,,,VIC,1250500065000,,61979128,1633693283000,1633693283000,10653,community,1.0,633057.0,FOI_10653
51070,76003342,633063,633063,,community venue,hall,,ROYAL EXHIBITION BUILDING,Royal Exhibition Building,,,,,,203472652,-616105,11,,,VIC,1250500065000,,76003342,1771485749000,1771485749000,51070,community,1.0,633063.0,FOI_51070
10372,55843081,633073,633073,,community venue,hall,,SOUTH MELBOURNE TOWN HALL,South Melbourne Town Hall,,,,,,426129899,-616115,11,,,VIC,1250500103000,,55843081,1551298751000,1551298751000,10372,community,1.0,633073.0,FOI_10372
20467,68561108,633081,633081,,community venue,community centre,,ST KILDA TOWN HALL,St Kilda Town Hall,,,358,,1693440000000.0,173795763,-2088536,11,,,VIC,1250500103000,,68561108,1693984027000,1693984027000,20467,community,1.0,633081.0,FOI_20467
9230,35916469,633094,633094,,community venue,hall,,TRADES HALL,Trades Hall,,,,,,203472571,-616136,11,,,VIC,1250500103000,,35916469,1265960059000,1265960059000,9230,community,1.0,633094.0,FOI_9230
9214,35915351,633095,633095,,community venue,hall,,TRINITY HALL,Trinity Hall,,,,,,203475151,-616137,11,,,VIC,1250500103000,,35915351,1265960034000,1265960034000,9214,community,1.0,633095.0,FOI_9214
9551,45867059,633128,633128,,community venue,hall,,,,,,,,,50628037,-616170,11,,,VIC,1250500103000,,45867059,1387520876000,1387520876000,9551,community,1.0,633128.0,FOI_9551
9674,48772886,633139,633139,,community venue,hall,,,,,,,,,420991350,-616181,11,,,VIC,1250500104000,,48772886,1446167260000,1446167260000,9674,community,1.0,633139.0,FOI_9674
46830,76937904,633145,633145,,community venue,hall,,,,,,,,,,-616187,11,,,VIC,1250500104000,,76937904,1787814132000,1787814132000,46830,community,1.0,633145.0,FOI_46830
10687,66030291,633163,633163,,community venue,hall,,WARRINGAL COMMUNITY HALL,Warringal Community Hall,,,,,,,-616205,11,,,VIC,1250500104000,,66030291,1673507616000,1673507616000,10687,community,1.0,633163.0,FOI_10687
10609,62046335,633164,633164,,community venue,hall,,WATSONIA COMMUNITY,Watsonia Community,,,,,,218748607,-616206,11,,,VIC,1250500104000,,62046335,1634811670000,1634811670000,10609,community,1.0,633164.0,FOI_10609
9313,39241524,633166,633166,,community venue,hall,,WESLEY HALL,Wesley Hall,,,,,,50032008,-616208,11,,,VIC,1250500104000,,39241524,1292915114000,1292915114000,9313,community,1.0,633166.0,FOI_9313
9484,44219279,633167,633167,,community venue,hall,,WESTBREEN HALL,Westbreen Hall,,,,,,50278934,-616209,11,,,VIC,1250500104000,,44219279,1355901602000,1355901602000,9484,community,1.0,633167.0,FOI_9484
51067,76003338,633172,633172,,community venue,hall,,WORLD TRADE CENTRE,World Trade Centre,,,,,,454021812,-616214,11,,,VIC,1250500104000,,76003338,1771485749000,1771485749000,51067,community,1.0,633172.0,FOI_51067
57,55841472,634130,634130,634145.0,education centre,tertiary institution,,BOX HILL INSTITUTE OF TAFE - ELGAR CAMPUS,Box Hill Institute Of Tafe - Elgar Campus,BOX HILL INSTITUTE OF TAFE,,,,,429549474,-1367804,11,,,VIC,1251718072000,,55841472,1551298745000,1551298745000,57,higher_education,3.0,634145.0,FOI_57
8,45544469,634198,634198,634151.0,education centre,tertiary institution,,HOLMESGLEN INSTITUTE OF TAFE - WAVERLEY CAMPUS,Holmesglen Institute Of Tafe - Waverley Campus,HOLMESGLEN INSTITUTE OF TAFE,,,,,53791949,-1367778,11,,,VIC,1251718072000,,45544469,1375165364000,1375165364000,8,higher_education,3.0,634151.0,FOI_8
11,45544413,634132,634132,634152.0,education centre,tertiary institution,,KANGAN BATMAN INSTITUTE OF TAFE - ESSENDON CAMPUS,Kangan Batman Institute Of Tafe - Essendon Campus,KANGAN BATMAN INSTITUTE OF TAFE,,,,,51913498,-1367821,11,,,VIC,1251718072000,,45544413,1375165363000,1375165363000,11,higher_education,3.0,634152.0,FOI_11
36,47158906,634121,634121,634153.0,education centre,tertiary institution,,MELBOURNE POLYTECHNIC - COLLINGWOOD CAMPUS,Melbourne Polytechnic - Collingwood Campus,MELBOURNE POLYTECHNIC,,,,,208142812,-1408340,11,,,VIC,1251718072000,,47158906,1424846153000,1424846153000,36,higher_education,3.0,634153.0,FOI_36
14,45544396,634115,634115,634154.0,education centre,tertiary institution,,RMIT UNIVERSITY (TAFE DIVISION) - BRUNSWICK CAMPUS,Rmit University (Tafe Division) - Brunswick Campus,RMIT UNIVERSITY (TAFE DIVISION),,,,,53472664,-1367810,11,,,VIC,1251718072000,,45544396,1375165363000,1375165363000,14,higher_education,3.0,634154.0,FOI_14
25,45544450,634177,634177,634157.0,education centre,tertiary institution,,SWINBURNE UNIVERSITY OF TECHNOLOGY (TAFE DIVISION) - PRAHRAN CAMPUS,Swinburne University Of Technology (Tafe Division) - Prahran Campus,SWINBURNE UNIVERSITY OF TECHNOLOGY (TAFE DIVISION),,,,,50386774,-1367708,11,,,VIC,1251718072000,,45544450,1375165363000,1375165363000,25,higher_education,3.0,634157.0,FOI_25
109,62363354,634159,634159,,education centre,tertiary institution,,VICTORIA UNIVERSITY (TAFE DIVISION),Victoria University (Tafe Division),,Y,,,,,-897095,11,,,VIC,1251718072000,,62363354,1636616037000,1636616037000,109,higher_education,3.0,634159.0,FOI_109
150,66322676,634201,634201,,education centre,tertiary institution,,WILLIAM ANGLISS INSTITUTE OF TAFE,William Angliss Institute Of Tafe,,,,,,,-897135,11,,,VIC,1251718072000,,66322676,1678259260000,1678259260000,150,higher_education,3.0,634201.0,FOI_150
10867,74583622,1335482,1335482,634268.0,community venue,hall,,BOWES AVENUE COMMUNITY HALL,Bowes Avenue Community Hall,BOWES AVENUE RESERVE,,,,,50688275,130437,10,,,VIC,1733753883000,,74583622,1760598781000,1760598781000,10867,community,1.0,634268.0,FOI_10867
10622,62135382,985801,985801,634272.0,community venue,hall,,JESSIE MORRIS COMMUNITY HALL,Jessie Morris Community Hall,BROADMEADOWS RAILWAY LINE LINEAR RESERVE,,,,,50218459,-1351704,11,,,VIC,1355840960000,,62135382,1635506433000,1635506433000,10622,community,1.0,634272.0,FOI_10622
2538,73696927,1001155,1001155,634470.0,community venue,neighbourhood house,,NORTH CARLTON RAILWAY STATION NEIGHBOURHOOD HOUSE,North Carlton Railway Station Neighbourhood House,INNER CIRCLE LINEAR PARK,,,,,429846468,-1392395,11,,,VIC,1401786337000,,73696927,1756884454000,1756884454000,2538,community,1.0,634470.0,FOI_2538
22507,58945664,839340,839340,634561.0,community venue,senior citizens,,FOOTSCRAY SENIOR CITIZENS,Footscray Senior Citizens,MATHEWS RESERVE,,,,,428293790,-1049668,11,,,VIC,1291131990000,,58945664,1605116174000,1605116174000,22507,community,1.0,634561.0,FOI_22507
27249,62382755,1137830,1137830,634627.0,landmark,tourist attraction,,OLIVES CORNER,Olives Corner,OLIVES CORNER,,358,pp2009.5.519,,,-1674323,11,,,VIC,1465463392000,,62382755,1637047556000,1637047556000,27249,tourism,1.5,634627.0,FOI_27249
33573,74675424,760149,760149,634787.0,admin facility,municipal office,,MARIBYRNONG CITY COUNCIL,Maribyrnong City Council,BALIT BARGOONGAGAT BANHUL,,134,,1268352000000.0,206455539,-883955,11,,,VIC,1278587123000,,74675424,1761652985000,1761652985000,33573,administration,1.5,634787.0,FOI_33573
46668,76924401,1347111,1347111,634926.0,community venue,community centre,,BALWYN COMMUNITY CENTRE CML,Balwyn Community Centre Cml,BALWYN COMMUNITY CENTRE RESERVE,,307,528139,1786924800000.0,51868326,-2126257,11,,,VIC,1786614276000,,76924401,1787753574000,1787753574000,46668,community,1.0,634926.0,FOI_46668
28520,53951107,1004251,1004251,634963.0,cultural centre,art gallery,,ARTPLAY,Artplay,BIRRARUNG MARR,,,,,203461190,-1398750,11,,,VIC,1414511048000,,53951107,1518206157000,1518206157000,28520,cultural,1.5,634963.0,FOI_28520
9980,51469733,988263,988263,634978.0,community venue,hall,,SCOUT HALL,Scout Hall,BOX HILL CRESCENT RESERVE,,,,,50211025,-1357382,11,,,VIC,1365065344000,,51469733,1474438552000,1474438552000,9980,community,1.0,634978.0,FOI_9980
18545,76506307,1340064,1340064,635155.0,care facility,aged care,,ESTIA HEALTH RESERVOIR,Estia Health Reservoir,DUNSTAN RESERVE (MELBOURNE WATER JUNCTION BASIN),,102,UID-67161,1781136000000.0,53400800,-2111306,11,,,VIC,1756210231000,,76506307,1781594411000,1781594411000,18545,care,1.0,635155.0,FOI_18545
10627,61976269,988257,988257,635159.0,community venue,hall,,,,EASTERN FREEWAY LINEAR RESERVE,,,,,219613302,-1357417,11,,,VIC,1365065344000,,61976269,1633693251000,1633693251000,10627,community,1.0,635159.0,FOI_10627
48674,75986956,1001055,1001055,635186.0,landmark,tourist attraction,,MELBOURNE AQUARIUM,Melbourne Aquarium,ENTERPRIZE PARK,,,,,203261833,-1392145,11,,,VIC,1401444829000,,75986956,1771485712000,1771485712000,48674,tourism,1.5,635186.0,FOI_48674
10038,64540794,990959,990959,635267.0,community venue,hall,,SCOUT HALL,Scout Hall,GOLF LINKS AVENUE RESERVE,,348,,1372291200000.0,213294410,-1363919,11,,,VIC,1372178552000,,51471314,1474438554000,1655947961000,10038,community,1.0,635267.0,FOI_10038
10535,64579842,999937,999937,635357.0,community venue,hall,,,,IVANHOE GROVE RESERVE,,,,1393632000000.0,208462660,-1390024,11,,,VIC,1399912042000,,56587118,1563381563000,1655947964000,10535,community,1.0,635357.0,FOI_10535
9981,51469737,988282,988282,635454.0,community venue,hall,,,,LINDSAY AVENUE LINEAR RESERVE,,,,,150575876,-1357403,11,,,VIC,1365065344000,,51469737,1474438552000,1474438552000,9981,community,1.0,635454.0,FOI_9981
2222,64586410,702571,702571,635554.0,cultural centre,library,,WHEELERS HILL LIBRARY,Wheelers Hill Library,MONASH GALLERY RESERVE,,134,,1262304000000.0,219040347,-769792,11,,,VIC,1275927338000,,51471318,1474438554000,1655947964000,2222,cultural,1.5,635554.0,FOI_2222
2379,73696501,702461,702461,635673.0,cultural centre,library,,MALVERN EAST LIBRARY,Malvern East Library,PHOENIX PARK,,134,,1262304000000.0,208462681,-769682,11,,,VIC,1275927337000,,73696501,1756884452000,1756884452000,2379,cultural,1.5,635673.0,FOI_2379
2305,64531179,702514,702514,635897.0,cultural centre,library,,PRESTON LIBRARY,Preston Library,TOWN HALL RESERVE,,134,,1262304000000.0,53334444,-769735,11,,,VIC,1275927338000,,62363514,1636616038000,1655947960000,2305,cultural,1.5,635897.0,FOI_2305
10304,53951355,999206,999206,635907.0,community venue,hall,,1ST HARTWELL SCOUTS,1st Hartwell Scouts,TRENT STREET RESERVE,,,,,51258830,-1388346,11,,,VIC,1396962465000,,53951355,1518206157000,1518206157000,10304,community,1.0,635907.0,FOI_10304
20255,51470496,988296,988296,643328.0,community venue,community centre,,ELEY PARK COMMUNITY CENTRE,Eley Park Community Centre,,,,,,50181945,-1357412,11,,,VIC,1365065344000,,51470496,1474438553000,1474438553000,20255,community,1.0,643328.0,FOI_20255
9935,64532845,990945,990945,643447.0,community venue,hall,,WAVERLEY ADVANCED GYMNASTICS CLUB,Waverley Advanced Gymnastics Club,,,348,,1372291200000.0,52042461,-1363942,11,,,VIC,1372178552000,,51470908,1474438553000,1655947961000,9935,community,1.0,643447.0,FOI_9935
10794,72139455,985800,985800,647346.0,community venue,hall,,RATCLIFF COMMUNITY HALL,Ratcliff Community Hall,,,,,,211219745,-2098641,11,,,VIC,1355840960000,,72139455,1733814623000,1733814623000,10794,community,1.0,647346.0,FOI_10794
48694,76958795,649245,649245,,education centre,primary school,,CORPUS CHRISTI SCHOOL,Corpus Christi School,,,113,1545 C1,1788134400000.0,215154685,106515,10,,,VIC,1261409658000,,76958795,1788333230000,1788333230000,48694,school,1.5,649245.0,FOI_48694
48699,76958800,649327,649327,,education centre,primary/secondary school,,GENAZZANO FCJ COLLEGE,Genazzano Fcj College,,,113,733 C1,1788134400000.0,458334423,-1739334,11,,,VIC,1261409659000,,76958800,1788333230000,1788333230000,48699,school,1.5,649327.0,FOI_48699
48705,76958806,649402,649402,,education centre,primary school,,ST FIDELIS SCHOOL,St Fidelis School,,,113,1265 C1,1788134400000.0,50312714,106520,10,,,VIC,1261409660000,,76958806,1788333230000,1788333230000,48705,school,1.5,649402.0,FOI_48705
48709,76958810,649495,649495,,education centre,primary/secondary school,,LORETO MANDEVILLE HALL,Loreto Mandeville Hall,,,113,1226 C1,1788134400000.0,51050077,107050,10,,,VIC,1261409660000,,76958810,1788333230000,1788333230000,48709,school,1.5,649495.0,FOI_48709
48710,76958811,649498,649498,,education centre,secondary school,,LOYOLA COLLEGE,Loyola College,,,113,1810 C1,1788134400000.0,54518380,105641,10,,,VIC,1261409661000,,76958811,1788333230000,1788333230000,48710,school,1.5,649498.0,FOI_48710
48724,76958825,649641,649641,,education centre,primary school,,OUR LADY OF PERPETUAL SUCCOUR SCHOOL,Our Lady Of Perpetual Succour School,,,113,1569 C1,1788134400000.0,212781186,106529,10,,,VIC,1261409661000,,76958825,1788333230000,1788333230000,48724,school,1.5,649641.0,FOI_48724
48727,76958829,649645,649645,,education centre,secondary school,,OUR LADY OF THE SACRED HEART COLLEGE,Our Lady Of The Sacred Heart College,,,113,1481 C1,1788134400000.0,51889477,105648,10,,,VIC,1261409661000,,76958829,1788333230000,1788333230000,48727,school,1.5,649645.0,FOI_48727
48732,76958834,649703,649703,,education centre,primary/secondary school,,SACRE COEUR,Sacre Coeur,,,113,149 C1,1788134400000.0,459085781,107052,10,,,VIC,1261409663000,,76958834,1788333230000,1788333230000,48732,school,1.5,649703.0,FOI_48732
48735,76958837,649707,649707,,education centre,primary school,,SACRED HEART SCHOOL,Sacred Heart School,,,113,1393 C1,1788134400000.0,426093760,106539,10,,,VIC,1261409663000,,76958837,1788333230000,1788333230000,48735,school,1.5,649707.0,FOI_48735
48736,76958838,649708,649708,,education centre,primary school,,SACRED HEART SCHOOL,Sacred Heart School,,,113,590 C1,1788134400000.0,50124172,106540,10,,,VIC,1261409663000,,76958838,1788333230000,1788333230000,48736,school,1.5,649708.0,FOI_48736
48737,76958839,649709,649709,,education centre,primary school,,SACRED HEART SCHOOL,Sacred Heart School,,,113,468 C1,1788134400000.0,52067704,106541,10,,,VIC,1261409663000,,76958839,1788333230000,1788333230000,48737,school,1.5,649709.0,FOI_48737
48739,76958841,649711,649711,,education centre,primary school,,SACRED HEART SCHOOL,Sacred Heart School,,,113,152 C1,1788134400000.0,51515362,106543,10,,,VIC,1261409663000,,76958841,1788333230000,1788333230000,48739,school,1.5,649711.0,FOI_48739
48744,76958846,649737,649737,,education centre,secondary school,,SIENA COLLEGE LTD,Siena College Ltd,,,113,1445 C1,1788134400000.0,453115156,105650,10,,,VIC,1261409663000,,76958846,1788333230000,1788333230000,48744,school,1.5,649737.0,FOI_48744
48746,76958848,649746,649746,,education centre,primary school,,ST AGNES SCHOOL,St Agnes School,,,113,1503 C1,1788134400000.0,50394287,106546,10,,,VIC,1261409663000,,76958848,1788333230000,1788333230000,48746,school,1.5,649746.0,FOI_48746
48747,76958849,649748,649748,,education centre,secondary school,,ST ALOYSIUS COLLEGE,St Aloysius College,,,113,605 C1,1788134400000.0,210181854,105651,10,,,VIC,1261409663000,,76958849,1788333230000,1788333230000,48747,school,1.5,649748.0,FOI_48747
48752,76958854,649757,649757,,education centre,primary school,,ST ANTHONYS SCHOOL,St Anthonys School,,,113,932 C1,1788134400000.0,50301612,106551,10,,,VIC,1261409663000,,76958854,1788333230000,1788333230000,48752,school,1.5,649757.0,FOI_48752
48756,76958858,649764,649764,,education centre,primary school,,ST BEDES SCHOOL,St Bedes School,,,113,1482 C1,1788134400000.0,150710642,106554,10,,,VIC,1261409663000,,76958858,1788333230000,1788333230000,48756,school,1.5,649764.0,FOI_48756
48758,76958860,649766,649766,,education centre,primary school,,ST BERNADETTES SCHOOL,St Bernadettes School,,,113,1500 C1,1788134400000.0,221921886,106556,10,,,VIC,1261409663000,,76958860,1788333230000,1788333230000,48758,school,1.5,649766.0,FOI_48758
48762,76958864,649772,649772,,education centre,secondary school,,ST COLUMBAS COLLEGE,St Columbas College,,,113,707 C1,1788134400000.0,454566259,105652,10,,,VIC,1261409663000,,76958864,1788333230000,1788333230000,48762,school,1.5,649772.0,FOI_48762
48767,76958869,649778,649778,,education centre,primary school,,ST FRANCIS XAVIER PRIMARY SCHOOL,St Francis Xavier Primary School,,,113,1343 C1,1788134400000.0,150044923,-1978360,11,,,VIC,1261409663000,,76958869,1788333230000,1788333230000,48767,school,1.5,649778.0,FOI_48767
48771,76958873,649788,649788,,education centre,primary school,,ST JAMES SCHOOL,St James School,,,113,251 C1,1788134400000.0,50034935,106569,10,,,VIC,1261409663000,,76958873,1788333230000,1788333230000,48771,school,1.5,649788.0,FOI_48771
48785,76958887,649808,649808,,education centre,primary school,,ST JUSTINS SCHOOL,St Justins School,,,113,1882 C1,1788134400000.0,51297062,106582,10,,,VIC,1261409663000,,76958887,1788333230000,1788333230000,48785,school,1.5,649808.0,FOI_48785
48789,76958891,649812,649812,,education centre,primary school,,ST MARKS SCHOOL,St Marks School,,,113,1398 C1,1788134400000.0,221799489,106586,10,,,VIC,1261409663000,,76958891,1788333230000,1788333230000,48789,school,1.5,649812.0,FOI_48789
48795,76958897,649821,649821,,education centre,primary school,,ST MARYS SCHOOL,St Marys School,,,113,1231 C1,1788134400000.0,212040004,106589,10,,,VIC,1261409663000,,76958897,1788333230000,1788333230000,48795,school,1.5,649821.0,FOI_48795
51403,76959164,893563,893563,649822.0,education centre,primary school,,ST MARYS SCHOOL - ST MARYS SCHOOL CAMPUS 2,St Marys School - St Marys School Campus 2,ST MARYS SCHOOL,,113,107 C2,1788134400000.0,173785577,-1389399,11,,,VIC,1309260079000,,76959164,1788333231000,1788333231000,51403,school,1.5,649822.0,FOI_51403
48800,76958902,649827,649827,,education centre,primary school,,ST MATTHEWS SCHOOL,St Matthews School,,,113,1612 C1,1788134400000.0,51218180,106593,10,,,VIC,1261409663000,,76958902,1788333230000,1788333230000,48800,school,1.5,649827.0,FOI_48800
48802,76958904,649829,649829,,education centre,primary school,,ST OLIVER PLUNKETTS SCHOOL,St Oliver Plunketts School,,,113,1465 C1,1788134400000.0,50276883,106595,10,,,VIC,1261409663000,,76958904,1788333230000,1788333230000,48802,school,1.5,649829.0,FOI_48802
48805,76958907,649835,649835,,education centre,primary school,,ST PAULS SCHOOL,St Pauls School,,,113,1291 C1,1788134400000.0,51889572,106597,10,,,VIC,1261409663000,,76958907,1788333230000,1788333230000,48805,school,1.5,649835.0,FOI_48805
48808,76958910,649838,649838,,education centre,primary school,,ST PAULS SCHOOL,St Pauls School,,,113,336 C1,1788134400000.0,202579481,106600,10,,,VIC,1261409663000,,76958910,1788333230000,1788333230000,48808,school,1.5,649838.0,FOI_48808
48810,76958912,649840,649840,,education centre,primary school,,ST PETERS SCHOOL,St Peters School,,,113,1531 C1,1788134400000.0,54684384,106602,10,,,VIC,1261409663000,,76958912,1788333230000,1788333230000,48810,school,1.5,649840.0,FOI_48810
48820,76958922,649854,649854,,education centre,primary school,,ST VINCENT DE PAULS SCHOOL,St Vincent De Pauls School,,,113,1422 C1,1788134400000.0,221449968,106613,10,,,VIC,1261409663000,,76958922,1788333230000,1788333230000,48820,school,1.5,649854.0,FOI_48820
52843,76967445,649861,649861,,education centre,primary school,,STELLA MARIS SCHOOL,Stella Maris School,,,113,1554 C1,1788134400000.0,54599671,106615,10,,,VIC,1261409663000,,76967445,1788333593000,1788333593000,52843,school,1.5,649861.0,FOI_52843
10091,51468763,985688,985688,650489.0,community venue,hall,,ST JOHNS AMBULANCE HALL,St Johns Ambulance Hall,,,,,,219042120,-1351741,11,,,VIC,1355840960000,,51468763,1474438551000,1474438551000,10091,community,1.0,650489.0,FOI_10091
10114,51470113,988261,988261,650521.0,community venue,hall,,SCOUT HALL,Scout Hall,,,,,,50176924,-1357416,11,,,VIC,1365065344000,,51470113,1474438553000,1474438553000,10114,community,1.0,650521.0,FOI_10114
10120,51470510,988262,988262,650529.0,community venue,hall,,BENNETTSWOOD SCOUTS,Bennettswood Scouts,,,,,,219074265,-1357418,11,,,VIC,1365065344000,,51470510,1474438553000,1474438553000,10120,community,1.0,650529.0,FOI_10120
10688,66395776,990979,990979,650565.0,community venue,hall,,,,,,348,,1372291200000.0,,-1363922,11,,,VIC,1372178552000,,66395776,1679641649000,1679641649000,10688,community,1.0,650565.0,FOI_10688
44094,56336386,650909,650909,,sport facility,swimming pool,,BRUNSWICK CITY BATHS,Brunswick City Baths,,,,,,221564637,116563,10,,,VIC,1265718797000,,56336386,1558591258000,1558591258000,44094,sport,1.0,650909.0,FOI_44094
48829,76958932,651506,651506,,education centre,primary school,,CORPUS CHRISTI SCHOOL,Corpus Christi School,,,113,1466 C1,1788134400000.0,53720674,106618,10,,,VIC,1265885305000,,76958932,1788333230000,1788333230000,48829,school,1.5,651506.0,FOI_48829
48833,76958936,651654,651654,,education centre,secondary school,,GLENROY COLLEGE,Glenroy College,,,101,8893 C1,1788134400000.0,219326455,130308,10,,,VIC,1265885306000,,76958936,1788333230000,1788333230000,48833,school,1.5,651654.0,FOI_48833
51548,76959315,1008500,1008500,651751.0,education centre,secondary school,,JOHN FAWKNER SECONDARY COLLEGE - SPORTS LEARNING CENTRE,John Fawkner Secondary College - Sports Learning Centre,JOHN FAWKNER SECONDARY COLLEGE,,101,8894 C2,1788134400000.0,54669176,-1407997,11,,,VIC,1422549233000,,76959315,1788333231000,1788333231000,51548,school,1.5,651751.0,FOI_51548
48835,76958938,651752,651752,,education centre,secondary school,,JOHN MONASH SCIENCE SCHOOL,John Monash Science School,,,101,8856 C1,1788134400000.0,426391161,-1739341,11,,,VIC,1265885306000,,76958938,1788333230000,1788333230000,48835,school,1.5,651752.0,FOI_48835
48840,76958944,651997,651997,,education centre,primary school,,WHITEHORSE PRIMARY SCHOOL,Whitehorse Primary School,,,101,5530 C1,1788134400000.0,421102711,103802,10,,,VIC,1265885309000,,76958944,1788333230000,1788333230000,48840,school,1.5,651997.0,FOI_48840
48853,76958957,652162,652162,,education centre,primary school,,ST BRENDANS SCHOOL,St Brendans School,,,113,113 C1,1788134400000.0,150303276,106634,10,,,VIC,1265885310000,,76958957,1788333230000,1788333230000,48853,school,1.5,652162.0,FOI_48853
48858,76958962,652167,652167,,education centre,primary school,,ST JOHN VIANNEYS SCHOOL,St John Vianneys School,,,113,1613 C1,1788134400000.0,51537441,106639,10,,,VIC,1265885310000,,76958962,1788333230000,1788333230000,48858,school,1.5,652167.0,FOI_48858
48862,76958966,652171,652171,,education centre,primary school,,ST MICHAELS SCHOOL,St Michaels School,,,113,1477 C1,1788134400000.0,51260041,106643,10,,,VIC,1265885310000,,76958966,1788333230000,1788333230000,48862,school,1.5,652171.0,FOI_48862
48863,76958967,652172,652172,,education centre,primary school,,ST MICHAELS PRIMARY SCHOOL,St Michaels Primary School,,,113,98 C1,1788134400000.0,53471177,-2038626,11,,,VIC,1265885310000,,76958967,1788333230000,1788333230000,48863,school,1.5,652172.0,FOI_48863
9053,76316371,693034,693034,,hospital,day procedure centre,,SKIN CANCER DAY SURGERY,Skin Cancer Day Surgery,,,104,6380,1777420800000.0,50634119,-1728396,11,,,VIC,1273138833000,,76316371,1778224435000,1778224435000,9053,hospital,3.0,693034.0,FOI_9053
51128,76958980,700940,700940,,education centre,primary/secondary school,,BIALIK COLLEGE,Bialik College,,,114,1626 C1,1788134400000.0,202403301,-1739359,11,,,VIC,1274362730000,,76958980,1788333230000,1788333230000,51128,school,1.5,700940.0,FOI_51128
51476,76959242,986783,986783,701159.0,education centre,further education,,COLLINGWOOD ENGLISH LANGUAGE SCHOOL,Collingwood English Language School,COLLINGWOOD ENGLISH LANGUAGE SCHOOL,,101,8748 C2,1788134400000.0,202385379,107192,10,,,VIC,1358247177000,,76959242,1788333231000,1788333231000,51476,higher_education,3.0,701159.0,FOI_51476
51133,76958985,701165,701165,,education centre,secondary school,,GLEN WAVERLEY SECONDARY COLLEGE,Glen Waverley Secondary College,,,101,8808 C1,1788134400000.0,51741777,10090,10,,,VIC,1274892674000,,76958985,1788333230000,1788333230000,51133,school,1.5,701165.0,FOI_51133
48486,76958601,629529,629529,701196.0,education centre,special school,,FOREST HILL COLLEGE - FOREST HILL DEAF FACILITY,Forest Hill College - Forest Hill Deaf Facility,FOREST HILL COLLEGE,,101,8724 C6,1788134400000.0,421036827,-1389382,11,,,VIC,1249049740000,,76958601,1788333229000,1788333229000,48486,school,1.5,701196.0,FOI_48486
51137,76958988,701240,701240,,education centre,primary/secondary school,,MACLEOD COLLEGE,Macleod College,,,101,6242 C1,1788134400000.0,54541881,-1739361,11,,,VIC,1274892674000,,76958988,1788333230000,1788333230000,51137,school,1.5,701240.0,FOI_51137
51140,76958991,701245,701245,,education centre,secondary school,,MULLAUNA SECONDARY COLLEGE,Mullauna Secondary College,,,101,8744 C1,1788134400000.0,51492209,105677,10,,,VIC,1274892675000,,76958991,1788333230000,1788333230000,51140,school,1.5,701245.0,FOI_51140
51162,76958994,701250,701250,,education centre,special school,,ROSAMOND SCHOOL,Rosamond School,,,101,4792 C1,1788134400000.0,53624819,131098,10,,,VIC,1274892675000,,76958994,1788333230000,1788333230000,51162,school,1.5,701250.0,FOI_51162
51167,76958997,701253,701253,,education centre,secondary school,,SOUTH OAKLEIGH COLLEGE,South Oakleigh College,,,101,8801 C1,1788134400000.0,51289718,130311,10,,,VIC,1274892675000,,76958997,1788333230000,1788333230000,51167,school,1.5,701253.0,FOI_51167
2201,64586411,702333,702333,,cultural centre,library,,ALBERT PARK LIBRARY,Albert Park Library,,,134,,1362096000000.0,51762052,-769554,11,,,VIC,1275927336000,,46632483,1408086142000,1655947964000,2201,cultural,1.5,702333.0,FOI_2201
2387,74550974,702338,702338,,cultural centre,library,,ASCOT VALE LIBRARY,Ascot Vale Library,,,134,,1262304000000.0,457273211,129850,10,,,VIC,1275927336000,,74550974,1760426253000,1760426253000,2387,cultural,1.5,702338.0,FOI_2387
2250,64546967,702339,702339,,cultural centre,library,,ASHBURTON LIBRARY,Ashburton Library,,,134,,1262304000000.0,173775870,-769560,11,,,VIC,1275927336000,,52249731,1481313420000,1655947961000,2250,cultural,1.5,702339.0,FOI_2250
2237,64570584,702343,702343,,cultural centre,library,,BALWYN LIBRARY,Balwyn Library,,,134,,1262304000000.0,51868317,-769564,11,,,VIC,1275927336000,,52249510,1481313420000,1655947963000,2237,cultural,1.5,702343.0,FOI_2237
2197,64570583,702352,702352,,cultural centre,library,,BENTLEIGH LIBRARY,Bentleigh Library,,,134,,1262304000000.0,218973693,-769573,11,,,VIC,1275927336000,,46285922,1401172233000,1655947963000,2197,cultural,1.5,702352.0,FOI_2197
2096,64578512,702354,702354,,cultural centre,library,,BLACKBURN LIBRARY,Blackburn Library,,,134,,1262304000000.0,51068070,-769575,11,,,VIC,1275927336000,,37494889,1275986047000,1655947964000,2096,cultural,1.5,702354.0,FOI_2096
2097,64595952,702356,702356,,cultural centre,library,,BOX HILL LIBRARY,Box Hill Library,,,134,,1262304000000.0,172853681,-769577,11,,,VIC,1275927336000,,37494891,1275986047000,1655947965000,2097,cultural,1.5,702356.0,FOI_2097
2320,64781673,702358,702358,,cultural centre,library,,BRIGHTON LIBRARY,Brighton Library,,,134,,1262304000000.0,54597939,-769579,11,,,VIC,1275927336000,,64781673,1658320561000,1658320561000,2320,cultural,1.5,702358.0,FOI_2320
2174,64609004,702361,702361,,cultural centre,library,,BRUNSWICK LIBRARY,Brunswick Library,,,134,,1262304000000.0,50942761,-769582,11,,,VIC,1275927336000,,44219554,1355901602000,1655947966000,2174,cultural,1.5,702361.0,FOI_2174
2175,64586415,702362,702362,,cultural centre,library,,BRUNSWICK WEST LIBRARY,Brunswick West Library,,,134,,1262304000000.0,53469489,-769583,11,,,VIC,1275927336000,,44219555,1355901602000,1655947964000,2175,cultural,1.5,702362.0,FOI_2175
18908,76852397,702364,702364,,cultural centre,library,,CAMBERWELL LIBRARY,Camberwell Library,,,134,,1262304000000.0,173775777,-769585,11,,,VIC,1275927336000,,76852397,1785913625000,1785913625000,18908,cultural,1.5,702364.0,FOI_18908
2100,64554907,702366,702366,,cultural centre,library,,CARLTON LIBRARY,Carlton Library,,,134,,1262304000000.0,210159939,-769587,11,,,VIC,1275927336000,,37494901,1275986047000,1655947962000,2100,cultural,1.5,702366.0,FOI_2100
2286,64606816,702367,702367,,cultural centre,library,,CARNEGIE LIBRARY,Carnegie Library,,,134,,1262304000000.0,204071003,-769588,11,,,VIC,1275927336000,,55844264,1551298753000,1655947965000,2286,cultural,1.5,702367.0,FOI_2286
2238,64554899,702372,702372,,cultural centre,library,,CAULFIELD LIBRARY,Caulfield Library,,,134,,1262304000000.0,218973306,-769593,11,,,VIC,1275927336000,,52249546,1481313420000,1655947962000,2238,cultural,1.5,702372.0,FOI_2238
2138,64562786,702378,702378,,cultural centre,library,,CITY LIBRARY LIBRARY,City Library Library,,,134,,1262304000000.0,203474245,-769599,11,,,VIC,1275927336000,,37494913,1275986047000,1655947963000,2138,cultural,1.5,702378.0,FOI_2138
2139,64570582,702380,702380,,cultural centre,library,,CLAYTON LIBRARY,Clayton Library,,,134,,1262304000000.0,50417774,-769601,11,,,VIC,1275927336000,,37494915,1275986047000,1655947963000,2139,cultural,1.5,702380.0,FOI_2139
2176,64609005,702383,702383,,cultural centre,library,,COBURG LIBRARY,Coburg Library,,,134,,1262304000000.0,50310276,-769604,11,,,VIC,1275927336000,,44219556,1355901602000,1655947966000,2176,cultural,1.5,702383.0,FOI_2176
2196,64570585,702386,702386,,cultural centre,library,,COLLINGWOOD LIBRARY,Collingwood Library,,,134,,1262304000000.0,50968834,-769607,11,,,VIC,1275927336000,,46296607,1401867044000,1655947963000,2196,cultural,1.5,702386.0,FOI_2196
2108,64554902,702405,702405,,cultural centre,library,,EAST MELBOURNE LIBRARY,East Melbourne Library,,,134,,1262304000000.0,50118855,-769626,11,,,VIC,1275927336000,,37494940,1275986047000,1655947962000,2108,cultural,1.5,702405.0,FOI_2108
2301,64595950,702408,702408,,cultural centre,library,,ELSTERNWICK LIBRARY,Elsternwick Library,,,134,,1262304000000.0,51909025,-769629,11,,,VIC,1275927336000,,62363510,1636616038000,1655947965000,2301,cultural,1.5,702408.0,FOI_2301
2178,64554908,702413,702413,,cultural centre,library,,FAIRFIELD LIBRARY,Fairfield Library,,,134,,1262304000000.0,220278474,-769634,11,,,VIC,1275927336000,,44219558,1355901602000,1655947962000,2178,cultural,1.5,702413.0,FOI_2178
2240,64554905,702416,702416,,cultural centre,library,,FITZROY LIBRARY,Fitzroy Library,,,134,,1262304000000.0,219088806,-769637,11,,,VIC,1275927336000,,52249178,1481313420000,1655947962000,2240,cultural,1.5,702416.0,FOI_2240
2389,74550976,702417,702417,,cultural centre,library,,FLEMINGTON LIBRARY,Flemington Library,,,134,,1262304000000.0,50337661,129890,10,,,VIC,1275927336000,,74550976,1760426253000,1760426253000,2389,cultural,1.5,702417.0,FOI_2389
2316,64586416,702425,702425,,cultural centre,library,,GLENROY LIBRARY,Glenroy Library,,,134,,1262304000000.0,,-769646,11,,,VIC,1275927336000,,63711302,1654672654000,1655947964000,2316,cultural,1.5,702425.0,FOI_2316
2302,64593773,702429,702429,,cultural centre,library,,HAMPTON LIBRARY,Hampton Library,,,134,,1262304000000.0,50502167,-769650,11,,,VIC,1275927336000,,62363511,1636616038000,1655947965000,2302,cultural,1.5,702429.0,FOI_2302
2368,71254486,702433,702433,,cultural centre,library,,HAWTHORN LIBRARY,Hawthorn Library,,,134,,1262304000000.0,,-769654,11,,,VIC,1275927337000,,71254486,1725347546000,1725347546000,2368,cultural,1.5,702433.0,FOI_2368
2253,64562788,702443,702443,,cultural centre,library,,IVANHOE LIBRARY,Ivanhoe Library,,,134,,1262304000000.0,150043080,-769664,11,,,VIC,1275927337000,,52249667,1481313420000,1655947963000,2253,cultural,1.5,702443.0,FOI_2253
2241,64554904,702448,702448,,cultural centre,library,,KEW LIBRARY,Kew Library,,,134,,1262304000000.0,151065928,-769669,11,,,VIC,1275927337000,,52249246,1481313420000,1655947962000,2241,cultural,1.5,702448.0,FOI_2241
2115,64604624,702458,702458,,cultural centre,library,,LIBRARY ACCESS POINT LIBRARY,Library Access Point Library,,,134,,1262304000000.0,,-769679,11,,,VIC,1275927337000,,37494993,1275986048000,1655947965000,2115,cultural,1.5,702458.0,FOI_2115
2198,64598126,702462,702462,,cultural centre,library,,MALVERN LIBRARY,Malvern Library,,,134,,1262304000000.0,208461844,-769683,11,,,VIC,1275927337000,,46216080,1399966226000,1655947965000,2198,cultural,1.5,702462.0,FOI_2198
51060,76003331,702466,702466,,cultural centre,library,,STATE LIBRARY OF VICTORIA,State Library Of Victoria,,,134,,1262304000000.0,203473777,-1392037,11,,,VIC,1275927337000,,76003331,1771485749000,1771485749000,51060,cultural,1.5,702466.0,FOI_51060
2204,64546969,702469,702469,,cultural centre,library,,MIDDLE PARK LIBRARY,Middle Park Library,,,134,,1362096000000.0,50642977,-769690,11,,,VIC,1275927337000,,47482905,1432742553000,1655947961000,2204,cultural,1.5,702469.0,FOI_2204
2397,74555631,702476,702476,,cultural centre,library,,SAM MERRIFIELD LIBRARY,Sam Merrifield Library,,,134,,1262304000000.0,51913976,129848,10,,,VIC,1275927337000,,74555631,1760426352000,1760426352000,2397,cultural,1.5,702476.0,FOI_2397
2165,64606817,702483,702483,,cultural centre,library,,MOUNT WAVERLEY LIBRARY,Mount Waverley Library,,,134,,1262304000000.0,219040584,-769704,11,,,VIC,1275927337000,,43300865,1332445273000,1655947965000,2165,cultural,1.5,702483.0,FOI_2165
2391,74550979,702493,702493,,cultural centre,library,,NIDDRIE LIBRARY,Niddrie Library,,,134,,1262304000000.0,221122744,129849,10,,,VIC,1275927337000,,74550979,1760426253000,1760426253000,2391,cultural,1.5,702493.0,FOI_2391
2303,64578516,702497,702497,,cultural centre,library,,NORTHCOTE LIBRARY,Northcote Library,,,134,,1262304000000.0,50151099,-769718,11,,,VIC,1275927337000,,62363512,1636616038000,1655947964000,2303,cultural,1.5,702497.0,FOI_2303
2119,64546966,702500,702500,,cultural centre,library,,OAKLEIGH LIBRARY,Oakleigh Library,,,134,,1262304000000.0,207095141,-769721,11,,,VIC,1275927337000,,37495035,1275986048000,1655947961000,2119,cultural,1.5,702500.0,FOI_2119
2202,64586412,702511,702511,,cultural centre,library,,PORT MELBOURNE LIBRARY,Port Melbourne Library,,,134,,1262304000000.0,219061448,-769732,11,,,VIC,1275927338000,,46632484,1408086142000,1655947964000,2202,cultural,1.5,702511.0,FOI_2202
2199,64595951,702513,702513,,cultural centre,library,,PRAHRAN LIBRARY,Prahran Library,,,134,,1262304000000.0,208461937,-769734,11,,,VIC,1275927338000,,46216081,1399966226000,1655947965000,2199,cultural,1.5,702513.0,FOI_2199
2306,64562789,702519,702519,,cultural centre,library,,RESERVOIR LIBRARY,Reservoir Library,,,134,,1262304000000.0,151243713,-769740,11,,,VIC,1275927338000,,62363515,1636616038000,1655947963000,2306,cultural,1.5,702519.0,FOI_2306
2146,64562785,702520,702520,,cultural centre,library,,RICHMOND LIBRARY,Richmond Library,,,134,,1262304000000.0,210159935,-769741,11,,,VIC,1275927338000,,37495055,1275986048000,1655947963000,2146,cultural,1.5,702520.0,FOI_2146
2294,64531178,702524,702524,,cultural centre,library,,ROSANNA LIBRARY,Rosanna Library,,,134,,1262304000000.0,426472136,-769745,11,,,VIC,1275927338000,,59680322,1613459898000,1655947960000,2294,cultural,1.5,702524.0,FOI_2294
2300,64609001,702531,702531,,cultural centre,library,,SANDRINGHAM LIBRARY,Sandringham Library,,,134,,1262304000000.0,422352804,-769752,11,,,VIC,1275927338000,,62363516,1636616038000,1655947966000,2300,cultural,1.5,702531.0,FOI_2300
2251,64554900,702539,702539,,cultural centre,library,,SOUTH YARRA LIBRARY,South Yarra Library,,,134,,1262304000000.0,213454085,-769760,11,,,VIC,1275927338000,,52249749,1481313420000,1655947962000,2251,cultural,1.5,702539.0,FOI_2251
2245,64598125,702543,702543,,cultural centre,library,,ST KILDA LIBRARY,St Kilda Library,,,134,,1262304000000.0,50584808,-769764,11,,,VIC,1275927338000,,52249155,1481313420000,1655947965000,2245,cultural,1.5,702543.0,FOI_2245
2169,64602502,702558,702558,,cultural centre,library,,VERMONT SOUTH LIBRARY,Vermont South Library,,,134,,1262304000000.0,219074100,-769779,11,,,VIC,1275927338000,,43300880,1332445275000,1655947965000,2169,cultural,1.5,702558.0,FOI_2169
2184,64546973,702566,702566,,cultural centre,library,,WATSONIA LIBRARY,Watsonia Library,,,134,,1262304000000.0,53991331,-769787,11,,,VIC,1275927338000,,44909440,1362772832000,1655947961000,2184,cultural,1.5,702566.0,FOI_2184
2147,64578513,702570,702570,,cultural centre,library,,WEST FOOTSCRAY LIBRARY,West Footscray Library,,,134,,1262304000000.0,51590200,-769791,11,,,VIC,1275927338000,,37495105,1275986052000,1655947964000,2147,cultural,1.5,702570.0,FOI_2147
2135,64609003,702578,702578,,cultural centre,library,,YARRAVILLE LIBRARY,Yarraville Library,,,134,,1262304000000.0,51382028,-769799,11,,,VIC,1275927338000,,37495113,1275986052000,1655947966000,2135,cultural,1.5,702578.0,FOI_2135
48398,76958507,628460,628460,702609.0,education centre,primary/secondary school,,METHODIST LADIES COLLEGE - MAIN CAMPUS,Methodist Ladies College - Main Campus,METHODIST LADIES COLLEGE,,114,259 C1,1788134400000.0,50125846,-1739288,11,,,VIC,1247773855000,,76958507,1788333229000,1788333229000,48398,school,1.5,702609.0,FOI_48398
51173,76959003,702614,702614,,education centre,primary/secondary school,,LEIBLER YAVNEH COLLEGE,Leibler Yavneh College,,,114,1609 C1,1788134400000.0,50265430,-1739370,11,,,VIC,1276189672000,,76959003,1788333230000,1788333230000,51173,school,1.5,702614.0,FOI_51173
33504,64580732,760113,760113,,admin facility,municipal office,,BANYULE CITY COUNCIL - IVANHOE SERVICE CENTRE,Banyule City Council - Ivanhoe Service Centre,,,134,,1268352000000.0,150043080,-1392044,11,,,VIC,1278587123000,,52249664,1481313420000,1655947964000,33504,administration,1.5,760113.0,FOI_33504
33568,72663573,760126,760126,,admin facility,municipal office,,DAREBIN CITY COUNCIL,Darebin City Council,,,134,,1268352000000.0,,-883932,11,,,VIC,1278587123000,,72663573,1737725895000,1737725895000,33568,administration,1.5,760126.0,FOI_33568
33486,64541359,760130,760130,,admin facility,municipal office,,GLEN EIRA CITY COUNCIL,Glen Eira City Council,,,134,,1268352000000.0,218973306,-883936,11,,,VIC,1278587123000,,52249544,1481313420000,1655947961000,33486,administration,1.5,760130.0,FOI_33486
33428,64588609,760151,760151,,admin facility,municipal office,,MELBOURNE CITY COUNCIL,Melbourne City Council,,,134,,1268352000000.0,203254541,-883957,11,,,VIC,1278587123000,,38058860,1278661364000,1655947964000,33428,administration,1.5,760151.0,FOI_33428
33436,64588608,760156,760156,,admin facility,municipal office,,MONASH CITY COUNCIL,Monash City Council,,,134,,1268352000000.0,206041885,-883962,11,,,VIC,1278587123000,,38079671,1278661562000,1655947964000,33436,administration,1.5,760156.0,FOI_33436
33503,64541360,760157,760157,,admin facility,municipal office,,MOONEE VALLEY CITY COUNCIL,Moonee Valley City Council,,,134,,1268352000000.0,53466598,-883963,11,,,VIC,1278587123000,,52249656,1481313420000,1655947961000,33503,administration,1.5,760157.0,FOI_33503
9208,76793520,760159,760159,,admin facility,municipal office,,MERRI-BEK CITY COUNCIL,Merri-Bek City Council,,,134,,1729814400000.0,,-2097433,11,,,VIC,1278587123000,,76793520,1783580532000,1783580532000,9208,administration,1.5,760159.0,FOI_9208
33497,64565026,760166,760166,,admin facility,municipal office,,PORT PHILLIP CITY COUNCIL,Port Phillip City Council,,,134,,1362096000000.0,173795763,-883972,11,,,VIC,1278587123000,,52249157,1481313420000,1655947963000,33497,administration,1.5,760166.0,FOI_33497
33501,64557155,760170,760170,,admin facility,municipal office,,STONNINGTON CITY COUNCIL,Stonnington City Council,,,134,,1268352000000.0,53474038,-883976,11,,,VIC,1278587123000,,52249724,1481313420000,1655947962000,33501,administration,1.5,760170.0,FOI_33501
33527,64605306,760183,760183,,admin facility,municipal office,,YARRA CITY COUNCIL,Yarra City Council,,,134,,1268352000000.0,219089666,-883989,11,,,VIC,1278587123000,,62364491,1636616081000,1655947965000,33527,administration,1.5,760183.0,FOI_33527
51393,76959154,839789,839789,763333.0,education centre,secondary school,,OAKWOOD SCHOOL - CAULFIELD PARK COMMUNITY CAMPUS,Oakwood School - Caulfield Park Community Campus,OAKWOOD SCHOOL,,101,8337 C1,1788134400000.0,50247349,119793,10,,,VIC,1296577680000,,76959154,1788333231000,1788333231000,51393,school,1.5,763333.0,FOI_51393
51262,76959081,765415,765415,763347.0,education centre,primary school,,SPENSLEY STREET PRIMARY SCHOOL,Spensley Street Primary School,SPENSLEY STREET PRIMARY SCHOOL,,101,3146 C1,1788134400000.0,53472914,119531,10,,,VIC,1287078345000,,76959081,1788333230000,1788333230000,51262,school,1.5,763347.0,FOI_51262
51425,76959186,969883,969883,763348.0,education centre,special school,,YARRA ME SCHOOL - PRESTON CAMPUS,Yarra Me School - Preston Campus,YARRA ME SCHOOL,,101,3552 C6,1788134400000.0,218964585,-1734309,11,,,VIC,1329754871000,,76959186,1788333231000,1788333231000,51425,school,1.5,763348.0,FOI_51425
48434,76958547,628549,628549,763359.0,education centre,primary school,,ROSANNA GOLF LINKS PRIMARY SCHOOL - ROSANNA GOLF LINKS PRIMARY CAMPUS,Rosanna Golf Links Primary School - Rosanna Golf Links Primary Campus,ROSANNA GOLF LINKS PRIMARY SCHOOL,,101,4753 C1,1788134400000.0,53992501,106334,10,,,VIC,1247773856000,,76958547,1788333229000,1788333229000,48434,school,1.5,763359.0,FOI_48434
51233,76959051,763516,763516,763363.0,education centre,special school,,MOUNT VIEW PRIMARY SCHOOL - MOUNT VIEW DEAF FACILITY,Mount View Primary School - Mount View Deaf Facility,MOUNT VIEW PRIMARY SCHOOL,,101,4923 C2,1788134400000.0,53931301,-1389358,11,,,VIC,1281113807000,,76959051,1788333230000,1788333230000,51233,school,1.5,763363.0,FOI_51233
48317,76958423,628123,628123,763366.0,education centre,special school,,CONCORD SCHOOL - CONCORD JUNIOR CAMPUS,Concord School - Concord Junior Campus,CONCORD SCHOOL,,101,5027 C2,1788134400000.0,54021996,-1389321,11,,,VIC,1247773852000,,76958423,1788333229000,1788333229000,48317,school,1.5,763366.0,FOI_48317
48428,76958540,628536,628536,763371.0,education centre,special school,,NORTHERN SCHOOL FOR AUTISM - RESERVOIR CAMPUS,Northern School For Autism - Reservoir Campus,NORTHERN SCHOOL FOR AUTISM,,101,5219 C1,1788134400000.0,51362885,-1389320,11,,,VIC,1247773856000,,76958540,1788333229000,1788333229000,48428,school,1.5,763371.0,FOI_48428
51208,76959026,763388,763388,,education centre,primary school,,GLENROY CENTRAL PRIMARY SCHOOL,Glenroy Central Primary School,,,101,5542 C1,1788134400000.0,427712813,103836,10,,,VIC,1281113806000,,76959026,1788333230000,1788333230000,51208,school,1.5,763388.0,FOI_51208
51209,76959027,763389,763389,,education centre,primary school,,WILLIAM RUTHVEN PRIMARY SCHOOL,William Ruthven Primary School,,,101,5544 C1,1788134400000.0,431213033,106783,10,,,VIC,1281113806000,,76959027,1788333230000,1788333230000,51209,school,1.5,763389.0,FOI_51209
48316,76958422,628121,628121,763390.0,education centre,secondary school,,COLLINGWOOD COLLEGE - COLLINGWOOD ALTERNATIVE SCHOOL,Collingwood College - Collingwood Alternative School,COLLINGWOOD COLLEGE,,101,6212 C2,1788134400000.0,51671359,105522,10,,,VIC,1247773852000,,76958422,1788333229000,1788333229000,48316,school,1.5,763390.0,FOI_48316
51235,76959053,763520,763520,763399.0,education centre,secondary school,,CROYDON COMMUNITY SCHOOL - CAPACITY BUILDING,Croydon Community School - Capacity Building,CROYDON COMMUNITY SCHOOL,,101,7757 C4,1788134400000.0,205399704,-1447341,11,,,VIC,1281113807000,,76959053,1788333230000,1788333230000,51235,school,1.5,763399.0,FOI_51235
48432,76958545,628544,628544,763403.0,education centre,secondary school,,BINDJIROO YALUK COMMUNITY SCHOOL - BINDJIROO YALUK COMMUNITY SCHOOL - RICHMOND HOUSE,Bindjiroo Yaluk Community School - Bindjiroo Yaluk Community School - Richmond House,BINDJIROO YALUK COMMUNITY SCHOOL,,101,8003 C2,1788134400000.0,216780633,-2101849,11,,,VIC,1247773856000,,76958545,1788333229000,1788333229000,48432,school,1.5,763403.0,FOI_48432
51346,76959109,765449,765449,763404.0,education centre,secondary school,,MELBOURNE HIGH SCHOOL,Melbourne High School,MELBOURNE HIGH SCHOOL,,101,8025 C1,1788134400000.0,53351522,16642,10,,,VIC,1287078345000,,76959109,1788333230000,1788333230000,51346,school,1.5,763404.0,FOI_51346
48368,76958477,628392,628392,763406.0,education centre,secondary school,,MOUNT WAVERLEY SECONDARY COLLEGE - JUNIOR CAMPUS,Mount Waverley Secondary College - Junior Campus,MOUNT WAVERLEY SECONDARY COLLEGE,,101,8105 C2,1788134400000.0,50594052,105553,10,,,VIC,1247773855000,,76958477,1788333229000,1788333229000,48368,school,1.5,763406.0,FOI_48368
51214,76959032,763408,763408,,education centre,secondary school,,NORTHCOTE HIGH SCHOOL,Northcote High School,,,101,8180 C1,1788134400000.0,172414228,20070,10,,,VIC,1281113806000,,76959032,1788333230000,1788333230000,51214,school,1.5,763408.0,FOI_51214
51348,76959111,765453,765453,763410.0,education centre,secondary school,,PRINCES HILL SECONDARY COLLEGE,Princes Hill Secondary College,PRINCES HILL SECONDARY COLLEGE,,101,8245 C1,1788134400000.0,53472271,105708,10,,,VIC,1287078345000,,76959111,1788333230000,1788333230000,51348,school,1.5,763410.0,FOI_51348
51218,76959036,763418,763418,,education centre,secondary school,,GLEN EIRA COLLEGE,Glen Eira College,,,101,8704 C1,1788134400000.0,51908885,105709,10,,,VIC,1281113806000,,76959036,1788333230000,1788333230000,51218,school,1.5,763418.0,FOI_51218
48438,76958551,628556,628556,763422.0,education centre,secondary school,,SANDRINGHAM COLLEGE - BLUFF ROAD 7-8 CAMPUS,Sandringham College - Bluff Road 7-8 Campus,SANDRINGHAM COLLEGE,,101,8739 C3,1788134400000.0,54604291,-2111501,11,,,VIC,1247773856000,,76958551,1788333229000,1788333229000,48438,school,1.5,763422.0,FOI_48438
51354,76959117,765462,765462,763423.0,education centre,further education,,BLACKBURN ENGLISH LANGUAGE SCHOOL,Blackburn English Language School,BLACKBURN ENGLISH LANGUAGE SCHOOL,,101,8747 C1,1788134400000.0,50194550,107195,10,,,VIC,1287078345000,,76959117,1788333230000,1788333230000,51354,higher_education,3.0,763423.0,FOI_51354
51364,76959124,839307,839307,763424.0,education centre,further education,,NOBLE PARK ENGLISH LANGUAGE SCHOOL - STONNINGTON GLEN EIRA CAMPUS,Noble Park English Language School - Stonnington Glen Eira Campus,NOBLE PARK ENGLISH LANGUAGE SCHOOL,,101,8749 C4,1788134400000.0,50297562,107198,10,,,VIC,1290787183000,,76959124,1788333231000,1788333231000,51364,higher_education,3.0,763424.0,FOI_51364
51219,76959037,763425,763425,,education centre,secondary school,,GREENSBOROUGH SECONDARY COLLEGE,Greensborough Secondary College,,,101,8750 C1,1788134400000.0,50539106,105712,10,,,VIC,1281113806000,,76959037,1788333230000,1788333230000,51219,school,1.5,763425.0,FOI_51219
48416,76958528,628507,628507,763430.0,education centre,secondary school,,ESSENDON KEILOR COLLEGE - NIDDRIE CAMPUS,Essendon Keilor College - Niddrie Campus,ESSENDON KEILOR COLLEGE,,101,8806 C3,1788134400000.0,219045813,123591,10,,,VIC,1247773856000,,76958528,1788333229000,1788333229000,48416,school,1.5,763430.0,FOI_48416
48338,76958444,628169,628169,763440.0,education centre,further education,,WESTERN ENGLISH LANGUAGE SCHOOL - FOOTSCRAY CAMPUS,Western English Language School - Footscray Campus,WESTERN ENGLISH LANGUAGE SCHOOL,,101,8838 C2,1788134400000.0,215077497,107184,10,,,VIC,1247773853000,,76958444,1788333229000,1788333229000,48338,higher_education,3.0,763440.0,FOI_48338
51223,76959041,763454,763454,,education centre,secondary school,,WILLIAM RUTHVEN SECONDARY COLLEGE,William Ruthven Secondary College,,,101,8895 C1,1788134400000.0,431213033,103832,10,,,VIC,1281113807000,,76959041,1788333230000,1788333230000,51223,school,1.5,763454.0,FOI_51223
48344,76958450,628180,628180,763455.0,education centre,primary/secondary school,,WESLEY COLLEGE - GLEN WAVERLEY CAMPUS,Wesley College - Glen Waverley Campus,WESLEY COLLEGE,,114,1 C2,1788134400000.0,211145546,-1739267,11,,,VIC,1247773853000,,76958450,1788333229000,1788333229000,48344,school,1.5,763455.0,FOI_48344
48311,76958416,628109,628109,763456.0,education centre,secondary school,,CAULFIELD GRAMMAR SCHOOL - MAIN CAMPUS,Caulfield Grammar School - Main Campus,CAULFIELD GRAMMAR SCHOOL,,114,96 C1,1788134400000.0,213658350,105515,10,,,VIC,1247773852000,,76958416,1788333229000,1788333229000,48311,school,1.5,763456.0,FOI_48311
48396,76958505,628457,628457,763458.0,education centre,primary/secondary school,,LAURISTON GIRLS SCHOOL - ARMADALE CAMPUS,Lauriston Girls School - Armadale Campus,LAURISTON GIRLS SCHOOL,,114,391 C1,1788134400000.0,428843113,107001,10,,,VIC,1247773855000,,76958505,1788333229000,1788333229000,48396,school,1.5,763458.0,FOI_48396
48343,76958449,628177,628177,763459.0,education centre,primary school,,GEELONG GRAMMAR SCHOOL - TOORAK CAMPUS,Geelong Grammar School - Toorak Campus,GEELONG GRAMMAR SCHOOL,,114,450 C4,1788134400000.0,50718383,-1949250,11,,,VIC,1247773853000,,76958449,1788333229000,1788333229000,48343,school,1.5,763459.0,FOI_48343
48388,76958497,628441,628441,763460.0,education centre,primary/secondary school,,MELBOURNE GIRLS GRAMMAR - MERTON HALL CAMPUS,Melbourne Girls Grammar - Merton Hall Campus,MELBOURNE GIRLS GRAMMAR,,114,509 C1,1788134400000.0,209018548,-1739282,11,,,VIC,1247773855000,,76958497,1788333229000,1788333229000,48388,school,1.5,763460.0,FOI_48388
48387,76958496,628437,628437,763462.0,education centre,secondary school,,FIRBANK GRAMMAR SCHOOL - MAIN CAMPUS,Firbank Grammar School - Main Campus,FIRBANK GRAMMAR SCHOOL,,114,879 C1,1788134400000.0,54597887,105564,10,,,VIC,1247773855000,,76958496,1788333229000,1788333229000,48387,school,1.5,763462.0,FOI_48387
48399,76958508,628462,628462,763464.0,education centre,primary/secondary school,,IVANHOE GRAMMAR SCHOOL - IVANHOE CAMPUS,Ivanhoe Grammar School - Ivanhoe Campus,IVANHOE GRAMMAR SCHOOL,,114,1004 C1,1788134400000.0,150043654,107004,10,,,VIC,1247773855000,,76958508,1788333229000,1788333229000,48399,school,1.5,763464.0,FOI_48399
48335,76958441,628164,628164,763466.0,education centre,primary school,,PENLEIGH AND ESSENDON GRAMMAR SCHOOL - ESSENDON CAMPUS,Penleigh And Essendon Grammar School - Essendon Campus,PENLEIGH AND ESSENDON GRAMMAR SCHOOL,,114,1144 C2,1788134400000.0,51913662,-1739263,11,,,VIC,1247773853000,,76958441,1788333229000,1788333229000,48335,school,1.5,763466.0,FOI_48335
48374,76958483,628400,628400,763468.0,education centre,primary/secondary school,,CAREY BAPTIST GRAMMAR SCHOOL - KEW CAMPUS,Carey Baptist Grammar School - Kew Campus,CAREY BAPTIST GRAMMAR SCHOOL,,114,1189 C1,1788134400000.0,206413972,-1739278,11,,,VIC,1247773855000,,76958483,1788333229000,1788333229000,48374,school,1.5,763468.0,FOI_48374
51253,76959072,765339,765339,763469.0,education centre,primary/secondary school,,HAILEYBURY COLLEGE - BRIGHTON BOYS,Haileybury College - Brighton Boys,HAILEYBURY COLLEGE,,114,1191 C2,1788134400000.0,216024194,-2089483,11,,,VIC,1285776673000,,76959072,1788333230000,1788333230000,51253,school,1.5,763469.0,FOI_51253
48352,76958458,628196,628196,763470.0,education centre,secondary school,,STRATHCONA BAPTIST GIRLS GRAMMAR - HAWTHORN CAMPUS,Strathcona Baptist Girls Grammar - Hawthorn Campus,STRATHCONA BAPTIST GIRLS GRAMMAR,,114,1209 C2,1788134400000.0,51247959,-1739270,11,,,VIC,1247773853000,,76958458,1788333229000,1788333229000,48352,school,1.5,763470.0,FOI_48352
48371,76958480,628396,628396,763473.0,education centre,primary school,,CAMBERWELL GIRLS GRAMMAR SCHOOL - JUNIOR CAMPUS,Camberwell Girls Grammar School - Junior Campus,CAMBERWELL GIRLS GRAMMAR SCHOOL,,114,1322 C2,1788134400000.0,152497012,106325,10,,,VIC,1247773855000,,76958480,1788333229000,1788333229000,48371,school,1.5,763473.0,FOI_48371
48302,76958405,628079,628079,763474.0,education centre,secondary school,,"PRESHIL, THE MARGARET LYTTLE MEMORIAL SCHOOL - BLACKHALL-KALIMNA PRESHIL SENIOR SCHOOL","Preshil, The Margaret Lyttle Memorial School - Blackhall-Kalimna Preshil Senior School","PRESHIL, THE MARGARET LYTTLE MEMORIAL SCHOOL",,114,1377 C2,1788134400000.0,50124402,105508,10,,,VIC,1247773852000,,76958405,1788333229000,1788333229000,48302,school,1.5,763474.0,FOI_48302
48341,76958447,628173,628173,763475.0,education centre,primary school,,MOUNT SCOPUS MEMORIAL COLLEGE - GANDEL BESEN HOUSE CAMPUS,Mount Scopus Memorial College - Gandel Besen House Campus,MOUNT SCOPUS MEMORIAL COLLEGE,,114,1490 C3,1788134400000.0,50241596,-1739265,11,,,VIC,1247773853000,,76958447,1788333229000,1788333229000,48341,school,1.5,763475.0,FOI_48341
48423,76958535,628520,628520,763477.0,education centre,primary/secondary school,,ADASS ISRAEL SCHOOL - ORRONG ROAD CAMPUS,Adass Israel School - Orrong Road Campus,ADASS ISRAEL SCHOOL,,114,1515 C2,1788134400000.0,51908488,107015,10,,,VIC,1247773856000,,76958535,1788333229000,1788333229000,48423,school,1.5,763477.0,FOI_48423
20857,76981663,987504,987504,763479.0,education centre,secondary school,,ELTHAM COLLEGE - ELTHAM COLLEGE - CITY CAMPUS,Eltham College - Eltham College - City Campus,ELTHAM COLLEGE,,114,1714 C3,1788134400000.0,203520434,-1389489,11,,,VIC,1361876342000,,76981663,1788937827000,1788937827000,20857,school,1.5,763479.0,FOI_20857
48381,76958490,628421,628421,763480.0,education centre,primary/secondary school,,THE KING DAVID SCHOOL,The King David School,THE KING DAVID SCHOOL,,114,1773 C1,1788134400000.0,50385935,-1695351,11,,,VIC,1247773855000,,76958490,1788333229000,1788333229000,48381,school,1.5,763480.0,FOI_48381
48375,76958484,628403,628403,763487.0,education centre,primary school,,AUSTRALIAN INTERNATIONAL ACADEMY OF EDUCATION - KING KHALID COBURG CAMPUS,Australian International Academy Of Education - King Khalid Coburg Campus,AUSTRALIAN INTERNATIONAL ACADEMY OF EDUCATION,,114,1874 C1,1788134400000.0,51625546,-1739279,11,,,VIC,1247773855000,,76958484,1788333229000,1788333229000,48375,school,1.5,763487.0,FOI_48375
51225,76959043,763489,763489,,education centre,primary/secondary school,,SOPHIA MUNDI STEINER SCHOOL,Sophia Mundi Steiner School,,,114,1905 C2,1788134400000.0,423359805,-1050829,11,,,VIC,1281113807000,,76959043,1788333230000,1788333230000,51225,school,1.5,763489.0,FOI_51225
51948,76959714,1336268,1336268,763502.0,education centre,primary/secondary school,,YESODEI HATORAH COLLEGE - YESODEI HATORAH COLLEGE ELWOOD,Yesodei Hatorah College - Yesodei Hatorah College Elwood,YESODEI HATORAH COLLEGE,,114,2019 C1,1788134400000.0,173785631,-2101853,11,,,VIC,1744288152000,,76959714,1788333232000,1788333232000,51948,school,1.5,763502.0,FOI_51948
48685,76958786,649065,649065,764160.0,education centre,primary school,,ANTONINE COLLEGE - ANTONINE COLLEGE - CEDAR CAMPUS,Antonine College - Antonine College - Cedar Campus,ANTONINE COLLEGE,,113,2010 C2,1788134400000.0,51579558,-1389428,11,,,VIC,1261409658000,,76958786,1788333230000,1788333230000,48685,school,1.5,764160.0,FOI_48685
16001,76339343,765074,765074,,admin facility,office,,MACLEOD FORENSIC CENTRE,Macleod Forensic Centre,,,107,FSL,1777852800000.0,51598552,-1349772,11,,,VIC,1284636416000,,76339343,1778742841000,1778742841000,16001,administration,1.5,765074.0,FOI_16001
8625,76338585,765076,765076,,admin facility,office,,MELBOURNE CUSTODY CENTRE,Melbourne Custody Centre,,,107,NCC,1777852800000.0,203460218,-2095674,11,,,VIC,1284636416000,,76338585,1778742809000,1778742809000,8625,administration,1.5,765076.0,FOI_8625
8628,76338587,765078,765078,,admin facility,office,,MELBOURNE PROSECUTIONS,Melbourne Prosecutions,,,107,,1777852800000.0,203471278,-1349773,11,,,VIC,1284636416000,,76338587,1778742809000,1778742809000,8628,administration,1.5,765078.0,FOI_8628
20476,68561043,1138402,1138402,765347.0,community venue,community centre,,PORT MELBOURNE COMMUNITY CENTRE,Port Melbourne Community Centre,EDWARDS PARK,,358,,1466035200000.0,53553368,-2088538,11,,,VIC,1466690130000,,68561043,1693984011000,1693984011000,20476,community,1.0,765347.0,FOI_20476
151,66322678,765362,765362,,education centre,tertiary institution,,WILLIAM ANGLISS INSTITUTE OF TAFE - MELBOURNE CAMPUS,William Angliss Institute Of Tafe - Melbourne Campus,,,,,,207604090,-1367825,11,,,VIC,1285859173000,,66322678,1678259260000,1678259260000,151,higher_education,3.0,765362.0,FOI_151
31231,76562047,969741,969741,765485.0,admin facility,office,,YARRA BEND,Yarra Bend,FAIRLEA RESERVE,,121,44248,1781568000000.0,53634367,-1684300,11,,,VIC,1329297790000,,76562047,1782199290000,1782199290000,31231,administration,1.5,765485.0,FOI_31231
20427,62046340,765541,765541,,community venue,community centre,,WATSONIA COMMUNITY CENTRE,Watsonia Community Centre,,,,,,8523,-906404,11,,,VIC,1288189863000,,62046340,1634811670000,1634811670000,20427,community,1.0,765541.0,FOI_20427
22801,65041164,839313,839313,,health facility,maternal/child health centre,,ANGLISS CHILDRENS CENTRE,Angliss Childrens Centre,,,,,,213199539,-1049641,11,,,VIC,1291131990000,,65041164,1662534904000,1662534904000,22801,health,1.5,839313.0,FOI_22801
20162,39164223,839315,839315,,community venue,community centre,,ANGLISS NEIGHBOURHOOD HOUSE,Angliss Neighbourhood House,,,,,,213199539,-1049643,11,,,VIC,1291131990000,,39164223,1291408590000,1291408590000,20162,community,1.0,839315.0,FOI_20162
22412,43301825,839316,839316,,community venue,senior citizens,,ANGLISS SENIOR CITIZENS,Angliss Senior Citizens,,,,,,219033692,-1049644,11,,,VIC,1291131990000,,43301825,1332445301000,1332445301000,22412,community,1.0,839316.0,FOI_22412
20163,39164228,839320,839320,,community venue,community centre,,BRAYBROOK MAIDSTONE NEIGHBOURHOOD HOUSE,Braybrook Maidstone Neighbourhood House,,,,,,50144671,-1049648,11,,,VIC,1291131990000,,39164228,1291408591000,1291408591000,20163,community,1.0,839320.0,FOI_20163
22701,44219871,839325,839325,,health facility,maternal/child health centre,,BURNS ST MATERNAL & CHILD HEALTH CENTRE,Burns St Maternal & Child Health Centre,,,,,,50420262,-1049653,11,,,VIC,1291131990000,,44219871,1355901602000,1355901602000,22701,health,1.5,839325.0,FOI_22701
22680,43088333,839328,839328,,health facility,maternal/child health centre,,CHURCH STREET CHILDRENS CENTRE,Church Street Childrens Centre,,,,,,51590587,-1049656,11,,,VIC,1291131990000,,43088333,1330115997000,1330115997000,22680,health,1.5,839328.0,FOI_22680
22768,55843625,839330,839330,,health facility,maternal/child health centre,,CLARE COURT CHILD CARE CENTRE,Clare Court Child Care Centre,,,,,,425599058,-1049658,11,,,VIC,1291131990000,,55843625,1551298752000,1551298752000,22768,health,1.5,839330.0,FOI_22768
22681,43088335,839337,839337,,health facility,maternal/child health centre,,EMPIRE EARLY LEARNING CENTRE,Empire Early Learning Centre,,,,,,51353277,-1049665,11,,,VIC,1291131990000,,43088335,1330115997000,1330115997000,22681,health,1.5,839337.0,FOI_22681
20205,44219872,839347,839347,,community venue,community centre,,MAIDSTONE COMMUNITY CENTRE,Maidstone Community Centre,,,,,,50422976,-1049675,11,,,VIC,1291131990000,,44219872,1355901602000,1355901602000,20205,community,1.0,839347.0,FOI_20205
20375,56338611,839349,839349,,community venue,community centre,,MARIBYRNONG COMMUNITY CENTRE,Maribyrnong Community Centre,,,,,,50136817,117396,10,,,VIC,1291131990000,,56338611,1558591264000,1558591264000,20375,community,1.0,839349.0,FOI_20375
22786,61975929,839352,839352,,health facility,maternal/child health centre,,MARIBYRNONG RIVER CHILDRENS CENTRE,Maribyrnong River Childrens Centre,,,,,,52139542,-1049680,11,,,VIC,1291131990000,,61975929,1633693251000,1633693251000,22786,health,1.5,839352.0,FOI_22786
22682,43088337,839355,839355,,health facility,maternal/child health centre,,NORFOLK STREET CHILD CARE CENTRE,Norfolk Street Child Care Centre,,,,,,53761103,-1049683,11,,,VIC,1291131990000,,43088337,1330115997000,1330115997000,22682,health,1.5,839355.0,FOI_22682
20165,39164265,839357,839357,,community venue,community centre,,PHOENIX YOUTH CENTRE,Phoenix Youth Centre,,,,,,205966559,-1049685,11,,,VIC,1291131990000,,39164265,1291408591000,1291408591000,20165,community,1.0,839357.0,FOI_20165
20206,44219874,839395,839395,,community venue,community centre,,WEST FOOTSCRAY NEIGHBOURHOOD HOUSE,West Footscray Neighbourhood House,,,,,,51590200,-1049723,11,,,VIC,1291131990000,,44219874,1355901602000,1355901602000,20206,community,1.0,839395.0,FOI_20206
20207,44219875,839397,839397,,community venue,community centre,,YARRAVILLE COMMUNITY CENTRE,Yarraville Community Centre,,,,,,50995339,-1049725,11,,,VIC,1291131990000,,44219875,1355901602000,1355901602000,20207,community,1.0,839397.0,FOI_20207
25141,64540644,839577,839577,,admin facility,tourist information centre,,MELBOURNE GREETER SERVICE,Melbourne Greeter Service,,,135,,1264377600000.0,204315993,-1050375,11,,,VIC,1292432897000,,52249701,1481313420000,1655947961000,25141,administration,1.5,839577.0,FOI_25141
25082,64587844,839578,839578,,admin facility,tourist information centre,,MELBOURNE VISITOR BOOTH,Melbourne Visitor Booth,,,135,,1264377600000.0,,-1050376,11,,,VIC,1292432897000,,39236223,1292488490000,1655947964000,25082,administration,1.5,839578.0,FOI_25082
51007,76003264,839579,839579,,admin facility,tourist information centre,,MELBOURNE VISITOR INFORMATION CENTRE,Melbourne Visitor Information Centre,,,135,,1767657600000.0,203539096,-1400627,11,,,VIC,1292432897000,,76003264,1771485749000,1771485749000,51007,administration,1.5,839579.0,FOI_51007
51591,76959358,1022149,1022149,839770.0,education centre,secondary school,,ALBERT PARK COLLEGE - ENVIRONMENTAL ARTS HUB,Albert Park College - Environmental Arts Hub,ALBERT PARK COLLEGE,,101,8889 C2,1788134400000.0,53152476,-1442684,11,,,VIC,1455027041000,,76959358,1788333231000,1788333231000,51591,school,1.5,839770.0,FOI_51591
3251,40047154,842058,842058,,commercial facility,entertainment centre,,COMEDY THEATRE,Comedy Theatre,,,,,,203474290,-1056246,11,,,VIC,1301382651000,,40047154,1301688414000,1301688414000,3251,commercial,2.0,842058.0,FOI_3251
51397,76959158,843315,843315,843316.0,education centre,primary school,,MELBOURNE GRAMMAR SCHOOL - GRIMWADE CAMPUS,Melbourne Grammar School - Grimwade Campus,MELBOURNE GRAMMAR SCHOOL,,114,2072 C3,1788134400000.0,50241910,106802,10,,,VIC,1302785700000,,76959158,1788333231000,1788333231000,51397,school,1.5,843316.0,FOI_51397
48708,76958809,649450,649450,893567.0,education centre,secondary school,,XAVIER COLLEGE - XAVIER COLLEGE SENIOR CAMPUS,Xavier College - Xavier College Senior Campus,XAVIER COLLEGE,,113,404 C1,1788134400000.0,219104547,-1389368,11,,,VIC,1261409660000,,76958809,1788333230000,1788333230000,48708,school,1.5,893567.0,FOI_48708
51409,76959169,893571,893571,,education centre,primary school,,TRINITY CATHOLIC SCHOOL,Trinity Catholic School,,,113,2036 C1,1788134400000.0,219088800,106834,10,,,VIC,1309260079000,,76959169,1788333231000,1788333231000,51409,school,1.5,893571.0,FOI_51409
51659,76959426,1149296,1149296,898257.0,education centre,special school,,MACKILLOP SPECIALIST SCHOOL - FLEXIBLE LEARNING CENTRE MAIDSTONE,Mackillop Specialist School - Flexible Learning Centre Maidstone,MACKILLOP SPECIALIST SCHOOL,,113,2075 C2,1788134400000.0,53761426,-1699074,11,,,VIC,1488286556000,,76959426,1788333231000,1788333231000,51659,school,1.5,898257.0,FOI_51659
41831,46756792,898267,898267,,hospital,day procedure centre,,MANDOMETER,Mandometer,,,,,,54597840,-1169500,11,,,VIC,1310485633000,,46756792,1413963247000,1413963247000,41831,hospital,3.0,898267.0,FOI_41831
41232,76573753,902510,902510,,care facility,supported residential facility,,CHIPPENDALE LODGE,Chippendale Lodge,,,104,,1759968000000.0,50165273,-2122289,11,,,VIC,1310643624000,,76573753,1782284957000,1782284957000,41232,care,1.0,902510.0,FOI_41232
51703,76959470,1207957,1207957,969907.0,education centre,special school,,SAINTS COLLEGE - NORTH MELBOURNE CAMPUS,Saints College - North Melbourne Campus,SAINTS COLLEGE,,113,2079 C1,1788134400000.0,50471924,-2101898,11,,,VIC,1535030598000,,76959470,1788333231000,1788333231000,51703,school,1.5,969907.0,FOI_51703
51439,76959205,969912,969912,969914.0,education centre,primary/secondary school,,MELBOURNE MONTESSORI COLLEGE - BRIGHTON EAST CAMPUS,Melbourne Montessori College - Brighton East Campus,MELBOURNE MONTESSORI COLLEGE,,114,2077 C2,1788134400000.0,54598413,-2095216,11,,,VIC,1329754871000,,76959205,1788333231000,1788333231000,51439,school,1.5,969914.0,FOI_51439
51441,76959207,969915,969915,,education centre,primary/secondary school,,GLENROY PRIVATE,Glenroy Private,,,114,2080 C1,1788134400000.0,51220181,-1408846,11,,,VIC,1329754871000,,76959207,1788333231000,1788333231000,51441,school,1.5,969915.0,FOI_51441
18589,76506351,991726,991726,969926.0,care facility,aged care,,ABBERFIELD AGED CARE FACILITY,Abberfield Aged Care Facility,ABBERFIELD AGED CARE FACILITY,,102,UID-64333,1781136000000.0,422527391,-1365875,11,,,VIC,1372691537000,,76506351,1781594411000,1781594411000,18589,care,1.0,969926.0,FOI_18589
18512,76506274,991628,991628,969935.0,care facility,aged care,,UNITING AGEWELL KINGSVILLE,Uniting Agewell Kingsville,AMARCO APARTMENTS,,102,UID-63838,1781136000000.0,219033887,-1394953,11,,,VIC,1372691536000,,76506274,1781594410000,1781594410000,18512,care,1.0,969935.0,FOI_18512
18563,76506325,991754,991754,969943.0,care facility,aged care,,CHURCHES OF CHRIST ARCADIA AGED CARE SERVICE,Churches Of Christ Arcadia Aged Care Service,ARCADIA APARTMENTS,,102,UID-67655,1781136000000.0,219045771,-1978332,11,,,VIC,1372691537000,,76506325,1781594411000,1781594411000,18563,care,1.0,969943.0,FOI_18563
44918,76524025,991585,991585,969945.0,care facility,aged care,,CRAIGCARE MOONEE PONDS,Craigcare Moonee Ponds,ARDMILLIAN APARTMENTS,,102,UID-67216,1781136000000.0,425815641,-1739883,11,,,VIC,1372691536000,,76524025,1781594573000,1781594573000,44918,care,1.0,969945.0,FOI_44918
18553,76506315,1340067,1340067,969951.0,care facility,aged care,,BOLTON CLARKE THE ASHLEY,Bolton Clarke The Ashley,ASHLEY TERRACE,,102,UID-63829,1781136000000.0,212596220,-2111297,11,,,VIC,1756210231000,,76506315,1781594411000,1781594411000,18553,care,1.0,969951.0,FOI_18553
18540,76506302,991391,991391,970010.0,care facility,aged care,,BENETAS BROUGHTON HALL,Benetas Broughton Hall,BROUGHTON HALL NURSING HOME,,102,UID-63516,1781136000000.0,151065225,-1390449,11,,,VIC,1372691536000,,76506302,1781594410000,1781594410000,18540,care,1.0,970010.0,FOI_18540
18547,76506309,1340095,1340095,970019.0,care facility,aged care,,BOLTON CLARKE CAMBERWELL GREEN,Bolton Clarke Camberwell Green,CAMBERWELL GREEN SERVICED APARTMENTS,,102,UID-81033,1781136000000.0,54579618,-2111345,11,,,VIC,1756210231000,,76506309,1781594411000,1781594411000,18547,care,1.0,970019.0,FOI_18547
41320,76573844,989657,989657,970051.0,care facility,supported residential facility,,COORONDO HOME,Coorondo Home,CHADSTONE GARDENS RETIREMENT VILLAGE,,104,,1759968000000.0,50633411,-2122313,11,,,VIC,1369327510000,,76573844,1782284957000,1782284957000,41320,care,1.0,970051.0,FOI_41320
24723,76508534,991676,991676,970054.0,care facility,aged care,,FAVERSHAM HOUSE,Faversham House,HESTER CANTERBURY,,102,UID-63583,1781136000000.0,424120311,-1365528,11,,,VIC,1372691537000,,76508534,1781594431000,1781594431000,24723,care,1.0,970054.0,FOI_24723
18548,76506310,1340021,1340021,970061.0,care facility,aged care,,BOLTON CLARKE CLAREMONT TERRACE,Bolton Clarke Claremont Terrace,CLAREMONT TERRACE,,102,UID-64066,1781136000000.0,50345167,-2111265,11,,,VIC,1756210231000,,76506310,1781594411000,1781594411000,18548,care,1.0,970061.0,FOI_18548
24435,76508218,991672,991672,970071.0,care facility,aged care,,UNITING AGEWELL CONDARE COURT,Uniting Agewell Condare Court,CONDARE COURT,,102,UID-63568,1781136000000.0,173775981,-1394929,11,,,VIC,1372691537000,,76508218,1781594428000,1781594428000,24435,care,1.0,970071.0,FOI_24435
18562,76506324,991645,991645,970099.0,care facility,aged care,,EMBRACIA IN RESERVOIR,Embracia In Reservoir,EDEN TERRACE,,102,UID-64038,1781136000000.0,54756673,-1365754,11,,,VIC,1372691536000,,76506324,1781594411000,1781594411000,18562,care,1.0,970099.0,FOI_18562
18483,76506245,991699,991699,970102.0,care facility,aged care,,MAYFLOWER EDITH BENDALL,Mayflower Edith Bendall,EDITH BENDALL LODGE,,102,UID-63808,1781136000000.0,202045289,-2056269,11,,,VIC,1372691537000,,76506245,1781594409000,1781594409000,18483,care,1.0,970102.0,FOI_18483
18561,76506323,137496,137496,970104.0,care facility,aged care,,ELIZABETH GARDENS BURWOOD,Elizabeth Gardens Burwood,ELIZABETH GARDENS HOSTEL,,102,UID-64676,1781136000000.0,150009855,-1834190,11,,,VIC,1242871614000,,76506323,1781594411000,1781594411000,18561,care,1.0,970104.0,FOI_18561
18594,76506356,991407,991407,970136.0,care facility,aged care,,BENETAS GLADSWOOD LODGE,Benetas Gladswood Lodge,GLADSWOOD LODGE,,102,UID-63520,1781136000000.0,51595576,-1390450,11,,,VIC,1372691536000,,76506356,1781594411000,1781594411000,18594,care,1.0,970136.0,FOI_18594
18546,76506308,1340049,1340049,970185.0,care facility,aged care,,KEW GROVE CARE COMMUNITY,Kew Grove Care Community,HIGHGROVE SPECIAL ACCOMODATION,,102,UID-69770,1781136000000.0,431603127,-2111299,11,,,VIC,1756210231000,,76506308,1781594411000,1781594411000,18546,care,1.0,970185.0,FOI_18546
18537,76506299,991739,991739,970204.0,care facility,aged care,,BAPTCARE - KARANA COMMUNITY,Baptcare - Karana Community,KARANA NURSING HOME AND HOSTEL,,102,UID-67081,1781136000000.0,51026454,-1365607,11,,,VIC,1372691537000,,76506299,1781594410000,1781594410000,18537,care,1.0,970204.0,FOI_18537
20419,58947305,1250525,1250525,970224.0,community venue,community centre,,,,LATROBE VILLAGE,,,,,207725402,-1915119,11,,,VIC,1589817114000,,58947305,1605116185000,1605116185000,20419,community,1.0,970224.0,FOI_20419
18482,76506244,991707,991707,970261.0,care facility,aged care,,MAYFLOWER BRIGHTON,Mayflower Brighton,MAYFLOWER RETIREMENT COMMUNITY,,102,UID-63562,1781136000000.0,457633654,-1365990,11,,,VIC,1372691537000,,76506244,1781594409000,1781594409000,18482,care,1.0,970261.0,FOI_18482
18485,76506247,991592,991592,970262.0,care facility,aged care,,MAYFLOWER RESERVOIR,Mayflower Reservoir,MAYFLOWER VILLAGE,,102,UID-63585,1781136000000.0,216993287,-1365828,11,,,VIC,1372691536000,,76506247,1781594409000,1781594409000,18485,care,1.0,970262.0,FOI_18485
16290,76316463,1333662,1333662,970268.0,hospital,general hospital,,ROYAL MELBOURNE HOSPITAL (ROYAL PARK),Royal Melbourne Hospital (Royal Park),MELBOURNE HEALTH TRANSITION CARE PROGRAM,,104,1335,1777420800000.0,220623247,-2120833,11,,,VIC,1710245341000,,76316463,1778224435000,1778224435000,16290,hospital,3.0,970268.0,FOI_16290
18608,76506370,991573,991573,970273.0,care facility,aged care,,MERCY PLACE PARKVILLE,Mercy Place Parkville,MERCY PLACE PARKVILLE,,102,UID-68221,1781136000000.0,215013345,-1365976,11,,,VIC,1372691536000,,76506370,1781594411000,1781594411000,18608,care,1.0,970273.0,FOI_18608
18515,76506277,1340026,1340026,970301.0,care facility,aged care,,VERMONT VIEWS CARE COMMUNITY,Vermont Views Care Community,NUNAWADING COMMUNITY HOSTEL,,102,UID-63657,1781136000000.0,211205042,-2111294,11,,,VIC,1756210231000,,76506277,1781594410000,1781594410000,18515,care,1.0,970301.0,FOI_18515
18567,76506329,991597,991597,970302.0,care facility,aged care,,VASEY RSL CARE BRIGHTON EAST,Vasey Rsl Care Brighton East,OAK GRANGE,,102,UID-63928,1781136000000.0,216335946,-1754224,11,,,VIC,1372691536000,,76506329,1781594411000,1781594411000,18567,care,1.0,970302.0,FOI_18567
10777,71167088,1019545,1019545,970307.0,community venue,hall,,LOYAL ORANGE HALL,Loyal Orange Hall,ORANGE COURT HOSTEL,,,,,,-1437449,11,,,VIC,1447685028000,,71167088,1723533012000,1723533012000,10777,community,1.0,970307.0,FOI_10777
18503,76506265,991623,991623,970345.0,care facility,aged care,,REGIS ALAWARRA LODGE,Regis Alawarra Lodge,REGIS INALA VILLAGE,,102,UID-63633,1781136000000.0,219072423,-1365599,11,,,VIC,1372691536000,,76506265,1781594410000,1781594410000,18503,care,1.0,970345.0,FOI_18503
41256,76573780,989504,989504,970361.0,care facility,supported residential facility,,ROSEWOOD GARDENS,Rosewood Gardens,ROSEWOOD GARDENS,,104,,1759968000000.0,151026466,-2122369,11,,,VIC,1369327510000,,76573780,1782284957000,1782284957000,41256,care,1.0,970361.0,FOI_41256
18505,76506267,991315,991315,970381.0,care facility,aged care,,REGIS SANDRINGHAM,Regis Sandringham,SANDRINGHAM GARDENS,,102,UID-64058,1781136000000.0,218952743,-1678905,11,,,VIC,1372691536000,,76506267,1781594410000,1781594410000,18505,care,1.0,970381.0,FOI_18505
18522,76506284,1340076,1340076,970388.0,care facility,aged care,,BRIGHTON SHORE CARE COMMUNITY,Brighton Shore Care Community,SHERIDAN HALL BRIGHTON,,102,UID-64504,1781136000000.0,421835169,-2111295,11,,,VIC,1756210231000,,76506284,1781594410000,1781594410000,18522,care,1.0,970388.0,FOI_18522
18596,76506358,1340103,1340103,970389.0,care facility,aged care,,CAULFIELD HORIZONS CARE COMMUNITY,Caulfield Horizons Care Community,SHERIDAN HALL CAUFIELD,,102,UID-84912,1781136000000.0,207415777,-2111344,11,,,VIC,1756210231000,,76506358,1781594411000,1781594411000,18596,care,1.0,970389.0,FOI_18596
18533,76506295,991357,991357,970396.0,care facility,aged care,,ST BASILS HOMES FOR THE AGED IN VICTORIA,St Basils Homes For The Aged In Victoria,ST BASILS HOMES,,102,UID-63637,1781136000000.0,207303908,-1365563,11,,,VIC,1372691536000,,76506295,1781594410000,1781594410000,18533,care,1.0,970396.0,FOI_18533
18516,76506278,991503,991503,970399.0,care facility,aged care,,VILLA MARIA CATHOLIC HOMES JUSTIN VILLA AGED CARE RESIDENCE,Villa Maria Catholic Homes Justin Villa Aged Care Residence,ST CATHERINES VILLAGE,,102,UID-63713,1781136000000.0,151026337,-1678956,11,,,VIC,1372691536000,,76506278,1781594410000,1781594410000,18516,care,1.0,970399.0,FOI_18516
18508,76506270,143673,143673,970417.0,care facility,aged care,,ST PAULS HOSTEL FOR THE ELDERLY,St Pauls Hostel For The Elderly,ST PAULS HOSTEL,,102,UID-63816,1781136000000.0,203277982,-131998,11,,,VIC,1242871659000,,76506270,1781594410000,1781594410000,18508,care,1.0,970417.0,FOI_18508
18513,76506275,991449,991449,970423.0,care facility,aged care,,UNITING AGEWELL STRATHDON COMMUNITY,Uniting Agewell Strathdon Community,STRATHDON COMMUNITY,,102,UID-67112,1781136000000.0,54653909,-1394946,11,,,VIC,1372691536000,,76506275,1781594410000,1781594410000,18513,care,1.0,970423.0,FOI_18513
18534,76506296,991355,991355,970425.0,care facility,aged care,,ARCARE RESERVOIR,Arcare Reservoir,SUMMERHILL RETIREMENT VILLAGE,,102,UID-63736,1781136000000.0,216500706,-1678959,11,,,VIC,1372691536000,,76506296,1781594410000,1781594410000,18534,care,1.0,970425.0,FOI_18534
18543,76506305,991322,991322,970502.0,care facility,aged care,,VICTORIA GRANGE RESIDENTIAL AGED CARE FACILITY,Victoria Grange Residential Aged Care Facility,VICTORIA GRANGE,,102,UID-67275,1781136000000.0,216687294,-1365525,11,,,VIC,1372691536000,,76506305,1781594411000,1781594411000,18543,care,1.0,970502.0,FOI_18543
18544,76506306,991525,991525,970506.0,care facility,aged care,,VILLA MARIA CATHOLIC HOMES BUNDOORA AGED CARE RESIDENCE,Villa Maria Catholic Homes Bundoora Aged Care Residence,VILLA MARIA INDEPENDENT LIVING UNITS,,102,UID-63989,1781136000000.0,218917624,-1678943,11,,,VIC,1372691536000,,76506306,1781594411000,1781594411000,18544,care,1.0,970506.0,FOI_18544
18587,76506349,137965,137965,970526.0,care facility,aged care,,WINTRINGHAM GILGUNYA VILLAGE,Wintringham Gilgunya Village,WESLEY GILGUNYA AGED CARE VILLAGE,,102,UID-64053,1781136000000.0,51577669,-1716491,11,,,VIC,1242871618000,,76506349,1781594411000,1781594411000,18587,care,1.0,970526.0,FOI_18587
18538,76506300,991679,991679,970529.0,care facility,aged care,,BAPTCARE - WESTHAVEN COMMUNITY,Baptcare - Westhaven Community,WESTHAVEN COMMUNITY BAPTCARE,,102,UID-64074,1781136000000.0,219032474,-1365915,11,,,VIC,1372691537000,,76506300,1781594410000,1781594410000,18538,care,1.0,970529.0,FOI_18538
18598,76506360,991319,991319,970537.0,care facility,aged care,,CALVARY ELANORA,Calvary Elanora,WOODBURN LODGE,,102,UID-67040,1781136000000.0,219678087,-2056244,11,,,VIC,1372691536000,,76506360,1781594411000,1781594411000,18598,care,1.0,970537.0,FOI_18598
28505,52249113,970598,970598,,cultural centre,art gallery,,MEAT MARKET CRAFT CENTRE,Meat Market Craft Centre,,,,,,203157484,-1316393,11,,,VIC,1330510248000,,52249113,1481313420000,1481313420000,28505,cultural,1.5,970598.0,FOI_28505
51449,76959215,980819,980819,,education centre,primary/secondary school,,DIVREI EMINEH,Divrei Emineh,,,114,2083 C1,1788134400000.0,50339398,-1734320,11,,,VIC,1332333910000,,76959215,1788333231000,1788333231000,51449,school,1.5,980819.0,FOI_51449
9469,43420503,981004,981004,,community venue,hall,,EMULATION HALL,Emulation Hall,,,,,,51867084,-1337724,11,,,VIC,1332943723000,,43420503,1333008831000,1333008831000,9469,community,1.0,981004.0,FOI_9469
48841,76958945,652009,652009,981631.0,education centre,primary school,,CHARLES LA TROBE P-12 COLLEGE - OLYMPIC VILLAGE PRIMARY CAMPUS,Charles La Trobe P-12 College - Olympic Village Primary Campus,CHARLES LA TROBE P-12 COLLEGE,,101,8890 C2,1788134400000.0,421786390,-1739342,11,,,VIC,1265885309000,,76958945,1788333230000,1788333230000,48841,school,1.5,981631.0,FOI_48841
51068,76003339,983469,983469,,community venue,community centre,,BOYD COMMUNITY HUB,Boyd Community Hub,,,,,,219843092,-1399080,11,,,VIC,1341834045000,,76003339,1771485749000,1771485749000,51068,community,1.0,983469.0,FOI_51068
15256,76872858,983470,983470,,cultural centre,library,,SOUTHBANK LIBRARY,Southbank Library,,,,,,455820313,-1345515,11,,,VIC,1341834045000,,76872858,1787319399000,1787319399000,15256,cultural,1.5,983470.0,FOI_15256
21312,76863526,985010,985010,,admin facility,municipal office,,BOROONDARA CITY COUNCIL,Boroondara City Council,,,,,,173775777,-1349005,11,,,VIC,1347277733000,,76863526,1786691298000,1786691298000,21312,administration,1.5,985010.0,FOI_21312
26851,52249710,985019,985019,,admin facility,office,,TAX OFFICES,Tax Offices,,,,,,150041679,-1349014,11,,,VIC,1347277733000,,52249710,1481313420000,1481313420000,26851,administration,1.5,985019.0,FOI_26851
26830,44972183,985038,985038,,admin facility,office,,YARRA VALLEY WATER,Yarra Valley Water,,,,,,50171702,-1349033,11,,,VIC,1347277733000,,44972183,1365148267000,1365148267000,26830,administration,1.5,985038.0,FOI_26830
2524,62046349,985687,985687,,community venue,neighbourhood house,,BRUNSWICK NEIGHBOURHOOD HOUSE,Brunswick Neighbourhood House,,,,,,50225416,116566,10,,,VIC,1355840960000,,62046349,1634811670000,1634811670000,2524,community,1.0,985687.0,FOI_2524
10258,53950939,985691,985691,,community venue,hall,,GUIDE HALL,Guide Hall,,,,,,50216061,-1351748,11,,,VIC,1355840960000,,53950939,1518206156000,1518206156000,10258,community,1.0,985691.0,FOI_10258
20210,44220078,985705,985705,,community venue,community centre,,DAREBIN ARTS & ENTERTAINMENT CENTRE,Darebin Arts & Entertainment Centre,,,,,,52137185,-1351717,11,,,VIC,1355840960000,,44220078,1355901602000,1355901602000,20210,community,1.0,985705.0,FOI_20210
10775,71167090,985718,985718,,community venue,hall,,DONALD STREET COMMUNITY HALL,Donald Street Community Hall,,,,,,,-1351719,11,,,VIC,1355840960000,,71167090,1723533012000,1723533012000,10775,community,1.0,985718.0,FOI_10775
10607,62046227,985720,985720,,community venue,hall,,GLENROY SCOUT HALL,Glenroy Scout Hall,,,,,,173674669,-1351652,11,,,VIC,1355840960000,,62046227,1634811670000,1634811670000,10607,community,1.0,985720.0,FOI_10607
28480,44220094,985721,985721,,cultural centre,art gallery,,BUNDOORA HOMESTEAD ART CENTRE,Bundoora Homestead Art Centre,,,,,,53553503,-1351670,11,,,VIC,1355840960000,,44220094,1355901602000,1355901602000,28480,cultural,1.5,985721.0,FOI_28480
25645,76145886,985729,985729,,community venue,community centre,,NORTH MELBOURNE COMMUNITY CENTRE,North Melbourne Community Centre,,Y,373,617513,1770163200000.0,211531423,-1351769,11,,,VIC,1355840960000,,76145886,1773905395000,1773905395000,25645,community,1.0,985729.0,FOI_25645
10605,62046156,985736,985736,,community venue,hall,,,,,,,,,50276762,-1351695,11,,,VIC,1355840960000,,62046156,1634811669000,1634811669000,10605,community,1.0,985736.0,FOI_10605
22509,62046480,985737,985737,,community venue,senior citizens,,RESERVOIR SENIOR CITIZENS CENTRE,Reservoir Senior Citizens Centre,,,,,,53572146,-1351654,11,,,VIC,1355840960000,,62046480,1634811670000,1634811670000,22509,community,1.0,985737.0,FOI_22509
20431,62136624,985762,985762,,community venue,community centre,,DAR AL AWDA COMMUNITY CENTRE,Dar Al Awda Community Centre,,,,,,430245967,-1351720,11,,,VIC,1355840960000,,62136624,1635506468000,1635506468000,20431,community,1.0,985762.0,FOI_20431
22780,62046157,985785,985785,,health facility,maternal/child health centre,,,,,,,,,50276762,-1351709,11,,,VIC,1355840960000,,62046157,1634811669000,1634811669000,22780,health,1.5,985785.0,FOI_22780
10385,55844224,985787,985787,,community venue,hall,,,,,,,,,423928107,-1351714,11,,,VIC,1355840960000,,55844224,1551298753000,1551298753000,10385,community,1.0,985787.0,FOI_10385
10612,62046342,985791,985791,,community venue,hall,,SCOUT HALL,Scout Hall,,,,,,219053765,-1351743,11,,,VIC,1355840960000,,62046342,1634811670000,1634811670000,10612,community,1.0,985791.0,FOI_10612
9486,44220170,985797,985797,,community venue,hall,,,,,,,,,54652208,-1351694,11,,,VIC,1355840960000,,44220170,1355901602000,1355901602000,9486,community,1.0,985797.0,FOI_9486
20436,61976236,985802,985802,,community venue,community centre,,RESERVOIR CIVIC CENTRE,Reservoir Civic Centre,,,,,,218964246,-1351675,11,,,VIC,1355840960000,,61976236,1633693251000,1633693251000,20436,community,1.0,985802.0,FOI_20436
10611,62046343,985804,985804,,community venue,hall,,,,,,,,,51222039,-1351766,11,,,VIC,1355840960000,,62046343,1634811670000,1634811670000,10611,community,1.0,985804.0,FOI_10611
20424,62046111,985805,985805,,community venue,community centre,,GOWANBRAE COMMUNITY CENTRE,Gowanbrae Community Centre,,,,,,219056054,-1351758,11,,,VIC,1355840960000,,62046111,1634811669000,1634811669000,20424,community,1.0,985805.0,FOI_20424
51464,76959230,985807,985807,,education centre,special school,,YALINGBU YIRRAMBOI ROYAL CHILDRENS HOSPITAL SCHOOL,Yalingbu Yirramboi Royal Childrens Hospital School,,,101,5023 C1,1788134400000.0,204113524,-2097549,11,,,VIC,1355845149000,,76959230,1788333231000,1788333231000,51464,school,1.5,985807.0,FOI_51464
51472,76959238,986778,986778,986789.0,education centre,special school,,PARKVILLE COLLEGE - PARKVILLE CAMPUS,Parkville College - Parkville Campus,PARKVILLE COLLEGE,,101,8916 C1,1788134400000.0,215016497,-1739710,11,,,VIC,1358247177000,,76959238,1788333231000,1788333231000,51472,school,1.5,986789.0,FOI_51472
2394,74583562,987341,987341,,cultural centre,library,,AVONDALE HEIGHTS LIBRARY AND LEARNING CENTRE,Avondale Heights Library And Learning Centre,,,,,,420275841,129851,10,,,VIC,1360060991000,,74583562,1760598781000,1760598781000,2394,cultural,1.5,987341.0,FOI_2394
9592,46632524,987945,987945,,community venue,hall,,SOUTH MELBOURNE TEMPERANCE HALL,South Melbourne Temperance Hall,,,,,,53553343,-1356224,11,,,VIC,1362394753000,,46632524,1408086142000,1408086142000,9592,community,1.0,987945.0,FOI_9592
10610,62046336,987963,987963,,community venue,hall,,,,,,,,,218748129,-1356316,11,,,VIC,1362733765000,,62046336,1634811670000,1634811670000,10610,community,1.0,987963.0,FOI_10610
9515,44909423,987965,987965,,community venue,hall,,SCOUT HALL,Scout Hall,,,,,,50165189,-1356301,11,,,VIC,1362733765000,,44909423,1362772832000,1362772832000,9515,community,1.0,987965.0,FOI_9515
10809,72820174,987969,987969,,community venue,hall,,SCOUT HALL,Scout Hall,,,,,,,-1356296,11,,,VIC,1362733765000,,72820174,1743664280000,1743664280000,10809,community,1.0,987969.0,FOI_10809
10606,62046158,987972,987972,,community venue,hall,,LOWER PLENTY SCOUT GROUP HALL,Lower Plenty Scout Group Hall,,,,,,218748547,-1356295,11,,,VIC,1362733765000,,62046158,1634811669000,1634811669000,10606,community,1.0,987972.0,FOI_10606
2523,62046337,987980,987980,,community venue,neighbourhood house,,WATSONIA NEIGHBOURHOOD HOUSE,Watsonia Neighbourhood House,,,,,,8523,-1356310,11,,,VIC,1362733765000,,62046337,1634811670000,1634811670000,2523,community,1.0,987980.0,FOI_2523
9514,44909417,987985,987985,,community venue,hall,,GREENSBOROUGH MASONIC HALL,Greensborough Masonic Hall,,,,,,50540943,-1356305,11,,,VIC,1362733765000,,44909417,1362772832000,1362772832000,9514,community,1.0,987985.0,FOI_9514
9513,44909426,987986,987986,,community venue,hall,,HEIDELBERG THEATRE COMPANY,Heidelberg Theatre Company,,,,,,50179155,-1356292,11,,,VIC,1362733765000,,44909426,1362772832000,1362772832000,9513,community,1.0,987986.0,FOI_9513
1455,76307612,988259,988259,,education centre,further education,,HAYS INTERNATIONAL COLLEGE,Hays International College,,,,,,50030684,-1357394,11,,,VIC,1365065344000,,76307612,1777964989000,1777964989000,1455,higher_education,3.0,988259.0,FOI_1455
20378,56338619,988266,988266,,community venue,community centre,,MITCHAM COMMUNITY HOUSE,Mitcham Community House,,,,,,420636426,117464,10,,,VIC,1365065344000,,56338619,1558591264000,1558591264000,20378,community,1.0,988266.0,FOI_20378
22449,48770321,988272,988272,,community venue,senior citizens,,MITCHAM SENIOR CITIZENS,Mitcham Senior Citizens,,,,,,420222724,-1357407,11,,,VIC,1365065344000,,48770321,1446167258000,1446167258000,22449,community,1.0,988272.0,FOI_22449
9507,44972308,988287,988287,,community venue,hall,,BLACKBURN SCOUTS HALL,Blackburn Scouts Hall,,,,,,50176579,-1357421,11,,,VIC,1365065344000,,44972308,1365148267000,1365148267000,9507,community,1.0,988287.0,FOI_9507
9663,48769935,988294,988294,,community venue,hall,,,,,,,,,420636426,-1357390,11,,,VIC,1365065344000,,48769935,1446167258000,1446167258000,9663,community,1.0,988294.0,FOI_9663
44100,61873940,988526,988526,,sport facility,swimming pool,,,,,,,,,218748802,-1686057,11,,,VIC,1365065670000,,61873940,1631604364000,1631604364000,44100,sport,1.0,988526.0,FOI_44100
41257,76573781,989507,989507,,care facility,supported residential facility,,HAWTHORN GRANGE,Hawthorn Grange,,,104,,1759968000000.0,151065912,-2122316,11,,,VIC,1369327510000,,76573781,1782284957000,1782284957000,41257,care,1.0,989507.0,FOI_41257
41258,76573782,989508,989508,,care facility,supported residential facility,,HAWTHORNS VICTORIA GARDENS,Hawthorns Victoria Gardens,,,104,,1759968000000.0,53469538,-2122378,11,,,VIC,1369327510000,,76573782,1782284957000,1782284957000,41258,care,1.0,989508.0,FOI_41258
41259,76573783,989513,989513,,care facility,supported residential facility,,IRIS GRANGE,Iris Grange,,,104,,1759968000000.0,50174785,-2122293,11,,,VIC,1369327510000,,76573783,1782284957000,1782284957000,41259,care,1.0,989513.0,FOI_41259
41260,76573784,989514,989514,,care facility,supported residential facility,,DAREBIN LODGE,Darebin Lodge,,,104,,1759968000000.0,202789453,-2122361,11,,,VIC,1369327510000,,76573784,1782284957000,1782284957000,41260,care,1.0,989514.0,FOI_41260
41261,76573785,989516,989516,,care facility,supported residential facility,,GLENVILLE LODGE,Glenville Lodge,,,104,,1759968000000.0,50026546,-2122388,11,,,VIC,1369327510000,,76573785,1782284957000,1782284957000,41261,care,1.0,989516.0,FOI_41261
41266,76573790,989529,989529,,care facility,supported residential facility,,RAYNES PARK COURT,Raynes Park Court,,,104,,1759968000000.0,53119951,-2122297,11,,,VIC,1369327510000,,76573790,1782284957000,1782284957000,41266,care,1.0,989529.0,FOI_41266
41267,76573791,989530,989530,,care facility,supported residential facility,,GLENHUNTLY TERRACE,Glenhuntly Terrace,,,104,,1759968000000.0,50297621,-2122368,11,,,VIC,1369327510000,,76573791,1782284957000,1782284957000,41267,care,1.0,989530.0,FOI_41267
41268,76573792,989531,989531,,care facility,supported residential facility,,ACLAND GRANGE,Acland Grange,,,104,,1759968000000.0,50578488,-2122356,11,,,VIC,1369327510000,,76573792,1782284957000,1782284957000,41268,care,1.0,989531.0,FOI_41268
41269,76573793,989532,989532,,care facility,supported residential facility,,BURWOOD LODGE,Burwood Lodge,,,104,,1759968000000.0,54161854,-2122305,11,,,VIC,1369327510000,,76573793,1782284957000,1782284957000,41269,care,1.0,989532.0,FOI_41269
41270,76573794,989534,989534,,care facility,supported residential facility,,COVENANT HOUSE,Covenant House,,,104,,1759968000000.0,51319865,-2122390,11,,,VIC,1369327510000,,76573794,1782284957000,1782284957000,41270,care,1.0,989534.0,FOI_41270
41271,76573795,989535,989535,,care facility,supported residential facility,,MONT ALBERT MANOR,Mont Albert Manor,,,104,,1759968000000.0,51523853,-2122395,11,,,VIC,1369327510000,,76573795,1782284957000,1782284957000,41271,care,1.0,989535.0,FOI_41271
41272,76573796,989536,989536,,care facility,supported residential facility,,PARKLAND CLOSE,Parkland Close,,,104,,1759968000000.0,51026105,-2122309,11,,,VIC,1369327510000,,76573796,1782284957000,1782284957000,41272,care,1.0,989536.0,FOI_41272
41274,76573798,989538,989538,,care facility,supported residential facility,,BRUNSWICK LODGE,Brunswick Lodge,,,104,,1759968000000.0,51642206,-2122326,11,,,VIC,1369327510000,,76573798,1782284957000,1782284957000,41274,care,1.0,989538.0,FOI_41274
41280,76573804,989554,989554,,care facility,supported residential facility,,HAMPTON HOUSE,Hampton House,,,104,,1759968000000.0,54604322,-2122374,11,,,VIC,1369327510000,,76573804,1782284957000,1782284957000,41280,care,1.0,989554.0,FOI_41280
41284,76573808,989559,989559,,care facility,supported residential facility,,HOLLYDALE LODGE,Hollydale Lodge,,,104,,1759968000000.0,50850058,-2122376,11,,,VIC,1369327510000,,76573808,1782284957000,1782284957000,41284,care,1.0,989559.0,FOI_41284
41286,76573810,989562,989562,,care facility,supported residential facility,,FOOTSCRAY HOUSE,Footscray House,,,104,,1759968000000.0,51590275,-2122307,11,,,VIC,1369327510000,,76573810,1782284957000,1782284957000,41286,care,1.0,989562.0,FOI_41286
41292,76573816,989583,989583,,care facility,supported residential facility,,CAULFIELD HOUSE,Caulfield House,,,104,,1759968000000.0,50265263,-2122383,11,,,VIC,1369327510000,,76573816,1782284957000,1782284957000,41292,care,1.0,989583.0,FOI_41292
41293,76573817,989584,989584,,care facility,supported residential facility,,BALMORAL,Balmoral,,,104,,1759968000000.0,50850792,-2122380,11,,,VIC,1369327510000,,76573817,1782284957000,1782284957000,41293,care,1.0,989584.0,FOI_41293
41296,76573820,989591,989591,,care facility,supported residential facility,,ARNICA LODGE,Arnica Lodge,,,104,,1759968000000.0,51491061,-2122339,11,,,VIC,1369327510000,,76573820,1782284957000,1782284957000,41296,care,1.0,989591.0,FOI_41296
41298,76573822,989595,989595,,care facility,supported residential facility,,BAMFIELD LODGE,Bamfield Lodge,,,104,,1759968000000.0,50164594,-2122332,11,,,VIC,1369327510000,,76573822,1782284957000,1782284957000,41298,care,1.0,989595.0,FOI_41298
41299,76573823,989596,989596,,care facility,supported residential facility,,CHATSWORTH TERRACE,Chatsworth Terrace,,,104,,1759968000000.0,50545505,-2122319,11,,,VIC,1369327510000,,76573823,1782284957000,1782284957000,41299,care,1.0,989596.0,FOI_41299
41300,76573824,989597,989597,,care facility,supported residential facility,,RESERVOIR LODGE,Reservoir Lodge,,,104,,1759968000000.0,51329120,-2122384,11,,,VIC,1369327510000,,76573824,1782284957000,1782284957000,41300,care,1.0,989597.0,FOI_41300
41303,76573827,989609,989609,,care facility,supported residential facility,,ALMA HOUSE,Alma House,,,104,,1759968000000.0,50858491,-2122292,11,,,VIC,1369327510000,,76573827,1782284957000,1782284957000,41303,care,1.0,989609.0,FOI_41303
41305,76573829,989612,989612,,care facility,supported residential facility,,ELGAR HOME,Elgar Home,,,104,,1759968000000.0,50029781,-2122360,11,,,VIC,1369327510000,,76573829,1782284957000,1782284957000,41305,care,1.0,989612.0,FOI_41305
41314,76573838,989634,989634,,care facility,supported residential facility,,SUNNYHURST GARDENS,Sunnyhurst Gardens,,,104,,1759968000000.0,51904716,-2122377,11,,,VIC,1369327510000,,76573838,1782284957000,1782284957000,41314,care,1.0,989634.0,FOI_41314
41325,76573849,989666,989666,,care facility,supported residential facility,,STEWART LODGE,Stewart Lodge,,,104,,1759968000000.0,215156166,-2122392,11,,,VIC,1369327510000,,76573849,1782284957000,1782284957000,41325,care,1.0,989666.0,FOI_41325
41327,76573850,989668,989668,,care facility,supported residential facility,,NORTHERN TERRACE,Northern Terrace,,,104,,1759968000000.0,51332149,-2122393,11,,,VIC,1369327510000,,76573850,1782284957000,1782284957000,41327,care,1.0,989668.0,FOI_41327
41328,76573851,989669,989669,,care facility,supported residential facility,,EDWARDS LODGE,Edwards Lodge,,,104,,1759968000000.0,50411068,-2122381,11,,,VIC,1369327510000,,76573851,1782284957000,1782284957000,41328,care,1.0,989669.0,FOI_41328
41332,76573855,989680,989680,,care facility,supported residential facility,,WAVERLEY HILL SRS,Waverley Hill Srs,,,104,,1759968000000.0,211377812,-2122358,11,,,VIC,1369327510000,,76573855,1782284957000,1782284957000,41332,care,1.0,989680.0,FOI_41332
41333,76573856,989681,989681,,care facility,supported residential facility,,HAMBLE COURT,Hamble Court,,,104,,1759968000000.0,50034637,-2122282,11,,,VIC,1369327510000,,76573856,1782284957000,1782284957000,41333,care,1.0,989681.0,FOI_41333
41334,76573857,989682,989682,,care facility,supported residential facility,,CAULFIELD MANOR,Caulfield Manor,,,104,,1759968000000.0,51909224,-2122286,11,,,VIC,1369327510000,,76573857,1782284957000,1782284957000,41334,care,1.0,989682.0,FOI_41334
41335,76573858,989683,989683,,care facility,supported residential facility,,FINCHLEY COURT,Finchley Court,,,104,,1759968000000.0,51915122,-2122342,11,,,VIC,1369327510000,,76573858,1782284957000,1782284957000,41335,care,1.0,989683.0,FOI_41335
41336,76573859,989686,989686,,care facility,supported residential facility,,IRIS MANOR,Iris Manor,,,104,,1759968000000.0,51260156,-2122355,11,,,VIC,1369327510000,,76573859,1782284957000,1782284957000,41336,care,1.0,989686.0,FOI_41336
41338,76573861,989691,989691,,care facility,supported residential facility,,CORANDIRK HOUSE,Corandirk House,,,104,,1759968000000.0,51918783,-2122367,11,,,VIC,1369327510000,,76573861,1782284957000,1782284957000,41338,care,1.0,989691.0,FOI_41338
44102,62046351,990165,990165,,sport facility,swimming pool,,,,,,,,,51245490,-1686113,11,,,VIC,1370605543000,,62046351,1634811670000,1634811670000,44102,sport,1.0,990165.0,FOI_44102
21245,76987291,990181,990181,,sport facility,swimming pool,,BOROONDARA SPORTS COMPLEX,Boroondara Sports Complex,,,307,956242,1786924800000.0,173776123,-2127196,11,,,VIC,1370605543000,,76987291,1788960303000,1788960303000,21245,sport,1.0,990181.0,FOI_21245
20584,64580152,990712,990712,990687.0,education centre,university,,VICTORIA UNIVERSITY - FOOTSCRAY PARK CAMPUS,Victoria University - Footscray Park Campus,VICTORIA UNIVERSITY,,,,1370476800000.0,53161156,123012,10,,,VIC,1371138802000,,56593983,1563381578000,1655947964000,20584,higher_education,3.0,990687.0,FOI_20584
20587,64580150,990690,990690,990693.0,education centre,university,,MELBOURNE UNIVERSITY - HAWTHORN CAMPUS,Melbourne University - Hawthorn Campus,MELBOURNE UNIVERSITY,,,,1370476800000.0,205668845,-1367769,11,,,VIC,1371138802000,,56587401,1563381565000,1655947964000,20587,higher_education,3.0,990693.0,FOI_20587
20591,64619189,990694,990694,,education centre,university,,SWINBURNE UNIVERSITY,Swinburne University,,Y,,,1370476800000.0,,-1364992,11,,,VIC,1371138802000,,56589521,1563381573000,1656253235000,20591,higher_education,3.0,990694.0,FOI_20591
20602,64619076,990702,990702,,education centre,university,,JOHN PAUL II INSTITUTE FOR MARRIAGE AND FAMILY,John Paul Ii Institute For Marriage And Family,,,,,1370476800000.0,50119928,-1364989,11,,,VIC,1371138802000,,56587006,1563381562000,1656253235000,20602,higher_education,3.0,990702.0,FOI_20602
20613,64540786,990718,990718,,education centre,university,,YARRA THEOLOGICAL UNION,Yarra Theological Union,,,,,1370476800000.0,219074502,-1363402,11,,,VIC,1371138802000,,56587017,1563381562000,1655947961000,20613,higher_education,3.0,990718.0,FOI_20613
20639,65661751,990721,990721,,education centre,university,,DEAKIN UNIVERSITY,Deakin University,,Y,,,1668038400000.0,,-1364984,11,,,VIC,1371138802000,,65661751,1668177451000,1668177451000,20639,higher_education,3.0,990721.0,FOI_20639
20585,64580153,990684,990684,990723.0,education centre,university,,MONASH UNIVERSITY - PARKVILLE CAMPUS,Monash University - Parkville Campus,MONASH UNIVERSITY,,,,1370476800000.0,203460992,-1367750,11,,,VIC,1371138802000,,56587382,1563381564000,1655947964000,20585,higher_education,3.0,990723.0,FOI_20585
20594,64619111,990724,990724,,education centre,university,,RMIT UNIVERSITY,Rmit University,,Y,,,1370476800000.0,,-1364993,11,,,VIC,1371138802000,,56589522,1563381573000,1656253235000,20594,higher_education,3.0,990724.0,FOI_20594
20598,64619222,990725,990725,,education centre,university,,AUSTRALIAN CATHOLIC UNIVERSITY,Australian Catholic University,,Y,,,1370476800000.0,,-1364990,11,,,VIC,1371138802000,,56589523,1563381573000,1656253236000,20598,higher_education,3.0,990725.0,FOI_20598
20615,64572285,990733,990733,,education centre,university,,JOHN PAUL II INSTITUTE FOR MARRIAGE AND FAMILY - CATHOLIC THEOLOGICAL COLLEGE,John Paul Ii Institute For Marriage And Family - Catholic Theological College,,,,,1370476800000.0,50119928,-1367701,11,,,VIC,1371138802000,,56587020,1563381562000,1655947963000,20615,higher_education,3.0,990733.0,FOI_20615
20582,48228177,1014942,1014942,990736.0,education centre,university,,LATROBE UNIVERSITY - FRANKLIN ST CAMPUS,Latrobe University - Franklin St Campus,LATROBE UNIVERSITY,,,,,50342292,-1431338,11,,,VIC,1442227633000,,48228177,1442296834000,1442296834000,20582,higher_education,3.0,990736.0,FOI_20582
10626,61976224,984116,984116,990748.0,community venue,hall,,MOORLEIGH COMMUNITY VILLAGE,Moorleigh Community Village,MOORLEIGH COMMUNITY VILLAGE RESERVE,,,,,218970248,-1347018,11,,,VIC,1343833395000,,61976224,1633693251000,1633693251000,10626,community,1.0,990748.0,FOI_10626
22428,64556586,990928,990928,,community venue,senior citizens,,OAKLEIGH SENIOR CITIZENS,Oakleigh Senior Citizens,,,348,,1372291200000.0,53633579,-1363906,11,,,VIC,1372178552000,,45430878,1372229529000,1655947962000,22428,community,1.0,990928.0,FOI_22428
9536,64580157,990938,990938,,community venue,hall,,OAKLEIGH PUBLIC HALL,Oakleigh Public Hall,,,348,,1372291200000.0,53633579,-1363907,11,,,VIC,1372178552000,,45430888,1372229529000,1655947964000,9536,community,1.0,990938.0,FOI_9536
20217,64580158,990939,990939,,community venue,community centre,,OAKLEIGH COURTHOUSE COMMUNITY CENTRE,Oakleigh Courthouse Community Centre,,,348,,1372291200000.0,53636749,-1363949,11,,,VIC,1372178552000,,45430889,1372229529000,1655947964000,20217,community,1.0,990939.0,FOI_20217
10661,64588015,990944,990944,,community venue,hall,,HUNTINGDALE HALL,Huntingdale Hall,,,348,,1372291200000.0,51292539,-1363903,11,,,VIC,1372178552000,,63594837,1653474077000,1655947964000,10661,community,1.0,990944.0,FOI_10661
20218,64580156,990951,990951,,community venue,community centre,,HUGHESDALE COMMUNITY CENTRE,Hughesdale Community Centre,,,348,,1372291200000.0,219041007,-1363944,11,,,VIC,1372178552000,,45430901,1372229529000,1655947964000,20218,community,1.0,990951.0,FOI_20218
22429,64548705,990952,990952,,community venue,senior citizens,,SOUTH EASTERN REGIONAL VETERANS CENTRE,South Eastern Regional Veterans Centre,,,348,,1372291200000.0,219040923,-1363912,11,,,VIC,1372178552000,,45430902,1372229529000,1655947962000,22429,community,1.0,990952.0,FOI_22429
2493,64540793,990958,990958,,community venue,neighbourhood house,,NOTTING HILL NEIGHBOURHOOD HOUSE,Notting Hill Neighbourhood House,,,348,,1372291200000.0,50660117,-1363900,11,,,VIC,1372178552000,,45430908,1372229529000,1655947961000,2493,community,1.0,990958.0,FOI_2493
20219,64548708,990961,990961,,community venue,community centre,,MOUNT WAVERLEY YOUTH CENTRE,Mount Waverley Youth Centre,,,348,,1372291200000.0,219040584,-1363932,11,,,VIC,1372178552000,,45430911,1372229529000,1655947962000,20219,community,1.0,990961.0,FOI_20219
20220,64548707,990967,990967,,community venue,community centre,,MOUNT WAVERLEY COMMUNITY CENTRE,Mount Waverley Community Centre,,,348,,1372291200000.0,219040584,-1363934,11,,,VIC,1372178552000,,45430917,1372229529000,1655947962000,20220,community,1.0,990967.0,FOI_20220
20221,64540798,990968,990968,,community venue,community centre,,VILLA MARIA COMMUNITY CENTRE,Villa Maria Community Centre,,,348,,1372291200000.0,50605061,-1363947,11,,,VIC,1372178552000,,45430918,1372229529000,1655947961000,20221,community,1.0,990968.0,FOI_20221
22430,64580159,990973,990973,,community venue,senior citizens,,WAVERLEY SENIOR CITIZENS,Waverley Senior Citizens,,,348,,1372291200000.0,51743342,-1363935,11,,,VIC,1372178552000,,45430923,1372229529000,1655947964000,22430,community,1.0,990973.0,FOI_22430
20222,64564449,990976,990976,,community venue,community centre,,CLAYTON COMMUNITY CENTRE,Clayton Community Centre,,,348,,1372291200000.0,209777556,-1363928,11,,,VIC,1372178552000,,45430926,1372229529000,1655947963000,20222,community,1.0,990976.0,FOI_20222
24419,76508199,991314,991314,,care facility,aged care,,ROSEHILL AGED CARE FACILITY,Rosehill Aged Care Facility,,,102,UID-64410,1781136000000.0,50395837,-1365727,11,,,VIC,1372691536000,,76508199,1781594428000,1781594428000,24419,care,1.0,991314.0,FOI_24419
45021,76524237,991317,991317,,care facility,aged care,,VILLA MARIA CATHOLIC HOMES JOHN R HANNAH AGED CARE RESIDENCE,Villa Maria Catholic Homes John R Hannah Aged Care Residence,,,102,UID-63610,1781136000000.0,51536388,-1678915,11,,,VIC,1372691536000,,76524237,1781594573000,1781594573000,45021,care,1.0,991317.0,FOI_45021
24425,76508205,991320,991320,,care facility,aged care,,SAMARINDA LODGE,Samarinda Lodge,,,102,UID-63683,1781136000000.0,51260810,-1365833,11,,,VIC,1372691536000,,76508205,1781594428000,1781594428000,24425,care,1.0,991320.0,FOI_24425
18695,76506454,991324,991324,,care facility,aged care,,COPPIN CENTRE,Coppin Centre,,,102,UID-63862,1781136000000.0,430773551,-1834174,11,,,VIC,1372691536000,,76506454,1781594414000,1781594414000,18695,care,1.0,991324.0,FOI_18695
24504,76508291,991328,991328,,care facility,aged care,,JEWISH CARE (VIC) INC RESIDENTIAL HOMES CARNEGIE,Jewish Care (Vic) Inc Residential Homes Carnegie,,,102,UID-64402,1781136000000.0,51916125,-1949302,11,,,VIC,1372691536000,,76508291,1781594429000,1781594429000,24504,care,1.0,991328.0,FOI_24504
18655,76506403,991347,991347,,care facility,aged care,,FRONDITHA ANESI AGED CARE SERVICES - THORNBURY,Fronditha Anesi Aged Care Services - Thornbury,,,102,UID-64773,1781136000000.0,51345569,-1365917,11,,,VIC,1372691536000,,76506403,1781594413000,1781594413000,18655,care,1.0,991347.0,FOI_18655
24527,76508314,991352,991352,,care facility,aged care,,ASSISI CENTRE AGED CARE,Assisi Centre Aged Care,,,102,UID-63850,1781136000000.0,50355508,-1365680,11,,,VIC,1372691536000,,76508314,1781594429000,1781594429000,24527,care,1.0,991352.0,FOI_24527
24621,76508414,991353,991353,,care facility,aged care,,DOROTHY IMPEY HOME,Dorothy Impey Home,,,102,UID-63497,1781136000000.0,51546789,-1365620,11,,,VIC,1372691536000,,76508414,1781594430000,1781594430000,24621,care,1.0,991353.0,FOI_24621
24511,76508298,991356,991356,,care facility,aged care,,MERCY PLACE KEON PARK,Mercy Place Keon Park,,,102,UID-64578,1781136000000.0,53640916,-1827970,11,,,VIC,1372691536000,,76508298,1781594429000,1781594429000,24511,care,1.0,991356.0,FOI_24511
24509,76508296,991387,991387,,care facility,aged care,,MECWACARE NOEL MILLER CENTRE,Mecwacare Noel Miller Centre,,,102,UID-63510,1781136000000.0,54018109,-1408918,11,,,VIC,1372691536000,,76508296,1781594429000,1781594429000,24509,care,1.0,991387.0,FOI_24509
24610,76508402,991388,991388,,care facility,aged care,,CAMBERWELL GARDENS,Camberwell Gardens,,,102,UID-67659,1781136000000.0,431298389,-1365914,11,,,VIC,1372691536000,,76508402,1781594430000,1781594430000,24610,care,1.0,991388.0,FOI_24610
24521,76508308,991390,991390,,care facility,aged care,,ST VINCENTS CARE SERVICES HAWTHORN,St Vincents Care Services Hawthorn,,,102,UID-66996,1781136000000.0,,-1834197,11,,,VIC,1372691536000,,76508308,1781594429000,1781594429000,24521,care,1.0,991390.0,FOI_24521
18701,76506460,991397,991397,,care facility,aged care,,DOUTTA GALLA FOOTSCRAY AGED CARE FACILITY,Doutta Galla Footscray Aged Care Facility,,,102,UID-68637,1781136000000.0,219033482,-1384039,11,,,VIC,1372691536000,,76506460,1781594414000,1781594414000,18701,care,1.0,991397.0,FOI_18701
24620,76508413,991411,991411,,care facility,aged care,,DELORAINE PRIVATE NURSING HOME,Deloraine Private Nursing Home,,,102,UID-64360,1781136000000.0,172456556,-1365771,11,,,VIC,1372691536000,,76508413,1781594430000,1781594430000,24620,care,1.0,991411.0,FOI_24620
24449,76508232,991418,991418,,care facility,aged care,,VICTORIA BY THE PARK,Victoria By The Park,,,102,UID-67662,1781136000000.0,52098842,-1365883,11,,,VIC,1372691536000,,76508232,1781594429000,1781594429000,24449,care,1.0,991418.0,FOI_24449
24658,76508454,991419,991419,,care facility,aged care,,MELBOURNE HEBREW MEMORIAL NURSING HOME,Melbourne Hebrew Memorial Nursing Home,,,102,UID-68631,1781136000000.0,50256176,-1365671,11,,,VIC,1372691536000,,76508454,1781594430000,1781594430000,24658,care,1.0,991419.0,FOI_24658
44927,76524042,991448,991448,,care facility,aged care,,MECWACARE MALVERN CENTRE,Mecwacare Malvern Centre,,,102,UID-67717,1781136000000.0,431312003,-1365658,11,,,VIC,1372691536000,,76524042,1781594573000,1781594573000,44927,care,1.0,991448.0,FOI_44927
24488,76508273,991450,991450,,care facility,aged care,,EMERALD HILL RESIDENCE,Emerald Hill Residence,,,102,UID-63551,1781136000000.0,221298862,-1435006,11,,,VIC,1372691536000,,76508273,1781594429000,1781594429000,24488,care,1.0,991450.0,FOI_24488
24399,76508179,991451,991451,,care facility,aged care,,NAPIER STREET AGED CARE SERVICES,Napier Street Aged Care Services,,,102,UID-63639,1781136000000.0,53552395,-1365776,11,,,VIC,1372691536000,,76508179,1781594428000,1781594428000,24399,care,1.0,991451.0,FOI_24399
44907,76511736,991470,991470,,care facility,aged care,,HOLLOWAY AGED CARE SERVICES,Holloway Aged Care Services,,,102,UID-63844,1781136000000.0,51979113,-1365795,11,,,VIC,1372691536000,,76511736,1781594443000,1781594443000,44907,care,1.0,991470.0,FOI_44907
24341,76508099,991477,991477,,care facility,aged care,,LIFEVIEW THE WILLOWS,Lifeview The Willows,,,102,UID-67092,1781136000000.0,54751540,-1384006,11,,,VIC,1372691536000,,76508099,1781594427000,1781594427000,24341,care,1.0,991477.0,FOI_24341
18711,76506471,991478,991478,,care facility,aged care,,REGIS BRIGHTON,Regis Brighton,,,102,UID-67270,1781136000000.0,54712967,-1678911,11,,,VIC,1372691536000,,76506471,1781594414000,1781594414000,18711,care,1.0,991478.0,FOI_18711
18669,76506417,991479,991479,,care facility,aged care,,BUPA CAULFIELD,Bupa Caulfield,,,102,UID-66928,1781136000000.0,432260077,-1365615,11,,,VIC,1372691536000,,76506417,1781594413000,1781594413000,18669,care,1.0,991479.0,FOI_18669
24412,76508192,991501,991501,,care facility,aged care,,REGIS BLACKBURN,Regis Blackburn,,,102,UID-64716,1781136000000.0,211407054,-1678902,11,,,VIC,1372691536000,,76508192,1781594428000,1781594428000,24412,care,1.0,991501.0,FOI_24412
24441,76508224,991502,991502,,care facility,aged care,,UNITING AGEWELL BOX HILL,Uniting Agewell Box Hill,,,102,UID-63575,1781136000000.0,50029246,-1394949,11,,,VIC,1372691536000,,76508224,1781594428000,1781594428000,24441,care,1.0,991502.0,FOI_24441
24560,76508348,991505,991505,,care facility,aged care,,BSL AGED CARE - CLIFTON HILL,Bsl Aged Care - Clifton Hill,,,102,UID-63795,1781136000000.0,429951056,-1910196,11,,,VIC,1372691536000,,76508348,1781594429000,1781594429000,24560,care,1.0,991505.0,FOI_24560
24439,76508222,991518,991518,,care facility,aged care,,THE VIEWS AT HEIDELBERG,The Views At Heidelberg,,,102,UID-63614,1781136000000.0,422164351,-1834183,11,,,VIC,1372691536000,,76508222,1781594428000,1781594428000,24439,care,1.0,991518.0,FOI_24439
24402,76508182,991521,991521,,care facility,aged care,,NORTHERN GARDENS AGED CARE,Northern Gardens Aged Care,,,102,UID-67647,1781136000000.0,221848767,-1939424,11,,,VIC,1372691536000,,76508182,1781594428000,1781594428000,24402,care,1.0,991521.0,FOI_24402
24657,76508453,991522,991522,,care facility,aged care,,MEKONG VIETNAMESE AGED CARE,Mekong Vietnamese Aged Care,,,102,UID-63666,1781136000000.0,213440321,-1365843,11,,,VIC,1372691536000,,76508453,1781594430000,1781594430000,24657,care,1.0,991522.0,FOI_24657
24517,76508304,991524,991524,,care facility,aged care,,REGIS FAWKNER,Regis Fawkner,,,102,UID-64758,1781136000000.0,51222908,-1678945,11,,,VIC,1372691536000,,76508304,1781594429000,1781594429000,24517,care,1.0,991524.0,FOI_24517
24496,76508282,991534,991534,,care facility,aged care,,ARCARE CARNEGIE,Arcare Carnegie,,,102,UID-67664,1781136000000.0,202337065,-1678909,11,,,VIC,1372691536000,,76508282,1781594429000,1781594429000,24496,care,1.0,991534.0,FOI_24496
24501,76508287,991536,991536,,care facility,aged care,,ARCARE MALVERN EAST,Arcare Malvern East,,,102,UID-64463,1781136000000.0,151769752,-1435000,11,,,VIC,1372691536000,,76508287,1781594429000,1781594429000,24501,care,1.0,991536.0,FOI_24501
24373,76508148,991560,991560,,care facility,aged care,,MECWACARE TRESCOWTHICK CENTRE,Mecwacare Trescowthick Centre,,,102,UID-63980,1781136000000.0,,-1678971,11,,,VIC,1372691536000,,76508148,1781594428000,1781594428000,24373,care,1.0,991560.0,FOI_24373
24431,76508211,991561,991561,,care facility,aged care,,SOUTH PORT COMMUNITY RESIDENTIAL HOME,South Port Community Residential Home,,,102,UID-64577,1781136000000.0,53152476,-1365605,11,,,VIC,1372691536000,,76508211,1781594428000,1781594428000,24431,care,1.0,991561.0,FOI_24431
24346,76508104,991562,991562,,care facility,aged care,,LYNDEN AGED CARE,Lynden Aged Care,,,102,UID-63589,1781136000000.0,221001505,-1365757,11,,,VIC,1372691536000,,76508104,1781594427000,1781594427000,24346,care,1.0,991562.0,FOI_24346
24333,76508090,991564,991564,,care facility,aged care,,"JEWISH CARE (VIC) INC. RESIDENTIAL HOMES, WINDSOR","Jewish Care (Vic) Inc. Residential Homes, Windsor",,,102,UID-63511,1781136000000.0,439516139,-1932492,11,,,VIC,1372691536000,,76508090,1781594427000,1781594427000,24333,care,1.0,991564.0,FOI_24333
24625,76508418,991567,991567,,care facility,aged care,,DOUTTA GALLA YARRAVILLE VILLAGE AGED CARE FACILITY,Doutta Galla Yarraville Village Aged Care Facility,,,102,UID-63872,1781136000000.0,51635225,-1384061,11,,,VIC,1372691536000,,76508418,1781594430000,1781594430000,24625,care,1.0,991567.0,FOI_24625
44993,76524198,991569,991569,,care facility,aged care,,JAMES BARKER HOUSE,James Barker House,,,102,UID-63991,1781136000000.0,218548197,-1365576,11,,,VIC,1372691536000,,76524198,1781594573000,1781594573000,44993,care,1.0,991569.0,FOI_44993
24508,76508295,991570,991570,,care facility,aged care,,"MECWACARE GREGORY LODGE, FLEMINGTON","Mecwacare Gregory Lodge, Flemington",,,102,UID-64756,1781136000000.0,51464212,-2089053,11,,,VIC,1372691536000,,76508295,1781594429000,1781594429000,24508,care,1.0,991570.0,FOI_24508
24600,76508390,991589,991589,,care facility,aged care,,CALVARY LOWER PLENTY GARDEN VIEWS,Calvary Lower Plenty Garden Views,,,102,UID-64394,1781136000000.0,202023504,-2056236,11,,,VIC,1372691536000,,76508390,1781594430000,1781594430000,24600,care,1.0,991589.0,FOI_24600
24576,76508366,991591,991591,,care facility,aged care,,BENETAS COLTON CLOSE,Benetas Colton Close,,,102,UID-64573,1781136000000.0,50024817,-1390468,11,,,VIC,1372691536000,,76508366,1781594429000,1781594429000,24576,care,1.0,991591.0,FOI_24576
18706,76506465,991600,991600,,care facility,aged care,,CHURCHES OF CHRIST OAK TOWERS AGED CARE SERVICE,Churches Of Christ Oak Towers Aged Care Service,,,102,UID-63564,1781136000000.0,51289066,-1978330,11,,,VIC,1372691536000,,76506465,1781594414000,1781594414000,18706,care,1.0,991600.0,FOI_18706
24516,76508303,991606,991606,,care facility,aged care,,REGIS ARMADALE,Regis Armadale,,,102,UID-68224,1781136000000.0,54146938,-1678932,11,,,VIC,1372691536000,,76508303,1781594429000,1781594429000,24516,care,1.0,991606.0,FOI_24516
24448,76508231,991624,991624,,care facility,aged care,,VERMONT AGED CARE,Vermont Aged Care,,,102,UID-64580,1781136000000.0,422648831,-1365777,11,,,VIC,1372691536000,,76508231,1781594429000,1781594429000,24448,care,1.0,991624.0,FOI_24448
24338,76508095,991627,991627,,care facility,aged care,,KEW BOTANICA CARE COMMUNITY,Kew Botanica Care Community,,,102,UID-64483,1781136000000.0,431732983,-2114691,11,,,VIC,1372691536000,,76508095,1781594427000,1781594427000,24338,care,1.0,991627.0,FOI_24338
18653,76506401,991632,991632,,care facility,aged care,,ARCARE MAIDSTONE,Arcare Maidstone,,,102,UID-67648,1781136000000.0,206072957,-1678908,11,,,VIC,1372691536000,,76506401,1781594413000,1781594413000,18653,care,1.0,991632.0,FOI_18653
44955,76524079,991638,991638,,care facility,aged care,,HOPE AGED CARE BRUNSWICK,Hope Aged Care Brunswick,,,102,UID-64385,1781136000000.0,203939835,-1902674,11,,,VIC,1372691536000,,76524079,1781594573000,1781594573000,44955,care,1.0,991638.0,FOI_44955
24583,76508373,991640,991640,,care facility,aged care,,BUPA COBURG,Bupa Coburg,,,102,UID-64435,1781136000000.0,54644000,-1365748,11,,,VIC,1372691536000,,76508373,1781594430000,1781594430000,24583,care,1.0,991640.0,FOI_24583
24395,76508175,991650,991650,,care facility,aged care,,MONASH GARDENS,Monash Gardens,,,102,UID-64718,1781136000000.0,420441831,-1834177,11,,,VIC,1372691536000,,76508175,1781594428000,1781594428000,24395,care,1.0,991650.0,FOI_24395
24701,76508511,991651,991651,,care facility,aged care,,THE ALEXANDER AGED CARE CENTRE,The Alexander Aged Care Centre,,,102,UID-63994,1781136000000.0,50423119,-1365816,11,,,VIC,1372691536000,,76508511,1781594431000,1781594431000,24701,care,1.0,991651.0,FOI_24701
18672,76506420,991653,991653,,care facility,aged care,,ARCARE BRIGHTON,Arcare Brighton,,,102,UID-64420,1781136000000.0,150647658,-1365804,11,,,VIC,1372691536000,,76506420,1781594413000,1781594413000,18672,care,1.0,991653.0,FOI_18672
24559,76508347,991654,991654,,care facility,aged care,,BRIMLEA AGED CARE,Brimlea Aged Care,,,102,UID-64746,1781136000000.0,51263495,-1365682,11,,,VIC,1372691536000,,76508347,1781594429000,1781594429000,24559,care,1.0,991654.0,FOI_24559
24570,76508359,991670,991670,,care facility,aged care,,BUPA WINDSOR,Bupa Windsor,,,102,UID-63874,1781136000000.0,210852287,-1365604,11,,,VIC,1372691537000,,76508359,1781594429000,1781594429000,24570,care,1.0,991670.0,FOI_24570
24417,76508197,991674,991674,,care facility,aged care,,REGIS SHENLEY MANOR,Regis Shenley Manor,,,102,UID-63931,1781136000000.0,209665986,-1365840,11,,,VIC,1372691537000,,76508197,1781594428000,1781594428000,24417,care,1.0,991674.0,FOI_24417
24705,76508515,991678,991678,,care facility,aged care,,TRINITY MANOR,Trinity Manor,,,102,UID-64437,1781136000000.0,217869783,-1365701,11,,,VIC,1372691537000,,76508515,1781594431000,1781594431000,24705,care,1.0,991678.0,FOI_24705
24465,76508250,991693,991693,,care facility,aged care,,WINTRINGHAM RON CONN NURSING HOME,Wintringham Ron Conn Nursing Home,,,102,UID-67630,1781136000000.0,219045098,-1716493,11,,,VIC,1372691537000,,76508250,1781594429000,1781594429000,24465,care,1.0,991693.0,FOI_24465
24447,76508230,991701,991701,,care facility,aged care,,VASEY RSL CARE BUNDOORA,Vasey Rsl Care Bundoora,,,102,UID-63856,1781136000000.0,207582338,-1754217,11,,,VIC,1372691537000,,76508230,1781594429000,1781594429000,24447,care,1.0,991701.0,FOI_24447
24490,76508275,991708,991708,,care facility,aged care,,ESTIA HEALTH OAKLEIGH EAST,Estia Health Oakleigh East,,,102,UID-64390,1781136000000.0,50402409,-1411718,11,,,VIC,1372691537000,,76508275,1781594429000,1781594429000,24490,care,1.0,991708.0,FOI_24490
24709,76508519,991713,991713,,care facility,aged care,,VILLA MARIA CATHOLIC HOMES ASHWOOD AGED CARE RESIDENCE,Villa Maria Catholic Homes Ashwood Aged Care Residence,,,102,UID-64055,1781136000000.0,50633616,-2056252,11,,,VIC,1372691537000,,76508519,1781594431000,1781594431000,24709,care,1.0,991713.0,FOI_24709
24423,76508203,991727,991727,,care facility,aged care,,SACRED HEART COMMUNITY,Sacred Heart Community,,,102,UID-63640,1781136000000.0,220282995,-1365524,11,,,VIC,1372691537000,,76508203,1781594428000,1781594428000,24423,care,1.0,991727.0,FOI_24423
24512,76508299,991734,991734,,care facility,aged care,,NAZARETH HOUSE CAMBERWELL,Nazareth House Camberwell,,,102,UID-63512,1781136000000.0,212382141,-1365877,11,,,VIC,1372691537000,,76508299,1781594429000,1781594429000,24512,care,1.0,991734.0,FOI_24512
24420,76508200,991740,991740,,care facility,aged care,,ROYAL FREEMASONS FOOTSCRAY,Royal Freemasons Footscray,,,102,UID-64594,1781136000000.0,423803945,-1834179,11,,,VIC,1372691537000,,76508200,1781594428000,1781594428000,24420,care,1.0,991740.0,FOI_24420
24451,76508234,991743,991743,,care facility,aged care,,VICTORIAN ELDERLY CHINESE HOSTEL,Victorian Elderly Chinese Hostel,,,102,UID-63866,1781136000000.0,50805246,-1365933,11,,,VIC,1372691537000,,76508234,1781594429000,1781594429000,24451,care,1.0,991743.0,FOI_24451
24507,76508294,991751,991751,,care facility,aged care,,LITTLE SISTERS OF THE POOR ST JOSEPHS HOME,Little Sisters Of The Poor St Josephs Home,,,102,UID-63897,1781136000000.0,218964761,-1365747,11,,,VIC,1372691537000,,76508294,1781594429000,1781594429000,24507,care,1.0,991751.0,FOI_24507
24622,76508415,991752,991752,,care facility,aged care,,DOUTTA GALLA AVONDALE HEIGHTS AGED CARE FACILITY,Doutta Galla Avondale Heights Aged Care Facility,,,102,UID-67527,1781136000000.0,150813201,-1384038,11,,,VIC,1372691537000,,76508415,1781594430000,1781594430000,24622,care,1.0,991752.0,FOI_24622
24618,76508411,991755,991755,,care facility,aged care,,CRAIGCARE PASCOE VALE,Craigcare Pascoe Vale,,,102,UID-64450,1781136000000.0,51520981,-1365988,11,,,VIC,1372691537000,,76508411,1781594430000,1781594430000,24618,care,1.0,991755.0,FOI_24618
24630,76508423,991766,991766,,care facility,aged care,,EMMY MONASH AGED CARE,Emmy Monash Aged Care,,,102,UID-63524,1781136000000.0,218972464,-1365683,11,,,VIC,1372691537000,,76508423,1781594430000,1781594430000,24630,care,1.0,991766.0,FOI_24630
28504,52249375,995220,995220,,cultural centre,art gallery,,NATIONAL GALLERY OF VICTORIA,National Gallery Of Victoria,,,,,,203461229,-1376385,11,,,VIC,1379938387000,,52249375,1481313420000,1481313420000,28504,cultural,1.5,995220.0,FOI_28504
3297,52249714,995221,995221,,commercial facility,entertainment centre,,HAMER HALL,Hamer Hall,,,,,,203260188,-1376383,11,,,VIC,1379938387000,,52249714,1481313420000,1481313420000,3297,commercial,2.0,995221.0,FOI_3297
3287,52249369,995223,995223,,commercial facility,entertainment centre,,STATE THEATRE,State Theatre,,,,,,203260188,-1376387,11,,,VIC,1379938387000,,52249369,1481313420000,1481313420000,3287,commercial,2.0,995223.0,FOI_3287
8630,76338589,995656,995656,,education centre,further education,,POLICE ACADEMY,Police Academy,,,107,,1777852800000.0,52171489,-1384136,11,,,VIC,1380886664000,,76338589,1778742809000,1778742809000,8630,higher_education,3.0,995656.0,FOI_8630
9554,45811860,996574,996574,,community venue,hall,,BRUNSWICK MECHANICS INSTITUTE AND PUBLIC HALL,Brunswick Mechanics Institute And Public Hall,,,,,,53572105,-1382020,11,,,VIC,1385047398000,,45811860,1385103390000,1385103390000,9554,community,1.0,996574.0,FOI_9554
33468,46216090,996599,996599,,admin facility,municipal office,,STONNINGTON CITY COUNCIL,Stonnington City Council,,,,,,208461937,-1382083,11,,,VIC,1385477947000,,46216090,1399966226000,1399966226000,33468,administration,1.5,996599.0,FOI_33468
10675,64781686,997241,997241,,community venue,hall,,BRIGHTON COURT HOUSE YOUTH CENTRE,Brighton Court House Youth Centre,,,,,,422828291,-1383462,11,,,VIC,1387440883000,,64781686,1658320561000,1658320561000,10675,community,1.0,997241.0,FOI_10675
10676,64781688,997253,997253,,community venue,hall,,1ST SANDRINGHAM SCOUTS,1st Sandringham Scouts,,,,,,218946036,-1383453,11,,,VIC,1387440883000,,64781688,1658320561000,1658320561000,10676,community,1.0,997253.0,FOI_10676
22493,55844266,997261,997261,,community venue,senior citizens,,HAMPTON RSL,Hampton Rsl,,,,,,426522358,-1383446,11,,,VIC,1387440883000,,55844266,1551298753000,1551298753000,22493,community,1.0,997261.0,FOI_22493
10631,61976347,997264,997264,,community venue,hall,,GARNET LEARY MEMORIAL HALL,Garnet Leary Memorial Hall,,,,,,51719600,-1383441,11,,,VIC,1387440883000,,61976347,1633693251000,1633693251000,10631,community,1.0,997264.0,FOI_10631
22783,61976350,997280,997280,,health facility,maternal/child health centre,,HAMPTON MATERNAL AND CHILD HEALTH CENTRE,Hampton Maternal And Child Health Centre,,,,,,50503524,-1383423,11,,,VIC,1387440883000,,61976350,1633693251000,1633693251000,22783,health,1.5,997280.0,FOI_22783
9667,48772376,997288,997288,,community venue,hall,,CHURCH HALL,Church Hall,,,,,,420823904,-1383470,11,,,VIC,1387440883000,,48772376,1446167259000,1446167259000,9667,community,1.0,997288.0,FOI_9667
20244,49090363,997296,997296,,community venue,community centre,,HIGHETT NEIGHBOURHOOD COMMUNITY HOUSE,Highett Neighbourhood Community House,,,,,,422875339,-1383466,11,,,VIC,1387440883000,,49090363,1458173253000,1458173253000,20244,community,1.0,997296.0,FOI_20244
33492,52249188,997375,997375,,admin facility,municipal office,,CIVIC CENTRE,Civic Centre,,,,,,424017686,-1383612,11,,,VIC,1389343742000,,52249188,1481313420000,1481313420000,33492,administration,1.5,997375.0,FOI_33492
51512,76959279,997392,997392,,education centre,secondary school,,AUBURN HIGH SCHOOL,Auburn High School,,,101,7526 C1,1788134400000.0,210384683,122865,10,,,VIC,1389614795000,,76959279,1788333231000,1788333231000,51512,school,1.5,997392.0,FOI_51512
10836,73696926,1001142,1001142,997415.0,community venue,hall,,2ND CLIFTON SCOUTS GROUP,2nd Clifton Scouts Group,WALKER STREET RESERVE,,,,,214795246,-1392366,11,,,VIC,1401786337000,,73696926,1756884454000,1756884454000,10836,community,1.0,997415.0,FOI_10836
10344,55841861,633010,633010,997455.0,community venue,hall,,MARK ST HALL,Mark St Hall,INNER CIRCLE-MARK STREET RESERVE,,,,,428172622,-616052,11,,,VIC,1250500065000,,55841861,1551298747000,1551298747000,10344,community,1.0,997455.0,FOI_10344
24453,76508236,997558,997558,,care facility,aged care,,VILLA MARIA CATHOLIC HOMES CORPUS CHRISTI AGED CARE RESIDENCE,Villa Maria Catholic Homes Corpus Christi Aged Care Residence,,,102,UID-67731,1781136000000.0,,-1678907,11,,,VIC,1390986743000,,76508236,1781594429000,1781594429000,24453,care,1.0,997558.0,FOI_24453
24564,76508352,997570,997570,,care facility,aged care,,BUPA CLAYTON,Bupa Clayton,,,102,UID-68222,1781136000000.0,207411144,-1384040,11,,,VIC,1390986743000,,76508352,1781594429000,1781594429000,24564,care,1.0,997570.0,FOI_24564
10207,53950302,632976,632976,998890.0,community venue,hall,,GLEN IRIS SCOUT HALL,Glen Iris Scout Hall,FERNDALE PARK,,,,,173776085,-616018,11,,,VIC,1250500065000,,53950302,1518206153000,1518206153000,10207,community,1.0,998890.0,FOI_10207
46671,76924404,1018640,1018640,999090.0,community venue,community centre,,KEW COURT HOUSE AND POLICE STATION CML,Kew Court House And Police Station Cml,,,307,797476,1786924800000.0,151145107,-2126230,11,,,VIC,1444995884000,,76924404,1787753574000,1787753574000,46671,community,1.0,999090.0,FOI_46671
9862,51471055,999184,999184,999121.0,community venue,hall,,7TH KEW SCOUT GROUP,7th Kew Scout Group,,,,,,151070362,-1388327,11,,,VIC,1396962465000,,51471055,1474438553000,1474438553000,9862,community,1.0,999121.0,FOI_9862
9573,46169299,999134,999134,,community venue,hall,,,,,,,,,50266381,-1388323,11,,,VIC,1396962465000,,46169299,1397032175000,1397032175000,9573,community,1.0,999134.0,FOI_9573
46825,76936205,999150,999150,,community venue,community centre,,CAMBERWELL CAMCARE CENTRE CML,Camberwell Camcare Centre Cml,,,307,528169,1786924800000.0,213461262,-2126259,11,,,VIC,1396962465000,,76936205,1787753664000,1787753664000,46825,community,1.0,999150.0,FOI_46825
22441,46169333,999168,999168,,community venue,senior citizens,,NORTH BALWYN RSL,North Balwyn Rsl,,,,,,50039255,-1388273,11,,,VIC,1396962465000,,46169333,1397032175000,1397032175000,22441,community,1.0,999168.0,FOI_22441
22440,46169251,999178,999178,,community venue,senior citizens,,CAMBERWELL RSL,Camberwell Rsl,,,,,,151143497,-1388309,11,,,VIC,1396962465000,,46169251,1397032175000,1397032175000,22440,community,1.0,999178.0,FOI_22440
21232,76987282,999219,999219,,community venue,hall,,4TH KEW SCOUTS,4th Kew Scouts,,,,,,173775927,-1388291,11,,,VIC,1396962465000,,76987282,1788960303000,1788960303000,21232,community,1.0,999219.0,FOI_21232
10163,52249725,999457,999457,,community venue,hall,,MALVERN TOWN HALL,Malvern Town Hall,,,,,,53474038,-1396814,11,,,VIC,1397573141000,,52249725,1481313420000,1481313420000,10163,community,1.0,999457.0,FOI_10163
9041,52249709,999490,999490,,cultural centre,museum,,MELBOURNE IMMIGRATION MUSEUM,Melbourne Immigration Museum,,,,,,53470993,-1388969,11,,,VIC,1397573141000,,52249709,1481313420000,1481313420000,9041,cultural,1.5,999490.0,FOI_9041
8990,46173576,999492,999492,,cultural centre,museum,,VILLA ALBA,Villa Alba,,,,,,54021484,-1388992,11,,,VIC,1397573141000,,46173576,1397631580000,1397631580000,8990,cultural,1.5,999492.0,FOI_8990
9571,46173608,999524,999524,,community venue,hall,,OAKLEIGH-CARNEGIE RSL,Oakleigh-Carnegie Rsl,,,,,,219040923,-1388936,11,,,VIC,1397573141000,,46173608,1397631580000,1397631580000,9571,community,1.0,999524.0,FOI_9571
24315,76069975,999580,999580,,landmark,tourist attraction,,GOVERNMENT HOUSE,Government House,,,,,,53474793,-1389077,11,,,VIC,1397730843000,,76069975,1772522094000,1772522094000,24315,tourism,1.5,999580.0,FOI_24315
9569,46211353,999734,999734,,community venue,hall,,ROYAL SOCIETY OF VICTORIA,Royal Society Of Victoria,,,,,,203165203,-1389575,11,,,VIC,1399374927000,,46211353,1399446008000,1399446008000,9569,community,1.0,999734.0,FOI_9569
2289,64564147,999933,999933,,cultural centre,library,,PRAHRAN BRAILLE LIBRARY,Prahran Braille Library,,,,,1393632000000.0,51051801,-1389991,11,,,VIC,1399912042000,,56587024,1563381562000,1655947963000,2289,cultural,1.5,999933.0,FOI_2289
10604,64587714,999953,999953,,community venue,hall,,2ND PRAHRAN SCOUT GROUP,2nd Prahran Scout Group,,,,,1393632000000.0,208462279,-1390016,11,,,VIC,1399912042000,,61979341,1633693332000,1655947964000,10604,community,1.0,999953.0,FOI_10604
10603,64556267,999959,999959,,community venue,hall,,PRAHRAN RSL,Prahran Rsl,,,,,1393632000000.0,54685660,-1390006,11,,,VIC,1399912042000,,61979343,1633693332000,1655947962000,10603,community,1.0,999959.0,FOI_10603
20388,64556266,999964,999964,,community venue,community centre,,GRATTEN GARDENS COMMUNITY CENTRE,Gratten Gardens Community Centre,,,,,1393632000000.0,208462486,-1389999,11,,,VIC,1399912042000,,56587041,1563381562000,1655947962000,20388,community,1.0,999964.0,FOI_20388
10533,64605035,999976,999976,,community venue,hall,,1ST MALVERN SCOUT GROUP,1st Malvern Scout Group,,,,,1393632000000.0,208465465,-1389988,11,,,VIC,1399912042000,,56587048,1563381562000,1655947965000,10533,community,1.0,999976.0,FOI_10533
3279,51472626,1001825,1001825,1000053.0,commercial facility,entertainment centre,,THE SPACE DANCE AND ARTS CENTRE,The Space Dance And Arts Centre,,,,,,208462060,-1393709,11,,,VIC,1403010276000,,51472626,1474438555000,1474438555000,3279,commercial,2.0,1000053.0,FOI_3279
24498,76508284,1000180,1000180,,care facility,aged care,,ARCARE CAULFIELD,Arcare Caulfield,,,102,UID-68982,1781136000000.0,53554418,-1390476,11,,,VIC,1400502674000,,76508284,1781594429000,1781594429000,24498,care,1.0,1000180.0,FOI_24498
2309,61976402,1000623,1000623,,cultural centre,library,,VICTORIAN MUSIC LIBRARY,Victorian Music Library,,,,,,432991139,-1391337,11,,,VIC,1401098845000,,61976402,1633693251000,1633693251000,2309,cultural,1.5,1000623.0,FOI_2309
9611,47393442,1000629,1000629,,community venue,hall,,ST CATHERINES HALL,St Catherines Hall,,,,,,218973405,-1391378,11,,,VIC,1401098845000,,47393442,1429596029000,1429596029000,9611,community,1.0,1000629.0,FOI_9611
9669,48772070,1000630,1000630,,community venue,hall,,4TH CAUFIELD SCOUT GROUP,4th Caufield Scout Group,,,,,,421940513,-1391347,11,,,VIC,1401098845000,,48772070,1446167259000,1446167259000,9669,community,1.0,1000630.0,FOI_9669
22444,47393448,1000635,1000635,,community venue,senior citizens,,BENTLEIGH SENIOR CITIZENS CENTRE,Bentleigh Senior Citizens Centre,,,,,,51888956,-1391342,11,,,VIC,1401098845000,,47393448,1429596029000,1429596029000,22444,community,1.0,1000635.0,FOI_22444
9605,47393451,1000638,1000638,,community venue,hall,,1ST MCKINNON SCOUTS,1st Mckinnon Scouts,,,,,,218973585,-1391395,11,,,VIC,1401098845000,,47393451,1429596029000,1429596029000,9605,community,1.0,1000638.0,FOI_9605
9606,47393454,1000641,1000641,,community venue,hall,,BENTLEIGH RSL,Bentleigh Rsl,,,,,,51889016,-1391336,11,,,VIC,1401098845000,,47393454,1429596029000,1429596029000,9606,community,1.0,1000641.0,FOI_9606
9607,47393455,1000642,1000642,,community venue,hall,,MELBOURNE ROSICRUCIAN CENTRE,Melbourne Rosicrucian Centre,,,,,,50339415,-1391391,11,,,VIC,1401098845000,,47393455,1429596029000,1429596029000,9607,community,1.0,1000642.0,FOI_9607
9608,47393461,1000648,1000648,,community venue,hall,,EAST BENTLEIGH HALL,East Bentleigh Hall,,,,,,207418549,-1391404,11,,,VIC,1401098845000,,47393461,1429596029000,1429596029000,9608,community,1.0,1000648.0,FOI_9608
9609,47393475,1000662,1000662,,community venue,hall,,2ND CAUFIELD SCOUT GROUP,2nd Caufield Scout Group,,,,,,209736635,-1391367,11,,,VIC,1401098845000,,47393475,1429596029000,1429596029000,9609,community,1.0,1000662.0,FOI_9609
20078,68286216,1000675,1000675,,education centre,further education,,GLEN EIRA ADULT LEARNING CENTRE,Glen Eira Adult Learning Centre,,,,,,,-1391366,11,,,VIC,1401098845000,,68286216,1689318438000,1689318438000,20078,higher_education,3.0,1000675.0,FOI_20078
9612,47393489,1000676,1000676,,community venue,hall,,ST ANTHONYS PARISH HALL,St Anthonys Parish Hall,,,,,,51909785,-1391386,11,,,VIC,1401098845000,,47393489,1429596029000,1429596029000,9612,community,1.0,1000676.0,FOI_9612
9135,69951982,1000677,1000677,,cultural centre,museum,,JEWISH HOLOCAUST MUSEUM,Jewish Holocaust Museum,,,,,,,-1391396,11,,,VIC,1401098845000,,69951982,1705043201000,1705043201000,9135,cultural,1.5,1000677.0,FOI_9135
22445,47393493,1000680,1000680,,community venue,senior citizens,,ORMOND SENIOR CITIZENS CENTRE,Ormond Senior Citizens Centre,,,,,,50292865,-1391374,11,,,VIC,1401098845000,,47393493,1429596029000,1429596029000,22445,community,1.0,1000680.0,FOI_22445
22446,47393494,1000681,1000681,,community venue,senior citizens,,EAST BENTLEIGH SENIOR CITIZENS CENTRE,East Bentleigh Senior Citizens Centre,,,,,,50350373,-1391412,11,,,VIC,1401098845000,,47393494,1429596029000,1429596029000,22446,community,1.0,1000681.0,FOI_22446
9610,47393499,1000686,1000686,,community venue,hall,,,,,,,,,51908008,-1391385,11,,,VIC,1401098845000,,47393499,1429596029000,1429596029000,9610,community,1.0,1000686.0,FOI_9610
10709,68286218,1000687,1000687,,community venue,hall,,ORMOND UNITING HALL,Ormond Uniting Hall,,,,,,,-1391361,11,,,VIC,1401098845000,,68286218,1689318438000,1689318438000,10709,community,1.0,1000687.0,FOI_10709
10634,61976406,1000692,1000692,,community venue,hall,,CAUFIELD RSL,Caufield Rsl,,,,,,51909069,-1391354,11,,,VIC,1401098845000,,61976406,1633693251000,1633693251000,10634,community,1.0,1000692.0,FOI_10634
3306,61976407,1000970,1000970,1000855.0,commercial facility,entertainment centre,,CLASSIC CINEMA,Classic Cinema,,,,,,218972535,-1392065,11,,,VIC,1401382813000,,61976407,1633693251000,1633693251000,3306,commercial,2.0,1000855.0,FOI_3306
3292,52249382,1000956,1000956,,commercial facility,entertainment centre,,SOUTHBANK THEATRE,Southbank Theatre,,,,,,212097072,-1392035,11,,,VIC,1401382813000,,52249382,1481313420000,1481313420000,3292,commercial,2.0,1000956.0,FOI_3292
26848,52249507,1000958,1000958,,admin facility,office,,OLD TREASURY BUILDING,Old Treasury Building,,,,,,203471701,-1392050,11,,,VIC,1401382813000,,52249507,1481313420000,1481313420000,26848,administration,1.5,1000958.0,FOI_26848
2244,52249110,1000963,1000963,,cultural centre,library,,PUBLIC RECORD OFFICE VICTORIA,Public Record Office Victoria,,,,,,203471776,-1392064,11,,,VIC,1401382813000,,52249110,1481313420000,1481313420000,2244,cultural,1.5,1000963.0,FOI_2244
3295,52249689,1000964,1000964,,commercial facility,entertainment centre,,REGENT THEATRE,Regent Theatre,,,,,,203471083,-1392025,11,,,VIC,1401382813000,,52249689,1481313420000,1481313420000,3295,commercial,2.0,1000964.0,FOI_3295
3291,52249381,1000965,1000965,,commercial facility,entertainment centre,,MELBOURNE RECITAL HALL,Melbourne Recital Hall,,,,,,212097072,-1392014,11,,,VIC,1401382813000,,52249381,1481313420000,1481313420000,3291,commercial,2.0,1000965.0,FOI_3291
3288,52249370,1000971,1000971,,commercial facility,entertainment centre,,THE PLAYHOUSE,The Playhouse,,,,,,203260188,-1392030,11,,,VIC,1401382813000,,52249370,1481313420000,1481313420000,3288,commercial,2.0,1000971.0,FOI_3288
3289,52249371,1000983,1000983,,commercial facility,entertainment centre,,FAIRFAX STUDIO,Fairfax Studio,,,,,,203260188,-1392053,11,,,VIC,1401382813000,,52249371,1481313420000,1481313420000,3289,commercial,2.0,1000983.0,FOI_3289
51072,76003344,1000993,1000993,,cultural centre,museum,,LATROBES COTTAGE,Latrobes Cottage,,,,,,203163859,-1392041,11,,,VIC,1401382813000,,76003344,1771485749000,1771485749000,51072,cultural,1.5,1000993.0,FOI_51072
3261,46290338,1000994,1000994,,commercial facility,entertainment centre,,ATHENAEUM THEATRE,Athenaeum Theatre,,,,,,203460854,-1392061,11,,,VIC,1401382813000,,46290338,1401433238000,1401433238000,3261,commercial,2.0,1000994.0,FOI_3261
3262,46290339,1000995,1000995,,commercial facility,entertainment centre,,ASTOR THEATRE,Astor Theatre,,,,,,219061820,-1392076,11,,,VIC,1401382813000,,46290339,1401433238000,1401433238000,3262,commercial,2.0,1000995.0,FOI_3262
33493,52249189,1001003,1001003,,admin facility,municipal office,,BANYULE CITY COUNCIL - GREENSBOROUGH SERVICE CENTRE,Banyule City Council - Greensborough Service Centre,,,,,,424017686,-1392031,11,,,VIC,1401382813000,,52249189,1481313420000,1481313420000,33493,administration,1.5,1001003.0,FOI_33493
3296,52249690,1001005,1001005,,commercial facility,entertainment centre,,FORUM THEATRE,Forum Theatre,,,,,,212747631,-1392047,11,,,VIC,1401382813000,,52249690,1481313420000,1481313420000,3296,commercial,2.0,1001005.0,FOI_3296
3284,52249439,1001006,1001006,,commercial facility,entertainment centre,,PRINCESS THEATRE,Princess Theatre,,,,,,203461372,-1392034,11,,,VIC,1401382813000,,52249439,1481313420000,1481313420000,3284,commercial,2.0,1001006.0,FOI_3284
8991,46290362,1001018,1001018,,cultural centre,museum,,JOHNSON COLLECTION,Johnson Collection,,,,,,50119583,-1392012,11,,,VIC,1401382813000,,46290362,1401433238000,1401433238000,8991,cultural,1.5,1001018.0,FOI_8991
3285,52249499,1001019,1001019,,commercial facility,entertainment centre,,HER MAJESTYS THEATRE,Her Majestys Theatre,,,,,,203474296,-1392033,11,,,VIC,1401382813000,,52249499,1481313420000,1481313420000,3285,commercial,2.0,1001019.0,FOI_3285
27214,61979143,1001045,1001045,,landmark,tourist attraction,,COMO HOUSE,Como House,,,,,,50733915,-1392144,11,,,VIC,1401444829000,,61979143,1633693283000,1633693283000,27214,tourism,1.5,1001045.0,FOI_27214
9579,46296626,1001141,1001141,,community venue,hall,,ST MARKS HALL,St Marks Hall,,,,,,219088411,-1392400,11,,,VIC,1401786337000,,46296626,1401867044000,1401867044000,9579,community,1.0,1001141.0,FOI_9579
47000,76450585,1001147,1001147,,cultural centre,art gallery,,HERRING ISLAND GALLERY,Herring Island Gallery,,,,,,51464166,-1392389,11,,,VIC,1401786337000,,76450585,1780643556000,1780643556000,47000,cultural,1.5,1001147.0,FOI_47000
2526,61976416,1001159,1001159,,community venue,neighbourhood house,,FINBAR NEIGHBOURHOOD HOUSE,Finbar Neighbourhood House,,,,,,50487890,-1392390,11,,,VIC,1401786337000,,61976416,1633693251000,1633693251000,2526,community,1.0,1001159.0,FOI_2526
2498,46296656,1001171,1001171,,community venue,neighbourhood house,,BELGIUM AVENUE NEIGHBOURHOOD HOUSE,Belgium Avenue Neighbourhood House,,,,,,50485648,-1392372,11,,,VIC,1401786337000,,46296656,1401867044000,1401867044000,2498,community,1.0,1001171.0,FOI_2498
9580,46296661,1001176,1001176,,community venue,hall,,ST BARTHOLOMEWS HALL,St Bartholomews Hall,,,,,,50667043,-1392403,11,,,VIC,1401786337000,,46296661,1401867045000,1401867045000,9580,community,1.0,1001176.0,FOI_9580
20234,46296666,1001181,1001181,,community venue,community centre,,PRINCES HILL COMMUNITY CENTRE,Princes Hill Community Centre,,,,,,219086696,-1392391,11,,,VIC,1401786337000,,46296666,1401867045000,1401867045000,20234,community,1.0,1001181.0,FOI_20234
27086,48772382,1001365,1001365,,landmark,tourist attraction,,MELBOURNE STAR OBSERVATION WHEEL,Melbourne Star Observation Wheel,,,,,,420624234,-1392778,11,,,VIC,1401888717000,,48772382,1446167259000,1446167259000,27086,tourism,1.5,1001365.0,FOI_27086
51069,76003341,1001381,1001381,,cultural centre,museum,,MELBOURNE MUSEUM,Melbourne Museum,,,,,,203472652,-1392938,11,,,VIC,1402047684000,,76003341,1771485749000,1771485749000,51069,cultural,1.5,1001381.0,FOI_51069
28483,46302297,1001382,1001382,,cultural centre,art gallery,,LINDEN CENTRE FOR CONTEMPORARY ARTS,Linden Centre For Contemporary Arts,,,,,,50528918,-1392905,11,,,VIC,1402047684000,,46302297,1402087243000,1402087243000,28483,cultural,1.5,1001382.0,FOI_28483
10635,61976418,1001392,1001392,,community venue,hall,,MASONIC HALL SANDRINGHAM,Masonic Hall Sandringham,,,,,,51717949,-1392956,11,,,VIC,1402047684000,,61976418,1633693251000,1633693251000,10635,community,1.0,1001392.0,FOI_10635
28481,46302308,1001393,1001393,,cultural centre,art gallery,,ANNA PAPPAS GALLERY,Anna Pappas Gallery,,,,,,50928213,-1392901,11,,,VIC,1402047684000,,46302308,1402087243000,1402087243000,28481,cultural,1.5,1001393.0,FOI_28481
10778,71167082,1001394,1001394,,community venue,hall,,NORTHCOTE TOWN HALL,Northcote Town Hall,,,,,,,-1392952,11,,,VIC,1402047684000,,71167082,1723533012000,1723533012000,10778,community,1.0,1001394.0,FOI_10778
51077,76003349,1001412,1001412,,cultural centre,museum,,NATIONAL SPORTS MUSEUM,National Sports Museum,,,,,,203474875,-1392946,11,,,VIC,1402047684000,,76003349,1771485749000,1771485749000,51077,cultural,1.5,1001412.0,FOI_51077
51065,76003336,1001414,1001414,,cultural centre,art gallery,,AUSTRALIAN CENTRE FOR THE MOVING IMAGE (ACMI),Australian Centre For The Moving Image (Acmi),,,,,,203256125,-1392948,11,,,VIC,1402047684000,,76003336,1771485749000,1771485749000,51065,cultural,1.5,1001414.0,FOI_51065
9036,52249447,1001419,1001419,,cultural centre,museum,,AUSTRALIAN CENTRE FOR THE CONTEMPORARY ART,Australian Centre For The Contemporary Art,,,,,,203475457,-1392884,11,,,VIC,1402047684000,,52249447,1481313420000,1481313420000,9036,cultural,1.5,1001419.0,FOI_9036
51064,76003335,1001427,1001427,,cultural centre,art gallery,,THE IAN POTTER CENTRE NGV AUSTRALIA,The Ian Potter Centre Ngv Australia,,,,,,203256125,-1392918,11,,,VIC,1402047684000,,76003335,1771485749000,1771485749000,51064,cultural,1.5,1001427.0,FOI_51064
51066,76003337,1001438,1001438,,cultural centre,museum,,CHAMPIONS AUSTRALIAN RACING MUSEUM,Champions Australian Racing Museum,,,,,,203256125,-1392913,11,,,VIC,1402047684000,,76003337,1771485749000,1771485749000,51066,cultural,1.5,1001438.0,FOI_51066
28498,51470278,1003328,1003328,1001473.0,cultural centre,art gallery,,SUTTON CENTRE,Sutton Centre,,,,,,51148843,-1396828,11,,,VIC,1410427105000,,51470278,1474438553000,1474438553000,28498,cultural,1.5,1001473.0,FOI_28498
2226,64578515,702495,702495,1001502.0,cultural centre,library,,NORTH FITZROY LIBRARY,North Fitzroy Library,,,134,,1262304000000.0,150409841,-769716,11,,,VIC,1275927337000,,51469596,1474438552000,1655947964000,2226,cultural,1.5,1001502.0,FOI_2226
3281,51471871,1008570,1008570,1001568.0,commercial facility,entertainment centre,,THE VAL,The Val,,,,,,51100712,-1408130,11,,,VIC,1423760395000,,51471871,1474438554000,1474438554000,3281,commercial,2.0,1001568.0,FOI_3281
28500,51470687,1001841,1001841,1001729.0,cultural centre,art gallery,,AUSTRALIAN PRINT WORKSHOP GALLERY,Australian Print Workshop Gallery,,,,,,151918351,-1393697,11,,,VIC,1403010276000,,51470687,1474438553000,1474438553000,28500,cultural,1.5,1001729.0,FOI_28500
8992,46306138,1001779,1001779,,cultural centre,museum,,NAPIER WALLER HOUSE,Napier Waller House,,,,,,51500122,-1393610,11,,,VIC,1402574018000,,46306138,1402642861000,1402642861000,8992,cultural,1.5,1001779.0,FOI_8992
28487,46327408,1001803,1001803,,cultural centre,art gallery,,INCINERATOR GALLERY,Incinerator Gallery,,,,,,219045558,-1393736,11,,,VIC,1403010276000,,46327408,1403076659000,1403076659000,28487,cultural,1.5,1001803.0,FOI_28487
3264,46327421,1001816,1001816,,commercial facility,entertainment centre,,NATIONAL THEATRE,National Theatre,,,,,,219060689,-1393706,11,,,VIC,1403010276000,,46327421,1403076659000,1403076659000,3264,commercial,2.0,1001816.0,FOI_3264
27164,52676909,1001991,1001991,,landmark,tourist attraction,,RIPPON LEA,Rippon Lea,,,,,,218973735,-1394048,11,,,VIC,1403180204000,,52676909,1487360472000,1487360472000,27164,tourism,1.5,1001991.0,FOI_27164
27068,46332848,1001993,1001993,,landmark,tourist attraction,,LABASSA MANSION,Labassa Mansion,,,,,,218972515,-1394050,11,,,VIC,1403180204000,,46332848,1403251268000,1403251268000,27068,tourism,1.5,1001993.0,FOI_27068
2310,61976423,1001994,1001994,,cultural centre,library,,LIBRARY AT THE DOCK,Library At The Dock,,,,,,432388191,-1394052,11,,,VIC,1403187332000,,61976423,1633693251000,1633693251000,2310,cultural,1.5,1001994.0,FOI_2310
2957,76316223,137804,137804,1002032.0,hospital,day procedure centre,,FOREST HILL DIALYSIS CLINIC,Forest Hill Dialysis Clinic,,,104,8180,1777420800000.0,150041744,-1896382,11,,,VIC,1242871617000,,76316223,1778224435000,1778224435000,2957,hospital,3.0,1002032.0,FOI_2957
10655,61979145,1002042,1002042,,community venue,hall,,DALLAS BROOKS CENTRE,Dallas Brooks Centre,,,,,,430259602,-1394231,11,,,VIC,1404389207000,,61979145,1633693283000,1633693283000,10655,community,1.0,1002042.0,FOI_10655
26407,46340592,1002053,1002053,,admin facility,law court,,FEDERAL COURT AUSTRALIA,Federal Court Australia,,,,,,203461495,-1394211,11,,,VIC,1404389207000,,46340592,1404455484000,1404455484000,26407,administration,1.5,1002053.0,FOI_26407
51074,76003346,1002054,1002054,,community venue,community centre,,KENSINGTON NEIGHBOURHOOD CENTRE,Kensington Neighbourhood Centre,,,343,618398,1770163200000.0,211497147,-1394206,11,,,VIC,1404389207000,,76003346,1771485749000,1771485749000,51074,community,1.0,1002054.0,FOI_51074
2499,46340593,1002058,1002058,,community venue,neighbourhood house,,JEAN MCKENDRY NEIGHBOURHOOD CENTRE,Jean Mckendry Neighbourhood Centre,,,,,,219720240,-1394233,11,,,VIC,1404389207000,,46340593,1404455484000,1404455484000,2499,community,1.0,1002058.0,FOI_2499
9582,46340590,1002059,1002059,,community venue,hall,,UNITING CHURCH ELM ST HALL,Uniting Church Elm St Hall,,,,,,203473096,-1394234,11,,,VIC,1404389207000,,46340590,1404455484000,1404455484000,9582,community,1.0,1002059.0,FOI_9582
10159,52249687,1002069,1002069,,community venue,hall,,MELBOURNE TOWN HALL,Melbourne Town Hall,,,,,,203254541,-1394228,11,,,VIC,1404389207000,,52249687,1481313420000,1481313420000,10159,community,1.0,1002069.0,FOI_10159
9039,52249508,1002078,1002078,,cultural centre,museum,,OLD TREASURY BUILDING,Old Treasury Building,,,,,,203471701,-1394201,11,,,VIC,1404389207000,,52249508,1481313420000,1481313420000,9039,cultural,1.5,1002078.0,FOI_9039
50974,75989996,1002079,1002079,,cultural centre,museum,,HELLENIC MUSEUM,Hellenic Museum,,,,,,203156376,-1394205,11,,,VIC,1404389207000,,75989996,1771485713000,1771485713000,50974,cultural,1.5,1002079.0,FOI_50974
3265,46342548,1002182,1002182,,commercial facility,entertainment centre,,THE MALTHOUSE,The Malthouse,,,,,,203460261,-1394442,11,,,VIC,1404740365000,,46342548,1404801089000,1404801089000,3265,commercial,2.0,1002182.0,FOI_3265
50975,75989998,1004940,1004940,1002213.0,commercial facility,entertainment centre,,CINEMA NOVA,Cinema Nova,LYGON COURT SHOPPING PLAZA,,,,,203471356,-1400663,11,,,VIC,1421166564000,,75989998,1771485713000,1771485713000,50975,commercial,2.0,1002213.0,FOI_50975
2228,64586413,702496,702496,1002238.0,cultural centre,library,,NORTH MELBOURNE LIBRARY,North Melbourne Library,,,134,,1262304000000.0,50472274,-769717,11,,,VIC,1275927337000,,51470660,1474438553000,1655947964000,2228,cultural,1.5,1002238.0,FOI_2228
24411,76508191,1002425,1002425,,care facility,aged care,,RATHDOWNE PLACE,Rathdowne Place,,,102,UID-68832,1781136000000.0,421046489,-1394937,11,,,VIC,1405525813000,,76508191,1781594428000,1781594428000,24411,care,1.0,1002425.0,FOI_24411
22601,46632649,1002635,1002635,,sport facility,boating club,,ROYAL MELBOURNE YACHT SQUADRON,Royal Melbourne Yacht Squadron,,,,,,53153056,-1395441,11,,,VIC,1408014098000,,46632649,1408086142000,1408086142000,22601,sport,1.0,1002635.0,FOI_22601
27219,62382815,1137891,1137891,1002648.0,landmark,tourist attraction,,PLAY PAVILION,Play Pavilion,ST KILDA BOTANICAL GARDENS,,358,Dpp2000.32.439,,219061463,-1674375,11,,,VIC,1465463392000,,62382815,1637047556000,1637047556000,27219,tourism,1.5,1002648.0,FOI_27219
9589,46632693,1002680,1002680,,community venue,hall,,OUR LADY OF MT CARMEL HALL,Our Lady Of Mt Carmel Hall,,,,,,53552210,-1395579,11,,,VIC,1408015248000,,46632693,1408086142000,1408086142000,9589,community,1.0,1002680.0,FOI_9589
9590,46632694,1002681,1002681,,community venue,hall,,ELWOOD PRESBYTERIAN CHURCH HALL,Elwood Presbyterian Church Hall,,,,,,211358955,-1395551,11,,,VIC,1408015248000,,46632694,1408086142000,1408086142000,9590,community,1.0,1002681.0,FOI_9590
8997,46677644,1002687,1002687,,cultural centre,museum,,JEWISH MUSEUM OF AUSTRALIA,Jewish Museum Of Australia,,,,,,50532305,-1396831,11,,,VIC,1408015248000,,46677644,1410508972000,1410508972000,8997,cultural,1.5,1002687.0,FOI_8997
20470,68561034,1002691,1002691,,community venue,community centre,,FISHERMANS BEND COMMUNITY CENTRE,Fishermans Bend Community Centre,,,358,,1693440000000.0,53552785,-1395548,11,,,VIC,1408015248000,,68561034,1693984011000,1693984011000,20470,community,1.0,1002691.0,FOI_20470
9588,46632706,1002693,1002693,,community venue,hall,,GREGORY HALL,Gregory Hall,,,,,,219058862,-1395569,11,,,VIC,1408015248000,,46632706,1408086142000,1408086142000,9588,community,1.0,1002693.0,FOI_9588
2501,46632718,1002705,1002705,,community venue,neighbourhood house,,PORT MELBOURNE NEIGHBOURHOOD HOUSE,Port Melbourne Neighbourhood House,,,,,,220279191,-1395540,11,,,VIC,1408015248000,,46632718,1408086142000,1408086142000,2501,community,1.0,1002705.0,FOI_2501
3294,52249154,1002706,1002706,,commercial facility,entertainment centre,,ST KILDA PALAIS THEATRE,St Kilda Palais Theatre,,,,,,219062627,-1395554,11,,,VIC,1408015248000,,52249154,1481313420000,1481313420000,3294,commercial,2.0,1002706.0,FOI_3294
10595,60088152,1002714,1002714,,community venue,hall,,WESLEYAN HALL,Wesleyan Hall,,,,,,426129906,-1395578,11,,,VIC,1408015248000,,60088152,1621928214000,1621928214000,10595,community,1.0,1002714.0,FOI_10595
9591,46632728,1002715,1002715,,community venue,hall,,HOLY TRINITY HALL,Holy Trinity Hall,,,,,,219061949,-1395545,11,,,VIC,1408015248000,,46632728,1408086142000,1408086142000,9591,community,1.0,1002715.0,FOI_9591
20536,74583570,1002727,1002727,,community venue,community centre,,BETTY DAY COMMUNITY CENTRE,Betty Day Community Centre,,,358,,1693440000000.0,219061817,130464,10,,,VIC,1408015248000,,74583570,1760598781000,1760598781000,20536,community,1.0,1002727.0,FOI_20536
51292,76448896,1137829,1137829,1002899.0,landmark,tourist attraction,,BRINSMEADS PHARMACY,Brinsmeads Pharmacy,,,358,20,,219060134,-1975723,11,,,VIC,1465463392000,,76448896,1780643521000,1780643521000,51292,tourism,1.5,1002899.0,FOI_51292
51291,76448895,1137810,1137810,1002920.0,landmark,tourist attraction,,THE BILTMORE,The Biltmore,,,358,12,,206411406,-1674374,11,,,VIC,1465463392000,,76448895,1780643521000,1780643521000,51291,tourism,1.5,1002920.0,FOI_51291
10089,51473996,1002729,1002729,1003090.0,community venue,hall,,1ST ELWOOD SCOUT GROUP,1st Elwood Scout Group,,,,,,50607553,-1395583,11,,,VIC,1408015248000,,51473996,1474438556000,1474438556000,10089,community,1.0,1003090.0,FOI_10089
10086,51473490,1019534,1019534,1003149.0,community venue,hall,,ST KILDA MEMORIAL HALL,St Kilda Memorial Hall,,,,,,219061673,-1437462,11,,,VIC,1447685028000,,51473490,1474438556000,1474438556000,10086,community,1.0,1003149.0,FOI_10086
27080,46676888,1003295,1003295,,landmark,tourist attraction,,BOYD HOUSE,Boyd House,,,,,,50785261,-1396756,11,,,VIC,1410364814000,,46676888,1410422576000,1410422576000,27080,tourism,1.5,1003295.0,FOI_27080
3266,46677648,1003302,1003302,,commercial facility,entertainment centre,,THEATRE WORKS,Theatre Works,,,,,,219061808,-1396806,11,,,VIC,1410427105000,,46677648,1410508972000,1410508972000,3266,commercial,2.0,1003302.0,FOI_3266
3314,64781690,1003309,1003309,,commercial facility,entertainment centre,,BAYSIDE ARTS AND CULTURAL CENTRE,Bayside Arts And Cultural Centre,,,,,,172292169,-1396848,11,,,VIC,1410427105000,,64781690,1658320561000,1658320561000,3314,commercial,2.0,1003309.0,FOI_3314
3290,52249379,1003310,1003310,,commercial facility,entertainment centre,,HAWTHORN ARTS CENTRE,Hawthorn Arts Centre,,,,,,151068038,-1396837,11,,,VIC,1410427105000,,52249379,1481313420000,1481313420000,3290,commercial,2.0,1003310.0,FOI_3290
9583,46677669,1003323,1003323,,community venue,hall,,THE DRILL HALL,The Drill Hall,,,,,,219008171,-1396826,11,,,VIC,1410427105000,,46677669,1410508973000,1410508973000,9583,community,1.0,1003323.0,FOI_9583
3308,61976428,1003337,1003337,,commercial facility,entertainment centre,,THORNBURY THEATRE,Thornbury Theatre,,,,,,218965818,-1396842,11,,,VIC,1410427105000,,61976428,1633693251000,1633693251000,3308,commercial,2.0,1003337.0,FOI_3308
20237,46724690,1003856,1003856,,community venue,community centre,,GLENROY CITIZEN SERVICE CENTRE,Glenroy Citizen Service Centre,,,,,,219056732,-1397917,11,,,VIC,1412254420000,,46724690,1412323399000,1412323399000,20237,community,1.0,1003856.0,FOI_20237
9594,46725620,1003873,1003873,,community venue,hall,,NORTHCOTE SOCIAL CLUB,Northcote Social Club,,,,,,50132676,-1397973,11,,,VIC,1412341874000,,46725620,1412374399000,1412374399000,9594,community,1.0,1003873.0,FOI_9594
26409,52249383,1004003,1004003,,admin facility,law court,,VICTORIAN INSTITUTE OF FORENSIC MEDICINE,Victorian Institute Of Forensic Medicine,,,,,,203460236,-1398222,11,,,VIC,1413372727000,,52249383,1481313420000,1481313420000,26409,administration,1.5,1004003.0,FOI_26409
26408,52249441,1004004,1004004,,admin facility,law court,,CORONERS COURT,Coroners Court,,,,,,203460236,-1398223,11,,,VIC,1413372727000,,52249441,1481313420000,1481313420000,26408,administration,1.5,1004004.0,FOI_26408
26410,52249711,1004005,1004005,,admin facility,law court,,VICTORIAN CIVIL AND ADMINISTRATIVE TRIBUNAL,Victorian Civil And Administrative Tribunal,,,,,,203474194,-1398239,11,,,VIC,1413467174000,,52249711,1481313420000,1481313420000,26410,administration,1.5,1004005.0,FOI_26410
21193,76317596,1004077,1004077,,hospital,day procedure centre,,GENESISCARE RADIATION ONCOLOGY CENTRE FOOTSCRAY (WESTERN PRIVATE HOSPITAL),Genesiscare Radiation Oncology Centre Footscray (Western Private Hospital),,,104,8240,1777420800000.0,215025972,-2112250,11,,,VIC,1413892511000,,76317596,1778224466000,1778224466000,21193,hospital,3.0,1004077.0,FOI_21193
51062,76003333,1004414,1004414,,commercial facility,entertainment centre,,THE WHEELER CENTRE,The Wheeler Centre,,,,,,203167262,-1399070,11,,,VIC,1415708457000,,76003333,1771485749000,1771485749000,51062,commercial,2.0,1004414.0,FOI_51062
51075,76003347,1004417,1004417,,commercial facility,entertainment centre,,LA MAMA THEATRE,La Mama Theatre,,,,,,203472511,-1399073,11,,,VIC,1415708457000,,76003347,1771485749000,1771485749000,51075,commercial,2.0,1004417.0,FOI_51075
51114,76003395,1004426,1004426,,landmark,tourist attraction,,EUREKA TOWER,Eureka Tower,,,,,,203522006,-1399096,11,,,VIC,1415709119000,,76003395,1771485749000,1771485749000,51114,tourism,1.5,1004426.0,FOI_51114
33465,46959726,1004922,1004922,,admin facility,municipal office,,MONASH-OAKLEIGH SERVICE CENTRE,Monash-Oakleigh Service Centre,,,,,,52174250,-1400623,11,,,VIC,1421166564000,,46959726,1421219114000,1421219114000,33465,administration,1.5,1004922.0,FOI_33465
20227,46959737,1004933,1004933,,community venue,community centre,,LIVINGSTONE COMMUNITY CENTRE,Livingstone Community Centre,,,,,,50360495,-1400640,11,,,VIC,1421166564000,,46959737,1421219114000,1421219114000,20227,community,1.0,1004933.0,FOI_20227
9564,46959746,1004942,1004942,,community venue,hall,,COLLINGWOOD SAILORS AND SOLDIERS MEMORIAL HALL,Collingwood Sailors And Soldiers Memorial Hall,,,,,,50968206,-1400625,11,,,VIC,1421166564000,,46959746,1421219114000,1421219114000,9564,community,1.0,1004942.0,FOI_9564
3259,46959749,1004945,1004945,,commercial facility,entertainment centre,,MELBA SPIEGELTENT,Melba Spiegeltent,,,,,,219087872,-1400644,11,,,VIC,1421166564000,,46959749,1421219114000,1421219114000,3259,commercial,2.0,1004945.0,FOI_3259
9565,46959751,1004947,1004947,,community venue,hall,,YARRAVILLE MASONIC HALL,Yarraville Masonic Hall,,,,,,50995259,-1400654,11,,,VIC,1421166564000,,46959751,1421219114000,1421219114000,9565,community,1.0,1004947.0,FOI_9565
8986,46959756,1004952,1004952,,cultural centre,museum,,GRAINGER MUSEUM,Grainger Museum,,,,,,50793981,-1400636,11,,,VIC,1421166564000,,46959756,1421219114000,1421219114000,8986,cultural,1.5,1004952.0,FOI_8986
3258,46959761,1004957,1004957,,commercial facility,entertainment centre,,DANCEHOUSE,Dancehouse,,,,,,50333069,-1400630,11,,,VIC,1421166564000,,46959761,1421219114000,1421219114000,3258,commercial,2.0,1004957.0,FOI_3258
44110,61976436,1005021,1005021,,sport facility,swimming pool,,,,,,,,,430381810,-1686166,11,,,VIC,1421244293000,,61976436,1633693251000,1633693251000,44110,sport,1.0,1005021.0,FOI_44110
27465,73613132,1005022,1005022,,landmark,tourist attraction,,OLD MELBOURNE GAOL,Old Melbourne Gaol,,,,,,50715102,-1400793,11,,,VIC,1421244293000,,73613132,1755242018000,1755242018000,27465,tourism,1.5,1005022.0,FOI_27465
20865,76317444,135983,135983,1005172.0,hospital,general hospital,,BUNDOORA CENTRE,Bundoora Centre,,,104,1090,1777420800000.0,218962606,-1978312,11,,,VIC,1242871604000,,76317444,1778224466000,1778224466000,20865,hospital,3.0,1005172.0,FOI_20865
20985,76317502,140761,140761,1005186.0,hospital,general hospital,,MITCHAM PRIVATE HOSPITAL,Mitcham Private Hospital,,,104,8440,1777420800000.0,150613680,-129101,11,,,VIC,1242871638000,,76317502,1778224466000,1778224466000,20985,hospital,3.0,1005186.0,FOI_20985
21027,76317526,142828,142828,1005187.0,hospital,general hospital,,CABRINI MALVERN,Cabrini Malvern,,,104,6510,1777420800000.0,208463941,-1896412,11,,,VIC,1242871654000,,76317526,1778224466000,1778224466000,21027,hospital,3.0,1005187.0,FOI_21027
20966,76317499,140424,140424,1005190.0,hospital,general hospital,,MASADA PRIVATE HOSPITAL,Masada Private Hospital,,,104,7910,1777420800000.0,50240732,-128765,11,,,VIC,1242871635000,,76317499,1778224466000,1778224466000,20966,hospital,3.0,1005190.0,FOI_20966
20951,76317488,139976,139976,1005191.0,hospital,general hospital,,LINACRE PRIVATE HOSPITAL,Linacre Private Hospital,,,104,6880,1777420800000.0,54227806,-128322,11,,,VIC,1242871632000,,76317488,1778224466000,1778224466000,20951,hospital,3.0,1005191.0,FOI_20951
20830,76317431,134970,134970,1005206.0,hospital,general hospital,,HEIDELBERG REPATRIATION HOSPITAL,Heidelberg Repatriation Hospital,,,104,1032,1777420800000.0,50174822,-1896329,11,,,VIC,1242871597000,,76317431,1778224466000,1778224466000,20830,hospital,3.0,1005206.0,FOI_20830
21024,76317523,142596,142596,1005209.0,hospital,general hospital,,ROYAL TALBOT REHABILITATION CENTRE,Royal Talbot Rehabilitation Centre,,,104,3220,1777420800000.0,218753447,-1896406,11,,,VIC,1242871652000,,76317523,1778224466000,1778224466000,21024,hospital,3.0,1005209.0,FOI_21024
2555,76321212,898270,898270,1005210.0,hospital,general hospital,,FOOTSCRAY HOSPITAL,Footscray Hospital,,,104,1180,1777420800000.0,459543237,131349,10,,,VIC,1310485633000,,76321212,1778570162000,1778570162000,2555,hospital,3.0,1005210.0,FOI_2555
21079,76317546,144200,144200,1005222.0,hospital,general hospital,,RAMSAY CLINIC ALBERT ROAD,Ramsay Clinic Albert Road,,,104,6950,1777420800000.0,50854652,-1978322,11,,,VIC,1242871666000,,76317546,1778224466000,1778224466000,21079,hospital,3.0,1005222.0,FOI_21079
21099,76317564,612258,612258,1005224.0,hospital,general hospital,,WAVERLEY PRIVATE HOSPITAL,Waverley Private Hospital,,,104,6600,1777420800000.0,150049826,-600580,11,,,VIC,1242875241000,,76317564,1778224466000,1778224466000,21099,hospital,3.0,1005224.0,FOI_21099
21057,76317529,143055,143055,1005225.0,hospital,day procedure centre,,SIR JOHN MONASH PRIVATE HOSPITAL,Sir John Monash Private Hospital,,,104,6930,1777420800000.0,150046444,-2090613,11,,,VIC,1242871656000,,76317529,1778224466000,1778224466000,21057,hospital,3.0,1005225.0,FOI_21057
20988,76317505,140816,140816,1005226.0,hospital,general hospital,,MONASH SURGICAL PRIVATE HOSPITAL,Monash Surgical Private Hospital,,,104,6320,1777420800000.0,219039149,-1896407,11,,,VIC,1242871638000,,76317505,1778224466000,1778224466000,20988,hospital,3.0,1005226.0,FOI_20988
21093,76317558,144636,144636,1005235.0,hospital,general hospital,,TWEDDLE CHILD AND FAMILY HEALTH SERVICE,Tweddle Child And Family Health Service,,,104,1900,1777420800000.0,53146871,-1896275,11,,,VIC,1242871669000,,76317558,1778224466000,1778224466000,21093,hospital,3.0,1005235.0,FOI_21093
20918,76317472,137594,137594,1005241.0,hospital,general hospital,,EPWORTH REHABILITATION CAMBERWELL,Epworth Rehabilitation Camberwell,,,104,6710,1777420800000.0,217124214,-1896371,11,,,VIC,1242871616000,,76317472,1778224466000,1778224466000,20918,hospital,3.0,1005241.0,FOI_20918
21002,76317515,141930,141930,1005242.0,hospital,general hospital,,EASTERN HEALTH PETER JAMES,Eastern Health Peter James,,,104,2120,1777420800000.0,203259588,-2120787,11,,,VIC,1242871647000,,76317515,1778224466000,1778224466000,21002,hospital,3.0,1005242.0,FOI_21002
20929,76317483,139162,139162,1005252.0,hospital,general hospital,,JOHN FAWKNER PRIVATE HOSPITAL,John Fawkner Private Hospital,,,104,8550,1777420800000.0,211772278,-127512,11,,,VIC,1242871626000,,76317483,1778224466000,1778224466000,20929,hospital,3.0,1005252.0,FOI_20929
21098,76317563,612197,612197,1005253.0,hospital,general hospital,,WARRINGAL PRIVATE HOSPITAL,Warringal Private Hospital,,,104,6910,1777420800000.0,150043244,-600520,11,,,VIC,1242875240000,,76317563,1778224466000,1778224466000,21098,hospital,3.0,1005253.0,FOI_21098
21094,76317559,611921,611921,1005254.0,hospital,general hospital,,BRUNSWICK PRIVATE HOSPITAL,Brunswick Private Hospital,,,104,6220,1777420800000.0,211894272,-1169474,11,,,VIC,1242875239000,,76317559,1778224466000,1778224466000,21094,hospital,3.0,1005254.0,FOI_21094
2575,76321233,142594,142594,1005255.0,hospital,general hospital,,ROYAL MELBOURNE HOSPITAL (CITY),Royal Melbourne Hospital (City),,,104,1334,1777420800000.0,203471128,-2120877,11,,,VIC,1242871652000,,76321233,1778570162000,1778570162000,2575,hospital,3.0,1005255.0,FOI_2575
2567,76321224,143727,143727,1005262.0,hospital,general hospital,,ST VINCENTS HOSPITAL,St Vincents Hospital,,,104,1450,1777420800000.0,219087414,103701,10,,,VIC,1242871663000,,76321224,1778570162000,1778570162000,2567,hospital,3.0,1005262.0,FOI_2567
20831,76317432,134992,134992,1005265.0,hospital,general hospital,,WINDSOR PRIVATE HOSPITAL,Windsor Private Hospital,,,104,8840,1777420800000.0,54671468,-1436154,11,,,VIC,1242871597000,,76317432,1778224466000,1778224466000,20831,hospital,3.0,1005265.0,FOI_20831
20874,76317449,136338,136338,1005266.0,hospital,general hospital,,CAULFIELD HOSPITAL,Caulfield Hospital,,,104,1370,1777420800000.0,207441737,5030,10,,,VIC,1242871606000,,76317449,1778224466000,1778224466000,20874,hospital,3.0,1005266.0,FOI_20874
2550,76321207,134969,134969,1005282.0,hospital,general hospital,,AUSTIN HOSPITAL,Austin Hospital,,,104,1031,1777420800000.0,211919131,701,10,,,VIC,1242871597000,,76321207,1778570162000,1778570162000,2550,hospital,3.0,1005282.0,FOI_2550
21184,76317591,898262,898262,1005294.0,hospital,general hospital,,EPWORTH HAWTHORN,Epworth Hawthorn,,,104,6720,1777420800000.0,51248061,-1896229,11,,,VIC,1310485633000,,76317591,1778224466000,1778224466000,21184,hospital,3.0,1005294.0,FOI_21184
21080,76317548,144208,144208,1005295.0,hospital,general hospital,,THE AVENUE PRIVATE HOSPITAL,The Avenue Private Hospital,,,104,6210,1777420800000.0,50386124,-1900048,11,,,VIC,1242871666000,,76317548,1778224466000,1778224466000,21080,hospital,3.0,1005295.0,FOI_21080
2565,76321222,142869,142869,1005296.0,hospital,general hospital,,SANDRINGHAM HOSPITAL,Sandringham Hospital,,,104,1360,1777420800000.0,53632842,23586,10,,,VIC,1242871654000,,76321222,1778570162000,1778570162000,2565,hospital,3.0,1005296.0,FOI_2565
20884,76317455,137150,137150,1005308.0,hospital,general hospital,,ROYAL DENTAL HOSPITAL,Royal Dental Hospital,,,104,5110,1777420800000.0,203460168,-2120827,11,,,VIC,1242871613000,,76317455,1778224466000,1778224466000,20884,hospital,3.0,1005308.0,FOI_20884
2563,76321220,144344,144344,1005320.0,hospital,general hospital,,ROYAL VICTORIAN EYE AND EAR HOSPITAL,Royal Victorian Eye And Ear Hospital,,,104,1240,1777420800000.0,203475148,-2120857,11,,,VIC,1242871667000,,76321220,1778570162000,1778570162000,2563,hospital,3.0,1005320.0,FOI_2563
21073,76317540,143729,143729,1005321.0,hospital,general hospital,,ST VINCENTS PRIVATE HOSPITAL EAST MELBOURNE,St Vincents Private Hospital East Melbourne,,,104,6450,1777420800000.0,213281575,-1896310,11,,,VIC,1242871663000,,76317540,1778224466000,1778224466000,21073,hospital,3.0,1005321.0,FOI_21073
20998,76317512,141603,141603,1005322.0,hospital,general hospital,,OCONNELL FAMILY CENTRE,Oconnell Family Centre,,,104,2100,1777420800000.0,152497020,-1896334,11,,,VIC,1242871645000,,76317512,1778224466000,1778224466000,20998,hospital,3.0,1005322.0,FOI_20998
21090,76317555,144356,144356,1005325.0,hospital,general hospital,,THE VICTORIA CLINIC,The Victoria Clinic,,,104,6230,1777420800000.0,455549713,-1896415,11,,,VIC,1242871667000,,76317555,1778224466000,1778224466000,21090,hospital,3.0,1005325.0,FOI_21090
20959,76317492,140268,140268,1005326.0,hospital,general hospital,,MALVERN PRIVATE HOSPITAL,Malvern Private Hospital,,,104,6420,1777420800000.0,150368510,-128612,11,,,VIC,1242871635000,,76317492,1778224466000,1778224466000,20959,hospital,3.0,1005326.0,FOI_20959
22595,61979124,69942,69942,1005331.0,care facility,disability support centre,,BRIGHTON REHABILITATION CENTRE,Brighton Rehabilitation Centre,,,,,,50222852,-69674,11,,,VIC,1242846226000,,61979124,1633693283000,1633693283000,22595,care,1.0,1005331.0,FOI_22595
20834,76317434,135210,135210,1005341.0,hospital,general hospital,,ESSENDON PRIVATE CLINIC,Essendon Private Clinic,,,104,6300,1777420800000.0,209708359,-1896313,11,,,VIC,1242871598000,,76317434,1778224466000,1778224466000,20834,hospital,3.0,1005341.0,FOI_20834
21180,76317587,693026,693026,1005343.0,hospital,general hospital,,NORTH MELBOURNE RENAL CARE CENTRE,North Melbourne Renal Care Centre,,,104,6390,1777420800000.0,,-1896376,11,,,VIC,1273138833000,,76317587,1778224466000,1778224466000,21180,hospital,3.0,1005343.0,FOI_21180
2562,76321219,144343,144343,1005345.0,hospital,general hospital,,ROYAL CHILDRENS HOSPITAL,Royal Childrens Hospital,,,104,1191,1777420800000.0,421573544,-2120880,11,,,VIC,1242871667000,,76321219,1778570162000,1778570162000,2562,hospital,3.0,1005345.0,FOI_2562
21074,76317541,143730,143730,1005357.0,hospital,general hospital,,ST VINCENTS PRIVATE HOSPITAL FITZROY,St Vincents Private Hospital Fitzroy,,,104,6620,1777420800000.0,453840401,-1896282,11,,,VIC,1242871663000,,76317541,1778224466000,1778224466000,21074,hospital,3.0,1005357.0,FOI_21074
20903,76317471,137591,137591,1005360.0,hospital,general hospital,,EPWORTH RICHMOND,Epworth Richmond,,,104,6490,1777420800000.0,221216115,-1896324,11,,,VIC,1242871616000,,76317471,1778224466000,1778224466000,20903,hospital,3.0,1005360.0,FOI_20903
20883,76317454,137128,137128,1005361.0,hospital,general hospital,,DELMONT PRIVATE HOSPITAL,Delmont Private Hospital,,,104,8090,1777420800000.0,51259548,-125484,11,,,VIC,1242871613000,,76317454,1778224466000,1778224466000,20883,hospital,3.0,1005361.0,FOI_20883
21091,76317556,144357,144357,1005364.0,hospital,general hospital,,THE VICTORIAN REHABILITATION CENTRE,The Victorian Rehabilitation Centre,,,104,7870,1777420800000.0,428881096,-1896328,11,,,VIC,1242871667000,,76317556,1778224466000,1778224466000,21091,hospital,3.0,1005364.0,FOI_21091
20889,76317459,137262,137262,1005370.0,hospital,general hospital,,DORSET REHABILITATION CENTRE,Dorset Rehabilitation Centre,,,104,6810,1777420800000.0,50277251,-1896341,11,,,VIC,1242871613000,,76317459,1778224466000,1778224466000,20889,hospital,3.0,1005370.0,FOI_20889
15976,52785440,71754,71754,1005371.0,hospital,general hospital,,NORTHERN COMMUNITY CARE UNIT,Northern Community Care Unit,,,,,,218965022,-71171,11,,,VIC,1242846238000,,52785440,1490853636000,1490853636000,15976,hospital,3.0,1005371.0,FOI_15976
20868,76317447,136218,136218,1005380.0,hospital,general hospital,,CARITAS CHRISTI HOSPICE,Caritas Christi Hospice,,,104,2080,1777420800000.0,152246048,-2120814,11,,,VIC,1242871606000,,76317447,1778224466000,1778224466000,20868,hospital,3.0,1005380.0,FOI_20868
21095,76317560,611977,611977,1005381.0,hospital,general hospital,,ST VINCENTS PRIVATE HOSPITAL KEW,St Vincents Private Hospital Kew,,,104,6890,1777420800000.0,209752105,-1896374,11,,,VIC,1242875239000,,76317560,1778224466000,1778224466000,21095,hospital,3.0,1005381.0,FOI_21095
21062,76317534,143391,143391,1005382.0,hospital,general hospital,,BERENGARRA,Berengarra,,,104,1700,1777420800000.0,50111665,-2120771,11,,,VIC,1242871658000,,76317534,1778224466000,1778224466000,21062,hospital,3.0,1005382.0,FOI_21062
2553,76321210,135765,135765,1005383.0,hospital,general hospital,,EASTERN HEALTH BOX HILL,Eastern Health Box Hill,,,104,1050,1777420800000.0,219074025,-2120860,11,,,VIC,1242871603000,,76321210,1778570162000,1778570162000,2553,hospital,3.0,1005383.0,FOI_2553
20820,76317425,72592,72592,1005384.0,hospital,general hospital,,THE MELBOURNE CLINIC,The Melbourne Clinic,,,104,7290,1777420800000.0,54698989,-1896250,11,,,VIC,1242846243000,,76317425,1778224466000,1778224466000,20820,hospital,3.0,1005384.0,FOI_20820
2569,76321227,144202,144202,1005385.0,hospital,general hospital,,THE ALFRED,The Alfred,,,104,1010,1777420800000.0,203471257,-2120872,11,,,VIC,1242871666000,,76321227,1778570162000,1778570162000,2569,hospital,3.0,1005385.0,FOI_2569
20866,76317445,136070,136070,1005387.0,hospital,general hospital,,CABRINI BRIGHTON,Cabrini Brighton,,,104,6513,1777420800000.0,212688295,-1896347,11,,,VIC,1242871605000,,76317445,1778224466000,1778224466000,20866,hospital,3.0,1005387.0,FOI_20866
46845,76943662,139126,139126,1005388.0,hospital,general hospital,,JESSIE MCPHERSON PRIVATE HOSPITAL,Jessie Mcpherson Private Hospital,,,104,8890,1777420800000.0,432258929,-1896351,11,,,VIC,1242871626000,,76943662,1788260029000,1788260029000,46845,hospital,3.0,1005388.0,FOI_46845
20987,76317504,140813,140813,1005389.0,hospital,general hospital,,MOORABBIN HOSPITAL,Moorabbin Hospital,,,104,1220,1777420800000.0,218973828,17552,10,,,VIC,1242871638000,,76317504,1778224466000,1778224466000,20987,hospital,3.0,1005389.0,FOI_20987
21089,76317554,144353,144353,1005390.0,hospital,general hospital,,MULGRAVE PRIVATE HOSPITAL,Mulgrave Private Hospital,,,104,6200,1777420800000.0,51294633,-1834094,11,,,VIC,1242871667000,,76317554,1778224466000,1778224466000,21089,hospital,3.0,1005390.0,FOI_21089
28533,61979144,1001783,1001783,1005901.0,cultural centre,art gallery,,ABBOTSFORD CONVENT,Abbotsford Convent,,,,,,423359805,-1393617,11,,,VIC,1402575535000,,61979144,1633693283000,1633693283000,28533,cultural,1.5,1005901.0,FOI_28533
10181,52778535,633173,633173,1006149.0,community venue,hall,,YALLAMBIE COMMUNITY,Yallambie Community,,,,,,53993279,-616215,11,,,VIC,1250500104000,,52778535,1490766339000,1490766339000,10181,community,1.0,1006149.0,FOI_10181
44216,74041397,651057,651057,1006520.0,sport facility,swimming pool,,,,,,,,,219045312,-659196,11,,,VIC,1265718797000,,74041397,1757661297000,1757661297000,44216,sport,1.0,1006520.0,FOI_44216
10173,52778776,986839,986839,1006842.0,community venue,hall,,SOMERVILLE HALL,Somerville Hall,,,,,,424659081,-1353845,11,,,VIC,1359535340000,,52778776,1490766340000,1490766340000,10173,community,1.0,1006842.0,FOI_10173
10350,64600243,633058,633058,1006888.0,community venue,hall,,ROBERT BLACKWOOD HALL,Robert Blackwood Hall,,,348,,1369612800000.0,426391161,-616100,11,,,VIC,1250500065000,,55843530,1551298752000,1655947965000,10350,community,1.0,1006888.0,FOI_10350
44919,76524026,991675,991675,1007154.0,care facility,aged care,,ADVENTCARE WHITEHORSE,Adventcare Whitehorse,,,102,UID-63531,1781136000000.0,426840910,-1678922,11,,,VIC,1372691537000,,76524026,1781594573000,1781594573000,44919,care,1.0,1007154.0,FOI_44919
51076,76003348,633014,633014,1007164.0,community venue,hall,,MELBA HALL,Melba Hall,,,,,,203471632,-616056,11,,,VIC,1250500065000,,76003348,1771485749000,1771485749000,51076,community,1.0,1007164.0,FOI_51076
45013,76524224,1008926,1008926,,care facility,aged care,,MERCY PLACE FERNHILL,Mercy Place Fernhill,,,102,UID-63561,1781136000000.0,219472202,-1408910,11,,,VIC,1426610588000,,76524224,1781594573000,1781594573000,45013,care,1.0,1008926.0,FOI_45013
10269,53951050,995219,995219,1009354.0,community venue,hall,,PARLIAMENT HOUSE,Parliament House,PARLIAMENT RESERVE,,,,,203240522,-1376384,11,,,VIC,1379938387000,,53951050,1518206157000,1518206157000,10269,community,1.0,1009354.0,FOI_10269
10007,51474460,632923,632923,1009765.0,community venue,hall,,BRIAR HILL HALL,Briar Hill Hall,BRIAR HILL HALL RESERVE,,,,,218917372,-615965,11,,,VIC,1250500064000,,51474460,1474438556000,1474438556000,10007,community,1.0,1009765.0,FOI_10007
16002,76339344,1009992,1009992,,admin facility,office,,VICTORIA POLICE CENTRE (VPC),Victoria Police Centre (Vpc),,,107,VPC,1777852800000.0,220619362,-1410865,11,,,VIC,1432743666000,,76339344,1778742841000,1778742841000,16002,administration,1.5,1009992.0,FOI_16002
9003,47550095,1010060,1010060,,cultural centre,museum,,ISLAMIC MUSEUM OF AUSTRALIA,Islamic Museum Of Australia,,,,,,213641375,-1411023,11,,,VIC,1433954459000,,47550095,1434002425000,1434002425000,9003,cultural,1.5,1010060.0,FOI_9003
50988,75990035,1010410,1010410,,cultural centre,library,,KATHLEEN SYME LIBRARY AND COMMUNITY CENTRE,Kathleen Syme Library And Community Centre,,,343,512713,1770163200000.0,422622502,-1411743,11,,,VIC,1434728342000,,75990035,1771485713000,1771485713000,50988,cultural,1.5,1010410.0,FOI_50988
2376,73696498,702414,702414,1010695.0,cultural centre,library,,FAWKNER LIBRARY,Fawkner Library,C B SMITH RESERVE,,134,,1262304000000.0,422070239,-769635,11,,,VIC,1275927336000,,73696498,1756884452000,1756884452000,2376,cultural,1.5,1010695.0,FOI_2376
22852,73696925,1001136,1001136,1010722.0,health facility,maternal/child health centre,,NORTH RICHMOND MATERNAL AND CHILD HEALTH CENTRE,North Richmond Maternal And Child Health Centre,CITIZENS PARK,,,,,219089669,-1392378,11,,,VIC,1401786337000,,73696925,1756884454000,1756884454000,22852,health,1.5,1010722.0,FOI_22852
10549,56796776,632965,632965,1010744.0,community venue,hall,,FOOTSCRAY DRILL HALL,Footscray Drill Hall,WHITTEN OVAL,,,,,218398943,-616007,11,,,VIC,1250500065000,,56796776,1568871950000,1568871950000,10549,community,1.0,1010744.0,FOI_10549
10637,61976444,1010766,1010766,,community venue,hall,,PRAHRAN MECHANICS INSTITUTE,Prahran Mechanics Institute,,,,,,429095904,-1412484,11,,,VIC,1437589785000,,61976444,1633693251000,1633693251000,10637,community,1.0,1010766.0,FOI_10637
42,47648793,1010768,1010768,,education centre,tertiary institution,,NATIONAL INSTITUTE FOR CIRCUS ARTS,National Institute For Circus Arts,,,,,,212806872,-1412486,11,,,VIC,1437589785000,,47648793,1437631227000,1437631227000,42,higher_education,3.0,1010768.0,FOI_42
33571,73696520,760116,760116,1015026.0,admin facility,municipal office,,BAYSIDE CITY COUNCIL,Bayside City Council,ROYAL AVENUE RESERVE,,134,,1268352000000.0,424032936,-883922,11,,,VIC,1278587123000,,73696520,1756884452000,1756884452000,33571,administration,1.5,1015026.0,FOI_33571
9655,48253202,1015034,1015034,,community venue,hall,,CHRIST CHURCH MEMORIAL HALL,Christ Church Memorial Hall,,,,,,151072691,-1431542,11,,,VIC,1442932154000,,48253202,1442988033000,1442988033000,9655,community,1.0,1015034.0,FOI_9655
27289,64779518,1016173,1016173,,landmark,tourist attraction,,BLACKROCK HOUSE,Blackrock House,,,,,,54227837,-1433809,11,,,VIC,1443178435000,,64779518,1658320504000,1658320504000,27289,tourism,1.5,1016173.0,FOI_27289
3274,48526890,1018580,1018580,,commercial facility,entertainment centre,,RED STITCH ACTORS THEATRE,Red Stitch Actors Theatre,,,,,,219058862,-1435564,11,,,VIC,1444995884000,,48526890,1445024435000,1445024435000,3274,commercial,2.0,1018580.0,FOI_3274
10871,74583632,1335496,1335496,1019259.0,community venue,hall,,STRATHMORE HEIGHTS COMMUNITY HALL,Strathmore Heights Community Hall,BOEING RESERVE,,,,,219045291,130447,10,,,VIC,1733753883000,,74583632,1760598781000,1760598781000,10871,community,1.0,1019259.0,FOI_10871
9020,48809094,1019420,1019420,,cultural centre,museum,,MUSEUM OF AUSTRALIAN CHINESE HISTORY,Museum Of Australian Chinese History,,,,,,50323939,-1437214,11,,,VIC,1447149648000,,48809094,1447222533000,1447222533000,9020,cultural,1.5,1019420.0,FOI_9020
20438,61976453,1019538,1019538,,community venue,community centre,,KADIMAH JEWISH CULTURAL CENTRE,Kadimah Jewish Cultural Centre,,,,,,208299403,-1437452,11,,,VIC,1447685028000,,61976453,1633693251000,1633693251000,20438,community,1.0,1019538.0,FOI_20438
9035,52249440,1019542,1019542,,cultural centre,museum,,MELBOURNE MARITIME MUSEUM,Melbourne Maritime Museum,,,,,,204315969,-1437455,11,,,VIC,1447685028000,,52249440,1481313420000,1481313420000,9035,cultural,1.5,1019542.0,FOI_9035
51850,76959618,1310565,1310565,1020340.0,education centre,special school,,MELBOURNE INDIGENOUS TRANSITION SCHOOL,Melbourne Indigenous Transition School,MELBOURNE INDIGENOUS TRANSITION SCHOOL,,114,2100 C1,1788134400000.0,204367220,-2043575,11,,,VIC,1670938478000,,76959618,1788333232000,1788333232000,51850,school,1.5,1020340.0,FOI_51850
51590,76959357,1022147,1022147,,education centre,special school,,GIANT STEPS MELBOURNE,Giant Steps Melbourne,,,114,2105 C1,1788134400000.0,202550024,-1442686,11,,,VIC,1455027041000,,76959357,1788333231000,1788333231000,51590,school,1.5,1022147.0,FOI_51590
46831,76937906,1022348,1022348,,community venue,senior citizens,,GLENROY SENIOR CITIZENS CENTRE,Glenroy Senior Citizens Centre,,,,,,,-1443084,11,,,VIC,1455200691000,,76937906,1787814132000,1787814132000,46831,community,1.0,1022348.0,FOI_46831
13321,76316393,1024004,1024004,,hospital,day procedure centre,,PANCH DAY SURGERY CENTRE,Panch Day Surgery Centre,,,104,8320,1777420800000.0,206151133,-1446315,11,,,VIC,1458144726000,,76316393,1778224435000,1778224435000,13321,hospital,3.0,1024004.0,FOI_13321
27224,62382712,1137787,1137787,,landmark,tourist attraction,,MECHANICS INSTITUTE,Mechanics Institute,,,358,15,,,-1674384,11,,,VIC,1465463392000,,62382712,1637047556000,1637047556000,27224,tourism,1.5,1137787.0,FOI_27224
27226,62382715,1137790,1137790,,landmark,tourist attraction,,THE PATERSON FAMILY HOME,The Paterson Family Home,,,358,28,,50637285,-1674308,11,,,VIC,1465463392000,,62382715,1637047556000,1637047556000,27226,tourism,1.5,1137790.0,FOI_27226
27228,62382717,1137792,1137792,,landmark,tourist attraction,,ST KILDA PIER MOSAIC,St Kilda Pier Mosaic,,,358,pp1997.43.294,,,-1674335,11,,,VIC,1465463392000,,62382717,1637047556000,1637047556000,27228,tourism,1.5,1137792.0,FOI_27228
27229,62382719,1137794,1137794,,landmark,tourist attraction,,ACLAND STREET FOOTPATH FENCE AND SEATING,Acland Street Footpath Fence And Seating,,,358,pp2000.7.414,,,-1674343,11,,,VIC,1465463392000,,62382719,1637047556000,1637047556000,27229,tourism,1.5,1137794.0,FOI_27229
27230,62382720,1137795,1137795,,landmark,tourist attraction,,(MARITIME PAVERS),(Maritime Pavers),,,358,pp1997.36.287,,,-1674325,11,,,VIC,1465463392000,,62382720,1637047556000,1637047556000,27230,tourism,1.5,1137795.0,FOI_27230
27231,62382721,1137796,1137796,,landmark,tourist attraction,,BRONZE DIRECTIONAL PLAQUE,Bronze Directional Plaque,,,358,pp199737.288,,,-1674320,11,,,VIC,1465463392000,,62382721,1637047556000,1637047556000,27231,tourism,1.5,1137796.0,FOI_27231
27234,62382728,1137803,1137803,,landmark,tourist attraction,,SHELL SEAT,Shell Seat,,,358,pp1997.47.298,,50528918,-1674340,11,,,VIC,1465463392000,,62382728,1637047556000,1637047556000,27234,tourism,1.5,1137803.0,FOI_27234
27235,62382731,1137806,1137806,,landmark,tourist attraction,,ALBERT TUCKERS HOME,Albert Tuckers Home,,,358,6,,,-1674380,11,,,VIC,1465463392000,,62382731,1637047556000,1637047556000,27235,tourism,1.5,1137806.0,FOI_27235
27236,62382732,1137807,1137807,,landmark,tourist attraction,,TWENTY-SEVEN STORIES,Twenty-Seven Stories,,,358,pp2002.23.497,,53153139,-1674346,11,,,VIC,1465463392000,,62382732,1637047556000,1637047556000,27236,tourism,1.5,1137807.0,FOI_27236
27237,62382737,1137812,1137812,,landmark,tourist attraction,,PORT MELBOURNE DISPENSARY,Port Melbourne Dispensary,,,358,25,,219062207,-1674344,11,,,VIC,1465463392000,,62382737,1637047556000,1637047556000,27237,tourism,1.5,1137812.0,FOI_27237
27238,62382738,1137813,1137813,,landmark,tourist attraction,,DESTINATIONS,Destinations,,,358,PP2000.43.450,,219062867,-1674339,11,,,VIC,1465463392000,,62382738,1637047556000,1637047556000,27238,tourism,1.5,1137813.0,FOI_27238
27239,62382739,1137814,1137814,,landmark,tourist attraction,,PUMPING STATION,Pumping Station,,,358,11,,220959496,-1674307,11,,,VIC,1465463392000,,62382739,1637047556000,1637047556000,27239,tourism,1.5,1137814.0,FOI_27239
27240,62382742,1137817,1137817,,landmark,tourist attraction,,FORMER ARROW THEATRE,Former Arrow Theatre,,,358,31,,,-1674357,11,,,VIC,1465463392000,,62382742,1637047556000,1637047556000,27240,tourism,1.5,1137817.0,FOI_27240
27241,62382743,1137818,1137818,,landmark,tourist attraction,,BAY TOTEM,Bay Totem,,,358,pp2007.6.506,,,-1674389,11,,,VIC,1465463392000,,62382743,1637047556000,1637047556000,27241,tourism,1.5,1137818.0,FOI_27241
27243,62382745,1137820,1137820,,landmark,tourist attraction,,CERAMIC TILES,Ceramic Tiles,,,358,pp1997.41.292,,206441575,-1674317,11,,,VIC,1465463392000,,62382745,1637047556000,1637047556000,27243,tourism,1.5,1137820.0,FOI_27243
27244,62382746,1137821,1137821,,landmark,tourist attraction,,ENTRANCE GATEWAY TO LINDEN GALLERY,Entrance Gateway To Linden Gallery,,,358,pp1997.39.290,,50528918,-1674336,11,,,VIC,1465463392000,,62382746,1637047556000,1637047556000,27244,tourism,1.5,1137821.0,FOI_27244
27245,62382747,1137822,1137822,,landmark,tourist attraction,,IRON SEAT,Iron Seat,,,358,pp1997.45.296,,50528918,-1674324,11,,,VIC,1465463392000,,62382747,1637047556000,1637047556000,27245,tourism,1.5,1137822.0,FOI_27245
27246,62382748,1137823,1137823,,landmark,tourist attraction,,(CERAMIC / METAL SEATS),(Ceramic / Metal Seats),,,358,pp2000.8.415,,,-1674404,11,,,VIC,1465463392000,,62382748,1637047556000,1637047556000,27246,tourism,1.5,1137823.0,FOI_27246
27247,62382750,1137825,1137825,,landmark,tourist attraction,,3RD ST KILDA SCOUT GROUP,3rd St Kilda Scout Group,,,358,23,,50591994,-1674332,11,,,VIC,1465463392000,,62382750,1637047556000,1637047556000,27247,tourism,1.5,1137825.0,FOI_27247
27248,62382751,1137826,1137826,,landmark,tourist attraction,,EDWARD DYSONS HOUSE,Edward Dysons House,,,358,30,,50598280,-1674355,11,,,VIC,1465463392000,,62382751,1637047556000,1637047556000,27248,tourism,1.5,1137826.0,FOI_27248
27254,62387676,1137828,1137828,,landmark,tourist attraction,,UNTITLED,Untitled,,,358,pp1997.71.327,,50584808,-1674371,11,,,VIC,1465463392000,,62387676,1637047645000,1637047645000,27254,tourism,1.5,1137828.0,FOI_27254
27250,62382757,1137832,1137832,,landmark,tourist attraction,,LEADING LIGHTS,Leading Lights,,,358,PP2000.42.449,,54556291,-1674327,11,,,VIC,1465463392000,,62382757,1637047556000,1637047556000,27250,tourism,1.5,1137832.0,FOI_27250
27251,62382760,1137835,1137835,,landmark,tourist attraction,,WALTER LINDRUMS HOME,Walter Lindrums Home,,,358,22,,,-1975916,11,,,VIC,1465463392000,,62382760,1637047556000,1637047556000,27251,tourism,1.5,1137835.0,FOI_27251
27252,62382761,1137836,1137836,,landmark,tourist attraction,,ALLAN MCLEANS HOME,Allan Mcleans Home,,,358,24,,,-1674312,11,,,VIC,1465463392000,,62382761,1637047556000,1637047556000,27252,tourism,1.5,1137836.0,FOI_27252
27259,62382765,1137840,1137840,,landmark,tourist attraction,,ACLAND STREET FOOTPATH PAVERS,Acland Street Footpath Pavers,,,358,pp1997.34.285,,,-1674309,11,,,VIC,1465463392000,,62382765,1637047556000,1637047556000,27259,tourism,1.5,1137840.0,FOI_27259
27255,62387677,1137842,1137842,,landmark,tourist attraction,,THE CONE,The Cone,,,358,pp1997.15.266,,173795763,-1674348,11,,,VIC,1465463392000,,62387677,1637047645000,1637047645000,27255,tourism,1.5,1137842.0,FOI_27255
27261,62382771,1137846,1137846,,landmark,tourist attraction,,ARDOCH,Ardoch,,,358,1,,219067022,-1674382,11,,,VIC,1465463392000,,62382771,1637047556000,1637047556000,27261,tourism,1.5,1137846.0,FOI_27261
27262,62382773,1137848,1137848,,landmark,tourist attraction,,LOVERS SEAT,Lovers Seat,,,358,pp1997.44.295,,50528918,-1674395,11,,,VIC,1465463392000,,62382773,1637047556000,1637047556000,27262,tourism,1.5,1137848.0,FOI_27262
27263,62382774,1137849,1137849,,landmark,tourist attraction,,SIDNEY NOLANS CHILDHOOD HOME,Sidney Nolans Childhood Home,,,358,3,,,-1975925,11,,,VIC,1465463392000,,62382774,1637047556000,1637047556000,27263,tourism,1.5,1137849.0,FOI_27263
27264,62382775,1137850,1137850,,landmark,tourist attraction,,(CERAMIC PLANTER),(Ceramic Planter),,,358,pp2000.9.416,,,-1674319,11,,,VIC,1465463392000,,62382775,1637047556000,1637047556000,27264,tourism,1.5,1137850.0,FOI_27264
27256,62387678,1137851,1137851,,landmark,tourist attraction,,JASPERWARE MURAL,Jasperware Mural,,,358,pp1997.19.270,,50584808,-1674341,11,,,VIC,1465463392000,,62387678,1637047645000,1637047645000,27256,tourism,1.5,1137851.0,FOI_27256
27265,62382777,1137852,1137852,,landmark,tourist attraction,,NEW GREAT BRITAIN HOTEL,New Great Britain Hotel,,,358,35,,,-1674345,11,,,VIC,1465463392000,,62382777,1637047556000,1637047556000,27265,tourism,1.5,1137852.0,FOI_27265
27267,62382780,1137855,1137855,,landmark,tourist attraction,,SOUTH MELBOURNE COLLEGE,South Melbourne College,,,358,21,,,-1674329,11,,,VIC,1465463392000,,62382780,1637047556000,1637047556000,27267,tourism,1.5,1137855.0,FOI_27267
27268,62382781,1137856,1137856,,landmark,tourist attraction,,WATTLE HOUSE,Wattle House,,,358,8,,420834476,-1674405,11,,,VIC,1465463392000,,62382781,1637047556000,1637047556000,27268,tourism,1.5,1137856.0,FOI_27268
27269,62382782,1137857,1137857,,landmark,tourist attraction,,ST MORITZ,St Moritz,,,358,7,,,-1674368,11,,,VIC,1465463392000,,62382782,1637047556000,1637047556000,27269,tourism,1.5,1137857.0,FOI_27269
27270,62382784,1137859,1137859,,landmark,tourist attraction,,GRAHAM KENNEDYS CHILDHOOD HOME,Graham Kennedys Childhood Home,,,358,4,,50585187,-1674347,11,,,VIC,1465463392000,,62382784,1637047556000,1637047556000,27270,tourism,1.5,1137859.0,FOI_27270
27271,62382785,1137860,1137860,,landmark,tourist attraction,,MONUMENT FOR A PUBLIC BUILDING,Monument For A Public Building,,,358,pp1997.14.265,,173795763,-1674378,11,,,VIC,1465463392000,,62382785,1637047556000,1637047556000,27271,tourism,1.5,1137860.0,FOI_27271
27273,62382787,1137862,1137862,,landmark,tourist attraction,,THE RAILWAY TRAM,The Railway Tram,,,358,19,,,-1674361,11,,,VIC,1465463392000,,62382787,1637047556000,1637047556000,27273,tourism,1.5,1137862.0,FOI_27273
27274,62382789,1137864,1137864,,landmark,tourist attraction,,PARK TOWERS,Park Towers,,,358,14,,,-1674338,11,,,VIC,1465463392000,,62382789,1637047556000,1637047556000,27274,tourism,1.5,1137864.0,FOI_27274
27502,74540462,1137865,1137865,,landmark,tourist attraction,,MARIAS STORY,Marias Story,,,358,pp2002.22.496,,,-1674349,11,,,VIC,1465463392000,,74540462,1760080428000,1760080428000,27502,tourism,1.5,1137865.0,FOI_27502
27275,62382792,1137867,1137867,,landmark,tourist attraction,,TOWN PIER,Town Pier,,,358,10,,424579615,-1674315,11,,,VIC,1465463392000,,62382792,1637047556000,1637047556000,27275,tourism,1.5,1137867.0,FOI_27275
27276,62382795,1137871,1137871,,landmark,tourist attraction,,GALLIER AND KLAERRS,Gallier And Klaerrs,,,358,13,,,-1674408,11,,,VIC,1465463392000,,62382795,1637047556000,1637047556000,27276,tourism,1.5,1137871.0,FOI_27276
27277,62382797,1137873,1137873,,landmark,tourist attraction,,CARLISLE STREET PARKING INFORMATION SIGN,Carlisle Street Parking Information Sign,,,358,pp1997.21.272,,,-1674313,11,,,VIC,1465463392000,,62382797,1637047556000,1637047556000,27277,tourism,1.5,1137873.0,FOI_27277
27278,62382798,1137874,1137874,,landmark,tourist attraction,,"THE LADY OF ST KILDA, (BRIDGE SCULPTURE)","The Lady Of St Kilda, (Bridge Sculpture)",,,358,pp1997.28.279,,,-1674310,11,,,VIC,1465463392000,,62382798,1637047556000,1637047556000,27278,tourism,1.5,1137874.0,FOI_27278
27279,62382799,1137875,1137875,,landmark,tourist attraction,,BRUNNINGS NURSERIES,Brunnings Nurseries,,,358,5,,,-1674370,11,,,VIC,1465463392000,,62382799,1637047556000,1637047556000,27279,tourism,1.5,1137875.0,FOI_27279
27280,62382802,1137878,1137878,,landmark,tourist attraction,,JAMES SERVICES HOUSE,James Services House,,,358,13,,50786954,-1674365,11,,,VIC,1465463392000,,62382802,1637047556000,1637047556000,27280,tourism,1.5,1137878.0,FOI_27280
27282,62382805,1137881,1137881,,landmark,tourist attraction,,"MAN, DOG, BOAT","Man, Dog, Boat",,,358,pp1997.32.283,,,-1674311,11,,,VIC,1465463392000,,62382805,1637047556000,1637047556000,27282,tourism,1.5,1137881.0,FOI_27282
27283,62382806,1137882,1137882,,landmark,tourist attraction,,THE JEWISH ALMSHOUSES,The Jewish Almshouses,,,358,27,,439516139,-1674391,11,,,VIC,1465463392000,,62382806,1637047556000,1637047556000,27283,tourism,1.5,1137882.0,FOI_27283
27284,62382807,1137883,1137883,,landmark,tourist attraction,,ST KILDA RAILWAY STATION,St Kilda Railway Station,,,358,9,,,-1674400,11,,,VIC,1465463392000,,62382807,1637047556000,1637047556000,27284,tourism,1.5,1137883.0,FOI_27284
27215,62382809,1137885,1137885,,landmark,tourist attraction,,INGELTON,Ingelton,,,358,32,,219065081,-1674362,11,,,VIC,1465463392000,,62382809,1637047556000,1637047556000,27215,tourism,1.5,1137885.0,FOI_27215
27216,62382812,1137888,1137888,,landmark,tourist attraction,,ACLAND STREET SEATING BOLLARDS AND CURVED WALL,Acland Street Seating Bollards And Curved Wall,,,358,pp1997.35.286,,,-1674316,11,,,VIC,1465463392000,,62382812,1637047556000,1637047556000,27216,tourism,1.5,1137888.0,FOI_27216
27217,62382813,1137889,1137889,,landmark,tourist attraction,,AXIOMATIC,Axiomatic,,,358,PP1997.18.269,,173795763,-1674351,11,,,VIC,1465463392000,,62382813,1637047556000,1637047556000,27217,tourism,1.5,1137889.0,FOI_27217
27218,62382814,1137890,1137890,,landmark,tourist attraction,,MONUMENT ON WHEELS,Monument On Wheels,,,358,pp2002.18.492,,,-1674321,11,,,VIC,1465463392000,,62382814,1637047556000,1637047556000,27218,tourism,1.5,1137890.0,FOI_27218
27220,62382816,1137892,1137892,,landmark,tourist attraction,,POINT ORMOND,Point Ormond,,,358,17,,426024829,-1674322,11,,,VIC,1465463392000,,62382816,1637047556000,1637047556000,27220,tourism,1.5,1137892.0,FOI_27220
27257,62387679,1137894,1137894,,landmark,tourist attraction,,STONE GARDEN MOSAIC,Stone Garden Mosaic,,,358,pp1994.6.219,,50584808,-1674373,11,,,VIC,1465463392000,,62387679,1637047645000,1637047645000,27257,tourism,1.5,1137894.0,FOI_27257
27258,62387680,1137895,1137895,,landmark,tourist attraction,,CONSTELLATION,Constellation,,,358,pp1997.17.268,,173795763,-1674331,11,,,VIC,1465463392000,,62387680,1637047645000,1637047645000,27258,tourism,1.5,1137895.0,FOI_27258
22819,68736063,1137897,1137897,,health facility,maternal/child health centre,,MIDDLE PARK MATERNAL AND CHILD HEALTH CENTRE,Middle Park Maternal And Child Health Centre,,,358,6,1502755200000.0,50642977,-2089594,11,,,VIC,1465463673000,,68736063,1696516734000,1696516734000,22819,health,1.5,1137897.0,FOI_22819
22818,68325087,1137898,1137898,,health facility,maternal/child health centre,,BUBUP NAIRM FAMILY AND CHILDRENS CENTRE,Bubup Nairm Family And Childrens Centre,,,358,7,1502755200000.0,215283327,-2087497,11,,,VIC,1465463673000,,68325087,1689836834000,1689836834000,22818,health,1.5,1137898.0,FOI_22818
22757,64607076,1137900,1137900,,health facility,maternal/child health centre,,BUBUP WOMINDJEKA FAMILY AND CHILDRENS CENTRE,Bubup Womindjeka Family And Childrens Centre,,,358,5,1502755200000.0,53553365,-1674428,11,,,VIC,1465463673000,,53204828,1502950548000,1655947965000,22757,health,1.5,1137900.0,FOI_22757
20480,68561047,1138392,1138392,,community venue,community centre,,MIDDLE PARK COMMUNITY CENTRE,Middle Park Community Centre,,,358,,1693440000000.0,50642977,-1675436,11,,,VIC,1466690130000,,68561047,1693984011000,1693984011000,20480,community,1.0,1138392.0,FOI_20480
20482,68561049,1138394,1138394,,community venue,community centre,,CORA GRAVES COMMUNITY CENTRE,Cora Graves Community Centre,,,358,,1693440000000.0,50578687,-1675443,11,,,VIC,1466690130000,,68561049,1693984011000,1693984011000,20482,community,1.0,1138394.0,FOI_20482
20483,68561050,1138395,1138395,,community venue,community centre,,ALMA ROAD COMMUNITY HOUSE,Alma Road Community House,,,358,,1693440000000.0,50182506,-1675437,11,,,VIC,1466690130000,,68561050,1693984011000,1693984011000,20483,community,1.0,1138395.0,FOI_20483
20484,68561051,1138396,1138396,,community venue,community centre,,LIARDET COMMUNITY CENTRE,Liardet Community Centre,,,358,,1693440000000.0,220279191,-1675444,11,,,VIC,1466690130000,,68561051,1693984011000,1693984011000,20484,community,1.0,1138396.0,FOI_20484
20485,68561052,1138397,1138397,,community venue,community centre,,SOUTH MELBOURNE COMMUNITY CENTRE,South Melbourne Community Centre,,,358,,1693440000000.0,50787513,-2088531,11,,,VIC,1466690130000,,68561052,1693984011000,1693984011000,20485,community,1.0,1138397.0,FOI_20485
20475,68561041,1138399,1138399,,community venue,community centre,,ST KILDA YOUTH SERVICES (SKYS),St Kilda Youth Services (Skys),,,358,,1693440000000.0,50584801,-1675435,11,,,VIC,1466690130000,,68561041,1693984011000,1693984011000,20475,community,1.0,1138399.0,FOI_20475
20537,74583586,1138400,1138400,,community venue,community centre,,MARY KEHOE COMMUNITY CENTRE,Mary Kehoe Community Centre,,,358,,1693440000000.0,221233391,130461,10,,,VIC,1466690130000,,74583586,1760598781000,1760598781000,20537,community,1.0,1138400.0,FOI_20537
2216,51020706,1139123,1139123,,cultural centre,library,,EMERALD HILL LIBRARY,Emerald Hill Library,,,,,,50786165,-1676893,11,,,VIC,1467966670000,,51020706,1468006838000,1468006838000,2216,cultural,1.5,1139123.0,FOI_2216
46828,76937889,990187,990187,1139125.0,sport facility,swimming pool,,,,MARIBYRNONG AQUATIC CENTRE,,,,,207322357,-1686148,11,,,VIC,1370605543000,,76937889,1787760184000,1787760184000,46828,sport,1.0,1139125.0,FOI_46828
20339,55843277,839359,839359,1139134.0,community venue,community centre,,RECWEST FOOTSCRAY,Recwest Footscray,RECWEST FOOTSCRAY,,,,,54061759,-1049687,11,,,VIC,1291131990000,,55843277,1551298751000,1551298751000,20339,community,1.0,1139134.0,FOI_20339
22833,73696529,839318,839318,1139136.0,health facility,maternal/child health centre,,BRAYBROOK COMMUNITY CENTRE,Braybrook Community Centre,BRAYBROOK PARK,,,,,430010245,-1049646,11,,,VIC,1291131990000,,73696529,1756884452000,1756884452000,22833,health,1.5,1139136.0,FOI_22833
20290,52236379,839358,839358,1139139.0,community venue,community centre,,RECWEST BRAYBROOK,Recwest Braybrook,RECWEST BRAYBROOK,,,,,219033881,-1049686,11,,,VIC,1291131990000,,52236379,1481313357000,1481313357000,20290,community,1.0,1139139.0,FOI_20290
3283,51471432,1003989,1003989,1139541.0,commercial facility,entertainment centre,,SUN THEATRE,Sun Theatre,YARRAVILLE VILLAGE,,,,,219034334,-1398192,11,,,VIC,1413295327000,,51471432,1474438554000,1474438554000,3283,commercial,2.0,1139541.0,FOI_3283
2955,76316221,137664,137664,1139542.0,hospital,day procedure centre,,FOOTSCRAY DAY SURGERY,Footscray Day Surgery,FOOTSCRAY BUSINESS DISTRICT,,104,8810,1777420800000.0,173120998,-1950908,11,,,VIC,1242871616000,,76316221,1778224435000,1778224435000,2955,hospital,3.0,1139542.0,FOI_2955
44904,76511733,1140087,1140087,,care facility,aged care,,GRAND CEDAR,Grand Cedar,,,102,UID-81110,1781136000000.0,424541166,-1678929,11,,,VIC,1470657879000,,76511733,1781594443000,1781594443000,44904,care,1.0,1140087.0,FOI_44904
40951,61979148,1141285,1141285,,admin facility,customer service centre,,YARRA CITY COUNCIL CUSTOMER SERVICE CENTRE,Yarra City Council Customer Service Centre,,,,,,219089666,-1681460,11,,,VIC,1473258779000,,61979148,1633693283000,1633693283000,40951,administration,1.5,1141285.0,FOI_40951
24414,76508194,1142660,1142660,,care facility,aged care,,REGIS EAST MALVERN,Regis East Malvern,,,102,UID-63607,1781136000000.0,219756961,-1684233,11,,,VIC,1476970859000,,76508194,1781594428000,1781594428000,24414,care,1.0,1142660.0,FOI_24414
44210,73696823,990173,990173,1143477.0,sport facility,swimming pool,,,,MELBOURNE SPORTS AND AQUATIC CENTRE,,,,,219061508,-1686068,11,,,VIC,1370605543000,,73696823,1756884454000,1756884454000,44210,sport,1.0,1143477.0,FOI_44210
43924,52614285,990172,990172,1143485.0,sport facility,swimming pool,,,,PASCOE VALE SWIMMING POOL,,,,,422560406,-1686044,11,,,VIC,1370605543000,,52614285,1487139348000,1487139348000,43924,sport,1.0,1143485.0,FOI_43924
44212,73696826,990193,990193,1143488.0,sport facility,swimming pool,,,,IVANHOE AQUATIC CENTRE,,,,,212343932,-1686137,11,,,VIC,1370605543000,,73696826,1756884454000,1756884454000,44212,sport,1.0,1143488.0,FOI_44212
44214,73696828,990198,990198,1143504.0,sport facility,swimming pool,,,,NORHTCOTE AQUATICS AND RECREATION CENTRE,,,,,151225130,-1686090,11,,,VIC,1370605543000,,73696828,1756884454000,1756884454000,44214,sport,1.0,1143504.0,FOI_44214
47414,75985145,651005,651005,1143507.0,sport facility,swimming pool,,,,NORTH MELBOURNE RECREATION CENTRE,,,,,204122517,-1686093,11,,,VIC,1265718797000,,75985145,1771485711000,1771485711000,47414,sport,1.0,1143507.0,FOI_47414
50931,75989945,1342910,1342910,1143508.0,sport facility,swimming pool,,,,CITY BATHS,,343,109387,1770163200000.0,203472733,-2117599,11,,,VIC,1771427225000,,75989945,1771485713000,1771485713000,50931,sport,1.0,1143508.0,FOI_50931
44225,73696916,1000275,1000275,1143510.0,sport facility,swimming pool,,,,GESAC,,,,,218973609,-1686207,11,,,VIC,1400850865000,,73696916,1756884454000,1756884454000,44225,sport,1.0,1143510.0,FOI_44225
44211,73696825,990192,990192,1143544.0,sport facility,swimming pool,,,,OAK PARK AQUATIC CENTRE,,,,,423890986,-1362351,11,,,VIC,1370605543000,,73696825,1756884454000,1756884454000,44211,sport,1.0,1143544.0,FOI_44211
43967,55842889,650938,650938,1143557.0,sport facility,swimming pool,,,,FITZROY POOL,,,,,51459607,-1686104,11,,,VIC,1265718797000,,55842889,1551298751000,1551298751000,43967,sport,1.0,1143557.0,FOI_43967
44103,61976293,990194,990194,1143558.0,sport facility,swimming pool,,,,HAROLD HOLT MEMORIAL SWIMMING CENTRE,,,,,54685654,-1686051,11,,,VIC,1370605543000,,61976293,1633693251000,1633693251000,44103,sport,1.0,1143558.0,FOI_44103
43986,55842382,990153,990153,1143559.0,sport facility,swimming pool,,,,MONASH AQUATIC AND RECREATION CENTRE,,,,,219040503,-1686208,11,,,VIC,1370605543000,,55842382,1551298750000,1551298750000,43986,sport,1.0,1143559.0,FOI_43986
43947,52614689,650962,650962,1143612.0,sport facility,swimming pool,,,,KEILOR EAST LEISURE CENTRE,,,,,221647848,-1686052,11,,,VIC,1265718797000,,52614689,1487139348000,1487139348000,43947,sport,1.0,1143612.0,FOI_43947
44253,74223051,988511,988511,1143625.0,sport facility,swimming pool,,AQUALINK NUNAWADING,Aqualink Nunawading,AQUALINK NUNAWADING,,,,,206149592,-1357774,11,,,VIC,1365065670000,,74223051,1758179530000,1758179530000,44253,sport,1.0,1143625.0,FOI_44253
43989,64553298,990166,990166,1143626.0,sport facility,swimming pool,,,,SWIMLAND INDOOR POOL,,348,,1369612800000.0,50151671,-1686111,11,,,VIC,1370605543000,,55842390,1551298750000,1655947962000,43989,sport,1.0,1143626.0,FOI_43989
43930,52613318,651014,651014,1143639.0,sport facility,swimming pool,,,,QUEENS PARK SWIMMING POOL,,,,,219045642,-1686184,11,,,VIC,1265718797000,,52613318,1487139346000,1487139346000,43930,sport,1.0,1143639.0,FOI_43930
44052,64576920,999868,999868,1143651.0,sport facility,swimming pool,,,,PRAHRAN AQUATIC CENTRE,,,,1393632000000.0,208461958,-1686225,11,,,VIC,1399900753000,,56587333,1563381564000,1655947964000,44052,sport,1.0,1143651.0,FOI_44052
43919,52613653,911345,911345,1143652.0,sport facility,swimming pool,,,,CARNEGIE SWIMMING CENTRE,,,,,50297754,-1686091,11,,,VIC,1318504082000,,52613653,1487139347000,1487139347000,43919,sport,1.0,1143652.0,FOI_43919
51071,76003343,1143719,1143719,,commercial facility,entertainment centre,,HOLDEN CENTRE,Holden Centre,,,,,,203460242,-1687693,11,,,VIC,1478777007000,,76003343,1771485749000,1771485749000,51071,commercial,2.0,1143719.0,FOI_51071
14454,76316395,1143726,1143726,,hospital,general hospital,,MONASH HOUSE PRIVATE HOSPITAL,Monash House Private Hospital,,,104,6360,1777420800000.0,219040353,-2095772,11,,,VIC,1478877843000,,76316395,1778224435000,1778224435000,14454,hospital,3.0,1143726.0,FOI_14454
123,65025430,1141412,1141412,1146958.0,education centre,tertiary institution,,HOLMESGLEN INSTITUTE DRUMMOND STREET CAMPUS,Holmesglen Institute Drummond Street Campus,FEDERATION TRAINING,,,,,208091827,-2038532,11,,,VIC,1473266711000,,65025430,1661444862000,1661444862000,123,higher_education,3.0,1146958.0,FOI_123
51814,76959582,1274551,1274551,1147352.0,education centre,special school,,PRACE | PRACE COLLEGE | PRESTON RESERVOIR ADULT COMMUNITY EDUCATION - PRACE COLLEGE CAMP,Prace | Prace College | Preston Reservoir Adult Community Education - Prace College Camp,PRACE | PRACE COLLEGE | PRESTON RESERVOIR ADULT COMMUNITY EDUCATION,,114,2110 C1,1788134400000.0,53151957,-2091139,11,,,VIC,1624876030000,,76959582,1788333232000,1788333232000,51814,school,1.5,1147352.0,FOI_51814
51628,76959395,1147380,1147380,,education centre,special school,,RIVER NILE SCHOOL,River Nile School,,,114,2111 C1,1788134400000.0,203471329,-1695385,11,,,VIC,1483975499000,,76959395,1788333231000,1788333231000,51628,school,1.5,1147380.0,FOI_51628
51608,76959375,1147355,1147355,1147393.0,education centre,secondary school,,"SEDA COLLEGE (VICTORIA) - GILLON PAVILION, KEVIN BARTLETT RESERVE","Seda College (Victoria) - Gillon Pavilion, Kevin Bartlett Reserve",SEDA COLLEGE (VICTORIA),,114,2114 C3,1788134400000.0,423929444,-2116465,11,,,VIC,1483975499000,,76959375,1788333231000,1788333231000,51608,school,1.5,1147393.0,FOI_51608
51635,76959402,1147388,1147388,1147394.0,education centre,special school,,HESTER HORNBROOK ACADEMY,Hester Hornbrook Academy,HESTER HORNBROOK ACADEMY,,114,2113 C1,1788134400000.0,203519870,-1695391,11,,,VIC,1483975499000,,76959402,1788333231000,1788333231000,51635,school,1.5,1147394.0,FOI_51635
20500,73696531,839399,839399,1148127.0,community venue,community centre,,YARRAVILLE COMMUNITY CENTRE (BLACKWOOD HOUSE),Yarraville Community Centre (Blackwood House),BEATON RESERVE,,,,,427695937,-1049727,11,,,VIC,1291131990000,,73696531,1756884452000,1756884452000,20500,community,1.0,1148127.0,FOI_20500
51653,76959420,1149290,1149290,,education centre,primary/secondary school,,CHEDER LEVI YITZCHOK INC,Cheder Levi Yitzchok Inc,,,114,2116 C1,1788134400000.0,50855259,-1821349,11,,,VIC,1488286556000,,76959420,1788333231000,1788333231000,51653,school,1.5,1149290.0,FOI_51653
50977,75990007,1151160,1151160,,admin facility,customer service centre,,CITY OF MELBOURNE CUSTOMER SERVICE CENTRE,City Of Melbourne Customer Service Centre,,,,,,454884919,-1702847,11,,,VIC,1490192193000,,75990007,1771485713000,1771485713000,50977,administration,1.5,1151160.0,FOI_50977
18654,76506402,1151422,1151422,,care facility,aged care,,ARCARE PARKVIEW MALVERN EAST,Arcare Parkview Malvern East,,,102,UID-78162,1781136000000.0,221913581,-1703356,11,,,VIC,1490615433000,,76506402,1781594413000,1781594413000,18654,care,1.0,1151422.0,FOI_18654
10216,53950313,633140,633140,1153817.0,community venue,hall,,MAIDSTONE PUBLIC HALL,Maidstone Public Hall,MAIDSTONE PARK,,,,,50422093,-1352996,11,,,VIC,1250500104000,,53950313,1518206153000,1518206153000,10216,community,1.0,1153817.0,FOI_10216
46841,76943582,1155596,1155596,,hospital,general hospital,,EYE AND EAR ON THE PARK,Eye And Ear On The Park,,,104,124E,1777420800000.0,203244560,-1711793,11,,,VIC,1495036521000,,76943582,1788260010000,1788260010000,46841,hospital,3.0,1155596.0,FOI_46841
16221,76316402,1155597,1155597,,hospital,day procedure centre,,GENESISCARE RADIATION ONCOLOGY CENTRE FITZROY (ST VINCENTS HOSPITAL),Genesiscare Radiation Oncology Centre Fitzroy (St Vincents Hospital),,,104,8234,1777420800000.0,219089726,-2112257,11,,,VIC,1495036521000,,76316402,1778224435000,1778224435000,16221,hospital,3.0,1155597.0,FOI_16221
16267,76316437,1263814,1263814,1156340.0,hospital,general hospital,,ESSENDON FIELDS DIALYSIS CENTRE,Essendon Fields Dialysis Centre,,,104,0319,1777420800000.0,432356276,-2120784,11,,,VIC,1607340882000,,76316437,1778224435000,1778224435000,16267,hospital,3.0,1156340.0,FOI_16267
24611,76508403,1157844,1157844,,care facility,aged care,,CAMPBELL PLACE,Campbell Place,,,102,UID-63522,1781136000000.0,426187524,-1716492,11,,,VIC,1499774794000,,76508403,1781594430000,1781594430000,24611,care,1.0,1157844.0,FOI_24611
24628,76508421,1157846,1157846,,care facility,aged care,,EMBRACIA MOONEE VALLEY,Embracia Moonee Valley,,,102,UID-69758,1781136000000.0,421539090,-1716497,11,,,VIC,1499774794000,,76508421,1781594430000,1781594430000,24628,care,1.0,1157846.0,FOI_24628
24502,76508288,1163163,1163163,,care facility,aged care,,ARCARE NIRVANA AVENUE,Arcare Nirvana Avenue,,,102,UID-88403,1781136000000.0,50800106,-1727249,11,,,VIC,1507801810000,,76508288,1781594429000,1781594429000,24502,care,1.0,1163163.0,FOI_24502
51669,76959436,1163169,1163169,,education centre,special school,,MONASH CHILDRENS HOSPITAL SCHOOL,Monash Childrens Hospital School,,,101,6364 C1,1788134400000.0,50425465,-1727263,11,,,VIC,1507805539000,,76959436,1788333231000,1788333231000,51669,school,1.5,1163169.0,FOI_51669
51675,76959442,1166491,1166491,,education centre,primary school,,SOUTH MELBOURNE PRIMARY SCHOOL,South Melbourne Primary School,,,101,5559 C1,1788134400000.0,173762477,24760,10,,,VIC,1517313084000,,76959442,1788333231000,1788333231000,51675,school,1.5,1166491.0,FOI_51675
51723,76959490,1213884,1213884,1166496.0,education centre,secondary school,,RICHMOND HIGH SCHOOL - GLEADELL STREET CAMPUS,Richmond High School - Gleadell Street Campus,RICHMOND HIGH SCHOOL,,101,8271 C1,1788134400000.0,212595354,123548,10,,,VIC,1547126317000,,76959490,1788333232000,1788333232000,51723,school,1.5,1166496.0,FOI_51723
51687,76959454,1166505,1166505,,education centre,secondary school,,BEAUMARIS SECONDARY COLLEGE,Beaumaris Secondary College,,,101,7566 C1,1788134400000.0,51762269,123556,10,,,VIC,1517313084000,,76959454,1788333231000,1788333231000,51687,school,1.5,1166505.0,FOI_51687
44227,73696955,1014076,1014076,1167419.0,sport facility,swimming pool,,,,FAWKNER LEISURE CENTRE,,351,,,457361477,-1686070,11,,,VIC,1441208310000,,73696955,1756884454000,1756884454000,44227,sport,1.0,1167419.0,FOI_44227
44234,73696426,650924,650924,1167425.0,sport facility,swimming pool,,,,COLLINGWOOD LEISURE CENTRE,,,,,422323129,-1686212,11,,,VIC,1265718797000,,73696426,1756884452000,1756884452000,44234,sport,1.0,1167425.0,FOI_44234
44207,73696820,990152,990152,1167428.0,sport facility,swimming pool,,,,RESERVOIR LEISURE CENTRE,,,,,218964908,-1686041,11,,,VIC,1370605543000,,73696820,1756884454000,1756884454000,44207,sport,1.0,1167428.0,FOI_44207
24524,76508311,1167448,1167448,,care facility,aged care,,ARCARE SURREY HILLS,Arcare Surrey Hills,,,102,UID-64510,1781136000000.0,50881227,-1739884,11,,,VIC,1519040584000,,76508311,1781594429000,1781594429000,24524,care,1.0,1167448.0,FOI_24524
22761,54059869,1171184,1171184,,health facility,maternal/child health centre,,AVONDALE HEIGHTS MATERNAL CHILD HEALTH CENTRE,Avondale Heights Maternal Child Health Centre,,,,,,50093578,-1747365,11,,,VIC,1520441318000,,54059869,1520488850000,1520488850000,22761,health,1.5,1171184.0,FOI_22761
26889,64547988,1180713,1180713,,admin facility,office,,MFB BURNLEY COMPLEX,MFB Burnley Complex,,,105,0,1525996800000.0,152116066,-1766706,11,,,VIC,1527680245000,,62363621,1636616040000,1655947962000,26889,administration,1.5,1180713.0,FOI_26889
26859,64547989,1180714,1180714,,admin facility,office,,MFB THORNBURY COMPLEX,MFB Thornbury Complex,,,105,0,1525996800000.0,51361645,-1766705,11,,,VIC,1527680245000,,54356804,1527745539000,1655947962000,26859,administration,1.5,1180714.0,FOI_26859
27200,54490026,1183128,1183128,,landmark,tourist attraction,,DAVID GODSELL HOUSE,David Godsell House,,,,,,50629913,-1771609,11,,,VIC,1530017396000,,54490026,1530079255000,1530079255000,27200,tourism,1.5,1183128.0,FOI_27200
50979,75990016,1208257,1208257,1184586.0,community venue,community centre,,CARLTON BATHS AND COMMUNITY CENTRE,Carlton Baths And Community Centre,CARLTON BATHS,,,,,203461461,-1821991,11,,,VIC,1535378894000,,75990016,1771485713000,1771485713000,50979,community,1.0,1184586.0,FOI_50979
44922,76524033,991354,991354,1208457.0,care facility,aged care,,BAPTCARE - STRATHALAN COMMUNITY,Baptcare - Strathalan Community,BAPTCARE STRATHALAN COMMUNITY RETIREMENT VILLAGE,,102,UID-67106,1781136000000.0,,-1365951,11,,,VIC,1372691536000,,76524033,1781594573000,1781594573000,44922,care,1.0,1208457.0,FOI_44922
24592,76508382,1211227,1211227,,care facility,aged care,,CLIFTON VIEWS,Clifton Views,,,102,UID-84600,1781136000000.0,51674007,-1827969,11,,,VIC,1540458408000,,76508382,1781594430000,1781594430000,24592,care,1.0,1211227.0,FOI_24592
16229,76316406,1213829,1213829,,hospital,general hospital,,EPWORTH FREEMASONS - ALBERT ST,Epworth Freemasons - Albert St,,,104,6470,1777420800000.0,457164706,-1926606,11,,,VIC,1547109290000,,76316406,1778224435000,1778224435000,16229,hospital,3.0,1213829.0,FOI_16229
16231,76316408,1213836,1213836,,hospital,general hospital,,EPWORTH FREEMASONS - VICTORIA PDE,Epworth Freemasons - Victoria Pde,,,104,647V,1777420800000.0,423379572,-1896306,11,,,VIC,1547109290000,,76316408,1778224435000,1778224435000,16231,hospital,3.0,1213836.0,FOI_16231
24607,76508398,1213841,1213841,,care facility,aged care,,CALVARY THE HIGHBURY,Calvary The Highbury,,,102,UID-85352,1781136000000.0,210721470,-2056270,11,,,VIC,1547110220000,,76508398,1781594430000,1781594430000,24607,care,1.0,1213841.0,FOI_24607
51716,76959483,1213877,1213877,,education centre,secondary school,,PRESTON HIGH SCHOOL,Preston High School,,,101,8241 C1,1788134400000.0,433366894,123621,10,,,VIC,1547126317000,,76959483,1788333232000,1788333232000,51716,school,1.5,1213877.0,FOI_51716
51720,76959487,1213881,1213881,,education centre,primary school,,SOUTH MELBOURNE PARK PRIMARY SCHOOL,South Melbourne Park Primary School,,,101,5562 C1,1788134400000.0,424064622,123632,10,,,VIC,1547126317000,,76959487,1788333232000,1788333232000,51720,school,1.5,1213881.0,FOI_51720
51722,76959489,1213883,1213883,,education centre,secondary school,,PRAHRAN HIGH SCHOOL,Prahran High School,,,101,8231 C1,1788134400000.0,423700141,33268,10,,,VIC,1547126317000,,76959489,1788333232000,1788333232000,51722,school,1.5,1213883.0,FOI_51722
10613,62046365,1214300,1214300,,community venue,hall,,HADFIELD COMMUNITY HALL,Hadfield Community Hall,,,,,,51517182,-1835106,11,,,VIC,1548399004000,,62046365,1634811670000,1634811670000,10613,community,1.0,1214300.0,FOI_10613
24400,76508180,1217501,1217501,,care facility,aged care,,NELLIE MELBA RETIREMENT VILLAGE,Nellie Melba Retirement Village,,,102,UID-84639,1781136000000.0,,-1841515,11,,,VIC,1554117568000,,76508180,1781594428000,1781594428000,24400,care,1.0,1217501.0,FOI_24400
9179,76793519,1237335,1237335,,admin facility,customer service centre,,COBURG CITIZENS SERVICE CENTRE,Coburg Citizens Service Centre,,,,,,,-1888094,11,,,VIC,1559554891000,,76793519,1783580532000,1783580532000,9179,administration,1.5,1237335.0,FOI_9179
24706,76508516,1238037,1238037,,care facility,aged care,,TRINITY MANOR GREENSBOROUGH,Trinity Manor Greensborough,,,102,UID-87874,1781136000000.0,427976873,-1889721,11,,,VIC,1564482945000,,76508516,1781594431000,1781594431000,24706,care,1.0,1238037.0,FOI_24706
16233,76316410,1241066,1241066,,hospital,day procedure centre,,ICON CANCER CENTRE MULGRAVE,Icon Cancer Centre Mulgrave,,,104,8235,1777420800000.0,51294633,-1942620,11,,,VIC,1573633045000,,76316410,1778224435000,1778224435000,16233,hospital,3.0,1241066.0,FOI_16233
16234,76316411,1241068,1241068,,hospital,day procedure centre,,ICON CANCER CENTRE RICHMOND,Icon Cancer Centre Richmond,,,104,8238,1777420800000.0,221216115,-1896353,11,,,VIC,1573633045000,,76316411,1778224435000,1778224435000,16234,hospital,3.0,1241068.0,FOI_16234
16245,76316414,1241072,1241072,,hospital,day procedure centre,,ICON CANCER CENTRE FREEMASONS,Icon Cancer Centre Freemasons,,,104,8237,1777420800000.0,457164706,-1896267,11,,,VIC,1573633045000,,76316414,1778224435000,1778224435000,16245,hospital,3.0,1241072.0,FOI_16245
16246,76316415,1241075,1241075,,hospital,day procedure centre,,GREENSBOROUGH DAY SURGERY,Greensborough Day Surgery,,,104,7440,1777420800000.0,424017686,-1896425,11,,,VIC,1573633045000,,76316415,1778224435000,1778224435000,16246,hospital,3.0,1241075.0,FOI_16246
16247,76316416,1241078,1241078,,hospital,day procedure centre,,GENESISCARE RADIATION ONCOLOGY CENTRE MALVERN (CABRINI HOSPITAL),Genesiscare Radiation Oncology Centre Malvern (Cabrini Hospital),,,104,8236,1777420800000.0,208463941,-2112252,11,,,VIC,1573633045000,,76316416,1778224435000,1778224435000,16247,hospital,3.0,1241078.0,FOI_16247
12268,76506239,140003,140003,1242066.0,care facility,aged care,,LISCOMBE HOUSE,Liscombe House,LEITH PARK RETIREMENT VILLAGE,,102,UID-63743,1781136000000.0,218748034,-1678942,11,,,VIC,1242871632000,,76506239,1781594409000,1781594409000,12268,care,1.0,1242066.0,FOI_12268
18521,76506283,1340062,1340062,1242067.0,care facility,aged care,,IVANHOE GRAND CARE COMMUNITY,Ivanhoe Grand Care Community,BLUE CROSS AGED CARE,,102,UID-63507,1781136000000.0,213330973,-2111305,11,,,VIC,1756210231000,,76506283,1781594410000,1781594410000,18521,care,1.0,1242067.0,FOI_18521
16248,76316417,1242888,1242888,,hospital,day procedure centre,,HAMPTON DAY HOSPITAL,Hampton Day Hospital,,,104,7200,1777420800000.0,428947674,-1900045,11,,,VIC,1574937284000,,76316417,1778224435000,1778224435000,16248,hospital,3.0,1242888.0,FOI_16248
16250,76316419,1242892,1242892,,hospital,day procedure centre,,ICON CANCER CENTRE MORELAND,Icon Cancer Centre Moreland,,,104,ICON,1777420800000.0,453713895,-1942614,11,,,VIC,1574937284000,,76316419,1778224435000,1778224435000,16250,hospital,3.0,1242892.0,FOI_16250
20428,62046378,1243437,1243437,,community venue,community centre,,LEINSTER GROVE COMMUNITY CENTRE,Leinster Grove Community Centre,,,,,,53469968,-1901364,11,,,VIC,1575457732000,,62046378,1634811670000,1634811670000,20428,community,1.0,1243437.0,FOI_20428
18536,76506298,991677,991677,1243635.0,care facility,aged care,,BAPTCARE - HEDLEY SUTTON COMMUNITY,Baptcare - Hedley Sutton Community,HEDLEY SUTTON COMMUNITY RETIREMENT VILLAGE,,102,UID-67080,1781136000000.0,212948471,-1365729,11,,,VIC,1372691537000,,76506298,1781594410000,1781594410000,18536,care,1.0,1243635.0,FOI_18536
24444,76508227,1244635,1244635,,care facility,aged care,,UNITING AGEWELL PRESTON,Uniting Agewell Preston,,,102,UID-64476,1781136000000.0,51513138,-1902661,11,,,VIC,1576242180000,,76508227,1781594429000,1781594429000,24444,care,1.0,1244635.0,FOI_24444
24364,76508134,1244637,1244637,,care facility,aged care,,MECWACARE JUBILEE HOUSE,Mecwacare Jubilee House,,,102,UID-89381,1781136000000.0,202297922,-1902663,11,,,VIC,1576242180000,,76508134,1781594428000,1781594428000,24364,care,1.0,1244637.0,FOI_24364
21218,76986342,1244642,1244642,,admin facility,justice service,,MELBOURNE JUSTICE SERVICE CENTRE,Melbourne Justice Service Centre,,,108,,1780272000000.0,213849442,-1902693,11,,,VIC,1576501409000,,76986342,1788960283000,1788960283000,21218,administration,1.5,1244642.0,FOI_21218
51740,76959507,1246454,1246454,1246469.0,education centre,secondary school,,FOOTSCRAY HIGH SCHOOL - KINNEAR STREET CAMPUS,Footscray High School - Kinnear Street Campus,FOOTSCRAY HIGH SCHOOL,,101,7842 C1,1788134400000.0,51353044,-1906472,11,,,VIC,1581935161000,,76959507,1788333232000,1788333232000,51740,school,1.5,1246469.0,FOI_51740
24442,76508225,1248277,1248277,,care facility,aged care,,UNITING AGEWELL HAWTHORN COMMUNITY,Uniting Agewell Hawthorn Community,,,102,UID-63576,1781136000000.0,206082766,-1910187,11,,,VIC,1585056235000,,76508225,1781594429000,1781594429000,24442,care,1.0,1248277.0,FOI_24442
16252,76316421,1256202,1256202,,hospital,day procedure centre,,SKIN HEALTH INSTITUTE,Skin Health Institute,,,104,7130,1777420800000.0,203472385,-1926610,11,,,VIC,1592295991000,,76316421,1778224435000,1778224435000,16252,hospital,3.0,1256202.0,FOI_16252
24608,76508399,1259139,1259139,,care facility,aged care,,CALVARY THE REGENT,Calvary The Regent,,,102,UID-89039,1781136000000.0,427411193,-2056242,11,,,VIC,1592908777000,,76508399,1781594430000,1781594430000,24608,care,1.0,1259139.0,FOI_24608
41353,76573876,1261659,1261659,,care facility,supported residential facility,,WESTPEAK RESIDENTIAL SERVICES VERMONT,Westpeak Residential Services Vermont,,,104,,1759968000000.0,51685836,-2122344,11,,,VIC,1598265905000,,76573876,1782284957000,1782284957000,41353,care,1.0,1261659.0,FOI_41353
20540,74583596,1261974,1261974,,community venue,community centre,,GLENROY COMMUNITY HUB,Glenroy Community Hub,,,351,,1598572800000.0,452399351,125418,10,,,VIC,1598888110000,,74583596,1760598781000,1760598781000,20540,community,1.0,1261974.0,FOI_20540
52848,76967523,1262047,1262047,,hospital,general hospital,,ST VINCENTS ON THE PARK,St Vincents On The Park,,,104,1451,1777420800000.0,433206741,-1938696,11,,,VIC,1600159898000,,76967523,1788339504000,1788339504000,52848,hospital,3.0,1262047.0,FOI_52848
16004,76346898,1262048,1262048,,hospital,general hospital,,THOMAS EMBLING,Thomas Embling,,,104,5990,1777420800000.0,54556029,-1938685,11,,,VIC,1600159898000,,76346898,1778829202000,1778829202000,16004,hospital,3.0,1262048.0,FOI_16004
18607,76506369,991710,991710,1262808.0,care facility,aged care,,ESTIA HEALTH GLEN WAVERLEY,Estia Health Glen Waverley,GRACE GARDENS RETIREMENT VILLAGE,,102,UID-69804,1781136000000.0,172148823,-1678960,11,,,VIC,1372691537000,,76506369,1781594411000,1781594411000,18607,care,1.0,1262808.0,FOI_18607
18559,76506321,136973,136973,1262810.0,care facility,aged care,,CUMBERLAND VIEW AGED CARE - WHALLEY DRIVE,Cumberland View Aged Care - Whalley Drive,CUMBERLAND VIEW RETIREMENT LIVING,,102,UID-63622,1781136000000.0,220285923,-1754223,11,,,VIC,1242871611000,,76506321,1781594411000,1781594411000,18559,care,1.0,1262810.0,FOI_18559
18586,76506348,1003373,1003373,1262815.0,care facility,aged care,,WEARY DUNLOP RETIREMENT VILLAGE,Weary Dunlop Retirement Village,WEARY DUNLOP RETIREMENT VILLAGE,,102,UID-84413,1781136000000.0,219041003,-1396934,11,,,VIC,1410971291000,,76506348,1781594411000,1781594411000,18586,care,1.0,1262815.0,FOI_18586
16260,76316430,1263806,1263806,,hospital,general hospital,,SPRING STREET DIALYSIS UNIT,Spring Street Dialysis Unit,,,104,0362,1777420800000.0,433660839,-2120788,11,,,VIC,1607340882000,,76316430,1778224435000,1778224435000,16260,hospital,3.0,1263806.0,FOI_16260
16261,76316431,1263808,1263808,,hospital,general hospital,,NORTH EAST KIDNEY SERVICE,North East Kidney Service,,,104,0333,1777420800000.0,51123323,-1942598,11,,,VIC,1607340882000,,76316431,1778224435000,1778224435000,16261,hospital,3.0,1263808.0,FOI_16261
16264,76316434,1263811,1263811,,hospital,general hospital,,COBURG DIALYSIS UNIT,Coburg Dialysis Unit,,,104,0312,1777420800000.0,422221777,-1942612,11,,,VIC,1607340882000,,76316434,1778224435000,1778224435000,16264,hospital,3.0,1263811.0,FOI_16264
48918,76435854,985373,985373,1263832.0,care facility,supported residential facility,,PARKVILLE YOUTH RESIDENTIAL CENTRE,Parkville Youth Residential Centre,PARKVILLE YOUTH JUSTICE PRECINCT,,108,,1780272000000.0,215016497,-1832731,11,,,VIC,1351089351000,,76435854,1780471101000,1780471101000,48918,care,1.0,1263832.0,FOI_48918
52046,76960093,1347687,1347687,1266973.0,education centre,secondary school,,IGNATIUS LEARNING CENTRE,Ignatius Learning Centre,IGNATIUS LEARNING CENTRE,,113,2240 C1,1788134400000.0,219087863,-2127422,11,,,VIC,1788267552000,,76960093,1788333236000,1788333236000,52046,school,1.5,1266973.0,FOI_52046
51776,76959544,1266975,1266975,,education centre,secondary school,,ST MARYS COLLEGE MELBOURNE,St Marys College Melbourne,,,113,26 C1,1788134400000.0,459695103,-2038610,11,,,VIC,1616498951000,,76959544,1788333232000,1788333232000,51776,school,1.5,1266975.0,FOI_51776
51783,76959551,1266983,1266983,,education centre,special school,,NIDDRIE AUTISTIC SCHOOL,Niddrie Autistic School,,,101,5362 C1,1788134400000.0,,-1972843,11,,,VIC,1616498951000,,76959551,1788333232000,1788333232000,51783,school,1.5,1266983.0,FOI_51783
51788,76959556,1266988,1266988,,education centre,secondary school,,YOUTH2INDUSTRY COLLEGE,Youth2industry College,,,114,2236 C1,1788134400000.0,421715497,-1949239,11,,,VIC,1616498951000,,76959556,1788333232000,1788333232000,51788,school,1.5,1266988.0,FOI_51788
51793,76959561,1266993,1266993,,education centre,special school,,TOMBOLO ACADEMY,Tombolo Academy,,,114,2232 C1,1788134400000.0,212037708,-2034542,11,,,VIC,1616498951000,,76959561,1788333232000,1788333232000,51793,school,1.5,1266993.0,FOI_51793
51890,76959658,1331723,1331723,1267001.0,education centre,primary school,,DOCKLANDS PRIMARY SCHOOL,Docklands Primary School,DOCKLANDS PRIMARY SCHOOL,,101,5573 C1,1788134400000.0,,125500,10,,,VIC,1689083379000,,76959658,1788333232000,1788333232000,51890,school,1.5,1267001.0,FOI_51890
24645,76508438,1267016,1267016,,care facility,aged care,,IRIS LOVETT GARDINER CENTRE (ACES),Iris Lovett Gardiner Centre (Aces),,,102,UID-67920,1781136000000.0,,-1949299,11,,,VIC,1616511261000,,76508438,1781594430000,1781594430000,24645,care,1.0,1267016.0,FOI_24645
24499,76508285,1267017,1267017,,care facility,aged care,,ARCARE ESSENDON,Arcare Essendon,,,102,UID-89020,1781136000000.0,51917187,-1949304,11,,,VIC,1616511261000,,76508285,1781594429000,1781594429000,24499,care,1.0,1267017.0,FOI_24499
10884,74675415,1267414,1267414,,community venue,hall,,FOOTSCRAY TOWN HALL,Footscray Town Hall,,,,,,206455539,-1950116,11,,,VIC,1619081918000,,74675415,1761646372000,1761646372000,10884,community,1.0,1267414.0,FOI_10884
16268,76316438,1267723,1267723,,hospital,day procedure centre,,BOROONDARA DAY SURGERY,Boroondara Day Surgery,,,104,7080,1777420800000.0,209470034,-2090612,11,,,VIC,1621241349000,,76316438,1778224435000,1778224435000,16268,hospital,3.0,1267723.0,FOI_16268
24432,76508215,1276605,1276605,,care facility,aged care,,ST VINCENTS CARE SERVICES KEW,St Vincents Care Services Kew,,,102,UID-84679,1781136000000.0,152246048,-1972310,11,,,VIC,1632221518000,,76508215,1781594428000,1781594428000,24432,care,1.0,1276605.0,FOI_24432
24710,76508520,1276607,1276607,,care facility,aged care,,VILLA MARIA CATHOLIC HOMES ONEILL AGED CARE RESIDENCE,Villa Maria Catholic Homes Oneill Aged Care Residence,,,102,UID-64511,1781136000000.0,152562399,-1972306,11,,,VIC,1632221518000,,76508520,1781594431000,1781594431000,24710,care,1.0,1276607.0,FOI_24710
16269,76316439,1277068,1277068,,hospital,day procedure centre,,NOTTING HILL CITY HEALTH DAY HOSPITAL,Notting Hill City Health Day Hospital,,,104,8520,1777420800000.0,425452046,-1973538,11,,,VIC,1635330212000,,76316439,1778224435000,1778224435000,16269,hospital,3.0,1277068.0,FOI_16269
51837,76959605,1279351,1279351,,education centre,secondary school,,PORT MELBOURNE SECONDARY COLLEGE,Port Melbourne Secondary College,,,101,7839 C1,1788134400000.0,53553352,126920,10,,,VIC,1642006389000,,76959605,1788333232000,1788333232000,51837,school,1.5,1279351.0,FOI_51837
51079,76003351,1284099,1284099,,cultural centre,art gallery,,EDMUND HERRING PAVILION,Edmund Herring Pavilion,,,,,,203163859,-1988388,11,,,VIC,1646305614000,,76003351,1771485749000,1771485749000,51079,cultural,1.5,1284099.0,FOI_51079
51078,76003350,1284100,1284100,,cultural centre,museum,,DOMAIN HOUSE,Domain House,,,,,,151862534,-1988387,11,,,VIC,1646305614000,,76003350,1771485749000,1771485749000,51078,cultural,1.5,1284100.0,FOI_51078
24334,76508091,1284539,1284539,,care facility,aged care,,JOHN FLYNN RETIREMENT VILLAGE,John Flynn Retirement Village,,,102,UID-89208,1781136000000.0,,-1989530,11,,,VIC,1648564617000,,76508091,1781594427000,1781594427000,24334,care,1.0,1284539.0,FOI_24334
22793,63711195,1307437,1307437,,health facility,maternal/child health centre,,MATERNAL AND CHILD HEALTH CENTRE,Maternal And Child Health Centre,,,,,,,-2035971,11,,,VIC,1654610675000,,63711195,1654672652000,1654672652000,22793,health,1.5,1307437.0,FOI_22793
39424,63711196,1307438,1307438,,health facility,community health centre,,COMMUNITY HEALTH CENTRE,Community Health Centre,,,,,,,-2035972,11,,,VIC,1654610675000,,63711196,1654672652000,1654672652000,39424,health,1.5,1307438.0,FOI_39424
41360,76573883,1307674,1307674,,care facility,supported residential facility,,ESSENDON SUPPORTED LIVING,Essendon Supported Living,,,104,,1759968000000.0,51270613,-2122295,11,,,VIC,1657113204000,,76573883,1782284957000,1782284957000,41360,care,1.0,1307674.0,FOI_41360
10830,73696891,997273,997273,1307895.0,community venue,hall,,BAYSIDE DISTRICT SCOUT ASSOCIATION,Bayside District Scout Association,SANDRINGHAM ATHLETICS GROUNDS,,,,,211201097,-1383421,11,,,VIC,1387440883000,,73696891,1756884454000,1756884454000,10830,community,1.0,1307895.0,FOI_10830
10714,73696887,997248,997248,1307901.0,community venue,hall,,1ST BEAUMARIS SEA SCOUTS,1st Beaumaris Sea Scouts,F L YOTT RESERVE,,,,,218946162,-1383463,11,,,VIC,1387440883000,,73696887,1756884454000,1756884454000,10714,community,1.0,1307901.0,FOI_10714
10710,68286221,997276,997276,1307902.0,community venue,hall,,BLACK ROCK SCOUTS,Black Rock Scouts,TRICKS RESERVE,,,,,,-1383447,11,,,VIC,1387440883000,,68286221,1689318438000,1689318438000,10710,community,1.0,1307902.0,FOI_10710
51846,76959614,1308012,1308012,,education centre,secondary school,,CENTRE FOR HIGHER EDUCATION STUDIES,Centre For Higher Education Studies,,,101,8917 C1,1788134400000.0,420034488,-2037601,11,,,VIC,1659960822000,,76959614,1788333232000,1788333232000,51846,school,1.5,1308012.0,FOI_51846
24409,76508189,1308462,1308462,,care facility,aged care,,RAELENE BOYLE RETIREMENT VILLAGE,Raelene Boyle Retirement Village,,,102,UID-89376,1781136000000.0,455046789,-2038741,11,,,VIC,1664986767000,,76508189,1781594428000,1781594428000,24409,care,1.0,1308462.0,FOI_24409
20547,74583605,1308492,1308492,,community venue,community centre,,BOB HAWKE COMMUNITY CENTRE,Bob Hawke Community Centre,,,,,,50311900,128020,10,,,VIC,1666017452000,,74583605,1760598781000,1760598781000,20547,community,1.0,1308492.0,FOI_20547
51871,76959639,1313741,1313741,,education centre,special school,,HAMPTON EAST SCHOOL,Hampton East School,,,101,6368 C1,1788134400000.0,54604289,129847,10,,,VIC,1673444084000,,76959639,1788333232000,1788333232000,51871,school,1.5,1313741.0,FOI_51871
20549,74583607,1315340,1315340,,community venue,community centre,,DJERRING FLEMINGTON HUB,Djerring Flemington Hub,,,,,,219045312,128605,10,,,VIC,1676380252000,,74583607,1760598781000,1760598781000,20549,community,1.0,1315340.0,FOI_20549
22861,74583608,1315382,1315382,,health facility,maternal/child health centre,,ASCOT VALE MATERNAL AND CHILD HEALTH CENTRE,Ascot Vale Maternal And Child Health Centre,,,,,,51276860,128618,10,,,VIC,1677061098000,,74583608,1760598781000,1760598781000,22861,health,1.5,1315382.0,FOI_22861
22808,66250951,1315383,1315383,,health facility,maternal/child health centre,,LINCOLN ROAD EARLY YEARS CENTRE,Lincoln Road Early Years Centre,,,,,,50460039,-2053597,11,,,VIC,1677062961000,,66250951,1677136133000,1677136133000,22808,health,1.5,1315383.0,FOI_22808
24596,76508386,1316643,1316643,,care facility,aged care,,CALVARY HUNTLY SUITES,Calvary Huntly Suites,,,102,UID-89813,1781136000000.0,454958944,-2056266,11,,,VIC,1679410765000,,76508386,1781594430000,1781594430000,24596,care,1.0,1316643.0,FOI_24596
50816,76437799,1316653,1316653,,admin facility,justice service,,MARIBYRNONG COMMUNITY RESIDENTIAL FACILITY,Maribyrnong Community Residential Facility,,,108,,1780272000000.0,212604351,-2056288,11,,,VIC,1679505757000,,76437799,1780471106000,1780471106000,50816,administration,1.5,1316653.0,FOI_50816
41361,76573884,1316982,1316982,,care facility,supported residential facility,,ROYAL AVENUE LODGE,Royal Avenue Lodge,,,104,,1759968000000.0,51776564,-2122329,11,,,VIC,1683639947000,,76573884,1782284957000,1782284957000,41361,care,1.0,1316982.0,FOI_41361
41363,76573886,1316985,1316985,,care facility,supported residential facility,,KEW SUPPORTED RESIDENTIAL SERVICE,Kew Supported Residential Service,,,104,,1759968000000.0,50124413,-2122331,11,,,VIC,1683639947000,,76573886,1782284957000,1782284957000,41363,care,1.0,1316985.0,FOI_41363
41364,76573887,1316986,1316986,,care facility,supported residential facility,,"PRIME GARDEN, MONT ALBERT NORTH","Prime Garden, Mont Albert North",,,104,,1759968000000.0,50209332,-2122328,11,,,VIC,1683639947000,,76573887,1782284957000,1782284957000,41364,care,1.0,1316986.0,FOI_41364
21196,76317599,1316994,1316994,,hospital,general hospital,,MONASH HEART PRIVATE HOSPITAL,Monash Heart Private Hospital,,,104,7570,1777420800000.0,426391161,-2112247,11,,,VIC,1683640175000,,76317599,1778224466000,1778224466000,21196,hospital,3.0,1316994.0,FOI_21196
21197,76317600,1316995,1316995,,hospital,general hospital,,VICTORIAN HEART HOSPITAL,Victorian Heart Hospital,,,104,1310,1777420800000.0,426391161,-2057374,11,,,VIC,1683640175000,,76317600,1778224466000,1778224466000,21197,hospital,3.0,1316995.0,FOI_21197
16276,76316448,1316998,1316998,,hospital,general hospital,,EASTERN HEALTH BLACKBURN,Eastern Health Blackburn,,,104,1052,1777420800000.0,50176068,-2120825,11,,,VIC,1683640175000,,76316448,1778224435000,1778224435000,16276,hospital,3.0,1316998.0,FOI_16276
41369,76573892,1329435,1329435,,care facility,supported residential facility,,GREENHAVEN SRS,Greenhaven Srs,,,104,,1759968000000.0,51368983,-2122349,11,,,VIC,1685448249000,,76573892,1782284957000,1782284957000,41369,care,1.0,1329435.0,FOI_41369
51186,76448775,988258,988258,1331734.0,community venue,hall,,SECOND MITCHAM SCOUT GROUP,Second Mitcham Scout Group,SOMERS TRAIL,,,,,208470418,-1357410,11,,,VIC,1365065344000,,76448775,1780643521000,1780643521000,51186,community,1.0,1331734.0,FOI_51186
20478,68561045,1332227,1332227,,community venue,community centre,,KOOLIN-NGAL-FAMILY CENTRE,Koolin-Ngal-Family Centre,,,358,,1693440000000.0,219062633,-2088532,11,,,VIC,1693913635000,,68561045,1693984011000,1693984011000,20478,community,1.0,1332227.0,FOI_20478
20473,68561039,1332230,1332230,,community venue,community centre,,ST KILDA LIBRARY COMMUNITY ROOM,St Kilda Library Community Room,,,358,,1693440000000.0,50584808,-2088537,11,,,VIC,1693913635000,,68561039,1693984011000,1693984011000,20473,community,1.0,1332230.0,FOI_20473
20474,68561040,1332231,1332231,,community venue,community centre,,ELWOOD ST KILDA NEIGHBOURHOOD LEARNING CENTRE,Elwood St Kilda Neighbourhood Learning Centre,,,358,,1693440000000.0,50593899,-2088528,11,,,VIC,1693913635000,,68561040,1693984011000,1693984011000,20474,community,1.0,1332231.0,FOI_20474
45163,76527920,1332370,1332370,,admin facility,office,,VICSES ME OFFICE MULGRAVE,Vicses Me Office Mulgrave,,,123,901,1781568000000.0,203163676,-2121318,11,,,VIC,1694607806000,,76527920,1781680431000,1781680431000,45163,administration,1.5,1332370.0,FOI_45163
27469,74041493,1137837,1137837,1332389.0,landmark,tourist attraction,,TOMMYS STORY,Tommys Story,SOUTH MELBOURNE FORESHORE RESERVE,,358,pp2002.19.493,,,-1674364,11,,,VIC,1465463392000,,74041493,1757661297000,1757661297000,27469,tourism,1.5,1332389.0,FOI_27469
24371,76508146,1332408,1332408,,care facility,aged care,,MECWACARE SIMON PRICE CENTRE,Mecwacare Simon Price Centre,,,102,UID-63540,1781136000000.0,50208839,-2089054,11,,,VIC,1695212875000,,76508146,1781594428000,1781594428000,24371,care,1.0,1332408.0,FOI_24371
21195,76317598,1143729,1143729,1332525.0,hospital,general hospital,,VERMONT PRIVATE HOSPITAL,Vermont Private Hospital,MORACK PUBLIC GOLF,,104,6370,1777420800000.0,203358926,-1687722,11,,,VIC,1478877843000,,76317598,1778224466000,1778224466000,21195,hospital,3.0,1332525.0,FOI_21195
22820,68736064,1332589,1332589,,health facility,maternal/child health centre,,SOUTH MELBOURNE PRIMARY SCHOOL MATERNAL AND CHILD HEALTH CENTRE,South Melbourne Primary School Maternal And Child Health Centre,,,358,,1696291200000.0,173762477,-2089595,11,,,VIC,1696506343000,,68736064,1696516734000,1696516734000,22820,health,1.5,1332589.0,FOI_22820
41371,76573894,1332924,1332924,,care facility,supported residential facility,,CAUSE (IVANHOE),Cause (Ivanhoe),,,104,,1759968000000.0,54604141,-2122364,11,,,VIC,1699542944000,,76573894,1782284957000,1782284957000,41371,care,1.0,1332924.0,FOI_41371
16278,76316450,1332925,1332925,,hospital,general hospital,,SANDRINGHAM MONASH,Sandringham Monash,,,104,4330,1777420800000.0,53632842,-2090617,11,,,VIC,1699544593000,,76316450,1778224435000,1778224435000,16278,hospital,3.0,1332925.0,FOI_16278
51968,76959789,1342592,1342592,1333014.0,education centre,secondary school,,ISLAMIC COLLEGE OF SPORT - NORTH CAMPUS (WINDY HILL),Islamic College Of Sport - North Campus (Windy Hill),ISLAMIC COLLEGE OF SPORT,,114,2249 C5,1788134400000.0,219045783,-2116831,11,,,VIC,1771244135000,,76959789,1788333232000,1788333232000,51968,school,1.5,1333014.0,FOI_51968
27459,72662697,1137797,1137797,1333201.0,landmark,tourist attraction,,MELBOURNE SOLAR SYSTEM,Melbourne Solar System,MARINA RESERVE,,358,pp2009.6.520,,219062699,-1674397,11,,,VIC,1465463392000,,72662697,1737702581000,1737702581000,27459,tourism,1.5,1333201.0,FOI_27459
27460,72662699,1137808,1137808,1333205.0,landmark,tourist attraction,,THE ABATTOIRS,The Abattoirs,ROBINSON RESERVE,,358,18,,219061445,-1674383,11,,,VIC,1465463392000,,72662699,1737702581000,1737702581000,27460,tourism,1.5,1333205.0,FOI_27460
51293,76448897,1137896,1137896,1333220.0,health facility,maternal/child health centre,,POETS GROVE FAMILY AND CHILDRENS CENTRE,Poets Grove Family And Childrens Centre,ELWOOD COMMUNITY HUB RESERVE,,358,3,1502755200000.0,219061697,-1674424,11,,,VIC,1465463673000,,76448897,1780643521000,1780643521000,51293,health,1.5,1333220.0,FOI_51293
16280,76316452,1333223,1333223,,hospital,day procedure centre,,CREMORNE PRIVATE DAY SURGERY,Cremorne Private Day Surgery,,,104,8590,1777420800000.0,51100154,-2092020,11,,,VIC,1708945851000,,76316452,1778224435000,1778224435000,16280,hospital,3.0,1333223.0,FOI_16280
2492,76186361,1334815,1334815,,community venue,community centre,,BALAM BALAM PLACE,Balam Balam Place,,,,,,,130273,10,,,VIC,1728300849000,,76186361,1775027277000,1775027277000,2492,community,1.0,1334815.0,FOI_2492
20559,74583623,1335483,1335483,,community venue,community centre,,KELLAWAY AVENUE NEIGHBOURHOOD CENTRE,Kellaway Avenue Neighbourhood Centre,,,,,,53466596,130452,10,,,VIC,1733753883000,,74583623,1760598781000,1760598781000,20559,community,1.0,1335483.0,FOI_20559
10795,72139520,1335487,1335487,,community venue,hall,,AVONDALE HEIGHTS COMMUNITY PRECINCT STADIUM,Avondale Heights Community Precinct Stadium,,,,,,420275841,-2098637,11,,,VIC,1733753883000,,72139520,1733814624000,1733814624000,10795,community,1.0,1335487.0,FOI_10795
10796,72139522,1335489,1335489,,community venue,hall,,NEIL HEINZE PAVILION,Neil Heinze Pavilion,,,,,,50093578,-2098646,11,,,VIC,1733753883000,,72139522,1733814624000,1733814624000,10796,community,1.0,1335489.0,FOI_10796
10797,72139523,1335490,1335490,,community venue,hall,,MASON SQUARE (CAYDON),Mason Square (Caydon),,,,,,427936766,-2098649,11,,,VIC,1733753883000,,72139523,1733814624000,1733814624000,10797,community,1.0,1335490.0,FOI_10797
20562,74583628,1335491,1335491,,community venue,community centre,,ASCOT VALE NEIGHBOURHOOD CENTRE,Ascot Vale Neighbourhood Centre,,,,,,150658338,130449,10,,,VIC,1733753883000,,74583628,1760598781000,1760598781000,20562,community,1.0,1335491.0,FOI_20562
10869,74583629,1335493,1335493,,community venue,hall,,DOUTTA GALLA COMMUNITY HALL,Doutta Galla Community Hall,,,,,,208832190,130442,10,,,VIC,1733753883000,,74583629,1760598781000,1760598781000,10869,community,1.0,1335493.0,FOI_10869
20563,74583631,1335495,1335495,,community venue,community centre,,NIDDRIE COMMUNITY HUB,Niddrie Community Hub,,,,,,432681805,130454,10,,,VIC,1733753883000,,74583631,1760598781000,1760598781000,20563,community,1.0,1335495.0,FOI_20563
10873,74583634,1335498,1335498,,community venue,hall,,BRADSHAW STREET COMMUNITY HALL,Bradshaw Street Community Hall,,,,,,50469440,130438,10,,,VIC,1733753883000,,74583634,1760598781000,1760598781000,10873,community,1.0,1335498.0,FOI_10873
51954,76959720,1336274,1336274,,education centre,secondary school,,OAKTREE COLLEGE,Oaktree College,,,114,2257 C1,1788134400000.0,207324700,-2101852,11,,,VIC,1744288152000,,76959720,1788333232000,1788333232000,51954,school,1.5,1336274.0,FOI_51954
51955,76959721,1336275,1336275,,education centre,special school,,MASTERY SCHOOLS VICTORIA,Mastery Schools Victoria,,,114,2258 C1,1788134400000.0,430248168,-2101890,11,,,VIC,1744288152000,,76959721,1788333232000,1788333232000,51955,school,1.5,1336275.0,FOI_51955
22531,73696653,985803,985803,1336648.0,community venue,senior citizens,,EAST RESERVOIR SENIOR CITIZENS CENTRE,East Reservoir Senior Citizens Centre,T W ANDREWS PARK,,,,,54527166,-1351691,11,,,VIC,1355840960000,,73696653,1756884453000,1756884453000,22531,community,1.0,1336648.0,FOI_22531
20020,76316482,1336737,1336737,,hospital,day procedure centre,,JOLIMONT DAY HOSPITAL,Jolimont Day Hospital,,,104,7990,1777420800000.0,203474848,-2103078,11,,,VIC,1748943251000,,76316482,1778224435000,1778224435000,20020,hospital,3.0,1336737.0,FOI_20020
20023,76316484,1336739,1336739,,hospital,general hospital,,ADENEY PRIVATE HOSPITAL,Adeney Private Hospital,,,104,8130,1777420800000.0,430250044,-2103077,11,,,VIC,1748943251000,,76316484,1778224435000,1778224435000,20023,hospital,3.0,1336739.0,FOI_20023
18688,76506445,1336743,1336743,,care facility,aged care,,NORTHERN HEALTH TRANSITION CARE PROGRAM,Northern Health Transition Care Program,,,102,UID-67860,1781136000000.0,51122181,-2103108,11,,,VIC,1748943989000,,76506445,1781594413000,1781594413000,18688,care,1.0,1336743.0,FOI_18688
24672,76508474,1336754,1336754,,care facility,aged care,,AUSTIN HEALTH TRANSITION CARE PROGRAM,Austin Health Transition Care Program,,,102,UID-67854,1781136000000.0,211919131,-2103112,11,,,VIC,1748943989000,,76508474,1781594431000,1781594431000,24672,care,1.0,1336754.0,FOI_24672
24383,76508162,1336756,1336756,,care facility,aged care,,WESTERN HEALTH TRANSITION CARE PROGRAM,Western Health Transition Care Program,,,102,UID-67865,1781136000000.0,,-2103107,11,,,VIC,1748943989000,,76508162,1781594428000,1781594428000,24383,care,1.0,1336756.0,FOI_24383
50980,75990021,1001021,1001021,1337130.0,commercial facility,entertainment centre,,LA MAMA COURTHOUSE,La Mama Courthouse,CARLTON COURT HOUSE HISTORIC RESERVE,,,,,50714318,-1392017,11,,,VIC,1401382813000,,75990021,1771485713000,1771485713000,50980,commercial,2.0,1337130.0,FOI_50980
24473,76508258,1340002,1340002,,care facility,aged care,,AVONDALE HEIGHTS CARE COMMUNITY,Avondale Heights Care Community,,,102,UID-66903,1781136000000.0,53693408,-2111279,11,,,VIC,1756210231000,,76508258,1781594429000,1781594429000,24473,care,1.0,1340002.0,FOI_24473
24347,76508105,1340012,1340012,,care facility,aged care,,MACLEOD ROSHANA CARE,Macleod Roshana Care,,,102,UID-64382,1781136000000.0,212467561,-2111318,11,,,VIC,1756210231000,,76508105,1781594427000,1781594427000,24347,care,1.0,1340012.0,FOI_24347
24426,76508206,1340013,1340013,,care facility,aged care,,SANDRINGHAM GROVE CARE COMMUNITY,Sandringham Grove Care Community,,,102,UID-67670,1781136000000.0,208736833,-2111326,11,,,VIC,1756210231000,,76508206,1781594428000,1781594428000,24426,care,1.0,1340013.0,FOI_24426
24468,76508253,1340014,1340014,,care facility,aged care,,AERALIFE TWIN PARKS,Aeralife Twin Parks,,,102,UID-63782,1781136000000.0,213032965,-2111286,11,,,VIC,1756210231000,,76508253,1781594429000,1781594429000,24468,care,1.0,1340014.0,FOI_24468
24472,76508257,1340015,1340015,,care facility,aged care,,AERALIFE NORTHCOTE,Aeralife Northcote,,,102,UID-89900,1781136000000.0,173379008,-2111300,11,,,VIC,1756210231000,,76508257,1781594429000,1781594429000,24472,care,1.0,1340015.0,FOI_24472
24481,76508266,1340017,1340017,,care facility,aged care,,NORTHCOTE MEWS CARE COMMUNITY,Northcote Mews Care Community,,,102,UID-67668,1781136000000.0,,-2121253,11,,,VIC,1756210231000,,76508266,1781594429000,1781594429000,24481,care,1.0,1340017.0,FOI_24481
18712,76506472,1340025,1340025,,care facility,aged care,,REGIS CAMBERWELL,Regis Camberwell,,,102,UID-89268,1781136000000.0,457111724,-2111278,11,,,VIC,1756210231000,,76506472,1781594414000,1781594414000,18712,care,1.0,1340025.0,FOI_18712
18617,76506390,1340028,1340028,,care facility,aged care,,MALVERN EAST HORIZONS CARE COMMUNITY,Malvern East Horizons Care Community,,,102,UID-63858,1781136000000.0,427262132,-2111270,11,,,VIC,1756210231000,,76506390,1781594412000,1781594412000,18617,care,1.0,1340028.0,FOI_18617
24475,76508260,1340029,1340029,,care facility,aged care,,SURREY HILLS GARDENS CARE COMMUNITY,Surrey Hills Gardens Care Community,,,102,UID-67003,1781136000000.0,54758586,-2111296,11,,,VIC,1756210231000,,76508260,1781594429000,1781594429000,24475,care,1.0,1340029.0,FOI_24475
24550,76508339,1340036,1340036,,care facility,aged care,,BOLTON CLARKE HIGHWOOD COURT,Bolton Clarke Highwood Court,,,102,UID-64067,1781136000000.0,172645256,-2111273,11,,,VIC,1756210231000,,76508339,1781594429000,1781594429000,24550,care,1.0,1340036.0,FOI_24550
24558,76508346,1340038,1340038,,care facility,aged care,,BOLTON CLARKE TREVI COURT,Bolton Clarke Trevi Court,,,102,UID-64063,1781136000000.0,,-2111272,11,,,VIC,1756210231000,,76508346,1781594429000,1781594429000,24558,care,1.0,1340038.0,FOI_24558
24513,76508300,1340044,1340044,,care facility,aged care,,OAKLEIGH MANOR CARE COMMUNITY,Oakleigh Manor Care Community,,,102,UID-86770,1781136000000.0,422773821,-2111340,11,,,VIC,1756210231000,,76508300,1781594429000,1781594429000,24513,care,1.0,1340044.0,FOI_24513
24436,76508219,1340045,1340045,,care facility,aged care,,THE ALBA AGED CARE SUITES,The Alba Aged Care Suites,,,102,UID-89193,1781136000000.0,428668473,-2111260,11,,,VIC,1756210231000,,76508219,1781594428000,1781594428000,24436,care,1.0,1340045.0,FOI_24436
24555,76508343,1340054,1340054,,care facility,aged care,,BOLTON CLARKE PRINCETON VIEW,Bolton Clarke Princeton View,,,102,UID-67761,1781136000000.0,50246277,-2111324,11,,,VIC,1756210231000,,76508343,1781594429000,1781594429000,24555,care,1.0,1340054.0,FOI_24555
24668,76508470,1340059,1340059,,care facility,aged care,,MOUNT WAVERLEY GLADES CARE COMMUNITY,Mount Waverley Glades Care Community,,,102,UID-68644,1781136000000.0,432836646,-2111347,11,,,VIC,1756210231000,,76508470,1781594431000,1781594431000,24668,care,1.0,1340059.0,FOI_24668
24398,76508178,1340060,1340060,,care facility,aged care,,MULGRAVE RISE CARE COMMUNITY,Mulgrave Rise Care Community,,,102,UID-67439,1781136000000.0,150838833,-2111349,11,,,VIC,1756210231000,,76508178,1781594428000,1781594428000,24398,care,1.0,1340060.0,FOI_24398
24476,76508261,1340063,1340063,,care facility,aged care,,GLENROY GROVE CARE COMMUNITY,Glenroy Grove Care Community,,,102,UID-67012,1781136000000.0,54121123,-2111327,11,,,VIC,1756210231000,,76508261,1781594429000,1781594429000,24476,care,1.0,1340063.0,FOI_24476
24477,76508262,1340065,1340065,,care facility,aged care,,GLENROY TERRACE CARE COMMUNITY,Glenroy Terrace Care Community,,,102,UID-67191,1781136000000.0,218895654,-2111330,11,,,VIC,1756210231000,,76508262,1781594429000,1781594429000,24477,care,1.0,1340065.0,FOI_24477
24553,76508341,1340066,1340066,,care facility,aged care,,BOLTON CLARKE MONTCLAIRE,Bolton Clarke Montclaire,,,102,UID-66931,1781136000000.0,50221968,-2111276,11,,,VIC,1756210231000,,76508341,1781594429000,1781594429000,24553,care,1.0,1340066.0,FOI_24553
24714,76508525,1340073,1340073,,care facility,aged care,,BOX HILL VIEWS CARE COMMUNITY,Box Hill Views Care Community,,,102,UID-63612,1781136000000.0,50213303,-2111291,11,,,VIC,1756210231000,,76508525,1781594431000,1781594431000,24714,care,1.0,1340073.0,FOI_24714
24469,76508254,1340074,1340074,,care facility,aged care,,ESTIA HEALTH BRUNSWICK,Estia Health Brunswick,,,102,UID-84411,1781136000000.0,53474523,-2111333,11,,,VIC,1756210231000,,76508254,1781594429000,1781594429000,24469,care,1.0,1340074.0,FOI_24469
24716,76508527,1340075,1340075,,care facility,aged care,,PRESTON HILLTOP CARE COMMUNITY,Preston Hilltop Care Community,,,102,UID-64407,1781136000000.0,203410449,-2111342,11,,,VIC,1756210231000,,76508527,1781594431000,1781594431000,24716,care,1.0,1340075.0,FOI_24716
24471,76508256,1340077,1340077,,care facility,aged care,,CAMBERWELL MEWS CARE COMMUNITY,Camberwell Mews Care Community,,,102,UID-64509,1781136000000.0,,-2111309,11,,,VIC,1756210231000,,76508256,1781594429000,1781594429000,24471,care,1.0,1340077.0,FOI_24471
24718,76508529,1340090,1340090,,care facility,aged care,,CAMBERWELL GABLES CARE COMMUNITY,Camberwell Gables Care Community,,,102,UID-68194,1781136000000.0,50049915,-2111351,11,,,VIC,1756210231000,,76508529,1781594431000,1781594431000,24718,care,1.0,1340090.0,FOI_24718
44883,76511700,1340094,1340094,,care facility,aged care,,BERT NEWTON RETIREMENT VILLAGE,Bert Newton Retirement Village,,,102,UID-89412,1781136000000.0,457892192,-2111274,11,,,VIC,1756210231000,,76511700,1781594442000,1781594442000,44883,care,1.0,1340094.0,FOI_44883
24579,76508369,1340096,1340096,,care facility,aged care,,BOLTON CLARKE MEDINA MANOR,Bolton Clarke Medina Manor,,,102,UID-64070,1781136000000.0,211121414,-2111257,11,,,VIC,1756210231000,,76508369,1781594430000,1781594430000,24579,care,1.0,1340096.0,FOI_24579
44882,76511699,1340099,1340099,,care facility,aged care,,AUBURN HOUSE,Auburn House,,,102,UID-64735,1781136000000.0,53633625,-2111325,11,,,VIC,1756210231000,,76511699,1781594442000,1781594442000,44882,care,1.0,1340099.0,FOI_44882
24358,76508127,1340662,1340662,,care facility,aged care,,ST VINCENTS HEALTH TRANSITION CARE PROGRAM,St Vincents Health Transition Care Program,,,102,UID-67864,1781136000000.0,50111665,-2112227,11,,,VIC,1760363015000,,76508127,1781594427000,1781594427000,24358,care,1.0,1340662.0,FOI_24358
44886,76511706,1340673,1340673,,care facility,aged care,,ALFRED HEALTH TRANSITION CARE PROGRAM,Alfred Health Transition Care Program,,,102,UID-67855,1781136000000.0,53666192,-2112225,11,,,VIC,1760363015000,,76511706,1781594442000,1781594442000,44886,care,1.0,1340673.0,FOI_44886
20026,76316486,1340679,1340679,,hospital,general hospital,,WARRINGAL PRIVATE HOSPITAL DAY PROCEDURE CENTRE,Warringal Private Hospital Day Procedure Centre,,,104,691P,1777420800000.0,150043244,-2112248,11,,,VIC,1760368712000,,76316486,1778224435000,1778224435000,20026,hospital,3.0,1340679.0,FOI_20026
20033,76316487,1340680,1340680,,hospital,general hospital,,EPWORTH FREEMASONS - JOLIMONT RD,Epworth Freemasons - Jolimont Rd,,,104,647J,1777420800000.0,423379572,-2112255,11,,,VIC,1760368712000,,76316487,1778224435000,1778224435000,20033,hospital,3.0,1340680.0,FOI_20033
20036,76316488,1340681,1340681,,hospital,general hospital,,WARRINGAL PRIVATE HOSPITAL DAY ONCOLOGY AND INFUSION CENTRE,Warringal Private Hospital Day Oncology And Infusion Centre,,,104,691O,1777420800000.0,150043244,-2112246,11,,,VIC,1760368712000,,76316488,1778224435000,1778224435000,20036,hospital,3.0,1340681.0,FOI_20036
20044,76316489,1340682,1340682,,hospital,general hospital,,PARKVILLE YOUTH MENTAL HEALTH AND WELLBEING SERVICE,Parkville Youth Mental Health And Wellbeing Service,,,104,5800,1777420800000.0,203474746,-2120809,11,,,VIC,1760368712000,,76316489,1778224435000,1778224435000,20044,hospital,3.0,1340682.0,FOI_20044
44916,76511750,1341531,1341531,,care facility,aged care,,HAMMONDCARE - CAULFIELD VILLAGE,Hammondcare - Caulfield Village,,,102,UID-64062,1781136000000.0,53666192,-2114687,11,,,VIC,1762338797000,,76511750,1781594443000,1781594443000,44916,care,1.0,1341531.0,FOI_44916
44917,76511751,1341535,1341535,,care facility,aged care,,HAMMONDCARE - THE GLENS,Hammondcare - The Glens,,,102,UID-63914,1781136000000.0,53666192,-2114681,11,,,VIC,1762338797000,,76511751,1781594443000,1781594443000,44917,care,1.0,1341535.0,FOI_44917
24392,76508172,1341536,1341536,,care facility,aged care,,MECWACARE JOHN HOOD TERRACE,Mecwacare John Hood Terrace,,,102,UID-85327,1781136000000.0,50666588,-2114694,11,,,VIC,1762338797000,,76508172,1781594428000,1781594428000,24392,care,1.0,1341536.0,FOI_24392
44891,76511713,1341544,1341544,,care facility,aged care,,BERENGARRA,Berengarra,,,102,UID-89468,1781136000000.0,431736039,-2114676,11,,,VIC,1762338797000,,76511713,1781594442000,1781594442000,44891,care,1.0,1341544.0,FOI_44891
51269,76448865,999174,999174,1341569.0,community venue,hall,,2ND HAWTHORN SCOUTS,2nd Hawthorn Scouts,VICTORIA ROAD RESERVE,,,,,202652105,-1388340,11,,,VIC,1396962465000,,76448865,1780643521000,1780643521000,51269,community,1.0,1341569.0,FOI_51269
51280,76448881,1015036,1015036,1342307.0,commercial facility,entertainment centre,,LIDO CINEMAS,Lido Cinemas,LIDO ARCADE,,,,,205892933,-1431543,11,,,VIC,1442932154000,,76448881,1780643521000,1780643521000,51280,commercial,2.0,1342307.0,FOI_51280
51272,76448871,1002647,1002647,1342311.0,sport facility,swimming pool,,ST KILDA SEA BATHS,St Kilda Sea Baths,ST KILDA SEA BATHS,,,,,219061487,-1395459,11,,,VIC,1408014098000,,76448871,1780643521000,1780643521000,51272,sport,1.0,1342311.0,FOI_51272
50976,75990000,839570,839570,1342375.0,admin facility,tourist information centre,,CITY AMBASSADORS,City Ambassadors,MIDTOWN PLAZA (VIC),,135,,1264377600000.0,203460899,-1050368,11,,,VIC,1292432897000,,75990000,1771485713000,1771485713000,50976,administration,1.5,1342375.0,FOI_50976
51270,76448866,1000649,1000649,1342469.0,community venue,hall,,BENTLEIGH SCOUT CENTRE,Bentleigh Scout Centre,MACKIE ROAD RESERVE,,,,,209911656,-1391407,11,,,VIC,1401098845000,,76448866,1780643521000,1780643521000,51270,community,1.0,1342469.0,FOI_51270
52010,76959775,1342578,1342578,,education centre,primary school,,BEIT HILLEL COMMUNITY SCHOOL,Beit Hillel Community School,,,114,2264 C1,1788134400000.0,433297034,-2116820,11,,,VIC,1771244135000,,76959775,1788333232000,1788333232000,52010,school,1.5,1342578.0,FOI_52010
52011,76959776,1342579,1342579,,education centre,primary school,,NARRARRANG PRIMARY SCHOOL,Narrarrang Primary School,,,101,5606 C1,1788134400000.0,211143909,130986,10,,,VIC,1771244135000,,76959776,1788333232000,1788333232000,52011,school,1.5,1342579.0,FOI_52011
52014,76959779,1342582,1342582,,education centre,special school,,ST PAULS COLLEGE BALWYN,St Pauls College Balwyn,,,113,1647 C1,1788134400000.0,53470764,-2116826,11,,,VIC,1771244135000,,76959779,1788333232000,1788333232000,52014,school,1.5,1342582.0,FOI_52014
50990,75990037,1342845,1342845,,community venue,community centre,,,,,,343,617530,1770163200000.0,219720240,-2117374,11,,,VIC,1771427032000,,75990037,1771485713000,1771485713000,50990,community,1.0,1342845.0,FOI_50990
50991,75990038,1342846,1342846,,community venue,neighbourhood house,,KENSINGTON NEIGHBOURHOOD HOUSE,Kensington Neighbourhood House,,,343,615482,1770163200000.0,211459705,-2117382,11,,,VIC,1771427032000,,75990038,1771485713000,1771485713000,50991,community,1.0,1342846.0,FOI_50991
50994,75990041,1342847,1342847,,community venue,hall,,MAGNIFICAT HOUSE,Magnificat House,,,343,108014,1770163200000.0,50472847,-2117372,11,,,VIC,1771427032000,,75990041,1771485713000,1771485713000,50994,community,1.0,1342847.0,FOI_50994
50992,75990039,1342853,1342853,,community venue,hall,,,,,,343,101427,1770163200000.0,50331140,-2117396,11,,,VIC,1771427032000,,75990039,1771485713000,1771485713000,50992,community,1.0,1342853.0,FOI_50992
50998,75990045,1342854,1342854,,community venue,hall,,HORTICULTURAL HALL,Horticultural Hall,,,343,109680,1770163200000.0,203471053,-2117376,11,,,VIC,1771427032000,,75990045,1771485713000,1771485713000,50998,community,1.0,1342854.0,FOI_50998
50997,75990044,1342856,1342856,,community venue,hall,,,,,,343,107507,1770163200000.0,50472732,-2117385,11,,,VIC,1771427032000,,75990044,1771485713000,1771485713000,50997,community,1.0,1342856.0,FOI_50997
50989,75990036,1342863,1342863,,community venue,hall,,SCOUT HALL,Scout Hall,,,343,614615,1770163200000.0,50337163,-2117401,11,,,VIC,1771427032000,,75990036,1771485713000,1771485713000,50989,community,1.0,1342863.0,FOI_50989
50999,75990046,1342870,1342870,,community venue,community centre,,,,,,343,111423,1770163200000.0,203136521,-2117368,11,,,VIC,1771427032000,,75990046,1771485713000,1771485713000,50999,community,1.0,1342870.0,FOI_50999
51000,75990047,1342871,1342871,,community venue,hall,,NICHOLAS HALL,Nicholas Hall,,,343,105756,1770163200000.0,203167856,-2117403,11,,,VIC,1771427032000,,75990047,1771485713000,1771485713000,51000,community,1.0,1342871.0,FOI_51000
51088,76003363,1342872,1342872,,community venue,community centre,,MCC CRECHE BLDG,Mcc Creche Bldg,,,343,589842,1770163200000.0,203167262,-2117380,11,,,VIC,1771427032000,,76003363,1771485749000,1771485749000,51088,community,1.0,1342872.0,FOI_51088
50993,75990040,1342876,1342876,,community venue,hall,,,,,,343,576051,1770163200000.0,203473573,-2117378,11,,,VIC,1771427032000,,75990040,1771485713000,1771485713000,50993,community,1.0,1342876.0,FOI_50993
50875,75990042,1342877,1342877,,community venue,hall,,,,,,343,527139,1770163200000.0,203157247,-2117391,11,,,VIC,1771427032000,,75990042,1771485713000,1771485713000,50875,community,1.0,1342877.0,FOI_50875
51001,75990049,1342878,1342878,,community venue,hall,,CHURCH HALL,Church Hall,,,343,110746,1770163200000.0,203166546,-2117397,11,,,VIC,1771427032000,,75990049,1771485713000,1771485713000,51001,community,1.0,1342878.0,FOI_51001
51002,75990050,1342879,1342879,,community venue,community centre,,SIDNEY MYER MUSIC BOWL,Sidney Myer Music Bowl,,,343,111023,1770163200000.0,203460251,-2117375,11,,,VIC,1771427032000,,75990050,1771485713000,1771485713000,51002,community,1.0,1342879.0,FOI_51002
51003,75990051,1342880,1342880,,community venue,hall,,,,,,343,106647,1770163200000.0,50779143,-2117404,11,,,VIC,1771427032000,,75990051,1771485713000,1771485713000,51003,community,1.0,1342880.0,FOI_51003
51052,76003317,1342882,1342882,,sport facility,swimming pool,,,,,,343,108218,1770163200000.0,203461461,-2117523,11,,,VIC,1771427225000,,76003317,1771485749000,1771485749000,51052,sport,1.0,1342882.0,FOI_51052
51053,76003318,1342895,1342895,,sport facility,boating club,,MELBOURNE GRAMMAR SCHOOL BOATSHED,Melbourne Grammar School Boatshed,,,343,0,1770163200000.0,203260795,-2117531,11,,,VIC,1771427225000,,76003318,1771485749000,1771485749000,51053,sport,1.0,1342895.0,FOI_51053
51054,76003319,1342896,1342896,,sport facility,boating club,,MERCANTILE ROWING CLUB,Mercantile Rowing Club,,,343,0,1770163200000.0,203260795,-2117594,11,,,VIC,1771427225000,,76003319,1771485749000,1771485749000,51054,sport,1.0,1342896.0,FOI_51054
51055,76003320,1342911,1342911,,sport facility,boating club,,MELBOURNE ROWING CLUB,Melbourne Rowing Club,,,343,0,1770163200000.0,203260795,-2117600,11,,,VIC,1771427225000,,76003320,1771485749000,1771485749000,51055,sport,1.0,1342911.0,FOI_51055
50942,75989957,1342936,1342936,,sport facility,swimming pool,,,,,,343,563386,1770163200000.0,203583847,-2117577,11,,,VIC,1771427225000,,75989957,1771485713000,1771485713000,50942,sport,1.0,1342936.0,FOI_50942
51056,76003321,1342937,1342937,,sport facility,boating club,,RICHMOND ROWING CLUB,Richmond Rowing Club,,,343,0,1770163200000.0,203260795,-2117557,11,,,VIC,1771427225000,,76003321,1771485749000,1771485749000,51056,sport,1.0,1342937.0,FOI_51056
51057,76003322,1342938,1342938,,sport facility,boating club,,BANKS ROWING CLUB,Banks Rowing Club,,,343,0,1770163200000.0,203260795,-2117602,11,,,VIC,1771427225000,,76003322,1771485749000,1771485749000,51057,sport,1.0,1342938.0,FOI_51057
48679,75986961,1004369,1004369,1342942.0,landmark,tourist attraction,,WALMSLEY HOUSE,Walmsley House,ROYAL PARK,,,,,204113524,-1398986,11,,,VIC,1415361293000,,75986961,1771485712000,1771485712000,48679,tourism,1.5,1342942.0,FOI_48679
51058,76003323,1342951,1342951,,sport facility,boating club,,YARRA YARRA ROWING CLUB,Yarra Yarra Rowing Club,,,343,0,1770163200000.0,203260795,-2117545,11,,,VIC,1771427225000,,76003323,1771485749000,1771485749000,51058,sport,1.0,1342951.0,FOI_51058
51059,76003324,1342952,1342952,,sport facility,boating club,,MELBOURNE UNIVERSITY BOATSHED,Melbourne University Boatshed,,,343,0,1770163200000.0,203260795,-2117562,11,,,VIC,1771427225000,,76003324,1771485749000,1771485749000,51059,sport,1.0,1342952.0,FOI_51059
48670,75986952,1001044,1001044,1342974.0,landmark,tourist attraction,,CAPTAIN COOKS COTTAGE,Captain Cooks Cottage,FITZROY GARDENS,,,,,203253034,-1392148,11,,,VIC,1401444829000,,75986952,1771485712000,1771485712000,48670,tourism,1.5,1342974.0,FOI_48670
9078,76316374,898260,898260,1343040.0,hospital,day procedure centre,,MELBOURNE IVF PROCEDURE CENTRE,Melbourne Ivf Procedure Centre,,,104,8280,1777420800000.0,215323819,-2103081,11,,,VIC,1310485633000,,76316374,1778224435000,1778224435000,9078,hospital,3.0,1343040.0,FOI_9078
2547,76320993,144345,144345,1343253.0,hospital,general hospital,,ROYAL WOMENS HOSPITAL,Royal Womens Hospital,ROYAL WOMENS HOSPITAL,,104,1230,1777420800000.0,212143238,-2120862,11,,,VIC,1242871667000,,76320993,1778570129000,1778570129000,2547,hospital,3.0,1343253.0,FOI_2547
51277,76448877,1009684,1009684,1343493.0,cultural centre,museum,,MUSEO ITALIANO,Museo Italiano,,,,,,203520518,-1409830,11,,,VIC,1431516470000,,76448877,1780643521000,1780643521000,51277,cultural,1.5,1343493.0,FOI_51277
51275,76448874,1003986,1003986,1343515.0,commercial facility,entertainment centre,,KINO CINEMAS,Kino Cinemas,,,,,,203253464,-1398199,11,,,VIC,1413295327000,,76448874,1780643521000,1780643521000,51275,commercial,2.0,1343515.0,FOI_51275
31551,76562733,1344750,1344750,1343551.0,admin facility,office,,PARKVILLE 369 ROYAL PARADE,Parkville 369 Royal Parade,,,121,343901,1781568000000.0,203474749,-2121542,11,,,VIC,1782119242000,,76562733,1782199294000,1782199294000,31551,administration,1.5,1343551.0,FOI_31551
9174,76316377,898266,898266,1343606.0,hospital,day procedure centre,,IMAGING AT OLYMPIC PARK PTY LTD,Imaging At Olympic Park Pty Ltd,AAMI PARK,,104,8260,1777420800000.0,203460242,-1900058,11,,,VIC,1310485633000,,76316377,1778224435000,1778224435000,9174,hospital,3.0,1343606.0,FOI_9174
31549,76562731,1344748,1344748,1343659.0,admin facility,office,,GLEN WAVERLEY SHEPHERD RD,Glen Waverley Shepherd Rd,DANDENONG VALLEY PARKLANDS,,121,233,1781568000000.0,219040224,-2121632,11,,,VIC,1782119242000,,76562731,1782199294000,1782199294000,31549,administration,1.5,1343659.0,FOI_31549
31191,76562011,969472,969472,1343792.0,admin facility,office,,ALBERT PARK,Albert Park,ALBERT PARK,,121,38305,1781568000000.0,219062729,-1706970,11,,,VIC,1329297788000,,76562011,1782199290000,1782199290000,31191,administration,1.5,1343792.0,FOI_31191
8642,76338603,1344471,1344471,,admin facility,office,,POLICE AIR WING,Police Air Wing,,,107,,1777852800000.0,432356276,-2120727,11,,,VIC,1777982033000,,76338603,1778742809000,1778742809000,8642,administration,1.5,1344471.0,FOI_8642
20048,76316491,1344474,1344474,,hospital,day procedure centre,,MELBOURNE THERANOSTIC INNOVATION CENTRE,Melbourne Theranostic Innovation Centre,,,104,8241,1777420800000.0,206175124,-2120806,11,,,VIC,1778150950000,,76316491,1778224435000,1778224435000,20048,hospital,3.0,1344474.0,FOI_20048
20049,76316492,1344475,1344475,,hospital,general hospital,,CABRINI MALVERN - ELSTERNWICK,Cabrini Malvern - Elsternwick,,,104,651E,1777420800000.0,208463941,-2120772,11,,,VIC,1778150950000,,76316492,1778224435000,1778224435000,20049,hospital,3.0,1344475.0,FOI_20049
20739,76316508,1344491,1344491,,hospital,general hospital,,EPWORTH EASTERN - THAMES ST,Epworth Eastern - Thames St,,,104,737E,1777420800000.0,453944854,-2120810,11,,,VIC,1778150950000,,76316508,1778224435000,1778224435000,20739,hospital,3.0,1344491.0,FOI_20739
20743,76316511,1344494,1344494,,hospital,day procedure centre,,5D CLINICS MELBOURNE,5d Clinics Melbourne,,,104,8242,1777420800000.0,206175124,-2120779,11,,,VIC,1778150950000,,76316511,1778224435000,1778224435000,20743,hospital,3.0,1344494.0,FOI_20743
20817,76316518,1344501,1344501,,hospital,general hospital,,EPWORTH EASTERN - ARNOLD ST,Epworth Eastern - Arnold St,,,104,7370,1777420800000.0,453944854,-2120799,11,,,VIC,1778150950000,,76316518,1778224435000,1778224435000,20817,hospital,3.0,1344501.0,FOI_20817
31509,76562691,1344708,1344708,,admin facility,office,,EAST MELB 8 NICHOLSON ST,East Melb 8 Nicholson St,,,121,209,1781568000000.0,203475241,-2121594,11,,,VIC,1782119242000,,76562691,1782199294000,1782199294000,31509,administration,1.5,1344708.0,FOI_31509
31528,76562710,1344727,1344727,,admin facility,office,,MELB 150 QUEEN ST,Melb 150 Queen St,,,121,901799,1781568000000.0,203474515,-2121532,11,,,VIC,1782119242000,,76562710,1782199294000,1782199294000,31528,administration,1.5,1344727.0,FOI_31528
31529,76562711,1344728,1344728,,admin facility,office,,MELB 2 LONSDALE ST,Melb 2 Lonsdale St,,,121,1954885,1781568000000.0,204133397,-2121538,11,,,VIC,1782119242000,,76562711,1782199294000,1782199294000,31529,administration,1.5,1344728.0,FOI_31529
31550,76562732,1344749,1344749,,admin facility,office,,ABBOTSFORD,Abbotsford,,,121,391899,1781568000000.0,53472734,-2121647,11,,,VIC,1782119242000,,76562732,1782199294000,1782199294000,31550,administration,1.5,1344749.0,FOI_31550
31553,76562735,1344752,1344752,,admin facility,office,,HEIDELBERG ARI,Heidelberg Ari,,,121,220,1781568000000.0,52137899,-2121578,11,,,VIC,1782119242000,,76562735,1782199294000,1782199294000,31553,administration,1.5,1344752.0,FOI_31553
31572,76562754,1344771,1344771,,admin facility,office,,MELB WATER EAST MELBOURNE,Melb Water East Melbourne,,,121,468617,1781568000000.0,205458891,-2121633,11,,,VIC,1782119242000,,76562754,1782199294000,1782199294000,31572,administration,1.5,1344771.0,FOI_31572
32998,76562796,1344813,1344813,,admin facility,office,,MELB 121 EXHIBITION ST,Melb 121 Exhibition St,,,121,902390,1781568000000.0,213990995,-2121554,11,,,VIC,1782119242000,,76562796,1782199295000,1782199295000,32998,administration,1.5,1344813.0,FOI_32998
32999,76562797,1344814,1344814,,admin facility,office,,PARKVILLE 32 LINCOLN SQUARE NORTH,Parkville 32 Lincoln Square North,,,121,902636,1781568000000.0,203472355,-2121560,11,,,VIC,1782119242000,,76562797,1782199295000,1782199295000,32999,administration,1.5,1344814.0,FOI_32999
41386,76573901,1345148,1345148,,care facility,aged care,,MOORALEIGH HOSTEL,Mooraleigh Hostel,,,104,3379,1759968000000.0,50073770,-2122389,11,,,VIC,1782228091000,,76573901,1782284957000,1782284957000,41386,care,1.0,1345148.0,FOI_41386
46680,76924413,1347619,1347619,,community venue,community centre,,CRAIG FAMILY CENTRE CML,Craig Family Centre Cml,,,307,528185,1786924800000.0,151066304,-2127306,11,,,VIC,1787743677000,,76924413,1787753574000,1787753574000,46680,community,1.0,1347619.0,FOI_46680
46669,76924402,1347620,1347620,,community venue,senior citizens,,KEW SENIORS CENTRE,Kew Seniors Centre,,,307,1033226,1786924800000.0,173775957,-2127312,11,,,VIC,1787743677000,,76924402,1787753574000,1787753574000,46669,community,1.0,1347620.0,FOI_46669
46678,76924411,1347621,1347621,,cultural centre,library,,PIED PIPER TOY LIBRARY CML,Pied Piper Toy Library Cml,,,307,1057271,1786924800000.0,218753456,-2127309,11,,,VIC,1787743677000,,76924411,1787753574000,1787753574000,46678,cultural,1.5,1347621.0,FOI_46678
46673,76924406,1347622,1347622,,community venue,community centre,,HAWTHORN COMMUNITY HOUSE - WILLIAM ST CML,Hawthorn Community House - William St Cml,,,307,528385,1786924800000.0,453723072,-2127314,11,,,VIC,1787743677000,,76924406,1787753574000,1787753574000,46673,community,1.0,1347622.0,FOI_46673
46661,76924393,1347623,1347623,,cultural centre,art gallery,,INGLESBY ROAD HOUSE (NO 1) CML,Inglesby Road House (No 1) Cml,,,307,528270,1786924800000.0,50296160,-2127318,11,,,VIC,1787743677000,,76924393,1787753574000,1787753574000,46661,cultural,1.5,1347623.0,FOI_46661
46674,76924407,1347624,1347624,,community venue,community centre,,HAWTHORN CITIZENS YOUTH CLUB CML,Hawthorn Citizens Youth Club Cml,,,307,528262,1786924800000.0,51873159,-2127323,11,,,VIC,1787743677000,,76924407,1787753574000,1787753574000,46674,community,1.0,1347624.0,FOI_46674
46666,76924399,1347625,1347625,,community venue,community centre,,SURREY HILLS NEIGHBOURHOOD CENTRE - BEDFORD AV CML,Surrey Hills Neighbourhood Centre - Bedford Av Cml,,,307,528474,1786924800000.0,51867651,-2127315,11,,,VIC,1787743677000,,76924399,1787753574000,1787753574000,46666,community,1.0,1347625.0,FOI_46666
46665,76924398,1347626,1347626,,community venue,community centre,,SURREY HILLS NEIGHBOURHOOD CENTRE - UNION RD CML,Surrey Hills Neighbourhood Centre - Union Rd Cml,,,307,528354,1786924800000.0,53473400,-2127304,11,,,VIC,1787743677000,,76924398,1787753574000,1787753574000,46665,community,1.0,1347626.0,FOI_46665
46675,76924408,1347627,1347627,,commercial facility,entertainment centre,,LEONDA BY THE YARRA CML,Leonda By The Yarra Cml,,,307,957932,1786924800000.0,208840087,-2127307,11,,,VIC,1787743677000,,76924408,1787753574000,1787753574000,46675,commercial,2.0,1347627.0,FOI_46675
46679,76924412,1347628,1347628,,community venue,senior citizens,,ASHBURTON SENIORS CENTRE,Ashburton Seniors Centre,,,307,528099,1786924800000.0,151066304,-2127310,11,,,VIC,1787743677000,,76924412,1787753574000,1787753574000,46679,community,1.0,1347628.0,FOI_46679
46676,76924409,1347629,1347629,,education centre,further education,,U3A HAWTHORN CML,U3a Hawthorn Cml,,,307,957508,1786924800000.0,207309748,-2127308,11,,,VIC,1787743677000,,76924409,1787753574000,1787753574000,46676,higher_education,3.0,1347629.0,FOI_46676
46670,76924403,1347630,1347630,,community venue,senior citizens,,HAMER COURT ACCOMODATION,Hamer Court Accomodation,,,307,528386,1786924800000.0,173775957,-2127305,11,,,VIC,1787743677000,,76924403,1787753574000,1787753574000,46670,community,1.0,1347630.0,FOI_46670
46667,76924400,1347631,1347631,,community venue,senior citizens,,BALWYN EVERGREEN CENTRE CML,Balwyn Evergreen Centre Cml,,,307,528141,1786924800000.0,431519133,-2127316,11,,,VIC,1787743677000,,76924400,1787753574000,1787753574000,46667,community,1.0,1347631.0,FOI_46667
46664,76924397,1347632,1347632,,community venue,community centre,,CANTERBURY COMMUNITY PRECINCT,Canterbury Community Precinct,,,307,528198,1786924800000.0,432016806,-2127322,11,,,VIC,1787743677000,,76924397,1787753574000,1787753574000,46664,community,1.0,1347632.0,FOI_46664
46663,76924396,1347633,1347633,,community venue,community centre,,CAMBERWELL COMMUNITY CENTRE CML,Camberwell Community Centre Cml,,,307,528175,1786924800000.0,452137687,-2127321,11,,,VIC,1787743677000,,76924396,1787753574000,1787753574000,46663,community,1.0,1347633.0,FOI_46663
46662,76924394,1347634,1347634,,community venue,community centre,,CHAMBLY CML,Chambly Cml,,,307,528173,1786924800000.0,50289489,-2127319,11,,,VIC,1787743677000,,76924394,1787753574000,1787753574000,46662,community,1.0,1347634.0,FOI_46662
46681,76924414,1347635,1347635,,community venue,senior citizens,,NORTH BALWYN SENIORS CENTRE,North Balwyn Seniors Centre,,,307,528155,1786924800000.0,50227695,-2127313,11,,,VIC,1787743677000,,76924414,1787753574000,1787753574000,46681,community,1.0,1347635.0,FOI_46681
46682,76924415,1347636,1347636,,community venue,community centre,,GREYTHORN COMMUNITY HUB CML,Greythorn Community Hub Cml,,,307,964104,1786924800000.0,50039255,-2127317,11,,,VIC,1787743677000,,76924415,1787753574000,1787753574000,46682,community,1.0,1347636.0,FOI_46682
46677,76924410,1347637,1347637,,community venue,community centre,,Y ST ASHBURTON COMMUNITY SERVICES (CAMCARE) CML,Y St Ashburton Community Services (Camcare) Cml,,,307,528105,1786924800000.0,50058023,-2127311,11,,,VIC,1787743677000,,76924410,1787753574000,1787753574000,46677,community,1.0,1347637.0,FOI_46677
52905,76971347,1347700,1347700,,landmark,tourist attraction,,TWO MARBLE CUSHION SEATS,Two Marble Cushion Seats,,,358,pp1997.46b.297,,50528918,-2127609,11,,,VIC,1788342112000,,76971347,1788419401000,1788419401000,52905,tourism,1.5,1347700.0,FOI_52905
52969,76971416,1347769,1347769,,landmark,tourist attraction,,TWO MARBLE CUSHION SEATS,Two Marble Cushion Seats,,,358,pp1997.46a.297,,50528918,-2127592,11,,,VIC,1788342112000,,76971416,1788419401000,1788419401000,52969,tourism,1.5,1347769.0,FOI_52969
