SA1_CODE_2021,Tot_OcMngr,Tot_OcProf,Tot_OcTechTrdW,Tot_OcComPerS,Tot_OcClericAdm,Tot_OcSalesWk,Tot_OcMacOp_Driv,Tot_OcLab,Tot_OcID_NS,Tot_Tot
20101100101,14,42,30,23,25,28,9,14,8,195
20101100102,8,22,9,7,5,9,5,0,0,59
20101100105,5,19,17,44,49,19,14,20,0,186
20101100106,25,56,45,33,36,17,12,22,0,254
20101100107,14,34,23,14,12,22,10,37,0,163
20101100108,34,95,43,51,52,42,25,37,3,379
20101100109,21,55,31,39,29,20,16,29,4,231
20101100110,46,59,38,33,35,37,6,23,0,284
20101100111,27,55,23,16,15,19,9,22,0,183
20101100112,23,48,32,23,26,12,6,19,3,193
20101100113,15,52,22,12,20,22,10,18,0,171
20101100114,22,57,35,26,32,30,8,30,5,240
20101100118,20,45,16,19,23,32,5,17,0,180
20101100119,71,101,66,44,67,50,15,45,4,459
20101100120,33,62,35,50,36,38,13,19,6,290
20101100121,56,77,44,40,53,41,5,27,5,346
20101100124,37,66,41,33,27,25,12,17,7,260
20101100125,34,46,53,50,41,29,17,23,8,301
20101100126,59,102,31,28,57,33,6,14,7,341
20101100127,40,99,31,52,44,25,19,32,6,345
20101100128,15,41,27,26,21,19,10,13,5,170
20101100129,30,64,36,36,28,30,10,24,3,262
20101100130,18,73,18,28,15,11,13,14,0,191
20101100131,26,64,15,19,20,21,12,8,0,186
20101100132,49,121,68,86,58,51,26,51,6,519
20101100133,25,54,26,37,25,19,7,29,0,224
20101100134,11,15,3,15,8,12,3,3,0,72
20101100135,23,68,27,42,36,22,18,16,6,264
20101100136,42,97,51,49,37,50,15,23,6,366
20101100137,32,76,32,32,42,27,11,17,0,267
20101100138,31,96,32,38,33,35,26,22,6,320
20101100139,0,0,0,0,0,0,0,0,0,0
20101100140,51,106,25,25,40,27,5,20,3,307
20101100141,28,19,19,17,22,7,15,18,0,146
20101100142,14,30,36,20,34,12,7,11,0,174
20101100201,33,72,29,34,26,21,7,17,0,252
20101100202,22,40,16,7,20,16,0,5,3,141
20101100203,21,51,16,23,32,13,7,11,0,181
20101100204,33,77,18,22,21,19,10,19,5,230
20101100205,27,81,28,32,27,21,10,12,4,242
20101100206,31,55,13,19,22,19,4,20,8,192
20101100207,24,79,10,9,19,15,4,6,0,169
20101100208,70,92,12,12,32,19,4,10,6,262
20101100209,0,0,0,0,0,0,0,0,0,0
20101100210,0,0,0,0,0,0,0,0,0,0
20101100211,32,102,29,30,31,7,5,19,7,271
20101100212,25,36,8,23,11,10,3,5,4,127
20101100213,22,77,11,28,15,12,6,17,0,183
20101100214,19,65,23,29,29,16,8,15,4,205
20101100215,42,89,28,43,23,19,9,18,0,273
20101100216,18,82,22,23,24,12,4,16,5,209
20101100217,27,58,13,20,21,10,8,4,0,164
20101100218,31,59,16,22,25,21,4,3,0,180
20101100219,8,19,15,18,9,10,4,9,3,102
20101100220,24,49,10,16,18,11,0,6,5,133
20101100221,14,37,8,10,7,9,4,3,0,105
20101100222,48,107,15,26,25,19,0,12,8,258
20101100223,31,66,20,20,28,22,6,11,0,205
20101100224,25,82,30,23,29,14,9,19,5,232
20101100225,24,32,11,18,21,12,3,0,0,120
20101100226,11,35,6,22,11,3,3,6,0,97
20101100227,30,77,10,22,20,16,6,11,3,193
20101100228,19,39,10,7,17,10,0,3,0,111
20101100229,35,56,18,20,25,9,5,6,3,178
20101100230,14,59,31,26,20,13,7,14,0,182
20101100231,28,58,29,34,22,14,6,8,5,208
20101100232,16,34,14,19,18,13,6,13,0,142
20101100233,25,69,9,16,9,15,3,10,0,167
20101100234,11,21,10,19,10,6,3,8,0,93
20101100501,25,51,19,23,25,19,11,10,0,190
20101100502,37,79,37,40,46,34,8,13,7,300
20101100504,33,67,35,30,36,21,3,34,3,259
20101100505,0,0,0,14,0,11,0,9,0,40
20101100506,32,81,26,42,25,20,15,33,0,274
20101100507,34,51,27,29,21,9,8,8,0,187
20101100508,28,86,30,29,33,26,8,19,4,263
20101100509,32,33,17,14,18,13,6,7,4,138
20101100510,34,54,14,9,17,10,5,5,3,160
20101100511,16,45,21,19,19,8,13,12,6,160
20101100512,23,32,33,18,20,15,13,19,3,167
20101100513,20,30,30,22,25,21,12,18,4,183
20101100514,20,31,6,5,12,10,0,6,0,94
20101100515,26,68,21,27,31,18,4,16,6,222
20101100516,30,56,17,16,39,18,6,12,5,190
20101100517,33,55,31,26,34,31,10,17,4,237
20101100518,54,110,34,30,39,17,5,15,0,303
20101100519,18,37,16,15,11,10,12,13,3,124
20101100601,4,6,12,11,11,0,3,32,0,93
20101100602,21,24,24,22,29,29,20,24,3,196
20101100603,15,30,24,30,24,23,13,16,5,178
20101100604,17,34,28,20,34,23,17,20,4,192
20101100607,19,15,24,21,18,15,8,17,4,141
20101100610,26,28,28,30,26,18,10,34,3,201
20101100611,16,24,20,31,22,24,11,20,0,160
20101100612,14,31,20,27,18,24,17,36,7,190
20101100613,6,15,31,25,3,12,8,16,0,116
20101100614,3,0,16,9,8,5,3,15,0,68
20101100615,18,40,34,39,29,26,21,39,3,241
20101100616,6,0,0,3,0,0,0,0,0,5
20101100618,34,52,47,45,34,36,15,23,6,286
20101100619,12,31,26,27,16,19,14,22,0,156
20101100620,35,102,89,80,63,50,33,52,10,498
20101100621,13,29,34,41,26,36,13,27,4,224
20101100622,31,63,45,38,39,27,19,21,3,279
20101100623,23,50,43,31,28,11,5,12,5,216
20101100624,33,62,56,47,41,38,22,37,7,340
20101100625,17,18,32,15,22,9,11,15,4,154
20101100626,6,36,18,24,21,12,17,12,0,141
20101100627,15,17,17,11,15,5,5,7,4,105
20101100628,25,46,42,31,52,18,13,22,5,258
20101100629,41,51,40,38,33,45,19,22,0,294
20101100630,0,0,0,0,0,0,0,0,0,0
20101100631,41,98,97,76,50,43,26,35,10,474
20101100701,33,54,55,27,32,30,18,21,3,275
20101100702,31,32,42,25,25,12,7,13,4,190
20101100703,29,41,55,34,31,24,16,24,0,247
20101100704,23,45,33,25,33,15,18,16,3,208
20101100705,22,34,45,28,22,15,17,31,5,223
20101100706,33,55,50,43,35,30,36,36,3,317
20101100707,33,41,54,47,37,27,20,32,4,298
20101100708,31,23,41,18,36,23,24,27,0,227
20101100709,21,41,46,35,31,22,9,20,7,236
20101100801,0,0,7,8,5,10,0,14,0,46
20101100804,6,10,10,25,7,15,10,23,4,119
20101100805,4,4,10,7,4,12,10,26,3,73
20101100806,3,4,15,15,10,13,12,36,4,112
20101100807,7,13,27,22,14,6,19,17,0,130
20101100808,0,0,3,0,0,0,0,0,0,7
20101100809,23,47,34,37,28,24,14,23,0,236
20101100810,12,21,21,36,37,25,16,43,3,224
20101100811,12,12,21,19,15,12,0,11,3,104
20101100812,7,14,14,23,27,19,10,30,4,148
20101100813,9,10,27,17,16,18,14,17,3,122
20101100814,0,0,0,0,0,0,0,0,0,0
20101100815,3,4,16,18,3,13,0,20,0,86
20101100816,20,28,24,14,22,12,12,16,0,138
20101100818,28,42,60,37,35,36,37,35,5,315
20101100820,13,21,34,25,28,32,8,30,9,183
20101100821,21,24,33,27,30,27,8,27,5,198
20101100822,3,3,11,18,15,18,4,16,0,85
20101100823,6,22,50,30,30,23,13,40,6,212
20101100824,14,24,18,35,13,11,10,14,6,137
20101100825,9,27,10,10,0,5,3,18,3,83
20101100826,20,21,31,27,23,13,15,21,8,181
20101100827,25,35,33,37,19,19,13,28,4,210
20101100828,9,27,24,24,21,15,12,23,0,153
20101100829,10,14,19,18,16,10,13,21,0,121
20101100830,13,25,27,19,21,12,8,22,0,151
20101100831,16,21,29,24,25,13,11,18,0,141
20101100832,6,7,12,10,16,12,19,23,4,109
20101100833,18,15,27,36,21,19,24,37,6,202
20101100834,4,11,23,18,9,11,9,14,0,109
20101100835,20,32,56,36,28,28,9,35,3,246
20101100836,34,36,40,44,30,30,13,27,4,262
20101100837,39,66,52,45,48,27,24,25,7,341
20101100838,22,23,18,9,12,7,7,11,0,100
20101100839,0,0,0,0,0,0,0,0,0,0
20101100840,12,12,22,16,16,20,19,14,0,135
20101100841,13,22,34,26,19,17,11,17,6,168
20101100842,22,20,22,15,13,15,9,23,0,127
20101100843,8,17,18,32,13,13,15,25,0,142
20101100844,29,50,43,36,30,29,22,27,0,266
20101100845,52,85,66,60,51,42,25,41,4,431
20101148101,29,49,49,39,26,24,16,23,4,257
20101148102,8,17,19,17,8,7,9,7,0,88
20101148103,33,66,43,44,25,18,13,19,9,268
20101148104,10,38,19,19,18,18,5,12,4,138
20101148105,14,30,17,18,7,10,3,16,0,116
20101148106,22,39,19,20,15,16,10,21,0,156
20101148107,21,43,28,24,17,16,9,22,6,188
20101148108,22,30,14,26,19,13,4,10,4,146
20101148109,16,39,31,35,26,8,11,22,0,194
20101148110,3,26,16,11,6,12,12,11,0,90
20101148111,17,13,25,18,13,16,8,18,0,146
20101148112,46,99,50,51,49,26,10,35,4,371
20101148113,31,40,29,28,33,20,12,25,4,221
20101148114,15,48,20,14,19,15,8,8,0,136
20101148115,15,47,29,32,22,17,10,20,0,203
20101148116,14,34,21,20,21,12,7,6,6,144
20101148117,32,44,17,26,24,20,6,18,0,180
20101148118,53,46,80,30,54,26,27,38,3,367
20101148119,23,49,34,45,28,23,16,27,4,247
20101148120,46,71,61,53,45,18,25,29,12,357
20101148121,20,38,20,26,20,11,4,15,0,155
20101148122,6,15,27,26,12,20,4,17,3,137
20101148201,30,66,27,32,22,15,6,14,0,233
20101148202,77,99,43,40,64,44,9,26,4,416
20101148203,40,64,23,15,15,17,6,14,3,200
20101148204,86,153,85,60,67,31,24,34,4,537
20101148205,31,72,29,27,21,19,5,18,6,214
20101148206,21,23,34,30,20,10,7,20,3,167
20101148207,13,39,26,32,28,14,7,19,5,178
20101148208,0,0,0,0,0,0,0,0,0,0
20101148209,73,144,51,55,57,40,20,27,5,476
20101148210,44,98,38,39,51,17,17,29,5,330
20101148211,38,105,27,41,26,19,4,18,0,280
20101148212,37,45,33,32,28,21,24,21,0,242
20101148213,26,46,22,19,23,7,10,13,5,180
20101148214,19,45,35,29,36,24,13,24,3,215
20101148215,20,54,33,34,25,30,17,36,5,249
20101148216,36,81,22,24,25,21,5,23,3,241
20101148217,33,80,39,27,38,17,10,21,0,269
20101148218,32,106,51,37,52,30,18,25,5,362
20101148219,23,31,24,33,21,23,3,20,0,191
20101148220,13,48,17,15,18,12,7,5,4,135
20101148221,10,19,21,13,10,3,0,9,0,86
20101148222,27,88,22,42,33,18,4,23,5,249
20101148223,62,84,44,43,31,32,11,18,3,330
20101148224,35,99,25,24,31,15,3,16,4,253
20101148225,50,82,44,28,34,30,6,21,3,305
20101148226,20,45,26,20,26,8,6,11,0,167
20101148227,18,59,32,35,29,12,9,27,4,231
20101148228,17,61,31,23,25,16,11,19,3,203
20101148229,33,41,43,29,59,27,10,34,0,276
20101148230,16,43,21,23,26,15,7,11,3,162
20101148301,6,7,5,0,9,0,3,0,0,29
20101148302,26,78,33,53,44,30,14,26,3,311
20101148303,28,72,33,27,37,21,15,11,12,247
20101148304,17,58,32,35,23,30,12,19,3,239
20101148305,13,53,14,19,22,19,4,16,4,173
20101148306,11,32,29,24,19,16,15,22,0,165
20101148307,28,49,23,36,26,28,4,30,4,236
20101148308,21,41,38,41,36,37,27,31,4,274
20101148309,16,37,14,34,21,18,3,18,0,163
20101148310,29,81,27,39,28,19,7,17,4,247
20101148311,46,65,34,35,41,27,17,25,0,284
20101148312,34,90,50,57,32,29,19,32,3,354
20101148313,15,49,20,38,30,12,16,22,4,194
20101148314,14,54,26,32,26,19,3,20,4,201
20101148315,22,50,41,48,38,19,6,29,0,258
20101148316,17,74,31,36,30,26,8,15,7,242
20101148317,16,40,15,28,15,7,6,21,3,149
20101148318,16,53,36,25,24,16,4,19,3,192
20101148319,0,0,0,0,0,0,0,0,0,8
20101148320,27,63,34,54,36,30,14,25,3,288
20101148321,25,62,28,43,24,14,4,13,3,238
20101148322,33,75,37,40,29,30,10,38,4,296
20101148323,26,56,21,29,20,21,11,11,6,197
20101148324,27,54,28,34,18,24,15,23,0,221
20101148325,9,31,31,29,20,16,10,20,3,163
20101148326,65,110,50,51,72,41,25,28,3,437
20101148401,21,53,22,37,27,13,7,19,8,207
20101148402,9,23,24,22,18,32,9,21,5,163
20101148403,9,11,23,17,10,16,12,18,0,115
20101148404,11,25,30,32,10,16,15,21,0,167
20101148405,13,44,28,33,17,15,5,10,8,179
20101148406,22,19,38,38,26,29,30,52,12,256
20101148407,22,28,36,32,29,26,24,28,14,240
20101148408,20,28,50,41,22,32,13,19,3,221
20101148409,10,31,31,29,28,24,11,36,9,203
20101148410,9,22,32,34,18,14,15,26,6,178
20101148411,11,28,26,22,10,20,12,21,0,154
20101148412,19,20,37,36,21,34,19,24,0,218
20101148413,18,46,39,33,22,26,9,29,0,228
20101148414,15,30,52,26,35,20,16,29,3,222
20101148415,4,17,14,4,0,3,4,10,0,60
20101148416,15,26,33,47,26,26,12,19,0,205
20101148417,18,52,53,62,49,41,25,46,3,354
20101148418,14,25,42,38,30,20,16,32,8,225
20101148419,14,22,26,39,23,26,16,24,5,192
20101148420,17,17,17,22,10,13,12,21,3,129
20101148421,8,22,28,24,18,11,12,32,0,152
20101148422,6,10,17,12,3,11,15,19,0,96
20101148423,13,21,19,19,16,18,13,23,3,144
20101148424,21,42,38,52,28,16,15,28,0,239
20101148425,26,28,44,55,31,29,18,38,5,277
20101148426,7,20,18,27,11,17,12,21,0,134
20101148427,13,7,37,21,28,18,17,26,3,175
20101148428,15,25,35,33,22,29,10,31,0,198
20102100901,39,37,46,56,45,26,33,41,5,330
20102100902,14,20,31,12,20,17,6,20,0,140
20102100903,11,35,55,21,17,18,27,22,6,211
20102100904,13,13,32,9,17,4,18,12,6,124
20102100905,26,49,31,22,21,7,12,17,0,186
20102100906,23,25,29,7,22,10,8,12,3,148
20102100907,54,49,29,28,28,14,14,19,0,225
20102100908,27,20,17,10,23,9,17,16,8,147
20102100909,39,28,31,15,19,11,22,20,3,194
20102100910,30,22,28,9,15,5,15,21,9,144
20102100911,26,31,24,23,19,7,13,31,6,181
20102100912,20,22,25,20,26,18,11,20,0,161
20102100913,38,29,37,39,37,21,13,33,4,253
20102100914,6,25,15,5,13,8,4,11,0,94
20102100915,13,49,33,23,18,15,11,21,3,185
20102100916,18,33,20,22,24,12,12,16,4,160
20102100917,71,37,45,29,40,22,17,32,10,303
20102101001,22,27,35,20,31,18,21,41,5,209
20102101002,18,33,34,19,15,12,15,21,0,171
20102101003,18,20,19,13,14,5,3,12,4,103
20102101004,14,28,37,17,7,10,18,22,0,145
20102101005,8,8,0,5,0,4,3,4,0,40
20102101006,31,33,42,27,23,27,9,27,0,221
20102101007,49,36,21,25,28,17,8,21,0,219
20102101008,25,44,33,23,22,14,16,13,3,193
20102101009,22,20,28,13,9,5,9,8,5,126
20102101010,14,31,29,13,10,10,15,17,3,144
20102101011,55,23,17,17,16,5,5,17,0,159
20102101012,22,44,28,20,10,15,12,15,6,171
20102101013,12,27,23,21,23,9,4,29,4,144
20102101014,38,24,38,22,15,9,11,21,8,186
20102101015,45,44,16,11,14,9,11,11,0,148
20102101016,46,21,14,9,16,9,4,12,9,126
20102101017,34,27,26,11,20,12,15,9,0,153
20102101018,62,32,27,18,17,10,7,23,5,189
20102101021,11,16,6,12,14,13,7,11,0,90
20102101022,6,13,4,6,0,9,5,16,0,59
20102101023,9,13,19,13,13,14,5,8,0,98
20102101024,12,35,24,24,13,12,12,18,4,160
20102101025,17,19,40,19,17,6,8,27,0,171
20102101101,41,65,38,24,19,15,10,13,7,234
20102101102,38,22,14,8,11,10,4,16,0,120
20102101103,42,30,20,18,8,13,11,20,3,173
20102101104,19,20,20,7,7,3,11,20,4,112
20102101105,30,37,30,16,12,6,6,4,5,146
20102101106,40,55,25,18,14,16,7,14,10,198
20102101107,33,67,34,31,34,17,10,26,4,258
20102101108,43,30,17,11,0,5,7,9,4,119
20102101109,20,43,14,15,18,0,9,14,3,135
20102101110,59,71,31,25,21,8,7,13,8,247
20102101111,18,33,13,21,10,8,5,9,0,124
20102101112,38,56,44,41,23,19,6,36,5,270
20102101113,34,43,36,43,26,12,7,40,0,247
20102101114,38,42,30,22,17,7,7,16,0,176
20102101115,30,46,19,19,21,8,0,16,5,171
20102101116,25,39,23,19,14,22,11,12,0,165
20102101117,25,32,25,13,9,11,3,21,4,150
20102101118,42,41,31,33,25,15,3,14,4,204
20102101119,41,40,23,22,13,15,11,21,5,188
20102101120,58,31,32,23,18,11,7,8,3,184
20102101121,30,36,22,17,18,11,14,20,5,179
20102101122,48,47,31,28,16,13,0,29,0,216
20102101123,31,31,11,11,7,8,4,11,4,113
20102101124,31,24,6,18,9,3,3,12,0,112
20102101125,51,51,33,22,23,7,10,26,4,236
20102101201,34,30,28,11,8,10,19,28,3,176
20102101202,15,19,13,3,7,4,7,17,0,89
20102101203,37,51,34,22,27,22,3,28,10,236
20102101204,18,22,16,17,14,13,10,19,8,120
20102101205,21,44,39,31,25,14,16,29,3,218
20102101206,19,35,23,13,8,7,11,23,4,147
20102101207,21,23,26,22,16,8,6,9,4,137
20102101208,22,12,27,12,22,12,7,18,0,135
20102101209,46,20,39,20,24,17,23,19,9,212
20102101210,54,29,30,16,34,21,23,20,5,226
20102101211,73,30,15,14,31,11,15,18,8,210
20102101212,23,22,18,4,16,12,5,15,0,125
20102101213,28,44,37,22,33,13,16,14,0,203
20102101214,47,52,62,31,34,18,24,17,7,296
20102101215,10,37,17,13,23,12,20,13,7,158
20102101216,41,39,45,25,28,23,17,18,5,237
20102101217,36,63,35,27,29,15,25,25,4,258
20103101301,36,24,19,29,9,20,14,30,3,183
20103101302,8,5,10,12,13,7,13,12,3,93
20103101303,32,14,14,11,14,11,9,14,6,121
20103101304,38,32,10,16,6,5,4,22,4,141
20103101305,66,13,26,10,18,11,13,16,4,178
20103101306,20,9,15,17,8,7,15,11,3,102
20103101307,36,15,5,11,6,6,13,14,3,97
20103101308,49,29,31,20,34,9,20,34,8,236
20103101309,34,10,27,9,9,5,9,13,0,111
20103101310,10,18,4,24,10,4,10,10,0,83
20103101401,15,18,25,30,18,22,15,35,6,184
20103101402,13,12,14,15,9,7,9,16,4,88
20103101403,34,30,32,34,30,17,21,29,10,235
20103101404,49,21,32,25,26,11,21,20,3,211
20103101405,66,14,14,4,8,0,0,11,0,122
20103101406,53,26,15,13,20,9,10,11,0,166
20103101407,9,20,18,16,18,12,13,19,3,127
20103101408,27,41,38,33,21,18,23,26,11,227
20103101409,28,22,22,8,12,9,8,15,0,123
20103101410,28,6,11,11,3,0,4,8,0,76
20103101411,15,20,29,16,19,12,23,31,0,161
20103101412,14,33,22,19,17,9,12,28,5,158
20103101413,0,0,0,0,0,0,0,0,0,7
20103101501,35,49,53,34,37,14,11,30,7,268
20103101502,16,27,29,14,19,3,16,13,6,146
20103101503,27,27,58,27,29,15,12,27,3,220
20103101504,20,17,16,10,14,11,14,12,0,102
20103101505,32,17,39,22,18,10,27,22,3,199
20103101506,15,32,22,12,25,13,15,17,0,158
20103101507,26,37,72,40,38,28,26,36,3,320
20103101508,15,23,34,12,12,16,16,18,0,144
20103101509,15,37,37,34,31,21,20,29,5,231
20103101510,56,7,3,5,6,0,3,12,0,96
20103101511,20,20,28,20,20,11,10,23,0,161
20103101512,11,15,18,17,16,15,11,30,0,138
20103101601,8,5,11,14,6,4,10,12,5,64
20103101602,15,11,20,32,22,13,16,38,4,171
20103101603,10,9,18,24,10,13,7,22,0,116
20103101604,10,17,22,25,12,14,9,23,3,124
20103101605,0,4,8,15,4,6,0,16,0,56
20103101606,3,8,27,9,7,7,12,22,4,99
20103101607,13,12,35,30,24,20,18,30,4,184
20103101608,11,10,22,11,10,16,13,16,0,114
20103101609,11,8,19,24,13,10,16,20,7,121
20103101610,15,31,22,27,20,20,12,31,3,175
20103101612,26,45,34,33,17,26,19,22,3,222
20103101613,16,23,27,26,13,18,10,28,4,157
20103101614,33,34,38,46,26,23,21,37,3,258
20103101615,16,10,9,9,4,8,0,4,0,57
20103101616,20,15,17,18,11,17,8,21,4,132
20103101617,8,10,20,27,14,21,11,28,0,137
20103101618,14,8,9,15,9,3,5,13,0,69
20103101619,15,16,22,25,14,19,4,33,3,161
20103101620,11,15,12,13,9,15,8,10,0,98
20103101621,16,12,29,13,10,17,6,13,3,114
20103101622,8,4,11,3,9,7,0,12,0,56
20103101623,10,29,11,12,7,12,3,9,3,91
20103101701,13,4,12,18,7,8,10,14,0,83
20103101702,21,17,28,15,11,18,11,15,0,140
20103101703,6,8,23,26,16,14,12,12,0,127
20103101704,31,5,11,9,7,5,10,18,6,96
20103101705,5,9,16,15,4,15,10,20,0,92
20103101706,10,9,18,24,7,17,15,21,0,128
20103101707,27,17,20,28,17,17,16,31,5,177
20103101708,12,10,19,11,13,3,8,14,0,90
20103101709,21,17,23,32,19,25,15,26,6,189
20103101710,24,25,18,24,22,11,9,20,3,154
20103101711,36,11,23,29,20,12,4,22,3,170
20103101712,38,15,30,20,23,15,18,39,3,200
20103101713,8,15,21,14,7,8,8,13,0,98
20103101714,22,16,25,15,11,9,9,17,0,130
20103101715,9,15,19,16,9,9,16,18,3,112
20201101801,17,19,20,32,17,11,16,50,13,194
20201101802,14,39,17,13,17,14,5,14,3,143
20201101803,35,66,21,36,36,20,12,29,0,257
20201101804,10,32,24,29,15,9,10,13,3,151
20201101806,16,21,19,21,15,13,15,12,3,149
20201101807,14,35,29,39,25,8,9,31,3,202
20201101808,11,20,17,21,6,13,9,14,0,107
20201101809,30,72,22,34,29,14,7,20,6,236
20201101810,16,40,19,10,21,10,8,15,0,134
20201101811,6,9,15,20,5,4,7,20,8,89
20201101812,0,0,0,13,4,6,7,12,6,45
20201101813,23,62,23,25,27,30,9,25,5,218
20201101814,20,31,9,9,7,16,5,12,0,114
20201101815,44,78,26,25,19,14,8,23,5,252
20201101816,47,80,26,33,21,23,8,14,4,251
20201101817,18,29,44,34,11,31,22,36,7,230
20201101818,12,20,21,26,17,9,14,31,8,161
20201101819,7,23,11,17,7,9,6,10,0,84
20201101820,0,14,3,4,0,7,0,11,0,53
20201101821,35,73,15,18,21,11,0,12,3,189
20201101822,26,61,19,28,23,17,4,7,0,173
20201101823,14,36,21,28,24,16,17,29,3,185
20201101824,30,71,33,45,23,17,8,15,4,256
20201101825,8,38,26,18,10,16,3,28,3,153
20201101826,11,31,21,16,16,12,5,19,0,134
20201101827,18,80,30,34,26,18,12,22,7,240
20201101828,10,37,11,21,11,10,14,21,0,130
20201101829,8,62,10,14,11,8,7,11,0,129
20201101830,23,91,42,52,46,20,32,52,10,367
20201101831,20,94,32,38,19,21,18,33,0,287
20201101832,16,33,24,21,11,11,4,27,3,162
20201101833,26,50,35,32,27,26,17,39,6,254
20201101834,30,60,23,23,26,15,3,14,4,205
20201101835,30,91,22,40,32,25,11,23,5,285
20201101836,0,4,15,5,0,5,4,17,4,57
20201101837,15,29,33,34,21,22,12,30,7,207
20201101838,5,18,13,10,7,12,8,13,0,89
20201101839,12,17,19,18,14,17,16,22,0,142
20201101903,10,16,25,19,12,12,12,30,4,139
20201101904,12,20,25,24,8,21,13,44,5,172
20201101905,16,34,28,31,21,19,16,50,5,222
20201101906,5,9,5,9,4,6,9,8,0,49
20201101908,13,37,29,36,16,11,14,41,0,192
20201101909,27,29,39,49,41,30,28,42,3,291
20201101910,26,35,25,27,24,23,18,29,5,204
20201101911,5,16,29,24,19,25,15,18,0,157
20201101913,11,13,36,20,18,14,21,41,5,178
20201101914,11,18,21,9,14,8,7,19,4,122
20201101915,12,24,39,21,16,12,16,21,9,169
20201101916,8,7,16,23,10,7,11,22,0,108
20201101917,3,17,3,21,6,0,10,22,0,87
20201101918,8,13,29,26,15,10,10,32,0,145
20201101919,24,31,33,37,30,15,31,22,11,231
20201101921,15,36,31,43,19,18,11,34,8,212
20201101922,20,33,45,55,33,25,16,38,6,264
20201101923,13,19,14,15,24,11,7,18,3,123
20201101924,7,11,22,25,20,20,15,18,0,145
20201101925,25,91,68,54,47,28,21,41,3,377
20201101926,19,34,23,52,25,17,12,23,0,213
20201101927,12,31,37,49,18,20,20,62,5,257
20201101928,22,77,55,58,23,25,28,32,9,332
20201101929,16,31,33,23,36,19,13,39,3,214
20201101930,26,56,49,72,36,38,28,69,7,383
20201101931,19,26,33,31,24,26,12,23,3,197
20201101932,21,37,37,41,21,29,20,36,0,229
20201101933,20,31,39,40,16,18,16,32,4,209
20201102001,11,16,4,11,15,10,8,12,0,95
20201102002,17,18,8,15,15,13,5,6,0,96
20201102003,25,54,15,8,15,16,3,14,0,143
20201102004,18,47,22,30,21,10,12,28,4,196
20201102005,18,46,25,25,13,17,19,30,6,208
20201102006,22,54,33,24,30,9,8,32,3,209
20201102007,7,28,20,15,16,8,8,20,3,134
20201102008,13,37,21,8,17,9,0,4,4,115
20201102009,31,38,12,17,22,15,3,11,4,148
20201102010,27,58,18,20,32,12,4,8,0,178
20201102011,43,91,27,25,47,30,12,20,5,299
20201102012,12,43,18,12,15,10,4,15,3,130
20201102013,17,37,17,23,17,9,3,11,4,132
20201102014,13,34,14,13,22,13,3,6,0,118
20201102015,17,49,11,23,17,14,15,18,0,176
20201102016,18,50,11,13,23,12,9,12,0,149
20201102017,13,29,16,15,15,5,10,11,4,110
20201102018,34,59,26,28,29,19,9,29,9,238
20201102019,21,44,20,41,29,22,24,21,6,222
20201102020,8,47,17,15,11,14,0,4,0,114
20201102021,33,64,35,28,28,21,6,27,3,250
20201102022,19,23,13,18,9,13,5,18,0,122
20201102023,14,33,20,24,8,0,4,21,0,127
20201102024,17,46,28,17,23,25,20,22,0,190
20201102025,28,69,28,31,34,28,5,19,6,244
20201102026,20,54,29,34,23,18,10,32,4,226
20201102027,6,13,11,8,3,14,0,7,0,64
20201102028,16,45,22,30,31,25,8,22,0,193
20201102029,19,68,42,32,28,18,9,28,0,247
20201102030,32,55,28,30,18,23,6,14,0,207
20201102031,18,63,27,39,21,12,9,27,4,229
20201102032,19,47,17,18,22,14,0,13,8,164
20201102033,22,53,13,37,25,16,13,23,9,205
20201102034,37,68,9,38,26,28,13,20,5,247
20201102035,15,59,15,23,14,9,15,21,4,169
20201102036,24,22,29,17,28,20,15,21,0,179
20201102037,0,0,0,0,0,0,0,0,0,0
20201102038,29,33,9,18,22,12,5,11,3,142
20201102039,6,0,0,0,0,0,0,0,0,6
20201102101,15,55,22,10,11,15,5,15,4,154
20201102102,23,51,20,40,20,25,10,27,3,221
20201102103,20,56,21,30,21,16,8,14,0,186
20201102104,21,80,29,47,36,23,20,32,0,296
20201102105,10,48,28,34,19,25,7,33,4,209
20201102106,7,20,13,16,5,16,8,13,7,100
20201102107,24,79,30,46,19,28,21,35,0,283
20201102108,12,37,14,47,11,35,3,22,3,195
20201102109,14,50,15,35,22,19,7,24,3,195
20201102110,43,64,18,36,27,21,5,4,5,234
20201102111,12,61,16,21,25,8,12,6,0,160
20201102112,24,47,19,17,26,17,7,6,0,172
20201102113,12,47,21,16,11,9,6,10,0,129
20201102114,26,64,26,19,20,7,4,9,0,181
20201102115,23,69,42,46,34,32,11,29,3,291
20201102116,16,46,19,27,16,17,4,19,0,156
20201102117,26,57,24,28,19,14,4,12,0,188
20201102118,29,83,29,29,25,17,0,25,3,250
20201102119,14,71,47,43,37,36,14,31,7,290
20201102120,25,62,21,12,17,13,9,19,3,186
20201102121,15,33,13,21,10,11,3,11,6,119
20201102122,12,32,10,12,7,12,0,16,0,96
20201102123,0,0,0,0,0,0,0,0,0,0
20201102124,0,0,0,0,0,4,0,0,0,6
20201102125,24,47,26,26,23,27,12,24,0,205
20201102126,25,57,14,27,29,12,8,18,3,195
20201102127,0,0,0,0,0,0,0,0,0,0
20201102201,9,25,30,24,20,23,6,34,0,174
20201102202,30,51,53,73,34,40,17,59,6,357
20201102203,0,9,15,7,10,12,4,13,3,78
20201102204,18,23,34,21,24,20,18,13,3,182
20201102205,19,41,28,33,28,27,18,20,0,211
20201102206,20,31,25,37,26,14,9,26,9,189
20201102208,19,39,25,39,24,13,14,24,0,198
20201102209,17,36,28,28,25,14,14,16,4,182
20201102210,26,52,30,30,27,22,12,17,5,217
20201102211,12,27,26,31,26,18,19,43,5,208
20201102212,20,38,35,34,39,30,15,37,4,252
20201102213,4,4,14,4,8,0,0,18,0,69
20201102214,16,31,16,24,8,20,14,22,3,157
20201102215,12,25,23,18,15,13,10,19,3,133
20201102216,48,76,52,47,55,41,25,59,11,410
20201102217,10,22,21,38,19,18,16,43,0,188
20201102218,21,42,33,38,31,17,8,28,5,231
20201102219,16,25,20,19,18,24,6,18,4,142
20201102220,6,15,12,17,13,8,3,8,4,85
20201102221,12,13,22,8,10,9,9,19,3,110
20201102222,38,78,56,66,62,59,21,71,3,451
20201102223,15,24,34,22,27,21,11,30,8,195
20201102224,14,20,30,28,20,14,14,29,4,176
20201102225,24,67,37,30,30,13,15,51,4,281
20201102226,20,22,22,26,16,10,16,20,7,153
20201102227,19,78,34,32,32,27,18,30,5,273
20201102228,31,68,30,39,33,28,14,29,5,274
20201102229,13,37,20,41,28,29,22,47,3,245
20201102230,6,10,15,19,8,12,18,22,0,108
20201102231,25,43,32,17,25,22,8,27,0,193
20201102232,22,53,51,44,31,26,13,29,0,271
20201102233,12,39,13,12,27,8,5,10,3,142
20201102234,17,12,14,10,10,13,20,11,4,116
20201102235,18,26,22,26,25,18,19,29,3,204
20201102236,25,33,48,48,30,34,20,66,3,301
20201102237,22,33,37,33,38,18,17,51,5,251
20201102238,14,30,26,29,26,18,9,29,8,184
20201102239,13,20,15,25,16,19,17,22,0,153
20201102240,8,18,29,12,22,10,10,16,0,110
20201102241,14,68,42,52,27,31,13,44,4,293
20201102242,0,10,9,14,5,6,8,30,0,81
20201102243,20,20,21,21,10,13,7,25,0,134
20201102244,13,27,23,28,25,23,16,26,0,177
20201102245,65,136,73,62,75,45,33,66,9,559
20201102301,46,90,48,28,40,35,25,31,4,348
20201102302,42,57,41,37,51,36,7,25,3,304
20201102305,48,100,52,41,52,49,26,27,0,396
20201102306,30,30,34,29,27,20,11,19,5,193
20201102307,24,29,29,28,21,18,15,19,9,192
20201102308,46,46,54,35,51,37,20,26,7,316
20201102309,21,34,31,21,27,4,9,11,5,172
20201102310,44,64,48,29,51,27,15,16,3,303
20201102311,57,111,59,58,62,56,17,35,5,461
20201102312,31,47,43,19,30,20,13,26,4,236
20201102402,22,40,31,22,17,12,8,11,0,169
20201102403,12,28,12,15,12,7,6,12,0,107
20201102405,36,113,30,52,45,43,9,42,3,371
20201102407,36,63,34,39,36,24,6,25,0,260
20201102408,47,93,51,49,43,43,19,28,4,368
20201102409,33,82,36,34,39,30,12,30,8,304
20201102410,60,122,52,50,61,36,26,28,5,442
20201102411,38,46,21,25,18,16,15,14,0,197
20201102412,45,69,53,28,50,16,16,18,3,283
20201102413,22,60,16,15,22,21,7,13,0,174
20201102415,21,27,31,19,16,7,11,18,0,140
20201102417,0,0,0,0,0,0,0,0,0,0
20201102418,68,143,49,77,77,40,27,36,5,510
20201102419,41,79,24,39,34,29,7,20,0,265
20201102421,42,74,30,36,33,27,12,23,4,291
20201102422,27,23,21,11,23,10,10,17,3,143
20201102423,26,75,21,24,31,14,10,19,0,223
20201102424,41,111,39,39,54,13,4,14,6,316
20201102425,24,40,17,27,21,12,3,12,5,157
20201102426,30,55,27,19,28,18,5,11,5,201
20201102427,42,96,38,37,45,27,8,14,0,307
20201102428,21,31,13,11,16,18,4,10,5,133
20201102501,19,65,33,35,38,22,13,33,0,262
20201102502,31,57,46,37,47,34,14,40,0,310
20201102503,47,106,60,51,59,27,25,25,4,398
20201102504,15,47,28,32,24,11,3,18,0,177
20201102505,9,41,35,31,20,16,5,16,5,189
20201102506,6,23,22,32,21,11,7,24,3,155
20201102507,0,3,0,0,0,0,0,0,0,3
20201102509,35,45,67,32,55,29,33,31,13,348
20201102510,17,41,47,44,32,29,18,32,3,259
20201102511,7,23,25,15,13,11,12,21,4,136
20201102512,28,45,36,44,24,26,28,33,3,264
20201102514,34,66,55,48,19,19,18,22,8,282
20201102515,20,21,25,10,17,4,16,20,7,129
20201102517,28,55,68,37,41,31,30,39,4,333
20201102519,13,34,37,24,26,10,33,42,0,218
20201102520,37,64,61,52,29,22,37,44,5,350
20201102521,40,71,39,44,34,26,19,29,5,308
20201102522,11,36,23,33,29,14,7,31,7,195
20201102523,27,35,31,30,17,25,18,36,3,226
20201102524,28,47,31,41,41,30,22,25,0,270
20201102525,13,34,37,21,21,19,16,26,3,182
20201102526,15,40,34,18,28,9,20,18,4,174
20201102527,28,55,43,40,49,34,17,44,3,305
20201102528,21,54,22,38,29,34,20,34,8,254
20201102529,36,73,50,38,33,25,19,24,0,291
20201102530,17,23,21,33,27,13,9,19,0,180
20201102531,38,53,42,48,30,38,11,33,5,303
20201102532,21,46,31,26,21,28,16,30,6,221
20201102533,15,48,44,16,28,9,24,10,3,199
20202102601,31,45,27,23,29,13,10,17,0,205
20202102602,22,27,36,17,17,21,8,12,9,174
20202102603,66,94,50,33,40,10,12,28,7,348
20202102604,46,46,43,26,29,25,9,15,0,239
20202102605,27,70,23,15,33,9,6,7,4,191
20202102606,25,15,22,17,17,13,15,17,3,135
20202102607,25,40,22,32,22,17,17,19,6,204
20202102608,78,111,130,115,104,79,55,100,6,780
20202102609,18,18,23,15,26,9,5,11,3,136
20202102610,22,27,25,14,24,21,17,13,4,168
20202102611,45,31,37,24,37,22,24,29,15,266
20202102612,26,36,28,21,24,11,12,32,4,197
20202102613,49,59,69,38,40,28,21,33,3,342
20202102614,30,48,22,11,19,9,5,11,0,150
20202102615,31,19,27,16,10,14,8,7,5,132
20202102616,37,56,22,14,16,8,10,8,0,172
20202102617,21,8,21,6,7,3,6,7,0,81
20202102618,23,48,23,23,27,18,8,20,3,193
20202102619,36,51,35,22,35,26,13,15,6,239
20202102701,19,39,17,27,8,12,5,24,4,151
20202102702,17,45,25,17,9,10,5,18,4,145
20202102703,0,0,0,0,0,0,0,0,0,0
20202102704,11,51,16,19,16,4,9,22,3,151
20202102705,31,51,24,15,17,19,3,18,0,189
20202102706,22,71,24,26,13,17,11,8,5,196
20202102707,43,72,47,34,38,21,15,34,4,309
20202102708,46,92,64,47,25,19,17,37,0,351
20202102709,24,46,20,27,24,17,4,24,3,193
20202102710,21,53,36,20,13,11,6,15,0,175
20202102711,21,52,25,30,19,10,4,11,0,164
20202102712,32,50,27,24,19,10,6,22,0,178
20202102713,26,68,21,25,9,14,6,9,3,189
20202102714,20,43,18,18,14,9,3,7,7,132
20202102715,31,77,20,13,16,9,7,10,0,180
20202102716,17,27,12,5,4,15,5,12,0,93
20202102717,16,55,10,22,21,12,4,8,0,151
20202102718,14,32,9,9,15,7,8,0,3,102
20202102719,24,70,10,17,16,9,0,19,5,175
20202102720,18,32,18,12,10,7,0,11,0,110
20202102721,35,69,55,47,37,28,21,35,5,347
20202102722,14,35,8,12,10,6,5,10,4,105
20202102723,8,26,9,7,8,6,3,16,0,95
20202102724,26,47,9,12,19,12,0,13,0,151
20202102725,14,69,7,26,16,6,3,17,3,168
20202102726,21,41,30,28,20,15,6,24,6,182
20202102727,17,59,25,18,18,11,9,29,6,185
20202102801,17,28,13,15,10,16,14,18,0,129
20202102802,40,60,42,33,22,27,20,35,5,278
20202102803,47,19,16,16,15,7,12,17,0,156
20202102804,18,32,21,22,20,12,6,16,5,148
20202102805,42,41,28,20,19,8,6,25,3,186
20202102806,29,25,31,13,10,5,10,14,0,133
20202102807,46,55,17,12,18,12,10,12,4,186
20202102808,41,66,38,22,27,12,13,29,0,238
20202102809,8,17,3,4,6,3,8,4,0,55
20202102810,28,49,19,19,17,4,5,12,5,156
20202102811,34,35,22,19,9,3,5,16,0,151
20202102812,23,16,21,3,8,5,3,7,6,92
20202102813,20,46,28,19,12,11,9,11,4,168
20202102814,17,61,25,19,14,14,6,11,3,174
20202102815,36,47,46,31,29,30,11,26,5,253
20202102816,42,30,26,22,21,11,18,17,3,192
20202102817,22,34,27,11,23,15,8,15,0,148
20202102818,22,23,20,21,14,15,7,16,0,133
20202102819,14,16,22,22,8,8,10,11,0,107
20202102820,21,35,40,21,15,15,9,30,0,185
20202102821,16,21,17,16,10,5,3,8,0,96
20202102822,13,27,12,8,8,12,0,12,0,91
20202102823,27,48,27,16,20,13,14,20,0,193
20202102824,39,34,35,24,25,15,12,20,3,209
20202102825,27,17,16,5,5,5,6,15,3,95
20202102826,29,68,28,26,20,10,8,12,7,209
20202102901,19,24,16,18,16,11,11,25,0,146
20202102902,8,14,21,4,12,12,9,18,8,103
20202102903,16,29,28,28,14,16,17,16,5,163
20202102904,25,20,28,10,21,4,25,19,3,156
20202102905,38,28,15,14,16,12,14,13,3,153
20202102906,10,10,19,17,19,10,11,13,0,118
20202102907,25,34,32,20,22,9,17,18,7,176
20202102908,29,34,23,16,15,11,17,23,7,172
20202102909,16,7,15,10,10,6,20,8,0,96
20202102910,19,7,19,9,9,9,4,18,3,98
20202102911,50,54,55,27,36,21,22,30,5,313
20202102912,27,20,21,9,4,12,15,25,3,134
20202102913,28,11,22,13,14,6,7,10,3,113
20202103001,36,63,37,28,25,14,10,21,6,252
20202103002,38,48,32,34,34,15,8,22,0,236
20202103003,55,65,42,34,34,25,7,26,4,309
20202103004,62,63,39,32,34,15,14,23,7,284
20202103005,47,39,20,35,15,12,3,10,3,186
20202103006,45,51,34,13,15,10,6,16,0,197
20202103007,48,47,31,23,19,12,9,15,0,203
20202103008,49,20,11,7,13,10,0,14,0,119
20202103009,29,39,39,33,23,12,13,31,3,220
20202103010,25,71,33,26,24,19,12,12,4,220
20202103011,27,48,19,19,10,9,3,22,0,149
20202103012,36,64,26,22,23,16,5,28,0,230
20202103013,47,55,22,38,15,19,5,28,4,232
20202103014,14,30,9,9,18,17,0,14,0,111
20202103015,15,43,16,14,25,8,4,9,3,140
20202103016,39,59,21,22,22,19,7,23,3,211
20202103018,25,42,28,25,24,26,8,38,4,209
20202103019,66,81,40,23,33,25,12,30,7,312
20202103020,71,86,76,65,41,43,20,55,5,462
20202103021,37,42,28,28,30,18,4,20,3,214
20202103022,0,0,0,0,0,0,0,0,0,3
20202103023,19,42,19,17,15,19,11,38,0,183
20202103024,37,28,34,16,24,10,13,34,3,194
20202103025,16,29,16,10,12,7,5,4,7,99
20202103101,60,131,43,38,42,21,3,14,10,371
20202103102,69,151,46,49,57,27,11,27,5,437
20202103104,41,75,36,27,29,9,12,12,5,252
20202103105,62,83,29,42,26,20,15,18,0,297
20202103106,45,60,25,24,24,17,3,10,0,212
20202103107,66,69,31,28,23,10,12,19,4,262
20202103108,22,30,10,11,8,13,0,6,3,99
20202103109,33,40,23,9,14,5,6,17,0,165
20202103110,43,53,23,16,10,10,3,14,0,168
20202103111,32,68,38,33,25,25,13,19,4,257
20202103112,26,47,16,16,10,12,6,13,5,147
20202103113,42,79,30,28,23,9,0,15,3,234
20202103114,18,51,16,21,13,11,0,15,5,151
20202103115,31,76,31,21,21,13,4,14,0,218
20202103116,43,64,26,31,24,15,5,10,11,239
20202103117,4,4,0,0,0,0,0,0,0,18
20202103118,52,58,34,27,30,14,12,17,3,249
20203103201,35,64,50,42,37,18,14,12,9,277
20203103202,16,9,20,18,14,8,10,16,0,115
20203103203,24,23,39,19,16,8,17,15,3,149
20203103204,66,8,19,12,11,10,13,14,0,158
20203103205,48,14,48,23,21,16,13,25,0,220
20203103206,24,28,35,14,32,15,19,22,0,195
20203103207,32,42,49,26,26,18,23,41,6,262
20203103208,26,14,29,14,9,15,17,22,0,134
20203103209,32,15,29,6,11,15,19,21,5,147
20203103210,14,10,23,13,9,11,7,17,0,115
20203103211,36,35,32,16,25,26,26,20,0,220
20203103212,21,16,19,13,15,8,9,5,0,101
20203103213,25,16,18,13,14,4,20,16,5,132
20203103301,10,12,20,20,14,17,19,32,0,143
20203103302,20,22,19,15,18,16,15,17,0,147
20203103303,60,15,16,4,12,8,0,4,6,129
20203103304,27,23,21,15,8,0,6,23,0,121
20203103305,57,19,15,16,17,0,12,21,0,159
20203103306,62,22,17,15,12,11,15,28,6,186
20203103307,46,11,21,9,12,11,10,17,6,151
20203103308,65,17,8,6,11,0,8,16,0,133
20203103309,15,8,9,9,10,12,12,19,0,102
20203103310,10,4,5,5,0,7,3,18,0,42
20203103311,20,3,8,6,3,4,5,4,0,58
20203103312,72,21,7,8,10,7,7,15,3,147
20203103313,117,20,16,14,15,13,11,19,3,231
20203103314,17,9,9,18,14,9,5,16,5,95
20203103315,32,21,19,12,9,11,15,20,3,144
20203103316,85,14,12,12,8,5,8,39,9,182
20203103317,131,16,5,12,11,4,9,34,4,229
20203103318,25,22,8,15,10,9,12,13,0,117
20203103319,16,7,10,13,7,3,0,28,3,93
20203103320,13,4,9,9,6,3,9,29,0,77
20203103321,11,12,10,14,21,15,10,14,6,99
20203103322,12,13,11,14,11,0,8,19,0,89
20301103401,22,31,43,33,27,31,23,27,3,250
20301103402,56,72,107,66,66,40,30,39,12,492
20301103403,27,53,54,36,44,12,29,38,0,299
20301103404,37,64,36,22,35,32,18,20,9,280
20301103407,36,53,47,58,50,31,24,34,3,340
20301103408,5,17,21,28,9,11,10,11,3,117
20301103411,43,18,32,19,16,12,17,13,0,172
20301103412,73,129,141,87,98,59,58,58,12,719
20301103413,34,54,60,58,44,43,31,40,11,381
20301103414,20,17,10,3,6,5,3,8,4,71
20301103415,43,44,29,21,33,14,9,13,8,202
20301103416,28,23,5,8,10,7,12,10,10,107
20301103417,41,58,114,54,66,56,32,41,3,466
20301103501,25,39,44,36,31,18,15,20,6,231
20301103502,23,23,29,20,20,13,20,31,0,179
20301103503,26,44,75,47,34,23,36,35,7,323
20301103504,24,28,18,14,17,17,3,14,3,144
20301103505,34,57,44,24,23,20,16,32,7,241
20301103506,96,107,95,35,53,25,29,49,3,493
20301103507,37,35,40,16,16,19,12,19,0,193
20301103508,20,28,38,12,11,3,10,13,3,147
20301103509,50,25,56,25,36,16,32,36,0,277
20301103510,69,30,36,14,19,8,11,14,0,205
20301103511,47,29,23,29,13,16,7,30,8,199
20301103512,40,39,56,34,28,18,34,45,3,299
20301103513,62,11,31,19,15,17,24,35,0,207
20301103514,35,69,62,35,42,24,33,32,4,343
20301103515,17,30,44,30,15,17,21,11,0,188
20301103516,32,72,78,51,45,15,32,41,6,366
20301103601,16,16,20,17,7,6,9,11,0,105
20301103602,83,58,57,40,36,25,20,37,7,354
20301103603,59,27,22,17,15,5,8,29,3,193
20301103604,52,57,34,25,17,15,7,25,4,234
20301103605,57,34,25,19,8,9,5,11,4,173
20301103606,39,24,16,11,14,11,0,8,6,127
20301103607,62,50,31,29,25,18,14,21,0,248
20301103608,28,20,26,16,8,13,6,14,0,135
20301103609,44,43,29,14,18,11,13,8,0,180
20301103610,22,54,39,28,18,18,14,16,0,210
20301103612,34,45,33,19,19,13,8,11,0,178
20301103613,12,17,28,25,14,9,13,21,5,140
20301103614,25,44,43,29,25,29,3,14,5,208
20301103615,25,29,38,23,19,15,16,34,3,203
20301103617,10,29,35,13,12,8,11,9,0,133
20301103618,22,19,31,14,11,13,19,16,4,146
20301103619,68,39,36,19,20,14,11,24,10,236
20301103620,15,35,30,20,14,15,16,22,4,163
20302103701,22,61,29,31,22,21,10,20,6,224
20302103702,32,77,53,40,39,23,23,39,4,333
20302103703,12,32,26,22,10,18,9,23,5,161
20302103704,16,39,32,28,20,18,10,15,6,185
20302103705,15,53,38,26,17,18,12,21,3,202
20302103706,18,43,31,23,18,17,13,25,5,199
20302103707,37,61,41,25,35,16,15,18,3,254
20302103708,0,0,0,0,0,0,0,0,0,0
20302103709,15,79,59,42,31,32,15,32,8,301
20302103710,14,28,19,23,15,18,4,17,0,131
20302103711,34,79,36,36,41,27,27,21,4,315
20302103712,19,92,42,40,31,18,15,21,5,271
20302103713,27,72,17,16,19,14,4,20,0,197
20302103714,23,48,32,31,26,13,10,17,4,205
20302103715,29,74,35,34,33,17,12,16,0,251
20302103716,34,81,45,54,27,27,18,23,0,310
20302103717,30,84,56,36,32,26,16,30,12,328
20302103718,20,65,38,38,24,27,13,31,3,260
20302103719,10,41,14,26,26,8,4,18,6,161
20302103720,11,45,33,36,18,19,14,24,0,199
20302103721,15,40,30,20,21,18,16,12,0,170
20302103722,19,71,39,41,40,21,15,21,0,267
20302103723,41,109,36,35,30,14,10,21,3,301
20302103724,36,117,50,52,32,34,15,28,4,372
20302103725,23,38,20,9,19,16,0,10,3,152
20302103726,29,77,26,34,29,14,16,24,3,243
20302103727,34,101,36,51,45,39,19,40,9,367
20302103728,18,48,24,27,27,16,15,14,5,186
20302103729,25,96,53,45,31,15,17,24,3,298
20302103730,37,82,30,25,29,21,5,13,8,239
20302103731,36,73,30,43,32,16,9,20,0,260
20302103732,14,34,13,22,13,13,3,7,0,129
20302103904,36,94,27,35,32,22,11,23,0,287
20302103905,40,62,27,29,23,10,10,24,7,228
20302103906,18,66,25,14,15,11,4,18,4,177
20302103907,37,88,45,38,35,21,8,23,4,297
20302103908,38,57,35,36,31,21,11,10,6,243
20302103909,32,70,20,24,28,19,5,16,10,219
20302103910,61,157,53,98,54,66,12,27,9,534
20302103911,22,42,20,23,18,12,4,14,3,157
20302103912,45,84,19,22,29,11,0,22,11,235
20302103913,31,80,25,14,22,19,7,10,0,201
20302103914,44,96,37,40,37,25,5,24,0,311
20302103915,21,33,38,55,40,25,30,26,5,275
20302103916,8,32,42,20,13,8,5,24,5,156
20302103917,26,80,28,22,24,15,4,20,3,219
20302103918,30,69,29,27,26,22,6,18,0,228
20302103919,41,110,37,31,42,26,12,28,3,331
20302103920,33,96,33,33,24,23,14,20,5,278
20302103921,9,46,13,12,10,3,4,7,0,111
20302103922,29,72,32,24,35,23,3,17,4,235
20302103923,48,79,46,46,34,20,7,18,0,291
20302103924,35,58,20,20,31,14,7,16,0,209
20302103925,11,42,41,31,21,12,22,28,6,214
20302103927,28,60,30,20,33,10,9,17,5,212
20302103928,15,17,39,31,18,18,24,32,5,201
20302103929,15,25,34,38,23,13,4,17,8,179
20302103930,16,35,32,25,24,18,15,23,0,189
20302103931,0,0,0,0,0,0,0,0,0,0
20302103932,7,21,14,15,20,10,6,12,0,107
20302103933,15,41,12,10,14,7,0,15,0,111
20302103934,16,33,9,17,9,10,4,15,0,113
20302103935,18,55,23,14,14,17,5,8,0,155
20302103936,0,0,0,0,0,0,0,0,0,3
20302103937,11,40,10,22,13,7,0,6,10,131
20302103938,12,36,15,10,11,5,6,14,5,108
20302103939,22,82,13,14,18,8,6,13,0,183
20302104001,36,72,30,28,36,27,12,11,4,253
20302104002,55,73,33,11,37,27,8,27,0,278
20302104003,34,77,22,23,25,15,3,16,0,216
20302104004,51,92,33,40,48,17,6,32,0,315
20302104005,17,42,15,15,17,15,8,6,0,130
20302104006,23,31,34,17,33,8,11,20,0,186
20302104007,30,55,40,35,20,17,10,18,0,229
20302104008,47,70,30,28,28,15,6,18,0,245
20302104009,34,63,31,32,24,16,8,13,0,228
20302104010,38,57,32,18,22,11,3,11,0,199
20302104011,34,60,33,17,24,14,6,12,3,204
20302104012,25,91,46,31,17,15,25,21,0,272
20302104013,21,49,27,25,12,13,11,8,4,173
20302104014,47,67,26,25,26,7,11,16,4,241
20302104015,40,88,45,23,31,19,17,19,9,282
20302104016,35,74,33,26,30,14,19,28,3,266
20302104017,39,65,22,21,20,20,6,11,0,205
20302104018,39,116,45,38,52,29,17,40,4,380
20302104019,42,43,22,18,23,3,4,9,0,165
20302104020,19,42,10,17,18,7,3,11,3,123
20302104021,37,82,23,27,21,18,5,15,4,229
20302104022,33,62,26,26,22,8,5,20,7,208
20302104023,32,54,14,18,25,22,9,11,0,181
20302104024,34,78,21,19,21,10,16,11,3,208
20302104025,46,99,34,43,30,19,7,12,7,295
20302104026,22,47,29,26,25,23,16,25,8,208
20302104027,11,49,23,30,20,10,10,6,4,164
20302104028,11,33,20,23,6,10,10,10,4,127
20302104029,19,53,29,45,29,9,13,18,0,220
20302104030,13,46,9,27,13,15,8,12,3,146
20302104031,30,58,51,38,43,21,24,27,7,289
20302104032,15,31,22,19,17,12,3,7,3,144
20302104033,24,37,27,33,33,17,5,15,7,197
20302104034,41,96,39,31,30,39,24,29,5,332
20302104035,26,61,33,22,26,21,7,12,0,214
20302104036,32,29,38,25,25,31,16,14,3,210
20302104038,20,60,43,38,40,19,15,29,3,283
20302104039,32,83,48,32,43,27,5,24,9,297
20302104040,23,49,26,29,25,15,11,20,5,195
20302104041,44,72,61,43,46,22,25,30,5,346
20302104042,22,56,39,41,29,9,11,30,3,248
20302104043,14,50,29,24,29,21,20,20,4,205
20302104044,26,67,30,37,36,22,16,30,3,265
20302104045,11,33,19,22,25,21,7,15,3,165
20302104046,15,44,22,18,23,11,13,19,3,167
20302104047,23,36,26,19,16,15,5,21,0,168
20302104048,18,33,19,15,11,20,8,14,3,137
20302104049,28,57,11,21,10,14,4,6,0,153
20302104050,23,39,27,36,20,23,11,17,3,201
20302104051,0,9,3,0,3,3,0,6,0,28
20302104052,20,50,31,12,20,21,7,16,5,177
20302104053,79,139,65,46,57,37,16,18,3,467
20302104201,50,78,28,34,30,16,11,25,0,270
20302104202,40,89,24,30,38,22,8,8,10,274
20302104203,26,73,20,22,32,16,4,6,0,205
20302104204,19,62,18,21,29,13,3,3,3,164
20302104205,35,71,24,26,38,18,8,16,0,240
20302104206,58,96,26,38,28,21,6,9,0,297
20302104208,38,90,50,55,45,22,11,15,3,323
20302104209,22,85,45,36,31,31,14,22,3,280
20302104210,29,81,21,22,28,15,8,16,4,203
20302104211,48,92,28,35,34,25,4,18,3,292
20302104212,37,53,15,19,12,11,3,10,0,161
20302104213,35,55,25,25,12,10,8,13,6,175
20302104215,36,48,32,32,33,32,12,26,3,258
20302104216,35,64,30,53,29,31,12,24,0,281
20302104217,21,64,26,36,24,21,12,19,0,234
20302104218,46,91,34,49,39,27,13,16,6,324
20302104219,21,75,19,21,25,19,9,17,5,213
20302104220,44,80,33,25,14,15,6,13,3,232
20302104221,51,81,30,28,31,27,8,7,8,276
20302104222,52,98,57,37,39,35,6,10,9,345
20302104223,36,110,31,38,27,26,7,20,0,286
20302104224,36,78,26,24,20,22,9,13,8,244
20302104225,17,40,19,16,7,14,6,6,0,117
20302104228,27,84,46,32,28,20,14,17,3,273
20302104229,30,81,24,40,23,17,15,18,0,244
20302104230,48,80,20,33,32,31,4,21,0,263
20302104232,23,43,26,30,22,16,11,15,5,183
20302104233,16,44,15,17,16,14,3,12,0,135
20302104235,29,56,39,38,36,20,8,15,5,244
20302104236,19,54,18,9,21,14,8,10,0,151
20302104237,45,94,29,27,27,23,7,14,4,273
20302104238,27,65,21,25,28,25,14,9,0,220
20302104239,12,55,21,23,22,11,14,16,0,175
20302104240,20,50,14,20,23,14,8,11,0,152
20302104242,28,44,19,11,9,14,4,12,0,139
20302104243,63,87,22,27,41,30,8,16,11,309
20302104244,0,0,0,0,0,0,0,0,0,0
20302104245,41,66,15,13,16,15,8,9,0,195
20302104246,12,31,25,99,22,85,9,43,0,331
20302104247,14,53,24,28,28,24,22,44,9,231
20302104248,13,55,21,32,21,22,11,20,3,191
20302104249,25,82,28,72,27,50,32,53,8,370
20302104250,49,80,18,16,31,23,0,19,0,236
20302104251,33,49,7,17,18,13,0,7,4,146
20302104252,26,77,25,27,23,26,7,12,4,230
20302104253,27,37,21,21,17,10,5,6,3,150
20302104254,66,121,40,33,42,48,7,14,4,382
20302104255,25,66,18,25,24,25,5,11,3,198
20302104256,28,45,25,21,26,29,13,10,0,199
20302104257,47,77,24,21,26,27,4,10,0,246
20302104258,34,77,30,35,35,28,8,18,5,259
20302104259,26,47,16,18,19,13,0,6,0,143
20302104260,37,63,17,18,18,9,7,9,3,174
20302104261,21,48,17,8,23,11,4,0,3,135
20302104262,15,33,9,3,15,8,3,3,0,88
20302104301,21,52,41,35,35,21,26,28,3,261
20302104302,12,21,27,22,17,6,8,16,0,131
20302104303,35,17,27,11,10,9,16,13,6,145
20302104304,29,36,34,20,25,5,13,14,6,174
20302104305,35,33,29,13,26,13,21,16,4,190
20302104306,30,27,24,5,14,6,8,10,3,124
20302104307,36,35,49,31,37,18,27,28,15,280
20302104308,0,3,7,6,7,0,0,0,0,18
20302104309,8,6,9,9,8,0,0,10,0,54
20302104310,12,43,32,42,29,17,22,34,0,224
20302104311,30,16,21,12,17,7,10,18,3,141
20302104312,12,29,28,15,23,10,10,10,0,140
20302104313,19,25,32,27,26,15,14,23,9,193
20302104314,6,31,21,23,18,8,11,6,0,120
20302104315,0,0,0,0,0,0,0,0,4,3
20302104316,8,25,22,30,16,8,18,22,4,156
20302104317,16,25,28,14,20,12,14,9,0,137
20302104318,15,56,48,44,48,22,24,34,0,306
20302104319,34,49,60,30,36,19,19,24,8,289
20302104321,14,46,37,27,26,24,24,32,5,240
20302104322,27,43,31,15,15,12,17,8,3,172
20302104324,20,29,31,23,18,16,12,19,3,177
20302104325,0,0,0,0,4,0,4,0,0,8
20302104326,63,162,122,123,92,69,73,56,10,761
20302104327,19,57,31,30,17,25,21,22,9,213
20302104329,33,34,51,32,39,36,32,27,7,296
20302104330,17,25,39,29,26,20,15,34,3,210
20302104331,41,52,51,51,49,38,35,44,9,372
20302104333,18,32,12,20,19,15,9,10,3,136
20302104334,20,40,35,32,26,10,18,32,8,213
20302104335,24,38,38,44,19,15,26,30,7,241
20302104337,14,29,40,43,29,8,22,38,3,226
20302104338,21,47,52,41,32,20,28,41,5,285
20302104340,29,22,46,13,29,19,27,17,3,211
20302104341,8,25,13,13,19,6,14,13,5,118
20302104344,30,39,27,29,29,24,17,16,4,217
20302104345,28,61,57,49,51,27,39,40,5,353
20302104346,41,46,47,38,30,29,31,18,3,278
20302104347,43,51,43,23,21,27,16,22,6,257
20302104348,4,5,7,0,10,6,4,10,0,42
20302104349,21,34,16,23,25,16,12,14,0,168
20302104350,20,27,35,24,21,25,17,13,3,187
20302104351,17,7,12,14,6,9,9,11,0,83
20302104352,23,64,38,32,39,17,28,17,3,259
20302104353,30,85,59,47,46,23,30,20,5,342
20302104354,35,39,38,37,37,21,30,23,0,261
20302104355,34,43,45,37,33,41,24,21,0,287
20302104356,24,39,45,38,30,18,22,16,6,246
20302104401,12,33,30,23,18,15,15,17,0,161
20302104402,15,25,43,18,10,14,5,16,3,165
20302104403,6,15,23,24,21,12,8,16,0,131
20302104404,12,21,32,27,21,21,21,19,8,174
20302104405,23,37,38,34,36,20,8,33,4,238
20302104406,25,50,57,43,40,33,23,30,4,307
20302104407,28,44,31,31,26,25,16,31,4,235
20302104408,7,29,28,15,11,11,0,14,0,110
20302104409,23,48,34,40,28,25,10,31,9,253
20302104410,21,40,49,27,25,24,18,30,3,228
20302104411,26,37,30,31,21,26,9,17,3,199
20302104412,23,33,33,32,27,19,24,30,0,226
20302104413,33,45,33,27,38,30,17,17,3,251
20302104414,29,46,50,40,22,29,11,22,3,255
20302104415,20,17,21,12,16,6,13,7,0,112
20302104416,8,31,22,23,20,7,13,11,6,142
20302104417,76,115,99,89,95,61,47,56,12,657
20302104418,19,29,24,30,14,17,8,15,0,158
20302104420,17,23,25,21,12,12,5,12,0,120
20302104422,14,30,22,40,25,33,11,19,10,212
20302104423,29,62,60,45,49,43,19,26,4,337
20302104424,20,27,7,9,13,12,4,12,6,103
20302104425,51,98,67,71,54,32,28,37,11,439
20302104426,16,39,40,33,22,12,16,17,0,205
20302104427,58,116,99,89,56,45,37,59,12,556
20302104428,36,59,63,54,38,36,21,28,6,339
20302104429,29,35,30,18,19,8,7,17,3,163
20302104501,14,34,27,56,18,21,19,39,3,239
20302104502,19,23,40,36,21,17,18,42,5,208
20302104503,7,7,15,20,14,15,14,29,0,128
20302104504,11,8,32,20,14,11,16,23,0,139
20302104505,15,17,45,46,33,27,23,44,5,255
20302104506,18,31,40,55,20,21,22,39,0,249
20302104507,19,16,40,35,39,34,17,19,4,226
20302104508,15,36,42,34,20,26,36,51,3,261
20302104509,9,16,27,24,22,26,16,14,4,151
20302104510,20,15,23,16,13,16,17,17,5,138
20302104511,17,33,27,34,17,18,14,38,3,196
20302104512,17,35,28,22,31,13,11,34,0,187
20302104513,10,37,36,28,18,23,12,22,0,198
20302104514,0,11,14,18,11,8,23,36,0,130
20302104515,3,14,13,19,9,5,14,15,3,107
20302104516,12,13,22,36,20,20,20,17,5,176
20302104517,37,33,69,60,43,52,35,32,0,369
20302104518,13,15,33,26,25,11,12,11,0,158
20302104519,34,50,53,27,27,22,20,22,12,269
20302104520,21,51,45,50,22,30,34,32,7,289
20302104521,5,14,22,28,15,14,15,20,3,133
20302104522,19,25,40,9,16,12,11,24,6,172
20302104523,9,23,22,23,24,26,14,23,5,155
20302104524,6,23,21,27,17,18,12,27,4,151
20302104525,7,18,36,36,20,19,15,44,5,194
20302104526,11,17,31,30,14,15,14,14,3,146
20302104527,7,22,42,37,14,14,25,28,0,188
20302104528,10,16,26,37,14,22,25,27,7,175
20302104530,16,30,35,25,24,16,5,28,3,180
20302104531,20,40,39,40,22,25,9,28,7,229
20302104532,12,23,33,41,20,21,16,17,0,183
20302104533,17,45,40,36,27,11,18,34,7,227
20302104534,11,32,36,30,24,14,13,38,4,195
20302104535,13,36,39,42,15,30,21,43,0,248
20302104536,0,0,0,0,0,0,0,0,0,0
20302104537,0,0,0,0,0,0,0,0,0,0
20302104601,45,99,27,22,27,24,10,16,0,269
20302104602,48,108,24,23,41,23,7,16,6,302
20302104603,37,72,13,21,14,23,3,16,5,202
20302104604,18,34,21,8,11,5,3,9,0,105
20302104605,16,28,17,10,13,17,9,8,0,120
20302104606,57,111,39,30,37,33,16,14,8,338
20302104607,37,76,28,23,22,20,0,5,0,222
20302104608,28,64,20,11,21,15,7,9,0,179
20302104609,40,55,22,27,21,10,10,19,4,203
20302104610,49,87,6,25,23,16,6,7,0,224
20302104611,50,101,16,25,26,15,6,11,10,261
20302104612,55,95,31,38,37,23,0,17,0,295
20302104613,33,83,24,27,25,16,6,13,6,235
20302104614,45,88,16,20,20,23,3,13,0,234
20302104615,49,77,31,29,34,28,9,20,9,291
20302104616,23,38,19,15,13,8,3,13,5,148
20302104617,46,101,39,37,30,18,12,16,14,302
20302104618,28,49,19,29,15,15,6,9,0,164
20302104619,19,40,5,17,10,8,4,4,0,111
20302104620,31,75,15,19,16,18,3,9,3,198
20302104621,39,78,29,23,23,18,11,8,0,238
20302104622,34,39,15,15,18,14,0,11,0,144
20302104623,37,100,16,29,29,10,4,14,3,246
20302104624,29,63,15,22,27,24,6,19,4,209
20302104625,21,40,16,19,13,11,3,14,0,137
20302104701,3,0,0,0,0,3,0,0,0,13
20302104702,0,0,0,0,0,0,0,0,0,7
20302104703,12,16,19,27,24,12,8,19,0,146
20302104704,26,52,35,41,37,33,24,36,4,285
20302104705,6,40,31,23,18,12,16,28,4,181
20302104706,13,27,47,25,21,23,23,26,3,221
20302104707,11,30,32,20,10,11,17,18,10,163
20302104708,31,38,22,21,33,17,12,12,0,180
20302104709,11,31,27,33,27,19,18,24,0,192
20302104710,15,29,38,25,14,21,12,17,0,176
20302104711,18,42,54,44,31,19,15,24,6,255
20302104712,19,32,31,30,15,6,12,23,5,166
20302104713,20,19,22,20,10,16,17,11,0,135
20302104714,11,12,20,5,11,10,18,9,0,101
20302104716,23,49,49,31,39,25,34,33,7,286
20302104717,0,0,0,0,0,0,0,0,0,0
20302104718,9,43,36,27,14,15,28,33,5,215
20302104719,13,27,28,26,14,13,9,21,5,150
20302104720,11,39,31,24,17,12,24,33,0,193
20302104721,20,55,45,38,28,19,19,37,5,272
20302104722,11,37,22,22,20,17,22,19,0,177
20302104724,43,66,30,33,25,15,15,34,5,278
20302104725,4,7,7,4,14,3,4,5,0,51
20302104726,7,16,24,20,15,8,11,13,0,110
20302104727,0,0,0,0,0,0,3,0,0,9
20302104728,21,40,38,41,31,23,24,40,10,262
20302104729,50,102,26,39,25,23,9,11,13,297
20302104730,52,81,14,30,24,15,9,5,5,234
20302104731,45,83,25,26,41,23,4,16,3,277
20302104732,0,0,0,0,0,0,0,0,0,3
20302104733,26,26,24,5,16,18,4,10,3,128
20302104734,11,30,23,15,14,5,6,12,0,114
20302104735,31,32,32,37,31,20,24,34,3,240
20302104736,9,6,3,5,8,5,9,12,0,60
20302104737,12,21,24,18,13,16,4,20,6,135
20302104738,20,35,50,35,27,23,21,30,4,259
20302104739,15,21,28,11,11,16,9,21,0,139
20302104740,10,31,34,17,30,12,19,31,0,171
20302104741,7,8,13,8,14,3,7,4,10,71
20302104742,22,37,59,25,53,43,33,29,3,299
20302104743,64,117,48,67,71,56,23,56,15,515
20302104744,0,3,0,0,0,3,0,0,0,7
20302148501,64,140,85,92,54,45,34,68,5,592
20302148502,15,22,22,27,19,12,8,10,0,139
20302148503,20,31,24,24,13,14,8,9,0,147
20302148504,65,131,74,91,74,48,37,55,6,577
20302148505,3,6,8,0,4,0,6,3,0,39
20302148506,3,0,0,0,0,0,0,0,0,3
20302148507,6,0,0,0,6,0,0,0,0,14
20302148508,17,32,43,40,32,34,19,30,4,252
20302148509,47,92,56,60,44,31,16,32,5,388
20302148510,28,71,49,42,19,19,8,27,3,269
20302148511,8,33,30,31,29,20,14,21,0,180
20302148512,22,56,37,44,29,21,8,13,0,234
20302148513,33,93,43,61,40,31,15,24,4,343
20302148514,29,67,44,45,30,29,13,14,7,268
20302148515,6,21,21,28,9,7,5,7,0,105
20302148516,13,22,18,16,17,18,15,8,0,136
20302148517,20,45,35,39,18,23,11,17,3,212
20302148518,17,36,31,23,17,14,11,24,3,176
20302148519,9,62,38,36,39,15,9,18,5,227
20302148520,33,72,54,39,38,32,12,20,6,312
20302148521,26,41,26,28,24,11,8,11,0,180
20302148522,35,102,54,58,47,40,18,43,6,409
20302148523,0,3,3,0,0,0,3,4,0,13
20302148524,9,11,23,6,11,6,4,14,0,87
20302148525,28,81,50,63,38,29,21,30,9,354
20302148601,22,19,26,20,7,13,15,19,0,138
20302148602,8,8,17,20,15,14,13,28,6,127
20302148603,10,69,0,12,4,3,0,13,0,110
20302148604,32,24,26,13,24,12,11,23,3,173
20302148605,0,13,0,0,0,0,4,0,0,16
20302148606,16,7,18,25,14,15,21,23,7,138
20302148607,7,0,7,13,6,7,10,21,3,72
20302148608,6,4,16,18,11,12,13,20,0,102
20302148609,4,10,31,16,12,13,22,36,5,134
20302148610,13,20,35,35,19,20,17,16,4,170
20302148611,8,7,21,22,10,12,25,53,0,159
20302148612,28,41,73,56,38,33,34,74,11,388
20302148613,7,6,11,23,13,9,17,24,0,115
20302148614,3,10,31,18,9,9,19,40,5,139
20302148615,26,43,70,70,31,45,69,88,17,471
20302148616,0,10,17,17,15,10,13,15,4,91
20302148617,18,19,18,19,12,15,13,15,0,139
20302148618,22,17,14,25,13,13,19,22,0,139
20302148619,8,10,26,32,13,26,32,36,6,183
20302148620,5,4,9,12,9,8,9,20,0,81
20302148621,11,5,24,26,11,16,20,29,6,142
20302148622,8,12,20,22,14,17,23,30,7,137
20302148623,8,3,13,18,12,13,19,18,5,106
20302148624,0,6,16,17,12,12,17,22,5,95
20302148625,11,19,21,27,24,11,13,37,4,160
20302148626,10,15,23,26,8,16,22,28,3,146
20302148627,9,22,33,29,19,21,35,43,8,213
20302148628,18,19,11,18,15,11,17,37,5,146
20302148629,7,3,11,7,5,6,18,6,4,67
20302148630,11,20,30,24,20,18,25,35,0,188
20302148631,7,6,21,21,9,16,21,41,4,145
20302148632,5,9,27,18,13,3,14,21,0,104
20302148633,8,13,18,11,10,8,18,19,0,105
20302148634,15,8,29,20,13,10,19,33,3,145
20302148635,0,0,0,0,0,0,0,0,0,0
20302148636,5,8,30,17,12,18,21,36,4,148
20302148637,8,7,19,17,4,7,17,29,0,113
20302148638,5,9,19,20,10,7,15,26,5,119
20302148639,15,23,35,14,16,23,19,18,0,167
20302148640,5,13,14,12,13,15,28,26,4,138
20302148641,5,3,11,18,4,4,16,26,0,89
20302148642,8,5,13,21,4,14,20,26,9,118
20302148643,9,7,18,16,12,12,16,26,5,117
20302148644,12,15,22,20,17,9,23,22,0,136
20302148645,14,14,25,18,11,10,18,20,3,128
20302148646,7,8,16,5,8,7,11,29,4,111
20302148647,0,0,0,0,0,0,0,0,0,0
20302148648,0,8,16,23,9,9,14,32,3,102
20302148649,15,11,33,42,25,21,27,57,10,240
20302148650,8,12,26,34,11,19,24,47,4,187
20302148651,16,12,19,5,9,3,17,3,0,80
20302148652,23,39,37,39,35,31,31,24,7,263
20302148701,6,30,26,33,12,4,7,17,0,152
20302148702,13,25,28,13,24,12,14,23,4,154
20302148703,27,58,47,45,29,41,15,25,3,279
20302148704,26,42,33,25,22,10,5,16,3,193
20302148705,13,27,31,24,30,17,11,11,0,162
20302148706,16,37,34,37,21,20,6,21,7,198
20302148707,18,52,25,24,28,20,18,18,0,212
20302148708,20,36,25,33,18,11,10,17,0,168
20302148709,29,41,31,28,31,19,15,28,5,225
20302148710,41,67,37,40,33,32,12,15,4,290
20302148711,14,56,24,27,21,20,10,16,4,188
20302148712,29,54,18,21,20,19,3,6,3,176
20302148713,16,35,32,30,14,26,17,21,4,186
20302148714,23,52,31,29,26,17,9,17,0,196
20302148715,37,115,48,46,39,39,24,26,5,375
20302148716,9,30,25,15,17,8,7,16,3,134
20302148717,32,68,40,49,35,28,16,33,8,315
20302148718,15,38,33,45,28,19,9,20,3,198
20302148719,18,14,16,24,28,16,9,8,0,132
20302148720,23,73,33,38,30,32,18,20,0,270
20302148721,10,10,8,7,6,11,3,7,0,66
20302148722,21,56,12,22,15,16,9,8,0,160
20302148723,29,76,46,72,41,38,22,29,4,361
20302148724,3,7,0,4,3,0,0,0,0,25
20302148725,7,20,24,35,17,23,13,17,5,165
20302148726,20,40,47,30,25,24,5,21,3,224
20302148727,3,9,8,0,0,3,0,0,0,24
20302148728,22,32,29,27,23,29,9,25,3,202
20302148729,33,84,40,71,47,49,22,29,4,377
20302148730,13,33,27,33,20,15,17,23,0,175
20302148731,13,44,30,27,29,24,9,26,8,212
20302148732,20,50,37,45,38,38,13,25,0,266
20302148733,27,35,39,21,28,14,11,27,4,202
20302148734,28,43,23,26,18,22,6,5,3,174
20302148735,22,54,26,18,19,20,6,15,0,185
20302148736,15,27,38,34,25,28,24,26,3,214
20302148737,39,62,57,45,45,29,22,28,4,330
20302148738,19,41,37,26,12,13,10,15,0,174
20302148739,57,107,75,61,50,43,37,44,6,488
20302148740,27,24,22,30,24,20,6,14,0,160
20302148741,28,73,29,34,27,29,10,14,5,238
20302148742,18,34,23,11,21,9,4,11,0,149
20302148743,12,25,20,27,20,10,19,32,0,171
20302148744,23,44,33,37,22,8,9,9,0,183
20302148745,21,36,23,19,24,12,10,18,0,168
20302148746,27,32,28,36,23,20,10,23,4,204
20302148747,20,55,18,20,30,12,13,10,3,181
20302148748,40,87,59,42,34,30,22,20,9,338
20302148749,12,35,36,13,12,9,11,7,0,144
20302148750,24,34,39,33,17,22,14,24,0,206
20302148751,16,34,29,22,22,23,10,19,0,178
20302148752,14,52,36,38,30,26,14,15,0,229
20302148753,71,147,92,87,68,69,25,52,4,628
20302148754,28,67,57,45,31,31,24,28,5,314
20302148755,12,58,46,35,29,26,11,35,0,261
20302148756,30,82,51,33,40,23,21,15,8,304
20302148757,30,51,36,18,21,12,5,6,0,181
20302148758,22,48,14,14,11,16,7,24,4,173
20302148801,3,18,17,14,11,16,23,18,0,122
20302148802,0,16,10,11,3,15,19,18,0,94
20302148803,4,9,12,18,11,10,16,14,0,92
20302148804,4,15,7,24,9,7,16,15,3,100
20302148805,0,11,25,31,8,16,15,19,0,136
20302148806,7,19,18,25,5,15,22,36,8,152
20302148807,3,9,12,10,10,8,6,18,0,80
20302148808,12,16,17,31,18,12,19,30,3,153
20302148809,3,0,15,17,7,3,13,13,3,84
20302148810,7,8,28,21,5,15,22,24,3,144
20302148811,8,10,26,33,13,9,24,40,4,173
20302148812,5,19,26,42,23,11,31,34,0,188
20302148813,6,10,27,23,16,21,28,35,4,176
20302148814,4,14,28,22,15,17,30,35,7,161
20302148815,12,11,21,22,5,12,12,24,4,123
20302148816,23,29,22,29,22,16,24,11,4,163
20302148817,15,9,18,30,17,12,28,35,11,176
20302148818,6,6,16,15,8,13,18,16,3,101
20302148819,17,19,35,27,11,21,14,37,0,172
20302148820,5,9,17,23,4,7,16,30,3,122
20302148821,4,9,15,22,16,16,17,19,10,121
20302148822,0,0,0,0,0,0,0,0,0,0
20302148823,4,9,17,16,7,0,15,7,4,78
20302148824,6,4,11,22,9,8,16,20,4,111
20302148825,5,5,13,18,11,8,12,20,4,91
20303104801,16,20,22,32,26,29,23,18,4,187
20303104802,9,20,14,19,8,6,5,12,3,108
20303104803,40,86,71,68,51,44,29,44,8,436
20303104804,50,83,58,55,46,42,24,46,8,413
20303104805,26,32,25,21,26,24,11,15,0,187
20303104806,15,15,20,14,15,7,3,3,6,95
20303104808,46,42,35,23,19,12,6,17,7,195
20303104809,10,16,20,10,12,7,4,11,4,92
20303104810,10,20,36,28,16,6,9,17,0,151
20303104811,25,27,41,33,15,7,8,25,6,180
20303104812,11,24,16,19,14,23,9,14,0,125
20303104814,17,22,18,26,17,15,10,11,3,137
20303104815,10,25,22,10,9,3,9,7,4,96
20303104816,19,40,42,46,27,25,19,39,3,267
20303104817,27,43,46,49,29,22,12,37,4,267
20303104818,13,20,12,13,9,3,9,12,0,97
20303104819,16,31,29,31,19,25,15,28,4,198
20303104820,6,31,32,33,25,20,7,29,0,182
20303104821,9,21,24,23,16,12,11,23,4,151
20303104822,14,38,39,19,24,4,11,22,5,169
20303104823,40,85,55,44,46,31,23,35,5,362
20303104824,13,21,9,17,9,16,7,11,0,114
20303104825,18,32,44,28,22,20,12,24,3,204
20303104826,18,23,18,18,16,8,11,15,3,123
20303104827,9,24,23,16,14,15,5,15,5,125
20303104828,16,35,45,23,13,19,13,24,3,190
20303104829,20,41,25,29,20,13,11,15,0,173
20303104830,9,12,21,13,4,11,8,12,0,88
20303104831,13,17,5,11,13,6,0,19,0,83
20303104834,0,5,0,0,0,0,0,0,0,6
20303104835,10,15,13,11,3,14,4,6,3,85
20303104836,23,51,51,42,27,26,12,42,0,281
20303104837,21,30,12,18,6,13,0,3,4,116
20303104838,14,36,29,29,22,22,13,11,3,182
20303104839,34,72,49,58,38,39,22,26,4,345
20303104840,35,38,40,27,41,33,12,34,8,270
20303104841,38,46,45,32,35,20,15,15,0,254
20303104842,29,61,67,48,37,30,19,20,9,324
20303104843,29,34,50,32,35,31,9,25,0,238
20303104844,30,52,47,41,29,26,16,21,3,267
20303104845,0,0,0,0,0,0,0,0,0,10
20303104901,43,95,32,25,21,13,5,16,0,244
20303104902,44,35,31,23,23,28,5,27,6,213
20303104903,47,70,23,19,31,21,3,22,0,233
20303104904,59,97,41,44,35,37,6,28,7,365
20303104905,58,93,55,52,30,22,7,20,6,353
20303104906,41,80,26,24,22,15,0,13,4,230
20303104907,40,44,24,24,16,14,3,24,11,193
20303104908,86,66,59,37,30,22,3,29,7,343
20303104909,42,90,35,27,24,21,5,15,5,263
20303104910,67,80,28,17,21,12,4,7,5,244
20303104911,43,58,26,25,17,22,3,9,0,202
20303105101,27,40,30,23,19,14,10,10,6,184
20303105102,23,20,25,25,14,8,4,20,0,131
20303105103,20,14,13,4,15,11,0,6,4,86
20303105104,25,38,41,37,35,11,13,26,0,226
20303105105,19,26,13,14,12,5,4,12,0,104
20303105106,24,28,23,24,10,4,4,14,0,134
20303105107,14,23,20,17,19,12,7,13,11,129
20303105108,22,19,14,17,16,13,12,13,0,132
20303105111,38,53,37,31,37,18,17,14,3,249
20303105113,18,14,19,13,13,10,0,24,0,123
20303105117,23,43,12,16,25,14,16,5,0,153
20303105118,10,24,4,10,9,6,6,0,3,87
20303105119,3,10,20,7,3,8,3,13,0,75
20303105120,6,17,14,15,9,8,0,9,4,87
20303105121,28,45,25,24,26,25,12,11,4,199
20303105122,27,29,29,22,22,11,12,14,0,163
20303105123,42,53,33,26,39,23,22,18,3,259
20303105124,58,38,38,14,27,16,11,18,8,230
20303105125,16,26,16,14,12,15,4,4,6,108
20303105126,15,15,17,11,12,4,7,11,0,87
20303105127,11,18,20,22,17,6,14,11,6,120
20303105128,6,6,9,11,12,5,0,11,4,61
20303105129,14,17,16,17,24,9,9,6,3,120
20303105130,6,15,16,9,17,10,7,12,0,96
20303105131,19,33,31,19,20,21,9,21,0,164
20303105201,38,36,13,9,14,12,0,7,3,124
20303105203,19,34,16,20,6,12,4,13,0,133
20303105204,49,88,39,30,28,8,0,9,6,252
20303105205,28,49,17,22,25,19,6,18,4,181
20303105206,18,62,27,24,16,14,6,12,0,182
20303105207,39,69,33,29,33,14,0,11,5,236
20303105208,20,58,14,17,17,17,5,6,8,151
20303105209,22,33,5,10,19,9,0,10,0,106
20303105210,32,36,14,14,19,8,3,8,3,141
20303105212,19,38,4,5,12,12,0,4,4,97
20303105213,21,25,8,7,9,3,0,7,4,73
20303105214,31,15,13,15,17,12,4,9,7,123
20303105215,4,0,3,0,0,0,0,0,0,13
20303105216,58,101,54,32,41,27,5,17,11,356
20303105301,38,62,28,29,25,30,9,17,9,242
20303105302,69,98,53,41,40,32,19,23,8,386
20303105303,73,121,29,33,31,21,5,13,10,333
20303105304,18,39,5,9,4,6,0,3,0,99
20303105305,38,91,45,39,31,24,9,15,9,300
20303105306,59,105,45,30,40,23,11,10,8,331
20303105307,52,113,18,32,28,25,3,18,8,282
20303105308,30,74,35,32,15,21,3,20,0,228
20303105309,36,84,33,32,25,20,5,10,5,244
20303105310,71,148,63,44,48,35,8,21,9,442
20303105311,39,75,43,53,26,17,7,27,5,287
20303105312,38,64,25,33,30,18,4,14,3,215
20303105313,33,74,25,19,20,6,10,12,0,194
20303105315,50,114,41,42,33,37,5,11,4,341
20303105318,40,40,34,20,37,15,9,21,3,218
20303105319,55,75,34,36,34,25,3,18,0,283
20303105320,30,66,27,22,19,14,6,19,4,211
20303105321,27,59,21,30,20,24,3,0,5,192
20303105322,38,53,22,25,14,15,0,11,0,191
20303105323,37,83,38,22,23,16,8,13,0,238
20303105324,30,60,32,27,28,17,6,20,3,216
20303105325,42,52,24,20,30,18,0,15,0,195
20303105326,75,115,62,41,55,33,15,35,6,435
20303105327,46,64,26,21,18,19,5,9,5,210
20303105329,50,58,27,34,32,19,6,6,3,239
20303105330,39,89,37,35,24,21,4,19,10,259
20303105331,15,26,8,8,7,7,0,3,0,74
20303105333,79,93,41,29,28,24,11,24,0,336
20303105334,38,70,24,26,19,17,6,15,0,219
20303105335,17,28,10,8,10,4,0,5,0,88
20303105336,61,83,26,40,32,31,10,19,0,300
20303105338,12,27,20,3,9,3,0,4,0,87
20303105339,55,103,46,36,28,16,3,11,0,305
20303105340,36,80,38,39,35,22,3,16,10,272
20303105341,79,93,37,31,45,30,8,17,5,347
20303105342,71,125,61,47,42,37,4,30,4,426
20303105343,53,72,17,21,25,30,8,12,7,246
20303105344,52,137,47,45,28,31,12,23,6,375
20303105345,57,88,48,27,28,23,0,11,0,278
20303105346,43,83,36,34,36,13,5,12,0,268
20303105347,44,48,41,34,35,22,7,18,5,256
20303105348,74,121,38,54,44,23,9,15,11,385
20303105349,51,66,33,27,35,28,6,18,3,270
20303105350,64,93,44,33,38,21,7,17,3,315
20303105351,28,64,54,42,36,27,7,22,0,277
20303105352,43,88,35,44,23,23,6,18,3,279
20303105353,20,54,27,19,17,13,4,11,6,166
20303148901,78,100,31,23,50,17,10,21,7,332
20303148902,57,96,33,39,30,27,0,14,9,292
20303148903,54,126,95,93,61,51,29,40,6,553
20303148904,45,91,49,26,29,23,5,16,3,285
20303148905,39,74,27,19,21,20,0,12,0,211
20303148906,43,82,43,44,32,16,7,13,3,281
20303148907,56,108,73,95,66,38,25,46,3,505
20303148908,50,76,33,16,35,21,3,12,5,256
20303148909,50,72,16,21,19,9,0,5,0,183
20303148910,46,86,68,65,45,34,18,41,6,417
20303148911,54,99,32,29,31,34,5,19,0,309
20303148912,41,53,7,14,9,4,0,3,4,145
20303148913,29,25,21,12,7,16,9,7,0,124
20303148914,55,86,51,80,65,29,19,33,3,413
20303148915,45,90,55,55,28,28,21,13,4,336
20303148916,12,24,11,5,4,10,3,5,0,83
20303148917,0,0,0,0,0,0,0,0,0,0
20303148918,60,173,84,101,78,63,34,44,9,638
20303148919,43,86,60,85,50,47,26,42,4,453
20303149001,32,68,23,19,20,22,0,10,3,198
20303149002,60,70,49,33,34,25,11,21,0,297
20303149003,32,57,29,27,33,9,6,12,4,211
20303149004,39,78,34,24,26,21,8,12,0,244
20303149005,45,64,40,46,39,33,13,23,7,307
20303149006,36,58,48,41,23,10,12,22,5,255
20303149007,45,72,38,26,42,26,11,5,3,263
20303149008,59,84,51,33,32,17,8,25,6,319
20303149009,63,105,47,58,40,23,0,21,5,363
20303149010,28,58,37,30,22,15,11,18,3,226
20303149011,31,75,35,27,26,19,6,29,3,253
20303149012,38,65,31,15,28,11,3,16,0,201
20303149013,35,75,25,24,27,26,10,14,8,240
20303149014,24,51,39,33,37,20,9,25,0,224
20303149015,26,51,21,21,10,11,0,10,0,153
20303149016,32,56,27,20,25,16,5,10,3,191
20303149017,44,77,48,35,26,18,11,25,6,286
20303149018,26,46,29,16,16,18,3,4,5,165
20303149019,39,81,46,31,44,23,6,11,3,282
20303149020,31,60,31,43,24,18,3,11,5,222
20303149021,35,62,17,25,11,10,8,12,4,187
20303149022,9,38,31,27,23,19,5,10,3,164
20303149023,30,45,21,19,18,10,3,9,5,157
20303149024,41,56,36,29,38,12,9,18,3,242
20303149025,25,55,23,16,23,11,9,10,5,174
20303149026,21,69,36,28,32,27,7,13,8,229
20303149027,32,61,28,23,19,16,5,19,6,208
20303149028,24,51,22,26,17,14,3,10,3,174
20303149029,57,113,70,58,49,21,17,21,8,413
20303149030,30,55,30,34,26,8,3,11,6,202
20303149031,18,48,31,25,15,23,8,12,0,181
20303149032,20,17,20,14,10,6,0,10,0,100
20303149033,16,47,27,9,10,10,7,11,0,136
20303149034,19,61,15,23,19,24,11,10,0,183
20303149035,27,91,19,25,24,11,3,9,4,213
20303149036,79,137,92,100,67,52,20,45,8,594
20303149037,44,78,39,49,33,33,13,15,5,303
20303149038,49,38,19,15,16,12,3,3,0,161
20303149039,46,38,49,32,22,20,3,13,14,241
20303149040,18,37,17,16,8,15,3,9,0,117
20401105401,23,31,31,28,17,14,4,27,0,175
20401105402,12,17,24,18,7,9,9,14,0,102
20401105403,19,17,18,23,11,9,4,14,3,127
20401105404,18,20,27,18,14,5,11,13,0,120
20401105405,0,0,0,0,0,0,0,5,0,5
20401105406,84,43,34,32,34,14,27,26,5,302
20401105407,45,21,14,16,15,9,9,13,3,143
20401105408,37,22,31,21,21,17,6,24,5,181
20401105409,37,16,36,13,13,10,8,21,6,164
20401105410,30,40,42,18,33,10,16,31,6,219
20401105411,14,22,23,25,14,11,16,22,6,156
20401105412,19,24,26,16,18,8,8,17,4,138
20401105413,39,16,17,11,11,9,10,14,0,128
20401105414,14,10,24,17,18,14,12,5,0,115
20401105415,30,33,28,26,20,15,20,20,4,192
20401105416,18,16,18,24,22,12,15,20,0,140
20401105417,78,42,46,30,25,20,16,44,0,303
20401105418,14,14,18,15,3,7,7,12,3,99
20401105419,15,8,27,28,16,16,10,24,11,156
20401105501,37,33,23,20,25,33,17,27,6,215
20401105502,15,32,12,15,8,12,4,14,0,111
20401105503,13,12,16,13,17,10,13,29,0,111
20401105504,4,8,24,10,14,12,8,20,5,116
20401105505,10,15,11,12,11,8,11,13,4,92
20401105506,21,24,18,23,20,12,10,18,0,156
20401105507,17,25,22,12,14,11,6,8,0,114
20401105508,27,29,30,17,12,9,6,19,7,157
20401105509,14,11,23,14,14,11,7,20,3,114
20401105510,9,20,15,12,7,14,0,13,6,92
20401105511,17,23,20,23,14,8,15,30,4,150
20401105512,80,28,31,15,23,8,6,21,3,215
20401105513,56,17,34,23,11,8,8,23,0,179
20401105514,58,32,20,17,32,11,17,34,4,224
20401105515,87,43,34,10,29,18,9,26,4,264
20401105516,88,25,27,17,13,19,7,30,10,235
20401105517,25,10,15,8,3,4,9,10,0,85
20401105519,53,24,17,14,23,7,0,21,4,154
20401105520,0,0,0,0,0,0,0,0,0,0
20401105521,30,23,9,10,0,3,11,17,0,106
20401105601,59,50,49,17,35,21,20,33,6,287
20401105603,25,18,26,24,8,0,15,21,7,151
20401105604,21,20,23,10,11,4,10,14,0,106
20401105605,36,43,68,46,31,34,44,48,10,362
20401105606,8,23,20,16,22,15,14,20,3,139
20401105607,7,15,22,15,11,16,11,25,4,128
20401105608,21,37,43,23,23,31,21,29,0,236
20401105609,52,59,69,35,52,17,32,37,8,352
20401105610,38,44,28,24,27,10,14,21,3,215
20401105611,21,34,45,33,34,9,21,26,4,221
20401105612,4,16,9,12,14,13,7,11,4,92
20401105614,18,44,42,27,26,26,17,30,5,235
20401105615,48,47,58,17,31,26,31,39,0,302
20401105616,25,50,31,21,32,17,15,26,6,216
20401105618,20,25,44,26,22,12,25,26,0,197
20401105619,35,55,74,36,40,27,29,25,12,335
20401105620,23,54,57,44,36,17,18,25,5,284
20401105621,21,19,33,30,21,8,19,29,5,185
20401105622,9,17,12,13,12,4,8,7,0,85
20401105623,20,9,17,4,16,14,14,16,10,118
20401105624,13,28,19,13,15,6,8,23,12,143
20401105625,25,28,24,20,17,12,24,19,8,177
20401105626,17,30,51,29,43,21,31,38,6,264
20401105627,4,12,21,16,4,12,13,20,10,107
20401105628,21,29,23,27,24,10,14,32,6,182
20401105629,18,14,16,17,12,8,7,7,0,100
20401105630,22,40,42,36,35,18,11,25,6,240
20401105631,22,18,31,14,22,5,16,8,5,144
20401105632,17,32,46,31,28,21,36,24,7,240
20401105633,19,20,25,24,24,15,23,30,6,176
20401105634,24,45,67,37,33,18,25,33,5,280
20401105635,23,43,72,64,47,37,35,43,4,369
20401105636,17,26,35,25,28,12,13,14,0,176
20401105637,14,24,39,30,41,20,21,34,6,224
20401105638,28,22,27,10,17,3,15,17,7,145
20401105701,39,23,19,12,18,13,7,19,0,141
20401105702,39,20,31,20,17,9,7,20,7,176
20401105703,65,46,50,40,31,32,21,47,6,335
20401105704,54,61,58,38,38,32,18,48,6,361
20401105705,88,63,92,46,68,50,28,31,5,473
20401105706,33,19,7,4,8,9,0,5,0,87
20401105708,24,35,9,25,5,4,3,10,0,116
20401105709,5,0,0,0,0,0,0,0,0,5
20401105710,28,24,26,26,16,20,14,9,4,156
20401105711,15,18,28,26,12,19,6,25,0,144
20401105712,17,22,27,17,15,14,0,19,0,135
20401105713,45,50,61,56,27,26,22,38,3,332
20401105714,60,71,74,36,39,42,21,34,6,391
20401105715,28,22,17,10,14,11,9,11,3,120
20401105716,51,40,26,20,13,20,13,33,4,228
20401105717,45,26,24,19,25,14,7,29,7,184
20401105718,16,16,24,13,14,13,16,21,0,122
20401105719,52,58,57,57,29,48,22,44,6,367
20401105720,23,15,18,57,8,4,11,21,10,166
20401105721,38,29,18,16,8,8,8,7,4,135
20401105722,44,30,26,19,16,13,14,21,5,193
20401105723,53,41,41,25,30,25,14,19,4,241
20401105724,20,36,35,19,20,11,13,5,0,163
20401105801,14,13,10,13,14,8,5,18,7,110
20401105802,75,29,38,18,12,25,7,34,6,241
20401105803,49,21,23,25,15,8,14,25,5,181
20401105804,33,15,18,17,14,7,9,24,0,144
20401105805,23,4,15,8,11,4,9,15,3,83
20401105806,16,9,19,17,14,9,9,32,0,128
20401105807,37,34,49,23,30,15,11,41,4,246
20401105808,12,16,20,8,8,4,9,26,5,114
20401105809,17,23,25,23,17,5,15,23,0,149
20401105810,0,5,0,0,0,0,0,0,0,5
20401105811,62,27,15,8,12,5,0,20,4,161
20401105812,21,10,19,7,11,3,6,15,8,89
20401105813,21,18,14,16,13,0,10,27,0,115
20401105814,27,45,45,51,31,24,16,33,7,284
20401105901,24,16,22,36,22,21,12,35,4,203
20401105902,16,30,30,31,24,14,13,26,3,182
20401105903,10,22,25,23,14,21,7,20,9,146
20401105904,16,4,10,7,10,0,3,18,0,68
20401105905,10,20,27,23,3,9,9,21,0,123
20401105906,35,28,44,37,32,17,20,31,0,235
20401105907,35,34,28,23,22,26,26,27,3,218
20401105908,20,11,17,6,11,0,4,13,0,82
20401105909,15,18,21,30,15,16,5,38,4,155
20401105910,13,10,15,5,9,14,5,26,0,104
20401105911,27,29,44,33,21,21,15,22,4,219
20401105912,14,19,17,23,13,15,11,42,0,160
20401105913,13,10,17,16,23,9,12,27,3,134
20401105914,23,18,35,35,28,21,7,26,4,196
20401105915,29,36,40,38,38,20,13,30,10,256
20401105916,9,9,20,9,3,7,12,23,0,88
20401105917,14,3,12,24,10,24,10,27,3,125
20401106001,35,34,26,14,18,4,4,13,0,144
20401106002,26,24,46,28,28,17,24,24,0,213
20401106003,6,18,13,16,9,3,13,6,4,93
20401106004,0,0,0,0,0,0,0,0,0,0
20401106005,46,32,42,33,27,15,14,50,5,255
20401106006,31,25,32,18,27,12,13,22,5,189
20401106007,46,33,23,19,16,20,17,22,0,191
20401106008,49,27,30,20,21,12,20,37,7,238
20401106009,53,27,40,20,28,8,17,15,8,212
20401106010,58,34,37,15,30,16,6,23,4,231
20401106011,131,88,24,282,53,18,75,21,11,687
20401106101,3,14,21,9,8,5,4,15,0,83
20401106201,45,17,40,12,15,12,17,26,7,193
20401106202,44,26,12,8,12,10,4,17,8,137
20401106203,14,30,30,30,25,18,14,23,3,183
20401106204,11,14,27,17,8,11,8,13,0,113
20401106205,74,51,54,23,37,18,27,41,10,325
20401106206,18,32,35,25,19,19,8,12,0,166
20401106207,35,25,40,15,18,6,18,28,6,188
20401106208,46,24,30,11,12,8,5,18,8,168
20401106209,62,34,11,7,14,7,5,17,3,153
20401106210,10,14,33,21,11,3,9,23,6,133
20402106301,10,29,28,21,15,22,15,20,5,163
20402106302,7,17,31,20,13,12,13,27,8,143
20402106303,10,20,10,14,7,5,7,17,4,89
20402106304,10,4,9,20,4,11,16,35,7,121
20402106305,8,14,13,15,4,4,3,12,4,80
20402106306,26,41,37,24,27,23,14,35,5,225
20402106307,21,46,37,40,29,28,23,44,9,276
20402106308,22,28,29,29,18,16,19,25,10,206
20402106309,25,25,28,27,29,17,12,17,4,180
20402106310,20,33,16,22,6,8,5,11,0,111
20402106311,17,32,16,21,26,15,6,17,8,155
20402106312,28,37,33,29,20,15,5,24,7,199
20402106313,6,23,21,18,24,7,8,20,0,130
20402106314,18,28,20,21,22,9,12,24,0,148
20402106315,5,22,20,14,8,8,4,7,0,81
20402106316,0,0,0,0,0,0,0,0,0,0
20402106317,3,16,29,15,14,13,11,20,3,141
20402106318,10,29,16,25,16,12,10,20,7,158
20402106319,13,29,29,37,21,16,16,38,3,193
20402106320,14,14,27,20,15,12,14,30,3,141
20402106321,30,24,29,26,12,12,19,26,3,174
20402106322,63,32,25,15,27,10,10,26,3,205
20402106323,14,5,7,11,0,4,12,7,0,67
20402106324,9,23,18,17,13,21,4,15,4,118
20402106325,5,36,18,24,16,11,12,22,4,160
20402106326,32,37,25,23,25,11,15,24,3,196
20402106327,32,40,45,44,28,23,11,28,4,254
20402106328,27,30,23,21,17,13,10,21,0,158
20402106329,21,25,32,17,18,14,14,18,0,153
20402106401,43,17,21,13,15,6,13,20,0,149
20402106402,91,54,42,34,19,18,12,42,7,315
20402106403,58,10,17,10,24,9,11,17,3,171
20402106404,48,38,56,21,18,22,21,44,0,275
20402106405,43,16,17,10,8,3,7,11,5,128
20402106406,63,46,46,30,26,15,28,40,5,288
20402106407,44,14,26,19,14,10,17,18,8,170
20402106408,70,47,30,26,25,16,13,27,3,262
20402106409,25,12,9,11,10,4,10,13,0,102
20402106501,14,14,19,14,4,12,9,24,4,107
20402106502,76,24,19,20,23,3,18,25,4,219
20402106503,13,22,23,21,14,9,12,26,7,147
20402106504,33,25,32,23,19,9,12,33,0,179
20402106505,8,21,24,16,15,7,10,33,4,131
20402106508,31,31,16,17,28,10,19,18,4,172
20402106509,23,22,18,15,21,8,7,18,0,139
20402106510,22,27,48,16,21,21,17,35,4,220
20402106511,18,13,24,16,10,12,9,17,3,121
20402106512,50,44,22,13,6,9,10,21,3,197
20402106513,28,41,30,36,25,13,25,47,4,253
20402106601,19,49,28,25,26,33,8,22,0,210
20402106602,60,102,39,48,49,34,17,40,6,396
20402106603,24,42,33,42,27,20,14,31,0,237
20402106604,11,38,16,28,15,9,13,25,0,150
20402106605,10,3,16,26,6,13,12,32,0,122
20402106607,19,48,29,28,27,16,12,16,5,191
20402106608,63,79,48,36,59,39,14,30,0,371
20402106609,24,50,17,18,8,25,3,19,9,176
20402106610,6,8,5,18,11,10,10,31,0,107
20402106611,17,60,20,45,23,22,17,25,0,224
20402106612,13,6,13,19,4,19,13,32,13,130
20402106613,13,21,34,26,21,27,8,16,8,173
20402106614,19,32,15,31,23,13,9,24,0,173
20402106615,23,40,44,53,38,27,14,48,3,303
20402106616,18,43,21,30,25,15,17,29,4,204
20402106617,43,77,39,38,40,33,15,32,0,322
20402106618,16,45,30,32,28,11,13,18,0,192
20402106619,16,4,27,36,13,18,22,41,0,167
20402106620,19,32,35,40,25,20,17,16,8,203
20402106621,12,47,15,27,17,15,4,11,0,157
20402106622,18,52,24,21,16,9,11,10,4,158
20402106623,25,42,44,40,19,19,13,18,0,220
20402106624,17,31,18,17,17,7,8,6,9,129
20402106625,17,38,36,25,19,20,16,11,5,187
20402106626,4,7,10,16,4,11,10,22,0,80
20402106627,9,12,24,15,10,6,16,20,3,120
20402106628,16,13,17,25,14,8,15,21,4,140
20402106629,17,32,38,38,27,20,18,36,6,227
20402106630,14,15,26,34,20,20,32,37,4,203
20402106631,17,25,29,20,17,18,24,32,3,167
20402106632,42,61,59,66,42,37,25,40,4,377
20402106633,5,14,8,13,8,11,3,15,0,77
20402106634,19,51,30,23,9,18,7,22,3,191
20402106635,23,54,22,24,20,15,8,17,0,192
20402106636,8,18,20,23,11,18,15,34,5,148
20402106637,12,12,23,16,15,16,10,21,0,126
20402106638,7,8,15,13,12,13,12,17,4,106
20402106639,0,8,5,0,0,0,3,0,0,27
20402106641,15,21,19,21,13,12,15,17,4,134
20402106642,26,53,35,31,30,21,10,35,0,244
20402106643,15,27,10,15,7,9,9,11,4,100
20402106644,9,22,14,10,4,3,4,18,0,90
20402106645,17,26,22,23,10,19,13,32,4,170
20402106646,23,36,41,30,20,29,26,29,0,248
20402106647,7,6,7,10,9,10,10,25,0,81
20402106648,14,22,14,15,12,12,4,15,0,108
20402106649,59,106,56,53,50,56,19,28,5,423
20402106650,20,47,35,36,35,22,16,21,13,243
20402106651,6,0,0,0,0,0,0,0,0,16
20402106701,31,17,26,15,18,18,13,31,0,170
20402106702,13,21,20,10,8,6,7,15,6,108
20402106703,57,68,28,41,32,24,22,29,6,300
20402106704,31,29,37,15,18,9,9,20,0,166
20402106705,30,33,33,23,18,27,21,34,7,212
20402106706,64,31,18,22,8,14,14,23,3,197
20402106707,22,25,19,21,15,10,15,14,4,148
20402106708,36,20,20,9,15,11,15,17,3,143
20402106709,34,23,14,16,10,12,8,15,0,139
20402106710,13,12,15,15,3,5,5,20,0,88
20402106711,33,15,17,7,11,0,8,14,4,115
20402106712,26,26,21,18,12,9,3,10,0,125
20402106713,30,56,47,33,21,12,6,31,6,248
20402106714,37,26,21,18,17,10,19,21,0,151
20402106715,33,17,20,11,11,16,11,26,3,153
20402106716,41,22,13,4,10,6,10,11,5,119
20402106717,49,50,40,21,26,17,8,12,5,227
20402106718,43,18,14,22,18,6,6,16,0,152
20402106719,53,28,13,17,15,3,9,26,4,174
20402106720,32,36,34,21,20,18,9,21,4,191
20402106721,22,29,29,22,16,10,14,18,0,172
20402106722,33,36,32,18,25,10,12,21,4,187
20402106723,45,48,21,15,16,18,10,14,3,194
20402106724,21,20,31,19,18,6,16,24,0,164
20402106725,19,43,17,30,22,21,6,15,3,170
20402106726,32,21,25,11,19,10,8,14,0,132
20402106727,53,22,15,13,10,7,14,15,6,156
20402106728,45,7,19,13,6,4,3,22,3,130
20402106729,77,35,26,30,15,9,5,33,0,234
20402106730,36,22,20,9,8,8,6,21,0,144
20402106731,41,20,13,8,4,6,3,16,5,107
20403106801,29,51,21,28,11,13,10,17,4,186
20403106802,44,48,23,30,14,8,6,15,4,200
20403106803,39,54,21,13,14,9,4,21,11,190
20403106804,34,49,23,15,24,12,4,25,0,180
20403106805,33,54,22,21,20,20,4,17,4,186
20403106806,23,44,8,15,11,15,0,3,0,123
20403106807,17,37,10,21,4,11,0,17,0,118
20403106808,34,76,28,36,22,14,9,13,0,233
20403106809,36,65,29,30,18,20,11,24,0,244
20403106810,43,62,32,31,19,10,10,24,7,238
20403106811,37,31,28,27,11,14,7,24,4,175
20403106812,34,58,20,44,20,15,13,32,0,237
20403106901,26,36,21,20,15,12,8,7,3,150
20403106902,22,14,20,14,10,10,5,8,0,108
20403106903,41,25,39,17,22,19,12,27,0,216
20403106904,18,43,28,20,3,16,4,14,3,148
20403106905,25,35,25,22,12,7,4,16,0,144
20403106906,30,31,34,23,10,12,8,23,8,174
20403106907,27,57,24,19,12,9,3,19,3,172
20403106908,5,0,0,0,0,0,0,0,0,8
20403106909,8,11,14,22,8,10,0,12,0,81
20403106910,18,22,18,19,9,15,9,14,4,119
20403106911,41,43,25,29,16,15,5,29,3,206
20403106912,20,17,22,10,9,0,0,18,0,102
20403106913,19,14,12,4,3,4,3,6,0,59
20403106914,19,22,33,20,19,11,6,17,3,143
20403106915,68,26,21,9,11,7,11,20,5,183
20403106916,37,32,19,13,9,13,11,14,0,160
20403106917,23,14,20,12,4,6,7,11,5,100
20403106918,30,36,17,10,7,6,7,7,0,114
20403106919,15,21,19,28,14,9,11,22,0,142
20403106920,0,0,0,0,0,0,0,0,0,0
20403106921,36,38,23,17,21,12,6,11,7,164
20403106922,38,43,30,26,23,15,8,20,5,207
20403106923,32,31,19,25,25,18,14,21,0,191
20403106924,29,42,33,28,13,17,9,20,0,186
20403106925,58,11,30,29,9,12,10,44,11,202
20403106926,40,27,39,22,8,12,9,18,11,194
20403106927,30,22,23,17,7,4,5,17,0,124
20403106928,58,29,25,14,18,5,6,18,0,184
20403106929,12,10,16,24,0,7,11,9,5,90
20403106930,20,15,7,20,10,4,3,11,0,91
20403106931,33,29,23,16,16,16,6,14,0,158
20403107001,24,26,48,38,38,31,39,27,5,280
20403107002,9,16,17,15,12,14,12,20,0,111
20403107003,17,32,26,21,19,23,14,16,0,158
20403107004,13,12,15,8,10,13,8,11,8,101
20403107005,60,41,43,31,43,20,23,38,11,305
20403107006,22,25,33,19,19,12,8,16,0,147
20403107007,27,19,30,9,13,4,15,14,3,138
20403107008,55,32,22,26,10,17,8,14,5,194
20403107009,15,24,26,28,11,18,22,11,3,161
20403107101,28,40,40,43,29,23,26,48,4,280
20403107102,58,24,13,11,18,12,11,11,4,163
20403107103,12,9,18,16,5,5,8,13,0,88
20403107104,10,10,10,4,4,3,6,8,6,68
20403107105,32,8,13,8,9,8,4,13,4,102
20403107106,23,42,17,14,13,7,12,18,0,143
20403107107,54,27,24,26,27,14,18,44,0,229
20403107108,13,32,25,19,16,14,12,17,0,143
20403107109,13,30,24,29,21,21,11,33,8,185
20403107110,14,16,13,11,4,10,9,16,3,85
20403107111,41,34,39,21,24,25,16,22,3,233
20403107112,19,18,28,28,13,28,23,29,7,195
20403107113,0,0,0,0,0,0,0,0,0,4
20403107114,12,17,21,18,15,13,10,18,0,136
20403107115,26,26,38,36,29,23,14,33,4,221
20403107201,12,22,19,7,14,5,6,0,4,93
20403107202,17,43,37,22,19,16,8,12,0,173
20403107203,12,15,10,3,13,7,8,12,3,80
20403107204,16,24,19,21,22,6,11,25,5,154
20403107205,9,19,3,8,10,9,5,21,5,88
20403107206,26,23,22,18,14,7,10,20,0,138
20403107207,50,45,23,18,13,3,9,12,4,175
20403107208,52,45,26,19,18,12,5,21,3,211
20403107209,36,13,12,3,5,6,5,15,0,102
20403107210,59,7,12,11,12,0,8,18,0,138
20403107211,77,17,29,15,13,17,12,19,8,200
20403107212,69,11,4,14,8,4,8,16,0,141
20403107213,22,28,31,31,24,9,22,29,4,211
20403107214,16,18,38,20,15,17,22,35,7,186
20403107215,0,0,0,0,0,0,0,0,0,0
20403107216,50,10,11,18,17,3,13,21,4,158
20403107217,38,11,12,11,8,4,6,12,0,104
20403107218,45,13,25,18,17,11,11,21,0,158
20403107219,73,23,15,12,21,10,11,26,5,204
20403107220,55,9,15,15,13,11,6,13,0,130
20403107301,0,3,3,6,0,8,12,23,0,65
20403107302,32,49,30,40,28,32,13,30,5,254
20403107303,12,15,12,22,19,17,19,27,0,146
20403107304,17,27,20,40,16,15,24,30,0,201
20403107305,23,39,41,39,35,27,31,46,6,283
20403107306,22,37,36,34,32,28,13,27,5,230
20403107307,15,26,42,34,23,15,14,51,9,223
20403107308,3,3,11,4,5,11,7,13,6,59
20403107309,3,9,25,18,14,13,10,19,0,114
20403107310,19,32,18,19,19,15,17,18,3,152
20403107311,11,18,35,25,23,20,23,24,7,189
20403107312,5,3,5,12,0,11,5,18,3,68
20403107313,30,42,31,29,21,17,10,21,0,211
20403107314,16,27,25,19,15,16,10,7,0,118
20403107315,28,45,35,27,38,24,16,22,3,245
20403107316,5,31,28,20,17,10,12,21,0,144
20403107317,15,26,30,15,17,8,10,15,0,129
20403107318,46,52,25,19,31,17,4,14,0,205
20403107321,26,29,35,17,30,23,14,23,0,194
20403107322,14,11,17,17,13,9,6,10,0,97
20403107323,19,38,43,37,31,31,13,17,6,240
20403107324,68,91,52,50,48,40,25,32,0,421
20403107325,24,40,27,32,33,35,15,21,12,239
20403107326,69,67,41,31,52,25,7,27,3,326
20403107327,20,16,21,29,12,20,14,20,0,162
20403107328,12,24,29,27,28,22,27,41,0,209
20403107329,13,19,31,29,22,25,14,25,8,179
20403107330,3,11,22,17,11,15,15,34,11,143
20403107331,14,23,29,39,25,25,22,28,12,213
20403107332,12,19,28,25,16,15,16,29,5,164
20403107333,19,20,40,30,34,29,32,29,5,232
20403107334,10,11,24,29,23,8,22,24,0,160
20403107335,8,16,19,13,20,15,9,11,3,110
20403107336,37,95,72,88,60,44,44,65,5,514
20403107337,26,33,16,15,25,18,6,14,4,157
20403107338,26,36,20,16,26,20,13,16,5,171
20403107339,65,39,23,17,30,31,9,30,3,253
20403107501,38,92,24,27,25,13,11,18,0,247
20403107502,26,39,21,22,16,19,25,26,7,197
20403107503,29,26,24,20,21,9,9,16,0,159
20403107504,16,42,19,13,22,14,12,16,0,147
20403107505,25,32,22,11,14,12,9,13,3,141
20403107506,63,56,26,22,14,15,13,24,4,231
20403107507,38,50,40,12,33,13,3,14,4,214
20403107508,42,16,27,3,20,10,10,0,6,131
20403107509,79,79,91,56,46,33,36,44,9,472
20403107510,96,43,26,23,25,14,18,29,8,277
20403107511,35,36,23,13,18,9,10,12,0,171
20403107512,41,74,28,16,24,20,4,17,0,231
20403149101,60,81,50,19,47,27,14,25,4,332
20403149102,25,21,49,156,36,10,33,4,3,333
20403149103,60,116,69,64,45,39,24,24,4,454
20403149104,30,53,38,46,41,18,16,22,9,269
20403149105,19,36,28,22,20,19,10,3,0,158
20403149106,18,43,36,29,34,23,10,12,0,199
20403149107,44,64,51,46,29,26,17,20,4,301
20403149108,24,41,20,44,25,22,8,34,4,220
20403149109,35,37,30,23,24,23,14,14,5,212
20403149110,0,0,0,0,0,0,0,0,0,3
20403149111,59,97,71,63,56,22,27,31,3,427
20403149112,15,31,17,16,29,14,4,11,4,138
20403149113,20,14,14,12,14,9,6,8,0,101
20403149114,43,78,55,33,33,14,13,14,3,293
20403149115,4,0,0,0,0,0,0,0,0,10
20403149116,48,27,19,7,23,12,9,10,5,171
20403149117,27,37,26,29,31,18,22,29,6,222
20403149118,16,23,23,22,21,13,12,9,3,137
20403149119,25,47,35,19,20,17,10,20,0,192
20403149120,20,52,26,32,13,16,20,8,0,181
20403149121,39,72,44,47,25,19,29,31,3,306
20403149122,21,46,37,26,34,12,8,14,0,208
20403149123,30,59,39,39,34,21,21,23,13,276
20403149124,28,58,30,55,27,15,27,27,10,283
20403149125,37,59,37,38,45,27,14,22,3,273
20403149126,0,4,0,0,0,0,0,0,0,4
20403149127,25,65,33,44,29,17,19,22,9,251
20403149128,23,26,13,23,13,12,9,16,0,129
20403149129,31,30,51,42,25,23,19,17,0,246
20403149130,6,9,178,42,0,0,10,0,7,256
20403149131,39,40,28,11,25,20,5,7,3,184
20403149201,32,55,16,24,22,17,6,11,0,176
20403149202,18,41,19,25,26,19,7,15,3,175
20403149203,13,13,41,24,24,15,20,25,5,173
20403149204,70,95,39,44,55,44,23,19,7,393
20403149205,12,26,21,18,14,3,9,16,0,119
20403149206,14,29,20,32,13,23,21,33,0,196
20403149207,43,53,72,66,45,43,25,48,6,413
20403149208,19,26,35,34,28,20,20,30,6,219
20403149209,9,16,20,11,9,17,16,32,4,124
20403149210,0,0,4,0,0,0,0,0,0,10
20403149211,16,46,35,41,29,16,17,24,3,229
20403149212,13,41,12,16,22,17,5,21,0,152
20403149213,11,20,27,23,10,23,16,10,0,137
20403149214,18,30,17,27,18,3,6,20,4,144
20403149215,16,22,19,9,16,15,6,9,5,119
20403149216,8,9,36,23,16,16,24,39,8,177
20403149217,14,32,36,27,25,11,22,30,6,191
20403149218,15,25,30,26,18,15,15,14,4,160
20403149219,20,41,25,28,26,20,21,39,0,230
20403149220,13,20,31,23,11,21,10,24,0,162
20403149221,3,9,12,6,7,13,9,12,0,64
20403149222,22,26,34,29,23,17,9,24,4,180
20403149223,16,26,22,29,25,14,23,33,3,192
20403149224,42,76,69,73,41,29,38,54,7,425
20403149225,14,34,28,20,7,13,16,15,0,142
20403149226,10,14,17,12,10,9,12,17,3,110
20403149227,0,0,0,0,3,0,4,0,0,10
20403149228,15,34,21,23,21,19,17,23,4,176
20403149229,9,26,30,22,22,18,12,22,4,154
20403149230,19,42,22,37,22,13,12,17,0,180
20403149231,13,31,37,32,18,17,15,26,4,184
20403149232,16,18,45,41,14,13,20,42,3,205
20403149233,6,17,24,12,16,10,7,10,3,108
20403149234,8,12,17,20,12,19,15,43,11,158
20403149235,12,34,33,17,18,17,15,19,4,171
20403149236,0,0,0,0,0,0,0,0,0,0
20403149237,12,35,43,57,19,28,27,41,3,262
20403149238,10,13,20,14,15,9,11,23,0,107
20403149239,11,9,32,25,22,13,24,20,4,160
20501107601,14,25,7,16,3,5,10,13,0,102
20501107603,13,18,20,16,3,10,3,20,0,107
20501107604,21,44,53,38,34,37,23,37,0,285
20501107605,6,10,20,10,7,5,5,26,0,90
20501107608,35,49,63,44,43,34,28,44,6,348
20501107610,27,51,55,28,41,33,20,31,7,288
20501107611,37,38,29,25,26,14,9,31,3,217
20501107612,19,22,27,17,12,15,5,14,0,132
20501107613,68,23,50,13,21,16,23,33,4,237
20501107615,31,20,19,8,13,0,9,23,0,119
20501107619,26,28,33,25,20,19,15,22,0,188
20501107620,58,67,80,54,41,33,26,50,7,416
20501107622,11,19,22,17,16,11,4,11,0,116
20501107623,18,14,14,8,9,5,10,16,0,96
20501107624,26,22,21,15,13,12,15,21,3,142
20501107625,23,8,5,11,0,0,9,10,5,67
20501107626,9,3,12,12,5,3,13,10,0,72
20501107627,6,12,17,16,9,10,10,18,6,94
20501107628,9,25,20,10,19,13,7,24,4,130
20501107629,29,50,33,37,27,20,21,28,5,254
20501107630,16,19,14,16,15,18,11,18,6,128
20501107632,25,37,42,40,36,26,18,49,3,275
20501107633,29,21,21,5,10,4,0,8,4,98
20501107635,11,24,26,26,19,15,29,28,4,182
20501107636,25,31,50,39,31,18,22,43,7,268
20501107637,30,46,65,58,33,28,25,52,5,344
20501107638,14,41,40,31,24,20,16,33,4,221
20501107639,29,36,33,29,31,14,9,29,4,217
20501107640,21,15,36,16,14,14,13,28,5,164
20501107641,11,34,35,18,14,12,14,15,0,153
20501107642,31,35,63,35,36,33,28,44,10,307
20501107643,27,46,31,20,29,25,19,32,4,231
20501107644,10,13,21,7,19,17,4,20,0,115
20501107645,14,25,19,31,16,11,17,18,10,166
20501107646,14,26,40,31,26,28,16,40,3,227
20501107647,42,78,79,52,57,33,26,36,3,403
20501107648,16,34,50,31,29,24,17,15,5,219
20501107649,39,34,40,13,22,4,12,19,4,185
20501107650,23,20,29,29,18,17,9,20,4,173
20501107651,8,9,30,21,19,0,17,17,3,129
20501107652,22,19,19,11,12,21,17,13,4,151
20501107653,18,24,33,33,22,4,10,14,0,160
20501107654,51,26,25,19,14,13,10,27,3,180
20501107655,17,23,31,12,35,16,17,23,0,180
20501107656,19,26,37,30,30,27,21,30,4,217
20501107657,22,37,44,40,31,24,27,41,5,280
20501107701,4,0,3,0,0,0,4,0,0,19
20501107702,25,22,15,14,8,4,7,3,0,101
20501107703,27,14,16,9,9,11,6,10,6,103
20501107704,35,14,17,14,12,3,3,18,0,129
20501107705,27,17,30,28,13,4,9,17,3,158
20501107706,0,0,0,0,0,0,0,0,0,0
20501107707,0,0,0,0,0,0,0,0,0,5
20501107708,21,20,27,14,17,14,10,22,0,144
20501107709,47,51,46,41,36,27,29,43,6,321
20501107710,12,19,24,13,14,9,6,14,0,109
20501107711,6,5,18,13,7,0,16,12,0,84
20501107712,75,54,62,25,22,19,12,30,7,305
20501107713,45,20,33,17,26,13,15,31,3,204
20501107714,56,34,36,11,34,15,12,22,5,216
20501107715,28,44,35,17,22,7,15,29,6,208
20501107716,23,44,33,17,24,26,8,23,6,200
20501107717,46,21,28,19,19,12,3,11,0,163
20501107718,0,0,0,0,0,0,0,0,0,0
20501107719,43,31,46,20,27,15,21,26,8,232
20501107720,25,10,15,9,7,10,7,10,0,98
20501107721,51,32,28,21,17,10,11,26,5,194
20501107722,27,19,19,8,12,5,5,15,0,121
20501107801,39,67,72,52,36,46,36,47,7,409
20501107802,30,24,29,10,10,10,6,19,5,141
20501107803,22,11,21,14,17,9,9,13,3,112
20501107804,36,20,20,17,16,5,10,22,8,155
20501107805,44,24,13,15,15,8,8,23,3,149
20501107806,20,36,32,51,17,17,12,25,0,213
20501107807,41,24,19,19,10,17,14,13,0,163
20501107808,18,31,41,20,26,11,22,33,0,202
20501107809,13,32,23,20,29,16,18,22,5,177
20501107810,7,24,12,13,17,9,7,14,0,108
20501107811,67,112,65,68,66,44,49,58,6,523
20501107812,42,49,55,47,43,27,13,43,7,332
20501107813,9,25,13,8,5,8,3,16,0,92
20501107814,44,23,42,29,22,17,14,28,0,224
20501107815,24,12,18,13,7,6,15,14,0,103
20501107816,17,8,5,0,10,3,4,9,0,71
20501107817,64,31,31,21,19,16,13,28,0,222
20501107818,32,16,13,6,8,5,9,11,0,103
20501107819,34,29,18,10,13,13,3,12,3,145
20501107820,16,13,21,19,6,11,9,9,3,117
20501107821,12,18,22,13,18,11,9,12,3,124
20501107901,17,31,25,14,13,11,5,17,0,140
20501107902,27,59,47,49,29,32,15,29,0,287
20501107903,26,57,25,28,27,13,0,21,0,201
20501107904,28,81,39,34,26,24,12,23,3,269
20501107905,19,69,38,39,23,28,15,37,5,269
20501107906,13,30,17,11,7,13,7,51,0,148
20501107907,38,41,44,36,36,13,17,18,0,251
20501107908,63,40,26,14,15,16,11,17,4,199
20501107909,13,21,16,23,8,3,7,37,4,130
20501107910,39,57,32,37,24,12,11,26,3,239
20501107911,20,44,15,17,15,7,3,26,0,159
20501107912,9,31,24,16,23,7,6,21,7,144
20501107913,31,32,25,27,22,16,12,36,0,203
20501107914,40,28,28,18,12,11,8,14,4,165
20501107915,45,27,34,14,16,14,11,13,0,176
20501107916,24,45,33,26,20,22,12,15,4,208
20501107917,18,28,31,25,24,17,23,24,3,189
20501107918,11,17,27,13,17,15,12,11,0,120
20501107920,43,29,20,7,17,10,8,22,4,175
20501107921,44,78,39,33,37,35,11,29,4,303
20501107922,26,49,26,19,28,29,17,24,4,210
20501107923,22,40,21,28,19,16,12,28,4,198
20501107924,7,11,13,18,12,3,10,10,3,78
20501107925,17,25,21,16,24,15,7,13,0,134
20501107926,15,35,30,21,19,15,9,11,7,163
20501107927,23,55,26,46,24,24,18,58,6,279
20501107928,34,89,50,54,50,28,16,49,9,382
20501107929,17,25,27,18,17,19,15,36,0,183
20501107930,31,64,23,25,31,18,10,16,0,221
20501107931,22,32,12,29,26,8,15,20,3,168
20501107932,30,63,39,34,30,14,10,25,7,254
20501107933,13,40,21,19,38,18,12,20,0,186
20501107935,11,21,23,20,8,9,13,38,0,145
20501107936,66,39,38,32,19,11,16,26,3,244
20501107938,49,53,31,20,23,18,12,29,0,225
20501107939,0,18,22,22,15,14,14,32,0,149
20501107940,38,43,26,21,18,17,8,14,0,189
20501107941,0,0,0,0,0,0,0,0,0,0
20501107942,19,47,31,31,32,20,16,32,7,231
20501107943,57,98,58,48,54,34,20,42,12,418
20501107944,43,53,64,28,59,25,25,44,8,341
20501107946,54,83,65,59,43,18,20,52,4,397
20501107947,29,76,46,48,32,25,23,30,3,307
20501107948,24,24,26,16,20,4,3,15,4,141
20501107949,27,41,32,25,20,14,9,9,0,172
20501107950,31,61,32,38,38,26,21,33,0,287
20501107951,17,57,28,36,22,11,6,23,0,206
20501107952,17,14,20,10,11,4,13,16,9,118
20501107953,28,56,39,28,27,16,12,26,0,239
20501107954,26,56,38,42,27,22,17,32,5,268
20501107955,48,60,53,40,44,26,19,31,0,330
20502108001,0,0,0,0,0,0,0,0,0,0
20502108101,11,9,10,10,10,12,4,7,0,73
20502108104,76,97,84,68,59,53,43,40,12,543
20502108105,27,53,48,31,23,25,14,24,4,251
20502108106,20,41,41,27,37,19,10,36,0,239
20502108107,37,51,38,30,40,36,20,31,3,280
20502108109,31,27,40,34,30,31,35,55,3,299
20502108110,18,15,23,35,18,16,16,67,0,207
20502108111,10,14,16,17,8,10,3,13,4,96
20502108112,22,39,12,28,29,14,3,24,9,175
20502108113,22,37,27,37,26,24,19,22,4,228
20502108114,21,48,41,31,22,18,4,36,3,222
20502108115,8,14,11,3,8,7,6,14,0,81
20502108116,11,27,15,27,9,20,9,26,12,152
20502108117,18,33,32,35,23,30,21,37,4,224
20502108118,15,31,17,20,16,15,4,19,0,145
20502108119,9,18,15,9,9,10,3,3,0,81
20502108120,19,36,31,36,13,23,18,36,4,214
20502108121,6,19,28,12,10,12,12,26,5,124
20502108122,25,39,36,32,33,24,8,28,0,221
20502108123,10,29,17,24,20,14,16,24,4,153
20502108124,3,28,19,17,10,13,9,21,8,124
20502108125,17,35,37,41,30,30,16,56,7,266
20502108126,18,27,22,29,9,15,9,17,3,156
20502108127,0,11,9,16,12,22,13,23,3,104
20502108128,20,22,19,18,17,17,11,35,3,167
20502108129,3,6,8,11,3,7,5,13,0,57
20502108130,0,3,5,8,4,6,6,17,0,53
20502108131,46,69,45,35,45,44,20,39,5,355
20502108132,13,17,11,19,9,16,0,11,4,114
20502108133,19,38,33,23,33,15,11,28,6,207
20502108134,17,40,26,28,25,28,8,40,7,220
20502108135,0,0,0,0,0,0,0,0,0,0
20502108136,14,27,20,25,12,17,8,14,0,136
20502108137,36,40,38,30,30,26,12,26,7,245
20502108138,12,13,23,24,15,12,6,5,4,112
20502108139,17,21,27,23,19,8,9,15,0,144
20502108201,36,8,8,0,8,3,7,25,0,91
20502108202,29,35,45,21,21,18,25,60,9,255
20502108203,77,52,49,45,35,24,34,58,6,387
20502108204,38,16,41,12,17,18,7,31,4,186
20502108205,38,29,29,23,20,8,18,22,3,186
20502108206,17,16,20,13,12,6,7,15,0,116
20502108207,13,17,20,22,15,12,5,17,4,135
20502108208,29,11,16,17,13,7,14,11,4,115
20502108209,48,7,4,10,0,7,8,14,5,108
20502108210,33,13,12,7,4,8,3,12,3,92
20502108211,60,33,21,15,13,0,12,22,9,187
20502108212,20,25,31,35,15,10,19,20,4,176
20502108213,12,11,18,18,9,10,13,10,3,96
20502108214,23,14,8,17,8,8,14,9,3,112
20502108215,27,28,37,22,18,8,12,15,3,171
20502108216,28,13,32,18,13,16,5,22,3,160
20502108217,0,3,4,6,7,4,6,12,0,44
20502108218,43,49,37,34,38,26,23,34,11,291
20502108219,40,36,49,33,29,20,18,32,16,269
20502108220,53,9,6,7,9,0,7,11,8,103
20502108221,15,8,11,6,7,10,7,11,3,82
20502108222,26,39,19,23,30,10,5,7,0,165
20502108223,19,3,9,10,8,3,6,10,5,67
20502108224,38,13,20,14,7,11,15,19,8,147
20502108225,22,27,23,20,11,5,9,21,3,147
20502108301,0,0,0,0,0,0,0,0,0,0
20502108401,9,11,12,20,17,13,7,22,0,122
20502108402,19,25,18,17,10,13,9,27,5,130
20502108403,4,6,14,18,7,4,7,24,0,86
20502108404,18,18,35,33,21,30,10,38,0,212
20502108405,13,18,30,30,16,14,5,22,5,161
20502108406,47,47,52,43,44,21,18,33,18,308
20502108407,45,30,31,18,25,16,11,23,4,207
20502108408,21,10,17,18,9,13,9,18,3,116
20502108409,24,26,18,25,21,9,12,27,0,160
20502108410,24,25,25,31,20,17,7,24,9,175
20502108411,22,23,36,22,23,20,15,16,4,176
20502108412,30,26,11,11,17,12,4,13,0,129
20502108413,17,20,24,15,16,9,7,16,0,125
20502108414,12,17,14,11,6,10,4,9,0,88
20502108415,11,3,6,9,8,9,0,15,3,65
20502108416,23,48,26,38,22,14,15,23,10,210
20502108417,12,11,14,19,10,10,4,10,4,95
20502108418,20,17,7,21,9,6,5,21,0,100
20502108419,5,10,14,21,10,9,6,9,0,83
20502108420,17,15,12,15,10,16,6,13,0,100
20502108421,28,11,20,16,8,16,0,17,6,121
20502108422,0,0,0,0,0,0,0,0,0,0
20502108423,19,26,15,20,10,3,0,14,0,114
20502108424,23,40,16,25,17,18,8,26,9,182
20502108425,15,25,22,20,19,7,8,25,0,153
20502108426,23,26,13,17,19,0,10,8,0,117
20502108427,39,46,38,51,29,24,6,18,5,260
20502108428,21,19,19,18,15,8,8,13,7,123
20502108501,3,0,4,14,0,12,4,11,3,58
20502108502,4,5,9,12,8,5,6,23,4,75
20502108503,7,13,11,12,7,8,5,14,0,81
20502108504,3,16,4,23,12,9,6,18,0,103
20502108505,42,61,21,31,13,11,17,11,3,221
20502108506,12,12,5,10,7,12,8,18,3,106
20502108507,7,13,11,14,6,8,6,16,0,81
20502108508,0,6,0,0,0,0,0,0,0,15
20502108509,17,14,15,17,11,3,9,18,4,115
20502108510,6,5,8,9,0,0,5,7,6,41
20502108511,48,18,3,13,18,12,13,25,4,141
20502108512,35,6,9,8,9,6,9,13,0,90
20502108513,41,10,12,10,14,3,9,17,0,118
20502108514,30,20,21,24,20,14,27,23,3,190
20502108515,57,24,15,21,12,4,13,29,0,176
20502108516,62,12,12,27,21,14,11,16,0,173
20502108517,42,19,12,10,3,0,3,10,6,96
20502108518,20,23,27,11,9,9,7,23,5,138
20502108519,24,19,22,14,16,16,0,40,0,149
20502108520,32,22,22,23,14,6,3,14,0,137
20502108521,19,23,4,11,0,3,6,7,0,79
20502108522,22,19,26,19,10,5,0,28,0,135
20502108601,39,19,10,6,10,10,3,12,0,109
20502108602,24,36,27,23,19,24,10,19,0,172
20502108603,21,48,28,30,30,13,11,20,3,212
20502108604,74,78,55,48,41,41,23,52,7,422
20502108605,30,35,23,23,30,22,5,7,7,193
20502108606,22,44,38,34,23,19,13,34,6,233
20502108607,16,33,24,32,25,12,5,11,3,161
20502108608,13,13,9,17,13,6,8,9,0,91
20502108609,14,24,14,19,15,8,4,12,6,105
20502108610,17,22,34,30,17,23,14,21,0,183
20502108611,13,9,15,8,6,10,6,7,0,78
20502108612,14,21,14,8,12,13,3,17,0,100
20502108613,3,6,11,11,6,5,4,3,0,43
20502108614,7,13,21,22,8,15,6,18,0,119
20502108615,19,32,7,15,6,11,0,5,0,93
20502108616,11,24,20,25,17,12,8,8,0,117
20502108617,0,0,0,0,0,0,0,0,0,0
20503108701,28,55,37,28,15,12,8,14,7,203
20503108702,18,29,21,15,12,7,0,9,0,120
20503108703,14,21,19,16,9,5,0,8,9,101
20503108704,48,31,9,7,15,14,10,17,0,140
20503108705,39,35,25,14,16,9,10,20,8,164
20503108706,16,24,8,18,6,12,9,21,0,112
20503108707,6,18,24,21,12,13,7,17,0,127
20503108708,13,9,9,3,9,3,3,16,0,69
20503108709,57,15,28,21,17,10,14,39,6,200
20503108710,16,10,13,10,3,4,3,15,5,79
20503108711,48,33,30,26,25,15,8,45,11,236
20503108712,15,19,19,20,11,13,11,11,0,110
20503108713,17,20,22,27,7,10,12,26,0,138
20503108714,33,31,43,25,24,16,18,43,3,241
20503108715,57,16,33,24,24,9,11,27,6,199
20503108716,70,28,25,34,20,9,8,29,4,228
20503108717,44,18,13,10,13,8,8,16,0,130
20503108718,39,17,14,6,11,8,4,13,11,113
20503108719,103,36,19,21,19,22,8,31,12,277
20503108720,94,49,40,16,33,22,5,30,7,298
20503108721,41,33,15,10,9,3,0,11,0,128
20503108722,76,24,18,14,3,9,9,27,7,204
20503108723,66,30,24,24,15,12,10,21,4,207
20503108724,10,11,4,8,14,6,7,13,0,69
20503108725,17,16,5,12,4,9,3,18,0,85
20503108801,22,8,0,4,0,3,4,4,4,57
20503108901,20,25,35,30,22,25,13,28,5,201
20503108902,30,14,28,15,23,18,16,42,0,183
20503108903,55,31,18,15,20,10,13,23,3,184
20503108904,23,37,54,32,31,23,20,25,0,229
20503108905,19,24,28,32,14,17,14,28,4,182
20503108906,14,13,17,25,8,10,9,16,3,109
20503108907,33,23,37,25,22,20,14,28,9,211
20503108908,52,60,63,62,44,32,43,58,5,424
20503108909,16,13,35,21,11,16,10,27,6,154
20503108910,31,22,17,8,15,10,6,6,0,136
20503108911,38,21,27,21,17,21,22,21,3,199
20503108912,63,29,45,31,30,11,9,23,6,252
20503108913,41,30,25,15,12,11,8,4,4,160
20503108914,27,19,46,25,25,14,28,18,8,212
20503108915,42,25,12,8,8,6,10,13,0,130
20503108916,59,17,24,13,15,0,8,9,4,152
20503108917,46,37,31,11,15,14,10,24,10,203
20503108918,45,34,34,18,27,12,11,15,4,201
20503108919,65,53,71,34,45,15,38,37,3,367
20503108920,39,26,19,10,15,7,7,22,4,148
20503108921,20,20,45,31,24,34,12,44,5,238
20503108923,29,9,13,13,11,5,5,11,4,100
20503108924,11,12,14,5,8,11,12,13,5,91
20503108925,21,29,20,20,9,12,9,12,5,132
20503109001,43,29,23,16,15,18,13,14,5,185
20503109002,0,14,13,14,7,15,11,27,3,106
20503109003,22,60,52,29,39,15,9,22,7,256
20503109004,21,30,28,19,17,26,7,17,0,181
20503109005,16,25,29,20,13,20,14,21,0,152
20503109006,11,21,29,19,15,15,7,14,0,154
20503109007,13,21,19,24,18,8,16,22,0,144
20503109008,19,45,39,27,18,12,16,20,6,197
20503109009,12,32,24,12,14,12,5,25,4,142
20503109010,10,25,30,16,20,20,4,8,3,137
20503109011,29,49,29,37,23,23,16,36,0,238
20503109012,84,44,38,16,13,16,11,31,5,245
20503109013,65,45,41,20,32,16,15,16,0,242
20503109014,47,40,39,13,20,21,11,13,0,207
20503109015,98,44,42,30,32,23,22,36,7,342
20503109017,104,44,56,25,28,28,19,24,0,318
20503109018,19,51,54,38,33,28,32,40,9,309
20503109019,101,29,26,26,17,13,20,21,12,259
20503109020,26,28,24,20,20,20,13,14,0,153
20503109021,9,11,29,24,13,20,15,22,0,154
20503109022,22,20,29,18,20,7,8,20,4,154
20503109024,13,35,20,18,18,13,13,19,0,146
20503109025,14,37,21,13,13,11,5,12,0,123
20503109026,8,22,16,17,21,6,10,15,6,116
20503109027,31,17,19,19,14,12,8,20,5,142
20503109028,9,14,17,6,4,10,7,9,0,70
20503109029,35,57,35,32,33,33,17,35,0,281
20503109101,13,12,15,13,10,11,4,20,3,101
20503109103,39,55,40,26,23,16,3,14,9,233
20503109105,27,26,18,12,11,18,4,18,0,141
20503109106,34,29,20,23,9,5,4,17,4,146
20503109109,27,36,36,35,20,22,11,31,11,220
20503109110,26,28,17,13,20,8,3,7,0,115
20503109111,23,44,25,22,16,6,4,12,0,157
20503109112,18,18,43,32,14,12,8,32,3,186
20503109114,22,13,13,4,12,8,3,5,0,88
20503109115,59,44,54,30,33,41,3,24,3,287
20503109116,38,43,30,27,18,12,5,21,3,190
20503109117,10,26,29,6,13,15,4,18,7,132
20503109118,22,32,27,23,13,15,3,11,9,148
20503109123,32,43,27,16,25,17,4,17,0,194
20503109124,0,0,0,0,0,0,0,0,0,0
20503109125,14,23,36,19,25,26,12,27,5,179
20503109126,13,18,27,26,13,26,4,11,6,143
20503109127,17,37,22,19,17,15,5,17,4,143
20503109128,9,15,25,17,13,20,4,19,0,116
20503109129,18,22,11,8,7,8,0,3,0,73
20503109130,37,44,39,39,34,28,7,28,3,272
20503109131,9,11,9,17,4,13,8,25,0,106
20503109132,25,35,36,28,14,9,4,16,0,167
20503109133,19,19,15,3,10,13,8,8,0,99
20503109134,18,11,19,19,0,12,3,11,3,94
20503109135,25,27,22,27,22,29,7,21,3,190
20503109136,35,51,33,29,23,27,13,20,0,223
20503109137,17,30,23,24,17,12,3,22,0,148
20503109138,31,42,53,34,29,21,9,31,3,247
20503109139,39,49,53,50,30,30,14,31,10,304
20503109140,32,24,21,13,12,11,4,17,0,124
20503109141,30,51,46,33,16,15,3,21,0,213
20503109142,13,32,29,16,7,12,8,20,0,130
20503109143,11,15,25,14,6,18,3,19,0,116
20503109144,11,19,12,12,3,7,0,18,6,87
20503109201,0,4,0,0,0,0,0,0,0,8
20503109302,33,57,20,31,14,21,4,17,0,196
20503109303,18,39,29,19,11,11,12,15,0,163
20503109304,39,50,27,12,16,26,3,17,9,193
20503109305,26,15,20,7,8,8,0,14,0,107
20503109306,76,38,25,21,30,16,12,24,7,255
20503109307,30,21,9,8,10,3,8,6,0,101
20503109308,10,11,36,20,20,15,19,23,4,156
20503109309,37,26,24,13,19,8,14,9,0,158
20503109310,41,22,36,23,29,21,17,23,5,218
20503109311,0,0,0,0,0,0,0,0,0,0
20503109312,30,52,60,57,28,47,25,61,4,356
20503109313,39,28,20,21,17,18,12,12,4,178
20503109314,15,25,22,25,9,19,3,13,5,128
20503109315,17,38,35,36,17,37,7,18,0,224
20503109316,7,8,10,14,8,9,4,14,0,69
20503109317,33,40,46,30,32,26,7,38,0,249
20503109318,12,16,32,33,11,27,15,23,5,166
20503109319,17,25,41,24,21,27,16,46,10,233
20503109320,52,24,29,10,26,8,25,19,7,203
20503109321,35,46,22,16,16,10,6,12,4,163
20503109322,24,31,29,28,18,13,8,11,3,173
20503109324,40,56,32,22,18,35,4,18,3,228
20503109325,46,37,23,12,10,4,7,9,6,155
20503109326,16,26,28,33,11,32,8,25,3,179
20503109327,39,40,20,24,24,19,3,20,4,187
20503109328,23,29,32,12,10,14,8,18,0,145
20503109329,38,66,15,21,24,13,0,5,5,186
20503109330,40,74,25,34,26,11,3,34,4,255
20503109331,14,17,34,28,12,25,14,25,0,170
20503109332,16,14,40,28,18,42,5,32,9,209
20503109333,15,21,28,28,15,29,15,33,10,188
20503109334,27,44,25,23,31,11,9,14,3,179
20503109336,53,55,39,36,41,18,16,16,4,277
20503109337,38,57,40,29,39,16,11,23,5,259
20503109338,42,14,32,25,21,20,21,35,6,206
20503109340,18,28,17,24,14,34,12,19,6,169
20503109341,11,21,27,24,12,17,24,22,3,160
20503109343,51,50,74,61,28,34,22,62,7,399
20503109344,76,62,89,60,44,51,20,27,7,435
20503109345,18,24,16,19,7,16,10,18,8,132
20503109346,22,28,36,35,24,17,25,30,0,220
20503109348,7,21,16,5,16,13,11,6,0,102
20503109349,29,39,23,9,18,13,4,3,4,142
20503109351,15,14,13,9,5,5,4,9,0,69
20503109352,14,21,32,25,23,20,17,24,7,185
20503109353,13,31,26,15,15,18,4,20,0,144
20503109354,8,15,12,3,5,0,0,6,3,52
20503109355,4,16,26,16,15,16,5,23,0,124
20503109356,50,97,37,38,37,36,7,31,8,330
20503109358,21,45,43,43,32,33,18,33,0,266
20503109359,15,16,20,16,14,12,11,21,4,127
20503109360,23,37,25,23,13,14,0,11,0,138
20503109361,31,34,51,39,28,28,19,22,6,253
20503109362,17,18,17,9,11,6,14,5,9,107
20503109363,12,21,27,22,16,17,19,25,5,159
20503109364,10,31,11,15,12,5,0,6,0,87
20503109365,8,17,17,14,8,11,13,19,7,109
20503109366,13,16,17,11,11,8,4,10,0,92
20503109367,11,9,13,11,13,12,6,15,0,86
20503109368,33,37,41,35,44,15,17,20,8,243
20504109401,7,11,7,15,5,13,7,14,4,87
20504109402,13,21,25,29,13,19,7,21,0,146
20504109403,9,9,20,21,13,11,12,28,4,123
20504109404,23,22,26,11,19,9,14,14,4,137
20504109405,28,45,48,31,45,20,20,21,4,261
20504109406,11,20,18,12,16,7,6,7,0,95
20504109407,25,47,52,31,38,23,21,17,0,264
20504109408,29,34,19,17,20,9,11,15,0,150
20504109409,30,12,11,11,14,5,6,7,3,103
20504109410,27,37,52,46,34,14,22,30,4,274
20504109411,16,22,23,32,17,17,14,35,3,179
20504109412,0,8,0,5,0,0,0,5,0,9
20504109413,54,57,88,42,60,33,33,36,6,407
20504109414,17,42,36,25,27,20,21,25,8,218
20504109415,37,32,33,30,19,17,17,21,6,204
20504109416,37,26,42,19,21,11,10,18,0,185
20504109417,18,27,38,12,25,14,16,27,4,181
20504109418,18,21,8,13,20,7,10,13,3,107
20504109419,11,15,30,17,19,11,8,12,8,130
20504109420,35,30,42,27,14,12,22,11,11,200
20504109421,17,24,25,15,24,17,14,18,5,156
20504109422,11,7,11,13,13,4,5,14,0,67
20504109423,15,21,27,17,19,9,14,19,0,138
20504109424,21,28,26,9,20,16,18,6,0,144
20504109425,8,22,17,25,20,18,10,25,5,140
20504109426,9,10,10,16,5,11,9,12,0,83
20504109427,12,22,24,18,9,11,5,9,0,110
20504109429,22,59,62,45,37,22,20,22,0,277
20504109430,7,16,15,25,15,12,3,9,0,114
20504109432,0,0,0,0,0,0,0,0,0,0
20504109434,13,25,25,18,19,8,14,11,3,128
20504109435,6,20,19,9,17,8,5,8,0,92
20504109436,16,16,14,14,11,12,7,13,4,105
20504109437,19,15,15,10,14,6,9,10,5,102
20504109501,9,7,14,21,8,0,10,7,5,82
20504109502,11,24,35,25,18,15,10,30,5,182
20504109503,7,10,16,17,16,11,8,23,0,114
20504109504,5,11,25,24,12,14,6,32,0,135
20504109505,12,10,20,20,14,15,20,26,9,144
20504109506,11,16,35,16,15,19,11,21,3,146
20504109507,4,9,15,16,13,18,16,12,4,108
20504109508,10,14,11,18,18,8,7,17,3,96
20504109509,29,32,48,20,19,16,14,20,5,217
20504109510,0,0,0,0,0,0,0,0,0,6
20504109511,18,32,37,47,30,23,13,27,7,217
20504109512,4,15,26,29,14,10,18,44,4,160
20504109514,23,46,30,31,25,15,17,18,4,205
20504109515,19,21,69,46,34,41,25,49,3,320
20504109516,10,13,32,25,24,17,21,28,4,170
20504109517,7,17,45,28,28,17,13,25,3,187
20504109518,15,40,41,43,24,20,10,14,3,204
20504109519,15,26,44,24,20,18,8,15,4,168
20504109520,46,62,79,47,56,32,33,36,9,394
20504109521,16,19,25,21,14,13,9,15,3,133
20504109522,3,13,13,23,16,10,7,17,5,108
20504109523,24,16,36,26,39,27,21,12,3,209
20504109524,8,10,15,23,20,16,7,13,9,120
20504109525,17,12,34,26,27,23,17,31,3,186
20504109526,38,50,56,33,33,26,20,28,9,282
20504109527,18,32,32,32,21,29,9,33,3,197
20504109528,3,24,21,28,24,21,8,22,6,160
20504109529,16,24,40,41,23,14,12,27,3,202
20504109530,15,25,32,28,16,13,7,24,0,158
20504109531,14,27,42,24,23,12,12,10,5,163
20504109532,32,23,51,35,49,20,19,28,6,267
20504109533,4,4,14,19,16,9,10,20,6,94
20504109534,11,8,20,26,5,24,6,32,5,131
20504109535,15,24,42,33,29,7,11,26,6,198
20504109536,10,12,18,15,13,5,11,23,3,110
20504109537,12,13,10,37,12,16,8,20,3,126
20504109538,3,13,16,16,11,11,12,17,5,113
20504109539,0,0,0,5,0,0,0,0,0,3
20504109540,31,38,64,26,45,23,23,23,3,273
20504109601,44,57,69,59,76,50,44,54,7,467
20504109602,3,3,9,8,10,7,7,10,0,54
20504109603,15,27,28,23,27,20,14,20,8,183
20504109604,0,0,0,0,0,0,0,3,0,3
20504109605,9,16,17,10,20,20,6,19,5,127
20504109606,8,9,22,23,18,8,6,24,3,119
20504109607,7,11,19,9,23,14,16,23,8,121
20504109608,0,0,11,16,6,8,4,17,5,68
20504109609,15,20,32,31,21,32,16,29,7,202
20504109610,7,3,12,23,17,8,13,20,0,106
20504109611,8,7,17,10,10,14,10,29,0,112
20504109612,11,10,18,13,12,8,22,20,0,121
20504109613,5,5,21,26,26,23,12,26,7,151
20504109614,7,6,20,15,12,16,13,26,3,118
20504109615,11,13,15,21,12,8,9,12,3,100
20504109616,6,13,19,16,17,12,7,19,8,108
20504109617,11,15,14,15,11,12,9,16,0,92
20504109618,10,27,25,22,12,17,3,15,4,140
20504109619,13,30,28,32,30,15,14,23,0,171
20504109620,3,11,13,20,19,16,9,22,8,115
20504109621,11,15,17,22,7,10,9,16,0,106
20504109622,10,3,21,12,11,22,4,18,4,116
20504109623,12,31,25,34,20,17,14,30,0,188
20504109624,9,32,35,24,22,13,24,25,6,192
20504109625,5,0,0,0,0,0,0,0,0,5
20504109626,8,20,19,32,29,19,12,22,3,163
20504109627,16,9,20,24,17,5,12,21,3,133
20504109628,19,21,41,24,43,31,18,34,3,232
20504109629,4,12,15,17,13,12,8,5,5,97
20504109630,16,25,24,21,31,20,12,21,3,169
20504109631,11,7,20,22,12,5,8,14,0,104
20504109632,0,11,10,12,8,11,9,18,0,86
20504109633,3,16,13,24,12,19,7,31,0,129
20504109634,10,12,26,26,28,28,17,25,6,173
20504109636,0,0,0,0,0,0,0,0,0,0
20504109637,0,0,0,0,4,0,0,0,0,10
20504109638,24,24,26,18,11,16,4,15,4,150
20504109801,21,32,50,34,20,13,28,26,0,219
20504109802,0,0,0,0,0,0,0,0,0,0
20504109803,27,36,46,27,36,27,35,33,4,269
20504109804,29,23,38,22,21,13,10,7,5,159
20504109805,0,0,0,0,0,0,4,6,0,10
20504109806,18,15,29,22,42,7,23,21,7,184
20504109807,23,25,51,28,17,13,18,31,6,212
20504109808,3,16,23,27,15,12,16,29,3,145
20504109809,6,10,26,22,12,5,15,17,0,120
20504109810,11,13,20,12,18,6,15,10,0,98
20504109811,9,20,18,17,15,15,15,15,5,143
20504109812,12,11,25,8,11,9,16,7,0,103
20504109813,51,56,70,44,60,19,30,45,6,378
20504109814,14,32,56,22,27,26,21,27,0,224
20504149301,3,9,12,14,13,11,11,19,4,101
20504149302,12,32,25,27,27,16,11,16,0,155
20504149303,5,18,28,10,13,13,5,8,4,106
20504149304,44,63,41,23,48,21,17,21,4,281
20504149305,10,12,17,21,19,15,14,31,0,147
20504149306,0,6,9,0,0,3,4,0,0,24
20504149307,10,59,24,19,30,15,8,24,0,192
20504149308,3,19,18,21,14,19,13,15,3,130
20504149309,21,22,18,17,17,15,3,9,3,134
20504149310,23,33,14,20,14,14,12,18,3,150
20504149311,6,15,21,11,13,10,8,14,6,100
20504149312,16,35,22,18,15,12,8,17,4,152
20504149313,5,18,11,14,6,3,7,3,3,77
20504149314,28,57,57,38,39,43,30,37,3,337
20504149315,13,22,27,28,27,24,15,22,7,180
20504149316,13,34,26,25,19,18,9,15,0,162
20504149317,10,7,17,16,13,10,6,15,9,94
20504149318,4,27,16,21,21,17,16,22,6,152
20504149319,8,16,16,12,9,9,8,11,0,81
20504149320,46,87,69,40,63,28,12,26,9,374
20504149321,9,16,22,25,15,21,12,33,5,156
20504149322,14,30,30,18,17,18,4,3,6,129
20504149323,0,0,0,0,0,0,0,0,0,3
20504149324,32,50,57,25,40,25,18,31,11,288
20504149325,11,20,22,19,21,8,9,19,5,133
20504149326,0,11,15,17,0,0,3,5,4,55
20504149327,10,22,17,23,19,14,6,19,3,131
20504149328,11,28,22,28,13,26,17,17,0,171
20504149329,7,4,24,13,19,12,10,20,4,110
20504149330,25,26,29,18,35,25,3,15,0,183
20504149331,38,17,22,11,18,12,8,12,4,132
20504149332,25,42,35,14,26,21,13,9,3,185
20504149333,33,61,31,38,42,30,11,21,6,269
20504149334,0,3,0,13,3,6,11,8,0,49
20504149335,14,27,22,22,18,13,8,12,0,143
20504149401,18,32,21,11,21,16,6,20,0,148
20504149402,9,17,12,12,15,10,7,20,5,112
20504149403,7,22,32,28,16,12,18,15,0,151
20504149404,26,64,39,24,31,21,4,17,4,233
20504149405,8,46,29,10,25,21,5,15,0,169
20504149406,14,41,30,15,22,11,4,16,0,159
20504149407,12,36,27,20,26,23,16,20,6,191
20504149408,22,31,31,23,25,19,12,20,0,191
20504149409,32,54,35,18,25,27,9,23,5,232
20504149410,16,57,37,27,38,20,13,20,4,239
20504149411,20,29,32,23,37,14,10,20,9,195
20504149412,17,33,17,23,25,16,12,13,3,165
20504149413,14,41,32,31,30,21,24,23,4,223
20504149414,16,35,29,21,17,8,0,3,0,126
20504149415,15,34,31,31,23,14,13,22,6,177
20504149416,20,44,43,24,48,26,15,22,0,240
20504149417,7,29,18,19,29,12,7,22,4,152
20504149418,9,29,15,17,8,6,6,8,0,96
20504149419,30,31,33,16,37,18,12,13,0,183
20504149420,7,25,29,13,24,14,10,10,3,131
20504149421,34,114,76,51,69,28,28,32,6,445
20504149422,10,36,28,15,28,11,15,16,0,161
20504149423,22,44,54,39,37,17,23,32,4,269
20504149424,31,104,44,45,50,24,14,20,4,337
20504149425,27,56,29,29,33,23,12,19,9,234
20504149426,14,33,23,14,19,18,7,13,5,135
20504149427,8,3,6,3,4,0,0,3,0,26
20504149428,15,28,28,22,22,10,6,13,0,145
20504149429,24,34,39,41,32,29,21,38,6,258
20504149430,17,23,20,11,25,15,10,15,9,139
20504149431,42,92,52,43,58,41,23,33,3,391
20504149432,27,64,39,33,42,22,20,19,5,270
20504149433,19,30,26,32,31,31,23,25,0,225
20504149434,80,156,86,54,100,49,33,61,6,619
20504149435,34,69,41,34,70,25,11,19,5,311
20504149436,13,26,17,17,12,8,8,15,5,110
20504149437,45,102,62,46,79,44,21,22,5,436
20504149438,4,20,27,12,18,5,4,20,0,104
20505109901,8,0,0,0,0,0,0,3,0,13
20505110001,22,28,15,19,14,24,12,19,6,151
20505110002,36,11,7,11,8,0,8,7,0,91
20505110003,79,47,44,40,35,18,19,29,8,315
20505110004,50,78,76,40,35,24,17,20,3,337
20505110005,0,0,0,0,0,0,0,0,0,0
20505110006,48,24,30,12,12,8,12,21,3,172
20505110007,5,3,3,0,0,0,0,0,0,9
20505110008,19,41,41,16,30,21,8,19,5,204
20505110010,41,40,40,35,17,19,22,26,9,241
20505110011,19,21,24,25,13,9,8,20,4,145
20505110013,77,106,0,17,0,0,0,4,3,202
20505110014,21,22,22,17,15,17,9,12,0,127
20505110015,9,10,19,18,13,5,4,12,7,104
20505110101,12,16,23,14,12,16,10,16,4,128
20505110102,17,17,26,34,9,9,12,17,0,145
20505110103,50,80,110,106,70,30,36,57,17,547
20505110104,16,29,30,19,17,12,12,11,6,157
20505110105,10,30,16,16,9,6,6,10,0,116
20505110107,45,30,32,23,17,13,24,29,0,217
20505110108,36,21,31,13,11,6,6,22,5,150
20505110109,61,25,38,13,17,7,23,31,4,224
20505110110,19,17,23,19,20,6,16,15,4,149
20505110111,16,14,20,10,9,14,18,24,4,128
20505110112,7,8,18,12,15,17,18,24,8,121
20505110113,10,11,10,12,15,15,15,33,0,127
20505110114,14,14,18,25,11,12,7,8,9,122
20505110115,22,37,49,38,38,20,21,30,0,263
20505110116,12,15,38,37,8,22,28,40,3,204
20505110117,12,14,28,18,15,10,13,24,0,134
20505110118,39,28,35,29,31,15,27,34,8,251
20505110119,77,25,25,17,17,5,18,48,7,253
20505110120,24,11,17,14,3,6,0,13,0,87
20505110121,11,27,35,15,14,18,10,25,0,158
20505110122,32,35,51,36,29,19,28,22,8,261
20505110123,15,23,18,25,15,6,16,18,0,125
20505110124,15,22,36,25,23,16,20,23,0,181
20505110125,17,43,36,30,28,13,16,22,0,199
20505110126,17,29,27,35,12,13,20,32,3,191
20505110127,49,27,19,20,23,15,11,13,3,173
20505110128,36,27,25,16,9,13,13,22,5,156
20505110129,69,24,19,10,17,19,14,25,4,196
20505110130,42,57,53,36,11,20,25,35,3,290
20505110131,18,13,22,9,10,9,14,14,4,101
20505110132,20,22,16,20,13,17,12,24,4,141
20505110133,21,41,43,20,13,14,7,19,4,183
20505110134,23,43,33,17,29,8,3,15,0,176
20505110136,14,19,37,15,20,12,15,19,0,161
20505110137,15,13,33,8,14,7,5,8,0,109
20505110138,15,37,21,18,21,13,18,3,0,143
20505110201,59,18,25,10,20,7,13,21,3,185
20505110202,46,29,45,19,30,20,24,26,8,237
20505110203,3,5,4,0,0,0,0,0,0,17
20505110204,6,19,20,16,8,17,5,22,8,119
20505110205,10,8,20,25,9,15,14,14,0,120
20505110206,56,31,35,21,12,11,22,31,4,233
20505110207,47,17,33,16,11,12,5,18,6,169
20505110208,50,15,10,13,12,6,15,18,0,134
20505110209,85,12,33,16,11,13,11,45,0,227
20505110210,53,36,26,13,13,13,14,26,9,203
20505110211,8,12,21,23,16,10,7,15,0,122
20505110212,7,24,28,18,22,9,14,17,5,142
20505110301,21,71,42,50,23,25,10,9,3,258
20505110302,20,16,12,17,5,16,4,6,0,89
20505110303,54,61,54,37,41,40,11,30,8,338
20505110304,6,10,15,24,11,16,16,16,0,113
20505110305,32,50,33,30,26,25,11,14,0,219
20505110306,12,25,13,14,12,16,11,11,0,116
20505110307,28,43,35,29,19,15,6,21,4,204
20505110308,27,33,23,28,25,19,7,21,7,191
20505110309,91,205,79,96,68,44,30,33,7,654
20505110310,9,14,15,9,5,10,3,14,0,71
20505110311,35,78,56,64,34,32,19,47,3,359
20505110312,30,48,24,15,25,9,0,13,4,160
20505110313,36,62,53,46,27,20,16,17,0,267
20505110314,20,41,20,19,16,15,0,4,0,143
20505110315,10,29,9,11,4,11,0,7,5,99
20505110316,27,60,23,19,24,8,5,22,8,201
20505110317,24,42,24,47,22,14,8,14,3,198
20505110318,23,52,31,32,34,23,11,20,3,230
20505110319,18,17,17,34,19,23,14,24,4,166
20505110320,15,19,13,23,12,15,8,23,0,128
20505110321,14,41,25,24,19,20,12,27,10,192
20505110322,10,30,15,20,17,14,3,11,4,123
20505110323,32,74,47,51,28,25,12,30,0,294
20505110324,20,43,22,15,4,11,6,11,0,130
20505110325,38,53,40,24,20,23,15,14,9,230
20505110326,18,43,27,36,12,15,10,23,0,183
20505110327,34,40,36,35,26,18,8,36,6,254
20505110328,23,42,23,24,12,15,6,32,0,170
20505110329,17,28,9,16,15,10,0,12,3,102
20505110330,17,16,23,23,11,12,3,13,3,118
20505110331,19,9,19,22,10,33,14,42,4,170
20505110332,3,7,4,7,0,6,3,14,3,46
20505110333,16,21,30,31,15,15,9,40,6,170
20505110334,12,13,32,33,21,17,18,19,6,175
20505110401,25,13,13,15,6,4,8,23,3,115
20505110402,15,13,9,14,5,13,12,21,3,92
20505110403,62,23,35,23,26,13,14,31,11,237
20505110404,37,14,10,12,13,8,10,16,0,115
20505110405,57,13,18,13,17,13,6,25,3,162
20505110406,50,19,18,11,10,5,9,27,0,156
20505110407,0,0,0,0,0,0,0,0,0,0
20505110408,16,18,13,15,12,12,16,4,0,105
20505110409,16,17,11,8,12,9,8,18,0,107
20505110410,20,9,16,16,13,5,10,16,7,123
20505110411,66,35,35,31,16,25,15,37,6,250
20505110412,8,21,17,21,9,6,8,20,0,122
20505110413,7,11,20,20,13,10,11,24,3,108
20505110414,23,24,36,28,16,24,14,32,7,194
20505110415,21,18,25,22,14,17,14,21,4,146
20505110416,65,16,31,20,16,15,10,27,10,203
20601110601,76,186,19,37,37,17,7,22,7,408
20601110605,39,126,25,20,36,17,9,7,8,275
20601110606,41,112,32,15,22,13,5,8,0,243
20601110608,75,156,34,46,62,24,5,22,6,432
20601110609,82,218,21,48,48,18,17,18,4,485
20601110610,34,152,36,28,35,18,7,18,8,343
20601110611,60,148,15,22,43,12,7,10,5,324
20601110612,66,152,35,25,43,22,6,16,0,375
20601110613,45,120,18,19,33,21,9,10,6,281
20601110614,44,156,36,43,45,17,12,22,3,378
20601110615,31,111,18,26,19,7,3,10,4,231
20601110616,119,310,36,52,65,38,8,15,3,647
20601110617,58,125,22,26,35,13,3,19,5,299
20601110618,30,91,14,15,17,12,3,7,0,201
20601110619,23,70,10,27,32,12,3,3,0,179
20601110620,29,83,12,20,17,16,0,5,0,191
20601110621,58,168,29,25,40,24,5,6,4,363
20601110622,45,150,12,20,26,7,0,8,5,276
20601110623,44,158,26,23,33,9,5,5,9,316
20601110624,87,232,33,24,51,15,6,8,4,459
20601110625,30,115,19,21,32,10,3,4,6,249
20601110626,30,90,30,18,27,12,5,8,0,216
20601110627,48,172,30,27,42,28,4,17,0,365
20601110628,71,190,34,38,47,29,6,13,8,427
20601110629,34,93,10,16,22,9,0,0,6,194
20601110630,64,183,23,23,41,15,3,13,3,371
20601110701,56,130,36,22,35,21,4,10,3,310
20601110702,38,84,18,24,31,17,7,13,9,240
20601110703,38,109,18,33,39,16,12,14,6,270
20601110704,37,77,14,20,24,15,4,12,0,202
20601110705,30,118,27,31,43,16,0,13,3,273
20601110706,55,129,31,34,42,20,11,19,8,349
20601110707,55,138,34,26,34,30,12,15,0,346
20601110708,27,74,17,23,35,10,5,6,0,193
20601110710,23,48,17,17,19,14,0,13,3,160
20601110712,44,107,37,27,39,15,7,13,3,291
20601110713,49,123,33,39,47,17,3,13,3,339
20601110714,36,95,31,25,43,20,8,12,3,272
20601110715,29,101,23,27,25,14,6,13,9,247
20601110716,38,100,41,43,40,16,11,24,5,317
20601110717,33,74,23,21,20,11,7,11,3,207
20601110718,40,92,24,19,31,10,11,15,0,249
20601110719,36,80,13,17,28,20,8,13,0,212
20601110720,33,118,27,34,38,16,13,12,0,290
20601110721,26,121,30,28,33,12,11,17,0,277
20601110722,21,70,13,17,15,12,0,5,4,148
20601110723,15,80,13,27,20,14,7,12,3,185
20601110724,29,82,17,25,19,14,9,17,4,204
20601110725,32,106,24,24,30,17,4,14,3,253
20601110726,39,119,16,22,23,25,4,13,3,271
20601110727,24,64,21,26,26,15,7,11,4,207
20601110728,37,59,16,16,23,16,5,11,3,186
20601110729,19,70,11,17,27,6,9,9,5,169
20601110730,18,44,15,16,28,9,5,13,3,150
20601110731,55,117,45,19,55,24,11,21,9,343
20601110732,43,119,17,40,33,12,7,10,3,288
20601110733,21,72,14,25,25,14,6,9,0,189
20601110734,29,125,23,35,33,19,14,18,3,294
20601110735,43,144,30,45,62,29,13,28,0,393
20601110736,23,92,19,29,24,11,10,21,0,248
20601110901,35,105,30,19,37,26,8,12,4,279
20601110902,34,69,20,20,46,35,5,9,3,236
20601110903,26,54,27,11,14,19,7,16,5,170
20601110904,42,69,27,15,50,25,9,17,0,253
20601110905,32,64,18,14,24,14,3,15,0,188
20601110906,41,94,18,27,53,25,4,10,3,280
20601110907,48,76,15,24,26,22,0,13,0,231
20601110908,32,62,18,13,32,11,0,5,0,174
20601110909,43,99,31,12,37,28,14,3,3,266
20601110910,44,67,20,28,30,9,6,9,9,210
20601110911,48,82,30,27,40,25,5,14,3,273
20601110912,35,60,27,16,34,25,6,8,12,223
20601110913,39,83,27,22,39,22,10,11,3,256
20601110914,44,53,20,17,32,20,7,7,0,203
20601110915,41,71,23,19,28,22,9,4,3,223
20601110916,46,70,20,22,38,12,8,7,0,220
20601110917,36,61,28,29,47,19,6,11,4,237
20601110918,48,98,35,21,30,28,7,14,4,286
20601110919,31,95,20,35,45,29,9,24,5,288
20601110920,29,55,23,25,31,15,7,16,7,208
20601110921,26,77,32,11,39,25,10,17,3,240
20601110922,29,70,26,25,35,26,7,12,3,239
20601110923,61,75,28,29,33,20,6,9,9,270
20601110924,36,51,14,14,20,11,9,0,4,163
20601149501,38,157,24,46,45,23,13,15,5,373
20601149502,54,165,30,30,32,27,4,11,6,355
20601149503,39,110,11,28,32,17,0,12,0,249
20601149504,33,89,22,19,17,15,9,10,0,211
20601149505,12,22,4,8,7,4,0,0,0,59
20601149506,17,81,15,15,16,11,6,11,0,175
20601149507,36,122,35,41,37,20,5,21,4,317
20601149508,52,146,36,35,44,23,10,8,6,363
20601149509,24,95,21,21,8,12,7,7,8,207
20601149510,31,109,15,14,28,14,5,10,3,223
20601149511,38,63,22,22,18,8,11,5,0,190
20601149512,41,76,23,20,26,16,5,6,3,210
20601149513,24,90,17,17,32,19,3,26,0,221
20601149514,44,145,41,42,40,21,7,20,13,373
20601149515,35,146,27,47,39,19,9,13,4,335
20601149516,28,73,19,15,19,9,0,9,6,159
20601149517,14,62,13,14,16,10,0,9,0,138
20601149518,21,54,15,14,16,3,0,5,0,132
20601149519,48,132,16,30,23,14,8,10,3,282
20601149520,35,110,18,18,25,6,5,19,3,243
20601149521,24,96,20,33,23,18,6,14,7,244
20601149522,46,153,26,20,30,16,6,8,10,307
20601149523,27,78,19,22,26,14,0,11,0,196
20601149524,41,147,21,20,29,9,4,18,3,299
20601149525,67,150,19,46,45,20,11,15,7,378
20601149526,34,115,24,21,38,16,6,12,4,260
20601149527,40,137,19,19,35,10,0,13,5,282
20601149528,24,100,22,31,30,18,4,10,11,250
20601149529,43,144,28,32,43,15,6,16,3,327
20601149530,40,102,18,18,23,14,9,11,4,231
20601149531,53,111,24,20,30,17,0,3,0,269
20601149532,26,89,22,14,29,10,0,5,0,208
20601149601,67,162,21,41,50,21,9,19,3,385
20601149602,46,161,32,32,32,25,11,11,3,355
20601149603,33,99,15,17,30,13,8,6,4,220
20601149604,53,144,40,36,54,23,4,3,6,364
20601149605,63,192,39,36,55,26,10,21,3,445
20601149606,48,138,25,37,37,24,4,13,3,325
20601149607,64,169,20,35,33,17,9,11,9,366
20601149608,50,124,14,27,37,3,0,7,0,276
20601149609,31,81,16,16,12,6,0,7,0,167
20601149610,55,148,33,40,38,29,7,5,8,360
20601149611,81,189,26,31,51,28,4,16,4,421
20601149612,54,153,31,45,51,28,6,17,7,380
20601149613,29,122,17,23,21,15,0,11,5,241
20601149614,44,141,21,28,23,13,12,9,9,289
20601149615,39,152,25,34,42,16,6,13,0,326
20601149616,30,116,19,20,37,14,6,11,0,254
20601149617,43,128,27,30,27,18,7,7,6,291
20601149618,25,97,10,14,20,15,0,3,0,188
20601149619,38,117,15,19,21,16,3,6,3,238
20601149620,47,112,21,15,26,16,6,11,0,258
20601149621,43,146,20,23,33,13,6,14,3,306
20601149622,48,213,21,39,42,14,3,9,10,406
20601149623,59,132,37,22,34,15,6,14,3,324
20601149624,27,111,14,17,25,9,3,7,4,227
20601149625,53,168,26,29,37,11,12,18,0,358
20601149626,32,112,19,22,17,10,0,13,3,238
20601149627,55,126,17,18,36,18,3,10,3,287
20601149628,22,97,14,34,18,20,6,12,0,232
20601149701,29,81,20,16,35,15,4,12,0,212
20601149702,25,106,39,34,22,20,6,22,5,276
20601149703,15,43,25,10,16,15,3,11,4,140
20601149704,46,93,25,35,33,21,11,17,3,287
20601149705,31,57,19,17,24,13,4,8,6,182
20601149706,41,93,34,31,34,25,3,4,10,274
20601149707,38,98,22,33,36,18,5,10,7,274
20601149708,6,29,8,21,4,6,3,6,0,99
20601149709,28,97,17,32,32,19,11,23,5,264
20601149710,56,158,35,42,60,25,8,14,4,411
20601149711,61,146,39,39,46,26,20,24,5,391
20601149712,40,88,21,15,28,14,4,16,4,230
20601149713,32,162,30,26,45,29,10,16,6,357
20601149714,50,96,22,16,29,23,5,12,0,257
20601149715,55,141,22,51,45,25,9,20,5,372
20601149716,24,65,10,11,19,10,4,3,3,155
20601149717,21,65,15,28,28,14,6,12,0,194
20601149718,23,43,26,23,24,19,6,10,6,187
20601149719,39,123,30,30,24,17,6,16,0,290
20601149720,65,163,40,61,54,38,20,22,5,472
20601149721,35,104,32,30,27,24,13,16,4,278
20601149722,27,72,22,13,19,10,6,7,6,188
20601149723,31,92,16,21,40,21,10,9,7,244
20601149724,35,142,39,34,31,31,19,21,7,358
20601149725,48,130,39,42,37,21,4,22,5,347
20601149726,40,115,29,36,27,16,13,15,7,301
20601149801,30,43,18,24,29,12,6,9,4,170
20601149802,21,51,5,15,19,17,0,6,4,143
20601149803,16,30,23,12,19,13,7,12,0,129
20601149804,25,34,17,6,21,14,0,4,5,125
20601149805,14,51,20,4,12,15,4,8,0,141
20601149806,32,102,32,25,37,21,4,14,0,268
20601149807,53,101,28,13,32,23,8,17,6,278
20601149808,11,48,14,8,8,10,7,6,0,107
20601149809,20,70,27,25,21,17,5,17,8,201
20601149810,28,53,14,22,21,9,0,8,4,170
20601149811,26,73,37,16,31,10,7,14,7,215
20601149812,45,91,21,28,17,17,12,24,0,258
20601149813,24,101,29,34,33,21,7,12,3,256
20601149814,42,97,17,18,30,15,6,13,4,248
20601149815,37,85,26,26,42,20,10,11,0,254
20601149816,28,95,27,21,38,14,6,11,4,245
20601149817,45,73,17,16,21,25,3,5,5,219
20601149818,33,89,34,26,41,14,6,20,4,267
20601149819,37,89,29,24,29,21,3,14,8,249
20601149820,42,107,22,45,36,28,8,30,8,323
20601149821,24,63,25,19,29,17,8,14,0,208
20601149822,60,135,35,24,40,19,3,13,6,337
20601149823,20,68,21,20,19,17,5,9,0,185
20601149824,27,83,24,10,19,13,9,6,4,193
20601149825,29,77,25,25,27,26,9,13,11,240
20601149826,49,110,30,30,26,24,8,14,0,293
20601149827,24,59,16,15,16,13,7,11,5,154
20601149828,31,87,29,24,28,25,3,12,0,246
20601149829,27,88,25,23,32,25,5,17,8,249
20601149830,38,64,31,13,37,21,7,15,5,228
20601149831,26,79,20,22,27,18,13,12,3,217
20601149832,45,87,22,21,30,16,3,9,7,242
20601149833,33,68,23,21,32,11,3,7,0,201
20601149834,46,79,23,32,29,22,5,13,6,251
20602111001,51,133,22,36,27,23,8,10,8,314
20602111002,35,113,19,19,36,18,4,18,0,270
20602111003,53,118,17,35,23,15,5,8,0,281
20602111004,19,80,10,16,17,15,5,4,3,167
20602111005,32,67,17,17,14,3,0,3,0,156
20602111006,52,131,25,28,42,20,3,21,6,320
20602111007,43,105,26,31,33,21,8,13,3,286
20602111008,46,114,30,25,45,11,11,8,0,293
20602111009,0,0,0,0,0,0,0,0,0,4
20602111010,63,157,41,21,37,32,10,13,7,389
20602111011,26,94,13,19,20,6,3,8,3,192
20602111012,55,97,12,23,33,22,3,7,0,250
20602111013,44,138,21,28,43,26,3,11,4,321
20602111014,49,104,16,21,24,11,0,12,5,249
20602111015,74,158,21,29,48,23,12,13,6,380
20602111016,42,94,18,16,31,14,0,11,4,225
20602111017,45,59,14,4,12,11,6,9,4,175
20602111018,41,112,27,19,30,21,5,17,7,273
20602111019,56,171,34,22,48,19,11,10,3,370
20602111020,0,0,0,0,0,0,0,0,0,0
20602111021,0,0,5,0,0,0,0,0,0,0
20602111022,34,109,20,22,21,25,3,8,0,247
20602111201,61,163,48,26,45,19,7,14,8,391
20602111202,45,82,22,24,47,26,5,20,0,276
20602111203,36,88,17,17,36,16,5,9,4,220
20602111204,31,83,21,21,24,20,0,9,3,215
20602111205,31,149,40,43,41,28,9,12,9,357
20602111206,37,81,12,9,26,6,6,8,3,194
20602111207,64,152,22,28,34,14,9,15,4,335
20602111208,49,83,14,15,33,11,0,14,4,216
20602111209,61,146,27,47,39,12,9,26,0,365
20602111210,49,102,18,28,33,19,5,13,5,272
20602111211,40,113,21,22,31,21,7,10,3,251
20602111212,40,93,24,23,36,20,13,18,7,272
20602111213,42,113,29,27,29,18,6,12,0,282
20602111214,47,125,19,19,27,11,9,11,4,277
20602111215,49,75,21,27,23,16,3,5,3,229
20602111216,38,101,28,23,29,14,4,20,6,257
20602111217,57,89,20,26,20,18,3,14,4,241
20602111218,31,71,13,22,20,11,9,20,4,189
20602111219,65,199,30,39,35,23,6,15,6,419
20602111220,51,111,29,47,42,28,9,12,3,335
20602111221,42,110,27,18,29,20,3,8,3,271
20602111222,25,65,18,10,15,8,5,10,3,158
20602111223,46,134,32,23,31,16,9,4,3,293
20602111224,35,85,31,26,22,18,18,17,4,261
20602111225,50,101,43,36,33,16,19,14,0,311
20602111226,45,103,20,24,29,14,3,9,11,256
20602111227,29,86,15,15,29,18,7,11,5,210
20602111228,53,113,33,26,28,9,5,18,6,289
20602111229,46,130,16,22,31,18,6,13,3,288
20602111230,57,138,28,33,25,25,6,11,5,328
20602111231,25,62,9,12,28,4,3,5,0,155
20602111232,36,121,17,20,29,15,14,17,3,276
20602111233,49,115,25,30,37,16,3,11,3,284
20602111234,32,100,26,24,31,12,7,18,0,256
20602111235,56,143,23,37,31,19,6,20,7,342
20602111236,15,58,19,17,16,17,5,9,7,157
20602111237,31,82,24,31,32,13,8,14,0,235
20602111238,33,78,13,23,23,21,5,7,0,211
20602111239,26,107,23,20,30,17,0,10,4,236
20602111240,20,49,12,16,17,3,3,8,5,125
20602111241,23,62,21,26,27,18,9,11,4,192
20602111242,21,63,19,17,18,7,13,19,5,197
20602149901,21,74,12,9,8,9,0,6,3,134
20602149902,33,90,13,17,28,7,0,5,0,197
20602149903,60,141,31,21,31,14,9,11,5,317
20602149904,32,91,17,20,22,13,0,14,0,212
20602149905,46,148,22,29,32,22,8,13,7,325
20602149906,32,84,25,22,24,17,0,10,4,211
20602149907,15,86,13,18,24,6,0,0,4,169
20602149908,63,106,36,43,33,27,3,21,5,343
20602149909,68,146,28,20,27,16,0,7,6,327
20602149910,36,102,14,21,25,18,0,4,4,231
20602149911,19,79,18,20,22,10,4,3,0,186
20602149912,35,95,13,16,17,8,6,8,0,190
20602149913,65,167,19,27,36,21,6,11,9,354
20602149914,52,119,10,11,32,15,0,4,0,244
20602149915,37,127,23,19,28,11,6,7,5,256
20602149916,45,106,22,20,20,8,0,10,3,235
20602149917,47,100,11,17,13,12,5,3,0,212
20602149918,50,108,10,23,25,7,3,13,4,251
20602149919,63,166,20,35,20,18,9,5,5,340
20602149920,54,142,28,37,38,26,12,19,4,354
20602149921,59,161,35,27,34,33,3,6,6,369
20602149922,33,108,19,30,30,17,13,9,6,260
20602149923,27,64,10,15,13,11,5,3,0,147
20602149924,38,57,12,25,12,4,0,8,7,154
20602149925,20,90,12,10,22,8,6,9,0,175
20602149926,34,74,17,19,30,11,4,9,4,195
20602149927,53,140,23,23,22,15,4,10,4,291
20602149928,22,67,10,12,15,10,3,4,3,145
20602149929,65,215,31,38,43,21,3,3,4,423
20602149930,52,143,31,25,35,18,13,10,5,332
20602149931,73,166,25,28,37,24,13,18,6,374
20602149932,68,143,27,23,32,20,0,17,5,323
20602149933,60,128,19,29,44,24,3,18,4,334
20602149934,21,45,23,17,20,8,0,9,3,140
20602150001,39,133,11,24,38,13,5,5,3,265
20602150002,56,146,30,31,28,16,6,14,0,326
20602150003,48,101,16,24,21,8,0,11,0,225
20602150004,46,146,31,20,35,15,9,5,9,316
20602150005,57,118,28,25,37,14,7,11,7,308
20602150006,22,84,29,16,16,20,5,3,5,191
20602150007,50,137,27,20,41,26,5,11,5,309
20602150008,87,197,33,40,55,17,3,17,0,449
20602150009,42,112,13,18,25,23,0,8,4,244
20602150010,63,173,26,13,43,15,7,12,6,354
20602150011,14,33,13,16,8,7,3,21,0,114
20602150012,65,135,18,24,25,18,0,7,6,293
20602150013,36,97,11,13,20,7,0,8,3,196
20602150014,45,89,17,29,10,14,4,10,5,222
20602150015,48,139,7,22,33,10,0,9,5,279
20602150016,58,149,24,33,29,17,9,11,9,326
20602150017,59,122,19,20,36,10,9,4,5,288
20602150018,62,148,33,42,30,11,5,7,6,347
20602150019,21,61,15,13,18,4,3,11,0,149
20602150020,43,122,13,9,23,14,3,5,7,242
20602150021,26,113,18,22,23,12,3,6,0,225
20602150022,0,0,0,0,0,0,0,0,0,4
20602150023,41,77,13,19,20,9,0,13,0,190
20602150024,66,174,14,24,33,25,13,12,11,364
20603111301,0,0,0,0,0,0,0,0,0,0
20603111302,46,68,20,29,32,22,6,9,4,241
20603111303,57,117,27,33,48,33,5,16,0,330
20603111304,98,104,33,34,36,28,16,6,4,356
20603111305,107,196,49,49,69,50,21,29,12,582
20603111306,78,128,28,38,50,35,4,21,7,379
20603111307,209,353,58,61,114,68,11,35,12,917
20603111308,48,73,18,18,33,15,6,12,4,228
20603111309,38,80,24,24,30,21,6,6,0,225
20603111310,38,66,18,23,32,9,11,13,0,214
20603111311,65,156,25,44,55,31,8,17,9,399
20603111312,36,123,24,26,27,17,10,14,5,276
20603111313,45,89,17,20,30,16,8,14,0,244
20603111314,32,86,17,12,22,19,3,11,3,191
20603111315,48,108,18,14,39,11,5,9,4,252
20603111316,16,38,13,13,17,9,10,9,4,119
20603111317,3,6,3,18,3,0,14,19,6,78
20603111318,0,3,3,7,4,0,9,14,0,40
20603111319,39,160,23,34,39,20,9,17,3,346
20603111320,18,56,14,15,15,9,14,14,0,141
20603111321,0,3,0,19,3,3,14,11,10,61
20603111322,38,90,20,20,22,12,5,0,0,210
20603111323,64,117,43,36,39,13,7,11,4,330
20603111324,51,148,7,22,42,15,8,14,4,305
20603111325,35,72,17,26,22,12,5,11,4,203
20603111326,49,114,17,30,27,24,8,15,3,288
20603111327,50,120,22,35,50,20,6,17,3,327
20603111328,53,109,17,17,33,22,7,4,6,266
20603111329,37,49,8,12,22,11,7,12,4,162
20603111330,40,62,11,25,28,17,4,12,4,200
20603111331,38,72,17,7,17,12,0,5,8,174
20603111332,6,24,13,9,12,0,5,27,7,110
20603111501,42,96,14,16,26,10,5,6,0,210
20603111502,28,90,8,24,24,15,3,14,6,208
20603111503,42,86,8,13,27,15,0,0,0,196
20603111504,45,82,7,21,24,4,0,5,10,184
20603111505,35,124,19,16,28,15,3,7,4,257
20603111506,5,3,6,13,3,5,13,23,3,76
20603111507,0,6,6,15,4,7,5,25,10,75
20603111508,66,155,23,29,46,14,3,13,8,359
20603111509,21,56,10,11,21,6,0,6,0,131
20603111510,23,90,16,23,19,11,5,13,0,208
20603111511,42,133,25,42,28,21,3,15,0,316
20603111513,40,113,9,17,26,16,6,17,5,248
20603111514,27,59,5,16,21,18,9,9,6,165
20603111515,24,70,11,20,11,10,7,12,3,165
20603111516,45,122,12,24,30,14,6,6,3,262
20603111518,0,0,0,0,0,0,0,0,0,0
20603111519,0,5,3,15,14,4,10,17,6,72
20603111520,5,4,3,26,6,5,10,22,3,89
20603111521,0,0,0,0,0,0,0,0,0,0
20603111522,23,69,5,24,24,10,5,0,5,165
20603111523,71,305,67,97,97,40,33,56,21,774
20603111524,23,30,6,12,14,11,4,8,0,103
20603111525,11,42,12,13,11,4,0,4,0,102
20603111526,23,53,12,12,21,12,8,12,3,144
20603111527,46,124,27,24,39,21,12,31,0,338
20603111601,30,68,13,17,28,14,0,9,5,191
20603111602,33,51,14,26,42,17,8,17,9,214
20603111603,43,77,20,20,29,21,4,9,3,222
20603111604,43,104,22,18,32,16,5,15,3,264
20603111606,41,75,12,16,40,19,4,7,0,217
20603111607,47,89,21,23,48,18,5,3,3,253
20603111608,56,85,16,19,30,25,4,9,0,241
20603111609,44,56,20,16,32,12,12,0,5,199
20603111610,37,107,23,14,37,17,6,12,3,253
20603111611,43,81,13,15,34,16,5,13,0,223
20603111612,48,92,15,22,28,22,0,9,4,241
20603111613,62,101,30,27,48,29,6,21,5,337
20603111614,38,101,27,29,40,28,10,23,3,291
20603111615,55,118,43,41,42,15,5,30,13,361
20603111616,42,108,27,22,39,17,7,8,8,291
20603111617,51,111,23,24,49,19,5,18,5,311
20603111618,56,146,26,19,49,25,10,14,3,358
20603111619,53,76,24,19,40,36,6,18,9,268
20603111620,36,75,12,13,24,9,4,4,0,182
20603111621,57,103,20,22,30,11,5,6,3,266
20603111622,61,92,30,20,36,25,7,12,4,287
20603111623,64,113,29,20,36,9,10,19,10,302
20603111624,43,89,19,16,35,29,6,6,6,240
20603111626,49,107,24,26,29,21,4,16,9,284
20603111627,44,82,23,21,16,23,0,15,4,225
20603111628,47,78,19,14,23,18,3,13,7,226
20603111629,0,0,0,0,0,0,0,0,0,0
20603111630,37,80,15,20,34,16,3,13,3,216
20603111631,63,124,18,23,39,24,5,13,5,304
20603111632,35,55,13,12,23,10,4,7,4,167
20603111633,38,108,19,28,29,8,8,14,0,252
20603111634,168,470,88,109,162,84,17,27,14,1142
20603111635,51,112,18,29,47,20,7,18,0,302
20603111636,47,97,22,24,41,24,0,21,5,290
20603150101,49,47,16,18,54,16,6,5,7,217
20603150102,42,78,27,24,46,17,9,18,7,267
20603150103,49,78,36,34,45,26,5,17,6,307
20603150104,52,97,31,24,51,33,11,11,12,324
20603150105,34,41,14,15,30,19,3,17,3,165
20603150106,31,61,32,18,20,17,7,19,6,204
20603150107,34,60,29,20,31,18,9,11,7,221
20603150108,61,104,31,35,54,28,11,18,3,341
20603150109,34,65,14,22,37,31,8,21,3,231
20603150110,41,60,19,12,21,15,0,9,5,188
20603150111,36,88,19,24,43,29,5,14,5,263
20603150112,31,36,9,9,8,9,0,11,4,116
20603150113,53,101,40,26,40,31,14,24,14,339
20603150114,42,46,14,19,37,13,0,9,4,180
20603150115,34,60,37,12,36,12,7,10,3,206
20603150116,65,100,38,26,40,22,3,11,4,317
20603150117,49,81,24,23,44,24,3,12,3,264
20603150118,29,61,25,22,45,17,10,16,7,219
20603150119,26,60,26,32,39,24,13,21,3,239
20603150120,37,79,18,13,27,13,0,5,3,200
20603150121,66,116,20,31,46,40,7,21,6,347
20603150122,29,84,28,16,35,16,3,9,0,214
20603150123,27,71,24,13,24,20,9,7,0,195
20603150124,53,73,32,31,49,21,14,24,6,295
20603150125,59,127,37,31,53,41,17,21,6,389
20603150126,62,82,22,25,45,44,6,20,13,323
20603150127,48,78,33,24,35,16,6,15,12,264
20603150128,64,114,43,34,53,41,17,17,5,386
20603150129,64,96,25,31,58,20,8,13,8,328
20603150130,45,49,8,14,23,19,4,17,0,181
20603150131,45,59,18,13,32,23,7,9,3,203
20603150132,26,47,18,18,33,15,4,5,3,170
20603150133,44,75,25,21,38,30,9,22,0,261
20603150134,24,46,14,9,33,17,7,14,4,167
20603150135,42,57,7,12,47,17,3,12,8,199
20603150201,16,61,14,15,29,8,7,8,6,171
20603150202,53,85,19,21,42,20,4,15,3,267
20603150203,44,115,33,31,45,16,9,22,7,321
20603150204,33,49,17,11,29,14,0,6,0,159
20603150205,35,91,26,23,23,16,9,15,9,243
20603150206,51,105,10,27,41,21,12,7,10,281
20603150207,53,137,25,30,51,25,8,13,7,339
20603150208,36,58,11,22,31,7,5,11,0,187
20603150209,48,80,24,29,32,15,10,10,3,248
20603150210,21,48,5,25,29,11,7,10,5,159
20603150211,55,111,33,23,40,21,8,24,7,328
20603150212,24,67,20,22,25,8,8,3,6,186
20603150213,63,103,38,37,51,18,17,13,4,346
20603150214,25,38,20,17,31,13,8,13,0,164
20603150215,28,53,11,21,23,13,0,15,5,171
20603150216,53,119,21,23,51,22,8,14,6,319
20603150217,33,80,16,14,29,23,0,8,0,211
20603150218,35,99,12,19,27,12,4,13,0,220
20603150219,35,49,14,13,23,13,6,9,0,169
20603150220,52,103,26,29,44,25,12,21,4,309
20603150221,16,60,11,10,21,12,3,3,0,134
20603150222,48,93,20,18,37,12,7,18,0,257
20603150223,28,49,11,13,35,12,3,7,4,167
20603150224,34,90,21,23,25,21,0,9,0,213
20603150225,47,84,18,8,33,16,3,7,4,224
20603150226,47,137,30,50,56,37,12,20,8,400
20603150227,48,82,43,32,52,17,9,14,8,291
20603150228,36,67,25,27,38,22,6,12,3,232
20603150229,40,89,14,22,45,23,0,13,3,243
20603150230,34,53,6,17,17,13,4,10,5,162
20604111702,23,123,13,34,34,16,0,3,4,255
20604111703,20,77,11,16,10,7,0,3,3,158
20604111704,18,122,10,20,27,16,3,9,3,231
20604111705,41,125,9,30,31,18,6,9,6,269
20604111708,16,64,10,49,16,29,0,14,0,203
20604111709,37,85,7,21,27,15,0,8,5,212
20604111711,27,116,17,23,15,12,0,3,4,222
20604111712,23,127,22,29,19,15,7,5,0,240
20604111713,36,101,14,19,25,18,7,3,3,223
20604111714,25,84,16,25,12,17,3,3,0,185
20604111715,42,136,17,18,34,17,0,10,9,283
20604111716,32,79,6,21,21,11,4,3,8,185
20604111717,25,65,13,11,20,14,3,0,0,139
20604111719,10,88,31,32,24,26,14,26,5,248
20604111720,13,114,15,46,25,11,13,21,6,259
20604111721,3,38,5,9,8,3,8,8,5,97
20604111722,5,4,4,13,0,5,0,19,4,59
20604111723,0,9,4,26,9,17,16,14,0,94
20604111724,0,0,0,0,0,0,0,0,0,0
20604111725,37,128,10,13,31,12,0,9,0,235
20604111726,31,85,8,26,15,17,4,9,3,199
20604111727,31,116,22,38,32,17,4,14,0,270
20604111728,24,150,20,26,18,12,5,10,6,274
20604111729,26,76,13,21,12,10,6,8,3,177
20604111731,17,48,12,7,14,7,8,14,0,138
20604111733,14,95,19,32,22,19,14,18,4,232
20604111734,4,60,7,30,21,25,5,26,5,182
20604111735,12,77,14,24,7,20,7,22,0,173
20604111736,0,19,10,14,0,9,10,15,0,80
20604111737,35,139,37,83,37,46,10,23,17,425
20604111738,13,90,15,29,25,24,11,10,7,224
20604111739,0,5,0,0,0,0,0,0,0,3
20604111740,17,59,8,21,14,10,14,5,0,150
20604111741,39,153,20,41,38,26,5,13,4,347
20604111742,9,21,3,12,10,7,0,5,3,70
20604111743,25,172,65,91,48,43,23,57,17,537
20604111744,0,28,27,26,14,16,8,28,4,150
20604111745,29,100,11,22,29,14,0,14,0,218
20604111746,20,94,16,20,21,16,6,26,6,224
20604111747,26,125,28,54,36,36,7,25,10,345
20604111748,11,14,7,11,10,5,0,3,0,62
20604111749,16,113,22,34,25,19,3,14,3,252
20604111750,22,87,20,20,26,12,11,18,0,215
20604111801,59,83,19,20,35,14,3,7,5,238
20604111802,124,159,26,23,47,37,4,8,6,426
20604111805,67,158,17,26,39,28,5,12,3,357
20604111806,28,89,8,10,23,12,6,12,0,175
20604111807,33,72,6,15,20,14,0,9,0,165
20604111808,61,57,5,9,19,13,7,0,5,172
20604111811,0,0,0,0,0,0,0,0,0,0
20604111815,63,197,36,41,53,23,12,20,7,452
20604111816,31,78,10,12,28,9,0,5,5,173
20604111817,45,220,61,43,50,38,18,31,8,519
20604111818,32,62,14,10,20,8,0,3,4,149
20604111819,48,173,27,37,47,29,15,19,11,403
20604111820,86,155,19,22,45,34,6,8,10,383
20604111821,39,186,39,42,50,24,12,23,4,427
20604111822,20,39,9,14,21,7,0,7,0,117
20604111823,61,79,13,14,34,16,6,11,5,239
20604111824,50,141,23,18,29,17,11,19,4,306
20604111825,17,58,3,8,24,10,3,7,5,131
20604111826,37,49,10,4,16,3,3,9,4,138
20604111827,65,214,36,42,56,41,13,19,9,493
20604111828,67,235,36,35,33,21,18,13,9,468
20604111829,59,223,30,32,65,25,18,26,9,482
20604111830,41,104,4,17,23,17,6,6,4,221
20604111831,60,73,19,12,22,17,4,7,5,218
20604111832,56,215,35,23,62,18,12,29,7,450
20604111833,76,108,16,9,31,14,0,3,5,266
20604111834,72,209,53,77,79,50,18,36,13,602
20604111835,59,269,34,46,43,37,14,40,12,560
20604111836,53,206,41,45,51,33,5,36,14,484
20604111837,42,87,11,14,26,15,4,7,0,218
20604111901,36,41,9,5,14,7,0,0,3,116
20604111902,27,107,10,13,27,9,6,12,6,206
20604111903,44,119,15,13,23,21,0,0,0,242
20604111904,18,103,4,7,14,12,0,6,0,168
20604111905,19,65,7,7,10,13,0,0,0,120
20604111906,35,124,7,10,16,12,3,3,3,219
20604111907,69,141,16,32,38,15,5,7,9,325
20604111908,54,111,3,17,24,10,0,5,5,236
20604111909,58,136,13,17,45,11,3,3,8,283
20604111910,25,59,7,11,8,0,0,9,4,116
20604111911,25,43,7,3,20,8,0,0,3,100
20604111912,53,147,7,19,32,7,3,5,0,276
20604111913,5,0,0,0,0,0,0,0,0,5
20604111914,43,105,7,16,25,6,0,3,0,212
20604111915,108,202,8,16,50,30,0,8,10,437
20604112001,11,27,4,0,4,6,6,10,4,65
20604112101,3,10,3,4,0,0,0,0,0,22
20604112102,67,139,16,18,33,16,5,7,4,300
20604112103,72,204,29,29,53,24,9,6,4,435
20604112104,37,115,31,18,26,16,7,13,3,264
20604112105,66,192,28,42,58,22,9,17,4,430
20604112106,0,0,0,0,0,0,0,0,0,0
20604112108,41,96,15,21,26,16,13,9,0,236
20604112109,50,115,17,13,24,22,0,6,0,244
20604112110,46,67,14,18,17,15,3,17,3,200
20604112111,0,0,0,0,0,0,0,0,0,0
20604112112,35,104,11,20,23,14,3,6,0,224
20604112113,24,87,11,23,15,13,3,11,0,193
20604112114,39,79,7,24,11,11,4,0,3,186
20604112115,66,163,24,25,61,12,9,10,7,373
20604112116,47,94,8,20,15,8,0,0,7,197
20604112118,51,128,21,16,32,19,7,12,3,285
20604112119,89,223,42,48,92,39,18,29,3,577
20604112121,20,42,6,11,18,6,0,3,0,117
20604112122,56,163,25,31,30,15,12,14,0,346
20604112123,85,186,26,21,60,35,7,16,6,435
20604112124,44,89,8,12,21,11,0,11,0,202
20604112125,26,75,23,25,27,14,13,21,5,232
20604112126,35,82,10,9,20,8,3,7,0,169
20604112127,39,163,31,25,49,21,12,10,3,351
20604112128,33,115,11,18,19,7,3,11,6,224
20604112129,60,135,13,13,53,13,3,13,3,328
20604112401,0,0,0,0,0,0,0,0,0,0
20604112402,14,89,8,35,28,23,0,0,6,208
20604112404,18,84,10,19,14,12,5,6,3,167
20604112406,14,71,17,22,12,5,9,10,0,159
20604112407,40,197,15,267,89,110,3,147,10,886
20604112409,34,123,31,31,29,16,6,10,11,299
20604112410,8,60,8,19,19,8,4,5,0,121
20604112411,27,105,13,22,30,19,4,10,4,226
20604112412,32,108,11,13,24,16,6,3,0,211
20604112415,24,75,6,9,15,6,3,3,0,142
20604112416,13,39,0,11,10,9,0,4,3,97
20604112417,28,98,14,15,19,10,0,3,5,197
20604112418,26,66,17,19,24,10,4,3,3,172
20604112419,38,183,53,41,49,33,13,33,3,452
20604112420,36,123,10,28,27,20,4,11,4,258
20604112421,0,3,3,4,5,0,5,4,0,16
20604112422,51,133,24,31,32,27,5,27,9,354
20604112501,53,123,8,22,36,14,5,13,6,280
20604112503,58,123,8,17,32,19,5,12,8,273
20604112504,31,81,0,12,16,8,6,0,0,161
20604112506,34,77,6,6,26,5,0,3,4,167
20604112508,41,134,8,13,26,16,3,8,6,256
20604112509,32,75,11,10,13,13,0,0,4,151
20604112510,47,113,15,18,26,27,0,7,9,266
20604112511,26,36,0,8,4,9,0,4,6,90
20604112512,69,203,20,27,41,21,3,14,9,401
20604112513,47,93,12,11,12,10,0,0,0,189
20604112514,25,85,3,11,17,6,4,7,6,163
20604112515,0,7,0,3,0,3,0,0,0,12
20604112516,29,72,3,6,19,13,0,0,4,134
20604112517,51,111,12,8,17,11,0,5,0,217
20604112518,44,87,9,8,24,15,0,5,5,195
20604112519,59,139,14,19,39,27,0,11,7,311
20604112520,6,26,4,4,6,4,0,0,0,45
20604112521,22,48,12,6,18,5,0,8,0,117
20604112522,53,120,16,17,38,15,0,6,7,278
20604112701,0,0,0,0,0,0,0,0,0,0
20604112702,0,0,0,0,0,0,0,0,0,0
20604150301,19,38,14,20,9,14,4,7,3,118
20604150302,22,45,12,11,27,11,0,11,7,146
20604150303,35,86,13,26,27,15,5,19,3,223
20604150304,21,62,11,10,17,15,4,6,0,147
20604150305,24,104,25,33,37,30,14,34,3,321
20604150306,26,100,15,33,29,7,0,14,11,244
20604150307,41,142,33,39,37,21,7,19,6,360
20604150308,6,16,0,3,3,0,0,5,0,37
20604150309,14,64,29,29,17,12,8,24,3,202
20604150310,44,67,15,16,16,6,3,9,4,181
20604150311,13,37,19,21,20,15,11,20,0,161
20604150312,34,55,22,24,25,8,14,17,0,200
20604150313,14,65,25,38,17,18,3,28,7,221
20604150314,35,134,21,42,49,41,6,6,4,334
20604150315,42,57,8,13,24,6,0,0,5,155
20604150316,12,49,30,44,28,21,0,24,4,205
20604150317,7,28,14,12,7,10,4,5,0,86
20604150318,28,111,16,38,26,23,3,13,5,256
20604150319,15,43,30,46,34,23,15,55,0,264
20604150320,26,77,29,46,29,25,10,54,12,317
20604150321,24,150,32,51,35,21,11,32,6,361
20604150322,22,28,0,9,8,3,3,5,3,79
20604150323,27,100,9,16,15,10,9,13,4,200
20604150324,12,39,3,6,18,8,4,0,0,101
20604150325,105,146,13,21,40,25,0,0,6,353
20604150326,43,106,16,21,17,16,13,6,4,238
20604150327,50,103,41,57,34,22,15,28,7,351
20604150401,32,114,21,58,24,50,10,13,3,331
20604150402,26,80,13,18,25,17,0,3,6,199
20604150403,29,100,42,37,32,20,3,29,6,298
20604150404,26,120,51,68,50,38,9,34,5,408
20604150405,20,79,29,75,31,37,4,39,0,321
20604150406,47,237,56,95,54,60,7,43,9,607
20604150407,10,63,12,27,23,12,4,23,0,174
20604150408,27,121,42,95,28,57,16,31,7,417
20604150409,53,153,41,43,41,27,10,27,13,414
20604150410,10,31,25,18,13,15,0,9,0,120
20604150411,27,85,43,65,37,48,19,43,6,359
20604150412,22,50,18,23,25,14,4,11,8,170
20604150413,25,93,64,74,30,29,23,61,3,408
20604150414,52,175,42,75,48,69,17,22,12,507
20604150415,27,90,27,41,25,24,7,21,6,266
20604150416,15,55,16,35,21,17,8,32,0,204
20604150417,14,44,15,13,13,7,8,3,0,112
20604150418,14,59,15,40,19,26,9,3,9,191
20604150419,11,58,16,31,16,16,9,37,0,198
20604150420,19,103,46,74,36,53,19,51,3,419
20604150421,24,154,50,82,61,46,10,28,6,475
20604150422,10,54,35,45,20,18,14,24,6,226
20604150423,7,31,15,20,13,0,5,8,0,96
20604150424,0,0,0,0,0,0,0,0,0,0
20604150425,42,91,27,33,31,18,4,21,0,277
20604150426,26,87,26,39,26,36,3,14,6,266
20604150427,26,151,31,52,44,32,8,14,13,377
20604150428,10,28,17,31,26,15,0,27,7,159
20604150429,8,31,10,19,6,15,4,22,0,114
20604150430,9,71,26,27,17,16,4,44,8,208
20604150431,37,93,17,49,20,38,19,30,3,298
20604150432,33,112,47,74,39,41,8,24,11,389
20604150433,18,43,28,35,16,23,5,22,0,194
20604150434,31,156,42,62,32,30,12,27,7,417
20604150501,0,0,0,0,0,0,0,0,0,0
20604150502,31,80,33,50,33,21,9,30,11,297
20604150503,45,119,14,28,45,14,4,4,0,279
20604150504,145,515,226,323,154,151,63,200,55,1838
20604150505,28,112,51,59,36,36,22,39,12,389
20604150506,16,52,25,41,22,7,15,22,3,208
20604150507,30,139,37,39,27,40,15,46,17,393
20604150508,23,50,7,17,18,9,0,3,0,126
20604150509,20,125,37,41,32,22,7,44,0,337
20604150510,30,120,10,25,22,21,7,15,6,263
20604150511,59,86,15,27,32,15,6,19,4,265
20604150512,35,214,59,81,45,30,13,40,13,541
20604150513,48,95,34,33,37,26,14,25,6,317
20604150514,42,144,24,52,42,31,0,34,5,383
20604150515,23,80,17,8,21,11,5,15,3,184
20604150516,17,58,20,9,16,6,15,17,4,165
20604150517,48,74,38,39,21,19,8,26,10,285
20604150518,87,353,83,118,121,84,25,90,10,975
20604150519,0,8,4,9,5,6,0,3,0,36
20604150520,35,102,26,17,19,13,3,19,6,250
20604150521,7,20,6,14,12,0,3,9,5,78
20604150522,47,115,38,46,46,22,10,28,0,345
20604150523,11,18,0,11,4,5,3,8,5,68
20604150524,44,122,57,75,42,36,11,30,4,426
20604150525,73,164,52,38,36,27,11,42,17,456
20604150526,5,4,4,7,8,0,0,0,0,22
20604150527,40,264,59,72,58,31,5,30,28,582
20604150528,3,4,0,0,0,0,0,0,0,10
20604150529,58,166,43,69,71,44,7,20,13,486
20604150530,0,0,0,0,0,0,0,0,0,0
20604150531,15,55,12,17,6,3,0,9,3,124
20604150601,10,52,14,7,11,6,4,3,0,109
20604150602,20,64,16,20,18,19,4,17,6,188
20604150603,79,194,22,47,39,20,7,16,8,431
20604150604,14,72,18,17,18,12,4,10,0,169
20604150605,19,82,24,23,20,26,8,18,4,218
20604150606,39,111,17,30,16,12,0,14,5,237
20604150607,4,4,4,18,10,0,4,12,5,63
20604150608,26,110,22,31,46,25,10,28,0,308
20604150609,24,109,8,14,22,25,0,9,5,215
20604150610,34,113,23,21,24,15,3,9,4,244
20604150611,20,62,15,11,12,4,3,7,5,146
20604150612,21,83,11,22,23,11,3,10,4,197
20604150613,67,203,23,48,43,15,6,18,0,428
20604150614,0,0,0,0,0,0,0,0,0,11
20604150615,9,11,6,24,17,19,14,10,7,105
20604150616,14,38,4,15,9,9,5,9,4,103
20604150617,27,106,17,29,27,18,5,8,4,250
20604150618,13,60,11,26,21,9,5,14,0,161
20604150619,27,176,24,46,38,27,9,6,4,363
20604150620,12,104,6,10,16,12,0,11,6,173
20604150621,24,89,12,12,18,16,0,4,0,165
20604150622,20,77,26,18,35,9,3,16,0,196
20604150623,9,116,24,27,33,5,16,15,0,244
20604150624,62,161,34,49,49,26,11,24,9,426
20604150625,46,104,12,15,24,12,5,8,3,230
20604150626,24,93,12,26,31,16,17,26,0,235
20604150627,23,85,9,18,15,3,0,7,7,166
20604150628,63,200,27,35,52,28,8,16,11,440
20604150629,4,6,0,4,4,6,5,9,0,42
20604150630,37,144,17,34,33,16,7,15,4,306
20604150631,63,183,43,40,42,20,3,20,13,423
20604150632,0,0,0,0,0,0,0,0,0,4
20604150633,21,65,11,23,22,12,3,15,4,167
20604150634,22,118,17,14,18,11,0,0,0,203
20604150635,33,122,19,23,29,13,7,14,3,264
20604150636,28,132,14,34,25,11,6,12,5,268
20604150637,52,170,34,35,33,14,6,14,3,357
20604150638,48,117,17,18,30,20,3,3,4,259
20604150639,48,149,15,19,28,20,4,7,4,298
20604150701,0,0,0,0,0,0,0,0,0,0
20604150801,48,125,22,35,48,16,5,20,8,335
20604150802,28,83,12,13,15,15,10,17,3,196
20604150803,91,144,6,17,45,23,0,5,3,333
20604150804,29,78,15,27,17,14,10,10,3,209
20604150805,41,125,23,28,46,21,16,21,8,336
20604150806,21,66,16,15,33,6,7,25,0,194
20604150807,19,58,5,7,14,3,0,0,0,104
20604150808,10,16,3,0,4,0,0,0,0,36
20604150809,41,100,28,31,43,13,12,21,8,300
20604150810,101,186,29,46,44,36,5,8,6,466
20604150811,27,107,30,47,33,32,13,32,4,319
20604150812,31,72,16,15,22,14,3,6,3,189
20604150813,76,128,13,47,40,15,12,15,9,360
20604150814,30,55,9,9,12,4,0,0,0,124
20604150815,34,94,28,45,54,18,9,27,4,313
20604150816,106,177,7,13,38,30,0,13,3,385
20604150901,66,185,38,40,63,46,14,29,6,483
20604150902,38,45,5,3,10,6,0,0,5,113
20604150903,67,221,44,74,76,35,14,26,14,579
20604150904,49,180,41,51,45,41,11,68,15,499
20604150905,39,92,20,16,23,14,8,10,7,225
20604150906,71,187,26,38,76,23,14,20,6,457
20604150907,14,59,18,9,20,15,0,12,3,146
20604150908,0,0,0,0,0,0,0,0,0,0
20604150909,15,45,0,11,15,8,0,5,0,92
20604150910,22,94,19,27,21,23,8,16,4,240
20604150911,64,111,15,29,31,8,9,8,6,291
20604150912,45,124,30,42,47,23,9,29,3,347
20604150913,50,179,40,49,55,44,12,40,3,473
20604150914,36,91,24,37,29,14,8,11,8,260
20604150915,72,216,54,75,70,43,12,46,16,604
20604150916,77,249,42,65,68,34,4,40,19,597
20604150917,45,121,28,31,38,13,7,11,3,307
20604150918,62,233,38,35,57,33,5,10,5,472
20604150919,41,142,27,33,38,15,5,20,7,331
20604150920,60,121,17,28,35,20,3,11,0,304
20604150921,36,102,28,39,38,16,15,45,4,317
20604150922,47,123,9,25,47,11,4,12,4,295
20604150923,57,152,22,25,49,12,6,23,6,358
20604150924,41,112,22,35,37,19,4,24,4,297
20604150925,65,134,35,79,70,32,17,40,8,480
20604150926,87,230,58,95,77,76,20,80,24,733
20604150927,79,163,28,30,37,14,8,16,8,401
20604150928,29,60,10,21,24,9,4,19,3,174
20604150929,51,145,27,51,47,26,11,30,4,383
20604150930,47,98,12,13,25,22,5,3,0,236
20604150931,54,147,41,28,39,17,8,39,8,374
20604150932,39,102,16,17,31,14,5,7,5,234
20604150933,40,85,20,22,33,9,4,11,3,235
20604151001,35,122,11,20,23,13,9,6,0,233
20604151002,75,175,21,22,46,25,11,15,7,407
20604151003,38,108,23,31,38,17,8,7,8,275
20604151004,14,84,29,34,30,17,14,31,4,264
20604151005,48,119,27,34,35,19,4,20,7,324
20604151006,37,106,27,34,36,24,6,25,6,296
20604151007,44,108,28,33,27,15,7,16,3,285
20604151008,123,289,48,56,92,47,16,36,9,714
20604151009,36,79,18,20,21,18,3,5,3,192
20604151010,21,88,15,19,28,14,3,22,3,230
20604151011,68,236,46,51,61,33,18,59,14,586
20604151012,43,135,19,24,38,16,0,3,9,290
20604151013,0,0,0,0,0,0,0,0,0,0
20604151014,0,0,0,0,0,0,0,0,0,0
20604151015,45,169,49,65,34,25,18,36,10,455
20604151016,27,109,21,21,39,13,8,32,3,284
20605112801,27,52,13,5,12,4,4,3,0,118
20605112802,56,76,7,16,16,16,0,8,7,199
20605112803,55,109,20,11,17,13,0,0,4,228
20605112804,70,98,16,13,23,20,3,3,10,256
20605112805,52,73,3,12,12,10,0,4,5,169
20605112807,75,84,21,9,39,21,10,5,4,267
20605112808,47,80,14,18,37,9,4,13,8,221
20605112809,64,101,19,18,21,22,0,5,7,248
20605112810,49,52,9,16,18,11,4,3,3,163
20605112811,57,66,9,12,16,9,4,0,3,179
20605112812,57,77,6,11,16,10,0,5,3,189
20605112813,82,116,16,12,37,16,4,3,6,298
20605112814,68,88,7,14,17,14,8,4,5,223
20605112815,44,58,5,6,16,10,0,0,4,144
20605112816,49,56,8,17,16,25,5,5,7,176
20605112817,54,88,15,14,14,9,3,4,4,198
20605112818,30,55,13,13,22,11,0,3,0,144
20605112819,74,117,16,17,25,11,0,12,5,287
20605112820,78,97,14,12,25,18,4,6,4,259
20605112821,37,65,7,9,23,6,5,6,5,155
20605112822,65,92,17,9,17,20,0,4,8,223
20605112823,40,55,10,9,22,13,0,7,5,155
20605112824,51,75,11,17,12,14,0,6,7,195
20605112825,57,92,6,12,16,8,0,11,3,211
20605112826,62,103,7,17,36,20,4,5,7,254
20605112828,94,202,32,43,63,28,4,19,8,494
20605112830,68,170,28,45,31,35,9,26,5,412
20605112832,0,0,0,0,0,0,0,0,0,0
20605112833,59,147,14,34,32,28,5,9,8,341
20605112834,64,153,19,25,58,32,13,6,7,368
20605112835,61,128,15,14,47,28,7,8,10,322
20605112836,22,103,11,20,30,16,4,9,0,222
20605112837,37,87,19,17,35,19,5,13,3,238
20605112838,42,105,22,21,30,19,6,16,0,264
20605112839,28,60,5,10,10,10,5,0,3,131
20605112840,46,107,13,10,30,16,3,12,3,237
20605112841,29,56,0,10,5,3,4,6,4,114
20605112842,36,94,16,20,28,26,7,11,8,253
20605112843,59,91,11,16,21,16,0,7,0,230
20605112901,37,81,16,22,30,17,9,11,4,228
20605112902,53,159,31,39,36,32,0,7,4,363
20605112903,51,91,21,23,26,25,5,7,4,243
20605112904,46,113,15,21,29,16,3,5,3,247
20605112905,100,178,33,30,36,39,5,15,7,435
20605112906,42,57,18,14,21,17,4,7,0,183
20605112907,91,136,31,42,38,39,9,10,9,405
20605112908,60,116,20,23,32,29,3,8,3,298
20605112909,61,105,16,26,25,16,0,10,3,271
20605112910,52,119,23,18,30,19,8,5,9,281
20605112911,38,61,11,11,20,16,4,9,0,176
20605112912,24,45,11,23,20,5,6,0,0,142
20605112913,73,107,24,25,17,22,4,7,3,279
20605112914,42,70,17,18,28,25,0,11,3,221
20605112915,38,49,5,16,19,11,3,8,0,156
20605112916,68,126,32,31,23,20,8,4,0,310
20605112917,0,0,0,0,0,0,0,0,0,0
20605112918,0,0,0,0,0,0,0,0,0,0
20605112919,0,0,0,0,0,0,0,0,0,0
20605112920,0,0,0,0,0,0,0,0,0,0
20605112921,58,96,17,13,28,25,3,9,0,252
20605112922,72,141,28,30,28,40,15,12,0,363
20605112923,39,109,32,28,36,17,4,13,3,291
20605112924,55,115,18,21,15,25,0,10,4,255
20605112925,62,136,23,31,22,25,6,14,8,331
20605112926,63,103,24,25,23,18,4,8,4,280
20605112927,44,78,8,21,17,13,7,7,6,206
20605112928,45,81,25,28,24,14,0,10,4,228
20605112929,25,60,20,17,22,11,0,0,4,160
20605112930,30,88,16,16,28,18,3,18,4,218
20605112931,69,142,27,32,39,21,9,15,8,363
20605112932,42,107,19,17,29,18,8,11,9,254
20605112933,46,102,26,13,32,10,4,5,4,242
20605112934,42,93,13,16,26,8,6,6,3,216
20605112935,67,95,19,13,20,15,6,10,0,250
20605112936,50,124,18,34,25,22,4,3,3,282
20605112937,26,50,10,10,13,13,0,0,0,126
20605112938,37,87,8,11,12,11,0,5,0,177
20605112939,67,99,18,24,24,28,8,9,5,282
20605112940,53,91,20,8,24,16,0,9,0,211
20605113001,116,150,28,25,59,21,3,11,10,431
20605113002,77,119,35,25,34,29,18,19,7,362
20605113003,71,130,31,30,25,25,5,9,0,328
20605113004,34,59,12,5,18,7,9,11,3,159
20605113005,51,83,8,13,21,6,6,4,0,198
20605113006,41,80,8,25,18,13,9,9,3,209
20605113007,80,129,19,21,34,17,10,12,4,320
20605113008,35,66,13,11,26,16,5,7,3,183
20605113009,59,62,4,11,19,20,4,3,0,183
20605113010,88,118,21,27,43,18,7,8,4,333
20605113011,44,69,16,16,17,15,4,14,10,209
20605113012,48,66,11,16,14,11,3,9,0,180
20605113013,33,39,4,6,11,3,4,5,7,105
20605113014,30,36,14,11,20,7,3,6,0,133
20605113015,30,37,11,15,20,7,9,3,3,135
20605113016,83,110,14,19,47,21,6,6,3,308
20605113017,100,151,15,20,39,21,0,8,8,358
20605113019,52,80,13,13,23,15,0,9,9,216
20605113020,89,125,22,24,39,22,10,13,3,346
20605113021,36,58,0,8,21,7,0,3,3,153
20605113022,89,142,28,30,53,37,8,7,6,403
20605113023,24,57,15,11,25,21,4,15,0,160
20605113024,60,90,25,24,29,12,0,19,5,265
20605113025,77,106,16,26,35,24,0,9,0,291
20605113026,90,122,9,11,39,18,0,3,7,301
20605113027,27,25,9,5,12,3,3,6,3,104
20605113028,55,65,9,9,20,13,6,0,10,185
20605113029,57,72,9,11,28,14,5,0,6,205
20605113032,35,51,7,6,9,17,6,6,0,146
20605113033,22,39,9,7,19,13,0,3,0,111
20605113034,132,250,59,53,92,41,11,23,10,670
20605113035,128,172,33,38,79,22,5,15,8,503
20605113036,63,90,12,8,22,12,0,0,9,215
20605113037,44,53,6,11,20,16,0,5,0,161
20605113038,18,23,5,0,8,3,4,0,0,60
20605113039,76,77,11,21,22,25,3,7,3,248
20605113401,55,101,35,20,37,9,8,11,6,285
20605113402,22,115,25,15,27,11,0,10,6,230
20605113403,45,89,27,21,19,22,5,9,0,240
20605113404,23,58,15,14,16,12,5,5,0,156
20605113405,28,92,30,26,21,12,9,18,8,237
20605113406,59,131,39,43,33,23,6,17,7,352
20605113407,86,130,33,36,33,27,8,10,3,364
20605113408,50,73,19,24,40,15,4,10,4,239
20605113409,37,78,17,28,25,10,3,11,3,216
20605113410,25,59,11,22,21,13,0,4,0,154
20605113411,42,97,16,23,32,29,0,14,4,264
20605113412,78,126,28,24,45,24,5,16,5,345
20605113413,64,134,35,26,28,23,6,9,10,329
20605113414,49,108,23,25,25,21,6,8,0,269
20605113415,30,90,26,18,27,21,3,14,9,246
20605113416,47,105,24,26,36,25,8,4,4,267
20605113417,54,96,29,31,32,21,10,19,3,287
20605113418,38,77,16,18,26,7,9,8,3,202
20605113419,57,128,25,27,38,17,5,18,4,315
20605113420,52,119,34,25,44,27,14,14,3,329
20605113421,40,56,14,21,23,20,6,6,3,180
20605113422,33,80,15,20,23,28,10,7,7,228
20605113423,27,86,9,32,20,19,6,6,0,200
20605113424,31,59,17,22,14,13,4,12,0,162
20605113425,55,120,15,21,25,19,4,5,3,265
20605113426,43,66,17,18,15,13,4,7,0,186
20605113427,64,136,41,25,41,28,3,21,5,366
20605113428,64,128,25,24,44,18,0,13,0,317
20605113429,41,95,6,21,23,17,4,9,9,221
20605113430,49,96,22,18,22,7,4,5,6,232
20605113431,40,71,13,18,19,20,8,11,0,205
20605113432,77,126,22,36,37,16,16,15,8,354
20605113433,36,90,28,36,18,7,3,7,0,228
20605113434,51,130,27,30,55,19,9,18,0,330
20605113435,39,106,22,26,28,20,4,10,3,248
20605113436,28,40,12,12,13,9,3,10,0,119
20605113437,65,102,24,18,27,26,5,9,3,271
20605113438,34,100,33,36,40,25,14,25,3,307
20605113439,50,129,26,15,30,16,3,7,5,275
20605151101,103,158,54,52,51,42,23,32,11,507
20605151102,65,125,26,28,39,24,0,8,5,321
20605151103,0,0,0,0,0,0,0,0,0,0
20605151104,5,7,0,0,0,0,0,0,0,7
20605151105,86,136,35,29,56,23,13,11,13,403
20605151201,51,85,26,26,23,21,3,8,0,240
20605151202,28,92,11,17,33,5,3,8,3,198
20605151203,59,106,8,10,21,16,7,9,10,247
20605151204,39,65,5,5,17,8,0,3,0,146
20605151205,65,112,8,19,27,22,0,0,8,262
20605151206,33,105,23,29,33,19,5,20,4,273
20605151207,47,100,5,16,30,4,3,7,10,215
20605151208,35,36,23,11,24,13,0,13,8,167
20605151209,63,104,17,16,22,9,0,8,3,244
20605151210,44,78,10,11,20,12,4,9,5,191
20605151211,45,84,11,10,21,8,0,5,3,181
20605151212,52,79,13,15,6,10,0,6,4,186
20605151213,61,124,17,16,34,8,0,5,11,269
20605151214,93,200,31,30,58,26,5,10,9,465
20605151215,41,113,15,12,33,16,9,13,3,252
20605151216,18,65,10,18,19,19,3,12,6,171
20605151217,6,8,3,5,3,7,5,3,0,51
20605151218,63,116,11,22,38,9,3,0,3,275
20605151219,36,76,14,16,23,9,0,3,0,172
20605151220,50,64,6,6,20,8,0,3,0,155
20605151221,67,184,31,30,59,35,12,13,10,437
20605151222,60,111,14,29,43,20,0,0,4,284
20605151223,52,94,14,13,24,15,5,3,3,227
20605151224,55,106,10,20,39,18,0,7,4,257
20605151225,44,66,17,10,17,9,0,0,3,160
20605151226,40,83,3,13,15,9,0,6,4,176
20605151227,17,37,3,17,9,8,0,13,3,104
20605151228,29,42,11,5,12,9,3,0,0,112
20605151229,50,80,9,23,20,10,5,0,0,194
20605151230,90,85,14,10,24,13,4,10,4,257
20605151231,19,34,5,11,10,3,6,4,0,85
20605151301,37,97,31,37,38,16,10,7,4,279
20605151302,34,87,27,24,22,24,7,11,14,246
20605151303,45,84,21,27,20,22,4,13,7,242
20605151304,74,131,31,43,35,36,7,11,3,369
20605151305,84,189,40,36,48,33,7,18,11,477
20605151306,81,149,46,52,45,30,6,24,13,445
20605151307,22,53,9,22,22,13,0,9,0,158
20605151308,37,106,41,34,38,14,8,19,9,296
20605151309,33,71,11,20,14,11,0,4,3,164
20605151310,56,104,26,40,32,20,7,7,8,300
20605151311,41,118,23,35,41,37,7,19,0,318
20605151312,24,48,15,15,19,8,5,7,0,147
20605151313,43,120,25,31,50,24,7,20,7,330
20605151314,79,151,38,44,49,29,5,15,16,425
20605151315,43,62,11,20,16,15,13,12,3,197
20605151316,41,77,21,17,22,24,5,7,12,222
20605151317,53,123,51,57,44,27,8,40,8,408
20605151318,76,182,37,35,66,27,13,29,3,472
20605151319,55,111,37,29,38,7,7,11,10,317
20605151320,75,156,45,50,44,20,8,20,8,430
20605151321,62,136,35,35,58,22,10,12,3,376
20605151322,39,94,14,9,24,11,4,7,0,212
20605151323,30,88,36,17,31,18,12,10,3,244
20605151324,74,153,40,40,45,24,4,17,3,390
20605151325,55,106,55,44,32,28,12,20,6,354
20605151401,37,83,12,10,26,12,6,3,0,191
20605151402,58,115,25,34,29,5,7,12,8,295
20605151403,54,94,21,22,23,12,8,13,4,256
20605151404,0,0,0,0,0,0,0,0,0,0
20605151405,94,153,31,43,65,26,10,9,3,430
20605151406,30,44,16,13,14,17,3,9,3,144
20605151407,0,0,0,0,0,0,0,0,0,0
20605151408,26,71,21,26,26,11,4,15,0,204
20605151409,41,78,8,10,20,6,4,9,6,184
20605151410,45,98,25,27,29,22,10,3,5,264
20605151411,53,113,19,20,21,14,3,9,3,254
20605151412,76,148,22,29,36,13,6,5,10,345
20605151413,53,108,28,22,27,24,0,17,4,280
20605151414,26,71,12,16,9,20,0,8,4,179
20605151415,25,31,10,3,9,8,0,4,0,80
20605151416,72,131,28,30,39,16,7,0,7,341
20605151417,33,58,0,6,20,15,0,3,0,140
20605151418,0,0,0,0,0,0,0,0,0,0
20605151419,32,94,19,17,29,19,6,16,3,228
20605151420,43,104,33,28,28,12,10,11,9,284
20605151421,51,111,40,39,35,21,9,21,4,330
20605151422,87,196,36,61,60,53,11,17,10,529
20605151423,68,126,25,33,34,19,6,21,9,327
20605151424,74,134,36,45,51,17,18,24,4,400
20605151425,82,198,31,52,61,20,12,22,13,489
20605151426,50,63,13,14,18,7,4,7,0,180
20605151427,32,89,27,33,26,18,3,9,6,239
20605151428,38,120,18,18,30,19,13,8,3,268
20605151429,29,53,11,10,27,8,0,9,0,147
20605151430,35,90,22,25,23,14,12,12,4,238
20605151431,34,97,30,32,25,12,7,23,7,274
20605151432,62,93,30,40,39,23,6,11,11,318
20605151433,75,113,26,27,44,16,4,8,5,309
20605151434,0,0,0,0,0,0,0,0,0,0
20605151435,56,99,20,25,34,24,6,3,9,269
20606113501,46,111,25,17,27,20,15,15,0,268
20606113502,60,113,16,14,23,21,0,4,8,253
20606113503,106,129,10,32,32,27,4,10,14,364
20606113504,60,77,5,7,18,11,4,3,12,199
20606113505,34,79,12,9,15,24,0,5,0,183
20606113506,56,132,14,31,33,28,6,7,3,309
20606113507,74,156,10,26,33,34,6,8,7,362
20606113508,51,79,9,6,10,19,6,3,0,183
20606113509,45,84,13,20,22,22,4,5,4,222
20606113511,38,77,7,15,25,15,0,7,4,188
20606113512,26,84,4,15,27,21,0,0,3,194
20606113513,54,130,10,15,32,28,3,9,0,282
20606113514,30,100,17,13,44,15,3,6,9,242
20606113515,44,87,17,13,21,13,0,8,5,203
20606113516,56,156,17,31,42,32,6,5,0,338
20606113517,51,151,22,34,32,28,4,16,0,351
20606113518,34,51,14,14,18,14,8,6,0,161
20606113519,74,149,19,27,49,26,3,7,4,366
20606113520,66,96,14,9,18,19,0,3,8,238
20606113521,87,210,26,21,54,38,0,11,5,466
20606113603,63,94,13,17,20,13,0,4,4,227
20606113604,33,81,13,8,18,20,3,6,3,189
20606113605,61,131,23,34,42,18,8,14,4,338
20606113606,7,37,13,17,15,7,6,7,5,108
20606113607,89,164,37,41,33,25,9,20,7,421
20606113608,115,228,23,49,58,52,13,16,15,569
20606113609,63,98,16,19,28,12,5,14,5,261
20606113610,56,142,24,34,36,24,9,10,4,343
20606113611,45,106,20,25,32,24,7,8,0,268
20606113612,52,94,6,17,25,16,0,0,0,209
20606113613,51,112,15,21,31,13,0,15,5,270
20606113614,60,103,17,16,28,15,5,6,0,263
20606113615,98,201,45,48,86,51,8,14,12,562
20606113616,48,63,6,14,25,10,6,10,4,181
20606113617,42,114,12,20,28,23,4,12,0,248
20606113618,63,113,13,16,33,13,3,5,0,266
20606113619,55,112,22,19,38,26,0,12,3,300
20606113620,56,124,13,27,34,18,8,3,0,280
20606113621,37,86,12,18,24,19,6,10,3,199
20606113622,56,148,32,16,33,23,4,11,5,329
20606113623,60,142,38,41,43,34,4,4,0,368
20606113624,56,168,27,21,47,26,8,14,6,364
20606113625,81,111,19,21,35,24,6,11,14,326
20606113626,62,148,23,41,35,21,10,11,8,354
20606113627,62,143,27,24,38,27,8,9,3,341
20606113628,76,159,21,43,44,36,5,7,7,398
20606113629,55,129,20,22,45,18,6,7,0,307
20606113630,55,121,16,28,27,30,3,16,3,303
20606113631,56,92,16,12,22,18,3,11,0,228
20606113632,48,92,11,24,18,17,4,3,4,223
20606113633,74,144,16,26,31,33,3,17,0,347
20606113634,66,115,18,26,32,31,4,7,7,304
20606113635,54,144,12,18,32,22,5,6,0,296
20606113636,45,85,12,18,28,15,0,5,5,204
20606113637,35,97,18,26,24,15,3,3,7,227
20606113638,29,80,9,11,28,12,3,3,0,175
20606113639,70,151,19,22,34,22,0,12,0,342
20606113640,32,51,13,16,18,12,3,0,3,151
20606113641,52,94,22,20,27,21,15,3,4,260
20606113642,39,66,14,18,24,18,0,3,0,185
20606113643,114,255,41,47,65,36,4,9,3,579
20606113644,47,102,16,21,30,14,0,3,4,239
20606113645,51,159,23,25,61,33,5,13,4,375
20606113801,45,85,17,12,23,20,0,12,4,215
20606113802,53,122,13,30,33,15,4,7,5,282
20606113803,40,55,12,12,22,14,0,0,10,162
20606113804,46,63,5,0,12,8,4,3,9,152
20606113805,57,85,6,11,24,19,0,6,6,201
20606113806,28,54,9,4,12,11,0,0,0,115
20606113807,34,59,6,16,12,7,0,5,6,145
20606113808,58,84,11,21,28,20,6,10,4,240
20606113809,33,52,0,6,10,17,0,3,5,130
20606113810,53,68,0,8,23,20,5,8,11,192
20606113811,49,68,5,11,17,21,0,3,10,196
20606113812,54,121,19,20,34,35,0,7,0,301
20606113813,47,97,8,18,22,13,0,5,5,218
20606113814,63,121,11,21,46,28,0,5,6,298
20606113815,45,67,4,7,17,13,0,0,6,165
20606113816,50,83,6,6,22,18,3,3,6,196
20606113817,43,85,8,14,32,19,3,3,12,220
20606113818,70,93,11,16,28,11,3,4,10,243
20606113819,53,83,15,12,22,13,0,3,5,204
20606113820,71,128,6,17,27,24,5,7,10,299
20606113821,44,69,9,10,6,15,0,0,12,166
20606113822,41,66,0,16,23,17,0,5,4,180
20606113823,75,138,13,19,29,39,4,3,12,328
20606113824,71,106,7,9,29,19,0,6,3,258
20606113825,66,92,15,19,30,17,0,6,4,255
20606113826,40,83,5,6,20,13,3,4,6,180
20606113827,46,84,8,14,28,11,3,0,10,207
20606113828,40,59,0,5,22,11,0,3,5,145
20606113829,47,94,4,11,24,7,0,3,13,207
20606113830,56,87,9,7,25,15,0,0,0,204
20606113831,36,78,9,16,24,13,0,3,6,191
20606113832,35,37,0,4,14,14,0,0,5,107
20606151501,41,97,7,13,17,15,0,3,6,203
20606151502,38,113,7,6,22,10,0,0,3,194
20606151503,48,120,9,24,23,18,0,0,6,258
20606151504,51,123,23,29,35,25,0,9,8,310
20606151505,70,192,20,24,32,17,3,8,3,369
20606151506,75,95,9,7,25,23,3,0,8,247
20606151507,114,237,19,23,39,27,0,9,4,474
20606151508,47,137,14,42,46,29,5,19,4,345
20606151509,39,136,11,21,39,21,4,3,5,282
20606151510,75,173,33,42,50,24,8,16,3,413
20606151511,44,132,21,25,33,14,7,12,3,285
20606151512,42,136,25,15,24,17,5,3,5,274
20606151513,103,218,29,24,43,40,10,3,9,471
20606151514,85,186,21,35,60,36,7,17,7,454
20606151515,57,155,19,31,41,12,8,5,5,345
20606151516,0,0,0,0,0,0,0,0,0,0
20606151517,74,171,22,22,44,29,6,6,9,371
20606151518,19,97,15,27,28,16,3,14,4,216
20606151519,73,201,30,32,53,23,8,9,3,427
20606151520,10,31,0,11,14,6,0,0,3,83
20606151521,79,155,17,25,33,17,0,7,5,345
20606151522,74,187,17,33,42,36,8,13,3,406
20606151523,33,84,13,25,19,19,0,5,3,199
20606151524,74,182,9,15,39,26,3,14,3,365
20606151525,70,169,24,38,49,30,7,6,7,402
20606151601,65,177,18,14,43,23,0,13,8,361
20606151602,60,136,15,16,27,11,0,10,9,272
20606151603,5,8,3,11,0,0,11,15,6,55
20606151604,4,9,4,19,8,19,3,15,9,98
20606151605,45,123,11,13,26,6,5,3,6,244
20606151606,31,83,12,13,24,24,3,3,3,181
20606151607,65,137,25,31,37,26,4,10,8,349
20606151608,68,126,23,15,28,25,6,12,4,296
20606151609,43,94,10,22,15,19,0,0,4,218
20606151610,47,111,14,17,28,22,6,13,0,260
20606151611,42,121,19,23,20,18,0,12,3,269
20606151612,80,161,15,22,37,25,0,3,0,356
20606151613,49,111,14,14,23,20,0,3,3,239
20606151614,42,137,10,10,27,10,3,3,3,239
20606151615,39,104,12,26,22,13,0,7,0,231
20606151616,33,84,7,12,20,11,3,3,7,168
20606151617,47,87,9,15,31,13,0,5,0,213
20606151618,46,148,19,21,33,31,5,8,4,317
20606151619,68,108,18,18,27,16,0,0,6,258
20606151620,47,104,10,12,18,20,4,3,10,228
20606151621,75,171,21,24,49,33,7,11,7,391
20606151622,64,161,11,20,37,19,3,3,4,330
20606151623,20,69,17,18,20,11,0,0,4,169
20606151624,73,157,17,25,27,22,4,12,6,336
20607113901,28,69,18,23,15,18,4,9,8,181
20607113902,34,84,21,23,21,18,0,3,3,211
20607113905,58,157,45,37,33,33,6,16,12,389
20607113906,78,209,26,28,33,25,3,6,6,415
20607113909,47,138,20,16,18,11,4,15,0,271
20607113910,72,140,20,28,46,23,6,12,4,348
20607113911,50,153,19,28,36,21,9,13,5,335
20607113912,52,129,21,24,27,11,0,13,8,282
20607113913,49,151,11,17,26,14,0,0,0,279
20607113914,121,287,40,59,99,69,19,23,12,732
20607113915,38,125,35,37,48,21,11,25,8,330
20607113916,81,200,65,45,77,28,3,29,7,532
20607113917,20,45,7,6,18,11,0,5,0,114
20607113918,61,179,19,13,32,12,0,9,8,340
20607113919,115,226,35,33,57,35,14,8,12,534
20607113920,83,181,25,25,44,16,5,7,5,399
20607113921,69,144,19,26,14,7,0,4,5,293
20607113922,51,121,16,26,27,10,0,6,3,254
20607114001,22,98,12,15,21,13,0,7,7,192
20607114002,37,124,9,25,30,7,0,10,8,241
20607114003,29,84,12,14,12,7,0,3,8,167
20607114004,24,117,6,13,17,4,3,3,3,197
20607114005,30,109,10,14,24,15,9,5,4,215
20607114006,39,119,18,21,27,12,7,9,0,242
20607114007,43,91,16,14,19,6,3,6,5,208
20607114008,30,69,4,22,18,20,0,5,3,168
20607114009,34,111,14,24,27,14,0,7,0,240
20607114010,44,153,13,22,27,15,8,6,3,297
20607114011,34,94,13,16,19,15,0,0,0,203
20607114012,34,91,5,20,19,9,3,0,3,186
20607114013,0,0,0,0,0,0,0,0,0,0
20607114014,51,179,27,35,36,23,6,3,3,365
20607114015,44,115,19,31,25,23,0,8,8,267
20607114016,58,171,24,22,36,11,4,7,7,338
20607114017,29,122,15,21,15,7,0,6,5,229
20607114018,53,103,8,22,21,14,0,0,4,225
20607114019,31,124,19,27,17,12,0,6,0,232
20607114020,30,79,15,18,21,15,0,4,0,182
20607114021,29,102,19,31,25,23,7,4,5,238
20607114022,36,126,15,31,22,18,0,4,7,262
20607114023,37,108,11,18,26,16,4,8,4,238
20607114102,49,148,22,26,27,7,9,10,8,302
20607114103,57,155,23,28,28,20,4,6,10,329
20607114106,4,10,6,24,8,18,15,26,7,127
20607114107,0,6,4,10,0,6,4,16,0,51
20607114108,0,0,0,8,0,3,11,12,0,39
20607114110,31,72,25,31,21,17,3,11,5,212
20607114111,68,159,23,31,25,20,10,6,3,346
20607114112,64,208,36,36,33,27,0,17,6,425
20607114113,33,103,10,17,13,7,0,8,0,190
20607114114,0,6,0,23,7,6,3,8,0,62
20607114115,54,161,17,28,26,16,7,3,5,317
20607114116,46,114,18,18,21,13,3,10,0,242
20607114117,40,114,15,27,19,16,5,11,0,239
20607114118,22,76,10,8,7,11,6,0,0,136
20607114119,44,147,19,10,21,14,0,0,10,264
20607114120,40,108,12,13,20,9,3,3,0,213
20607114121,24,41,7,5,3,3,4,0,0,86
20607114122,78,181,27,14,34,23,4,8,6,382
20607114123,71,251,19,30,47,15,6,9,7,453
20607114124,79,143,16,20,26,3,0,6,0,287
20607114125,48,152,10,8,26,8,0,0,5,251
20607114126,66,181,19,19,39,14,6,4,4,353
20607114127,57,177,14,22,36,22,8,6,5,346
20607114128,42,93,13,20,28,11,4,0,0,219
20607114201,4,4,5,22,6,4,6,14,4,66
20607114202,104,230,26,15,31,21,0,3,7,434
20607114203,3,8,9,15,0,6,8,15,3,71
20607114204,4,23,13,29,11,12,21,26,4,142
20607114205,0,7,8,12,3,4,8,12,0,57
20607114206,58,122,19,29,24,17,11,7,4,283
20607114207,42,91,6,18,23,4,0,3,0,187
20607114208,65,152,25,29,34,14,3,9,4,325
20607114209,108,306,33,43,43,28,0,11,8,586
20607114210,52,170,14,29,24,13,0,5,5,325
20607114211,35,134,15,27,21,7,0,5,6,244
20607114212,57,156,17,26,28,13,3,8,8,302
20607114213,26,67,8,23,10,6,0,7,4,157
20607114214,23,69,6,26,13,16,7,9,0,168
20607114215,9,20,4,6,5,4,0,3,0,52
20607114216,57,153,10,18,26,18,3,4,0,283
20607114218,38,87,15,18,17,15,0,6,3,199
20607114219,49,153,14,14,23,13,0,10,3,271
20607114220,60,172,19,25,50,17,5,7,3,359
20607114221,62,135,24,29,38,30,4,9,4,340
20607114222,29,89,12,10,11,11,4,6,4,181
20607114223,69,240,25,21,44,23,7,8,12,449
20607114224,76,224,21,17,38,15,0,5,6,389
20607114225,68,148,9,19,27,20,0,8,5,306
20607114301,67,153,22,25,44,21,10,7,3,357
20607114302,28,83,10,15,11,6,4,5,3,158
20607114303,46,110,14,17,26,19,4,7,0,252
20607114304,36,87,10,26,17,11,5,7,6,204
20607114305,46,154,19,34,44,11,7,10,6,321
20607114306,53,149,16,11,34,17,0,13,0,295
20607114307,44,172,16,17,29,18,0,5,5,313
20607114308,42,147,17,41,30,33,7,10,8,334
20607114309,71,168,18,24,38,17,5,9,4,354
20607114310,42,116,13,27,17,12,0,8,4,232
20607114311,58,149,26,23,27,10,4,3,4,307
20607114312,112,277,42,44,61,24,0,9,6,567
20607114313,30,89,14,9,19,9,5,4,6,178
20607114314,51,156,23,42,37,32,9,13,7,362
20607114315,50,157,20,21,32,19,0,10,0,314
20607114316,87,254,14,27,48,18,5,11,4,478
20607114317,60,199,28,24,26,10,0,11,4,359
20607114318,36,93,10,24,17,19,4,6,3,194
20607114319,29,84,6,9,17,3,4,8,3,166
20607114320,23,88,4,20,24,10,4,0,4,179
20607114321,35,85,0,8,17,4,0,0,0,154
20607114322,47,121,15,20,28,11,0,3,3,247
20607114323,66,173,21,25,18,9,0,6,10,331
20607114324,71,186,20,20,49,24,0,0,0,372
20607114325,41,92,16,20,14,13,0,4,0,201
20607114326,32,98,7,9,14,11,4,5,0,184
20607114327,48,123,8,25,24,15,0,3,0,252
20607114501,54,160,18,19,28,13,14,4,5,316
20607114502,63,138,12,16,33,15,6,7,3,285
20607114503,78,200,17,27,32,13,3,8,5,380
20607114504,30,90,12,11,15,6,4,4,3,176
20607114505,54,156,11,11,27,7,4,8,3,285
20607114506,61,153,15,17,28,12,4,15,3,306
20607114507,25,95,4,12,14,8,0,5,3,163
20607114508,36,95,14,21,13,3,7,3,0,196
20607114509,0,0,0,0,0,0,0,0,0,0
20607114510,90,192,28,38,60,21,6,7,0,457
20607114511,110,254,39,29,61,32,15,18,8,555
20607114512,54,95,17,15,19,13,3,15,6,226
20607114513,34,114,16,21,23,21,5,16,6,254
20607114514,59,139,13,17,29,23,9,9,0,297
20607114515,42,95,15,25,27,12,6,6,5,227
20607114516,41,73,16,16,16,9,3,15,0,183
20607114518,33,98,11,19,20,11,0,5,3,201
20607114519,27,108,9,16,31,10,3,9,0,208
20607114520,22,79,7,7,14,7,3,5,0,152
20607114521,39,82,20,15,20,9,3,4,0,186
20607114522,99,239,28,28,53,23,10,9,12,502
20607114523,60,104,20,8,22,9,0,8,4,233
20607151701,50,125,18,23,13,12,0,15,4,262
20607151702,49,108,17,15,28,20,6,4,0,252
20607151703,56,143,23,23,39,19,3,6,8,320
20607151704,69,135,11,17,28,15,3,3,0,295
20607151705,71,156,21,21,37,15,4,16,4,345
20607151706,85,178,26,25,26,32,3,8,0,390
20607151707,40,80,11,15,30,14,0,3,0,202
20607151708,74,135,11,15,40,15,11,10,3,324
20607151709,47,76,16,15,24,12,0,5,0,188
20607151710,117,242,38,38,61,24,7,14,12,542
20607151711,74,143,20,40,35,22,4,6,7,345
20607151712,80,173,18,22,38,23,5,8,8,372
20607151713,47,110,13,11,20,11,7,13,4,240
20607151714,75,200,25,20,37,26,9,10,9,414
20607151715,102,209,28,40,59,46,5,4,9,500
20607151716,66,132,20,18,28,13,0,3,5,298
20607151717,54,148,18,18,26,13,5,10,5,284
20607151718,65,144,20,13,37,18,0,0,10,307
20607151719,63,185,26,26,32,15,3,3,6,362
20607151720,66,139,10,20,42,23,9,16,3,324
20607151721,57,121,20,23,19,20,4,10,0,273
20607151722,41,84,15,17,16,16,0,7,3,200
20607151723,43,121,15,16,17,19,3,6,3,237
20607151724,43,112,28,26,36,24,4,11,0,276
20607151725,62,156,30,22,37,13,3,5,0,333
20607151726,89,194,20,17,52,24,10,12,5,422
20607151727,0,0,0,0,0,0,0,0,0,0
20607151728,26,76,21,6,19,12,4,9,6,167
20607151729,88,162,26,35,55,30,7,7,8,415
20607151730,77,184,21,30,29,12,0,6,13,376
20607151731,73,164,19,22,32,31,0,5,10,349
20607151732,106,223,34,30,52,22,8,16,9,508
20607151733,87,181,28,24,43,14,5,10,6,399
20607151734,68,135,20,19,30,19,5,10,9,307
20607151735,32,90,6,14,16,11,0,7,0,176
20607151736,59,169,21,24,37,16,0,7,5,338
20607151737,39,103,27,23,24,10,3,9,0,237
20607151738,73,145,21,13,25,18,5,4,3,309
20607151739,69,129,13,20,36,17,4,11,0,305
20607151801,30,81,28,26,21,26,6,18,6,242
20607151802,7,4,4,10,6,11,7,16,0,55
20607151803,38,100,21,21,35,13,11,11,3,243
20607151804,65,138,30,39,41,27,6,14,0,370
20607151805,103,226,25,27,60,28,8,20,0,495
20607151806,62,127,28,34,32,29,8,15,3,327
20607151807,46,119,32,23,37,18,3,13,0,296
20607151808,12,19,9,37,23,21,13,33,12,169
20607151809,70,149,31,23,39,22,3,7,3,348
20607151810,61,163,30,20,41,19,9,15,5,351
20607151811,62,170,28,34,40,14,10,12,7,367
20607151812,4,4,0,12,4,8,0,13,0,58
20607151813,58,110,23,16,39,21,7,5,6,281
20607151814,57,142,29,36,40,26,3,18,4,361
20607151815,5,10,15,17,5,11,11,26,0,97
20607151816,20,72,24,25,14,16,5,11,0,183
20607151817,38,69,13,11,12,8,3,4,0,165
20607151818,61,150,34,35,49,26,0,13,5,366
20607151819,35,85,9,11,22,14,0,5,4,186
20607151820,77,197,25,26,50,28,6,19,0,421
20607151821,41,127,19,32,26,12,3,14,12,294
20607151822,5,5,7,14,0,0,0,9,0,44
20607151823,27,59,23,20,17,19,8,8,4,187
20607151824,63,172,31,24,50,25,9,11,7,395
20607151825,35,81,17,14,23,8,3,3,4,191
20607151826,18,28,12,25,6,10,6,23,10,140
20607151827,13,46,8,21,15,9,4,3,0,132
20607151828,52,129,25,28,42,13,8,10,4,313
20607151829,39,131,11,19,24,9,0,14,3,247
20607151830,95,196,16,16,46,24,11,6,6,419
20607151831,73,144,31,13,37,17,3,6,12,338
20607151832,57,129,18,24,43,11,0,11,4,300
20607151833,44,100,15,19,24,13,4,5,0,226
20701114601,58,64,10,22,33,11,0,13,0,214
20701114602,43,65,5,17,12,17,0,5,7,172
20701114603,50,102,12,15,25,21,4,5,4,230
20701114604,42,68,7,17,20,16,0,4,0,174
20701114605,28,60,12,6,12,13,0,0,4,137
20701114606,74,154,27,21,35,22,0,16,0,355
20701114607,45,78,12,16,22,28,4,12,0,218
20701114608,35,48,9,7,17,10,5,9,0,144
20701114609,80,115,19,23,33,25,6,9,5,300
20701114610,38,84,14,6,22,13,3,12,5,208
20701114611,53,90,17,14,27,20,4,12,0,231
20701114612,39,56,4,12,15,10,3,10,3,166
20701114613,28,64,3,15,14,18,0,6,0,146
20701114614,75,121,18,28,56,31,5,11,8,353
20701114615,21,77,10,9,25,7,5,5,0,162
20701114616,26,58,6,7,19,14,5,3,5,143
20701114617,39,68,8,16,17,17,0,0,0,165
20701114618,44,73,7,9,25,14,3,7,3,190
20701114619,47,112,17,17,42,12,3,11,9,279
20701114701,59,86,12,16,41,26,0,12,0,255
20701114702,21,60,5,19,14,12,0,13,9,153
20701114703,20,56,3,10,15,6,0,0,0,119
20701114704,26,53,5,6,25,19,3,4,0,144
20701114705,29,100,12,11,27,11,6,8,8,215
20701114706,56,93,18,18,30,29,0,15,9,264
20701114707,27,50,9,8,23,14,4,3,4,145
20701114708,31,46,13,10,8,11,0,3,0,114
20701114709,25,96,21,18,25,30,8,8,3,242
20701114710,68,152,23,32,33,40,0,20,7,366
20701114711,55,80,3,18,23,17,3,9,4,212
20701114712,34,66,9,20,27,21,8,7,4,198
20701114713,55,87,7,20,19,25,12,15,3,244
20701114714,52,115,14,15,35,28,7,17,7,290
20701114715,40,73,8,17,12,17,0,3,4,171
20701114716,42,76,17,9,26,22,4,9,8,212
20701114717,46,97,14,20,34,25,3,15,6,251
20701114718,27,52,5,17,20,9,0,9,6,141
20701114719,59,104,19,18,34,27,11,6,7,284
20701114720,48,90,18,26,27,15,0,10,4,241
20701114721,45,76,14,11,17,20,0,6,0,193
20701114722,36,76,9,14,25,26,0,10,6,203
20701114723,40,81,11,14,22,23,0,9,4,197
20701114724,46,98,15,25,28,22,5,10,7,246
20701114725,57,104,13,18,29,21,3,11,4,253
20701114726,57,69,0,15,25,26,0,5,0,196
20701114727,77,185,33,41,59,34,7,11,6,448
20701114728,49,101,22,16,32,19,7,13,3,259
20701114729,37,63,12,6,23,8,0,5,4,152
20701114730,36,73,12,12,26,18,9,12,9,198
20701114731,37,66,8,6,11,9,0,9,5,156
20701114732,23,63,11,21,20,20,5,10,0,169
20701114733,47,82,17,14,24,21,0,6,14,225
20701114734,31,44,5,14,13,15,0,6,0,131
20701114735,25,52,7,3,5,7,7,9,3,124
20701114801,30,75,10,16,27,31,0,4,0,189
20701114802,57,97,26,8,29,21,0,8,12,259
20701114803,47,72,16,14,23,11,5,11,0,204
20701114804,62,90,26,22,39,25,0,11,3,282
20701114805,39,53,15,9,33,8,3,6,3,165
20701114806,50,79,17,16,27,23,6,11,4,229
20701114807,44,85,12,21,35,21,0,16,4,241
20701114808,51,68,14,14,22,19,3,11,7,218
20701114809,50,54,3,14,20,27,0,7,8,179
20701114810,36,55,8,7,19,22,0,5,6,159
20701114811,36,82,4,6,24,27,0,9,0,196
20701114812,34,94,19,16,39,28,0,6,4,247
20701114813,28,64,13,14,13,22,0,11,6,169
20701114814,50,45,8,11,21,24,3,6,9,174
20701114815,53,57,6,15,21,17,5,8,3,190
20701114816,36,70,11,21,26,13,10,8,8,206
20701114817,61,110,24,28,39,36,0,14,8,327
20701114818,20,43,12,8,18,9,8,0,6,124
20701114819,45,74,9,11,22,15,4,12,3,195
20701114820,25,54,14,19,11,11,3,8,0,150
20701114821,27,51,3,11,19,12,0,0,0,129
20701114822,61,84,12,18,36,33,3,10,6,255
20701114823,33,78,18,14,34,21,6,6,4,207
20701114824,31,89,14,21,22,33,3,12,4,228
20701114825,52,78,9,13,26,29,3,9,5,218
20701114826,32,73,9,23,22,18,0,14,0,191
20701114827,67,97,15,30,50,26,5,18,3,311
20701114828,69,94,17,27,34,25,5,13,10,290
20701114829,30,78,14,17,25,17,3,5,8,197
20701114830,48,76,10,15,27,23,0,14,3,223
20701114831,31,99,18,19,29,23,7,7,3,242
20701114832,55,87,22,20,35,33,3,15,3,277
20701114833,45,91,12,19,32,20,8,8,10,236
20701114834,30,66,11,18,25,17,3,5,5,183
20701114835,29,44,8,14,21,8,0,9,4,124
20701114836,26,39,5,4,22,14,0,3,3,127
20701114837,15,39,5,3,11,6,0,7,0,89
20701114838,37,75,18,18,30,26,3,6,0,216
20701114839,41,71,16,13,28,21,3,15,4,212
20701114840,35,83,17,12,19,18,4,5,0,189
20701114841,46,92,16,21,30,19,5,15,0,248
20701114842,30,50,11,12,19,17,7,9,0,153
20701114843,27,48,9,6,19,18,0,9,0,141
20701114844,35,66,8,10,23,21,3,8,0,172
20701114845,43,76,11,15,36,18,13,15,4,229
20701114846,0,0,0,0,0,0,0,0,0,0
20701114847,0,0,0,0,0,0,0,0,0,0
20701114848,32,45,17,4,13,22,0,4,3,145
20701114849,24,60,13,13,24,18,0,11,0,169
20701114850,32,68,11,11,31,20,7,9,6,183
20701114851,27,46,10,14,22,13,4,4,0,143
20701114852,38,80,13,17,31,21,4,15,14,229
20701114901,41,95,16,18,29,16,4,9,4,215
20701114902,47,74,8,15,23,12,0,9,0,191
20701114903,27,57,3,9,22,10,0,0,0,139
20701114904,44,73,14,20,24,10,5,3,3,192
20701114905,48,83,10,20,31,22,0,5,4,215
20701114906,49,103,6,19,20,16,3,6,3,237
20701114907,62,186,15,30,48,36,12,14,9,409
20701114908,48,97,7,24,28,26,0,12,6,245
20701114909,60,153,20,21,40,30,6,5,3,352
20701114910,49,88,15,19,31,17,8,6,7,250
20701114911,49,86,13,13,29,24,9,4,0,220
20701114912,35,78,9,11,26,9,0,8,3,179
20701114913,23,45,3,10,18,6,0,0,3,111
20701114914,41,108,4,9,27,18,4,5,8,221
20701114915,28,64,0,13,12,13,0,0,4,137
20701114916,53,118,12,29,26,23,3,11,3,278
20701114917,43,80,3,3,19,14,0,3,0,169
20701114918,62,114,20,19,28,23,0,9,12,296
20701114919,44,96,13,15,29,16,0,9,0,223
20701114920,33,75,6,14,26,13,0,6,4,176
20701114921,23,64,6,15,17,13,0,6,0,145
20701114922,25,46,6,3,9,9,3,6,0,106
20701114923,14,49,3,5,10,3,0,3,0,87
20701114924,46,110,10,10,29,19,3,13,3,237
20701114925,32,46,3,11,12,4,3,4,0,119
20701114926,35,58,12,11,20,8,3,7,0,154
20701114927,28,62,7,20,15,6,4,7,3,151
20701114928,68,103,19,26,44,20,0,9,0,281
20701114929,46,90,6,15,20,20,0,8,0,205
20701114930,65,108,8,12,35,22,6,15,8,265
20701114931,54,98,19,21,41,15,9,9,0,264
20701114932,68,142,14,21,29,27,5,6,0,310
20701114933,20,44,5,9,13,7,0,0,0,97
20701114934,58,105,20,32,45,24,0,6,6,295
20701114936,53,82,15,22,20,21,3,7,4,221
20701114937,29,52,0,12,11,13,0,5,3,132
20701114938,57,55,8,9,15,23,0,9,5,166
20701114939,51,109,15,17,36,24,0,7,6,254
20701114940,52,87,19,18,28,28,3,7,0,245
20701114941,64,126,18,27,51,39,4,14,9,362
20701114942,44,59,10,15,22,22,0,8,5,186
20701114943,50,73,9,22,37,14,8,8,0,227
20701114944,67,109,14,22,38,24,3,11,0,294
20701114945,28,41,22,13,16,15,0,9,0,149
20701114946,69,121,20,30,39,29,3,10,4,335
20701114947,30,108,6,24,17,8,0,3,0,207
20701114948,20,60,8,5,20,11,0,3,0,128
20701114949,40,90,5,13,27,8,0,0,3,196
20701114950,44,71,10,15,22,22,3,6,6,203
20701114951,34,52,15,16,24,18,6,4,3,165
20701115001,41,76,11,12,32,12,3,0,3,190
20701115002,69,115,18,10,33,12,5,5,6,271
20701115003,54,124,12,22,28,16,0,4,0,263
20701115004,40,100,13,24,23,14,4,7,0,229
20701115005,44,70,13,17,20,22,3,12,8,204
20701115006,51,111,11,13,21,20,0,7,6,241
20701115007,33,67,4,13,8,12,0,4,0,130
20701115008,29,61,5,6,14,16,0,0,3,141
20701115009,40,72,8,14,14,9,0,4,5,167
20701115010,83,102,12,22,34,28,3,17,0,300
20701115011,48,75,4,17,23,11,0,3,4,187
20701115012,65,138,28,20,27,26,3,0,6,318
20701115013,68,119,21,21,28,38,4,16,5,316
20701115014,26,82,15,11,18,25,0,8,5,190
20701115015,68,96,13,29,47,23,4,14,7,305
20701115016,55,94,12,9,19,19,0,5,0,216
20701115017,41,59,4,3,15,12,3,4,0,146
20701115018,72,146,19,23,34,21,5,9,0,334
20701115019,61,82,23,12,32,23,0,5,7,236
20701115020,49,96,9,18,26,19,0,11,3,237
20701115021,54,127,11,21,40,22,0,4,0,293
20701115022,50,101,12,22,31,15,0,4,4,239
20701115023,44,76,14,22,27,25,3,4,4,219
20701115024,49,93,25,18,35,23,0,8,0,248
20701115025,40,81,7,9,23,15,5,11,7,181
20701115026,62,137,12,38,33,32,10,8,5,344
20701115028,33,36,3,10,12,8,0,0,0,106
20701115029,56,109,10,28,40,21,3,10,3,277
20701115030,39,97,9,24,34,17,0,3,0,222
20701115031,58,95,15,13,22,22,4,8,0,246
20701115032,49,122,10,10,32,27,8,11,3,266
20701115033,50,73,12,13,14,8,0,13,0,186
20701115034,46,89,8,8,14,7,3,4,0,183
20701115035,20,44,8,9,21,11,3,0,0,120
20701115036,39,102,13,12,30,21,3,9,4,226
20701115037,35,54,0,12,15,6,0,5,0,134
20701115038,39,57,5,12,14,8,5,9,3,143
20701115039,51,109,12,20,32,14,7,10,6,242
20701115040,48,67,11,10,18,11,0,3,0,169
20701115041,38,88,14,17,20,7,6,0,0,193
20701115201,46,120,21,15,33,24,10,11,5,282
20701115202,35,95,16,16,25,9,0,8,8,214
20701115203,34,91,11,15,19,12,8,12,0,214
20701115204,35,82,10,22,29,12,0,3,4,187
20701115205,39,124,17,22,33,19,0,10,3,269
20701115206,74,133,12,23,34,19,0,4,3,302
20701115207,46,104,23,22,22,12,5,15,3,259
20701115208,40,113,12,13,23,20,6,6,0,232
20701115209,58,159,21,31,54,20,10,6,3,364
20701115210,66,135,10,29,37,27,4,13,8,325
20701115211,47,122,25,25,36,14,3,11,3,286
20701115212,46,122,20,31,25,18,6,13,0,283
20701115213,34,86,6,4,20,9,3,3,6,172
20701115214,50,88,8,17,14,12,6,12,3,208
20701115216,35,98,12,17,24,25,3,13,3,238
20701115218,48,63,4,17,28,24,7,6,7,206
20701115219,56,123,19,25,24,18,5,6,0,265
20701115220,68,144,20,39,34,26,13,13,0,360
20701115221,55,103,12,15,37,14,3,4,0,249
20701115222,54,168,32,21,39,27,6,14,3,364
20701115223,41,88,6,12,21,13,0,4,0,184
20701115224,65,147,23,23,36,18,4,7,4,343
20701115225,34,70,8,15,18,14,3,9,6,175
20701115226,64,121,9,19,26,24,4,8,7,282
20701115228,63,82,15,16,29,25,3,8,5,247
20701115229,55,123,9,19,25,14,0,8,4,258
20701115230,58,104,12,8,25,31,0,7,0,251
20701115231,29,85,16,14,22,15,0,6,5,198
20701115232,38,70,14,8,29,14,7,3,6,184
20701115233,39,99,21,17,26,23,6,9,0,230
20701115234,59,168,33,24,50,37,4,6,4,382
20701115235,52,147,25,29,52,30,6,8,3,353
20701115236,65,170,24,28,60,28,16,10,3,402
20701115237,22,87,17,23,28,21,6,12,7,220
20701115401,33,54,11,8,24,9,0,7,4,158
20701115402,28,61,18,27,28,10,0,5,3,174
20701115403,24,78,15,11,25,13,0,10,4,182
20701115404,30,86,13,21,18,9,6,8,0,190
20701115405,26,60,7,7,12,12,0,5,0,132
20701115406,26,58,11,10,12,7,4,8,8,143
20701115407,47,63,5,14,23,9,3,6,6,174
20701115408,40,76,8,15,25,15,9,8,5,194
20701115409,25,79,22,24,37,14,3,4,3,211
20701115410,53,103,20,22,39,18,4,9,4,277
20701115411,47,102,27,17,36,28,3,10,6,277
20701115412,75,107,16,20,36,24,5,12,0,297
20701115413,45,71,10,17,29,22,0,10,0,203
20701115414,35,68,5,12,16,15,0,6,7,163
20701115415,27,42,3,14,18,11,0,5,0,124
20701115416,55,85,13,18,24,25,7,12,5,244
20701115417,34,94,20,17,25,28,5,8,4,237
20701115418,0,0,0,0,0,0,0,0,0,0
20701115501,45,79,15,22,18,17,0,11,3,202
20701115502,57,84,11,19,29,24,6,8,0,234
20701115503,66,132,9,20,42,23,4,8,7,314
20701115504,28,74,5,13,18,9,8,8,3,167
20701115505,31,51,8,6,18,4,0,3,5,131
20701115506,32,55,9,14,22,12,5,3,0,147
20701115507,38,48,13,3,14,12,0,3,0,135
20701115508,41,73,10,20,14,14,0,4,3,185
20701115509,48,70,4,7,19,14,0,6,3,162
20701115510,32,82,5,21,30,17,5,4,3,196
20701115511,60,86,18,27,29,28,0,8,7,254
20701115512,39,69,6,11,21,14,0,3,0,161
20701115513,44,56,10,10,21,17,0,3,0,166
20701115514,63,92,13,27,25,17,0,3,8,247
20701115515,20,53,6,10,13,14,3,6,0,126
20701115516,33,57,13,9,20,11,6,0,4,142
20701115517,21,60,6,12,15,13,3,0,0,128
20701115518,36,62,4,17,20,13,0,10,0,167
20701115519,41,61,0,14,16,11,0,6,4,148
20701115520,28,49,3,9,16,13,0,0,8,128
20701115521,47,93,12,20,34,24,7,9,6,247
20701115522,55,121,10,12,26,11,3,5,11,251
20701115523,28,72,3,10,11,11,4,6,0,140
20701115524,41,90,0,9,21,18,3,0,3,189
20701115525,40,83,17,19,23,16,3,9,3,214
20701115526,82,118,12,23,28,28,0,10,5,304
20701115527,32,52,5,15,17,10,0,6,0,144
20701115528,36,77,4,12,17,20,0,7,4,178
20701115529,28,55,0,9,14,10,0,0,0,114
20701115530,57,95,14,18,18,24,0,9,4,235
20701115531,34,65,12,11,21,13,0,8,0,166
20701115532,45,87,15,24,27,10,3,10,0,228
20701115533,32,78,4,8,19,28,3,5,7,181
20701115534,71,88,13,27,27,15,3,7,6,263
20701115535,38,74,9,28,20,11,6,3,5,187
20701115536,26,66,9,14,12,15,0,12,0,152
20701115537,41,77,11,20,30,19,0,6,5,206
20701115538,52,77,10,15,21,25,6,5,3,208
20701115539,39,64,5,8,16,17,3,3,3,156
20701115540,41,99,14,19,28,36,4,11,5,251
20701115541,23,36,6,3,20,3,0,0,3,100
20701115542,44,82,17,23,26,30,6,9,4,236
20701115543,16,39,4,6,12,5,0,3,3,92
20701151901,43,113,18,11,32,14,3,8,5,247
20701151902,33,95,19,38,24,20,8,23,0,259
20701151903,72,154,22,25,32,33,3,15,7,371
20701151904,21,51,10,8,15,11,0,4,0,117
20701151905,57,117,17,20,31,15,3,10,4,274
20701151906,32,64,15,18,21,16,9,10,3,191
20701151907,42,130,16,18,23,22,3,12,0,276
20701151908,45,102,6,18,33,11,7,18,9,238
20701151909,64,124,16,14,22,21,4,9,6,282
20701151910,27,85,9,14,18,10,3,6,3,163
20701151911,48,131,16,28,33,20,6,10,4,290
20701151912,38,94,17,21,22,13,4,10,0,215
20701151913,42,88,9,15,27,11,4,6,4,207
20701151914,45,116,8,21,28,16,11,20,6,267
20701151915,34,105,10,19,17,13,6,8,0,212
20701151916,25,52,7,7,10,10,0,0,0,114
20701151917,12,75,13,72,24,47,5,25,5,274
20701151918,38,96,9,8,28,16,0,3,0,196
20701151919,45,91,18,17,23,8,0,11,3,212
20701151920,76,168,23,26,52,28,0,15,8,389
20701151921,63,124,14,21,28,20,6,13,4,289
20701151922,57,121,27,12,32,24,6,7,6,295
20701151923,66,124,20,17,41,21,0,12,3,294
20701152001,26,79,13,24,17,20,3,0,0,173
20701152002,44,168,26,28,52,32,10,24,9,386
20701152003,28,92,15,34,20,16,4,11,0,215
20701152004,48,141,23,28,50,22,7,7,7,327
20701152005,11,56,16,14,18,28,9,12,0,156
20701152006,50,104,7,18,25,3,0,12,0,216
20701152007,57,132,16,28,36,28,0,17,5,311
20701152008,31,92,4,16,22,14,0,3,7,181
20701152009,45,124,29,30,29,19,0,15,7,301
20701152010,30,78,3,12,18,16,0,9,5,165
20701152011,27,65,7,8,16,14,0,3,3,143
20701152012,34,89,14,23,32,20,6,10,0,225
20701152013,60,153,23,44,36,23,10,14,6,369
20701152014,56,152,23,24,40,25,4,19,0,333
20701152015,47,93,17,17,21,13,0,15,6,222
20701152016,35,109,15,21,34,10,3,4,0,225
20701152017,40,96,12,21,28,19,5,9,3,236
20701152018,55,164,22,26,56,30,7,10,4,359
20701152019,35,84,6,16,15,14,3,5,5,183
20701152020,40,137,20,36,39,31,0,9,6,326
20701152021,32,92,11,21,28,18,4,9,5,215
20701152022,35,65,7,16,22,9,0,3,3,153
20701152023,49,88,4,17,32,14,0,4,6,209
20701152024,57,124,26,19,38,26,3,9,4,304
20701152025,55,160,24,31,33,26,4,11,4,346
20701152026,84,161,18,27,46,26,7,11,3,390
20701152027,50,107,8,29,37,14,4,14,0,257
20701152028,38,101,10,22,26,21,0,11,9,239
20701152101,37,86,15,7,15,12,0,10,0,189
20701152102,38,66,11,18,22,13,3,0,3,172
20701152103,37,70,13,22,32,22,0,12,5,208
20701152104,39,87,8,24,20,15,3,9,0,205
20701152105,43,123,11,12,31,12,3,3,0,242
20701152106,65,97,13,19,36,22,4,5,8,264
20701152107,30,67,3,5,24,14,0,4,6,153
20701152108,32,81,11,11,22,10,0,4,5,172
20701152109,63,104,17,17,39,25,0,14,13,288
20701152110,50,108,8,16,34,24,0,0,6,251
20701152111,36,81,12,11,21,14,0,5,0,184
20701152112,28,66,4,14,22,10,0,0,3,157
20701152113,42,105,15,22,25,22,3,12,13,259
20701152114,46,66,7,6,15,22,0,4,6,176
20701152115,32,70,5,11,14,10,0,10,3,157
20701152116,55,104,9,14,25,17,0,9,4,234
20701152117,35,64,3,12,32,8,0,3,0,162
20701152118,61,114,16,17,30,19,3,3,0,264
20701152119,57,135,14,15,39,28,10,10,4,308
20701152120,37,93,16,23,30,12,0,6,3,223
20701152121,34,111,12,10,16,20,0,3,0,203
20701152122,23,100,8,14,16,13,3,5,3,187
20701152123,48,108,15,24,41,26,0,7,4,275
20701152124,56,102,21,17,30,25,3,4,8,269
20701152125,25,73,5,21,21,14,3,4,6,181
20701152126,39,91,8,22,27,18,0,8,3,209
20701152127,29,81,15,13,15,16,7,8,0,183
20701152128,44,60,11,18,29,11,3,6,4,185
20701152201,41,118,21,15,23,34,5,13,6,273
20701152202,33,106,10,25,18,12,0,0,6,214
20701152203,30,82,6,6,18,11,0,3,3,165
20701152204,54,112,7,9,19,14,0,0,3,231
20701152205,52,136,18,16,14,26,0,16,9,289
20701152206,24,55,12,12,19,12,0,5,9,142
20701152207,44,82,11,14,25,9,0,5,5,189
20701152208,43,129,17,35,33,23,5,9,3,298
20701152209,36,62,14,13,19,16,0,5,5,168
20701152210,31,79,12,14,24,14,3,8,3,192
20701152211,39,96,9,19,25,18,3,5,3,215
20701152212,36,110,8,21,14,15,0,8,4,221
20701152213,48,103,19,25,20,22,5,9,3,253
20701152214,0,0,0,0,0,0,0,0,0,0
20701152215,30,69,14,18,14,19,3,15,4,179
20701152216,48,75,10,4,18,14,7,7,0,186
20701152217,24,65,14,9,21,12,5,6,5,166
20701152218,26,39,4,6,8,9,0,0,4,101
20701152219,28,65,4,5,12,11,5,5,0,140
20701152220,40,121,24,25,34,29,3,8,5,293
20701152221,76,114,8,27,36,25,3,12,6,309
20701152222,24,42,11,12,13,9,3,10,0,121
20701152223,49,100,17,21,21,17,4,13,9,245
20701152224,45,72,17,18,31,10,5,11,10,219
20701152225,100,137,13,21,54,33,6,9,15,374
20701152226,66,104,10,24,33,19,6,4,5,275
20701152227,44,91,12,24,29,19,6,9,0,235
20701152228,67,139,17,37,50,19,3,18,9,357
20701152229,40,70,23,13,19,21,5,6,0,197
20701152230,39,84,12,23,36,15,8,12,3,233
20701152231,49,149,22,31,38,18,4,13,6,334
20702115601,32,62,16,11,38,26,3,11,6,203
20702115602,48,99,32,18,39,31,8,11,6,286
20702115603,43,95,38,25,41,32,5,18,3,309
20702115604,29,65,18,11,29,18,9,10,0,195
20702115605,41,80,29,24,39,24,21,12,6,285
20702115606,0,0,0,0,0,0,0,0,0,4
20702115607,18,37,13,9,9,15,0,7,5,107
20702115608,0,0,0,0,0,0,0,0,0,3
20702115609,27,59,19,12,30,14,0,9,3,181
20702115610,40,62,22,23,33,21,4,7,4,211
20702115611,35,65,8,14,25,25,9,13,4,201
20702115612,35,59,19,7,30,28,3,4,0,189
20702115613,50,95,37,36,43,30,8,14,3,321
20702115614,32,46,10,12,17,21,0,7,0,145
20702115615,37,65,26,23,33,18,10,18,0,223
20702115616,13,42,14,17,17,23,6,11,3,145
20702115617,16,35,29,8,15,11,3,10,4,138
20702115618,52,53,15,21,37,28,7,12,3,223
20702115619,48,79,29,31,28,30,11,29,10,300
20702115620,50,74,24,15,37,26,5,9,8,250
20702115621,36,73,25,30,26,14,0,4,6,223
20702115622,26,45,14,29,16,14,12,9,0,156
20702115623,24,68,19,13,17,14,9,17,4,178
20702115624,28,37,17,15,28,31,4,17,0,169
20702115625,41,57,22,32,17,23,4,9,0,208
20702115626,30,53,21,7,24,18,5,9,3,175
20702115627,37,53,16,11,25,18,5,4,6,173
20702115628,31,42,15,11,21,23,4,17,9,177
20702115701,9,27,10,10,14,9,0,9,5,92
20702115702,19,47,15,15,18,17,5,15,0,146
20702115703,41,68,27,11,31,26,13,22,3,240
20702115704,26,64,14,12,25,14,5,16,3,168
20702115705,23,32,10,3,20,20,3,6,4,137
20702115706,28,46,25,30,34,22,3,17,4,205
20702115707,44,71,30,30,28,33,11,23,5,276
20702115708,53,71,30,35,47,21,3,19,11,298
20702115709,33,49,16,7,23,21,0,5,0,170
20702115710,37,84,22,18,42,20,9,16,8,260
20702115711,25,55,16,12,34,20,8,14,7,191
20702115712,45,103,39,36,39,34,12,22,5,342
20702115714,18,41,25,10,15,5,0,14,7,144
20702115715,60,90,30,29,30,29,5,20,8,301
20702115716,79,113,45,41,50,47,9,19,11,415
20702115717,19,60,10,20,23,17,3,11,8,177
20702115718,21,50,8,7,19,20,6,8,0,131
20702115720,39,66,22,19,25,10,8,13,5,200
20702115721,29,44,24,23,14,13,7,11,0,158
20702115722,27,60,32,18,25,11,3,6,3,191
20702115723,20,49,7,28,21,16,9,13,0,167
20702115724,23,68,20,22,25,16,10,12,11,206
20702115725,12,27,11,7,16,15,0,0,0,84
20702115726,32,48,16,20,21,16,6,17,4,182
20702115727,23,50,10,16,13,15,5,10,0,148
20702115728,15,52,9,14,33,9,9,7,7,160
20702115729,40,86,27,23,31,15,4,15,6,255
20702115730,30,41,23,25,19,27,20,14,3,189
20702115731,35,69,18,20,33,23,10,16,5,228
20702115732,37,86,27,22,39,32,3,8,3,257
20702115733,42,97,18,22,32,24,7,16,0,265
20702115734,53,109,28,29,40,28,9,14,9,323
20702115735,20,65,15,23,14,20,9,16,3,188
20702115736,34,72,41,36,32,21,15,21,8,271
20702115737,45,74,27,26,28,24,4,14,3,250
20702115738,29,69,38,10,30,15,6,12,5,209
20702115739,27,50,14,12,20,15,8,11,0,148
20702115740,21,30,14,10,20,16,0,11,6,118
20702115741,26,78,17,13,35,21,6,11,0,205
20702115742,33,76,27,24,33,26,8,17,3,231
20702115745,23,47,20,16,20,17,4,5,7,148
20702115746,49,79,16,15,36,33,8,11,5,248
20702115747,30,76,26,31,30,13,3,13,5,228
20702115748,21,63,16,14,24,16,6,9,9,182
20702115749,27,92,19,23,34,34,11,13,4,270
20702115750,23,73,25,27,26,8,13,9,7,209
20702115751,56,103,17,16,44,33,3,8,4,290
20702115752,63,130,15,16,43,18,4,3,5,288
20702115753,36,94,38,50,53,33,10,21,10,336
20702115754,29,64,25,19,22,18,0,8,4,186
20702115755,40,64,9,26,23,18,6,4,7,189
20702115756,37,69,9,11,22,11,3,3,0,168
20702115757,19,69,32,31,20,30,9,19,9,226
20702115758,20,68,36,19,28,25,6,9,7,224
20702115901,31,68,16,26,29,32,9,11,6,228
20702115902,9,29,10,12,16,21,3,10,7,107
20702115903,24,40,16,10,18,13,0,11,3,145
20702115904,37,72,29,22,44,25,6,12,5,252
20702115905,50,58,17,20,26,14,5,12,5,201
20702115906,35,82,21,24,37,19,7,6,3,223
20702115907,33,82,22,17,32,32,5,8,12,240
20702115908,43,19,10,5,17,4,8,6,0,116
20702115909,27,53,19,14,23,25,6,4,5,167
20702115910,56,67,24,22,27,27,11,16,4,253
20702115911,40,63,21,11,21,14,10,8,3,187
20702115912,52,44,31,24,38,33,0,14,3,245
20702115913,30,49,11,10,14,5,0,3,5,126
20702115914,26,40,20,14,25,14,5,7,0,154
20702115915,33,66,12,12,27,20,0,12,8,197
20702115916,37,47,12,7,19,15,4,0,3,145
20702115917,29,71,26,17,45,20,6,15,3,226
20702115918,35,48,16,14,33,29,3,3,3,179
20702115919,46,41,17,14,13,12,5,7,5,153
20702115920,64,48,22,15,38,22,4,10,0,222
20702115921,31,68,31,23,39,22,3,18,6,236
20702115922,31,64,21,15,29,27,4,12,3,199
20702115923,26,39,16,10,21,14,3,3,5,143
20702115924,47,66,11,11,33,26,3,5,0,205
20702115925,0,0,0,0,0,0,0,0,0,0
20702115926,41,81,17,14,32,23,10,9,5,223
20702115927,38,39,15,10,23,25,3,3,6,174
20702115928,32,39,11,9,16,13,0,5,6,138
20702115929,25,43,12,4,22,9,0,8,4,123
20702115930,25,79,14,6,19,21,5,11,12,196
20702115931,35,33,19,9,8,11,0,0,3,123
20702115932,20,20,14,3,12,6,6,4,0,83
20702115933,60,105,35,35,45,32,16,18,7,353
20702115934,61,98,25,27,43,26,6,6,6,296
20702115935,27,19,7,9,10,12,0,3,0,82
20702115936,29,31,3,6,26,12,0,0,3,109
20702115937,16,25,10,6,19,13,0,3,4,105
20702115938,22,63,19,13,21,19,4,15,3,191
20702115939,40,68,15,17,33,28,4,10,0,215
20702115940,14,46,14,10,20,27,0,8,3,146
20702115941,46,77,28,18,36,16,0,7,8,234
20702115942,30,63,20,15,19,21,0,10,6,185
20702115943,36,49,8,9,24,19,0,3,4,158
20702115944,30,21,5,7,16,11,0,0,4,93
20702116001,15,31,15,11,9,13,0,7,0,110
20702116002,31,89,14,23,42,26,8,13,4,247
20702116003,42,68,17,12,15,13,3,12,8,195
20702116004,33,60,20,21,23,11,7,13,0,184
20702116005,22,36,9,7,13,10,3,3,6,115
20702116006,42,80,31,25,37,29,3,13,9,267
20702116007,41,76,25,17,32,20,3,11,4,238
20702116008,32,76,27,18,37,22,15,7,4,234
20702116009,12,42,19,15,28,16,5,18,0,147
20702116010,25,47,11,13,20,19,6,5,4,151
20702116011,36,55,10,16,25,19,3,8,9,184
20702116012,37,58,12,20,27,26,3,14,8,207
20702116013,43,61,17,21,29,17,15,8,6,204
20702116014,45,80,28,12,34,13,6,5,3,230
20702116015,22,38,12,14,19,10,5,5,5,129
20702116016,25,67,24,24,24,15,6,10,3,203
20702116017,47,78,20,24,41,21,4,14,0,253
20702116018,21,40,12,7,20,11,0,9,4,120
20702116019,40,90,32,27,48,18,5,15,7,286
20702116020,22,61,15,16,21,16,4,9,4,157
20702116021,25,60,9,8,21,22,0,3,0,146
20702116022,34,66,20,15,18,5,3,6,5,169
20702116023,38,63,32,17,25,20,8,10,4,218
20702116024,40,86,33,18,26,28,4,11,7,255
20702116025,52,104,25,31,47,32,10,15,5,322
20702116026,35,60,23,15,25,16,6,5,0,179
20702116027,33,53,24,16,36,28,0,15,3,208
20702116028,34,64,18,12,25,19,7,5,5,195
20702116029,28,43,16,19,21,22,7,4,0,159
20702116030,25,28,13,7,15,10,3,5,0,102
20702116031,48,66,35,28,40,29,5,21,0,266
20702116032,34,62,17,20,32,25,4,19,5,220
20702116033,16,38,11,7,14,14,0,5,3,112
20702142401,28,65,17,10,23,13,4,7,0,174
20702142402,47,74,17,16,31,19,8,8,0,224
20702142403,38,76,18,29,45,26,10,12,0,263
20702142404,37,90,39,26,47,32,10,13,13,306
20702142405,28,61,21,26,24,14,4,17,4,214
20702142406,25,36,10,14,19,23,0,5,4,125
20702142407,15,50,10,14,35,12,4,0,3,141
20702142408,40,73,18,16,35,21,3,9,0,222
20702142409,43,59,20,12,40,25,6,4,3,210
20702142410,41,81,32,9,24,30,6,15,8,260
20702142411,0,0,0,0,0,0,0,0,0,0
20702142412,22,47,13,24,21,20,0,8,3,154
20702142414,26,49,19,27,31,11,4,5,3,181
20702142415,36,85,35,31,47,24,11,17,0,290
20702142416,52,99,33,32,42,23,11,22,14,316
20702142417,56,106,27,30,32,18,5,19,4,291
20702142418,35,89,25,25,47,33,10,10,4,271
20702142419,32,70,28,19,32,16,10,18,3,213
20702142420,29,70,24,10,35,16,4,3,3,184
20702142422,38,58,16,24,31,18,7,0,13,204
20702142423,24,57,24,19,29,32,10,14,0,204
20702142424,21,44,18,16,16,13,0,9,3,136
20702142425,48,79,16,26,35,38,14,3,3,260
20702142426,39,74,16,22,30,33,4,6,0,229
20702142427,35,80,14,15,31,28,0,18,3,226
20702142428,27,38,9,9,18,11,0,11,0,118
20702142429,24,52,10,9,29,23,8,11,0,163
20702142430,13,34,6,12,13,14,4,5,0,99
20702142431,28,35,9,15,22,13,0,7,8,133
20702142432,32,75,15,31,23,27,6,24,6,239
20702142433,30,39,16,11,27,12,3,7,8,158
20702142434,15,52,21,19,17,14,13,0,4,153
20702142435,21,53,20,14,24,13,14,10,0,175
20702142436,25,51,13,14,21,24,5,9,3,173
20702142437,57,111,31,50,46,23,5,31,16,374
20702142438,29,65,24,17,21,28,0,3,0,190
20702142501,28,59,26,29,29,20,9,13,6,214
20702142502,35,58,24,28,37,27,10,9,3,240
20702142503,38,70,20,28,38,30,13,10,6,252
20702142504,20,58,20,19,24,12,5,6,5,167
20702142505,47,121,53,35,38,24,16,19,9,360
20702142506,42,63,13,17,35,19,3,10,5,209
20702142507,18,39,20,16,16,16,7,7,4,141
20702142508,20,44,17,18,12,15,0,6,0,140
20702142509,16,52,19,13,21,18,9,4,5,150
20702142510,48,108,44,41,66,46,9,25,9,390
20702142511,19,67,11,18,29,16,7,11,0,177
20702142512,27,70,21,13,29,24,6,6,0,193
20702142513,34,47,11,19,19,10,3,7,4,155
20702142514,43,78,33,48,31,41,4,17,11,304
20702142515,22,28,16,15,22,22,5,11,4,148
20702142516,29,65,18,19,21,20,5,21,0,198
20702142517,33,48,19,22,15,10,8,13,9,177
20702142518,28,46,16,14,30,24,7,9,4,185
20702142519,35,71,16,21,31,12,7,18,7,227
20702142520,37,61,16,20,29,27,7,16,3,216
20702142521,31,47,19,11,19,16,0,12,3,171
20702142522,23,37,12,5,20,5,8,11,4,127
20702142523,31,67,23,18,33,28,8,17,4,231
20702142524,31,56,20,11,20,11,3,12,0,164
20702142525,60,95,22,26,29,19,12,9,6,280
20702142526,21,56,26,16,24,13,5,10,0,174
20702142527,16,20,9,17,13,13,8,8,0,101
20702142528,40,63,27,31,42,23,10,10,0,244
20702142529,23,46,15,14,19,12,5,11,3,140
20702142530,32,91,19,27,31,20,4,11,4,251
20702142531,18,30,7,19,15,8,5,9,0,121
20702142532,40,60,29,24,42,25,10,5,3,227
20702142533,28,69,19,18,27,21,0,14,3,197
20702142534,15,36,7,12,16,15,0,8,3,115
20702142535,26,37,20,14,18,6,3,9,0,127
20703116101,21,43,20,17,27,11,7,12,6,164
20703116102,27,77,24,28,39,28,11,20,3,257
20703116103,28,70,27,22,39,27,9,17,3,231
20703116104,27,65,25,20,22,19,0,8,0,173
20703116105,48,104,30,46,38,21,15,23,11,331
20703116106,45,83,19,14,30,14,8,23,8,239
20703116107,47,67,26,20,29,17,7,19,4,230
20703116108,22,66,20,17,23,13,8,8,4,168
20703116109,37,99,22,18,32,19,6,20,5,255
20703116110,24,46,14,20,15,9,0,4,0,138
20703116111,39,92,26,26,38,38,5,24,7,285
20703116112,27,87,28,25,35,13,13,13,0,242
20703116113,10,30,12,15,25,19,5,9,0,127
20703116114,28,42,22,19,28,15,5,8,4,167
20703116115,51,72,23,11,47,32,3,12,0,255
20703116116,48,79,30,27,45,18,15,13,9,283
20703116117,55,122,27,23,49,16,6,15,0,308
20703116118,57,119,20,14,39,25,6,13,7,301
20703116119,45,89,9,10,40,15,3,12,0,223
20703116120,44,92,16,25,31,12,14,10,7,252
20703116121,49,131,27,23,36,31,5,14,0,323
20703116122,38,74,17,16,35,16,3,10,0,197
20703116123,49,96,15,17,35,25,5,8,8,269
20703116124,57,108,16,20,37,21,3,16,7,282
20703116125,44,75,8,17,26,20,5,0,4,194
20703116126,28,52,8,10,27,6,4,10,8,141
20703116127,44,84,26,24,42,29,10,11,4,264
20703116128,55,102,30,28,40,25,11,30,5,333
20703116129,43,91,18,16,24,32,3,14,0,246
20703116130,24,120,30,30,28,18,10,12,10,276
20703116131,40,113,35,26,34,25,4,14,5,283
20703116132,45,103,22,30,32,17,10,12,5,274
20703116133,32,54,23,13,27,8,6,12,3,167
20703116134,29,77,19,17,18,23,3,16,7,207
20703116135,43,140,39,37,45,16,8,20,8,368
20703116136,57,123,29,22,51,30,12,17,10,348
20703116139,47,106,28,22,40,22,5,16,7,300
20703116140,42,68,19,24,26,14,0,17,0,201
20703116141,34,77,20,19,34,18,15,10,4,236
20703116142,60,140,26,27,40,20,0,15,0,336
20703116143,23,63,13,15,22,26,0,8,4,172
20703116144,0,0,0,0,0,0,0,0,0,0
20703116145,27,74,21,28,28,24,8,6,9,221
20703116146,32,130,36,28,41,23,13,17,11,328
20703116147,19,77,17,19,35,15,7,7,5,201
20703116148,17,47,17,20,15,9,8,19,5,145
20703116149,21,63,10,15,27,16,11,10,9,175
20703116150,21,75,14,21,13,16,4,12,5,177
20703116201,33,100,31,19,26,11,7,8,4,237
20703116202,27,63,15,10,23,15,6,8,5,172
20703116203,27,64,20,7,20,14,8,3,0,170
20703116204,29,64,13,10,27,14,8,13,4,184
20703116205,27,45,20,24,26,11,0,7,0,163
20703116206,60,107,42,27,64,30,11,12,6,369
20703116207,26,47,17,8,21,14,10,6,5,148
20703116208,49,86,28,31,42,26,12,14,5,281
20703116209,20,36,25,11,30,18,3,8,7,152
20703116210,37,95,23,17,47,24,12,27,6,287
20703116211,53,88,20,13,40,27,12,17,8,269
20703116212,46,79,21,17,27,24,8,7,4,224
20703116213,34,91,29,26,36,27,6,21,5,261
20703116214,34,76,23,23,24,25,7,16,5,231
20703116215,26,33,12,16,17,10,6,9,0,129
20703116216,12,49,10,14,10,8,7,4,0,112
20703116217,0,0,0,0,4,0,0,0,0,7
20703116218,46,74,31,19,41,21,17,9,9,271
20703116219,39,81,36,31,35,17,8,28,0,268
20703116220,29,62,11,12,30,6,8,10,0,164
20703116221,49,122,39,33,40,33,11,15,13,356
20703116222,30,77,19,16,32,15,9,7,4,207
20703116223,26,47,16,12,18,8,3,6,0,144
20703116224,29,51,8,18,25,18,6,9,0,158
20703116225,22,56,29,22,25,21,8,20,5,216
20703116301,22,74,12,15,16,13,5,14,3,172
20703116302,40,81,13,22,33,25,0,14,0,227
20703116303,38,71,27,29,26,15,13,20,8,247
20703116304,25,77,31,35,32,27,7,21,12,255
20703116305,18,48,34,22,14,19,4,18,3,191
20703116306,17,82,20,37,31,26,5,23,11,240
20703116307,36,71,21,27,19,24,7,22,6,231
20703116308,9,49,15,20,22,27,3,14,3,156
20703116309,40,103,25,24,27,27,4,16,6,275
20703116310,31,64,22,20,30,12,5,19,12,207
20703116311,34,89,35,47,41,31,18,35,8,331
20703116312,55,91,61,58,42,39,12,35,10,403
20703116313,20,54,23,33,17,14,7,21,0,197
20703116314,33,84,25,21,50,23,5,17,4,267
20703116316,45,92,29,21,29,27,4,12,6,275
20703116318,22,54,28,18,22,19,5,16,6,188
20703116319,74,104,28,31,40,30,4,8,0,323
20703116320,38,89,16,21,27,8,0,3,0,214
20703116321,30,71,21,11,28,21,11,10,0,219
20703116322,18,53,14,9,8,13,5,8,0,128
20703116323,23,46,4,13,13,3,3,4,0,110
20703116324,42,87,17,31,25,34,9,16,5,260
20703116325,17,42,3,18,6,15,4,0,5,117
20703116326,33,62,19,18,29,22,8,11,5,203
20703116327,35,84,25,13,31,9,9,12,6,220
20703116328,30,75,23,32,27,25,0,17,0,237
20703116329,52,101,22,21,27,24,7,14,4,274
20703116331,26,53,18,25,24,14,0,19,0,184
20703116332,36,42,23,20,28,18,11,13,4,186
20703116333,40,70,25,22,28,25,8,19,0,239
20703116334,35,167,61,50,57,42,14,25,13,467
20703116335,20,81,35,49,33,22,15,38,6,297
20703116336,25,96,31,40,25,18,15,31,5,284
20703116337,25,54,18,18,36,9,3,8,0,174
20703116339,17,40,10,10,15,7,4,5,3,118
20703116340,24,52,15,21,13,13,8,13,4,167
20703116341,33,46,10,14,18,16,3,13,8,147
20703116345,25,81,13,18,30,15,5,12,0,200
20703116346,18,115,42,43,48,40,14,39,5,369
20703116347,0,0,0,0,0,0,0,0,0,0
20703116348,30,68,29,23,18,12,15,22,8,230
20703116349,33,79,22,20,27,17,0,4,0,207
20703116350,16,74,33,34,18,24,19,37,7,263
20703116351,35,58,23,46,15,30,10,12,5,230
20703116352,19,41,38,28,23,23,14,15,3,192
20703116353,7,16,4,3,6,10,0,0,0,53
20703116354,9,34,24,22,13,12,7,17,3,134
20703116355,29,70,30,22,24,15,5,13,5,209
20703116356,8,24,11,8,10,10,0,9,4,79
20703116357,26,109,42,50,48,35,11,33,7,363
20703116358,17,91,38,42,24,19,10,32,4,282
20703116401,57,107,22,28,28,18,7,8,5,278
20703116402,58,101,17,28,48,14,0,6,3,283
20703116403,26,56,17,16,18,13,5,10,0,163
20703116404,42,113,18,24,35,26,7,7,6,281
20703116405,40,70,19,24,27,22,4,9,0,217
20703116406,42,68,20,7,28,13,0,3,0,194
20703116407,55,101,19,16,32,22,0,12,0,257
20703116408,12,75,25,33,17,17,19,15,3,213
20703116409,34,122,45,32,38,30,11,35,10,352
20703116410,27,86,25,29,43,21,8,36,9,277
20703116411,35,69,23,23,35,34,12,14,13,247
20703116412,51,131,39,29,32,33,11,30,3,371
20703116413,31,78,19,18,32,13,6,14,3,214
20703116414,32,104,33,20,28,24,9,17,3,269
20703116415,36,90,27,40,29,30,9,16,15,285
20703116416,33,108,30,30,22,16,4,8,5,265
20703116417,50,110,28,38,58,34,9,17,3,341
20703116418,27,71,22,21,22,23,11,17,5,210
20703116419,36,83,32,24,39,20,12,17,0,267
20703116420,32,98,20,25,40,34,7,22,9,280
20703116421,34,83,26,17,21,23,3,11,6,220
20703116422,21,65,27,19,32,13,0,3,8,191
20703116423,24,73,27,13,24,15,10,20,0,207
20703116424,38,34,19,14,19,5,7,12,3,159
20703116425,33,74,29,24,24,34,11,24,3,271
20703116426,35,92,14,18,25,8,3,14,3,212
20703116427,70,126,6,36,51,26,4,11,10,344
20703116428,29,95,15,22,22,23,5,8,3,217
20703116429,46,110,29,33,36,29,11,26,8,326
20703116430,26,89,27,24,20,27,8,22,3,241
20703116431,48,101,35,21,29,29,4,10,3,284
20703116432,36,78,23,20,18,17,3,13,0,209
20703116433,28,67,14,12,29,8,3,5,0,170
20703116434,36,49,18,25,22,8,4,9,6,178
20703116435,18,58,26,20,23,9,3,11,6,180
20703116436,47,87,15,20,19,17,5,6,5,220
20703116437,16,38,12,14,19,7,3,11,4,123
20703116501,32,94,23,42,42,27,9,14,5,280
20703116502,42,63,31,29,30,27,9,17,7,251
20703116503,43,108,28,42,48,34,19,23,10,355
20703116504,29,60,22,28,24,11,3,10,24,208
20703116505,16,44,10,33,16,21,9,17,0,172
20703116506,30,72,15,16,25,10,10,23,3,203
20703116507,19,35,6,14,15,14,0,4,0,106
20703116508,20,42,14,12,15,18,3,19,0,141
20703116509,32,46,17,15,14,23,3,19,0,165
20703116510,29,74,22,22,35,30,13,18,4,240
20703116511,18,41,15,30,28,14,20,26,4,192
20703116512,30,94,22,45,37,45,20,20,5,318
20703116513,37,111,22,42,50,33,12,30,6,352
20703116514,25,70,18,22,21,18,8,10,4,201
20703116515,28,85,26,13,28,29,9,17,4,230
20703116516,33,45,10,14,22,6,6,4,0,152
20703116517,43,85,27,23,33,31,6,19,0,270
20703116518,23,47,11,14,21,20,0,5,0,147
20703116520,16,54,7,24,12,25,7,15,13,168
20703116521,40,69,9,13,29,18,3,5,0,179
20703116522,44,75,23,13,22,17,4,8,3,208
20703116523,38,120,27,43,54,41,12,28,8,363
20703116524,30,117,48,55,42,37,24,26,4,373
20703116525,0,0,0,0,0,0,0,0,0,0
20703116526,9,30,12,49,25,50,9,25,0,218
20703116527,20,35,21,10,14,15,19,16,4,156
20703116528,7,24,11,4,10,6,3,15,0,72
20703116529,30,70,10,24,25,13,0,4,0,183
20703116601,27,76,35,24,31,31,13,22,8,270
20703116602,18,65,25,20,29,12,9,21,3,195
20703116603,37,64,19,6,19,20,4,26,3,201
20703116604,37,71,27,18,34,21,11,16,0,236
20703116605,33,78,30,18,27,24,3,19,4,225
20703116606,17,36,9,8,12,9,4,7,0,103
20703116607,26,39,10,8,25,17,9,13,0,147
20703116608,18,45,21,17,21,14,5,9,0,150
20703116609,15,26,8,7,18,3,3,20,0,98
20703116610,14,25,6,7,10,3,7,3,4,86
20703116611,12,30,9,7,12,9,3,6,0,90
20703116612,10,34,13,8,4,9,0,8,0,91
20703116613,15,44,8,11,17,13,3,15,5,128
20703116614,44,66,30,19,34,22,9,15,3,231
20703116615,25,61,25,22,27,28,13,13,5,213
20703116616,8,36,13,5,17,7,0,12,0,102
20703116617,38,74,38,16,28,17,13,22,5,244
20703116618,30,54,18,17,22,8,3,15,6,177
20703116619,67,135,43,42,45,47,19,38,11,451
20703116620,36,103,33,24,45,21,14,27,6,303
20703116621,30,95,31,26,39,33,11,21,4,300
20703116622,15,19,18,14,16,15,6,19,5,120
20703116623,11,41,9,17,15,5,9,14,0,120
20703116624,27,49,20,16,30,15,6,12,0,180
20703116625,10,45,11,20,20,12,10,18,0,137
20703116626,25,54,17,13,24,20,12,12,7,191
20703116627,23,81,23,18,35,10,10,15,0,222
20703116701,33,92,8,11,34,24,5,13,4,221
20703116702,51,156,30,30,28,26,4,20,9,363
20703116703,33,94,7,11,20,13,0,10,4,201
20703116704,34,95,11,10,26,17,4,8,0,209
20703116705,42,101,15,20,44,23,4,9,4,264
20703116706,55,106,17,27,44,15,6,6,0,273
20703116707,42,109,4,26,39,16,0,0,0,235
20703116708,42,104,8,18,31,22,3,4,4,247
20703116709,20,75,5,10,25,17,0,3,0,172
20703116710,38,101,14,15,39,17,0,6,3,234
20703116711,30,78,10,10,28,10,6,16,3,187
20703116712,45,92,23,26,23,13,4,10,4,239
20703116713,46,81,8,19,11,19,5,4,0,203
20703116714,45,112,15,23,28,11,0,3,6,251
20703116715,48,131,20,33,25,21,0,11,3,293
20703116716,70,126,25,26,31,19,3,13,0,313
20703116717,58,108,9,15,35,24,3,9,12,273
20703116718,24,66,11,15,23,17,5,10,3,163
20703116719,46,113,18,21,34,26,5,15,0,278
20703116720,28,50,3,9,21,7,0,3,0,114
20703116721,19,48,5,4,11,7,0,7,5,112
20703116722,45,86,12,13,24,16,4,15,0,216
20703116723,48,115,16,19,43,17,9,6,4,280
20801116801,0,0,0,0,0,0,0,0,0,0
20801116802,52,70,16,27,30,21,0,11,5,223
20801116803,41,44,15,15,19,16,0,5,6,160
20801116804,64,65,16,16,35,22,3,9,3,227
20801116805,48,70,12,23,28,26,0,3,3,213
20801116806,74,90,20,32,43,30,3,10,5,310
20801116807,49,68,5,15,24,24,0,6,0,187
20801116808,74,127,29,23,51,28,13,12,8,363
20801116809,67,93,9,16,54,30,3,10,7,299
20801116810,84,85,10,12,41,31,0,9,7,283
20801116811,31,46,11,14,10,8,0,7,0,135
20801116812,50,50,10,11,21,17,4,0,3,173
20801116813,73,67,13,26,44,26,3,11,12,279
20801116814,69,70,19,22,26,20,3,7,0,246
20801116815,60,63,17,14,29,13,7,7,0,202
20801116816,34,44,6,4,21,12,0,4,5,135
20801116817,57,80,16,19,29,30,3,3,6,238
20801116818,53,58,15,16,18,15,3,6,6,200
20801116819,68,81,19,30,38,24,3,6,3,278
20801116820,74,99,25,24,40,24,7,16,0,300
20801116821,64,56,25,16,25,20,0,11,4,226
20801116822,37,47,12,14,22,16,3,9,7,159
20801116823,70,74,21,19,36,25,3,11,4,262
20801116824,81,112,29,29,43,23,4,12,5,333
20801116825,43,57,20,10,30,11,5,11,0,190
20801116826,58,113,19,25,43,33,9,9,9,315
20801116827,35,58,9,13,20,10,0,9,4,157
20801116828,57,69,24,25,24,15,5,8,7,238
20801116829,53,60,15,19,29,12,0,0,4,195
20801116830,39,40,9,12,19,21,3,0,12,140
20801116831,40,50,10,16,18,16,0,6,0,159
20801116832,30,46,5,15,12,22,0,3,5,140
20801116901,53,67,8,11,24,18,0,4,4,188
20801116902,34,78,8,8,20,10,9,0,7,176
20801116903,65,88,7,24,26,20,3,0,8,241
20801116904,60,81,7,19,24,11,4,8,7,222
20801116905,28,41,6,10,8,3,3,4,5,112
20801116906,52,83,14,20,18,15,4,0,4,207
20801116907,44,79,20,17,28,16,0,3,4,215
20801116908,25,49,4,7,18,17,0,0,6,128
20801116909,48,77,9,10,15,18,3,0,0,180
20801116911,42,58,3,10,17,11,0,3,0,148
20801116912,54,70,11,19,33,31,0,5,3,218
20801116913,54,84,16,18,17,19,8,6,4,218
20801116914,79,101,16,21,35,21,0,8,6,292
20801116915,32,82,4,15,15,10,5,0,4,154
20801116916,46,37,8,5,14,12,0,4,4,131
20801116917,72,109,15,17,31,23,0,5,9,277
20801116918,40,69,10,6,15,17,0,3,4,172
20801116919,39,23,3,9,10,15,0,4,4,109
20801116920,65,68,7,6,26,20,3,3,4,191
20801116921,51,47,5,4,21,6,0,5,4,145
20801116922,43,48,3,8,21,22,0,4,7,155
20801116923,54,72,11,9,20,18,8,3,10,205
20801116924,63,118,12,25,26,25,0,10,7,291
20801116925,86,85,10,13,25,24,0,3,3,257
20801116926,49,59,8,14,14,9,4,3,3,162
20801116927,18,33,3,9,4,7,0,9,0,86
20801116928,56,66,9,10,26,14,0,7,4,194
20801116929,74,78,11,17,32,22,0,3,6,245
20801116930,70,106,13,16,30,28,4,4,5,281
20801116931,63,82,15,14,28,27,4,10,6,243
20801116932,58,91,11,8,21,20,0,3,3,224
20801116933,88,106,16,25,35,17,5,13,3,310
20801116934,49,62,9,15,18,12,0,7,3,169
20801116935,60,101,12,22,37,26,0,3,4,263
20801116936,52,67,13,13,18,12,3,3,7,176
20801116937,70,108,13,32,41,25,6,9,5,318
20801116939,38,77,14,16,19,20,0,7,4,195
20801116940,59,102,11,19,35,15,3,13,0,265
20801116941,79,142,13,34,43,13,3,10,0,346
20801116942,39,58,9,15,18,10,0,3,0,150
20801116943,61,72,10,18,22,15,3,8,3,209
20801116944,40,62,4,14,17,10,6,9,0,171
20801116945,32,47,5,10,16,13,0,5,6,122
20801116946,31,62,5,26,14,6,0,0,0,147
20801116947,44,69,5,16,18,17,6,4,4,175
20801116948,58,99,10,15,30,24,4,4,10,244
20801116949,52,61,7,11,25,15,0,0,13,171
20801116950,59,70,11,24,20,21,3,8,8,221
20801116951,55,75,11,9,31,17,0,6,4,216
20801116952,28,36,8,0,12,14,0,0,3,105
20801116953,61,86,11,29,24,30,4,8,0,258
20801116954,46,71,7,8,18,13,0,4,8,175
20801116955,37,60,10,18,23,14,4,5,0,170
20801116956,48,71,8,15,26,13,4,6,0,192
20801116957,50,43,3,10,13,12,0,3,5,139
20801117001,63,86,18,21,42,26,9,11,3,282
20801117002,37,70,5,12,22,10,0,5,0,168
20801117003,33,39,18,18,19,14,0,5,5,145
20801117004,36,76,12,11,28,26,0,12,4,213
20801117005,27,32,3,14,13,9,0,4,4,105
20801117006,85,104,22,21,34,23,5,18,0,313
20801117007,39,47,11,13,16,12,0,4,3,137
20801117008,35,51,12,11,22,10,0,0,6,158
20801117009,43,71,11,18,20,14,0,4,7,190
20801117010,41,100,23,24,30,17,6,3,0,257
20801117011,55,65,21,20,24,31,4,10,0,227
20801117012,62,92,13,22,24,36,0,5,4,256
20801117013,36,42,3,15,12,14,7,3,4,140
20801117014,49,57,10,15,22,17,3,5,3,170
20801117015,61,58,8,18,33,13,3,9,8,209
20801117016,34,77,14,10,21,24,7,11,4,212
20801117017,51,86,10,21,21,16,4,5,0,221
20801117018,48,66,22,25,25,19,4,6,5,225
20801117019,33,86,14,9,25,10,8,6,0,181
20801117020,46,69,12,18,30,22,0,9,3,210
20801117021,47,100,21,26,34,34,0,7,5,265
20801117022,59,93,15,33,37,22,6,8,7,280
20801117023,79,99,13,18,24,22,8,6,8,273
20801117024,45,44,10,6,9,7,4,4,4,135
20801117025,69,88,12,17,31,24,0,6,0,246
20801117026,89,77,13,19,31,30,3,3,4,266
20801117027,51,71,5,12,28,23,0,9,3,211
20801117028,66,83,19,22,30,17,0,6,4,250
20801117029,69,72,8,24,33,23,7,8,0,236
20801117030,13,30,0,5,7,7,0,9,0,73
20801117031,52,69,13,17,23,23,3,11,7,211
20801117032,53,88,9,22,27,18,0,6,0,222
20801117033,77,93,18,33,40,19,0,7,6,288
20801117034,57,74,10,23,22,19,0,7,5,216
20801117035,43,60,13,12,23,22,3,9,0,185
20801117036,42,79,16,17,28,25,0,9,0,214
20801117037,66,83,19,21,32,17,0,8,7,253
20801117038,48,71,11,6,20,15,0,8,4,186
20801117101,65,116,24,39,34,38,11,24,4,345
20801117102,46,63,20,20,32,24,6,14,3,229
20801117103,42,44,16,18,34,9,5,14,3,181
20801117104,19,49,8,14,25,10,0,5,0,137
20801117105,52,95,28,19,38,33,5,13,3,294
20801117106,108,104,40,40,53,36,5,19,4,405
20801117107,65,92,26,23,41,17,0,15,4,292
20801117109,54,74,19,20,30,25,5,7,0,242
20801117110,79,100,39,35,39,20,7,14,9,321
20801117111,64,82,34,14,22,18,3,4,3,251
20801117112,49,77,23,14,32,15,0,8,3,220
20801117113,30,51,26,19,24,14,3,5,0,169
20801117114,92,116,47,38,52,42,11,19,4,421
20801117115,77,143,29,27,48,37,3,12,3,386
20801117116,53,81,32,31,40,22,8,17,5,280
20801117117,57,94,31,28,32,28,10,18,5,300
20801117118,63,56,23,25,25,20,7,14,6,239
20801117119,82,114,34,44,47,25,20,19,0,386
20801117120,37,48,26,24,20,19,0,8,0,187
20801117121,41,83,31,22,25,20,3,7,0,233
20801117122,34,62,20,26,16,29,3,9,0,193
20801117123,40,84,48,38,41,16,3,14,9,299
20801117124,61,125,38,37,56,38,4,3,10,368
20801117125,33,71,14,19,20,17,8,6,0,194
20801117201,80,86,17,27,25,30,0,5,6,284
20801117202,34,48,10,8,14,18,4,10,0,138
20801117203,53,72,17,20,21,31,4,16,5,229
20801117204,104,158,29,44,51,34,10,10,9,449
20801117205,41,71,7,24,19,22,0,9,5,202
20801117206,48,70,25,23,30,18,0,6,0,217
20801117207,73,90,19,32,47,21,3,10,4,298
20801117208,79,91,15,26,35,18,0,9,10,285
20801117209,73,84,6,15,21,18,4,5,9,232
20801117210,56,92,9,3,30,18,6,13,4,236
20801117211,62,111,6,16,30,30,3,12,3,275
20801117212,52,78,18,15,27,23,5,7,7,227
20801117213,49,74,14,16,24,21,3,9,0,207
20801117214,48,79,16,22,26,19,0,9,0,221
20801117215,55,85,10,24,18,12,9,7,3,217
20801117216,44,48,20,13,19,17,6,6,0,180
20801117217,60,67,15,19,23,26,0,3,6,228
20801117218,50,89,24,32,39,24,0,12,3,273
20801117219,49,76,18,23,38,22,0,9,6,250
20801117220,29,39,20,17,14,3,5,10,0,151
20801117221,39,54,11,16,24,22,7,13,0,179
20801117222,74,111,30,24,47,33,4,11,6,340
20801117223,60,85,26,19,44,31,6,14,8,292
20801117224,46,78,32,28,44,40,3,13,4,281
20801117225,64,90,21,18,30,17,6,11,11,253
20801117226,73,106,9,27,19,22,3,8,3,277
20801117227,74,101,24,21,37,31,4,7,5,298
20801117228,79,101,10,29,31,23,10,9,0,301
20801117229,66,99,17,27,20,18,6,13,5,266
20801117230,66,94,15,29,25,22,3,11,4,270
20801117231,53,67,11,10,22,19,0,0,3,187
20801117232,45,78,6,15,31,23,5,5,4,207
20801117233,26,54,16,12,13,13,0,7,4,136
20801117234,38,76,17,12,25,21,4,9,5,216
20801117235,54,66,14,17,27,18,4,6,0,207
20801117236,68,107,17,31,41,26,3,10,5,313
20801117237,42,60,8,14,30,15,0,3,0,187
20801117238,71,99,16,23,37,13,6,9,0,270
20801117301,47,66,20,27,26,13,0,6,3,210
20801117302,79,65,17,25,28,18,5,8,4,249
20801117303,82,118,27,46,42,30,6,13,11,369
20801117304,50,55,16,12,16,4,3,6,0,163
20801117305,49,87,15,14,33,31,0,8,5,245
20801117306,72,71,20,29,16,24,3,8,6,251
20801117307,52,83,16,25,20,8,4,11,0,224
20801117308,47,68,14,15,22,9,3,0,5,177
20801117309,62,68,16,18,25,14,3,9,3,221
20801117310,59,84,17,9,18,29,4,12,0,236
20801117311,26,51,11,10,16,9,5,8,5,133
20801117312,53,77,9,22,34,19,4,10,0,232
20801117313,53,66,15,16,22,23,0,8,0,201
20801117314,76,103,11,17,21,18,0,8,0,252
20801117315,43,66,9,17,20,14,6,9,8,191
20801117316,58,77,13,10,30,24,3,7,3,223
20801117317,56,84,21,23,27,16,8,5,9,251
20801117318,40,55,8,10,23,22,0,0,5,173
20801117319,32,53,3,9,15,6,0,3,3,131
20801117320,56,82,15,22,34,22,0,10,0,245
20801117321,42,57,16,15,26,18,0,4,0,180
20801117324,65,73,21,35,29,24,3,6,5,257
20801117327,43,66,13,12,23,15,0,9,0,173
20801117328,63,105,17,17,41,21,8,14,9,287
20801117329,73,115,29,23,43,30,0,12,8,340
20801117330,58,73,25,16,28,31,3,9,0,243
20801117331,54,75,12,16,28,17,3,9,4,219
20801117332,80,110,24,25,33,29,0,10,9,313
20801117333,53,67,13,17,30,27,3,9,7,229
20801117334,46,59,18,22,25,15,0,3,4,197
20801117335,72,69,25,23,33,21,4,9,4,258
20801117336,51,91,14,19,29,19,3,6,5,241
20801117337,66,90,13,22,28,26,0,8,8,255
20801117338,85,120,32,37,52,34,3,10,8,380
20801117339,46,70,22,33,23,15,4,16,3,231
20801117340,46,67,9,3,27,14,8,3,4,180
20801117341,50,68,20,16,15,20,11,11,3,211
20801117342,13,26,8,8,9,5,0,0,3,73
20801117343,8,12,10,7,9,5,0,6,0,56
20802117401,45,130,24,24,47,29,12,19,5,330
20802117403,52,86,13,28,36,21,5,8,4,246
20802117404,40,64,21,18,20,13,4,5,4,192
20802117405,68,113,20,19,35,25,4,19,3,308
20802117406,33,73,18,11,32,19,8,9,6,205
20802117407,38,46,5,13,16,6,4,7,0,143
20802117408,19,81,11,21,19,19,0,14,14,189
20802117409,43,71,23,17,32,14,8,4,0,215
20802117410,33,103,32,30,29,24,5,12,7,273
20802117411,37,92,24,19,25,27,5,17,11,259
20802117413,46,53,4,20,21,13,0,7,3,168
20802117415,27,56,10,12,18,8,0,7,8,159
20802117416,20,55,10,13,21,11,0,3,4,139
20802117417,70,89,23,20,30,22,5,5,5,264
20802117418,38,67,10,12,29,5,7,13,3,181
20802117419,45,82,23,22,29,21,8,15,0,238
20802117420,58,87,17,27,34,20,3,7,5,256
20802117422,49,82,23,28,40,22,10,7,0,270
20802117423,62,89,25,30,32,37,6,7,0,289
20802117424,36,70,39,27,29,15,12,18,3,258
20802117425,38,75,13,26,31,16,7,6,5,220
20802117426,37,88,25,29,40,23,0,15,7,265
20802117427,59,78,16,28,32,31,3,10,0,246
20802117428,44,92,25,27,28,15,4,15,0,254
20802117429,41,79,12,18,28,23,3,6,3,223
20802117430,70,104,32,18,40,26,19,10,9,321
20802117431,19,41,8,7,12,13,4,3,3,116
20802117432,32,52,18,12,26,23,0,7,0,164
20802117433,36,61,19,24,33,18,0,14,0,207
20802117434,50,89,25,26,32,22,13,14,6,276
20802117435,58,80,12,26,49,17,9,11,3,254
20802117436,34,62,16,9,17,17,0,10,5,168
20802117437,30,54,17,10,33,21,0,6,3,185
20802117438,32,58,13,19,17,17,0,12,4,161
20802117439,58,120,21,31,28,29,9,11,8,325
20802117440,59,119,40,28,45,31,16,19,5,374
20802117441,39,78,13,18,28,21,8,3,0,218
20802117442,56,120,33,17,35,22,4,10,12,305
20802117443,35,72,17,18,33,18,7,8,8,207
20802117444,52,73,8,15,32,11,0,10,5,205
20802117445,50,93,17,14,29,25,6,3,0,231
20802117446,40,62,14,19,22,16,9,17,3,202
20802117447,41,93,14,13,36,20,4,17,6,238
20802117449,0,0,0,0,0,0,0,0,0,8
20802117450,53,60,17,19,28,24,4,9,3,227
20802117451,45,70,18,20,18,28,4,3,0,209
20802117452,43,77,10,15,18,17,0,14,0,198
20802117453,38,66,17,17,24,21,5,18,9,206
20802117454,76,161,44,40,60,41,15,18,3,455
20802117455,50,81,25,19,29,22,3,9,0,232
20802117456,43,81,22,23,31,17,3,12,3,227
20802117457,34,73,15,14,19,10,3,9,3,192
20802117458,25,68,23,20,23,14,8,14,4,193
20802117459,33,48,24,25,27,10,3,4,4,179
20802117460,68,118,27,25,31,39,8,18,8,343
20802117461,34,51,14,15,32,16,8,6,6,174
20802117462,25,71,8,16,19,8,0,11,0,167
20802117601,25,59,15,15,23,18,4,7,12,171
20802117602,49,96,18,22,44,21,5,7,14,282
20802117603,33,84,18,23,31,23,6,11,4,239
20802117604,49,95,15,12,35,6,3,9,3,241
20802117605,43,112,15,17,29,26,4,4,4,253
20802117606,36,55,8,14,21,9,10,9,0,149
20802117607,41,87,27,8,21,17,3,0,6,209
20802117608,62,90,22,25,34,27,4,16,10,290
20802117609,32,61,12,12,23,15,3,3,0,171
20802117610,32,73,13,15,27,22,8,9,0,195
20802117611,34,76,15,9,28,13,3,10,6,202
20802117612,42,104,33,36,40,21,18,20,8,324
20802117613,30,94,32,30,42,20,8,12,7,263
20802117614,25,89,17,23,27,11,10,12,4,222
20802117617,20,61,21,20,14,14,7,8,4,166
20802117618,15,38,7,6,14,5,0,7,8,107
20802117619,34,75,19,11,42,15,16,21,3,236
20802117620,16,71,17,8,19,13,7,12,3,162
20802117621,45,85,17,30,45,21,7,14,3,265
20802117622,46,105,33,24,33,16,9,14,5,271
20802117623,40,85,27,14,28,19,10,12,3,237
20802117624,38,78,16,19,27,13,4,5,3,195
20802117625,56,136,40,39,55,33,12,27,8,412
20802117626,26,57,16,22,23,20,10,19,0,198
20802117629,26,165,33,28,54,31,5,21,10,373
20802117630,59,65,17,18,28,11,10,17,0,235
20802117631,33,107,22,32,27,26,4,9,9,265
20802117632,45,111,29,41,33,17,10,26,5,315
20802117634,29,120,35,40,49,24,10,19,0,334
20802117635,28,63,21,16,15,20,3,10,0,170
20802117636,44,75,18,21,28,21,3,20,4,237
20802117637,28,73,14,20,27,13,10,9,9,205
20802117638,28,68,16,17,29,21,9,22,0,206
20802117639,27,71,20,19,16,8,9,10,0,173
20802117640,32,74,10,20,22,9,4,9,3,192
20802117641,17,89,16,26,32,26,7,17,5,233
20802117642,44,113,22,22,31,23,4,6,5,267
20802117643,38,89,19,11,41,19,5,3,9,218
20802117644,24,68,18,22,24,13,10,15,3,190
20802117645,39,118,19,10,29,22,7,7,4,257
20802117646,42,137,17,18,29,21,9,12,4,287
20802117647,27,122,27,31,37,24,8,12,8,306
20802117648,20,86,18,35,29,17,8,10,0,219
20802117649,40,97,23,18,27,42,8,19,9,267
20802117650,39,81,15,18,23,13,4,4,4,198
20802117701,27,78,27,46,22,33,3,27,6,273
20802117702,48,73,23,22,26,16,8,9,0,225
20802117703,43,84,24,22,28,14,11,13,5,239
20802117704,42,75,12,17,19,14,10,3,9,197
20802117705,26,84,10,15,17,9,3,8,8,172
20802117706,21,76,10,9,19,6,0,8,0,149
20802117707,38,107,12,27,17,24,4,4,0,234
20802117708,42,76,3,17,22,10,0,8,4,188
20802117709,17,58,5,13,13,9,0,0,5,126
20802117710,29,94,14,21,26,15,0,8,6,225
20802117711,38,85,4,20,23,12,3,8,7,199
20802117712,41,89,11,15,19,8,0,5,9,204
20802117713,39,89,7,19,29,7,4,7,5,204
20802117714,68,85,12,18,28,20,3,6,0,237
20802117715,46,96,10,16,27,10,6,4,4,225
20802117716,40,63,12,10,18,13,0,3,0,164
20802117717,45,94,8,19,25,17,5,4,9,228
20802117718,48,90,12,18,18,11,0,7,5,221
20802117719,24,55,5,9,9,9,4,3,3,122
20802117720,23,50,7,17,15,8,0,3,0,132
20802117721,16,36,7,10,19,5,4,3,4,99
20802117722,33,91,17,25,18,22,11,12,8,241
20802117723,37,118,19,32,35,27,6,15,8,283
20802117724,38,80,13,24,24,7,6,4,5,206
20802117725,54,107,22,29,44,12,4,19,6,287
20802117726,39,87,11,27,24,7,7,8,3,203
20802117727,31,57,16,14,14,7,3,4,3,158
20802117728,49,112,7,23,15,23,3,7,3,253
20802117729,31,54,7,16,15,3,0,0,3,144
20802117730,42,95,13,19,29,18,5,8,4,234
20802117731,31,68,12,10,20,18,7,0,0,168
20802117732,20,60,7,16,14,5,0,3,3,122
20802117733,42,101,16,23,29,15,5,5,3,230
20802117734,28,56,19,19,9,14,3,17,0,167
20802117735,26,58,6,14,25,21,3,0,4,158
20802117736,39,87,4,15,25,7,0,5,8,190
20802117737,37,80,17,13,21,14,5,4,0,193
20802117738,65,91,11,33,25,10,0,5,4,248
20802117739,30,58,6,12,13,15,4,0,7,139
20802117740,67,123,12,17,43,27,0,12,11,308
20802117741,45,94,22,25,31,19,4,8,0,254
20802117742,49,144,4,18,31,24,0,7,6,283
20802117743,35,102,6,14,17,14,0,3,3,203
20802117744,14,25,6,6,20,6,4,4,4,77
20802117745,60,136,21,34,38,13,3,15,11,329
20802117746,33,86,9,22,24,7,0,12,6,190
20802117747,38,63,9,16,19,16,3,6,3,171
20802117748,26,42,10,11,13,6,3,4,13,123
20802117749,44,109,15,28,23,22,6,4,4,254
20802117750,18,71,7,18,17,9,0,4,0,150
20802117751,17,60,18,18,18,7,0,7,0,154
20802117752,78,169,28,24,39,21,0,11,8,378
20802117753,36,66,4,11,12,6,0,0,5,140
20802117754,24,50,5,15,13,10,0,5,3,123
20802117756,42,154,38,51,52,48,16,23,13,434
20802117757,40,118,24,33,34,27,3,7,9,292
20802117758,18,35,12,0,13,8,0,3,0,94
20802117801,41,76,12,21,16,20,0,3,4,193
20802117802,33,53,3,16,15,20,0,3,0,150
20802117803,50,82,17,17,19,17,0,5,4,210
20802117804,52,109,6,25,29,16,4,6,8,244
20802117805,44,95,26,20,33,22,12,21,0,271
20802117806,41,76,20,21,26,11,5,6,0,206
20802117807,22,57,10,15,25,5,0,4,11,150
20802117808,26,61,12,18,18,13,4,9,4,173
20802117809,32,71,7,10,21,7,3,4,3,156
20802117810,20,68,17,10,19,8,4,11,0,162
20802117811,36,81,5,13,16,11,6,3,3,172
20802117812,31,58,12,16,13,13,3,9,0,151
20802117813,34,69,12,15,15,19,9,6,0,174
20802117814,44,66,12,16,30,17,0,8,6,196
20802117815,77,110,20,27,33,24,11,12,0,308
20802117816,32,50,3,14,18,13,5,3,0,133
20802117817,35,82,15,34,38,20,14,21,9,257
20802117818,38,95,12,19,22,16,10,7,5,229
20802117819,30,62,17,10,26,11,4,6,0,161
20802117820,35,64,0,15,21,16,0,6,5,168
20802117821,22,60,10,17,30,15,0,0,7,167
20802117822,32,71,21,18,12,17,9,6,5,182
20802117823,35,57,9,16,19,11,4,3,3,159
20802117824,24,80,9,22,22,25,5,9,5,195
20802117825,39,75,7,19,30,17,7,12,6,209
20802117826,56,109,18,25,32,25,10,6,5,279
20802117827,57,103,18,26,32,22,10,7,10,287
20802117828,80,175,36,46,49,35,4,20,10,457
20802117829,86,140,22,30,35,17,3,15,8,349
20802117830,26,71,10,8,17,6,3,13,0,164
20802117831,50,101,19,17,27,28,3,6,9,263
20802117832,43,65,19,12,25,11,0,5,10,187
20802117833,76,125,22,38,27,32,0,10,6,339
20802117834,56,88,15,19,23,13,0,14,6,237
20802117835,47,120,17,23,35,26,5,8,4,278
20802117836,49,61,20,23,37,19,5,8,8,229
20802117837,52,104,20,30,22,14,3,10,0,256
20802117838,60,96,20,23,34,21,9,17,9,282
20802117839,56,104,9,13,33,16,6,9,6,253
20802117840,41,104,11,14,27,12,17,4,4,236
20802117841,26,72,10,12,26,0,0,0,8,146
20802117842,35,49,11,17,14,10,0,3,3,135
20802117843,24,40,11,11,16,12,3,4,0,114
20802117901,43,91,10,33,24,12,0,8,0,231
20802117902,32,53,11,11,18,9,0,3,3,139
20802117903,32,68,8,16,11,12,0,5,5,154
20802117904,40,106,18,36,25,17,0,7,6,259
20802117905,52,107,8,23,34,27,7,5,3,260
20802117906,62,128,14,21,25,11,0,17,0,298
20802117908,52,93,18,18,22,21,0,8,0,233
20802117909,62,106,12,14,24,22,4,9,9,257
20802117910,56,100,19,37,34,19,11,20,0,296
20802117911,63,114,16,20,21,19,5,11,4,273
20802117912,35,61,8,15,15,17,4,6,0,165
20802117913,33,76,7,19,6,13,5,3,4,157
20802117914,49,93,9,12,22,15,0,11,4,221
20802117915,70,124,22,19,34,27,6,14,4,316
20802117916,68,88,19,26,39,16,4,12,3,278
20802117917,18,62,11,13,17,19,9,8,8,164
20802117918,26,91,17,23,15,13,4,10,4,202
20802117919,31,52,11,14,24,16,0,5,4,173
20802117920,34,68,9,14,25,21,8,7,4,193
20802117921,15,52,3,6,17,8,4,0,0,116
20802117922,28,48,11,11,26,8,7,10,0,151
20802117923,72,169,46,45,49,26,12,10,8,418
20802117924,44,72,16,17,19,17,3,3,7,198
20802117925,58,140,15,20,27,20,0,7,9,302
20802117926,59,150,28,34,60,20,6,18,9,376
20802117927,50,77,11,13,26,9,0,7,5,195
20802117928,31,43,6,6,16,12,4,3,0,125
20802117929,36,90,15,14,28,17,4,4,5,210
20802117930,33,113,22,22,46,22,12,13,11,279
20802118001,31,46,26,17,26,14,5,6,3,169
20802118002,20,40,12,20,15,14,10,9,0,139
20802118003,45,105,33,29,46,33,12,13,9,328
20802118004,43,111,40,39,42,28,4,13,4,324
20802118005,26,69,20,15,41,10,10,20,0,211
20802118006,31,60,22,19,35,7,12,11,6,201
20802118007,79,158,34,44,67,38,17,21,11,462
20802118008,23,79,25,26,33,11,3,15,3,210
20802118009,45,46,13,17,17,16,4,5,7,169
20802118010,24,87,10,18,30,23,6,8,0,213
20802118011,27,71,17,19,24,13,7,11,0,195
20802118012,33,84,20,21,35,28,4,19,0,257
20802118013,57,122,28,26,35,23,11,9,3,327
20802118014,48,104,37,32,47,26,7,17,0,327
20802118015,26,94,21,18,34,23,4,4,7,236
20802118016,45,80,29,27,28,14,9,18,0,241
20802118017,26,71,14,15,33,17,5,4,0,188
20802118101,72,137,21,19,56,27,9,9,3,355
20802118102,39,95,16,15,31,20,4,7,3,231
20802118103,33,63,17,14,28,12,0,3,0,185
20802118104,38,81,24,16,29,24,0,15,0,224
20802118105,30,43,10,10,20,14,5,8,5,150
20802118106,62,104,35,30,54,24,10,26,8,347
20802118107,44,161,42,43,43,29,17,29,11,426
20802118108,34,84,28,23,30,7,17,15,7,245
20802118109,21,60,20,17,32,14,4,10,3,186
20802118110,44,96,22,25,28,23,8,17,0,261
20802118111,54,116,38,27,42,28,4,19,6,341
20802118112,47,100,30,19,35,19,5,13,7,266
20802118113,41,81,36,17,35,18,3,6,3,250
20802118114,43,70,13,25,22,23,8,10,0,224
20802118115,55,114,27,23,37,30,11,14,5,313
20802118116,34,97,11,27,31,21,9,14,5,245
20802118117,44,106,23,25,40,26,11,18,4,295
20802118118,45,101,26,22,38,22,7,15,9,289
20802118119,43,85,11,14,18,13,10,10,0,205
20802118120,43,81,19,21,38,20,11,9,0,242
20802118201,35,115,31,19,38,26,7,18,3,295
20802118202,28,75,26,18,30,23,3,11,4,217
20802118203,41,147,55,59,44,28,28,26,6,437
20802118204,51,180,40,45,60,32,15,21,20,468
20802118205,38,129,34,31,33,23,0,14,12,314
20802118206,53,150,30,37,33,22,8,16,7,353
20802118207,22,116,36,40,33,26,15,28,6,318
20802118208,42,83,17,33,29,19,0,14,3,235
20802118209,19,73,18,11,20,8,0,19,8,176
20802118210,28,70,5,3,22,11,3,3,0,154
20802118211,17,61,22,26,26,7,0,4,3,167
20802118212,27,64,16,20,26,13,10,9,7,188
20802118213,50,78,19,22,27,25,7,12,3,243
20802118214,37,101,25,27,25,18,14,12,3,262
20802118215,29,80,18,16,28,22,4,8,6,199
20802118216,34,74,20,25,32,18,17,13,6,241
20802118217,38,77,34,31,37,10,5,19,5,258
20802118218,32,92,23,24,38,17,5,11,0,242
20802118219,59,142,29,39,46,38,13,25,3,388
20802118220,62,106,21,14,37,28,4,11,4,301
20802118221,60,108,27,28,42,24,6,8,0,302
20802118222,58,62,9,28,31,14,5,11,0,205
20802118223,42,54,22,22,24,14,4,15,0,197
20802118224,77,151,21,43,52,44,9,19,5,412
20802118225,57,145,34,33,44,30,13,14,9,382
20802118226,64,120,27,32,31,38,9,18,0,335
20802118227,33,72,23,31,20,16,8,12,4,224
20802142601,72,127,25,30,33,52,8,18,10,386
20802142602,44,73,23,16,35,22,7,14,5,228
20802142603,50,62,23,26,35,27,10,17,3,250
20802142604,67,121,30,22,44,42,11,16,3,363
20802142605,35,65,26,22,37,22,0,13,8,217
20802142606,69,112,35,27,47,23,7,15,5,342
20802142607,57,115,36,30,55,35,17,25,0,369
20802142608,51,74,33,21,30,21,3,12,8,251
20802142609,63,128,31,34,45,27,10,10,3,338
20802142610,44,63,26,17,29,17,6,3,5,210
20802142611,30,46,19,15,19,20,9,11,3,166
20802142612,27,81,30,24,35,16,14,13,3,238
20802142613,56,78,21,29,30,23,3,11,8,266
20802142614,38,60,19,19,37,16,7,12,0,212
20802142615,63,114,30,30,37,28,4,21,6,330
20802142616,28,54,24,13,25,20,6,11,6,183
20802142617,37,67,28,19,19,22,8,11,4,214
20802142618,68,107,27,40,47,38,5,9,6,354
20802142619,33,80,13,29,37,13,5,3,7,217
20802142620,47,67,22,18,29,14,7,14,3,218
20802142621,32,102,19,26,34,19,5,11,4,259
20802142622,30,83,17,21,34,21,6,6,6,218
20802142623,43,58,27,19,56,21,8,8,9,251
20802142624,48,110,18,36,26,22,4,10,5,286
20802142625,31,66,24,15,29,11,10,9,0,195
20802142626,28,38,9,12,15,13,4,0,0,126
20802142627,42,89,25,22,43,31,8,9,8,274
20802142628,36,72,23,18,34,25,10,12,5,235
20802142629,44,80,28,27,33,19,4,15,3,257
20802142630,25,70,22,18,30,12,10,9,0,191
20802142631,31,41,18,12,29,18,0,6,0,149
20802142632,45,68,19,30,40,26,3,12,7,250
20802142633,49,86,20,21,31,19,7,8,5,249
20802142634,35,59,7,17,26,20,3,8,3,179
20802142701,25,47,26,16,29,15,10,8,0,171
20802142702,46,54,26,15,36,27,0,11,5,212
20802142703,67,102,42,41,44,25,15,17,3,369
20802142704,42,65,26,21,30,28,5,12,3,231
20802142705,26,65,24,19,32,20,3,10,6,205
20802142706,38,70,20,16,43,35,6,11,8,234
20802142707,68,102,31,36,47,32,8,20,7,355
20802142708,55,99,23,23,40,15,12,8,3,287
20802142709,76,108,42,30,54,25,5,18,3,359
20802142710,61,88,43,28,47,38,6,17,5,341
20802142711,31,63,22,23,41,23,3,17,6,223
20802142712,57,105,46,32,66,28,11,17,7,366
20802142713,33,67,24,15,26,26,3,10,0,221
20802142714,37,94,30,26,38,31,10,18,0,289
20802142715,50,78,22,34,33,19,5,16,5,258
20802142716,33,60,26,30,38,19,4,11,4,227
20802142717,65,101,26,28,39,26,6,7,9,314
20802142718,54,90,27,21,36,19,3,18,3,271
20802142719,42,78,28,22,36,24,5,19,0,256
20802142720,20,59,19,16,24,11,5,8,3,162
20802142721,29,55,34,20,32,29,3,15,5,226
20802142722,58,74,23,33,36,23,7,15,3,273
20802142723,34,57,19,19,27,18,8,3,0,188
20802142724,67,87,38,27,70,32,17,21,9,368
20802142725,76,87,33,30,40,27,5,16,3,309
20802142726,42,66,22,22,24,14,11,17,6,222
20802142727,19,29,16,6,15,14,3,5,0,113
20802142728,36,76,18,19,28,10,6,9,3,219
20803118301,22,35,25,10,28,16,11,7,0,153
20803118302,26,38,34,31,34,20,8,19,6,215
20803118303,19,35,25,13,14,19,6,6,0,134
20803118304,62,69,41,28,40,42,12,28,3,326
20803118307,34,46,18,34,31,26,3,19,4,214
20803118308,30,47,25,22,13,15,0,17,0,158
20803118309,21,31,19,14,11,17,6,12,0,140
20803118310,51,66,28,23,47,26,15,17,6,283
20803118311,37,52,34,25,43,39,8,19,0,255
20803118312,43,67,50,37,35,31,14,23,5,305
20803118313,35,52,39,23,32,24,11,9,6,220
20803118315,36,64,24,20,39,21,17,20,6,241
20803118316,0,0,0,0,0,0,0,0,0,7
20803118317,0,0,0,0,0,0,0,0,0,0
20803118318,23,50,24,23,37,17,7,12,4,203
20803118319,71,106,23,26,37,23,7,18,11,329
20803118320,0,0,0,0,0,0,0,0,0,0
20803118321,31,49,27,31,42,38,19,10,8,255
20803118322,67,68,22,17,38,32,9,18,7,277
20803118323,35,33,15,11,21,7,7,3,0,128
20803118324,4,4,0,0,0,0,0,0,0,10
20803118325,58,93,35,27,48,27,15,25,7,348
20803118326,45,61,21,25,35,39,19,12,3,260
20803118327,37,65,41,14,52,23,5,24,4,266
20803118401,4,5,6,0,0,0,0,0,0,22
20803118501,44,65,47,32,32,24,9,16,6,278
20803118502,23,29,22,35,28,8,4,12,3,164
20803118503,24,40,36,18,21,21,10,12,0,183
20803118504,43,90,67,33,52,23,6,14,4,337
20803118505,7,33,13,19,15,6,4,4,0,112
20803118506,36,57,58,27,45,26,19,26,6,307
20803118507,32,36,27,19,33,10,5,9,4,181
20803118508,71,48,32,17,44,35,8,10,6,271
20803118509,69,53,29,25,55,22,10,17,3,279
20803118510,35,45,50,22,38,29,24,18,0,252
20803118511,36,59,19,8,26,15,8,9,4,199
20803118512,41,64,41,21,36,22,6,12,0,240
20803118513,32,46,33,26,23,10,16,13,4,191
20803118514,17,36,21,18,20,8,8,10,3,141
20803118515,36,97,47,39,49,34,18,23,5,348
20803118516,57,72,46,30,39,17,5,18,11,298
20803118517,41,56,32,38,28,30,4,13,3,246
20803118518,29,50,19,19,40,18,0,3,0,187
20803118519,0,0,0,0,0,0,0,0,0,0
20803118520,50,47,31,25,50,23,12,19,10,268
20803118521,48,15,23,10,17,21,0,0,4,147
20803118522,37,28,26,6,19,10,4,6,3,152
20803118523,16,29,21,17,16,8,8,8,5,114
20803118524,113,119,58,38,86,57,25,33,12,539
20803118525,43,52,20,20,38,15,9,13,11,227
20803118526,19,52,30,18,27,16,13,10,0,188
20803118527,39,28,17,17,27,13,4,12,3,155
20803118528,0,0,4,0,3,0,0,6,0,11
20803118529,22,35,29,20,23,21,3,19,7,176
20803118530,23,33,12,11,18,18,4,4,0,131
20803118601,34,44,13,12,39,8,6,12,0,172
20803118602,0,0,0,0,0,0,0,0,0,3
20803118603,35,79,46,34,40,18,13,22,3,281
20803118604,49,88,61,28,30,22,11,24,5,314
20803118605,22,70,33,23,29,11,11,10,3,210
20803118606,17,56,31,22,26,9,11,14,0,195
20803118607,26,54,15,19,32,9,4,16,0,176
20803118608,28,61,23,24,29,14,14,7,3,196
20803118609,12,36,11,22,17,5,0,8,5,118
20803118610,52,93,60,35,68,23,14,10,4,358
20803118611,34,53,24,29,35,28,0,7,6,206
20803118612,36,84,45,36,37,15,5,13,0,282
20803118613,39,78,35,31,30,21,17,10,0,259
20803118614,19,39,20,9,22,16,8,6,0,136
20803118615,39,44,21,24,18,17,6,10,0,188
20803118616,57,75,55,28,43,20,14,9,5,303
20803118617,67,99,45,34,56,32,9,22,10,366
20803118618,75,92,36,38,42,29,17,14,3,341
20803118619,27,43,33,25,40,11,7,16,6,218
20803118620,38,59,36,26,41,19,16,16,0,243
20803118621,70,103,29,38,52,32,17,19,9,366
20803118622,47,99,41,35,45,24,13,19,9,332
20803118623,57,75,48,35,40,26,18,20,0,333
20803118624,39,48,36,16,39,15,7,16,5,219
20803118625,28,64,46,42,37,18,23,20,4,285
20803118626,56,78,53,28,49,21,14,13,8,315
20803118627,35,72,42,27,37,12,7,16,5,255
20803118628,24,62,34,22,29,16,19,23,8,230
20803118629,31,74,30,22,39,10,19,11,3,242
20803118630,52,96,44,33,61,17,17,17,3,341
20803118631,36,86,34,31,38,21,12,27,0,283
20803118701,37,67,47,38,42,30,15,20,9,309
20803118702,14,24,25,11,19,21,5,7,0,117
20803118703,33,65,40,20,35,22,14,16,4,251
20803118704,18,62,53,24,30,21,9,28,6,256
20803118705,16,19,15,4,14,8,9,8,3,90
20803118706,21,47,31,18,27,11,10,7,0,176
20803118707,17,35,29,19,26,10,7,7,5,162
20803118708,38,70,65,38,43,20,22,13,4,316
20803118709,41,66,50,38,48,19,12,23,6,302
20803118710,31,63,39,33,49,22,20,23,8,292
20803118711,31,43,28,22,32,35,17,14,4,233
20803118712,24,45,23,14,18,18,6,15,0,163
20803118713,0,4,6,4,4,0,0,0,0,13
20803118801,26,43,26,17,34,11,4,13,5,180
20803118802,32,70,30,23,22,15,4,7,3,207
20803118803,54,73,28,29,38,41,4,8,10,279
20803118804,58,84,39,20,59,36,12,13,7,331
20803118805,69,95,35,30,45,39,11,21,4,348
20803118806,30,58,19,10,30,12,9,13,0,175
20803118807,27,52,27,12,26,17,3,15,0,187
20803118808,51,101,18,37,36,36,0,4,0,292
20803118810,41,78,28,25,37,12,6,9,5,246
20803118811,55,78,32,27,39,28,8,18,5,295
20803118812,36,64,23,23,36,21,3,12,3,220
20803118814,47,75,28,29,25,34,12,23,0,279
20803118815,14,41,24,15,24,15,0,4,8,144
20803118816,43,67,48,27,45,33,13,20,10,307
20803118817,35,56,40,30,25,26,13,13,9,241
20803118818,17,33,18,9,18,10,4,8,0,129
20803118820,25,49,22,13,18,11,0,10,0,146
20803118821,34,62,29,25,35,23,6,21,3,233
20803118822,39,60,19,25,33,14,9,12,6,221
20803118824,21,45,24,17,21,20,11,8,0,162
20803118825,37,53,30,23,35,20,4,17,3,218
20803118826,12,33,18,13,8,4,9,13,0,103
20803118827,23,39,24,14,19,14,8,8,0,152
20803118828,32,47,19,11,20,17,4,8,0,156
20803118830,44,72,35,26,39,21,7,12,9,265
20803118831,20,82,27,17,37,21,10,19,8,229
20803118832,40,65,23,42,43,28,5,15,3,256
20803118833,10,47,15,11,6,12,3,3,3,112
20803118834,39,84,25,30,37,17,9,17,10,264
20803118835,42,78,33,24,36,28,4,11,5,259
20803118836,34,68,29,20,39,26,12,17,0,243
20803118837,62,117,33,48,48,44,7,26,7,389
20803118838,31,54,11,14,29,19,3,8,0,174
20803118839,25,56,14,14,29,13,0,9,0,170
20803118842,24,56,26,21,22,17,6,10,3,196
20803118843,20,48,18,23,23,14,6,24,6,189
20803118844,21,27,17,7,18,12,10,5,0,115
20803118845,22,39,23,18,28,10,4,7,3,155
20803118846,22,48,13,15,14,9,5,4,4,129
20803118847,33,80,28,15,33,16,4,21,4,229
20803118848,38,51,33,12,38,18,3,10,6,211
20803118849,67,106,30,30,60,36,6,19,8,359
20803118850,13,50,14,22,13,10,10,3,0,128
20803118851,39,52,21,21,26,21,0,8,6,199
20803118852,40,81,25,21,60,25,15,12,3,282
20803118853,46,87,26,38,46,22,9,8,5,293
20803118854,41,66,23,11,30,22,8,10,3,217
20803118855,58,82,22,22,38,24,6,16,7,265
20803118856,36,67,18,30,22,15,4,0,5,205
20803118857,10,20,15,0,7,6,4,3,0,72
20803118858,39,51,34,34,30,18,25,23,3,260
20803118859,50,103,43,30,50,27,14,13,0,330
20803118860,23,66,18,13,26,19,11,7,4,187
20803118861,25,37,16,21,27,21,5,10,6,168
20803118862,30,44,11,16,15,10,6,0,0,140
20803118863,21,58,18,15,26,8,4,9,0,159
20803118864,34,58,26,22,28,12,8,11,5,199
20803118865,23,37,22,13,22,8,5,4,0,137
20803118901,60,84,38,28,49,24,6,10,0,304
20803118902,52,102,27,35,20,17,8,10,4,279
20803118903,40,60,23,23,40,19,4,11,6,226
20803118904,69,80,45,45,45,31,7,21,8,344
20803118905,42,43,21,18,23,27,5,5,3,182
20803118906,55,74,38,22,21,16,6,10,5,239
20803118907,50,82,38,21,39,22,8,14,5,273
20803118908,23,53,25,27,30,18,13,8,10,212
20803118909,42,48,23,11,26,18,11,12,7,193
20803118910,43,86,36,30,32,22,8,13,3,288
20803118911,31,61,22,17,23,11,6,9,6,188
20803118912,65,112,54,39,52,26,5,22,12,391
20803118913,48,136,53,46,53,26,11,15,4,392
20803118914,33,55,34,21,20,19,4,10,0,197
20803118915,37,90,31,44,40,17,11,21,8,302
20803118916,37,79,28,32,29,17,7,8,6,260
20803118917,46,90,40,28,31,25,9,15,5,290
20803118918,35,39,30,14,28,14,0,12,6,170
20803118919,44,53,36,31,34,18,3,11,3,224
20803118920,68,117,44,26,44,30,0,14,10,362
20803118921,26,48,29,37,25,25,7,9,3,199
20803118922,38,46,12,22,19,18,3,3,0,160
20803118923,30,33,10,8,16,17,3,5,6,128
20803118924,24,41,29,20,25,19,3,9,3,184
20803118925,25,58,21,23,16,12,5,7,0,165
20803118926,58,109,35,35,42,26,0,13,4,321
20803118927,28,51,16,30,30,15,8,9,0,183
20803118928,24,63,24,14,27,10,4,13,0,177
20803118929,25,66,27,16,30,15,5,10,4,199
20803118930,24,56,16,16,27,11,4,11,3,163
20803119001,35,45,23,25,15,19,12,5,0,175
20803119002,44,73,14,22,22,21,3,10,0,221
20803119003,25,55,17,15,15,19,3,5,0,163
20803119004,44,56,14,16,26,14,8,3,3,183
20803119005,26,62,21,12,23,16,10,6,3,182
20803119006,47,55,21,19,25,20,0,7,0,193
20803119007,48,68,23,32,32,20,3,12,3,248
20803119008,29,62,19,19,48,17,9,11,3,222
20803119009,54,101,44,34,48,19,17,7,9,323
20803119010,86,123,54,44,68,44,12,28,6,456
20803119011,77,152,58,54,70,39,21,21,10,509
20803119012,28,40,15,20,27,9,9,8,0,159
20803119013,23,44,27,21,18,17,11,10,5,177
20803119014,66,126,46,51,70,46,14,15,5,447
20803119015,0,4,0,0,0,0,0,0,0,9
20803119016,33,54,17,12,33,17,7,8,0,189
20803119017,35,49,15,17,21,17,0,5,0,158
20803119018,42,71,9,19,18,16,5,11,0,193
20803119019,34,79,24,23,40,18,6,8,0,230
20803119020,30,48,4,12,16,14,0,12,0,129
20803119021,27,45,14,16,15,4,0,6,4,138
20803119022,44,48,36,24,48,31,3,16,5,251
20803119023,38,72,25,20,38,25,7,10,0,234
20803119024,35,49,15,17,30,20,3,5,0,179
20803119025,38,59,29,29,34,18,8,13,4,233
20803119026,32,37,21,12,20,7,0,11,5,147
20803119027,46,65,17,17,26,22,3,3,0,197
20803119028,39,55,16,20,23,18,5,3,6,190
20803119029,17,37,5,18,29,9,0,11,3,135
20803119030,21,71,21,17,16,15,3,5,0,182
20803119031,28,62,17,6,23,14,9,12,3,159
20803119032,21,35,13,7,10,10,10,7,5,119
20803119033,48,71,24,29,48,20,3,14,3,264
20803119034,15,29,19,20,18,10,9,3,0,121
20803119101,42,52,14,28,36,26,8,10,6,207
20803119102,16,10,13,6,9,6,9,10,0,73
20803119103,0,0,0,0,0,0,0,0,0,0
20803119104,36,59,21,15,17,18,12,15,0,186
20803119105,106,106,31,28,43,48,12,16,7,394
20803119106,24,46,14,3,17,6,3,13,4,134
20803119108,40,57,22,17,29,22,3,12,3,199
20803119109,41,93,28,21,38,29,9,13,0,270
20803119110,41,65,32,32,38,17,0,16,6,238
20803119111,41,92,27,35,36,14,4,19,0,254
20803119112,34,51,28,16,30,20,7,19,6,208
20803119113,42,52,22,20,41,19,6,12,4,225
20803119114,24,42,13,14,17,8,3,0,5,126
20803119115,67,118,42,34,45,25,18,22,3,369
20803119116,58,94,46,27,44,30,26,21,4,338
20803119117,18,29,19,9,21,3,5,9,5,124
20803119118,24,46,16,12,23,7,4,14,0,142
20803119119,4,7,4,0,0,0,0,0,0,21
20803119120,22,56,32,33,30,20,10,18,10,242
20803119121,14,32,30,16,21,14,8,18,3,162
20803119122,38,58,23,13,30,22,3,15,0,197
20803119123,25,31,24,17,21,19,0,9,0,149
20803119124,38,79,28,26,29,15,5,12,0,226
20803119125,20,63,24,24,29,20,6,15,0,195
20803119201,0,0,0,0,4,0,0,0,0,3
20803119301,31,59,29,19,29,19,6,14,0,209
20803119302,44,61,23,21,31,26,8,13,3,235
20803119303,17,35,24,17,29,7,4,14,0,160
20803119304,57,116,47,33,56,32,5,16,4,362
20803119305,36,51,23,22,29,23,9,13,4,208
20803119306,0,0,0,0,0,0,0,0,0,0
20803119307,47,69,23,15,39,20,3,7,0,229
20803119308,49,82,29,25,34,30,8,16,0,265
20803119309,47,69,34,27,31,40,11,15,7,284
20803119310,56,80,34,27,34,24,9,15,10,281
20803119311,47,55,31,13,32,13,7,15,4,220
20803119312,34,69,23,14,33,29,7,16,3,234
20803119313,38,76,46,26,38,16,17,12,8,270
20803119314,46,101,46,27,36,18,9,15,7,301
20803119315,36,55,13,10,24,16,3,5,4,168
20803119316,40,79,32,16,38,33,3,9,3,258
20803119317,49,75,34,26,33,22,4,7,3,261
20803119318,49,84,31,32,42,24,10,13,8,282
20803119319,37,53,22,26,21,13,6,16,3,196
20803119320,50,83,28,24,52,20,8,12,0,277
20803119321,41,70,39,19,32,22,12,15,0,251
20803119322,23,71,21,28,31,24,8,15,3,221
20803119323,38,55,25,16,30,18,9,12,4,212
20803119324,89,128,48,54,63,41,19,31,0,474
20803119325,75,96,37,24,43,45,14,21,7,366
20803119326,67,99,21,40,58,32,8,20,0,349
20803119327,100,189,62,52,73,51,10,20,7,562
20803119328,48,63,15,14,37,23,3,16,6,228
20803119329,41,99,17,18,30,16,3,8,4,236
20803119330,53,89,25,30,36,26,7,14,10,285
20803119331,26,62,24,16,32,25,0,3,3,201
20803119332,58,80,19,26,45,15,14,14,6,274
20803119333,44,88,24,25,41,29,8,18,0,277
20803119334,53,76,31,34,43,17,3,12,0,271
20803119335,68,93,45,17,67,41,6,14,4,353
20803119336,55,96,43,43,46,18,3,14,3,330
20803119337,42,64,23,32,31,21,6,12,0,220
20803119338,45,90,21,25,35,24,15,10,3,263
20803119339,44,80,28,21,45,21,8,12,0,262
20803119340,56,61,32,27,30,27,6,12,5,248
20803119341,35,48,23,18,31,20,8,13,5,193
20803119342,58,82,34,29,41,29,11,10,8,293
20803119343,63,93,35,32,30,18,4,15,6,293
20804119401,54,90,9,13,25,13,6,3,5,224
20804119403,44,98,12,23,28,19,3,11,0,241
20804119404,28,90,20,26,40,16,3,8,5,227
20804119405,23,89,17,18,27,9,8,14,6,212
20804119406,20,67,15,14,27,11,0,4,0,165
20804119407,28,53,6,0,14,11,5,3,0,120
20804119408,23,75,14,18,10,12,0,7,3,168
20804119409,34,69,19,24,33,5,7,6,5,204
20804119410,104,184,19,33,57,31,8,4,6,453
20804119411,82,178,25,33,39,27,11,4,7,421
20804119412,38,43,8,10,15,9,0,7,7,153
20804119413,51,89,6,17,10,9,0,7,8,191
20804119414,42,63,5,14,21,19,4,4,4,167
20804119415,63,81,3,25,28,18,7,9,4,239
20804119416,37,72,7,14,18,22,3,6,0,184
20804119417,54,73,13,10,20,13,0,4,0,193
20804119418,56,97,16,24,38,29,3,8,0,265
20804119419,38,110,40,46,57,34,13,19,6,372
20804119420,40,61,13,13,24,9,0,7,0,175
20804119421,28,73,0,7,18,11,0,0,0,146
20804119423,36,87,14,15,14,20,4,10,0,202
20804119424,41,116,21,24,17,20,4,6,6,250
20804119425,55,134,9,10,31,27,8,11,6,287
20804119426,40,91,6,22,35,16,4,16,3,221
20804119427,28,54,0,10,22,18,5,10,0,141
20804119428,35,68,11,5,14,18,0,3,4,155
20804119429,12,19,3,0,12,4,0,0,0,48
20804119430,32,65,0,13,13,14,0,7,4,151
20804119431,74,108,3,19,30,26,0,4,3,274
20804119432,57,131,20,15,41,29,7,8,5,307
20804119433,47,76,6,8,21,9,0,0,6,181
20804119434,63,106,22,28,40,32,3,9,4,309
20804119435,70,133,13,22,38,16,0,4,5,306
20804119436,62,83,11,7,21,13,0,4,3,213
20804119437,28,50,0,13,12,7,0,4,0,103
20804119438,50,85,15,15,20,26,0,4,5,226
20804119439,39,77,7,15,15,15,0,0,7,178
20804119440,59,131,20,25,37,21,0,18,5,312
20804119441,41,72,15,19,29,22,0,4,3,202
20804119442,19,67,8,18,16,15,0,14,7,157
20804119443,89,163,26,23,49,34,5,14,8,408
20804119444,48,86,8,17,34,16,4,0,5,216
20804119445,39,78,16,7,27,20,0,20,3,215
20804119446,52,72,4,10,12,12,0,9,0,181
20804119447,29,61,8,19,16,11,5,5,0,152
20804119448,27,56,9,13,17,8,4,4,0,137
20804119449,51,72,5,10,24,16,0,7,4,192
20804119450,26,61,3,8,20,18,0,9,5,142
20804119451,31,64,5,13,24,14,0,3,0,162
20804119452,54,83,9,14,20,17,0,9,3,210
20804119453,45,109,18,25,39,21,8,14,3,282
20804119502,44,93,8,19,32,16,0,4,3,212
20804119503,23,46,4,15,14,3,0,0,4,105
20804119504,53,104,9,19,35,19,0,5,3,251
20804119505,67,115,19,23,34,21,10,13,4,300
20804119506,58,76,24,18,25,15,0,13,0,241
20804119507,59,83,13,21,28,18,7,12,4,246
20804119508,36,67,8,20,24,18,0,4,0,183
20804119509,60,95,25,27,36,22,5,23,3,287
20804119510,51,94,3,19,31,21,5,4,5,237
20804119511,62,113,12,25,16,27,3,8,16,272
20804119512,62,99,3,10,18,9,0,5,0,220
20804119513,59,148,11,26,36,32,0,6,3,329
20804119515,34,113,25,28,44,26,7,20,3,300
20804119516,45,145,25,40,38,40,11,30,4,380
20804119517,48,55,8,14,24,15,0,7,0,175
20804119518,46,98,25,29,42,35,0,16,3,299
20804119519,56,71,16,24,24,18,5,13,4,225
20804119520,90,179,25,28,55,33,10,12,7,439
20804119521,38,87,18,30,34,16,6,9,9,238
20804119522,44,90,21,10,37,31,4,11,0,252
20804119523,41,55,12,10,23,14,6,7,0,181
20804119525,33,54,20,20,25,17,7,14,12,189
20804119526,40,66,11,25,21,11,3,10,5,184
20804119527,25,64,11,22,33,16,3,18,3,184
20804119528,18,63,14,17,14,17,5,8,3,159
20804119529,28,48,12,10,18,8,4,8,0,133
20804119530,66,118,18,25,48,18,0,8,0,302
20804119531,48,73,20,18,19,24,5,15,3,235
20804119532,45,80,18,20,26,22,5,7,0,229
20804119533,68,126,16,29,21,27,7,7,4,301
20804119534,45,100,15,15,33,14,9,7,0,232
20804119535,30,119,33,48,36,24,12,23,0,330
20804119536,25,61,19,20,27,10,4,9,4,178
20804119537,34,62,23,34,27,30,12,17,11,243
20804119538,24,53,23,18,23,11,8,14,0,179
20804119539,36,70,5,10,20,13,0,3,5,157
20804119540,55,94,37,21,34,26,5,13,4,291
20804119541,40,81,9,16,24,18,0,11,3,202
20804119542,51,93,13,19,27,14,0,12,0,239
20804119543,55,105,14,11,29,25,5,3,4,246
20804119544,44,109,26,29,37,17,0,4,10,270
20804119545,30,48,10,16,16,15,0,8,0,141
20804119546,22,52,5,9,9,9,0,6,0,113
20804119547,42,53,15,11,24,11,0,4,4,157
20804119548,28,51,3,9,20,11,4,3,0,123
20804119549,21,55,5,9,17,11,0,9,3,134
20804119550,0,0,0,0,0,0,0,0,0,0
20804119551,38,52,20,20,25,19,3,13,0,192
20804119552,21,87,4,20,26,13,9,16,0,194
20804119553,60,116,25,30,40,24,6,7,5,323
20804119554,47,89,15,11,28,21,0,5,3,222
20804119555,25,64,6,12,11,19,0,3,0,151
20804119556,15,64,5,19,10,13,4,12,11,147
20901119601,19,57,30,36,33,18,13,14,0,230
20901119602,18,44,22,10,17,20,12,12,3,166
20901119603,17,23,19,17,11,3,6,9,0,105
20901119604,17,34,45,24,26,18,7,9,4,189
20901119605,27,35,38,23,29,23,13,18,7,224
20901119606,26,53,20,35,28,11,11,14,4,199
20901119607,15,38,31,20,32,26,10,31,4,201
20901119608,36,59,42,42,32,25,10,14,6,265
20901119609,11,32,26,8,37,8,13,8,0,150
20901119610,20,52,19,34,32,18,0,16,0,205
20901119612,49,69,36,29,46,33,5,16,0,280
20901119613,34,55,25,21,31,29,8,17,8,220
20901119614,18,33,24,22,19,20,6,3,4,152
20901119615,23,42,29,22,31,17,19,15,5,198
20901119616,12,34,38,20,12,6,13,26,9,174
20901119617,23,51,38,35,24,12,13,24,5,224
20901119618,16,52,39,35,29,15,8,27,7,216
20901119619,18,50,33,20,16,18,3,10,7,176
20901119620,9,34,17,14,16,8,7,10,5,129
20901119621,25,33,25,13,24,7,12,0,5,142
20901119622,15,57,24,14,24,13,10,11,7,173
20901119623,54,59,23,26,48,23,3,14,8,249
20901119624,57,109,53,45,52,36,23,25,3,406
20901119701,39,88,32,16,32,12,9,16,3,251
20901119702,36,67,28,23,35,28,6,9,3,233
20901119703,48,74,29,29,41,19,12,8,3,257
20901119704,42,56,36,26,48,18,4,23,0,258
20901119705,46,109,50,39,46,26,9,16,4,348
20901119706,28,70,27,18,40,20,5,6,4,219
20901119707,29,46,13,15,26,19,0,0,3,161
20901119708,21,30,20,16,23,7,7,5,6,119
20901119709,24,63,18,21,28,11,0,9,5,185
20901119710,38,79,46,38,41,18,4,14,5,279
20901119711,26,63,28,23,23,18,3,6,6,201
20901119712,31,51,33,23,39,20,7,13,9,227
20901119713,20,51,22,21,19,10,7,10,0,155
20901119714,30,53,29,19,43,17,3,13,0,217
20901119715,51,88,42,38,41,26,9,18,3,305
20901119716,19,33,14,11,15,8,8,5,3,114
20901119717,34,51,17,11,26,14,16,7,3,178
20901119718,23,34,26,21,19,15,3,12,0,157
20901119719,28,52,33,7,31,12,3,8,0,183
20901119720,22,27,13,13,19,10,0,8,0,119
20901119721,30,59,32,27,46,16,8,24,3,228
20901119722,23,51,29,22,27,18,7,7,0,189
20901119723,35,55,35,18,36,28,3,11,4,221
20901119724,45,95,37,24,58,30,12,12,10,327
20901119725,52,66,38,21,26,15,4,7,4,226
20901119726,36,78,27,23,35,10,9,12,5,231
20901119727,16,52,37,11,33,10,3,14,5,175
20901119728,33,44,33,28,22,12,9,11,3,194
20901119729,19,45,29,25,23,15,3,7,3,180
20901119730,26,79,38,21,44,20,12,19,6,260
20901119731,16,57,18,18,27,17,3,13,0,177
20901119732,30,43,24,21,22,23,3,11,0,178
20901119733,25,53,22,12,24,13,7,0,5,160
20901119734,23,48,20,21,24,13,3,9,4,161
20901119735,32,61,17,14,23,7,7,6,4,165
20901119736,25,31,16,16,20,9,5,14,0,129
20901119737,31,47,10,14,23,18,3,12,0,158
20901119738,29,50,10,10,24,11,0,12,7,151
20901119739,34,79,25,28,28,11,12,13,3,230
20901119740,46,101,48,28,45,16,8,20,13,328
20901119741,27,52,21,27,34,12,4,9,7,196
20901119742,19,41,19,13,17,6,9,7,0,136
20901119743,33,74,51,38,38,26,13,7,0,277
20901119744,29,57,26,33,19,11,7,11,0,205
20901119745,20,52,21,22,25,7,0,7,0,165
20901119746,22,62,28,9,23,18,4,9,3,176
20901119747,26,56,22,15,19,15,5,14,0,178
20901119748,14,33,13,15,11,3,0,3,0,96
20901119749,22,48,25,18,26,8,8,10,0,161
20901119750,25,77,38,28,37,13,11,13,0,242
20901119751,25,46,28,19,29,15,3,9,10,187
20901119752,27,24,17,8,16,11,6,8,3,103
20901119753,26,50,23,10,23,20,3,8,4,164
20901119801,34,83,19,22,24,17,0,16,3,222
20901119802,36,60,18,12,14,10,5,10,0,173
20901119803,55,127,17,35,32,27,11,28,3,333
20901119804,45,178,39,36,49,17,5,26,7,404
20901119805,26,112,17,26,28,20,7,22,4,265
20901119806,45,119,20,13,38,15,3,10,0,265
20901119807,51,111,24,30,36,19,9,9,0,294
20901119808,33,135,22,25,30,15,4,15,4,301
20901119809,39,117,26,23,28,14,8,12,3,271
20901119811,38,98,14,20,18,20,3,8,0,221
20901119812,24,57,10,8,19,11,0,4,0,141
20901119813,52,105,18,20,33,15,11,14,0,264
20901119814,60,180,55,37,54,27,15,22,9,448
20901119815,33,58,8,6,16,16,3,15,0,162
20901119816,32,62,11,8,18,7,3,10,0,155
20901119817,38,95,27,15,24,26,7,17,4,260
20901119818,41,100,23,22,22,26,3,11,8,261
20901119819,35,64,26,28,24,14,3,14,6,223
20901119820,50,64,16,15,39,6,12,8,5,207
20901119821,44,101,21,18,47,21,5,14,5,278
20901119822,40,70,21,25,26,19,12,8,5,217
20901119823,39,100,23,30,36,16,0,16,4,276
20901119824,37,73,19,19,24,14,3,6,10,208
20901119825,32,78,8,13,20,18,0,5,4,183
20901119826,52,132,22,22,37,18,10,17,0,304
20901119827,55,124,28,25,44,27,7,17,0,333
20901119828,36,104,28,19,32,16,9,11,6,262
20901119829,30,94,13,19,35,21,0,10,0,226
20901119830,41,85,21,19,28,9,0,0,4,193
20901119831,19,31,13,6,16,10,0,5,0,97
20901119832,41,93,20,18,34,23,3,7,3,242
20901119833,28,80,3,19,26,15,0,7,0,186
20901119834,18,65,6,13,17,3,6,4,0,128
20901119835,31,109,37,43,38,15,11,19,5,311
20901119901,14,38,17,29,15,16,15,36,9,182
20901119902,11,50,19,16,17,7,17,14,0,152
20901119903,16,32,21,21,14,5,12,11,6,137
20901119904,19,73,30,33,27,11,14,31,7,262
20901119906,4,0,5,3,0,0,0,0,0,10
20901119907,21,74,25,39,20,25,26,23,4,254
20901119908,0,29,16,12,12,3,7,7,0,94
20901119909,17,31,15,15,9,5,6,5,6,111
20901119910,18,73,30,22,16,9,11,14,4,197
20901119911,32,85,30,33,15,22,19,19,5,263
20901119912,27,68,29,22,20,10,16,20,6,216
20901119913,17,59,21,36,21,14,24,26,3,224
20901119914,31,82,30,34,29,15,13,21,6,267
20901119915,33,47,12,17,21,15,4,11,0,165
20901119916,29,91,39,37,54,20,12,14,4,305
20901119917,20,38,0,5,14,3,0,5,3,91
20901119918,63,168,43,33,55,26,7,19,6,420
20901119919,50,141,34,28,40,22,7,15,9,333
20901119920,44,122,32,36,30,13,3,23,0,311
20901119921,33,71,31,23,24,12,15,17,0,231
20901119922,32,80,35,23,36,22,5,11,4,250
20901119924,31,65,25,20,30,14,6,16,6,200
20901119925,16,73,22,33,21,26,11,12,0,223
20901119926,34,104,25,24,30,17,11,13,4,271
20901119927,25,58,17,18,22,15,12,19,7,204
20901119928,49,91,42,30,32,19,15,12,0,287
20901119929,11,50,17,9,15,11,10,17,12,149
20901119930,37,98,44,32,29,22,17,17,4,298
20901119931,16,68,29,23,22,16,7,9,3,188
20901119932,38,65,25,27,28,16,19,18,8,230
20901119933,17,40,13,24,17,9,11,12,3,146
20901119934,16,50,29,19,19,13,12,6,0,167
20901119935,10,32,33,18,26,6,11,18,0,158
20901119936,40,87,20,23,31,13,4,14,0,243
20901120001,22,55,17,12,27,11,3,4,0,143
20901120002,48,89,19,16,25,22,3,9,5,233
20901120003,32,95,12,18,22,30,8,14,0,231
20901120004,37,73,19,14,22,17,7,7,7,188
20901120005,56,136,22,25,40,26,9,14,4,322
20901120006,23,72,9,4,13,4,0,0,3,135
20901120007,49,77,17,8,27,20,4,10,4,214
20901120009,35,83,9,11,19,10,0,8,7,174
20901120010,35,91,5,17,20,17,3,5,0,204
20901120011,48,117,20,24,36,23,8,12,5,291
20901120012,56,121,30,17,19,9,11,5,3,281
20901120013,38,85,13,29,24,12,11,6,7,230
20901120014,52,136,35,26,38,23,16,23,10,350
20901120015,59,112,13,16,38,14,8,5,0,271
20901120016,51,109,10,21,30,12,5,5,3,248
20901120017,42,80,16,24,30,15,0,8,0,227
20901120019,47,112,5,17,33,31,0,9,0,255
20901120020,49,112,17,17,36,15,0,8,4,265
20901120021,26,80,8,12,29,9,3,9,0,185
20901120022,48,145,34,31,46,34,10,19,0,369
20901120023,25,83,15,25,28,25,5,4,4,217
20901120024,45,98,9,18,37,7,8,12,3,235
20901120025,59,131,40,30,37,19,6,6,5,334
20901120026,20,71,4,6,22,8,0,7,0,143
20901120027,43,92,22,28,33,13,4,10,0,249
20901120028,55,108,24,20,34,26,3,13,5,290
20901120029,33,80,21,17,24,21,4,8,4,199
20901120030,48,115,13,22,46,23,6,8,5,283
20901120101,34,71,14,15,16,10,0,8,0,174
20901120102,75,94,22,20,44,27,3,15,4,300
20901120103,67,116,16,8,37,24,3,10,5,288
20901120104,68,91,12,10,36,17,3,5,6,251
20901120105,37,104,22,17,32,22,7,9,0,258
20901120106,39,79,16,14,20,30,4,8,0,208
20901120107,49,76,12,5,20,18,3,11,10,200
20901120108,33,58,6,5,17,11,0,15,0,154
20901120109,55,137,19,20,48,17,0,7,6,316
20901120110,65,87,13,16,47,28,6,14,4,276
20901120111,45,89,15,9,23,11,0,4,0,199
20901120112,39,96,21,17,24,15,0,17,4,240
20901120113,46,81,14,22,27,18,3,13,4,221
20901120114,40,86,10,19,36,15,3,3,0,210
20901120115,42,78,6,11,29,15,5,6,0,198
20901120116,28,62,6,6,12,12,0,3,3,132
20901120117,31,80,12,12,16,17,4,4,3,171
20901120118,50,76,9,17,26,15,0,8,0,198
20901120119,26,49,7,5,18,7,0,3,0,130
20901120201,17,43,20,20,24,8,3,9,0,131
20901120202,18,39,17,17,12,11,0,4,0,121
20901120203,14,30,23,15,17,17,4,8,0,130
20901120204,23,34,19,8,31,13,3,3,0,138
20901120205,34,64,31,17,30,19,0,11,4,222
20901120206,55,103,47,36,42,32,6,16,0,336
20901120207,38,25,6,10,13,15,3,3,3,115
20901120208,62,84,41,43,31,21,10,17,8,314
20901120209,48,92,33,41,45,25,4,11,4,296
20901120210,31,67,41,16,30,9,7,12,3,223
20901120211,25,52,16,14,32,11,0,5,0,150
20901120212,26,66,28,25,30,11,7,14,4,214
20901120213,19,45,22,18,26,11,0,9,0,159
20901120214,39,54,22,19,20,14,6,10,5,190
20901120215,36,86,37,30,28,21,7,17,3,270
20901120216,27,53,18,14,23,14,8,10,3,179
20901120217,29,60,30,17,30,14,5,14,5,192
20901120218,49,64,28,18,38,20,5,10,4,237
20901120219,29,32,20,11,24,12,0,3,0,126
20901120220,18,33,22,14,15,10,0,10,0,133
20901120221,38,56,30,30,20,15,7,8,0,222
20901120222,47,101,39,20,45,14,5,11,5,281
20901120223,51,117,42,40,55,29,13,19,3,376
20901120224,37,72,24,25,30,19,4,8,4,223
20901120225,39,92,38,35,27,26,4,21,4,284
20901120226,38,68,13,13,27,15,5,8,5,194
20901120227,29,85,33,28,43,22,9,12,3,269
20901120228,21,46,12,12,22,15,0,7,0,132
20901120229,28,75,26,18,35,10,9,11,0,212
20901120230,37,92,33,25,40,28,13,15,6,302
20901120231,30,49,24,22,32,5,5,6,5,171
20901120232,45,77,25,22,27,12,0,5,0,215
20901120233,48,77,34,18,24,23,3,12,9,238
20901120234,26,32,20,25,19,11,4,9,0,150
20901120235,36,46,30,19,37,11,6,11,0,192
20901120236,25,53,24,15,17,8,8,9,3,160
20901120237,30,46,23,15,19,15,4,5,4,159
20901120238,29,41,18,16,23,6,4,5,0,148
20901120239,15,53,24,15,27,26,5,10,5,181
20901120240,58,79,28,26,33,13,7,9,6,257
20901120241,20,35,22,16,22,23,7,10,0,152
20901120301,15,43,21,13,21,12,0,11,0,150
20901120302,13,26,12,13,22,7,3,5,0,102
20901120303,21,41,25,14,24,10,4,6,3,148
20901120304,21,36,12,14,21,10,0,13,0,136
20901120305,56,94,22,24,36,24,9,13,7,279
20901120306,40,87,26,22,21,21,12,15,3,240
20901120307,46,69,33,34,41,9,5,17,0,247
20901120308,50,105,31,18,46,22,8,14,7,297
20901120309,30,92,22,21,36,14,3,11,0,229
20901120310,25,65,29,23,21,19,8,10,0,203
20901120311,35,58,15,14,32,17,3,12,0,197
20901120312,39,92,32,37,44,15,8,12,4,286
20901120313,39,82,44,32,44,22,6,15,8,297
20901120314,35,97,30,39,28,21,4,5,5,264
20901120315,24,77,27,15,39,10,8,17,3,216
20901120316,42,65,23,27,24,19,6,15,7,215
20901120317,31,55,22,14,24,8,4,9,0,166
20901120318,25,41,26,11,24,9,4,9,0,162
20901120319,44,84,40,30,40,22,6,16,5,291
20901120320,45,75,19,33,41,19,0,16,5,252
20901120321,62,89,46,43,35,32,9,12,8,329
20901120322,19,55,22,14,19,11,0,11,6,164
20901120323,26,83,27,32,33,13,3,20,0,244
20901120324,30,65,19,13,23,17,5,15,0,207
20901120325,33,92,34,30,35,19,12,10,3,281
20901120326,23,57,21,18,24,12,10,10,4,179
20901120327,39,71,22,14,32,9,8,11,0,208
20901120328,32,63,17,18,32,15,3,4,6,185
20901120329,21,62,23,17,35,20,8,11,0,199
20901120330,21,73,21,19,23,6,3,8,3,195
20901120331,22,89,27,19,34,12,11,17,0,230
20901120332,20,49,15,12,18,13,7,6,4,143
20901120333,27,63,18,13,28,12,9,15,6,186
20901120334,17,31,130,78,4,0,4,0,9,269
20901120335,17,73,21,17,23,8,3,11,5,173
20901120336,0,3,0,0,0,0,0,0,0,9
20901120337,26,84,16,17,28,15,3,3,7,199
20901120338,48,108,31,41,36,13,6,13,4,294
20901120339,25,42,9,12,16,8,3,5,3,136
20901120340,37,76,17,21,23,13,0,7,9,214
20901120341,26,42,20,16,21,7,7,11,0,142
20901120342,25,82,17,19,42,23,8,13,4,231
20901120343,23,46,5,16,25,7,6,11,0,135
20901120344,23,29,11,7,16,9,0,3,5,101
20901120345,12,23,12,5,9,4,0,4,0,70
20901120346,22,41,8,5,20,13,6,4,5,122
20901120401,40,79,53,30,42,22,9,21,5,308
20901120402,25,48,16,18,31,11,8,6,0,164
20901120403,13,33,24,19,27,14,7,8,5,148
20901120404,41,78,34,26,46,17,13,20,6,282
20901120405,32,70,33,23,37,14,14,15,3,248
20901120406,30,93,51,32,41,30,7,20,0,315
20901120407,17,40,21,20,16,6,9,13,0,142
20901120408,24,85,44,30,40,26,7,26,5,281
20901120409,26,71,27,23,21,17,11,17,5,208
20901120410,32,48,27,28,24,16,13,11,3,194
20901120411,17,29,16,11,16,8,9,3,7,127
20901120412,34,103,40,28,29,15,10,12,4,279
20901120413,25,46,24,23,33,22,6,6,3,203
20901120414,29,57,30,19,28,26,6,15,0,211
20901120415,21,55,22,29,23,9,6,10,3,179
20901120416,25,51,36,12,30,11,11,7,8,188
20901120417,31,68,42,27,32,10,3,10,0,231
20901120418,46,89,45,34,49,14,14,17,5,317
20901120419,18,55,23,13,26,11,9,8,0,157
20901120420,24,51,31,19,39,9,6,13,8,203
20901120421,8,26,9,20,24,8,8,18,0,115
20901120422,22,53,24,24,36,9,8,14,0,191
20902120502,38,70,11,12,28,11,4,12,0,189
20902120503,17,65,21,12,33,15,10,18,0,195
20902120504,42,111,42,40,50,26,23,22,19,368
20902120505,65,116,23,29,48,30,0,13,9,333
20902120507,44,69,13,17,34,21,5,14,3,220
20902120508,9,45,23,33,16,11,23,17,0,184
20902120509,20,67,27,54,43,33,23,40,4,314
20902120510,12,30,25,18,15,11,7,21,3,143
20902120511,26,56,36,31,19,22,26,35,3,251
20902120512,38,55,25,20,38,30,12,30,11,256
20902120514,9,30,28,16,18,9,22,12,0,146
20902120516,29,34,26,11,37,22,8,17,6,191
20902120517,0,0,0,0,0,0,0,0,0,0
20902120518,16,78,44,46,36,19,34,45,9,311
20902120519,0,0,0,0,0,0,0,0,0,0
20902120520,33,54,45,34,40,19,21,34,11,287
20902120521,18,51,21,22,25,14,17,22,8,189
20902120522,0,0,0,0,0,0,0,0,0,0
20902120523,23,22,21,18,18,22,11,11,0,146
20902120524,53,91,19,18,30,18,4,13,0,245
20902120525,0,0,0,0,0,0,0,0,0,0
20902120526,4,5,4,60,17,41,0,14,3,143
20902120527,76,96,19,31,55,32,15,16,3,347
20902120528,42,97,46,33,29,26,26,25,11,333
20902120529,28,63,32,27,30,44,14,26,0,264
20902120530,28,72,29,31,34,31,8,22,3,259
20902120531,0,0,0,0,0,0,0,0,0,0
20902142801,0,0,0,0,0,0,0,0,0,4
20902142802,31,82,32,31,25,25,21,24,10,285
20902142803,29,97,24,32,28,29,12,22,10,278
20902142804,61,106,30,29,48,30,12,19,5,350
20902142805,8,21,11,12,9,15,13,14,0,94
20902142806,33,80,33,41,29,30,11,32,0,274
20902142807,50,114,36,57,41,17,11,31,4,344
20902142809,41,93,41,33,32,27,8,37,3,323
20902142810,39,84,24,19,35,11,4,25,8,240
20902142811,27,63,34,27,19,15,8,16,0,217
20902142812,35,60,24,18,28,22,7,23,3,226
20902142813,17,51,9,23,10,5,0,3,0,128
20902142814,45,122,44,34,37,30,10,18,8,346
20902142816,35,52,21,24,26,27,20,24,3,232
20902142817,38,94,29,27,30,14,14,15,4,269
20902142818,41,145,25,48,42,21,12,38,4,374
20902142820,20,62,28,30,40,25,17,11,9,241
20902142821,30,84,41,32,46,18,11,14,8,288
20902142822,36,95,33,24,27,12,12,16,5,255
20902142823,30,91,37,23,35,19,3,23,0,264
20902142824,28,94,17,21,33,13,4,16,3,229
20902142825,24,40,18,13,21,5,4,13,0,133
20902142826,25,56,21,11,7,3,0,17,3,143
20902142827,47,100,59,32,43,32,16,25,10,356
20902142828,11,54,28,14,15,22,12,26,6,188
20902142829,21,52,13,17,16,13,11,9,9,155
20902142830,27,55,24,23,30,11,3,6,5,177
20902142833,25,87,31,21,19,22,3,9,0,217
20902142834,47,112,40,44,34,33,7,18,4,338
20902142835,30,70,20,30,25,25,7,10,0,232
20902142836,51,98,47,23,47,34,16,24,11,348
20902142837,39,100,39,24,49,33,5,27,9,321
20902142838,7,27,28,22,19,8,13,17,3,140
20902142839,60,94,36,40,43,26,12,25,9,345
20902142840,45,97,40,33,41,24,16,19,3,322
20902142841,50,147,50,45,54,24,9,7,9,398
20902142842,31,63,18,15,15,13,7,13,0,170
20902142843,37,74,33,34,41,21,7,20,11,272
20902142844,38,112,35,34,28,12,12,9,4,290
20902142845,39,70,22,21,28,12,15,9,3,221
20902142846,40,94,11,34,30,22,11,13,9,275
20902142847,35,64,14,14,18,12,8,7,0,175
20902142848,20,90,23,32,21,15,0,9,4,222
20902142849,79,169,31,44,48,16,11,18,8,434
20902142850,39,95,26,29,41,12,9,16,7,263
20902142901,44,92,31,43,40,18,5,5,0,287
20902142902,63,172,34,40,49,24,9,12,6,403
20902142903,41,81,12,19,28,11,15,4,7,220
20902142904,30,94,30,32,30,19,9,19,3,259
20902142905,54,113,34,35,35,26,10,10,4,315
20902142906,28,83,29,17,26,25,6,19,11,244
20902142907,36,105,17,36,38,19,10,12,3,274
20902142908,24,77,21,10,21,19,4,10,0,193
20902142909,56,122,31,25,43,38,3,12,0,332
20902142910,22,63,21,19,26,14,7,20,3,198
20902142911,38,115,41,33,38,26,11,23,9,340
20902142912,16,56,23,9,31,16,3,12,0,182
20902142913,33,75,28,32,20,6,10,11,5,215
20902142914,34,72,29,25,31,22,7,21,9,247
20902142915,23,69,18,20,18,21,11,28,5,217
20902142916,52,112,22,19,32,28,8,18,5,306
20902142917,58,122,25,25,26,29,7,22,4,314
20902142918,31,62,21,25,27,16,6,16,3,207
20902142919,43,148,36,43,52,35,20,55,10,436
20902142920,43,134,30,34,31,12,8,16,4,310
20902142921,54,123,26,24,55,27,7,10,3,333
20902142922,41,87,39,24,41,27,9,17,7,288
20902142923,35,114,22,30,26,17,6,19,5,266
20902142924,26,54,15,27,31,12,10,8,4,189
20902142925,27,64,19,20,21,16,3,8,6,173
20902152301,23,34,28,26,21,17,17,31,6,207
20902152302,32,72,31,29,35,21,11,9,5,250
20902152303,24,41,26,18,23,19,4,16,0,183
20902152304,29,38,14,11,17,9,10,19,4,147
20902152305,29,57,24,29,25,8,22,16,9,219
20902152306,30,119,50,47,45,26,23,23,8,371
20902152307,41,72,43,42,49,17,12,20,3,297
20902152308,37,93,30,35,40,24,35,40,5,330
20902152309,25,71,30,38,30,18,15,27,9,276
20902152310,21,54,28,15,20,13,18,16,3,189
20902152311,24,68,40,42,34,31,13,36,0,284
20902152312,28,88,36,49,41,21,22,29,12,332
20902152313,34,74,38,25,30,8,17,23,4,260
20902152314,22,33,25,19,34,26,11,12,3,197
20902152315,22,76,38,42,29,15,14,45,6,287
20902152316,23,44,33,30,25,13,15,16,13,222
20902152317,12,21,41,28,21,19,14,19,5,183
20902152318,40,97,36,29,55,13,14,25,5,316
20902152319,32,78,39,36,37,16,28,37,13,313
20902152320,24,71,27,33,33,23,11,19,3,245
20902152321,23,43,23,21,39,8,11,22,6,195
20902152322,28,85,42,37,39,23,19,22,5,292
20902152323,23,38,18,20,14,13,4,17,0,154
20902152324,23,60,25,32,36,15,17,24,4,217
20902152325,21,45,15,21,23,13,13,22,5,173
20902152326,17,61,30,23,34,16,16,14,0,204
20902152327,22,95,44,43,44,33,23,34,5,343
20902152328,20,70,29,26,29,24,10,24,0,227
20902152329,11,31,23,23,15,13,3,12,0,144
20902152330,33,76,33,35,34,20,13,30,8,277
20902152401,10,36,25,12,15,8,6,13,4,124
20902152402,16,47,25,16,21,16,18,12,0,177
20902152403,12,45,17,16,25,21,20,13,9,168
20902152404,10,27,4,10,14,10,10,12,0,104
20902152405,25,37,33,19,35,34,15,21,6,230
20902152406,19,23,26,14,38,17,7,22,8,173
20902152407,29,50,31,30,36,26,17,23,10,253
20902152408,12,29,28,25,27,8,11,8,0,154
20902152409,5,14,9,4,12,6,3,3,0,59
20902152410,38,72,35,29,42,27,22,29,3,286
20902152411,22,28,19,12,14,17,9,9,9,137
20902152412,0,0,0,0,0,0,0,0,0,0
20902152413,16,29,19,16,24,19,11,13,10,160
20902152414,21,34,20,15,18,14,9,25,3,167
20902152415,29,56,38,26,34,29,15,27,8,263
20902152416,26,46,36,28,27,32,26,36,10,273
20902152417,13,34,24,8,26,14,16,20,4,145
20902152418,7,18,21,4,14,17,10,12,3,103
20902152419,30,39,18,13,32,26,14,19,5,193
20902152420,12,31,22,17,30,20,10,13,9,162
20902152421,6,21,20,12,22,5,6,15,0,109
20902152422,15,26,12,17,16,11,6,10,3,119
20902152423,11,26,26,14,16,13,13,17,0,127
20902152424,15,21,23,19,16,18,21,23,4,160
20902152425,30,20,35,20,22,8,11,23,9,171
20902152501,20,68,30,22,26,24,7,24,7,224
20902152502,24,81,37,34,34,12,20,21,4,271
20902152503,25,80,43,34,27,24,22,22,5,266
20902152504,11,47,31,28,27,19,17,28,0,212
20902152505,10,37,21,14,7,7,9,11,0,124
20902152506,23,58,23,17,32,28,9,14,5,206
20902152507,33,57,20,33,25,23,5,16,3,221
20902152508,26,49,36,33,27,19,13,24,4,240
20902152509,14,42,18,21,16,9,19,19,8,175
20902152510,9,11,5,10,12,6,5,13,9,83
20902152511,23,45,32,19,24,18,15,27,0,213
20902152512,24,80,33,29,29,22,14,25,3,257
20902152513,27,72,24,27,20,32,16,27,0,242
20902152514,30,79,33,44,34,19,16,27,3,283
20902152515,14,55,26,30,28,9,24,30,6,223
20902152516,32,58,30,28,19,20,9,11,7,208
20902152517,40,61,40,27,42,23,15,13,9,261
20902152518,42,63,46,23,42,25,14,17,3,278
20902152519,39,59,28,25,32,20,7,19,0,226
20902152520,7,25,14,12,16,5,8,16,6,98
20902152521,46,83,41,25,41,32,14,25,8,304
20902152522,24,64,12,33,27,14,16,13,5,208
20902152523,0,0,0,0,0,0,0,0,0,9
20902152524,20,49,33,21,22,19,22,35,6,228
20902152525,27,52,28,21,33,14,13,22,5,208
20902152526,13,40,25,22,22,23,12,14,9,189
20902152527,28,62,29,24,37,14,7,17,7,233
20902152528,32,70,23,14,36,19,12,15,0,226
20902152601,24,65,31,35,22,15,10,21,5,227
20902152602,29,55,22,23,33,11,15,16,4,204
20902152603,22,67,30,21,23,13,10,5,6,202
20902152604,41,85,31,36,35,21,13,27,9,294
20902152605,27,72,37,51,28,12,14,51,3,301
20902152606,48,112,31,39,55,28,12,21,9,350
20902152607,34,61,36,22,23,16,4,14,9,216
20902152608,37,89,35,30,24,15,9,10,9,262
20902152609,17,40,24,4,21,20,4,12,3,146
20902152610,18,53,14,13,12,5,4,6,0,127
20902152611,29,92,20,29,37,16,12,22,4,257
20902152612,7,61,31,17,22,13,15,19,8,202
20902152613,33,98,37,20,51,22,20,11,4,302
20902152614,0,0,0,0,0,0,0,0,0,10
20902152615,36,92,32,35,36,16,15,38,3,297
20902152616,30,85,34,23,33,20,14,18,3,274
20902152617,46,88,35,31,37,32,16,24,3,318
20902152618,36,111,21,33,25,14,8,16,9,279
20902152619,3,13,12,3,9,4,7,3,0,70
20902152620,29,50,15,20,31,18,10,14,7,183
20902152621,0,0,0,0,0,0,0,0,0,0
20902152622,18,70,37,34,30,12,7,24,4,242
20902152623,26,50,27,22,33,21,21,21,0,211
20902152624,17,52,20,26,25,7,8,18,4,176
20902152625,41,89,30,14,20,22,10,15,3,241
20902152626,0,0,0,0,0,0,0,0,0,0
20902152627,22,59,31,28,41,13,12,26,12,236
20902152628,33,95,29,27,44,23,19,30,11,306
20902152629,20,50,25,20,28,14,13,16,4,192
20902152630,39,76,47,41,30,14,17,29,10,304
20902152631,42,72,36,33,40,14,16,18,6,270
20902152632,27,67,25,33,38,12,15,19,7,244
20902152633,61,78,51,32,39,28,25,26,4,346
20903120901,39,87,16,22,34,21,4,10,3,240
20903120902,33,60,19,18,29,19,3,12,0,198
20903120903,32,73,22,21,31,11,5,20,0,216
20903120904,45,47,18,11,33,17,0,8,0,174
20903120905,52,61,35,27,38,18,8,9,0,255
20903120906,39,52,33,18,40,18,8,19,3,229
20903120907,51,64,32,16,37,29,3,8,0,247
20903120908,39,81,21,21,25,17,8,10,5,228
20903120909,31,42,19,18,27,19,4,11,4,170
20903120910,30,113,33,28,43,17,12,6,6,283
20903120911,38,41,23,17,26,18,0,9,5,181
20903120912,38,53,23,18,15,16,5,19,3,188
20903120913,44,71,27,21,23,15,6,18,5,228
20903120914,32,48,14,15,13,9,3,3,0,136
20903120915,39,91,39,27,38,21,5,10,0,276
20903120916,47,70,26,20,32,16,12,13,4,240
20903120917,40,91,35,33,30,23,9,10,10,276
20903120918,31,64,39,23,19,15,6,5,0,204
20903120919,45,96,37,20,30,21,4,16,7,275
20903120920,34,48,15,16,21,19,0,4,5,153
20903120921,39,48,17,15,30,17,0,10,0,174
20903120922,43,83,28,31,36,22,3,12,0,259
20903120923,32,56,20,18,19,14,0,13,5,175
20903120924,48,107,37,29,42,20,0,8,4,291
20903120925,28,67,19,19,22,5,4,3,0,172
20903120926,22,33,15,10,13,7,3,3,0,112
20903120927,21,54,11,11,20,5,3,5,0,133
20903120928,21,42,23,8,16,11,4,3,0,123
20903120929,44,80,32,21,35,17,8,9,3,261
20903120930,42,64,21,21,25,12,0,7,3,195
20903120931,50,76,29,28,24,17,4,7,0,237
20903120932,34,30,23,7,24,8,7,9,0,141
20903120933,52,70,26,17,26,23,5,7,4,227
20903120934,48,82,36,29,42,39,9,8,4,300
20903120935,31,63,39,20,35,17,9,9,4,218
20903120936,52,82,33,25,39,17,6,15,7,266
20903120937,38,46,11,16,14,13,3,10,6,162
20903120938,37,65,16,24,14,8,3,4,3,174
20903120939,60,91,26,23,45,22,3,14,3,294
20903120940,20,30,27,7,31,6,7,10,0,133
20903120941,42,51,18,22,27,18,6,6,0,183
20903120942,46,76,25,21,27,12,12,13,3,231
20903120943,26,41,24,21,28,13,5,5,4,168
20903120944,48,69,17,27,45,19,7,15,4,248
20903120945,33,71,29,33,19,19,4,20,3,222
20903120946,28,62,23,18,36,10,0,12,0,184
20903120947,24,52,18,13,22,14,7,6,0,145
20903120948,15,30,13,12,25,9,6,3,0,118
20903120949,35,43,31,19,33,19,3,9,7,197
20903120950,45,82,38,25,36,21,9,8,0,277
20903120951,39,55,27,29,39,17,8,15,0,223
20903120952,24,42,25,16,16,18,5,10,4,150
20903120953,27,52,37,20,26,11,5,9,4,188
20903120954,39,77,25,14,26,23,5,11,0,229
20903120955,29,49,35,31,38,14,14,14,5,215
20903120956,31,64,16,14,26,11,3,9,6,168
20903120957,21,43,11,8,17,10,4,3,0,120
20903120958,55,94,25,26,35,19,5,8,5,272
20903120959,25,42,23,14,11,0,3,4,7,126
20903120960,30,55,26,18,33,9,4,14,6,190
20903121001,25,43,25,21,15,14,6,6,0,152
20903121002,30,79,52,38,37,12,13,28,7,286
20903121003,21,38,31,15,19,11,0,5,0,143
20903121004,29,60,44,24,25,11,6,16,4,231
20903121005,20,30,20,13,17,9,0,8,3,116
20903121006,22,56,54,29,38,9,16,17,0,229
20903121007,24,18,28,12,19,8,6,10,0,125
20903121008,32,39,34,13,23,13,3,13,3,177
20903121009,21,64,31,28,21,10,5,12,0,196
20903121010,35,59,54,22,34,25,13,10,0,258
20903121101,24,14,27,10,17,4,12,17,0,122
20903121102,33,58,80,50,23,19,25,28,4,317
20903121103,24,27,55,30,20,15,11,21,9,215
20903121104,13,17,33,17,20,7,11,14,4,139
20903121105,28,21,34,18,22,5,9,15,3,159
20903121106,27,37,82,39,41,21,15,31,5,296
20903121107,18,20,31,10,12,5,6,9,4,120
20903121108,12,17,19,13,8,6,4,6,0,82
20903121109,26,23,38,9,18,6,14,22,0,162
20903121110,41,29,39,15,30,7,13,15,12,197
20903121111,12,19,20,8,17,5,4,3,3,87
20903121112,18,15,51,30,18,8,19,16,3,174
20903121201,21,42,37,22,26,8,7,15,5,188
20903121202,18,59,22,16,6,3,6,3,0,128
20903121203,24,21,23,15,15,16,9,4,0,121
20903121204,29,48,44,16,39,14,6,15,0,209
20903121205,17,30,12,16,22,9,8,14,0,123
20903121206,18,33,26,11,22,9,8,8,4,144
20903121207,27,26,22,13,10,11,8,13,9,136
20903121208,24,16,17,10,10,10,4,3,6,93
20903121209,0,0,0,0,0,0,0,0,0,0
20903121210,0,0,0,0,0,0,0,0,0,0
20903121211,42,46,33,22,19,13,7,7,3,182
20903121212,35,40,45,19,26,10,6,8,0,191
20903121213,48,41,34,24,29,14,8,15,0,209
20903121214,43,30,28,10,31,15,13,5,5,178
20903121215,36,38,30,15,21,16,8,9,4,183
20903121216,12,47,20,11,19,3,3,10,5,139
20903121217,31,22,25,13,18,10,12,10,3,134
20903121218,28,24,10,9,18,10,9,7,0,122
20903121219,14,19,11,11,13,3,0,0,0,70
20903121220,8,28,26,18,10,3,3,11,0,111
20903121301,66,75,69,24,52,33,8,26,6,359
20903121302,47,56,31,21,33,29,0,6,3,223
20903121303,22,28,23,10,18,7,0,8,0,123
20903121304,49,70,45,26,47,30,15,26,3,306
20903121305,49,87,46,21,49,19,10,17,7,299
20903121306,28,37,17,10,31,23,5,8,0,166
20903121307,26,49,20,19,30,9,0,9,4,160
20903121308,50,50,29,18,21,21,8,6,3,208
20903121309,27,53,23,16,34,20,6,9,0,193
20903121310,11,34,7,5,9,14,3,4,0,88
20903121311,87,154,61,44,77,38,18,32,6,515
20903121312,18,27,12,9,17,10,7,5,0,103
20903121313,38,56,29,25,26,26,3,11,0,219
20903121314,26,40,17,22,22,16,12,6,3,154
20903121315,24,49,26,28,28,15,12,4,0,193
20903121316,32,44,23,20,22,13,8,12,0,173
20903121317,18,35,20,10,24,21,3,9,5,140
20903121318,103,80,53,40,61,36,20,19,6,425
20903121319,19,29,10,0,18,13,5,7,4,106
20903121320,19,27,29,12,20,6,6,7,0,126
20903121321,14,13,16,22,15,7,4,3,0,99
20903121322,21,15,32,13,10,13,8,12,3,126
20903121323,37,31,26,9,31,20,9,12,4,177
20903121324,27,34,26,15,20,15,0,7,0,145
20903121325,37,45,34,17,32,16,5,10,7,209
20903121401,49,76,36,28,29,18,8,8,4,246
20903121402,47,52,31,22,27,16,4,9,4,205
20903121403,22,53,26,12,22,16,0,16,0,165
20903121404,48,71,22,24,32,16,9,12,6,239
20903121405,45,68,36,17,27,15,4,7,0,218
20903121406,59,90,39,23,35,17,4,13,3,275
20903121407,53,83,32,17,17,14,0,9,4,229
20903121408,47,92,36,33,35,18,4,29,0,303
20903121409,29,49,14,17,20,13,0,9,3,149
20903121410,47,72,25,38,22,20,4,12,0,235
20903121411,46,94,35,26,38,20,10,26,4,290
20903121412,51,46,24,17,26,20,10,17,3,217
20903121413,42,43,12,13,10,11,0,3,7,150
20903121414,48,46,24,5,37,22,0,7,3,195
20903121415,40,49,31,16,28,20,7,12,3,205
20903121416,45,62,34,28,33,15,4,6,9,245
20903121417,51,41,25,16,18,13,8,5,4,174
20903121501,27,28,18,6,14,10,8,4,5,124
20903121502,30,70,40,40,30,20,10,15,0,257
20903121503,23,34,28,12,21,14,9,16,9,166
20903121504,14,35,24,28,24,12,7,9,0,163
20903121505,35,48,36,26,38,14,9,9,0,225
20903121506,0,0,0,0,0,0,0,0,0,0
20903121507,33,63,45,27,46,20,6,26,0,274
20903121508,29,41,19,27,19,20,3,20,3,179
20903121509,44,91,61,39,49,24,12,21,4,344
20903121510,17,23,16,9,11,8,6,9,0,96
20903121511,31,74,42,25,24,16,5,9,0,230
20903121513,44,56,38,23,43,12,24,21,7,262
20903121514,33,50,33,23,36,16,6,14,4,216
20903121515,108,130,80,53,76,37,22,30,6,544
20903121516,25,43,25,15,15,12,0,8,0,154
20903121517,49,89,66,33,43,28,17,11,7,342
20903121518,24,49,41,19,28,18,9,22,4,209
20903121519,64,76,44,39,50,27,8,24,3,340
20903121520,41,50,35,20,42,33,12,9,0,245
20903121521,48,64,36,33,45,24,3,18,4,263
20903121522,76,78,42,48,56,39,11,25,3,386
20903121523,41,74,48,35,22,12,8,7,4,253
20903121524,22,39,42,30,22,17,4,13,3,188
20903121525,53,84,57,55,44,28,11,18,3,352
20903121526,24,41,36,14,27,18,3,13,4,174
20903121527,36,42,36,21,37,25,0,11,0,212
20903121528,14,33,12,15,23,7,0,5,3,115
20903121529,39,87,35,33,32,26,9,19,4,276
20903121530,79,89,74,36,46,36,18,23,0,394
20903121531,33,59,37,25,27,18,8,23,7,229
20903121532,40,37,38,24,40,17,9,21,3,230
20903121533,17,31,17,10,26,7,10,8,7,131
20903121534,16,36,32,24,12,5,7,14,0,139
20903121535,24,42,46,32,25,27,10,14,0,211
20903121536,19,32,34,27,24,21,10,15,5,188
20904121601,13,34,20,40,28,26,24,27,7,223
20904121603,19,20,19,29,20,25,6,22,3,153
20904121604,18,39,29,35,18,18,7,24,3,198
20904121605,48,98,35,36,56,46,35,31,0,386
20904121606,22,40,16,6,19,11,12,14,0,131
20904121607,28,60,29,17,33,19,6,9,4,216
20904121608,32,47,17,19,38,23,14,6,3,209
20904121609,29,61,40,29,32,23,20,16,8,242
20904121610,0,0,0,0,0,0,0,0,0,0
20904121611,31,51,14,22,39,36,9,16,7,225
20904121612,33,49,22,23,34,20,10,18,0,203
20904121613,20,45,19,20,24,14,14,11,6,172
20904121614,0,11,0,0,9,0,0,0,0,29
20904121615,0,0,0,0,0,0,0,0,0,0
20904121616,218,371,144,129,215,146,64,68,21,1384
20904121701,6,21,13,6,12,15,6,6,0,81
20904121702,22,47,28,16,35,27,16,18,5,202
20904121703,8,27,20,15,13,14,0,5,5,113
20904121704,17,36,21,14,21,3,9,12,3,125
20904121705,20,36,23,12,19,4,9,10,5,149
20904121706,25,44,41,32,26,24,10,14,6,216
20904121707,11,40,15,11,15,16,8,9,7,134
20904121708,14,35,18,13,27,15,12,25,5,159
20904121709,25,66,46,44,33,26,28,27,12,305
20904121710,8,18,16,19,17,5,6,8,3,105
20904121711,24,49,44,36,37,33,18,27,11,272
20904121712,7,26,21,18,14,5,8,9,6,112
20904121713,16,31,26,25,22,14,14,12,4,154
20904121714,20,40,22,12,22,14,18,14,3,163
20904121715,23,33,24,14,19,20,6,5,5,153
20904121716,12,15,8,7,4,5,0,18,0,75
20904121717,11,32,22,15,18,12,14,11,8,144
20904121718,21,38,26,27,25,12,13,8,4,188
20904122001,11,26,23,10,30,18,13,11,0,135
20904122002,0,0,0,0,0,0,0,0,0,0
20904122003,25,48,37,31,34,22,20,18,12,244
20904122004,26,49,40,28,25,17,22,35,4,236
20904122005,24,54,20,32,23,27,15,23,6,229
20904122006,24,49,34,25,38,27,15,26,7,245
20904122007,33,43,28,17,46,35,18,14,5,243
20904122008,17,38,8,18,32,13,7,10,0,140
20904122009,32,24,31,23,35,33,15,10,0,206
20904122010,14,34,28,9,33,16,10,17,3,176
20904122011,17,32,13,12,22,10,15,8,7,133
20904122012,23,29,20,21,38,24,25,17,5,194
20904122013,17,50,31,29,30,29,11,24,8,227
20904122014,24,25,26,16,35,13,12,14,5,178
20904122015,11,33,27,19,27,19,14,20,0,174
20904122016,27,31,31,29,35,21,24,33,3,237
20904122017,13,19,19,16,19,11,11,13,3,127
20904122018,14,35,22,24,34,21,14,19,9,203
20904122019,28,38,24,11,24,19,12,11,0,171
20904122020,14,33,23,17,17,19,3,16,4,148
20904122021,23,42,19,27,27,31,10,22,6,217
20904122022,19,44,42,32,35,24,16,28,6,241
20904122023,28,28,29,25,29,17,22,20,6,210
20904122024,22,56,34,26,47,24,17,26,3,252
20904122025,6,26,17,15,17,18,4,10,3,117
20904122026,27,37,28,25,40,26,12,7,6,207
20904122027,21,28,19,17,16,13,12,10,7,144
20904122028,51,59,43,33,44,36,16,21,12,298
20904122029,39,52,37,23,46,30,26,25,5,277
20904122030,12,29,34,28,27,23,11,21,3,192
20904122031,13,32,19,14,21,8,0,9,3,113
20904122032,23,27,27,16,15,15,6,14,7,156
20904122033,43,62,30,34,51,37,11,26,5,291
20904122034,11,26,20,13,17,7,9,11,3,111
20904122035,30,38,33,31,31,16,19,12,3,218
20904122036,10,37,29,22,21,10,13,17,0,152
20904122037,51,145,77,85,85,67,61,31,9,609
20904122038,15,35,24,20,40,23,10,25,7,195
20904122039,15,24,17,18,19,7,10,9,4,125
20904122040,6,21,12,12,16,8,7,9,0,95
20904122041,19,19,15,19,12,16,10,10,3,126
20904122042,23,36,31,23,37,24,13,15,5,206
20904122043,4,30,33,23,29,11,9,21,6,159
20904122044,16,35,25,20,35,14,18,9,0,168
20904122045,13,41,26,18,29,24,6,23,8,188
20904122046,15,32,17,18,26,14,15,17,0,160
20904122101,14,45,30,20,30,13,9,19,3,189
20904122102,20,48,34,21,31,16,12,16,0,196
20904122103,13,35,31,10,28,30,12,11,3,164
20904122104,44,63,37,23,59,28,14,20,5,286
20904122105,31,55,23,12,31,21,9,14,6,208
20904122106,12,43,32,29,24,16,17,23,7,195
20904122107,9,52,43,26,32,35,22,33,3,268
20904122108,17,38,31,20,35,18,14,22,3,203
20904122109,14,29,30,11,27,14,17,17,7,168
20904122110,21,49,30,35,41,32,31,28,6,277
20904122111,12,50,27,22,44,10,24,28,0,217
20904122112,17,34,40,27,24,16,22,8,6,203
20904122113,20,62,44,34,34,13,22,18,0,262
20904122114,18,36,25,26,25,11,20,22,4,189
20904122115,18,28,20,23,21,15,11,20,6,155
20904122116,11,22,22,13,14,18,17,15,0,136
20904122117,18,41,21,28,26,7,14,13,3,163
20904122118,21,41,30,21,16,16,14,25,0,199
20904122119,8,35,21,15,14,6,4,8,0,112
20904122120,13,37,19,26,26,12,16,21,10,187
20904122121,8,49,32,23,39,19,18,21,0,219
20904122122,11,38,17,9,14,9,9,17,3,127
20904122123,11,15,24,18,21,10,7,11,0,122
20904122124,22,42,32,23,38,19,19,30,9,222
20904122125,33,47,46,30,46,26,30,24,8,282
20904122126,17,18,18,13,8,17,6,4,0,103
20904122127,9,16,18,15,15,11,9,14,8,115
20904122128,10,7,14,12,16,3,9,11,0,78
20904122129,14,28,14,14,19,18,14,21,4,142
20904122301,7,18,21,17,13,10,18,21,3,133
20904122302,18,32,32,32,38,19,26,26,5,229
20904122303,8,23,17,14,13,5,10,19,8,109
20904122304,29,43,46,41,39,32,42,42,11,334
20904122305,18,49,47,33,28,20,25,48,7,264
20904122306,6,15,23,14,7,9,17,25,0,115
20904122307,9,29,37,33,18,20,14,24,3,186
20904122308,6,33,27,43,27,15,26,33,0,216
20904122309,17,43,24,18,15,20,15,34,0,188
20904122310,8,14,15,10,16,17,10,17,4,114
20904122311,11,21,31,26,14,14,21,11,4,145
20904122312,10,18,29,23,18,13,16,41,7,186
20904122313,11,19,19,9,16,10,16,25,0,133
20904122314,6,17,24,19,25,11,20,23,7,151
20904122315,11,15,20,11,8,9,18,10,4,109
20904122316,10,16,7,3,12,4,11,16,0,82
20904122317,10,10,15,9,4,8,14,9,0,86
20904122318,6,28,20,14,12,16,19,21,0,135
20904122319,9,24,42,14,15,4,25,40,4,171
20904122320,22,47,22,26,35,19,18,22,3,221
20904122321,27,39,20,23,20,28,19,27,5,204
20904122322,0,13,16,29,10,14,19,40,0,148
20904122323,9,12,23,15,28,20,13,31,4,148
20904122324,0,0,0,0,0,0,0,0,0,0
20904122325,6,6,3,4,0,0,0,3,0,24
20904122326,14,14,28,17,10,14,21,24,5,138
20904122327,16,12,13,7,7,6,13,15,0,91
20904122328,21,19,19,22,17,24,24,20,3,158
20904122329,12,15,14,8,27,12,15,20,9,129
20904122330,19,20,13,14,12,7,12,19,0,131
20904122331,20,46,44,38,20,13,11,28,9,220
20904122332,13,32,24,11,21,15,15,22,7,154
20904122333,18,31,29,29,29,23,20,45,3,222
20904122334,19,39,23,27,24,21,23,17,5,187
20904122335,0,0,0,0,0,0,0,0,0,0
20904122336,13,22,28,19,29,13,32,21,6,176
20904122337,7,10,25,11,15,10,22,18,4,122
20904122338,10,20,19,14,17,11,17,23,4,152
20904122339,3,18,24,20,22,4,12,14,0,121
20904122340,9,18,20,31,18,12,18,28,0,163
20904122341,20,23,23,13,21,13,26,21,5,155
20904122342,10,14,25,25,28,12,24,30,6,177
20904122343,12,17,33,12,18,17,23,30,3,162
20904122344,0,0,0,0,0,0,0,0,0,0
20904122345,15,12,24,15,12,15,12,13,0,129
20904122346,13,19,28,21,19,11,21,34,4,174
20904122347,10,12,28,20,13,18,19,26,9,159
20904122348,10,15,24,17,29,13,15,23,0,147
20904122349,14,21,31,18,18,13,9,13,6,145
20904122350,0,0,0,0,0,0,0,0,0,0
20904122351,26,17,27,17,7,11,8,13,0,136
20904122352,3,9,8,0,9,10,10,6,5,57
20904122353,9,11,21,11,11,13,23,20,4,137
20904122354,11,14,32,22,25,17,18,24,4,179
20904122402,16,24,47,32,29,17,23,26,0,210
20904122403,15,13,41,14,19,17,24,25,3,175
20904122404,24,30,65,43,42,39,39,31,17,332
20904122405,16,23,47,29,33,19,37,26,3,240
20904122407,39,36,60,16,25,18,16,22,4,235
20904122408,26,35,45,15,25,14,23,19,0,197
20904122409,27,36,45,17,32,11,16,18,8,212
20904122411,21,26,31,24,20,7,13,17,5,153
20904122413,18,26,54,22,34,7,25,16,3,211
20904122414,37,33,65,32,34,28,23,29,4,281
20904122415,23,18,37,19,26,19,16,18,0,180
20904122416,9,10,28,16,18,8,19,19,0,132
20904122417,31,42,66,36,42,40,14,33,15,322
20904122418,25,21,45,31,30,22,28,27,4,240
20904122419,14,14,37,28,24,11,11,16,4,158
20904122420,14,9,33,11,31,9,10,13,4,133
20904122421,18,28,52,33,25,28,28,33,0,241
20904122422,46,50,77,43,51,30,28,30,5,355
20904122423,10,12,18,0,11,9,3,7,0,69
20904122424,3,8,17,8,11,10,15,10,0,87
20904122426,42,43,76,38,38,20,33,20,10,322
20904122430,31,45,27,22,20,10,8,8,6,172
20904122432,22,43,80,60,49,31,37,44,9,377
20904122433,40,38,46,43,44,31,35,30,4,313
20904122434,36,49,26,32,49,20,16,11,5,245
20904122435,13,15,27,26,13,4,18,20,0,139
20904122436,17,12,39,22,17,26,18,19,0,173
20904122437,16,23,29,15,14,9,14,13,0,138
20904122438,10,26,22,22,21,9,13,13,4,135
20904122439,19,13,28,12,20,16,18,22,7,150
20904122440,14,25,43,35,37,29,31,31,3,245
20904122441,18,14,38,14,22,13,23,26,9,179
20904122442,21,32,52,34,45,21,37,19,7,273
20904122443,33,42,32,25,34,34,4,15,8,227
20904122444,24,51,37,28,40,12,31,27,4,256
20904122445,25,42,43,31,37,16,33,29,3,265
20904122446,38,36,31,26,27,14,10,4,0,179
20904122447,18,34,52,32,46,23,31,45,0,278
20904122448,22,26,38,30,42,18,26,25,9,226
20904122449,25,19,19,12,16,4,11,11,0,115
20904122450,5,5,5,3,0,0,0,3,4,23
20904122451,32,55,44,34,31,10,26,29,5,262
20904122452,14,27,15,17,18,10,13,12,0,131
20904122453,28,27,43,22,31,18,24,18,6,209
20904122454,34,51,54,42,57,36,51,31,8,363
20904122455,14,24,29,17,14,13,20,19,8,160
20904122456,9,13,26,19,14,12,9,8,5,104
20904122457,10,6,26,16,15,13,12,11,7,113
20904122458,14,32,21,26,24,9,16,19,3,166
20904122459,41,52,51,40,48,41,32,24,4,324
20904122460,14,25,47,40,24,18,38,34,7,247
20904122461,24,19,26,19,16,4,13,11,4,140
20904122462,29,42,47,45,30,25,27,43,6,290
20904122501,41,41,42,28,31,9,12,13,3,219
20904122503,23,18,23,11,17,6,4,15,0,111
20904122504,25,27,41,26,34,17,9,19,8,202
20904122505,25,27,30,11,19,13,9,25,5,163
20904122506,41,40,69,26,41,22,15,23,4,276
20904122507,10,21,40,18,20,14,10,18,3,152
20904122508,10,17,16,9,18,5,6,11,0,95
20904122509,31,30,53,40,29,26,18,25,0,248
20904122510,37,46,49,19,41,26,24,19,5,257
20904122512,37,22,32,11,19,7,15,14,11,168
20904122513,0,0,0,0,0,0,0,0,0,0
20904122514,19,26,46,25,24,16,12,3,3,174
20904122515,0,0,0,0,0,0,0,0,0,0
20904122516,34,38,55,40,37,36,7,23,4,266
20904122517,7,9,25,16,10,10,13,10,0,102
20904122518,12,15,22,20,10,14,7,13,6,121
20904122519,20,33,67,31,33,19,22,17,0,249
20904122520,16,16,35,17,11,17,9,17,6,141
20904122521,29,25,44,31,27,18,15,29,0,217
20904122522,14,6,12,3,4,5,3,4,4,58
20904122523,16,20,40,13,24,17,8,14,6,156
20904122524,26,74,45,53,45,28,47,28,3,358
20904122525,20,15,20,12,20,9,4,6,0,103
20904122526,38,91,54,62,53,31,48,34,14,430
20904122527,13,28,38,24,31,20,11,14,8,195
20904122528,29,44,66,32,40,18,14,24,0,273
20904122529,22,46,39,45,21,17,33,18,3,246
20904122530,0,9,11,5,4,7,8,3,0,39
20904143101,36,66,42,55,33,30,39,42,6,335
20904143102,0,0,0,0,0,0,0,0,0,0
20904143103,23,47,39,28,46,33,29,22,6,274
20904143104,13,29,38,29,12,22,25,28,10,203
20904143105,0,9,13,15,12,4,10,14,3,84
20904143106,7,14,21,14,12,9,11,14,3,112
20904143107,0,0,0,0,0,0,0,0,0,0
20904143108,25,43,46,25,35,39,29,32,3,278
20904143109,21,35,26,18,19,17,24,35,6,183
20904143110,19,32,45,25,28,25,27,25,6,239
20904143111,15,26,24,22,20,18,13,11,3,153
20904143112,11,30,20,19,22,15,12,22,0,156
20904143113,11,28,35,24,34,15,17,27,4,196
20904143114,37,81,63,57,63,53,38,52,12,462
20904143115,21,15,42,32,29,27,23,30,3,228
20904143116,4,15,33,12,18,18,25,17,0,139
20904143117,15,28,27,22,26,14,20,22,6,178
20904143118,19,36,37,36,24,21,17,25,11,233
20904143119,8,19,11,18,20,18,16,19,5,140
20904143120,6,9,15,9,9,9,8,15,0,82
20904143121,26,33,47,30,31,34,23,31,9,270
20904143122,20,27,31,20,25,24,18,22,0,189
20904143123,16,33,22,21,19,13,10,28,5,170
20904143124,22,32,26,15,30,27,22,21,4,195
20904143125,16,22,32,24,29,18,18,15,4,172
20904143126,8,23,20,15,18,13,11,18,3,131
20904143127,29,40,25,29,35,29,22,22,5,230
20904143128,12,27,10,23,20,18,8,15,0,122
20904143129,10,30,19,11,22,21,15,22,0,160
20904143130,5,3,16,13,10,5,6,8,0,73
20904143131,13,18,15,19,20,19,5,18,3,140
20904143132,11,14,17,14,21,6,19,12,0,110
20904143133,9,37,34,19,30,8,25,21,5,188
20904143201,10,36,20,32,23,12,24,24,5,183
20904143202,14,8,14,18,9,7,9,16,0,92
20904143203,3,10,14,11,15,7,14,10,3,93
20904143204,17,14,14,18,15,11,8,8,0,118
20904143205,9,13,27,16,18,8,10,14,3,121
20904143206,10,17,15,19,17,10,18,27,9,137
20904143207,7,25,25,12,25,11,15,15,3,138
20904143208,17,27,36,34,27,21,19,27,9,218
20904143209,16,27,31,20,32,25,28,34,6,219
20904143210,9,25,20,22,25,23,22,31,3,177
20904143211,4,0,0,0,0,0,0,0,0,0
20904143212,15,38,25,20,26,12,30,33,6,201
20904143213,19,36,36,24,26,10,24,30,0,206
20904143214,7,28,38,19,40,21,23,29,3,216
20904143215,0,0,0,0,0,0,0,0,0,3
20904143216,18,34,34,26,32,23,26,22,9,207
20904143217,0,3,0,5,0,3,0,0,0,9
20904143218,5,18,12,5,14,15,16,11,0,106
20904143219,15,19,27,25,33,22,22,24,3,200
20904143220,8,40,33,29,24,14,27,21,7,200
20904143221,0,15,24,15,5,12,18,16,4,112
20904143222,9,13,25,25,19,8,24,30,7,162
20904143223,3,15,20,17,15,3,19,19,0,118
20904143224,0,0,0,0,0,0,0,0,0,0
20904143225,14,32,23,19,29,21,10,24,9,172
20904143226,24,24,19,15,18,8,9,18,9,142
20904143301,32,66,36,27,43,32,20,21,7,289
20904143302,16,23,17,16,28,15,19,19,5,159
20904143303,12,50,42,38,30,24,35,31,0,274
20904143304,36,45,37,37,28,17,23,19,6,243
20904143305,43,81,45,41,52,28,39,31,8,371
20904143306,20,28,21,24,25,12,14,27,7,170
20904143307,32,61,46,60,45,26,44,38,10,357
20904143308,26,44,38,29,45,25,31,23,11,280
20904143309,13,34,24,20,16,17,24,12,4,163
20904143310,23,34,33,24,31,21,11,17,3,203
20904143311,0,0,0,0,0,0,0,0,0,0
20904143312,15,37,29,16,13,16,16,23,3,172
20904143313,11,33,20,9,29,13,13,16,0,132
20904143314,20,33,23,27,27,20,19,15,5,197
20904143315,50,86,61,51,65,45,39,50,10,470
20904143316,17,38,18,40,34,22,17,18,5,212
20904143317,16,28,13,15,26,7,14,22,0,141
20904143318,11,24,7,18,19,12,15,9,4,116
20904143319,79,176,145,139,128,73,112,99,26,973
20904143320,12,20,18,20,23,15,8,14,3,129
20904143321,44,77,50,33,46,36,46,18,3,347
20904143322,31,32,40,36,37,32,17,25,12,264
20904143501,29,84,59,48,63,34,27,23,10,378
20904143502,33,48,36,45,38,26,23,43,4,297
20904143503,50,59,41,34,44,24,21,20,5,294
20904143504,16,31,23,10,27,23,7,18,0,157
20904143505,16,27,17,28,28,22,19,24,6,198
20904143506,20,28,14,21,27,18,14,13,9,165
20904143507,64,63,43,24,63,65,29,25,10,378
20904143508,33,71,38,22,35,32,10,16,9,268
20904143509,27,53,45,43,43,29,17,29,6,289
20904143510,34,54,38,35,43,40,17,24,8,288
20904143511,52,111,69,64,78,44,38,44,11,515
20904143512,23,34,14,14,32,15,14,24,8,171
20904143513,53,64,55,44,59,62,13,29,4,373
20904143514,29,46,35,39,41,28,19,28,8,269
20904143515,20,51,46,20,37,46,21,14,9,270
20904143516,33,43,37,37,46,29,18,25,6,268
20904143517,24,46,31,26,39,24,13,13,3,225
20904143518,30,49,29,28,43,13,11,22,0,219
20904143519,62,98,61,44,53,34,22,16,6,393
20904143520,22,40,17,20,23,15,15,9,0,167
20904143521,63,81,61,25,74,53,17,24,6,405
20904143522,18,25,14,14,20,16,6,10,4,138
20904143523,33,75,28,35,37,23,30,23,0,280
20904143524,30,70,31,23,46,29,22,19,5,272
20904143525,0,0,0,0,0,0,0,0,0,3
20904143601,23,37,37,25,22,14,10,19,3,195
20904143602,34,50,49,35,28,22,20,30,10,265
20904143603,28,42,31,26,39,19,18,27,6,231
20904143604,18,37,21,13,31,14,6,5,0,149
20904143605,23,40,31,28,27,18,16,20,5,207
20904143606,11,30,15,14,31,19,3,10,8,140
20904143607,34,58,46,26,46,42,14,24,8,292
20904143608,16,19,30,20,43,15,17,22,6,188
20904143609,33,42,38,29,42,32,17,27,10,268
20904143610,0,0,0,0,0,0,0,0,0,3
20904143611,30,44,50,29,44,35,20,17,3,271
20904143612,10,19,26,17,12,13,8,24,0,132
20904143613,23,40,27,16,30,22,7,10,0,172
20904143614,51,58,52,50,52,37,31,38,12,374
20904143615,24,40,43,31,37,28,13,21,4,238
20904143616,9,20,30,29,28,10,13,16,9,162
20904143617,25,21,20,18,28,10,7,15,5,155
20904143618,9,14,13,13,14,5,0,10,0,76
20904143619,23,28,27,25,27,30,15,16,0,195
20904143620,13,27,25,29,15,18,12,6,12,164
20904143621,12,21,39,27,32,16,7,21,7,179
20904143622,25,27,23,12,31,11,17,13,0,163
20904143623,20,56,22,32,42,30,15,24,7,248
20904143624,14,15,14,10,20,12,4,4,4,96
20904143625,31,50,23,17,36,26,20,19,4,225
20904143626,18,45,35,17,24,13,4,19,3,181
20904143627,33,69,29,37,35,23,25,25,0,271
20904143628,16,28,18,18,20,18,10,9,3,148
20904143629,0,0,0,0,0,0,0,0,0,0
20904143630,35,60,25,25,34,18,20,22,4,233
20904143631,0,0,0,0,0,0,0,0,0,0
20904143632,0,0,0,0,0,0,0,0,0,4
20904143633,14,20,25,15,17,28,5,18,0,142
20904143634,40,87,47,45,66,23,15,26,10,362
20904143635,12,29,13,15,16,13,10,14,0,129
20904143706,38,57,43,50,43,40,30,40,16,353
20904143708,35,61,54,45,66,35,32,44,8,366
20904143709,12,35,28,15,17,23,16,18,0,156
20904143710,18,44,41,42,28,20,36,35,6,274
20904143711,3,18,6,3,13,4,10,5,3,64
20904143712,29,62,28,41,51,29,35,33,8,313
20904143713,12,34,21,24,21,10,20,31,6,183
20904143714,40,58,50,47,42,32,28,32,18,354
20904143715,29,60,31,40,25,13,26,25,0,255
20904143716,14,31,15,16,13,10,10,12,4,130
20904143717,10,51,37,49,28,20,28,52,7,287
20904143718,27,52,21,23,27,13,21,26,5,201
20904143719,37,107,34,62,40,26,46,21,7,381
20904143720,29,78,52,40,48,27,40,37,8,366
20904143721,12,25,22,21,16,9,19,9,0,140
20904143722,33,38,42,40,36,20,22,24,4,264
20904143723,15,34,22,31,18,16,16,11,5,164
20904143724,6,4,10,0,6,3,6,5,0,41
20904143725,28,62,47,55,41,24,46,21,10,339
20904143726,24,72,46,67,48,17,52,31,4,363
20904143727,28,47,50,57,48,32,52,29,5,347
20904143728,23,37,31,28,25,18,24,24,0,202
20904143729,11,30,35,24,16,5,17,15,4,164
20904143730,22,53,36,43,33,21,18,17,3,258
20904143731,23,47,41,48,35,16,30,30,14,278
20904143732,15,45,27,27,18,13,25,25,16,203
20904143733,22,59,31,17,33,15,30,25,0,235
20904143734,25,55,51,44,31,27,27,21,7,290
20904143735,26,80,52,58,34,19,60,35,9,359
20904143736,18,28,17,15,14,10,12,8,0,128
20904143737,17,41,31,19,28,17,21,26,6,213
20904143738,10,21,32,22,17,14,23,11,0,151
20904143739,28,56,51,42,40,23,55,46,10,344
20904143740,11,47,17,18,16,15,6,11,0,146
20904143741,7,28,17,25,16,17,15,15,0,137
20904143742,25,47,43,29,31,28,30,27,9,277
20904143743,18,38,35,30,24,9,26,16,8,204
20904143744,38,104,54,48,40,23,37,36,8,379
20904143745,27,54,44,60,39,25,39,32,10,317
20904143746,11,26,23,16,22,15,20,12,4,146
20904143747,23,56,54,30,34,28,30,25,5,274
20904143748,6,33,35,44,19,15,23,21,6,205
20904143749,17,55,42,39,29,25,32,27,3,277
20904143750,19,33,18,30,19,17,29,22,3,185
20904143751,5,22,12,8,5,4,7,0,0,55
20904143752,12,50,26,29,30,12,28,23,7,210
20904143753,27,60,30,44,27,10,30,26,7,257
20904152701,23,55,39,22,35,22,14,12,6,233
20904152702,36,70,41,45,33,19,21,25,5,293
20904152703,38,60,37,40,26,27,9,18,0,256
20904152704,26,39,37,28,29,18,9,18,10,216
20904152705,23,44,33,30,37,17,25,32,3,249
20904152706,29,38,48,17,35,27,4,19,0,227
20904152707,22,29,20,14,30,13,11,14,0,157
20904152708,41,62,50,48,30,24,15,15,5,295
20904152709,29,48,42,32,33,22,13,21,10,247
20904152710,17,20,18,13,29,13,4,20,6,135
20904152711,47,73,68,42,57,33,16,34,3,370
20904152712,35,47,38,23,32,19,7,11,3,224
20904152713,36,37,47,19,42,22,18,9,3,240
20904152714,44,53,52,54,60,26,18,37,13,356
20904152715,27,56,33,41,33,14,14,18,6,246
20904152716,33,30,24,28,26,26,4,6,0,187
20904152717,0,0,0,0,0,0,0,0,0,0
20904152718,28,58,39,40,37,27,11,28,3,267
20904152719,21,27,38,32,29,9,7,16,4,178
20904152720,20,36,26,22,31,19,14,10,6,182
20904152721,37,41,48,32,48,25,17,19,0,263
20904152722,26,40,34,26,38,17,7,4,4,195
20904152723,25,31,34,26,31,17,10,5,4,178
20904152724,26,16,22,17,26,12,0,9,0,126
20904152725,17,26,16,14,23,11,8,11,5,126
20904152726,42,63,46,37,46,29,17,27,8,321
20904152727,16,33,25,8,24,15,9,5,0,139
20904152728,27,61,46,31,37,32,10,19,8,276
20904152729,47,56,54,47,49,36,13,34,4,340
20904152730,22,22,23,15,18,6,3,9,4,136
20904152731,27,64,45,46,46,34,20,24,5,309
20904152732,37,48,45,24,42,29,8,19,7,259
20904152733,28,37,22,35,18,16,6,14,5,191
20904152734,23,37,28,29,35,11,15,19,3,198
20904152735,12,16,23,17,14,4,4,10,0,103
20904152736,19,61,29,38,37,30,16,36,0,265
20904152737,23,53,32,30,27,26,16,9,0,212
20904152801,36,72,41,40,41,20,15,27,12,310
20904152802,42,61,56,54,40,32,21,26,7,340
20904152803,18,39,27,16,18,3,12,13,4,143
20904152804,39,77,41,50,41,25,20,20,0,317
20904152805,22,42,59,41,34,24,20,21,8,269
20904152806,14,29,29,25,10,13,11,20,0,144
20904152807,26,64,43,43,50,22,23,23,11,306
20904152808,32,41,36,28,36,27,9,14,3,232
20904152809,40,89,40,31,50,41,21,25,5,347
20904152810,20,56,34,29,43,19,19,15,9,226
20904152811,39,74,42,43,34,34,17,15,4,309
20904152812,14,27,26,11,20,16,0,11,0,128
20904152813,34,66,36,26,57,32,9,23,5,296
20904152814,19,47,24,17,36,21,9,16,7,202
20904152815,30,59,48,35,33,25,8,17,5,262
20904152816,26,48,46,35,44,10,21,22,5,254
20904152817,50,74,60,51,67,31,15,26,0,372
20904152818,32,43,48,35,35,24,13,21,0,258
20904152819,19,38,30,41,19,21,6,18,3,185
20904152820,21,36,29,30,19,21,20,8,6,190
20904152821,26,42,31,27,33,14,16,15,11,219
20904152822,9,19,25,15,25,6,9,10,0,116
20904152901,15,55,30,44,25,20,28,47,8,272
20904152902,16,26,38,28,24,15,21,49,4,229
20904152903,15,50,37,30,35,22,24,40,10,255
20904152904,6,23,20,11,10,8,14,23,6,136
20904152905,4,18,34,19,13,8,20,28,0,148
20904152906,14,20,23,18,19,7,26,22,3,152
20904152907,14,23,29,14,25,5,14,24,0,151
20904152908,10,15,23,18,19,11,29,18,4,150
20904152909,7,19,20,9,22,6,12,24,5,126
20904152910,26,41,45,28,34,24,29,30,5,267
20904152911,4,12,32,19,11,13,7,17,0,114
20904152912,9,8,16,10,11,11,9,19,0,94
20904152913,9,36,19,12,20,16,12,15,3,143
20904152914,8,11,22,19,20,26,9,30,0,143
20904152915,12,22,29,23,18,11,22,38,3,171
20904152916,8,17,20,22,14,11,29,24,0,146
20904152917,12,10,29,15,37,15,26,19,3,170
20904152918,8,21,27,34,13,10,21,31,5,170
20904152919,20,32,27,26,21,20,21,34,10,205
20904152920,3,19,16,27,17,15,17,36,4,158
20904152921,11,26,26,12,16,11,14,24,3,152
20904152922,8,26,13,10,9,9,23,11,0,110
20904152923,13,21,17,25,22,22,19,21,5,173
20904153001,9,19,13,11,13,3,18,17,3,106
20904153002,3,16,19,7,17,9,6,10,6,98
20904153003,8,11,14,9,13,11,17,15,0,108
20904153004,10,18,19,11,24,15,15,26,5,144
20904153005,3,28,20,12,19,10,4,19,0,125
20904153006,13,21,26,27,27,18,20,26,0,180
20904153007,3,10,18,10,10,6,19,17,0,98
20904153008,9,15,24,11,8,8,7,14,4,92
20904153009,6,21,13,8,20,6,18,11,0,99
20904153010,18,23,22,36,18,13,15,22,3,179
20904153011,6,11,9,8,9,14,14,21,0,103
20904153012,6,17,21,16,17,13,22,20,4,136
20904153013,9,18,11,11,7,10,10,13,0,95
20904153014,17,16,20,15,10,12,21,21,5,137
20904153015,13,18,18,7,15,3,16,17,0,108
20904153016,9,25,6,14,25,11,12,16,0,115
20904153017,14,16,15,15,17,6,19,18,9,126
20904153018,13,13,19,23,14,8,20,17,6,123
20904153019,0,0,0,0,0,0,0,0,0,0
20904153020,30,51,30,25,44,25,16,22,0,244
20904153021,6,25,19,18,16,8,13,20,0,121
20904153022,7,18,10,21,14,7,14,17,0,109
20904153023,48,74,46,33,45,27,18,23,5,324
20904153024,52,98,53,43,70,39,39,45,18,455
20904153025,6,20,16,11,13,14,14,14,4,108
20904153026,59,93,64,48,81,47,33,47,8,482
20904153027,16,46,39,24,33,18,34,50,5,270
20904153028,15,25,29,22,34,10,11,28,4,177
20904153029,20,64,36,32,21,10,20,31,10,249
20904153030,14,19,21,16,10,26,24,31,10,168
20904153031,15,20,20,22,22,16,23,33,9,183
20904153032,22,49,32,28,36,23,22,29,6,248
20904153101,24,65,33,37,44,28,11,26,3,267
20904153102,25,51,28,40,28,26,13,19,7,228
20904153103,11,21,22,10,17,18,6,19,0,113
20904153104,29,47,38,34,30,21,26,25,4,249
20904153105,3,6,0,5,7,0,0,0,0,21
20904153106,32,65,38,42,38,22,18,29,7,287
20904153107,32,77,40,51,59,34,22,34,5,357
20904153108,37,56,52,49,50,32,18,14,0,304
20904153109,18,41,27,31,33,23,18,22,12,222
20904153110,30,74,47,54,27,27,28,30,3,321
20904153111,27,38,24,28,34,17,21,17,7,217
20904153112,17,29,21,19,10,13,11,19,0,148
20904153113,21,48,36,34,42,34,16,24,7,254
20904153114,7,18,20,25,14,6,9,20,3,118
20904153115,23,52,18,21,30,26,16,20,6,216
20904153116,7,7,5,8,8,4,3,11,0,46
20904153117,24,42,42,28,28,21,26,28,9,243
20904153118,17,47,30,21,23,20,9,11,5,178
20904153119,27,41,19,37,40,23,21,15,3,236
20904153120,28,90,30,38,44,25,24,20,5,303
20904153121,29,65,26,27,39,17,22,23,0,250
20904153122,14,22,30,30,21,16,5,10,8,156
20904153123,22,41,29,26,25,9,16,14,0,181
20904153124,39,68,48,47,47,32,14,24,5,330
20904153125,26,37,25,43,28,8,14,13,0,204
20904153201,44,94,50,43,66,39,33,38,11,419
20904153202,36,57,19,46,34,21,26,17,4,260
20904153203,32,67,44,42,49,43,34,35,7,358
20904153204,27,48,23,32,41,21,14,17,8,233
20904153205,15,40,39,33,25,22,19,18,8,214
20904153206,18,39,33,24,22,15,15,12,0,177
20904153207,26,65,33,27,38,34,20,14,7,277
20904153208,32,46,23,33,30,16,28,25,0,234
20904153209,21,69,50,31,46,24,24,17,7,296
20904153210,25,48,23,18,26,26,14,19,0,210
20904153211,29,50,44,42,42,16,19,24,7,276
20904153212,33,63,52,59,36,30,37,37,8,356
20904153213,15,39,18,26,17,15,13,11,3,155
20904153214,10,34,41,38,22,17,13,28,9,207
20904153215,22,55,24,36,28,15,9,19,0,222
20904153216,26,61,47,57,38,34,21,28,6,304
20904153217,19,44,39,31,31,20,17,14,4,213
20904153218,23,34,31,33,27,25,17,24,11,225
20904153219,17,61,38,47,31,44,22,18,7,285
20904153220,28,46,17,13,29,14,10,14,3,181
20904153221,22,43,26,14,31,30,9,7,0,181
20904153222,55,78,63,52,50,35,24,22,3,388
20904153223,32,58,50,27,45,22,23,19,4,280
21001122601,19,38,20,17,26,20,13,12,0,166
21001122602,61,66,45,39,66,25,23,21,3,348
21001122603,51,80,51,30,50,27,18,38,5,349
21001122604,52,86,41,34,51,25,19,17,6,328
21001122605,61,126,30,45,68,33,16,27,9,410
21001122606,41,89,61,34,52,28,15,25,5,365
21001122607,34,41,39,28,35,15,21,20,6,227
21001122608,36,70,43,23,46,31,6,14,7,286
21001122609,34,60,35,18,34,24,17,11,5,239
21001122610,27,41,28,21,32,5,9,12,4,181
21001122611,21,28,19,24,28,10,5,14,0,152
21001122612,42,54,33,19,38,21,9,13,6,229
21001122613,24,67,54,34,39,24,19,21,0,285
21001122614,39,48,35,22,37,16,15,20,8,231
21001122615,42,63,48,15,39,24,3,15,6,253
21001122616,0,0,0,0,0,0,0,0,0,0
21001122617,14,19,18,20,22,8,16,10,3,133
21001122701,0,4,0,6,0,0,0,0,0,8
21001122801,49,86,34,24,61,30,9,19,11,324
21001122802,40,41,22,9,28,11,4,10,6,176
21001122803,9,16,3,7,3,5,0,0,0,42
21001122804,4,0,0,0,0,0,3,0,0,4
21001122805,3,0,0,0,0,0,0,0,0,3
21001122806,28,47,29,12,35,23,9,16,0,201
21001122807,21,17,24,11,32,16,14,17,9,167
21001122808,15,36,18,16,25,10,7,16,0,153
21001122809,21,13,22,15,18,12,15,9,5,135
21001122810,31,47,45,21,46,27,19,14,7,264
21001122811,20,49,36,24,25,30,19,28,5,233
21001122812,42,64,37,26,51,30,19,18,11,282
21001122813,37,35,20,8,24,25,7,3,3,165
21001122814,32,38,29,10,21,21,5,9,0,166
21001122815,36,42,22,9,27,19,3,4,3,166
21001122816,13,15,7,4,16,9,6,4,0,77
21001122817,42,81,29,22,40,27,5,14,0,263
21001122818,0,0,0,0,0,0,0,0,0,0
21001122819,51,74,29,18,42,16,3,10,3,256
21001122820,30,45,27,16,41,22,8,10,3,208
21001122821,32,42,28,15,27,19,5,10,0,182
21001122822,35,42,27,16,30,19,10,16,3,198
21001122823,30,55,30,19,46,14,18,19,8,232
21001122824,8,12,7,4,8,5,0,0,0,42
21001122825,0,0,0,0,0,0,0,0,0,5
21001122826,24,23,8,3,19,12,0,10,3,100
21001123001,46,63,25,18,43,22,3,23,4,249
21001123002,40,65,29,17,33,29,4,16,10,233
21001123003,21,37,22,5,28,18,7,10,4,162
21001123004,26,54,24,22,37,30,15,10,3,220
21001123005,47,68,36,22,33,23,20,13,7,275
21001123006,38,92,36,27,50,34,7,16,5,309
21001123007,30,64,23,20,36,10,8,10,5,202
21001123008,39,68,27,39,41,28,12,15,7,267
21001123009,52,68,33,31,58,25,12,10,0,285
21001123010,48,90,27,20,27,31,13,25,9,284
21001123011,57,78,24,22,32,18,3,13,0,248
21001123012,65,85,41,19,38,24,10,14,5,309
21001123013,42,59,19,20,23,23,0,21,0,201
21001123014,40,57,22,22,27,16,11,11,0,200
21001123015,50,62,23,34,51,14,8,15,9,259
21001123016,29,56,28,13,35,23,9,7,3,202
21001123017,21,29,11,17,21,12,4,9,0,129
21001123101,38,46,18,21,27,16,10,15,3,196
21001123102,60,80,35,22,56,14,9,16,10,299
21001123103,23,41,26,12,41,11,12,7,11,176
21001123104,41,109,28,21,44,30,8,19,3,315
21001123105,55,88,33,23,49,28,5,13,6,296
21001123106,51,74,23,13,44,15,3,8,3,232
21001123107,41,92,25,16,46,29,9,12,0,270
21001123108,48,76,15,15,40,33,10,19,4,264
21001123109,70,101,19,21,47,22,4,10,10,306
21001123110,25,39,9,7,20,8,0,7,3,120
21001123111,47,78,34,32,40,24,8,9,9,280
21001123112,22,44,15,10,20,7,3,5,5,137
21001123113,45,53,39,36,60,28,14,31,3,301
21001123114,21,52,16,20,32,19,7,9,0,178
21001123115,42,66,25,14,38,31,8,18,0,241
21001123116,41,58,10,14,25,24,0,8,3,185
21001123117,76,66,24,20,46,31,0,8,4,287
21001123118,36,65,7,11,29,15,0,3,0,165
21001123119,30,63,13,20,18,17,7,9,3,185
21001123120,46,77,36,24,46,13,7,14,7,271
21001123121,48,71,29,8,45,19,8,18,5,248
21001123122,60,89,40,33,48,36,9,19,3,335
21001153301,12,32,9,5,18,15,10,8,6,116
21001153302,14,28,10,15,17,15,4,5,0,116
21001153303,46,60,44,37,53,20,17,23,8,312
21001153304,36,51,22,8,26,16,3,8,3,168
21001153305,24,47,21,15,22,12,8,10,6,166
21001153306,25,52,23,14,25,13,5,14,3,180
21001153307,19,41,27,14,34,12,7,7,0,168
21001153308,24,57,30,19,30,14,7,14,8,202
21001153309,20,28,23,9,20,3,9,0,0,124
21001153310,25,36,22,14,31,20,7,18,0,170
21001153311,49,109,25,23,41,22,14,23,8,321
21001153312,30,37,12,14,26,19,8,13,5,164
21001153313,20,38,16,13,12,13,3,15,4,122
21001153314,23,36,15,20,36,34,13,26,4,201
21001153315,6,21,15,6,11,9,9,12,3,94
21001153316,7,30,7,14,21,6,5,5,6,116
21001153317,19,53,18,20,31,17,11,16,5,187
21001153318,23,43,18,19,20,11,14,13,0,160
21001153319,19,50,24,24,31,5,13,15,3,191
21001153320,15,38,15,10,12,6,6,7,3,122
21001153321,36,57,26,26,34,27,11,23,3,247
21001153322,30,67,37,22,31,31,12,16,0,244
21001153323,48,71,25,21,46,18,5,15,13,255
21001153324,24,36,16,18,29,15,9,15,4,169
21001153325,20,33,24,7,22,8,11,18,4,135
21001153326,41,72,35,26,49,33,21,17,3,292
21001153327,31,43,24,18,23,16,17,20,10,203
21001153328,42,52,26,16,40,32,10,19,0,238
21001153329,23,44,20,17,37,17,15,13,0,190
21001153401,3,24,5,9,7,13,11,13,4,95
21001153402,19,51,29,17,27,17,3,8,4,176
21001153403,21,46,29,21,33,18,9,14,9,206
21001153404,45,71,31,31,46,17,16,13,6,259
21001153405,28,44,21,18,19,21,10,5,5,182
21001153406,21,33,23,18,27,14,15,8,4,151
21001153407,67,102,50,43,51,34,12,20,7,385
21001153408,24,61,22,27,23,13,8,13,0,192
21001153409,34,53,24,20,34,13,15,8,9,211
21001153410,31,60,29,29,42,32,17,21,3,252
21001153411,21,35,17,22,25,19,7,19,8,169
21001153412,20,27,20,13,26,13,7,4,9,138
21001153413,22,58,18,8,24,9,7,8,6,162
21001153414,30,37,25,15,24,12,0,5,0,149
21001153415,26,40,12,10,30,14,9,12,7,161
21001153416,32,71,41,28,30,23,19,12,3,263
21001153417,20,53,23,13,32,21,6,7,4,189
21001153418,85,117,43,32,61,41,16,19,10,419
21001153419,22,41,33,14,21,21,16,17,6,192
21001153420,26,22,10,7,13,13,9,15,4,103
21001153421,23,43,23,19,41,20,10,15,0,189
21001153422,28,44,19,21,25,28,8,15,7,185
21001153423,19,35,27,13,45,24,10,12,5,195
21001153424,18,34,16,16,25,10,6,8,0,139
21001153425,17,27,10,18,23,14,7,8,5,131
21001153426,40,71,24,18,52,28,6,9,5,250
21001153427,28,27,16,18,38,21,6,11,0,157
21001153428,23,61,27,23,41,12,12,22,4,223
21001153429,21,17,3,11,6,9,3,7,5,77
21001153430,23,37,18,12,33,16,15,12,0,153
21001153431,19,41,19,17,24,24,4,10,5,163
21001153432,12,51,22,28,35,14,18,11,5,202
21001153433,20,46,20,18,20,8,11,8,3,159
21001153434,22,39,30,16,35,15,16,15,3,197
21001153435,47,63,32,31,48,22,6,19,8,273
21001153436,39,61,34,26,34,17,11,17,5,241
21002123201,35,42,33,23,33,16,12,19,5,221
21002123202,61,85,41,35,39,20,19,25,3,325
21002123203,42,42,22,23,27,12,8,11,11,197
21002123205,38,46,45,23,28,11,13,15,3,220
21002123206,17,20,24,13,12,5,5,8,3,111
21002123207,43,77,60,59,53,28,31,35,7,392
21002123208,26,51,32,16,20,18,5,10,4,183
21002123209,46,70,32,24,45,21,13,15,4,269
21002123210,43,65,37,32,30,23,10,25,5,257
21002123211,33,64,35,29,33,16,12,18,0,253
21002123212,15,27,11,15,17,5,4,3,0,100
21002123213,29,54,39,33,34,27,11,18,5,256
21002123214,19,46,24,18,14,9,17,4,3,165
21002123215,77,117,80,54,53,33,15,31,7,461
21002123216,48,44,31,18,25,14,6,22,9,215
21002123217,26,52,34,36,29,22,9,10,0,213
21002123218,170,293,189,131,165,92,53,65,13,1176
21002123219,34,61,45,27,42,23,16,14,4,262
21002123220,46,55,35,17,27,4,12,17,4,212
21002123221,32,58,36,24,28,9,12,10,3,215
21002123222,38,64,40,29,25,24,8,23,0,253
21002123223,55,77,53,28,49,16,8,24,0,310
21002123224,36,43,41,23,40,19,10,4,0,216
21002123225,0,0,0,0,0,0,0,0,0,0
21002123226,0,0,0,4,0,0,0,0,0,3
21002123227,16,33,36,20,17,7,3,8,3,150
21002123228,23,36,30,17,33,15,5,21,0,168
21002123229,13,25,17,6,13,3,4,13,0,83
21002123230,0,4,8,8,5,0,3,0,0,39
21002123231,0,0,0,0,0,0,0,0,0,0
21002123232,33,52,26,23,22,12,3,12,3,194
21002123301,42,54,16,11,10,17,3,5,4,169
21002123302,55,96,25,19,23,11,9,11,3,253
21002123303,26,52,14,14,18,11,0,8,0,151
21002123304,16,32,3,4,11,0,0,12,9,85
21002123305,19,42,13,14,21,9,5,7,0,132
21002123306,18,26,12,4,11,4,4,4,0,84
21002123307,39,57,22,26,32,14,3,7,3,205
21002123308,29,54,24,9,15,8,0,13,0,154
21002123309,45,85,37,27,24,26,8,17,0,266
21002123310,48,70,29,25,26,18,3,7,5,233
21002123401,21,49,44,27,32,15,13,17,6,231
21002123402,61,110,105,52,81,34,26,34,7,505
21002123403,45,65,53,36,51,17,12,15,3,302
21002123404,43,55,29,25,30,18,10,12,8,220
21002123405,36,51,42,32,23,21,19,6,5,229
21002123406,29,45,48,18,30,16,13,12,3,213
21002123407,43,55,42,20,23,10,4,21,3,222
21002123408,23,38,37,31,26,17,12,18,6,206
21002123409,19,42,32,20,29,16,12,13,4,183
21002123501,40,42,32,12,38,13,10,23,5,219
21002123502,30,20,33,7,23,14,10,13,6,160
21002123503,45,40,46,14,27,21,16,24,8,240
21002123504,22,38,42,20,20,15,10,23,5,199
21002123505,27,65,43,22,33,17,18,18,12,264
21002123506,38,54,66,50,53,32,23,37,11,358
21002123507,48,51,66,45,50,32,23,37,9,361
21002123508,22,22,23,19,20,14,10,16,0,155
21002123509,32,68,63,40,49,35,27,27,9,347
21002123510,21,33,39,26,34,9,11,19,0,198
21002123511,25,50,67,26,71,28,34,27,4,321
21002123512,14,33,58,19,23,13,22,27,7,229
21002123514,37,39,35,21,22,9,18,14,5,190
21002123515,15,26,31,18,21,15,9,18,9,162
21002123516,62,59,40,41,25,24,19,23,6,297
21002123517,28,28,41,16,27,16,7,25,9,203
21002123518,31,32,25,16,16,11,8,11,7,159
21002123520,50,36,9,13,15,11,7,11,7,164
21002123521,33,28,50,25,29,8,15,12,0,198
21002123522,31,64,79,40,54,28,26,43,3,366
21002123523,46,65,78,35,47,22,20,24,6,342
21002123524,63,42,47,31,31,16,5,20,11,266
21003123601,28,114,35,39,37,21,15,21,4,306
21003123602,38,96,47,31,38,23,12,20,0,295
21003123603,33,111,32,20,28,30,7,13,9,280
21003123604,34,93,24,29,39,35,10,17,3,293
21003123605,0,0,4,0,0,0,0,0,0,13
21003123606,25,43,12,17,20,12,7,8,4,146
21003123607,18,55,23,25,9,13,3,12,5,157
21003123608,26,49,6,12,29,14,4,15,0,148
21003123609,8,36,17,16,8,5,3,10,3,114
21003123610,43,101,42,29,43,39,12,32,7,354
21003123611,23,62,16,15,15,11,0,13,0,166
21003123612,10,36,24,13,15,13,7,18,0,140
21003123613,28,94,19,15,20,11,9,13,4,213
21003123614,34,53,26,12,29,21,10,16,3,215
21003123615,41,88,40,35,34,15,17,20,4,304
21003123616,13,43,19,15,15,9,4,8,0,119
21003123617,21,47,21,23,17,6,3,15,0,150
21003123618,154,327,83,71,102,56,25,30,16,853
21003123701,0,0,0,0,0,0,0,0,0,0
21003123702,23,50,23,24,17,22,18,14,7,203
21003123703,16,45,24,34,20,20,18,20,8,208
21003123704,19,61,27,39,20,19,30,25,5,232
21003123705,21,49,37,29,13,23,24,32,7,236
21003123706,32,76,34,34,32,21,17,24,3,277
21003123707,25,81,42,44,25,22,27,58,5,326
21003123708,19,72,42,46,35,19,24,27,8,289
21003123709,24,40,15,12,24,8,14,24,6,160
21003123710,17,79,23,32,23,22,11,31,12,253
21003123711,0,0,0,0,0,0,0,0,0,0
21003123712,11,50,23,24,38,16,20,12,8,198
21003123713,0,0,0,0,0,0,0,0,0,3
21003123714,11,45,27,19,19,20,14,18,9,189
21003123715,25,63,35,25,31,28,22,23,8,255
21003123716,18,50,26,30,28,22,18,36,7,244
21003123717,17,51,32,20,12,13,11,25,5,193
21003123718,26,51,30,30,20,24,16,26,4,220
21003123719,10,15,21,10,9,16,18,11,10,105
21003123720,20,29,24,13,21,11,13,12,0,145
21003123721,7,41,28,17,21,19,8,26,5,168
21003123722,25,51,27,17,22,12,28,20,9,215
21003123723,14,33,19,12,11,13,16,16,8,138
21003123724,13,35,20,13,9,9,8,5,0,132
21003123725,17,34,17,17,12,7,14,13,5,128
21003123726,15,35,25,20,24,15,15,19,5,170
21003123727,31,46,27,19,29,20,13,21,7,219
21003123728,26,36,24,25,18,11,20,18,6,174
21003123729,9,28,28,15,21,8,10,22,4,146
21003123730,12,43,33,29,19,13,16,23,8,197
21003123731,7,34,7,13,15,12,12,11,0,118
21003143901,48,64,36,24,43,26,10,19,11,276
21003143902,94,147,58,52,85,29,23,29,23,533
21003143903,42,56,31,21,40,18,13,12,4,231
21003143904,0,0,0,0,0,0,0,0,0,0
21003143905,23,47,30,19,30,17,10,7,0,190
21003143906,8,15,10,10,14,10,10,3,6,79
21003143907,54,66,35,27,55,32,10,21,0,294
21003144001,34,104,58,48,56,19,25,29,9,374
21003144002,14,24,17,3,20,9,15,15,0,111
21003144003,6,42,33,8,24,7,21,21,5,172
21003144004,19,24,16,9,18,4,5,8,0,96
21003144005,22,49,35,25,25,18,15,15,4,209
21003144006,18,36,17,15,18,13,8,15,0,149
21003144007,0,0,0,0,0,0,0,0,0,0
21003144008,23,39,22,17,27,19,16,7,3,175
21003144009,9,31,30,19,21,13,6,10,5,146
21003144010,17,35,22,9,21,17,7,7,3,143
21003144011,26,28,16,8,27,20,3,11,0,132
21003144012,22,43,30,24,18,19,11,19,7,202
21003144013,22,39,23,19,18,13,7,10,8,166
21003144014,12,26,15,7,22,9,11,8,0,108
21003144015,25,58,35,17,34,17,13,11,6,213
21003144016,13,26,19,15,23,8,11,9,4,129
21003144017,23,36,23,14,18,10,7,12,3,149
21003153501,0,0,0,0,0,0,0,0,0,0
21003153502,15,33,20,26,30,20,20,17,4,187
21003153503,9,35,29,17,17,16,9,15,4,156
21003153504,22,41,40,26,36,16,20,26,4,232
21003153505,18,57,41,36,37,14,21,26,6,249
21003153506,17,43,28,19,16,7,14,17,5,161
21003153507,19,43,19,23,23,19,14,26,5,182
21003153508,10,28,26,17,19,13,7,17,0,134
21003153509,14,48,24,14,28,5,18,23,0,161
21003153510,41,75,57,47,47,26,22,48,7,364
21003153511,37,55,26,21,41,25,13,28,7,255
21003153512,19,47,24,17,27,14,5,3,3,167
21003153513,16,53,36,35,37,14,18,28,0,234
21003153514,17,53,20,20,24,19,17,17,8,197
21003153515,22,44,22,8,22,23,12,11,3,171
21003153516,17,15,15,26,20,5,10,26,0,121
21003153517,7,40,14,10,25,11,12,25,3,162
21003153518,14,58,53,50,31,16,10,29,3,267
21003153519,16,39,21,15,14,11,24,10,5,148
21003153520,30,49,34,27,29,22,13,16,8,228
21003153521,18,32,22,17,17,17,23,13,0,163
21003153522,25,62,23,25,25,19,10,19,0,208
21003153523,33,67,48,62,29,26,21,66,3,360
21003153524,36,52,43,25,31,29,18,22,6,262
21003153525,14,32,24,26,17,3,7,33,5,167
21003153526,0,0,0,0,0,0,0,0,0,0
21003153527,13,30,18,14,19,7,15,16,0,133
21003153528,21,53,17,13,22,19,13,10,6,174
21003153529,27,58,40,28,25,20,15,12,3,225
21003153530,0,3,3,5,0,0,0,0,0,20
21003153531,21,37,20,14,18,19,11,14,7,158
21003153532,14,50,21,20,24,11,16,20,4,175
21003153533,24,46,24,15,19,12,15,24,4,177
21003153534,10,15,18,21,11,12,10,23,6,125
21003153535,10,37,25,19,18,13,10,11,5,154
21003153536,24,56,32,31,21,24,10,23,4,218
21003153601,27,73,48,39,39,14,18,36,10,297
21003153602,17,47,26,24,23,15,8,6,3,173
21003153603,24,57,37,34,29,11,20,54,4,277
21003153604,32,67,35,39,43,8,18,28,4,268
21003153605,22,66,34,43,30,21,17,49,3,280
21003153606,36,87,54,31,47,31,16,28,4,337
21003153607,29,124,43,69,55,15,31,63,3,430
21003153608,22,55,39,34,23,21,15,51,12,266
21003153609,28,63,26,14,21,13,10,8,6,192
21003153610,21,43,19,19,11,9,9,13,0,139
21003153611,24,58,35,28,24,20,13,30,3,237
21003153612,35,54,43,24,31,16,17,22,6,242
21003153613,36,117,52,52,56,32,27,51,12,439
21003153614,23,59,27,28,21,9,18,11,8,199
21003153615,29,60,47,55,30,17,26,68,12,350
21003153616,30,74,62,64,42,26,22,80,8,418
21003153701,32,121,37,28,62,16,6,21,4,330
21003153702,48,112,32,28,61,30,9,15,3,345
21003153703,39,71,32,9,36,18,3,4,0,220
21003153704,40,96,31,28,31,26,7,13,5,273
21003153705,43,101,33,19,46,18,13,17,10,310
21003153706,55,152,56,46,66,20,22,29,3,450
21003153707,53,68,28,25,33,25,10,14,9,266
21003153708,52,159,57,40,76,28,20,31,13,473
21003153709,16,47,23,20,20,21,10,9,0,149
21003153710,56,104,42,32,44,20,12,22,3,335
21003153711,40,53,41,27,38,16,5,19,5,239
21003153712,42,133,46,53,45,25,13,41,4,408
21003153713,30,59,24,21,32,15,8,16,0,208
21003153714,25,75,26,21,32,6,11,18,8,225
21003153715,21,43,16,7,28,5,3,7,8,143
21003153801,35,101,33,12,32,21,5,15,0,261
21003153802,41,86,54,25,36,20,4,24,4,289
21003153803,50,62,38,18,41,27,10,17,5,273
21003153804,37,61,20,19,31,13,0,19,0,195
21003153805,29,48,24,18,35,22,3,15,8,197
21003153806,69,109,38,26,41,16,10,14,3,321
21003153807,34,105,33,29,41,17,5,19,6,300
21003153808,44,75,31,23,36,25,8,16,0,262
21003153809,45,83,23,31,37,22,11,20,12,295
21003153810,28,77,23,27,18,5,16,14,4,224
21003153811,29,61,22,26,31,17,6,16,6,217
21003153812,20,56,21,20,23,19,9,9,6,186
21003153813,6,13,16,4,9,5,3,11,7,71
21003153814,16,65,18,24,27,12,4,9,5,181
21003153815,24,46,25,18,26,22,7,14,3,181
21003153816,56,109,43,50,54,25,17,38,3,386
21003153817,38,85,31,18,44,22,8,19,0,259
21003153818,26,58,22,17,26,19,11,8,0,188
21003153819,27,52,25,16,29,10,5,4,9,181
21003153820,51,97,46,27,40,26,12,17,12,325
21003153821,44,73,30,28,51,18,6,10,6,267
21003153822,26,64,23,12,39,20,9,15,6,212
21003153823,43,88,24,27,25,19,5,16,4,243
21003153824,44,66,37,31,32,27,12,12,4,257
21003153825,32,69,29,22,37,23,10,11,7,229
21003153826,26,64,37,32,35,15,10,28,6,256
21003153827,14,17,7,6,14,6,6,0,0,72
21003153828,26,60,29,21,37,20,16,14,0,220
21003153829,57,169,46,35,63,29,16,26,4,455
21003153830,50,103,33,31,41,26,18,20,4,341
21003153831,33,50,20,29,35,20,11,10,0,202
21003153832,40,114,41,37,62,27,14,19,8,354
21003153833,32,55,35,17,38,14,5,9,10,217
21003153834,54,127,44,42,64,46,16,20,8,423
21003153835,34,84,41,35,38,19,17,17,4,285
21003153836,35,58,28,20,17,13,6,16,5,196
21003153837,15,59,16,14,28,15,13,13,5,165
21004124001,30,32,32,12,15,10,7,12,3,145
21004124002,26,56,56,27,23,14,15,15,3,246
21004124003,27,57,56,43,44,23,28,35,0,308
21004124004,58,30,38,25,32,28,22,21,3,258
21004124005,26,29,37,15,37,14,16,14,13,188
21004124006,22,33,24,16,22,8,11,17,0,141
21004124007,0,0,0,0,0,0,0,0,0,0
21004124008,13,24,32,22,18,13,20,19,0,157
21004124009,9,29,21,20,17,12,10,18,3,133
21004124010,13,15,18,12,18,15,4,9,0,103
21004124011,8,29,27,20,24,15,9,14,0,147
21004124012,19,31,21,17,20,18,4,15,0,146
21004124013,27,46,32,25,29,20,10,16,0,208
21004124014,67,101,68,53,59,48,21,26,11,455
21004124015,58,53,62,30,67,42,24,32,10,377
21004124016,53,44,50,39,69,42,25,36,4,355
21004124017,24,26,22,12,24,18,3,10,3,147
21004124018,45,48,69,38,49,41,16,30,6,339
21004124019,17,21,41,28,37,12,17,21,4,198
21004124020,116,166,143,80,143,83,33,49,15,837
21004124021,20,22,28,30,29,25,21,17,4,192
21004124022,44,70,56,44,72,27,18,20,3,356
21004124023,21,33,29,21,20,15,7,7,0,149
21004124024,11,17,14,13,7,8,10,11,0,89
21004124025,5,13,14,17,14,12,15,18,0,107
21004124026,27,27,52,44,39,25,33,29,4,289
21004124027,14,23,37,18,21,14,18,9,0,163
21004124028,10,27,24,20,14,12,12,11,4,125
21004124029,33,40,32,24,24,9,12,23,0,194
21004124030,26,36,36,24,34,14,10,15,5,187
21004124031,14,47,30,25,33,17,14,15,6,196
21004124032,5,19,19,12,13,3,0,10,3,99
21004153901,31,82,61,38,64,29,36,36,15,385
21004153902,28,14,25,6,23,7,8,13,4,123
21004153903,28,41,46,36,57,30,29,27,6,288
21004153904,41,70,50,42,45,23,50,28,12,368
21004153905,33,54,36,29,67,32,20,24,4,286
21004153906,14,30,34,26,34,19,17,20,5,198
21004153907,18,40,28,35,31,18,22,32,0,225
21004153908,26,88,51,55,43,23,44,26,3,365
21004153909,21,49,34,16,34,12,19,19,7,205
21004153910,12,14,30,23,18,19,17,12,3,141
21004153911,11,16,19,10,19,7,3,6,7,96
21004153912,19,61,32,29,21,16,19,19,0,215
21004154001,42,35,30,26,28,20,17,20,4,208
21004154002,21,27,30,26,38,10,22,15,0,192
21004154003,33,52,55,21,41,22,28,13,5,269
21004154004,31,54,39,26,33,9,14,11,0,224
21004154005,23,53,36,24,46,21,11,19,6,233
21004154006,14,36,25,24,30,16,16,22,4,181
21004154007,26,36,59,35,42,29,17,19,6,259
21004154008,22,37,34,35,30,17,19,20,0,216
21004154009,33,42,18,28,42,21,17,22,6,223
21004154010,33,43,38,23,32,15,9,15,0,207
21004154011,16,30,35,29,34,16,17,25,3,216
21004154012,39,64,58,50,48,31,10,20,7,323
21004154013,12,8,8,3,8,3,9,5,0,59
21004154014,25,42,24,27,19,14,9,8,0,165
21004154015,59,48,50,34,48,36,15,14,6,318
21004154016,18,37,22,23,26,14,14,14,0,161
21004154017,46,94,66,52,59,26,32,28,10,423
21004154018,34,44,41,52,42,38,26,29,7,304
21004154019,20,39,49,30,49,15,31,24,3,249
21004154020,36,48,29,26,37,25,14,15,4,236
21004154021,10,26,27,14,22,14,9,21,0,141
21004154022,6,30,10,10,23,22,11,14,4,130
21004154023,9,21,21,21,22,18,12,16,4,142
21004154024,11,34,13,23,21,24,7,21,0,155
21004154025,36,46,51,47,51,47,33,22,9,332
21004154026,25,35,38,28,29,28,18,22,0,233
21004154027,19,28,30,21,33,17,13,13,5,180
21004154028,23,23,28,23,18,11,18,16,0,161
21004154029,24,58,28,39,27,14,15,6,0,211
21004154030,25,19,27,7,28,16,17,13,7,161
21004154031,10,17,20,18,26,3,9,15,3,127
21004154032,18,13,17,23,18,14,18,12,3,135
21004154033,15,48,32,32,23,16,16,21,10,211
21004154034,75,103,54,35,67,35,25,24,4,418
21004154101,20,24,40,25,39,21,23,31,7,236
21004154102,21,35,34,27,34,18,26,26,8,228
21004154103,29,40,33,36,32,22,20,23,4,236
21004154104,20,24,32,13,20,14,11,6,0,143
21004154105,31,48,49,41,43,14,22,17,3,274
21004154106,18,17,29,23,21,6,9,18,0,144
21004154107,26,62,58,46,41,27,24,36,11,334
21004154108,20,49,40,26,37,27,16,16,3,224
21004154109,14,44,54,40,49,30,37,26,7,305
21004154110,20,32,34,27,31,19,24,17,5,213
21004154111,26,32,35,22,24,21,6,10,4,175
21004154112,39,81,55,34,52,24,17,22,0,330
21004154113,28,23,37,19,15,8,3,8,8,147
21004154114,28,42,32,21,37,18,3,13,3,207
21004154115,18,29,27,24,25,14,18,20,4,171
21004154116,26,33,26,28,41,18,12,13,5,189
21004154117,15,29,40,19,36,29,23,22,3,229
21004154118,24,35,64,42,49,18,16,25,6,273
21004154119,24,44,34,38,45,21,8,16,0,244
21004154120,17,34,40,47,35,14,19,22,3,232
21004154121,40,44,38,25,54,23,24,24,0,269
21004154122,10,23,24,25,17,8,9,20,0,126
21004154123,29,35,31,32,26,20,15,10,7,214
21004154124,21,47,36,24,27,26,16,5,5,206
21004154125,40,65,53,46,49,30,17,24,4,335
21004154126,30,57,51,27,47,26,13,17,7,280
21005124201,13,29,50,31,37,24,39,26,8,256
21005124202,11,21,23,18,14,6,16,22,9,141
21005124203,13,27,26,22,17,14,18,30,4,169
21005124204,15,48,26,34,19,20,33,22,0,204
21005124205,22,44,55,48,14,21,30,43,9,282
21005124206,7,28,36,21,12,12,15,27,3,154
21005124207,11,28,47,22,12,15,24,41,7,204
21005124208,6,26,38,22,24,13,42,33,6,216
21005124209,8,21,27,24,16,10,24,32,6,184
21005124210,7,22,23,16,8,10,24,16,5,138
21005124211,5,18,17,17,8,16,18,22,5,128
21005124212,18,44,61,74,38,17,45,68,13,369
21005124213,10,41,49,44,9,7,38,49,6,263
21005124214,9,18,22,27,11,11,29,24,0,151
21005124215,16,57,68,49,34,28,46,47,10,360
21005124216,3,0,5,5,8,0,12,3,0,44
21005124217,8,9,18,13,9,3,9,17,0,85
21005124218,15,26,27,29,10,8,34,38,10,207
21005124219,0,0,7,11,0,8,9,16,0,48
21005124220,10,27,25,25,10,15,18,27,4,168
21005124221,11,14,15,8,10,9,14,16,7,98
21005124222,4,16,21,16,11,11,14,30,0,138
21005124223,3,0,0,10,6,0,0,12,3,38
21005124224,9,24,27,21,23,6,26,23,5,164
21005124225,9,18,28,32,26,22,19,21,8,175
21005124226,0,0,0,0,0,0,0,0,0,0
21005124227,4,17,19,11,9,5,7,18,5,96
21005124301,4,10,18,26,11,6,24,20,4,129
21005124302,0,6,8,9,16,5,11,9,0,64
21005124303,0,0,0,0,0,4,0,0,0,0
21005124304,5,0,4,0,0,0,0,0,0,11
21005124305,6,4,22,5,13,8,27,14,8,99
21005124306,10,20,22,16,22,16,12,7,7,134
21005124307,3,4,14,7,3,13,10,8,0,61
21005124308,9,14,9,10,7,9,9,12,3,88
21005124309,9,17,20,9,14,6,11,13,0,106
21005124310,12,11,20,8,11,7,16,20,6,113
21005124311,12,4,10,11,7,4,9,9,5,80
21005124312,10,9,20,22,9,4,23,19,3,125
21005124313,15,11,13,7,8,6,10,10,0,78
21005124314,16,32,27,26,18,18,23,17,4,188
21005124315,3,11,13,13,5,5,12,24,0,90
21005124316,5,5,10,4,4,8,5,11,3,52
21005124317,6,13,31,19,15,12,12,17,3,131
21005124318,10,11,30,12,11,14,12,18,3,123
21005124319,3,16,27,18,16,11,13,23,3,123
21005124320,16,24,30,17,18,14,32,29,8,185
21005124321,13,18,33,18,16,21,10,19,10,160
21005124322,0,0,0,0,0,0,0,0,0,0
21005124323,0,24,19,17,17,18,24,8,13,143
21005124324,13,21,10,13,10,9,22,16,8,120
21005124325,3,15,13,20,6,8,6,23,0,96
21005124326,5,11,15,10,13,11,13,21,5,96
21005124327,7,21,25,14,9,15,27,20,6,150
21005124328,3,14,16,16,13,8,21,13,8,112
21005124329,10,21,18,32,10,10,20,21,3,139
21005124330,3,10,25,12,11,7,8,12,4,92
21005124331,5,9,15,13,8,8,14,10,0,83
21005124332,3,5,7,11,14,4,5,13,0,58
21005124333,10,16,22,19,9,5,24,24,12,138
21005124334,3,15,15,14,4,3,17,19,5,94
21005124335,8,3,17,16,15,11,16,12,3,98
21005124336,9,15,30,17,9,8,25,16,3,129
21005124337,3,19,13,15,12,9,14,14,0,101
21005124338,9,0,13,7,6,3,14,19,0,70
21005124339,7,11,14,24,11,7,15,16,0,112
21005124340,6,22,20,12,16,16,26,21,4,159
21005124341,8,21,21,11,13,10,18,16,5,109
21005124342,3,8,13,9,6,8,9,7,0,61
21005124343,4,3,19,18,19,23,10,4,6,119
21005124344,3,16,10,9,4,3,12,11,0,76
21005124501,22,28,34,21,37,13,19,28,0,209
21005124502,22,23,32,18,31,11,6,20,0,167
21005124503,20,25,20,18,15,19,8,18,7,140
21005124504,12,30,22,5,20,13,15,10,4,129
21005124505,13,27,27,11,19,10,21,13,7,153
21005124506,15,31,29,20,28,13,15,13,0,160
21005124507,21,14,23,14,17,7,13,18,3,129
21005124508,14,32,32,21,39,20,18,17,5,200
21005124509,13,20,25,12,26,7,12,11,0,121
21005124510,23,30,27,22,31,22,19,17,3,192
21005124511,19,30,24,19,30,20,8,6,9,174
21005124512,18,16,21,19,30,21,8,14,0,144
21005124513,22,31,29,24,29,22,12,20,0,194
21005124514,30,51,51,36,42,26,23,13,6,280
21005124515,11,43,29,17,19,16,13,17,4,165
21005124516,13,21,22,8,14,7,5,13,3,115
21005124517,19,29,20,3,19,6,15,15,5,129
21005124518,18,24,22,21,22,17,14,19,3,156
21005124519,8,24,23,23,26,11,17,20,4,147
21005124520,10,14,25,4,16,9,7,7,3,95
21005124521,11,23,17,4,19,11,3,10,4,96
21005124522,7,12,13,14,14,3,17,0,4,78
21005124523,21,35,40,25,41,19,19,35,3,237
21005124524,18,16,11,14,17,8,9,13,5,115
21005124525,10,10,12,17,12,7,14,5,0,74
21005124526,27,50,35,24,46,23,13,32,6,256
21005124527,6,27,15,17,7,15,11,4,0,99
21005124528,25,40,30,32,49,32,21,26,14,266
21005124529,21,21,34,15,24,6,18,17,0,157
21005124531,12,22,22,37,24,9,26,36,6,201
21005124533,16,33,30,10,18,12,10,10,0,138
21005124534,0,0,0,0,0,0,0,0,0,0
21005124535,0,0,0,0,0,0,0,0,0,5
21005124536,0,0,0,0,0,0,0,0,0,0
21005124537,0,0,0,0,0,0,0,0,0,0
21005124538,21,41,41,32,34,25,18,24,3,238
21005124539,25,40,34,19,41,18,14,21,4,211
21005124540,28,53,46,19,55,22,13,17,8,260
21005124541,19,31,30,23,35,17,26,29,3,221
21005124542,42,55,46,27,69,37,16,23,0,312
21005124543,34,52,35,14,59,35,21,20,5,283
21005124544,17,17,14,9,15,15,6,8,0,84
21005124545,24,14,31,15,18,10,11,4,4,132
21005124546,16,43,46,22,41,16,24,17,0,224
21005124547,16,18,20,11,22,4,7,16,5,116
21005124548,19,30,27,15,34,12,9,18,9,176
21005124549,0,0,0,0,0,0,0,0,0,0
21005124550,62,55,61,40,63,38,13,15,4,346
21005124551,3,14,18,13,19,9,11,16,3,103
21005124552,29,58,28,34,34,14,28,36,3,268
21005124553,28,35,27,11,27,18,3,19,3,176
21005124601,33,53,39,18,51,35,23,12,6,270
21005124602,35,48,39,37,29,30,15,18,0,261
21005124603,19,39,24,23,28,20,19,27,6,196
21005124604,18,35,21,11,25,20,15,15,6,159
21005124605,38,39,21,14,36,12,10,12,6,188
21005124606,41,41,36,17,28,28,15,26,8,240
21005124607,33,26,37,18,39,26,8,14,10,200
21005124608,28,23,14,9,26,22,11,12,4,153
21005124609,24,34,33,14,33,25,8,19,3,200
21005124610,21,37,33,22,41,22,11,24,5,214
21005124611,25,20,36,18,29,28,16,18,4,187
21005124612,31,49,34,25,39,29,14,18,5,239
21005124613,20,33,14,6,25,9,10,12,3,128
21005124614,35,50,45,23,38,45,14,15,3,267
21005124615,43,61,45,11,37,25,6,9,11,253
21005124616,38,31,23,23,35,16,9,13,3,197
21005124617,32,46,46,28,40,27,22,23,7,272
21005124618,24,27,29,19,26,23,8,13,3,175
21005124619,19,29,19,27,30,20,17,13,7,185
21005124620,28,26,43,7,38,18,27,16,3,192
21005124621,18,15,34,7,20,10,12,10,3,123
21005124624,27,23,22,12,30,16,0,9,4,147
21005124625,53,53,48,39,46,46,29,23,8,356
21005124627,24,21,30,29,34,17,13,21,9,194
21005124628,32,51,29,13,37,22,5,4,0,206
21005124629,23,21,18,5,23,12,9,11,4,123
21005124631,38,45,29,25,37,23,23,9,4,231
21005124633,42,94,47,38,39,39,38,47,17,391
21005124634,29,37,27,24,38,28,19,30,8,241
21005124635,0,0,0,0,0,0,0,0,0,0
21005124636,36,37,31,22,50,14,27,23,3,237
21005124637,0,0,0,0,0,0,0,0,0,0
21005124638,25,58,28,15,34,21,26,16,6,229
21005124639,26,59,32,16,17,18,5,14,3,183
21005124640,25,44,28,22,41,19,10,17,0,214
21005124641,41,63,45,35,52,32,19,28,6,328
21005124642,34,53,38,15,39,22,13,13,0,229
21005124643,34,47,24,24,16,14,14,6,8,190
21005124644,23,33,26,17,21,13,14,13,4,160
21005124645,34,55,34,11,44,19,7,17,17,232
21005124646,44,73,35,28,43,24,15,11,4,276
21005124647,31,53,25,17,23,19,11,14,4,196
21005124648,48,66,30,16,35,17,19,20,8,262
21005124649,109,173,89,73,109,49,39,39,13,704
21005124650,31,88,44,27,50,29,24,26,5,323
21005124651,10,10,10,3,11,8,12,3,0,77
21005124652,0,0,0,0,0,0,0,0,0,0
21005124653,33,60,25,16,22,10,17,18,4,201
21005124654,27,58,28,32,38,15,19,9,5,238
21005124655,13,33,19,12,28,7,25,15,6,155
21005124656,28,38,19,12,26,28,14,10,0,173
21005124701,11,21,34,13,14,15,21,21,0,158
21005124702,7,15,21,15,8,10,17,18,4,119
21005124703,10,26,21,19,11,17,26,35,4,168
21005124704,10,26,20,29,15,12,23,26,3,162
21005124705,7,7,9,18,11,11,16,16,4,103
21005124706,7,30,24,24,16,8,20,31,4,164
21005124707,8,18,13,10,12,10,8,16,4,103
21005124708,4,34,22,23,15,26,15,18,8,164
21005124709,14,29,28,29,14,16,12,15,4,157
21005124710,3,19,17,18,5,9,17,15,3,108
21005124711,12,30,35,21,20,11,16,11,3,169
21005124712,11,20,21,17,18,8,22,14,3,140
21005124713,11,33,26,15,23,22,21,17,6,166
21005124714,15,21,25,28,19,18,31,27,8,190
21005124715,7,28,31,24,31,16,23,24,9,197
21005124716,3,15,21,20,13,11,11,27,4,125
21005124717,14,31,26,15,16,18,13,22,3,156
21005124718,8,15,26,13,17,5,21,21,6,134
21005124719,6,10,14,16,13,6,19,13,0,98
21005124720,14,18,18,19,16,17,11,21,0,128
21005124721,7,24,29,23,20,10,20,21,3,157
21005124722,11,22,26,33,14,19,28,21,4,178
21005124723,12,25,33,33,25,12,19,25,14,190
21005124724,19,25,42,14,38,15,31,29,8,224
21005124725,12,24,30,33,24,14,28,14,10,190
21005124726,10,26,24,16,20,20,17,19,7,161
21005124727,11,30,22,13,20,8,23,26,7,156
21005124728,13,19,15,20,19,3,18,19,6,132
21005124729,0,5,6,7,3,8,8,14,4,60
21005124730,3,7,3,9,3,6,5,8,0,53
21005124801,8,10,9,0,5,3,3,0,0,42
21005125001,31,34,24,31,52,24,16,19,9,242
21005125002,18,24,26,22,28,14,8,28,6,165
21005125003,34,67,48,35,49,22,34,28,10,332
21005125004,29,56,34,33,44,24,29,25,6,282
21005125005,21,28,35,19,25,23,16,27,8,200
21005125006,15,13,20,28,25,15,13,18,4,158
21005125007,27,38,29,36,48,26,36,21,3,263
21005125008,0,0,0,0,0,0,0,0,0,5
21005125009,24,43,33,23,37,24,17,21,0,219
21005125010,17,30,33,16,25,11,22,10,5,169
21005125011,13,23,20,27,33,11,15,17,11,171
21005125012,10,17,13,12,20,9,12,16,0,120
21005125013,15,20,28,17,18,16,14,12,5,142
21005125014,24,42,35,19,31,12,21,14,0,194
21005125015,9,16,13,4,19,12,8,6,3,85
21005125016,20,22,31,28,21,11,14,14,4,159
21005125017,0,0,0,0,0,0,0,0,0,0
21005125018,19,16,22,15,22,9,20,14,3,145
21005125019,0,0,0,0,0,0,0,4,0,3
21005144101,0,0,0,0,0,0,0,0,0,0
21005144102,12,19,14,12,31,16,17,15,0,149
21005144103,7,12,23,12,12,11,28,13,0,123
21005144104,7,17,47,28,25,18,28,32,0,202
21005144105,9,13,20,11,13,9,17,23,0,119
21005144106,12,27,24,28,27,24,25,27,6,201
21005144107,8,11,35,27,28,19,21,26,0,174
21005144108,9,20,27,15,17,11,20,21,3,141
21005144109,10,14,33,25,27,25,29,16,6,183
21005144110,12,10,25,19,22,11,18,8,5,126
21005144111,13,19,35,16,30,14,12,33,11,184
21005144112,25,14,52,35,33,21,22,24,8,234
21005144113,6,13,27,20,17,10,24,25,7,145
21005144114,14,20,38,15,22,13,18,27,0,166
21005144115,11,18,19,18,22,16,19,20,4,137
21005144116,4,14,22,18,7,15,16,16,0,111
21005144117,14,15,18,19,16,12,15,17,4,137
21005144118,21,49,23,23,33,32,34,27,5,250
21005144119,9,21,36,22,16,20,19,28,4,180
21005144120,15,9,15,11,19,15,15,19,5,123
21005144121,6,23,51,29,31,11,29,29,6,207
21005144122,6,17,29,27,17,22,14,33,0,170
21005144201,19,49,41,30,34,17,17,31,5,243
21005144202,0,0,0,0,0,0,0,0,0,0
21005144203,16,31,25,21,18,12,24,11,12,166
21005144204,19,17,24,26,25,20,12,16,5,156
21005144205,8,0,5,0,0,0,0,5,0,26
21005144206,21,52,37,39,40,27,42,37,12,306
21005144207,53,56,51,25,40,44,21,24,13,328
21005144208,26,30,39,43,30,19,31,25,0,242
21005144209,21,40,55,25,37,24,37,40,13,298
21005144210,11,16,22,13,16,6,11,14,0,118
21005144212,42,51,54,39,51,35,29,31,4,330
21005144213,21,48,25,25,24,17,35,21,4,218
21005144214,16,30,23,29,25,30,29,20,7,195
21005144215,9,31,17,21,25,14,16,18,7,163
21005144216,9,14,17,29,18,21,29,18,6,154
21005144217,10,21,20,17,17,11,13,20,0,137
21005144218,22,16,41,24,20,12,30,15,4,187
21005144219,24,38,38,38,34,27,36,25,5,259
21005144220,9,46,21,20,26,18,27,11,6,182
21005144221,11,27,13,18,14,7,16,18,4,139
21005144222,11,21,14,15,18,8,5,9,0,103
21005144223,24,28,32,23,30,28,12,29,5,208
21005144224,11,32,23,17,17,5,13,17,5,140
21005144226,30,56,44,37,46,30,36,43,8,337
21005144227,16,20,20,18,11,6,26,17,3,145
21005144228,11,17,23,13,25,20,24,19,3,151
21005144229,17,28,17,31,16,11,15,10,0,147
21005144230,30,35,22,27,25,16,15,13,6,184
21005144231,33,67,28,50,38,34,41,36,9,324
21005144301,0,0,3,0,0,0,0,0,0,11
21005144303,19,15,33,30,22,15,23,20,0,173
21005144304,20,29,25,18,29,15,15,21,3,176
21005144305,18,17,26,31,20,22,24,22,3,177
21005144306,10,22,12,5,22,15,11,18,3,117
21005144307,10,13,30,17,13,10,10,16,3,128
21005144308,8,24,22,17,16,4,17,10,3,117
21005144309,30,61,39,38,40,35,28,42,7,321
21005144310,16,21,29,27,26,21,22,33,6,197
21005144311,9,20,23,20,21,7,15,18,5,136
21005144312,15,37,28,21,30,21,15,23,3,193
21005144313,17,20,26,23,33,15,17,15,4,165
21005144314,13,20,45,37,36,26,34,38,9,251
21005144315,13,8,27,25,8,19,13,11,0,136
21005144316,9,24,32,27,27,20,13,29,10,186
21005144317,17,15,25,14,19,7,14,15,0,137
21005144318,12,31,44,31,26,26,33,31,12,244
21005144319,12,23,35,21,20,12,13,36,0,170
21005144320,12,12,44,17,19,9,34,33,4,190
21005144321,6,11,17,15,23,13,14,17,5,127
21005144322,12,14,25,24,29,24,27,37,0,207
21005144323,0,0,0,0,0,0,0,0,0,0
21005144324,8,20,24,21,13,8,27,26,10,150
21005144325,21,21,26,30,37,19,33,26,0,214
21005144326,22,30,33,32,27,12,27,35,3,218
21005144327,8,9,16,9,19,6,10,19,0,113
21005144328,19,36,35,35,25,25,38,24,3,247
21005144329,23,32,37,41,48,34,32,35,0,293
21005144330,42,75,53,53,44,35,38,33,4,371
21005144331,15,17,20,15,23,18,16,19,0,134
21005144332,16,17,20,25,17,12,22,23,0,159
21005144333,18,28,34,41,24,15,26,19,15,216
21005144334,10,16,39,26,23,14,24,25,6,186
21005144336,10,18,20,8,14,14,14,14,0,122
21005144337,15,54,41,21,34,12,21,19,3,224
21005144338,25,73,35,33,16,14,20,26,3,258
21005144339,32,67,36,34,38,29,35,29,9,295
21005144340,19,38,33,34,25,17,14,19,4,214
21005144341,28,43,27,20,31,16,23,27,5,218
21005144342,25,81,42,29,37,30,25,23,6,294
21005144343,21,63,39,28,30,21,27,32,7,267
21005144344,22,36,33,34,31,15,31,23,3,225
21005144345,22,55,38,34,26,21,20,24,3,237
21005144346,18,38,20,29,13,11,9,19,0,164
21005144347,39,75,45,40,29,18,25,15,12,295
21005144348,38,50,44,41,34,32,37,35,15,337
21005144349,23,53,48,22,37,22,26,34,12,287
21005144503,35,35,54,12,35,28,11,24,7,249
21005144505,39,36,62,12,48,41,27,16,4,285
21005144506,18,44,29,30,25,12,31,32,0,230
21005144507,9,24,11,16,19,13,9,8,3,105
21005144508,24,22,32,33,35,15,21,25,8,210
21005144509,23,44,27,30,32,17,29,14,3,219
21005144510,11,23,30,38,23,19,44,22,0,212
21005144511,17,16,23,24,15,11,23,11,0,136
21005144512,25,47,27,42,29,16,40,26,0,258
21005144513,10,18,27,21,22,16,22,9,4,148
21005144514,25,17,20,7,14,5,9,3,8,99
21005144515,17,16,32,28,20,19,18,19,13,175
21005144516,18,33,23,40,23,11,37,17,12,209
21005144517,10,33,23,32,35,15,41,31,4,224
21005144518,42,102,36,55,57,24,46,26,7,394
21005144519,28,56,30,46,36,17,36,28,3,287
21005144520,25,35,21,28,27,10,26,16,0,188
21005144521,23,44,40,44,34,28,30,32,3,268
21005144522,19,32,21,20,32,8,22,19,0,187
21005144523,12,38,24,36,29,23,23,16,7,205
21005144524,15,6,21,10,17,8,15,8,3,94
21005144525,18,59,37,51,31,24,50,29,6,314
21005144526,38,59,49,37,42,23,39,31,4,336
21005144527,19,31,29,48,22,16,36,27,11,243
21005144528,10,20,10,10,20,10,24,12,5,116
21005144529,17,28,22,21,25,9,29,13,7,175
21005144530,21,40,33,42,33,28,40,20,3,254
21005144531,18,35,12,31,24,20,30,26,0,194
21005144532,30,29,39,40,33,20,39,17,9,258
21005144533,14,20,27,16,20,9,25,9,0,142
21005144534,9,29,24,23,21,14,11,16,0,139
21005144535,11,13,13,23,19,9,28,11,3,130
21005144536,19,34,34,26,28,13,25,25,4,215
21005144537,15,23,37,35,17,8,19,21,6,179
21005144538,17,32,29,28,26,20,32,21,0,205
21005144539,7,45,18,16,21,9,21,11,3,150
21005144540,3,22,21,14,21,6,14,18,0,120
21005144541,17,29,36,25,24,23,27,14,3,188
21005144542,10,13,9,4,0,10,8,10,0,55
21005144543,10,21,22,12,22,10,20,21,7,144
21005144544,9,25,20,14,19,12,18,19,5,143
21005144545,18,62,32,37,40,23,27,38,9,278
21005144546,15,28,29,30,19,14,43,17,4,197
21005144547,19,29,21,24,30,18,29,32,0,201
21005144548,12,20,27,27,13,11,27,15,3,153
21005144549,22,21,21,15,21,17,10,15,0,154
21005144550,31,58,43,31,36,16,28,32,5,273
21005144551,16,39,41,58,26,25,26,16,4,256
21005144552,20,50,44,33,35,14,60,20,7,293
21005144553,22,26,28,26,31,8,33,17,3,191
21005144554,27,51,41,43,37,23,41,38,3,298
21005144555,37,51,47,55,50,38,53,41,7,387
21005154201,21,23,32,24,20,9,28,21,3,190
21005154202,24,62,32,33,36,22,31,22,3,263
21005154203,20,40,24,23,29,19,20,21,4,199
21005154204,17,35,31,30,28,22,26,15,8,210
21005154205,27,77,41,51,31,18,31,27,9,306
21005154206,8,31,25,29,20,14,33,17,4,174
21005154207,21,26,20,26,27,8,30,25,8,201
21005154208,13,32,39,29,26,13,31,29,13,219
21005154209,15,43,33,51,25,13,24,24,11,241
21005154210,11,17,25,30,21,12,24,29,0,176
21005154211,20,41,28,34,22,13,32,36,0,234
21005154212,20,34,21,12,27,11,20,12,0,156
21005154213,13,39,20,26,18,3,19,16,4,154
21005154214,17,35,32,41,35,13,35,27,9,246
21005154215,32,38,36,42,23,27,27,18,4,242
21005154216,15,33,18,27,15,18,25,22,10,178
21005154217,19,36,19,19,28,19,19,17,0,178
21005154218,27,41,43,38,28,30,21,28,3,264
21005154219,19,36,20,15,18,9,24,15,0,160
21005154220,23,41,34,59,14,12,31,30,4,250
21005154301,14,75,37,36,35,35,31,27,5,291
21005154302,16,47,42,33,26,18,18,26,3,237
21005154303,14,29,31,22,15,7,23,32,4,179
21005154304,25,47,29,25,39,21,25,24,5,234
21005154305,23,56,23,29,37,22,19,21,3,231
21005154306,0,0,0,0,0,0,0,0,0,0
21005154307,23,42,30,24,28,20,37,28,5,239
21005154308,6,34,22,25,22,15,24,19,9,166
21005154309,19,55,38,36,29,25,44,29,9,268
21005154310,12,15,20,17,8,4,13,10,0,106
21005154311,13,44,14,23,22,11,21,14,3,157
21005154312,18,28,37,31,24,21,27,29,3,208
21005154313,19,27,19,29,17,18,16,16,5,172
21005154314,27,42,34,28,28,15,33,42,5,263
21005154315,19,30,41,35,22,18,20,31,0,219
21005154316,19,34,30,26,27,14,28,18,0,202
21005154317,29,48,35,32,43,17,31,33,7,265
21005154318,32,37,42,35,33,26,33,27,10,263
21005154319,13,38,37,34,30,8,25,27,4,214
21005154320,10,32,25,27,22,22,21,22,7,188
21005154321,27,65,31,36,31,23,18,26,6,259
21005154322,0,0,3,0,0,0,0,0,0,11
21005154323,34,64,41,43,44,18,42,41,7,340
21005154324,27,56,38,40,45,16,44,41,3,316
21005154325,15,43,27,30,36,21,18,21,0,205
21005154401,12,34,18,16,13,23,21,28,0,160
21005154402,15,37,28,15,33,15,18,25,6,194
21005154403,7,29,29,25,23,12,17,33,3,184
21005154404,13,21,24,13,18,15,7,16,0,132
21005154405,11,33,24,29,13,11,9,21,0,159
21005154406,0,0,0,0,0,0,0,0,0,6
21005154407,27,48,29,30,42,18,25,18,10,240
21005154408,11,16,24,17,15,9,18,13,0,129
21005154409,8,28,27,29,18,22,27,16,0,176
21005154410,17,21,29,16,27,15,22,23,3,167
21005154411,13,32,19,21,18,9,19,21,7,146
21005154412,8,20,17,16,20,12,12,29,5,140
21005154413,7,24,25,19,20,7,12,23,5,144
21005154414,6,28,22,16,16,18,9,16,3,140
21005154415,11,21,33,14,20,23,20,16,4,170
21005154416,20,43,21,19,32,17,17,17,5,185
21005154417,13,29,39,19,23,18,24,11,4,190
21005154418,16,37,26,19,25,23,10,21,5,189
21005154419,9,21,25,20,21,10,18,15,0,143
21005154420,9,18,11,10,10,7,11,7,0,96
21005154421,19,28,33,24,22,24,17,16,4,188
21005154422,9,10,15,10,13,7,9,12,6,91
21005154423,19,30,24,22,13,19,17,14,3,165
21005154424,11,36,34,23,30,25,40,27,0,223
21005154501,9,16,12,20,12,9,17,14,6,112
21005154502,19,27,31,22,26,15,24,28,7,206
21005154503,10,26,15,16,15,16,17,22,0,120
21005154504,13,27,32,25,28,11,23,36,9,202
21005154505,19,34,16,19,20,22,18,22,0,171
21005154506,9,30,33,20,20,10,11,22,7,160
21005154507,15,32,35,30,23,24,21,18,12,209
21005154508,10,26,7,19,14,13,14,20,0,125
21005154509,10,13,11,8,12,8,9,14,5,85
21005154510,22,35,34,28,17,20,23,31,12,211
21005154511,10,13,18,27,21,14,15,24,8,144
21005154512,4,31,22,30,31,14,22,23,4,179
21005154513,12,37,33,24,25,17,7,21,6,170
21005154514,27,33,36,23,23,31,23,30,11,243
21005154515,10,17,14,16,11,9,14,17,5,111
21005154516,18,26,27,33,20,20,19,27,6,179
21005154517,6,3,0,3,0,0,0,4,0,25
21005154518,0,0,0,0,3,0,3,0,0,7
21005154519,14,24,33,35,15,20,24,24,10,196
21005154520,15,32,41,28,17,28,32,24,17,235
21005154521,17,29,19,16,12,14,12,9,3,126
21005154522,8,21,21,14,15,23,17,17,0,132
21005154523,17,30,24,27,21,18,11,23,4,165
21005154524,11,32,19,12,18,14,18,13,5,145
21005154525,5,23,17,23,16,9,9,21,6,131
21005154526,11,28,26,21,13,15,16,18,13,168
21005154527,16,38,27,12,14,14,11,27,5,171
21005154528,12,23,22,7,11,11,13,28,0,123
21005154529,10,25,20,25,17,13,10,17,7,144
21005154530,13,20,15,16,13,11,20,16,10,139
21005154531,3,17,10,16,19,14,14,20,8,120
21005154532,10,26,17,21,20,24,25,25,0,169
21101125101,16,24,18,12,17,3,8,11,0,106
21101125102,27,40,28,22,28,17,11,19,0,188
21101125103,18,24,25,34,25,24,10,14,6,182
21101125104,21,25,44,21,26,17,15,21,0,190
21101125105,27,56,41,24,43,15,17,30,3,258
21101125106,40,99,50,55,53,34,27,32,14,405
21101125107,50,98,41,33,41,30,19,33,8,346
21101125108,17,38,23,20,8,10,5,14,3,137
21101125109,33,82,43,43,44,29,26,34,6,339
21101125110,37,93,35,54,55,21,18,36,8,351
21101125111,13,37,36,26,14,11,15,27,6,190
21101125112,37,84,65,56,52,33,22,30,4,378
21101125113,26,63,37,22,35,23,11,13,4,229
21101125114,38,69,44,33,43,29,22,30,3,319
21101125115,21,49,40,18,25,27,17,23,0,220
21101125116,14,27,25,28,26,17,13,18,0,180
21101125117,10,37,24,20,10,16,7,10,4,147
21101125118,29,44,47,24,44,33,19,28,10,273
21101125119,14,36,32,20,23,11,11,16,3,169
21101125120,55,142,81,64,73,39,41,66,18,566
21101125121,25,49,30,29,23,19,18,15,7,219
21101125122,4,0,8,0,0,0,3,0,0,16
21101125123,16,39,26,25,16,11,12,24,8,172
21101125124,24,55,42,28,35,14,14,19,3,237
21101125125,12,18,20,11,14,7,14,17,0,100
21101125126,9,28,23,13,22,9,5,18,5,135
21101125127,24,36,23,17,18,14,11,12,4,152
21101125128,10,42,26,23,25,11,14,18,9,175
21101125401,36,43,32,27,31,14,15,27,4,232
21101125402,36,57,36,24,36,23,24,24,5,259
21101125403,31,90,45,39,50,24,20,25,0,326
21101125404,15,47,33,27,29,14,9,19,3,194
21101125405,30,55,25,19,32,22,10,14,3,219
21101125406,23,60,45,28,35,25,19,23,3,266
21101125407,3,0,0,0,0,0,0,0,0,8
21101125408,25,28,35,27,28,13,20,23,8,212
21101125409,34,65,20,24,41,27,11,20,6,247
21101125410,28,52,23,18,37,20,4,16,0,200
21101125411,38,57,29,31,34,26,15,19,6,244
21101125412,15,31,16,9,25,7,5,0,0,106
21101125413,45,67,28,22,50,25,11,18,4,271
21101125414,35,71,36,15,28,25,21,27,0,266
21101125415,23,46,39,31,28,26,16,17,3,229
21101125416,45,114,33,33,40,31,17,24,6,351
21101125417,9,52,31,17,28,17,15,14,4,196
21101125418,0,0,0,0,0,0,0,0,0,0
21101125419,37,79,48,39,39,21,19,29,0,306
21101125420,41,74,45,30,42,26,30,19,3,304
21101125421,34,64,36,28,41,29,17,23,0,278
21101125422,29,52,52,32,37,30,10,25,5,271
21101125423,20,42,19,17,22,11,6,15,5,148
21101125424,35,46,33,9,21,21,14,22,7,217
21101125425,31,64,24,22,31,15,10,19,3,215
21101125426,0,0,0,0,0,0,0,0,0,0
21101125428,16,42,28,30,21,13,12,14,7,183
21101125429,30,67,44,25,48,27,15,19,7,291
21101125430,33,73,33,41,40,17,20,29,8,290
21101125431,30,55,51,47,42,38,12,30,3,308
21101125432,13,33,12,6,14,5,0,6,9,98
21101125433,19,31,20,10,21,13,6,16,4,148
21101125434,16,46,21,32,27,25,8,14,7,186
21101125435,41,68,18,15,32,21,10,4,0,215
21101125436,69,125,25,18,48,35,5,24,8,354
21101125437,46,94,27,31,38,25,7,11,5,282
21101125438,59,96,27,26,46,32,7,12,8,315
21101125439,41,82,23,13,33,22,9,12,7,240
21101125501,52,55,38,20,36,30,4,14,4,251
21101125502,33,50,39,20,28,34,12,16,4,224
21101125503,40,48,42,23,49,34,10,15,5,252
21101125505,29,64,44,24,42,14,10,12,0,240
21101125506,52,68,35,27,38,42,10,22,5,295
21101125507,64,83,47,23,55,44,14,13,4,346
21101125508,42,28,16,14,30,25,8,10,5,186
21101125509,46,26,21,18,29,21,7,3,0,169
21101125510,37,50,44,19,47,26,10,17,0,251
21101125511,29,17,16,8,18,6,6,9,0,100
21101125512,42,51,66,24,58,33,24,22,9,326
21101125513,40,49,34,17,41,21,6,7,5,219
21101125514,26,33,27,26,31,16,7,20,3,200
21101125515,33,54,21,12,32,23,7,3,3,185
21101125516,27,39,31,17,36,23,5,7,5,178
21101125517,42,54,23,17,42,22,6,6,4,222
21101125518,23,32,30,19,37,18,5,12,0,181
21101125601,20,25,10,6,21,12,4,13,0,116
21101125602,19,43,22,23,34,21,12,19,5,203
21101125603,27,43,37,22,27,23,6,13,5,201
21101125604,20,42,34,20,15,19,11,15,0,174
21101125605,32,61,43,24,52,29,25,15,3,290
21101125606,33,32,19,22,33,17,16,16,0,184
21101125607,28,80,26,15,35,17,6,12,3,219
21101125608,31,69,45,25,37,34,18,22,3,284
21101125609,39,55,53,25,25,26,14,20,4,267
21101125610,30,40,37,22,28,25,7,17,4,205
21101125611,35,42,20,15,18,25,10,9,5,181
21101125612,27,60,27,24,42,23,8,19,0,229
21101125613,25,58,24,27,36,14,13,17,3,211
21101125614,30,41,30,22,26,15,3,10,5,177
21101125615,12,22,13,5,20,11,9,4,0,98
21101125616,37,69,33,28,37,39,24,30,12,306
21101125617,14,35,22,16,11,8,7,12,3,124
21101125618,28,32,28,17,22,12,5,14,3,162
21101125619,27,56,36,26,43,29,22,18,11,268
21101125620,17,53,31,21,34,30,17,20,0,223
21101125621,29,78,34,31,38,20,12,30,0,281
21101125622,50,68,25,13,37,22,11,14,3,242
21101125623,0,0,0,4,0,0,0,0,0,7
21101125624,40,59,37,31,41,24,22,24,7,282
21101125625,24,63,35,16,40,29,10,10,4,232
21101125626,42,62,15,29,43,32,8,28,8,270
21101125627,50,60,44,25,52,26,4,22,4,293
21101125628,11,29,24,3,24,8,8,5,0,111
21101125629,39,68,44,20,43,29,10,18,13,288
21101125630,32,46,42,29,53,25,23,20,5,269
21101125631,20,34,21,16,24,14,7,10,0,160
21101125632,30,53,28,21,45,28,15,20,7,250
21101125633,36,57,56,19,30,25,20,12,4,252
21101125634,20,26,34,11,23,14,3,7,4,148
21101125635,62,148,64,51,68,52,23,29,8,503
21101125636,19,33,15,18,8,14,6,18,0,139
21101125637,23,31,29,18,21,15,8,16,0,157
21101125638,24,34,19,17,27,10,14,13,4,153
21101125639,22,22,18,9,14,5,7,9,0,109
21101125701,0,0,0,0,0,0,0,0,0,0
21101125702,53,56,25,27,33,34,9,25,0,263
21101125703,53,82,52,32,57,34,15,33,5,368
21101125704,53,88,44,22,63,41,12,12,13,349
21101125705,36,73,30,18,42,25,10,11,0,243
21101125706,35,64,35,15,25,24,16,17,0,229
21101125707,36,57,22,20,32,28,4,13,4,221
21101125708,59,58,48,20,47,32,12,26,7,306
21101125709,30,38,31,19,30,22,7,10,0,192
21101125710,39,55,42,24,47,33,15,7,8,278
21101125711,39,52,35,24,45,23,14,19,0,255
21101125712,28,72,51,14,55,24,16,19,5,279
21101125713,19,29,10,8,19,13,9,11,5,112
21101125714,44,72,38,35,47,27,18,15,4,299
21101125715,39,49,23,20,33,19,14,22,6,218
21101125716,41,53,33,27,30,18,10,13,0,225
21101125717,3,4,0,0,0,0,0,0,0,10
21101125718,30,55,46,12,39,24,6,16,3,241
21101125719,24,27,27,11,22,9,11,11,3,141
21101125801,0,0,0,0,0,0,0,0,0,0
21101125802,0,0,0,0,0,0,0,0,0,6
21101125803,39,49,31,16,51,25,6,12,3,231
21101125804,27,40,33,9,31,12,11,9,0,174
21101125805,41,66,40,31,36,36,15,16,14,297
21101125806,43,45,36,22,43,21,10,13,6,250
21101125807,42,73,38,20,65,41,7,17,4,308
21101125808,0,0,0,0,0,0,0,0,0,0
21101125809,20,32,21,18,22,21,7,7,0,149
21101125810,30,50,43,25,35,24,8,12,4,226
21101125811,32,28,21,17,33,15,8,7,5,161
21101125812,30,62,41,22,37,17,13,26,3,253
21101125813,41,78,39,17,45,28,12,28,6,293
21101125814,36,67,26,22,34,29,14,23,9,257
21101125815,38,53,27,13,40,24,15,22,0,232
21101125816,34,61,42,21,43,25,20,20,3,276
21101125817,32,48,35,33,33,27,12,19,5,244
21101125818,12,35,13,18,24,20,15,3,0,140
21101125819,30,48,34,35,45,37,17,16,6,267
21101125820,30,24,18,8,19,11,11,6,0,130
21101125821,36,40,15,20,38,15,9,19,0,197
21101125822,45,67,17,26,32,33,19,14,15,262
21101125823,34,62,27,29,29,33,9,22,3,246
21101125824,43,87,47,26,53,29,16,25,4,333
21101125825,18,42,22,10,17,16,12,18,8,164
21101125826,34,60,36,31,45,16,16,10,0,244
21101125827,36,35,28,19,24,8,4,19,4,172
21101125828,33,50,34,8,29,28,7,21,8,223
21101125901,35,83,32,27,43,15,16,13,4,271
21101125902,19,31,27,11,17,17,7,5,5,134
21101125903,24,45,21,10,31,24,6,7,0,172
21101125904,20,34,25,14,24,10,9,13,4,150
21101125905,16,50,28,18,25,14,4,14,9,184
21101125906,42,52,20,23,32,26,10,19,6,236
21101125907,19,58,24,21,27,21,7,19,4,206
21101125908,19,48,41,18,26,19,5,20,4,197
21101125909,37,71,40,29,35,22,15,33,0,284
21101125910,16,39,20,18,29,16,4,3,4,154
21101125911,33,46,16,17,28,24,3,11,4,190
21101125912,34,73,25,22,43,16,12,12,3,240
21101125913,36,92,33,15,38,19,10,16,0,262
21101125914,18,49,27,11,19,10,14,14,5,169
21101125915,29,48,35,20,34,26,18,14,6,227
21101125916,40,69,10,8,24,8,0,5,0,171
21101125917,20,30,17,8,11,11,6,3,4,105
21101125918,11,39,20,10,19,17,9,13,9,149
21101125919,19,35,22,18,29,23,0,12,7,154
21101125920,20,54,16,15,31,16,9,11,0,177
21101125921,20,37,22,17,19,13,10,14,0,146
21101125922,29,51,25,19,24,22,15,12,6,203
21101125923,35,62,27,25,21,17,9,17,3,215
21101125924,0,0,0,0,0,0,0,0,0,0
21101125925,19,51,22,17,27,20,5,12,5,170
21101125926,21,34,31,19,15,9,14,15,4,158
21101125927,28,73,21,22,37,22,14,22,0,253
21101125928,0,0,0,0,0,0,0,0,0,0
21101125929,40,80,28,28,45,34,10,27,7,296
21101125930,33,60,27,20,28,20,6,17,4,209
21101125931,19,45,20,13,25,17,11,13,9,175
21101125932,24,36,15,19,9,23,10,15,0,152
21101125933,11,38,21,24,22,14,14,19,3,161
21101125934,19,29,19,3,19,4,6,4,0,108
21101125935,20,75,34,15,17,16,3,11,4,189
21101125936,11,55,32,26,29,22,15,22,3,221
21101125937,14,43,9,21,12,14,9,10,6,141
21101125938,17,25,16,10,15,12,6,7,0,111
21101126001,0,0,0,0,0,0,0,0,0,0
21101126002,21,32,18,10,27,17,7,16,0,146
21101126003,0,0,0,0,0,0,0,0,0,0
21101126004,30,38,24,19,14,21,13,3,8,172
21101126005,24,41,43,14,40,17,19,17,6,219
21101126006,0,9,0,0,3,0,0,0,0,11
21101126007,49,93,27,26,48,21,4,12,8,289
21101126008,31,68,27,20,28,16,12,10,0,205
21101126009,31,37,12,22,32,20,3,21,0,183
21101126010,36,50,14,8,38,17,4,15,3,190
21101126011,29,57,15,15,28,20,7,15,0,188
21101126012,31,59,21,7,18,18,6,3,3,168
21101126013,33,86,28,29,37,29,8,4,4,267
21101126014,33,60,40,22,27,25,17,18,12,247
21101126015,26,81,34,16,50,26,15,12,3,267
21101126016,27,58,40,39,45,18,8,18,8,257
21101126017,20,36,21,15,23,16,10,10,0,147
21101126018,28,63,23,29,26,28,11,20,10,241
21101126019,22,59,33,20,22,27,12,18,10,213
21101126020,21,38,21,10,22,16,11,9,3,152
21101126021,18,23,11,8,12,7,5,11,0,91
21101126022,54,91,28,32,35,24,8,14,9,287
21101126023,21,77,26,14,46,16,3,23,8,229
21101126024,0,0,0,0,0,0,0,0,0,6
21101126025,18,27,16,10,25,12,10,12,4,134
21101126026,15,51,19,13,25,19,7,17,5,171
21101126027,23,67,14,7,23,17,9,15,0,178
21101126028,24,41,31,28,28,15,9,17,5,195
21101126029,31,63,19,30,37,35,9,16,3,239
21101126030,16,47,23,15,20,18,8,21,0,169
21101126031,21,57,12,17,33,26,9,15,5,187
21101126032,29,50,18,13,22,21,5,11,6,163
21101126033,27,82,17,31,40,30,17,14,5,267
21101126034,27,79,16,33,30,17,8,11,0,218
21101126035,36,54,23,24,34,28,9,18,5,219
21101126036,37,51,23,27,34,16,7,8,0,202
21101126037,20,46,8,21,14,5,9,7,0,134
21101126038,29,56,26,27,55,19,6,22,0,240
21101126039,19,41,9,9,25,14,5,13,0,144
21101126040,26,59,29,25,42,23,10,29,3,250
21101126041,38,64,52,29,47,29,25,21,0,313
21101126042,28,58,16,14,27,26,7,14,12,193
21101126043,13,50,12,20,25,16,11,14,3,174
21101126044,26,69,14,13,29,13,4,11,8,192
21101126045,44,57,14,9,36,15,4,8,3,189
21101126046,23,62,15,24,28,20,6,15,0,197
21101126047,30,46,15,19,20,20,7,14,6,186
21101144601,38,88,55,48,49,30,29,28,3,367
21101144602,12,38,23,30,27,18,16,20,9,190
21101144603,23,67,27,24,37,15,11,14,3,227
21101144604,37,64,36,27,34,25,9,23,3,245
21101144605,40,80,37,30,50,14,11,22,0,287
21101144606,26,32,31,10,24,21,10,22,3,186
21101144607,41,97,69,56,65,46,21,29,4,433
21101144608,34,60,55,38,44,37,25,22,3,317
21101144609,12,34,30,17,32,16,20,16,0,172
21101144610,11,40,30,23,27,14,10,21,6,178
21101144611,34,62,35,22,34,21,17,20,5,246
21101144612,17,30,47,24,24,14,11,21,7,187
21101144613,27,53,44,33,37,26,13,27,9,260
21101144614,13,24,29,19,25,15,10,22,0,167
21101144615,17,31,30,21,20,13,15,15,3,168
21101144616,24,40,25,31,22,19,19,15,3,206
21101144617,24,72,39,37,35,23,22,28,5,278
21101144618,23,63,55,43,38,13,15,16,9,265
21101144619,16,45,29,25,23,20,7,11,3,182
21101144620,40,87,50,48,40,18,22,29,8,347
21101144621,20,45,40,31,34,21,21,22,6,231
21101144622,25,60,57,25,35,9,12,26,9,257
21101144623,30,62,28,23,49,15,17,22,5,247
21101144624,29,52,36,22,17,25,11,15,3,220
21101144625,28,54,43,45,42,24,15,32,5,292
21101144626,18,29,18,11,21,19,8,9,0,137
21101144627,23,33,23,17,19,26,9,15,0,163
21101144628,7,18,23,16,10,17,19,14,0,119
21101144629,10,20,33,26,20,11,13,19,0,151
21101144630,52,86,54,37,64,30,22,33,8,378
21101144631,21,33,22,19,26,13,8,17,3,158
21101144632,16,49,37,18,30,25,13,26,0,213
21101144633,40,55,45,16,23,21,15,9,0,226
21101144634,28,45,61,23,31,25,17,28,0,252
21101144635,20,34,29,17,36,10,16,19,3,184
21101144636,33,59,31,41,45,23,15,26,3,285
21101144637,14,29,15,8,13,22,11,9,0,126
21101144638,8,48,28,24,28,14,11,16,0,185
21101144639,22,32,28,13,23,12,8,15,0,143
21101144640,7,7,3,3,8,0,3,0,0,36
21101144641,30,60,40,34,38,30,18,33,4,284
21101144642,24,64,37,28,41,21,17,27,6,263
21101144643,16,46,26,16,21,14,11,13,0,164
21101144644,20,42,37,26,23,11,7,19,7,193
21101144645,27,65,73,32,54,29,10,31,0,320
21101144646,28,56,43,28,35,23,15,26,4,251
21101144647,21,25,29,23,21,10,0,10,0,142
21101144648,11,29,20,10,10,8,7,16,10,117
21101144649,24,52,27,28,25,20,11,15,6,216
21101144650,22,84,52,33,62,30,16,23,5,329
21101144651,0,0,0,0,0,0,0,0,0,4
21101144652,25,32,29,24,19,14,10,14,4,168
21101144653,38,52,39,33,40,27,16,24,3,272
21101144654,10,26,26,5,12,16,3,9,0,109
21101144701,25,53,35,40,28,18,13,22,0,239
21101144702,40,64,28,39,38,29,26,36,3,299
21101144703,28,69,61,33,52,23,15,40,5,323
21101144704,24,54,39,20,27,14,9,16,3,199
21101144705,38,59,65,30,40,34,25,39,4,335
21101144706,36,48,52,34,39,25,26,32,8,300
21101144707,30,63,30,35,42,27,24,21,6,274
21101144708,35,72,58,24,38,35,18,11,3,290
21101144709,38,53,46,19,38,19,16,22,6,254
21101144710,31,58,42,29,31,22,14,12,10,241
21101144711,18,31,23,22,18,6,25,7,0,159
21101144712,39,64,52,28,34,25,5,32,9,281
21101144713,13,37,23,17,16,12,15,7,6,142
21101144714,17,28,13,16,22,13,10,11,0,132
21101144715,27,60,41,38,39,24,15,27,5,281
21101144716,28,66,32,20,23,16,13,16,0,223
21101144717,30,48,54,26,39,19,12,32,3,260
21101144718,28,44,33,27,23,28,9,10,0,202
21101144719,58,96,50,41,39,23,23,16,6,351
21101144720,23,39,37,26,36,29,21,18,0,237
21101144721,18,44,36,19,22,20,24,27,5,217
21101144722,20,41,35,18,20,9,8,19,3,165
21101144723,22,47,33,23,23,11,7,6,0,163
21101144724,30,52,38,22,37,21,17,24,8,251
21101144725,17,38,22,11,29,4,8,9,0,130
21101144726,11,54,28,26,17,13,6,13,0,165
21101144727,29,43,24,20,21,16,11,21,8,201
21101144728,54,69,65,34,43,26,22,23,9,339
21101144729,21,42,28,23,19,9,11,12,0,168
21101144730,18,36,24,22,26,17,15,13,0,176
21101144801,19,55,54,26,28,20,15,23,5,243
21101144802,31,54,60,35,35,20,18,28,4,292
21101144803,20,40,32,15,12,10,13,10,4,167
21101144804,27,41,25,16,22,20,6,18,3,189
21101144805,24,43,36,23,39,23,23,27,0,243
21101144806,36,73,34,27,46,13,8,15,5,260
21101144807,31,63,28,23,53,24,9,15,6,260
21101144808,7,20,20,18,25,17,12,16,8,141
21101144809,32,61,52,23,47,28,23,29,4,293
21101144810,34,56,43,42,50,23,16,14,9,277
21101144811,29,50,28,19,29,25,16,18,7,230
21101144812,26,52,48,19,39,21,21,26,7,255
21101144813,42,77,37,32,35,25,14,23,10,292
21101144814,20,26,38,24,26,15,13,18,7,181
21101144815,37,41,50,33,46,27,16,25,3,272
21101144816,18,40,42,22,30,21,13,21,7,205
21101144817,35,61,48,32,42,22,8,19,6,274
21101144818,29,73,46,41,36,25,21,27,5,295
21101144819,16,34,17,19,23,12,4,13,0,146
21101144820,26,32,34,23,31,20,12,30,3,208
21101144821,37,46,37,26,32,19,12,19,3,227
21101144822,19,37,22,21,14,16,11,15,4,158
21101144823,27,52,20,20,22,9,10,15,3,168
21101144824,60,65,55,41,70,40,17,27,4,379
21101144825,33,48,31,18,46,30,7,10,3,232
21101144826,39,85,56,39,42,24,22,19,5,341
21101144827,25,41,40,19,57,17,12,15,4,230
21101144828,31,29,25,24,31,23,12,22,7,213
21101144829,29,76,39,34,47,28,19,29,4,322
21101144830,38,47,45,38,44,31,17,18,3,276
21101144831,0,0,0,0,0,0,0,0,0,0
21101144832,27,57,48,35,36,22,18,22,8,278
21101144833,16,53,49,29,30,22,10,21,4,230
21101144834,20,24,24,12,28,18,10,10,6,147
21101144835,14,18,24,20,19,26,15,13,3,156
21101144901,45,47,56,20,38,35,17,17,3,278
21101144902,50,66,56,35,47,29,16,20,8,324
21101144903,39,63,63,41,44,31,18,27,9,341
21101144904,32,47,38,23,38,17,6,28,3,238
21101144905,46,53,64,33,51,31,15,31,7,326
21101144906,54,87,59,32,40,23,12,32,5,335
21101144907,24,44,39,25,44,22,19,16,4,232
21101144908,39,41,32,36,34,16,15,19,6,237
21102126101,40,80,32,14,36,28,8,37,3,270
21102126102,33,74,31,19,35,25,7,18,15,251
21102126103,58,129,33,25,56,34,12,16,10,368
21102126104,62,69,34,20,29,21,7,11,7,258
21102126105,55,66,19,10,18,18,0,15,0,200
21102126106,24,40,25,13,24,17,12,13,8,180
21102126107,19,45,8,14,16,12,9,3,0,131
21102126108,53,98,40,38,52,36,13,16,6,355
21102126109,23,39,5,5,17,10,6,8,3,122
21102126110,40,43,12,15,21,22,3,11,5,159
21102126111,32,73,16,13,40,14,15,13,0,222
21102126112,50,66,26,18,26,18,9,8,4,231
21102126113,20,33,16,7,19,15,7,6,4,129
21102126114,44,56,21,20,25,21,5,10,3,195
21102126115,39,39,21,14,24,11,7,13,7,157
21102126116,44,77,21,22,31,29,6,8,0,240
21102126117,28,67,24,20,23,9,5,12,0,191
21102126118,20,46,15,13,14,12,0,5,4,121
21102126119,31,59,17,20,38,26,5,15,0,213
21102126120,25,41,14,6,13,6,3,6,0,111
21102126121,46,88,26,28,40,23,4,12,0,262
21102126122,18,42,11,9,11,17,3,5,0,116
21102126123,10,24,14,10,8,9,0,7,0,88
21102126124,27,50,15,13,17,19,0,8,7,151
21102126125,69,81,18,28,48,31,5,16,5,302
21102126126,54,64,27,7,42,24,8,7,0,229
21102126127,67,97,18,18,40,30,3,13,0,296
21102126128,39,43,20,15,27,14,7,12,0,173
21102126129,37,89,16,29,33,22,5,19,4,266
21102126130,52,78,17,18,27,28,0,8,4,243
21102126131,43,67,26,22,25,20,0,12,0,221
21102126132,47,53,22,21,29,22,4,10,0,206
21102126133,65,85,31,36,63,40,6,16,0,353
21102126134,51,42,20,20,17,13,3,7,0,176
21102126135,28,46,14,14,23,17,3,8,3,166
21102126136,13,37,7,11,25,12,0,8,0,114
21102126137,20,37,7,13,18,9,0,4,0,108
21102126138,28,64,12,7,21,24,7,10,3,178
21102126139,25,52,18,32,33,18,11,13,4,204
21102126201,27,35,18,19,25,15,0,12,3,156
21102126202,23,30,15,15,6,10,5,8,0,104
21102126203,47,30,26,11,26,20,8,6,3,181
21102126204,58,61,40,19,50,17,3,17,5,268
21102126205,37,66,27,26,19,21,8,12,0,211
21102126206,25,45,14,13,13,6,0,4,3,124
21102126207,18,47,6,12,13,10,5,10,0,114
21102126208,49,62,17,17,30,16,8,15,0,206
21102126209,33,44,16,10,14,18,0,10,7,149
21102126210,68,73,24,15,47,22,4,8,9,276
21102126211,31,27,9,3,17,15,0,6,0,113
21102126212,27,17,13,10,12,9,0,9,0,97
21102126213,40,63,24,25,14,7,5,15,4,199
21102126214,34,70,12,18,24,19,4,4,3,188
21102126215,48,41,10,10,17,16,0,10,3,157
21102126216,41,48,29,21,18,15,6,13,3,185
21102126217,37,31,23,15,29,14,3,14,0,156
21102126218,23,37,24,9,15,9,0,6,0,115
21102126219,17,21,18,12,13,5,3,10,0,100
21102126220,28,34,37,26,26,35,7,11,0,206
21102126221,32,65,49,24,47,22,9,22,3,265
21102126222,35,55,20,10,22,13,0,5,0,172
21102126223,14,36,22,6,14,10,0,6,6,121
21102126224,43,44,23,21,22,14,3,13,0,181
21102126225,26,31,24,11,28,11,7,10,9,150
21102126226,46,35,15,14,24,11,0,8,6,152
21102126227,51,58,39,21,21,21,5,19,3,243
21102126228,39,39,17,19,24,11,0,8,0,164
21102126229,47,37,31,24,26,20,3,12,4,192
21102126230,39,49,13,10,18,18,5,5,0,157
21102126231,19,41,13,5,25,19,3,8,4,135
21102126232,35,49,30,20,19,19,0,15,3,185
21103126301,33,74,44,29,54,28,35,29,3,322
21103126302,21,61,50,34,52,20,18,29,4,284
21103126303,23,49,33,22,29,16,14,19,4,206
21103126304,27,50,19,12,19,14,5,15,0,156
21103126305,26,37,28,29,20,19,15,13,8,195
21103126306,25,65,42,34,20,18,10,18,6,243
21103126307,21,51,27,14,25,18,8,19,5,183
21103126308,22,34,26,20,24,16,5,16,0,168
21103126309,15,57,19,25,19,8,3,16,0,170
21103126310,15,29,31,9,22,6,9,18,0,134
21103126311,31,56,60,32,39,25,16,34,3,290
21103126312,21,39,38,17,28,20,9,22,5,193
21103126313,25,25,30,16,16,11,0,13,0,139
21103126314,15,35,35,28,29,29,11,13,6,200
21103126315,16,31,32,20,24,12,13,17,4,165
21103126316,29,40,29,15,18,13,9,7,0,169
21103126317,31,55,47,28,38,24,23,27,11,285
21103126318,29,40,48,29,45,26,17,34,9,273
21103126319,32,41,56,37,59,35,20,39,5,320
21103126320,20,38,35,17,23,15,25,23,6,205
21103126321,5,26,25,15,21,12,3,14,0,116
21103126322,22,33,24,22,28,11,12,13,0,166
21103126323,37,54,74,25,53,47,21,28,0,339
21103126324,23,34,43,14,49,21,9,9,3,216
21103126325,33,72,40,39,42,30,21,25,3,318
21103126326,32,43,37,45,27,23,20,31,3,261
21103126327,0,0,0,0,0,0,0,0,0,0
21103126328,0,0,0,0,0,0,0,0,0,0
21103126329,28,66,37,25,32,17,13,24,0,247
21103126330,35,32,56,36,41,29,14,36,3,293
21103126501,36,60,46,23,32,23,14,21,3,268
21103126502,25,40,15,22,22,15,15,23,4,180
21103126503,17,45,31,21,38,10,4,12,4,185
21103126504,25,53,35,21,22,11,4,9,9,194
21103126505,28,68,30,22,38,16,14,18,0,240
21103126506,37,56,25,16,36,20,3,17,0,211
21103126507,39,62,34,24,30,14,11,17,4,239
21103126508,45,80,27,20,47,28,4,16,4,271
21103126509,47,78,36,22,53,25,12,12,7,288
21103126510,29,60,37,27,30,22,5,13,9,239
21103126511,43,55,40,29,46,26,9,18,4,266
21103126512,38,96,51,37,39,25,13,24,0,325
21103126513,50,98,52,43,54,34,18,24,8,371
21103126514,54,57,57,36,37,48,6,12,8,314
21103126515,44,51,33,43,37,21,9,14,7,255
21103126516,24,34,24,17,27,13,3,11,0,154
21103126517,29,61,28,19,30,23,4,14,4,218
21103126518,34,44,28,22,23,23,8,14,0,198
21103126519,43,61,27,25,38,26,3,14,3,252
21103126520,38,82,46,27,49,25,12,10,6,297
21103126521,21,28,13,14,18,10,0,7,0,116
21103126522,27,29,14,14,13,10,3,4,0,113
21103126523,50,82,33,31,62,28,0,11,3,317
21103126524,49,80,41,16,35,24,4,8,0,253
21103126525,45,65,34,17,39,25,0,15,3,260
21103126526,15,54,26,20,26,19,8,6,6,184
21103126527,21,29,30,24,23,20,8,16,0,175
21103126528,32,36,22,9,35,16,3,4,9,172
21103126529,70,78,23,35,48,29,6,10,10,305
21103126530,39,51,32,18,25,21,4,12,0,207
21103126531,49,77,45,27,53,33,6,15,3,306
21103126532,47,69,32,26,28,32,6,19,0,260
21103126533,27,53,39,29,35,23,6,9,3,229
21103126534,32,41,26,20,26,24,0,6,3,187
21103126535,32,62,35,29,40,25,15,16,4,254
21103126536,18,44,12,16,24,8,3,10,0,126
21103126537,16,61,21,15,25,7,3,10,3,162
21103126538,15,32,13,10,22,16,0,12,0,119
21103126539,42,65,32,27,36,27,3,16,4,246
21103126540,20,19,22,26,17,9,0,8,0,120
21103126541,30,50,30,29,47,12,10,13,10,217
21103126542,22,33,23,9,16,13,7,5,0,129
21103126543,35,42,20,21,26,20,7,14,3,185
21103126544,55,78,37,22,42,34,11,9,0,295
21103126601,14,45,22,20,23,9,5,8,3,154
21103126602,27,53,18,22,27,10,8,18,3,185
21103126603,0,0,0,0,0,0,0,0,0,6
21103126604,0,0,0,3,0,0,0,0,0,7
21103126605,0,0,0,0,0,0,0,0,0,0
21103126606,24,83,35,24,44,6,8,26,4,261
21103126608,35,73,35,18,32,23,9,18,0,252
21103126609,36,41,13,25,21,3,3,12,10,167
21103126610,0,0,0,0,0,0,0,0,0,0
21103126611,31,39,26,21,17,18,3,10,0,172
21103126612,7,14,6,7,3,7,7,3,0,56
21103126613,37,66,21,14,25,16,3,3,0,193
21103126614,27,75,35,26,26,11,16,17,6,247
21103126615,30,47,16,24,21,12,5,10,7,171
21103126616,4,9,4,0,5,4,5,0,0,33
21103126617,29,61,27,33,16,12,15,35,3,236
21103126618,33,89,27,28,28,13,6,33,0,261
21103126619,23,64,24,15,24,14,7,34,3,200
21103126620,5,39,17,21,16,12,5,10,4,131
21103126621,7,56,22,18,28,10,15,21,0,186
21103126622,27,55,24,29,15,16,17,27,7,227
21103126623,25,83,41,30,31,21,9,22,6,270
21103126624,23,58,37,26,23,13,3,13,4,187
21103126625,34,62,41,28,44,18,13,16,3,253
21103126626,19,53,19,24,21,21,4,9,3,172
21103126627,33,37,23,23,19,9,3,11,6,160
21103126628,13,17,14,9,3,7,3,8,3,83
21103126629,9,14,3,3,7,0,0,3,0,35
21103126630,20,43,29,17,19,12,3,11,0,164
21103126631,23,53,26,20,32,10,8,26,5,199
21103126632,35,87,41,20,38,29,15,9,5,271
21103126633,15,34,25,18,18,8,4,15,3,137
21103126634,22,42,12,13,14,7,0,14,0,132
21103126635,34,81,42,30,34,30,27,29,5,317
21103126636,17,59,31,33,33,18,16,24,5,241
21103126637,37,107,34,26,47,17,12,28,3,296
21103126639,29,43,24,18,23,13,9,9,3,172
21103126640,37,61,23,24,33,18,12,14,5,224
21103126641,29,66,31,35,43,26,22,18,10,272
21103126642,25,45,30,19,33,12,9,19,0,193
21103126643,45,101,37,41,45,29,20,18,9,344
21103126644,41,86,29,27,46,25,15,20,6,302
21103126645,40,52,27,18,24,22,4,6,3,199
21103126646,47,86,31,22,42,33,5,18,4,300
21103126647,32,47,13,16,20,10,0,9,4,146
21103126648,25,56,25,29,27,11,3,5,3,181
21103126649,25,60,31,19,31,12,9,12,4,197
21103126650,29,66,28,26,28,22,13,20,6,230
21103126651,32,59,24,15,22,7,5,4,0,172
21103126652,26,59,22,19,37,15,9,21,8,207
21103126653,30,81,31,40,49,23,19,21,3,297
21103126701,25,72,29,20,34,22,7,11,5,225
21103126702,54,99,45,22,34,23,9,12,5,288
21103126703,47,78,28,34,36,27,13,6,3,272
21103126704,36,90,38,16,26,23,0,8,0,246
21103126705,53,104,39,35,43,26,10,20,5,340
21103126706,50,100,28,46,46,25,8,23,6,320
21103126707,39,88,40,23,34,37,10,18,5,300
21103126708,25,39,20,27,25,25,3,8,0,174
21103126709,42,91,42,28,41,34,13,28,0,319
21103126710,32,76,19,23,23,18,8,11,4,203
21103126711,36,100,29,22,39,17,5,13,0,266
21103126712,44,74,22,22,31,17,0,11,0,226
21103126713,26,67,32,14,31,15,9,14,0,213
21103126714,39,84,31,16,29,24,5,12,7,251
21103126715,20,52,22,10,21,5,7,9,0,148
21103126716,32,66,19,16,24,16,0,8,6,189
21103126717,20,34,9,9,13,7,0,13,0,95
21103126718,39,89,35,37,31,35,4,21,5,299
21103126719,29,89,30,26,31,16,15,17,3,267
21103126720,32,57,30,36,28,24,15,18,0,245
21103126721,23,71,41,27,32,14,17,32,3,266
21103126722,29,38,19,17,22,20,3,9,5,171
21103126723,15,38,8,11,14,5,0,7,0,104
21103126724,30,88,38,21,37,15,11,15,8,271
21103126725,26,66,25,25,24,9,4,25,0,208
21103126726,28,74,28,28,31,22,8,21,9,244
21103126727,39,98,32,42,37,27,22,25,12,333
21103126728,17,30,16,17,15,5,3,11,4,119
21103126729,13,46,23,27,21,5,3,12,0,150
21103126730,27,60,20,17,30,22,3,19,3,208
21103126731,27,70,21,17,16,29,0,12,0,200
21103126732,35,97,35,34,50,19,10,21,0,308
21103126733,47,98,29,22,32,14,4,15,4,258
21103126734,24,64,21,22,19,14,8,12,3,184
21103126735,39,68,39,18,31,20,9,22,3,246
21103126736,31,63,43,22,23,23,11,9,0,230
21103126737,36,87,43,53,35,19,10,21,5,311
21103126738,29,46,20,16,27,13,6,11,0,171
21103126739,39,80,30,22,41,16,13,29,4,274
21103126740,40,57,23,16,23,9,0,13,0,189
21103126741,22,41,35,21,31,11,8,16,5,179
21103126742,37,56,35,27,23,9,12,18,3,215
21103126743,31,102,41,38,48,17,20,21,0,318
21103126744,26,76,25,26,27,11,6,16,0,222
21103126745,21,43,21,22,20,15,4,13,4,165
21103126746,32,45,20,4,21,11,0,7,4,152
21103126747,35,58,15,24,11,21,5,14,0,177
21103126801,30,38,16,18,24,11,0,9,3,154
21103126802,43,51,30,16,30,21,6,20,0,219
21103126803,30,33,20,26,26,15,7,13,3,176
21103126804,28,63,33,20,23,13,0,6,11,192
21103126805,51,64,33,33,39,31,9,10,0,271
21103126806,55,55,37,41,29,25,0,16,0,249
21103126807,35,63,23,23,28,17,9,10,0,207
21103126808,56,121,51,37,55,35,9,27,12,393
21103126809,35,76,34,24,25,25,6,29,0,252
21103126810,36,68,24,15,21,19,3,9,3,206
21103126811,33,67,27,34,31,23,0,16,3,237
21103126812,44,48,24,26,25,17,3,10,3,209
21103126813,37,48,18,19,23,13,0,17,4,180
21103126814,16,41,26,13,24,10,5,8,3,146
21103126815,38,79,24,34,26,10,8,15,5,230
21103126816,51,101,35,29,42,20,3,22,3,303
21103126817,48,88,34,37,37,16,3,12,8,286
21103126818,46,82,26,14,45,34,0,12,0,259
21103126819,56,47,14,19,23,22,0,13,12,205
21103126820,22,68,29,25,18,13,3,8,8,189
21103126821,33,76,29,30,23,19,5,6,3,225
21103126822,16,22,11,14,20,13,3,0,0,98
21103126823,29,38,15,12,13,8,3,13,0,128
21103145001,38,84,49,46,36,22,17,23,6,315
21103145002,13,43,21,21,28,8,7,22,3,160
21103145003,24,80,43,36,37,25,10,25,13,286
21103145004,9,36,15,13,22,5,6,14,0,117
21103145005,25,45,20,26,17,14,12,21,5,183
21103145006,19,41,27,22,30,8,14,14,3,184
21103145007,45,89,42,39,33,26,13,19,0,307
21103145008,21,35,31,25,13,15,5,15,0,168
21103145009,36,52,30,32,33,20,11,33,5,245
21103145010,17,66,26,24,34,12,9,24,8,221
21103145011,36,74,35,25,29,12,5,20,4,241
21103145012,29,87,60,28,57,24,14,32,10,340
21103145013,22,39,29,16,24,21,8,7,4,166
21103145014,10,55,27,14,19,6,7,3,4,144
21103145015,29,74,47,35,41,23,14,16,0,271
21103145016,26,44,54,33,31,23,15,27,10,258
21103145017,43,114,52,39,30,34,11,26,0,347
21103145018,19,31,16,21,27,10,13,25,0,159
21103145019,12,26,22,21,25,12,17,17,10,159
21103145020,0,0,0,0,0,0,0,0,0,0
21103145021,30,40,23,18,17,13,9,17,4,179
21103145022,22,62,39,30,16,21,20,27,3,235
21103145023,14,14,21,9,16,8,11,13,0,105
21103145024,26,48,34,18,27,12,6,14,3,181
21103145025,34,58,48,35,38,25,13,16,6,263
21103145026,32,52,44,26,35,20,16,25,3,258
21103145027,23,67,31,33,28,15,5,24,0,224
21103145028,24,44,25,22,29,11,11,17,3,185
21103145029,27,39,38,22,30,18,4,16,3,204
21103145030,27,50,39,33,36,28,13,14,6,247
21103145031,11,42,25,21,20,18,17,33,0,186
21103145032,32,49,49,28,34,18,10,20,6,239
21103145033,26,65,58,35,33,21,16,31,8,292
21103145034,25,47,22,22,25,13,13,20,9,188
21103145035,18,32,35,31,20,16,11,19,0,181
21103145036,22,46,44,35,33,22,19,34,4,244
21103145037,32,46,42,12,28,12,4,24,5,208
21103145038,27,54,34,25,26,15,8,8,5,199
21103145101,170,282,111,122,141,125,38,57,24,1066
21103145102,57,63,40,24,34,31,10,11,0,264
21103145103,24,34,19,10,19,7,5,8,0,127
21103145104,28,68,42,39,42,23,15,31,11,293
21103145105,46,83,27,41,40,27,15,39,8,320
21103145106,31,60,37,30,37,15,11,31,6,260
21103145107,23,56,31,34,33,12,11,23,10,228
21103145108,30,68,47,19,30,16,15,8,3,227
21103145109,24,53,27,23,19,21,9,21,5,195
21103145110,30,61,28,11,9,14,4,11,0,172
21103145111,29,43,20,19,27,16,5,20,3,184
21103145112,12,28,25,20,21,14,12,16,0,156
21103145113,66,114,69,64,62,35,16,45,15,479
21103145114,42,70,40,12,37,16,13,14,3,246
21103145115,27,61,38,17,23,24,3,14,4,206
21103145116,46,94,31,28,33,23,10,17,0,286
21103145117,21,58,35,24,19,19,10,13,0,219
21103145118,33,69,33,30,41,17,14,17,0,270
21103145119,32,39,19,17,30,18,13,14,6,184
21103145120,26,63,22,24,34,17,6,14,3,212
21103145121,42,77,51,33,41,29,9,19,3,302
21103145122,19,31,20,11,13,12,8,9,0,124
21103145123,41,84,30,35,38,24,8,23,3,291
21103145124,25,32,25,26,14,13,14,20,4,175
21103145125,32,59,41,23,45,18,9,8,0,244
21103145126,0,0,0,0,0,0,3,0,0,11
21103145201,44,106,45,37,48,26,21,34,7,365
21103145202,45,69,44,27,18,10,5,16,3,242
21103145203,15,33,33,20,26,19,7,9,3,162
21103145204,8,31,32,18,35,10,7,4,7,158
21103145205,11,27,17,13,12,8,15,11,0,117
21103145206,23,38,33,20,19,22,8,11,7,179
21103145207,0,0,0,0,0,0,0,0,0,0
21103145208,17,46,23,16,30,17,12,16,5,181
21103145209,49,104,38,35,41,28,5,12,8,325
21103145210,29,66,33,31,43,35,15,23,10,271
21103145211,20,33,29,16,40,15,5,14,3,177
21103145212,16,35,29,13,26,14,13,15,0,159
21103145213,22,46,18,11,15,14,5,10,0,144
21104126901,24,79,21,24,34,17,3,14,0,222
21104126902,46,113,28,39,47,36,9,13,9,341
21104126903,24,57,16,11,35,23,10,17,0,195
21104126904,21,63,14,19,35,13,8,15,0,177
21104126905,32,59,19,20,29,18,8,13,5,206
21104126906,25,54,21,23,30,19,10,18,0,193
21104126907,34,85,28,23,32,32,9,18,7,268
21104126908,46,78,22,29,36,31,12,18,5,272
21104126909,13,52,18,14,21,16,7,15,9,168
21104126910,15,59,16,17,27,17,8,17,3,179
21104126911,36,94,27,32,42,27,11,15,3,278
21104126912,16,59,25,28,27,15,5,9,6,192
21104126913,12,36,10,8,19,11,0,0,4,104
21104126914,22,49,26,25,24,20,13,16,4,190
21104126915,12,25,14,11,15,11,7,7,0,109
21104126916,33,83,26,29,33,22,12,18,4,260
21104126917,44,83,36,30,29,24,11,22,7,292
21104126918,24,57,13,20,20,22,15,13,6,188
21104126919,23,66,24,18,23,18,10,8,0,201
21104126920,43,97,22,35,41,25,7,15,0,289
21104126921,75,119,34,34,52,29,13,20,6,385
21104126922,35,73,21,17,38,25,3,14,4,230
21104127001,40,144,31,31,51,29,10,13,12,366
21104127002,41,93,35,37,39,22,9,28,11,321
21104127003,15,49,14,17,24,6,3,9,0,136
21104127004,39,115,36,27,47,17,4,15,5,303
21104127005,46,78,13,27,29,21,7,11,0,232
21104127006,29,80,27,17,40,19,11,9,0,232
21104127007,32,81,27,35,38,7,9,25,3,255
21104127008,33,68,14,24,32,17,8,15,4,216
21104127009,45,83,30,19,47,18,12,18,5,276
21104127010,64,121,28,23,54,44,0,24,5,366
21104127011,35,101,47,34,35,24,11,21,7,302
21104127012,57,115,30,47,44,41,17,27,3,380
21104127013,33,79,35,23,22,17,9,17,5,238
21104127014,53,111,19,23,35,23,8,15,0,283
21104127015,30,55,15,16,25,9,7,10,3,163
21104127016,40,88,16,14,32,19,13,16,4,234
21104127017,28,104,28,29,40,28,3,26,0,283
21104127018,20,51,15,12,25,24,0,7,0,165
21104127019,45,81,26,22,40,14,10,10,0,242
21104127020,33,73,19,11,30,15,6,8,5,203
21104127021,36,76,9,23,28,10,7,9,4,191
21104127022,16,47,13,14,23,17,12,18,0,160
21104127023,42,112,36,29,32,8,10,22,10,297
21104127024,45,109,46,19,43,27,3,9,4,302
21104127025,51,114,31,29,42,30,9,15,0,316
21104127026,31,73,22,25,34,19,4,21,4,244
21104127027,32,85,28,15,30,13,7,9,4,222
21104127028,25,59,14,15,18,5,3,8,0,156
21104127029,34,69,27,26,33,18,7,10,4,220
21104127030,11,46,22,11,19,4,0,4,5,122
21104127031,17,58,13,21,23,9,3,5,3,149
21104127032,39,80,26,17,30,22,3,17,4,232
21104127033,27,58,20,11,17,12,8,9,0,157
21104127034,40,88,21,21,29,25,10,21,4,257
21104127035,7,31,15,17,15,9,9,11,4,116
21104127036,0,0,0,0,0,0,0,0,0,0
21104127037,34,82,23,29,36,19,0,13,6,251
21104127038,26,64,20,15,14,3,0,10,0,156
21104127039,16,65,18,11,24,8,11,6,0,157
21104127040,0,0,0,0,0,0,0,0,0,0
21104127101,0,0,0,0,0,0,0,0,0,0
21104127102,41,69,19,16,37,22,3,5,4,224
21104127103,54,116,32,38,38,20,6,16,0,315
21104127104,22,49,17,19,22,11,9,8,0,150
21104127105,35,166,47,52,59,40,29,33,8,467
21104127106,31,117,20,25,34,17,8,7,6,265
21104127107,28,78,14,16,28,14,8,10,5,196
21104127108,34,78,15,13,30,23,0,10,0,207
21104127109,42,100,34,28,39,16,12,16,0,278
21104127110,33,72,21,13,29,20,9,20,0,218
21104127111,38,65,27,13,33,27,4,10,9,236
21104127112,31,66,18,19,27,4,4,15,10,192
21104127113,45,107,34,22,38,30,9,14,7,311
21104127114,12,45,4,11,21,4,3,5,0,114
21104127115,24,48,26,15,27,18,12,12,0,181
21104127116,45,104,44,24,44,21,8,22,7,327
21104127117,39,77,20,33,29,24,0,19,5,253
21104127118,27,76,26,19,21,14,0,13,6,201
21104127119,42,75,29,32,29,25,5,19,3,266
21104127120,36,60,8,15,19,14,0,14,0,161
21104127121,43,105,25,18,32,31,10,22,9,282
21104127122,37,66,21,27,25,27,6,17,4,235
21104127123,36,111,39,29,53,29,13,45,10,368
21104127124,24,53,32,37,30,7,8,23,0,231
21104127125,0,15,20,27,9,0,9,22,3,113
21104127126,18,66,15,17,26,10,9,16,0,180
21104127127,17,58,19,9,26,19,5,9,0,159
21104127128,10,9,0,10,8,3,3,7,0,52
21104127129,0,0,0,0,0,0,0,0,0,0
21104127201,32,40,16,21,28,16,9,10,4,170
21104127202,22,70,23,25,16,13,9,7,0,182
21104127203,20,60,15,15,23,10,11,6,5,164
21104127204,52,97,37,38,37,22,9,35,15,338
21104127205,47,95,36,32,52,27,5,19,6,317
21104127206,35,72,19,20,13,14,5,11,0,193
21104127207,44,48,18,24,29,19,6,11,0,201
21104127208,37,39,25,17,23,15,4,15,4,167
21104127209,41,75,10,20,26,32,5,11,4,223
21104127210,22,75,30,12,27,18,0,17,7,205
21104127211,34,95,21,16,31,26,14,19,4,245
21104127212,30,68,17,31,23,20,6,9,3,216
21104127213,47,93,38,19,45,24,11,11,3,285
21104127214,23,76,20,17,25,15,16,15,5,205
21104127215,32,96,24,25,42,27,4,29,3,291
21104127216,37,65,26,23,24,23,10,17,0,229
21104127217,37,77,28,15,26,21,8,10,4,219
21104127218,25,69,24,25,37,15,8,14,6,227
21104127219,28,75,34,14,34,23,9,11,7,222
21104127220,29,44,14,25,19,13,3,12,6,157
21104127221,28,55,35,24,25,12,5,8,3,201
21104127222,24,60,19,13,25,12,5,5,0,169
21104127223,39,51,20,21,24,12,6,13,5,200
21104127224,26,61,14,15,21,24,4,13,7,175
21104127225,3,22,9,6,7,4,5,3,0,57
21104127301,18,43,9,17,17,9,6,10,6,143
21104127302,34,41,12,14,30,13,5,0,0,153
21104127303,23,51,11,14,21,10,3,5,8,159
21104127304,25,57,19,18,26,20,3,11,4,175
21104127305,25,40,14,23,26,19,11,11,3,168
21104127306,29,67,17,17,32,20,11,13,0,207
21104127307,35,85,18,17,32,28,8,19,6,240
21104127308,17,29,8,14,14,12,3,3,0,108
21104127309,23,54,26,7,20,17,5,5,0,158
21104127310,14,63,16,15,29,21,7,14,4,184
21104127311,28,49,12,12,30,12,5,5,0,155
21104127312,26,50,24,16,30,17,6,14,6,190
21104127313,32,76,14,23,30,11,14,17,3,218
21104127314,26,63,25,7,20,25,6,19,7,189
21104127315,28,54,14,15,27,5,4,19,5,168
21104127316,21,68,13,11,24,10,4,12,0,164
21104127317,14,58,15,17,32,12,8,10,4,168
21104127318,27,39,7,12,21,9,7,5,0,135
21104127319,45,52,14,8,16,19,8,6,0,174
21104127320,27,58,23,25,28,26,17,15,10,223
21104127321,27,77,34,31,11,14,5,17,3,216
21104127322,36,58,18,28,24,17,7,15,3,212
21104127323,23,63,29,27,32,15,8,18,4,220
21104127324,32,70,16,24,24,20,9,15,6,210
21104127325,23,50,25,10,37,17,10,19,5,198
21104127326,23,33,23,19,25,13,3,5,0,145
21104127327,17,31,18,13,7,9,8,8,4,114
21104127328,34,61,26,24,30,20,10,16,5,224
21104127329,37,71,27,15,30,22,6,12,6,226
21104127330,29,41,12,15,26,10,7,12,5,162
21105127401,36,34,26,11,31,15,12,12,3,174
21105127402,31,45,49,25,33,11,12,4,4,219
21105127403,27,24,33,26,18,14,0,16,0,157
21105127404,28,58,31,28,18,7,12,13,3,201
21105127405,35,66,35,36,23,20,11,19,3,250
21105127406,45,67,48,30,37,16,11,12,7,277
21105127407,13,47,22,24,15,9,0,8,8,151
21105127408,30,57,17,18,17,10,7,7,0,177
21105127409,28,33,21,13,27,5,10,8,0,139
21105127410,21,24,17,16,15,14,5,5,0,126
21105127411,17,44,27,24,22,7,6,11,4,155
21105127412,40,68,45,49,34,25,15,19,9,297
21105127413,19,37,23,16,18,16,5,11,0,142
21105127414,29,58,28,25,25,14,12,9,4,201
21105127415,13,21,23,10,9,9,4,6,3,94
21105127416,33,58,42,24,28,16,20,12,3,236
21105127417,11,32,13,13,19,6,5,5,0,113
21105127418,37,66,26,32,19,13,9,9,5,216
21105127419,21,49,16,9,13,10,3,6,0,128
21105127420,22,58,22,25,20,14,3,16,0,200
21105127421,24,65,25,15,14,4,5,10,0,161
21105127422,28,53,26,23,21,13,5,11,7,190
21105127423,20,43,21,19,12,10,7,7,0,147
21105127424,22,30,22,9,18,12,7,3,0,125
21105127425,24,30,28,21,19,10,4,9,0,144
21105127426,29,20,10,8,15,4,4,4,0,93
21105127427,28,15,14,8,16,9,3,11,4,111
21105127428,29,41,24,21,19,6,10,14,0,164
21105127429,28,52,32,25,26,10,0,8,4,180
21105127430,34,91,40,27,29,20,12,15,3,281
21105127431,22,33,15,11,10,11,4,8,0,120
21105127501,29,65,42,33,29,16,3,21,6,256
21105127502,33,50,52,30,36,29,12,28,8,270
21105127503,22,50,44,30,45,22,12,28,0,264
21105127504,38,41,43,26,30,19,9,23,6,232
21105127505,43,44,59,27,45,31,23,25,4,313
21105127506,37,65,40,21,39,24,11,25,9,257
21105127507,42,34,29,19,28,23,7,18,6,201
21105127508,17,20,14,18,20,9,0,12,0,116
21105127509,0,0,0,0,0,0,0,0,0,9
21105127510,36,47,40,30,34,27,13,34,3,273
21105127511,34,32,49,31,38,24,7,20,3,241
21105127512,25,41,30,14,18,15,11,10,3,163
21105127513,31,55,46,23,25,16,6,22,3,229
21105127514,20,19,33,28,26,19,18,28,3,192
21105127515,36,64,69,43,52,36,17,28,5,348
21105127516,140,199,136,96,126,92,38,33,11,876
21105127517,54,40,35,21,42,18,5,20,8,245
21105127518,38,48,51,34,42,17,10,22,4,272
21105127519,22,43,38,30,22,20,13,27,3,216
21105127520,25,45,34,19,28,21,10,16,0,196
21105127521,51,40,14,15,31,16,0,4,0,165
21105127522,20,37,28,20,22,7,0,6,0,144
21105127523,22,24,18,25,14,7,5,8,0,132
21105127524,12,15,19,23,20,7,6,15,5,121
21105127525,48,87,64,43,61,40,18,34,14,391
21105127601,20,19,22,9,12,3,7,5,5,113
21105127602,18,20,34,31,14,13,8,31,0,162
21105127603,29,45,61,32,36,18,17,36,4,284
21105127604,25,25,42,22,20,17,10,23,0,185
21105127605,23,34,32,24,16,13,10,10,0,166
21105127606,36,47,38,20,32,14,9,26,0,220
21105127607,25,34,35,28,28,18,10,28,0,205
21105127608,22,43,22,29,9,5,5,17,0,155
21105127609,19,37,30,23,18,13,15,18,3,175
21105127610,37,50,72,49,43,12,13,52,4,338
21105127611,20,23,33,28,19,7,11,21,4,165
21105127612,22,30,22,18,22,11,4,29,3,162
21105127613,20,27,66,28,29,13,28,33,0,251
21105127614,20,33,61,36,26,29,20,33,0,260
21105127615,0,0,0,0,0,0,0,0,0,0
21105127616,47,31,44,31,37,18,11,22,0,245
21105127617,32,29,27,17,14,13,12,19,0,164
21105127618,18,31,33,22,37,13,8,15,6,182
21105127619,11,17,26,28,14,10,13,11,0,132
21105127620,43,76,50,47,26,17,22,25,0,306
21105127621,21,22,20,18,11,12,4,11,0,128
21105127622,19,28,36,18,20,8,10,19,0,156
21105127623,33,27,27,13,12,10,5,13,0,137
21105127624,15,14,20,21,23,9,18,22,3,145
21105127625,29,33,48,26,25,30,13,12,6,220
21105127626,41,65,71,33,32,33,15,25,3,319
21105127627,47,63,72,39,44,33,16,31,6,360
21105127628,47,25,26,14,28,9,12,20,5,178
21105127629,30,26,27,16,12,8,6,13,0,137
21105127630,18,13,10,10,10,5,4,5,3,79
21105127631,50,29,27,7,18,16,8,27,3,183
21105127632,51,40,41,30,25,16,13,23,8,248
21105127633,28,31,21,21,16,10,13,18,3,167
21105127634,30,25,39,19,29,18,13,9,10,188
21105127635,21,36,42,22,21,11,9,30,3,203
21105127701,13,51,27,18,22,19,14,21,0,196
21105127702,49,71,56,38,51,32,23,31,10,365
21105127703,22,50,54,31,45,28,18,40,3,293
21105127704,54,49,47,33,45,25,18,32,6,300
21105127705,49,63,48,34,34,25,7,26,6,299
21105127706,28,36,36,28,34,23,4,14,5,209
21105127707,26,31,27,15,27,5,12,13,0,154
21105127708,19,63,66,37,40,22,27,29,6,315
21105127709,17,37,44,36,21,13,10,19,8,202
21105127710,13,33,38,26,24,18,12,37,5,197
21105127711,33,35,21,14,24,14,7,6,3,159
21105127712,31,63,43,47,44,25,12,28,5,293
21105127713,33,61,69,29,48,23,19,43,10,333
21105127714,33,45,65,62,46,25,22,34,16,341
21105127715,0,0,0,0,0,0,0,0,0,0
21105127716,33,70,68,40,41,29,18,36,11,349
21105127717,26,26,42,30,26,13,11,24,9,204
21105127718,32,46,58,34,38,20,21,19,7,284
21105127719,15,22,31,17,23,11,11,21,0,150
21105127720,36,58,41,28,33,26,15,18,0,258
21105127801,18,13,25,9,21,11,14,10,4,111
21105127802,0,0,0,0,0,0,0,0,0,0
21105127803,21,16,55,8,19,13,16,15,5,171
21105127804,55,35,32,11,18,17,3,15,3,189
21105127805,22,21,24,11,26,3,12,13,0,134
21105127806,53,46,66,30,37,19,14,20,0,282
21105127807,23,26,65,21,38,11,16,34,5,238
21105127808,41,25,36,10,11,14,8,9,0,156
21105127809,24,45,58,42,43,22,17,35,5,291
21105127810,20,41,33,19,33,17,9,10,4,187
21105127811,22,22,19,10,21,7,0,7,0,112
21105127812,17,23,28,18,20,13,0,10,0,126
21105127813,24,43,42,39,29,18,10,20,5,230
21105127814,19,32,23,18,26,22,7,13,0,169
21105127815,16,21,38,24,15,15,17,21,0,162
21105127816,34,39,47,21,25,16,11,15,4,214
21105127817,29,39,24,13,36,16,11,13,12,185
21105127818,34,55,43,32,47,23,13,17,9,273
21105127819,31,39,42,27,29,42,9,20,4,248
21105127820,42,51,39,36,45,19,9,25,5,268
21105127821,0,0,0,3,0,0,0,0,0,3
21105127822,28,53,64,32,39,19,25,35,4,292
21105127823,23,45,52,31,30,11,21,26,4,242
21105127824,27,46,42,58,18,19,6,22,3,245
21105127825,35,56,30,21,29,20,15,37,0,253
21105127826,37,48,52,35,30,21,14,16,4,257
21105127827,56,43,44,31,44,17,12,19,5,268
21105127828,25,45,39,34,32,23,13,27,3,249
21105127829,35,73,51,75,57,36,13,43,3,387
21105127830,36,73,66,64,52,37,27,35,3,392
21105127831,40,70,62,44,44,26,17,43,6,345
21105127832,37,40,52,38,28,25,13,17,9,247
21105127833,27,51,34,26,39,18,7,17,4,237
21105127834,43,62,66,27,61,20,19,24,9,320
21105127835,48,48,29,40,51,32,15,27,5,288
21105127836,34,49,48,32,35,10,13,31,0,253
21105127837,14,21,17,13,9,5,3,4,0,93
21105127838,0,0,0,0,0,0,0,0,0,0
21105127839,21,27,53,27,36,19,10,28,4,230
21105127840,27,46,35,21,21,11,13,23,0,201
21105127841,21,20,51,19,26,22,11,33,5,206
21105127842,18,25,22,12,28,16,11,23,5,148
21105127843,19,35,32,22,26,16,5,12,4,172
21105127844,21,32,36,14,26,13,8,8,9,165
21105127845,20,26,34,21,31,18,13,15,4,183
21105127846,53,71,56,48,60,51,18,36,8,402
21105127847,38,49,65,27,49,41,18,31,3,322
21105127901,62,46,66,22,30,22,22,23,7,301
21105127902,34,16,22,16,13,6,3,8,0,116
21105127903,17,29,37,24,16,18,8,16,4,177
21105127904,38,53,57,34,29,22,17,27,4,281
21105127905,34,44,75,45,37,27,14,17,0,300
21105127906,33,37,33,21,29,10,8,19,0,194
21105127907,31,57,40,25,23,3,9,18,4,200
21105127908,19,26,27,14,14,8,11,13,4,136
21105127909,45,48,53,25,39,14,12,25,6,276
21105127910,38,34,60,19,24,14,10,30,10,239
21105127911,28,30,43,17,33,16,12,24,9,208
21105127912,23,19,27,15,13,4,5,11,3,118
21105127913,44,40,39,28,25,13,10,26,3,226
21105127914,39,23,24,9,9,12,7,10,0,148
21105128001,29,46,49,25,41,18,12,13,9,235
21105128002,27,56,48,28,35,18,23,21,3,256
21105128003,36,46,33,12,14,14,5,10,3,168
21105128004,19,34,26,34,32,11,13,9,4,181
21105128005,17,28,45,18,21,11,5,16,5,165
21105128006,23,45,32,20,27,15,8,19,0,194
21105128007,29,39,37,21,42,15,11,19,0,212
21105128008,28,37,40,17,35,14,15,14,3,206
21105128009,26,61,55,25,26,18,13,14,0,248
21105128010,19,23,31,18,21,16,4,24,7,174
21105128011,12,24,27,14,12,16,4,19,4,141
21105128012,46,52,69,32,46,26,17,34,3,325
21105128013,41,57,38,22,30,30,10,15,0,242
21105128014,17,21,42,19,34,14,9,23,0,177
21105128015,22,37,29,20,25,15,10,7,5,165
21105128016,17,29,25,15,26,15,8,15,6,156
21105128017,32,31,24,16,24,6,0,4,0,132
21105128018,18,13,31,13,12,12,9,10,0,111
21105128101,55,120,74,71,72,34,16,47,11,504
21105128102,24,52,36,20,29,7,12,26,8,221
21105128103,8,37,23,13,10,3,13,10,0,116
21105128104,16,24,39,37,30,15,12,29,4,215
21105128105,14,33,42,22,29,16,10,12,3,183
21105128106,17,55,49,50,26,19,24,36,6,294
21105128107,18,32,40,26,9,15,6,22,9,179
21105128108,34,36,37,20,33,25,6,8,0,200
21105128109,57,82,50,50,51,37,15,21,9,361
21105128110,34,59,68,47,44,20,15,40,17,340
21105128111,28,43,43,24,47,29,13,24,3,243
21105128112,57,56,45,46,41,36,8,18,7,316
21105128113,65,95,69,41,75,53,19,31,10,461
21105128114,27,34,48,31,25,18,6,24,0,206
21105128115,33,49,75,27,50,24,18,24,6,300
21105128116,38,45,58,37,55,21,16,33,5,298
21105128117,36,60,67,41,42,24,19,35,5,317
21105128118,22,58,63,36,33,21,29,39,7,300
21105128119,43,61,48,32,31,17,8,30,0,266
21105128120,42,54,59,35,39,28,12,22,5,299
21105128121,48,54,59,31,48,35,10,27,6,318
21105128122,19,32,37,11,20,20,8,9,4,160
21105128123,29,81,41,22,17,24,11,27,0,266
21105128124,26,52,34,46,30,24,23,30,11,277
21105128125,18,41,38,28,33,14,8,34,3,218
21105128126,27,54,42,28,28,16,14,23,0,233
21105128127,25,53,79,34,49,36,19,17,8,311
21105128128,27,74,33,31,29,14,8,14,0,222
21105128129,27,42,49,30,28,30,12,27,13,256
21105128130,23,64,42,42,33,16,16,23,0,267
21105128131,31,62,52,32,36,15,15,17,4,269
21105128132,27,84,64,30,37,35,19,28,7,322
21105128133,25,67,37,36,26,30,17,37,10,277
21105128134,26,52,43,31,22,27,11,16,5,243
21105128135,11,21,36,14,13,12,8,7,0,128
21105128136,33,42,38,22,22,10,7,12,3,183
21105128137,11,22,31,21,25,8,12,20,3,149
21105128138,37,56,53,33,32,27,13,36,0,277
21105128139,14,30,24,13,6,14,3,11,6,124
21105128140,22,48,27,10,21,16,7,21,0,173
21105128141,41,60,28,26,41,23,9,14,4,250
21105128142,51,46,57,35,46,23,13,22,3,297
21105128143,3,21,34,15,19,12,8,6,0,133
21105128144,29,56,35,26,49,31,5,14,3,248
21105128145,39,77,49,54,48,27,26,30,4,353
21105128146,26,49,29,36,27,15,9,21,0,224
21105128147,15,24,38,29,20,9,16,23,3,180
21105128201,43,82,30,24,23,19,10,16,6,239
21105128202,26,57,12,13,9,7,8,12,3,151
21105128203,41,62,36,18,17,8,6,14,0,203
21105128204,23,47,23,13,17,6,4,15,0,145
21105128205,34,63,24,11,22,16,8,7,4,181
21105128206,17,31,19,15,12,4,0,7,6,112
21105128207,16,26,25,14,15,4,0,9,0,114
21105128208,29,40,10,20,14,12,3,3,4,135
21105128209,26,64,25,31,20,11,4,16,4,199
21105128210,28,44,10,13,14,12,7,3,5,139
21105128211,42,48,27,22,19,10,4,10,4,182
21105128212,43,46,22,25,17,5,4,18,3,191
21105128213,28,50,17,15,23,8,6,11,0,162
21105128214,24,56,35,30,26,15,8,14,3,207
21105128215,37,88,41,24,31,21,12,12,4,262
21105128216,26,59,19,20,15,7,6,9,0,172
21105128217,0,0,0,0,0,0,0,0,0,4
21105128218,48,83,38,27,30,20,7,14,0,266
21105128219,39,55,30,27,29,17,4,17,0,211
21105128220,54,76,40,32,27,18,7,22,0,276
21105128221,14,29,21,7,14,4,0,0,4,95
21105128222,47,83,36,18,20,18,9,22,0,261
21105128223,44,78,39,34,23,14,12,23,5,267
21105128224,38,45,25,12,27,13,7,8,6,177
21105128225,22,40,10,18,13,9,3,9,0,120
21105128226,23,34,20,9,18,9,0,5,5,123
21105128227,0,0,0,0,0,0,0,0,0,8
21105128228,31,50,24,10,13,6,8,7,3,144
21105128229,0,0,0,0,0,0,0,0,0,0
21105128230,3,0,3,0,0,0,0,0,0,10
21105128231,0,0,0,0,0,0,0,0,0,0
21105128232,69,82,39,26,40,11,3,9,3,283
21105128301,22,47,46,24,26,21,3,8,0,202
21105128302,31,48,64,40,38,21,19,23,0,286
21105128303,20,12,34,16,26,10,3,13,4,136
21105128304,20,17,29,21,14,11,16,14,0,134
21105128305,32,44,33,19,26,17,12,23,5,220
21105128306,37,69,54,41,40,33,21,32,0,335
21105128307,23,31,33,22,26,10,6,12,6,168
21105128308,24,25,33,19,29,6,5,18,4,166
21105128309,37,57,59,36,34,34,19,27,0,307
21105128310,13,31,36,20,25,15,10,24,5,178
21105128311,34,43,53,30,44,27,25,37,3,295
21105128312,28,32,36,35,19,13,13,15,0,187
21105128313,26,41,50,24,28,11,10,24,6,216
21105128314,32,40,24,16,22,15,12,18,0,196
21105128315,18,34,42,33,25,20,13,22,0,206
21105128316,23,41,37,22,22,19,16,15,0,189
21105128317,40,37,41,25,31,15,13,38,4,244
21105128318,14,31,43,19,28,10,5,17,0,168
21105128319,31,44,50,31,34,15,12,18,3,241
21105128320,25,28,32,27,27,29,13,12,8,201
21105128321,21,31,49,25,23,14,10,17,6,194
21105128322,25,32,31,17,22,12,6,11,5,155
21105128323,28,34,24,16,26,10,0,17,0,158
21105128324,16,35,58,22,28,16,8,12,0,193
21105128325,22,36,42,30,27,12,9,29,4,202
21105128326,9,32,20,5,13,16,4,9,0,111
21105128401,16,49,22,13,14,9,6,12,0,152
21105128402,33,44,37,12,25,18,13,16,3,205
21105128403,34,60,43,26,27,16,12,21,3,240
21105128404,26,65,35,33,30,10,3,24,7,235
21105128405,32,58,28,19,30,19,11,11,6,216
21105128406,16,48,17,24,18,3,0,13,0,149
21105128407,18,42,17,9,9,5,10,7,0,104
21105128408,35,43,40,22,23,20,13,17,4,206
21105128409,19,51,15,12,22,17,4,9,3,147
21105128410,34,73,32,21,29,21,9,13,4,232
21105128411,25,55,29,34,32,28,9,17,3,224
21105128412,26,55,20,20,21,21,6,13,9,188
21105128413,45,67,45,20,36,22,9,20,4,255
21105128414,12,23,20,11,21,10,7,9,3,116
21105128415,25,65,37,24,22,13,11,19,3,218
21105128416,28,48,32,25,24,19,12,26,0,204
21105128417,40,49,36,35,25,17,10,15,4,236
21105128418,13,40,20,15,19,3,4,11,0,125
21105128419,27,46,32,24,27,22,13,16,5,211
21105128420,58,111,64,60,40,26,18,15,7,399
21105128421,29,52,34,17,31,13,4,3,3,188
21105128422,32,57,29,27,28,16,3,16,6,217
21105128423,34,83,42,39,30,21,10,26,7,275
21105128424,30,62,36,21,18,11,6,10,3,197
21105128425,13,32,18,21,15,9,11,11,3,126
21105128426,16,52,29,20,23,13,9,12,5,178
21105128427,14,36,23,15,6,10,0,5,5,118
21105128501,10,10,17,10,13,8,8,8,0,83
21105128502,15,21,28,17,18,9,11,11,0,131
21105128503,19,13,37,14,21,10,18,16,0,147
21105128504,25,37,48,12,21,16,3,30,3,202
21105128505,27,22,39,22,28,12,5,15,0,169
21105128506,18,26,42,26,26,15,0,18,3,170
21105128507,14,25,48,25,22,15,12,17,4,190
21105128508,22,16,37,22,20,9,7,15,7,146
21105128509,43,34,53,24,34,21,8,13,11,244
21105128510,27,11,24,10,18,11,3,9,5,112
21105128511,33,30,49,26,33,32,17,17,4,245
21105128512,15,21,13,9,8,10,3,9,0,85
21105128513,12,11,15,3,18,5,5,9,0,74
21105128514,31,15,26,6,14,4,10,12,0,119
21105128515,26,10,42,30,15,10,6,6,0,151
21105128516,22,27,65,35,26,11,18,29,0,223
21105128517,38,7,27,18,14,3,8,3,0,116
21105128518,15,30,22,10,23,18,11,12,0,143
21105128519,55,33,22,12,24,10,10,19,3,185
21105128520,39,32,29,12,21,8,0,16,6,167
21105128521,31,36,53,23,18,10,11,17,4,201
21105128522,26,26,55,22,25,10,7,22,7,208
21105128523,30,21,21,4,25,8,3,12,0,131
21105128524,29,44,74,33,41,26,17,35,9,299
21105128525,31,29,55,33,25,13,17,25,0,233
21105128526,35,25,26,20,12,13,11,23,3,166
21105128601,14,12,4,19,11,6,5,7,9,82
21105128602,20,18,34,12,22,11,10,13,0,138
21105128603,17,22,45,28,21,16,24,16,3,193
21105128604,26,29,56,26,31,11,19,24,6,214
21105128605,18,16,58,25,16,15,16,17,0,181
21105128606,12,23,50,24,18,5,10,23,5,181
21105128607,23,18,19,13,16,4,11,15,3,120
21105128608,26,24,53,31,26,14,22,19,4,215
21105128609,0,0,0,0,0,0,0,0,0,4
21105128610,18,15,26,22,26,15,16,21,3,163
21105128612,21,17,45,19,19,21,16,20,0,178
21105128613,14,25,40,16,19,18,15,23,0,168
21105128614,22,22,49,31,21,15,19,27,5,212
21105128615,20,20,65,35,32,14,28,33,0,251
21105128616,14,16,61,27,20,23,19,23,0,204
21105128617,13,26,13,24,6,7,11,14,5,112
21105128618,28,33,26,35,12,7,7,18,5,172
21105128619,16,12,13,8,20,0,12,13,0,101
21105128620,8,11,43,21,24,14,18,18,3,164
21105128621,13,30,16,27,20,8,6,13,3,132
21105128622,12,31,17,15,9,6,7,15,3,119
21105128623,15,17,7,8,14,9,4,5,3,83
21105128625,7,7,24,13,9,6,6,12,0,83
21105128626,4,5,27,19,3,4,12,19,0,95
21105128627,14,12,38,39,11,13,24,27,0,176
21105128628,14,12,23,16,13,10,20,30,0,139
21105128629,26,20,54,26,28,16,7,25,10,218
21105128630,17,11,41,15,20,21,13,34,7,175
21105128631,37,30,44,19,19,10,21,24,3,217
21105128632,6,22,38,30,11,6,16,16,4,154
21105128633,18,10,42,16,11,3,4,16,0,125
21105128634,26,28,45,27,16,8,10,18,3,179
21105128635,9,12,14,13,13,6,3,15,0,87
21105128636,18,21,30,25,9,4,4,8,4,124
21105128637,7,10,26,13,5,6,11,28,0,101
21105128638,17,18,19,13,15,4,7,12,6,123
21105128639,37,23,52,9,25,5,12,23,8,192
21105128640,24,18,29,15,8,11,12,10,0,122
21105128641,11,9,7,9,5,4,3,4,0,51
21105128642,37,36,65,37,40,14,21,27,6,289
21105128643,34,26,39,26,15,12,15,16,4,191
21105128644,16,33,16,16,12,7,8,11,3,129
21105128645,0,0,0,0,0,0,0,0,0,0
21105128646,10,6,20,21,8,9,8,7,0,97
21105128647,25,16,28,11,21,3,4,19,0,131
21105128648,16,12,31,8,19,6,8,16,5,123
21105128649,6,14,30,23,12,9,10,15,3,134
21105128650,6,14,23,15,11,12,11,16,0,107
21105128651,22,10,26,10,22,6,3,12,6,126
21105128652,17,18,35,20,11,8,10,13,10,150
21105128653,0,0,0,0,0,0,0,0,0,0
21105128654,28,19,37,30,27,24,9,20,6,207
21105128655,19,27,58,24,24,15,14,27,4,215
21105128657,14,14,29,19,20,8,9,20,5,134
21105128658,3,0,3,0,3,3,4,0,0,16
21105128659,0,0,0,0,0,0,0,0,0,0
21201128901,0,0,0,0,0,0,0,0,7,11
21201128902,34,54,46,25,32,17,13,17,4,232
21201128903,12,16,19,5,12,8,7,11,4,95
21201128904,30,49,43,23,26,21,12,15,0,218
21201128905,36,52,49,28,49,13,11,19,3,270
21201128906,27,42,40,32,19,10,12,12,3,190
21201128907,17,23,31,8,14,12,13,19,0,135
21201128908,21,35,38,13,19,15,13,11,5,173
21201128909,46,64,53,28,44,14,13,19,3,295
21201128910,34,53,41,36,35,18,14,19,6,257
21201128911,24,40,27,25,16,9,10,35,3,188
21201128912,29,42,42,22,34,14,13,21,6,226
21201128913,18,38,20,15,16,9,5,4,3,132
21201128914,36,67,55,23,38,14,17,18,0,260
21201128915,11,6,3,4,0,0,0,4,0,37
21201128916,20,44,39,17,27,15,13,17,3,191
21201128917,34,45,33,14,19,8,6,16,3,176
21201128918,40,56,56,33,36,27,16,14,4,283
21201128919,10,16,13,7,11,8,0,7,0,78
21201128920,19,42,40,21,29,6,9,27,4,194
21201128921,33,47,43,25,40,19,9,23,4,231
21201128922,33,15,40,15,24,6,8,12,0,155
21201128923,39,27,19,24,15,6,6,20,6,149
21201128924,17,20,20,16,13,6,5,10,0,116
21201128925,23,46,60,29,38,19,18,20,3,259
21201128926,17,27,53,35,25,13,9,21,7,206
21201128927,24,27,48,23,21,13,21,21,0,200
21201128928,41,48,51,23,32,17,14,19,5,256
21201128929,56,53,52,23,36,38,11,21,8,301
21201128930,30,25,25,15,16,8,5,6,0,120
21201128931,31,37,31,13,20,18,3,17,3,171
21201128932,34,39,46,14,36,23,14,17,4,222
21201128933,27,18,13,11,15,5,4,10,5,94
21201128934,67,47,50,20,38,20,17,28,9,286
21201128935,27,46,51,31,25,24,24,23,4,245
21201128936,41,42,61,32,29,20,8,27,3,271
21201128937,40,52,53,29,24,13,15,33,5,275
21201128938,23,43,53,34,19,11,12,22,9,226
21201128939,3,4,0,0,0,0,0,0,0,9
21201128940,17,17,23,6,17,9,9,12,0,115
21201128941,13,19,23,15,6,5,6,18,5,116
21201128942,16,33,27,28,20,10,4,17,5,160
21201128943,26,28,30,20,25,26,19,7,5,187
21201128944,13,28,35,19,18,11,11,24,0,162
21201128945,28,34,51,39,24,18,16,30,4,237
21201128946,0,0,0,0,0,0,0,0,0,0
21201128947,24,31,22,20,10,14,8,12,5,149
21201128948,37,36,29,13,26,17,4,10,0,175
21201128949,10,20,18,19,7,9,7,14,0,101
21201128950,9,21,30,13,21,10,13,14,0,139
21201128951,30,30,40,22,22,9,7,16,0,178
21201128952,12,29,24,15,7,9,6,8,0,117
21201128953,58,66,59,26,49,22,16,32,6,333
21201154601,26,28,17,10,29,20,9,11,0,144
21201154602,38,55,37,22,32,29,7,13,7,239
21201154603,12,43,28,24,17,11,16,13,4,172
21201154604,15,47,25,18,32,23,19,13,4,195
21201154605,27,41,25,16,36,22,5,15,0,188
21201154606,31,50,34,35,25,26,16,16,0,236
21201154607,27,72,30,35,33,26,20,20,6,271
21201154608,31,57,43,29,41,22,18,17,8,259
21201154609,63,97,87,70,63,50,35,42,15,518
21201154610,35,84,55,51,51,31,25,24,11,362
21201154611,27,55,29,34,46,18,27,22,4,257
21201154612,8,14,18,6,16,8,6,9,0,86
21201154613,13,21,24,8,25,12,3,4,4,118
21201154614,20,42,28,32,34,13,22,22,6,214
21201154615,31,105,59,54,49,31,28,22,10,392
21201154616,22,67,47,38,40,16,30,29,3,290
21201154617,31,41,28,32,42,19,27,24,9,261
21201154618,14,16,15,22,19,8,8,8,0,117
21201154619,26,53,44,50,38,21,14,23,0,271
21201154620,31,69,33,33,33,18,25,20,0,267
21201154621,20,36,38,19,50,26,25,27,0,244
21201154622,21,69,35,27,18,15,18,22,8,234
21201154623,32,30,27,11,22,13,8,6,3,151
21201154624,39,83,48,44,51,24,21,26,3,328
21201154625,20,35,27,18,28,21,20,20,6,188
21201154626,16,42,32,25,28,20,11,18,4,196
21201154627,55,73,52,40,65,37,8,33,7,381
21201154628,19,62,30,42,25,12,17,20,0,227
21201154629,52,66,51,32,31,23,10,37,0,298
21201154630,27,38,48,46,31,19,18,32,0,260
21201154631,62,78,59,40,68,34,19,29,11,392
21201154632,25,60,43,27,29,26,13,14,10,242
21201154633,59,78,50,42,56,45,12,26,3,373
21201154634,42,66,23,25,28,24,13,12,3,243
21201154635,30,55,33,12,26,27,7,12,3,210
21201154636,0,0,0,0,0,0,0,0,0,0
21201154637,36,68,48,44,57,29,8,23,4,326
21201154638,29,37,41,20,31,19,17,23,6,219
21201154639,57,62,44,35,54,32,8,33,4,321
21201154640,24,36,22,26,26,28,18,22,3,215
21201154641,24,46,46,34,44,26,18,23,4,272
21201154642,44,81,65,37,66,46,19,30,4,392
21201154643,30,69,32,36,42,25,17,19,4,269
21201154644,37,59,45,27,24,36,11,20,11,271
21201154645,18,35,35,26,35,22,16,24,0,208
21201154646,21,52,40,41,28,27,36,30,4,276
21201154647,67,64,75,27,63,45,14,22,0,385
21201154648,34,64,38,26,35,28,15,19,5,255
21201154649,5,10,7,10,8,4,0,5,0,50
21201154650,52,91,66,62,79,50,34,36,17,481
21201154701,26,25,55,38,22,14,20,34,5,242
21201154702,32,11,32,14,17,18,14,20,6,164
21201154703,13,6,19,6,3,3,16,10,7,76
21201154704,28,28,43,18,21,14,9,26,3,194
21201154705,67,9,27,16,18,9,11,23,7,192
21201154706,36,28,54,28,36,28,29,29,10,274
21201154707,16,18,19,10,17,10,8,13,7,117
21201154708,19,33,37,21,21,21,6,12,14,187
21201154709,21,25,23,15,16,10,8,13,7,138
21201154710,20,26,58,27,30,8,22,25,4,219
21201154711,23,19,38,15,18,15,18,22,0,172
21201154712,39,30,47,20,39,15,18,25,8,237
21201154713,29,12,20,8,17,8,13,13,0,128
21201154714,12,9,11,9,19,8,3,5,0,74
21201154715,26,18,19,12,21,6,6,13,7,121
21201154716,48,11,34,18,24,15,20,26,4,185
21201154717,33,38,44,19,29,14,14,24,3,215
21201154718,7,16,13,6,6,3,3,10,0,71
21201154719,12,12,20,7,17,8,8,17,0,107
21201154720,32,12,12,6,9,11,10,13,0,106
21201154721,26,26,47,18,17,10,8,19,6,176
21201154722,23,31,57,33,40,24,24,23,5,263
21201154723,37,34,50,18,27,19,13,17,8,223
21201154724,28,37,47,14,26,14,15,14,6,205
21201154725,44,60,88,46,48,28,20,33,4,367
21201154726,39,29,35,9,25,11,5,14,6,166
21201154727,20,40,69,22,47,19,25,25,12,276
21201154801,43,16,32,13,20,13,32,23,6,186
21201154802,40,9,25,9,15,3,16,19,3,152
21201154803,45,8,29,24,20,18,28,26,5,200
21201154804,21,29,48,39,27,29,24,43,3,270
21201154805,25,27,62,30,33,13,32,28,0,243
21201154806,33,36,71,46,46,29,37,39,7,345
21201154807,16,16,39,15,19,8,14,14,3,145
21201154808,37,35,37,18,30,23,14,32,11,234
21201154809,31,111,66,38,50,31,16,14,0,355
21201154810,12,16,32,15,17,11,19,22,5,144
21201154811,16,23,47,21,33,19,23,21,4,197
21201154812,5,10,16,10,10,5,14,12,5,87
21201154813,25,59,36,26,23,21,12,19,3,223
21201154814,26,20,36,14,16,19,22,22,0,180
21201154815,37,13,24,9,21,7,14,26,3,150
21201154816,30,31,68,44,50,33,42,42,9,351
21201154817,10,14,32,19,25,15,22,34,9,173
21201154818,19,17,35,37,12,12,15,15,11,175
21201154819,43,13,23,10,8,11,14,16,0,136
21201154820,20,4,12,9,11,5,12,14,0,92
21201154821,11,21,38,26,30,19,17,22,9,191
21201154822,37,7,20,15,15,9,9,20,0,141
21201154823,47,16,51,10,28,17,15,38,0,238
21201154824,21,17,39,23,24,18,27,26,12,208
21201154825,28,10,22,19,13,7,13,20,13,140
21201154826,15,11,31,13,22,13,29,19,4,155
21201154901,22,40,35,32,18,9,9,21,4,195
21201154902,8,29,17,18,20,17,21,19,4,154
21201154903,10,20,17,15,17,8,13,18,0,122
21201154904,14,15,36,22,24,10,10,15,9,159
21201154905,25,20,29,16,17,25,17,20,9,173
21201154906,25,39,39,23,27,25,16,26,3,216
21201154907,8,29,34,17,21,4,22,20,5,152
21201154908,16,28,36,27,23,25,34,27,5,228
21201154909,24,29,45,29,26,25,15,35,0,241
21201154910,15,28,45,23,19,20,23,35,0,207
21201154911,17,35,67,39,33,19,41,43,9,300
21201154912,0,0,0,0,0,0,0,0,0,0
21201154913,18,40,39,37,34,33,31,36,3,265
21201154914,29,42,45,19,36,19,24,28,3,247
21201154915,16,20,31,22,17,18,16,21,3,166
21201154916,25,38,47,34,41,28,25,28,3,277
21201154917,20,17,50,30,26,9,29,32,0,222
21201154918,16,16,24,18,13,10,11,20,3,140
21201154919,34,22,36,18,40,21,17,23,0,215
21201154920,20,38,37,28,32,24,25,28,5,236
21201154921,15,22,25,18,14,21,24,17,4,152
21201154922,40,46,48,25,44,27,21,29,7,288
21201154923,32,46,73,43,35,24,41,34,6,325
21201154924,31,37,34,33,32,26,28,33,5,252
21201154925,0,14,25,15,13,12,9,21,0,116
21201154926,16,26,30,22,32,28,28,14,3,199
21201154927,33,33,35,33,37,23,12,16,6,231
21201154928,23,34,35,26,17,18,21,25,0,197
21201154929,27,41,58,38,20,34,24,33,3,272
21201154930,31,30,43,28,41,32,35,35,10,267
21201154931,22,25,49,32,41,24,30,21,4,248
21201154932,21,24,29,17,27,14,12,17,0,153
21201154933,10,19,14,23,19,20,21,16,5,146
21201154934,13,32,26,22,23,10,15,14,3,170
21201154935,15,24,33,21,26,24,23,22,4,194
21201154936,21,31,36,29,19,24,21,30,0,214
21201155001,20,17,24,19,21,18,14,23,3,162
21201155002,42,66,62,32,49,32,18,35,9,344
21201155003,29,86,43,35,44,37,17,20,9,316
21201155004,34,48,37,40,34,36,42,35,8,307
21201155005,11,20,29,22,17,21,17,27,3,160
21201155006,22,25,30,24,24,8,14,9,0,164
21201155007,10,18,31,20,27,17,18,29,4,167
21201155008,26,60,49,32,33,21,20,17,7,260
21201155009,13,29,21,29,13,20,24,13,6,167
21201155010,21,28,26,26,25,27,14,24,5,197
21201155011,16,29,39,39,32,22,30,47,8,256
21201155012,38,62,56,41,36,23,18,24,3,300
21201155013,16,20,11,9,10,7,5,6,0,75
21201155014,0,3,0,0,8,0,0,0,0,10
21201155015,12,15,32,23,14,13,12,10,5,146
21201155016,31,54,35,21,32,14,11,10,5,220
21201155017,46,72,69,56,68,31,42,40,9,432
21201155018,6,12,20,11,14,8,9,19,0,97
21201155101,7,22,39,36,26,21,16,32,0,200
21201155102,23,31,58,35,27,33,25,46,0,281
21201155103,12,11,31,25,13,14,26,29,0,161
21201155104,0,5,4,0,5,0,0,0,4,19
21201155105,17,25,37,26,21,20,23,25,6,197
21201155106,16,38,62,25,26,13,47,36,0,269
21201155107,0,0,0,0,0,0,0,0,0,0
21201155108,27,30,57,15,27,15,16,27,0,212
21201155109,20,34,25,49,18,14,30,29,0,228
21201155110,15,33,30,49,28,11,22,30,9,229
21201155111,24,57,48,40,31,26,39,47,11,312
21201155112,20,26,48,43,29,14,16,32,5,243
21201155113,0,0,0,0,0,0,0,0,0,0
21201155114,11,5,21,10,11,10,8,12,10,86
21201155115,15,26,24,31,12,12,19,37,3,168
21201155116,19,18,33,15,16,15,20,30,4,172
21201155201,29,79,50,36,43,36,35,36,10,352
21201155202,24,33,38,32,38,28,19,43,3,264
21201155203,24,19,28,18,12,19,10,27,0,156
21201155204,7,5,19,4,8,10,10,7,4,69
21201155205,14,38,34,28,42,25,25,20,8,242
21201155206,25,36,23,24,22,18,15,20,8,187
21201155207,21,39,43,38,38,24,27,27,3,266
21201155208,25,18,41,21,27,22,19,26,5,203
21201155209,25,52,52,69,40,24,50,37,5,353
21201155210,25,46,43,47,31,31,51,41,4,312
21201155211,16,22,25,12,23,12,17,26,0,162
21201155212,41,38,52,38,22,33,16,22,0,259
21201155213,26,31,20,9,23,15,6,5,0,148
21201155214,26,50,37,37,36,28,14,25,6,268
21201155215,32,58,43,33,25,18,13,26,10,252
21201155216,27,29,16,20,26,16,6,16,3,154
21201155217,13,24,22,25,21,20,14,35,0,176
21201155218,0,11,18,11,10,10,11,20,0,92
21201155219,38,54,43,38,50,41,18,33,8,312
21201155220,4,0,0,4,3,3,3,8,0,26
21201155221,17,21,56,35,37,26,27,46,10,277
21201155222,6,19,24,32,16,22,21,24,0,161
21201155223,11,31,53,27,25,22,23,32,7,231
21201155224,17,42,33,24,31,18,30,25,3,225
21201155225,43,47,65,48,41,32,65,41,9,386
21201155226,28,58,48,47,34,30,27,40,3,324
21201155227,24,30,29,20,20,17,11,23,6,184
21201155228,22,49,49,32,38,22,16,25,6,261
21201155229,16,35,32,25,27,16,22,33,9,225
21201155230,23,37,26,21,32,31,10,20,6,204
21201155231,18,21,27,30,12,9,25,27,4,175
21201155232,19,24,24,20,29,16,14,9,3,155
21201155233,29,32,46,52,32,32,24,41,3,281
21201155234,30,25,25,36,35,32,18,17,4,223
21201155235,34,37,52,51,40,22,49,50,8,342
21201155236,8,29,28,32,20,17,28,19,0,175
21201155237,26,53,49,63,38,26,38,45,12,339
21201155238,9,27,27,18,21,16,17,21,3,164
21201155239,34,44,43,40,35,31,31,43,0,297
21201155240,12,24,24,35,21,15,35,30,6,215
21201155241,35,47,58,40,47,25,51,43,8,356
21201155242,20,37,31,31,30,27,13,28,0,217
21201155243,27,49,19,28,25,19,19,19,4,210
21201155244,41,93,67,62,43,41,27,36,13,421
21201155245,14,16,20,17,19,9,16,11,7,132
21201155246,8,0,12,0,0,0,3,0,0,24
21201155247,24,54,41,31,49,28,29,43,6,309
21201155248,21,37,42,40,33,25,30,45,7,269
21201155249,45,54,57,26,33,34,19,44,10,320
21201155250,31,45,44,31,39,29,25,34,9,282
21201155251,16,33,22,26,19,16,17,16,0,167
21201155252,11,32,31,17,20,19,6,25,9,162
21201155253,34,42,16,19,36,21,16,37,3,221
21201155254,58,66,67,44,51,30,21,32,12,378
21202129301,43,72,41,35,45,36,19,30,8,323
21202129302,27,51,35,23,36,27,9,10,0,227
21202129303,26,32,11,19,22,7,9,11,0,145
21202129304,24,60,28,19,32,28,11,10,0,206
21202129305,17,32,17,15,24,24,7,12,0,150
21202129306,22,44,41,29,35,20,14,29,0,231
21202129308,37,58,37,31,42,37,9,24,3,282
21202129309,35,43,21,14,28,17,7,8,0,175
21202129310,24,28,24,18,31,9,18,19,3,175
21202129311,25,56,40,13,31,19,13,11,10,220
21202129312,20,52,42,24,33,13,15,16,7,233
21202129313,14,30,31,17,14,19,11,15,0,151
21202129314,94,100,61,40,84,48,12,25,14,480
21202129315,53,60,15,14,42,17,6,6,9,229
21202129316,32,53,25,18,36,27,14,9,0,214
21202129317,40,59,36,21,37,22,9,16,7,238
21202129318,64,71,40,27,59,36,13,25,6,338
21202129319,41,61,37,34,36,22,11,21,3,262
21202129320,45,66,38,21,39,22,8,16,0,255
21202129321,33,49,32,17,32,16,4,11,3,193
21202129322,29,32,17,6,32,13,9,4,0,138
21202129323,39,40,13,23,22,22,3,15,3,185
21202129324,29,46,17,19,26,18,4,10,0,173
21202129325,32,45,34,23,25,20,3,13,4,208
21202129326,36,60,26,23,30,23,6,14,3,221
21202129327,26,61,50,29,45,24,13,20,5,267
21202129328,50,41,15,16,31,25,6,5,3,184
21202129329,72,85,42,23,48,53,6,23,6,347
21202129331,32,76,35,15,26,17,4,11,0,217
21202129332,46,58,52,39,45,30,12,23,7,306
21202129333,33,53,31,16,25,10,5,10,0,182
21202129334,27,54,28,19,38,19,7,26,0,215
21202129335,74,94,47,34,52,29,12,26,0,374
21202129336,50,48,22,14,31,16,5,7,7,194
21202129337,32,9,11,6,11,5,0,3,0,70
21202129338,21,56,35,14,38,15,12,15,0,204
21202129339,8,25,25,21,18,13,4,12,0,135
21202129340,20,42,31,31,27,17,20,13,0,191
21202129341,18,47,34,18,33,12,20,19,0,204
21202129342,23,58,56,37,40,20,8,28,7,284
21202129343,25,47,38,23,42,23,14,19,6,233
21202129344,12,37,26,19,9,8,10,7,0,139
21202129345,7,15,3,8,4,3,5,5,3,62
21202129346,33,51,26,12,21,23,11,11,0,182
21202129347,22,32,20,19,27,17,6,14,0,154
21202129348,12,22,25,10,15,6,0,13,6,110
21202129349,5,21,13,15,10,8,12,3,7,99
21202129350,26,34,19,3,27,16,11,10,0,139
21202129351,13,26,12,14,21,14,3,5,0,110
21202129352,13,26,14,25,15,9,7,3,3,123
21202129353,30,23,15,10,22,17,0,9,0,127
21202129354,0,0,0,0,0,0,0,0,0,0
21202129355,38,67,21,25,33,32,0,4,3,231
21202129356,50,69,24,23,40,31,13,13,7,264
21202129357,43,53,40,38,39,33,14,20,6,286
21202129501,4,10,15,11,6,3,4,8,5,68
21202129502,0,0,0,0,0,0,0,0,0,0
21202129503,0,0,0,0,0,0,0,0,0,0
21202129504,0,9,29,13,11,6,12,8,3,92
21202129505,12,13,55,20,18,9,21,26,5,174
21202129506,15,29,42,29,37,20,28,31,11,247
21202129507,4,10,37,16,7,14,10,18,3,122
21202129508,11,21,33,26,18,11,28,40,3,189
21202129509,0,0,0,0,0,0,0,0,0,0
21202129510,19,33,67,34,28,11,48,39,3,287
21202129511,4,18,26,18,11,4,20,35,0,131
21202129512,16,38,57,22,17,15,35,47,18,269
21202129513,22,37,45,19,27,7,40,42,9,247
21202129514,3,7,26,16,8,10,4,21,0,101
21202129515,22,25,64,24,15,29,29,44,8,258
21202129516,10,18,32,14,10,9,42,24,7,172
21202129517,11,7,42,22,19,8,23,31,3,165
21202129518,5,24,52,25,15,14,48,45,9,234
21202129519,12,13,48,16,11,12,26,26,5,174
21202129520,7,11,38,16,13,25,32,47,4,193
21202129521,4,14,47,13,16,7,24,24,6,168
21202129522,6,11,33,20,5,15,35,23,3,147
21202129523,15,41,34,24,21,19,8,37,9,210
21202129524,8,21,33,29,24,14,32,35,3,191
21202129525,22,25,68,42,26,28,46,54,13,330
21202129526,19,25,47,29,16,17,22,32,3,215
21202129701,20,37,30,28,26,19,20,31,8,212
21202129702,9,22,29,17,14,14,17,20,0,138
21202129703,23,16,35,19,29,15,20,30,6,194
21202129704,19,22,30,29,36,16,24,29,5,211
21202129705,27,37,27,23,36,19,34,39,9,244
21202129706,21,54,43,20,28,17,24,23,3,239
21202129707,7,19,21,20,21,12,19,11,3,131
21202129708,24,41,39,20,43,27,19,24,0,235
21202129709,29,32,39,23,34,15,33,34,0,237
21202129710,19,18,34,15,22,12,23,34,0,176
21202129711,27,13,26,6,12,3,18,24,0,138
21202129712,19,30,33,18,25,20,22,20,0,176
21202129713,25,51,43,39,44,23,30,32,7,292
21202129714,23,28,45,20,17,17,25,19,4,197
21202129715,15,20,31,23,34,19,23,26,4,193
21202129716,17,22,19,26,23,18,13,19,11,163
21202129717,12,17,21,22,20,15,23,27,9,163
21202129718,9,13,39,29,24,18,31,37,4,198
21202129719,8,34,35,22,26,18,28,25,6,199
21202129720,3,0,0,0,0,0,0,0,0,10
21202129721,12,22,40,15,27,13,18,42,7,191
21202129722,19,18,45,29,24,15,24,22,4,193
21202129723,18,17,14,21,8,11,10,23,0,122
21202129724,6,21,30,11,11,8,11,16,0,112
21202129725,14,21,19,9,16,16,15,25,0,135
21202129726,8,17,20,8,17,15,11,10,0,107
21202129901,49,57,41,23,34,16,3,24,3,249
21202129902,31,32,27,9,24,12,4,3,6,151
21202129903,38,29,20,10,25,16,11,6,5,160
21202129904,25,36,28,10,37,7,11,11,6,180
21202129905,16,11,13,10,19,6,10,3,7,104
21202129906,41,35,42,14,31,15,12,21,9,212
21202129908,39,41,28,13,29,13,8,22,3,193
21202129909,51,50,22,14,30,18,9,9,10,207
21202129910,59,37,54,25,53,27,8,28,9,289
21202129911,65,62,50,22,46,25,23,28,13,330
21202129912,36,35,47,25,31,15,13,21,12,238
21202129913,35,49,48,34,47,35,19,28,11,291
21202129914,51,69,52,31,56,40,23,20,4,343
21202129915,18,32,22,6,21,19,12,8,3,149
21202129916,21,34,21,5,20,4,4,10,0,126
21202129917,11,23,19,11,13,24,8,11,6,120
21202129918,39,32,38,15,40,18,19,16,10,234
21202129919,19,35,20,7,20,15,13,15,3,155
21202129920,62,62,66,31,64,59,9,23,9,381
21202145301,18,46,41,33,34,29,23,15,4,245
21202145302,9,25,15,16,10,12,8,3,0,108
21202145303,57,42,46,16,50,20,10,18,0,258
21202145304,13,12,10,6,13,15,11,11,0,95
21202145305,14,53,36,26,22,15,17,31,4,216
21202145306,15,35,22,22,30,14,15,13,5,169
21202145307,12,32,26,23,28,18,18,18,3,171
21202145308,14,21,15,11,13,6,10,8,0,99
21202145309,13,42,39,20,33,21,9,18,0,200
21202145310,10,17,15,8,20,5,15,12,3,115
21202145311,0,0,0,0,0,0,0,0,0,0
21202145312,29,61,31,16,40,18,16,14,0,231
21202145313,12,10,11,4,13,16,7,11,0,91
21202145314,17,25,20,10,17,9,11,16,4,125
21202145315,12,29,30,23,26,20,19,15,5,177
21202145316,32,44,52,25,37,22,20,31,11,279
21202145317,17,22,24,18,18,12,10,16,3,136
21202145318,18,29,25,16,23,14,14,20,6,167
21202145319,15,26,27,8,16,18,11,19,4,147
21202145320,18,32,21,27,20,15,11,20,8,165
21202145321,18,51,35,23,35,21,13,24,0,208
21202145322,12,34,11,14,15,17,9,12,3,123
21202145323,26,37,38,33,27,23,20,31,10,237
21202145324,52,80,40,42,56,32,42,36,8,390
21202145325,22,30,22,13,25,5,11,16,4,141
21202145326,63,58,40,25,46,28,13,12,7,292
21202145327,12,30,19,16,17,13,20,15,4,144
21202145328,9,29,18,14,32,16,14,11,7,148
21202145329,11,35,21,15,18,9,20,26,7,163
21202145330,6,15,11,10,3,6,10,0,4,60
21202145331,24,39,30,17,32,16,15,21,7,200
21202145332,11,20,30,10,23,22,6,19,0,156
21202145333,17,20,32,18,33,14,13,19,0,160
21202145401,16,22,23,6,22,14,8,7,0,119
21202145402,14,40,24,14,29,15,13,20,3,165
21202145403,23,34,29,24,25,17,10,19,7,182
21202145404,30,49,34,21,30,22,10,21,3,216
21202145405,31,64,25,29,44,34,19,20,0,266
21202145406,11,21,19,13,11,7,9,13,0,110
21202145407,11,22,24,16,22,14,22,21,3,149
21202145408,20,32,25,16,25,14,12,25,4,177
21202145409,24,27,29,16,22,15,7,12,5,145
21202145410,16,46,29,25,36,18,21,23,6,218
21202145411,18,55,32,19,21,7,19,14,8,183
21202145412,21,41,39,34,26,23,19,19,0,225
21202145413,25,46,37,32,33,17,24,24,4,251
21202145414,30,51,39,29,19,23,22,39,7,265
21202145415,28,45,18,16,27,19,10,16,9,190
21202145416,13,26,16,20,21,10,17,13,0,123
21202145417,23,41,27,26,35,18,18,16,0,213
21202145418,21,44,44,29,40,22,19,11,4,241
21202145419,23,30,18,11,22,12,12,17,0,148
21202145420,13,20,20,22,11,3,9,9,0,101
21202145421,25,27,25,7,23,26,9,15,3,157
21202145422,17,40,30,22,23,29,19,20,0,196
21202145423,13,39,20,9,28,23,18,16,0,168
21202145424,21,37,33,17,21,27,28,17,5,197
21202145425,27,34,18,18,22,11,11,9,4,155
21202145426,42,41,37,17,23,32,13,21,7,228
21202145427,13,38,14,10,21,8,6,11,4,119
21202145428,23,32,22,28,21,11,16,25,5,183
21202145429,12,29,21,8,28,6,6,16,0,129
21202145430,13,26,22,9,24,13,4,7,3,133
21202145431,10,16,20,20,21,4,13,11,0,114
21202145432,8,25,12,10,10,4,5,4,4,84
21202145433,26,34,28,18,31,11,17,19,0,185
21202145434,0,0,0,0,0,0,0,0,0,0
21202145435,20,45,30,18,27,14,10,13,6,183
21202145436,12,36,19,14,19,10,11,17,4,145
21202145501,54,79,66,35,55,45,23,34,12,398
21202145502,18,27,28,20,38,28,24,20,10,208
21202145503,13,32,38,20,28,23,18,23,8,196
21202145504,30,28,44,21,29,24,15,14,0,204
21202145505,13,12,26,19,15,23,19,24,0,150
21202145506,17,22,28,17,25,19,17,10,0,155
21202145507,29,48,55,48,50,32,18,29,5,310
21202145508,13,40,52,29,42,24,15,18,4,251
21202145509,26,41,29,15,28,7,18,18,4,189
21202145510,11,22,14,12,11,8,8,8,0,93
21202145511,10,35,40,28,33,17,23,16,4,213
21202145512,17,32,38,30,33,17,30,17,0,214
21202145513,20,32,34,36,39,19,23,28,3,231
21202145514,13,23,26,16,14,14,9,18,5,139
21202145515,23,48,48,37,50,26,22,28,6,284
21202145516,7,32,35,19,18,23,10,9,4,161
21202145517,10,18,11,8,13,10,15,11,4,101
21202145518,19,25,24,20,24,20,14,11,0,164
21202145519,18,24,23,20,28,20,15,19,3,172
21202145520,11,30,37,8,23,21,13,19,4,181
21202145521,24,40,37,27,30,20,14,28,9,228
21202145522,42,56,51,23,45,28,25,22,4,292
21202145523,13,22,22,27,25,12,16,21,3,162
21202145524,6,25,38,16,16,12,9,20,0,156
21202145525,34,54,29,31,46,17,16,23,6,266
21202145526,26,49,35,24,31,20,12,22,7,220
21202145527,21,37,39,28,29,22,24,37,4,236
21202145528,13,29,18,20,23,13,15,18,6,145
21202145529,23,30,31,27,24,15,24,15,4,198
21202145530,25,30,38,12,34,26,18,22,6,201
21202145531,44,46,40,32,46,31,19,26,8,282
21202145532,13,20,28,15,16,13,12,10,3,122
21202145533,19,41,26,24,23,13,17,15,15,193
21202145534,10,24,24,12,12,7,6,8,5,105
21202145601,24,48,67,41,56,33,39,34,7,337
21202145602,52,91,40,44,57,31,43,45,12,404
21202145603,26,39,54,20,56,17,25,35,6,279
21202145604,15,38,49,33,42,29,18,25,6,247
21202145605,15,27,37,20,18,16,24,19,0,181
21202145606,0,0,0,4,0,0,0,0,0,4
21202145607,28,57,38,31,38,25,29,44,12,308
21202145608,7,10,20,9,9,4,20,13,8,111
21202145609,16,19,22,21,20,12,17,10,0,138
21202145610,20,13,30,17,25,7,13,29,3,151
21202145611,24,31,46,29,39,20,25,17,8,243
21202145612,26,47,37,24,43,27,23,28,10,259
21202145613,16,28,36,20,32,21,22,41,5,229
21202145614,17,18,46,27,26,17,25,45,4,228
21202145615,24,54,48,41,40,39,34,36,9,311
21202145616,28,29,41,27,28,11,20,25,4,228
21202145617,5,22,15,4,16,7,8,18,5,103
21202145618,22,48,45,30,36,18,27,43,6,282
21202145619,21,37,45,23,37,13,25,24,14,245
21202145620,14,40,26,19,41,27,22,27,0,199
21202145621,11,31,22,26,26,18,30,26,4,199
21202145622,10,20,22,20,18,5,19,23,0,140
21202145623,7,13,21,21,13,10,16,19,0,120
21202145624,16,26,32,20,17,18,25,21,8,183
21202145625,13,19,35,26,28,17,21,28,5,193
21202145626,23,19,22,16,17,8,17,11,6,139
21202145627,0,0,0,0,0,0,0,0,0,0
21202145628,16,60,32,28,34,23,20,30,15,259
21202145629,41,87,66,53,68,31,33,41,12,439
21202145630,24,35,50,32,30,19,34,44,0,265
21202145631,13,23,37,13,15,18,18,15,6,159
21202145632,20,18,30,27,26,23,31,17,14,211
21202155301,36,50,33,28,34,25,12,10,0,240
21202155302,26,38,19,13,27,11,11,13,5,159
21202155303,28,43,33,30,28,20,10,22,0,216
21202155304,33,56,29,24,27,16,5,7,4,204
21202155305,18,48,33,18,22,10,4,18,5,180
21202155306,23,41,29,24,31,14,10,12,4,191
21202155307,27,48,26,31,40,24,14,15,6,242
21202155308,38,50,55,31,49,26,18,31,9,304
21202155309,31,71,34,28,40,30,18,19,6,269
21202155310,32,42,40,31,29,18,28,19,11,249
21202155311,48,76,53,34,74,42,20,16,4,373
21202155312,39,81,21,29,33,22,16,16,0,252
21202155313,4,35,30,14,20,5,14,23,7,147
21202155314,13,39,24,25,29,20,23,31,9,209
21202155315,23,57,26,22,25,21,19,20,8,218
21202155316,26,51,20,14,34,26,12,27,0,220
21202155317,33,69,53,33,40,33,22,30,11,318
21202155318,19,21,30,19,20,18,3,15,3,146
21202155319,12,26,14,11,24,16,11,13,0,127
21202155320,28,52,30,32,35,23,19,12,4,240
21202155321,61,129,50,45,68,42,34,36,13,469
21202155322,41,78,23,22,35,20,10,15,7,246
21202155323,40,75,22,24,32,33,16,21,0,261
21202155324,28,60,28,24,37,20,15,20,5,237
21202155325,18,34,26,25,21,26,10,19,0,181
21202155326,58,103,48,34,61,38,31,26,5,403
21202155327,28,46,35,32,34,29,15,31,0,253
21202155328,30,58,30,12,35,18,0,10,3,202
21202155329,30,45,28,29,24,18,0,11,4,190
21202155330,43,80,30,27,44,26,14,24,7,299
21202155331,38,118,28,32,39,14,14,14,9,298
21202155332,27,27,13,9,15,23,6,6,3,124
21202155333,27,48,15,17,26,15,17,9,4,186
21202155334,21,35,12,15,20,10,4,6,3,123
21202155335,37,100,55,35,53,33,25,39,5,390
21202155336,38,71,42,29,42,38,6,14,7,289
21202155337,45,46,23,25,21,17,11,23,9,213
21202155338,13,40,24,17,24,20,13,6,0,156
21202155339,32,37,30,23,29,20,3,6,8,181
21202155401,27,22,10,16,13,19,3,10,3,129
21202155402,32,57,56,42,34,33,17,21,3,308
21202155403,0,0,0,0,0,0,0,0,0,0
21202155404,38,56,24,22,32,18,11,22,3,233
21202155405,0,0,0,0,0,0,0,0,0,0
21202155406,8,28,25,11,22,11,11,16,0,140
21202155407,59,163,57,64,58,31,27,27,8,495
21202155408,16,18,21,15,23,17,9,20,0,131
21202155409,32,48,16,15,23,19,12,12,0,174
21202155410,17,34,19,16,23,9,16,17,9,154
21202155411,42,65,31,29,34,29,9,28,0,268
21202155412,47,71,48,43,33,32,12,29,3,310
21202155413,31,62,28,26,34,21,15,10,3,232
21202155414,49,81,47,36,46,31,18,30,12,348
21202155415,55,113,77,46,73,46,33,44,4,499
21202155416,25,67,41,28,34,25,21,25,12,285
21202155417,26,62,45,33,42,27,24,26,3,293
21202155418,34,79,43,30,34,26,16,26,10,298
21202155419,16,34,33,31,23,21,21,22,3,206
21202155420,11,31,25,16,17,8,8,14,0,134
21202155421,33,60,47,35,33,34,16,15,5,283
21202155422,23,40,34,12,28,26,21,8,0,185
21202155423,12,41,27,24,12,11,18,25,6,171
21202155424,50,60,39,30,32,36,22,22,12,316
21202155425,22,35,29,15,29,16,12,17,3,183
21203130001,13,18,26,21,18,7,20,17,0,138
21203130002,16,15,43,32,18,18,32,31,12,222
21203130003,15,20,30,17,21,17,26,29,3,185
21203130004,15,30,36,36,27,23,30,52,7,243
21203130005,10,16,21,23,22,24,33,40,9,192
21203130006,7,11,25,18,14,10,18,17,3,132
21203130007,20,25,25,19,27,16,22,21,4,172
21203130008,23,22,39,29,29,24,37,28,0,230
21203130009,17,12,42,14,25,17,15,21,3,161
21203130010,38,41,44,46,40,30,42,37,0,318
21203130013,25,15,32,17,26,18,17,16,3,170
21203130016,7,14,29,16,23,11,22,22,0,147
21203130017,13,28,28,19,17,13,29,32,6,183
21203130018,23,17,33,25,28,20,25,40,12,206
21203130019,23,13,28,36,21,18,20,30,9,182
21203130021,21,20,28,25,10,12,31,31,10,194
21203130022,5,13,23,17,17,0,22,29,0,127
21203130023,15,11,27,20,17,17,19,36,4,182
21203130024,10,11,22,39,17,19,28,34,10,187
21203130025,12,19,39,25,19,15,21,42,0,191
21203130026,15,13,38,20,21,14,19,36,4,177
21203130027,10,13,26,19,15,18,14,23,0,137
21203130028,17,22,42,27,33,21,35,27,4,223
21203130029,9,12,26,13,10,4,21,31,4,134
21203130030,8,7,18,12,7,0,17,17,7,90
21203130031,13,13,22,22,19,12,23,22,6,153
21203130032,15,9,26,19,13,11,21,31,0,151
21203130033,15,27,48,29,23,20,37,43,5,249
21203130034,16,11,35,27,32,16,32,28,0,201
21203130035,4,6,10,12,3,9,19,17,3,78
21203130036,0,0,0,0,0,0,0,0,0,3
21203130037,21,13,9,6,17,11,6,9,0,84
21203130038,8,20,26,15,14,17,18,27,7,156
21203130039,9,16,35,18,16,10,34,33,3,175
21203130040,10,16,20,29,21,11,14,17,7,149
21203130041,16,39,41,20,32,26,45,47,6,273
21203130042,18,18,26,32,22,11,30,15,5,166
21203130043,11,10,23,14,14,8,20,12,0,120
21203130044,56,117,79,97,69,46,41,73,3,577
21203130045,9,12,24,21,20,9,21,25,5,150
21203130046,22,36,56,37,27,32,36,38,7,286
21203130047,18,14,27,21,26,18,31,29,4,191
21203130048,23,25,55,24,35,29,24,21,4,247
21203130049,21,25,32,43,39,10,28,17,4,220
21203130050,31,23,55,30,35,17,31,29,7,269
21203130051,3,12,4,16,9,5,7,5,0,57
21203130052,11,25,26,9,28,21,15,21,3,151
21203130053,32,35,68,37,53,19,30,37,12,324
21203130054,8,29,29,15,36,9,16,30,11,181
21203130055,17,40,43,30,43,22,33,37,10,277
21203130056,3,9,13,9,12,10,15,4,4,76
21203130301,27,14,31,3,21,13,12,25,0,155
21203130302,28,31,45,16,34,19,17,28,8,213
21203130303,26,18,29,9,26,5,13,18,0,150
21203130305,6,9,16,20,11,11,14,18,7,108
21203130306,43,39,46,19,41,27,18,31,4,264
21203130307,34,31,40,18,31,13,14,28,6,203
21203130308,34,19,55,22,35,11,24,34,7,250
21203130309,36,29,54,19,35,23,19,30,9,260
21203130311,21,8,16,8,20,14,11,8,0,108
21203130312,18,14,24,8,9,9,10,12,3,103
21203130313,12,22,41,19,21,19,17,22,8,172
21203130316,80,86,90,62,79,51,29,39,8,514
21203130317,63,60,69,40,67,40,18,39,8,403
21203130318,60,55,67,55,50,28,22,29,5,374
21203130320,13,17,21,17,29,6,11,13,5,134
21203130321,14,29,29,28,20,19,13,16,0,165
21203130322,7,6,12,7,4,5,4,7,0,39
21203130323,10,16,20,17,12,3,11,11,0,105
21203130324,46,34,41,38,38,20,27,26,8,282
21203130325,9,33,29,17,25,15,19,11,0,163
21203130326,22,50,56,28,28,13,15,16,0,238
21203130327,31,47,44,30,56,29,12,19,4,268
21203130328,33,51,38,39,41,24,26,28,3,277
21203130329,22,17,30,15,30,11,17,19,0,166
21203130330,9,14,23,13,18,5,14,19,0,107
21203130331,0,0,0,0,0,0,0,0,0,0
21203130332,14,24,17,15,21,14,6,13,0,135
21203130333,24,37,31,45,18,22,21,18,6,214
21203130334,13,17,4,9,9,5,6,3,7,77
21203130335,24,37,31,32,42,14,6,7,5,202
21203130336,17,33,31,15,16,21,18,24,0,167
21203130337,59,88,73,49,60,43,35,28,8,444
21203130338,5,26,7,14,5,0,13,18,0,91
21203130339,24,48,39,43,25,17,25,20,5,238
21203130340,17,41,40,16,37,14,7,20,4,185
21203130341,9,6,11,15,10,5,6,11,3,75
21203130342,23,34,22,21,15,12,18,15,0,153
21203130343,33,35,19,19,24,12,7,9,5,167
21203130344,13,9,31,18,21,10,9,13,3,125
21203130345,21,32,34,23,34,13,21,18,0,206
21203130346,10,25,16,20,24,10,30,17,0,158
21203130347,32,65,48,32,33,18,7,27,5,256
21203130348,4,17,14,5,8,10,5,9,0,93
21203130349,23,37,42,34,31,23,17,17,5,228
21203130350,28,57,50,27,36,21,15,21,7,257
21203130351,0,0,0,0,0,0,0,5,0,8
21203130352,9,42,28,27,17,17,18,16,0,175
21203130353,20,26,26,35,15,6,17,12,0,152
21203130354,0,0,0,0,0,0,0,0,0,0
21203130355,20,37,36,37,21,16,20,18,0,209
21203130401,21,17,45,32,27,22,29,35,8,242
21203130402,12,12,28,14,14,10,24,21,3,134
21203130403,11,19,25,19,8,13,15,16,0,132
21203130404,22,24,42,26,31,32,23,36,3,242
21203130405,21,23,39,28,32,10,37,55,3,257
21203130406,3,13,35,20,24,7,19,26,6,153
21203130407,11,28,33,25,24,25,29,36,5,215
21203130408,11,24,52,42,34,26,49,54,6,301
21203130412,22,14,37,25,21,26,21,38,15,217
21203130413,12,10,32,18,19,9,16,22,0,136
21203130414,12,18,25,27,16,14,24,27,5,162
21203130416,9,18,17,19,11,15,21,21,0,130
21203130417,6,9,14,14,19,4,14,19,0,96
21203130418,5,6,21,13,16,7,13,22,4,109
21203130419,6,11,22,12,13,5,20,22,3,119
21203130420,4,10,28,18,6,12,20,21,0,127
21203130421,48,70,50,71,48,24,55,52,17,439
21203130422,47,72,61,48,59,46,51,56,9,443
21203130423,38,94,56,56,51,44,38,52,4,437
21203130426,6,15,28,22,24,5,31,38,3,170
21203130427,13,27,41,32,23,21,29,28,4,212
21203130428,15,17,27,33,26,15,39,43,12,220
21203130429,16,14,34,25,12,21,33,20,0,186
21203130431,3,0,7,0,3,0,0,6,0,16
21203130432,10,19,24,28,13,12,25,32,3,175
21203130434,8,19,33,17,24,17,19,24,0,165
21203130445,13,15,45,21,31,25,43,29,10,224
21203130446,21,48,32,19,32,14,19,26,6,210
21203130447,22,39,36,40,30,20,22,21,6,235
21203130448,0,0,3,0,3,0,5,5,0,18
21203130449,49,56,48,41,60,25,35,21,5,344
21203130450,16,45,36,22,13,8,20,23,0,190
21203130451,15,3,17,11,13,9,8,9,0,85
21203130452,35,72,48,35,42,24,22,26,10,314
21203130453,25,41,38,35,32,23,32,30,8,250
21203130454,28,51,35,34,21,17,19,21,4,226
21203130455,15,37,22,18,22,14,17,10,3,152
21203130456,50,144,73,75,67,56,42,55,8,579
21203130457,29,48,48,33,39,22,30,36,0,292
21203130458,23,36,24,27,33,12,22,18,0,198
21203130459,32,41,41,37,20,13,12,13,5,224
21203130460,19,34,29,24,23,14,26,22,4,203
21203130461,36,56,47,53,40,35,34,42,5,342
21203130462,31,47,40,31,28,7,30,24,7,249
21203130463,27,54,33,31,32,19,36,27,4,262
21203130464,35,59,52,33,48,26,38,31,8,328
21203130465,20,64,47,61,30,22,35,29,4,316
21203130602,31,25,36,27,32,23,23,29,0,230
21203130603,25,22,31,12,29,26,23,28,5,204
21203130605,18,34,29,22,25,16,21,27,3,200
21203130606,23,40,26,33,40,14,23,31,4,233
21203130607,18,48,29,30,41,17,38,37,7,269
21203130608,21,35,47,36,42,31,30,27,8,275
21203130609,0,0,0,0,0,0,0,0,0,0
21203130611,15,40,22,17,24,6,14,13,9,162
21203130612,34,54,41,37,42,14,26,59,7,306
21203130614,11,25,10,14,26,11,21,8,8,137
21203130615,36,85,50,48,47,28,44,40,15,391
21203130616,45,79,37,26,35,21,24,20,7,287
21203130617,19,56,30,50,35,23,49,40,16,312
21203130618,26,84,27,20,65,35,23,27,6,313
21203130619,49,85,49,52,60,28,36,44,10,417
21203130620,26,37,34,22,26,11,27,22,3,217
21203130621,23,52,44,30,33,26,25,40,5,258
21203130622,36,70,39,52,47,29,36,35,5,341
21203130623,31,71,46,36,44,28,23,34,15,318
21203130624,37,66,36,28,42,17,33,23,10,286
21203130627,42,56,38,25,47,23,31,35,10,313
21203130628,33,68,30,31,36,24,27,30,8,285
21203130630,16,44,24,23,24,13,31,38,7,215
21203130632,28,74,36,39,35,22,22,22,6,298
21203130633,32,72,16,28,37,13,17,26,8,248
21203130634,10,52,32,25,26,15,14,19,7,193
21203130635,0,0,0,0,0,0,0,0,0,0
21203130636,22,53,42,30,45,22,30,44,5,290
21203130637,32,85,45,39,36,21,27,28,7,326
21203130638,31,57,34,33,43,27,31,34,11,304
21203130639,34,69,45,20,46,23,19,11,6,278
21203130640,44,88,45,46,42,20,33,24,10,351
21203130641,16,26,33,25,27,18,17,26,5,192
21203130642,26,54,21,28,21,11,20,16,3,203
21203130643,26,51,22,15,25,11,14,18,0,184
21203130801,27,46,70,46,41,29,24,24,4,312
21203130802,16,22,38,27,19,17,10,20,0,164
21203130803,18,22,50,30,39,27,18,18,7,229
21203130804,12,16,49,20,25,17,9,22,3,181
21203130805,20,25,54,29,30,24,16,10,3,218
21203130806,10,18,22,9,21,19,10,14,0,123
21203130807,0,0,0,0,0,0,0,0,0,0
21203130808,19,15,25,13,11,6,13,21,5,130
21203130809,39,32,49,15,23,21,13,22,6,217
21203130810,19,21,36,24,33,16,29,28,0,210
21203130811,12,16,44,14,28,17,25,25,3,182
21203130812,20,20,27,16,17,9,7,20,0,128
21203130813,11,27,43,28,24,13,18,27,6,190
21203130814,44,30,39,19,33,16,14,19,4,220
21203130815,22,15,31,20,18,11,10,14,0,138
21203130816,29,38,25,13,13,17,8,19,0,162
21203130817,39,52,107,55,63,41,37,40,6,443
21203130818,38,20,55,19,42,22,25,24,4,247
21203130819,16,8,27,5,19,4,11,10,3,106
21203130820,24,16,54,30,41,28,22,26,3,236
21203130821,19,12,20,17,17,13,14,26,4,139
21203130822,20,15,32,19,28,16,14,17,3,163
21203145701,31,28,41,26,39,22,20,23,10,253
21203145702,30,69,33,26,39,30,22,34,3,289
21203145703,29,40,39,12,33,22,19,20,0,211
21203145704,31,29,29,27,36,18,14,18,0,204
21203145705,30,42,42,34,40,25,22,29,4,258
21203145706,39,49,35,28,39,35,26,32,8,288
21203145707,14,46,30,24,22,12,21,27,0,202
21203145708,59,77,50,26,72,36,19,36,10,375
21203145709,28,20,35,29,32,24,10,21,0,200
21203145710,36,55,57,22,38,26,16,23,4,280
21203145711,16,31,42,24,32,18,5,20,4,197
21203145712,18,39,36,22,24,17,9,12,0,168
21203145713,36,65,51,30,42,26,14,17,4,286
21203145714,21,38,25,23,25,23,13,19,4,187
21203145715,22,22,30,13,30,12,12,13,0,151
21203145716,27,26,35,26,30,29,19,14,3,202
21203145717,10,31,29,13,24,8,19,12,0,143
21203145718,27,45,48,30,41,31,37,33,7,304
21203145719,28,50,39,17,38,18,16,31,7,247
21203145720,25,17,26,14,39,16,7,15,0,156
21203145721,0,0,0,0,0,0,0,0,0,0
21203145722,30,43,23,30,35,26,19,16,12,219
21203145723,26,22,29,25,28,13,8,18,6,165
21203145724,22,33,30,19,28,22,10,18,0,181
21203145725,23,33,27,23,36,26,18,22,0,201
21203145726,38,26,43,13,35,24,19,14,0,217
21203145727,27,31,33,24,27,15,15,10,6,197
21203145728,46,41,38,17,39,17,13,18,0,223
21203145729,36,43,45,37,52,30,21,31,9,291
21203145730,26,39,36,30,35,32,14,14,0,240
21203145731,21,44,32,23,40,24,13,17,6,235
21203145801,17,26,28,22,16,14,18,18,7,159
21203145802,22,39,42,25,40,31,28,41,5,283
21203145803,32,38,41,27,36,21,20,31,11,259
21203145804,13,21,30,6,9,10,3,19,5,109
21203145805,21,38,46,29,39,25,29,26,4,255
21203145806,21,32,44,32,36,24,30,23,0,248
21203145807,17,21,33,31,27,18,14,33,4,201
21203145808,19,26,39,18,23,21,21,28,6,194
21203145809,26,29,10,11,28,15,4,3,0,128
21203145810,24,16,23,28,22,18,17,27,6,184
21203145811,9,24,32,34,27,14,20,20,9,190
21203145812,20,36,31,26,28,14,20,12,3,193
21203145813,16,8,28,0,8,12,10,13,3,98
21203145814,20,30,40,28,25,32,43,50,8,277
21203145815,23,35,42,24,28,20,12,25,10,228
21203145816,18,41,44,25,35,21,25,30,6,230
21203145817,13,24,28,14,24,17,19,24,7,165
21203145818,16,13,32,8,18,13,14,22,5,143
21203145819,14,22,35,30,15,14,10,25,0,171
21203145820,25,26,35,25,31,22,27,24,0,219
21203145821,30,51,56,38,42,22,33,17,9,294
21203145822,28,38,31,7,30,14,12,11,3,171
21203145823,15,33,40,32,32,21,11,18,8,205
21203145824,32,44,46,24,28,13,22,19,11,237
21203145825,38,62,75,43,53,33,30,44,7,374
21203145826,22,27,54,43,44,30,34,49,7,310
21203145827,17,22,37,24,26,21,19,13,6,183
21203145828,13,31,36,16,21,17,14,26,9,183
21203145829,32,21,43,36,36,28,30,27,4,253
21203145830,18,32,55,29,38,24,20,34,13,263
21203145831,28,53,53,32,42,27,28,34,5,315
21203145832,19,39,41,28,35,26,17,26,6,234
21203145833,10,22,32,23,23,18,20,20,0,166
21203145834,24,30,51,33,25,24,29,41,6,257
21203145835,15,23,19,16,22,21,19,20,5,155
21203145836,11,18,26,23,17,8,16,21,0,149
21203145837,7,30,40,19,19,19,29,20,7,194
21203155501,24,55,26,19,37,20,10,17,3,212
21203155502,37,50,13,23,21,15,4,9,4,178
21203155503,36,74,22,27,35,8,8,18,9,250
21203155504,46,91,44,27,49,27,25,15,9,339
21203155505,31,48,26,27,31,19,22,20,4,231
21203155506,3,0,0,0,0,0,0,0,0,3
21203155507,26,72,33,31,33,23,16,14,4,251
21203155508,37,58,29,29,39,30,26,23,4,272
21203155509,0,0,0,0,0,0,0,0,0,0
21203155510,54,99,34,43,69,38,31,32,9,406
21203155511,7,13,6,8,19,5,11,9,0,72
21203155512,25,75,38,26,34,15,35,34,8,300
21203155513,27,55,31,35,37,20,15,16,3,250
21203155514,33,61,34,21,36,28,17,12,0,251
21203155515,33,59,19,23,34,12,19,25,3,231
21203155516,26,41,17,22,18,14,15,12,3,172
21203155517,38,75,28,35,32,19,27,16,3,270
21203155518,27,68,32,21,29,25,13,16,4,244
21203155519,31,86,40,48,53,26,17,27,6,335
21203155520,25,61,24,13,30,20,13,19,6,201
21203155521,0,0,0,0,0,0,0,0,0,0
21203155522,29,59,46,56,48,19,27,33,0,325
21203155523,16,43,22,19,21,14,17,17,5,171
21203155524,23,67,31,26,20,18,25,24,3,235
21203155601,20,40,28,23,12,18,18,21,5,176
21203155602,15,44,35,35,34,20,26,31,0,240
21203155603,12,22,21,33,16,7,10,11,0,133
21203155604,40,55,45,35,33,19,27,32,7,291
21203155605,0,0,0,0,0,0,0,0,0,0
21203155606,17,34,26,20,28,17,24,20,3,194
21203155607,18,43,26,20,27,23,18,18,0,184
21203155608,28,42,38,30,24,15,39,29,9,249
21203155609,27,32,35,35,20,20,15,11,6,204
21203155610,29,64,36,37,32,16,28,25,14,268
21203155611,12,28,21,28,14,12,21,15,6,159
21203155612,19,49,40,42,28,15,28,27,3,261
21203155613,43,80,74,65,49,40,64,50,10,467
21203155614,29,58,33,36,20,13,12,19,3,230
21203155615,22,44,29,23,12,20,15,9,0,166
21203155616,36,43,39,45,29,15,31,17,3,264
21203155617,18,16,20,20,15,9,6,5,0,113
21203155618,5,33,19,21,13,9,12,15,0,130
21203155619,17,33,21,21,25,16,25,28,0,183
21203155620,4,3,5,0,4,4,0,5,6,26
21203155621,30,39,40,39,38,20,22,23,8,252
21203155622,30,37,22,27,23,16,19,16,4,192
21203155623,23,59,55,47,40,29,42,22,5,327
21203155624,24,31,30,29,26,6,21,20,0,191
21203155625,31,46,64,54,30,11,19,26,5,299
21203155626,19,42,23,22,32,10,28,27,4,200
21203155627,20,39,21,23,18,16,13,12,5,166
21203155628,30,34,25,26,30,17,40,14,5,222
21203155629,18,42,33,39,23,19,26,24,14,237
21203155630,15,27,24,18,15,8,16,19,0,147
21203155631,4,35,27,24,17,12,16,21,8,163
21203155632,23,89,51,42,58,32,40,27,12,375
21203155633,17,44,22,28,27,19,24,23,3,199
21203155634,10,41,31,27,34,12,22,19,3,202
21203155635,14,46,26,17,28,17,28,25,0,195
21203155636,0,0,0,0,0,0,0,0,0,0
21203155637,26,55,42,54,43,24,56,25,12,327
21203155638,0,0,0,0,0,0,0,0,0,0
21203155639,0,0,0,0,0,0,0,0,0,0
21203155701,27,51,54,63,52,31,48,38,12,373
21203155702,26,49,25,34,30,19,35,37,6,256
21203155703,8,21,16,16,12,16,17,23,0,131
21203155704,35,58,72,60,44,46,55,55,15,441
21203155705,16,33,44,41,22,15,34,34,6,251
21203155706,20,45,47,43,30,20,20,38,6,273
21203155707,0,0,0,0,0,0,0,0,0,5
21203155708,15,28,30,25,22,17,22,19,3,179
21203155709,22,42,41,35,40,35,23,36,6,286
21203155710,12,43,40,29,14,16,24,31,4,208
21203155711,3,4,5,4,4,0,4,0,0,28
21203155712,0,0,0,0,0,0,0,0,0,0
21203155713,14,36,34,22,21,19,16,25,8,195
21203155714,25,47,54,59,40,25,36,36,10,329
21203155715,10,23,27,20,23,11,9,23,0,151
21203155716,11,5,15,18,20,16,15,17,6,118
21203155717,36,54,68,47,55,39,51,39,8,398
21203155718,35,42,58,48,31,31,34,41,4,324
21203155719,24,48,53,30,37,34,32,29,7,306
21203155720,24,64,50,52,43,30,35,42,6,336
21203155721,28,64,57,32,34,34,36,26,7,316
21203155722,51,54,56,47,48,38,38,37,9,363
21203155723,26,33,39,58,39,25,37,37,13,308
21203155724,13,26,29,19,19,25,27,26,13,194
21203155725,25,25,35,29,33,19,27,15,0,208
21203155726,4,4,7,9,9,3,7,4,5,52
21203155727,16,27,23,26,25,17,9,11,10,175
21203155728,20,34,42,41,36,26,30,34,3,271
21203155729,24,35,34,27,35,29,22,28,8,234
21203155730,15,38,31,33,26,21,22,24,8,222
21203155731,18,34,56,32,24,28,41,30,8,273
21203155732,0,0,0,0,0,0,0,0,0,0
21203155733,32,47,59,58,44,21,49,44,5,364
21203155734,23,38,35,27,30,11,18,25,0,202
21203155735,27,56,47,40,23,26,48,24,4,293
21203155736,16,84,85,72,53,31,52,61,6,464
21203155737,23,45,34,29,31,23,29,14,6,242
21203155738,25,45,46,42,40,22,33,33,10,293
21203155739,27,31,46,39,27,19,28,29,8,254
21203155740,25,50,36,53,34,26,45,33,9,312
21203155741,5,11,35,31,16,24,29,28,0,173
21203155742,49,88,72,51,81,35,67,67,8,514
21203155743,19,38,34,40,28,19,25,32,6,238
21203155744,13,19,27,29,23,15,22,23,3,176
21203155801,30,53,46,53,40,29,29,29,5,314
21203155802,18,42,34,45,43,26,36,25,4,282
21203155803,6,0,0,0,4,0,0,0,10,14
21203155804,25,41,49,52,38,19,28,21,0,270
21203155805,29,49,50,42,34,23,54,38,15,345
21203155806,33,50,49,60,35,31,48,37,11,363
21203155807,6,13,6,9,13,4,9,3,3,69
21203155808,18,16,15,15,19,15,19,19,5,138
21203155809,21,44,28,32,22,21,38,13,7,222
21203155810,12,18,19,25,18,12,15,32,3,159
21203155811,9,11,11,18,15,6,17,11,4,109
21203155812,22,63,46,61,53,34,52,55,5,387
21203155813,34,57,49,41,27,26,33,19,8,296
21203155814,24,33,36,40,25,15,20,28,0,218
21203155815,4,0,0,0,0,0,0,0,0,4
21203155816,18,32,30,22,24,17,21,28,3,201
21203155817,26,57,37,49,35,16,38,37,7,306
21203155818,11,21,29,11,14,25,14,9,0,140
21203155819,19,41,28,31,28,19,26,25,4,220
21203155820,22,33,32,28,40,23,19,35,7,243
21203155821,10,21,21,20,22,13,21,24,9,150
21203155822,22,33,26,58,28,19,19,21,3,244
21203155823,43,48,46,30,31,20,39,29,4,289
21203155824,0,0,0,0,0,0,0,0,0,0
21203155825,35,86,63,65,49,26,50,58,11,438
21203155826,17,41,50,39,23,17,22,30,5,243
21203155827,24,31,32,25,17,17,23,23,5,184
21203155901,0,0,0,0,0,0,0,0,0,0
21203155902,45,75,55,44,25,29,34,41,8,358
21203155903,29,68,38,31,31,21,20,32,0,270
21203155904,27,69,38,41,40,15,13,27,6,285
21203155905,31,76,51,38,38,36,42,34,5,355
21203155906,17,53,35,30,26,12,19,27,3,228
21203155907,28,56,24,27,21,14,14,27,3,211
21203155908,7,9,13,12,14,6,5,0,0,82
21203155909,15,27,27,22,18,21,12,18,4,167
21203155910,35,52,21,25,22,28,31,17,5,228
21203155911,42,57,46,34,53,49,39,43,11,370
21203155912,26,57,21,35,35,24,23,25,8,244
21203155913,17,36,15,17,32,23,13,16,4,176
21203155914,16,43,32,16,24,13,18,23,4,190
21203155915,22,45,37,31,23,7,14,24,5,210
21203155916,22,46,27,20,33,18,20,19,9,205
21203155917,25,64,47,42,34,28,21,28,13,300
21203155918,30,58,39,48,40,28,29,41,10,317
21203155919,30,40,32,28,38,20,22,20,3,229
21203155920,38,64,46,41,31,25,35,31,9,305
21203155921,35,48,42,35,22,34,28,17,4,267
21203155922,21,43,36,38,33,19,16,29,3,226
21203155923,20,25,41,25,30,20,18,13,6,198
21203155924,48,91,44,53,50,49,33,40,12,419
21203155925,15,55,24,35,38,17,20,14,3,221
21203156001,21,23,31,30,34,37,27,24,0,228
21203156002,8,21,21,19,14,13,14,22,3,137
21203156003,23,33,42,32,35,21,35,34,4,257
21203156004,10,32,29,25,21,24,31,26,4,209
21203156005,8,29,18,24,21,8,24,18,0,155
21203156006,10,12,23,17,17,14,24,19,0,133
21203156007,10,20,13,18,25,21,23,26,3,147
21203156008,14,30,33,23,22,19,24,17,4,183
21203156009,7,15,36,14,22,12,30,21,0,170
21203156010,23,17,53,23,30,19,35,37,4,238
21203156011,13,19,27,24,20,12,33,34,0,187
21203156012,20,44,43,35,43,32,28,36,4,276
21203156013,13,29,19,24,23,11,19,29,4,168
21203156014,26,12,37,21,26,19,31,40,5,216
21203156015,20,25,61,45,33,19,37,36,3,277
21203156016,0,0,0,0,0,0,0,0,0,0
21203156017,14,14,25,23,14,22,12,19,0,153
21203156018,20,19,26,21,28,15,25,38,0,203
21203156019,24,19,36,17,17,16,28,15,3,168
21203156020,3,13,22,10,10,5,17,13,0,88
21203156021,12,17,42,29,29,10,32,25,3,197
21203156022,31,34,21,15,27,22,16,26,10,207
21203156023,13,13,42,27,18,15,28,19,3,181
21203156024,25,39,30,19,22,26,40,22,3,224
21203156025,24,48,28,35,33,11,25,32,9,236
21203156026,18,25,30,15,19,16,31,18,4,163
21203156027,25,15,37,29,32,22,18,33,4,216
21203156028,28,36,51,22,39,21,25,34,3,259
21203156029,18,39,37,21,39,24,24,18,7,222
21203156101,9,17,38,18,13,10,20,31,8,169
21203156102,11,17,29,24,25,14,34,34,3,191
21203156103,22,23,36,20,20,15,18,29,3,184
21203156104,11,17,32,25,24,12,36,25,4,181
21203156105,11,19,34,28,16,13,40,30,0,193
21203156106,17,45,37,17,33,13,29,43,5,243
21203156107,12,11,50,28,18,8,32,33,0,198
21203156108,10,23,44,25,26,20,29,32,10,215
21203156109,11,9,27,14,15,8,10,18,10,126
21203156110,14,15,22,10,11,4,14,20,0,109
21203156111,5,15,33,28,17,9,27,21,3,165
21203156112,15,31,30,23,39,19,34,33,8,229
21203156113,13,30,45,19,34,29,36,38,11,254
21203156114,18,13,25,15,23,13,29,32,0,164
21203156115,19,29,25,31,15,12,31,36,6,201
21203156116,17,29,34,36,32,27,44,55,3,276
21203156117,10,24,43,29,40,15,43,39,9,259
21203156118,8,15,23,9,22,9,8,9,3,107
21203156119,17,14,34,31,26,24,32,31,0,205
21203156120,0,0,0,0,0,0,0,0,0,0
21203156121,12,9,23,8,13,12,12,15,10,105
21203156122,17,23,38,28,28,26,28,43,6,236
21203156123,13,29,21,19,17,15,22,30,5,174
21203156124,20,35,42,27,33,27,44,66,10,302
21203156125,21,49,50,45,51,31,40,44,8,341
21203156126,12,21,18,10,7,5,26,17,3,123
21203156127,14,31,30,20,39,17,40,42,7,236
21203156128,36,28,60,52,34,13,43,39,7,305
21203156201,3,12,25,13,13,10,16,22,7,126
21203156202,15,31,48,28,38,26,51,33,9,284
21203156203,9,22,52,41,34,18,47,51,7,282
21203156204,9,37,46,43,28,18,38,38,8,267
21203156205,6,19,64,23,36,22,45,51,3,276
21203156206,24,18,38,31,21,18,30,24,7,210
21203156207,10,20,17,21,19,10,24,22,0,145
21203156208,9,29,42,28,17,16,44,30,6,212
21203156209,8,16,24,14,10,11,18,18,0,126
21203156210,9,27,43,30,31,12,27,17,3,198
21203156211,24,22,41,17,21,9,29,30,8,197
21203156212,16,20,21,33,18,23,31,45,3,208
21203156213,13,22,31,21,16,10,27,35,8,178
21203156214,26,34,54,40,54,23,50,67,12,348
21203156215,30,48,56,30,26,28,39,41,13,309
21203156216,11,23,38,39,27,22,34,36,4,228
21203156217,14,11,31,34,26,17,44,43,8,231
21203156218,20,21,36,24,22,12,25,25,0,197
21203156219,12,23,42,27,22,13,22,42,6,215
21203156220,10,32,42,15,27,11,27,24,0,196
21203156221,6,12,19,13,15,5,28,30,4,134
21203156222,6,16,29,11,22,12,20,30,4,140
21203156223,8,33,28,34,26,14,34,40,12,231
21203156224,9,18,23,21,8,11,24,25,9,151
21203156225,10,15,32,21,22,8,32,28,11,173
21203156226,15,27,30,18,14,27,17,33,3,183
21203156227,6,17,35,14,21,13,28,29,10,172
21204130901,32,47,24,24,22,10,6,7,5,174
21204130902,27,54,25,24,26,28,10,7,4,198
21204130903,41,71,34,25,26,23,16,27,3,264
21204130904,25,79,38,26,23,20,15,25,9,254
21204130905,22,48,8,15,29,25,18,14,3,178
21204130906,22,41,25,18,29,20,9,13,6,186
21204130907,23,52,22,29,35,22,26,32,4,249
21204130908,23,41,15,19,20,15,14,24,3,181
21204130909,9,30,16,21,12,7,13,30,6,150
21204130910,20,42,23,17,29,23,5,20,7,186
21204130911,17,18,13,11,16,9,3,16,0,106
21204130912,13,39,28,14,30,25,8,14,3,176
21204130913,10,31,14,12,27,12,17,18,3,152
21204130914,9,39,33,12,25,13,12,18,9,169
21204130915,11,19,20,13,22,16,11,12,0,121
21204130916,15,71,24,22,37,25,23,16,4,238
21204130917,18,51,33,26,40,22,16,24,4,233
21204130918,11,33,20,18,21,17,13,12,3,145
21204130919,15,21,11,8,12,11,7,16,5,108
21204130920,21,23,13,8,16,10,6,12,4,112
21204130921,7,30,16,10,23,15,9,15,7,130
21204130922,16,40,27,22,21,18,18,17,3,189
21204130923,31,54,26,22,25,26,7,29,0,220
21204130924,35,48,22,16,46,12,13,11,0,203
21204130925,24,29,18,9,21,19,7,7,0,126
21204130926,21,50,28,17,25,14,11,15,5,192
21204130927,6,16,9,9,9,5,3,3,0,63
21204130928,9,43,24,29,23,12,3,17,6,162
21204130929,21,21,19,8,16,8,3,12,0,106
21204130930,14,10,19,9,14,8,5,7,3,89
21204130931,0,0,0,0,0,0,0,0,0,0
21204130932,25,27,15,6,36,11,17,15,0,161
21204131001,21,47,31,19,30,15,16,21,0,200
21204131002,19,61,26,28,20,22,12,27,3,227
21204131003,29,92,49,46,40,30,32,65,3,395
21204131004,5,16,14,7,18,4,11,17,3,92
21204131005,30,55,45,15,28,19,23,24,6,248
21204131006,13,32,20,26,19,16,5,13,0,134
21204131007,14,33,36,26,26,11,15,32,8,198
21204131008,6,11,12,9,18,9,5,11,0,75
21204131009,11,44,36,34,21,12,22,21,6,204
21204131010,28,71,46,35,39,15,35,38,9,315
21204131011,41,185,67,59,90,54,41,69,19,628
21204131012,14,61,54,37,39,20,33,40,4,292
21204131013,10,36,29,32,13,14,12,52,3,203
21204131014,20,52,22,27,29,17,25,41,6,239
21204131015,20,48,33,21,18,15,34,35,9,221
21204131016,14,55,33,25,29,11,24,24,9,221
21204131017,31,79,40,37,43,32,20,35,17,327
21204131018,3,17,11,17,9,9,17,12,9,98
21204131019,28,61,34,27,37,17,20,43,6,272
21204131020,27,73,36,30,34,25,29,50,6,308
21204131021,0,0,8,0,0,0,0,0,4,12
21204131022,14,24,15,20,18,8,6,18,0,132
21204131023,17,41,25,23,21,18,32,40,7,223
21204131024,13,28,30,20,16,12,21,30,4,170
21204131025,8,38,17,14,26,11,21,24,6,158
21204131026,17,24,28,19,25,15,17,35,7,179
21204131027,0,0,0,0,0,0,0,0,0,4
21204131028,14,44,23,20,23,7,19,23,0,174
21204131029,27,159,33,24,50,23,13,11,15,355
21204131030,15,46,33,15,30,13,32,44,7,232
21204131201,8,8,20,5,6,10,11,16,6,82
21204131202,19,39,32,28,22,31,21,14,6,215
21204131203,15,21,28,22,20,16,30,31,3,178
21204131204,8,15,28,11,21,9,15,22,3,130
21204131205,19,45,37,34,32,26,33,41,4,262
21204131206,9,26,26,25,24,12,18,19,4,171
21204131207,20,36,51,21,20,22,18,40,3,226
21204131208,10,24,26,12,17,12,17,13,5,133
21204131209,4,22,14,12,17,18,18,9,4,109
21204131210,10,30,19,35,24,13,24,16,9,177
21204131211,9,20,26,14,20,11,13,27,0,136
21204131212,12,18,16,14,35,16,24,30,4,167
21204131213,15,41,35,29,24,15,15,25,3,200
21204131214,21,42,38,10,33,25,31,37,7,240
21204131215,12,11,17,3,13,10,14,18,4,101
21204131216,11,25,15,18,25,8,16,19,0,135
21204131217,10,29,25,14,19,12,17,17,3,135
21204131218,15,26,27,24,21,12,27,38,6,188
21204131219,11,15,29,15,15,0,17,23,0,132
21204131220,3,26,25,25,19,15,23,26,7,158
21204131221,11,28,36,12,15,10,25,21,3,156
21204131222,14,16,29,25,18,12,20,16,4,157
21204131223,6,32,57,30,30,15,22,27,4,232
21204131224,6,17,21,18,13,14,30,33,3,154
21204131225,9,27,28,33,19,13,29,45,5,205
21204131226,13,28,39,17,18,8,23,32,0,186
21204131227,24,38,41,25,25,20,30,32,10,232
21204131228,6,21,26,27,13,5,18,26,0,141
21204131229,14,36,50,21,22,27,26,45,5,249
21204131230,5,13,34,17,12,3,12,32,4,132
21204131231,14,24,23,23,15,14,13,24,7,155
21204131232,12,22,19,18,14,10,22,17,4,133
21204131233,46,70,35,29,45,39,14,27,3,297
21204131234,7,24,18,3,15,14,8,6,0,93
21204131235,17,19,13,8,19,11,18,9,0,121
21204131236,17,44,42,24,38,24,19,18,3,232
21204131237,12,29,36,24,27,10,22,44,4,209
21204131238,19,39,31,17,20,12,13,22,5,184
21204131239,6,22,18,11,15,3,9,10,10,99
21204131240,0,0,0,0,0,0,0,0,0,0
21204131241,11,19,22,8,11,9,8,13,3,105
21204131242,18,51,35,24,22,11,27,29,9,235
21204131243,14,27,19,12,26,13,17,19,6,139
21204131244,11,38,32,25,16,24,21,32,3,196
21204131245,20,28,32,16,25,24,16,17,5,185
21204131246,23,42,32,28,41,22,25,36,7,262
21204131247,27,65,40,25,38,18,23,28,5,269
21204131248,20,39,22,11,17,13,9,15,3,153
21204131249,28,33,28,16,39,17,15,22,7,213
21204131250,19,18,19,12,20,9,15,12,5,136
21204131251,21,39,34,21,23,16,13,23,5,202
21204131252,14,54,20,25,30,17,21,9,3,193
21204131253,10,13,27,18,11,8,12,27,3,132
21204131254,11,10,30,12,14,10,11,13,0,111
21204131255,16,30,22,8,20,16,11,16,0,142
21204131301,19,33,31,15,20,10,7,13,0,155
21204131302,39,45,41,15,29,23,22,16,3,235
21204131303,28,41,18,21,26,24,11,17,5,185
21204131304,15,24,12,14,14,12,5,7,0,104
21204131305,18,26,25,15,28,7,8,11,0,133
21204131306,19,36,38,19,36,29,12,11,9,206
21204131307,33,69,31,19,31,21,9,16,0,238
21204131308,31,48,34,8,26,19,14,19,0,198
21204131309,7,4,0,0,0,0,0,3,0,26
21204131310,61,63,40,50,62,28,15,26,4,339
21204131311,52,73,43,14,51,28,3,26,5,304
21204131312,51,66,40,21,56,29,5,10,0,282
21204131313,54,59,30,17,39,38,11,15,3,270
21204131314,24,47,16,12,27,9,7,13,9,173
21204131315,24,27,31,20,29,16,13,13,0,172
21204131316,33,39,20,30,25,23,6,4,0,177
21204131317,34,32,24,17,29,16,4,3,0,165
21204131318,51,70,39,26,61,28,8,25,3,310
21204131319,31,35,29,14,38,39,7,12,0,207
21204131320,40,60,57,41,53,34,20,21,4,326
21204131321,28,31,21,5,22,27,3,16,3,159
21204131322,27,38,31,17,34,20,10,16,10,215
21204131323,31,39,41,21,32,27,9,23,0,229
21204131324,25,37,18,15,19,15,5,9,3,150
21204131325,16,32,20,3,25,13,10,5,0,121
21204131326,26,40,32,11,29,20,10,20,4,189
21204131601,11,26,17,18,13,11,16,26,0,131
21204131602,11,29,17,15,19,0,26,14,4,131
21204131603,21,51,43,27,36,31,17,28,10,259
21204131604,20,22,23,22,30,17,25,37,4,196
21204131605,11,17,29,13,23,15,18,39,8,170
21204131606,8,30,23,21,15,12,13,16,0,126
21204131607,26,39,32,22,31,41,25,34,13,237
21204131608,20,38,30,19,25,19,16,29,8,201
21204131609,13,36,20,20,28,13,27,26,5,184
21204131610,20,51,39,29,40,16,22,30,4,262
21204131611,19,33,26,28,15,25,26,28,3,203
21204131612,15,36,30,32,28,21,22,26,4,217
21204131613,19,27,31,23,33,18,22,28,5,210
21204131614,15,41,35,21,28,14,29,42,0,231
21204131615,11,15,12,3,16,3,3,10,4,90
21204131616,12,33,17,9,21,15,22,16,3,150
21204131617,21,33,27,15,27,15,20,20,4,185
21204131618,0,0,0,0,0,0,0,0,0,0
21204131701,13,15,14,9,6,7,11,34,3,112
21204131702,3,20,15,13,17,10,24,48,7,148
21204131703,28,65,51,51,33,35,40,68,15,372
21204131704,11,45,14,29,22,9,10,30,6,183
21204131705,5,8,27,10,13,9,12,29,12,131
21204131706,17,31,19,28,17,19,21,33,12,187
21204131707,15,23,16,14,11,14,14,38,9,139
21204131709,15,40,29,31,13,21,34,35,9,226
21204131710,7,16,19,12,13,22,26,36,6,167
21204131711,3,14,21,13,7,4,12,41,0,121
21204131712,17,23,27,20,19,15,33,48,3,207
21204131713,21,26,30,25,13,18,25,35,3,192
21204131714,6,37,21,19,11,12,28,33,4,176
21204131715,13,26,27,13,14,17,12,23,0,140
21204131716,13,35,36,24,19,19,49,39,4,234
21204131717,11,40,33,21,19,13,30,48,3,215
21204131718,22,17,32,16,12,4,17,47,12,181
21204131719,18,34,33,28,19,12,43,56,5,242
21204131720,20,33,25,27,20,13,21,43,7,211
21204131721,7,27,21,13,11,14,5,29,8,139
21204131722,10,27,32,20,14,10,17,22,8,163
21204131723,12,30,24,24,16,13,22,57,13,213
21204131724,11,26,23,24,16,15,19,47,3,189
21204131725,6,15,13,15,13,9,19,39,6,151
21204131726,15,42,46,32,19,22,30,46,7,246
21204131727,15,28,22,13,9,14,28,42,10,189
21204131728,4,15,18,15,3,6,15,39,8,130
21204131729,7,18,14,10,15,3,16,20,3,110
21204131730,10,39,40,31,25,24,25,76,7,282
21204131731,0,0,0,0,0,0,0,0,0,0
21204131732,18,46,39,28,33,35,30,49,9,294
21204131733,0,0,0,0,0,0,0,0,0,0
21204131734,29,48,39,30,28,22,31,33,16,287
21204131735,17,38,23,18,18,13,35,42,6,220
21204131736,19,44,50,29,26,28,28,42,8,271
21204131737,15,24,23,16,19,22,25,32,9,188
21204131738,5,25,26,22,14,12,15,27,0,140
21204131739,15,23,31,17,15,13,19,25,8,158
21204131740,12,26,30,23,16,17,39,62,11,242
21204131741,24,36,40,42,24,34,38,68,11,316
21204131742,10,23,22,25,16,14,20,40,3,175
21204131743,17,45,40,28,22,22,29,38,7,251
21204131744,0,0,0,0,0,0,0,0,0,0
21204131745,9,21,27,13,16,19,26,29,4,154
21204131746,21,59,52,32,26,22,26,38,11,287
21204131747,25,54,43,31,30,22,26,35,10,274
21204131748,12,40,28,20,17,14,14,18,11,168
21204131749,5,9,18,15,5,16,20,43,4,133
21204131750,53,109,54,52,43,30,46,67,13,461
21204131751,3,0,0,4,3,3,0,4,3,15
21204131801,9,24,34,18,13,19,24,57,3,205
21204131802,15,22,24,30,28,14,28,37,7,205
21204131803,28,19,22,22,17,20,20,55,3,202
21204131804,13,29,28,19,15,13,34,43,4,197
21204131805,14,35,37,32,23,14,40,68,6,260
21204131806,20,40,34,40,20,20,40,55,13,281
21204131807,24,21,28,28,19,17,34,66,0,236
21204131808,21,35,25,23,26,20,29,37,4,216
21204131809,11,9,18,15,13,16,19,46,5,161
21204131810,3,13,16,9,13,14,32,33,4,139
21204131811,18,25,31,33,11,27,43,51,7,244
21204131812,22,41,20,21,21,24,26,34,7,220
21204131813,19,41,34,14,29,17,30,33,9,230
21204131814,12,11,22,30,17,21,23,42,3,182
21204131815,17,18,19,12,12,14,14,48,5,157
21204131816,16,24,35,24,27,16,35,60,8,245
21204131817,14,12,17,9,10,15,26,38,0,142
21204131818,13,30,21,20,21,18,32,51,8,216
21204131819,16,21,35,32,22,21,23,50,7,226
21204131820,16,18,26,14,15,14,33,39,5,171
21204131821,22,36,31,24,17,20,40,46,16,254
21204131822,14,45,39,26,30,19,41,62,15,291
21204131823,9,23,32,21,20,7,29,37,8,192
21204131824,16,40,19,33,24,11,42,45,7,232
21204131825,18,18,16,19,20,23,37,71,3,222
21204131826,3,16,16,14,19,15,23,19,3,128
21204145901,18,54,48,66,21,26,61,81,11,394
21204145902,10,20,24,11,20,8,20,26,8,152
21204145903,13,51,36,35,25,12,22,40,12,248
21204145904,10,29,31,26,19,11,25,30,3,186
21204145905,27,45,47,50,28,17,41,62,8,321
21204145906,18,73,53,37,37,22,48,53,9,351
21204145907,9,30,30,25,17,15,29,45,4,210
21204145908,20,57,36,51,37,20,36,45,5,315
21204145909,12,41,36,35,21,23,30,50,12,255
21204145910,14,20,28,14,24,15,29,49,0,187
21204145911,29,61,56,45,58,16,39,46,11,359
21204145912,17,31,40,26,33,10,33,36,8,233
21204145913,3,27,31,19,31,13,29,36,7,192
21204145914,12,25,21,21,20,15,27,34,3,181
21204145915,13,28,33,40,15,8,26,45,7,212
21204145916,12,15,17,20,12,9,17,17,3,124
21204145917,25,54,45,47,24,25,45,59,9,338
21204145918,10,50,38,32,30,8,36,50,9,276
21204145919,14,30,28,35,35,11,29,42,8,238
21204145920,26,48,56,52,37,26,34,70,15,359
21204145921,8,19,21,15,15,3,15,18,4,108
21204145922,20,48,32,35,27,17,24,35,8,240
21204145923,18,62,59,52,38,23,50,72,14,391
21204146001,24,51,36,31,23,23,45,65,6,307
21204146002,17,38,38,36,28,30,40,83,7,321
21204146003,16,26,33,44,23,12,29,49,12,231
21204146004,23,75,39,65,40,33,45,61,7,391
21204146005,10,40,36,29,20,10,29,38,3,211
21204146006,7,14,28,18,19,6,25,37,10,164
21204146007,18,23,28,21,24,16,27,38,10,203
21204146008,17,42,37,33,22,20,33,49,4,260
21204146009,17,29,29,26,19,14,44,44,9,235
21204146010,25,24,27,17,21,12,33,46,10,215
21204146011,18,29,36,43,30,11,27,46,0,247
21204146012,11,19,38,30,22,27,21,60,6,240
21204146013,22,32,30,19,30,21,43,48,3,248
21204146014,22,26,34,34,11,14,22,40,13,214
21204146015,21,34,40,37,23,25,49,56,3,282
21204146016,7,22,17,17,6,10,17,26,5,136
21204146017,10,20,20,21,10,16,23,44,3,165
21204146018,20,39,50,40,34,20,35,59,8,305
21204146019,18,29,34,23,26,29,41,79,7,290
21204146020,4,30,15,36,10,20,39,37,4,193
21204146021,25,73,44,65,45,29,33,77,12,402
21204146022,15,25,23,17,28,18,26,40,16,203
21204146023,8,27,23,24,13,10,24,56,0,182
21204146024,23,46,33,32,37,23,38,56,9,287
21204146025,16,30,28,27,21,19,29,57,8,243
21204146026,13,34,25,36,13,15,40,55,12,236
21204146027,27,96,52,44,45,36,37,84,11,423
21204146028,10,14,12,20,10,4,16,20,0,104
21204146029,24,32,30,27,26,21,34,83,14,288
21204146030,8,24,17,18,11,11,29,52,5,184
21204146031,12,37,25,31,18,16,30,39,6,220
21204146032,11,19,21,17,3,13,21,35,5,151
21204146033,19,28,27,16,14,10,19,36,13,175
21204146034,11,24,40,38,25,6,41,61,7,242
21204146035,13,20,27,24,14,10,20,45,18,187
21204156301,4,16,9,15,0,6,11,23,3,94
21204156302,9,17,32,17,17,16,21,14,3,149
21204156303,5,14,32,23,16,13,25,37,9,171
21204156304,11,23,33,20,23,13,37,43,6,215
21204156305,18,40,24,26,15,20,22,30,5,201
21204156306,10,27,33,28,19,14,29,34,4,203
21204156307,14,26,36,29,24,14,24,63,8,235
21204156308,9,14,16,7,16,13,13,29,7,132
21204156309,15,36,48,21,14,15,27,42,3,218
21204156310,4,23,33,18,18,9,27,32,4,168
21204156311,5,14,20,20,8,0,25,26,0,111
21204156312,13,27,46,24,24,15,23,29,8,198
21204156313,20,30,30,23,26,16,39,41,7,214
21204156314,4,19,24,26,17,3,21,38,8,165
21204156315,16,28,41,22,15,11,28,42,5,207
21204156316,15,29,47,31,20,8,32,22,0,205
21204156317,5,0,3,0,0,0,0,0,0,9
21204156318,4,12,27,13,14,5,16,22,8,134
21204156319,0,29,27,18,17,12,23,16,3,148
21204156320,17,38,39,32,20,20,31,43,8,242
21204156321,0,0,0,0,0,0,0,0,0,6
21204156322,14,12,24,19,14,12,18,34,8,148
21204156323,17,22,35,30,9,18,36,42,3,211
21204156324,15,36,68,36,19,17,28,55,6,269
21204156325,11,13,40,20,14,15,6,21,6,157
21204156326,13,26,38,17,9,16,37,24,8,185
21204156327,12,22,45,35,25,12,20,40,3,216
21204156328,15,37,46,32,23,16,22,36,10,227
21204156329,11,39,28,35,34,22,44,51,5,261
21204156330,17,19,47,27,20,13,21,24,0,187
21204156331,9,23,40,15,3,3,21,20,13,149
21204156332,8,15,45,22,20,16,36,43,4,209
21204156333,12,30,48,27,29,12,24,33,9,213
21204156334,12,19,38,21,13,10,29,28,5,177
21204156335,8,14,29,19,15,12,24,28,7,152
21204156336,3,28,21,13,8,13,17,32,5,139
21204156337,10,37,53,33,19,22,33,37,3,254
21204156338,9,26,18,21,17,13,18,19,0,132
21204156339,0,3,12,4,8,8,5,6,3,54
21204156340,14,35,47,27,12,21,28,52,9,244
21204156341,16,24,29,20,27,17,16,31,9,182
21204156342,9,6,18,3,14,12,18,17,0,102
21204156343,6,19,24,21,15,12,23,17,8,151
21204156344,3,29,36,22,15,9,17,39,4,186
21204156345,9,26,53,23,25,8,35,44,3,223
21204156346,4,19,20,15,12,0,15,15,7,101
21204156347,5,15,25,9,4,5,18,18,0,103
21204156348,8,11,22,11,12,7,11,18,10,112
21204156401,29,8,41,14,18,16,41,36,11,214
21204156402,26,60,38,33,45,18,35,48,8,310
21204156403,6,35,24,19,28,12,26,27,5,183
21204156404,16,11,25,7,13,11,26,27,5,140
21204156405,7,5,8,3,5,8,0,7,0,47
21204156406,4,12,53,21,11,11,41,57,5,214
21204156407,9,18,20,13,9,10,28,22,4,140
21204156408,16,20,24,9,8,12,26,33,4,158
21204156409,10,9,14,0,5,3,6,12,3,60
21204156410,13,9,21,7,10,20,34,25,0,145
21204156411,6,6,16,5,3,0,5,11,3,54
21204156412,12,16,48,23,15,17,40,43,7,218
21204156413,6,18,23,16,8,0,9,35,8,127
21204156414,14,8,25,7,16,8,31,23,13,130
21204156415,33,75,81,47,54,51,59,64,7,470
21204156416,9,20,38,10,7,15,33,39,17,187
21204156417,17,11,35,15,13,18,40,47,5,202
21204156418,3,3,9,3,5,4,8,12,0,42
21204156419,21,46,51,37,38,23,40,33,7,285
21204156420,6,7,35,4,4,9,23,30,5,128
21204156501,16,29,19,21,15,10,34,37,5,189
21204156502,5,18,19,8,13,5,10,22,6,105
21204156503,20,30,27,17,20,27,21,31,8,192
21204156504,4,17,12,15,5,4,20,19,0,103
21204156505,9,16,32,14,15,20,18,33,6,153
21204156506,17,32,17,15,19,11,18,22,8,165
21204156507,14,32,34,23,27,23,22,31,3,218
21204156508,26,26,37,28,33,15,38,34,3,234
21204156509,10,30,21,11,26,24,34,38,6,197
21204156510,9,15,20,11,12,13,19,25,4,128
21204156511,9,24,28,15,14,17,24,35,7,164
21204156512,14,15,19,13,16,16,16,28,11,147
21204156513,14,39,37,21,23,19,38,46,10,240
21204156514,17,24,30,21,22,13,20,33,4,177
21204156515,18,32,36,19,25,18,35,39,3,226
21204156516,17,28,31,23,36,20,55,50,11,277
21204156517,10,15,26,13,18,5,14,36,4,146
21204156518,0,0,0,0,0,0,0,0,0,4
21204156519,11,36,19,21,19,10,25,32,4,177
21204156520,10,13,16,14,12,8,16,16,4,115
21204156521,14,12,24,16,33,9,21,28,4,155
21204156522,18,19,17,20,22,9,29,31,6,169
21204156523,9,21,23,22,21,18,31,35,11,196
21204156524,9,6,28,14,10,8,18,25,3,124
21204156525,19,31,16,17,29,21,19,17,0,168
21204156526,9,24,22,28,25,10,27,44,0,193
21204156527,18,32,24,22,28,13,30,46,9,224
21204156528,13,21,12,14,21,7,20,25,11,137
21204156529,11,12,14,5,7,5,8,19,0,93
21204156530,17,28,26,13,31,15,18,28,8,188
21204156531,0,0,0,0,0,0,0,0,0,0
21204156532,12,26,22,20,21,22,22,37,4,186
21204156533,14,32,12,12,24,19,16,15,0,151
21204156534,20,32,26,21,16,16,27,47,9,220
21204156535,10,8,8,6,20,10,14,28,0,103
21204156536,18,23,33,12,20,13,31,48,3,204
21204156537,20,50,38,27,36,13,22,36,7,240
21204156538,18,25,22,28,28,17,25,42,4,197
21204156539,17,25,20,16,18,7,20,22,5,142
21204156601,32,92,30,19,32,20,12,10,5,248
21204156602,55,112,49,33,50,38,33,34,3,403
21204156603,43,70,41,22,39,24,15,29,3,283
21204156604,76,103,58,34,61,61,32,45,10,477
21204156605,42,74,31,26,37,24,25,26,9,299
21204156606,33,50,20,11,24,14,9,12,3,173
21204156607,24,60,22,15,27,7,11,27,5,212
21204156608,41,72,26,22,38,16,29,33,3,277
21204156609,29,10,33,5,18,17,8,11,5,132
21204156610,18,39,18,5,28,14,8,9,6,148
21204156611,52,91,53,33,45,38,34,48,11,400
21204156612,37,55,22,23,30,16,17,21,4,214
21204156613,47,75,22,22,36,25,6,12,5,265
21204156614,33,65,9,17,34,15,26,23,5,227
21204156615,37,67,36,28,35,18,22,29,8,285
21204156616,17,17,14,13,9,3,0,10,0,82
21204156617,64,131,59,31,63,54,24,44,9,470
21204156618,61,118,61,43,70,55,40,34,4,491
21204156619,36,49,25,11,32,18,17,20,7,216
21204156620,57,116,52,32,52,35,33,45,12,433
21204156621,28,30,24,9,21,3,8,16,0,153
21204156622,73,72,45,36,51,54,29,61,8,426
21204156623,54,89,32,32,53,38,22,24,12,360
21204156624,36,71,26,24,53,24,23,36,5,295
21204156625,26,41,23,3,22,9,17,21,4,173
21204156626,32,113,29,25,41,27,13,28,3,322
21204156627,15,33,15,16,16,17,10,20,5,146
21204156628,56,83,63,34,63,47,27,54,14,435
21205131901,33,61,25,19,26,17,5,14,0,204
21205131902,46,92,22,18,41,19,8,10,9,256
21205131903,43,86,40,31,36,28,7,20,5,298
21205131904,40,133,47,46,48,36,16,29,11,400
21205131905,63,104,24,26,47,26,3,13,5,314
21205131906,50,104,21,33,34,37,6,17,5,308
21205131907,25,70,4,16,22,15,3,11,3,182
21205131908,44,98,24,23,29,34,6,15,3,275
21205131909,38,84,21,25,43,20,5,11,5,248
21205131910,32,51,11,10,14,10,5,3,3,145
21205131912,33,65,22,17,38,18,8,16,5,209
21205131913,26,59,6,18,23,18,4,3,0,151
21205131914,64,125,23,23,54,27,9,23,5,349
21205131915,70,104,20,23,22,20,3,16,5,285
21205131916,41,86,17,18,34,13,5,13,9,225
21205131917,30,88,27,20,20,13,15,14,7,232
21205131918,34,69,17,16,25,16,4,3,5,190
21205131919,45,80,20,22,33,15,5,12,8,241
21205131922,29,90,34,32,25,21,6,21,9,268
21205131923,27,64,20,38,29,17,11,12,3,228
21205131924,37,105,19,36,43,29,15,19,8,301
21205131925,23,50,15,16,19,25,6,7,3,160
21205131926,30,92,23,27,32,22,9,19,5,260
21205131927,58,85,20,27,27,21,7,9,6,264
21205131928,28,47,19,25,21,20,4,12,0,184
21205131929,38,111,34,21,55,31,13,21,0,330
21205131930,42,92,27,43,32,23,5,17,8,275
21205131932,20,55,16,20,20,8,7,12,4,160
21205131933,25,96,26,35,35,25,12,4,3,267
21205131934,30,67,16,16,14,25,7,3,0,193
21205131935,30,127,34,26,32,24,7,24,8,312
21205131936,31,72,16,13,31,22,8,8,10,207
21205131937,33,91,20,18,34,19,0,8,7,231
21205131938,0,0,0,0,0,0,0,0,0,0
21205131939,29,53,20,4,20,14,4,11,7,159
21205131940,26,84,17,16,32,20,6,13,4,209
21205131941,39,44,19,10,40,15,0,24,6,196
21205131942,41,70,17,13,20,17,4,5,4,188
21205131943,27,68,22,20,20,16,7,35,0,224
21205131944,27,70,10,17,24,14,6,4,3,179
21205131945,17,26,9,26,15,10,5,21,0,134
21205131946,25,47,27,23,10,5,5,15,3,156
21205131947,47,141,34,44,41,33,17,28,10,391
21205132101,54,78,23,24,25,22,5,15,5,255
21205132102,27,62,8,8,19,18,0,4,0,151
21205132103,31,72,23,23,23,23,4,10,4,213
21205132104,18,49,12,19,26,14,4,14,3,161
21205132105,32,89,34,21,24,24,10,27,10,264
21205132106,9,37,8,16,14,8,4,13,0,119
21205132107,32,56,17,15,17,13,10,16,3,177
21205132108,20,63,28,18,29,16,10,19,8,204
21205132109,47,81,27,24,47,14,8,22,0,275
21205132110,30,44,14,34,24,24,9,11,5,181
21205132111,37,75,14,17,20,22,3,10,3,205
21205132112,40,72,15,14,21,22,8,7,7,207
21205132113,32,94,9,18,22,16,3,8,7,218
21205132114,58,87,17,18,36,32,3,12,5,269
21205132115,34,68,25,16,24,20,0,8,3,213
21205132116,24,44,12,4,9,9,9,8,4,114
21205132117,48,83,11,8,35,22,6,16,7,231
21205132118,22,54,9,7,20,14,3,8,5,137
21205132119,32,50,11,11,19,14,6,3,5,151
21205132120,36,78,14,15,19,14,5,10,4,199
21205132121,36,94,29,32,25,19,10,7,0,260
21205132122,41,54,17,22,32,15,6,19,0,199
21205132123,24,45,3,4,13,0,5,3,3,113
21205132124,23,52,20,14,33,16,8,13,6,190
21205132125,20,73,16,29,24,23,5,8,0,202
21205132126,29,39,8,10,4,10,4,11,0,124
21205132127,34,66,22,17,29,25,8,10,10,222
21205132128,18,45,13,18,17,15,11,17,5,156
21205132129,24,64,22,13,30,11,7,10,7,193
21205132130,25,78,25,27,35,22,11,14,4,248
21205132131,36,83,34,20,27,16,10,15,7,255
21205132132,38,71,22,12,27,29,8,16,0,234
21205132133,10,33,13,10,12,15,0,5,0,110
21205132134,27,59,14,15,24,13,0,0,4,158
21205132135,20,61,12,17,16,19,13,12,5,169
21205132136,16,31,11,17,12,6,6,7,0,105
21205132137,20,57,17,19,29,13,4,8,0,174
21205132138,7,46,16,10,19,12,6,6,7,140
21205132139,20,50,11,12,6,4,0,6,0,103
21205132140,6,44,11,12,23,6,0,4,0,106
21205132141,38,75,25,30,26,29,13,28,6,266
21205132142,39,64,16,16,29,4,3,7,5,179
21205132143,20,42,9,12,15,12,4,5,4,118
21205132144,13,59,17,12,26,14,8,9,0,164
21205132145,37,65,13,19,22,7,3,9,4,175
21205132146,29,61,11,14,21,10,7,8,6,172
21205132147,35,60,12,17,24,20,10,10,0,180
21205132148,24,47,8,8,24,9,4,5,7,134
21205132149,18,35,10,10,12,12,8,14,4,111
21205132150,17,53,16,15,14,13,3,11,3,153
21205132151,25,52,15,12,27,13,3,8,0,153
21205132152,27,53,15,23,17,12,4,7,3,161
21205132153,26,44,14,13,13,16,7,11,5,151
21205132154,19,43,19,17,16,18,5,11,4,153
21205132201,46,76,25,20,25,14,11,14,0,231
21205132202,31,76,17,15,37,27,9,24,3,246
21205132203,20,63,21,13,21,22,9,10,3,193
21205132204,23,81,15,20,22,13,5,9,4,198
21205132205,15,37,14,0,13,12,3,6,0,110
21205132206,27,56,11,10,25,16,0,7,0,156
21205132207,30,60,17,15,13,7,4,4,0,148
21205132208,24,56,9,10,16,10,4,5,0,139
21205132209,17,33,0,4,21,3,0,10,0,96
21205132210,25,38,14,13,21,9,9,11,4,140
21205132211,20,34,14,14,14,5,4,13,9,128
21205132212,31,72,22,14,19,16,6,20,9,204
21205132213,21,65,17,18,16,14,7,16,4,183
21205132215,30,98,27,31,33,16,19,29,6,291
21205132216,18,38,15,14,9,9,7,15,3,133
21205132217,19,42,13,14,15,13,7,13,4,135
21205132218,33,51,17,9,20,15,10,14,0,168
21205132219,25,66,21,14,23,16,12,14,5,187
21205132220,31,57,8,14,20,18,3,8,4,169
21205132221,39,102,19,16,37,11,9,10,4,241
21205132222,17,78,15,10,23,11,0,9,0,156
21205132223,34,69,15,20,23,12,5,19,3,209
21205132224,21,65,14,15,26,6,0,6,6,173
21205132225,58,131,26,28,49,35,10,20,4,371
21205132226,17,27,10,11,14,4,3,8,0,94
21205132227,25,64,20,19,29,25,8,19,0,219
21205132228,27,54,13,20,21,13,3,8,6,171
21205132229,44,59,18,15,25,9,6,9,6,197
21205132230,31,64,34,26,21,32,10,11,10,239
21205132231,17,61,31,11,36,14,7,17,5,197
21205132232,44,98,20,27,46,24,9,12,3,281
21205132233,47,81,39,31,43,33,11,12,5,307
21205132234,28,60,22,11,19,17,6,5,3,182
21205132235,22,38,15,8,19,14,7,7,3,129
21205132236,24,58,24,14,10,14,7,17,0,160
21205132237,20,18,6,8,14,12,4,10,0,85
21205132238,13,55,8,15,12,4,3,5,4,111
21205132239,38,102,35,29,37,29,13,19,6,317
21205132240,27,50,15,14,16,10,7,22,3,172
21205132241,32,49,14,9,16,17,8,8,0,160
21205132242,14,43,9,3,11,14,10,11,6,123
21205132243,24,63,11,14,24,20,11,13,4,188
21205132244,24,71,14,15,22,15,9,9,5,196
21205132245,13,32,13,8,16,11,5,5,0,97
21205132246,43,67,13,14,30,16,9,10,5,198
21205132247,0,0,0,0,0,0,0,0,0,0
21205132248,19,34,15,8,19,14,5,0,7,113
21205132249,21,47,15,7,14,10,8,10,3,130
21205132250,14,48,26,8,21,15,11,17,4,164
21205132251,17,45,28,19,16,10,3,14,7,164
21205132252,27,55,12,12,38,25,5,7,0,187
21205132253,68,142,31,53,50,22,9,12,13,407
21205132254,25,78,16,30,24,17,9,21,10,238
21205132301,38,67,18,24,19,24,8,11,11,222
21205132302,38,61,11,17,31,19,3,8,7,199
21205132303,24,45,13,11,18,10,0,3,4,127
21205132304,19,38,5,10,16,14,5,7,0,115
21205132305,30,97,14,16,24,20,4,13,8,231
21205132306,39,91,22,23,36,28,4,12,4,253
21205132307,28,85,15,19,34,6,5,5,5,204
21205132308,52,95,24,27,31,24,10,16,3,288
21205132309,35,88,16,12,29,24,7,8,3,220
21205132310,40,95,30,12,41,36,12,18,4,292
21205132311,21,63,25,26,27,15,6,15,4,196
21205132312,0,0,0,0,0,0,0,0,0,0
21205132313,28,78,24,10,20,20,0,13,0,199
21205132314,23,99,23,24,32,16,12,12,7,230
21205132315,20,36,12,14,12,9,3,7,4,114
21205132316,21,69,18,23,28,17,6,12,0,201
21205132317,26,85,20,18,28,18,8,13,9,229
21205132318,33,98,22,28,23,24,5,14,9,245
21205132319,25,63,13,22,30,29,3,15,5,216
21205132320,25,54,17,15,28,8,0,3,0,165
21205132321,36,50,18,5,22,26,3,16,3,164
21205132322,36,75,13,13,32,21,11,11,4,211
21205132323,25,76,20,17,27,17,13,9,0,209
21205132324,36,79,25,18,33,21,7,15,10,238
21205132325,28,81,17,9,28,32,12,14,5,224
21205132326,45,91,17,19,32,25,6,13,4,253
21205132327,36,82,17,23,30,15,0,19,3,236
21205132328,61,112,21,21,44,31,21,29,3,330
21205132329,42,77,20,18,31,15,6,20,5,232
21205132330,62,104,23,14,39,12,3,13,3,276
21205132331,54,65,24,27,44,31,0,14,3,272
21205132332,41,70,31,19,26,22,4,16,4,234
21205132333,57,134,27,24,49,23,5,12,4,341
21205132334,26,48,12,21,20,22,7,21,5,181
21205132335,18,50,14,17,18,21,6,4,0,138
21205132336,29,45,4,9,13,6,0,4,6,120
21205132337,22,40,11,12,18,11,3,8,0,124
21205132401,25,39,4,8,13,9,3,5,3,122
21205132402,42,112,47,22,57,39,9,19,11,354
21205132403,33,84,21,28,35,15,0,13,5,235
21205132404,54,153,31,30,56,30,8,24,11,398
21205132405,17,41,11,13,14,7,8,13,0,118
21205132406,46,121,37,24,41,34,8,13,11,328
21205132407,50,86,22,29,36,19,8,9,3,267
21205132408,37,96,19,17,23,22,8,9,5,238
21205132409,35,102,17,19,39,23,11,8,10,270
21205132410,0,0,0,0,0,0,0,0,0,4
21205132411,46,113,37,19,41,25,14,13,4,311
21205132412,30,58,14,21,24,11,5,16,3,177
21205132413,23,61,10,6,20,11,9,9,3,153
21205132414,18,65,22,17,30,24,8,15,4,202
21205132415,26,38,11,13,20,15,5,9,3,138
21205132416,52,105,33,24,44,30,9,22,8,319
21205132417,49,127,21,48,41,23,7,28,9,351
21205132418,32,67,9,13,31,22,0,5,5,184
21205132419,63,133,27,27,45,26,8,32,5,372
21205132420,27,62,25,11,28,17,5,11,5,186
21205132421,44,99,15,20,36,14,5,20,0,258
21205132422,18,55,11,13,24,16,8,7,7,159
21205132423,40,90,12,17,26,18,0,16,3,223
21205132424,31,52,24,17,22,13,6,14,13,189
21205132425,36,69,29,22,34,25,6,15,3,249
21205132426,40,65,21,10,30,15,11,16,7,210
21205132427,51,81,29,20,39,26,17,9,0,271
21205132428,36,49,32,8,27,20,8,16,6,207
21205132429,18,57,18,12,23,13,6,10,0,156
21205132430,19,48,11,10,25,11,3,0,0,141
21205132431,54,109,41,30,34,33,10,15,10,338
21205132432,46,89,37,27,45,31,15,18,3,322
21205132433,31,69,21,18,26,13,6,15,6,211
21205132434,43,50,14,12,18,14,3,10,9,172
21205132435,44,128,38,36,50,30,13,31,10,372
21205132436,33,77,19,14,33,20,4,11,3,224
21205132437,28,67,7,16,12,12,0,7,3,162
21205132438,37,74,25,14,39,34,7,20,0,243
21205132439,26,78,18,18,45,14,3,6,3,211
21205132440,44,94,19,22,32,20,7,15,8,257
21205132441,0,0,0,0,0,0,0,0,0,0
21205132501,11,22,13,6,20,6,4,19,0,105
21205132502,32,78,30,31,45,23,11,22,5,275
21205132503,23,61,22,26,33,20,10,24,12,236
21205132504,33,58,45,23,37,34,10,21,7,262
21205132505,32,72,42,32,39,24,20,21,10,290
21205132506,17,35,29,19,28,16,13,23,3,182
21205132507,26,44,18,11,26,27,6,16,0,175
21205132508,26,39,13,11,14,13,9,8,3,148
21205132509,30,75,25,16,25,16,15,14,10,220
21205132510,12,56,15,9,23,13,3,12,9,160
21205132511,19,45,15,22,27,10,5,16,0,167
21205132512,18,38,20,19,24,17,16,12,0,165
21205132513,25,61,19,16,36,11,14,15,0,209
21205132514,0,0,0,0,0,0,0,0,0,0
21205132515,31,40,23,15,27,11,10,15,0,185
21205132516,38,51,32,21,34,28,9,14,8,236
21205132518,20,61,24,10,31,11,9,14,3,189
21205132519,26,56,29,26,38,14,16,16,7,229
21205132520,24,55,28,15,35,19,20,27,11,237
21205132521,0,0,0,0,0,0,0,0,0,0
21205132522,18,61,25,23,35,17,12,21,6,213
21205132523,24,71,39,23,35,25,10,25,4,257
21205132525,27,58,33,21,31,28,16,19,5,244
21205132526,24,59,20,16,23,20,10,8,7,182
21205132527,34,65,37,32,34,31,27,30,9,308
21205132528,26,81,27,31,40,23,28,31,12,303
21205132529,32,82,48,31,30,23,21,17,0,279
21205132530,18,40,30,13,31,20,15,25,0,195
21205132531,7,36,12,10,19,7,9,12,5,113
21205132532,11,15,20,13,20,19,9,19,7,130
21205132533,7,18,7,3,8,5,6,0,9,61
21205132534,16,38,27,18,33,17,16,23,4,202
21205132535,13,39,24,13,16,14,8,9,6,152
21205132536,18,50,29,12,30,14,10,14,3,176
21205132537,36,61,36,14,39,14,17,10,10,237
21205132538,13,46,20,18,29,16,17,12,4,166
21205132539,9,25,13,8,19,11,5,19,0,107
21205132540,34,28,12,14,17,15,3,11,6,136
21205132541,45,78,48,34,56,22,18,35,8,340
21205132542,25,38,18,16,25,11,8,11,0,162
21205132543,0,0,0,0,0,0,0,0,0,0
21205132544,60,104,23,27,46,29,9,15,9,328
21205132545,46,58,25,16,40,22,3,3,9,218
21205132547,64,91,17,25,41,31,3,8,3,277
21205132548,74,114,17,27,60,22,3,18,9,344
21205132549,41,97,25,26,38,21,5,22,8,288
21205132550,67,148,36,29,60,31,5,19,5,395
21205132601,16,40,13,11,27,14,5,9,0,146
21205132602,27,89,24,19,44,27,8,9,5,253
21205132603,24,38,21,12,20,13,8,14,3,158
21205132604,0,0,0,0,0,0,0,0,0,0
21205132605,59,145,41,44,46,34,16,37,11,427
21205132606,28,79,27,23,39,21,10,17,4,243
21205132607,22,66,26,24,31,15,17,15,3,225
21205132608,22,67,20,23,29,12,9,18,9,201
21205132609,49,100,45,38,42,36,18,19,9,338
21205132610,25,79,21,22,33,22,11,11,7,226
21205132611,48,91,20,24,34,21,10,15,8,283
21205132612,38,73,22,24,29,21,16,20,0,242
21205132613,38,99,40,43,27,31,14,23,8,324
21205132614,29,53,28,23,27,27,11,20,4,210
21205132615,26,77,34,31,40,18,20,16,8,262
21205132616,36,140,51,38,41,36,18,24,3,385
21205132617,50,76,20,16,23,20,6,16,3,233
21205132618,41,82,37,22,39,22,11,32,12,302
21205132619,53,107,42,31,58,30,14,19,9,358
21205132620,35,69,35,16,27,20,5,10,5,213
21205132621,29,67,18,16,29,18,8,19,4,207
21205132622,39,107,39,34,42,24,14,23,7,320
21205132623,14,50,23,10,14,20,4,10,4,149
21205132624,28,61,26,26,34,16,6,17,0,214
21205132625,34,53,20,19,20,19,0,9,0,176
21205132626,41,107,44,22,56,29,19,21,9,345
21205132627,37,100,26,32,33,37,16,14,6,300
21205132628,17,33,20,17,10,21,5,7,0,136
21205132629,65,104,51,25,52,36,9,20,6,368
21205132630,48,100,20,27,48,30,8,17,6,301
21205132632,19,59,13,5,23,13,7,8,0,142
21205132633,50,120,40,45,49,51,22,27,12,404
21205132634,7,25,9,5,11,0,3,0,0,62
21205132635,20,56,21,16,28,17,9,20,3,200
21205132636,37,100,33,36,50,23,8,20,3,319
21205132637,43,85,34,34,32,26,8,23,5,297
21205132638,38,65,34,25,44,32,15,23,9,276
21205132639,33,71,36,12,24,17,24,18,4,229
21205132640,0,0,0,0,0,0,0,0,0,12
21205132641,6,12,3,4,8,0,7,4,0,51
21205132642,42,75,17,13,30,14,5,19,0,226
21205132643,23,83,25,23,21,18,13,23,9,230
21205132644,18,50,18,19,16,17,10,4,5,157
21205132645,0,0,0,0,0,0,0,0,0,0
21205132646,25,42,19,7,20,10,9,6,5,139
21205132647,22,66,26,34,37,17,18,18,7,245
21205132648,21,73,15,18,26,24,20,28,3,231
21205132649,31,57,28,15,33,27,4,5,5,210
21205132650,13,30,11,12,24,10,5,5,0,105
21205132651,19,43,7,15,10,8,6,18,0,117
21205132653,13,57,17,8,21,25,4,10,5,158
21205132654,15,61,23,12,20,12,10,21,5,168
21205132655,34,93,18,23,26,22,4,4,3,228
21205132656,29,82,17,21,33,14,14,13,0,227
21205132657,20,34,13,7,27,8,9,19,0,146
21205132701,55,73,17,17,33,24,5,6,0,231
21205132702,41,70,11,15,18,23,0,6,0,188
21205132703,35,89,16,17,36,22,14,11,3,237
21205132704,23,60,24,14,18,27,5,21,9,202
21205132705,32,38,10,8,19,6,6,8,0,128
21205132706,31,73,22,26,35,20,8,8,4,226
21205132707,38,68,23,19,32,28,9,12,0,221
21205132708,22,54,12,15,25,21,9,4,6,173
21205132709,27,48,23,14,25,20,7,23,5,194
21205132710,32,47,26,16,33,26,8,18,5,198
21205132711,25,40,14,19,32,17,6,18,3,178
21205132712,32,58,20,19,25,10,0,18,0,185
21205132713,58,66,7,16,25,17,0,5,0,196
21205132714,38,84,29,15,33,21,6,13,5,240
21205132715,51,71,16,19,42,33,4,5,4,249
21205132716,48,43,21,13,21,25,0,4,4,174
21205132717,24,41,22,16,20,8,3,16,0,152
21205132718,31,54,21,11,46,14,5,16,7,206
21205132719,22,64,15,18,25,21,5,16,3,181
21205132720,34,65,24,18,43,23,9,10,5,227
21205132721,16,62,17,7,23,10,7,4,4,156
21205132722,42,52,24,16,28,19,0,10,3,208
21205132723,36,39,9,9,25,16,5,7,0,144
21205132724,27,65,20,13,25,15,8,12,0,187
21205132725,29,70,19,15,14,11,9,8,0,185
21205132726,24,62,30,16,37,18,11,10,9,207
21205132727,27,69,24,9,27,15,9,14,3,191
21205132728,0,0,0,0,0,0,0,0,0,0
21205132729,21,62,23,20,23,14,4,12,8,182
21205132730,32,55,13,11,17,15,8,3,4,155
21205132731,26,75,16,17,37,14,10,11,4,212
21205132732,41,106,26,22,44,23,3,14,3,289
21205132734,34,36,15,14,17,23,0,8,5,148
21205132735,37,76,17,15,27,20,3,5,0,208
21205132736,30,57,33,22,34,26,9,16,5,227
21205132738,30,74,17,14,28,18,5,10,11,195
21205132739,33,51,15,8,23,13,7,10,8,180
21205132740,40,81,25,17,36,31,11,18,9,262
21205132741,38,52,22,25,38,16,13,17,9,239
21205132742,47,85,33,26,40,16,10,21,7,294
21205132743,25,71,22,12,28,19,3,10,4,197
21205132744,22,47,8,14,29,10,4,8,8,149
21205132745,13,54,15,12,18,5,3,11,0,138
21205132746,0,0,0,0,0,0,0,0,0,0
21205132747,15,33,13,14,21,15,3,18,0,137
21205132748,36,69,18,21,30,22,3,13,0,218
21205132749,37,70,19,16,28,25,10,8,0,225
21205132750,15,32,13,8,7,0,3,9,0,83
21205132751,0,0,0,0,0,0,0,0,0,0
21205132752,0,3,0,0,0,0,0,0,0,5
21205156701,9,46,20,24,14,18,11,29,8,168
21205156702,20,99,16,130,46,96,13,33,0,459
21205156703,32,108,15,25,35,19,13,33,7,278
21205156704,0,10,6,9,6,8,0,5,0,44
21205156705,9,25,9,12,17,7,15,11,3,112
21205156706,0,0,0,0,6,0,0,0,0,3
21205156707,18,130,25,26,37,26,15,20,7,295
21205156708,6,47,6,14,4,13,6,9,0,104
21205156709,20,38,13,15,11,10,6,7,0,125
21205156710,7,56,18,3,4,7,0,5,0,107
21205156711,6,19,13,5,14,11,8,14,0,90
21205156712,31,85,28,33,34,26,11,24,6,268
21205156713,9,53,22,19,13,24,22,13,8,168
21205156714,4,37,24,14,15,15,10,26,4,160
21205156715,23,95,17,32,16,16,14,30,15,257
21205156716,19,46,14,17,21,13,8,17,0,156
21205156717,3,28,4,37,22,17,11,22,0,142
21205156718,11,38,13,19,9,20,14,10,0,139
21205156719,0,6,0,0,5,0,0,0,0,18
21205156720,55,166,50,79,52,44,26,44,12,535
21205156721,10,73,27,36,34,18,25,32,5,262
21205156722,22,69,12,23,21,22,9,16,5,190
21205156723,12,50,11,12,17,9,9,29,0,156
21205156724,15,53,16,12,16,6,13,15,10,142
21205156725,0,15,0,16,8,8,0,0,0,53
21205156726,14,35,9,13,5,12,3,6,0,97
21205156801,18,64,39,31,30,17,14,23,4,230
21205156802,17,65,15,28,26,16,29,25,7,224
21205156803,12,105,24,33,22,26,32,31,11,287
21205156804,25,90,46,47,41,31,26,42,0,348
21205156805,10,64,18,17,20,17,10,32,8,190
21205156806,17,60,29,33,32,13,14,22,10,236
21205156807,11,40,21,15,19,9,5,21,3,140
21205156808,19,56,20,28,23,24,28,56,8,257
21205156809,24,58,25,29,22,18,29,45,4,259
21205156810,22,91,31,28,48,33,29,24,12,315
21205156811,3,40,27,21,23,13,22,53,3,213
21205156812,6,64,31,22,15,16,19,24,6,208
21205156813,13,61,25,23,31,36,34,24,12,259
21205156814,16,83,31,29,39,28,30,41,17,320
21205156815,21,57,29,15,28,12,12,25,12,219
21205156816,7,40,21,24,11,8,22,21,7,154
21205156817,10,59,23,23,26,21,14,36,5,211
21205156818,10,54,27,20,13,18,12,22,5,171
21205156819,3,32,16,9,8,15,12,10,0,112
21205156820,34,117,46,53,29,14,27,62,4,390
21205156821,10,67,25,27,38,26,21,46,10,269
21205156822,16,90,39,37,33,33,28,62,8,346
21205156823,18,78,30,35,37,25,25,34,8,286
21205156824,17,105,20,22,17,19,15,17,0,225
21205156825,9,46,22,10,27,25,18,26,7,187
21205156826,20,65,21,13,30,15,10,24,10,210
21205156827,18,41,21,15,13,9,23,29,0,174
21301132801,7,19,15,13,12,8,10,20,9,120
21301132802,19,51,29,27,28,15,25,24,0,221
21301132803,19,35,21,15,12,15,15,10,5,146
21301132804,29,43,30,28,29,16,43,26,11,257
21301132805,13,37,28,22,17,7,18,22,0,174
21301132806,0,0,0,0,0,0,0,0,0,0
21301132807,3,22,12,34,18,8,14,26,8,142
21301132808,13,25,18,25,25,12,29,22,3,169
21301132809,15,32,23,20,22,8,19,18,3,158
21301132810,15,30,18,18,20,15,18,18,8,158
21301132811,17,30,26,18,18,15,11,16,3,152
21301132812,8,30,34,28,16,9,18,31,4,176
21301132813,28,40,16,16,27,11,13,23,0,177
21301132814,12,35,29,24,27,25,20,27,4,197
21301132815,39,73,43,22,33,13,33,42,12,311
21301132816,11,48,34,22,26,11,32,27,10,226
21301132817,9,47,19,20,28,11,16,23,10,183
21301132818,12,33,18,16,17,18,22,21,8,151
21301132819,31,60,44,37,34,17,28,26,10,270
21301132901,30,56,32,26,37,28,38,36,12,285
21301132902,21,50,23,18,33,23,36,38,7,250
21301132903,12,27,20,15,28,27,26,20,8,177
21301132904,17,18,24,8,31,10,17,7,7,138
21301132905,17,21,22,16,19,24,25,28,14,187
21301132906,9,24,23,12,23,13,27,37,9,167
21301132907,13,30,23,10,31,23,24,30,4,194
21301132908,16,56,32,37,40,23,46,40,14,303
21301132909,30,50,34,24,48,28,52,39,17,327
21301132910,17,22,14,19,22,9,21,17,5,152
21301132911,22,47,22,19,38,17,23,22,10,226
21301132912,52,114,60,59,71,40,72,63,13,543
21301132913,20,54,32,21,27,29,29,35,10,255
21301132914,35,46,41,23,41,24,22,31,7,282
21301132915,29,57,35,26,53,28,27,31,7,287
21301132916,25,50,39,34,57,35,33,33,5,312
21301132917,27,67,35,33,39,16,31,36,11,295
21301132918,12,25,17,20,32,9,26,18,3,164
21301132919,11,36,12,12,18,21,10,18,4,144
21301133101,20,24,22,25,29,23,40,23,4,212
21301133102,16,15,18,11,17,7,14,7,0,104
21301133103,23,31,31,37,30,26,41,52,3,279
21301133104,0,0,0,0,0,0,0,0,0,0
21301133105,8,30,33,22,34,27,39,28,5,228
21301133106,7,20,28,14,23,21,21,24,3,159
21301133107,13,24,24,13,17,14,25,27,0,153
21301133108,6,29,22,30,25,33,29,35,7,209
21301133109,12,29,20,17,29,22,29,24,0,181
21301133110,13,22,20,15,27,15,19,23,0,154
21301133111,8,22,30,29,25,23,17,23,7,184
21301133112,5,9,4,0,14,7,11,11,0,66
21301133113,8,16,15,20,16,12,24,16,0,134
21301133114,9,9,3,6,13,0,24,18,0,91
21301133115,7,15,21,14,18,18,12,27,3,123
21301133116,6,13,20,17,24,10,17,9,4,127
21301133117,19,49,49,31,48,35,32,28,4,305
21301133118,10,15,26,8,18,14,19,19,0,137
21301133119,15,8,17,7,16,6,15,9,5,103
21301133120,12,15,23,9,13,7,20,18,0,123
21301133121,8,23,31,24,32,17,21,25,3,186
21301133122,13,27,24,14,25,17,27,37,4,190
21301133123,4,18,20,18,24,15,17,24,4,138
21301133201,17,33,38,19,20,23,22,17,0,185
21301133202,3,29,13,5,14,12,10,8,5,96
21301133203,27,25,24,22,29,7,6,14,0,155
21301133204,20,22,19,14,10,19,14,9,3,131
21301133205,4,28,22,8,21,12,13,9,0,127
21301133206,12,31,13,9,12,10,11,11,0,111
21301133207,18,27,24,24,25,18,19,14,4,159
21301133208,10,24,19,14,19,5,6,15,0,119
21301133209,20,26,21,16,25,9,11,10,0,139
21301133210,0,0,0,0,0,0,0,0,0,0
21301133211,25,39,36,23,44,17,26,25,6,239
21301133212,13,26,18,17,27,12,11,13,0,140
21301133213,14,51,17,18,36,21,17,11,3,190
21301133214,17,30,21,19,22,21,13,11,0,153
21301133215,0,0,0,0,0,0,0,0,0,0
21301133216,34,46,51,29,44,21,17,19,7,265
21301133217,27,28,28,27,45,21,22,32,6,227
21301133218,17,12,12,11,12,5,15,7,0,85
21301133219,21,28,19,21,27,9,9,24,5,155
21301133220,18,32,29,20,29,15,8,17,3,168
21301133221,6,21,20,16,30,14,12,13,3,141
21301133222,7,26,17,12,24,19,17,12,7,138
21301133223,8,31,21,16,28,13,17,11,7,150
21301133224,11,19,19,8,13,8,18,13,6,123
21301133225,13,34,21,21,24,15,17,37,0,174
21301133226,8,20,16,16,18,17,6,17,4,122
21301133227,14,34,20,20,24,21,10,16,8,159
21301133228,13,24,16,9,19,11,16,16,3,124
21301133229,11,18,23,13,27,8,12,12,4,132
21301133230,21,35,18,17,14,16,9,14,0,136
21301133231,12,23,18,12,22,14,11,12,0,131
21301133232,36,45,37,31,61,21,20,21,3,274
21301133233,16,30,18,13,16,15,8,11,4,122
21301133234,11,18,7,9,10,8,3,3,0,62
21301133235,24,32,39,22,33,18,10,18,5,195
21301133236,7,5,11,11,10,10,10,0,3,66
21301133237,13,24,25,17,31,25,15,21,7,175
21301133238,9,24,21,6,13,12,13,11,0,105
21301133239,19,22,26,12,28,15,7,15,0,142
21301133240,17,30,22,22,19,17,16,13,6,152
21301133301,18,10,30,23,9,9,37,37,0,175
21301133302,4,9,17,17,10,4,14,23,3,102
21301133303,4,8,28,16,14,14,30,23,0,139
21301133304,5,15,30,13,18,13,26,33,6,139
21301133305,16,23,34,16,26,14,32,26,3,190
21301133306,12,11,12,12,10,7,25,17,0,113
21301133307,9,36,15,22,14,18,29,31,5,188
21301133308,3,9,16,12,15,5,9,16,5,93
21301133309,5,13,24,17,7,12,28,22,0,135
21301133310,0,21,28,27,25,19,21,27,12,177
21301133311,8,22,34,14,22,19,20,35,4,174
21301133312,11,22,23,14,9,8,18,26,6,132
21301133313,6,8,26,20,16,20,21,27,9,147
21301133314,13,9,28,12,18,26,26,47,4,187
21301133315,9,16,27,19,21,18,31,28,8,182
21301133316,7,8,17,9,10,4,14,26,3,95
21301133317,0,12,16,20,25,11,29,20,5,133
21301133318,9,18,27,22,19,8,35,33,7,166
21301133319,8,23,33,29,25,20,35,41,0,212
21301133320,6,21,25,22,23,13,18,23,5,150
21301133321,5,14,20,26,30,15,26,43,4,194
21301133322,6,8,20,14,9,0,19,22,3,101
21301133323,13,15,19,17,18,15,16,24,3,137
21301133324,13,24,29,22,11,17,18,47,4,187
21301133325,5,19,25,19,15,14,12,19,3,132
21301133326,10,21,17,23,23,17,22,27,5,157
21301133327,4,9,19,14,13,8,15,23,7,122
21301133328,5,17,14,21,16,14,12,27,3,119
21301133329,3,9,15,15,13,15,14,19,0,110
21301133330,7,18,30,21,33,21,47,53,6,241
21301133331,3,16,31,14,7,15,18,22,6,143
21301133332,15,20,25,16,13,15,29,16,7,156
21301133333,13,19,32,21,31,21,42,39,5,218
21301133401,5,12,20,20,18,16,30,20,6,146
21301133402,8,14,17,12,15,19,23,28,4,141
21301133403,11,13,24,14,9,10,18,21,3,118
21301133404,4,17,29,11,21,16,15,18,3,128
21301133405,16,17,17,15,24,10,24,26,3,157
21301133406,11,21,12,18,15,11,35,29,8,154
21301133407,20,29,18,28,30,12,26,33,7,205
21301133408,7,26,24,26,12,10,13,40,3,169
21301133409,6,15,40,24,24,6,17,28,3,172
21301133410,3,15,20,16,15,6,20,32,9,147
21301133411,13,28,19,26,19,19,34,43,6,206
21301133412,10,21,24,25,17,9,16,27,7,165
21301133413,11,15,29,13,15,14,19,32,11,161
21301133414,10,32,40,28,18,13,18,38,3,195
21301133415,14,23,39,31,15,16,33,34,8,210
21301133416,6,28,14,20,13,8,19,35,0,155
21301133417,6,15,21,26,15,14,17,23,5,142
21301133418,7,26,23,26,13,13,12,37,13,174
21301133419,9,17,24,14,12,5,21,30,3,151
21301133420,4,17,29,39,22,11,38,42,12,216
21301133421,6,11,30,20,20,19,24,26,8,168
21301133422,4,25,22,8,17,12,21,27,3,133
21301133423,10,34,40,36,28,20,36,38,5,249
21301133424,17,18,27,16,13,16,20,38,5,183
21301133425,9,16,33,26,23,19,28,40,13,203
21301133426,16,24,35,29,33,19,36,31,11,232
21301133427,10,28,28,28,20,26,34,36,6,203
21301133428,6,24,17,15,14,10,19,22,4,142
21301133429,16,32,34,34,16,11,33,25,9,208
21301133430,13,26,22,29,23,15,20,41,6,191
21301133431,12,13,21,14,14,4,18,21,4,112
21301133432,3,14,22,20,8,9,19,35,8,153
21301133433,15,23,34,30,23,10,33,37,8,214
21301133434,0,14,18,23,5,12,12,31,13,132
21301133435,17,24,17,22,32,5,24,34,0,176
21301133436,11,35,29,26,26,16,37,43,4,223
21301133437,5,10,20,16,17,24,24,23,4,142
21301133438,12,10,15,19,12,17,20,19,0,125
21301133439,7,8,12,5,10,8,19,9,5,90
21301133440,3,23,23,9,15,13,24,27,7,153
21301133441,15,9,37,28,15,12,27,51,0,204
21301133442,9,17,26,7,24,12,20,16,5,145
21301133443,11,26,20,22,25,17,35,38,12,200
21301133444,9,6,13,10,7,7,17,18,0,86
21301133445,8,15,14,14,4,11,14,4,0,94
21301133501,19,17,25,29,20,20,26,31,7,184
21301133502,10,33,38,30,24,18,31,44,4,230
21301133503,23,37,38,34,21,19,24,58,7,263
21301133504,44,110,63,69,85,47,73,79,16,575
21301133505,9,13,26,14,12,7,35,33,8,168
21301133506,5,19,33,17,20,16,25,30,4,170
21301133507,0,15,16,13,10,5,14,16,4,100
21301133508,12,23,29,16,4,13,25,27,3,149
21301133509,4,15,17,8,13,8,14,24,5,106
21301133510,14,15,29,29,18,13,18,34,7,188
21301133511,5,15,29,22,21,13,13,33,0,141
21301133512,7,26,16,25,12,13,36,30,4,164
21301133513,5,13,16,7,11,12,16,33,9,116
21301133514,11,23,9,30,21,10,24,56,6,186
21301133515,5,26,35,27,15,9,30,34,5,195
21301133516,21,39,38,26,23,14,35,34,14,248
21301133517,17,30,27,22,18,14,23,16,6,170
21301133518,12,18,23,20,21,18,31,26,10,170
21301133519,9,8,11,13,9,10,20,21,3,96
21301133520,11,26,30,34,23,4,41,48,4,217
21301133521,11,30,31,32,17,10,30,37,13,208
21301133522,8,19,5,13,13,7,20,7,0,95
21301133523,6,15,13,6,13,7,25,20,9,109
21301133524,5,7,7,8,6,10,0,12,0,61
21301133525,8,15,21,12,21,9,18,16,3,123
21301133526,3,19,23,18,17,15,14,28,7,141
21301133527,13,29,25,34,29,16,47,56,6,254
21301133528,8,8,7,7,0,5,11,11,0,59
21301133529,14,27,26,19,15,14,40,35,3,192
21301133530,7,24,24,20,22,15,49,24,3,202
21301133531,8,14,20,20,18,14,13,24,4,131
21301133532,4,12,15,23,8,9,16,20,8,122
21301133533,11,21,8,25,6,6,8,17,3,111
21301133534,9,25,19,13,12,10,18,35,6,147
21301133535,9,23,21,27,16,13,19,20,0,147
21301133536,10,31,39,27,21,16,31,44,7,231
21301133537,0,19,18,20,10,11,20,17,6,124
21301133538,3,10,18,14,11,9,10,20,7,93
21301133601,10,28,35,31,14,13,19,25,8,176
21301133602,5,26,3,9,12,12,10,3,3,83
21301133603,9,36,22,16,22,21,20,23,0,172
21301133604,11,28,13,18,12,18,20,18,6,144
21301133605,18,31,17,13,14,3,14,27,6,146
21301133606,10,54,35,37,26,13,27,33,5,234
21301133607,11,49,35,38,39,9,39,46,9,276
21301133608,18,41,27,16,13,15,20,24,8,182
21301133609,25,39,33,28,33,25,25,39,6,255
21301133610,15,34,36,33,19,11,16,45,9,218
21301133611,32,54,40,28,32,29,25,31,3,285
21301133612,32,72,28,17,32,22,30,25,4,268
21301133613,44,104,45,58,71,25,32,47,6,423
21301133614,22,60,23,21,31,21,20,17,3,227
21301133615,31,72,31,27,31,14,21,28,6,267
21301133616,26,88,25,35,34,12,27,23,7,274
21301133617,17,71,30,19,36,6,17,30,5,238
21301133618,13,68,21,30,33,9,21,49,8,260
21301133619,22,73,37,31,32,20,37,29,6,287
21301133701,16,27,24,12,19,13,16,29,5,160
21301133702,9,21,25,21,12,14,21,40,8,180
21301133703,25,52,31,27,25,20,28,38,0,258
21301133704,8,13,16,22,22,14,19,28,4,153
21301133705,12,43,21,12,23,14,33,28,5,201
21301133706,13,46,22,18,17,27,39,23,0,208
21301133707,11,12,16,11,10,12,12,24,3,112
21301133708,11,19,12,13,20,11,25,18,6,145
21301133709,9,37,32,32,23,24,19,38,12,225
21301133710,10,21,18,10,9,8,18,29,5,146
21301133711,18,20,23,19,24,10,30,22,6,162
21301133712,16,48,37,36,40,28,32,43,9,279
21301133713,10,29,34,33,23,11,20,39,0,206
21301133714,78,122,57,41,58,29,18,38,10,458
21301133715,12,10,14,9,16,12,18,16,3,118
21301133716,23,40,27,13,28,11,24,23,3,194
21301133717,11,32,27,25,22,18,32,30,10,203
21301133718,16,34,33,20,20,15,28,39,8,213
21301133719,15,9,20,10,15,14,22,21,0,123
21301133720,13,25,26,13,17,8,28,26,0,159
21301133721,7,12,21,19,16,11,19,22,9,137
21301133722,22,17,20,18,19,8,27,23,0,164
21301133723,14,18,23,20,15,18,17,29,3,163
21301133724,34,31,51,29,36,22,31,31,12,280
21301133725,0,0,0,0,0,0,0,0,0,0
21301133726,23,65,31,28,35,40,32,44,6,320
21301133801,8,24,16,17,10,6,19,20,0,121
21301133802,11,30,27,25,12,9,15,20,8,152
21301133803,13,22,19,9,25,6,19,19,0,146
21301133804,32,47,46,26,42,22,39,38,8,291
21301133805,111,183,120,102,129,74,96,113,31,956
21301133806,7,21,19,12,12,13,20,22,0,124
21301133807,9,25,24,13,14,14,9,27,0,145
21301133808,8,34,16,18,20,8,21,24,3,159
21301133809,3,7,6,5,8,15,24,12,0,92
21301133810,8,11,10,10,16,8,14,14,5,105
21301133811,8,22,26,17,21,8,15,21,0,140
21301133812,30,46,33,28,44,18,44,39,4,278
21301133813,15,22,14,11,15,16,27,26,4,157
21301133814,18,29,31,18,27,17,31,30,13,217
21301133815,10,15,14,12,19,15,20,15,6,119
21301133816,16,26,27,15,17,14,24,34,3,169
21301133817,11,24,34,8,16,17,22,29,0,172
21301133818,5,19,15,18,11,6,15,14,0,105
21301133819,10,23,19,6,13,3,18,28,8,115
21301133820,16,14,17,6,6,10,8,9,0,80
21301133821,18,23,15,14,8,12,18,18,0,127
21301133822,16,43,26,24,17,9,22,30,6,201
21301133823,9,35,30,18,24,16,21,32,0,190
21301133824,4,21,13,18,17,15,31,30,0,143
21301133825,10,23,23,10,13,16,22,25,5,144
21301133826,9,42,35,19,23,7,30,36,5,210
21301133827,14,36,28,18,21,17,30,48,9,211
21301133828,24,43,19,34,41,23,39,47,11,286
21301133829,0,14,11,9,6,4,24,5,3,78
21301133830,10,24,11,11,22,7,20,18,8,137
21301133831,3,6,11,6,3,11,16,14,5,80
21301133832,5,0,0,0,0,0,3,0,0,9
21301133833,0,0,0,0,0,0,3,0,0,4
21301133834,8,7,15,17,20,10,28,22,8,144
21301133835,6,11,9,14,10,0,7,16,0,69
21301133836,11,19,14,8,15,14,27,20,8,132
21301133837,4,15,11,9,20,6,24,12,3,105
21301133838,11,12,16,13,12,11,23,14,3,117
21301133839,18,50,22,23,41,27,25,28,3,235
21301133840,8,25,8,13,30,23,24,16,0,154
21301133841,15,28,21,16,16,14,24,30,8,168
21301133842,16,34,30,34,27,16,29,22,13,230
21301133843,12,29,16,17,22,12,25,19,0,147
21301133844,11,27,23,29,22,24,32,32,7,213
21301133845,5,16,24,10,17,19,18,16,5,126
21301133901,11,13,15,12,18,12,11,13,0,98
21301133902,12,37,18,23,22,15,21,21,8,177
21301133903,21,57,51,32,44,22,29,19,5,282
21301133904,21,34,47,38,31,30,33,38,10,282
21301133905,27,40,40,35,47,31,19,42,5,290
21301133906,24,26,21,22,29,23,17,17,4,188
21301133907,30,36,36,31,40,27,21,30,5,265
21301133908,23,45,34,28,24,19,14,27,3,215
21301133909,28,23,16,13,27,11,15,18,0,151
21301133910,19,31,28,19,34,28,14,17,9,192
21301133911,11,27,30,19,21,15,16,27,0,171
21301133912,21,39,31,28,29,11,12,17,0,189
21301133913,25,53,37,20,31,37,31,26,13,272
21301133914,16,25,32,28,36,12,20,19,4,182
21301133915,13,39,32,29,38,17,26,23,5,208
21301133916,27,39,20,45,36,31,33,29,6,267
21301133917,23,44,26,29,28,29,18,38,5,239
21301133918,24,35,34,18,27,11,18,11,6,184
21301133919,23,48,26,46,52,24,22,28,5,268
21301133920,6,26,15,21,16,15,12,14,3,142
21301133921,22,50,32,35,21,18,38,42,7,271
21301133922,12,21,30,22,24,27,15,16,9,188
21301133923,17,32,32,37,34,23,20,27,6,216
21301133924,27,42,29,18,25,16,18,27,0,207
21301133925,12,29,36,20,36,20,22,16,4,195
21301133926,25,47,28,29,45,21,28,22,6,253
21301133927,11,24,5,9,16,13,18,8,0,96
21301134001,15,38,28,27,33,18,12,12,7,189
21301134002,25,30,19,24,38,15,16,6,3,184
21301134003,37,60,29,13,27,24,9,18,3,216
21301134004,38,45,32,22,33,26,12,14,6,233
21301134005,41,58,41,27,48,31,23,25,3,294
21301134006,35,45,36,22,43,31,8,21,10,255
21301134007,18,37,28,17,18,15,13,9,0,156
21301134008,25,45,25,25,29,19,8,6,8,181
21301134009,33,62,30,27,44,38,18,31,8,289
21301134010,0,0,0,0,0,0,0,0,0,3
21301134011,6,14,12,7,8,7,6,12,0,86
21301134012,43,52,35,27,45,25,15,25,5,272
21301134013,0,3,5,3,3,0,0,0,0,23
21301134014,0,0,0,0,0,0,0,0,0,0
21301134015,35,45,41,28,41,35,19,18,5,273
21301134016,27,39,27,16,27,16,9,21,0,180
21301134017,31,55,44,22,28,19,10,22,3,239
21301134018,21,32,40,20,37,24,15,16,0,215
21301134019,19,28,26,15,39,26,20,17,4,179
21301134020,13,20,23,7,24,18,14,19,0,143
21301134021,21,51,44,32,38,20,15,23,12,260
21301134022,38,44,43,19,53,28,12,9,3,249
21301134023,33,45,39,17,52,21,12,17,8,245
21301134024,38,61,24,25,58,29,26,16,10,283
21301134025,21,20,22,17,23,13,11,3,0,128
21301134026,35,37,15,17,37,15,22,15,10,219
21301134027,34,42,26,15,31,20,13,17,4,195
21301134028,31,39,36,16,48,34,19,18,0,250
21301134029,37,64,23,20,50,38,12,19,7,266
21301134030,23,43,18,9,25,20,14,15,4,175
21301134031,22,41,20,16,29,14,17,16,3,170
21301134032,13,24,17,10,19,9,11,17,4,132
21301134033,28,27,18,12,26,9,10,6,5,145
21301134034,34,55,29,33,38,20,16,13,10,243
21301134035,24,38,32,21,28,20,15,9,0,196
21301134036,32,37,12,22,27,19,14,15,7,177
21301134037,19,28,23,18,17,16,8,13,3,161
21301134038,32,42,26,10,47,23,23,18,5,225
21301134039,0,0,0,0,0,0,0,0,0,0
21301134040,37,43,32,22,54,39,19,19,5,263
21301134041,25,48,27,12,27,27,22,18,4,217
21301134042,19,31,23,11,16,17,3,11,6,141
21301134043,29,36,21,9,24,17,17,18,4,180
21301134044,19,25,28,15,17,9,9,3,0,124
21301134045,16,24,10,10,15,9,0,8,0,82
21301134046,10,25,8,14,17,16,5,4,0,100
21301134047,16,36,14,8,32,16,11,7,0,149
21301134048,17,27,27,18,35,23,22,21,10,199
21301134049,18,31,15,21,26,15,10,13,4,147
21301156901,10,10,10,13,16,0,15,19,3,103
21301156902,24,25,26,37,37,21,35,36,4,247
21301156903,13,16,31,12,24,18,24,31,8,171
21301156904,9,16,11,22,14,6,11,14,4,113
21301156905,12,35,26,18,23,18,30,11,3,176
21301156906,11,25,21,25,33,19,25,13,0,172
21301156907,4,13,14,3,16,11,15,16,3,80
21301156908,19,20,25,28,24,23,31,36,12,228
21301156909,4,8,25,16,16,7,11,23,5,111
21301156910,14,31,35,23,24,13,19,28,8,181
21301156911,16,27,30,20,26,14,29,28,5,193
21301156912,10,16,14,19,6,9,11,15,3,109
21301156913,4,16,26,17,9,9,21,25,8,139
21301156914,25,61,37,26,31,19,29,23,5,256
21301156915,9,26,28,26,30,19,26,35,5,206
21301156916,9,11,12,11,3,9,20,17,0,88
21301156917,9,12,18,19,10,11,15,25,3,132
21301156918,8,22,9,13,13,8,19,23,0,116
21301156919,22,50,36,39,30,22,39,38,9,276
21301156920,3,9,17,22,10,8,22,24,4,116
21301156921,16,29,26,25,31,20,24,39,3,220
21301156922,18,29,33,25,19,19,20,36,7,201
21301156923,13,21,43,31,21,13,27,29,10,207
21301156924,35,83,56,55,55,25,83,54,17,469
21301156925,0,11,22,7,8,7,17,24,5,114
21301156926,5,13,16,8,15,10,15,21,5,99
21301156927,8,27,26,19,19,8,31,16,4,150
21301156928,17,40,19,31,27,18,25,28,9,216
21301156929,9,18,21,12,15,4,25,15,5,127
21301156930,25,48,21,37,44,13,37,35,8,270
21301156931,0,0,0,0,0,0,0,0,0,0
21301156932,9,34,14,24,37,7,30,20,7,181
21301156933,12,25,15,17,15,10,19,13,5,116
21301156934,4,13,12,16,7,9,10,13,3,89
21301156935,7,22,9,8,9,7,24,29,6,119
21301156936,6,16,21,5,14,10,17,32,3,126
21301156937,8,17,24,17,7,4,20,16,6,128
21301156938,10,15,26,7,14,11,29,28,0,136
21301156939,20,42,27,32,28,19,26,20,8,225
21301156940,10,20,17,11,28,9,21,18,8,139
21301156941,0,0,0,0,0,0,0,0,0,0
21301156942,24,53,28,33,37,16,30,20,8,242
21301156943,5,7,9,12,7,4,15,18,3,77
21301156944,8,7,12,15,9,9,17,19,5,88
21301156945,5,13,17,10,11,6,16,15,3,95
21301156946,0,20,20,18,23,9,13,25,3,142
21301157001,21,39,33,32,37,21,36,22,7,263
21301157002,15,49,26,20,40,9,36,16,5,213
21301157003,32,82,37,34,50,32,49,30,9,349
21301157004,29,61,31,23,46,15,31,22,8,269
21301157005,24,45,38,24,49,20,34,33,17,287
21301157006,25,48,25,23,39,14,40,31,7,253
21301157007,12,25,31,23,22,20,34,20,10,202
21301157008,44,73,42,32,57,18,43,46,8,378
21301157009,19,43,19,19,28,24,27,35,0,211
21301157010,11,43,19,21,36,8,20,22,6,187
21301157011,25,63,30,29,49,11,50,33,13,298
21301157012,0,0,0,0,0,0,0,0,0,3
21301157013,20,32,31,16,36,20,33,31,0,223
21301157014,24,48,31,54,39,26,53,26,0,303
21301157015,25,42,23,29,33,7,36,21,8,224
21301157016,35,89,40,26,48,16,47,26,8,337
21301157017,0,4,0,0,0,0,0,0,0,7
21302134101,41,99,34,44,64,15,13,21,4,341
21302134102,38,55,24,20,22,9,22,13,6,212
21302134103,38,106,45,24,37,21,11,19,9,316
21302134104,30,45,21,14,26,12,15,13,7,174
21302134105,48,57,23,23,39,23,5,8,5,235
21302134106,54,59,25,12,37,21,10,17,9,244
21302134107,42,53,24,12,27,10,8,19,10,210
21302134108,26,52,27,23,21,15,11,5,0,179
21302134109,0,0,0,0,0,0,0,0,0,0
21302134110,47,90,41,28,39,11,13,17,6,297
21302134111,28,57,16,27,30,10,14,6,3,189
21302134112,40,74,19,17,27,9,7,11,6,215
21302134113,64,97,47,26,58,18,14,19,8,349
21302134114,54,81,32,21,33,20,9,19,6,275
21302134115,37,45,17,15,13,18,6,0,0,158
21302134116,70,85,36,39,51,34,7,20,7,336
21302134120,37,69,36,12,20,23,11,19,5,229
21302134124,20,53,22,12,17,8,8,15,5,161
21302134125,5,4,6,0,3,0,0,4,0,21
21302134126,31,64,22,16,26,12,6,14,0,202
21302134127,25,36,14,13,18,15,5,14,4,143
21302134128,39,76,43,32,43,13,13,16,7,289
21302134129,0,0,0,0,0,0,0,0,0,0
21302134130,0,0,0,0,0,0,0,0,0,0
21302134131,37,49,15,18,30,16,7,9,6,179
21302134132,28,56,16,27,30,12,7,13,4,193
21302134133,44,62,26,21,31,10,5,14,3,212
21302134134,29,48,10,26,26,17,16,8,0,186
21302134135,30,54,29,26,34,11,10,11,5,210
21302134136,0,0,0,0,0,0,0,0,0,0
21302134137,27,59,17,23,38,15,9,18,0,206
21302134138,30,54,16,23,27,11,6,10,7,177
21302134139,31,56,20,19,31,11,11,15,5,190
21302134140,28,53,28,18,29,19,4,13,4,187
21302134141,23,59,32,12,30,14,11,9,5,197
21302134201,15,22,18,24,23,11,10,11,0,127
21302134202,13,36,36,18,34,17,22,16,3,192
21302134203,18,20,33,16,23,16,22,22,6,176
21302134204,20,47,34,23,35,17,18,16,8,218
21302134205,23,61,35,24,33,21,14,13,3,223
21302134206,29,68,36,34,38,19,23,25,7,285
21302134207,20,35,21,8,13,20,15,11,0,149
21302134208,0,3,0,0,0,0,0,5,0,10
21302134209,0,0,0,0,0,0,0,0,0,0
21302134210,14,16,17,17,19,11,13,15,4,127
21302134211,7,21,19,15,25,8,12,14,0,133
21302134212,9,19,20,26,23,14,13,12,0,138
21302134213,22,31,28,21,20,16,18,11,6,172
21302134214,15,22,13,15,13,16,9,17,4,119
21302134215,15,37,32,23,31,11,23,13,16,208
21302134216,16,24,20,8,19,16,9,18,0,130
21302134217,8,20,23,16,19,10,23,21,0,141
21302134218,34,54,42,30,46,25,45,23,6,308
21302134219,12,45,30,15,42,22,27,19,12,216
21302134220,26,68,57,43,40,24,27,26,0,315
21302134221,32,44,30,27,38,22,12,24,3,231
21302134222,46,59,48,34,52,36,29,24,7,338
21302134223,33,49,44,33,53,31,23,23,5,296
21302134224,18,40,26,31,29,11,28,15,4,212
21302134225,9,35,22,21,24,7,13,25,7,156
21302134226,16,54,27,21,22,22,19,16,12,208
21302134227,23,30,19,29,15,13,15,10,3,152
21302134228,11,19,20,31,16,12,20,22,7,153
21302134229,26,46,20,31,35,18,17,17,8,217
21302134230,18,40,23,33,34,9,18,13,7,198
21302134231,16,36,19,25,27,13,14,6,4,157
21302134232,23,17,17,15,14,14,11,18,0,124
21302134233,6,24,18,7,20,14,11,9,0,114
21302134234,18,47,33,23,38,21,17,23,4,221
21302134235,13,40,24,24,27,9,13,13,10,180
21302134236,10,39,30,23,38,20,15,22,3,206
21302134237,23,45,26,13,34,13,28,11,4,196
21302134238,19,34,29,15,19,10,6,13,4,153
21302134239,12,37,21,9,26,13,10,6,4,139
21302134240,16,24,21,15,22,11,12,17,0,145
21302134241,29,46,29,18,28,22,16,24,5,223
21302134242,22,39,24,18,21,13,7,19,0,160
21302134243,30,38,32,21,20,14,15,19,0,188
21302134244,23,38,31,12,41,14,15,11,4,189
21302134245,27,41,35,29,44,17,33,28,4,258
21302134246,14,23,15,9,31,16,13,7,4,134
21302134248,7,34,16,21,25,8,19,8,3,144
21302134249,17,31,18,15,25,9,8,6,6,142
21302134301,15,32,13,7,25,10,15,17,4,132
21302134302,22,47,24,15,24,15,22,16,9,196
21302134303,0,0,0,0,0,0,0,0,0,0
21302134304,57,77,59,43,48,32,32,25,4,376
21302134305,35,67,42,32,56,23,27,37,6,323
21302134306,57,110,56,30,48,32,32,29,10,413
21302134307,27,46,36,23,39,22,15,14,5,219
21302134308,0,0,0,0,0,0,0,0,0,3
21302134309,0,0,0,0,0,0,0,0,0,0
21302134310,39,65,29,18,19,20,13,22,4,229
21302134311,22,28,28,16,17,4,15,13,4,142
21302134312,53,111,50,45,53,30,31,27,14,418
21302134313,18,35,22,12,20,12,13,5,0,142
21302134314,12,32,28,12,17,10,9,13,0,140
21302134315,19,31,14,11,16,8,18,16,4,139
21302134316,27,51,11,17,45,13,8,16,0,188
21302134317,38,69,31,23,33,22,24,29,5,267
21302134318,51,72,30,23,34,27,15,11,4,268
21302134319,42,39,19,8,26,14,13,5,8,177
21302134320,46,66,32,19,24,13,8,14,6,236
21302134321,47,63,25,14,31,13,15,10,0,219
21302134322,47,70,24,28,38,22,12,17,6,265
21302134323,38,74,33,16,43,18,16,14,3,243
21302134324,52,63,51,31,58,23,25,25,3,331
21302134325,36,60,43,28,47,27,20,23,12,294
21302134326,29,60,28,15,42,27,14,29,3,256
21302134327,21,45,18,18,25,26,19,17,0,181
21302134328,29,54,28,13,30,19,7,12,0,197
21302134329,20,32,23,11,15,4,9,9,0,125
21302134330,46,65,29,20,42,16,23,19,10,261
21302134331,14,8,10,0,5,5,8,4,0,57
21302134332,19,32,21,18,21,21,9,11,8,177
21302134401,28,44,10,10,22,10,3,8,3,144
21302134402,53,87,25,24,28,20,4,6,7,260
21302134403,71,116,37,26,30,25,9,14,6,334
21302134404,51,94,33,32,44,17,11,10,4,295
21302134405,90,148,39,36,46,32,8,18,3,420
21302134406,41,97,35,17,22,10,18,12,7,260
21302134407,56,103,36,32,53,14,10,17,5,330
21302134408,55,72,18,24,31,23,8,11,3,240
21302134409,57,91,21,25,34,23,9,10,4,268
21302134410,58,112,9,15,41,19,8,12,5,273
21302134411,71,122,26,25,30,16,8,17,3,313
21302134412,56,101,22,21,34,22,6,13,3,285
21302134413,0,0,0,0,0,0,0,0,0,0
21302134414,0,0,0,0,0,0,0,0,0,0
21302134415,45,78,34,19,33,14,10,18,7,251
21302134416,25,60,22,15,21,10,0,7,3,171
21302134417,47,74,24,11,29,24,8,11,7,232
21302134418,36,43,24,15,24,15,11,7,0,173
21302134419,40,85,28,22,40,22,9,21,0,260
21302134420,67,79,18,12,26,11,3,12,4,237
21302134421,51,77,21,17,31,15,5,7,0,228
21302134422,46,93,24,18,43,27,8,16,0,279
21302134423,55,58,18,18,33,17,7,8,6,227
21302134424,0,0,0,0,0,0,0,0,0,0
21302134425,82,118,29,32,52,22,5,12,6,361
21302134426,64,72,26,27,30,18,11,14,4,261
21302134427,47,91,17,19,44,22,8,14,4,269
21302134428,47,91,21,24,35,14,9,21,0,267
21302134429,59,95,34,29,33,13,6,19,0,293
21302134430,79,133,53,39,56,23,15,20,9,419
21302134431,73,116,41,30,46,25,11,17,0,365
21302134432,30,55,14,13,22,16,8,6,0,172
21302134433,32,48,10,7,8,8,0,3,3,123
21302134434,46,77,28,19,28,15,5,13,0,233
21302134435,30,64,16,7,24,14,9,5,0,178
21302134436,33,48,21,16,26,10,4,10,0,174
21302134437,68,120,32,17,24,14,5,11,4,281
21302134438,28,53,17,9,23,19,3,12,6,167
21302134439,73,139,23,30,48,23,19,12,0,372
21302134440,73,111,27,29,32,20,6,14,8,319
21302134441,23,49,8,12,15,9,4,8,0,122
21302134442,78,150,23,28,53,23,10,12,11,395
21302134501,16,26,20,9,19,6,12,13,5,119
21302134502,6,17,19,15,27,11,14,15,4,121
21302134503,20,43,25,18,23,16,19,15,3,192
21302134504,13,46,28,14,20,6,11,8,4,156
21302134505,17,34,23,21,26,10,9,3,9,151
21302134506,20,61,30,23,28,25,20,15,9,218
21302134507,28,58,35,23,21,19,12,13,9,226
21302134508,17,54,21,18,29,14,13,8,3,172
21302134509,18,48,23,28,35,17,11,12,6,192
21302134510,18,39,18,9,22,16,12,12,0,152
21302134511,36,80,46,38,60,23,24,23,9,348
21302134512,13,24,15,18,20,19,18,19,4,146
21302134513,26,62,33,26,29,21,20,16,4,233
21302134601,54,78,14,20,23,10,3,9,3,214
21302134602,29,62,13,12,18,13,6,12,0,167
21302134603,53,67,17,27,29,17,8,12,5,228
21302134604,121,198,45,47,82,36,7,20,6,562
21302134605,51,56,25,28,33,22,9,14,0,241
21302134606,45,74,28,22,37,21,3,5,3,229
21302134607,34,50,23,16,23,15,3,6,3,169
21302134608,22,50,11,13,16,13,0,5,4,140
21302134609,76,121,36,33,48,21,7,13,4,363
21302134610,42,73,16,7,29,25,0,12,3,209
21302134611,37,92,23,23,28,16,12,6,3,239
21302134612,38,71,20,16,35,9,9,12,0,210
21302134613,76,123,35,24,63,18,6,19,0,364
21302134614,54,78,10,12,22,15,3,6,5,214
21302134615,50,56,5,10,22,6,3,0,0,162
21302134616,53,88,10,10,30,15,4,9,5,217
21302134617,47,106,16,30,29,17,4,10,10,265
21302134618,52,79,11,18,29,21,7,5,7,233
21302134619,65,102,27,29,17,20,4,10,0,274
21302134620,54,73,13,17,22,13,3,10,3,218
21302134621,48,64,9,16,24,16,4,11,3,193
21302134622,63,110,16,22,32,26,6,20,3,300
21302134623,76,87,13,21,35,12,0,13,5,271
21302134624,78,110,29,27,47,25,0,19,4,333
21302134625,36,85,22,38,47,34,11,14,5,284
21302134626,24,42,15,23,21,20,0,16,0,165
21302134627,46,74,31,25,27,19,10,19,8,242
21302134628,45,82,16,22,26,16,4,13,0,230
21302134629,10,12,9,5,0,0,0,3,0,34
21302134630,73,101,21,31,41,27,13,11,4,317
21302134631,28,48,18,20,26,23,3,3,5,174
21302134632,88,115,32,25,42,28,5,17,6,364
21302134633,25,41,6,7,17,5,0,0,0,114
21302134634,38,43,11,11,17,8,6,9,3,129
21302134635,32,32,13,8,16,9,4,4,0,113
21303134701,15,32,20,18,28,32,15,29,5,194
21303134702,28,59,44,42,32,38,33,59,10,349
21303134703,9,38,12,8,20,10,20,25,4,142
21303134704,11,30,7,17,12,8,15,19,5,107
21303134705,4,19,21,12,12,11,9,13,0,98
21303134706,13,31,25,27,20,23,24,21,0,194
21303134707,7,18,8,22,16,6,13,15,0,112
21303134708,18,44,30,26,28,9,21,16,3,196
21303134709,12,41,24,20,14,14,10,23,6,174
21303134710,12,23,14,20,14,12,22,27,8,144
21303134711,13,59,24,35,28,25,28,44,7,254
21303134712,21,59,17,23,25,11,13,14,0,177
21303134713,20,36,14,16,15,11,10,18,4,149
21303134714,39,97,29,31,46,23,14,21,3,297
21303134715,9,30,20,18,14,13,0,14,0,123
21303134717,37,60,30,34,38,30,26,32,13,300
21303134718,7,14,17,10,11,12,17,11,5,103
21303134719,15,21,6,14,12,5,12,12,4,100
21303134720,19,53,26,29,27,18,25,44,5,238
21303134721,35,109,34,31,27,20,20,24,7,307
21303134722,35,97,22,29,43,22,10,23,4,287
21303134723,31,67,20,29,30,15,21,9,0,235
21303134724,29,94,24,22,38,19,19,23,7,277
21303134725,20,51,22,12,16,7,10,15,0,155
21303134727,25,47,26,35,23,27,31,26,13,243
21303134728,31,75,13,25,27,11,17,16,14,226
21303134729,53,109,26,45,41,23,32,37,9,363
21303134730,13,30,8,13,20,10,16,26,7,146
21303134731,30,66,17,32,21,16,23,38,5,243
21303134732,18,38,24,23,25,17,17,20,9,197
21303134733,10,24,19,13,23,8,28,31,3,157
21303134735,26,64,36,41,54,32,41,40,16,355
21303134736,13,24,13,16,15,16,12,29,0,143
21303134737,35,101,32,42,48,35,27,32,6,361
21303134738,34,76,26,20,43,18,37,35,7,295
21303134739,26,74,28,31,47,16,16,18,15,269
21303134741,32,70,21,25,32,30,23,22,5,260
21303134742,0,0,0,0,0,0,0,0,0,0
21303134743,31,58,29,14,19,23,5,14,10,195
21303134744,15,41,17,16,20,19,14,8,4,165
21303134745,7,19,3,4,3,3,6,6,0,55
21303134746,14,64,23,36,34,24,14,17,4,226
21303134747,42,87,34,39,43,23,10,20,3,307
21303134748,38,95,33,31,40,23,24,25,10,311
21303134801,47,65,18,22,27,7,16,18,0,219
21303134802,46,110,35,26,35,19,8,19,5,297
21303134803,55,141,23,34,46,22,14,18,13,361
21303134804,36,84,29,26,41,14,14,17,3,273
21303134805,15,15,21,27,8,13,22,29,0,158
21303134806,10,39,22,30,18,13,23,32,6,189
21303134807,45,83,22,23,29,29,3,14,6,259
21303134810,30,75,24,30,31,16,7,19,8,243
21303134811,27,63,39,40,24,22,14,24,9,262
21303134812,26,99,28,33,42,29,13,18,8,285
21303134813,26,53,23,5,17,11,7,17,4,168
21303134814,13,47,12,20,17,12,13,17,3,154
21303134815,55,144,40,33,40,19,8,29,7,366
21303134817,21,63,21,22,37,16,15,20,6,212
21303134818,23,56,17,17,20,7,8,15,5,174
21303134819,42,112,32,34,43,14,18,23,4,328
21303134820,17,51,14,41,18,25,11,27,5,202
21303134822,24,94,38,23,27,15,14,21,9,261
21303134823,18,39,7,21,11,11,6,12,9,129
21303134824,36,81,16,19,26,13,9,14,8,225
21303134825,22,48,12,18,21,17,3,7,3,159
21303134826,31,89,25,16,26,16,8,25,8,243
21303134827,37,95,41,42,42,9,5,31,3,299
21303134829,0,0,0,0,0,0,0,0,0,0
21303134830,24,67,22,20,19,11,9,15,0,190
21303134831,17,76,23,32,42,20,10,17,7,240
21303134832,22,34,12,15,26,8,5,6,0,120
21303134833,24,63,23,22,32,15,12,19,4,207
21303134834,14,36,14,20,14,8,17,28,0,160
21303134835,11,30,18,22,13,15,16,31,0,157
21303134836,40,149,35,35,56,40,21,20,3,401
21303134837,20,67,20,13,18,10,7,10,5,172
21303134838,28,78,17,15,28,7,8,17,4,205
21303134839,35,123,16,29,33,17,5,18,6,280
21303134840,25,70,14,17,30,8,7,4,4,182
21303134841,36,87,35,23,28,14,14,16,6,255
21303134842,16,41,17,16,28,10,9,15,4,158
21303134843,48,139,22,32,44,25,14,22,3,355
21303134844,72,239,27,37,59,20,10,10,10,488
21303134845,101,261,55,85,123,49,30,66,15,788
21303134902,27,75,20,29,25,25,15,16,4,235
21303134903,32,51,22,15,36,26,13,18,8,217
21303134904,33,73,31,25,44,14,19,19,5,244
21303134906,30,53,21,27,34,13,20,31,7,242
21303134907,33,87,15,28,45,18,20,35,10,293
21303134908,31,41,17,8,20,11,6,9,7,145
21303134909,30,36,14,14,25,17,13,19,5,166
21303134910,26,42,16,10,25,22,6,16,5,177
21303134911,26,37,12,20,11,14,8,9,0,135
21303134912,30,69,23,11,25,16,5,5,0,189
21303134913,48,90,28,27,38,29,17,24,10,317
21303134914,42,70,26,25,15,20,17,10,0,222
21303134916,40,63,8,17,47,21,24,16,7,253
21303134917,26,44,12,19,29,16,6,16,5,166
21303134918,52,94,30,35,37,22,20,20,10,315
21303134919,30,78,22,22,25,20,18,11,10,235
21303134920,25,54,19,20,25,14,10,10,0,174
21303134921,22,64,21,28,27,20,6,13,4,209
21303134922,31,69,22,20,23,15,3,12,5,200
21303134923,27,52,19,12,26,15,7,12,0,164
21303134925,45,87,15,16,32,22,17,0,5,244
21303134926,37,60,11,15,32,18,5,8,6,188
21303134927,69,101,19,31,39,29,7,11,3,309
21303134929,41,106,24,40,51,25,17,18,5,335
21303134930,36,101,21,38,40,22,17,30,5,314
21303134931,40,91,17,32,33,24,16,15,3,281
21303134932,28,70,14,21,33,15,11,10,0,207
21303134933,43,72,12,18,21,14,3,9,4,198
21303134934,28,81,27,30,33,20,15,18,3,250
21303134935,26,42,13,16,22,19,0,10,0,158
21303134936,40,64,24,22,24,15,7,6,0,205
21303134937,59,108,20,35,53,30,10,23,0,347
21303135001,34,107,14,20,16,19,0,9,0,226
21303135002,45,81,20,15,26,17,6,7,0,230
21303135003,58,131,27,19,31,16,13,10,0,307
21303135004,34,80,20,15,26,17,9,12,9,225
21303135005,76,129,11,15,24,19,3,4,3,289
21303135006,59,112,19,21,32,9,0,15,7,272
21303135007,47,81,30,16,32,26,9,15,0,257
21303135008,52,65,28,37,36,17,22,19,8,290
21303135009,35,116,29,21,28,16,24,16,0,284
21303135010,44,112,20,19,29,9,5,6,7,256
21303135011,62,131,21,24,42,20,9,6,10,321
21303135012,66,133,25,26,32,20,5,16,3,326
21303135013,62,127,19,21,45,18,0,12,5,317
21303135014,58,138,32,35,32,21,16,17,0,357
21303135015,45,75,12,23,23,8,3,6,0,193
21303135016,65,124,37,26,33,23,9,15,0,342
21303135017,47,107,22,21,33,10,10,12,3,269
21303135018,70,172,31,29,45,18,12,26,8,408
21303135019,36,103,17,13,22,10,0,8,4,212
21303135101,32,86,16,14,22,7,5,12,4,196
21303135102,49,103,27,25,27,12,5,11,7,251
21303135103,34,73,31,33,40,20,25,26,5,276
21303135104,48,89,21,25,28,6,12,7,0,247
21303135105,31,100,23,24,29,18,6,16,5,254
21303135106,37,89,15,14,39,14,13,11,6,236
21303135107,49,102,23,22,27,25,11,15,3,275
21303135108,33,57,22,26,27,12,18,15,0,203
21303135109,49,110,38,36,46,25,17,25,3,346
21303135110,66,122,32,22,24,23,9,17,7,318
21303135111,0,0,0,0,0,0,0,0,0,0
21303135112,18,50,28,28,25,10,11,40,3,216
21303135113,37,109,44,37,27,34,14,33,9,343
21303135114,0,0,0,0,0,0,0,0,0,5
21303135115,32,80,21,13,39,17,8,13,0,225
21303135116,38,82,26,22,33,16,10,13,0,232
21303135117,15,55,18,27,36,17,24,13,0,203
21303135118,46,71,23,29,34,19,18,25,4,269
21303135119,25,65,30,35,35,25,30,31,6,284
21303135120,47,103,22,31,47,22,14,15,6,307
21303135121,26,64,14,19,16,3,3,18,0,165
21303135122,51,92,38,30,31,29,8,14,8,300
21303135123,14,38,6,10,15,5,5,6,0,103
21303135124,49,52,17,10,28,8,12,16,5,197
21303135125,29,66,30,29,30,17,20,22,6,251
21303135126,45,118,31,35,50,24,28,25,3,371
21303135127,16,44,11,15,28,5,3,7,7,130
21303135128,35,61,20,21,21,12,9,18,0,202
21303135201,70,125,20,21,36,27,9,17,5,329
21303135203,60,119,32,21,30,19,10,13,0,310
21303135204,37,54,13,22,32,8,6,6,3,182
21303135205,61,113,30,14,44,25,8,12,6,310
21303135206,98,177,36,24,44,19,9,14,14,434
21303135207,74,166,28,30,55,24,4,9,10,403
21303135208,85,136,22,27,38,23,18,22,8,372
21303135209,56,109,20,20,30,19,10,17,0,269
21303135210,61,99,17,22,33,23,5,10,7,278
21303135211,34,77,23,12,28,13,3,17,0,210
21303135212,64,138,33,32,44,25,7,17,7,357
21303135213,56,127,24,18,32,8,0,7,6,286
21303135214,58,101,23,18,16,20,10,11,4,266
21303135215,51,90,17,22,36,15,4,10,5,244
21303135216,53,124,32,36,36,18,9,15,4,333
21303135217,46,78,31,22,43,22,11,14,3,276
21303135218,57,109,19,23,43,21,15,22,5,314
21303135219,47,104,46,32,46,26,11,22,10,336
21303135220,28,50,12,14,8,13,11,9,4,154
21303135221,48,100,24,14,20,18,12,5,3,248
21303135222,68,103,21,18,42,35,11,14,12,321
21303135223,63,68,23,34,36,18,16,13,4,267
21303135224,75,109,41,32,45,35,9,24,3,367
21303135225,25,76,24,18,22,18,7,9,5,205
21303135226,71,126,37,27,34,29,13,17,9,357
21303135227,0,0,0,0,0,0,0,0,0,0
21303135228,43,122,25,32,32,13,7,13,0,285
21303135229,57,114,22,27,22,13,7,9,0,278
21303135230,45,99,28,27,33,25,9,12,4,287
21303135231,39,60,15,12,17,24,5,6,0,181
21303135232,0,0,0,0,0,0,0,0,0,0
21303135233,37,58,14,12,24,18,4,11,0,185
21303135234,44,96,19,14,49,12,11,8,5,261
21304135301,25,40,20,19,25,4,15,10,0,162
21304135302,19,29,34,41,26,24,27,23,5,226
21304135304,21,37,28,21,34,17,13,19,0,195
21304135305,26,24,32,23,26,12,17,22,4,193
21304135306,24,24,28,21,20,18,13,24,6,185
21304135307,43,55,76,55,82,47,56,32,12,465
21304135310,45,23,45,21,33,15,16,19,4,217
21304135312,10,43,31,20,38,7,14,20,3,188
21304135313,23,28,12,9,19,11,3,13,0,124
21304135314,32,45,25,20,33,18,18,7,9,209
21304135315,28,29,31,30,37,13,13,17,10,218
21304135317,25,33,35,32,33,26,22,21,4,230
21304135318,38,50,42,26,24,14,15,14,3,228
21304135319,22,41,52,30,41,19,10,15,6,225
21304135320,60,99,79,50,54,44,29,48,15,472
21304135322,22,34,41,23,26,20,9,22,0,193
21304135323,18,26,34,23,26,12,12,16,0,170
21304135324,20,27,36,37,29,18,18,16,0,199
21304135325,9,29,36,15,11,11,19,16,0,151
21304135328,17,29,21,14,24,21,12,11,10,157
21304135331,31,63,44,15,40,19,20,15,0,253
21304135332,22,23,38,19,27,12,29,27,4,203
21304135333,20,23,35,22,25,22,20,16,10,178
21304135335,28,34,46,28,47,24,13,26,8,254
21304135336,13,11,22,25,9,9,13,12,0,113
21304135337,26,26,50,34,48,22,28,19,6,263
21304135338,20,33,52,24,32,17,29,11,4,231
21304135339,27,57,51,37,36,25,32,37,3,312
21304135340,20,23,26,20,24,17,20,15,0,172
21304135341,19,36,33,22,42,18,14,24,9,213
21304135342,19,23,22,22,18,17,21,23,0,165
21304135343,18,29,29,10,28,15,10,13,0,161
21304135344,25,41,36,19,35,22,14,16,3,212
21304135345,29,45,47,31,43,19,23,23,4,265
21304135346,33,48,45,38,30,22,23,24,8,279
21304135348,19,30,35,27,40,23,21,20,4,221
21304135349,42,66,43,31,44,26,17,19,0,296
21304135350,20,17,11,17,14,8,6,9,0,102
21304135351,7,31,35,26,24,14,33,21,3,192
21304135352,8,18,17,23,24,3,13,11,3,121
21304135353,7,29,30,19,19,4,23,9,3,150
21304135354,14,28,32,25,19,15,17,16,0,175
21304135355,14,40,49,31,28,28,20,17,3,227
21304135356,4,0,0,0,0,0,0,0,3,13
21304135357,29,80,52,60,48,18,32,20,6,345
21304135358,20,66,50,33,38,12,30,12,0,262
21304135359,46,38,22,32,32,14,11,9,4,226
21304135360,20,33,35,21,27,21,18,19,6,199
21304135361,19,18,38,24,19,11,19,16,4,165
21304135362,17,21,35,17,24,15,14,21,5,164
21304135363,16,33,35,32,28,15,15,15,0,187
21304135364,40,70,53,50,63,35,22,37,3,372
21304135365,29,31,28,25,26,12,11,17,0,179
21304135366,35,47,74,51,51,30,35,33,5,361
21304135367,16,23,24,26,19,19,12,13,5,151
21304135368,0,0,0,0,0,0,0,0,0,0
21304135369,16,32,27,20,31,10,18,6,0,162
21304135370,11,19,43,15,15,11,14,18,0,155
21304135801,3,9,22,12,8,9,11,22,3,107
21304135802,11,19,29,30,21,15,12,22,3,166
21304135803,15,14,17,19,16,12,13,12,0,117
21304135804,3,18,17,9,10,14,13,4,0,86
21304135805,22,31,49,31,37,23,42,23,5,270
21304135806,23,31,38,34,29,40,19,18,0,238
21304135809,29,37,54,47,39,47,32,33,10,324
21304135810,12,13,27,33,30,22,20,27,5,184
21304135812,25,28,37,35,31,17,40,36,4,263
21304135813,5,5,23,17,18,13,17,6,9,112
21304135814,6,10,12,11,6,17,11,14,0,87
21304135816,14,12,20,23,17,20,15,7,4,132
21304135817,21,34,33,40,48,37,53,36,6,308
21304135818,9,13,21,11,26,15,28,22,3,158
21304135819,5,13,16,20,23,19,15,26,0,132
21304135821,8,12,20,16,22,12,23,21,3,136
21304135823,3,16,14,11,12,6,15,5,7,89
21304135824,10,15,19,20,19,15,21,23,4,132
21304135825,6,17,22,32,18,10,19,19,4,140
21304135826,24,25,47,37,36,26,40,26,9,281
21304135827,3,0,8,12,12,6,19,9,0,71
21304135828,9,8,7,13,12,0,6,6,0,56
21304135829,16,21,23,24,16,17,13,16,4,170
21304135830,13,38,34,19,40,18,24,29,5,215
21304135832,9,24,22,30,24,19,34,26,10,202
21304135833,19,25,22,35,36,29,17,20,6,213
21304135834,10,17,32,21,28,21,15,18,5,170
21304135835,19,30,22,23,21,25,10,17,0,175
21304135836,3,20,13,14,19,6,5,10,0,93
21304135837,13,19,24,21,29,22,38,32,0,203
21304135838,18,29,36,31,33,24,37,29,0,242
21304135839,21,26,28,19,22,19,24,18,4,176
21304135842,9,26,31,34,21,21,23,19,9,204
21304135843,15,25,23,38,33,23,50,36,8,247
21304135844,12,15,20,25,18,13,27,14,4,155
21304135845,19,27,33,25,33,16,30,22,3,213
21304135846,18,17,26,34,21,18,15,17,0,154
21304135847,22,33,36,28,32,30,45,27,6,257
21304135848,16,34,29,33,26,29,30,36,10,243
21304135849,25,35,27,25,23,18,14,21,3,197
21304135850,22,36,26,21,27,16,22,18,3,192
21304135851,4,4,5,5,0,5,3,8,5,45
21304135852,9,16,22,23,14,13,15,8,0,128
21304135853,17,17,19,17,15,14,19,11,3,136
21304135854,20,32,39,38,30,21,31,16,6,236
21304135855,25,35,43,42,21,23,44,28,3,263
21304135856,19,23,22,33,24,16,24,25,8,186
21304135857,15,12,24,20,11,13,28,17,3,141
21304135858,15,13,24,34,12,14,24,19,3,159
21304135859,17,16,16,17,18,11,24,17,7,140
21304135860,12,17,16,24,18,12,15,17,0,121
21304135861,8,11,25,17,27,8,33,16,4,141
21304135903,12,12,30,18,25,14,28,34,7,175
21304135904,6,6,33,13,10,13,39,34,8,169
21304135905,0,0,0,0,0,0,0,0,0,0
21304135907,3,0,0,0,0,4,0,0,0,6
21304135909,17,53,13,14,21,3,17,6,5,141
21304135910,11,31,13,14,12,7,3,6,4,96
21304135911,5,19,6,8,11,4,6,3,0,67
21304135912,30,61,33,28,31,15,37,28,4,272
21304135913,9,6,13,5,3,7,9,5,3,57
21304135914,17,40,26,28,27,7,21,21,0,182
21304135915,31,63,21,31,34,20,27,15,4,248
21304135916,0,5,10,10,11,0,7,3,5,64
21304135917,19,62,25,42,36,11,41,22,11,264
21304135918,29,27,24,22,22,20,38,15,6,203
21304135919,13,50,41,26,31,12,26,26,0,230
21304135920,8,12,12,8,8,9,3,4,0,70
21304135921,16,40,38,27,27,13,37,20,6,228
21304135922,15,27,22,20,18,7,13,15,3,139
21304135923,19,39,31,23,33,15,24,16,4,204
21304135924,24,55,24,35,25,16,31,18,4,232
21304135925,9,25,13,17,17,7,23,11,0,131
21304135926,14,45,22,37,28,11,25,13,5,207
21304135927,13,26,29,18,34,18,19,15,6,178
21304135928,25,30,35,13,18,16,25,20,3,177
21304135929,21,59,21,13,20,8,19,8,3,169
21304135930,13,40,20,15,30,6,32,18,8,189
21304135931,17,40,22,24,19,12,20,13,0,165
21304135932,0,0,0,0,0,0,0,0,0,0
21304135933,21,74,28,33,33,15,25,26,10,276
21304135934,22,37,33,22,22,14,23,4,6,190
21304135935,19,53,24,36,40,19,33,19,4,253
21304135936,14,31,23,25,21,18,30,24,4,188
21304135937,20,49,25,20,16,10,18,21,3,189
21304135938,11,4,15,3,3,6,6,4,3,57
21304135939,16,39,18,21,27,10,20,11,5,156
21304135940,26,71,43,46,33,22,52,15,18,327
21304135941,5,3,0,0,5,4,0,3,0,27
21304135942,19,25,14,16,17,18,25,7,6,143
21304135943,14,45,26,20,24,19,24,14,0,182
21304135944,8,16,7,9,12,3,8,6,0,80
21304135945,3,19,5,4,4,5,7,0,0,43
21304135946,4,32,23,18,17,10,16,7,3,133
21304135947,13,33,25,25,19,6,24,12,0,162
21304135948,24,8,26,14,17,8,11,16,3,131
21304135949,37,88,29,27,52,29,46,29,8,351
21304135950,15,42,25,17,29,10,18,21,10,185
21304135951,26,39,18,33,31,23,34,22,11,226
21304136001,12,45,28,16,31,36,31,22,3,237
21304136002,34,46,15,23,25,28,26,29,11,237
21304136003,27,42,43,31,50,29,22,37,12,293
21304136004,31,36,30,23,37,28,25,18,4,236
21304136005,17,49,29,19,21,12,13,14,0,174
21304136006,57,96,56,44,78,39,27,40,9,447
21304136007,29,44,29,21,42,39,33,21,9,263
21304136008,18,30,14,16,19,15,17,15,3,161
21304136009,28,50,27,18,36,28,25,22,7,252
21304136010,36,65,32,41,35,43,29,36,10,324
21304136011,9,31,25,13,18,16,8,15,4,142
21304136012,27,32,26,20,33,31,29,22,3,233
21304136013,18,41,25,12,30,13,16,14,3,169
21304136014,43,83,67,48,64,41,24,32,4,423
21304136015,24,24,30,15,17,17,22,23,6,175
21304136016,28,31,22,24,24,6,28,17,0,177
21304136017,45,90,45,45,82,43,37,29,7,429
21304136019,39,64,43,34,62,48,44,46,16,397
21304136020,30,30,28,30,35,24,15,20,9,218
21304136021,36,23,24,20,44,30,20,10,6,215
21304136022,31,42,18,18,37,35,15,21,9,221
21304136023,40,52,31,25,47,28,19,18,4,252
21304136025,36,50,33,30,31,20,33,24,10,262
21304136026,34,38,25,28,24,20,13,25,4,201
21304136027,36,54,32,21,62,35,21,16,9,295
21304136028,35,61,42,26,60,37,28,30,9,320
21304136029,23,56,31,29,57,16,23,29,8,269
21304136030,29,49,25,19,27,24,14,12,8,210
21304136031,78,116,56,27,74,35,25,33,4,454
21304136032,41,61,42,33,44,26,19,24,11,305
21304136033,25,37,25,33,37,16,20,20,8,211
21304136034,51,58,51,40,49,46,36,19,5,357
21304136035,33,40,17,23,39,26,13,25,0,216
21304136036,31,36,25,17,30,15,18,12,5,178
21304136037,53,80,38,39,35,38,17,21,5,321
21304136038,41,53,38,27,45,18,29,19,8,274
21304146101,11,16,27,19,23,17,27,19,0,162
21304146102,6,30,30,26,26,16,26,18,9,185
21304146103,9,18,22,16,13,6,9,19,0,111
21304146104,24,48,42,36,34,25,48,30,7,296
21304146105,8,30,16,23,23,19,31,21,4,176
21304146106,5,15,14,16,13,14,11,6,4,92
21304146107,21,30,31,34,32,22,18,39,11,230
21304146108,0,0,0,0,0,0,0,0,0,0
21304146109,11,16,15,12,23,13,17,11,6,125
21304146110,20,34,37,29,32,17,27,28,3,229
21304146111,12,30,27,25,25,13,19,25,4,187
21304146112,8,7,10,0,6,12,6,15,0,70
21304146113,97,189,81,60,98,47,47,41,8,670
21304146201,17,44,33,33,36,21,20,20,7,234
21304146202,14,34,16,19,30,14,10,15,4,163
21304146203,16,45,22,24,31,24,19,9,0,188
21304146204,29,67,28,21,35,23,23,17,6,261
21304146205,19,48,36,25,29,21,21,27,9,227
21304146206,56,80,43,39,45,18,48,37,7,379
21304146207,20,49,22,23,19,10,26,25,12,212
21304146208,20,44,19,25,35,18,18,18,0,189
21304146209,23,49,29,24,45,20,29,18,11,252
21304146210,18,40,17,29,29,17,22,23,6,204
21304146211,31,45,26,21,49,16,24,28,0,226
21304146212,23,39,26,38,38,22,30,23,6,238
21304146213,32,53,21,23,21,20,16,13,8,212
21304146301,35,82,39,27,46,29,25,34,11,331
21304146302,126,182,86,82,123,82,70,50,20,825
21304146303,12,31,20,15,23,16,24,23,0,171
21304146304,27,43,37,22,28,30,17,16,3,226
21304146305,42,64,33,23,50,24,31,20,11,308
21304146306,61,81,38,28,55,40,27,38,4,364
21304146307,22,40,19,20,21,16,20,16,7,183
21304146308,34,42,26,19,29,22,8,17,8,208
21304146309,36,48,23,24,32,15,17,20,4,224
21304146310,40,55,30,36,36,31,26,25,6,295
21304146311,21,32,27,40,39,34,30,32,4,260
21304146312,39,76,40,27,42,28,19,20,8,308
21304146313,26,60,40,32,33,20,24,24,5,258
21304146314,24,45,14,28,28,6,18,14,3,180
21304146315,23,53,51,43,34,25,20,16,7,280
21304146316,39,44,35,24,39,24,21,24,6,255
21304146317,29,48,27,15,37,11,23,9,7,202
21304146318,28,58,26,30,25,21,11,12,3,219
21304146319,22,37,21,21,25,15,30,13,3,190
21304146320,23,48,25,22,19,9,13,15,8,187
21304146321,50,53,42,24,51,25,20,16,6,299
21304146322,13,19,12,12,28,8,18,19,0,122
21304146323,34,79,34,61,54,28,21,24,19,360
21304146324,19,34,18,15,11,14,12,15,0,134
21304146325,31,85,35,28,27,15,18,22,7,269
21304146326,25,56,32,31,28,28,20,22,3,250
21304146327,5,20,8,7,11,11,6,8,0,87
21304146328,20,24,25,21,25,20,11,15,7,177
21304146329,10,44,35,17,33,23,17,16,0,207
21304146330,65,85,38,26,63,32,17,25,4,352
21304146331,10,34,16,17,27,14,12,10,4,139
21304146332,29,48,29,23,22,23,17,21,7,204
21304146333,25,49,25,31,25,23,26,27,6,227
21304146334,10,30,13,14,19,15,23,13,0,136
21304146335,25,52,26,19,37,27,22,19,4,222
21304146336,21,45,22,21,26,17,23,10,4,199
21304146337,16,41,25,31,37,18,18,28,3,222
21304146338,5,19,3,3,0,3,5,8,0,50
21304146339,17,43,28,16,35,22,20,21,5,197
21304146340,11,19,16,7,13,10,6,9,4,95
21304146341,27,52,28,15,19,16,10,15,0,184
21304146342,18,26,20,15,28,20,21,16,0,166
21304146343,24,44,37,32,33,24,12,28,4,246
21304146344,8,14,18,19,22,18,14,15,4,127
21304157101,12,30,48,29,45,27,34,30,0,264
21304157102,23,27,37,33,25,22,26,25,0,211
21304157103,21,23,28,44,23,21,52,37,4,259
21304157104,0,4,7,4,0,5,5,3,0,26
21304157105,9,14,7,14,7,9,15,13,5,97
21304157106,7,11,19,16,23,20,21,10,0,138
21304157107,12,32,22,30,20,20,31,28,8,209
21304157108,30,25,35,15,20,9,16,14,8,177
21304157109,15,13,22,25,30,18,14,30,7,165
21304157110,26,27,42,32,29,24,28,25,4,235
21304157111,24,28,37,40,40,24,45,24,7,267
21304157112,23,54,27,38,53,23,43,24,8,285
21304157113,16,23,28,43,37,18,32,27,3,228
21304157114,30,37,41,63,43,37,50,47,8,353
21304157115,9,22,20,12,11,14,9,12,7,114
21304157116,11,24,22,22,18,10,29,14,0,140
21304157117,3,3,0,7,4,0,0,6,5,24
21304157118,17,41,50,49,44,38,60,52,11,368
21304157119,31,30,53,20,33,18,17,22,10,240
21304157120,32,44,44,31,50,37,31,17,5,290
21304157201,0,0,0,4,0,0,0,0,0,9
21304157202,8,25,30,23,11,18,35,25,0,173
21304157203,24,19,37,9,27,9,17,16,3,167
21304157204,15,27,26,15,28,3,24,22,5,163
21304157205,17,53,28,28,29,14,56,25,9,263
21304157206,24,55,36,50,47,15,52,24,0,304
21304157207,17,27,11,29,21,12,40,7,7,156
21304157208,31,101,61,65,67,32,55,37,11,449
21304157209,18,54,41,75,39,21,57,38,8,364
21304157210,20,65,41,18,25,27,34,25,7,256
21304157211,0,0,0,0,0,0,0,0,0,0
21304157212,32,67,49,73,47,27,60,32,6,393
21304157213,12,53,42,37,44,22,41,20,11,283
21304157214,16,32,21,30,23,11,39,19,15,193
21304157215,9,47,29,37,38,12,54,29,9,258
21304157216,17,22,16,10,27,23,18,24,4,157
21304157301,26,29,28,9,23,9,3,7,4,130
21304157302,58,63,45,34,45,46,18,24,8,339
21304157303,15,11,18,10,11,9,6,5,0,70
21304157304,25,27,34,16,34,24,12,11,0,182
21304157305,0,0,0,0,0,0,0,0,0,0
21304157306,0,0,0,0,0,0,0,0,0,0
21304157307,6,24,16,11,16,6,12,6,4,92
21304157308,16,15,14,3,16,9,13,4,0,88
21304157309,36,66,42,36,54,32,26,8,0,303
21304157310,23,38,29,21,27,32,9,7,8,181
21304157311,31,38,25,30,19,12,8,8,5,168
21304157401,32,69,53,38,57,19,39,38,5,349
21304157402,43,83,70,39,66,21,36,37,5,405
21304157403,24,77,24,29,51,17,24,16,7,274
21304157404,20,83,52,42,67,39,34,30,9,365
21304157405,16,41,26,30,36,12,29,3,4,191
21304157406,17,32,30,21,35,23,21,13,0,194
21304157407,46,93,41,43,59,44,52,31,10,422
21304157408,57,146,65,71,94,48,65,46,4,608
21304157409,20,40,28,21,29,16,14,15,0,190
21304157410,52,85,35,38,67,37,59,31,10,411
21304157411,35,48,35,27,45,20,25,16,5,258
21304157412,16,17,21,7,14,3,9,12,3,96
21304157413,14,46,22,25,25,13,16,21,4,198
21304157414,28,49,25,18,47,17,17,25,0,233
21304157415,36,54,37,28,40,28,12,20,6,265
21304157416,40,55,46,27,45,34,29,20,10,307
21304157417,31,75,56,47,58,38,42,34,12,394
21304157501,36,50,55,29,56,36,32,27,5,324
21304157502,50,88,62,29,49,41,29,39,3,381
21304157503,10,16,29,21,43,20,13,18,0,163
21304157504,20,31,26,18,27,25,10,10,6,173
21304157505,45,47,37,22,36,35,14,29,4,255
21304157506,12,24,31,12,23,15,10,25,4,160
21304157507,38,56,51,26,44,38,21,18,9,294
21304157508,19,30,37,35,34,15,16,13,0,209
21304157509,35,42,40,17,42,41,13,30,0,253
21304157510,28,38,38,21,43,30,17,21,4,243
21304157511,5,19,16,17,14,8,15,14,3,116
21304157512,56,84,40,29,59,37,19,35,11,368
21304157513,22,60,34,27,57,24,22,28,3,274
21304157514,26,37,13,7,36,26,12,20,9,184
21304157515,20,15,28,13,15,17,5,9,4,127
21304157516,13,35,37,33,42,24,21,21,5,229
21304157517,15,29,23,12,26,16,21,16,12,163
21304157518,49,82,80,38,61,54,36,29,3,445
21304157519,30,35,44,23,50,33,21,21,4,257
21304157520,47,31,26,13,35,15,9,20,3,201
21304157521,17,59,46,46,48,27,34,41,10,330
21304157522,20,28,28,17,52,32,10,17,6,221
21304157523,8,37,31,8,32,17,14,8,0,162
21304157524,23,40,41,21,26,22,16,31,3,229
21304157525,14,33,32,17,24,27,21,14,8,185
21304157526,37,40,36,38,64,24,23,33,4,305
21304157527,36,51,24,26,39,28,28,19,6,245
21304157528,27,61,25,21,50,42,29,20,12,288
21304157529,25,33,34,16,31,27,19,15,3,195
21304157530,32,48,30,16,36,19,12,20,9,226
21304157531,23,39,38,24,35,29,18,18,8,231
21304157532,27,49,34,17,30,29,19,16,0,211
21304157533,17,32,36,9,32,15,12,7,5,170
21304157534,21,37,33,26,41,25,19,22,3,235
21304157535,24,37,30,18,29,21,15,9,5,181
21304157536,30,32,30,17,22,29,10,21,4,195
21304157537,16,28,25,21,38,15,14,33,3,188
21304157601,18,25,44,39,31,18,30,29,9,251
21304157602,31,29,43,15,23,11,14,18,4,198
21304157603,35,35,37,25,38,25,31,15,3,243
21304157604,13,24,46,25,22,19,16,23,10,195
21304157605,10,8,11,20,16,9,12,15,5,101
21304157606,14,18,31,19,29,10,28,24,9,186
21304157607,18,17,36,17,23,17,19,16,0,163
21304157608,18,12,17,21,25,20,30,21,5,173
21304157609,26,37,35,32,23,20,40,35,3,247
21304157610,12,25,30,33,27,14,28,29,6,206
21304157611,20,14,38,18,25,21,9,14,0,155
21304157612,10,15,30,37,35,24,42,27,0,218
21304157613,7,18,22,22,23,23,20,22,8,159
21304157614,22,32,31,36,38,14,42,24,3,243
21304157615,16,25,46,28,35,24,38,18,0,226
21304157616,16,13,16,20,15,15,36,29,4,164
21304157617,26,31,50,27,46,28,35,24,4,268
21304157618,37,33,39,36,34,14,19,17,3,236
21304157619,20,23,26,23,31,21,21,28,3,200
21304157620,21,23,23,21,26,20,28,19,10,186
21304157621,15,15,38,27,31,19,30,33,0,207
21304157622,21,33,52,44,43,20,28,31,8,274
21304157623,9,14,19,14,26,11,29,23,5,156
21304157624,9,4,19,12,16,4,15,7,3,97
21304157625,9,7,10,14,10,8,11,7,0,82
21304157626,7,13,13,19,19,18,15,16,4,129
21304157627,17,29,42,30,35,27,22,24,0,226
21304157701,3,14,22,30,29,17,27,26,9,168
21304157702,14,10,17,30,21,21,13,15,3,149
21304157703,0,5,18,16,14,11,14,27,0,109
21304157704,3,5,11,11,14,6,15,13,3,74
21304157705,3,7,19,8,15,12,19,18,11,107
21304157706,0,0,3,0,0,0,0,0,0,12
21304157707,16,10,28,33,21,7,27,37,3,196
21304157708,13,16,16,12,8,8,24,12,6,107
21304157709,3,13,25,23,26,25,24,37,0,168
21304157710,5,0,20,18,18,7,19,15,0,106
21304157711,7,0,9,8,14,10,7,6,0,68
21304157712,5,5,11,14,16,12,26,11,3,112
21304157713,17,26,31,32,25,19,29,19,7,200
21304157714,13,7,11,12,11,7,12,14,0,88
21304157715,26,17,39,14,31,25,30,17,7,194
21304157716,4,11,20,25,12,9,21,17,0,115
21304157717,3,10,18,14,7,7,10,19,0,95
21304157718,14,15,18,21,22,17,21,15,6,153
21304157719,9,14,14,15,14,7,12,13,6,89
21304157720,14,16,33,22,26,10,31,20,0,168
21304157721,10,16,20,18,20,14,32,37,3,169
21304157801,9,15,8,13,19,0,21,9,0,90
21304157802,12,15,27,31,19,12,20,26,0,167
21304157803,5,15,13,9,8,12,22,12,3,100
21304157804,11,34,30,35,30,18,34,17,0,216
21304157805,11,17,21,24,26,11,26,19,7,155
21304157806,15,38,39,44,33,15,36,24,0,244
21304157807,41,39,44,52,44,23,58,44,8,359
21304157808,13,18,38,21,19,18,23,31,10,195
21304157809,4,9,12,24,13,8,16,19,0,113
21304157810,6,14,25,30,11,11,34,22,3,161
21304157811,7,12,12,17,16,8,18,22,3,116
21304157812,4,10,7,7,7,8,12,12,0,62
21304157813,21,26,20,22,18,15,26,19,6,171
21304157814,28,41,34,34,33,19,35,30,8,268
21304157815,26,30,34,47,28,22,53,36,5,275
21304157816,10,21,10,18,15,7,10,0,0,89
21304157817,6,15,24,33,23,12,35,24,5,168
21304157818,12,19,15,22,25,14,35,21,3,177
21304157819,22,41,50,51,30,21,65,39,6,310
21304157820,4,22,26,20,22,15,24,24,0,157
21304157821,10,15,20,28,22,18,23,26,3,160
21304157822,9,15,26,20,22,18,17,22,7,147
21304157823,8,15,19,20,20,12,16,19,4,125
21304157824,11,17,19,25,23,6,33,21,3,138
21304157825,7,19,41,22,23,16,26,28,0,184
21304157826,14,18,23,22,15,18,26,29,3,163
21304157827,6,16,25,24,25,17,33,32,9,185
21304157828,8,10,13,19,11,4,15,17,0,95
21304157829,8,16,17,3,6,10,14,18,5,89
21304157830,12,22,36,31,21,16,46,32,10,218
21304157831,18,24,23,24,21,5,32,19,8,179
21304157832,8,21,29,19,21,11,23,16,0,141
21304157833,21,48,34,35,20,5,33,20,0,207
21304157834,6,12,10,9,13,12,8,10,3,80
21304157835,10,25,8,25,19,9,23,17,6,141
21304157836,4,11,13,17,12,17,13,11,8,100
21305136101,20,38,30,33,25,25,24,19,5,217
21305136102,8,7,20,18,21,24,29,8,6,134
21305136103,22,47,53,38,52,28,33,54,7,340
21305136104,23,39,19,19,22,13,31,18,0,185
21305136105,9,40,24,16,29,19,46,36,0,226
21305136106,8,18,14,13,4,12,22,8,3,116
21305136107,10,17,21,11,24,15,18,14,4,145
21305136108,14,27,34,28,17,23,22,23,3,193
21305136109,13,14,25,11,9,13,15,12,0,116
21305136110,8,37,29,23,26,19,30,34,9,206
21305136111,10,28,19,14,25,11,23,15,0,149
21305136112,7,31,21,18,33,15,25,17,4,173
21305136113,13,10,21,10,16,8,23,11,4,118
21305136114,25,58,40,23,30,25,16,17,4,232
21305136115,13,34,32,35,32,22,40,19,11,235
21305136116,10,20,26,9,17,15,10,19,0,130
21305136117,18,15,20,20,40,12,22,27,3,175
21305136118,17,28,24,16,18,9,9,25,3,144
21305136119,12,35,49,22,14,24,32,30,6,218
21305136120,5,19,16,15,15,7,13,21,0,122
21305136121,10,46,18,22,17,20,18,15,3,168
21305136122,16,28,33,28,20,22,32,24,9,210
21305136123,10,20,22,27,25,14,21,18,3,164
21305136124,17,42,41,37,49,22,26,28,9,267
21305136125,0,0,0,0,0,0,0,0,0,6
21305136127,24,33,32,21,32,19,19,22,0,207
21305136128,23,27,27,15,28,14,26,14,4,175
21305136129,16,34,33,21,38,17,29,20,8,217
21305136130,20,33,42,25,22,15,26,22,3,209
21305136131,26,49,35,33,42,17,18,20,6,242
21305136132,16,35,34,18,22,11,18,12,7,172
21305136133,37,44,36,29,37,25,17,16,3,236
21305136134,26,22,25,14,23,23,21,27,3,182
21305136135,22,33,25,12,20,15,18,14,4,160
21305136136,21,21,19,11,19,9,16,23,4,146
21305136137,23,46,36,35,16,23,35,18,7,237
21305136138,17,21,28,12,21,23,13,16,3,142
21305136139,9,16,21,10,13,6,17,5,3,107
21305136140,19,25,31,24,28,22,18,12,3,178
21305136141,18,32,32,20,30,21,24,22,5,206
21305136142,21,28,22,27,27,8,21,10,5,168
21305136143,30,45,43,20,41,22,34,26,4,266
21305136144,21,24,16,5,18,6,12,10,7,123
21305136145,15,23,14,15,32,8,13,19,0,146
21305136146,11,24,20,15,19,13,19,20,7,135
21305136147,17,23,26,30,25,22,36,23,6,209
21305136148,9,15,24,19,15,22,28,19,0,152
21305136149,31,43,42,17,44,22,17,29,6,247
21305136150,12,21,16,12,24,12,12,25,0,129
21305136201,18,40,23,19,37,17,28,36,13,237
21305136202,13,40,41,32,29,21,38,36,8,264
21305136203,11,23,28,13,17,11,13,16,10,143
21305136204,11,23,25,12,27,9,19,31,4,173
21305136205,10,37,24,20,15,10,22,29,5,183
21305136206,10,18,23,31,20,24,17,20,0,160
21305136207,12,34,22,11,33,17,19,6,6,166
21305136208,17,54,34,22,25,17,22,29,5,227
21305136209,11,22,26,23,25,11,22,15,0,170
21305136210,26,40,15,20,41,24,16,17,3,213
21305136211,6,26,24,21,12,5,22,16,0,136
21305136212,11,24,21,24,20,15,26,22,9,172
21305136213,12,36,13,21,20,18,22,24,3,172
21305136214,18,42,16,21,9,9,16,18,5,153
21305136215,6,23,15,17,10,3,23,25,0,126
21305136216,0,21,12,10,12,4,5,11,0,72
21305136217,14,27,34,30,48,16,38,17,8,237
21305136218,20,43,26,16,34,12,16,9,0,186
21305136219,15,16,25,26,31,14,19,20,0,171
21305136220,6,19,11,9,7,12,12,10,0,89
21305136221,22,18,17,12,15,20,17,14,3,142
21305136222,9,25,14,6,18,14,15,16,9,126
21305136223,6,20,18,17,20,11,17,21,4,153
21305136224,7,24,20,7,20,20,20,22,9,162
21305136225,15,23,31,23,18,21,23,32,4,184
21305136226,5,14,12,10,17,13,14,6,0,89
21305136227,7,28,37,12,34,20,28,21,7,187
21305136228,6,17,19,15,22,13,14,24,0,145
21305136229,13,17,20,8,25,12,15,22,3,126
21305136230,18,31,21,28,26,20,16,36,4,190
21305136231,29,30,32,26,27,18,35,20,4,227
21305136232,8,24,15,7,24,15,13,9,5,125
21305136233,12,19,20,19,20,21,30,13,0,161
21305136234,17,37,20,10,30,17,29,19,4,183
21305136235,24,53,32,34,39,26,25,21,0,248
21305136236,14,29,18,22,19,19,16,10,4,151
21305136237,5,24,15,17,13,16,15,19,5,134
21305136238,15,22,13,26,33,16,15,15,8,154
21305136239,15,16,23,8,22,15,11,19,3,132
21305136240,13,22,15,13,15,7,15,13,4,113
21305136241,16,22,26,22,18,8,21,26,5,159
21305136242,13,24,25,10,14,9,9,17,9,122
21305136243,15,16,19,11,11,5,14,18,0,114
21305136244,9,6,7,10,15,3,10,11,0,69
21305136245,18,22,25,27,26,11,32,25,11,195
21305136246,9,27,21,21,20,3,19,32,6,155
21305136247,16,22,28,26,17,13,29,25,5,172
21305136248,12,17,27,18,22,23,21,15,0,145
21305136249,16,27,16,22,18,10,5,18,5,134
21305136250,9,25,19,8,10,7,3,9,6,100
21305136301,15,39,38,21,22,13,25,47,3,229
21305136302,19,37,49,41,28,21,43,62,11,308
21305136303,11,29,30,15,19,10,28,29,0,170
21305136304,5,0,5,0,0,0,0,0,0,11
21305136306,26,41,34,25,25,10,40,41,5,256
21305136307,0,0,4,0,0,0,12,11,0,23
21305136308,20,26,28,24,31,9,28,35,8,207
21305136309,12,30,22,23,27,10,36,31,5,185
21305136310,16,10,18,13,17,9,15,30,0,130
21305136311,5,17,25,24,11,9,20,27,5,147
21305136312,8,16,16,10,19,11,14,15,4,108
21305136313,20,61,33,36,29,14,38,31,7,270
21305136315,18,41,41,44,16,10,20,35,5,229
21305136318,31,106,31,30,24,33,27,22,4,310
21305136319,36,85,24,23,23,33,20,18,10,264
21305136320,57,105,24,23,48,22,31,14,8,335
21305136321,28,53,13,19,35,17,23,9,3,204
21305136322,53,121,30,19,42,30,27,24,9,359
21305136323,20,76,24,15,35,11,13,12,0,211
21305136324,28,74,30,13,26,18,9,19,7,213
21305136325,16,54,10,21,40,8,29,15,3,199
21305136326,36,114,33,22,45,19,29,33,3,342
21305136327,32,117,36,23,51,26,25,17,4,330
21305136328,48,78,19,21,38,18,26,16,9,269
21305136329,53,82,22,23,36,19,17,27,13,298
21305136330,34,59,13,19,25,14,18,9,8,193
21305136801,21,31,29,19,33,13,10,9,4,180
21305136802,44,42,20,21,36,18,11,20,6,219
21305136803,0,0,0,0,0,0,0,0,0,0
21305136804,35,55,40,22,38,16,23,23,3,255
21305136805,5,7,15,0,4,0,0,5,0,34
21305136806,23,31,32,16,34,24,20,21,3,191
21305136807,28,47,24,21,31,18,21,20,7,213
21305136808,31,37,27,20,26,12,13,20,5,183
21305136809,17,47,43,35,41,28,21,20,4,259
21305136810,17,37,23,24,32,19,17,25,5,201
21305136811,19,41,35,28,35,24,21,22,8,236
21305136812,14,18,18,9,25,0,10,9,0,105
21305136813,49,11,13,7,22,7,16,12,6,149
21305136815,13,31,37,26,19,12,15,25,8,180
21305136816,22,35,37,26,23,16,21,20,9,204
21305136817,18,38,21,26,27,12,20,20,10,191
21305136819,0,0,0,0,0,0,0,0,0,8
21305136820,13,16,27,20,22,14,17,9,0,140
21305136821,12,23,15,15,24,7,7,10,5,119
21305136822,20,38,25,22,28,13,28,23,4,202
21305136823,23,40,32,26,27,23,32,16,3,217
21305136824,30,48,31,26,39,17,23,30,0,232
21305136825,54,71,64,35,68,34,35,30,9,392
21305136826,63,90,66,41,81,48,25,27,4,447
21305136827,19,27,29,10,19,10,25,7,0,144
21305136828,14,34,22,19,17,8,20,17,0,156
21305136829,24,54,26,17,32,30,15,19,4,236
21305136830,24,67,22,20,23,17,15,11,0,206
21305136831,38,86,25,22,39,14,22,21,16,282
21305136832,33,76,26,12,29,19,16,9,8,228
21305136833,37,69,17,16,27,19,18,22,4,233
21305136834,18,31,15,18,21,12,15,14,6,144
21305136835,39,57,22,21,31,17,14,18,7,220
21305136836,0,0,0,0,0,0,0,0,0,0
21305136837,46,86,22,25,40,16,16,15,10,271
21305136838,24,55,17,23,37,22,9,15,3,199
21305136839,39,13,15,3,24,6,11,8,3,119
21305136840,32,62,33,26,31,26,16,20,3,251
21305136841,35,62,21,32,19,17,26,14,0,229
21305136842,43,15,21,9,34,8,14,21,8,170
21305136843,22,36,19,12,30,12,11,12,3,152
21305136844,33,67,26,33,25,14,25,20,8,254
21305146401,59,135,63,38,67,28,37,35,10,468
21305146403,80,109,47,21,58,29,13,10,8,382
21305146405,54,67,15,12,40,25,13,10,0,239
21305146406,33,62,23,18,33,17,14,6,3,209
21305146407,97,99,43,36,53,42,9,30,4,409
21305146408,81,117,43,26,73,43,9,24,6,428
21305146409,57,66,23,11,35,22,4,16,7,248
21305146411,88,104,40,19,39,32,11,11,4,351
21305146412,63,83,18,26,37,30,18,12,18,314
21305146413,39,79,27,20,36,26,9,10,3,250
21305146414,8,17,3,4,23,0,4,7,0,72
21305146416,0,0,0,0,0,0,0,0,0,0
21305146417,24,40,9,8,16,7,8,3,0,117
21305146418,42,70,16,31,31,12,29,19,4,251
21305146419,32,41,22,26,25,14,17,10,12,188
21305146420,48,76,28,28,38,29,22,23,13,300
21305146421,38,61,15,14,29,15,12,9,3,201
21305146422,29,74,35,39,41,17,45,26,7,302
21305146423,17,58,18,21,28,17,16,13,9,207
21305146424,29,31,5,11,18,16,5,12,9,126
21305146425,55,71,22,20,36,33,10,16,4,263
21305146426,51,41,26,13,23,19,3,19,3,188
21305146427,29,57,31,36,28,19,21,35,6,261
21305146428,19,38,13,17,21,19,7,9,4,153
21305146429,21,54,15,16,30,14,10,10,6,169
21305146430,32,73,35,28,37,28,30,29,11,295
21305146431,32,74,29,33,35,18,19,27,8,280
21305146432,19,34,16,9,12,9,9,10,5,116
21305146433,37,61,15,10,25,17,4,5,6,180
21305146434,26,63,31,29,27,17,24,14,3,234
21305146435,37,61,21,20,28,25,7,6,3,208
21305146436,0,0,0,0,0,0,0,0,0,0
21305146437,23,58,19,10,23,14,8,19,0,178
21305146438,26,46,16,23,26,17,29,13,3,202
21305146439,11,37,24,15,13,3,12,11,0,132
21305146440,40,47,10,14,22,9,21,13,5,192
21305146441,41,35,23,18,38,13,17,16,0,199
21305146442,0,0,0,0,0,0,0,0,0,0
21305146443,0,0,0,0,0,0,0,0,0,0
21305146444,52,81,26,30,45,20,27,20,3,304
21305146445,42,54,9,17,33,20,15,16,0,207
21305146446,48,54,9,18,23,15,10,3,3,173
21305146447,15,47,17,25,32,23,21,17,3,201
21305146601,45,85,23,24,46,33,15,15,14,304
21305146602,56,97,24,39,44,28,18,14,8,320
21305146603,52,124,44,36,51,28,26,38,9,406
21305146604,38,88,24,22,36,15,15,18,8,273
21305146605,33,75,25,28,36,18,10,11,4,238
21305146607,78,124,32,45,49,35,22,14,10,410
21305146608,77,101,37,31,55,39,24,21,16,400
21305146609,38,90,21,26,45,22,15,9,5,269
21305146611,52,97,42,15,31,31,17,27,8,327
21305146612,68,139,24,32,41,20,20,10,6,363
21305146614,56,124,22,25,43,17,9,19,9,323
21305146615,40,109,17,26,29,18,14,12,7,265
21305146616,44,113,32,28,50,28,26,10,17,339
21305146617,29,85,29,32,32,14,24,22,6,273
21305146618,54,141,33,36,40,14,12,11,4,348
21305146619,19,65,15,14,28,14,10,8,0,172
21305146620,47,103,23,34,36,17,12,12,7,300
21305146622,35,72,18,20,28,22,7,18,7,227
21305146623,47,89,22,35,52,23,17,12,11,305
21305146624,36,81,45,46,32,16,24,22,6,298
21305146626,31,91,21,27,34,21,18,34,10,289
21305146627,33,107,10,15,13,15,6,4,5,211
21305146628,20,55,20,13,25,18,20,5,3,180
21305146629,34,91,33,25,29,28,24,19,12,290
21305146630,42,92,32,15,32,13,27,20,5,280
21305146631,25,78,18,10,20,12,8,5,8,186
21305146632,32,77,24,28,24,18,8,19,4,234
21305146633,33,79,22,25,31,13,17,14,3,232
21305146634,31,63,23,20,21,7,24,19,10,213
21305146635,36,89,13,19,18,18,8,8,0,209
21305146636,47,111,23,21,35,23,4,3,4,269
21305146637,39,80,30,25,41,26,20,21,9,290
21305146638,0,0,3,0,3,0,0,0,0,13
21305146701,7,30,22,37,27,25,33,23,9,209
21305146702,33,32,30,18,34,10,8,18,3,192
21305146703,35,57,28,29,38,23,35,29,7,278
21305146704,17,25,15,24,25,24,18,26,3,169
21305146705,30,33,46,36,19,27,43,49,6,299
21305146706,15,35,29,23,39,18,35,36,4,233
21305146707,11,11,10,18,17,9,24,18,4,108
21305146708,15,19,21,17,22,22,30,18,5,164
21305146709,15,24,28,18,18,31,31,24,4,201
21305146710,10,12,27,23,18,17,29,31,5,170
21305146711,14,32,33,31,33,18,39,21,4,215
21305146712,14,35,26,17,24,15,15,27,0,179
21305146713,8,29,32,39,24,18,52,40,7,244
21305146714,0,0,0,0,0,0,0,0,0,0
21305146715,21,31,17,33,22,16,23,26,0,189
21305146716,11,25,9,26,20,10,14,25,0,135
21305146717,10,19,11,14,12,9,21,30,0,140
21305146718,33,66,40,40,45,25,34,22,6,316
21305146719,13,15,12,26,16,6,31,33,3,146
21305146720,16,20,31,20,16,6,11,13,4,128
21305146721,5,21,38,9,23,13,18,19,0,137
21305146722,13,11,17,9,17,6,15,18,3,100
21305146723,5,23,12,9,14,13,4,10,3,101
21305146724,22,42,27,34,26,27,28,19,9,241
21305146725,6,13,17,16,9,3,12,20,0,92
21305146726,19,30,24,21,23,7,26,42,8,189
21305146727,0,0,0,0,0,3,0,0,0,9
21305146728,8,14,11,17,19,9,28,29,4,132
21305146729,20,32,20,7,23,18,3,5,0,124
21305146730,14,27,16,22,17,14,27,22,3,162
21305146731,22,23,28,10,21,28,15,17,4,170
21305146732,15,43,33,25,18,8,15,26,5,185
21305146733,10,17,17,14,18,12,16,31,0,129
21305146734,10,20,34,35,23,13,29,28,4,196
21305146735,15,30,32,28,25,12,22,19,0,175
21305146736,8,22,25,15,15,10,17,14,0,124
21305146737,8,14,9,9,12,10,13,15,5,89
21305146738,26,41,29,24,36,38,18,4,4,211
21305146739,9,21,17,14,20,14,15,26,5,134
21305146740,4,11,23,13,16,7,19,19,7,120
21305146741,7,26,19,10,8,10,13,19,0,106
21305146742,12,12,14,11,19,14,11,27,3,127
21305146743,14,26,27,22,26,19,24,29,0,186
21305146744,25,25,44,21,29,31,31,40,3,244
21305146745,15,23,24,30,26,20,32,37,5,208
21305146746,13,14,10,18,16,9,21,17,3,124
21305146747,4,17,17,21,19,13,8,14,3,116
21305146748,16,42,32,18,25,18,20,18,5,193
21305146802,19,24,38,29,33,14,31,23,8,216
21305146803,18,15,26,37,24,17,27,26,5,198
21305146804,21,29,23,19,24,20,24,22,3,178
21305146805,23,43,23,26,43,16,21,23,7,224
21305146806,28,49,64,23,49,29,21,31,0,299
21305146807,17,43,34,28,32,17,32,13,7,230
21305146808,15,17,21,15,16,12,7,14,3,123
21305146809,31,38,41,15,41,15,19,17,0,208
21305146810,4,16,14,21,26,13,18,30,4,145
21305146811,21,37,23,21,28,16,17,31,0,194
21305146812,22,26,33,34,45,18,23,23,13,234
21305146813,19,36,34,21,24,30,23,12,9,199
21305146814,19,26,36,37,28,22,26,35,3,231
21305146815,0,0,0,0,0,0,0,0,0,4
21305146816,24,38,39,29,35,23,38,29,11,266
21305146817,4,9,17,8,16,6,8,16,0,104
21305146818,12,14,29,18,21,14,14,18,0,132
21305146819,15,17,46,11,27,17,11,14,0,158
21305146820,15,24,21,26,24,18,32,22,0,176
21305146821,6,26,26,25,17,7,22,18,6,139
21305146822,25,41,29,35,29,19,27,14,5,221
21305146823,15,41,21,32,28,21,22,23,7,208
21305146824,11,20,24,25,33,10,16,17,8,169
21305146825,16,30,33,21,20,13,13,10,6,163
21305146826,28,33,35,21,31,14,12,22,8,202
21305146827,16,33,24,20,34,23,20,26,8,204
21305146828,36,27,34,18,33,18,13,12,0,187
21305146829,13,24,24,21,26,13,13,16,3,160
21305146830,22,37,18,21,21,20,15,17,6,174
21305146831,7,18,4,4,13,4,6,4,3,60
21305146832,10,38,29,27,16,9,16,14,0,159
21305146833,30,46,32,28,38,26,21,21,3,244
21305146834,23,30,30,27,21,11,13,11,0,150
21305146835,17,38,22,15,30,11,18,19,3,177
21305146836,15,26,16,27,28,13,16,17,0,161
21305146837,23,48,26,18,31,5,4,5,6,175
21305146838,5,13,3,4,8,0,0,0,0,40
21305146839,30,47,20,32,32,19,18,16,4,209
21305146840,15,30,19,20,16,15,15,12,0,135
21305146841,24,45,31,25,35,18,21,16,7,217
21305146842,4,23,11,10,7,12,12,13,0,92
21305146843,35,38,31,19,33,12,27,19,0,211
21305146844,3,29,9,17,13,4,8,3,0,78
21305146845,0,0,0,0,0,0,0,0,0,0
21305146846,24,35,26,28,16,14,29,13,0,189
21305146847,9,32,10,15,15,13,9,14,3,119
21305146848,11,52,24,22,25,14,25,9,4,184
21305146849,19,40,21,10,24,20,10,11,5,152
21305146850,4,17,4,4,7,4,3,6,0,49
21305146851,18,31,30,14,21,16,15,18,12,181
21305146852,24,40,26,32,33,14,18,8,5,212
21305146853,15,38,34,26,30,12,19,12,3,196
21305146854,20,57,22,31,30,6,28,14,9,214
21305146855,12,28,17,21,24,10,16,13,4,147
21305146856,34,72,40,45,51,27,22,19,4,319
21305146857,22,62,29,27,44,25,30,13,13,261
21305146858,9,21,20,14,9,14,25,8,0,112
21305146859,4,18,7,4,9,0,6,5,0,52
21305146860,37,60,32,33,27,19,21,18,8,258
21305146861,20,50,16,22,23,16,13,16,0,175
21305146862,8,15,10,18,15,7,15,3,8,97
21305146863,13,42,27,30,25,17,24,26,0,201
21305146864,29,64,25,28,46,15,27,28,3,261
21305146865,18,39,18,16,22,6,10,15,4,147
21305146866,21,55,15,21,17,11,16,13,5,171
21305157901,17,70,37,28,34,15,25,20,7,244
21305157902,33,111,16,36,30,12,23,18,8,290
21305157903,26,67,8,30,22,13,13,10,8,208
21305157904,0,0,0,0,0,0,0,0,0,0
21305157905,24,72,24,24,28,14,25,9,7,221
21305157906,32,110,25,42,24,19,22,24,11,295
21305157907,19,44,22,20,36,19,20,19,0,200
21305157908,25,48,25,16,23,23,14,18,6,195
21305157909,0,9,5,0,11,7,4,5,0,28
21305157910,19,109,10,9,27,10,9,9,3,209
21305157911,24,99,33,37,37,22,28,23,7,313
21305157912,22,97,24,30,37,11,17,16,10,267
21305157913,22,75,37,38,40,19,30,28,11,293
21305157914,18,37,19,15,26,25,26,15,6,179
21305157915,14,41,17,25,21,21,17,9,8,162
21305157916,23,67,26,27,41,17,15,15,0,237
21305157917,17,54,16,28,34,18,17,11,7,200
21305157918,26,62,15,26,42,22,33,34,9,274
21305157919,29,132,33,41,37,21,25,13,11,338
21305157920,33,101,31,43,41,35,35,25,7,350
21305157921,28,71,21,36,46,18,20,25,3,268
21305157922,17,68,17,21,10,5,20,8,0,169
21305157923,20,30,14,18,34,11,25,29,10,186
21305158001,48,70,59,45,55,33,20,33,7,364
21305158002,19,53,19,14,25,13,13,8,9,168
21305158003,48,59,42,15,37,26,19,11,6,255
21305158004,26,64,26,14,30,16,14,8,4,200
21305158005,7,25,14,8,29,8,0,0,3,99
21305158006,28,53,17,29,33,16,20,18,12,232
21305158007,19,44,23,22,28,14,16,11,5,181
21305158008,21,48,11,14,20,11,16,10,6,162
21305158009,17,48,22,12,31,15,18,22,4,190
21305158010,33,34,22,26,46,19,12,16,11,216
21305158011,21,48,22,29,25,22,12,14,0,187
21305158012,15,42,17,23,20,8,15,14,0,156
21305158013,35,105,42,43,65,34,26,18,0,373
21305158014,34,55,25,33,32,19,16,27,3,245
21305158015,19,33,17,10,20,13,7,8,0,137
21305158016,39,64,20,27,25,29,13,17,5,235
21305158017,22,66,36,18,33,24,20,18,4,243
21305158018,36,51,35,25,41,27,16,18,5,241
21305158019,30,53,14,27,37,25,16,12,6,217
21305158020,18,43,19,16,26,24,12,15,0,161
21305158021,40,87,34,31,37,30,23,19,0,303
21305158022,38,58,33,29,33,16,22,16,6,264
21305158023,24,50,30,28,27,21,23,12,3,212
21305158024,29,41,22,20,23,20,10,14,0,176
21305158025,31,65,34,23,29,14,22,16,4,242
21305158026,36,63,27,15,28,28,17,14,7,236
21305158027,20,44,29,21,24,15,22,14,5,192
21305158028,16,13,22,12,23,7,5,14,5,124
21305158029,40,79,39,36,45,30,29,18,5,311
21305158030,0,0,0,0,0,0,0,0,0,0
21305158031,33,67,30,29,36,26,18,10,4,264
21305158032,30,60,18,20,16,24,19,10,5,201
21305158033,0,10,3,3,9,3,3,4,0,44
21305158034,16,36,22,15,31,17,27,20,8,189
21305158101,25,59,23,14,34,6,18,13,0,196
21305158102,33,88,35,19,48,24,19,15,7,286
21305158103,30,59,27,24,26,17,16,17,0,219
21305158104,36,74,29,24,31,21,28,14,7,265
21305158105,40,111,34,40,53,33,11,24,8,365
21305158106,26,54,17,34,31,20,13,6,3,201
21305158107,28,55,20,19,32,20,10,10,7,201
21305158108,31,60,21,25,36,13,9,11,3,217
21305158109,25,41,15,17,23,20,8,17,3,171
21305158110,36,76,35,20,50,29,26,12,12,294
21305158111,33,66,20,22,41,17,16,21,4,227
21305158112,27,63,18,11,24,13,13,18,6,197
21305158113,48,133,46,35,69,41,20,10,12,415
21305158114,15,40,18,19,19,11,15,12,0,161
21305158115,45,81,27,22,51,22,22,22,0,292
21305158116,30,55,23,24,39,23,18,30,8,255
21305158117,28,63,19,23,20,13,10,20,3,211
21305158118,30,69,31,19,17,28,17,20,0,233
21305158119,21,34,33,28,23,18,12,19,6,186
21305158120,39,75,15,18,31,13,20,18,5,240
21305158201,13,46,18,30,20,3,29,15,0,176
21305158202,21,29,23,25,18,13,29,23,6,187
21305158203,19,71,26,29,38,27,38,15,3,259
21305158204,21,3,12,5,15,0,8,9,0,73
21305158205,13,33,14,8,11,11,19,12,7,126
21305158206,4,23,12,15,14,6,18,12,3,106
21305158207,12,33,24,19,8,10,34,15,3,171
21305158208,20,42,21,31,36,19,33,18,0,215
21305158209,12,29,17,23,28,15,32,9,4,175
21305158210,11,35,16,23,17,11,34,16,0,155
21305158211,13,23,23,20,23,7,38,9,4,163
21305158212,7,49,12,21,19,5,16,6,0,137
21305158213,24,42,20,36,34,18,27,17,18,239
21305158214,9,22,11,14,14,7,13,10,0,99
21305158215,19,59,23,31,29,16,29,16,0,216
21305158216,21,47,35,43,45,23,46,30,12,303
21305158217,3,33,16,23,14,10,21,20,7,144
21305158218,25,88,41,53,32,27,64,16,12,350
21305158219,18,60,48,36,40,14,60,40,17,328
21305158220,26,61,29,33,34,23,48,22,4,276
21305158221,16,48,23,26,37,12,23,15,5,200
21305158222,20,59,24,15,19,15,27,17,0,211
21305158223,26,72,27,29,33,22,50,26,5,288
21305158301,21,33,34,27,22,17,53,22,5,245
21305158302,20,65,31,36,42,26,42,37,9,304
21305158303,21,43,16,14,12,20,14,9,0,152
21305158304,6,24,13,6,14,14,13,9,0,101
21305158305,29,48,34,34,29,20,34,22,3,253
21305158306,26,75,30,35,35,24,33,38,6,305
21305158307,17,65,23,41,36,21,38,29,11,285
21305158308,8,18,11,12,12,10,11,3,9,91
21305158309,27,61,35,37,39,30,28,27,3,292
21305158310,15,45,26,32,19,10,34,14,6,205
21305158311,17,47,22,30,33,11,29,22,6,221
21305158312,24,62,51,60,30,33,77,64,14,416
21305158313,37,71,30,50,34,17,51,29,9,326
21305158314,22,35,16,17,23,20,19,12,10,177
21305158315,19,39,34,29,23,20,44,19,6,230
21305158316,24,41,33,25,37,19,50,35,6,263
21305158317,27,62,34,36,33,24,44,37,7,299
21305158318,23,34,36,23,32,26,19,20,9,218
21305158319,17,57,30,17,19,12,28,15,0,202
21305158320,21,28,25,22,23,22,26,24,0,199
21305158321,20,43,21,37,37,22,49,29,0,253
21305158322,16,40,26,28,18,21,39,17,6,212
21305158323,20,50,27,23,39,16,29,19,4,238
21305158324,28,71,42,36,36,26,61,45,10,359
21305158325,26,65,41,36,38,34,51,26,13,337
21305158326,38,58,50,40,62,36,49,33,3,373
21305158327,22,63,23,33,42,17,28,22,6,256
21305158328,33,70,34,40,45,26,65,43,6,362
21305158329,13,58,28,32,15,19,27,28,8,227
21305158330,30,74,46,60,49,25,65,39,9,389
21305158331,24,77,30,36,30,29,57,27,9,328
21305158332,23,67,42,30,44,15,36,32,10,300
21305158333,17,39,26,16,25,17,33,8,7,188
21305158334,13,45,29,36,37,17,49,22,5,251
21305158335,41,55,29,33,36,22,25,29,3,274
21305158336,17,33,25,14,18,18,26,14,6,171
21305158337,21,29,23,40,14,7,47,18,9,207
21305158338,24,42,25,27,35,11,41,30,9,233
21305158339,22,43,18,19,40,26,42,24,5,247
21305158340,24,63,29,37,41,28,26,27,4,286
21305158341,28,53,33,27,43,39,32,28,7,290
21305158342,17,65,23,34,34,17,38,13,3,250
21305158343,20,49,25,26,23,9,29,16,7,204
21305158344,28,24,22,10,19,12,14,11,6,146
21305158345,24,47,19,34,19,21,45,13,5,233
21305158346,36,66,48,36,52,29,49,47,17,372
21305158347,28,42,22,31,22,12,25,16,0,200
21305158348,27,38,15,28,24,20,30,11,5,201
21305158349,30,54,25,42,47,27,38,22,11,290
21305158350,24,32,18,34,36,25,24,23,3,216
21305158351,25,49,19,32,27,15,25,26,13,234
21305158401,20,44,13,26,24,10,45,16,7,204
21305158402,14,47,22,27,22,22,56,10,10,239
21305158403,22,61,31,25,29,9,42,12,8,224
21305158404,7,27,17,16,18,5,17,10,5,120
21305158405,22,38,31,22,18,14,39,29,6,214
21305158406,22,60,25,33,27,18,49,23,6,279
21305158407,23,59,30,28,39,8,63,30,3,286
21305158408,18,64,27,40,39,17,40,29,14,285
21305158409,18,73,24,42,44,18,37,27,3,274
21305158410,36,80,57,46,55,18,91,29,4,412
21305158411,20,44,36,33,29,12,33,22,6,241
21305158412,0,19,3,10,7,3,15,4,0,68
21305158413,21,44,29,37,49,18,73,36,7,322
21305158414,23,63,34,30,27,13,55,35,11,291
21305158501,27,36,32,27,30,20,18,27,8,213
21305158502,16,41,18,29,24,10,22,24,10,193
21305158503,20,36,45,18,26,23,14,28,4,211
21305158504,16,37,16,32,35,24,39,17,0,218
21305158505,8,25,12,13,23,10,34,16,8,147
21305158506,17,21,19,19,11,19,13,23,3,138
21305158507,5,11,6,4,11,18,7,14,0,78
21305158508,10,54,22,36,44,34,45,32,13,290
21305158509,15,32,23,26,28,14,28,21,5,193
21305158510,9,35,13,10,17,11,20,16,0,128
21305158511,17,35,25,26,19,19,39,26,8,214
21305158512,20,50,31,56,35,28,68,35,14,332
21305158513,11,58,34,33,36,26,55,30,11,291
21305158514,29,54,31,29,25,19,33,12,5,237
21305158515,19,53,27,34,33,15,45,17,9,244
21305158516,19,32,17,34,38,22,29,18,9,211
21305158517,11,38,31,47,28,15,39,24,4,247
21305158518,29,58,42,34,39,25,30,22,8,299
21305158519,28,36,43,29,49,22,27,25,8,262
21305158520,14,46,25,28,29,26,45,21,3,244
21305158521,30,40,16,26,39,7,31,27,5,221
21305158522,18,26,21,28,19,20,23,23,5,185
21305158523,6,28,7,13,9,8,10,12,3,104
21305158601,18,41,14,14,16,3,26,6,3,139
21305158602,0,0,0,0,0,0,0,0,0,0
21305158603,52,139,46,53,71,31,92,40,7,543
21305158604,21,26,28,21,22,13,29,19,6,183
21305158605,15,94,28,39,41,22,47,25,5,326
21305158606,0,0,0,0,0,0,0,0,0,0
21305158607,38,80,70,68,76,29,87,61,17,514
21305158608,12,38,18,30,27,13,42,18,0,208
21305158609,0,3,0,0,0,0,0,0,0,4
21305158610,38,79,37,39,45,27,66,47,10,394
21305158611,26,44,26,36,31,20,44,14,7,246
21305158612,21,45,17,25,32,3,39,11,14,207
21305158613,33,92,41,40,53,27,72,34,10,401
21305158614,22,96,34,35,51,22,47,27,12,347
21305158615,26,98,42,53,59,21,73,44,4,415
21305158616,37,61,31,40,45,15,58,26,8,317
21305158701,41,66,20,29,36,13,25,23,3,267
21305158702,43,85,38,35,42,16,43,24,7,332
21305158703,8,35,15,13,13,10,19,14,4,126
21305158704,32,108,33,38,27,22,40,24,4,330
21305158705,34,65,18,14,40,23,27,16,11,248
21305158706,19,44,14,19,15,10,25,22,3,172
21305158707,30,56,28,25,20,18,30,26,6,235
21305158708,19,42,7,25,22,8,24,13,5,171
21305158709,43,74,16,16,20,19,23,20,10,237
21305158710,24,60,19,25,35,15,11,16,4,210
21305158711,36,56,24,21,32,18,49,24,9,266
21305158712,34,47,21,29,37,23,30,22,7,240
21305158713,28,55,14,29,29,17,29,20,7,228
21305158714,36,60,32,30,40,13,27,17,11,258
21305158715,20,59,37,42,28,22,45,29,10,281
21305158716,37,71,21,29,36,27,34,33,9,301
21305158717,33,56,30,13,29,21,19,15,4,222
21305158718,28,76,34,47,38,15,36,20,12,306
21305158719,20,35,12,29,21,19,19,7,3,166
21305158720,31,60,16,30,40,21,20,21,9,249
21305158801,21,53,42,40,46,38,39,31,8,317
21305158802,18,34,22,29,27,23,39,35,4,225
21305158803,13,37,28,31,27,14,45,22,4,208
21305158804,31,73,22,30,40,27,45,47,5,331
21305158805,5,23,18,12,12,14,29,17,0,140
21305158806,21,28,22,31,41,19,38,22,11,224
21305158807,17,32,34,26,36,21,41,22,3,235
21305158808,11,21,22,29,23,12,50,23,3,187
21305158809,20,53,30,35,40,15,32,21,7,249
21305158810,17,46,11,31,13,8,13,7,3,149
21305158811,13,36,28,37,37,23,44,28,8,255
21305158812,16,24,29,42,32,17,49,35,11,244
21305158813,8,0,8,4,8,10,3,0,9,53
21305158814,40,52,39,34,29,23,65,28,12,330
21305158815,13,32,20,28,23,20,51,24,4,216
21305158816,22,45,12,24,22,11,23,4,10,184
21305158817,46,95,45,38,50,31,20,36,14,370
21305158818,25,69,21,40,40,22,41,27,11,289
21305158819,26,53,26,31,28,14,35,14,10,237
21305158820,30,74,38,35,45,22,37,18,0,288
21305158821,9,25,20,22,20,8,27,15,10,158
21305158822,28,67,50,29,50,22,50,45,9,343
21305158823,0,4,0,3,9,0,0,3,0,20
21305158824,41,114,57,40,62,16,51,26,8,408
21305158825,27,51,33,32,22,20,53,18,6,257
21305158826,20,38,22,23,19,19,20,17,4,183
21305158827,20,40,26,23,27,14,21,20,3,183
21305158828,14,16,10,11,10,5,33,15,5,115
21305158829,16,31,22,21,30,22,49,17,7,225
21305158830,12,33,26,23,27,18,37,17,9,196
21305158831,37,91,28,50,44,21,56,38,13,366
21305158832,26,56,18,27,36,18,17,13,5,221
21305158833,31,80,41,35,35,23,42,28,11,324
21305158834,21,28,29,37,19,17,53,26,7,240
21305158901,24,53,24,30,28,16,24,28,8,236
21305158902,9,27,25,16,24,10,34,21,0,179
21305158903,13,30,19,40,28,19,32,22,9,210
21305158904,31,105,37,41,52,26,20,28,7,348
21305158905,17,32,45,44,34,23,36,27,3,260
21305158906,9,8,29,27,26,18,14,19,10,171
21305158907,17,35,28,43,25,17,33,37,0,232
21305158908,0,0,0,0,0,0,0,0,0,0
21305158909,0,0,0,0,0,0,0,0,0,0
21305158910,15,35,26,34,47,14,29,11,3,214
21305158911,12,41,21,29,24,12,16,19,6,174
21305158912,10,63,28,23,24,19,12,16,6,203
21305158913,19,40,26,15,24,11,11,9,0,160
21305158914,9,55,23,23,15,12,16,10,3,156
21305158915,15,23,16,12,19,14,19,21,5,141
21305158916,27,66,30,28,24,22,28,22,9,259
21305158917,16,27,22,24,19,18,25,23,4,189
21305158918,18,39,21,23,26,10,19,18,5,169
21305158919,33,42,22,32,26,15,18,14,4,193
21305158920,5,47,17,22,13,8,12,11,0,138
21305158921,11,16,30,18,22,20,24,26,0,161
21305158922,9,26,18,24,14,17,25,21,3,158
21305158923,26,68,27,31,26,19,10,16,6,212
21305159001,21,67,33,45,37,22,28,32,13,299
21305159002,25,49,24,33,36,26,23,22,9,249
21305159003,23,23,20,14,19,4,6,3,3,122
21305159004,7,13,29,16,21,9,18,12,0,143
21305159005,21,38,23,30,21,16,19,28,5,195
21305159006,14,21,20,19,13,11,14,21,0,142
21305159007,7,15,21,20,17,10,33,26,3,147
21305159008,26,52,29,27,36,22,28,23,5,253
21305159009,13,23,10,12,21,9,10,11,0,117
21305159010,16,33,18,26,19,11,15,18,4,152
21305159011,7,14,13,23,17,5,18,18,4,124
21305159012,12,25,13,19,23,13,37,22,5,173
21305159013,18,20,35,15,18,19,28,10,3,161
21305159014,14,47,23,37,25,18,25,19,0,211
21305159015,14,20,24,19,27,12,12,13,3,147
21305159016,3,4,15,11,17,0,18,6,0,89
21305159017,18,11,15,18,22,15,21,13,0,135
21305159018,21,24,25,19,30,12,17,16,0,163
21305159019,33,62,37,36,42,28,29,25,4,289
21305159020,24,39,32,30,28,18,28,26,0,223
21305159021,9,24,19,16,12,12,14,9,0,119
21305159022,6,16,25,16,20,12,21,11,4,136
21305159023,11,12,27,27,13,12,11,22,0,139
21305159024,7,15,17,10,19,15,17,22,5,124
21305159025,35,62,42,41,41,26,37,41,13,345
21305159026,9,11,12,14,14,17,18,9,0,96
21305159027,16,42,34,34,39,28,36,29,6,264
21305159028,9,9,15,13,17,11,14,9,0,95
21305159029,0,0,0,0,0,0,0,0,0,0
21305159030,12,6,28,24,24,11,28,30,3,165
21305159031,15,28,18,23,29,8,13,23,6,162
21305159032,6,18,20,12,10,14,12,15,0,105
21305159033,32,79,57,63,42,35,38,47,11,396
21305159034,7,25,18,21,27,17,11,18,0,156
21305159035,17,23,39,23,38,22,37,38,3,236
21401137001,18,28,29,20,26,16,8,17,0,161
21401137002,14,20,33,18,14,16,8,24,3,155
21401137003,22,39,50,30,26,26,22,32,6,251
21401137004,20,32,45,39,28,24,18,29,10,237
21401137006,33,38,68,65,45,46,44,33,0,376
21401137009,41,28,44,48,41,28,24,30,10,295
21401137010,54,83,72,52,60,31,44,41,3,448
21401137011,35,50,57,41,56,26,33,48,9,346
21401137014,30,27,59,33,29,23,22,33,0,256
21401137015,13,20,24,17,17,10,21,11,4,137
21401137016,21,26,45,27,31,29,23,18,0,225
21401137017,18,24,43,29,26,7,19,26,9,214
21401137018,19,30,32,25,26,24,22,28,3,209
21401137019,38,50,71,44,42,33,37,48,11,368
21401137020,10,29,47,25,20,23,12,20,0,189
21401137021,10,12,31,15,19,10,15,19,0,123
21401137022,12,23,33,19,15,18,30,23,4,182
21401137025,0,0,0,0,0,0,0,0,0,0
21401137026,0,0,0,0,0,0,0,0,0,0
21401137027,4,0,4,0,0,0,0,0,0,5
21401137028,4,0,0,0,3,0,0,0,0,7
21401137029,0,0,0,0,0,0,0,0,0,0
21401137030,17,19,26,18,23,10,17,25,0,159
21401137031,24,35,60,38,44,25,24,31,5,293
21401137034,9,15,37,12,34,19,15,30,3,181
21401137035,22,27,40,25,33,20,28,20,3,212
21401137036,12,23,33,21,19,28,24,29,9,183
21401137037,22,22,25,31,34,7,23,25,0,180
21401137038,10,14,23,19,11,8,9,14,3,113
21401137039,5,10,20,14,14,13,10,13,0,106
21401137040,19,22,43,30,35,9,25,27,11,209
21401137041,22,24,45,22,32,17,19,22,6,204
21401137042,25,43,63,26,35,24,35,30,3,278
21401137043,15,19,48,29,26,16,15,26,10,193
21401137044,22,37,50,35,40,26,34,46,7,294
21401137045,17,12,31,12,14,18,32,20,4,152
21401137046,22,31,34,31,18,18,22,14,7,197
21401137047,37,42,50,57,37,28,23,27,5,311
21401137048,20,33,39,17,35,26,14,21,0,208
21401137049,6,7,9,10,0,0,8,8,0,47
21401137050,3,0,0,0,0,0,0,0,0,9
21401137051,13,36,28,30,39,30,21,32,8,242
21401137053,27,45,34,33,31,21,17,31,8,245
21401137054,25,39,49,32,37,29,32,33,6,281
21401137055,22,37,46,35,39,21,35,35,3,273
21401137056,37,56,47,49,54,43,29,37,0,359
21401137057,17,27,32,24,37,20,21,23,3,201
21401137058,26,54,49,25,47,26,11,29,4,270
21401137059,19,40,45,30,34,19,15,39,4,233
21401137060,33,52,52,42,40,30,20,29,5,297
21401137061,13,37,76,38,36,17,29,40,6,294
21401137062,31,44,43,31,43,29,20,44,12,298
21401137063,27,54,44,34,31,16,19,22,6,260
21401137064,14,30,33,22,19,27,12,21,4,184
21401137065,9,19,25,19,28,11,19,15,4,154
21401137101,31,39,43,34,25,20,16,25,0,222
21401137102,18,39,24,25,23,10,7,22,0,167
21401137103,23,42,27,16,28,24,18,24,0,204
21401137104,18,30,35,14,24,11,8,6,0,149
21401137105,22,46,41,29,31,23,10,21,6,220
21401137106,24,29,26,17,16,19,9,11,4,155
21401137107,38,69,48,47,37,25,8,36,3,316
21401137108,20,43,21,30,7,18,13,17,4,179
21401137109,19,45,16,33,19,16,9,21,0,177
21401137110,29,65,35,43,37,33,13,29,3,285
21401137111,20,39,35,29,26,23,11,16,3,201
21401137112,21,35,29,24,12,12,13,12,3,161
21401137113,20,32,29,20,26,9,8,17,3,159
21401137114,23,59,38,47,21,17,5,17,7,219
21401137115,41,57,33,41,38,17,3,19,0,252
21401137116,25,45,24,27,24,18,7,13,5,193
21401137117,20,43,31,21,28,15,6,28,0,202
21401137118,22,42,26,31,20,14,5,10,0,175
21401137119,31,54,31,28,24,20,20,18,0,236
21401137120,28,49,17,19,18,23,5,15,0,176
21401137121,26,93,50,38,45,22,10,19,3,309
21401137122,39,65,35,42,42,24,7,14,3,271
21401137123,19,28,25,36,20,20,17,18,4,173
21401137124,29,39,38,31,31,22,22,20,3,238
21401137125,16,37,36,42,23,22,19,21,3,221
21401137126,20,25,21,21,23,15,14,15,4,157
21401137127,13,32,38,30,23,11,7,13,0,160
21401137128,27,21,30,19,10,14,9,16,3,142
21401137129,27,41,33,37,21,25,19,32,6,248
21401137130,15,35,41,32,21,18,8,22,0,200
21401137131,29,42,41,31,30,23,17,16,0,235
21401137132,13,45,47,37,27,18,15,42,5,245
21401137133,11,32,19,21,15,8,10,16,7,147
21401137134,21,47,44,25,25,21,9,24,6,224
21401137135,21,48,22,41,26,21,19,22,4,231
21401137136,22,34,32,33,36,31,13,28,8,234
21401137137,16,24,17,6,12,11,4,5,7,107
21401137138,29,61,36,35,36,14,13,16,6,238
21401137139,17,39,29,18,15,14,4,13,0,145
21401137140,24,33,17,10,21,11,10,7,6,130
21401137141,19,42,21,15,20,14,11,9,0,158
21401137142,30,41,34,28,39,29,17,24,5,242
21401137143,17,50,37,35,35,14,11,23,0,226
21401137144,28,32,31,19,26,24,8,25,0,185
21401137145,18,33,42,17,19,12,17,11,3,167
21401137146,17,41,39,23,34,25,18,35,4,235
21401137147,21,46,36,22,20,22,11,14,8,197
21401137148,28,44,35,26,26,15,6,19,3,194
21401137149,17,28,30,24,17,18,9,9,0,158
21401137150,9,32,26,20,18,23,11,12,5,158
21401137151,37,81,51,54,28,18,37,47,13,363
21401137152,51,62,18,16,21,26,9,21,4,228
21401137153,15,33,25,30,13,18,13,39,8,190
21401137154,23,34,35,19,20,18,5,11,6,172
21401137155,12,36,28,24,18,11,14,18,6,159
21401137201,10,39,33,32,16,16,15,12,0,169
21401137202,24,34,54,37,27,34,8,37,4,265
21401137203,13,33,23,19,13,3,14,11,0,143
21401137204,19,46,42,27,19,27,21,26,3,232
21401137205,17,17,26,23,11,5,13,29,4,143
21401137206,21,37,47,21,29,17,14,37,0,229
21401137207,16,13,31,14,14,9,13,22,3,136
21401137208,10,26,28,28,21,14,10,25,6,161
21401137209,7,9,0,3,8,4,0,5,0,39
21401137210,0,0,0,0,0,0,0,0,0,0
21401137211,6,9,29,10,6,0,16,29,3,114
21401137212,19,49,33,16,40,23,11,15,4,202
21401137213,27,52,36,37,29,17,14,18,5,228
21401137214,28,41,40,41,32,24,25,29,6,272
21401137215,29,44,44,35,28,22,12,18,4,236
21401137216,6,28,38,24,21,17,20,20,3,182
21401137217,24,28,45,23,14,22,28,22,0,206
21401137218,20,35,46,36,33,21,11,32,8,238
21401137219,5,11,11,16,9,12,3,14,6,78
21401137220,15,42,31,20,25,13,13,25,6,190
21401137221,18,40,30,22,13,11,12,21,4,169
21401137222,27,30,31,27,28,23,17,25,3,209
21401137223,12,35,42,29,28,15,17,31,4,211
21401137224,22,37,30,37,33,12,15,26,12,227
21401137225,35,71,53,49,34,37,18,43,7,345
21401137226,21,42,43,26,21,20,12,20,0,210
21401137227,22,36,47,42,32,4,12,28,3,231
21401137228,6,15,18,10,11,15,9,16,3,97
21401137229,7,12,11,11,14,5,11,10,3,83
21401137230,4,8,25,14,13,7,20,20,8,108
21401137231,7,13,32,20,22,9,15,15,0,133
21401137232,13,15,30,17,9,5,17,20,4,131
21401137233,24,15,44,41,26,18,27,40,0,235
21401137234,7,22,33,29,23,16,24,30,7,186
21401137235,9,7,20,20,11,5,16,18,5,120
21401137236,19,39,35,36,28,23,15,19,0,219
21401137237,18,23,22,24,15,16,8,12,5,148
21401137238,16,24,25,9,13,9,5,10,0,113
21401137239,16,20,23,16,22,4,15,14,5,131
21401137240,12,25,49,27,33,18,8,21,3,200
21401137241,11,12,31,21,12,12,13,30,0,149
21401137242,17,15,24,16,11,13,18,30,10,160
21401137243,4,16,20,17,10,9,21,21,0,126
21401137244,4,3,24,17,3,9,10,28,3,105
21401137245,14,17,49,26,31,10,23,49,5,235
21401137246,17,11,26,27,16,14,13,25,3,151
21401137247,24,30,35,28,16,17,14,24,3,193
21401137248,7,10,15,8,9,13,10,10,0,90
21401137301,39,70,29,23,27,24,11,7,4,228
21401137302,43,48,13,19,26,15,0,8,7,185
21401137303,73,60,30,19,25,25,8,17,4,253
21401137304,42,51,26,30,19,15,5,15,0,197
21401137305,19,36,12,13,17,10,0,7,0,106
21401137306,20,33,7,5,7,14,0,0,0,95
21401137307,26,21,23,7,23,17,10,9,4,127
21401137308,39,77,47,35,40,20,16,26,11,310
21401137309,45,100,40,34,32,28,14,26,4,326
21401137310,21,46,23,27,20,11,7,16,5,172
21401137311,61,108,40,48,33,42,16,39,6,408
21401137312,31,50,23,17,19,13,3,6,0,172
21401137313,18,48,32,30,13,11,13,14,0,182
21401137314,14,19,9,6,10,11,0,9,0,80
21401137315,46,59,22,20,43,18,3,14,0,229
21401137316,38,46,29,17,24,30,10,13,0,203
21401137317,36,43,12,19,24,12,3,5,0,159
21401137318,37,39,21,13,32,15,8,18,4,177
21401137319,18,35,20,18,13,14,3,14,4,142
21401137320,19,24,15,16,14,11,0,4,9,117
21401137321,23,44,39,17,15,10,12,12,9,178
21401137322,34,56,35,29,35,18,5,15,5,234
21401137323,45,82,42,26,44,44,14,18,3,316
21401137324,38,75,29,22,23,26,10,21,3,233
21401137325,27,60,28,26,34,14,10,17,0,220
21401137326,40,58,19,29,33,9,14,11,7,219
21401137327,27,43,39,22,32,26,10,31,0,227
21401137328,16,42,25,19,26,23,12,15,0,185
21401137329,15,43,11,18,20,12,7,10,0,127
21401137330,33,40,39,17,35,19,7,12,7,220
21401137331,42,76,48,34,38,23,5,12,3,287
21401137332,49,71,36,23,30,24,6,23,0,262
21401137333,26,35,15,14,12,16,3,6,6,123
21401137334,38,45,26,16,22,15,5,7,4,180
21401137335,57,97,43,31,33,20,7,15,0,302
21401137336,49,80,42,24,28,28,4,21,6,285
21401137337,29,47,29,15,16,9,3,6,4,148
21401137338,38,63,29,23,26,22,8,13,3,221
21401137339,0,3,0,0,0,0,0,3,0,5
21401137340,50,70,39,32,43,31,18,24,6,305
21401137341,43,61,42,26,34,39,10,24,3,275
21401137342,60,84,46,33,48,41,13,24,0,350
21401137343,15,38,22,22,25,9,3,12,3,143
21401137344,0,0,0,0,0,0,0,0,0,0
21401137345,16,22,17,11,11,4,3,11,0,96
21401137346,27,38,20,20,27,21,9,8,0,163
21401137401,20,22,39,21,33,21,14,21,3,196
21401137402,29,70,78,54,53,34,21,42,3,385
21401137403,18,32,31,25,20,16,9,18,0,177
21401137404,31,55,63,34,38,28,16,31,3,296
21401137405,32,49,53,37,40,28,14,24,0,272
21401137406,32,54,57,39,44,32,18,22,6,309
21401137408,26,44,42,47,47,41,8,22,0,295
21401137409,23,42,33,20,24,21,12,18,0,198
21401137410,15,36,37,23,28,27,11,19,4,208
21401137411,22,38,61,24,40,24,16,23,3,251
21401137412,17,42,36,19,34,12,21,15,3,203
21401137413,36,37,57,35,47,25,19,32,0,291
21401137415,17,37,45,22,35,19,15,24,8,231
21401137416,25,26,42,18,30,20,11,21,4,193
21401137417,22,58,54,31,43,30,18,29,18,301
21401137418,19,28,28,22,27,15,12,14,5,156
21401137419,15,27,33,22,26,18,13,24,5,183
21401137420,35,25,35,27,26,22,4,18,3,203
21401137421,49,36,39,24,33,34,3,17,4,235
21401137422,33,43,34,18,25,28,19,16,0,219
21401137423,12,15,29,15,14,13,9,23,0,136
21401137424,28,36,83,32,41,29,13,21,5,285
21401137425,19,24,36,32,27,23,15,26,0,195
21401137426,27,37,67,24,51,21,8,20,3,266
21401137427,80,87,98,50,74,36,21,43,5,482
21401137428,19,31,60,32,39,33,23,49,3,286
21401137429,37,54,54,22,52,37,20,19,4,298
21401137430,21,38,40,30,27,21,17,22,0,214
21401137431,8,31,34,12,28,20,13,17,5,173
21401137432,21,38,43,31,25,14,6,19,0,201
21401137433,27,39,48,24,25,21,3,8,5,199
21401137434,23,37,35,34,36,20,22,19,5,229
21401137435,0,0,0,0,0,0,0,0,0,0
21401137436,33,48,61,44,40,28,18,41,3,320
21401137437,25,47,47,20,25,8,12,20,6,220
21401137438,47,28,64,32,47,26,13,16,6,280
21401137439,16,17,22,18,23,9,9,20,0,134
21401137440,28,29,29,16,25,18,14,18,6,176
21401137441,33,33,53,32,34,27,14,14,10,235
21401137442,32,70,51,49,53,27,7,37,3,324
21401137443,37,38,58,13,49,23,10,24,3,264
21401137444,74,149,145,82,112,59,33,53,15,726
21401137445,34,45,42,34,47,34,20,20,0,277
21401137446,18,35,32,21,26,23,13,20,6,197
21401137447,45,45,24,33,29,31,7,20,3,233
21401137448,34,48,63,44,52,26,16,23,3,302
21401137449,9,20,18,11,13,12,14,8,0,111
21401137450,17,26,24,32,30,20,6,18,3,179
21401137451,30,33,38,21,38,19,11,13,6,214
21401137452,26,62,54,33,35,32,11,32,7,286
21401137453,42,59,40,19,37,21,6,20,8,256
21401137454,33,44,44,29,37,24,8,21,3,241
21401137455,59,97,91,63,81,53,27,49,3,519
21401137501,0,4,0,6,0,0,0,0,0,16
21401137502,10,20,18,10,11,9,9,4,0,95
21401137503,20,21,27,20,14,12,5,14,3,125
21401137504,24,32,36,27,20,18,14,20,5,201
21401137505,31,52,49,26,35,26,17,17,3,249
21401137506,20,35,30,20,22,10,9,18,0,159
21401137507,38,62,41,35,46,31,12,20,11,294
21401137508,29,32,40,28,35,19,9,22,6,221
21401137509,0,0,0,0,0,0,0,0,0,0
21401137510,48,67,63,43,38,28,15,35,4,346
21401137511,35,61,59,22,30,30,18,18,0,280
21401137512,29,60,38,25,25,11,15,20,3,229
21401137513,30,57,34,30,29,17,13,14,4,232
21401137514,6,32,30,15,20,20,3,9,0,130
21401137515,32,41,28,33,36,24,14,35,0,239
21401137516,25,52,30,20,19,15,10,15,5,186
21401137517,40,66,59,29,47,24,12,27,13,317
21401137518,19,35,20,23,18,13,13,13,0,163
21401137519,36,65,41,32,32,23,16,24,9,275
21401137520,33,47,34,30,26,28,15,15,3,228
21401137521,45,51,35,24,33,22,6,26,0,233
21401137522,30,62,53,30,32,22,14,14,4,264
21401137523,48,75,52,37,35,19,13,23,7,312
21401137524,13,28,34,24,25,13,19,31,9,199
21401137525,0,0,0,0,0,3,0,0,0,5
21401137526,35,60,44,35,38,29,15,24,7,286
21401137527,23,49,60,33,44,25,20,25,8,275
21401137528,40,45,43,30,37,25,19,23,8,266
21401137529,26,22,33,21,18,13,8,9,6,149
21401137530,19,37,30,23,19,8,15,23,0,178
21401137531,17,42,32,25,15,13,16,14,3,177
21401137532,24,28,33,20,19,17,14,15,6,167
21401137533,19,28,35,41,20,17,18,16,6,192
21401137534,9,19,25,9,20,6,14,21,4,119
21401137535,32,42,37,14,27,23,14,11,3,204
21401137536,30,44,26,22,29,14,12,11,0,187
21401137537,23,46,42,27,29,18,11,22,10,223
21401137538,17,38,40,26,17,22,16,26,3,195
21401137539,22,49,47,25,38,23,17,33,8,257
21401137540,11,36,32,19,24,20,5,13,4,157
21401137541,23,37,43,29,38,30,21,29,3,251
21401137601,10,14,28,18,23,22,18,19,0,145
21401137603,80,102,124,80,114,70,49,67,13,695
21401137604,10,27,29,22,18,16,10,23,7,173
21401137605,56,83,55,61,62,54,25,43,8,435
21401137606,38,57,70,55,50,43,31,33,13,385
21401137607,13,18,28,20,27,17,18,23,3,165
21401137608,19,15,20,17,17,29,11,17,3,164
21401137609,18,22,28,19,17,8,11,18,3,142
21401137610,17,18,33,21,30,25,25,25,5,195
21401137611,29,34,41,28,22,28,18,32,0,224
21401137612,23,35,47,21,29,21,19,19,4,226
21401137613,27,36,41,41,26,15,26,35,0,250
21401137614,30,30,44,46,25,27,22,23,4,255
21401137615,30,47,60,33,40,27,26,25,4,294
21401137616,91,86,35,16,49,38,11,8,3,339
21401137618,16,24,26,26,36,18,18,22,4,193
21401137619,20,31,35,31,32,23,15,21,0,216
21401137620,17,24,33,19,30,17,23,25,0,188
21401137621,34,60,36,21,46,38,10,24,0,271
21401137622,68,67,33,33,42,30,4,16,7,308
21401137623,49,47,7,15,33,24,3,6,3,186
21401137624,36,33,18,8,34,16,9,17,0,171
21401137625,66,81,48,46,58,44,26,30,12,416
21401137626,37,35,27,22,39,29,10,16,6,218
21401137627,51,52,36,15,38,20,8,18,0,231
21401137628,0,0,0,0,0,0,0,0,0,0
21401137629,0,0,0,0,0,0,0,0,0,0
21401137630,0,0,0,0,0,0,0,0,0,0
21401137631,97,103,47,45,51,35,13,26,8,426
21401137632,56,55,23,29,51,20,3,15,0,256
21402137701,16,16,29,16,16,21,0,15,7,134
21402137702,27,39,27,31,23,21,6,23,3,198
21402137703,18,28,28,18,23,14,5,18,4,151
21402137704,29,36,38,21,19,11,12,35,4,203
21402137705,106,87,57,29,75,43,9,29,7,443
21402137706,89,96,79,46,83,49,7,21,10,477
21402137707,49,52,38,41,37,35,14,29,11,311
21402137708,45,67,39,33,27,19,8,26,7,279
21402137709,30,37,28,22,32,24,13,11,0,193
21402137710,21,24,34,19,12,25,5,23,4,167
21402137711,38,14,24,19,15,10,4,12,0,133
21402137712,34,40,61,33,21,21,13,31,8,253
21402137713,24,12,30,11,14,16,0,12,5,125
21402137714,16,31,47,32,16,20,9,13,4,187
21402137715,21,35,41,23,29,22,10,19,7,203
21402137716,63,67,56,59,44,53,15,35,9,403
21402137717,39,60,35,17,25,13,3,11,4,218
21402137718,31,31,23,17,25,16,0,16,7,169
21402137719,41,47,44,20,25,32,5,13,0,242
21402137720,30,38,50,28,35,17,12,14,7,239
21402137721,31,41,37,34,19,28,9,13,3,220
21402137722,33,47,46,27,24,30,5,12,6,228
21402137723,19,31,42,14,14,13,12,12,3,170
21402137724,37,41,50,37,22,15,12,24,0,245
21402137725,17,33,48,41,39,17,12,29,4,246
21402137801,38,43,7,8,13,7,0,10,5,127
21402137802,53,79,22,15,14,18,3,6,4,227
21402137803,67,56,15,10,18,9,0,16,9,199
21402137804,46,55,19,11,13,20,5,8,0,187
21402137805,9,22,12,0,6,0,0,0,0,53
21402137806,24,23,15,9,9,9,4,3,0,89
21402137807,50,78,14,40,17,20,7,17,5,246
21402137808,56,28,22,11,21,14,4,15,0,178
21402137809,41,35,21,9,10,4,3,8,7,140
21402137810,53,29,29,14,23,17,5,22,0,194
21402137811,49,41,18,8,9,9,4,8,3,143
21402137812,64,53,26,17,14,15,0,10,6,213
21402137813,13,22,13,10,8,3,0,6,0,82
21402137814,48,60,38,23,32,17,0,18,3,242
21402137815,57,57,13,4,22,9,0,3,8,175
21402137816,38,30,10,4,12,10,0,11,10,132
21402137817,12,24,17,6,6,3,0,0,0,67
21402137818,21,21,15,3,10,11,0,6,0,87
21402137901,12,19,46,20,17,10,10,22,11,157
21402137902,16,23,37,28,16,25,22,25,4,197
21402137903,14,16,23,32,23,23,22,28,4,186
21402137904,7,15,27,27,14,13,21,31,5,165
21402137905,26,19,57,31,17,16,12,33,7,224
21402137907,39,25,67,49,23,27,26,55,14,319
21402137908,18,10,30,24,14,19,5,24,4,127
21402137912,22,29,51,35,29,28,21,34,5,249
21402137913,24,28,77,52,38,19,32,32,4,300
21402137914,42,45,53,14,33,23,13,25,0,240
21402137915,58,40,32,32,21,17,6,21,3,234
21402137916,30,47,33,15,21,16,7,18,3,191
21402137917,37,45,32,20,22,21,9,17,0,211
21402137918,48,90,58,29,32,27,0,22,3,311
21402137919,12,25,37,20,19,10,8,17,3,155
21402137920,28,25,54,53,29,21,18,38,7,264
21402137921,13,24,57,25,19,18,12,25,3,203
21402137922,25,32,59,46,28,26,23,41,4,291
21402137923,15,17,51,21,19,22,13,19,3,183
21402137924,18,25,45,32,27,23,19,28,13,236
21402137925,23,28,51,22,23,25,13,24,5,216
21402137926,18,29,46,26,8,14,4,20,0,158
21402137927,13,17,34,19,15,18,16,16,3,147
21402137928,29,27,41,20,22,31,10,13,4,199
21402137929,32,48,67,34,44,34,12,34,4,309
21402137930,30,48,70,42,24,13,18,37,11,294
21402137931,22,21,27,25,20,18,5,20,0,159
21402137932,13,17,33,24,14,11,15,25,3,147
21402137933,23,66,28,19,27,17,7,16,0,207
21402137934,53,61,38,22,27,17,5,13,4,255
21402137935,16,38,36,28,24,17,14,29,3,215
21402137936,21,15,12,12,11,7,6,11,0,100
21402137937,39,62,77,52,35,29,35,24,7,366
21402137938,26,58,25,17,27,7,8,6,0,172
21402137939,37,32,27,11,15,9,3,8,8,151
21402137940,58,65,444,334,12,8,0,6,11,939
21402137942,0,0,0,0,0,0,0,0,0,0
21402137943,12,8,28,22,10,12,13,23,3,129
21402137945,23,30,45,35,23,26,15,32,5,236
21402137946,20,26,50,34,20,19,10,23,3,206
21402137947,0,0,0,0,0,0,0,0,0,5
21402137948,23,17,35,16,11,21,14,35,3,179
21402137949,24,38,55,43,25,21,5,26,6,238
21402137950,32,22,46,20,18,23,10,21,0,194
21402137951,5,7,19,13,18,10,4,16,3,92
21402137952,10,13,19,15,16,17,5,31,6,131
21402137953,21,28,19,11,12,5,4,9,5,107
21402137954,22,44,18,26,13,13,0,11,0,154
21402137955,22,22,48,28,32,28,12,37,3,229
21402137956,34,68,36,35,20,18,5,18,7,238
21402137957,19,26,3,4,3,4,0,6,0,61
21402137958,36,39,50,43,26,32,21,30,0,278
21402138101,43,55,32,24,28,21,3,18,3,231
21402138102,47,55,28,15,35,24,8,20,5,241
21402138103,43,60,36,28,25,21,6,17,4,236
21402138104,38,56,26,20,29,13,4,9,3,202
21402138105,49,74,27,25,34,27,7,7,0,248
21402138106,46,55,26,19,42,18,3,12,5,218
21402138107,42,34,18,12,14,17,6,9,6,155
21402138108,19,21,15,22,16,8,0,3,0,108
21402138109,18,28,12,15,18,9,5,10,3,123
21402138110,46,71,15,17,18,18,5,6,0,199
21402138111,21,37,18,9,21,9,0,5,0,125
21402138112,37,56,19,17,17,8,0,5,0,168
21402138113,50,78,29,27,39,25,6,17,0,276
21402138114,61,87,44,33,36,26,5,24,8,318
21402138115,75,72,28,22,32,20,9,13,0,269
21402138116,56,65,30,28,30,23,3,11,0,252
21402138117,32,38,9,13,18,15,9,4,0,142
21402138118,32,64,20,14,26,20,0,6,6,191
21402138119,27,39,20,16,12,9,0,13,4,141
21402138120,63,84,33,23,22,21,3,13,4,273
21402138121,35,38,13,17,26,31,4,10,0,170
21402138122,59,77,22,20,37,18,0,9,4,241
21402138123,51,44,22,15,21,17,0,7,3,186
21402138124,57,96,23,27,27,26,6,7,4,278
21402138125,70,67,26,30,31,30,0,15,5,272
21402138126,26,34,13,11,16,15,0,10,3,127
21402138127,39,38,22,13,17,9,3,7,6,145
21402138128,18,15,10,3,7,4,0,6,3,71
21402138129,68,70,16,10,20,13,6,6,4,209
21402138130,56,85,16,16,34,26,0,13,4,250
21402138131,34,42,20,12,7,21,3,9,0,151
21402138132,52,78,32,39,29,21,5,8,3,271
21402138133,29,38,20,14,14,10,3,11,3,147
21402138134,83,90,10,20,33,25,3,6,7,279
21402138135,55,51,20,10,28,22,7,10,4,198
21402138136,57,70,19,20,32,19,0,10,4,231
21402138137,57,78,24,22,29,27,10,12,4,255
21402138138,30,67,28,29,35,29,6,12,0,243
21402138139,50,83,33,31,26,30,4,15,0,276
21402138140,23,30,9,13,26,16,3,5,3,125
21402138141,46,63,24,11,26,23,7,3,0,188
21402138142,41,59,23,12,23,17,8,8,3,190
21402138143,37,63,38,16,29,22,4,7,0,218
21402138144,34,31,8,10,19,18,0,6,0,137
21402138201,62,62,40,24,29,19,7,14,0,259
21402138202,29,43,20,22,11,15,5,3,0,157
21402138203,39,49,38,24,27,17,0,11,3,206
21402138204,45,67,24,19,29,28,4,8,4,226
21402138205,0,0,0,0,0,0,0,0,0,0
21402138206,48,56,20,14,21,14,0,4,0,186
21402138207,42,43,14,15,20,18,6,3,0,153
21402138208,50,66,12,29,27,15,4,11,7,213
21402138209,41,51,25,22,19,14,0,12,8,198
21402138210,43,31,22,14,28,17,3,13,9,172
21402138211,59,54,24,19,22,15,7,9,0,211
21402138212,25,69,31,32,30,21,7,26,8,247
21402138213,20,41,41,27,18,24,5,15,0,195
21402138214,25,29,8,11,7,14,0,9,0,112
21402138215,40,60,23,36,29,27,0,22,5,255
21402138216,51,79,50,40,40,30,8,22,3,337
21402138217,66,82,61,54,39,42,13,23,13,391
21402138218,50,67,48,29,31,32,10,17,4,290
21402138219,50,69,25,31,27,21,3,10,0,245
21402138220,62,92,41,45,31,24,8,19,5,329
21402138221,29,62,38,38,29,18,9,24,0,249
21402138222,61,59,23,26,45,23,12,23,3,274
21402138223,25,46,25,15,13,24,5,11,0,163
21402138224,88,79,40,32,38,19,0,20,7,319
21402138225,30,36,12,11,18,19,4,14,0,156
21402138226,35,42,27,17,26,12,0,11,0,178
21402138227,30,73,24,17,29,31,7,18,3,232
21402138228,74,106,60,76,69,51,15,39,11,497
21402138229,56,60,40,48,37,40,10,14,9,317
21402138230,33,24,28,29,33,21,10,18,3,197
21402138231,32,35,27,23,22,24,3,11,0,181
21402138232,56,65,55,43,36,32,7,24,7,327
21402138233,71,97,52,51,50,52,10,33,7,429
21402138234,35,34,20,13,14,10,0,11,0,137
21402138235,25,41,25,20,28,6,4,5,0,165
21402138236,38,51,25,21,23,34,9,13,6,211
21402138237,34,39,24,20,16,26,0,10,7,171
21402138238,40,74,71,36,53,50,17,31,4,376
21402138239,27,48,33,29,28,22,9,15,5,220
21402138240,40,53,26,25,27,16,3,26,0,222
21402138301,18,21,12,12,16,6,4,3,0,96
21402138302,39,56,43,25,25,30,5,24,3,255
21402138303,28,36,17,15,10,16,0,10,7,138
21402138304,22,20,23,12,16,17,5,8,3,132
21402138305,26,37,42,10,21,19,6,27,4,195
21402138306,47,59,66,47,27,18,13,15,7,289
21402138308,36,32,4,4,9,13,0,0,10,108
21402138309,39,41,22,8,19,21,0,11,6,166
21402138310,23,43,53,33,12,22,4,16,3,221
21402138311,45,70,41,22,17,36,4,28,16,280
21402138312,32,35,38,19,23,21,0,16,5,195
21402138313,17,20,24,15,11,5,10,7,0,113
21402138314,17,24,38,29,20,15,17,24,3,179
21402138315,27,33,29,20,12,15,6,8,3,161
21402138316,16,36,37,15,14,7,4,13,10,157
21402138317,46,58,40,20,28,27,8,14,8,252
21402138318,27,31,28,11,10,10,0,17,4,144
21402138319,39,41,27,13,18,10,6,7,0,171
21402138320,16,38,45,27,25,15,6,21,4,194
21402138321,22,17,22,27,7,17,5,19,0,138
21402138322,14,23,30,9,15,15,5,13,0,123
21402138323,37,47,30,29,30,20,0,20,4,223
21402138324,14,29,37,17,20,14,3,11,0,147
21402138325,29,44,47,19,25,18,3,10,7,201
21402138327,53,54,26,10,24,13,3,6,0,189
21402138328,24,49,50,32,28,17,4,22,6,240
21402138329,27,23,16,16,16,25,5,24,3,171
21402138330,49,46,12,12,20,14,0,7,11,181
21402138331,37,54,27,19,13,11,0,7,9,177
21402138332,14,30,29,14,24,6,3,17,4,145
21402138333,20,14,16,13,16,8,0,7,3,103
21402138334,30,29,37,36,25,22,6,20,0,198
21402138335,27,36,31,21,10,19,3,20,11,178
21402138336,34,34,42,22,18,17,8,18,4,187
21402138337,34,32,39,33,16,22,4,35,6,221
21402138338,24,35,32,21,21,13,6,16,3,169
21402138339,42,35,42,31,21,26,9,33,3,236
21402138340,0,0,0,0,0,0,0,0,0,0
21402138341,65,61,10,8,16,16,3,3,4,193
21402138342,39,71,58,29,30,29,9,11,6,266
21402138343,35,45,50,21,26,12,5,18,6,218
21402138344,71,48,43,30,43,31,3,25,10,302
21402138345,26,19,5,3,4,0,0,0,10,77
21402138346,15,26,38,30,15,18,6,31,5,169
21402138347,17,21,33,24,12,20,10,27,0,152
21402138348,40,30,13,5,13,8,6,3,0,123
21402138402,3,6,7,4,4,0,0,5,0,28
21402138403,5,14,16,21,8,4,3,10,0,83
21402138404,13,16,27,33,14,20,11,34,4,183
21402138406,0,0,0,0,0,0,0,0,0,8
21402138407,0,0,0,0,0,0,0,0,0,0
21402138409,32,56,58,33,41,26,16,23,3,291
21402138410,27,43,36,20,32,20,11,20,4,204
21402138411,25,31,37,19,17,11,9,7,0,166
21402138412,24,35,18,16,23,11,0,10,0,139
21402138413,30,20,31,13,22,8,7,14,3,150
21402138415,14,12,18,12,8,7,5,12,4,97
21402138417,17,15,19,12,19,16,5,18,0,123
21402138419,24,22,27,31,15,19,3,38,3,190
21402138420,25,35,42,24,13,18,4,27,3,200
21402138421,37,40,48,30,29,19,19,15,0,229
21402138422,12,30,23,10,10,25,5,11,3,130
21402138424,31,57,51,48,31,28,9,30,9,297
21402138425,32,55,53,29,22,21,8,19,6,238
21402138426,17,34,30,13,11,14,8,23,3,157
21402138427,9,18,11,19,5,16,3,7,5,104
21402138428,10,10,13,12,13,15,8,16,0,95
21402138430,7,24,27,16,11,12,5,14,6,124
21402138432,24,31,44,35,14,24,14,24,7,209
21402138433,7,14,30,12,6,5,3,15,0,97
21402138434,22,44,44,27,22,24,11,25,6,216
21402138435,10,29,42,28,13,24,6,37,0,184
21402138436,33,40,39,33,24,36,14,23,6,251
21402138437,16,26,15,9,22,4,0,13,0,101
21402138438,12,33,29,17,17,19,3,14,9,156
21402138439,18,27,33,20,10,14,7,14,0,140
21402138440,36,50,39,20,28,30,5,15,0,224
21402138441,17,25,53,34,23,24,14,22,9,228
21402138442,16,31,44,29,29,19,11,20,0,194
21402138443,16,31,33,37,20,24,8,34,9,200
21402138444,15,26,27,19,18,18,4,9,5,134
21402138445,10,18,14,8,11,13,3,12,0,94
21402138446,27,39,18,14,20,21,4,10,0,142
21402138447,33,59,32,24,22,17,12,18,3,217
21402138448,48,74,70,63,56,62,12,36,10,434
21402138449,4,15,24,14,15,18,10,11,3,113
21402138450,15,39,44,30,23,15,10,15,3,188
21402138451,5,11,19,4,13,22,7,4,0,90
21402138452,13,19,27,12,17,9,3,16,5,129
21402138453,25,31,43,25,16,18,10,25,5,199
21402138454,7,15,22,19,14,9,3,19,0,114
21402138455,12,14,17,9,12,9,7,10,0,89
21402138456,8,14,25,23,4,17,5,9,0,105
21402138457,7,9,15,15,4,14,4,10,0,74
21402138458,20,22,41,23,20,17,18,18,3,181
21402138459,15,23,21,9,5,13,11,19,3,113
21402138460,6,10,10,18,5,10,12,13,3,89
21402138461,7,13,17,18,7,11,3,17,3,104
21402138462,13,15,14,9,15,12,3,19,3,105
21402138463,12,13,30,20,4,10,3,16,4,115
21402138464,10,11,6,9,3,6,3,6,3,59
21402138465,8,20,22,17,8,5,0,11,0,92
21402138466,18,10,22,12,13,13,4,10,9,109
21402138467,5,9,19,8,13,7,4,16,0,86
21402138468,20,16,13,11,14,11,6,13,0,105
21402138469,3,8,6,3,8,10,0,8,3,54
21402138470,4,6,11,12,8,8,3,14,0,65
21402138501,40,37,34,13,23,11,0,20,0,178
21402138502,30,20,25,17,24,8,9,16,0,148
21402138503,21,27,53,40,33,14,24,44,4,260
21402138504,21,27,54,27,26,12,15,15,7,218
21402138505,10,23,21,19,18,11,18,17,0,137
21402138506,35,35,56,17,39,19,16,35,0,255
21402138507,31,24,29,4,18,10,6,8,0,130
21402138508,41,43,56,26,25,13,11,37,8,261
21402138509,21,21,32,10,28,20,3,15,3,139
21402138510,11,25,25,29,27,18,7,17,6,168
21402138511,43,67,82,54,39,18,10,23,11,358
21402138512,21,27,35,22,18,32,10,12,4,183
21402138513,21,34,43,21,23,21,13,29,0,205
21402138514,19,41,57,39,29,17,12,24,0,237
21402138515,17,23,22,17,26,8,9,13,0,130
21402138516,24,48,52,33,32,34,17,32,6,271
21402138517,35,39,54,38,39,29,20,31,6,303
21402138518,23,24,41,12,9,13,8,22,0,152
21402138519,25,40,37,19,35,17,14,20,0,219
21402138520,11,23,12,10,10,4,5,14,3,102
21402138521,19,39,30,25,25,14,9,11,4,175
21402138522,21,35,31,19,20,17,6,18,4,170
21402138523,23,53,60,28,21,19,12,23,4,254
21402138524,9,13,28,21,22,17,10,7,3,133
21402138525,20,33,36,32,33,17,14,21,0,200
21402138526,18,17,27,24,24,12,7,24,6,159
21402138527,35,62,88,55,54,38,21,40,9,393
21402138528,13,47,57,29,38,22,12,25,4,247
21402138529,43,60,54,48,41,23,25,35,3,340
21402138530,14,19,29,21,19,20,8,17,4,154
21402138531,21,38,38,13,24,14,9,34,0,190
21402138532,35,40,53,27,37,20,16,27,3,252
21402138533,44,54,54,37,32,27,6,26,0,275
21402138534,42,37,35,10,28,14,11,16,0,202
21402138535,40,32,61,28,32,24,11,29,0,252
21402138536,32,16,42,20,29,18,12,22,4,186
21402138537,35,65,71,50,33,40,22,49,3,376
21402138538,33,38,37,10,25,14,5,20,0,173
21402138539,30,33,27,16,18,13,9,9,0,148
21402138540,22,42,30,19,33,18,12,15,3,190
21402138541,33,27,20,22,22,13,6,5,0,152
21402138542,23,29,44,41,28,25,11,24,3,242
21402138543,13,35,30,36,18,16,11,30,0,184
21402138544,22,16,15,14,18,9,8,16,0,117
21402138545,14,21,24,14,17,10,12,19,3,131
21402138546,34,22,36,26,29,15,12,20,5,203
21402138547,27,26,22,3,9,14,0,7,3,119
21402159101,0,0,0,0,0,0,0,0,0,3
21402159102,0,0,0,3,0,0,0,0,0,4
21402159103,23,41,34,28,23,16,0,13,0,186
21402159104,12,30,29,17,25,19,7,23,4,159
21402159105,26,40,50,25,33,15,9,13,0,202
21402159106,33,48,28,28,30,26,15,15,7,219
21402159107,39,72,47,30,39,25,14,26,4,299
21402159108,23,34,35,19,18,16,11,16,0,172
21402159109,46,52,46,24,40,21,8,25,3,263
21402159110,35,38,44,41,22,18,0,18,5,227
21402159111,7,16,27,17,6,10,17,23,4,131
21402159112,0,0,0,0,0,0,0,0,0,0
21402159113,11,13,17,24,14,11,6,17,3,109
21402159114,13,26,21,21,25,21,11,19,0,157
21402159115,24,40,37,39,45,28,21,24,6,254
21402159116,29,34,29,24,26,29,4,17,0,190
21402159117,46,43,31,28,39,25,9,13,0,236
21402159118,14,28,30,25,22,15,8,9,3,168
21402159119,15,20,31,28,21,15,11,19,6,168
21402159120,22,49,34,41,24,23,9,27,0,228
21402159121,22,41,51,40,21,24,19,35,0,248
21402159122,35,40,48,15,22,12,7,26,9,212
21402159123,29,30,25,23,15,17,4,12,7,166
21402159124,16,24,28,21,19,7,0,20,0,137
21402159125,32,55,41,38,17,30,14,15,3,240
21402159126,42,64,32,30,28,26,9,13,3,253
21402159127,26,45,25,27,18,19,9,19,0,183
21402159128,23,61,37,37,40,31,9,29,4,277
21402159129,31,49,31,34,28,20,9,21,4,235
21402159130,42,81,54,46,27,51,7,39,0,357
21402159131,6,19,18,16,8,10,10,16,7,99
21402159132,21,24,21,22,24,19,6,15,0,150
21402159133,18,38,20,19,32,12,11,6,0,154
21402159134,31,38,42,31,26,21,9,32,5,239
21402159135,23,49,50,30,17,27,6,19,6,220
21402159136,26,35,35,24,21,20,7,28,3,194
21402159201,16,43,23,22,22,16,0,17,4,164
21402159202,22,36,24,22,18,16,4,11,3,149
21402159203,31,59,28,33,33,25,6,13,3,222
21402159204,17,25,17,16,16,14,10,3,5,124
21402159205,50,89,24,28,33,16,3,19,10,273
21402159206,33,46,21,12,18,12,6,6,0,150
21402159207,41,64,12,17,21,25,0,6,0,203
21402159208,5,11,4,0,0,3,0,4,0,22
21402159209,47,43,12,23,38,14,10,11,4,196
21402159210,32,28,22,13,23,15,0,14,6,159
21402159211,30,33,23,13,19,19,4,10,0,158
21402159212,47,45,25,28,28,20,0,19,0,205
21402159213,30,59,31,31,34,19,0,16,0,227
21402159214,50,48,16,23,27,15,8,16,4,211
21402159215,22,40,26,20,19,13,0,8,3,157
21402159216,46,51,26,22,25,13,5,6,5,201
21402159217,42,49,39,26,36,15,3,14,4,229
21402159218,37,46,22,16,34,19,0,7,0,179
21402159219,58,48,23,26,32,13,4,10,0,206
21402159220,49,64,47,33,32,31,6,23,3,283
21402159221,27,50,31,21,28,12,8,10,9,189
21402159222,58,84,33,40,29,23,8,24,12,312
21402159223,33,50,26,29,27,18,4,15,8,202
21501138601,9,8,15,12,5,8,5,11,0,73
21501138602,14,23,13,28,10,16,9,28,0,142
21501138603,3,5,14,29,10,9,10,31,12,121
21501138604,9,8,18,32,14,9,10,35,4,144
21501138605,7,4,19,17,12,6,8,42,3,125
21501138606,16,18,19,40,10,6,3,35,0,150
21501138607,9,5,12,15,12,9,11,32,8,102
21501138608,7,11,11,17,13,8,8,38,4,127
21501138609,11,30,21,26,11,13,11,13,0,134
21501138610,8,25,16,24,11,11,9,20,0,116
21501138611,7,11,17,9,4,10,5,14,3,85
21501138612,30,43,32,46,19,19,11,21,4,226
21501138613,23,33,21,34,16,18,7,20,4,185
21501138614,23,41,32,47,23,21,12,32,0,238
21501138615,37,27,30,22,12,8,5,17,3,158
21501138616,25,40,19,32,28,13,9,10,4,177
21501138617,16,21,11,21,10,8,5,8,7,115
21501138618,14,19,6,17,10,10,6,56,0,148
21501138619,10,16,23,27,10,18,12,33,8,161
21501138620,16,18,11,35,16,14,9,23,4,140
21501138621,24,27,23,35,19,14,17,49,3,209
21501138622,5,4,15,16,4,12,8,31,5,98
21501138623,21,28,24,41,30,20,11,21,3,197
21501138624,3,3,0,0,7,3,0,0,0,21
21501138701,41,25,22,22,18,13,3,24,3,172
21501138702,62,45,30,24,26,16,8,32,5,238
21501138703,29,24,20,25,15,11,6,14,4,146
21501138704,40,18,3,20,8,4,11,18,0,125
21501138705,110,19,11,8,11,9,0,30,0,196
21501138706,82,23,17,5,12,4,5,15,0,165
21501138707,72,11,4,9,6,0,9,19,8,154
21501138708,109,30,9,7,9,6,7,22,0,193
21501138709,20,9,8,7,10,12,8,13,4,89
21501138710,4,6,10,7,11,8,7,18,0,64
21501138801,38,37,34,19,29,18,12,13,4,210
21501138802,14,7,9,8,4,11,12,15,4,76
21501138803,18,19,10,16,14,8,10,9,3,119
21501138804,40,69,41,31,24,24,6,32,3,268
21501138805,19,43,35,29,35,27,21,31,10,249
21501138806,31,40,28,24,26,23,9,29,0,220
21501138807,37,57,32,35,23,20,15,22,3,248
21501138808,12,4,16,20,13,20,10,23,6,122
21501138809,3,8,17,27,8,22,21,20,0,124
21501138810,4,3,16,14,11,16,5,23,3,101
21501138811,11,22,19,23,19,16,14,21,3,154
21501138812,22,32,41,38,24,19,16,39,0,227
21501138813,23,27,50,32,35,31,19,40,5,255
21501138814,17,45,36,41,27,22,13,31,9,244
21501138815,11,19,22,19,11,17,3,16,4,127
21501138816,39,41,41,29,29,25,11,20,3,234
21501138817,104,122,60,47,64,44,29,43,3,515
21501138818,66,57,50,35,35,39,25,24,5,325
21501138819,24,34,35,22,25,18,11,23,3,190
21501138820,17,19,24,14,20,10,8,14,0,130
21501138821,24,37,36,31,14,27,8,25,7,223
21501138822,23,27,22,24,24,25,10,30,9,191
21501138823,38,45,33,41,34,31,22,32,5,287
21501138824,34,84,37,41,35,25,21,26,3,316
21501138825,26,33,7,9,22,16,4,10,3,131
21501138826,32,51,13,29,22,12,8,15,0,187
21501138827,21,30,29,14,23,16,11,15,3,163
21501138828,106,131,92,80,57,48,33,50,5,596
21501138829,25,54,41,35,34,28,27,34,0,274
21501138830,23,41,29,34,26,15,7,21,0,197
21501138831,20,36,27,17,8,15,9,12,3,143
21501138832,13,38,43,24,17,25,9,25,9,207
21501138833,24,30,25,30,24,17,12,21,8,190
21501138834,26,41,21,26,16,10,0,15,0,165
21501138835,25,42,24,23,16,7,9,19,7,184
21501138836,33,51,46,41,28,26,20,11,4,253
21501138837,16,27,20,22,13,16,15,12,6,146
21501138901,51,20,12,9,9,5,7,10,3,122
21501138902,63,14,8,7,14,5,5,13,4,133
21501138903,60,14,16,8,23,11,6,18,0,163
21501138904,42,35,40,9,33,14,7,31,0,218
21501138905,47,17,9,9,10,13,14,11,8,141
21501138906,47,11,9,15,11,0,3,13,5,105
21501138907,30,59,26,34,16,15,14,23,4,206
21501138908,63,21,26,14,21,12,5,11,3,174
21501138909,23,3,18,7,5,6,13,16,4,93
21501138910,40,16,34,19,24,10,12,14,8,167
21501138911,26,31,40,26,20,28,14,24,4,216
21501138912,55,14,10,16,11,5,7,13,3,136
21501139001,23,17,17,15,12,6,9,29,4,124
21501139002,17,12,15,8,11,10,6,26,0,115
21501139003,18,20,8,13,3,4,12,8,0,88
21501139004,51,13,9,3,13,0,4,8,0,111
21501139005,49,9,7,5,11,3,0,9,0,96
21501139006,10,0,0,0,0,0,0,3,0,23
21501139007,62,9,9,5,3,3,4,16,0,110
21501139008,0,0,0,0,0,0,0,0,0,0
21501139009,73,7,14,6,4,3,8,11,0,128
21501139010,76,15,9,8,7,5,7,15,0,154
21501139011,49,9,19,5,14,5,6,16,0,127
21501139012,54,16,10,3,5,5,12,11,0,111
21501139013,52,18,18,13,16,7,19,22,0,157
21501139014,15,9,8,4,10,7,15,11,4,83
21501139015,21,18,3,10,7,11,6,10,0,87
21501139016,22,17,14,21,14,14,18,20,0,140
21501139017,12,9,7,16,10,7,6,12,0,86
21501139018,23,13,11,10,5,4,0,6,0,67
21501139019,22,36,33,27,19,13,21,50,11,242
21501139020,19,16,11,13,0,10,7,27,0,101
21501139021,11,13,14,12,13,6,23,34,6,128
21501139022,17,31,13,17,13,12,13,30,5,149
21501139023,0,5,9,14,5,4,14,7,0,60
21501139024,12,16,7,15,9,6,5,12,0,76
21501139025,0,10,10,3,3,0,4,8,0,47
21501139026,10,18,8,16,3,11,10,10,0,83
21501139027,7,15,13,18,12,13,15,12,4,107
21501139028,15,8,10,11,12,7,11,13,0,86
21501139029,61,14,11,8,12,3,3,18,4,132
21501139030,0,0,0,0,0,0,0,0,0,0
21501139101,14,9,7,11,12,4,4,15,0,80
21501139102,18,16,17,25,16,21,8,41,4,163
21501139103,25,29,33,33,21,21,10,36,0,219
21501139104,24,19,16,24,15,14,6,21,3,153
21501139105,9,16,9,18,9,8,10,27,0,120
21501139106,79,10,7,9,7,5,8,11,0,153
21501139107,57,20,18,24,12,12,9,20,5,170
21501139108,45,10,3,3,10,7,4,24,0,101
21501139109,7,13,13,20,10,10,12,16,3,91
21501139110,77,21,19,12,13,11,23,32,0,220
21501139201,10,7,10,9,9,12,5,29,3,99
21501139202,14,33,18,37,18,11,14,33,7,176
21501139203,25,14,19,19,20,13,11,20,5,135
21501139204,20,25,20,35,14,14,14,33,4,169
21501139205,34,16,24,34,8,15,17,16,3,182
21501139206,51,12,11,5,10,3,7,20,4,118
21501139207,13,16,15,24,11,0,12,47,4,142
21501139208,7,24,19,28,12,4,12,23,0,141
21501139209,16,19,17,31,23,12,15,21,6,152
21501139210,21,15,26,21,12,8,5,29,0,137
21501139211,45,33,28,17,24,8,14,20,3,191
21501139212,57,12,22,19,18,9,17,22,0,179
21501139213,11,10,15,24,10,7,9,27,0,110
21501139214,38,32,23,31,11,6,11,20,0,170
21501139215,14,5,8,18,9,14,10,28,0,92
21501139216,56,29,27,21,13,11,10,26,6,189
21501139217,22,16,26,26,15,15,11,28,0,173
21501139218,16,18,17,12,15,14,13,39,5,156
21501139219,16,10,22,23,12,20,10,30,0,141
21501139220,17,35,25,35,11,21,12,37,4,203
21501139221,7,9,12,17,5,17,5,26,3,96
21501139222,7,24,21,21,16,19,12,21,0,139
21501139223,25,21,16,25,18,15,16,29,3,167
21501139224,20,17,7,26,11,8,11,14,0,104
21501139225,5,11,6,7,8,4,4,5,0,44
21501139226,12,14,14,22,10,0,3,4,6,101
21501139301,40,6,7,8,6,10,0,23,0,105
21501139302,57,14,17,5,11,6,5,13,0,123
21501139303,59,17,14,15,10,4,10,18,6,142
21501139304,68,10,8,4,0,3,3,10,0,106
21501139305,115,22,13,11,10,0,3,19,0,202
21501139306,53,9,14,9,12,7,9,33,6,147
21501139307,58,11,6,7,8,0,0,18,0,115
21501139308,11,17,12,11,9,0,9,12,5,95
21501139309,15,10,10,8,3,3,9,19,0,73
21501139310,20,25,11,26,17,11,15,28,4,163
21501139401,18,23,21,26,20,13,12,22,6,152
21501139402,74,15,17,18,17,14,5,14,7,164
21501139403,53,0,6,18,10,8,5,17,4,116
21501139404,103,20,10,12,20,4,18,17,0,211
21501139405,26,21,28,28,20,10,16,18,0,173
21501139406,12,18,25,21,11,17,7,13,3,122
21501139407,19,24,32,28,23,21,9,24,5,189
21501139408,13,17,27,38,8,9,7,16,0,137
21501139409,20,21,12,23,5,13,15,21,3,127
21501139410,18,22,15,24,16,10,25,24,0,152
21501139411,22,25,8,10,14,10,14,17,4,143
21501139412,22,26,11,7,10,10,11,15,0,117
21501139413,55,17,9,0,7,3,7,4,0,100
21501139414,41,11,3,8,4,5,4,11,3,86
21501139415,43,4,7,7,10,8,6,17,0,115
21501139416,24,24,11,15,9,11,8,19,5,118
21501139417,6,5,3,7,0,4,0,7,0,28
21501139418,17,0,3,3,5,4,3,9,0,48
21501139419,62,14,15,13,10,4,11,13,0,145
21501139420,18,23,7,29,10,14,11,7,0,113
21501139421,7,13,11,11,7,3,13,15,5,85
21502139501,40,41,36,35,22,26,16,25,3,244
21502139502,43,45,45,22,27,24,21,26,3,249
21502139503,26,10,29,13,16,12,12,16,0,152
21502139505,20,12,29,19,4,23,10,24,4,154
21502139506,48,42,49,34,43,18,23,30,10,308
21502139507,43,51,30,21,26,26,12,19,6,228
21502139508,30,23,31,22,38,24,11,22,5,212
21502139509,25,25,19,12,17,10,9,15,0,134
21502139511,16,19,11,9,9,7,0,8,7,81
21502139512,48,63,41,21,36,27,5,20,0,264
21502139513,48,36,36,21,32,22,0,17,3,221
21502139514,16,26,15,23,17,20,12,15,0,145
21502139515,13,6,21,14,5,16,11,18,3,108
21502139516,31,24,26,19,16,16,9,8,12,162
21502139517,21,24,24,18,23,18,15,25,11,163
21502139518,0,0,0,0,0,0,0,0,0,4
21502139519,0,0,0,0,0,0,0,0,0,0
21502139520,6,10,18,10,11,6,7,10,0,85
21502139521,49,60,50,28,35,21,17,30,7,285
21502139522,49,49,47,18,26,29,21,23,5,262
21502139523,41,27,41,25,32,28,9,22,4,232
21502139524,18,29,25,14,16,11,3,11,0,129
21502139601,3,19,11,19,16,9,13,16,0,118
21502139602,13,12,10,5,15,5,9,10,0,78
21502139603,37,26,28,28,14,13,22,18,11,202
21502139604,26,27,14,11,13,11,14,13,5,132
21502139605,52,34,51,23,25,23,35,55,5,302
21502139606,37,56,45,28,23,30,10,18,4,254
21502139607,45,35,40,11,24,12,13,23,3,210
21502139608,14,10,8,19,8,17,7,24,4,111
21502139609,15,14,21,8,15,12,13,28,4,133
21502139610,0,0,14,6,3,9,4,18,6,59
21502139611,9,9,11,8,4,8,0,7,0,59
21502139612,14,12,22,13,14,14,15,19,5,127
21502139613,9,9,24,20,19,16,8,21,4,126
21502139614,11,21,21,32,31,17,17,27,4,181
21502139615,18,11,12,4,6,5,4,7,0,68
21502139801,34,9,8,11,11,3,3,8,0,84
21502139802,51,38,24,20,14,5,18,24,0,196
21502139803,49,8,14,7,9,9,15,41,9,173
21502139804,0,0,0,0,0,0,0,0,0,0
21502139805,0,0,0,0,0,0,0,0,0,3
21502139806,20,14,22,12,6,7,19,20,6,125
21502139807,33,4,10,4,12,0,9,62,0,142
21502139808,0,0,0,0,0,0,0,0,0,0
21502139809,35,8,0,7,3,0,10,6,0,61
21502139810,14,7,4,13,5,3,14,7,8,80
21502139811,93,17,9,18,8,9,15,23,0,195
21502139812,99,16,5,11,8,0,3,8,7,158
21502139813,50,9,10,8,6,3,16,20,9,123
21502139814,17,14,8,9,11,5,14,26,0,92
21502139815,36,31,36,32,34,32,17,30,6,256
21502139901,0,0,0,0,0,0,0,0,0,0
21502139902,21,26,17,17,12,11,11,25,0,142
21502139903,10,5,14,14,8,14,10,12,8,87
21502139904,7,3,19,9,10,8,12,16,0,84
21502139905,11,12,13,6,14,10,7,17,0,94
21502139906,8,0,5,9,3,14,12,18,0,69
21502139907,0,6,0,8,3,6,0,18,0,40
21502139908,29,16,38,16,16,20,18,25,7,186
21502139909,39,27,34,24,20,23,21,37,0,235
21502139910,43,21,35,15,23,16,12,40,7,212
21502139911,78,46,54,41,48,28,35,73,9,405
21502139912,32,14,21,15,16,14,17,30,14,184
21502139913,9,14,20,10,18,16,11,22,5,133
21502139914,22,25,39,26,23,41,21,31,0,223
21502139915,47,35,47,42,28,31,27,43,9,308
21502139916,4,17,14,17,9,9,21,24,6,123
21502139917,40,30,29,15,12,7,6,17,5,166
21502146901,57,42,26,15,35,21,11,12,4,208
21502146902,27,42,49,45,21,34,15,44,8,288
21502146903,18,42,24,17,16,14,5,20,0,167
21502146904,18,36,26,25,20,10,8,22,0,160
21502146905,31,34,11,29,20,14,8,24,10,176
21502146906,11,24,18,19,14,9,11,35,5,154
21502146907,22,39,18,13,15,13,11,7,3,153
21502146908,10,11,27,26,7,12,11,45,8,165
21502146909,13,15,7,15,4,9,3,7,3,77
21502146910,8,28,23,15,18,14,12,36,0,146
21502146911,21,29,28,36,10,16,21,54,8,221
21502146912,28,38,29,28,14,12,14,27,0,186
21502146913,21,21,8,14,15,8,3,12,0,103
21502146914,24,16,27,20,12,16,17,48,8,178
21502146915,11,18,34,21,20,17,14,54,6,198
21502146916,10,29,21,30,18,16,7,28,4,173
21502146917,17,43,21,17,10,14,14,29,6,188
21502146918,41,39,51,50,30,35,32,67,9,352
21502146919,19,20,13,21,13,3,0,15,4,119
21502146920,11,31,20,13,14,8,3,22,0,117
21502146921,5,22,15,15,8,7,0,8,3,94
21502146922,11,12,10,9,9,14,12,36,3,110
21502146923,61,88,47,54,48,45,14,27,5,382
21502146924,12,14,14,24,7,13,18,49,4,161
21502146925,13,26,11,14,11,16,4,6,0,103
21502146926,14,26,26,26,14,13,14,38,9,176
21502146927,27,31,22,32,27,20,9,23,8,201
21502146928,26,48,24,34,29,28,14,22,0,219
21502146929,9,0,4,6,0,0,4,17,4,57
21502146930,14,33,11,22,18,17,9,36,8,168
21502146931,3,13,13,20,19,14,15,39,7,135
21502146932,31,48,19,21,15,8,5,21,3,164
21502146933,33,42,21,30,31,25,17,14,10,219
21502146934,19,58,23,12,25,24,3,24,4,193
21502146935,14,13,26,30,16,24,21,73,3,231
21502146936,16,23,8,25,10,14,5,6,0,115
21502146937,19,44,22,36,21,23,10,15,8,195
21502146938,23,29,13,4,13,10,8,8,0,109
21502146939,12,42,18,26,31,25,12,18,0,187
21502146940,17,34,12,26,24,14,8,10,3,153
21502146941,21,25,17,22,16,15,7,12,0,135
21502146942,9,18,13,13,15,15,11,19,0,121
21502146943,0,4,17,11,8,12,7,30,6,89
21502146944,12,10,19,17,8,27,14,52,11,170
21502147001,23,54,14,21,32,20,11,19,0,185
21502147002,57,113,50,62,45,34,29,48,11,455
21502147003,33,39,12,22,18,23,12,32,4,193
21502147004,47,40,36,30,23,20,19,32,13,269
21502147005,41,52,31,34,36,31,16,33,8,267
21502147006,15,27,21,18,19,17,11,36,4,158
21502147007,43,39,52,27,37,23,19,57,7,296
21502147008,12,31,20,22,15,15,16,35,4,158
21502147009,15,34,26,16,17,25,23,48,0,214
21502147010,17,20,14,18,22,6,13,13,3,132
21502147011,56,99,69,60,59,53,12,52,8,468
21502147012,7,8,11,12,0,5,7,12,7,70
21502147013,43,69,53,67,39,40,42,67,16,435
21502147014,52,83,55,46,40,43,31,35,3,395
21502147015,10,10,22,24,13,16,12,33,3,141
21502147016,7,34,11,17,18,12,12,17,0,122
21502147017,9,8,15,15,12,15,14,39,6,134
21502147018,21,33,19,18,18,13,6,15,0,151
21502147019,53,102,72,58,56,48,23,49,12,472
21502147020,21,18,24,20,20,18,8,23,7,159
21502147021,21,23,11,19,18,16,7,14,0,136
21502147022,20,32,25,22,13,12,8,17,0,150
21502147023,12,10,17,24,13,15,7,29,0,130
21502147024,15,32,14,13,11,11,9,10,0,122
21502147025,4,16,19,14,18,14,10,13,0,110
21502147026,11,37,25,41,25,23,10,33,5,205
21502147027,84,153,89,81,73,62,30,47,8,634
21502147028,27,30,35,21,24,24,4,20,0,195
21502147029,29,44,26,23,22,16,12,31,0,205
21502147030,8,18,7,19,8,8,11,32,8,114
21502147031,15,26,18,15,18,10,0,13,4,117
21502147032,42,46,45,33,34,36,26,54,8,322
21503140001,22,11,8,4,18,11,10,15,3,100
21503140002,9,14,13,11,0,9,10,23,0,91
21503140003,64,15,3,3,7,0,7,13,0,116
21503140004,31,23,13,9,12,10,5,8,0,116
21503140005,12,7,8,6,4,5,6,14,0,66
21503140006,31,20,16,12,19,7,8,16,0,131
21503140007,23,21,24,22,14,8,10,28,0,156
21503140008,20,13,12,7,16,5,9,16,0,99
21503140009,75,14,15,8,13,3,10,26,0,170
21503140010,42,6,12,5,3,7,4,3,0,89
21503140011,97,25,20,11,18,5,9,26,6,220
21503140012,19,16,11,13,5,16,14,22,0,116
21503140013,26,21,17,9,4,7,9,19,3,114
21503140014,12,15,13,3,11,13,11,12,0,95
21503140015,25,13,15,12,10,11,10,20,0,112
21503140016,85,18,9,7,20,8,9,11,7,173
21503140017,62,21,13,15,5,3,8,17,0,145
21503140018,50,35,21,17,13,13,16,15,5,192
21503140019,67,13,12,14,13,0,10,13,6,139
21503140020,10,18,25,23,9,11,15,21,0,128
21503140021,12,9,9,14,7,3,11,22,0,93
21503140101,13,0,4,8,4,3,4,16,0,53
21503140102,11,12,15,12,15,4,5,3,0,72
21503140103,10,6,10,10,8,3,10,21,0,90
21503140104,12,10,12,8,14,6,9,8,4,82
21503140105,5,6,16,6,12,11,14,22,8,97
21503140106,20,31,28,28,16,21,23,32,4,214
21503140107,20,12,18,15,18,9,16,15,0,127
21503140108,45,9,10,10,7,7,8,14,4,98
21503140109,45,4,0,7,3,5,4,6,0,78
21503140110,40,7,21,16,13,8,16,35,0,161
21503140111,19,10,21,13,12,4,10,9,0,95
21503140112,40,14,18,3,11,10,11,14,0,138
21503140113,49,10,18,10,16,9,18,20,8,156
21503140114,69,47,49,26,32,22,24,30,4,297
21503140115,39,10,20,8,4,7,7,7,7,95
21503140116,46,7,5,7,6,7,6,17,6,104
21503140117,71,18,12,9,6,6,3,18,6,155
21503140118,77,20,15,10,11,9,6,36,4,181
21503140119,47,3,9,6,3,8,4,15,0,106
21503140120,22,30,27,11,25,12,14,23,0,162
21503140121,5,15,16,9,13,11,13,7,0,90
21503140122,11,22,24,20,8,10,18,31,0,150
21503140123,44,17,11,7,13,8,7,17,0,126
21503140201,20,29,26,23,17,12,17,15,10,156
21503140202,11,20,14,14,12,4,5,11,3,97
21503140203,10,11,22,12,6,12,3,21,8,115
21503140204,19,30,30,22,20,20,16,34,3,194
21503140205,24,14,9,6,13,10,10,5,0,86
21503140206,12,12,24,14,7,7,8,15,3,92
21503140207,11,17,9,9,4,5,0,5,0,64
21503140208,17,23,20,16,14,10,6,18,0,122
21503140209,3,10,16,13,4,14,15,18,5,91
21503140210,18,7,13,10,4,0,4,9,0,68
21503140211,7,11,0,3,6,0,0,4,0,48
21503140212,18,26,33,36,21,17,19,25,3,196
21503140213,29,29,16,15,15,14,12,15,6,143
21503140301,18,13,10,5,7,0,13,79,11,157
21503140302,12,23,20,15,15,7,23,54,3,167
21503140303,0,0,0,0,0,0,0,0,0,0
21503140304,27,5,9,10,10,5,16,78,7,160
21503140305,60,4,20,19,27,8,18,59,15,232
21503140306,41,0,4,9,14,11,10,35,3,132
21503140307,23,4,9,0,12,0,13,27,0,87
21503140308,59,11,15,0,25,5,17,44,4,174
21503140309,10,0,4,3,5,7,12,41,6,102
21503140310,29,12,13,4,13,9,7,34,11,123
21503140311,20,5,15,10,9,9,28,85,13,199
21503140312,0,0,0,0,0,0,0,0,0,0
21503140401,36,39,23,23,19,19,7,40,5,211
21503140402,36,64,38,41,35,32,10,23,4,283
21503140403,15,28,23,7,18,10,5,20,3,125
21503140404,15,29,16,16,17,14,0,35,7,148
21503140405,36,48,31,23,37,32,14,21,10,246
21503140406,14,19,19,14,11,10,8,17,0,107
21503140407,28,24,15,26,10,7,6,31,4,161
21503140408,18,33,18,25,16,11,11,40,4,173
21503140409,13,14,14,20,18,12,7,20,4,114
21503140411,22,16,15,10,13,12,4,9,0,93
21503140412,19,13,17,10,6,0,0,5,0,76
21503140413,25,18,39,27,17,19,8,41,7,210
21503140414,31,37,30,27,25,38,7,31,6,228
21503140415,11,12,24,20,11,17,9,33,4,142
21503140416,16,18,35,25,17,19,18,47,3,201
21503140417,11,22,29,24,19,27,19,32,6,186
21503140418,19,35,20,21,19,17,11,17,3,151
21503140419,52,45,54,43,56,40,20,36,0,342
21503140420,96,143,59,75,53,35,21,39,10,530
21503140421,12,7,9,18,11,13,12,39,0,126
21503140422,20,15,19,18,21,25,18,49,5,184
21503140423,28,25,25,9,26,10,4,16,0,148
21503140424,17,41,19,29,11,5,6,21,0,158
21503140425,33,52,33,35,29,28,12,40,3,266
21503140426,17,19,40,29,27,23,5,43,0,199
21503140427,22,17,7,16,10,3,0,12,0,88
21503140428,58,64,46,47,46,29,10,38,0,342
21503140501,57,11,19,8,12,0,13,29,0,153
21503140502,11,8,11,3,7,4,12,14,0,72
21503140503,68,17,20,10,3,8,14,15,0,152
21503140504,41,11,7,14,20,9,11,33,3,154
21503140505,69,25,34,29,21,27,11,39,10,259
21503140506,32,23,11,13,14,10,4,11,0,109
21503140507,60,7,11,5,4,0,21,60,16,189
21503140508,46,4,16,6,7,3,5,52,0,133
21503140509,49,10,0,5,4,0,4,9,3,79
21503140510,31,8,13,0,5,14,8,3,0,85
21503140511,13,9,17,9,7,9,13,25,0,110
21503140512,12,9,18,19,15,9,16,27,5,128
21503140513,11,20,10,16,3,4,13,15,3,87
21503140514,24,21,28,13,13,9,5,26,0,142
21503140515,28,21,31,21,29,18,7,34,3,201
21503140516,13,5,13,11,5,7,15,17,3,95
21503140517,3,9,10,4,4,6,6,22,0,61
21503140518,27,24,23,25,18,18,15,30,0,171
21503140519,55,21,12,16,13,9,10,40,9,194
21503140520,23,19,28,16,18,5,15,31,6,163
21503140521,33,31,32,26,20,11,13,14,5,187
21503140522,14,8,9,9,6,0,10,11,0,64
21503140523,6,12,12,7,14,6,8,43,5,110
21601140601,18,24,31,34,11,25,8,18,5,173
21601140602,29,45,42,43,19,23,25,34,0,256
21601140603,7,15,18,20,11,19,4,16,3,120
21601140604,16,24,27,25,18,22,10,22,5,173
21601140605,11,3,19,25,0,14,10,12,4,99
21601140606,18,14,20,15,18,9,12,11,0,123
21601140607,27,52,56,49,18,31,7,31,3,267
21601140608,0,0,0,0,0,0,0,0,0,6
21601140609,22,8,12,12,11,16,5,21,3,119
21601140610,11,28,13,8,11,12,0,13,0,88
21601140611,17,31,9,22,9,4,0,16,4,110
21601140612,35,40,17,18,11,16,10,17,3,173
21601140613,21,42,18,13,6,17,7,13,0,129
21601140614,26,28,12,16,3,10,0,11,0,110
21601140615,16,13,11,16,14,17,13,12,0,122
21601140616,25,38,31,39,26,26,19,33,0,232
21601140617,30,41,34,34,31,21,10,34,0,242
21601140618,4,18,24,17,11,17,8,20,3,129
21601140619,5,5,26,17,13,14,6,36,3,125
21601140620,83,135,118,107,64,56,43,69,10,689
21601140621,9,15,26,20,4,30,18,28,0,149
21601140622,44,35,30,22,26,17,11,22,0,209
21601140623,17,36,33,26,23,10,16,31,3,192
21601140624,6,31,38,27,12,26,9,21,9,163
21601140625,24,13,30,24,8,19,12,25,0,151
21601140626,31,32,19,17,22,19,4,31,0,180
21601140627,36,47,45,39,45,20,21,31,5,296
21601140628,0,0,0,0,0,0,0,0,0,0
21601140629,31,38,53,54,30,34,34,45,4,316
21601140630,46,42,32,27,29,19,25,14,4,234
21601140631,27,25,51,17,16,12,16,16,0,183
21601140632,10,13,11,0,8,15,5,9,0,79
21601140633,15,20,24,21,10,14,3,13,3,118
21601140634,44,50,51,52,36,31,22,48,6,342
21601140635,32,44,42,43,46,36,16,39,4,304
21601140636,12,17,17,5,6,8,5,9,0,85
21601140637,19,12,22,12,12,14,6,12,4,120
21601140638,12,27,10,21,7,9,8,20,0,110
21601140639,27,32,33,22,18,12,10,27,0,187
21601140640,39,36,55,29,33,36,20,31,4,275
21601140701,9,18,29,8,15,8,9,19,0,123
21601140702,29,33,27,16,17,15,15,13,0,172
21601140703,26,65,42,33,29,19,20,48,6,294
21601140704,3,9,20,13,10,10,12,30,4,114
21601140705,15,16,14,22,12,10,9,18,5,116
21601140706,17,16,22,18,11,10,15,32,4,145
21601140707,12,18,23,19,10,20,20,31,5,163
21601140708,11,17,27,19,17,17,0,30,3,135
21601140709,8,29,29,23,16,16,13,32,4,175
21601140710,10,9,21,18,10,10,0,30,8,112
21601140711,93,40,53,33,22,21,21,60,8,345
21601140712,69,25,25,16,11,12,14,21,7,203
21601140713,35,28,27,16,16,11,16,30,4,187
21601140714,0,0,0,0,0,0,0,0,0,0
21601140715,30,25,30,20,17,20,14,18,3,181
21601140716,47,28,38,19,20,11,16,26,9,208
21601140717,64,28,23,11,14,9,9,20,3,181
21601140718,28,34,28,40,24,27,14,31,9,228
21601140719,26,47,27,28,30,19,18,44,0,234
21601140720,11,8,20,4,9,8,15,10,3,80
21601140721,11,23,34,35,23,24,23,46,6,227
21601140722,21,22,35,26,24,31,23,38,3,230
21601140723,36,23,27,21,28,14,17,19,0,180
21601140724,0,16,11,13,10,3,0,16,3,73
21601140725,17,42,34,31,24,23,17,44,0,227
21601140726,35,7,24,10,14,11,8,23,9,142
21601140727,17,24,30,26,26,15,14,21,0,169
21601140728,35,8,14,0,5,6,4,13,4,94
21601140729,31,6,9,9,5,3,8,23,3,94
21601140730,16,21,21,15,17,10,5,22,0,138
21601140801,7,9,19,27,14,16,16,28,9,135
21601140802,39,17,7,11,4,11,4,3,0,91
21601140803,93,14,28,20,16,25,15,28,0,236
21601140804,29,14,18,7,8,9,8,15,0,107
21601140805,45,12,20,7,12,8,8,28,7,149
21601140806,18,9,17,9,11,8,9,25,0,117
21601140807,50,26,40,38,21,20,19,35,4,248
21601140808,65,32,33,24,16,19,20,22,4,236
21601140809,14,11,20,15,8,12,4,16,0,99
21601140810,34,21,24,16,17,16,4,15,6,146
21601140811,23,13,12,9,11,8,12,18,5,126
21601140812,50,23,16,10,9,4,9,27,3,149
21601140813,40,11,11,6,13,0,11,9,0,96
21601140901,16,19,21,25,8,13,14,24,3,147
21601140902,37,20,15,6,13,11,11,22,8,142
21601140903,20,21,23,22,9,16,17,27,6,155
21601140904,20,22,21,31,19,8,15,28,0,169
21601140905,19,22,28,22,19,17,20,30,0,166
21601140906,5,9,18,14,3,9,18,18,4,99
21601140907,72,24,32,19,16,18,12,17,3,218
21601140908,14,18,25,20,14,12,11,20,5,140
21601140909,27,34,17,25,17,11,21,22,7,174
21601140910,86,28,33,22,18,16,8,36,3,260
21601140911,0,0,0,0,0,0,0,0,0,0
21601141001,76,20,16,15,21,13,12,27,3,203
21601141002,23,21,20,15,15,9,18,23,3,141
21601141003,57,32,21,16,13,5,10,17,6,185
21601141004,57,15,5,18,11,4,10,19,3,148
21601141005,63,24,12,0,11,8,10,22,0,142
21601141006,59,14,28,7,7,5,18,27,4,171
21601141007,5,10,9,13,15,11,11,21,3,101
21601141008,19,16,7,11,11,6,12,26,5,114
21601141009,13,9,12,12,8,8,8,21,4,87
21601141010,3,0,5,7,5,4,4,13,0,50
21601141011,11,7,12,8,9,6,9,17,0,70
21601141012,10,9,15,15,16,5,8,45,5,129
21601141013,10,8,7,3,7,0,3,9,0,54
21601141014,11,16,17,13,9,9,9,23,8,118
21602141101,23,27,19,20,13,13,4,20,0,137
21602141102,9,10,22,12,19,10,7,26,0,104
21602141103,13,18,20,15,16,14,16,30,0,140
21602141104,24,11,7,5,10,7,8,9,0,82
21602141105,61,17,23,8,13,15,22,50,6,207
21602141106,17,16,30,15,19,16,15,44,8,184
21602141107,14,15,23,30,12,13,14,47,0,168
21602141108,31,18,25,20,20,25,28,41,10,216
21602141109,40,21,35,23,19,14,18,67,3,240
21602141110,5,8,21,17,9,10,9,45,3,126
21602141111,3,3,9,13,3,9,0,13,0,61
21602141112,3,6,14,14,0,8,9,21,3,87
21602141113,12,15,19,27,20,10,4,56,0,171
21602141114,14,16,17,20,23,11,20,31,4,159
21602141115,75,33,32,38,40,26,22,40,9,298
21602141116,9,8,12,0,9,5,3,13,0,65
21602141117,23,24,16,12,10,5,6,18,0,116
21602141201,50,22,12,3,9,6,10,14,5,130
21602141202,7,4,18,25,4,15,27,19,0,124
21602141203,62,19,23,14,8,7,11,18,0,159
21602141204,43,21,18,16,15,14,10,8,4,148
21602141205,10,14,8,13,10,7,11,20,3,95
21602141206,32,24,21,16,11,15,14,30,3,168
21602141207,35,26,28,18,31,9,10,23,4,190
21602141208,40,7,5,13,8,14,3,22,0,116
21602141209,66,30,24,20,24,16,10,23,0,212
21602141301,37,18,24,20,9,13,12,31,0,178
21602141302,39,25,27,23,21,13,11,17,4,188
21602141303,18,14,10,13,10,9,7,12,0,87
21602141304,40,24,22,13,12,9,21,31,0,171
21602141305,19,4,10,5,5,4,5,9,0,56
21602141306,29,6,9,12,0,3,4,16,3,82
21602141307,68,18,28,15,16,14,14,47,0,220
21602141308,64,23,39,32,16,14,26,65,15,297
21602141309,64,13,15,9,13,0,14,23,5,154
21602141310,21,7,13,14,10,14,5,11,4,96
21602141311,28,16,4,8,8,8,10,15,5,92
21602141312,37,15,21,12,18,4,19,21,0,155
21602141313,79,15,8,14,7,10,10,22,4,162
21602141314,74,30,36,22,17,15,9,31,4,236
21602141315,5,4,9,6,3,0,7,16,0,55
21602141316,30,15,14,8,10,9,13,20,0,119
21602141317,14,14,20,16,8,10,11,18,7,111
21602141318,21,27,23,16,22,16,10,22,3,153
21602141319,15,21,30,27,20,8,8,24,3,147
21602141320,12,8,21,9,10,14,11,24,4,108
21602141321,15,23,24,22,21,10,10,24,0,148
21602141322,23,16,11,9,9,9,10,14,3,101
21602141323,12,30,30,22,25,8,18,33,4,178
21602141324,15,22,27,12,17,23,11,34,6,170
21602141325,17,12,19,6,11,11,11,20,3,100
21602141326,43,11,16,8,11,10,11,30,0,141
21602141327,53,16,22,18,18,15,16,27,6,186
21602141328,36,15,14,10,9,9,15,9,0,124
21602141329,46,38,33,20,26,9,11,25,8,209
21602141330,37,60,33,29,18,15,14,34,8,248
21602141331,13,20,19,34,9,14,16,31,4,155
21602141332,32,38,33,41,20,19,13,39,5,239
21602141333,12,17,25,19,25,14,11,25,9,160
21602141334,7,12,9,12,17,11,8,13,0,92
21602141335,21,10,35,33,18,29,27,72,3,255
21602141336,20,16,19,20,15,18,6,20,4,132
21602141337,0,0,0,0,0,0,0,0,0,0
21602141338,9,11,9,9,0,3,0,4,0,51
21602141401,13,32,8,19,15,13,5,24,6,122
21602141402,9,13,17,18,11,12,5,27,0,118
21602141403,7,8,18,14,13,8,3,21,0,87
21602141404,16,34,34,29,17,17,7,17,5,177
21602141405,6,17,14,19,10,11,12,20,0,109
21602141406,8,10,35,41,9,17,15,42,4,189
21602141407,38,22,32,26,23,10,3,12,9,172
21602141408,9,9,28,27,15,17,15,30,0,142
21602141409,21,35,33,25,14,17,6,21,0,177
21602141410,17,9,3,0,0,4,0,10,0,47
21602141411,45,56,58,42,48,37,14,41,4,342
21602141413,21,13,15,13,20,9,8,22,3,121
21602141415,12,13,16,19,16,12,5,15,3,111
21602141416,19,17,24,16,16,9,6,7,4,114
21602141417,18,10,41,33,19,22,15,30,3,191
21602141418,41,60,52,38,23,21,9,7,4,259
21602141419,47,41,56,30,40,28,21,47,0,306
21602141420,11,18,3,11,8,10,4,20,3,87
21602141421,70,105,92,61,56,55,21,53,8,522
21603141501,13,35,24,23,10,22,12,35,3,172
21603141502,20,19,14,21,6,8,18,24,4,138
21603141503,8,9,14,9,12,4,12,11,9,92
21603141504,9,11,20,13,5,13,13,25,0,102
21603141505,13,0,5,0,0,6,3,10,0,47
21603141506,21,34,18,33,10,17,13,31,0,191
21603141507,20,27,27,37,23,28,29,37,0,224
21603141508,11,11,20,30,26,18,19,32,5,163
21603141509,17,33,32,37,24,26,21,37,7,235
21603141510,4,12,13,18,10,16,11,13,5,102
21603141511,18,24,22,17,19,19,4,16,9,146
21603141512,29,37,29,20,39,23,9,43,5,234
21603141513,35,41,29,24,37,26,16,44,7,257
21603141514,16,19,22,19,7,19,14,32,3,135
21603141515,10,17,13,18,5,15,12,43,0,145
21603141516,10,6,25,17,8,14,24,42,0,152
21603141518,9,13,6,3,9,6,3,6,3,51
21603141520,7,16,16,24,8,12,11,17,0,103
21603141521,33,66,53,43,39,33,20,51,9,352
21603141522,0,0,0,0,0,0,0,0,0,0
21603141523,0,0,0,0,0,0,0,0,0,0
21603141524,0,0,5,4,0,5,9,13,3,49
21603141525,21,34,33,29,23,15,11,27,0,200
21603141601,46,55,42,11,43,23,11,22,5,253
21603141603,3,8,11,9,0,0,12,16,0,69
21603141604,26,37,28,17,35,14,7,42,0,201
21603141605,3,25,9,10,10,12,9,10,0,87
21603141606,24,60,18,19,15,13,8,12,3,167
21603141607,16,33,28,24,23,14,14,22,3,176
21603141608,23,33,20,36,11,27,17,39,4,216
21603141609,42,84,46,45,41,43,22,36,4,362
21603141610,26,53,30,34,27,24,15,24,3,236
21603141611,37,50,35,33,44,24,13,23,9,262
21603141612,24,9,15,11,20,5,10,13,0,122
21603141613,0,0,0,0,0,0,0,0,0,0
21603141614,12,45,26,20,15,7,10,18,0,152
21603141615,10,25,21,17,17,11,9,25,0,140
21603141616,11,27,28,31,20,12,16,34,7,189
21603141617,20,31,16,15,17,12,5,19,5,138
21603141618,24,44,24,16,13,18,11,35,5,187
21603141619,30,54,26,20,29,23,9,22,3,209
21603141620,47,59,19,20,28,14,5,12,8,206
21603141621,14,24,17,20,14,12,18,40,7,165
21603141622,144,338,105,99,144,73,24,65,6,1009
21603141623,38,75,36,38,32,18,14,38,9,299
21603141624,9,21,23,12,17,15,8,28,0,135
21603141625,5,17,17,18,10,20,7,25,3,122
21603141626,10,15,14,17,7,19,15,48,5,132
21603141627,0,9,25,23,9,6,13,25,0,108
21603141628,3,8,17,10,9,7,11,24,3,107
21603141629,0,0,4,7,3,3,3,5,0,30
21603141630,14,49,32,26,22,8,15,45,0,219
21603141631,23,47,16,16,13,10,6,23,0,149
21603141632,32,66,35,35,30,22,10,31,0,259
21603141633,17,17,16,4,14,7,9,19,0,106
21603141634,26,37,15,30,19,6,7,27,6,172
21603141635,33,75,40,41,38,29,7,31,6,296
21603141636,17,24,22,23,19,15,12,17,3,149
21603141637,38,28,21,29,30,27,10,17,3,216
21603141638,21,72,21,28,37,27,12,16,0,235
21603141639,42,87,29,37,31,28,11,40,5,309
21603141640,7,34,14,10,9,5,5,10,0,97
21603141641,10,45,32,23,29,19,3,23,0,191
21603141642,5,14,10,22,11,19,12,31,0,125
21603141643,3,0,13,13,9,10,11,11,0,65
21603141644,16,46,25,28,26,13,9,32,6,195
21603141645,131,246,105,110,92,105,43,90,15,940
21603141646,3,13,13,8,11,3,4,5,0,68
21603141801,10,21,21,14,22,14,15,10,5,128
21603141802,16,16,23,12,16,13,8,11,6,110
21603141803,53,50,39,26,31,11,19,21,3,249
21603141804,20,12,12,12,12,12,0,5,0,81
21603141805,39,51,43,25,33,22,16,26,3,259
21603141806,51,28,31,16,15,12,12,21,0,189
21603141807,19,24,16,9,14,9,10,9,4,112
21603141808,34,12,16,6,10,14,9,15,3,127
21603141809,62,38,29,20,17,22,25,35,0,243
21603141810,46,25,13,20,16,5,5,15,0,149
21603141811,46,18,23,9,12,7,8,11,0,141
21603141812,50,16,20,12,14,8,7,13,0,144
21603141813,45,27,20,11,15,10,12,21,0,160
21603141901,10,11,12,17,8,4,3,7,3,72
21603141902,7,17,11,8,11,4,6,12,3,75
21603141903,16,12,26,19,12,6,11,18,3,124
21603141904,18,24,24,23,19,13,9,30,3,159
21603141905,11,22,18,19,12,11,11,7,0,121
21603141906,15,12,25,21,14,16,19,41,4,166
21603141907,58,29,25,13,28,19,17,16,16,221
21603141908,58,12,19,17,18,7,9,30,0,168
21603141909,15,27,27,17,14,9,7,10,0,131
21603141910,84,17,33,31,27,4,30,33,0,259
21603141911,10,17,18,15,12,7,9,10,0,95
21603141912,22,26,37,15,17,14,12,24,7,171
21603141913,22,16,14,17,15,11,7,21,0,123
21603141914,53,49,46,26,18,12,11,27,3,256
21603141915,36,9,15,9,5,10,3,14,3,112
21603141916,54,17,20,13,12,8,3,18,3,150
21603141917,40,5,16,13,12,6,12,17,0,120
21603141918,49,12,17,14,15,12,10,23,4,153
21603141919,26,29,29,13,22,15,15,32,6,200
21603141920,15,28,31,17,20,23,16,33,7,189
21603141921,27,20,17,8,10,7,14,21,6,116
21603141922,17,26,17,14,9,8,8,22,0,122
21603141923,9,12,18,5,5,6,10,17,0,74
21603141924,37,16,27,19,17,14,13,18,4,165
21603141925,38,22,8,16,14,8,10,20,7,142
21603141926,45,30,26,12,26,17,18,49,9,223
21603141927,67,95,65,71,62,30,25,60,10,484
21603141928,14,8,4,13,10,8,7,9,0,71
21603141929,42,36,37,19,26,10,24,50,13,245
21603159301,41,51,33,21,41,30,7,23,3,253
21603159302,21,52,26,38,20,15,15,15,0,203
21603159303,25,27,31,24,27,11,10,14,3,173
21603159304,21,18,16,8,15,7,3,3,0,101
21603159305,21,16,35,18,29,11,0,7,0,137
21603159306,34,40,22,18,35,33,10,21,8,225
21603159307,17,11,7,17,19,17,4,16,0,106
21603159308,8,31,21,24,22,16,12,11,6,148
21603159309,15,24,21,14,17,3,0,10,0,116
21603159310,79,139,76,93,64,37,42,72,8,609
21603159311,29,38,47,23,39,36,16,17,7,251
21603159312,7,0,12,3,7,3,0,10,0,53
21603159313,21,36,16,19,25,18,12,19,3,150
21603159314,25,36,27,13,14,15,4,8,8,153
21603159315,37,36,33,18,29,13,8,15,4,195
21603159316,63,100,49,51,61,57,24,60,3,471
21603159317,41,37,27,19,31,30,3,15,3,208
21603159318,44,51,27,26,30,20,0,21,4,219
21603159319,54,67,55,37,54,15,8,27,4,328
21603159320,56,65,49,52,38,35,23,47,9,375
21603159401,7,9,14,16,5,14,8,39,0,108
21603159402,17,14,30,25,14,22,16,41,10,195
21603159403,22,24,35,30,13,20,15,49,4,205
21603159404,9,15,14,25,10,10,17,28,9,135
21603159405,15,21,19,7,8,13,10,25,7,125
21603159406,37,15,32,20,22,11,4,15,0,148
21603159407,46,17,18,13,28,20,5,20,9,168
21603159408,8,17,22,19,15,10,8,24,0,120
21603159409,3,3,0,0,9,3,3,4,3,31
21603159410,27,24,28,17,26,14,11,12,0,173
21603159411,21,8,13,21,17,16,14,41,7,159
21603159412,20,18,29,18,19,18,12,48,9,186
21603159413,34,28,23,18,25,21,15,24,8,193
21603159414,15,6,23,20,6,18,17,40,4,163
21603159415,0,0,0,0,0,0,0,0,0,3
21603159416,21,34,23,25,23,22,21,53,3,223
21603159417,23,11,11,3,13,17,10,24,0,114
21603159418,22,24,12,8,12,10,9,31,0,129
21603159419,9,14,11,19,11,12,15,48,0,136
21603159420,46,27,31,13,19,6,13,29,4,176
21603159421,15,19,23,23,22,18,16,24,3,158
21603159422,28,47,42,37,28,30,20,58,7,298
21603159423,9,13,22,14,9,7,10,37,3,130
21603159424,8,7,12,5,4,0,3,10,0,59
21603159425,24,27,16,31,22,10,13,41,6,186
21603159426,7,10,12,13,9,10,6,23,4,89
21603159427,0,8,0,0,0,0,0,0,0,12
21603159428,9,16,23,25,31,22,22,36,0,192
21603159429,25,28,23,26,18,28,16,29,0,186
21603159430,19,5,21,18,13,21,18,28,8,150
21603159431,4,8,7,17,7,16,17,30,8,110
21603159432,24,9,19,10,6,13,9,18,0,110
21603159433,18,20,8,19,6,14,8,56,7,160
21603159434,14,16,23,14,24,17,10,12,0,119
21603159435,30,34,42,54,27,33,32,33,7,283
21603159436,22,37,21,28,23,34,10,34,3,223
21603159437,14,19,32,28,20,29,12,42,0,186
21603159438,15,32,21,20,13,19,12,22,0,160
21603159439,21,23,27,29,11,21,20,49,5,207
21603159440,21,63,42,36,31,14,15,29,3,264
21701142001,18,9,13,14,7,13,21,22,0,111
21701142002,15,20,19,30,11,8,11,34,0,155
21701142003,72,9,9,9,4,0,4,18,3,123
21701142004,54,10,12,9,11,6,6,14,10,135
21701142005,37,55,32,25,19,6,20,13,0,212
21701142006,17,5,23,17,11,7,10,14,8,114
21701142007,34,29,52,29,25,26,28,27,3,255
21701142008,42,31,20,18,19,10,11,14,7,160
21701142009,8,0,7,9,10,4,11,15,3,60
21701142010,10,10,12,15,7,13,12,10,0,83
21701142011,11,18,11,21,9,11,12,17,4,116
21701142012,10,10,11,14,12,11,23,15,4,106
21701142013,9,12,23,20,23,11,25,26,9,160
21701142014,33,10,3,3,4,4,0,15,3,77
21701142015,81,12,18,14,8,7,17,27,4,174
21701142016,21,9,9,11,5,4,10,13,0,76
21701142017,52,21,12,7,13,5,16,15,0,143
21701142018,34,4,7,9,6,0,3,18,6,90
21701142019,7,14,7,6,3,7,5,7,0,56
21701142020,43,16,16,13,16,13,18,24,0,167
21701142021,51,9,5,7,7,3,0,14,0,104
21701142022,71,20,20,15,16,13,18,37,5,204
21701142023,30,10,16,9,11,6,18,17,9,117
21701142024,25,6,19,17,17,16,15,22,0,140
21701142025,38,18,10,6,4,7,9,13,7,115
21701142026,76,22,24,10,11,5,5,23,9,185
21701142027,19,10,16,5,6,12,12,13,3,106
21701142028,7,6,3,6,12,4,4,11,0,54
21701142029,20,15,29,14,18,9,16,32,0,162
21701142030,25,35,49,33,22,13,28,35,0,239
21701142031,3,10,10,13,9,9,6,13,0,69
21701142101,30,43,12,27,14,16,0,21,0,162
21701142102,17,38,9,16,14,16,0,5,0,118
21701142103,15,21,29,22,17,15,20,17,0,158
21701142104,21,19,33,35,24,15,13,14,7,187
21701142105,22,33,38,26,18,32,19,35,6,226
21701142106,9,17,23,9,14,8,0,7,0,89
21701142107,14,36,22,17,13,16,4,32,0,163
21701142108,12,25,24,28,17,20,15,22,3,170
21701142109,41,40,41,25,25,15,11,36,4,242
21701142110,48,46,28,11,23,22,17,20,0,211
21701142112,18,37,18,24,20,28,7,12,3,166
21701142113,11,21,23,7,15,8,0,10,3,103
21701142114,37,44,24,17,20,8,4,3,0,164
21701142115,24,21,17,18,18,26,9,29,3,155
21701142116,6,24,37,29,23,14,11,28,4,177
21701142117,24,25,43,26,23,20,25,28,4,220
21701142118,11,12,15,19,12,10,8,11,0,113
21701142119,28,41,34,34,16,20,8,39,3,223
21701142120,21,40,23,27,21,24,13,27,3,204
21701142121,11,30,10,17,6,12,5,13,0,106
21701142122,21,30,25,21,17,11,5,11,0,139
21701142123,23,23,37,13,20,20,8,19,0,168
21701142124,11,23,19,16,16,12,5,15,0,120
21701142125,13,19,35,24,14,11,11,25,0,156
21701142126,17,43,17,32,22,24,12,17,0,184
21701142127,14,31,36,34,23,26,6,17,0,177
21701142128,22,30,23,25,20,13,8,14,3,153
21701142129,37,38,32,20,29,13,11,30,0,212
21701142130,0,0,0,0,0,0,0,0,0,0
21701142201,0,0,0,0,0,0,0,0,0,0
21701142202,38,36,18,26,17,16,15,23,0,195
21701142203,17,18,9,21,12,9,13,15,7,121
21701142204,10,17,28,19,15,10,11,25,3,134
21701142205,22,26,7,17,7,5,13,16,3,120
21701142207,0,0,0,0,0,0,0,0,0,0
21701142208,11,10,19,17,12,17,14,25,0,130
21701142209,16,16,24,31,13,23,20,23,0,169
21701142210,14,18,22,27,13,17,23,29,6,177
21701142211,5,17,20,25,10,20,25,20,3,150
21701142212,23,49,30,18,21,15,16,23,8,205
21701142213,19,33,28,29,15,8,16,28,8,189
21701142214,8,31,32,40,21,17,30,30,4,215
21701142215,10,30,22,26,22,13,20,11,0,151
21701142216,0,0,0,0,0,0,0,0,0,0
21701142217,12,26,19,11,13,10,12,8,5,117
21701142218,22,46,34,54,21,32,32,28,3,268
21701142219,19,39,39,24,26,16,24,27,9,222
21701142221,16,19,30,23,23,9,27,21,0,175
21701142222,0,16,14,7,10,9,19,17,5,96
21701142223,7,18,28,17,7,8,22,24,0,134
21701142224,11,15,17,9,6,8,19,23,7,119
21701142225,17,21,25,26,12,17,19,30,0,167
21701142226,25,27,32,22,12,9,19,21,3,179
21701142227,25,49,38,35,34,16,22,29,11,251
21701142228,5,13,11,17,12,3,7,24,0,97
21701142229,9,18,25,9,7,7,20,9,5,108
21701142230,17,18,21,17,10,7,13,14,3,128
21701142231,13,22,18,24,11,12,19,17,3,135
21701142232,26,38,20,18,12,17,13,27,3,180
21701142233,7,28,21,18,12,19,29,26,0,162
21701142234,9,16,27,22,16,13,28,31,11,160
21701142235,13,19,16,16,13,9,16,25,4,137
21701142301,57,32,25,16,30,7,12,21,3,196
21701142302,9,7,11,14,6,4,12,10,0,76
21701142303,13,12,15,24,15,3,11,21,0,124
21701142304,32,19,20,10,12,11,9,13,0,123
21701142305,12,19,12,9,11,7,0,19,0,96
21701142306,33,14,19,21,20,22,14,26,0,155
21701142307,41,8,5,0,6,0,0,12,0,74
21701142308,82,11,7,5,11,5,3,26,0,158
21701142309,66,22,16,19,9,13,8,22,0,181
21701142310,87,29,16,6,16,11,6,27,9,206
21701142311,48,10,7,10,8,3,4,19,4,103
21701142312,70,15,9,11,3,3,0,12,3,120
21701142313,19,25,25,18,13,6,5,15,0,127
21701142314,76,18,7,5,6,0,6,22,4,140
21701142315,71,19,20,11,14,10,9,27,5,180
21701142316,79,50,26,18,25,17,3,33,5,253
21701142317,81,38,18,11,14,8,3,25,0,198
21701142318,4,8,9,8,6,5,9,16,0,66
21701142319,50,25,15,14,11,9,0,23,3,159
21701142320,62,8,7,3,3,5,4,16,4,114
21701142321,59,9,8,7,4,4,4,17,7,117
21701142322,67,16,7,5,10,7,3,10,6,126
21703147101,24,31,24,16,18,20,13,28,7,184
21703147102,16,16,11,9,15,8,5,6,0,92
21703147103,16,15,13,13,10,8,12,27,0,118
21703147104,28,31,23,16,15,15,10,22,10,161
21703147105,14,31,36,24,17,9,10,30,6,173
21703147106,21,33,37,21,20,16,14,32,8,191
21703147107,9,17,19,19,11,10,11,11,6,111
21703147108,7,27,20,23,13,16,21,21,3,157
21703147109,29,23,16,23,9,10,14,14,0,136
21703147110,8,5,10,8,5,4,3,13,0,61
21703147111,15,23,11,18,8,14,3,5,0,98
21703147201,46,62,70,48,59,51,38,60,4,435
21703147202,14,29,44,49,23,27,29,84,5,291
21703147203,20,27,40,36,25,26,33,43,5,247
21703147204,25,32,35,32,24,16,17,56,6,241
21703147205,12,6,4,5,5,15,3,14,0,78
21703147206,57,91,56,71,42,35,29,77,16,468
21703147207,23,15,32,27,13,20,23,32,0,179
21703147208,23,24,39,54,24,28,28,80,8,326
21703147209,14,19,21,38,16,14,12,34,0,154
21703147210,6,12,33,22,9,27,25,51,14,193
21703147211,36,55,53,41,39,41,30,60,4,357
21703147212,19,21,26,19,16,10,7,19,5,141
21703147213,19,27,32,36,23,18,14,76,5,243
21703147214,15,3,22,21,11,11,11,32,3,132
21703147215,10,11,24,16,23,15,11,48,3,173
21703147216,25,41,29,35,17,24,19,36,4,227
21703147217,19,25,38,34,22,27,20,68,6,254
21703147218,18,22,7,13,14,12,3,27,0,121
21703147219,19,14,26,19,5,13,12,52,0,159
21703147220,16,11,23,18,11,5,12,40,0,132
21703147221,10,9,11,15,5,14,10,46,0,124
21703147222,25,16,21,21,8,9,12,38,0,158
21703147223,24,32,30,26,26,19,23,46,3,224
21703147224,10,5,24,12,10,6,3,37,3,105
21703147225,20,21,23,12,12,11,9,23,0,131
21703147226,6,7,18,23,7,24,16,47,7,145
21703147227,10,15,5,17,13,12,7,25,0,107
21703147228,11,3,14,12,5,3,9,17,0,71
21703147229,13,7,7,4,10,6,11,32,0,94
21703147230,7,8,12,7,6,4,11,15,0,78
21703147231,8,9,16,22,10,5,6,41,4,123
21703147301,71,37,24,21,11,14,15,36,4,227
21703147302,47,19,15,7,15,8,13,14,6,146
21703147303,44,17,36,21,14,17,8,25,0,184
21703147304,22,23,17,14,16,12,12,11,0,139
21703147305,89,39,20,20,11,10,18,34,6,247
21703147306,53,68,55,32,33,23,21,27,3,308
21703147307,75,28,33,21,34,8,22,23,0,250
21703147308,23,8,9,7,7,12,11,17,0,90
21703147309,15,14,15,13,8,11,14,11,0,108
21703147310,89,24,19,15,21,10,9,29,6,220
21703147311,28,25,19,22,7,13,12,24,3,154
21703147312,34,22,37,18,16,14,17,38,4,200
21703147313,36,11,14,19,13,14,8,27,3,139
21703147314,7,12,16,13,9,5,13,21,0,103
21703147315,64,28,22,6,16,12,7,15,0,172
21703147316,38,15,10,15,10,9,12,16,8,131
21703147317,40,12,12,7,8,5,11,14,0,106
21703147401,15,11,19,13,10,14,13,18,3,118
21703147402,77,24,26,16,16,5,18,24,6,211
21703147403,72,9,14,12,13,5,6,20,6,157
21703147404,19,11,11,11,11,13,11,22,3,112
21703147405,70,11,0,8,14,0,8,18,0,138
21703147406,91,25,16,13,12,4,11,30,0,204
21703147407,67,19,14,16,18,13,12,31,0,187
21703147408,22,18,18,4,6,4,4,12,3,102
21703147409,14,20,27,31,24,13,20,26,6,199
21703147410,21,29,24,38,19,3,17,14,3,173
21703147411,15,15,25,22,11,14,23,17,4,141
21703147412,12,8,14,7,6,3,0,13,3,59
21703147413,14,18,19,29,14,9,22,30,4,149
21703147414,8,7,18,11,8,12,11,16,3,88
21703147415,12,19,17,24,17,11,19,23,0,140
21703147416,43,14,9,7,5,5,0,10,0,87
21703147417,65,15,10,3,9,0,10,13,0,126
21703147418,37,11,6,12,6,9,7,14,0,98
21703147501,13,9,9,13,0,11,14,18,0,84
21703147502,96,11,11,8,3,6,3,28,3,171
21703147503,83,25,18,17,11,8,12,42,4,228
21703147504,59,7,6,9,4,7,8,14,0,111
21703147505,59,12,21,8,10,7,10,31,0,170
21703147506,75,11,10,4,3,9,8,27,3,150
21703147507,14,21,13,14,8,15,21,30,4,138
21703147508,30,21,20,17,10,13,7,13,3,129
21703147509,3,5,15,8,9,6,3,11,4,59
21703147510,18,7,26,18,14,11,17,24,0,130
21703147511,43,15,8,0,4,0,7,10,0,90
21703147512,89,24,17,13,10,0,9,20,0,187
21703147513,10,14,24,14,11,13,12,23,0,128
21703147514,20,11,15,9,15,8,18,34,0,121
21703147515,11,16,19,18,5,6,15,21,4,118
21703147516,60,32,30,27,14,16,20,28,7,231
21703147517,102,11,13,9,11,13,7,28,3,192
21703147518,45,11,12,4,12,11,6,11,0,110
21703147519,7,3,11,17,13,12,13,36,0,103
21703147520,13,7,16,9,13,12,7,17,0,94
21703147521,42,12,5,6,10,6,8,12,3,101
21703147522,55,18,15,9,10,6,5,19,9,140
21703147523,74,16,26,18,10,9,18,24,8,199
21703147524,41,12,11,14,14,5,10,18,0,119
21703147525,53,15,7,10,12,3,3,15,0,131
21703147526,69,7,20,5,6,6,11,30,0,149
21703147601,54,20,37,32,24,28,8,43,3,253
21703147602,26,32,8,17,11,0,0,18,6,118
21703147603,27,21,13,9,16,10,0,22,0,125
21703147604,75,31,29,26,11,9,14,32,3,237
21703147605,29,22,42,31,17,22,18,44,9,229
21703147606,31,27,11,3,5,10,0,17,0,105
21703147607,58,57,37,18,26,16,4,22,8,241
21703147608,42,21,18,6,16,9,0,24,0,136
21703147609,30,31,25,17,22,16,5,23,3,167
21703147610,41,39,24,20,9,8,9,25,9,182
21704147701,13,3,19,15,9,4,16,19,0,95
21704147702,49,19,5,8,4,6,9,16,0,115
21704147703,15,12,23,17,10,16,17,42,6,151
21704147704,52,12,15,11,8,3,7,14,0,115
21704147705,12,21,21,7,8,10,4,17,4,103
21704147706,72,13,11,0,5,0,7,31,5,143
21704147707,67,33,37,39,21,41,22,35,3,294
21704147708,22,14,16,17,9,15,11,24,5,131
21704147709,13,18,24,27,19,16,10,24,0,151
21704147710,65,15,10,10,5,8,4,23,3,142
21704147711,74,15,10,3,11,8,3,19,0,145
21704147712,43,9,7,3,0,0,5,20,0,98
21704147713,75,42,26,19,21,20,7,18,5,232
21704147714,33,13,11,12,5,4,14,28,0,126
21704147715,68,26,13,13,13,6,7,24,0,162
21704147716,84,19,14,4,12,3,10,26,3,177
21704147717,73,17,5,17,11,13,3,27,0,167
21704147718,69,45,49,31,22,10,6,38,5,271
21704147719,41,9,0,6,0,0,0,10,6,70
21704147720,49,9,19,16,11,8,8,21,0,131
21704147721,38,28,48,33,20,11,16,34,6,247
21704147722,48,19,17,10,0,11,10,26,3,148
21704147723,22,21,16,19,9,10,12,27,0,136
21704147724,3,4,0,4,5,0,0,0,0,18
21704147801,7,15,20,26,10,12,4,17,4,111
21704147802,54,39,76,41,49,26,35,40,4,363
21704147803,28,47,32,22,15,6,9,18,3,192
21704147804,32,64,67,60,25,46,26,40,6,366
21704147805,53,14,12,14,8,10,10,36,0,155
21704147806,37,45,22,20,18,19,6,17,9,197
21704147807,83,27,26,15,16,11,21,49,0,241
21704147808,0,0,0,0,0,0,0,0,0,0
21704147809,73,28,25,10,20,5,7,25,3,205
21704147810,62,3,10,10,3,7,0,17,0,107
21704147811,60,10,7,8,4,5,5,13,0,113
21704147812,40,61,19,26,14,23,8,13,3,201
21704147813,39,32,26,15,20,20,12,24,9,201
21704147814,33,24,8,11,9,8,3,8,5,103
21704147815,19,49,16,20,18,16,8,10,4,148
21704147816,27,44,17,26,9,13,0,13,7,156
21704147817,38,71,48,36,36,15,10,23,0,266
21704147818,50,0,9,0,4,0,9,8,0,88
21704147819,37,49,27,23,19,22,10,27,4,209
21704147820,41,25,29,14,16,14,6,19,0,167
21704147821,28,41,33,25,17,11,3,17,0,178
21704147822,14,26,21,14,26,10,19,26,8,174
21704147823,47,35,23,20,9,11,6,18,4,175
21704147824,14,19,18,27,12,13,8,20,0,129
21704147825,57,38,13,21,12,4,3,19,7,174
21704147826,7,11,9,7,5,8,3,8,0,67
21704147827,32,15,14,18,22,9,17,10,3,137
21704147828,34,41,21,15,14,17,0,21,5,166
21704147901,27,44,35,19,31,23,7,21,5,218
21704147902,0,0,0,0,0,0,0,0,0,0
21704147903,28,39,61,32,41,45,30,47,5,320
21704147904,26,65,72,43,51,46,19,52,9,383
21704147905,43,50,39,16,23,15,19,17,3,221
21704147907,14,13,31,25,17,24,18,41,3,194
21704147908,15,36,38,41,23,21,7,49,0,241
21704147909,13,22,16,21,11,24,4,14,3,131
21704147910,12,22,27,23,17,18,20,34,7,169
21704147911,6,16,19,12,3,6,9,36,13,121
21704147912,23,35,18,22,19,20,8,16,0,167
21704147913,29,19,34,40,18,22,21,31,9,211
21704147914,18,60,38,45,21,24,11,28,8,254
21704147915,7,32,23,9,27,9,10,12,5,132
21704147916,15,31,27,17,23,31,17,13,3,181
21704147917,12,27,24,18,7,25,13,10,0,138
21704147918,17,39,23,26,23,16,12,29,0,205
21704147919,25,61,18,22,13,23,9,20,10,196
21704147920,25,63,28,42,41,16,16,46,4,290
21704147921,22,25,23,27,27,26,15,31,4,197
21704147922,34,35,35,32,20,22,13,24,0,210
21704147923,22,57,25,24,14,12,11,23,0,182
21704147924,16,28,23,17,15,16,9,15,3,140
21704147925,14,19,23,26,17,21,7,40,5,171
21704147926,27,49,32,21,27,26,5,11,0,211
21704147927,7,20,19,20,5,22,12,36,7,150
21704147928,0,5,10,13,0,18,11,24,5,79
21704147929,41,77,23,43,35,26,3,31,7,290
21704147930,11,33,16,25,13,17,13,36,5,176
21704147931,29,47,41,33,32,46,18,20,6,258
21704147932,27,49,30,30,22,21,11,19,0,211
21704147933,29,29,36,31,19,28,15,29,7,222
21704147934,15,20,31,27,20,22,17,52,10,203
21704147935,31,29,25,27,20,36,13,23,4,213
21704147936,14,24,25,20,17,21,14,25,0,160
21704147937,16,41,29,30,29,26,17,31,0,224
21704147938,13,23,22,34,23,21,7,17,0,162
21704147939,7,35,19,18,20,11,3,18,0,130
21704147941,16,22,15,24,20,11,3,17,0,135
21704147942,24,45,30,42,41,28,20,32,5,275
21704147944,22,41,25,33,23,23,16,24,5,227
21704147945,17,37,17,18,28,11,6,16,0,154
21704147946,21,51,28,30,21,26,13,31,7,231
21704147947,11,18,16,22,15,23,7,18,0,122
21704147948,11,33,19,19,15,11,0,18,7,133
21704147949,18,35,34,25,30,26,18,45,0,234
21704147950,29,58,23,33,24,19,0,13,4,217
21704147951,6,14,12,18,11,16,10,29,4,124
21704147952,30,36,5,13,9,0,3,8,3,109
21704147953,12,23,23,25,18,18,11,29,3,176
21704147954,0,0,0,0,0,0,0,0,0,0
21704147955,12,6,14,6,8,4,0,7,3,57
21704147956,70,100,71,65,65,46,19,39,6,483
21704147957,28,62,33,30,36,33,9,29,5,268
21704147958,25,69,35,35,25,34,15,35,7,277
21704147959,25,19,35,16,25,11,3,10,0,154
21704147960,31,68,47,38,36,31,9,27,7,298
21704148001,5,20,28,23,15,22,22,33,5,162
21704148002,26,48,26,24,10,18,5,30,0,200
21704148003,56,91,39,32,29,30,6,10,0,283
21704148004,24,31,14,26,19,16,0,21,3,140
21704148005,25,23,22,14,21,11,4,19,11,148
21704148006,20,46,23,25,15,14,11,30,5,195
21704148007,13,26,29,27,16,21,17,51,0,193
21704148008,12,54,21,20,15,10,3,15,8,153
21704148009,10,25,13,14,8,21,11,25,4,136
21704148010,18,53,35,25,18,8,9,19,3,186
21704148011,14,30,15,28,13,6,11,45,11,175
21704148012,31,51,39,29,18,16,6,44,4,247
21704148013,0,0,0,0,0,0,0,0,0,0
21704148014,0,4,0,0,6,0,0,0,0,9
21704148015,12,18,21,23,26,27,11,49,3,188
21704148016,21,63,21,41,30,19,12,29,3,242
21704148017,13,42,18,20,21,14,8,20,8,175
21704148018,36,50,54,39,23,28,23,56,0,314
21704148019,27,39,46,39,25,10,16,37,5,239
21704148020,23,44,22,38,18,16,10,29,0,205
21704148021,19,64,23,29,18,21,7,35,4,233
21704148022,16,33,25,24,21,23,9,29,0,186
21704148023,12,13,30,24,12,13,14,44,5,158
21704148024,37,78,26,22,30,14,10,31,0,241
21704148025,26,66,28,34,17,12,7,21,4,218
21704148026,18,65,24,32,16,26,11,22,0,217
21704148027,42,38,27,21,30,20,18,23,8,218
21704148028,26,28,40,25,28,28,15,34,7,227
21704148029,21,41,21,25,26,18,7,19,0,184
21704148030,20,28,25,14,14,14,4,12,0,122
21704148031,51,20,12,13,15,3,7,11,3,142
21704148032,11,10,9,15,7,9,8,32,7,111
21704148033,42,50,36,30,27,33,11,17,9,246
21704148034,14,32,18,21,14,11,3,20,0,133
21704148035,21,68,44,25,23,22,12,28,0,244
29797979991,0,0,0,0,0,0,0,0,0,0
29797979992,0,0,0,0,0,0,0,0,0,0
29797979993,0,0,0,0,0,0,0,4,0,12
29999949999,174,334,250,227,143,129,177,308,49,1797
