POW_SA2_CODE_2021,M1_Train_Mng,M1_Train_Pro,M1_Train_TecTW,M1_Train_CoPSW,M1_Train_ClAW,M1_Train_SWks,M1_Train_MaOpDv,M1_Train_Lab,M1_Train_IDNS,M1_Train_Tot,M1_Bus_Mng,M1_Bus_Pro,M1_Bus_TecTW,M1_Bus_CoPSW,M1_Bus_ClAW,M1_Bus_SWks,M1_Bus_MaOpDv,M1_Bus_Lab,M1_Bus_IDNS,M1_Bus_Tot,M1_Ferry_Mng,M1_Ferry_Pro,M1_Ferry_TecTW,M1_Ferry_CoPSW,M1_Ferry_ClAW,M1_Ferry_SWks,M1_Ferry_MaOpDv,M1_Ferry_Lab,M1_Ferry_IDNS,M1_Ferry_Tot,M1_Tram_or_LR_Mng,M1_Tram_or_LR_Pro,M1_Tram_or_LR_TecTW,M1_Tram_or_LR_CoPSW,M1_Tram_or_LR_ClAW,M1_Tram_or_LR_SWks,M1_Tram_or_LR_MaOpDv,M1_Tram_or_LR_Lab,M1_Tram_or_LR_IDNS,M1_Tram_or_LR_Tot,M1_Taxi_or_RSS_Mng,M1_Taxi_or_RSS_Pro,M1_Taxi_or_RSS_TecTW,M1_Taxi_or_RSS_CoPSW,M1_Taxi_or_RSS_ClAW,M1_Taxi_or_RSS_SWks,M1_Taxi_or_RSS_MaOpDv,M1_Taxi_or_RSS_Lab,M1_Taxi_or_RSS_IDNS,M1_Taxi_or_RSS_Tot,M1_CarAsDriv_Mng,M1_CarAsDriv_Pro,M1_CarAsDriv_TecTW,M1_CarAsDriv_CoPSW,M1_CarAsDriv_ClAW,M1_CarAsDriv_SWks,M1_CarAsDriv_MaOpDv,M1_CarAsDriv_Lab,M1_CarAsDriv_IDNS,M1_CarAsDriv_Tot,M1_CarAsPas_Mng,M1_CarAsPas_Pro,M1_CarAsPas_TecTW,M1_CarAsPas_CoPSW,M1_CarAsPas_ClAW,M1_CarAsPas_SWks,M1_CarAsPas_MaOpDv,M1_CarAsPas_Lab,M1_CarAsPas_IDNS,M1_CarAsPas_Tot,M1_Truck_Mng,M1_Truck_Pro,M1_Truck_TecTW,M1_Truck_CoPSW,M1_Truck_ClAW,M1_Truck_SWks,M1_Truck_MaOpDv,M1_Truck_Lab,M1_Truck_IDNS,M1_Truck_Tot,M1_MBikeScoot_Mng,M1_MBikeScoot_Pro,M1_MBikeScoot_TecTW,M1_MBikeScoot_CoPSW,M1_MBikeScoot_ClAW,M1_MBikeScoot_SWks,M1_MBikeScoot_MaOpDv,M1_MBikeScoot_Lab,M1_MBikeScoot_IDNS,M1_MBikeScoot_Tot,M1_Bicycle_Mng,M1_Bicycle_Pro,M1_Bicycle_TecTW,M1_Bicycle_CoPSW,M1_Bicycle_ClAW,M1_Bicycle_SWks,M1_Bicycle_MaOpDv,M1_Bicycle_Lab,M1_Bicycle_IDNS,M1_Bicycle_Tot,M1_Oth_Mng,M1_Oth_Pro,M1_Oth_TecTW,M1_Oth_CoPSW,M1_Oth_ClAW,M1_Oth_SWks,M1_Oth_MaOpDv,M1_Oth_Lab,M1_Oth_IDNS,M1_Oth_Tot,M1_WlkOnly_Mng,M1_WlkOnly_Pro,M1_WlkOnly_TecTW,M1_WlkOnly_CoPSW,M1_WlkOnly_ClAW,M1_WlkOnly_SWks,M1_WlkOnly_MaOpDv,M1_WlkOnly_Lab,M1_WlkOnly_IDNS,M1_WlkOnly_Tot,M1_Tot_M1_Mng,M1_Tot_M1_Pro,M1_Tot_M1_TecTW,M1_Tot_M1_CoPSW,M1_Tot_M1_ClAW,M1_Tot_M1_SWks,M1_Tot_M1_MaOpDv,M1_Tot_M1_Lab,M1_Tot_M1_IDNS,M1_Tot_M1_Tot,M2_TrnBus_Mng,M2_TrnBus_Pro,M2_TrnBus_TecTW,M2_TrnBus_CoPSW,M2_TrnBus_ClAW,M2_TrnBus_SWks,M2_TrnBus_MaOpDv,M2_TrnBus_Lab,M2_TrnBus_IDNS,M2_TrnBus_Tot,M2_TrnFer_Mng,M2_TrnFer_Pro,M2_TrnFer_TecTW,M2_TrnFer_CoPSW,M2_TrnFer_ClAW,M2_TrnFer_SWks,M2_TrnFer_MaOpDv,M2_TrnFer_Lab,M2_TrnFer_IDNS,M2_TrnFer_Tot,M2_TrnTrm_or_LR_Mng,M2_TrnTrm_or_LR_Pro,M2_TrnTrm_or_LR_TecTW,M2_TrnTrm_or_LR_CoPSW,M2_TrnTrm_or_LR_ClAW,M2_TrnTrm_or_LR_SWks,M2_TrnTrm_or_LR_MaOpDv,M2_TrnTrm_or_LR_Lab,M2_TrnTrm_or_LR_IDNS,M2_TrnTrm_or_LR_Tot,M2_TrnCarAsDriv_Mng,M2_TrnCarAsDriv_Pro,M2_TrnCarAsDriv_TecTW,M2_TrnCarAsDriv_CoPSW,M2_TrnCarAsDriv_ClAW,M2_TrnCarAsDriv_SWks,M2_TrnCarAsDriv_MaOpDv,M2_TrnCarAsDriv_Lab,M2_TrnCarAsDriv_IDNS,M2_TrnCarAsDriv_Tot,M2_TrnCarAsPa_Mng,M2_TrnCarAsPa_Pro,M2_TrnCarAsPa_TecTW,M2_TrnCarAsPa_CoPSW,M2_TrnCarAsPa_ClAW,M2_TrnCarAsPa_SWks,M2_TrnCarAsPa_MaOpDv,M2_TrnCarAsPa_Lab,M2_TrnCarAsPa_IDNS,M2_TrnCarAsPa_Tot,M2_TrnOth_Mng,M2_TrnOth_Pro,M2_TrnOth_TecTW,M2_TrnOth_CoPSW,M2_TrnOth_ClAW,M2_TrnOth_SWks,M2_TrnOth_MaOpDv,M2_TrnOth_Lab,M2_TrnOth_IDNS,M2_TrnOth_Tot,M2_Trn_and_Tot_Mng,M2_Trn_and_Tot_Pro,M2_Trn_and_Tot_TecTW,M2_Trn_and_Tot_CoPSW,M2_Trn_and_Tot_ClAW,M2_Trn_and_Tot_SWks,M2_Trn_and_Tot_MaOpDv,M2_Trn_and_Tot_Lab,M2_Trn_and_Tot_IDNS,M2_Trn_and_Tot_Tot
201011001,0,0,5,0,0,0,0,0,0,4,0,0,0,7,0,4,0,6,0,19,0,0,0,0,0,0,0,0,0,0,0,0,0,0,0,0,0,0,0,0,0,0,0,4,0,0,0,14,0,18,330,411,609,408,252,248,178,294,26,2761,12,13,34,33,4,58,3,62,0,213,3,0,3,0,0,0,13,3,0,22,3,5,0,0,0,0,0,0,0,7,0,7,3,0,0,0,0,8,0,25,0,0,0,0,0,0,6,5,0,15,3,5,4,6,0,11,0,15,0,50,352,443,667,461,262,321,208,407,27,3149,0,0,0,0,0,0,0,0,0,0,0,0,0,0,0,0,0,0,0,0,0,0,0,0,0,0,0,0,0,0,0,0,0,0,0,0,0,0,0,0,0,0,0,0,0,0,0,0,0,0,0,0,0,0,0,0,0,0,0,0,0,0,0,0,0,0,0,0,0,0
201011002,0,7,3,3,3,3,0,0,0,26,5,12,7,12,14,29,6,19,0,118,0,0,0,0,0,0,0,0,0,0,0,0,0,0,0,0,0,0,0,0,3,10,3,10,5,19,0,9,3,57,1146,3964,1059,2095,1829,1218,223,639,112,12280,51,145,52,150,107,216,12,138,15,879,0,0,0,0,0,0,7,0,0,11,0,11,9,6,3,0,0,6,3,34,8,58,21,18,12,8,4,16,0,142,4,14,6,4,3,8,0,0,0,37,51,311,46,84,77,59,5,35,5,670,1275,4524,1199,2388,2049,1555,260,870,143,14255,0,4,0,0,0,0,0,0,0,5,0,0,0,0,0,0,0,0,0,0,0,0,0,0,0,0,0,0,0,0,0,3,0,0,5,0,0,0,0,8,0,0,0,0,0,0,0,0,0,0,0,0,0,0,0,0,0,0,0,5,0,8,0,6,5,4,0,0,0,19
201011005,0,0,0,0,0,0,0,0,0,0,0,3,0,6,3,8,0,0,0,23,0,0,0,0,0,0,0,0,0,0,0,0,0,0,0,0,0,0,0,0,0,0,0,0,0,0,0,0,0,3,117,265,167,239,341,39,26,60,17,1267,0,8,9,9,6,11,0,10,0,55,0,0,4,0,0,0,0,3,0,9,0,0,0,0,0,0,0,0,0,0,0,0,0,0,0,0,0,0,0,7,0,0,0,0,4,0,0,0,0,3,4,7,9,5,4,0,0,4,0,35,129,285,190,260,358,57,28,78,21,1400,0,0,0,0,0,0,0,0,0,6,0,0,0,0,0,0,0,0,0,0,0,0,0,0,0,0,0,0,0,0,0,0,0,0,0,0,0,0,0,0,0,0,0,0,0,0,0,0,0,0,0,0,0,0,0,0,0,0,0,0,0,5,0,0,0,0,0,0,0,5
201011006,0,0,0,0,0,0,0,3,0,4,0,0,0,4,0,4,0,7,3,15,0,0,4,0,0,0,0,0,0,4,0,0,0,0,0,0,0,0,0,0,0,0,3,4,0,0,0,0,0,13,393,260,796,398,286,376,492,401,39,3448,16,8,63,40,12,90,8,61,0,307,0,0,11,0,0,4,21,10,0,44,0,0,0,3,0,0,5,0,0,5,0,0,3,0,0,0,3,0,4,14,4,0,0,0,0,0,3,0,3,15,8,6,10,10,0,3,11,6,0,46,424,276,887,460,297,482,541,497,48,3915,0,0,0,0,0,0,0,0,0,0,0,0,0,0,0,0,0,0,0,0,0,0,0,0,0,0,0,0,0,0,0,0,0,0,0,0,0,0,0,0,0,0,0,0,0,0,0,0,0,0,0,0,0,0,0,0,0,0,0,0,0,0,0,0,0,0,0,0,0,0
201011007,0,0,0,0,0,0,0,0,0,0,0,0,0,0,0,0,0,0,0,0,0,0,0,0,0,0,0,0,0,0,0,0,0,0,0,0,0,0,0,0,0,0,0,0,0,0,0,0,0,0,37,38,92,29,22,6,26,41,4,301,0,0,4,0,0,0,0,5,0,18,4,0,4,0,0,0,12,0,0,19,0,0,0,0,0,0,0,0,0,0,0,0,0,0,0,0,0,0,0,0,0,0,0,0,0,0,0,0,0,3,5,0,6,0,3,0,3,0,0,13,50,42,104,29,24,5,39,51,4,358,0,0,0,0,0,0,0,0,0,0,0,0,0,0,0,0,0,0,0,0,0,0,0,0,0,0,0,0,0,0,0,0,0,0,0,0,0,0,0,0,0,0,0,0,0,0,0,0,0,0,0,0,0,0,0,0,0,0,0,0,0,0,0,0,0,0,0,0,0,0
201011008,0,0,0,0,0,0,0,0,0,6,3,0,0,10,0,6,3,4,0,22,0,0,0,0,0,0,0,0,0,7,0,0,0,0,0,0,0,0,0,0,0,0,0,0,3,3,4,9,0,25,982,804,1652,493,851,613,897,1273,106,7669,20,18,90,45,29,106,37,156,8,506,5,0,5,0,0,0,37,9,0,63,0,0,9,3,0,0,7,3,0,26,7,6,13,10,12,0,9,12,3,64,0,0,6,0,4,3,0,3,0,18,11,22,10,17,8,23,9,19,3,129,1030,851,1796,575,911,760,995,1488,125,8531,0,0,0,0,0,0,0,0,0,0,0,0,0,0,0,0,0,0,0,0,0,0,0,0,0,0,0,0,0,0,0,0,0,0,0,0,0,0,0,4,0,0,0,0,0,0,0,0,0,0,0,0,0,0,0,0,0,0,0,0,0,0,0,0,0,0,0,0,0,8
201011481,0,5,0,0,0,0,0,0,0,7,0,0,3,5,0,6,0,5,0,24,0,0,0,0,0,0,0,0,0,0,0,0,0,0,0,0,0,0,0,0,5,0,0,0,0,0,0,0,0,9,162,307,338,417,118,122,89,155,21,1735,3,6,20,17,11,38,3,23,0,123,0,0,0,0,0,3,7,0,0,17,0,0,0,0,0,0,0,0,0,0,0,0,0,0,0,0,0,3,0,8,0,0,0,4,0,0,0,0,0,7,23,8,16,9,5,0,4,12,0,75,190,328,391,455,132,167,107,208,26,2005,0,0,0,0,0,0,0,0,0,0,0,0,0,0,0,0,0,0,0,0,0,0,0,0,0,0,0,0,0,0,0,0,0,3,0,0,0,0,0,3,0,0,0,0,0,0,0,0,0,0,0,0,0,0,0,0,0,0,0,0,0,0,0,3,0,0,0,0,0,3
201011482,0,0,0,0,0,0,0,0,0,3,0,0,0,0,0,0,0,7,0,16,0,0,0,0,0,0,0,0,0,0,0,0,0,0,0,0,0,0,0,0,0,0,4,3,0,0,6,4,0,9,145,254,246,235,113,83,181,100,21,1376,3,0,14,18,7,24,0,19,3,94,0,0,0,0,0,0,6,9,0,19,0,0,0,0,0,0,0,0,0,3,0,4,7,3,0,0,8,0,0,17,0,0,0,0,0,0,0,0,0,8,8,13,5,18,0,3,0,7,0,52,162,273,276,273,121,115,197,147,22,1595,0,0,0,0,0,0,0,0,0,0,0,0,0,0,0,0,0,0,0,0,0,0,0,0,0,0,0,0,0,0,0,0,0,0,0,3,0,0,0,3,0,0,0,0,0,0,0,0,0,0,0,0,0,0,0,0,0,0,0,0,0,0,0,0,0,3,0,0,0,7
201011483,0,0,0,0,0,0,0,0,0,0,0,0,0,0,0,0,0,5,0,10,0,0,0,0,0,0,0,0,0,0,0,0,0,0,0,0,0,0,0,0,0,0,0,0,0,0,0,3,0,5,182,401,363,333,111,105,149,178,11,1833,3,11,22,25,6,16,7,34,0,125,0,0,0,0,0,0,0,0,0,11,0,0,0,5,0,0,0,0,0,0,0,3,0,0,0,0,0,0,0,10,0,3,0,0,0,3,0,0,0,8,4,7,10,21,6,8,3,8,0,62,190,426,409,384,127,127,162,225,16,2072,0,0,0,0,0,0,0,0,0,0,0,0,0,0,0,0,0,0,0,0,0,0,0,0,0,0,0,0,0,0,0,0,0,0,0,0,0,0,0,0,0,0,0,0,0,0,0,0,0,0,0,0,0,0,0,0,0,0,0,0,0,0,0,0,0,0,0,0,0,0
201011484,0,0,0,0,0,0,0,0,0,5,0,0,4,5,0,10,0,8,0,23,0,0,0,0,0,0,0,0,0,0,0,0,0,0,0,0,0,0,0,0,0,0,0,0,0,0,0,18,0,21,216,336,296,344,141,277,99,231,24,1972,10,9,34,32,0,98,8,70,7,263,0,0,5,0,0,0,9,0,0,14,0,0,4,0,0,3,0,4,0,6,0,0,3,3,0,3,0,3,0,15,0,0,0,0,0,3,0,0,0,7,13,7,3,15,3,17,0,20,0,80,232,361,342,394,143,408,114,359,29,2402,0,0,0,0,0,0,0,0,0,0,0,0,0,0,0,0,0,0,0,0,0,0,0,0,0,0,0,0,0,0,0,0,0,0,0,0,0,0,0,3,0,0,0,0,0,0,0,0,0,0,0,0,0,0,0,0,0,0,0,0,0,0,0,0,0,0,0,3,0,7
201021009,0,0,3,0,0,0,0,0,0,4,0,0,0,0,0,0,0,0,0,0,0,0,0,0,0,0,0,0,0,0,0,0,0,0,0,0,0,0,0,0,0,0,0,0,0,0,0,4,0,4,142,114,219,141,100,92,72,186,14,1077,6,6,21,13,0,28,0,37,0,116,0,0,3,0,0,0,16,6,0,31,0,0,0,0,0,0,0,0,0,0,0,0,0,3,0,0,0,0,0,9,3,0,0,0,0,0,0,0,0,5,22,12,10,3,9,7,0,8,0,70,179,131,256,160,105,126,91,248,13,1312,0,0,0,0,0,0,0,0,0,0,0,0,0,0,0,0,0,0,0,0,0,0,0,0,0,0,0,0,0,0,0,0,0,0,0,0,0,0,0,0,0,0,0,0,0,0,0,0,0,0,0,0,0,0,0,0,0,0,0,0,0,0,0,0,0,0,0,0,0,6
201021010,0,0,0,0,0,0,0,0,0,0,0,0,0,5,0,4,0,0,0,8,0,0,0,0,0,0,0,0,0,0,0,0,0,0,0,0,0,0,0,0,0,0,0,0,0,0,0,0,0,0,202,166,173,148,112,82,77,195,3,1156,5,7,5,14,0,16,0,21,0,67,0,0,6,0,0,0,16,3,0,18,0,0,0,0,0,0,0,0,0,0,0,3,0,0,0,0,0,0,0,3,9,0,0,0,0,0,0,0,0,8,48,9,7,11,6,4,0,18,0,110,266,187,192,172,115,105,95,242,11,1376,0,0,0,0,0,0,0,0,0,0,0,0,0,0,0,0,0,0,0,0,0,0,0,0,0,0,0,0,0,0,0,0,0,0,0,0,0,0,0,0,0,0,0,0,0,0,0,0,0,0,0,0,0,0,0,0,0,0,0,0,0,0,0,0,0,0,0,0,0,0
201021011,0,0,0,0,0,0,0,0,0,0,0,0,0,0,0,0,0,0,0,0,0,0,0,0,0,0,0,0,0,0,0,0,0,0,0,0,0,0,0,0,0,0,0,0,0,0,0,0,0,5,302,273,344,293,152,170,73,252,13,1878,10,0,25,28,10,20,3,36,0,142,3,0,6,0,0,0,5,3,0,22,0,0,0,0,3,0,0,0,0,3,0,3,0,4,0,0,0,3,0,13,7,5,4,0,5,0,0,0,0,20,74,16,20,18,4,11,8,25,0,179,404,307,409,342,179,208,90,320,22,2274,0,0,0,0,0,0,0,0,0,0,0,0,0,0,0,0,0,0,0,0,0,0,0,0,0,0,0,0,0,0,0,0,0,0,0,0,0,0,0,0,0,0,0,5,0,0,0,0,0,5,0,0,0,0,0,0,0,0,0,0,0,0,4,5,0,0,0,0,0,4
201021012,0,0,0,0,0,0,0,0,0,0,0,0,0,0,0,0,0,0,0,0,0,0,0,0,0,0,0,0,0,0,0,0,0,0,0,0,0,0,0,0,0,0,0,0,0,0,0,0,0,0,129,62,108,34,32,14,88,82,5,564,3,3,15,3,3,0,0,9,0,38,5,0,4,0,0,0,9,3,0,21,0,0,0,0,0,0,0,0,0,0,0,0,0,0,0,0,0,0,0,0,3,0,0,0,0,0,0,0,0,9,30,4,8,5,3,0,0,6,4,67,174,69,132,41,33,20,106,108,8,699,0,0,0,0,0,0,0,0,0,0,0,0,0,0,0,0,0,0,0,0,0,0,0,0,0,0,0,0,0,0,0,0,0,0,0,0,0,0,0,0,0,0,0,0,0,0,0,0,0,0,0,0,0,0,0,0,0,0,0,0,0,0,0,0,0,0,0,0,0,0
201031013,0,0,0,0,0,0,0,0,0,0,0,0,0,0,0,0,0,0,0,0,0,0,0,0,0,0,0,0,0,0,0,0,0,0,0,0,0,0,0,0,0,0,0,0,0,0,0,0,0,0,128,57,63,52,32,22,37,95,5,498,10,0,4,4,0,3,4,16,0,38,0,0,0,0,0,0,7,0,0,13,0,0,0,0,0,0,0,0,0,0,0,0,0,0,0,0,0,0,0,4,3,0,0,0,0,0,0,0,0,6,25,6,5,3,0,3,5,3,0,58,168,64,78,63,35,33,53,123,6,615,0,0,0,0,0,0,0,0,0,0,0,0,0,0,0,0,0,0,0,0,0,0,0,0,0,0,0,0,0,0,0,0,0,0,0,0,0,0,0,0,0,0,0,0,0,0,0,0,0,0,0,0,0,0,0,0,0,0,0,0,0,0,0,0,0,0,0,0,0,0
201031014,0,0,0,0,0,0,0,0,0,0,0,0,0,0,0,0,0,0,0,0,0,0,0,0,0,0,0,0,0,0,0,0,0,0,0,0,0,0,0,0,0,0,0,0,0,0,0,0,0,0,134,113,102,193,59,30,47,93,11,782,9,4,10,13,3,5,0,8,0,49,3,0,6,0,0,0,8,0,0,15,0,0,0,0,0,0,0,0,0,0,0,0,0,0,0,0,0,0,0,0,4,0,0,0,0,0,0,0,0,9,20,0,6,0,3,11,3,8,0,61,179,119,120,205,72,45,52,114,12,919,0,0,0,0,0,0,0,0,0,0,0,0,0,0,0,0,0,0,0,0,0,0,0,0,0,0,0,0,0,0,0,0,0,0,0,0,0,0,0,0,0,0,0,0,0,0,0,0,0,0,0,0,0,0,0,0,0,0,0,0,0,0,0,0,0,0,0,0,0,0
201031015,0,0,0,0,0,0,0,0,0,0,0,0,0,0,0,0,0,4,0,5,0,0,0,0,0,0,0,0,0,0,0,0,0,0,0,0,0,0,0,0,0,0,0,0,0,0,0,0,0,0,72,42,86,14,14,17,40,51,3,342,4,7,11,0,0,10,0,8,0,42,0,0,3,0,0,0,5,0,0,8,0,0,0,0,0,0,0,0,0,3,0,0,0,0,0,0,0,0,0,0,0,0,0,0,0,0,0,0,0,0,13,6,4,0,0,0,0,3,0,28,91,52,105,20,21,24,50,64,3,431,0,0,0,0,0,0,0,0,0,0,0,0,0,0,0,0,0,0,0,0,0,0,0,0,0,0,0,0,0,0,0,0,0,0,0,0,0,0,0,0,0,0,0,0,0,0,0,0,0,0,0,0,0,0,0,0,0,0,0,0,0,0,0,0,0,0,0,0,0,0
201031016,0,0,0,0,0,0,0,0,0,0,0,0,0,0,0,3,0,3,0,4,0,0,0,0,0,0,0,0,0,0,0,0,0,0,0,0,0,0,0,0,0,0,0,0,0,3,0,7,3,6,228,416,348,434,236,251,154,352,36,2456,0,18,28,29,10,54,4,59,6,215,5,0,0,0,0,4,7,0,0,14,0,0,3,0,0,0,0,4,0,4,0,0,9,4,3,0,4,4,0,21,4,0,0,0,0,0,0,4,0,7,11,32,29,26,11,31,9,20,5,156,254,463,417,490,263,342,177,449,50,2898,0,0,0,0,0,0,0,0,0,0,0,0,0,0,0,0,0,0,0,0,0,0,0,0,0,0,0,0,0,0,0,0,0,0,0,0,0,0,0,0,0,0,0,0,0,0,0,0,0,0,0,0,0,0,0,0,0,0,0,0,0,0,0,0,0,0,0,0,0,0
201031017,0,0,0,0,0,0,0,0,0,3,0,0,0,0,0,0,0,0,0,0,0,0,0,0,0,0,0,0,0,0,0,0,0,0,0,0,0,0,0,0,0,0,0,0,0,0,0,0,0,0,128,44,101,33,43,26,71,88,6,529,3,0,4,0,0,0,3,13,0,27,6,0,3,0,0,0,4,0,0,15,0,0,0,0,0,0,0,0,0,0,0,0,0,0,0,0,0,0,0,3,0,0,0,0,0,0,0,0,0,0,25,0,4,7,0,8,9,3,0,58,161,44,116,38,47,32,81,111,9,643,0,0,0,0,0,0,0,0,0,0,0,0,0,0,0,0,0,0,0,0,0,0,0,0,0,0,0,0,0,0,0,0,0,0,0,0,0,0,0,0,0,0,0,0,0,0,0,0,0,0,0,0,0,0,0,0,0,0,0,0,0,0,0,0,0,0,0,0,0,0
202011018,0,11,3,3,3,0,0,5,0,24,9,15,27,32,12,56,3,33,0,188,0,0,0,0,0,0,0,0,0,5,0,0,0,0,0,0,0,0,0,0,0,0,6,4,3,6,5,5,3,27,1261,3926,1528,2232,1810,1067,499,1107,151,13591,53,162,94,143,96,216,20,222,10,1021,7,0,10,0,0,0,11,12,0,38,7,15,22,7,4,3,6,8,0,72,20,77,23,19,20,10,0,16,0,193,10,10,5,12,4,3,7,0,10,50,67,247,46,86,72,56,13,58,5,657,1432,4467,1762,2554,2023,1414,560,1465,189,15869,0,3,0,0,0,0,0,0,0,4,0,0,0,0,0,0,0,0,0,0,0,0,0,0,0,0,0,0,0,0,0,7,0,0,0,0,0,0,0,8,0,0,0,0,0,0,0,0,0,3,0,0,0,0,0,0,0,0,0,5,3,11,0,0,0,0,0,0,0,17
202011019,0,0,0,0,0,0,0,0,0,0,0,0,0,0,0,0,0,3,0,6,0,0,0,0,0,0,0,0,0,0,0,0,0,0,0,0,0,0,0,0,0,0,0,0,0,0,0,0,0,3,175,227,258,271,136,123,139,169,21,1519,0,5,16,14,0,49,10,45,0,153,0,0,0,0,0,0,15,0,0,14,0,0,0,0,0,0,0,0,0,6,0,0,0,0,0,0,0,6,3,14,4,0,3,0,0,0,0,0,0,9,3,6,12,8,4,9,6,3,0,56,182,238,294,307,143,190,172,232,25,1782,0,0,0,0,0,0,0,0,0,0,0,0,0,0,0,0,0,0,0,0,0,0,0,0,0,0,0,0,0,0,0,0,0,0,0,0,0,0,0,0,0,0,0,0,0,0,0,0,0,0,0,0,0,0,0,0,0,0,0,0,0,0,0,0,0,0,0,0,0,4
202011020,0,0,0,0,4,0,0,0,0,4,0,4,3,7,0,3,0,14,0,27,0,0,0,0,0,0,0,0,3,5,0,0,0,0,0,0,0,0,0,0,0,0,3,0,5,3,0,3,0,13,542,705,1002,585,551,312,507,573,68,4837,8,18,58,37,19,70,26,106,7,345,3,0,6,0,0,0,12,0,0,26,0,0,0,4,0,0,9,4,0,17,5,11,3,0,0,0,0,8,0,33,9,5,0,0,0,4,0,0,0,18,6,20,15,13,6,24,0,19,0,110,570,759,1094,646,590,416,557,730,84,5436,0,0,0,0,0,0,0,0,0,0,0,0,0,0,0,0,0,0,0,0,0,0,0,0,0,0,0,0,0,0,0,0,0,0,0,0,0,0,0,0,0,0,0,0,0,0,0,0,0,0,0,0,0,0,0,0,0,0,0,0,0,0,0,0,0,0,0,0,0,0
202011021,0,0,0,0,0,0,0,0,0,0,0,0,0,0,0,0,0,0,0,3,0,0,0,0,0,0,0,0,0,0,0,0,0,0,0,0,0,0,0,0,0,0,0,4,0,0,0,0,0,5,100,309,202,199,111,46,48,82,17,1114,3,12,6,16,5,6,0,20,0,58,0,0,0,0,0,0,3,3,0,15,0,0,0,0,0,0,0,0,0,5,0,10,3,0,0,0,0,4,0,16,0,0,0,0,0,0,0,4,0,3,3,19,3,8,3,0,0,3,0,43,108,343,213,224,117,59,59,115,11,1255,0,0,0,4,0,0,0,0,0,4,0,0,0,0,0,0,0,0,0,0,0,0,0,0,0,0,0,0,0,0,0,0,0,0,0,0,0,0,0,0,0,0,0,0,0,0,0,0,0,0,0,4,0,0,0,0,0,0,0,3,0,4,0,6,0,0,0,0,0,5
202011022,0,3,5,0,0,0,0,3,0,10,3,0,7,5,0,27,3,16,0,64,0,0,0,0,0,0,0,0,0,4,0,0,0,0,0,0,0,0,0,0,0,3,0,6,0,0,3,6,0,8,553,609,890,696,492,666,505,536,60,5001,13,19,39,45,18,176,26,100,8,431,0,0,8,0,0,3,13,14,0,33,0,0,4,4,0,9,0,3,0,25,4,6,0,4,0,8,3,6,0,33,5,0,0,0,0,0,0,0,0,13,9,13,14,16,12,20,7,17,0,113,592,649,972,776,526,905,561,696,64,5732,0,0,0,0,0,0,0,0,0,0,0,0,0,0,0,0,0,0,0,0,0,0,0,0,0,0,0,0,0,0,0,0,0,0,0,0,0,0,0,0,0,0,0,0,0,0,0,0,0,0,0,0,0,0,0,0,0,0,0,0,0,0,0,0,0,0,0,0,0,3
202011023,0,0,0,0,0,0,0,0,0,0,0,0,0,0,0,0,0,0,0,0,0,0,0,0,0,0,0,0,0,0,0,0,0,0,0,0,0,0,0,0,0,0,0,0,0,0,0,0,0,0,51,171,101,64,30,25,29,41,8,522,0,4,8,3,0,9,0,5,0,34,0,0,0,0,0,0,8,4,0,10,0,0,0,0,0,0,0,0,0,0,0,0,0,0,0,0,0,0,0,0,0,0,0,0,0,0,0,0,0,4,4,0,7,0,4,0,0,4,0,15,60,178,115,71,30,32,34,62,4,593,0,0,0,0,0,0,0,0,0,0,0,0,0,0,0,0,0,0,0,0,0,0,0,0,0,0,0,0,0,0,0,0,0,0,0,0,0,0,0,0,0,0,0,0,0,0,0,0,0,0,0,0,0,0,0,0,0,0,0,0,0,0,0,0,0,0,0,0,0,0
202011024,0,0,0,0,0,0,0,0,0,0,0,0,0,0,0,0,0,3,0,12,0,0,0,0,0,0,0,0,0,0,0,0,0,0,0,0,0,0,0,0,0,0,0,0,0,0,0,0,0,0,92,252,150,144,80,55,25,80,6,880,4,5,6,13,0,16,5,15,0,56,0,0,7,0,0,0,10,3,0,21,0,0,0,0,0,0,0,0,0,6,0,0,3,0,0,0,0,0,0,6,0,0,0,0,0,0,0,0,0,5,6,5,9,10,0,3,7,0,0,32,98,264,172,162,85,78,41,106,6,1012,0,0,0,0,0,0,0,0,0,0,0,0,0,0,0,0,0,0,0,0,0,0,0,0,0,0,0,0,0,0,0,0,0,0,0,0,0,0,0,0,0,0,0,0,0,0,0,0,0,0,0,0,0,0,0,0,0,0,0,0,0,0,0,0,0,0,0,0,0,0
202011025,0,0,0,0,0,0,0,0,0,0,0,5,3,3,0,9,8,3,0,24,0,0,0,0,0,0,0,0,0,0,0,0,0,0,0,0,0,0,0,0,0,0,3,0,0,0,0,0,0,0,285,337,534,288,267,313,214,296,37,2569,6,6,25,11,9,44,8,48,0,168,6,0,15,0,0,0,7,3,0,34,0,0,3,0,0,0,0,4,0,16,6,6,0,3,0,0,0,3,0,19,0,0,6,0,0,0,0,0,0,8,3,16,9,10,5,6,3,12,0,63,309,367,591,314,288,382,243,372,36,2907,0,0,0,0,0,0,0,0,0,0,0,0,0,0,0,0,0,0,0,0,0,0,0,0,0,0,0,0,0,0,0,0,0,0,0,0,0,0,0,0,0,0,0,0,0,0,0,0,0,0,0,0,0,0,0,0,0,0,0,0,0,0,0,0,0,0,0,0,0,0
202021026,0,0,0,0,0,0,0,0,0,0,0,0,0,0,0,0,0,0,0,0,0,0,0,0,0,0,0,0,0,0,0,0,0,0,0,0,0,0,0,0,0,0,0,0,0,0,0,0,0,0,145,83,180,53,54,22,103,540,30,1205,3,4,3,0,0,4,4,87,4,110,0,0,0,0,0,0,16,0,0,21,0,0,0,0,0,0,0,0,0,4,0,0,0,0,0,0,0,0,0,0,4,0,0,0,0,0,0,0,0,9,22,7,7,0,0,3,3,6,0,50,178,89,198,51,63,30,126,634,30,1403,0,0,0,0,0,0,0,0,0,0,0,0,0,0,0,0,0,0,0,0,0,0,0,0,0,0,0,0,0,0,0,0,0,0,0,0,0,0,0,3,0,0,0,0,0,0,0,0,0,0,0,0,0,0,0,0,0,0,0,0,0,0,0,0,0,0,0,0,0,3
202021027,0,5,0,5,4,7,0,15,0,37,0,0,5,0,0,6,0,4,0,9,0,0,0,0,0,0,0,0,0,0,0,0,0,0,0,0,0,0,0,0,0,0,0,0,0,3,0,4,0,8,374,589,564,569,323,216,229,795,48,3702,13,7,30,25,5,55,4,97,5,261,3,0,9,0,0,0,16,0,0,26,0,0,0,3,0,0,0,3,0,9,10,29,12,20,6,4,3,14,6,90,0,3,3,3,0,0,0,0,0,13,22,47,21,22,9,37,10,26,7,194,424,679,641,644,351,324,257,965,62,4353,0,0,0,0,0,4,0,5,0,6,0,0,0,0,0,0,0,0,0,0,0,0,0,0,0,0,0,0,0,0,0,0,0,0,0,0,0,3,0,3,0,0,0,0,0,0,0,3,0,6,0,0,0,0,0,0,0,0,0,6,0,5,0,4,0,4,0,10,0,20
202021028,0,0,0,0,0,0,0,0,0,0,0,0,3,0,0,0,0,0,0,3,0,0,0,0,0,0,0,0,0,0,0,0,0,0,0,0,0,0,0,0,0,0,0,0,0,0,0,0,0,0,147,107,154,86,57,41,50,131,6,778,0,4,14,8,3,6,0,18,3,56,0,0,3,0,0,0,7,4,0,11,0,0,0,0,0,0,0,0,0,3,0,4,0,0,0,0,0,3,0,7,3,0,0,0,0,0,4,0,0,3,49,14,21,8,13,3,0,10,0,117,201,127,188,98,72,54,62,171,8,982,0,0,0,0,0,0,0,0,0,0,0,0,0,0,0,0,0,0,0,0,0,0,0,0,0,0,0,0,0,0,0,0,0,0,0,0,0,0,0,0,0,0,0,0,0,0,0,0,0,0,0,0,0,0,0,0,0,0,0,0,0,0,0,0,0,0,0,0,0,0
202021029,0,0,0,0,0,0,0,0,0,0,0,4,0,0,0,0,5,0,0,8,0,0,0,0,0,0,0,0,0,0,0,0,0,0,0,0,0,0,0,0,0,0,0,0,0,0,0,0,0,0,116,102,151,88,37,76,143,103,16,837,10,0,8,5,8,5,11,9,0,54,4,0,0,0,0,0,9,0,0,13,4,0,0,0,0,0,0,0,0,4,0,0,0,0,0,0,0,0,0,0,0,0,0,3,0,0,0,0,0,6,15,4,9,0,5,0,0,9,0,35,138,115,171,101,41,82,159,118,16,957,0,0,0,0,0,0,0,0,0,0,0,0,0,0,0,0,0,0,0,0,0,0,0,0,0,0,0,0,0,0,0,0,0,0,0,0,0,0,0,0,0,0,0,0,0,0,0,0,0,0,0,0,0,0,0,0,0,0,0,0,0,0,0,0,0,0,0,0,0,0
202021030,0,0,0,8,0,5,0,6,0,17,0,0,0,0,0,0,0,0,0,4,0,0,0,0,0,0,0,0,0,0,0,0,0,0,0,0,0,0,0,0,0,0,0,0,0,0,0,0,0,0,338,474,435,600,238,239,191,381,25,2928,13,16,31,23,9,52,5,89,3,238,0,0,9,0,0,0,18,0,0,36,0,0,0,0,0,0,0,0,0,0,0,6,0,0,5,0,0,6,0,18,4,5,0,0,3,0,7,0,4,21,40,30,16,35,16,28,10,19,0,192,396,531,496,676,265,323,240,498,36,3462,0,0,0,0,0,0,0,0,0,0,0,0,0,0,0,0,0,0,0,0,0,0,0,0,0,0,0,0,0,0,0,0,0,0,0,0,0,0,0,3,0,0,0,0,0,0,0,0,0,0,0,7,0,0,0,0,0,0,0,6,0,7,0,5,0,0,0,4,0,15
202021031,0,6,3,0,0,4,0,0,0,16,0,0,0,0,0,0,0,0,0,4,0,0,0,0,0,0,0,5,0,5,0,0,0,0,0,0,0,0,0,0,0,0,0,0,0,0,0,0,0,0,148,250,233,196,102,121,47,151,18,1271,8,0,11,23,0,26,0,25,3,105,0,0,9,0,0,0,3,4,0,16,0,0,0,0,0,0,0,0,0,0,0,5,0,0,6,0,0,0,0,14,0,0,0,0,4,0,0,0,0,8,15,13,12,7,5,9,0,10,3,72,179,271,265,235,108,166,61,196,27,1505,0,0,0,4,0,0,0,0,0,4,0,0,0,0,0,0,0,0,0,0,0,0,0,0,0,0,0,0,0,0,0,0,0,0,0,0,0,0,0,0,0,0,0,0,0,0,0,0,0,0,0,0,0,0,0,0,0,0,0,4,0,0,0,4,0,0,0,0,0,5
202031032,0,0,0,0,0,0,0,0,0,3,0,0,0,0,0,0,0,0,0,0,0,0,0,0,0,0,0,0,0,0,0,0,0,0,0,0,0,0,0,0,0,0,0,0,0,0,0,0,0,0,179,109,218,35,57,26,274,139,11,1041,13,0,8,0,0,9,11,14,0,54,6,0,3,0,0,0,25,0,0,32,0,0,0,0,0,0,0,0,0,0,0,0,0,0,0,0,0,0,0,4,10,0,3,0,0,0,0,0,0,10,24,7,12,6,3,0,0,4,0,68,224,121,254,41,64,40,306,159,8,1216,0,0,0,0,0,0,0,0,0,0,0,0,0,0,0,0,0,0,0,0,0,0,0,0,0,0,0,0,0,0,0,0,0,0,0,0,0,0,0,0,0,0,0,0,0,0,0,0,0,0,0,0,0,0,0,0,0,0,0,0,0,0,0,0,0,0,0,0,0,0
202031033,0,0,0,0,0,0,0,0,0,0,0,0,0,0,0,0,0,0,0,4,0,0,0,0,0,0,0,0,0,0,0,0,0,0,0,0,0,0,0,0,0,0,0,0,0,0,0,0,0,0,358,182,132,102,106,65,153,281,19,1408,16,13,3,7,0,11,13,32,6,100,7,0,0,0,0,0,12,5,0,30,7,0,0,0,0,0,0,0,0,9,0,4,0,3,0,0,0,5,0,9,28,0,0,0,0,0,0,0,0,33,116,19,17,20,12,25,6,29,0,237,532,218,151,130,118,103,198,352,20,1824,0,0,0,0,0,0,0,0,0,0,0,0,0,0,0,0,0,0,0,0,0,0,0,0,0,0,0,0,0,0,0,0,0,0,0,0,0,0,0,0,0,0,0,0,0,0,0,0,0,0,0,0,0,0,0,0,0,0,0,0,0,0,0,0,0,0,0,0,0,0
203011034,0,0,0,0,0,0,0,0,0,0,0,0,0,0,0,0,0,0,0,0,0,0,0,0,0,0,0,0,0,0,0,0,0,0,0,0,0,0,0,0,0,0,0,0,0,0,0,0,0,0,117,206,187,229,93,87,46,158,15,1144,10,4,15,11,0,15,6,17,3,75,3,0,11,0,0,0,11,7,0,27,0,0,0,0,0,0,0,0,0,0,0,0,0,0,0,0,0,0,0,3,0,0,0,0,0,0,0,0,0,0,10,0,6,0,0,9,4,5,0,47,148,215,221,241,97,112,62,192,20,1302,0,0,0,0,0,0,0,0,0,0,0,0,0,0,0,0,0,0,0,0,0,0,0,0,0,0,0,0,0,0,0,0,0,0,0,0,0,0,0,0,0,0,0,0,0,0,0,0,0,0,0,0,0,0,0,0,0,0,0,0,0,0,0,0,0,0,0,0,0,0
203011035,0,0,0,0,0,0,0,0,0,0,0,0,0,0,0,0,0,0,0,0,0,0,0,0,0,0,0,0,0,0,0,0,0,0,0,0,0,0,0,0,0,0,0,0,0,0,0,0,0,0,169,96,122,62,42,31,85,175,17,792,9,0,8,6,0,5,0,33,0,59,4,0,0,0,0,0,8,3,0,19,0,0,0,0,0,0,0,0,0,3,0,0,0,0,0,0,0,3,0,6,5,0,0,0,0,4,0,0,0,6,30,4,10,8,0,6,4,14,3,81,223,102,145,67,44,46,95,225,17,970,0,0,0,0,0,0,0,0,0,0,0,0,0,0,0,0,0,0,0,0,0,0,0,0,0,0,0,0,0,0,0,0,0,0,0,0,0,0,0,0,0,0,0,0,0,0,0,0,0,0,0,0,0,0,0,0,0,0,0,0,0,0,0,0,0,0,0,0,0,0
203011036,0,0,0,0,0,0,0,0,0,0,0,0,0,0,0,0,0,0,0,3,0,0,0,0,0,0,0,0,0,0,0,0,0,0,0,0,0,0,0,0,0,0,0,0,0,0,0,0,0,0,174,121,164,127,54,35,62,116,5,852,11,0,9,11,0,8,0,14,0,51,5,0,6,0,0,0,13,5,0,24,5,0,0,0,0,0,0,0,0,4,0,5,0,0,0,0,0,3,0,9,8,0,0,0,0,0,0,0,0,9,43,7,12,9,5,9,5,15,0,98,238,132,185,146,61,54,80,154,10,1053,0,0,0,0,0,0,0,0,0,0,0,0,0,0,0,0,0,0,0,0,0,0,0,0,0,0,0,0,0,0,0,0,0,0,0,0,0,0,0,0,0,0,0,0,0,0,0,0,0,0,0,0,0,0,0,0,0,0,0,0,0,0,0,0,0,0,0,0,0,0
203021037,0,0,3,5,0,0,0,0,0,3,0,6,7,19,0,17,0,18,0,71,0,0,0,0,0,0,0,0,0,0,0,0,0,0,0,0,0,0,0,0,0,0,6,0,0,0,0,3,0,12,304,787,480,725,302,406,106,263,39,3419,7,25,24,51,7,123,7,70,0,321,0,0,8,0,0,0,0,0,0,15,3,0,5,0,0,0,0,0,0,9,0,10,4,7,0,3,5,3,0,30,3,0,6,0,0,0,0,0,0,12,18,13,11,21,15,24,3,19,0,136,347,848,556,827,327,580,119,387,45,4032,0,0,0,0,0,0,0,0,0,5,0,0,0,0,0,0,0,0,0,0,0,0,0,0,0,0,0,0,0,0,0,0,0,0,0,0,0,0,0,0,0,0,0,0,0,0,0,0,0,0,0,0,0,0,0,0,0,0,0,0,0,3,0,0,0,0,0,0,0,5
203021039,6,42,13,24,25,11,0,18,0,149,16,48,49,78,55,80,14,98,5,444,0,3,0,0,0,0,0,5,0,7,0,0,0,0,0,0,0,0,0,0,0,14,9,14,6,0,4,17,0,66,2099,4965,2630,2344,2663,1415,1346,1681,294,19445,83,156,156,173,120,192,53,220,16,1164,4,0,22,0,8,4,19,6,0,64,15,30,28,15,5,4,8,12,5,109,20,120,31,34,21,15,20,28,9,302,15,26,9,3,20,3,7,8,11,91,82,350,62,89,76,65,17,63,6,806,2342,5754,2994,2776,2985,1792,1480,2155,348,22631,0,6,3,6,0,5,0,0,0,24,0,0,0,0,0,0,0,0,0,0,0,5,0,0,0,0,0,0,0,3,4,14,0,3,4,4,0,0,0,36,0,0,0,0,3,3,0,0,0,9,4,10,0,0,0,0,0,0,0,13,8,30,10,11,14,5,0,6,0,83
203021040,0,0,0,5,0,0,0,0,0,8,0,4,3,11,0,11,0,10,0,41,0,0,0,0,0,0,0,0,0,0,0,0,0,0,0,0,0,0,0,0,0,0,3,4,0,0,3,5,0,20,390,785,583,730,318,381,102,236,44,3572,12,11,32,48,8,77,5,47,0,243,4,0,9,0,0,0,4,0,0,11,0,0,3,0,0,0,0,0,0,6,6,11,7,0,0,0,0,11,0,41,0,0,5,0,0,3,0,5,0,20,12,33,20,35,22,34,0,29,0,188,431,847,660,838,349,511,112,346,48,4150,0,0,0,0,0,0,0,0,0,0,0,0,0,0,0,0,0,0,0,0,0,0,0,0,0,0,0,0,0,0,0,5,0,0,0,0,0,0,0,3,0,0,0,0,0,0,0,0,0,0,0,0,0,0,0,0,0,0,0,0,0,5,0,0,0,0,0,0,0,4
203021042,0,7,3,0,0,0,0,0,0,11,0,11,0,9,0,5,0,10,0,45,0,0,0,0,0,0,0,0,0,0,0,0,0,0,0,0,0,0,0,0,0,0,0,5,0,0,0,3,0,14,347,1264,487,572,335,171,149,362,51,3732,8,30,15,29,14,55,0,51,0,204,0,0,0,0,0,0,4,0,0,7,0,3,5,0,0,0,0,0,0,7,6,16,5,0,0,0,0,3,0,36,6,8,0,3,5,0,0,3,0,25,16,37,5,19,11,7,6,7,0,112,371,1389,520,638,374,243,159,448,55,4200,0,0,0,0,0,0,0,0,0,5,0,0,0,0,0,0,0,0,0,0,0,0,0,0,0,0,0,0,0,0,0,0,0,0,0,0,0,0,0,0,0,0,0,0,0,0,0,0,0,0,0,0,0,0,0,0,0,0,0,0,0,0,0,0,0,0,0,0,3,5
203021043,0,0,3,0,0,0,0,5,0,14,0,0,0,3,0,6,0,0,0,14,0,0,0,0,0,0,0,0,0,0,0,0,0,0,0,0,0,0,0,0,0,0,0,0,0,0,4,0,0,4,480,601,1103,1109,346,245,813,653,105,5458,19,21,83,27,14,75,58,117,4,415,3,0,6,0,5,0,35,4,0,55,3,0,0,10,0,0,0,0,0,19,0,0,0,0,0,0,0,9,0,18,0,0,4,4,0,0,0,6,0,17,17,13,11,12,10,16,3,21,4,100,529,633,1214,1167,379,339,917,822,120,6122,0,4,0,8,0,0,0,4,0,9,0,0,0,0,0,0,0,0,0,0,0,0,0,0,0,0,0,0,0,0,0,0,3,0,0,0,0,0,0,5,0,0,0,0,0,0,0,3,0,6,0,0,0,0,0,0,0,0,0,0,0,5,0,5,0,0,0,7,0,23
203021044,0,0,0,0,0,0,0,0,0,0,3,0,0,4,0,7,0,6,0,24,0,0,0,0,0,0,0,0,0,0,0,0,0,0,0,0,0,0,0,0,0,0,0,0,0,0,3,0,0,4,102,168,177,265,65,259,44,115,6,1203,0,0,17,25,4,64,3,28,0,145,0,0,8,0,0,0,5,0,0,19,0,0,0,0,0,0,0,0,0,0,0,3,0,0,0,0,3,0,0,9,8,0,3,0,0,0,3,0,0,13,10,4,6,7,3,15,0,14,0,62,118,180,217,304,73,336,55,178,13,1478,0,0,0,0,0,0,0,0,0,0,0,0,0,0,0,0,0,0,0,0,0,0,0,0,0,0,0,0,0,0,0,0,0,0,0,0,0,0,0,0,0,0,0,0,0,0,0,0,0,0,0,0,0,0,0,0,0,0,0,0,0,0,0,0,0,0,0,0,0,0
203021045,0,0,0,3,0,0,0,0,0,7,0,5,3,0,5,7,0,5,0,30,0,0,0,0,0,0,0,0,0,0,0,0,0,0,0,0,0,0,0,0,0,0,0,6,0,0,0,9,0,18,431,501,894,444,308,231,445,504,63,3824,5,4,44,36,8,73,11,65,0,252,0,0,13,0,0,0,19,4,0,45,0,0,3,0,0,3,0,3,0,11,0,4,8,3,3,0,5,9,0,34,4,0,0,0,0,0,0,3,0,16,5,4,12,16,7,14,4,14,4,84,452,524,988,517,329,334,484,618,76,4313,0,0,0,0,0,0,0,0,0,0,0,0,0,0,0,0,0,0,0,0,0,0,0,0,0,0,0,0,0,0,0,0,0,0,0,0,0,0,0,0,0,0,0,0,0,0,0,0,0,0,0,0,0,0,0,0,0,0,0,0,0,0,0,0,0,0,0,0,0,0
203021046,0,0,0,0,0,0,0,0,0,0,0,4,0,7,5,0,0,6,0,22,0,0,0,0,0,0,0,0,0,0,0,0,0,0,0,0,0,0,0,0,0,0,0,5,0,0,0,5,0,9,358,928,588,497,320,236,99,239,38,3298,15,18,33,51,9,26,6,31,0,184,0,0,6,0,0,0,0,3,0,14,0,4,5,0,0,0,0,0,0,16,6,17,4,3,0,0,0,9,0,36,4,3,4,0,0,0,0,0,0,7,14,55,6,23,15,24,0,13,0,156,396,1033,649,588,345,283,108,305,37,3746,0,0,0,0,0,0,0,0,0,4,0,0,0,0,0,0,0,0,0,0,0,0,0,0,0,0,0,0,0,0,0,0,0,0,0,0,0,0,0,0,0,0,0,0,0,0,0,0,0,0,0,0,0,0,0,0,0,0,0,4,0,3,0,0,0,0,0,0,0,10
203021047,0,7,6,9,4,4,6,6,0,30,6,3,4,14,13,6,16,18,3,79,0,0,0,0,0,0,0,0,0,0,0,0,0,0,0,0,0,0,0,0,3,4,4,4,6,5,20,32,3,83,1013,1440,1422,917,905,538,1048,833,125,8233,22,43,64,49,39,29,49,88,9,388,7,0,20,0,0,0,23,10,0,66,5,0,7,0,5,0,3,7,0,25,10,19,19,6,4,4,9,7,0,77,9,9,7,4,6,0,8,3,4,48,17,16,14,15,3,14,20,18,0,119,1077,1545,1567,1008,980,600,1194,1024,151,9156,0,3,4,0,0,0,0,0,0,19,0,0,0,0,0,0,0,0,0,0,0,0,0,0,0,0,0,0,0,0,4,4,0,0,0,0,0,0,0,8,0,0,0,0,0,0,0,0,0,0,0,0,0,3,0,0,0,0,0,8,5,6,8,3,0,0,3,6,0,31
203021485,0,0,0,0,0,0,0,0,0,6,0,3,0,5,0,0,0,3,0,15,0,0,0,0,0,0,0,0,0,0,0,0,0,0,0,0,0,0,0,0,0,0,0,0,0,0,0,0,0,3,48,155,150,201,37,41,40,86,6,762,0,7,9,11,0,4,0,9,0,42,0,0,10,0,0,0,0,0,0,10,0,0,0,0,0,0,0,0,0,0,0,0,0,0,0,0,0,0,0,0,0,0,0,0,0,0,0,0,0,4,0,0,0,0,0,0,0,0,0,4,45,167,170,219,38,48,47,101,8,836,0,0,0,0,0,0,0,0,0,0,0,0,0,0,0,0,0,0,0,0,0,0,0,0,0,0,0,0,0,0,0,0,0,0,0,0,0,0,0,0,0,0,0,0,0,0,0,0,0,0,0,0,0,0,0,0,0,0,0,0,0,0,0,0,0,0,0,0,0,0
203021486,0,6,0,0,3,7,0,0,0,16,3,3,3,3,0,12,0,7,0,31,0,0,0,0,0,0,0,0,0,0,0,0,0,0,0,0,0,0,0,0,0,0,0,0,0,5,8,5,0,17,509,631,998,386,354,350,507,621,64,4419,18,21,52,32,11,98,27,98,5,357,0,0,8,0,0,0,13,0,0,25,0,0,3,4,0,0,5,3,0,17,4,25,3,3,0,0,4,5,4,50,3,5,5,4,0,0,4,0,0,23,10,41,6,21,7,13,9,13,0,119,543,728,1089,456,375,488,563,758,79,5072,0,0,4,0,0,0,0,0,0,3,0,0,0,0,0,0,0,0,0,0,0,0,0,0,0,0,0,0,0,0,0,0,0,0,0,0,0,0,0,0,0,0,0,0,0,0,0,0,0,0,0,0,0,0,0,0,0,0,0,0,0,0,4,0,0,0,0,0,0,6
203021487,0,0,0,4,0,0,0,0,0,6,3,9,7,24,0,33,3,22,5,105,0,0,0,0,0,0,0,0,0,0,0,0,0,0,0,0,0,0,0,0,0,3,0,7,0,3,5,6,0,28,490,517,820,738,350,831,241,417,57,4452,11,13,50,68,15,197,16,102,5,475,3,0,9,0,3,0,9,8,0,26,0,0,4,0,0,0,6,4,0,12,0,3,3,6,5,9,7,3,0,43,3,0,4,3,0,0,0,0,0,20,12,10,7,23,3,33,3,17,0,108,526,562,914,861,380,1107,272,577,60,5258,0,0,0,6,0,0,0,0,0,6,0,0,0,0,0,0,0,0,0,0,0,0,0,0,0,0,0,0,0,0,0,0,0,0,0,0,0,0,0,0,0,0,0,0,0,0,0,0,0,0,0,0,0,0,0,0,0,0,0,0,0,0,0,6,0,0,0,0,0,6
203021488,0,0,3,0,0,0,0,7,0,13,0,3,0,0,0,6,5,3,0,30,0,0,0,0,0,0,0,0,0,3,0,0,0,0,0,0,0,0,0,0,0,0,0,0,0,0,0,3,0,14,250,290,450,326,197,231,371,257,49,2419,7,6,24,17,11,81,19,69,6,233,4,0,4,0,0,0,0,3,0,12,0,0,6,0,0,0,0,0,0,11,4,4,4,0,0,0,0,5,0,14,0,0,0,0,0,0,0,0,0,7,0,0,6,4,0,5,4,7,0,22,261,306,497,363,213,327,399,362,61,2778,0,0,0,0,0,0,0,0,0,3,0,0,0,0,0,0,0,0,0,0,0,0,0,0,0,0,0,0,0,0,0,0,0,0,0,0,0,0,0,5,0,0,0,0,0,0,0,0,0,0,0,0,0,0,0,0,0,0,0,0,0,0,0,0,0,0,0,0,0,6
203031048,0,0,0,0,0,0,0,0,0,0,0,0,0,8,5,3,0,0,0,16,0,0,0,0,0,0,0,0,0,0,0,0,0,0,0,0,0,0,0,0,0,0,0,0,0,0,0,0,0,0,176,424,348,288,138,228,88,205,27,1929,6,10,25,27,5,30,3,36,0,149,0,0,4,0,0,0,0,5,0,19,0,4,0,0,0,0,4,0,0,14,0,3,0,0,0,0,0,4,0,9,0,0,0,0,4,0,0,4,0,7,6,9,7,7,8,12,7,12,0,72,199,455,395,328,159,281,108,271,29,2220,0,0,0,0,0,0,0,0,0,0,0,0,0,0,0,0,0,0,0,0,0,0,0,0,0,0,0,0,0,0,0,0,0,0,0,0,0,0,0,0,0,0,0,0,0,0,0,0,0,0,0,0,0,0,0,0,0,0,0,0,0,0,0,0,0,0,0,0,0,4
203031049,0,0,0,0,0,0,0,0,0,0,0,0,0,5,0,0,0,0,0,0,0,0,0,0,0,0,0,0,0,0,0,0,0,0,0,0,0,0,0,0,0,0,0,0,0,0,0,0,0,0,168,158,273,217,84,119,14,137,10,1181,3,0,13,6,0,15,0,23,0,63,0,0,6,0,0,0,0,0,0,11,0,0,0,0,0,0,0,0,0,5,0,3,5,0,0,3,0,0,0,15,3,0,4,6,0,0,0,0,0,13,33,9,24,23,6,13,0,16,3,115,212,172,317,253,91,142,26,174,9,1409,0,0,0,0,0,0,0,0,0,0,0,0,0,0,0,0,0,0,0,0,0,0,0,0,0,0,0,0,0,0,0,0,0,0,0,0,0,0,0,0,0,0,0,0,0,0,0,0,0,0,0,0,0,0,0,0,0,0,0,0,0,0,0,0,0,0,0,0,0,0
203031051,0,0,0,0,0,0,0,0,0,0,6,0,3,0,0,3,0,5,0,13,0,0,0,0,0,0,0,0,0,0,0,0,0,0,0,0,0,0,0,0,0,0,0,0,0,0,0,0,0,0,116,93,189,137,59,88,39,132,15,864,9,3,14,10,3,13,0,22,0,70,0,0,0,0,0,0,0,0,0,6,0,0,0,0,0,0,0,0,0,0,0,0,0,0,0,0,0,0,0,5,3,0,5,0,0,0,0,0,0,11,15,6,9,5,6,5,5,4,0,59,144,104,223,160,72,108,45,172,15,1033,0,0,0,0,0,0,0,0,0,0,0,0,0,0,0,0,0,0,0,0,0,0,0,0,0,0,0,0,0,0,0,0,0,0,0,0,0,0,0,0,0,0,0,0,0,0,0,0,0,0,0,0,0,0,0,0,0,0,0,0,0,0,0,0,0,0,0,0,0,0
203031052,0,0,0,3,0,0,0,0,0,3,0,3,0,0,0,0,0,0,0,6,0,3,0,0,0,0,0,0,0,5,0,0,0,0,0,0,0,0,0,0,0,0,0,0,0,0,0,0,0,0,158,150,220,205,119,68,20,122,13,1075,8,0,7,14,4,12,0,22,0,56,0,0,8,0,0,0,0,0,0,11,0,0,0,0,0,0,0,0,0,0,3,10,0,5,0,4,0,3,0,27,0,0,0,0,0,0,0,0,0,5,21,7,7,4,5,6,0,6,0,56,189,176,245,231,129,88,23,147,15,1249,0,0,0,0,0,0,0,0,0,0,0,0,0,0,0,0,0,0,0,0,0,0,0,0,0,0,0,0,0,0,0,0,0,0,0,0,0,0,0,0,0,0,0,0,0,0,0,0,0,0,0,0,0,0,0,0,0,0,0,0,0,0,0,0,0,0,0,0,0,0
203031053,0,0,0,0,0,0,0,0,0,4,0,0,4,5,0,5,0,10,0,28,0,0,0,0,0,0,0,0,0,0,0,0,0,0,0,0,0,0,0,0,0,0,0,3,0,0,0,0,0,3,575,760,785,746,324,497,140,433,45,4311,7,11,35,65,11,99,7,69,7,321,0,0,11,0,0,0,6,7,0,23,0,0,3,0,0,0,0,3,0,3,15,15,4,4,4,10,0,13,0,61,4,9,3,3,0,0,0,0,0,28,37,38,19,26,9,32,0,25,3,197,646,832,865,860,349,645,160,570,57,4984,0,0,0,0,0,0,0,0,0,6,0,0,0,0,0,0,0,0,0,0,0,0,0,0,0,0,0,0,0,0,0,0,0,0,0,0,0,0,0,0,0,0,0,0,0,0,0,0,0,0,0,0,0,0,0,0,0,0,0,0,0,0,0,6,0,0,0,0,0,6
203031489,0,0,0,0,0,0,0,0,0,0,0,0,0,3,0,5,0,3,0,8,0,0,0,0,0,0,0,0,0,0,0,0,0,0,0,0,0,0,0,0,0,0,0,0,0,0,0,6,0,8,136,225,278,236,67,135,31,115,11,1232,6,7,8,14,0,44,0,27,0,103,0,0,6,0,0,0,4,5,0,10,0,0,0,0,0,0,0,0,0,0,0,9,4,4,0,10,0,6,0,36,0,3,0,0,0,0,0,4,0,9,14,4,3,10,7,6,0,12,0,72,156,243,308,271,78,201,42,173,10,1482,0,0,0,0,0,0,0,0,0,0,0,0,0,0,0,0,0,0,0,0,0,0,0,0,0,0,0,0,0,0,0,0,0,0,0,0,0,0,0,0,0,0,0,0,0,0,0,0,0,0,0,0,0,0,0,0,0,0,0,0,0,0,0,0,0,0,0,0,0,0
203031490,0,0,0,0,0,0,0,0,0,5,0,0,0,0,0,0,0,4,0,17,0,0,0,0,0,0,0,0,0,0,0,0,0,0,0,0,0,0,0,0,0,0,0,0,0,0,0,0,0,3,348,392,601,625,215,338,96,271,33,2911,18,11,27,53,0,77,4,78,3,274,0,0,13,0,0,0,0,0,0,19,0,0,4,0,0,0,0,0,0,7,0,13,11,7,4,9,0,7,0,38,4,0,0,0,0,0,0,0,0,6,27,31,16,32,14,23,0,18,0,159,400,444,666,717,236,458,94,378,42,3445,0,0,0,0,0,0,0,0,0,6,0,0,0,0,0,0,0,0,0,0,0,0,0,0,0,0,0,0,0,0,0,0,0,0,0,0,0,0,0,0,0,0,0,0,0,0,0,0,0,0,0,0,0,0,0,0,0,0,0,0,0,0,0,3,0,0,0,0,0,8
204011054,0,0,0,0,0,0,0,0,0,4,0,0,0,0,0,0,0,0,0,9,0,0,0,0,0,0,0,0,0,0,0,0,0,0,0,0,0,0,0,0,0,0,0,0,0,0,0,0,0,0,270,185,293,228,149,112,118,185,19,1566,15,10,14,21,8,10,0,22,3,102,0,0,8,0,0,0,3,3,0,15,3,0,0,0,0,3,0,0,0,4,5,6,0,3,0,0,0,0,0,16,3,0,0,0,0,0,0,0,0,16,48,31,11,16,14,21,8,30,7,195,348,235,327,271,176,144,140,245,29,1920,0,0,0,0,0,0,0,0,0,0,0,0,0,0,0,0,0,0,0,0,0,0,0,0,0,0,0,0,0,0,0,0,0,0,0,0,0,0,0,0,0,0,0,0,0,0,0,0,0,0,0,0,0,0,0,0,0,0,0,0,0,0,0,0,0,0,0,0,0,0
204011055,0,0,0,0,0,0,0,0,0,0,0,0,0,0,0,0,0,0,0,0,0,0,0,0,0,0,0,0,0,0,0,0,0,0,0,0,0,0,0,0,0,0,0,0,0,0,0,0,0,0,205,165,192,168,106,101,70,225,24,1250,14,6,17,9,3,18,0,28,0,86,3,0,6,0,0,0,4,7,0,17,7,0,4,0,0,0,0,0,0,7,0,0,0,0,0,3,0,4,0,15,13,0,3,0,0,0,0,3,0,19,44,15,19,13,9,14,5,26,3,156,280,189,235,188,127,137,81,292,28,1562,0,0,0,0,0,0,0,0,0,0,0,0,0,0,0,0,0,0,0,0,0,0,0,0,0,0,0,0,0,0,0,0,0,0,0,0,0,0,0,0,0,0,0,0,0,0,0,0,0,0,0,0,0,0,0,0,0,0,0,0,0,0,0,0,0,0,0,0,0,0
204011056,0,4,0,0,0,0,0,0,0,10,0,0,0,0,0,0,0,0,0,0,0,0,0,0,0,0,0,0,0,0,0,0,0,0,0,0,0,0,0,0,0,0,0,0,0,0,0,0,0,0,297,609,478,421,303,231,204,464,48,3055,5,22,39,12,6,65,0,65,4,220,5,0,7,0,0,6,25,7,0,50,0,0,0,0,0,0,0,3,0,9,0,0,0,0,0,0,0,0,0,10,3,7,3,0,5,0,0,0,0,12,14,15,6,17,7,20,0,23,3,107,326,658,537,452,321,318,230,571,52,3472,0,0,0,0,0,0,0,0,0,0,0,0,0,0,0,0,0,0,0,0,0,0,0,0,0,0,0,0,0,0,0,0,0,0,0,0,0,0,0,0,0,0,0,0,0,0,0,0,0,0,0,0,0,0,0,0,0,0,0,0,0,0,0,0,0,0,0,0,0,0
204011057,0,0,0,0,0,0,0,0,0,0,3,0,0,4,0,3,0,0,0,21,0,0,0,0,0,0,0,0,0,0,0,0,0,0,0,0,0,0,0,0,0,0,0,0,0,0,0,0,0,3,391,360,414,305,212,252,157,255,34,2384,8,18,32,16,11,35,11,44,0,183,0,0,3,0,0,0,13,6,0,29,0,0,0,0,0,0,0,0,0,5,5,5,0,8,0,4,0,3,0,22,21,4,3,23,8,0,15,11,3,84,85,77,55,192,36,72,36,64,9,631,518,470,511,549,278,369,241,386,44,3365,0,0,0,0,0,0,0,0,0,0,0,0,0,0,0,0,0,0,0,0,0,0,0,0,0,0,0,0,0,0,0,0,0,0,0,0,0,0,0,0,0,0,0,0,0,0,0,0,0,0,0,0,0,0,0,0,0,0,0,0,0,0,0,0,0,0,0,0,0,0
204011058,0,0,0,0,0,0,0,0,0,0,0,0,0,0,0,0,0,0,0,0,0,0,0,0,0,0,0,0,0,0,0,0,0,0,0,0,0,0,0,0,0,0,0,0,0,0,0,0,0,0,212,106,183,113,79,63,62,232,23,1075,11,7,14,13,0,6,4,41,3,91,3,0,3,0,0,0,6,3,0,13,3,0,0,0,0,0,0,0,0,5,0,0,0,0,0,0,0,0,0,8,9,0,0,0,0,0,3,3,0,16,37,13,13,14,4,6,0,28,3,113,273,119,212,138,86,71,69,313,30,1315,0,0,0,0,0,0,0,0,0,0,0,0,0,0,0,0,0,0,0,0,0,0,0,0,0,0,0,0,0,0,0,0,0,0,0,0,0,0,0,0,0,0,0,0,0,0,0,0,0,0,0,0,0,0,0,0,0,0,0,0,0,0,0,0,0,0,0,0,0,0
204011059,0,0,4,0,0,5,0,3,0,13,0,0,0,0,0,0,0,0,0,3,0,0,0,0,0,0,0,0,0,0,0,0,0,0,0,0,0,0,0,0,0,0,0,0,0,0,0,4,0,4,222,356,263,321,240,234,157,261,35,2095,5,8,21,20,8,40,6,63,0,169,0,0,3,0,0,4,5,0,0,12,0,0,5,0,0,0,3,5,0,7,0,0,0,3,0,0,0,0,0,10,6,0,5,0,0,0,0,0,0,12,25,9,20,25,6,13,8,20,5,138,256,384,323,372,261,301,179,368,41,2472,0,0,0,0,0,0,0,0,0,4,0,0,0,0,0,0,0,0,0,0,0,0,0,0,0,0,0,0,0,0,0,0,0,0,0,0,0,0,0,0,0,0,0,0,0,0,0,0,0,4,0,0,0,0,0,0,0,0,0,0,0,3,0,0,0,0,0,0,0,5
204011060,0,0,0,0,0,0,0,0,0,0,0,0,0,11,0,0,0,0,0,10,0,0,0,0,0,0,0,0,0,0,0,0,0,0,0,0,0,0,0,0,0,0,0,0,0,0,0,0,0,0,229,142,183,274,98,24,126,119,27,1227,4,0,9,16,6,4,3,4,0,45,0,0,0,0,0,0,5,0,0,11,7,0,0,8,0,0,0,0,0,15,6,11,0,3,4,0,0,0,0,21,4,0,0,8,0,0,7,0,4,26,24,14,11,131,3,3,56,17,5,265,279,167,204,449,117,27,197,148,35,1625,0,0,0,0,0,0,0,0,0,0,0,0,0,0,0,0,0,0,0,0,0,0,0,0,0,0,0,0,0,0,0,0,0,0,0,0,0,0,0,0,0,0,0,0,0,0,0,0,0,0,0,0,0,0,0,0,0,0,0,0,0,0,0,0,0,0,0,0,0,0
204011061,0,0,0,0,0,0,0,0,0,0,0,0,0,0,0,0,0,0,0,0,0,0,0,0,0,0,0,0,0,0,0,0,0,0,0,0,0,0,0,0,0,0,0,0,0,0,0,0,0,0,3,4,4,0,0,0,4,6,0,29,0,0,0,0,0,0,0,0,0,0,0,0,0,0,0,0,0,0,0,0,0,0,0,0,0,0,0,0,0,0,0,0,0,0,0,0,0,0,0,0,0,0,0,0,0,0,0,0,0,0,0,0,0,0,0,0,0,0,0,0,3,4,6,0,0,0,4,6,0,33,0,0,0,0,0,0,0,0,0,0,0,0,0,0,0,0,0,0,0,0,0,0,0,0,0,0,0,0,0,0,0,0,0,0,0,0,0,0,0,0,0,0,0,0,0,0,0,0,0,0,0,0,0,0,0,0,0,0,0,0,0,0,0,0,0,0,0,0,0,0
204011062,0,0,0,0,0,0,0,0,0,0,0,0,0,0,0,0,0,0,0,6,0,0,0,0,0,0,0,0,0,0,0,0,0,0,0,0,0,0,0,0,0,0,0,0,0,0,0,0,0,0,119,104,103,76,35,50,23,83,8,616,0,0,4,11,5,3,0,11,0,31,0,0,3,0,0,0,4,0,0,16,7,0,0,0,0,0,0,0,0,7,0,0,0,0,0,0,0,0,0,0,6,0,0,0,0,0,0,0,0,9,21,7,15,11,4,8,0,6,0,75,156,114,128,98,41,67,34,98,12,753,0,0,0,0,0,0,0,0,0,0,0,0,0,0,0,0,0,0,0,0,0,0,0,0,0,0,0,0,0,0,0,0,0,0,0,0,0,0,0,0,0,0,0,0,0,0,0,0,0,0,0,0,0,0,0,0,0,0,0,0,0,0,0,0,0,0,0,0,0,0
204021063,0,0,0,0,0,0,0,0,0,0,0,0,0,4,0,0,3,6,0,9,0,0,0,0,0,0,0,0,0,0,0,0,0,0,0,0,0,0,0,0,0,0,0,0,0,0,0,4,0,7,391,546,589,506,356,253,348,512,46,3547,14,19,37,22,17,45,13,74,5,250,3,0,7,0,0,0,21,4,0,33,4,0,5,0,0,0,0,3,0,17,5,7,4,7,0,6,4,10,0,37,0,0,0,0,0,0,3,0,0,5,25,25,20,22,20,20,6,21,3,155,438,600,661,564,393,327,395,623,64,4065,0,0,0,0,0,0,0,0,0,0,0,0,0,0,0,0,0,0,0,0,0,0,0,0,0,0,0,0,0,0,0,0,0,0,0,0,0,0,0,0,0,0,0,0,0,0,0,0,0,0,0,0,0,0,0,0,0,0,0,0,0,0,0,0,0,0,0,0,0,0
204021064,0,0,0,0,0,0,0,0,0,0,0,0,0,0,0,0,0,0,0,0,0,0,0,0,0,0,0,0,0,0,0,0,0,0,0,0,0,0,0,0,0,0,0,0,0,0,0,0,0,0,116,20,51,12,16,11,37,78,11,348,10,0,7,3,0,0,0,4,0,27,3,0,5,0,0,0,4,0,0,12,6,0,0,0,0,0,0,0,0,5,0,0,0,0,0,0,0,0,0,0,12,0,0,0,3,0,0,5,0,15,37,4,5,0,0,0,3,3,0,45,176,20,69,11,20,6,44,86,10,456,0,0,0,0,0,0,0,0,0,0,0,0,0,0,0,0,0,0,0,0,0,0,0,0,0,0,0,0,0,0,0,0,0,0,0,0,0,0,0,0,0,0,0,0,0,0,0,0,0,0,0,0,0,0,0,0,0,0,0,0,0,0,0,0,0,0,0,0,0,0
204021065,0,0,0,0,0,0,0,0,0,0,0,0,0,0,0,0,0,0,0,0,0,0,0,0,0,0,0,0,0,0,0,0,0,0,0,0,0,0,0,0,0,0,0,0,0,0,0,0,0,0,159,128,163,99,71,41,82,259,16,1028,9,0,9,4,0,9,0,15,0,50,3,0,0,0,0,0,0,0,0,6,0,0,0,0,0,0,0,4,0,5,0,3,4,0,0,0,0,3,0,16,4,0,0,0,0,0,0,0,0,6,14,5,7,12,4,6,0,10,3,60,188,143,184,122,77,58,93,291,23,1169,0,0,0,0,0,0,0,0,0,0,0,0,0,0,0,0,0,0,0,0,0,0,0,0,0,0,0,0,0,0,0,0,0,0,0,0,0,0,0,0,0,0,0,0,0,0,0,0,0,0,0,0,0,0,0,0,0,0,0,0,0,0,0,0,0,0,0,0,0,0
204021066,0,0,0,0,0,0,0,0,0,0,0,0,5,7,0,9,3,12,0,30,0,0,0,0,0,0,0,0,0,0,0,0,0,0,0,0,0,0,0,0,4,0,0,0,3,3,6,18,0,34,724,1669,1126,1159,863,632,488,625,82,7365,23,49,75,71,21,127,14,176,10,565,6,0,9,0,3,0,18,0,0,34,0,0,3,3,5,0,5,3,0,19,10,43,17,15,7,19,12,34,4,154,4,5,10,8,5,4,0,3,0,39,18,121,23,53,35,35,9,53,0,349,785,1885,1254,1311,941,826,561,919,103,8587,0,0,0,0,0,0,0,0,0,0,0,0,0,0,0,0,0,0,0,0,0,0,0,0,0,0,0,0,0,0,0,0,0,0,0,0,0,0,0,0,0,0,0,0,0,0,0,0,0,0,0,0,0,0,0,0,0,0,0,0,0,0,0,0,0,0,0,3,0,4
204021067,0,0,0,0,0,0,0,0,0,0,0,0,0,0,0,0,0,0,0,0,0,0,0,0,0,0,0,0,0,0,0,0,0,0,0,0,0,0,0,0,0,0,0,0,0,0,0,0,0,0,289,108,211,69,89,74,118,282,19,1260,11,3,11,9,4,8,6,58,4,105,7,0,3,0,0,0,19,0,0,32,14,0,0,0,0,0,0,0,0,14,0,0,0,0,0,0,0,6,0,12,13,0,0,0,3,0,0,5,0,24,99,10,27,8,0,11,11,21,0,190,439,120,252,98,100,88,154,362,22,1645,0,0,0,0,0,0,0,0,0,0,0,0,0,0,0,0,0,0,0,0,0,0,0,0,0,0,0,0,0,0,0,0,0,0,0,0,0,0,0,0,0,0,0,0,0,0,0,0,0,0,0,0,0,0,0,0,0,0,0,0,0,0,0,0,0,0,0,0,0,0
204031068,0,0,0,0,0,0,0,0,0,0,0,0,0,0,0,0,0,0,0,0,0,0,0,0,0,0,0,0,0,0,0,0,0,0,0,0,0,0,0,0,0,0,0,0,0,0,0,0,0,0,136,179,124,222,103,75,40,121,8,1014,8,3,4,8,6,12,0,21,3,66,0,0,4,0,0,0,6,0,0,3,0,0,0,0,0,0,0,0,0,0,3,3,0,0,0,4,0,0,0,13,5,0,0,0,0,0,0,0,0,9,28,23,14,28,10,16,0,22,0,135,185,210,153,255,115,103,45,164,11,1247,0,0,0,0,0,0,0,0,0,0,0,0,0,0,0,0,0,0,0,0,0,0,0,0,0,0,0,0,0,0,0,0,0,0,0,0,0,0,0,0,0,0,0,0,0,0,0,0,0,0,0,0,0,0,0,0,0,0,0,0,0,0,0,0,0,0,0,0,0,0
204031069,0,0,0,0,0,0,0,0,0,0,3,3,11,38,0,16,17,18,0,112,0,0,0,0,0,0,0,0,0,0,0,0,0,0,0,0,0,0,0,0,0,0,0,0,0,0,0,0,0,0,275,265,318,223,139,168,77,206,24,1706,20,6,22,30,5,33,3,36,5,160,0,0,4,0,0,0,7,5,0,22,9,0,0,6,0,0,0,0,0,19,9,10,12,10,3,7,0,13,0,61,41,0,10,60,4,3,27,10,3,173,147,49,126,205,47,108,68,173,22,937,518,339,505,574,200,331,208,462,53,3192,0,0,0,0,0,0,0,0,0,0,0,0,0,0,0,0,0,0,0,0,0,0,0,0,0,0,0,0,0,0,0,0,0,0,0,0,0,0,0,0,0,0,0,0,0,0,0,0,0,0,0,0,0,0,0,0,0,0,0,0,0,0,0,0,0,0,0,0,0,0
204031070,0,0,0,0,0,0,0,0,0,0,0,0,0,0,0,0,0,0,0,0,0,0,0,0,0,0,0,0,0,0,0,0,0,0,0,0,0,0,0,0,0,0,0,0,0,0,0,0,0,0,56,26,42,21,27,21,86,48,5,336,4,0,0,7,0,5,0,7,0,25,3,0,0,0,0,0,3,0,0,12,0,0,0,0,0,0,0,0,0,5,0,0,0,0,0,0,0,0,0,0,6,0,0,0,0,0,0,0,0,8,17,0,4,0,0,7,0,0,0,39,87,32,55,34,30,34,94,62,5,419,0,0,0,0,0,0,0,0,0,0,0,0,0,0,0,0,0,0,0,0,0,0,0,0,0,0,0,0,0,0,0,0,0,0,0,0,0,0,0,0,0,0,0,0,0,0,0,0,0,0,0,0,0,0,0,0,0,0,0,0,0,0,0,0,0,0,0,0,0,0
204031071,0,0,0,0,0,0,0,0,0,0,0,0,0,0,0,0,0,0,0,0,0,0,0,0,0,0,0,0,0,0,0,0,0,0,0,0,0,0,0,0,0,0,0,0,0,0,0,0,0,0,160,220,190,154,135,116,141,193,13,1322,3,6,13,15,4,25,4,21,0,84,5,0,5,0,0,0,3,0,0,10,3,0,0,0,0,0,3,3,0,12,0,3,4,0,0,0,3,0,0,26,4,0,0,0,0,3,0,0,0,9,20,7,20,13,9,9,6,15,0,104,203,239,224,186,151,154,167,239,16,1571,0,0,0,0,0,0,0,0,0,0,0,0,0,0,0,0,0,0,0,0,0,0,0,0,0,0,0,0,0,0,0,0,0,0,0,0,0,0,0,0,0,0,0,0,0,0,0,0,0,0,0,0,0,0,0,0,0,0,0,0,0,0,0,0,0,0,0,0,0,3
204031072,0,0,0,0,0,0,0,0,0,0,0,0,0,0,0,0,0,0,0,0,0,0,0,0,0,0,0,0,0,0,0,0,0,0,0,0,0,0,0,0,0,0,0,0,0,0,0,0,0,0,213,199,133,144,108,67,80,188,19,1159,5,7,3,5,0,15,6,34,0,90,8,0,4,0,0,0,3,4,0,21,22,0,0,0,0,0,0,4,0,28,0,4,0,4,4,0,0,3,0,13,15,0,3,0,0,0,0,0,0,22,64,27,17,29,7,21,11,21,0,196,338,240,163,188,122,95,102,263,21,1535,0,0,0,0,0,0,0,0,0,0,0,0,0,0,0,0,0,0,0,0,0,0,0,0,0,0,0,0,0,0,0,0,0,0,0,0,0,0,0,0,0,0,0,0,0,0,0,0,0,0,0,0,0,0,0,0,0,0,0,0,0,0,0,0,0,0,0,0,0,0
204031073,0,0,0,0,0,0,0,0,0,0,0,0,0,0,0,3,0,9,0,19,0,0,0,0,0,0,0,0,0,0,0,0,0,0,0,0,0,0,0,0,0,5,0,6,0,0,5,0,0,14,387,623,525,512,301,223,587,393,52,3597,10,21,22,38,9,41,18,61,3,225,0,0,6,0,0,0,10,9,0,31,0,0,6,0,0,0,3,0,0,9,0,3,4,0,0,0,0,12,0,25,0,0,0,0,0,0,9,7,0,18,9,6,6,11,4,13,4,20,0,73,409,662,573,566,321,282,640,508,57,4010,0,0,0,0,0,0,0,0,0,0,0,0,0,0,0,0,0,0,0,0,0,0,0,0,0,0,0,0,0,0,0,0,0,0,0,0,0,0,0,0,0,0,0,0,0,0,0,0,0,0,0,0,0,0,0,0,0,0,0,0,0,0,0,0,0,0,0,0,0,0
204031075,0,0,0,0,0,0,0,0,0,0,0,0,0,0,0,0,0,0,0,0,0,0,0,0,0,0,0,0,0,0,0,0,0,0,0,0,0,0,0,0,0,0,0,0,0,0,0,0,0,0,112,81,137,100,32,34,59,140,9,690,0,4,4,4,0,3,0,11,0,35,4,0,5,0,0,0,5,4,0,18,8,0,0,0,0,0,0,0,0,9,0,0,0,0,0,0,0,0,0,3,3,0,0,0,0,0,0,0,0,9,52,9,9,10,0,6,8,9,0,101,181,92,153,109,38,45,67,163,7,863,0,0,0,0,0,0,0,0,0,0,0,0,0,0,0,0,0,0,0,0,0,0,0,0,0,0,0,0,0,0,0,0,0,0,0,0,0,0,0,0,0,0,0,0,0,0,0,0,0,0,0,0,0,0,0,0,0,0,0,0,0,0,0,0,0,0,0,0,0,0
204031491,0,0,0,0,0,0,0,0,0,0,0,0,0,0,4,0,0,0,0,8,0,0,0,0,0,0,0,0,0,0,0,0,0,0,0,0,0,0,0,0,0,0,0,0,0,0,0,0,0,4,352,354,526,442,218,114,219,231,47,2509,0,6,24,35,5,28,12,40,3,150,0,0,0,0,0,0,16,6,0,22,4,7,3,0,0,0,4,0,0,23,9,0,9,3,3,0,0,6,0,27,7,0,12,14,0,0,0,0,0,38,18,19,197,126,29,0,29,0,13,438,395,392,769,626,262,150,284,287,62,3220,0,0,0,0,0,0,0,0,0,0,0,0,0,0,0,0,0,0,0,0,0,0,0,0,0,0,0,0,0,0,0,0,0,0,0,0,0,0,0,0,0,0,0,0,0,0,0,0,0,0,0,0,0,0,0,0,0,0,0,0,0,0,0,0,0,0,0,0,0,0
204031492,0,0,0,0,0,0,0,0,0,7,0,3,3,3,3,5,3,21,4,44,0,0,0,0,0,0,0,0,0,5,0,0,0,0,0,0,0,0,0,0,0,0,0,0,3,6,4,8,0,28,963,1637,1613,953,1010,745,830,906,126,8768,22,28,79,59,27,162,21,161,7,563,0,0,22,0,0,0,30,11,3,66,5,7,8,0,0,0,8,10,0,39,8,21,15,5,5,4,5,26,0,86,8,4,3,0,3,0,9,3,0,29,16,24,18,18,21,28,7,35,0,169,1024,1730,1763,1040,1068,957,914,1175,135,9801,0,0,0,0,0,0,0,0,0,0,0,0,0,0,0,0,0,0,0,0,0,0,0,0,0,0,0,0,0,0,0,0,0,0,0,0,0,0,0,0,0,0,0,0,0,0,0,0,0,0,0,0,0,0,0,0,0,0,0,0,0,0,0,0,0,0,0,0,0,0
205011076,0,0,0,3,0,3,0,5,0,8,0,0,0,3,0,0,0,3,0,9,0,0,0,0,0,0,0,0,0,0,0,0,0,0,0,0,0,0,0,0,0,0,0,0,0,0,0,0,0,3,312,457,494,427,249,217,208,431,47,2842,10,19,30,34,6,52,3,69,7,232,5,0,8,0,0,0,20,7,0,39,7,0,0,0,0,0,0,6,0,17,0,0,3,0,0,0,0,0,0,11,6,0,0,0,0,0,0,0,0,16,40,7,13,16,4,12,6,23,0,123,377,490,551,481,266,286,245,549,55,3290,0,0,0,0,0,0,0,3,0,3,0,0,0,0,0,0,0,0,0,0,0,0,0,0,0,0,0,0,0,0,0,0,0,0,0,0,0,0,0,7,0,0,4,0,0,0,0,0,0,8,0,0,0,0,0,0,0,0,0,0,3,4,5,0,0,5,0,3,0,16
205011077,0,0,0,0,0,0,0,0,0,3,0,0,0,0,0,0,0,0,0,0,0,0,0,0,0,0,0,0,0,0,0,0,0,0,0,0,0,0,0,0,0,0,0,0,0,0,0,0,0,0,177,115,127,104,59,24,60,250,9,934,7,0,10,3,5,4,5,52,0,81,0,0,6,0,0,0,6,5,0,16,3,0,0,0,0,0,0,5,0,15,0,0,0,0,0,0,0,0,0,7,4,0,0,0,8,0,0,3,0,14,50,5,12,10,9,9,9,22,4,129,249,130,156,122,74,40,85,334,13,1203,0,0,0,0,0,0,0,0,0,0,0,0,0,0,0,0,0,0,0,0,0,0,0,0,0,0,0,0,0,0,0,0,0,0,0,0,0,0,0,0,0,0,0,0,0,0,0,0,0,0,0,0,0,0,0,0,0,0,0,0,0,0,0,0,0,0,0,0,0,0
205011078,0,0,0,0,0,0,0,6,0,6,0,0,0,0,0,0,0,0,0,0,0,0,0,0,0,0,0,0,0,0,0,0,0,0,0,0,0,0,0,0,0,0,0,0,0,0,0,0,0,0,223,208,223,171,99,85,110,247,15,1376,15,0,23,14,5,24,6,41,5,124,8,0,0,0,0,0,8,4,0,20,3,0,0,0,0,0,0,0,0,4,0,0,0,0,0,0,0,0,0,4,8,0,0,0,0,0,0,0,0,10,54,11,3,15,6,10,12,18,5,125,310,219,251,197,108,123,129,317,23,1671,0,0,0,0,0,0,0,0,0,0,0,0,0,0,0,0,0,0,0,0,0,0,0,0,0,0,0,0,0,0,0,0,0,0,0,0,0,0,0,0,0,0,0,0,0,0,0,0,0,0,0,0,0,0,0,0,0,0,0,0,0,0,0,0,0,0,0,0,0,0
205011079,0,5,0,9,5,5,0,12,0,37,0,4,3,3,0,10,0,8,0,23,0,0,0,0,0,0,0,0,0,0,0,0,0,0,0,0,0,0,0,0,0,4,0,0,6,0,0,4,0,17,815,1467,1169,1005,819,683,397,855,91,7300,33,27,71,59,29,120,18,171,3,537,3,0,9,0,0,3,15,7,0,41,8,0,4,0,0,0,4,5,0,14,5,3,3,3,4,0,0,5,0,28,4,8,6,3,0,3,0,0,0,31,50,41,33,19,17,10,11,34,0,223,923,1556,1304,1101,872,840,449,1110,100,8253,0,0,4,0,0,0,0,0,0,7,0,0,0,0,0,0,0,0,0,0,0,0,0,0,0,0,0,0,0,0,0,4,0,0,0,0,0,0,0,5,0,0,5,0,0,0,0,7,0,11,0,0,0,0,0,0,0,0,0,3,0,4,3,0,0,0,0,8,0,23
205021080,0,0,0,0,0,0,0,0,0,0,0,0,0,0,0,0,0,0,0,0,0,0,0,0,0,0,0,0,0,0,0,0,0,0,0,0,0,0,0,0,0,0,0,0,0,0,0,0,0,0,0,0,0,0,0,0,0,0,0,0,0,0,0,0,0,0,0,0,0,0,0,0,0,0,0,0,0,0,0,0,0,0,0,0,0,0,0,0,0,0,0,0,0,0,0,0,0,0,0,0,0,0,0,0,0,0,0,0,0,0,0,0,0,0,0,0,0,0,0,0,0,0,0,0,0,0,0,0,0,0,0,0,0,0,0,0,0,0,0,0,0,0,0,0,0,0,0,0,0,0,0,0,0,0,0,0,0,0,0,0,0,0,0,0,0,0,0,0,0,0,0,0,0,0,0,0,0,0,0,0,0,0,0,0,0,0,0,0,0,0,0,0,0,0,0,0,0,0,0,0
205021081,0,5,0,0,0,0,0,0,0,0,0,0,0,0,0,8,5,10,0,21,0,0,0,0,0,0,0,0,0,4,0,0,0,0,0,0,0,0,0,0,0,0,0,0,0,3,0,5,0,17,665,1215,999,966,803,671,498,849,89,6751,27,34,65,64,20,121,10,102,11,451,0,0,10,0,0,4,21,8,0,40,3,0,10,0,5,0,0,0,0,19,7,4,3,0,0,5,0,16,0,50,6,6,0,3,8,4,7,6,0,44,27,44,25,35,23,32,6,25,0,217,741,1314,1118,1065,862,846,543,1015,108,7616,0,0,0,0,0,0,0,0,0,0,0,0,0,0,0,0,0,0,0,0,0,0,0,0,0,0,0,0,0,0,0,0,0,0,0,0,0,0,0,0,0,0,0,0,0,0,0,0,0,0,0,0,0,0,0,0,0,0,0,0,0,0,0,0,0,0,0,0,0,0
205021082,0,0,0,0,0,0,0,0,0,0,0,0,0,0,0,0,3,0,0,3,0,0,0,0,0,0,0,0,0,0,0,0,0,0,0,0,0,0,0,0,0,0,0,0,0,0,0,0,0,0,254,104,148,106,74,26,124,224,39,1086,11,0,12,4,0,3,5,52,8,96,12,0,0,0,0,0,17,0,0,24,9,0,3,0,0,0,0,0,0,10,0,0,0,0,0,0,0,4,0,4,11,0,0,0,0,0,4,6,0,21,50,8,19,16,11,8,12,19,4,140,338,112,187,126,79,43,160,293,46,1385,0,0,0,0,0,0,0,0,0,0,0,0,0,0,0,0,0,0,0,0,0,0,0,0,0,0,0,0,0,0,0,0,0,0,0,0,0,0,0,0,0,0,0,0,0,0,0,0,0,0,0,0,0,0,0,0,0,0,0,0,0,0,0,0,0,0,0,0,0,0
205021083,0,0,0,0,0,0,0,0,0,0,0,0,0,0,0,0,0,0,0,0,0,0,0,0,0,0,0,0,0,0,0,0,0,0,0,0,0,0,0,0,0,0,0,0,0,0,0,0,0,0,0,0,0,0,0,0,0,0,0,0,0,0,0,0,0,0,0,0,0,0,0,0,0,0,0,0,0,0,0,0,0,0,0,0,0,0,0,0,0,0,0,0,0,0,0,0,0,0,0,0,0,0,0,0,0,0,0,0,0,0,0,0,0,0,0,0,0,0,0,0,0,0,0,0,0,0,0,0,0,0,0,0,0,0,0,0,0,0,0,0,0,0,0,0,0,0,0,0,0,0,0,0,0,0,0,0,0,0,0,0,0,0,0,0,0,0,0,0,0,0,0,0,0,0,0,0,0,0,0,0,0,0,0,0,0,0,0,0,0,0,0,0,0,0,0,0,0,0,0,0
205021084,0,0,0,0,0,0,0,0,0,0,0,0,0,0,0,0,0,3,0,6,0,0,0,0,0,0,0,0,0,0,0,0,0,0,0,0,0,0,0,0,0,0,0,0,0,0,0,0,0,7,242,258,248,320,184,179,74,267,34,1800,7,11,12,19,3,38,3,42,0,140,0,0,0,0,0,0,3,4,0,13,0,0,0,0,0,0,0,0,0,8,0,0,5,0,0,3,0,0,0,13,8,0,3,3,0,0,0,9,0,23,30,10,12,13,5,3,0,17,3,96,286,284,284,361,196,229,81,339,44,2106,0,0,0,0,0,0,0,0,0,0,0,0,0,0,0,0,0,0,0,0,0,0,0,0,0,0,0,0,0,0,0,0,0,0,0,0,0,0,0,0,0,0,0,0,0,0,0,0,0,0,0,0,0,0,0,0,0,0,0,0,0,0,0,0,0,0,0,0,0,0
205021085,0,0,0,0,0,0,0,0,0,0,0,0,0,0,0,0,4,0,0,4,0,0,0,0,0,0,0,0,0,0,0,0,0,0,0,0,0,0,0,0,0,0,0,0,0,0,0,0,0,0,193,192,160,186,111,81,98,182,5,1218,12,7,5,14,3,19,0,27,0,85,0,0,6,0,0,0,16,5,0,27,9,0,0,0,0,0,0,0,0,18,3,9,7,6,0,0,0,4,0,27,10,0,4,3,0,0,0,7,0,32,52,27,11,21,12,13,7,27,3,168,281,238,195,226,128,115,125,252,14,1573,0,0,0,0,0,0,0,0,0,0,0,0,0,0,0,0,0,0,0,0,0,0,0,0,0,0,0,0,0,0,0,0,0,0,0,0,0,0,0,0,0,0,0,0,0,0,0,0,0,0,0,0,0,0,0,0,0,0,0,0,0,0,0,0,0,0,0,0,0,0
205021086,0,0,0,0,0,0,0,0,0,0,0,0,0,0,0,0,0,0,0,0,0,0,0,3,0,0,0,0,0,4,0,0,0,0,0,0,0,0,0,0,0,0,0,0,0,0,0,0,0,0,55,61,104,111,41,45,22,64,10,515,4,4,7,6,0,11,0,14,0,45,0,0,3,0,0,0,0,0,0,3,0,0,0,0,0,0,0,0,0,0,0,0,0,0,0,0,0,0,0,4,0,0,0,0,0,0,0,0,0,0,22,9,3,3,3,6,0,6,0,53,85,78,120,126,43,60,21,80,10,627,0,0,0,0,0,0,0,0,0,0,0,0,0,0,0,0,0,0,0,0,0,0,0,0,0,0,0,0,0,0,0,0,0,0,0,0,0,0,0,0,0,0,0,0,0,0,0,0,0,0,0,0,0,0,0,0,0,0,0,0,0,0,0,0,0,0,0,0,0,0
205031087,0,0,0,0,0,0,0,0,0,0,0,0,0,0,0,3,0,0,0,3,0,0,0,0,0,0,0,0,0,0,0,0,0,0,0,0,0,0,0,0,0,0,0,0,0,0,0,0,0,0,313,225,249,182,137,130,114,294,28,1672,17,3,5,11,6,17,0,29,0,97,4,0,0,0,0,0,8,3,0,17,11,0,0,0,0,0,0,8,0,16,4,3,0,5,0,0,0,0,0,14,14,0,0,0,0,0,0,4,0,22,99,19,20,19,19,24,0,27,0,224,461,255,278,221,162,172,129,362,31,2069,0,0,0,0,0,0,0,0,0,0,0,0,0,0,0,0,0,0,0,0,0,0,0,0,0,0,0,0,0,0,0,0,0,0,0,0,0,0,0,0,0,0,0,0,0,0,0,0,0,0,0,0,0,0,0,0,0,0,0,0,0,0,0,0,0,0,0,0,0,0
205031088,0,0,0,0,0,0,0,0,0,0,0,0,0,0,0,0,0,0,0,0,0,0,0,0,0,0,0,0,0,5,0,0,0,0,0,0,0,0,0,0,0,0,0,0,0,0,0,0,0,0,10,0,0,0,0,0,0,0,0,19,0,0,0,0,0,0,0,4,0,4,0,0,0,0,0,0,0,0,0,0,0,0,0,0,0,0,0,0,0,0,0,0,0,0,0,0,0,0,0,0,3,0,0,0,0,0,0,0,0,3,0,0,0,0,0,0,0,0,0,0,19,0,0,0,0,0,0,3,0,25,0,0,0,0,0,0,0,0,0,0,0,0,0,0,0,0,0,0,0,0,0,0,0,0,0,0,0,0,0,0,0,0,0,0,0,0,0,0,0,0,0,0,0,0,0,0,0,0,0,0,0,0,0,0,0,0,0,0,0,0,0,0,0,0,0,0,0,0,0,0
205031089,0,0,0,0,0,0,0,0,0,0,0,0,0,0,0,0,0,0,0,4,0,0,0,0,0,0,0,0,0,0,0,0,0,0,0,0,0,0,0,0,0,0,0,0,0,0,0,0,0,0,253,234,314,218,131,105,159,261,35,1714,13,3,16,11,3,21,3,41,3,123,3,0,6,0,0,0,16,6,0,35,9,0,0,0,0,0,0,0,0,12,0,0,0,0,0,0,0,0,0,6,16,0,0,0,0,0,4,3,0,26,54,4,15,10,5,9,7,25,0,139,351,249,354,239,142,144,195,339,49,2058,0,0,0,0,0,0,0,0,0,0,0,0,0,0,0,0,0,0,0,0,0,0,0,0,0,0,0,0,0,0,0,0,0,0,0,0,0,0,0,0,0,0,0,0,0,0,0,0,0,0,0,0,0,0,0,0,0,0,0,0,0,0,0,0,0,0,0,6,0,6
205031090,0,0,0,0,0,0,0,0,0,0,0,0,3,0,0,4,0,0,0,10,0,0,0,0,0,0,0,0,0,0,0,0,0,0,0,0,0,0,0,0,0,0,0,0,0,0,0,0,0,0,423,659,563,349,383,318,354,394,34,3480,13,10,24,21,5,56,8,56,3,208,3,0,6,0,0,0,15,0,0,25,13,0,3,0,0,0,0,0,0,15,0,0,6,3,0,4,3,3,0,21,12,4,3,0,0,0,0,0,0,28,91,24,18,33,13,29,6,34,3,243,559,700,628,413,403,413,378,496,49,4031,0,0,0,0,0,0,0,0,0,0,0,0,0,0,0,0,0,0,0,0,0,0,0,0,0,0,0,0,0,0,0,0,0,0,0,0,0,0,0,0,0,0,0,0,0,0,0,0,0,0,0,0,0,0,0,0,0,0,0,0,0,0,0,0,0,0,0,0,0,0
205031091,0,0,0,0,0,0,0,0,0,0,0,0,3,5,0,0,0,0,0,10,0,0,0,4,0,0,0,0,0,4,0,0,0,0,0,0,0,0,0,0,0,0,0,0,0,0,0,0,0,0,284,299,404,312,175,265,72,260,30,2122,15,4,25,26,4,32,0,43,4,160,3,0,6,0,0,4,4,4,0,21,0,0,6,6,0,0,0,0,0,13,0,9,12,7,0,3,0,7,0,45,8,0,0,0,0,0,0,8,0,17,32,19,20,20,12,24,3,23,4,164,351,332,470,377,203,334,89,351,39,2558,0,0,0,0,0,0,0,0,0,0,0,0,0,0,0,0,0,0,0,0,0,0,0,0,0,0,0,0,0,0,0,0,0,0,0,0,0,0,0,0,0,0,0,0,0,0,0,0,0,0,0,0,0,0,0,0,0,0,0,0,0,0,0,0,0,0,0,0,0,3
205031092,0,0,0,0,0,0,0,0,0,0,0,0,0,0,0,0,0,0,0,0,0,0,0,0,0,0,0,0,0,0,0,0,0,0,0,0,0,0,0,0,0,0,0,0,0,0,0,0,0,0,0,8,0,3,3,0,0,7,0,22,0,0,0,0,0,0,0,0,0,3,0,0,0,0,0,0,0,0,0,0,0,0,0,0,0,0,0,0,0,0,0,0,0,0,0,0,0,0,0,0,0,0,0,0,0,0,0,0,0,0,0,7,0,0,0,0,0,0,0,6,0,14,3,4,3,0,0,4,0,33,0,0,0,0,0,0,0,0,0,0,0,0,0,0,0,0,0,0,0,0,0,0,0,0,0,0,0,0,0,0,0,0,0,0,0,0,0,0,0,0,0,0,0,0,0,0,0,0,0,0,0,0,0,0,0,0,0,0,0,0,0,0,0,0,0,0,0,0,0,0
205031093,0,0,0,0,0,0,0,0,0,0,0,0,0,0,0,12,0,0,0,16,0,0,0,0,0,0,0,0,0,0,0,0,0,0,0,0,0,0,0,0,0,0,0,0,0,0,0,0,0,5,637,932,909,810,512,605,255,539,64,5258,25,25,53,49,15,109,11,89,13,377,3,0,12,0,0,0,11,8,0,35,4,3,0,3,0,0,3,5,0,19,3,10,6,13,0,4,4,15,0,62,10,6,6,3,6,3,3,8,3,36,92,34,44,31,17,52,8,42,10,325,774,1012,1033,901,546,778,296,703,89,6139,0,0,0,0,0,0,0,0,0,0,0,0,0,0,0,0,0,0,0,0,0,0,0,0,0,0,0,0,0,0,0,0,0,0,0,0,0,0,0,0,0,0,0,0,0,0,0,0,0,0,0,0,0,0,0,0,0,0,0,0,0,0,0,0,0,0,0,0,0,0
205041094,0,0,0,0,0,0,0,0,0,0,0,0,0,0,0,0,0,0,0,3,0,0,0,0,0,0,0,0,0,0,0,0,0,0,0,0,0,0,0,0,0,0,0,0,0,0,0,0,0,0,225,362,832,164,146,87,322,359,53,2549,0,7,21,12,5,17,14,20,5,95,6,0,8,0,0,0,13,0,0,25,0,0,6,0,0,0,3,0,0,15,0,0,5,0,0,0,0,0,0,10,0,0,0,0,0,0,0,0,0,3,15,9,0,10,3,5,3,9,0,51,247,378,876,184,156,112,356,388,61,2753,0,0,0,0,0,0,0,0,0,0,0,0,0,0,0,0,0,0,0,0,0,0,0,0,0,0,0,0,0,0,0,0,0,0,0,0,0,0,0,0,0,0,0,0,0,0,0,0,0,0,0,0,0,0,0,0,0,0,0,0,5,0,0,0,0,0,0,0,0,5
205041095,0,3,4,0,3,0,0,5,0,13,0,0,0,10,0,9,0,0,3,23,0,0,0,0,0,0,0,0,0,0,0,0,0,0,0,0,0,0,0,0,0,0,0,3,0,0,0,0,0,10,304,526,780,713,428,263,222,341,61,3637,8,17,38,38,18,87,5,90,4,303,0,0,6,0,0,0,11,0,0,16,0,5,3,0,0,0,0,0,0,15,0,0,0,6,0,0,0,5,0,10,4,0,4,6,0,0,0,0,0,12,11,13,8,18,11,19,4,18,0,102,330,558,845,788,460,377,245,462,72,4144,0,0,0,0,0,0,0,0,0,3,0,0,0,0,0,0,0,0,0,0,0,0,0,0,0,0,0,0,0,0,0,0,0,0,0,0,0,0,0,3,0,0,0,0,0,0,0,0,0,0,0,0,0,0,0,0,0,0,0,0,0,5,0,0,0,3,0,0,0,7
205041096,0,4,0,0,0,0,0,0,0,14,0,3,5,10,8,13,4,16,0,58,0,0,0,0,0,0,0,0,0,5,0,0,0,0,0,0,0,0,0,0,0,0,0,0,0,0,0,0,4,7,695,952,1195,1076,944,512,812,747,103,7036,17,23,72,43,28,91,13,105,6,404,5,0,9,0,0,3,20,5,3,41,0,4,4,0,0,0,5,0,0,12,3,3,3,0,3,4,0,3,0,23,6,7,0,4,7,4,4,0,3,22,11,16,9,21,14,13,6,16,3,109,742,1008,1310,1161,1006,637,861,880,126,7730,0,0,0,0,3,0,0,0,0,7,0,0,0,0,0,0,0,0,0,0,0,0,0,0,0,0,0,0,0,0,0,0,0,0,0,0,0,0,0,0,0,0,0,0,0,0,0,0,0,0,0,0,0,0,0,0,0,0,0,0,0,0,3,0,3,0,0,0,0,12
205041098,0,0,0,0,0,0,0,0,0,0,0,0,0,0,0,0,0,0,0,0,0,0,0,0,0,0,0,0,0,0,0,0,0,0,0,0,0,0,0,0,0,0,0,0,0,0,0,0,0,0,36,42,72,36,16,10,27,47,0,288,0,0,3,0,0,0,0,7,0,19,0,0,0,0,0,0,5,0,0,12,5,0,0,0,0,0,0,0,0,5,0,0,0,0,0,0,0,0,0,0,0,0,0,0,0,0,0,0,0,0,3,0,5,5,0,0,0,3,0,27,43,50,84,39,17,15,32,59,0,340,0,0,0,0,0,0,0,0,0,0,0,0,0,0,0,0,0,0,0,0,0,0,0,0,0,0,0,0,0,0,0,0,0,0,0,0,0,0,0,0,0,0,0,0,0,0,0,0,0,0,0,0,0,0,0,0,0,0,0,0,0,0,0,0,0,0,0,0,0,0
205041493,0,5,0,3,0,0,0,4,0,10,0,5,3,9,7,13,0,12,0,52,0,0,0,0,0,0,0,0,0,3,0,0,0,0,0,0,0,0,0,0,0,0,0,3,0,3,0,0,0,12,621,597,959,635,760,756,367,452,66,5210,21,20,65,66,32,186,13,124,13,541,0,0,8,0,0,0,8,4,0,26,0,0,0,3,3,7,0,0,0,22,3,0,0,0,5,0,0,6,0,19,0,0,3,0,9,0,0,0,0,22,13,17,20,20,14,32,0,20,3,147,666,648,1067,737,828,1004,396,629,85,6062,0,0,0,0,0,0,0,0,0,0,0,0,0,0,0,0,0,0,0,0,0,0,0,0,0,0,0,0,0,0,0,0,0,0,3,0,0,0,0,3,0,0,0,0,0,0,0,0,0,0,0,0,0,0,0,0,0,0,0,0,0,0,0,0,3,0,0,0,0,4
205041494,0,0,0,0,0,0,0,0,0,0,0,3,0,4,0,0,0,5,0,11,0,0,0,0,0,0,0,0,0,0,0,0,0,0,0,0,0,0,0,0,0,0,0,0,0,0,6,0,0,3,270,1530,426,464,505,140,162,260,47,3806,6,30,21,36,20,37,4,30,3,191,0,0,3,0,0,0,7,5,0,14,0,4,0,0,0,0,0,0,0,3,5,6,3,0,0,0,0,0,0,13,3,0,0,0,0,0,0,0,0,6,8,33,4,11,9,3,3,7,0,77,299,1613,454,521,535,176,182,310,55,4153,0,0,0,0,0,0,0,0,0,0,0,0,0,0,0,0,0,0,0,0,0,0,0,0,0,0,0,0,0,0,0,0,0,0,0,0,0,0,0,0,0,0,0,0,0,0,0,0,0,0,0,0,0,0,0,0,0,0,0,0,0,0,0,0,0,0,0,0,0,6
205051099,0,0,0,0,0,0,0,0,0,0,0,0,0,0,0,0,0,0,0,0,0,0,0,0,0,0,0,0,0,0,0,0,0,0,0,0,0,0,0,0,0,0,0,0,0,0,0,0,0,0,0,4,0,3,0,0,0,0,0,15,0,0,0,0,0,0,0,0,0,0,0,0,0,0,0,0,0,0,0,0,0,0,0,0,0,0,0,0,0,0,0,0,0,0,0,0,0,0,0,0,0,0,0,0,0,0,0,0,0,0,0,0,0,0,0,0,0,0,0,0,3,0,0,0,0,0,0,0,0,17,0,0,0,0,0,0,0,0,0,0,0,0,0,0,0,0,0,0,0,0,0,0,0,0,0,0,0,0,0,0,0,0,0,0,0,0,0,0,0,0,0,0,0,0,0,0,0,0,0,0,0,0,0,0,0,0,0,0,0,0,0,0,0,0,0,0,0,0,0,0
205051100,0,0,0,0,0,0,0,0,0,4,0,0,3,0,0,0,0,0,0,7,0,0,0,0,0,0,0,0,0,0,0,0,0,0,0,0,0,0,0,0,0,0,0,0,0,0,0,0,0,3,210,311,331,134,77,22,97,158,25,1381,10,9,20,8,0,0,5,22,0,65,4,0,5,0,0,0,3,3,0,10,4,3,0,0,0,0,0,0,0,18,3,34,0,0,0,0,0,0,0,49,14,10,12,6,0,0,0,0,0,41,113,77,3,19,4,0,0,10,6,231,369,441,377,166,86,29,111,195,35,1809,0,0,0,0,0,0,0,0,0,0,0,0,0,0,0,0,0,0,0,0,0,0,0,0,0,0,0,0,0,0,0,0,0,0,0,0,0,0,0,0,0,0,0,0,0,0,0,0,0,0,0,0,0,0,0,0,0,0,0,0,0,0,0,0,0,0,0,0,0,0
205051101,0,0,0,0,0,0,0,0,0,0,0,0,0,0,3,0,7,4,0,10,0,0,0,0,0,0,0,0,0,0,0,0,0,0,0,0,0,0,0,0,0,0,0,0,0,0,0,0,0,0,330,298,450,304,195,175,308,442,44,2547,11,3,42,18,10,34,13,57,3,187,7,0,8,0,0,0,30,4,4,48,11,0,0,0,0,0,0,9,0,22,0,5,6,0,5,0,5,9,0,26,8,3,3,0,0,0,3,6,0,22,67,13,23,16,14,17,9,33,4,193,426,316,520,343,226,232,374,566,55,3055,0,0,0,0,0,0,0,0,0,0,0,0,0,0,0,0,0,0,0,0,0,0,0,0,0,0,0,0,0,0,0,0,0,0,0,0,0,0,0,0,0,0,0,0,0,0,0,0,0,0,0,0,0,0,0,0,0,0,0,0,0,0,0,0,0,0,0,0,0,0
205051102,0,0,0,0,0,0,0,0,0,0,0,0,0,0,0,0,0,0,0,0,0,0,0,0,0,0,0,0,0,0,0,0,0,0,0,0,0,0,0,0,0,0,0,0,0,0,0,0,0,0,197,91,115,211,87,39,71,119,19,954,8,0,8,5,0,10,4,13,0,52,0,0,0,0,0,0,10,0,0,13,11,0,0,0,0,0,0,6,0,17,0,0,0,0,0,0,0,5,0,11,7,0,0,0,0,0,0,0,0,6,47,0,5,3,0,3,7,11,0,77,275,92,129,219,94,51,91,159,25,1129,0,0,0,0,0,0,0,0,0,0,0,0,0,0,0,0,0,0,0,0,0,0,0,0,0,0,0,0,0,0,0,0,0,0,0,0,0,0,0,0,0,0,0,0,0,0,0,0,0,0,0,0,0,0,0,0,0,0,0,0,0,0,0,0,0,0,0,0,0,0
205051103,0,0,0,0,0,0,0,0,0,4,0,0,0,0,0,0,5,5,0,14,0,0,0,0,0,0,0,0,0,0,0,0,0,0,0,0,0,0,0,0,0,0,0,0,0,0,0,4,0,15,569,1137,860,831,631,507,203,448,74,5254,21,30,59,50,18,117,10,81,3,395,0,0,11,0,0,0,8,5,0,17,0,0,0,0,0,0,0,0,0,9,4,18,11,6,0,9,0,22,0,69,4,7,13,5,0,6,8,9,0,50,31,65,32,54,22,44,9,38,0,291,626,1267,984,945,679,686,234,609,88,6121,0,0,0,0,0,0,0,0,0,0,0,0,0,0,0,0,0,0,0,0,0,0,0,0,0,0,0,0,0,0,0,0,0,0,0,0,0,0,0,0,0,0,0,0,0,0,0,0,0,3,0,0,0,0,0,0,0,0,0,0,0,0,0,0,0,0,0,0,0,3
205051104,0,0,0,0,0,0,0,0,0,0,0,0,0,4,0,0,0,0,0,8,0,0,0,0,0,0,0,0,0,0,0,0,0,0,0,0,0,0,0,0,0,0,0,0,0,0,0,0,0,0,160,121,143,155,75,86,81,182,13,1026,7,3,7,4,4,4,4,29,0,60,0,0,0,0,0,0,6,0,0,12,8,0,0,0,0,0,0,4,0,15,0,0,5,0,0,0,0,5,0,8,12,0,0,0,0,0,0,0,3,23,52,6,17,9,8,13,0,11,0,119,240,139,173,173,85,115,104,232,15,1276,0,0,0,0,0,0,0,0,0,0,0,0,0,0,0,0,0,0,0,0,0,0,0,0,0,0,0,0,0,0,0,0,0,0,0,0,0,0,0,0,0,0,0,0,0,0,0,0,0,0,0,0,0,0,0,0,0,0,0,0,0,0,0,0,0,0,0,0,0,0
206011106,0,6,0,5,0,5,0,3,0,30,3,0,0,5,0,0,3,8,0,24,0,0,0,0,0,0,0,0,0,0,3,17,18,23,6,14,0,10,0,93,0,0,0,0,0,0,0,0,0,3,216,235,253,114,97,89,66,111,14,1188,3,4,13,9,5,26,0,17,0,80,0,0,4,0,0,0,0,0,0,7,0,0,0,0,0,0,0,10,0,13,21,42,20,24,10,14,6,14,0,162,9,7,0,0,7,0,0,0,0,19,29,39,34,36,14,23,0,18,0,192,289,354,352,218,137,172,83,198,19,1818,0,4,4,5,3,0,0,0,0,17,0,0,0,0,0,0,0,0,0,0,0,3,4,0,6,0,0,0,0,16,0,0,0,0,0,0,0,0,0,0,0,0,0,0,0,0,0,0,0,0,0,0,0,0,0,0,0,0,0,4,0,7,10,5,5,3,3,9,0,33
206011107,0,0,0,5,0,0,0,4,0,12,0,0,0,3,0,0,0,0,0,11,0,0,0,0,0,0,0,0,0,0,0,7,4,8,5,0,0,8,0,33,0,0,0,0,0,0,0,5,0,6,109,161,119,168,69,49,30,64,19,786,4,12,3,20,3,12,0,8,0,56,0,0,4,0,0,0,4,0,0,4,0,0,0,3,0,0,0,0,0,4,0,10,7,7,0,0,0,6,0,34,0,0,0,0,0,0,3,0,0,9,9,11,14,25,8,5,0,0,0,84,122,205,158,246,85,77,42,87,20,1046,0,0,0,3,0,0,0,0,0,6,0,0,0,0,0,0,0,0,0,0,0,0,0,0,0,0,0,0,0,3,0,0,0,0,0,0,0,0,0,0,0,0,0,0,0,0,0,0,0,0,0,0,0,0,0,0,0,0,0,0,0,3,0,4,0,0,0,4,0,13
206011109,0,0,0,9,0,0,0,5,0,20,0,0,0,3,0,0,7,0,0,15,0,0,0,0,0,0,0,0,0,0,0,3,0,6,0,0,0,0,0,9,0,0,0,0,0,0,0,0,0,0,74,126,101,140,38,48,16,32,11,575,0,4,9,6,5,6,0,8,0,44,0,0,3,0,0,0,3,3,0,9,0,0,3,0,0,0,0,0,0,0,0,7,0,0,0,0,0,0,0,9,0,0,0,0,0,0,4,0,0,12,5,9,0,13,5,4,0,0,0,33,80,151,115,177,42,64,27,56,11,726,0,0,0,12,0,0,0,0,0,15,0,0,0,0,0,0,0,0,0,0,0,3,0,0,0,0,0,0,0,5,0,0,0,0,0,0,0,0,0,0,0,0,0,0,0,0,0,0,0,0,0,0,0,0,0,0,0,0,0,0,0,8,0,14,0,0,0,0,0,20
206011495,5,10,11,17,5,10,6,10,3,74,0,5,7,10,0,4,4,4,0,37,0,0,0,0,0,0,0,0,0,5,5,17,8,15,9,10,10,8,0,83,0,6,0,4,0,0,3,4,0,20,247,377,345,298,264,158,222,133,40,2085,15,10,25,19,13,27,4,21,0,135,0,0,3,0,0,0,3,0,0,17,0,0,0,3,0,0,6,5,0,16,16,38,25,19,4,16,7,13,4,144,0,0,4,0,0,0,6,0,0,16,27,34,17,45,23,20,9,22,0,197,319,502,448,436,337,237,272,216,56,2822,0,0,4,0,0,0,0,14,0,26,0,0,0,0,0,0,0,0,0,0,0,4,5,0,3,0,0,6,0,18,0,0,0,0,0,3,0,0,0,8,0,0,0,4,0,0,0,0,0,10,0,0,0,0,0,0,0,0,0,0,7,6,9,3,12,11,6,10,4,65
206011496,11,25,33,35,7,24,18,36,3,190,3,0,5,16,4,4,9,6,0,50,0,0,4,0,0,0,0,0,0,3,6,19,18,48,10,46,7,44,0,206,3,6,6,11,0,0,4,9,0,40,533,542,623,490,301,369,193,292,51,3390,24,15,27,44,16,58,19,58,4,256,4,0,5,0,3,0,4,0,0,16,5,9,6,9,0,0,7,4,0,36,33,68,43,64,15,45,20,37,0,314,7,17,0,13,3,4,6,0,0,46,56,70,42,101,26,61,15,40,6,415,685,766,807,833,387,611,288,525,69,4974,3,5,5,8,6,5,3,16,0,56,0,0,0,0,0,0,0,0,0,0,5,8,5,6,4,6,0,8,0,43,0,0,0,3,0,0,3,0,0,16,0,0,0,3,5,0,0,0,0,15,3,0,0,0,0,0,0,4,0,11,9,13,14,19,16,18,15,23,0,127
206011497,0,12,13,18,4,12,7,8,0,71,4,5,4,13,5,8,11,7,0,54,0,0,0,0,0,0,0,0,0,0,7,7,5,12,5,13,5,3,0,52,7,0,0,4,0,0,0,4,0,17,319,586,405,527,356,305,109,197,48,2857,8,13,25,29,23,58,5,22,3,185,3,0,0,0,0,0,5,0,0,7,0,3,0,6,0,0,5,4,0,20,4,36,9,8,8,8,11,3,0,81,4,4,0,3,3,5,3,3,0,30,18,24,21,44,17,34,7,21,6,191,376,688,493,672,412,447,159,272,56,3572,0,4,9,9,3,0,0,5,0,31,0,0,0,0,0,0,0,0,0,0,0,9,0,5,0,0,0,0,0,11,0,0,0,0,0,0,0,0,0,7,0,0,0,0,0,0,0,0,0,0,0,6,0,0,0,0,0,0,0,6,0,18,9,15,4,0,0,8,0,48
206011498,0,0,0,5,0,0,0,8,0,17,0,4,0,6,0,5,0,6,0,19,0,0,0,0,0,0,0,0,0,0,0,5,0,9,0,0,0,4,0,17,0,4,0,0,0,0,0,0,0,6,94,376,162,220,154,30,50,57,12,1149,4,9,14,10,9,11,0,27,0,88,0,0,0,0,0,0,0,3,0,11,0,3,0,3,0,0,0,0,0,4,0,17,3,4,5,3,0,6,0,39,3,3,4,0,0,0,0,0,0,11,0,18,3,6,6,8,0,5,0,62,107,439,194,262,175,56,57,110,15,1422,0,0,0,4,0,0,0,0,3,11,0,0,0,0,0,0,0,0,0,0,0,6,0,6,0,0,0,0,0,6,0,0,0,0,0,0,0,0,0,3,0,0,0,0,0,0,0,0,0,0,0,0,0,0,0,0,0,0,0,0,0,8,0,9,0,0,0,6,3,20
206021110,13,5,31,9,4,8,4,7,0,81,5,10,12,9,0,9,4,6,0,61,0,0,0,0,0,0,0,0,0,0,0,0,4,0,0,0,0,0,0,9,0,0,0,0,0,0,0,3,0,5,432,334,656,231,296,230,229,168,40,2625,11,3,15,20,8,22,13,20,3,132,0,0,8,0,0,0,0,0,0,16,0,3,0,4,4,0,0,0,0,17,11,20,10,18,7,9,9,13,0,95,0,0,3,0,0,3,0,0,0,11,9,16,15,30,8,32,6,8,0,141,481,398,759,327,343,320,279,240,51,3194,0,0,4,3,4,0,0,8,4,28,0,0,0,0,0,0,0,0,0,0,0,0,0,0,0,0,0,0,0,3,0,0,5,0,0,0,0,0,0,10,0,0,0,0,0,0,0,0,0,0,0,0,0,0,0,0,0,0,0,7,0,0,10,3,8,4,5,11,4,47
206021112,9,9,15,13,3,0,0,8,5,57,5,6,6,24,6,0,0,9,0,49,0,0,0,0,0,0,0,0,0,0,3,8,5,12,0,4,0,9,3,50,0,0,0,4,0,0,4,0,0,21,390,439,514,428,241,128,190,217,32,2571,18,14,24,31,17,21,9,28,0,162,4,0,13,0,0,4,8,4,0,31,0,0,6,6,0,0,0,3,0,19,4,52,7,17,8,6,3,11,4,109,3,10,0,5,5,0,6,3,3,28,24,33,18,39,9,8,3,25,0,172,454,563,607,576,290,179,227,324,52,3276,0,0,0,3,0,0,7,8,0,17,0,0,0,0,0,0,0,0,0,0,0,0,4,0,0,0,0,0,0,5,0,0,0,0,0,0,0,0,0,3,0,0,0,0,0,0,0,0,0,4,0,0,0,0,0,0,0,0,0,5,0,5,4,14,3,0,7,10,0,40
206021499,0,12,12,19,5,8,0,17,5,75,0,0,4,11,0,10,0,0,0,21,0,4,0,0,0,0,0,0,0,4,3,4,8,10,3,9,0,4,0,35,0,0,0,0,0,0,0,0,0,6,187,253,284,317,123,136,27,64,28,1414,3,4,11,18,10,19,0,12,0,74,3,0,4,0,0,0,0,0,0,8,0,0,5,0,0,0,0,0,0,7,8,21,10,38,10,7,0,11,0,99,0,0,0,5,0,0,0,0,0,12,29,39,9,40,8,15,7,18,5,168,238,346,338,467,166,197,34,122,30,1933,0,0,0,11,0,0,0,0,0,11,0,0,0,0,0,0,0,0,0,0,0,4,0,3,0,0,0,0,0,8,0,0,3,3,3,0,0,0,0,9,0,0,0,3,0,0,0,0,0,9,0,0,0,0,0,0,0,0,0,0,0,7,3,18,9,0,0,5,0,37
206021500,7,14,14,14,9,0,0,7,0,66,0,0,0,0,0,5,6,3,0,16,0,0,0,0,0,0,0,0,0,0,7,10,5,20,3,14,0,8,0,67,0,0,0,0,0,0,0,0,0,4,183,246,260,173,105,97,61,95,17,1236,5,3,13,11,9,9,11,19,0,74,3,0,3,0,0,0,6,0,0,17,0,0,0,0,0,0,3,0,0,9,5,38,11,33,0,3,0,3,0,104,0,12,4,0,0,0,0,0,0,16,16,33,11,33,13,9,0,6,0,125,228,351,318,288,138,146,82,148,21,1738,0,3,4,4,0,0,0,4,0,15,0,0,0,0,0,0,0,0,0,0,0,6,4,0,0,0,0,3,0,16,0,0,0,0,0,0,0,0,0,3,0,0,0,0,0,0,0,0,0,0,0,4,0,0,0,0,0,0,0,3,0,11,8,10,4,0,0,5,0,41
206031113,0,8,8,10,3,5,5,9,0,45,0,0,0,8,0,0,0,0,0,8,0,0,0,0,0,0,0,0,0,0,0,8,0,21,0,7,4,8,0,52,0,0,0,0,0,0,0,3,0,9,144,227,179,198,116,117,48,64,19,1112,5,6,12,20,5,27,4,11,0,90,0,0,0,0,0,0,0,0,0,10,0,0,0,0,0,0,0,0,0,4,6,9,6,8,0,3,0,4,0,28,0,0,4,0,0,0,0,0,0,6,10,21,10,18,5,24,0,3,3,99,166,283,223,287,137,186,65,105,22,1468,0,0,5,5,0,5,0,0,0,9,0,0,0,0,0,0,0,0,0,0,0,0,0,4,0,3,0,0,0,6,0,0,0,0,0,0,0,0,0,6,0,6,0,0,0,0,0,0,0,3,0,0,0,0,0,0,0,0,0,0,0,3,3,9,0,7,0,0,0,30
206031115,3,9,10,24,4,7,0,11,4,78,0,0,0,4,0,0,0,0,0,9,0,0,0,0,0,0,0,0,0,5,0,8,4,3,4,5,0,14,4,43,0,0,0,0,0,0,4,3,0,6,168,236,170,232,122,90,177,185,28,1396,8,7,3,18,6,24,4,47,6,113,0,0,0,0,0,0,6,0,0,7,0,0,3,0,0,0,8,0,0,10,5,15,0,3,3,4,0,14,0,38,0,0,0,0,0,0,0,0,0,5,7,16,7,20,6,24,10,19,0,106,195,288,197,308,148,150,210,285,41,1812,0,0,0,0,0,3,0,9,0,23,0,0,0,0,0,0,0,0,0,0,0,0,0,4,0,0,0,5,0,14,0,0,0,0,0,0,0,4,0,5,0,0,0,4,0,0,0,0,0,5,0,4,0,0,0,0,0,0,0,4,4,6,3,11,9,9,3,14,0,50
206031116,12,29,25,36,14,17,0,41,5,176,3,5,4,22,10,10,0,8,3,67,0,0,0,0,0,0,0,0,0,0,6,6,13,27,9,15,0,8,0,88,0,0,0,3,0,6,0,0,0,11,379,642,429,641,432,299,43,209,47,3114,13,13,21,42,19,113,0,46,3,277,0,0,3,0,5,0,3,3,0,9,0,0,0,3,0,0,0,0,0,15,8,19,0,7,3,0,0,7,0,48,7,5,3,0,5,0,0,3,0,20,25,47,23,66,31,53,0,29,0,282,448,774,532,851,531,512,53,356,56,4110,0,3,3,7,3,3,0,9,0,24,0,0,0,0,0,0,0,0,0,0,0,0,5,3,4,3,0,6,0,21,0,0,0,0,0,0,0,0,0,15,0,0,0,0,3,0,0,0,0,6,0,0,0,0,0,0,0,0,0,3,4,9,8,18,11,8,0,13,0,66
206031501,0,4,9,8,0,0,0,4,0,24,0,0,0,3,0,0,0,0,0,14,0,0,0,0,0,0,0,0,0,0,0,4,3,14,3,9,0,4,0,36,0,0,0,3,0,0,0,4,0,6,198,423,306,322,187,143,28,136,34,1779,6,7,14,35,17,54,0,52,0,181,6,0,3,0,0,0,0,0,0,14,0,0,0,0,0,0,4,5,0,7,0,0,3,0,3,0,0,0,0,10,3,3,4,4,0,0,0,0,0,20,11,17,3,30,11,25,0,19,0,118,221,465,350,426,221,232,40,222,37,2215,0,0,3,4,0,0,0,3,0,11,0,0,0,0,0,0,0,0,0,0,0,0,0,6,0,4,0,0,0,14,0,0,0,0,0,0,0,0,0,0,0,0,0,0,0,0,0,0,0,0,0,0,0,0,0,0,0,0,0,0,0,3,0,9,0,3,0,9,0,27
206031502,0,19,13,14,7,0,0,9,0,64,0,0,3,6,0,0,0,6,0,15,0,0,0,0,0,0,0,0,0,0,0,11,0,8,0,3,0,0,0,22,0,0,0,5,0,0,0,3,0,9,221,495,294,288,232,173,46,105,31,1886,12,19,17,36,10,33,3,17,0,141,0,0,7,0,0,0,3,0,0,11,0,0,0,5,0,0,0,0,0,7,5,13,0,0,0,0,0,0,0,24,0,12,0,0,0,0,0,0,0,23,24,42,4,31,12,11,0,7,0,136,259,602,344,393,264,228,57,153,35,2336,0,4,4,5,0,4,0,0,0,16,0,0,0,0,0,0,0,0,0,0,0,0,0,4,0,0,0,3,0,6,0,9,0,0,0,0,0,0,0,6,0,0,0,0,0,0,0,0,0,3,0,0,0,0,0,0,0,0,0,3,0,10,7,12,0,4,0,3,0,39
206041117,37,194,91,115,83,25,9,41,18,613,9,31,10,21,9,11,0,14,0,107,0,0,0,0,0,0,0,0,0,4,66,139,60,107,72,43,5,55,8,561,3,3,3,7,6,4,0,6,0,34,587,1042,479,478,430,192,88,276,62,3633,32,63,22,43,47,24,0,31,10,273,5,0,3,0,0,0,3,3,0,8,11,15,12,13,4,0,5,13,0,70,60,230,41,49,39,18,17,21,7,488,5,16,7,4,9,0,3,0,8,55,97,278,70,182,63,70,5,57,12,835,920,2015,795,1019,768,380,142,517,127,6675,4,14,11,21,13,9,0,15,3,93,0,0,0,0,0,0,0,0,0,0,17,65,19,34,27,14,0,17,0,200,11,38,10,9,13,4,3,4,0,90,0,9,5,0,6,0,0,3,0,26,0,15,3,5,7,0,0,3,0,32,39,142,46,73,64,24,6,43,0,441
206041118,505,1417,255,862,1123,189,105,277,129,4859,16,34,7,28,20,12,5,10,3,133,0,0,5,3,0,0,3,0,0,9,103,350,70,165,206,97,8,118,26,1139,14,18,4,8,12,0,0,9,3,63,1135,1335,864,1499,1025,426,356,404,161,7203,55,84,34,101,80,40,3,53,12,455,0,0,7,0,0,0,5,0,0,14,34,28,10,63,25,0,19,19,7,208,103,216,33,101,65,20,16,23,11,586,42,91,21,17,60,11,0,10,15,263,163,345,46,122,168,114,16,68,26,1058,2160,3914,1348,2967,2776,921,528,978,385,15996,47,106,22,41,75,25,7,44,16,390,0,0,0,0,0,0,0,0,0,0,24,91,13,29,53,28,0,27,6,284,113,282,52,179,226,20,45,24,22,964,9,36,0,16,37,3,0,9,6,127,16,45,10,14,28,0,5,9,4,123,214,555,103,284,426,87,55,111,55,1891
206041119,111,407,112,177,228,25,12,103,25,1204,3,44,8,3,17,4,0,4,0,84,0,0,0,0,0,0,0,0,3,7,37,152,26,59,65,13,8,41,11,411,3,12,0,0,5,0,0,4,0,26,535,1513,369,714,558,53,95,176,68,4073,17,81,9,41,51,0,6,33,8,251,0,0,0,0,0,0,0,0,0,5,5,17,7,7,7,0,0,3,0,44,47,144,14,26,24,0,6,7,4,277,11,12,3,6,12,0,0,0,3,48,67,198,22,50,56,6,0,14,11,425,840,2578,578,1082,1017,100,135,384,129,6843,5,20,4,26,16,4,0,17,8,103,0,0,0,0,0,0,0,0,0,0,4,31,8,16,13,6,0,21,0,88,28,79,29,24,36,0,8,13,8,230,0,21,3,8,4,0,0,4,0,50,0,10,5,9,3,0,0,0,0,26,37,159,48,79,73,15,8,53,18,499
206041120,0,3,0,4,0,0,0,0,0,10,0,0,0,0,0,0,0,0,0,0,0,0,0,5,0,0,0,0,0,5,0,4,0,4,0,0,0,3,0,16,0,0,0,0,0,4,0,0,0,8,65,93,84,90,47,46,9,113,9,554,0,5,4,6,0,6,0,18,0,50,0,0,0,0,0,0,0,0,0,6,0,0,0,0,0,0,0,0,0,4,0,3,0,0,0,0,0,0,0,8,0,0,0,0,0,0,0,0,0,0,0,3,0,9,3,0,0,5,0,22,70,117,93,114,50,70,12,150,9,675,0,0,0,6,0,0,0,0,0,6,0,0,0,0,0,0,0,0,0,0,0,0,4,7,0,0,0,0,0,8,0,0,0,0,0,0,0,0,0,0,0,0,0,0,0,0,0,0,0,3,0,0,0,0,0,0,0,0,0,0,0,0,4,8,0,0,0,5,0,19
206041121,16,40,74,35,28,9,24,49,5,269,0,0,0,0,0,4,0,4,0,11,0,0,0,0,0,0,0,0,0,0,0,0,3,3,0,3,0,0,0,19,0,0,9,0,0,0,0,0,0,17,378,382,566,174,238,107,188,312,41,2384,10,10,19,11,12,0,4,23,3,91,0,0,3,0,0,0,3,0,0,7,0,0,0,3,0,3,5,0,0,20,17,19,22,10,4,0,0,3,0,74,4,0,4,0,4,0,0,0,0,19,18,13,22,38,15,15,3,23,0,157,449,471,714,271,304,146,240,427,53,3072,0,4,8,5,5,0,6,10,0,33,0,0,0,0,0,0,0,0,0,0,0,14,6,0,3,0,0,3,0,26,10,6,10,4,7,0,5,3,0,35,0,4,0,0,0,0,0,6,0,11,0,0,4,0,4,0,0,0,0,12,11,29,24,11,20,0,8,21,3,122
206041124,42,441,82,86,107,5,12,85,21,877,12,72,11,7,20,0,0,7,0,130,0,6,0,0,0,0,0,0,0,8,52,802,86,115,143,11,6,58,11,1283,3,34,0,5,8,0,0,0,0,49,783,6517,793,959,917,54,175,527,144,10882,20,311,53,66,82,13,8,49,11,616,3,0,0,0,0,0,4,0,0,6,10,69,9,9,12,0,7,11,0,132,80,1166,76,69,57,3,3,7,14,1478,12,59,3,10,7,0,0,7,5,102,78,951,60,108,79,17,6,72,5,1380,1092,10427,1176,1443,1427,115,223,824,217,16946,5,105,22,27,33,4,4,30,7,234,0,0,0,0,0,0,0,0,0,0,28,319,49,44,68,5,6,34,0,542,0,76,17,14,16,0,4,9,3,140,0,15,9,7,0,0,0,8,0,32,0,29,0,3,4,0,0,0,0,43,40,543,97,88,118,3,11,72,16,989
206041125,28,240,50,72,92,19,5,79,15,598,5,57,4,12,9,0,0,19,0,117,0,0,0,0,0,0,0,0,0,3,45,301,47,81,95,25,3,40,3,649,7,46,0,18,3,5,0,12,3,102,578,3024,434,524,519,132,75,273,66,5616,10,125,19,54,54,11,5,53,4,332,0,0,0,0,0,0,0,0,0,0,0,37,4,4,5,0,0,0,0,57,30,268,13,17,18,4,0,10,4,368,9,31,8,6,9,0,4,3,4,70,65,554,26,52,84,23,0,15,9,834,776,4686,612,845,891,220,99,504,111,8742,3,36,4,20,11,0,0,18,9,98,0,0,0,0,0,0,0,0,0,0,15,120,18,23,40,3,7,26,0,250,4,38,7,11,20,3,3,7,3,97,0,10,5,5,0,0,0,0,0,20,0,20,5,0,0,0,0,0,0,32,24,216,43,60,75,13,7,55,9,497
206041127,8,9,23,0,12,4,13,9,3,77,0,0,6,0,4,0,0,3,0,10,0,0,0,0,0,0,0,0,0,0,0,0,0,0,0,0,0,0,0,0,0,0,0,0,0,0,0,0,0,8,328,184,399,65,347,77,1198,486,71,3166,10,5,5,0,9,0,23,18,0,62,0,0,0,0,0,0,23,4,0,37,0,0,4,0,3,0,4,0,0,19,5,10,12,0,0,0,12,8,0,51,0,0,0,0,0,0,4,4,0,6,0,4,0,0,0,0,0,0,0,6,365,207,445,72,379,91,1273,538,74,3450,0,0,3,0,0,0,0,0,0,4,0,0,0,0,0,0,0,0,0,0,0,0,0,0,0,0,0,0,0,7,5,0,3,0,0,0,0,3,0,16,0,0,0,0,0,0,0,0,0,3,0,0,0,0,0,0,4,0,0,3,8,0,8,0,8,4,5,6,4,37
206041503,889,1755,636,627,1208,724,70,577,149,6637,63,106,39,42,71,79,9,33,11,438,3,0,5,0,3,3,0,0,4,15,400,702,322,614,378,628,13,281,60,3410,22,32,16,22,24,20,0,4,3,126,1580,1508,919,798,928,523,205,440,160,7061,100,109,64,67,139,98,8,57,22,671,0,0,8,0,0,0,6,3,0,22,35,49,40,30,14,9,31,26,4,235,206,342,86,62,80,33,36,24,14,882,51,115,21,20,68,18,3,9,16,330,393,476,271,441,236,313,17,172,38,2357,3741,5202,2433,2716,3140,2435,404,1619,483,22175,45,138,55,71,95,95,4,82,28,609,0,0,0,0,0,0,0,0,0,0,41,99,35,50,59,74,0,33,5,391,134,280,122,90,185,117,15,65,18,1018,18,45,14,19,46,37,0,24,3,213,13,48,15,14,23,9,4,14,0,147,250,617,245,238,409,329,26,218,56,2385
206041504,245,568,238,179,365,327,12,245,44,2226,32,39,13,22,32,27,0,16,6,193,0,0,0,0,0,0,0,0,5,6,109,170,75,154,94,193,7,119,11,936,3,7,0,3,10,4,0,0,0,28,592,477,382,234,271,285,58,241,41,2598,39,18,10,31,31,48,3,28,5,220,7,0,0,0,0,3,5,5,0,17,6,12,11,7,8,3,8,10,0,62,56,121,27,17,24,23,41,18,8,331,18,29,0,10,15,12,3,3,3,98,138,192,123,246,103,207,4,134,26,1164,1246,1635,884,898,957,1138,146,826,156,7881,13,42,27,21,36,37,0,33,7,224,0,0,0,0,0,0,0,0,0,0,8,22,11,12,18,33,0,21,0,125,57,81,57,21,79,38,3,26,5,373,5,16,5,7,17,14,0,0,0,77,8,13,5,4,6,6,0,6,0,56,100,176,116,73,156,125,10,85,13,847
206041505,982,2759,656,634,2222,309,199,613,203,8580,55,198,31,39,143,25,7,41,10,550,5,0,3,0,0,0,0,3,4,22,332,910,154,283,584,132,18,218,54,2685,19,61,3,26,43,8,9,31,5,202,1641,2507,1041,726,1327,371,523,593,188,8912,93,197,58,75,173,35,14,62,11,720,3,5,4,0,0,0,4,0,0,20,39,88,30,15,27,10,35,22,5,272,202,491,62,52,82,21,46,43,17,1019,54,146,16,16,78,18,9,15,10,359,360,793,171,235,373,130,33,179,41,2321,3784,8152,2240,2103,5048,1056,888,1824,560,25652,48,191,53,68,185,47,13,93,30,731,0,0,0,0,0,0,0,0,0,0,48,136,17,35,95,19,4,43,9,417,184,471,165,124,399,57,108,85,26,1621,20,67,10,17,78,12,0,20,0,231,27,69,12,16,37,10,7,18,3,189,323,939,262,264,800,141,129,262,71,3192
206041506,25,105,76,28,87,23,25,84,12,461,0,6,3,3,3,3,0,8,5,36,0,0,0,0,0,0,0,0,0,4,24,54,28,34,27,19,5,24,0,215,3,11,4,4,4,0,10,0,0,31,758,893,994,425,542,206,277,515,102,4713,24,30,48,5,32,15,8,45,9,209,0,3,5,0,0,0,11,0,0,23,8,11,14,10,4,4,4,9,0,57,45,86,27,27,27,11,12,23,4,262,4,15,3,3,5,0,0,3,3,40,46,87,46,64,36,29,9,31,10,366,942,1296,1246,605,780,309,347,745,145,6411,3,5,9,13,21,5,0,14,0,72,0,0,0,0,0,0,0,0,0,0,13,19,4,14,16,3,0,10,0,80,6,17,12,0,16,4,0,12,0,70,0,7,9,0,0,0,0,4,0,21,0,3,0,7,0,0,0,3,0,12,24,57,35,31,53,16,5,44,3,261
206041507,0,3,0,0,0,0,0,0,0,16,0,0,0,0,0,0,0,0,0,0,0,0,0,0,0,0,0,0,0,0,0,0,4,0,3,0,0,0,0,9,0,0,0,0,0,0,0,0,0,0,17,16,30,35,10,5,3,3,0,109,0,0,0,0,0,0,0,0,0,0,0,0,0,0,0,0,0,0,0,0,0,0,0,0,0,0,0,0,0,0,0,0,5,0,0,0,0,0,0,7,0,0,0,0,0,0,0,0,0,3,3,0,0,0,0,0,0,0,0,11,25,25,37,43,17,6,3,9,0,157,0,0,0,0,0,0,0,0,0,0,0,0,0,0,0,0,0,0,0,0,0,0,0,0,0,0,0,0,0,0,0,0,0,0,0,0,0,0,0,0,0,0,0,0,0,0,0,0,0,0,0,0,0,0,0,0,0,0,0,0,0,0,0,0,0,0,0,0,0,3
206041508,183,362,142,198,192,140,12,232,35,1489,5,11,11,12,5,8,0,7,3,56,0,0,0,0,0,0,0,0,0,0,71,132,84,185,59,95,0,72,7,706,4,7,0,4,3,3,3,0,0,33,890,629,568,1241,434,349,81,275,94,4560,18,28,21,54,16,12,3,24,5,183,0,0,3,0,0,0,3,0,0,4,10,8,18,21,6,8,0,5,4,70,36,79,28,21,14,16,0,7,0,204,12,16,13,14,14,7,0,5,0,85,112,125,79,237,67,66,0,50,17,764,1341,1412,961,1993,803,711,101,675,163,8161,11,44,19,30,22,9,0,44,3,180,0,0,0,0,0,0,0,0,0,0,8,16,21,33,15,18,0,22,0,124,30,98,29,18,26,13,0,16,3,245,4,3,3,3,3,8,0,9,0,37,13,14,9,11,3,3,0,3,0,53,67,178,78,99,70,49,4,87,8,642
206041509,75,151,77,61,99,31,4,65,13,581,3,4,0,0,0,0,0,0,3,12,0,3,0,0,0,0,0,0,0,5,47,138,32,33,77,27,0,41,4,411,3,29,5,0,8,0,0,0,0,49,513,781,309,218,308,131,42,122,52,2476,14,30,7,11,27,11,3,19,0,126,0,0,0,0,0,0,0,0,0,5,10,19,10,3,5,0,6,0,0,59,31,91,28,19,17,9,3,7,4,211,0,12,4,5,6,4,0,4,4,35,63,138,34,60,50,40,0,35,3,414,765,1400,514,411,605,255,74,290,83,4385,4,13,3,8,13,4,0,15,0,73,0,0,0,0,0,0,0,0,0,0,10,25,3,11,30,0,0,5,0,84,10,33,9,10,10,0,0,3,0,77,0,7,0,5,0,0,0,0,3,15,7,3,8,0,4,3,0,0,0,28,22,84,27,35,63,10,0,26,6,270
206041510,26,119,66,70,68,19,6,28,9,412,3,10,4,3,8,0,0,3,0,30,0,0,0,0,0,0,0,0,0,5,9,22,9,7,9,0,0,9,0,72,0,0,0,0,0,0,0,0,0,11,334,316,322,240,229,77,63,128,35,1745,15,13,13,13,15,4,0,12,0,81,0,0,0,0,5,0,4,0,0,8,11,14,3,4,0,0,3,3,0,41,12,30,6,6,8,3,7,7,0,89,0,3,0,4,11,0,0,0,0,22,29,58,32,29,30,10,0,19,0,207,438,577,459,370,379,125,90,223,53,2709,0,12,5,0,11,0,0,8,0,37,0,0,0,0,0,0,0,0,0,0,0,0,3,0,4,0,0,3,0,14,6,19,17,12,16,0,0,4,3,85,0,0,0,0,4,0,0,4,0,12,0,8,0,0,0,0,0,0,0,10,10,39,28,22,34,11,3,21,3,155
206051128,40,103,36,30,68,21,0,27,9,341,4,4,4,3,10,0,0,0,0,24,0,0,0,0,0,0,0,0,0,0,46,154,57,72,85,26,0,30,4,480,5,10,4,4,0,4,0,0,0,32,967,1111,475,379,465,299,42,197,71,3993,11,39,17,34,51,19,8,10,4,202,5,0,4,0,0,0,4,0,0,7,14,3,10,3,0,3,0,5,0,38,35,73,14,25,15,7,0,17,7,190,16,16,6,12,6,8,0,8,4,77,91,167,30,59,60,47,7,22,3,479,1230,1688,661,618,760,428,62,313,100,5866,0,5,4,6,7,5,0,10,0,34,0,0,0,0,0,0,0,0,0,0,23,51,10,12,38,12,0,22,0,184,3,16,9,3,7,0,0,4,0,54,0,0,0,5,0,0,0,0,0,7,0,7,0,0,0,0,0,0,0,5,31,80,21,33,59,21,0,39,6,287
206051129,0,4,3,8,0,0,0,0,0,21,0,0,0,8,4,5,0,0,0,22,0,0,0,0,0,0,0,0,0,0,0,8,0,11,0,0,0,0,0,18,0,0,0,0,0,0,0,0,0,0,125,205,198,126,62,82,23,58,12,890,4,6,13,13,0,4,0,6,0,51,0,0,3,0,0,0,0,0,0,6,0,0,0,0,0,0,3,3,0,4,3,12,4,17,0,3,0,0,0,48,0,3,4,3,0,3,0,4,0,15,20,28,19,47,14,26,0,11,0,154,154,260,245,237,76,125,29,90,14,1235,0,0,0,4,0,4,0,0,0,10,0,0,0,0,0,0,0,0,0,0,0,0,0,4,0,3,0,0,0,13,0,0,0,0,0,0,0,0,0,0,0,0,0,0,0,0,0,0,0,0,0,0,0,0,0,0,0,0,0,0,0,0,6,8,0,8,0,0,0,26
206051130,4,6,17,13,6,5,0,10,0,66,7,4,9,19,6,9,0,7,0,53,0,0,0,0,0,0,0,0,0,3,5,7,12,29,5,10,3,4,0,76,0,0,0,6,0,3,0,0,0,9,291,260,252,232,148,118,51,127,26,1500,9,6,15,24,8,6,0,7,0,84,0,0,5,0,0,0,3,3,0,13,3,0,0,6,0,3,0,8,0,12,5,19,9,18,5,9,4,8,0,68,0,4,0,4,0,7,3,4,0,32,33,42,20,50,22,38,0,13,6,230,363,362,328,398,202,199,68,197,38,2158,0,3,6,4,0,0,6,7,0,28,0,0,0,0,0,0,0,0,0,0,0,7,9,11,5,3,0,4,0,31,0,0,0,6,0,0,0,0,0,4,0,0,0,0,0,0,0,0,0,0,0,0,0,0,0,0,0,0,0,3,0,11,11,20,3,3,6,11,0,67
206051134,5,18,18,16,6,13,4,16,3,104,0,0,0,0,0,3,0,4,0,7,0,0,0,0,0,0,0,0,0,0,0,8,4,22,8,12,0,0,0,52,0,4,0,0,0,0,0,0,0,3,205,255,227,236,100,132,38,89,13,1287,6,5,7,23,4,24,0,12,4,92,4,0,4,0,0,0,0,0,0,9,3,5,5,0,3,0,10,8,0,28,9,14,12,6,4,5,3,6,0,58,3,4,0,0,0,0,0,0,0,18,15,30,38,55,11,34,3,18,4,217,256,340,308,365,139,229,65,154,24,1873,0,0,0,0,0,3,0,6,0,13,0,0,0,0,0,0,0,0,0,0,0,4,5,9,4,4,0,3,0,40,0,4,10,0,4,0,0,0,0,11,0,0,0,0,0,0,0,0,0,0,0,0,0,0,0,0,0,4,0,7,4,7,16,14,7,8,4,14,0,69
206051511,26,45,81,20,49,29,27,71,12,366,15,22,11,4,31,14,15,21,4,149,0,0,3,0,0,0,0,0,4,8,18,32,21,23,18,12,15,31,6,170,6,5,4,3,11,5,32,3,0,69,2618,2403,3411,419,1921,767,2128,1408,289,15368,62,57,82,15,77,36,60,84,17,486,9,0,21,0,33,0,74,5,5,146,19,19,33,3,8,3,56,18,6,170,70,110,53,14,37,21,112,32,5,466,13,32,21,0,45,14,31,36,14,218,38,53,21,7,28,16,11,12,3,197,2894,2789,3754,510,2274,913,2569,1727,371,17808,18,55,31,0,36,10,35,33,3,229,0,0,0,0,0,0,0,0,0,0,8,11,3,3,7,5,8,4,0,49,4,18,40,3,6,4,3,3,0,86,0,0,5,0,5,0,0,3,0,8,0,9,9,3,5,0,0,0,0,29,35,86,82,12,61,19,46,47,4,397
206051512,43,135,86,64,97,39,10,115,25,605,0,11,8,0,8,3,0,11,4,41,3,0,0,3,0,0,0,0,3,9,49,149,60,101,109,90,5,67,7,642,0,8,6,0,0,3,3,3,0,33,1171,1331,752,601,772,504,99,388,96,5721,38,53,31,33,71,38,6,26,6,310,3,0,6,0,0,0,0,6,0,17,12,19,15,3,4,6,0,8,4,71,52,118,29,22,27,27,8,19,0,294,15,28,5,0,7,0,0,6,6,66,122,184,50,83,107,75,8,42,10,672,1502,2037,1042,921,1203,790,142,685,155,8481,4,20,6,3,6,4,0,27,4,80,0,0,0,0,0,0,0,0,0,0,20,85,28,36,61,26,0,22,3,280,11,23,14,4,12,3,0,16,7,97,0,3,0,5,5,3,0,4,0,19,0,16,3,0,4,3,0,0,0,24,41,142,51,48,87,37,0,68,17,502
206051513,13,26,17,25,20,8,0,11,3,116,3,4,3,5,3,0,0,0,0,20,0,0,0,0,0,0,0,0,0,0,8,24,13,36,27,11,3,4,3,132,5,9,0,3,0,0,0,0,0,15,327,534,232,251,230,130,29,96,34,1864,11,15,7,11,12,8,0,3,0,72,0,0,3,0,0,0,0,0,0,10,3,11,0,5,4,0,0,0,0,27,10,39,8,8,6,0,0,7,0,78,0,11,5,0,3,0,0,3,0,26,30,68,23,52,32,15,0,15,5,236,410,733,333,392,339,168,38,133,49,2600,4,3,0,5,4,0,0,3,0,14,0,0,0,0,0,0,0,0,0,0,7,17,6,3,7,0,0,0,0,34,4,3,0,0,4,0,0,0,0,12,0,0,0,0,0,0,0,0,0,0,0,0,0,0,0,0,0,0,0,7,9,24,9,10,16,0,0,3,4,73
206051514,13,34,31,43,17,11,0,16,4,174,5,5,0,12,0,10,0,0,0,38,0,0,0,0,0,0,0,0,0,0,35,58,47,61,31,42,3,32,0,308,9,6,3,3,0,0,0,0,0,22,421,467,346,413,225,126,50,138,39,2226,16,20,8,32,16,31,3,13,0,140,0,0,0,0,0,0,3,0,5,11,5,8,3,0,0,0,0,7,0,31,20,40,8,21,4,8,6,8,4,116,4,13,5,7,5,4,0,0,3,37,82,76,36,118,29,43,0,33,9,418,605,733,491,709,335,276,74,250,59,3525,3,6,7,4,0,3,0,5,0,30,0,0,0,0,0,0,0,0,0,0,7,23,19,20,21,8,5,16,0,116,0,5,3,5,4,0,0,0,0,15,0,0,5,4,0,0,0,0,0,7,0,0,3,4,0,0,0,0,0,10,9,31,29,29,28,16,5,27,3,182
206061135,19,34,25,57,19,23,10,26,4,210,0,0,0,0,0,0,0,4,0,9,0,0,0,0,0,0,0,0,0,0,5,15,13,30,12,28,0,12,0,125,0,0,0,0,0,0,0,0,0,6,401,533,352,371,252,359,199,181,34,2680,13,16,15,34,8,34,0,24,0,147,0,0,0,0,0,0,0,0,0,4,5,3,0,0,0,0,3,0,0,22,3,4,6,3,0,3,0,4,0,39,9,3,0,9,0,4,0,4,0,24,30,35,26,40,20,43,5,11,0,216,487,646,447,547,313,503,227,270,47,3481,0,0,8,7,0,6,0,3,0,32,0,0,0,0,0,0,0,0,0,0,0,6,6,8,5,8,0,9,0,36,0,3,0,0,0,0,0,0,0,13,0,0,0,4,0,0,0,0,0,5,0,0,0,0,0,0,0,0,0,3,9,12,16,25,12,18,0,15,0,98
206061136,39,117,79,90,45,61,7,69,8,509,0,5,6,6,0,4,0,3,3,29,0,0,0,0,0,0,0,0,0,4,31,59,46,67,25,41,11,37,0,320,4,11,4,11,0,0,0,3,0,47,600,960,552,567,403,348,62,191,54,3747,25,37,29,37,28,42,3,29,0,222,0,0,5,0,0,0,0,3,0,6,6,12,15,8,5,6,0,3,0,54,31,73,14,24,9,16,0,11,3,182,11,8,3,10,5,3,0,0,3,41,104,167,64,148,58,78,3,38,3,671,865,1447,816,971,572,604,87,390,81,5833,3,8,9,14,6,6,0,10,4,65,0,0,0,0,0,0,0,0,0,0,3,15,15,19,10,18,0,12,0,94,3,13,12,5,0,3,0,4,0,45,0,8,0,6,4,3,0,0,0,16,0,9,0,0,0,0,0,0,0,11,10,47,39,52,19,29,0,27,3,229
206061138,5,21,9,19,16,7,0,15,8,102,0,0,0,4,0,3,0,0,0,15,0,0,0,0,0,0,0,0,0,0,7,9,9,19,7,14,0,16,4,82,0,3,0,4,0,0,0,0,0,5,244,486,394,254,187,160,28,150,37,1934,18,6,16,24,6,26,0,18,3,111,0,0,3,0,0,0,3,0,0,8,0,6,0,0,0,0,3,0,0,9,3,11,6,3,0,4,0,0,0,33,3,10,3,0,0,5,0,0,0,23,23,43,10,21,15,28,0,10,0,147,306,592,459,340,233,246,36,219,45,2474,0,0,0,0,0,0,0,0,0,11,0,0,0,0,0,0,0,0,0,0,3,4,4,10,3,9,0,4,0,31,0,3,0,0,0,0,0,0,0,3,0,0,0,0,0,5,0,0,0,9,0,0,0,0,0,0,0,0,0,0,3,9,9,11,6,12,0,7,0,58
206061515,37,106,43,52,59,60,4,41,10,412,0,0,0,0,0,0,0,4,0,13,0,0,0,0,0,0,0,0,0,0,10,22,11,28,16,24,3,16,0,126,5,0,6,5,0,0,0,0,0,19,401,496,276,249,179,211,29,147,38,2027,13,19,7,15,11,23,0,12,0,100,0,0,0,0,0,0,0,5,0,5,6,3,0,4,0,0,0,3,0,10,0,29,10,13,8,5,0,9,0,74,3,13,5,0,4,3,0,0,0,26,63,90,28,63,32,45,0,12,9,345,538,789,389,430,301,365,38,241,62,3163,0,8,3,7,6,0,0,19,0,53,0,0,0,0,0,0,0,0,0,0,3,19,7,11,3,8,0,12,0,62,7,12,6,4,6,0,0,6,0,47,0,4,4,3,3,3,0,0,0,17,3,6,0,3,0,0,0,0,0,18,20,44,22,31,24,13,4,44,6,197
206061516,48,59,50,64,36,56,4,45,4,365,0,7,3,8,4,3,0,6,0,29,0,0,0,0,0,0,0,0,0,6,14,22,26,27,11,41,0,22,0,158,10,0,0,5,0,5,0,0,0,21,398,439,274,191,167,250,30,102,30,1884,21,13,8,13,11,22,0,24,3,134,3,0,0,0,0,0,5,0,0,12,6,3,9,0,0,0,3,8,0,24,10,27,11,17,5,6,0,11,0,84,9,9,3,0,0,4,0,0,0,30,69,94,47,58,20,95,9,29,8,423,598,674,430,376,257,485,50,249,50,3167,3,4,8,5,3,6,0,10,0,49,0,0,0,0,0,0,0,0,0,0,0,9,14,19,4,8,0,11,0,71,7,11,8,7,8,0,0,0,0,42,0,3,0,0,0,0,0,4,0,15,0,5,4,0,0,4,0,0,0,12,10,34,28,26,20,25,0,31,0,179
206071139,32,97,58,35,75,32,36,41,7,417,6,18,0,14,9,4,4,12,0,66,0,0,0,0,0,0,0,0,0,0,12,22,18,13,15,17,15,20,0,132,6,0,0,4,5,0,0,0,0,21,737,676,546,235,485,226,221,228,61,3403,21,21,19,19,19,17,19,17,0,155,5,0,7,0,0,0,7,0,0,14,4,3,9,0,4,0,9,6,0,36,43,74,28,26,38,10,22,13,0,260,7,5,3,0,9,7,9,0,0,31,52,77,26,45,39,28,8,27,7,304,919,1001,719,390,691,353,348,366,72,4858,8,8,10,7,8,9,3,3,4,56,0,0,0,0,0,0,0,0,0,0,10,15,9,18,16,10,3,5,0,81,6,11,8,8,16,0,0,0,0,42,0,5,0,4,0,4,0,0,0,15,3,0,0,0,3,0,3,0,0,15,23,40,27,34,41,20,12,16,9,210
206071140,0,4,10,3,0,0,0,0,0,18,0,3,0,0,0,0,0,7,0,13,0,0,0,0,0,0,0,0,0,0,3,9,5,17,7,5,0,5,0,41,0,0,0,0,0,0,0,0,0,4,123,204,206,132,48,62,16,40,13,848,4,9,3,3,4,3,0,0,0,28,0,0,4,0,0,0,0,0,0,4,0,4,0,0,0,0,0,0,0,0,10,20,8,19,0,4,0,10,0,67,0,5,0,0,5,0,0,0,0,15,22,41,17,33,11,5,0,5,4,130,170,286,256,207,73,81,17,60,16,1175,0,0,0,0,0,0,0,0,0,9,0,0,0,0,0,0,0,0,0,0,0,0,0,7,0,0,0,3,0,10,0,0,0,0,0,0,0,0,0,0,0,0,0,0,0,0,0,0,0,0,0,0,0,0,0,0,0,0,0,0,4,6,0,6,0,0,0,3,0,21
206071141,33,106,87,41,47,25,15,81,13,449,5,29,10,11,11,10,0,21,3,89,0,0,0,0,0,0,0,0,0,0,28,76,42,45,44,41,3,52,4,325,7,12,0,9,0,0,5,0,0,40,795,960,757,291,461,313,167,297,63,4098,32,49,26,27,33,18,0,32,6,230,0,0,0,0,0,0,9,0,0,14,12,23,9,8,7,0,4,8,0,70,75,161,54,54,25,31,13,20,6,434,13,19,4,4,4,0,0,0,8,50,107,163,54,68,40,43,9,16,10,500,1097,1597,1032,549,677,480,229,532,109,6304,3,14,12,11,4,4,0,20,0,62,0,0,0,0,0,0,0,0,0,0,5,25,15,11,15,5,4,20,0,106,7,20,23,6,8,5,0,0,0,68,3,0,4,0,0,0,0,4,0,13,3,5,5,0,3,0,0,3,0,18,20,70,52,26,39,16,3,44,0,269
206071142,30,383,81,101,130,24,15,65,24,854,9,41,12,23,8,18,5,3,3,113,0,0,0,0,0,0,0,0,0,0,51,281,71,151,70,65,8,43,11,748,7,18,4,8,6,3,6,0,0,52,556,1968,484,444,406,231,83,210,62,4442,21,116,33,40,36,30,3,27,3,308,0,0,3,0,0,0,11,0,0,14,5,13,8,12,5,6,3,4,0,57,63,305,48,77,41,49,19,22,0,628,11,24,7,7,4,0,3,0,0,53,115,357,76,159,63,70,5,29,15,902,870,3513,828,1022,764,488,162,415,121,8184,0,17,6,16,5,0,0,10,0,56,0,0,0,0,0,0,0,0,0,0,13,49,23,25,23,12,0,15,0,161,11,78,19,16,24,0,5,4,0,154,4,20,0,5,0,0,0,0,0,26,0,8,5,5,0,3,0,0,0,19,29,168,46,58,59,12,8,25,0,413
206071143,5,3,14,19,5,4,3,16,0,83,0,0,0,10,0,3,4,4,0,28,0,0,0,0,0,0,0,0,0,0,3,12,17,35,11,16,10,13,0,118,0,0,4,0,0,4,0,0,0,9,190,301,240,183,138,79,227,89,29,1484,11,12,10,19,5,13,0,18,0,91,0,0,0,0,0,0,4,0,0,4,3,0,4,0,0,4,0,6,0,15,13,55,18,41,11,21,11,11,5,184,4,3,8,0,3,0,0,0,0,22,29,54,11,41,17,46,3,13,3,226,261,455,327,363,192,186,258,181,33,2254,0,3,0,8,0,0,0,3,0,15,0,0,0,0,0,0,0,0,0,0,0,5,3,3,3,3,0,5,0,22,0,0,0,0,0,0,0,0,0,0,0,0,0,0,0,0,0,0,0,0,0,0,0,0,0,0,0,0,0,3,0,5,7,9,8,6,0,4,0,46
206071145,9,19,3,20,9,4,11,15,0,94,0,3,0,9,3,4,4,0,0,36,0,0,0,0,0,0,0,0,0,0,5,0,6,5,0,3,0,3,0,18,0,3,0,8,0,0,0,0,0,7,236,527,285,314,160,102,63,164,35,1875,3,5,7,12,5,9,8,23,3,71,3,0,4,0,0,0,9,0,0,12,0,0,0,0,0,0,0,3,0,6,10,44,5,18,6,6,8,14,0,110,0,9,0,3,0,0,0,0,5,23,14,32,7,25,12,17,5,12,3,122,275,643,322,416,195,151,104,229,44,2370,0,0,0,4,3,0,0,4,5,18,0,0,0,0,0,0,0,0,0,0,0,6,0,5,0,0,0,0,0,15,0,0,0,4,3,3,0,0,0,7,0,0,0,0,0,0,0,0,0,6,0,0,0,0,0,0,0,0,0,0,4,4,0,8,6,6,0,4,5,48
206071517,136,347,177,94,144,110,18,93,17,1136,0,12,0,5,5,9,0,6,0,50,0,0,0,0,0,0,0,0,3,3,40,81,57,75,38,41,3,33,11,378,10,43,6,13,9,7,0,32,3,122,1424,1393,1161,430,611,665,126,300,78,6188,44,42,43,39,22,43,4,38,5,291,4,0,10,0,0,0,6,0,3,19,18,13,14,9,3,3,3,3,0,68,81,142,52,38,20,26,9,14,6,379,15,22,18,5,12,10,0,8,3,93,180,232,56,106,87,81,9,28,4,789,1952,2327,1596,817,949,1008,188,556,138,9523,12,26,9,7,21,12,0,8,0,98,0,0,0,0,0,0,0,0,0,0,13,47,24,32,19,19,0,14,0,173,25,70,21,12,23,23,4,5,0,173,4,11,3,7,3,4,0,4,0,33,7,9,9,0,5,0,0,0,3,35,61,158,63,53,68,61,8,38,10,524
206071518,47,274,70,87,196,42,21,100,17,862,0,10,3,0,6,0,0,3,0,29,0,0,0,0,0,0,0,0,5,5,16,121,32,48,47,93,7,60,6,441,0,11,5,5,5,5,3,0,0,28,835,1745,607,519,724,425,138,311,69,5377,35,75,38,36,40,85,6,40,0,350,3,0,0,0,0,0,4,0,0,17,0,12,8,3,3,0,0,0,0,34,17,99,17,43,31,22,9,24,5,261,15,26,7,4,16,4,0,4,3,75,70,210,45,61,82,94,12,72,12,659,1040,2593,828,813,1150,775,201,618,117,8135,7,22,16,9,19,6,4,10,9,100,0,0,0,0,0,0,0,0,0,0,5,32,20,22,27,27,4,17,5,155,7,69,12,18,41,7,4,9,8,171,0,13,0,5,5,3,0,3,4,43,4,11,3,7,3,4,0,0,0,28,19,151,53,62,94,43,14,44,22,496
207011146,0,6,5,12,3,5,0,4,0,32,0,0,0,3,0,9,0,0,0,22,0,0,0,0,0,0,0,0,0,0,0,0,0,0,0,0,0,0,0,6,0,0,3,0,0,0,3,0,0,12,126,249,134,237,105,110,9,64,19,1055,11,11,8,16,3,29,0,11,0,93,0,0,3,0,0,0,0,0,0,4,0,0,0,4,0,0,0,0,0,4,0,10,0,4,0,8,5,4,0,33,0,4,0,0,0,0,0,0,0,8,3,14,4,13,10,25,0,9,0,83,145,293,155,298,125,180,20,105,23,1343,0,0,0,4,0,3,0,0,0,7,0,0,0,0,0,0,0,0,0,0,0,0,0,6,0,0,0,0,0,4,0,0,0,0,0,0,0,0,0,6,0,0,0,0,0,0,0,0,0,0,0,0,0,0,0,0,0,0,0,0,0,0,4,7,4,4,0,0,0,18
207011147,0,6,3,18,0,3,0,9,0,37,0,9,4,6,3,3,0,0,0,38,0,0,0,0,0,0,0,0,0,0,0,18,0,26,3,9,0,3,0,68,0,0,0,0,0,0,0,0,0,5,303,580,289,335,289,248,60,126,31,2257,13,19,16,36,7,69,5,43,6,207,0,0,0,0,0,0,0,0,0,8,0,0,0,0,0,0,8,0,0,8,0,7,0,0,0,3,4,3,0,20,3,4,0,0,4,0,4,0,0,23,13,30,9,29,11,39,4,14,0,151,344,678,324,450,323,381,79,202,36,2815,0,4,3,6,0,6,0,5,0,15,0,0,0,0,0,0,0,0,0,0,0,12,0,12,0,0,0,0,0,28,0,0,0,0,0,0,0,0,0,3,0,0,0,0,0,0,0,0,0,0,0,3,0,0,0,0,0,0,0,3,6,15,4,17,0,7,0,3,0,49
207011148,0,0,0,0,3,0,0,6,0,8,0,3,6,5,3,4,0,6,0,28,0,0,0,0,0,0,0,0,0,0,0,0,4,0,0,4,0,4,0,15,0,0,4,3,0,0,0,0,0,6,208,391,279,303,145,141,37,93,30,1617,12,22,10,27,0,24,0,23,3,114,0,0,4,0,0,0,0,0,0,6,0,0,0,0,0,0,0,0,0,3,6,6,0,0,0,0,0,0,0,16,0,4,3,0,0,0,0,0,0,12,13,18,3,15,4,17,0,6,0,78,235,445,301,361,161,198,37,132,37,1913,0,0,0,0,0,0,0,0,0,4,0,0,0,0,0,0,0,0,0,0,0,0,0,0,0,0,0,4,0,6,0,0,0,0,0,0,0,0,0,0,0,0,0,0,0,0,0,0,0,0,0,0,0,0,0,0,0,0,0,0,0,0,0,0,0,0,0,4,0,8
207011149,13,40,15,59,17,26,4,22,0,199,0,9,5,13,0,8,0,8,0,41,0,0,0,0,0,0,0,0,0,0,3,17,6,45,8,23,3,7,5,117,0,3,4,9,0,4,0,3,0,24,486,720,430,755,399,351,88,199,58,3487,19,23,14,54,16,71,8,18,0,230,5,0,8,0,0,0,4,0,0,11,0,0,0,3,0,0,0,0,0,6,4,18,0,9,8,6,0,3,0,41,4,10,0,4,9,0,4,0,0,28,38,43,20,51,14,49,4,25,0,239,581,889,511,993,464,538,115,284,68,4434,0,3,3,10,5,17,0,6,0,44,0,0,0,0,0,0,0,0,0,0,0,9,3,17,3,3,0,3,0,37,5,6,0,0,3,0,0,0,0,17,5,4,0,4,0,0,0,0,0,13,0,0,0,3,0,0,0,0,0,13,8,18,8,32,10,19,0,4,0,109
207011150,12,30,10,6,9,3,0,10,4,83,0,3,6,7,3,9,0,5,0,27,0,0,0,0,0,0,0,0,0,0,0,6,3,8,4,8,0,4,0,28,0,0,0,0,0,0,0,0,0,5,472,810,255,294,311,229,35,153,29,2581,3,16,9,14,9,20,0,14,6,97,3,0,0,0,0,0,0,0,0,12,3,3,0,0,0,6,0,0,0,11,6,21,0,0,0,4,0,3,0,31,7,7,0,3,9,5,0,0,0,25,15,28,10,23,16,22,0,13,0,119,519,933,287,346,360,297,41,197,40,3018,0,3,0,6,0,3,0,8,0,23,0,0,0,0,0,0,0,0,0,0,0,0,0,0,4,0,0,3,0,13,0,4,0,0,0,0,0,0,0,12,0,0,0,0,0,0,0,0,0,0,0,0,0,0,0,0,0,0,0,0,3,17,0,5,3,11,0,11,0,50
207011152,12,69,43,34,41,23,5,30,10,264,0,0,0,4,4,3,0,0,0,13,0,0,0,0,0,0,0,0,0,4,8,11,14,31,4,19,8,13,0,98,0,0,0,4,6,0,0,0,0,13,768,1031,482,407,573,371,171,212,63,4077,13,27,18,47,23,53,8,23,0,211,0,0,6,0,0,0,3,0,0,8,0,3,3,5,5,4,3,0,0,23,5,26,3,9,0,6,0,5,0,63,10,9,0,0,6,8,0,3,6,37,37,49,22,46,28,46,3,18,0,260,856,1231,583,593,689,525,200,318,76,5070,0,15,8,7,5,5,0,6,0,45,0,0,0,0,0,0,0,0,0,0,0,13,3,4,4,7,0,6,0,40,3,9,11,0,3,3,3,0,0,33,0,5,3,5,0,3,0,0,0,16,0,3,0,0,0,0,0,0,0,12,8,41,17,19,13,15,0,21,0,136
207011154,0,0,0,6,0,0,0,4,0,6,4,4,0,9,3,0,0,4,0,21,0,0,0,0,0,0,0,0,0,0,0,0,4,4,5,5,0,3,0,16,0,0,0,0,0,0,0,0,0,5,187,306,168,243,210,72,21,63,17,1288,6,8,13,9,8,15,0,6,0,59,0,0,4,0,0,0,0,0,0,5,0,0,0,0,0,0,0,0,0,4,3,5,0,5,3,0,0,0,0,17,0,6,0,3,0,0,0,0,0,8,10,10,4,9,9,5,0,3,4,58,214,343,195,291,243,94,26,78,20,1500,0,0,3,6,0,0,0,3,0,11,0,0,0,0,0,0,0,0,0,0,0,0,0,0,0,0,0,0,0,4,0,0,0,0,0,0,0,0,0,3,0,0,0,0,0,0,0,0,0,0,0,0,0,0,0,0,0,0,0,0,0,4,4,8,0,4,0,3,0,20
207011155,8,24,20,37,31,10,0,12,4,152,0,0,0,3,9,0,0,0,0,15,0,0,0,0,0,0,0,0,0,0,0,3,0,4,3,10,0,4,0,22,0,4,0,0,3,3,0,0,0,10,379,691,317,413,325,203,38,125,44,2533,4,31,17,31,32,16,0,21,0,153,0,0,8,0,0,0,0,0,0,11,0,4,3,8,0,0,0,0,0,13,4,5,3,3,0,0,0,3,0,23,8,6,3,4,0,0,0,0,0,16,26,40,6,34,10,39,0,10,0,172,430,807,377,536,413,287,43,169,55,3120,0,4,0,10,9,3,0,3,0,38,0,0,0,0,0,0,0,0,0,0,0,4,10,0,0,0,0,4,0,19,0,6,0,3,0,0,0,0,0,9,0,0,0,0,6,4,0,0,0,17,3,3,0,0,3,0,0,0,0,9,8,11,4,17,15,8,0,9,0,86
207011519,25,78,27,47,24,38,5,31,3,284,0,0,0,0,0,0,0,0,0,5,0,0,0,0,0,0,0,0,4,3,3,18,4,10,0,16,0,19,0,75,0,5,0,0,0,4,0,0,0,4,318,610,211,203,199,210,39,120,18,1925,11,16,17,22,11,31,0,23,0,129,0,0,5,0,0,0,0,0,0,6,0,6,0,0,0,0,4,0,0,14,14,32,0,0,0,3,4,0,0,61,4,11,0,0,0,5,0,0,0,19,37,64,19,54,18,44,0,30,0,270,410,844,294,346,257,343,53,220,29,2799,5,8,7,9,3,5,0,4,0,49,0,0,0,0,0,0,0,0,0,0,4,18,5,8,0,6,0,11,0,51,5,12,3,0,3,0,0,0,0,26,3,0,0,5,3,0,0,0,0,9,0,8,0,0,0,3,0,0,0,13,8,51,18,22,13,15,3,19,0,148
207011520,20,94,41,44,31,21,0,39,8,296,0,0,0,0,0,0,0,0,0,3,0,0,0,0,0,0,0,0,0,0,3,19,5,26,6,12,0,9,0,87,0,0,0,3,0,0,3,0,0,8,565,771,443,338,340,234,56,181,44,2969,15,27,21,29,15,23,0,32,4,157,0,0,3,0,0,0,0,3,0,9,3,6,0,0,5,4,4,0,0,22,13,20,10,8,5,5,4,4,0,60,0,15,0,3,4,0,0,0,5,29,27,82,17,65,27,37,3,18,0,272,656,1026,531,518,433,330,71,291,63,3917,0,10,5,13,3,4,3,4,3,43,0,0,0,0,0,0,0,0,0,0,4,15,11,6,3,3,0,3,0,48,4,10,4,3,11,0,0,0,0,31,0,0,0,0,3,0,0,3,0,10,0,0,0,3,0,0,0,0,0,4,8,37,18,24,18,11,5,11,4,142
207011521,0,17,3,7,3,0,0,4,0,38,0,0,0,6,3,0,0,0,0,19,0,0,0,0,0,0,0,0,0,0,7,28,22,29,9,0,0,20,3,102,0,4,0,3,0,0,0,0,0,11,308,1092,277,491,336,98,46,144,40,2828,8,28,4,28,11,8,3,13,0,114,0,0,5,0,0,0,4,3,0,13,0,6,0,0,0,0,0,4,0,11,11,19,0,7,0,3,3,4,0,50,0,8,0,4,5,0,0,0,0,23,16,69,13,21,17,14,0,14,4,161,351,1269,326,597,382,124,55,206,58,3373,0,3,7,3,3,0,0,4,0,21,0,0,0,0,0,0,0,0,0,0,0,8,4,10,4,0,0,4,0,32,0,3,0,0,0,0,0,0,0,6,0,0,0,0,0,0,0,0,0,0,0,0,0,0,0,0,0,0,0,0,0,11,12,22,8,0,0,12,0,66
207011522,0,4,8,12,0,7,3,8,0,43,0,5,3,3,4,3,0,13,0,37,0,0,0,0,0,0,0,0,0,0,4,12,7,15,7,17,3,17,0,83,0,3,0,7,0,0,3,18,0,27,248,506,330,430,203,181,142,160,44,2255,9,19,17,30,14,48,10,50,3,206,0,0,6,0,0,0,0,4,0,8,0,3,0,3,0,0,0,0,0,9,3,23,12,0,5,0,0,6,0,51,4,10,0,5,0,3,0,0,7,34,16,29,13,17,13,40,3,22,5,161,292,621,393,524,243,314,172,303,54,2918,0,0,0,10,3,3,0,13,0,32,0,0,0,0,0,0,0,0,0,0,0,0,0,3,0,0,0,0,0,13,0,0,0,0,0,0,0,0,0,4,0,0,0,0,0,0,0,0,0,0,0,0,0,0,0,0,0,0,0,0,0,12,5,16,4,4,0,15,0,51
207021156,0,0,0,0,0,0,0,8,0,14,0,4,6,7,0,8,0,4,0,27,0,0,0,0,0,0,0,0,0,0,0,0,0,0,0,0,0,0,0,0,0,0,0,0,0,0,3,0,0,3,225,333,257,236,167,111,89,197,28,1644,6,4,11,23,0,28,0,21,0,99,0,0,8,0,0,0,5,0,0,21,0,0,0,0,0,0,0,0,0,3,0,0,5,0,0,0,3,0,0,13,0,3,0,3,0,0,0,0,0,14,4,9,3,9,7,10,0,5,4,48,241,352,298,276,182,166,105,233,32,1883,0,0,3,4,0,0,0,3,0,16,0,0,0,0,0,0,0,0,0,0,0,0,0,0,0,0,0,0,0,0,0,0,0,0,0,0,0,0,0,0,0,0,0,0,0,0,0,0,0,0,0,0,0,0,0,0,0,0,0,0,0,3,3,4,0,0,0,6,0,21
207021157,3,0,0,0,0,0,0,4,0,18,24,14,34,69,10,97,0,41,5,290,0,0,0,0,0,0,0,0,0,0,0,0,0,0,0,0,0,0,0,9,0,0,0,3,0,4,0,0,0,10,683,529,631,495,446,1100,117,310,55,4360,24,21,30,62,15,231,7,107,7,508,0,0,3,0,0,0,3,5,0,16,5,0,8,0,0,3,4,0,0,17,0,4,0,0,0,3,0,0,0,14,11,9,0,0,0,3,0,0,4,31,24,21,22,35,13,56,6,26,8,204,772,601,739,673,486,1498,140,485,77,5468,3,8,3,9,0,16,0,8,0,47,0,0,0,0,0,0,0,0,0,0,0,0,0,0,0,0,0,0,0,0,0,0,3,0,0,0,0,0,0,0,0,0,0,0,0,0,0,0,0,0,0,0,0,0,0,0,0,0,0,0,4,11,10,9,0,16,0,14,0,51
207021159,0,0,0,3,0,0,0,0,0,12,0,4,5,24,0,4,0,3,0,44,0,0,0,0,0,0,0,0,0,0,0,0,0,0,0,0,0,0,0,0,0,4,0,0,0,0,0,0,0,11,170,259,199,403,122,62,37,120,15,1381,0,15,16,44,6,20,0,10,0,113,0,0,6,0,0,5,4,7,0,19,6,0,0,0,10,0,0,0,0,12,0,0,0,0,0,0,0,0,0,4,0,0,0,4,6,0,0,0,0,12,5,8,5,4,5,3,4,4,0,32,186,288,228,485,135,92,48,152,16,1627,0,0,0,17,0,0,0,5,0,28,0,0,0,0,0,0,0,0,0,0,0,0,0,0,0,0,0,0,0,0,0,0,0,0,0,0,0,0,0,0,0,0,0,0,0,0,0,0,0,0,0,0,0,0,0,0,0,0,0,3,0,0,4,16,0,0,0,4,0,35
207021160,0,0,3,0,0,0,0,0,0,7,0,6,6,17,4,13,0,8,4,56,0,0,0,0,0,0,0,0,0,3,0,0,0,0,0,0,0,0,0,0,0,0,0,0,0,0,0,0,0,3,154,355,186,603,132,101,24,125,24,1702,3,11,10,26,7,27,0,8,0,93,0,0,0,0,0,0,6,0,0,12,0,0,0,0,0,0,0,0,0,0,0,5,0,4,0,0,0,0,0,9,0,5,3,5,0,0,0,0,0,17,3,0,0,8,3,4,0,3,0,20,162,384,210,661,145,146,29,149,32,1921,0,3,0,6,0,0,0,0,0,12,0,0,0,0,0,0,0,0,0,0,0,0,0,0,0,0,0,0,0,4,0,0,0,0,0,0,0,0,0,0,0,0,0,0,0,0,0,0,0,0,0,0,0,0,0,0,0,0,0,0,0,7,0,12,0,0,0,0,0,18
207021424,0,0,0,3,0,0,0,0,0,8,3,8,4,12,0,15,0,10,4,61,0,0,0,0,0,0,0,0,0,0,0,0,0,0,0,0,0,0,0,0,0,0,0,0,0,0,0,0,0,5,165,181,155,251,108,271,41,122,27,1325,3,9,3,25,3,80,0,29,0,165,0,0,3,0,0,0,3,0,0,8,0,0,0,0,0,0,0,0,0,6,0,0,0,0,0,0,0,0,0,4,0,3,4,0,3,0,4,0,0,15,0,9,0,13,3,12,0,5,4,50,178,206,175,303,121,383,52,178,32,1637,0,0,0,3,0,4,0,0,0,8,0,0,0,0,0,0,0,0,0,0,0,0,0,0,0,0,0,0,0,0,0,0,0,0,0,0,0,0,0,0,0,0,0,0,0,0,0,0,0,0,0,0,0,0,0,0,0,0,0,0,0,0,0,3,0,4,0,0,0,9
207021425,0,0,0,0,0,0,0,3,0,5,3,12,12,19,0,11,7,8,6,86,0,0,0,0,0,0,0,0,0,0,0,0,0,0,0,0,0,0,0,0,0,0,0,0,0,0,3,0,0,5,225,605,300,335,207,282,293,154,32,2441,6,13,19,42,9,53,0,30,3,180,0,0,6,0,0,0,5,0,0,15,0,0,0,0,0,0,9,0,0,8,0,0,0,0,3,3,0,0,0,6,0,4,4,0,3,0,0,0,0,21,3,16,14,29,12,23,12,16,0,113,249,652,359,435,233,367,327,208,44,2876,0,4,0,3,0,0,0,3,0,10,0,0,0,0,0,0,0,0,0,0,0,0,0,0,0,0,0,0,0,0,0,0,0,0,0,0,0,0,0,0,0,0,0,0,0,0,0,0,0,0,0,0,0,0,0,0,0,0,0,0,0,4,0,3,0,0,0,7,0,16
207031161,3,23,12,17,12,3,3,13,0,90,0,9,15,14,3,0,6,8,4,61,0,0,0,0,0,0,0,0,0,0,0,0,0,0,0,0,0,0,0,0,0,0,0,5,0,0,3,3,0,12,533,804,729,461,451,386,166,278,73,3889,27,15,21,44,28,68,8,55,9,267,0,0,0,0,0,0,12,5,0,13,5,0,4,0,3,0,3,6,0,17,4,7,3,5,0,5,3,6,0,31,4,9,7,0,4,0,3,0,0,26,6,23,13,39,18,24,0,22,7,152,586,889,797,585,514,495,202,397,92,4560,0,4,0,12,3,5,0,3,0,34,0,0,0,0,0,0,0,0,0,0,0,0,0,0,0,0,0,0,0,7,0,3,9,0,0,0,0,0,0,10,0,0,0,0,4,0,0,0,0,4,0,0,0,0,0,0,0,4,0,6,0,10,8,21,8,11,0,4,0,65
207031162,0,0,3,0,0,0,0,0,0,6,0,0,0,7,0,0,0,0,0,16,0,0,0,0,0,0,0,0,0,0,0,0,0,0,0,0,0,0,0,0,0,4,0,0,0,0,0,0,0,8,83,190,126,207,93,31,27,69,13,840,3,11,8,20,6,14,0,8,0,72,0,0,0,0,0,0,0,0,0,5,0,0,0,0,0,0,0,0,0,3,0,0,0,0,0,0,0,0,0,6,0,0,0,3,0,0,0,0,0,9,8,14,8,14,7,0,0,4,0,44,99,218,142,252,98,47,37,89,17,994,0,0,0,0,0,0,0,3,0,8,0,0,0,0,0,0,0,0,0,0,0,0,0,0,0,0,0,0,0,0,0,0,0,0,0,0,0,0,0,0,0,0,0,0,0,0,0,0,0,0,0,0,0,0,0,0,0,0,0,4,0,0,0,0,0,0,0,6,0,14
207031163,18,131,42,66,108,33,0,47,15,445,8,54,21,47,57,38,0,52,4,280,0,0,0,0,0,0,0,0,0,0,0,17,5,7,7,4,0,4,0,42,3,7,0,3,3,0,7,0,0,28,921,3820,976,1166,1241,671,247,490,150,9679,32,186,62,91,108,79,12,69,18,651,5,0,8,0,0,0,7,5,0,27,7,20,9,0,0,0,7,9,6,48,7,49,7,15,8,0,10,8,3,101,7,19,6,11,8,4,0,9,3,65,50,194,60,174,83,110,3,91,22,782,1052,4485,1195,1568,1631,937,289,773,217,12149,3,17,11,19,35,14,5,22,0,127,0,0,0,0,0,0,0,0,0,0,0,12,3,5,9,0,0,9,5,46,0,11,6,8,25,3,0,4,0,67,0,3,3,0,5,3,0,0,0,21,0,3,0,3,7,0,0,3,0,15,9,55,25,45,76,17,6,29,6,276
207031164,0,4,0,0,0,3,3,6,0,15,0,3,0,11,0,0,3,4,0,25,0,0,0,0,0,0,0,0,0,0,0,0,0,0,0,0,0,0,0,0,0,0,0,0,0,0,0,0,0,0,138,308,253,183,178,57,109,126,16,1370,7,5,13,6,11,10,4,20,0,75,5,0,12,0,0,0,0,0,0,15,0,0,0,0,0,0,0,0,0,5,0,4,5,3,0,0,4,0,0,19,0,0,5,0,0,0,0,0,0,10,4,9,3,12,0,4,0,5,0,48,153,336,288,224,190,75,122,168,23,1581,0,3,0,0,0,0,0,4,0,14,0,0,0,0,0,0,0,0,0,0,0,0,0,0,0,0,0,0,0,0,0,0,0,0,0,0,0,0,0,0,0,0,0,0,0,0,0,0,0,0,0,0,0,0,0,0,0,0,0,0,0,3,0,0,0,0,0,9,0,12
207031165,0,5,0,3,0,0,0,4,0,25,0,7,11,3,10,6,0,7,0,43,0,0,0,0,0,0,0,0,0,0,0,19,0,6,9,8,4,8,0,65,0,4,0,4,0,0,0,0,0,11,387,727,564,321,287,197,89,180,36,2778,9,17,5,16,23,38,3,50,0,157,0,0,5,0,0,0,5,0,0,13,3,0,4,0,3,0,0,5,0,14,0,18,0,0,0,0,5,0,0,29,0,15,3,0,0,0,0,3,3,29,14,23,7,16,17,6,0,21,0,111,419,844,603,369,352,255,104,284,43,3272,0,8,0,4,0,0,0,9,0,17,0,0,0,0,0,0,0,0,0,0,0,7,0,6,0,0,0,3,0,19,0,0,0,0,0,0,0,0,0,0,0,0,0,0,0,0,0,0,0,0,0,0,0,0,0,0,0,0,0,3,0,16,3,7,3,0,0,9,0,43
207031166,0,0,4,5,0,0,0,4,0,16,5,6,6,7,4,9,0,10,0,30,0,0,0,0,0,0,3,0,0,3,0,4,3,9,7,18,5,3,0,47,0,0,0,0,0,0,0,0,0,4,287,490,288,327,458,326,48,168,34,2432,7,11,10,31,9,75,3,39,3,198,0,0,0,0,0,0,0,0,0,6,0,3,3,0,0,0,0,0,0,8,0,4,0,3,0,0,0,0,0,17,3,0,0,0,6,0,0,6,0,18,3,8,12,15,0,13,0,12,0,69,312,528,320,399,476,440,66,244,44,2833,0,3,3,5,0,0,0,3,0,15,0,0,0,0,0,0,0,0,0,0,0,0,0,0,0,0,0,0,0,0,0,0,0,0,0,0,0,0,0,3,0,0,0,0,0,0,0,0,0,0,0,0,0,0,0,0,0,0,0,0,0,9,3,4,0,4,0,5,0,21
207031167,4,4,8,20,8,0,0,0,4,45,0,0,0,7,5,0,0,4,0,16,0,0,0,0,0,0,0,0,0,0,0,0,6,0,0,0,0,4,0,6,0,0,0,0,0,0,0,0,0,4,157,304,197,348,108,47,25,51,16,1260,0,10,11,22,0,4,0,7,0,56,0,0,9,0,0,0,0,0,0,5,0,0,0,0,0,0,0,0,0,9,0,7,0,0,0,0,0,0,0,6,0,3,0,0,5,0,0,5,0,14,0,13,3,17,6,9,0,4,0,56,175,347,232,410,132,71,28,70,16,1477,0,0,0,4,3,0,0,3,0,15,0,0,0,0,0,0,0,0,0,0,0,0,3,3,0,0,0,0,0,5,0,5,0,5,0,0,0,0,0,8,0,0,0,0,0,0,0,0,0,0,0,0,0,0,0,0,0,0,0,0,0,3,4,8,10,0,0,3,0,31
208011168,0,0,0,0,0,0,0,0,3,3,0,0,0,0,0,0,0,0,0,11,0,0,0,0,0,0,0,0,0,0,0,0,0,0,0,0,0,0,0,0,0,0,0,0,0,0,0,0,0,4,118,224,219,210,87,78,7,57,15,1007,4,3,13,13,8,17,0,18,0,76,0,0,0,0,0,0,0,0,0,6,0,0,4,0,0,0,0,0,0,7,0,0,0,6,3,0,3,7,0,17,0,3,3,0,0,0,0,0,0,7,10,22,0,28,7,23,0,15,0,104,136,247,238,262,107,121,13,97,13,1244,0,0,3,0,0,0,0,0,0,5,0,0,0,0,0,0,0,0,0,0,0,0,0,0,0,0,0,0,0,0,0,0,0,0,0,0,0,0,0,0,0,0,0,0,0,0,0,0,0,0,0,0,0,0,0,0,0,0,0,0,0,0,0,0,0,0,0,0,0,10
208011169,16,39,57,65,19,33,4,44,4,274,0,9,12,22,0,9,0,15,0,65,0,0,0,0,0,0,0,0,0,0,0,0,3,3,0,0,0,0,0,5,0,4,0,5,0,5,0,0,0,23,561,1124,795,707,535,477,90,240,66,4590,17,28,31,60,13,80,3,36,5,278,5,0,9,0,0,0,0,6,0,15,7,6,7,4,6,5,0,0,0,25,12,22,4,19,4,15,4,3,4,76,7,14,3,4,0,3,0,3,0,40,34,64,20,68,28,65,6,16,4,297,651,1309,937,963,602,682,106,361,81,5687,0,12,11,15,0,4,0,14,0,49,0,0,0,0,0,0,0,0,0,0,5,10,10,14,4,7,0,10,0,53,0,5,0,4,0,0,0,0,0,10,0,0,0,3,0,0,4,3,0,15,0,0,4,0,0,0,0,4,0,6,5,29,22,39,3,15,0,28,0,138
208011170,3,8,5,10,0,4,0,0,0,26,0,3,0,11,0,0,0,0,0,19,0,0,0,0,0,0,0,0,0,0,0,0,0,6,0,0,0,0,0,9,0,3,0,4,0,0,0,0,0,13,153,407,208,428,125,102,27,99,17,1561,0,16,8,31,8,11,0,25,0,104,3,0,3,0,0,0,0,0,0,13,0,5,0,0,0,3,0,0,0,7,4,7,4,9,0,6,0,0,0,27,3,0,0,8,3,0,0,0,4,22,5,17,5,20,5,9,0,10,0,70,181,463,236,516,140,133,33,148,25,1865,0,0,0,12,0,6,0,3,0,27,0,0,0,0,0,0,0,0,0,0,0,5,0,0,0,0,0,0,0,6,0,0,0,0,0,0,0,0,0,8,0,0,0,0,0,0,0,0,0,0,0,0,0,0,0,0,0,0,0,0,0,4,6,17,0,6,0,6,0,45
208011171,4,8,8,14,3,0,3,18,0,64,0,0,4,7,0,0,0,0,0,15,0,0,0,0,0,0,0,0,0,4,0,0,0,0,0,0,0,0,0,7,0,4,0,0,0,0,0,0,0,8,574,514,687,413,380,181,355,333,48,3475,13,5,29,35,12,21,11,26,3,158,0,0,8,0,0,0,5,0,0,17,0,0,0,0,0,0,0,0,0,10,7,6,8,6,0,3,6,7,0,44,3,3,0,4,5,0,0,4,0,25,21,20,18,21,7,15,4,13,4,122,622,565,769,504,409,231,391,399,56,3937,5,0,6,3,0,0,5,4,0,20,0,0,0,0,0,0,0,0,0,0,0,0,0,8,0,0,0,0,0,4,0,0,0,3,0,0,0,0,0,8,0,0,0,0,0,0,0,0,0,0,0,0,0,0,0,0,0,0,0,0,3,3,6,11,6,0,4,0,0,33
208011172,5,10,20,20,0,14,4,7,3,92,3,3,5,7,0,0,0,7,0,28,0,0,0,0,0,0,0,0,0,0,0,0,0,0,0,0,0,0,0,0,4,0,0,0,0,0,0,0,0,6,267,389,295,339,195,181,23,109,23,1820,13,6,13,24,4,38,0,14,3,129,0,0,4,0,0,0,0,0,0,8,0,0,0,0,0,0,0,0,0,0,0,11,0,16,0,3,0,5,0,38,0,3,4,4,3,0,0,0,0,21,18,26,16,41,11,35,0,10,0,156,310,449,359,445,223,284,38,148,37,2289,3,0,3,0,4,5,0,6,0,22,0,0,0,0,0,0,0,0,0,0,0,0,0,4,0,0,0,6,0,16,0,0,0,0,0,0,0,0,0,4,0,0,0,0,0,0,0,0,0,3,0,0,0,0,0,0,0,0,0,8,4,4,8,9,5,7,0,11,0,49
208011173,6,15,16,25,3,5,0,8,0,82,0,0,0,11,0,3,0,4,0,31,0,0,0,0,0,0,0,0,0,0,0,0,0,0,0,0,0,0,0,0,0,0,0,4,0,0,0,0,0,7,292,708,373,573,240,154,40,146,31,2562,9,9,10,45,7,28,0,24,0,135,0,0,0,0,0,0,0,0,4,3,0,4,3,4,0,0,0,3,0,12,6,16,3,12,7,9,6,4,0,54,0,3,0,0,3,3,0,3,0,14,22,35,15,42,14,30,0,18,5,171,347,782,432,730,280,234,50,208,34,3082,0,8,5,14,0,0,0,3,0,36,0,0,0,0,0,0,0,0,0,0,0,4,0,4,0,0,0,0,0,9,0,0,0,0,0,0,0,3,0,4,0,0,0,0,0,0,0,0,0,0,0,0,0,5,0,0,0,0,0,10,0,10,6,25,0,3,0,10,0,59
208021174,12,19,28,30,20,15,7,12,3,148,0,0,5,7,4,7,0,10,0,42,0,0,0,0,0,0,0,0,0,0,5,0,0,0,0,0,0,0,0,5,0,0,3,0,0,4,0,0,0,6,411,628,510,425,447,340,63,178,52,3053,24,18,14,32,23,45,5,34,3,194,6,0,0,0,0,0,3,0,0,13,4,3,3,0,0,4,0,0,0,12,0,10,0,8,7,7,0,6,0,46,0,8,3,0,3,7,3,4,3,32,19,24,26,57,25,40,3,25,4,221,469,719,600,562,531,456,91,275,72,3773,0,0,8,5,5,10,0,12,0,32,0,0,0,0,0,0,0,0,0,0,0,3,0,3,3,4,0,0,0,16,0,0,0,0,3,0,0,0,0,7,0,0,0,0,0,0,0,0,0,4,0,4,0,5,0,0,0,0,0,8,0,4,7,15,15,10,0,10,0,67
208021176,4,17,29,47,10,26,0,14,9,150,0,0,5,7,0,6,0,3,0,27,0,0,0,0,0,0,0,0,0,0,0,5,0,8,0,0,0,3,0,18,0,0,0,4,0,0,0,0,0,6,234,275,392,289,144,171,71,126,20,1727,8,10,16,25,10,38,0,18,0,129,0,0,0,0,3,0,3,0,0,12,0,0,0,0,0,0,0,0,0,4,4,0,4,3,0,3,0,0,0,24,4,5,9,3,6,5,0,0,4,29,9,13,19,51,18,39,0,29,0,178,270,332,476,441,190,281,81,201,34,2305,0,0,7,15,0,7,0,3,0,32,0,0,0,0,0,0,0,0,0,0,5,5,4,0,0,4,0,4,0,16,0,4,0,4,0,0,0,0,0,15,0,0,0,0,0,4,0,0,0,0,0,5,0,0,0,0,0,0,0,0,4,14,10,19,0,13,0,8,0,70
208021177,15,62,24,58,23,12,3,35,9,237,3,6,0,6,4,0,0,9,0,16,0,0,0,0,0,0,0,0,0,3,0,17,3,33,4,3,0,14,0,87,0,0,3,3,3,0,0,8,0,8,347,877,381,562,304,138,60,208,54,2933,17,35,17,33,15,19,3,28,5,169,0,0,8,0,0,0,0,0,0,11,0,5,4,4,0,0,0,3,0,16,5,23,5,10,9,3,0,6,0,51,5,15,0,0,0,0,0,0,0,26,17,99,20,68,29,19,0,23,0,273,413,1138,464,775,385,199,67,327,76,3834,0,10,3,13,4,5,0,7,0,32,0,0,0,0,0,0,0,0,0,0,0,14,3,19,6,0,0,7,0,49,3,8,0,0,4,0,0,3,6,26,0,0,0,6,0,0,0,6,0,9,0,4,0,0,0,0,0,0,0,5,9,33,6,32,12,6,0,16,7,126
208021178,0,14,10,36,7,4,5,19,3,94,0,9,0,3,0,0,0,6,0,20,0,0,0,0,0,0,0,0,0,0,4,15,3,27,7,0,4,4,0,66,0,8,0,7,0,0,0,0,0,16,267,885,402,603,282,125,151,226,40,2986,10,33,11,35,14,14,0,19,4,128,4,0,7,0,0,0,0,3,4,19,0,0,0,0,5,0,8,0,0,13,4,21,0,8,3,0,0,3,0,48,0,8,0,3,0,0,0,0,0,24,10,35,9,32,14,10,0,16,0,130,296,1030,457,758,330,163,172,294,53,3545,0,4,3,11,0,0,0,0,0,19,0,0,0,0,0,0,0,0,0,0,4,14,0,19,3,3,0,0,0,45,0,0,3,3,0,0,0,6,0,7,0,0,0,3,0,0,0,0,0,0,0,0,0,3,0,0,0,0,0,5,6,20,3,38,6,0,0,5,0,87
208021179,8,19,26,42,13,25,7,14,0,154,0,0,0,14,4,9,0,3,0,30,0,0,0,0,0,0,0,0,0,5,4,13,9,22,0,16,0,8,0,68,0,0,0,0,0,0,0,3,0,10,276,505,381,322,225,260,42,122,36,2165,11,27,16,46,11,50,0,28,3,195,0,0,4,0,0,0,0,0,0,3,7,4,0,0,0,0,0,0,0,19,3,11,9,7,0,4,0,4,0,44,3,8,3,7,0,0,0,3,0,20,14,41,10,43,16,41,5,19,0,188,326,626,456,502,266,410,53,217,40,2897,0,5,0,15,0,3,0,4,0,22,0,0,0,0,0,0,0,0,0,0,0,0,0,10,0,7,0,8,0,25,0,0,0,0,0,0,0,0,0,4,0,0,0,0,0,0,0,0,0,3,0,0,0,0,0,0,0,0,0,0,0,6,5,22,0,5,0,12,0,61
208021180,0,5,5,6,3,4,0,4,0,26,0,0,0,4,0,0,3,0,0,9,0,0,0,0,0,0,0,0,0,0,0,0,0,0,0,0,0,0,0,0,0,0,0,0,0,0,0,0,0,0,69,207,97,163,65,22,14,35,8,678,0,6,0,10,6,16,0,16,0,54,0,0,0,0,0,0,0,0,0,5,0,0,0,0,0,0,0,0,0,0,0,0,0,0,0,0,0,3,0,15,0,0,6,0,0,0,3,3,0,11,3,11,5,5,8,8,0,4,0,49,75,235,110,191,82,56,26,66,13,852,0,4,0,5,0,0,0,0,0,6,0,0,0,0,0,0,0,0,0,0,0,0,0,0,0,0,0,0,0,0,0,0,0,0,0,0,0,0,0,4,0,0,0,0,0,0,0,0,0,0,0,0,0,0,0,0,0,0,0,0,0,8,0,4,0,0,0,0,0,12
208021181,0,3,10,12,0,0,0,5,0,36,0,0,0,8,0,0,0,0,0,10,0,0,0,0,0,0,0,0,0,0,0,0,0,0,0,0,0,0,0,0,0,0,0,0,0,0,0,0,0,0,86,114,160,137,45,42,13,48,13,658,0,0,7,18,10,6,0,8,0,50,0,0,3,0,0,0,0,0,0,3,0,0,0,0,0,0,0,3,0,4,0,5,4,0,0,0,0,3,0,12,5,4,4,0,0,0,0,0,0,11,7,7,4,23,5,4,0,3,0,57,101,145,182,201,64,54,10,74,16,847,0,0,0,7,0,3,0,0,0,11,0,0,0,0,0,0,0,0,0,0,0,0,0,0,0,0,0,0,0,0,0,0,0,4,0,0,0,0,0,6,0,0,0,0,0,0,0,0,0,0,0,0,0,6,0,0,0,0,0,6,0,4,0,11,0,3,0,0,0,19
208021182,0,9,5,11,0,8,0,9,0,48,0,0,0,3,5,6,0,0,0,15,0,0,0,0,0,0,0,0,0,0,0,0,0,9,0,4,0,0,0,15,0,0,0,5,0,4,0,0,0,9,160,241,166,246,91,106,49,62,11,1127,9,12,16,7,8,53,0,33,0,130,0,0,0,0,0,0,0,0,0,5,0,0,0,0,0,0,3,0,0,3,0,3,0,3,0,3,0,5,0,21,0,3,0,0,0,0,0,0,0,14,14,13,14,28,11,30,5,24,0,129,181,284,211,307,112,212,59,134,23,1515,0,0,0,4,0,0,0,0,0,6,0,0,0,0,0,0,0,0,0,0,0,4,3,0,0,3,0,3,0,11,0,0,0,0,0,0,0,0,0,0,0,0,0,0,0,0,0,0,0,0,0,0,0,0,0,0,0,0,0,0,0,4,3,5,0,3,0,5,0,19
208021426,4,3,4,8,0,0,6,3,4,33,0,4,8,4,3,5,4,5,0,32,0,0,0,0,0,0,0,0,0,0,0,0,0,0,0,0,0,0,0,3,0,0,0,0,0,0,0,0,0,8,326,754,383,304,307,115,78,202,39,2505,0,15,15,21,15,31,6,55,5,169,0,0,5,0,0,0,7,0,0,12,5,9,5,0,5,0,5,0,0,20,6,8,6,7,6,3,0,3,0,30,5,3,4,0,4,0,0,0,0,19,8,20,0,27,8,16,3,6,0,98,347,818,429,370,350,176,100,286,44,2928,0,7,3,8,6,7,4,3,0,38,0,0,0,0,0,0,0,0,0,0,0,0,0,0,0,0,0,0,0,4,0,0,0,0,0,0,0,0,0,0,0,0,0,0,0,0,0,0,0,4,0,0,0,0,0,0,0,0,0,0,3,8,7,8,6,7,4,6,0,52
208021427,0,0,0,4,0,0,0,0,0,5,0,0,3,10,0,0,0,3,0,18,0,0,0,0,0,0,0,0,0,0,0,0,0,0,0,0,0,0,0,0,0,3,0,0,0,0,0,0,0,5,113,241,191,251,65,20,20,46,5,949,0,4,10,17,0,0,0,13,0,44,3,0,0,0,0,0,0,0,0,3,0,0,0,0,0,0,0,3,0,0,0,0,6,0,0,0,0,0,0,10,0,3,4,5,0,0,0,3,0,20,0,14,0,22,0,0,0,4,0,36,122,268,209,307,64,28,24,67,5,1104,0,0,0,6,0,0,0,0,0,8,0,0,0,0,0,0,0,0,0,0,0,0,0,0,0,0,0,0,0,0,0,0,0,0,0,0,0,0,0,0,0,0,0,0,0,0,0,0,0,0,0,0,0,0,0,0,0,0,0,0,0,5,0,6,0,0,0,0,0,11
208031183,0,0,0,0,0,0,0,4,0,3,0,4,0,0,0,4,5,0,0,10,0,0,0,0,0,0,0,0,0,0,0,0,0,0,0,0,0,0,0,0,0,0,0,0,0,0,0,3,0,3,102,111,138,96,73,51,104,102,20,796,3,0,7,5,0,6,12,20,0,50,0,0,5,0,0,0,3,4,0,10,0,0,0,0,0,0,5,0,0,5,0,0,3,0,0,0,0,0,0,10,0,0,0,0,3,0,0,0,0,7,0,3,3,11,0,12,0,0,0,26,104,117,153,115,80,79,125,127,18,923,0,0,0,0,0,0,0,0,0,7,0,0,0,0,0,0,0,0,0,0,0,0,0,0,0,0,0,0,0,0,0,0,0,0,0,0,0,0,0,0,0,0,0,0,0,0,0,0,0,0,0,0,0,0,0,0,0,0,0,0,0,0,0,0,0,0,3,0,0,4
208031184,3,8,3,0,5,0,0,12,5,28,0,8,10,0,9,4,15,21,6,72,0,0,0,0,0,0,0,0,0,0,0,0,0,0,0,0,0,0,0,0,0,3,0,0,0,0,4,15,0,30,1777,798,2028,166,1282,418,1754,1371,213,9813,37,19,65,10,40,23,76,143,13,431,4,0,17,0,3,3,29,5,0,60,0,0,9,3,10,0,7,5,0,41,8,6,16,0,4,6,4,8,0,54,3,4,10,0,0,0,3,5,0,36,0,4,3,0,0,3,0,7,0,21,1844,845,2171,186,1357,465,1895,1596,232,10585,0,7,10,0,4,0,13,9,0,37,0,0,0,0,0,0,0,0,0,0,0,0,0,0,0,0,0,0,0,4,0,0,0,0,0,0,0,0,0,3,0,0,0,0,0,0,0,0,0,0,0,0,0,0,5,0,7,0,0,14,3,6,8,0,7,0,19,14,0,62
208031185,0,0,0,5,0,6,0,0,0,10,0,0,0,4,0,0,0,0,0,9,0,0,0,0,0,0,0,0,0,0,0,0,0,0,0,0,0,0,0,0,0,0,0,0,0,0,0,0,0,3,135,113,205,220,64,108,31,99,11,983,3,0,5,23,0,25,5,27,0,98,4,0,5,0,0,0,0,3,0,7,0,0,0,0,0,0,0,0,0,0,0,0,4,4,0,3,0,0,0,12,0,0,4,3,0,0,0,0,0,11,5,6,4,8,3,16,0,5,0,51,141,123,225,263,76,158,41,140,16,1185,0,0,3,0,0,3,0,4,0,3,0,0,0,0,0,0,0,0,0,0,0,0,0,0,0,0,0,0,0,0,0,0,0,0,0,0,0,0,0,0,0,0,0,0,0,0,0,0,0,0,0,0,0,0,0,0,0,0,0,0,0,0,0,0,0,3,0,4,0,9
208031186,0,4,0,3,0,4,0,3,0,19,0,0,0,3,0,0,0,0,0,6,0,0,0,0,0,0,0,0,0,0,0,0,0,0,0,0,0,0,0,0,0,0,0,0,0,0,3,0,0,0,112,223,226,359,78,126,30,132,18,1304,3,3,13,33,6,12,4,18,0,87,0,0,4,0,0,0,0,0,0,9,0,0,0,0,0,0,0,0,0,7,0,0,0,4,0,0,0,0,0,11,0,5,0,0,0,0,0,4,0,13,20,6,10,22,8,9,0,13,0,81,139,238,250,426,97,156,42,174,17,1537,0,0,0,7,3,0,0,10,0,24,0,0,0,0,0,0,0,0,0,0,0,0,0,0,0,0,0,0,0,0,0,0,0,0,0,0,0,0,0,5,0,0,0,0,0,0,0,0,0,0,0,0,0,0,0,0,0,0,0,0,0,5,4,8,6,0,0,9,0,33
208031187,0,0,0,0,0,0,0,0,0,7,0,0,0,0,0,3,0,9,0,16,0,0,0,0,0,0,0,0,0,0,0,0,0,0,0,0,0,0,0,0,0,0,0,0,0,0,0,0,0,3,154,145,198,89,153,99,133,133,15,1120,5,3,8,13,5,33,4,21,4,89,0,0,0,0,0,0,3,0,0,6,0,0,0,0,0,0,0,0,0,0,0,0,0,0,0,0,0,0,0,13,4,0,0,0,0,0,0,0,0,9,4,0,0,3,3,4,0,3,0,25,166,149,218,105,158,147,150,176,20,1290,0,0,0,0,0,0,0,0,0,0,0,0,0,0,0,0,0,0,0,0,0,0,0,0,0,0,0,0,0,0,0,0,0,0,0,0,0,0,0,0,0,0,0,0,0,0,0,0,0,0,0,0,0,0,0,0,0,0,0,0,0,0,0,0,0,0,0,0,0,0
208031188,15,14,29,45,17,57,17,41,0,235,3,13,17,26,10,49,16,32,6,170,0,0,0,0,0,0,0,0,0,0,0,0,3,0,0,0,0,0,0,6,4,4,6,0,0,3,5,9,0,30,1268,1011,1203,804,854,1065,492,633,127,7452,32,28,58,72,56,224,44,148,18,683,4,3,13,0,5,5,7,7,3,53,5,0,8,5,5,5,7,0,0,41,8,14,11,11,8,5,8,13,4,71,5,8,0,7,3,5,4,7,3,40,27,26,28,53,19,73,13,38,4,278,1367,1111,1368,1031,983,1494,602,929,165,9060,3,8,10,20,12,21,9,20,0,99,0,0,0,0,0,0,0,0,0,0,0,3,5,5,0,3,0,0,0,16,4,4,3,0,0,3,0,0,0,18,0,0,0,0,0,9,0,9,0,22,3,0,0,3,3,0,3,0,0,11,8,11,18,37,16,36,14,26,0,172
208031189,0,0,3,8,0,0,0,3,0,19,0,0,0,3,0,0,0,0,0,5,0,0,0,0,0,0,0,0,0,0,0,0,0,0,0,0,0,0,0,0,0,0,0,0,0,0,0,0,0,0,91,226,203,216,71,41,9,76,13,948,6,6,3,30,3,4,0,10,5,69,0,0,3,0,0,0,4,0,0,9,0,0,5,3,0,0,0,0,0,5,0,3,0,13,0,3,0,0,0,21,0,0,3,0,0,0,0,0,0,9,3,13,9,33,6,4,0,4,0,71,104,254,222,301,84,54,15,108,20,1163,0,0,0,4,0,0,0,3,0,6,0,0,0,0,0,0,0,0,0,0,0,0,0,0,0,0,0,0,0,0,0,0,0,0,0,0,0,0,0,0,0,0,0,0,0,0,0,0,0,0,0,0,0,0,0,0,0,0,0,0,0,3,0,4,0,0,0,4,0,13
208031190,4,18,6,29,3,13,0,5,3,87,0,0,0,11,0,7,0,7,0,31,0,0,0,0,0,0,0,0,0,0,0,0,0,0,0,0,0,0,0,0,0,0,0,0,0,0,0,0,0,3,376,522,429,437,228,476,109,186,34,2801,8,9,19,33,6,101,3,46,0,234,0,0,5,0,0,0,4,5,0,22,4,0,0,0,0,0,0,0,0,5,0,9,3,5,0,9,3,5,0,35,7,3,0,0,0,0,0,0,0,21,7,29,9,37,14,53,3,15,0,177,411,604,477,550,259,667,124,275,36,3410,0,3,0,11,0,13,0,10,0,43,0,0,0,0,0,0,0,0,0,0,0,5,0,0,0,0,0,0,0,5,0,3,0,0,0,0,0,0,0,9,0,0,0,0,0,6,0,0,0,7,0,0,0,0,0,0,0,0,0,4,0,10,4,13,5,15,0,14,0,60
208031191,8,22,25,16,18,12,11,16,10,134,8,11,18,12,8,8,8,34,0,120,0,0,4,0,0,0,0,0,0,0,0,0,0,0,0,0,0,0,0,4,4,3,3,4,7,8,4,12,0,42,1847,1807,2226,951,1369,862,1193,1158,198,11603,54,54,60,61,53,59,68,159,9,580,8,0,10,0,4,5,44,15,0,84,3,10,11,4,8,4,6,0,0,52,12,21,15,7,9,9,5,10,0,95,4,10,11,8,5,7,10,15,7,70,16,26,12,14,12,17,9,17,0,133,1968,1966,2394,1079,1502,980,1370,1430,229,12921,10,15,13,18,4,11,23,29,0,121,0,0,0,0,0,0,0,0,0,0,0,4,0,3,0,0,0,0,0,10,5,0,17,4,0,0,0,0,0,26,0,0,3,0,0,0,0,0,0,3,0,0,0,0,0,0,0,0,0,9,15,18,31,22,10,15,31,31,3,171
208031192,0,0,15,0,6,3,0,5,0,22,0,0,0,0,4,7,6,7,0,28,0,0,0,0,0,0,0,0,0,0,0,0,0,0,0,0,0,0,0,0,3,0,0,0,0,0,4,0,0,4,319,238,268,50,227,347,331,165,33,1971,8,5,7,5,4,53,32,30,4,149,0,0,6,0,0,0,0,0,0,11,0,0,0,0,0,0,0,0,0,3,0,0,3,0,0,3,4,0,0,12,0,0,0,0,0,0,8,0,0,10,0,0,3,0,9,3,0,0,0,14,339,248,297,55,244,419,383,208,35,2218,0,3,0,0,0,5,3,3,0,13,0,0,0,0,0,0,0,0,0,0,0,0,0,0,0,0,0,0,0,0,0,0,3,0,0,0,0,0,0,7,0,0,0,0,0,0,0,0,0,0,0,0,0,0,0,0,0,0,0,0,0,3,7,0,0,5,4,3,0,25
208031193,6,14,17,28,0,10,4,23,0,94,0,0,4,9,4,3,6,22,0,54,0,0,0,0,0,0,0,0,0,0,0,0,0,0,0,0,0,0,0,0,0,0,0,3,0,0,4,5,0,16,626,599,1031,502,385,256,335,618,85,4429,26,12,43,38,19,35,18,75,6,271,9,0,19,0,0,0,3,5,0,39,0,0,0,3,0,0,4,0,0,13,7,8,9,10,0,3,3,11,0,49,3,4,0,9,3,0,0,3,0,22,21,18,14,42,5,30,0,23,0,156,686,665,1135,639,421,330,378,795,92,5144,0,0,3,9,0,0,9,13,0,36,0,0,0,0,0,0,0,0,0,0,0,0,0,0,0,0,0,0,0,0,0,0,0,5,0,0,0,0,0,9,0,0,0,0,0,0,0,0,0,4,0,0,0,0,0,0,0,0,0,5,4,0,6,8,0,4,9,17,0,55
208041194,13,74,38,57,41,25,11,28,5,293,0,0,0,9,0,0,0,0,0,17,0,0,0,0,0,0,0,0,0,0,5,32,15,29,22,12,4,25,0,150,3,11,3,7,0,0,3,4,0,37,598,2013,641,775,788,231,143,302,67,5559,12,65,24,50,38,35,4,39,0,275,0,0,7,0,0,0,0,0,0,11,3,8,9,0,3,0,0,0,0,28,10,39,18,7,0,3,0,4,4,89,3,11,5,0,5,0,0,4,5,37,17,107,24,72,43,29,5,23,3,329,673,2365,787,1013,949,337,180,430,84,6814,0,11,8,14,8,0,0,8,0,54,0,0,0,0,0,0,0,0,0,0,0,16,4,14,11,7,0,8,0,59,0,10,0,6,5,0,0,4,5,38,0,4,0,0,0,0,0,0,0,9,0,3,0,4,0,0,0,0,0,10,4,40,12,42,30,8,3,22,5,169
208041195,10,24,22,60,12,51,3,22,4,210,12,11,20,56,21,162,3,58,19,364,0,0,0,0,0,0,0,0,0,5,0,4,4,11,3,8,0,3,3,36,10,5,0,9,0,15,0,3,0,41,879,701,634,694,417,1674,96,347,73,5521,24,16,25,96,20,261,3,93,5,544,0,0,5,0,0,0,6,0,0,16,0,4,0,0,0,0,0,3,0,17,3,7,9,15,6,7,0,9,0,48,10,11,8,7,3,18,0,5,0,65,17,28,22,80,11,73,4,28,3,267,974,813,749,1023,494,2269,120,568,108,7117,12,14,16,47,11,60,0,30,3,183,0,0,0,0,0,0,0,0,0,0,0,5,0,13,3,5,0,9,0,40,0,6,0,3,0,4,0,0,0,19,0,0,0,4,0,5,0,0,0,14,5,4,0,0,0,0,0,6,0,14,20,29,20,65,15,69,0,41,6,269
209011196,3,0,3,0,0,0,0,0,0,10,0,0,3,0,0,3,4,0,3,18,0,0,0,0,0,0,0,0,0,0,0,4,0,4,0,0,0,0,0,11,0,0,0,0,0,0,0,3,0,5,166,275,371,174,203,90,90,88,25,1478,0,3,9,7,5,6,3,14,4,53,0,0,6,0,0,0,3,4,0,10,0,3,0,0,0,0,0,0,0,4,3,3,0,0,0,0,0,0,0,9,0,5,0,0,4,0,0,0,0,7,4,9,0,3,3,3,0,0,0,33,177,307,397,184,219,104,101,113,28,1636,0,0,0,4,0,0,0,0,0,9,0,0,0,0,0,0,0,0,0,0,0,0,0,0,0,0,0,0,0,0,0,0,0,0,0,0,0,0,0,3,0,0,0,0,0,0,0,0,0,0,0,0,0,0,0,0,0,0,0,0,0,0,0,4,0,0,0,0,0,9
209011197,7,0,7,7,5,7,0,3,0,46,9,11,11,44,3,36,3,22,3,128,0,0,0,0,0,0,0,0,0,0,0,0,0,0,0,0,0,0,0,3,0,4,0,3,0,4,0,0,0,8,422,653,577,697,395,551,81,347,65,3784,9,10,30,49,8,165,3,72,0,346,0,0,8,0,0,0,8,3,0,28,0,3,0,4,5,0,0,0,0,9,0,5,6,7,0,0,0,0,0,14,0,4,0,0,0,4,0,0,0,10,11,11,13,19,10,23,0,11,4,97,459,699,650,830,424,788,101,461,72,4479,0,4,0,11,0,0,0,0,0,21,0,0,0,0,0,0,0,0,0,0,0,0,0,0,0,0,0,0,0,0,3,0,0,0,0,0,0,0,0,4,0,0,0,0,0,0,0,0,0,0,0,0,0,0,0,0,0,0,0,0,3,4,5,16,0,0,0,0,0,28
209011198,3,159,30,42,44,3,8,13,0,319,5,41,21,16,16,9,0,16,8,126,0,0,0,0,0,0,0,0,3,11,0,7,0,5,0,0,0,0,0,10,0,8,4,3,5,0,0,0,0,21,472,4463,783,1072,1072,307,140,379,105,8787,11,154,43,64,67,57,12,64,3,480,0,0,7,0,0,0,0,0,3,20,0,12,9,3,0,3,0,4,0,31,5,103,7,7,0,0,0,4,5,132,0,18,6,0,0,0,0,6,3,37,18,287,38,46,50,33,3,29,6,508,525,5248,948,1258,1261,420,173,512,132,10475,0,27,13,12,9,3,0,8,0,73,0,0,0,0,0,0,0,0,0,0,0,14,0,0,3,0,0,0,0,22,0,25,9,10,6,0,0,0,0,50,0,6,0,0,3,0,0,4,0,16,0,9,0,0,0,0,0,0,0,12,0,86,19,25,16,8,3,12,0,172
209011199,0,5,21,3,6,0,0,6,0,42,3,13,10,19,7,6,15,14,6,94,0,0,0,0,0,0,0,0,0,0,0,0,0,0,0,0,0,0,0,0,0,0,4,0,0,0,8,3,0,22,767,937,1305,419,669,227,661,455,97,5548,19,29,45,20,31,24,26,58,3,266,7,0,14,0,0,0,15,6,0,37,0,0,3,0,0,0,4,0,0,12,7,25,14,0,3,0,3,8,0,71,4,4,3,0,0,3,3,0,0,22,7,21,7,15,9,4,6,18,0,94,818,1041,1423,482,727,269,747,573,114,6199,0,3,5,4,8,0,6,8,0,34,0,0,0,0,0,0,0,0,0,0,0,0,0,0,0,0,0,0,0,4,0,0,8,0,0,0,0,0,0,10,0,0,0,0,0,0,0,0,0,0,0,0,0,0,0,0,0,0,0,0,0,7,19,9,8,0,6,8,0,54
209011200,0,10,15,11,8,4,0,11,0,61,0,7,4,13,4,8,0,10,0,36,0,0,0,0,0,0,0,0,0,0,0,0,0,0,0,0,0,0,0,0,0,0,0,0,0,0,0,0,0,4,206,540,267,330,199,196,18,155,27,1949,6,9,16,27,9,25,0,20,0,117,0,0,0,0,0,0,0,0,0,9,3,0,4,0,0,0,0,0,0,7,0,13,0,7,0,5,0,0,0,23,3,4,0,0,3,0,0,0,0,11,19,45,5,33,16,22,0,20,0,157,238,624,315,419,233,265,25,215,27,2366,0,4,0,3,0,4,0,3,0,14,0,0,0,0,0,0,0,0,0,0,0,0,0,3,0,0,0,5,0,9,0,5,0,0,0,0,0,0,0,9,0,0,0,4,0,0,0,0,0,4,0,0,0,0,0,0,0,0,0,0,3,7,0,13,0,5,0,7,0,31
209011201,0,0,0,0,0,0,0,0,0,4,0,0,0,0,0,0,0,0,0,4,0,0,0,0,0,0,0,0,0,0,0,0,0,0,0,0,0,0,0,0,0,0,0,0,0,0,0,0,0,0,66,119,113,78,56,39,9,34,8,527,5,0,3,5,0,12,0,12,0,39,0,0,3,0,0,0,0,0,0,3,0,0,0,0,0,0,0,0,0,3,0,0,0,0,0,0,0,0,0,7,0,0,3,0,0,0,0,0,0,5,6,5,0,4,3,7,0,6,0,45,78,140,131,88,66,64,9,54,8,624,0,0,0,0,0,0,0,0,0,0,0,0,0,0,0,0,0,0,0,0,0,0,0,0,0,0,0,0,0,0,0,0,0,0,0,0,0,0,0,0,0,0,0,0,0,0,0,0,0,0,0,0,0,0,0,0,0,0,0,0,0,3,0,0,0,0,0,0,0,3
209011202,3,3,0,0,4,3,0,0,0,17,0,0,3,20,4,0,0,3,0,33,0,0,0,0,0,0,0,0,0,5,0,0,0,0,0,0,0,0,0,0,0,0,0,0,0,0,0,0,0,4,182,334,296,405,123,155,30,150,17,1692,3,4,11,23,5,34,0,20,0,106,0,0,9,0,0,0,0,3,0,14,0,4,0,0,0,0,0,0,0,6,0,0,0,0,4,0,0,0,0,11,0,6,3,0,6,0,0,3,0,15,7,13,14,15,4,15,0,8,5,77,198,375,341,460,145,212,38,196,23,1975,0,0,0,4,0,0,0,4,0,8,0,0,0,0,0,0,0,0,0,0,0,0,0,0,0,0,0,0,0,0,0,0,0,0,0,0,0,0,0,3,0,0,0,0,0,0,0,0,0,0,0,0,0,0,0,0,0,0,0,0,4,3,0,7,0,0,0,4,0,9
209011203,0,7,10,9,0,0,0,4,0,34,0,0,0,10,0,0,0,3,4,21,0,0,0,0,0,0,0,0,0,0,0,0,0,0,0,0,0,0,0,0,0,0,0,0,0,0,6,0,0,10,192,320,256,397,108,40,34,82,21,1450,3,3,10,20,4,14,0,12,0,60,3,0,6,0,0,0,0,4,0,14,3,0,3,5,0,0,0,0,0,13,3,7,4,5,0,4,0,0,0,20,6,10,14,10,0,0,0,0,0,45,21,36,105,95,13,5,3,6,10,291,236,387,412,556,125,59,47,112,34,1963,0,0,0,0,0,0,0,0,0,5,0,0,0,0,0,0,0,0,0,0,0,0,0,0,0,0,0,0,0,0,0,0,0,0,0,0,0,0,0,4,0,0,0,0,0,0,0,0,0,0,0,4,0,0,0,0,0,0,0,4,0,8,0,0,0,0,0,0,0,13
209011204,0,0,4,0,0,0,0,0,0,10,0,0,0,0,0,0,0,4,0,9,0,0,0,0,0,0,0,0,0,0,0,0,0,0,0,0,0,0,0,0,0,0,0,3,0,0,0,0,0,3,90,182,101,185,45,69,12,51,7,740,5,0,4,12,3,14,0,8,0,59,0,0,3,0,0,0,0,0,0,11,0,0,0,0,0,0,0,0,0,0,0,0,0,0,3,0,0,0,0,0,0,0,0,0,0,0,0,0,0,0,3,8,5,8,0,10,3,5,0,44,96,198,121,207,61,93,21,68,5,877,0,0,0,6,0,3,0,0,0,10,0,0,0,0,0,0,0,0,0,0,0,0,0,0,0,0,0,0,0,0,0,0,0,0,0,0,0,0,0,0,0,0,0,3,0,0,0,0,0,5,0,0,0,0,0,0,0,0,0,0,0,0,0,6,0,7,0,0,0,12
209021205,0,10,0,4,0,0,0,0,0,20,0,16,7,5,0,6,0,17,0,56,0,0,0,0,0,0,0,0,0,0,0,6,0,3,0,6,0,7,0,23,0,0,0,6,0,0,0,0,0,4,225,919,240,501,203,98,44,122,39,2406,3,26,14,24,8,24,0,27,3,127,0,0,0,0,0,0,0,4,0,3,0,0,6,0,0,0,0,8,0,13,10,34,6,4,3,0,0,4,0,62,0,11,3,0,0,0,0,0,0,21,11,21,4,26,6,10,0,12,0,94,250,1043,280,579,227,148,50,201,42,2830,0,3,0,3,5,0,0,4,0,18,0,0,0,0,0,0,0,0,0,0,0,0,0,0,0,0,0,0,0,3,0,0,0,0,0,0,0,0,0,6,0,4,0,0,0,0,0,0,0,5,0,0,0,0,0,0,0,0,0,0,0,11,5,7,4,0,0,3,0,30
209021428,9,26,29,43,19,29,4,33,5,193,8,17,22,43,18,90,26,50,5,283,0,0,0,0,0,0,0,0,0,0,3,18,3,16,11,11,5,14,0,83,4,4,6,8,9,3,6,9,0,45,1456,1319,1501,1331,1240,1485,1027,786,175,10310,35,40,45,81,47,226,41,122,11,646,16,0,7,0,4,0,10,10,0,54,3,0,3,5,4,3,14,9,0,45,19,57,20,26,11,26,24,20,3,203,3,9,7,5,13,7,5,8,5,62,31,49,30,67,16,46,14,42,9,305,1595,1533,1674,1623,1394,1928,1180,1104,212,12239,4,10,20,13,6,19,15,15,0,113,0,0,0,0,0,0,0,0,0,0,0,0,5,4,5,0,0,5,0,17,4,3,0,5,0,3,3,0,0,18,0,0,3,0,0,0,0,0,0,7,6,6,3,3,0,0,0,3,0,20,14,16,29,31,18,27,19,24,0,172
209021429,0,10,0,10,0,3,0,5,0,35,0,9,0,3,3,3,0,4,0,26,0,0,0,0,0,0,0,0,0,0,0,6,0,8,0,0,0,5,0,16,0,0,0,0,3,0,0,0,0,8,71,247,149,208,90,35,51,64,19,938,0,4,0,18,6,26,3,35,0,88,0,0,0,0,0,0,0,0,0,0,0,0,0,0,0,0,4,5,0,11,0,12,4,14,4,7,0,3,0,43,3,10,3,0,0,4,0,0,0,13,3,13,7,13,3,6,0,10,0,62,89,306,162,269,112,85,63,131,21,1241,0,0,0,0,0,0,0,0,0,8,0,0,0,0,0,0,0,0,0,0,0,0,3,0,0,0,0,0,0,10,0,0,0,0,0,0,0,0,0,0,0,0,0,0,0,0,0,0,0,0,0,0,0,0,0,0,0,0,0,0,0,4,8,0,0,0,0,0,0,20
209021523,0,0,0,3,0,0,0,5,0,16,0,0,0,13,0,0,0,0,0,17,0,0,0,0,0,0,0,0,0,0,0,0,0,0,0,0,0,0,0,0,0,0,0,4,0,0,0,0,0,9,63,176,98,261,53,34,33,70,20,808,3,14,12,17,0,3,0,12,0,61,0,0,0,0,0,0,3,0,0,10,0,0,6,0,0,0,0,0,0,4,0,3,0,0,0,0,0,0,0,6,4,0,0,6,0,0,5,0,0,9,5,8,0,3,3,3,0,0,0,24,79,209,110,304,57,44,42,89,22,963,0,0,0,6,0,0,0,0,0,17,0,0,0,0,0,0,0,0,0,0,0,0,0,0,0,0,0,0,0,4,0,0,0,0,0,0,0,0,0,4,0,0,0,0,0,0,0,0,0,0,0,0,0,0,0,0,0,0,0,0,0,7,0,7,0,0,0,6,0,25
209021524,0,0,0,0,0,0,0,0,0,4,0,0,0,0,0,0,0,0,0,5,0,0,0,0,0,0,0,0,0,0,0,0,0,0,0,0,0,0,0,0,0,0,0,6,0,0,0,0,0,5,39,86,84,254,31,19,34,49,15,613,0,4,6,13,0,3,0,10,0,35,0,0,0,0,0,0,8,0,0,14,0,0,0,0,0,0,0,0,0,0,0,0,0,6,0,0,0,0,0,6,0,6,0,0,0,0,0,0,0,10,0,5,0,4,0,0,0,4,0,14,42,94,97,286,38,23,43,62,18,704,0,0,0,0,0,0,0,0,0,3,0,0,0,0,0,0,0,0,0,0,0,0,0,0,0,0,0,0,0,0,0,0,0,0,0,0,0,0,0,4,0,0,0,0,0,0,0,0,0,0,0,0,0,0,0,0,0,0,0,0,0,0,0,4,0,0,0,0,0,10
209021525,0,4,0,0,0,0,0,4,0,12,0,3,0,7,0,3,0,0,0,15,0,0,0,0,0,0,0,0,0,0,0,4,3,9,0,4,0,3,0,17,0,0,0,0,0,0,0,0,0,0,106,209,126,205,74,115,51,83,14,993,0,9,4,14,4,32,0,12,9,81,0,0,0,0,0,0,5,3,0,10,0,0,0,0,0,0,0,0,0,7,0,3,0,0,0,0,0,0,0,11,0,0,0,5,0,0,0,0,0,10,4,10,5,10,0,8,0,3,0,43,118,243,146,252,83,170,65,109,26,1209,0,3,0,8,3,0,0,0,0,8,0,0,0,0,0,0,0,0,0,0,0,0,0,0,0,0,0,3,0,0,0,0,0,0,0,0,0,0,0,4,0,0,0,0,0,0,0,0,0,0,0,0,0,4,0,0,0,0,0,4,0,0,0,9,3,0,0,3,0,23
209021526,0,8,3,10,0,7,3,13,0,48,0,0,11,0,0,6,3,21,4,35,0,0,0,0,0,0,0,0,0,0,0,0,0,0,0,0,0,0,0,0,0,0,0,0,0,0,0,3,0,10,419,300,627,221,333,226,540,404,48,3119,22,7,26,14,7,24,20,47,5,170,0,0,8,0,3,0,11,4,0,22,3,0,5,0,0,3,6,0,0,19,8,9,5,3,3,0,7,5,0,37,0,0,3,0,0,3,4,3,0,21,4,12,13,16,9,10,10,9,0,81,458,335,696,275,351,281,604,504,61,3556,0,0,3,0,0,3,3,7,0,28,0,0,0,0,0,0,0,0,0,0,0,0,0,0,0,0,0,0,0,0,0,0,0,0,0,0,0,0,0,0,0,0,0,0,0,0,0,0,0,0,0,0,0,0,0,0,0,0,0,3,0,0,7,5,0,7,3,13,0,37
209031209,3,6,5,3,0,0,0,10,0,29,4,3,5,14,0,9,0,8,0,39,0,0,0,0,0,0,0,0,0,0,0,0,0,0,0,0,0,0,0,0,0,0,0,0,0,0,0,0,0,3,402,606,644,521,338,404,94,246,43,3286,13,13,30,52,15,78,4,72,4,277,8,0,3,0,0,0,10,0,0,23,0,5,4,0,0,0,0,0,0,7,0,0,4,3,0,0,0,3,0,18,3,6,7,8,0,0,0,0,0,20,9,17,8,20,5,16,6,11,0,93,443,644,708,618,358,509,115,344,54,3791,0,0,4,0,0,0,0,4,0,11,0,0,0,0,0,0,0,0,0,0,0,0,0,0,0,0,0,0,0,0,0,0,0,0,0,0,0,0,0,0,0,0,0,0,0,0,0,0,0,0,0,0,0,0,0,0,0,0,0,3,0,4,4,5,5,4,0,4,0,16
209031210,0,0,0,0,0,0,0,0,0,5,0,0,0,0,0,0,0,0,0,0,0,0,0,0,0,0,0,0,0,0,0,0,0,0,0,0,0,0,0,0,0,0,0,0,0,0,0,0,0,0,47,47,97,50,21,33,20,30,0,346,0,0,0,4,0,7,0,0,0,8,0,0,0,0,0,0,5,4,0,7,0,0,0,0,0,0,0,0,0,0,0,0,0,0,0,0,0,0,0,5,0,0,0,0,0,0,0,0,0,0,0,0,0,5,0,0,0,0,0,14,51,47,103,55,24,40,28,34,0,388,0,0,0,0,0,0,0,0,0,0,0,0,0,0,0,0,0,0,0,0,0,0,0,0,0,0,0,0,0,0,0,0,0,0,0,0,0,0,0,0,0,0,0,0,0,0,0,0,0,0,0,0,0,0,0,0,0,0,0,0,0,0,0,0,0,0,0,0,0,0
209031211,0,0,0,0,0,0,0,0,0,0,0,0,0,0,0,0,0,0,0,0,0,0,0,0,0,0,0,0,0,0,0,0,0,0,0,0,0,0,0,0,0,0,0,0,0,0,0,0,0,0,83,47,96,53,31,25,26,94,3,462,3,0,9,3,3,3,0,20,0,42,0,0,4,0,0,0,4,0,0,12,0,0,0,0,0,0,0,0,0,0,0,0,0,0,0,0,0,0,0,0,0,0,0,0,0,0,0,0,0,3,10,6,5,3,5,3,3,5,0,34,102,60,116,58,38,33,31,118,9,553,0,0,0,0,0,0,0,0,0,0,0,0,0,0,0,0,0,0,0,0,0,0,0,0,0,0,0,0,0,0,0,0,0,0,0,0,0,0,0,0,0,0,0,0,0,0,0,0,0,0,0,0,0,0,0,0,0,0,0,0,0,0,0,0,0,0,0,0,0,0
209031212,0,0,0,0,0,0,0,0,0,0,0,0,0,0,0,0,0,0,0,0,0,0,0,0,0,0,0,0,0,0,0,0,0,0,0,0,0,0,0,0,0,0,0,0,0,0,0,0,0,0,73,100,160,65,24,10,38,59,5,528,0,0,3,11,0,0,0,4,0,19,3,0,3,0,0,0,3,0,0,11,0,0,0,0,0,0,0,0,0,3,0,0,0,0,0,0,0,0,0,0,0,0,0,0,0,0,0,0,0,6,13,4,7,3,10,0,0,3,0,42,96,107,174,79,31,13,42,68,8,614,0,0,0,0,0,0,0,0,0,0,0,0,0,0,0,0,0,0,0,0,0,0,0,0,0,0,0,0,0,0,0,0,0,0,0,0,0,0,0,0,0,0,0,0,0,0,0,0,0,0,0,0,0,0,0,0,0,0,0,0,0,0,3,0,0,0,0,0,0,3
209031213,0,4,3,3,0,0,0,0,0,10,0,4,0,11,0,0,0,6,0,22,0,0,0,0,0,0,0,0,0,0,0,0,0,0,0,0,0,0,0,0,0,0,0,0,0,0,0,0,0,0,94,209,200,290,73,20,34,93,21,1033,0,4,12,16,3,3,0,12,0,54,5,0,3,0,0,0,10,3,0,18,0,0,0,0,0,0,0,0,0,3,0,0,0,0,0,0,0,0,0,0,0,3,0,0,0,0,0,0,0,6,7,5,6,5,0,0,0,0,0,30,104,224,228,327,81,25,48,114,21,1173,0,0,0,0,3,0,0,0,0,11,0,0,0,0,0,0,0,0,0,0,0,0,0,0,0,0,0,0,0,0,0,0,0,0,0,0,0,0,0,0,0,0,0,0,0,0,0,0,0,0,0,0,0,0,0,0,0,0,0,3,0,0,3,0,5,0,0,6,0,13
209031214,0,0,0,0,0,0,0,0,0,0,0,0,0,4,0,0,0,0,0,9,0,0,0,0,0,0,0,0,0,0,0,0,0,0,0,0,0,0,0,0,0,0,0,0,0,0,0,0,0,0,97,136,170,86,70,18,26,43,7,655,5,0,0,7,0,3,0,4,0,27,0,0,10,0,0,0,0,0,0,10,0,0,0,0,3,0,0,0,0,5,0,0,0,0,0,0,0,0,0,0,0,0,0,0,0,0,0,0,0,4,11,6,5,0,3,4,0,4,0,39,112,147,184,98,87,19,28,56,7,742,0,0,0,0,0,0,0,0,0,0,0,0,0,0,0,0,0,0,0,0,0,0,0,0,0,0,0,0,0,0,0,0,0,0,0,0,0,0,0,0,0,0,0,0,0,0,0,0,0,0,0,0,0,0,0,0,0,0,0,0,0,0,0,0,0,0,0,0,0,0
209031215,7,0,0,0,0,7,0,0,0,15,0,0,3,7,0,3,0,3,0,13,0,0,0,0,0,0,0,0,0,0,0,0,0,0,0,0,0,0,0,0,0,3,0,0,0,0,0,0,0,3,167,205,327,303,99,156,91,129,19,1493,4,4,11,18,5,52,4,46,0,139,4,0,3,0,0,0,9,3,0,18,0,0,0,0,0,0,0,0,0,0,0,5,0,0,0,0,4,4,0,9,0,0,5,3,0,0,0,0,0,12,5,6,9,11,5,16,6,16,0,69,175,219,360,338,116,238,107,196,19,1767,0,0,0,0,0,0,0,0,0,4,0,0,0,0,0,0,0,0,0,0,0,0,0,0,0,0,0,0,0,0,0,0,0,0,0,0,0,0,0,0,0,0,0,0,0,0,0,0,0,0,0,0,0,0,0,0,0,0,0,0,0,0,0,0,0,0,0,5,0,9
209041216,0,4,5,4,0,0,0,9,0,18,0,3,0,4,0,7,8,0,0,30,0,0,0,0,0,0,0,0,0,3,5,4,4,0,0,0,0,6,0,27,0,0,0,3,0,0,0,0,0,3,295,489,269,536,315,235,488,168,61,2864,3,10,4,16,4,29,6,16,3,82,0,0,0,0,0,0,0,0,0,3,0,6,0,0,0,0,3,3,0,13,0,6,0,0,0,0,0,0,0,8,0,3,0,3,5,0,4,3,0,14,7,6,0,3,5,11,3,0,0,39,309,522,292,574,334,285,514,203,67,3098,0,0,0,6,0,0,0,5,0,15,0,0,0,0,0,0,0,0,0,0,0,0,0,0,0,0,0,0,0,0,0,0,0,0,0,0,0,0,0,5,0,0,0,0,0,0,0,0,0,0,0,0,0,0,0,0,0,0,0,0,0,0,3,6,0,0,0,6,0,22
209041217,0,0,0,0,0,0,0,0,0,0,0,0,0,0,0,4,0,3,0,13,0,0,0,0,0,0,0,0,0,0,0,0,5,4,0,3,0,7,0,23,0,0,0,0,0,6,0,0,0,3,101,358,112,139,157,176,34,92,18,1183,4,9,11,6,0,53,0,24,4,112,0,0,0,0,0,0,0,0,0,5,0,0,0,0,0,0,0,0,0,10,0,5,0,0,0,0,0,0,0,5,0,0,0,0,0,0,0,0,0,4,3,8,4,3,3,13,0,12,0,47,108,383,132,155,165,256,39,149,19,1410,0,0,0,0,0,0,0,0,0,4,0,0,0,0,0,0,0,0,0,0,0,0,0,0,0,0,0,0,0,0,0,0,0,0,0,0,0,0,0,0,0,0,0,0,0,0,0,0,0,0,0,0,0,0,0,0,0,0,0,0,0,0,0,0,0,0,0,0,0,4
209041220,0,9,6,24,7,13,0,6,0,58,5,7,8,16,6,14,0,17,0,74,0,0,0,0,0,0,0,0,0,0,0,0,0,0,0,0,0,0,0,4,4,0,0,0,6,4,0,0,0,17,305,477,296,663,391,550,82,257,53,3073,11,8,18,58,42,159,0,61,0,362,3,0,8,0,0,0,14,0,0,18,0,0,0,3,0,0,0,0,0,6,0,0,0,4,0,0,0,6,0,12,0,0,3,7,0,0,0,0,0,20,3,7,3,9,9,25,3,9,0,62,333,509,338,784,463,766,92,354,64,3695,0,0,0,7,8,10,0,3,0,26,0,0,0,0,0,0,0,0,0,0,0,0,0,0,0,0,0,0,0,6,0,0,0,0,0,0,0,0,0,9,0,0,0,3,0,0,0,3,0,3,0,0,0,0,0,0,0,0,0,3,0,0,4,12,9,10,0,4,0,47
209041221,0,0,0,0,0,0,0,0,0,9,0,0,0,0,0,0,0,0,0,7,0,0,0,0,0,0,0,0,0,0,0,0,0,0,0,0,0,0,0,0,0,0,0,0,0,0,0,0,0,0,34,99,66,69,23,13,28,36,7,372,0,0,10,3,0,0,0,5,0,21,0,0,4,0,0,0,6,0,0,10,0,0,0,0,0,0,0,0,0,0,0,0,0,0,0,0,0,0,0,3,0,0,0,0,0,0,0,0,0,6,0,6,0,5,0,4,0,0,0,14,37,113,76,81,29,13,33,37,9,437,0,0,0,0,0,0,0,0,0,3,0,0,0,0,0,0,0,0,0,0,0,0,0,0,0,0,0,0,0,0,0,0,0,0,0,0,0,0,0,0,0,0,0,0,0,0,0,0,0,0,0,0,0,0,0,0,0,0,0,0,0,6,0,0,0,0,0,0,0,3
209041223,16,11,29,15,4,12,9,42,3,148,0,0,15,11,11,7,19,36,4,101,0,0,3,0,0,0,0,0,0,6,0,0,0,0,0,0,0,0,0,6,5,0,3,0,5,0,11,35,0,62,1865,924,3035,561,1337,923,1814,1933,270,12658,46,22,143,44,59,124,102,280,17,831,6,3,42,0,4,3,56,12,3,140,3,7,7,5,0,0,9,17,4,38,13,13,20,6,8,4,16,10,0,91,7,5,11,0,12,5,6,9,3,65,8,11,19,19,7,15,11,18,0,105,1961,1000,3328,657,1441,1100,2059,2396,315,14248,0,3,16,7,3,6,24,31,0,93,0,0,0,0,0,0,0,0,0,0,0,0,0,0,0,0,0,0,0,9,0,0,3,0,0,0,0,3,0,6,0,4,0,0,0,0,0,0,0,6,0,0,0,0,0,0,0,0,0,8,3,9,25,7,10,7,21,41,0,126
209041224,0,0,3,0,0,0,0,0,0,7,0,0,0,0,0,0,0,0,0,3,0,0,0,0,0,0,0,0,0,0,0,0,0,0,0,0,0,0,0,0,0,0,0,0,0,0,0,0,0,0,188,327,454,361,139,230,126,213,38,2069,6,5,36,24,9,86,3,79,3,242,10,0,12,0,0,0,16,5,0,45,0,0,0,0,0,0,0,0,0,0,0,0,0,0,0,4,0,0,0,4,0,0,4,0,4,5,0,0,0,16,12,5,8,17,8,11,0,16,0,87,213,341,522,408,157,338,154,318,45,2482,0,0,0,0,0,0,0,0,0,0,0,0,0,0,0,0,0,0,0,0,0,0,0,0,0,0,0,0,0,0,0,0,0,0,0,0,0,0,0,0,0,0,0,0,0,0,0,0,0,0,0,0,0,0,0,0,0,0,0,0,0,0,0,0,0,0,0,0,0,5
209041225,0,0,0,0,0,0,0,0,0,0,0,0,0,7,0,3,0,4,0,15,0,0,0,0,0,0,0,0,0,0,0,0,0,0,0,0,0,0,0,0,0,0,0,0,0,0,4,0,0,7,126,205,320,236,99,118,130,183,18,1431,0,6,23,16,4,36,8,40,0,130,3,0,12,0,0,0,20,8,0,39,0,0,0,0,0,0,0,0,0,0,0,0,0,0,0,0,0,0,0,3,0,0,5,0,0,0,0,0,0,3,9,4,10,14,4,8,0,10,0,60,146,214,365,276,110,166,160,246,21,1698,0,0,0,5,0,0,0,0,0,6,0,0,0,0,0,0,0,0,0,0,0,0,0,0,0,0,0,0,0,0,0,0,0,0,0,0,0,0,0,0,0,0,0,0,0,0,0,0,0,0,0,0,0,0,0,0,0,0,0,0,0,0,0,5,0,0,0,7,0,11
209041431,0,3,0,4,0,0,0,0,0,17,0,4,3,13,0,0,0,0,0,18,0,0,0,0,0,0,0,0,0,0,0,0,0,0,0,0,0,0,0,0,0,0,0,5,0,0,5,0,0,8,40,227,113,191,44,9,64,72,17,777,4,12,8,14,0,0,0,9,0,47,5,0,3,0,0,0,8,3,0,22,0,0,0,0,0,0,0,0,0,0,0,5,0,0,0,0,0,0,0,0,0,3,10,4,0,0,5,0,3,25,0,7,3,0,3,0,0,0,0,12,51,257,131,224,49,12,82,93,17,925,0,0,0,6,0,0,0,3,0,4,0,0,0,0,0,0,0,0,0,0,0,0,0,0,0,0,0,0,0,0,0,0,0,0,0,0,0,0,0,0,0,0,0,0,0,0,0,0,0,6,0,0,0,0,0,0,0,0,0,0,0,0,0,6,0,0,0,4,0,9
209041432,5,19,18,12,6,14,4,16,6,99,9,18,13,22,12,59,4,33,0,170,0,0,0,0,0,0,0,0,0,0,0,0,0,0,0,0,0,0,0,0,0,0,5,4,3,9,5,4,0,35,1065,2900,1280,867,1125,1066,759,1150,202,10425,35,86,74,69,55,216,31,177,12,754,0,0,9,0,3,0,22,9,0,47,3,3,4,4,5,0,4,0,0,24,3,20,5,4,0,0,3,3,0,45,0,7,11,0,8,5,0,7,3,46,0,12,8,6,5,9,5,15,0,70,1119,3067,1430,1000,1221,1386,838,1435,221,11728,4,11,12,14,9,13,10,15,0,96,0,0,0,0,0,0,0,0,0,0,0,0,0,0,0,0,0,0,0,0,0,4,5,4,0,0,5,4,0,16,0,0,5,0,0,0,0,0,0,8,0,0,0,0,0,0,0,0,0,5,11,20,16,18,9,13,10,20,0,127
209041433,0,0,16,0,0,0,0,7,0,27,0,0,0,4,0,4,0,0,0,12,0,0,0,0,0,0,0,0,0,0,0,0,0,0,0,0,0,0,0,0,0,0,0,3,0,0,10,0,0,14,334,272,482,217,280,229,419,238,42,2503,8,3,23,24,16,30,24,38,6,174,4,0,3,0,0,0,11,0,0,27,0,0,0,0,0,0,5,6,0,8,0,0,0,0,0,0,0,0,0,8,0,3,0,5,3,0,3,0,0,20,0,5,0,14,0,7,0,10,0,40,349,284,530,267,301,265,476,299,52,2824,0,0,3,4,0,0,0,0,0,18,0,0,0,0,0,0,0,0,0,0,0,0,0,0,0,0,0,0,0,0,0,0,0,0,0,0,0,0,0,0,0,0,0,0,0,0,0,0,0,0,5,0,0,0,0,0,0,0,0,5,5,0,3,5,0,0,0,0,0,21
209041435,0,0,0,0,0,0,0,0,0,6,0,0,0,0,0,0,0,0,0,0,0,0,0,0,0,0,0,0,0,0,0,0,0,0,0,0,0,0,0,0,0,0,0,0,0,0,0,0,0,3,37,85,72,71,27,31,38,31,3,391,0,5,0,9,0,3,0,9,3,25,3,0,6,0,0,0,4,0,0,15,0,0,0,0,0,0,0,0,0,0,0,0,0,0,0,0,0,0,0,0,0,0,0,0,0,0,0,0,0,5,0,3,0,3,0,4,0,0,0,14,44,98,78,73,34,38,44,44,7,456,0,0,0,0,0,0,0,0,0,0,0,0,0,0,0,0,0,0,0,0,0,0,0,0,0,0,0,0,0,0,0,0,0,0,0,0,0,0,0,0,0,0,0,0,0,0,0,0,0,0,0,0,0,0,0,0,0,0,0,0,0,0,0,0,0,0,0,0,0,0
209041436,0,9,7,3,0,0,0,8,0,27,0,0,3,11,0,7,0,6,0,27,0,0,0,0,0,0,0,0,0,0,0,0,0,0,0,0,0,0,0,0,0,5,0,5,0,0,0,0,0,8,185,341,261,414,224,202,61,206,34,1923,3,16,12,35,5,44,0,16,3,126,4,0,6,0,0,0,4,0,0,13,0,0,0,0,0,0,0,0,0,3,0,3,0,3,0,0,0,3,0,8,5,3,0,0,6,0,0,0,4,16,0,0,0,15,4,3,0,5,0,39,201,372,286,488,238,256,64,250,34,2197,0,3,0,5,0,0,0,0,0,12,0,0,0,0,0,0,0,0,0,0,0,0,0,0,0,0,0,0,0,0,0,0,0,0,0,0,0,0,0,0,0,0,0,0,0,0,0,0,0,0,0,0,0,0,0,0,0,0,0,3,0,3,0,5,0,4,0,5,0,17
209041437,0,6,6,0,0,0,0,6,0,6,0,0,4,3,0,4,0,0,0,10,0,0,0,0,0,0,0,0,0,0,0,0,0,0,0,0,0,0,0,0,0,0,0,4,0,0,12,0,0,17,99,114,307,135,50,79,292,112,26,1212,0,0,26,7,5,42,5,26,0,109,4,0,9,0,0,0,21,3,0,34,0,0,0,0,0,0,0,0,0,0,0,0,0,0,0,0,0,0,0,0,4,3,4,0,4,0,11,0,0,31,0,0,0,7,0,0,0,6,0,18,114,127,346,149,61,123,342,151,24,1439,0,0,0,0,0,0,0,0,0,3,0,0,0,0,0,0,0,0,0,0,0,0,0,0,0,0,0,0,0,0,0,0,0,0,0,0,0,0,0,0,0,0,0,0,0,0,0,0,0,0,0,0,0,0,0,0,0,0,0,0,0,0,0,0,0,0,0,0,0,3
209041527,0,0,0,0,0,0,0,3,0,7,0,0,3,5,0,0,0,0,0,11,0,0,0,0,0,0,0,0,0,0,0,0,0,0,0,0,0,0,0,0,0,0,0,0,0,0,0,0,0,0,123,239,213,232,67,105,88,299,20,1393,0,0,15,18,0,38,8,60,0,123,6,0,0,0,0,0,10,5,0,15,0,0,0,0,0,0,0,0,0,0,0,0,0,0,0,0,0,0,0,3,0,0,0,0,0,3,0,0,3,15,0,6,0,19,3,12,0,8,0,47,134,251,234,270,74,155,96,372,22,1615,0,0,0,0,0,0,0,0,0,7,0,0,0,0,0,0,0,0,0,0,0,0,0,0,0,0,0,0,0,0,0,0,0,0,0,0,0,0,0,0,0,0,0,0,0,0,0,0,0,0,0,0,0,0,0,0,0,0,0,0,0,0,0,0,0,0,0,8,0,12
209041528,0,0,0,0,0,0,0,0,0,0,0,0,0,0,0,0,0,3,0,3,0,0,0,0,0,0,0,0,0,0,0,0,0,0,0,0,0,0,0,0,0,0,0,0,0,0,4,0,0,4,48,65,102,110,34,17,24,42,5,455,0,0,8,9,0,44,0,31,0,92,0,0,5,0,0,0,0,6,0,6,0,0,0,0,0,0,0,0,0,0,0,0,0,0,0,0,0,0,0,0,0,0,0,0,5,0,0,0,0,9,0,0,0,0,0,0,0,6,0,8,50,68,115,125,35,67,28,83,5,581,0,0,0,0,0,0,0,0,0,0,0,0,0,0,0,0,0,0,0,0,0,0,0,0,0,0,0,0,0,0,0,0,0,0,0,0,0,0,0,0,0,0,0,0,0,0,0,0,0,0,0,0,0,0,0,0,0,0,0,0,0,0,0,0,0,0,0,0,0,0
209041529,0,3,0,4,0,5,0,4,0,15,0,4,0,0,5,3,0,0,0,17,0,0,0,0,0,0,0,0,0,0,0,0,0,0,0,0,0,0,0,0,0,0,0,3,0,0,3,0,0,6,78,189,106,116,75,133,53,54,15,830,3,0,3,9,4,31,0,11,0,65,0,0,0,0,0,0,0,0,0,0,0,0,0,0,0,0,0,0,0,0,0,0,0,0,0,0,0,0,0,7,0,5,0,0,0,0,0,0,0,16,0,3,0,4,0,4,0,6,0,16,86,204,113,142,85,177,62,78,25,960,0,0,0,0,0,3,0,0,0,6,0,0,0,0,0,0,0,0,0,0,0,0,0,0,0,0,0,0,0,0,0,0,0,0,0,0,0,0,0,0,0,0,0,0,0,0,0,0,0,0,0,0,0,0,0,0,0,0,0,3,0,0,0,0,0,3,0,8,0,12
209041530,0,3,0,3,3,0,0,5,0,15,0,0,0,6,0,0,0,3,0,11,0,0,0,0,0,0,0,0,0,0,0,0,0,0,0,0,0,0,0,0,4,0,0,0,0,0,3,4,0,12,338,178,163,184,224,187,412,194,44,1919,13,11,9,11,19,4,34,37,0,133,15,0,0,0,4,0,7,0,0,36,0,0,0,0,0,0,0,0,0,0,0,0,0,0,0,0,3,0,0,9,0,0,0,0,6,0,0,3,0,9,0,0,0,7,0,8,0,0,0,14,366,200,168,209,259,202,477,247,46,2172,0,0,0,0,0,0,5,0,0,9,0,0,0,0,0,0,0,0,0,0,0,0,0,0,0,0,0,0,0,0,0,0,0,0,0,0,0,0,0,0,0,0,0,0,0,0,0,0,0,0,0,0,0,0,0,0,0,0,0,0,4,0,0,0,0,0,3,0,0,9
209041531,0,0,0,0,0,0,0,0,0,3,0,0,0,4,0,0,0,0,0,5,0,0,0,0,0,0,0,0,0,0,0,0,0,0,0,0,0,0,0,0,0,0,0,0,0,4,3,0,0,7,46,129,57,111,48,100,37,58,10,588,0,0,6,8,3,24,0,14,0,55,0,0,0,0,0,0,9,0,0,13,0,0,0,0,0,0,0,0,0,0,0,0,0,0,0,0,0,0,0,0,0,0,0,0,0,0,0,0,0,0,0,9,0,3,0,9,3,0,0,26,45,136,62,119,59,141,50,76,16,702,0,0,0,0,0,0,0,0,0,0,0,0,0,0,0,0,0,0,0,0,0,0,0,0,0,0,0,0,0,0,0,0,0,0,0,0,0,0,0,0,0,0,0,0,0,0,0,0,0,0,0,0,0,0,0,0,0,0,0,0,0,0,0,7,0,0,0,0,0,6
209041532,0,0,0,0,0,0,0,0,0,3,0,0,0,5,0,5,0,0,0,8,0,0,0,0,0,0,0,0,0,0,0,0,0,0,0,0,0,0,0,0,0,0,0,0,0,0,4,0,0,6,67,125,98,200,35,81,67,60,15,746,0,4,8,11,0,31,0,25,0,83,0,0,0,0,0,0,9,0,0,6,0,0,0,0,0,0,0,0,0,4,0,0,0,0,0,0,0,0,0,0,0,0,0,0,0,0,0,0,0,3,3,3,0,9,0,3,0,4,0,25,73,136,109,230,40,120,77,95,16,892,0,0,0,0,0,0,0,0,0,0,0,0,0,0,0,0,0,0,0,0,0,0,0,0,0,0,0,0,0,0,0,0,0,0,0,0,0,0,0,0,0,0,0,0,0,0,0,0,0,0,0,0,0,0,0,0,0,0,0,0,0,0,0,0,0,0,0,0,0,0
210011226,0,0,4,5,3,3,0,0,0,12,0,0,4,6,0,6,0,11,0,37,0,0,0,0,0,0,0,0,0,3,0,0,4,5,0,3,0,8,3,25,0,3,0,0,0,0,0,0,0,7,441,305,849,204,291,470,277,288,41,3174,21,8,38,26,13,117,3,53,7,278,4,0,8,0,0,0,17,4,0,31,0,3,0,0,0,3,0,0,0,12,3,0,6,0,0,4,0,4,0,16,4,0,4,0,5,0,0,0,4,19,4,13,4,0,4,8,6,8,0,40,475,330,930,243,313,620,307,375,59,3656,0,0,0,5,0,0,4,0,0,9,0,0,0,0,0,0,0,0,0,0,0,0,0,0,0,0,0,4,0,8,0,0,3,0,0,0,0,0,0,6,0,0,0,0,0,0,0,0,0,3,0,0,0,0,0,0,0,0,0,0,0,0,3,5,0,3,4,10,0,21
210011227,0,0,3,22,4,6,0,5,0,33,5,0,3,3,4,10,3,4,3,32,0,0,0,0,0,0,0,0,0,0,6,5,0,4,12,0,0,3,5,30,3,0,0,0,3,0,0,0,0,11,433,380,482,481,713,453,117,166,81,3310,12,4,10,13,38,42,0,14,4,135,0,0,0,0,0,0,0,3,0,10,0,0,4,5,6,0,0,0,0,21,4,0,3,0,7,0,0,0,0,23,0,0,6,0,4,0,0,0,0,13,0,0,0,6,7,3,0,5,0,14,461,394,508,527,802,506,128,207,90,3635,0,0,0,0,0,5,0,0,0,16,0,0,0,0,0,0,0,0,0,0,0,0,0,0,5,0,0,0,0,8,0,0,0,4,0,0,0,0,0,8,0,0,0,0,0,0,0,0,0,0,0,0,0,0,0,0,0,0,0,0,0,3,4,5,4,11,0,0,0,30
210011228,0,0,23,6,0,0,0,19,0,52,0,8,9,3,4,8,13,13,5,59,0,0,5,0,0,0,0,0,4,9,0,0,4,0,0,0,0,5,0,14,0,0,4,0,8,4,13,7,0,37,2091,1016,3179,556,2144,615,2213,1617,287,13718,43,20,119,38,54,56,85,131,17,564,10,0,43,0,34,0,51,19,0,160,8,5,12,3,8,0,15,5,0,50,10,4,12,0,0,6,6,7,0,48,14,0,16,0,21,0,19,11,0,78,4,6,0,0,0,11,9,8,0,39,2180,1058,3413,616,2286,697,2421,1852,316,14836,0,0,0,3,0,3,7,8,0,28,0,0,0,0,0,0,0,0,0,0,0,0,0,0,0,0,0,6,0,6,0,4,10,0,0,0,0,3,0,14,0,0,0,0,0,0,0,0,0,0,0,0,0,0,0,0,0,0,0,4,0,5,8,4,4,3,8,18,0,52
210011230,0,0,4,0,0,3,0,0,0,16,0,0,0,7,0,0,0,0,0,10,0,0,0,0,0,0,0,0,0,0,0,0,3,4,0,4,0,6,0,13,0,0,0,0,0,4,0,0,0,4,156,304,227,140,156,112,45,77,16,1237,8,13,14,19,8,35,0,23,0,126,0,0,0,0,0,0,6,0,0,5,0,0,0,0,0,0,0,0,0,8,0,9,0,0,3,0,0,0,0,19,0,0,0,0,0,0,0,0,0,9,3,9,0,16,0,11,0,8,0,44,167,349,262,189,174,166,53,121,21,1496,0,0,4,4,0,0,0,4,0,8,0,0,0,0,0,0,0,0,0,0,0,0,0,0,0,0,0,0,0,6,0,0,3,0,0,0,0,0,0,11,0,0,0,0,0,0,0,0,0,0,0,0,0,0,0,0,0,0,0,0,0,5,6,4,0,0,0,4,0,19
210011231,0,6,5,0,0,0,0,0,0,12,0,0,0,0,0,0,0,0,0,0,0,0,0,0,0,0,0,0,0,0,0,0,0,0,0,0,0,0,0,0,0,0,0,0,0,0,0,0,0,0,72,172,119,82,41,42,9,47,8,589,0,7,0,10,5,13,0,9,0,40,0,0,3,0,0,0,0,3,0,13,0,0,0,0,0,0,0,0,0,0,0,0,0,0,0,0,0,0,0,5,0,0,0,0,4,0,0,0,0,8,8,6,0,3,5,11,0,3,0,31,85,193,125,101,50,65,14,61,6,707,0,0,0,0,0,0,0,0,0,0,0,0,0,0,0,0,0,0,0,0,0,0,0,0,0,0,0,0,0,0,0,0,0,0,0,0,0,0,0,0,0,0,0,0,0,0,0,0,0,0,0,0,0,0,0,0,0,0,0,0,0,4,0,0,0,0,0,0,0,4
210011533,0,0,0,3,0,0,0,6,0,12,0,0,4,12,0,5,0,4,0,25,0,0,0,0,0,0,0,0,0,0,0,0,0,0,0,0,0,0,0,0,0,0,0,5,0,0,0,0,0,5,82,129,115,254,40,70,25,82,19,814,0,0,11,25,0,23,0,24,0,94,0,0,0,0,0,0,3,0,0,3,0,0,0,0,0,0,0,0,0,0,0,0,4,4,0,0,0,0,0,7,6,3,0,0,0,0,0,0,0,7,0,6,3,7,5,17,0,3,0,38,86,136,142,312,50,116,30,120,20,1007,0,0,0,12,0,0,0,9,0,14,0,0,0,0,0,0,0,0,0,0,0,0,0,0,0,0,0,0,0,0,0,0,0,0,0,0,0,0,0,0,0,0,0,0,0,0,0,0,0,0,0,0,0,0,0,0,0,0,0,0,0,0,0,12,0,0,0,6,0,20
210011534,0,0,0,8,0,0,3,3,0,17,0,0,0,5,0,4,0,6,0,9,0,0,0,0,0,0,0,0,0,0,0,0,0,0,0,0,0,0,0,0,0,0,0,0,0,0,0,0,0,3,108,299,187,319,108,115,29,105,32,1304,5,14,10,13,9,17,0,13,4,88,0,0,0,0,0,0,6,4,0,10,0,0,0,0,0,0,0,0,0,3,0,0,0,0,0,4,0,0,0,4,0,5,0,4,0,0,0,0,0,12,3,11,6,5,3,3,0,9,0,39,124,332,206,357,121,149,37,132,35,1496,0,0,0,6,0,0,0,0,0,5,0,0,0,0,0,0,0,0,0,0,0,0,0,0,0,0,0,0,0,0,0,0,0,0,0,0,0,0,0,0,0,0,0,0,0,0,0,0,0,0,0,0,0,0,0,0,0,0,0,0,0,4,0,6,0,0,0,0,0,10
210021232,0,5,6,0,0,0,0,0,0,10,0,0,0,5,0,0,0,0,0,5,0,0,0,0,0,0,0,0,0,0,0,0,0,0,0,0,0,0,0,0,0,0,0,0,0,0,0,0,0,0,281,496,538,462,268,228,116,199,28,2620,10,3,45,34,15,83,7,59,3,255,3,0,10,0,0,0,14,6,0,33,0,0,0,7,0,0,0,0,0,8,0,0,0,0,0,3,0,0,0,10,0,5,0,0,0,0,0,0,0,8,10,21,16,12,6,7,0,11,5,88,307,532,617,517,292,321,141,280,36,3036,0,0,0,0,0,0,0,0,0,0,0,0,0,0,0,0,0,0,0,0,0,0,0,0,0,0,0,0,0,0,0,0,0,0,0,0,0,0,0,3,0,0,0,0,0,0,0,0,0,3,0,0,0,0,0,0,0,0,0,0,0,0,3,6,4,0,0,0,0,6
210021233,0,0,3,0,0,0,0,0,0,6,0,0,0,0,0,0,0,0,0,0,0,0,0,0,0,0,0,0,0,0,0,0,0,0,0,0,0,0,0,0,0,0,0,0,0,0,0,0,0,0,59,114,98,45,25,25,9,38,5,413,3,0,0,3,0,0,0,5,0,20,0,0,3,0,0,0,0,0,0,8,0,0,0,0,0,0,0,0,0,3,0,0,0,0,0,0,0,0,0,4,0,0,0,0,0,0,0,0,0,0,4,3,5,5,0,0,0,5,0,18,62,123,110,54,24,23,11,53,5,468,0,0,0,0,0,0,0,0,0,0,0,0,0,0,0,0,0,0,0,0,0,0,0,0,0,0,0,0,0,0,0,0,0,0,0,0,0,0,0,0,0,0,0,0,0,0,0,0,0,0,0,0,0,0,0,0,0,0,0,0,0,0,0,0,0,0,0,0,0,0
210021234,0,0,0,0,0,0,0,0,0,7,0,0,0,0,0,0,0,0,0,0,0,0,0,0,0,0,0,0,0,0,0,0,0,0,0,0,0,0,0,0,0,0,0,0,0,0,0,0,0,0,53,60,121,55,26,66,18,47,0,451,3,0,7,9,0,16,0,4,0,42,4,0,6,0,0,0,0,0,0,10,0,0,0,0,0,0,0,0,0,3,0,0,0,0,0,0,0,0,0,0,0,0,0,0,4,0,0,0,0,3,0,0,7,0,0,4,3,0,0,23,61,63,143,71,31,88,24,59,0,540,0,0,0,0,0,0,0,0,0,0,0,0,0,0,0,0,0,0,0,0,0,0,0,0,0,0,0,0,0,0,0,0,0,0,0,0,0,0,0,0,0,0,0,0,0,0,0,0,0,0,0,0,0,0,0,0,0,0,0,0,0,0,0,0,0,0,0,0,0,0
210021235,0,0,0,0,0,0,0,0,0,0,0,0,0,0,0,0,0,0,0,4,0,0,0,0,0,0,0,0,0,0,0,0,0,0,0,0,0,0,0,0,0,0,0,0,0,0,0,0,0,0,140,172,258,139,99,97,85,194,21,1209,3,4,17,11,9,17,8,20,6,88,5,0,15,0,0,0,20,6,0,38,0,0,0,0,0,0,0,0,0,4,0,0,0,0,0,0,0,0,0,0,0,0,0,0,0,0,4,0,0,8,34,3,10,3,14,15,4,18,4,95,179,184,296,149,120,131,116,237,33,1449,0,0,0,0,0,0,0,0,0,0,0,0,0,0,0,0,0,0,0,0,0,0,0,0,0,0,0,0,0,0,0,0,0,0,0,0,0,0,0,0,0,0,0,0,0,0,0,0,0,0,0,0,0,0,0,0,0,0,0,0,0,0,0,0,0,0,0,0,0,0
210031236,3,5,13,14,0,0,5,10,0,48,0,0,4,0,4,4,4,3,0,21,0,0,0,0,0,0,0,0,0,0,0,4,8,0,0,3,6,0,0,18,0,0,0,0,0,3,6,3,0,15,527,321,919,255,340,375,352,526,55,3680,18,7,49,27,15,40,13,40,4,211,0,0,14,0,0,0,10,5,0,34,0,8,4,0,0,0,3,0,0,17,3,11,9,0,0,10,4,5,0,46,0,3,6,0,0,0,5,3,0,21,3,9,5,10,0,11,9,9,0,59,560,368,1030,308,366,448,407,614,66,4167,3,0,6,0,5,3,0,8,0,30,0,0,0,0,0,0,0,0,0,0,0,0,0,0,0,0,0,4,0,9,0,0,4,0,0,0,0,0,0,4,0,0,0,0,0,0,0,0,0,0,4,0,0,0,0,0,0,0,0,3,5,3,11,0,4,7,3,13,0,51
210031237,0,4,0,3,0,3,6,7,0,23,0,0,0,0,0,0,0,0,0,9,0,0,0,0,0,0,0,0,0,0,0,0,0,0,0,0,0,0,0,0,0,0,0,0,0,6,9,0,0,14,142,249,243,205,120,93,149,154,25,1368,0,8,14,15,10,23,8,30,0,112,5,0,0,0,0,0,3,4,0,16,0,0,0,0,0,0,0,0,0,0,3,7,5,3,0,4,0,4,0,24,0,4,7,3,9,0,0,0,0,20,11,16,8,9,0,5,4,6,0,60,160,291,268,245,134,131,182,209,33,1652,0,0,0,3,0,4,0,4,0,13,0,0,0,0,0,0,0,0,0,0,0,0,0,0,0,0,0,0,0,4,0,0,0,0,0,0,0,0,0,4,0,0,0,0,0,0,0,0,0,0,0,0,0,0,0,0,0,0,0,0,0,0,0,3,0,4,3,3,0,19
210031439,0,0,0,0,0,0,0,0,0,0,0,0,0,0,0,0,0,0,0,0,0,0,0,0,0,0,0,0,0,0,0,0,0,0,0,0,0,0,0,0,0,0,0,0,0,0,0,0,0,0,5,11,14,8,3,0,0,10,0,63,0,0,0,0,0,0,0,0,0,4,0,0,0,0,0,0,0,0,0,0,0,0,0,0,0,0,0,0,0,0,0,0,0,0,0,0,0,0,0,0,0,0,0,0,0,0,0,0,0,0,0,0,0,4,0,0,0,0,0,4,5,11,22,11,3,0,3,9,0,67,0,0,0,0,0,0,0,0,0,0,0,0,0,0,0,0,0,0,0,0,0,0,0,0,0,0,0,0,0,0,0,0,0,0,0,0,0,0,0,0,0,0,0,0,0,0,0,0,0,0,0,0,0,0,0,0,0,0,0,0,0,0,0,0,0,0,0,0,0,0
210031440,0,0,0,0,0,0,0,0,0,4,0,0,0,5,0,0,0,5,0,11,0,0,0,0,0,0,0,0,0,0,0,0,0,0,0,0,0,0,0,0,0,0,0,0,0,0,0,0,0,3,61,58,141,291,52,40,58,107,12,831,3,0,8,5,3,10,3,9,0,47,0,0,0,0,0,0,0,4,0,6,3,0,0,5,0,0,0,0,0,8,0,3,4,5,0,0,0,0,0,16,0,0,0,0,0,0,0,0,0,8,0,0,4,10,3,12,4,3,0,38,68,66,166,321,61,63,73,142,15,969,0,0,0,0,0,0,0,6,0,3,0,0,0,0,0,0,0,0,0,0,0,0,0,0,0,0,0,0,0,0,0,0,0,0,0,0,0,0,0,0,0,0,0,0,0,0,0,0,0,0,0,0,0,0,0,0,0,0,0,0,0,0,0,0,0,0,0,6,0,3
210031535,0,4,0,20,4,0,0,4,0,34,0,0,0,8,0,0,0,3,0,11,0,0,0,0,0,0,0,0,0,0,0,0,0,0,0,0,0,0,0,0,0,4,0,0,0,0,9,0,0,11,118,303,209,292,94,28,96,103,18,1258,3,15,7,12,9,5,3,10,0,52,0,0,3,0,0,0,9,4,0,13,0,0,0,0,0,0,0,0,0,0,0,4,4,4,0,0,5,3,0,12,0,0,3,5,0,0,0,0,0,13,5,3,6,11,3,4,0,8,0,45,124,331,227,349,108,40,122,138,25,1466,0,0,0,3,0,0,0,0,0,0,0,0,0,0,0,0,0,0,0,0,0,0,0,0,0,0,0,0,0,0,0,0,0,0,0,0,0,0,0,3,0,0,0,0,0,0,0,0,0,0,0,0,0,0,0,0,0,0,0,0,0,0,0,3,0,0,0,3,0,5
210031536,0,4,0,11,9,8,0,6,3,33,0,0,0,0,0,3,0,0,0,7,0,0,0,0,0,0,0,0,0,0,0,0,0,0,0,0,0,0,0,0,0,0,0,0,0,0,4,0,0,6,75,156,100,216,88,107,47,62,23,872,3,11,4,11,0,14,0,7,0,66,0,0,3,0,0,0,5,0,0,10,0,0,0,0,0,0,0,0,0,0,0,0,0,0,0,0,0,0,0,3,3,6,0,0,0,0,0,0,0,12,0,15,0,24,0,11,5,6,0,61,82,193,109,267,104,142,54,89,28,1074,0,0,0,0,0,5,0,3,0,12,0,0,0,0,0,0,0,0,0,0,0,0,0,0,0,0,0,0,0,0,0,0,0,0,0,0,0,0,0,0,0,0,0,0,0,0,0,5,0,8,0,0,0,0,0,0,0,0,0,0,0,6,0,8,0,5,0,6,0,16
210031537,0,7,0,10,0,0,0,0,0,22,0,0,0,0,0,0,0,0,0,0,0,0,0,0,0,0,0,0,0,0,0,0,0,0,0,0,0,0,0,0,0,0,0,0,0,0,0,0,0,3,36,74,58,115,17,19,10,31,10,369,0,5,6,10,0,23,0,14,0,59,0,0,6,0,0,0,0,0,0,3,0,0,0,0,0,0,0,0,0,0,0,0,0,0,0,0,0,0,0,0,0,0,3,0,0,0,0,0,0,9,4,4,6,10,0,3,0,4,0,29,40,82,80,145,20,42,13,56,16,494,0,0,0,0,0,0,0,3,0,7,0,0,0,0,0,0,0,0,0,0,0,0,0,0,0,0,0,0,0,0,0,5,0,0,0,0,0,0,0,5,0,0,0,0,0,0,0,0,0,0,0,0,0,0,0,0,0,0,0,0,0,4,0,0,0,0,0,3,0,10
210031538,0,5,4,5,4,0,0,0,0,23,3,6,0,8,0,0,0,0,0,20,0,0,0,0,0,0,0,0,0,0,0,0,0,0,0,0,0,0,0,0,0,0,0,3,3,0,0,0,0,6,127,281,197,267,115,34,74,99,14,1208,3,9,4,18,11,9,0,9,4,73,4,0,0,0,0,0,4,0,0,20,0,0,3,6,0,0,0,0,0,4,0,5,0,3,0,0,0,0,0,20,0,3,0,0,0,4,0,0,3,10,7,14,4,17,3,4,0,13,0,61,151,319,216,326,140,59,84,129,20,1439,0,0,0,3,0,0,0,4,0,10,0,0,0,0,0,0,0,0,0,0,0,0,0,0,0,0,0,0,0,0,0,0,0,0,0,0,0,0,0,0,0,0,0,0,0,0,0,0,0,0,0,0,0,0,0,0,0,0,0,0,0,3,0,10,0,0,0,4,5,18
210041240,0,3,4,0,0,0,0,5,0,10,0,0,0,0,0,0,0,0,0,0,0,0,0,0,0,0,0,0,0,0,0,0,0,0,0,0,0,0,0,0,0,0,0,0,0,0,0,0,0,3,94,266,179,222,91,14,48,92,9,1014,8,4,21,3,3,15,0,18,0,67,0,0,7,0,0,0,13,3,0,29,0,0,0,0,0,0,0,0,0,0,0,0,0,0,3,0,0,0,0,0,0,0,0,0,0,0,0,0,3,9,5,8,9,8,5,0,5,3,0,38,99,287,216,233,102,30,69,120,13,1161,0,3,0,0,0,0,0,3,0,9,0,0,0,0,0,0,0,0,0,0,0,0,0,0,0,0,0,0,0,0,0,0,0,0,0,0,0,0,0,0,0,0,0,0,0,0,0,0,0,4,0,0,0,0,0,0,0,0,0,0,0,3,0,0,0,0,0,4,0,6
210041539,0,0,0,0,0,0,0,5,0,3,0,0,0,0,0,0,0,0,0,0,0,0,0,0,0,0,0,0,0,0,0,0,0,0,0,0,0,0,0,0,0,0,0,0,0,0,0,0,0,0,24,33,52,39,10,3,29,25,5,224,0,0,8,4,0,4,0,4,0,19,5,0,0,0,0,0,0,0,0,4,0,0,0,0,0,0,0,0,0,0,0,0,0,0,0,0,0,0,0,0,0,0,0,0,0,0,0,0,0,0,0,0,0,0,0,3,0,0,0,10,29,38,56,47,11,11,26,30,6,265,0,0,0,0,0,0,0,0,0,0,0,0,0,0,0,0,0,0,0,0,0,0,0,0,0,0,0,0,0,0,0,0,0,0,0,0,0,0,0,0,0,0,0,0,0,0,0,0,0,0,0,0,0,0,0,0,0,0,0,0,0,0,3,0,0,0,0,0,0,3
210041540,0,5,9,7,0,7,0,10,0,43,3,3,0,6,3,13,0,11,0,37,0,0,0,0,0,0,0,0,0,0,0,0,0,0,0,0,0,0,0,0,0,0,0,0,0,0,0,0,0,4,439,416,718,536,405,665,235,324,56,3794,12,9,48,42,10,179,3,119,0,428,7,0,7,0,0,0,6,4,0,30,0,0,4,0,0,3,0,0,0,9,0,0,5,0,0,4,0,0,0,9,0,3,0,0,0,3,0,6,0,15,5,7,14,18,7,22,8,23,0,109,475,442,806,618,431,893,263,500,57,4481,4,0,3,7,0,3,0,5,0,10,0,0,0,0,0,0,0,0,0,0,0,0,0,0,0,0,0,0,0,0,0,0,0,0,0,0,0,0,0,0,0,0,0,0,0,0,0,0,0,0,0,0,0,0,0,0,0,0,0,5,0,0,3,4,0,4,0,5,0,24
210041541,0,0,0,0,0,0,0,0,0,0,0,0,0,0,0,0,0,0,0,0,0,0,0,0,0,0,0,0,0,0,0,0,0,0,0,0,0,0,0,0,0,0,0,0,0,0,0,0,0,0,37,122,101,128,34,11,24,48,5,511,0,0,3,11,0,5,0,12,0,29,0,0,3,0,0,0,7,4,0,14,0,0,0,0,0,0,0,0,0,0,0,0,0,0,0,0,0,0,0,0,0,0,0,0,0,0,0,0,4,11,4,0,8,11,3,0,0,0,0,28,43,120,116,148,39,14,39,61,11,594,0,0,0,0,0,0,0,0,0,0,0,0,0,0,0,0,0,0,0,0,0,0,0,0,0,0,0,0,0,0,0,0,0,0,0,0,0,0,0,0,0,0,0,0,0,0,0,0,0,0,0,0,0,0,0,0,0,0,0,0,0,0,0,0,0,0,0,0,0,0
210051242,6,31,11,12,14,14,8,33,3,136,0,4,3,13,4,14,13,26,4,78,0,0,0,0,0,0,0,0,0,4,0,0,0,0,0,0,0,0,0,4,0,6,0,0,0,4,15,33,3,61,896,1666,866,1269,837,541,744,1164,179,8161,22,40,40,52,23,107,43,146,5,484,0,0,4,0,0,0,14,4,0,24,4,4,0,5,0,0,6,5,0,20,0,21,3,6,3,0,5,6,0,50,3,11,4,0,6,5,4,3,0,46,5,11,3,12,6,10,0,22,4,73,940,1802,946,1371,893,687,857,1433,201,9131,9,19,3,10,4,11,5,35,0,84,0,0,0,0,0,0,0,0,0,0,0,4,0,0,0,0,0,0,0,7,0,4,0,6,0,0,0,3,0,11,0,0,0,3,0,0,0,4,0,14,0,4,0,0,0,0,0,3,0,12,9,28,4,18,8,11,6,44,0,128
210051243,8,18,29,16,15,7,21,44,3,157,5,0,24,6,9,9,36,57,3,157,3,0,0,0,0,0,3,0,0,9,0,0,0,0,0,4,0,8,0,7,3,3,8,0,7,7,17,19,0,67,2756,1478,4625,543,2026,1095,3576,2936,494,19522,89,50,244,40,103,150,169,390,46,1284,19,0,44,0,12,4,111,41,9,224,7,7,11,3,3,0,19,10,0,60,11,9,26,0,3,0,14,19,0,83,8,7,23,3,13,4,13,13,0,89,5,4,14,12,8,6,5,13,0,72,2920,1571,5047,623,2196,1285,3974,3549,560,21731,8,8,16,9,5,5,14,20,0,82,0,0,0,0,0,0,0,0,0,0,0,0,4,0,0,0,0,3,0,6,0,3,5,0,0,0,4,9,5,23,0,0,3,0,0,0,3,5,0,15,0,0,5,0,0,0,9,6,0,26,7,14,27,9,9,5,26,42,3,147
210051245,0,0,6,4,0,0,4,3,0,14,0,0,3,5,0,6,0,11,0,30,0,0,0,0,0,0,0,0,0,0,0,0,0,0,0,0,0,0,0,0,0,0,0,0,0,0,4,0,0,12,251,308,312,434,245,216,273,305,40,2375,4,12,14,37,8,37,9,39,3,160,6,0,7,0,0,0,10,11,0,26,0,0,4,0,4,0,0,0,0,7,0,0,0,0,0,0,0,0,0,7,0,3,0,3,0,0,3,0,0,22,3,9,6,9,0,8,0,11,3,44,261,329,343,496,263,267,301,377,47,2704,0,0,0,9,0,3,0,5,0,16,0,0,0,0,0,0,0,0,0,0,0,0,0,0,0,0,0,0,0,0,0,0,0,0,0,0,0,0,0,0,0,0,0,0,0,0,0,0,0,0,0,0,0,0,0,0,0,0,0,0,0,4,0,9,0,3,0,4,0,20
210051246,0,0,0,0,0,0,0,0,0,3,0,0,0,4,0,3,0,4,0,5,0,0,0,0,0,0,0,0,0,0,0,0,0,0,0,0,0,0,0,0,0,0,0,0,0,0,4,0,0,4,152,257,334,257,114,97,169,165,17,1574,0,7,19,19,7,24,3,28,4,111,3,0,12,0,0,0,30,5,0,58,0,0,0,0,0,0,0,0,0,0,0,3,0,0,0,0,0,0,0,4,0,3,3,0,3,0,3,8,0,19,4,4,4,3,3,6,0,0,0,29,168,280,376,287,129,127,211,204,25,1812,0,0,0,0,0,0,0,0,0,8,0,0,0,0,0,0,0,0,0,0,0,0,0,0,0,0,0,0,0,0,0,0,0,0,0,0,0,0,0,0,0,0,0,0,0,0,0,0,0,0,0,0,0,0,0,0,0,0,0,0,0,0,0,0,0,0,0,0,0,6
210051247,0,0,0,0,0,0,0,0,0,5,0,0,0,0,0,0,0,0,0,3,0,0,0,0,0,0,0,0,0,0,0,0,0,0,0,0,0,0,0,0,0,0,0,0,0,0,3,0,0,3,40,86,90,130,33,26,52,37,17,520,0,6,3,0,0,8,0,3,0,25,0,0,6,0,0,0,10,6,0,22,0,0,0,0,0,0,0,0,0,0,0,0,0,0,0,0,0,0,0,0,0,4,0,0,0,0,0,0,0,12,0,4,0,3,3,4,0,0,0,12,45,106,104,139,36,33,69,50,19,605,0,0,0,0,0,0,0,0,0,0,0,0,0,0,0,0,0,0,0,0,0,0,0,0,0,0,0,0,0,0,0,0,0,0,0,0,0,0,0,0,0,0,0,0,0,0,0,0,0,0,0,0,0,0,0,0,0,0,0,0,0,4,0,0,0,0,0,0,0,9
210051248,0,0,0,3,0,0,0,3,0,13,5,0,5,22,3,11,3,10,3,67,0,0,0,0,0,0,0,0,0,3,0,0,0,0,0,0,0,0,0,3,0,13,0,10,0,0,13,0,0,42,904,994,1121,1184,2094,628,2265,708,282,10184,10,28,13,41,60,31,64,89,13,362,7,0,5,0,69,0,57,0,7,150,4,7,7,4,10,0,10,0,0,50,6,8,0,0,3,0,0,0,0,14,9,7,5,12,37,3,8,0,3,74,0,3,6,0,5,4,0,0,0,19,944,1056,1158,1283,2278,680,2434,823,311,10977,0,6,0,4,7,3,3,5,0,20,0,0,0,0,0,0,0,0,0,0,0,0,0,0,0,0,0,0,0,3,0,0,0,0,3,0,0,0,0,5,0,0,0,0,0,0,0,0,0,0,0,0,0,0,0,0,0,0,0,3,0,5,0,3,6,10,8,5,0,36
210051250,0,0,3,0,0,0,0,3,0,12,0,0,9,7,0,3,3,11,0,26,0,0,0,0,0,0,0,0,0,3,0,0,0,0,0,0,0,0,0,0,0,0,0,0,0,0,4,0,0,10,495,249,689,115,558,163,395,346,62,3060,10,5,22,6,21,16,29,41,0,147,4,0,3,0,4,0,11,0,0,23,4,0,0,0,0,0,4,0,0,3,3,0,0,0,0,0,0,0,0,5,0,4,0,0,5,0,3,5,4,22,0,6,0,5,3,3,5,4,0,22,516,265,728,123,593,181,447,416,69,3347,0,0,3,0,0,0,0,0,0,6,0,0,0,0,0,0,0,0,0,0,0,0,0,0,0,0,0,0,0,0,0,0,6,4,0,0,0,0,0,3,0,0,0,0,0,0,0,0,0,0,0,0,0,0,0,0,0,0,0,3,0,0,12,4,0,0,3,5,0,21
210051441,0,0,0,0,0,0,0,0,0,0,0,0,0,5,0,0,0,6,0,17,0,0,0,0,0,0,0,0,0,0,0,0,0,0,0,0,0,0,0,0,0,0,0,0,0,0,0,0,0,0,63,146,140,121,89,123,82,81,14,852,4,11,5,12,4,57,0,31,5,131,0,0,3,0,0,0,4,0,0,9,0,0,0,0,0,0,0,0,0,0,0,0,0,0,0,0,0,0,0,0,0,0,6,0,0,0,0,0,0,11,4,0,0,3,4,5,0,6,0,28,71,160,159,140,95,192,94,130,20,1046,0,0,0,0,0,0,0,0,0,3,0,0,0,0,0,0,0,0,0,0,0,0,0,0,0,0,0,0,0,0,0,0,0,0,0,0,0,0,0,0,0,0,0,0,0,0,0,0,0,0,0,0,0,0,0,0,0,0,0,0,0,0,0,0,0,0,0,0,0,0
210051442,0,0,3,0,0,0,0,8,0,8,0,0,3,5,0,4,0,3,0,19,0,0,0,0,0,0,0,0,0,0,0,0,0,0,0,0,0,0,0,0,0,3,0,0,0,0,5,0,0,11,69,210,95,147,41,143,91,80,16,889,3,7,4,13,3,28,0,17,0,74,0,0,0,0,0,0,5,0,0,12,0,0,0,0,0,0,0,0,0,0,0,0,0,0,0,0,0,0,0,5,0,3,0,0,0,0,5,0,0,12,0,4,3,12,0,3,0,4,0,28,79,229,108,176,49,179,114,106,20,1059,0,3,0,0,0,0,0,0,0,5,0,0,0,0,0,0,0,0,0,0,0,0,0,0,0,0,0,0,0,0,0,0,0,0,0,0,0,0,0,5,0,0,0,0,0,0,0,0,0,0,0,0,0,0,0,0,0,0,0,0,0,3,0,0,0,0,0,6,0,7
210051443,0,8,6,0,0,0,0,3,0,26,0,0,8,5,0,10,3,11,0,34,0,0,0,0,0,0,0,0,0,0,0,0,0,0,0,0,0,0,0,4,3,0,0,0,0,0,5,0,0,13,407,383,865,517,296,96,394,360,78,3385,11,5,49,27,14,4,17,37,3,171,9,0,4,0,4,0,27,4,4,52,0,0,6,0,0,0,0,0,0,5,0,0,0,0,0,0,0,0,0,3,3,4,3,4,0,0,4,0,3,21,0,0,10,11,5,0,0,4,0,35,435,408,946,559,320,114,457,425,97,3759,0,0,0,4,0,0,3,4,0,17,0,0,0,0,0,0,0,0,0,0,0,0,0,0,0,0,0,0,0,0,0,0,3,0,0,0,0,5,0,5,0,0,0,0,0,0,0,0,0,0,0,0,0,0,0,0,0,0,0,6,0,0,5,4,0,0,3,5,0,29
210051445,0,0,4,0,0,0,0,3,0,7,0,0,0,0,0,0,0,4,0,4,0,0,0,0,0,0,0,0,0,0,0,0,0,0,0,0,0,0,0,0,0,0,0,0,0,0,14,0,0,21,125,165,371,227,79,102,242,260,30,1597,5,4,22,18,8,25,7,55,3,153,7,0,9,0,4,4,31,5,0,53,0,0,0,0,0,0,0,0,0,0,0,0,0,0,0,0,0,0,0,6,0,0,7,3,0,0,8,0,0,29,4,6,3,5,0,0,3,4,0,29,150,184,413,256,88,132,305,342,33,1899,0,0,0,3,0,0,0,5,0,6,0,0,0,0,0,0,0,0,0,0,0,0,0,0,0,0,0,0,0,0,0,0,0,0,0,0,0,0,0,4,0,0,0,0,0,0,0,0,0,0,0,0,0,0,0,0,0,0,0,0,0,0,0,3,0,0,0,6,0,14
210051542,0,0,0,0,0,0,0,0,0,0,0,0,0,0,0,0,0,0,0,4,0,0,0,0,0,0,0,0,0,0,0,0,0,0,0,0,0,0,0,0,0,0,0,0,0,0,6,0,0,8,18,60,37,52,15,9,67,20,3,284,0,0,0,6,0,0,0,0,0,9,0,0,0,0,0,0,6,0,0,8,0,0,0,0,0,0,0,0,0,0,0,0,0,0,0,0,0,0,0,0,0,4,0,0,0,0,0,0,0,11,0,0,4,3,0,0,0,0,0,14,18,69,49,61,15,13,80,29,7,340,0,0,0,0,0,0,0,0,0,0,0,0,0,0,0,0,0,0,0,0,0,0,0,0,0,0,0,0,0,0,0,0,0,0,0,0,0,0,0,0,0,0,0,0,0,0,0,0,0,0,0,0,0,0,0,0,0,0,0,0,0,0,0,0,0,0,0,0,0,0
210051543,0,0,0,4,0,3,0,0,0,8,0,0,4,6,0,20,0,15,0,48,0,0,0,0,0,0,0,0,0,0,0,0,0,0,0,0,0,0,0,0,0,0,6,4,0,4,3,0,0,15,190,184,171,301,94,358,86,122,27,1539,7,5,14,45,10,153,6,63,11,313,0,0,4,0,0,0,6,4,0,14,0,0,0,0,0,0,0,0,0,0,0,0,0,0,0,0,0,0,0,0,0,5,4,0,5,5,0,0,0,16,0,4,3,21,6,19,0,7,4,60,205,197,203,390,115,562,104,216,40,2031,0,0,4,0,0,5,0,3,0,13,0,0,0,0,0,0,0,0,0,0,0,0,0,0,0,0,0,0,0,0,0,0,0,0,0,0,0,0,0,0,0,0,0,0,0,0,0,0,0,0,0,0,0,0,0,0,0,0,0,0,0,0,4,0,0,5,0,6,0,13
210051544,0,3,3,0,0,12,4,6,0,33,3,0,6,5,0,12,18,22,0,68,0,0,0,0,0,0,0,0,0,0,0,0,0,0,0,0,0,0,0,0,0,4,0,3,3,5,7,3,0,28,645,426,1060,252,772,391,1849,707,153,6249,21,16,55,10,32,102,79,118,14,446,4,0,12,0,5,0,46,10,0,78,0,0,7,3,4,5,3,0,0,25,0,0,3,0,0,0,0,0,0,7,4,0,5,0,24,0,29,4,3,68,0,0,4,0,0,6,0,3,0,23,680,450,1168,281,844,524,2042,875,173,7026,0,0,0,3,5,3,6,12,0,29,0,0,0,0,0,0,0,0,0,0,0,0,0,0,0,0,0,0,0,0,0,0,0,0,0,0,0,3,0,8,0,0,0,0,0,0,0,0,0,0,0,0,0,0,0,0,0,0,0,3,0,8,0,3,8,3,3,15,0,40
210051545,0,0,0,3,0,0,0,0,0,4,0,0,0,0,0,0,0,0,0,4,0,0,0,0,0,0,0,0,0,0,0,0,0,0,0,0,0,0,0,0,0,0,0,0,0,0,0,0,0,0,41,70,71,155,14,31,56,65,12,526,0,6,3,6,0,31,0,24,0,70,3,0,3,0,0,0,13,0,0,17,0,0,0,0,0,0,0,0,0,0,0,0,0,0,0,0,0,0,0,0,3,0,3,4,0,0,3,0,0,17,0,0,0,8,0,0,0,0,0,10,50,80,82,174,19,68,72,88,17,649,0,0,0,0,0,0,0,0,0,0,0,0,0,0,0,0,0,0,0,0,0,0,0,0,0,0,0,0,0,0,0,0,0,0,0,0,0,0,0,0,0,0,0,0,0,0,0,0,0,0,0,0,0,0,0,0,0,0,0,0,0,0,0,4,0,0,0,0,0,4
211011251,3,7,8,0,10,3,5,17,0,61,3,5,6,6,5,4,23,20,0,70,0,0,3,0,0,0,0,0,3,4,0,0,0,0,0,0,0,0,0,3,0,0,3,0,0,4,5,3,0,19,1584,807,2290,381,1093,563,1358,1186,203,9460,49,23,96,21,45,40,73,145,15,505,6,0,22,0,0,0,35,0,0,67,9,3,8,0,4,4,5,0,0,33,4,6,22,3,3,3,10,12,4,71,6,4,12,0,6,4,4,3,5,38,8,9,18,12,5,7,13,20,5,95,1679,867,2489,436,1171,636,1519,1405,233,10427,5,5,7,0,5,3,23,6,0,59,0,0,0,0,0,0,0,0,0,0,0,0,0,0,0,0,0,0,0,6,5,0,4,0,0,0,0,3,0,15,0,0,0,0,0,0,0,0,0,3,0,0,0,0,0,0,4,0,0,3,7,5,18,0,11,3,26,14,0,85
211011254,0,8,8,0,8,3,0,3,0,34,4,6,13,5,8,5,32,28,0,101,0,0,0,0,0,0,0,0,0,0,0,0,0,0,0,0,0,0,0,0,0,0,0,0,5,6,0,4,0,21,1712,1293,1949,284,1366,687,1755,1335,243,10627,35,28,58,17,58,92,74,158,13,542,6,0,23,0,0,0,28,19,3,82,4,3,9,0,0,0,16,0,4,39,7,9,14,0,4,5,6,7,0,60,10,5,16,0,8,7,6,4,4,57,11,3,0,14,9,9,7,7,0,62,1787,1374,2089,323,1463,809,1925,1566,276,11609,3,7,0,0,4,0,5,11,4,45,0,0,0,0,0,0,0,0,0,0,0,0,0,0,0,0,0,0,0,0,0,0,3,0,0,0,0,0,0,6,0,0,0,0,0,0,0,0,0,0,0,0,0,0,0,0,6,0,0,6,3,10,7,0,4,0,11,13,4,56
211011255,0,0,0,0,0,0,0,0,0,0,0,0,0,0,0,0,0,5,0,5,0,0,0,0,0,0,0,0,0,0,0,0,0,0,0,0,0,0,0,0,0,0,0,0,0,0,0,0,0,0,37,30,97,40,15,18,55,29,5,316,0,3,3,0,0,3,0,9,0,21,0,0,0,0,0,0,14,3,0,17,0,0,0,0,0,0,0,0,0,0,0,0,0,0,0,0,0,0,0,0,0,0,3,0,0,0,0,0,0,9,0,0,4,0,0,0,0,4,0,10,33,36,114,38,15,18,69,51,3,381,0,0,0,0,0,0,0,0,0,0,0,0,0,0,0,0,0,0,0,0,0,0,0,0,0,0,0,0,0,0,0,0,0,0,0,0,0,0,0,0,0,0,0,0,0,0,0,0,0,0,0,0,0,0,0,0,0,0,0,0,0,0,0,0,0,0,0,0,0,0
211011256,0,0,8,0,0,0,0,8,0,11,0,5,8,8,5,21,0,15,0,65,0,0,0,0,0,0,0,0,0,5,0,0,0,0,0,0,0,0,0,3,0,0,0,3,4,0,0,0,0,11,486,534,620,361,412,373,181,269,42,3281,6,8,17,24,9,131,13,86,4,305,5,0,0,0,0,0,7,6,0,23,0,0,3,0,6,0,6,0,0,12,0,6,5,0,0,0,0,7,0,12,0,3,8,0,3,0,0,3,0,24,7,0,0,9,6,11,0,17,0,49,510,563,674,405,439,552,208,397,49,3788,0,0,4,0,0,0,0,6,0,10,0,0,0,0,0,0,0,0,0,0,0,0,0,0,0,0,0,0,0,0,5,0,6,0,0,0,0,0,0,11,0,0,0,0,0,0,0,0,0,0,0,0,0,0,0,0,0,0,0,0,0,4,14,0,0,0,0,6,0,25
211011257,0,0,0,0,0,0,0,4,0,7,0,0,3,0,0,0,4,6,0,16,0,0,0,0,0,0,0,0,0,0,0,0,0,0,0,0,0,0,0,0,0,0,0,0,0,0,0,0,0,3,354,180,521,56,273,114,276,215,35,2039,13,0,27,13,11,19,19,20,5,117,3,0,6,0,8,0,7,0,0,29,0,0,5,0,0,0,0,0,0,4,0,0,5,0,0,0,0,7,0,13,3,0,6,0,0,3,0,0,0,16,0,0,0,0,5,0,0,0,0,3,371,186,562,69,300,136,317,257,48,2244,0,0,0,0,0,0,0,0,0,3,0,0,0,0,0,0,0,0,0,0,0,0,0,0,0,0,0,0,0,0,0,0,0,0,0,0,0,0,0,0,0,0,0,0,0,0,0,0,0,0,0,0,0,0,0,0,0,0,0,0,0,0,0,0,0,0,0,0,0,3
211011258,0,0,0,0,0,0,0,3,0,3,0,0,0,0,0,0,3,3,0,8,0,0,0,0,0,0,0,0,0,0,0,0,0,0,0,0,0,0,0,0,0,0,0,0,0,0,6,0,0,10,181,153,289,107,138,97,343,152,30,1491,0,0,16,13,6,20,24,16,0,96,5,0,4,0,5,0,15,0,0,22,0,0,0,0,0,0,0,0,0,6,0,0,0,0,0,0,0,0,0,0,6,0,0,0,4,0,3,0,0,14,0,0,0,0,0,6,0,6,0,14,188,158,323,124,156,120,392,173,37,1669,0,3,0,0,0,0,0,0,0,4,0,0,0,0,0,0,0,0,0,0,0,0,0,0,0,0,0,0,0,0,0,0,0,0,0,0,0,4,0,4,0,0,0,0,0,0,0,0,0,0,0,0,0,0,0,0,0,0,0,0,0,3,0,0,0,0,0,0,0,7
211011259,0,0,0,0,0,0,0,0,0,3,3,4,0,6,5,7,5,13,0,39,0,0,0,0,0,0,0,0,0,0,0,0,0,0,0,0,0,0,0,0,0,0,0,0,0,0,0,0,0,4,213,1014,275,560,333,135,85,227,24,2860,4,22,18,28,15,68,0,62,0,216,3,0,0,0,0,0,5,3,0,18,0,0,0,0,0,0,0,0,0,5,0,8,0,0,0,0,0,0,0,16,0,5,0,0,4,0,0,0,0,14,0,16,9,12,7,10,0,10,0,57,224,1070,305,613,364,208,97,317,32,3233,0,6,0,0,0,3,0,0,0,16,0,0,0,0,0,0,0,0,0,0,0,0,0,0,0,0,0,0,0,0,0,0,0,0,0,0,0,0,0,0,0,0,0,0,0,0,0,0,0,0,0,0,0,0,0,0,0,0,0,4,0,8,0,0,0,3,0,3,0,22
211011260,0,4,0,0,4,3,0,0,0,11,5,8,14,36,4,48,0,21,3,152,0,0,0,0,0,0,0,0,0,0,0,0,0,5,0,0,0,0,0,5,0,0,0,3,0,0,0,6,0,15,451,694,398,880,473,591,89,307,60,3950,9,28,20,80,23,113,6,39,9,322,0,0,0,0,0,0,3,0,0,10,0,0,0,0,0,0,0,0,5,3,0,3,3,5,4,0,3,0,0,21,9,3,4,0,6,4,0,0,3,36,10,8,8,13,4,25,0,14,0,83,478,749,451,1027,522,790,106,396,84,4607,0,0,0,7,0,3,0,8,0,30,0,0,0,0,0,0,0,0,0,0,0,0,0,0,0,0,0,0,0,0,0,0,0,0,0,0,0,0,0,6,0,0,0,0,0,0,0,0,0,0,0,0,0,0,0,0,0,0,0,0,0,5,0,10,3,3,0,8,0,32
211011446,3,5,5,11,4,9,0,4,0,50,0,0,8,8,4,14,4,10,0,47,0,0,0,0,0,0,0,0,6,6,0,0,0,0,0,0,0,0,0,3,4,0,3,5,0,0,5,0,0,18,581,643,733,679,448,313,288,483,72,4243,19,20,46,55,5,90,11,73,8,324,0,0,7,0,8,0,12,9,0,34,3,0,4,0,0,0,0,0,0,9,3,0,3,4,0,0,0,0,0,16,0,0,3,3,4,0,9,8,0,31,3,6,13,14,7,25,5,20,0,101,626,676,832,774,487,458,330,610,84,4870,0,4,4,0,0,4,0,5,0,24,0,0,0,0,0,0,0,0,0,0,0,0,0,0,0,0,0,0,0,0,0,0,0,0,0,0,0,0,0,0,0,0,0,0,0,0,0,0,0,6,0,0,0,0,0,0,0,0,0,0,0,4,9,0,0,9,3,5,0,32
211011447,0,6,5,4,0,0,0,0,3,11,0,0,0,4,0,0,0,0,0,9,0,0,0,0,0,0,0,0,0,0,0,0,0,0,0,0,0,0,0,0,0,4,0,3,0,0,0,0,0,8,213,299,308,418,175,97,53,107,26,1689,9,9,10,26,0,26,0,35,0,109,0,0,9,0,0,0,3,0,0,8,0,0,0,0,0,0,0,0,0,4,0,4,0,0,0,0,0,0,0,5,0,0,0,4,5,0,0,0,0,10,4,7,0,4,0,0,0,4,0,31,224,324,330,467,183,123,58,152,27,1889,0,0,0,0,0,0,0,0,0,3,0,0,0,0,0,0,0,0,0,0,0,0,0,0,0,0,0,0,0,0,0,0,0,0,0,0,0,0,0,0,0,0,0,0,0,0,0,0,0,0,0,0,0,0,0,0,0,0,0,0,0,0,0,0,0,0,0,0,0,6
211011448,0,0,0,6,4,3,0,3,0,23,0,0,0,0,0,10,4,4,0,30,0,0,0,0,0,0,0,0,0,0,0,0,0,0,0,0,0,0,0,0,4,0,0,4,0,0,0,0,0,8,405,794,679,306,394,425,210,322,53,3593,14,17,34,28,11,74,10,67,7,250,0,0,6,0,0,0,12,5,0,29,0,0,0,0,0,3,0,5,0,17,0,0,9,0,0,0,0,0,0,14,4,3,3,0,5,0,0,0,0,27,0,11,9,7,10,12,10,10,0,63,433,831,742,348,424,524,254,418,66,4045,0,0,0,5,0,0,5,3,0,20,0,0,0,0,0,0,0,0,0,0,0,0,0,0,0,0,0,0,0,6,0,0,0,0,0,0,0,0,0,8,0,0,0,0,0,0,0,0,0,0,0,0,0,0,0,0,0,0,0,0,0,0,0,5,4,5,5,6,0,25
211011449,0,0,0,0,0,0,0,0,0,3,0,0,0,0,0,0,0,0,0,0,0,0,0,0,0,0,0,0,0,0,0,0,0,0,0,0,0,0,0,0,0,0,0,0,0,0,0,0,0,0,24,68,81,47,11,7,5,29,6,276,3,0,7,0,0,3,0,9,0,18,0,0,6,0,0,0,0,0,4,3,0,0,0,0,0,0,0,0,0,0,0,3,0,0,0,0,0,0,0,4,0,0,0,0,0,0,0,0,0,0,5,9,3,3,0,4,0,3,0,19,29,75,94,56,11,17,8,35,4,330,0,0,0,0,0,0,0,0,0,0,0,0,0,0,0,0,0,0,0,0,0,0,0,0,0,0,0,0,0,0,0,0,0,0,0,0,0,0,0,0,0,0,0,0,0,0,0,0,0,0,0,0,0,0,0,0,0,0,0,0,0,0,0,0,0,0,0,0,0,0
211021261,0,0,3,3,0,0,0,3,0,15,0,7,4,15,0,0,0,0,0,23,0,0,0,0,0,0,0,0,0,0,0,0,0,0,0,0,0,0,0,0,0,0,0,0,0,0,0,0,0,0,115,341,197,304,92,16,24,91,14,1200,8,10,5,31,6,6,0,11,0,69,0,0,5,0,0,0,4,5,0,19,0,0,0,0,0,0,0,0,0,3,0,0,0,0,0,0,0,0,0,3,0,4,6,0,3,0,0,0,0,13,3,4,4,0,0,5,0,0,0,22,126,371,215,354,110,31,27,115,15,1370,0,0,0,9,0,0,0,0,0,7,0,0,0,0,0,0,0,0,0,0,0,0,0,0,0,0,0,0,0,0,0,0,0,0,0,0,0,0,0,0,0,0,0,3,0,0,0,0,0,3,0,0,0,0,0,0,0,0,0,0,0,0,0,9,0,0,0,0,0,11
211021262,0,0,3,0,0,0,0,0,0,6,0,0,0,0,0,0,0,6,0,9,0,0,0,0,0,0,0,0,0,0,0,0,0,0,0,0,0,0,0,0,0,0,0,0,0,0,0,0,0,3,152,176,283,196,61,81,26,124,12,1107,0,3,23,25,0,14,0,20,0,85,5,0,14,0,0,0,3,6,0,24,0,0,3,0,0,0,0,0,0,8,0,0,0,0,0,0,0,0,0,0,0,0,0,0,0,0,0,3,0,9,14,11,11,9,7,7,0,7,0,57,171,191,338,228,75,102,30,163,10,1304,0,0,0,0,0,0,0,0,0,0,0,0,0,0,0,0,0,0,0,0,0,0,0,0,0,0,0,0,0,0,0,0,0,0,0,0,0,0,0,0,0,0,0,0,0,0,0,0,0,0,0,0,0,0,0,0,0,0,0,0,0,0,0,0,0,0,0,0,0,0
211031263,0,0,5,0,0,4,0,4,0,15,0,6,11,3,5,14,13,23,3,78,0,0,0,0,0,0,0,0,0,0,0,0,0,0,0,0,0,0,0,0,0,0,3,3,0,4,0,8,0,20,1119,588,1722,302,770,513,958,961,124,7057,29,14,57,15,20,90,37,124,15,396,7,0,15,0,0,0,37,13,3,78,7,0,9,0,4,0,9,6,0,35,7,10,7,0,0,6,6,14,0,43,3,0,3,3,0,0,4,4,3,22,6,0,6,3,6,3,6,13,0,49,1172,627,1834,341,808,633,1074,1163,144,7795,0,3,7,3,0,4,4,8,0,26,0,0,0,0,0,0,0,0,0,0,0,0,0,0,0,0,0,0,0,0,0,0,0,0,0,0,0,0,0,3,0,0,0,0,0,0,0,0,0,0,0,0,0,0,0,0,0,0,0,5,8,3,5,3,3,4,4,11,0,42
211031265,0,0,0,0,0,0,0,0,0,4,0,0,0,0,0,0,0,0,0,4,0,0,0,0,0,0,0,0,0,0,0,0,0,0,0,0,0,0,0,0,0,0,0,0,0,0,0,0,0,0,104,265,208,225,64,48,13,69,16,1013,0,6,14,16,0,13,0,15,4,64,0,0,13,0,0,0,3,3,0,21,0,0,0,0,0,0,0,0,0,0,0,3,0,0,0,0,0,0,0,3,0,3,0,0,0,0,0,0,0,9,11,8,3,6,3,6,0,9,0,56,118,287,243,249,69,58,18,100,24,1164,0,0,0,0,0,0,0,5,0,3,0,0,0,0,0,0,0,0,0,0,0,0,0,0,0,0,0,0,0,0,0,0,0,0,0,0,0,0,0,0,0,0,0,0,0,0,0,0,0,0,0,0,0,0,0,0,0,0,0,0,0,0,0,0,0,0,0,5,0,11
211031266,13,23,35,35,21,65,9,35,4,237,3,4,17,25,4,41,0,30,3,138,0,0,0,0,0,0,0,0,0,0,0,0,0,0,0,0,0,0,0,0,0,0,0,3,0,8,3,7,0,17,1074,1307,1444,1033,982,1280,444,1009,119,8702,28,22,48,89,25,231,10,141,14,616,5,0,12,0,0,0,14,9,0,41,10,5,15,0,0,10,8,4,0,52,7,14,9,3,3,5,0,10,0,54,6,15,8,3,7,3,3,0,3,51,20,29,22,47,11,45,5,30,3,218,1159,1428,1614,1236,1065,1693,503,1282,148,10130,8,5,15,22,6,30,4,21,0,111,0,0,0,0,0,0,0,0,0,0,0,0,0,0,4,0,0,3,0,14,0,7,6,3,0,0,0,3,0,13,0,0,0,0,0,0,0,0,0,8,0,5,0,0,0,6,0,4,0,11,11,13,15,33,14,36,3,32,0,154
211031267,0,10,7,6,0,0,0,7,0,34,0,0,8,11,4,6,0,11,0,34,0,0,0,0,0,0,0,0,0,0,0,0,0,0,0,0,0,0,0,0,0,0,3,8,0,4,0,3,0,18,306,1502,403,605,371,151,126,323,53,3835,10,37,13,51,17,42,9,42,0,226,0,0,8,0,0,0,4,0,0,17,9,0,0,0,0,0,0,0,0,9,0,6,0,5,0,0,0,5,0,22,0,3,3,5,0,0,0,0,0,15,4,25,6,18,9,8,0,19,0,100,328,1586,458,707,404,215,139,404,57,4307,0,4,4,3,3,3,0,8,0,25,0,0,0,0,0,0,0,0,0,0,0,3,0,0,0,0,0,0,0,0,0,3,0,0,0,0,0,0,0,7,0,3,0,3,0,0,0,0,0,4,0,0,0,0,0,0,0,0,0,0,0,16,5,11,3,3,0,10,0,41
211031268,0,0,0,0,0,0,0,0,0,0,0,0,0,0,0,0,0,0,0,0,0,0,0,0,0,0,0,0,0,4,0,0,0,0,0,0,0,0,0,0,0,0,0,0,0,0,0,0,0,0,71,137,125,171,37,60,16,44,15,682,0,0,9,13,0,38,0,11,0,75,0,0,4,0,0,0,0,5,0,5,0,0,0,0,0,0,0,0,0,0,0,0,0,0,0,0,0,0,0,0,0,0,0,0,0,0,0,0,3,0,3,7,0,7,5,0,0,5,0,24,76,143,145,191,42,91,15,69,22,805,0,0,0,6,0,0,0,0,0,8,0,0,0,0,0,0,0,0,0,0,0,0,0,0,0,0,0,0,0,0,0,0,0,0,0,0,0,0,0,0,0,0,0,0,0,0,0,0,0,0,0,0,0,0,0,0,0,0,0,0,0,0,0,6,0,0,0,0,0,8
211031450,0,6,12,9,0,9,0,5,0,36,0,3,0,3,0,4,0,7,0,20,0,0,0,0,0,0,0,0,0,0,0,0,0,0,0,0,0,0,0,0,0,0,0,0,0,0,0,0,0,4,291,382,540,502,282,223,160,187,45,2608,4,5,19,24,8,22,0,28,0,120,0,0,9,0,0,0,11,6,0,19,0,0,0,0,0,0,5,0,0,7,0,3,4,0,0,0,3,0,0,12,0,0,0,0,0,0,0,0,0,5,5,10,6,18,12,11,3,5,3,70,308,407,589,571,303,259,180,239,50,2900,0,5,3,3,0,0,0,0,0,9,0,0,0,0,0,0,0,0,0,0,0,0,0,0,0,0,0,0,0,4,0,0,0,0,0,0,0,0,0,10,0,0,0,0,0,0,0,0,0,0,0,0,0,0,0,0,0,0,0,0,0,5,3,3,4,0,0,4,0,23
211031451,0,0,4,5,6,0,0,3,0,22,0,3,0,3,0,4,0,3,0,17,0,0,0,0,0,0,0,0,0,0,0,0,0,0,0,0,0,0,0,0,0,0,0,4,0,0,0,0,0,8,181,287,266,447,148,232,52,204,27,1836,8,3,21,29,0,70,8,63,0,194,6,0,3,0,0,0,9,4,0,17,0,0,4,0,0,0,0,0,0,3,0,0,0,0,0,0,0,0,0,3,8,0,0,0,0,0,0,0,0,10,4,7,4,8,7,15,0,17,0,67,199,307,303,503,159,327,70,288,24,2177,0,0,0,4,0,0,0,3,0,12,0,0,0,0,0,0,0,0,0,0,0,0,0,0,0,0,0,0,0,0,0,0,0,0,0,0,0,0,0,0,0,0,0,0,0,0,0,0,0,3,0,0,0,0,0,0,0,0,0,0,0,5,0,6,3,0,0,3,0,18
211031452,0,0,4,0,0,0,3,0,0,10,4,3,3,0,0,0,6,5,0,17,0,0,0,0,0,0,0,0,0,0,0,0,0,0,0,0,0,0,0,0,0,0,0,0,0,0,0,4,0,7,355,222,416,90,222,85,227,221,29,1868,15,4,24,6,13,9,24,31,4,123,0,0,5,0,0,4,3,0,0,15,0,0,3,4,0,0,6,0,0,12,3,0,0,0,0,0,0,3,0,9,0,0,0,0,0,0,0,0,0,0,3,0,4,4,0,6,6,3,0,25,387,236,451,105,239,106,273,267,36,2097,0,0,0,0,0,5,6,3,0,10,0,0,0,0,0,0,0,0,0,0,0,0,0,0,0,0,0,0,0,0,0,0,0,0,0,0,0,0,0,0,0,0,0,0,0,0,0,0,0,0,0,0,0,0,0,0,0,0,0,0,0,0,0,0,0,5,6,3,0,13
211041269,0,4,5,3,0,0,0,0,0,7,3,3,6,21,3,22,0,19,0,74,0,0,0,0,0,0,0,0,0,0,0,0,0,0,0,0,0,0,0,0,0,0,0,0,0,0,0,0,0,5,257,669,286,558,236,336,46,185,46,2633,7,11,12,41,3,91,0,38,0,212,0,0,0,0,0,0,0,0,0,4,0,0,0,0,0,0,0,0,0,3,0,4,0,0,0,4,0,3,0,10,3,4,0,4,0,0,0,0,4,10,4,4,6,17,3,34,3,10,0,91,282,711,317,647,249,490,56,259,57,3062,0,0,0,0,5,0,0,3,0,17,0,0,0,0,0,0,0,0,0,0,0,0,0,0,0,0,0,0,0,0,0,0,0,0,0,0,0,0,0,0,0,0,0,0,0,0,0,0,0,4,0,0,0,0,0,0,0,0,0,0,0,0,0,3,5,5,0,5,0,21
211041270,0,9,6,15,13,11,8,5,0,68,0,0,8,5,5,5,6,13,0,37,0,0,0,0,0,0,0,0,0,0,0,0,0,0,0,0,0,0,0,3,0,0,0,0,0,0,0,0,0,11,560,772,600,471,484,264,267,271,55,3756,20,15,29,31,21,30,14,48,4,213,0,0,11,0,0,0,7,8,0,30,0,0,0,0,0,0,0,4,0,10,4,3,0,0,4,0,0,4,0,20,3,4,5,0,6,0,0,0,0,24,5,19,8,10,8,17,9,17,0,90,603,836,675,536,534,322,314,367,70,4267,0,3,4,4,4,3,4,8,0,29,0,0,0,0,0,0,0,0,0,0,0,3,0,0,0,0,0,0,0,13,0,0,0,0,0,0,0,0,0,4,0,0,0,0,0,0,0,0,0,9,0,0,0,0,0,0,0,0,0,3,4,12,7,6,4,4,11,5,0,45
211041271,4,23,12,12,9,6,10,15,0,89,3,4,5,10,10,3,3,14,0,55,0,0,0,0,0,0,0,0,0,0,0,0,0,0,0,0,0,0,0,4,0,0,0,3,0,0,0,3,0,12,637,516,660,577,531,500,346,289,70,4136,14,11,16,44,20,65,11,66,0,252,4,0,4,0,0,0,0,5,4,17,3,0,3,0,0,3,0,4,0,13,7,5,3,6,0,3,0,5,0,27,9,6,5,5,7,0,3,5,0,37,0,8,9,20,11,8,10,17,0,77,679,576,719,666,586,592,391,419,82,4709,0,0,6,6,4,4,10,12,0,43,0,0,0,0,0,0,0,0,0,0,0,0,0,0,0,0,0,0,0,7,0,0,0,0,0,0,0,3,0,0,0,0,0,0,0,0,0,3,0,3,0,0,3,0,0,0,0,5,0,9,0,9,16,10,3,9,7,16,0,69
211041272,0,3,4,0,0,0,0,0,0,8,0,0,4,0,0,3,0,4,0,13,0,0,0,0,0,0,0,0,0,0,0,0,0,0,0,0,0,0,0,0,0,0,0,0,0,0,0,0,0,4,211,302,351,253,190,71,80,116,35,1617,11,7,3,12,6,6,6,16,0,68,0,0,0,0,8,0,5,4,0,15,0,0,0,0,0,0,0,0,0,5,0,0,0,0,0,0,0,0,0,5,0,6,0,0,3,0,0,0,0,8,3,10,0,14,5,0,0,3,0,39,224,331,367,283,212,85,94,151,37,1782,0,0,0,3,0,0,0,0,0,8,0,0,0,0,0,0,0,0,0,0,0,0,0,0,0,0,0,0,0,0,0,0,0,0,0,0,0,0,0,5,0,0,0,0,0,0,0,0,0,0,0,0,0,0,0,0,0,0,0,0,0,0,0,3,0,0,0,0,0,11
211041273,0,0,0,4,0,0,0,3,0,5,0,7,3,11,0,6,0,10,0,37,0,0,0,0,0,0,0,0,0,0,0,0,0,8,0,5,0,5,0,13,0,0,0,4,0,0,0,0,0,7,126,302,127,313,107,235,50,114,18,1390,3,4,3,15,0,50,3,31,5,120,0,0,3,0,0,0,0,0,0,9,0,0,3,0,0,0,0,0,0,4,0,4,0,0,0,0,0,0,0,0,0,8,0,4,0,0,0,0,0,13,0,0,4,4,3,11,0,9,0,24,137,324,147,358,119,298,56,165,21,1632,0,0,0,4,0,0,0,0,0,10,0,0,0,0,0,0,0,0,0,0,0,0,0,0,0,0,0,0,0,0,0,0,0,0,0,0,0,0,0,0,0,0,0,0,0,0,0,0,0,0,0,0,0,0,0,0,0,0,0,0,0,4,0,4,0,0,0,0,0,8
211051274,0,3,4,3,0,0,0,0,0,16,0,0,0,0,0,0,0,4,0,10,0,0,0,0,0,0,0,0,0,4,0,0,0,0,0,0,0,0,0,0,0,0,0,0,0,0,0,0,0,0,139,236,230,164,105,86,47,103,12,1131,9,5,17,12,4,14,0,19,0,81,7,0,5,0,0,0,9,3,0,23,0,0,0,0,0,0,0,0,0,5,0,0,0,0,0,0,0,0,0,0,0,0,4,0,0,0,0,0,0,7,13,8,13,16,4,5,0,8,0,60,161,253,266,197,116,109,67,142,19,1334,0,0,0,4,0,0,0,0,0,3,0,0,0,0,0,0,0,0,0,0,0,0,0,0,0,0,0,0,0,0,0,0,0,0,0,0,0,0,0,0,0,0,0,0,0,3,0,0,0,4,0,0,0,0,0,0,0,0,0,0,3,0,0,4,0,3,0,0,0,9
211051275,0,0,0,4,0,0,0,3,0,9,3,0,0,8,3,23,3,7,0,45,0,0,0,0,0,0,0,0,0,5,0,0,0,0,0,0,0,0,0,0,0,0,0,0,0,0,3,0,0,3,283,246,386,268,191,516,88,233,38,2245,7,10,37,31,4,119,8,61,7,277,4,0,3,0,0,5,3,6,0,19,0,0,0,0,3,0,0,0,0,3,0,0,0,0,0,0,0,0,0,0,0,0,5,0,0,0,0,3,0,6,3,3,7,6,9,3,0,12,0,39,301,261,436,313,211,666,107,316,47,2652,0,0,5,4,0,0,0,5,0,12,0,0,0,0,0,0,0,0,0,0,0,0,0,0,0,0,0,0,0,0,0,0,0,0,0,0,0,0,0,5,0,0,0,0,0,0,0,0,0,0,0,0,0,0,0,0,0,0,0,0,0,0,5,4,0,3,0,5,0,18
211051276,0,0,0,0,0,0,0,0,0,0,0,0,3,0,0,0,0,5,0,8,0,0,0,0,0,0,0,0,0,0,0,0,0,0,0,0,0,0,0,0,0,0,0,0,0,0,0,0,0,0,377,350,565,402,222,216,116,340,21,2616,12,6,38,28,6,36,3,35,4,166,5,0,3,0,0,0,14,3,3,34,0,0,0,5,0,0,4,0,0,7,0,0,3,0,0,0,0,5,0,17,6,4,0,3,3,0,3,6,0,16,35,17,27,32,8,18,8,12,4,164,429,386,644,473,238,277,145,415,31,3032,0,0,0,0,0,0,0,0,0,4,0,0,0,0,0,0,0,0,0,0,0,0,0,0,0,0,0,0,0,0,0,0,0,0,0,0,0,0,0,0,0,0,0,0,0,0,0,0,0,0,0,0,0,0,0,0,0,0,0,0,0,0,0,0,0,0,0,0,0,3
211051277,0,0,0,0,0,0,0,0,0,0,0,0,0,4,0,0,4,4,0,24,0,0,0,0,0,0,0,4,0,3,0,0,0,0,0,0,0,0,0,0,0,0,0,0,0,0,0,0,0,0,441,304,684,189,284,164,460,558,63,3151,10,0,38,26,13,18,21,51,5,175,6,0,9,0,0,0,14,8,0,36,0,0,3,0,0,0,0,0,0,8,0,0,4,0,0,0,3,0,0,9,0,0,3,0,0,0,0,6,0,13,0,0,0,4,0,3,3,5,0,25,464,306,741,219,305,195,513,627,72,3440,0,0,0,5,0,0,0,7,0,12,0,0,0,0,0,0,0,0,0,0,0,0,0,0,0,0,0,0,0,0,0,0,0,0,0,0,0,0,0,0,0,0,0,0,0,0,0,0,0,0,0,0,0,0,0,0,0,0,0,0,0,0,0,5,0,0,0,7,0,12
211051278,0,8,8,4,0,3,0,12,0,45,0,0,15,4,3,4,3,10,0,42,0,0,0,0,0,0,0,0,0,0,0,0,0,0,0,0,0,0,0,5,0,0,0,6,0,0,0,0,0,10,751,803,1263,820,635,548,476,616,81,5993,34,7,82,58,12,99,15,141,9,460,5,0,31,0,0,0,17,20,3,84,0,0,6,4,0,0,6,5,0,28,3,7,3,6,0,4,4,4,0,27,6,3,4,0,3,3,0,6,3,28,22,18,13,9,6,11,10,13,0,115,825,849,1440,905,670,675,538,830,99,6831,0,9,3,0,0,8,0,0,0,17,0,0,0,0,0,0,0,0,0,0,0,0,0,0,0,0,0,0,0,0,0,4,0,3,0,0,0,0,0,8,0,0,0,0,0,0,0,0,0,0,0,0,0,0,0,0,0,0,0,3,0,11,6,3,0,8,0,4,0,24
211051279,0,0,0,0,0,0,0,0,0,0,0,0,0,0,0,0,0,7,0,6,0,0,0,0,0,0,0,0,0,0,0,0,0,0,0,0,0,0,0,0,0,0,0,0,0,0,0,0,0,0,227,129,262,89,120,99,122,274,17,1340,4,0,15,3,8,23,0,43,8,102,4,0,0,0,0,0,3,0,0,11,0,0,0,0,0,0,0,5,0,4,0,0,4,0,0,0,0,0,0,4,0,0,0,0,0,0,0,0,0,9,33,5,14,5,6,5,3,18,3,92,274,133,294,99,135,120,127,353,32,1575,0,0,0,0,0,0,0,0,0,0,0,0,0,0,0,0,0,0,0,0,0,0,0,0,0,0,0,0,0,0,0,0,0,0,0,0,0,0,0,0,0,0,0,0,0,0,0,0,0,0,0,0,0,0,0,0,0,0,0,0,0,0,0,0,0,0,0,0,0,0
211051280,0,0,0,0,0,0,0,0,0,0,0,0,3,5,0,0,0,0,0,6,0,0,0,0,0,0,0,0,0,0,0,0,0,0,0,0,0,0,0,0,0,0,0,0,0,0,0,0,0,0,87,116,225,184,53,27,51,71,12,832,7,0,8,4,0,9,4,14,0,44,0,0,5,0,0,0,5,3,0,17,0,0,0,0,0,0,0,0,0,0,0,0,0,0,0,0,0,3,0,3,0,0,0,0,0,0,0,0,0,0,0,0,9,0,3,0,0,0,0,23,93,122,249,196,56,36,62,94,9,927,0,0,0,4,0,0,0,0,0,4,0,0,0,0,0,0,0,0,0,0,0,0,0,0,0,0,0,0,0,0,0,0,0,0,0,0,0,0,0,0,0,0,0,0,0,0,0,0,0,0,0,0,0,0,0,0,0,0,0,0,0,0,0,4,0,0,0,0,0,3
211051281,0,3,0,3,0,0,0,0,0,10,0,0,0,0,0,0,0,0,0,6,0,0,0,0,0,0,0,0,0,3,0,0,0,0,0,0,0,0,0,0,0,0,0,3,0,0,0,0,0,3,189,430,346,481,196,160,56,209,23,2094,8,5,26,25,11,72,0,71,8,220,6,0,8,0,0,0,11,3,0,29,0,0,3,0,0,0,0,0,0,6,0,0,0,0,0,0,0,0,0,3,0,4,0,0,0,0,0,0,0,14,9,11,4,23,3,10,0,10,0,62,202,458,390,540,213,244,66,304,30,2458,0,0,0,4,3,0,0,0,0,8,0,0,0,0,0,0,0,0,0,0,0,0,0,0,0,0,0,0,0,0,0,0,0,0,0,0,0,0,0,0,0,0,0,0,0,0,0,0,0,0,0,0,0,0,0,0,0,0,0,0,0,0,0,4,3,0,0,0,0,9
211051282,0,0,0,0,0,0,0,0,0,0,0,0,0,0,0,4,0,4,0,10,0,0,0,0,0,0,0,0,0,0,0,0,0,0,0,0,0,0,0,0,0,0,0,0,0,0,0,0,0,0,146,146,187,117,57,50,25,122,6,855,4,5,20,16,4,13,0,27,0,91,0,0,6,0,0,0,3,3,0,13,0,0,0,0,0,0,0,0,0,3,0,0,0,0,0,0,0,6,0,3,0,5,0,0,0,0,0,0,0,8,18,4,14,10,0,10,0,8,0,73,177,158,225,153,58,75,31,165,13,1053,0,0,0,0,0,0,0,3,0,7,0,0,0,0,0,0,0,0,0,0,0,0,0,0,0,0,0,0,0,0,0,0,0,0,0,0,0,0,0,0,0,0,0,0,0,0,0,0,0,0,0,0,0,0,0,0,0,0,0,0,0,0,0,0,0,0,0,3,0,10
211051283,0,0,0,0,0,0,0,0,0,5,0,0,3,0,0,0,0,17,0,29,0,0,0,0,0,0,0,0,0,0,0,0,0,0,0,0,0,0,0,0,0,0,0,0,0,0,0,7,0,7,123,204,270,231,94,75,53,151,20,1221,6,0,33,13,4,18,6,49,5,134,3,0,10,0,0,0,22,5,0,32,0,0,0,0,0,0,0,0,0,0,0,3,0,0,0,0,0,0,0,3,0,4,3,3,0,0,0,0,0,11,3,8,3,4,3,5,0,7,0,40,134,224,321,254,104,108,78,236,32,1481,0,0,3,0,0,0,0,4,0,4,0,0,0,0,0,0,0,0,0,0,0,0,0,0,0,0,0,0,0,0,0,0,0,0,0,0,0,0,0,0,0,0,0,0,0,0,0,0,0,0,0,0,0,0,0,0,0,0,0,0,0,0,7,0,0,0,0,4,0,10
211051284,0,3,0,0,0,4,0,6,0,16,0,0,0,0,0,3,0,0,0,8,0,0,0,0,0,0,0,0,0,0,0,0,0,0,0,0,0,0,0,0,0,0,0,0,0,0,0,0,0,0,90,183,158,217,65,51,16,52,13,855,0,3,5,16,0,19,0,20,0,66,4,0,3,0,0,0,3,0,0,8,0,0,0,0,0,0,0,0,0,0,0,0,0,0,0,0,0,0,0,0,4,0,3,0,0,3,0,0,0,7,5,11,0,14,3,4,0,7,0,56,104,205,177,253,70,94,21,91,8,1013,0,0,0,0,0,0,0,0,0,0,0,0,0,0,0,0,0,0,0,0,0,0,0,0,0,0,0,0,0,0,0,0,0,0,0,0,0,0,0,3,0,0,0,0,0,0,0,0,0,5,0,0,0,0,0,0,0,0,0,0,0,0,0,0,0,0,0,0,0,3
211051285,0,0,0,0,0,0,0,0,0,0,0,0,0,0,0,0,0,0,0,6,0,0,0,0,0,0,0,0,0,0,0,0,0,0,0,0,0,0,0,0,0,0,0,0,0,0,0,0,0,0,169,97,227,57,80,107,53,194,16,1007,9,0,21,8,5,11,0,45,0,95,7,0,8,0,0,0,11,11,0,37,0,0,0,0,0,0,0,0,0,0,0,0,0,0,0,0,0,0,0,0,0,0,0,0,0,0,0,0,0,7,39,5,11,7,11,7,9,11,4,94,223,108,271,74,89,136,75,261,14,1252,0,0,0,0,0,0,0,0,0,0,0,0,0,0,0,0,0,0,0,0,0,0,0,0,0,0,0,0,0,0,0,0,0,0,0,0,0,0,0,0,0,0,0,0,0,0,0,0,0,0,0,0,0,0,0,0,0,0,0,0,0,0,4,0,0,0,0,0,0,4
211051286,0,0,0,0,0,0,0,0,0,0,0,0,5,3,0,3,0,0,0,19,0,0,0,0,0,0,0,0,0,0,0,0,0,0,0,0,0,0,0,0,0,0,0,0,0,0,0,0,0,0,245,292,359,315,148,133,170,264,34,1954,9,5,19,20,10,35,3,67,3,174,6,0,18,0,0,0,21,4,4,50,0,0,4,0,0,0,0,0,0,11,0,3,0,0,0,0,3,0,0,8,6,0,0,0,0,0,0,6,0,9,25,7,22,19,6,12,4,31,4,138,293,311,422,366,159,190,207,367,47,2362,0,0,0,0,0,0,0,0,0,0,0,0,0,0,0,0,0,0,0,0,0,0,0,0,0,0,0,0,0,0,0,0,0,0,0,0,0,0,0,0,0,0,0,0,0,0,0,0,0,0,0,0,0,0,0,0,0,0,0,0,0,0,0,0,0,0,0,0,0,3
212011289,0,0,5,0,0,0,0,0,0,5,0,0,3,3,0,3,0,0,0,8,0,0,0,0,0,0,0,0,0,0,0,0,0,0,0,0,0,0,0,0,0,0,0,0,0,0,0,0,0,4,194,257,414,313,120,177,56,201,14,1747,12,5,26,31,10,55,7,47,4,197,3,0,9,0,0,0,16,18,0,41,0,0,0,0,0,0,0,0,0,3,4,0,0,0,0,0,0,0,0,5,0,0,3,4,0,3,0,0,0,11,24,8,16,11,3,10,0,17,0,100,233,276,471,362,142,248,82,283,22,2116,0,0,0,0,0,0,0,0,0,7,0,0,0,0,0,0,0,0,0,0,0,0,0,0,0,0,0,0,0,0,0,0,0,0,0,0,0,0,0,0,0,0,0,0,0,0,0,0,0,0,0,0,0,0,0,0,0,0,0,0,0,0,0,0,0,0,0,0,0,7
212011546,5,11,3,0,4,0,0,5,0,27,0,0,3,0,0,0,0,4,0,12,0,0,0,0,0,0,0,0,0,0,0,0,0,0,0,0,0,0,0,0,0,0,0,0,0,0,0,3,0,8,279,555,506,465,230,254,144,236,35,2713,6,13,24,44,7,110,9,87,7,304,4,0,15,0,4,0,9,0,0,37,0,0,0,0,0,0,0,0,0,6,0,4,0,0,0,0,0,0,0,4,0,6,3,6,0,0,0,0,0,16,4,5,10,24,3,17,0,13,0,68,305,585,567,542,255,386,168,353,43,3200,0,4,0,3,0,0,0,6,0,12,0,0,0,0,0,0,0,0,0,0,0,0,0,0,0,0,0,0,0,0,0,0,0,0,0,0,0,0,0,5,0,0,0,0,0,0,0,0,0,0,0,0,0,0,0,0,0,0,0,0,0,3,0,8,0,0,0,6,0,23
212011547,0,0,0,0,0,0,0,3,0,13,0,0,0,0,0,0,0,0,0,6,0,0,0,0,0,0,0,0,0,0,0,0,0,0,0,0,0,0,0,0,0,0,0,3,0,0,0,0,0,4,220,165,340,168,110,75,143,290,35,1551,11,4,11,8,3,13,6,65,0,122,8,0,11,0,0,0,17,4,0,45,0,5,0,0,0,0,0,0,0,9,0,0,0,0,0,0,0,0,0,3,3,0,0,0,0,0,3,0,0,17,34,3,19,8,3,10,5,11,4,104,279,177,383,188,124,101,172,380,43,1859,0,0,0,0,0,0,0,0,0,0,0,0,0,0,0,0,0,0,0,0,0,0,0,0,0,0,0,0,0,0,0,0,0,0,0,0,0,0,0,0,0,0,0,0,0,0,0,0,0,0,0,0,0,0,0,0,0,0,0,0,0,5,0,0,0,0,0,0,0,5
212011548,0,0,0,0,0,0,0,0,0,0,0,0,0,0,0,0,0,0,0,3,0,0,0,0,0,0,0,0,0,9,0,0,0,0,0,0,0,0,0,0,0,0,0,0,0,0,0,0,0,0,270,201,320,207,126,163,246,283,26,1839,18,4,27,10,6,49,3,89,6,211,9,0,11,0,0,0,20,7,0,46,8,0,0,0,0,0,0,0,0,8,0,0,0,0,0,0,0,3,0,7,5,0,0,0,0,0,0,0,0,10,37,0,8,10,10,11,12,20,4,103,346,208,365,231,134,222,278,407,42,2236,0,0,0,0,0,0,0,0,0,0,0,0,0,0,0,0,0,0,0,0,0,0,0,0,0,0,0,0,0,0,0,0,0,0,0,0,0,0,0,0,0,0,0,0,0,0,0,0,0,0,0,0,0,0,0,0,0,0,0,0,0,0,0,0,0,0,0,0,0,0
212011549,0,0,0,0,0,3,0,0,0,3,0,0,0,0,0,8,0,0,0,6,0,0,0,0,0,0,0,0,0,0,0,0,0,0,0,0,0,0,0,0,0,0,0,0,0,0,0,0,0,3,111,132,134,274,51,92,39,121,15,968,9,0,10,27,4,92,0,73,4,219,0,0,3,0,0,0,7,3,0,13,0,0,0,0,0,0,0,0,0,0,0,0,0,0,0,0,0,9,0,7,0,0,0,0,0,0,0,0,0,5,3,0,3,3,0,4,0,10,0,31,129,136,152,304,61,199,52,216,22,1270,0,0,0,0,0,0,0,0,0,3,0,0,0,0,0,0,0,0,0,0,0,0,0,0,0,0,0,0,0,0,0,0,0,0,0,0,0,0,0,3,0,0,0,0,0,0,0,0,0,0,0,0,0,0,0,0,0,0,0,0,0,4,0,0,0,4,0,0,0,12
212011550,0,0,0,0,0,0,3,4,0,10,0,0,0,0,0,0,0,0,0,7,0,0,0,0,0,0,0,0,0,0,0,0,0,0,0,0,0,0,0,0,0,0,0,0,0,0,0,0,0,4,189,237,289,157,118,207,283,188,31,1700,5,5,24,15,5,13,7,29,0,97,0,0,7,0,3,0,10,12,0,35,5,0,0,0,0,0,0,0,0,5,0,0,0,0,0,0,7,5,0,9,0,7,4,0,0,0,3,0,0,20,4,6,9,0,4,4,4,5,0,34,202,256,331,177,135,227,315,241,30,1917,0,0,0,0,0,0,0,0,0,9,0,0,0,0,0,0,0,0,0,0,0,0,0,0,0,0,0,0,0,0,0,0,0,0,0,0,0,0,0,0,0,0,0,0,0,0,0,0,0,3,0,0,0,0,0,0,0,0,0,0,0,0,0,0,0,0,0,0,0,9
212011551,3,0,17,5,5,8,0,11,0,48,0,3,0,4,0,0,4,6,0,20,0,0,0,0,0,0,0,4,0,3,0,0,0,0,0,0,0,0,0,0,0,0,0,3,0,0,5,6,0,13,455,354,961,354,441,357,396,589,63,3966,15,12,50,21,17,57,9,106,7,294,0,0,10,0,0,0,18,6,0,40,0,0,0,0,0,0,6,0,0,3,0,0,0,0,0,6,0,0,0,7,0,5,0,0,3,0,5,4,0,19,0,9,13,10,5,7,5,19,0,73,469,386,1052,399,468,432,445,751,80,4486,0,0,0,4,0,0,0,4,0,15,0,0,0,0,0,0,0,0,0,0,0,0,0,0,0,0,0,0,0,0,3,0,0,0,0,0,3,0,0,7,0,0,0,0,0,0,0,0,0,8,0,0,0,0,0,0,0,0,0,4,3,3,7,4,6,0,3,7,3,33
212011552,0,6,6,6,4,11,0,13,0,43,0,0,5,5,0,0,0,4,0,11,0,0,0,0,0,0,0,0,0,4,0,0,0,0,0,0,0,0,0,0,0,5,0,4,0,0,10,0,0,21,533,502,962,565,427,416,327,472,83,4287,8,8,79,34,16,76,14,85,10,326,7,0,9,0,4,0,19,8,3,48,0,0,0,0,0,0,0,0,0,8,3,3,3,0,0,0,3,0,0,20,0,0,5,3,3,0,10,3,0,32,4,11,11,9,6,20,3,19,0,79,558,530,1074,628,455,523,390,608,96,4869,0,0,0,4,0,4,0,0,0,8,0,0,0,0,0,0,0,0,0,0,0,0,0,0,0,0,0,0,0,0,0,0,0,0,0,0,0,0,0,6,0,0,0,0,0,0,0,5,0,3,0,0,7,0,0,0,0,0,0,5,0,0,0,5,0,4,0,7,0,23
212021293,0,17,8,8,3,3,0,0,0,45,0,0,3,8,0,12,0,13,0,41,0,0,0,0,0,0,0,0,0,0,0,0,0,0,0,0,0,0,0,0,0,7,0,3,5,0,0,0,0,23,468,2407,764,1030,720,477,109,427,74,6475,7,75,25,84,15,81,3,67,4,368,0,0,3,0,0,4,3,9,0,19,0,6,0,0,0,0,0,0,0,10,0,3,4,0,0,0,0,0,0,17,3,8,0,0,10,5,4,0,4,28,4,17,6,19,8,12,0,9,0,84,488,2533,824,1160,766,603,124,527,86,7110,0,9,0,9,0,3,0,4,0,24,0,0,0,0,0,0,0,0,0,0,0,0,0,0,0,0,0,0,0,0,0,3,0,0,0,0,0,0,0,5,0,4,0,0,0,0,0,0,0,5,0,0,0,3,0,0,0,0,0,9,0,14,8,11,0,7,0,7,0,42
212021295,0,0,0,0,0,0,0,0,0,6,0,0,0,3,0,3,0,3,0,16,0,0,0,0,0,0,0,0,0,0,0,0,0,0,0,0,0,0,0,0,0,0,0,3,0,0,0,0,0,10,188,205,226,189,113,121,156,122,30,1349,0,14,10,14,6,29,11,31,0,120,0,0,8,0,0,3,16,3,0,31,0,0,0,0,0,0,3,0,0,8,0,0,0,0,0,0,0,0,0,3,0,4,0,0,3,0,3,0,0,13,0,3,3,5,0,0,3,4,0,20,198,230,247,217,128,160,189,177,32,1577,0,0,6,0,0,0,3,0,0,9,0,0,0,0,0,0,0,0,0,0,0,0,0,0,0,0,0,0,0,0,0,0,0,0,0,0,0,0,0,0,0,0,0,0,0,0,0,0,0,0,0,0,0,0,0,0,0,0,0,3,0,0,0,0,0,5,5,0,0,16
212021297,3,9,13,0,3,6,20,35,3,99,0,5,9,3,4,4,16,31,0,81,0,0,0,0,0,0,0,0,0,0,0,0,0,0,0,0,0,0,0,5,0,0,3,4,4,0,5,15,0,27,1445,874,2214,319,1164,466,1244,1242,174,9133,36,19,67,20,38,59,83,168,10,495,7,0,20,0,19,4,47,19,0,121,0,0,8,0,4,4,3,0,0,28,3,0,4,0,0,0,3,4,0,16,4,3,5,0,12,5,8,10,0,48,0,0,3,9,0,8,3,16,3,42,1510,913,2346,360,1243,558,1434,1538,197,10096,5,0,10,9,8,4,6,31,4,65,0,0,0,0,0,0,0,0,0,0,0,0,0,0,0,0,0,0,0,0,3,0,3,0,0,0,0,4,0,13,0,0,0,0,3,0,0,0,0,7,0,0,3,0,3,0,3,0,0,12,5,3,14,9,14,8,7,39,3,96
212021299,0,0,0,0,0,0,0,0,0,5,0,0,0,0,0,0,0,0,0,4,0,0,0,0,0,0,0,0,0,0,0,0,0,0,0,0,0,0,0,0,0,0,0,3,0,0,0,0,0,3,82,133,210,179,46,39,38,147,19,885,0,0,9,19,4,0,3,16,0,50,3,0,4,0,0,0,22,8,0,43,0,0,0,0,0,0,0,0,0,5,0,0,0,0,0,0,0,0,0,0,0,0,0,0,0,0,3,0,0,7,0,7,5,6,0,0,0,0,0,26,89,138,236,201,51,43,64,178,19,1019,0,0,0,0,0,0,0,0,0,0,0,0,0,0,0,0,0,0,0,0,0,0,0,0,0,0,0,0,0,0,0,0,0,0,0,0,0,0,0,0,0,0,0,0,0,0,0,0,0,0,0,0,0,0,0,0,0,0,0,0,0,0,0,0,0,0,0,0,0,0
212021453,0,0,0,0,0,0,0,0,0,3,0,0,0,3,0,0,0,0,0,10,0,0,0,0,0,0,0,0,0,0,0,0,0,0,0,0,0,0,0,0,0,0,0,0,0,0,0,0,0,0,58,171,123,167,41,18,34,51,12,692,0,4,10,11,4,0,0,6,0,37,0,0,3,0,0,0,4,0,0,13,0,0,0,0,0,0,0,0,0,0,0,0,0,0,0,0,0,0,0,0,0,0,5,0,0,0,0,0,0,10,0,0,0,3,0,3,0,0,0,13,66,177,148,192,47,20,43,60,14,768,0,0,0,0,0,0,0,0,0,0,0,0,0,0,0,0,0,0,0,0,0,0,0,0,0,0,0,0,0,0,0,0,0,0,0,0,0,0,0,4,0,0,0,0,0,0,0,0,0,0,0,0,0,0,0,0,0,0,0,0,0,4,0,0,0,0,0,0,0,3
212021454,0,0,0,0,0,0,0,0,0,7,0,0,0,3,0,5,0,3,0,12,0,0,0,0,0,0,0,0,0,0,0,0,0,0,0,0,0,0,0,0,0,0,0,0,0,0,0,0,0,4,108,194,157,155,79,209,65,102,12,1077,8,3,12,10,10,77,3,32,5,158,0,0,0,0,0,0,12,6,0,18,0,0,0,0,0,0,0,0,0,3,0,0,0,0,0,0,0,0,0,5,0,0,3,0,0,0,0,0,0,7,0,4,4,8,8,11,0,0,0,34,111,202,179,171,92,307,82,145,16,1317,0,0,0,0,0,0,0,0,0,7,0,0,0,0,0,0,0,0,0,0,0,0,0,0,0,0,0,0,0,0,0,0,0,0,0,0,0,0,0,0,0,0,0,0,0,0,0,0,0,0,0,0,0,0,0,0,0,0,0,0,0,0,0,0,0,0,0,4,0,3
212021455,0,0,0,0,0,0,0,0,0,4,0,0,0,4,0,0,0,0,0,4,0,0,0,0,0,0,0,0,0,0,0,0,0,0,0,0,0,0,0,0,0,0,0,0,0,0,0,0,0,3,34,122,91,79,32,35,26,52,8,486,0,3,9,0,0,4,5,9,0,33,0,0,0,0,0,0,0,4,0,8,0,0,0,0,0,0,0,0,0,0,0,0,0,0,0,0,0,0,0,0,0,0,5,0,0,0,5,0,0,9,0,0,0,3,0,0,0,0,0,12,40,127,108,90,39,41,35,70,12,558,0,0,0,0,0,0,0,0,0,0,0,0,0,0,0,0,0,0,0,0,0,0,0,0,0,0,0,0,0,0,0,0,0,0,0,0,0,0,0,0,0,0,0,0,0,0,0,0,0,0,0,0,0,0,0,0,0,0,0,0,0,0,0,0,0,0,0,0,0,0
212021456,6,12,9,17,3,12,3,11,0,70,0,3,9,19,4,58,5,28,5,122,0,0,0,0,0,0,0,0,0,0,0,0,0,0,0,0,0,0,0,0,0,7,0,5,0,7,4,11,0,30,743,762,677,954,623,1519,229,519,111,6129,24,17,43,90,24,304,17,135,11,663,0,0,7,0,0,0,10,8,0,31,5,0,0,3,0,0,3,0,0,14,3,0,0,0,0,4,0,3,0,15,0,5,0,7,14,8,0,3,4,48,0,0,7,9,9,8,0,10,0,54,787,807,758,1099,682,1924,267,725,133,7182,5,0,4,10,0,8,0,6,0,38,0,0,0,0,0,0,0,0,0,0,0,0,0,0,0,0,0,0,0,0,0,0,0,0,0,5,0,0,0,5,0,0,0,0,0,3,0,0,0,4,0,0,0,0,0,0,0,0,0,5,5,0,3,10,3,20,0,8,0,52
212021553,0,0,0,0,0,0,0,6,0,5,0,0,0,0,0,0,0,0,0,4,0,0,0,0,0,0,0,0,0,0,0,0,0,0,0,0,0,0,0,0,0,0,0,0,0,0,0,0,0,0,94,284,174,177,60,124,56,93,20,1073,0,7,7,11,5,39,0,26,0,96,0,0,3,0,0,0,7,6,0,15,0,0,0,0,0,0,0,0,0,5,0,0,0,0,0,3,0,0,0,5,3,3,6,0,0,0,0,0,0,13,0,5,0,5,3,4,0,3,0,32,98,301,196,195,63,167,67,141,26,1259,0,0,0,0,0,3,0,0,0,4,0,0,0,0,0,0,0,0,0,0,0,0,0,0,0,0,0,0,0,0,0,0,0,0,0,0,0,0,0,0,0,0,0,0,0,0,0,0,0,0,0,0,0,0,0,0,0,0,0,0,0,0,0,0,0,3,0,0,0,4
212021554,0,0,3,0,0,0,0,0,0,5,0,0,0,0,0,4,0,0,0,11,0,0,0,0,0,0,0,0,0,0,0,0,0,0,0,0,0,0,0,0,0,0,0,0,0,0,0,0,0,7,60,107,89,129,35,44,23,76,6,569,8,0,10,15,5,65,3,54,3,168,3,0,4,0,0,0,5,3,0,9,0,0,0,0,0,0,0,0,0,0,0,0,0,0,0,0,0,4,0,3,0,0,4,4,0,0,4,5,0,11,0,0,0,10,0,0,0,4,0,23,75,110,110,160,48,118,34,145,15,809,0,0,3,0,0,3,0,6,0,12,0,0,0,0,0,0,0,0,0,0,0,0,0,0,0,0,0,0,0,0,0,0,0,0,0,0,0,0,0,0,0,0,0,0,0,0,0,0,0,0,0,0,0,0,0,0,0,0,0,0,0,0,3,0,0,3,0,6,0,12
212031300,0,0,11,5,3,5,0,14,0,43,0,0,14,17,0,34,5,22,0,105,0,0,0,0,0,0,0,0,0,0,0,0,0,0,0,0,0,0,0,0,4,0,0,7,0,9,3,4,0,38,439,794,719,806,511,778,400,485,87,5024,20,17,56,82,21,236,16,171,10,627,10,0,7,0,3,0,22,10,0,57,0,0,4,0,5,3,0,0,0,14,0,0,5,4,0,0,0,3,0,21,0,4,3,6,0,11,0,3,0,31,11,11,16,18,7,29,0,18,0,103,489,831,838,947,552,1094,457,740,104,6055,0,3,3,5,0,3,0,0,0,12,0,0,0,0,0,0,0,0,0,0,0,0,0,0,0,0,0,0,0,0,0,0,0,0,0,0,0,4,0,6,0,0,0,0,0,0,0,0,0,4,0,0,0,0,0,0,0,0,0,0,0,0,3,5,0,4,0,5,0,22
212031303,0,0,0,0,0,0,0,0,0,0,0,0,0,0,0,0,5,0,0,3,0,0,0,0,0,0,0,0,0,0,0,0,0,0,0,0,0,0,0,0,0,0,0,6,0,0,5,0,0,10,246,179,434,295,111,54,301,389,41,2047,34,6,21,21,8,5,12,99,12,206,4,0,15,0,0,0,41,15,0,88,3,0,0,0,0,0,0,3,0,8,0,0,0,0,0,0,0,0,0,4,9,0,0,0,0,0,8,3,0,24,17,4,14,5,10,4,3,7,0,64,314,191,492,325,130,61,366,522,52,2451,0,0,0,0,0,0,0,0,0,0,0,0,0,0,0,0,0,0,0,0,0,0,0,0,0,0,0,0,0,0,0,0,0,0,0,0,0,0,0,0,0,0,0,0,0,0,0,0,0,0,0,0,0,0,0,0,0,0,0,0,0,0,0,4,0,0,0,0,0,3
212031304,0,0,0,3,0,6,0,0,0,11,0,0,0,0,0,10,0,10,0,20,0,0,0,0,0,0,0,0,0,5,0,0,0,0,0,0,0,0,0,0,0,0,0,0,0,6,7,0,0,17,283,331,473,352,195,132,213,285,55,2317,4,7,34,36,11,53,5,57,3,208,7,0,9,0,6,0,13,3,0,37,0,0,0,0,0,0,0,3,0,7,0,0,0,0,0,0,0,3,0,7,4,3,8,0,6,5,3,6,0,27,5,0,5,12,4,13,4,3,7,51,306,345,533,408,215,214,238,375,64,2706,0,4,0,0,0,0,0,0,0,8,0,0,0,0,0,0,0,0,0,0,0,0,0,0,0,0,0,0,0,0,0,0,0,0,0,0,0,0,0,5,0,0,0,0,0,0,0,0,0,0,0,0,0,0,0,0,0,0,0,0,0,3,3,0,0,0,0,0,0,11
212031306,0,3,9,4,0,3,0,4,0,26,0,0,6,9,0,5,0,4,0,20,0,0,0,0,0,0,0,0,0,0,0,0,0,0,0,0,0,0,0,0,4,0,0,0,3,0,7,0,0,19,260,220,359,297,229,240,278,195,33,2113,15,6,19,21,18,33,15,62,6,203,9,0,8,0,3,0,14,0,0,35,0,0,0,0,0,0,0,0,0,3,0,3,3,0,0,0,0,0,0,12,0,3,7,0,0,4,8,0,4,20,6,6,4,15,0,12,0,8,0,40,297,243,403,342,254,292,328,269,50,2490,0,0,7,0,0,0,3,4,0,18,0,0,0,0,0,0,0,0,0,0,0,0,0,0,0,0,0,0,0,0,0,0,0,0,0,0,0,0,0,0,0,0,0,0,0,0,0,0,0,0,0,0,0,0,0,0,0,0,0,0,0,0,7,0,0,0,3,4,0,16
212031308,0,0,0,0,0,0,0,0,0,4,0,0,0,0,0,0,0,6,0,4,0,0,0,0,0,0,0,0,0,0,0,0,0,0,0,0,0,0,0,0,0,0,0,0,0,0,0,0,0,0,170,95,294,92,76,79,114,268,27,1212,19,0,4,6,0,14,0,76,3,135,10,0,7,0,0,0,15,10,0,48,0,0,0,0,0,0,0,0,0,0,0,0,0,0,0,5,0,0,0,7,8,0,0,0,0,0,0,3,0,12,14,4,11,3,7,11,0,3,0,52,228,99,321,103,85,103,138,364,35,1472,0,0,0,0,0,0,0,0,0,0,0,0,0,0,0,0,0,0,0,0,0,0,0,0,0,0,0,0,0,0,0,0,0,0,0,0,0,0,0,0,0,0,0,0,0,0,0,0,0,0,0,0,0,0,0,0,0,0,0,0,0,0,0,0,0,0,0,0,0,0
212031457,0,0,3,0,0,0,0,0,0,6,0,0,0,6,0,6,0,10,0,16,0,0,0,0,0,0,0,0,0,0,0,0,0,0,0,0,0,0,0,0,0,0,0,0,0,0,0,0,0,3,86,86,131,170,38,169,47,98,5,830,13,4,7,15,0,50,6,27,4,127,3,0,7,0,0,0,9,3,0,22,0,0,0,0,0,0,0,0,0,0,0,0,0,0,0,0,0,0,0,0,0,0,0,0,5,0,0,0,0,9,0,0,3,5,0,16,0,4,0,29,103,93,157,194,47,237,59,141,16,1040,0,0,0,0,0,0,0,0,0,4,0,0,0,0,0,0,0,0,0,0,0,0,0,0,0,0,0,0,0,0,0,0,0,0,0,0,0,0,0,0,0,0,0,0,0,0,0,0,0,0,0,0,0,0,0,0,0,0,0,0,0,0,0,0,0,0,0,0,0,3
212031458,0,0,0,0,0,0,0,0,0,3,0,5,0,5,0,0,0,4,0,9,0,0,0,0,0,0,0,0,0,0,0,0,0,0,0,0,0,0,0,0,0,0,0,0,0,0,0,0,0,8,60,268,118,201,70,29,38,67,14,871,5,11,4,13,5,3,0,7,0,51,0,0,8,0,0,0,9,0,0,17,0,0,0,0,0,0,0,0,0,0,0,0,0,0,0,0,0,0,0,0,0,4,0,0,4,0,3,0,3,18,0,5,0,11,0,4,0,0,0,17,66,277,139,233,78,40,54,88,23,997,0,0,0,3,0,0,0,0,0,5,0,0,0,0,0,0,0,0,0,0,0,0,0,0,0,0,0,0,0,0,0,0,0,0,0,0,0,0,0,0,0,0,0,0,0,0,0,0,0,0,0,0,0,0,0,0,0,0,0,0,0,0,0,3,0,0,0,0,0,5
212031555,0,0,0,0,0,0,0,0,0,3,0,0,0,0,0,0,0,0,0,0,0,0,0,0,0,0,0,0,0,0,0,0,0,0,0,0,0,0,0,0,4,0,0,0,0,7,7,0,0,15,54,148,86,123,58,49,39,56,10,613,0,4,11,15,0,33,6,20,0,84,0,0,4,0,0,0,3,0,0,9,0,0,0,0,0,0,0,0,0,0,0,0,0,0,0,0,0,0,0,0,4,0,0,0,4,0,0,0,0,13,3,0,0,12,0,5,0,0,0,21,65,155,101,146,62,85,50,83,16,760,0,0,0,0,0,0,0,0,0,4,0,0,0,0,0,0,0,0,0,0,0,0,0,0,0,0,0,0,0,0,0,0,0,0,0,0,0,0,0,0,0,0,0,0,0,0,0,0,0,0,0,0,0,0,0,0,0,0,0,0,0,3,0,0,0,0,0,0,0,7
212031556,0,0,6,3,0,0,0,0,0,4,0,0,0,0,0,0,0,5,0,14,0,0,0,0,0,0,0,0,0,0,0,0,0,0,0,0,0,0,0,0,0,0,0,0,0,0,10,0,0,16,130,62,273,166,62,106,137,117,23,1071,16,0,10,18,4,28,6,39,0,112,6,0,0,0,0,0,10,3,0,21,0,0,0,0,0,0,0,0,0,0,0,0,0,0,0,0,0,0,0,0,0,0,4,0,7,0,9,0,0,20,0,0,0,10,0,4,4,0,0,17,150,68,293,196,77,133,176,171,23,1285,0,0,0,5,0,0,0,0,0,5,0,0,0,0,0,0,0,0,0,0,0,0,0,0,0,0,0,0,0,0,0,0,0,0,0,0,0,0,0,0,0,0,0,0,0,0,0,0,0,0,0,0,0,0,0,0,0,0,0,0,0,0,0,3,0,0,0,0,0,7
212031557,0,0,3,0,0,0,0,4,0,5,0,4,0,5,0,3,0,0,0,16,0,0,0,0,0,0,0,0,0,0,0,0,0,0,0,0,0,0,0,0,0,0,0,0,0,0,16,3,0,22,131,313,195,274,72,160,153,205,25,1531,10,6,21,24,4,42,3,75,5,189,0,0,0,0,4,0,12,4,0,22,0,0,0,0,0,0,0,0,0,3,0,0,0,0,0,0,0,3,0,6,0,3,9,0,9,0,9,0,0,30,4,4,0,15,0,19,4,9,0,55,143,325,237,323,93,230,195,310,30,1883,0,0,0,4,0,0,0,0,0,7,0,0,0,0,0,0,0,0,0,0,0,0,0,0,0,0,0,0,0,0,0,0,0,0,0,0,0,0,0,0,0,0,0,0,0,0,0,0,0,0,0,0,0,0,0,0,0,0,0,0,0,0,0,4,0,0,0,0,0,3
212031558,0,0,3,0,0,0,0,0,0,3,0,0,0,0,0,0,0,0,0,6,0,0,0,0,0,0,0,0,0,0,0,0,0,0,0,0,0,0,0,0,3,0,0,0,0,0,5,0,0,3,61,175,102,229,46,11,63,53,10,756,0,3,8,30,0,0,0,4,0,50,0,0,3,0,4,0,0,4,0,11,0,0,0,0,0,0,0,0,0,0,0,0,0,0,0,0,0,0,0,3,0,4,0,3,5,0,5,0,0,10,4,0,0,14,0,0,0,0,0,15,70,182,121,276,54,7,81,64,10,865,0,0,0,0,0,0,0,0,0,0,0,0,0,0,0,0,0,0,0,0,0,0,0,0,0,0,0,0,0,0,0,0,0,0,0,0,0,0,0,3,0,0,0,0,0,0,0,0,0,0,0,0,0,0,0,0,0,0,0,0,0,0,0,0,0,0,0,0,0,3
212031559,3,0,0,0,0,0,0,0,0,3,0,0,0,0,0,0,0,0,0,0,0,0,0,0,0,0,0,0,0,0,0,0,0,0,0,0,0,0,0,0,0,0,0,0,0,3,6,0,0,11,69,170,106,154,35,85,77,58,13,759,6,8,4,13,3,24,0,16,0,83,3,0,4,0,0,0,8,0,0,16,0,0,0,0,0,0,0,0,0,3,0,0,0,0,0,0,0,0,0,3,0,0,0,0,0,0,5,0,0,9,0,3,0,16,0,7,0,5,0,26,83,185,117,180,38,119,91,83,12,916,0,0,0,0,0,0,0,0,0,0,0,0,0,0,0,0,0,0,0,0,0,0,0,0,0,0,0,0,0,0,0,0,0,0,0,0,0,0,0,0,0,0,0,0,0,0,0,0,0,0,0,0,0,0,0,0,0,0,0,0,0,0,0,0,0,0,0,0,0,0
212031560,0,0,0,0,0,0,0,0,0,0,0,0,0,4,0,5,0,0,0,12,0,0,0,0,0,0,0,0,0,0,0,0,0,0,0,0,0,0,0,0,0,0,0,3,0,0,0,0,0,7,59,132,82,124,45,77,27,55,6,614,0,0,8,11,0,20,0,5,0,47,0,0,7,0,0,0,9,0,0,9,0,0,0,0,0,0,0,0,0,0,0,0,0,0,0,0,0,0,0,3,0,0,3,0,0,0,0,0,0,5,0,4,0,6,4,3,0,5,0,16,67,140,101,142,52,104,38,69,11,719,0,0,0,0,0,0,0,3,0,3,0,0,0,0,0,0,0,0,0,0,0,0,0,0,0,0,0,0,0,0,0,0,0,0,0,0,0,0,0,0,0,0,0,0,0,0,0,0,0,0,0,3,0,0,0,0,0,0,0,3,0,3,0,0,0,0,0,3,0,4
212031561,0,0,0,0,0,0,0,0,0,0,0,0,0,0,0,0,0,0,0,0,0,0,0,0,0,0,0,0,0,0,0,0,0,0,0,0,0,0,0,0,0,0,0,0,0,0,0,0,0,0,49,95,66,85,21,35,35,41,8,429,3,4,0,3,0,9,0,8,0,23,4,0,0,0,0,0,13,3,0,20,0,0,0,0,0,0,0,0,0,0,0,0,0,0,0,0,0,0,0,0,0,3,0,0,0,0,4,3,0,10,0,3,0,5,0,4,0,0,0,11,52,100,70,88,25,40,49,53,9,500,0,0,0,0,0,0,0,0,0,0,0,0,0,0,0,0,0,0,0,0,0,0,0,0,0,0,0,0,0,0,0,0,0,0,0,0,0,0,0,0,0,0,0,0,0,0,0,0,0,0,0,0,0,0,0,0,0,0,0,0,0,0,0,0,0,0,0,0,0,0
212031562,0,0,0,3,0,0,0,0,0,10,0,0,0,5,0,0,0,6,0,13,0,0,0,0,0,0,0,0,0,0,0,0,0,0,0,0,0,0,0,0,0,0,0,0,0,3,0,0,0,7,96,181,145,143,93,115,67,86,18,939,7,3,14,3,8,28,0,31,3,96,0,0,4,0,4,0,12,3,0,21,0,0,0,0,0,0,0,0,0,0,0,6,0,0,0,0,0,0,0,6,0,7,0,0,3,0,5,4,0,14,0,0,0,5,0,7,0,10,0,21,103,192,159,161,108,161,83,136,19,1124,0,0,0,4,0,0,0,0,0,7,0,0,0,0,0,0,0,0,0,0,0,0,0,0,0,0,0,0,0,0,0,0,0,0,0,0,0,0,0,0,0,0,0,0,0,0,0,0,0,0,0,0,0,0,0,0,0,0,0,0,0,0,0,4,0,0,0,0,0,7
212041309,0,4,0,5,3,0,5,0,0,19,0,8,3,8,6,6,15,16,5,61,0,0,0,0,0,0,0,0,0,0,0,0,0,0,0,0,0,0,0,0,0,3,0,0,3,5,7,7,0,20,296,232,369,203,294,132,431,214,53,2222,5,10,10,20,6,17,29,37,3,138,4,0,0,0,0,0,7,6,0,17,0,4,7,0,0,0,6,6,0,13,0,4,0,0,0,0,4,5,0,17,0,4,0,0,9,0,8,9,0,31,9,4,6,11,9,3,5,6,0,54,320,264,394,245,332,161,512,295,62,2592,0,5,4,10,4,0,5,11,0,37,0,0,0,0,0,0,0,0,0,0,0,0,0,0,0,0,0,0,0,0,0,0,0,0,0,0,0,3,0,6,0,0,0,0,0,0,0,0,0,0,0,0,0,0,0,0,0,0,0,0,0,4,4,10,4,0,6,9,0,41
212041310,3,13,12,6,9,5,17,14,0,79,0,0,0,3,0,8,3,9,0,26,0,0,0,0,0,0,0,0,0,0,0,0,0,0,0,0,0,0,0,0,0,0,0,0,0,0,7,3,0,17,675,460,1016,257,469,194,766,746,115,4697,21,21,38,10,18,22,30,105,5,270,4,0,8,0,0,0,27,4,0,41,4,5,3,0,0,0,3,5,0,25,0,0,0,3,3,0,9,6,0,18,5,0,8,0,4,4,3,5,0,23,0,0,3,5,4,5,10,17,0,40,719,501,1102,284,506,233,866,912,117,5241,0,4,0,4,3,0,6,6,0,28,0,0,0,0,0,0,0,0,0,0,0,0,3,0,0,0,0,0,0,8,0,4,6,0,0,0,0,0,0,11,0,0,0,0,0,0,0,0,0,0,0,0,3,0,0,0,3,0,0,10,4,10,13,9,3,0,10,17,0,62
212041312,0,0,3,0,0,0,0,0,0,10,0,0,0,10,0,4,0,0,0,12,0,0,0,0,0,0,0,0,0,0,0,0,0,0,0,0,0,0,0,0,0,0,0,4,0,0,9,0,0,10,114,238,206,293,94,38,102,125,25,1235,8,11,4,30,3,17,3,30,0,105,0,0,0,0,0,0,9,0,0,20,0,0,5,0,0,0,0,0,0,4,0,0,0,0,0,0,0,0,0,5,0,3,0,5,0,5,9,0,0,24,0,6,5,7,0,4,0,9,0,36,119,261,221,346,103,74,128,174,28,1458,0,0,0,6,4,0,0,0,0,10,0,0,0,0,0,0,0,0,0,0,0,0,0,0,0,0,0,0,0,0,0,0,0,0,0,0,0,0,0,0,0,0,0,0,0,0,0,0,0,0,0,0,0,0,0,0,0,0,0,3,4,0,0,6,4,0,0,0,0,14
212041313,0,0,0,0,0,0,0,3,0,5,0,0,0,4,0,3,0,0,0,14,0,0,0,0,0,0,0,0,0,0,0,0,0,0,0,0,0,0,0,0,0,0,0,0,0,0,0,0,0,0,133,138,170,108,92,123,128,128,25,1049,10,0,12,8,5,7,5,16,0,60,0,0,0,0,0,0,0,0,0,12,0,0,0,0,0,0,0,0,0,5,0,0,3,0,0,0,0,4,0,7,0,0,0,0,0,0,0,0,0,8,7,0,9,11,6,16,4,0,0,46,147,139,198,132,103,152,147,153,30,1201,0,0,0,3,0,0,0,0,0,4,0,0,0,0,0,0,0,0,0,0,0,0,0,0,0,0,0,0,0,0,0,0,0,0,0,0,0,0,0,4,0,0,0,0,0,0,0,0,0,0,0,0,0,0,0,0,0,0,0,0,0,0,3,3,3,3,0,0,0,9
212041316,0,0,3,0,0,0,6,7,0,15,0,3,0,0,6,0,3,7,0,20,0,0,0,0,0,0,0,0,0,0,0,0,0,0,0,0,0,0,0,0,0,0,0,0,0,0,3,0,0,11,365,330,429,242,403,107,507,251,65,2709,10,7,21,12,13,4,25,49,3,143,3,0,4,0,3,0,24,6,0,36,0,4,0,0,0,0,7,0,0,9,3,3,0,0,0,0,0,0,4,13,3,0,10,0,0,3,0,0,0,22,0,0,0,3,0,0,0,8,0,19,387,351,464,265,430,119,571,330,76,2996,0,0,6,0,6,0,3,0,0,21,0,0,0,0,0,0,0,0,0,0,0,0,0,0,0,0,0,0,0,0,0,0,0,0,0,0,0,0,0,4,0,0,0,0,0,0,0,0,0,4,0,0,0,0,0,0,0,0,0,3,0,0,3,5,6,0,4,4,0,28
212041317,8,22,18,33,19,19,11,27,4,154,4,7,16,17,3,28,15,33,0,129,0,0,0,0,0,0,0,0,0,4,0,0,0,0,0,0,0,0,0,4,0,6,0,6,0,9,10,12,0,33,973,930,1147,677,780,875,693,591,149,6817,54,43,53,58,59,183,35,135,20,639,12,0,14,0,3,5,16,19,4,71,0,0,3,0,4,4,5,9,0,21,4,3,8,6,3,9,4,0,0,36,4,6,9,3,7,7,8,6,6,62,12,21,29,33,21,55,4,28,3,210,1072,1035,1300,838,899,1196,799,853,192,8176,4,7,4,8,6,10,0,5,0,48,0,0,0,0,0,0,0,0,0,0,0,3,0,0,0,0,0,0,0,9,0,0,0,0,3,4,0,0,0,13,0,0,5,0,0,3,0,5,0,16,0,3,0,0,0,0,0,0,0,8,8,17,11,14,8,17,3,7,0,88
212041318,0,0,0,0,0,0,0,0,0,3,0,5,3,7,0,0,0,3,0,21,0,0,0,0,0,0,0,0,0,0,0,0,0,0,0,0,0,0,0,0,0,0,0,0,0,0,0,0,0,4,67,171,75,197,42,59,38,66,19,733,11,14,0,4,0,13,0,16,0,68,0,0,0,0,0,0,8,0,0,13,0,0,0,0,0,0,0,0,0,0,0,0,0,0,0,0,0,0,0,3,0,0,0,0,0,0,3,4,0,11,0,0,0,3,5,5,0,4,0,23,78,196,87,218,49,85,52,98,18,877,0,0,0,7,0,0,0,0,0,10,0,0,0,0,0,0,0,0,0,0,0,0,0,0,0,0,0,0,0,0,0,0,0,0,0,0,0,0,0,0,0,0,0,0,0,0,0,0,0,0,0,0,0,0,0,0,0,0,0,0,0,0,0,7,0,0,0,0,0,10
212041459,0,3,0,0,7,0,4,4,0,19,0,0,0,0,0,0,0,3,0,10,0,0,0,0,0,0,0,0,0,0,0,0,0,0,0,0,0,0,0,0,0,5,0,4,0,0,0,0,0,15,87,276,106,264,89,44,85,99,11,1052,4,12,0,23,3,9,3,10,0,74,0,0,6,0,4,0,7,0,0,10,0,0,0,0,0,0,0,0,0,3,0,3,0,0,0,0,0,0,0,3,0,3,7,0,7,0,0,0,0,14,0,3,0,15,0,0,0,4,0,27,92,301,123,312,107,62,102,126,13,1232,0,0,4,3,0,7,0,0,0,14,0,0,0,0,0,0,0,0,0,0,0,0,0,0,0,0,0,0,0,0,0,0,0,0,0,0,0,0,0,0,0,0,0,3,0,0,0,0,0,4,0,0,0,0,0,0,0,0,0,0,0,0,4,5,0,7,0,4,0,22
212041460,0,6,0,13,0,6,0,4,0,39,0,0,0,7,0,0,0,0,0,12,0,0,0,0,0,0,0,0,0,0,0,0,0,0,0,0,0,0,0,0,0,3,0,4,0,0,4,0,0,16,117,287,153,307,108,93,85,109,18,1268,10,0,0,22,11,9,0,20,0,79,0,0,0,0,0,0,10,3,0,9,0,0,0,0,0,0,0,0,0,3,0,0,0,0,0,0,0,0,0,11,0,0,0,0,0,0,5,0,0,12,8,0,6,26,0,4,0,6,0,50,136,300,165,384,127,111,102,155,21,1503,0,4,0,7,0,0,0,5,0,14,0,0,0,0,0,0,0,0,0,0,0,0,0,0,0,0,0,0,0,4,0,5,0,0,0,0,0,0,0,5,0,0,0,0,0,0,0,0,0,4,0,0,0,0,0,0,0,0,0,0,0,11,0,8,0,0,0,3,0,24
212041563,6,41,18,28,56,17,3,24,7,206,13,25,17,21,26,43,11,32,9,196,0,0,0,0,0,0,0,3,0,0,0,0,0,0,0,0,0,0,0,0,0,6,0,4,11,6,5,0,0,33,935,3448,1062,1739,1484,755,478,564,185,10638,45,99,62,81,85,114,26,96,11,631,3,0,4,0,6,5,14,9,0,38,0,6,9,5,0,3,0,0,0,30,0,9,3,7,0,0,8,9,0,34,4,15,14,13,13,9,3,3,4,78,10,36,18,24,21,28,0,29,9,175,1017,3682,1202,1925,1713,980,556,769,227,12060,4,16,5,21,16,18,3,23,0,111,0,0,0,0,0,0,0,0,0,0,0,5,0,0,0,0,0,0,0,9,5,0,0,3,14,3,0,4,0,32,0,13,0,0,3,3,0,0,0,19,0,6,0,0,0,0,0,0,0,8,6,29,10,29,36,23,4,29,0,168
212041564,11,26,51,5,13,8,53,73,12,249,11,12,58,11,22,16,109,132,17,382,0,0,0,0,0,0,3,0,4,14,0,0,7,0,0,0,3,4,0,12,8,0,17,3,5,0,47,40,0,132,6402,3041,8407,531,5730,2208,10996,6450,993,44750,147,50,349,36,219,107,573,843,63,2390,36,6,86,0,33,11,231,63,8,476,18,9,51,3,22,15,81,24,7,224,14,11,21,0,11,0,24,8,6,92,23,15,41,4,60,14,40,26,11,227,10,5,3,0,4,6,5,19,0,63,6674,3172,9105,597,6115,2391,12158,7683,1129,49014,11,35,41,4,18,8,79,73,7,273,0,0,0,0,0,0,0,0,0,0,0,0,0,0,0,0,0,0,0,3,0,6,18,0,3,5,8,5,0,48,0,0,3,0,4,0,5,7,0,18,0,10,3,0,0,0,6,0,0,24,15,49,59,3,27,7,103,90,10,366
212041565,0,3,5,0,3,4,0,14,0,35,0,4,10,13,3,28,6,20,0,86,0,0,0,0,0,0,0,0,0,0,0,0,0,0,0,0,0,4,0,6,0,0,0,0,0,4,6,13,0,24,727,599,878,343,516,554,598,578,99,4885,27,20,36,22,30,100,41,135,14,429,3,0,9,0,3,0,25,4,0,45,0,0,3,0,0,0,8,0,0,11,0,0,3,5,0,3,3,16,0,30,4,4,3,3,11,4,4,3,0,31,7,4,0,10,0,25,7,14,0,68,767,641,941,406,567,721,690,799,125,5652,3,5,3,6,3,6,5,5,0,34,0,0,0,0,0,0,0,0,0,0,0,3,0,0,0,0,0,0,0,0,0,0,0,0,0,0,0,0,0,3,0,0,0,0,0,0,0,0,0,0,0,0,0,0,0,0,0,0,0,4,4,9,3,6,3,12,5,6,0,50
212041566,0,0,0,3,0,0,0,8,0,14,0,0,4,5,0,0,5,6,0,25,0,0,0,0,0,0,0,0,0,0,0,0,0,0,0,0,0,0,0,0,0,0,3,0,0,0,11,4,0,23,742,516,772,196,509,275,885,487,90,4470,11,12,31,19,26,63,72,81,12,311,5,0,13,0,3,7,22,8,0,52,0,0,0,0,0,0,7,0,0,11,0,0,4,0,5,3,3,6,0,21,3,3,8,0,4,3,3,3,0,31,0,7,3,3,7,4,0,4,0,25,762,534,840,230,546,356,1009,607,106,4993,0,0,3,0,0,0,0,3,0,11,0,0,0,0,0,0,0,0,0,0,0,0,0,0,0,0,0,0,0,4,0,0,0,0,0,0,0,5,0,9,0,0,0,0,0,0,0,0,0,5,0,0,0,0,0,0,0,0,0,6,0,7,4,3,0,3,6,9,0,32
212051319,3,6,7,13,0,10,0,4,0,40,0,0,3,4,6,16,0,12,0,49,0,0,0,0,0,0,0,0,0,0,0,0,0,0,3,0,0,0,0,5,0,0,0,3,0,0,0,0,0,8,311,391,370,376,234,267,97,177,37,2262,4,12,23,30,8,33,3,18,0,137,0,0,5,0,0,0,6,4,0,14,0,0,0,0,0,3,3,0,0,6,0,3,0,0,0,5,0,4,0,16,7,0,4,0,5,5,0,4,0,17,10,12,6,10,3,12,0,6,0,50,344,429,417,442,263,343,114,217,52,2610,0,6,3,10,0,10,0,9,0,30,0,0,0,0,0,0,0,0,0,0,0,0,0,0,0,0,0,0,0,8,0,0,0,0,0,0,0,0,0,6,0,0,0,0,0,0,0,0,0,3,0,0,0,0,0,0,0,0,0,3,0,4,3,11,0,9,0,3,0,45
212051321,0,7,3,4,0,0,0,3,0,19,0,5,0,16,7,0,0,0,0,27,0,0,0,0,0,0,0,0,0,0,0,0,0,0,0,0,0,0,0,4,0,0,0,0,0,0,4,0,0,3,224,611,288,944,257,96,70,188,41,2727,5,19,21,44,15,23,0,27,3,159,0,0,0,0,0,0,0,0,0,8,0,0,0,3,0,0,0,0,0,11,0,5,0,5,0,0,0,0,0,10,4,8,0,40,0,3,0,4,0,60,3,7,3,70,5,4,0,3,0,96,237,664,320,1125,288,131,73,225,53,3131,0,5,0,6,0,0,0,11,0,17,0,0,0,0,0,0,0,0,0,0,0,0,0,0,0,0,0,0,0,0,0,0,0,4,0,0,0,0,0,5,0,0,0,0,0,0,0,0,0,3,0,0,0,0,0,0,0,0,0,0,0,8,0,10,0,0,0,11,0,26
212051322,6,23,24,31,13,11,0,14,6,132,5,11,25,44,10,33,0,42,6,179,0,0,0,0,0,0,0,0,0,0,0,0,0,0,0,0,0,0,0,0,0,0,4,5,0,0,0,5,0,21,600,963,508,877,469,589,82,327,75,4496,21,38,27,98,35,122,8,71,17,424,0,0,3,0,0,0,0,0,0,5,0,0,5,7,0,0,0,3,0,9,0,8,0,5,0,0,0,7,0,21,5,11,5,5,10,4,0,3,0,36,7,30,34,79,16,52,0,36,6,255,651,1078,636,1143,546,816,103,514,102,5576,0,3,5,11,7,7,0,16,3,51,0,0,0,0,0,0,0,0,0,0,5,5,8,7,0,0,4,0,0,23,0,0,0,0,0,0,0,0,0,7,0,3,0,4,0,0,0,3,0,11,0,0,0,0,3,0,0,0,0,0,4,18,9,25,7,5,0,19,4,91
212051323,6,8,6,0,0,0,0,0,0,14,0,5,3,0,3,10,0,0,0,24,0,0,0,0,0,0,0,0,0,0,0,0,0,0,0,0,0,0,0,0,0,0,4,0,0,5,0,0,0,10,135,330,172,163,107,40,42,66,24,1084,3,16,3,11,8,6,3,22,0,70,0,0,0,0,0,0,6,0,0,7,0,0,0,0,0,0,0,0,0,0,3,0,0,0,0,0,3,0,0,5,0,3,0,0,0,0,0,0,0,6,8,11,9,7,8,3,0,3,0,45,149,370,198,186,126,68,51,95,22,1273,0,3,0,3,5,0,0,4,0,7,0,0,0,0,0,0,0,0,0,0,0,0,0,0,0,0,0,0,0,0,0,0,0,0,0,0,0,0,0,0,0,0,0,0,0,0,0,0,0,0,0,0,0,0,0,0,0,0,0,0,0,3,3,3,5,0,0,3,0,17
212051324,4,19,5,11,8,5,3,13,6,76,4,17,15,21,13,7,6,13,6,102,0,0,0,0,0,0,0,0,0,0,0,0,0,0,0,0,0,0,0,4,0,5,0,5,0,0,3,0,4,21,1223,1537,1223,609,1205,680,510,545,133,7671,29,37,38,35,50,72,19,76,8,368,4,0,13,0,4,0,16,3,0,44,0,5,4,0,6,5,0,3,0,28,4,6,4,5,0,0,3,4,0,33,3,7,8,0,12,3,9,0,3,62,12,16,12,14,16,21,0,15,3,112,1288,1659,1324,705,1325,791,568,688,156,8512,3,16,5,12,11,6,8,20,0,70,0,0,0,0,0,0,0,0,0,0,0,0,0,0,4,0,0,0,0,3,3,8,0,0,0,0,0,0,0,13,0,6,0,0,0,0,0,0,0,5,0,0,0,0,0,0,0,0,0,0,8,25,7,7,13,6,9,18,0,95
212051325,0,14,22,15,6,7,4,15,0,83,10,10,11,25,17,15,19,21,0,136,0,0,0,0,0,0,0,0,0,6,0,0,0,0,0,0,0,3,0,3,0,6,5,8,6,0,0,5,0,36,1839,2222,1988,817,1724,789,1249,1161,255,12043,21,54,58,30,65,71,51,126,4,476,6,0,30,0,5,8,30,13,6,94,9,8,9,3,0,3,6,4,0,45,11,5,7,0,0,0,10,9,0,42,11,12,10,3,28,0,11,7,0,86,12,19,4,14,10,10,8,15,0,81,1913,2358,2144,918,1864,895,1389,1373,273,13132,9,29,6,6,18,3,11,13,0,98,0,0,0,0,0,0,0,0,0,0,0,0,0,0,0,0,0,0,0,8,0,5,12,6,0,3,0,0,0,22,0,5,0,0,0,0,0,0,0,8,0,0,0,0,0,0,3,0,0,7,11,37,23,13,21,9,16,16,0,137
212051326,21,25,38,36,28,25,36,45,10,256,3,7,14,29,4,15,16,36,0,130,0,0,0,0,0,0,0,0,0,0,0,0,0,0,0,0,0,0,0,6,3,0,3,5,0,4,18,9,0,47,1047,863,1286,732,833,688,727,586,131,6890,30,21,41,72,39,122,22,87,7,441,3,0,7,0,3,0,31,5,0,55,3,4,8,7,0,0,11,5,0,29,6,3,5,13,5,8,8,10,0,59,9,8,8,9,8,13,5,9,0,54,22,19,21,43,22,19,23,23,5,201,1145,955,1432,944,942,899,887,815,158,8172,0,11,3,21,11,15,14,13,4,99,0,0,0,0,0,0,0,0,0,0,0,9,3,5,4,0,0,0,0,19,0,4,3,10,7,0,0,0,0,24,0,0,0,0,0,3,0,0,0,9,0,4,0,0,3,0,0,5,0,14,3,28,16,33,25,27,21,19,4,170
212051327,0,3,3,7,0,0,0,7,0,24,0,4,3,25,0,6,0,9,0,57,0,0,0,0,0,0,0,0,0,0,0,0,0,0,0,0,0,0,0,0,0,4,0,4,0,6,0,0,0,5,232,569,286,470,202,201,47,197,21,2222,9,21,5,56,11,50,3,26,3,190,4,0,3,0,0,0,0,0,0,16,0,0,3,0,0,0,0,0,0,8,0,0,0,0,0,0,0,4,0,5,0,9,0,0,0,0,0,0,0,13,0,4,3,12,5,16,0,0,3,51,245,616,310,586,221,277,63,247,33,2597,0,7,3,14,0,0,0,6,0,28,0,0,0,0,0,0,0,0,0,0,0,0,0,0,0,0,0,0,0,0,0,0,0,0,0,0,0,0,0,0,0,0,0,0,0,0,0,0,0,3,0,0,0,0,0,0,0,0,0,0,0,10,3,15,0,0,0,6,0,39
212051567,10,58,29,12,11,11,3,31,3,163,14,87,15,25,26,12,16,77,4,279,0,0,0,0,0,0,0,0,0,0,0,4,3,0,4,0,0,0,0,13,3,3,4,3,3,9,8,22,3,51,1608,2764,2137,555,1198,505,655,673,185,10271,24,92,60,46,45,76,38,108,15,505,0,0,15,0,9,0,13,8,0,42,0,17,7,5,9,7,8,3,0,48,16,84,15,10,8,3,3,10,3,153,8,19,10,0,8,3,9,4,0,67,18,180,25,62,25,28,3,26,3,365,1705,3306,2317,713,1346,646,754,953,224,11966,7,129,30,18,27,14,0,20,3,256,0,0,0,0,0,0,0,0,0,0,0,0,0,0,0,0,0,0,0,4,0,3,4,5,7,0,0,6,0,14,0,0,0,3,0,0,0,4,0,9,0,9,0,0,0,0,0,0,0,12,13,144,36,27,30,12,0,30,3,298
212051568,13,153,32,71,53,11,11,34,11,386,0,30,9,17,16,11,7,16,5,115,0,0,0,0,0,0,0,0,0,0,0,0,0,0,0,0,0,0,0,3,0,9,0,6,5,0,3,5,0,30,817,4744,1140,639,1219,409,566,542,178,10244,22,112,43,32,56,45,26,76,5,412,3,0,0,0,4,0,24,3,3,47,5,5,3,0,4,0,4,0,5,32,8,43,9,3,0,0,8,10,0,74,5,13,9,0,9,3,4,3,3,47,21,122,32,42,18,19,12,33,3,299,889,5220,1276,822,1387,504,672,725,211,11696,3,13,9,23,7,9,4,12,0,77,0,0,0,0,0,0,0,0,0,0,0,16,3,0,0,0,0,0,0,22,0,26,4,14,10,0,5,4,0,56,0,7,4,4,7,0,0,3,0,27,0,9,0,0,0,5,0,6,0,27,6,68,25,40,28,13,11,17,0,206
213011328,0,0,0,0,0,0,0,0,0,4,0,0,5,0,0,0,3,7,0,19,0,0,0,0,0,0,0,0,0,0,0,0,0,0,0,0,0,0,0,0,0,0,0,0,0,0,3,0,0,7,93,114,327,108,73,52,269,157,26,1225,3,3,7,7,3,0,5,16,5,47,3,0,8,0,0,0,4,0,0,19,0,0,0,0,0,0,0,0,0,6,0,0,0,0,0,0,0,0,0,3,0,0,0,0,0,0,4,0,0,8,7,3,5,9,0,0,0,5,0,24,106,127,354,122,81,53,295,189,33,1352,0,0,3,0,0,0,0,0,0,8,0,0,0,0,0,0,0,0,0,0,0,0,0,0,0,0,0,0,0,0,0,0,0,0,0,0,0,0,0,6,0,0,0,0,0,0,0,0,0,0,0,0,0,0,0,0,0,0,0,0,0,3,3,0,3,0,0,0,0,9
213011329,0,0,0,0,0,0,0,0,0,0,0,0,0,0,0,0,0,0,0,0,0,0,0,0,0,0,0,0,0,0,0,0,0,0,0,0,0,0,0,0,0,0,0,0,0,0,0,0,0,0,30,103,56,137,49,45,37,54,8,521,4,3,4,8,0,18,4,6,0,40,0,0,0,0,0,0,10,0,0,11,0,0,0,0,0,0,0,0,0,0,0,0,0,0,0,0,0,0,0,4,0,0,0,0,0,0,0,0,0,0,0,0,0,5,0,6,0,0,0,18,41,108,63,149,51,66,48,69,7,605,0,0,0,0,0,0,0,3,0,3,0,0,0,0,0,0,0,0,0,0,0,0,0,0,0,0,0,0,0,0,0,0,0,0,0,0,0,0,0,0,0,0,0,0,0,0,0,0,0,0,0,0,0,0,0,0,0,0,0,0,0,0,0,0,0,0,0,3,0,5
213011331,0,0,0,3,0,0,0,0,0,4,0,0,0,0,0,0,0,0,0,0,0,0,0,0,0,0,0,0,0,0,0,0,0,0,0,0,0,0,0,0,0,0,0,0,0,0,0,0,0,0,41,85,68,127,15,32,28,40,8,442,0,0,0,3,0,19,0,7,3,36,0,0,0,0,0,0,9,3,0,11,0,0,0,0,0,0,0,0,0,0,0,0,0,0,0,0,0,0,0,0,0,0,0,5,0,0,0,0,0,3,0,4,0,0,0,0,0,0,0,4,40,98,73,136,19,49,38,53,12,514,0,4,0,0,0,0,0,0,0,3,0,0,0,0,0,0,0,0,0,0,0,0,0,0,0,0,0,0,0,0,0,0,0,0,0,0,0,0,0,0,0,0,0,0,0,0,0,0,0,0,0,0,0,0,0,0,0,0,0,0,0,4,0,0,0,0,0,0,0,3
213011332,0,0,0,0,0,0,0,3,0,6,0,0,0,7,0,6,0,0,0,17,0,0,0,0,0,0,0,0,0,0,0,0,0,0,0,0,0,0,0,5,0,0,0,0,0,0,0,0,0,5,112,218,154,327,80,185,68,131,17,1298,0,10,10,16,5,83,3,26,0,149,3,0,5,0,0,0,8,0,0,14,0,0,0,0,0,0,0,0,0,0,0,0,0,0,0,0,0,0,0,0,3,0,3,3,0,0,0,0,0,12,0,3,0,6,0,3,0,3,0,26,122,238,177,363,80,281,83,164,20,1535,0,0,3,4,0,5,0,0,0,7,0,0,0,0,0,0,0,0,0,0,0,0,0,0,0,0,0,0,0,0,0,0,0,0,0,0,0,0,0,0,0,0,0,0,0,0,0,0,0,0,0,0,0,0,0,0,0,0,0,0,0,6,3,4,0,5,0,0,0,12
213011333,0,0,0,0,0,0,0,0,0,0,0,0,0,6,0,4,0,4,0,9,0,0,0,0,0,0,0,0,0,0,0,0,0,0,0,0,0,0,0,0,0,0,0,0,0,0,0,0,0,0,35,139,59,76,26,17,36,39,6,436,0,6,3,0,0,0,0,14,0,30,0,0,0,0,4,0,6,3,0,15,0,0,0,0,0,0,0,0,0,0,0,0,0,0,0,0,0,0,0,0,0,0,5,0,0,0,0,0,0,9,0,3,0,0,0,0,0,0,0,13,38,145,74,82,27,22,47,63,16,508,0,0,0,0,0,0,0,0,0,4,0,0,0,0,0,0,0,0,0,0,0,0,0,0,0,0,0,0,0,0,0,0,0,0,0,0,0,0,0,0,0,0,0,0,0,0,0,0,0,0,0,0,0,0,0,0,0,0,0,0,0,0,0,0,0,0,0,0,0,4
213011334,0,6,0,3,7,4,4,0,0,25,0,3,4,4,0,3,0,0,0,17,0,0,0,0,0,0,0,0,0,0,0,0,0,0,0,0,0,0,0,0,0,0,0,0,0,0,8,0,0,8,169,288,202,318,204,142,100,118,38,1578,5,15,15,20,10,9,0,18,0,107,3,0,0,0,0,0,9,4,0,22,0,0,0,0,0,0,0,0,0,0,0,4,0,0,4,0,0,0,0,9,0,0,0,4,0,0,4,0,0,17,7,3,11,9,3,13,7,13,0,65,185,318,232,356,236,174,130,156,45,1844,0,4,3,0,0,4,0,5,0,15,0,0,0,0,0,0,0,0,0,0,0,0,0,0,0,0,0,0,0,3,0,0,0,0,0,0,0,0,0,0,0,0,0,0,0,0,0,0,0,0,0,0,0,0,0,0,0,0,0,4,0,0,5,0,4,4,0,4,0,21
213011335,0,63,10,35,12,7,0,6,3,138,0,14,0,13,0,3,0,4,0,31,0,0,0,0,0,0,0,0,0,0,0,0,0,0,0,0,0,0,5,6,3,12,0,6,0,0,4,0,0,21,188,2518,228,559,388,93,185,207,55,4425,9,101,25,34,23,26,3,35,7,272,0,0,3,0,3,0,10,0,0,15,0,6,0,6,0,0,0,0,0,14,3,18,0,0,0,0,0,7,0,30,0,8,0,4,0,3,0,0,0,17,0,9,7,9,6,10,0,6,0,49,205,2749,269,657,439,143,206,274,71,5015,0,8,0,9,5,0,0,4,0,28,0,0,0,0,0,0,0,0,0,0,0,5,0,0,0,0,0,0,0,6,0,11,0,0,4,0,0,0,0,18,0,6,0,0,0,0,0,0,0,13,0,5,0,0,0,0,0,0,0,5,0,37,0,9,9,5,5,4,0,71
213011336,10,40,8,22,26,18,0,13,0,146,0,4,0,14,0,21,3,13,3,68,0,0,0,0,0,0,0,0,0,0,0,0,0,0,0,0,0,0,0,0,0,5,0,9,0,6,8,0,0,22,403,806,642,775,601,356,324,328,90,4325,23,16,22,29,32,80,18,77,7,299,0,0,4,0,0,0,7,8,6,19,0,0,0,4,0,0,3,4,0,14,3,14,0,3,3,3,0,0,0,38,0,7,6,5,11,0,3,6,5,37,3,7,3,14,16,15,3,33,3,112,441,905,698,878,690,507,380,481,113,5088,0,6,3,9,4,6,9,8,0,37,0,0,0,0,0,0,0,0,0,0,0,4,0,0,0,4,0,3,0,9,0,3,0,3,0,0,0,0,0,14,4,0,0,0,0,0,0,0,0,3,0,0,0,5,0,4,0,0,0,5,3,16,0,16,10,13,5,9,0,71
213011337,0,3,3,4,0,3,0,12,0,33,0,0,0,3,3,4,0,6,0,26,0,0,0,0,0,0,0,0,0,0,0,0,0,0,0,0,0,0,0,0,0,0,0,4,0,0,5,0,0,9,492,333,867,249,288,276,493,451,91,3540,16,4,48,22,15,43,24,51,0,235,7,0,9,0,0,0,11,8,0,40,0,3,0,3,0,0,3,0,0,13,3,0,3,0,0,4,0,6,0,15,7,0,4,0,5,0,4,3,0,17,8,9,6,5,0,8,8,9,0,56,526,351,952,291,319,340,555,546,100,3981,0,0,4,5,0,3,0,8,0,21,0,0,0,0,0,0,0,0,0,0,0,0,0,0,0,0,0,0,0,3,0,0,0,0,0,0,0,0,0,0,0,0,0,0,0,0,0,0,0,5,0,0,0,0,0,0,0,0,0,6,0,3,3,6,0,5,0,9,0,31
213011338,4,8,12,3,11,0,6,13,4,70,0,3,3,6,12,4,8,18,0,63,0,0,0,0,0,0,0,0,0,0,0,0,0,0,0,0,0,0,0,3,0,4,0,0,7,0,12,13,0,41,1105,620,1387,278,1457,317,2075,1371,230,8837,22,21,53,22,70,38,68,195,17,502,5,0,9,0,10,4,40,22,0,109,0,3,12,5,13,4,20,3,0,52,3,5,9,0,3,0,11,8,0,50,3,11,7,0,16,3,28,6,0,77,3,8,4,13,0,3,3,14,0,49,1150,684,1498,321,1599,368,2281,1669,259,9842,0,6,4,3,14,0,17,22,0,80,0,0,0,0,0,0,0,0,0,0,0,0,0,0,0,0,4,0,0,4,0,6,0,0,0,0,0,4,0,10,0,0,0,0,0,0,0,0,0,3,0,0,0,0,0,0,0,0,0,12,9,8,13,6,14,3,22,28,0,103
213011339,0,0,0,10,0,4,0,7,0,18,0,0,0,0,0,5,0,0,0,9,0,0,0,0,0,0,0,0,0,0,0,0,0,0,0,0,0,0,0,0,0,0,0,0,0,0,4,3,0,9,70,275,105,346,92,72,48,85,18,1100,0,8,7,27,4,26,0,33,0,114,4,0,3,0,0,0,4,3,0,13,0,0,0,0,0,0,0,0,0,0,0,0,0,0,0,0,0,0,0,0,0,4,0,5,0,0,0,0,0,11,0,3,5,12,0,5,0,7,0,36,74,291,118,398,101,110,59,137,22,1310,0,6,0,3,0,0,0,3,0,5,0,0,0,0,0,0,0,0,0,0,0,0,0,0,0,0,0,0,0,0,0,0,0,0,0,0,0,0,0,5,0,0,0,0,0,0,0,0,0,0,0,0,0,0,0,0,0,0,0,0,0,3,0,5,0,0,0,3,0,12
213011340,0,3,5,9,0,21,0,9,0,46,0,0,5,10,3,28,0,14,3,64,0,0,0,0,0,0,0,0,0,0,0,0,0,0,0,0,0,0,0,0,3,0,0,0,0,4,0,0,0,7,354,288,298,257,226,770,110,262,36,2603,14,4,20,54,12,237,4,97,11,448,3,0,6,0,0,0,12,6,0,28,0,0,0,0,0,0,0,5,0,5,0,0,0,0,0,0,0,0,0,6,3,5,0,0,0,0,0,6,0,17,3,10,7,6,7,15,0,10,0,54,377,304,338,336,250,1078,133,405,51,3275,0,4,0,5,0,5,0,12,0,25,0,0,0,0,0,0,0,0,0,0,0,0,0,0,0,0,0,0,0,0,0,0,0,0,4,0,0,4,0,8,0,0,0,0,0,0,0,0,0,9,0,0,0,0,0,0,0,0,0,6,0,4,0,3,9,14,0,12,0,44
213011569,0,3,5,0,3,7,0,7,0,26,0,0,0,7,0,17,0,9,0,34,0,0,0,0,0,0,0,0,0,0,0,0,0,0,0,0,0,0,0,0,4,0,0,0,0,5,6,0,0,17,226,320,322,239,214,260,200,178,36,1997,9,13,14,24,13,90,8,55,0,215,0,0,7,0,0,3,8,0,0,24,0,0,0,0,0,0,0,0,0,7,0,0,0,0,0,0,0,5,0,5,0,0,0,3,0,0,3,6,0,13,3,3,0,3,4,9,4,5,0,38,247,346,348,277,236,390,230,262,43,2369,0,6,0,3,0,0,0,0,0,12,0,0,0,0,0,0,0,0,0,0,0,0,0,0,0,0,0,0,0,0,0,0,0,0,0,0,0,0,0,0,0,0,0,0,0,0,0,0,0,3,0,4,0,0,0,0,0,0,0,3,0,7,0,3,6,0,0,5,0,21
213011570,4,4,10,6,5,3,19,14,0,71,0,0,8,3,0,3,9,15,5,40,0,0,0,0,0,0,0,0,0,4,0,0,0,0,0,0,0,0,0,0,0,4,6,4,6,5,27,10,0,59,1240,554,1609,279,1204,494,2906,1057,222,9558,29,10,64,22,48,70,178,154,19,590,4,0,11,0,12,4,56,3,0,93,3,4,5,0,5,0,15,6,0,37,0,0,0,0,0,0,8,0,0,18,7,3,17,4,16,4,18,4,0,70,0,0,0,6,0,4,9,4,5,25,1295,584,1731,317,1304,582,3242,1268,257,10574,0,3,0,3,0,0,10,12,0,37,0,0,0,0,0,0,0,0,0,0,0,0,3,0,0,0,0,0,0,5,0,0,5,0,0,0,0,0,0,8,0,0,0,0,0,0,0,5,0,8,3,0,0,0,0,0,3,0,0,8,3,7,9,0,0,0,19,20,3,58
213021341,4,6,31,14,4,6,5,47,3,123,0,0,0,4,0,8,5,3,4,22,0,0,0,0,0,0,0,0,0,0,0,0,0,0,0,0,0,0,0,0,0,0,0,5,0,0,5,4,0,17,603,515,1043,348,615,221,1179,591,125,5239,15,6,35,20,21,22,73,62,4,257,7,0,6,0,10,0,30,4,0,58,4,7,5,0,3,0,5,7,0,37,5,8,11,4,7,3,0,5,5,48,0,6,11,0,4,4,5,7,0,40,14,11,13,30,9,3,0,12,3,91,643,562,1148,424,675,264,1319,742,146,5930,0,0,3,8,3,0,4,7,0,23,0,0,0,0,0,0,0,0,0,0,0,0,0,0,0,0,0,0,0,6,0,4,4,0,0,0,0,10,0,25,0,3,0,0,0,0,0,0,0,5,0,0,0,0,0,0,3,0,0,11,3,4,12,8,4,0,11,20,4,64
213021342,0,0,3,0,0,5,0,8,0,18,0,0,0,4,0,11,0,0,0,23,0,0,0,0,0,0,0,0,0,0,0,0,0,0,0,0,0,0,0,0,0,0,0,0,0,0,0,0,0,6,104,183,133,306,57,179,55,96,19,1139,7,5,7,25,4,84,0,46,3,177,0,0,3,0,0,0,6,0,0,7,0,0,0,0,0,0,0,0,0,6,4,3,0,0,0,0,0,4,0,14,6,0,0,0,5,0,0,0,0,10,0,0,5,11,5,13,0,13,0,53,122,200,150,356,67,299,69,169,25,1460,0,0,3,3,0,0,0,7,0,14,0,0,0,0,0,0,0,0,0,0,0,0,0,0,0,0,0,0,0,0,0,0,0,5,0,0,0,0,0,5,0,0,0,0,0,0,0,0,0,0,0,0,0,0,0,0,0,0,0,0,0,0,3,4,0,4,0,9,0,18
213021343,3,5,12,4,3,11,4,39,3,86,0,5,9,17,10,22,19,28,7,110,0,0,0,0,0,0,0,0,4,4,0,0,0,0,0,0,0,0,0,6,0,0,0,0,0,6,18,8,3,36,1015,696,1202,492,786,646,2043,1065,175,8117,28,16,58,34,42,122,110,170,14,600,6,0,9,0,5,0,46,14,0,82,4,3,0,0,4,0,6,7,0,26,3,11,7,9,0,8,4,8,0,54,4,3,5,0,4,0,0,0,0,17,3,4,4,6,4,12,3,20,4,55,1067,746,1311,564,853,832,2268,1350,199,9194,3,5,12,10,3,10,18,15,0,74,0,0,0,0,0,0,0,0,0,0,0,0,0,0,0,0,0,0,0,0,0,0,3,0,6,0,0,0,0,10,0,0,0,0,0,0,0,0,0,3,0,0,0,0,5,0,0,0,0,7,3,6,18,7,12,10,20,23,0,97
213021344,7,30,21,35,8,4,13,27,5,145,0,3,3,0,0,4,0,0,0,18,0,0,0,0,0,0,0,0,0,0,0,0,0,0,0,0,0,0,0,0,0,0,0,0,0,0,0,0,0,7,410,404,765,327,185,61,397,273,56,2882,14,9,33,31,12,8,8,19,0,133,3,0,5,0,0,0,13,0,0,21,0,0,0,0,0,0,4,4,0,10,11,9,12,9,3,3,0,8,0,57,0,8,5,0,0,0,0,0,0,19,9,16,4,24,11,4,0,6,6,82,450,490,861,432,217,84,435,345,71,3376,0,6,8,13,4,0,0,7,0,37,0,0,0,0,0,0,0,0,0,0,0,3,4,7,0,6,0,5,0,19,6,0,6,0,0,0,0,0,0,16,0,3,0,3,4,0,0,3,0,10,0,0,0,5,0,0,0,0,0,3,0,12,16,22,3,5,10,18,0,92
213021345,0,0,0,0,0,0,0,0,0,0,0,0,0,0,0,0,0,0,0,0,0,0,0,0,0,0,0,0,0,0,0,0,0,0,0,0,0,0,0,0,0,0,0,0,0,0,0,0,0,0,22,40,32,31,10,14,11,15,8,176,0,0,0,3,0,0,0,8,0,17,0,0,0,0,0,0,0,0,0,0,0,0,0,0,0,0,0,0,0,0,0,0,0,0,0,0,0,0,0,4,0,0,0,0,0,0,0,0,0,0,0,4,0,4,0,0,0,0,0,12,26,42,35,38,6,18,11,25,4,209,0,0,0,0,0,0,0,0,0,0,0,0,0,0,0,0,0,0,0,0,0,0,0,0,0,0,0,0,0,0,0,0,0,0,0,0,0,0,0,0,0,0,0,0,0,0,0,0,0,0,0,0,0,0,0,0,0,0,0,0,0,0,0,0,0,0,0,0,0,0
213021346,3,12,18,18,5,8,8,21,6,98,3,0,5,10,3,12,0,10,0,38,0,0,0,0,0,0,0,0,0,0,0,0,0,0,0,0,0,0,0,0,0,4,0,0,0,0,6,0,0,12,526,632,997,460,380,251,229,371,61,3903,11,19,37,44,11,41,7,28,6,193,4,0,11,0,4,0,16,4,0,34,0,0,3,0,0,0,5,7,0,11,5,15,10,11,6,9,4,6,0,64,4,6,7,7,8,0,0,3,3,34,20,35,24,45,23,46,3,23,0,213,572,726,1111,596,442,357,262,468,70,4610,0,8,6,3,7,3,0,14,4,39,0,0,0,0,0,0,0,0,0,0,0,0,0,0,0,0,0,0,0,11,0,0,0,0,0,0,0,0,0,9,0,0,3,0,0,0,0,0,0,3,0,0,5,3,0,0,0,3,0,14,0,14,15,16,5,7,0,14,3,70
213031347,3,10,5,11,9,14,21,11,0,79,9,7,0,24,4,18,15,14,0,82,0,0,0,0,0,0,0,0,0,0,0,0,0,5,0,0,0,0,0,8,4,9,0,3,0,0,10,0,0,21,505,513,572,763,369,444,562,350,106,4180,13,17,28,54,21,60,24,49,11,280,0,0,11,0,0,0,11,4,0,24,0,0,5,0,3,7,7,0,0,22,0,4,4,13,10,9,4,3,0,42,5,6,4,6,3,0,4,0,0,25,8,9,4,15,6,27,6,10,0,87,550,564,634,886,423,571,654,445,117,4850,0,9,3,8,4,13,9,3,0,51,0,0,0,0,0,0,0,0,0,0,0,0,0,0,4,3,0,0,0,10,0,0,0,0,0,0,0,0,0,7,0,0,0,0,0,0,0,0,0,4,0,0,0,0,0,3,0,0,0,5,0,8,5,15,9,17,8,9,0,79
213031348,28,120,47,82,70,26,14,76,6,474,6,21,15,13,11,18,0,29,6,121,0,0,0,0,0,0,0,0,0,0,5,4,8,4,3,6,3,0,0,36,4,17,0,9,3,0,4,9,7,47,773,2512,788,1066,787,340,364,490,144,7264,29,90,45,57,45,73,25,85,14,465,4,0,6,0,0,0,22,5,0,41,6,10,7,3,0,0,5,6,0,42,13,80,13,13,9,3,6,4,0,151,10,26,6,11,14,0,5,3,9,83,44,110,28,51,32,41,10,46,5,362,920,2988,960,1316,977,518,453,752,195,9086,5,28,16,20,19,9,9,22,3,130,0,0,0,0,0,0,0,0,0,0,3,13,5,15,3,0,4,4,4,44,3,23,4,9,9,6,0,4,0,57,4,9,0,0,3,5,0,0,0,17,0,8,0,9,0,0,0,0,0,21,14,84,21,50,30,20,13,37,7,278
213031349,0,0,11,13,0,11,6,4,0,43,6,5,7,23,4,64,0,25,4,130,0,0,0,0,0,0,0,0,0,0,9,4,7,15,4,29,5,10,0,77,0,3,0,6,0,3,0,3,0,23,444,258,276,313,245,1065,110,237,50,3000,21,16,15,39,11,173,3,44,9,336,0,0,3,0,0,0,7,0,0,20,0,4,0,0,0,0,0,0,0,12,9,4,3,0,0,5,4,6,0,20,0,5,0,0,3,0,5,4,0,20,17,10,9,20,5,33,4,11,0,113,510,307,324,429,283,1374,151,347,63,3797,0,3,3,6,10,15,3,10,0,47,0,0,0,0,0,0,0,0,0,0,5,5,0,3,0,12,0,6,0,30,0,0,0,0,0,0,0,0,0,6,0,0,0,0,0,0,0,0,0,0,0,0,0,0,0,0,0,0,0,0,3,7,5,10,6,30,8,15,6,84
213031350,0,0,11,9,0,5,0,8,0,32,0,0,0,0,0,0,0,7,0,8,0,0,0,0,0,0,0,0,0,0,0,0,0,0,0,0,0,0,0,0,0,0,5,0,0,0,0,0,0,8,86,92,98,154,52,49,26,54,8,611,4,5,3,6,0,9,0,11,0,37,0,0,0,0,0,0,0,0,0,0,0,0,0,0,0,0,0,0,0,4,7,7,3,8,0,3,0,0,0,26,0,0,0,4,0,0,0,0,0,7,9,9,14,30,10,13,0,11,0,94,104,119,139,210,55,76,29,87,8,834,0,9,0,0,6,0,0,0,0,13,0,0,0,0,0,0,0,0,0,0,0,0,0,0,0,0,0,0,0,0,0,0,0,0,0,0,0,0,0,0,0,0,0,0,0,0,0,0,0,3,0,0,0,0,0,0,0,0,0,3,0,7,5,0,5,0,0,0,0,19
213031351,5,12,10,6,10,6,17,24,0,95,0,9,8,5,0,0,6,5,3,38,0,0,0,0,0,0,0,0,0,0,0,0,0,0,0,0,0,0,0,0,0,0,0,0,0,0,3,3,0,9,538,287,623,157,440,224,1133,683,99,4194,7,10,20,8,22,10,49,68,4,200,8,0,3,0,6,0,30,3,0,51,5,4,0,0,0,0,13,0,0,26,3,0,8,7,0,4,5,4,0,34,0,0,0,0,0,0,3,0,0,13,8,4,12,19,3,20,3,10,0,83,587,335,682,211,489,270,1263,814,113,4745,0,0,8,0,0,0,4,13,4,34,0,0,0,0,0,0,0,0,0,0,0,0,0,0,0,0,0,0,0,6,0,0,3,5,0,0,0,0,0,11,0,0,0,0,0,0,0,0,0,4,0,0,0,0,0,0,0,0,0,3,0,4,16,10,5,0,9,18,4,58
213031352,6,19,30,22,5,14,0,33,0,134,0,0,0,12,4,8,0,6,0,26,0,0,0,0,0,0,0,0,0,0,0,0,0,0,0,0,0,4,0,8,0,0,3,4,0,0,3,4,0,16,453,438,660,314,225,221,310,326,55,3007,11,12,17,28,10,48,3,59,0,199,0,0,5,0,0,0,18,9,0,31,3,0,4,0,0,0,3,3,0,19,12,14,3,8,4,8,3,9,0,58,4,8,4,0,4,0,4,4,0,28,23,19,17,37,15,40,6,34,0,197,516,523,747,424,262,346,355,487,54,3720,0,0,4,8,0,12,0,4,0,32,0,0,0,0,0,0,0,0,0,0,0,0,3,4,0,3,0,0,0,17,0,3,0,4,4,0,0,0,0,13,0,0,0,0,0,0,0,0,0,4,0,0,0,3,0,0,0,0,0,9,7,8,9,15,3,11,0,10,0,72
213041353,0,11,9,4,4,0,0,6,0,30,0,0,0,11,0,5,5,0,0,16,0,0,0,0,0,0,0,0,0,0,0,0,0,0,0,0,0,0,0,0,0,0,0,0,0,0,0,0,0,0,384,765,727,694,410,347,405,428,65,4223,19,22,74,42,9,102,15,112,6,402,6,0,10,0,3,0,27,7,0,56,0,0,3,0,0,0,3,0,0,11,0,0,4,0,0,0,3,4,0,11,0,10,0,0,6,0,0,0,0,24,26,20,24,25,23,21,3,20,4,162,436,821,855,773,446,483,462,581,81,4938,0,0,0,0,0,0,0,0,0,9,0,0,0,0,0,0,0,0,0,0,0,0,0,0,0,0,0,0,0,0,0,0,0,0,0,0,0,0,0,4,0,0,0,0,0,0,0,0,0,6,0,0,0,0,0,0,0,0,0,0,0,0,4,0,0,0,4,6,0,10
213041358,0,0,0,0,0,0,0,0,0,3,0,0,3,5,0,23,0,16,0,50,0,0,0,0,0,0,0,0,0,0,0,0,0,0,0,0,0,0,0,0,0,0,0,0,0,3,0,0,0,13,215,463,223,328,140,451,109,195,35,2159,11,8,35,23,3,161,3,65,8,310,3,0,0,0,0,0,5,4,0,12,0,0,0,0,0,0,0,0,0,0,0,0,0,0,0,0,0,3,0,5,4,0,3,0,0,3,3,0,0,19,4,5,7,13,6,16,0,10,0,53,234,478,270,376,148,658,124,294,36,2623,0,0,0,0,0,0,0,0,0,8,0,0,0,0,0,0,0,0,0,0,0,0,0,0,0,0,0,0,0,0,0,0,0,0,0,0,0,0,0,0,0,0,0,0,0,0,0,0,0,0,0,0,0,0,0,0,0,0,0,0,0,0,0,0,0,0,0,0,0,5
213041359,0,0,6,0,5,3,19,17,6,61,0,0,7,3,0,3,4,5,0,24,0,0,0,0,0,0,0,0,0,3,0,0,0,0,0,0,0,0,0,3,0,0,0,0,0,4,26,6,0,40,889,770,1638,1372,965,429,1737,751,170,8716,20,16,96,40,44,84,138,133,16,582,4,0,19,0,0,4,46,16,3,103,3,0,0,5,0,8,10,0,0,29,0,4,4,0,0,3,5,0,0,22,8,4,14,0,8,0,18,5,3,56,11,0,6,3,6,3,0,4,4,46,947,795,1797,1430,1033,541,2004,930,200,9684,0,4,0,0,0,3,7,8,0,21,0,0,0,0,0,0,0,0,0,0,0,0,0,0,0,0,0,0,0,0,0,0,0,3,0,0,4,4,0,7,0,5,0,0,0,0,0,6,0,12,0,0,4,0,3,0,4,0,0,12,0,8,4,4,5,9,7,13,0,54
213041360,0,0,0,0,0,0,0,0,0,4,0,0,0,0,3,7,0,6,0,12,0,0,0,0,0,0,0,0,0,0,0,0,0,0,0,0,0,0,0,0,0,0,0,0,0,0,4,0,0,8,101,234,119,172,49,125,75,104,15,998,8,11,10,13,5,78,0,55,0,188,0,0,5,0,0,0,6,0,0,20,0,0,0,0,0,0,0,0,0,0,0,3,0,0,0,0,0,0,0,5,0,0,0,4,4,0,0,0,0,15,4,3,0,5,3,3,0,5,0,24,120,254,141,201,65,213,80,178,23,1270,0,0,0,3,0,0,0,0,0,8,0,0,0,0,0,0,0,0,0,0,0,0,0,0,0,0,0,0,0,0,0,0,3,0,0,0,0,0,0,5,0,0,0,0,0,0,0,0,0,0,0,0,0,0,0,0,0,0,0,0,0,0,3,6,0,0,0,0,0,7
213041461,0,0,0,3,0,0,0,0,0,3,0,0,0,4,0,10,0,3,0,15,0,0,0,0,0,0,0,0,0,0,0,0,0,0,0,0,0,0,0,0,0,0,0,0,0,0,0,4,0,7,33,48,38,98,14,56,16,67,5,380,0,5,3,8,4,39,0,39,0,93,0,0,0,0,0,0,4,0,0,10,0,0,0,0,0,0,0,0,0,0,0,0,0,0,0,0,0,0,0,0,0,0,0,0,0,0,0,0,0,0,0,0,0,3,0,0,0,4,0,4,37,56,46,110,18,100,26,107,8,508,0,0,0,0,0,0,0,0,0,0,0,0,0,0,0,0,0,0,0,0,0,0,0,0,0,0,0,0,0,0,0,0,0,0,0,0,0,0,0,0,0,0,0,0,0,0,0,0,0,0,0,0,0,0,0,0,0,0,0,0,0,0,0,0,0,0,0,0,0,0
213041462,0,0,0,0,0,0,0,0,0,0,0,0,0,0,0,0,0,0,0,5,0,0,0,0,0,0,0,0,0,0,0,0,0,0,0,0,0,0,0,0,0,0,0,0,0,0,0,0,0,0,20,50,23,74,17,0,17,19,5,226,0,0,4,4,0,0,0,3,0,8,0,0,0,0,0,0,8,0,0,6,0,0,0,0,0,0,0,0,0,0,0,0,0,0,0,0,0,0,0,0,0,3,0,0,0,0,0,0,0,6,0,0,0,4,0,0,0,0,0,3,20,60,26,84,18,3,20,22,5,264,0,0,0,0,0,0,0,0,0,0,0,0,0,0,0,0,0,0,0,0,0,0,0,0,0,0,0,0,0,0,0,0,0,0,0,0,0,0,0,0,0,0,0,0,0,0,0,0,0,0,0,0,0,0,0,0,0,0,0,0,0,0,0,0,0,0,0,0,0,0
213041463,0,0,0,0,0,0,0,5,0,9,0,0,3,4,0,14,0,6,3,36,0,0,0,0,0,0,0,0,0,0,0,0,0,0,0,0,0,0,0,0,0,0,0,0,0,3,4,0,0,7,172,359,223,324,150,258,77,167,22,1752,8,8,20,46,8,78,5,56,4,230,5,0,0,0,0,0,8,5,0,17,0,0,0,0,0,0,0,0,0,5,0,0,5,0,0,0,0,0,0,9,3,5,3,0,3,5,6,0,0,27,0,11,0,6,7,13,0,11,0,49,190,385,252,384,167,379,99,247,33,2137,0,0,0,8,0,0,0,3,0,14,0,0,0,0,0,0,0,0,0,0,0,0,0,0,0,0,0,0,0,0,0,0,0,0,0,0,0,0,0,0,0,0,0,0,0,0,0,0,0,0,0,0,0,0,0,0,0,0,0,0,0,6,0,8,0,0,0,3,0,15
213041571,0,0,0,0,0,0,0,0,0,0,0,0,0,0,0,0,0,0,0,0,0,0,0,0,0,0,0,0,0,0,0,0,0,0,0,0,0,0,0,0,0,0,0,0,0,0,6,0,0,10,15,60,52,92,13,7,31,26,0,307,0,0,3,10,0,0,0,0,0,15,5,0,3,0,0,0,3,0,0,11,0,0,0,0,0,0,0,0,0,0,0,0,0,0,0,0,0,0,0,0,0,4,0,0,0,0,0,0,0,7,3,0,0,6,0,0,0,0,0,12,15,63,65,108,17,7,43,35,0,358,0,0,0,0,0,0,0,0,0,0,0,0,0,0,0,0,0,0,0,0,0,0,0,0,0,0,0,0,0,0,0,0,0,0,0,0,0,0,0,0,0,0,0,0,0,0,0,0,0,0,0,0,0,0,0,0,0,0,0,0,0,0,0,0,0,0,0,0,0,0
213041572,0,0,0,0,0,0,0,4,0,3,0,0,0,3,0,0,0,0,0,3,0,0,0,0,0,0,0,0,0,0,0,0,0,0,0,0,0,0,0,0,0,0,0,0,0,0,4,0,0,3,93,49,161,75,47,45,167,173,18,827,0,0,12,7,3,12,10,23,0,69,0,0,6,0,0,0,11,3,0,22,0,0,0,0,0,0,0,0,0,0,0,0,0,0,0,0,0,0,0,4,0,0,0,0,0,0,3,5,0,12,0,0,5,4,0,0,0,0,0,13,94,53,179,88,54,65,198,207,18,962,0,0,0,0,0,0,0,0,0,0,0,0,0,0,0,0,0,0,0,0,0,0,0,0,0,0,0,0,0,0,0,0,0,0,0,0,0,0,0,3,0,0,0,0,0,0,0,0,0,0,0,0,0,0,0,0,0,0,0,0,0,0,0,0,0,3,0,0,0,7
213041573,0,0,0,0,0,0,0,0,0,0,0,0,0,0,0,0,0,0,0,0,0,0,0,0,0,0,0,0,0,0,0,0,0,0,0,0,0,0,0,0,0,0,0,0,0,0,0,0,0,0,16,27,43,34,10,6,19,12,3,160,0,0,7,3,0,0,0,0,0,11,0,0,0,0,0,0,0,5,0,3,0,0,0,0,0,0,0,0,0,0,0,0,0,0,0,0,0,0,0,4,0,0,0,0,0,0,0,0,0,0,0,0,6,4,0,0,0,0,0,10,20,29,48,45,9,7,15,16,3,187,0,0,0,0,0,0,0,0,0,0,0,0,0,0,0,0,0,0,0,0,0,0,0,0,0,0,0,0,0,0,0,0,0,0,0,0,0,0,0,0,0,0,0,0,0,0,0,0,0,0,0,0,0,0,0,0,0,0,0,0,0,0,0,0,0,0,0,0,0,0
213041574,0,3,0,0,0,0,0,0,0,7,0,0,0,0,0,0,0,0,0,4,0,0,0,0,0,0,0,0,0,0,0,0,0,0,0,0,0,0,0,0,0,0,0,0,0,0,3,0,0,4,49,58,195,28,25,32,86,88,11,564,0,0,11,6,7,0,0,10,0,29,0,0,5,0,0,0,12,8,0,22,0,0,0,0,0,0,0,0,0,5,0,0,0,0,0,0,0,0,0,0,6,0,0,0,0,0,0,0,6,9,0,10,0,0,0,0,0,3,0,20,51,73,215,37,33,30,103,100,17,660,0,0,0,0,0,0,0,0,0,0,0,0,0,0,0,0,0,0,0,0,0,0,0,0,0,0,0,0,0,0,0,0,0,0,0,0,0,0,0,0,0,0,0,0,0,0,0,0,0,0,0,0,0,0,0,0,0,0,0,0,0,0,0,0,0,0,0,0,0,0
213041575,0,0,0,3,0,0,0,0,0,6,0,0,4,5,0,0,0,0,0,9,0,0,0,0,0,0,0,0,0,0,0,0,0,0,0,0,0,0,0,0,0,0,0,3,0,0,0,0,0,0,57,140,137,196,60,29,52,58,13,746,3,8,24,8,6,11,0,13,0,76,3,0,3,0,0,0,12,4,0,20,0,0,0,0,0,0,0,0,0,0,0,0,0,0,0,0,0,0,0,0,0,8,0,5,0,0,0,4,0,17,0,0,0,0,7,0,0,6,0,16,63,152,170,219,76,45,66,84,13,902,0,0,0,0,0,0,0,0,0,6,0,0,0,0,0,0,0,0,0,0,0,0,0,0,0,0,0,0,0,0,0,0,0,0,0,0,0,0,0,0,0,0,0,0,0,0,0,0,0,0,0,0,0,0,0,0,0,0,0,0,0,0,0,0,0,0,0,0,0,7
213041576,0,0,0,0,0,0,0,0,0,0,0,0,0,0,0,0,0,0,0,3,0,0,0,0,0,0,0,0,0,0,0,0,0,0,0,0,0,0,0,0,0,0,0,0,0,0,0,0,0,0,51,143,108,116,29,11,79,79,7,613,0,3,11,15,0,0,0,9,0,40,3,0,0,0,0,0,18,9,0,31,0,0,0,0,0,0,0,0,0,0,0,0,0,0,0,0,0,0,0,0,4,0,0,0,0,0,0,0,0,7,8,0,3,3,7,0,0,0,0,19,58,148,129,136,29,16,95,97,8,717,0,0,0,0,0,0,0,0,0,0,0,0,0,0,0,0,0,0,0,0,0,0,0,0,0,0,0,0,0,0,0,0,0,0,0,0,0,0,0,0,0,0,0,0,0,0,0,0,0,0,0,0,0,0,0,0,0,0,0,0,0,0,0,0,0,0,0,0,0,0
213041577,0,5,0,0,0,0,0,3,0,11,0,0,9,4,0,17,0,13,0,41,0,0,0,0,0,0,0,0,0,3,0,0,0,0,0,0,0,0,0,0,0,0,4,0,0,4,3,3,0,14,381,422,661,539,438,545,277,347,86,3701,14,15,48,48,22,150,13,81,11,415,8,0,0,0,0,0,13,0,0,26,0,0,9,0,5,0,0,0,0,11,0,0,0,0,3,0,0,7,0,11,0,8,4,4,5,4,0,0,0,27,3,0,10,9,8,11,0,11,0,50,402,457,743,603,476,733,313,468,99,4298,0,0,3,0,0,3,0,0,0,13,0,0,0,0,0,0,0,0,0,0,0,0,0,0,0,0,0,0,0,0,0,0,0,0,0,0,0,0,0,0,0,0,0,0,0,0,0,0,0,0,0,0,0,0,0,0,0,0,0,0,0,0,3,0,3,3,0,0,0,9
213041578,0,11,6,3,0,0,0,0,0,15,0,0,0,5,0,3,0,3,0,15,0,0,0,0,0,0,0,0,0,0,0,0,0,0,0,0,0,0,0,0,0,0,0,0,0,0,0,0,0,0,97,271,168,317,66,108,82,114,22,1238,10,4,12,34,3,34,4,37,6,143,3,0,0,0,0,0,9,0,0,11,0,0,0,0,0,0,0,0,0,4,0,0,0,0,0,0,0,0,0,5,5,0,0,0,0,0,0,0,4,10,0,0,3,12,3,12,0,3,0,31,111,294,192,362,72,158,102,164,30,1483,0,0,0,0,0,0,0,0,0,3,0,0,0,0,0,0,0,0,0,0,0,0,0,0,0,0,0,0,0,0,0,0,0,0,0,0,0,0,0,0,0,0,0,0,0,0,0,0,0,0,0,0,0,0,0,0,0,0,0,0,0,0,0,0,0,0,0,5,0,6
213051361,0,3,6,0,0,4,0,4,0,22,3,0,6,8,5,20,3,19,3,66,0,0,0,0,0,0,0,0,0,4,0,0,0,0,0,0,0,0,0,0,3,0,0,3,4,11,9,9,0,42,705,413,1180,359,649,867,685,467,99,5417,30,25,63,52,35,194,49,127,14,577,3,0,9,0,4,0,37,9,3,63,0,3,8,0,8,3,3,3,0,31,4,8,12,3,5,3,3,8,0,39,4,3,10,7,14,0,5,3,3,56,6,9,7,9,9,10,0,3,0,52,744,466,1297,440,726,1118,795,661,124,6370,0,4,3,3,0,5,0,3,0,31,0,0,0,0,0,0,0,0,0,0,0,0,0,0,0,0,0,0,0,0,0,0,0,0,0,0,0,0,0,9,0,0,0,0,0,0,0,0,0,4,0,6,0,0,0,0,0,0,0,10,3,8,9,5,0,8,0,6,0,41
213051362,0,0,4,0,0,6,0,4,0,20,0,3,7,18,3,37,0,28,4,105,0,0,0,0,0,0,0,0,0,0,0,0,0,0,0,0,0,0,0,0,5,0,5,6,0,4,6,0,0,23,275,417,207,400,217,556,111,238,35,2457,6,12,25,52,14,175,14,50,4,362,0,0,0,0,0,0,10,0,0,11,0,0,4,0,0,3,0,0,0,6,0,3,5,0,0,0,0,3,0,12,0,0,6,0,0,3,0,0,0,21,5,12,9,13,3,11,4,14,0,74,298,455,260,494,238,804,140,337,46,3086,7,4,3,0,0,15,0,4,0,28,0,0,0,0,0,0,0,0,0,0,0,0,0,0,0,0,0,0,0,0,0,0,0,0,0,0,0,0,0,3,0,0,0,0,0,0,0,0,0,0,0,0,0,0,0,0,0,0,0,4,5,8,3,3,0,15,0,6,0,35
213051363,9,16,16,11,13,10,13,19,0,104,0,0,6,9,7,8,13,18,4,66,0,0,0,0,0,0,0,0,0,3,0,0,0,0,0,0,0,0,0,3,3,3,0,0,6,3,28,8,4,55,1785,1059,2125,506,1793,618,5292,2021,402,15603,30,35,95,40,62,59,280,230,25,858,4,0,24,0,7,0,116,21,3,186,8,3,13,0,3,4,31,13,0,71,5,3,4,6,5,8,19,12,0,53,11,7,8,4,9,3,9,8,3,65,6,11,3,16,6,7,6,11,3,61,1851,1141,2299,586,1917,715,5804,2364,447,17129,3,3,7,5,7,5,19,12,0,67,0,0,0,0,0,0,0,0,0,0,0,5,0,0,0,0,0,3,0,7,0,9,0,0,0,0,0,5,0,14,0,0,0,6,0,0,0,0,0,3,0,0,0,4,3,0,10,0,0,20,4,18,13,12,9,12,34,19,0,114
213051368,6,39,10,10,4,3,0,3,0,77,5,17,16,27,3,20,0,23,0,120,0,0,0,0,0,0,0,0,0,0,0,0,0,0,0,0,0,0,0,0,4,4,0,10,0,0,0,8,0,29,769,2085,942,1212,818,389,392,639,113,7352,54,67,48,69,39,116,20,162,9,585,0,0,7,0,0,0,17,4,0,34,4,0,4,6,0,0,6,0,0,23,5,13,15,10,0,4,0,6,0,63,4,13,5,3,10,3,9,3,5,51,41,31,24,26,13,12,11,15,3,174,893,2257,1063,1382,894,555,446,874,145,8508,0,9,6,4,3,3,0,9,0,35,0,0,0,0,0,0,0,0,0,0,0,0,0,6,0,0,0,0,0,4,0,0,4,3,0,0,0,0,0,11,0,0,0,0,0,0,0,0,0,5,0,4,0,0,0,0,0,0,0,4,0,11,7,12,10,4,3,5,0,55
213051464,3,0,0,0,0,0,0,0,0,8,0,0,0,5,0,0,0,0,0,3,0,0,0,0,0,0,0,0,0,0,0,0,0,0,0,0,0,0,0,0,0,0,0,0,0,0,6,0,0,11,71,124,120,205,55,23,49,61,16,725,3,10,13,20,0,8,4,10,0,71,0,0,3,0,0,0,3,0,3,8,0,0,0,0,0,0,0,3,0,9,0,3,0,4,0,0,0,5,0,11,6,0,0,0,0,0,3,0,0,14,5,8,3,14,0,0,0,7,0,38,92,151,146,246,61,32,70,87,21,892,0,0,0,0,0,0,0,0,0,4,0,0,0,0,0,0,0,0,0,0,0,0,0,0,0,0,0,0,0,0,0,3,0,0,0,0,0,0,0,0,0,0,0,0,0,0,0,0,0,0,0,0,0,0,0,0,0,0,0,0,3,3,0,0,0,0,0,0,0,3
213051466,0,0,0,0,0,0,0,0,0,0,0,0,0,5,0,0,0,3,0,12,0,0,0,0,0,0,0,0,0,0,0,0,0,0,0,0,0,0,0,0,0,0,0,0,3,0,0,0,0,6,80,210,83,142,42,99,56,75,17,811,4,8,8,15,4,18,4,16,6,79,0,0,0,0,0,0,7,0,0,3,0,0,0,0,0,0,0,0,0,3,0,0,0,6,0,0,0,0,0,6,3,0,3,4,0,0,0,0,0,8,3,10,8,3,0,9,0,8,4,39,95,225,103,179,50,125,71,106,23,978,0,0,0,5,0,0,0,0,0,6,0,0,0,0,0,0,0,0,0,0,0,0,0,0,0,0,0,0,0,0,0,0,0,0,0,0,0,0,0,0,0,0,0,0,0,0,0,0,0,0,0,0,0,0,0,0,0,0,0,0,0,0,0,5,0,0,0,0,0,7
213051467,0,0,0,8,0,0,0,6,0,9,0,0,0,3,0,0,0,3,0,14,0,0,0,0,0,0,0,0,0,0,0,0,0,0,0,0,0,0,0,0,0,0,0,5,0,0,0,0,0,14,96,359,200,323,126,91,57,89,24,1366,3,16,11,36,9,10,0,23,0,113,0,0,0,0,0,0,9,4,0,18,0,0,0,0,0,0,0,0,0,3,0,4,0,0,0,0,0,0,0,8,0,5,5,0,4,0,0,0,0,17,0,5,0,4,0,0,0,13,0,27,100,387,224,381,141,109,70,144,25,1585,0,5,0,0,3,4,0,0,0,10,0,0,0,0,0,0,0,0,0,0,0,0,0,0,4,0,0,0,0,0,0,0,0,0,0,0,0,0,0,0,0,0,0,0,0,0,0,0,0,0,0,0,0,0,0,0,0,0,0,0,0,5,0,0,4,4,0,0,0,13
213051468,0,0,0,0,0,0,0,0,0,7,0,0,0,0,0,0,0,0,0,8,0,0,0,0,0,0,0,0,0,3,0,0,0,0,0,0,0,0,0,0,0,0,0,3,0,4,3,0,0,14,111,135,300,210,53,62,130,156,21,1170,0,3,20,24,3,17,0,26,9,105,6,0,5,0,0,0,9,3,3,24,0,0,0,0,0,0,0,0,0,3,0,0,0,0,0,0,0,0,0,0,5,0,0,3,0,0,0,0,0,7,7,0,3,16,4,5,0,3,0,38,126,139,332,253,56,90,146,195,26,1368,0,3,0,0,0,0,0,0,0,10,0,0,0,0,0,0,0,0,0,0,0,0,0,0,0,0,0,0,0,0,0,0,0,0,0,0,0,0,0,0,0,0,0,0,0,0,0,0,0,0,0,0,0,0,0,0,0,0,0,0,0,0,4,0,0,0,0,0,0,12
213051579,0,13,0,7,0,0,0,4,0,24,0,0,0,0,0,0,0,0,0,3,0,0,0,0,0,0,0,0,0,0,0,0,0,0,0,0,0,0,0,0,0,0,0,0,0,0,0,0,0,0,21,142,54,108,22,5,31,33,9,424,0,3,6,3,0,0,0,0,7,25,0,0,0,0,0,0,0,4,0,3,0,0,0,0,0,0,0,0,0,0,0,5,0,0,0,0,0,0,0,8,0,0,5,0,0,0,4,0,0,5,0,0,0,6,0,0,0,0,0,11,27,170,61,123,24,6,37,52,12,508,0,0,0,0,0,0,0,0,0,6,0,0,0,0,0,0,0,0,0,0,0,0,0,0,0,0,0,0,0,0,0,4,0,0,0,0,0,0,0,6,0,0,0,0,0,0,0,0,0,0,0,0,0,0,0,0,0,0,0,0,0,4,0,6,0,0,0,0,0,7
213051580,5,4,0,3,0,0,0,0,3,22,0,3,0,15,5,26,3,14,0,68,0,0,0,0,0,0,0,0,0,0,0,0,0,0,0,0,0,0,0,0,0,0,5,5,0,3,4,5,0,17,373,408,357,336,244,524,100,224,34,2597,11,16,37,67,17,204,10,80,10,451,3,0,3,0,0,0,4,0,0,19,0,0,0,0,0,0,0,4,0,9,5,5,0,0,0,10,0,14,0,33,5,4,0,6,9,5,0,7,0,31,7,7,0,18,7,40,0,19,0,101,407,447,414,448,281,815,117,364,47,3336,0,6,4,0,0,3,0,6,0,20,0,0,0,0,0,0,0,0,0,0,0,0,0,0,0,0,0,0,0,0,0,0,0,4,0,0,0,0,0,3,0,0,0,0,0,0,0,0,0,3,0,0,0,0,0,0,0,0,0,0,0,9,3,6,0,3,0,0,0,33
213051581,0,0,0,0,0,0,0,0,0,0,0,0,0,0,0,5,0,0,0,4,0,0,0,0,0,0,0,0,0,0,0,0,0,0,0,0,0,0,0,0,0,0,0,0,0,0,0,0,0,0,39,137,58,207,34,39,36,33,13,580,0,9,4,17,0,19,0,13,8,76,0,0,0,0,0,0,3,0,0,3,0,0,0,0,0,0,0,0,0,3,0,0,0,3,0,0,0,0,0,3,0,3,0,0,0,0,0,0,0,8,0,4,5,9,0,7,0,3,0,31,43,156,66,242,37,68,40,53,16,719,0,0,0,0,0,0,0,0,0,0,0,0,0,0,0,0,0,0,0,0,0,0,0,0,0,0,0,0,0,0,0,0,0,0,0,0,0,0,0,0,0,0,0,0,0,0,0,0,0,0,0,0,0,0,0,0,0,0,0,0,0,0,0,0,0,0,0,0,0,0
213051582,0,0,0,0,0,0,0,0,0,0,0,0,0,0,0,5,0,0,0,7,0,0,0,0,0,0,0,0,0,0,0,0,0,0,0,0,0,0,0,0,0,0,0,0,0,3,7,0,0,11,32,21,131,70,14,46,107,46,9,473,0,0,9,8,0,25,4,27,0,70,0,0,3,0,0,0,6,0,0,11,0,0,0,0,0,0,0,0,0,0,0,0,0,0,0,0,0,5,0,5,0,0,0,0,0,0,8,0,0,13,3,4,0,5,0,8,0,6,0,26,37,28,146,86,18,82,132,85,9,625,0,0,0,0,0,0,0,0,0,0,0,0,0,0,0,0,0,0,0,0,0,0,0,0,0,0,0,0,0,0,0,0,0,0,0,0,0,0,0,0,0,0,0,0,0,0,0,0,0,0,0,0,0,0,0,0,0,0,0,0,0,0,0,0,0,0,0,0,0,4
213051583,0,4,8,5,0,0,0,0,8,30,0,6,5,5,0,14,0,10,0,33,0,0,0,0,0,0,0,0,0,0,0,0,0,0,0,0,0,0,0,0,4,0,4,4,0,7,12,4,0,45,197,404,176,361,124,272,183,175,34,1932,5,13,9,23,6,88,9,50,6,203,0,0,3,0,3,0,21,9,3,33,0,0,0,0,0,0,0,0,0,0,0,0,0,0,0,3,0,3,0,8,4,5,5,0,0,0,9,3,0,31,3,8,4,30,4,30,0,12,0,91,217,442,208,427,141,430,232,269,50,2418,0,0,0,3,0,4,0,6,0,19,0,0,0,0,0,0,0,0,0,0,0,0,0,0,0,0,0,0,0,7,3,0,0,0,0,0,0,0,0,9,0,0,0,0,0,0,0,0,0,4,0,0,0,0,0,0,0,0,0,0,0,4,0,3,0,9,0,3,0,30
213051584,0,0,0,0,0,0,0,0,0,3,0,0,0,0,0,0,0,0,0,0,0,0,0,0,0,0,0,0,0,0,0,0,0,0,0,0,0,0,0,0,0,0,0,0,0,0,4,0,0,0,22,14,98,5,18,28,90,47,9,333,0,0,17,0,0,7,4,7,0,36,0,0,0,0,0,0,0,6,0,10,0,0,0,0,0,0,0,0,0,0,0,0,0,0,0,0,0,0,0,0,0,0,0,0,0,0,4,0,0,9,0,0,0,0,0,0,0,0,0,0,22,13,116,12,18,37,104,63,9,390,0,0,0,0,0,0,0,0,0,0,0,0,0,0,0,0,0,0,0,0,0,0,0,0,0,0,0,0,0,0,0,0,0,0,0,0,0,0,0,0,0,0,0,0,0,0,0,0,0,0,0,0,0,0,0,0,0,0,0,3,0,0,0,0,0,0,0,0,0,3
213051585,0,0,0,0,0,0,0,0,0,3,0,0,3,4,0,0,0,5,0,14,0,0,0,0,0,0,0,0,0,0,0,0,0,0,0,0,0,0,0,0,3,0,0,0,0,0,3,0,0,10,38,148,82,142,35,52,67,59,15,640,5,5,4,11,0,17,0,10,0,48,0,0,4,0,0,0,10,0,0,11,0,0,0,0,0,0,0,0,0,0,0,0,0,0,0,0,0,0,0,0,0,0,0,0,3,0,0,0,0,6,0,0,0,8,0,4,5,4,0,28,45,163,93,169,41,76,88,76,15,763,0,0,0,0,0,0,0,0,0,5,0,0,0,0,0,0,0,0,0,0,0,0,0,0,0,0,0,0,0,0,0,0,0,0,0,0,0,0,0,0,0,0,0,0,0,0,0,0,0,0,0,0,0,0,0,0,0,0,0,0,0,0,0,0,0,0,0,0,0,8
213051586,0,0,0,0,6,0,4,3,0,17,3,0,4,3,5,0,14,5,0,40,0,0,0,0,0,0,0,0,0,4,0,0,0,0,0,0,0,0,0,0,8,0,0,5,0,5,34,17,0,65,905,430,1126,567,1030,276,4270,951,231,9783,19,14,53,21,48,24,285,145,30,637,5,0,3,0,10,0,73,14,5,114,0,0,9,3,0,0,17,0,0,37,0,0,0,0,0,0,3,3,0,16,8,0,4,0,20,0,20,10,0,58,4,0,0,4,0,0,0,5,0,18,947,445,1201,603,1121,307,4731,1160,265,10783,0,0,3,0,4,0,9,9,0,22,0,0,0,0,0,0,0,0,0,0,0,0,0,0,0,0,0,0,0,0,0,0,4,4,4,0,4,0,0,13,0,0,0,0,0,0,4,4,0,12,0,0,0,0,0,0,4,0,0,8,0,3,7,4,7,0,17,13,3,60
213051587,0,0,0,0,0,0,0,7,0,7,0,0,0,3,0,3,0,0,0,4,0,0,0,0,0,0,0,0,0,0,0,0,0,0,0,0,0,0,0,0,0,0,0,0,0,3,9,5,0,18,72,82,71,101,81,35,343,43,15,839,0,6,4,8,9,24,32,24,6,113,0,0,0,0,0,0,16,0,0,20,0,0,5,0,0,0,0,0,0,4,0,0,0,0,0,0,0,0,0,3,3,0,0,0,3,0,3,0,0,8,0,0,0,7,0,0,0,0,0,11,74,83,79,126,96,65,409,75,19,1027,0,0,0,5,0,0,0,0,0,3,0,0,0,0,0,0,0,0,0,0,0,0,0,0,0,0,0,0,0,0,0,0,0,0,0,0,0,0,0,0,0,0,0,0,0,0,0,0,0,0,0,0,0,0,0,0,0,0,0,0,0,0,0,5,0,0,0,0,0,5
213051588,0,6,0,0,3,0,0,4,0,12,0,0,0,7,0,0,0,5,0,10,0,0,0,0,0,0,0,0,0,0,0,0,0,0,0,0,0,0,0,0,0,0,0,5,0,0,5,0,0,21,66,302,116,210,64,17,142,88,13,1030,4,9,6,25,6,18,0,8,0,79,0,0,7,0,0,0,12,5,0,18,0,0,0,0,0,0,0,0,0,0,0,0,0,4,0,0,0,0,0,5,0,9,0,4,0,0,4,0,0,31,3,5,6,15,0,0,0,0,5,33,85,342,141,261,76,37,167,111,19,1233,0,4,4,9,0,0,0,0,0,10,0,0,0,0,0,0,0,0,0,0,0,0,0,0,0,0,0,0,0,0,0,0,0,0,0,0,0,0,0,0,0,0,0,0,0,0,0,0,0,0,0,0,0,0,0,0,0,0,0,0,0,4,4,9,0,0,0,0,0,9
213051589,0,0,0,0,0,0,0,0,0,4,3,0,0,4,0,0,0,4,0,12,0,0,0,0,0,0,0,0,0,0,0,0,0,0,0,0,0,0,0,0,0,0,0,0,0,0,0,0,0,8,32,60,64,114,27,20,45,40,9,408,3,0,3,13,0,13,0,15,4,61,0,0,3,0,0,0,6,0,0,8,0,0,0,0,0,0,0,0,0,0,0,0,0,0,0,0,0,0,0,3,0,0,0,0,0,0,0,0,0,10,7,0,0,3,0,3,0,3,0,23,48,71,76,140,27,39,53,68,12,526,0,0,0,0,0,0,0,0,0,0,0,0,0,0,0,0,0,0,0,0,0,0,0,0,0,0,0,0,0,0,0,0,0,0,0,0,0,0,0,0,0,0,0,0,0,0,0,0,0,0,0,0,0,0,0,0,0,0,0,0,0,3,0,0,0,0,0,0,0,6
213051590,3,0,0,0,0,3,0,3,0,15,0,0,3,9,0,7,0,5,0,28,0,0,0,0,0,0,0,0,0,0,0,0,0,0,0,0,0,0,0,0,0,0,0,0,0,5,0,4,0,11,70,124,83,154,40,144,44,68,12,738,0,4,12,20,4,69,9,36,4,167,3,0,3,0,0,0,3,0,0,9,0,0,0,0,0,0,0,0,0,3,0,0,0,0,0,6,0,0,0,5,0,0,0,0,0,4,4,4,0,19,4,0,0,8,0,22,5,12,0,47,81,133,104,197,49,260,68,128,16,1034,0,0,0,0,0,0,0,0,0,4,0,0,0,0,0,0,0,0,0,0,0,0,0,0,0,0,0,0,0,0,0,0,0,0,0,3,0,0,0,4,0,0,0,0,0,0,0,0,0,0,0,0,0,0,0,0,0,0,0,0,0,0,0,0,0,3,0,0,0,10
214011370,0,4,11,0,4,0,9,3,0,30,0,0,11,12,8,15,17,40,3,107,0,0,3,0,0,0,0,0,0,8,0,0,0,0,0,0,0,0,0,0,4,0,3,6,0,7,0,18,0,38,1534,869,2354,700,1207,838,1021,1284,178,9983,42,24,101,51,39,175,69,230,16,759,8,0,24,0,5,0,39,15,0,101,7,0,15,4,0,3,11,3,0,48,3,0,9,0,5,3,7,9,0,45,8,3,8,6,9,5,5,0,0,36,7,12,7,16,0,23,7,43,3,119,1606,917,2543,802,1273,1089,1187,1645,213,11273,0,0,7,0,0,0,3,13,0,28,0,0,0,0,0,0,0,0,0,0,0,0,0,0,0,0,0,0,0,0,0,0,0,0,0,0,0,0,0,6,0,0,0,0,0,0,0,0,0,4,0,0,0,0,0,0,0,0,0,0,0,3,7,0,6,5,3,17,0,42
214011371,5,10,8,16,12,19,0,9,3,86,9,6,22,27,14,49,0,38,4,168,0,0,0,0,0,0,0,0,6,9,0,0,0,0,0,0,0,0,0,0,4,3,0,7,0,8,5,4,0,32,808,3564,811,1798,1189,1037,211,524,123,10062,35,68,46,77,49,198,9,119,8,612,3,0,12,0,0,3,9,3,0,38,4,6,5,5,0,6,0,0,0,25,5,22,4,13,0,5,0,17,6,70,0,17,3,5,0,6,0,3,3,37,24,87,24,45,35,45,10,31,7,298,895,3799,934,1987,1308,1369,245,747,164,11442,0,8,6,11,3,8,4,6,0,42,0,0,0,0,0,0,0,0,0,0,0,0,0,0,0,0,0,0,0,4,0,3,0,0,0,0,0,0,0,7,0,0,0,0,0,0,0,0,0,0,0,7,0,0,0,0,0,0,0,9,5,14,10,11,4,10,4,6,0,61
214011372,0,0,0,3,0,0,0,4,0,10,0,0,0,13,0,13,0,7,3,42,0,0,0,0,0,0,0,0,0,0,0,0,0,0,0,0,0,0,0,0,0,0,0,4,0,0,0,0,0,8,211,392,307,496,133,317,51,204,21,2125,11,5,20,29,0,73,0,46,6,192,0,0,0,0,0,0,8,0,0,14,0,0,0,0,0,0,0,0,0,0,0,0,4,0,0,0,0,4,0,11,3,0,5,4,0,0,0,0,8,18,0,4,6,9,0,14,0,15,0,47,230,403,346,555,141,426,65,275,38,2474,0,0,0,10,0,3,0,3,0,9,0,0,0,0,0,0,0,0,0,0,0,0,0,0,0,0,0,0,0,0,0,0,0,0,0,0,0,0,0,3,0,0,0,0,0,0,0,0,0,0,0,0,0,0,0,0,0,0,0,0,0,0,0,10,0,3,0,0,0,19
214011373,0,0,0,0,0,0,0,0,0,3,0,0,0,4,0,0,0,9,0,8,0,0,0,0,0,0,0,0,0,0,0,0,0,0,0,0,0,0,0,0,0,0,0,0,0,0,0,0,0,3,114,247,229,423,73,44,20,107,13,1277,9,4,11,20,0,29,5,43,0,116,3,0,4,0,0,0,8,3,0,24,0,0,0,0,0,0,0,0,0,0,0,0,0,4,0,0,0,0,0,8,0,7,0,0,0,0,0,0,0,7,6,11,3,13,3,12,0,5,0,60,142,273,246,458,80,88,38,173,21,1511,0,0,0,0,0,0,0,4,0,9,0,0,0,0,0,0,0,0,0,0,0,0,0,0,0,0,0,0,0,0,0,0,3,0,0,0,0,0,0,4,0,0,0,0,0,0,0,0,0,0,0,0,0,0,0,0,0,0,0,0,0,0,3,0,0,0,0,4,0,12
214011374,0,0,0,0,0,0,0,0,0,0,0,3,4,3,0,7,0,6,0,32,0,0,0,0,0,0,0,0,0,0,0,0,0,0,0,0,0,0,0,0,0,5,0,8,0,0,0,5,0,12,224,825,524,506,310,183,160,322,46,3087,5,30,23,29,7,57,8,63,0,216,12,0,13,0,0,0,18,17,0,59,0,3,0,0,0,0,0,0,0,5,0,0,0,4,0,0,4,0,0,12,0,8,5,3,0,4,0,5,0,25,13,13,3,18,12,9,6,12,0,87,243,884,581,565,330,261,188,427,52,3537,0,4,0,0,0,0,0,0,0,5,0,0,0,0,0,0,0,0,0,0,0,0,0,0,0,0,0,0,0,0,0,0,0,0,0,0,0,0,0,0,0,0,0,0,0,0,0,0,0,0,0,0,0,0,0,0,0,0,0,0,0,3,0,0,0,0,0,0,0,10
214011375,0,3,10,4,6,3,4,11,0,33,0,0,4,11,0,7,0,13,3,47,0,0,0,0,0,0,0,4,0,3,0,0,0,0,0,0,0,0,0,0,0,0,4,0,0,0,0,5,0,19,664,425,1137,469,507,328,470,472,83,4559,16,12,68,35,22,30,7,59,11,256,5,0,11,0,0,0,16,9,4,41,0,0,6,0,4,0,3,3,0,18,7,0,7,0,0,4,7,5,0,36,9,0,4,3,0,0,0,4,3,21,12,9,6,9,6,14,4,8,0,70,714,453,1245,531,550,394,519,584,108,5094,0,0,3,0,0,0,0,4,0,13,0,0,0,0,0,0,0,0,0,0,0,0,0,0,0,0,0,0,0,0,0,0,0,0,0,0,0,0,0,0,0,0,0,0,0,0,0,0,0,0,0,0,0,0,0,0,0,0,0,6,0,0,4,7,4,0,0,4,0,22
214011376,0,0,0,0,0,0,0,0,0,4,0,0,0,0,0,0,0,0,0,4,0,0,0,0,0,0,0,0,0,0,0,0,0,0,0,0,0,0,0,0,0,0,0,0,0,0,0,0,0,0,118,94,172,61,113,37,64,154,16,826,3,0,11,11,5,13,7,31,0,76,0,0,0,0,0,0,7,0,0,15,0,0,0,0,0,0,0,0,0,4,0,0,0,0,0,0,0,0,0,0,3,0,0,6,0,0,0,0,0,8,4,0,4,5,6,0,0,4,0,18,126,96,189,75,125,58,84,196,14,963,0,0,0,0,0,0,0,0,0,0,0,0,0,0,0,0,0,0,0,0,0,0,0,0,0,0,0,0,0,0,0,0,0,0,0,0,0,0,0,0,0,0,0,0,0,0,0,0,0,0,0,0,0,0,0,0,0,0,0,0,0,0,0,0,0,0,0,0,0,0
214021377,0,0,0,0,0,0,0,0,0,0,0,0,3,4,0,5,0,3,0,19,0,0,0,0,0,0,0,0,0,0,0,0,0,0,0,0,0,0,0,0,0,0,0,0,0,0,0,0,0,0,288,268,408,282,158,221,126,272,28,2051,10,3,18,24,4,39,4,30,0,140,0,0,7,0,0,0,4,7,0,20,0,0,0,0,0,0,0,0,0,0,0,0,4,4,0,4,6,4,0,19,3,0,5,0,0,0,0,0,0,11,18,7,14,4,0,6,0,7,4,59,312,279,458,322,165,279,149,329,30,2320,0,0,0,0,0,0,0,0,0,0,0,0,0,0,0,0,0,0,0,0,0,0,0,0,0,0,0,0,0,0,0,0,0,0,0,0,0,0,0,0,0,0,0,0,0,0,0,0,0,0,0,0,0,0,0,0,0,0,0,0,0,0,0,0,0,0,0,0,0,5
214021378,0,0,0,0,0,0,3,0,0,9,0,0,0,0,0,0,0,0,0,0,0,0,0,0,0,0,0,0,0,0,0,0,0,0,0,0,0,0,0,0,0,0,0,0,0,0,0,0,0,0,361,158,490,270,110,81,57,281,29,1833,17,0,19,12,0,17,0,41,0,107,0,0,9,0,0,0,4,0,0,16,0,0,0,0,0,0,0,0,0,4,0,0,0,0,0,0,0,0,0,0,3,0,5,0,0,0,0,0,0,19,46,6,13,6,4,7,7,6,0,101,433,171,533,289,119,106,69,329,33,2088,0,0,0,0,0,0,0,0,0,0,0,0,0,0,0,0,0,0,0,0,0,0,0,0,0,0,0,0,0,0,0,0,0,0,0,0,0,0,0,0,0,0,0,0,0,0,0,0,0,0,0,0,0,0,0,0,0,0,0,0,0,0,0,0,0,0,0,0,0,0
214021379,0,0,0,4,0,0,0,3,0,9,3,0,37,6,0,9,0,4,0,56,0,0,5,0,0,0,0,0,0,5,0,0,0,0,0,0,0,0,0,0,0,3,0,0,0,0,0,0,0,7,645,721,1303,714,394,457,495,599,89,5412,15,5,57,41,9,106,6,74,7,313,6,0,12,0,0,0,15,8,0,42,4,4,6,0,0,0,5,0,0,29,5,7,13,5,0,0,5,9,0,47,11,10,31,63,3,0,3,6,9,138,63,30,397,297,15,34,3,25,13,881,754,786,1848,1140,431,603,541,721,111,6934,0,0,0,0,0,0,0,0,0,0,0,0,0,0,0,0,0,0,0,0,0,0,0,0,0,0,0,0,0,0,0,0,0,0,0,0,0,0,0,0,0,0,0,0,0,0,0,0,0,5,0,0,0,0,0,0,0,0,0,0,0,0,0,0,0,4,0,3,0,8
214021381,0,4,0,0,0,0,0,0,0,4,0,0,0,7,0,4,0,3,0,18,0,0,0,0,0,0,0,0,0,0,0,0,0,0,0,0,0,0,0,0,0,0,0,0,0,0,0,0,0,0,225,460,344,316,180,200,20,166,20,1939,5,10,24,28,5,60,0,50,0,180,0,0,3,0,0,0,0,3,0,12,0,0,0,0,0,0,0,0,0,0,0,0,5,0,0,0,0,0,0,10,4,3,3,0,0,0,0,4,0,15,9,19,8,11,12,11,0,12,0,80,243,492,384,365,191,284,29,241,29,2263,0,0,0,0,0,0,0,0,0,3,0,0,0,0,0,0,0,0,0,0,0,0,0,0,0,0,0,0,0,0,0,0,0,0,0,0,0,0,0,0,0,0,0,0,0,0,0,0,0,0,0,0,0,0,0,0,0,0,0,0,0,0,0,0,0,0,0,0,0,0
214021382,0,0,0,0,0,0,0,0,0,0,0,0,0,9,0,0,0,4,0,13,0,0,0,0,0,0,0,0,0,0,0,0,0,0,0,0,0,0,0,0,0,0,0,0,0,0,0,0,0,0,157,222,346,338,85,80,20,117,28,1394,0,9,24,20,0,17,0,27,0,99,4,0,8,0,4,0,4,4,0,23,0,0,0,0,0,0,0,0,0,6,0,0,0,3,3,0,0,0,0,10,0,0,0,0,0,0,0,0,0,3,3,4,15,18,0,7,0,4,0,53,166,245,392,383,96,105,31,158,26,1601,0,0,0,0,0,0,0,0,0,0,0,0,0,0,0,0,0,0,0,0,0,0,0,0,0,0,0,0,0,0,0,0,0,0,0,0,0,0,0,0,0,0,0,0,0,0,0,0,0,0,0,0,0,0,0,0,0,0,0,0,0,0,0,0,0,0,0,0,0,0
214021383,0,0,0,0,0,0,0,0,0,0,0,0,5,13,0,9,0,4,0,30,0,0,0,0,0,0,0,0,0,0,0,0,0,0,0,0,0,0,0,0,0,0,0,0,0,0,0,0,0,0,359,198,861,368,152,268,57,279,50,2581,9,7,47,38,9,63,4,33,5,199,0,0,14,0,0,0,4,11,0,35,0,0,0,0,0,0,0,0,0,4,4,4,4,6,0,7,0,3,0,24,4,3,0,4,3,0,0,6,4,16,23,10,17,16,8,9,0,13,4,112,403,226,954,444,171,354,60,342,60,3008,0,0,0,0,0,0,0,0,0,0,0,0,0,0,0,0,0,0,0,0,0,0,0,0,0,0,0,0,0,0,0,0,0,0,0,0,0,0,0,0,0,0,0,0,0,0,0,0,0,0,0,0,0,0,0,0,0,0,0,0,0,0,0,0,0,0,0,0,0,3
214021384,0,0,0,0,0,0,0,0,0,3,0,3,9,5,0,14,0,4,0,30,0,0,0,0,0,0,0,0,0,0,0,0,0,0,0,0,0,0,0,0,0,0,0,0,0,6,0,0,0,4,444,682,621,897,403,505,185,339,59,4138,17,17,25,38,11,132,8,81,0,329,3,0,12,0,0,0,15,5,0,42,0,0,6,3,0,0,0,0,0,10,0,6,6,0,6,0,0,3,0,27,0,4,4,0,3,4,0,3,0,27,3,14,14,18,5,22,0,17,0,99,476,728,695,965,431,679,211,457,65,4696,0,0,0,0,0,0,0,0,0,0,0,0,0,0,0,0,0,0,0,0,0,0,0,0,0,0,0,0,0,0,0,0,0,0,0,0,0,0,0,0,0,0,0,0,0,0,0,0,0,0,0,0,0,0,0,0,0,0,0,0,0,0,0,0,0,0,0,0,0,0
214021385,0,5,3,0,0,0,0,3,0,11,0,0,6,10,0,5,0,8,0,19,0,0,0,0,0,0,0,0,0,0,0,0,0,0,0,0,0,0,0,0,0,0,0,0,0,0,0,8,3,10,638,488,985,713,380,406,343,1093,80,5116,44,14,73,46,4,119,24,257,10,588,17,0,15,0,0,0,22,17,0,72,4,0,7,3,0,0,0,3,0,16,0,0,4,3,0,0,0,3,3,18,0,5,8,3,0,0,0,4,0,23,42,11,23,16,6,17,9,25,4,157,742,524,1123,800,393,548,396,1413,101,6041,0,0,0,3,0,0,0,5,0,6,0,0,0,0,0,0,0,0,0,0,0,0,0,0,0,0,0,0,0,0,0,0,0,0,0,0,0,0,0,3,0,0,0,0,0,0,0,0,0,0,0,0,0,0,0,0,0,0,0,0,0,0,0,3,0,0,0,3,0,7
214021591,0,0,0,4,0,0,0,0,0,3,0,0,3,9,0,15,0,7,0,34,0,0,0,0,0,0,0,0,0,0,0,0,0,0,0,0,0,0,0,0,0,4,0,0,0,0,0,0,0,9,620,636,1088,507,483,677,215,467,65,4767,17,12,45,48,16,84,16,86,7,321,0,0,13,0,0,0,11,3,0,33,4,0,4,0,4,0,0,0,0,13,0,4,14,3,0,12,3,3,0,36,0,5,5,0,0,4,0,6,5,21,5,10,9,12,4,22,5,15,3,93,652,672,1185,579,519,816,247,595,74,5338,0,0,0,0,0,0,0,0,0,5,0,0,0,0,0,0,0,0,0,0,0,0,0,0,0,0,0,0,0,0,0,0,0,0,0,0,0,0,0,4,0,0,0,0,0,0,0,0,0,0,0,0,0,0,0,0,0,0,0,0,0,0,0,0,0,0,0,0,0,5
214021592,0,0,0,0,0,0,0,0,0,7,0,0,3,16,0,8,0,16,0,46,0,0,0,0,0,0,0,0,0,0,0,0,0,0,0,0,0,0,0,0,0,0,0,0,0,0,0,0,0,3,360,1042,443,819,501,376,46,246,39,3882,11,11,20,77,13,66,0,73,0,274,0,0,4,0,0,4,0,3,0,9,0,0,0,0,0,0,0,3,0,3,0,5,0,4,3,3,0,4,0,21,3,6,0,0,0,0,0,0,0,9,17,21,15,14,21,15,0,23,0,124,390,1087,495,933,536,478,50,365,41,4384,0,0,3,3,0,0,0,0,0,5,0,0,0,0,0,0,0,0,0,0,0,0,0,0,0,0,0,0,0,0,0,0,0,0,0,0,0,0,0,0,0,0,0,0,0,0,0,0,0,0,0,0,0,0,0,0,0,0,0,0,0,0,3,0,0,0,0,0,0,10
215011386,0,0,0,0,0,0,0,0,0,0,0,0,3,0,0,0,0,18,0,24,0,0,0,0,0,0,0,0,0,0,0,0,0,0,0,0,0,0,0,0,0,3,0,3,0,0,0,0,0,10,265,463,313,626,282,187,150,385,61,2732,11,6,24,27,15,45,11,89,9,245,0,0,3,0,0,0,9,3,0,12,0,0,4,0,0,0,0,0,0,9,0,0,3,0,3,0,0,6,0,18,0,0,0,0,0,0,0,0,0,3,24,24,10,20,7,38,12,54,3,201,300,503,357,683,310,274,183,561,72,3246,0,0,0,0,0,0,0,0,0,0,0,0,0,0,0,0,0,0,0,0,0,0,0,0,0,0,0,0,0,0,0,0,0,0,0,0,0,0,0,0,0,0,0,0,0,0,0,0,0,0,0,0,0,0,0,0,0,0,0,0,0,0,0,0,0,0,0,0,0,0
215011387,0,0,0,0,0,0,0,0,0,0,0,0,0,0,0,0,0,0,0,0,0,0,0,0,0,0,0,0,0,0,0,0,0,0,0,0,0,0,0,0,0,0,0,0,0,0,0,0,0,0,193,62,51,25,21,12,60,108,6,537,10,0,0,4,0,0,0,12,0,38,0,0,0,0,0,0,6,3,0,15,0,0,0,0,0,0,0,5,0,5,0,0,0,0,0,0,0,0,0,0,7,0,0,0,3,4,4,0,0,13,81,0,9,3,7,6,6,10,0,111,295,64,62,28,32,20,67,144,7,728,0,0,0,0,0,0,0,0,0,0,0,0,0,0,0,0,0,0,0,0,0,0,0,0,0,0,0,0,0,0,0,0,0,0,0,0,0,0,0,0,0,0,0,0,0,0,0,0,0,0,0,0,0,0,0,0,0,0,0,0,0,0,0,0,0,0,0,0,0,0
215011388,0,0,0,0,0,0,0,0,0,0,0,5,0,6,0,0,0,0,0,9,0,0,0,0,0,0,0,0,0,0,0,0,0,0,0,0,0,0,0,0,0,0,0,4,0,6,0,5,0,13,668,1140,951,810,698,596,399,525,60,5855,21,29,58,37,24,108,18,96,9,400,0,0,4,0,0,0,10,3,0,19,0,0,4,0,0,0,3,11,0,23,3,21,24,14,4,9,9,12,0,94,4,3,3,4,0,0,0,7,0,28,28,87,35,33,31,27,9,40,9,301,733,1289,1074,915,758,747,452,699,78,6748,0,0,0,0,0,0,0,0,0,0,0,0,0,0,0,0,0,0,0,0,0,0,0,0,0,0,0,0,0,0,0,0,0,0,0,0,0,0,0,0,0,0,0,0,0,0,0,0,0,0,0,0,0,0,0,0,0,0,0,0,0,0,0,0,0,0,0,0,0,0
215011389,0,0,0,0,0,0,0,0,0,0,0,0,0,3,0,0,0,0,0,4,0,0,0,0,0,0,0,0,0,5,0,0,0,0,0,0,0,0,0,0,0,0,0,0,0,0,0,0,0,0,219,53,95,35,34,10,57,105,11,625,11,0,11,4,0,0,3,15,0,50,0,0,0,0,0,0,4,0,0,11,0,0,0,0,0,0,0,0,0,0,0,0,0,0,0,0,0,0,0,6,6,0,0,5,0,0,0,0,0,16,40,3,7,3,4,0,0,9,0,71,292,64,115,51,40,12,75,132,12,792,0,0,0,0,0,0,0,0,0,0,0,0,0,0,0,0,0,0,0,0,0,0,0,0,0,0,0,0,0,0,0,0,0,0,0,0,0,0,0,0,0,0,0,0,0,0,0,0,0,0,0,0,0,0,0,0,0,0,0,0,0,0,0,0,0,0,0,0,0,0
215011390,0,0,0,0,0,0,0,0,0,0,0,0,0,0,0,0,0,5,0,5,0,0,0,0,0,0,0,0,0,0,0,0,0,0,0,0,0,0,0,0,0,0,0,0,0,0,0,0,0,0,352,246,193,162,110,72,178,286,20,1631,11,7,11,5,0,11,7,31,4,85,10,0,4,0,0,0,7,0,0,19,0,0,0,0,3,0,0,4,0,7,0,0,9,0,0,0,5,4,0,20,20,0,0,0,4,0,0,6,0,35,89,45,14,30,19,27,16,43,3,286,480,300,226,211,139,115,212,378,30,2090,0,0,0,0,0,0,0,0,0,0,0,0,0,0,0,0,0,0,0,0,0,0,0,0,0,0,0,0,0,0,0,0,0,0,0,0,0,0,0,0,0,0,0,0,0,0,0,0,0,0,0,0,0,0,0,0,0,0,0,0,0,0,0,0,0,0,0,0,0,0
215011391,0,0,0,0,0,0,0,0,0,0,0,0,0,0,0,0,0,0,0,0,0,0,0,0,0,0,0,0,0,0,0,0,0,0,0,0,0,0,0,0,0,0,0,0,0,0,0,0,0,0,160,101,109,113,83,54,64,146,13,848,8,6,8,3,0,7,0,20,0,58,8,0,0,0,0,0,6,3,0,21,0,0,0,0,0,0,0,0,0,0,0,0,0,0,4,0,0,0,0,11,14,0,0,0,0,0,0,0,0,16,36,7,4,16,10,14,5,17,4,116,225,117,132,137,97,84,77,190,15,1072,0,0,0,0,0,0,0,0,0,0,0,0,0,0,0,0,0,0,0,0,0,0,0,0,0,0,0,0,0,0,0,0,0,0,0,0,0,0,0,0,0,0,0,0,0,0,0,0,0,0,0,0,0,0,0,0,0,0,0,0,0,0,0,0,0,0,0,0,0,0
215011392,0,0,0,0,0,0,0,0,0,0,0,0,0,0,0,4,0,0,0,5,0,0,0,0,0,0,0,0,0,0,0,0,0,0,0,0,0,0,0,0,0,0,0,0,0,0,0,0,0,0,302,318,325,378,193,147,227,407,39,2326,12,7,17,21,7,31,3,98,7,212,8,0,0,0,0,0,3,0,0,20,0,0,3,0,0,0,0,0,0,4,4,0,4,9,0,0,4,17,0,40,16,0,0,0,0,0,0,3,0,22,51,21,25,27,12,11,5,46,4,208,390,347,381,437,214,189,247,576,44,2837,0,0,0,0,0,0,0,0,0,0,0,0,0,0,0,0,0,0,0,0,0,0,0,0,0,0,0,0,0,0,0,0,0,0,0,0,0,0,0,0,0,0,0,0,0,0,0,0,0,0,0,0,0,0,0,0,0,0,0,0,0,0,0,0,0,0,0,0,0,0
215011393,0,0,0,0,0,0,0,0,0,0,0,0,0,0,0,0,0,0,0,0,0,0,0,0,0,0,0,0,0,0,0,0,0,0,0,0,0,0,0,0,0,0,0,0,0,0,0,0,0,0,194,79,72,53,40,18,43,114,12,619,6,4,3,0,0,0,4,11,0,36,5,0,0,0,0,0,0,0,0,8,4,0,0,0,0,0,0,0,0,4,0,4,6,0,0,0,0,0,0,4,22,0,0,0,0,0,0,0,0,27,53,7,8,10,3,6,5,8,4,108,287,93,81,65,48,21,51,141,18,808,0,0,0,0,0,0,0,0,0,0,0,0,0,0,0,0,0,0,0,0,0,0,0,0,0,0,0,0,0,0,0,0,0,0,0,0,0,0,0,0,0,0,0,0,0,0,0,0,0,0,0,0,0,0,0,0,0,0,0,0,0,0,0,0,0,0,0,0,0,0
215011394,0,0,0,0,0,0,0,0,0,0,0,0,0,4,0,0,0,5,0,8,0,0,0,0,0,0,0,0,0,0,0,0,0,0,0,0,0,0,0,0,0,0,0,0,0,0,0,0,0,0,350,223,197,241,138,100,127,176,20,1572,6,4,10,0,7,15,4,29,0,74,5,0,5,0,0,0,7,0,0,16,3,0,0,0,0,0,4,0,0,8,0,3,6,0,0,0,0,8,0,15,17,0,5,0,0,0,5,0,0,28,57,24,15,33,23,22,10,29,0,215,443,251,241,281,169,140,152,243,21,1946,0,0,0,0,0,0,0,0,0,0,0,0,0,0,0,0,0,0,0,0,0,0,0,0,0,0,0,0,0,0,0,0,0,0,0,0,0,0,0,0,0,0,0,0,0,0,0,0,0,0,0,0,0,0,0,0,0,0,0,0,0,0,0,0,0,0,0,0,0,0
215021395,0,0,0,0,0,0,0,0,0,0,0,0,0,0,0,0,0,0,0,4,0,0,0,0,0,0,0,0,0,0,0,0,0,0,0,0,0,0,0,0,0,0,0,0,0,0,0,0,0,0,194,221,247,97,116,65,135,231,33,1346,12,17,18,6,3,29,3,76,8,171,4,0,4,0,0,0,14,0,0,26,0,0,0,0,0,0,0,3,0,3,0,4,3,0,0,0,0,0,0,10,3,0,0,0,0,0,0,0,0,4,39,0,8,5,9,9,7,9,0,85,256,240,288,102,125,105,159,320,50,1645,0,0,0,0,0,0,0,0,0,0,0,0,0,0,0,0,0,0,0,0,0,0,0,0,0,0,0,0,0,0,0,0,0,0,0,0,0,0,0,0,0,0,0,0,0,0,0,0,0,0,0,0,0,0,0,0,0,0,0,0,0,0,0,0,0,0,0,0,0,0
215021396,0,0,0,0,0,0,0,0,0,0,0,0,0,0,0,0,0,6,0,9,0,0,0,0,0,0,0,0,0,0,0,0,0,0,0,0,0,0,0,0,0,0,0,0,0,0,0,0,0,0,131,127,75,94,77,41,92,147,12,791,11,3,8,5,0,19,3,35,4,85,0,0,3,0,0,0,3,0,0,10,4,0,0,0,0,0,0,0,0,4,0,0,0,0,0,0,0,0,0,0,0,0,0,0,0,0,0,0,0,4,34,8,4,5,3,4,0,10,0,60,171,136,90,102,79,61,100,200,19,967,0,0,0,0,0,0,0,0,0,0,0,0,0,0,0,0,0,0,0,0,0,0,0,0,0,0,0,0,0,0,0,0,0,0,0,0,0,0,0,0,0,0,0,0,0,0,0,0,0,0,0,0,0,0,0,0,0,0,0,0,0,0,0,0,0,0,0,0,0,0
215021398,0,0,0,0,0,0,0,0,0,0,0,0,0,0,0,0,3,9,0,14,0,0,0,0,0,0,0,0,0,0,0,0,0,0,0,0,0,0,0,0,0,0,0,0,0,0,0,0,0,0,413,122,139,80,63,21,188,306,20,1350,24,9,16,0,4,3,19,112,8,194,5,0,0,0,0,0,3,4,0,10,0,0,0,0,0,0,0,0,0,5,0,0,0,0,0,0,0,0,0,4,15,0,5,0,0,0,0,0,0,25,37,12,12,16,8,0,18,23,0,126,495,144,171,102,72,30,235,456,36,1732,0,0,0,0,0,0,0,0,0,0,0,0,0,0,0,0,0,0,0,0,0,0,0,0,0,0,0,0,0,0,0,0,0,0,0,0,0,0,0,0,0,0,0,0,0,0,0,0,0,0,0,0,0,0,0,0,0,0,0,0,0,0,0,0,0,0,0,0,0,0
215021399,0,0,0,0,0,0,0,0,0,0,0,0,0,0,0,0,0,7,0,9,0,0,0,0,0,0,0,0,0,0,0,0,0,0,0,0,0,0,0,0,0,0,0,0,0,0,0,0,0,0,164,147,148,106,64,67,78,237,20,1031,15,0,3,3,0,17,0,66,9,121,0,0,4,0,0,0,0,0,0,13,3,0,0,0,0,0,0,0,0,4,0,0,0,0,0,0,0,0,0,0,0,0,0,0,0,0,0,4,0,5,30,3,8,0,3,11,4,17,0,69,210,151,169,116,69,91,92,324,30,1254,0,0,0,0,0,0,0,0,0,0,0,0,0,0,0,0,0,0,0,0,0,0,0,0,0,0,0,0,0,0,0,0,0,0,0,0,0,0,0,0,0,0,0,0,0,0,0,0,0,0,0,0,0,0,0,0,0,0,0,0,0,0,0,0,0,0,0,0,0,0
215021469,0,0,0,0,0,0,0,0,0,0,0,0,8,7,3,0,4,4,0,31,0,0,0,0,0,0,0,0,4,4,0,0,0,0,0,0,0,0,0,0,3,7,4,0,0,3,0,9,0,25,982,1854,1397,1336,1282,773,567,759,144,9094,36,71,92,93,48,127,35,163,26,684,3,0,10,0,3,0,19,7,0,41,3,9,9,7,0,4,3,7,0,42,3,21,6,13,12,7,3,14,3,77,4,4,9,6,4,0,0,10,3,36,32,74,29,46,40,36,16,45,0,317,1071,2042,1558,1504,1387,950,644,1011,179,10350,0,0,0,0,0,0,0,0,0,0,0,0,0,0,0,0,0,0,0,0,0,0,0,0,0,0,0,0,0,0,0,0,0,0,0,0,0,0,0,0,0,0,0,0,0,0,0,0,0,0,0,0,0,0,0,0,0,0,0,0,0,0,0,0,0,0,0,0,0,0
215021470,0,0,0,0,0,0,0,0,0,0,0,0,3,6,0,3,0,0,5,17,0,0,0,0,0,0,0,0,0,0,0,0,0,0,0,0,0,0,0,0,0,0,0,5,0,3,0,0,0,11,358,343,346,483,204,512,131,317,46,2738,17,22,23,39,16,136,5,108,12,386,6,0,9,0,0,0,3,4,0,22,0,0,5,8,0,3,0,3,0,16,0,0,3,0,0,4,0,0,0,16,0,0,8,0,0,0,0,6,0,13,26,13,12,12,8,34,0,21,0,122,410,383,403,550,227,696,147,458,69,3343,0,0,0,0,0,0,0,0,0,0,0,0,0,0,0,0,0,0,0,0,0,0,0,0,0,0,0,0,0,0,0,0,0,0,0,0,0,0,0,0,0,0,0,0,0,0,0,0,0,0,0,0,0,0,0,0,0,0,0,0,0,0,0,0,0,0,0,0,0,0
215031400,0,0,0,0,0,0,0,0,0,0,0,0,0,0,0,0,0,0,0,0,0,0,0,0,0,0,0,0,0,6,0,0,0,0,0,0,0,0,0,0,0,0,0,0,0,0,0,0,0,0,366,234,176,133,113,93,143,246,19,1516,7,11,9,0,0,8,3,22,0,69,3,0,3,0,0,0,10,4,0,17,0,0,0,0,0,0,0,3,0,6,0,3,4,0,0,0,0,0,0,12,22,4,3,0,0,0,4,4,3,31,89,35,33,23,28,28,13,36,3,281,489,290,219,158,147,128,173,314,24,1947,0,0,0,0,0,0,0,0,0,0,0,0,0,0,0,0,0,0,0,0,0,0,0,0,0,0,0,0,0,0,0,0,0,0,0,0,0,0,0,0,0,0,0,0,0,0,0,0,0,0,0,0,0,0,0,0,0,0,0,0,0,0,0,0,0,0,0,0,0,0
215031401,0,0,0,0,0,0,0,0,0,0,0,0,0,0,0,0,0,0,0,5,0,0,0,0,0,0,0,0,0,0,0,0,0,0,0,0,0,0,0,0,0,0,0,0,0,0,0,0,0,0,313,147,223,95,112,74,110,212,18,1300,5,3,6,3,0,13,0,29,0,62,4,0,6,0,0,0,14,0,0,21,29,0,0,0,0,0,0,7,0,35,4,0,4,0,0,6,0,3,0,20,11,0,0,0,0,0,0,0,0,19,107,14,7,12,11,7,5,14,0,173,475,166,246,105,123,98,132,256,23,1623,0,0,0,0,0,0,0,0,0,0,0,0,0,0,0,0,0,0,0,0,0,0,0,0,0,0,0,0,0,0,0,0,0,0,0,0,0,0,0,0,0,0,0,0,0,0,0,0,0,0,0,0,0,0,0,0,0,0,0,0,0,0,0,0,0,0,0,0,0,0
215031402,0,0,0,0,0,0,0,0,0,0,0,0,0,0,0,0,0,0,0,3,0,0,0,0,0,0,0,0,0,0,0,0,0,0,0,0,0,0,0,0,0,0,0,0,0,0,0,0,0,0,122,212,170,158,156,117,88,142,15,1179,8,4,6,15,3,16,5,16,0,72,0,0,0,0,0,0,6,5,0,7,0,0,0,0,0,0,0,0,0,4,0,4,4,0,0,0,0,5,0,9,5,0,0,0,0,0,0,0,0,7,12,24,10,21,14,6,4,13,0,96,151,240,189,192,175,139,103,177,19,1383,0,0,0,0,0,0,0,0,0,0,0,0,0,0,0,0,0,0,0,0,0,0,0,0,0,0,0,0,0,0,0,0,0,0,0,0,0,0,0,0,0,0,0,0,0,0,0,0,0,0,0,0,0,0,0,0,0,0,0,0,0,0,0,0,0,0,0,0,0,0
215031403,0,0,0,0,0,0,0,0,0,0,0,0,0,0,0,0,0,24,3,28,0,0,0,0,0,0,0,0,0,0,0,0,0,0,0,0,0,0,0,0,0,0,0,0,0,0,0,0,0,0,150,116,82,78,83,61,61,162,20,809,14,9,6,11,0,8,7,137,3,199,0,0,0,0,0,0,6,0,0,5,0,0,0,0,0,0,0,0,0,0,0,0,0,0,0,0,0,0,0,0,3,0,0,0,3,0,0,0,0,7,36,7,8,4,10,5,0,14,5,90,211,130,102,93,99,77,76,333,28,1155,0,0,0,0,0,0,0,0,0,0,0,0,0,0,0,0,0,0,0,0,0,0,0,0,0,0,0,0,0,0,0,0,0,0,0,0,0,0,0,0,0,0,0,0,0,0,0,0,0,0,0,0,0,0,0,0,0,0,0,0,0,0,0,0,0,0,0,0,0,0
215031404,0,0,0,0,0,0,0,0,0,0,0,0,0,0,0,0,0,3,0,8,0,0,0,0,0,0,0,0,0,0,0,0,0,0,0,0,0,0,0,0,0,0,0,0,0,0,0,9,0,14,541,867,723,622,577,469,258,479,70,4618,10,27,36,45,17,72,12,120,5,346,0,0,4,0,0,0,11,6,3,17,0,0,0,4,0,0,0,4,0,17,6,16,11,18,0,5,0,8,4,61,8,5,0,0,5,0,0,0,0,24,25,57,25,23,27,39,5,42,4,250,588,976,806,719,624,582,298,673,89,5358,0,0,0,0,0,0,0,0,0,0,0,0,0,0,0,0,0,0,0,0,0,0,0,0,0,0,0,0,0,0,0,0,0,0,0,0,0,0,0,0,0,0,0,0,0,0,0,0,0,0,0,0,0,0,0,0,0,0,0,0,0,0,0,0,0,0,0,0,0,0
215031405,0,0,0,0,0,0,0,0,0,0,5,0,0,0,0,0,4,18,0,24,0,0,0,0,0,0,0,0,0,0,0,0,0,0,0,0,0,0,0,0,0,0,0,0,0,0,0,9,0,11,422,89,160,44,64,23,160,355,30,1341,34,0,21,0,4,0,23,152,17,246,8,0,0,0,0,0,11,0,0,15,3,0,0,0,0,0,0,0,0,4,0,0,0,0,0,0,0,0,0,4,8,0,0,0,0,0,8,3,0,16,60,7,15,7,7,3,12,47,3,163,531,93,194,56,71,26,211,583,44,1819,0,0,0,0,0,0,0,0,0,0,0,0,0,0,0,0,0,0,0,0,0,0,0,0,0,0,0,0,0,0,0,0,0,0,0,0,0,0,0,0,0,0,0,0,0,0,0,0,0,0,0,0,0,0,0,0,0,0,0,0,0,0,0,0,0,0,0,0,0,0
216011406,0,0,0,0,0,0,0,0,3,3,0,0,4,3,0,4,0,0,0,9,0,0,0,0,0,0,0,0,0,0,0,0,0,0,0,0,0,0,0,0,0,0,0,3,6,0,0,0,0,11,699,1139,1034,888,644,635,399,720,64,6217,18,27,62,50,18,152,18,106,4,456,3,0,6,0,0,0,12,7,0,34,5,5,4,0,0,0,5,9,0,31,5,18,9,8,3,7,4,16,0,86,0,3,3,3,5,6,0,3,0,25,33,69,30,39,23,33,8,42,0,267,769,1259,1158,996,694,839,442,900,76,7136,0,0,0,0,0,0,0,0,0,0,0,0,0,0,0,0,0,0,0,0,0,0,0,0,0,0,0,0,0,0,0,0,0,0,0,0,0,0,0,0,0,0,0,0,0,0,0,0,0,0,0,0,0,0,0,0,0,0,0,0,0,0,0,0,0,0,0,0,0,0
216011407,0,0,0,0,0,0,0,0,0,0,0,0,0,0,0,0,0,0,0,0,0,0,0,0,0,0,0,0,0,0,0,0,0,0,0,0,0,0,0,0,0,0,0,0,0,0,0,0,0,0,334,412,377,281,245,178,230,405,49,2515,8,13,18,17,6,31,4,51,6,159,5,0,7,0,0,0,12,0,0,25,20,0,6,0,0,0,5,10,0,34,4,0,14,0,6,5,0,14,0,45,10,3,0,0,0,0,0,7,5,22,65,30,24,32,17,17,6,32,3,229,447,463,445,336,282,231,255,526,57,3042,0,0,0,0,0,0,0,0,0,0,0,0,0,0,0,0,0,0,0,0,0,0,0,0,0,0,0,0,0,0,0,0,0,0,0,0,0,0,0,0,0,0,0,0,0,0,0,0,0,0,0,0,0,0,0,0,0,0,0,0,0,0,0,0,0,0,0,0,0,0
216011408,0,0,0,0,0,0,0,0,0,0,0,0,0,0,0,0,0,0,0,0,0,0,0,0,0,0,0,0,0,0,0,0,0,0,0,0,0,0,0,0,0,0,0,0,0,0,0,0,0,0,120,22,76,17,25,22,45,113,3,439,5,0,0,3,0,4,0,12,0,24,5,0,4,0,0,0,4,3,0,25,13,0,0,0,0,0,0,0,0,17,0,0,0,0,0,0,0,0,0,0,8,0,0,0,0,0,0,0,0,11,52,0,11,0,5,4,0,5,0,73,207,26,81,21,23,35,58,143,5,597,0,0,0,0,0,0,0,0,0,0,0,0,0,0,0,0,0,0,0,0,0,0,0,0,0,0,0,0,0,0,0,0,0,0,0,0,0,0,0,0,0,0,0,0,0,0,0,0,0,0,0,0,0,0,0,0,0,0,0,0,0,0,0,0,0,0,0,0,0,0
216011409,0,0,0,0,0,0,0,0,0,0,0,0,0,0,0,0,0,0,0,0,0,0,0,0,0,0,0,0,0,0,0,0,0,0,0,0,0,0,0,0,0,0,0,0,0,0,0,0,0,0,132,115,137,91,73,57,91,129,10,828,0,6,4,0,0,18,0,16,0,45,0,0,0,0,0,0,9,0,0,10,10,0,0,0,0,0,0,0,0,15,0,0,0,0,0,0,3,3,0,9,0,0,0,0,0,0,0,0,0,0,35,4,10,7,3,11,0,8,0,71,172,125,149,96,80,85,102,158,16,987,0,0,0,0,0,0,0,0,0,0,0,0,0,0,0,0,0,0,0,0,0,0,0,0,0,0,0,0,0,0,0,0,0,0,0,0,0,0,0,0,0,0,0,0,0,0,0,0,0,0,0,0,0,0,0,0,0,0,0,0,0,0,0,0,0,0,0,0,0,0
216011410,0,0,0,0,0,0,0,0,0,0,0,0,0,0,0,0,0,0,0,0,0,0,0,0,0,0,0,0,0,0,0,0,0,0,0,0,0,0,0,0,0,0,0,0,0,0,0,0,0,0,194,85,71,40,45,23,101,201,16,786,6,4,5,8,0,4,0,24,0,58,3,0,0,0,0,0,8,0,0,13,8,0,0,0,0,0,0,0,0,7,0,0,0,0,0,0,0,0,0,4,7,0,0,0,0,0,0,0,0,4,56,0,15,3,10,8,5,18,0,109,270,93,91,56,54,39,113,252,16,989,0,0,0,0,0,0,0,0,0,0,0,0,0,0,0,0,0,0,0,0,0,0,0,0,0,0,0,0,0,0,0,0,0,0,0,0,0,0,0,0,0,0,0,0,0,0,0,0,0,0,0,0,0,0,0,0,0,0,0,0,0,0,0,0,0,0,0,0,0,0
216021411,0,0,0,0,0,0,0,0,0,0,0,0,0,0,0,0,0,0,0,0,0,0,0,0,0,0,0,0,0,0,0,0,0,0,0,0,0,0,0,0,0,0,0,0,0,0,0,0,0,0,342,322,418,259,276,223,213,449,36,2542,9,8,27,17,9,46,11,92,6,220,0,0,0,0,0,0,10,0,0,14,0,0,0,0,0,0,0,0,0,5,0,0,12,0,4,0,5,7,0,29,5,0,0,0,0,0,0,0,0,9,27,7,14,19,0,19,11,23,5,115,381,342,470,300,297,292,237,576,44,2934,0,0,0,0,0,0,0,0,0,0,0,0,0,0,0,0,0,0,0,0,0,0,0,0,0,0,0,0,0,0,0,0,0,0,0,0,0,0,0,0,0,0,0,0,0,0,0,0,0,0,0,0,0,0,0,0,0,0,0,0,0,0,0,0,0,0,0,0,0,3
216021412,0,0,0,0,0,0,0,0,0,0,0,0,0,0,0,0,0,0,0,0,0,0,0,0,0,0,0,0,0,0,0,0,0,0,0,0,0,0,0,0,0,0,0,0,0,0,0,0,0,0,101,16,42,16,19,4,68,56,7,335,0,0,0,0,0,3,4,6,0,11,6,0,0,0,0,0,3,5,0,13,0,0,0,0,0,0,0,0,0,0,0,0,0,0,0,0,0,0,0,0,4,0,0,0,0,0,0,0,0,4,40,5,0,0,3,0,0,8,0,54,153,15,46,17,21,9,81,67,7,424,0,0,0,0,0,0,0,0,0,0,0,0,0,0,0,0,0,0,0,0,0,0,0,0,0,0,0,0,0,0,0,0,0,0,0,0,0,0,0,0,0,0,0,0,0,0,0,0,0,0,0,0,0,0,0,0,0,0,0,0,0,0,0,0,0,0,0,0,0,0
216021413,0,0,0,0,0,0,0,0,0,0,0,0,0,0,0,0,0,0,0,0,0,0,0,0,0,0,0,0,0,0,0,0,0,0,0,0,0,0,0,0,0,0,0,0,0,0,0,0,0,0,491,386,372,235,209,121,254,588,40,2705,16,20,19,9,7,16,3,106,3,196,7,0,0,0,0,0,16,9,0,33,24,0,0,0,0,5,0,0,0,31,3,11,4,4,0,3,4,10,0,42,10,0,5,0,0,0,0,0,0,21,111,19,19,23,13,25,10,44,7,276,668,438,423,278,236,168,295,760,50,3315,0,0,0,0,0,0,0,0,0,0,0,0,0,0,0,0,0,0,0,0,0,0,0,0,0,0,0,0,0,0,0,0,0,0,0,0,0,0,0,0,0,0,0,0,0,0,0,0,0,0,0,0,0,0,0,0,0,0,0,0,0,0,0,0,0,0,0,0,0,0
216021414,0,0,0,0,0,0,0,0,0,0,0,0,0,0,0,0,0,0,0,0,0,0,0,0,0,0,0,0,0,0,0,0,0,0,0,0,0,0,0,0,0,0,0,0,0,0,0,4,0,4,206,372,368,305,213,230,64,178,14,1947,11,7,26,29,10,54,6,21,0,162,4,0,0,0,0,0,8,0,0,9,0,0,0,0,0,0,0,0,0,0,4,4,4,0,0,0,0,6,0,26,4,0,5,0,0,3,0,0,0,17,15,15,11,23,12,21,0,19,0,111,232,389,415,357,237,312,78,234,20,2277,0,0,0,0,0,0,0,0,0,0,0,0,0,0,0,0,0,0,0,0,0,0,0,0,0,0,0,0,0,0,0,0,0,0,0,0,0,0,0,0,0,0,0,0,0,0,0,0,0,0,0,0,0,0,0,0,0,0,0,0,0,0,0,0,0,0,0,0,0,0
216031415,0,0,0,0,0,0,0,0,0,0,0,0,0,3,0,0,0,7,0,16,0,0,0,0,0,0,0,0,0,0,0,0,0,0,0,0,0,0,0,0,0,0,0,0,0,0,0,6,0,4,121,186,159,215,84,123,109,211,15,1223,0,3,8,12,3,44,3,56,4,134,0,0,0,0,0,0,0,0,0,4,0,0,0,0,0,0,0,0,0,0,0,5,3,4,0,0,0,9,0,16,0,0,0,0,0,5,0,0,0,8,11,4,0,10,0,5,0,7,0,49,134,201,177,245,86,177,118,303,24,1464,0,0,0,0,0,0,0,0,0,0,0,0,0,0,0,0,0,0,0,0,0,0,0,0,0,0,0,0,0,0,0,0,0,0,0,0,0,0,0,0,0,0,0,0,0,0,0,0,0,0,0,0,0,0,0,0,0,0,0,0,0,0,0,0,0,0,0,0,0,0
216031416,0,6,0,0,0,0,0,0,0,9,0,0,0,3,8,0,0,6,4,21,0,0,0,0,0,0,0,0,0,4,0,0,0,0,0,0,0,0,0,0,0,10,0,5,0,3,0,9,0,25,1127,2561,1622,1377,1404,556,769,1074,161,10647,33,108,74,67,52,98,30,171,13,656,5,0,7,0,3,3,32,7,0,52,0,6,0,4,0,5,0,9,0,21,5,24,17,10,6,4,14,19,0,103,8,5,9,9,3,0,4,3,0,39,27,152,35,43,48,21,9,45,9,381,1214,2860,1770,1515,1525,682,864,1345,188,11960,0,0,0,0,0,0,0,0,0,4,0,0,0,0,0,0,0,0,0,0,0,0,0,0,0,0,0,0,0,0,0,0,0,0,0,0,0,0,0,9,0,0,0,0,0,0,0,0,0,0,0,0,0,0,0,0,0,0,0,0,0,8,0,3,0,0,0,0,0,8
216031418,0,0,0,0,0,0,0,0,0,0,0,0,0,0,0,0,0,0,0,0,0,0,0,0,0,0,0,0,0,0,0,0,0,0,0,0,0,0,0,0,0,0,0,0,0,0,0,0,0,0,182,91,114,29,69,10,157,216,16,882,9,0,9,0,0,0,0,27,0,56,3,0,6,0,0,0,10,0,0,19,6,0,0,0,0,0,0,0,0,15,0,0,0,0,0,0,0,0,0,0,10,0,0,0,0,0,0,0,0,10,50,11,8,0,0,0,0,6,0,81,256,99,135,32,68,10,173,255,18,1056,0,0,0,0,0,0,0,0,0,0,0,0,0,0,0,0,0,0,0,0,0,0,0,0,0,0,0,0,0,0,0,0,0,0,0,0,0,0,0,0,0,0,0,0,0,0,0,0,0,0,0,0,0,0,0,0,0,0,0,0,0,0,0,0,0,0,0,0,0,0
216031419,0,0,0,0,0,0,0,0,0,0,0,0,0,0,0,0,0,0,0,0,0,0,0,0,0,0,0,0,0,0,0,0,0,0,0,0,0,0,0,0,0,0,0,0,0,0,0,0,0,0,419,234,340,225,203,71,199,640,42,2372,31,0,11,7,5,19,13,137,0,228,8,0,4,0,0,0,17,3,0,39,24,0,0,0,0,0,0,6,0,27,4,0,9,0,0,0,7,12,0,28,20,0,3,0,0,0,0,3,3,32,59,19,18,10,7,14,12,34,6,179,565,255,386,244,219,107,251,833,55,2914,0,0,0,0,0,0,0,0,0,0,0,0,0,0,0,0,0,0,0,0,0,0,0,0,0,0,0,0,0,0,0,0,0,0,0,0,0,0,0,0,0,0,0,0,0,0,0,0,0,0,0,0,0,0,0,0,0,0,0,0,0,0,0,0,0,0,0,0,0,0
216031593,0,0,0,0,0,0,0,0,0,0,0,0,0,0,0,0,0,0,0,0,0,0,0,0,0,0,0,0,0,0,0,0,0,0,0,0,0,0,0,0,0,0,0,0,0,0,0,0,0,0,172,132,313,115,111,177,68,103,13,1204,4,6,26,15,5,39,0,24,4,123,4,0,0,0,0,0,4,7,0,17,0,0,4,0,0,0,0,0,0,4,0,0,0,0,0,0,0,0,0,4,0,0,0,0,0,0,0,0,0,6,13,7,4,3,5,7,4,6,0,43,198,141,349,133,129,224,79,134,16,1397,0,0,0,0,0,0,0,0,0,0,0,0,0,0,0,0,0,0,0,0,0,0,0,0,0,0,0,0,0,0,0,0,0,0,0,0,0,0,0,0,0,0,0,0,0,0,0,0,0,0,0,0,0,0,0,0,0,0,0,0,0,0,0,0,0,0,0,0,0,0
216031594,0,0,0,0,0,0,0,0,0,0,0,0,3,0,0,12,0,3,0,29,0,0,0,0,0,0,0,0,0,5,0,0,0,0,0,0,0,0,0,3,0,5,0,6,0,9,0,0,0,19,614,688,718,664,579,747,367,500,65,4938,20,24,46,35,15,226,20,137,10,533,0,0,10,0,0,0,16,11,5,32,5,0,4,4,0,3,5,4,0,19,3,4,8,0,9,8,5,14,0,48,3,4,3,0,3,0,3,0,0,17,46,18,16,17,17,25,7,31,6,175,698,742,807,719,623,1028,417,691,89,5820,0,0,0,0,0,0,0,0,0,3,0,0,0,0,0,0,0,0,0,0,0,0,0,0,0,0,0,0,0,0,0,0,0,0,0,0,0,0,0,0,0,0,0,0,0,0,0,0,0,0,0,0,0,0,0,0,0,0,0,0,0,0,0,0,0,0,0,0,0,6
217011420,0,0,0,0,0,0,0,0,0,0,0,0,0,0,0,0,0,0,0,0,0,0,0,0,0,0,0,0,0,0,0,0,0,0,0,0,0,0,0,0,0,0,0,0,0,0,0,0,0,0,321,179,188,186,108,85,137,314,23,1548,16,6,9,5,4,13,5,42,3,112,13,3,0,0,0,0,9,6,0,35,16,0,0,0,0,0,0,4,0,21,4,3,3,0,0,0,0,0,0,11,9,0,0,0,0,0,0,0,0,17,88,12,15,16,8,13,8,20,0,187,472,203,221,218,118,114,161,390,24,1935,0,0,0,0,0,0,0,0,0,0,0,0,0,0,0,0,0,0,0,0,0,0,0,0,0,0,0,0,0,0,0,0,0,0,0,0,0,0,0,0,0,0,0,0,0,0,0,0,0,0,0,0,0,0,0,0,0,0,0,0,0,0,0,0,0,0,0,0,0,0
217011421,0,0,0,0,0,0,0,0,0,0,0,0,0,0,0,4,3,4,0,7,0,0,0,0,0,0,0,0,0,0,0,0,0,0,0,0,0,0,0,0,0,3,0,0,0,3,0,3,0,14,388,809,563,500,474,404,198,334,35,3712,17,11,47,41,17,72,0,57,3,263,8,0,4,0,0,0,17,3,0,27,0,0,0,0,0,0,3,0,0,9,0,3,5,0,4,3,0,5,0,28,0,3,3,0,5,0,0,0,0,16,33,64,23,48,17,21,7,25,4,236,439,895,655,587,514,511,229,432,48,4310,0,0,0,0,0,0,0,0,0,0,0,0,0,0,0,0,0,0,0,0,0,0,0,0,0,0,0,0,0,0,0,0,0,0,0,0,0,0,0,0,0,0,0,0,0,0,0,0,0,0,0,0,0,0,0,0,0,0,0,0,0,0,0,0,0,0,0,0,0,0
217011422,0,0,0,0,0,0,0,0,0,0,0,0,0,0,0,0,0,4,0,4,0,0,0,0,0,0,0,0,0,0,0,0,0,0,0,0,0,0,0,0,0,0,0,0,0,0,0,0,0,5,344,597,663,506,387,272,558,444,72,3838,7,16,37,27,7,67,11,62,8,245,3,0,8,0,0,0,11,0,0,23,0,0,3,0,0,0,0,5,0,11,0,4,5,0,0,0,0,4,0,25,3,0,0,0,0,0,4,0,0,7,19,38,9,21,11,19,6,31,4,152,377,660,733,557,406,365,595,549,86,4322,0,0,0,0,0,0,0,0,0,0,0,0,0,0,0,0,0,0,0,0,0,0,0,0,0,0,0,0,0,0,0,0,0,0,0,0,0,0,0,0,0,0,0,0,0,0,0,0,0,0,0,0,0,0,0,0,0,0,0,0,0,0,0,0,0,0,0,0,0,0
217011423,0,0,0,0,0,0,0,0,0,0,0,0,0,0,0,0,0,0,0,0,0,0,0,0,0,0,0,0,0,0,0,0,0,0,0,0,0,0,0,0,0,0,0,0,0,0,0,0,0,0,302,130,134,97,66,34,75,233,11,1084,9,0,6,7,0,3,6,21,0,57,13,0,0,0,0,0,3,5,0,26,7,0,0,0,0,0,0,0,0,9,0,0,0,3,0,4,0,0,0,8,26,0,0,0,0,0,0,0,0,32,109,12,18,16,3,6,9,51,0,224,466,144,165,124,78,45,97,311,13,1449,0,0,0,0,0,0,0,0,0,0,0,0,0,0,0,0,0,0,0,0,0,0,0,0,0,0,0,0,0,0,0,0,0,0,0,0,0,0,0,0,0,0,0,0,0,0,0,0,0,0,0,0,0,0,0,0,0,0,0,0,0,0,0,0,0,0,0,0,0,0
217031471,0,0,0,0,0,0,0,0,0,0,0,0,0,0,0,0,0,0,0,0,0,0,0,0,0,0,0,0,0,0,0,0,0,0,0,0,0,0,0,0,0,0,0,0,0,0,0,0,0,0,103,256,150,154,131,108,80,116,19,1112,4,4,0,8,0,27,0,19,0,67,0,0,0,0,0,0,0,4,0,5,0,0,4,0,0,0,0,0,0,4,0,0,0,0,0,3,0,0,0,9,5,0,0,0,0,0,0,0,0,4,17,14,17,15,6,10,4,12,0,92,124,280,168,175,139,148,87,152,22,1298,0,0,0,0,0,0,0,0,0,0,0,0,0,0,0,0,0,0,0,0,0,0,0,0,0,0,0,0,0,0,0,0,0,0,0,0,0,0,0,0,0,0,0,0,0,0,0,0,0,0,0,0,0,0,0,0,0,0,0,0,0,0,0,0,0,0,0,0,0,0
217031472,0,0,0,0,0,0,0,0,0,4,0,0,0,0,0,3,0,0,0,11,0,0,0,0,0,0,0,0,0,0,0,0,0,0,0,0,0,0,0,0,0,5,0,3,0,0,0,19,0,28,524,738,793,763,471,383,476,981,65,5213,18,33,45,37,13,93,16,202,8,458,5,0,7,0,0,0,13,5,0,21,0,0,5,0,0,0,4,4,0,11,4,10,3,0,3,0,6,18,0,42,3,0,0,6,0,0,0,4,0,24,25,26,32,30,12,45,14,66,8,262,580,811,884,844,514,533,527,1300,76,6064,0,0,0,0,0,0,0,0,0,0,0,0,0,0,0,0,0,0,0,0,0,0,0,0,0,0,0,0,0,0,0,0,0,0,0,0,0,0,0,0,0,0,0,0,0,0,0,0,0,0,0,0,0,0,0,0,0,0,0,0,0,0,0,0,0,0,0,0,0,0
217031473,0,0,0,0,0,0,0,0,0,0,0,0,0,0,0,0,0,5,0,3,0,0,0,0,0,0,0,0,0,0,0,0,0,0,0,0,0,0,0,0,0,0,0,0,0,0,0,0,0,0,203,50,107,36,28,16,81,182,12,721,9,0,7,6,0,0,0,33,0,60,6,0,0,0,0,0,9,3,0,19,16,0,0,0,0,0,0,4,0,12,0,0,0,0,0,0,0,0,0,4,21,0,0,0,0,0,0,0,0,25,104,5,13,4,3,3,10,13,0,145,353,54,129,49,40,18,107,239,11,996,0,0,0,0,0,0,0,0,0,0,0,0,0,0,0,0,0,0,0,0,0,0,0,0,0,0,0,0,0,0,0,0,0,0,0,0,0,0,0,0,0,0,0,0,0,0,0,0,0,0,0,0,0,0,0,0,0,0,0,0,0,0,0,0,0,0,0,0,0,0
217031474,0,0,0,0,0,0,0,0,0,0,0,0,0,0,0,0,0,0,0,6,0,0,0,0,0,0,0,0,0,0,0,0,0,0,0,0,0,0,0,0,0,0,0,0,0,0,0,0,0,0,247,198,189,209,98,70,150,202,14,1372,11,4,4,3,4,14,6,23,6,77,5,0,3,0,0,0,12,0,0,24,14,0,0,0,0,0,0,5,0,18,0,0,4,0,0,0,3,7,0,11,12,0,0,0,0,0,3,4,0,19,60,7,14,5,10,20,9,14,0,134,342,212,219,216,105,102,184,251,20,1653,0,0,0,0,0,0,0,0,0,0,0,0,0,0,0,0,0,0,0,0,0,0,0,0,0,0,0,0,0,0,0,0,0,0,0,0,0,0,0,0,0,0,0,0,0,0,0,0,0,0,0,0,0,0,0,0,0,0,0,0,0,0,0,0,0,0,0,0,0,0
217031475,0,0,0,0,0,0,0,0,0,0,0,0,11,0,0,0,0,0,0,9,0,0,0,0,0,0,0,0,0,0,0,0,0,0,0,0,0,0,0,0,0,0,0,0,0,0,0,0,0,0,366,197,300,131,103,96,209,388,18,1802,13,8,21,9,0,21,7,28,5,121,10,0,0,0,0,0,24,3,0,37,61,0,0,0,0,0,0,0,0,65,0,0,0,0,5,0,4,7,0,15,27,0,0,0,3,0,0,10,0,43,177,7,21,10,10,10,14,56,3,313,658,217,350,154,119,129,261,495,27,2408,0,0,0,0,0,0,0,0,0,0,0,0,0,0,0,0,0,0,0,0,0,0,0,0,0,0,0,0,0,0,0,0,0,0,0,0,0,0,0,0,0,0,0,0,0,0,0,0,0,0,0,0,0,0,0,0,0,0,0,0,0,0,0,0,0,0,0,0,0,0
217031476,0,0,0,0,0,0,0,0,0,0,0,0,0,0,0,0,0,0,0,4,0,0,0,0,0,0,0,0,0,0,0,0,0,0,0,0,0,0,0,0,0,0,0,0,0,0,0,0,0,0,127,84,129,76,52,70,45,116,6,708,8,0,8,3,0,12,3,19,0,56,0,0,3,0,0,0,0,0,0,7,0,0,0,0,0,0,0,3,0,8,0,3,0,0,0,4,0,6,0,22,10,0,0,0,0,0,0,5,0,12,51,11,20,30,12,13,3,30,3,175,199,100,162,111,71,97,57,177,15,986,0,0,0,0,0,0,0,0,0,0,0,0,0,0,0,0,0,0,0,0,0,0,0,0,0,0,0,0,0,0,0,0,0,0,0,0,0,0,0,0,0,0,0,0,0,0,0,0,0,0,0,0,0,0,0,0,0,0,0,0,0,0,0,0,0,0,0,0,0,0
217041477,0,0,0,0,0,0,0,0,0,0,0,0,0,0,0,0,0,5,0,4,0,0,0,0,0,0,0,0,0,4,0,0,0,0,0,0,0,0,0,0,0,0,0,0,0,0,0,0,0,0,316,90,162,82,48,50,97,289,14,1147,4,0,12,5,5,4,3,31,0,61,10,0,5,0,0,0,10,3,0,31,25,0,5,0,0,0,0,3,0,34,0,0,0,0,0,0,0,0,0,0,25,0,6,0,0,0,0,3,0,38,130,0,10,3,7,10,12,22,5,203,517,90,201,93,52,59,125,365,18,1530,0,0,0,0,0,0,0,0,0,0,0,0,0,0,0,0,0,0,0,0,0,0,0,0,0,0,0,0,0,0,0,0,0,0,0,0,0,0,0,0,0,0,0,0,0,0,0,0,0,0,0,0,0,0,0,0,0,0,0,0,0,0,0,0,0,0,0,0,0,0
217041478,0,0,0,0,0,0,0,7,4,20,0,0,0,0,0,5,0,0,0,5,0,0,0,0,0,0,0,0,0,0,0,0,0,0,0,0,0,0,0,6,0,0,0,0,0,0,0,0,0,0,399,246,324,228,125,139,142,299,31,1934,15,5,25,11,3,25,6,35,6,124,8,0,4,0,0,0,20,3,0,38,14,0,0,0,0,0,0,6,0,18,4,3,3,4,6,0,0,3,0,23,17,0,3,0,0,0,0,0,0,27,88,16,10,17,10,7,6,33,0,186,541,272,371,262,142,175,171,391,42,2377,0,0,0,0,0,0,0,0,0,6,0,0,0,0,0,0,0,0,0,0,0,0,0,0,0,0,0,0,0,0,0,0,0,0,0,0,0,0,0,3,0,0,0,0,0,0,0,0,0,0,0,0,0,0,0,0,0,0,0,0,0,0,0,0,0,0,0,0,0,6
217041479,0,0,0,0,0,0,0,7,0,11,0,0,0,3,0,3,0,3,0,17,0,0,0,0,0,0,0,0,0,0,0,0,0,0,0,0,0,5,0,5,0,0,0,0,0,0,5,0,0,5,281,739,474,522,296,323,162,323,26,3142,7,16,27,29,3,108,9,70,6,279,0,0,4,0,0,0,12,0,0,23,0,0,0,0,0,0,0,0,3,4,5,24,0,3,3,0,0,5,0,43,4,5,6,4,5,0,0,0,0,21,14,40,16,19,17,13,9,18,5,151,317,817,529,589,317,456,191,438,46,3698,0,0,0,0,0,0,0,0,0,0,0,0,0,0,0,0,0,0,0,0,0,0,0,0,0,0,0,3,0,5,0,0,0,0,0,0,0,0,0,4,0,0,0,0,0,0,0,0,0,0,0,0,0,0,0,0,0,0,0,0,0,0,6,0,0,0,0,4,0,9
217041480,0,0,0,0,0,0,0,0,0,4,5,4,3,7,3,14,9,3,3,49,0,0,0,0,0,0,0,0,0,3,0,0,0,0,0,0,0,0,0,0,0,0,3,4,0,6,0,17,3,37,1001,1665,1385,1218,1131,863,628,1129,136,9157,27,56,73,72,37,209,17,235,20,751,0,0,16,0,0,0,16,6,0,36,5,3,3,3,0,3,0,4,0,20,6,29,8,15,3,3,11,17,0,100,5,0,3,6,4,5,0,6,3,37,54,123,37,47,47,44,9,122,4,484,1109,1882,1534,1378,1232,1151,699,1542,164,10682,0,0,0,0,0,0,0,0,0,0,0,0,0,0,0,0,0,0,0,0,0,0,0,0,0,0,0,0,0,0,0,0,0,0,0,0,0,0,0,0,0,0,0,0,0,0,0,0,0,0,0,0,0,0,0,0,0,0,0,0,0,0,0,0,0,0,0,0,0,0
297979799,0,0,0,0,0,0,0,0,0,4,0,0,0,0,0,0,0,0,0,0,0,0,0,0,0,0,0,0,0,0,0,0,0,0,0,0,0,0,0,0,0,0,0,0,0,0,0,0,0,0,0,3,8,3,0,0,5,16,0,37,0,0,0,0,0,0,0,5,0,5,0,0,0,0,0,0,0,0,0,0,0,0,0,0,0,0,0,0,0,0,0,0,0,0,0,0,0,0,0,0,7,20,18,0,4,0,6,21,4,86,0,3,0,6,0,0,0,0,0,12,7,28,34,13,4,0,15,39,5,141,0,0,0,0,0,0,0,0,0,0,0,0,0,0,0,0,0,0,0,0,0,0,0,0,0,0,0,0,0,0,0,0,0,0,0,0,0,0,0,0,0,0,0,0,0,0,0,0,0,0,0,0,0,0,0,0,0,0,0,0,0,0,0,0,0,0,0,0,0,0
299999499,25,100,265,108,54,16,31,237,32,865,13,20,30,62,8,24,28,107,5,290,3,0,10,0,0,0,7,9,11,35,18,46,30,44,15,20,3,48,6,215,12,19,15,37,0,3,194,21,5,306,5121,5229,36661,9303,2038,2035,6497,15158,1710,83744,163,131,2302,233,70,126,169,1812,136,5139,267,15,1123,0,91,31,1323,819,55,3725,8,23,50,17,11,3,104,43,12,269,18,56,59,46,15,12,115,73,14,413,116,112,371,58,103,34,183,179,82,1224,102,98,61,135,57,40,92,203,24,805,5855,5839,40970,10040,2455,2348,8741,18706,2086,97034,10,20,30,49,5,11,6,61,10,204,0,0,0,0,0,0,0,0,0,0,0,15,14,20,0,8,6,28,9,88,3,31,86,20,7,9,8,36,6,200,0,6,14,0,0,3,0,17,0,55,0,9,3,10,7,0,3,4,0,35,9,76,153,102,21,30,25,152,20,584
