POW_SA2_CODE_2021,M_M2_BusTot_15_24,M_M2_BusTot_25_34,M_M2_BusTot_35_44,M_M2_BusTot_45_54,M_M2_BusTot_55_64,M_M2_BusTot_65_74,M_M2_BusTot_75ov,M_M2_BusTot_Tot,M_M2_Other_M2_15_24,M_M2_Other_M2_25_34,M_M2_Other_M2_35_44,M_M2_Other_M2_45_54,M_M2_Other_M2_55_64,M_M2_Other_M2_65_74,M_M2_Other_M2_75ov,M_M2_Other_M2_Tot,M_M2_Tot_M2_15_24,M_M2_Tot_M2_25_34,M_M2_Tot_M2_35_44,M_M2_Tot_M2_45_54,M_M2_Tot_M2_55_64,M_M2_Tot_M2_65_74,M_M2_Tot_M2_75ov,M_M2_Tot_M2_Tot,M_M3_Trn_and_2_oth_Ms_15_24,M_M3_Trn_and_2_oth_Ms_25_34,M_M3_Trn_and_2_oth_Ms_35_44,M_M3_Trn_and_2_oth_Ms_45_54,M_M3_Trn_and_2_oth_Ms_55_64,M_M3_Trn_and_2_oth_Ms_65_74,M_M3_Trn_and_2_oth_Ms_75ov,M_M3_Trn_and_2_oth_Ms_Tot,M_M3_Bus2othMs_ex_tn_15_24,M_M3_Bus2othMs_ex_tn_25_34,M_M3_Bus2othMs_ex_tn_35_44,M_M3_Bus2othMs_ex_tn_45_54,M_M3_Bus2othMs_ex_tn_55_64,M_M3_Bus2othMs_ex_tn_65_74,M_M3_Bus2othMs_ex_tn_75ov,M_M3_Bus2othMs_ex_tn_Tot,M_M3_Other_M3_15_24,M_M3_Other_M3_25_34,M_M3_Other_M3_35_44,M_M3_Other_M3_45_54,M_M3_Other_M3_55_64,M_M3_Other_M3_65_74,M_M3_Other_M3_75ov,M_M3_Other_M3_Tot,M_M3_Tot_M3_15_24,M_M3_Tot_M3_25_34,M_M3_Tot_M3_35_44,M_M3_Tot_M3_45_54,M_M3_Tot_M3_55_64,M_M3_Tot_M3_65_74,M_M3_Tot_M3_75ov,M_M3_Tot_M3_Tot,M_Wkd_at_home_15_24,M_Wkd_at_home_25_34,M_Wkd_at_home_35_44,M_Wkd_at_home_45_54,M_Wkd_at_home_55_64,M_Wkd_at_home_65_74,M_Wkd_at_home_75ov,M_Wkd_at_home_Tot,M_Did_not_go_to_work_15_24,M_Did_not_go_to_work_25_34,M_Did_not_go_to_work_35_44,M_Did_not_go_to_work_45_54,M_Did_not_go_to_work_55_64,M_Did_not_go_to_work_65_74,M_Did_not_go_to_work_75ov,M_Did_not_go_to_work_Tot,M_MT_NS_15_24,M_MT_NS_25_34,M_MT_NS_35_44,M_MT_NS_45_54,M_MT_NS_55_64,M_MT_NS_65_74,M_MT_NS_75ov,M_MT_NS_Tot,M_Tot_15_24,M_Tot_25_34,M_Tot_35_44,M_Tot_45_54,M_Tot_55_64,M_Tot_65_74,M_Tot_75ov,M_Tot_Tot,F_M1_Train_15_24,F_M1_Train_25_34,F_M1_Train_35_44,F_M1_Train_45_54,F_M1_Train_55_64,F_M1_Train_65_74,F_M1_Train_75ov,F_M1_Train_Tot,F_M1_Bus_15_24,F_M1_Bus_25_34,F_M1_Bus_35_44,F_M1_Bus_45_54,F_M1_Bus_55_64,F_M1_Bus_65_74,F_M1_Bus_75ov,F_M1_Bus_Tot,F_M1_Ferry_15_24,F_M1_Ferry_25_34,F_M1_Ferry_35_44,F_M1_Ferry_45_54,F_M1_Ferry_55_64,F_M1_Ferry_65_74,F_M1_Ferry_75ov,F_M1_Ferry_Tot,F_M1_Tram_or_LR_15_24,F_M1_Tram_or_LR_25_34,F_M1_Tram_or_LR_35_44,F_M1_Tram_or_LR_45_54,F_M1_Tram_or_LR_55_64,F_M1_Tram_or_LR_65_74,F_M1_Tram_or_LR_75ov,F_M1_Tram_or_LR_Tot,F_M1_Taxi_or_RSS_15_24,F_M1_Taxi_or_RSS_25_34,F_M1_Taxi_or_RSS_35_44,F_M1_Taxi_or_RSS_45_54,F_M1_Taxi_or_RSS_55_64,F_M1_Taxi_or_RSS_65_74,F_M1_Taxi_or_RSS_75ov,F_M1_Taxi_or_RSS_Tot,F_M1_CarAsDriv_15_24,F_M1_CarAsDriv_25_34,F_M1_CarAsDriv_35_44,F_M1_CarAsDriv_45_54,F_M1_CarAsDriv_55_64,F_M1_CarAsDriv_65_74,F_M1_CarAsDriv_75ov,F_M1_CarAsDriv_Tot,F_M1_CarAsPas_15_24,F_M1_CarAsPas_25_34,F_M1_CarAsPas_35_44,F_M1_CarAsPas_45_54,F_M1_CarAsPas_55_64,F_M1_CarAsPas_65_74,F_M1_CarAsPas_75ov,F_M1_CarAsPas_Tot,F_M1_Truck_15_24,F_M1_Truck_25_34,F_M1_Truck_35_44,F_M1_Truck_45_54,F_M1_Truck_55_64,F_M1_Truck_65_74,F_M1_Truck_75ov,F_M1_Truck_Tot,F_M1_MBikeScoot_15_24,F_M1_MBikeScoot_25_34,F_M1_MBikeScoot_35_44,F_M1_MBikeScoot_45_54,F_M1_MBikeScoot_55_64,F_M1_MBikeScoot_65_74,F_M1_MBikeScoot_75ov,F_M1_MBikeScoot_Tot,F_M1_Bicycle_15_24,F_M1_Bicycle_25_34,F_M1_Bicycle_35_44,F_M1_Bicycle_45_54,F_M1_Bicycle_55_64,F_M1_Bicycle_65_74,F_M1_Bicycle_75ov,F_M1_Bicycle_Tot,F_M1_Other_15_24,F_M1_Other_25_34,F_M1_Other_35_44,F_M1_Other_45_54,F_M1_Other_55_64,F_M1_Other_65_74,F_M1_Other_75ov,F_M1_Other_Tot,F_M1_WlkOnly_15_24,F_M1_WlkOnly_25_34,F_M1_WlkOnly_35_44,F_M1_WlkOnly_45_54,F_M1_WlkOnly_55_64,F_M1_WlkOnly_65_74,F_M1_WlkOnly_75ov,F_M1_WlkOnly_Tot,F_M1_Tot_M1_15_24,F_M1_Tot_M1_25_34,F_M1_Tot_M1_35_44,F_M1_Tot_M1_45_54,F_M1_Tot_M1_55_64,F_M1_Tot_M1_65_74,F_M1_Tot_M1_75ov,F_M1_Tot_M1_Tot,F_M2_TrnBus_15_24,F_M2_TrnBus_25_34,F_M2_TrnBus_35_44,F_M2_TrnBus_45_54,F_M2_TrnBus_55_64,F_M2_TrnBus_65_74,F_M2_TrnBus_75ov,F_M2_TrnBus_Tot
201011001,0,0,0,0,0,0,0,0,4,0,5,0,3,0,0,16,8,4,5,0,3,0,0,16,0,0,0,0,0,0,0,0,0,0,0,0,0,0,0,0,3,3,0,5,0,0,0,16,3,3,0,5,0,0,0,16,10,20,56,61,40,17,0,203,59,24,21,19,19,8,0,151,0,0,3,3,4,0,0,14,410,479,437,438,279,81,5,2142,0,0,0,0,0,0,0,0,0,7,0,0,0,0,0,7,0,0,0,0,0,0,0,0,0,0,0,0,0,0,0,0,0,0,0,3,0,0,0,12,201,295,255,260,202,29,0,1247,65,13,11,9,5,0,0,105,0,0,0,0,0,0,0,0,0,0,0,0,0,0,0,0,0,0,0,0,0,0,0,3,0,0,0,0,0,0,0,3,0,4,3,4,0,0,0,17,270,323,274,280,212,35,0,1397,0,0,0,0,0,0,0,0
201011002,0,0,0,0,0,0,0,9,13,14,11,0,3,4,0,45,16,13,14,4,6,6,0,61,0,0,0,0,0,0,0,4,0,3,0,0,0,0,0,3,14,7,9,0,0,0,0,24,14,11,9,5,0,0,0,33,31,208,272,290,182,59,9,1051,253,139,97,96,91,44,7,725,12,18,0,4,8,7,7,55,1190,1619,1443,1401,1150,363,44,7209,0,11,3,0,0,0,0,15,29,21,12,8,5,0,0,74,0,0,0,0,0,0,0,0,0,0,0,0,0,0,0,0,13,15,0,0,0,0,0,39,1057,1744,1632,1752,1371,252,11,7812,253,98,67,68,63,25,0,574,0,0,0,0,0,0,0,0,0,0,0,0,0,0,0,6,3,3,10,4,8,0,0,34,0,3,6,0,3,0,0,18,59,88,49,65,87,13,0,369,1427,1985,1782,1902,1547,295,11,8950,0,0,0,0,0,0,0,5
201011005,0,0,0,0,0,0,0,0,0,0,3,0,0,0,0,6,5,0,0,4,0,0,0,12,0,0,0,0,0,0,0,0,0,0,0,0,0,0,0,0,0,0,0,0,0,0,0,0,0,0,0,0,0,0,0,0,39,119,140,115,75,37,3,525,18,27,18,27,20,9,0,116,5,3,0,0,0,0,0,11,142,326,303,255,185,70,5,1284,0,0,0,0,0,0,0,0,10,6,5,3,0,0,0,12,0,0,0,0,0,0,0,0,0,0,0,0,0,0,0,0,0,0,0,0,0,0,0,0,81,171,153,159,123,21,0,708,21,9,6,5,0,0,0,32,0,0,0,0,0,0,0,0,0,0,0,0,0,0,0,0,0,0,0,0,0,0,0,0,0,0,0,0,0,0,0,4,4,0,0,4,6,0,0,19,108,183,160,166,131,26,0,777,0,0,0,0,0,0,0,0
201011006,0,0,0,0,0,0,0,0,7,8,0,0,3,0,0,18,7,8,0,0,5,0,0,21,0,0,0,0,0,0,0,0,0,0,0,0,0,0,0,0,3,0,0,0,5,0,0,8,3,3,0,0,5,0,0,5,0,17,16,19,20,10,4,87,72,36,22,22,33,8,4,201,0,3,0,0,6,0,0,11,506,681,536,560,472,126,14,2897,0,0,0,0,0,0,0,0,3,0,0,0,0,0,0,8,0,0,0,0,0,0,0,0,0,0,0,0,0,0,0,0,4,0,0,4,0,0,0,5,191,272,237,251,165,35,0,1151,104,18,10,5,7,6,0,152,0,0,0,0,0,0,0,0,0,0,0,0,0,0,0,0,0,0,0,0,0,0,0,0,0,0,0,0,0,0,0,5,6,0,3,5,5,0,0,20,314,297,249,265,179,40,4,1346,0,0,0,0,0,0,0,0
201011007,0,0,0,0,0,0,0,0,0,0,0,0,0,0,0,0,0,0,0,0,0,0,0,0,0,0,0,0,0,0,0,0,0,0,0,0,0,0,0,0,0,0,0,0,0,0,0,0,0,0,0,0,0,0,0,0,0,0,8,18,7,12,3,48,4,4,0,6,6,4,0,24,0,0,0,0,0,0,0,3,42,80,62,65,44,23,6,325,0,0,0,0,0,0,0,0,0,0,0,0,0,0,0,0,0,0,0,0,0,0,0,0,0,0,0,0,0,0,0,0,0,0,0,0,0,0,0,0,10,24,29,21,11,0,0,95,0,4,0,0,0,0,0,9,0,0,0,0,0,0,0,3,0,0,0,0,0,0,0,0,0,0,0,0,0,0,0,0,0,0,0,0,0,0,0,0,0,0,0,0,0,0,0,8,13,27,29,27,11,3,0,104,0,0,0,0,0,0,0,0
201011008,0,3,0,0,0,0,0,5,16,10,7,7,3,0,0,40,16,13,7,7,3,0,0,42,0,0,0,0,0,0,0,0,0,0,0,0,0,0,0,0,7,10,4,4,0,0,0,19,7,9,4,4,0,0,0,22,6,76,140,128,66,27,0,443,119,66,54,95,87,31,3,462,5,6,4,8,7,3,0,28,998,1390,1336,1433,1163,286,26,6625,0,3,0,0,0,0,0,9,12,0,3,0,0,0,0,12,0,0,0,0,0,0,0,0,0,0,0,0,0,0,0,0,0,0,3,0,0,0,0,3,396,530,503,592,469,68,5,2562,112,24,14,21,22,5,0,204,0,0,0,0,0,0,0,0,3,0,0,0,0,0,0,4,0,3,3,3,0,0,0,12,0,0,4,0,0,0,0,8,17,15,13,17,10,4,0,70,545,578,546,635,500,75,7,2883,0,0,0,0,0,0,0,0
201011481,0,0,0,0,0,0,0,3,3,4,0,0,0,3,0,10,3,5,0,0,0,3,0,15,0,0,0,0,0,0,0,0,0,0,0,0,0,0,0,0,0,6,5,0,0,0,0,11,7,6,5,0,0,0,0,10,0,22,21,34,24,10,6,123,30,15,8,11,16,6,0,97,0,0,3,3,0,3,0,10,230,274,224,222,193,62,10,1204,0,0,0,0,0,0,0,4,6,0,0,0,0,0,0,14,0,0,0,0,0,0,0,0,0,0,0,0,0,0,0,0,0,0,0,3,0,0,0,4,127,186,178,206,180,32,3,912,38,13,3,7,5,3,0,70,0,0,0,0,0,0,0,0,0,0,0,0,0,0,0,0,0,0,0,0,0,0,0,0,0,4,0,0,0,0,0,7,5,3,3,3,13,4,0,31,179,212,185,224,195,41,3,1037,0,0,0,0,0,0,0,0
201011482,0,0,0,0,0,0,0,0,0,0,0,6,0,0,0,8,0,3,0,10,0,0,0,13,0,0,0,0,0,0,0,0,0,0,0,0,0,0,0,0,4,0,0,0,0,0,0,6,4,0,0,0,0,0,0,8,0,24,43,54,62,24,6,212,21,15,20,16,21,9,0,98,4,0,0,0,4,0,0,8,173,215,218,238,275,67,12,1203,0,0,0,0,0,0,0,0,5,0,0,0,0,0,0,10,0,0,0,0,0,0,0,0,0,0,0,0,0,0,0,0,0,0,0,0,0,0,0,3,76,128,132,135,124,17,5,618,39,4,4,12,0,0,0,60,0,0,0,0,0,0,0,0,0,0,0,0,0,0,0,0,0,0,0,0,0,0,0,0,0,0,0,0,0,0,0,0,6,0,4,16,3,0,0,30,132,137,142,161,131,18,5,728,0,0,0,0,0,0,0,0
201011483,6,0,0,0,0,0,0,3,7,0,0,0,0,0,0,6,5,0,0,0,0,0,0,9,0,0,0,0,0,0,0,0,0,0,0,0,0,0,0,0,0,3,0,0,0,0,0,6,0,3,0,0,0,0,0,6,3,27,32,33,24,10,3,127,33,35,24,29,24,8,0,147,0,3,0,0,0,0,0,9,218,341,302,272,205,56,10,1403,0,0,0,0,0,0,0,0,0,4,0,0,0,0,0,6,0,0,0,0,0,0,0,0,0,0,0,0,0,0,0,0,0,0,0,0,0,0,0,4,126,162,192,191,155,26,0,854,34,14,6,6,0,3,0,69,0,0,0,0,0,0,0,0,0,0,0,0,0,0,0,0,0,0,3,0,0,0,0,3,0,0,0,0,0,0,0,3,8,6,9,4,0,0,0,25,170,184,213,204,162,32,4,967,0,0,0,0,0,0,0,0
201011484,0,0,0,0,0,0,0,6,9,3,0,0,0,0,0,10,12,3,0,0,0,0,0,23,0,0,0,0,0,0,0,0,0,0,0,0,0,0,0,0,3,0,0,0,0,0,0,8,3,0,0,0,0,0,0,8,6,19,25,10,15,7,5,81,97,31,12,15,16,10,0,182,3,3,0,0,0,0,0,15,401,323,226,238,200,77,4,1474,0,0,0,0,0,0,0,0,8,0,0,0,0,0,0,12,0,0,0,0,0,0,0,0,0,0,0,0,0,0,0,0,0,4,6,4,0,0,0,11,165,209,197,236,184,32,0,1024,102,15,9,12,6,0,0,142,0,0,0,0,0,0,0,0,0,0,0,0,0,0,0,0,0,0,0,0,0,0,0,0,0,0,0,0,0,0,0,0,12,7,4,4,7,0,0,42,289,236,215,253,209,37,0,1236,0,0,0,0,0,0,0,0
201021009,0,0,0,0,0,0,0,0,0,0,0,0,0,0,0,8,0,0,0,0,0,0,0,11,0,0,0,0,0,0,0,0,0,0,0,0,0,0,0,0,0,0,0,0,0,0,0,0,0,0,0,0,0,0,0,0,6,7,29,37,45,23,10,153,20,16,12,7,16,6,0,79,0,0,4,0,0,0,0,7,160,158,199,160,178,63,22,939,0,0,0,0,0,0,0,0,0,0,0,0,0,0,0,0,0,0,0,0,0,0,0,0,0,0,0,0,0,0,0,0,0,0,0,0,0,0,0,4,72,104,86,120,94,21,0,510,32,8,4,10,9,0,0,62,0,0,0,0,0,0,0,3,0,0,0,0,0,0,0,0,0,0,0,4,0,0,0,0,0,0,0,0,3,0,0,3,6,4,4,10,8,10,0,37,113,118,94,142,124,28,7,618,0,0,0,0,0,0,0,0
201021010,0,0,0,0,0,0,0,0,0,0,0,0,0,0,0,4,0,0,0,0,0,0,0,10,0,0,0,0,0,0,0,0,0,0,0,0,0,0,0,0,0,0,0,0,0,0,0,0,0,0,0,0,0,0,0,0,5,8,42,46,48,36,26,216,19,17,16,12,14,9,0,79,0,0,0,0,0,0,0,5,108,176,188,219,226,100,36,1051,0,0,0,0,0,0,0,0,4,5,0,0,0,0,0,6,0,0,0,0,0,0,0,0,0,0,0,0,0,0,0,0,0,0,0,0,0,0,0,0,54,113,95,138,135,14,0,542,25,7,3,4,8,0,0,41,0,0,0,0,0,0,0,0,0,0,0,0,0,0,0,0,0,0,0,0,0,0,0,0,0,0,0,5,0,0,0,3,0,8,10,7,20,6,0,49,82,129,108,153,161,16,0,638,0,0,0,0,0,0,0,0
201021011,0,0,0,0,0,0,0,4,0,6,0,0,3,0,0,7,0,6,0,0,3,0,0,15,0,0,0,0,0,0,0,0,0,0,0,0,0,0,0,0,0,0,0,0,0,0,0,0,0,0,0,0,0,0,0,6,7,22,63,98,102,75,28,391,40,32,39,25,29,17,0,188,3,0,3,0,4,0,4,17,195,266,306,362,349,179,57,1716,0,0,0,0,0,0,0,0,0,0,0,0,0,0,0,0,0,0,0,0,0,0,0,0,0,0,0,0,0,0,0,0,0,0,5,0,0,0,0,5,105,152,188,279,221,40,4,980,44,12,12,4,10,0,0,76,0,0,0,0,0,0,0,0,0,0,0,0,0,0,0,0,0,3,0,0,0,0,0,8,0,0,0,0,4,0,0,8,11,10,14,10,25,9,4,88,153,177,216,300,262,50,7,1172,0,0,0,0,0,0,0,0
201021012,0,0,0,0,0,0,0,0,0,0,0,0,0,0,0,10,0,0,0,0,0,0,0,10,0,0,0,0,0,0,0,0,0,0,0,0,0,0,0,0,0,0,0,0,0,0,0,0,0,0,0,0,0,0,0,0,9,6,22,35,51,20,16,153,13,0,5,11,8,3,3,45,0,0,0,0,0,0,4,3,91,118,128,144,146,65,34,725,0,0,0,0,0,0,0,0,0,0,0,0,0,0,0,0,0,0,0,0,0,0,0,0,0,0,0,0,0,0,0,0,0,0,0,0,0,0,0,0,17,33,27,29,27,3,4,150,6,0,4,3,0,0,0,16,0,0,0,0,0,0,0,0,0,0,0,0,0,0,0,0,0,0,0,0,0,0,0,0,0,0,0,0,0,0,0,0,0,4,3,4,8,4,0,22,26,39,32,33,33,11,7,187,0,0,0,0,0,0,0,0
201031013,0,0,0,0,0,0,0,0,0,0,0,0,0,0,0,6,0,0,0,0,0,0,0,6,0,0,0,0,0,0,0,0,0,0,0,0,0,0,0,0,0,0,0,0,0,0,0,0,0,0,0,0,0,0,0,0,4,8,10,16,39,22,11,116,9,5,5,10,11,0,0,32,3,4,0,0,0,0,0,11,61,79,85,109,125,64,22,553,0,0,0,0,0,0,0,0,0,0,0,0,0,0,0,0,0,0,0,0,0,0,0,0,0,0,0,0,0,0,0,0,0,0,0,0,0,0,0,0,16,33,34,55,39,11,4,178,4,0,4,0,4,3,0,16,0,0,0,0,0,0,0,0,0,0,0,0,0,0,0,0,0,0,0,0,0,0,0,0,0,0,0,0,0,0,0,3,4,3,0,7,7,0,0,28,29,38,32,60,53,14,7,228,0,0,0,0,0,0,0,0
201031014,0,0,0,0,0,0,0,0,0,0,0,3,0,0,0,3,0,0,0,3,0,0,0,3,0,0,0,0,0,0,0,0,0,0,0,0,0,0,0,0,0,0,0,0,0,0,0,0,0,0,0,0,0,0,0,0,3,6,16,22,37,25,8,120,9,12,4,7,15,4,0,61,0,4,0,0,0,3,0,10,71,106,129,152,171,79,15,715,0,0,0,0,0,0,0,0,0,0,0,0,0,0,0,0,0,0,0,0,0,0,0,0,0,0,0,0,0,0,0,0,0,0,0,0,0,0,0,0,29,46,74,100,73,19,0,350,8,3,0,4,6,5,0,27,0,0,0,0,0,0,0,0,0,0,0,0,0,0,0,0,0,0,0,0,0,0,0,0,0,0,0,0,4,0,0,0,4,6,0,5,7,4,0,27,48,56,77,114,89,26,3,404,0,0,0,0,0,0,0,0
201031015,0,0,0,0,0,0,0,4,0,0,0,0,0,0,0,6,0,0,0,0,0,0,0,3,0,0,0,0,0,0,0,0,0,0,0,0,0,0,0,0,0,0,0,0,0,0,0,0,0,0,0,0,0,0,0,0,0,8,12,24,20,16,4,89,0,0,0,5,0,5,0,15,0,0,0,0,0,0,0,0,53,62,66,78,82,43,15,393,0,0,0,0,0,0,0,0,0,0,0,0,0,0,0,0,0,0,0,0,0,0,0,0,0,0,0,0,0,0,0,0,0,0,0,0,0,0,0,0,13,23,24,26,19,3,0,110,12,5,3,0,0,0,0,18,0,0,0,0,0,0,0,0,0,0,0,0,0,0,0,0,0,0,0,0,0,0,0,0,0,0,0,0,0,0,0,0,0,0,0,0,3,4,4,13,26,23,29,29,23,5,4,147,0,0,0,0,0,0,0,0
201031016,0,0,0,0,0,0,0,0,3,0,0,0,0,0,0,12,3,0,4,0,0,0,0,13,0,0,0,0,0,0,0,0,0,0,0,0,0,0,0,0,0,3,0,0,0,0,0,3,0,3,0,0,0,0,0,3,0,3,4,15,22,13,5,59,47,19,22,24,28,10,4,153,0,3,4,7,4,0,0,21,270,272,236,312,323,93,15,1522,0,0,0,0,0,0,0,0,0,0,0,0,0,0,0,3,0,0,0,0,0,0,0,0,0,0,0,0,0,0,0,0,3,0,0,0,0,0,0,0,153,246,234,333,320,88,9,1383,53,21,19,12,14,3,0,114,0,0,0,0,0,0,0,0,0,0,0,0,0,0,0,3,0,0,0,0,0,0,0,4,0,0,0,0,5,0,0,3,29,16,13,19,12,4,0,99,239,289,265,369,354,101,7,1617,0,0,0,0,0,0,0,0
201031017,0,0,0,0,0,0,0,0,0,0,3,0,0,3,0,6,0,0,3,0,0,3,0,6,0,0,0,0,0,0,0,0,0,0,0,0,0,0,0,0,0,0,0,0,0,0,0,0,0,0,0,0,0,0,0,0,8,3,13,20,23,12,5,83,7,0,3,0,4,9,0,24,0,0,3,0,4,0,0,4,52,89,84,118,116,77,22,564,0,0,0,0,0,0,0,0,0,0,0,0,0,0,0,0,0,0,0,0,0,0,0,0,0,0,0,0,0,0,0,0,0,0,0,0,0,0,0,0,10,27,42,40,42,9,4,166,4,3,0,3,0,0,0,12,0,0,0,0,0,0,0,0,0,0,0,0,0,0,0,0,0,0,0,0,0,0,0,0,0,0,0,0,0,0,0,0,5,5,0,3,4,9,0,24,17,33,42,44,47,19,4,211,0,0,0,0,0,0,0,0
202011018,10,7,0,0,0,0,0,18,20,19,14,7,4,0,0,54,29,21,17,7,4,0,0,83,0,0,0,0,0,0,0,0,0,0,0,0,0,0,0,0,4,3,3,4,0,0,0,20,4,6,3,4,0,0,0,20,62,279,367,350,221,69,6,1354,230,141,142,114,151,68,8,846,7,13,13,9,14,9,4,64,1383,1967,1924,1797,1473,429,47,9011,3,5,4,0,4,0,0,17,59,26,19,6,7,3,0,117,0,0,0,0,0,0,0,0,0,0,0,0,0,0,0,0,0,9,0,4,0,0,0,18,1092,1759,1728,1676,1421,268,14,7953,274,111,76,78,82,16,0,644,0,0,0,0,0,0,0,0,3,4,0,0,4,0,0,11,0,15,12,20,9,0,0,59,0,6,12,3,3,0,0,32,59,104,57,60,66,15,0,357,1498,2032,1902,1851,1596,308,21,9211,0,0,0,0,0,0,0,0
202011019,0,0,0,0,0,0,0,3,7,0,0,0,0,0,0,7,9,0,5,4,0,0,0,15,0,0,0,0,0,0,0,0,0,0,0,0,0,0,0,0,0,0,0,0,0,0,0,3,0,0,0,0,0,0,0,3,3,11,20,16,11,9,0,68,47,16,15,13,19,8,0,109,4,0,3,0,0,3,0,14,269,243,203,199,193,59,6,1180,0,0,0,0,0,0,0,0,0,0,0,0,0,0,0,4,0,0,0,0,0,0,0,0,0,0,0,0,0,0,0,0,0,0,0,0,0,0,0,0,95,137,148,162,133,21,6,703,55,14,0,3,3,0,0,74,0,0,0,0,0,0,0,0,0,0,0,0,0,0,0,0,0,0,0,0,0,0,0,0,0,0,0,0,0,0,0,5,5,5,4,3,4,0,0,18,155,151,155,171,144,24,6,806,0,0,0,0,0,0,0,0
202011020,3,0,0,0,0,0,0,4,0,4,3,0,8,0,0,14,4,3,4,0,8,0,0,18,0,0,0,0,0,0,0,0,0,0,0,0,0,0,0,0,0,4,0,0,0,0,0,9,0,3,0,5,0,0,0,10,16,35,59,65,52,27,6,256,97,38,30,29,34,18,0,245,4,3,5,0,4,0,0,21,664,861,732,724,579,163,18,3738,0,0,0,0,0,0,0,0,8,4,3,0,5,0,0,14,0,0,0,0,0,0,0,0,0,0,0,0,0,0,0,0,0,5,6,0,0,0,0,8,284,427,411,436,369,66,0,1995,90,26,13,17,10,0,0,158,0,0,0,0,0,0,0,0,0,0,0,0,0,0,0,0,0,0,3,0,6,0,0,9,0,0,0,3,0,0,0,10,20,3,7,9,12,0,0,51,403,470,438,472,397,63,4,2251,0,0,0,0,0,0,0,0
202011021,4,0,0,0,0,0,0,4,0,0,0,0,0,0,0,4,4,0,0,4,0,0,0,10,0,0,0,0,0,0,0,0,0,0,0,0,0,0,0,0,0,0,0,0,0,0,0,0,0,0,0,0,0,0,0,0,5,41,41,46,42,22,0,192,10,4,7,0,13,6,0,46,0,0,0,0,0,0,0,0,97,192,202,165,148,53,0,864,0,0,0,0,0,0,0,0,0,0,0,0,0,0,0,0,0,0,0,0,0,0,0,0,0,0,0,0,0,0,0,0,0,0,0,0,0,0,0,0,53,112,135,137,114,18,5,575,20,0,6,0,10,4,0,37,0,0,0,0,0,0,0,0,0,0,0,0,0,0,0,0,0,0,0,0,0,0,0,5,0,0,0,0,0,0,0,0,3,3,4,3,4,0,0,22,79,123,150,145,126,20,5,640,0,0,0,0,0,0,0,0
202011022,5,0,0,0,0,0,0,5,3,5,0,3,0,0,0,16,9,5,0,3,3,0,0,23,0,0,0,0,0,0,0,0,0,0,0,0,0,0,0,0,0,0,5,0,0,0,0,6,0,0,5,0,0,0,0,6,6,20,45,49,45,22,4,195,121,35,43,38,39,23,0,300,5,3,4,0,5,0,0,18,757,755,684,721,637,200,17,3771,0,0,0,0,0,0,0,0,22,7,0,8,0,0,0,42,0,0,0,0,0,0,0,0,0,0,0,0,0,0,0,0,0,3,0,0,0,0,0,7,361,431,453,469,389,66,3,2173,151,33,13,16,12,0,0,224,0,0,0,0,0,0,0,0,0,0,0,0,0,0,0,4,0,0,5,0,0,0,0,10,0,0,0,0,3,0,0,4,9,3,9,11,8,0,0,47,549,480,480,503,411,64,3,2502,0,0,0,0,0,0,0,0
202011023,0,0,0,0,0,0,0,0,4,0,0,0,0,0,0,3,4,0,0,0,0,0,0,3,0,0,0,0,0,0,0,0,0,0,0,0,0,0,0,0,0,0,0,0,0,0,0,0,0,0,0,0,0,0,0,0,0,6,12,14,18,6,0,53,3,4,0,0,5,10,0,25,0,0,0,0,0,0,0,3,76,83,58,75,67,23,9,386,0,0,0,0,0,0,0,0,0,0,0,0,0,0,0,0,0,0,0,0,0,0,0,0,0,0,0,0,0,0,0,0,0,0,0,0,0,0,0,0,28,80,66,59,31,0,0,262,13,6,0,0,0,0,0,15,0,0,0,0,0,0,0,0,0,0,0,0,0,0,0,0,0,0,0,0,0,0,0,0,0,0,0,0,0,0,0,0,0,0,0,0,4,0,0,9,40,79,72,59,38,3,0,290,0,0,0,0,0,0,0,0
202011024,0,0,0,0,0,0,0,0,0,0,0,0,0,0,0,5,0,0,0,0,3,0,0,4,0,0,0,0,0,0,0,0,0,0,0,0,0,0,0,0,0,0,0,0,0,0,0,0,0,0,0,0,0,0,0,4,6,20,38,36,34,12,8,152,18,5,0,5,14,3,0,49,0,0,0,0,0,0,0,6,93,136,145,141,118,46,7,684,0,0,0,0,0,0,0,0,3,0,4,0,0,0,0,9,0,0,0,0,0,0,0,0,0,0,0,0,0,0,0,0,0,0,0,0,0,0,0,0,69,84,113,130,74,10,0,473,32,0,0,0,0,0,0,36,0,0,0,0,0,0,0,4,0,0,0,0,0,0,0,0,0,0,0,0,0,0,0,0,0,0,0,0,0,0,0,4,4,0,0,4,5,0,0,15,106,83,114,135,80,10,0,535,0,0,0,0,0,0,0,0
202011025,0,0,0,0,0,0,0,0,0,0,3,0,0,0,0,8,0,0,3,0,0,0,0,10,0,0,0,0,0,0,0,0,0,0,0,0,0,0,0,0,0,0,0,0,0,0,0,4,4,0,0,0,0,0,0,3,3,30,54,52,45,16,3,206,54,41,33,19,32,11,0,184,0,0,0,0,0,0,3,9,391,483,423,418,349,97,12,2172,0,0,0,0,0,0,0,0,7,0,4,0,0,0,0,16,0,0,0,0,0,0,0,0,0,0,0,0,0,0,0,0,0,0,0,0,0,0,0,0,197,241,209,201,136,21,0,1008,48,5,8,5,6,0,0,75,0,0,0,0,0,0,0,0,0,0,0,0,0,0,0,4,0,0,3,0,0,0,0,5,0,0,0,0,0,0,0,6,8,7,4,4,12,0,0,33,272,256,224,214,154,27,0,1146,0,0,0,0,0,0,0,0
202021026,0,0,0,0,0,0,0,0,5,10,0,4,0,0,0,12,4,9,0,4,0,0,0,18,0,0,0,0,0,0,0,0,0,0,0,0,0,0,0,0,0,0,0,0,0,0,0,0,0,0,0,0,0,0,0,0,6,9,29,34,43,26,9,151,7,12,6,3,16,5,0,44,3,0,0,0,0,0,0,7,162,279,269,222,192,56,21,1203,0,0,0,0,0,0,0,0,0,0,0,0,0,0,0,0,0,0,0,0,0,0,0,0,0,0,0,0,0,0,0,0,0,0,0,0,0,0,0,0,44,84,82,70,60,17,0,349,3,16,6,10,9,0,0,44,0,0,0,0,0,0,0,0,0,0,0,0,0,0,0,0,0,0,0,0,0,0,0,0,0,0,0,4,0,0,0,6,3,0,0,7,4,5,0,16,53,103,92,83,70,16,0,421,0,0,0,0,0,0,0,0
202021027,0,0,0,0,0,0,0,0,0,6,3,8,0,0,0,15,4,6,3,8,4,0,0,28,0,0,0,0,0,0,0,0,0,0,0,0,0,0,0,0,0,3,0,0,0,0,0,6,3,3,3,0,0,0,0,6,0,36,77,84,64,42,16,317,57,34,56,48,70,28,0,296,5,0,5,4,5,0,0,19,390,539,574,652,646,197,26,3036,6,7,3,4,6,0,0,22,0,0,0,0,0,0,0,5,0,0,0,0,0,0,0,0,0,0,0,0,0,0,0,0,3,0,0,5,0,0,0,11,148,280,324,463,385,80,0,1688,56,12,11,23,16,4,0,129,0,0,0,0,0,0,0,0,0,0,0,0,0,0,0,0,6,4,7,14,3,0,0,39,0,0,0,0,0,0,0,0,23,14,13,16,20,6,0,95,246,321,361,528,428,97,9,1980,0,0,0,0,0,0,0,4
202021028,0,0,0,0,0,0,0,0,0,0,0,0,6,4,0,7,0,0,0,0,6,4,0,8,0,0,0,0,0,0,0,0,0,0,0,0,0,0,0,0,0,0,0,0,0,0,0,0,0,0,0,0,0,0,0,0,6,13,25,52,78,64,21,267,19,6,9,12,20,14,3,78,0,5,0,0,3,3,0,9,86,108,126,193,243,137,36,934,0,0,0,0,0,0,0,0,0,0,0,0,0,0,0,0,0,0,0,0,0,0,0,0,0,0,0,0,0,0,0,0,0,0,0,0,0,0,0,0,23,52,57,89,87,30,0,337,13,0,0,0,0,0,0,20,0,0,0,0,0,0,0,0,0,0,0,0,0,0,0,0,0,0,0,0,0,0,0,0,0,0,0,0,0,0,0,0,5,3,4,14,14,3,0,53,45,60,66,103,99,29,3,411,0,0,0,0,0,0,0,0
202021029,0,0,0,0,0,0,0,0,0,0,0,0,4,0,0,5,0,0,0,0,4,0,0,3,0,0,0,0,0,0,0,0,0,0,0,0,0,0,0,0,0,0,0,0,0,0,0,0,0,0,0,0,0,0,0,0,0,6,17,27,18,12,13,86,17,16,15,7,7,7,0,68,5,0,0,0,0,0,0,11,88,159,147,156,134,62,19,771,0,0,0,0,0,0,0,0,0,0,0,0,0,0,0,0,0,0,0,0,0,0,0,0,0,0,0,0,0,0,0,0,0,0,0,0,0,0,0,0,27,54,48,71,86,19,0,310,10,0,4,8,4,0,0,21,0,0,0,0,0,0,0,0,0,0,0,0,0,0,0,0,0,0,0,0,0,0,0,0,0,0,0,0,0,0,0,3,0,0,0,0,3,6,0,13,37,58,58,73,95,22,3,348,0,0,0,0,0,0,0,0
202021030,0,0,0,0,0,0,0,0,0,6,3,6,4,0,0,10,0,6,3,7,5,3,0,26,0,0,0,0,0,0,0,0,0,0,0,0,0,0,0,0,0,0,0,0,0,0,0,0,3,0,0,0,0,0,0,3,10,26,63,96,78,45,25,335,66,32,28,50,51,17,0,243,4,5,0,4,5,0,3,19,353,458,439,500,423,176,45,2396,0,4,0,0,0,0,0,8,0,0,0,0,0,0,0,0,0,0,0,0,0,0,0,0,0,0,0,0,0,0,0,0,0,0,0,0,0,0,0,0,176,224,281,380,307,54,6,1431,65,36,12,6,11,4,0,139,0,0,0,0,0,0,0,6,0,0,0,0,0,0,0,0,0,0,0,0,0,0,0,6,0,0,0,0,0,0,0,5,25,20,11,16,12,8,3,104,268,282,311,416,338,68,3,1689,0,0,0,0,0,0,0,0
202021031,0,0,0,0,0,0,0,0,0,0,0,0,0,0,0,4,0,0,0,0,0,0,0,4,0,0,0,0,0,0,0,0,0,0,0,0,0,0,0,0,0,0,0,0,0,0,0,0,0,0,0,0,0,0,0,0,5,9,58,73,56,39,14,250,38,10,9,8,12,10,3,83,0,0,0,0,0,0,0,10,162,145,184,232,178,97,26,1022,0,6,0,0,0,0,0,8,4,0,0,0,0,0,0,4,0,0,0,0,0,0,0,0,0,0,0,0,0,0,0,0,0,0,0,0,0,0,0,0,82,115,147,201,135,25,0,709,37,6,4,0,7,0,0,57,0,0,0,0,0,0,0,0,0,0,0,0,0,0,0,0,0,0,0,6,0,0,0,5,0,0,0,0,0,0,0,0,12,5,3,9,13,0,4,40,137,129,158,217,158,31,3,827,0,0,0,0,0,0,0,4
202031032,0,0,0,0,0,0,0,0,0,0,0,0,4,0,0,5,0,0,0,0,4,0,0,5,0,0,0,0,0,0,0,0,0,0,0,0,0,0,0,0,0,0,0,0,0,0,0,0,0,0,0,0,0,0,0,0,5,6,25,25,31,17,11,116,9,33,37,36,20,3,0,144,4,0,0,0,0,0,0,9,112,255,304,267,205,79,18,1237,0,0,0,0,0,0,0,0,0,0,0,0,0,0,0,0,0,0,0,0,0,0,0,0,0,0,0,0,0,0,0,0,0,0,0,0,0,0,0,0,23,48,48,43,32,10,0,201,4,7,4,0,3,0,0,27,0,0,0,0,0,0,0,0,0,0,0,0,0,0,0,0,0,0,0,0,0,0,0,0,0,0,0,0,0,0,0,5,5,3,0,6,15,5,0,25,31,52,54,48,55,14,0,261,0,0,0,0,0,0,0,0
202031033,0,0,0,0,0,0,0,0,0,4,0,0,0,0,0,4,0,4,0,5,0,0,0,5,0,0,0,0,0,0,0,0,0,0,0,0,0,0,0,0,0,0,0,0,0,0,0,6,0,0,0,0,0,0,0,6,12,13,45,56,77,67,23,295,18,10,6,10,13,9,6,75,4,0,0,4,0,0,4,23,137,218,248,303,364,179,58,1505,0,0,0,0,0,0,0,0,0,0,0,0,0,0,0,0,0,0,0,0,0,0,0,0,0,0,0,0,0,0,0,0,0,0,0,0,0,0,0,0,46,86,87,132,144,32,0,533,23,10,4,10,3,0,0,52,0,0,0,0,0,0,0,0,0,0,0,0,0,0,0,3,0,0,0,0,0,0,0,3,0,0,0,0,4,3,0,6,11,8,13,16,33,26,5,107,86,108,109,158,190,58,8,709,0,0,0,0,0,0,0,0
203011034,0,0,0,0,0,0,0,0,0,0,0,0,0,0,0,4,0,0,0,0,0,0,0,4,0,0,0,0,0,0,0,0,0,0,0,0,0,0,0,0,0,0,0,0,0,0,0,0,0,0,0,0,0,0,0,0,8,19,18,27,29,15,8,119,23,12,3,8,5,7,0,55,0,0,4,0,0,0,0,3,137,166,171,179,95,36,13,798,0,0,0,0,0,0,0,0,0,0,0,0,0,0,0,0,0,0,0,0,0,0,0,0,0,0,0,0,0,0,0,0,0,0,0,0,0,0,0,0,90,158,152,122,73,22,0,621,22,4,4,8,0,0,0,38,0,0,0,0,0,0,0,0,0,0,0,0,0,0,0,0,0,0,0,0,0,0,0,0,0,0,0,0,0,0,0,0,10,4,6,3,0,0,0,24,121,164,165,127,78,24,6,688,0,0,0,0,0,0,0,0
203011035,0,0,0,0,0,0,0,0,0,0,0,0,0,0,0,5,0,0,0,0,0,0,0,5,0,0,0,0,0,0,0,0,0,0,0,0,0,0,0,0,0,0,0,0,0,0,0,3,0,0,0,0,0,0,0,3,15,19,22,36,44,35,14,182,11,9,9,11,5,4,0,44,0,0,0,0,0,0,0,6,101,141,152,178,134,100,23,821,0,0,0,0,0,0,0,0,0,0,0,0,0,0,0,0,0,0,0,0,0,0,0,0,0,0,0,0,0,0,0,0,0,0,0,0,0,0,0,0,53,58,70,81,55,7,0,322,25,0,3,0,0,7,0,33,0,0,0,0,0,0,0,0,0,0,0,0,0,0,0,0,7,0,0,0,0,0,0,7,0,0,0,0,0,0,0,5,4,3,0,12,11,5,0,32,82,65,77,98,62,14,0,394,0,0,0,0,0,0,0,0
203011036,0,0,0,0,0,0,0,0,4,0,0,0,3,0,0,5,4,0,0,0,3,0,0,5,0,0,0,0,0,0,0,0,0,0,0,0,0,0,0,0,0,0,0,0,0,0,0,0,0,0,0,0,0,0,0,0,12,12,25,44,65,40,14,207,17,8,9,3,9,3,4,51,0,0,0,0,0,0,0,3,114,129,133,164,189,102,35,862,0,0,0,0,0,0,0,0,3,0,0,0,0,0,0,3,0,0,0,0,0,0,0,0,0,0,0,0,0,0,0,0,0,0,0,0,0,0,0,0,73,58,70,81,87,8,0,382,24,3,0,0,3,3,0,31,0,0,0,0,0,0,0,0,0,0,0,0,0,0,0,0,0,0,0,0,0,0,0,5,0,0,0,0,0,0,0,4,0,4,8,13,18,6,0,47,102,69,80,93,106,19,0,471,0,0,0,0,0,0,0,0
203021037,0,0,0,0,0,0,0,5,0,0,3,0,4,0,0,7,3,3,3,0,3,0,0,15,0,0,0,0,0,0,0,0,0,0,0,0,0,0,0,0,4,0,0,0,0,0,0,3,6,0,0,0,0,0,0,8,4,38,48,47,35,10,4,179,104,19,29,23,29,11,0,213,4,0,4,0,0,0,0,12,508,436,408,331,306,80,13,2081,0,4,0,0,0,0,0,6,19,15,8,3,9,0,0,46,0,0,0,0,0,0,0,0,0,0,0,0,0,0,0,0,0,3,0,0,0,0,0,9,307,471,399,446,373,50,5,2040,123,25,8,12,11,4,0,193,0,0,0,0,0,0,0,0,0,0,0,0,0,0,0,0,0,3,0,0,0,0,0,6,0,0,0,0,4,0,0,7,13,14,9,16,13,12,0,75,462,529,428,479,406,64,5,2379,0,0,0,0,0,0,0,0
203021039,14,13,8,0,0,0,0,37,21,22,16,17,10,3,0,94,36,42,38,30,13,8,0,167,0,0,3,0,0,0,0,12,7,0,0,0,0,0,0,7,12,10,9,10,0,0,0,42,17,16,16,10,0,0,0,57,91,695,975,745,455,133,20,3114,309,274,192,173,196,105,5,1248,19,17,16,7,11,3,3,77,1953,3775,3533,3107,2383,710,92,15561,15,31,16,11,11,0,0,83,96,68,42,36,31,11,0,280,0,0,3,0,0,0,0,3,0,0,0,0,0,0,0,0,11,10,10,0,5,0,0,26,1212,2393,2069,2202,1750,326,15,9969,241,146,92,96,101,36,0,718,0,0,0,0,0,0,0,0,5,0,3,4,3,0,0,18,8,23,18,33,8,3,0,98,4,18,17,7,6,5,0,47,83,130,64,85,79,12,0,455,1664,2827,2339,2467,1997,396,14,11700,3,7,0,3,0,0,0,21
203021040,0,0,0,0,0,0,0,0,4,4,0,0,0,0,0,8,3,4,0,3,0,0,0,7,3,0,0,0,0,0,0,3,0,0,0,0,0,0,0,0,5,3,0,0,0,0,0,8,4,3,0,0,0,0,0,11,11,77,93,90,59,27,4,356,95,50,26,18,19,10,0,220,0,0,0,3,0,0,0,10,446,582,519,424,310,112,28,2425,0,3,4,0,0,0,0,7,10,8,7,0,5,0,0,26,0,0,0,0,0,0,0,0,0,0,0,0,0,0,0,0,4,0,4,0,0,0,0,11,339,432,410,450,310,67,10,2026,91,21,10,14,11,3,0,156,0,0,0,0,0,0,0,0,0,0,0,0,0,0,0,6,0,0,0,0,0,0,0,3,0,0,0,7,0,0,0,9,29,20,12,28,10,3,0,96,474,491,445,497,339,80,10,2333,0,0,0,0,0,0,0,0
203021042,0,5,4,0,0,0,0,9,4,7,4,0,3,0,0,22,4,14,11,4,5,4,0,35,0,0,0,0,0,0,0,0,0,0,0,0,0,0,0,0,0,4,5,0,3,0,0,6,0,10,5,0,3,0,0,14,37,135,228,201,180,74,15,873,71,35,40,21,36,18,0,222,4,3,0,7,0,0,0,20,416,677,736,602,473,169,27,3091,0,4,0,0,0,0,0,3,11,9,0,3,3,0,0,27,0,0,0,0,0,0,0,0,0,0,0,0,0,0,0,0,4,4,0,0,0,0,0,6,219,487,480,453,316,56,4,2012,61,24,15,10,10,4,0,124,0,0,0,0,0,0,0,0,0,0,0,0,0,0,0,0,0,4,0,0,4,0,0,4,0,6,7,4,0,0,0,10,22,8,6,16,7,6,0,63,312,540,511,490,343,60,5,2256,0,0,0,0,0,0,0,4
203021043,3,0,0,3,0,0,0,3,13,13,3,3,4,0,0,37,14,16,3,7,4,0,0,47,0,0,0,0,0,0,0,4,0,0,0,0,0,0,0,0,0,0,4,0,0,0,0,9,0,0,4,0,0,0,0,6,17,51,92,102,78,40,11,383,92,52,93,76,66,25,0,394,6,16,6,0,0,0,0,31,672,1084,1041,1018,750,195,21,4786,0,0,0,3,0,0,0,4,7,0,0,0,0,0,0,6,0,0,0,0,0,0,0,0,0,0,0,0,0,0,0,0,0,0,0,0,0,0,0,0,317,464,419,449,268,29,0,1939,104,25,13,18,10,4,0,177,0,0,0,0,0,0,0,3,0,0,0,0,0,0,0,0,0,0,0,0,0,0,0,0,0,0,0,6,0,0,0,6,18,11,8,9,14,4,0,59,448,501,447,482,288,35,0,2201,0,4,0,0,0,0,0,7
203021044,0,0,0,0,0,0,0,0,0,0,0,0,0,0,0,8,0,0,0,0,0,0,0,8,0,0,0,0,0,0,0,0,0,0,0,0,0,0,0,0,0,0,3,0,0,0,0,6,0,0,3,0,0,0,0,4,5,17,16,17,26,16,4,95,55,8,10,14,11,9,6,110,5,0,0,0,0,0,0,5,245,172,127,128,109,54,11,844,0,0,0,0,0,0,0,0,5,5,6,0,0,0,0,12,0,0,0,0,0,0,0,0,0,0,0,0,0,0,0,0,0,0,0,0,0,0,0,0,155,142,113,150,125,20,0,714,69,4,7,5,3,0,0,81,0,0,0,0,0,0,0,0,0,0,0,0,0,0,0,0,0,0,0,0,6,0,0,3,0,0,0,0,0,0,0,8,15,4,11,3,4,4,0,36,243,154,134,165,136,23,0,859,0,0,0,0,0,0,0,0
203021045,0,0,0,0,0,0,0,0,6,5,5,0,0,0,0,18,8,5,5,0,0,0,0,20,0,0,0,0,0,0,0,4,0,0,0,0,0,0,0,0,0,6,5,0,0,0,0,8,3,9,4,0,0,0,0,15,6,26,48,41,41,25,3,185,73,24,28,27,36,16,3,205,0,4,0,6,6,0,0,15,500,653,583,603,523,160,19,3051,0,0,0,0,0,0,0,7,4,5,3,3,0,0,0,13,0,0,0,0,0,0,0,0,0,0,0,0,0,0,0,0,8,0,3,0,0,0,0,9,173,338,284,363,261,66,5,1486,80,14,3,12,5,3,0,119,0,0,0,0,0,0,0,0,0,0,0,0,0,0,0,0,0,6,0,0,0,0,0,6,0,0,0,4,0,5,0,11,11,7,4,3,14,3,0,45,277,367,300,386,285,79,8,1693,0,0,0,0,0,0,0,0
203021046,0,0,0,0,0,0,0,0,0,5,0,3,0,0,0,12,5,3,0,4,0,0,0,17,0,0,0,0,0,0,0,0,0,0,0,0,0,0,0,0,0,0,0,0,0,0,0,0,0,0,0,0,0,0,0,4,10,49,64,68,60,35,10,291,60,15,15,17,14,10,0,135,0,0,0,0,7,0,0,5,377,494,451,422,346,110,28,2232,0,0,0,0,0,0,0,0,4,5,9,0,0,0,0,19,0,0,0,0,0,0,0,0,0,0,0,0,0,0,0,0,3,0,0,0,0,0,0,5,235,362,389,424,270,49,4,1729,63,21,0,6,7,0,0,107,0,0,0,0,0,0,0,0,0,0,0,0,0,0,0,0,0,3,0,0,0,0,0,10,0,0,0,0,0,0,0,3,21,15,13,18,24,4,0,90,331,409,406,453,304,59,0,1968,5,0,0,0,0,0,0,5
203021047,0,5,0,0,0,0,0,10,4,12,4,8,0,0,0,43,12,20,13,11,3,5,0,62,4,0,0,0,0,0,0,3,0,0,0,0,0,0,0,4,9,21,14,3,7,4,0,50,10,21,16,3,7,4,0,60,29,187,205,156,83,36,9,704,60,81,57,81,82,34,5,396,4,6,6,8,3,3,4,36,756,1643,1425,1322,1074,302,35,6559,4,14,3,0,0,0,0,24,12,12,10,3,6,0,0,44,0,0,0,0,0,0,0,0,0,0,0,0,0,0,0,0,4,7,7,4,8,0,0,31,358,842,747,786,573,113,9,3423,58,46,28,22,30,11,0,204,0,0,0,0,0,0,0,0,0,0,0,0,0,0,0,5,4,3,0,3,3,0,0,16,0,0,6,4,0,0,0,14,9,18,10,9,13,0,0,56,453,945,810,839,630,121,9,3809,0,4,0,0,0,0,0,5
203021485,0,0,0,0,0,0,0,0,0,0,4,0,0,0,0,3,0,0,4,0,0,0,0,3,0,0,0,0,0,0,0,0,0,0,0,0,0,0,0,0,0,0,0,0,0,0,0,0,0,0,0,0,0,0,0,0,0,22,25,16,12,5,0,87,6,11,3,3,5,4,0,32,0,0,0,0,0,0,0,0,68,157,115,83,70,24,0,520,0,0,0,0,0,0,0,0,3,4,0,0,0,0,0,3,0,0,0,0,0,0,0,0,0,0,0,0,0,0,0,0,0,0,0,0,0,0,0,0,47,94,84,91,67,11,0,405,11,11,6,0,0,0,0,21,0,0,0,0,0,0,0,0,0,0,0,0,0,0,0,0,0,0,0,0,0,0,0,0,0,0,0,0,0,0,0,0,0,0,0,0,0,0,0,4,58,111,88,94,68,11,0,443,0,0,0,0,0,0,0,0
203021486,7,0,0,0,4,0,0,7,4,6,0,4,0,0,0,18,8,6,0,4,7,0,0,29,0,0,0,0,0,0,0,0,0,0,0,0,0,0,0,0,0,7,6,3,0,0,0,13,0,5,6,3,0,0,0,14,10,36,56,37,37,17,0,186,83,55,60,49,60,4,0,300,3,4,4,5,4,0,5,20,545,893,833,796,621,133,14,3824,3,3,3,0,0,0,0,9,8,5,9,0,0,0,0,24,0,0,0,0,0,0,0,0,0,0,0,0,0,0,0,0,5,3,0,0,0,0,0,10,215,302,324,331,269,49,3,1489,110,22,13,13,17,3,0,179,0,0,0,0,0,0,0,0,0,0,0,0,0,0,0,0,0,4,0,4,4,0,0,12,0,6,0,0,0,0,0,9,10,9,7,19,6,0,0,57,353,346,360,370,302,56,4,1790,0,0,0,0,0,0,0,0
203021487,5,5,0,0,0,0,0,4,11,4,3,0,0,3,0,25,11,7,3,4,0,3,0,28,0,0,0,0,0,0,0,5,0,0,0,0,0,0,0,0,4,4,3,0,0,0,0,10,4,8,3,0,0,0,0,15,13,49,76,78,41,21,0,275,184,40,43,28,26,20,0,340,4,4,6,3,0,4,0,20,933,740,582,517,380,118,18,3283,5,0,0,0,0,0,0,0,22,29,10,6,6,0,0,69,0,0,0,0,0,0,0,0,0,0,0,0,0,0,0,0,3,4,3,0,0,0,0,16,503,505,416,408,338,57,0,2228,200,28,18,11,12,0,0,271,0,0,0,0,0,0,0,0,0,0,0,0,0,0,0,0,4,0,0,4,4,0,0,9,0,0,0,0,0,0,0,0,19,11,9,3,9,6,0,50,759,572,452,430,362,61,0,2648,0,0,0,0,0,0,0,3
203021488,0,0,0,0,0,0,0,0,0,4,3,0,4,0,0,16,0,10,0,4,3,0,0,22,0,0,0,0,0,0,0,0,0,0,0,0,0,0,0,3,0,0,0,3,0,0,0,3,3,0,5,3,0,0,0,10,3,33,46,42,27,7,0,169,65,25,34,21,34,7,0,186,0,5,4,0,0,0,0,4,335,441,418,440,342,77,6,2063,0,0,5,0,0,0,0,4,8,4,0,0,0,0,0,11,0,0,0,0,0,0,0,0,0,0,0,0,0,0,0,0,0,0,0,0,0,0,0,5,160,201,176,224,150,35,4,946,80,17,12,7,8,3,0,123,0,0,0,0,0,0,0,0,0,0,0,0,0,0,0,0,0,0,0,0,0,0,0,0,0,0,0,4,0,0,0,3,0,6,5,0,3,0,0,16,254,224,197,231,163,40,0,1114,0,0,0,0,0,0,0,0
203031048,0,0,0,0,0,0,0,0,5,0,0,4,0,0,0,8,5,0,0,0,0,0,0,8,3,0,0,0,0,0,0,3,0,0,0,0,0,0,0,0,0,0,0,0,0,0,0,0,3,0,0,0,0,0,0,3,0,18,37,36,41,31,12,175,51,24,9,18,30,10,0,143,0,3,0,0,0,0,0,4,252,290,254,250,238,116,16,1418,0,0,0,0,0,0,0,0,3,4,0,0,0,0,0,9,0,0,0,0,0,0,0,0,0,0,0,0,0,0,0,0,0,0,0,0,0,0,0,0,126,185,234,238,204,22,5,1009,42,12,7,8,8,0,0,78,0,0,0,0,0,0,0,0,0,0,0,0,0,0,0,0,0,0,0,0,0,0,0,3,0,0,3,0,0,0,0,3,15,6,4,5,8,0,0,34,186,196,250,250,219,28,8,1140,0,0,0,0,0,0,0,0
203031049,0,0,0,0,0,0,0,0,3,5,0,0,0,0,0,4,3,5,0,0,0,0,0,4,0,0,0,0,0,0,0,0,0,0,0,0,0,0,0,0,0,0,0,0,0,0,0,0,0,0,0,0,0,0,0,0,3,19,32,48,59,42,9,212,45,37,23,15,19,8,3,154,3,0,0,0,4,0,0,7,191,218,177,190,230,98,17,1125,0,0,0,0,0,0,0,0,0,0,0,0,0,0,0,0,0,0,0,0,0,0,0,0,0,0,0,0,0,0,0,0,0,0,0,0,0,0,0,0,85,90,86,118,136,35,4,564,14,8,0,5,3,0,0,36,0,0,0,0,0,0,0,0,0,0,0,0,0,0,0,0,0,0,0,0,0,0,0,5,0,3,0,5,0,0,0,4,11,12,7,12,9,3,0,56,116,113,96,138,151,39,6,662,0,0,0,0,0,0,0,0
203031051,0,0,0,0,0,0,0,3,0,0,0,3,0,0,0,8,5,0,0,3,0,0,0,12,0,0,0,0,0,0,0,0,0,0,0,0,0,0,0,0,0,0,0,0,0,0,0,0,0,0,0,0,0,0,0,0,3,15,19,39,59,40,10,168,19,14,9,7,13,15,0,80,0,0,0,0,0,0,3,11,132,154,130,133,158,92,9,810,0,0,0,0,0,0,0,0,0,0,0,0,0,0,0,3,0,0,0,0,0,0,0,0,0,0,0,0,0,0,0,0,0,0,0,0,0,0,0,0,65,83,54,105,84,20,0,412,18,8,7,6,0,0,0,44,0,0,0,0,0,0,0,0,0,0,0,0,0,0,0,0,0,0,0,0,0,0,0,3,0,0,0,3,0,0,0,3,7,0,0,8,14,0,0,30,94,87,72,120,97,23,0,495,0,0,0,0,0,0,0,0
203031052,0,0,0,0,0,0,0,0,0,0,0,0,0,0,0,4,0,0,0,0,0,0,0,5,0,0,0,0,0,0,0,0,0,0,0,0,0,0,0,0,0,0,0,0,0,0,0,0,0,0,0,0,0,0,0,0,0,27,27,35,47,54,11,207,47,20,14,18,27,12,0,137,4,0,0,4,0,0,0,8,157,157,150,172,186,113,26,958,0,0,0,0,0,0,0,3,3,0,0,0,0,0,0,8,0,0,0,4,0,0,0,3,0,0,0,0,0,0,0,0,0,0,0,0,0,0,0,0,59,98,95,135,126,23,3,546,19,10,0,4,7,0,0,38,0,0,0,0,0,0,0,0,0,0,0,0,0,0,0,0,0,0,7,0,5,0,0,12,0,0,0,0,0,0,0,0,0,0,4,4,17,9,0,31,86,120,102,142,154,34,6,645,0,0,0,0,0,0,0,0
203031053,0,0,0,0,0,0,0,3,8,3,3,6,3,0,0,21,10,3,3,6,3,0,0,28,0,0,0,0,0,0,0,0,0,0,0,0,0,0,0,0,0,0,4,0,0,0,0,6,0,0,4,0,0,0,0,6,19,88,176,200,133,68,16,703,150,53,51,37,32,17,4,350,3,5,6,0,4,0,0,21,676,775,789,678,460,172,32,3592,0,0,0,0,0,0,0,3,6,7,7,0,5,0,0,18,0,0,0,0,0,0,0,0,0,0,0,0,0,0,0,0,0,3,0,0,0,0,0,3,446,477,499,411,279,44,6,2167,132,17,9,9,4,0,0,175,0,0,0,0,0,0,0,0,0,0,0,0,0,0,0,0,4,6,3,6,0,0,0,17,0,0,4,4,4,0,0,14,30,16,14,26,15,0,0,106,621,527,536,445,307,53,4,2499,0,0,0,0,0,0,0,6
203031489,6,0,0,0,0,0,0,6,7,0,0,0,0,0,0,11,6,0,0,0,0,0,0,11,0,0,0,0,0,0,0,0,0,0,0,0,0,0,0,0,4,0,0,0,0,0,0,5,4,0,0,0,0,0,0,5,3,24,49,49,52,29,3,220,65,27,16,11,11,0,0,127,0,0,0,0,0,0,0,3,275,243,207,161,153,57,10,1107,0,0,0,0,0,0,0,0,3,0,0,0,0,0,0,7,0,0,0,0,0,0,0,0,0,0,0,0,0,0,0,0,0,0,0,0,0,0,0,7,128,147,159,106,71,14,0,620,43,8,3,0,0,0,0,54,0,0,0,0,0,0,0,0,0,0,0,0,0,0,0,0,4,3,4,0,6,0,0,13,0,0,0,0,0,0,0,3,14,4,0,6,9,0,0,33,191,167,172,109,80,13,0,738,0,0,0,0,0,0,0,0
203031490,0,0,0,0,0,0,0,0,7,0,3,0,0,0,0,15,10,0,3,0,0,0,0,18,0,0,0,0,0,0,0,0,0,0,0,0,0,0,0,0,0,0,0,0,0,0,0,0,3,0,0,0,0,0,0,3,6,38,111,110,102,65,8,445,102,26,32,19,30,12,3,220,6,0,0,0,0,5,0,23,550,413,446,430,323,150,29,2352,0,0,0,0,0,0,0,0,3,0,4,0,3,0,0,14,0,0,0,0,0,0,0,0,0,0,0,0,0,0,0,0,0,0,0,0,0,0,0,0,237,285,276,388,260,60,10,1510,118,14,13,9,8,3,0,160,0,0,0,0,0,0,0,0,0,0,0,0,0,0,0,0,0,0,3,5,4,0,0,9,0,0,0,0,0,0,0,3,18,11,22,23,19,3,0,96,378,312,323,416,288,68,7,1793,5,0,0,0,0,0,0,6
204011054,0,0,0,0,0,0,0,0,0,0,4,0,0,0,0,8,0,4,4,3,0,0,0,9,0,0,0,0,0,0,0,0,0,0,0,0,0,0,0,0,0,0,0,0,0,0,0,0,0,0,0,0,0,0,0,0,4,27,28,42,48,40,27,224,22,20,22,7,21,8,3,107,0,0,0,3,5,3,0,19,167,232,242,275,297,147,52,1412,0,0,0,0,0,0,0,0,0,0,0,0,0,0,0,4,0,0,0,0,0,0,0,0,0,0,0,0,0,0,0,0,0,0,0,0,0,0,0,0,65,123,129,180,176,42,4,713,24,10,8,5,10,4,0,50,0,0,0,0,0,0,0,0,0,0,0,0,0,0,0,0,0,0,3,0,0,0,0,4,0,0,3,0,5,0,0,6,11,21,12,25,21,10,3,94,95,146,158,207,211,52,9,870,0,0,0,0,0,0,0,0
204011055,0,0,0,0,0,0,0,0,0,0,0,0,0,4,0,10,0,0,5,0,0,4,0,10,0,0,0,0,0,0,0,0,0,0,0,0,0,0,0,0,0,0,0,0,0,0,0,0,0,0,0,0,0,0,0,0,4,9,22,36,48,85,21,229,24,3,4,4,11,12,0,62,0,0,5,0,3,8,5,13,147,146,165,171,221,202,56,1111,0,0,0,0,0,0,0,0,0,0,0,0,0,0,0,0,0,0,0,0,0,0,0,0,0,0,0,0,0,0,0,0,0,0,0,0,0,0,0,0,48,108,128,149,153,52,4,634,22,9,3,3,3,3,3,49,0,0,0,0,0,0,0,3,0,0,0,0,0,0,0,0,0,0,0,0,4,0,0,10,0,0,4,0,6,0,0,8,15,5,9,14,16,9,0,63,85,125,147,165,176,57,4,765,0,0,0,0,0,0,0,0
204011056,0,0,0,0,0,0,0,0,8,4,6,0,0,0,0,14,8,4,6,0,0,0,0,14,0,0,0,0,0,0,0,0,0,0,0,0,0,0,0,0,0,0,0,0,0,0,0,5,0,0,0,0,0,0,0,0,3,27,37,50,43,41,9,214,60,22,24,23,36,14,3,180,0,0,3,0,3,0,0,9,347,394,382,398,371,135,25,2046,0,0,0,0,0,0,0,0,0,0,0,0,0,0,0,0,0,0,0,0,0,0,0,0,0,0,0,0,0,0,0,0,0,0,0,0,0,0,0,0,212,330,373,429,270,49,0,1660,76,14,8,10,9,0,0,115,0,0,0,3,0,0,0,7,0,0,0,0,0,0,0,0,0,0,0,0,0,0,0,6,0,0,3,0,0,0,0,0,16,3,8,10,10,4,0,57,310,347,389,453,299,51,0,1847,0,0,0,0,0,0,0,0
204011057,0,0,0,0,0,0,0,3,3,3,0,5,0,0,0,12,3,3,0,0,5,0,0,19,0,0,0,0,0,0,0,0,0,0,0,0,0,0,0,0,0,0,0,0,0,0,0,0,0,0,0,0,0,0,0,0,9,22,39,60,55,53,25,268,57,37,34,39,41,13,9,234,5,0,0,5,0,4,0,20,338,417,372,436,424,210,51,2251,0,0,0,0,0,0,0,0,3,4,0,0,0,0,0,14,0,0,0,0,0,0,0,0,0,0,0,0,0,0,0,0,0,0,0,0,0,0,0,0,90,166,265,284,279,80,0,1161,45,20,11,12,6,5,0,93,0,0,0,0,0,0,0,0,0,0,0,0,0,0,0,0,0,4,0,0,4,0,0,11,12,5,4,7,6,0,0,38,120,96,21,29,53,17,0,335,267,291,306,328,345,104,0,1648,0,0,0,0,0,0,0,0
204011058,0,0,0,0,0,0,0,0,4,0,0,0,0,0,0,11,4,0,0,4,0,0,0,17,0,0,0,0,0,0,0,0,0,0,0,0,0,0,0,0,0,0,0,0,0,0,0,0,0,0,0,0,0,0,0,0,10,15,14,26,28,28,23,137,22,16,6,9,12,5,5,64,0,0,0,0,0,0,0,4,137,157,148,194,211,106,37,980,0,0,0,0,0,0,0,0,0,0,0,0,0,0,0,0,0,0,0,0,0,0,0,0,0,0,0,0,0,0,0,0,0,0,0,0,0,0,0,0,56,87,90,105,87,22,0,449,12,10,6,0,3,0,0,38,0,0,0,0,0,0,0,0,0,0,0,0,0,0,0,0,0,0,5,0,0,0,0,4,0,3,0,0,0,0,0,4,5,13,11,8,12,3,3,55,75,110,102,122,102,28,4,545,0,0,0,0,0,0,0,0
204011059,0,0,0,0,0,0,0,0,3,5,9,0,0,0,0,14,4,7,9,0,0,0,0,20,0,0,0,0,0,0,0,0,0,0,0,0,0,0,0,0,0,0,0,0,0,0,0,0,0,0,0,0,0,0,0,9,0,10,14,25,16,10,4,76,33,23,17,11,24,10,0,107,0,0,0,0,0,3,0,7,240,269,216,269,246,102,12,1347,3,0,0,0,0,0,0,4,0,0,0,0,4,0,0,6,0,0,0,0,0,0,0,0,0,0,0,0,0,0,0,0,0,0,0,4,0,0,0,5,123,235,228,282,246,55,7,1175,33,13,4,4,12,0,0,74,0,0,0,0,0,0,0,0,0,0,0,0,0,0,0,0,0,0,0,0,0,0,0,0,0,0,0,0,0,0,0,5,16,7,7,27,18,0,0,74,178,265,245,312,276,56,3,1339,0,0,0,0,0,0,0,0
204011060,0,0,0,0,0,0,0,0,9,0,5,0,0,0,0,15,9,9,5,0,4,0,0,14,0,0,0,0,0,0,0,0,0,0,0,0,0,0,0,0,0,0,0,0,0,0,0,5,0,0,0,0,0,0,0,5,15,24,29,55,48,34,16,214,12,23,19,18,21,5,3,96,0,0,3,5,3,0,0,12,292,338,277,270,224,93,24,1526,0,0,0,0,0,0,0,0,0,0,0,0,0,0,0,3,0,0,0,0,0,0,0,0,0,0,0,0,0,0,0,0,0,0,0,0,0,0,0,0,46,65,56,86,91,12,0,357,3,3,7,6,4,0,0,23,0,0,0,0,0,0,0,0,0,0,0,0,0,0,0,0,0,0,0,0,0,0,0,4,6,0,0,0,0,0,0,5,26,4,10,0,5,5,0,58,86,68,66,94,100,22,0,446,0,0,0,0,0,0,0,0
204011061,0,0,0,0,0,0,0,0,0,0,0,0,0,0,0,0,0,0,0,0,0,0,0,0,0,0,0,0,0,0,0,0,0,0,0,0,0,0,0,0,0,0,0,0,0,0,0,0,0,0,0,0,0,0,0,0,0,0,0,0,0,0,0,3,0,0,0,0,0,0,0,0,0,0,0,0,0,0,0,0,0,5,14,6,14,0,0,35,0,0,0,0,0,0,0,0,0,0,0,0,0,0,0,0,0,0,0,0,0,0,0,0,0,0,0,0,0,0,0,0,0,0,0,0,0,0,0,0,0,0,0,0,0,0,0,0,0,0,0,0,0,0,0,0,0,0,0,0,0,0,0,0,0,0,0,0,0,0,0,0,0,0,0,0,0,0,0,0,0,0,0,0,0,0,0,0,0,0,0,0,0,0,0,0,0,0,0,4,0,0,0,4,0,0,0,0,0,0,0,0
204011062,0,0,0,0,0,0,0,0,5,4,0,3,0,0,0,7,5,4,0,3,0,0,0,7,0,0,0,0,0,0,0,0,0,0,0,0,0,0,0,0,0,0,0,0,0,0,0,0,0,0,0,0,0,0,0,0,4,3,14,26,33,25,26,130,10,8,0,5,7,9,0,44,3,0,0,4,0,0,0,6,65,63,68,119,126,69,35,558,0,0,0,0,0,0,0,0,0,0,0,0,0,0,0,0,0,0,0,0,0,0,0,0,0,0,0,0,0,0,0,0,0,0,0,0,0,0,0,0,38,48,56,82,73,14,0,307,11,0,0,0,0,0,0,16,0,0,0,0,0,0,0,4,0,0,0,0,0,0,0,0,0,0,0,0,0,0,0,0,0,0,0,0,5,0,0,3,6,0,7,11,10,4,0,42,51,57,60,89,90,21,4,376,0,0,0,0,0,0,0,0
204021063,0,0,0,0,0,0,0,0,5,0,8,5,0,0,0,12,5,0,5,5,0,0,0,12,0,0,0,0,0,0,0,0,0,0,0,0,0,0,0,0,0,3,0,0,0,0,0,9,0,3,0,0,0,0,0,9,5,30,41,46,41,33,13,216,42,32,30,24,45,16,0,185,7,10,5,4,5,3,6,29,358,519,458,499,584,215,35,2667,0,0,0,0,0,0,0,0,0,0,0,0,0,0,0,0,0,0,0,0,0,0,0,0,0,0,0,0,0,0,0,0,0,0,0,0,0,0,0,3,171,265,289,413,395,72,12,1617,57,10,11,10,14,3,0,115,0,0,0,0,0,0,0,4,0,0,0,0,0,0,0,0,0,4,4,0,5,0,0,18,0,0,0,0,0,0,0,0,8,9,8,16,21,15,5,89,241,294,320,443,439,95,9,1846,0,0,0,0,0,0,0,0
204021064,0,0,0,0,0,0,0,0,3,0,0,0,0,0,0,3,3,0,0,0,0,0,0,3,0,0,0,0,0,0,0,0,0,0,0,0,0,0,0,0,0,0,0,0,0,0,0,0,0,0,0,0,0,0,0,0,3,4,16,26,49,57,20,180,4,0,5,4,3,5,3,25,0,0,0,0,0,0,3,5,36,62,74,97,129,103,44,541,0,0,0,0,0,0,0,0,0,0,0,0,0,0,0,0,0,0,0,0,0,0,0,0,0,0,0,0,0,0,0,0,0,0,0,0,0,0,0,0,15,12,14,22,17,13,0,97,3,0,0,0,0,6,0,11,0,0,0,0,0,0,0,0,0,0,0,0,0,0,0,0,0,0,0,0,0,0,0,0,0,0,0,4,0,0,0,4,0,0,0,3,4,3,0,12,17,15,19,31,26,17,0,122,0,0,0,0,0,0,0,0
204021065,0,0,0,0,0,0,0,0,0,0,0,0,0,0,0,6,0,0,0,0,0,0,0,6,0,0,0,0,0,0,0,0,0,0,0,0,0,0,0,0,0,0,0,0,0,0,0,0,0,0,0,0,0,0,0,0,0,11,9,20,22,12,11,74,13,5,11,16,20,12,0,76,0,0,3,0,0,0,0,9,90,118,119,222,178,60,26,815,0,0,0,0,0,0,0,0,0,0,0,0,0,0,0,0,0,0,0,0,0,0,0,0,0,0,0,0,0,0,0,0,0,0,0,0,0,0,0,0,38,66,90,116,97,20,0,441,22,0,3,4,0,0,0,32,0,0,0,0,0,0,0,0,0,0,0,0,0,0,0,3,0,0,0,0,0,0,0,6,0,0,0,0,0,0,0,0,5,3,3,4,8,8,0,29,72,73,96,126,108,33,3,511,0,0,0,0,0,0,0,0
204021066,0,0,0,0,0,0,0,3,13,6,0,4,5,0,0,29,13,7,0,4,4,0,0,35,0,0,0,0,0,0,0,0,0,0,0,0,0,0,0,0,0,3,4,0,0,0,0,19,0,3,4,0,0,0,0,19,6,27,61,70,61,32,9,269,107,45,57,54,80,31,0,373,10,4,7,5,0,4,4,33,766,834,917,973,869,292,33,4673,0,0,0,0,0,0,0,0,13,0,3,4,0,0,0,19,0,0,0,0,0,0,0,0,0,0,0,0,0,0,0,0,0,5,4,0,5,0,0,18,447,751,822,1020,810,146,5,3996,167,41,32,37,35,7,0,318,0,0,0,0,0,0,0,0,3,0,0,0,0,0,0,3,5,4,10,15,14,0,0,44,5,0,0,4,4,0,0,12,33,51,29,46,38,14,0,207,674,850,901,1119,903,167,4,4622,0,0,0,0,0,0,0,0
204021067,0,0,0,0,0,0,0,0,5,6,0,0,0,0,0,13,5,6,0,0,0,0,0,13,0,0,0,0,0,0,0,0,0,0,0,0,0,0,0,0,0,0,0,0,0,0,0,5,0,0,0,0,0,0,0,5,3,15,33,65,101,91,55,367,36,15,17,16,17,10,4,114,4,0,4,7,3,4,0,14,201,211,246,294,372,212,88,1624,0,0,0,0,0,0,0,0,0,0,0,0,0,0,0,0,0,0,0,0,0,0,0,0,0,0,0,0,0,0,0,0,0,0,0,0,0,0,0,0,55,75,65,97,74,22,6,395,25,4,4,5,0,4,0,44,0,0,0,0,0,0,0,0,0,0,0,0,0,0,0,0,0,0,0,0,0,0,0,3,0,0,0,0,3,0,3,15,8,4,11,21,19,13,3,75,81,89,85,120,101,43,8,532,0,0,0,0,0,0,0,0
204031068,0,0,0,0,0,0,0,0,0,0,0,0,0,0,0,4,0,0,0,0,0,0,0,4,0,0,0,0,0,0,0,0,0,0,0,0,0,0,0,0,0,0,0,0,0,0,0,0,0,0,0,0,0,0,0,0,3,12,29,28,40,19,9,145,22,13,13,20,24,14,0,102,3,0,6,0,0,0,0,9,98,106,154,166,195,88,14,823,0,0,0,0,0,0,0,0,0,0,0,0,0,0,0,0,0,0,0,0,0,0,0,0,0,0,0,0,0,0,0,0,0,0,0,0,0,0,0,0,49,80,104,150,139,37,0,567,20,8,4,0,8,0,0,41,0,0,0,0,0,0,0,0,0,0,0,0,0,0,0,0,0,0,0,4,0,0,0,0,0,0,0,0,0,0,0,3,19,6,3,16,25,6,0,77,86,95,112,171,173,46,0,687,0,0,0,0,0,0,0,0
204031069,0,5,0,0,0,0,0,3,0,4,0,3,4,0,0,18,5,8,0,3,3,0,0,28,0,0,0,0,0,0,0,0,0,0,0,0,0,0,0,0,0,0,0,0,0,0,0,0,0,0,0,0,0,0,0,0,8,28,60,86,83,52,13,333,101,83,31,34,48,22,0,315,3,4,0,3,0,0,3,19,490,525,350,417,380,168,37,2363,0,0,0,0,0,0,0,0,27,13,0,0,0,0,0,49,0,0,0,0,0,0,0,0,0,0,0,0,0,0,0,0,0,0,0,0,0,0,0,0,66,143,169,228,205,53,0,873,37,14,6,15,8,4,0,81,0,0,0,0,0,0,0,0,0,0,0,0,0,0,0,0,0,0,6,5,3,0,0,20,31,4,9,10,3,0,0,58,175,104,32,60,48,16,0,438,348,283,223,308,276,74,0,1514,0,0,0,0,0,0,0,0
204031070,0,0,0,0,0,0,0,0,5,0,0,0,0,0,0,5,5,0,0,0,0,0,0,5,0,0,0,0,0,0,0,0,0,0,0,0,0,0,0,0,0,0,0,0,0,0,0,0,0,0,0,0,0,0,0,0,0,0,3,10,16,15,11,65,8,6,3,3,6,0,0,37,0,0,0,0,4,0,0,3,41,54,55,73,89,35,25,368,0,0,0,0,0,0,0,0,0,0,0,0,0,0,0,0,0,0,0,0,0,0,0,0,0,0,0,0,0,0,0,0,0,0,0,0,0,0,0,0,14,23,16,38,21,12,0,130,6,0,0,0,6,4,0,15,0,0,0,0,3,0,0,3,0,0,0,0,0,0,0,0,0,0,0,0,0,0,0,0,0,0,0,0,0,0,0,7,3,0,5,7,3,0,0,23,26,22,19,44,32,13,0,172,0,0,0,0,0,0,0,0
204031071,0,0,0,0,0,0,0,0,0,0,0,0,0,0,0,5,0,0,0,0,0,0,0,7,0,0,0,0,0,0,0,0,0,0,0,0,0,0,0,0,0,0,0,0,0,0,0,0,0,0,0,0,0,0,0,0,0,3,9,25,33,33,4,109,15,4,14,16,25,15,4,92,0,0,0,0,0,4,0,10,128,137,162,223,270,115,21,1063,0,0,0,0,0,0,0,0,0,0,0,0,0,0,0,0,0,0,0,0,0,0,0,0,0,0,0,0,0,0,0,0,0,0,0,0,0,0,0,0,59,88,118,159,157,39,5,627,22,8,0,6,3,3,0,36,0,0,0,0,0,0,0,0,0,0,0,0,0,0,0,0,0,0,0,0,4,0,0,9,0,0,0,0,4,0,0,4,5,8,6,11,22,4,0,58,91,101,132,173,184,48,5,733,0,0,0,0,0,0,0,0
204031072,0,0,0,0,0,0,0,0,0,0,0,0,5,0,4,13,0,0,0,0,5,0,4,13,0,0,0,0,0,0,0,0,0,0,0,0,0,0,0,0,0,0,0,0,0,0,0,0,0,0,0,0,0,0,0,0,3,10,22,30,49,75,26,223,14,16,10,12,23,9,5,92,0,0,4,0,0,4,0,11,121,171,164,182,264,175,61,1138,0,0,0,0,0,0,0,0,0,0,0,0,0,0,0,0,0,0,0,0,0,0,0,0,0,0,0,0,0,0,0,0,0,0,0,0,0,0,0,0,51,93,102,140,144,45,8,578,14,9,5,5,5,0,0,38,0,0,0,0,0,0,0,0,0,0,0,0,0,0,0,3,0,0,0,0,0,0,0,9,0,0,4,3,0,5,0,10,18,11,16,17,22,8,6,99,82,110,123,170,172,60,13,732,0,0,0,0,0,0,0,0
204031073,0,5,0,0,0,0,0,3,5,9,0,4,5,0,0,21,11,11,0,4,5,0,0,23,0,0,0,0,0,0,0,0,0,0,0,0,0,0,0,0,3,0,0,0,5,0,0,8,3,0,0,0,5,0,0,8,7,27,63,70,51,24,0,246,57,39,47,35,41,20,0,242,5,8,3,7,0,5,0,18,412,595,599,590,473,140,22,2832,0,0,0,0,0,0,0,0,0,0,0,4,0,0,0,4,0,0,0,0,0,0,0,0,0,0,0,0,0,0,0,0,0,0,0,0,0,0,0,5,185,300,360,350,274,45,5,1528,69,16,15,15,9,0,0,117,0,0,0,0,0,0,0,0,0,0,0,0,0,0,0,0,0,0,4,0,0,0,0,10,0,0,0,0,0,0,0,0,13,6,9,5,4,0,0,40,266,330,393,371,292,46,6,1706,0,0,0,0,0,0,0,0
204031075,0,0,0,0,0,0,0,0,0,0,0,0,0,0,0,3,0,0,0,0,0,0,0,3,0,0,0,0,0,0,0,0,0,0,0,0,0,0,0,0,0,0,0,0,0,0,0,0,0,0,0,0,0,0,0,0,6,3,18,38,47,37,14,160,16,5,12,9,6,0,0,57,0,0,0,0,0,0,0,3,92,105,132,152,154,86,30,746,0,0,0,0,0,0,0,0,0,0,0,0,0,0,0,0,0,0,0,0,0,0,0,0,0,0,0,0,0,0,0,0,0,0,0,0,0,0,0,0,37,60,53,73,47,11,3,290,13,0,0,3,5,0,0,16,0,0,0,0,0,0,0,0,0,0,0,0,0,0,0,0,0,0,0,0,0,0,0,0,0,0,3,0,0,0,0,0,4,4,4,0,11,8,3,37,49,63,66,77,61,20,11,348,0,0,0,0,0,0,0,0
204031491,0,0,0,0,0,0,0,5,9,7,3,6,0,0,0,20,14,6,3,6,0,0,0,28,0,0,0,0,0,0,0,0,0,0,0,0,0,0,0,0,0,4,0,0,0,0,0,4,0,4,0,0,0,0,0,4,22,17,49,65,33,19,7,212,32,23,12,14,20,6,0,115,0,3,4,0,0,0,4,18,617,550,424,421,329,79,16,2448,0,0,0,0,0,0,0,0,0,0,0,0,0,0,0,4,0,0,0,0,0,0,0,0,0,0,0,0,0,0,0,0,0,0,0,0,0,0,0,4,135,219,191,197,152,22,3,918,42,10,4,6,4,0,0,70,0,0,0,0,0,0,0,0,0,0,0,0,0,0,0,0,0,5,0,0,0,0,0,0,8,0,0,0,0,0,0,11,92,21,6,0,7,0,0,134,280,257,210,207,159,22,4,1144,0,0,0,0,0,0,0,0
204031492,0,0,0,0,0,0,0,4,5,16,3,6,9,0,0,38,8,16,8,4,9,0,0,41,0,0,0,0,0,0,0,0,0,0,0,0,0,0,0,0,13,0,5,0,3,0,0,19,13,0,5,0,3,0,0,20,4,30,63,87,50,26,7,270,94,54,61,72,72,40,5,395,3,8,6,7,0,0,0,32,908,1311,1269,1244,1015,304,47,6095,0,0,0,0,0,0,0,0,9,3,8,0,0,0,0,21,0,0,0,0,0,0,0,0,0,0,0,0,0,0,0,0,0,4,0,4,3,0,0,10,492,899,926,902,653,147,3,4022,182,34,27,15,20,3,0,286,0,0,0,0,5,0,0,5,0,0,6,0,0,0,0,7,3,3,4,4,3,0,0,18,0,5,0,3,0,0,0,8,17,18,17,9,15,0,0,77,705,975,975,942,696,156,4,4456,0,0,0,0,0,0,0,0
205011076,0,0,0,0,0,0,0,0,4,0,4,0,0,0,0,18,7,0,6,3,3,0,0,26,0,0,0,0,0,0,0,4,0,0,0,0,0,0,0,0,0,0,0,0,0,0,0,5,4,0,0,0,0,0,0,7,10,38,51,54,55,45,30,284,55,25,18,16,27,6,0,145,6,6,0,3,4,4,0,20,398,450,421,374,346,152,48,2184,0,0,0,0,0,0,0,9,6,0,0,0,0,0,0,5,0,0,0,0,0,0,0,0,0,0,0,0,0,0,0,0,0,0,0,0,0,0,0,6,203,320,294,300,208,48,5,1378,82,4,10,12,6,4,0,115,0,0,0,0,0,0,0,0,0,0,0,0,0,0,0,0,0,0,0,0,4,0,0,6,0,0,0,0,5,0,0,4,6,12,11,14,11,0,3,57,301,346,319,321,234,55,3,1579,0,0,0,0,3,0,0,3
205011077,0,0,0,0,0,0,0,0,0,3,0,3,0,0,0,4,0,8,0,5,0,0,0,10,0,0,0,0,0,0,0,0,0,0,0,0,0,0,0,0,0,0,0,0,0,0,0,0,0,0,0,0,0,0,0,4,4,11,20,39,61,57,24,219,24,11,5,7,10,5,5,70,0,3,0,0,0,0,0,10,124,197,164,170,190,113,40,998,0,0,0,0,0,0,0,0,0,0,0,0,0,0,0,0,0,0,0,0,0,0,0,0,0,0,0,0,0,0,0,0,0,0,0,0,0,0,0,0,48,86,61,113,80,19,4,400,9,3,7,9,5,4,0,36,0,0,0,0,0,0,0,0,0,0,0,0,0,0,0,0,0,0,0,0,0,0,0,0,3,0,0,0,0,3,0,7,9,14,10,13,10,4,3,61,72,107,72,133,93,27,4,514,0,0,0,0,0,0,0,0
205011078,0,0,0,0,0,0,0,0,0,0,0,0,0,0,0,5,0,0,0,0,0,0,0,5,0,0,0,0,0,0,0,0,0,0,0,0,0,0,0,0,0,0,0,0,0,0,0,0,0,0,0,0,0,0,0,6,4,16,15,28,48,37,12,165,18,9,13,5,9,8,0,74,0,3,0,0,0,0,0,8,146,203,201,227,208,119,34,1140,3,0,0,0,0,0,0,3,0,0,0,0,0,0,0,0,0,0,0,0,0,0,0,0,0,0,0,0,0,0,0,0,0,0,0,0,0,0,0,0,86,141,130,151,104,28,0,643,41,3,7,8,9,0,0,72,0,0,0,0,0,0,0,0,0,0,0,0,0,0,0,0,0,0,0,0,0,0,0,3,0,0,0,0,0,0,0,4,14,3,7,14,12,6,3,58,145,151,147,174,128,39,6,782,0,0,0,0,0,0,0,0
205011079,0,0,0,0,0,0,0,3,11,8,3,6,4,0,0,29,22,9,3,9,5,6,0,45,4,0,0,0,0,0,0,3,0,0,0,0,0,0,0,0,4,3,0,3,0,0,0,13,5,4,0,3,0,0,0,17,21,64,106,106,91,75,45,498,137,58,52,41,74,38,9,407,4,6,7,5,8,5,5,37,862,1013,855,927,818,314,95,4878,4,7,7,0,0,0,0,15,7,0,0,0,0,0,0,8,0,0,0,0,0,0,0,0,0,0,0,0,0,0,0,0,4,0,0,0,0,0,0,8,530,815,811,922,687,129,4,3901,176,60,20,26,24,7,0,322,0,0,0,0,0,0,0,0,0,0,0,0,0,0,0,0,4,0,0,3,0,0,0,9,0,0,0,0,5,0,0,9,7,28,11,12,27,9,0,103,735,916,845,968,745,148,4,4371,3,0,0,0,0,0,0,3
205021080,0,0,0,0,0,0,0,0,0,0,0,0,0,0,0,0,0,0,0,0,0,0,0,0,0,0,0,0,0,0,0,0,0,0,0,0,0,0,0,0,0,0,0,0,0,0,0,0,0,0,0,0,0,0,0,0,0,0,0,0,0,0,0,0,0,0,0,0,0,0,0,0,0,0,0,0,0,0,0,0,0,0,0,0,0,0,0,0,0,0,0,0,0,0,0,0,0,0,0,0,0,0,0,0,0,0,0,0,0,0,0,0,0,0,0,0,0,0,0,0,0,0,0,0,0,0,0,0,0,0,0,0,0,0,0,0,0,0,0,0,0,0,0,0,0,0,0,0,0,0,0,0,0,0,0,0,0,0,0,0,0,0,0,0,0,0,0,0,0,0,0,0,0,0,0,0,0,0,0,0,0,0,0,0,0,0,0,0,0,0,0,0,0,0,0,0,0,0,0,0
205021081,0,0,0,0,0,0,0,0,10,7,4,6,5,4,0,40,10,7,4,6,5,4,0,45,0,0,0,0,0,0,0,0,5,0,0,0,0,0,0,5,0,0,0,0,0,0,0,10,0,0,0,0,0,0,0,12,7,36,48,71,79,38,9,285,90,59,48,47,80,44,4,370,14,4,8,7,14,6,8,58,700,850,766,894,902,344,47,4510,0,0,0,0,0,0,0,0,8,0,0,0,0,0,0,5,0,0,0,0,0,0,0,0,0,0,0,0,0,0,0,0,3,0,0,4,0,0,0,9,395,627,655,861,756,170,4,3462,128,28,24,27,26,11,0,236,0,0,0,0,0,0,0,0,0,0,0,0,0,0,0,0,4,0,0,3,4,0,0,13,0,3,3,4,5,0,0,17,30,17,11,24,27,7,0,119,568,679,700,921,811,181,5,3863,0,0,0,0,0,0,0,0
205021082,0,0,0,0,0,0,0,0,0,5,3,0,3,3,0,17,3,5,3,0,3,3,0,18,0,0,0,0,0,0,0,0,0,0,0,0,0,0,0,0,0,0,0,0,0,0,0,0,0,0,0,0,0,0,0,0,3,3,17,30,48,55,33,190,12,3,13,9,16,11,9,67,0,0,0,0,0,0,0,10,94,175,190,197,269,152,65,1148,0,0,0,0,0,0,0,0,0,0,0,0,0,0,0,0,0,0,0,0,0,0,0,0,0,0,0,0,0,0,0,0,0,0,0,0,0,0,0,0,36,74,81,88,85,20,5,392,10,22,13,5,9,8,0,62,0,0,0,0,0,0,0,0,0,0,0,0,0,0,0,0,0,0,0,0,0,0,0,0,0,4,0,0,3,0,0,7,5,7,9,12,16,6,0,55,50,99,106,101,117,37,7,518,0,0,0,0,0,0,0,0
205021083,0,0,0,0,0,0,0,0,0,0,0,0,0,0,0,0,0,0,0,0,0,0,0,0,0,0,0,0,0,0,0,0,0,0,0,0,0,0,0,0,0,0,0,0,0,0,0,0,0,0,0,0,0,0,0,0,0,0,0,0,0,0,0,0,0,0,0,0,0,0,0,0,0,0,0,0,0,0,0,0,0,0,0,0,0,0,0,0,0,0,0,0,0,0,0,0,0,0,0,0,0,0,0,0,0,0,0,0,0,0,0,0,0,0,0,0,0,0,0,0,0,0,0,0,0,0,0,0,0,0,0,0,0,0,0,0,0,0,0,0,0,0,0,0,0,0,0,0,0,0,0,0,0,0,0,0,0,0,0,0,0,0,0,0,0,0,0,0,0,0,0,0,0,0,0,0,0,0,0,0,0,0,0,0,0,0,0,0,0,0,0,0,0,0,0,0,0,0,0,0
205021084,0,0,0,0,0,0,0,3,0,4,0,4,0,0,0,14,0,3,0,4,0,0,0,13,0,0,0,0,0,0,0,0,0,0,0,0,0,0,0,0,0,0,0,0,0,0,0,7,0,0,0,0,0,0,0,7,0,8,24,32,34,36,9,148,41,14,24,10,29,17,5,136,5,0,0,0,3,3,4,12,181,183,223,252,276,133,33,1290,0,0,0,0,0,0,0,0,0,0,0,0,0,0,0,0,0,0,0,0,0,0,0,0,0,0,0,0,0,0,0,0,0,0,0,0,0,0,0,0,87,166,200,239,237,50,3,979,49,3,7,11,6,9,0,80,0,0,0,0,0,0,0,0,0,0,0,0,0,0,0,0,7,0,0,0,0,0,0,4,0,0,3,3,3,0,0,8,10,11,10,7,9,5,0,48,147,179,217,262,256,57,6,1127,0,0,0,0,0,0,0,0
205021085,0,0,0,0,0,0,0,0,3,5,3,0,3,0,0,17,3,4,3,0,3,0,0,14,0,0,0,0,0,0,0,0,0,0,0,0,0,0,0,0,0,0,0,0,0,0,0,0,0,0,0,0,0,0,0,0,0,8,17,29,52,58,22,197,15,7,15,12,34,15,0,96,8,0,0,0,0,0,4,15,121,155,196,210,310,139,41,1174,0,0,0,0,0,0,0,0,0,0,0,0,0,0,0,0,0,0,0,0,0,0,0,0,0,0,0,0,0,0,0,0,0,0,0,0,0,0,0,0,37,89,108,143,158,40,0,572,19,3,11,4,9,0,0,42,0,0,0,0,0,0,0,0,0,0,0,0,0,0,0,0,0,0,0,0,3,0,0,7,0,0,0,3,4,4,0,17,4,12,10,18,20,8,0,73,62,104,131,172,191,48,8,717,0,0,0,0,0,0,0,0
205021086,0,0,0,0,0,0,0,0,0,0,0,0,3,0,0,11,0,0,0,0,3,0,0,11,0,0,0,0,0,0,0,0,0,0,0,0,0,0,0,0,0,0,0,0,0,0,0,0,0,0,0,0,0,0,0,0,0,3,8,7,37,28,15,91,12,3,4,6,4,5,0,37,0,0,0,0,0,0,0,3,62,74,66,76,99,59,25,468,0,0,0,0,0,0,0,0,0,0,0,0,0,0,0,0,0,0,0,0,0,0,0,3,0,0,0,0,0,0,0,0,0,0,0,0,0,0,0,0,24,41,38,65,61,11,4,247,19,0,0,0,5,0,0,31,0,0,0,0,0,0,0,0,0,0,0,0,0,0,0,0,0,0,0,0,0,0,0,0,0,0,0,0,0,0,0,0,3,5,3,0,7,0,0,26,49,52,42,68,76,15,0,302,0,0,0,0,0,0,0,0
205031087,0,0,0,0,0,0,0,0,0,0,6,3,0,3,0,14,0,0,6,3,0,3,0,14,0,0,0,0,0,0,0,0,0,0,0,0,0,0,0,0,0,0,0,0,0,0,0,0,0,0,0,0,0,0,0,0,12,20,50,68,94,92,25,368,33,11,21,19,31,14,0,125,3,3,4,6,3,0,0,17,218,228,281,309,358,214,42,1652,0,0,0,0,0,0,0,0,0,0,0,0,0,0,0,0,0,0,0,0,0,0,0,0,0,0,0,0,0,0,0,0,0,0,0,0,0,0,0,0,81,111,133,203,191,47,0,763,23,5,0,8,8,3,0,52,0,0,0,0,0,0,0,0,0,0,0,0,0,0,0,0,0,0,0,3,0,0,0,6,0,0,0,0,5,4,0,8,20,15,16,21,22,11,0,99,128,126,153,233,228,65,6,932,0,0,0,0,0,0,0,0
205031088,0,0,0,0,0,0,0,0,0,4,0,0,0,0,0,6,0,4,0,0,0,0,0,6,0,0,0,0,0,0,0,0,0,0,0,0,0,0,0,0,0,0,0,0,0,0,0,0,0,0,0,0,0,0,0,0,0,0,3,4,4,0,0,8,0,4,0,5,3,0,0,7,0,0,0,0,0,0,0,0,0,5,4,8,12,5,0,38,0,0,0,0,0,0,0,0,0,0,0,0,0,0,0,0,0,0,0,0,0,0,0,0,0,0,0,0,0,0,0,0,0,0,0,0,0,0,0,0,0,0,0,4,0,3,0,6,0,0,0,0,0,0,0,0,0,0,0,0,0,0,0,0,0,0,0,0,0,0,0,0,0,0,0,0,0,0,0,0,0,0,0,0,0,0,0,0,0,0,0,0,0,0,0,0,0,0,0,0,3,4,0,12,0,0,0,0,0,0,0,0
205031089,0,0,0,0,0,0,0,0,0,7,3,4,0,0,0,10,3,7,5,4,0,0,0,18,0,0,0,0,0,0,0,0,0,0,0,0,0,0,0,0,0,0,0,0,0,0,0,0,0,0,0,0,0,0,0,0,3,11,30,75,62,65,17,275,23,18,18,17,21,7,0,100,0,0,0,3,3,3,0,13,196,254,293,318,285,154,44,1544,0,0,0,0,0,0,0,0,0,0,0,0,0,0,0,3,0,0,0,0,0,0,0,0,0,0,0,0,0,0,0,0,0,0,0,0,0,0,0,0,80,151,136,197,165,36,7,780,35,5,5,3,7,5,0,62,0,0,0,0,0,0,0,0,0,0,0,0,0,0,0,0,0,0,0,0,0,0,0,0,0,4,0,0,4,0,0,9,4,10,8,13,19,5,0,58,126,173,150,214,198,49,9,916,0,0,0,0,0,0,0,0
205031090,0,0,0,0,0,0,0,0,4,0,0,0,0,4,0,11,4,0,0,0,0,4,0,11,0,0,0,0,0,0,0,0,0,0,0,0,0,0,0,0,0,0,0,0,0,0,0,0,0,0,0,0,0,0,0,0,13,26,45,86,101,71,24,359,73,26,27,35,46,18,5,222,7,4,3,4,5,3,6,35,369,425,441,610,640,248,59,2783,0,0,0,0,0,0,0,0,4,0,0,0,0,0,0,3,0,0,0,0,0,0,0,0,0,0,0,0,0,0,0,0,0,0,0,0,0,0,0,0,170,265,337,441,313,92,4,1625,68,9,5,9,9,8,0,112,0,0,0,0,0,0,0,0,0,0,0,0,0,0,0,0,0,0,0,0,0,0,0,5,0,0,0,3,7,0,0,11,18,17,18,23,26,4,3,107,262,291,371,475,357,114,8,1868,0,0,0,0,0,0,0,0
205031091,0,0,0,0,0,0,0,0,0,0,0,4,0,0,0,4,0,0,3,4,0,0,0,8,0,0,0,0,0,0,0,0,0,0,0,0,0,0,0,0,0,0,0,0,0,0,0,0,0,0,0,0,0,0,0,0,11,22,46,57,77,46,15,266,56,30,37,23,49,30,5,229,8,0,7,3,5,0,0,21,261,267,359,362,362,163,28,1794,0,0,0,0,0,0,0,0,7,3,0,0,0,0,0,5,0,0,0,0,0,0,0,4,0,0,0,0,0,0,0,0,0,0,0,0,0,0,0,0,111,172,217,251,270,40,6,1067,30,18,9,13,13,3,0,85,0,0,0,0,0,0,0,0,0,0,0,0,0,0,0,4,0,3,8,4,3,0,0,17,0,0,0,3,4,0,0,5,7,13,15,22,20,7,0,84,157,217,251,291,313,53,12,1284,0,0,0,0,0,0,0,0
205031092,0,0,0,0,0,0,0,0,0,0,0,0,0,0,0,0,0,0,0,0,0,0,0,0,0,0,0,0,0,0,0,0,0,0,0,0,0,0,0,0,0,0,0,0,0,0,0,0,0,0,0,0,0,0,0,0,0,0,0,0,0,0,0,0,0,3,0,0,0,0,0,5,0,0,0,0,0,0,0,0,0,5,0,7,5,0,0,20,0,0,0,0,0,0,0,0,0,0,0,0,0,0,0,0,0,0,0,0,0,0,0,0,0,0,0,0,0,0,0,0,0,0,0,0,0,0,0,0,0,0,5,0,4,4,0,13,0,0,0,0,0,0,0,0,0,0,0,0,0,0,0,0,0,0,0,0,0,0,0,0,0,0,0,0,0,0,0,0,0,0,0,0,0,0,0,0,0,4,0,0,0,0,0,4,0,10,5,0,4,4,0,15,0,0,0,0,0,0,0,0
205031093,7,0,0,0,0,0,0,3,7,5,4,4,3,0,0,25,12,5,9,4,6,0,0,29,0,0,0,0,0,0,0,0,0,0,0,0,0,0,0,0,0,0,0,0,0,0,0,6,0,0,0,0,0,0,0,3,15,70,109,111,121,100,37,557,107,59,46,55,73,43,7,388,5,9,6,11,9,4,6,44,611,728,747,851,751,303,77,4059,0,0,0,0,0,0,0,0,9,0,0,0,0,0,0,6,0,0,0,0,0,0,0,0,0,0,0,0,0,0,0,0,0,0,0,0,0,0,0,4,310,461,548,694,581,106,5,2696,114,27,16,22,14,7,0,208,0,0,0,0,0,0,0,0,0,0,0,0,0,0,0,0,3,0,4,4,5,0,0,17,0,0,0,0,4,4,0,8,29,13,27,43,29,18,3,157,467,506,601,762,632,123,5,3099,0,0,0,0,0,0,0,0
205041094,0,0,0,0,0,0,0,0,0,0,5,3,0,0,0,7,0,3,0,3,6,0,0,12,0,0,0,0,0,0,0,0,0,0,0,0,0,0,0,0,0,0,0,0,0,0,0,0,0,0,0,0,0,0,0,0,4,37,48,56,51,30,17,245,14,15,33,61,67,10,0,193,3,0,5,4,4,3,0,19,156,446,561,570,567,121,27,2452,0,0,0,0,0,0,0,0,0,0,0,0,0,0,0,7,0,0,0,0,0,0,0,0,0,0,0,0,0,0,0,0,0,0,0,0,0,0,0,0,75,122,153,168,143,27,4,688,21,14,3,7,7,0,0,48,0,0,0,0,0,0,0,0,0,0,0,0,0,0,0,0,0,0,0,0,0,0,0,0,0,0,0,0,0,0,0,0,4,3,0,5,3,0,3,27,97,142,156,175,157,29,5,765,0,0,0,0,0,0,0,0
205041095,0,0,0,0,0,0,0,0,5,0,0,0,3,0,0,7,12,0,0,0,0,0,0,14,0,0,0,0,0,0,0,0,0,0,0,0,0,0,0,0,0,0,0,0,0,0,0,5,3,0,0,0,0,0,0,4,4,32,51,30,47,11,3,186,61,43,42,45,55,15,0,259,3,7,3,4,7,0,0,27,420,537,496,493,522,122,16,2604,7,0,0,0,0,0,0,3,8,0,0,3,4,0,0,18,0,0,0,0,0,0,0,0,0,0,0,0,0,0,0,0,0,0,0,0,5,0,0,9,246,352,353,419,344,50,10,1784,90,20,12,17,10,0,0,152,0,0,0,0,0,0,0,0,0,0,0,0,0,0,0,0,0,0,0,0,0,0,0,0,0,0,5,0,0,0,0,9,8,10,13,12,6,0,0,54,361,385,386,459,368,57,10,2026,0,0,0,0,0,0,0,0
205041096,3,0,3,0,5,0,0,4,3,7,3,5,3,0,0,28,9,9,9,9,7,0,0,43,0,0,0,0,0,0,0,3,0,0,0,0,0,0,0,3,0,0,0,0,6,0,0,3,3,0,0,0,4,0,0,11,18,107,104,75,79,23,4,411,58,89,85,82,116,44,0,469,6,17,10,10,9,6,3,49,654,1156,1101,1100,1084,279,31,5402,0,3,5,0,0,0,0,12,18,9,6,3,0,0,0,34,0,0,0,0,0,0,0,0,0,0,0,0,0,0,0,0,0,0,0,0,0,0,0,3,347,649,623,679,593,121,5,3025,107,29,12,18,16,9,0,183,0,0,0,0,0,0,0,0,0,0,0,0,0,0,0,0,0,0,0,0,0,0,0,0,0,0,0,0,3,0,0,9,3,6,8,3,18,0,0,41,479,702,656,705,629,127,8,3306,0,0,0,0,0,0,0,0
205041098,0,0,0,0,0,0,0,0,0,0,0,0,0,0,0,0,0,0,0,0,0,0,0,0,0,0,0,0,0,0,0,0,0,0,0,0,0,0,0,0,0,0,0,0,0,0,0,0,0,0,0,0,0,0,0,0,0,3,4,11,7,17,6,48,4,0,5,0,0,5,0,17,0,0,0,0,0,0,0,0,48,56,44,36,44,24,7,265,0,0,0,0,0,0,0,0,0,0,0,0,0,0,0,0,0,0,0,0,0,0,0,0,0,0,0,0,0,0,0,0,0,0,0,0,0,0,0,0,15,17,26,27,25,10,0,126,8,0,0,0,0,0,0,5,0,0,0,0,0,0,0,0,0,0,0,0,0,0,0,0,0,0,0,0,0,0,0,0,0,0,0,0,0,0,0,0,0,0,4,5,3,0,0,11,24,17,27,36,28,10,0,146,0,0,0,0,0,0,0,0
205041493,0,0,0,0,0,0,0,0,3,11,0,7,3,0,0,29,3,11,0,9,3,0,0,32,0,0,0,0,0,0,0,0,0,0,0,0,0,0,0,0,0,0,0,0,0,0,0,4,5,0,5,0,0,0,0,4,23,68,79,57,41,22,7,297,128,46,37,50,46,18,0,318,0,0,0,0,5,0,0,14,817,834,733,640,477,136,21,3656,3,6,0,0,0,0,0,8,23,5,4,3,3,0,0,33,0,0,0,0,0,0,0,0,0,0,0,0,0,0,0,0,3,4,0,0,0,0,0,4,434,598,542,545,417,88,5,2625,200,36,19,19,12,5,0,298,0,0,0,0,0,0,0,0,0,0,0,0,0,0,0,0,0,0,0,0,0,0,0,5,0,0,3,5,0,0,0,13,22,19,10,12,13,4,0,82,688,669,581,587,451,94,8,3070,0,0,0,0,0,0,0,0
205041494,0,0,0,0,0,0,0,0,3,0,5,4,0,0,0,12,6,3,5,4,0,0,0,14,0,0,0,0,0,0,0,0,0,0,0,0,0,0,0,0,0,0,0,0,0,0,0,5,0,0,0,0,0,0,0,9,13,42,67,47,44,22,6,232,35,38,33,39,31,10,3,188,0,0,0,0,4,0,0,8,252,449,438,454,378,127,8,2100,0,0,0,0,0,0,0,0,0,0,0,0,0,0,0,3,0,0,0,0,0,0,0,0,0,0,0,0,0,0,0,0,0,0,0,0,0,3,0,0,227,584,517,488,429,69,3,2312,48,29,12,9,19,5,0,122,0,0,0,0,0,0,0,0,0,0,0,0,0,0,0,0,0,0,0,0,0,0,0,0,0,0,0,0,4,0,0,5,3,13,5,15,15,0,0,51,280,631,537,509,459,76,3,2494,0,0,0,0,0,0,0,0
205051099,0,0,0,0,0,0,0,0,0,0,0,0,0,0,0,0,0,0,0,0,0,0,0,0,0,0,0,0,0,0,0,0,0,0,0,0,0,0,0,0,0,0,0,0,0,0,0,0,0,0,0,0,0,0,0,0,0,0,0,0,0,0,0,5,0,0,0,0,0,0,0,3,0,0,0,0,0,0,0,0,0,0,0,4,6,0,0,9,0,0,0,0,0,0,0,0,0,0,0,0,0,0,0,0,0,0,0,0,0,0,0,0,0,0,0,0,0,0,0,0,0,0,0,0,0,0,0,0,0,4,0,0,0,0,0,5,0,0,0,0,0,0,0,0,0,0,0,0,0,0,0,0,0,0,0,0,0,0,0,0,0,0,0,0,0,0,0,0,0,0,0,0,0,0,0,0,0,0,0,0,0,0,0,0,4,4,0,0,3,0,0,10,0,0,0,0,0,0,0,0
205051100,0,0,0,0,0,0,0,0,0,5,12,0,4,0,0,28,6,5,12,0,4,0,0,27,0,0,0,0,0,0,0,0,0,0,0,0,0,0,0,0,0,0,0,0,0,0,0,3,0,0,0,0,0,0,0,4,4,20,25,37,33,17,6,146,3,33,37,43,39,7,0,162,0,0,0,0,0,0,4,11,173,389,394,351,290,72,20,1685,0,0,0,0,0,0,0,0,0,0,0,0,0,0,0,0,0,0,0,0,0,0,0,0,0,0,0,0,0,0,0,0,0,0,0,0,0,0,0,0,42,70,70,87,70,14,0,348,4,3,3,4,5,0,0,24,0,0,0,0,0,0,0,0,0,0,0,0,0,0,0,0,4,3,0,0,0,0,0,9,5,0,0,0,0,0,0,3,38,18,5,4,3,3,0,70,89,96,81,93,84,13,0,460,0,0,0,0,0,0,0,0
205051101,0,0,0,0,0,0,0,0,3,5,3,0,6,0,0,11,3,10,5,0,6,0,0,12,0,0,0,0,0,0,0,0,0,0,0,0,0,0,0,0,0,0,0,4,0,6,0,4,0,0,0,4,0,6,0,4,4,21,51,54,74,57,29,291,41,15,13,18,32,11,0,134,7,4,0,0,4,0,0,19,343,464,393,391,432,186,52,2250,0,0,0,0,0,0,0,0,0,0,0,0,0,0,0,4,0,0,0,0,0,0,0,0,0,0,0,0,0,0,0,0,0,0,0,0,0,0,0,0,135,215,219,258,204,44,5,1091,49,7,3,10,0,0,0,77,0,0,0,0,0,0,0,0,0,0,0,0,0,0,0,5,0,0,0,0,0,0,0,5,0,0,5,0,0,0,0,6,17,11,19,14,15,7,6,90,203,241,244,286,227,56,9,1270,0,0,0,0,0,0,0,0
205051102,0,0,0,0,0,0,0,0,0,0,0,0,0,0,0,6,0,0,0,0,0,0,0,6,0,0,0,0,0,0,0,0,0,0,0,0,0,0,0,0,0,0,0,0,0,0,0,4,0,0,0,0,0,0,0,5,0,12,25,22,23,35,9,125,10,23,14,11,21,13,0,90,0,4,0,0,5,0,0,10,93,165,192,185,166,95,17,921,0,0,0,0,0,0,0,0,0,0,0,0,0,0,0,0,0,0,0,0,0,0,0,0,0,0,0,0,0,0,0,0,0,0,0,0,0,0,0,0,41,80,84,88,70,13,0,379,6,3,0,3,4,0,0,16,0,0,0,0,0,0,0,0,0,0,0,0,0,0,0,0,0,0,0,0,0,0,0,0,0,0,0,0,0,0,0,0,5,6,11,7,11,3,0,42,55,86,97,104,82,20,0,447,0,0,0,0,0,0,0,0
205051103,5,0,0,0,0,0,0,0,6,11,6,10,0,0,0,30,6,11,6,10,0,0,0,31,0,0,0,0,0,0,0,0,0,0,0,0,0,0,0,0,3,0,4,0,0,0,0,7,3,0,4,0,3,0,0,11,9,31,43,51,49,20,8,226,77,48,42,46,62,26,5,306,3,7,0,9,5,3,4,26,600,640,654,579,597,172,29,3281,0,0,0,0,0,0,0,4,9,0,0,0,0,0,0,10,0,0,0,0,0,0,0,0,0,0,0,0,0,0,0,0,0,0,0,0,0,0,0,5,347,586,634,726,570,127,8,2994,133,19,23,24,16,3,0,221,0,0,0,0,0,0,0,0,0,0,0,0,0,0,0,0,7,0,8,0,9,0,0,23,5,3,4,4,3,0,0,18,37,30,21,24,35,9,0,153,535,642,686,787,629,138,8,3426,0,0,0,0,0,0,0,0
205051104,0,0,0,0,0,0,0,0,0,4,4,0,0,0,0,6,0,4,4,0,0,0,0,6,0,0,0,0,0,0,0,0,0,0,0,0,0,0,0,0,0,0,0,0,0,0,0,0,0,0,0,0,0,0,0,0,0,9,18,20,45,40,11,155,16,6,7,0,16,5,3,58,3,0,0,0,0,8,4,19,98,133,137,165,219,113,31,886,0,0,0,0,0,0,0,0,4,0,0,0,0,0,0,5,0,0,0,0,0,0,0,0,0,0,0,0,0,0,0,0,0,0,0,0,0,0,0,0,41,76,91,128,118,39,5,495,11,3,5,4,5,6,0,33,0,0,0,0,0,0,0,0,0,0,0,0,3,0,0,6,0,0,0,0,3,0,0,3,0,3,0,0,4,0,0,5,11,10,11,13,20,10,0,70,64,93,108,145,153,55,0,618,0,0,0,0,0,0,0,0
206011106,6,3,0,0,0,0,0,6,0,15,4,0,0,0,0,25,10,24,3,4,5,0,0,45,5,0,0,0,0,0,0,11,0,0,0,0,0,0,0,0,4,5,0,0,0,0,0,10,5,6,0,3,0,0,0,14,16,124,116,70,42,20,4,391,60,45,24,17,8,6,0,163,0,5,4,0,0,0,0,8,247,537,403,223,153,69,5,1644,3,9,0,0,0,0,0,16,3,5,0,0,0,0,0,5,0,0,0,0,0,0,0,0,19,21,10,0,0,0,0,49,0,3,0,0,0,0,0,3,58,140,117,101,72,16,0,499,27,14,3,4,3,0,0,54,0,0,0,0,0,0,0,0,0,3,0,0,0,0,0,6,9,25,10,7,4,0,0,52,0,4,8,0,0,0,0,9,14,31,27,14,9,3,0,95,139,251,169,131,85,22,0,792,0,0,0,0,0,0,0,7
206011107,0,0,0,0,0,0,0,3,0,0,3,0,0,0,0,5,0,7,5,0,0,0,0,12,0,0,0,0,0,0,0,5,0,0,0,0,0,0,0,0,5,0,0,0,0,0,0,7,3,5,0,0,0,0,0,7,12,54,62,55,42,16,4,245,21,12,14,7,8,3,0,70,0,0,0,0,0,0,0,3,94,203,200,178,116,49,8,844,0,0,0,0,0,0,0,4,3,3,0,0,0,0,0,10,0,0,0,0,0,0,0,0,5,5,4,0,0,0,0,18,0,0,0,0,0,0,0,5,57,109,73,78,59,16,0,386,12,13,0,0,6,0,0,35,0,0,0,0,0,0,0,0,0,3,0,0,0,0,0,3,0,10,3,0,0,0,0,15,0,0,0,0,0,0,0,3,6,18,12,15,8,0,0,55,99,163,97,95,67,15,6,544,4,0,0,0,0,0,0,4
206011109,4,0,0,0,0,0,0,4,0,0,0,0,0,0,0,9,4,5,0,0,0,3,0,7,0,0,0,0,0,0,0,3,0,0,0,0,0,0,0,0,0,0,0,0,0,0,0,0,0,0,0,0,0,0,0,3,15,31,35,54,31,14,0,173,16,13,11,9,10,9,4,61,0,0,0,0,0,0,0,4,81,123,113,127,109,38,11,594,0,9,0,4,0,0,0,16,5,3,0,0,0,0,0,7,0,0,0,0,0,0,0,0,5,4,0,0,0,0,0,6,0,0,0,0,0,0,0,0,39,67,66,66,53,12,0,291,12,4,3,0,6,0,0,31,0,0,0,0,0,0,0,0,0,0,0,0,0,0,0,0,0,0,0,0,3,0,0,4,0,0,3,0,3,0,0,4,0,6,4,6,3,0,0,26,62,88,76,79,67,12,0,386,3,8,0,0,0,0,0,15
206011495,5,0,0,5,3,0,0,8,9,3,4,0,0,0,0,14,13,13,5,12,7,0,0,56,4,3,0,4,0,0,0,8,0,0,0,0,0,0,0,0,0,3,3,3,0,0,0,14,4,6,3,4,0,0,0,18,23,135,129,94,51,17,4,468,56,66,38,25,20,10,0,218,5,0,4,0,4,0,0,13,282,674,491,391,328,106,19,2293,9,15,0,0,0,0,0,36,11,5,4,0,0,0,0,17,0,0,0,0,0,0,0,0,22,19,8,0,4,0,0,55,0,9,0,0,0,0,0,12,103,251,190,181,152,44,0,921,24,22,15,12,17,5,0,91,0,0,0,0,0,0,0,0,0,0,0,0,0,0,0,0,9,20,7,14,3,0,0,49,0,0,0,0,0,0,0,3,31,34,21,9,9,0,0,106,212,379,246,215,185,57,3,1292,7,8,0,0,3,0,0,16
206011496,4,6,0,5,7,0,0,21,16,15,8,0,3,0,0,39,37,30,21,10,13,3,0,116,7,10,10,0,0,0,0,25,0,0,0,0,0,0,0,0,0,8,5,0,0,0,0,21,10,19,14,0,0,0,0,48,26,206,214,179,83,26,3,743,153,148,65,61,51,14,3,491,5,0,0,0,3,0,0,10,649,1188,890,766,516,156,23,4195,31,31,21,10,3,0,0,93,14,0,5,3,4,0,0,25,0,0,0,0,0,0,0,0,42,55,18,4,0,3,0,119,7,11,0,5,3,0,0,23,188,337,285,277,220,56,3,1365,61,38,18,19,18,8,0,164,0,0,0,0,0,0,0,0,0,0,0,0,0,0,0,0,23,58,24,8,3,0,0,124,0,6,9,3,0,0,0,23,66,73,31,32,15,5,0,225,433,607,418,351,271,76,9,2162,5,8,9,5,3,0,0,32
206011497,5,0,6,0,0,0,0,12,7,9,5,0,4,0,0,23,18,14,14,5,5,3,0,53,3,3,0,0,0,0,0,15,0,0,5,0,0,0,0,0,5,0,0,0,0,0,0,13,11,11,3,0,0,0,0,26,25,174,194,112,62,17,3,587,78,50,38,35,27,13,3,239,4,5,8,4,0,0,0,18,398,694,603,451,340,102,23,2606,13,16,9,0,0,0,0,38,6,8,7,4,5,0,0,28,0,0,0,0,0,0,0,0,14,19,4,3,0,0,0,41,0,0,0,0,0,0,0,8,164,311,319,377,273,47,4,1492,49,23,16,18,10,4,0,122,0,0,0,0,0,0,0,0,0,0,0,0,0,0,0,0,4,15,11,7,0,0,0,39,0,0,4,4,3,3,0,10,21,19,25,21,8,7,3,102,274,416,379,436,302,67,10,1882,5,7,6,3,3,0,0,21
206011498,3,4,0,0,0,0,0,3,3,0,4,0,0,0,0,5,8,9,4,3,0,0,0,14,0,0,0,0,0,0,0,0,0,0,0,0,0,0,0,0,0,0,0,0,0,0,0,3,0,0,0,5,0,0,0,3,9,46,68,75,34,16,0,238,18,15,15,8,12,5,0,77,0,0,0,0,0,0,0,4,134,205,205,183,141,44,3,926,0,0,0,3,0,0,0,7,4,0,5,0,0,0,0,10,0,0,0,0,0,0,0,0,0,0,5,0,0,0,0,14,0,0,3,5,0,0,0,3,57,179,150,143,132,39,0,696,24,4,0,3,9,3,0,41,0,0,0,0,0,0,0,0,0,0,0,0,0,0,0,3,4,3,0,3,0,0,0,16,0,0,0,3,3,0,0,5,6,9,0,4,10,0,0,34,105,198,160,170,155,43,3,834,6,0,0,0,0,0,0,3
206021110,0,4,0,0,0,0,0,3,5,11,3,0,0,0,0,20,15,18,7,5,7,0,0,52,0,0,3,0,0,0,0,4,0,0,0,0,0,0,0,0,0,3,0,0,0,0,0,4,0,5,3,0,0,0,0,10,11,71,110,109,57,39,0,409,67,45,27,26,24,10,0,196,0,0,3,0,0,0,3,7,372,629,569,471,411,137,15,2601,10,10,9,0,0,0,0,26,6,15,5,0,7,0,0,34,0,0,0,0,0,0,0,0,0,0,0,0,0,0,0,0,0,0,0,0,0,0,0,0,116,226,211,252,153,31,5,993,37,28,7,3,7,3,0,84,0,0,0,0,0,0,0,0,0,0,0,0,0,0,0,0,12,5,9,14,5,0,0,32,0,0,0,0,0,0,0,5,28,16,11,14,12,7,0,84,209,295,242,288,181,41,5,1258,0,10,3,0,4,0,0,16
206021112,0,3,0,0,0,0,0,5,0,7,12,0,3,0,0,27,0,12,17,5,6,0,0,39,0,0,4,0,0,0,0,5,0,4,0,0,0,0,0,4,0,5,0,4,0,0,0,14,4,7,5,4,0,0,0,23,22,143,188,155,90,29,5,634,64,44,27,28,21,10,5,205,0,5,6,0,0,3,0,11,318,679,578,519,392,136,25,2646,13,11,4,3,3,0,0,35,8,11,5,0,3,0,0,37,0,0,0,0,0,0,0,0,11,16,0,8,5,0,0,35,8,3,0,0,0,0,0,9,103,268,255,258,213,59,3,1148,45,24,5,18,11,6,0,109,0,0,0,0,0,0,0,0,0,0,0,0,0,0,0,4,8,17,8,7,4,0,0,52,0,9,0,0,0,0,0,12,23,30,11,16,15,8,0,97,215,389,297,309,252,70,3,1528,4,3,0,3,4,0,0,16
206021499,5,0,0,0,0,0,0,5,0,3,0,3,0,0,0,9,3,12,4,8,0,0,0,24,8,6,0,0,0,0,0,10,0,0,0,0,0,0,0,0,0,0,0,0,0,0,0,4,8,5,3,0,0,0,0,14,18,101,126,146,86,37,4,511,58,51,32,36,22,10,0,214,7,5,0,0,0,0,0,6,236,449,338,350,227,83,17,1701,13,15,8,0,4,0,0,40,3,5,3,0,3,0,0,17,0,0,0,0,0,0,0,0,5,14,5,0,0,0,0,25,3,4,0,0,0,0,0,5,86,182,142,164,105,27,0,708,20,7,6,5,0,8,0,50,0,0,0,0,0,0,0,0,0,0,0,0,0,0,0,0,13,25,5,11,0,0,0,55,0,6,0,0,0,0,0,3,28,26,12,12,13,0,0,94,176,280,179,199,127,41,0,1001,6,0,4,0,0,0,0,12
206021500,4,0,0,0,0,0,0,8,0,6,0,0,0,0,0,11,13,16,5,8,4,0,0,37,4,0,0,0,0,0,0,3,0,0,0,0,0,0,0,0,0,3,0,0,0,0,0,4,9,7,0,4,0,0,0,10,25,95,94,105,58,25,3,407,36,44,23,14,13,4,0,134,0,4,0,0,0,0,0,12,200,423,294,285,173,60,15,1449,7,10,9,7,3,0,0,40,4,0,0,0,0,0,0,7,0,0,0,0,0,0,0,0,15,14,6,3,0,0,0,42,0,0,0,0,0,0,0,0,61,168,126,132,88,28,6,610,15,7,8,5,6,4,0,46,0,0,0,0,0,0,0,0,0,0,0,0,0,0,0,0,19,17,7,6,0,0,0,49,0,0,3,0,0,0,0,8,29,22,10,8,7,0,0,78,147,249,172,158,113,37,6,878,0,0,0,4,0,0,0,6
206031113,4,0,0,0,0,0,0,4,0,7,0,0,3,0,0,8,9,10,3,0,3,0,0,26,0,0,0,0,0,0,0,4,0,0,0,0,0,0,0,0,4,0,0,0,0,0,0,9,4,5,0,0,0,0,0,10,16,62,78,103,64,29,4,353,70,31,26,19,17,7,0,167,0,3,3,0,0,0,0,15,233,315,241,251,170,64,10,1282,5,11,7,0,3,0,0,21,3,0,0,0,0,0,0,7,0,0,0,0,0,0,0,0,12,19,4,0,5,0,0,38,0,3,0,0,0,0,0,5,74,137,103,125,86,21,0,549,31,7,0,0,3,4,0,55,0,0,0,0,0,0,0,0,0,0,0,0,0,0,0,4,0,5,0,0,0,0,0,6,0,0,0,0,4,0,0,3,18,10,11,11,3,5,0,52,150,191,127,141,101,30,0,744,4,0,0,0,0,0,0,5
206031115,5,0,0,0,0,0,0,5,3,4,0,0,0,0,0,3,10,11,0,3,0,0,0,27,0,4,0,0,0,0,0,5,0,0,0,0,0,0,0,0,3,0,0,0,0,0,0,4,5,7,0,0,0,0,0,13,14,60,70,56,33,21,0,253,51,25,21,29,18,7,0,154,0,0,0,5,0,0,0,12,244,327,289,255,211,70,7,1408,7,15,8,0,4,0,0,35,0,0,0,0,0,0,0,9,0,0,0,0,0,0,0,0,9,8,5,0,0,0,0,23,0,0,0,0,0,0,0,3,71,141,166,134,99,22,4,641,28,14,13,10,8,0,0,73,0,0,0,0,0,0,0,0,0,0,0,0,0,0,0,0,0,0,5,4,0,0,0,10,0,0,4,0,0,0,0,3,20,12,3,15,3,4,0,60,138,191,207,168,121,27,4,855,3,4,4,0,3,0,0,14
206031116,3,0,0,0,0,0,0,5,0,0,7,4,0,0,0,17,13,8,20,4,4,4,0,51,0,3,0,5,0,0,0,12,0,0,0,0,0,0,0,0,3,0,0,0,0,0,0,4,7,5,3,5,0,0,0,22,49,260,306,283,170,60,5,1137,129,82,52,41,37,22,3,361,0,5,5,0,3,3,0,18,533,805,742,671,438,172,23,3377,37,44,19,9,0,0,0,104,22,14,5,7,9,0,0,52,0,0,0,0,0,0,0,0,22,19,6,9,0,5,0,59,8,0,3,0,0,0,0,9,257,405,331,365,267,64,0,1692,112,18,17,17,21,3,0,194,0,0,0,0,0,0,0,0,0,0,0,0,0,0,0,7,0,3,3,4,3,0,0,15,0,0,0,0,0,0,0,7,60,33,19,25,26,6,0,170,515,547,404,431,335,81,5,2319,0,10,0,0,4,0,0,18
206031501,0,3,0,0,0,0,0,5,4,4,6,0,0,0,0,9,9,14,4,5,0,0,0,33,3,0,0,0,0,0,0,6,0,0,0,0,0,0,0,0,6,0,0,0,0,0,0,10,8,3,0,0,0,0,0,12,25,64,74,112,88,35,6,399,74,31,23,15,17,4,3,166,0,0,0,0,0,0,0,4,330,336,307,319,262,98,24,1667,4,6,0,0,0,0,0,18,4,0,0,0,3,0,0,11,0,0,0,0,0,0,0,0,11,6,4,0,0,0,0,18,0,3,0,4,0,0,0,9,119,198,176,237,145,33,0,915,69,13,5,7,7,4,0,103,0,0,0,0,0,0,0,0,0,0,0,0,0,0,0,0,0,0,0,0,0,0,0,0,3,5,0,0,0,0,0,7,30,9,10,4,7,0,0,71,240,247,196,259,169,44,0,1155,0,0,0,0,3,0,0,5
206031502,5,3,0,0,0,0,0,9,5,0,0,0,0,0,0,6,13,9,5,3,3,4,0,32,0,0,0,0,0,0,0,0,0,0,0,0,0,0,0,0,5,0,0,0,0,0,0,0,5,0,0,0,0,0,0,4,23,102,87,95,58,40,0,402,65,33,15,20,25,13,3,171,0,6,4,0,0,0,0,7,292,413,332,313,223,111,9,1702,8,8,6,3,0,0,0,29,0,8,3,0,0,0,0,7,0,0,0,0,0,0,0,0,6,5,3,0,0,0,0,14,0,3,0,0,0,0,0,9,137,255,195,234,161,32,0,1007,49,17,10,15,7,0,0,98,0,0,0,0,0,0,0,0,0,0,0,0,0,0,0,0,0,0,3,0,0,0,0,8,0,4,9,0,0,0,0,10,16,18,5,10,13,5,0,69,226,309,225,260,184,43,0,1248,0,5,0,4,0,0,0,10
206041117,9,10,5,0,0,0,0,23,12,23,11,11,3,0,0,61,63,86,49,48,32,8,0,293,13,29,23,14,3,0,0,82,3,3,0,0,0,0,0,4,4,15,0,0,5,0,0,22,17,43,22,16,7,0,0,101,155,838,955,665,398,136,26,3163,208,205,125,80,63,33,5,718,4,9,6,6,3,0,0,35,869,2223,1873,1347,948,322,39,7620,55,120,85,47,38,5,0,355,12,23,11,11,3,0,0,55,0,0,0,0,0,0,0,0,77,144,48,31,17,14,0,338,3,13,4,0,0,0,0,21,149,412,391,361,310,64,5,1701,44,60,26,39,31,11,4,218,0,0,0,0,0,0,0,0,0,0,0,0,3,0,0,14,19,73,47,21,15,0,0,177,4,4,8,6,3,3,0,24,149,141,59,48,38,5,0,447,521,989,688,564,467,113,10,3345,12,15,11,10,3,0,0,52
206041118,6,10,4,6,0,3,0,24,13,38,32,22,11,4,0,111,129,349,427,239,120,15,0,1275,32,59,100,26,10,0,0,220,0,0,0,0,0,0,0,0,3,10,8,3,4,0,0,36,33,74,108,35,15,0,0,263,1496,8982,12573,6920,3063,461,16,33512,386,657,730,547,400,94,11,2827,21,60,41,15,14,4,9,169,2951,13062,16765,9843,4833,799,48,48309,265,676,514,297,144,15,0,1911,9,24,10,5,10,0,0,47,0,0,0,0,0,0,0,4,125,258,92,41,28,8,0,550,11,14,10,6,0,0,0,37,207,656,597,447,207,29,0,2149,54,102,61,43,33,9,0,308,0,0,0,0,0,0,0,0,0,7,7,4,0,0,0,23,7,45,26,28,7,3,0,118,3,41,36,22,10,4,0,115,62,195,107,50,27,8,0,444,749,2016,1456,952,462,72,4,5702,46,53,24,18,10,4,0,162
206041119,0,8,0,0,0,0,0,15,3,12,3,7,7,0,0,34,34,78,71,39,26,9,0,260,11,27,8,10,4,0,0,50,0,0,0,0,0,0,0,3,3,5,5,5,0,0,0,16,10,36,9,18,0,0,0,71,144,1152,1333,966,563,172,21,4348,228,208,134,132,165,79,22,972,0,21,9,6,0,3,3,40,751,2263,2310,1775,1305,400,73,8884,86,220,167,113,84,22,0,686,7,11,15,15,8,4,0,55,0,0,0,0,0,0,0,0,46,100,43,31,24,13,0,257,0,7,0,0,0,0,0,13,173,544,428,439,388,94,12,2081,31,50,31,22,37,8,3,177,0,0,0,0,0,0,0,0,0,0,0,0,0,0,0,5,3,35,18,26,15,3,0,101,0,4,3,9,7,0,0,21,30,82,43,35,37,17,0,241,375,1050,748,688,592,163,18,3644,15,18,18,8,11,0,0,62
206041120,0,0,0,0,0,0,0,0,0,5,0,0,0,0,0,4,7,7,5,6,0,0,0,17,3,0,0,0,0,0,0,5,0,0,0,0,0,0,0,0,0,0,0,0,0,0,0,0,3,0,0,0,0,0,0,5,6,44,63,45,25,8,0,197,23,16,15,10,9,9,9,89,0,0,0,0,0,0,0,6,96,143,166,123,88,35,7,657,0,0,0,0,0,0,0,7,0,0,0,0,0,0,0,0,0,0,0,0,0,0,0,0,0,0,4,0,0,0,0,10,0,0,0,0,0,0,0,5,61,70,52,37,41,3,0,264,8,0,7,6,3,0,0,23,0,0,0,0,0,0,0,0,0,0,0,0,0,0,0,0,0,0,0,0,0,0,0,0,0,0,0,0,0,0,0,0,7,3,0,0,0,0,0,14,79,80,69,49,42,3,0,322,6,0,0,0,0,0,0,3
206041121,0,0,0,0,0,0,0,0,4,7,4,0,0,0,0,14,15,19,18,13,11,3,0,78,4,7,0,4,0,0,0,13,0,0,0,0,0,0,0,0,0,3,5,0,0,0,0,9,3,14,4,4,0,0,0,26,27,122,185,128,76,24,3,567,45,40,36,21,27,5,0,185,0,0,5,0,0,0,0,5,301,732,738,508,383,85,10,2773,26,34,28,9,12,4,0,117,4,0,0,0,0,0,0,7,0,0,0,0,0,0,0,0,9,6,3,4,0,0,0,14,0,4,4,0,0,0,0,9,76,241,191,174,122,22,4,824,10,18,11,9,17,0,3,64,0,0,0,0,0,0,0,0,0,0,0,0,0,0,0,6,0,7,8,3,0,0,0,21,0,0,0,0,0,0,0,6,23,15,13,17,4,3,0,82,147,334,265,212,158,29,7,1149,6,9,8,0,4,0,0,22
206041124,8,9,8,6,5,0,0,31,14,37,24,9,10,7,0,102,66,163,116,53,72,14,0,481,17,53,51,40,21,3,0,193,0,0,0,0,0,0,0,3,6,16,4,0,0,0,0,24,22,70,61,41,24,3,0,222,215,795,943,725,427,131,18,3250,120,215,192,149,146,55,10,885,10,24,18,5,4,0,0,69,897,3072,2776,2009,1468,390,41,10654,70,197,131,78,79,6,0,570,15,28,15,11,17,0,0,81,0,0,0,0,0,0,0,0,106,393,170,92,68,36,5,875,4,23,6,0,5,0,0,36,480,2259,1973,1495,982,214,6,7419,54,159,106,83,86,13,4,512,0,0,0,0,0,0,0,0,0,12,11,10,3,0,0,35,41,322,195,112,62,13,0,748,0,22,13,10,13,0,0,63,153,376,145,87,71,12,0,847,929,3801,2761,1994,1384,305,15,11183,15,48,37,40,19,8,0,165
206041125,4,6,6,3,0,0,0,19,3,18,6,8,7,0,0,49,38,97,63,40,20,8,0,264,18,38,37,14,7,0,0,112,0,0,0,0,0,0,0,4,10,23,14,0,3,0,0,43,30,59,49,13,10,0,0,157,103,918,1255,798,408,122,30,3638,119,170,130,68,80,32,3,604,9,15,9,4,0,0,5,44,655,2333,2394,1516,923,281,55,8152,53,110,73,42,30,8,0,329,13,38,13,6,4,0,0,75,0,0,0,0,0,0,0,0,78,161,69,44,33,10,0,392,11,40,16,3,0,3,0,67,308,1171,749,677,429,105,6,3445,43,91,36,39,35,8,0,248,0,0,0,0,0,0,0,0,4,0,6,3,0,0,0,13,12,70,42,22,7,0,0,158,6,11,7,7,4,0,0,29,37,237,100,65,43,18,0,502,562,1932,1103,905,588,163,6,5256,9,25,14,9,4,0,0,59
206041127,0,0,0,0,0,0,0,3,0,7,4,0,3,0,0,17,3,13,9,3,6,0,0,40,0,0,0,0,0,0,0,6,0,0,0,0,0,0,0,0,0,0,0,0,0,0,0,3,0,3,0,0,0,0,0,5,3,64,50,58,35,8,0,218,14,39,72,79,88,18,0,317,3,3,4,0,4,0,0,19,183,772,900,909,731,149,12,3655,0,11,6,0,0,0,0,13,0,0,0,0,0,0,0,0,0,0,0,0,0,0,0,0,0,0,0,0,0,0,0,0,0,0,0,0,0,0,0,3,34,108,80,75,50,9,0,345,5,3,5,4,0,0,0,14,0,0,0,0,0,0,0,0,0,0,0,0,0,0,0,0,0,0,0,0,0,0,0,0,0,5,0,0,0,0,0,5,0,0,0,0,0,0,0,4,38,121,89,83,49,5,0,394,0,0,0,0,0,0,0,5
206041503,12,20,6,6,14,0,0,55,25,64,35,27,5,6,0,168,227,491,393,211,149,30,3,1502,54,94,99,35,15,8,0,308,3,0,0,0,0,0,0,3,16,30,30,4,9,3,0,85,73,124,128,43,25,11,0,403,1293,9021,12428,7879,3808,736,49,35217,713,1218,920,529,385,158,25,3943,38,61,53,35,24,11,19,237,3879,14851,17000,10810,5735,1327,146,53742,526,1131,690,418,289,56,8,3120,49,65,40,48,38,10,0,245,0,0,0,0,0,0,0,0,537,728,256,148,116,23,9,1819,18,20,9,8,4,0,0,59,225,692,615,511,282,67,5,2405,72,135,82,67,68,20,0,453,0,0,0,0,0,0,0,0,0,17,10,4,0,0,0,25,17,115,53,42,23,0,0,245,11,50,44,31,13,5,0,155,265,486,192,109,61,13,0,1125,1716,3442,1998,1379,900,193,25,9658,75,112,64,37,34,6,0,334
206041504,4,11,0,0,0,0,0,19,16,26,11,10,4,0,0,71,122,161,132,64,44,12,0,538,18,31,27,9,4,0,0,89,0,0,0,0,0,0,0,0,8,6,0,0,0,0,0,18,25,43,26,6,4,0,0,106,287,1976,2510,1564,845,203,15,7401,316,258,197,109,109,45,8,1031,14,13,16,4,5,6,3,71,1488,3911,3893,2416,1438,386,33,13571,250,368,210,118,85,13,0,1050,31,35,18,16,11,4,0,111,0,0,0,0,0,0,0,3,173,236,65,21,23,9,0,528,5,9,0,0,0,0,0,17,105,207,209,168,125,19,0,823,30,43,25,21,19,3,0,144,0,0,0,0,0,0,0,0,0,0,0,0,0,0,0,4,10,40,21,9,5,4,0,90,9,17,17,4,3,6,0,50,246,241,74,35,23,3,0,622,855,1195,640,393,295,56,0,3440,45,35,26,9,8,0,0,118
206041505,13,20,12,8,7,3,0,70,16,74,52,26,19,5,0,192,257,614,611,341,181,60,8,2058,47,125,98,31,29,5,0,334,0,4,0,3,0,0,0,11,15,38,35,14,4,4,3,110,67,163,132,45,36,13,3,458,1811,10860,13279,8360,4003,920,121,39356,491,858,740,516,464,172,38,3279,27,70,45,22,14,15,8,213,4115,17083,18750,12056,6568,1763,247,60587,534,1378,899,511,354,78,0,3751,50,88,78,32,30,7,0,285,0,0,6,0,3,0,0,10,312,623,203,123,81,25,6,1372,27,49,29,5,8,0,0,113,248,836,743,621,339,68,6,2866,79,137,89,76,58,29,0,468,0,0,0,0,0,0,0,0,5,11,8,8,3,0,0,34,10,104,49,46,19,0,0,233,14,52,45,29,23,8,0,170,181,477,185,97,77,19,0,1035,1466,3753,2330,1554,984,233,17,10334,84,104,76,41,24,8,0,336
206041506,0,0,0,0,0,0,0,9,9,11,6,6,3,0,0,29,34,49,39,16,14,8,0,161,10,11,6,7,3,0,0,39,0,0,0,0,0,0,0,3,3,6,4,0,0,0,0,17,18,21,9,5,3,0,0,58,93,397,455,333,171,48,8,1506,106,138,69,60,59,29,3,471,4,5,8,4,0,0,0,24,701,1831,1444,1170,794,229,37,6211,48,55,34,22,30,8,0,196,4,12,0,0,5,0,0,15,0,0,0,0,0,0,0,3,40,48,21,13,10,6,0,136,6,12,0,0,0,0,0,18,175,473,332,330,212,53,0,1567,17,39,33,21,14,7,0,134,0,0,0,0,0,0,0,0,0,0,0,3,0,0,0,8,13,44,20,14,12,0,0,97,3,6,6,4,5,0,0,24,49,64,48,23,18,4,0,202,351,744,494,437,297,76,9,2406,12,13,7,7,0,0,0,44
206041507,0,0,0,0,0,0,0,0,0,0,0,0,0,0,0,7,0,0,0,0,8,0,0,9,0,0,0,0,0,0,0,0,0,0,0,0,0,0,0,0,0,0,0,0,0,0,0,0,0,0,0,0,0,0,0,0,0,10,8,14,13,0,0,51,3,4,4,5,3,0,0,21,0,0,0,0,0,0,0,0,15,40,34,46,44,9,0,184,0,0,0,5,0,0,0,4,0,0,0,0,0,0,0,0,0,0,0,0,0,0,0,0,0,0,3,0,0,0,0,5,0,0,0,0,0,0,0,0,0,12,7,8,9,0,0,35,0,0,0,0,0,0,0,0,0,0,0,0,0,0,0,0,0,0,0,0,0,0,0,0,0,0,0,0,4,0,0,4,0,0,0,0,0,0,0,0,0,0,0,0,0,0,0,0,0,17,9,12,5,0,0,51,0,0,0,0,0,0,0,0
206041508,5,3,0,0,0,0,0,9,9,20,14,11,0,0,0,50,76,143,119,59,20,5,0,425,28,39,25,9,5,0,0,94,0,0,0,0,0,0,0,0,4,12,10,0,0,0,0,32,30,46,34,10,5,3,0,125,356,2307,2807,1773,821,136,17,8219,490,720,539,394,241,51,7,2451,9,21,20,9,9,0,0,68,1578,4821,4798,3102,1647,292,20,16263,161,239,139,80,46,11,5,682,11,11,9,6,3,0,0,31,0,0,0,0,0,0,0,0,109,166,60,22,7,6,0,361,4,7,0,0,0,0,0,16,197,457,416,291,123,21,0,1512,20,44,27,18,12,6,0,124,0,0,0,0,0,0,0,0,4,4,0,0,0,0,0,11,5,26,10,6,3,0,0,49,3,11,5,8,3,0,0,37,80,164,70,25,15,3,0,344,594,1131,737,443,219,42,4,3160,26,33,16,7,8,0,0,87
206041509,5,3,5,0,0,0,0,12,3,6,9,12,0,0,0,27,45,50,43,30,14,5,0,194,7,18,19,6,8,4,0,53,0,0,0,0,0,0,0,0,4,10,10,0,5,5,0,24,18,23,25,3,11,3,0,80,180,838,1037,799,445,106,10,3414,97,149,116,98,89,22,6,572,4,9,3,6,8,4,0,32,642,1805,1884,1414,951,224,24,6942,45,75,45,37,18,9,0,237,3,3,0,0,0,0,0,12,0,0,0,0,0,0,0,3,50,90,33,26,9,8,0,205,8,12,0,3,0,0,0,32,80,294,213,160,114,21,3,870,26,24,9,9,11,4,0,82,0,0,0,0,0,0,0,0,0,0,3,0,0,0,0,5,6,13,17,14,7,0,0,59,0,0,4,0,5,0,0,12,66,62,24,16,10,10,0,198,285,584,352,267,165,44,5,1706,13,12,6,3,3,3,0,37
206041510,0,0,0,0,0,0,0,0,0,4,4,0,4,0,0,13,13,44,29,12,13,0,0,109,4,10,4,0,0,0,0,19,0,0,0,0,0,0,0,0,0,5,0,0,0,0,0,12,5,10,4,3,0,0,0,29,40,292,323,231,110,32,4,1038,33,68,57,40,47,26,0,273,0,3,7,6,0,0,0,14,260,927,855,610,383,128,14,3178,14,69,33,18,21,0,0,154,0,4,5,0,0,0,0,11,0,0,0,0,0,0,0,0,12,18,3,5,4,0,0,45,0,3,0,0,0,0,0,4,60,180,142,123,86,17,0,597,7,11,13,9,7,0,0,45,0,0,0,0,0,0,0,0,0,0,0,3,0,0,0,8,0,11,0,5,0,0,0,14,0,3,0,4,0,0,0,6,21,50,20,6,12,0,0,100,117,344,220,165,124,19,0,995,4,8,5,0,0,0,0,17
206051128,4,6,5,3,0,0,0,19,16,22,14,5,3,0,0,52,46,88,58,20,9,0,0,228,18,23,25,18,0,6,0,89,0,0,0,0,0,0,0,0,7,6,3,3,4,0,0,24,21,35,26,19,6,6,0,110,187,1100,1337,916,496,170,39,4245,152,111,89,67,54,38,6,513,7,10,4,0,3,0,0,32,802,2335,2383,1625,953,335,78,8507,24,56,31,15,12,0,0,144,3,5,4,0,0,0,0,17,0,0,0,0,0,0,0,0,61,106,27,14,8,0,0,221,5,5,0,5,0,0,0,18,178,479,362,324,206,45,6,1601,36,49,21,10,14,5,0,135,0,0,0,0,0,0,0,0,0,0,0,0,0,0,0,6,3,13,14,8,5,3,0,51,10,10,13,6,0,0,0,39,55,66,38,40,24,15,0,244,379,802,510,427,269,66,8,2466,6,4,4,6,0,0,0,23
206051129,0,3,0,0,0,0,0,3,0,0,0,0,0,0,0,7,6,9,3,0,3,0,0,24,0,3,0,0,0,0,0,4,0,0,0,0,0,0,0,0,0,0,0,0,0,0,0,0,3,4,0,0,0,0,0,10,17,65,76,130,78,44,5,425,32,41,23,19,13,3,0,130,7,0,6,0,0,0,0,8,150,290,254,266,155,66,9,1192,0,6,0,3,0,0,0,13,7,4,3,0,3,0,0,12,0,0,0,0,0,0,0,0,4,3,3,0,0,0,0,14,0,0,0,0,0,0,0,0,51,119,90,94,55,15,3,429,12,4,13,0,0,0,0,35,0,0,0,0,0,0,0,0,0,0,0,0,0,0,0,0,0,7,4,0,3,0,0,20,0,0,0,0,0,0,0,6,34,22,20,20,3,0,0,100,113,167,135,124,71,18,4,628,3,0,0,0,0,3,0,5
206051130,4,5,0,0,0,0,0,7,5,4,0,0,0,0,0,17,19,20,7,7,0,0,0,61,3,11,3,0,0,0,0,15,0,0,0,0,0,0,0,5,4,0,6,0,0,0,0,7,4,10,8,0,0,0,0,24,37,116,156,164,136,68,19,698,64,62,44,35,21,15,0,247,0,4,0,3,0,0,0,11,299,515,481,406,314,132,30,2177,9,14,3,0,5,0,0,31,8,20,0,0,3,0,0,37,0,0,0,0,0,0,0,0,10,20,7,0,0,0,0,44,0,3,0,0,0,0,0,11,83,182,142,141,94,13,0,658,22,19,9,3,7,0,0,57,0,0,0,0,0,0,0,0,0,3,0,0,0,0,0,4,15,4,4,4,0,0,0,25,0,6,0,4,0,0,0,10,35,28,16,29,21,6,0,137,186,296,184,190,134,21,0,1007,6,6,7,0,0,0,0,15
206051134,0,0,0,0,0,0,0,0,0,0,0,0,0,0,0,9,13,21,7,4,0,0,0,55,0,0,0,0,0,0,0,8,0,0,0,0,0,0,0,0,0,3,0,0,0,0,0,6,0,5,0,0,0,0,0,10,27,102,140,112,72,29,5,488,70,41,44,24,19,8,0,199,3,4,0,0,0,0,0,9,262,505,414,284,231,90,21,1811,16,19,14,3,0,0,0,52,0,4,0,0,0,0,0,6,0,0,0,0,0,0,0,0,6,14,4,0,0,0,0,30,0,0,0,0,0,0,0,0,76,142,117,99,69,28,4,533,29,8,4,6,10,0,3,60,0,0,0,0,0,0,0,0,0,0,0,0,0,0,0,0,0,8,4,3,0,0,0,15,0,4,0,0,3,3,0,6,31,33,19,13,16,4,0,116,155,237,160,125,96,38,11,816,0,0,0,0,0,0,0,8
206051511,13,17,10,5,3,0,0,48,18,43,30,25,9,0,0,124,78,145,96,80,40,3,0,445,17,22,14,9,12,0,0,72,0,6,3,0,0,0,0,5,5,37,21,6,3,0,0,68,22,52,35,17,13,0,0,150,173,1318,1817,1372,612,109,12,5404,184,295,243,189,162,66,0,1136,13,16,28,7,6,0,4,71,1730,5700,5695,4505,2708,618,47,21017,20,55,24,14,3,0,0,112,10,30,11,4,0,0,0,59,0,0,0,0,0,0,0,4,15,36,7,6,6,0,0,75,5,8,4,0,0,0,0,14,335,971,779,662,403,83,6,3233,45,61,51,30,35,6,0,233,0,0,0,0,0,0,0,6,0,4,0,0,0,0,0,14,14,37,14,6,5,3,0,85,4,6,14,9,9,0,0,39,12,31,10,14,8,0,0,77,470,1241,912,745,468,93,6,3928,24,39,11,6,7,0,0,85
206051512,0,6,5,0,0,0,0,15,6,36,10,11,8,3,0,81,57,156,70,58,17,8,0,366,29,41,28,15,11,3,0,125,0,0,0,0,0,0,0,4,9,13,5,3,0,0,0,24,38,49,29,22,13,3,0,158,235,1546,1631,1075,478,121,25,5118,164,183,139,81,74,35,6,687,6,12,10,3,4,5,0,37,1010,3589,3122,2088,1152,339,62,11362,61,122,54,25,18,7,0,288,0,14,6,0,6,0,0,22,0,0,0,0,0,0,0,0,101,172,36,25,10,8,0,354,5,3,3,0,0,0,0,20,240,702,497,380,230,68,6,2129,44,64,34,19,36,4,0,212,0,0,0,0,0,0,0,0,0,6,0,0,0,0,0,14,13,44,24,13,9,0,0,99,3,11,5,4,5,4,0,25,45,112,60,42,33,7,3,306,521,1251,716,514,342,97,12,3462,8,16,10,6,5,0,0,43
206051513,0,4,0,0,0,0,0,4,0,0,0,4,0,0,0,9,10,11,9,4,5,0,0,45,0,7,0,0,0,0,0,10,0,0,0,0,0,0,0,0,3,0,0,0,0,0,0,8,8,6,3,7,0,0,0,20,47,271,315,226,125,53,3,1032,41,52,43,29,29,18,5,219,0,3,0,4,0,0,0,10,243,745,686,527,344,141,29,2709,11,21,4,8,5,0,0,55,0,5,5,0,0,0,0,14,0,0,0,0,0,0,0,0,30,26,8,3,5,0,0,82,0,8,0,0,0,0,0,11,71,215,168,191,136,46,6,834,9,15,5,6,14,4,0,43,0,0,0,0,0,0,0,0,0,0,0,0,0,0,0,0,0,8,6,3,5,0,0,25,0,6,0,5,0,0,0,14,14,55,29,12,17,6,0,128,139,357,231,241,180,57,6,1215,0,4,0,3,0,0,0,12
206051514,0,3,0,0,0,0,0,10,8,14,3,5,0,0,0,45,25,57,21,18,4,0,0,125,17,16,10,0,0,0,0,46,0,0,0,0,0,0,0,0,5,3,0,3,0,0,0,17,17,22,8,6,0,0,0,58,69,470,645,451,251,71,21,1977,146,123,107,51,37,16,0,477,0,6,5,5,8,0,0,28,519,1223,1226,851,521,160,30,4526,21,36,24,9,7,0,0,101,8,4,7,0,3,0,0,26,0,0,0,0,0,0,0,0,56,66,24,9,3,0,0,160,4,6,0,0,0,0,0,7,101,236,227,192,156,46,4,951,37,30,21,8,4,0,3,105,0,0,0,0,0,0,0,0,0,0,0,3,0,0,0,7,5,13,12,9,0,0,0,41,7,5,6,4,0,0,0,25,35,90,32,23,35,4,0,219,261,490,352,255,215,61,8,1644,3,6,9,0,0,0,0,23
206061135,0,0,0,0,0,0,0,0,9,0,4,0,0,0,0,14,16,8,14,4,3,0,0,49,0,4,3,0,0,0,0,13,0,0,0,0,0,0,0,0,0,0,0,0,0,0,0,9,9,0,4,0,0,0,0,13,25,170,177,169,115,57,20,732,76,57,31,33,42,23,7,260,0,3,0,0,4,0,0,7,314,655,576,471,385,185,42,2631,23,71,24,13,10,3,0,141,0,7,0,0,0,0,0,11,0,0,0,0,0,0,0,0,22,31,14,7,6,0,0,89,0,0,0,0,0,0,0,3,228,305,269,326,184,70,7,1391,42,31,8,13,15,5,0,115,0,0,0,0,0,0,0,0,0,0,0,0,0,0,0,0,0,5,4,0,3,0,0,16,0,6,3,0,0,0,0,14,47,24,14,25,18,3,5,147,370,483,343,389,244,81,15,1921,7,12,8,0,0,0,0,26
206061136,0,0,0,0,0,0,0,7,9,15,8,3,0,0,0,36,48,57,23,11,10,4,0,151,15,22,6,0,0,0,0,41,0,0,0,0,0,0,0,0,6,9,4,3,0,0,0,23,20,33,9,8,0,0,0,70,67,431,421,282,142,51,12,1414,203,222,103,59,46,25,3,673,0,4,3,5,0,0,0,14,816,1715,1198,800,477,190,40,5230,80,108,40,13,20,11,0,265,4,4,4,5,0,0,0,20,0,0,0,0,0,0,0,0,53,83,25,7,15,6,0,187,5,15,9,0,0,0,0,28,236,534,370,337,241,65,4,1793,57,27,20,20,25,6,0,148,0,0,0,0,0,0,0,0,0,4,3,0,0,0,0,6,6,28,18,9,3,0,0,66,5,12,3,0,0,0,0,17,92,125,62,49,33,9,0,365,543,930,554,432,338,94,4,2894,4,12,7,5,6,0,0,36
206061138,0,0,0,5,0,0,0,3,0,6,0,0,3,0,0,10,9,5,6,4,4,0,0,33,5,0,0,0,0,0,0,4,0,0,0,0,0,0,0,0,0,0,0,0,3,0,0,7,5,0,0,0,7,0,0,9,28,98,125,128,147,102,48,672,54,43,32,17,31,12,7,205,0,5,4,0,5,0,0,15,267,484,456,341,371,205,84,2209,6,16,10,4,3,3,0,44,4,4,0,0,0,0,0,6,0,0,0,0,0,0,0,0,9,21,7,8,3,4,0,46,0,0,0,0,0,0,0,4,100,172,149,204,211,69,5,912,25,17,12,3,7,12,0,77,0,0,0,0,0,0,0,0,0,0,0,0,0,0,0,0,4,4,0,0,0,0,0,7,0,3,8,0,3,0,0,14,18,29,13,11,14,3,0,84,155,267,192,232,245,94,12,1198,0,3,3,0,0,0,0,7
206061515,0,0,0,0,0,0,0,5,0,13,0,0,0,0,0,16,26,51,26,8,10,5,0,123,0,5,5,0,0,0,0,12,0,0,0,0,0,0,0,0,0,4,3,0,0,0,0,9,5,11,3,0,0,0,0,24,75,433,349,223,172,46,15,1311,74,79,40,25,18,12,8,255,0,5,4,0,3,0,0,16,399,1128,796,543,383,127,35,3411,55,83,44,29,7,3,0,216,3,0,0,0,0,0,0,4,0,0,0,0,0,0,0,0,13,36,5,4,3,0,0,64,0,3,0,0,4,0,0,14,110,267,176,178,117,28,4,888,12,25,16,9,6,4,0,67,0,0,0,0,0,0,0,0,0,0,0,0,0,0,0,0,3,7,3,0,0,0,0,17,0,5,4,0,8,0,0,15,41,80,22,22,11,4,0,182,239,508,276,251,162,47,4,1476,4,15,11,5,0,0,0,29
206061516,0,0,0,0,0,0,0,4,0,6,3,0,4,0,0,14,34,31,28,5,9,0,0,107,9,14,0,0,0,0,0,20,0,0,0,0,0,0,0,0,0,5,5,0,0,0,0,12,9,21,3,0,0,0,0,31,65,324,273,172,109,41,11,982,114,114,57,17,20,8,4,338,0,0,4,3,0,3,0,9,472,1024,727,460,305,113,25,3130,58,86,25,17,3,8,0,194,4,5,3,3,0,0,0,14,0,0,0,0,0,0,0,0,29,41,16,0,9,0,0,93,0,8,0,0,0,0,0,10,118,285,156,153,85,16,3,824,31,15,8,6,8,3,0,75,0,0,0,0,0,0,0,0,0,5,0,0,0,0,0,4,7,15,9,6,0,0,0,28,0,8,6,0,0,0,0,16,70,94,43,20,6,9,0,235,312,552,271,210,119,35,4,1496,16,4,0,0,0,0,0,25
206071139,6,7,4,0,0,0,0,17,5,12,6,3,3,0,0,42,38,67,35,22,14,4,0,178,5,9,11,0,0,0,0,27,0,0,0,0,0,0,0,0,0,3,0,3,0,0,0,12,8,14,11,6,0,0,0,42,75,512,719,447,210,72,10,2040,114,134,102,60,68,19,6,494,5,10,6,0,4,0,0,28,589,1633,1547,1082,703,207,25,5795,36,69,43,23,15,0,0,192,19,14,3,5,3,0,0,37,0,0,0,0,0,0,0,0,20,31,12,6,3,0,0,69,0,13,0,0,0,0,0,12,125,328,263,244,171,43,3,1179,24,25,23,12,15,3,0,103,0,0,0,0,0,0,0,0,0,5,0,0,0,0,0,3,4,27,24,18,9,0,0,81,0,4,9,0,4,0,0,15,27,61,22,20,13,0,0,139,261,569,390,324,221,58,0,1831,9,5,7,4,4,0,0,30
206071140,0,0,0,0,0,0,0,0,6,0,0,0,0,0,0,9,7,3,3,0,0,0,0,17,0,0,0,0,0,0,0,3,0,0,0,0,0,0,0,0,0,5,0,0,0,0,0,5,3,3,0,0,0,0,0,8,23,69,79,73,58,43,12,359,42,26,8,10,14,3,0,93,0,8,0,5,0,0,0,7,204,278,220,196,139,67,18,1132,4,0,0,0,0,0,0,6,4,3,0,0,0,0,0,8,0,0,0,0,0,0,0,0,11,5,10,0,4,0,0,25,0,0,0,0,0,0,0,0,57,90,69,73,56,22,0,363,3,5,3,0,0,0,0,16,0,0,0,0,0,0,0,0,0,0,0,0,0,0,0,0,7,9,0,5,3,0,0,21,0,4,0,0,0,0,0,9,19,23,8,10,16,0,0,79,106,141,90,96,77,22,0,532,0,0,0,0,0,0,0,4
206071141,13,5,0,0,3,0,0,23,12,19,11,6,5,0,0,47,56,79,44,19,21,3,0,219,13,18,16,4,3,0,0,47,0,3,0,0,0,0,0,3,8,12,11,4,0,0,0,33,21,35,25,8,3,0,0,87,116,905,876,421,179,48,13,2560,138,226,137,84,57,28,9,678,3,9,8,7,0,0,0,23,755,2413,1987,1109,654,214,38,7169,34,94,37,18,15,3,0,213,11,28,4,0,3,0,0,51,0,0,0,0,0,0,0,0,53,71,20,9,5,0,0,172,6,7,5,0,0,0,0,12,177,509,375,320,207,58,3,1653,41,40,31,21,15,5,0,160,0,0,0,0,0,0,0,0,0,3,3,0,0,0,0,13,24,69,32,15,0,0,0,148,3,8,8,7,5,0,0,19,28,99,62,28,15,3,0,235,379,930,579,428,274,68,3,2671,3,12,12,0,5,0,0,34
206071142,9,11,0,3,4,4,0,25,11,28,12,9,8,0,0,57,47,80,42,28,28,9,3,241,20,21,11,9,0,0,0,59,0,5,0,0,0,0,0,3,8,16,6,0,0,0,0,27,31,41,12,10,5,0,0,91,80,536,502,250,164,52,12,1607,178,275,148,84,64,31,8,784,8,6,13,0,6,0,0,28,726,2051,1482,939,673,229,39,6130,73,173,129,72,83,20,0,549,30,13,10,7,6,3,0,66,0,0,0,0,0,0,0,0,106,204,82,44,35,16,0,487,7,17,5,3,0,0,0,35,229,743,601,559,363,92,3,2584,50,78,29,43,34,16,0,248,0,0,0,0,0,0,0,0,0,0,3,0,0,0,0,8,28,115,62,34,29,0,0,267,0,9,3,3,6,4,0,28,103,190,84,54,43,17,0,500,623,1547,1005,824,598,169,10,4779,0,15,8,3,5,0,0,34
206071143,5,3,0,0,0,0,0,10,8,3,4,5,0,0,0,16,18,13,8,3,0,0,0,42,0,0,0,0,0,0,0,4,0,0,0,0,0,0,0,0,5,0,0,0,0,0,0,4,4,0,0,0,0,0,0,6,16,145,104,106,71,39,16,508,67,73,29,19,14,8,4,218,4,0,0,0,0,0,0,8,266,570,430,360,262,99,39,2022,10,19,10,5,3,0,0,51,9,5,3,0,0,0,0,14,0,0,0,0,0,0,0,0,30,21,16,6,6,0,0,71,0,0,0,0,0,0,0,6,69,155,125,118,94,16,0,581,25,15,3,3,9,0,0,65,0,0,0,0,0,0,0,0,0,5,0,0,0,0,0,5,16,35,12,17,5,4,0,84,0,0,6,0,0,0,0,11,37,28,15,14,26,6,0,127,211,280,191,165,134,22,5,1006,3,0,4,0,0,0,0,8
206071145,5,0,0,0,0,0,0,5,0,0,5,4,0,0,0,9,6,3,10,5,7,0,0,29,0,3,0,0,0,0,0,4,0,0,0,0,0,0,0,0,0,0,0,0,0,0,0,3,4,3,0,0,0,0,0,6,24,94,120,102,75,41,10,466,52,27,31,19,26,15,4,173,0,0,3,3,0,3,0,11,219,526,458,354,299,118,30,1993,13,30,8,3,4,0,0,63,3,4,0,3,0,0,0,13,0,0,0,0,0,0,0,0,0,4,0,0,0,0,0,8,0,0,0,0,0,0,0,3,77,231,176,173,118,33,4,809,15,5,10,8,4,0,0,44,0,0,0,0,0,0,0,0,0,0,0,0,0,0,0,0,5,13,12,4,4,0,0,40,0,0,3,3,3,0,0,12,21,11,7,12,11,4,0,70,141,304,216,213,148,42,4,1066,0,5,0,0,0,0,0,11
206071517,3,0,0,0,0,0,0,10,9,19,18,3,0,5,0,58,73,133,98,39,8,6,0,353,22,26,5,6,0,0,0,67,0,0,0,0,0,0,0,0,20,32,9,6,5,0,0,68,35,60,17,10,5,0,0,132,340,2614,2709,1459,519,128,16,7789,245,294,186,122,88,39,5,978,3,23,8,11,3,4,4,64,1288,4924,4403,2648,1193,348,45,14848,108,208,104,40,23,13,0,491,9,14,9,3,0,0,0,32,0,0,0,0,0,0,0,3,64,106,20,8,16,0,0,214,5,33,14,4,7,0,0,63,297,827,524,412,252,65,9,2374,50,64,32,22,21,12,0,203,0,0,0,0,0,0,0,0,0,3,0,0,0,0,0,6,11,53,20,19,0,0,0,104,0,13,10,11,3,0,0,46,76,162,75,51,30,4,0,399,620,1483,808,566,351,94,15,3933,11,23,9,3,4,3,0,49
206071518,10,6,6,0,4,0,0,20,12,18,9,12,3,0,0,46,54,97,64,40,29,3,0,287,11,27,13,12,6,0,0,57,0,0,0,0,0,0,0,0,3,8,0,0,4,0,0,15,15,33,12,6,4,4,0,80,95,585,645,448,242,58,7,2084,185,172,115,93,61,30,8,660,3,12,3,5,6,4,0,36,917,2051,1759,1252,823,263,36,7112,99,183,108,81,51,18,0,534,0,10,3,4,3,0,0,19,0,0,0,0,0,0,0,0,83,112,29,30,10,9,3,277,0,9,3,4,0,3,0,21,311,750,549,494,342,95,13,2548,88,54,30,30,33,17,0,255,0,0,0,0,0,0,0,5,0,5,0,0,0,0,0,6,15,30,17,13,7,5,0,86,3,13,11,4,4,0,0,32,62,127,67,52,58,15,4,385,661,1284,811,715,511,156,21,4158,8,15,6,4,7,0,0,52
207011146,0,0,0,0,0,0,0,7,0,0,3,0,0,0,0,3,7,3,7,0,0,0,0,13,0,5,0,0,0,0,0,3,0,0,0,0,0,0,0,0,4,0,0,0,0,0,0,3,4,3,0,0,0,0,0,12,22,31,55,69,43,36,10,263,57,23,15,16,6,8,0,120,0,0,0,0,0,0,0,5,222,172,158,174,114,81,21,951,5,9,6,0,0,0,0,22,9,3,5,0,0,0,0,12,0,0,0,0,0,0,0,0,6,0,0,0,0,0,0,6,0,0,0,0,0,0,0,4,100,122,116,156,103,36,0,634,39,18,0,11,3,0,0,69,0,0,0,0,0,0,0,0,0,0,0,0,0,0,0,0,0,0,9,3,0,0,0,8,0,0,0,0,0,0,0,3,23,0,3,11,8,3,0,44,172,157,135,180,109,42,4,805,0,4,0,0,0,0,0,5
207011147,0,4,0,0,0,0,0,4,3,6,0,0,3,0,0,14,10,10,0,3,4,0,0,27,4,4,0,0,0,0,0,5,5,0,0,0,0,0,0,5,0,0,0,5,0,0,0,4,4,4,0,5,0,0,0,14,34,92,140,160,139,72,28,660,119,43,22,25,12,21,6,249,0,3,5,4,0,0,0,11,429,430,406,416,346,171,44,2242,11,13,0,0,3,0,0,26,8,7,0,4,0,0,0,23,0,0,0,0,0,0,0,0,19,25,6,3,0,0,0,43,0,0,0,0,0,0,0,3,151,261,225,263,226,66,10,1194,65,23,14,7,13,7,0,124,0,0,0,0,0,0,0,0,0,0,0,0,0,0,0,0,0,0,0,5,3,0,0,3,4,0,4,0,0,0,0,8,30,8,15,15,11,11,0,83,283,340,267,288,258,81,7,1522,6,4,0,4,0,0,0,11
207011148,0,0,0,0,0,0,0,6,3,0,0,0,0,0,0,3,4,5,0,3,0,0,0,15,0,0,0,0,0,0,0,0,0,0,0,0,0,0,0,0,0,0,0,0,0,0,0,0,0,0,0,0,0,0,0,0,32,80,102,167,120,69,29,590,60,34,21,19,17,13,6,160,0,3,0,5,0,0,0,13,269,339,278,357,275,134,40,1695,0,0,0,0,0,0,0,0,9,6,0,0,0,0,0,17,0,0,0,0,0,0,0,0,4,5,0,0,0,0,0,7,0,3,0,0,0,0,0,6,88,188,158,197,147,39,4,833,39,20,12,7,5,0,0,81,0,0,0,0,0,0,0,0,0,0,0,0,0,0,0,0,0,0,0,0,0,0,0,0,4,0,0,4,0,0,0,5,13,4,0,12,11,0,0,38,154,228,175,221,166,43,4,994,0,0,0,0,0,0,0,3
207011149,0,4,0,0,0,0,0,4,7,5,0,0,0,0,0,15,20,17,13,4,0,0,0,56,3,3,0,0,0,0,0,15,0,0,0,0,0,0,0,0,4,3,0,0,0,0,0,16,7,10,0,4,0,0,0,29,62,262,428,363,280,138,29,1566,145,63,51,46,37,26,4,371,0,0,0,0,0,0,0,6,538,834,897,744,614,280,53,3963,35,46,20,5,11,0,0,126,4,8,5,3,0,0,0,26,0,0,0,0,0,0,0,0,24,34,9,5,3,6,0,81,5,0,0,0,0,0,0,13,259,453,354,433,331,70,3,1910,67,40,14,26,19,8,0,176,0,0,0,0,0,0,0,0,0,0,0,0,0,0,0,0,0,6,3,0,3,0,0,14,0,4,4,0,4,0,0,14,46,24,15,15,19,7,3,122,450,625,427,492,388,95,4,2481,6,15,3,8,0,0,0,27
207011150,0,0,3,0,0,0,0,6,0,3,4,5,0,0,0,16,6,9,12,8,4,3,0,44,0,0,0,0,0,0,0,14,0,0,0,0,0,0,0,0,0,0,0,0,0,0,0,0,0,3,0,0,0,0,0,13,69,502,698,523,258,81,17,2152,89,34,42,32,22,10,5,238,0,3,3,0,0,0,0,13,348,953,1129,861,473,170,32,3966,8,16,0,5,0,0,0,36,5,3,7,3,4,0,0,24,0,0,0,0,0,0,0,0,5,10,0,0,0,0,0,16,0,0,0,0,0,0,0,3,169,351,261,270,187,40,0,1278,29,16,12,8,6,0,0,72,0,0,0,0,0,0,0,0,0,3,0,0,0,0,0,3,0,0,0,4,0,0,0,0,0,6,4,0,3,0,0,10,18,15,6,10,9,3,0,68,237,422,294,301,217,49,3,1510,3,3,5,0,0,0,0,13
207011152,0,0,0,0,0,0,0,3,8,6,5,4,0,0,0,19,24,26,25,7,5,0,0,93,0,4,0,0,0,0,0,9,0,0,0,0,0,0,0,0,5,3,0,0,0,0,0,6,8,8,0,5,0,0,0,21,100,632,764,537,310,104,21,2473,153,82,64,47,43,29,9,415,3,3,3,4,3,6,0,28,654,1479,1445,1080,723,258,52,5688,40,69,23,11,8,0,0,141,4,4,0,6,0,0,0,7,0,0,0,0,0,0,0,0,25,20,3,3,0,0,0,55,0,6,0,0,0,0,0,4,226,424,382,442,314,76,11,1880,63,36,19,10,12,8,0,146,0,0,0,0,0,0,0,0,0,0,0,0,0,0,0,0,0,3,6,0,4,0,0,17,0,5,4,5,4,0,0,18,38,40,17,16,22,4,0,132,397,604,455,482,361,97,6,2407,4,6,0,0,0,0,0,21
207011154,3,0,0,0,0,0,0,4,0,3,0,0,3,0,0,6,9,6,0,0,5,0,0,26,0,4,0,3,0,0,0,5,0,0,0,0,0,0,0,0,0,0,0,0,0,0,0,0,0,4,0,3,0,0,0,5,13,68,84,113,68,36,11,387,47,19,13,12,7,9,4,109,0,0,0,0,0,0,0,6,206,273,242,255,186,82,19,1264,0,4,3,0,0,0,0,6,4,5,0,6,0,0,0,14,0,0,0,0,0,0,0,0,0,3,0,0,0,0,0,6,0,0,0,0,0,0,0,5,83,136,101,160,125,37,4,650,18,7,4,3,7,5,0,35,0,0,0,0,0,0,0,0,0,0,0,0,0,0,0,0,0,0,0,0,0,0,0,4,0,4,0,0,0,0,0,8,7,3,6,4,4,5,0,27,118,170,109,173,143,45,10,756,0,5,0,0,0,0,0,7
207011155,3,0,0,0,0,0,0,4,6,3,3,5,0,0,0,18,21,19,13,7,0,0,0,63,4,0,0,0,0,0,0,7,0,0,0,0,0,0,0,0,0,5,0,0,0,0,0,5,5,7,0,0,0,0,0,12,49,180,200,235,201,95,30,998,90,37,28,20,25,17,7,224,0,4,4,3,0,0,0,15,413,578,518,516,437,198,50,2707,35,28,15,4,6,0,0,89,7,3,0,0,0,0,0,4,0,0,0,0,0,0,0,0,12,0,0,0,0,0,0,12,4,5,0,0,0,0,0,5,152,271,293,302,278,63,12,1370,47,20,15,11,12,0,0,117,0,0,0,0,0,0,0,0,0,0,0,0,0,0,0,0,0,0,0,4,6,0,0,10,0,0,4,0,0,4,0,10,41,8,13,21,18,9,0,101,288,338,337,348,321,78,11,1725,4,8,0,0,0,0,0,21
207011519,0,0,0,0,0,0,0,0,5,7,4,3,3,0,0,20,22,34,11,10,11,6,0,87,4,6,0,0,0,0,0,11,0,0,0,0,0,0,0,0,0,0,0,0,0,0,0,3,5,5,0,0,0,0,0,14,60,385,436,341,248,93,18,1578,96,77,38,30,36,19,0,290,0,0,4,0,0,0,0,14,443,907,782,574,450,171,25,3356,48,72,17,18,6,4,0,165,0,0,0,0,0,0,0,5,0,0,0,0,0,0,0,0,9,15,4,0,0,0,0,36,0,3,0,0,0,0,0,6,171,277,169,165,113,28,5,929,49,22,13,4,15,0,0,102,0,0,0,0,0,0,0,0,0,0,0,0,0,0,0,0,0,7,5,5,3,0,0,19,0,3,4,6,0,0,0,10,52,47,12,19,6,11,0,150,335,452,221,211,150,43,9,1418,10,14,5,0,0,0,0,30
207011520,0,0,0,0,0,0,0,0,5,5,3,4,3,0,0,15,15,36,25,8,6,3,0,93,9,6,0,4,0,0,0,19,0,0,0,0,0,0,0,0,0,3,0,0,0,0,0,13,8,5,3,4,0,4,0,28,81,472,534,452,255,93,20,1918,143,89,44,46,38,21,3,392,4,5,0,5,0,0,0,21,559,1186,1058,929,612,230,44,4621,36,63,23,13,11,7,0,148,0,0,0,0,0,0,0,0,0,0,0,0,0,0,0,0,7,24,6,4,3,0,0,48,0,0,0,0,0,0,0,3,157,330,230,281,195,56,7,1254,21,34,14,14,9,4,4,105,0,0,0,0,0,0,0,0,0,0,0,0,0,0,0,0,0,0,7,0,0,0,0,17,0,3,4,5,0,0,0,16,37,48,16,20,22,3,4,143,270,503,299,333,240,73,14,1737,4,11,0,0,0,0,0,21
207011521,0,6,0,0,0,0,0,9,6,0,4,0,0,0,0,7,9,12,7,3,4,0,0,33,0,0,3,4,0,0,0,8,0,0,0,0,0,0,0,0,0,3,0,0,0,0,0,4,0,7,3,4,0,0,0,16,44,261,377,328,252,92,24,1386,86,50,39,26,38,21,0,261,0,0,0,4,4,0,0,13,297,695,763,659,540,194,39,3192,7,12,4,3,0,0,0,25,3,7,0,0,0,0,0,14,0,0,0,0,0,0,0,0,9,29,10,0,6,3,0,59,0,4,0,0,0,0,0,4,143,344,307,369,313,84,6,1565,20,16,15,14,4,6,0,76,0,0,0,0,0,0,0,0,0,0,0,0,0,0,0,0,0,6,3,0,5,0,0,17,0,0,0,3,4,0,0,15,16,32,17,17,14,6,0,105,201,444,366,414,352,103,6,1890,3,5,0,6,3,0,0,20
207011522,3,0,0,0,0,0,0,6,8,4,3,0,0,0,0,17,16,9,8,8,6,0,0,49,4,0,0,3,0,0,0,9,0,0,0,0,0,0,0,0,0,0,4,4,3,0,0,14,10,0,3,0,9,0,0,27,21,70,80,111,109,72,17,479,96,47,30,35,33,17,5,258,0,3,5,0,0,0,0,15,419,465,383,422,382,161,32,2263,10,3,5,4,0,0,0,26,16,9,0,0,0,0,0,22,0,0,0,0,0,0,0,0,19,13,7,3,3,0,0,48,0,0,3,3,4,0,0,18,154,263,205,262,181,43,7,1116,62,25,17,13,19,0,0,135,0,0,0,0,0,0,0,0,0,0,0,0,0,0,0,3,4,7,3,4,5,0,0,22,3,5,0,5,0,0,0,13,32,7,14,9,7,9,0,72,293,334,254,294,227,58,7,1468,9,10,0,4,0,0,0,16
207021156,0,0,0,0,0,0,0,3,0,4,0,0,0,0,0,12,0,11,4,7,0,0,0,23,0,0,0,0,0,0,0,0,0,0,0,0,0,0,0,0,0,0,0,0,0,0,0,3,0,0,0,0,0,0,0,3,17,53,70,84,59,19,9,309,72,29,16,15,13,5,0,150,3,0,0,0,0,0,0,11,265,321,265,308,257,98,23,1534,0,8,0,0,0,0,0,9,8,6,0,0,0,0,0,15,0,0,0,0,0,0,0,0,0,0,0,0,0,0,0,0,0,0,0,0,0,0,0,0,81,121,140,194,134,41,8,723,26,6,4,7,6,4,0,55,0,0,0,0,0,0,0,0,0,0,0,0,0,0,0,0,0,0,0,0,0,0,0,0,0,0,0,0,0,0,0,9,0,0,4,6,11,0,0,31,115,140,157,211,154,44,7,839,0,7,3,0,0,0,0,11
207021157,8,0,0,0,4,0,0,17,0,4,0,0,0,0,0,20,18,19,4,4,9,0,0,60,4,0,0,0,0,0,0,5,4,0,0,0,0,0,0,6,0,3,0,0,0,0,0,6,5,6,5,0,0,0,0,20,43,183,234,244,159,66,21,951,287,117,54,51,44,33,3,591,0,10,3,0,13,0,0,23,975,1039,809,702,503,163,40,4235,4,3,4,0,0,0,0,6,78,46,23,15,9,4,0,172,0,0,0,0,0,0,0,0,0,0,0,0,0,0,0,4,0,3,0,0,0,0,0,7,542,487,362,413,314,71,10,2193,214,49,21,27,26,5,0,342,0,0,0,0,0,0,0,0,0,0,0,0,0,0,0,4,0,0,0,0,0,0,0,4,0,6,7,9,0,0,0,18,37,28,18,18,12,5,0,122,881,620,438,481,364,85,7,2877,8,8,3,0,3,0,0,22
207021159,0,0,0,0,0,0,0,3,0,0,0,0,0,0,0,5,4,10,4,0,3,0,0,25,0,0,0,0,0,0,0,0,0,0,0,0,0,0,0,0,0,0,0,0,4,0,0,0,0,0,0,0,4,0,0,9,20,53,68,76,104,60,20,396,32,24,16,19,19,6,0,112,0,0,0,0,0,0,0,3,146,261,242,255,244,119,27,1289,0,0,0,0,0,0,0,3,6,9,0,5,3,0,0,23,0,0,0,0,0,0,0,0,0,0,0,0,0,0,0,0,0,0,0,0,0,0,0,3,93,170,158,150,115,40,5,730,39,23,12,7,9,0,0,82,0,0,0,0,0,0,0,0,0,4,0,0,0,0,0,0,0,0,0,0,0,0,0,0,0,0,0,0,0,0,0,3,3,0,0,4,0,5,0,15,144,213,170,163,132,50,5,871,4,14,0,0,0,0,0,13
207021160,0,0,0,0,0,0,0,4,0,0,0,0,0,0,0,3,8,0,5,0,0,0,0,5,0,0,0,0,0,0,0,0,0,0,0,0,0,0,0,0,0,0,0,0,0,0,0,3,4,4,0,0,0,0,0,4,12,61,100,122,75,20,19,411,44,33,33,39,52,15,0,217,0,0,0,0,0,0,0,9,193,286,293,344,273,68,28,1488,0,0,0,0,0,0,0,7,13,10,0,0,4,0,0,33,0,0,0,0,0,0,0,0,0,0,0,0,0,0,0,0,0,0,0,0,0,0,0,4,117,208,173,198,198,52,0,938,31,12,10,11,4,0,0,67,0,0,0,0,0,0,0,0,0,0,0,0,0,0,0,0,0,0,0,3,0,0,0,3,0,0,5,0,4,0,0,13,4,0,0,3,7,6,0,15,161,233,193,215,219,55,0,1083,0,7,0,0,0,0,0,11
207021424,0,0,0,0,0,0,0,0,0,0,0,3,0,0,0,6,5,0,0,3,3,0,0,10,0,0,0,0,0,0,0,0,0,0,0,0,0,0,0,0,0,0,0,0,0,0,0,0,0,0,0,0,0,0,0,0,25,43,77,73,67,48,10,342,67,21,11,8,24,8,0,135,0,3,0,3,0,0,0,6,266,218,225,186,223,87,12,1214,3,0,0,0,0,0,0,3,13,11,7,4,3,0,0,29,0,0,0,0,0,0,0,0,0,0,0,0,0,0,0,0,0,0,0,0,0,0,0,6,122,140,134,165,141,30,4,733,66,5,4,11,6,8,0,112,0,0,0,0,0,0,0,0,0,0,0,0,0,0,0,0,0,0,0,0,0,0,0,0,0,0,0,3,0,0,0,6,14,9,0,3,6,0,0,29,213,171,146,183,158,39,5,920,0,4,0,0,0,0,0,5
207021425,5,0,0,0,0,0,0,9,3,3,0,0,0,0,0,14,11,4,9,3,0,3,0,29,0,0,0,0,0,0,0,0,0,0,0,0,0,0,0,4,0,0,0,0,0,0,0,0,0,0,0,6,0,0,0,7,23,66,118,101,63,24,6,406,63,25,22,27,33,10,0,188,0,0,0,0,0,0,0,3,298,394,456,399,358,143,20,2070,0,0,0,0,0,0,0,0,13,16,9,7,0,0,0,48,0,0,0,0,0,0,0,0,0,0,0,0,0,0,0,0,0,0,0,0,0,0,0,5,131,240,256,291,227,53,4,1196,56,16,18,14,10,8,0,120,0,0,0,0,0,0,0,0,0,0,0,0,0,0,0,0,0,0,0,0,0,0,0,0,0,0,0,3,0,0,0,15,9,13,13,12,6,0,0,59,214,286,292,330,250,57,4,1435,0,3,0,0,0,0,0,8
207031161,0,0,0,0,0,0,0,0,4,0,5,5,0,0,0,17,16,13,10,5,0,0,0,50,4,0,5,0,0,0,0,8,0,0,0,0,0,0,0,0,3,9,0,0,0,0,0,12,9,8,4,0,0,0,0,15,54,214,249,320,234,95,22,1186,156,45,41,34,28,11,8,330,0,11,4,0,7,0,0,24,656,873,821,773,622,198,46,4002,13,14,7,3,0,0,0,45,12,8,4,7,0,0,0,34,0,0,0,0,0,0,0,0,0,0,0,0,0,0,0,0,0,0,0,0,0,0,0,6,250,381,358,419,315,61,3,1785,79,31,20,19,21,8,0,170,0,0,0,0,3,0,0,6,0,0,0,0,0,0,0,0,0,3,4,0,0,0,0,8,0,0,0,4,5,0,0,7,26,21,9,12,11,7,0,86,384,458,401,465,352,79,4,2149,9,6,0,5,0,0,0,25
207031162,0,0,0,0,0,0,0,0,0,0,0,0,0,0,0,7,0,8,0,3,4,0,0,12,0,0,0,0,0,0,0,0,0,0,0,0,0,0,0,0,0,0,5,0,0,0,0,3,0,4,5,0,0,0,0,5,11,22,42,45,46,25,4,196,23,14,4,7,10,8,0,64,0,0,0,0,0,0,0,3,106,139,134,133,131,41,9,690,0,0,0,0,0,0,0,0,6,3,0,0,0,0,0,8,0,0,0,0,0,0,0,0,0,0,0,0,0,0,0,0,0,0,0,0,0,0,0,5,48,92,106,126,91,36,0,490,17,13,0,5,9,9,0,54,0,0,0,0,0,0,0,0,0,0,0,0,0,0,0,0,0,0,0,0,0,0,0,0,0,3,0,0,0,0,0,3,5,0,4,0,3,0,0,19,69,118,116,135,102,46,5,587,0,0,3,0,0,0,0,9
207031163,13,8,3,0,0,0,0,28,10,16,9,6,4,0,0,41,49,75,26,20,16,3,0,193,8,11,5,0,3,0,0,33,0,0,0,0,0,0,0,0,5,6,7,0,0,0,0,13,8,17,7,0,6,0,0,44,106,446,593,458,301,90,13,2008,202,142,115,96,120,44,13,726,3,15,6,12,6,3,0,39,1066,2173,1882,1500,1175,345,43,8184,54,110,38,31,23,8,0,264,59,52,17,30,19,4,0,183,0,0,0,0,0,0,0,0,4,10,0,6,0,0,0,23,0,8,4,0,0,0,0,16,529,1427,1300,1155,854,173,15,5454,111,122,76,53,72,26,5,474,0,0,0,0,0,0,0,4,0,3,4,4,0,0,0,11,6,8,10,8,6,0,0,31,5,3,7,5,4,0,0,29,83,201,71,60,50,9,0,480,852,1946,1529,1352,1038,219,17,6958,16,20,9,10,13,6,0,70
207031164,0,0,0,0,0,0,0,0,3,0,0,3,6,0,0,8,9,5,0,7,3,0,0,18,0,0,0,0,0,0,0,3,0,0,0,0,0,0,0,0,0,0,0,0,0,0,0,0,0,0,0,0,0,0,0,3,23,58,104,113,59,32,4,391,26,11,7,24,15,7,0,90,0,0,0,0,0,0,0,4,157,253,290,325,228,86,18,1361,0,4,4,0,0,0,0,10,6,3,0,0,4,0,0,16,0,0,0,0,0,0,0,0,0,0,0,0,0,0,0,0,0,0,0,0,0,0,0,0,51,112,118,168,141,28,4,620,25,12,4,3,10,0,0,47,0,0,0,0,0,0,0,5,0,0,0,0,0,0,0,0,4,0,0,0,0,0,0,7,0,0,0,0,0,0,0,3,5,4,8,4,4,0,0,28,87,136,134,183,157,31,4,730,5,3,0,0,0,0,0,11
207031165,3,3,0,0,0,0,0,9,11,7,0,0,6,0,0,17,12,17,5,0,4,0,0,42,0,3,0,0,0,0,0,9,0,0,0,0,0,0,0,0,0,4,0,0,0,0,0,3,6,4,0,0,0,0,0,16,79,404,416,348,179,66,6,1499,88,54,34,25,36,16,3,262,0,3,8,4,4,0,0,19,435,971,870,696,485,138,23,3622,0,9,0,0,0,0,0,12,3,17,6,0,5,0,0,33,0,0,0,0,0,0,0,0,4,16,4,0,4,0,0,28,0,5,4,0,0,0,0,5,123,254,269,280,235,43,9,1213,56,16,12,8,9,9,0,110,0,0,0,0,0,0,0,0,0,0,0,0,0,0,0,0,0,0,0,4,0,0,0,3,0,0,4,0,0,0,0,8,13,15,9,18,11,5,0,64,203,336,305,308,262,49,13,1486,6,3,0,0,0,0,0,13
207031166,0,4,0,0,0,0,0,5,0,0,0,0,6,0,0,12,13,4,7,8,6,0,0,26,3,0,0,0,0,0,0,8,0,0,0,0,0,0,0,5,0,0,0,0,0,0,0,3,7,5,0,3,0,0,0,12,25,172,300,230,162,47,11,949,121,59,33,44,41,16,0,315,0,0,4,0,0,0,0,6,432,560,605,548,395,97,15,2650,3,0,4,0,0,0,0,10,5,7,6,3,0,0,0,18,0,0,0,0,0,0,0,3,14,13,0,0,0,0,0,29,3,0,0,0,0,0,0,3,192,320,259,262,186,37,8,1253,92,10,10,8,7,4,0,131,0,0,0,0,0,0,0,0,0,0,0,0,0,0,0,0,0,0,0,0,0,0,0,0,0,0,4,6,0,0,0,8,17,16,8,0,6,0,0,41,320,365,284,271,198,35,8,1486,9,3,4,0,0,0,0,14
207031167,0,0,0,0,0,0,0,0,5,0,0,0,0,0,0,9,4,3,4,4,0,0,0,19,0,0,0,0,0,0,0,6,0,0,0,0,0,0,0,0,3,0,0,0,0,0,0,3,0,6,0,0,0,0,0,3,25,70,143,125,97,53,16,528,26,17,11,13,15,11,0,98,0,0,3,3,0,0,0,8,141,274,305,279,257,109,24,1388,13,11,4,3,0,0,0,34,4,0,0,0,0,0,0,7,0,0,0,0,0,0,0,0,0,3,0,0,0,0,0,6,0,0,0,0,0,0,0,0,63,161,137,124,104,24,0,615,10,8,6,0,9,0,0,36,0,0,0,0,0,0,0,0,0,0,0,0,0,0,0,0,0,0,0,0,0,0,0,4,0,7,0,4,0,0,0,7,15,9,8,0,3,3,0,41,100,198,157,139,117,31,0,744,3,3,0,0,0,0,0,10
208011168,0,0,0,0,0,0,0,0,0,3,0,0,0,0,0,12,0,8,0,3,0,0,0,13,0,0,0,0,0,0,0,0,0,0,0,0,0,0,0,0,0,0,0,0,0,0,0,3,0,0,0,0,0,0,0,5,18,36,80,129,112,73,16,460,41,4,9,17,8,7,0,89,0,0,0,0,0,0,0,3,176,153,196,263,213,132,21,1153,0,0,0,0,0,0,0,0,5,0,0,0,0,0,0,7,0,0,0,0,0,0,0,0,0,0,0,0,0,0,0,0,0,0,0,0,0,0,0,3,82,104,99,127,94,25,0,542,24,6,3,3,3,0,0,44,0,0,0,0,0,0,0,0,0,0,0,0,0,0,0,0,0,0,0,6,0,0,0,7,0,0,0,0,0,0,0,4,21,3,3,15,6,8,0,60,139,113,114,148,108,28,3,661,0,0,0,0,0,0,0,0
208011169,0,3,4,0,0,0,0,5,8,6,0,0,0,0,0,13,24,21,10,7,3,0,0,70,3,0,0,0,0,0,0,10,0,0,0,0,0,0,0,0,5,0,4,0,0,0,0,10,8,5,3,0,0,0,0,26,52,177,241,311,268,154,67,1272,209,76,60,51,60,24,8,497,3,3,5,4,6,3,0,28,795,917,828,801,694,337,105,4486,37,72,18,4,12,5,0,153,14,16,3,0,4,3,0,40,0,0,0,0,0,0,0,0,3,0,0,0,0,0,0,6,8,3,4,0,0,0,0,14,348,478,456,569,466,155,13,2480,79,47,14,13,14,14,0,180,0,0,0,0,0,0,0,0,0,0,0,0,0,0,0,4,8,5,3,6,6,0,0,25,0,5,5,8,3,0,0,16,60,8,12,39,35,12,5,167,556,633,515,643,539,187,14,3075,9,11,3,4,4,0,0,39
208011170,0,0,0,0,0,0,0,0,3,3,4,4,0,0,0,10,6,12,7,5,0,0,0,28,0,4,0,0,0,0,0,4,0,0,0,0,0,0,0,0,0,0,0,5,0,0,0,7,0,3,0,5,0,0,0,14,28,75,133,146,153,65,20,622,40,34,11,15,5,11,3,124,0,7,0,0,0,0,0,7,192,328,306,352,272,123,35,1607,0,8,0,0,0,0,0,11,7,9,0,0,0,0,0,14,0,0,0,0,0,0,0,0,0,0,0,0,0,0,0,5,0,0,0,6,0,0,0,3,105,202,157,191,173,34,0,869,29,23,10,9,7,0,0,78,0,0,0,0,0,0,0,0,0,0,0,0,0,0,0,0,6,0,0,0,0,0,0,8,0,4,3,5,0,3,0,13,18,6,5,10,6,5,0,43,167,247,175,216,192,41,6,1044,5,8,3,0,0,0,0,18
208011171,0,0,0,0,0,0,0,0,0,0,5,0,0,0,0,12,9,12,10,3,0,0,0,34,4,5,0,0,0,0,0,9,0,0,0,0,0,0,0,0,0,7,0,0,0,0,0,10,3,5,0,0,0,0,0,15,49,174,207,185,90,43,0,752,79,39,35,25,31,21,4,231,7,3,4,3,0,0,0,15,493,787,762,677,564,205,19,3509,11,18,0,0,0,0,0,30,0,0,0,0,3,0,0,6,0,0,0,0,0,0,0,0,0,4,0,0,0,0,0,4,5,0,0,0,0,0,0,5,170,276,221,319,221,46,3,1253,33,17,13,5,11,4,0,81,0,0,0,0,0,0,0,0,0,0,0,0,0,0,0,4,0,0,0,0,0,0,0,3,0,0,4,4,0,0,0,16,19,3,6,14,21,0,0,62,236,330,246,343,254,52,5,1473,4,9,0,0,0,0,0,13
208011172,0,0,0,0,0,0,0,0,0,3,0,3,0,0,0,7,8,8,0,6,3,0,0,31,0,0,0,0,0,0,0,0,0,0,0,0,0,0,0,0,0,0,0,0,0,0,0,0,0,0,0,0,0,0,0,4,21,69,91,181,171,57,15,613,81,17,23,21,31,7,0,177,0,6,5,3,4,0,0,15,360,326,324,387,371,109,29,1892,12,17,0,3,3,0,0,44,10,0,0,0,0,4,0,19,0,0,0,0,0,0,0,0,0,0,0,0,0,0,0,0,0,0,0,0,0,0,0,0,157,171,193,217,184,50,6,982,50,8,5,5,4,0,0,78,0,0,0,0,0,0,0,0,0,0,0,0,0,0,0,0,3,0,0,3,4,0,0,12,0,0,0,5,0,0,0,7,34,9,4,18,19,3,0,91,271,220,213,242,214,65,7,1230,4,3,5,0,0,0,0,9
208011173,0,0,0,0,0,0,0,4,6,0,0,5,0,0,0,7,19,8,8,3,6,0,0,41,0,0,0,0,0,0,0,5,0,0,0,0,0,0,0,0,0,0,0,0,0,0,0,0,0,3,0,0,0,0,0,5,36,70,137,176,161,87,16,686,113,37,33,25,37,25,0,280,8,3,0,3,3,0,0,15,413,439,437,458,382,186,34,2359,23,23,6,0,0,0,0,53,10,3,3,4,0,0,0,23,0,0,0,0,0,0,0,0,0,0,0,0,0,0,0,0,0,3,0,0,0,0,0,8,157,290,274,353,290,73,5,1439,43,13,9,9,6,5,0,84,0,0,0,0,0,0,0,0,0,0,0,0,0,0,0,0,0,0,4,0,9,0,0,12,0,0,7,0,4,0,0,11,35,12,10,24,23,3,0,106,272,342,311,393,338,79,5,1739,12,3,4,0,3,0,0,22
208021174,0,0,0,0,0,0,0,3,3,0,0,0,0,0,0,9,13,9,0,8,6,0,0,42,0,0,0,0,0,0,0,4,0,0,0,0,0,0,0,0,0,0,0,0,0,0,0,5,4,7,0,0,0,0,0,9,37,104,182,217,164,44,12,761,125,41,34,40,33,26,6,296,0,7,0,0,0,0,0,10,491,591,586,604,427,176,26,2897,11,18,14,11,12,5,0,74,9,3,4,0,0,0,0,22,0,0,0,0,0,0,0,0,0,3,0,0,0,0,0,5,0,0,0,0,0,0,0,0,175,322,360,374,291,69,5,1579,66,18,8,20,18,5,0,136,0,0,0,0,0,0,0,0,0,0,0,0,0,0,0,0,5,4,0,0,6,0,0,11,0,3,0,3,3,0,0,14,59,18,11,38,17,5,0,146,321,395,397,451,344,80,5,1989,8,3,0,4,0,0,0,16
208021176,0,0,0,0,0,0,0,0,3,5,0,0,0,0,0,8,13,13,5,0,0,0,0,28,3,4,0,0,0,0,0,5,0,0,0,0,0,0,0,0,0,0,0,0,0,0,0,4,7,4,0,0,0,0,0,9,24,96,92,94,74,33,4,419,67,31,19,21,19,12,0,164,0,7,0,0,0,0,0,7,341,530,341,282,231,91,12,1837,21,42,18,3,5,0,0,93,8,3,0,0,3,0,0,12,0,0,0,0,0,0,0,0,0,11,4,0,0,0,0,20,3,0,0,0,0,0,0,6,88,159,175,167,115,40,0,752,37,19,13,6,5,3,0,85,0,0,0,0,0,0,0,0,0,0,0,0,0,0,0,0,0,0,0,0,4,0,0,8,0,3,0,5,0,0,0,13,47,28,14,4,14,5,0,107,203,270,230,191,146,46,5,1088,9,5,4,0,0,0,0,25
208021177,0,0,0,0,0,0,0,0,3,4,7,3,0,0,0,18,20,20,18,4,5,0,0,70,3,3,3,0,0,0,0,14,0,0,0,0,0,0,0,0,6,3,0,0,0,0,0,11,5,5,6,0,0,0,0,18,68,231,254,280,198,160,35,1226,85,47,37,30,25,27,9,263,5,6,3,0,0,0,0,14,436,730,717,661,476,308,59,3387,23,53,41,14,5,0,0,138,0,0,3,4,0,0,0,14,0,0,0,0,0,0,0,0,17,24,10,0,5,0,0,59,0,3,0,0,0,0,0,9,161,338,315,342,278,81,3,1517,27,38,18,10,9,8,0,110,0,0,0,0,0,0,0,0,0,0,0,0,0,0,0,0,4,0,0,4,0,0,0,11,0,4,3,0,7,0,0,13,38,34,27,26,21,8,0,154,284,494,416,409,325,100,4,2037,13,8,0,3,0,0,0,17
208021178,0,5,0,0,0,0,0,4,4,0,4,0,0,0,0,8,7,7,10,8,4,0,0,37,0,0,0,0,0,3,0,6,0,0,0,0,0,0,0,0,0,0,0,0,5,0,0,3,5,3,0,0,3,3,0,13,34,91,144,168,133,73,26,675,52,37,35,31,41,18,4,224,4,3,0,4,0,0,0,8,291,574,517,509,441,211,54,2598,14,17,12,0,5,0,0,51,3,7,0,0,0,0,0,12,0,0,0,0,0,0,0,0,12,17,8,5,3,0,0,39,0,3,0,0,0,0,0,8,133,357,299,352,312,91,14,1555,33,28,12,18,13,6,0,101,0,0,0,0,0,0,0,0,0,0,0,0,0,0,0,0,3,8,5,4,0,0,0,20,0,0,6,0,0,0,0,13,16,21,14,17,14,8,0,89,208,464,359,393,356,105,14,1893,0,6,5,0,5,0,0,17
208021179,0,0,0,0,0,0,0,4,6,4,0,4,4,0,0,21,12,16,3,3,3,0,0,41,5,4,0,3,0,0,0,12,0,0,0,0,0,0,0,0,0,3,6,0,0,0,0,8,4,7,6,3,4,0,0,16,26,111,110,127,89,57,14,541,94,52,31,17,24,10,5,225,0,5,3,5,0,0,0,12,405,566,413,387,272,140,24,2209,32,38,12,11,0,0,0,89,4,4,0,3,0,0,0,16,0,0,0,0,0,0,0,0,17,17,4,3,0,0,0,40,3,6,0,0,0,0,0,3,196,256,197,209,168,48,9,1080,81,25,17,11,10,5,0,146,0,0,0,0,0,0,0,0,0,0,0,0,0,0,0,0,0,4,0,0,0,0,0,6,0,4,0,3,0,0,0,13,35,23,22,17,13,6,0,111,361,372,259,258,199,65,8,1521,4,6,4,0,0,0,0,17
208021180,0,0,0,0,0,0,0,0,0,0,0,0,0,0,0,0,0,0,0,0,3,0,0,5,0,0,0,0,5,0,0,4,0,0,0,0,0,0,0,0,0,0,0,0,0,0,0,0,0,0,0,0,5,0,0,7,8,26,36,36,39,9,5,158,29,4,7,8,9,4,0,54,0,3,0,0,0,0,0,7,96,104,93,100,110,39,7,549,6,7,7,9,0,0,0,20,6,0,0,0,0,0,0,8,0,0,0,0,0,0,0,0,0,0,0,0,0,0,0,0,0,0,0,0,0,0,0,0,30,84,79,105,97,14,4,410,27,3,5,4,5,3,0,41,0,0,0,0,0,0,0,0,0,0,0,0,0,0,0,0,0,0,0,4,0,0,0,6,0,0,0,0,3,0,0,3,4,6,6,10,8,4,0,27,72,103,93,127,108,20,4,523,0,4,3,0,0,0,0,6
208021181,0,0,0,0,0,0,0,0,6,0,0,4,0,0,0,4,9,5,0,0,0,0,0,12,0,0,0,0,0,0,0,0,0,0,0,0,0,0,0,0,0,0,0,0,0,0,0,0,0,0,0,0,0,0,0,0,4,25,42,46,50,13,5,185,28,3,12,10,7,3,0,67,0,0,0,0,0,0,0,4,99,144,158,134,113,32,4,689,5,4,3,0,0,0,0,18,0,10,0,0,0,0,0,10,0,0,0,0,0,0,0,0,0,0,0,0,0,0,0,0,0,0,0,0,0,0,0,0,45,81,69,69,54,11,0,324,14,7,0,3,3,0,0,35,0,0,0,0,0,0,0,0,0,0,0,0,0,0,0,0,0,0,0,0,0,0,0,6,0,0,0,3,0,0,0,3,11,5,11,7,3,0,0,41,86,107,78,82,66,15,0,439,0,3,4,5,0,0,0,6
208021182,0,0,0,0,0,0,0,0,0,3,4,0,4,0,0,11,0,5,4,0,0,0,0,17,0,0,0,0,0,0,0,0,0,0,0,0,0,0,0,0,3,0,3,0,0,0,0,7,3,3,3,0,0,0,0,9,14,47,92,74,51,39,0,318,70,17,12,13,13,8,5,135,0,0,3,0,0,0,0,9,277,222,215,224,157,81,13,1196,10,6,3,0,5,0,0,24,4,3,0,0,0,0,0,9,0,0,0,0,0,0,0,0,0,0,3,0,0,0,0,13,4,0,0,0,0,0,0,4,72,114,105,144,134,43,0,607,52,9,3,4,4,0,0,73,0,0,0,0,0,0,0,0,0,0,0,0,0,0,0,0,4,5,0,3,0,0,0,7,0,0,0,0,0,0,0,4,19,17,13,9,9,7,0,64,159,155,128,164,145,47,0,799,0,0,0,0,5,0,0,6
208021426,0,0,0,0,0,0,0,0,4,5,3,0,4,0,0,11,10,8,6,0,0,0,0,34,0,3,0,0,0,0,0,9,0,0,0,0,0,0,0,0,0,0,0,0,0,0,0,5,0,6,3,0,0,0,0,11,33,186,267,212,91,34,5,829,83,32,27,25,15,14,7,194,3,3,3,0,4,0,0,15,339,525,579,521,351,119,18,2452,3,10,4,3,0,0,0,20,10,6,3,0,3,0,0,18,0,0,0,0,0,0,0,0,0,0,0,0,0,0,0,0,0,0,4,0,0,0,0,4,145,301,307,302,212,68,5,1333,32,24,10,8,19,9,0,108,0,0,0,0,0,0,0,0,0,0,0,0,0,0,0,6,0,0,0,4,0,0,0,5,5,3,0,0,0,0,0,7,9,7,5,12,11,6,0,54,207,351,337,332,251,75,4,1556,10,5,7,5,0,0,0,32
208021427,4,0,0,0,0,0,0,4,3,0,0,0,0,0,0,4,7,0,0,0,0,0,0,12,0,0,0,0,0,0,0,0,0,0,0,0,0,0,0,0,0,0,0,0,0,0,0,0,0,0,0,0,0,0,0,0,10,53,84,108,57,15,5,337,18,10,12,11,13,6,0,71,0,0,0,0,0,0,0,0,99,191,183,217,154,49,13,912,0,0,0,0,0,0,0,0,6,8,0,3,0,0,0,20,0,0,0,0,0,0,0,0,0,0,0,0,0,0,0,0,0,0,0,0,0,0,0,6,54,100,109,139,90,24,0,516,0,16,3,3,3,3,0,32,0,0,0,0,0,0,0,0,0,0,0,0,0,0,0,0,0,0,0,0,0,0,0,3,0,5,0,6,6,0,0,10,6,0,4,8,3,0,0,23,72,135,114,160,108,31,0,616,0,3,0,0,0,0,0,8
208031183,0,0,0,0,0,0,0,0,0,0,0,0,0,0,0,4,0,0,0,0,0,0,0,4,0,0,0,0,0,0,0,0,0,0,0,0,0,0,0,0,0,3,0,0,0,0,0,4,0,3,0,0,0,0,0,4,5,13,31,59,39,11,10,161,24,4,7,9,8,0,0,63,0,0,0,0,0,0,0,0,101,137,142,184,122,29,13,736,0,0,0,0,0,0,0,3,0,4,0,0,0,0,0,7,0,0,0,0,0,0,0,0,0,0,0,0,0,0,0,0,0,0,0,0,0,0,0,0,44,74,80,94,53,4,0,353,13,3,0,9,3,0,0,29,0,0,0,0,0,0,0,0,0,0,0,0,0,0,0,0,0,0,0,0,0,0,0,0,0,0,0,0,0,0,0,6,8,0,3,3,3,0,0,20,66,81,91,106,61,4,0,417,0,0,0,0,0,0,0,5
208031184,0,0,0,0,0,0,0,6,10,11,7,9,4,4,0,43,23,21,7,19,11,4,0,84,6,12,3,0,0,0,0,26,0,0,0,0,0,0,0,0,6,10,5,3,0,0,0,22,12,17,7,6,0,0,0,41,15,114,173,218,126,29,3,674,104,76,61,64,78,31,0,423,10,14,11,5,3,3,0,39,826,1860,1969,2105,1722,465,45,8985,3,0,5,0,0,0,0,14,9,10,7,0,0,0,0,26,0,0,0,0,0,0,0,0,0,0,0,0,0,0,0,0,3,4,0,4,0,0,0,10,216,471,558,705,528,93,12,2580,53,51,35,35,23,10,4,199,0,0,0,0,0,0,0,0,0,0,0,0,5,0,0,5,0,0,0,0,0,0,0,0,0,4,0,0,0,0,0,9,0,0,0,0,0,0,0,10,286,537,602,747,560,99,13,2852,5,4,4,3,3,0,0,21
208031185,0,0,0,0,0,0,0,0,5,4,0,0,0,0,0,6,9,7,0,0,0,0,0,10,0,0,0,0,0,0,0,0,0,0,0,0,0,0,0,0,0,0,0,0,0,0,0,3,5,0,0,0,0,0,0,7,7,24,32,60,53,40,4,213,39,12,5,11,8,9,0,84,0,0,4,0,0,0,0,9,186,170,149,161,153,72,9,900,6,0,0,0,0,0,0,6,0,3,0,6,0,0,0,7,0,0,0,0,0,0,0,0,0,0,0,0,0,0,0,0,0,0,0,0,0,0,0,0,74,97,105,129,83,22,0,504,35,4,0,5,5,0,0,53,0,0,0,0,0,0,0,0,0,0,0,0,0,0,0,0,0,0,0,0,0,0,0,5,0,0,3,4,0,0,0,8,4,0,5,6,5,0,0,23,118,100,110,146,95,24,0,597,4,0,0,0,0,0,0,4
208031186,0,0,0,0,0,0,0,0,3,0,0,0,0,0,0,5,5,11,0,6,0,0,0,19,0,0,0,0,0,0,0,4,0,0,0,0,0,0,0,0,0,3,0,0,0,0,0,0,0,3,0,0,0,0,0,10,6,25,43,67,35,21,0,207,23,18,27,16,8,5,0,115,0,0,0,0,0,0,0,6,132,254,248,199,141,49,7,1036,4,0,0,4,3,0,0,12,0,0,0,0,0,0,0,3,0,0,0,0,0,0,0,0,0,0,0,0,0,0,0,0,0,0,0,0,0,0,0,0,95,138,158,157,131,28,0,708,21,8,15,9,12,0,0,57,0,0,0,0,0,0,0,0,0,0,0,0,0,0,0,0,0,0,0,0,0,0,0,4,0,0,0,3,0,0,0,4,8,7,11,10,14,0,0,54,132,159,187,187,150,37,0,848,3,0,0,3,0,0,0,17
208031187,0,0,0,0,0,0,0,0,3,3,3,0,0,0,0,9,3,3,3,0,0,0,0,10,0,3,0,0,0,0,0,7,0,0,0,0,0,0,0,0,5,0,0,0,0,0,0,7,5,6,0,0,0,0,0,7,3,13,30,19,11,0,0,82,45,11,10,14,5,7,0,93,3,0,8,0,0,0,0,10,190,194,194,208,137,37,3,970,0,0,0,0,0,0,0,0,7,3,0,0,0,0,0,9,0,0,0,0,0,0,0,0,0,0,0,0,0,0,0,0,0,0,0,0,0,0,0,0,60,88,89,112,85,8,0,443,28,3,7,0,3,0,0,44,0,0,0,0,0,0,0,0,0,0,0,0,0,0,0,0,0,0,0,0,0,0,0,0,0,0,0,0,0,0,0,3,3,0,4,5,0,0,0,15,110,95,96,121,83,13,0,519,0,0,0,0,0,0,0,0
208031188,4,4,0,0,0,0,0,3,10,9,6,4,4,0,0,28,51,27,11,17,10,0,0,121,8,7,0,4,0,0,0,20,4,0,0,0,0,0,0,4,5,8,5,0,0,0,0,24,16,24,5,3,3,0,0,45,40,170,268,237,163,50,5,933,333,129,80,81,77,35,10,749,8,9,9,6,3,3,0,28,1292,1502,1272,1230,997,343,51,6687,54,44,17,6,5,0,0,130,49,26,13,14,15,3,0,113,0,0,0,0,0,0,0,0,0,0,0,0,0,0,0,3,0,4,0,0,5,3,0,10,573,688,604,780,539,124,16,3321,250,58,50,28,34,17,3,439,0,0,0,0,0,0,0,3,0,0,0,0,0,0,0,0,4,4,6,8,4,0,0,23,3,7,0,3,0,0,0,15,54,33,18,23,28,6,0,162,983,876,708,863,627,158,20,4231,21,22,0,6,6,0,0,58
208031189,0,0,0,0,0,0,0,0,0,0,3,0,0,0,0,3,0,4,3,0,0,0,0,9,0,0,0,0,0,0,0,0,0,0,0,0,0,0,0,0,0,0,0,0,0,0,0,0,0,0,0,0,0,0,0,0,5,35,74,82,65,20,5,290,28,9,9,16,15,5,4,85,0,0,0,0,0,0,0,3,138,182,205,202,156,38,10,929,0,6,0,7,0,0,0,11,0,0,0,0,0,0,0,5,0,0,0,0,0,0,0,0,0,0,0,0,0,0,0,0,0,0,0,0,0,0,0,0,70,93,109,129,89,11,0,503,25,6,5,5,5,0,0,45,0,0,0,0,0,0,0,0,0,0,0,0,0,0,0,3,0,0,0,6,0,0,0,8,0,0,0,0,0,0,0,6,17,5,6,15,4,5,0,49,112,120,123,164,97,14,0,621,0,0,0,0,0,0,0,7
208031190,3,0,0,0,0,0,0,3,6,0,0,0,0,0,0,12,11,7,7,3,5,0,0,31,4,0,0,0,0,0,0,4,0,0,0,0,0,0,0,0,0,0,0,0,0,0,0,0,4,0,0,0,0,0,0,9,19,62,117,121,108,32,13,477,134,43,21,31,30,25,0,281,0,7,5,0,3,0,0,13,543,478,426,476,403,140,34,2507,17,9,4,4,4,0,0,48,5,8,3,0,0,0,0,16,0,0,0,0,0,0,0,0,0,0,0,0,0,0,0,0,0,0,0,0,0,0,0,0,239,230,241,336,274,61,6,1385,90,16,9,7,13,9,0,144,0,0,0,0,0,0,0,0,0,0,0,0,0,0,0,0,3,0,3,0,7,0,0,11,0,0,0,0,0,0,0,10,31,16,14,19,11,0,0,90,375,290,274,372,322,72,6,1709,6,8,0,3,3,0,0,25
208031191,3,7,0,0,0,0,0,12,10,12,9,6,7,0,0,44,41,47,26,22,16,8,0,162,4,6,5,8,3,0,0,27,0,0,0,0,0,0,0,0,10,8,0,6,0,0,0,23,13,12,5,10,6,0,0,46,56,293,452,385,221,57,8,1479,225,118,105,131,123,41,11,746,4,16,9,8,11,3,0,53,1273,2363,2333,2268,1738,532,84,10587,14,21,13,4,5,3,0,56,20,8,6,3,7,0,0,49,0,0,0,0,0,0,0,0,0,0,0,0,0,0,0,0,3,8,6,4,0,0,0,22,459,939,895,1043,707,177,13,4232,96,80,48,42,58,9,0,334,0,0,0,0,0,0,0,0,5,3,0,5,0,0,0,8,0,4,0,7,5,0,0,10,5,0,3,11,5,0,0,20,11,13,9,11,14,5,0,58,612,1077,980,1126,791,199,13,4798,10,24,7,4,3,0,0,54
208031192,7,0,0,0,0,0,0,8,4,4,3,0,0,0,0,17,11,8,6,6,8,0,0,37,0,3,0,0,0,0,0,5,0,0,0,0,0,0,0,0,0,6,0,0,0,0,0,6,0,9,0,0,0,0,0,13,6,68,143,119,57,11,5,404,62,32,27,20,29,7,0,184,0,0,5,0,0,0,0,10,292,508,446,433,298,73,9,2072,0,5,0,0,0,0,0,5,9,6,5,0,0,0,0,16,0,0,0,0,0,0,0,0,0,0,0,0,0,0,0,0,0,0,0,0,0,0,0,0,131,145,128,151,75,14,0,649,64,24,5,6,8,0,0,106,0,0,0,0,0,0,0,0,0,0,0,0,0,0,0,0,0,0,0,0,0,0,0,0,0,0,0,0,0,0,0,0,0,0,0,0,3,0,0,8,211,182,135,153,87,15,0,792,0,4,3,0,0,0,0,10
208031193,0,0,3,0,0,0,0,4,4,3,4,0,3,0,0,20,6,13,15,4,9,0,0,52,0,0,0,0,0,0,0,6,0,0,0,0,0,0,0,0,0,7,0,0,0,0,0,11,3,5,0,0,0,0,0,15,17,76,128,166,92,68,12,564,104,46,19,28,45,20,5,266,4,3,0,3,4,3,0,23,548,853,788,832,637,224,44,3925,19,25,5,5,3,4,0,61,9,11,6,4,0,0,0,28,0,0,0,0,0,0,0,0,0,0,0,0,0,0,0,0,5,0,0,0,0,0,0,9,187,354,370,437,321,64,8,1747,74,31,13,19,16,3,0,158,0,0,0,0,0,0,0,0,0,0,0,0,0,0,0,0,0,0,0,5,5,0,0,15,0,4,0,5,0,4,0,15,31,17,9,13,17,0,0,94,325,447,410,493,367,78,7,2127,13,6,0,3,0,0,0,23
208041194,0,0,0,0,0,0,0,0,7,0,6,3,3,0,0,22,33,26,23,17,6,0,3,101,3,14,3,0,0,0,0,24,0,0,0,0,0,0,0,0,0,3,3,0,0,0,0,12,4,17,10,0,0,0,0,37,63,238,284,272,169,113,34,1168,127,81,63,48,43,26,8,398,0,7,0,4,0,0,0,20,603,1034,946,916,648,300,71,4518,33,74,25,12,24,3,0,170,8,4,0,0,0,0,0,13,0,0,0,0,0,0,0,0,20,24,16,12,12,3,0,88,5,13,4,0,3,0,0,32,334,752,645,720,606,188,13,3259,54,39,39,22,32,15,0,201,0,0,0,0,0,0,0,0,0,0,0,0,0,0,0,0,0,7,3,11,7,0,0,26,0,4,3,4,3,0,0,14,45,40,38,40,31,15,3,209,498,956,770,813,718,224,21,4002,5,15,3,7,8,0,0,38
208041195,20,0,0,0,0,0,0,26,7,6,3,3,4,0,0,16,58,34,19,6,6,5,0,126,18,10,9,0,0,0,0,33,5,4,0,0,0,0,0,4,14,3,0,5,0,0,0,22,29,17,5,5,0,0,0,58,54,294,354,318,220,90,27,1352,459,200,79,48,45,15,0,854,4,14,3,8,5,0,0,26,1374,1384,942,764,535,216,36,5252,44,60,24,3,8,3,0,136,125,73,17,14,14,3,0,246,0,0,0,0,0,0,0,5,4,6,4,0,0,0,0,18,5,8,4,0,0,0,0,21,882,889,565,515,281,108,3,3248,252,75,28,21,22,3,0,392,0,0,0,0,0,0,0,0,0,0,0,0,0,0,0,3,3,3,0,0,0,0,0,12,8,15,8,7,4,3,0,38,64,38,17,17,14,0,0,149,1384,1169,652,584,344,119,4,4263,55,55,15,8,4,0,0,130
209011196,0,0,5,0,0,0,0,7,0,0,0,4,0,0,0,3,3,4,7,5,0,0,0,15,0,0,0,0,0,0,0,0,0,0,0,0,0,0,0,0,0,0,0,0,0,0,0,4,0,3,0,0,0,0,0,3,14,45,56,32,38,6,0,194,32,21,12,26,19,8,0,118,0,0,0,0,0,0,0,4,190,317,301,263,224,61,3,1356,0,0,0,0,0,0,0,0,5,5,0,0,0,0,0,10,0,0,0,0,0,0,0,0,0,0,0,0,0,0,0,0,0,0,0,0,0,0,0,0,59,113,100,143,111,16,4,548,6,0,4,6,3,3,0,28,0,0,0,0,0,0,0,0,0,0,0,0,0,0,0,0,0,0,0,0,0,0,0,3,0,0,0,0,4,0,0,5,4,3,0,5,0,4,0,19,67,130,113,151,122,22,3,612,4,0,0,0,0,0,0,7
209011197,0,0,0,0,0,0,0,7,3,4,0,4,0,0,0,10,8,5,4,3,4,0,0,28,0,0,0,0,0,0,0,0,0,0,0,0,0,0,0,3,0,0,0,0,0,0,0,0,0,0,0,0,0,0,0,5,16,82,138,131,107,42,7,536,180,54,44,33,34,20,5,370,0,0,3,0,0,0,0,8,671,613,577,515,423,147,26,2965,11,8,7,0,4,0,0,23,37,25,6,4,4,4,0,86,0,0,0,0,0,0,0,0,0,0,0,0,0,0,0,0,0,4,0,0,0,0,0,9,366,393,384,449,364,81,0,2051,158,21,11,9,14,4,0,221,0,0,0,0,0,0,0,3,0,0,0,0,0,0,0,0,0,0,0,0,0,0,0,4,0,8,0,3,3,0,0,8,13,5,8,11,11,5,3,55,592,471,421,485,396,90,5,2461,6,6,0,0,0,0,0,14
209011198,7,4,0,0,5,0,0,10,4,9,3,4,0,0,0,20,18,25,14,10,10,3,0,85,5,7,4,5,0,0,0,19,0,0,0,0,0,0,0,0,0,0,0,3,0,0,0,11,7,17,4,8,0,0,0,30,21,129,222,188,123,60,11,743,133,114,49,65,59,38,7,475,0,10,6,7,4,0,4,26,604,1211,1043,886,692,287,39,4762,40,74,48,25,37,11,0,220,20,25,5,7,13,4,0,84,0,0,0,0,0,0,0,3,0,0,5,0,0,0,0,10,6,7,0,0,0,0,0,16,574,1614,1230,1281,1015,217,6,5933,87,78,54,60,55,28,6,361,0,0,0,0,0,0,0,0,0,5,0,3,0,0,0,4,3,11,14,13,14,0,0,59,0,4,6,3,0,8,0,22,58,133,45,53,47,7,0,354,783,1951,1418,1455,1183,274,13,7068,14,21,15,0,3,0,0,50
209011199,4,3,0,3,4,0,0,18,10,11,6,3,5,0,5,36,22,25,16,6,7,6,5,83,3,6,0,0,0,0,0,10,0,0,0,0,0,0,0,0,0,3,3,3,0,6,0,16,7,7,3,3,0,6,0,24,19,87,121,97,82,36,3,442,69,48,49,29,54,26,4,277,0,3,5,3,0,0,0,14,490,1022,1061,1012,903,274,39,4796,6,4,0,0,0,0,0,15,18,23,3,3,0,0,0,49,0,0,0,0,0,0,0,0,0,0,0,0,0,0,0,0,0,4,0,0,0,0,0,12,185,405,385,476,377,100,3,1939,39,20,23,24,30,5,4,146,0,0,0,0,0,0,0,0,0,0,0,0,0,0,0,0,0,9,0,10,5,0,0,28,0,0,0,4,0,0,0,8,5,11,8,8,13,0,0,49,260,475,427,534,428,105,7,2235,4,9,3,4,0,0,0,19
209011200,0,5,0,0,0,0,0,5,0,0,6,0,0,0,0,12,3,10,6,0,3,0,0,20,0,0,0,0,0,0,0,4,0,0,0,0,0,0,0,0,0,0,0,0,0,0,0,4,4,0,0,0,0,0,0,6,26,92,110,113,102,44,5,491,60,34,23,17,37,14,3,182,0,0,4,0,0,0,0,5,275,356,343,289,263,125,12,1680,5,7,3,5,5,0,0,28,10,5,5,4,0,0,0,24,0,0,0,0,0,0,0,0,0,0,0,0,0,0,0,0,0,0,3,0,0,0,0,4,166,247,214,257,206,51,0,1135,38,12,10,14,5,4,0,83,0,0,0,0,0,0,0,0,0,0,0,0,0,0,0,0,0,0,3,4,0,0,0,13,0,0,0,0,0,0,0,3,36,11,11,26,13,4,0,103,258,291,256,301,237,60,5,1399,7,5,3,0,0,0,0,17
209011201,0,0,0,0,0,0,0,0,0,0,0,0,0,0,0,0,0,0,0,0,0,0,0,4,0,0,0,0,0,0,0,0,0,0,0,0,0,0,0,0,0,0,0,0,0,0,0,0,0,0,0,0,0,0,0,0,12,33,40,65,53,46,6,259,25,10,0,8,6,3,0,54,0,0,0,0,6,0,0,6,102,124,98,140,98,71,13,649,0,0,0,0,0,0,0,4,0,0,0,0,0,0,0,0,0,0,0,0,0,0,0,0,0,0,0,0,0,0,0,0,0,0,0,0,0,0,0,0,44,65,43,53,38,10,0,246,15,0,0,5,0,0,0,21,0,0,0,0,0,0,0,0,0,0,0,0,0,0,0,0,0,0,0,0,0,0,0,0,0,0,0,0,0,0,0,0,7,0,0,8,0,0,0,23,68,67,45,62,40,11,0,298,0,0,0,0,0,0,0,0
209011202,3,0,0,0,0,0,0,3,0,0,0,0,0,0,0,8,4,4,0,3,0,3,0,10,0,0,0,0,0,0,0,6,0,0,0,0,0,0,0,0,0,0,0,0,0,0,0,0,0,0,0,0,0,0,0,3,6,37,77,78,76,52,18,341,45,23,18,21,17,13,0,135,0,3,0,3,0,0,0,7,242,264,272,250,224,104,20,1374,5,5,0,0,0,0,0,4,0,10,0,4,0,0,0,26,0,0,0,0,0,0,0,0,0,0,0,0,0,0,0,0,0,0,0,0,0,0,0,0,133,207,179,250,158,23,4,946,38,8,0,6,6,0,0,65,0,0,0,0,0,0,0,0,0,0,0,0,0,0,0,0,0,0,0,0,0,0,0,3,0,0,3,4,0,0,0,9,12,14,6,10,9,0,0,47,187,245,190,277,176,27,0,1102,0,0,0,0,0,0,0,3
209011203,0,0,0,0,0,0,0,0,0,3,0,0,0,0,0,8,3,6,3,0,0,0,0,14,0,3,0,0,0,0,0,3,0,0,0,0,0,0,0,0,0,6,0,0,0,0,0,10,0,5,5,0,0,0,0,15,31,84,135,108,76,29,14,474,47,16,22,33,19,10,5,153,0,3,4,0,0,0,0,10,348,423,408,349,215,72,15,1836,8,6,0,3,0,0,0,14,6,4,0,0,0,0,0,14,0,0,0,0,0,0,0,0,0,0,0,0,0,0,0,0,0,3,0,0,0,0,0,6,69,113,150,172,109,23,4,640,21,11,4,0,0,0,0,35,0,0,0,0,0,0,0,0,0,0,5,0,0,0,0,5,0,0,0,0,0,0,0,0,5,0,0,0,0,0,0,9,26,16,8,7,9,0,0,65,127,154,162,187,121,20,4,784,0,0,0,0,0,0,0,0
209011204,0,0,0,0,0,0,0,0,0,0,0,0,0,0,0,3,4,0,0,0,0,0,0,8,0,0,0,0,0,0,0,0,0,0,0,0,0,0,0,0,0,0,0,0,0,0,0,0,0,0,0,0,0,0,0,0,9,29,41,50,25,15,0,163,36,17,6,15,13,0,0,94,0,0,0,0,0,0,0,9,115,153,142,135,87,41,7,675,0,0,0,0,0,0,0,4,4,5,0,0,0,0,0,6,0,0,0,0,0,0,0,0,0,0,0,0,0,0,0,0,0,0,0,0,3,0,0,3,63,89,69,95,69,12,0,394,13,7,3,5,6,0,0,34,0,0,0,0,0,0,0,0,0,0,0,0,0,0,0,0,0,0,0,0,0,0,0,0,0,0,0,0,0,0,0,0,9,0,5,9,0,0,0,30,90,99,71,110,80,15,0,474,0,0,0,0,0,0,0,7
209021205,0,0,0,0,0,0,0,5,3,6,6,4,0,0,0,22,8,9,4,3,0,0,0,30,4,0,0,0,0,0,0,4,3,0,0,0,0,0,0,3,0,3,0,0,0,0,0,4,9,3,0,4,0,0,0,7,33,229,280,283,194,52,4,1071,68,46,38,22,33,12,0,220,0,0,3,3,0,3,0,10,261,577,602,551,407,106,18,2516,0,4,4,3,0,0,0,11,13,16,5,0,3,0,0,38,0,0,0,0,0,0,0,0,4,6,0,0,0,0,0,7,0,0,0,0,0,0,0,3,116,325,353,353,237,36,0,1414,29,18,16,7,10,3,0,86,0,0,0,0,0,0,0,0,0,3,0,0,0,0,0,4,0,10,9,0,4,0,0,19,0,3,4,9,0,0,0,11,26,7,5,0,5,0,0,45,183,383,390,378,264,46,0,1646,0,6,5,3,0,0,0,15
209021428,14,9,3,11,0,0,0,36,9,15,8,6,8,4,0,55,40,58,31,17,17,10,0,172,6,17,3,0,0,0,0,19,4,5,0,0,0,0,0,6,7,13,5,7,3,0,0,32,14,30,6,3,6,0,0,64,62,320,410,292,167,43,3,1297,299,206,134,136,99,56,4,927,4,27,0,12,7,6,0,55,1309,2286,1993,1853,1367,380,42,9229,28,44,19,12,4,0,0,111,69,35,24,19,7,0,0,155,0,0,0,0,0,0,0,0,17,15,8,10,0,0,0,43,10,5,0,0,0,0,0,20,670,1056,908,983,735,132,6,4495,208,70,32,47,45,5,0,414,0,0,0,0,0,0,0,0,0,4,0,0,0,0,0,9,6,22,17,11,6,0,0,66,9,11,8,3,3,0,0,30,31,56,29,26,14,6,0,160,1050,1324,1045,1106,821,145,6,5497,14,17,10,8,0,0,0,59
209021429,0,0,0,0,0,0,0,3,0,0,0,0,0,0,0,3,5,5,7,3,0,0,0,20,3,0,0,0,0,0,0,10,0,0,0,0,0,0,0,0,3,0,0,0,0,0,0,10,7,0,0,0,0,0,0,13,14,51,106,104,67,39,3,378,32,18,15,24,15,6,0,115,0,0,0,0,0,0,0,3,148,239,247,236,180,69,11,1130,4,9,0,3,0,0,0,21,9,10,0,0,3,0,0,20,0,0,0,0,0,0,0,0,3,0,0,0,0,0,0,9,0,0,0,0,0,0,0,4,51,124,113,98,63,16,0,464,30,3,12,7,5,3,0,54,0,0,0,0,0,0,0,0,0,0,0,0,0,0,0,0,0,10,4,0,0,0,0,15,4,0,0,0,8,0,0,10,4,11,9,3,5,0,0,36,109,161,144,121,85,18,0,637,0,5,0,0,0,0,0,7
209021523,0,0,0,0,0,0,0,0,0,0,0,0,0,0,0,4,5,3,0,0,0,0,0,14,0,0,0,0,0,0,0,0,0,0,0,0,0,0,0,0,0,4,3,0,0,0,0,6,0,3,3,0,0,0,0,9,4,36,38,35,15,9,0,134,12,19,4,12,12,3,0,59,0,0,0,0,0,0,0,7,65,198,137,109,76,33,10,624,0,4,0,4,0,0,0,11,5,3,0,0,0,0,0,11,0,0,0,0,0,0,0,0,0,0,0,0,0,0,0,0,0,0,0,0,0,0,0,0,36,129,111,88,72,23,0,459,9,14,9,6,3,0,0,40,0,0,0,0,0,0,0,0,0,0,0,0,0,0,0,0,0,3,0,0,0,0,0,6,0,0,0,4,0,0,0,3,4,3,0,4,0,0,0,19,53,159,123,110,84,23,0,556,0,4,0,0,5,0,0,11
209021524,0,0,0,0,0,0,0,0,0,0,0,0,0,0,0,0,3,5,0,0,0,0,0,3,0,0,0,0,0,0,0,4,0,0,0,0,0,0,0,0,0,0,0,0,0,0,0,0,0,0,0,0,0,0,0,0,5,14,26,26,12,5,0,97,5,9,8,14,9,4,0,45,0,0,0,0,0,0,0,0,42,134,122,110,67,28,6,505,0,0,0,0,0,0,0,4,0,0,0,0,0,0,0,0,0,0,0,0,0,0,0,0,0,0,0,0,0,0,0,0,0,4,0,0,0,0,0,6,35,80,74,61,49,11,0,308,5,4,4,3,5,0,0,26,0,0,0,0,0,0,0,0,0,0,0,0,0,0,0,0,0,0,0,0,0,0,0,0,0,0,7,0,0,0,0,5,3,0,0,0,0,0,0,9,45,97,87,68,54,10,0,355,0,0,0,0,0,0,0,0
209021525,3,0,0,0,0,0,0,8,0,0,0,0,0,0,0,6,6,4,0,0,0,0,0,20,3,0,0,0,0,0,0,4,0,0,0,0,0,0,0,0,0,0,0,0,0,0,0,0,3,0,0,0,0,0,0,6,9,36,52,41,28,13,0,175,23,29,9,6,5,5,0,77,0,8,0,0,0,0,0,9,141,244,170,152,101,44,3,852,0,0,4,0,0,0,0,7,0,4,0,5,0,0,0,10,0,0,0,0,0,0,0,0,9,3,0,0,0,0,0,10,0,0,0,0,0,0,0,3,75,95,109,115,101,19,3,514,30,11,3,3,5,0,0,60,0,0,0,0,0,0,0,0,0,0,0,0,0,0,0,0,0,4,0,0,0,0,0,4,0,0,0,0,0,0,0,6,5,5,4,3,3,0,0,22,122,127,122,132,112,22,3,636,6,0,0,0,0,0,0,8
209021526,0,0,0,0,0,0,0,3,7,5,3,3,0,0,3,23,14,11,9,4,5,0,3,43,0,0,0,0,0,0,0,4,0,0,0,0,0,0,0,3,0,0,0,0,0,0,0,5,4,4,0,0,3,0,0,12,9,45,88,60,42,8,5,257,39,24,24,43,28,15,5,184,3,3,7,3,0,0,0,21,328,580,611,610,518,148,19,2809,3,12,6,0,0,0,0,21,0,5,9,0,0,0,0,15,0,0,0,0,0,0,0,0,0,0,0,0,0,0,0,0,0,0,0,0,0,0,0,5,88,218,248,273,195,39,0,1070,30,15,15,13,12,3,0,89,0,0,0,0,0,0,0,0,0,0,0,0,0,0,0,0,0,0,6,0,0,0,0,8,0,0,0,0,0,0,0,0,15,12,11,5,11,0,0,52,136,269,280,303,219,49,0,1257,4,3,3,4,5,0,0,19
209031209,0,0,0,0,0,0,0,0,3,4,0,0,4,0,0,15,8,4,9,4,7,0,0,29,0,0,0,0,0,0,0,0,0,0,0,0,0,0,0,0,0,0,0,0,0,0,0,0,0,0,0,0,0,0,0,3,32,63,136,187,166,83,22,680,201,43,37,35,34,28,6,376,3,0,0,0,0,4,0,12,699,502,518,549,496,207,47,3016,5,9,3,4,0,0,0,15,6,5,4,0,4,0,0,21,0,0,0,0,0,0,0,0,0,0,0,0,0,0,0,0,0,0,0,0,0,0,0,0,282,300,279,401,277,82,10,1627,113,15,8,9,9,3,0,156,0,0,0,0,0,0,0,0,0,0,0,0,0,0,0,0,0,0,0,0,0,0,0,5,0,0,4,3,4,0,0,10,16,4,5,11,8,7,0,41,429,328,294,425,300,94,6,1883,0,4,0,0,0,0,0,4
209031210,0,0,0,0,0,0,0,0,0,0,0,0,0,0,0,0,0,0,0,0,0,0,0,0,0,0,0,0,0,0,0,0,0,0,0,0,0,0,0,0,0,0,0,0,0,0,0,0,0,0,0,0,0,0,0,0,0,0,12,7,26,9,0,57,7,5,5,8,9,6,0,35,0,0,0,0,0,0,0,5,51,58,36,61,60,31,3,294,0,0,0,0,0,0,0,0,0,0,0,0,0,0,0,0,0,0,0,0,0,0,0,0,0,0,0,0,0,0,0,0,0,0,0,0,0,0,0,0,31,24,33,36,29,9,0,170,5,0,0,0,0,0,0,3,0,0,0,0,0,0,0,0,0,0,0,0,0,0,0,0,0,0,0,0,0,0,0,0,0,0,0,0,0,0,0,0,3,0,0,0,0,0,0,8,42,27,33,41,32,9,0,180,0,0,0,0,0,0,0,0
209031211,0,0,0,0,0,0,0,0,0,0,0,0,0,0,0,5,0,0,0,0,0,0,0,3,0,0,0,0,0,0,0,0,0,0,0,0,0,0,0,0,0,0,0,0,0,0,0,0,0,0,0,0,0,0,0,0,6,6,7,22,36,12,9,95,16,5,6,5,10,0,0,44,0,0,0,0,5,0,0,4,70,81,73,99,105,35,12,475,0,0,0,0,0,0,0,0,0,0,0,0,0,0,0,0,0,0,0,0,0,0,0,0,0,0,0,0,0,0,0,0,0,0,0,0,0,0,0,0,26,25,30,54,46,5,0,183,9,5,6,4,4,0,0,22,0,0,0,0,0,0,0,0,0,0,0,0,0,0,0,0,0,0,0,0,0,0,0,0,0,0,0,0,0,0,0,0,0,3,0,6,3,0,0,9,32,34,36,64,48,5,4,220,0,0,0,0,0,0,0,0
209031212,0,0,0,0,0,0,0,0,0,0,0,0,0,0,0,0,0,0,0,0,0,0,0,6,0,0,0,0,0,0,0,0,0,0,0,0,0,0,0,0,0,0,0,0,0,0,0,0,0,0,0,0,0,0,0,0,3,12,33,38,50,36,10,178,9,12,9,9,16,3,0,49,0,0,0,0,0,0,0,3,83,101,101,116,123,55,20,602,0,0,0,0,0,0,0,0,0,0,0,0,0,0,0,0,0,0,0,0,0,0,0,0,0,0,0,0,0,0,0,0,0,0,0,0,0,0,0,0,33,40,35,55,49,3,0,211,9,0,0,0,0,0,0,7,0,0,0,0,0,0,0,0,0,0,0,0,0,0,0,0,0,0,0,0,0,0,0,0,0,0,0,0,0,0,0,7,6,0,0,3,10,5,0,18,43,45,35,58,53,7,4,249,0,0,0,0,0,0,0,0
209031213,0,0,0,0,0,0,0,0,0,0,0,0,0,0,0,3,3,5,0,0,0,0,3,12,0,0,0,0,0,0,0,0,0,0,0,0,0,0,0,0,0,0,0,0,0,0,0,4,0,0,0,0,0,0,0,4,11,46,71,61,63,25,10,286,23,8,13,8,12,0,0,72,0,0,0,0,0,0,0,4,117,164,193,166,174,63,19,890,0,0,0,0,0,0,0,4,6,8,5,0,0,0,0,15,0,0,0,0,0,0,0,0,0,0,0,0,0,0,0,0,0,0,0,0,0,0,0,0,72,134,130,128,92,22,0,583,15,8,6,4,0,0,0,32,0,0,0,0,0,0,0,0,0,0,0,0,0,0,0,0,0,0,0,0,0,0,0,0,0,0,0,0,0,0,0,0,5,4,3,0,0,5,0,15,96,158,142,139,97,25,3,655,0,9,0,0,0,0,0,4
209031214,0,0,0,0,0,0,0,0,0,0,0,5,0,0,0,4,3,0,0,5,0,0,0,6,0,0,0,0,0,0,0,0,0,0,0,0,0,0,0,0,0,0,0,0,0,0,0,0,0,0,0,0,0,0,0,0,3,15,46,73,63,34,4,241,23,8,0,4,17,8,0,67,0,0,0,0,0,0,0,6,102,117,135,167,155,60,5,742,0,0,0,0,0,0,0,0,3,0,0,0,0,0,0,4,0,0,0,0,0,0,0,0,0,0,0,0,0,0,0,0,0,0,0,0,0,0,0,0,31,40,46,71,63,18,0,275,10,0,0,5,4,0,0,15,0,0,0,0,0,0,0,0,0,0,0,0,0,0,0,0,0,0,0,0,0,0,0,0,0,0,0,0,0,0,0,0,0,0,0,4,9,0,0,16,48,43,50,82,72,20,0,310,0,0,0,0,0,0,0,0
209031215,0,0,0,0,0,0,0,0,4,0,4,0,3,0,0,5,0,0,4,0,3,0,0,14,0,0,0,0,0,0,0,0,0,0,0,0,0,0,0,0,0,0,0,0,0,0,0,3,0,0,0,0,0,0,0,3,8,32,46,65,72,21,8,253,72,18,11,6,35,15,3,160,0,0,0,0,0,0,0,6,295,235,237,231,237,68,18,1326,8,6,4,0,0,0,0,12,7,0,3,0,0,0,0,9,0,0,0,0,0,0,0,0,0,0,0,0,0,0,0,0,0,0,0,0,0,0,0,0,156,127,149,167,107,27,4,733,63,0,6,12,5,0,4,81,0,0,0,0,0,0,0,0,0,0,0,0,0,0,0,0,0,0,0,0,0,0,0,4,0,0,4,0,0,0,0,4,13,0,3,9,8,0,0,33,237,136,164,184,115,27,7,874,0,0,0,0,0,0,0,6
209041216,0,0,0,0,0,0,0,4,4,9,0,0,0,0,0,13,10,10,5,5,3,0,0,21,0,3,0,0,0,0,0,9,0,0,0,0,0,0,0,0,0,0,0,0,0,0,0,0,0,3,5,0,0,0,0,10,9,113,120,88,52,22,0,401,56,42,46,32,27,12,0,217,0,4,0,0,0,0,0,13,232,570,585,501,394,111,10,2412,0,0,0,0,0,0,0,6,6,7,0,0,0,0,0,14,0,0,0,0,0,0,0,0,4,8,5,0,4,0,0,15,0,0,0,0,0,0,0,3,170,294,281,280,187,25,4,1241,30,5,6,4,6,5,0,52,0,0,0,0,0,0,0,0,0,0,0,0,0,0,0,0,0,0,0,0,0,0,0,0,0,0,0,0,0,0,0,4,4,3,5,5,0,0,0,21,211,321,292,294,196,27,4,1354,0,5,0,0,0,0,0,7
209041217,0,0,0,0,0,0,0,3,0,0,0,0,0,0,0,4,0,0,3,0,0,0,0,7,0,0,0,0,0,0,0,0,0,0,0,0,0,0,0,0,6,0,0,0,0,0,0,0,6,0,0,0,0,0,0,6,5,15,18,10,16,8,0,64,50,9,14,5,4,0,0,81,0,0,0,0,0,0,0,0,194,143,152,86,77,28,9,689,0,4,0,0,0,0,0,4,4,0,0,0,0,0,0,6,0,0,0,0,0,0,0,0,0,6,0,0,0,0,0,12,0,0,0,0,0,0,0,0,98,146,157,168,156,25,0,751,50,3,4,8,3,4,0,82,0,0,0,0,0,0,0,0,0,0,0,0,0,0,0,0,0,0,0,0,0,0,0,0,0,0,0,0,0,0,0,0,9,5,3,5,4,0,0,25,160,169,166,180,166,30,0,877,0,0,0,0,0,0,0,3
209041220,0,0,0,0,0,0,0,3,4,0,0,0,0,0,0,3,10,5,3,0,0,0,0,27,3,0,0,0,0,0,0,6,0,0,0,0,0,0,0,0,0,0,0,0,0,0,0,8,10,3,0,0,0,0,0,19,11,68,68,62,44,25,4,274,150,43,47,23,11,10,3,282,0,3,0,0,0,0,0,4,571,534,396,316,230,86,8,2135,16,11,5,4,6,0,0,38,17,10,8,4,3,0,0,46,0,0,0,0,0,0,0,0,0,0,0,0,0,0,0,0,3,0,4,0,0,0,0,7,340,412,355,384,252,45,3,1787,161,24,16,19,11,0,0,230,0,0,0,0,0,0,0,0,0,0,0,0,0,0,0,3,0,0,0,0,0,0,0,0,3,0,0,7,0,0,0,14,7,11,3,8,12,3,0,40,547,466,385,426,283,45,3,2161,9,12,5,0,0,0,0,22
209041221,0,0,0,0,0,0,0,0,0,0,0,0,3,0,0,3,0,0,0,0,3,0,0,3,0,0,0,0,0,0,0,0,0,0,0,0,0,0,0,0,0,0,0,0,0,0,0,0,0,0,0,0,0,0,0,0,7,13,32,23,19,12,0,100,3,9,8,8,3,0,0,31,0,0,0,0,0,0,0,0,33,84,99,67,63,19,0,361,0,0,0,0,0,0,0,0,0,0,0,0,0,0,0,0,0,0,0,0,0,0,0,0,0,0,0,0,0,0,0,0,0,0,0,0,0,0,0,0,20,43,37,54,31,10,0,195,0,4,0,5,0,0,0,14,0,0,0,0,0,0,0,0,0,0,0,0,0,0,0,0,0,0,0,0,0,0,0,0,0,0,0,0,0,0,0,0,0,0,3,0,0,0,0,6,22,48,47,57,32,7,0,216,0,3,0,0,0,0,0,3
209041223,3,0,9,4,0,0,0,17,17,19,12,11,4,0,0,73,41,45,31,23,14,6,0,166,7,18,9,0,0,0,0,31,0,0,0,0,0,0,0,0,12,11,13,10,8,0,0,49,15,25,19,12,8,3,0,79,27,136,186,156,107,28,8,637,135,117,106,87,91,47,11,597,3,13,12,6,6,3,3,49,1380,2684,2605,2514,1987,541,65,11775,19,25,14,0,3,0,0,56,12,15,4,8,0,0,0,44,0,0,0,0,0,0,0,0,0,0,0,0,0,0,0,0,0,5,6,4,6,0,0,21,323,682,700,883,615,109,4,3312,144,64,56,68,74,13,5,417,0,0,0,0,0,0,0,0,0,3,0,4,0,0,0,4,0,5,3,0,0,0,0,10,3,3,10,6,0,0,0,19,9,16,14,11,9,3,0,60,512,814,798,985,707,126,11,3954,7,19,6,0,4,5,0,40
209041224,0,0,0,0,0,0,0,0,6,10,7,0,0,0,0,22,13,10,7,0,0,0,0,27,0,0,0,0,0,0,0,0,0,0,0,0,0,0,0,0,0,0,3,0,0,0,0,4,0,0,3,0,0,0,0,4,9,25,59,54,53,27,9,234,81,26,19,13,3,11,0,145,4,0,0,4,0,0,0,12,413,392,350,250,173,80,18,1675,0,0,0,0,0,0,0,0,0,0,0,0,0,0,0,0,0,0,0,0,0,0,0,0,0,0,0,0,0,0,0,0,0,0,0,0,0,0,0,0,200,258,222,197,124,32,0,1036,101,13,3,3,4,0,0,129,0,0,0,0,0,0,0,0,0,0,0,0,0,0,0,0,0,0,0,0,0,0,0,0,4,0,0,0,0,0,0,5,19,8,14,0,4,3,0,54,322,284,243,204,136,37,0,1224,0,0,0,0,0,0,0,0
209041225,0,0,0,0,0,0,0,0,0,4,3,0,0,0,0,4,4,6,3,0,0,0,0,12,0,0,0,0,0,0,0,0,0,0,0,0,0,0,0,0,0,4,0,0,0,0,0,6,0,4,0,0,0,0,0,6,8,21,25,41,27,11,13,141,45,20,14,12,13,5,0,100,5,0,0,0,0,0,0,3,233,269,225,210,168,55,24,1183,0,0,0,0,0,0,0,0,6,3,0,3,0,0,0,14,0,0,0,0,0,0,0,0,0,0,0,0,0,0,0,0,0,0,0,0,0,0,0,0,114,121,138,155,111,20,0,659,41,9,4,0,6,0,0,67,0,0,0,0,0,0,0,0,0,0,0,0,0,0,0,0,0,0,0,0,0,0,0,3,0,0,0,0,0,0,0,0,13,4,5,4,9,0,4,35,172,147,142,164,128,24,3,782,3,0,0,0,0,0,0,3
209041431,0,0,0,0,0,0,0,0,0,0,5,0,0,0,0,7,0,0,4,0,0,0,0,7,0,0,0,0,0,0,0,0,0,0,0,0,0,0,0,0,0,0,4,0,0,0,0,6,0,0,4,0,0,0,0,6,3,30,28,29,23,7,0,120,0,9,12,11,7,0,0,41,0,0,0,0,0,0,0,5,45,143,157,113,115,21,3,595,0,8,0,0,0,0,0,8,6,5,3,0,0,0,0,13,0,0,0,0,0,0,0,0,0,0,0,0,0,0,0,0,0,5,0,0,0,0,0,0,30,111,109,92,77,7,0,417,4,8,7,7,8,0,0,36,0,0,0,0,0,0,0,0,0,0,0,0,0,0,0,0,0,0,0,0,0,0,0,0,0,0,4,0,0,0,0,6,3,0,3,4,0,0,0,9,41,133,124,105,82,8,0,496,0,0,0,0,0,0,0,4
209041432,10,0,5,0,0,0,0,15,7,18,4,10,4,0,0,45,30,36,18,16,7,0,0,115,7,4,0,0,0,0,0,18,0,0,0,0,0,0,0,7,7,10,4,3,0,0,0,18,14,15,5,5,0,0,0,35,21,74,104,103,52,22,0,372,181,124,104,73,86,27,3,595,6,11,11,5,5,4,0,46,1130,1832,1634,1276,972,192,25,7056,13,19,3,3,0,0,0,41,44,30,17,15,7,3,0,116,0,0,0,0,0,0,0,0,0,0,0,0,0,0,0,0,5,3,3,0,0,0,0,18,642,1397,1218,1083,653,117,3,5104,222,90,43,49,39,10,0,461,0,0,0,0,0,0,0,0,0,0,0,0,0,0,0,3,0,4,6,0,0,0,0,13,3,3,3,5,0,4,0,18,11,12,5,3,4,6,0,42,941,1561,1306,1161,711,137,3,5811,16,25,11,4,0,3,0,55
209041433,3,0,0,0,0,0,0,6,5,4,0,0,0,0,0,17,10,5,3,0,0,0,0,27,0,4,0,0,0,0,0,3,0,0,0,0,0,0,0,0,0,5,6,0,0,0,0,16,0,8,6,0,0,0,0,18,3,35,51,32,23,9,0,159,46,31,17,10,11,0,0,114,0,4,5,0,0,0,0,10,403,651,503,333,210,52,3,2154,0,0,0,0,0,0,0,0,4,3,0,0,0,0,0,12,0,0,0,0,0,0,0,0,0,0,0,0,0,0,0,0,0,0,0,0,0,0,0,3,124,248,231,147,94,10,0,853,38,18,14,3,3,0,0,78,0,0,0,0,0,0,0,0,0,0,0,0,0,0,0,0,3,0,0,0,0,0,0,5,6,0,3,0,0,0,0,8,3,10,9,5,0,0,0,28,176,282,254,164,93,17,0,987,6,0,0,0,0,0,0,13
209041435,0,0,0,0,0,0,0,0,0,0,0,0,0,0,0,7,0,0,0,0,0,0,0,7,0,0,0,0,0,0,0,0,0,0,0,0,0,0,0,0,0,3,0,0,0,0,0,3,0,3,0,0,0,0,0,3,3,15,42,38,17,5,0,119,11,9,7,3,5,0,0,34,0,0,0,0,0,0,0,3,51,91,109,87,50,13,0,398,0,0,0,0,0,0,0,0,0,0,0,0,0,0,0,0,0,0,0,0,0,0,0,0,0,0,0,0,0,0,0,0,0,0,0,0,0,0,0,0,24,52,49,40,15,0,0,188,4,0,4,3,0,0,0,14,0,0,0,0,0,0,0,0,0,0,0,0,0,0,0,0,0,0,0,0,0,0,0,0,0,0,0,0,0,0,0,6,5,3,0,0,0,0,0,9,40,63,55,46,16,0,0,226,0,0,0,0,0,0,0,0
209041436,0,0,0,0,0,0,0,4,3,4,4,4,0,0,0,10,0,5,4,4,5,0,0,17,0,0,0,0,0,0,0,0,0,0,0,0,0,0,0,0,0,3,0,4,0,0,0,4,0,0,0,4,0,0,0,5,8,53,72,51,35,4,0,229,40,23,30,12,17,10,0,124,0,3,4,0,0,0,0,14,210,338,308,273,150,55,9,1342,3,0,3,0,0,0,0,10,9,3,0,4,6,0,0,19,0,0,0,0,0,0,0,0,0,0,0,0,0,0,0,0,4,0,0,0,0,0,0,4,138,237,241,268,157,37,0,1077,45,18,3,11,6,0,0,83,0,0,0,0,0,0,0,0,0,0,0,0,0,0,0,0,0,0,0,0,0,0,0,0,0,3,0,0,0,0,0,7,5,5,4,3,0,0,0,24,203,272,261,284,174,42,0,1233,3,7,6,0,0,0,0,12
209041437,0,0,0,0,0,0,0,0,3,6,4,3,0,0,0,11,3,0,4,3,0,0,0,11,0,0,0,0,0,0,0,3,0,0,0,0,0,0,0,0,0,3,10,0,0,0,0,12,0,8,12,0,0,0,0,16,7,32,79,25,9,10,0,152,14,10,23,8,7,0,0,63,0,3,0,0,0,0,0,7,178,376,389,174,94,23,0,1242,0,6,0,0,0,0,0,6,0,3,0,0,0,0,0,5,0,0,0,0,0,0,0,0,0,0,0,0,0,0,0,0,0,0,0,0,0,0,0,0,48,112,97,54,33,0,0,336,37,13,8,3,3,0,0,63,0,0,0,0,0,0,0,0,0,0,0,0,0,0,0,0,0,0,0,0,0,0,0,0,0,6,0,3,4,0,0,15,3,3,0,0,0,3,0,15,94,144,104,65,35,4,0,437,0,3,0,0,0,0,0,5
209041527,0,0,0,0,0,0,0,0,6,0,0,0,0,0,0,11,5,0,0,0,0,0,0,10,0,0,0,0,0,0,0,0,0,0,0,0,0,0,0,0,0,0,0,0,0,0,0,0,0,0,0,0,0,0,0,0,7,54,76,62,26,10,0,233,28,12,24,15,6,9,0,92,0,0,0,0,0,0,0,4,171,266,276,204,101,37,0,1058,0,0,0,0,0,0,0,0,4,7,0,0,0,0,0,7,0,0,0,0,0,0,0,0,0,0,0,0,0,0,0,0,0,0,0,0,0,0,0,0,96,203,213,172,64,9,0,755,40,20,16,6,8,0,0,88,0,0,0,0,0,0,0,0,0,0,0,0,0,0,0,0,0,0,0,0,0,0,0,0,0,0,0,0,0,0,0,5,15,3,8,9,8,0,0,39,156,234,239,180,77,9,0,901,0,0,0,0,0,0,0,5
209041528,0,0,0,0,0,0,0,0,0,0,0,0,0,0,0,4,6,0,0,0,0,0,0,3,0,0,0,0,0,0,0,0,0,0,0,0,0,0,0,0,0,0,5,0,0,0,0,5,0,0,5,0,0,0,0,5,0,20,37,29,15,7,3,113,30,7,9,4,4,0,0,50,0,3,0,0,0,0,0,3,100,104,117,68,43,11,3,448,0,0,0,0,0,0,0,0,0,0,0,0,0,0,0,4,0,0,0,0,0,0,0,0,0,0,0,0,0,0,0,0,0,0,0,0,0,0,0,0,46,67,60,31,19,4,0,230,50,5,0,0,3,0,0,59,0,0,0,0,0,0,0,0,0,0,0,0,0,0,0,0,0,0,0,0,0,0,0,0,0,0,0,0,0,0,0,0,7,3,0,0,0,0,0,5,104,73,60,41,24,4,0,303,0,0,0,0,0,0,0,0
209041529,0,0,0,0,0,0,0,0,0,0,0,0,0,0,0,0,6,0,0,5,0,0,0,9,0,0,0,0,0,0,0,0,0,0,0,0,0,0,0,0,0,0,3,0,0,0,0,3,0,0,3,0,0,0,0,3,0,14,16,22,13,5,0,74,10,4,10,4,11,3,0,42,0,4,0,0,0,0,0,5,75,139,116,97,89,26,7,551,0,3,0,0,0,0,0,9,0,4,0,8,3,0,0,15,0,0,0,0,0,0,0,0,0,0,0,0,0,0,0,0,0,0,0,0,0,0,0,4,39,105,83,109,94,29,0,468,22,6,9,7,4,0,0,41,0,0,0,0,0,0,0,0,0,0,0,0,0,0,0,0,0,0,0,0,0,0,0,0,0,0,0,0,0,0,0,3,4,0,4,4,4,0,0,11,65,119,93,123,111,26,0,546,0,0,0,0,0,0,0,4
209041530,0,0,0,0,0,0,0,0,0,3,0,0,0,0,0,16,7,11,0,6,0,0,0,20,0,0,0,0,0,0,0,4,0,0,0,0,0,0,0,0,0,6,0,5,0,0,0,13,6,10,6,7,0,0,0,15,7,32,54,30,18,8,5,148,14,12,16,21,12,7,0,85,0,9,4,0,0,0,0,14,176,431,417,353,251,83,10,1718,3,6,0,0,0,0,0,7,0,4,4,0,0,0,0,10,0,0,0,0,0,0,0,0,0,0,0,0,0,0,0,0,0,3,0,0,0,0,0,4,51,144,150,153,108,18,0,621,17,22,9,19,11,0,0,70,0,0,0,0,0,0,0,0,0,0,0,0,0,0,0,0,0,0,0,0,0,0,0,0,0,0,0,0,3,0,0,3,0,0,5,0,0,0,0,7,76,174,169,164,121,24,0,726,0,0,0,0,0,0,0,5
209041531,0,0,0,0,0,0,0,0,0,0,3,0,0,0,0,3,0,4,5,0,0,0,0,6,0,0,0,0,0,0,0,0,0,0,0,0,0,0,0,0,0,0,0,0,0,0,0,7,0,0,0,0,0,0,0,7,3,16,41,26,11,8,0,91,22,3,3,9,0,0,0,38,0,0,0,0,0,0,0,0,91,127,113,66,40,12,0,452,0,0,0,0,0,0,0,0,3,0,0,0,0,0,0,6,0,0,0,0,0,0,0,0,0,0,0,0,0,0,0,0,0,0,0,0,0,0,0,0,58,87,93,67,38,4,0,345,23,4,7,3,0,0,0,31,0,0,0,0,0,0,0,0,0,0,0,0,0,0,0,0,0,0,0,0,0,0,0,0,0,0,0,0,0,0,0,0,7,6,5,4,0,0,0,20,87,94,103,74,40,3,0,391,0,0,0,0,0,0,0,0
209041532,0,0,0,0,0,0,0,0,0,3,0,0,0,0,0,9,0,3,0,0,0,0,0,8,0,0,0,0,0,0,0,0,0,0,0,0,0,0,0,0,0,5,6,0,0,0,0,7,6,5,6,0,0,0,0,9,5,22,42,17,7,3,0,107,30,3,16,6,8,0,0,59,0,0,0,0,0,0,0,0,126,149,165,105,65,11,0,625,0,0,0,0,0,0,0,4,0,0,0,0,0,0,0,10,0,0,0,0,0,0,0,0,0,0,0,0,0,0,0,0,0,0,0,0,0,0,0,0,57,110,103,78,23,3,0,379,29,11,3,0,0,0,0,45,0,0,0,0,0,0,0,0,0,0,0,0,0,0,0,0,0,0,0,0,0,0,0,0,0,0,0,0,0,0,0,0,4,3,7,0,0,0,0,15,94,122,116,86,25,3,0,450,0,0,0,0,0,0,0,0
210011226,0,0,0,0,0,0,0,4,4,0,8,0,0,0,0,13,6,8,8,3,0,0,0,27,3,0,0,0,0,0,0,3,0,0,0,0,0,0,0,0,4,0,0,0,0,0,0,5,4,0,0,0,0,0,0,13,10,41,45,58,30,4,0,185,106,38,29,32,23,6,0,241,3,4,0,0,0,0,0,9,574,637,529,512,436,115,17,2813,3,0,0,0,0,0,0,5,8,7,3,5,0,0,0,25,0,0,0,0,0,0,0,0,6,5,0,0,0,0,0,10,3,0,0,0,0,0,0,9,230,227,182,214,191,34,0,1088,107,13,9,8,13,3,0,151,0,0,0,0,0,0,0,0,0,0,0,0,0,0,0,0,0,0,0,0,0,0,0,0,0,0,0,0,0,0,0,7,4,3,4,4,0,6,0,15,362,257,201,238,203,42,3,1313,0,7,0,0,0,0,0,3
210011227,6,9,0,0,0,0,0,14,5,9,0,0,0,0,0,15,11,17,10,6,0,0,0,51,5,0,0,0,0,0,0,14,0,0,0,0,0,0,0,0,0,3,3,0,0,0,0,7,5,6,3,0,0,0,0,13,19,134,217,171,64,11,0,624,96,69,83,73,60,15,4,401,3,8,3,8,0,0,0,21,442,775,889,703,469,85,8,3382,6,3,6,0,0,0,0,17,3,3,0,4,0,0,0,16,0,0,0,0,0,0,0,0,0,5,0,0,0,0,0,8,0,4,0,3,0,0,0,12,235,318,245,241,163,20,0,1216,32,23,8,14,7,3,0,85,0,0,0,0,0,0,0,0,0,0,0,0,0,0,0,0,0,0,0,0,0,0,0,3,0,0,4,0,0,0,0,8,6,0,0,0,3,0,0,6,286,356,261,263,176,21,0,1361,0,3,0,0,0,0,0,9
210011228,8,6,0,0,3,0,0,20,15,31,18,8,7,0,0,81,30,52,22,13,13,6,0,133,0,11,4,3,0,0,0,20,0,0,0,0,0,0,0,0,3,7,3,5,0,0,0,28,13,18,10,8,0,0,0,52,31,252,405,305,167,49,11,1214,125,126,109,146,141,51,4,701,7,14,16,3,3,0,4,53,1496,3127,3015,2947,2086,499,58,13228,8,5,0,0,0,0,0,11,7,9,5,5,3,0,0,31,0,0,0,0,0,0,0,5,0,5,0,0,0,0,0,5,10,10,0,0,0,0,0,19,373,788,703,878,534,104,13,3385,90,53,32,35,34,10,0,245,0,0,0,0,6,0,0,6,0,0,0,0,0,0,0,0,0,3,0,0,3,0,0,9,0,4,4,0,3,0,0,14,9,0,9,0,0,0,0,15,488,872,747,923,583,112,10,3746,5,5,0,5,0,0,0,11
210011230,0,0,0,0,0,0,0,0,0,6,0,0,0,0,0,0,0,5,5,0,4,0,0,12,0,0,3,0,0,0,0,3,0,0,0,0,0,0,0,0,0,0,0,4,0,0,0,3,0,0,3,4,0,0,0,4,12,39,60,60,35,9,0,213,58,20,10,16,12,10,0,125,0,0,0,0,0,0,0,7,211,250,216,203,159,52,6,1091,0,7,0,0,0,0,0,8,0,4,0,0,0,0,0,5,0,0,0,0,0,0,0,0,4,0,0,0,0,0,0,8,0,0,0,0,0,0,0,3,62,134,114,174,122,30,3,633,36,10,9,6,14,0,0,76,0,0,0,0,0,0,0,0,0,0,0,0,0,0,0,0,0,0,0,6,0,0,0,0,0,0,0,0,0,0,0,0,5,3,0,8,6,0,0,29,120,153,124,193,140,32,3,767,4,3,0,0,0,0,0,4
210011231,0,0,0,0,0,0,0,0,0,3,0,0,0,0,0,6,0,4,0,0,0,0,0,7,0,0,0,0,0,0,0,0,0,0,0,0,0,0,0,0,0,0,0,0,0,0,0,0,0,0,0,0,0,0,0,0,11,27,43,63,43,31,8,222,22,5,8,4,10,5,3,64,0,0,0,0,0,0,0,0,82,126,135,135,100,52,11,629,0,5,0,0,0,0,0,5,0,0,0,0,0,0,0,0,0,0,0,0,0,0,0,0,0,0,0,0,0,0,0,0,0,0,0,0,0,0,0,0,35,60,71,68,61,11,0,304,24,0,0,6,0,0,0,30,0,0,0,0,0,0,0,0,0,0,0,0,0,0,0,0,0,0,0,0,0,0,0,0,0,0,0,4,0,0,0,4,8,0,0,0,9,0,0,17,71,62,72,75,73,13,0,369,0,0,0,0,0,0,0,0
210011533,0,0,0,0,0,0,0,3,0,0,0,0,0,0,0,0,0,4,0,0,0,0,0,3,0,0,6,0,0,0,0,6,0,0,0,0,0,0,0,0,0,0,0,0,0,0,0,0,0,0,0,0,0,0,0,0,3,16,36,35,27,17,3,136,32,10,14,7,9,5,0,71,0,3,0,0,0,0,0,4,115,140,139,108,98,33,4,639,0,4,0,0,0,0,0,8,3,10,0,0,0,0,0,15,0,0,0,0,0,0,0,0,0,0,0,0,0,0,0,0,0,0,0,3,0,0,0,3,58,114,105,114,73,12,3,478,30,8,5,0,10,0,0,55,0,0,0,0,0,0,0,0,0,0,0,0,0,0,0,0,0,0,0,0,0,0,0,0,0,0,0,3,0,0,0,6,7,3,3,3,3,0,0,26,102,136,115,133,92,18,5,594,6,8,4,0,0,0,0,13
210011534,0,0,0,0,0,0,0,0,0,0,3,0,4,0,0,7,0,0,3,0,4,0,0,12,0,0,0,0,0,0,0,0,0,0,0,0,0,0,0,0,0,0,0,0,0,0,0,0,0,0,0,0,0,0,0,3,8,31,56,71,41,21,4,229,25,12,13,16,12,7,0,82,0,0,0,0,3,0,0,9,137,196,191,203,154,62,11,965,0,3,0,3,0,0,0,11,6,0,4,0,0,0,0,9,0,0,0,0,0,0,0,0,0,0,0,0,0,0,0,0,0,0,0,0,0,0,0,0,73,141,155,202,148,32,0,749,31,10,3,7,15,0,0,63,0,0,0,0,0,0,0,0,0,0,0,0,0,0,0,0,0,0,0,0,0,0,0,3,0,0,0,0,0,0,0,4,3,5,3,5,0,3,0,18,108,164,165,217,169,42,0,860,0,3,0,0,0,0,0,7
210021232,0,0,0,0,0,0,0,0,3,0,0,0,0,0,0,6,4,3,3,6,0,0,0,14,0,0,0,0,0,0,0,0,0,0,0,0,0,0,0,0,0,0,0,0,0,0,0,0,0,0,0,0,0,0,0,0,9,36,54,91,69,34,11,293,79,18,13,16,19,10,0,164,5,3,0,0,0,0,0,11,443,352,339,371,296,103,17,1922,3,0,0,0,0,0,0,8,0,0,0,0,0,0,0,4,0,0,0,0,0,0,0,0,0,0,0,0,0,0,0,0,0,0,0,0,0,0,0,0,234,238,303,334,229,52,0,1397,103,13,4,7,9,5,0,138,0,0,0,0,0,0,0,0,0,0,0,0,0,0,0,3,0,0,0,0,0,0,0,0,0,3,0,0,0,0,0,6,15,4,9,5,7,0,0,48,357,259,318,356,247,59,0,1599,0,0,0,0,0,0,0,0
210021233,0,0,0,0,0,0,0,0,0,0,0,0,0,0,0,3,0,0,0,0,0,0,0,3,0,0,0,0,0,0,0,0,0,0,0,0,0,0,0,0,0,0,0,0,0,0,0,0,0,0,0,0,0,0,0,0,4,8,17,31,28,11,6,108,17,3,5,9,3,4,0,39,0,0,0,0,0,0,0,0,66,54,80,90,64,34,7,398,0,4,0,0,0,0,0,6,0,0,0,0,0,0,0,0,0,0,0,0,0,0,0,0,0,0,0,0,0,0,0,0,0,0,0,0,0,0,0,0,31,29,41,52,37,14,0,204,8,0,0,3,0,0,0,13,0,0,0,0,0,0,0,0,0,0,0,0,0,0,0,0,0,0,0,0,0,0,0,0,0,0,0,0,0,0,0,0,0,0,4,0,0,0,0,12,41,30,46,54,40,14,0,232,0,0,0,0,0,0,0,0
210021234,0,0,0,0,0,0,0,0,0,0,0,0,0,0,0,3,0,0,0,0,0,0,0,3,0,0,0,0,0,0,0,0,0,0,0,0,0,0,0,0,0,0,0,0,0,0,0,0,0,0,0,0,0,0,0,0,0,0,13,27,17,13,0,68,10,0,0,3,5,4,0,25,0,0,0,0,0,0,0,0,79,45,75,64,65,30,5,368,0,0,0,0,0,0,0,0,0,0,0,0,0,0,0,0,0,0,0,0,0,0,0,0,0,0,0,0,0,0,0,0,0,0,0,0,0,0,0,0,39,42,35,60,45,7,0,227,23,0,0,3,0,0,0,33,0,0,0,0,0,0,0,0,0,0,0,0,0,0,0,0,0,0,0,0,0,0,0,0,0,0,0,0,0,0,0,0,3,0,4,4,0,0,0,10,64,44,42,62,44,7,0,273,0,0,0,0,0,0,0,0
210021235,0,0,0,0,0,0,0,4,5,4,0,0,0,0,0,12,8,4,5,0,0,0,0,16,0,0,0,0,0,0,0,0,0,0,0,0,0,0,0,0,0,0,0,0,0,0,0,0,0,0,0,0,0,0,0,0,14,18,41,64,50,28,21,231,36,19,10,10,22,5,0,93,0,3,0,0,0,0,0,10,197,211,181,209,191,103,44,1138,0,0,0,0,0,0,0,0,0,0,0,0,0,0,0,0,0,0,0,0,0,0,0,0,0,0,0,0,0,0,0,0,0,0,0,0,0,0,0,0,80,118,116,133,91,21,5,561,25,3,0,3,4,3,0,50,0,0,0,0,0,0,0,0,0,0,0,0,0,0,0,0,0,0,0,0,0,0,0,0,0,0,0,0,0,0,0,0,5,4,8,9,8,5,5,38,115,126,121,143,106,33,7,656,0,0,0,0,0,0,0,0
210031236,0,0,5,0,0,0,0,10,4,7,0,3,0,0,0,15,18,23,8,3,3,0,0,63,3,7,0,0,0,0,0,10,0,0,0,0,0,0,0,0,3,3,6,0,0,0,0,15,11,5,8,0,0,0,0,27,15,61,71,63,39,13,3,270,74,33,36,28,30,14,0,219,3,5,5,5,0,0,0,21,475,784,747,704,534,144,26,3414,4,7,0,4,0,0,0,19,0,3,0,0,3,0,0,8,0,0,0,0,0,0,0,0,0,4,0,0,0,0,0,12,0,0,0,0,0,0,0,0,144,259,231,289,191,30,0,1144,49,20,14,14,8,6,0,109,0,0,0,0,0,0,0,0,0,0,0,0,0,0,0,0,0,5,0,0,0,0,0,10,0,0,0,0,0,0,0,7,11,8,6,0,5,0,0,22,206,310,256,307,201,39,4,1326,6,4,9,3,0,0,0,17
210031237,0,0,0,0,0,0,0,5,4,0,3,0,0,0,0,10,8,3,3,0,0,0,0,20,0,0,0,0,0,0,0,0,0,0,0,0,0,0,0,0,3,5,5,5,0,0,0,17,3,4,6,5,0,0,0,20,7,40,66,42,45,5,0,210,25,28,17,31,18,0,0,118,0,0,3,0,0,0,0,5,158,309,289,264,204,57,5,1285,3,3,0,0,0,0,0,14,0,0,0,0,0,0,0,3,0,0,0,0,0,0,0,0,0,0,0,0,0,0,0,0,0,0,0,0,0,0,0,3,55,108,126,159,103,20,0,576,26,15,5,13,11,0,0,72,0,0,0,0,0,0,0,0,0,0,0,0,0,0,0,0,0,3,0,4,0,0,0,3,0,5,3,0,4,0,0,9,9,5,9,10,0,0,0,36,98,141,147,182,122,23,4,720,5,8,0,0,0,0,0,11
210031439,0,0,0,0,0,0,0,0,0,0,0,0,0,0,0,0,0,0,0,0,0,0,0,0,0,0,0,0,0,0,0,0,0,0,0,0,0,0,0,0,0,0,0,0,0,0,0,0,0,0,0,0,0,0,0,0,3,6,14,9,10,0,0,43,0,0,0,0,0,0,0,4,0,0,0,0,0,0,0,0,13,12,26,20,17,3,0,89,0,0,0,0,0,0,0,0,0,0,0,0,0,0,0,0,0,0,0,0,0,0,0,0,0,0,0,0,0,0,0,0,0,0,0,0,0,0,0,0,0,3,3,7,5,4,0,30,0,0,0,0,0,0,0,0,0,0,0,0,0,0,0,0,0,0,0,0,0,0,0,0,0,0,0,0,0,0,0,0,0,0,0,0,0,0,0,0,0,0,0,0,0,0,0,0,0,6,3,12,5,4,0,29,0,0,0,0,0,0,0,0
210031440,0,0,0,0,0,0,0,0,0,0,8,0,0,0,0,9,0,0,3,0,0,0,0,10,0,0,0,0,0,0,0,0,0,0,0,0,0,0,0,0,0,0,0,0,0,0,0,4,3,0,0,0,0,0,0,4,0,23,27,7,25,6,3,86,9,26,18,8,10,5,0,70,0,0,0,0,0,0,0,3,79,212,198,129,123,17,0,770,0,0,0,0,0,0,0,0,3,0,0,0,0,0,0,8,0,0,0,0,0,0,0,0,0,0,0,0,0,0,0,0,0,0,0,0,0,0,0,0,28,82,82,70,43,6,0,315,12,5,3,3,3,0,0,29,0,0,0,0,0,0,0,0,0,0,0,0,0,0,0,0,0,0,0,0,0,0,0,0,0,0,0,0,0,0,0,5,4,10,0,8,9,0,0,23,47,101,86,78,50,6,0,374,0,0,0,0,0,0,0,4
210031535,0,0,0,0,0,0,0,0,3,4,0,0,3,0,0,10,3,3,0,0,3,0,0,7,0,0,0,0,0,0,0,3,0,0,0,0,0,0,0,0,0,0,7,0,0,0,0,12,0,0,7,0,3,0,0,11,9,50,41,41,24,0,0,165,10,15,20,20,7,4,0,81,0,0,0,0,6,0,0,6,99,262,207,185,159,30,3,950,7,8,7,6,0,0,0,26,0,4,0,3,0,0,0,10,0,0,0,0,0,0,0,0,0,0,0,0,0,0,0,0,0,4,0,0,0,0,0,4,41,184,166,159,99,17,0,665,3,10,8,5,6,0,0,39,0,0,0,0,0,0,0,0,0,0,0,0,0,0,0,0,0,0,0,0,0,0,0,0,0,0,3,0,3,0,0,10,3,12,3,0,3,0,0,30,58,223,192,176,111,15,0,781,0,0,0,0,3,0,0,0
210031536,0,0,0,0,0,0,0,0,0,0,0,0,0,0,0,3,0,3,0,0,0,0,0,7,0,3,0,0,0,0,0,5,0,0,0,0,0,0,0,0,0,6,0,0,0,0,0,9,0,5,0,0,0,0,0,10,4,20,26,18,16,8,0,88,13,18,12,7,4,3,0,59,0,0,0,0,0,0,0,0,92,158,151,97,86,28,4,617,7,6,3,0,0,0,0,24,3,0,0,0,0,0,0,4,0,0,0,0,0,0,0,0,0,0,0,0,0,0,0,0,0,0,0,0,0,0,0,0,43,112,122,97,84,19,0,474,17,10,3,5,11,6,0,51,0,0,0,0,0,0,0,0,0,0,0,0,0,0,0,0,0,0,0,0,0,0,0,0,0,6,3,0,0,0,0,7,11,20,7,0,6,0,0,47,81,154,148,110,100,20,0,619,5,4,0,0,0,0,0,8
210031537,0,0,0,0,0,0,0,0,0,0,0,0,0,0,0,3,3,3,0,0,0,0,0,5,0,0,4,0,0,0,0,0,0,0,0,0,0,0,0,0,0,0,0,0,0,0,0,3,4,3,4,0,0,0,0,7,7,21,25,33,14,10,0,103,17,4,11,8,3,0,0,37,0,0,0,0,0,0,0,0,82,93,79,71,35,17,0,384,5,3,0,0,0,0,0,8,0,0,0,0,0,0,0,0,0,0,0,0,0,0,0,0,0,0,0,0,0,0,0,0,0,0,0,0,0,0,0,3,22,54,40,41,29,9,0,199,22,4,0,0,0,0,0,31,0,0,0,0,0,0,0,0,0,0,0,0,0,0,0,0,0,0,0,0,0,0,0,0,0,0,0,0,0,0,0,6,4,0,0,6,3,0,0,19,54,65,51,43,40,5,0,265,3,0,0,5,0,0,0,4
210031538,0,0,0,0,0,0,0,5,0,0,0,0,0,0,0,9,0,0,0,0,3,0,0,12,0,0,0,0,0,0,0,0,0,0,0,0,0,0,0,0,0,0,0,0,0,0,0,0,0,0,0,0,0,0,0,0,14,45,74,61,36,11,0,241,10,15,12,20,19,13,0,87,0,0,0,3,0,0,0,8,105,262,221,208,170,42,7,1015,6,12,0,0,0,0,0,20,0,7,0,0,0,0,0,11,0,0,0,0,0,0,0,0,0,0,0,0,0,0,0,0,0,0,3,0,0,0,0,6,62,142,146,151,122,18,0,633,22,13,7,3,8,5,0,56,0,0,0,0,0,0,0,0,0,0,0,0,0,0,0,3,0,3,0,0,4,0,0,5,0,0,0,0,0,0,0,3,4,11,0,12,11,4,0,41,100,186,170,166,130,26,0,775,0,6,3,0,0,0,0,11
210041240,0,0,0,0,0,0,0,0,6,0,0,0,0,0,0,7,10,3,0,0,0,0,0,12,0,0,0,0,0,0,0,0,0,0,0,0,0,0,0,0,0,0,0,0,0,0,0,0,0,0,0,0,0,0,0,5,13,30,52,50,65,23,8,232,17,12,9,15,13,6,0,73,0,0,0,0,4,0,0,6,149,191,176,165,159,60,14,911,0,5,0,0,0,0,0,5,0,0,0,0,0,0,0,0,0,0,0,0,0,0,0,0,0,0,0,0,0,0,0,0,0,3,0,0,0,0,0,3,40,122,107,115,117,26,0,527,9,3,7,0,4,0,0,24,0,0,0,0,0,0,0,0,0,0,0,0,0,0,0,0,0,0,0,0,0,0,0,3,0,0,0,0,0,0,0,3,0,0,3,3,0,0,0,14,52,134,116,121,122,24,0,580,0,0,4,0,0,0,0,5
210041539,0,0,0,0,0,0,0,0,0,0,0,0,0,0,0,0,0,0,0,0,0,0,0,0,0,0,0,0,0,0,0,0,0,0,0,0,0,0,0,0,0,0,0,0,0,0,0,0,0,0,0,0,0,0,0,0,6,15,13,12,11,5,0,60,3,7,5,0,4,0,0,16,0,0,0,0,0,0,0,0,26,72,49,32,40,8,3,231,0,0,0,0,0,0,0,0,0,0,0,0,0,0,0,0,0,0,0,0,0,0,0,0,0,0,0,0,0,0,0,0,0,0,0,0,0,0,0,0,16,27,29,23,6,3,0,98,6,6,0,0,0,0,0,6,0,0,0,0,0,0,0,0,0,0,0,0,0,0,0,0,0,0,0,0,0,0,0,0,0,0,0,0,0,0,0,0,0,0,0,0,0,0,0,8,25,29,31,29,8,3,0,119,0,0,0,0,0,0,0,0
210041540,4,4,0,0,0,0,0,8,9,3,4,0,0,0,0,13,14,11,9,0,3,0,0,32,0,0,0,0,0,0,0,4,0,0,0,0,0,0,0,0,0,5,0,0,0,0,0,9,0,5,3,0,0,0,0,5,5,71,81,93,47,17,7,325,161,57,39,50,32,12,0,351,3,3,0,4,3,0,0,11,720,673,520,496,368,117,18,2917,4,8,4,4,3,0,0,22,18,0,0,3,3,0,0,34,0,0,0,0,0,0,0,0,0,0,0,0,0,0,0,0,0,0,0,0,0,0,0,0,349,436,384,390,274,61,0,1904,180,19,18,21,29,3,0,261,0,0,0,0,0,0,0,0,0,0,0,0,0,0,0,0,0,0,0,0,0,0,0,0,3,0,0,0,0,0,0,6,16,8,8,11,12,8,0,60,575,468,416,428,321,77,0,2290,0,4,4,0,0,0,0,12
210041541,0,0,0,0,0,0,0,0,5,0,0,0,0,0,0,3,5,0,0,0,0,0,0,3,0,0,0,0,0,0,0,0,0,0,0,0,0,0,0,0,0,0,0,0,0,0,0,3,0,0,0,0,0,0,0,3,0,22,16,22,31,16,5,108,11,8,4,3,4,0,0,33,0,0,0,0,0,0,0,0,57,111,62,78,73,31,4,421,0,0,0,0,0,0,0,0,0,0,0,0,0,0,0,0,0,0,0,0,0,0,0,0,0,0,0,0,0,0,0,0,0,0,0,0,0,0,0,0,36,73,54,68,44,13,0,286,10,0,0,3,0,0,0,15,0,0,0,0,0,0,0,0,0,0,0,0,0,0,0,0,0,0,0,0,0,0,0,0,0,4,0,0,0,0,0,3,5,0,0,3,4,0,0,19,49,79,60,80,54,12,0,321,0,0,0,0,0,0,0,0
210051242,5,0,0,0,0,0,0,7,11,13,7,8,5,0,0,30,23,31,20,13,18,0,0,100,10,5,5,0,0,0,0,19,0,0,0,0,0,0,0,0,5,16,16,10,5,0,0,52,17,18,20,13,6,0,0,75,24,179,248,179,128,35,0,798,123,98,92,78,67,17,4,465,7,16,15,4,0,0,0,43,705,1684,1592,1242,955,219,21,6411,13,26,12,6,3,0,0,63,10,11,12,8,3,0,0,45,0,0,0,0,0,0,0,0,0,0,0,0,0,0,0,0,5,0,3,5,3,0,0,23,384,872,885,821,600,89,0,3651,107,56,49,39,35,3,0,293,0,0,0,0,0,0,0,0,0,0,0,0,0,0,0,0,0,0,3,3,0,0,0,8,0,6,4,4,3,5,0,20,6,9,7,7,10,3,0,44,527,991,973,885,664,104,4,4151,11,12,8,9,4,0,0,36
210051243,10,8,5,6,0,0,0,21,25,37,24,22,14,0,0,121,50,71,43,42,25,5,0,239,4,7,7,0,6,0,0,21,0,0,0,0,0,0,0,0,17,12,9,5,8,0,0,50,23,24,16,5,12,0,0,72,28,276,526,462,266,56,10,1619,135,166,138,110,117,49,4,716,18,23,27,10,13,3,5,94,2051,4576,4449,4251,3288,706,68,19384,7,30,14,0,0,0,0,53,12,19,5,9,4,0,0,49,0,0,0,0,0,0,0,0,0,5,0,0,0,0,0,6,6,10,7,11,0,0,0,26,441,891,1041,1120,697,114,7,4312,183,115,66,67,84,22,0,533,0,0,3,0,0,0,0,3,0,4,0,0,0,0,0,3,0,3,0,0,0,0,0,9,0,8,10,0,3,0,0,24,8,3,3,11,3,0,0,29,664,1079,1149,1211,790,139,6,5035,7,21,4,0,0,0,0,34
210051245,0,0,0,0,0,0,0,4,0,5,0,3,0,0,0,13,3,10,0,4,0,3,0,22,5,0,0,0,0,0,0,3,0,0,0,0,0,0,0,0,0,0,0,0,0,0,0,7,6,0,0,0,0,0,0,8,12,59,83,71,64,20,3,311,55,38,30,20,27,22,0,194,5,3,9,3,0,0,0,18,308,435,422,373,359,108,10,2022,9,0,0,0,3,0,0,10,8,4,0,4,0,0,0,15,0,0,0,0,0,0,0,0,0,0,0,0,0,0,0,0,3,0,5,0,0,0,0,7,141,259,221,251,184,27,0,1083,46,17,9,8,4,4,0,91,0,0,0,0,0,0,0,0,0,0,0,0,0,0,0,0,0,0,0,0,0,0,0,0,0,0,0,4,3,0,0,11,4,0,0,5,4,5,0,17,206,285,241,266,203,33,4,1234,11,0,0,0,0,0,0,11
210051246,0,0,0,0,0,0,0,0,0,7,0,0,0,0,0,10,0,5,0,5,0,0,0,16,0,3,0,0,0,0,0,3,0,0,0,0,0,0,0,0,0,0,0,4,0,0,0,6,0,5,0,4,0,0,0,8,19,57,55,59,57,26,6,271,23,19,12,13,11,8,0,77,0,6,0,0,0,0,0,10,206,350,312,262,219,77,13,1437,0,0,0,0,0,0,0,0,0,0,0,0,0,0,0,3,0,0,0,0,0,0,0,0,0,0,0,0,0,0,0,0,0,0,0,0,0,0,0,0,88,153,163,137,103,18,0,667,26,8,12,8,7,0,0,61,0,0,0,0,0,0,0,0,0,0,0,0,0,0,0,0,0,0,0,0,0,0,0,0,0,0,4,0,3,0,0,7,5,0,0,4,4,5,0,15,125,171,171,154,115,13,0,757,0,0,0,0,0,0,0,5
210051247,0,0,0,0,0,0,0,0,0,0,0,0,0,0,0,0,0,0,0,0,0,0,0,3,0,0,0,0,0,0,0,0,0,0,0,0,0,0,0,0,0,0,0,0,0,0,0,3,0,0,0,0,0,0,0,3,3,15,12,12,11,3,0,59,3,8,3,11,6,0,0,34,0,0,0,0,0,0,0,3,37,123,96,74,61,17,0,409,0,0,0,0,0,0,0,0,0,0,0,0,0,0,0,0,0,0,0,0,0,0,0,0,0,0,0,0,0,0,0,0,0,0,0,0,0,0,0,0,28,51,64,56,48,6,0,254,6,0,0,7,4,0,0,13,0,0,0,0,0,0,0,0,0,0,0,0,0,0,0,0,0,0,0,0,0,0,0,0,0,0,0,0,0,0,0,6,0,0,0,5,0,0,0,10,30,56,68,68,53,14,0,291,0,0,0,0,0,0,0,0
210051248,6,16,4,8,8,0,0,43,6,14,5,6,8,0,0,46,25,41,13,15,17,4,0,112,0,3,0,5,0,0,0,5,0,0,0,0,0,0,0,3,5,0,8,3,7,0,0,27,5,10,8,10,4,0,0,30,30,171,302,265,160,21,3,943,156,264,357,422,301,51,4,1558,5,20,7,6,3,0,0,42,894,2206,2578,2553,1902,297,18,10444,0,0,0,0,0,0,0,10,11,7,9,10,0,0,0,30,0,0,0,0,0,0,0,0,0,0,0,0,0,0,0,0,4,6,3,3,0,0,0,23,348,722,627,747,423,54,0,2924,74,57,23,29,23,0,0,195,0,0,0,0,0,0,0,0,0,6,0,0,0,0,0,6,0,0,0,0,0,0,0,0,0,4,4,5,0,0,0,15,0,4,0,0,0,0,0,4,436,803,666,797,448,57,0,3203,4,4,3,0,0,0,0,8
210051250,0,6,0,0,0,0,0,7,8,0,5,3,7,0,0,17,9,11,5,3,5,0,0,34,4,0,0,0,0,0,0,0,0,0,0,0,0,0,0,0,5,4,0,0,6,0,0,12,8,3,3,0,6,4,0,19,16,45,74,67,51,15,0,269,27,27,35,35,21,15,0,164,0,0,4,0,0,0,0,9,353,664,655,571,405,143,17,2808,0,0,0,0,0,0,0,3,5,6,3,0,0,0,0,14,0,0,0,0,0,0,0,0,0,0,0,0,0,0,0,0,0,0,0,0,0,0,0,0,78,215,233,238,133,12,0,914,30,11,13,8,3,6,0,62,0,0,0,0,0,0,0,0,0,0,0,0,0,0,0,0,0,0,0,0,0,0,0,0,0,3,0,0,0,0,0,7,0,6,4,6,0,0,0,10,111,239,251,256,144,16,5,1019,0,0,0,0,0,0,0,5
210051441,4,0,0,0,0,0,0,3,5,0,0,0,0,0,0,8,5,0,0,3,0,0,0,8,0,0,0,0,0,0,0,3,0,0,0,0,0,0,0,0,0,0,0,0,0,0,0,0,0,0,5,0,0,0,0,8,5,16,15,11,7,3,0,58,24,15,7,14,12,4,0,83,0,4,0,0,0,0,0,3,142,154,155,114,107,19,0,687,0,0,0,0,0,0,0,0,3,5,0,0,0,0,0,9,0,0,0,0,0,0,0,0,0,0,0,0,0,0,0,0,0,0,0,0,0,0,0,0,80,102,89,79,41,9,0,401,59,15,4,4,3,0,0,83,0,0,0,0,0,0,0,0,0,0,0,0,0,0,0,0,0,0,0,0,0,0,0,0,0,0,0,0,0,0,0,0,9,7,3,3,3,0,0,21,150,123,96,93,48,9,0,519,0,0,0,0,0,0,0,0
210051442,0,0,0,0,0,0,0,0,3,0,4,0,0,0,0,9,0,4,3,0,0,0,0,12,0,0,0,0,0,0,0,0,0,0,0,0,0,0,0,0,0,0,3,6,0,0,0,14,0,0,3,6,0,0,0,14,8,31,35,12,3,4,0,104,22,14,17,6,9,6,0,67,0,0,0,4,0,0,0,3,124,172,182,81,74,23,3,657,3,4,0,0,0,0,0,6,4,6,0,0,0,0,0,10,0,0,0,0,0,0,0,0,0,0,0,0,0,0,0,0,0,0,0,0,0,0,0,3,76,126,129,87,65,4,0,492,27,6,9,6,0,0,0,55,0,0,0,0,0,0,0,0,0,0,0,0,0,0,0,0,0,0,0,0,0,0,0,0,0,5,0,4,0,0,0,4,6,5,4,0,0,0,0,14,120,143,145,103,67,9,0,584,0,0,0,0,0,0,0,0
210051443,0,0,0,0,0,0,0,0,3,4,5,7,0,0,0,13,9,9,9,7,0,0,0,33,0,4,0,0,0,0,0,6,0,0,0,0,0,0,0,0,0,7,9,0,0,0,0,12,0,7,8,0,0,0,0,23,9,59,92,53,36,9,0,254,17,41,46,26,22,14,0,168,0,3,3,3,0,0,0,13,328,826,812,596,409,96,11,3078,0,5,0,0,0,0,0,10,10,11,5,4,0,0,0,25,0,0,0,0,0,0,0,0,0,0,0,0,0,0,0,0,0,0,0,0,0,0,0,0,103,293,270,217,122,15,3,1025,21,21,13,10,12,0,0,76,0,0,0,0,0,0,0,0,0,0,0,0,0,0,0,0,0,0,0,0,0,0,0,0,0,0,8,0,0,0,0,8,0,8,6,0,0,0,0,18,141,331,294,231,142,12,3,1158,0,6,0,0,0,0,0,10
210051445,3,0,0,0,0,0,0,3,3,6,5,5,0,0,0,26,10,7,10,5,0,0,0,36,0,0,0,0,0,0,0,0,0,0,0,0,0,0,0,0,0,5,11,0,0,0,0,17,3,10,10,3,0,0,0,22,7,46,40,27,17,10,0,146,29,13,25,11,7,0,0,93,3,0,0,0,0,0,0,3,222,451,425,224,119,29,3,1471,0,0,0,0,0,0,0,0,3,0,0,0,0,0,0,3,0,0,0,0,0,0,0,0,0,0,0,0,0,0,0,0,0,0,3,0,0,0,0,6,75,192,183,95,47,6,0,595,34,15,19,8,5,0,0,82,0,0,0,0,0,0,0,0,0,0,0,0,0,0,0,0,0,3,0,0,0,0,0,3,3,0,3,0,0,0,0,10,0,5,3,0,0,0,0,18,116,224,208,110,54,6,0,713,0,0,0,0,0,0,0,0
210051542,0,0,0,0,0,0,0,0,0,0,0,0,0,0,0,3,0,0,0,0,0,0,0,3,0,0,0,0,0,0,0,0,0,0,0,0,0,0,0,0,0,4,0,0,0,0,0,8,0,4,7,0,0,0,0,4,0,15,25,6,4,0,0,48,4,0,4,4,0,0,0,17,0,0,0,0,0,0,0,0,19,91,99,39,7,6,0,257,0,0,0,0,0,0,0,0,0,4,0,0,0,0,0,4,0,0,0,0,0,0,0,0,0,0,0,0,0,0,0,0,0,0,0,0,0,0,0,0,16,37,44,26,13,0,0,123,0,3,0,0,0,0,0,8,0,0,0,0,0,0,0,0,0,0,0,0,0,0,0,0,0,0,0,0,0,0,0,0,0,0,0,0,0,0,0,3,0,0,3,0,0,0,0,9,17,46,48,21,12,4,0,148,0,0,0,0,0,0,0,0
210051543,8,0,0,0,0,0,0,8,4,3,0,0,0,0,0,11,15,3,0,0,0,0,0,24,0,0,0,0,0,0,0,0,0,0,0,0,0,0,0,0,10,0,0,0,0,0,0,15,15,6,0,0,0,0,0,19,10,23,44,9,4,3,0,97,86,27,20,15,12,3,0,151,3,4,0,0,0,0,0,8,362,300,254,123,62,10,0,1120,3,0,0,0,0,0,0,10,12,11,0,0,3,0,0,33,0,0,0,0,0,0,0,0,0,0,0,0,0,0,0,0,0,4,0,0,0,0,0,8,220,228,201,162,73,6,0,882,161,23,6,4,3,0,0,213,0,0,0,0,0,0,0,0,0,0,0,0,0,0,0,0,0,0,0,0,0,0,0,0,0,4,0,0,0,0,0,6,12,15,16,3,5,0,0,47,418,289,219,180,81,9,0,1199,3,0,0,0,0,0,0,4
210051544,0,0,0,5,0,0,0,4,5,8,5,5,7,0,0,37,15,23,13,10,14,0,0,71,4,0,0,0,0,0,0,11,0,3,0,0,0,0,0,3,0,12,3,8,0,0,0,26,8,12,9,6,0,0,0,36,3,40,59,69,39,6,0,219,72,45,48,50,40,15,0,270,5,0,9,0,0,0,0,15,695,1503,1419,1157,788,163,10,5731,3,3,0,0,0,0,0,11,10,6,5,10,5,0,0,29,0,0,0,0,0,0,0,0,0,0,0,0,0,0,0,0,4,6,0,3,0,0,0,13,207,370,368,391,231,24,0,1599,106,31,30,28,12,0,0,211,0,0,0,0,0,0,0,0,0,0,0,0,0,0,0,0,0,0,0,0,0,0,0,0,3,5,0,0,0,0,0,11,3,0,0,3,0,0,0,15,340,426,413,427,256,23,0,1887,4,0,3,0,0,0,0,14
210051545,4,0,0,0,0,0,0,4,0,0,3,4,0,0,0,6,4,0,3,4,0,0,0,8,0,0,0,0,0,0,0,0,0,0,0,0,0,0,0,0,0,0,0,0,0,0,0,5,0,0,0,0,0,0,0,5,0,17,21,20,8,0,0,68,7,9,9,12,0,0,0,45,0,0,0,0,0,0,0,5,88,98,111,98,52,9,0,461,0,0,0,0,0,0,0,3,0,4,0,0,0,0,0,4,0,0,0,0,0,0,0,0,0,0,0,0,0,0,0,0,0,0,0,0,0,0,0,0,30,62,74,64,25,10,0,259,29,6,4,3,0,0,0,41,0,0,0,0,0,0,0,0,0,0,0,0,0,0,0,0,0,0,0,0,0,0,0,0,0,0,0,0,0,0,0,0,0,0,6,0,0,0,0,8,59,65,78,64,32,10,0,314,0,0,0,0,0,0,0,0
211011251,0,0,0,0,0,0,0,5,13,17,8,6,12,0,0,53,26,34,20,21,19,0,0,119,3,0,3,0,0,0,0,11,0,0,0,0,0,0,0,0,0,3,5,0,0,0,0,18,6,7,12,5,0,0,0,25,25,165,308,265,174,51,15,997,113,83,57,74,75,33,9,444,5,4,12,4,5,6,3,30,989,1941,1984,1918,1598,435,73,8930,6,5,5,5,0,0,0,18,8,4,0,3,0,0,0,20,0,0,0,0,0,0,0,0,0,4,0,0,0,0,0,4,0,3,0,0,0,0,0,7,263,500,559,669,617,108,7,2725,75,55,34,42,46,13,0,254,0,0,0,0,0,0,0,0,0,0,0,3,3,0,0,0,0,0,0,0,5,0,0,4,0,5,0,6,0,0,0,10,5,9,5,12,4,4,0,42,366,576,608,736,675,123,8,3097,4,3,4,0,0,0,0,18
211011254,5,5,0,0,0,0,0,8,13,19,14,12,3,0,0,59,23,33,19,14,5,0,0,102,6,9,5,0,0,0,0,9,0,3,0,0,0,0,0,6,6,3,0,0,0,0,0,18,7,13,5,0,0,0,0,27,76,424,641,628,332,74,8,2186,165,91,82,87,98,39,4,564,0,9,5,6,4,0,4,29,1111,2237,2507,2557,1876,437,47,10776,6,3,3,0,0,0,0,16,12,10,4,0,6,0,0,28,0,0,0,0,0,0,0,0,0,0,0,0,0,0,0,0,7,3,0,0,0,0,0,10,357,688,762,793,619,124,8,3351,103,46,37,39,34,5,0,268,3,0,4,0,0,0,0,7,0,0,0,0,0,0,0,3,0,0,0,0,0,0,0,0,5,4,3,3,0,0,0,17,5,8,4,10,5,0,0,32,490,763,823,852,666,132,8,3731,0,15,0,0,0,0,0,21
211011255,0,0,0,0,0,0,0,0,0,0,0,0,0,0,0,6,0,0,0,0,0,0,0,6,0,0,0,0,0,0,0,0,0,0,0,0,0,0,0,0,0,0,0,0,0,0,0,4,0,0,0,0,0,0,0,4,4,6,19,30,25,12,5,106,7,4,9,0,9,0,0,29,0,0,0,0,0,0,0,0,62,62,83,83,85,24,0,402,0,0,0,0,0,0,0,0,0,0,0,0,0,0,0,5,0,0,0,0,0,0,0,0,0,0,0,0,0,0,0,0,0,0,0,0,0,0,0,0,7,22,27,12,17,3,0,85,10,3,0,0,0,0,0,12,0,0,0,0,0,0,0,0,0,0,0,0,0,0,0,0,0,0,0,0,0,0,0,0,0,0,0,0,0,0,0,0,5,0,0,0,0,0,0,0,20,23,29,12,16,9,0,111,0,0,0,0,0,0,0,0
211011256,6,0,0,0,0,0,0,11,8,6,4,0,0,0,0,19,14,7,10,0,0,0,0,37,0,0,0,0,0,0,0,0,0,0,0,0,0,0,0,0,0,4,0,0,0,0,0,3,0,0,0,0,0,0,0,8,18,118,195,142,143,31,3,645,112,42,28,28,31,20,0,256,0,0,0,0,3,0,0,5,530,641,685,555,505,119,9,3042,0,0,0,0,0,0,0,0,14,8,4,5,0,0,0,38,0,0,0,0,0,0,0,0,0,0,0,0,0,0,0,0,3,4,3,0,0,0,0,5,221,280,300,356,237,49,0,1442,116,11,11,14,14,3,0,169,0,0,0,0,0,0,0,0,0,0,0,0,0,0,0,0,0,0,0,0,0,0,0,0,0,0,0,0,5,0,0,9,11,0,0,5,4,4,0,29,366,307,322,379,264,56,0,1692,0,3,4,0,0,0,0,5
211011257,0,3,0,0,0,0,0,3,3,4,0,0,0,0,0,14,7,8,0,0,0,0,0,15,0,0,0,0,0,0,0,0,0,0,0,0,0,0,0,0,3,0,0,0,0,0,0,4,3,0,0,0,0,0,0,6,20,61,88,96,68,10,0,348,39,13,14,15,25,6,0,115,0,0,0,0,3,5,0,5,286,449,474,474,395,77,7,2162,0,0,0,0,0,0,0,0,0,0,0,0,0,0,0,3,0,0,0,0,0,0,0,0,0,0,0,0,0,0,0,0,0,0,0,0,0,0,0,0,38,101,114,142,87,21,0,498,20,5,4,6,13,0,0,57,0,0,0,0,0,0,0,3,0,0,0,0,0,0,0,0,0,0,0,0,0,0,0,0,0,0,0,0,0,0,0,0,0,0,0,0,5,0,0,4,72,111,117,146,103,23,0,569,4,0,0,0,0,0,0,4
211011258,0,0,0,0,0,0,0,0,0,5,6,0,0,0,0,10,0,5,8,0,0,0,0,13,0,0,0,0,0,0,0,0,0,0,0,0,0,0,0,0,3,4,0,0,0,0,0,7,9,4,0,0,0,0,0,6,10,39,77,73,58,23,7,273,24,8,13,18,16,0,6,82,0,0,0,7,0,0,0,6,193,279,328,312,255,61,8,1437,0,0,0,0,0,0,0,0,0,0,0,0,0,0,0,4,0,0,0,0,0,0,0,0,0,0,0,0,0,0,0,0,0,0,0,0,0,0,0,3,80,111,95,136,109,15,0,548,22,10,5,3,4,0,0,44,0,0,0,0,0,0,0,0,0,0,0,0,0,0,0,0,0,0,0,0,0,0,0,0,0,0,0,0,0,0,0,5,0,0,0,0,4,0,0,11,108,122,106,142,115,15,0,610,0,0,0,0,0,0,0,0
211011259,0,0,0,0,0,0,0,5,6,0,0,0,0,0,0,6,6,4,0,3,4,0,0,18,0,0,0,0,0,0,0,0,0,0,0,0,0,0,0,0,0,0,5,0,0,0,0,0,0,0,5,0,0,0,0,7,15,47,70,69,69,29,9,300,68,27,18,10,28,12,9,169,0,3,3,5,4,0,0,12,290,337,290,309,278,107,16,1627,0,0,0,0,0,0,0,0,9,4,0,4,6,0,0,28,0,0,0,0,0,0,0,0,0,0,0,0,0,0,0,0,0,0,0,0,0,0,0,0,210,418,362,455,370,87,0,1899,72,17,10,12,9,3,0,123,0,0,0,0,0,0,0,0,0,0,0,0,0,0,0,0,0,5,0,4,0,0,0,7,0,0,0,0,0,0,0,6,5,7,3,6,10,0,0,36,300,454,380,482,393,97,0,2108,6,0,0,0,0,0,0,8
211011260,7,5,0,0,6,0,0,14,9,3,3,0,0,0,0,14,15,11,4,3,5,0,0,40,0,5,0,0,0,0,0,4,0,0,0,0,0,0,0,0,0,0,3,0,0,0,0,8,4,5,3,0,0,0,0,6,43,114,168,164,125,58,14,701,215,66,40,47,40,20,3,439,0,7,4,4,3,0,0,15,653,659,558,540,470,164,28,3068,0,0,0,0,0,0,0,6,52,17,11,5,9,5,0,94,0,0,0,0,0,0,0,0,0,0,0,0,0,0,0,0,0,3,0,0,0,0,0,7,390,493,439,529,393,77,4,2318,150,22,17,26,13,3,0,232,0,0,0,0,0,0,0,0,0,0,0,0,0,0,0,0,0,0,5,0,0,0,0,10,0,4,4,7,6,4,0,22,19,6,5,7,6,4,0,53,614,541,479,581,434,89,4,2743,12,8,0,0,0,0,0,19
211011446,3,0,0,0,0,0,0,4,12,5,0,5,3,0,0,27,15,14,3,5,12,0,0,40,3,0,0,0,0,0,0,6,0,0,0,0,0,0,0,0,0,3,4,0,0,0,0,13,8,3,4,0,0,0,0,15,18,73,104,101,81,47,8,439,127,57,39,48,39,23,0,331,0,3,7,4,0,0,0,18,553,767,669,668,537,218,21,3430,7,14,4,0,0,0,0,29,10,8,0,0,6,0,0,25,0,0,0,0,0,0,0,0,0,0,0,0,0,0,0,0,0,3,0,0,0,0,0,6,263,384,379,472,367,90,5,1961,114,25,9,16,16,5,0,191,0,0,0,0,0,0,0,0,0,0,0,0,0,0,0,0,0,3,0,0,0,0,0,5,0,0,0,6,0,0,0,9,14,13,9,5,14,0,0,52,409,445,406,506,407,101,5,2280,4,3,5,4,0,0,0,10
211011447,0,0,0,0,0,0,0,4,0,0,0,3,0,0,0,3,0,0,0,3,0,0,0,10,0,0,0,0,0,0,0,3,0,0,0,0,0,0,0,0,0,0,0,0,0,0,0,0,4,0,4,0,0,0,0,3,9,40,49,43,41,12,5,198,25,22,9,7,8,4,3,83,0,3,0,0,0,0,0,3,178,253,206,243,187,69,19,1153,0,0,0,0,0,0,0,8,4,0,0,0,0,0,0,8,0,0,0,0,0,0,0,0,0,0,0,0,0,0,0,0,0,0,0,0,0,0,0,6,141,198,188,213,152,28,0,920,36,11,3,6,10,3,0,74,0,0,0,0,0,0,0,0,0,0,0,0,0,0,0,0,0,0,0,0,0,0,0,0,0,0,0,0,0,0,0,3,0,0,6,0,5,0,0,12,194,218,197,218,174,34,0,1035,0,0,0,0,0,0,0,0
211011448,3,4,0,0,0,0,0,8,0,5,0,0,0,0,0,15,8,6,5,4,4,0,0,31,0,0,3,0,0,0,0,3,0,0,0,0,0,0,0,0,0,0,0,3,0,0,0,9,0,0,5,3,0,0,0,12,16,42,56,58,55,25,4,243,124,37,32,29,27,30,5,285,0,0,0,0,0,0,0,0,547,566,470,486,418,147,19,2650,3,5,0,0,3,0,0,15,7,4,4,0,0,0,0,15,0,0,0,0,0,0,0,0,0,0,0,0,0,0,0,0,0,0,0,0,0,0,0,3,203,370,342,425,334,63,9,1749,82,12,3,11,10,11,0,131,0,0,0,0,0,0,0,0,0,0,0,0,0,0,0,0,0,0,0,0,0,0,0,0,0,4,3,0,3,6,0,15,3,6,0,8,9,3,0,35,307,401,359,453,356,77,9,1963,0,3,0,8,0,0,0,9
211011449,0,0,0,0,0,0,0,0,0,0,0,0,0,0,0,0,0,0,0,0,0,0,0,0,0,0,0,0,0,0,0,0,0,0,0,0,0,0,0,0,0,0,0,0,0,0,0,0,0,0,0,0,0,0,0,0,0,8,16,14,10,8,0,57,0,4,6,0,7,0,0,22,0,0,0,0,0,0,0,0,34,36,68,55,38,18,5,257,3,0,0,0,0,0,0,3,0,0,0,0,0,0,0,0,0,0,0,0,0,0,0,0,0,0,0,0,0,0,0,0,0,0,0,0,0,0,0,0,17,27,29,37,24,4,0,138,9,0,0,0,4,0,0,8,0,0,0,0,0,0,0,0,0,0,0,0,0,0,0,0,0,0,0,0,0,0,0,0,0,0,0,0,0,0,0,0,0,0,0,0,3,0,0,8,28,36,29,32,29,4,0,160,0,0,0,0,0,0,0,0
211021261,0,0,0,0,4,0,0,4,0,0,0,0,0,0,0,4,0,0,4,0,0,0,0,12,0,0,0,0,0,0,0,0,0,0,0,0,0,0,0,0,0,0,0,0,0,0,0,0,0,0,0,0,0,0,0,0,15,62,96,132,111,68,22,503,35,12,10,13,21,11,0,111,0,4,3,0,0,0,0,3,140,224,220,266,258,106,27,1249,4,3,4,0,0,0,0,13,4,9,4,0,0,0,0,11,0,0,0,0,0,0,0,0,0,0,0,0,0,0,0,0,0,0,0,0,0,0,0,0,47,141,126,161,134,26,8,650,20,12,8,3,0,3,0,48,0,0,0,0,0,0,0,0,0,0,0,0,0,0,0,0,0,0,0,0,0,0,0,0,0,0,3,5,0,0,0,9,4,0,0,3,4,0,0,18,79,162,146,178,142,33,7,751,3,4,0,0,0,0,0,9
211021262,0,0,0,0,0,0,0,0,3,5,0,0,3,0,0,10,3,5,0,0,3,0,0,10,0,0,0,0,0,0,0,0,0,0,0,0,0,0,0,0,0,0,0,0,0,0,0,0,0,0,0,0,0,0,0,4,16,16,39,86,90,54,16,315,63,20,7,16,17,16,0,140,0,0,0,0,0,0,0,3,213,158,153,233,220,94,24,1099,0,0,0,0,0,0,0,0,6,0,5,0,0,0,0,9,0,0,0,0,0,0,0,0,0,0,0,0,0,0,0,0,0,0,0,0,0,0,0,0,110,92,86,149,128,21,0,579,36,6,5,0,3,0,0,48,0,0,0,0,0,0,0,0,0,0,0,0,0,0,0,0,0,0,0,0,0,0,0,0,0,0,3,0,3,0,0,4,6,0,0,12,5,5,3,32,158,101,92,162,141,25,3,682,0,0,0,0,0,0,0,0
211031263,0,0,0,0,0,0,0,5,14,15,9,8,5,0,0,50,19,16,13,16,10,0,0,81,0,5,3,0,0,0,0,7,0,0,0,0,0,0,0,0,8,3,3,0,0,0,0,22,9,8,8,0,0,0,0,26,18,102,154,155,108,26,3,570,128,56,47,54,52,14,3,360,0,9,6,9,3,0,0,25,902,1466,1460,1452,1190,285,37,6782,0,3,4,0,0,0,0,9,11,8,3,7,0,0,0,28,0,0,0,0,0,0,0,0,0,0,0,0,0,0,0,0,0,3,0,0,0,0,0,11,268,316,345,431,347,76,7,1794,101,24,17,30,20,11,0,192,0,0,0,0,0,0,0,0,0,0,0,0,0,0,0,0,0,0,0,3,0,0,0,4,0,3,0,3,0,0,0,4,0,0,8,0,0,0,0,11,382,366,371,474,365,85,7,2055,7,3,4,0,0,0,0,10
211031265,0,0,0,0,0,0,0,0,0,0,0,0,0,0,0,0,0,0,0,0,0,0,0,7,0,0,0,0,0,0,0,0,0,0,0,0,0,0,0,0,0,0,0,0,0,0,0,3,0,0,0,0,0,0,0,6,12,31,51,88,91,41,9,312,19,11,13,8,10,11,5,70,0,0,0,0,0,0,0,5,129,154,173,193,179,78,11,916,0,0,0,0,0,0,0,0,0,3,0,0,0,0,0,3,0,0,0,0,0,0,0,0,0,0,0,0,0,0,0,0,0,0,0,0,0,0,0,0,62,122,118,133,113,20,4,576,15,10,0,0,9,4,0,38,0,0,0,0,0,0,0,0,0,0,0,0,0,0,0,0,0,0,0,0,0,0,0,0,0,0,0,0,0,0,0,3,5,0,0,9,4,9,0,26,86,135,125,144,127,25,7,652,0,0,0,0,0,0,0,3
211031266,11,5,0,0,0,0,0,13,11,11,12,7,4,3,0,40,46,31,13,18,5,4,0,124,6,11,0,0,0,0,0,20,0,0,0,0,0,0,0,0,3,4,3,0,0,0,0,13,17,12,4,6,0,0,0,37,42,211,277,270,187,60,9,1058,411,119,100,77,90,42,8,847,3,10,9,11,0,0,3,38,1479,1674,1502,1337,1036,306,35,7370,49,39,18,8,9,0,0,122,44,20,10,6,9,0,0,87,0,0,0,0,0,0,0,0,0,0,0,0,0,0,0,0,0,7,0,3,0,0,0,10,772,843,717,875,717,141,18,4080,244,47,26,25,27,10,6,379,0,0,0,0,0,0,0,0,5,0,0,0,0,0,0,5,0,0,0,0,3,0,0,6,9,4,5,8,7,0,0,27,40,30,17,20,19,0,0,133,1161,992,789,948,787,161,18,4855,26,17,10,4,4,0,0,63
211031267,0,0,0,0,0,0,0,4,0,4,0,3,3,0,0,12,5,9,3,3,6,0,0,23,0,0,0,0,0,0,0,0,0,0,0,0,0,0,0,0,0,3,4,0,3,0,0,15,0,8,4,0,3,0,0,12,12,56,117,116,97,50,13,463,74,37,29,27,34,28,3,230,3,0,6,0,0,6,0,14,307,480,514,448,411,153,24,2346,8,4,3,0,0,0,0,20,8,4,3,7,0,0,0,22,0,0,0,0,0,0,0,0,0,0,0,0,0,0,0,0,5,0,3,0,0,0,0,14,271,513,491,563,473,81,8,2403,69,32,27,13,19,12,0,160,0,0,0,0,0,0,0,0,0,0,0,0,0,0,0,0,0,0,0,0,0,0,0,4,0,0,0,0,0,0,0,7,11,7,10,7,20,9,0,59,372,569,541,596,507,95,6,2692,7,3,5,3,0,0,0,15
211031268,0,0,0,0,0,0,0,0,0,0,0,0,0,0,0,3,3,0,0,0,0,0,0,8,0,0,0,0,0,0,0,0,0,0,0,0,0,0,0,0,0,0,0,0,0,0,0,0,0,0,0,0,0,0,0,0,8,15,35,42,38,43,8,185,26,8,10,10,12,7,0,63,0,6,0,0,0,0,0,3,110,88,112,120,104,57,10,598,0,0,0,0,0,0,0,0,0,0,0,0,0,0,0,0,0,0,0,0,0,0,0,0,0,0,0,0,0,0,0,0,0,0,0,0,0,0,0,0,71,77,74,84,73,15,0,395,26,0,3,3,7,0,0,44,0,0,0,0,0,0,0,0,0,0,0,0,0,0,0,0,0,0,0,0,0,0,0,0,0,0,0,0,0,0,0,5,0,0,6,7,0,0,0,11,98,88,82,93,83,13,0,462,5,4,0,0,0,0,0,8
211031450,0,0,0,0,0,0,0,0,6,3,0,0,3,0,0,18,14,8,6,3,5,0,0,33,0,0,0,0,0,0,0,0,0,0,0,0,0,0,0,0,0,0,0,0,0,0,0,0,0,0,0,0,0,0,0,8,12,47,66,58,45,17,4,250,71,29,38,16,32,12,0,200,4,0,0,0,0,0,0,6,293,437,416,385,349,124,25,2033,8,6,0,4,3,0,0,23,7,0,0,0,0,0,0,13,0,0,0,0,0,0,0,0,0,0,0,0,0,0,0,0,0,0,0,0,0,0,0,0,171,262,255,258,216,51,3,1219,33,10,11,13,6,0,0,69,0,0,0,0,0,0,0,0,0,0,0,0,0,0,0,0,0,0,0,0,0,0,0,4,0,0,0,0,0,0,0,5,9,7,9,11,5,3,0,39,224,288,272,285,232,63,3,1363,0,3,0,0,0,0,0,4
211031451,0,0,0,0,0,0,0,0,0,0,0,0,0,0,0,5,8,3,0,0,0,0,0,13,0,0,0,0,0,0,0,0,0,0,0,0,0,0,0,0,0,0,0,0,0,0,0,6,0,0,0,0,0,0,0,5,9,32,53,58,52,22,11,233,75,20,22,20,12,9,0,158,0,5,3,0,0,0,0,7,326,252,220,246,197,64,17,1330,7,6,0,0,0,0,0,13,7,0,0,0,0,0,0,11,0,0,0,0,0,0,0,0,0,0,0,0,0,0,0,0,0,0,0,0,0,0,0,0,196,218,194,250,185,45,0,1083,88,5,7,7,6,0,0,114,0,0,0,0,0,0,0,3,0,0,0,0,0,0,0,0,0,0,0,0,0,0,0,0,0,4,0,0,0,0,0,3,8,9,6,4,12,7,0,39,302,241,211,263,203,47,0,1265,3,4,0,0,0,0,0,12
211031452,0,0,0,0,0,0,0,0,0,3,0,0,4,0,0,12,9,9,3,4,5,0,0,24,0,0,0,0,0,0,0,0,0,0,0,0,0,0,0,0,4,0,0,0,0,0,0,3,4,4,0,0,0,0,0,6,6,42,58,65,35,13,4,222,27,7,5,11,11,13,0,72,0,0,0,0,0,0,0,0,237,380,351,394,298,82,16,1753,0,6,0,0,0,0,0,7,3,3,3,0,0,0,0,6,0,0,0,0,0,0,0,0,0,0,0,0,0,0,0,0,0,0,0,0,0,0,0,5,75,123,120,136,106,21,0,581,21,8,7,4,6,9,0,58,0,0,0,0,0,0,0,0,0,0,0,0,0,0,0,0,0,0,0,0,0,0,0,0,0,0,0,0,0,0,0,0,4,0,5,0,0,0,0,8,105,149,132,143,116,26,0,670,0,6,0,0,0,0,0,4
211041269,0,0,0,0,0,0,0,3,4,0,3,0,3,0,0,11,11,8,3,0,3,0,0,27,5,0,0,0,0,0,0,5,0,0,0,0,0,0,0,3,0,0,0,0,0,0,0,3,3,3,0,0,0,0,0,13,13,78,176,183,118,25,8,609,149,26,28,24,28,7,3,263,0,0,0,0,0,0,0,7,436,380,447,414,315,84,21,2093,0,0,0,0,0,0,0,8,23,18,5,3,5,3,0,55,0,0,0,0,0,0,0,0,0,0,0,0,0,0,0,0,0,0,0,0,0,0,0,4,192,308,325,393,296,81,6,1605,96,16,12,13,13,3,0,145,0,0,0,0,0,0,0,0,0,0,0,0,0,0,0,0,0,0,0,0,0,0,0,4,0,0,4,0,0,0,0,8,21,10,3,10,5,6,0,56,341,349,349,420,319,93,6,1880,0,3,3,3,0,0,0,10
211041270,4,4,6,0,0,0,0,11,0,3,4,4,3,7,0,21,11,20,9,11,3,3,0,58,3,0,0,0,0,0,0,7,0,0,0,0,0,0,0,0,3,3,0,0,0,0,0,13,4,5,3,0,4,0,0,20,57,232,322,219,132,62,13,1033,81,36,29,37,47,13,6,256,3,3,5,0,0,4,0,20,514,821,861,733,608,206,34,3780,12,13,10,9,0,0,0,33,9,8,3,0,3,0,0,20,0,0,0,0,0,0,0,0,3,4,0,0,0,0,0,3,0,0,0,0,0,0,0,0,152,325,347,413,291,78,0,1606,44,24,17,28,26,5,0,139,0,0,0,0,0,0,0,0,0,0,0,0,0,0,0,0,0,0,0,4,0,0,0,3,0,0,0,5,0,0,0,4,6,7,10,14,8,5,0,44,215,380,381,469,333,93,3,1862,7,4,3,0,0,0,0,12
211041271,0,4,0,0,0,0,0,5,4,8,8,0,0,0,0,17,14,15,18,10,5,0,0,63,0,0,0,0,0,0,0,3,0,0,0,0,0,0,0,0,0,5,5,0,0,0,0,4,4,3,4,0,0,0,0,10,32,106,213,176,103,36,7,674,129,78,59,49,69,27,4,403,4,6,3,5,0,0,0,19,576,850,886,862,668,236,23,4099,9,22,5,5,3,0,0,39,9,12,7,0,0,3,0,27,0,0,0,0,0,0,0,0,0,0,0,0,0,0,0,0,0,5,0,0,3,0,0,7,170,284,272,412,288,70,6,1506,63,20,19,16,22,10,0,139,0,0,0,0,0,0,0,0,0,0,0,0,0,0,0,0,0,0,0,0,0,0,0,0,0,0,3,3,5,0,0,17,9,7,5,5,7,0,0,37,260,350,312,446,332,79,8,1777,5,4,0,0,5,0,0,14
211041272,0,0,0,0,0,0,0,0,0,0,0,0,0,0,0,5,3,7,0,0,5,0,0,12,0,0,0,0,0,0,0,3,0,0,0,0,0,0,0,0,0,0,0,0,0,0,0,0,0,0,0,6,0,0,0,3,11,52,81,79,52,29,9,309,24,12,18,9,16,12,3,94,4,0,0,0,0,0,0,4,174,310,309,313,247,91,18,1447,0,3,0,0,0,0,0,8,0,3,0,0,0,0,0,5,0,0,0,0,0,0,0,0,0,0,0,0,0,0,0,0,0,0,0,0,0,0,0,0,70,119,152,173,123,22,0,660,8,12,8,4,7,0,0,46,0,0,0,0,0,0,0,0,0,0,0,0,0,0,0,0,0,0,0,0,0,0,0,0,0,0,4,0,0,0,0,4,4,0,5,4,4,0,0,21,88,136,170,187,142,24,3,754,4,0,0,0,0,0,0,0
211041273,0,0,0,0,0,0,0,3,0,0,0,0,3,0,0,6,4,0,3,0,3,0,0,13,0,0,0,0,0,0,0,3,3,0,0,0,0,0,0,3,0,0,3,0,0,0,0,4,5,0,3,0,0,0,0,9,10,28,52,58,47,28,7,236,59,25,14,19,10,11,3,138,0,0,0,0,0,0,0,3,245,185,192,194,138,87,18,1061,0,7,0,0,0,0,0,7,8,10,5,0,0,0,0,25,0,0,0,0,0,0,0,0,3,7,0,0,0,0,0,6,3,4,0,0,0,0,0,6,111,148,183,186,174,29,5,834,37,16,4,4,5,3,0,73,0,0,0,0,0,0,0,0,0,0,0,0,0,0,0,0,0,0,0,0,0,0,0,0,0,0,4,0,0,0,0,10,8,0,0,0,0,0,0,8,164,186,195,200,183,37,4,962,0,0,0,0,0,0,0,3
211051274,0,0,0,0,0,0,0,0,4,3,4,3,0,0,0,11,4,4,3,3,0,0,0,11,0,0,0,0,0,0,0,0,0,0,0,0,0,0,0,0,0,0,0,0,0,0,0,0,0,0,0,0,0,0,0,0,10,35,54,63,50,31,9,245,41,18,23,10,17,14,0,125,0,0,0,0,0,0,0,0,165,198,214,212,175,81,8,1058,7,3,4,0,0,0,0,12,0,0,0,0,0,0,0,0,0,0,0,0,0,0,0,0,0,0,0,0,0,0,0,0,0,0,0,0,0,0,0,0,87,104,111,135,101,28,0,566,25,3,8,4,3,0,0,41,0,0,0,0,0,0,0,0,0,0,0,0,0,0,0,0,0,0,0,0,0,0,0,0,0,0,0,0,0,0,0,3,10,0,3,6,8,0,0,35,127,112,125,152,109,29,0,661,4,0,0,0,0,0,0,5
211051275,6,0,0,0,0,0,0,4,5,3,5,0,0,0,0,10,13,6,4,0,0,0,0,26,0,0,0,0,0,0,0,0,0,0,0,0,0,0,0,0,0,3,0,0,0,0,0,6,0,3,0,0,0,0,0,6,7,35,61,64,43,25,3,236,150,36,35,20,23,12,6,284,0,3,0,0,0,0,0,13,544,380,300,294,262,89,20,1886,0,0,0,0,0,0,0,5,18,5,3,0,0,0,0,25,0,0,0,0,0,0,0,0,0,0,0,0,0,0,0,0,0,0,0,0,0,0,0,0,241,207,187,254,191,31,4,1119,118,14,8,3,4,0,0,148,0,0,0,0,0,0,0,0,0,0,0,0,0,0,0,0,0,0,0,0,0,0,0,0,0,0,0,0,0,0,0,4,6,0,6,0,7,4,0,19,385,232,201,265,203,33,0,1319,0,8,0,0,0,0,0,9
211051276,3,0,0,0,0,0,0,3,4,0,3,0,0,3,0,16,8,0,3,0,0,3,0,17,0,0,0,0,0,0,0,0,0,0,0,0,0,0,0,0,0,0,0,0,0,0,0,0,4,0,0,0,0,0,0,4,11,34,51,80,75,47,22,319,103,40,45,46,44,20,4,302,0,0,0,4,3,5,0,17,352,421,360,391,374,145,34,2085,0,0,0,0,0,0,0,0,3,0,0,0,0,0,0,3,0,0,0,0,0,0,0,0,0,0,0,0,0,0,0,0,0,0,0,0,0,0,0,0,209,284,270,306,276,50,4,1390,71,7,4,3,3,4,0,94,0,0,0,0,0,0,0,3,0,0,0,0,0,0,0,0,0,0,0,0,0,0,0,4,0,0,4,0,0,0,0,8,21,11,7,13,21,4,0,89,301,305,289,334,301,59,4,1598,0,0,0,0,0,0,0,4
211051277,0,0,0,0,0,0,0,4,3,3,0,3,4,0,0,13,9,7,8,3,5,0,0,24,0,0,0,0,0,0,0,3,0,0,0,0,0,0,0,0,0,0,0,0,0,0,0,0,0,0,0,0,0,0,0,3,7,28,63,64,50,10,4,227,51,20,21,28,19,9,6,148,0,0,6,0,5,0,0,10,366,562,589,663,486,110,15,2784,0,0,0,0,0,0,0,0,0,0,0,0,0,0,0,8,0,0,0,0,0,0,0,0,0,0,0,0,0,0,0,0,0,0,0,0,0,0,0,0,170,200,193,214,150,36,0,964,32,12,4,11,9,0,0,71,0,0,0,0,0,0,0,0,0,0,0,0,0,0,0,0,0,0,0,0,0,0,0,0,0,0,0,0,0,0,0,4,3,0,0,3,8,0,0,17,215,213,203,227,164,44,0,1060,0,4,0,0,0,0,0,7
211051278,0,0,0,0,0,0,0,4,10,11,4,8,3,0,0,25,15,12,7,7,6,4,0,47,0,4,0,0,0,0,0,9,0,0,0,0,0,0,0,0,0,0,0,0,0,0,0,4,3,8,0,0,0,0,0,13,30,123,137,136,140,67,10,637,207,76,62,68,80,42,0,532,3,0,6,3,0,0,0,16,931,1021,961,978,909,298,28,5131,4,14,6,4,3,0,0,28,4,0,0,0,9,0,0,15,0,0,0,0,0,0,0,0,0,0,0,0,0,0,0,0,0,0,3,0,0,0,0,4,409,501,512,604,471,96,4,2597,160,29,16,21,14,4,0,240,0,0,0,0,0,0,0,3,0,0,0,0,3,0,0,0,0,0,0,0,0,0,0,0,0,0,7,0,0,0,0,14,7,4,7,13,7,4,0,48,582,548,554,641,504,110,3,2945,8,0,0,0,0,0,0,7
211051279,0,0,0,0,0,0,0,0,0,0,0,0,0,0,0,5,3,0,0,0,0,0,0,8,0,0,0,0,0,0,0,0,0,0,0,0,0,0,0,0,0,0,0,0,0,0,0,0,0,0,0,0,0,0,0,0,4,19,24,51,44,27,0,168,32,9,7,12,14,7,0,81,0,0,3,0,0,3,0,4,185,218,208,244,206,97,19,1165,0,0,0,0,0,0,0,0,0,0,4,0,0,0,0,7,0,0,0,0,0,0,0,0,0,0,0,0,0,0,0,0,0,0,0,0,0,0,0,0,71,95,115,159,100,25,3,570,29,13,5,3,0,0,0,56,0,0,0,0,0,0,0,0,0,0,0,0,0,0,0,4,0,0,0,0,0,0,0,0,0,0,0,0,0,0,0,0,4,5,9,11,3,4,0,40,102,117,131,172,111,29,4,671,0,0,0,0,0,0,0,0
211051280,0,0,0,0,0,0,0,0,0,0,0,0,0,0,0,0,0,0,0,0,0,0,0,0,0,0,0,0,0,0,0,0,0,0,0,0,0,0,0,0,0,0,0,0,0,0,0,0,0,0,0,0,0,0,0,0,5,7,27,19,27,17,3,109,20,4,3,6,5,0,0,50,0,0,0,0,0,0,0,0,83,125,137,130,127,42,10,658,0,0,0,0,0,0,0,0,0,0,0,0,0,0,0,6,0,0,0,0,0,0,0,0,0,0,0,0,0,0,0,0,0,0,0,0,0,0,0,0,42,83,83,93,85,13,0,393,13,5,0,0,0,0,0,22,0,0,0,0,0,0,0,0,0,0,0,0,0,0,0,0,0,0,0,0,0,0,0,0,0,0,0,0,0,0,0,0,0,0,4,0,0,0,0,8,52,90,86,92,90,13,0,425,0,3,0,0,0,0,0,4
211051281,0,0,0,0,0,0,0,0,3,4,0,4,0,0,0,9,3,4,0,4,0,0,0,9,5,0,0,0,0,0,0,5,0,0,0,0,0,0,0,0,0,0,0,0,0,0,0,3,4,0,0,0,0,0,0,4,11,57,74,72,50,32,12,311,87,24,22,27,27,13,4,202,0,0,4,0,0,3,0,6,335,345,308,263,225,110,20,1594,0,0,0,0,0,0,0,8,0,0,0,0,0,0,0,3,0,0,0,0,0,0,0,0,0,0,0,0,0,0,0,0,0,0,0,0,0,0,0,4,149,215,257,306,215,56,0,1208,87,10,7,8,8,3,0,125,0,0,0,0,0,0,0,0,0,0,0,0,0,0,0,0,0,0,0,0,0,0,0,0,0,3,0,0,0,0,0,8,12,8,5,0,7,0,0,41,263,243,278,318,233,54,6,1394,0,5,0,0,0,0,0,8
211051282,0,0,0,0,0,0,0,0,0,0,0,0,0,0,0,0,0,0,3,0,0,0,0,7,0,0,0,0,0,0,0,0,0,0,0,0,0,0,0,0,0,0,0,0,0,0,0,0,0,0,0,0,0,0,0,0,6,20,41,63,62,40,13,250,59,15,13,16,15,9,5,130,6,0,0,0,0,0,0,9,188,138,152,174,164,95,28,938,0,0,0,0,0,0,0,0,3,0,0,0,0,0,0,5,0,0,0,0,0,0,0,0,0,0,0,0,0,0,0,0,0,0,0,0,0,0,0,0,70,64,77,111,73,24,0,430,28,3,7,0,6,0,0,46,0,0,0,0,0,0,0,0,0,0,0,0,0,0,0,0,0,0,0,0,0,0,0,0,0,0,0,0,0,0,0,0,12,0,6,5,0,6,0,32,112,76,91,120,84,33,0,514,0,0,0,0,0,0,0,0
211051283,0,0,0,0,0,0,0,7,0,0,3,0,0,0,0,7,4,0,3,0,3,0,0,14,0,0,0,0,0,0,0,0,0,0,0,0,0,0,0,0,0,0,3,0,0,0,0,3,0,0,0,0,0,0,0,8,6,24,43,24,31,28,5,156,39,16,9,12,16,0,0,96,0,0,0,0,0,0,0,3,223,224,202,152,167,61,9,1037,0,0,0,0,0,0,0,0,0,0,0,0,0,0,0,5,0,0,0,0,0,0,0,0,0,0,0,0,0,0,0,0,0,0,0,0,0,0,0,5,95,122,121,157,110,19,4,622,36,9,3,13,4,0,0,64,0,0,0,0,0,0,0,0,0,0,0,0,0,0,0,0,0,0,0,0,0,0,0,0,0,0,6,4,0,0,0,9,12,0,0,5,4,0,0,25,146,131,133,178,118,18,3,726,0,3,0,0,0,0,0,5
211051284,0,0,0,0,0,0,0,0,0,0,0,0,0,0,0,6,3,0,5,3,0,0,0,11,0,0,0,0,0,0,0,0,0,0,0,0,0,0,0,0,0,0,0,0,0,0,0,0,0,0,0,0,0,0,0,0,12,24,39,38,47,20,4,186,29,12,16,13,13,5,0,84,5,0,0,0,0,0,0,3,130,118,125,139,127,44,11,699,0,0,0,0,0,0,0,8,4,0,0,0,0,0,0,4,0,0,0,0,0,0,0,0,0,0,0,0,0,0,0,0,0,0,0,0,0,0,0,0,74,88,104,131,95,14,0,508,37,0,3,0,0,0,0,45,0,0,0,0,0,0,0,0,0,0,0,0,0,0,0,0,0,0,0,0,0,0,0,0,0,0,0,4,0,0,0,4,12,4,0,7,3,3,0,28,127,97,109,142,105,22,0,602,0,0,0,0,0,0,0,0
211051285,0,0,0,0,0,0,0,0,0,8,3,0,0,0,0,10,7,8,3,0,0,0,0,10,0,0,0,0,0,0,0,0,0,0,0,0,0,0,0,0,0,0,0,0,0,0,0,0,0,0,0,0,0,0,0,0,10,10,25,48,39,29,7,166,24,12,3,6,12,6,0,63,0,0,8,0,0,0,0,9,190,186,162,212,163,67,21,1004,0,0,0,0,0,0,0,0,0,0,0,0,0,0,0,0,0,0,0,0,0,0,0,0,0,0,0,0,0,0,0,0,0,0,0,0,0,0,0,0,77,76,86,99,62,16,0,410,22,7,4,10,11,4,0,49,0,0,0,0,0,0,0,0,0,0,0,0,0,0,0,0,0,0,0,0,0,0,0,0,0,0,0,0,0,0,0,6,6,3,4,8,9,3,3,39,100,87,101,114,83,25,3,509,0,0,0,0,0,0,0,0
211051286,0,0,0,0,0,0,0,6,5,3,0,0,0,0,0,16,9,3,0,0,0,0,0,15,0,0,0,0,0,0,0,0,0,0,0,0,0,0,0,0,0,0,0,0,0,0,0,0,0,0,0,0,0,0,0,0,7,23,50,68,74,48,10,286,43,16,20,30,26,19,4,155,3,5,0,3,4,0,0,15,256,291,290,375,340,157,24,1737,0,0,0,0,0,0,0,0,9,0,0,0,0,0,0,7,0,0,0,0,0,0,0,0,0,0,0,0,0,0,0,0,0,0,0,0,0,0,0,0,115,180,189,253,182,47,0,962,43,11,7,14,8,0,0,78,0,0,0,0,0,0,0,0,0,0,0,0,0,0,0,0,0,0,0,0,0,0,0,0,0,0,0,0,0,0,0,0,8,8,8,12,12,4,0,53,168,193,209,279,209,52,0,1105,0,0,0,0,0,0,0,0
212011289,0,0,0,0,0,0,0,0,3,3,0,0,3,0,0,15,5,4,0,0,3,0,0,22,0,0,0,0,0,0,0,0,0,0,0,0,0,0,0,0,0,0,0,0,0,0,0,5,0,0,0,0,0,0,0,5,18,23,62,72,91,51,14,331,69,29,19,26,18,10,0,173,8,0,3,3,4,0,0,12,350,304,276,301,250,117,18,1610,0,0,0,0,0,0,0,0,6,5,0,0,0,0,0,7,0,0,0,0,0,0,0,0,0,0,0,0,0,0,0,0,0,0,0,0,0,0,0,4,155,164,171,208,148,28,0,879,74,5,7,10,7,0,0,107,0,0,0,0,0,0,0,0,0,0,0,0,0,0,0,0,0,0,0,0,0,0,0,0,0,0,0,0,0,0,0,5,13,7,10,12,12,3,0,48,242,183,187,228,172,29,9,1051,0,4,0,0,0,0,0,4
212011546,0,0,0,0,0,0,0,0,6,5,0,0,0,0,0,13,6,3,0,6,0,0,0,18,0,0,0,0,0,0,0,0,0,0,0,0,0,0,0,0,3,0,0,0,0,0,0,6,6,0,0,0,0,0,0,8,14,91,126,112,84,32,0,467,107,42,25,20,14,15,0,236,0,0,0,0,5,4,0,11,469,477,480,411,282,109,17,2249,3,5,5,4,0,0,0,13,7,3,6,0,0,0,0,6,0,0,0,0,0,0,0,0,0,0,0,0,0,0,0,0,3,0,0,0,0,0,0,3,241,357,297,296,184,22,0,1399,135,24,18,10,6,3,0,193,0,0,0,0,0,0,0,0,0,0,0,0,0,0,0,0,0,0,0,0,0,0,0,3,0,0,0,0,0,0,0,7,12,0,13,6,12,3,0,48,403,389,339,316,201,27,0,1680,6,4,0,0,0,0,0,12
212011547,0,0,0,0,0,0,0,0,3,3,0,0,7,0,0,17,3,3,0,0,3,0,0,17,0,0,0,0,0,0,0,0,0,0,0,0,0,0,0,0,0,0,0,0,0,0,0,0,0,0,0,0,0,0,0,0,7,24,38,49,51,38,17,231,26,13,13,10,14,11,3,91,6,0,3,0,5,4,0,14,229,248,222,271,237,117,36,1358,0,0,0,0,0,0,0,4,6,0,0,0,0,0,0,6,0,0,0,0,0,0,0,0,0,0,0,0,0,0,0,0,0,3,0,0,0,0,0,4,94,133,141,212,108,25,3,725,33,3,7,6,11,0,0,66,0,0,0,0,0,0,0,3,0,0,0,0,0,0,0,0,0,0,0,0,0,0,0,0,5,0,0,0,0,0,0,3,8,0,6,10,9,3,0,41,145,145,157,236,128,32,10,853,0,0,0,0,0,0,0,0
212011548,0,0,0,0,0,0,0,0,0,5,3,0,5,0,0,21,0,5,3,0,3,0,0,21,0,0,0,0,0,0,0,0,0,0,0,0,0,0,0,0,0,0,0,0,0,0,0,3,0,0,0,0,0,0,0,0,12,26,25,26,47,42,23,199,48,17,12,21,22,5,3,122,0,6,0,0,0,0,0,10,252,300,288,279,288,117,45,1575,0,0,0,0,0,0,0,0,0,0,0,0,0,0,0,4,0,0,0,0,0,0,0,0,0,0,0,0,0,0,0,0,0,0,0,0,0,0,0,0,161,142,170,175,150,24,4,820,66,13,14,22,7,3,3,130,0,0,0,0,0,0,0,3,0,0,0,0,0,0,0,4,0,0,0,0,0,0,0,3,0,0,0,0,0,0,0,9,14,8,7,5,9,4,0,48,243,169,190,204,170,28,6,1013,0,0,0,0,0,0,0,0
212011549,0,0,0,0,0,0,0,0,6,4,0,0,0,0,0,8,10,3,0,0,0,0,0,14,0,0,0,0,0,0,0,0,0,0,0,0,0,0,0,0,6,0,0,0,0,0,0,3,3,0,0,0,0,0,0,5,4,36,20,34,20,8,0,125,56,8,8,9,8,4,0,89,0,0,0,0,0,0,0,0,233,162,131,121,90,30,5,775,0,0,0,0,0,0,0,0,6,0,0,0,0,0,0,6,0,0,0,0,0,0,0,0,0,0,0,0,0,0,0,0,0,0,0,0,0,0,0,7,81,159,112,121,90,15,0,577,98,12,9,0,5,0,0,126,0,0,0,0,0,0,0,0,0,0,0,0,0,0,0,0,0,0,0,0,0,0,0,0,0,0,0,0,0,0,0,4,5,4,0,6,0,0,0,14,191,178,118,130,90,15,0,731,0,0,0,0,0,0,0,3
212011550,0,0,0,0,0,0,0,0,5,0,8,0,4,0,0,11,9,5,8,0,4,0,0,26,0,0,0,0,0,0,0,0,0,0,0,0,0,0,0,0,0,0,0,0,0,0,0,5,0,0,0,0,0,0,0,4,7,28,46,36,21,3,3,135,43,12,20,14,6,13,0,100,0,3,0,0,4,0,0,10,233,323,334,256,233,64,7,1452,0,0,0,0,0,0,0,0,0,0,0,0,0,0,0,3,0,0,0,0,0,0,0,0,0,0,0,0,0,0,0,0,0,0,0,0,0,0,0,3,99,167,142,150,87,16,4,659,24,7,3,4,8,0,0,43,0,0,0,0,0,3,0,6,0,0,0,0,0,0,0,0,0,0,0,0,0,0,0,0,3,0,4,0,0,0,0,8,0,3,5,3,0,0,0,14,123,185,157,163,92,19,3,741,0,0,0,0,0,0,0,3
212011551,3,0,0,0,0,0,0,3,17,10,5,6,3,0,0,35,18,24,9,5,3,0,0,52,0,0,0,0,0,0,0,3,0,0,0,0,0,0,0,0,0,0,4,0,0,0,0,9,6,4,4,0,0,0,0,10,8,40,43,24,34,11,0,160,79,52,36,30,27,12,0,233,7,4,0,4,0,0,0,17,516,953,671,557,420,118,13,3236,7,8,0,3,0,0,0,24,6,0,0,0,0,0,0,11,0,0,0,0,0,0,0,0,0,0,0,0,0,0,0,0,3,0,3,0,0,0,0,11,223,391,343,298,169,38,5,1464,69,45,16,5,12,4,0,151,0,0,0,0,0,0,0,0,0,0,0,0,0,0,0,0,0,0,0,0,0,0,0,6,0,0,3,0,0,0,0,11,11,13,12,3,3,0,0,37,321,471,379,313,185,44,5,1715,0,3,0,0,0,0,0,6
212011552,3,4,0,0,0,0,0,0,5,15,4,5,0,0,0,36,9,20,7,9,0,0,0,45,0,0,0,0,6,0,0,7,0,0,0,0,0,0,0,0,0,5,7,0,0,0,0,18,3,5,7,0,6,0,0,15,7,64,84,63,45,7,4,274,75,40,48,32,26,12,3,237,0,3,7,5,0,0,0,16,614,950,844,605,377,79,9,3489,11,9,4,0,5,0,0,25,3,0,0,0,0,0,0,8,0,0,0,0,0,0,0,0,0,0,0,0,0,0,0,0,3,0,3,0,0,0,0,7,237,432,416,383,222,41,0,1726,84,16,18,15,7,0,0,143,0,0,0,0,0,0,0,0,0,0,0,0,0,0,0,0,0,0,3,3,0,0,0,11,0,8,0,0,0,0,0,8,15,3,10,9,0,0,0,38,345,464,459,414,238,41,0,1966,0,3,0,6,0,0,0,8
212021293,0,0,0,0,0,0,0,0,6,0,0,0,0,0,0,14,8,9,0,5,5,0,0,24,3,0,0,0,0,0,0,3,0,0,0,0,0,0,0,0,0,0,0,3,0,0,0,5,8,0,0,3,0,0,0,11,32,102,148,145,131,33,13,597,132,64,56,35,42,8,0,339,5,4,6,6,0,3,0,26,626,758,841,655,515,116,25,3532,7,12,3,7,0,0,0,28,9,7,9,8,5,0,0,36,0,0,0,0,0,0,0,0,0,0,0,0,0,0,0,0,7,5,10,0,0,0,0,20,505,960,1012,975,590,120,4,4161,128,39,32,17,22,10,0,242,0,0,0,0,0,0,0,0,0,0,0,0,0,0,0,0,0,0,0,0,0,0,0,7,0,6,9,4,0,0,0,17,18,7,7,16,10,4,0,49,676,1030,1069,1026,619,136,6,4560,6,5,0,0,0,0,0,21
212021295,0,0,0,0,0,0,0,3,4,3,0,4,0,0,0,12,8,7,3,3,0,0,0,29,0,4,0,0,0,0,0,4,0,0,0,0,0,0,0,0,0,0,0,0,0,0,0,4,4,4,0,0,0,0,0,7,3,19,15,7,10,0,0,61,22,9,16,12,5,4,0,72,0,0,0,0,0,0,0,10,157,261,266,210,169,51,6,1115,0,3,0,0,0,0,0,3,3,0,0,0,0,0,0,12,0,0,0,0,0,0,0,0,0,0,0,0,0,0,0,0,5,0,0,0,0,0,0,4,49,106,126,114,96,27,0,522,34,14,3,11,7,6,0,75,0,0,0,0,0,0,0,0,0,0,0,0,0,0,0,0,0,0,0,0,0,0,0,0,0,0,0,0,0,0,0,8,3,0,4,0,0,0,0,9,96,122,141,130,109,31,3,627,4,0,0,0,0,0,0,3
212021297,0,5,0,0,0,0,0,6,6,12,10,8,3,0,0,43,24,29,19,13,11,9,0,109,3,9,4,5,0,0,0,16,0,0,0,0,0,0,0,0,15,4,3,0,3,0,0,32,16,11,4,6,3,0,0,46,15,101,165,148,112,35,9,585,80,67,74,57,64,28,4,372,0,9,3,11,3,3,5,29,1045,2058,1895,1723,1373,348,43,8490,3,13,7,0,8,0,0,30,10,6,3,3,7,0,0,31,0,0,0,0,0,0,0,0,0,0,0,0,0,0,0,4,0,8,0,0,0,0,0,5,235,489,513,642,440,67,6,2392,81,46,28,40,37,6,0,231,0,0,0,0,0,0,0,0,0,0,0,0,0,0,0,0,0,0,0,0,0,0,0,3,0,4,3,6,0,0,0,13,8,6,4,3,0,0,0,17,337,568,559,695,493,77,4,2726,6,7,0,3,4,0,0,26
212021299,0,0,0,0,0,0,0,0,4,0,0,0,0,0,0,4,4,0,0,0,0,0,0,4,0,0,0,0,0,0,0,0,0,0,0,0,0,0,0,0,0,0,0,0,0,0,0,4,0,0,0,0,0,0,0,4,10,18,28,45,35,20,5,165,9,9,4,11,8,5,0,43,0,3,0,0,0,0,0,11,104,165,137,163,136,47,10,764,0,0,0,0,0,0,0,0,0,0,0,0,0,0,0,0,0,0,0,0,0,0,0,0,0,0,0,0,0,0,0,0,0,0,0,0,0,0,0,3,51,87,111,85,77,21,4,431,10,4,0,8,7,0,0,30,0,0,0,0,0,0,0,0,0,0,0,0,0,0,0,0,0,0,0,0,0,0,0,0,0,0,0,0,0,0,0,0,0,0,0,3,3,0,0,10,62,99,115,106,88,20,4,487,0,0,0,0,0,0,0,0
212021453,0,0,0,0,0,0,0,0,0,0,0,0,0,0,0,4,0,6,0,0,0,0,0,4,0,0,0,0,0,0,0,0,0,0,0,0,0,0,0,0,0,0,0,0,0,0,0,0,0,0,0,0,0,0,0,0,6,28,39,28,27,9,0,138,10,6,7,5,11,5,0,47,0,0,0,0,0,0,0,0,62,111,117,97,102,25,0,524,0,0,0,0,0,0,0,0,0,0,0,0,0,0,0,6,0,0,0,0,0,0,0,0,0,0,0,0,0,0,0,0,0,0,0,0,0,0,0,0,32,82,86,103,80,16,0,397,5,5,5,9,7,0,0,27,0,0,0,0,0,0,0,0,0,0,0,0,0,0,0,0,0,0,0,0,0,0,0,0,0,0,0,0,0,0,0,0,0,0,3,0,3,0,0,10,37,90,90,119,88,16,0,436,0,0,0,0,0,0,0,0
212021454,0,0,0,0,0,0,0,0,0,0,4,3,0,0,0,9,3,0,0,3,0,0,0,12,0,0,0,0,0,0,0,0,0,0,0,0,0,0,0,0,0,0,0,0,0,0,0,0,0,0,0,0,0,0,0,0,6,24,31,24,23,18,3,130,42,9,12,3,6,10,3,85,0,3,0,0,3,0,0,6,188,199,156,111,121,44,14,834,3,0,0,3,0,0,0,4,7,7,0,0,0,0,0,12,0,0,0,0,0,0,0,0,0,0,0,0,0,0,0,0,0,0,0,0,0,0,0,0,98,93,124,140,107,21,0,586,72,0,3,8,8,0,0,93,0,0,0,0,0,0,0,0,0,0,0,0,0,0,0,0,0,0,0,0,0,0,0,0,0,0,0,3,0,0,0,4,6,3,0,6,0,0,0,18,187,106,133,157,114,23,0,715,0,0,0,0,0,0,0,0
212021455,0,0,0,0,0,0,0,0,0,4,0,0,0,0,0,3,0,4,0,0,0,0,0,8,0,0,0,0,0,0,0,0,0,0,0,0,0,0,0,0,0,0,0,0,0,0,0,5,0,0,0,0,0,0,0,5,9,16,26,36,26,4,3,114,10,8,3,9,8,0,0,40,0,5,0,0,0,0,0,5,52,106,80,105,80,16,6,443,0,0,0,0,0,0,0,0,0,0,0,0,0,0,0,4,0,0,0,0,0,0,0,0,0,0,0,0,0,0,0,0,0,0,0,0,0,0,0,0,28,70,61,50,35,6,0,248,5,3,0,4,0,0,0,21,0,0,0,0,0,0,0,0,0,0,0,0,0,0,0,0,0,0,0,0,0,0,0,0,0,0,0,0,0,0,0,0,0,0,0,0,0,0,0,9,42,75,63,54,38,6,0,276,0,0,0,0,0,0,0,0
212021456,13,0,0,0,0,0,0,14,17,12,4,3,0,0,0,39,36,21,3,6,4,0,0,71,4,5,0,0,0,0,0,8,0,0,0,0,0,0,0,4,9,7,0,0,0,0,0,19,21,8,3,0,0,0,0,33,25,130,170,140,81,32,4,582,299,99,50,50,50,27,7,577,3,7,10,4,0,0,0,28,1251,1090,845,669,457,161,25,4504,12,19,5,0,4,0,0,31,50,16,5,4,4,0,0,82,0,0,0,0,0,0,0,0,0,0,0,0,0,0,0,0,11,4,3,0,0,0,0,19,775,767,642,649,421,78,10,3347,311,29,17,25,17,3,0,404,0,0,0,0,0,0,0,0,0,0,0,0,0,0,0,5,0,0,0,0,0,0,0,0,5,8,5,10,6,0,0,25,0,10,6,8,9,5,0,40,1169,855,692,694,461,83,7,3955,10,4,0,5,0,0,0,23
212021553,0,0,0,0,0,0,0,0,4,0,0,0,0,0,0,9,0,0,0,0,0,0,0,6,0,0,0,0,0,0,0,0,0,0,0,0,0,0,0,0,3,0,0,0,0,0,0,3,3,0,0,0,0,0,0,3,7,33,73,64,30,19,0,232,27,4,12,10,9,0,0,67,0,0,3,0,0,0,0,8,167,182,216,186,116,36,3,909,0,0,3,0,0,0,0,5,0,0,4,0,0,0,0,4,0,0,0,0,0,0,0,0,0,0,0,0,0,0,0,0,0,0,0,0,0,0,0,3,58,130,153,124,89,9,0,569,39,3,6,8,0,0,0,60,0,0,0,0,0,0,0,0,0,0,0,0,0,0,0,0,0,0,0,0,0,0,0,3,0,0,5,3,0,0,0,9,5,0,4,3,4,0,0,24,102,140,172,143,101,15,0,663,0,0,0,0,0,0,0,4
212021554,4,0,0,0,0,0,0,0,0,0,0,0,0,0,0,5,8,4,0,0,0,0,0,16,0,0,0,0,0,0,0,0,0,0,0,0,0,0,0,0,0,0,7,0,0,0,0,4,0,0,7,0,0,0,0,4,5,19,46,45,19,9,0,145,67,5,16,11,0,0,0,100,0,0,0,0,0,0,0,5,230,108,131,116,53,12,3,662,0,3,0,0,0,0,0,0,3,0,0,0,0,0,0,3,0,0,0,0,0,0,0,0,0,0,0,0,0,0,0,0,4,0,0,0,0,0,0,4,58,78,74,52,25,3,0,285,82,5,3,0,3,0,0,96,0,0,0,0,0,0,0,0,0,0,0,0,0,0,0,0,0,0,0,0,0,0,0,0,0,4,5,0,0,0,0,3,5,4,3,3,0,0,0,13,143,88,89,60,23,3,0,409,4,0,0,0,0,0,0,4
212031300,3,9,0,0,0,0,0,9,8,6,5,0,0,0,0,21,18,9,0,3,0,4,0,36,0,0,0,0,0,0,0,0,0,0,0,0,0,0,0,5,7,6,0,0,0,0,0,15,11,7,0,0,0,0,0,23,16,56,84,51,38,17,3,270,179,69,45,51,51,21,3,425,4,4,11,0,0,0,4,26,911,822,758,555,484,150,15,3691,3,3,0,4,0,0,0,19,29,13,6,3,7,0,0,61,0,0,0,0,0,0,0,0,0,0,0,0,0,0,0,0,11,8,3,0,0,0,0,26,462,584,568,533,343,52,4,2553,291,29,23,18,14,5,0,383,0,0,0,0,0,0,0,0,0,0,0,0,0,0,0,0,0,0,0,0,0,0,0,0,4,0,6,7,3,0,0,19,20,16,7,16,5,0,0,63,833,657,614,584,376,61,4,3125,3,6,0,0,0,0,0,12
212031303,0,0,0,0,0,0,0,0,6,5,8,4,0,0,0,26,6,4,14,11,0,0,0,33,0,0,0,0,0,0,0,5,0,0,0,0,0,0,0,4,3,0,4,0,0,0,0,9,3,3,7,0,0,0,0,11,8,29,38,44,33,19,3,183,21,25,10,14,20,4,0,96,0,0,0,0,0,0,0,6,232,456,430,357,273,79,9,1837,0,0,0,0,0,0,0,0,0,0,0,0,0,0,0,0,0,0,0,0,0,0,0,0,0,0,0,0,0,0,0,0,0,7,0,0,0,0,0,4,66,171,211,180,116,25,0,758,23,21,28,24,22,3,0,123,0,0,0,0,0,0,0,6,0,0,0,0,0,0,0,0,0,0,0,0,0,0,0,0,0,0,0,0,0,0,0,5,3,3,0,8,9,0,0,30,99,203,238,214,146,33,0,928,0,0,0,0,0,0,0,0
212031304,3,0,0,0,0,0,0,5,9,9,3,6,0,0,0,30,13,11,12,9,0,0,0,40,0,0,0,0,0,0,0,0,0,0,0,0,0,0,0,0,5,6,0,3,0,0,0,14,7,3,0,3,0,0,0,16,7,39,62,25,12,13,3,159,36,17,15,11,7,7,0,96,0,0,3,0,0,0,0,6,318,517,493,291,171,54,4,1846,0,0,0,0,0,0,0,6,10,4,0,3,0,0,0,22,0,0,0,0,0,0,0,0,0,0,0,0,0,0,0,0,0,0,3,0,0,0,0,3,154,284,271,168,82,10,0,963,67,14,21,8,10,0,0,122,0,0,0,0,0,0,0,0,0,0,0,0,0,0,0,0,0,0,0,0,0,0,0,0,0,3,8,0,0,0,0,12,14,10,3,9,3,0,4,36,247,321,308,186,99,14,3,1166,0,0,0,0,0,0,0,0
212031306,4,0,0,0,0,0,0,4,7,8,0,0,0,0,0,20,12,11,0,0,6,0,0,31,0,0,0,0,0,0,0,3,0,0,0,0,0,0,0,0,6,0,0,0,0,0,0,14,12,0,0,0,0,0,0,18,13,40,85,56,32,8,0,244,42,30,14,15,12,5,0,125,0,0,5,4,0,0,0,11,319,426,457,344,224,61,5,1833,7,4,0,0,0,0,0,6,3,3,0,4,0,0,0,15,0,0,0,0,0,0,0,0,0,0,0,0,0,0,0,0,0,3,0,0,0,0,0,7,103,214,222,206,111,16,3,878,69,17,9,8,14,4,0,116,0,0,0,0,0,0,0,0,0,0,0,0,0,0,0,0,0,0,0,0,0,0,0,0,0,0,8,4,0,0,0,7,12,4,10,3,3,0,0,27,198,243,241,227,127,18,3,1065,0,3,0,0,0,0,0,10
212031308,0,0,0,0,0,0,0,0,4,0,0,0,0,0,0,11,4,0,0,0,0,0,0,11,0,0,0,0,0,0,0,0,0,0,0,0,0,0,0,0,0,0,0,0,0,0,0,0,0,0,0,0,0,0,0,0,8,22,18,19,20,17,6,111,18,9,11,20,11,9,0,76,0,0,0,0,0,0,0,6,162,235,194,194,165,80,14,1037,0,0,0,0,0,0,0,0,0,0,0,0,0,0,0,4,0,0,0,0,0,0,0,0,0,0,0,0,0,0,0,0,0,0,0,0,0,0,0,0,70,114,113,110,91,15,0,519,32,13,10,16,14,0,0,90,0,0,0,0,0,0,0,4,0,0,0,0,0,0,0,0,0,0,0,0,0,0,0,3,0,5,0,0,0,0,0,5,3,6,5,7,4,0,0,23,107,137,134,134,114,21,0,636,0,0,0,0,0,0,0,0
212031457,0,0,0,0,0,0,0,0,0,0,0,3,0,0,0,0,5,0,0,3,0,0,0,9,0,0,0,0,0,0,0,0,0,0,0,0,0,0,0,0,4,0,0,0,0,0,0,5,0,0,0,0,0,0,0,5,8,14,31,42,28,14,0,139,48,8,11,9,10,0,0,85,0,0,0,0,0,0,0,0,184,134,136,142,80,28,4,694,0,3,0,0,0,0,0,4,5,3,0,0,0,0,0,10,0,0,0,0,0,0,0,0,0,0,0,0,0,0,0,0,0,3,0,0,0,0,0,4,104,98,109,96,48,5,0,460,64,5,6,10,0,0,0,84,0,0,0,0,0,0,0,0,0,0,0,0,0,0,0,0,0,0,0,0,0,0,0,0,0,0,4,0,0,0,0,5,3,0,3,4,0,0,0,16,183,119,120,104,48,5,0,576,0,0,0,0,0,0,0,0
212031458,0,0,0,0,0,0,0,0,6,0,0,0,3,0,0,9,6,0,0,0,3,0,0,9,0,0,0,0,0,0,0,0,0,0,0,0,0,0,0,0,0,0,0,0,0,0,0,4,0,0,0,0,0,0,0,4,10,35,32,36,23,9,5,141,19,8,13,12,3,5,0,59,0,0,0,0,0,0,0,0,97,152,127,138,77,23,3,611,0,0,0,0,0,0,0,0,3,5,0,0,0,0,0,8,0,0,0,0,0,0,0,0,0,0,0,0,0,0,0,0,3,0,0,0,0,0,0,3,52,112,155,129,67,8,0,523,12,11,0,4,3,6,0,40,0,0,0,0,0,0,0,0,0,0,0,0,0,0,0,0,0,0,0,0,0,0,0,0,3,6,0,0,4,0,0,8,3,0,0,4,0,0,0,15,80,131,162,136,79,11,0,597,5,0,0,0,0,0,0,5
212031555,0,0,0,0,0,0,0,0,0,0,0,0,0,0,0,7,0,0,0,0,0,0,0,7,0,0,0,0,0,0,0,0,0,0,0,0,0,0,0,0,0,3,6,0,0,0,0,8,0,3,6,0,0,0,0,8,9,19,53,24,10,4,0,113,24,3,6,4,5,0,0,42,0,0,0,0,0,0,0,6,121,120,160,80,37,6,0,520,0,0,0,0,0,0,0,0,0,0,0,0,0,0,0,0,0,0,0,0,0,0,0,0,0,0,0,0,0,0,0,0,4,0,0,0,0,0,0,6,52,64,102,73,41,4,0,336,27,3,4,6,0,0,0,45,0,0,0,0,0,0,0,0,0,0,0,0,0,0,0,0,0,0,0,0,0,0,0,0,0,3,0,0,0,0,0,3,5,4,3,6,4,0,0,17,87,78,113,82,40,4,0,405,0,0,0,0,0,0,0,4
212031556,0,0,0,0,0,0,0,0,3,3,5,0,0,0,0,10,3,6,5,0,0,0,0,13,0,0,0,0,0,0,0,0,0,0,0,0,0,0,0,0,0,3,3,0,0,0,0,13,0,3,3,0,0,0,0,13,7,36,40,14,3,5,0,109,15,10,13,8,0,0,0,46,0,4,0,0,0,0,0,5,155,307,310,112,89,24,0,995,0,0,0,0,0,0,0,3,0,3,0,0,0,0,0,12,0,0,0,0,0,0,0,0,0,0,0,0,0,0,0,0,0,0,0,0,0,0,0,4,73,124,89,49,17,0,0,361,29,19,13,6,4,0,0,71,0,0,0,0,0,0,0,0,0,0,0,0,0,0,0,0,0,0,0,0,0,0,0,0,0,3,0,0,0,0,0,5,3,5,5,0,0,0,0,13,115,160,114,53,20,0,0,461,0,0,0,0,0,0,0,5
212031557,0,0,0,0,0,0,0,0,3,5,7,0,0,0,0,16,3,5,7,0,0,0,0,16,0,0,0,0,0,0,0,0,0,0,0,0,0,0,0,0,4,8,13,0,0,0,0,24,4,8,9,0,0,0,0,26,8,45,68,34,12,3,3,183,41,23,18,12,3,4,0,104,0,6,3,0,3,0,0,11,211,360,360,173,103,35,5,1243,0,0,0,0,0,0,0,5,4,0,5,0,0,0,0,10,0,0,0,0,0,0,0,0,0,0,0,0,0,0,0,0,0,3,0,0,0,0,0,3,102,210,239,151,71,9,0,776,49,18,8,18,3,7,0,107,0,0,0,0,0,0,0,0,0,0,0,0,0,0,0,0,0,0,0,0,0,0,0,0,0,3,4,7,0,0,0,10,12,5,11,0,0,0,0,36,173,248,268,172,78,13,0,957,0,5,0,0,0,0,0,7
212031558,0,0,0,0,0,0,0,0,0,0,0,0,0,0,0,0,0,0,0,0,0,0,0,0,0,0,0,0,0,0,0,0,0,0,0,0,0,0,0,0,0,0,3,0,0,0,0,3,0,0,3,0,0,0,0,3,10,24,29,15,23,5,0,105,38,10,9,3,3,0,0,70,0,0,0,0,0,0,0,0,118,170,157,66,61,19,6,595,0,0,0,0,0,0,0,0,0,0,0,0,0,0,0,0,0,0,0,0,0,0,0,0,0,0,0,0,0,0,0,0,0,0,0,0,0,0,0,0,51,98,104,83,63,9,0,401,15,9,5,0,0,0,0,27,0,0,0,0,0,0,0,0,0,0,0,0,0,0,0,0,0,0,0,0,0,0,0,0,0,0,0,0,0,0,0,0,0,4,4,0,0,0,0,12,66,110,110,82,70,9,0,450,0,0,0,0,0,0,0,0
212031559,0,0,0,0,0,0,0,0,0,0,0,0,0,0,0,6,0,0,0,0,0,0,0,6,0,0,0,0,0,0,0,4,0,0,0,0,0,0,0,0,0,0,6,0,0,0,0,6,0,0,6,0,0,0,0,6,8,22,45,32,12,0,0,112,16,7,12,4,0,4,0,40,0,4,0,0,0,0,0,4,98,141,170,108,48,11,0,581,3,0,0,0,0,0,0,3,0,0,0,0,0,0,0,0,0,0,0,0,0,0,0,0,0,0,0,0,0,0,0,0,6,0,0,0,0,0,0,7,63,112,122,67,36,3,0,402,20,15,9,10,4,0,0,58,0,0,0,0,0,0,0,0,0,0,0,0,0,0,0,0,4,0,0,0,0,0,0,3,6,0,0,0,0,0,0,5,7,9,7,4,0,0,0,20,106,135,141,75,43,4,0,504,0,0,0,0,0,0,0,0
212031560,0,0,0,0,0,0,0,0,0,0,0,0,0,0,0,3,0,0,0,0,0,0,0,4,0,0,0,0,0,0,0,0,0,0,0,0,0,0,0,0,3,3,0,0,0,0,0,4,3,3,0,0,0,0,0,4,4,13,24,18,8,3,0,74,10,13,6,12,9,0,0,48,0,0,0,0,0,0,0,0,61,116,101,73,58,11,3,420,0,0,0,0,0,0,0,0,6,3,0,0,0,0,0,9,0,0,0,0,0,0,0,0,0,0,0,0,0,0,0,0,3,0,0,0,0,0,0,3,45,83,93,82,54,20,0,371,20,0,0,0,0,0,0,28,0,0,0,0,0,0,0,0,0,0,0,0,0,0,0,0,0,0,0,0,0,0,0,3,0,0,0,0,0,0,0,0,0,0,4,3,0,0,0,8,74,87,95,87,58,20,0,426,0,0,0,0,0,0,0,0
212031561,0,0,0,0,0,0,0,0,0,0,3,0,0,0,0,3,0,0,3,0,0,0,0,4,0,0,0,0,0,0,0,0,0,0,0,0,0,0,0,0,0,0,0,0,0,0,0,0,0,0,0,0,0,0,0,0,7,15,7,12,7,4,0,51,4,5,11,6,3,0,0,30,0,0,0,0,0,0,0,3,53,76,73,67,53,26,0,342,0,0,0,0,0,0,0,0,0,0,0,0,0,0,0,5,0,0,0,0,0,0,0,0,0,0,0,0,0,0,0,0,0,0,0,0,0,0,0,0,21,30,72,59,36,12,0,228,4,0,0,0,0,0,0,14,0,0,0,0,0,0,0,0,0,0,0,0,0,0,0,0,0,0,0,0,0,0,0,0,0,0,0,0,0,0,0,0,0,0,0,5,3,0,0,7,22,36,78,65,41,9,0,254,0,0,0,0,0,0,0,0
212031562,0,0,0,0,0,0,0,0,3,0,0,4,0,0,0,8,7,0,0,4,0,0,0,16,0,0,0,0,0,0,0,0,0,0,0,0,0,0,0,0,0,0,0,0,0,0,0,0,0,0,0,0,0,0,0,0,4,23,21,25,13,4,0,95,28,9,12,3,0,0,0,58,3,4,0,0,0,0,0,3,144,147,167,125,78,21,3,684,5,0,0,0,0,0,0,4,0,3,3,0,0,0,0,11,0,0,0,0,0,0,0,0,0,0,0,0,0,0,0,0,0,0,0,0,0,0,0,3,72,97,120,126,90,10,0,517,32,5,8,8,9,0,0,59,0,0,0,0,0,0,0,0,0,0,0,0,0,0,0,0,0,0,0,0,0,0,0,0,0,0,0,0,0,0,0,4,7,0,3,0,0,0,0,16,114,112,136,131,98,11,0,611,0,0,0,3,0,0,0,4
212041309,0,0,0,0,0,0,0,8,3,3,0,0,0,0,0,11,12,16,3,4,3,0,0,38,0,7,3,0,3,0,0,7,0,0,0,0,0,0,0,0,0,0,5,0,0,0,0,12,3,6,7,0,5,0,0,24,13,65,95,76,46,18,3,320,33,20,27,23,19,6,3,132,0,0,4,0,0,0,0,9,208,532,476,455,366,103,13,2159,7,4,3,0,0,0,0,14,4,12,6,6,6,0,0,34,0,0,0,0,0,0,0,0,0,0,0,0,0,0,0,0,0,0,0,0,0,0,0,9,56,179,167,201,111,34,0,752,26,35,10,17,5,0,0,95,0,0,0,0,0,0,0,0,0,0,0,0,0,0,0,0,0,3,4,0,0,0,0,5,0,0,0,4,0,0,0,5,12,3,8,3,4,0,0,34,103,238,196,232,133,41,0,948,0,4,0,0,0,3,0,22
212041310,0,0,0,4,0,0,0,5,4,11,9,3,0,4,0,26,20,17,18,15,3,3,0,74,0,0,0,3,0,0,0,7,0,0,0,0,0,0,0,0,0,3,5,4,0,0,0,18,4,9,4,3,0,0,0,21,16,92,112,109,75,19,0,424,43,39,54,34,43,22,0,231,0,8,9,0,0,0,0,27,418,1107,1094,961,822,180,20,4601,0,16,3,0,3,0,0,24,3,0,9,0,0,0,0,13,0,0,0,0,0,0,0,0,0,0,0,0,0,0,0,0,0,0,0,0,0,0,0,0,87,275,315,279,185,46,4,1189,44,38,11,21,13,9,0,145,0,0,0,0,0,0,0,0,0,0,0,0,0,0,0,0,0,0,0,0,0,0,0,0,0,3,0,0,0,0,0,11,3,3,9,0,0,0,0,20,142,340,351,306,203,52,4,1404,0,7,0,6,0,0,0,13
212041312,0,0,0,0,0,0,0,0,0,0,0,0,0,0,0,5,3,0,5,3,0,0,0,14,0,0,0,0,0,0,0,0,0,0,0,0,0,0,0,0,0,0,0,3,0,0,0,9,0,0,0,3,0,0,0,9,6,34,39,40,22,15,0,158,41,12,20,5,13,4,0,97,0,0,5,0,5,0,0,12,149,246,210,174,169,52,4,1003,0,0,0,0,0,0,0,3,0,5,3,0,0,0,0,10,0,0,0,0,0,0,0,0,0,0,0,0,0,0,0,0,0,4,4,0,0,0,0,3,43,109,165,157,123,26,0,619,26,13,7,6,14,0,0,58,0,0,0,0,0,0,0,0,0,0,0,0,0,0,0,0,0,0,0,0,0,0,0,0,0,0,0,7,0,0,0,14,5,7,4,0,4,0,0,28,78,133,178,174,134,30,0,732,0,3,3,0,0,0,0,6
212041313,0,0,0,0,0,0,0,0,0,0,0,0,0,0,0,7,5,0,0,0,4,0,0,12,0,0,0,0,0,0,0,0,0,0,0,0,0,0,0,0,0,0,0,0,0,0,0,3,0,0,0,0,0,0,0,0,5,24,28,44,34,17,4,156,19,12,6,12,12,4,5,69,0,0,0,0,0,0,0,6,126,181,147,207,178,69,18,922,0,0,0,0,0,0,0,3,5,0,6,0,0,0,0,12,0,0,0,0,0,0,0,0,0,0,0,0,0,0,0,0,0,0,0,0,0,0,0,0,62,88,88,122,85,14,0,453,13,5,7,5,4,0,0,32,0,0,0,0,0,0,0,0,0,0,0,0,0,0,0,0,0,0,0,0,0,0,0,0,0,0,3,0,0,0,0,3,11,0,0,8,0,0,0,25,89,92,96,132,89,17,0,530,3,0,0,0,0,0,0,4
212041316,0,0,0,0,0,0,0,5,4,6,3,0,0,0,0,16,7,8,8,4,0,3,0,37,4,0,0,6,0,0,0,4,0,0,0,0,0,0,0,0,8,6,5,4,0,0,0,14,10,6,4,9,0,0,0,22,15,113,120,90,63,17,0,409,24,27,23,25,38,12,4,152,0,7,5,0,0,0,0,11,239,619,622,574,506,121,15,2697,3,5,0,0,0,0,0,5,0,0,0,0,3,0,0,7,0,0,0,0,0,0,0,0,0,0,0,0,0,0,0,0,0,0,0,0,0,0,0,3,67,169,176,227,154,28,3,810,22,15,18,6,15,0,0,68,0,0,0,0,0,0,0,0,0,0,0,0,0,0,0,0,0,0,0,0,0,0,0,0,0,0,0,0,0,0,0,8,4,4,0,0,0,0,0,8,91,189,189,240,172,26,5,913,0,6,0,5,0,0,0,13
212041317,20,6,0,0,0,0,0,23,9,9,8,7,11,0,0,35,39,27,12,7,7,0,0,102,4,4,4,0,0,0,0,7,4,3,0,0,0,0,0,5,5,12,0,0,0,0,0,18,10,20,4,0,0,0,0,31,15,107,132,153,83,26,0,518,145,69,71,56,80,36,3,455,5,8,8,3,6,0,0,32,865,1405,1181,1176,895,279,31,5825,23,38,12,11,0,0,0,87,34,19,3,6,3,3,0,70,0,0,0,0,0,0,0,0,0,0,0,0,0,0,0,0,8,10,3,0,5,0,0,21,274,619,602,685,449,85,5,2720,166,65,34,66,58,25,0,410,0,0,0,3,0,0,0,7,0,0,0,0,0,0,0,0,3,0,0,0,0,0,0,11,3,5,0,7,5,0,0,23,29,23,13,18,18,9,0,118,543,781,684,790,548,120,13,3472,3,12,3,3,6,0,0,30
212041318,0,3,0,0,0,0,0,6,0,4,5,0,0,0,0,5,0,5,5,0,0,0,0,12,0,4,0,0,0,0,0,4,0,0,0,0,0,0,0,0,0,0,0,0,0,0,0,4,0,3,0,0,0,0,0,7,10,12,19,14,16,5,0,68,10,17,0,0,9,0,0,47,0,0,0,0,0,0,0,3,73,111,97,72,95,33,7,490,0,0,0,0,0,0,0,0,4,4,3,3,0,0,0,16,0,0,0,0,0,0,0,0,0,0,0,0,0,0,0,0,0,0,0,0,0,0,0,0,36,88,115,111,67,15,0,441,12,7,8,11,9,0,0,39,0,0,0,0,0,0,0,0,0,0,0,0,0,0,0,0,0,0,0,0,0,0,0,0,0,0,0,0,0,0,0,6,0,4,0,4,4,0,0,17,58,101,128,135,76,15,0,521,0,3,4,0,0,0,0,12
212041459,0,0,0,0,0,0,0,0,0,6,0,0,0,0,0,10,4,5,0,0,0,0,0,16,0,0,0,0,0,0,0,0,0,0,0,0,0,0,0,0,0,3,0,0,0,0,0,5,0,3,0,0,0,0,0,5,0,16,24,15,13,5,0,74,17,13,17,9,4,7,0,72,0,0,0,0,0,4,0,8,98,172,153,121,90,40,6,671,0,4,0,4,0,0,0,10,6,0,0,3,0,0,0,9,0,0,0,0,0,0,0,0,0,0,0,0,0,0,0,0,0,5,0,0,0,0,0,4,44,148,112,171,104,40,0,614,15,13,3,13,4,7,5,51,0,0,0,0,0,0,0,0,0,0,0,0,0,0,0,0,0,0,0,0,0,0,0,0,0,0,4,4,0,0,0,6,3,8,4,0,0,0,0,21,63,176,132,187,112,43,4,724,0,4,4,0,0,0,0,10
212041460,0,0,0,0,0,0,0,0,5,5,0,0,3,0,0,10,5,8,7,6,3,0,0,19,0,0,0,0,0,0,0,4,0,0,0,0,0,0,0,0,0,4,0,0,0,0,0,9,5,4,0,0,5,0,0,9,9,36,34,30,23,10,4,136,11,13,15,12,12,3,0,65,0,5,0,0,0,0,0,8,101,237,196,148,136,47,12,875,7,11,4,3,0,0,0,34,0,3,0,4,0,0,0,8,0,0,0,0,0,0,0,0,0,0,0,0,0,0,0,0,5,0,0,0,0,0,0,7,45,141,173,187,128,28,0,705,12,10,8,4,8,0,0,55,0,0,0,0,0,0,0,0,0,0,0,0,0,0,0,0,0,0,0,0,0,0,0,0,0,0,5,0,0,0,0,3,9,11,4,3,8,0,0,44,83,189,201,204,143,31,3,857,3,4,0,0,0,0,0,14
212041563,10,3,0,0,4,0,0,20,3,17,6,9,5,0,0,45,30,44,20,22,9,0,0,127,11,11,7,0,0,0,0,29,0,0,0,0,0,0,0,3,0,5,0,8,0,0,0,21,12,16,7,9,0,0,0,44,46,243,290,255,219,56,12,1124,89,129,121,93,95,48,3,576,6,11,9,3,10,0,0,46,813,1849,1630,1492,1097,366,54,7299,22,51,24,14,14,0,0,117,38,23,18,15,10,8,0,114,0,0,0,0,0,0,0,0,0,0,0,0,0,0,0,0,11,10,8,0,0,0,0,23,577,1504,1273,1319,914,231,7,5828,133,73,68,61,78,15,0,430,0,0,0,0,0,0,0,6,0,0,0,0,0,0,0,0,0,4,0,0,0,0,0,3,3,14,18,6,4,0,0,40,19,25,25,5,16,4,0,99,792,1708,1422,1426,1035,261,15,6662,21,33,7,3,10,0,0,74
212041564,14,12,8,9,0,0,0,43,49,83,62,38,29,7,0,262,120,170,115,74,50,14,0,552,21,26,14,15,4,0,0,75,0,4,0,0,0,0,0,6,30,32,14,11,21,0,0,115,52,57,29,28,31,0,0,198,68,415,681,769,485,112,18,2550,284,276,275,272,342,130,24,1595,22,48,35,25,15,8,0,151,4019,9208,9712,9872,7892,1756,141,42604,19,43,11,0,4,0,0,85,49,32,24,12,19,0,0,137,0,0,0,0,0,0,0,3,0,5,0,0,0,0,0,5,17,13,4,3,6,0,0,46,779,2108,2343,2558,1823,305,21,9937,283,263,165,162,147,35,3,1061,0,0,3,0,4,0,0,11,0,4,4,0,0,0,0,11,0,0,3,4,0,0,0,8,9,10,11,9,8,0,0,47,3,5,0,0,0,0,0,11,1165,2485,2574,2757,2008,341,27,11354,26,40,17,6,8,0,0,99
212041565,8,0,0,0,0,0,0,7,12,10,6,4,5,0,0,39,25,20,19,5,7,0,0,65,4,4,0,0,0,0,0,14,0,0,0,0,0,0,0,0,8,4,0,0,0,0,0,12,9,13,0,4,0,0,0,21,15,98,130,92,68,20,5,431,94,39,42,37,35,28,4,282,3,5,0,0,0,0,0,11,635,957,940,849,658,196,31,4257,0,12,8,0,0,0,0,20,25,17,3,6,3,3,0,59,0,0,0,0,0,0,0,0,0,0,0,0,0,0,0,0,0,0,4,10,0,0,0,17,213,370,409,447,297,69,3,1798,136,35,25,21,25,5,0,248,0,0,0,0,0,0,0,3,0,0,0,3,0,0,0,3,0,0,3,3,0,0,0,6,0,0,7,5,3,0,0,13,24,7,0,4,3,0,0,35,400,439,449,494,334,77,3,2201,9,7,0,0,0,0,0,16
212041566,9,0,0,0,0,0,0,11,7,3,3,0,10,0,0,29,22,16,5,4,10,0,0,59,4,4,4,0,0,0,0,13,0,0,0,0,0,0,0,4,4,5,6,0,0,0,0,12,6,5,3,5,0,0,0,24,20,82,154,129,89,22,5,498,46,37,24,33,28,9,5,175,0,5,0,0,3,0,0,18,547,968,975,878,648,134,19,4160,0,0,0,0,0,0,0,9,7,5,7,0,0,0,0,14,0,0,0,0,0,0,0,0,0,0,0,0,0,0,0,0,3,4,0,4,0,0,0,12,172,308,335,339,180,44,0,1380,70,40,6,21,6,7,0,157,0,0,0,0,0,0,0,0,0,0,0,0,0,0,0,0,0,0,0,0,0,0,0,0,0,0,0,0,0,0,0,3,3,0,0,0,3,0,0,14,260,370,346,367,191,49,0,1588,0,0,0,0,0,0,0,6
212051319,0,3,0,0,0,0,0,4,4,6,3,0,0,0,0,15,9,10,8,0,0,0,0,28,0,5,0,0,0,0,0,5,0,0,0,0,0,0,0,0,0,0,0,0,0,0,0,0,0,4,0,0,0,0,0,3,36,88,134,128,113,44,10,552,87,46,14,23,28,8,4,211,0,0,3,4,0,0,0,13,382,511,440,414,357,116,22,2244,10,7,0,3,0,0,0,23,13,4,0,4,0,0,0,28,0,0,0,0,0,0,0,0,0,0,0,0,0,0,0,0,3,0,3,0,0,0,0,7,128,193,204,235,190,46,4,1001,36,10,12,6,6,3,0,75,0,0,0,0,0,0,0,0,0,0,0,0,0,0,0,0,0,0,0,0,0,0,0,0,0,0,0,0,0,0,0,4,9,4,6,10,4,0,0,24,197,221,230,254,206,54,4,1170,13,8,0,0,0,0,0,20
212051321,0,0,0,0,0,0,0,0,3,0,5,5,0,0,0,15,12,9,5,11,0,0,0,34,0,0,4,0,0,0,0,0,3,0,0,0,0,0,0,3,0,0,0,0,0,0,0,0,3,3,4,0,0,0,0,4,36,114,158,179,126,50,21,685,47,26,41,37,36,13,0,198,3,6,5,0,0,0,0,17,299,561,549,588,444,151,35,2621,7,0,0,0,0,0,0,9,9,4,3,3,0,0,0,24,0,0,0,0,0,0,0,0,0,0,0,0,0,0,0,0,0,0,3,0,0,0,0,3,132,275,274,289,220,66,0,1258,41,15,17,10,3,4,0,95,0,0,0,0,0,0,0,0,0,0,0,0,0,0,0,0,0,0,0,0,0,0,0,0,10,11,4,0,0,0,0,20,4,10,9,5,4,6,0,39,198,322,312,313,232,68,5,1456,4,0,0,3,0,0,0,9
212051322,9,0,0,0,0,0,0,11,6,0,3,8,0,0,0,19,25,14,6,5,0,3,0,58,11,5,0,3,0,0,0,18,3,0,0,0,0,0,0,0,0,4,0,0,0,0,0,13,16,14,7,3,0,0,0,31,45,129,199,187,143,55,11,762,224,89,52,46,54,19,5,483,14,3,3,0,7,0,0,26,827,788,754,623,513,177,33,3707,23,31,9,4,4,3,0,74,49,27,17,6,0,5,0,109,0,0,0,0,0,0,0,0,0,3,0,0,0,0,0,3,4,4,5,0,0,0,0,15,331,543,521,571,456,112,7,2541,152,65,36,27,24,5,0,310,0,0,0,0,0,0,0,0,0,0,0,0,0,0,0,0,0,0,0,0,0,0,0,3,0,3,9,3,0,0,0,22,51,42,17,16,16,8,0,148,616,720,608,635,501,128,10,3220,11,9,5,5,0,0,0,32
212051323,0,0,0,0,0,0,0,0,0,0,0,0,0,0,0,8,0,8,0,6,0,0,0,15,0,0,0,0,0,0,0,0,0,0,0,0,0,0,0,0,0,0,3,0,0,0,0,8,0,0,3,0,0,0,0,7,17,67,93,110,87,39,9,425,22,22,11,11,14,3,0,89,0,0,0,0,0,0,0,7,146,240,230,250,205,82,12,1167,0,8,0,0,0,0,0,4,7,3,0,0,0,0,0,8,0,0,0,0,0,0,0,0,0,0,0,0,0,0,0,0,0,4,0,0,0,0,0,0,56,109,105,135,101,34,3,548,13,10,0,3,8,4,0,43,0,0,0,0,0,0,0,0,0,0,0,0,0,0,0,0,0,0,0,0,0,0,0,0,0,0,0,0,0,0,0,0,3,4,0,0,9,5,0,24,82,133,111,141,118,46,3,639,0,4,0,0,0,0,0,6
212051324,5,3,0,0,0,0,0,9,9,7,6,3,3,0,0,26,24,22,16,10,6,0,0,93,8,5,0,0,0,0,0,19,0,0,0,0,0,0,0,0,5,4,4,0,0,0,0,10,15,14,5,5,0,0,0,31,77,478,697,567,402,95,13,2323,146,74,71,65,80,31,5,459,0,9,8,3,4,0,0,23,799,1802,1987,1793,1295,334,47,8055,7,25,5,6,0,3,0,41,16,23,10,6,6,0,0,67,0,0,0,0,0,0,0,0,0,0,0,0,0,0,0,0,4,6,0,0,0,0,0,10,307,658,690,687,484,130,5,2958,82,48,33,31,25,13,0,228,0,0,0,0,0,0,0,3,5,0,0,0,0,0,0,3,0,0,4,0,0,0,0,9,0,4,0,5,4,0,0,15,19,9,6,11,3,0,0,48,440,774,742,743,525,146,8,3382,10,12,4,0,0,0,0,31
212051325,3,4,0,4,0,0,0,17,7,7,11,11,12,0,0,43,25,37,32,37,12,0,0,148,6,7,12,4,0,0,0,28,0,0,0,0,0,0,0,0,8,9,8,0,0,0,0,21,15,15,15,6,3,0,0,54,122,834,1267,1053,573,115,10,3980,133,115,127,108,118,51,5,667,12,10,13,10,6,0,3,56,1159,2983,3405,3021,1942,469,50,13022,6,14,9,0,0,0,0,27,30,30,8,4,10,3,0,82,0,0,0,0,0,0,0,5,0,0,0,0,0,0,0,3,3,11,6,0,0,0,0,14,440,962,1035,1077,832,142,8,4488,87,64,52,35,36,15,0,282,0,0,0,0,0,0,0,0,0,3,0,0,0,0,0,9,0,0,0,0,0,0,0,3,0,7,12,3,8,0,0,32,6,16,3,6,5,6,0,41,573,1104,1120,1124,884,156,5,4976,9,16,5,3,3,4,0,38
212051326,0,0,0,0,0,0,0,9,9,15,10,7,3,0,0,40,35,39,24,20,7,3,0,127,6,6,4,0,0,0,0,16,3,0,0,0,0,0,0,0,10,11,9,0,9,0,0,36,15,23,13,0,11,0,0,61,48,185,253,255,158,52,0,944,184,100,98,81,79,44,10,605,5,4,6,3,0,0,0,18,989,1536,1444,1366,1088,362,51,6840,32,46,22,13,11,0,0,117,24,15,8,3,8,0,0,63,0,0,0,0,0,0,0,0,0,0,0,0,0,0,0,0,3,3,4,0,0,0,0,16,284,487,499,580,457,108,8,2431,122,37,28,45,34,9,0,268,0,0,0,0,0,0,0,0,3,0,0,0,0,0,0,6,4,4,0,0,4,0,0,13,6,3,10,0,3,0,0,24,26,12,22,26,21,6,0,106,504,609,588,665,544,126,7,3051,14,25,10,4,3,0,0,48
212051327,0,0,3,0,0,0,0,9,0,4,0,0,0,0,0,6,7,9,0,0,0,0,0,23,0,5,0,0,0,0,0,4,0,0,0,0,0,0,0,0,0,0,0,0,0,0,0,3,3,5,0,0,0,0,0,10,23,77,116,132,117,66,18,554,84,24,27,20,17,15,7,196,0,3,3,0,0,0,0,6,309,391,357,348,266,140,36,1852,5,12,0,0,0,0,0,24,11,13,8,6,0,0,0,36,0,0,0,0,0,0,0,0,0,0,0,0,0,0,0,0,0,7,0,0,0,0,0,7,177,278,290,291,194,56,9,1287,59,33,15,8,12,4,0,133,0,0,0,0,0,0,0,0,0,0,0,0,0,0,0,0,0,0,0,0,0,0,0,0,0,0,0,5,0,0,0,11,8,7,6,4,3,4,0,32,263,348,318,317,213,64,9,1533,3,16,0,0,0,0,0,25
212051567,13,10,3,3,4,0,0,31,18,15,10,11,0,0,0,66,55,99,51,30,19,3,0,252,17,24,9,9,0,0,0,64,0,0,0,4,0,0,0,4,5,10,10,3,7,3,0,35,22,31,26,16,3,3,0,99,190,925,1208,1042,617,143,11,4142,200,153,120,102,101,40,14,723,4,17,9,9,4,5,4,50,1301,3223,3332,2793,1919,468,65,13099,18,30,18,4,5,0,0,70,41,41,26,15,14,5,0,139,0,0,0,0,0,0,0,0,0,0,5,0,0,0,0,3,9,6,0,4,0,0,0,23,364,785,843,758,489,86,5,3336,109,85,50,40,22,12,3,315,0,0,0,0,0,0,0,0,0,4,0,0,0,0,0,7,4,13,11,7,4,0,0,36,4,7,8,0,0,0,0,19,66,62,23,5,8,0,0,162,610,1033,981,829,553,96,8,4112,30,63,23,8,5,0,0,125
212051568,7,3,0,0,4,0,0,14,4,16,8,8,0,3,0,36,25,45,34,21,13,3,0,131,5,0,3,4,0,0,0,19,0,0,0,0,0,0,0,0,5,9,8,0,0,0,0,15,12,10,8,3,0,0,0,38,49,231,338,267,171,43,4,1102,100,105,84,76,68,27,3,463,3,6,9,3,4,0,0,29,724,1714,1580,1397,1044,277,34,6767,44,83,49,30,31,5,0,244,12,32,4,16,6,0,0,69,4,0,0,0,0,0,0,4,3,0,0,0,0,0,0,3,4,7,0,0,4,0,0,18,575,1715,1349,1170,809,185,5,5810,72,79,40,45,52,11,3,305,0,0,0,0,0,0,0,0,0,0,0,0,0,0,0,0,0,6,4,7,0,0,0,23,0,3,8,0,0,0,0,17,22,90,38,18,12,9,0,193,738,2012,1497,1289,922,215,13,6668,11,22,10,4,5,6,0,52
213011328,0,0,0,0,0,0,0,5,0,0,0,0,0,0,0,9,6,0,0,0,3,0,0,11,0,0,0,0,0,0,0,0,0,0,0,0,0,0,0,0,0,0,3,0,0,0,0,7,0,0,3,0,0,0,0,4,0,20,35,19,13,3,4,104,11,3,12,9,17,4,0,57,0,4,0,0,0,0,0,7,92,288,257,284,234,56,3,1218,0,0,0,0,0,0,0,0,0,7,0,0,0,0,0,9,0,0,0,0,0,0,0,0,0,0,0,0,0,0,0,0,0,0,0,0,0,0,0,0,22,54,68,62,58,6,0,268,5,5,4,5,8,0,0,26,0,0,0,0,0,0,0,0,0,0,0,0,0,0,0,0,0,0,0,0,0,0,0,0,0,0,0,0,0,0,0,0,4,0,0,3,4,0,0,14,29,67,76,71,68,5,0,319,0,0,0,0,0,0,0,5
213011329,0,0,0,0,0,0,0,0,0,0,0,5,0,0,0,0,0,4,0,5,0,0,0,4,0,0,0,0,0,0,0,0,0,0,0,0,0,0,0,0,0,0,0,3,0,0,0,3,0,0,0,3,0,0,0,3,4,15,19,14,15,4,0,73,4,9,4,11,8,0,0,37,0,0,0,0,0,0,0,0,42,99,84,65,63,16,0,361,0,0,0,0,0,0,0,5,0,0,0,0,0,0,0,0,0,0,0,0,0,0,0,0,0,0,0,0,0,0,0,0,0,0,0,0,0,0,0,0,31,79,91,70,38,11,3,322,16,10,0,0,0,0,0,30,0,0,0,0,0,0,0,0,0,0,0,0,0,0,0,0,0,0,0,0,0,0,0,0,0,0,0,0,0,0,0,0,0,0,3,0,0,0,0,7,51,94,96,71,42,11,3,363,0,5,0,0,0,0,0,5
213011331,0,0,0,0,0,0,0,0,0,0,0,0,0,0,0,0,0,0,0,0,0,0,0,0,0,0,0,0,0,0,0,0,0,0,0,0,0,0,0,0,0,0,0,0,0,0,0,0,0,0,0,0,0,0,0,0,0,7,14,10,18,6,4,56,16,3,7,5,6,6,0,36,3,0,0,0,0,0,0,3,54,62,60,61,55,20,9,318,0,0,3,0,0,0,0,3,0,0,0,0,0,0,0,0,0,0,0,0,0,0,0,0,0,0,0,0,0,0,0,0,0,0,0,0,0,0,0,0,28,53,70,57,38,13,0,255,18,0,8,0,0,0,0,27,0,0,0,0,0,0,0,5,0,0,0,0,0,0,0,0,0,0,0,0,0,0,0,0,0,0,0,0,0,0,0,3,0,0,0,0,0,0,0,6,49,54,74,60,39,13,0,297,0,0,0,0,0,0,0,3
213011332,0,0,0,0,0,0,0,0,4,0,0,0,0,0,0,3,4,0,0,0,5,0,0,10,0,0,0,0,0,0,0,0,4,0,0,0,0,0,0,4,0,0,0,0,0,0,0,0,5,0,0,0,0,0,0,6,3,35,39,16,30,16,0,130,37,17,8,13,4,5,0,89,0,4,4,0,0,0,0,15,213,236,177,156,124,47,5,956,0,0,0,0,0,0,0,0,5,5,0,3,0,0,0,12,0,0,0,0,0,0,0,0,0,0,0,0,0,0,0,0,0,0,0,0,0,0,0,6,117,130,156,134,136,23,0,697,63,9,4,5,3,4,0,88,0,0,0,0,0,0,0,0,0,0,0,0,0,0,0,0,0,0,0,0,0,0,0,0,0,0,0,3,4,0,0,7,5,3,0,6,5,0,0,16,188,152,163,153,149,28,0,829,4,5,0,0,0,0,0,6
213011333,0,0,0,0,0,0,0,0,0,0,0,0,0,0,0,0,0,0,0,0,0,0,0,0,0,0,0,0,0,0,0,0,0,0,0,0,0,0,0,0,0,0,0,0,0,0,0,0,0,0,0,0,0,0,0,0,0,17,11,18,11,4,3,62,4,10,9,9,0,0,0,37,0,0,0,0,0,0,0,4,40,102,97,71,50,19,3,378,0,0,0,0,0,0,0,0,0,0,0,3,0,0,0,8,0,0,0,0,0,0,0,0,0,0,0,0,0,0,0,0,0,0,0,0,0,0,0,0,15,46,58,49,34,3,0,213,4,0,0,0,4,0,0,4,0,0,0,0,0,0,0,0,0,0,0,0,0,0,0,0,0,0,0,0,0,0,0,0,0,0,0,0,0,0,0,0,0,0,0,0,0,3,0,12,20,50,63,55,43,9,0,236,0,0,0,0,0,0,0,4
213011334,0,0,0,0,0,0,0,0,0,3,0,0,0,0,0,10,3,6,3,0,0,0,0,18,0,0,0,0,0,0,0,5,0,0,0,0,0,0,0,0,0,0,4,4,0,0,0,8,0,4,3,4,0,0,0,6,11,30,44,29,28,10,5,156,21,21,16,12,10,9,0,79,0,0,8,0,0,0,0,9,123,303,258,216,183,67,7,1162,6,4,5,0,4,0,0,15,6,0,0,0,3,0,0,20,0,0,0,0,0,0,0,0,0,0,0,0,0,0,0,0,0,0,0,0,0,0,0,0,44,158,183,229,157,27,6,796,22,11,14,19,9,0,0,79,0,0,0,0,0,0,0,0,0,0,0,0,0,0,0,0,0,0,0,0,0,0,0,3,0,0,0,3,0,0,0,9,3,8,6,10,8,0,0,39,87,190,211,261,182,28,6,954,0,0,0,0,0,0,0,4
213011335,4,0,0,0,0,0,0,4,4,4,0,0,0,0,0,14,12,9,4,0,0,0,0,33,0,0,0,0,0,0,0,8,0,0,0,0,0,0,0,0,0,11,3,0,0,0,0,15,3,11,6,0,0,0,0,19,10,40,50,42,31,12,0,185,25,64,30,30,27,12,0,190,4,5,0,6,0,3,0,15,228,611,415,354,244,83,6,1946,13,47,19,9,11,0,0,93,4,5,6,3,0,3,0,24,0,0,0,0,0,0,0,0,0,0,0,0,0,0,0,3,5,3,3,0,0,0,0,12,258,1027,715,621,403,71,4,3104,63,30,35,35,29,6,0,206,0,0,0,0,0,0,0,0,0,0,0,0,0,0,0,0,0,3,4,0,0,0,0,9,3,7,0,3,0,0,0,10,9,11,5,9,7,3,0,35,355,1135,790,679,453,84,4,3493,4,11,6,0,0,0,0,19
213011336,5,0,0,0,0,0,0,3,3,9,8,6,0,0,0,27,18,19,7,6,9,0,0,64,0,7,3,0,0,0,0,12,0,0,0,0,0,0,0,0,5,3,8,8,0,0,0,18,9,9,7,8,3,0,0,33,24,153,152,125,87,16,3,567,70,74,55,53,40,19,0,313,0,6,7,10,0,0,0,26,476,916,863,755,522,144,29,3704,14,33,9,8,12,6,0,81,21,7,0,3,0,0,0,38,0,0,0,0,0,0,0,0,0,0,0,0,0,0,0,0,0,3,0,0,3,0,0,6,213,471,473,432,292,59,5,1948,86,24,19,24,20,6,0,185,0,0,0,0,0,0,0,0,0,0,0,0,0,0,0,6,0,5,3,5,0,0,0,14,0,3,5,4,4,3,0,26,11,15,0,13,11,3,0,61,352,569,513,494,338,85,8,2359,5,8,0,5,0,0,0,18
213011337,0,3,0,0,0,0,0,6,5,3,4,4,0,4,0,20,9,8,0,3,4,4,0,36,0,4,0,0,0,0,0,7,0,0,0,0,0,0,0,0,0,9,5,0,0,0,0,16,0,8,6,0,0,0,0,18,11,43,56,67,51,14,0,244,28,41,35,39,38,12,0,196,0,3,3,6,3,0,0,14,360,768,720,724,618,138,14,3342,0,9,0,4,0,0,0,11,0,10,4,3,0,0,0,19,0,0,0,0,0,0,0,0,0,0,0,0,0,0,0,0,0,0,0,0,0,0,0,0,83,225,201,241,181,34,0,964,45,17,10,14,11,7,0,110,3,0,0,0,0,0,0,5,0,0,0,0,0,0,0,0,0,3,0,0,0,0,0,3,0,0,0,0,4,0,0,5,5,5,3,3,4,0,0,21,140,268,221,263,203,39,0,1134,0,3,5,0,0,0,0,10
213011338,7,3,4,0,0,0,0,17,5,14,13,11,12,7,0,64,31,41,31,13,26,7,0,143,7,0,4,0,0,0,0,20,0,0,0,0,0,0,0,0,4,11,12,0,0,0,0,31,16,13,18,0,3,0,0,53,22,124,160,128,89,25,5,543,59,70,89,87,84,34,0,426,4,12,10,11,9,0,0,36,779,2113,2036,1882,1460,307,21,8586,13,11,7,0,0,0,0,31,14,7,6,5,0,5,0,31,0,0,0,0,0,0,0,0,0,0,0,0,0,0,0,0,0,6,5,0,0,0,0,14,147,455,499,522,355,62,3,2034,66,69,46,51,32,0,0,265,0,0,0,3,0,0,0,5,0,5,6,0,0,0,0,6,0,0,0,0,0,0,0,0,0,5,0,6,0,0,0,16,11,6,0,7,6,0,0,26,243,566,562,596,392,67,6,2427,5,10,3,3,0,0,0,32
213011339,3,0,0,0,0,0,0,3,0,6,0,0,0,0,0,9,3,6,7,0,0,0,0,8,0,0,0,0,0,0,0,0,0,0,0,0,0,0,0,0,0,3,0,0,0,0,0,4,0,5,0,0,0,0,0,12,8,25,23,21,22,3,0,107,29,8,6,11,9,0,0,64,0,5,0,0,0,0,0,3,133,165,101,117,100,36,3,659,7,4,0,0,3,0,0,16,5,0,0,0,0,0,0,0,0,0,0,0,0,0,0,0,0,0,0,0,0,0,0,0,0,4,0,0,0,0,0,4,69,166,171,181,107,25,0,722,36,14,0,10,7,0,0,69,0,0,0,0,0,0,0,0,0,0,0,0,0,0,0,0,0,0,0,0,0,0,0,0,0,0,0,0,0,0,0,3,5,8,3,3,3,0,0,26,120,199,184,199,120,29,0,846,6,6,0,3,0,0,0,5
213011340,11,0,0,0,0,0,0,11,7,5,3,0,0,0,0,16,24,13,9,0,0,0,0,39,5,0,0,0,0,0,0,7,0,0,0,0,0,0,0,0,0,0,0,0,0,0,0,0,3,0,0,0,0,0,0,6,11,54,51,60,55,25,0,265,207,57,35,26,35,19,0,383,3,3,0,0,0,0,0,12,711,472,342,291,265,92,6,2186,6,15,3,0,3,0,0,30,19,13,4,7,0,0,0,42,0,0,0,0,0,0,0,0,0,0,0,0,0,0,0,0,7,0,0,0,0,0,0,7,321,267,245,295,224,29,0,1383,240,20,7,4,6,0,0,292,0,0,0,0,0,0,0,3,0,0,0,0,0,0,0,0,3,0,0,0,0,0,0,3,3,0,5,0,0,0,0,10,11,3,0,6,4,5,0,34,612,316,270,315,241,38,0,1798,5,3,0,0,0,0,0,14
213011569,7,0,0,0,0,0,0,4,4,0,3,4,0,0,0,12,17,4,3,4,3,0,0,28,0,0,0,0,0,0,0,0,0,0,0,0,0,0,0,0,5,3,0,0,0,0,0,11,9,3,0,0,0,0,0,13,4,47,32,37,18,5,0,143,37,25,28,21,30,5,0,150,4,0,0,4,0,0,0,8,289,391,345,315,218,49,9,1610,5,12,4,0,0,0,0,19,10,8,0,0,3,0,0,26,0,0,0,0,0,0,0,0,0,0,0,0,0,0,0,0,3,0,0,0,0,0,0,3,116,192,220,190,137,24,0,887,93,14,11,6,7,4,0,135,0,0,0,0,0,0,0,0,0,0,0,0,0,0,0,0,0,0,0,0,0,0,0,0,0,0,0,0,0,0,0,0,4,3,3,3,6,0,0,20,230,231,245,209,159,27,0,1097,0,3,3,0,0,0,0,6
213011570,0,0,0,0,0,0,0,0,19,24,17,13,4,0,0,74,25,33,20,16,10,3,0,109,4,6,3,0,0,0,0,11,0,0,0,0,0,0,0,0,13,10,7,4,0,0,0,35,19,14,12,4,0,0,0,46,19,131,264,192,116,26,0,752,98,113,100,84,63,23,0,481,0,9,6,0,5,0,0,24,1014,2315,2389,1944,1254,269,11,9197,8,16,5,0,0,0,0,32,4,7,3,0,0,0,0,13,0,0,0,0,0,0,0,0,0,0,0,0,0,0,0,0,11,18,0,4,0,0,0,32,237,579,669,542,309,31,3,2371,114,63,35,36,30,0,0,279,0,0,0,0,0,0,0,0,0,0,0,0,0,0,0,0,0,0,0,0,0,0,0,0,0,5,0,0,3,0,0,12,3,0,3,3,0,0,0,10,376,689,720,591,342,36,3,2762,9,7,3,0,0,0,0,20
213021341,0,4,0,4,0,0,0,9,0,7,7,17,6,4,0,40,10,21,19,23,8,6,0,87,0,3,3,5,0,0,0,8,0,0,0,0,0,0,0,0,3,3,0,0,4,0,0,9,7,8,3,7,4,0,0,21,17,113,200,163,88,35,9,618,46,53,59,53,67,33,0,314,4,6,5,0,0,0,0,20,472,1187,1258,1166,900,221,21,5225,6,14,8,0,0,0,0,32,3,0,0,0,0,0,0,11,0,0,0,0,0,0,0,0,0,0,0,0,0,0,0,0,3,0,0,0,0,0,0,9,139,319,318,396,275,52,0,1501,48,36,12,14,13,0,0,125,0,0,0,0,0,0,0,0,0,5,0,0,0,0,0,5,3,0,9,0,3,0,0,17,0,0,6,0,0,0,0,13,17,6,16,14,6,0,0,59,222,380,372,434,297,55,0,1760,3,7,5,0,0,0,0,19
213021342,0,0,0,0,0,0,0,7,7,0,0,0,0,0,0,10,9,0,0,0,0,0,0,12,0,0,0,0,0,0,0,6,0,0,0,0,0,0,0,0,0,0,0,0,0,0,0,0,3,0,0,0,0,0,0,9,6,18,47,43,21,5,0,142,56,16,15,6,10,0,0,104,0,3,0,0,0,0,0,3,229,171,174,153,108,26,6,856,4,0,0,0,0,0,0,15,3,4,0,0,0,0,0,9,0,0,0,0,0,0,0,0,0,0,0,0,0,0,0,0,4,6,0,0,0,0,0,10,66,135,176,146,138,24,0,687,73,21,14,5,5,0,0,111,0,0,0,0,0,0,0,0,0,0,0,0,0,0,0,0,0,0,0,0,0,0,0,6,0,3,0,0,0,0,0,5,15,3,0,6,6,0,0,34,166,170,198,167,151,25,4,871,3,4,3,0,0,0,0,13
213021343,5,0,0,3,0,0,0,5,19,17,12,8,3,0,0,56,34,40,22,13,11,5,0,120,7,8,0,0,0,0,0,17,0,0,0,0,0,0,0,0,7,10,5,0,0,0,0,23,10,15,3,0,4,0,0,41,15,158,289,235,140,21,0,866,168,120,112,73,49,24,3,552,7,5,8,6,8,0,4,34,910,1952,1996,1674,1176,265,25,8004,10,10,4,0,0,0,0,30,20,12,6,3,4,0,0,51,0,0,0,0,0,0,0,0,0,0,0,0,0,0,0,0,5,12,7,0,0,0,0,20,290,606,551,494,341,58,5,2344,145,59,37,24,22,5,0,297,0,0,0,0,0,0,0,0,0,0,0,0,0,0,0,0,0,3,3,0,0,0,0,14,0,0,0,0,0,0,0,5,7,6,3,6,9,0,0,24,478,705,610,533,377,66,8,2784,4,13,3,0,4,0,0,31
213021344,0,0,0,0,0,0,0,3,0,8,0,3,0,0,0,9,5,20,9,12,5,4,0,53,0,5,0,0,0,0,0,9,0,0,0,0,0,0,0,0,0,0,0,5,0,0,0,7,0,4,0,4,0,0,0,19,17,92,154,136,83,25,5,507,49,51,63,52,62,21,0,302,4,0,10,3,3,0,0,16,292,737,744,724,552,130,7,3190,20,30,13,7,5,0,0,76,9,4,3,0,0,0,0,16,0,0,0,0,0,0,0,0,0,0,0,0,0,0,0,0,0,0,0,0,0,0,0,0,72,208,216,182,138,24,5,839,26,12,10,10,5,8,0,75,0,0,0,0,0,0,0,0,0,0,0,0,0,0,0,0,0,6,4,7,0,0,0,19,0,3,0,4,0,0,0,5,9,9,12,10,9,0,0,48,139,272,261,215,165,27,7,1080,4,9,9,3,6,0,0,29
213021345,0,0,0,0,0,0,0,0,0,0,0,0,0,0,0,3,0,0,0,0,0,0,0,3,0,0,0,0,0,0,0,0,0,0,0,0,0,0,0,0,0,0,0,0,0,0,0,0,0,0,0,0,0,0,0,0,3,4,15,10,11,5,0,41,6,3,3,5,4,0,0,16,0,0,0,0,0,0,0,0,34,31,48,33,27,4,0,174,0,0,0,0,0,0,0,0,0,0,0,0,0,0,0,0,0,0,0,0,0,0,0,0,0,0,0,0,0,0,0,0,0,0,0,0,0,0,0,0,8,19,15,23,12,8,0,81,3,0,0,0,0,0,0,3,0,0,0,0,0,0,0,0,0,0,0,0,0,0,0,0,0,0,0,0,0,0,0,0,0,0,0,0,0,0,0,0,4,0,0,0,0,0,0,7,12,22,22,22,9,10,0,99,0,0,0,0,0,0,0,0
213021346,0,0,0,0,3,0,0,0,0,6,3,7,4,0,0,20,17,14,5,7,9,0,0,53,0,0,0,0,0,0,0,8,0,0,0,0,0,0,0,0,8,5,4,0,0,0,0,9,6,4,5,3,0,0,0,16,17,97,129,154,134,44,12,597,104,53,51,47,31,14,0,304,0,0,0,0,4,0,0,11,559,868,790,740,597,190,32,3779,17,25,5,0,0,0,0,53,7,7,4,5,3,0,0,26,0,0,0,0,0,0,0,0,0,0,0,0,0,0,0,0,0,0,0,0,0,0,0,0,173,310,291,336,279,66,3,1460,49,17,17,11,12,3,0,105,0,0,0,0,0,0,0,0,0,0,0,0,0,0,0,0,6,3,9,3,5,0,0,24,0,5,4,0,0,0,0,12,40,16,13,27,24,10,0,125,295,383,337,382,330,81,7,1810,7,13,0,9,0,0,0,26
213031347,5,0,0,0,0,0,0,10,9,10,4,4,4,0,0,31,25,34,22,9,4,0,0,85,3,11,0,0,0,0,0,19,0,0,0,0,0,0,0,0,0,5,3,4,0,0,0,13,9,15,3,4,0,0,0,33,12,64,116,61,59,17,4,337,97,64,46,35,29,22,0,298,6,0,5,3,0,0,0,17,575,899,727,579,461,135,16,3387,8,13,6,0,0,0,0,27,22,18,7,9,4,0,0,53,0,0,0,0,0,0,0,0,3,0,0,0,0,0,0,8,4,10,0,0,0,0,0,14,214,432,438,420,296,48,3,1849,91,35,16,16,16,4,0,178,0,0,0,0,0,0,0,0,0,0,0,0,0,0,0,4,0,3,8,0,0,0,0,16,0,3,0,0,0,0,0,13,17,16,9,10,4,0,0,51,357,532,484,465,323,51,5,2212,5,17,0,0,0,0,0,30
213031348,0,0,0,0,3,0,0,7,4,11,13,11,8,3,0,46,22,46,35,30,24,5,0,171,8,14,7,0,0,0,0,39,0,0,0,0,0,0,0,0,0,9,3,0,0,0,0,20,12,29,14,3,0,0,0,62,55,433,562,410,234,70,6,1755,132,134,102,67,85,39,5,572,9,9,13,8,4,3,0,42,712,1858,1747,1313,970,277,24,6901,52,108,46,26,16,3,0,254,17,26,8,6,8,0,0,67,0,0,0,0,0,0,0,0,11,10,4,0,0,0,0,23,7,13,3,3,3,0,0,28,342,967,853,874,584,124,10,3761,85,52,36,60,66,12,3,316,0,0,0,0,3,0,0,5,0,0,0,0,0,0,0,4,3,22,15,20,8,0,0,60,0,9,6,13,4,0,0,47,27,65,50,28,19,5,0,203,543,1281,1021,1032,715,157,15,4763,21,29,16,12,6,6,0,86
213031349,7,5,0,0,0,0,0,13,9,3,0,0,0,0,0,20,25,23,10,0,8,0,0,67,20,13,0,0,0,0,0,27,3,0,0,0,0,0,0,3,7,0,3,3,0,0,0,13,25,13,3,3,0,0,0,42,21,78,80,66,38,16,3,299,212,104,44,24,26,6,0,426,4,5,3,0,0,0,0,12,765,675,425,287,217,57,5,2432,11,12,5,3,0,0,0,24,62,9,8,6,6,0,0,87,0,0,0,0,0,0,0,0,23,11,5,4,0,0,0,42,3,4,6,0,0,0,0,15,526,436,253,272,198,28,0,1715,159,33,16,11,13,7,0,242,0,0,0,0,0,0,0,0,0,0,0,0,0,0,0,0,0,0,0,0,0,0,0,4,0,4,4,0,0,0,0,12,17,20,6,5,8,0,0,53,800,535,299,305,230,32,0,2199,12,11,3,0,0,0,0,28
213031350,0,0,0,0,0,0,0,0,5,4,0,0,0,0,0,6,5,8,3,0,4,0,0,14,0,0,0,0,0,0,0,0,0,0,0,0,0,0,0,0,0,5,0,0,0,0,0,3,0,3,0,0,0,0,0,5,6,20,63,57,29,7,0,179,17,11,4,3,11,3,0,50,0,0,0,0,0,0,0,0,101,145,158,132,87,25,3,642,5,11,0,0,0,0,0,17,3,0,0,0,0,0,0,7,0,0,0,0,0,0,0,0,0,0,0,0,0,0,0,0,0,0,0,0,0,0,0,3,30,63,66,76,71,21,0,327,9,0,4,8,0,0,0,20,0,0,0,0,0,0,0,0,0,0,0,0,0,0,0,0,0,0,0,0,0,0,0,12,0,0,0,0,0,0,0,0,17,13,9,6,6,0,0,60,68,101,82,97,80,18,0,440,5,5,0,0,0,0,0,10
213031351,0,0,0,0,4,0,0,6,4,11,0,0,3,0,0,23,14,29,11,9,10,0,0,76,6,3,0,0,0,0,0,10,0,0,0,0,0,0,0,0,0,6,3,0,0,0,0,13,3,13,3,0,0,0,0,18,8,64,111,88,41,7,0,324,43,47,34,41,49,12,0,224,0,3,4,0,4,6,0,13,333,944,932,878,775,214,15,4085,5,17,4,3,0,0,0,41,10,7,3,3,0,0,0,22,0,0,0,0,0,0,0,0,0,0,0,0,0,0,0,0,0,0,0,0,0,0,0,7,78,220,261,325,161,34,3,1081,17,26,25,15,24,4,0,106,0,0,0,0,0,0,0,0,0,0,0,0,0,0,0,0,0,0,3,0,0,0,0,7,0,0,6,3,0,0,0,7,13,8,10,4,0,0,0,43,127,292,307,357,190,42,5,1309,0,0,0,0,0,0,0,7
213031352,0,0,0,0,0,0,0,0,3,11,0,7,0,0,0,29,15,24,0,7,0,0,0,59,3,6,6,0,0,4,0,15,0,0,0,0,0,0,0,0,4,3,0,4,0,0,0,13,10,9,5,4,0,4,0,22,13,99,163,173,80,23,6,546,101,65,53,38,33,9,3,298,0,11,0,4,0,0,0,14,457,821,776,679,471,116,11,3333,21,20,6,7,0,0,0,63,4,7,3,0,0,0,0,17,0,0,0,0,0,0,0,0,0,0,0,0,0,0,0,3,3,0,0,0,0,0,0,6,127,275,219,228,123,29,0,1002,56,17,12,17,13,4,0,110,0,0,0,0,0,0,0,0,0,0,0,0,0,0,0,0,0,0,4,3,0,0,0,19,0,5,4,0,0,0,0,13,39,31,5,15,8,0,0,96,257,360,262,263,149,34,0,1325,11,9,0,0,0,0,0,23
213041353,0,0,0,0,0,0,0,4,7,8,8,6,3,0,0,28,14,11,11,3,6,0,0,44,0,0,0,0,0,0,0,0,0,0,0,0,0,0,0,0,0,0,0,0,0,0,0,0,0,0,0,0,0,0,0,6,13,64,64,82,54,28,4,307,98,44,33,39,22,12,0,240,4,5,3,3,5,6,0,23,601,663,611,581,416,156,19,3047,7,6,3,0,0,0,0,11,10,4,0,0,6,0,0,15,0,0,0,0,0,0,0,0,0,0,0,0,0,0,0,0,0,0,0,0,0,0,0,0,277,478,492,523,336,60,6,2164,121,21,22,17,20,0,0,202,0,0,0,0,0,0,0,0,0,0,0,0,0,0,0,0,0,0,0,0,0,0,0,0,0,0,5,0,0,0,0,11,22,18,11,12,20,12,4,93,438,522,533,558,376,71,8,2505,0,0,0,0,0,0,0,7
213041358,0,0,0,0,0,0,0,0,4,3,3,3,0,0,0,16,7,8,3,3,0,0,0,21,0,0,0,0,0,0,0,0,0,0,0,0,0,0,0,0,0,0,0,0,0,0,0,7,5,3,0,0,0,0,0,9,8,46,46,35,22,14,0,168,83,30,23,11,18,0,0,173,3,6,0,0,3,0,0,14,377,383,277,188,127,43,0,1399,0,0,0,0,0,0,0,0,19,3,3,0,3,0,0,31,0,0,0,0,0,0,0,0,0,0,0,0,0,0,0,0,3,3,0,0,0,0,0,10,223,323,327,268,170,27,0,1331,137,18,10,3,10,6,0,184,0,0,0,0,0,0,0,0,0,0,0,0,0,0,0,0,0,0,0,0,0,0,0,3,0,3,0,0,0,0,0,5,6,4,8,8,7,0,0,33,391,357,352,288,186,28,0,1605,0,0,0,0,0,0,0,3
213041359,3,0,0,0,0,0,0,4,21,27,12,7,0,0,0,70,30,36,24,9,4,0,0,101,4,3,5,0,0,0,0,11,0,0,0,0,0,0,0,0,12,4,6,0,0,0,0,29,16,10,10,0,0,0,0,38,18,107,194,121,59,16,0,512,117,128,128,85,52,15,0,528,4,10,8,7,3,5,0,33,1134,2321,2081,1429,841,153,9,7969,7,13,3,0,0,0,0,24,4,3,4,0,0,0,0,13,0,0,0,0,0,0,0,0,0,0,0,0,0,0,0,0,4,15,0,0,0,0,0,21,273,762,645,545,273,39,0,2539,139,67,31,23,13,0,0,269,0,0,0,0,0,0,0,0,0,3,0,0,0,0,0,4,0,0,4,0,0,0,0,4,0,6,7,0,0,0,0,8,0,5,5,0,5,0,0,24,432,865,703,569,289,46,0,2903,4,0,3,0,0,0,0,13
213041360,0,0,0,0,0,0,0,3,0,6,6,3,0,0,0,13,3,5,8,3,0,0,0,23,5,0,0,0,0,0,0,5,0,0,0,0,0,0,0,0,0,3,0,6,0,0,0,7,5,3,0,6,0,0,0,10,6,30,70,64,15,5,4,199,39,17,14,12,8,0,0,100,0,0,0,3,0,0,0,3,233,178,220,157,81,19,5,895,0,0,0,0,0,0,0,5,0,0,0,0,0,0,0,6,0,0,0,0,0,0,0,0,0,0,0,0,0,0,0,0,0,0,0,0,0,0,0,0,76,99,147,143,81,10,0,559,75,8,7,7,3,0,0,102,0,0,0,0,0,0,0,0,0,0,0,0,0,0,0,0,0,0,0,0,0,0,0,5,0,3,3,7,3,0,0,7,0,5,9,4,0,0,0,20,156,117,161,165,89,7,0,705,0,0,0,0,0,0,0,4
213041461,0,0,0,0,0,0,0,0,0,0,0,0,0,0,0,5,0,0,0,4,0,0,0,6,0,0,0,0,0,0,0,0,0,0,0,0,0,0,0,0,0,0,0,0,0,0,0,4,0,0,0,0,0,0,0,3,0,9,13,10,3,0,0,39,19,8,9,6,3,0,0,37,0,0,0,0,0,0,0,0,89,68,58,54,24,3,0,309,0,0,0,0,0,0,0,3,8,9,0,0,0,0,0,14,0,0,0,0,0,0,0,0,0,0,0,0,0,0,0,0,0,4,0,0,0,0,0,3,33,35,67,41,23,4,0,209,42,3,0,6,3,0,0,52,0,0,0,0,0,0,0,0,0,0,0,0,0,0,0,0,0,0,0,0,0,0,0,0,0,0,0,0,0,0,0,0,0,0,0,0,0,0,0,0,78,49,72,50,29,9,0,282,0,0,0,0,0,0,0,0
213041462,0,0,0,0,0,0,0,0,0,0,0,0,0,0,0,0,0,0,0,0,0,0,0,0,0,0,0,0,0,0,0,0,0,0,0,0,0,0,0,0,0,0,0,0,0,0,0,0,0,0,0,0,0,0,0,0,0,8,28,12,3,4,0,61,7,0,0,0,0,0,0,13,0,0,0,0,0,0,0,0,15,29,72,38,10,6,0,176,0,0,0,0,0,0,0,0,0,0,0,0,0,0,0,0,0,0,0,0,0,0,0,0,0,0,0,0,0,0,0,0,0,0,0,0,0,0,0,0,12,39,57,30,8,0,0,139,0,0,0,3,0,0,0,9,0,0,0,0,0,0,0,0,0,0,0,0,0,0,0,0,0,0,0,0,0,0,0,0,0,0,0,0,0,0,0,3,0,0,0,0,0,0,0,3,17,46,63,31,8,0,0,156,0,0,0,0,0,0,0,0
213041463,4,0,0,0,0,0,0,4,10,0,4,4,4,0,0,16,13,5,4,4,4,0,0,21,4,0,0,0,0,0,0,4,0,0,0,0,0,0,0,0,0,3,0,0,4,0,0,6,4,4,0,0,0,0,0,10,17,58,104,78,33,11,0,301,88,39,33,28,17,8,0,206,4,3,0,0,0,0,0,8,381,345,369,263,144,57,4,1556,3,0,0,0,0,0,0,4,15,3,0,3,3,0,0,18,0,0,0,0,0,0,0,0,0,0,0,0,0,0,0,0,3,0,0,0,0,0,0,3,138,240,227,208,83,20,0,914,110,5,9,6,7,0,0,142,0,0,0,0,0,0,0,0,0,0,0,0,0,0,0,0,0,0,0,0,0,0,0,0,0,5,0,0,0,0,0,12,20,3,0,7,6,0,0,33,287,261,243,222,96,28,0,1134,6,7,4,0,0,0,0,13
213041571,0,0,0,0,0,0,0,0,5,0,0,0,0,0,0,7,5,0,0,0,0,0,0,7,0,0,0,0,0,0,0,0,0,0,0,0,0,0,0,0,0,0,7,0,0,0,0,10,0,0,7,0,0,0,0,10,0,9,18,15,8,3,0,55,4,0,4,7,0,0,0,16,0,0,0,0,0,0,0,0,24,67,69,50,36,13,0,257,0,0,0,0,0,0,0,0,0,0,0,0,0,0,0,0,0,0,0,0,0,0,0,0,0,0,0,0,0,0,0,0,0,0,0,0,0,0,0,0,14,39,41,33,25,3,0,159,6,4,0,0,0,0,0,8,0,0,0,0,0,0,0,0,0,0,0,0,0,0,0,0,0,0,0,0,0,0,0,0,0,0,0,0,0,0,0,0,0,3,0,0,0,0,0,5,20,51,41,37,28,3,0,174,0,0,0,0,0,0,0,0
213041572,0,0,0,0,0,0,0,0,0,0,0,4,0,0,0,7,0,0,0,7,0,0,0,12,0,0,0,0,0,0,0,0,0,0,0,0,0,0,0,0,0,0,4,0,0,0,0,4,0,0,6,0,0,0,0,6,0,13,21,6,13,0,0,63,10,7,7,4,3,5,0,36,0,0,0,0,0,0,0,3,90,216,193,146,89,18,3,758,0,0,0,0,0,0,0,3,0,0,0,0,0,0,0,3,0,0,0,0,0,0,0,0,0,0,0,0,0,0,0,0,0,0,0,0,0,0,0,0,30,71,62,71,34,5,0,268,13,3,0,3,0,0,0,29,0,0,0,0,0,0,0,0,0,0,0,0,0,0,0,0,0,0,0,0,0,0,0,0,0,0,0,0,0,0,0,0,0,9,0,0,0,0,0,10,44,83,72,79,34,7,0,315,0,0,0,0,0,0,0,0
213041573,0,0,0,0,0,0,0,0,0,0,0,0,0,0,0,0,0,0,0,0,0,0,0,0,0,0,0,0,0,0,0,0,0,0,0,0,0,0,0,0,0,0,0,0,0,0,0,0,0,0,0,0,0,0,0,0,0,3,18,14,10,0,0,44,4,4,0,3,4,3,0,20,0,0,0,0,0,0,0,0,18,37,42,31,20,11,0,162,0,0,0,0,0,0,0,0,0,0,0,0,0,0,0,0,0,0,0,0,0,0,0,0,0,0,0,0,0,0,0,0,0,0,0,0,0,0,0,0,11,14,14,23,9,0,0,81,4,0,0,0,0,0,0,4,0,0,0,0,0,0,0,0,0,0,0,0,0,0,0,0,0,0,0,0,0,0,0,0,0,0,0,0,0,0,0,0,3,0,3,0,0,0,0,5,25,18,19,22,9,0,0,92,0,0,0,0,0,0,0,0
213041574,0,0,0,0,0,0,0,0,0,3,0,0,0,0,0,8,0,3,0,0,0,0,0,8,0,0,0,0,0,0,0,4,0,0,0,0,0,0,0,0,0,0,0,0,0,0,0,4,0,0,4,0,0,0,0,4,8,17,42,10,4,0,0,87,6,7,12,9,0,5,0,31,0,0,0,0,0,0,0,0,80,212,195,95,48,15,3,641,0,6,0,0,0,0,0,3,0,4,0,0,0,0,0,4,0,0,0,0,0,0,0,0,0,0,0,0,0,0,0,0,0,0,0,0,0,0,0,0,16,35,28,19,15,0,0,110,5,5,0,6,0,0,0,15,0,0,0,0,0,0,0,0,0,0,0,0,0,0,0,0,0,0,0,0,0,0,0,0,0,0,0,0,0,0,0,3,0,0,0,0,0,0,0,7,24,45,34,21,17,0,0,141,0,0,0,0,0,0,0,0
213041575,0,0,0,0,0,0,0,0,0,4,0,3,0,0,0,6,4,4,0,3,0,0,0,10,0,0,0,0,0,0,0,0,0,0,0,0,0,0,0,0,0,0,0,0,0,0,0,0,5,0,0,0,0,0,0,3,9,21,33,48,30,8,0,142,19,5,11,8,5,0,0,55,0,0,0,3,0,0,0,4,146,144,129,146,98,25,0,691,4,0,0,0,0,0,0,4,5,0,0,0,0,0,0,5,0,0,0,0,0,0,0,0,0,0,0,0,0,0,0,0,0,0,0,0,0,0,0,3,43,97,88,94,49,0,0,372,17,0,0,6,0,0,0,29,0,0,0,0,0,0,0,0,0,0,0,0,0,0,0,0,0,0,0,0,0,0,0,0,0,0,0,0,0,0,0,8,0,4,0,3,0,0,0,8,66,112,90,103,50,4,0,425,0,0,0,0,0,0,0,4
213041576,0,0,0,0,0,0,0,0,3,0,0,0,0,0,0,7,3,0,0,0,0,0,0,7,0,0,0,0,0,0,0,0,0,0,0,0,0,0,0,0,0,0,0,0,0,0,0,0,0,0,0,0,0,0,0,0,3,14,22,29,29,4,6,105,11,4,14,6,11,4,0,43,0,0,0,0,0,0,0,0,66,114,108,119,97,26,6,538,0,0,0,0,0,0,0,0,0,0,3,0,0,0,0,3,0,0,0,0,0,0,0,0,0,0,0,0,0,0,0,0,0,0,0,0,0,0,0,0,25,66,76,78,42,6,0,298,3,3,0,6,5,0,0,22,0,0,0,0,0,0,0,3,0,0,0,0,0,0,0,0,0,0,0,0,0,0,0,0,0,0,0,0,0,0,0,4,0,0,0,3,5,0,0,9,31,73,83,84,47,11,4,341,0,0,0,0,0,0,0,0
213041577,3,0,0,0,0,0,0,8,12,10,0,3,4,3,0,27,15,13,0,3,4,3,0,39,0,0,0,0,0,0,0,0,0,0,0,0,0,0,0,0,4,0,0,0,0,0,0,9,4,3,0,0,0,0,0,10,6,58,69,57,40,12,0,237,121,57,31,42,28,15,0,291,4,4,3,3,4,0,0,15,621,697,567,516,358,121,10,2884,5,4,0,0,0,0,0,8,17,4,3,3,0,0,0,27,0,0,0,0,0,0,0,0,0,0,0,0,0,0,0,0,0,3,0,0,0,0,0,3,248,397,413,359,210,55,0,1684,155,25,16,16,17,0,0,229,0,0,0,0,0,0,0,0,0,0,0,0,0,0,0,0,0,3,4,0,0,0,0,3,3,0,0,0,0,0,0,9,3,0,3,0,0,4,3,24,433,435,439,389,237,59,3,1993,4,3,0,0,0,0,0,8
213041578,0,4,0,0,0,0,0,4,9,0,5,0,0,0,0,9,11,3,5,0,0,0,0,16,0,0,0,0,0,0,0,0,0,0,0,0,0,0,0,0,0,0,0,0,0,0,0,4,6,0,0,0,0,0,0,0,10,43,32,35,7,5,0,121,21,13,18,12,8,6,0,82,0,0,0,0,0,0,0,4,164,250,205,148,82,19,0,865,0,0,4,0,0,0,0,6,3,0,0,4,0,0,0,8,0,0,0,0,0,0,0,0,0,0,0,0,0,0,0,0,0,0,0,0,0,0,0,3,69,195,182,142,101,23,4,704,43,27,9,10,7,0,0,92,0,0,0,0,0,0,0,0,0,0,0,0,0,0,0,0,0,0,0,0,0,0,0,0,0,0,0,0,0,0,0,4,7,7,0,5,3,0,0,25,118,234,192,160,114,29,4,851,0,4,0,0,0,0,0,4
213051361,3,3,0,0,0,0,0,14,14,13,12,4,7,0,0,47,22,20,24,10,7,0,0,81,0,3,3,0,0,0,0,12,0,0,0,0,0,0,0,0,14,0,3,6,0,0,0,27,15,9,9,6,0,0,0,35,15,51,77,46,59,23,3,276,170,75,59,43,48,12,0,418,5,6,10,0,0,0,0,25,999,1213,1014,839,604,143,13,4833,0,0,0,0,0,0,0,6,22,11,5,0,0,0,0,36,0,0,0,0,0,0,0,0,0,0,0,0,0,0,0,0,11,7,5,0,4,0,0,20,245,442,499,394,260,39,3,1890,188,55,34,24,30,5,0,337,0,0,0,0,0,0,0,3,0,0,0,0,0,0,0,4,0,5,0,0,0,0,0,11,3,5,8,0,0,0,0,14,10,3,4,6,0,0,0,29,481,529,556,434,297,51,3,2350,3,8,0,0,0,0,0,14
213051362,11,7,0,0,0,0,0,10,3,3,5,0,0,0,0,16,19,12,7,3,0,0,0,40,0,0,0,0,0,0,0,5,3,3,0,0,0,0,0,5,4,5,0,0,0,0,0,10,7,9,0,0,0,0,0,17,8,38,70,50,41,12,0,212,158,53,29,19,23,6,0,287,5,6,6,0,0,0,0,13,540,394,305,225,171,54,4,1681,3,3,0,0,0,0,0,8,29,19,11,0,9,0,0,74,0,0,0,0,0,0,0,0,0,0,0,0,0,0,0,0,5,0,0,0,0,0,0,11,315,380,344,280,197,39,4,1563,177,33,16,14,12,5,0,249,0,0,0,0,0,0,0,0,0,0,0,0,0,0,0,0,0,0,0,0,0,0,0,4,0,0,0,4,0,0,0,6,13,5,14,5,7,0,0,46,545,455,391,304,220,39,4,1968,9,7,0,0,0,0,0,20
213051363,4,6,0,0,3,0,0,13,23,28,22,15,19,0,0,108,40,56,41,25,30,6,0,200,3,10,8,0,0,0,0,25,0,0,0,0,0,0,0,0,15,23,8,7,6,0,0,60,24,27,12,9,9,0,0,87,44,221,390,358,216,36,6,1261,107,126,190,182,175,28,4,814,7,16,18,4,8,4,0,64,1385,3594,3839,3494,2655,486,33,15482,13,21,8,6,0,0,0,43,14,6,0,3,5,0,0,33,0,0,0,0,0,0,0,0,0,0,0,0,0,0,0,4,3,3,0,0,0,0,0,10,308,797,939,882,489,64,3,3484,123,85,66,55,30,9,3,374,0,0,0,4,0,0,0,4,3,0,0,0,0,0,0,3,0,0,5,0,0,0,0,6,4,4,7,3,0,0,0,19,9,14,12,6,3,0,0,33,475,935,1032,955,531,74,7,4008,13,10,6,3,0,0,0,29
213051368,5,0,0,0,0,0,0,9,3,23,11,8,5,3,0,46,21,25,11,13,7,3,0,81,4,0,0,0,0,0,0,7,0,0,0,0,0,0,0,0,6,7,4,0,0,0,0,14,12,7,4,0,0,0,0,22,35,167,238,170,124,29,3,769,116,90,84,73,65,20,6,455,3,15,6,3,3,0,0,25,684,1269,1295,966,690,232,31,5159,10,21,9,3,0,0,0,42,33,22,15,8,3,0,0,84,0,0,0,0,0,0,0,0,0,0,0,0,0,0,0,0,6,10,5,3,0,0,0,21,352,1039,1023,923,601,100,4,4044,129,74,55,65,35,13,0,373,0,0,0,0,0,0,0,0,0,0,0,0,0,0,0,3,6,4,3,4,4,0,0,12,0,4,9,8,0,0,0,28,12,21,13,21,15,4,0,88,540,1202,1130,1033,663,125,9,4697,6,7,4,4,0,0,0,24
213051464,0,0,0,0,0,0,0,3,0,0,0,0,0,0,0,6,0,0,7,0,0,0,0,9,0,0,0,0,0,0,0,0,0,0,0,0,0,0,0,0,0,0,8,0,0,0,0,4,3,0,6,0,0,0,0,12,10,38,140,101,47,23,0,365,15,12,11,3,9,0,0,63,0,0,0,0,0,0,0,5,101,154,268,179,114,52,3,870,0,0,0,0,0,0,0,4,3,0,0,0,0,0,0,8,0,0,0,0,0,0,0,0,0,0,0,0,0,0,0,0,0,0,0,0,0,0,0,0,37,107,112,75,31,3,0,373,14,8,13,8,3,0,0,47,0,0,0,0,0,0,0,0,0,0,0,0,0,0,0,0,0,4,0,3,0,0,0,3,0,3,0,0,0,0,0,6,9,10,4,0,0,0,0,28,64,128,134,90,40,3,0,463,0,0,0,0,0,0,0,4
213051466,0,0,0,0,0,0,0,0,0,0,0,0,0,0,0,5,0,5,3,0,0,0,0,14,0,0,0,0,0,0,0,0,0,0,0,0,0,0,0,0,0,0,0,0,0,0,0,0,0,0,0,0,0,0,0,6,8,43,159,62,27,3,0,309,21,9,13,3,3,3,0,51,0,0,0,0,0,0,0,9,115,179,306,126,61,18,0,802,0,0,0,0,0,0,0,0,0,4,0,0,0,0,0,6,0,0,0,0,0,0,0,0,0,0,0,0,0,0,0,0,0,3,0,0,0,0,0,0,63,118,157,79,31,8,0,456,18,12,15,4,0,0,0,55,0,0,0,0,0,0,0,0,0,0,0,0,0,0,0,0,3,0,0,0,0,0,0,3,0,0,0,0,0,0,0,8,5,5,4,4,3,0,0,24,94,144,173,94,36,7,0,554,0,0,0,0,0,0,0,0
213051467,0,0,0,0,0,0,0,0,0,3,0,0,0,0,0,7,5,5,0,4,0,0,0,16,4,0,0,0,0,0,0,6,0,0,0,0,0,0,0,0,5,0,0,0,0,0,0,3,3,0,0,0,0,0,0,12,7,44,41,40,51,12,0,191,24,7,21,13,11,3,0,92,0,4,0,0,0,0,0,3,136,232,222,163,136,40,3,936,3,0,0,0,0,0,0,7,0,3,0,3,4,0,0,15,0,0,0,0,0,0,0,0,0,0,0,0,0,0,0,0,0,6,3,0,0,0,0,5,88,186,192,172,156,25,0,820,31,16,17,18,3,0,0,85,0,0,0,0,0,0,0,0,0,0,0,0,0,0,0,0,0,0,0,0,0,0,0,0,0,6,0,0,0,0,0,8,0,3,4,4,4,0,0,12,129,226,218,192,167,26,0,956,3,7,0,0,0,0,0,8
213051468,0,0,0,0,0,0,0,0,3,4,5,0,0,0,0,16,8,3,3,4,0,0,0,16,0,0,0,0,0,0,0,0,0,0,0,0,0,0,0,0,0,3,6,0,0,0,0,3,0,3,6,0,0,0,0,5,5,44,61,42,24,12,6,193,29,25,14,9,14,7,0,89,0,0,3,0,0,0,0,5,163,340,270,193,131,45,6,1148,0,0,0,0,0,0,0,0,0,0,0,0,0,0,0,4,0,0,0,0,0,0,0,0,0,0,0,0,0,0,0,0,3,0,0,0,0,0,0,6,61,105,121,92,45,8,0,435,36,7,3,6,0,0,0,56,0,0,0,0,0,0,0,0,0,0,0,0,0,0,0,0,0,0,0,0,0,0,0,0,0,0,0,0,0,0,0,3,4,3,0,6,5,0,0,21,105,123,129,102,56,9,0,523,0,0,0,0,0,0,0,7
213051579,0,0,0,0,0,0,0,0,0,0,0,0,0,0,0,4,0,0,4,0,0,0,0,3,0,0,0,0,0,0,0,0,0,0,0,0,0,0,0,0,0,0,0,0,0,0,0,0,0,0,0,0,0,0,0,4,6,38,75,19,16,4,0,163,0,11,4,4,5,0,0,24,0,0,0,0,0,0,0,0,44,103,149,63,32,13,0,398,0,12,0,0,0,0,0,12,0,0,0,0,0,0,0,3,0,0,0,0,0,0,0,0,0,0,0,0,0,0,0,0,0,0,0,0,0,0,0,0,21,69,76,60,34,8,0,257,0,4,3,3,0,0,0,16,0,0,0,0,0,0,0,0,0,0,0,0,0,0,0,0,4,0,0,0,0,0,0,4,0,0,0,0,0,0,0,0,0,0,4,0,4,0,0,12,27,81,88,61,35,7,0,302,0,4,0,0,0,0,0,4
213051580,0,0,0,0,0,0,0,6,11,4,4,0,0,0,0,16,17,9,5,0,0,0,0,34,6,0,0,0,0,0,0,6,6,0,0,0,0,0,0,6,4,0,4,0,0,0,0,9,11,0,5,0,0,0,0,16,19,63,94,93,50,10,0,336,166,52,30,16,21,11,0,304,0,0,0,0,0,0,0,9,651,508,464,328,180,50,0,2184,5,5,0,0,0,0,0,11,30,14,0,4,0,0,0,50,0,0,0,0,0,0,0,0,0,0,0,0,0,0,0,0,4,6,0,0,0,0,0,8,233,366,375,252,153,17,0,1401,203,31,20,7,6,3,0,271,0,0,0,0,0,0,0,3,0,0,0,0,0,0,0,0,3,0,0,0,0,0,0,3,5,3,0,8,8,0,0,19,28,9,3,10,9,0,0,66,505,438,415,281,175,22,0,1835,3,4,6,0,0,0,0,14
213051581,0,0,0,0,0,0,0,0,0,0,0,0,0,0,0,7,3,0,0,0,0,0,0,11,0,0,0,0,0,0,0,5,0,0,0,0,0,0,0,0,0,0,0,0,0,0,0,0,0,0,0,0,0,0,0,3,3,19,56,20,22,4,0,125,12,5,8,3,3,0,3,33,0,0,0,0,0,0,0,3,62,96,124,63,47,11,3,409,0,0,0,0,0,0,0,0,0,0,0,0,0,0,0,5,0,0,0,0,0,0,0,0,0,0,0,0,0,0,0,0,0,0,0,0,0,0,0,0,39,101,143,81,32,3,0,397,27,12,3,7,7,0,0,48,0,0,0,0,0,0,0,0,0,0,0,0,0,0,0,0,0,0,0,0,0,0,0,3,0,0,0,0,0,0,0,0,8,0,9,7,0,0,0,22,70,121,159,89,46,3,0,485,0,0,0,0,0,0,0,0
213051582,0,0,0,0,0,0,0,0,0,0,0,0,0,0,0,5,0,0,0,0,0,0,0,4,0,0,0,0,0,0,0,0,0,0,0,0,0,0,0,0,4,0,5,0,0,0,0,9,4,0,5,0,0,0,0,9,3,15,27,12,6,0,0,60,11,9,8,11,0,0,0,35,0,0,6,0,0,0,0,3,115,154,168,64,17,6,0,517,0,0,0,0,0,0,0,0,0,4,0,0,0,0,0,9,0,0,0,0,0,0,0,0,0,0,0,0,0,0,0,0,4,0,0,0,0,0,0,0,14,51,50,16,3,0,0,145,28,9,0,0,0,0,0,39,0,0,0,0,0,0,0,0,0,0,0,0,0,0,0,0,0,0,0,0,0,0,0,0,0,0,0,0,0,0,0,4,9,4,0,0,0,0,0,15,56,76,53,15,3,0,0,203,0,0,0,0,0,0,0,0
213051583,0,3,0,0,0,0,0,4,3,9,4,0,0,0,0,14,7,16,6,0,0,0,0,33,0,0,0,0,0,0,0,10,0,0,0,0,0,0,0,0,9,11,7,0,0,0,0,23,10,12,7,0,0,0,0,35,16,53,150,63,24,11,0,309,71,31,40,10,16,3,0,167,5,3,3,3,0,0,0,15,317,482,508,187,108,24,0,1617,5,10,4,0,0,0,0,18,11,11,0,0,0,0,0,26,0,0,0,0,0,0,0,0,0,0,0,0,0,0,0,0,4,4,4,0,3,0,0,18,138,298,312,189,94,14,0,1043,79,28,18,7,0,0,0,136,0,0,0,0,0,0,0,0,0,0,0,0,0,0,0,0,0,0,0,0,0,0,0,0,0,0,3,0,0,0,0,5,22,13,19,7,0,0,0,71,265,368,358,208,104,16,0,1320,5,3,4,0,0,0,0,11
213051584,0,0,0,0,0,0,0,0,0,0,3,0,0,0,0,7,0,3,5,0,0,0,0,15,0,0,0,0,0,0,0,0,0,0,0,0,0,0,0,0,0,4,0,0,0,0,0,3,0,4,0,0,0,0,0,3,0,25,31,7,0,0,0,67,14,7,5,0,4,0,0,29,0,0,0,0,0,0,0,0,85,153,131,44,22,0,0,437,0,0,0,0,0,0,0,0,0,0,0,0,0,0,0,0,0,0,0,0,0,0,0,0,0,0,0,0,0,0,0,0,0,0,0,0,0,0,0,0,8,18,12,10,3,0,0,53,4,0,0,0,0,0,0,9,0,0,0,0,0,0,0,0,0,0,0,0,0,0,0,0,0,0,0,0,0,0,0,0,0,0,0,0,0,0,0,0,0,0,0,0,0,0,0,0,20,20,11,10,3,0,0,63,0,0,0,0,0,0,0,0
213051585,0,0,0,0,0,0,0,0,8,5,3,0,0,0,0,9,8,5,3,0,0,0,0,12,0,0,0,0,0,0,0,0,0,0,0,0,0,0,0,0,0,5,3,0,0,0,0,11,0,9,3,0,0,0,0,11,6,16,31,16,11,0,3,83,10,12,17,7,5,0,0,51,0,0,0,0,0,0,0,0,79,154,137,73,50,4,7,500,0,0,0,0,0,0,0,0,3,3,0,0,0,0,0,12,0,0,0,0,0,0,0,0,0,0,0,0,0,0,0,0,0,0,0,0,0,0,0,0,40,86,118,64,23,0,0,340,15,12,6,7,0,0,0,34,0,0,0,0,0,0,0,0,0,0,0,0,0,0,0,0,0,0,0,0,0,0,0,0,0,0,0,0,0,0,0,3,4,10,11,0,3,0,0,24,67,112,135,71,31,0,0,417,0,0,0,0,0,0,0,0
213051586,0,0,0,0,0,0,0,7,16,18,12,6,6,0,0,53,21,36,20,10,5,0,0,98,0,3,0,4,0,0,0,4,0,0,0,0,0,0,0,0,7,17,6,0,5,0,0,37,12,18,11,6,5,0,0,44,5,111,170,136,94,12,0,534,59,110,123,98,79,19,0,490,7,15,17,5,0,0,0,40,972,2610,2465,1763,1163,196,5,9173,5,5,0,0,0,0,0,6,11,10,5,3,0,0,0,22,0,0,0,0,0,0,0,0,0,0,0,0,0,0,0,0,9,20,7,0,0,0,0,43,260,589,651,548,285,22,0,2355,88,115,45,48,32,5,0,331,0,0,0,0,0,0,0,0,0,0,0,0,0,0,0,0,0,0,0,0,0,0,0,0,0,0,7,0,0,0,0,7,0,0,0,0,0,0,0,8,374,743,717,602,320,27,0,2782,4,3,0,0,0,0,0,9
213051587,0,0,0,0,0,0,0,0,5,0,0,0,0,0,0,5,5,4,0,0,0,0,0,7,0,0,0,0,0,0,0,0,0,0,0,0,0,0,0,0,5,5,5,0,0,0,0,13,5,5,5,0,0,0,0,13,4,23,60,19,9,0,0,117,21,12,14,13,3,0,0,54,0,4,0,0,0,0,0,5,122,283,245,116,52,16,0,830,0,0,0,0,0,0,0,4,0,0,5,0,0,0,0,4,0,0,0,0,0,0,0,0,0,0,0,0,0,0,0,0,3,0,0,0,0,0,0,3,33,79,98,61,29,0,0,299,33,10,15,5,0,0,0,63,0,0,0,0,0,0,0,0,0,0,0,0,0,0,0,0,0,0,0,0,0,0,0,0,0,0,0,0,0,0,0,0,0,0,0,0,0,0,0,3,68,97,118,67,28,0,0,383,0,5,0,0,0,0,0,3
213051588,0,0,0,0,0,0,0,0,0,0,0,0,0,0,0,4,7,0,0,0,0,0,0,9,0,0,0,0,0,0,0,0,0,0,0,0,0,0,0,0,4,0,3,0,0,0,0,12,7,0,3,0,0,0,0,11,12,45,86,47,28,3,0,222,9,14,16,14,11,4,0,67,0,5,4,0,0,0,0,9,98,237,305,147,80,17,3,889,0,0,5,0,0,0,0,9,7,5,0,0,0,0,0,6,0,0,0,0,0,0,0,0,0,0,0,0,0,0,0,0,0,11,0,0,0,0,0,12,34,145,153,130,56,11,0,531,14,18,12,9,0,0,0,61,0,0,0,0,0,0,0,0,0,0,0,0,0,0,0,0,0,0,4,0,0,0,0,7,0,6,6,0,3,0,0,11,0,4,14,0,0,0,0,23,63,187,193,143,66,12,0,652,0,4,0,0,0,0,0,5
213051589,0,0,0,0,0,0,0,0,0,0,0,0,0,0,0,0,0,0,0,0,0,0,0,0,0,0,0,0,0,0,0,0,0,0,0,0,0,0,0,0,0,0,4,0,0,0,0,4,0,0,0,0,0,0,0,7,11,18,33,4,3,0,0,66,12,5,7,4,0,0,0,30,0,0,0,0,0,0,0,5,78,88,107,55,37,5,0,367,0,0,0,0,0,0,0,0,0,4,0,0,0,0,0,7,0,0,0,0,0,0,0,0,0,0,0,0,0,0,0,0,0,0,0,0,0,0,0,3,31,54,57,41,16,3,0,199,14,12,8,3,0,0,0,34,0,0,0,0,0,0,0,0,0,0,0,0,0,0,0,0,0,0,0,0,0,0,0,0,0,3,0,0,0,0,0,3,4,4,4,0,0,0,0,10,49,72,67,44,15,5,0,260,0,0,0,0,0,0,0,0
213051590,0,0,0,0,0,0,0,0,0,0,0,0,0,0,0,8,3,7,0,0,0,0,0,12,0,0,0,0,0,0,0,0,0,0,0,0,0,0,0,0,3,6,0,0,0,0,0,5,3,6,0,0,0,0,0,10,0,21,38,25,8,6,0,94,33,19,7,7,5,7,0,74,0,0,3,0,0,0,0,4,185,134,128,86,45,21,3,605,3,3,0,0,0,0,0,11,15,0,5,0,0,0,0,17,0,0,0,0,0,0,0,0,0,0,0,0,0,0,0,0,7,0,5,0,0,0,0,3,64,119,132,73,53,4,0,450,69,15,12,3,3,4,0,100,0,0,0,0,0,0,0,0,0,0,0,0,0,0,0,0,0,0,0,0,0,0,0,4,0,0,0,0,0,0,0,3,14,4,5,0,3,0,0,26,172,144,158,80,63,10,0,619,0,0,0,0,0,0,0,4
214011370,10,0,0,3,0,0,0,15,16,15,3,5,0,0,0,42,39,24,9,8,6,0,0,84,0,4,0,0,0,0,0,5,0,0,0,0,0,0,0,0,8,6,3,0,0,0,0,28,8,11,3,4,0,0,0,33,16,65,166,141,97,31,3,521,191,81,66,53,46,30,14,483,6,5,4,8,5,0,3,35,1368,1998,1822,1674,1196,317,64,8433,0,8,3,4,0,0,0,11,23,12,12,11,9,0,0,61,0,0,0,0,0,0,0,0,0,0,0,0,0,0,0,0,10,8,5,0,0,0,0,22,442,784,762,796,552,86,4,3424,189,60,36,41,32,8,0,374,0,0,0,0,0,0,0,0,0,0,0,0,0,0,0,0,0,0,0,0,0,0,0,6,4,3,5,0,3,0,0,17,28,6,6,6,5,0,0,52,697,877,829,860,605,99,6,3970,3,3,0,0,3,0,0,14
214011371,7,0,0,0,0,0,0,11,13,3,5,0,3,3,0,26,29,8,15,6,8,3,0,65,6,3,3,0,0,0,0,8,4,0,0,0,0,0,0,4,7,4,4,0,0,0,0,19,19,4,7,0,0,0,0,32,52,185,295,255,147,57,17,1000,267,147,104,97,88,45,9,759,0,10,7,6,4,0,4,32,1055,1297,1246,1128,822,268,62,5879,11,14,7,8,5,0,0,44,51,29,8,10,10,6,0,115,0,0,0,0,0,0,0,3,0,0,0,0,0,0,0,0,9,5,0,0,3,0,0,21,778,1554,1409,1498,1177,244,7,6662,209,54,34,43,46,6,4,388,0,0,0,0,0,0,0,0,0,0,0,0,0,0,0,0,3,5,0,9,8,0,0,28,5,5,6,0,6,0,0,24,27,35,33,29,29,3,0,153,1086,1698,1500,1600,1280,268,13,7433,10,12,4,0,0,0,0,28
214011372,4,0,0,0,0,0,0,3,5,0,0,7,0,0,0,9,6,5,0,7,0,0,0,17,0,3,0,0,0,0,0,3,0,0,0,0,0,0,0,0,0,0,3,0,0,0,0,5,0,3,3,0,0,0,0,8,19,39,42,40,43,12,0,195,92,40,17,24,18,5,0,188,3,6,0,0,0,0,0,10,322,360,262,223,189,56,7,1417,0,4,3,0,0,0,0,9,9,5,0,3,3,0,0,29,0,0,0,0,0,0,0,0,0,0,0,0,0,0,0,0,0,0,0,0,0,0,0,3,177,283,267,293,212,34,4,1271,70,17,12,13,16,3,0,131,0,0,0,0,0,0,0,0,0,0,0,0,0,0,0,0,0,0,3,0,0,0,0,5,0,3,3,0,3,0,0,8,3,6,0,3,6,0,0,19,262,325,287,312,241,43,4,1471,5,0,0,0,0,0,0,6
214011373,0,0,0,0,0,0,0,3,4,0,0,0,0,0,0,8,10,3,4,0,0,0,0,18,0,0,0,0,0,0,0,0,0,0,0,0,0,0,0,0,0,0,0,0,0,0,0,0,0,0,0,0,0,0,0,0,12,38,77,112,83,40,9,369,46,15,6,24,13,4,4,115,3,0,0,0,0,0,0,10,198,181,207,242,207,70,18,1135,0,0,0,0,0,0,0,0,0,3,0,0,3,0,0,9,0,0,0,0,0,0,0,0,0,0,0,0,0,0,0,0,0,0,0,0,0,0,0,5,87,133,175,191,154,25,0,765,43,4,10,4,14,0,0,66,0,0,0,0,0,0,0,0,0,0,0,0,0,0,0,0,0,0,0,0,0,0,0,0,0,0,5,3,0,0,0,9,12,0,5,7,11,0,0,35,133,141,198,204,175,29,0,891,0,0,0,0,0,0,0,3
214011374,3,0,0,0,0,0,0,3,4,5,5,0,0,0,0,8,8,0,4,3,0,0,0,25,0,0,0,0,0,0,0,0,0,0,0,0,0,0,0,0,3,0,0,0,0,0,0,7,3,0,0,0,0,0,0,8,18,58,78,85,82,28,0,350,64,31,30,34,28,15,3,200,3,3,0,3,0,0,0,9,404,461,430,411,315,108,15,2131,0,0,0,0,0,0,0,0,8,6,4,0,3,0,0,20,0,0,0,0,0,0,0,0,0,0,0,0,0,0,0,0,5,3,0,0,0,0,0,5,208,390,393,419,279,59,0,1747,71,20,17,14,8,0,0,134,0,0,0,0,0,0,0,0,0,0,0,0,0,0,0,0,0,0,0,0,0,0,0,0,6,7,4,0,0,5,0,17,10,7,11,12,9,3,3,59,305,428,432,446,295,69,7,1986,0,0,0,0,0,0,0,3
214011375,6,0,0,0,0,0,0,10,0,9,9,3,4,0,0,25,9,8,9,5,6,0,0,46,0,0,0,0,0,0,0,3,0,0,0,0,0,0,0,0,0,10,7,3,0,0,0,15,5,11,7,3,0,0,0,23,10,49,89,71,60,25,9,318,83,52,36,52,64,24,0,306,0,9,3,0,0,0,0,13,568,837,852,808,676,241,40,4023,0,0,0,0,0,0,0,4,12,4,4,0,10,0,0,33,0,0,0,0,0,0,0,4,0,0,0,0,0,0,0,0,5,3,0,0,0,0,0,5,199,323,325,389,267,61,0,1561,45,24,9,14,10,5,0,103,0,0,0,0,0,0,0,0,0,0,0,0,0,0,0,0,0,0,0,0,0,0,0,3,3,7,3,0,0,0,0,8,7,6,12,4,6,0,0,39,271,366,354,403,293,68,4,1758,0,0,0,3,0,0,0,7
214011376,0,0,0,0,0,0,0,0,0,0,4,0,0,0,0,5,0,0,4,0,0,0,0,5,0,0,0,0,0,0,0,0,0,0,0,0,0,0,0,0,0,0,0,0,0,0,0,5,0,0,0,0,0,0,0,5,3,21,38,50,44,20,0,186,17,7,6,14,6,5,0,61,0,0,0,0,0,0,0,4,105,143,151,177,140,56,5,776,0,0,0,0,0,0,0,4,0,0,0,0,0,0,0,0,0,0,0,0,0,0,0,0,0,0,0,0,0,0,0,0,0,0,0,0,0,0,0,0,59,70,91,82,61,14,0,381,20,3,3,3,0,4,0,38,0,0,0,0,0,0,0,3,0,0,0,0,0,0,0,0,0,0,0,0,0,0,0,0,0,0,0,0,3,0,0,7,0,0,0,0,9,0,0,8,85,81,100,85,70,17,0,449,0,0,0,0,0,0,0,0
214021377,0,0,0,0,0,0,0,0,0,0,5,3,4,0,0,15,4,0,5,3,4,0,0,16,0,0,0,0,0,0,0,0,0,0,0,0,0,0,0,0,0,0,0,0,0,0,0,0,0,0,0,0,0,0,0,4,12,29,49,62,77,42,14,276,94,25,21,33,15,10,3,203,0,3,0,0,0,0,4,10,317,311,292,350,319,111,39,1747,0,0,0,0,0,0,0,0,7,3,0,0,0,0,0,8,0,0,0,0,0,0,0,0,0,0,0,0,0,0,0,0,0,0,0,0,0,0,0,0,173,190,155,220,170,28,0,943,48,10,4,8,9,0,0,82,0,0,0,0,0,0,0,0,0,0,0,0,0,0,0,0,0,0,4,0,0,0,0,4,0,6,0,0,0,0,0,4,0,5,10,4,5,0,0,27,228,212,174,234,186,34,7,1072,0,0,0,0,0,0,0,0
214021378,0,0,0,0,0,0,0,0,0,0,0,0,0,0,0,4,0,0,0,0,0,0,0,4,0,0,0,0,0,0,0,0,0,0,0,0,0,0,0,0,0,0,0,0,0,0,0,0,0,0,0,0,0,0,0,0,14,22,37,53,75,90,30,324,83,48,33,30,32,16,0,239,8,4,0,7,3,0,3,22,282,340,311,331,322,175,52,1814,0,0,0,0,0,0,0,4,0,0,0,0,0,0,0,0,0,0,0,0,0,0,0,0,0,0,0,0,0,0,0,0,0,0,0,0,0,0,0,0,127,162,145,200,98,33,3,771,23,6,0,8,3,3,0,43,0,0,0,3,0,0,0,3,0,0,0,0,0,0,0,0,0,0,0,0,0,0,0,0,0,0,0,0,0,0,0,6,6,4,5,3,12,4,5,38,150,178,158,217,118,39,3,860,0,0,0,0,0,0,0,0
214021379,0,0,0,0,0,0,0,0,7,9,8,0,6,0,0,29,12,9,12,0,4,0,0,34,0,0,0,0,0,0,0,0,0,0,0,0,0,0,0,0,0,0,0,0,0,0,0,3,0,0,0,0,0,0,0,3,86,59,91,118,104,51,16,522,132,59,79,96,83,32,4,490,12,6,3,7,3,0,0,30,1252,1083,941,1030,883,258,36,5488,0,0,0,0,0,0,0,0,5,6,4,0,0,0,0,15,0,0,0,0,0,0,0,0,0,0,0,0,0,0,0,0,0,0,0,0,0,0,0,0,320,430,375,463,371,91,4,2044,122,17,8,11,10,6,0,166,0,0,0,0,0,0,0,0,0,0,0,0,0,0,0,0,5,4,0,3,0,0,0,6,23,11,3,3,3,0,0,46,143,35,16,24,13,7,0,233,619,492,402,500,397,103,4,2524,0,0,0,0,0,0,0,0
214021381,0,0,0,0,0,0,0,0,0,0,0,4,0,0,0,13,0,0,3,4,0,0,0,13,0,0,0,0,0,0,0,0,0,0,0,0,0,0,0,0,0,0,0,0,0,0,0,0,0,0,0,0,0,0,0,0,22,42,125,190,131,73,28,607,48,20,21,23,29,11,0,161,0,0,0,0,0,0,0,5,276,256,317,383,310,140,41,1720,0,0,0,0,0,0,0,0,5,8,0,0,0,0,0,16,0,0,0,0,0,0,0,0,0,0,0,0,0,0,0,0,0,0,0,0,0,0,0,0,172,170,240,301,227,41,9,1155,70,3,4,9,7,3,0,101,0,0,0,0,0,0,0,0,0,0,0,0,0,0,0,0,0,0,0,0,0,0,0,0,0,0,0,0,0,0,0,10,17,0,10,9,8,0,0,43,261,190,252,316,244,51,8,1326,0,0,0,0,0,0,0,3
214021382,0,3,0,0,0,0,0,4,4,0,0,0,0,0,0,5,4,3,3,0,0,0,0,7,0,0,0,0,0,0,0,0,0,0,0,0,0,0,0,0,0,0,0,0,0,0,0,0,0,0,0,0,0,0,0,4,12,31,70,131,96,67,20,439,51,16,18,29,21,4,3,143,0,0,0,0,0,0,0,6,227,193,267,328,224,106,25,1371,0,0,0,0,0,0,0,0,3,0,0,0,0,0,0,12,0,0,0,0,0,0,0,0,0,0,0,0,0,0,0,0,0,0,0,0,0,0,0,0,108,141,133,182,136,32,3,729,37,0,4,0,4,0,0,45,0,0,0,0,0,0,0,0,0,0,0,0,0,0,0,0,3,0,0,0,0,0,0,4,0,0,0,0,0,0,0,0,7,4,0,5,10,3,0,31,158,152,136,197,154,31,3,821,0,0,0,0,0,0,0,0
214021383,5,0,3,0,0,0,0,6,3,3,4,3,0,0,0,10,8,5,3,3,0,0,0,27,0,0,0,0,0,0,0,0,0,0,0,0,0,0,0,0,0,0,0,0,0,0,0,3,0,0,0,0,0,0,0,3,5,35,60,120,136,114,32,496,87,49,49,58,47,28,10,328,13,0,4,3,0,5,0,21,410,489,427,527,489,253,52,2647,0,0,0,0,0,0,0,0,9,4,0,0,0,0,0,15,0,0,0,0,0,0,0,0,0,0,0,0,0,0,0,0,0,0,0,0,0,0,0,0,158,194,173,239,226,46,3,1048,60,15,6,4,12,0,0,109,0,0,0,0,0,0,0,0,0,0,0,0,0,0,0,0,0,0,0,0,0,0,0,8,0,0,0,0,0,0,0,3,7,7,3,17,12,6,0,47,240,230,185,262,253,54,7,1228,0,0,0,0,0,0,0,0
214021384,0,0,0,0,0,0,0,0,7,6,4,0,3,0,0,16,7,6,4,0,3,0,0,23,0,0,0,0,0,0,0,0,0,0,0,0,0,0,0,0,7,0,0,0,3,0,0,7,7,0,0,0,3,0,0,7,18,59,92,79,91,52,19,406,132,48,44,51,58,40,4,386,9,7,3,3,11,0,5,38,550,541,492,577,491,241,40,2933,0,0,0,0,0,0,0,0,9,3,0,0,3,0,0,12,0,0,0,0,0,0,0,0,0,0,0,0,0,0,0,0,0,4,0,0,0,0,0,4,304,408,405,570,531,124,15,2352,112,27,20,11,9,4,0,179,0,0,0,0,0,0,0,4,0,0,0,0,0,0,0,0,0,0,0,0,3,0,0,8,0,0,0,3,0,4,0,7,14,8,13,13,6,4,0,58,440,446,436,598,559,129,11,2625,0,0,0,0,0,0,0,0
214021385,3,0,0,0,0,0,0,3,9,10,0,7,5,0,0,24,16,12,6,6,3,0,0,38,0,0,0,0,0,0,0,0,4,0,0,0,0,0,0,4,0,4,7,0,0,0,0,8,3,4,7,0,0,0,0,13,21,35,68,71,85,40,16,326,145,45,32,38,49,32,7,346,0,0,4,5,0,0,0,14,823,840,740,743,644,203,43,4035,0,4,0,0,0,0,0,3,5,8,0,0,0,0,0,16,0,0,0,0,0,0,0,0,0,0,0,0,0,0,0,0,0,0,0,0,0,0,0,0,304,478,505,564,397,92,0,2344,161,51,24,28,14,0,0,289,0,0,0,0,0,0,0,6,0,0,0,0,0,0,0,0,0,0,0,0,0,0,0,4,0,0,4,0,0,0,0,10,12,8,5,15,13,0,0,68,490,552,548,611,431,96,4,2733,0,0,0,0,0,0,0,0
214021591,0,0,0,0,0,0,0,0,4,0,0,0,0,4,0,12,9,6,6,0,0,4,0,22,0,0,0,0,0,0,0,0,0,0,0,0,0,0,0,0,4,0,0,0,0,0,0,4,4,0,0,0,0,0,0,8,19,48,88,79,70,31,3,335,147,50,41,48,35,20,0,333,0,7,0,3,0,0,0,10,792,773,685,672,481,153,29,3580,0,3,0,0,0,0,0,7,12,3,0,5,0,0,0,27,0,0,0,0,0,0,0,0,0,0,0,0,0,0,0,0,0,5,0,0,0,0,0,4,365,461,419,517,351,79,6,2209,96,20,11,13,10,3,0,161,0,0,0,0,0,0,0,0,0,0,0,0,0,0,0,0,0,0,0,3,0,0,0,9,0,4,0,0,0,0,0,9,23,6,12,11,8,3,0,52,498,501,451,549,376,87,4,2465,0,0,0,0,0,0,0,0
214021592,0,0,0,0,0,0,0,0,0,3,4,0,0,0,0,11,0,4,4,3,0,0,0,15,0,0,0,0,0,0,0,0,0,0,0,0,0,0,0,0,0,0,0,0,0,0,0,4,0,0,0,0,0,0,0,6,9,46,64,91,83,57,14,373,135,49,28,32,35,19,7,301,0,0,0,8,6,0,0,17,473,407,368,393,339,158,35,2181,4,0,0,0,0,0,0,4,13,8,3,6,3,0,0,29,0,0,0,0,0,0,0,0,0,0,0,0,0,0,0,0,0,0,0,0,0,0,0,0,357,469,504,651,502,136,11,2616,113,15,10,14,18,11,0,178,0,0,0,0,0,0,0,0,0,0,0,0,0,0,0,0,0,0,0,0,0,0,0,6,0,0,3,0,0,0,0,4,10,6,8,11,19,5,0,68,495,500,526,687,543,152,9,2907,3,3,0,0,0,0,0,6
215011386,0,0,0,0,0,0,0,0,0,5,0,0,4,0,0,10,0,6,0,0,4,0,0,6,0,0,0,0,0,0,0,0,0,0,0,0,0,0,0,0,0,0,0,0,6,0,0,6,0,0,0,0,6,0,0,6,5,10,18,11,18,15,0,85,32,37,27,42,49,7,0,188,7,5,0,0,3,0,0,19,269,434,330,408,383,118,15,1953,0,0,0,0,0,0,0,0,6,5,4,0,0,0,0,21,0,0,0,0,0,0,0,0,0,0,0,0,0,0,0,0,0,0,0,0,0,0,0,5,133,269,265,336,288,47,4,1346,51,28,13,11,12,8,5,128,0,0,0,0,0,0,0,0,0,0,0,0,0,0,0,0,0,0,0,0,0,0,0,4,0,0,0,0,0,0,0,0,18,18,10,12,20,6,0,86,217,326,299,355,323,58,10,1586,0,0,0,0,0,0,0,0
215011387,0,0,0,0,0,0,0,0,0,0,0,0,0,0,0,3,3,0,0,0,0,0,0,3,0,0,0,0,0,0,0,0,0,0,0,0,0,0,0,0,0,0,0,0,0,0,0,0,0,0,0,0,0,0,0,0,0,21,27,44,42,31,19,191,6,11,13,0,5,4,3,45,0,0,0,0,7,3,4,11,75,102,138,142,148,100,35,742,0,0,0,0,0,0,0,0,0,0,0,0,0,0,0,0,0,0,0,0,0,0,0,0,0,0,0,0,0,0,0,0,0,0,0,0,0,0,0,0,16,26,39,41,36,12,0,170,7,0,0,5,0,0,0,17,0,0,0,0,0,0,0,0,0,0,0,0,0,0,0,3,0,0,0,0,0,0,0,0,0,0,0,0,0,0,0,7,0,6,6,5,12,5,0,38,33,30,50,53,47,26,0,238,0,0,0,0,0,0,0,0
215011388,0,0,0,0,0,0,0,4,11,9,3,7,5,3,0,37,11,9,3,7,4,3,0,39,0,0,0,0,0,0,0,0,0,0,0,0,0,0,0,0,7,0,0,3,0,0,0,11,7,0,0,3,0,0,0,11,11,40,70,76,52,23,6,268,71,49,47,27,49,31,6,274,3,9,3,8,0,4,3,29,645,836,713,765,759,217,35,3969,0,0,0,0,0,0,0,0,0,0,0,0,4,0,0,5,0,0,0,0,0,0,0,0,0,0,0,0,0,0,0,0,0,3,0,0,5,0,0,8,356,653,579,657,596,116,5,2963,126,18,25,15,19,6,0,216,0,0,0,0,0,0,0,0,0,0,0,0,3,0,0,6,0,0,0,4,6,0,0,16,0,0,4,4,6,0,0,20,30,34,26,31,31,12,0,162,523,719,633,713,666,131,10,3390,0,0,0,0,0,0,0,0
215011389,0,0,0,0,0,0,0,3,0,3,0,0,5,0,3,11,0,3,0,0,5,3,3,13,0,0,0,0,0,0,0,0,0,0,0,0,0,0,0,0,0,0,0,0,0,0,0,0,0,0,0,0,0,0,0,0,10,14,25,38,59,42,14,207,9,4,0,8,6,9,0,30,0,0,0,0,0,5,4,7,74,133,132,173,183,111,35,844,0,0,0,0,0,0,0,0,0,0,0,0,0,0,0,0,0,0,0,0,0,0,0,0,0,0,0,0,0,0,0,0,0,0,0,0,0,0,0,0,14,21,11,46,47,6,0,139,6,8,0,3,5,0,0,26,0,0,0,0,0,0,0,0,0,0,0,0,0,0,0,0,0,0,0,0,0,0,0,0,0,0,0,0,3,0,0,5,0,0,3,0,6,3,0,19,26,24,16,51,57,18,3,199,0,0,0,0,0,0,0,0
215011390,0,0,0,0,0,0,0,0,0,0,0,0,6,0,0,9,0,0,4,3,6,0,0,9,0,0,0,0,0,0,0,0,0,0,0,0,0,0,0,0,0,0,0,0,0,0,0,4,0,0,0,0,0,0,0,4,16,17,20,48,74,35,16,220,4,9,11,16,13,13,8,78,0,0,0,3,0,3,4,17,177,285,244,248,367,144,53,1518,0,0,0,0,0,0,0,0,0,0,0,0,0,0,0,0,0,0,0,0,0,0,0,0,0,0,0,0,0,0,0,0,0,0,0,0,0,0,0,0,59,149,114,160,171,34,3,692,17,8,9,11,5,0,0,52,0,0,0,0,0,0,0,0,0,0,0,0,0,0,0,0,0,0,0,0,0,0,0,0,0,0,0,4,0,0,0,5,24,28,16,26,29,14,0,139,98,199,139,198,206,47,8,894,0,0,0,0,0,0,0,0
215011391,0,0,0,0,0,0,0,0,3,0,0,0,0,0,0,10,3,0,0,0,0,0,0,10,0,0,0,0,0,0,0,0,0,0,0,0,0,0,0,0,0,0,0,0,3,0,0,6,0,0,0,0,3,0,0,6,3,11,10,14,18,21,11,79,9,5,8,7,16,6,0,46,0,0,0,0,0,0,0,5,87,127,106,159,164,75,32,751,0,0,0,0,0,0,0,0,0,0,0,0,0,0,0,0,0,0,0,0,0,0,0,0,0,0,0,0,0,0,0,0,0,0,0,0,0,0,0,0,49,56,63,89,94,19,4,367,13,3,0,0,4,0,0,32,0,0,0,0,0,0,0,0,0,0,0,0,0,0,0,0,0,0,0,0,0,0,0,4,0,0,0,0,0,0,0,4,11,8,3,17,15,6,0,54,73,69,75,106,112,23,7,461,0,0,0,0,0,0,0,0
215011392,0,0,0,0,0,0,0,3,3,4,0,0,4,0,0,15,3,4,0,4,0,0,0,17,0,0,0,0,0,0,0,0,0,0,0,0,0,0,0,0,0,0,0,0,0,0,0,0,0,0,0,0,0,0,0,0,3,19,26,31,46,31,9,171,30,47,26,30,27,19,0,182,5,4,0,0,0,0,4,16,274,455,335,323,351,144,35,1912,0,0,0,0,0,0,0,0,0,0,0,0,0,0,0,0,0,0,0,0,0,0,0,0,0,0,0,0,0,0,0,0,0,0,0,0,0,0,0,0,150,231,156,256,205,54,4,1061,41,46,18,8,11,3,5,129,0,0,0,0,0,0,0,0,0,0,0,0,0,0,0,0,3,3,0,0,0,0,0,9,0,0,3,0,0,0,0,6,21,22,16,10,18,6,4,99,221,305,195,279,233,69,10,1311,0,0,0,0,0,0,0,0
215011393,0,0,0,0,0,0,0,0,0,0,0,0,0,0,0,0,0,0,0,0,0,0,0,0,0,0,0,0,0,0,0,0,0,0,0,0,0,0,0,0,0,0,0,0,0,0,0,0,0,0,0,0,0,0,0,0,4,9,13,22,41,46,19,158,6,7,0,7,3,5,0,35,0,4,0,0,4,0,0,8,58,111,101,128,163,99,43,697,0,0,0,0,0,0,0,0,0,0,0,0,0,0,0,0,0,0,0,0,0,0,0,0,0,0,0,0,0,0,0,0,0,0,0,0,0,0,0,0,17,40,44,56,56,17,5,236,3,0,0,6,3,4,0,19,0,0,0,0,0,0,0,0,0,0,0,0,0,0,0,0,0,0,0,0,0,0,0,0,0,0,0,0,0,0,0,3,4,3,5,4,14,12,3,47,28,48,53,67,78,30,8,304,0,0,0,0,0,0,0,0
215011394,0,0,0,0,0,0,0,0,6,0,0,0,5,0,0,8,6,0,0,0,5,0,0,8,0,0,0,0,0,0,0,0,0,0,0,0,0,0,0,0,0,0,0,0,0,0,0,4,0,0,0,0,0,0,0,4,8,9,15,42,49,31,20,169,17,8,5,11,32,5,0,77,3,0,0,0,5,0,0,13,168,244,203,232,363,124,55,1388,0,0,0,0,0,0,0,0,0,3,0,0,0,0,0,0,0,0,0,0,0,0,0,0,0,0,0,0,0,0,0,0,0,0,0,0,0,0,0,0,63,135,120,155,167,40,3,684,12,3,4,4,7,0,0,30,0,0,0,0,0,0,0,0,0,0,0,0,0,0,0,0,0,0,0,0,4,0,0,4,0,4,0,0,0,0,0,3,14,15,14,19,36,9,0,102,88,163,135,183,213,43,4,831,0,0,0,0,0,0,0,0
215021395,0,0,0,0,0,0,0,0,0,0,0,0,0,0,0,10,0,0,0,0,0,0,0,7,0,0,0,0,0,0,0,0,0,0,0,0,0,0,0,0,0,0,0,0,0,0,0,0,0,0,0,0,0,0,0,0,4,16,23,36,41,25,4,158,15,3,0,10,16,5,0,51,9,3,5,6,0,0,0,17,171,230,228,285,228,89,14,1249,0,0,0,0,0,0,0,0,0,0,0,0,0,0,0,0,0,0,0,0,0,0,0,0,0,0,0,0,0,0,0,0,0,0,0,0,0,0,0,0,43,95,124,121,107,20,0,505,39,20,18,9,3,0,0,85,0,0,0,0,0,0,0,0,0,0,0,0,0,0,0,0,0,0,0,0,0,0,0,0,0,0,0,0,0,0,0,0,6,0,4,8,3,10,0,35,88,113,138,147,110,32,0,630,0,0,0,0,0,0,0,0
215021396,0,0,0,0,0,0,0,0,0,0,0,0,0,0,0,0,0,0,0,0,0,0,0,0,0,0,0,0,0,0,0,0,0,0,0,0,0,0,0,0,0,0,0,0,0,0,0,0,0,0,0,0,0,0,0,0,4,0,12,20,23,11,3,76,10,4,6,0,4,7,0,28,0,0,0,0,4,0,0,11,66,109,112,134,137,48,10,621,0,0,0,0,0,0,0,0,3,0,0,0,0,0,0,5,0,0,0,0,0,0,0,0,0,0,0,0,0,0,0,0,0,0,0,0,0,0,0,0,31,72,79,103,75,21,5,385,13,15,4,4,4,3,0,42,0,0,0,0,0,0,0,0,0,0,0,0,0,0,0,0,0,0,0,0,0,0,0,0,0,0,0,0,0,0,0,0,0,0,0,8,8,3,0,24,47,83,88,119,86,24,5,459,0,0,0,0,0,0,0,0
215021398,0,0,0,0,0,0,0,0,0,0,0,5,0,0,4,10,0,0,0,5,0,0,4,10,0,0,0,0,0,0,0,0,0,0,0,0,0,0,0,0,0,0,0,0,0,0,0,0,0,0,0,0,0,0,0,0,7,5,21,25,42,24,10,139,10,5,8,12,13,7,0,62,4,6,4,0,0,4,0,18,138,284,256,301,286,114,35,1420,0,0,0,0,0,0,0,0,0,0,0,0,0,0,0,4,0,0,0,0,0,0,0,0,0,0,0,0,0,0,0,0,0,0,0,0,0,0,0,0,34,77,81,86,92,24,0,390,16,35,13,9,7,0,0,89,0,0,0,0,0,0,0,0,0,0,0,0,0,0,0,0,0,0,0,0,0,0,0,3,6,0,0,5,0,3,0,7,7,6,5,11,19,7,0,49,57,118,99,112,120,34,0,540,0,0,0,0,0,0,0,0
215021399,0,0,0,0,0,0,0,3,0,0,0,0,0,0,0,6,3,0,0,0,5,0,0,8,0,0,0,0,0,0,0,0,0,0,0,0,0,0,0,0,0,0,0,0,0,0,0,0,0,0,0,0,0,0,0,0,7,3,18,14,34,13,0,91,7,11,4,9,4,6,0,40,0,0,0,0,0,0,0,8,103,179,176,181,181,64,5,890,0,0,0,0,0,0,0,0,0,3,0,0,0,0,0,3,0,0,0,0,0,0,0,0,0,0,0,0,0,0,0,0,0,0,0,0,0,0,0,0,33,97,92,90,86,13,0,414,24,21,9,9,3,0,0,58,0,0,0,0,0,0,0,0,0,0,0,0,0,0,0,0,0,0,0,0,0,0,0,0,0,0,0,0,0,0,0,0,5,0,4,5,5,4,0,28,61,123,101,109,98,15,0,505,0,0,0,0,0,0,0,0
215021469,7,3,0,0,0,0,0,10,4,13,7,4,4,0,0,38,11,16,9,7,3,0,0,45,0,0,0,0,0,0,0,0,0,0,0,0,0,0,0,0,0,4,4,3,0,0,0,23,0,4,4,3,0,0,0,23,15,66,74,88,68,32,7,352,76,61,58,44,49,24,0,310,9,15,6,13,6,5,7,64,892,1305,1067,1156,957,289,34,5701,0,0,0,0,0,0,0,0,13,0,0,3,0,0,0,17,0,0,0,0,0,0,0,0,0,0,0,0,0,0,0,0,0,3,3,0,0,0,0,9,563,1046,1008,1107,845,182,4,4757,179,83,37,38,46,11,0,397,0,0,0,0,0,0,0,0,0,4,4,4,0,0,0,8,9,3,6,5,6,0,0,29,0,7,5,0,3,0,0,18,35,35,24,29,37,10,0,167,802,1186,1085,1193,940,211,7,5420,0,0,0,0,0,0,0,0
215021470,0,0,0,0,0,0,0,0,4,3,3,0,7,0,0,17,4,3,3,0,7,0,0,17,0,0,0,0,0,0,0,0,0,0,0,0,0,0,0,0,0,0,0,0,0,0,0,4,0,0,0,0,0,0,0,4,7,16,23,30,33,26,5,137,62,38,28,20,11,4,0,162,7,5,0,7,3,4,0,21,385,436,350,304,315,84,18,1902,0,0,0,0,0,0,0,0,3,7,6,0,0,0,0,8,0,0,0,0,0,0,0,0,0,0,0,0,0,0,0,0,0,3,0,0,0,0,0,3,248,296,299,339,247,35,0,1462,154,38,23,15,12,0,0,237,0,0,0,0,0,0,0,0,0,0,0,0,5,0,0,5,0,0,0,0,0,0,0,4,0,0,0,0,0,0,0,0,11,8,9,5,16,3,0,56,413,353,332,360,283,44,0,1785,0,0,0,0,0,0,0,0
215031400,0,0,0,0,0,0,0,0,6,0,0,0,5,6,0,21,6,0,0,0,5,6,0,21,0,0,0,0,0,0,0,0,0,0,0,0,0,0,0,0,0,0,0,0,0,0,0,0,0,0,0,0,0,0,0,0,15,15,17,44,59,38,17,212,18,10,8,10,10,5,3,65,0,0,7,0,3,5,0,16,182,203,208,279,338,185,37,1433,0,0,0,0,0,0,0,0,0,0,0,0,0,0,0,0,0,0,0,0,0,0,0,0,0,0,0,0,0,0,0,0,0,0,0,0,0,0,0,0,55,115,103,149,178,38,0,641,13,0,6,4,0,6,0,32,0,0,0,0,0,0,0,0,0,0,0,0,0,0,0,0,0,0,0,0,3,0,0,4,0,0,0,0,0,0,0,4,19,15,16,38,35,8,3,145,90,137,126,193,222,47,3,825,0,0,0,0,0,0,0,0
215031401,0,0,0,0,0,0,0,0,0,9,3,0,3,0,0,18,0,9,3,0,3,0,0,18,0,0,0,0,0,0,0,0,0,0,0,0,0,0,0,0,0,0,0,0,0,0,0,3,0,0,0,0,0,0,0,3,8,11,25,45,51,55,16,211,5,8,5,8,11,8,0,39,4,0,0,0,0,0,4,13,140,169,203,265,299,152,48,1273,0,0,0,0,0,0,0,0,0,0,0,0,0,0,0,0,0,0,0,0,0,0,0,0,0,0,0,0,0,0,0,0,0,0,0,0,0,0,0,0,47,82,91,136,121,37,3,514,12,4,0,7,6,0,0,28,0,0,0,0,0,0,0,0,0,0,4,0,0,3,0,12,0,0,0,0,5,0,0,7,0,0,0,0,0,0,0,5,14,9,14,13,16,10,3,66,74,93,110,161,145,46,10,629,0,0,0,0,0,0,0,0
215031402,0,0,0,0,0,0,0,0,0,0,0,5,0,0,0,4,0,0,6,5,0,0,0,5,0,0,0,0,0,0,0,0,0,0,0,0,0,0,0,0,0,0,0,0,0,0,0,0,0,0,0,0,0,0,0,0,0,6,10,10,19,13,0,49,12,4,6,8,6,7,0,46,0,5,0,3,0,0,0,15,98,126,142,144,176,73,11,772,0,0,0,0,0,0,0,0,0,0,0,0,0,0,0,0,0,0,0,0,0,0,0,0,0,0,0,0,0,0,0,0,0,0,0,0,0,0,0,0,51,104,135,134,159,24,0,607,31,3,4,4,8,0,0,53,0,0,0,0,0,0,0,0,0,0,0,0,0,0,0,0,0,0,0,0,0,0,0,0,0,0,0,0,0,0,0,3,7,11,10,11,23,8,0,66,88,121,147,155,186,35,0,730,0,0,0,0,0,0,0,0
215031403,0,0,0,0,0,0,0,0,0,9,0,0,0,0,0,9,0,9,0,0,0,0,0,9,0,0,0,0,0,0,0,0,0,0,0,0,0,0,0,0,0,0,0,0,0,0,0,8,0,0,0,0,0,0,0,8,0,4,6,16,11,16,0,57,3,3,10,0,5,3,0,28,0,7,4,0,0,0,0,12,80,183,178,120,125,61,9,756,0,0,0,0,0,0,0,0,0,0,0,0,0,0,0,0,0,0,0,0,0,0,0,0,0,0,0,0,0,0,0,0,0,0,0,0,0,0,0,0,32,87,83,80,61,29,5,370,20,25,14,10,9,0,0,87,0,0,0,0,0,0,0,0,0,0,0,0,0,0,0,0,0,0,0,0,0,0,0,0,0,0,0,0,4,0,0,0,8,10,7,6,9,3,0,38,57,117,105,100,83,32,5,510,0,0,0,0,0,0,0,0
215031404,0,0,0,0,0,0,0,8,5,9,6,3,0,0,0,22,5,7,3,3,5,0,0,29,0,0,0,0,0,0,0,0,0,0,0,0,0,0,0,0,3,4,0,0,0,0,0,12,3,4,0,0,0,0,0,11,3,19,34,39,34,23,5,154,48,32,18,25,29,10,4,171,5,8,0,7,5,0,7,30,522,700,568,517,587,162,23,3071,0,0,0,0,0,0,0,0,0,0,0,0,0,0,0,3,0,0,0,0,0,0,0,0,0,0,0,0,0,0,0,0,0,0,5,0,0,0,0,4,296,510,460,478,448,89,9,2284,94,44,25,21,16,9,0,201,0,0,0,0,0,0,0,0,0,0,0,0,0,0,0,0,0,3,5,0,3,0,0,14,0,0,4,0,0,0,0,8,25,31,19,17,35,5,0,136,422,583,526,526,501,103,9,2661,0,0,0,0,0,0,0,0
215031405,0,0,0,0,0,0,0,0,4,3,0,6,0,0,0,16,4,3,0,6,0,0,0,16,0,0,0,0,0,0,0,0,0,0,0,0,0,0,0,0,0,5,0,0,0,0,0,7,0,5,0,0,0,0,0,7,7,11,21,36,39,34,18,160,6,3,7,9,9,4,0,42,6,5,8,9,0,6,5,25,152,334,296,249,302,138,39,1507,0,0,0,0,0,0,0,0,0,0,0,0,0,0,0,4,0,0,0,0,0,0,0,0,0,0,0,0,0,0,0,0,0,0,0,0,0,0,0,5,34,92,75,59,72,11,0,352,17,54,19,17,7,0,0,122,0,0,0,0,0,0,0,0,0,0,0,0,0,0,0,0,0,0,0,0,0,0,0,3,0,0,0,0,0,0,0,0,3,10,8,10,18,11,3,59,61,156,107,100,103,22,12,552,0,0,0,0,0,0,0,0
216011406,0,0,0,0,0,0,0,4,4,6,3,5,0,0,0,29,8,10,6,7,0,0,0,30,0,0,0,0,0,0,0,0,0,0,0,0,0,0,0,0,0,6,3,0,0,0,0,10,0,6,3,0,0,0,0,10,4,23,34,44,51,36,8,197,111,32,45,35,58,23,3,311,5,4,10,4,9,0,5,35,704,758,697,833,806,225,30,4041,0,0,0,0,0,0,0,0,0,6,0,0,0,0,0,3,0,0,0,0,0,0,0,0,0,0,0,0,0,0,0,0,4,0,0,3,0,0,0,10,377,604,656,788,656,137,8,3223,137,28,19,23,24,5,0,239,0,0,0,0,0,0,0,0,0,0,0,0,0,0,0,5,4,0,0,8,11,0,0,26,0,0,4,4,0,0,0,6,31,40,21,26,24,8,0,152,559,678,706,851,719,147,7,3667,0,0,0,0,0,0,0,0
216011407,0,0,0,0,0,0,0,0,0,4,7,6,3,0,0,20,0,4,7,3,3,0,0,19,0,0,0,0,0,0,0,0,0,0,0,0,0,0,0,0,0,0,0,0,0,0,0,0,0,0,0,0,0,0,0,0,10,24,36,40,55,45,22,235,36,12,18,18,15,9,0,117,4,3,4,3,0,3,3,18,298,338,330,418,395,163,40,1978,0,0,0,0,0,0,0,0,0,0,0,0,0,0,0,0,0,0,0,0,0,0,0,0,0,0,0,0,0,0,0,0,0,0,0,0,0,0,0,0,144,238,241,293,261,58,0,1248,31,4,3,9,7,5,0,64,0,0,0,0,0,0,0,0,0,0,6,0,0,0,0,3,0,0,0,4,0,0,0,9,0,3,0,0,0,3,0,4,20,14,17,28,30,11,0,122,198,262,263,330,305,83,5,1459,0,0,0,0,0,0,0,0
216011408,0,0,0,0,0,0,0,0,0,6,5,0,0,0,0,4,0,6,5,0,0,0,0,8,0,0,0,0,0,0,0,0,0,0,0,0,0,0,0,0,0,0,0,0,0,0,0,0,0,0,0,0,0,0,0,0,0,3,18,37,49,38,13,157,10,5,0,3,9,0,0,28,4,0,0,0,0,5,0,6,71,74,99,114,137,76,29,594,0,0,0,0,0,0,0,0,0,0,0,0,0,0,0,0,0,0,0,0,0,0,0,0,0,0,0,0,0,0,0,0,0,0,0,0,0,0,0,0,20,21,29,32,36,6,0,153,10,0,0,0,0,0,0,14,0,0,0,0,0,0,0,3,0,0,0,0,0,0,0,0,0,0,0,0,0,0,0,0,0,0,0,0,0,0,0,5,0,4,0,14,8,4,3,23,26,31,34,45,48,14,4,200,0,0,0,0,0,0,0,0
216011409,0,0,0,0,0,0,0,0,0,6,0,0,3,0,0,4,0,6,0,0,3,0,0,4,0,0,0,0,0,0,0,0,0,0,0,0,0,0,0,0,0,0,0,0,0,0,0,5,0,0,0,0,0,0,0,5,3,12,7,22,10,14,9,80,12,5,4,5,14,8,0,47,0,0,0,0,3,0,0,7,92,119,108,148,151,62,14,687,0,0,0,0,0,0,0,0,0,0,0,0,0,0,0,0,0,0,0,0,0,0,0,0,0,0,0,0,0,0,0,0,0,0,0,0,0,0,0,0,34,65,53,99,102,26,6,382,12,0,0,0,0,0,0,23,0,0,0,0,0,0,0,0,0,0,4,0,0,0,0,3,0,0,0,0,0,0,0,5,0,0,0,0,0,0,0,0,11,3,3,3,9,4,0,31,59,65,67,107,114,31,6,447,0,0,0,0,0,0,0,0
216011410,0,0,0,0,0,0,0,0,0,0,0,0,0,0,0,4,0,0,0,0,0,0,0,4,0,0,0,0,0,0,0,0,0,0,0,0,0,0,0,0,0,0,0,0,0,0,0,3,0,0,0,0,0,0,0,3,10,9,10,21,40,31,14,128,10,8,10,14,19,10,0,65,0,0,0,0,0,0,7,10,81,118,142,160,217,95,25,840,0,0,0,0,0,0,0,0,0,0,0,0,0,0,0,0,0,0,0,0,0,0,0,0,0,0,0,0,0,0,0,0,0,0,0,0,0,0,0,0,33,52,59,68,61,9,0,287,13,4,0,3,0,0,0,25,0,0,0,0,0,0,0,0,0,0,0,0,0,0,0,0,0,0,0,0,0,0,0,0,0,0,0,0,0,0,0,5,0,6,6,9,14,8,0,44,44,63,62,86,76,24,6,362,0,0,0,0,0,0,0,0
216021411,0,0,0,0,0,0,0,0,4,3,0,5,0,0,0,19,4,3,3,5,0,0,0,15,0,0,0,0,0,0,0,0,0,0,0,0,0,0,0,0,0,0,0,0,0,0,0,0,0,0,0,0,0,0,0,0,4,11,14,9,20,11,5,76,24,16,18,17,31,14,0,123,0,3,6,5,5,3,0,19,265,347,343,367,347,120,24,1809,0,0,0,0,0,0,0,0,0,0,0,0,0,0,0,0,0,0,0,0,0,0,0,0,0,0,0,0,0,0,0,0,0,0,0,0,0,0,0,0,113,231,246,283,226,54,7,1156,55,24,13,9,11,4,0,122,0,0,0,0,0,0,0,0,0,0,0,0,0,0,0,6,0,0,0,0,0,0,0,3,0,0,0,0,0,0,0,3,12,9,11,11,14,5,0,65,191,268,274,307,248,62,7,1354,0,0,0,0,0,0,0,0
216021412,0,0,0,0,0,0,0,0,5,0,0,0,0,0,0,8,5,0,0,0,0,0,0,8,0,0,0,0,0,0,0,0,0,0,0,0,0,0,0,0,0,0,0,0,0,0,0,0,0,0,0,0,0,0,0,0,3,4,3,21,31,33,10,109,4,3,0,5,3,0,0,15,0,0,0,0,0,0,0,0,38,65,68,104,104,56,14,454,0,0,0,0,0,0,0,0,0,0,0,0,0,0,0,0,0,0,0,0,0,0,0,0,0,0,0,0,0,0,0,0,0,0,0,0,0,0,0,0,4,12,14,20,22,3,0,81,5,0,0,0,4,0,0,6,0,0,0,0,0,0,0,0,0,0,0,0,0,0,0,0,0,0,0,0,0,0,0,0,0,0,0,0,0,0,0,0,5,0,0,0,5,4,0,16,16,13,16,25,23,8,0,101,0,0,0,0,0,0,0,0
216021413,0,0,0,0,0,0,0,0,6,5,7,4,0,3,0,23,6,8,7,7,0,3,0,24,0,0,0,0,0,0,0,0,0,0,0,0,0,0,0,0,0,0,0,0,0,0,0,3,0,0,0,0,0,0,0,3,13,21,40,73,105,61,24,346,21,20,10,24,24,18,3,118,10,4,5,6,0,0,0,32,295,462,440,497,489,220,43,2452,0,0,0,0,0,0,0,0,0,0,0,0,0,0,0,0,0,0,0,0,0,0,0,0,0,0,0,0,0,0,0,0,0,0,0,0,0,0,0,0,118,234,218,250,251,56,8,1122,43,38,14,8,5,4,0,112,0,0,0,0,0,0,0,0,3,0,3,0,0,0,0,8,0,0,6,5,0,0,0,12,0,0,0,0,3,0,0,3,29,23,21,12,35,5,0,127,199,296,263,275,300,62,6,1397,0,0,0,0,0,0,0,0
216021414,0,0,0,0,0,0,0,0,4,0,0,0,4,0,0,5,4,0,0,0,4,0,0,5,0,0,0,0,0,0,0,0,0,0,0,0,0,0,0,0,3,0,0,0,0,0,0,3,3,0,0,0,0,0,0,3,0,8,11,13,27,9,9,71,32,9,11,13,16,7,0,85,5,3,5,4,3,0,0,14,264,215,189,230,185,72,20,1179,0,0,0,0,0,0,0,0,0,0,0,0,0,0,0,0,0,0,0,0,0,0,0,0,0,0,0,0,0,0,0,0,0,0,0,0,0,0,0,3,118,211,225,270,240,52,0,1124,55,8,4,10,4,0,0,84,0,0,0,0,0,0,0,0,0,0,0,0,0,0,0,0,0,0,0,0,0,0,0,4,0,0,0,0,4,0,0,9,9,9,14,12,7,4,0,59,185,235,247,300,257,53,0,1282,0,0,0,0,0,0,0,0
216031415,0,0,0,0,0,0,0,0,0,6,0,0,0,0,0,5,0,6,0,0,0,0,0,5,0,0,0,0,0,0,0,0,0,0,0,0,0,0,0,0,0,0,0,0,0,0,0,6,0,0,0,0,0,0,0,6,0,0,6,15,6,3,0,33,18,9,10,12,9,4,0,62,0,0,0,3,0,0,0,9,147,145,131,153,117,59,14,762,0,0,0,0,0,0,0,0,3,0,0,0,0,4,0,10,0,0,0,0,0,0,0,0,0,0,0,0,0,0,0,0,0,0,0,0,0,0,0,3,93,123,150,153,144,27,0,687,46,7,0,8,6,5,0,81,0,0,0,0,0,0,0,0,0,0,0,0,0,0,0,0,0,0,0,0,3,0,0,3,0,0,5,0,0,0,0,3,4,3,6,5,6,0,0,24,154,139,164,167,154,33,0,815,0,0,0,0,0,0,0,0
216031416,0,0,0,0,0,0,0,5,3,3,12,6,5,0,0,29,8,3,12,3,5,0,0,35,0,0,0,0,0,0,0,0,0,0,0,0,0,0,0,0,3,3,5,3,0,0,0,10,7,3,5,3,0,0,0,14,32,85,102,115,93,47,5,476,103,74,54,68,76,36,8,412,4,14,8,9,7,4,3,55,957,1506,1380,1427,1268,376,49,6964,0,4,0,0,0,0,0,3,0,4,3,4,4,0,0,12,0,0,0,0,0,0,0,0,0,0,0,0,0,0,0,0,0,6,5,0,0,0,0,17,562,1178,1052,1241,1019,228,8,5291,148,72,56,52,48,8,0,389,0,0,0,0,0,0,0,3,0,0,0,0,0,0,0,0,3,6,3,13,9,4,0,38,0,0,0,9,0,4,0,15,35,55,33,38,45,13,0,211,753,1329,1153,1347,1132,258,8,5980,0,0,0,0,0,0,0,0
216031418,0,0,0,0,0,0,0,0,3,3,0,0,0,0,0,14,3,3,0,0,0,0,0,14,0,0,0,0,0,0,0,0,0,0,0,0,0,0,0,0,0,0,0,0,0,0,0,0,0,0,0,0,0,0,0,0,3,0,17,37,35,39,24,160,6,4,4,6,13,5,0,39,4,0,0,0,0,0,0,8,83,165,178,206,214,80,38,960,0,0,0,0,0,0,0,0,0,0,0,0,0,0,0,0,0,0,0,0,0,0,0,0,0,0,0,0,0,0,0,0,0,0,0,0,0,0,0,0,25,50,57,47,52,9,0,249,0,11,6,10,0,3,0,27,0,0,0,0,0,0,0,0,0,0,0,0,0,0,0,0,0,0,0,0,0,0,0,0,0,0,0,0,0,0,0,0,0,5,5,4,8,7,0,31,27,67,69,68,69,19,0,311,0,0,0,0,0,0,0,0
216031419,0,0,0,0,0,0,0,0,0,9,3,5,0,0,0,20,0,9,3,5,0,0,0,17,0,0,0,0,0,0,0,0,0,0,0,0,0,0,0,0,0,0,0,0,0,0,0,0,0,0,0,0,0,0,0,0,7,34,66,105,97,57,12,382,25,29,20,36,47,11,6,172,0,0,3,3,4,0,0,17,234,437,449,578,516,179,46,2443,0,0,0,0,0,0,0,0,0,0,0,0,0,0,0,0,0,0,0,0,0,0,0,0,0,0,0,0,0,0,0,0,0,0,0,0,0,0,0,0,81,176,185,193,156,37,3,838,31,43,28,21,9,5,0,136,0,0,0,0,0,0,0,0,5,0,0,3,0,0,0,6,0,0,0,3,0,0,0,6,0,0,4,3,3,4,0,16,6,11,6,11,20,5,4,67,127,233,224,236,189,49,4,1067,0,0,0,0,0,0,0,0
216031593,0,0,0,0,0,0,0,0,0,0,0,0,0,0,0,5,0,0,0,0,0,0,0,5,0,0,0,0,0,0,0,0,0,0,0,0,0,0,0,0,0,0,0,0,0,0,0,3,0,0,0,0,0,0,0,3,6,9,20,19,22,12,0,92,29,8,9,3,9,10,3,67,0,0,0,0,7,0,0,4,202,203,181,161,155,58,15,975,0,0,0,0,0,0,0,0,0,0,0,0,0,0,0,0,0,0,0,0,0,0,0,0,0,0,0,0,0,0,0,0,0,0,0,0,0,0,0,0,84,103,100,106,91,13,0,505,37,8,10,3,3,0,0,60,0,0,0,0,0,0,0,0,0,0,0,0,0,0,0,0,0,0,0,0,0,0,0,0,0,0,0,0,0,0,0,0,0,4,7,4,5,0,0,12,126,117,107,111,102,23,0,586,0,0,0,0,0,0,0,0
216031594,3,0,0,0,0,0,0,3,13,8,4,6,0,0,0,35,18,8,10,6,0,0,0,40,0,0,0,0,0,0,0,0,0,0,0,0,0,0,0,0,0,4,0,5,0,0,0,13,0,4,0,5,0,0,0,13,9,24,37,40,36,13,8,162,83,47,41,35,49,16,0,272,8,3,0,5,3,4,3,26,667,791,642,633,556,189,21,3495,0,0,0,0,0,0,0,0,13,5,3,0,3,0,0,16,0,0,0,0,0,0,0,0,0,0,0,0,0,0,0,0,5,5,0,0,0,0,0,8,340,558,498,536,384,68,4,2391,189,39,19,18,20,5,0,300,0,0,0,0,0,0,0,0,0,0,0,0,0,0,0,0,0,8,4,0,0,0,0,11,0,0,6,4,0,0,0,12,20,13,14,11,17,4,0,84,571,624,538,576,431,79,3,2821,0,0,0,0,0,0,0,0
217011420,0,0,0,0,0,0,0,0,0,0,5,0,3,0,0,10,0,0,5,0,3,0,0,10,0,0,0,0,0,0,0,0,0,0,0,0,0,0,0,0,0,0,0,0,0,3,0,6,0,0,0,0,0,3,0,6,7,26,32,54,74,78,40,314,9,6,4,18,20,12,3,74,0,0,0,3,0,0,4,20,173,224,227,269,344,202,87,1532,0,0,0,0,0,0,0,0,0,0,0,0,0,0,0,0,0,0,0,0,0,0,0,0,0,0,0,0,0,0,0,0,0,0,0,0,0,0,0,0,58,98,118,186,159,43,3,668,23,7,4,11,8,0,0,41,0,0,0,0,0,0,0,0,0,4,0,0,0,0,0,9,0,0,0,0,6,0,0,3,0,0,0,0,0,0,0,4,14,13,11,9,23,11,6,83,95,123,131,208,191,61,9,816,0,0,0,0,0,0,0,0
217011421,0,0,0,0,0,0,0,0,5,0,0,0,0,0,0,13,5,9,0,0,0,0,0,15,0,0,0,0,0,0,0,0,0,0,0,0,0,0,0,0,0,0,0,0,4,0,0,4,0,0,0,0,4,0,0,4,3,15,35,44,54,17,5,163,49,33,23,21,27,21,0,167,5,0,6,0,0,4,6,18,382,483,406,467,483,182,30,2435,0,0,0,0,0,0,0,0,0,0,0,0,0,0,0,4,0,0,0,0,0,0,0,0,0,0,0,0,0,0,0,0,0,0,0,0,0,0,0,3,222,348,394,472,404,101,5,1944,82,20,11,20,14,3,0,148,0,0,0,0,0,0,0,0,0,0,0,0,0,0,0,0,0,0,0,0,0,0,0,3,0,0,3,3,0,0,0,7,23,30,15,21,32,12,0,133,337,406,416,511,454,116,5,2247,0,0,0,0,0,0,0,0
217011422,0,0,0,0,0,0,0,0,5,5,3,0,0,0,0,23,5,5,3,0,0,0,0,23,0,0,0,0,0,0,0,0,0,0,0,0,0,0,0,0,4,0,0,0,0,0,0,4,4,0,0,0,0,0,0,6,0,4,17,14,24,15,0,88,61,40,51,72,75,21,3,324,8,0,0,9,0,5,3,24,388,454,513,613,603,166,24,2767,0,0,0,0,0,0,0,0,5,0,0,0,0,0,0,7,0,0,0,0,0,0,0,0,0,0,0,0,0,0,0,0,0,0,0,0,0,0,0,0,190,301,351,467,373,96,6,1791,81,7,11,14,12,0,0,120,0,0,0,0,0,0,0,0,0,0,0,0,0,0,0,0,0,0,0,0,0,0,0,4,0,0,0,0,0,0,0,9,10,20,13,18,13,9,0,77,286,327,382,502,401,102,5,2005,0,0,0,0,0,0,0,0
217011423,0,0,0,0,0,0,0,0,4,3,3,0,5,0,0,15,4,3,3,0,5,0,0,20,0,0,0,0,0,0,0,0,0,0,0,0,0,0,0,0,0,0,0,0,0,0,0,0,0,0,0,0,0,0,0,0,15,30,56,83,112,116,26,436,14,9,5,7,14,3,0,53,0,3,0,4,3,3,6,18,144,202,221,260,299,218,57,1409,0,0,0,0,0,0,0,0,0,0,0,0,0,0,0,0,0,0,0,0,0,0,0,0,0,0,0,0,0,0,0,0,0,0,0,0,0,0,0,0,59,50,90,97,96,31,0,427,7,0,3,0,0,5,0,24,0,0,0,0,0,0,0,3,0,0,3,0,0,0,0,4,0,0,0,0,5,0,0,5,0,0,4,0,0,4,0,5,9,6,11,19,28,13,6,91,74,64,109,115,136,49,12,558,0,0,0,0,0,0,0,0
217031471,0,0,0,0,0,0,0,0,0,0,0,6,0,0,0,3,0,0,0,6,0,0,0,3,0,0,0,0,0,0,0,0,0,0,0,0,0,0,0,0,0,0,0,0,0,0,0,0,0,0,0,0,0,0,0,0,0,4,10,3,14,12,9,50,8,3,8,8,14,5,0,40,3,0,0,0,0,0,0,10,95,122,117,120,145,58,18,674,0,0,0,0,0,0,0,0,0,0,0,0,0,0,0,0,0,0,0,0,0,0,0,0,0,0,0,0,0,0,0,0,0,0,0,0,0,0,0,0,60,106,122,175,133,34,8,628,21,5,5,0,5,0,0,40,0,0,0,0,0,0,0,0,0,0,0,0,0,0,0,0,0,0,0,0,3,0,0,3,0,0,0,0,0,0,0,0,10,6,9,10,15,0,0,51,92,116,137,191,161,34,10,726,0,0,0,0,0,0,0,0
217031472,0,0,0,0,0,0,0,0,3,14,0,4,5,0,0,23,3,16,0,4,5,0,0,28,0,0,0,0,0,0,0,0,0,0,0,0,0,0,0,0,3,14,4,0,0,0,0,25,3,14,4,0,0,0,0,25,4,31,38,33,42,19,6,167,92,42,26,52,53,24,0,285,0,4,10,4,4,5,3,31,635,846,685,692,613,204,31,3699,0,0,0,0,0,0,0,0,0,0,0,0,0,0,0,4,0,0,0,0,0,0,0,0,0,0,0,0,0,0,0,0,0,0,0,0,6,0,0,4,308,479,491,601,476,97,4,2453,119,78,20,13,23,6,0,258,0,0,0,0,0,0,0,0,0,0,0,0,0,0,0,0,0,4,3,5,0,0,0,8,0,0,0,0,3,0,0,6,41,24,21,18,29,6,0,134,478,584,537,640,532,106,4,2875,0,0,0,0,0,0,0,0
217031473,0,0,0,0,0,0,0,0,0,0,0,6,0,0,0,10,0,0,0,6,0,0,0,10,0,0,0,0,0,0,0,0,0,0,0,0,0,0,0,0,0,0,0,0,0,0,0,4,0,0,0,0,0,0,0,4,8,19,37,53,48,46,24,235,12,11,9,4,5,3,3,47,0,0,0,0,0,0,0,3,115,160,169,192,186,127,49,996,0,0,0,0,0,0,0,0,0,0,0,0,0,0,0,0,0,0,0,0,0,0,0,0,0,0,0,0,0,0,0,0,0,0,0,0,0,0,0,0,31,40,42,45,32,23,4,217,8,6,0,5,0,0,0,18,0,0,0,0,0,0,0,0,0,0,0,0,0,3,0,3,0,0,0,0,0,0,0,0,0,0,4,3,0,5,0,10,3,7,6,7,14,9,0,48,44,51,57,60,51,31,6,294,0,0,0,0,0,0,0,0
217031474,0,0,0,0,0,0,0,0,0,0,0,0,0,0,0,4,0,0,0,0,0,0,0,4,0,0,0,0,0,0,0,0,0,0,0,0,0,0,0,0,0,0,0,0,0,0,0,0,0,0,0,0,0,0,0,0,12,15,34,39,64,63,17,240,14,11,10,7,9,6,0,59,4,3,0,0,0,4,3,18,166,194,214,229,265,153,31,1260,0,0,0,0,0,0,0,0,0,0,0,0,0,0,0,0,0,0,0,0,0,0,0,0,0,0,0,0,0,0,0,0,0,0,0,0,0,0,0,0,75,109,122,144,135,33,7,621,12,4,3,10,3,3,0,40,0,0,0,0,0,0,0,0,0,0,0,0,0,0,0,4,0,0,0,0,0,0,0,3,0,0,0,0,3,0,0,9,13,3,5,9,11,4,3,55,102,118,133,163,156,42,5,720,0,0,0,0,0,0,0,0
217031475,0,0,0,0,3,0,0,3,0,0,5,0,0,0,0,9,0,0,5,3,4,0,0,12,0,0,0,0,0,0,0,0,0,0,0,0,0,0,0,0,0,0,0,0,0,0,0,0,0,0,0,0,0,0,0,3,18,44,48,85,90,54,22,360,24,16,25,36,31,15,6,158,6,0,0,3,3,3,0,31,262,353,347,440,431,184,51,2059,0,0,0,0,0,0,0,0,0,0,0,0,0,0,0,0,0,0,0,0,0,0,0,0,0,0,0,0,0,0,0,0,0,0,0,0,0,0,0,0,84,123,120,168,149,36,4,694,32,8,0,4,9,3,0,62,0,0,0,0,0,0,0,0,0,0,0,3,3,0,0,14,0,0,0,0,0,0,0,4,3,4,4,4,0,0,0,15,11,12,21,31,38,15,3,129,124,154,151,211,201,58,6,910,0,0,0,0,0,0,0,0
217031476,0,0,0,0,0,0,0,0,0,0,0,0,0,0,0,0,0,4,0,0,0,0,0,3,0,0,0,0,0,0,0,0,0,0,0,0,0,0,0,0,0,0,0,0,0,0,0,0,0,0,0,0,0,0,0,0,0,7,9,31,40,28,7,128,20,9,12,14,20,5,4,84,0,0,0,3,5,4,5,14,77,130,113,160,201,82,19,786,0,0,0,0,0,0,0,0,0,0,0,0,0,0,0,4,0,0,0,0,0,0,0,0,0,0,0,0,0,0,0,0,0,0,0,0,0,0,0,0,24,47,52,82,71,30,0,310,13,0,7,4,7,0,0,31,0,0,0,0,0,0,0,0,0,0,0,0,0,0,0,0,0,0,0,0,3,0,0,5,0,0,3,3,0,0,0,7,11,19,14,15,16,3,0,83,48,76,73,106,98,37,8,439,0,0,0,0,0,0,0,0
217041477,0,0,0,0,0,0,0,4,3,0,3,0,0,0,0,16,5,0,6,3,0,0,0,21,0,0,0,0,0,0,0,0,0,0,0,0,0,0,0,0,0,0,0,0,5,0,0,0,0,0,0,4,5,0,0,3,15,33,48,76,88,72,38,363,13,4,7,16,16,12,0,60,3,0,0,0,5,3,6,17,169,263,221,289,314,168,72,1484,0,0,0,0,0,0,0,0,0,0,0,0,0,0,0,0,0,0,0,0,0,0,0,0,0,0,0,0,0,0,0,0,0,0,0,0,0,0,0,0,51,79,69,86,83,11,3,383,14,0,0,4,5,0,0,26,0,0,0,0,0,0,0,0,0,0,0,0,4,0,0,7,0,0,0,0,0,0,0,0,0,0,0,4,3,0,0,10,7,8,10,19,21,8,3,75,78,95,80,113,112,27,11,506,0,0,0,0,0,0,0,0
217041478,0,0,0,0,0,0,0,0,0,0,6,3,5,0,0,13,6,3,9,3,5,0,0,20,0,0,0,0,0,0,0,0,0,0,0,0,0,0,0,0,0,4,0,0,0,0,0,4,0,4,0,0,0,0,0,4,13,18,39,74,83,72,21,320,19,26,20,22,24,13,4,127,0,0,0,0,4,0,0,12,211,308,321,406,365,201,46,1858,4,4,7,0,0,0,0,17,0,0,0,0,0,0,0,4,0,0,0,0,0,0,0,0,0,0,0,0,0,0,0,0,0,0,0,0,0,0,0,0,95,143,161,200,178,40,4,819,31,10,4,4,7,5,4,64,0,0,0,0,0,0,0,0,0,0,0,0,0,0,0,3,0,0,0,3,5,0,0,10,0,3,0,0,0,0,0,7,10,6,10,24,25,5,0,80,143,165,176,228,222,56,7,999,0,0,0,0,0,0,0,0
217041479,0,0,0,0,0,0,0,0,3,3,3,0,0,0,0,18,6,3,5,7,0,0,0,24,0,0,0,0,0,0,0,0,0,0,0,0,0,0,0,0,0,3,3,0,0,0,0,3,0,3,3,0,0,0,0,3,3,33,30,57,53,26,4,210,69,38,34,32,24,19,0,209,3,3,0,5,0,3,0,17,431,441,427,406,324,132,13,2179,0,0,0,0,0,0,0,6,8,0,0,0,0,0,0,7,0,0,0,0,0,0,0,0,0,0,0,0,0,0,0,0,0,0,0,0,0,0,0,0,234,326,375,403,320,46,3,1700,104,14,7,18,7,0,0,154,0,0,0,0,0,0,0,0,0,0,0,0,0,0,0,0,0,0,5,4,6,0,0,14,0,0,4,4,0,0,0,12,19,4,15,13,25,3,0,79,363,344,408,443,361,52,3,1973,0,0,0,0,0,0,0,0
217041480,0,0,0,0,0,0,0,3,10,6,10,0,4,0,0,32,10,7,12,0,4,0,0,39,0,0,0,0,0,0,0,0,0,0,0,0,0,0,0,0,4,6,4,5,3,0,0,24,5,6,4,5,3,0,0,23,16,58,79,111,96,34,13,409,122,71,76,78,79,33,5,459,13,6,4,4,0,9,0,37,980,1346,1193,1302,1135,335,45,6328,0,0,0,0,0,0,0,3,8,4,0,5,0,0,0,24,0,0,0,0,0,0,0,0,0,0,0,0,0,0,0,0,7,4,4,8,0,0,0,20,615,937,897,1085,857,160,6,4558,222,77,36,29,50,19,0,436,0,0,0,0,0,0,0,0,0,0,0,0,0,0,0,8,0,5,3,5,9,0,0,26,3,5,0,0,0,0,0,12,35,46,36,60,44,4,0,227,893,1079,987,1195,971,181,8,5307,0,0,0,0,0,0,0,0
297979799,0,0,0,0,0,0,0,0,0,0,6,4,5,0,0,14,0,0,6,4,5,0,0,14,0,0,0,0,0,0,0,0,0,0,0,0,0,0,0,0,0,0,0,0,0,0,0,0,0,0,0,0,0,0,0,0,0,0,0,0,0,0,0,3,4,4,8,13,11,0,0,30,0,0,0,0,0,0,0,4,7,19,37,62,43,12,0,181,0,0,0,0,0,0,0,0,0,0,0,0,0,0,0,0,0,0,0,0,0,0,0,0,0,0,0,0,0,0,0,0,0,0,0,0,0,0,0,0,0,0,0,0,0,0,0,0,0,0,0,0,0,0,0,0,0,0,0,0,0,0,0,0,0,0,0,0,0,0,0,0,0,0,0,0,0,0,0,0,0,0,0,0,4,0,0,3,0,0,0,0,0,0,0,4,0,0,0,3,3,0,0,13,0,0,0,0,0,0,0,0
299999499,28,18,5,7,5,0,0,70,209,278,187,134,101,36,6,952,326,413,255,201,137,53,15,1405,52,55,22,23,16,5,0,163,5,0,0,0,0,0,0,3,19,82,99,53,39,17,5,312,68,130,118,72,50,26,5,481,713,2312,2767,2046,1292,681,267,10078,1411,1559,1545,1806,1903,943,199,9377,81,92,95,103,63,43,25,504,14177,23814,20605,18606,14935,5196,941,98277,45,82,42,24,15,3,0,219,35,29,12,22,18,6,0,124,0,6,3,0,0,0,0,8,19,46,14,10,13,0,0,99,13,25,10,3,9,0,0,65,2085,3488,3379,4299,3584,837,73,17731,349,241,202,254,220,68,7,1329,7,5,22,17,21,4,0,75,7,4,3,0,0,0,0,20,23,32,20,17,9,3,0,109,23,49,57,42,53,14,3,234,69,51,38,47,66,33,7,312,2679,4067,3798,4721,3995,967,95,20328,26,31,17,7,8,0,0,91
